league,season,team,game,date,round,day,venue,result,GF,GA,opp,Standard_Gls,Standard_Sh,Standard_SoT,Standard_SoT%,Standard_G/Sh,Standard_G/SoT,Standard_Dist,Standard_FK,Standard_PK,Standard_PKatt,Expected_xG,Expected_npxG,Expected_npxG/Sh,Expected_G-xG,Expected_np:G-xG,time,match_report
FRA-Ligue 1,2021,Angers,2020-08-22 Dijon-Angers,2020-08-22,Matchweek 1,Sat,Away,W,1,0,Dijon,1,12,4,33.3,0.08,0.25,14.4,0.0,0,0,1.5,1.5,0.12,-0.5,-0.5,17:00:00,/en/matches/9cbccb37/Dijon-Angers-August-22-2020-Ligue-1
FRA-Ligue 1,2021,Angers,2020-08-30 Angers-Bordeaux,2020-08-30,Matchweek 2,Sun,Home,L,0,2,Bordeaux,0,12,2,16.7,0.0,0.0,18.5,0.0,0,0,0.8,0.8,0.07,-0.8,-0.8,15:00:00,/en/matches/db69f933/Angers-Bordeaux-August-30-2020-Ligue-1
FRA-Ligue 1,2021,Angers,2020-09-13 Angers-Reims,2020-09-13,Matchweek 3,Sun,Home,W,1,0,Reims,1,19,6,31.6,0.05,0.17,23.8,2.0,0,1,2.0,1.2,0.07,-1.0,-0.2,15:00:00,/en/matches/a1237c63/Angers-Reims-September-13-2020-Ligue-1
FRA-Ligue 1,2021,Angers,2020-09-20 Montpellier-Angers,2020-09-20,Matchweek 4,Sun,Away,L,1,4,Montpellier,1,14,3,21.4,0.07,0.33,19.8,0.0,0,0,1.1,1.1,0.08,-0.1,-0.1,15:00:00,/en/matches/14504cc6/Montpellier-Angers-September-20-2020-Ligue-1
FRA-Ligue 1,2021,Angers,2020-09-27 Angers-Brest,2020-09-27,Matchweek 5,Sun,Home,W,3,2,Brest,3,12,4,33.3,0.25,0.75,15.6,0.0,0,0,1.1,1.1,0.1,1.9,1.9,15:00:00,/en/matches/940f811f/Angers-Brest-September-27-2020-Ligue-1
FRA-Ligue 1,2021,Angers,2020-10-02 Paris S-G-Angers,2020-10-02,Matchweek 6,Fri,Away,L,1,6,Paris S-G,1,8,2,25.0,0.13,0.5,17.8,1.0,0,0,1.0,1.0,0.13,0.0,0.0,21:00:00,/en/matches/7feb9bf5/Paris-Saint-Germain-Angers-October-2-2020-Ligue-1
FRA-Ligue 1,2021,Angers,2020-10-18 Angers-Metz,2020-10-18,Matchweek 7,Sun,Home,D,1,1,Metz,1,6,1,16.7,0.0,0.0,21.4,1.0,1,1,1.1,0.3,0.05,-0.1,-0.3,15:00:00,/en/matches/36193c0a/Angers-Metz-October-18-2020-Ligue-1
FRA-Ligue 1,2021,Angers,2020-10-23 Rennes-Angers,2020-10-23,Matchweek 8,Fri,Away,W,2,1,Rennes,2,10,4,40.0,0.2,0.5,17.9,1.0,0,0,1.2,1.2,0.12,0.8,0.8,21:00:00,/en/matches/3450b7fc/Rennes-Angers-October-23-2020-Ligue-1
FRA-Ligue 1,2021,Angers,2020-11-01 Angers-Nice,2020-11-01,Matchweek 9,Sun,Home,L,0,3,Nice,0,11,5,45.5,0.0,0.0,22.4,1.0,0,0,0.4,0.4,0.04,-0.4,-0.4,15:00:00,/en/matches/3f3f4cf5/Angers-Nice-November-1-2020-Ligue-1
FRA-Ligue 1,2021,Angers,2020-11-08 Nîmes-Angers,2020-11-08,Matchweek 10,Sun,Away,W,5,1,Nîmes,5,17,7,41.2,0.24,0.57,17.3,1.0,1,1,2.8,2.0,0.12,2.2,2.0,15:00:00,/en/matches/d7b1fb5b/Nimes-Angers-November-8-2020-Ligue-1
FRA-Ligue 1,2021,Angers,2020-11-22 Angers-Lyon,2020-11-22,Matchweek 11,Sun,Home,L,0,1,Lyon,0,19,7,36.8,0.0,0.0,19.8,0.0,0,0,1.1,1.1,0.06,-1.1,-1.1,17:00:00,/en/matches/7015e72d/Angers-Lyon-November-22-2020-Ligue-1
FRA-Ligue 1,2021,Angers,2020-11-29 Lens-Angers,2020-11-29,Matchweek 12,Sun,Away,W,3,1,Lens,3,18,6,33.3,0.17,0.5,17.4,0.0,0,0,2.3,2.3,0.15,0.7,0.7,15:00:00,/en/matches/034e6d97/Lens-Angers-November-29-2020-Ligue-1
FRA-Ligue 1,2021,Angers,2020-12-06 Angers-Lorient,2020-12-06,Matchweek 13,Sun,Home,W,2,0,Lorient,2,10,3,30.0,0.2,0.67,18.8,0.0,0,0,2.0,2.0,0.2,0.0,0.0,15:00:00,/en/matches/2053773e/Angers-Lorient-December-6-2020-Ligue-1
FRA-Ligue 1,2021,Angers,2020-12-11 Saint-Étienne-Angers,2020-12-11,Matchweek 14,Fri,Away,D,0,0,Saint-Étienne,0,8,3,37.5,0.0,0.0,17.2,1.0,0,0,0.7,0.7,0.08,-0.7,-0.7,21:00:00,/en/matches/e83bb8e6/Saint-Etienne-Angers-December-11-2020-Ligue-1
FRA-Ligue 1,2021,Angers,2020-12-16 Angers-Strasbourg,2020-12-16,Matchweek 15,Wed,Home,L,0,2,Strasbourg,0,9,2,22.2,0.0,0.0,20.9,1.0,0,0,0.4,0.4,0.04,-0.4,-0.4,19:00:00,/en/matches/a5fee05a/Angers-Strasbourg-December-16-2020-Ligue-1
FRA-Ligue 1,2021,Angers,2020-12-20 Nantes-Angers,2020-12-20,Matchweek 16,Sun,Away,D,1,1,Nantes,1,12,6,50.0,0.08,0.17,17.5,1.0,0,0,1.1,1.1,0.09,-0.1,-0.1,15:00:00,/en/matches/da22205e/Nantes-Angers-December-20-2020-Ligue-1
FRA-Ligue 1,2021,Angers,2020-12-23 Angers-Marseille,2020-12-23,Matchweek 17,Wed,Home,W,2,1,Marseille,2,9,2,22.2,0.22,1.0,16.6,0.0,0,0,0.6,0.6,0.07,1.4,1.4,21:00:00,/en/matches/c145b8a8/Angers-Marseille-December-23-2020-Ligue-1
FRA-Ligue 1,2021,Angers,2021-01-06 Lille-Angers,2021-01-06,Matchweek 18,Wed,Away,W,2,1,Lille,2,7,3,42.9,0.29,0.67,20.0,0.0,0,0,0.6,0.6,0.08,1.4,1.4,21:00:00,/en/matches/3045cf73/Lille-Angers-January-6-2021-Ligue-1
FRA-Ligue 1,2021,Angers,2021-01-09 Monaco-Angers,2021-01-09,Matchweek 19,Sat,Away,L,0,3,Monaco,0,6,2,33.3,0.0,0.0,15.6,0.0,0,0,0.7,0.7,0.12,-0.7,-0.7,21:00:00,/en/matches/0b79b895/Monaco-Angers-January-9-2021-Ligue-1
FRA-Ligue 1,2021,Angers,2021-01-16 Angers-Paris S-G,2021-01-16,Matchweek 20,Sat,Home,L,0,1,Paris S-G,0,11,4,36.4,0.0,0.0,18.9,0.0,0,0,0.9,0.9,0.08,-0.9,-0.9,21:00:00,/en/matches/42a1a73e/Angers-Paris-Saint-Germain-January-16-2021-Ligue-1
FRA-Ligue 1,2021,Angers,2021-01-24 Bordeaux-Angers,2021-01-24,Matchweek 21,Sun,Away,L,1,2,Bordeaux,1,15,7,46.7,0.07,0.14,15.5,1.0,0,0,1.8,1.8,0.12,-0.8,-0.8,13:00:00,/en/matches/59557294/Bordeaux-Angers-January-24-2021-Ligue-1
FRA-Ligue 1,2021,Angers,2021-01-31 Angers-Nîmes,2021-01-31,Matchweek 22,Sun,Home,W,3,1,Nîmes,3,12,5,41.7,0.25,0.6,18.3,0.0,0,0,1.5,1.5,0.12,1.5,1.5,15:00:00,/en/matches/d0799ee9/Angers-Nimes-January-31-2021-Ligue-1
FRA-Ligue 1,2021,Angers,2021-02-03 Reims-Angers,2021-02-03,Matchweek 23,Wed,Away,D,0,0,Reims,0,6,2,33.3,0.0,0.0,23.6,1.0,0,0,0.3,0.3,0.05,-0.3,-0.3,19:00:00,/en/matches/00f3abdc/Reims-Angers-February-3-2021-Ligue-1
FRA-Ligue 1,2021,Angers,2021-02-07 Nice-Angers,2021-02-07,Matchweek 24,Sun,Away,L,0,3,Nice,0,10,3,30.0,0.0,0.0,19.9,1.0,0,0,0.9,0.9,0.09,-0.9,-0.9,15:00:00,/en/matches/690017a7/Nice-Angers-February-7-2021-Ligue-1
FRA-Ligue 1,2021,Angers,2021-02-14 Angers-Nantes,2021-02-14,Matchweek 25,Sun,Home,L,1,3,Nantes,1,7,2,28.6,0.0,0.0,13.9,0.0,1,1,1.5,0.8,0.11,-0.5,-0.8,15:00:00,/en/matches/381b127f/Angers-Nantes-February-14-2021-Ligue-1
FRA-Ligue 1,2021,Angers,2021-02-21 Strasbourg-Angers,2021-02-21,Matchweek 26,Sun,Away,D,0,0,Strasbourg,0,8,3,37.5,0.0,0.0,21.3,0.0,0,0,0.3,0.3,0.04,-0.3,-0.3,15:00:00,/en/matches/77b2ad0a/Strasbourg-Angers-February-21-2021-Ligue-1
FRA-Ligue 1,2021,Angers,2021-02-28 Angers-Lens,2021-02-28,Matchweek 27,Sun,Home,D,2,2,Lens,2,5,2,40.0,0.2,0.5,18.9,0.0,1,1,1.6,0.8,0.17,0.4,0.2,15:00:00,/en/matches/f1956473/Angers-Lens-February-28-2021-Ligue-1
FRA-Ligue 1,2021,Angers,2021-03-03 Metz-Angers,2021-03-03,Matchweek 28,Wed,Away,W,1,0,Metz,1,7,3,42.9,0.0,0.0,21.3,0.0,1,1,1.1,0.3,0.05,-0.1,-0.3,19:00:00,/en/matches/667969fb/Metz-Angers-March-3-2021-Ligue-1
FRA-Ligue 1,2021,Angers,2021-03-13 Angers-Saint-Étienne,2021-03-13,Matchweek 29,Sat,Home,L,0,1,Saint-Étienne,0,4,1,25.0,0.0,0.0,18.5,0.0,0,0,0.2,0.2,0.05,-0.2,-0.2,13:00:00,/en/matches/b8bde00b/Angers-Saint-Etienne-March-13-2021-Ligue-1
FRA-Ligue 1,2021,Angers,2021-03-21 Brest-Angers,2021-03-21,Matchweek 30,Sun,Away,D,0,0,Brest,0,15,5,33.3,0.0,0.0,22.8,1.0,0,0,0.8,0.8,0.06,-0.8,-0.8,15:00:00,/en/matches/b060d34a/Brest-Angers-March-21-2021-Ligue-1
FRA-Ligue 1,2021,Angers,2021-04-04 Angers-Montpellier,2021-04-04,Matchweek 31,Sun,Home,D,1,1,Montpellier,1,14,4,28.6,0.07,0.25,19.2,1.0,0,0,1.1,1.1,0.08,-0.1,-0.1,13:00:00,/en/matches/7a371bb9/Angers-Montpellier-April-4-2021-Ligue-1
FRA-Ligue 1,2021,Angers,2021-04-11 Lyon-Angers,2021-04-11,Matchweek 32,Sun,Away,L,0,3,Lyon,0,11,3,27.3,0.0,0.0,13.0,0.0,0,0,1.2,1.2,0.11,-1.2,-1.2,21:00:00,/en/matches/4d4dc0b9/Lyon-Angers-April-11-2021-Ligue-1
FRA-Ligue 1,2021,Angers,2021-04-17 Angers-Rennes,2021-04-17,Matchweek 33,Sat,Home,L,0,3,Rennes,0,10,3,30.0,0.0,0.0,21.4,0.0,0,0,0.6,0.6,0.06,-0.6,-0.6,12:45:00,/en/matches/f3267962/Angers-Rennes-April-17-2021-Ligue-1
FRA-Ligue 1,2021,Angers,2021-04-25 Angers-Monaco,2021-04-25,Matchweek 34,Sun,Home,L,0,1,Monaco,0,4,0,0.0,0.0,,29.5,0.0,0,0,0.1,0.1,0.03,-0.1,-0.1,17:05:00,/en/matches/d287f476/Angers-Monaco-April-25-2021-Ligue-1
FRA-Ligue 1,2021,Angers,2021-05-02 Lorient-Angers,2021-05-02,Matchweek 35,Sun,Away,L,0,2,Lorient,0,9,2,22.2,0.0,0.0,23.1,0.0,0,0,0.8,0.8,0.09,-0.8,-0.8,15:00:00,/en/matches/4960b9d0/Lorient-Angers-May-2-2021-Ligue-1
FRA-Ligue 1,2021,Angers,2021-05-09 Angers-Dijon,2021-05-09,Matchweek 36,Sun,Home,W,3,0,Dijon,3,12,5,41.7,0.25,0.6,16.2,1.0,0,0,1.9,1.9,0.17,1.1,1.1,15:00:00,/en/matches/69721055/Angers-Dijon-May-9-2021-Ligue-1
FRA-Ligue 1,2021,Angers,2021-05-16 Marseille-Angers,2021-05-16,Matchweek 37,Sun,Away,L,2,3,Marseille,2,11,5,45.5,0.18,0.4,18.8,1.0,0,0,1.7,1.7,0.16,0.3,0.3,21:00:00,/en/matches/da6ea060/Marseille-Angers-May-16-2021-Ligue-1
FRA-Ligue 1,2021,Angers,2021-05-23 Angers-Lille,2021-05-23,Matchweek 38,Sun,Home,L,1,2,Lille,1,11,4,36.4,0.09,0.25,19.2,1.0,0,0,0.6,0.6,0.06,0.4,0.4,21:00:00,/en/matches/4aa8aaab/Angers-Lille-May-23-2021-Ligue-1
FRA-Ligue 1,2021,Bordeaux,2020-08-21 Bordeaux-Nantes,2020-08-21,Matchweek 1,Fri,Home,D,0,0,Nantes,0,5,1,20.0,0.0,0.0,29.2,0.0,0,0,0.5,0.5,0.11,-0.5,-0.5,19:00:00,/en/matches/c0996cac/Bordeaux-Nantes-August-21-2020-Ligue-1
FRA-Ligue 1,2021,Bordeaux,2020-08-30 Angers-Bordeaux,2020-08-30,Matchweek 2,Sun,Away,W,2,0,Angers,2,7,7,100.0,0.29,0.29,11.9,0.0,0,0,2.0,2.0,0.28,0.0,0.0,15:00:00,/en/matches/db69f933/Angers-Bordeaux-August-30-2020-Ligue-1
FRA-Ligue 1,2021,Bordeaux,2020-09-11 Bordeaux-Lyon,2020-09-11,Matchweek 3,Fri,Home,D,0,0,Lyon,0,5,0,0.0,0.0,,24.2,1.0,0,0,0.3,0.3,0.05,-0.3,-0.3,21:00:00,/en/matches/c39f66b9/Bordeaux-Lyon-September-11-2020-Ligue-1
FRA-Ligue 1,2021,Bordeaux,2020-09-19 Lens-Bordeaux,2020-09-19,Matchweek 4,Sat,Away,L,1,2,Lens,1,7,3,42.9,0.14,0.33,18.1,1.0,0,0,0.4,0.4,0.06,0.6,0.6,17:00:00,/en/matches/87a237ad/Lens-Bordeaux-September-19-2020-Ligue-1
FRA-Ligue 1,2021,Bordeaux,2020-09-27 Bordeaux-Nice,2020-09-27,Matchweek 5,Sun,Home,D,0,0,Nice,0,18,5,27.8,0.0,0.0,16.6,0.0,0,0,1.2,1.2,0.06,-1.2,-1.2,13:00:00,/en/matches/37c68582/Bordeaux-Nice-September-27-2020-Ligue-1
FRA-Ligue 1,2021,Bordeaux,2020-10-04 Bordeaux-Dijon,2020-10-04,Matchweek 6,Sun,Home,W,3,0,Dijon,3,17,7,41.2,0.18,0.43,17.6,2.0,0,0,1.6,1.6,0.1,1.4,1.4,15:00:00,/en/matches/01b4fa54/Bordeaux-Dijon-October-4-2020-Ligue-1
FRA-Ligue 1,2021,Bordeaux,2020-10-17 Marseille-Bordeaux,2020-10-17,Matchweek 7,Sat,Away,L,1,3,Marseille,1,8,4,50.0,0.13,0.25,15.4,1.0,0,0,0.8,0.8,0.11,0.2,0.2,21:00:00,/en/matches/e28d90ff/Marseille-Bordeaux-October-17-2020-Ligue-1
FRA-Ligue 1,2021,Bordeaux,2020-10-25 Bordeaux-Nîmes,2020-10-25,Matchweek 8,Sun,Home,W,2,0,Nîmes,2,19,5,26.3,0.05,0.2,17.6,1.0,1,1,2.1,1.3,0.07,-0.1,-0.3,15:00:00,/en/matches/72fedf37/Bordeaux-Nimes-October-25-2020-Ligue-1
FRA-Ligue 1,2021,Bordeaux,2020-11-01 Monaco-Bordeaux,2020-11-01,Matchweek 9,Sun,Away,L,0,4,Monaco,0,5,0,0.0,0.0,,17.1,0.0,0,0,0.3,0.3,0.06,-0.3,-0.3,17:00:00,/en/matches/371ae7de/Monaco-Bordeaux-November-1-2020-Ligue-1
FRA-Ligue 1,2021,Bordeaux,2020-11-07 Bordeaux-Montpellier,2020-11-07,Matchweek 10,Sat,Home,L,0,2,Montpellier,0,9,1,11.1,0.0,0.0,19.9,2.0,0,0,0.6,0.6,0.06,-0.6,-0.6,17:00:00,/en/matches/0a398d60/Bordeaux-Montpellier-November-7-2020-Ligue-1
FRA-Ligue 1,2021,Bordeaux,2020-11-20 Rennes-Bordeaux,2020-11-20,Matchweek 11,Fri,Away,W,1,0,Rennes,1,6,3,50.0,0.17,0.33,15.8,0.0,0,0,0.7,0.7,0.11,0.3,0.3,19:00:00,/en/matches/c7f16be3/Rennes-Bordeaux-November-20-2020-Ligue-1
FRA-Ligue 1,2021,Bordeaux,2020-11-28 Paris S-G-Bordeaux,2020-11-28,Matchweek 12,Sat,Away,D,2,2,Paris S-G,1,18,4,22.2,0.06,0.25,19.8,0.0,0,0,1.3,1.3,0.07,-0.3,-0.3,21:00:00,/en/matches/35fddbd7/Paris-Saint-Germain-Bordeaux-November-28-2020-Ligue-1
FRA-Ligue 1,2021,Bordeaux,2020-12-06 Bordeaux-Brest,2020-12-06,Matchweek 13,Sun,Home,W,1,0,Brest,1,21,6,28.6,0.05,0.17,16.2,0.0,0,0,2.1,2.1,0.11,-1.1,-1.1,15:00:00,/en/matches/5d40786d/Bordeaux-Brest-December-6-2020-Ligue-1
FRA-Ligue 1,2021,Bordeaux,2020-12-13 Lille-Bordeaux,2020-12-13,Matchweek 14,Sun,Away,L,1,2,Lille,1,4,3,75.0,0.25,0.33,16.9,1.0,0,0,0.7,0.7,0.18,0.3,0.3,17:00:00,/en/matches/94846b32/Lille-Bordeaux-December-13-2020-Ligue-1
FRA-Ligue 1,2021,Bordeaux,2020-12-16 Bordeaux-Saint-Étienne,2020-12-16,Matchweek 15,Wed,Home,L,1,2,Saint-Étienne,1,11,3,27.3,0.09,0.33,17.4,0.0,0,0,0.7,0.7,0.06,0.3,0.3,21:00:00,/en/matches/80a19aca/Bordeaux-Saint-Etienne-December-16-2020-Ligue-1
FRA-Ligue 1,2021,Bordeaux,2020-12-20 Strasbourg-Bordeaux,2020-12-20,Matchweek 16,Sun,Away,W,2,0,Strasbourg,2,11,6,54.5,0.18,0.33,16.1,0.0,0,0,1.0,1.0,0.09,1.0,1.0,15:00:00,/en/matches/2eab1f5a/Strasbourg-Bordeaux-December-20-2020-Ligue-1
FRA-Ligue 1,2021,Bordeaux,2020-12-23 Bordeaux-Reims,2020-12-23,Matchweek 17,Wed,Home,L,1,3,Reims,1,9,3,33.3,0.11,0.33,17.7,1.0,0,0,1.1,1.1,0.12,-0.1,-0.1,19:00:00,/en/matches/92d5d552/Bordeaux-Reims-December-23-2020-Ligue-1
FRA-Ligue 1,2021,Bordeaux,2021-01-06 Metz-Bordeaux,2021-01-06,Matchweek 18,Wed,Away,D,0,0,Metz,0,12,3,25.0,0.0,0.0,18.3,1.0,0,0,1.2,1.2,0.12,-1.2,-1.2,19:00:00,/en/matches/91ee6562/Metz-Bordeaux-January-6-2021-Ligue-1
FRA-Ligue 1,2021,Bordeaux,2021-01-09 Bordeaux-Lorient,2021-01-09,Matchweek 19,Sat,Home,W,2,1,Lorient,2,16,6,37.5,0.13,0.33,15.7,0.0,0,0,1.3,1.3,0.09,0.7,0.7,21:00:00,/en/matches/7adc2a05/Bordeaux-Lorient-January-9-2021-Ligue-1
FRA-Ligue 1,2021,Bordeaux,2021-01-17 Nice-Bordeaux,2021-01-17,Matchweek 20,Sun,Away,W,3,0,Nice,3,17,9,52.9,0.18,0.33,15.6,0.0,0,0,2.5,2.5,0.15,0.5,0.5,15:00:00,/en/matches/b5d02e7e/Nice-Bordeaux-January-17-2021-Ligue-1
FRA-Ligue 1,2021,Bordeaux,2021-01-24 Bordeaux-Angers,2021-01-24,Matchweek 21,Sun,Home,W,2,1,Angers,2,7,3,42.9,0.29,0.67,15.7,0.0,0,0,1.3,1.3,0.19,0.7,0.7,13:00:00,/en/matches/59557294/Bordeaux-Angers-January-24-2021-Ligue-1
FRA-Ligue 1,2021,Bordeaux,2021-01-29 Lyon-Bordeaux,2021-01-29,Matchweek 22,Fri,Away,L,1,2,Lyon,1,12,2,16.7,0.08,0.5,20.0,0.0,0,0,1.0,1.0,0.08,0.0,0.0,21:00:00,/en/matches/308c218f/Lyon-Bordeaux-January-29-2021-Ligue-1
FRA-Ligue 1,2021,Bordeaux,2021-02-03 Bordeaux-Lille,2021-02-03,Matchweek 23,Wed,Home,L,0,3,Lille,0,10,4,40.0,0.0,0.0,16.4,0.0,0,0,1.1,1.1,0.12,-1.1,-1.1,19:00:00,/en/matches/cbaa8ed9/Bordeaux-Lille-February-3-2021-Ligue-1
FRA-Ligue 1,2021,Bordeaux,2021-02-07 Brest-Bordeaux,2021-02-07,Matchweek 24,Sun,Away,L,1,2,Brest,1,8,4,50.0,0.13,0.25,19.9,0.0,0,0,0.8,0.8,0.1,0.2,0.2,13:00:00,/en/matches/5e006b28/Brest-Bordeaux-February-7-2021-Ligue-1
FRA-Ligue 1,2021,Bordeaux,2021-02-14 Bordeaux-Marseille,2021-02-14,Matchweek 25,Sun,Home,D,0,0,Marseille,0,19,1,5.3,0.0,0.0,16.6,1.0,0,0,1.4,1.4,0.07,-1.4,-1.4,21:00:00,/en/matches/8f90873e/Bordeaux-Marseille-February-14-2021-Ligue-1
FRA-Ligue 1,2021,Bordeaux,2021-02-21 Nîmes-Bordeaux,2021-02-21,Matchweek 26,Sun,Away,L,0,2,Nîmes,0,11,4,36.4,0.0,0.0,19.7,2.0,0,0,0.8,0.8,0.08,-0.8,-0.8,15:00:00,/en/matches/e9fbe45a/Nimes-Bordeaux-February-21-2021-Ligue-1
FRA-Ligue 1,2021,Bordeaux,2021-02-27 Bordeaux-Metz,2021-02-27,Matchweek 27,Sat,Home,L,1,2,Metz,1,8,1,12.5,0.13,1.0,16.4,0.0,0,0,0.9,0.9,0.11,0.1,0.1,13:00:00,/en/matches/e0f22e82/Bordeaux-Metz-February-27-2021-Ligue-1
FRA-Ligue 1,2021,Bordeaux,2021-03-03 Bordeaux-Paris S-G,2021-03-03,Matchweek 28,Wed,Home,L,0,1,Paris S-G,0,11,2,18.2,0.0,0.0,16.6,0.0,0,0,0.6,0.6,0.06,-0.6,-0.6,21:00:00,/en/matches/562fc539/Bordeaux-Paris-Saint-Germain-March-3-2021-Ligue-1
FRA-Ligue 1,2021,Bordeaux,2021-03-14 Dijon-Bordeaux,2021-03-14,Matchweek 29,Sun,Away,W,3,1,Dijon,3,10,6,60.0,0.3,0.5,13.3,0.0,0,0,1.2,1.2,0.12,1.8,1.8,15:00:00,/en/matches/867d40f4/Dijon-Bordeaux-March-14-2021-Ligue-1
FRA-Ligue 1,2021,Bordeaux,2021-03-21 Montpellier-Bordeaux,2021-03-21,Matchweek 30,Sun,Away,L,1,3,Montpellier,1,13,3,23.1,0.08,0.33,19.7,0.0,0,0,1.5,1.5,0.12,-0.5,-0.5,15:00:00,/en/matches/88e1ab36/Montpellier-Bordeaux-March-21-2021-Ligue-1
FRA-Ligue 1,2021,Bordeaux,2021-04-04 Bordeaux-Strasbourg,2021-04-04,Matchweek 31,Sun,Home,L,2,3,Strasbourg,2,13,5,38.5,0.08,0.2,18.3,1.0,1,1,1.7,0.9,0.07,0.3,0.1,15:00:00,/en/matches/f919ead6/Bordeaux-Strasbourg-April-4-2021-Ligue-1
FRA-Ligue 1,2021,Bordeaux,2021-04-11 Saint-Étienne-Bordeaux,2021-04-11,Matchweek 32,Sun,Away,L,1,4,Saint-Étienne,1,9,1,11.1,0.0,0.0,16.1,1.0,1,1,2.0,1.2,0.13,-1.0,-1.2,15:00:00,/en/matches/12b0e5d1/Saint-Etienne-Bordeaux-April-11-2021-Ligue-1
FRA-Ligue 1,2021,Bordeaux,2021-04-18 Bordeaux-Monaco,2021-04-18,Matchweek 33,Sun,Home,L,0,3,Monaco,0,7,2,28.6,0.0,0.0,16.1,0.0,0,0,0.8,0.8,0.12,-0.8,-0.8,17:05:00,/en/matches/1b271f46/Bordeaux-Monaco-April-18-2021-Ligue-1
FRA-Ligue 1,2021,Bordeaux,2021-04-25 Lorient-Bordeaux,2021-04-25,Matchweek 34,Sun,Away,L,1,4,Lorient,1,13,7,53.8,0.08,0.14,19.7,2.0,0,0,0.9,0.9,0.07,0.1,0.1,15:00:00,/en/matches/e20ecbc9/Lorient-Bordeaux-April-25-2021-Ligue-1
FRA-Ligue 1,2021,Bordeaux,2021-05-02 Bordeaux-Rennes,2021-05-02,Matchweek 35,Sun,Home,W,1,0,Rennes,1,9,3,33.3,0.11,0.33,16.9,1.0,0,0,0.8,0.8,0.09,0.2,0.2,13:00:00,/en/matches/fbdd3548/Bordeaux-Rennes-May-2-2021-Ligue-1
FRA-Ligue 1,2021,Bordeaux,2021-05-08 Nantes-Bordeaux,2021-05-08,Matchweek 36,Sat,Away,L,0,3,Nantes,0,10,2,20.0,0.0,0.0,14.2,0.0,0,0,0.8,0.8,0.08,-0.8,-0.8,13:00:00,/en/matches/a81bdb2c/Nantes-Bordeaux-May-8-2021-Ligue-1
FRA-Ligue 1,2021,Bordeaux,2021-05-16 Bordeaux-Lens,2021-05-16,Matchweek 37,Sun,Home,W,3,0,Lens,3,10,3,30.0,0.2,0.67,17.0,0.0,1,1,2.5,1.7,0.17,0.5,0.3,21:00:00,/en/matches/a4d53306/Bordeaux-Lens-May-16-2021-Ligue-1
FRA-Ligue 1,2021,Bordeaux,2021-05-23 Reims-Bordeaux,2021-05-23,Matchweek 38,Sun,Away,W,2,1,Reims,2,12,5,41.7,0.17,0.4,19.7,1.0,0,0,1.1,1.1,0.1,0.9,0.9,21:00:00,/en/matches/0dc82fba/Reims-Bordeaux-May-23-2021-Ligue-1
FRA-Ligue 1,2021,Brest,2020-08-23 Nîmes-Brest,2020-08-23,Matchweek 1,Sun,Away,L,0,4,Nîmes,0,10,3,30.0,0.0,0.0,15.4,1.0,0,0,0.8,0.8,0.08,-0.8,-0.8,15:00:00,/en/matches/da8136ae/Nimes-Brest-August-23-2020-Ligue-1
FRA-Ligue 1,2021,Brest,2020-08-30 Brest-Marseille,2020-08-30,Matchweek 2,Sun,Home,L,2,3,Marseille,2,19,4,21.1,0.11,0.5,13.3,0.0,0,0,2.6,2.6,0.14,-0.6,-0.6,21:00:00,/en/matches/f5d3ffde/Brest-Marseille-August-30-2020-Ligue-1
FRA-Ligue 1,2021,Brest,2020-09-13 Dijon-Brest,2020-09-13,Matchweek 3,Sun,Away,W,2,0,Dijon,2,19,5,26.3,0.11,0.4,18.5,2.0,0,0,1.9,1.9,0.1,0.1,0.1,15:00:00,/en/matches/d10137c1/Dijon-Brest-September-13-2020-Ligue-1
FRA-Ligue 1,2021,Brest,2020-09-20 Brest-Lorient,2020-09-20,Matchweek 4,Sun,Home,W,3,2,Lorient,3,14,6,42.9,0.21,0.5,18.3,0.0,0,0,1.1,1.1,0.08,1.9,1.9,15:00:00,/en/matches/addca7be/Brest-Lorient-September-20-2020-Ligue-1
FRA-Ligue 1,2021,Brest,2020-09-27 Angers-Brest,2020-09-27,Matchweek 5,Sun,Away,L,2,3,Angers,2,13,5,38.5,0.08,0.2,14.4,0.0,1,1,3.0,2.2,0.17,-1.0,-1.2,15:00:00,/en/matches/940f811f/Angers-Brest-September-27-2020-Ligue-1
FRA-Ligue 1,2021,Brest,2020-10-04 Brest-Monaco,2020-10-04,Matchweek 6,Sun,Home,W,1,0,Monaco,1,7,5,71.4,0.14,0.2,13.3,0.0,0,0,0.6,0.6,0.08,0.4,0.4,15:00:00,/en/matches/020a699d/Brest-Monaco-October-4-2020-Ligue-1
FRA-Ligue 1,2021,Brest,2020-10-18 Nantes-Brest,2020-10-18,Matchweek 7,Sun,Away,L,1,3,Nantes,1,14,5,35.7,0.07,0.2,18.7,2.0,0,0,1.1,1.1,0.08,-0.1,-0.1,15:00:00,/en/matches/5c2b565a/Nantes-Brest-October-18-2020-Ligue-1
FRA-Ligue 1,2021,Brest,2020-10-25 Brest-Strasbourg,2020-10-25,Matchweek 8,Sun,Home,L,0,3,Strasbourg,0,14,4,28.6,0.0,0.0,17.5,1.0,0,0,0.9,0.9,0.06,-0.9,-0.9,15:00:00,/en/matches/525316b3/Brest-Strasbourg-October-25-2020-Ligue-1
FRA-Ligue 1,2021,Brest,2020-10-31 Rennes-Brest,2020-10-31,Matchweek 9,Sat,Away,L,1,2,Rennes,1,9,4,44.4,0.11,0.25,17.2,0.0,0,0,1.1,1.1,0.12,-0.1,-0.1,17:00:00,/en/matches/484e968c/Rennes-Brest-October-31-2020-Ligue-1
FRA-Ligue 1,2021,Brest,2020-11-08 Brest-Lille,2020-11-08,Matchweek 10,Sun,Home,W,3,2,Lille,3,12,8,66.7,0.25,0.38,12.3,0.0,0,0,1.3,1.3,0.11,1.7,1.7,13:00:00,/en/matches/bb44bdba/Brest-Lille-November-8-2020-Ligue-1
FRA-Ligue 1,2021,Brest,2020-11-21 Brest-Saint-Étienne,2020-11-21,Matchweek 11,Sat,Home,W,4,1,Saint-Étienne,4,10,5,50.0,0.4,0.8,17.2,0.0,0,0,0.8,0.8,0.08,3.2,3.2,17:00:00,/en/matches/43850694/Brest-Saint-Etienne-November-21-2020-Ligue-1
FRA-Ligue 1,2021,Brest,2020-11-29 Metz-Brest,2020-11-29,Matchweek 12,Sun,Away,W,2,0,Metz,2,11,4,36.4,0.18,0.5,16.3,0.0,0,0,1.5,1.5,0.14,0.5,0.5,15:00:00,/en/matches/57eeea74/Metz-Brest-November-29-2020-Ligue-1
FRA-Ligue 1,2021,Brest,2020-12-06 Bordeaux-Brest,2020-12-06,Matchweek 13,Sun,Away,L,0,1,Bordeaux,0,8,3,37.5,0.0,0.0,25.6,0.0,0,0,0.3,0.3,0.03,-0.3,-0.3,15:00:00,/en/matches/5d40786d/Bordeaux-Brest-December-6-2020-Ligue-1
FRA-Ligue 1,2021,Brest,2020-12-13 Brest-Reims,2020-12-13,Matchweek 14,Sun,Home,W,2,1,Reims,2,9,5,55.6,0.22,0.4,14.0,0.0,0,1,3.0,2.2,0.29,-1.0,-0.2,15:00:00,/en/matches/8757c51f/Brest-Reims-December-13-2020-Ligue-1
FRA-Ligue 1,2021,Brest,2020-12-16 Lyon-Brest,2020-12-16,Matchweek 15,Wed,Away,D,2,2,Lyon,1,7,1,14.3,0.0,0.0,23.5,0.0,1,1,1.7,0.9,0.13,-0.7,-0.9,21:00:00,/en/matches/b1b2b42a/Lyon-Brest-December-16-2020-Ligue-1
FRA-Ligue 1,2021,Brest,2020-12-20 Brest-Montpellier,2020-12-20,Matchweek 16,Sun,Home,D,2,2,Montpellier,2,17,7,41.2,0.12,0.29,18.4,1.0,0,0,1.6,1.6,0.1,0.4,0.4,13:00:00,/en/matches/354064d8/Brest-Montpellier-December-20-2020-Ligue-1
FRA-Ligue 1,2021,Brest,2020-12-23 Lens-Brest,2020-12-23,Matchweek 17,Wed,Away,L,1,2,Lens,1,9,2,22.2,0.0,0.0,18.8,1.0,1,1,1.3,0.5,0.05,-0.3,-0.5,19:00:00,/en/matches/377dba57/Lens-Brest-December-23-2020-Ligue-1
FRA-Ligue 1,2021,Brest,2021-01-06 Brest-Nice,2021-01-06,Matchweek 18,Wed,Home,W,2,0,Nice,2,10,6,60.0,0.2,0.33,18.3,0.0,0,0,1.2,1.2,0.12,0.8,0.8,19:00:00,/en/matches/87a4ca5c/Brest-Nice-January-6-2021-Ligue-1
FRA-Ligue 1,2021,Brest,2021-01-09 Paris S-G-Brest,2021-01-09,Matchweek 19,Sat,Away,L,0,3,Paris S-G,0,12,2,16.7,0.0,0.0,18.5,1.0,0,0,0.7,0.7,0.05,-0.7,-0.7,21:00:00,/en/matches/5123800a/Paris-Saint-Germain-Brest-January-9-2021-Ligue-1
FRA-Ligue 1,2021,Brest,2021-01-17 Brest-Rennes,2021-01-17,Matchweek 20,Sun,Home,L,1,2,Rennes,1,14,4,28.6,0.07,0.25,10.9,0.0,0,0,2.2,2.2,0.17,-1.2,-1.2,13:00:00,/en/matches/e3319eb7/Brest-Rennes-January-17-2021-Ligue-1
FRA-Ligue 1,2021,Brest,2021-01-24 Reims-Brest,2021-01-24,Matchweek 21,Sun,Away,L,0,1,Reims,0,15,0,0.0,0.0,,20.9,4.0,0,0,1.3,1.3,0.09,-1.3,-1.3,15:00:00,/en/matches/54bc4f15/Reims-Brest-January-24-2021-Ligue-1
FRA-Ligue 1,2021,Brest,2021-01-31 Brest-Metz,2021-01-31,Matchweek 22,Sun,Home,L,2,4,Metz,2,10,5,50.0,0.2,0.4,15.4,0.0,0,0,1.3,1.3,0.13,0.7,0.7,15:00:00,/en/matches/dedabe17/Brest-Metz-January-31-2021-Ligue-1
FRA-Ligue 1,2021,Brest,2021-02-03 Strasbourg-Brest,2021-02-03,Matchweek 23,Wed,Away,D,2,2,Strasbourg,2,3,2,66.7,0.67,1.0,12.6,0.0,0,0,0.9,0.9,0.31,1.1,1.1,19:00:00,/en/matches/ce4a0c8e/Strasbourg-Brest-February-3-2021-Ligue-1
FRA-Ligue 1,2021,Brest,2021-02-07 Brest-Bordeaux,2021-02-07,Matchweek 24,Sun,Home,W,2,1,Bordeaux,2,25,6,24.0,0.08,0.33,18.6,1.0,0,0,1.9,1.9,0.08,0.1,0.1,13:00:00,/en/matches/5e006b28/Brest-Bordeaux-February-7-2021-Ligue-1
FRA-Ligue 1,2021,Brest,2021-02-14 Lille-Brest,2021-02-14,Matchweek 25,Sun,Away,D,0,0,Lille,0,3,1,33.3,0.0,0.0,24.0,0.0,0,0,0.1,0.1,0.04,-0.1,-0.1,17:00:00,/en/matches/6be3223a/Lille-Brest-February-14-2021-Ligue-1
FRA-Ligue 1,2021,Brest,2021-02-19 Brest-Lyon,2021-02-19,Matchweek 26,Fri,Home,L,2,3,Lyon,2,19,7,36.8,0.11,0.29,17.0,1.0,0,0,1.5,1.5,0.08,0.5,0.5,21:00:00,/en/matches/c5b56eba/Brest-Lyon-February-19-2021-Ligue-1
FRA-Ligue 1,2021,Brest,2021-02-28 Monaco-Brest,2021-02-28,Matchweek 27,Sun,Away,L,0,2,Monaco,0,7,1,14.3,0.0,0.0,19.8,2.0,0,0,0.6,0.6,0.09,-0.6,-0.6,13:00:00,/en/matches/b66eb412/Monaco-Brest-February-28-2021-Ligue-1
FRA-Ligue 1,2021,Brest,2021-03-03 Brest-Dijon,2021-03-03,Matchweek 28,Wed,Home,W,3,1,Dijon,3,10,3,30.0,0.3,1.0,14.4,2.0,0,0,1.5,1.5,0.15,1.5,1.5,19:00:00,/en/matches/a5a70664/Brest-Dijon-March-3-2021-Ligue-1
FRA-Ligue 1,2021,Brest,2021-03-13 Marseille-Brest,2021-03-13,Matchweek 29,Sat,Away,L,1,3,Marseille,1,6,1,16.7,0.17,1.0,20.5,0.0,0,0,0.4,0.4,0.07,0.6,0.6,17:00:00,/en/matches/92b7f46b/Marseille-Brest-March-13-2021-Ligue-1
FRA-Ligue 1,2021,Brest,2021-03-21 Brest-Angers,2021-03-21,Matchweek 30,Sun,Home,D,0,0,Angers,0,11,2,18.2,0.0,0.0,21.6,1.0,0,0,0.6,0.6,0.06,-0.6,-0.6,15:00:00,/en/matches/b060d34a/Brest-Angers-March-21-2021-Ligue-1
FRA-Ligue 1,2021,Brest,2021-04-04 Lorient-Brest,2021-04-04,Matchweek 31,Sun,Away,L,0,1,Lorient,0,5,1,20.0,0.0,0.0,18.5,0.0,0,0,0.7,0.7,0.13,-0.7,-0.7,15:00:00,/en/matches/c3e07f26/Lorient-Brest-April-4-2021-Ligue-1
FRA-Ligue 1,2021,Brest,2021-04-11 Brest-Nîmes,2021-04-11,Matchweek 32,Sun,Home,D,1,1,Nîmes,1,22,4,18.2,0.05,0.25,16.1,0.0,0,0,2.8,2.8,0.13,-1.8,-1.8,15:00:00,/en/matches/f07ab6e3/Brest-Nimes-April-11-2021-Ligue-1
FRA-Ligue 1,2021,Brest,2021-04-18 Brest-Lens,2021-04-18,Matchweek 33,Sun,Home,D,1,1,Lens,0,7,5,71.4,0.0,0.0,18.6,1.0,0,0,0.4,0.4,0.05,-0.4,-0.4,15:00:00,/en/matches/0e79fe5c/Brest-Lens-April-18-2021-Ligue-1
FRA-Ligue 1,2021,Brest,2021-04-24 Saint-Étienne-Brest,2021-04-24,Matchweek 34,Sat,Away,W,2,1,Saint-Étienne,2,12,7,58.3,0.17,0.29,17.6,2.0,0,0,1.9,1.9,0.16,0.1,0.1,13:00:00,/en/matches/17488489/Saint-Etienne-Brest-April-24-2021-Ligue-1
FRA-Ligue 1,2021,Brest,2021-05-02 Brest-Nantes,2021-05-02,Matchweek 35,Sun,Home,L,1,4,Nantes,1,16,7,43.8,0.06,0.14,19.5,2.0,0,0,1.9,1.9,0.13,-0.9,-0.9,15:00:00,/en/matches/8f7e3219/Brest-Nantes-May-2-2021-Ligue-1
FRA-Ligue 1,2021,Brest,2021-05-09 Nice-Brest,2021-05-09,Matchweek 36,Sun,Away,L,2,3,Nice,2,9,2,22.2,0.22,1.0,19.7,0.0,0,0,0.9,0.9,0.1,1.1,1.1,15:00:00,/en/matches/4938a1bf/Nice-Brest-May-9-2021-Ligue-1
FRA-Ligue 1,2021,Brest,2021-05-16 Montpellier-Brest,2021-05-16,Matchweek 37,Sun,Away,D,0,0,Montpellier,0,21,8,38.1,0.0,0.0,15.1,1.0,0,0,1.5,1.5,0.07,-1.5,-1.5,21:00:00,/en/matches/07c26200/Montpellier-Brest-May-16-2021-Ligue-1
FRA-Ligue 1,2021,Brest,2021-05-23 Brest-Paris S-G,2021-05-23,Matchweek 38,Sun,Home,L,0,2,Paris S-G,0,6,5,83.3,0.0,0.0,12.9,0.0,0,0,1.4,1.4,0.23,-1.4,-1.4,21:00:00,/en/matches/e0259056/Brest-Paris-Saint-Germain-May-23-2021-Ligue-1
FRA-Ligue 1,2021,Dijon,2020-08-22 Dijon-Angers,2020-08-22,Matchweek 1,Sat,Home,L,0,1,Angers,0,9,1,11.1,0.0,0.0,18.4,0.0,0,0,0.9,0.9,0.11,-0.9,-0.9,17:00:00,/en/matches/9cbccb37/Dijon-Angers-August-22-2020-Ligue-1
FRA-Ligue 1,2021,Dijon,2020-08-28 Lyon-Dijon,2020-08-28,Matchweek 2,Fri,Away,L,1,4,Lyon,1,6,2,33.3,0.17,0.5,22.8,0.0,0,0,0.2,0.2,0.04,0.8,0.8,21:00:00,/en/matches/7512406f/Lyon-Dijon-August-28-2020-Ligue-1
FRA-Ligue 1,2021,Dijon,2020-09-13 Dijon-Brest,2020-09-13,Matchweek 3,Sun,Home,L,0,2,Brest,0,7,3,42.9,0.0,0.0,21.0,0.0,0,0,0.3,0.3,0.05,-0.3,-0.3,15:00:00,/en/matches/d10137c1/Dijon-Brest-September-13-2020-Ligue-1
FRA-Ligue 1,2021,Dijon,2020-09-20 Strasbourg-Dijon,2020-09-20,Matchweek 4,Sun,Away,L,0,1,Strasbourg,0,5,2,40.0,0.0,0.0,16.6,0.0,0,0,0.6,0.6,0.12,-0.6,-0.6,15:00:00,/en/matches/5e509d7e/Strasbourg-Dijon-September-20-2020-Ligue-1
FRA-Ligue 1,2021,Dijon,2020-09-27 Dijon-Montpellier,2020-09-27,Matchweek 5,Sun,Home,D,2,2,Montpellier,2,15,5,33.3,0.13,0.4,15.8,0.0,0,0,1.3,1.3,0.09,0.7,0.7,15:00:00,/en/matches/d8bc5e5b/Dijon-Montpellier-September-27-2020-Ligue-1
FRA-Ligue 1,2021,Dijon,2020-10-04 Bordeaux-Dijon,2020-10-04,Matchweek 6,Sun,Away,L,0,3,Bordeaux,0,5,1,20.0,0.0,0.0,22.1,1.0,0,0,0.3,0.3,0.06,-0.3,-0.3,15:00:00,/en/matches/01b4fa54/Bordeaux-Dijon-October-4-2020-Ligue-1
FRA-Ligue 1,2021,Dijon,2020-10-16 Dijon-Rennes,2020-10-16,Matchweek 7,Fri,Home,D,1,1,Rennes,1,12,4,33.3,0.08,0.25,21.1,0.0,0,0,1.1,1.1,0.09,-0.1,-0.1,19:00:00,/en/matches/40fc3205/Dijon-Rennes-October-16-2020-Ligue-1
FRA-Ligue 1,2021,Dijon,2020-10-24 Paris S-G-Dijon,2020-10-24,Matchweek 8,Sat,Away,L,0,4,Paris S-G,0,16,3,18.8,0.0,0.0,15.7,1.0,0,0,1.6,1.6,0.1,-1.6,-1.6,21:00:00,/en/matches/685d28aa/Paris-Saint-Germain-Dijon-October-24-2020-Ligue-1
FRA-Ligue 1,2021,Dijon,2020-11-01 Dijon-Lorient,2020-11-01,Matchweek 9,Sun,Home,D,0,0,Lorient,0,11,2,18.2,0.0,0.0,23.5,1.0,0,0,0.4,0.4,0.04,-0.4,-0.4,15:00:00,/en/matches/6a968321/Dijon-Lorient-November-1-2020-Ligue-1
FRA-Ligue 1,2021,Dijon,2020-11-08 Metz-Dijon,2020-11-08,Matchweek 10,Sun,Away,D,1,1,Metz,1,14,6,42.9,0.07,0.17,17.1,0.0,0,1,2.0,1.3,0.09,-1.0,-0.3,15:00:00,/en/matches/3262d1d8/Metz-Dijon-November-8-2020-Ligue-1
FRA-Ligue 1,2021,Dijon,2020-11-22 Dijon-Lens,2020-11-22,Matchweek 11,Sun,Home,L,0,1,Lens,0,11,2,18.2,0.0,0.0,16.2,0.0,0,0,0.9,0.9,0.08,-0.9,-0.9,15:00:00,/en/matches/42b0839c/Dijon-Lens-November-22-2020-Ligue-1
FRA-Ligue 1,2021,Dijon,2020-11-29 Nice-Dijon,2020-11-29,Matchweek 12,Sun,Away,W,3,1,Nice,3,9,4,44.4,0.33,0.75,19.0,1.0,0,0,0.9,0.9,0.1,2.1,2.1,17:00:00,/en/matches/01d18727/Nice-Dijon-November-29-2020-Ligue-1
FRA-Ligue 1,2021,Dijon,2020-12-06 Dijon-Saint-Étienne,2020-12-06,Matchweek 13,Sun,Home,D,0,0,Saint-Étienne,0,6,1,16.7,0.0,0.0,17.9,1.0,0,0,0.5,0.5,0.08,-0.5,-0.5,15:00:00,/en/matches/de81078b/Dijon-Saint-Etienne-December-6-2020-Ligue-1
FRA-Ligue 1,2021,Dijon,2020-12-13 Nantes-Dijon,2020-12-13,Matchweek 14,Sun,Away,D,1,1,Nantes,1,13,3,23.1,0.08,0.33,17.9,0.0,0,0,1.2,1.2,0.09,-0.2,-0.2,15:00:00,/en/matches/fdd2cb11/Nantes-Dijon-December-13-2020-Ligue-1
FRA-Ligue 1,2021,Dijon,2020-12-16 Dijon-Lille,2020-12-16,Matchweek 15,Wed,Home,L,0,2,Lille,0,6,1,16.7,0.0,0.0,25.1,2.0,0,0,0.2,0.2,0.04,-0.2,-0.2,19:00:00,/en/matches/1be4c827/Dijon-Lille-December-16-2020-Ligue-1
FRA-Ligue 1,2021,Dijon,2020-12-20 Dijon-Monaco,2020-12-20,Matchweek 16,Sun,Home,L,0,1,Monaco,0,11,1,9.1,0.0,0.0,16.3,0.0,0,0,1.3,1.3,0.12,-1.3,-1.3,15:00:00,/en/matches/627d98ea/Dijon-Monaco-December-20-2020-Ligue-1
FRA-Ligue 1,2021,Dijon,2020-12-23 Nîmes-Dijon,2020-12-23,Matchweek 17,Wed,Away,W,3,1,Nîmes,3,14,4,28.6,0.21,0.75,13.6,0.0,0,0,1.8,1.8,0.14,1.2,1.2,19:00:00,/en/matches/d2b80896/Nimes-Dijon-December-23-2020-Ligue-1
FRA-Ligue 1,2021,Dijon,2021-01-06 Reims-Dijon,2021-01-06,Matchweek 18,Wed,Away,D,0,0,Reims,0,8,0,0.0,0.0,,23.1,0.0,0,0,0.3,0.3,0.03,-0.3,-0.3,21:00:00,/en/matches/170fb6b5/Reims-Dijon-January-6-2021-Ligue-1
FRA-Ligue 1,2021,Dijon,2021-01-09 Dijon-Marseille,2021-01-09,Matchweek 19,Sat,Home,D,0,0,Marseille,0,4,0,0.0,0.0,,21.9,0.0,0,0,0.4,0.4,0.11,-0.4,-0.4,21:00:00,/en/matches/dfba70b7/Dijon-Marseille-January-9-2021-Ligue-1
FRA-Ligue 1,2021,Dijon,2021-01-24 Dijon-Strasbourg,2021-01-24,Matchweek 21,Sun,Home,D,1,1,Strasbourg,1,5,3,60.0,0.2,0.33,15.4,0.0,0,0,0.7,0.7,0.16,0.3,0.3,15:00:00,/en/matches/a7af930d/Dijon-Strasbourg-January-24-2021-Ligue-1
FRA-Ligue 1,2021,Dijon,2021-01-27 Lorient-Dijon,2021-01-27,Matchweek 20,Wed,Away,L,2,3,Lorient,2,7,2,28.6,0.29,1.0,9.6,0.0,0,0,1.3,1.3,0.18,0.7,0.7,21:00:00,/en/matches/5c367828/Lorient-Dijon-January-27-2021-Ligue-1
FRA-Ligue 1,2021,Dijon,2021-01-31 Lille-Dijon,2021-01-31,Matchweek 22,Sun,Away,L,0,1,Lille,0,10,3,30.0,0.0,0.0,21.6,0.0,0,0,0.4,0.4,0.04,-0.4,-0.4,17:00:00,/en/matches/46396f0f/Lille-Dijon-January-31-2021-Ligue-1
FRA-Ligue 1,2021,Dijon,2021-02-03 Dijon-Lyon,2021-02-03,Matchweek 23,Wed,Home,L,0,1,Lyon,0,14,2,14.3,0.0,0.0,19.6,1.0,0,0,1.2,1.2,0.09,-1.2,-1.2,21:00:00,/en/matches/bf694a73/Dijon-Lyon-February-3-2021-Ligue-1
FRA-Ligue 1,2021,Dijon,2021-02-07 Montpellier-Dijon,2021-02-07,Matchweek 24,Sun,Away,L,2,4,Montpellier,2,12,4,33.3,0.08,0.25,17.4,0.0,1,1,1.5,0.8,0.07,0.5,0.2,15:00:00,/en/matches/0fdbe73d/Montpellier-Dijon-February-7-2021-Ligue-1
FRA-Ligue 1,2021,Dijon,2021-02-14 Dijon-Nîmes,2021-02-14,Matchweek 25,Sun,Home,L,0,2,Nîmes,0,10,3,30.0,0.0,0.0,16.1,0.0,0,0,0.8,0.8,0.08,-0.8,-0.8,15:00:00,/en/matches/8382916d/Dijon-Nimes-February-14-2021-Ligue-1
FRA-Ligue 1,2021,Dijon,2021-02-21 Lens-Dijon,2021-02-21,Matchweek 26,Sun,Away,L,1,2,Lens,1,12,3,25.0,0.08,0.33,18.4,0.0,0,0,1.0,1.0,0.09,0.0,0.0,15:00:00,/en/matches/a8149604/Lens-Dijon-February-21-2021-Ligue-1
FRA-Ligue 1,2021,Dijon,2021-02-27 Dijon-Paris S-G,2021-02-27,Matchweek 27,Sat,Home,L,0,4,Paris S-G,0,5,1,20.0,0.0,0.0,20.4,0.0,0,0,0.2,0.2,0.05,-0.2,-0.2,17:00:00,/en/matches/968f9128/Dijon-Paris-Saint-Germain-February-27-2021-Ligue-1
FRA-Ligue 1,2021,Dijon,2021-03-03 Brest-Dijon,2021-03-03,Matchweek 28,Wed,Away,L,1,3,Brest,1,10,2,20.0,0.1,0.5,17.5,1.0,0,0,1.0,1.0,0.1,0.0,0.0,19:00:00,/en/matches/a5a70664/Brest-Dijon-March-3-2021-Ligue-1
FRA-Ligue 1,2021,Dijon,2021-03-14 Dijon-Bordeaux,2021-03-14,Matchweek 29,Sun,Home,L,1,3,Bordeaux,1,13,3,23.1,0.08,0.33,17.6,0.0,0,0,1.1,1.1,0.08,-0.1,-0.1,15:00:00,/en/matches/867d40f4/Dijon-Bordeaux-March-14-2021-Ligue-1
FRA-Ligue 1,2021,Dijon,2021-03-21 Dijon-Reims,2021-03-21,Matchweek 30,Sun,Home,L,0,1,Reims,0,10,4,40.0,0.0,0.0,17.5,0.0,0,0,0.9,0.9,0.09,-0.9,-0.9,15:00:00,/en/matches/212008ae/Dijon-Reims-March-21-2021-Ligue-1
FRA-Ligue 1,2021,Dijon,2021-04-04 Marseille-Dijon,2021-04-04,Matchweek 31,Sun,Away,L,0,2,Marseille,0,4,1,25.0,0.0,0.0,17.7,0.0,0,0,0.1,0.1,0.04,-0.1,-0.1,21:00:00,/en/matches/0e8e6b49/Marseille-Dijon-April-4-2021-Ligue-1
FRA-Ligue 1,2021,Dijon,2021-04-11 Monaco-Dijon,2021-04-11,Matchweek 32,Sun,Away,L,0,3,Monaco,0,6,1,16.7,0.0,0.0,21.4,0.0,0,0,0.6,0.6,0.1,-0.6,-0.6,17:05:00,/en/matches/24d1a5c7/Monaco-Dijon-April-11-2021-Ligue-1
FRA-Ligue 1,2021,Dijon,2021-04-18 Dijon-Nice,2021-04-18,Matchweek 33,Sun,Home,W,2,0,Nice,2,8,2,25.0,0.13,0.5,20.3,0.0,1,1,1.6,0.8,0.1,0.4,0.2,15:00:00,/en/matches/47537610/Dijon-Nice-April-18-2021-Ligue-1
FRA-Ligue 1,2021,Dijon,2021-04-25 Rennes-Dijon,2021-04-25,Matchweek 34,Sun,Away,L,1,5,Rennes,1,3,0,0.0,0.0,,24.8,0.0,1,1,1.2,0.4,0.12,-0.2,-0.4,15:00:00,/en/matches/89bb1f81/Rennes-Dijon-April-25-2021-Ligue-1
FRA-Ligue 1,2021,Dijon,2021-05-02 Dijon-Metz,2021-05-02,Matchweek 35,Sun,Home,L,1,5,Metz,1,10,4,40.0,0.1,0.25,15.8,0.0,0,0,1.1,1.1,0.12,-0.1,-0.1,15:00:00,/en/matches/1a56a046/Dijon-Metz-May-2-2021-Ligue-1
FRA-Ligue 1,2021,Dijon,2021-05-09 Angers-Dijon,2021-05-09,Matchweek 36,Sun,Away,L,0,3,Angers,0,5,1,20.0,0.0,0.0,14.7,0.0,0,0,0.3,0.3,0.06,-0.3,-0.3,15:00:00,/en/matches/69721055/Angers-Dijon-May-9-2021-Ligue-1
FRA-Ligue 1,2021,Dijon,2021-05-16 Dijon-Nantes,2021-05-16,Matchweek 37,Sun,Home,L,0,4,Nantes,0,10,1,10.0,0.0,0.0,14.7,0.0,0,0,1.1,1.1,0.11,-1.1,-1.1,21:00:00,/en/matches/5b0be36c/Dijon-Nantes-May-16-2021-Ligue-1
FRA-Ligue 1,2021,Dijon,2021-05-23 Saint-Étienne-Dijon,2021-05-23,Matchweek 38,Sun,Away,W,1,0,Saint-Étienne,1,9,2,22.2,0.11,0.5,22.1,0.0,0,1,1.3,0.5,0.06,-0.3,0.5,21:00:00,/en/matches/c40614b1/Saint-Etienne-Dijon-May-23-2021-Ligue-1
FRA-Ligue 1,2021,Lens,2020-08-23 Nice-Lens,2020-08-23,Matchweek 1,Sun,Away,L,1,2,Nice,1,15,3,20.0,0.0,0.0,16.9,3.0,1,1,3.1,2.3,0.15,-2.1,-2.3,17:00:00,/en/matches/b08ae3b2/Nice-Lens-August-23-2020-Ligue-1
FRA-Ligue 1,2021,Lens,2020-09-10 Lens-Paris S-G,2020-09-10,Matchweek 2,Thu,Home,W,1,0,Paris S-G,1,7,3,42.9,0.14,0.33,12.6,0.0,0,0,1.5,1.5,0.22,-0.5,-0.5,21:00:00,/en/matches/796787da/Lens-Paris-Saint-Germain-September-10-2020-Ligue-1
FRA-Ligue 1,2021,Lens,2020-09-13 Lorient-Lens,2020-09-13,Matchweek 3,Sun,Away,W,3,2,Lorient,3,11,5,45.5,0.18,0.4,19.3,1.0,1,1,2.0,1.2,0.11,1.0,0.8,15:00:00,/en/matches/5bf9af16/Lorient-Lens-September-13-2020-Ligue-1
FRA-Ligue 1,2021,Lens,2020-09-19 Lens-Bordeaux,2020-09-19,Matchweek 4,Sat,Home,W,2,1,Bordeaux,2,18,4,22.2,0.06,0.25,15.8,0.0,1,1,3.1,2.4,0.14,-1.1,-1.4,17:00:00,/en/matches/87a237ad/Lens-Bordeaux-September-19-2020-Ligue-1
FRA-Ligue 1,2021,Lens,2020-09-27 Nîmes-Lens,2020-09-27,Matchweek 5,Sun,Away,D,1,1,Nîmes,1,15,5,33.3,0.07,0.2,18.3,1.0,0,0,1.3,1.3,0.09,-0.3,-0.3,15:00:00,/en/matches/e4a4657c/Nimes-Lens-September-27-2020-Ligue-1
FRA-Ligue 1,2021,Lens,2020-10-03 Lens-Saint-Étienne,2020-10-03,Matchweek 6,Sat,Home,W,2,0,Saint-Étienne,2,12,4,33.3,0.08,0.25,20.1,0.0,1,1,2.1,1.3,0.11,-0.1,-0.3,17:00:00,/en/matches/d2f273bc/Lens-Saint-Etienne-October-3-2020-Ligue-1
FRA-Ligue 1,2021,Lens,2020-10-18 Lille-Lens,2020-10-18,Matchweek 7,Sun,Away,L,0,4,Lille,0,7,2,28.6,0.0,0.0,16.9,0.0,0,0,0.4,0.4,0.06,-0.4,-0.4,21:00:00,/en/matches/ec51cba1/Lille-Lens-October-18-2020-Ligue-1
FRA-Ligue 1,2021,Lens,2020-11-08 Lens-Reims,2020-11-08,Matchweek 10,Sun,Home,D,4,4,Reims,3,14,5,35.7,0.21,0.6,17.3,0.0,0,0,1.6,1.6,0.11,1.4,1.4,15:00:00,/en/matches/e2283e68/Lens-Reims-November-8-2020-Ligue-1
FRA-Ligue 1,2021,Lens,2020-11-22 Dijon-Lens,2020-11-22,Matchweek 11,Sun,Away,W,1,0,Dijon,1,8,4,50.0,0.13,0.25,13.6,1.0,0,0,1.5,1.5,0.19,-0.5,-0.5,15:00:00,/en/matches/42b0839c/Dijon-Lens-November-22-2020-Ligue-1
FRA-Ligue 1,2021,Lens,2020-11-25 Lens-Nantes,2020-11-25,Matchweek 8,Wed,Home,D,1,1,Nantes,1,7,1,14.3,0.14,1.0,23.0,1.0,0,0,0.9,0.9,0.13,0.1,0.1,19:00:00,/en/matches/fa32e765/Lens-Nantes-November-25-2020-Ligue-1
FRA-Ligue 1,2021,Lens,2020-11-29 Lens-Angers,2020-11-29,Matchweek 12,Sun,Home,L,1,3,Angers,1,13,5,38.5,0.08,0.2,20.0,2.0,0,0,1.4,1.4,0.11,-0.4,-0.4,15:00:00,/en/matches/034e6d97/Lens-Angers-November-29-2020-Ligue-1
FRA-Ligue 1,2021,Lens,2020-12-05 Rennes-Lens,2020-12-05,Matchweek 13,Sat,Away,W,2,0,Rennes,2,6,4,66.7,0.33,0.5,22.9,0.0,0,0,1.1,1.1,0.18,0.9,0.9,17:00:00,/en/matches/69560d5c/Rennes-Lens-December-5-2020-Ligue-1
FRA-Ligue 1,2021,Lens,2020-12-12 Lens-Montpellier,2020-12-12,Matchweek 14,Sat,Home,L,2,3,Montpellier,1,13,3,23.1,0.0,0.0,19.1,2.0,1,1,1.7,0.9,0.07,-0.7,-0.9,21:00:00,/en/matches/85b566d3/Lens-Montpellier-December-12-2020-Ligue-1
FRA-Ligue 1,2021,Lens,2020-12-16 Monaco-Lens,2020-12-16,Matchweek 15,Wed,Away,W,3,0,Monaco,3,8,4,50.0,0.38,0.75,18.2,1.0,0,0,1.3,1.3,0.16,1.7,1.7,21:00:00,/en/matches/46790907/Monaco-Lens-December-16-2020-Ligue-1
FRA-Ligue 1,2021,Lens,2020-12-19 Metz-Lens,2020-12-19,Matchweek 16,Sat,Away,L,0,2,Metz,0,17,3,17.6,0.0,0.0,21.4,0.0,0,0,1.2,1.2,0.08,-1.2,-1.2,17:00:00,/en/matches/26ba121c/Metz-Lens-December-19-2020-Ligue-1
FRA-Ligue 1,2021,Lens,2020-12-23 Lens-Brest,2020-12-23,Matchweek 17,Wed,Home,W,2,1,Brest,2,10,3,30.0,0.1,0.33,15.9,0.0,1,1,2.1,1.3,0.13,-0.1,-0.3,19:00:00,/en/matches/377dba57/Lens-Brest-December-23-2020-Ligue-1
FRA-Ligue 1,2021,Lens,2021-01-06 Lyon-Lens,2021-01-06,Matchweek 18,Wed,Away,L,2,3,Lyon,2,11,3,27.3,0.18,0.67,18.6,1.0,0,0,0.9,0.9,0.08,1.1,1.1,21:00:00,/en/matches/4dd5ba55/Lyon-Lens-January-6-2021-Ligue-1
FRA-Ligue 1,2021,Lens,2021-01-09 Lens-Strasbourg,2021-01-09,Matchweek 19,Sat,Home,L,0,1,Strasbourg,0,11,2,18.2,0.0,0.0,18.9,0.0,0,0,0.6,0.6,0.05,-0.6,-0.6,21:00:00,/en/matches/ab3944d1/Lens-Strasbourg-January-9-2021-Ligue-1
FRA-Ligue 1,2021,Lens,2021-01-17 Nantes-Lens,2021-01-17,Matchweek 20,Sun,Away,D,1,1,Nantes,1,7,1,14.3,0.14,1.0,19.1,1.0,0,1,1.3,0.5,0.07,-0.3,0.5,15:00:00,/en/matches/f44eea60/Nantes-Lens-January-17-2021-Ligue-1
FRA-Ligue 1,2021,Lens,2021-01-20 Marseille-Lens,2021-01-20,Matchweek 9,Wed,Away,W,1,0,Marseille,1,13,4,30.8,0.08,0.25,18.0,0.0,0,0,1.5,1.5,0.13,-0.5,-0.5,21:00:00,/en/matches/9f341fc9/Marseille-Lens-January-20-2021-Ligue-1
FRA-Ligue 1,2021,Lens,2021-01-23 Lens-Nice,2021-01-23,Matchweek 21,Sat,Home,L,0,1,Nice,0,13,3,23.1,0.0,0.0,21.1,0.0,0,0,1.3,1.3,0.1,-1.3,-1.3,17:00:00,/en/matches/f3f0a09c/Lens-Nice-January-23-2021-Ligue-1
FRA-Ligue 1,2021,Lens,2021-01-30 Montpellier-Lens,2021-01-30,Matchweek 22,Sat,Away,W,2,1,Montpellier,2,11,2,18.2,0.18,1.0,21.2,1.0,0,0,0.7,0.7,0.07,1.3,1.3,17:00:00,/en/matches/93d96e5c/Montpellier-Lens-January-30-2021-Ligue-1
FRA-Ligue 1,2021,Lens,2021-02-03 Lens-Marseille,2021-02-03,Matchweek 23,Wed,Home,D,2,2,Marseille,2,21,3,14.3,0.1,0.67,19.4,1.0,0,0,1.3,1.3,0.06,0.7,0.7,21:00:00,/en/matches/0042c990/Lens-Marseille-February-3-2021-Ligue-1
FRA-Ligue 1,2021,Lens,2021-02-06 Lens-Rennes,2021-02-06,Matchweek 24,Sat,Home,D,0,0,Rennes,0,10,3,30.0,0.0,0.0,18.3,2.0,0,0,0.8,0.8,0.09,-0.8,-0.8,21:00:00,/en/matches/1a65ddc8/Lens-Rennes-February-6-2021-Ligue-1
FRA-Ligue 1,2021,Lens,2021-02-13 Reims-Lens,2021-02-13,Matchweek 25,Sat,Away,D,1,1,Reims,1,16,6,37.5,0.06,0.17,21.2,0.0,0,1,2.9,2.5,0.16,-1.9,-1.5,19:00:00,/en/matches/26bbc16f/Reims-Lens-February-13-2021-Ligue-1
FRA-Ligue 1,2021,Lens,2021-02-21 Lens-Dijon,2021-02-21,Matchweek 26,Sun,Home,W,2,1,Dijon,2,11,4,36.4,0.18,0.5,19.4,0.0,0,0,1.0,1.0,0.09,1.0,1.0,15:00:00,/en/matches/a8149604/Lens-Dijon-February-21-2021-Ligue-1
FRA-Ligue 1,2021,Lens,2021-02-28 Angers-Lens,2021-02-28,Matchweek 27,Sun,Away,D,2,2,Angers,2,14,4,28.6,0.14,0.5,17.2,0.0,0,0,1.3,1.3,0.09,0.7,0.7,15:00:00,/en/matches/f1956473/Angers-Lens-February-28-2021-Ligue-1
FRA-Ligue 1,2021,Lens,2021-03-03 Saint-Étienne-Lens,2021-03-03,Matchweek 28,Wed,Away,W,3,2,Saint-Étienne,3,8,4,50.0,0.25,0.5,17.1,0.0,1,1,1.9,1.1,0.13,1.1,0.9,19:00:00,/en/matches/9bb6cda9/Saint-Etienne-Lens-March-3-2021-Ligue-1
FRA-Ligue 1,2021,Lens,2021-03-14 Lens-Metz,2021-03-14,Matchweek 29,Sun,Home,D,2,2,Metz,2,16,6,37.5,0.13,0.33,20.5,3.0,0,0,2.2,2.2,0.14,-0.2,-0.2,15:00:00,/en/matches/131423e4/Lens-Metz-March-14-2021-Ligue-1
FRA-Ligue 1,2021,Lens,2021-03-21 Strasbourg-Lens,2021-03-21,Matchweek 30,Sun,Away,W,2,1,Strasbourg,2,12,4,33.3,0.17,0.5,18.0,1.0,0,0,1.8,1.8,0.15,0.2,0.2,13:00:00,/en/matches/c22925df/Strasbourg-Lens-March-21-2021-Ligue-1
FRA-Ligue 1,2021,Lens,2021-04-03 Lens-Lyon,2021-04-03,Matchweek 31,Sat,Home,D,1,1,Lyon,1,9,4,44.4,0.11,0.25,21.8,0.0,0,0,0.7,0.7,0.08,0.3,0.3,21:00:00,/en/matches/52a508da/Lens-Lyon-April-3-2021-Ligue-1
FRA-Ligue 1,2021,Lens,2021-04-11 Lens-Lorient,2021-04-11,Matchweek 32,Sun,Home,W,4,1,Lorient,4,12,4,33.3,0.17,0.5,18.6,0.0,2,2,3.3,1.7,0.17,0.7,0.3,15:00:00,/en/matches/8bd928a1/Lens-Lorient-April-11-2021-Ligue-1
FRA-Ligue 1,2021,Lens,2021-04-18 Brest-Lens,2021-04-18,Matchweek 33,Sun,Away,D,1,1,Brest,1,7,1,14.3,0.0,0.0,22.2,0.0,1,1,1.3,0.5,0.07,-0.3,-0.5,15:00:00,/en/matches/0e79fe5c/Brest-Lens-April-18-2021-Ligue-1
FRA-Ligue 1,2021,Lens,2021-04-25 Lens-Nîmes,2021-04-25,Matchweek 34,Sun,Home,W,2,1,Nîmes,2,7,4,57.1,0.29,0.5,15.6,0.0,0,0,0.6,0.6,0.08,1.4,1.4,15:00:00,/en/matches/986bbf2c/Lens-Nimes-April-25-2021-Ligue-1
FRA-Ligue 1,2021,Lens,2021-05-01 Paris S-G-Lens,2021-05-01,Matchweek 35,Sat,Away,L,1,2,Paris S-G,1,15,3,20.0,0.07,0.33,17.6,0.0,0,0,1.6,1.6,0.12,-0.6,-0.6,17:00:00,/en/matches/315d82a9/Paris-Saint-Germain-Lens-May-1-2021-Ligue-1
FRA-Ligue 1,2021,Lens,2021-05-07 Lens-Lille,2021-05-07,Matchweek 36,Fri,Home,L,0,3,Lille,0,11,5,45.5,0.0,0.0,14.1,0.0,0,0,1.5,1.5,0.14,-1.5,-1.5,21:00:00,/en/matches/d1eeec68/Lens-Lille-May-7-2021-Ligue-1
FRA-Ligue 1,2021,Lens,2021-05-16 Bordeaux-Lens,2021-05-16,Matchweek 37,Sun,Away,L,0,3,Bordeaux,0,14,4,28.6,0.0,0.0,14.9,0.0,0,0,1.3,1.3,0.1,-1.3,-1.3,21:00:00,/en/matches/a4d53306/Bordeaux-Lens-May-16-2021-Ligue-1
FRA-Ligue 1,2021,Lens,2021-05-23 Lens-Monaco,2021-05-23,Matchweek 38,Sun,Home,D,0,0,Monaco,0,4,1,25.0,0.0,0.0,16.5,0.0,0,0,0.2,0.2,0.06,-0.2,-0.2,21:00:00,/en/matches/d8330dc2/Lens-Monaco-May-23-2021-Ligue-1
FRA-Ligue 1,2021,Lille,2020-08-22 Lille-Rennes,2020-08-22,Matchweek 1,Sat,Home,D,1,1,Rennes,1,5,1,20.0,0.2,1.0,24.8,0.0,0,0,0.4,0.4,0.09,0.6,0.6,21:00:00,/en/matches/50ec2fcc/Lille-Rennes-August-22-2020-Ligue-1
FRA-Ligue 1,2021,Lille,2020-08-30 Reims-Lille,2020-08-30,Matchweek 2,Sun,Away,W,1,0,Reims,1,10,3,30.0,0.1,0.33,21.0,0.0,0,0,1.2,1.2,0.12,-0.2,-0.2,13:00:00,/en/matches/c25931b4/Reims-Lille-August-30-2020-Ligue-1
FRA-Ligue 1,2021,Lille,2020-09-13 Lille-Metz,2020-09-13,Matchweek 3,Sun,Home,W,1,0,Metz,1,16,6,37.5,0.06,0.17,20.7,1.0,0,0,1.5,1.5,0.09,-0.5,-0.5,13:00:00,/en/matches/99507b5a/Lille-Metz-September-13-2020-Ligue-1
FRA-Ligue 1,2021,Lille,2020-09-20 Marseille-Lille,2020-09-20,Matchweek 4,Sun,Away,D,1,1,Marseille,1,14,7,50.0,0.07,0.14,19.1,1.0,0,0,1.5,1.5,0.1,-0.5,-0.5,21:00:00,/en/matches/f0f694dd/Marseille-Lille-September-20-2020-Ligue-1
FRA-Ligue 1,2021,Lille,2020-09-25 Lille-Nantes,2020-09-25,Matchweek 5,Fri,Home,W,2,0,Nantes,1,11,3,27.3,0.0,0.0,18.5,1.0,1,1,1.8,1.1,0.1,-0.8,-1.1,21:00:00,/en/matches/896d1952/Lille-Nantes-September-25-2020-Ligue-1
FRA-Ligue 1,2021,Lille,2020-10-04 Strasbourg-Lille,2020-10-04,Matchweek 6,Sun,Away,W,3,0,Strasbourg,3,12,6,50.0,0.25,0.5,20.3,0.0,0,0,1.8,1.8,0.17,1.2,1.2,15:00:00,/en/matches/e42b3f6a/Strasbourg-Lille-October-4-2020-Ligue-1
FRA-Ligue 1,2021,Lille,2020-10-18 Lille-Lens,2020-10-18,Matchweek 7,Sun,Home,W,4,0,Lens,4,16,6,37.5,0.25,0.67,15.8,2.0,0,0,2.5,2.5,0.16,1.5,1.5,21:00:00,/en/matches/ec51cba1/Lille-Lens-October-18-2020-Ligue-1
FRA-Ligue 1,2021,Lille,2020-10-25 Nice-Lille,2020-10-25,Matchweek 8,Sun,Away,D,1,1,Nice,1,12,4,33.3,0.08,0.25,23.1,0.0,0,0,0.6,0.6,0.05,0.4,0.4,17:00:00,/en/matches/fe7339cb/Nice-Lille-October-25-2020-Ligue-1
FRA-Ligue 1,2021,Lille,2020-11-01 Lille-Lyon,2020-11-01,Matchweek 9,Sun,Home,D,1,1,Lyon,1,15,6,40.0,0.07,0.17,24.2,0.0,0,0,0.6,0.6,0.04,0.4,0.4,21:00:00,/en/matches/10d8666c/Lille-Lyon-November-1-2020-Ligue-1
FRA-Ligue 1,2021,Lille,2020-11-08 Brest-Lille,2020-11-08,Matchweek 10,Sun,Away,L,2,3,Brest,2,21,6,28.6,0.05,0.17,19.1,2.0,1,1,3.0,2.2,0.1,-1.0,-1.2,13:00:00,/en/matches/bb44bdba/Brest-Lille-November-8-2020-Ligue-1
FRA-Ligue 1,2021,Lille,2020-11-22 Lille-Lorient,2020-11-22,Matchweek 11,Sun,Home,W,4,0,Lorient,4,31,13,41.9,0.13,0.31,18.2,0.0,0,0,3.6,3.6,0.12,0.4,0.4,21:00:00,/en/matches/89a4df99/Lille-Lorient-November-22-2020-Ligue-1
FRA-Ligue 1,2021,Lille,2020-11-29 Saint-Étienne-Lille,2020-11-29,Matchweek 12,Sun,Away,D,1,1,Saint-Étienne,1,9,2,22.2,0.11,0.5,20.8,1.0,0,0,0.5,0.5,0.06,0.5,0.5,21:00:00,/en/matches/03d07003/Saint-Etienne-Lille-November-29-2020-Ligue-1
FRA-Ligue 1,2021,Lille,2020-12-06 Lille-Monaco,2020-12-06,Matchweek 13,Sun,Home,W,2,1,Monaco,2,10,5,50.0,0.2,0.4,19.5,1.0,0,0,1.3,1.3,0.13,0.7,0.7,13:00:00,/en/matches/5c353be0/Lille-Monaco-December-6-2020-Ligue-1
FRA-Ligue 1,2021,Lille,2020-12-13 Lille-Bordeaux,2020-12-13,Matchweek 14,Sun,Home,W,2,1,Bordeaux,2,15,5,33.3,0.13,0.4,19.2,1.0,0,0,1.1,1.1,0.08,0.9,0.9,17:00:00,/en/matches/94846b32/Lille-Bordeaux-December-13-2020-Ligue-1
FRA-Ligue 1,2021,Lille,2020-12-16 Dijon-Lille,2020-12-16,Matchweek 15,Wed,Away,W,2,0,Dijon,2,10,5,50.0,0.2,0.4,19.4,2.0,0,0,0.8,0.8,0.08,1.2,1.2,19:00:00,/en/matches/1be4c827/Dijon-Lille-December-16-2020-Ligue-1
FRA-Ligue 1,2021,Lille,2020-12-20 Lille-Paris S-G,2020-12-20,Matchweek 16,Sun,Home,D,0,0,Paris S-G,0,8,3,37.5,0.0,0.0,19.8,0.0,0,0,0.5,0.5,0.06,-0.5,-0.5,21:00:00,/en/matches/77f35879/Lille-Paris-Saint-Germain-December-20-2020-Ligue-1
FRA-Ligue 1,2021,Lille,2020-12-23 Montpellier-Lille,2020-12-23,Matchweek 17,Wed,Away,W,3,2,Montpellier,3,8,6,75.0,0.25,0.33,24.6,0.0,1,1,1.8,1.0,0.13,1.2,1.0,21:00:00,/en/matches/18198e56/Montpellier-Lille-December-23-2020-Ligue-1
FRA-Ligue 1,2021,Lille,2021-01-06 Lille-Angers,2021-01-06,Matchweek 18,Wed,Home,L,1,2,Angers,1,7,2,28.6,0.14,0.5,20.8,1.0,0,0,0.4,0.4,0.06,0.6,0.6,21:00:00,/en/matches/3045cf73/Lille-Angers-January-6-2021-Ligue-1
FRA-Ligue 1,2021,Lille,2021-01-09 Nîmes-Lille,2021-01-09,Matchweek 19,Sat,Away,W,1,0,Nîmes,1,10,2,20.0,0.1,0.5,15.3,0.0,0,0,0.9,0.9,0.09,0.1,0.1,21:00:00,/en/matches/292bb1da/Nimes-Lille-January-9-2021-Ligue-1
FRA-Ligue 1,2021,Lille,2021-01-17 Lille-Reims,2021-01-17,Matchweek 20,Sun,Home,W,2,1,Reims,2,16,8,50.0,0.13,0.25,19.6,0.0,0,0,1.6,1.6,0.1,0.4,0.4,17:00:00,/en/matches/19eb6375/Lille-Reims-January-17-2021-Ligue-1
FRA-Ligue 1,2021,Lille,2021-01-24 Rennes-Lille,2021-01-24,Matchweek 21,Sun,Away,W,1,0,Rennes,1,9,4,44.4,0.11,0.25,20.9,1.0,0,0,0.5,0.5,0.05,0.5,0.5,17:00:00,/en/matches/16b98c65/Rennes-Lille-January-24-2021-Ligue-1
FRA-Ligue 1,2021,Lille,2021-01-31 Lille-Dijon,2021-01-31,Matchweek 22,Sun,Home,W,1,0,Dijon,1,14,2,14.3,0.07,0.5,17.6,0.0,0,0,1.7,1.7,0.12,-0.7,-0.7,17:00:00,/en/matches/46396f0f/Lille-Dijon-January-31-2021-Ligue-1
FRA-Ligue 1,2021,Lille,2021-02-03 Bordeaux-Lille,2021-02-03,Matchweek 23,Wed,Away,W,3,0,Bordeaux,3,11,6,54.5,0.27,0.5,16.9,0.0,0,0,1.7,1.7,0.16,1.3,1.3,19:00:00,/en/matches/cbaa8ed9/Bordeaux-Lille-February-3-2021-Ligue-1
FRA-Ligue 1,2021,Lille,2021-02-07 Nantes-Lille,2021-02-07,Matchweek 24,Sun,Away,W,2,0,Nantes,2,15,3,20.0,0.13,0.67,19.9,1.0,0,0,1.5,1.5,0.1,0.5,0.5,17:00:00,/en/matches/45c836f2/Nantes-Lille-February-7-2021-Ligue-1
FRA-Ligue 1,2021,Lille,2021-02-14 Lille-Brest,2021-02-14,Matchweek 25,Sun,Home,D,0,0,Brest,0,15,0,0.0,0.0,,19.4,0.0,0,0,0.8,0.8,0.05,-0.8,-0.8,17:00:00,/en/matches/6be3223a/Lille-Brest-February-14-2021-Ligue-1
FRA-Ligue 1,2021,Lille,2021-02-21 Lorient-Lille,2021-02-21,Matchweek 26,Sun,Away,W,4,1,Lorient,3,16,7,43.8,0.19,0.43,20.7,1.0,0,0,1.0,1.0,0.06,2.0,2.0,17:00:00,/en/matches/e085fcab/Lorient-Lille-February-21-2021-Ligue-1
FRA-Ligue 1,2021,Lille,2021-02-28 Lille-Strasbourg,2021-02-28,Matchweek 27,Sun,Home,D,1,1,Strasbourg,1,14,5,35.7,0.07,0.2,19.4,1.0,0,0,1.1,1.1,0.08,-0.1,-0.1,17:00:00,/en/matches/89db6c90/Lille-Strasbourg-February-28-2021-Ligue-1
FRA-Ligue 1,2021,Lille,2021-03-03 Lille-Marseille,2021-03-03,Matchweek 28,Wed,Home,W,2,0,Marseille,2,23,8,34.8,0.09,0.25,15.6,0.0,0,0,2.7,2.7,0.12,-0.7,-0.7,21:00:00,/en/matches/734bdddc/Lille-Marseille-March-3-2021-Ligue-1
FRA-Ligue 1,2021,Lille,2021-03-14 Monaco-Lille,2021-03-14,Matchweek 29,Sun,Away,D,0,0,Monaco,0,5,2,40.0,0.0,0.0,21.5,0.0,0,0,0.2,0.2,0.04,-0.2,-0.2,17:05:00,/en/matches/ae299f0e/Monaco-Lille-March-14-2021-Ligue-1
FRA-Ligue 1,2021,Lille,2021-03-21 Lille-Nîmes,2021-03-21,Matchweek 30,Sun,Home,L,1,2,Nîmes,1,15,4,26.7,0.07,0.25,18.2,2.0,0,0,1.0,1.0,0.07,0.0,0.0,17:05:00,/en/matches/4af73870/Lille-Nimes-March-21-2021-Ligue-1
FRA-Ligue 1,2021,Lille,2021-04-03 Paris S-G-Lille,2021-04-03,Matchweek 31,Sat,Away,W,1,0,Paris S-G,1,3,3,100.0,0.33,0.33,19.4,0.0,0,0,0.5,0.5,0.16,0.5,0.5,17:00:00,/en/matches/cfa66277/Paris-Saint-Germain-Lille-April-3-2021-Ligue-1
FRA-Ligue 1,2021,Lille,2021-04-09 Metz-Lille,2021-04-09,Matchweek 32,Fri,Away,W,2,0,Metz,2,9,6,66.7,0.22,0.33,19.4,0.0,0,0,0.6,0.6,0.07,1.4,1.4,21:00:00,/en/matches/be261d66/Metz-Lille-April-9-2021-Ligue-1
FRA-Ligue 1,2021,Lille,2021-04-16 Lille-Montpellier,2021-04-16,Matchweek 33,Fri,Home,D,1,1,Montpellier,1,20,9,45.0,0.05,0.11,21.4,0.0,0,0,1.3,1.3,0.06,-0.3,-0.3,21:00:00,/en/matches/283e5426/Lille-Montpellier-April-16-2021-Ligue-1
FRA-Ligue 1,2021,Lille,2021-04-25 Lyon-Lille,2021-04-25,Matchweek 34,Sun,Away,W,3,2,Lyon,3,16,7,43.8,0.19,0.43,15.1,1.0,0,0,1.9,1.9,0.12,1.1,1.1,21:00:00,/en/matches/b312c935/Lyon-Lille-April-25-2021-Ligue-1
FRA-Ligue 1,2021,Lille,2021-05-01 Lille-Nice,2021-05-01,Matchweek 35,Sat,Home,W,2,0,Nice,2,12,4,33.3,0.17,0.5,21.8,0.0,0,0,0.8,0.8,0.06,1.2,1.2,21:00:00,/en/matches/6a9a2087/Lille-Nice-May-1-2021-Ligue-1
FRA-Ligue 1,2021,Lille,2021-05-07 Lens-Lille,2021-05-07,Matchweek 36,Fri,Away,W,3,0,Lens,3,10,5,50.0,0.2,0.4,21.6,0.0,1,1,1.3,0.5,0.05,1.7,1.5,21:00:00,/en/matches/d1eeec68/Lens-Lille-May-7-2021-Ligue-1
FRA-Ligue 1,2021,Lille,2021-05-16 Lille-Saint-Étienne,2021-05-16,Matchweek 37,Sun,Home,D,0,0,Saint-Étienne,0,14,3,21.4,0.0,0.0,23.1,2.0,0,0,1.0,1.0,0.07,-1.0,-1.0,21:00:00,/en/matches/ccd8f1fe/Lille-Saint-Etienne-May-16-2021-Ligue-1
FRA-Ligue 1,2021,Lille,2021-05-23 Angers-Lille,2021-05-23,Matchweek 38,Sun,Away,W,2,1,Angers,2,4,1,25.0,0.25,1.0,24.2,0.0,1,1,1.6,0.8,0.2,0.4,0.2,21:00:00,/en/matches/4aa8aaab/Angers-Lille-May-23-2021-Ligue-1
FRA-Ligue 1,2021,Lorient,2020-08-23 Lorient-Strasbourg,2020-08-23,Matchweek 1,Sun,Home,W,3,1,Strasbourg,3,9,6,66.7,0.22,0.33,14.8,1.0,1,1,2.9,2.1,0.25,0.1,-0.1,15:00:00,/en/matches/f96cd5a0/Lorient-Strasbourg-August-23-2020-Ligue-1
FRA-Ligue 1,2021,Lorient,2020-08-30 Saint-Étienne-Lorient,2020-08-30,Matchweek 2,Sun,Away,L,0,2,Saint-Étienne,0,6,1,16.7,0.0,0.0,22.7,1.0,0,0,0.3,0.3,0.04,-0.3,-0.3,15:00:00,/en/matches/9b7fa4e1/Saint-Etienne-Lorient-August-30-2020-Ligue-1
FRA-Ligue 1,2021,Lorient,2020-09-13 Lorient-Lens,2020-09-13,Matchweek 3,Sun,Home,L,2,3,Lens,2,5,2,40.0,0.2,0.5,31.4,1.0,1,1,1.0,0.2,0.04,1.0,0.8,15:00:00,/en/matches/5bf9af16/Lorient-Lens-September-13-2020-Ligue-1
FRA-Ligue 1,2021,Lorient,2020-09-20 Brest-Lorient,2020-09-20,Matchweek 4,Sun,Away,L,2,3,Brest,1,10,4,40.0,0.1,0.25,18.3,0.0,0,0,1.7,1.7,0.17,-0.7,-0.7,15:00:00,/en/matches/addca7be/Brest-Lorient-September-20-2020-Ligue-1
FRA-Ligue 1,2021,Lorient,2020-09-27 Lorient-Lyon,2020-09-27,Matchweek 5,Sun,Home,D,1,1,Lyon,1,4,2,50.0,0.25,0.5,14.0,0.0,0,0,0.2,0.2,0.06,0.8,0.8,17:00:00,/en/matches/961244d7/Lorient-Lyon-September-27-2020-Ligue-1
FRA-Ligue 1,2021,Lorient,2020-10-04 Metz-Lorient,2020-10-04,Matchweek 6,Sun,Away,L,1,3,Metz,1,10,4,40.0,0.1,0.25,22.9,2.0,0,0,0.7,0.7,0.08,0.3,0.3,15:00:00,/en/matches/c14d22d4/Metz-Lorient-October-4-2020-Ligue-1
FRA-Ligue 1,2021,Lorient,2020-10-17 Reims-Lorient,2020-10-17,Matchweek 7,Sat,Away,W,3,1,Reims,3,13,3,23.1,0.15,0.67,17.6,1.0,1,1,2.7,1.9,0.15,0.3,0.1,17:00:00,/en/matches/db1bb52f/Reims-Lorient-October-17-2020-Ligue-1
FRA-Ligue 1,2021,Lorient,2020-10-24 Lorient-Marseille,2020-10-24,Matchweek 8,Sat,Home,L,0,1,Marseille,0,12,3,25.0,0.0,0.0,18.2,0.0,0,0,0.8,0.8,0.07,-0.8,-0.8,17:00:00,/en/matches/647d6f74/Lorient-Marseille-October-24-2020-Ligue-1
FRA-Ligue 1,2021,Lorient,2020-11-01 Dijon-Lorient,2020-11-01,Matchweek 9,Sun,Away,D,0,0,Dijon,0,8,1,12.5,0.0,0.0,23.1,0.0,0,1,1.2,0.4,0.06,-1.2,-0.4,15:00:00,/en/matches/6a968321/Dijon-Lorient-November-1-2020-Ligue-1
FRA-Ligue 1,2021,Lorient,2020-11-08 Lorient-Nantes,2020-11-08,Matchweek 10,Sun,Home,L,0,2,Nantes,0,18,4,22.2,0.0,0.0,19.1,0.0,0,0,1.8,1.8,0.1,-1.8,-1.8,15:00:00,/en/matches/c878186f/Lorient-Nantes-November-8-2020-Ligue-1
FRA-Ligue 1,2021,Lorient,2020-11-22 Lille-Lorient,2020-11-22,Matchweek 11,Sun,Away,L,0,4,Lille,0,7,2,28.6,0.0,0.0,17.0,0.0,0,0,0.9,0.9,0.13,-0.9,-0.9,21:00:00,/en/matches/89a4df99/Lille-Lorient-November-22-2020-Ligue-1
FRA-Ligue 1,2021,Lorient,2020-11-29 Lorient-Montpellier,2020-11-29,Matchweek 12,Sun,Home,L,0,1,Montpellier,0,8,2,25.0,0.0,0.0,17.7,0.0,0,0,0.5,0.5,0.06,-0.5,-0.5,15:00:00,/en/matches/5ede6719/Lorient-Montpellier-November-29-2020-Ligue-1
FRA-Ligue 1,2021,Lorient,2020-12-06 Angers-Lorient,2020-12-06,Matchweek 13,Sun,Away,L,0,2,Angers,0,12,3,25.0,0.0,0.0,23.7,0.0,0,0,0.6,0.6,0.05,-0.6,-0.6,15:00:00,/en/matches/2053773e/Angers-Lorient-December-6-2020-Ligue-1
FRA-Ligue 1,2021,Lorient,2020-12-13 Lorient-Nîmes,2020-12-13,Matchweek 14,Sun,Home,W,3,0,Nîmes,3,12,4,33.3,0.17,0.5,15.8,0.0,1,1,2.7,1.9,0.16,0.3,0.1,15:00:00,/en/matches/22ecd8a2/Lorient-Nimes-December-13-2020-Ligue-1
FRA-Ligue 1,2021,Lorient,2020-12-16 Paris S-G-Lorient,2020-12-16,Matchweek 15,Wed,Away,L,0,2,Paris S-G,0,8,3,37.5,0.0,0.0,14.1,0.0,0,0,1.4,1.4,0.18,-1.4,-1.4,21:00:00,/en/matches/60fcfb5f/Paris-Saint-Germain-Lorient-December-16-2020-Ligue-1
FRA-Ligue 1,2021,Lorient,2020-12-20 Lorient-Rennes,2020-12-20,Matchweek 16,Sun,Home,L,0,3,Rennes,0,11,2,18.2,0.0,0.0,21.5,1.0,0,0,0.8,0.8,0.08,-0.8,-0.8,17:00:00,/en/matches/63148fae/Lorient-Rennes-December-20-2020-Ligue-1
FRA-Ligue 1,2021,Lorient,2020-12-23 Nice-Lorient,2020-12-23,Matchweek 17,Wed,Away,D,2,2,Nice,2,23,5,21.7,0.04,0.2,21.2,1.0,1,1,2.6,1.8,0.08,-0.6,-0.8,19:00:00,/en/matches/e8fea7ca/Nice-Lorient-December-23-2020-Ligue-1
FRA-Ligue 1,2021,Lorient,2021-01-06 Lorient-Monaco,2021-01-06,Matchweek 18,Wed,Home,L,2,5,Monaco,2,11,5,45.5,0.18,0.4,22.9,2.0,0,0,1.0,1.0,0.09,1.0,1.0,19:00:00,/en/matches/fb3cebfb/Lorient-Monaco-January-6-2021-Ligue-1
FRA-Ligue 1,2021,Lorient,2021-01-09 Bordeaux-Lorient,2021-01-09,Matchweek 19,Sat,Away,L,1,2,Bordeaux,1,12,4,33.3,0.08,0.25,19.0,0.0,0,0,1.2,1.2,0.11,-0.2,-0.2,21:00:00,/en/matches/7adc2a05/Bordeaux-Lorient-January-9-2021-Ligue-1
FRA-Ligue 1,2021,Lorient,2021-01-27 Lorient-Dijon,2021-01-27,Matchweek 20,Wed,Home,W,3,2,Dijon,3,14,5,35.7,0.21,0.6,17.1,1.0,0,0,1.2,1.2,0.09,1.8,1.8,21:00:00,/en/matches/5c367828/Lorient-Dijon-January-27-2021-Ligue-1
FRA-Ligue 1,2021,Lorient,2021-01-31 Lorient-Paris S-G,2021-01-31,Matchweek 22,Sun,Home,W,3,2,Paris S-G,3,16,5,31.3,0.19,0.6,19.1,1.0,0,0,1.8,1.8,0.12,1.2,1.2,15:00:00,/en/matches/0439be7e/Lorient-Paris-Saint-Germain-January-31-2021-Ligue-1
FRA-Ligue 1,2021,Lorient,2021-02-03 Rennes-Lorient,2021-02-03,Matchweek 23,Wed,Away,D,1,1,Rennes,1,12,3,25.0,0.08,0.33,18.2,0.0,0,0,0.8,0.8,0.07,0.2,0.2,19:00:00,/en/matches/5834a902/Rennes-Lorient-February-3-2021-Ligue-1
FRA-Ligue 1,2021,Lorient,2021-02-06 Lorient-Reims,2021-02-06,Matchweek 24,Sat,Home,W,1,0,Reims,1,9,3,33.3,0.11,0.33,30.6,1.0,0,0,1.0,1.0,0.11,0.0,0.0,17:00:00,/en/matches/efa9508b/Lorient-Reims-February-6-2021-Ligue-1
FRA-Ligue 1,2021,Lorient,2021-02-14 Monaco-Lorient,2021-02-14,Matchweek 25,Sun,Away,D,2,2,Monaco,2,4,1,25.0,0.25,1.0,32.9,0.0,1,1,1.3,0.5,0.12,0.7,0.5,13:00:00,/en/matches/6c45a288/Monaco-Lorient-February-14-2021-Ligue-1
FRA-Ligue 1,2021,Lorient,2021-02-21 Lorient-Lille,2021-02-21,Matchweek 26,Sun,Home,L,1,4,Lille,1,8,3,37.5,0.13,0.33,23.1,0.0,0,0,0.3,0.3,0.04,0.7,0.7,17:00:00,/en/matches/e085fcab/Lorient-Lille-February-21-2021-Ligue-1
FRA-Ligue 1,2021,Lorient,2021-02-24 Nîmes-Lorient,2021-02-24,Matchweek 21,Wed,Away,L,0,1,Nîmes,0,11,3,27.3,0.0,0.0,23.4,1.0,0,0,0.5,0.5,0.04,-0.5,-0.5,19:00:00,/en/matches/dda09113/Nimes-Lorient-February-24-2021-Ligue-1
FRA-Ligue 1,2021,Lorient,2021-02-28 Lorient-Saint-Étienne,2021-02-28,Matchweek 27,Sun,Home,W,2,1,Saint-Étienne,2,11,3,27.3,0.18,0.67,24.5,3.0,0,0,1.0,1.0,0.09,1.0,1.0,15:00:00,/en/matches/b2f8a734/Lorient-Saint-Etienne-February-28-2021-Ligue-1
FRA-Ligue 1,2021,Lorient,2021-03-03 Montpellier-Lorient,2021-03-03,Matchweek 28,Wed,Away,D,1,1,Montpellier,1,13,5,38.5,0.0,0.0,21.7,1.0,1,1,2.0,1.3,0.1,-1.0,-1.3,21:00:00,/en/matches/eac797f8/Montpellier-Lorient-March-3-2021-Ligue-1
FRA-Ligue 1,2021,Lorient,2021-03-14 Lorient-Nice,2021-03-14,Matchweek 29,Sun,Home,D,1,1,Nice,1,17,7,41.2,0.06,0.14,18.3,0.0,0,0,2.2,2.2,0.13,-1.2,-1.2,15:00:00,/en/matches/73e8e19e/Lorient-Nice-March-14-2021-Ligue-1
FRA-Ligue 1,2021,Lorient,2021-03-21 Nantes-Lorient,2021-03-21,Matchweek 30,Sun,Away,D,1,1,Nantes,1,15,3,20.0,0.07,0.33,22.6,2.0,0,0,0.9,0.9,0.06,0.1,0.1,15:00:00,/en/matches/3b1c6bf8/Nantes-Lorient-March-21-2021-Ligue-1
FRA-Ligue 1,2021,Lorient,2021-04-04 Lorient-Brest,2021-04-04,Matchweek 31,Sun,Home,W,1,0,Brest,1,13,4,30.8,0.08,0.25,22.1,4.0,0,0,1.5,1.5,0.12,-0.5,-0.5,15:00:00,/en/matches/c3e07f26/Lorient-Brest-April-4-2021-Ligue-1
FRA-Ligue 1,2021,Lorient,2021-04-11 Lens-Lorient,2021-04-11,Matchweek 32,Sun,Away,L,1,4,Lens,1,17,5,29.4,0.06,0.2,14.1,0.0,0,0,2.0,2.0,0.12,-1.0,-1.0,15:00:00,/en/matches/8bd928a1/Lens-Lorient-April-11-2021-Ligue-1
FRA-Ligue 1,2021,Lorient,2021-04-17 Marseille-Lorient,2021-04-17,Matchweek 33,Sat,Away,L,2,3,Marseille,2,12,6,50.0,0.17,0.33,21.8,2.0,0,0,1.4,1.4,0.11,0.6,0.6,17:00:00,/en/matches/fd8c8405/Marseille-Lorient-April-17-2021-Ligue-1
FRA-Ligue 1,2021,Lorient,2021-04-25 Lorient-Bordeaux,2021-04-25,Matchweek 34,Sun,Home,W,4,1,Bordeaux,4,13,7,53.8,0.31,0.57,16.5,1.0,0,0,1.9,1.9,0.15,2.1,2.1,15:00:00,/en/matches/e20ecbc9/Lorient-Bordeaux-April-25-2021-Ligue-1
FRA-Ligue 1,2021,Lorient,2021-05-02 Lorient-Angers,2021-05-02,Matchweek 35,Sun,Home,W,2,0,Angers,2,12,3,25.0,0.08,0.33,19.7,2.0,1,1,1.7,1.5,0.13,0.3,-0.5,15:00:00,/en/matches/4960b9d0/Lorient-Angers-May-2-2021-Ligue-1
FRA-Ligue 1,2021,Lorient,2021-05-08 Lyon-Lorient,2021-05-08,Matchweek 36,Sat,Away,L,1,4,Lyon,1,8,2,25.0,0.13,0.5,22.5,0.0,0,0,0.6,0.6,0.07,0.4,0.4,17:00:00,/en/matches/564cd242/Lyon-Lorient-May-8-2021-Ligue-1
FRA-Ligue 1,2021,Lorient,2021-05-16 Lorient-Metz,2021-05-16,Matchweek 37,Sun,Home,W,2,1,Metz,2,5,1,20.0,0.2,1.0,19.0,0.0,1,1,1.4,0.6,0.12,0.6,0.4,21:00:00,/en/matches/7d8a4586/Lorient-Metz-May-16-2021-Ligue-1
FRA-Ligue 1,2021,Lorient,2021-05-23 Strasbourg-Lorient,2021-05-23,Matchweek 38,Sun,Away,D,1,1,Strasbourg,1,7,1,14.3,0.14,1.0,23.0,1.0,0,0,0.4,0.4,0.06,0.6,0.6,21:00:00,/en/matches/9e789fd5/Strasbourg-Lorient-May-23-2021-Ligue-1
FRA-Ligue 1,2021,Lyon,2020-08-28 Lyon-Dijon,2020-08-28,Matchweek 2,Fri,Home,W,4,1,Dijon,3,25,10,40.0,0.04,0.1,15.6,0.0,2,2,4.6,3.0,0.12,-1.6,-2.0,21:00:00,/en/matches/7512406f/Lyon-Dijon-August-28-2020-Ligue-1
FRA-Ligue 1,2021,Lyon,2020-09-11 Bordeaux-Lyon,2020-09-11,Matchweek 3,Fri,Away,D,0,0,Bordeaux,0,20,3,15.0,0.0,0.0,19.1,3.0,0,0,2.0,2.0,0.1,-2.0,-2.0,21:00:00,/en/matches/c39f66b9/Bordeaux-Lyon-September-11-2020-Ligue-1
FRA-Ligue 1,2021,Lyon,2020-09-15 Montpellier-Lyon,2020-09-15,Matchweek 1,Tue,Away,L,1,2,Montpellier,1,18,6,33.3,0.0,0.0,18.0,1.0,1,1,2.3,1.5,0.09,-1.3,-1.5,21:00:00,/en/matches/5581d486/Montpellier-Lyon-September-15-2020-Ligue-1
FRA-Ligue 1,2021,Lyon,2020-09-18 Lyon-Nîmes,2020-09-18,Matchweek 4,Fri,Home,D,0,0,Nîmes,0,16,3,18.8,0.0,0.0,18.4,0.0,0,0,1.4,1.4,0.09,-1.4,-1.4,21:00:00,/en/matches/01b7d3d4/Lyon-Nimes-September-18-2020-Ligue-1
FRA-Ligue 1,2021,Lyon,2020-09-27 Lorient-Lyon,2020-09-27,Matchweek 5,Sun,Away,D,1,1,Lorient,1,19,6,31.6,0.05,0.17,21.2,1.0,0,0,1.0,1.0,0.05,0.0,0.0,17:00:00,/en/matches/961244d7/Lorient-Lyon-September-27-2020-Ligue-1
FRA-Ligue 1,2021,Lyon,2020-10-04 Lyon-Marseille,2020-10-04,Matchweek 6,Sun,Home,D,1,1,Marseille,1,23,2,8.7,0.0,0.0,16.4,0.0,1,1,3.2,2.4,0.11,-2.2,-2.4,21:00:00,/en/matches/bdf0a01e/Choc-des-Olympiques-Lyon-Marseille-October-4-2020-Ligue-1
FRA-Ligue 1,2021,Lyon,2020-10-18 Strasbourg-Lyon,2020-10-18,Matchweek 7,Sun,Away,W,3,2,Strasbourg,3,14,6,42.9,0.21,0.5,12.6,1.0,0,0,3.9,3.9,0.28,-0.9,-0.9,13:00:00,/en/matches/fbfe5e73/Strasbourg-Lyon-October-18-2020-Ligue-1
FRA-Ligue 1,2021,Lyon,2020-10-25 Lyon-Monaco,2020-10-25,Matchweek 8,Sun,Home,W,4,1,Monaco,4,14,5,35.7,0.21,0.6,21.7,2.0,1,1,3.3,2.6,0.18,0.7,0.4,21:00:00,/en/matches/4073f54c/Lyon-Monaco-October-25-2020-Ligue-1
FRA-Ligue 1,2021,Lyon,2020-11-01 Lille-Lyon,2020-11-01,Matchweek 9,Sun,Away,D,1,1,Lille,0,8,1,12.5,0.0,0.0,17.3,0.0,0,0,0.6,0.6,0.08,-0.6,-0.6,21:00:00,/en/matches/10d8666c/Lille-Lyon-November-1-2020-Ligue-1
FRA-Ligue 1,2021,Lyon,2020-11-08 Lyon-Saint-Étienne,2020-11-08,Matchweek 10,Sun,Home,W,2,1,Saint-Étienne,2,18,6,33.3,0.11,0.33,16.0,2.0,0,0,2.8,2.8,0.16,-0.8,-0.8,21:00:00,/en/matches/16a2ea79/Lyon-Saint-Etienne-November-8-2020-Ligue-1
FRA-Ligue 1,2021,Lyon,2020-11-22 Angers-Lyon,2020-11-22,Matchweek 11,Sun,Away,W,1,0,Angers,1,5,2,40.0,0.2,0.5,10.0,0.0,0,0,1.0,1.0,0.2,0.0,0.0,17:00:00,/en/matches/7015e72d/Angers-Lyon-November-22-2020-Ligue-1
FRA-Ligue 1,2021,Lyon,2020-11-29 Lyon-Reims,2020-11-29,Matchweek 12,Sun,Home,W,3,0,Reims,3,15,4,26.7,0.2,0.75,18.6,3.0,0,0,1.7,1.7,0.12,1.3,1.3,13:00:00,/en/matches/4301f4b9/Lyon-Reims-November-29-2020-Ligue-1
FRA-Ligue 1,2021,Lyon,2020-12-06 Metz-Lyon,2020-12-06,Matchweek 13,Sun,Away,W,3,1,Metz,3,18,5,27.8,0.17,0.6,14.5,0.0,0,0,1.6,1.6,0.09,1.4,1.4,21:00:00,/en/matches/39e71d02/Metz-Lyon-December-6-2020-Ligue-1
FRA-Ligue 1,2021,Lyon,2020-12-13 Paris S-G-Lyon,2020-12-13,Matchweek 14,Sun,Away,W,1,0,Paris S-G,1,9,5,55.6,0.11,0.2,20.2,0.0,0,0,0.8,0.8,0.09,0.2,0.2,21:00:00,/en/matches/99d657ba/Paris-Saint-Germain-Lyon-December-13-2020-Ligue-1
FRA-Ligue 1,2021,Lyon,2020-12-16 Lyon-Brest,2020-12-16,Matchweek 15,Wed,Home,D,2,2,Brest,2,27,10,37.0,0.04,0.1,18.0,0.0,1,1,3.8,3.0,0.12,-1.8,-2.0,21:00:00,/en/matches/b1b2b42a/Lyon-Brest-December-16-2020-Ligue-1
FRA-Ligue 1,2021,Lyon,2020-12-19 Nice-Lyon,2020-12-19,Matchweek 16,Sat,Away,W,4,1,Nice,4,12,8,66.7,0.25,0.38,18.3,1.0,1,1,3.3,2.5,0.21,0.7,0.5,21:00:00,/en/matches/03613921/Nice-Lyon-December-19-2020-Ligue-1
FRA-Ligue 1,2021,Lyon,2020-12-23 Lyon-Nantes,2020-12-23,Matchweek 17,Wed,Home,W,3,0,Nantes,3,22,11,50.0,0.14,0.27,14.9,0.0,0,0,3.6,3.6,0.17,-0.6,-0.6,21:00:00,/en/matches/9cd0e1eb/Lyon-Nantes-December-23-2020-Ligue-1
FRA-Ligue 1,2021,Lyon,2021-01-06 Lyon-Lens,2021-01-06,Matchweek 18,Wed,Home,W,3,2,Lens,2,10,5,50.0,0.1,0.2,21.1,1.0,1,1,1.9,1.1,0.11,0.1,-0.1,21:00:00,/en/matches/4dd5ba55/Lyon-Lens-January-6-2021-Ligue-1
FRA-Ligue 1,2021,Lyon,2021-01-09 Rennes-Lyon,2021-01-09,Matchweek 19,Sat,Away,D,2,2,Rennes,2,13,4,30.8,0.15,0.5,19.3,0.0,0,0,0.8,0.8,0.06,1.2,1.2,21:00:00,/en/matches/a17d9c6a/Rennes-Lyon-January-9-2021-Ligue-1
FRA-Ligue 1,2021,Lyon,2021-01-17 Lyon-Metz,2021-01-17,Matchweek 20,Sun,Home,L,0,1,Metz,0,23,5,21.7,0.0,0.0,16.3,0.0,0,0,1.5,1.5,0.07,-1.5,-1.5,21:00:00,/en/matches/de561d96/Lyon-Metz-January-17-2021-Ligue-1
FRA-Ligue 1,2021,Lyon,2021-01-24 Saint-Étienne-Lyon,2021-01-24,Matchweek 21,Sun,Away,W,5,0,Saint-Étienne,4,18,11,61.1,0.22,0.36,16.7,0.0,0,0,2.1,2.1,0.12,1.9,1.9,21:00:00,/en/matches/f0d4e4fc/Saint-Etienne-Lyon-January-24-2021-Ligue-1
FRA-Ligue 1,2021,Lyon,2021-01-29 Lyon-Bordeaux,2021-01-29,Matchweek 22,Fri,Home,W,2,1,Bordeaux,2,10,4,40.0,0.2,0.5,20.2,2.0,0,0,1.0,1.0,0.1,1.0,1.0,21:00:00,/en/matches/308c218f/Lyon-Bordeaux-January-29-2021-Ligue-1
FRA-Ligue 1,2021,Lyon,2021-02-03 Dijon-Lyon,2021-02-03,Matchweek 23,Wed,Away,W,1,0,Dijon,1,16,8,50.0,0.06,0.13,15.6,0.0,0,0,2.5,2.5,0.16,-1.5,-1.5,21:00:00,/en/matches/bf694a73/Dijon-Lyon-February-3-2021-Ligue-1
FRA-Ligue 1,2021,Lyon,2021-02-06 Lyon-Strasbourg,2021-02-06,Matchweek 24,Sat,Home,W,3,0,Strasbourg,3,16,8,50.0,0.19,0.38,19.5,2.0,0,0,1.4,1.4,0.09,1.6,1.6,19:00:00,/en/matches/189c7e24/Lyon-Strasbourg-February-6-2021-Ligue-1
FRA-Ligue 1,2021,Lyon,2021-02-13 Lyon-Montpellier,2021-02-13,Matchweek 25,Sat,Home,L,1,2,Montpellier,1,24,8,33.3,0.04,0.13,13.6,0.0,0,0,4.4,4.4,0.2,-3.4,-3.4,21:00:00,/en/matches/385da91b/Lyon-Montpellier-February-13-2021-Ligue-1
FRA-Ligue 1,2021,Lyon,2021-02-19 Brest-Lyon,2021-02-19,Matchweek 26,Fri,Away,W,3,2,Brest,3,15,6,40.0,0.13,0.33,15.2,1.0,1,1,3.2,2.4,0.16,-0.2,-0.4,21:00:00,/en/matches/c5b56eba/Brest-Lyon-February-19-2021-Ligue-1
FRA-Ligue 1,2021,Lyon,2021-02-28 Marseille-Lyon,2021-02-28,Matchweek 27,Sun,Away,D,1,1,Marseille,1,11,1,9.1,0.09,1.0,22.6,1.0,0,0,0.6,0.6,0.06,0.4,0.4,21:00:00,/en/matches/46581524/Choc-des-Olympiques-Marseille-Lyon-February-28-2021-Ligue-1
FRA-Ligue 1,2021,Lyon,2021-03-03 Lyon-Rennes,2021-03-03,Matchweek 28,Wed,Home,W,1,0,Rennes,1,15,7,46.7,0.07,0.14,17.0,0.0,0,0,2.2,2.2,0.15,-1.2,-1.2,19:00:00,/en/matches/423f56db/Lyon-Rennes-March-3-2021-Ligue-1
FRA-Ligue 1,2021,Lyon,2021-03-12 Reims-Lyon,2021-03-12,Matchweek 29,Fri,Away,D,1,1,Reims,1,17,6,35.3,0.06,0.17,19.2,0.0,0,0,1.5,1.5,0.09,-0.5,-0.5,21:00:00,/en/matches/6f1ea543/Reims-Lyon-March-12-2021-Ligue-1
FRA-Ligue 1,2021,Lyon,2021-03-21 Lyon-Paris S-G,2021-03-21,Matchweek 30,Sun,Home,L,2,4,Paris S-G,2,8,7,87.5,0.25,0.29,17.6,0.0,0,0,0.8,0.8,0.1,1.2,1.2,21:00:00,/en/matches/bb18a4cc/Lyon-Paris-Saint-Germain-March-21-2021-Ligue-1
FRA-Ligue 1,2021,Lyon,2021-04-03 Lens-Lyon,2021-04-03,Matchweek 31,Sat,Away,D,1,1,Lens,1,15,5,33.3,0.07,0.2,16.5,0.0,0,0,2.1,2.1,0.14,-1.1,-1.1,21:00:00,/en/matches/52a508da/Lens-Lyon-April-3-2021-Ligue-1
FRA-Ligue 1,2021,Lyon,2021-04-11 Lyon-Angers,2021-04-11,Matchweek 32,Sun,Home,W,3,0,Angers,3,16,6,37.5,0.19,0.5,15.4,0.0,0,0,2.6,2.6,0.17,0.4,0.4,21:00:00,/en/matches/4d4dc0b9/Lyon-Angers-April-11-2021-Ligue-1
FRA-Ligue 1,2021,Lyon,2021-04-18 Nantes-Lyon,2021-04-18,Matchweek 33,Sun,Away,W,2,1,Nantes,2,10,3,30.0,0.1,0.33,18.9,0.0,1,1,1.7,0.9,0.09,0.3,0.1,21:00:00,/en/matches/a2b60b56/Nantes-Lyon-April-18-2021-Ligue-1
FRA-Ligue 1,2021,Lyon,2021-04-25 Lyon-Lille,2021-04-25,Matchweek 34,Sun,Home,L,2,3,Lille,1,7,2,28.6,0.14,0.5,14.8,0.0,0,0,1.0,1.0,0.14,0.0,0.0,21:00:00,/en/matches/b312c935/Lyon-Lille-April-25-2021-Ligue-1
FRA-Ligue 1,2021,Lyon,2021-05-02 Monaco-Lyon,2021-05-02,Matchweek 35,Sun,Away,W,3,2,Monaco,3,17,5,29.4,0.18,0.6,17.8,0.0,0,0,1.2,1.2,0.07,1.8,1.8,21:00:00,/en/matches/27e1ab19/Monaco-Lyon-May-2-2021-Ligue-1
FRA-Ligue 1,2021,Lyon,2021-05-08 Lyon-Lorient,2021-05-08,Matchweek 36,Sat,Home,W,4,1,Lorient,4,24,9,37.5,0.13,0.33,15.2,0.0,1,1,4.3,3.6,0.16,-0.3,-0.6,17:00:00,/en/matches/564cd242/Lyon-Lorient-May-8-2021-Ligue-1
FRA-Ligue 1,2021,Lyon,2021-05-16 Nîmes-Lyon,2021-05-16,Matchweek 37,Sun,Away,W,5,2,Nîmes,5,21,13,61.9,0.24,0.38,19.1,1.0,0,0,2.4,2.4,0.12,2.6,2.6,21:00:00,/en/matches/cbcc34d4/Nimes-Lyon-May-16-2021-Ligue-1
FRA-Ligue 1,2021,Lyon,2021-05-23 Lyon-Nice,2021-05-23,Matchweek 38,Sun,Home,L,2,3,Nice,2,12,6,50.0,0.17,0.33,15.7,1.0,0,0,1.4,1.4,0.12,0.6,0.6,21:00:00,/en/matches/cb4cd692/Lyon-Nice-May-23-2021-Ligue-1
FRA-Ligue 1,2021,Marseille,2020-08-30 Brest-Marseille,2020-08-30,Matchweek 2,Sun,Away,W,3,2,Brest,3,7,4,57.1,0.43,0.75,12.4,0.0,0,0,1.0,1.0,0.15,2.0,2.0,21:00:00,/en/matches/f5d3ffde/Brest-Marseille-August-30-2020-Ligue-1
FRA-Ligue 1,2021,Marseille,2020-09-13 Paris S-G-Marseille,2020-09-13,Matchweek 3,Sun,Away,W,1,0,Paris S-G,1,5,2,40.0,0.2,0.5,19.3,0.0,0,0,0.8,0.8,0.15,0.2,0.2,21:00:00,/en/matches/84e1075c/Paris-Saint-Germain-Marseille-September-13-2020-Ligue-1
FRA-Ligue 1,2021,Marseille,2020-09-17 Marseille-Saint-Étienne,2020-09-17,Matchweek 1,Thu,Home,L,0,2,Saint-Étienne,0,13,2,15.4,0.0,0.0,13.1,1.0,0,0,2.2,2.2,0.19,-2.2,-2.2,21:00:00,/en/matches/bc9039b3/Marseille-Saint-Etienne-September-17-2020-Ligue-1
FRA-Ligue 1,2021,Marseille,2020-09-20 Marseille-Lille,2020-09-20,Matchweek 4,Sun,Home,D,1,1,Lille,1,11,2,18.2,0.09,0.5,20.8,0.0,0,0,0.7,0.7,0.07,0.3,0.3,21:00:00,/en/matches/f0f694dd/Marseille-Lille-September-20-2020-Ligue-1
FRA-Ligue 1,2021,Marseille,2020-09-26 Marseille-Metz,2020-09-26,Matchweek 5,Sat,Home,D,1,1,Metz,1,17,3,17.6,0.06,0.33,22.0,1.0,0,0,0.9,0.9,0.06,0.1,0.1,21:00:00,/en/matches/5a5a6c41/Marseille-Metz-September-26-2020-Ligue-1
FRA-Ligue 1,2021,Marseille,2020-10-04 Lyon-Marseille,2020-10-04,Matchweek 6,Sun,Away,D,1,1,Lyon,1,3,1,33.3,0.33,1.0,27.4,0.0,0,0,0.3,0.3,0.1,0.7,0.7,21:00:00,/en/matches/bdf0a01e/Choc-des-Olympiques-Lyon-Marseille-October-4-2020-Ligue-1
FRA-Ligue 1,2021,Marseille,2020-10-17 Marseille-Bordeaux,2020-10-17,Matchweek 7,Sat,Home,W,3,1,Bordeaux,2,5,3,60.0,0.4,0.67,19.1,0.0,0,1,1.0,0.2,0.05,1.0,1.8,21:00:00,/en/matches/e28d90ff/Marseille-Bordeaux-October-17-2020-Ligue-1
FRA-Ligue 1,2021,Marseille,2020-10-24 Lorient-Marseille,2020-10-24,Matchweek 8,Sat,Away,W,1,0,Lorient,1,15,3,20.0,0.07,0.33,18.5,0.0,0,0,1.2,1.2,0.08,-0.2,-0.2,17:00:00,/en/matches/647d6f74/Lorient-Marseille-October-24-2020-Ligue-1
FRA-Ligue 1,2021,Marseille,2020-11-06 Strasbourg-Marseille,2020-11-06,Matchweek 10,Fri,Away,W,1,0,Strasbourg,1,1,1,100.0,1.0,1.0,20.9,0.0,0,0,0.1,0.1,0.07,0.9,0.9,21:00:00,/en/matches/8491adfc/Strasbourg-Marseille-November-6-2020-Ligue-1
FRA-Ligue 1,2021,Marseille,2020-11-28 Marseille-Nantes,2020-11-28,Matchweek 12,Sat,Home,W,3,1,Nantes,3,14,8,57.1,0.14,0.25,17.0,2.0,1,1,2.8,2.0,0.14,0.2,0.0,17:00:00,/en/matches/9ade19b5/Marseille-Nantes-November-28-2020-Ligue-1
FRA-Ligue 1,2021,Marseille,2020-12-04 Nîmes-Marseille,2020-12-04,Matchweek 13,Fri,Away,W,2,0,Nîmes,2,17,4,23.5,0.12,0.5,15.2,0.0,0,0,2.3,2.3,0.13,-0.3,-0.3,21:00:00,/en/matches/a0106768/Nimes-Marseille-December-4-2020-Ligue-1
FRA-Ligue 1,2021,Marseille,2020-12-12 Marseille-Monaco,2020-12-12,Matchweek 14,Sat,Home,W,2,1,Monaco,2,5,2,40.0,0.4,1.0,11.4,0.0,0,0,1.3,1.3,0.27,0.7,0.7,17:00:00,/en/matches/c82895c6/Marseille-Monaco-December-12-2020-Ligue-1
FRA-Ligue 1,2021,Marseille,2020-12-16 Rennes-Marseille,2020-12-16,Matchweek 15,Wed,Away,L,1,2,Rennes,1,8,1,12.5,0.13,1.0,20.1,1.0,0,0,1.2,1.2,0.15,-0.2,-0.2,21:00:00,/en/matches/7757b78e/Rennes-Marseille-December-16-2020-Ligue-1
FRA-Ligue 1,2021,Marseille,2020-12-19 Marseille-Reims,2020-12-19,Matchweek 16,Sat,Home,D,1,1,Reims,1,12,6,50.0,0.08,0.17,14.3,0.0,0,0,1.3,1.3,0.11,-0.3,-0.3,19:00:00,/en/matches/bea6f7ea/Marseille-Reims-December-19-2020-Ligue-1
FRA-Ligue 1,2021,Marseille,2020-12-23 Angers-Marseille,2020-12-23,Matchweek 17,Wed,Away,L,1,2,Angers,1,7,1,14.3,0.14,1.0,21.4,0.0,0,1,1.5,0.7,0.11,-0.5,0.3,21:00:00,/en/matches/c145b8a8/Angers-Marseille-December-23-2020-Ligue-1
FRA-Ligue 1,2021,Marseille,2021-01-06 Marseille-Montpellier,2021-01-06,Matchweek 18,Wed,Home,W,3,1,Montpellier,3,18,7,38.9,0.17,0.43,18.6,0.0,0,0,2.3,2.3,0.13,0.7,0.7,21:00:00,/en/matches/bf3df422/Marseille-Montpellier-January-6-2021-Ligue-1
FRA-Ligue 1,2021,Marseille,2021-01-09 Dijon-Marseille,2021-01-09,Matchweek 19,Sat,Away,D,0,0,Dijon,0,11,4,36.4,0.0,0.0,17.5,1.0,0,0,1.5,1.5,0.14,-1.5,-1.5,21:00:00,/en/matches/dfba70b7/Dijon-Marseille-January-9-2021-Ligue-1
FRA-Ligue 1,2021,Marseille,2021-01-16 Marseille-Nîmes,2021-01-16,Matchweek 20,Sat,Home,L,1,2,Nîmes,1,13,6,46.2,0.08,0.17,19.6,1.0,0,1,2.0,1.2,0.1,-1.0,-0.2,17:00:00,/en/matches/e22fe1f8/Marseille-Nimes-January-16-2021-Ligue-1
FRA-Ligue 1,2021,Marseille,2021-01-20 Marseille-Lens,2021-01-20,Matchweek 9,Wed,Home,L,0,1,Lens,0,4,1,25.0,0.0,0.0,27.1,1.0,0,0,0.1,0.1,0.04,-0.1,-0.1,21:00:00,/en/matches/9f341fc9/Marseille-Lens-January-20-2021-Ligue-1
FRA-Ligue 1,2021,Marseille,2021-01-23 Monaco-Marseille,2021-01-23,Matchweek 21,Sat,Away,L,1,3,Monaco,1,5,1,20.0,0.2,1.0,21.8,0.0,0,0,0.5,0.5,0.11,0.5,0.5,21:00:00,/en/matches/d54f636f/Monaco-Marseille-January-23-2021-Ligue-1
FRA-Ligue 1,2021,Marseille,2021-02-03 Lens-Marseille,2021-02-03,Matchweek 23,Wed,Away,D,2,2,Lens,2,11,4,36.4,0.18,0.5,18.7,0.0,0,0,1.5,1.5,0.14,0.5,0.5,21:00:00,/en/matches/0042c990/Lens-Marseille-February-3-2021-Ligue-1
FRA-Ligue 1,2021,Marseille,2021-02-07 Marseille-Paris S-G,2021-02-07,Matchweek 24,Sun,Home,L,0,2,Paris S-G,0,12,4,33.3,0.0,0.0,20.7,0.0,0,0,0.6,0.6,0.05,-0.6,-0.6,21:00:00,/en/matches/c15805b7/Marseille-Paris-Saint-Germain-February-7-2021-Ligue-1
FRA-Ligue 1,2021,Marseille,2021-02-14 Bordeaux-Marseille,2021-02-14,Matchweek 25,Sun,Away,D,0,0,Bordeaux,0,4,0,0.0,0.0,,18.0,1.0,0,0,0.5,0.5,0.11,-0.5,-0.5,21:00:00,/en/matches/8f90873e/Bordeaux-Marseille-February-14-2021-Ligue-1
FRA-Ligue 1,2021,Marseille,2021-02-17 Marseille-Nice,2021-02-17,Matchweek 11,Wed,Home,W,3,2,Nice,3,8,4,50.0,0.38,0.75,20.1,0.0,0,0,0.7,0.7,0.09,2.3,2.3,21:00:00,/en/matches/1380e4f4/Marseille-Nice-February-17-2021-Ligue-1
FRA-Ligue 1,2021,Marseille,2021-02-20 Nantes-Marseille,2021-02-20,Matchweek 26,Sat,Away,D,1,1,Nantes,1,7,3,42.9,0.14,0.33,19.6,0.0,0,0,0.7,0.7,0.1,0.3,0.3,17:00:00,/en/matches/06e21793/Nantes-Marseille-February-20-2021-Ligue-1
FRA-Ligue 1,2021,Marseille,2021-02-28 Marseille-Lyon,2021-02-28,Matchweek 27,Sun,Home,D,1,1,Lyon,1,11,1,9.1,0.0,0.0,17.9,0.0,1,1,1.5,0.7,0.07,-0.5,-0.7,21:00:00,/en/matches/46581524/Choc-des-Olympiques-Marseille-Lyon-February-28-2021-Ligue-1
FRA-Ligue 1,2021,Marseille,2021-03-03 Lille-Marseille,2021-03-03,Matchweek 28,Wed,Away,L,0,2,Lille,0,3,1,33.3,0.0,0.0,23.4,1.0,0,0,0.1,0.1,0.04,-0.1,-0.1,21:00:00,/en/matches/734bdddc/Lille-Marseille-March-3-2021-Ligue-1
FRA-Ligue 1,2021,Marseille,2021-03-10 Marseille-Rennes,2021-03-10,Matchweek 22,Wed,Home,W,1,0,Rennes,1,9,2,22.2,0.11,0.5,12.9,0.0,0,0,0.6,0.6,0.07,0.4,0.4,19:00:00,/en/matches/1724ec53/Marseille-Rennes-March-10-2021-Ligue-1
FRA-Ligue 1,2021,Marseille,2021-03-13 Marseille-Brest,2021-03-13,Matchweek 29,Sat,Home,W,3,1,Brest,3,12,5,41.7,0.25,0.6,15.2,0.0,0,0,1.7,1.7,0.14,1.3,1.3,17:00:00,/en/matches/92b7f46b/Marseille-Brest-March-13-2021-Ligue-1
FRA-Ligue 1,2021,Marseille,2021-03-20 Nice-Marseille,2021-03-20,Matchweek 30,Sat,Away,L,0,3,Nice,0,7,2,28.6,0.0,0.0,21.0,0.0,0,0,0.4,0.4,0.06,-0.4,-0.4,17:00:00,/en/matches/32a19bdd/Nice-Marseille-March-20-2021-Ligue-1
FRA-Ligue 1,2021,Marseille,2021-04-04 Marseille-Dijon,2021-04-04,Matchweek 31,Sun,Home,W,2,0,Dijon,2,16,3,18.8,0.13,0.67,17.8,0.0,0,0,1.3,1.3,0.08,0.7,0.7,21:00:00,/en/matches/0e8e6b49/Marseille-Dijon-April-4-2021-Ligue-1
FRA-Ligue 1,2021,Marseille,2021-04-10 Montpellier-Marseille,2021-04-10,Matchweek 32,Sat,Away,D,3,3,Montpellier,3,13,7,53.8,0.23,0.43,17.8,0.0,0,0,1.6,1.6,0.13,1.4,1.4,21:00:00,/en/matches/9d336f48/Montpellier-Marseille-April-10-2021-Ligue-1
FRA-Ligue 1,2021,Marseille,2021-04-17 Marseille-Lorient,2021-04-17,Matchweek 33,Sat,Home,W,3,2,Lorient,3,13,5,38.5,0.23,0.6,13.6,0.0,0,0,2.2,2.2,0.17,0.8,0.8,17:00:00,/en/matches/fd8c8405/Marseille-Lorient-April-17-2021-Ligue-1
FRA-Ligue 1,2021,Marseille,2021-04-23 Reims-Marseille,2021-04-23,Matchweek 34,Fri,Away,W,3,1,Reims,3,11,6,54.5,0.27,0.5,18.5,1.0,0,0,2.1,2.1,0.19,0.9,0.9,21:00:00,/en/matches/6b30b4bd/Reims-Marseille-April-23-2021-Ligue-1
FRA-Ligue 1,2021,Marseille,2021-04-30 Marseille-Strasbourg,2021-04-30,Matchweek 35,Fri,Home,D,1,1,Strasbourg,1,8,4,50.0,0.13,0.25,20.0,1.0,0,0,1.0,1.0,0.12,0.0,0.0,21:00:00,/en/matches/ccf9386d/Marseille-Strasbourg-April-30-2021-Ligue-1
FRA-Ligue 1,2021,Marseille,2021-05-09 Saint-Étienne-Marseille,2021-05-09,Matchweek 36,Sun,Away,L,0,1,Saint-Étienne,0,15,4,26.7,0.0,0.0,17.7,4.0,0,0,1.6,1.6,0.11,-1.6,-1.6,13:00:00,/en/matches/73ac123f/Saint-Etienne-Marseille-May-9-2021-Ligue-1
FRA-Ligue 1,2021,Marseille,2021-05-16 Marseille-Angers,2021-05-16,Matchweek 37,Sun,Home,W,3,2,Angers,3,15,10,66.7,0.13,0.2,20.2,0.0,1,1,2.4,1.6,0.11,0.6,0.4,21:00:00,/en/matches/da6ea060/Marseille-Angers-May-16-2021-Ligue-1
FRA-Ligue 1,2021,Marseille,2021-05-23 Metz-Marseille,2021-05-23,Matchweek 38,Sun,Away,D,1,1,Metz,1,8,1,12.5,0.0,0.0,19.3,1.0,1,1,1.3,0.5,0.06,-0.3,-0.5,21:00:00,/en/matches/a73885a8/Metz-Marseille-May-23-2021-Ligue-1
FRA-Ligue 1,2021,Metz,2020-08-30 Metz-Monaco,2020-08-30,Matchweek 2,Sun,Home,L,0,1,Monaco,0,14,4,28.6,0.0,0.0,21.6,3.0,0,0,0.7,0.7,0.05,-0.7,-0.7,15:00:00,/en/matches/02d4a6a1/Metz-Monaco-August-30-2020-Ligue-1
FRA-Ligue 1,2021,Metz,2020-09-13 Lille-Metz,2020-09-13,Matchweek 3,Sun,Away,L,0,1,Lille,0,5,1,20.0,0.0,0.0,8.0,0.0,0,0,0.8,0.8,0.15,-0.8,-0.8,13:00:00,/en/matches/99507b5a/Lille-Metz-September-13-2020-Ligue-1
FRA-Ligue 1,2021,Metz,2020-09-16 Paris S-G-Metz,2020-09-16,Matchweek 1,Wed,Away,L,0,1,Paris S-G,0,7,1,14.3,0.0,0.0,17.9,0.0,0,0,0.9,0.9,0.14,-0.9,-0.9,21:00:00,/en/matches/c5bf1d57/Paris-Saint-Germain-Metz-September-16-2020-Ligue-1
FRA-Ligue 1,2021,Metz,2020-09-20 Metz-Reims,2020-09-20,Matchweek 4,Sun,Home,W,2,1,Reims,2,14,4,28.6,0.14,0.5,20.2,1.0,0,0,1.7,1.7,0.12,0.3,0.3,15:00:00,/en/matches/a0f9e058/Metz-Reims-September-20-2020-Ligue-1
FRA-Ligue 1,2021,Metz,2020-09-26 Marseille-Metz,2020-09-26,Matchweek 5,Sat,Away,D,1,1,Marseille,1,14,3,21.4,0.07,0.33,19.3,1.0,0,0,1.1,1.1,0.08,-0.1,-0.1,21:00:00,/en/matches/5a5a6c41/Marseille-Metz-September-26-2020-Ligue-1
FRA-Ligue 1,2021,Metz,2020-10-04 Metz-Lorient,2020-10-04,Matchweek 6,Sun,Home,W,3,1,Lorient,3,15,7,46.7,0.13,0.29,20.8,1.0,1,1,1.6,0.9,0.06,1.4,1.1,15:00:00,/en/matches/c14d22d4/Metz-Lorient-October-4-2020-Ligue-1
FRA-Ligue 1,2021,Metz,2020-10-18 Angers-Metz,2020-10-18,Matchweek 7,Sun,Away,D,1,1,Angers,1,7,3,42.9,0.14,0.33,20.0,2.0,0,0,1.1,1.1,0.16,-0.1,-0.1,15:00:00,/en/matches/36193c0a/Angers-Metz-October-18-2020-Ligue-1
FRA-Ligue 1,2021,Metz,2020-10-25 Metz-Saint-Étienne,2020-10-25,Matchweek 8,Sun,Home,W,2,0,Saint-Étienne,1,6,3,50.0,0.17,0.33,23.4,2.0,0,0,0.4,0.4,0.06,0.6,0.6,15:00:00,/en/matches/e20f9399/Metz-Saint-Etienne-October-25-2020-Ligue-1
FRA-Ligue 1,2021,Metz,2020-11-01 Nîmes-Metz,2020-11-01,Matchweek 9,Sun,Away,W,1,0,Nîmes,1,8,5,62.5,0.13,0.2,20.0,2.0,0,0,0.8,0.8,0.11,0.2,0.2,15:00:00,/en/matches/d3c9822f/Nimes-Metz-November-1-2020-Ligue-1
FRA-Ligue 1,2021,Metz,2020-11-08 Metz-Dijon,2020-11-08,Matchweek 10,Sun,Home,D,1,1,Dijon,1,14,3,21.4,0.07,0.33,19.9,2.0,0,1,2.2,1.5,0.11,-1.2,-0.5,15:00:00,/en/matches/3262d1d8/Metz-Dijon-November-8-2020-Ligue-1
FRA-Ligue 1,2021,Metz,2020-11-22 Nantes-Metz,2020-11-22,Matchweek 11,Sun,Away,D,1,1,Nantes,1,10,3,30.0,0.0,0.0,19.9,0.0,1,1,1.3,0.6,0.06,-0.3,-0.6,13:00:00,/en/matches/20aca344/Nantes-Metz-November-22-2020-Ligue-1
FRA-Ligue 1,2021,Metz,2020-11-29 Metz-Brest,2020-11-29,Matchweek 12,Sun,Home,L,0,2,Brest,0,15,6,40.0,0.0,0.0,20.6,2.0,0,0,0.9,0.9,0.06,-0.9,-0.9,15:00:00,/en/matches/57eeea74/Metz-Brest-November-29-2020-Ligue-1
FRA-Ligue 1,2021,Metz,2020-12-06 Metz-Lyon,2020-12-06,Matchweek 13,Sun,Home,L,1,3,Lyon,1,11,4,36.4,0.09,0.25,22.4,1.0,0,1,1.5,0.7,0.07,-0.5,0.3,21:00:00,/en/matches/39e71d02/Metz-Lyon-December-6-2020-Ligue-1
FRA-Ligue 1,2021,Metz,2020-12-13 Strasbourg-Metz,2020-12-13,Matchweek 14,Sun,Away,D,2,2,Strasbourg,2,4,1,25.0,0.25,1.0,26.2,0.0,1,2,1.7,0.3,0.06,0.3,0.7,15:00:00,/en/matches/d59fe5ea/Strasbourg-Metz-December-13-2020-Ligue-1
FRA-Ligue 1,2021,Metz,2020-12-16 Montpellier-Metz,2020-12-16,Matchweek 15,Wed,Away,W,2,0,Montpellier,2,8,4,50.0,0.13,0.25,21.4,0.0,1,1,1.7,0.9,0.12,0.3,0.1,19:00:00,/en/matches/d6277b7a/Montpellier-Metz-December-16-2020-Ligue-1
FRA-Ligue 1,2021,Metz,2020-12-19 Metz-Lens,2020-12-19,Matchweek 16,Sat,Home,W,2,0,Lens,2,12,4,33.3,0.17,0.5,16.7,0.0,0,0,1.0,1.0,0.08,1.0,1.0,17:00:00,/en/matches/26ba121c/Metz-Lens-December-19-2020-Ligue-1
FRA-Ligue 1,2021,Metz,2020-12-23 Rennes-Metz,2020-12-23,Matchweek 17,Wed,Away,L,0,1,Rennes,0,9,4,44.4,0.0,0.0,17.4,0.0,0,0,1.4,1.4,0.16,-1.4,-1.4,19:00:00,/en/matches/cb7d6ff7/Rennes-Metz-December-23-2020-Ligue-1
FRA-Ligue 1,2021,Metz,2021-01-06 Metz-Bordeaux,2021-01-06,Matchweek 18,Wed,Home,D,0,0,Bordeaux,0,9,3,33.3,0.0,0.0,15.8,0.0,0,0,0.9,0.9,0.1,-0.9,-0.9,19:00:00,/en/matches/91ee6562/Metz-Bordeaux-January-6-2021-Ligue-1
FRA-Ligue 1,2021,Metz,2021-01-09 Metz-Nice,2021-01-09,Matchweek 19,Sat,Home,D,1,1,Nice,1,16,5,31.3,0.06,0.2,22.5,0.0,0,0,1.2,1.2,0.08,-0.2,-0.2,21:00:00,/en/matches/4004356c/Metz-Nice-January-9-2021-Ligue-1
FRA-Ligue 1,2021,Metz,2021-01-17 Lyon-Metz,2021-01-17,Matchweek 20,Sun,Away,W,1,0,Lyon,1,18,3,16.7,0.06,0.33,20.0,0.0,0,0,1.9,1.9,0.1,-0.9,-0.9,21:00:00,/en/matches/de561d96/Lyon-Metz-January-17-2021-Ligue-1
FRA-Ligue 1,2021,Metz,2021-01-24 Metz-Nantes,2021-01-24,Matchweek 21,Sun,Home,W,2,0,Nantes,2,14,4,28.6,0.14,0.5,24.9,1.0,0,0,1.0,1.0,0.07,1.0,1.0,15:00:00,/en/matches/43511ac5/Metz-Nantes-January-24-2021-Ligue-1
FRA-Ligue 1,2021,Metz,2021-01-31 Brest-Metz,2021-01-31,Matchweek 22,Sun,Away,W,4,2,Brest,4,14,5,35.7,0.21,0.6,24.5,1.0,1,1,1.6,0.8,0.06,2.4,2.2,15:00:00,/en/matches/dedabe17/Brest-Metz-January-31-2021-Ligue-1
FRA-Ligue 1,2021,Metz,2021-02-03 Metz-Montpellier,2021-02-03,Matchweek 23,Wed,Home,D,1,1,Montpellier,1,17,6,35.3,0.06,0.17,20.3,0.0,0,0,0.9,0.9,0.06,0.1,0.1,19:00:00,/en/matches/d53b40e0/Metz-Montpellier-February-3-2021-Ligue-1
FRA-Ligue 1,2021,Metz,2021-02-07 Saint-Étienne-Metz,2021-02-07,Matchweek 24,Sun,Away,L,0,1,Saint-Étienne,0,10,0,0.0,0.0,,24.0,0.0,0,0,0.4,0.4,0.04,-0.4,-0.4,15:00:00,/en/matches/c839991c/Saint-Etienne-Metz-February-7-2021-Ligue-1
FRA-Ligue 1,2021,Metz,2021-02-14 Metz-Strasbourg,2021-02-14,Matchweek 25,Sun,Home,L,1,2,Strasbourg,1,14,2,14.3,0.07,0.5,18.1,1.0,0,0,1.7,1.7,0.12,-0.7,-0.7,15:00:00,/en/matches/13dd281c/Metz-Strasbourg-February-14-2021-Ligue-1
FRA-Ligue 1,2021,Metz,2021-02-21 Nice-Metz,2021-02-21,Matchweek 26,Sun,Away,W,2,1,Nice,2,11,4,36.4,0.18,0.5,17.7,1.0,0,0,1.2,1.2,0.12,0.8,0.8,15:00:00,/en/matches/336b4e23/Nice-Metz-February-21-2021-Ligue-1
FRA-Ligue 1,2021,Metz,2021-02-27 Bordeaux-Metz,2021-02-27,Matchweek 27,Sat,Away,W,2,1,Bordeaux,2,15,5,33.3,0.13,0.4,13.1,0.0,0,0,2.0,2.0,0.14,0.0,0.0,13:00:00,/en/matches/e0f22e82/Bordeaux-Metz-February-27-2021-Ligue-1
FRA-Ligue 1,2021,Metz,2021-03-03 Metz-Angers,2021-03-03,Matchweek 28,Wed,Home,L,0,1,Angers,0,15,2,13.3,0.0,0.0,20.6,2.0,0,0,0.8,0.8,0.05,-0.8,-0.8,19:00:00,/en/matches/667969fb/Metz-Angers-March-3-2021-Ligue-1
FRA-Ligue 1,2021,Metz,2021-03-14 Lens-Metz,2021-03-14,Matchweek 29,Sun,Away,D,2,2,Lens,2,6,3,50.0,0.17,0.33,20.0,0.0,1,1,1.5,0.7,0.12,0.5,0.3,15:00:00,/en/matches/131423e4/Lens-Metz-March-14-2021-Ligue-1
FRA-Ligue 1,2021,Metz,2021-03-20 Metz-Rennes,2021-03-20,Matchweek 30,Sat,Home,L,1,3,Rennes,1,14,2,14.3,0.07,0.5,20.0,0.0,0,0,0.7,0.7,0.05,0.3,0.3,13:00:00,/en/matches/cc1f739a/Metz-Rennes-March-20-2021-Ligue-1
FRA-Ligue 1,2021,Metz,2021-04-03 Monaco-Metz,2021-04-03,Matchweek 31,Sat,Away,L,0,4,Monaco,0,6,1,16.7,0.0,0.0,21.0,1.0,0,0,0.3,0.3,0.06,-0.3,-0.3,13:00:00,/en/matches/11fdf91b/Monaco-Metz-April-3-2021-Ligue-1
FRA-Ligue 1,2021,Metz,2021-04-09 Metz-Lille,2021-04-09,Matchweek 32,Fri,Home,L,0,2,Lille,0,17,6,35.3,0.0,0.0,22.0,1.0,0,1,2.1,1.4,0.08,-2.1,-1.4,21:00:00,/en/matches/be261d66/Metz-Lille-April-9-2021-Ligue-1
FRA-Ligue 1,2021,Metz,2021-04-18 Reims-Metz,2021-04-18,Matchweek 33,Sun,Away,D,0,0,Reims,0,11,2,18.2,0.0,0.0,23.0,2.0,0,0,0.7,0.7,0.07,-0.7,-0.7,15:00:00,/en/matches/b7a01ae1/Reims-Metz-April-18-2021-Ligue-1
FRA-Ligue 1,2021,Metz,2021-04-24 Metz-Paris S-G,2021-04-24,Matchweek 34,Sat,Home,L,1,3,Paris S-G,1,8,3,37.5,0.13,0.33,18.5,0.0,0,0,0.7,0.7,0.08,0.3,0.3,17:00:00,/en/matches/370cea73/Metz-Paris-Saint-Germain-April-24-2021-Ligue-1
FRA-Ligue 1,2021,Metz,2021-05-02 Dijon-Metz,2021-05-02,Matchweek 35,Sun,Away,W,5,1,Dijon,4,14,6,42.9,0.29,0.67,19.4,1.0,0,0,1.5,1.5,0.11,2.5,2.5,15:00:00,/en/matches/1a56a046/Dijon-Metz-May-2-2021-Ligue-1
FRA-Ligue 1,2021,Metz,2021-05-09 Metz-Nîmes,2021-05-09,Matchweek 36,Sun,Home,L,0,3,Nîmes,0,11,2,18.2,0.0,0.0,21.6,0.0,0,0,0.7,0.7,0.07,-0.7,-0.7,15:00:00,/en/matches/f4478aa3/Metz-Nimes-May-9-2021-Ligue-1
FRA-Ligue 1,2021,Metz,2021-05-16 Lorient-Metz,2021-05-16,Matchweek 37,Sun,Away,L,1,2,Lorient,1,3,1,33.3,0.33,1.0,38.9,2.0,0,0,0.1,0.1,0.03,0.9,0.9,21:00:00,/en/matches/7d8a4586/Lorient-Metz-May-16-2021-Ligue-1
FRA-Ligue 1,2021,Metz,2021-05-23 Metz-Marseille,2021-05-23,Matchweek 38,Sun,Home,D,1,1,Marseille,1,9,2,22.2,0.0,0.0,31.5,1.0,1,1,1.1,0.4,0.04,-0.1,-0.4,21:00:00,/en/matches/a73885a8/Metz-Marseille-May-23-2021-Ligue-1
FRA-Ligue 1,2021,Monaco,2020-08-23 Monaco-Reims,2020-08-23,Matchweek 1,Sun,Home,D,2,2,Reims,2,22,5,22.7,0.09,0.4,16.3,0.0,0,0,1.8,1.8,0.09,0.2,0.2,13:00:00,/en/matches/b3bddcc0/Monaco-Reims-August-23-2020-Ligue-1
FRA-Ligue 1,2021,Monaco,2020-08-30 Metz-Monaco,2020-08-30,Matchweek 2,Sun,Away,W,1,0,Metz,1,3,2,66.7,0.33,0.5,18.4,0.0,0,0,0.2,0.2,0.08,0.8,0.8,15:00:00,/en/matches/02d4a6a1/Metz-Monaco-August-30-2020-Ligue-1
FRA-Ligue 1,2021,Monaco,2020-09-13 Monaco-Nantes,2020-09-13,Matchweek 3,Sun,Home,W,2,1,Nantes,2,18,5,27.8,0.11,0.4,14.6,0.0,0,0,2.3,2.3,0.13,-0.3,-0.3,17:00:00,/en/matches/13159177/Monaco-Nantes-September-13-2020-Ligue-1
FRA-Ligue 1,2021,Monaco,2020-09-19 Rennes-Monaco,2020-09-19,Matchweek 4,Sat,Away,L,1,2,Rennes,1,14,2,14.3,0.07,0.5,16.8,1.0,0,0,0.9,0.9,0.07,0.1,0.1,21:00:00,/en/matches/17da8c83/Rennes-Monaco-September-19-2020-Ligue-1
FRA-Ligue 1,2021,Monaco,2020-09-27 Monaco-Strasbourg,2020-09-27,Matchweek 5,Sun,Home,W,3,2,Strasbourg,3,11,5,45.5,0.27,0.6,19.1,1.0,0,0,1.3,1.3,0.12,1.7,1.7,15:00:00,/en/matches/6901ecbc/Monaco-Strasbourg-September-27-2020-Ligue-1
FRA-Ligue 1,2021,Monaco,2020-10-04 Brest-Monaco,2020-10-04,Matchweek 6,Sun,Away,L,0,1,Brest,0,21,2,9.5,0.0,0.0,18.6,2.0,0,0,1.2,1.2,0.06,-1.2,-1.2,15:00:00,/en/matches/020a699d/Brest-Monaco-October-4-2020-Ligue-1
FRA-Ligue 1,2021,Monaco,2020-10-18 Monaco-Montpellier,2020-10-18,Matchweek 7,Sun,Home,D,1,1,Montpellier,1,20,6,30.0,0.0,0.0,19.4,1.0,1,1,2.2,1.5,0.07,-1.2,-1.5,15:00:00,/en/matches/d9596cec/Monaco-Montpellier-October-18-2020-Ligue-1
FRA-Ligue 1,2021,Monaco,2020-10-25 Lyon-Monaco,2020-10-25,Matchweek 8,Sun,Away,L,1,4,Lyon,1,17,4,23.5,0.0,0.0,19.5,3.0,1,1,2.0,1.2,0.07,-1.0,-1.2,21:00:00,/en/matches/4073f54c/Lyon-Monaco-October-25-2020-Ligue-1
FRA-Ligue 1,2021,Monaco,2020-11-01 Monaco-Bordeaux,2020-11-01,Matchweek 9,Sun,Home,W,4,0,Bordeaux,4,16,5,31.3,0.19,0.6,15.3,0.0,1,1,3.5,2.8,0.17,0.5,0.2,17:00:00,/en/matches/371ae7de/Monaco-Bordeaux-November-1-2020-Ligue-1
FRA-Ligue 1,2021,Monaco,2020-11-08 Nice-Monaco,2020-11-08,Matchweek 10,Sun,Away,W,2,1,Nice,2,15,8,53.3,0.13,0.25,14.6,0.0,0,0,2.0,2.0,0.13,0.0,0.0,17:00:00,/en/matches/6f942c22/Nice-Monaco-November-8-2020-Ligue-1
FRA-Ligue 1,2021,Monaco,2020-11-20 Monaco-Paris S-G,2020-11-20,Matchweek 11,Fri,Home,W,3,2,Paris S-G,3,14,4,28.6,0.14,0.5,17.9,1.0,1,1,3.9,3.1,0.23,-0.9,-1.1,21:00:00,/en/matches/8ff1eb68/Monaco-Paris-Saint-Germain-November-20-2020-Ligue-1
FRA-Ligue 1,2021,Monaco,2020-11-29 Monaco-Nîmes,2020-11-29,Matchweek 12,Sun,Home,W,3,0,Nîmes,3,17,5,29.4,0.18,0.6,13.5,1.0,0,0,3.3,3.3,0.2,-0.3,-0.3,15:00:00,/en/matches/50ca8cbf/Monaco-Nimes-November-29-2020-Ligue-1
FRA-Ligue 1,2021,Monaco,2020-12-06 Lille-Monaco,2020-12-06,Matchweek 13,Sun,Away,L,1,2,Lille,1,8,3,37.5,0.13,0.33,17.6,0.0,0,0,0.9,0.9,0.11,0.1,0.1,13:00:00,/en/matches/5c353be0/Lille-Monaco-December-6-2020-Ligue-1
FRA-Ligue 1,2021,Monaco,2020-12-12 Marseille-Monaco,2020-12-12,Matchweek 14,Sat,Away,L,1,2,Marseille,1,8,3,37.5,0.0,0.0,14.8,0.0,1,1,1.9,1.1,0.14,-0.9,-1.1,17:00:00,/en/matches/c82895c6/Marseille-Monaco-December-12-2020-Ligue-1
FRA-Ligue 1,2021,Monaco,2020-12-16 Monaco-Lens,2020-12-16,Matchweek 15,Wed,Home,L,0,3,Lens,0,7,1,14.3,0.0,0.0,14.1,1.0,0,0,0.8,0.8,0.11,-0.8,-0.8,21:00:00,/en/matches/46790907/Monaco-Lens-December-16-2020-Ligue-1
FRA-Ligue 1,2021,Monaco,2020-12-20 Dijon-Monaco,2020-12-20,Matchweek 16,Sun,Away,W,1,0,Dijon,1,13,6,46.2,0.08,0.17,16.4,0.0,0,0,0.8,0.8,0.07,0.2,0.2,15:00:00,/en/matches/627d98ea/Dijon-Monaco-December-20-2020-Ligue-1
FRA-Ligue 1,2021,Monaco,2020-12-23 Monaco-Saint-Étienne,2020-12-23,Matchweek 17,Wed,Home,D,2,2,Saint-Étienne,2,2,2,100.0,1.0,1.0,12.2,0.0,0,0,0.8,0.8,0.42,1.2,1.2,21:00:00,/en/matches/b6b53a29/Monaco-Saint-Etienne-December-23-2020-Ligue-1
FRA-Ligue 1,2021,Monaco,2021-01-06 Lorient-Monaco,2021-01-06,Matchweek 18,Wed,Away,W,5,2,Lorient,5,15,9,60.0,0.33,0.56,16.5,1.0,0,0,2.6,2.6,0.18,2.4,2.4,19:00:00,/en/matches/fb3cebfb/Lorient-Monaco-January-6-2021-Ligue-1
FRA-Ligue 1,2021,Monaco,2021-01-09 Monaco-Angers,2021-01-09,Matchweek 19,Sat,Home,W,3,0,Angers,3,13,4,30.8,0.23,0.75,15.9,0.0,0,0,2.1,2.1,0.17,0.9,0.9,21:00:00,/en/matches/0b79b895/Monaco-Angers-January-9-2021-Ligue-1
FRA-Ligue 1,2021,Monaco,2021-01-15 Montpellier-Monaco,2021-01-15,Matchweek 20,Fri,Away,W,3,2,Montpellier,3,15,3,20.0,0.13,0.67,16.2,0.0,1,1,2.3,1.5,0.1,0.7,0.5,21:00:00,/en/matches/e6f83f31/Montpellier-Monaco-January-15-2021-Ligue-1
FRA-Ligue 1,2021,Monaco,2021-01-23 Monaco-Marseille,2021-01-23,Matchweek 21,Sat,Home,W,3,1,Marseille,3,8,6,75.0,0.38,0.5,16.8,1.0,0,0,1.2,1.2,0.15,1.8,1.8,21:00:00,/en/matches/d54f636f/Monaco-Marseille-January-23-2021-Ligue-1
FRA-Ligue 1,2021,Monaco,2021-01-31 Nantes-Monaco,2021-01-31,Matchweek 22,Sun,Away,W,2,1,Nantes,2,14,5,35.7,0.14,0.4,17.2,0.0,0,0,1.6,1.6,0.12,0.4,0.4,21:00:00,/en/matches/e1e4471a/Nantes-Monaco-January-31-2021-Ligue-1
FRA-Ligue 1,2021,Monaco,2021-02-03 Monaco-Nice,2021-02-03,Matchweek 23,Wed,Home,W,2,1,Nice,2,14,5,35.7,0.07,0.2,17.4,2.0,1,1,2.6,1.8,0.13,-0.6,-0.8,21:00:00,/en/matches/e3256b4e/Monaco-Nice-February-3-2021-Ligue-1
FRA-Ligue 1,2021,Monaco,2021-02-07 Nîmes-Monaco,2021-02-07,Matchweek 24,Sun,Away,W,4,3,Nîmes,4,11,5,45.5,0.36,0.8,19.7,1.0,0,0,1.3,1.3,0.11,2.7,2.7,15:00:00,/en/matches/56b1c227/Nimes-Monaco-February-7-2021-Ligue-1
FRA-Ligue 1,2021,Monaco,2021-02-14 Monaco-Lorient,2021-02-14,Matchweek 25,Sun,Home,D,2,2,Lorient,2,11,3,27.3,0.09,0.33,15.0,1.0,1,1,2.2,1.4,0.13,-0.2,-0.4,13:00:00,/en/matches/6c45a288/Monaco-Lorient-February-14-2021-Ligue-1
FRA-Ligue 1,2021,Monaco,2021-02-21 Paris S-G-Monaco,2021-02-21,Matchweek 26,Sun,Away,W,2,0,Paris S-G,2,5,3,60.0,0.4,0.67,13.3,0.0,0,0,1.3,1.3,0.25,0.7,0.7,21:00:00,/en/matches/6a139966/Paris-Saint-Germain-Monaco-February-21-2021-Ligue-1
FRA-Ligue 1,2021,Monaco,2021-02-28 Monaco-Brest,2021-02-28,Matchweek 27,Sun,Home,W,2,0,Brest,2,14,8,57.1,0.14,0.25,17.4,0.0,0,1,2.2,1.4,0.1,-0.2,0.6,13:00:00,/en/matches/b66eb412/Monaco-Brest-February-28-2021-Ligue-1
FRA-Ligue 1,2021,Monaco,2021-03-03 Strasbourg-Monaco,2021-03-03,Matchweek 28,Wed,Away,L,0,1,Strasbourg,0,5,1,20.0,0.0,0.0,13.7,0.0,0,0,0.6,0.6,0.13,-0.6,-0.6,21:00:00,/en/matches/6ec67dc8/Strasbourg-Monaco-March-3-2021-Ligue-1
FRA-Ligue 1,2021,Monaco,2021-03-14 Monaco-Lille,2021-03-14,Matchweek 29,Sun,Home,D,0,0,Lille,0,8,4,50.0,0.0,0.0,14.4,0.0,0,0,0.6,0.6,0.08,-0.6,-0.6,17:05:00,/en/matches/ae299f0e/Monaco-Lille-March-14-2021-Ligue-1
FRA-Ligue 1,2021,Monaco,2021-03-19 Saint-Étienne-Monaco,2021-03-19,Matchweek 30,Fri,Away,W,4,0,Saint-Étienne,4,14,4,28.6,0.29,1.0,19.7,0.0,0,1,2.3,1.5,0.11,1.7,2.5,21:00:00,/en/matches/78af4b5d/Saint-Etienne-Monaco-March-19-2021-Ligue-1
FRA-Ligue 1,2021,Monaco,2021-04-03 Monaco-Metz,2021-04-03,Matchweek 31,Sat,Home,W,4,0,Metz,4,13,4,30.8,0.15,0.5,20.0,0.0,2,2,2.4,0.9,0.07,1.6,1.1,13:00:00,/en/matches/11fdf91b/Monaco-Metz-April-3-2021-Ligue-1
FRA-Ligue 1,2021,Monaco,2021-04-11 Monaco-Dijon,2021-04-11,Matchweek 32,Sun,Home,W,3,0,Dijon,3,14,8,57.1,0.14,0.25,17.5,0.0,1,2,3.8,2.1,0.15,-0.8,-0.1,17:05:00,/en/matches/24d1a5c7/Monaco-Dijon-April-11-2021-Ligue-1
FRA-Ligue 1,2021,Monaco,2021-04-18 Bordeaux-Monaco,2021-04-18,Matchweek 33,Sun,Away,W,3,0,Bordeaux,3,13,6,46.2,0.23,0.5,19.8,1.0,0,0,2.1,2.1,0.16,0.9,0.9,17:05:00,/en/matches/1b271f46/Bordeaux-Monaco-April-18-2021-Ligue-1
FRA-Ligue 1,2021,Monaco,2021-04-25 Angers-Monaco,2021-04-25,Matchweek 34,Sun,Away,W,1,0,Angers,1,10,3,30.0,0.1,0.33,18.3,1.0,0,0,1.6,1.6,0.16,-0.6,-0.6,17:05:00,/en/matches/d287f476/Angers-Monaco-April-25-2021-Ligue-1
FRA-Ligue 1,2021,Monaco,2021-05-02 Monaco-Lyon,2021-05-02,Matchweek 35,Sun,Home,L,2,3,Lyon,2,11,3,27.3,0.09,0.33,17.7,0.0,1,1,2.1,1.3,0.12,-0.1,-0.3,21:00:00,/en/matches/27e1ab19/Monaco-Lyon-May-2-2021-Ligue-1
FRA-Ligue 1,2021,Monaco,2021-05-09 Reims-Monaco,2021-05-09,Matchweek 36,Sun,Away,W,1,0,Reims,1,7,2,28.6,0.14,0.5,20.1,0.0,0,0,0.9,0.9,0.13,0.1,0.1,17:05:00,/en/matches/8eec746c/Reims-Monaco-May-9-2021-Ligue-1
FRA-Ligue 1,2021,Monaco,2021-05-16 Monaco-Rennes,2021-05-16,Matchweek 37,Sun,Home,W,2,1,Rennes,2,11,3,27.3,0.18,0.67,17.4,0.0,0,0,1.4,1.4,0.13,0.6,0.6,21:00:00,/en/matches/31247d59/Monaco-Rennes-May-16-2021-Ligue-1
FRA-Ligue 1,2021,Monaco,2021-05-23 Lens-Monaco,2021-05-23,Matchweek 38,Sun,Away,D,0,0,Lens,0,19,3,15.8,0.0,0.0,20.5,2.0,0,0,1.5,1.5,0.08,-1.5,-1.5,21:00:00,/en/matches/d8330dc2/Lens-Monaco-May-23-2021-Ligue-1
FRA-Ligue 1,2021,Montpellier,2020-08-29 Rennes-Montpellier,2020-08-29,Matchweek 2,Sat,Away,L,1,2,Rennes,1,10,3,30.0,0.1,0.33,18.8,0.0,0,0,0.6,0.6,0.06,0.4,0.4,17:00:00,/en/matches/1ec60fe6/Rennes-Montpellier-August-29-2020-Ligue-1
FRA-Ligue 1,2021,Montpellier,2020-09-12 Montpellier-Nice,2020-09-12,Matchweek 3,Sat,Home,W,3,1,Nice,3,20,13,65.0,0.15,0.23,16.6,2.0,0,0,1.7,1.7,0.09,1.3,1.3,17:00:00,/en/matches/e1ed5031/Montpellier-Nice-September-12-2020-Ligue-1
FRA-Ligue 1,2021,Montpellier,2020-09-15 Montpellier-Lyon,2020-09-15,Matchweek 1,Tue,Home,W,2,1,Lyon,2,9,2,22.2,0.11,0.5,18.3,0.0,1,1,1.8,1.0,0.12,0.2,0.0,21:00:00,/en/matches/5581d486/Montpellier-Lyon-September-15-2020-Ligue-1
FRA-Ligue 1,2021,Montpellier,2020-09-20 Montpellier-Angers,2020-09-20,Matchweek 4,Sun,Home,W,4,1,Angers,4,14,9,64.3,0.29,0.44,16.3,0.0,0,0,1.6,1.6,0.12,2.4,2.4,15:00:00,/en/matches/14504cc6/Montpellier-Angers-September-20-2020-Ligue-1
FRA-Ligue 1,2021,Montpellier,2020-09-27 Dijon-Montpellier,2020-09-27,Matchweek 5,Sun,Away,D,2,2,Dijon,2,13,3,23.1,0.08,0.33,16.8,2.0,1,1,2.4,1.6,0.12,-0.4,-0.6,15:00:00,/en/matches/d8bc5e5b/Dijon-Montpellier-September-27-2020-Ligue-1
FRA-Ligue 1,2021,Montpellier,2020-10-04 Montpellier-Nîmes,2020-10-04,Matchweek 6,Sun,Home,L,0,1,Nîmes,0,12,2,16.7,0.0,0.0,17.3,1.0,0,0,0.8,0.8,0.07,-0.8,-0.8,13:00:00,/en/matches/d63bd80e/Montpellier-Nimes-October-4-2020-Ligue-1
FRA-Ligue 1,2021,Montpellier,2020-10-18 Monaco-Montpellier,2020-10-18,Matchweek 7,Sun,Away,D,1,1,Monaco,1,3,2,66.7,0.33,0.5,18.4,0.0,0,0,0.1,0.1,0.04,0.9,0.9,15:00:00,/en/matches/d9596cec/Monaco-Montpellier-October-18-2020-Ligue-1
FRA-Ligue 1,2021,Montpellier,2020-10-25 Montpellier-Reims,2020-10-25,Matchweek 8,Sun,Home,L,0,4,Reims,0,5,1,20.0,0.0,0.0,28.8,0.0,0,0,0.3,0.3,0.05,-0.3,-0.3,15:00:00,/en/matches/395d1d43/Montpellier-Reims-October-25-2020-Ligue-1
FRA-Ligue 1,2021,Montpellier,2020-11-01 Saint-Étienne-Montpellier,2020-11-01,Matchweek 9,Sun,Away,W,1,0,Saint-Étienne,1,10,2,20.0,0.1,0.5,18.2,0.0,0,0,0.7,0.7,0.07,0.3,0.3,13:00:00,/en/matches/780282ee/Saint-Etienne-Montpellier-November-1-2020-Ligue-1
FRA-Ligue 1,2021,Montpellier,2020-11-07 Bordeaux-Montpellier,2020-11-07,Matchweek 10,Sat,Away,W,2,0,Bordeaux,2,9,3,33.3,0.22,0.67,16.1,1.0,0,0,1.3,1.3,0.15,0.7,0.7,17:00:00,/en/matches/0a398d60/Bordeaux-Montpellier-November-7-2020-Ligue-1
FRA-Ligue 1,2021,Montpellier,2020-11-22 Montpellier-Strasbourg,2020-11-22,Matchweek 11,Sun,Home,W,4,3,Strasbourg,4,21,9,42.9,0.19,0.44,15.2,2.0,0,0,2.8,2.8,0.14,1.2,1.2,15:00:00,/en/matches/f01e2c09/Montpellier-Strasbourg-November-22-2020-Ligue-1
FRA-Ligue 1,2021,Montpellier,2020-11-29 Lorient-Montpellier,2020-11-29,Matchweek 12,Sun,Away,W,1,0,Lorient,1,15,3,20.0,0.07,0.33,16.7,0.0,0,1,1.6,0.8,0.06,-0.6,0.2,15:00:00,/en/matches/5ede6719/Lorient-Montpellier-November-29-2020-Ligue-1
FRA-Ligue 1,2021,Montpellier,2020-12-05 Montpellier-Paris S-G,2020-12-05,Matchweek 13,Sat,Home,L,1,3,Paris S-G,1,17,2,11.8,0.06,0.5,18.7,1.0,0,0,2.1,2.1,0.15,-1.1,-1.1,21:00:00,/en/matches/52a2e13f/Montpellier-Paris-Saint-Germain-December-5-2020-Ligue-1
FRA-Ligue 1,2021,Montpellier,2020-12-12 Lens-Montpellier,2020-12-12,Matchweek 14,Sat,Away,W,3,2,Lens,3,10,7,70.0,0.3,0.43,15.1,2.0,0,0,1.1,1.1,0.11,1.9,1.9,21:00:00,/en/matches/85b566d3/Lens-Montpellier-December-12-2020-Ligue-1
FRA-Ligue 1,2021,Montpellier,2020-12-16 Montpellier-Metz,2020-12-16,Matchweek 15,Wed,Home,L,0,2,Metz,0,14,3,21.4,0.0,0.0,18.6,1.0,0,0,1.1,1.1,0.08,-1.1,-1.1,19:00:00,/en/matches/d6277b7a/Montpellier-Metz-December-16-2020-Ligue-1
FRA-Ligue 1,2021,Montpellier,2020-12-20 Brest-Montpellier,2020-12-20,Matchweek 16,Sun,Away,D,2,2,Brest,2,10,4,40.0,0.2,0.5,18.6,0.0,0,0,0.8,0.8,0.08,1.2,1.2,13:00:00,/en/matches/354064d8/Brest-Montpellier-December-20-2020-Ligue-1
FRA-Ligue 1,2021,Montpellier,2020-12-23 Montpellier-Lille,2020-12-23,Matchweek 17,Wed,Home,L,2,3,Lille,2,17,6,35.3,0.12,0.33,17.5,0.0,0,0,1.5,1.5,0.09,0.5,0.5,21:00:00,/en/matches/18198e56/Montpellier-Lille-December-23-2020-Ligue-1
FRA-Ligue 1,2021,Montpellier,2021-01-06 Marseille-Montpellier,2021-01-06,Matchweek 18,Wed,Away,L,1,3,Marseille,1,13,5,38.5,0.08,0.2,18.7,0.0,0,0,1.2,1.2,0.09,-0.2,-0.2,21:00:00,/en/matches/bf3df422/Marseille-Montpellier-January-6-2021-Ligue-1
FRA-Ligue 1,2021,Montpellier,2021-01-09 Montpellier-Nantes,2021-01-09,Matchweek 19,Sat,Home,D,1,1,Nantes,1,8,4,50.0,0.13,0.25,11.6,1.0,0,0,1.0,1.0,0.14,0.0,0.0,21:00:00,/en/matches/6bcc912f/Montpellier-Nantes-January-9-2021-Ligue-1
FRA-Ligue 1,2021,Montpellier,2021-01-15 Montpellier-Monaco,2021-01-15,Matchweek 20,Fri,Home,L,2,3,Monaco,2,9,3,33.3,0.22,0.67,16.3,0.0,0,0,0.7,0.7,0.08,1.3,1.3,21:00:00,/en/matches/e6f83f31/Montpellier-Monaco-January-15-2021-Ligue-1
FRA-Ligue 1,2021,Montpellier,2021-01-22 Paris S-G-Montpellier,2021-01-22,Matchweek 21,Fri,Away,L,0,4,Paris S-G,0,5,1,20.0,0.0,0.0,25.5,0.0,0,0,0.4,0.4,0.08,-0.4,-0.4,21:00:00,/en/matches/d47d95ab/Paris-Saint-Germain-Montpellier-January-22-2021-Ligue-1
FRA-Ligue 1,2021,Montpellier,2021-01-30 Montpellier-Lens,2021-01-30,Matchweek 22,Sat,Home,L,1,2,Lens,1,17,7,41.2,0.06,0.14,13.4,2.0,0,0,1.4,1.4,0.08,-0.4,-0.4,17:00:00,/en/matches/93d96e5c/Montpellier-Lens-January-30-2021-Ligue-1
FRA-Ligue 1,2021,Montpellier,2021-02-03 Metz-Montpellier,2021-02-03,Matchweek 23,Wed,Away,D,1,1,Metz,1,15,3,20.0,0.07,0.33,19.7,3.0,0,0,1.1,1.1,0.07,-0.1,-0.1,19:00:00,/en/matches/d53b40e0/Metz-Montpellier-February-3-2021-Ligue-1
FRA-Ligue 1,2021,Montpellier,2021-02-07 Montpellier-Dijon,2021-02-07,Matchweek 24,Sun,Home,W,4,2,Dijon,4,24,11,45.8,0.17,0.36,11.5,0.0,0,0,4.9,4.9,0.24,-0.9,-0.9,15:00:00,/en/matches/0fdbe73d/Montpellier-Dijon-February-7-2021-Ligue-1
FRA-Ligue 1,2021,Montpellier,2021-02-13 Lyon-Montpellier,2021-02-13,Matchweek 25,Sat,Away,W,2,1,Lyon,2,12,5,41.7,0.17,0.4,18.9,0.0,0,0,1.5,1.5,0.12,0.5,0.5,21:00:00,/en/matches/385da91b/Lyon-Montpellier-February-13-2021-Ligue-1
FRA-Ligue 1,2021,Montpellier,2021-02-21 Montpellier-Rennes,2021-02-21,Matchweek 26,Sun,Home,W,2,1,Rennes,2,11,7,63.6,0.18,0.29,16.4,1.0,0,1,2.8,2.0,0.21,-0.8,0.0,13:00:00,/en/matches/878465f3/Montpellier-Rennes-February-21-2021-Ligue-1
FRA-Ligue 1,2021,Montpellier,2021-02-28 Reims-Montpellier,2021-02-28,Matchweek 27,Sun,Away,D,0,0,Reims,0,9,2,22.2,0.0,0.0,21.0,0.0,0,0,0.4,0.4,0.05,-0.4,-0.4,15:00:00,/en/matches/de4cb95e/Reims-Montpellier-February-28-2021-Ligue-1
FRA-Ligue 1,2021,Montpellier,2021-03-03 Montpellier-Lorient,2021-03-03,Matchweek 28,Wed,Home,D,1,1,Lorient,1,10,4,40.0,0.1,0.25,19.9,1.0,0,0,0.8,0.8,0.08,0.2,0.2,21:00:00,/en/matches/eac797f8/Montpellier-Lorient-March-3-2021-Ligue-1
FRA-Ligue 1,2021,Montpellier,2021-03-14 Nîmes-Montpellier,2021-03-14,Matchweek 29,Sun,Away,D,1,1,Nîmes,1,12,5,41.7,0.08,0.2,20.4,1.0,0,0,1.0,1.0,0.08,0.0,0.0,13:00:00,/en/matches/efcf3d10/Nimes-Montpellier-March-14-2021-Ligue-1
FRA-Ligue 1,2021,Montpellier,2021-03-21 Montpellier-Bordeaux,2021-03-21,Matchweek 30,Sun,Home,W,3,1,Bordeaux,3,23,9,39.1,0.13,0.33,15.8,2.0,0,0,2.5,2.5,0.11,0.5,0.5,15:00:00,/en/matches/88e1ab36/Montpellier-Bordeaux-March-21-2021-Ligue-1
FRA-Ligue 1,2021,Montpellier,2021-04-04 Angers-Montpellier,2021-04-04,Matchweek 31,Sun,Away,D,1,1,Angers,1,8,3,37.5,0.13,0.33,15.5,0.0,0,0,2.2,2.2,0.27,-1.2,-1.2,13:00:00,/en/matches/7a371bb9/Angers-Montpellier-April-4-2021-Ligue-1
FRA-Ligue 1,2021,Montpellier,2021-04-10 Montpellier-Marseille,2021-04-10,Matchweek 32,Sat,Home,D,3,3,Marseille,3,20,7,35.0,0.15,0.43,17.0,1.0,0,0,2.3,2.3,0.12,0.7,0.7,21:00:00,/en/matches/9d336f48/Montpellier-Marseille-April-10-2021-Ligue-1
FRA-Ligue 1,2021,Montpellier,2021-04-16 Lille-Montpellier,2021-04-16,Matchweek 33,Fri,Away,D,1,1,Lille,1,10,4,40.0,0.1,0.25,20.4,1.0,0,0,0.9,0.9,0.09,0.1,0.1,21:00:00,/en/matches/283e5426/Lille-Montpellier-April-16-2021-Ligue-1
FRA-Ligue 1,2021,Montpellier,2021-04-25 Nice-Montpellier,2021-04-25,Matchweek 34,Sun,Away,L,1,3,Nice,1,14,3,21.4,0.07,0.33,15.9,1.0,0,0,1.4,1.4,0.1,-0.4,-0.4,13:00:00,/en/matches/5f5ddc93/Nice-Montpellier-April-25-2021-Ligue-1
FRA-Ligue 1,2021,Montpellier,2021-05-02 Montpellier-Saint-Étienne,2021-05-02,Matchweek 35,Sun,Home,L,1,2,Saint-Étienne,1,13,2,15.4,0.08,0.5,16.0,0.0,0,0,1.0,1.0,0.08,0.0,0.0,17:05:00,/en/matches/ef0d8c13/Montpellier-Saint-Etienne-May-2-2021-Ligue-1
FRA-Ligue 1,2021,Montpellier,2021-05-09 Strasbourg-Montpellier,2021-05-09,Matchweek 36,Sun,Away,W,3,2,Strasbourg,3,6,3,50.0,0.5,1.0,17.9,1.0,0,0,0.7,0.7,0.11,2.3,2.3,15:00:00,/en/matches/e63e3a7c/Strasbourg-Montpellier-May-9-2021-Ligue-1
FRA-Ligue 1,2021,Montpellier,2021-05-16 Montpellier-Brest,2021-05-16,Matchweek 37,Sun,Home,D,0,0,Brest,0,4,2,50.0,0.0,0.0,20.7,0.0,0,0,0.6,0.6,0.14,-0.6,-0.6,21:00:00,/en/matches/07c26200/Montpellier-Brest-May-16-2021-Ligue-1
FRA-Ligue 1,2021,Montpellier,2021-05-23 Nantes-Montpellier,2021-05-23,Matchweek 38,Sun,Away,W,2,1,Nantes,2,7,4,57.1,0.29,0.5,15.4,0.0,0,1,1.1,0.4,0.06,0.9,1.6,21:00:00,/en/matches/3a8d6a94/Nantes-Montpellier-May-23-2021-Ligue-1
FRA-Ligue 1,2021,Nantes,2020-08-21 Bordeaux-Nantes,2020-08-21,Matchweek 1,Fri,Away,D,0,0,Bordeaux,0,6,1,16.7,0.0,0.0,26.6,1.0,0,0,0.2,0.2,0.04,-0.2,-0.2,19:00:00,/en/matches/c0996cac/Bordeaux-Nantes-August-21-2020-Ligue-1
FRA-Ligue 1,2021,Nantes,2020-08-30 Nantes-Nîmes,2020-08-30,Matchweek 2,Sun,Home,W,2,1,Nîmes,2,7,3,42.9,0.14,0.33,15.0,0.0,1,1,1.8,1.1,0.15,0.2,-0.1,15:00:00,/en/matches/ba09751a/Nantes-Nimes-August-30-2020-Ligue-1
FRA-Ligue 1,2021,Nantes,2020-09-13 Monaco-Nantes,2020-09-13,Matchweek 3,Sun,Away,L,1,2,Monaco,1,7,2,28.6,0.14,0.5,19.2,0.0,0,0,1.2,1.2,0.17,-0.2,-0.2,17:00:00,/en/matches/13159177/Monaco-Nantes-September-13-2020-Ligue-1
FRA-Ligue 1,2021,Nantes,2020-09-20 Nantes-Saint-Étienne,2020-09-20,Matchweek 4,Sun,Home,D,2,2,Saint-Étienne,2,15,3,20.0,0.13,0.67,17.5,0.0,0,0,1.4,1.4,0.09,0.6,0.6,17:00:00,/en/matches/6c304bd5/Nantes-Saint-Etienne-September-20-2020-Ligue-1
FRA-Ligue 1,2021,Nantes,2020-09-25 Lille-Nantes,2020-09-25,Matchweek 5,Fri,Away,L,0,2,Lille,0,12,6,50.0,0.0,0.0,16.5,0.0,0,0,0.8,0.8,0.07,-0.8,-0.8,21:00:00,/en/matches/896d1952/Lille-Nantes-September-25-2020-Ligue-1
FRA-Ligue 1,2021,Nantes,2020-10-03 Nice-Nantes,2020-10-03,Matchweek 6,Sat,Away,L,1,2,Nice,1,10,0,0.0,0.0,,19.9,0.0,1,1,1.2,0.7,0.07,-0.2,-0.7,21:00:00,/en/matches/7f804f72/Nice-Nantes-October-3-2020-Ligue-1
FRA-Ligue 1,2021,Nantes,2020-10-18 Nantes-Brest,2020-10-18,Matchweek 7,Sun,Home,W,3,1,Brest,3,12,8,66.7,0.25,0.38,14.6,0.0,0,0,1.4,1.4,0.12,1.6,1.6,15:00:00,/en/matches/5c2b565a/Nantes-Brest-October-18-2020-Ligue-1
FRA-Ligue 1,2021,Nantes,2020-10-31 Nantes-Paris S-G,2020-10-31,Matchweek 9,Sat,Home,L,0,3,Paris S-G,0,5,0,0.0,0.0,,22.7,0.0,0,1,1.7,0.9,0.18,-1.7,-0.9,21:00:00,/en/matches/5926e115/Nantes-Paris-Saint-Germain-October-31-2020-Ligue-1
FRA-Ligue 1,2021,Nantes,2020-11-08 Lorient-Nantes,2020-11-08,Matchweek 10,Sun,Away,W,2,0,Lorient,2,16,4,25.0,0.13,0.5,21.6,1.0,0,0,1.2,1.2,0.08,0.8,0.8,15:00:00,/en/matches/c878186f/Lorient-Nantes-November-8-2020-Ligue-1
FRA-Ligue 1,2021,Nantes,2020-11-22 Nantes-Metz,2020-11-22,Matchweek 11,Sun,Home,D,1,1,Metz,1,18,5,27.8,0.06,0.2,16.7,0.0,0,0,1.3,1.3,0.08,-0.3,-0.3,13:00:00,/en/matches/20aca344/Nantes-Metz-November-22-2020-Ligue-1
FRA-Ligue 1,2021,Nantes,2020-11-25 Lens-Nantes,2020-11-25,Matchweek 8,Wed,Away,D,1,1,Lens,1,10,2,20.0,0.0,0.0,18.4,1.0,1,1,2.1,1.3,0.13,-1.1,-1.3,19:00:00,/en/matches/fa32e765/Lens-Nantes-November-25-2020-Ligue-1
FRA-Ligue 1,2021,Nantes,2020-11-28 Marseille-Nantes,2020-11-28,Matchweek 12,Sat,Away,L,1,3,Marseille,1,6,2,33.3,0.17,0.5,16.5,0.0,0,0,0.4,0.4,0.06,0.6,0.6,17:00:00,/en/matches/9ade19b5/Marseille-Nantes-November-28-2020-Ligue-1
FRA-Ligue 1,2021,Nantes,2020-12-06 Nantes-Strasbourg,2020-12-06,Matchweek 13,Sun,Home,L,0,4,Strasbourg,0,14,2,14.3,0.0,0.0,17.5,1.0,0,0,0.7,0.7,0.05,-0.7,-0.7,15:00:00,/en/matches/f800ad57/Nantes-Strasbourg-December-6-2020-Ligue-1
FRA-Ligue 1,2021,Nantes,2020-12-13 Nantes-Dijon,2020-12-13,Matchweek 14,Sun,Home,D,1,1,Dijon,1,16,5,31.3,0.0,0.0,17.5,0.0,1,1,2.8,2.0,0.13,-1.8,-2.0,15:00:00,/en/matches/fdd2cb11/Nantes-Dijon-December-13-2020-Ligue-1
FRA-Ligue 1,2021,Nantes,2020-12-16 Reims-Nantes,2020-12-16,Matchweek 15,Wed,Away,L,2,3,Reims,2,18,7,38.9,0.11,0.29,24.6,0.0,0,0,2.0,2.0,0.11,0.0,0.0,19:00:00,/en/matches/5e8e99fa/Reims-Nantes-December-16-2020-Ligue-1
FRA-Ligue 1,2021,Nantes,2020-12-20 Nantes-Angers,2020-12-20,Matchweek 16,Sun,Home,D,1,1,Angers,1,9,2,22.2,0.11,0.5,18.8,0.0,0,0,0.5,0.5,0.05,0.5,0.5,15:00:00,/en/matches/da22205e/Nantes-Angers-December-20-2020-Ligue-1
FRA-Ligue 1,2021,Nantes,2020-12-23 Lyon-Nantes,2020-12-23,Matchweek 17,Wed,Away,L,0,3,Lyon,0,18,3,16.7,0.0,0.0,16.7,0.0,0,0,1.4,1.4,0.09,-1.4,-1.4,21:00:00,/en/matches/9cd0e1eb/Lyon-Nantes-December-23-2020-Ligue-1
FRA-Ligue 1,2021,Nantes,2021-01-06 Nantes-Rennes,2021-01-06,Matchweek 18,Wed,Home,D,0,0,Rennes,0,7,2,28.6,0.0,0.0,20.2,0.0,0,0,0.6,0.6,0.09,-0.6,-0.6,19:00:00,/en/matches/251197e6/Nantes-Rennes-January-6-2021-Ligue-1
FRA-Ligue 1,2021,Nantes,2021-01-09 Montpellier-Nantes,2021-01-09,Matchweek 19,Sat,Away,D,1,1,Montpellier,1,12,3,25.0,0.08,0.33,23.3,3.0,0,0,1.2,1.2,0.1,-0.2,-0.2,21:00:00,/en/matches/6bcc912f/Montpellier-Nantes-January-9-2021-Ligue-1
FRA-Ligue 1,2021,Nantes,2021-01-17 Nantes-Lens,2021-01-17,Matchweek 20,Sun,Home,D,1,1,Lens,1,9,1,11.1,0.0,0.0,21.4,0.0,1,1,1.3,0.5,0.05,-0.3,-0.5,15:00:00,/en/matches/f44eea60/Nantes-Lens-January-17-2021-Ligue-1
FRA-Ligue 1,2021,Nantes,2021-01-24 Metz-Nantes,2021-01-24,Matchweek 21,Sun,Away,L,0,2,Metz,0,8,0,0.0,0.0,,21.6,0.0,0,0,0.4,0.4,0.05,-0.4,-0.4,15:00:00,/en/matches/43511ac5/Metz-Nantes-January-24-2021-Ligue-1
FRA-Ligue 1,2021,Nantes,2021-01-31 Nantes-Monaco,2021-01-31,Matchweek 22,Sun,Home,L,1,2,Monaco,1,8,3,37.5,0.13,0.33,18.7,1.0,0,0,0.9,0.9,0.12,0.1,0.1,21:00:00,/en/matches/e1e4471a/Nantes-Monaco-January-31-2021-Ligue-1
FRA-Ligue 1,2021,Nantes,2021-02-03 Saint-Étienne-Nantes,2021-02-03,Matchweek 23,Wed,Away,D,1,1,Saint-Étienne,1,12,6,50.0,0.08,0.17,16.0,3.0,0,0,1.5,1.5,0.13,-0.5,-0.5,21:00:00,/en/matches/aa148f1a/Saint-Etienne-Nantes-February-3-2021-Ligue-1
FRA-Ligue 1,2021,Nantes,2021-02-07 Nantes-Lille,2021-02-07,Matchweek 24,Sun,Home,L,0,2,Lille,0,6,1,16.7,0.0,0.0,17.1,0.0,0,0,0.7,0.7,0.12,-0.7,-0.7,17:00:00,/en/matches/45c836f2/Nantes-Lille-February-7-2021-Ligue-1
FRA-Ligue 1,2021,Nantes,2021-02-14 Angers-Nantes,2021-02-14,Matchweek 25,Sun,Away,W,3,1,Angers,3,6,2,33.3,0.33,1.0,20.9,0.0,1,1,2.0,1.2,0.2,1.0,0.8,15:00:00,/en/matches/381b127f/Angers-Nantes-February-14-2021-Ligue-1
FRA-Ligue 1,2021,Nantes,2021-02-20 Nantes-Marseille,2021-02-20,Matchweek 26,Sat,Home,D,1,1,Marseille,1,6,1,16.7,0.17,1.0,17.6,0.0,0,0,1.0,1.0,0.17,0.0,0.0,17:00:00,/en/matches/06e21793/Nantes-Marseille-February-20-2021-Ligue-1
FRA-Ligue 1,2021,Nantes,2021-02-28 Nîmes-Nantes,2021-02-28,Matchweek 27,Sun,Away,D,1,1,Nîmes,1,8,1,12.5,0.13,1.0,15.6,3.0,0,0,1.0,1.0,0.13,0.0,0.0,15:00:00,/en/matches/4ea6c51e/Nimes-Nantes-February-28-2021-Ligue-1
FRA-Ligue 1,2021,Nantes,2021-03-03 Nantes-Reims,2021-03-03,Matchweek 28,Wed,Home,L,1,2,Reims,1,12,5,41.7,0.08,0.2,21.8,1.0,0,0,1.3,1.3,0.11,-0.3,-0.3,21:00:00,/en/matches/c7731977/Nantes-Reims-March-3-2021-Ligue-1
FRA-Ligue 1,2021,Nantes,2021-03-14 Paris S-G-Nantes,2021-03-14,Matchweek 29,Sun,Away,W,2,1,Paris S-G,2,8,5,62.5,0.25,0.4,19.4,0.0,0,0,1.3,1.3,0.16,0.7,0.7,21:00:00,/en/matches/70b2cb0c/Paris-Saint-Germain-Nantes-March-14-2021-Ligue-1
FRA-Ligue 1,2021,Nantes,2021-03-21 Nantes-Lorient,2021-03-21,Matchweek 30,Sun,Home,D,1,1,Lorient,1,8,3,37.5,0.13,0.33,14.2,0.0,0,0,1.3,1.3,0.17,-0.3,-0.3,15:00:00,/en/matches/3b1c6bf8/Nantes-Lorient-March-21-2021-Ligue-1
FRA-Ligue 1,2021,Nantes,2021-04-04 Nantes-Nice,2021-04-04,Matchweek 31,Sun,Home,L,1,2,Nice,1,18,6,33.3,0.06,0.17,20.7,0.0,0,0,1.5,1.5,0.09,-0.5,-0.5,15:00:00,/en/matches/28d288f4/Nantes-Nice-April-4-2021-Ligue-1
FRA-Ligue 1,2021,Nantes,2021-04-11 Rennes-Nantes,2021-04-11,Matchweek 32,Sun,Away,L,0,1,Rennes,0,4,2,50.0,0.0,0.0,20.3,1.0,0,0,0.3,0.3,0.06,-0.3,-0.3,13:00:00,/en/matches/f48ef301/Rennes-Nantes-April-11-2021-Ligue-1
FRA-Ligue 1,2021,Nantes,2021-04-18 Nantes-Lyon,2021-04-18,Matchweek 33,Sun,Home,L,1,2,Lyon,1,12,3,25.0,0.08,0.33,19.8,0.0,0,0,1.1,1.1,0.1,-0.1,-0.1,21:00:00,/en/matches/a2b60b56/Nantes-Lyon-April-18-2021-Ligue-1
FRA-Ligue 1,2021,Nantes,2021-04-25 Strasbourg-Nantes,2021-04-25,Matchweek 34,Sun,Away,W,2,1,Strasbourg,2,7,5,71.4,0.29,0.4,17.3,0.0,0,0,1.2,1.2,0.17,0.8,0.8,15:00:00,/en/matches/05a44d64/Strasbourg-Nantes-April-25-2021-Ligue-1
FRA-Ligue 1,2021,Nantes,2021-05-02 Brest-Nantes,2021-05-02,Matchweek 35,Sun,Away,W,4,1,Brest,4,11,5,45.5,0.27,0.6,17.5,0.0,1,1,2.4,1.6,0.15,1.6,1.4,15:00:00,/en/matches/8f7e3219/Brest-Nantes-May-2-2021-Ligue-1
FRA-Ligue 1,2021,Nantes,2021-05-08 Nantes-Bordeaux,2021-05-08,Matchweek 36,Sat,Home,W,3,0,Bordeaux,3,10,2,20.0,0.2,1.0,24.0,0.0,1,1,2.0,1.2,0.12,1.0,0.8,13:00:00,/en/matches/a81bdb2c/Nantes-Bordeaux-May-8-2021-Ligue-1
FRA-Ligue 1,2021,Nantes,2021-05-16 Dijon-Nantes,2021-05-16,Matchweek 37,Sun,Away,W,4,0,Dijon,4,16,4,25.0,0.25,1.0,16.4,1.0,0,0,1.9,1.9,0.12,2.1,2.1,21:00:00,/en/matches/5b0be36c/Dijon-Nantes-May-16-2021-Ligue-1
FRA-Ligue 1,2021,Nantes,2021-05-23 Nantes-Montpellier,2021-05-23,Matchweek 38,Sun,Home,L,1,2,Montpellier,1,15,5,33.3,0.07,0.2,15.8,0.0,0,0,1.7,1.7,0.12,-0.7,-0.7,21:00:00,/en/matches/3a8d6a94/Nantes-Montpellier-May-23-2021-Ligue-1
FRA-Ligue 1,2021,Nice,2020-08-23 Nice-Lens,2020-08-23,Matchweek 1,Sun,Home,W,2,1,Lens,2,4,2,50.0,0.5,1.0,25.2,1.0,0,0,0.2,0.2,0.04,1.8,1.8,17:00:00,/en/matches/b08ae3b2/Nice-Lens-August-23-2020-Ligue-1
FRA-Ligue 1,2021,Nice,2020-08-29 Strasbourg-Nice,2020-08-29,Matchweek 2,Sat,Away,W,2,0,Strasbourg,2,2,1,50.0,0.5,1.0,18.4,0.0,1,1,1.3,0.5,0.25,0.7,0.5,21:00:00,/en/matches/a271affc/Strasbourg-Nice-August-29-2020-Ligue-1
FRA-Ligue 1,2021,Nice,2020-09-12 Montpellier-Nice,2020-09-12,Matchweek 3,Sat,Away,L,1,3,Montpellier,1,9,1,11.1,0.11,1.0,17.6,1.0,0,0,0.7,0.7,0.08,0.3,0.3,17:00:00,/en/matches/e1ed5031/Montpellier-Nice-September-12-2020-Ligue-1
FRA-Ligue 1,2021,Nice,2020-09-20 Nice-Paris S-G,2020-09-20,Matchweek 4,Sun,Home,L,0,3,Paris S-G,0,14,5,35.7,0.0,0.0,22.0,2.0,0,0,1.0,1.0,0.07,-1.0,-1.0,13:00:00,/en/matches/6033dd94/Nice-Paris-Saint-Germain-September-20-2020-Ligue-1
FRA-Ligue 1,2021,Nice,2020-09-27 Bordeaux-Nice,2020-09-27,Matchweek 5,Sun,Away,D,0,0,Bordeaux,0,13,2,15.4,0.0,0.0,20.9,1.0,0,0,0.8,0.8,0.06,-0.8,-0.8,13:00:00,/en/matches/37c68582/Bordeaux-Nice-September-27-2020-Ligue-1
FRA-Ligue 1,2021,Nice,2020-10-03 Nice-Nantes,2020-10-03,Matchweek 6,Sat,Home,W,2,1,Nantes,2,19,8,42.1,0.11,0.25,17.0,1.0,0,0,1.6,1.6,0.09,0.4,0.4,21:00:00,/en/matches/7f804f72/Nice-Nantes-October-3-2020-Ligue-1
FRA-Ligue 1,2021,Nice,2020-10-18 Saint-Étienne-Nice,2020-10-18,Matchweek 7,Sun,Away,W,3,1,Saint-Étienne,3,10,5,50.0,0.3,0.6,14.1,1.0,0,0,2.3,2.3,0.24,0.7,0.7,17:00:00,/en/matches/bf718082/Saint-Etienne-Nice-October-18-2020-Ligue-1
FRA-Ligue 1,2021,Nice,2020-10-25 Nice-Lille,2020-10-25,Matchweek 8,Sun,Home,D,1,1,Lille,1,8,3,37.5,0.13,0.33,12.9,0.0,0,0,1.2,1.2,0.16,-0.2,-0.2,17:00:00,/en/matches/fe7339cb/Nice-Lille-October-25-2020-Ligue-1
FRA-Ligue 1,2021,Nice,2020-11-01 Angers-Nice,2020-11-01,Matchweek 9,Sun,Away,W,3,0,Angers,3,11,4,36.4,0.18,0.5,17.6,0.0,1,1,2.3,1.5,0.19,0.7,0.5,15:00:00,/en/matches/3f3f4cf5/Angers-Nice-November-1-2020-Ligue-1
FRA-Ligue 1,2021,Nice,2020-11-08 Nice-Monaco,2020-11-08,Matchweek 10,Sun,Home,L,1,2,Monaco,1,8,4,50.0,0.13,0.25,21.4,0.0,0,0,1.0,1.0,0.13,0.0,0.0,17:00:00,/en/matches/6f942c22/Nice-Monaco-November-8-2020-Ligue-1
FRA-Ligue 1,2021,Nice,2020-11-29 Nice-Dijon,2020-11-29,Matchweek 12,Sun,Home,L,1,3,Dijon,1,22,5,22.7,0.0,0.0,15.5,0.0,1,1,3.1,2.4,0.12,-2.1,-2.4,17:00:00,/en/matches/01d18727/Nice-Dijon-November-29-2020-Ligue-1
FRA-Ligue 1,2021,Nice,2020-12-06 Reims-Nice,2020-12-06,Matchweek 13,Sun,Away,D,0,0,Reims,0,12,4,33.3,0.0,0.0,20.3,0.0,0,0,0.7,0.7,0.06,-0.7,-0.7,17:00:00,/en/matches/bbfbe923/Reims-Nice-December-6-2020-Ligue-1
FRA-Ligue 1,2021,Nice,2020-12-13 Nice-Rennes,2020-12-13,Matchweek 14,Sun,Home,L,0,1,Rennes,0,11,3,27.3,0.0,0.0,19.1,1.0,0,0,0.9,0.9,0.09,-0.9,-0.9,13:00:00,/en/matches/5c4cfd00/Nice-Rennes-December-13-2020-Ligue-1
FRA-Ligue 1,2021,Nice,2020-12-16 Nîmes-Nice,2020-12-16,Matchweek 15,Wed,Away,W,2,0,Nîmes,2,14,6,42.9,0.14,0.33,14.8,0.0,0,0,1.8,1.8,0.13,0.2,0.2,19:00:00,/en/matches/f4381a49/Nimes-Nice-December-16-2020-Ligue-1
FRA-Ligue 1,2021,Nice,2020-12-19 Nice-Lyon,2020-12-19,Matchweek 16,Sat,Home,L,1,4,Lyon,1,8,1,12.5,0.13,1.0,16.9,0.0,0,0,0.9,0.9,0.11,0.1,0.1,21:00:00,/en/matches/03613921/Nice-Lyon-December-19-2020-Ligue-1
FRA-Ligue 1,2021,Nice,2020-12-23 Nice-Lorient,2020-12-23,Matchweek 17,Wed,Home,D,2,2,Lorient,2,3,3,100.0,0.67,0.67,13.4,0.0,0,0,0.6,0.6,0.21,1.4,1.4,19:00:00,/en/matches/e8fea7ca/Nice-Lorient-December-23-2020-Ligue-1
FRA-Ligue 1,2021,Nice,2021-01-06 Brest-Nice,2021-01-06,Matchweek 18,Wed,Away,L,0,2,Brest,0,12,6,50.0,0.0,0.0,16.6,0.0,0,0,1.5,1.5,0.12,-1.5,-1.5,19:00:00,/en/matches/87a4ca5c/Brest-Nice-January-6-2021-Ligue-1
FRA-Ligue 1,2021,Nice,2021-01-09 Metz-Nice,2021-01-09,Matchweek 19,Sat,Away,D,1,1,Metz,1,10,3,30.0,0.0,0.0,25.1,1.0,1,1,1.3,0.7,0.07,-0.3,-0.7,21:00:00,/en/matches/4004356c/Metz-Nice-January-9-2021-Ligue-1
FRA-Ligue 1,2021,Nice,2021-01-17 Nice-Bordeaux,2021-01-17,Matchweek 20,Sun,Home,L,0,3,Bordeaux,0,10,1,10.0,0.0,0.0,17.7,0.0,0,0,0.9,0.9,0.09,-0.9,-0.9,15:00:00,/en/matches/b5d02e7e/Nice-Bordeaux-January-17-2021-Ligue-1
FRA-Ligue 1,2021,Nice,2021-01-23 Lens-Nice,2021-01-23,Matchweek 21,Sat,Away,W,1,0,Lens,1,7,2,28.6,0.14,0.5,20.4,0.0,0,0,0.6,0.6,0.08,0.4,0.4,17:00:00,/en/matches/f3f0a09c/Lens-Nice-January-23-2021-Ligue-1
FRA-Ligue 1,2021,Nice,2021-01-31 Nice-Saint-Étienne,2021-01-31,Matchweek 22,Sun,Home,L,0,1,Saint-Étienne,0,7,2,28.6,0.0,0.0,18.8,2.0,0,0,0.5,0.5,0.08,-0.5,-0.5,13:00:00,/en/matches/35e70807/Nice-Saint-Etienne-January-31-2021-Ligue-1
FRA-Ligue 1,2021,Nice,2021-02-03 Monaco-Nice,2021-02-03,Matchweek 23,Wed,Away,L,1,2,Monaco,1,5,2,40.0,0.2,0.5,19.7,0.0,0,0,0.4,0.4,0.09,0.6,0.6,21:00:00,/en/matches/e3256b4e/Monaco-Nice-February-3-2021-Ligue-1
FRA-Ligue 1,2021,Nice,2021-02-07 Nice-Angers,2021-02-07,Matchweek 24,Sun,Home,W,3,0,Angers,2,11,2,18.2,0.18,1.0,15.5,0.0,0,0,1.2,1.2,0.11,0.8,0.8,15:00:00,/en/matches/690017a7/Nice-Angers-February-7-2021-Ligue-1
FRA-Ligue 1,2021,Nice,2021-02-13 Paris S-G-Nice,2021-02-13,Matchweek 25,Sat,Away,L,1,2,Paris S-G,1,13,5,38.5,0.08,0.2,17.8,0.0,0,0,1.0,1.0,0.08,0.0,0.0,17:00:00,/en/matches/5e1b74b1/Paris-Saint-Germain-Nice-February-13-2021-Ligue-1
FRA-Ligue 1,2021,Nice,2021-02-17 Marseille-Nice,2021-02-17,Matchweek 11,Wed,Away,L,2,3,Marseille,2,10,4,40.0,0.2,0.5,16.6,1.0,0,0,1.3,1.3,0.13,0.7,0.7,21:00:00,/en/matches/1380e4f4/Marseille-Nice-February-17-2021-Ligue-1
FRA-Ligue 1,2021,Nice,2021-02-21 Nice-Metz,2021-02-21,Matchweek 26,Sun,Home,L,1,2,Metz,1,11,2,18.2,0.0,0.0,22.4,1.0,1,1,1.2,0.5,0.04,-0.2,-0.5,15:00:00,/en/matches/336b4e23/Nice-Metz-February-21-2021-Ligue-1
FRA-Ligue 1,2021,Nice,2021-02-26 Rennes-Nice,2021-02-26,Matchweek 27,Fri,Away,W,2,1,Rennes,2,13,6,46.2,0.08,0.17,19.7,0.0,1,1,1.9,1.1,0.1,0.1,-0.1,21:00:00,/en/matches/33ef08af/Rennes-Nice-February-26-2021-Ligue-1
FRA-Ligue 1,2021,Nice,2021-03-03 Nice-Nîmes,2021-03-03,Matchweek 28,Wed,Home,W,2,1,Nîmes,2,10,4,40.0,0.2,0.5,15.4,0.0,0,0,1.4,1.4,0.14,0.6,0.6,19:00:00,/en/matches/3ac3acbb/Nice-Nimes-March-3-2021-Ligue-1
FRA-Ligue 1,2021,Nice,2021-03-14 Lorient-Nice,2021-03-14,Matchweek 29,Sun,Away,D,1,1,Lorient,1,6,2,33.3,0.17,0.5,22.2,0.0,0,0,0.5,0.5,0.08,0.5,0.5,15:00:00,/en/matches/73e8e19e/Lorient-Nice-March-14-2021-Ligue-1
FRA-Ligue 1,2021,Nice,2021-03-20 Nice-Marseille,2021-03-20,Matchweek 30,Sat,Home,W,3,0,Marseille,3,17,7,41.2,0.18,0.43,16.2,0.0,0,0,2.4,2.4,0.16,0.6,0.6,17:00:00,/en/matches/32a19bdd/Nice-Marseille-March-20-2021-Ligue-1
FRA-Ligue 1,2021,Nice,2021-04-04 Nantes-Nice,2021-04-04,Matchweek 31,Sun,Away,W,2,1,Nantes,2,16,7,43.8,0.06,0.14,19.2,0.0,1,1,2.5,1.7,0.11,-0.5,-0.7,15:00:00,/en/matches/28d288f4/Nantes-Nice-April-4-2021-Ligue-1
FRA-Ligue 1,2021,Nice,2021-04-11 Nice-Reims,2021-04-11,Matchweek 32,Sun,Home,D,0,0,Reims,0,13,2,15.4,0.0,0.0,20.2,1.0,0,0,0.6,0.6,0.05,-0.6,-0.6,15:00:00,/en/matches/fe622347/Nice-Reims-April-11-2021-Ligue-1
FRA-Ligue 1,2021,Nice,2021-04-18 Dijon-Nice,2021-04-18,Matchweek 33,Sun,Away,L,0,2,Dijon,0,10,2,20.0,0.0,0.0,14.1,0.0,0,0,0.7,0.7,0.07,-0.7,-0.7,15:00:00,/en/matches/47537610/Dijon-Nice-April-18-2021-Ligue-1
FRA-Ligue 1,2021,Nice,2021-04-25 Nice-Montpellier,2021-04-25,Matchweek 34,Sun,Home,W,3,1,Montpellier,3,18,8,44.4,0.17,0.38,16.8,0.0,0,0,2.0,2.0,0.11,1.0,1.0,13:00:00,/en/matches/5f5ddc93/Nice-Montpellier-April-25-2021-Ligue-1
FRA-Ligue 1,2021,Nice,2021-05-01 Lille-Nice,2021-05-01,Matchweek 35,Sat,Away,L,0,2,Lille,0,0,0,,,,,0.0,0,0,0.0,0.0,,0.0,0.0,21:00:00,/en/matches/6a9a2087/Lille-Nice-May-1-2021-Ligue-1
FRA-Ligue 1,2021,Nice,2021-05-09 Nice-Brest,2021-05-09,Matchweek 36,Sun,Home,W,3,2,Brest,3,14,5,35.7,0.21,0.6,11.2,1.0,0,0,2.9,2.9,0.21,0.1,0.1,15:00:00,/en/matches/4938a1bf/Nice-Brest-May-9-2021-Ligue-1
FRA-Ligue 1,2021,Nice,2021-05-16 Nice-Strasbourg,2021-05-16,Matchweek 37,Sun,Home,L,0,2,Strasbourg,0,7,3,42.9,0.0,0.0,17.1,1.0,0,0,0.9,0.9,0.13,-0.9,-0.9,21:00:00,/en/matches/75cbbe08/Nice-Strasbourg-May-16-2021-Ligue-1
FRA-Ligue 1,2021,Nice,2021-05-23 Lyon-Nice,2021-05-23,Matchweek 38,Sun,Away,W,3,2,Lyon,3,14,6,42.9,0.21,0.5,16.5,1.0,0,0,1.6,1.6,0.12,1.4,1.4,21:00:00,/en/matches/cb4cd692/Lyon-Nice-May-23-2021-Ligue-1
FRA-Ligue 1,2021,Nîmes,2020-08-23 Nîmes-Brest,2020-08-23,Matchweek 1,Sun,Home,W,4,0,Brest,4,12,5,41.7,0.33,0.8,12.7,1.0,0,0,1.7,1.7,0.14,2.3,2.3,15:00:00,/en/matches/da8136ae/Nimes-Brest-August-23-2020-Ligue-1
FRA-Ligue 1,2021,Nîmes,2020-08-30 Nantes-Nîmes,2020-08-30,Matchweek 2,Sun,Away,L,1,2,Nantes,1,18,9,50.0,0.06,0.11,15.7,0.0,0,0,1.2,1.2,0.07,-0.2,-0.2,15:00:00,/en/matches/ba09751a/Nantes-Nimes-August-30-2020-Ligue-1
FRA-Ligue 1,2021,Nîmes,2020-09-13 Nîmes-Rennes,2020-09-13,Matchweek 3,Sun,Home,L,2,4,Rennes,2,17,9,52.9,0.12,0.22,17.5,0.0,0,0,1.3,1.3,0.08,0.7,0.7,15:00:00,/en/matches/a38dda9a/Nimes-Rennes-September-13-2020-Ligue-1
FRA-Ligue 1,2021,Nîmes,2020-09-18 Lyon-Nîmes,2020-09-18,Matchweek 4,Fri,Away,D,0,0,Lyon,0,10,3,30.0,0.0,0.0,26.3,0.0,0,0,0.7,0.7,0.07,-0.7,-0.7,21:00:00,/en/matches/01b7d3d4/Lyon-Nimes-September-18-2020-Ligue-1
FRA-Ligue 1,2021,Nîmes,2020-09-27 Nîmes-Lens,2020-09-27,Matchweek 5,Sun,Home,D,1,1,Lens,1,13,4,30.8,0.08,0.25,24.8,0.0,0,0,0.5,0.5,0.04,0.5,0.5,15:00:00,/en/matches/e4a4657c/Nimes-Lens-September-27-2020-Ligue-1
FRA-Ligue 1,2021,Nîmes,2020-10-04 Montpellier-Nîmes,2020-10-04,Matchweek 6,Sun,Away,W,1,0,Montpellier,1,8,1,12.5,0.13,1.0,20.0,1.0,0,0,0.7,0.7,0.08,0.3,0.3,13:00:00,/en/matches/d63bd80e/Montpellier-Nimes-October-4-2020-Ligue-1
FRA-Ligue 1,2021,Nîmes,2020-10-16 Nîmes-Paris S-G,2020-10-16,Matchweek 7,Fri,Home,L,0,4,Paris S-G,0,5,2,40.0,0.0,0.0,25.3,0.0,0,0,0.2,0.2,0.04,-0.2,-0.2,21:00:00,/en/matches/5fe3d8ce/Nimes-Paris-Saint-Germain-October-16-2020-Ligue-1
FRA-Ligue 1,2021,Nîmes,2020-10-25 Bordeaux-Nîmes,2020-10-25,Matchweek 8,Sun,Away,L,0,2,Bordeaux,0,8,4,50.0,0.0,0.0,17.2,1.0,0,0,0.7,0.7,0.09,-0.7,-0.7,15:00:00,/en/matches/72fedf37/Bordeaux-Nimes-October-25-2020-Ligue-1
FRA-Ligue 1,2021,Nîmes,2020-11-01 Nîmes-Metz,2020-11-01,Matchweek 9,Sun,Home,L,0,1,Metz,0,16,2,12.5,0.0,0.0,19.7,0.0,0,0,0.9,0.9,0.06,-0.9,-0.9,15:00:00,/en/matches/d3c9822f/Nimes-Metz-November-1-2020-Ligue-1
FRA-Ligue 1,2021,Nîmes,2020-11-08 Nîmes-Angers,2020-11-08,Matchweek 10,Sun,Home,L,1,5,Angers,1,11,4,36.4,0.09,0.25,16.3,2.0,0,0,1.9,1.9,0.18,-0.9,-0.9,15:00:00,/en/matches/d7b1fb5b/Nimes-Angers-November-8-2020-Ligue-1
FRA-Ligue 1,2021,Nîmes,2020-11-22 Reims-Nîmes,2020-11-22,Matchweek 11,Sun,Away,W,1,0,Reims,1,5,4,80.0,0.0,0.0,27.0,0.0,1,1,1.0,0.2,0.04,0.0,-0.2,15:00:00,/en/matches/1ee3fd0c/Reims-Nimes-November-22-2020-Ligue-1
FRA-Ligue 1,2021,Nîmes,2020-11-29 Monaco-Nîmes,2020-11-29,Matchweek 12,Sun,Away,L,0,3,Monaco,0,6,2,33.3,0.0,0.0,19.3,0.0,0,0,0.3,0.3,0.05,-0.3,-0.3,15:00:00,/en/matches/50ca8cbf/Monaco-Nimes-November-29-2020-Ligue-1
FRA-Ligue 1,2021,Nîmes,2020-12-04 Nîmes-Marseille,2020-12-04,Matchweek 13,Fri,Home,L,0,2,Marseille,0,7,0,0.0,0.0,,19.0,1.0,0,0,0.7,0.7,0.1,-0.7,-0.7,21:00:00,/en/matches/a0106768/Nimes-Marseille-December-4-2020-Ligue-1
FRA-Ligue 1,2021,Nîmes,2020-12-13 Lorient-Nîmes,2020-12-13,Matchweek 14,Sun,Away,L,0,3,Lorient,0,6,2,33.3,0.0,0.0,14.8,0.0,0,0,0.5,0.5,0.09,-0.5,-0.5,15:00:00,/en/matches/22ecd8a2/Lorient-Nimes-December-13-2020-Ligue-1
FRA-Ligue 1,2021,Nîmes,2020-12-16 Nîmes-Nice,2020-12-16,Matchweek 15,Wed,Home,L,0,2,Nice,0,15,4,26.7,0.0,0.0,20.0,0.0,0,0,1.1,1.1,0.07,-1.1,-1.1,19:00:00,/en/matches/f4381a49/Nimes-Nice-December-16-2020-Ligue-1
FRA-Ligue 1,2021,Nîmes,2020-12-20 Saint-Étienne-Nîmes,2020-12-20,Matchweek 16,Sun,Away,D,2,2,Saint-Étienne,2,8,3,37.5,0.13,0.33,20.5,2.0,1,1,1.6,0.8,0.1,0.4,0.2,15:00:00,/en/matches/45ed736f/Saint-Etienne-Nimes-December-20-2020-Ligue-1
FRA-Ligue 1,2021,Nîmes,2020-12-23 Nîmes-Dijon,2020-12-23,Matchweek 17,Wed,Home,L,1,3,Dijon,1,8,1,12.5,0.13,1.0,15.8,0.0,0,0,1.0,1.0,0.12,0.0,0.0,19:00:00,/en/matches/d2b80896/Nimes-Dijon-December-23-2020-Ligue-1
FRA-Ligue 1,2021,Nîmes,2021-01-06 Strasbourg-Nîmes,2021-01-06,Matchweek 18,Wed,Away,L,0,5,Strasbourg,0,6,2,33.3,0.0,0.0,11.9,0.0,0,0,1.0,1.0,0.17,-1.0,-1.0,19:00:00,/en/matches/14d9a4e7/Strasbourg-Nimes-January-6-2021-Ligue-1
FRA-Ligue 1,2021,Nîmes,2021-01-09 Nîmes-Lille,2021-01-09,Matchweek 19,Sat,Home,L,0,1,Lille,0,7,0,0.0,0.0,,19.7,0.0,0,0,0.4,0.4,0.05,-0.4,-0.4,21:00:00,/en/matches/292bb1da/Nimes-Lille-January-9-2021-Ligue-1
FRA-Ligue 1,2021,Nîmes,2021-01-16 Marseille-Nîmes,2021-01-16,Matchweek 20,Sat,Away,W,2,1,Marseille,2,8,5,62.5,0.25,0.4,13.8,1.0,0,0,1.4,1.4,0.18,0.6,0.6,17:00:00,/en/matches/e22fe1f8/Marseille-Nimes-January-16-2021-Ligue-1
FRA-Ligue 1,2021,Nîmes,2021-01-31 Angers-Nîmes,2021-01-31,Matchweek 22,Sun,Away,L,1,3,Angers,1,7,3,42.9,0.0,0.0,26.6,1.0,1,1,1.1,0.3,0.04,-0.1,-0.3,15:00:00,/en/matches/d0799ee9/Angers-Nimes-January-31-2021-Ligue-1
FRA-Ligue 1,2021,Nîmes,2021-02-03 Paris S-G-Nîmes,2021-02-03,Matchweek 23,Wed,Away,L,0,3,Paris S-G,0,19,6,31.6,0.0,0.0,17.0,0.0,0,0,2.0,2.0,0.11,-2.0,-2.0,21:00:00,/en/matches/709ec89c/Paris-Saint-Germain-Nimes-February-3-2021-Ligue-1
FRA-Ligue 1,2021,Nîmes,2021-02-07 Nîmes-Monaco,2021-02-07,Matchweek 24,Sun,Home,L,3,4,Monaco,3,9,4,44.4,0.33,0.75,15.4,2.0,0,0,1.4,1.4,0.16,1.6,1.6,15:00:00,/en/matches/56b1c227/Nimes-Monaco-February-7-2021-Ligue-1
FRA-Ligue 1,2021,Nîmes,2021-02-14 Dijon-Nîmes,2021-02-14,Matchweek 25,Sun,Away,W,2,0,Dijon,2,8,4,50.0,0.25,0.5,14.7,0.0,0,0,1.7,1.7,0.22,0.3,0.3,15:00:00,/en/matches/8382916d/Dijon-Nimes-February-14-2021-Ligue-1
FRA-Ligue 1,2021,Nîmes,2021-02-21 Nîmes-Bordeaux,2021-02-21,Matchweek 26,Sun,Home,W,2,0,Bordeaux,2,8,3,37.5,0.25,0.67,20.4,0.0,0,0,0.4,0.4,0.04,1.6,1.6,15:00:00,/en/matches/e9fbe45a/Nimes-Bordeaux-February-21-2021-Ligue-1
FRA-Ligue 1,2021,Nîmes,2021-02-24 Nîmes-Lorient,2021-02-24,Matchweek 21,Wed,Home,W,1,0,Lorient,1,6,1,16.7,0.0,0.0,25.8,0.0,1,1,1.0,0.2,0.04,0.0,-0.2,19:00:00,/en/matches/dda09113/Nimes-Lorient-February-24-2021-Ligue-1
FRA-Ligue 1,2021,Nîmes,2021-02-28 Nîmes-Nantes,2021-02-28,Matchweek 27,Sun,Home,D,1,1,Nantes,1,8,4,50.0,0.13,0.25,18.7,0.0,0,0,0.6,0.6,0.07,0.4,0.4,15:00:00,/en/matches/4ea6c51e/Nimes-Nantes-February-28-2021-Ligue-1
FRA-Ligue 1,2021,Nîmes,2021-03-03 Nice-Nîmes,2021-03-03,Matchweek 28,Wed,Away,L,1,2,Nice,1,22,7,31.8,0.05,0.14,15.8,0.0,0,0,2.4,2.4,0.12,-1.4,-1.4,19:00:00,/en/matches/3ac3acbb/Nice-Nimes-March-3-2021-Ligue-1
FRA-Ligue 1,2021,Nîmes,2021-03-14 Nîmes-Montpellier,2021-03-14,Matchweek 29,Sun,Home,D,1,1,Montpellier,1,12,6,50.0,0.08,0.17,20.9,1.0,0,0,1.6,1.6,0.13,-0.6,-0.6,13:00:00,/en/matches/efcf3d10/Nimes-Montpellier-March-14-2021-Ligue-1
FRA-Ligue 1,2021,Nîmes,2021-03-21 Lille-Nîmes,2021-03-21,Matchweek 30,Sun,Away,W,2,1,Lille,2,10,4,40.0,0.2,0.5,18.6,0.0,0,0,0.9,0.9,0.09,1.1,1.1,17:05:00,/en/matches/4af73870/Lille-Nimes-March-21-2021-Ligue-1
FRA-Ligue 1,2021,Nîmes,2021-04-04 Nîmes-Saint-Étienne,2021-04-04,Matchweek 31,Sun,Home,L,0,2,Saint-Étienne,0,13,2,15.4,0.0,0.0,19.6,2.0,0,1,1.7,0.9,0.07,-1.7,-0.9,17:05:00,/en/matches/4f5cf422/Nimes-Saint-Etienne-April-4-2021-Ligue-1
FRA-Ligue 1,2021,Nîmes,2021-04-11 Brest-Nîmes,2021-04-11,Matchweek 32,Sun,Away,D,1,1,Brest,1,5,3,60.0,0.2,0.33,13.1,0.0,0,0,0.9,0.9,0.19,0.1,0.1,15:00:00,/en/matches/f07ab6e3/Brest-Nimes-April-11-2021-Ligue-1
FRA-Ligue 1,2021,Nîmes,2021-04-18 Nîmes-Strasbourg,2021-04-18,Matchweek 33,Sun,Home,D,1,1,Strasbourg,1,4,0,0.0,0.0,,14.6,0.0,1,1,1.4,0.6,0.16,-0.4,-0.6,15:00:00,/en/matches/9a9ec43b/Nimes-Strasbourg-April-18-2021-Ligue-1
FRA-Ligue 1,2021,Nîmes,2021-04-25 Lens-Nîmes,2021-04-25,Matchweek 34,Sun,Away,L,1,2,Lens,1,15,1,6.7,0.0,0.0,19.6,1.0,1,1,1.6,0.8,0.05,-0.6,-0.8,15:00:00,/en/matches/986bbf2c/Lens-Nimes-April-25-2021-Ligue-1
FRA-Ligue 1,2021,Nîmes,2021-05-02 Nîmes-Reims,2021-05-02,Matchweek 35,Sun,Home,D,2,2,Reims,2,18,7,38.9,0.11,0.29,17.2,1.0,0,0,2.5,2.5,0.14,-0.5,-0.5,15:00:00,/en/matches/52a6b8a7/Nimes-Reims-May-2-2021-Ligue-1
FRA-Ligue 1,2021,Nîmes,2021-05-09 Metz-Nîmes,2021-05-09,Matchweek 36,Sun,Away,W,3,0,Metz,3,9,4,44.4,0.22,0.5,17.5,0.0,1,1,1.9,1.1,0.12,1.1,0.9,15:00:00,/en/matches/f4478aa3/Metz-Nimes-May-9-2021-Ligue-1
FRA-Ligue 1,2021,Nîmes,2021-05-16 Nîmes-Lyon,2021-05-16,Matchweek 37,Sun,Home,L,2,5,Lyon,2,8,4,50.0,0.25,0.5,17.0,0.0,0,0,1.0,1.0,0.12,1.0,1.0,21:00:00,/en/matches/cbcc34d4/Nimes-Lyon-May-16-2021-Ligue-1
FRA-Ligue 1,2021,Nîmes,2021-05-23 Rennes-Nîmes,2021-05-23,Matchweek 38,Sun,Away,L,0,2,Rennes,0,9,2,22.2,0.0,0.0,24.6,0.0,0,0,0.6,0.6,0.07,-0.6,-0.6,21:00:00,/en/matches/bf2041f7/Rennes-Nimes-May-23-2021-Ligue-1
FRA-Ligue 1,2021,Paris S-G,2020-09-10 Lens-Paris S-G,2020-09-10,Matchweek 2,Thu,Away,L,0,1,Lens,0,8,1,12.5,0.0,0.0,22.9,1.0,0,0,0.4,0.4,0.05,-0.4,-0.4,21:00:00,/en/matches/796787da/Lens-Paris-Saint-Germain-September-10-2020-Ligue-1
FRA-Ligue 1,2021,Paris S-G,2020-09-13 Paris S-G-Marseille,2020-09-13,Matchweek 3,Sun,Home,L,0,1,Marseille,0,14,4,28.6,0.0,0.0,16.3,2.0,0,0,2.4,2.4,0.17,-2.4,-2.4,21:00:00,/en/matches/84e1075c/Paris-Saint-Germain-Marseille-September-13-2020-Ligue-1
FRA-Ligue 1,2021,Paris S-G,2020-09-16 Paris S-G-Metz,2020-09-16,Matchweek 1,Wed,Home,W,1,0,Metz,1,20,8,40.0,0.05,0.13,18.2,1.0,0,0,2.2,2.2,0.11,-1.2,-1.2,21:00:00,/en/matches/c5bf1d57/Paris-Saint-Germain-Metz-September-16-2020-Ligue-1
FRA-Ligue 1,2021,Paris S-G,2020-09-20 Nice-Paris S-G,2020-09-20,Matchweek 4,Sun,Away,W,3,0,Nice,3,13,5,38.5,0.15,0.4,12.5,0.0,1,1,3.3,2.5,0.21,-0.3,-0.5,13:00:00,/en/matches/6033dd94/Nice-Paris-Saint-Germain-September-20-2020-Ligue-1
FRA-Ligue 1,2021,Paris S-G,2020-09-27 Reims-Paris S-G,2020-09-27,Matchweek 5,Sun,Away,W,2,0,Reims,2,21,7,33.3,0.1,0.29,15.5,2.0,0,0,3.8,3.8,0.18,-1.8,-1.8,21:00:00,/en/matches/61cf0b59/Reims-Paris-Saint-Germain-September-27-2020-Ligue-1
FRA-Ligue 1,2021,Paris S-G,2020-10-02 Paris S-G-Angers,2020-10-02,Matchweek 6,Fri,Home,W,6,1,Angers,6,18,12,66.7,0.33,0.5,18.4,1.0,0,0,2.4,2.4,0.13,3.6,3.6,21:00:00,/en/matches/7feb9bf5/Paris-Saint-Germain-Angers-October-2-2020-Ligue-1
FRA-Ligue 1,2021,Paris S-G,2020-10-16 Nîmes-Paris S-G,2020-10-16,Matchweek 7,Fri,Away,W,4,0,Nîmes,4,30,11,36.7,0.13,0.36,15.0,0.0,0,0,3.8,3.8,0.13,0.2,0.2,21:00:00,/en/matches/5fe3d8ce/Nimes-Paris-Saint-Germain-October-16-2020-Ligue-1
FRA-Ligue 1,2021,Paris S-G,2020-10-24 Paris S-G-Dijon,2020-10-24,Matchweek 8,Sat,Home,W,4,0,Dijon,4,20,9,45.0,0.2,0.44,12.5,3.0,0,0,3.8,3.8,0.21,0.2,0.2,21:00:00,/en/matches/685d28aa/Paris-Saint-Germain-Dijon-October-24-2020-Ligue-1
FRA-Ligue 1,2021,Paris S-G,2020-10-31 Nantes-Paris S-G,2020-10-31,Matchweek 9,Sat,Away,W,3,0,Nantes,3,12,3,25.0,0.17,0.67,16.3,1.0,1,1,2.4,1.6,0.13,0.6,0.4,21:00:00,/en/matches/5926e115/Nantes-Paris-Saint-Germain-October-31-2020-Ligue-1
FRA-Ligue 1,2021,Paris S-G,2020-11-07 Paris S-G-Rennes,2020-11-07,Matchweek 10,Sat,Home,W,3,0,Rennes,2,9,5,55.6,0.22,0.4,23.0,1.0,0,0,0.9,0.9,0.1,1.1,1.1,21:00:00,/en/matches/a28dd1b9/Paris-Saint-Germain-Rennes-November-7-2020-Ligue-1
FRA-Ligue 1,2021,Paris S-G,2020-11-20 Monaco-Paris S-G,2020-11-20,Matchweek 11,Fri,Away,L,2,3,Monaco,2,8,3,37.5,0.13,0.33,22.6,2.0,1,1,1.9,1.1,0.14,0.1,-0.1,21:00:00,/en/matches/8ff1eb68/Monaco-Paris-Saint-Germain-November-20-2020-Ligue-1
FRA-Ligue 1,2021,Paris S-G,2020-11-28 Paris S-G-Bordeaux,2020-11-28,Matchweek 12,Sat,Home,D,2,2,Bordeaux,2,15,8,53.3,0.07,0.13,15.5,0.0,1,1,2.2,1.4,0.1,-0.2,-0.4,21:00:00,/en/matches/35fddbd7/Paris-Saint-Germain-Bordeaux-November-28-2020-Ligue-1
FRA-Ligue 1,2021,Paris S-G,2020-12-05 Montpellier-Paris S-G,2020-12-05,Matchweek 13,Sat,Away,W,3,1,Montpellier,3,13,6,46.2,0.23,0.5,16.1,0.0,0,0,1.8,1.8,0.14,1.2,1.2,21:00:00,/en/matches/52a2e13f/Montpellier-Paris-Saint-Germain-December-5-2020-Ligue-1
FRA-Ligue 1,2021,Paris S-G,2020-12-13 Paris S-G-Lyon,2020-12-13,Matchweek 14,Sun,Home,L,0,1,Lyon,0,7,1,14.3,0.0,0.0,16.8,0.0,0,0,0.4,0.4,0.06,-0.4,-0.4,21:00:00,/en/matches/99d657ba/Paris-Saint-Germain-Lyon-December-13-2020-Ligue-1
FRA-Ligue 1,2021,Paris S-G,2020-12-16 Paris S-G-Lorient,2020-12-16,Matchweek 15,Wed,Home,W,2,0,Lorient,2,23,7,30.4,0.04,0.14,20.0,1.0,1,1,2.7,1.9,0.09,-0.7,-0.9,21:00:00,/en/matches/60fcfb5f/Paris-Saint-Germain-Lorient-December-16-2020-Ligue-1
FRA-Ligue 1,2021,Paris S-G,2020-12-20 Lille-Paris S-G,2020-12-20,Matchweek 16,Sun,Away,D,0,0,Lille,0,8,1,12.5,0.0,0.0,11.9,1.0,0,0,0.7,0.7,0.09,-0.7,-0.7,21:00:00,/en/matches/77f35879/Lille-Paris-Saint-Germain-December-20-2020-Ligue-1
FRA-Ligue 1,2021,Paris S-G,2020-12-23 Paris S-G-Strasbourg,2020-12-23,Matchweek 17,Wed,Home,W,4,0,Strasbourg,4,17,7,41.2,0.24,0.57,16.6,0.0,0,0,2.9,2.9,0.2,1.1,1.1,21:00:00,/en/matches/644e5bd2/Paris-Saint-Germain-Strasbourg-December-23-2020-Ligue-1
FRA-Ligue 1,2021,Paris S-G,2021-01-06 Saint-Étienne-Paris S-G,2021-01-06,Matchweek 18,Wed,Away,D,1,1,Saint-Étienne,1,11,4,36.4,0.09,0.25,13.3,0.0,0,0,1.6,1.6,0.15,-0.6,-0.6,21:00:00,/en/matches/2c025c21/Saint-Etienne-Paris-Saint-Germain-January-6-2021-Ligue-1
FRA-Ligue 1,2021,Paris S-G,2021-01-09 Paris S-G-Brest,2021-01-09,Matchweek 19,Sat,Home,W,3,0,Brest,3,22,11,50.0,0.14,0.27,13.9,0.0,0,0,2.9,2.9,0.14,0.1,0.1,21:00:00,/en/matches/5123800a/Paris-Saint-Germain-Brest-January-9-2021-Ligue-1
FRA-Ligue 1,2021,Paris S-G,2021-01-16 Angers-Paris S-G,2021-01-16,Matchweek 20,Sat,Away,W,1,0,Angers,1,11,3,27.3,0.09,0.33,17.1,1.0,0,0,1.4,1.4,0.12,-0.4,-0.4,21:00:00,/en/matches/42a1a73e/Angers-Paris-Saint-Germain-January-16-2021-Ligue-1
FRA-Ligue 1,2021,Paris S-G,2021-01-22 Paris S-G-Montpellier,2021-01-22,Matchweek 21,Fri,Home,W,4,0,Montpellier,4,26,8,30.8,0.15,0.5,14.4,3.0,0,0,4.5,4.5,0.17,-0.5,-0.5,21:00:00,/en/matches/d47d95ab/Paris-Saint-Germain-Montpellier-January-22-2021-Ligue-1
FRA-Ligue 1,2021,Paris S-G,2021-01-31 Lorient-Paris S-G,2021-01-31,Matchweek 22,Sun,Away,L,2,3,Lorient,2,12,1,8.3,0.0,0.0,20.6,0.0,2,2,2.6,1.0,0.08,-0.6,-1.0,15:00:00,/en/matches/0439be7e/Lorient-Paris-Saint-Germain-January-31-2021-Ligue-1
FRA-Ligue 1,2021,Paris S-G,2021-02-03 Paris S-G-Nîmes,2021-02-03,Matchweek 23,Wed,Home,W,3,0,Nîmes,3,14,6,42.9,0.21,0.5,16.5,0.0,0,0,1.8,1.8,0.14,1.2,1.2,21:00:00,/en/matches/709ec89c/Paris-Saint-Germain-Nimes-February-3-2021-Ligue-1
FRA-Ligue 1,2021,Paris S-G,2021-02-07 Marseille-Paris S-G,2021-02-07,Matchweek 24,Sun,Away,W,2,0,Marseille,2,9,2,22.2,0.22,1.0,14.8,0.0,0,0,1.7,1.7,0.19,0.3,0.3,21:00:00,/en/matches/c15805b7/Marseille-Paris-Saint-Germain-February-7-2021-Ligue-1
FRA-Ligue 1,2021,Paris S-G,2021-02-13 Paris S-G-Nice,2021-02-13,Matchweek 25,Sat,Home,W,2,1,Nice,2,17,4,23.5,0.12,0.5,16.4,0.0,0,0,2.6,2.6,0.17,-0.6,-0.6,17:00:00,/en/matches/5e1b74b1/Paris-Saint-Germain-Nice-February-13-2021-Ligue-1
FRA-Ligue 1,2021,Paris S-G,2021-02-21 Paris S-G-Monaco,2021-02-21,Matchweek 26,Sun,Home,L,0,2,Monaco,0,10,1,10.0,0.0,0.0,21.6,1.0,0,0,0.7,0.7,0.07,-0.7,-0.7,21:00:00,/en/matches/6a139966/Paris-Saint-Germain-Monaco-February-21-2021-Ligue-1
FRA-Ligue 1,2021,Paris S-G,2021-02-27 Dijon-Paris S-G,2021-02-27,Matchweek 27,Sat,Away,W,4,0,Dijon,4,6,4,66.7,0.5,0.75,17.2,0.0,1,1,1.9,1.1,0.19,2.1,1.9,17:00:00,/en/matches/968f9128/Dijon-Paris-Saint-Germain-February-27-2021-Ligue-1
FRA-Ligue 1,2021,Paris S-G,2021-03-03 Bordeaux-Paris S-G,2021-03-03,Matchweek 28,Wed,Away,W,1,0,Bordeaux,1,12,3,25.0,0.08,0.33,14.4,0.0,0,0,1.0,1.0,0.08,0.0,0.0,21:00:00,/en/matches/562fc539/Bordeaux-Paris-Saint-Germain-March-3-2021-Ligue-1
FRA-Ligue 1,2021,Paris S-G,2021-03-14 Paris S-G-Nantes,2021-03-14,Matchweek 29,Sun,Home,L,1,2,Nantes,1,11,5,45.5,0.09,0.2,19.3,0.0,0,0,0.6,0.6,0.06,0.4,0.4,21:00:00,/en/matches/70b2cb0c/Paris-Saint-Germain-Nantes-March-14-2021-Ligue-1
FRA-Ligue 1,2021,Paris S-G,2021-03-21 Lyon-Paris S-G,2021-03-21,Matchweek 30,Sun,Away,W,4,2,Lyon,4,14,9,64.3,0.29,0.44,18.1,2.0,0,0,1.4,1.4,0.1,2.6,2.6,21:00:00,/en/matches/bb18a4cc/Lyon-Paris-Saint-Germain-March-21-2021-Ligue-1
FRA-Ligue 1,2021,Paris S-G,2021-04-03 Paris S-G-Lille,2021-04-03,Matchweek 31,Sat,Home,L,0,1,Lille,0,16,3,18.8,0.0,0.0,20.3,2.0,0,0,1.1,1.1,0.07,-1.1,-1.1,17:00:00,/en/matches/cfa66277/Paris-Saint-Germain-Lille-April-3-2021-Ligue-1
FRA-Ligue 1,2021,Paris S-G,2021-04-10 Strasbourg-Paris S-G,2021-04-10,Matchweek 32,Sat,Away,W,4,1,Strasbourg,4,16,7,43.8,0.25,0.57,19.1,1.0,0,0,1.9,1.9,0.12,2.1,2.1,17:00:00,/en/matches/3d39e7ef/Strasbourg-Paris-Saint-Germain-April-10-2021-Ligue-1
FRA-Ligue 1,2021,Paris S-G,2021-04-18 Paris S-G-Saint-Étienne,2021-04-18,Matchweek 33,Sun,Home,W,3,2,Saint-Étienne,3,16,4,25.0,0.13,0.5,21.1,2.0,1,1,2.2,1.4,0.09,0.8,0.6,13:00:00,/en/matches/9ae8425f/Paris-Saint-Germain-Saint-Etienne-April-18-2021-Ligue-1
FRA-Ligue 1,2021,Paris S-G,2021-04-24 Metz-Paris S-G,2021-04-24,Matchweek 34,Sat,Away,W,3,1,Metz,3,18,6,33.3,0.11,0.33,18.6,2.0,1,1,2.9,2.1,0.12,0.1,-0.1,17:00:00,/en/matches/370cea73/Metz-Paris-Saint-Germain-April-24-2021-Ligue-1
FRA-Ligue 1,2021,Paris S-G,2021-05-01 Paris S-G-Lens,2021-05-01,Matchweek 35,Sat,Home,W,2,1,Lens,2,14,6,42.9,0.14,0.33,17.5,2.0,0,0,1.4,1.4,0.1,0.6,0.6,17:00:00,/en/matches/315d82a9/Paris-Saint-Germain-Lens-May-1-2021-Ligue-1
FRA-Ligue 1,2021,Paris S-G,2021-05-09 Rennes-Paris S-G,2021-05-09,Matchweek 36,Sun,Away,D,1,1,Rennes,1,11,3,27.3,0.0,0.0,16.0,0.0,1,1,1.6,0.8,0.07,-0.6,-0.8,21:00:00,/en/matches/6fb5cbc5/Rennes-Paris-Saint-Germain-May-9-2021-Ligue-1
FRA-Ligue 1,2021,Paris S-G,2021-05-16 Paris S-G-Reims,2021-05-16,Matchweek 37,Sun,Home,W,4,0,Reims,4,27,8,29.6,0.11,0.38,17.3,0.0,1,1,3.6,3.1,0.12,0.4,-0.1,21:00:00,/en/matches/b8a9948f/Paris-Saint-Germain-Reims-May-16-2021-Ligue-1
FRA-Ligue 1,2021,Paris S-G,2021-05-23 Brest-Paris S-G,2021-05-23,Matchweek 38,Sun,Away,W,2,0,Brest,1,8,4,50.0,0.13,0.25,15.5,1.0,0,1,2.4,1.6,0.21,-1.4,-0.6,21:00:00,/en/matches/e0259056/Brest-Paris-Saint-Germain-May-23-2021-Ligue-1
FRA-Ligue 1,2021,Reims,2020-08-23 Monaco-Reims,2020-08-23,Matchweek 1,Sun,Away,D,2,2,Monaco,2,9,3,33.3,0.22,0.67,15.4,0.0,0,0,1.7,1.7,0.19,0.3,0.3,13:00:00,/en/matches/b3bddcc0/Monaco-Reims-August-23-2020-Ligue-1
FRA-Ligue 1,2021,Reims,2020-08-30 Reims-Lille,2020-08-30,Matchweek 2,Sun,Home,L,0,1,Lille,0,4,0,0.0,0.0,,24.9,0.0,0,0,0.3,0.3,0.06,-0.3,-0.3,13:00:00,/en/matches/c25931b4/Reims-Lille-August-30-2020-Ligue-1
FRA-Ligue 1,2021,Reims,2020-09-13 Angers-Reims,2020-09-13,Matchweek 3,Sun,Away,L,0,1,Angers,0,7,2,28.6,0.0,0.0,17.6,1.0,0,0,0.4,0.4,0.06,-0.4,-0.4,15:00:00,/en/matches/a1237c63/Angers-Reims-September-13-2020-Ligue-1
FRA-Ligue 1,2021,Reims,2020-09-20 Metz-Reims,2020-09-20,Matchweek 4,Sun,Away,L,1,2,Metz,1,9,3,33.3,0.0,0.0,22.2,0.0,1,1,1.2,0.4,0.04,-0.2,-0.4,15:00:00,/en/matches/a0f9e058/Metz-Reims-September-20-2020-Ligue-1
FRA-Ligue 1,2021,Reims,2020-09-27 Reims-Paris S-G,2020-09-27,Matchweek 5,Sun,Home,L,0,2,Paris S-G,0,8,3,37.5,0.0,0.0,23.4,0.0,0,0,0.3,0.3,0.03,-0.3,-0.3,21:00:00,/en/matches/61cf0b59/Reims-Paris-Saint-Germain-September-27-2020-Ligue-1
FRA-Ligue 1,2021,Reims,2020-10-04 Rennes-Reims,2020-10-04,Matchweek 6,Sun,Away,D,2,2,Rennes,2,9,4,44.4,0.22,0.5,14.1,0.0,0,0,1.1,1.1,0.13,0.9,0.9,17:00:00,/en/matches/6d85492f/Rennes-Reims-October-4-2020-Ligue-1
FRA-Ligue 1,2021,Reims,2020-10-17 Reims-Lorient,2020-10-17,Matchweek 7,Sat,Home,L,1,3,Lorient,1,6,3,50.0,0.17,0.33,19.5,0.0,0,0,0.3,0.3,0.05,0.7,0.7,17:00:00,/en/matches/db1bb52f/Reims-Lorient-October-17-2020-Ligue-1
FRA-Ligue 1,2021,Reims,2020-10-25 Montpellier-Reims,2020-10-25,Matchweek 8,Sun,Away,W,4,0,Montpellier,4,22,7,31.8,0.09,0.29,16.7,1.0,2,2,4.0,2.4,0.11,0.0,-0.4,15:00:00,/en/matches/395d1d43/Montpellier-Reims-October-25-2020-Ligue-1
FRA-Ligue 1,2021,Reims,2020-11-01 Reims-Strasbourg,2020-11-01,Matchweek 9,Sun,Home,W,2,1,Strasbourg,1,12,4,33.3,0.08,0.25,24.5,1.0,0,0,0.6,0.6,0.05,0.4,0.4,15:00:00,/en/matches/791f7224/Reims-Strasbourg-November-1-2020-Ligue-1
FRA-Ligue 1,2021,Reims,2020-11-08 Lens-Reims,2020-11-08,Matchweek 10,Sun,Away,D,4,4,Lens,3,8,6,75.0,0.38,0.5,18.2,0.0,0,0,1.0,1.0,0.12,2.0,2.0,15:00:00,/en/matches/e2283e68/Lens-Reims-November-8-2020-Ligue-1
FRA-Ligue 1,2021,Reims,2020-11-22 Reims-Nîmes,2020-11-22,Matchweek 11,Sun,Home,L,0,1,Nîmes,0,16,6,37.5,0.0,0.0,20.3,1.0,0,0,1.5,1.5,0.1,-1.5,-1.5,15:00:00,/en/matches/1ee3fd0c/Reims-Nimes-November-22-2020-Ligue-1
FRA-Ligue 1,2021,Reims,2020-11-29 Lyon-Reims,2020-11-29,Matchweek 12,Sun,Away,L,0,3,Lyon,0,9,2,22.2,0.0,0.0,23.9,1.0,0,0,0.4,0.4,0.05,-0.4,-0.4,13:00:00,/en/matches/4301f4b9/Lyon-Reims-November-29-2020-Ligue-1
FRA-Ligue 1,2021,Reims,2020-12-06 Reims-Nice,2020-12-06,Matchweek 13,Sun,Home,D,0,0,Nice,0,11,2,18.2,0.0,0.0,21.0,1.0,0,0,0.5,0.5,0.05,-0.5,-0.5,17:00:00,/en/matches/bbfbe923/Reims-Nice-December-6-2020-Ligue-1
FRA-Ligue 1,2021,Reims,2020-12-13 Brest-Reims,2020-12-13,Matchweek 14,Sun,Away,L,1,2,Brest,1,10,4,40.0,0.1,0.25,18.5,0.0,0,0,0.6,0.6,0.06,0.4,0.4,15:00:00,/en/matches/8757c51f/Brest-Reims-December-13-2020-Ligue-1
FRA-Ligue 1,2021,Reims,2020-12-16 Reims-Nantes,2020-12-16,Matchweek 15,Wed,Home,W,3,2,Nantes,3,12,3,25.0,0.17,0.67,18.6,1.0,1,1,1.8,1.0,0.09,1.2,1.0,19:00:00,/en/matches/5e8e99fa/Reims-Nantes-December-16-2020-Ligue-1
FRA-Ligue 1,2021,Reims,2020-12-19 Marseille-Reims,2020-12-19,Matchweek 16,Sat,Away,D,1,1,Marseille,0,3,1,33.3,0.0,0.0,21.8,0.0,0,0,0.3,0.3,0.09,-0.3,-0.3,19:00:00,/en/matches/bea6f7ea/Marseille-Reims-December-19-2020-Ligue-1
FRA-Ligue 1,2021,Reims,2020-12-23 Bordeaux-Reims,2020-12-23,Matchweek 17,Wed,Away,W,3,1,Bordeaux,3,10,5,50.0,0.3,0.6,20.0,0.0,0,0,1.0,1.0,0.11,2.0,2.0,19:00:00,/en/matches/92d5d552/Bordeaux-Reims-December-23-2020-Ligue-1
FRA-Ligue 1,2021,Reims,2021-01-06 Reims-Dijon,2021-01-06,Matchweek 18,Wed,Home,D,0,0,Dijon,0,9,3,33.3,0.0,0.0,19.9,1.0,0,0,0.7,0.7,0.09,-0.7,-0.7,21:00:00,/en/matches/170fb6b5/Reims-Dijon-January-6-2021-Ligue-1
FRA-Ligue 1,2021,Reims,2021-01-09 Reims-Saint-Étienne,2021-01-09,Matchweek 19,Sat,Home,W,3,1,Saint-Étienne,3,6,2,33.3,0.33,1.0,19.9,1.0,1,1,1.6,0.9,0.15,1.4,1.1,21:00:00,/en/matches/eb982b95/Reims-Saint-Etienne-January-9-2021-Ligue-1
FRA-Ligue 1,2021,Reims,2021-01-17 Lille-Reims,2021-01-17,Matchweek 20,Sun,Away,L,1,2,Lille,1,8,4,50.0,0.13,0.25,22.1,0.0,0,0,0.3,0.3,0.04,0.7,0.7,17:00:00,/en/matches/19eb6375/Lille-Reims-January-17-2021-Ligue-1
FRA-Ligue 1,2021,Reims,2021-01-24 Reims-Brest,2021-01-24,Matchweek 21,Sun,Home,W,1,0,Brest,1,12,2,16.7,0.08,0.5,17.5,0.0,0,0,1.1,1.1,0.09,-0.1,-0.1,15:00:00,/en/matches/54bc4f15/Reims-Brest-January-24-2021-Ligue-1
FRA-Ligue 1,2021,Reims,2021-01-31 Strasbourg-Reims,2021-01-31,Matchweek 22,Sun,Away,W,1,0,Strasbourg,1,10,5,50.0,0.1,0.2,17.5,0.0,0,0,1.4,1.4,0.14,-0.4,-0.4,15:00:00,/en/matches/7d380a9a/Strasbourg-Reims-January-31-2021-Ligue-1
FRA-Ligue 1,2021,Reims,2021-02-03 Reims-Angers,2021-02-03,Matchweek 23,Wed,Home,D,0,0,Angers,0,10,2,20.0,0.0,0.0,20.0,1.0,0,0,0.5,0.5,0.06,-0.5,-0.5,19:00:00,/en/matches/00f3abdc/Reims-Angers-February-3-2021-Ligue-1
FRA-Ligue 1,2021,Reims,2021-02-06 Lorient-Reims,2021-02-06,Matchweek 24,Sat,Away,L,0,1,Lorient,0,13,3,23.1,0.0,0.0,21.8,1.0,0,0,0.9,0.9,0.07,-0.9,-0.9,17:00:00,/en/matches/efa9508b/Lorient-Reims-February-6-2021-Ligue-1
FRA-Ligue 1,2021,Reims,2021-02-13 Reims-Lens,2021-02-13,Matchweek 25,Sat,Home,D,1,1,Lens,1,9,6,66.7,0.11,0.17,19.3,0.0,0,0,0.7,0.7,0.08,0.3,0.3,19:00:00,/en/matches/26bbc16f/Reims-Lens-February-13-2021-Ligue-1
FRA-Ligue 1,2021,Reims,2021-02-20 Saint-Étienne-Reims,2021-02-20,Matchweek 26,Sat,Away,D,1,1,Saint-Étienne,1,4,2,50.0,0.25,0.5,9.2,0.0,0,0,0.4,0.4,0.1,0.6,0.6,13:00:00,/en/matches/01026fa4/Saint-Etienne-Reims-February-20-2021-Ligue-1
FRA-Ligue 1,2021,Reims,2021-02-28 Reims-Montpellier,2021-02-28,Matchweek 27,Sun,Home,D,0,0,Montpellier,0,9,2,22.2,0.0,0.0,19.2,1.0,0,0,0.4,0.4,0.05,-0.4,-0.4,15:00:00,/en/matches/de4cb95e/Reims-Montpellier-February-28-2021-Ligue-1
FRA-Ligue 1,2021,Reims,2021-03-03 Nantes-Reims,2021-03-03,Matchweek 28,Wed,Away,W,2,1,Nantes,2,4,2,50.0,0.5,1.0,8.7,0.0,0,0,0.6,0.6,0.16,1.4,1.4,21:00:00,/en/matches/c7731977/Nantes-Reims-March-3-2021-Ligue-1
FRA-Ligue 1,2021,Reims,2021-03-12 Reims-Lyon,2021-03-12,Matchweek 29,Fri,Home,D,1,1,Lyon,1,14,5,35.7,0.07,0.2,20.4,0.0,0,0,0.7,0.7,0.05,0.3,0.3,21:00:00,/en/matches/6f1ea543/Reims-Lyon-March-12-2021-Ligue-1
FRA-Ligue 1,2021,Reims,2021-03-21 Dijon-Reims,2021-03-21,Matchweek 30,Sun,Away,W,1,0,Dijon,1,9,2,22.2,0.11,0.5,21.7,1.0,0,0,1.1,1.1,0.12,-0.1,-0.1,15:00:00,/en/matches/212008ae/Dijon-Reims-March-21-2021-Ligue-1
FRA-Ligue 1,2021,Reims,2021-04-04 Reims-Rennes,2021-04-04,Matchweek 31,Sun,Home,D,2,2,Rennes,2,9,4,44.4,0.22,0.5,21.0,1.0,0,0,1.0,1.0,0.12,1.0,1.0,15:00:00,/en/matches/6957bee0/Reims-Rennes-April-4-2021-Ligue-1
FRA-Ligue 1,2021,Reims,2021-04-11 Nice-Reims,2021-04-11,Matchweek 32,Sun,Away,D,0,0,Nice,0,10,1,10.0,0.0,0.0,18.6,0.0,0,0,0.5,0.5,0.05,-0.5,-0.5,15:00:00,/en/matches/fe622347/Nice-Reims-April-11-2021-Ligue-1
FRA-Ligue 1,2021,Reims,2021-04-18 Reims-Metz,2021-04-18,Matchweek 33,Sun,Home,D,0,0,Metz,0,15,6,40.0,0.0,0.0,19.2,0.0,0,0,0.9,0.9,0.06,-0.9,-0.9,15:00:00,/en/matches/b7a01ae1/Reims-Metz-April-18-2021-Ligue-1
FRA-Ligue 1,2021,Reims,2021-04-23 Reims-Marseille,2021-04-23,Matchweek 34,Fri,Home,L,1,3,Marseille,1,10,1,10.0,0.1,1.0,19.4,0.0,0,0,0.6,0.6,0.07,0.4,0.4,21:00:00,/en/matches/6b30b4bd/Reims-Marseille-April-23-2021-Ligue-1
FRA-Ligue 1,2021,Reims,2021-05-02 Nîmes-Reims,2021-05-02,Matchweek 35,Sun,Away,D,2,2,Nîmes,2,12,7,58.3,0.17,0.29,23.3,1.0,0,0,0.8,0.8,0.06,1.2,1.2,15:00:00,/en/matches/52a6b8a7/Nimes-Reims-May-2-2021-Ligue-1
FRA-Ligue 1,2021,Reims,2021-05-09 Reims-Monaco,2021-05-09,Matchweek 36,Sun,Home,L,0,1,Monaco,0,8,2,25.0,0.0,0.0,17.9,0.0,0,0,0.4,0.4,0.05,-0.4,-0.4,17:05:00,/en/matches/8eec746c/Reims-Monaco-May-9-2021-Ligue-1
FRA-Ligue 1,2021,Reims,2021-05-16 Paris S-G-Reims,2021-05-16,Matchweek 37,Sun,Away,L,0,4,Paris S-G,0,2,0,0.0,0.0,,22.3,0.0,0,0,0.1,0.1,0.03,-0.1,-0.1,21:00:00,/en/matches/b8a9948f/Paris-Saint-Germain-Reims-May-16-2021-Ligue-1
FRA-Ligue 1,2021,Reims,2021-05-23 Reims-Bordeaux,2021-05-23,Matchweek 38,Sun,Home,L,1,2,Bordeaux,1,10,3,30.0,0.1,0.33,14.6,0.0,0,0,1.0,1.0,0.1,0.0,0.0,21:00:00,/en/matches/0dc82fba/Reims-Bordeaux-May-23-2021-Ligue-1
FRA-Ligue 1,2021,Rennes,2020-08-22 Lille-Rennes,2020-08-22,Matchweek 1,Sat,Away,D,1,1,Lille,1,16,2,12.5,0.06,0.5,17.7,1.0,0,0,1.6,1.6,0.1,-0.6,-0.6,21:00:00,/en/matches/50ec2fcc/Lille-Rennes-August-22-2020-Ligue-1
FRA-Ligue 1,2021,Rennes,2020-08-29 Rennes-Montpellier,2020-08-29,Matchweek 2,Sat,Home,W,2,1,Montpellier,1,16,7,43.8,0.06,0.14,21.3,3.0,0,0,1.4,1.4,0.09,-0.4,-0.4,17:00:00,/en/matches/1ec60fe6/Rennes-Montpellier-August-29-2020-Ligue-1
FRA-Ligue 1,2021,Rennes,2020-09-13 Nîmes-Rennes,2020-09-13,Matchweek 3,Sun,Away,W,4,2,Nîmes,4,10,6,60.0,0.4,0.67,16.3,0.0,0,0,2.1,2.1,0.21,1.9,1.9,15:00:00,/en/matches/a38dda9a/Nimes-Rennes-September-13-2020-Ligue-1
FRA-Ligue 1,2021,Rennes,2020-09-19 Rennes-Monaco,2020-09-19,Matchweek 4,Sat,Home,W,2,1,Monaco,2,15,3,20.0,0.13,0.67,17.9,1.0,0,0,1.0,1.0,0.07,1.0,1.0,21:00:00,/en/matches/17da8c83/Rennes-Monaco-September-19-2020-Ligue-1
FRA-Ligue 1,2021,Rennes,2020-09-26 Saint-Étienne-Rennes,2020-09-26,Matchweek 5,Sat,Away,W,3,0,Saint-Étienne,3,10,6,60.0,0.3,0.5,16.6,0.0,0,0,1.0,1.0,0.1,2.0,2.0,17:00:00,/en/matches/bd61810c/Saint-Etienne-Rennes-September-26-2020-Ligue-1
FRA-Ligue 1,2021,Rennes,2020-10-04 Rennes-Reims,2020-10-04,Matchweek 6,Sun,Home,D,2,2,Reims,2,19,3,15.8,0.11,0.67,16.6,2.0,0,0,1.8,1.8,0.09,0.2,0.2,17:00:00,/en/matches/6d85492f/Rennes-Reims-October-4-2020-Ligue-1
FRA-Ligue 1,2021,Rennes,2020-10-16 Dijon-Rennes,2020-10-16,Matchweek 7,Fri,Away,D,1,1,Dijon,1,12,3,25.0,0.08,0.33,19.8,2.0,0,0,0.9,0.9,0.08,0.1,0.1,19:00:00,/en/matches/40fc3205/Dijon-Rennes-October-16-2020-Ligue-1
FRA-Ligue 1,2021,Rennes,2020-10-23 Rennes-Angers,2020-10-23,Matchweek 8,Fri,Home,L,1,2,Angers,1,11,1,9.1,0.09,1.0,14.5,0.0,0,0,1.4,1.4,0.13,-0.4,-0.4,21:00:00,/en/matches/3450b7fc/Rennes-Angers-October-23-2020-Ligue-1
FRA-Ligue 1,2021,Rennes,2020-10-31 Rennes-Brest,2020-10-31,Matchweek 9,Sat,Home,W,2,1,Brest,2,24,8,33.3,0.08,0.25,17.7,0.0,0,0,1.4,1.4,0.06,0.6,0.6,17:00:00,/en/matches/484e968c/Rennes-Brest-October-31-2020-Ligue-1
FRA-Ligue 1,2021,Rennes,2020-11-07 Paris S-G-Rennes,2020-11-07,Matchweek 10,Sat,Away,L,0,3,Paris S-G,0,16,3,18.8,0.0,0.0,17.0,0.0,0,0,1.0,1.0,0.06,-1.0,-1.0,21:00:00,/en/matches/a28dd1b9/Paris-Saint-Germain-Rennes-November-7-2020-Ligue-1
FRA-Ligue 1,2021,Rennes,2020-11-20 Rennes-Bordeaux,2020-11-20,Matchweek 11,Fri,Home,L,0,1,Bordeaux,0,14,2,14.3,0.0,0.0,16.5,0.0,0,0,1.9,1.9,0.14,-1.9,-1.9,19:00:00,/en/matches/c7f16be3/Rennes-Bordeaux-November-20-2020-Ligue-1
FRA-Ligue 1,2021,Rennes,2020-11-27 Strasbourg-Rennes,2020-11-27,Matchweek 12,Fri,Away,D,1,1,Strasbourg,1,21,7,33.3,0.05,0.14,17.1,2.0,0,0,2.5,2.5,0.12,-1.5,-1.5,21:00:00,/en/matches/3b498bf8/Strasbourg-Rennes-November-27-2020-Ligue-1
FRA-Ligue 1,2021,Rennes,2020-12-05 Rennes-Lens,2020-12-05,Matchweek 13,Sat,Home,L,0,2,Lens,0,10,4,40.0,0.0,0.0,20.3,2.0,0,0,0.5,0.5,0.05,-0.5,-0.5,17:00:00,/en/matches/69560d5c/Rennes-Lens-December-5-2020-Ligue-1
FRA-Ligue 1,2021,Rennes,2020-12-13 Nice-Rennes,2020-12-13,Matchweek 14,Sun,Away,W,1,0,Nice,1,16,5,31.3,0.06,0.2,15.8,0.0,0,0,1.3,1.3,0.08,-0.3,-0.3,13:00:00,/en/matches/5c4cfd00/Nice-Rennes-December-13-2020-Ligue-1
FRA-Ligue 1,2021,Rennes,2020-12-16 Rennes-Marseille,2020-12-16,Matchweek 15,Wed,Home,W,2,1,Marseille,2,15,5,33.3,0.13,0.4,18.1,0.0,0,0,1.2,1.2,0.08,0.8,0.8,21:00:00,/en/matches/7757b78e/Rennes-Marseille-December-16-2020-Ligue-1
FRA-Ligue 1,2021,Rennes,2020-12-20 Lorient-Rennes,2020-12-20,Matchweek 16,Sun,Away,W,3,0,Lorient,3,15,4,26.7,0.2,0.75,19.9,2.0,0,0,0.9,0.9,0.06,2.1,2.1,17:00:00,/en/matches/63148fae/Lorient-Rennes-December-20-2020-Ligue-1
FRA-Ligue 1,2021,Rennes,2020-12-23 Rennes-Metz,2020-12-23,Matchweek 17,Wed,Home,W,1,0,Metz,1,11,6,54.5,0.09,0.17,18.5,0.0,0,0,0.9,0.9,0.08,0.1,0.1,19:00:00,/en/matches/cb7d6ff7/Rennes-Metz-December-23-2020-Ligue-1
FRA-Ligue 1,2021,Rennes,2021-01-06 Nantes-Rennes,2021-01-06,Matchweek 18,Wed,Away,D,0,0,Nantes,0,8,0,0.0,0.0,,17.3,1.0,0,0,0.6,0.6,0.08,-0.6,-0.6,19:00:00,/en/matches/251197e6/Nantes-Rennes-January-6-2021-Ligue-1
FRA-Ligue 1,2021,Rennes,2021-01-09 Rennes-Lyon,2021-01-09,Matchweek 19,Sat,Home,D,2,2,Lyon,2,14,6,42.9,0.14,0.33,18.8,0.0,0,0,1.1,1.1,0.08,0.9,0.9,21:00:00,/en/matches/a17d9c6a/Rennes-Lyon-January-9-2021-Ligue-1
FRA-Ligue 1,2021,Rennes,2021-01-17 Brest-Rennes,2021-01-17,Matchweek 20,Sun,Away,W,2,1,Brest,2,6,3,50.0,0.17,0.33,19.7,0.0,1,1,1.6,0.9,0.14,0.4,0.1,13:00:00,/en/matches/e3319eb7/Brest-Rennes-January-17-2021-Ligue-1
FRA-Ligue 1,2021,Rennes,2021-01-24 Rennes-Lille,2021-01-24,Matchweek 21,Sun,Home,L,0,1,Lille,0,11,2,18.2,0.0,0.0,19.7,2.0,0,0,0.7,0.7,0.06,-0.7,-0.7,17:00:00,/en/matches/16b98c65/Rennes-Lille-January-24-2021-Ligue-1
FRA-Ligue 1,2021,Rennes,2021-02-03 Rennes-Lorient,2021-02-03,Matchweek 23,Wed,Home,D,1,1,Lorient,1,10,6,60.0,0.1,0.17,17.6,0.0,0,0,1.0,1.0,0.1,0.0,0.0,19:00:00,/en/matches/5834a902/Rennes-Lorient-February-3-2021-Ligue-1
FRA-Ligue 1,2021,Rennes,2021-02-06 Lens-Rennes,2021-02-06,Matchweek 24,Sat,Away,D,0,0,Lens,0,10,1,10.0,0.0,0.0,16.7,0.0,0,0,0.8,0.8,0.08,-0.8,-0.8,21:00:00,/en/matches/1a65ddc8/Lens-Rennes-February-6-2021-Ligue-1
FRA-Ligue 1,2021,Rennes,2021-02-14 Rennes-Saint-Étienne,2021-02-14,Matchweek 25,Sun,Home,L,0,2,Saint-Étienne,0,13,2,15.4,0.0,0.0,15.7,1.0,0,0,1.6,1.6,0.13,-1.6,-1.6,15:00:00,/en/matches/95bcd2b0/Rennes-Saint-Etienne-February-14-2021-Ligue-1
FRA-Ligue 1,2021,Rennes,2021-02-21 Montpellier-Rennes,2021-02-21,Matchweek 26,Sun,Away,L,1,2,Montpellier,1,14,5,35.7,0.07,0.2,15.2,1.0,0,0,2.0,2.0,0.15,-1.0,-1.0,13:00:00,/en/matches/878465f3/Montpellier-Rennes-February-21-2021-Ligue-1
FRA-Ligue 1,2021,Rennes,2021-02-26 Rennes-Nice,2021-02-26,Matchweek 27,Fri,Home,L,1,2,Nice,1,17,5,29.4,0.06,0.2,22.0,4.0,0,0,0.9,0.9,0.05,0.1,0.1,21:00:00,/en/matches/33ef08af/Rennes-Nice-February-26-2021-Ligue-1
FRA-Ligue 1,2021,Rennes,2021-03-03 Lyon-Rennes,2021-03-03,Matchweek 28,Wed,Away,L,0,1,Lyon,0,12,1,8.3,0.0,0.0,20.1,1.0,0,0,0.6,0.6,0.05,-0.6,-0.6,19:00:00,/en/matches/423f56db/Lyon-Rennes-March-3-2021-Ligue-1
FRA-Ligue 1,2021,Rennes,2021-03-10 Marseille-Rennes,2021-03-10,Matchweek 22,Wed,Away,L,0,1,Marseille,0,10,2,20.0,0.0,0.0,24.3,1.0,0,0,0.6,0.6,0.06,-0.6,-0.6,19:00:00,/en/matches/1724ec53/Marseille-Rennes-March-10-2021-Ligue-1
FRA-Ligue 1,2021,Rennes,2021-03-14 Rennes-Strasbourg,2021-03-14,Matchweek 29,Sun,Home,W,1,0,Strasbourg,1,11,2,18.2,0.09,0.5,15.9,0.0,0,0,1.0,1.0,0.09,0.0,0.0,15:00:00,/en/matches/0c33e9b2/Rennes-Strasbourg-March-14-2021-Ligue-1
FRA-Ligue 1,2021,Rennes,2021-03-20 Metz-Rennes,2021-03-20,Matchweek 30,Sat,Away,W,3,1,Metz,3,8,4,50.0,0.25,0.5,24.0,0.0,1,1,2.0,1.2,0.15,1.0,0.8,13:00:00,/en/matches/cc1f739a/Metz-Rennes-March-20-2021-Ligue-1
FRA-Ligue 1,2021,Rennes,2021-04-04 Reims-Rennes,2021-04-04,Matchweek 31,Sun,Away,D,2,2,Reims,2,18,7,38.9,0.06,0.14,20.3,1.0,1,1,2.3,1.5,0.09,-0.3,-0.5,15:00:00,/en/matches/6957bee0/Reims-Rennes-April-4-2021-Ligue-1
FRA-Ligue 1,2021,Rennes,2021-04-11 Rennes-Nantes,2021-04-11,Matchweek 32,Sun,Home,W,1,0,Nantes,1,14,4,28.6,0.07,0.25,19.6,0.0,0,0,0.6,0.6,0.04,0.4,0.4,13:00:00,/en/matches/f48ef301/Rennes-Nantes-April-11-2021-Ligue-1
FRA-Ligue 1,2021,Rennes,2021-04-17 Angers-Rennes,2021-04-17,Matchweek 33,Sat,Away,W,3,0,Angers,3,9,3,33.3,0.33,1.0,19.1,0.0,0,0,1.3,1.3,0.14,1.7,1.7,12:45:00,/en/matches/f3267962/Angers-Rennes-April-17-2021-Ligue-1
FRA-Ligue 1,2021,Rennes,2021-04-25 Rennes-Dijon,2021-04-25,Matchweek 34,Sun,Home,W,5,1,Dijon,5,25,11,44.0,0.2,0.45,16.7,0.0,0,0,3.0,3.0,0.12,2.0,2.0,15:00:00,/en/matches/89bb1f81/Rennes-Dijon-April-25-2021-Ligue-1
FRA-Ligue 1,2021,Rennes,2021-05-02 Bordeaux-Rennes,2021-05-02,Matchweek 35,Sun,Away,L,0,1,Bordeaux,0,9,2,22.2,0.0,0.0,19.0,2.0,0,0,0.6,0.6,0.07,-0.6,-0.6,13:00:00,/en/matches/fbdd3548/Bordeaux-Rennes-May-2-2021-Ligue-1
FRA-Ligue 1,2021,Rennes,2021-05-09 Rennes-Paris S-G,2021-05-09,Matchweek 36,Sun,Home,D,1,1,Paris S-G,1,19,10,52.6,0.05,0.1,18.9,1.0,0,0,1.0,1.0,0.05,0.0,0.0,21:00:00,/en/matches/6fb5cbc5/Rennes-Paris-Saint-Germain-May-9-2021-Ligue-1
FRA-Ligue 1,2021,Rennes,2021-05-16 Monaco-Rennes,2021-05-16,Matchweek 37,Sun,Away,L,1,2,Monaco,0,9,2,22.2,0.0,0.0,20.5,0.0,0,0,0.4,0.4,0.05,-0.4,-0.4,21:00:00,/en/matches/31247d59/Monaco-Rennes-May-16-2021-Ligue-1
FRA-Ligue 1,2021,Rennes,2021-05-23 Rennes-Nîmes,2021-05-23,Matchweek 38,Sun,Home,W,2,0,Nîmes,2,12,6,50.0,0.17,0.33,19.8,2.0,0,0,1.2,1.2,0.1,0.8,0.8,21:00:00,/en/matches/bf2041f7/Rennes-Nimes-May-23-2021-Ligue-1
FRA-Ligue 1,2021,Saint-Étienne,2020-08-30 Saint-Étienne-Lorient,2020-08-30,Matchweek 2,Sun,Home,W,2,0,Lorient,2,13,5,38.5,0.15,0.4,17.7,1.0,0,0,1.4,1.4,0.11,0.6,0.6,15:00:00,/en/matches/9b7fa4e1/Saint-Etienne-Lorient-August-30-2020-Ligue-1
FRA-Ligue 1,2021,Saint-Étienne,2020-09-12 Saint-Étienne-Strasbourg,2020-09-12,Matchweek 3,Sat,Home,W,2,0,Strasbourg,2,8,3,37.5,0.13,0.33,17.5,2.0,1,1,2.0,1.2,0.15,0.0,-0.2,21:00:00,/en/matches/b9da15cc/Saint-Etienne-Strasbourg-September-12-2020-Ligue-1
FRA-Ligue 1,2021,Saint-Étienne,2020-09-17 Marseille-Saint-Étienne,2020-09-17,Matchweek 1,Thu,Away,W,2,0,Marseille,2,12,5,41.7,0.17,0.4,15.5,1.0,0,0,1.3,1.3,0.11,0.7,0.7,21:00:00,/en/matches/bc9039b3/Marseille-Saint-Etienne-September-17-2020-Ligue-1
FRA-Ligue 1,2021,Saint-Étienne,2020-09-20 Nantes-Saint-Étienne,2020-09-20,Matchweek 4,Sun,Away,D,2,2,Nantes,2,6,3,50.0,0.33,0.67,20.7,0.0,0,0,1.0,1.0,0.17,1.0,1.0,17:00:00,/en/matches/6c304bd5/Nantes-Saint-Etienne-September-20-2020-Ligue-1
FRA-Ligue 1,2021,Saint-Étienne,2020-09-26 Saint-Étienne-Rennes,2020-09-26,Matchweek 5,Sat,Home,L,0,3,Rennes,0,6,4,66.7,0.0,0.0,18.0,0.0,0,0,0.3,0.3,0.05,-0.3,-0.3,17:00:00,/en/matches/bd61810c/Saint-Etienne-Rennes-September-26-2020-Ligue-1
FRA-Ligue 1,2021,Saint-Étienne,2020-10-03 Lens-Saint-Étienne,2020-10-03,Matchweek 6,Sat,Away,L,0,2,Lens,0,2,1,50.0,0.0,0.0,16.0,0.0,0,0,0.1,0.1,0.06,-0.1,-0.1,17:00:00,/en/matches/d2f273bc/Lens-Saint-Etienne-October-3-2020-Ligue-1
FRA-Ligue 1,2021,Saint-Étienne,2020-10-18 Saint-Étienne-Nice,2020-10-18,Matchweek 7,Sun,Home,L,1,3,Nice,1,11,4,36.4,0.09,0.25,19.4,1.0,0,0,0.8,0.8,0.07,0.2,0.2,17:00:00,/en/matches/bf718082/Saint-Etienne-Nice-October-18-2020-Ligue-1
FRA-Ligue 1,2021,Saint-Étienne,2020-10-25 Metz-Saint-Étienne,2020-10-25,Matchweek 8,Sun,Away,L,0,2,Metz,0,10,0,0.0,0.0,,22.3,1.0,0,0,0.5,0.5,0.05,-0.5,-0.5,15:00:00,/en/matches/e20f9399/Metz-Saint-Etienne-October-25-2020-Ligue-1
FRA-Ligue 1,2021,Saint-Étienne,2020-11-01 Saint-Étienne-Montpellier,2020-11-01,Matchweek 9,Sun,Home,L,0,1,Montpellier,0,8,0,0.0,0.0,,18.5,0.0,0,0,0.7,0.7,0.09,-0.7,-0.7,13:00:00,/en/matches/780282ee/Saint-Etienne-Montpellier-November-1-2020-Ligue-1
FRA-Ligue 1,2021,Saint-Étienne,2020-11-08 Lyon-Saint-Étienne,2020-11-08,Matchweek 10,Sun,Away,L,1,2,Lyon,0,14,4,28.6,0.0,0.0,19.3,1.0,0,1,1.9,1.1,0.08,-1.9,-1.1,21:00:00,/en/matches/16a2ea79/Lyon-Saint-Etienne-November-8-2020-Ligue-1
FRA-Ligue 1,2021,Saint-Étienne,2020-11-21 Brest-Saint-Étienne,2020-11-21,Matchweek 11,Sat,Away,L,1,4,Brest,1,17,1,5.9,0.06,1.0,18.8,0.0,0,0,1.3,1.3,0.08,-0.3,-0.3,17:00:00,/en/matches/43850694/Brest-Saint-Etienne-November-21-2020-Ligue-1
FRA-Ligue 1,2021,Saint-Étienne,2020-11-29 Saint-Étienne-Lille,2020-11-29,Matchweek 12,Sun,Home,D,1,1,Lille,1,6,4,66.7,0.0,0.0,27.5,0.0,1,1,1.0,0.2,0.04,0.0,-0.2,21:00:00,/en/matches/03d07003/Saint-Etienne-Lille-November-29-2020-Ligue-1
FRA-Ligue 1,2021,Saint-Étienne,2020-12-06 Dijon-Saint-Étienne,2020-12-06,Matchweek 13,Sun,Away,D,0,0,Dijon,0,7,2,28.6,0.0,0.0,18.7,0.0,0,0,0.7,0.7,0.11,-0.7,-0.7,15:00:00,/en/matches/de81078b/Dijon-Saint-Etienne-December-6-2020-Ligue-1
FRA-Ligue 1,2021,Saint-Étienne,2020-12-11 Saint-Étienne-Angers,2020-12-11,Matchweek 14,Fri,Home,D,0,0,Angers,0,14,3,21.4,0.0,0.0,17.0,0.0,0,0,1.3,1.3,0.1,-1.3,-1.3,21:00:00,/en/matches/e83bb8e6/Saint-Etienne-Angers-December-11-2020-Ligue-1
FRA-Ligue 1,2021,Saint-Étienne,2020-12-16 Bordeaux-Saint-Étienne,2020-12-16,Matchweek 15,Wed,Away,W,2,1,Bordeaux,2,19,8,42.1,0.11,0.25,23.4,2.0,0,0,2.3,2.3,0.12,-0.3,-0.3,21:00:00,/en/matches/80a19aca/Bordeaux-Saint-Etienne-December-16-2020-Ligue-1
FRA-Ligue 1,2021,Saint-Étienne,2020-12-20 Saint-Étienne-Nîmes,2020-12-20,Matchweek 16,Sun,Home,D,2,2,Nîmes,2,17,8,47.1,0.12,0.25,19.8,0.0,0,1,2.9,2.1,0.13,-0.9,-0.1,15:00:00,/en/matches/45ed736f/Saint-Etienne-Nimes-December-20-2020-Ligue-1
FRA-Ligue 1,2021,Saint-Étienne,2020-12-23 Monaco-Saint-Étienne,2020-12-23,Matchweek 17,Wed,Away,D,2,2,Monaco,2,17,5,29.4,0.06,0.2,18.8,0.0,1,1,1.7,0.9,0.06,0.3,0.1,21:00:00,/en/matches/b6b53a29/Monaco-Saint-Etienne-December-23-2020-Ligue-1
FRA-Ligue 1,2021,Saint-Étienne,2021-01-06 Saint-Étienne-Paris S-G,2021-01-06,Matchweek 18,Wed,Home,D,1,1,Paris S-G,1,11,5,45.5,0.09,0.2,13.4,0.0,0,0,1.2,1.2,0.11,-0.2,-0.2,21:00:00,/en/matches/2c025c21/Saint-Etienne-Paris-Saint-Germain-January-6-2021-Ligue-1
FRA-Ligue 1,2021,Saint-Étienne,2021-01-09 Reims-Saint-Étienne,2021-01-09,Matchweek 19,Sat,Away,L,1,3,Reims,1,14,6,42.9,0.07,0.17,15.2,0.0,0,0,1.5,1.5,0.11,-0.5,-0.5,21:00:00,/en/matches/eb982b95/Reims-Saint-Etienne-January-9-2021-Ligue-1
FRA-Ligue 1,2021,Saint-Étienne,2021-01-17 Strasbourg-Saint-Étienne,2021-01-17,Matchweek 20,Sun,Away,L,0,1,Strasbourg,0,7,3,42.9,0.0,0.0,14.9,0.0,0,1,1.5,0.7,0.1,-1.5,-0.7,15:00:00,/en/matches/2465458e/Strasbourg-Saint-Etienne-January-17-2021-Ligue-1
FRA-Ligue 1,2021,Saint-Étienne,2021-01-24 Saint-Étienne-Lyon,2021-01-24,Matchweek 21,Sun,Home,L,0,5,Lyon,0,3,0,0.0,0.0,,16.1,0.0,0,0,0.2,0.2,0.08,-0.2,-0.2,21:00:00,/en/matches/f0d4e4fc/Saint-Etienne-Lyon-January-24-2021-Ligue-1
FRA-Ligue 1,2021,Saint-Étienne,2021-01-31 Nice-Saint-Étienne,2021-01-31,Matchweek 22,Sun,Away,W,1,0,Nice,1,10,1,10.0,0.1,1.0,15.4,0.0,0,0,1.4,1.4,0.14,-0.4,-0.4,13:00:00,/en/matches/35e70807/Nice-Saint-Etienne-January-31-2021-Ligue-1
FRA-Ligue 1,2021,Saint-Étienne,2021-02-03 Saint-Étienne-Nantes,2021-02-03,Matchweek 23,Wed,Home,D,1,1,Nantes,1,14,7,50.0,0.07,0.14,14.7,0.0,0,0,1.5,1.5,0.11,-0.5,-0.5,21:00:00,/en/matches/aa148f1a/Saint-Etienne-Nantes-February-3-2021-Ligue-1
FRA-Ligue 1,2021,Saint-Étienne,2021-02-07 Saint-Étienne-Metz,2021-02-07,Matchweek 24,Sun,Home,W,1,0,Metz,0,12,3,25.0,0.0,0.0,20.4,1.0,0,0,0.7,0.7,0.06,-0.7,-0.7,15:00:00,/en/matches/c839991c/Saint-Etienne-Metz-February-7-2021-Ligue-1
FRA-Ligue 1,2021,Saint-Étienne,2021-02-14 Rennes-Saint-Étienne,2021-02-14,Matchweek 25,Sun,Away,W,2,0,Rennes,2,6,3,50.0,0.33,0.67,23.1,0.0,0,0,0.3,0.3,0.05,1.7,1.7,15:00:00,/en/matches/95bcd2b0/Rennes-Saint-Etienne-February-14-2021-Ligue-1
FRA-Ligue 1,2021,Saint-Étienne,2021-02-20 Saint-Étienne-Reims,2021-02-20,Matchweek 26,Sat,Home,D,1,1,Reims,1,19,7,36.8,0.05,0.14,19.5,1.0,0,0,2.0,2.0,0.12,-1.0,-1.0,13:00:00,/en/matches/01026fa4/Saint-Etienne-Reims-February-20-2021-Ligue-1
FRA-Ligue 1,2021,Saint-Étienne,2021-02-28 Lorient-Saint-Étienne,2021-02-28,Matchweek 27,Sun,Away,L,1,2,Lorient,1,9,2,22.2,0.11,0.5,16.7,0.0,0,0,1.1,1.1,0.12,-0.1,-0.1,15:00:00,/en/matches/b2f8a734/Lorient-Saint-Etienne-February-28-2021-Ligue-1
FRA-Ligue 1,2021,Saint-Étienne,2021-03-03 Saint-Étienne-Lens,2021-03-03,Matchweek 28,Wed,Home,L,2,3,Lens,2,17,2,11.8,0.06,0.5,17.8,0.0,1,1,2.2,1.4,0.08,-0.2,-0.4,19:00:00,/en/matches/9bb6cda9/Saint-Etienne-Lens-March-3-2021-Ligue-1
FRA-Ligue 1,2021,Saint-Étienne,2021-03-13 Angers-Saint-Étienne,2021-03-13,Matchweek 29,Sat,Away,W,1,0,Angers,1,7,3,42.9,0.14,0.33,14.3,0.0,0,0,0.8,0.8,0.11,0.2,0.2,13:00:00,/en/matches/b8bde00b/Angers-Saint-Etienne-March-13-2021-Ligue-1
FRA-Ligue 1,2021,Saint-Étienne,2021-03-19 Saint-Étienne-Monaco,2021-03-19,Matchweek 30,Fri,Home,L,0,4,Monaco,0,9,3,33.3,0.0,0.0,18.5,2.0,0,0,0.5,0.5,0.05,-0.5,-0.5,21:00:00,/en/matches/78af4b5d/Saint-Etienne-Monaco-March-19-2021-Ligue-1
FRA-Ligue 1,2021,Saint-Étienne,2021-04-04 Nîmes-Saint-Étienne,2021-04-04,Matchweek 31,Sun,Away,W,2,0,Nîmes,2,15,5,33.3,0.13,0.4,16.1,0.0,0,0,1.7,1.7,0.11,0.3,0.3,17:05:00,/en/matches/4f5cf422/Nimes-Saint-Etienne-April-4-2021-Ligue-1
FRA-Ligue 1,2021,Saint-Étienne,2021-04-11 Saint-Étienne-Bordeaux,2021-04-11,Matchweek 32,Sun,Home,W,4,1,Bordeaux,4,15,4,26.7,0.13,0.5,19.1,2.0,2,2,3.3,1.9,0.13,0.7,0.1,15:00:00,/en/matches/12b0e5d1/Saint-Etienne-Bordeaux-April-11-2021-Ligue-1
FRA-Ligue 1,2021,Saint-Étienne,2021-04-18 Paris S-G-Saint-Étienne,2021-04-18,Matchweek 33,Sun,Away,L,2,3,Paris S-G,2,7,5,71.4,0.29,0.4,14.8,0.0,0,0,1.2,1.2,0.18,0.8,0.8,13:00:00,/en/matches/9ae8425f/Paris-Saint-Germain-Saint-Etienne-April-18-2021-Ligue-1
FRA-Ligue 1,2021,Saint-Étienne,2021-04-24 Saint-Étienne-Brest,2021-04-24,Matchweek 34,Sat,Home,L,1,2,Brest,1,6,3,50.0,0.17,0.33,13.4,0.0,0,0,0.9,0.9,0.15,0.1,0.1,13:00:00,/en/matches/17488489/Saint-Etienne-Brest-April-24-2021-Ligue-1
FRA-Ligue 1,2021,Saint-Étienne,2021-05-02 Montpellier-Saint-Étienne,2021-05-02,Matchweek 35,Sun,Away,W,2,1,Montpellier,2,19,7,36.8,0.11,0.29,17.0,1.0,0,0,2.6,2.6,0.14,-0.6,-0.6,17:05:00,/en/matches/ef0d8c13/Montpellier-Saint-Etienne-May-2-2021-Ligue-1
FRA-Ligue 1,2021,Saint-Étienne,2021-05-09 Saint-Étienne-Marseille,2021-05-09,Matchweek 36,Sun,Home,W,1,0,Marseille,1,18,5,27.8,0.06,0.2,18.7,1.0,0,0,1.4,1.4,0.08,-0.4,-0.4,13:00:00,/en/matches/73ac123f/Saint-Etienne-Marseille-May-9-2021-Ligue-1
FRA-Ligue 1,2021,Saint-Étienne,2021-05-16 Lille-Saint-Étienne,2021-05-16,Matchweek 37,Sun,Away,D,0,0,Lille,0,8,1,12.5,0.0,0.0,19.3,0.0,0,0,0.4,0.4,0.04,-0.4,-0.4,21:00:00,/en/matches/ccd8f1fe/Lille-Saint-Etienne-May-16-2021-Ligue-1
FRA-Ligue 1,2021,Saint-Étienne,2021-05-23 Saint-Étienne-Dijon,2021-05-23,Matchweek 38,Sun,Home,L,0,1,Dijon,0,19,5,26.3,0.0,0.0,18.7,0.0,0,0,1.3,1.3,0.07,-1.3,-1.3,21:00:00,/en/matches/c40614b1/Saint-Etienne-Dijon-May-23-2021-Ligue-1
FRA-Ligue 1,2021,Strasbourg,2020-08-23 Lorient-Strasbourg,2020-08-23,Matchweek 1,Sun,Away,L,1,3,Lorient,1,7,1,14.3,0.14,1.0,27.7,0.0,0,0,0.3,0.3,0.05,0.7,0.7,15:00:00,/en/matches/f96cd5a0/Lorient-Strasbourg-August-23-2020-Ligue-1
FRA-Ligue 1,2021,Strasbourg,2020-08-29 Strasbourg-Nice,2020-08-29,Matchweek 2,Sat,Home,L,0,2,Nice,0,6,0,0.0,0.0,,20.3,1.0,0,0,0.3,0.3,0.05,-0.3,-0.3,21:00:00,/en/matches/a271affc/Strasbourg-Nice-August-29-2020-Ligue-1
FRA-Ligue 1,2021,Strasbourg,2020-09-12 Saint-Étienne-Strasbourg,2020-09-12,Matchweek 3,Sat,Away,L,0,2,Saint-Étienne,0,14,6,42.9,0.0,0.0,18.2,2.0,0,0,1.4,1.4,0.1,-1.4,-1.4,21:00:00,/en/matches/b9da15cc/Saint-Etienne-Strasbourg-September-12-2020-Ligue-1
FRA-Ligue 1,2021,Strasbourg,2020-09-20 Strasbourg-Dijon,2020-09-20,Matchweek 4,Sun,Home,W,1,0,Dijon,1,17,6,35.3,0.06,0.17,18.1,2.0,0,0,2.7,2.7,0.16,-1.7,-1.7,15:00:00,/en/matches/5e509d7e/Strasbourg-Dijon-September-20-2020-Ligue-1
FRA-Ligue 1,2021,Strasbourg,2020-09-27 Monaco-Strasbourg,2020-09-27,Matchweek 5,Sun,Away,L,2,3,Monaco,2,8,4,50.0,0.13,0.25,23.1,0.0,1,1,1.5,0.7,0.09,0.5,0.3,15:00:00,/en/matches/6901ecbc/Monaco-Strasbourg-September-27-2020-Ligue-1
FRA-Ligue 1,2021,Strasbourg,2020-10-04 Strasbourg-Lille,2020-10-04,Matchweek 6,Sun,Home,L,0,3,Lille,0,15,2,13.3,0.0,0.0,14.2,0.0,0,0,1.6,1.6,0.11,-1.6,-1.6,15:00:00,/en/matches/e42b3f6a/Strasbourg-Lille-October-4-2020-Ligue-1
FRA-Ligue 1,2021,Strasbourg,2020-10-18 Strasbourg-Lyon,2020-10-18,Matchweek 7,Sun,Home,L,2,3,Lyon,2,19,8,42.1,0.11,0.25,15.8,1.0,0,0,2.1,2.1,0.11,-0.1,-0.1,13:00:00,/en/matches/fbfe5e73/Strasbourg-Lyon-October-18-2020-Ligue-1
FRA-Ligue 1,2021,Strasbourg,2020-10-25 Brest-Strasbourg,2020-10-25,Matchweek 8,Sun,Away,W,3,0,Brest,3,6,4,66.7,0.33,0.5,24.1,0.0,1,1,1.2,0.5,0.08,1.8,1.5,15:00:00,/en/matches/525316b3/Brest-Strasbourg-October-25-2020-Ligue-1
FRA-Ligue 1,2021,Strasbourg,2020-11-01 Reims-Strasbourg,2020-11-01,Matchweek 9,Sun,Away,L,1,2,Reims,1,7,1,14.3,0.0,0.0,17.1,0.0,1,1,1.5,0.7,0.11,-0.5,-0.7,15:00:00,/en/matches/791f7224/Reims-Strasbourg-November-1-2020-Ligue-1
FRA-Ligue 1,2021,Strasbourg,2020-11-06 Strasbourg-Marseille,2020-11-06,Matchweek 10,Fri,Home,L,0,1,Marseille,0,9,2,22.2,0.0,0.0,20.6,0.0,0,0,0.4,0.4,0.05,-0.4,-0.4,21:00:00,/en/matches/8491adfc/Strasbourg-Marseille-November-6-2020-Ligue-1
FRA-Ligue 1,2021,Strasbourg,2020-11-22 Montpellier-Strasbourg,2020-11-22,Matchweek 11,Sun,Away,L,3,4,Montpellier,3,7,3,42.9,0.14,0.33,19.0,0.0,2,2,2.9,1.3,0.18,0.1,-0.3,15:00:00,/en/matches/f01e2c09/Montpellier-Strasbourg-November-22-2020-Ligue-1
FRA-Ligue 1,2021,Strasbourg,2020-11-27 Strasbourg-Rennes,2020-11-27,Matchweek 12,Fri,Home,D,1,1,Rennes,1,6,3,50.0,0.17,0.33,29.9,1.0,0,0,0.8,0.8,0.14,0.2,0.2,21:00:00,/en/matches/3b498bf8/Strasbourg-Rennes-November-27-2020-Ligue-1
FRA-Ligue 1,2021,Strasbourg,2020-12-06 Nantes-Strasbourg,2020-12-06,Matchweek 13,Sun,Away,W,4,0,Nantes,4,10,6,60.0,0.2,0.33,18.8,1.0,2,2,2.7,1.1,0.12,1.3,0.9,15:00:00,/en/matches/f800ad57/Nantes-Strasbourg-December-6-2020-Ligue-1
FRA-Ligue 1,2021,Strasbourg,2020-12-13 Strasbourg-Metz,2020-12-13,Matchweek 14,Sun,Home,D,2,2,Metz,2,17,4,23.5,0.12,0.5,22.4,0.0,0,0,1.1,1.1,0.06,0.9,0.9,15:00:00,/en/matches/d59fe5ea/Strasbourg-Metz-December-13-2020-Ligue-1
FRA-Ligue 1,2021,Strasbourg,2020-12-16 Angers-Strasbourg,2020-12-16,Matchweek 15,Wed,Away,W,2,0,Angers,2,7,3,42.9,0.29,0.67,20.9,0.0,0,0,0.6,0.6,0.09,1.4,1.4,19:00:00,/en/matches/a5fee05a/Angers-Strasbourg-December-16-2020-Ligue-1
FRA-Ligue 1,2021,Strasbourg,2020-12-20 Strasbourg-Bordeaux,2020-12-20,Matchweek 16,Sun,Home,L,0,2,Bordeaux,0,10,3,30.0,0.0,0.0,16.3,1.0,0,0,1.0,1.0,0.11,-1.0,-1.0,15:00:00,/en/matches/2eab1f5a/Strasbourg-Bordeaux-December-20-2020-Ligue-1
FRA-Ligue 1,2021,Strasbourg,2020-12-23 Paris S-G-Strasbourg,2020-12-23,Matchweek 17,Wed,Away,L,0,4,Paris S-G,0,8,2,25.0,0.0,0.0,18.3,0.0,0,0,0.6,0.6,0.07,-0.6,-0.6,21:00:00,/en/matches/644e5bd2/Paris-Saint-Germain-Strasbourg-December-23-2020-Ligue-1
FRA-Ligue 1,2021,Strasbourg,2021-01-06 Strasbourg-Nîmes,2021-01-06,Matchweek 18,Wed,Home,W,5,0,Nîmes,5,18,9,50.0,0.17,0.33,16.5,0.0,2,3,4.9,2.6,0.15,0.1,0.4,19:00:00,/en/matches/14d9a4e7/Strasbourg-Nimes-January-6-2021-Ligue-1
FRA-Ligue 1,2021,Strasbourg,2021-01-09 Lens-Strasbourg,2021-01-09,Matchweek 19,Sat,Away,W,1,0,Lens,1,10,4,40.0,0.1,0.25,19.6,0.0,0,0,1.3,1.3,0.13,-0.3,-0.3,21:00:00,/en/matches/ab3944d1/Lens-Strasbourg-January-9-2021-Ligue-1
FRA-Ligue 1,2021,Strasbourg,2021-01-17 Strasbourg-Saint-Étienne,2021-01-17,Matchweek 20,Sun,Home,W,1,0,Saint-Étienne,1,15,2,13.3,0.07,0.5,17.4,0.0,0,0,2.2,2.2,0.18,-1.2,-1.2,15:00:00,/en/matches/2465458e/Strasbourg-Saint-Etienne-January-17-2021-Ligue-1
FRA-Ligue 1,2021,Strasbourg,2021-01-24 Dijon-Strasbourg,2021-01-24,Matchweek 21,Sun,Away,D,1,1,Dijon,1,15,2,13.3,0.07,0.5,14.5,0.0,0,0,2.4,2.4,0.16,-1.4,-1.4,15:00:00,/en/matches/a7af930d/Dijon-Strasbourg-January-24-2021-Ligue-1
FRA-Ligue 1,2021,Strasbourg,2021-01-31 Strasbourg-Reims,2021-01-31,Matchweek 22,Sun,Home,L,0,1,Reims,0,12,2,16.7,0.0,0.0,20.3,1.0,0,0,1.2,1.2,0.1,-1.2,-1.2,15:00:00,/en/matches/7d380a9a/Strasbourg-Reims-January-31-2021-Ligue-1
FRA-Ligue 1,2021,Strasbourg,2021-02-03 Strasbourg-Brest,2021-02-03,Matchweek 23,Wed,Home,D,2,2,Brest,2,9,4,44.4,0.22,0.5,23.8,0.0,0,0,0.4,0.4,0.04,1.6,1.6,19:00:00,/en/matches/ce4a0c8e/Strasbourg-Brest-February-3-2021-Ligue-1
FRA-Ligue 1,2021,Strasbourg,2021-02-06 Lyon-Strasbourg,2021-02-06,Matchweek 24,Sat,Away,L,0,3,Lyon,0,8,1,12.5,0.0,0.0,23.4,0.0,0,0,0.3,0.3,0.04,-0.3,-0.3,19:00:00,/en/matches/189c7e24/Lyon-Strasbourg-February-6-2021-Ligue-1
FRA-Ligue 1,2021,Strasbourg,2021-02-14 Metz-Strasbourg,2021-02-14,Matchweek 25,Sun,Away,W,2,1,Metz,2,13,2,15.4,0.15,1.0,19.0,1.0,0,0,1.5,1.5,0.12,0.5,0.5,15:00:00,/en/matches/13dd281c/Metz-Strasbourg-February-14-2021-Ligue-1
FRA-Ligue 1,2021,Strasbourg,2021-02-21 Strasbourg-Angers,2021-02-21,Matchweek 26,Sun,Home,D,0,0,Angers,0,15,2,13.3,0.0,0.0,15.0,0.0,0,0,1.2,1.2,0.09,-1.2,-1.2,15:00:00,/en/matches/77b2ad0a/Strasbourg-Angers-February-21-2021-Ligue-1
FRA-Ligue 1,2021,Strasbourg,2021-02-28 Lille-Strasbourg,2021-02-28,Matchweek 27,Sun,Away,D,1,1,Lille,1,10,3,30.0,0.1,0.33,24.6,0.0,0,0,0.9,0.9,0.09,0.1,0.1,17:00:00,/en/matches/89db6c90/Lille-Strasbourg-February-28-2021-Ligue-1
FRA-Ligue 1,2021,Strasbourg,2021-03-03 Strasbourg-Monaco,2021-03-03,Matchweek 28,Wed,Home,W,1,0,Monaco,1,17,2,11.8,0.06,0.5,20.5,0.0,0,0,0.9,0.9,0.06,0.1,0.1,21:00:00,/en/matches/6ec67dc8/Strasbourg-Monaco-March-3-2021-Ligue-1
FRA-Ligue 1,2021,Strasbourg,2021-03-14 Rennes-Strasbourg,2021-03-14,Matchweek 29,Sun,Away,L,0,1,Rennes,0,6,1,16.7,0.0,0.0,17.8,1.0,0,0,0.6,0.6,0.11,-0.6,-0.6,15:00:00,/en/matches/0c33e9b2/Rennes-Strasbourg-March-14-2021-Ligue-1
FRA-Ligue 1,2021,Strasbourg,2021-03-21 Strasbourg-Lens,2021-03-21,Matchweek 30,Sun,Home,L,1,2,Lens,1,17,5,29.4,0.06,0.2,16.6,1.0,0,0,2.2,2.2,0.14,-1.2,-1.2,13:00:00,/en/matches/c22925df/Strasbourg-Lens-March-21-2021-Ligue-1
FRA-Ligue 1,2021,Strasbourg,2021-04-04 Bordeaux-Strasbourg,2021-04-04,Matchweek 31,Sun,Away,W,3,2,Bordeaux,3,11,4,36.4,0.18,0.5,16.8,0.0,1,1,2.2,1.4,0.13,0.8,0.6,15:00:00,/en/matches/f919ead6/Bordeaux-Strasbourg-April-4-2021-Ligue-1
FRA-Ligue 1,2021,Strasbourg,2021-04-10 Strasbourg-Paris S-G,2021-04-10,Matchweek 32,Sat,Home,L,1,4,Paris S-G,1,9,3,33.3,0.11,0.33,15.2,0.0,0,0,0.9,0.9,0.1,0.1,0.1,17:00:00,/en/matches/3d39e7ef/Strasbourg-Paris-Saint-Germain-April-10-2021-Ligue-1
FRA-Ligue 1,2021,Strasbourg,2021-04-18 Nîmes-Strasbourg,2021-04-18,Matchweek 33,Sun,Away,D,1,1,Nîmes,1,6,2,33.3,0.17,0.5,22.7,0.0,0,1,1.1,0.2,0.04,-0.1,0.8,15:00:00,/en/matches/9a9ec43b/Nimes-Strasbourg-April-18-2021-Ligue-1
FRA-Ligue 1,2021,Strasbourg,2021-04-25 Strasbourg-Nantes,2021-04-25,Matchweek 34,Sun,Home,L,1,2,Nantes,1,12,4,33.3,0.08,0.25,16.2,1.0,0,0,1.5,1.5,0.13,-0.5,-0.5,15:00:00,/en/matches/05a44d64/Strasbourg-Nantes-April-25-2021-Ligue-1
FRA-Ligue 1,2021,Strasbourg,2021-04-30 Marseille-Strasbourg,2021-04-30,Matchweek 35,Fri,Away,D,1,1,Marseille,1,8,5,62.5,0.13,0.2,18.6,0.0,0,0,0.4,0.4,0.05,0.6,0.6,21:00:00,/en/matches/ccf9386d/Marseille-Strasbourg-April-30-2021-Ligue-1
FRA-Ligue 1,2021,Strasbourg,2021-05-09 Strasbourg-Montpellier,2021-05-09,Matchweek 36,Sun,Home,L,2,3,Montpellier,2,18,7,38.9,0.11,0.29,16.7,1.0,0,0,1.8,1.8,0.14,0.2,0.2,15:00:00,/en/matches/e63e3a7c/Strasbourg-Montpellier-May-9-2021-Ligue-1
FRA-Ligue 1,2021,Strasbourg,2021-05-16 Nice-Strasbourg,2021-05-16,Matchweek 37,Sun,Away,W,2,0,Nice,2,11,5,45.5,0.18,0.4,13.5,1.0,0,0,1.9,1.9,0.18,0.1,0.1,21:00:00,/en/matches/75cbbe08/Nice-Strasbourg-May-16-2021-Ligue-1
FRA-Ligue 1,2021,Strasbourg,2021-05-23 Strasbourg-Lorient,2021-05-23,Matchweek 38,Sun,Home,D,1,1,Lorient,1,6,2,33.3,0.17,0.5,27.1,1.0,0,0,0.3,0.3,0.06,0.7,0.7,21:00:00,/en/matches/9e789fd5/Strasbourg-Lorient-May-23-2021-Ligue-1
FRA-Ligue 1,2223,Ajaccio,2022-08-05 Lyon-Ajaccio,2022-08-05,Matchweek 1,Fri,Away,L,1,2,Lyon,1,7,3,42.9,0.0,0.0,18.4,0.0,1,1,1.5,0.7,0.1,-0.5,-0.7,21:00:00,/en/matches/47ab569b/Lyon-Ajaccio-August-5-2022-Ligue-1
FRA-Ligue 1,2223,Ajaccio,2022-08-14 Ajaccio-Lens,2022-08-14,Matchweek 2,Sun,Home,D,0,0,Lens,0,9,2,22.2,0.0,0.0,18.2,0.0,0,0,0.5,0.5,0.06,-0.5,-0.5,15:00:00,/en/matches/8b559e8f/Ajaccio-Lens-August-14-2022-Ligue-1
FRA-Ligue 1,2223,Ajaccio,2022-08-21 Rennes-Ajaccio,2022-08-21,Matchweek 3,Sun,Away,L,1,2,Rennes,1,9,2,22.2,0.11,0.5,18.3,0.0,0,1,1.4,0.6,0.07,-0.4,0.4,17:05:00,/en/matches/9befca9a/Rennes-Ajaccio-August-21-2022-Ligue-1
FRA-Ligue 1,2223,Ajaccio,2022-08-26 Ajaccio-Lille,2022-08-26,Matchweek 4,Fri,Home,L,1,3,Lille,1,14,2,14.3,0.07,0.5,16.0,0.0,0,0,1.5,1.5,0.12,-0.5,-0.5,21:00:00,/en/matches/d8aa49d4/Ajaccio-Lille-August-26-2022-Ligue-1
FRA-Ligue 1,2223,Ajaccio,2022-08-31 Montpellier-Ajaccio,2022-08-31,Matchweek 5,Wed,Away,L,0,2,Montpellier,0,15,0,0.0,0.0,,15.8,1.0,0,0,1.2,1.2,0.08,-1.2,-1.2,19:00:00,/en/matches/f80ee3a3/Montpellier-Ajaccio-August-31-2022-Ligue-1
FRA-Ligue 1,2223,Ajaccio,2022-09-04 Ajaccio-Lorient,2022-09-04,Matchweek 6,Sun,Home,L,0,1,Lorient,0,16,3,18.8,0.0,0.0,21.5,2.0,0,0,0.5,0.5,0.03,-0.5,-0.5,15:00:00,/en/matches/ae60a120/Ajaccio-Lorient-September-4-2022-Ligue-1
FRA-Ligue 1,2223,Ajaccio,2022-09-11 Ajaccio-Nice,2022-09-11,Matchweek 7,Sun,Home,L,0,1,Nice,0,9,3,33.3,0.0,0.0,17.8,0.0,0,0,1.2,1.2,0.13,-1.2,-1.2,15:00:00,/en/matches/e7c831c2/Ajaccio-Nice-September-11-2022-Ligue-1
FRA-Ligue 1,2223,Ajaccio,2022-09-18 Brest-Ajaccio,2022-09-18,Matchweek 8,Sun,Away,W,1,0,Brest,1,6,4,66.7,0.17,0.25,16.9,0.0,0,0,0.5,0.5,0.09,0.5,0.5,15:00:00,/en/matches/1051ac4c/Brest-Ajaccio-September-18-2022-Ligue-1
FRA-Ligue 1,2223,Ajaccio,2022-10-02 Ajaccio-Clermont Foot,2022-10-02,Matchweek 9,Sun,Home,L,1,3,Clermont Foot,1,12,3,25.0,0.08,0.33,17.7,0.0,0,0,1.5,1.5,0.14,-0.5,-0.5,15:00:00,/en/matches/eaedf3ff/Ajaccio-Clermont-Foot-October-2-2022-Ligue-1
FRA-Ligue 1,2223,Ajaccio,2022-10-08 Marseille-Ajaccio,2022-10-08,Matchweek 10,Sat,Away,W,2,1,Marseille,1,6,1,16.7,0.17,1.0,25.0,0.0,0,0,0.2,0.2,0.03,0.8,0.8,17:00:00,/en/matches/98ad4323/Marseille-Ajaccio-October-8-2022-Ligue-1
FRA-Ligue 1,2223,Ajaccio,2022-10-16 Troyes-Ajaccio,2022-10-16,Matchweek 11,Sun,Away,D,1,1,Troyes,1,14,6,42.9,0.07,0.17,16.2,2.0,0,1,2.4,1.6,0.12,-1.4,-0.6,15:00:00,/en/matches/6ad88cc9/Troyes-Ajaccio-October-16-2022-Ligue-1
FRA-Ligue 1,2223,Ajaccio,2022-10-21 Ajaccio-Paris S-G,2022-10-21,Matchweek 12,Fri,Home,L,0,3,Paris S-G,0,8,1,12.5,0.0,0.0,20.0,1.0,0,0,0.3,0.3,0.04,-0.3,-0.3,21:00:00,/en/matches/492d0e7a/Ajaccio-Paris-Saint-Germain-October-21-2022-Ligue-1
FRA-Ligue 1,2223,Ajaccio,2022-10-30 Auxerre-Ajaccio,2022-10-30,Matchweek 13,Sun,Away,L,0,1,Auxerre,0,5,1,20.0,0.0,0.0,14.6,0.0,0,0,0.4,0.4,0.07,-0.4,-0.4,13:00:00,/en/matches/37f73b7b/Auxerre-Ajaccio-October-30-2022-Ligue-1
FRA-Ligue 1,2223,Ajaccio,2022-11-05 Ajaccio-Strasbourg,2022-11-05,Matchweek 14,Sat,Home,W,4,2,Strasbourg,4,9,5,55.6,0.22,0.4,21.6,0.0,2,3,3.7,1.8,0.2,0.3,0.2,17:00:00,/en/matches/ce07c8bb/Ajaccio-Strasbourg-November-5-2022-Ligue-1
FRA-Ligue 1,2223,Ajaccio,2022-11-13 Nantes-Ajaccio,2022-11-13,Matchweek 15,Sun,Away,D,2,2,Nantes,2,12,3,25.0,0.08,0.33,14.9,0.0,1,1,2.5,1.7,0.14,-0.5,-0.7,15:00:00,/en/matches/e2a7c160/Nantes-Ajaccio-November-13-2022-Ligue-1
FRA-Ligue 1,2223,Ajaccio,2022-12-28 Ajaccio-Angers,2022-12-28,Matchweek 16,Wed,Home,W,1,0,Angers,1,10,2,20.0,0.0,0.0,15.1,0.0,1,1,1.6,0.8,0.08,-0.6,-0.8,15:00:00,/en/matches/095e292f/Ajaccio-Angers-December-28-2022-Ligue-1
FRA-Ligue 1,2223,Ajaccio,2023-01-01 Toulouse-Ajaccio,2023-01-01,Matchweek 17,Sun,Away,L,0,2,Toulouse,0,1,0,0.0,0.0,,9.6,0.0,0,0,0.0,0.0,0.04,0.0,0.0,15:00:00,/en/matches/0e22e8ba/Toulouse-Ajaccio-January-1-2023-Ligue-1
FRA-Ligue 1,2223,Ajaccio,2023-01-11 Ajaccio-Reims,2023-01-11,Matchweek 18,Wed,Home,L,0,1,Reims,0,11,1,9.1,0.0,0.0,20.6,0.0,0,0,1.0,1.0,0.09,-1.0,-1.0,19:00:00,/en/matches/656ef1c0/Ajaccio-Reims-January-11-2023-Ligue-1
FRA-Ligue 1,2223,Ajaccio,2023-01-15 Monaco-Ajaccio,2023-01-15,Matchweek 19,Sun,Away,L,1,7,Monaco,1,5,2,40.0,0.2,0.5,15.4,0.0,0,0,0.3,0.3,0.05,0.7,0.7,17:05:00,/en/matches/74dc1c48/Monaco-Ajaccio-January-15-2023-Ligue-1
FRA-Ligue 1,2223,Ajaccio,2023-01-29 Ajaccio-Lyon,2023-01-29,Matchweek 20,Sun,Home,L,0,2,Lyon,0,16,5,31.3,0.0,0.0,12.4,0.0,0,0,1.7,1.7,0.11,-1.7,-1.7,17:05:00,/en/matches/3b0e34f6/Ajaccio-Lyon-January-29-2023-Ligue-1
FRA-Ligue 1,2223,Ajaccio,2023-02-01 Angers-Ajaccio,2023-02-01,Matchweek 21,Wed,Away,W,2,1,Angers,2,9,4,44.4,0.22,0.5,13.3,1.0,0,0,1.4,1.4,0.16,0.6,0.6,19:00:00,/en/matches/671cbd4f/Angers-Ajaccio-February-1-2023-Ligue-1
FRA-Ligue 1,2223,Ajaccio,2023-02-05 Ajaccio-Nantes,2023-02-05,Matchweek 22,Sun,Home,L,0,2,Nantes,0,8,2,25.0,0.0,0.0,24.6,0.0,0,0,0.3,0.3,0.04,-0.3,-0.3,15:00:00,/en/matches/1d0998d1/Ajaccio-Nantes-February-5-2023-Ligue-1
FRA-Ligue 1,2223,Ajaccio,2023-02-10 Nice-Ajaccio,2023-02-10,Matchweek 23,Fri,Away,L,0,3,Nice,0,6,3,50.0,0.0,0.0,13.1,0.0,0,0,0.4,0.4,0.07,-0.4,-0.4,21:00:00,/en/matches/1ca21463/Nice-Ajaccio-February-10-2023-Ligue-1
FRA-Ligue 1,2223,Ajaccio,2023-02-19 Lorient-Ajaccio,2023-02-19,Matchweek 24,Sun,Away,L,0,3,Lorient,0,12,3,25.0,0.0,0.0,19.2,0.0,0,0,0.7,0.7,0.06,-0.7,-0.7,15:00:00,/en/matches/9a73c114/Lorient-Ajaccio-February-19-2023-Ligue-1
FRA-Ligue 1,2223,Ajaccio,2023-02-26 Ajaccio-Troyes,2023-02-26,Matchweek 25,Sun,Home,W,2,1,Troyes,2,13,5,38.5,0.08,0.2,14.5,1.0,1,1,3.8,3.0,0.24,-1.8,-2.0,15:00:00,/en/matches/78ba7c57/Ajaccio-Troyes-February-26-2023-Ligue-1
FRA-Ligue 1,2223,Ajaccio,2023-03-05 Reims-Ajaccio,2023-03-05,Matchweek 26,Sun,Away,L,0,1,Reims,0,5,1,20.0,0.0,0.0,21.1,2.0,0,0,0.4,0.4,0.07,-0.4,-0.4,15:00:00,/en/matches/b317ed7d/Reims-Ajaccio-March-5-2023-Ligue-1
FRA-Ligue 1,2223,Ajaccio,2023-03-12 Ajaccio-Montpellier,2023-03-12,Matchweek 27,Sun,Home,L,0,1,Montpellier,0,7,1,14.3,0.0,0.0,32.4,0.0,0,0,0.2,0.2,0.03,-0.2,-0.2,15:00:00,/en/matches/4d877fad/Ajaccio-Montpellier-March-12-2023-Ligue-1
FRA-Ligue 1,2223,Ajaccio,2023-03-19 Ajaccio-Monaco,2023-03-19,Matchweek 28,Sun,Home,L,0,2,Monaco,0,10,1,10.0,0.0,0.0,20.7,1.0,0,0,1.1,1.1,0.11,-1.1,-1.1,13:00:00,/en/matches/9a21157d/Ajaccio-Monaco-March-19-2023-Ligue-1
FRA-Ligue 1,2223,Ajaccio,2023-04-02 Clermont Foot-Ajaccio,2023-04-02,Matchweek 29,Sun,Away,L,1,2,Clermont Foot,1,3,2,66.7,0.33,0.5,19.6,1.0,0,0,0.4,0.4,0.15,0.6,0.6,15:00:00,/en/matches/758ff2c2/Clermont-Foot-Ajaccio-April-2-2023-Ligue-1
FRA-Ligue 1,2223,Ajaccio,2023-04-09 Ajaccio-Auxerre,2023-04-09,Matchweek 30,Sun,Home,L,0,3,Auxerre,0,9,2,22.2,0.0,0.0,13.9,0.0,0,0,1.1,1.1,0.13,-1.1,-1.1,15:00:00,/en/matches/4afdc8cb/Ajaccio-Auxerre-April-9-2023-Ligue-1
FRA-Ligue 1,2223,Ajaccio,2023-04-16 Strasbourg-Ajaccio,2023-04-16,Matchweek 31,Sun,Away,L,1,3,Strasbourg,1,8,1,12.5,0.13,1.0,20.1,0.0,0,0,0.4,0.4,0.05,0.6,0.6,15:00:00,/en/matches/c4b417d4/Strasbourg-Ajaccio-April-16-2023-Ligue-1
FRA-Ligue 1,2223,Ajaccio,2023-04-23 Ajaccio-Brest,2023-04-23,Matchweek 32,Sun,Home,D,0,0,Brest,0,3,2,66.7,0.0,0.0,9.4,0.0,0,0,0.3,0.3,0.08,-0.3,-0.3,15:00:00,/en/matches/42abcfc9/Ajaccio-Brest-April-23-2023-Ligue-1
FRA-Ligue 1,2223,Ajaccio,2023-04-29 Lille-Ajaccio,2023-04-29,Matchweek 33,Sat,Away,L,0,3,Lille,0,2,0,0.0,0.0,,19.8,0.0,0,0,0.5,0.5,0.24,-0.5,-0.5,17:00:00,/en/matches/1213d047/Lille-Ajaccio-April-29-2023-Ligue-1
FRA-Ligue 1,2223,Ajaccio,2023-05-07 Ajaccio-Toulouse,2023-05-07,Matchweek 34,Sun,Home,D,0,0,Toulouse,0,4,2,50.0,0.0,0.0,17.5,0.0,0,0,0.3,0.3,0.08,-0.3,-0.3,15:00:00,/en/matches/504a857a/Ajaccio-Toulouse-May-7-2023-Ligue-1
FRA-Ligue 1,2223,Ajaccio,2023-05-13 Paris S-G-Ajaccio,2023-05-13,Matchweek 35,Sat,Away,L,0,5,Paris S-G,0,7,2,28.6,0.0,0.0,21.1,0.0,0,0,0.4,0.4,0.06,-0.4,-0.4,21:00:00,/en/matches/fdd73200/Paris-Saint-Germain-Ajaccio-May-13-2023-Ligue-1
FRA-Ligue 1,2223,Ajaccio,2023-05-21 Ajaccio-Rennes,2023-05-21,Matchweek 36,Sun,Home,L,0,5,Rennes,0,2,0,0.0,0.0,,20.0,0.0,0,0,0.1,0.1,0.06,-0.1,-0.1,13:00:00,/en/matches/3f140dc2/Ajaccio-Rennes-May-21-2023-Ligue-1
FRA-Ligue 1,2223,Ajaccio,2023-05-27 Lens-Ajaccio,2023-05-27,Matchweek 37,Sat,Away,L,0,3,Lens,0,6,0,0.0,0.0,,28.7,0.0,0,0,0.2,0.2,0.04,-0.2,-0.2,21:00:00,/en/matches/5eceb234/Lens-Ajaccio-May-27-2023-Ligue-1
FRA-Ligue 1,2223,Ajaccio,2023-06-03 Ajaccio-Marseille,2023-06-03,Matchweek 38,Sat,Home,W,1,0,Marseille,1,3,1,33.3,0.33,1.0,20.6,0.0,0,0,0.1,0.1,0.04,0.9,0.9,21:00:00,/en/matches/2ca0b377/Ajaccio-Marseille-June-3-2023-Ligue-1
FRA-Ligue 1,2223,Angers,2022-08-07 Angers-Nantes,2022-08-07,Matchweek 1,Sun,Home,D,0,0,Nantes,0,16,6,37.5,0.0,0.0,15.6,0.0,0,0,1.5,1.5,0.1,-1.5,-1.5,15:00:00,/en/matches/136d5cbe/Angers-Nantes-August-7-2022-Ligue-1
FRA-Ligue 1,2223,Angers,2022-08-14 Auxerre-Angers,2022-08-14,Matchweek 2,Sun,Away,D,2,2,Auxerre,2,11,2,18.2,0.18,1.0,15.7,1.0,0,0,1.4,1.4,0.12,0.6,0.6,15:00:00,/en/matches/f5a2eb8d/Auxerre-Angers-August-14-2022-Ligue-1
FRA-Ligue 1,2223,Angers,2022-08-21 Angers-Brest,2022-08-21,Matchweek 3,Sun,Home,L,1,3,Brest,1,7,5,71.4,0.14,0.2,19.3,2.0,0,0,0.6,0.6,0.09,0.4,0.4,15:00:00,/en/matches/2bc4aa01/Angers-Brest-August-21-2022-Ligue-1
FRA-Ligue 1,2223,Angers,2022-08-28 Troyes-Angers,2022-08-28,Matchweek 4,Sun,Away,L,1,3,Troyes,0,7,1,14.3,0.0,0.0,17.4,0.0,0,0,0.7,0.7,0.1,-0.7,-0.7,15:00:00,/en/matches/ccccf547/Troyes-Angers-August-28-2022-Ligue-1
FRA-Ligue 1,2223,Angers,2022-08-31 Angers-Reims,2022-08-31,Matchweek 5,Wed,Home,L,2,4,Reims,2,9,2,22.2,0.11,0.5,18.3,1.0,1,1,1.7,0.9,0.1,0.3,0.1,19:00:00,/en/matches/d94a7d75/Angers-Reims-August-31-2022-Ligue-1
FRA-Ligue 1,2223,Angers,2022-09-03 Lyon-Angers,2022-09-03,Matchweek 6,Sat,Away,L,0,5,Lyon,0,8,2,25.0,0.0,0.0,17.8,1.0,0,0,1.0,1.0,0.12,-1.0,-1.0,19:00:00,/en/matches/fb645562/Lyon-Angers-September-3-2022-Ligue-1
FRA-Ligue 1,2223,Angers,2022-09-11 Angers-Montpellier,2022-09-11,Matchweek 7,Sun,Home,W,2,1,Montpellier,2,10,4,40.0,0.1,0.25,13.3,0.0,1,1,2.5,1.7,0.18,-0.5,-0.7,15:00:00,/en/matches/37884357/Angers-Montpellier-September-11-2022-Ligue-1
FRA-Ligue 1,2223,Angers,2022-09-18 Nice-Angers,2022-09-18,Matchweek 8,Sun,Away,W,1,0,Nice,1,16,3,18.8,0.06,0.33,17.1,1.0,0,0,1.5,1.5,0.1,-0.5,-0.5,15:00:00,/en/matches/58f908b1/Nice-Angers-September-18-2022-Ligue-1
FRA-Ligue 1,2223,Angers,2022-09-30 Angers-Marseille,2022-09-30,Matchweek 9,Fri,Home,L,0,3,Marseille,0,16,5,31.3,0.0,0.0,18.4,1.0,0,0,1.2,1.2,0.08,-1.2,-1.2,21:00:00,/en/matches/3c6ebbba/Angers-Marseille-September-30-2022-Ligue-1
FRA-Ligue 1,2223,Angers,2022-10-09 Angers-Strasbourg,2022-10-09,Matchweek 10,Sun,Home,L,2,3,Strasbourg,2,14,8,57.1,0.14,0.25,17.8,0.0,0,0,2.1,2.1,0.17,-0.1,-0.1,15:00:00,/en/matches/bc649871/Angers-Strasbourg-October-9-2022-Ligue-1
FRA-Ligue 1,2223,Angers,2022-10-16 Toulouse-Angers,2022-10-16,Matchweek 11,Sun,Away,L,2,3,Toulouse,2,13,5,38.5,0.15,0.4,21.5,1.0,0,0,1.2,1.2,0.09,0.8,0.8,13:00:00,/en/matches/4b81fd1f/Toulouse-Angers-October-16-2022-Ligue-1
FRA-Ligue 1,2223,Angers,2022-10-23 Angers-Rennes,2022-10-23,Matchweek 12,Sun,Home,L,1,2,Rennes,1,7,2,28.6,0.14,0.5,14.8,1.0,0,0,1.2,1.2,0.16,-0.2,-0.2,13:00:00,/en/matches/c9d3fd4b/Angers-Rennes-October-23-2022-Ligue-1
FRA-Ligue 1,2223,Angers,2022-10-30 Monaco-Angers,2022-10-30,Matchweek 13,Sun,Away,L,0,2,Monaco,0,7,3,42.9,0.0,0.0,19.4,0.0,0,0,0.6,0.6,0.08,-0.6,-0.6,15:00:00,/en/matches/6d8a6a22/Monaco-Angers-October-30-2022-Ligue-1
FRA-Ligue 1,2223,Angers,2022-11-05 Angers-Lens,2022-11-05,Matchweek 14,Sat,Home,L,1,2,Lens,1,6,3,50.0,0.17,0.33,16.7,2.0,0,0,0.5,0.5,0.08,0.5,0.5,21:00:00,/en/matches/75388a68/Angers-Lens-November-5-2022-Ligue-1
FRA-Ligue 1,2223,Angers,2022-11-13 Lille-Angers,2022-11-13,Matchweek 15,Sun,Away,L,0,1,Lille,0,8,2,25.0,0.0,0.0,12.5,0.0,0,0,0.6,0.6,0.08,-0.6,-0.6,15:00:00,/en/matches/6055a18c/Lille-Angers-November-13-2022-Ligue-1
FRA-Ligue 1,2223,Angers,2022-12-28 Ajaccio-Angers,2022-12-28,Matchweek 16,Wed,Away,L,0,1,Ajaccio,0,14,4,28.6,0.0,0.0,15.0,0.0,0,0,1.9,1.9,0.14,-1.9,-1.9,15:00:00,/en/matches/095e292f/Ajaccio-Angers-December-28-2022-Ligue-1
FRA-Ligue 1,2223,Angers,2023-01-01 Angers-Lorient,2023-01-01,Matchweek 17,Sun,Home,L,1,2,Lorient,1,15,6,40.0,0.07,0.17,13.1,0.0,0,0,2.3,2.3,0.16,-1.3,-1.3,15:00:00,/en/matches/cff615b4/Angers-Lorient-January-1-2023-Ligue-1
FRA-Ligue 1,2223,Angers,2023-01-11 Paris S-G-Angers,2023-01-11,Matchweek 18,Wed,Away,L,0,2,Paris S-G,0,6,0,0.0,0.0,,17.5,0.0,0,0,0.5,0.5,0.08,-0.5,-0.5,21:00:00,/en/matches/76db6078/Paris-Saint-Germain-Angers-January-11-2023-Ligue-1
FRA-Ligue 1,2223,Angers,2023-01-15 Angers-Clermont Foot,2023-01-15,Matchweek 19,Sun,Home,L,1,2,Clermont Foot,1,5,1,20.0,0.2,1.0,15.5,0.0,0,0,0.6,0.6,0.12,0.4,0.4,15:00:00,/en/matches/d21b1750/Angers-Clermont-Foot-January-15-2023-Ligue-1
FRA-Ligue 1,2223,Angers,2023-01-29 Brest-Angers,2023-01-29,Matchweek 20,Sun,Away,L,0,4,Brest,0,8,1,12.5,0.0,0.0,10.5,0.0,0,0,0.8,0.8,0.1,-0.8,-0.8,15:00:00,/en/matches/6bd8ad94/Brest-Angers-January-29-2023-Ligue-1
FRA-Ligue 1,2223,Angers,2023-02-01 Angers-Ajaccio,2023-02-01,Matchweek 21,Wed,Home,L,1,2,Ajaccio,1,6,2,33.3,0.17,0.5,18.3,1.0,0,0,0.4,0.4,0.07,0.6,0.6,19:00:00,/en/matches/671cbd4f/Angers-Ajaccio-February-1-2023-Ligue-1
FRA-Ligue 1,2223,Angers,2023-02-05 Lorient-Angers,2023-02-05,Matchweek 22,Sun,Away,D,0,0,Lorient,0,12,5,41.7,0.0,0.0,20.6,1.0,0,0,0.7,0.7,0.06,-0.7,-0.7,15:00:00,/en/matches/4f77b00e/Lorient-Angers-February-5-2023-Ligue-1
FRA-Ligue 1,2223,Angers,2023-02-12 Angers-Auxerre,2023-02-12,Matchweek 23,Sun,Home,D,1,1,Auxerre,0,10,5,50.0,0.0,0.0,18.5,0.0,0,0,0.9,0.9,0.09,-0.9,-0.9,15:00:00,/en/matches/079e4a90/Angers-Auxerre-February-12-2023-Ligue-1
FRA-Ligue 1,2223,Angers,2023-02-18 Strasbourg-Angers,2023-02-18,Matchweek 24,Sat,Away,L,1,2,Strasbourg,1,9,2,22.2,0.0,0.0,22.2,0.0,1,1,1.2,0.4,0.04,-0.2,-0.4,21:00:00,/en/matches/7981e432/Strasbourg-Angers-February-18-2023-Ligue-1
FRA-Ligue 1,2223,Angers,2023-02-25 Angers-Lyon,2023-02-25,Matchweek 25,Sat,Home,L,1,3,Lyon,1,11,2,18.2,0.09,0.5,17.6,0.0,0,0,1.5,1.5,0.14,-0.5,-0.5,17:00:00,/en/matches/ed761c34/Angers-Lyon-February-25-2023-Ligue-1
FRA-Ligue 1,2223,Angers,2023-03-05 Montpellier-Angers,2023-03-05,Matchweek 26,Sun,Away,L,0,5,Montpellier,0,10,4,40.0,0.0,0.0,16.4,0.0,0,0,0.9,0.9,0.09,-0.9,-0.9,15:00:00,/en/matches/05267653/Montpellier-Angers-March-5-2023-Ligue-1
FRA-Ligue 1,2223,Angers,2023-03-12 Angers-Toulouse,2023-03-12,Matchweek 27,Sun,Home,L,0,2,Toulouse,0,13,2,15.4,0.0,0.0,16.5,1.0,0,0,1.7,1.7,0.13,-1.7,-1.7,15:00:00,/en/matches/7bf37201/Angers-Toulouse-March-12-2023-Ligue-1
FRA-Ligue 1,2223,Angers,2023-03-18 Lens-Angers,2023-03-18,Matchweek 28,Sat,Away,L,0,3,Lens,0,3,1,33.3,0.0,0.0,11.3,0.0,0,0,0.5,0.5,0.18,-0.5,-0.5,21:00:00,/en/matches/9481e88d/Lens-Angers-March-18-2023-Ligue-1
FRA-Ligue 1,2223,Angers,2023-04-02 Angers-Nice,2023-04-02,Matchweek 29,Sun,Home,D,1,1,Nice,1,13,6,46.2,0.08,0.17,23.4,1.0,0,0,0.9,0.9,0.07,0.1,0.1,15:00:00,/en/matches/3ee2de5c/Angers-Nice-April-2-2023-Ligue-1
FRA-Ligue 1,2223,Angers,2023-04-08 Angers-Lille,2023-04-08,Matchweek 30,Sat,Home,W,1,0,Lille,1,7,5,71.4,0.14,0.2,18.3,0.0,0,0,1.0,1.0,0.16,0.0,0.0,17:00:00,/en/matches/5b23ad99/Angers-Lille-April-8-2023-Ligue-1
FRA-Ligue 1,2223,Angers,2023-04-16 Clermont Foot-Angers,2023-04-16,Matchweek 31,Sun,Away,L,1,2,Clermont Foot,1,7,4,57.1,0.14,0.25,20.5,0.0,0,0,0.3,0.3,0.05,0.7,0.7,15:00:00,/en/matches/f254960b/Clermont-Foot-Angers-April-16-2023-Ligue-1
FRA-Ligue 1,2223,Angers,2023-04-21 Angers-Paris S-G,2023-04-21,Matchweek 32,Fri,Home,L,1,2,Paris S-G,1,16,4,25.0,0.06,0.25,18.4,0.0,0,0,1.8,1.8,0.11,-0.8,-0.8,21:00:00,/en/matches/e7e8dc1c/Angers-Paris-Saint-Germain-April-21-2023-Ligue-1
FRA-Ligue 1,2223,Angers,2023-04-30 Rennes-Angers,2023-04-30,Matchweek 33,Sun,Away,L,2,4,Rennes,2,3,1,33.3,0.33,1.0,17.8,0.0,1,1,1.0,0.2,0.06,1.0,0.8,15:00:00,/en/matches/8a1bae48/Rennes-Angers-April-30-2023-Ligue-1
FRA-Ligue 1,2223,Angers,2023-05-07 Angers-Monaco,2023-05-07,Matchweek 34,Sun,Home,L,1,2,Monaco,1,10,3,30.0,0.1,0.33,19.8,1.0,0,0,1.0,1.0,0.1,0.0,0.0,13:00:00,/en/matches/353a0635/Angers-Monaco-May-7-2023-Ligue-1
FRA-Ligue 1,2223,Angers,2023-05-14 Marseille-Angers,2023-05-14,Matchweek 35,Sun,Away,L,1,3,Marseille,1,4,1,25.0,0.25,1.0,19.4,0.0,0,0,0.3,0.3,0.09,0.7,0.7,20:45:00,/en/matches/01b6ff4d/Marseille-Angers-May-14-2023-Ligue-1
FRA-Ligue 1,2223,Angers,2023-05-21 Reims-Angers,2023-05-21,Matchweek 36,Sun,Away,D,2,2,Reims,2,7,3,42.9,0.29,0.67,14.1,0.0,0,0,1.2,1.2,0.17,0.8,0.8,15:00:00,/en/matches/908507af/Reims-Angers-May-21-2023-Ligue-1
FRA-Ligue 1,2223,Angers,2023-05-27 Angers-Troyes,2023-05-27,Matchweek 37,Sat,Home,W,2,1,Troyes,2,18,5,27.8,0.11,0.4,20.0,1.0,0,0,1.2,1.2,0.07,0.8,0.8,21:00:00,/en/matches/567eeb7c/Angers-Troyes-May-27-2023-Ligue-1
FRA-Ligue 1,2223,Angers,2023-06-03 Nantes-Angers,2023-06-03,Matchweek 38,Sat,Away,L,0,1,Nantes,0,5,1,20.0,0.0,0.0,20.5,1.0,0,0,0.3,0.3,0.06,-0.3,-0.3,21:00:00,/en/matches/54a0b007/Nantes-Angers-June-3-2023-Ligue-1
FRA-Ligue 1,2223,Auxerre,2022-08-07 Lille-Auxerre,2022-08-07,Matchweek 1,Sun,Away,L,1,4,Lille,1,10,2,20.0,0.1,0.5,16.3,0.0,0,0,0.6,0.6,0.06,0.4,0.4,15:00:00,/en/matches/cbdc95fe/Lille-Auxerre-August-7-2022-Ligue-1
FRA-Ligue 1,2223,Auxerre,2022-08-14 Auxerre-Angers,2022-08-14,Matchweek 2,Sun,Home,D,2,2,Angers,1,11,4,36.4,0.09,0.25,25.9,1.0,0,0,0.8,0.8,0.08,0.2,0.2,15:00:00,/en/matches/f5a2eb8d/Auxerre-Angers-August-14-2022-Ligue-1
FRA-Ligue 1,2223,Auxerre,2022-08-21 Montpellier-Auxerre,2022-08-21,Matchweek 3,Sun,Away,W,2,1,Montpellier,2,6,1,16.7,0.17,1.0,25.9,0.0,1,1,1.3,0.5,0.08,0.7,0.5,15:00:00,/en/matches/05d493df/Montpellier-Auxerre-August-21-2022-Ligue-1
FRA-Ligue 1,2223,Auxerre,2022-08-27 Auxerre-Strasbourg,2022-08-27,Matchweek 4,Sat,Home,W,1,0,Strasbourg,1,7,3,42.9,0.14,0.33,21.6,0.0,0,0,0.6,0.6,0.09,0.4,0.4,17:00:00,/en/matches/0bd45b22/Auxerre-Strasbourg-August-27-2022-Ligue-1
FRA-Ligue 1,2223,Auxerre,2022-08-31 Lyon-Auxerre,2022-08-31,Matchweek 5,Wed,Away,L,1,2,Lyon,1,6,2,33.3,0.17,0.5,13.3,0.0,0,0,0.7,0.7,0.12,0.3,0.3,19:00:00,/en/matches/d4cde1d6/Lyon-Auxerre-August-31-2022-Ligue-1
FRA-Ligue 1,2223,Auxerre,2022-09-03 Auxerre-Marseille,2022-09-03,Matchweek 6,Sat,Home,L,0,2,Marseille,0,8,2,25.0,0.0,0.0,22.9,1.0,0,0,0.6,0.6,0.08,-0.6,-0.6,17:00:00,/en/matches/d9b1158b/Auxerre-Marseille-September-3-2022-Ligue-1
FRA-Ligue 1,2223,Auxerre,2022-09-11 Rennes-Auxerre,2022-09-11,Matchweek 7,Sun,Away,L,0,5,Rennes,0,7,3,42.9,0.0,0.0,15.5,0.0,0,0,0.7,0.7,0.09,-0.7,-0.7,17:05:00,/en/matches/16d3a368/Rennes-Auxerre-September-11-2022-Ligue-1
FRA-Ligue 1,2223,Auxerre,2022-09-16 Auxerre-Lorient,2022-09-16,Matchweek 8,Fri,Home,L,1,3,Lorient,1,17,5,29.4,0.06,0.2,14.8,1.0,0,0,2.0,2.0,0.13,-1.0,-1.0,21:00:00,/en/matches/49bc23eb/Auxerre-Lorient-September-16-2022-Ligue-1
FRA-Ligue 1,2223,Auxerre,2022-10-02 Auxerre-Brest,2022-10-02,Matchweek 9,Sun,Home,D,1,1,Brest,1,10,2,20.0,0.0,0.0,23.2,0.0,1,1,1.4,0.6,0.07,-0.4,-0.6,15:00:00,/en/matches/0992c452/Auxerre-Brest-October-2-2022-Ligue-1
FRA-Ligue 1,2223,Auxerre,2022-10-09 Clermont Foot-Auxerre,2022-10-09,Matchweek 10,Sun,Away,L,1,2,Clermont Foot,1,14,4,28.6,0.07,0.25,22.4,0.0,0,0,1.0,1.0,0.07,0.0,0.0,15:00:00,/en/matches/d6cfdf2e/Clermont-Foot-Auxerre-October-9-2022-Ligue-1
FRA-Ligue 1,2223,Auxerre,2022-10-16 Auxerre-Nice,2022-10-16,Matchweek 11,Sun,Home,D,1,1,Nice,1,11,3,27.3,0.09,0.33,19.7,0.0,0,0,0.8,0.8,0.08,0.2,0.2,15:00:00,/en/matches/a9ffc8fd/Auxerre-Nice-October-16-2022-Ligue-1
FRA-Ligue 1,2223,Auxerre,2022-10-23 Reims-Auxerre,2022-10-23,Matchweek 12,Sun,Away,L,1,2,Reims,1,10,2,20.0,0.1,0.5,19.2,0.0,0,0,0.7,0.7,0.07,0.3,0.3,15:00:00,/en/matches/c6b10aeb/Reims-Auxerre-October-23-2022-Ligue-1
FRA-Ligue 1,2223,Auxerre,2022-10-30 Auxerre-Ajaccio,2022-10-30,Matchweek 13,Sun,Home,W,1,0,Ajaccio,1,18,5,27.8,0.06,0.2,24.1,2.0,0,0,1.5,1.5,0.08,-0.5,-0.5,13:00:00,/en/matches/37f73b7b/Auxerre-Ajaccio-October-30-2022-Ligue-1
FRA-Ligue 1,2223,Auxerre,2022-11-04 Troyes-Auxerre,2022-11-04,Matchweek 14,Fri,Away,D,1,1,Troyes,1,13,2,15.4,0.08,0.5,17.1,1.0,0,0,1.4,1.4,0.11,-0.4,-0.4,21:00:00,/en/matches/c138eba8/Troyes-Auxerre-November-4-2022-Ligue-1
FRA-Ligue 1,2223,Auxerre,2022-11-13 Paris S-G-Auxerre,2022-11-13,Matchweek 15,Sun,Away,L,0,5,Paris S-G,0,10,3,30.0,0.0,0.0,16.1,0.0,0,0,0.7,0.7,0.08,-0.7,-0.7,13:00:00,/en/matches/86e55266/Paris-Saint-Germain-Auxerre-November-13-2022-Ligue-1
FRA-Ligue 1,2223,Auxerre,2022-12-28 Auxerre-Monaco,2022-12-28,Matchweek 16,Wed,Home,L,2,3,Monaco,1,10,5,50.0,0.0,0.0,23.2,0.0,1,1,1.3,0.5,0.05,-0.3,-0.5,17:00:00,/en/matches/d5b35d85/Auxerre-Monaco-December-28-2022-Ligue-1
FRA-Ligue 1,2223,Auxerre,2023-01-01 Nantes-Auxerre,2023-01-01,Matchweek 17,Sun,Away,L,0,1,Nantes,0,14,6,42.9,0.0,0.0,19.8,1.0,0,0,0.8,0.8,0.06,-0.8,-0.8,15:00:00,/en/matches/eb1f454d/Nantes-Auxerre-January-1-2023-Ligue-1
FRA-Ligue 1,2223,Auxerre,2023-01-11 Auxerre-Toulouse,2023-01-11,Matchweek 18,Wed,Home,L,0,5,Toulouse,0,18,4,22.2,0.0,0.0,19.6,1.0,0,0,1.1,1.1,0.06,-1.1,-1.1,19:00:00,/en/matches/7037273e/Auxerre-Toulouse-January-11-2023-Ligue-1
FRA-Ligue 1,2223,Auxerre,2023-01-14 Lens-Auxerre,2023-01-14,Matchweek 19,Sat,Away,L,0,1,Lens,0,6,1,16.7,0.0,0.0,21.6,0.0,0,0,0.3,0.3,0.04,-0.3,-0.3,17:00:00,/en/matches/767c1b25/Lens-Auxerre-January-14-2023-Ligue-1
FRA-Ligue 1,2223,Auxerre,2023-01-29 Auxerre-Montpellier,2023-01-29,Matchweek 20,Sun,Home,L,0,2,Montpellier,0,15,4,26.7,0.0,0.0,19.4,1.0,0,1,1.8,1.0,0.07,-1.8,-1.0,15:00:00,/en/matches/73d5a2c8/Auxerre-Montpellier-January-29-2023-Ligue-1
FRA-Ligue 1,2223,Auxerre,2023-02-01 Monaco-Auxerre,2023-02-01,Matchweek 21,Wed,Away,L,2,3,Monaco,2,11,3,27.3,0.18,0.67,14.3,0.0,0,0,1.4,1.4,0.13,0.6,0.6,21:00:00,/en/matches/7bb26754/Monaco-Auxerre-February-1-2023-Ligue-1
FRA-Ligue 1,2223,Auxerre,2023-02-05 Auxerre-Reims,2023-02-05,Matchweek 22,Sun,Home,D,0,0,Reims,0,13,3,23.1,0.0,0.0,16.1,0.0,0,0,1.2,1.2,0.1,-1.2,-1.2,15:00:00,/en/matches/384b2fcb/Auxerre-Reims-February-5-2023-Ligue-1
FRA-Ligue 1,2223,Auxerre,2023-02-12 Angers-Auxerre,2023-02-12,Matchweek 23,Sun,Away,D,1,1,Angers,1,13,3,23.1,0.0,0.0,19.3,0.0,1,2,2.6,1.1,0.08,-1.6,-1.1,15:00:00,/en/matches/079e4a90/Angers-Auxerre-February-12-2023-Ligue-1
FRA-Ligue 1,2223,Auxerre,2023-02-17 Auxerre-Lyon,2023-02-17,Matchweek 24,Fri,Home,W,2,1,Lyon,2,7,2,28.6,0.14,0.5,18.3,0.0,1,1,1.5,0.7,0.1,0.5,0.3,21:00:00,/en/matches/ab3c5cc9/Auxerre-Lyon-February-17-2023-Ligue-1
FRA-Ligue 1,2223,Auxerre,2023-02-26 Lorient-Auxerre,2023-02-26,Matchweek 25,Sun,Away,W,1,0,Lorient,1,9,1,11.1,0.11,1.0,17.7,1.0,0,0,0.7,0.7,0.08,0.3,0.3,13:00:00,/en/matches/f9f72ca1/Lorient-Auxerre-February-26-2023-Ligue-1
FRA-Ligue 1,2223,Auxerre,2023-03-03 Nice-Auxerre,2023-03-03,Matchweek 26,Fri,Away,D,1,1,Nice,1,3,1,33.3,0.33,1.0,19.5,0.0,0,0,0.5,0.5,0.16,0.5,0.5,21:00:00,/en/matches/ab7003b3/Nice-Auxerre-March-3-2023-Ligue-1
FRA-Ligue 1,2223,Auxerre,2023-03-11 Auxerre-Rennes,2023-03-11,Matchweek 27,Sat,Home,D,0,0,Rennes,0,12,0,0.0,0.0,,17.2,0.0,0,0,0.7,0.7,0.06,-0.7,-0.7,17:00:00,/en/matches/edf3e1c0/Auxerre-Rennes-March-11-2023-Ligue-1
FRA-Ligue 1,2223,Auxerre,2023-03-19 Strasbourg-Auxerre,2023-03-19,Matchweek 28,Sun,Away,L,0,2,Strasbourg,0,8,1,12.5,0.0,0.0,19.6,0.0,0,0,0.7,0.7,0.09,-0.7,-0.7,15:00:00,/en/matches/8c7d3708/Strasbourg-Auxerre-March-19-2023-Ligue-1
FRA-Ligue 1,2223,Auxerre,2023-04-01 Auxerre-Troyes,2023-04-01,Matchweek 29,Sat,Home,W,1,0,Troyes,1,13,5,38.5,0.08,0.2,17.7,0.0,0,0,1.1,1.1,0.08,-0.1,-0.1,17:00:00,/en/matches/fd495836/Auxerre-Troyes-April-1-2023-Ligue-1
FRA-Ligue 1,2223,Auxerre,2023-04-09 Ajaccio-Auxerre,2023-04-09,Matchweek 30,Sun,Away,W,3,0,Ajaccio,2,11,4,36.4,0.18,0.5,20.0,0.0,0,0,0.8,0.8,0.07,1.2,1.2,15:00:00,/en/matches/4afdc8cb/Ajaccio-Auxerre-April-9-2023-Ligue-1
FRA-Ligue 1,2223,Auxerre,2023-04-16 Auxerre-Nantes,2023-04-16,Matchweek 31,Sun,Home,W,2,1,Nantes,2,12,6,50.0,0.08,0.17,18.8,1.0,1,1,2.6,1.8,0.15,-0.6,-0.8,15:00:00,/en/matches/35b40c4d/Auxerre-Nantes-April-16-2023-Ligue-1
FRA-Ligue 1,2223,Auxerre,2023-04-22 Auxerre-Lille,2023-04-22,Matchweek 32,Sat,Home,D,1,1,Lille,1,7,3,42.9,0.0,0.0,23.5,0.0,1,1,1.5,0.7,0.1,-0.5,-0.7,17:00:00,/en/matches/3d446dbd/Auxerre-Lille-April-22-2023-Ligue-1
FRA-Ligue 1,2223,Auxerre,2023-04-30 Marseille-Auxerre,2023-04-30,Matchweek 33,Sun,Away,L,1,2,Marseille,1,11,3,27.3,0.09,0.33,24.9,1.0,0,0,0.5,0.5,0.05,0.5,0.5,20:45:00,/en/matches/fbb41c2a/Marseille-Auxerre-April-30-2023-Ligue-1
FRA-Ligue 1,2223,Auxerre,2023-05-07 Auxerre-Clermont Foot,2023-05-07,Matchweek 34,Sun,Home,D,1,1,Clermont Foot,1,12,4,33.3,0.08,0.25,15.6,0.0,0,0,1.2,1.2,0.1,-0.2,-0.2,15:00:00,/en/matches/eca941ec/Auxerre-Clermont-Foot-May-7-2023-Ligue-1
FRA-Ligue 1,2223,Auxerre,2023-05-14 Brest-Auxerre,2023-05-14,Matchweek 35,Sun,Away,L,0,1,Brest,0,10,2,20.0,0.0,0.0,22.4,1.0,0,0,0.6,0.6,0.06,-0.6,-0.6,15:00:00,/en/matches/7039d1ce/Brest-Auxerre-May-14-2023-Ligue-1
FRA-Ligue 1,2223,Auxerre,2023-05-21 Auxerre-Paris S-G,2023-05-21,Matchweek 36,Sun,Home,L,1,2,Paris S-G,1,14,7,50.0,0.07,0.14,21.3,0.0,0,0,0.9,0.9,0.06,0.1,0.1,20:45:00,/en/matches/bd6c4cac/Auxerre-Paris-Saint-Germain-May-21-2023-Ligue-1
FRA-Ligue 1,2223,Auxerre,2023-05-27 Toulouse-Auxerre,2023-05-27,Matchweek 37,Sat,Away,D,1,1,Toulouse,1,16,2,12.5,0.06,0.5,23.5,2.0,0,0,0.9,0.9,0.06,0.1,0.1,21:00:00,/en/matches/e117776e/Toulouse-Auxerre-May-27-2023-Ligue-1
FRA-Ligue 1,2223,Auxerre,2023-06-03 Auxerre-Lens,2023-06-03,Matchweek 38,Sat,Home,L,1,3,Lens,1,17,4,23.5,0.06,0.25,15.4,0.0,0,0,3.3,3.3,0.2,-2.3,-2.3,21:00:00,/en/matches/a44cfa36/Auxerre-Lens-June-3-2023-Ligue-1
FRA-Ligue 1,2223,Brest,2022-08-07 Lens-Brest,2022-08-07,Matchweek 1,Sun,Away,L,2,3,Lens,2,5,3,60.0,0.2,0.33,19.6,0.0,1,1,1.2,0.4,0.09,0.8,0.6,15:00:00,/en/matches/058c83eb/Lens-Brest-August-7-2022-Ligue-1
FRA-Ligue 1,2223,Brest,2022-08-14 Brest-Marseille,2022-08-14,Matchweek 2,Sun,Home,D,1,1,Marseille,1,17,5,29.4,0.06,0.2,17.6,0.0,0,0,2.0,2.0,0.12,-1.0,-1.0,20:45:00,/en/matches/4a5a2571/Brest-Marseille-August-14-2022-Ligue-1
FRA-Ligue 1,2223,Brest,2022-08-21 Angers-Brest,2022-08-21,Matchweek 3,Sun,Away,W,3,1,Angers,3,11,7,63.6,0.27,0.43,10.6,0.0,0,0,1.8,1.8,0.2,1.2,1.2,15:00:00,/en/matches/2bc4aa01/Angers-Brest-August-21-2022-Ligue-1
FRA-Ligue 1,2223,Brest,2022-08-28 Brest-Montpellier,2022-08-28,Matchweek 4,Sun,Home,L,0,7,Montpellier,0,6,0,0.0,0.0,,17.2,1.0,0,0,0.3,0.3,0.04,-0.3,-0.3,15:00:00,/en/matches/1c7d2241/Brest-Montpellier-August-28-2022-Ligue-1
FRA-Ligue 1,2223,Brest,2022-08-31 Rennes-Brest,2022-08-31,Matchweek 5,Wed,Away,L,1,3,Rennes,1,7,2,28.6,0.14,0.5,18.9,0.0,0,0,0.5,0.5,0.07,0.5,0.5,21:00:00,/en/matches/b9bd2221/Rennes-Brest-August-31-2022-Ligue-1
FRA-Ligue 1,2223,Brest,2022-09-04 Brest-Strasbourg,2022-09-04,Matchweek 6,Sun,Home,D,1,1,Strasbourg,1,11,2,18.2,0.09,0.5,17.3,0.0,0,0,0.8,0.8,0.07,0.2,0.2,15:00:00,/en/matches/a4f51170/Brest-Strasbourg-September-4-2022-Ligue-1
FRA-Ligue 1,2223,Brest,2022-09-10 Paris S-G-Brest,2022-09-10,Matchweek 7,Sat,Away,L,0,1,Paris S-G,0,5,2,40.0,0.0,0.0,25.8,0.0,0,1,1.1,0.3,0.06,-1.1,-0.3,17:00:00,/en/matches/7e83ffa9/Paris-Saint-Germain-Brest-September-10-2022-Ligue-1
FRA-Ligue 1,2223,Brest,2022-09-18 Brest-Ajaccio,2022-09-18,Matchweek 8,Sun,Home,L,0,1,Ajaccio,0,8,4,50.0,0.0,0.0,15.2,0.0,0,0,0.6,0.6,0.07,-0.6,-0.6,15:00:00,/en/matches/1051ac4c/Brest-Ajaccio-September-18-2022-Ligue-1
FRA-Ligue 1,2223,Brest,2022-10-02 Auxerre-Brest,2022-10-02,Matchweek 9,Sun,Away,D,1,1,Auxerre,1,9,2,22.2,0.11,0.5,18.5,0.0,0,0,0.6,0.6,0.06,0.4,0.4,15:00:00,/en/matches/0992c452/Auxerre-Brest-October-2-2022-Ligue-1
FRA-Ligue 1,2223,Brest,2022-10-09 Brest-Lorient,2022-10-09,Matchweek 10,Sun,Home,L,1,2,Lorient,1,11,4,36.4,0.09,0.25,14.2,0.0,0,0,0.9,0.9,0.08,0.1,0.1,15:00:00,/en/matches/173aef86/Brest-Lorient-October-9-2022-Ligue-1
FRA-Ligue 1,2223,Brest,2022-10-16 Nantes-Brest,2022-10-16,Matchweek 11,Sun,Away,L,1,4,Nantes,1,11,2,18.2,0.09,0.5,15.8,0.0,0,0,0.7,0.7,0.06,0.3,0.3,15:00:00,/en/matches/d8787f23/Nantes-Brest-October-16-2022-Ligue-1
FRA-Ligue 1,2223,Brest,2022-10-23 Clermont Foot-Brest,2022-10-23,Matchweek 12,Sun,Away,W,3,1,Clermont Foot,3,18,10,55.6,0.11,0.2,18.2,1.0,1,1,3.0,2.2,0.13,0.0,-0.2,15:00:00,/en/matches/75c3d20d/Clermont-Foot-Brest-October-23-2022-Ligue-1
FRA-Ligue 1,2223,Brest,2022-10-30 Brest-Reims,2022-10-30,Matchweek 13,Sun,Home,D,0,0,Reims,0,12,4,33.3,0.0,0.0,17.0,0.0,0,0,1.5,1.5,0.12,-1.5,-1.5,15:00:00,/en/matches/9547c75b/Brest-Reims-October-30-2022-Ligue-1
FRA-Ligue 1,2223,Brest,2022-11-06 Nice-Brest,2022-11-06,Matchweek 14,Sun,Away,L,0,1,Nice,0,12,2,16.7,0.0,0.0,16.9,0.0,0,0,1.1,1.1,0.09,-1.1,-1.1,15:00:00,/en/matches/cbe2fdcb/Nice-Brest-November-6-2022-Ligue-1
FRA-Ligue 1,2223,Brest,2022-11-13 Brest-Troyes,2022-11-13,Matchweek 15,Sun,Home,W,2,1,Troyes,2,13,3,23.1,0.0,0.0,22.4,0.0,2,2,2.4,0.8,0.06,-0.4,-0.8,15:00:00,/en/matches/8067e5e7/Brest-Troyes-November-13-2022-Ligue-1
FRA-Ligue 1,2223,Brest,2022-12-28 Brest-Lyon,2022-12-28,Matchweek 16,Wed,Home,L,2,4,Lyon,2,17,5,29.4,0.12,0.4,20.4,2.0,0,0,1.3,1.3,0.08,0.7,0.7,21:00:00,/en/matches/244b3b09/Brest-Lyon-December-28-2022-Ligue-1
FRA-Ligue 1,2223,Brest,2023-01-01 Monaco-Brest,2023-01-01,Matchweek 17,Sun,Away,L,0,1,Monaco,0,13,6,46.2,0.0,0.0,18.7,1.0,0,0,0.8,0.8,0.07,-0.8,-0.8,15:00:00,/en/matches/4cec22bb/Monaco-Brest-January-1-2023-Ligue-1
FRA-Ligue 1,2223,Brest,2023-01-11 Brest-Lille,2023-01-11,Matchweek 18,Wed,Home,D,0,0,Lille,0,5,0,0.0,0.0,,18.1,0.0,0,0,0.3,0.3,0.07,-0.3,-0.3,19:00:00,/en/matches/86d6c372/Brest-Lille-January-11-2023-Ligue-1
FRA-Ligue 1,2223,Brest,2023-01-15 Toulouse-Brest,2023-01-15,Matchweek 19,Sun,Away,D,1,1,Toulouse,1,17,5,29.4,0.06,0.2,19.9,2.0,0,0,1.0,1.0,0.06,0.0,0.0,15:00:00,/en/matches/10ac929c/Toulouse-Brest-January-15-2023-Ligue-1
FRA-Ligue 1,2223,Brest,2023-01-29 Brest-Angers,2023-01-29,Matchweek 20,Sun,Home,W,4,0,Angers,4,9,7,77.8,0.44,0.57,12.6,0.0,0,0,1.6,1.6,0.22,2.4,2.4,15:00:00,/en/matches/6bd8ad94/Brest-Angers-January-29-2023-Ligue-1
FRA-Ligue 1,2223,Brest,2023-02-01 Lyon-Brest,2023-02-01,Matchweek 21,Wed,Away,D,0,0,Lyon,0,8,1,12.5,0.0,0.0,18.9,2.0,0,0,0.6,0.6,0.08,-0.6,-0.6,21:00:00,/en/matches/0f1e8f16/Lyon-Brest-February-1-2023-Ligue-1
FRA-Ligue 1,2223,Brest,2023-02-05 Brest-Lens,2023-02-05,Matchweek 22,Sun,Home,D,1,1,Lens,1,16,3,18.8,0.06,0.33,14.6,0.0,0,0,2.0,2.0,0.13,-1.0,-1.0,17:05:00,/en/matches/7a42156f/Brest-Lens-February-5-2023-Ligue-1
FRA-Ligue 1,2223,Brest,2023-02-12 Montpellier-Brest,2023-02-12,Matchweek 23,Sun,Away,L,0,3,Montpellier,0,10,2,20.0,0.0,0.0,17.8,0.0,0,0,0.8,0.8,0.08,-0.8,-0.8,15:00:00,/en/matches/90388019/Montpellier-Brest-February-12-2023-Ligue-1
FRA-Ligue 1,2223,Brest,2023-02-19 Brest-Monaco,2023-02-19,Matchweek 24,Sun,Home,L,1,2,Monaco,1,12,3,25.0,0.08,0.33,15.9,0.0,0,0,0.9,0.9,0.07,0.1,0.1,15:00:00,/en/matches/dc325f14/Brest-Monaco-February-19-2023-Ligue-1
FRA-Ligue 1,2223,Brest,2023-02-24 Lille-Brest,2023-02-24,Matchweek 25,Fri,Away,L,1,2,Lille,0,3,0,0.0,0.0,,16.2,0.0,0,0,0.2,0.2,0.05,-0.2,-0.2,21:00:00,/en/matches/4b068238/Lille-Brest-February-24-2023-Ligue-1
FRA-Ligue 1,2223,Brest,2023-03-05 Strasbourg-Brest,2023-03-05,Matchweek 26,Sun,Away,W,1,0,Strasbourg,1,8,1,12.5,0.13,1.0,18.3,0.0,0,0,0.8,0.8,0.11,0.2,0.2,15:00:00,/en/matches/9971c1e8/Strasbourg-Brest-March-5-2023-Ligue-1
FRA-Ligue 1,2223,Brest,2023-03-11 Brest-Paris S-G,2023-03-11,Matchweek 27,Sat,Home,L,1,2,Paris S-G,1,7,2,28.6,0.14,0.5,15.6,0.0,0,0,0.6,0.6,0.09,0.4,0.4,21:00:00,/en/matches/8acaf948/Brest-Paris-Saint-Germain-March-11-2023-Ligue-1
FRA-Ligue 1,2223,Brest,2023-03-19 Troyes-Brest,2023-03-19,Matchweek 28,Sun,Away,D,2,2,Troyes,2,8,1,12.5,0.13,1.0,17.8,0.0,1,1,1.3,0.6,0.07,0.7,0.4,15:00:00,/en/matches/a67700d0/Troyes-Brest-March-19-2023-Ligue-1
FRA-Ligue 1,2223,Brest,2023-04-02 Brest-Toulouse,2023-04-02,Matchweek 29,Sun,Home,W,3,1,Toulouse,3,17,7,41.2,0.18,0.43,16.8,1.0,0,0,1.7,1.7,0.11,1.3,1.3,15:00:00,/en/matches/1b47ccce/Brest-Toulouse-April-2-2023-Ligue-1
FRA-Ligue 1,2223,Brest,2023-04-09 Reims-Brest,2023-04-09,Matchweek 30,Sun,Away,D,1,1,Reims,1,12,5,41.7,0.08,0.2,13.3,0.0,0,0,1.4,1.4,0.12,-0.4,-0.4,15:00:00,/en/matches/4ee67cda/Reims-Brest-April-9-2023-Ligue-1
FRA-Ligue 1,2223,Brest,2023-04-16 Brest-Nice,2023-04-16,Matchweek 31,Sun,Home,W,1,0,Nice,1,14,3,21.4,0.07,0.33,16.6,1.0,0,0,1.3,1.3,0.09,-0.3,-0.3,15:00:00,/en/matches/efe07084/Brest-Nice-April-16-2023-Ligue-1
FRA-Ligue 1,2223,Brest,2023-04-23 Ajaccio-Brest,2023-04-23,Matchweek 32,Sun,Away,D,0,0,Ajaccio,0,10,2,20.0,0.0,0.0,20.3,0.0,0,0,0.6,0.6,0.06,-0.6,-0.6,15:00:00,/en/matches/42abcfc9/Ajaccio-Brest-April-23-2023-Ligue-1
FRA-Ligue 1,2223,Brest,2023-05-03 Brest-Nantes,2023-05-03,Matchweek 33,Wed,Home,W,2,0,Nantes,2,8,4,50.0,0.25,0.5,17.7,0.0,0,0,0.6,0.6,0.08,1.4,1.4,21:00:00,/en/matches/1063973e/Brest-Nantes-May-3-2023-Ligue-1
FRA-Ligue 1,2223,Brest,2023-05-07 Lorient-Brest,2023-05-07,Matchweek 34,Sun,Away,L,1,2,Lorient,1,14,1,7.1,0.0,0.0,21.3,1.0,1,1,1.5,0.8,0.05,-0.5,-0.8,15:00:00,/en/matches/676c3a0e/Lorient-Brest-May-7-2023-Ligue-1
FRA-Ligue 1,2223,Brest,2023-05-14 Brest-Auxerre,2023-05-14,Matchweek 35,Sun,Home,W,1,0,Auxerre,1,15,10,66.7,0.07,0.1,15.9,1.0,0,0,1.6,1.6,0.12,-0.6,-0.6,15:00:00,/en/matches/7039d1ce/Brest-Auxerre-May-14-2023-Ligue-1
FRA-Ligue 1,2223,Brest,2023-05-21 Brest-Clermont Foot,2023-05-21,Matchweek 36,Sun,Home,W,2,1,Clermont Foot,2,10,3,30.0,0.2,0.67,15.9,0.0,0,0,1.3,1.3,0.13,0.7,0.7,15:00:00,/en/matches/903f7001/Brest-Clermont-Foot-May-21-2023-Ligue-1
FRA-Ligue 1,2223,Brest,2023-05-27 Marseille-Brest,2023-05-27,Matchweek 37,Sat,Away,W,2,1,Marseille,2,15,5,33.3,0.13,0.4,16.9,0.0,0,0,1.0,1.0,0.07,1.0,1.0,21:00:00,/en/matches/f8507c38/Marseille-Brest-May-27-2023-Ligue-1
FRA-Ligue 1,2223,Brest,2023-06-03 Brest-Rennes,2023-06-03,Matchweek 38,Sat,Home,L,1,2,Rennes,1,13,4,30.8,0.0,0.0,18.2,0.0,1,1,1.5,0.8,0.06,-0.5,-0.8,21:00:00,/en/matches/e9d9bb82/Brest-Rennes-June-3-2023-Ligue-1
FRA-Ligue 1,2223,Clermont Foot,2022-08-06 Clermont Foot-Paris S-G,2022-08-06,Matchweek 1,Sat,Home,L,0,5,Paris S-G,0,7,1,14.3,0.0,0.0,23.5,1.0,0,0,0.3,0.3,0.04,-0.3,-0.3,21:00:00,/en/matches/d99d9161/Clermont-Foot-Paris-Saint-Germain-August-6-2022-Ligue-1
FRA-Ligue 1,2223,Clermont Foot,2022-08-14 Reims-Clermont Foot,2022-08-14,Matchweek 2,Sun,Away,W,4,2,Reims,4,9,4,44.4,0.33,0.75,20.3,0.0,1,1,1.9,1.1,0.12,2.1,1.9,15:00:00,/en/matches/ed6b4245/Reims-Clermont-Foot-August-14-2022-Ligue-1
FRA-Ligue 1,2223,Clermont Foot,2022-08-21 Clermont Foot-Nice,2022-08-21,Matchweek 3,Sun,Home,W,1,0,Nice,1,7,2,28.6,0.14,0.5,15.3,0.0,0,0,0.7,0.7,0.1,0.3,0.3,15:00:00,/en/matches/197f9381/Clermont-Foot-Nice-August-21-2022-Ligue-1
FRA-Ligue 1,2223,Clermont Foot,2022-08-28 Lorient-Clermont Foot,2022-08-28,Matchweek 4,Sun,Away,L,1,2,Lorient,1,9,2,22.2,0.11,0.5,17.4,0.0,0,0,0.6,0.6,0.07,0.4,0.4,15:00:00,/en/matches/04e1e416/Lorient-Clermont-Foot-August-28-2022-Ligue-1
FRA-Ligue 1,2223,Clermont Foot,2022-08-31 Marseille-Clermont Foot,2022-08-31,Matchweek 5,Wed,Away,L,0,1,Marseille,0,3,0,0.0,0.0,,19.3,0.0,0,0,0.1,0.1,0.04,-0.1,-0.1,21:00:00,/en/matches/e703a3d2/Marseille-Clermont-Foot-August-31-2022-Ligue-1
FRA-Ligue 1,2223,Clermont Foot,2022-09-04 Clermont Foot-Toulouse,2022-09-04,Matchweek 6,Sun,Home,W,2,0,Toulouse,2,12,3,25.0,0.17,0.67,17.3,0.0,0,0,1.3,1.3,0.11,0.7,0.7,15:00:00,/en/matches/20d46d25/Clermont-Foot-Toulouse-September-4-2022-Ligue-1
FRA-Ligue 1,2223,Clermont Foot,2022-09-11 Strasbourg-Clermont Foot,2022-09-11,Matchweek 7,Sun,Away,D,0,0,Strasbourg,0,10,4,40.0,0.0,0.0,18.3,0.0,0,0,0.8,0.8,0.09,-0.8,-0.8,13:00:00,/en/matches/198f2034/Strasbourg-Clermont-Foot-September-11-2022-Ligue-1
FRA-Ligue 1,2223,Clermont Foot,2022-09-18 Clermont Foot-Troyes,2022-09-18,Matchweek 8,Sun,Home,L,1,3,Troyes,1,14,2,14.3,0.07,0.5,17.4,1.0,0,0,1.0,1.0,0.07,0.0,0.0,15:00:00,/en/matches/4724678c/Clermont-Foot-Troyes-September-18-2022-Ligue-1
FRA-Ligue 1,2223,Clermont Foot,2022-10-02 Ajaccio-Clermont Foot,2022-10-02,Matchweek 9,Sun,Away,W,3,1,Ajaccio,3,7,3,42.9,0.43,1.0,12.8,0.0,0,0,1.0,1.0,0.15,2.0,2.0,15:00:00,/en/matches/eaedf3ff/Ajaccio-Clermont-Foot-October-2-2022-Ligue-1
FRA-Ligue 1,2223,Clermont Foot,2022-10-09 Clermont Foot-Auxerre,2022-10-09,Matchweek 10,Sun,Home,W,2,1,Auxerre,2,10,6,60.0,0.2,0.33,15.9,0.0,0,0,1.1,1.1,0.11,0.9,0.9,15:00:00,/en/matches/d6cfdf2e/Clermont-Foot-Auxerre-October-9-2022-Ligue-1
FRA-Ligue 1,2223,Clermont Foot,2022-10-16 Monaco-Clermont Foot,2022-10-16,Matchweek 11,Sun,Away,D,1,1,Monaco,1,21,6,28.6,0.05,0.17,17.7,1.0,0,0,1.9,1.9,0.1,-0.9,-0.9,17:05:00,/en/matches/5e7b10f8/Monaco-Clermont-Foot-October-16-2022-Ligue-1
FRA-Ligue 1,2223,Clermont Foot,2022-10-23 Clermont Foot-Brest,2022-10-23,Matchweek 12,Sun,Home,L,1,3,Brest,1,14,4,28.6,0.07,0.25,16.0,0.0,0,0,1.0,1.0,0.07,0.0,0.0,15:00:00,/en/matches/75c3d20d/Clermont-Foot-Brest-October-23-2022-Ligue-1
FRA-Ligue 1,2223,Clermont Foot,2022-10-30 Nantes-Clermont Foot,2022-10-30,Matchweek 13,Sun,Away,D,1,1,Nantes,1,10,6,60.0,0.1,0.17,17.7,0.0,0,0,0.7,0.7,0.07,0.3,0.3,15:00:00,/en/matches/d73b5aa4/Nantes-Clermont-Foot-October-30-2022-Ligue-1
FRA-Ligue 1,2223,Clermont Foot,2022-11-06 Clermont Foot-Montpellier,2022-11-06,Matchweek 14,Sun,Home,D,1,1,Montpellier,1,14,6,42.9,0.07,0.17,19.5,1.0,0,2,3.4,1.8,0.14,-2.4,-0.8,15:00:00,/en/matches/ce3a7987/Clermont-Foot-Montpellier-November-6-2022-Ligue-1
FRA-Ligue 1,2223,Clermont Foot,2022-11-12 Lens-Clermont Foot,2022-11-12,Matchweek 15,Sat,Away,L,1,2,Lens,0,5,2,40.0,0.0,0.0,25.8,0.0,0,0,0.2,0.2,0.05,-0.2,-0.2,17:00:00,/en/matches/8d98626e/Lens-Clermont-Foot-November-12-2022-Ligue-1
FRA-Ligue 1,2223,Clermont Foot,2022-12-28 Clermont Foot-Lille,2022-12-28,Matchweek 16,Wed,Home,L,0,2,Lille,0,9,3,33.3,0.0,0.0,16.2,0.0,0,0,0.7,0.7,0.08,-0.7,-0.7,19:00:00,/en/matches/6a0bd1ac/Clermont-Foot-Lille-December-28-2022-Ligue-1
FRA-Ligue 1,2223,Clermont Foot,2023-01-01 Lyon-Clermont Foot,2023-01-01,Matchweek 17,Sun,Away,W,1,0,Lyon,1,12,2,16.7,0.0,0.0,24.5,1.0,1,1,1.2,0.4,0.04,-0.2,-0.4,17:00:00,/en/matches/1e8f7f51/Lyon-Clermont-Foot-January-1-2023-Ligue-1
FRA-Ligue 1,2223,Clermont Foot,2023-01-11 Clermont Foot-Rennes,2023-01-11,Matchweek 18,Wed,Home,W,2,1,Rennes,2,11,5,45.5,0.18,0.4,17.8,1.0,0,0,1.7,1.7,0.16,0.3,0.3,19:00:00,/en/matches/560bb258/Clermont-Foot-Rennes-January-11-2023-Ligue-1
FRA-Ligue 1,2223,Clermont Foot,2023-01-15 Angers-Clermont Foot,2023-01-15,Matchweek 19,Sun,Away,W,2,1,Angers,2,10,6,60.0,0.2,0.33,17.6,0.0,0,0,1.7,1.7,0.19,0.3,0.3,15:00:00,/en/matches/d21b1750/Angers-Clermont-Foot-January-15-2023-Ligue-1
FRA-Ligue 1,2223,Clermont Foot,2023-01-29 Clermont Foot-Nantes,2023-01-29,Matchweek 20,Sun,Home,D,0,0,Nantes,0,9,0,0.0,0.0,,14.7,2.0,0,0,0.7,0.7,0.08,-0.7,-0.7,15:00:00,/en/matches/524e5116/Clermont-Foot-Nantes-January-29-2023-Ligue-1
FRA-Ligue 1,2223,Clermont Foot,2023-02-01 Lille-Clermont Foot,2023-02-01,Matchweek 21,Wed,Away,D,0,0,Lille,0,13,5,38.5,0.0,0.0,18.4,0.0,0,0,1.4,1.4,0.12,-1.4,-1.4,19:00:00,/en/matches/359a0f8f/Lille-Clermont-Foot-February-1-2023-Ligue-1
FRA-Ligue 1,2223,Clermont Foot,2023-02-05 Clermont Foot-Monaco,2023-02-05,Matchweek 22,Sun,Home,L,0,2,Monaco,0,8,3,37.5,0.0,0.0,24.8,1.0,0,0,0.4,0.4,0.05,-0.4,-0.4,13:00:00,/en/matches/46fb274a/Clermont-Foot-Monaco-February-5-2023-Ligue-1
FRA-Ligue 1,2223,Clermont Foot,2023-02-11 Clermont Foot-Marseille,2023-02-11,Matchweek 23,Sat,Home,L,0,2,Marseille,0,9,3,33.3,0.0,0.0,14.3,0.0,0,0,0.8,0.8,0.09,-0.8,-0.8,21:00:00,/en/matches/695a7394/Clermont-Foot-Marseille-February-11-2023-Ligue-1
FRA-Ligue 1,2223,Clermont Foot,2023-02-19 Rennes-Clermont Foot,2023-02-19,Matchweek 24,Sun,Away,L,0,2,Rennes,0,7,3,42.9,0.0,0.0,16.3,0.0,0,0,1.1,1.1,0.16,-1.1,-1.1,15:00:00,/en/matches/e1b735e0/Rennes-Clermont-Foot-February-19-2023-Ligue-1
FRA-Ligue 1,2223,Clermont Foot,2023-02-26 Clermont Foot-Strasbourg,2023-02-26,Matchweek 25,Sun,Home,D,1,1,Strasbourg,1,11,4,36.4,0.09,0.25,18.3,2.0,0,0,1.2,1.2,0.11,-0.2,-0.2,15:00:00,/en/matches/3c41bf64/Clermont-Foot-Strasbourg-February-26-2023-Ligue-1
FRA-Ligue 1,2223,Clermont Foot,2023-03-05 Toulouse-Clermont Foot,2023-03-05,Matchweek 26,Sun,Away,W,1,0,Toulouse,1,12,3,25.0,0.08,0.33,21.4,1.0,0,0,0.8,0.8,0.06,0.2,0.2,15:00:00,/en/matches/332295d4/Toulouse-Clermont-Foot-March-5-2023-Ligue-1
FRA-Ligue 1,2223,Clermont Foot,2023-03-12 Clermont Foot-Lens,2023-03-12,Matchweek 27,Sun,Home,L,0,4,Lens,0,9,5,55.6,0.0,0.0,14.4,0.0,0,0,1.2,1.2,0.15,-1.2,-1.2,13:00:00,/en/matches/1c7fbfe3/Clermont-Foot-Lens-March-12-2023-Ligue-1
FRA-Ligue 1,2223,Clermont Foot,2023-03-19 Montpellier-Clermont Foot,2023-03-19,Matchweek 28,Sun,Away,L,1,2,Montpellier,1,16,8,50.0,0.06,0.13,19.5,1.0,0,0,1.8,1.8,0.13,-0.8,-0.8,15:00:00,/en/matches/fa420272/Montpellier-Clermont-Foot-March-19-2023-Ligue-1
FRA-Ligue 1,2223,Clermont Foot,2023-04-02 Clermont Foot-Ajaccio,2023-04-02,Matchweek 29,Sun,Home,W,2,1,Ajaccio,2,12,4,33.3,0.0,0.0,22.2,1.0,2,2,2.4,0.8,0.07,-0.4,-0.8,15:00:00,/en/matches/758ff2c2/Clermont-Foot-Ajaccio-April-2-2023-Ligue-1
FRA-Ligue 1,2223,Clermont Foot,2023-04-09 Troyes-Clermont Foot,2023-04-09,Matchweek 30,Sun,Away,W,2,0,Troyes,2,12,4,33.3,0.17,0.5,21.5,1.0,0,0,1.3,1.3,0.11,0.7,0.7,15:00:00,/en/matches/ef3427f3/Troyes-Clermont-Foot-April-9-2023-Ligue-1
FRA-Ligue 1,2223,Clermont Foot,2023-04-16 Clermont Foot-Angers,2023-04-16,Matchweek 31,Sun,Home,W,2,1,Angers,2,10,3,30.0,0.0,0.0,19.9,0.0,2,2,2.1,0.5,0.05,-0.1,-0.5,15:00:00,/en/matches/f254960b/Clermont-Foot-Angers-April-16-2023-Ligue-1
FRA-Ligue 1,2223,Clermont Foot,2023-04-23 Nice-Clermont Foot,2023-04-23,Matchweek 32,Sun,Away,W,2,1,Nice,2,9,3,33.3,0.22,0.67,20.3,0.0,0,0,1.0,1.0,0.11,1.0,1.0,15:00:00,/en/matches/270414fb/Nice-Clermont-Foot-April-23-2023-Ligue-1
FRA-Ligue 1,2223,Clermont Foot,2023-04-30 Clermont Foot-Reims,2023-04-30,Matchweek 33,Sun,Home,W,1,0,Reims,1,8,2,25.0,0.13,0.5,13.7,0.0,0,0,1.6,1.6,0.2,-0.6,-0.6,15:00:00,/en/matches/4cdd261a/Clermont-Foot-Reims-April-30-2023-Ligue-1
FRA-Ligue 1,2223,Clermont Foot,2023-05-07 Auxerre-Clermont Foot,2023-05-07,Matchweek 34,Sun,Away,D,1,1,Auxerre,1,9,4,44.4,0.11,0.25,15.2,0.0,0,0,1.5,1.5,0.17,-0.5,-0.5,15:00:00,/en/matches/eca941ec/Auxerre-Clermont-Foot-May-7-2023-Ligue-1
FRA-Ligue 1,2223,Clermont Foot,2023-05-14 Clermont Foot-Lyon,2023-05-14,Matchweek 35,Sun,Home,W,2,1,Lyon,2,8,5,62.5,0.13,0.2,15.7,0.0,1,1,1.8,1.0,0.12,0.2,0.0,13:00:00,/en/matches/a5b3557c/Clermont-Foot-Lyon-May-14-2023-Ligue-1
FRA-Ligue 1,2223,Clermont Foot,2023-05-21 Brest-Clermont Foot,2023-05-21,Matchweek 36,Sun,Away,L,1,2,Brest,1,8,1,12.5,0.13,1.0,18.4,0.0,0,0,0.5,0.5,0.07,0.5,0.5,15:00:00,/en/matches/903f7001/Brest-Clermont-Foot-May-21-2023-Ligue-1
FRA-Ligue 1,2223,Clermont Foot,2023-05-27 Clermont Foot-Lorient,2023-05-27,Matchweek 37,Sat,Home,W,2,0,Lorient,2,18,7,38.9,0.11,0.29,19.8,1.0,0,0,1.4,1.4,0.08,0.6,0.6,21:00:00,/en/matches/970c061a/Clermont-Foot-Lorient-May-27-2023-Ligue-1
FRA-Ligue 1,2223,Clermont Foot,2023-06-03 Paris S-G-Clermont Foot,2023-06-03,Matchweek 38,Sat,Away,W,3,2,Paris S-G,3,11,5,45.5,0.27,0.6,15.5,0.0,0,1,3.1,2.3,0.21,-0.1,0.7,21:00:00,/en/matches/1b47e9eb/Paris-Saint-Germain-Clermont-Foot-June-3-2023-Ligue-1
FRA-Ligue 1,2223,Lens,2022-08-07 Lens-Brest,2022-08-07,Matchweek 1,Sun,Home,W,3,2,Brest,3,15,6,40.0,0.2,0.5,13.0,0.0,0,1,2.5,1.7,0.12,0.5,1.3,15:00:00,/en/matches/058c83eb/Lens-Brest-August-7-2022-Ligue-1
FRA-Ligue 1,2223,Lens,2022-08-14 Ajaccio-Lens,2022-08-14,Matchweek 2,Sun,Away,D,0,0,Ajaccio,0,12,3,25.0,0.0,0.0,17.9,2.0,0,0,1.4,1.4,0.12,-1.4,-1.4,15:00:00,/en/matches/8b559e8f/Ajaccio-Lens-August-14-2022-Ligue-1
FRA-Ligue 1,2223,Lens,2022-08-20 Monaco-Lens,2022-08-20,Matchweek 3,Sat,Away,W,4,1,Monaco,4,13,5,38.5,0.23,0.6,15.8,0.0,1,1,2.5,1.7,0.13,1.5,1.3,17:00:00,/en/matches/579dbb9f/Monaco-Lens-August-20-2022-Ligue-1
FRA-Ligue 1,2223,Lens,2022-08-27 Lens-Rennes,2022-08-27,Matchweek 4,Sat,Home,W,2,1,Rennes,2,17,4,23.5,0.12,0.5,19.9,0.0,0,0,1.3,1.3,0.08,0.7,0.7,21:00:00,/en/matches/a46ef768/Lens-Rennes-August-27-2022-Ligue-1
FRA-Ligue 1,2223,Lens,2022-08-31 Lens-Lorient,2022-08-31,Matchweek 5,Wed,Home,W,5,2,Lorient,5,15,8,53.3,0.33,0.63,13.2,0.0,0,0,3.0,3.0,0.2,2.0,2.0,21:00:00,/en/matches/e81a5c4f/Lens-Lorient-August-31-2022-Ligue-1
FRA-Ligue 1,2223,Lens,2022-09-04 Reims-Lens,2022-09-04,Matchweek 6,Sun,Away,D,1,1,Reims,1,20,4,20.0,0.05,0.25,16.1,0.0,0,0,1.9,1.9,0.1,-0.9,-0.9,15:00:00,/en/matches/21e5d4df/Reims-Lens-September-4-2022-Ligue-1
FRA-Ligue 1,2223,Lens,2022-09-09 Lens-Troyes,2022-09-09,Matchweek 7,Fri,Home,W,1,0,Troyes,1,12,3,25.0,0.08,0.33,16.1,0.0,0,0,1.4,1.4,0.11,-0.4,-0.4,21:00:00,/en/matches/953fed3d/Lens-Troyes-September-9-2022-Ligue-1
FRA-Ligue 1,2223,Lens,2022-09-18 Nantes-Lens,2022-09-18,Matchweek 8,Sun,Away,D,0,0,Nantes,0,8,2,25.0,0.0,0.0,17.3,0.0,0,0,0.9,0.9,0.12,-0.9,-0.9,17:05:00,/en/matches/7f6d507f/Nantes-Lens-September-18-2022-Ligue-1
FRA-Ligue 1,2223,Lens,2022-10-02 Lens-Lyon,2022-10-02,Matchweek 9,Sun,Home,W,1,0,Lyon,1,20,5,25.0,0.0,0.0,15.6,0.0,1,1,2.9,2.2,0.11,-1.9,-2.2,20:45:00,/en/matches/ea3fd79a/Lens-Lyon-October-2-2022-Ligue-1
FRA-Ligue 1,2223,Lens,2022-10-09 Lille-Lens,2022-10-09,Matchweek 10,Sun,Away,L,0,1,Lille,0,9,2,22.2,0.0,0.0,22.8,0.0,0,1,1.2,0.4,0.04,-1.2,-0.4,20:45:00,/en/matches/080e6d11/Lille-Lens-October-9-2022-Ligue-1
FRA-Ligue 1,2223,Lens,2022-10-15 Lens-Montpellier,2022-10-15,Matchweek 11,Sat,Home,W,1,0,Montpellier,1,17,5,29.4,0.06,0.2,19.4,0.0,0,0,1.8,1.8,0.1,-0.8,-0.8,21:00:00,/en/matches/7e2d7c1e/Lens-Montpellier-October-15-2022-Ligue-1
FRA-Ligue 1,2223,Lens,2022-10-22 Marseille-Lens,2022-10-22,Matchweek 12,Sat,Away,W,1,0,Marseille,1,12,4,33.3,0.08,0.25,19.2,1.0,0,0,0.9,0.9,0.08,0.1,0.1,21:00:00,/en/matches/bad2cbdd/Marseille-Lens-October-22-2022-Ligue-1
FRA-Ligue 1,2223,Lens,2022-10-28 Lens-Toulouse,2022-10-28,Matchweek 13,Fri,Home,W,3,0,Toulouse,3,12,7,58.3,0.25,0.43,16.6,0.0,0,1,2.4,1.6,0.13,0.6,1.4,21:00:00,/en/matches/95ff5e13/Lens-Toulouse-October-28-2022-Ligue-1
FRA-Ligue 1,2223,Lens,2022-11-05 Angers-Lens,2022-11-05,Matchweek 14,Sat,Away,W,2,1,Angers,2,12,4,33.3,0.17,0.5,14.9,0.0,0,0,1.8,1.8,0.15,0.2,0.2,21:00:00,/en/matches/75388a68/Angers-Lens-November-5-2022-Ligue-1
FRA-Ligue 1,2223,Lens,2022-11-12 Lens-Clermont Foot,2022-11-12,Matchweek 15,Sat,Home,W,2,1,Clermont Foot,2,16,3,18.8,0.13,0.67,16.3,0.0,0,0,1.5,1.5,0.09,0.5,0.5,17:00:00,/en/matches/8d98626e/Lens-Clermont-Foot-November-12-2022-Ligue-1
FRA-Ligue 1,2223,Lens,2022-12-29 Nice-Lens,2022-12-29,Matchweek 16,Thu,Away,D,0,0,Nice,0,10,2,20.0,0.0,0.0,17.0,0.0,0,0,1.0,1.0,0.1,-1.0,-1.0,21:00:00,/en/matches/9c606d65/Nice-Lens-December-29-2022-Ligue-1
FRA-Ligue 1,2223,Lens,2023-01-01 Lens-Paris S-G,2023-01-01,Matchweek 17,Sun,Home,W,3,1,Paris S-G,3,10,4,40.0,0.3,0.75,16.7,0.0,0,0,1.8,1.8,0.18,1.2,1.2,20:45:00,/en/matches/41b38f59/Lens-Paris-Saint-Germain-January-1-2023-Ligue-1
FRA-Ligue 1,2223,Lens,2023-01-11 Strasbourg-Lens,2023-01-11,Matchweek 18,Wed,Away,D,2,2,Strasbourg,2,15,8,53.3,0.13,0.25,14.3,0.0,0,0,1.9,1.9,0.13,0.1,0.1,21:00:00,/en/matches/e91d3b16/Strasbourg-Lens-January-11-2023-Ligue-1
FRA-Ligue 1,2223,Lens,2023-01-14 Lens-Auxerre,2023-01-14,Matchweek 19,Sat,Home,W,1,0,Auxerre,1,9,1,11.1,0.0,0.0,18.1,0.0,1,1,2.0,1.3,0.14,-1.0,-1.3,17:00:00,/en/matches/767c1b25/Lens-Auxerre-January-14-2023-Ligue-1
FRA-Ligue 1,2223,Lens,2023-01-28 Troyes-Lens,2023-01-28,Matchweek 20,Sat,Away,D,1,1,Troyes,1,21,4,19.0,0.05,0.25,12.9,0.0,0,0,2.9,2.9,0.14,-1.9,-1.9,17:00:00,/en/matches/bf2e3c05/Troyes-Lens-January-28-2023-Ligue-1
FRA-Ligue 1,2223,Lens,2023-02-01 Lens-Nice,2023-02-01,Matchweek 21,Wed,Home,L,0,1,Nice,0,9,4,44.4,0.0,0.0,20.2,1.0,0,0,0.6,0.6,0.07,-0.6,-0.6,21:00:00,/en/matches/b6c7f232/Lens-Nice-February-1-2023-Ligue-1
FRA-Ligue 1,2223,Lens,2023-02-05 Brest-Lens,2023-02-05,Matchweek 22,Sun,Away,D,1,1,Brest,1,20,7,35.0,0.05,0.14,14.9,0.0,0,0,2.5,2.5,0.13,-1.5,-1.5,17:05:00,/en/matches/7a42156f/Brest-Lens-February-5-2023-Ligue-1
FRA-Ligue 1,2223,Lens,2023-02-12 Lyon-Lens,2023-02-12,Matchweek 23,Sun,Away,L,1,2,Lyon,1,14,4,28.6,0.07,0.25,19.4,0.0,0,0,1.1,1.1,0.08,-0.1,-0.1,20:45:00,/en/matches/eb88e263/Lyon-Lens-February-12-2023-Ligue-1
FRA-Ligue 1,2223,Lens,2023-02-19 Lens-Nantes,2023-02-19,Matchweek 24,Sun,Home,W,3,1,Nantes,2,19,6,31.6,0.11,0.33,16.2,0.0,0,0,2.4,2.4,0.13,-0.4,-0.4,17:05:00,/en/matches/09d42df5/Lens-Nantes-February-19-2023-Ligue-1
FRA-Ligue 1,2223,Lens,2023-02-25 Montpellier-Lens,2023-02-25,Matchweek 25,Sat,Away,D,1,1,Montpellier,1,19,6,31.6,0.05,0.17,14.1,0.0,0,0,1.9,1.9,0.1,-0.9,-0.9,21:00:00,/en/matches/c423b431/Montpellier-Lens-February-25-2023-Ligue-1
FRA-Ligue 1,2223,Lens,2023-03-04 Lens-Lille,2023-03-04,Matchweek 26,Sat,Home,D,1,1,Lille,0,10,1,10.0,0.0,0.0,15.0,0.0,0,0,0.9,0.9,0.09,-0.9,-0.9,17:00:00,/en/matches/368b5f43/Lens-Lille-March-4-2023-Ligue-1
FRA-Ligue 1,2223,Lens,2023-03-12 Clermont Foot-Lens,2023-03-12,Matchweek 27,Sun,Away,W,4,0,Clermont Foot,4,13,6,46.2,0.31,0.67,13.3,0.0,0,0,2.0,2.0,0.15,2.0,2.0,13:00:00,/en/matches/1c7fbfe3/Clermont-Foot-Lens-March-12-2023-Ligue-1
FRA-Ligue 1,2223,Lens,2023-03-18 Lens-Angers,2023-03-18,Matchweek 28,Sat,Home,W,3,0,Angers,3,12,6,50.0,0.25,0.5,14.7,0.0,0,0,1.6,1.6,0.14,1.4,1.4,21:00:00,/en/matches/9481e88d/Lens-Angers-March-18-2023-Ligue-1
FRA-Ligue 1,2223,Lens,2023-04-01 Rennes-Lens,2023-04-01,Matchweek 29,Sat,Away,W,1,0,Rennes,1,12,4,33.3,0.08,0.25,14.0,0.0,0,0,1.5,1.5,0.12,-0.5,-0.5,21:00:00,/en/matches/1130a1b6/Rennes-Lens-April-1-2023-Ligue-1
FRA-Ligue 1,2223,Lens,2023-04-07 Lens-Strasbourg,2023-04-07,Matchweek 30,Fri,Home,W,2,1,Strasbourg,2,13,9,69.2,0.15,0.22,16.3,0.0,0,0,1.0,1.0,0.08,1.0,1.0,21:00:00,/en/matches/c64ab24a/Lens-Strasbourg-April-7-2023-Ligue-1
FRA-Ligue 1,2223,Lens,2023-04-15 Paris S-G-Lens,2023-04-15,Matchweek 31,Sat,Away,L,1,3,Paris S-G,1,13,6,46.2,0.0,0.0,16.5,0.0,1,1,1.8,1.0,0.08,-0.8,-1.0,21:00:00,/en/matches/268e5460/Paris-Saint-Germain-Lens-April-15-2023-Ligue-1
FRA-Ligue 1,2223,Lens,2023-04-22 Lens-Monaco,2023-04-22,Matchweek 32,Sat,Home,W,3,0,Monaco,3,21,7,33.3,0.14,0.43,19.3,0.0,0,0,2.3,2.3,0.11,0.7,0.7,21:00:00,/en/matches/0095e758/Lens-Monaco-April-22-2023-Ligue-1
FRA-Ligue 1,2223,Lens,2023-05-02 Toulouse-Lens,2023-05-02,Matchweek 33,Tue,Away,W,1,0,Toulouse,1,11,3,27.3,0.09,0.33,17.4,0.0,0,0,1.2,1.2,0.11,-0.2,-0.2,21:00:00,/en/matches/b5e2c075/Toulouse-Lens-May-2-2023-Ligue-1
FRA-Ligue 1,2223,Lens,2023-05-06 Lens-Marseille,2023-05-06,Matchweek 34,Sat,Home,W,2,1,Marseille,2,9,3,33.3,0.22,0.67,18.3,0.0,0,0,0.7,0.7,0.08,1.3,1.3,21:00:00,/en/matches/4ef6a978/Lens-Marseille-May-6-2023-Ligue-1
FRA-Ligue 1,2223,Lens,2023-05-12 Lens-Reims,2023-05-12,Matchweek 35,Fri,Home,W,2,1,Reims,2,7,5,71.4,0.14,0.2,21.2,1.0,1,1,1.5,0.7,0.1,0.5,0.3,21:00:00,/en/matches/7e1c8564/Lens-Reims-May-12-2023-Ligue-1
FRA-Ligue 1,2223,Lens,2023-05-21 Lorient-Lens,2023-05-21,Matchweek 36,Sun,Away,W,3,1,Lorient,3,15,7,46.7,0.2,0.43,16.0,1.0,0,0,1.9,1.9,0.13,1.1,1.1,17:05:00,/en/matches/123cfb3a/Lorient-Lens-May-21-2023-Ligue-1
FRA-Ligue 1,2223,Lens,2023-05-27 Lens-Ajaccio,2023-05-27,Matchweek 37,Sat,Home,W,3,0,Ajaccio,3,11,2,18.2,0.18,1.0,16.7,0.0,1,1,2.3,1.5,0.14,0.7,0.5,21:00:00,/en/matches/5eceb234/Lens-Ajaccio-May-27-2023-Ligue-1
FRA-Ligue 1,2223,Lens,2023-06-03 Auxerre-Lens,2023-06-03,Matchweek 38,Sat,Away,W,3,1,Auxerre,3,15,7,46.7,0.2,0.43,14.3,0.0,0,0,2.8,2.8,0.19,0.2,0.2,21:00:00,/en/matches/a44cfa36/Auxerre-Lens-June-3-2023-Ligue-1
FRA-Ligue 1,2223,Lille,2022-08-07 Lille-Auxerre,2022-08-07,Matchweek 1,Sun,Home,W,4,1,Auxerre,4,16,6,37.5,0.25,0.67,19.1,1.0,0,0,2.4,2.4,0.15,1.6,1.6,15:00:00,/en/matches/cbdc95fe/Lille-Auxerre-August-7-2022-Ligue-1
FRA-Ligue 1,2223,Lille,2022-08-12 Nantes-Lille,2022-08-12,Matchweek 2,Fri,Away,D,1,1,Nantes,1,16,4,25.0,0.06,0.25,11.5,0.0,0,0,2.0,2.0,0.14,-1.0,-1.0,21:00:00,/en/matches/00173ae0/Nantes-Lille-August-12-2022-Ligue-1
FRA-Ligue 1,2223,Lille,2022-08-21 Lille-Paris S-G,2022-08-21,Matchweek 3,Sun,Home,L,1,7,Paris S-G,1,16,9,56.3,0.06,0.11,17.5,0.0,0,0,1.7,1.7,0.12,-0.7,-0.7,20:45:00,/en/matches/a5ba0018/Lille-Paris-Saint-Germain-August-21-2022-Ligue-1
FRA-Ligue 1,2223,Lille,2022-08-26 Ajaccio-Lille,2022-08-26,Matchweek 4,Fri,Away,W,3,1,Ajaccio,3,6,4,66.7,0.5,0.75,18.6,0.0,0,1,1.7,0.9,0.15,1.3,2.1,21:00:00,/en/matches/d8aa49d4/Ajaccio-Lille-August-26-2022-Ligue-1
FRA-Ligue 1,2223,Lille,2022-08-31 Lille-Nice,2022-08-31,Matchweek 5,Wed,Home,L,1,2,Nice,1,18,6,33.3,0.06,0.17,19.6,0.0,0,0,0.9,0.9,0.05,0.1,0.1,21:00:00,/en/matches/6f55425d/Lille-Nice-August-31-2022-Ligue-1
FRA-Ligue 1,2223,Lille,2022-09-04 Montpellier-Lille,2022-09-04,Matchweek 6,Sun,Away,W,3,1,Montpellier,3,26,8,30.8,0.12,0.38,18.4,0.0,0,0,1.6,1.6,0.06,1.4,1.4,13:00:00,/en/matches/d61a03a9/Montpellier-Lille-September-4-2022-Ligue-1
FRA-Ligue 1,2223,Lille,2022-09-10 Marseille-Lille,2022-09-10,Matchweek 7,Sat,Away,L,1,2,Marseille,1,7,3,42.9,0.14,0.33,12.3,0.0,0,0,1.0,1.0,0.15,0.0,0.0,21:00:00,/en/matches/762fd170/Marseille-Lille-September-10-2022-Ligue-1
FRA-Ligue 1,2223,Lille,2022-09-17 Lille-Toulouse,2022-09-17,Matchweek 8,Sat,Home,W,2,1,Toulouse,2,10,4,40.0,0.2,0.5,16.0,1.0,0,0,1.0,1.0,0.1,1.0,1.0,21:00:00,/en/matches/00795804/Lille-Toulouse-September-17-2022-Ligue-1
FRA-Ligue 1,2223,Lille,2022-10-02 Lorient-Lille,2022-10-02,Matchweek 9,Sun,Away,L,1,2,Lorient,1,20,4,20.0,0.05,0.25,15.6,0.0,0,0,2.2,2.2,0.11,-1.2,-1.2,13:00:00,/en/matches/16686466/Lorient-Lille-October-2-2022-Ligue-1
FRA-Ligue 1,2223,Lille,2022-10-09 Lille-Lens,2022-10-09,Matchweek 10,Sun,Home,W,1,0,Lens,1,11,4,36.4,0.0,0.0,16.8,0.0,1,1,2.6,1.8,0.17,-1.6,-1.8,20:45:00,/en/matches/080e6d11/Lille-Lens-October-9-2022-Ligue-1
FRA-Ligue 1,2223,Lille,2022-10-14 Strasbourg-Lille,2022-10-14,Matchweek 11,Fri,Away,W,3,0,Strasbourg,3,9,6,66.7,0.22,0.33,18.5,1.0,1,1,2.3,1.5,0.18,0.7,0.5,21:00:00,/en/matches/5004b998/Strasbourg-Lille-October-14-2022-Ligue-1
FRA-Ligue 1,2223,Lille,2022-10-23 Lille-Monaco,2022-10-23,Matchweek 12,Sun,Home,W,4,3,Monaco,4,20,7,35.0,0.2,0.57,15.8,1.0,0,0,2.5,2.5,0.13,1.5,1.5,20:45:00,/en/matches/e49e31dd/Lille-Monaco-October-23-2022-Ligue-1
FRA-Ligue 1,2223,Lille,2022-10-30 Lyon-Lille,2022-10-30,Matchweek 13,Sun,Away,L,0,1,Lyon,0,15,5,33.3,0.0,0.0,17.9,1.0,0,0,1.5,1.5,0.1,-1.5,-1.5,20:45:00,/en/matches/55897a3f/Lyon-Lille-October-30-2022-Ligue-1
FRA-Ligue 1,2223,Lille,2022-11-06 Lille-Rennes,2022-11-06,Matchweek 14,Sun,Home,D,1,1,Rennes,1,19,7,36.8,0.05,0.14,13.4,1.0,0,0,2.4,2.4,0.13,-1.4,-1.4,17:05:00,/en/matches/004b284e/Lille-Rennes-November-6-2022-Ligue-1
FRA-Ligue 1,2223,Lille,2022-11-13 Lille-Angers,2022-11-13,Matchweek 15,Sun,Home,W,1,0,Angers,1,9,4,44.4,0.11,0.25,18.4,0.0,0,0,0.6,0.6,0.07,0.4,0.4,15:00:00,/en/matches/6055a18c/Lille-Angers-November-13-2022-Ligue-1
FRA-Ligue 1,2223,Lille,2022-12-28 Clermont Foot-Lille,2022-12-28,Matchweek 16,Wed,Away,W,2,0,Clermont Foot,2,13,2,15.4,0.08,0.5,22.0,1.0,1,1,1.6,0.8,0.06,0.4,0.2,19:00:00,/en/matches/6a0bd1ac/Clermont-Foot-Lille-December-28-2022-Ligue-1
FRA-Ligue 1,2223,Lille,2023-01-02 Lille-Reims,2023-01-02,Matchweek 17,Mon,Home,D,1,1,Reims,1,14,5,35.7,0.07,0.2,14.6,0.0,0,0,2.3,2.3,0.18,-1.3,-1.3,17:00:00,/en/matches/cbf86c77/Lille-Reims-January-2-2023-Ligue-1
FRA-Ligue 1,2223,Lille,2023-01-11 Brest-Lille,2023-01-11,Matchweek 18,Wed,Away,D,0,0,Brest,0,11,4,36.4,0.0,0.0,17.7,0.0,0,0,0.7,0.7,0.07,-0.7,-0.7,19:00:00,/en/matches/86d6c372/Brest-Lille-January-11-2023-Ligue-1
FRA-Ligue 1,2223,Lille,2023-01-15 Lille-Troyes,2023-01-15,Matchweek 19,Sun,Home,W,5,1,Troyes,5,23,13,56.5,0.22,0.38,15.9,0.0,0,0,3.8,3.8,0.17,1.2,1.2,13:00:00,/en/matches/50911140/Lille-Troyes-January-15-2023-Ligue-1
FRA-Ligue 1,2223,Lille,2023-01-29 Nice-Lille,2023-01-29,Matchweek 20,Sun,Away,L,0,1,Nice,0,16,7,43.8,0.0,0.0,18.2,1.0,0,0,1.6,1.6,0.1,-1.6,-1.6,13:00:00,/en/matches/b83c2528/Nice-Lille-January-29-2023-Ligue-1
FRA-Ligue 1,2223,Lille,2023-02-01 Lille-Clermont Foot,2023-02-01,Matchweek 21,Wed,Home,D,0,0,Clermont Foot,0,22,5,22.7,0.0,0.0,18.6,1.0,0,0,1.3,1.3,0.06,-1.3,-1.3,19:00:00,/en/matches/359a0f8f/Lille-Clermont-Foot-February-1-2023-Ligue-1
FRA-Ligue 1,2223,Lille,2023-02-04 Rennes-Lille,2023-02-04,Matchweek 22,Sat,Away,W,3,1,Rennes,3,15,6,40.0,0.2,0.5,15.3,0.0,0,0,2.2,2.2,0.16,0.8,0.8,21:00:00,/en/matches/b405d94b/Rennes-Lille-February-4-2023-Ligue-1
FRA-Ligue 1,2223,Lille,2023-02-12 Lille-Strasbourg,2023-02-12,Matchweek 23,Sun,Home,W,2,0,Strasbourg,2,13,9,69.2,0.08,0.11,14.7,1.0,1,1,2.7,1.9,0.16,-0.7,-0.9,15:00:00,/en/matches/5bcb2b4d/Lille-Strasbourg-February-12-2023-Ligue-1
FRA-Ligue 1,2223,Lille,2023-02-19 Paris S-G-Lille,2023-02-19,Matchweek 24,Sun,Away,L,3,4,Paris S-G,3,15,6,40.0,0.13,0.33,18.6,0.0,1,1,2.4,1.7,0.11,0.6,0.3,13:00:00,/en/matches/0354132b/Paris-Saint-Germain-Lille-February-19-2023-Ligue-1
FRA-Ligue 1,2223,Lille,2023-02-24 Lille-Brest,2023-02-24,Matchweek 25,Fri,Home,W,2,1,Brest,2,18,4,22.2,0.11,0.5,17.5,1.0,0,0,1.0,1.0,0.05,1.0,1.0,21:00:00,/en/matches/4b068238/Lille-Brest-February-24-2023-Ligue-1
FRA-Ligue 1,2223,Lille,2023-03-04 Lens-Lille,2023-03-04,Matchweek 26,Sat,Away,D,1,1,Lens,1,11,6,54.5,0.09,0.17,10.6,0.0,0,0,1.6,1.6,0.16,-0.6,-0.6,17:00:00,/en/matches/368b5f43/Lens-Lille-March-4-2023-Ligue-1
FRA-Ligue 1,2223,Lille,2023-03-10 Lille-Lyon,2023-03-10,Matchweek 27,Fri,Home,D,3,3,Lyon,3,6,4,66.7,0.17,0.25,18.9,0.0,2,2,2.3,0.7,0.12,0.7,0.3,21:00:00,/en/matches/2ec831ba/Lille-Lyon-March-10-2023-Ligue-1
FRA-Ligue 1,2223,Lille,2023-03-18 Toulouse-Lille,2023-03-18,Matchweek 28,Sat,Away,W,2,0,Toulouse,2,18,4,22.2,0.11,0.5,16.2,0.0,0,0,1.4,1.4,0.08,0.6,0.6,17:00:00,/en/matches/0659aa2f/Toulouse-Lille-March-18-2023-Ligue-1
FRA-Ligue 1,2223,Lille,2023-04-02 Lille-Lorient,2023-04-02,Matchweek 29,Sun,Home,W,3,1,Lorient,3,20,7,35.0,0.15,0.43,17.4,1.0,0,0,2.0,2.0,0.1,1.0,1.0,13:00:00,/en/matches/e3ec27ec/Lille-Lorient-April-2-2023-Ligue-1
FRA-Ligue 1,2223,Lille,2023-04-08 Angers-Lille,2023-04-08,Matchweek 30,Sat,Away,L,0,1,Angers,0,15,5,33.3,0.0,0.0,20.1,1.0,0,0,1.4,1.4,0.1,-1.4,-1.4,17:00:00,/en/matches/5b23ad99/Angers-Lille-April-8-2023-Ligue-1
FRA-Ligue 1,2223,Lille,2023-04-16 Lille-Montpellier,2023-04-16,Matchweek 31,Sun,Home,W,2,1,Montpellier,2,17,7,41.2,0.12,0.29,16.6,1.0,0,0,2.1,2.1,0.13,-0.1,-0.1,13:00:00,/en/matches/bb2cf3ad/Lille-Montpellier-April-16-2023-Ligue-1
FRA-Ligue 1,2223,Lille,2023-04-22 Auxerre-Lille,2023-04-22,Matchweek 32,Sat,Away,D,1,1,Auxerre,1,13,3,23.1,0.0,0.0,13.2,0.0,1,1,2.2,2.1,0.21,-1.2,-2.1,17:00:00,/en/matches/3d446dbd/Auxerre-Lille-April-22-2023-Ligue-1
FRA-Ligue 1,2223,Lille,2023-04-29 Lille-Ajaccio,2023-04-29,Matchweek 33,Sat,Home,W,3,0,Ajaccio,3,10,5,50.0,0.3,0.6,18.0,0.0,0,0,1.6,1.6,0.16,1.4,1.4,17:00:00,/en/matches/1213d047/Lille-Ajaccio-April-29-2023-Ligue-1
FRA-Ligue 1,2223,Lille,2023-05-06 Reims-Lille,2023-05-06,Matchweek 34,Sat,Away,L,0,1,Reims,0,11,5,45.5,0.0,0.0,13.7,0.0,0,0,1.7,1.7,0.15,-1.7,-1.7,19:00:00,/en/matches/f281e140/Reims-Lille-May-6-2023-Ligue-1
FRA-Ligue 1,2223,Lille,2023-05-14 Monaco-Lille,2023-05-14,Matchweek 35,Sun,Away,D,0,0,Monaco,0,10,4,40.0,0.0,0.0,14.1,0.0,0,0,0.9,0.9,0.09,-0.9,-0.9,17:05:00,/en/matches/1609eed7/Monaco-Lille-May-14-2023-Ligue-1
FRA-Ligue 1,2223,Lille,2023-05-20 Lille-Marseille,2023-05-20,Matchweek 36,Sat,Home,W,2,1,Marseille,2,11,2,18.2,0.09,0.5,20.3,0.0,1,1,1.7,0.9,0.08,0.3,0.1,21:00:00,/en/matches/a4506b32/Lille-Marseille-May-20-2023-Ligue-1
FRA-Ligue 1,2223,Lille,2023-05-27 Lille-Nantes,2023-05-27,Matchweek 37,Sat,Home,W,2,1,Nantes,2,7,0,0.0,0.0,,26.1,1.0,2,2,2.1,0.6,0.09,-0.1,-0.6,21:00:00,/en/matches/1b4970df/Lille-Nantes-May-27-2023-Ligue-1
FRA-Ligue 1,2223,Lille,2023-06-03 Troyes-Lille,2023-06-03,Matchweek 38,Sat,Away,D,1,1,Troyes,1,18,7,38.9,0.06,0.14,15.3,1.0,0,0,1.4,1.4,0.08,-0.4,-0.4,21:00:00,/en/matches/a00583c3/Troyes-Lille-June-3-2023-Ligue-1
FRA-Ligue 1,2223,Lorient,2022-08-07 Rennes-Lorient,2022-08-07,Matchweek 1,Sun,Away,W,1,0,Rennes,0,8,2,25.0,0.0,0.0,23.0,1.0,0,0,1.1,1.1,0.15,-1.1,-1.1,17:05:00,/en/matches/8ff3f9dd/Rennes-Lorient-August-7-2022-Ligue-1
FRA-Ligue 1,2223,Lorient,2022-08-21 Toulouse-Lorient,2022-08-21,Matchweek 3,Sun,Away,D,2,2,Toulouse,2,12,2,16.7,0.08,0.5,20.3,2.0,1,2,2.5,0.9,0.08,-0.5,0.1,15:00:00,/en/matches/8fd476c8/Toulouse-Lorient-August-21-2022-Ligue-1
FRA-Ligue 1,2223,Lorient,2022-08-28 Lorient-Clermont Foot,2022-08-28,Matchweek 4,Sun,Home,W,2,1,Clermont Foot,2,21,8,38.1,0.05,0.13,18.1,1.0,1,1,2.9,2.1,0.1,-0.9,-1.1,15:00:00,/en/matches/04e1e416/Lorient-Clermont-Foot-August-28-2022-Ligue-1
FRA-Ligue 1,2223,Lorient,2022-08-31 Lens-Lorient,2022-08-31,Matchweek 5,Wed,Away,L,2,5,Lens,2,11,3,27.3,0.18,0.67,17.2,0.0,0,0,1.1,1.1,0.1,0.9,0.9,21:00:00,/en/matches/e81a5c4f/Lens-Lorient-August-31-2022-Ligue-1
FRA-Ligue 1,2223,Lorient,2022-09-04 Ajaccio-Lorient,2022-09-04,Matchweek 6,Sun,Away,W,1,0,Ajaccio,1,7,4,57.1,0.14,0.25,15.8,0.0,0,0,0.8,0.8,0.13,0.2,0.2,15:00:00,/en/matches/ae60a120/Ajaccio-Lorient-September-4-2022-Ligue-1
FRA-Ligue 1,2223,Lorient,2022-09-07 Lorient-Lyon,2022-09-07,Matchweek 2,Wed,Home,W,3,1,Lyon,3,11,6,54.5,0.27,0.5,17.7,2.0,0,0,1.0,1.0,0.09,2.0,2.0,19:00:00,/en/matches/9bb1f204/Lorient-Lyon-September-7-2022-Ligue-1
FRA-Ligue 1,2223,Lorient,2022-09-11 Lorient-Nantes,2022-09-11,Matchweek 7,Sun,Home,W,3,2,Nantes,3,13,5,38.5,0.23,0.6,17.6,1.0,0,0,1.3,1.3,0.1,1.7,1.7,15:00:00,/en/matches/782c4dff/Lorient-Nantes-September-11-2022-Ligue-1
FRA-Ligue 1,2223,Lorient,2022-09-16 Auxerre-Lorient,2022-09-16,Matchweek 8,Fri,Away,W,3,1,Auxerre,3,12,8,66.7,0.25,0.38,13.2,1.0,0,0,2.5,2.5,0.23,0.5,0.5,21:00:00,/en/matches/49bc23eb/Auxerre-Lorient-September-16-2022-Ligue-1
FRA-Ligue 1,2223,Lorient,2022-10-02 Lorient-Lille,2022-10-02,Matchweek 9,Sun,Home,W,2,1,Lille,1,7,4,57.1,0.14,0.25,19.0,0.0,0,0,0.6,0.6,0.08,0.4,0.4,13:00:00,/en/matches/16686466/Lorient-Lille-October-2-2022-Ligue-1
FRA-Ligue 1,2223,Lorient,2022-10-09 Brest-Lorient,2022-10-09,Matchweek 10,Sun,Away,W,2,1,Brest,2,14,5,35.7,0.14,0.4,18.0,0.0,0,0,1.1,1.1,0.08,0.9,0.9,15:00:00,/en/matches/173aef86/Brest-Lorient-October-9-2022-Ligue-1
FRA-Ligue 1,2223,Lorient,2022-10-15 Lorient-Reims,2022-10-15,Matchweek 11,Sat,Home,D,0,0,Reims,0,10,3,30.0,0.0,0.0,22.1,3.0,0,0,0.8,0.8,0.08,-0.8,-0.8,17:00:00,/en/matches/4fe522a8/Lorient-Reims-October-15-2022-Ligue-1
FRA-Ligue 1,2223,Lorient,2022-10-23 Troyes-Lorient,2022-10-23,Matchweek 12,Sun,Away,D,2,2,Troyes,2,20,5,25.0,0.1,0.4,20.4,0.0,0,0,1.4,1.4,0.07,0.6,0.6,15:00:00,/en/matches/58eb4a20/Troyes-Lorient-October-23-2022-Ligue-1
FRA-Ligue 1,2223,Lorient,2022-10-30 Lorient-Nice,2022-10-30,Matchweek 13,Sun,Home,L,1,2,Nice,1,14,7,50.0,0.07,0.14,14.9,0.0,0,0,1.8,1.8,0.13,-0.8,-0.8,17:05:00,/en/matches/b3909991/Lorient-Nice-October-30-2022-Ligue-1
FRA-Ligue 1,2223,Lorient,2022-11-06 Lorient-Paris S-G,2022-11-06,Matchweek 14,Sun,Home,L,1,2,Paris S-G,1,9,2,22.2,0.11,0.5,17.8,1.0,0,0,0.8,0.8,0.09,0.2,0.2,13:00:00,/en/matches/62986726/Lorient-Paris-Saint-Germain-November-6-2022-Ligue-1
FRA-Ligue 1,2223,Lorient,2022-11-13 Strasbourg-Lorient,2022-11-13,Matchweek 15,Sun,Away,D,1,1,Strasbourg,1,6,2,33.3,0.17,0.5,17.6,0.0,0,0,0.5,0.5,0.09,0.5,0.5,17:05:00,/en/matches/d02cfa28/Strasbourg-Lorient-November-13-2022-Ligue-1
FRA-Ligue 1,2223,Lorient,2022-12-29 Lorient-Montpellier,2022-12-29,Matchweek 16,Thu,Home,L,0,2,Montpellier,0,12,4,33.3,0.0,0.0,15.9,1.0,0,0,1.0,1.0,0.09,-1.0,-1.0,17:00:00,/en/matches/3f005cc1/Lorient-Montpellier-December-29-2022-Ligue-1
FRA-Ligue 1,2223,Lorient,2023-01-01 Angers-Lorient,2023-01-01,Matchweek 17,Sun,Away,W,2,1,Angers,1,10,5,50.0,0.1,0.2,16.9,0.0,0,0,0.6,0.6,0.06,0.4,0.4,15:00:00,/en/matches/cff615b4/Angers-Lorient-January-1-2023-Ligue-1
FRA-Ligue 1,2223,Lorient,2023-01-11 Lorient-Monaco,2023-01-11,Matchweek 18,Wed,Home,D,2,2,Monaco,2,8,6,75.0,0.25,0.33,17.2,0.0,0,0,1.3,1.3,0.16,0.7,0.7,21:00:00,/en/matches/a1b8e89a/Lorient-Monaco-January-11-2023-Ligue-1
FRA-Ligue 1,2223,Lorient,2023-01-14 Marseille-Lorient,2023-01-14,Matchweek 19,Sat,Away,L,1,3,Marseille,1,11,3,27.3,0.09,0.33,19.4,0.0,0,0,0.5,0.5,0.05,0.5,0.5,19:00:00,/en/matches/d95f972f/Marseille-Lorient-January-14-2023-Ligue-1
FRA-Ligue 1,2223,Lorient,2023-01-27 Lorient-Rennes,2023-01-27,Matchweek 20,Fri,Home,W,2,1,Rennes,2,4,4,100.0,0.5,0.5,15.8,0.0,0,0,0.9,0.9,0.23,1.1,1.1,21:00:00,/en/matches/b1b646a8/Lorient-Rennes-January-27-2023-Ligue-1
FRA-Ligue 1,2223,Lorient,2023-02-01 Reims-Lorient,2023-02-01,Matchweek 21,Wed,Away,L,2,4,Reims,2,12,5,41.7,0.17,0.4,16.3,0.0,0,0,0.6,0.6,0.05,1.4,1.4,19:00:00,/en/matches/e7ec4d4b/Reims-Lorient-February-1-2023-Ligue-1
FRA-Ligue 1,2223,Lorient,2023-02-05 Lorient-Angers,2023-02-05,Matchweek 22,Sun,Home,D,0,0,Angers,0,13,2,15.4,0.0,0.0,18.0,0.0,0,0,1.0,1.0,0.08,-1.0,-1.0,15:00:00,/en/matches/4f77b00e/Lorient-Angers-February-5-2023-Ligue-1
FRA-Ligue 1,2223,Lorient,2023-02-12 Nantes-Lorient,2023-02-12,Matchweek 23,Sun,Away,L,0,1,Nantes,0,9,4,44.4,0.0,0.0,16.9,0.0,0,0,1.1,1.1,0.12,-1.1,-1.1,17:05:00,/en/matches/f9f4ca12/Nantes-Lorient-February-12-2023-Ligue-1
FRA-Ligue 1,2223,Lorient,2023-02-19 Lorient-Ajaccio,2023-02-19,Matchweek 24,Sun,Home,W,3,0,Ajaccio,3,9,5,55.6,0.22,0.4,14.4,0.0,1,1,2.5,1.7,0.2,0.5,0.3,15:00:00,/en/matches/9a73c114/Lorient-Ajaccio-February-19-2023-Ligue-1
FRA-Ligue 1,2223,Lorient,2023-02-26 Lorient-Auxerre,2023-02-26,Matchweek 25,Sun,Home,L,0,1,Auxerre,0,18,4,22.2,0.0,0.0,17.6,0.0,0,0,1.5,1.5,0.08,-1.5,-1.5,13:00:00,/en/matches/f9f72ca1/Lorient-Auxerre-February-26-2023-Ligue-1
FRA-Ligue 1,2223,Lorient,2023-03-05 Lyon-Lorient,2023-03-05,Matchweek 26,Sun,Away,D,0,0,Lyon,0,11,1,9.1,0.0,0.0,20.1,1.0,0,0,1.0,1.0,0.09,-1.0,-1.0,17:05:00,/en/matches/1eadec4f/Lyon-Lorient-March-5-2023-Ligue-1
FRA-Ligue 1,2223,Lorient,2023-03-12 Lorient-Troyes,2023-03-12,Matchweek 27,Sun,Home,W,2,0,Troyes,2,16,6,37.5,0.13,0.33,17.5,1.0,0,0,1.9,1.9,0.12,0.1,0.1,15:00:00,/en/matches/11eab67b/Lorient-Troyes-March-12-2023-Ligue-1
FRA-Ligue 1,2223,Lorient,2023-03-19 Nice-Lorient,2023-03-19,Matchweek 28,Sun,Away,D,1,1,Nice,1,9,3,33.3,0.11,0.33,18.3,0.0,0,0,0.7,0.7,0.08,0.3,0.3,15:00:00,/en/matches/76197bfd/Nice-Lorient-March-19-2023-Ligue-1
FRA-Ligue 1,2223,Lorient,2023-04-02 Lille-Lorient,2023-04-02,Matchweek 29,Sun,Away,L,1,3,Lille,1,2,1,50.0,0.5,1.0,17.1,0.0,0,0,0.2,0.2,0.08,0.8,0.8,13:00:00,/en/matches/e3ec27ec/Lille-Lorient-April-2-2023-Ligue-1
FRA-Ligue 1,2223,Lorient,2023-04-09 Lorient-Marseille,2023-04-09,Matchweek 30,Sun,Home,D,0,0,Marseille,0,9,5,55.6,0.0,0.0,20.1,0.0,0,0,0.4,0.4,0.05,-0.4,-0.4,20:45:00,/en/matches/ae59b2e1/Lorient-Marseille-April-9-2023-Ligue-1
FRA-Ligue 1,2223,Lorient,2023-04-16 Monaco-Lorient,2023-04-16,Matchweek 31,Sun,Away,L,1,3,Monaco,1,6,3,50.0,0.0,0.0,22.5,0.0,1,1,1.1,0.4,0.06,-0.1,-0.4,17:05:00,/en/matches/fbddfac1/Monaco-Lorient-April-16-2023-Ligue-1
FRA-Ligue 1,2223,Lorient,2023-04-23 Lorient-Toulouse,2023-04-23,Matchweek 32,Sun,Home,L,0,1,Toulouse,0,9,1,11.1,0.0,0.0,19.8,0.0,0,0,0.6,0.6,0.06,-0.6,-0.6,15:00:00,/en/matches/b1552b3c/Lorient-Toulouse-April-23-2023-Ligue-1
FRA-Ligue 1,2223,Lorient,2023-04-30 Paris S-G-Lorient,2023-04-30,Matchweek 33,Sun,Away,W,3,1,Paris S-G,3,14,7,50.0,0.21,0.43,17.6,0.0,0,0,2.9,2.9,0.25,0.1,0.1,17:05:00,/en/matches/ca98474e/Paris-Saint-Germain-Lorient-April-30-2023-Ligue-1
FRA-Ligue 1,2223,Lorient,2023-05-07 Lorient-Brest,2023-05-07,Matchweek 34,Sun,Home,W,2,1,Brest,2,6,3,50.0,0.33,0.67,14.2,0.0,0,0,1.0,1.0,0.17,1.0,1.0,15:00:00,/en/matches/676c3a0e/Lorient-Brest-May-7-2023-Ligue-1
FRA-Ligue 1,2223,Lorient,2023-05-14 Montpellier-Lorient,2023-05-14,Matchweek 35,Sun,Away,D,1,1,Montpellier,1,11,3,27.3,0.09,0.33,19.4,1.0,0,0,0.6,0.6,0.05,0.4,0.4,15:00:00,/en/matches/1df43c24/Montpellier-Lorient-May-14-2023-Ligue-1
FRA-Ligue 1,2223,Lorient,2023-05-21 Lorient-Lens,2023-05-21,Matchweek 36,Sun,Home,L,1,3,Lens,1,13,5,38.5,0.08,0.2,16.5,0.0,0,0,1.3,1.3,0.1,-0.3,-0.3,17:05:00,/en/matches/123cfb3a/Lorient-Lens-May-21-2023-Ligue-1
FRA-Ligue 1,2223,Lorient,2023-05-27 Clermont Foot-Lorient,2023-05-27,Matchweek 37,Sat,Away,L,0,2,Clermont Foot,0,5,0,0.0,0.0,,20.2,0.0,0,1,1.1,0.3,0.07,-1.1,-0.3,21:00:00,/en/matches/970c061a/Clermont-Foot-Lorient-May-27-2023-Ligue-1
FRA-Ligue 1,2223,Lorient,2023-06-03 Lorient-Strasbourg,2023-06-03,Matchweek 38,Sat,Home,W,2,1,Strasbourg,2,5,3,60.0,0.4,0.67,15.0,0.0,0,0,0.5,0.5,0.09,1.5,1.5,21:00:00,/en/matches/a744a9bd/Lorient-Strasbourg-June-3-2023-Ligue-1
FRA-Ligue 1,2223,Lyon,2022-08-05 Lyon-Ajaccio,2022-08-05,Matchweek 1,Fri,Home,W,2,1,Ajaccio,2,10,5,50.0,0.1,0.2,23.3,0.0,1,1,1.3,0.5,0.05,0.7,0.5,21:00:00,/en/matches/47ab569b/Lyon-Ajaccio-August-5-2022-Ligue-1
FRA-Ligue 1,2223,Lyon,2022-08-19 Lyon-Troyes,2022-08-19,Matchweek 3,Fri,Home,W,4,1,Troyes,4,16,8,50.0,0.25,0.5,13.0,0.0,0,0,2.6,2.6,0.17,1.4,1.4,21:00:00,/en/matches/a1baf3a5/Lyon-Troyes-August-19-2022-Ligue-1
FRA-Ligue 1,2223,Lyon,2022-08-28 Reims-Lyon,2022-08-28,Matchweek 4,Sun,Away,D,1,1,Reims,1,18,5,27.8,0.06,0.2,19.6,1.0,0,0,1.1,1.1,0.06,-0.1,-0.1,17:05:00,/en/matches/daa723a9/Reims-Lyon-August-28-2022-Ligue-1
FRA-Ligue 1,2223,Lyon,2022-08-31 Lyon-Auxerre,2022-08-31,Matchweek 5,Wed,Home,W,2,1,Auxerre,2,20,7,35.0,0.1,0.29,16.5,0.0,0,0,2.6,2.6,0.13,-0.6,-0.6,19:00:00,/en/matches/d4cde1d6/Lyon-Auxerre-August-31-2022-Ligue-1
FRA-Ligue 1,2223,Lyon,2022-09-03 Lyon-Angers,2022-09-03,Matchweek 6,Sat,Home,W,5,0,Angers,5,16,9,56.3,0.31,0.56,17.6,1.0,0,0,1.4,1.4,0.09,3.6,3.6,19:00:00,/en/matches/fb645562/Lyon-Angers-September-3-2022-Ligue-1
FRA-Ligue 1,2223,Lyon,2022-09-07 Lorient-Lyon,2022-09-07,Matchweek 2,Wed,Away,L,1,3,Lorient,1,15,7,46.7,0.07,0.14,14.7,1.0,0,0,2.2,2.2,0.15,-1.2,-1.2,19:00:00,/en/matches/9bb1f204/Lorient-Lyon-September-7-2022-Ligue-1
FRA-Ligue 1,2223,Lyon,2022-09-11 Monaco-Lyon,2022-09-11,Matchweek 7,Sun,Away,L,1,2,Monaco,1,20,6,30.0,0.05,0.17,15.5,0.0,0,0,2.0,2.0,0.1,-1.0,-1.0,20:45:00,/en/matches/425472f5/Monaco-Lyon-September-11-2022-Ligue-1
FRA-Ligue 1,2223,Lyon,2022-09-18 Lyon-Paris S-G,2022-09-18,Matchweek 8,Sun,Home,L,0,1,Paris S-G,0,12,3,25.0,0.0,0.0,14.3,0.0,0,0,1.0,1.0,0.08,-1.0,-1.0,20:45:00,/en/matches/57d4d43d/Lyon-Paris-Saint-Germain-September-18-2022-Ligue-1
FRA-Ligue 1,2223,Lyon,2022-10-02 Lens-Lyon,2022-10-02,Matchweek 9,Sun,Away,L,0,1,Lens,0,4,0,0.0,0.0,,24.5,0.0,0,0,0.1,0.1,0.03,-0.1,-0.1,20:45:00,/en/matches/ea3fd79a/Lens-Lyon-October-2-2022-Ligue-1
FRA-Ligue 1,2223,Lyon,2022-10-07 Lyon-Toulouse,2022-10-07,Matchweek 10,Fri,Home,D,1,1,Toulouse,1,19,8,42.1,0.05,0.13,20.8,1.0,0,0,1.4,1.4,0.07,-0.4,-0.4,21:00:00,/en/matches/3e063ecd/Lyon-Toulouse-October-7-2022-Ligue-1
FRA-Ligue 1,2223,Lyon,2022-10-16 Rennes-Lyon,2022-10-16,Matchweek 11,Sun,Away,L,2,3,Rennes,2,7,5,71.4,0.29,0.4,14.2,0.0,0,0,1.1,1.1,0.15,0.9,0.9,15:00:00,/en/matches/62b68f87/Rennes-Lyon-October-16-2022-Ligue-1
FRA-Ligue 1,2223,Lyon,2022-10-22 Montpellier-Lyon,2022-10-22,Matchweek 12,Sat,Away,W,2,1,Montpellier,2,21,10,47.6,0.1,0.2,15.2,1.0,0,0,2.7,2.7,0.13,-0.7,-0.7,17:00:00,/en/matches/cc602d55/Montpellier-Lyon-October-22-2022-Ligue-1
FRA-Ligue 1,2223,Lyon,2022-10-30 Lyon-Lille,2022-10-30,Matchweek 13,Sun,Home,W,1,0,Lille,1,6,3,50.0,0.17,0.33,15.9,0.0,0,0,1.6,1.6,0.26,-0.6,-0.6,20:45:00,/en/matches/55897a3f/Lyon-Lille-October-30-2022-Ligue-1
FRA-Ligue 1,2223,Lyon,2022-11-06 Marseille-Lyon,2022-11-06,Matchweek 14,Sun,Away,L,0,1,Marseille,0,11,4,36.4,0.0,0.0,18.1,1.0,0,0,0.9,0.9,0.08,-0.9,-0.9,20:45:00,/en/matches/bfdebdac/Choc-des-Olympiques-Marseille-Lyon-November-6-2022-Ligue-1
FRA-Ligue 1,2223,Lyon,2022-11-11 Lyon-Nice,2022-11-11,Matchweek 15,Fri,Home,D,1,1,Nice,1,8,2,25.0,0.0,0.0,22.5,0.0,1,1,1.3,0.5,0.06,-0.3,-0.5,21:00:00,/en/matches/e805986b/Lyon-Nice-November-11-2022-Ligue-1
FRA-Ligue 1,2223,Lyon,2022-12-28 Brest-Lyon,2022-12-28,Matchweek 16,Wed,Away,W,4,2,Brest,4,16,8,50.0,0.19,0.38,14.3,0.0,1,1,3.1,2.4,0.15,0.9,0.6,21:00:00,/en/matches/244b3b09/Brest-Lyon-December-28-2022-Ligue-1
FRA-Ligue 1,2223,Lyon,2023-01-01 Lyon-Clermont Foot,2023-01-01,Matchweek 17,Sun,Home,L,0,1,Clermont Foot,0,13,2,15.4,0.0,0.0,17.9,0.0,0,0,0.7,0.7,0.06,-0.7,-0.7,17:00:00,/en/matches/1e8f7f51/Lyon-Clermont-Foot-January-1-2023-Ligue-1
FRA-Ligue 1,2223,Lyon,2023-01-11 Nantes-Lyon,2023-01-11,Matchweek 18,Wed,Away,D,0,0,Nantes,0,10,6,60.0,0.0,0.0,21.4,2.0,0,0,0.5,0.5,0.05,-0.5,-0.5,19:00:00,/en/matches/b34687b5/Nantes-Lyon-January-11-2023-Ligue-1
FRA-Ligue 1,2223,Lyon,2023-01-14 Lyon-Strasbourg,2023-01-14,Matchweek 19,Sat,Home,L,1,2,Strasbourg,1,27,6,22.2,0.0,0.0,16.4,0.0,1,1,2.8,2.0,0.07,-1.8,-2.0,21:00:00,/en/matches/6016edce/Lyon-Strasbourg-January-14-2023-Ligue-1
FRA-Ligue 1,2223,Lyon,2023-01-29 Ajaccio-Lyon,2023-01-29,Matchweek 20,Sun,Away,W,2,0,Ajaccio,2,8,2,25.0,0.25,1.0,16.5,1.0,0,0,1.9,1.9,0.24,0.1,0.1,17:05:00,/en/matches/3b0e34f6/Ajaccio-Lyon-January-29-2023-Ligue-1
FRA-Ligue 1,2223,Lyon,2023-02-01 Lyon-Brest,2023-02-01,Matchweek 21,Wed,Home,D,0,0,Brest,0,28,8,28.6,0.0,0.0,15.0,2.0,0,0,2.5,2.5,0.09,-2.5,-2.5,21:00:00,/en/matches/0f1e8f16/Lyon-Brest-February-1-2023-Ligue-1
FRA-Ligue 1,2223,Lyon,2023-02-04 Troyes-Lyon,2023-02-04,Matchweek 22,Sat,Away,W,3,1,Troyes,3,10,6,60.0,0.3,0.5,14.2,0.0,0,0,0.8,0.8,0.08,2.2,2.2,19:00:00,/en/matches/774a8b12/Troyes-Lyon-February-4-2023-Ligue-1
FRA-Ligue 1,2223,Lyon,2023-02-12 Lyon-Lens,2023-02-12,Matchweek 23,Sun,Home,W,2,1,Lens,2,11,5,45.5,0.18,0.4,18.8,1.0,0,0,1.4,1.4,0.13,0.6,0.6,20:45:00,/en/matches/eb88e263/Lyon-Lens-February-12-2023-Ligue-1
FRA-Ligue 1,2223,Lyon,2023-02-17 Auxerre-Lyon,2023-02-17,Matchweek 24,Fri,Away,L,1,2,Auxerre,1,6,4,66.7,0.17,0.25,12.5,0.0,0,0,0.8,0.8,0.13,0.2,0.2,21:00:00,/en/matches/ab3c5cc9/Auxerre-Lyon-February-17-2023-Ligue-1
FRA-Ligue 1,2223,Lyon,2023-02-25 Angers-Lyon,2023-02-25,Matchweek 25,Sat,Away,W,3,1,Angers,3,7,5,71.4,0.43,0.6,17.3,1.0,0,0,1.1,1.1,0.16,1.9,1.9,17:00:00,/en/matches/ed761c34/Angers-Lyon-February-25-2023-Ligue-1
FRA-Ligue 1,2223,Lyon,2023-03-05 Lyon-Lorient,2023-03-05,Matchweek 26,Sun,Home,D,0,0,Lorient,0,17,5,29.4,0.0,0.0,14.9,1.0,0,0,2.2,2.2,0.13,-2.2,-2.2,17:05:00,/en/matches/1eadec4f/Lyon-Lorient-March-5-2023-Ligue-1
FRA-Ligue 1,2223,Lyon,2023-03-10 Lille-Lyon,2023-03-10,Matchweek 27,Fri,Away,D,3,3,Lille,3,6,5,83.3,0.5,0.6,14.0,0.0,0,0,0.8,0.8,0.14,2.2,2.2,21:00:00,/en/matches/2ec831ba/Lille-Lyon-March-10-2023-Ligue-1
FRA-Ligue 1,2223,Lyon,2023-03-17 Lyon-Nantes,2023-03-17,Matchweek 28,Fri,Home,D,1,1,Nantes,1,11,6,54.5,0.09,0.17,13.3,0.0,0,0,1.4,1.4,0.14,-0.4,-0.4,21:00:00,/en/matches/e42d16ce/Lyon-Nantes-March-17-2023-Ligue-1
FRA-Ligue 1,2223,Lyon,2023-04-02 Paris S-G-Lyon,2023-04-02,Matchweek 29,Sun,Away,W,1,0,Paris S-G,1,9,3,33.3,0.11,0.33,17.8,0.0,0,1,1.6,0.7,0.08,-0.6,0.3,20:45:00,/en/matches/37a61135/Paris-Saint-Germain-Lyon-April-2-2023-Ligue-1
FRA-Ligue 1,2223,Lyon,2023-04-09 Lyon-Rennes,2023-04-09,Matchweek 30,Sun,Home,W,3,1,Rennes,3,11,3,27.3,0.27,1.0,17.6,1.0,0,0,1.1,1.1,0.1,1.9,1.9,13:00:00,/en/matches/f258dab1/Lyon-Rennes-April-9-2023-Ligue-1
FRA-Ligue 1,2223,Lyon,2023-04-14 Toulouse-Lyon,2023-04-14,Matchweek 31,Fri,Away,W,2,1,Toulouse,1,13,2,15.4,0.0,0.0,16.9,0.0,1,1,2.3,1.5,0.12,-1.3,-1.5,21:00:00,/en/matches/fbcb2095/Toulouse-Lyon-April-14-2023-Ligue-1
FRA-Ligue 1,2223,Lyon,2023-04-23 Lyon-Marseille,2023-04-23,Matchweek 32,Sun,Home,L,1,2,Marseille,1,7,2,28.6,0.14,0.5,15.0,0.0,0,0,1.0,1.0,0.14,0.0,0.0,20:45:00,/en/matches/7408c40b/Choc-des-Olympiques-Lyon-Marseille-April-23-2023-Ligue-1
FRA-Ligue 1,2223,Lyon,2023-04-28 Strasbourg-Lyon,2023-04-28,Matchweek 33,Fri,Away,W,2,1,Strasbourg,2,7,4,57.1,0.29,0.5,15.2,0.0,0,0,0.8,0.8,0.11,1.2,1.2,21:00:00,/en/matches/7102beec/Strasbourg-Lyon-April-28-2023-Ligue-1
FRA-Ligue 1,2223,Lyon,2023-05-07 Lyon-Montpellier,2023-05-07,Matchweek 34,Sun,Home,W,5,4,Montpellier,5,15,7,46.7,0.27,0.57,14.1,1.0,1,1,2.9,2.1,0.14,2.1,1.9,17:05:00,/en/matches/f3f1adae/Lyon-Montpellier-May-7-2023-Ligue-1
FRA-Ligue 1,2223,Lyon,2023-05-14 Clermont Foot-Lyon,2023-05-14,Matchweek 35,Sun,Away,L,1,2,Clermont Foot,1,14,3,21.4,0.07,0.33,20.1,0.0,0,1,1.7,0.9,0.07,-0.7,0.1,13:00:00,/en/matches/a5b3557c/Clermont-Foot-Lyon-May-14-2023-Ligue-1
FRA-Ligue 1,2223,Lyon,2023-05-19 Lyon-Monaco,2023-05-19,Matchweek 36,Fri,Home,W,3,1,Monaco,3,23,11,47.8,0.13,0.27,17.6,0.0,0,0,2.1,2.1,0.09,0.9,0.9,21:00:00,/en/matches/364d3262/Lyon-Monaco-May-19-2023-Ligue-1
FRA-Ligue 1,2223,Lyon,2023-05-27 Lyon-Reims,2023-05-27,Matchweek 37,Sat,Home,W,3,0,Reims,2,23,7,30.4,0.09,0.29,19.1,2.0,0,0,2.6,2.6,0.12,-0.6,-0.6,21:00:00,/en/matches/27815d03/Lyon-Reims-May-27-2023-Ligue-1
FRA-Ligue 1,2223,Lyon,2023-06-03 Nice-Lyon,2023-06-03,Matchweek 38,Sat,Away,L,1,3,Nice,1,16,7,43.8,0.06,0.14,14.5,0.0,0,0,1.8,1.8,0.12,-0.8,-0.8,21:00:00,/en/matches/7cb0ddb9/Nice-Lyon-June-3-2023-Ligue-1
FRA-Ligue 1,2223,Marseille,2022-08-07 Marseille-Reims,2022-08-07,Matchweek 1,Sun,Home,W,4,1,Reims,3,16,6,37.5,0.19,0.5,13.8,0.0,0,0,2.1,2.1,0.14,0.9,0.9,20:45:00,/en/matches/534ab8ff/Marseille-Reims-August-7-2022-Ligue-1
FRA-Ligue 1,2223,Marseille,2022-08-14 Brest-Marseille,2022-08-14,Matchweek 2,Sun,Away,D,1,1,Brest,1,5,2,40.0,0.2,0.5,13.0,0.0,0,0,0.7,0.7,0.15,0.3,0.3,20:45:00,/en/matches/4a5a2571/Brest-Marseille-August-14-2022-Ligue-1
FRA-Ligue 1,2223,Marseille,2022-08-20 Marseille-Nantes,2022-08-20,Matchweek 3,Sat,Home,W,2,1,Nantes,1,16,5,31.3,0.06,0.2,16.9,0.0,0,0,1.1,1.1,0.07,-0.1,-0.1,21:00:00,/en/matches/44e18f81/Marseille-Nantes-August-20-2022-Ligue-1
FRA-Ligue 1,2223,Marseille,2022-08-28 Nice-Marseille,2022-08-28,Matchweek 4,Sun,Away,W,3,0,Nice,3,13,4,30.8,0.23,0.75,18.0,0.0,0,0,1.4,1.4,0.11,1.6,1.6,15:00:00,/en/matches/89258f8f/Nice-Marseille-August-28-2022-Ligue-1
FRA-Ligue 1,2223,Marseille,2022-08-31 Marseille-Clermont Foot,2022-08-31,Matchweek 5,Wed,Home,W,1,0,Clermont Foot,1,20,6,30.0,0.05,0.17,17.1,1.0,0,1,2.5,1.8,0.09,-1.5,-0.8,21:00:00,/en/matches/e703a3d2/Marseille-Clermont-Foot-August-31-2022-Ligue-1
FRA-Ligue 1,2223,Marseille,2022-09-03 Auxerre-Marseille,2022-09-03,Matchweek 6,Sat,Away,W,2,0,Auxerre,2,15,7,46.7,0.13,0.29,16.0,0.0,0,0,1.6,1.6,0.11,0.4,0.4,17:00:00,/en/matches/d9b1158b/Auxerre-Marseille-September-3-2022-Ligue-1
FRA-Ligue 1,2223,Marseille,2022-09-10 Marseille-Lille,2022-09-10,Matchweek 7,Sat,Home,W,2,1,Lille,2,14,6,42.9,0.14,0.33,18.0,0.0,0,0,2.2,2.2,0.16,-0.2,-0.2,21:00:00,/en/matches/762fd170/Marseille-Lille-September-10-2022-Ligue-1
FRA-Ligue 1,2223,Marseille,2022-09-18 Marseille-Rennes,2022-09-18,Matchweek 8,Sun,Home,D,1,1,Rennes,1,15,4,26.7,0.07,0.25,16.4,0.0,0,0,1.6,1.6,0.11,-0.6,-0.6,15:00:00,/en/matches/abf90423/Marseille-Rennes-September-18-2022-Ligue-1
FRA-Ligue 1,2223,Marseille,2022-09-30 Angers-Marseille,2022-09-30,Matchweek 9,Fri,Away,W,3,0,Angers,3,15,7,46.7,0.2,0.43,16.4,0.0,0,0,1.6,1.6,0.11,1.4,1.4,21:00:00,/en/matches/3c6ebbba/Angers-Marseille-September-30-2022-Ligue-1
FRA-Ligue 1,2223,Marseille,2022-10-08 Marseille-Ajaccio,2022-10-08,Matchweek 10,Sat,Home,L,1,2,Ajaccio,1,9,1,11.1,0.0,0.0,17.6,1.0,1,1,1.7,1.0,0.11,-0.7,-1.0,17:00:00,/en/matches/98ad4323/Marseille-Ajaccio-October-8-2022-Ligue-1
FRA-Ligue 1,2223,Marseille,2022-10-16 Paris S-G-Marseille,2022-10-16,Matchweek 11,Sun,Away,L,0,1,Paris S-G,0,18,7,38.9,0.0,0.0,19.9,0.0,0,0,1.2,1.2,0.07,-1.2,-1.2,20:45:00,/en/matches/818de37e/Paris-Saint-Germain-Marseille-October-16-2022-Ligue-1
FRA-Ligue 1,2223,Marseille,2022-10-22 Marseille-Lens,2022-10-22,Matchweek 12,Sat,Home,L,0,1,Lens,0,13,3,23.1,0.0,0.0,14.0,0.0,0,0,1.8,1.8,0.14,-1.8,-1.8,21:00:00,/en/matches/bad2cbdd/Marseille-Lens-October-22-2022-Ligue-1
FRA-Ligue 1,2223,Marseille,2022-10-29 Strasbourg-Marseille,2022-10-29,Matchweek 13,Sat,Away,D,2,2,Strasbourg,2,13,4,30.8,0.15,0.5,16.6,0.0,0,0,2.0,2.0,0.15,0.0,0.0,21:00:00,/en/matches/be8af29c/Strasbourg-Marseille-October-29-2022-Ligue-1
FRA-Ligue 1,2223,Marseille,2022-11-06 Marseille-Lyon,2022-11-06,Matchweek 14,Sun,Home,W,1,0,Lyon,1,6,2,33.3,0.17,0.5,13.9,0.0,0,0,0.8,0.8,0.13,0.2,0.2,20:45:00,/en/matches/bfdebdac/Choc-des-Olympiques-Marseille-Lyon-November-6-2022-Ligue-1
FRA-Ligue 1,2223,Marseille,2022-11-13 Monaco-Marseille,2022-11-13,Matchweek 15,Sun,Away,W,3,2,Monaco,3,11,3,27.3,0.27,1.0,14.3,1.0,0,0,1.9,1.9,0.17,1.1,1.1,20:45:00,/en/matches/d1097736/Monaco-Marseille-November-13-2022-Ligue-1
FRA-Ligue 1,2223,Marseille,2022-12-29 Marseille-Toulouse,2022-12-29,Matchweek 16,Thu,Home,W,6,1,Toulouse,5,12,6,50.0,0.33,0.67,16.5,0.0,1,1,2.6,1.8,0.15,2.4,2.2,21:00:00,/en/matches/34caf658/Marseille-Toulouse-December-29-2022-Ligue-1
FRA-Ligue 1,2223,Marseille,2023-01-02 Montpellier-Marseille,2023-01-02,Matchweek 17,Mon,Away,W,2,1,Montpellier,1,17,7,41.2,0.06,0.14,16.1,1.0,0,0,1.4,1.4,0.09,-0.4,-0.4,19:00:00,/en/matches/1083eac4/Montpellier-Marseille-January-2-2023-Ligue-1
FRA-Ligue 1,2223,Marseille,2023-01-11 Troyes-Marseille,2023-01-11,Matchweek 18,Wed,Away,W,2,0,Troyes,2,13,4,30.8,0.15,0.5,13.5,1.0,0,0,1.9,1.9,0.15,0.1,0.1,21:00:00,/en/matches/18500cfa/Troyes-Marseille-January-11-2023-Ligue-1
FRA-Ligue 1,2223,Marseille,2023-01-14 Marseille-Lorient,2023-01-14,Matchweek 19,Sat,Home,W,3,1,Lorient,3,15,7,46.7,0.2,0.43,13.7,0.0,0,0,2.2,2.2,0.15,0.8,0.8,19:00:00,/en/matches/d95f972f/Marseille-Lorient-January-14-2023-Ligue-1
FRA-Ligue 1,2223,Marseille,2023-01-28 Marseille-Monaco,2023-01-28,Matchweek 20,Sat,Home,D,1,1,Monaco,1,22,6,27.3,0.05,0.17,17.7,0.0,0,0,1.6,1.6,0.08,-0.6,-0.6,21:00:00,/en/matches/15d42ad7/Marseille-Monaco-January-28-2023-Ligue-1
FRA-Ligue 1,2223,Marseille,2023-02-01 Nantes-Marseille,2023-02-01,Matchweek 21,Wed,Away,W,2,0,Nantes,1,13,4,30.8,0.08,0.25,21.4,2.0,0,0,1.7,1.7,0.13,-0.7,-0.7,19:00:00,/en/matches/4bca4e32/Nantes-Marseille-February-1-2023-Ligue-1
FRA-Ligue 1,2223,Marseille,2023-02-05 Marseille-Nice,2023-02-05,Matchweek 22,Sun,Home,L,1,3,Nice,1,22,5,22.7,0.05,0.2,15.7,0.0,0,0,2.3,2.3,0.11,-1.3,-1.3,20:45:00,/en/matches/f901aa76/Marseille-Nice-February-5-2023-Ligue-1
FRA-Ligue 1,2223,Marseille,2023-02-11 Clermont Foot-Marseille,2023-02-11,Matchweek 23,Sat,Away,W,2,0,Clermont Foot,2,16,4,25.0,0.06,0.25,22.9,2.0,1,1,2.6,1.8,0.13,-0.6,-0.8,21:00:00,/en/matches/695a7394/Clermont-Foot-Marseille-February-11-2023-Ligue-1
FRA-Ligue 1,2223,Marseille,2023-02-19 Toulouse-Marseille,2023-02-19,Matchweek 24,Sun,Away,W,3,2,Toulouse,3,15,7,46.7,0.2,0.43,14.6,0.0,0,0,1.0,1.0,0.07,2.0,2.0,20:45:00,/en/matches/9d43f831/Toulouse-Marseille-February-19-2023-Ligue-1
FRA-Ligue 1,2223,Marseille,2023-02-26 Marseille-Paris S-G,2023-02-26,Matchweek 25,Sun,Home,L,0,3,Paris S-G,0,19,6,31.6,0.0,0.0,17.6,1.0,0,0,1.6,1.6,0.09,-1.6,-1.6,20:45:00,/en/matches/fe1e33e5/Marseille-Paris-Saint-Germain-February-26-2023-Ligue-1
FRA-Ligue 1,2223,Marseille,2023-03-05 Rennes-Marseille,2023-03-05,Matchweek 26,Sun,Away,W,1,0,Rennes,1,11,4,36.4,0.09,0.25,17.6,0.0,0,0,1.6,1.6,0.15,-0.6,-0.6,20:45:00,/en/matches/723f16d0/Rennes-Marseille-March-5-2023-Ligue-1
FRA-Ligue 1,2223,Marseille,2023-03-12 Marseille-Strasbourg,2023-03-12,Matchweek 27,Sun,Home,D,2,2,Strasbourg,2,6,3,50.0,0.17,0.33,22.7,2.0,1,1,1.6,0.8,0.13,0.4,0.2,20:45:00,/en/matches/5bd3872f/Marseille-Strasbourg-March-12-2023-Ligue-1
FRA-Ligue 1,2223,Marseille,2023-03-19 Reims-Marseille,2023-03-19,Matchweek 28,Sun,Away,W,2,1,Reims,2,12,5,41.7,0.17,0.4,19.6,2.0,0,0,1.2,1.2,0.1,0.8,0.8,20:45:00,/en/matches/0161e53d/Reims-Marseille-March-19-2023-Ligue-1
FRA-Ligue 1,2223,Marseille,2023-03-31 Marseille-Montpellier,2023-03-31,Matchweek 29,Fri,Home,D,1,1,Montpellier,1,12,1,8.3,0.0,0.0,20.9,0.0,1,1,1.3,0.7,0.06,-0.3,-0.7,21:00:00,/en/matches/0dd080e8/Marseille-Montpellier-March-31-2023-Ligue-1
FRA-Ligue 1,2223,Marseille,2023-04-09 Lorient-Marseille,2023-04-09,Matchweek 30,Sun,Away,D,0,0,Lorient,0,13,2,15.4,0.0,0.0,15.9,0.0,0,0,0.9,0.9,0.07,-0.9,-0.9,20:45:00,/en/matches/ae59b2e1/Lorient-Marseille-April-9-2023-Ligue-1
FRA-Ligue 1,2223,Marseille,2023-04-16 Marseille-Troyes,2023-04-16,Matchweek 31,Sun,Home,W,3,1,Troyes,3,28,6,21.4,0.11,0.5,15.4,0.0,0,0,3.7,3.7,0.14,-0.7,-0.7,20:45:00,/en/matches/51ec8961/Marseille-Troyes-April-16-2023-Ligue-1
FRA-Ligue 1,2223,Marseille,2023-04-23 Lyon-Marseille,2023-04-23,Matchweek 32,Sun,Away,W,2,1,Lyon,1,14,7,50.0,0.07,0.14,19.5,1.0,0,0,2.0,2.0,0.15,-1.0,-1.0,20:45:00,/en/matches/7408c40b/Choc-des-Olympiques-Lyon-Marseille-April-23-2023-Ligue-1
FRA-Ligue 1,2223,Marseille,2023-04-30 Marseille-Auxerre,2023-04-30,Matchweek 33,Sun,Home,W,2,1,Auxerre,2,25,4,16.0,0.08,0.5,13.2,0.0,0,0,2.6,2.6,0.11,-0.6,-0.6,20:45:00,/en/matches/fbb41c2a/Marseille-Auxerre-April-30-2023-Ligue-1
FRA-Ligue 1,2223,Marseille,2023-05-06 Lens-Marseille,2023-05-06,Matchweek 34,Sat,Away,L,1,2,Lens,1,14,3,21.4,0.07,0.33,16.5,0.0,0,0,1.3,1.3,0.09,-0.3,-0.3,21:00:00,/en/matches/4ef6a978/Lens-Marseille-May-6-2023-Ligue-1
FRA-Ligue 1,2223,Marseille,2023-05-14 Marseille-Angers,2023-05-14,Matchweek 35,Sun,Home,W,3,1,Angers,3,13,5,38.5,0.15,0.4,14.7,0.0,1,1,2.7,2.1,0.16,0.3,-0.1,20:45:00,/en/matches/01b6ff4d/Marseille-Angers-May-14-2023-Ligue-1
FRA-Ligue 1,2223,Marseille,2023-05-20 Lille-Marseille,2023-05-20,Matchweek 36,Sat,Away,L,1,2,Lille,1,8,3,37.5,0.13,0.33,16.3,0.0,0,0,0.7,0.7,0.09,0.3,0.3,21:00:00,/en/matches/a4506b32/Lille-Marseille-May-20-2023-Ligue-1
FRA-Ligue 1,2223,Marseille,2023-05-27 Marseille-Brest,2023-05-27,Matchweek 37,Sat,Home,L,1,2,Brest,1,10,4,40.0,0.1,0.25,13.4,0.0,0,0,1.1,1.1,0.11,-0.1,-0.1,21:00:00,/en/matches/f8507c38/Marseille-Brest-May-27-2023-Ligue-1
FRA-Ligue 1,2223,Marseille,2023-06-03 Ajaccio-Marseille,2023-06-03,Matchweek 38,Sat,Away,L,0,1,Ajaccio,0,17,3,17.6,0.0,0.0,18.5,1.0,0,0,1.4,1.4,0.08,-1.4,-1.4,21:00:00,/en/matches/2ca0b377/Ajaccio-Marseille-June-3-2023-Ligue-1
FRA-Ligue 1,2223,Monaco,2022-08-06 Strasbourg-Monaco,2022-08-06,Matchweek 1,Sat,Away,W,2,1,Strasbourg,2,24,11,45.8,0.08,0.18,15.7,1.0,0,0,2.8,2.8,0.12,-0.8,-0.8,17:00:00,/en/matches/b9e7f94c/Strasbourg-Monaco-August-6-2022-Ligue-1
FRA-Ligue 1,2223,Monaco,2022-08-13 Monaco-Rennes,2022-08-13,Matchweek 2,Sat,Home,D,1,1,Rennes,1,11,3,27.3,0.09,0.33,16.3,0.0,0,1,1.8,1.0,0.1,-0.8,0.0,17:00:00,/en/matches/86562a7e/Monaco-Rennes-August-13-2022-Ligue-1
FRA-Ligue 1,2223,Monaco,2022-08-20 Monaco-Lens,2022-08-20,Matchweek 3,Sat,Home,L,1,4,Lens,1,12,5,41.7,0.08,0.2,20.4,0.0,0,0,1.6,1.6,0.14,-0.6,-0.6,17:00:00,/en/matches/579dbb9f/Monaco-Lens-August-20-2022-Ligue-1
FRA-Ligue 1,2223,Monaco,2022-08-28 Paris S-G-Monaco,2022-08-28,Matchweek 4,Sun,Away,D,1,1,Paris S-G,1,4,3,75.0,0.25,0.33,24.5,1.0,0,0,1.2,1.2,0.3,-0.2,-0.2,20:45:00,/en/matches/6113a2a2/Paris-Saint-Germain-Monaco-August-28-2022-Ligue-1
FRA-Ligue 1,2223,Monaco,2022-08-31 Monaco-Troyes,2022-08-31,Matchweek 5,Wed,Home,L,2,4,Troyes,2,8,6,75.0,0.25,0.33,8.8,0.0,0,0,1.2,1.2,0.16,0.8,0.8,19:00:00,/en/matches/8b21a4d4/Monaco-Troyes-August-31-2022-Ligue-1
FRA-Ligue 1,2223,Monaco,2022-09-04 Nice-Monaco,2022-09-04,Matchweek 6,Sun,Away,W,1,0,Nice,1,14,2,14.3,0.07,0.5,22.1,0.0,0,0,1.1,1.1,0.08,-0.1,-0.1,20:45:00,/en/matches/cd865a2a/Nice-Monaco-September-4-2022-Ligue-1
FRA-Ligue 1,2223,Monaco,2022-09-11 Monaco-Lyon,2022-09-11,Matchweek 7,Sun,Home,W,2,1,Lyon,2,11,4,36.4,0.18,0.5,15.0,0.0,0,0,1.7,1.7,0.16,0.3,0.3,20:45:00,/en/matches/425472f5/Monaco-Lyon-September-11-2022-Ligue-1
FRA-Ligue 1,2223,Monaco,2022-09-18 Reims-Monaco,2022-09-18,Matchweek 8,Sun,Away,W,3,0,Reims,3,20,11,55.0,0.15,0.27,17.3,0.0,0,0,1.7,1.7,0.09,1.3,1.3,13:00:00,/en/matches/c6dee225/Reims-Monaco-September-18-2022-Ligue-1
FRA-Ligue 1,2223,Monaco,2022-10-02 Monaco-Nantes,2022-10-02,Matchweek 9,Sun,Home,W,4,1,Nantes,4,9,5,55.6,0.33,0.6,16.3,1.0,1,1,2.1,1.3,0.15,1.9,1.7,17:05:00,/en/matches/3f3b16cf/Monaco-Nantes-October-2-2022-Ligue-1
FRA-Ligue 1,2223,Monaco,2022-10-09 Montpellier-Monaco,2022-10-09,Matchweek 10,Sun,Away,W,2,0,Montpellier,2,11,7,63.6,0.18,0.29,20.6,2.0,0,0,1.2,1.2,0.11,0.8,0.8,13:00:00,/en/matches/1edc7eb2/Montpellier-Monaco-October-9-2022-Ligue-1
FRA-Ligue 1,2223,Monaco,2022-10-16 Monaco-Clermont Foot,2022-10-16,Matchweek 11,Sun,Home,D,1,1,Clermont Foot,1,5,3,60.0,0.2,0.33,21.5,0.0,0,1,1.1,0.2,0.04,-0.1,0.8,17:05:00,/en/matches/5e7b10f8/Monaco-Clermont-Foot-October-16-2022-Ligue-1
FRA-Ligue 1,2223,Monaco,2022-10-23 Lille-Monaco,2022-10-23,Matchweek 12,Sun,Away,L,3,4,Lille,3,9,6,66.7,0.33,0.5,16.2,1.0,0,0,1.1,1.1,0.13,1.9,1.9,20:45:00,/en/matches/e49e31dd/Lille-Monaco-October-23-2022-Ligue-1
FRA-Ligue 1,2223,Monaco,2022-10-30 Monaco-Angers,2022-10-30,Matchweek 13,Sun,Home,W,2,0,Angers,2,7,4,57.1,0.29,0.5,17.0,0.0,0,1,1.8,1.1,0.15,0.2,0.9,15:00:00,/en/matches/6d8a6a22/Monaco-Angers-October-30-2022-Ligue-1
FRA-Ligue 1,2223,Monaco,2022-11-06 Toulouse-Monaco,2022-11-06,Matchweek 14,Sun,Away,W,2,0,Toulouse,2,24,10,41.7,0.08,0.2,17.0,0.0,0,0,2.4,2.4,0.1,-0.4,-0.4,15:00:00,/en/matches/4c62ed91/Toulouse-Monaco-November-6-2022-Ligue-1
FRA-Ligue 1,2223,Monaco,2022-11-13 Monaco-Marseille,2022-11-13,Matchweek 15,Sun,Home,L,2,3,Marseille,2,10,5,50.0,0.1,0.2,22.8,0.0,1,1,2.0,1.2,0.12,0.0,-0.2,20:45:00,/en/matches/d1097736/Monaco-Marseille-November-13-2022-Ligue-1
FRA-Ligue 1,2223,Monaco,2022-12-28 Auxerre-Monaco,2022-12-28,Matchweek 16,Wed,Away,W,3,2,Auxerre,3,5,2,40.0,0.4,1.0,19.4,1.0,1,1,1.3,0.5,0.11,1.7,1.5,17:00:00,/en/matches/d5b35d85/Auxerre-Monaco-December-28-2022-Ligue-1
FRA-Ligue 1,2223,Monaco,2023-01-01 Monaco-Brest,2023-01-01,Matchweek 17,Sun,Home,W,1,0,Brest,1,17,5,29.4,0.06,0.2,17.9,0.0,0,0,1.4,1.4,0.08,-0.4,-0.4,15:00:00,/en/matches/4cec22bb/Monaco-Brest-January-1-2023-Ligue-1
FRA-Ligue 1,2223,Monaco,2023-01-11 Lorient-Monaco,2023-01-11,Matchweek 18,Wed,Away,D,2,2,Lorient,2,16,4,25.0,0.13,0.5,15.4,0.0,0,0,1.8,1.8,0.11,0.2,0.2,21:00:00,/en/matches/a1b8e89a/Lorient-Monaco-January-11-2023-Ligue-1
FRA-Ligue 1,2223,Monaco,2023-01-15 Monaco-Ajaccio,2023-01-15,Matchweek 19,Sun,Home,W,7,1,Ajaccio,7,10,7,70.0,0.6,0.86,11.4,0.0,1,1,3.7,3.0,0.3,3.3,3.0,17:05:00,/en/matches/74dc1c48/Monaco-Ajaccio-January-15-2023-Ligue-1
FRA-Ligue 1,2223,Monaco,2023-01-28 Marseille-Monaco,2023-01-28,Matchweek 20,Sat,Away,D,1,1,Marseille,0,11,4,36.4,0.0,0.0,15.5,0.0,0,0,1.5,1.5,0.14,-1.5,-1.5,21:00:00,/en/matches/15d42ad7/Marseille-Monaco-January-28-2023-Ligue-1
FRA-Ligue 1,2223,Monaco,2023-02-01 Monaco-Auxerre,2023-02-01,Matchweek 21,Wed,Home,W,3,2,Auxerre,3,16,6,37.5,0.19,0.5,19.2,1.0,0,0,1.2,1.2,0.08,1.8,1.8,21:00:00,/en/matches/7bb26754/Monaco-Auxerre-February-1-2023-Ligue-1
FRA-Ligue 1,2223,Monaco,2023-02-05 Clermont Foot-Monaco,2023-02-05,Matchweek 22,Sun,Away,W,2,0,Clermont Foot,2,14,5,35.7,0.14,0.4,17.9,0.0,0,0,1.4,1.4,0.1,0.6,0.6,13:00:00,/en/matches/46fb274a/Clermont-Foot-Monaco-February-5-2023-Ligue-1
FRA-Ligue 1,2223,Monaco,2023-02-11 Monaco-Paris S-G,2023-02-11,Matchweek 23,Sat,Home,W,3,1,Paris S-G,3,19,9,47.4,0.16,0.33,12.9,0.0,0,0,2.9,2.9,0.15,0.1,0.1,17:00:00,/en/matches/72eb59cf/Monaco-Paris-Saint-Germain-February-11-2023-Ligue-1
FRA-Ligue 1,2223,Monaco,2023-02-19 Brest-Monaco,2023-02-19,Matchweek 24,Sun,Away,W,2,1,Brest,2,9,3,33.3,0.22,0.67,19.8,0.0,0,0,1.5,1.5,0.17,0.5,0.5,15:00:00,/en/matches/dc325f14/Brest-Monaco-February-19-2023-Ligue-1
FRA-Ligue 1,2223,Monaco,2023-02-26 Monaco-Nice,2023-02-26,Matchweek 25,Sun,Home,L,0,3,Nice,0,15,4,26.7,0.0,0.0,20.4,0.0,0,0,1.0,1.0,0.07,-1.0,-1.0,17:05:00,/en/matches/e8389ab5/Monaco-Nice-February-26-2023-Ligue-1
FRA-Ligue 1,2223,Monaco,2023-03-05 Troyes-Monaco,2023-03-05,Matchweek 26,Sun,Away,D,2,2,Troyes,2,17,4,23.5,0.12,0.5,14.4,0.0,0,0,3.0,3.0,0.18,-1.0,-1.0,13:00:00,/en/matches/ae83643a/Troyes-Monaco-March-5-2023-Ligue-1
FRA-Ligue 1,2223,Monaco,2023-03-12 Monaco-Reims,2023-03-12,Matchweek 27,Sun,Home,L,0,1,Reims,0,14,3,21.4,0.0,0.0,15.5,0.0,0,0,0.9,0.9,0.07,-0.9,-0.9,17:05:00,/en/matches/65c9aaa1/Monaco-Reims-March-12-2023-Ligue-1
FRA-Ligue 1,2223,Monaco,2023-03-19 Ajaccio-Monaco,2023-03-19,Matchweek 28,Sun,Away,W,2,0,Ajaccio,2,8,4,50.0,0.25,0.5,16.6,0.0,0,0,1.1,1.1,0.16,0.9,0.9,13:00:00,/en/matches/9a21157d/Ajaccio-Monaco-March-19-2023-Ligue-1
FRA-Ligue 1,2223,Monaco,2023-04-02 Monaco-Strasbourg,2023-04-02,Matchweek 29,Sun,Home,W,4,3,Strasbourg,4,9,6,66.7,0.44,0.67,13.2,0.0,0,0,1.4,1.4,0.15,2.6,2.6,17:05:00,/en/matches/87a8aadf/Monaco-Strasbourg-April-2-2023-Ligue-1
FRA-Ligue 1,2223,Monaco,2023-04-09 Nantes-Monaco,2023-04-09,Matchweek 30,Sun,Away,D,2,2,Nantes,2,16,9,56.3,0.13,0.22,14.3,0.0,0,0,1.3,1.3,0.08,0.7,0.7,17:05:00,/en/matches/ac1324cc/Nantes-Monaco-April-9-2023-Ligue-1
FRA-Ligue 1,2223,Monaco,2023-04-16 Monaco-Lorient,2023-04-16,Matchweek 31,Sun,Home,W,3,1,Lorient,3,11,6,54.5,0.27,0.5,15.0,0.0,0,0,1.9,1.9,0.18,1.1,1.1,17:05:00,/en/matches/fbddfac1/Monaco-Lorient-April-16-2023-Ligue-1
FRA-Ligue 1,2223,Monaco,2023-04-22 Lens-Monaco,2023-04-22,Matchweek 32,Sat,Away,L,0,3,Lens,0,11,4,36.4,0.0,0.0,16.5,0.0,0,0,1.6,1.6,0.15,-1.6,-1.6,21:00:00,/en/matches/0095e758/Lens-Monaco-April-22-2023-Ligue-1
FRA-Ligue 1,2223,Monaco,2023-04-30 Monaco-Montpellier,2023-04-30,Matchweek 33,Sun,Home,L,0,4,Montpellier,0,7,4,57.1,0.0,0.0,17.3,1.0,0,0,1.1,1.1,0.16,-1.1,-1.1,13:00:00,/en/matches/ae23a815/Monaco-Montpellier-April-30-2023-Ligue-1
FRA-Ligue 1,2223,Monaco,2023-05-07 Angers-Monaco,2023-05-07,Matchweek 34,Sun,Away,W,2,1,Angers,2,14,6,42.9,0.14,0.33,19.0,0.0,0,0,2.1,2.1,0.15,-0.1,-0.1,13:00:00,/en/matches/353a0635/Angers-Monaco-May-7-2023-Ligue-1
FRA-Ligue 1,2223,Monaco,2023-05-14 Monaco-Lille,2023-05-14,Matchweek 35,Sun,Home,D,0,0,Lille,0,8,1,12.5,0.0,0.0,17.1,0.0,0,0,0.7,0.7,0.09,-0.7,-0.7,17:05:00,/en/matches/1609eed7/Monaco-Lille-May-14-2023-Ligue-1
FRA-Ligue 1,2223,Monaco,2023-05-19 Lyon-Monaco,2023-05-19,Matchweek 36,Fri,Away,L,1,3,Lyon,1,14,8,57.1,0.0,0.0,16.8,0.0,1,1,1.8,1.0,0.07,-0.8,-1.0,21:00:00,/en/matches/364d3262/Lyon-Monaco-May-19-2023-Ligue-1
FRA-Ligue 1,2223,Monaco,2023-05-27 Rennes-Monaco,2023-05-27,Matchweek 37,Sat,Away,L,0,2,Rennes,0,11,3,27.3,0.0,0.0,19.6,1.0,0,0,0.5,0.5,0.05,-0.5,-0.5,21:00:00,/en/matches/25f4ccfb/Rennes-Monaco-May-27-2023-Ligue-1
FRA-Ligue 1,2223,Monaco,2023-06-03 Monaco-Toulouse,2023-06-03,Matchweek 38,Sat,Home,L,1,2,Toulouse,1,19,7,36.8,0.05,0.14,17.5,0.0,0,0,2.2,2.2,0.13,-1.2,-1.2,21:00:00,/en/matches/206cb494/Monaco-Toulouse-June-3-2023-Ligue-1
FRA-Ligue 1,2223,Montpellier,2022-08-07 Montpellier-Troyes,2022-08-07,Matchweek 1,Sun,Home,W,3,2,Troyes,3,17,6,35.3,0.18,0.5,20.3,0.0,0,0,1.7,1.7,0.1,1.3,1.3,15:00:00,/en/matches/e3e9b9b5/Montpellier-Troyes-August-7-2022-Ligue-1
FRA-Ligue 1,2223,Montpellier,2022-08-13 Paris S-G-Montpellier,2022-08-13,Matchweek 2,Sat,Away,L,2,5,Paris S-G,2,7,4,57.1,0.29,0.5,30.5,0.0,0,0,0.9,0.9,0.13,1.1,1.1,21:00:00,/en/matches/63a572a1/Paris-Saint-Germain-Montpellier-August-13-2022-Ligue-1
FRA-Ligue 1,2223,Montpellier,2022-08-21 Montpellier-Auxerre,2022-08-21,Matchweek 3,Sun,Home,L,1,2,Auxerre,1,13,7,53.8,0.08,0.14,18.5,0.0,0,0,1.0,1.0,0.08,0.0,0.0,15:00:00,/en/matches/05d493df/Montpellier-Auxerre-August-21-2022-Ligue-1
FRA-Ligue 1,2223,Montpellier,2022-08-28 Brest-Montpellier,2022-08-28,Matchweek 4,Sun,Away,W,7,0,Brest,7,14,8,57.1,0.5,0.88,11.8,0.0,0,0,2.5,2.5,0.19,4.5,4.5,15:00:00,/en/matches/1c7d2241/Brest-Montpellier-August-28-2022-Ligue-1
FRA-Ligue 1,2223,Montpellier,2022-08-31 Montpellier-Ajaccio,2022-08-31,Matchweek 5,Wed,Home,W,2,0,Ajaccio,2,9,4,44.4,0.22,0.5,15.6,1.0,0,0,1.7,1.7,0.19,0.3,0.3,19:00:00,/en/matches/f80ee3a3/Montpellier-Ajaccio-August-31-2022-Ligue-1
FRA-Ligue 1,2223,Montpellier,2022-09-04 Montpellier-Lille,2022-09-04,Matchweek 6,Sun,Home,L,1,3,Lille,1,4,1,25.0,0.25,1.0,19.6,2.0,0,0,0.5,0.5,0.12,0.5,0.5,13:00:00,/en/matches/d61a03a9/Montpellier-Lille-September-4-2022-Ligue-1
FRA-Ligue 1,2223,Montpellier,2022-09-11 Angers-Montpellier,2022-09-11,Matchweek 7,Sun,Away,L,1,2,Angers,1,7,2,28.6,0.14,0.5,13.2,0.0,0,0,0.7,0.7,0.1,0.3,0.3,15:00:00,/en/matches/37884357/Angers-Montpellier-September-11-2022-Ligue-1
FRA-Ligue 1,2223,Montpellier,2022-09-17 Montpellier-Strasbourg,2022-09-17,Matchweek 8,Sat,Home,W,2,1,Strasbourg,2,9,3,33.3,0.11,0.33,16.4,0.0,1,1,1.8,1.0,0.11,0.2,0.0,17:00:00,/en/matches/ea79c10f/Montpellier-Strasbourg-September-17-2022-Ligue-1
FRA-Ligue 1,2223,Montpellier,2022-10-02 Toulouse-Montpellier,2022-10-02,Matchweek 9,Sun,Away,L,2,4,Toulouse,2,23,5,21.7,0.09,0.4,21.4,3.0,0,0,1.2,1.2,0.05,0.8,0.8,15:00:00,/en/matches/b53830d8/Toulouse-Montpellier-October-2-2022-Ligue-1
FRA-Ligue 1,2223,Montpellier,2022-10-09 Montpellier-Monaco,2022-10-09,Matchweek 10,Sun,Home,L,0,2,Monaco,0,11,1,9.1,0.0,0.0,16.2,1.0,0,0,0.7,0.7,0.07,-0.7,-0.7,13:00:00,/en/matches/1edc7eb2/Montpellier-Monaco-October-9-2022-Ligue-1
FRA-Ligue 1,2223,Montpellier,2022-10-15 Lens-Montpellier,2022-10-15,Matchweek 11,Sat,Away,L,0,1,Lens,0,8,1,12.5,0.0,0.0,18.1,0.0,0,0,0.7,0.7,0.1,-0.7,-0.7,21:00:00,/en/matches/7e2d7c1e/Lens-Montpellier-October-15-2022-Ligue-1
FRA-Ligue 1,2223,Montpellier,2022-10-22 Montpellier-Lyon,2022-10-22,Matchweek 12,Sat,Home,L,1,2,Lyon,1,10,4,40.0,0.1,0.25,16.6,0.0,0,0,1.1,1.1,0.12,-0.1,-0.1,17:00:00,/en/matches/cc602d55/Montpellier-Lyon-October-22-2022-Ligue-1
FRA-Ligue 1,2223,Montpellier,2022-10-30 Rennes-Montpellier,2022-10-30,Matchweek 13,Sun,Away,L,0,3,Rennes,0,8,3,37.5,0.0,0.0,21.5,1.0,0,0,0.9,0.9,0.11,-0.9,-0.9,15:00:00,/en/matches/5a0894db/Rennes-Montpellier-October-30-2022-Ligue-1
FRA-Ligue 1,2223,Montpellier,2022-11-06 Clermont Foot-Montpellier,2022-11-06,Matchweek 14,Sun,Away,D,1,1,Clermont Foot,1,6,2,33.3,0.0,0.0,26.3,0.0,1,1,1.2,0.4,0.06,-0.2,-0.4,15:00:00,/en/matches/ce3a7987/Clermont-Foot-Montpellier-November-6-2022-Ligue-1
FRA-Ligue 1,2223,Montpellier,2022-11-13 Montpellier-Reims,2022-11-13,Matchweek 15,Sun,Home,D,1,1,Reims,1,16,8,50.0,0.06,0.13,17.4,0.0,0,0,1.7,1.7,0.11,-0.7,-0.7,15:00:00,/en/matches/7927c5f9/Montpellier-Reims-November-13-2022-Ligue-1
FRA-Ligue 1,2223,Montpellier,2022-12-29 Lorient-Montpellier,2022-12-29,Matchweek 16,Thu,Away,W,2,0,Lorient,2,14,6,42.9,0.14,0.33,17.5,1.0,0,0,1.7,1.7,0.12,0.3,0.3,17:00:00,/en/matches/3f005cc1/Lorient-Montpellier-December-29-2022-Ligue-1
FRA-Ligue 1,2223,Montpellier,2023-01-02 Montpellier-Marseille,2023-01-02,Matchweek 17,Mon,Home,L,1,2,Marseille,1,7,0,0.0,0.0,,18.5,0.0,1,1,1.4,0.6,0.08,-0.4,-0.6,19:00:00,/en/matches/1083eac4/Montpellier-Marseille-January-2-2023-Ligue-1
FRA-Ligue 1,2223,Montpellier,2023-01-11 Nice-Montpellier,2023-01-11,Matchweek 18,Wed,Away,L,1,6,Nice,1,4,2,50.0,0.25,0.5,21.3,2.0,0,0,0.2,0.2,0.06,0.8,0.8,21:00:00,/en/matches/45abc300/Nice-Montpellier-January-11-2023-Ligue-1
FRA-Ligue 1,2223,Montpellier,2023-01-15 Montpellier-Nantes,2023-01-15,Matchweek 19,Sun,Home,L,0,3,Nantes,0,11,5,45.5,0.0,0.0,13.7,1.0,0,0,0.9,0.9,0.08,-0.9,-0.9,15:00:00,/en/matches/5bf93a40/Montpellier-Nantes-January-15-2023-Ligue-1
FRA-Ligue 1,2223,Montpellier,2023-01-29 Auxerre-Montpellier,2023-01-29,Matchweek 20,Sun,Away,W,2,0,Auxerre,2,4,3,75.0,0.5,0.67,14.0,0.0,0,0,0.7,0.7,0.18,1.3,1.3,15:00:00,/en/matches/73d5a2c8/Auxerre-Montpellier-January-29-2023-Ligue-1
FRA-Ligue 1,2223,Montpellier,2023-02-01 Montpellier-Paris S-G,2023-02-01,Matchweek 21,Wed,Home,L,1,3,Paris S-G,1,6,3,50.0,0.17,0.33,18.3,1.0,0,0,0.5,0.5,0.08,0.5,0.5,21:00:00,/en/matches/8fea202b/Montpellier-Paris-Saint-Germain-February-1-2023-Ligue-1
FRA-Ligue 1,2223,Montpellier,2023-02-05 Strasbourg-Montpellier,2023-02-05,Matchweek 22,Sun,Away,L,0,2,Strasbourg,0,11,0,0.0,0.0,,18.2,0.0,0,0,0.9,0.9,0.08,-0.9,-0.9,15:00:00,/en/matches/1b074cd2/Strasbourg-Montpellier-February-5-2023-Ligue-1
FRA-Ligue 1,2223,Montpellier,2023-02-12 Montpellier-Brest,2023-02-12,Matchweek 23,Sun,Home,W,3,0,Brest,2,15,6,40.0,0.07,0.17,15.9,1.0,1,1,2.5,1.7,0.12,-0.5,-0.7,15:00:00,/en/matches/90388019/Montpellier-Brest-February-12-2023-Ligue-1
FRA-Ligue 1,2223,Montpellier,2023-02-19 Troyes-Montpellier,2023-02-19,Matchweek 24,Sun,Away,W,1,0,Troyes,1,19,7,36.8,0.05,0.14,18.2,0.0,0,0,1.6,1.6,0.1,-0.6,-0.6,15:00:00,/en/matches/27b0ea20/Troyes-Montpellier-February-19-2023-Ligue-1
FRA-Ligue 1,2223,Montpellier,2023-02-25 Montpellier-Lens,2023-02-25,Matchweek 25,Sat,Home,D,1,1,Lens,1,8,3,37.5,0.13,0.33,21.1,0.0,0,0,0.6,0.6,0.07,0.4,0.4,21:00:00,/en/matches/c423b431/Montpellier-Lens-February-25-2023-Ligue-1
FRA-Ligue 1,2223,Montpellier,2023-03-05 Montpellier-Angers,2023-03-05,Matchweek 26,Sun,Home,W,5,0,Angers,5,14,7,50.0,0.29,0.57,15.7,2.0,1,1,2.9,2.1,0.15,2.1,1.9,15:00:00,/en/matches/05267653/Montpellier-Angers-March-5-2023-Ligue-1
FRA-Ligue 1,2223,Montpellier,2023-03-12 Ajaccio-Montpellier,2023-03-12,Matchweek 27,Sun,Away,W,1,0,Ajaccio,1,11,4,36.4,0.09,0.25,19.9,0.0,0,0,1.0,1.0,0.09,0.0,0.0,15:00:00,/en/matches/4d877fad/Ajaccio-Montpellier-March-12-2023-Ligue-1
FRA-Ligue 1,2223,Montpellier,2023-03-19 Montpellier-Clermont Foot,2023-03-19,Matchweek 28,Sun,Home,W,2,1,Clermont Foot,2,23,9,39.1,0.09,0.22,17.7,1.0,0,0,3.3,3.3,0.15,-1.3,-1.3,15:00:00,/en/matches/fa420272/Montpellier-Clermont-Foot-March-19-2023-Ligue-1
FRA-Ligue 1,2223,Montpellier,2023-03-31 Marseille-Montpellier,2023-03-31,Matchweek 29,Fri,Away,D,1,1,Marseille,1,9,3,33.3,0.11,0.33,22.8,0.0,0,0,0.9,0.9,0.1,0.1,0.1,21:00:00,/en/matches/0dd080e8/Marseille-Montpellier-March-31-2023-Ligue-1
FRA-Ligue 1,2223,Montpellier,2023-04-09 Montpellier-Toulouse,2023-04-09,Matchweek 30,Sun,Home,L,1,2,Toulouse,1,15,8,53.3,0.07,0.13,16.6,1.0,0,0,1.9,1.9,0.13,-0.9,-0.9,15:00:00,/en/matches/444918ba/Montpellier-Toulouse-April-9-2023-Ligue-1
FRA-Ligue 1,2223,Montpellier,2023-04-16 Lille-Montpellier,2023-04-16,Matchweek 31,Sun,Away,L,1,2,Lille,1,4,1,25.0,0.25,1.0,17.0,1.0,0,0,0.4,0.4,0.11,0.6,0.6,13:00:00,/en/matches/bb2cf3ad/Lille-Montpellier-April-16-2023-Ligue-1
FRA-Ligue 1,2223,Montpellier,2023-04-23 Montpellier-Rennes,2023-04-23,Matchweek 32,Sun,Home,W,1,0,Rennes,1,11,2,18.2,0.09,0.5,26.5,0.0,0,0,0.9,0.9,0.08,0.1,0.1,17:05:00,/en/matches/f605cc42/Montpellier-Rennes-April-23-2023-Ligue-1
FRA-Ligue 1,2223,Montpellier,2023-04-30 Monaco-Montpellier,2023-04-30,Matchweek 33,Sun,Away,W,4,0,Monaco,4,19,9,47.4,0.21,0.44,19.6,0.0,0,0,1.9,1.9,0.1,2.1,2.1,13:00:00,/en/matches/ae23a815/Monaco-Montpellier-April-30-2023-Ligue-1
FRA-Ligue 1,2223,Montpellier,2023-05-07 Lyon-Montpellier,2023-05-07,Matchweek 34,Sun,Away,L,4,5,Lyon,4,11,5,45.5,0.27,0.6,17.2,0.0,1,1,1.8,1.0,0.09,2.2,2.0,17:05:00,/en/matches/f3f1adae/Lyon-Montpellier-May-7-2023-Ligue-1
FRA-Ligue 1,2223,Montpellier,2023-05-14 Montpellier-Lorient,2023-05-14,Matchweek 35,Sun,Home,D,1,1,Lorient,1,15,3,20.0,0.07,0.33,15.5,0.0,0,0,1.6,1.6,0.11,-0.6,-0.6,15:00:00,/en/matches/1df43c24/Montpellier-Lorient-May-14-2023-Ligue-1
FRA-Ligue 1,2223,Montpellier,2023-05-20 Nantes-Montpellier,2023-05-20,Matchweek 36,Sat,Away,W,3,0,Nantes,3,13,6,46.2,0.23,0.5,20.0,1.0,0,0,1.8,1.8,0.14,1.2,1.2,17:00:00,/en/matches/1ed26dbe/Nantes-Montpellier-May-20-2023-Ligue-1
FRA-Ligue 1,2223,Montpellier,2023-05-27 Montpellier-Nice,2023-05-27,Matchweek 37,Sat,Home,L,2,3,Nice,2,13,7,53.8,0.08,0.14,16.4,1.0,1,1,2.3,1.5,0.12,-0.3,-0.5,21:00:00,/en/matches/7d2f2a67/Montpellier-Nice-May-27-2023-Ligue-1
FRA-Ligue 1,2223,Montpellier,2023-06-03 Reims-Montpellier,2023-06-03,Matchweek 38,Sat,Away,W,3,1,Reims,3,16,7,43.8,0.19,0.43,18.5,1.0,0,0,2.3,2.3,0.14,0.7,0.7,21:00:00,/en/matches/3dc2cde4/Reims-Montpellier-June-3-2023-Ligue-1
FRA-Ligue 1,2223,Nantes,2022-08-07 Angers-Nantes,2022-08-07,Matchweek 1,Sun,Away,D,0,0,Angers,0,14,3,21.4,0.0,0.0,15.4,1.0,0,0,1.5,1.5,0.12,-1.5,-1.5,15:00:00,/en/matches/136d5cbe/Angers-Nantes-August-7-2022-Ligue-1
FRA-Ligue 1,2223,Nantes,2022-08-12 Nantes-Lille,2022-08-12,Matchweek 2,Fri,Home,D,1,1,Lille,1,10,1,10.0,0.1,1.0,18.6,1.0,0,0,1.0,1.0,0.1,0.0,0.0,21:00:00,/en/matches/00173ae0/Nantes-Lille-August-12-2022-Ligue-1
FRA-Ligue 1,2223,Nantes,2022-08-20 Marseille-Nantes,2022-08-20,Matchweek 3,Sat,Away,L,1,2,Marseille,1,11,2,18.2,0.0,0.0,18.6,0.0,1,1,2.2,1.4,0.13,-1.2,-1.4,21:00:00,/en/matches/44e18f81/Marseille-Nantes-August-20-2022-Ligue-1
FRA-Ligue 1,2223,Nantes,2022-08-28 Nantes-Toulouse,2022-08-28,Matchweek 4,Sun,Home,W,3,1,Toulouse,3,16,8,50.0,0.19,0.38,14.5,0.0,0,0,1.5,1.5,0.1,1.5,1.5,13:00:00,/en/matches/211a8d64/Nantes-Toulouse-August-28-2022-Ligue-1
FRA-Ligue 1,2223,Nantes,2022-08-31 Strasbourg-Nantes,2022-08-31,Matchweek 5,Wed,Away,D,1,1,Strasbourg,1,12,3,25.0,0.08,0.33,18.3,0.0,0,0,1.2,1.2,0.1,-0.2,-0.2,19:00:00,/en/matches/6a2fc46c/Strasbourg-Nantes-August-31-2022-Ligue-1
FRA-Ligue 1,2223,Nantes,2022-09-03 Nantes-Paris S-G,2022-09-03,Matchweek 6,Sat,Home,L,0,3,Paris S-G,0,10,1,10.0,0.0,0.0,19.6,0.0,0,0,0.4,0.4,0.04,-0.4,-0.4,21:00:00,/en/matches/368a55f1/Nantes-Paris-Saint-Germain-September-3-2022-Ligue-1
FRA-Ligue 1,2223,Nantes,2022-09-11 Lorient-Nantes,2022-09-11,Matchweek 7,Sun,Away,L,2,3,Lorient,2,9,4,44.4,0.22,0.5,16.9,0.0,0,0,0.5,0.5,0.06,1.5,1.5,15:00:00,/en/matches/782c4dff/Lorient-Nantes-September-11-2022-Ligue-1
FRA-Ligue 1,2223,Nantes,2022-09-18 Nantes-Lens,2022-09-18,Matchweek 8,Sun,Home,D,0,0,Lens,0,12,4,33.3,0.0,0.0,22.2,0.0,0,0,0.9,0.9,0.07,-0.9,-0.9,17:05:00,/en/matches/7f6d507f/Nantes-Lens-September-18-2022-Ligue-1
FRA-Ligue 1,2223,Nantes,2022-10-02 Monaco-Nantes,2022-10-02,Matchweek 9,Sun,Away,L,1,4,Monaco,0,7,2,28.6,0.0,0.0,17.7,0.0,0,0,0.5,0.5,0.07,-0.5,-0.5,17:05:00,/en/matches/3f3b16cf/Monaco-Nantes-October-2-2022-Ligue-1
FRA-Ligue 1,2223,Nantes,2022-10-09 Rennes-Nantes,2022-10-09,Matchweek 10,Sun,Away,L,0,3,Rennes,0,8,3,37.5,0.0,0.0,18.6,1.0,0,0,0.5,0.5,0.06,-0.5,-0.5,17:05:00,/en/matches/c2be4bef/Rennes-Nantes-October-9-2022-Ligue-1
FRA-Ligue 1,2223,Nantes,2022-10-16 Nantes-Brest,2022-10-16,Matchweek 11,Sun,Home,W,4,1,Brest,4,15,4,26.7,0.2,0.75,17.7,0.0,1,2,2.9,1.3,0.09,1.1,1.7,15:00:00,/en/matches/d8787f23/Nantes-Brest-October-16-2022-Ligue-1
FRA-Ligue 1,2223,Nantes,2022-10-23 Nice-Nantes,2022-10-23,Matchweek 12,Sun,Away,D,1,1,Nice,1,11,4,36.4,0.09,0.25,20.0,0.0,0,0,1.0,1.0,0.09,0.0,0.0,17:05:00,/en/matches/034ab90e/Nice-Nantes-October-23-2022-Ligue-1
FRA-Ligue 1,2223,Nantes,2022-10-30 Nantes-Clermont Foot,2022-10-30,Matchweek 13,Sun,Home,D,1,1,Clermont Foot,1,13,4,30.8,0.08,0.25,18.2,0.0,0,0,1.7,1.7,0.13,-0.7,-0.7,15:00:00,/en/matches/d73b5aa4/Nantes-Clermont-Foot-October-30-2022-Ligue-1
FRA-Ligue 1,2223,Nantes,2022-11-06 Reims-Nantes,2022-11-06,Matchweek 14,Sun,Away,L,0,1,Reims,0,15,4,26.7,0.0,0.0,20.9,0.0,0,0,0.7,0.7,0.05,-0.7,-0.7,15:00:00,/en/matches/b3aecb40/Reims-Nantes-November-6-2022-Ligue-1
FRA-Ligue 1,2223,Nantes,2022-11-13 Nantes-Ajaccio,2022-11-13,Matchweek 15,Sun,Home,D,2,2,Ajaccio,2,15,5,33.3,0.13,0.4,18.5,1.0,0,0,1.1,1.1,0.08,0.9,0.9,15:00:00,/en/matches/e2a7c160/Nantes-Ajaccio-November-13-2022-Ligue-1
FRA-Ligue 1,2223,Nantes,2022-12-28 Troyes-Nantes,2022-12-28,Matchweek 16,Wed,Away,D,0,0,Troyes,0,19,5,26.3,0.0,0.0,17.6,0.0,0,0,1.5,1.5,0.08,-1.5,-1.5,15:00:00,/en/matches/8501cd5a/Troyes-Nantes-December-28-2022-Ligue-1
FRA-Ligue 1,2223,Nantes,2023-01-01 Nantes-Auxerre,2023-01-01,Matchweek 17,Sun,Home,W,1,0,Auxerre,1,10,3,30.0,0.1,0.33,19.3,1.0,0,0,1.0,1.0,0.11,0.0,0.0,15:00:00,/en/matches/eb1f454d/Nantes-Auxerre-January-1-2023-Ligue-1
FRA-Ligue 1,2223,Nantes,2023-01-11 Nantes-Lyon,2023-01-11,Matchweek 18,Wed,Home,D,0,0,Lyon,0,13,5,38.5,0.0,0.0,17.2,1.0,0,0,1.1,1.1,0.09,-1.1,-1.1,19:00:00,/en/matches/b34687b5/Nantes-Lyon-January-11-2023-Ligue-1
FRA-Ligue 1,2223,Nantes,2023-01-15 Montpellier-Nantes,2023-01-15,Matchweek 19,Sun,Away,W,3,0,Montpellier,3,12,7,58.3,0.25,0.43,20.2,0.0,0,0,0.6,0.6,0.05,2.4,2.4,15:00:00,/en/matches/5bf93a40/Montpellier-Nantes-January-15-2023-Ligue-1
FRA-Ligue 1,2223,Nantes,2023-01-29 Clermont Foot-Nantes,2023-01-29,Matchweek 20,Sun,Away,D,0,0,Clermont Foot,0,4,0,0.0,0.0,,26.3,1.0,0,0,0.1,0.1,0.03,-0.1,-0.1,15:00:00,/en/matches/524e5116/Clermont-Foot-Nantes-January-29-2023-Ligue-1
FRA-Ligue 1,2223,Nantes,2023-02-01 Nantes-Marseille,2023-02-01,Matchweek 21,Wed,Home,L,0,2,Marseille,0,12,2,16.7,0.0,0.0,18.2,1.0,0,0,1.2,1.2,0.11,-1.2,-1.2,19:00:00,/en/matches/4bca4e32/Nantes-Marseille-February-1-2023-Ligue-1
FRA-Ligue 1,2223,Nantes,2023-02-05 Ajaccio-Nantes,2023-02-05,Matchweek 22,Sun,Away,W,2,0,Ajaccio,2,6,2,33.3,0.17,0.5,17.2,0.0,1,1,1.2,0.6,0.1,0.8,0.4,15:00:00,/en/matches/1d0998d1/Ajaccio-Nantes-February-5-2023-Ligue-1
FRA-Ligue 1,2223,Nantes,2023-02-12 Nantes-Lorient,2023-02-12,Matchweek 23,Sun,Home,W,1,0,Lorient,1,12,5,41.7,0.08,0.2,19.0,0.0,0,0,1.0,1.0,0.08,0.0,0.0,17:05:00,/en/matches/f9f4ca12/Nantes-Lorient-February-12-2023-Ligue-1
FRA-Ligue 1,2223,Nantes,2023-02-19 Lens-Nantes,2023-02-19,Matchweek 24,Sun,Away,L,1,3,Lens,1,6,3,50.0,0.17,0.33,23.5,0.0,0,0,0.3,0.3,0.04,0.7,0.7,17:05:00,/en/matches/09d42df5/Lens-Nantes-February-19-2023-Ligue-1
FRA-Ligue 1,2223,Nantes,2023-02-26 Nantes-Rennes,2023-02-26,Matchweek 25,Sun,Home,L,0,1,Rennes,0,20,7,35.0,0.0,0.0,14.1,0.0,0,0,2.6,2.6,0.15,-2.6,-2.6,15:00:00,/en/matches/faf5f698/Nantes-Rennes-February-26-2023-Ligue-1
FRA-Ligue 1,2223,Nantes,2023-03-04 Paris S-G-Nantes,2023-03-04,Matchweek 26,Sat,Away,L,2,4,Paris S-G,2,8,5,62.5,0.25,0.4,17.7,0.0,0,0,0.4,0.4,0.05,1.6,1.6,21:00:00,/en/matches/322f46e4/Paris-Saint-Germain-Nantes-March-4-2023-Ligue-1
FRA-Ligue 1,2223,Nantes,2023-03-12 Nantes-Nice,2023-03-12,Matchweek 27,Sun,Home,D,2,2,Nice,2,9,3,33.3,0.22,0.67,20.4,0.0,0,1,1.6,0.9,0.1,0.4,1.1,15:00:00,/en/matches/6f639a55/Nantes-Nice-March-12-2023-Ligue-1
FRA-Ligue 1,2223,Nantes,2023-03-17 Lyon-Nantes,2023-03-17,Matchweek 28,Fri,Away,D,1,1,Lyon,0,11,5,45.5,0.0,0.0,18.2,0.0,0,0,1.7,1.7,0.15,-1.7,-1.7,21:00:00,/en/matches/e42d16ce/Lyon-Nantes-March-17-2023-Ligue-1
FRA-Ligue 1,2223,Nantes,2023-04-02 Nantes-Reims,2023-04-02,Matchweek 29,Sun,Home,L,0,3,Reims,0,12,5,41.7,0.0,0.0,17.8,0.0,0,0,1.3,1.3,0.13,-1.3,-1.3,15:00:00,/en/matches/766e9598/Nantes-Reims-April-2-2023-Ligue-1
FRA-Ligue 1,2223,Nantes,2023-04-09 Nantes-Monaco,2023-04-09,Matchweek 30,Sun,Home,D,2,2,Monaco,2,9,2,22.2,0.22,1.0,16.8,0.0,0,0,1.1,1.1,0.12,0.9,0.9,17:05:00,/en/matches/ac1324cc/Nantes-Monaco-April-9-2023-Ligue-1
FRA-Ligue 1,2223,Nantes,2023-04-16 Auxerre-Nantes,2023-04-16,Matchweek 31,Sun,Away,L,1,2,Auxerre,1,17,7,41.2,0.06,0.14,20.9,3.0,0,0,0.9,0.9,0.06,0.1,0.1,15:00:00,/en/matches/35b40c4d/Auxerre-Nantes-April-16-2023-Ligue-1
FRA-Ligue 1,2223,Nantes,2023-04-23 Nantes-Troyes,2023-04-23,Matchweek 32,Sun,Home,D,2,2,Troyes,2,19,9,47.4,0.11,0.22,16.0,1.0,0,0,1.7,1.7,0.09,0.3,0.3,15:00:00,/en/matches/1bc2b939/Nantes-Troyes-April-23-2023-Ligue-1
FRA-Ligue 1,2223,Nantes,2023-05-03 Brest-Nantes,2023-05-03,Matchweek 33,Wed,Away,L,0,2,Brest,0,13,5,38.5,0.0,0.0,17.6,1.0,0,0,1.0,1.0,0.07,-1.0,-1.0,21:00:00,/en/matches/1063973e/Brest-Nantes-May-3-2023-Ligue-1
FRA-Ligue 1,2223,Nantes,2023-05-07 Nantes-Strasbourg,2023-05-07,Matchweek 34,Sun,Home,L,0,2,Strasbourg,0,13,5,38.5,0.0,0.0,15.3,1.0,0,0,0.8,0.8,0.07,-0.8,-0.8,15:00:00,/en/matches/8411b267/Nantes-Strasbourg-May-7-2023-Ligue-1
FRA-Ligue 1,2223,Nantes,2023-05-14 Toulouse-Nantes,2023-05-14,Matchweek 35,Sun,Away,D,0,0,Toulouse,0,8,1,12.5,0.0,0.0,16.7,0.0,0,0,1.0,1.0,0.13,-1.0,-1.0,15:00:00,/en/matches/52ee44a2/Toulouse-Nantes-May-14-2023-Ligue-1
FRA-Ligue 1,2223,Nantes,2023-05-20 Nantes-Montpellier,2023-05-20,Matchweek 36,Sat,Home,L,0,3,Montpellier,0,13,3,23.1,0.0,0.0,15.5,0.0,0,0,0.9,0.9,0.07,-0.9,-0.9,17:00:00,/en/matches/1ed26dbe/Nantes-Montpellier-May-20-2023-Ligue-1
FRA-Ligue 1,2223,Nantes,2023-05-27 Lille-Nantes,2023-05-27,Matchweek 37,Sat,Away,L,1,2,Lille,1,8,3,37.5,0.13,0.33,16.7,0.0,0,0,1.0,1.0,0.13,0.0,0.0,21:00:00,/en/matches/1b4970df/Lille-Nantes-May-27-2023-Ligue-1
FRA-Ligue 1,2223,Nantes,2023-06-03 Nantes-Angers,2023-06-03,Matchweek 38,Sat,Home,W,1,0,Angers,1,11,7,63.6,0.09,0.14,23.9,2.0,0,0,1.1,1.1,0.1,-0.1,-0.1,21:00:00,/en/matches/54a0b007/Nantes-Angers-June-3-2023-Ligue-1
FRA-Ligue 1,2223,Nice,2022-08-07 Toulouse-Nice,2022-08-07,Matchweek 1,Sun,Away,D,1,1,Toulouse,1,11,4,36.4,0.09,0.25,16.1,1.0,0,0,1.2,1.2,0.11,-0.2,-0.2,13:00:00,/en/matches/8f2f241b/Toulouse-Nice-August-7-2022-Ligue-1
FRA-Ligue 1,2223,Nice,2022-08-14 Nice-Strasbourg,2022-08-14,Matchweek 2,Sun,Home,D,1,1,Strasbourg,1,12,2,16.7,0.0,0.0,21.8,1.0,1,1,1.6,0.8,0.07,-0.6,-0.8,17:05:00,/en/matches/d1bb8afd/Nice-Strasbourg-August-14-2022-Ligue-1
FRA-Ligue 1,2223,Nice,2022-08-21 Clermont Foot-Nice,2022-08-21,Matchweek 3,Sun,Away,L,0,1,Clermont Foot,0,13,4,30.8,0.0,0.0,15.4,0.0,0,0,1.4,1.4,0.12,-1.4,-1.4,15:00:00,/en/matches/197f9381/Clermont-Foot-Nice-August-21-2022-Ligue-1
FRA-Ligue 1,2223,Nice,2022-08-28 Nice-Marseille,2022-08-28,Matchweek 4,Sun,Home,L,0,3,Marseille,0,16,2,12.5,0.0,0.0,20.0,1.0,0,0,1.0,1.0,0.06,-1.0,-1.0,15:00:00,/en/matches/89258f8f/Nice-Marseille-August-28-2022-Ligue-1
FRA-Ligue 1,2223,Nice,2022-08-31 Lille-Nice,2022-08-31,Matchweek 5,Wed,Away,W,2,1,Lille,2,1,0,0.0,0.0,,54.9,0.0,2,2,1.6,0.1,0.06,0.4,-0.1,21:00:00,/en/matches/6f55425d/Lille-Nice-August-31-2022-Ligue-1
FRA-Ligue 1,2223,Nice,2022-09-04 Nice-Monaco,2022-09-04,Matchweek 6,Sun,Home,L,0,1,Monaco,0,12,5,41.7,0.0,0.0,14.7,0.0,0,0,0.7,0.7,0.06,-0.7,-0.7,20:45:00,/en/matches/cd865a2a/Nice-Monaco-September-4-2022-Ligue-1
FRA-Ligue 1,2223,Nice,2022-09-11 Ajaccio-Nice,2022-09-11,Matchweek 7,Sun,Away,W,1,0,Ajaccio,1,12,3,25.0,0.08,0.33,16.8,0.0,0,0,1.2,1.2,0.11,-0.2,-0.2,15:00:00,/en/matches/e7c831c2/Ajaccio-Nice-September-11-2022-Ligue-1
FRA-Ligue 1,2223,Nice,2022-09-18 Nice-Angers,2022-09-18,Matchweek 8,Sun,Home,L,0,1,Angers,0,18,5,27.8,0.0,0.0,19.3,1.0,0,0,1.3,1.3,0.08,-1.3,-1.3,15:00:00,/en/matches/58f908b1/Nice-Angers-September-18-2022-Ligue-1
FRA-Ligue 1,2223,Nice,2022-10-01 Paris S-G-Nice,2022-10-01,Matchweek 9,Sat,Away,L,1,2,Paris S-G,1,4,1,25.0,0.25,1.0,10.8,0.0,0,0,0.5,0.5,0.13,0.5,0.5,21:00:00,/en/matches/36ac65e1/Paris-Saint-Germain-Nice-October-1-2022-Ligue-1
FRA-Ligue 1,2223,Nice,2022-10-09 Nice-Troyes,2022-10-09,Matchweek 10,Sun,Home,W,3,2,Troyes,3,13,5,38.5,0.15,0.4,18.4,1.0,1,1,2.6,1.9,0.14,0.4,0.1,15:00:00,/en/matches/d77bb56e/Nice-Troyes-October-9-2022-Ligue-1
FRA-Ligue 1,2223,Nice,2022-10-16 Auxerre-Nice,2022-10-16,Matchweek 11,Sun,Away,D,1,1,Auxerre,1,9,2,22.2,0.11,0.5,15.9,1.0,0,0,1.6,1.6,0.18,-0.6,-0.6,15:00:00,/en/matches/a9ffc8fd/Auxerre-Nice-October-16-2022-Ligue-1
FRA-Ligue 1,2223,Nice,2022-10-23 Nice-Nantes,2022-10-23,Matchweek 12,Sun,Home,D,1,1,Nantes,1,10,4,40.0,0.0,0.0,18.4,0.0,1,1,1.4,0.6,0.06,-0.4,-0.6,17:05:00,/en/matches/034ab90e/Nice-Nantes-October-23-2022-Ligue-1
FRA-Ligue 1,2223,Nice,2022-10-30 Lorient-Nice,2022-10-30,Matchweek 13,Sun,Away,W,2,1,Lorient,2,16,5,31.3,0.13,0.4,15.7,0.0,0,0,1.8,1.8,0.12,0.2,0.2,17:05:00,/en/matches/b3909991/Lorient-Nice-October-30-2022-Ligue-1
FRA-Ligue 1,2223,Nice,2022-11-06 Nice-Brest,2022-11-06,Matchweek 14,Sun,Home,W,1,0,Brest,1,14,9,64.3,0.07,0.11,18.0,0.0,0,0,1.1,1.1,0.08,-0.1,-0.1,15:00:00,/en/matches/cbe2fdcb/Nice-Brest-November-6-2022-Ligue-1
FRA-Ligue 1,2223,Nice,2022-11-11 Lyon-Nice,2022-11-11,Matchweek 15,Fri,Away,D,1,1,Lyon,1,12,2,16.7,0.0,0.0,14.9,0.0,1,1,1.6,0.9,0.08,-0.6,-0.9,21:00:00,/en/matches/e805986b/Lyon-Nice-November-11-2022-Ligue-1
FRA-Ligue 1,2223,Nice,2022-12-29 Nice-Lens,2022-12-29,Matchweek 16,Thu,Home,D,0,0,Lens,0,9,5,55.6,0.0,0.0,18.9,0.0,0,0,1.0,1.0,0.11,-1.0,-1.0,21:00:00,/en/matches/9c606d65/Nice-Lens-December-29-2022-Ligue-1
FRA-Ligue 1,2223,Nice,2023-01-02 Rennes-Nice,2023-01-02,Matchweek 17,Mon,Away,L,1,2,Rennes,1,6,3,50.0,0.17,0.33,20.7,0.0,0,0,0.4,0.4,0.06,0.6,0.6,21:00:00,/en/matches/4d3e283f/Rennes-Nice-January-2-2023-Ligue-1
FRA-Ligue 1,2223,Nice,2023-01-11 Nice-Montpellier,2023-01-11,Matchweek 18,Wed,Home,W,6,1,Montpellier,6,16,10,62.5,0.38,0.6,15.2,0.0,0,0,2.5,2.5,0.16,3.5,3.5,21:00:00,/en/matches/45abc300/Nice-Montpellier-January-11-2023-Ligue-1
FRA-Ligue 1,2223,Nice,2023-01-15 Reims-Nice,2023-01-15,Matchweek 19,Sun,Away,D,0,0,Reims,0,6,4,66.7,0.0,0.0,17.7,0.0,0,0,0.8,0.8,0.14,-0.8,-0.8,15:00:00,/en/matches/c5adac5b/Reims-Nice-January-15-2023-Ligue-1
FRA-Ligue 1,2223,Nice,2023-01-29 Nice-Lille,2023-01-29,Matchweek 20,Sun,Home,W,1,0,Lille,1,12,6,50.0,0.08,0.17,19.1,0.0,0,0,1.6,1.6,0.14,-0.6,-0.6,13:00:00,/en/matches/b83c2528/Nice-Lille-January-29-2023-Ligue-1
FRA-Ligue 1,2223,Nice,2023-02-01 Lens-Nice,2023-02-01,Matchweek 21,Wed,Away,W,1,0,Lens,1,14,6,42.9,0.07,0.17,16.0,0.0,0,0,2.1,2.1,0.16,-1.1,-1.1,21:00:00,/en/matches/b6c7f232/Lens-Nice-February-1-2023-Ligue-1
FRA-Ligue 1,2223,Nice,2023-02-05 Marseille-Nice,2023-02-05,Matchweek 22,Sun,Away,W,3,1,Marseille,3,14,8,57.1,0.21,0.38,18.4,0.0,0,0,1.4,1.4,0.1,1.6,1.6,20:45:00,/en/matches/f901aa76/Marseille-Nice-February-5-2023-Ligue-1
FRA-Ligue 1,2223,Nice,2023-02-10 Nice-Ajaccio,2023-02-10,Matchweek 23,Fri,Home,W,3,0,Ajaccio,3,11,3,27.3,0.27,1.0,19.1,0.0,0,0,0.6,0.6,0.06,2.4,2.4,21:00:00,/en/matches/1ca21463/Nice-Ajaccio-February-10-2023-Ligue-1
FRA-Ligue 1,2223,Nice,2023-02-18 Nice-Reims,2023-02-18,Matchweek 24,Sat,Home,D,0,0,Reims,0,16,1,6.3,0.0,0.0,19.5,0.0,0,0,1.2,1.2,0.07,-1.2,-1.2,17:00:00,/en/matches/e2d5f3b0/Nice-Reims-February-18-2023-Ligue-1
FRA-Ligue 1,2223,Nice,2023-02-26 Monaco-Nice,2023-02-26,Matchweek 25,Sun,Away,W,3,0,Monaco,3,12,7,58.3,0.25,0.43,18.3,0.0,0,0,2.3,2.3,0.19,0.7,0.7,17:05:00,/en/matches/e8389ab5/Monaco-Nice-February-26-2023-Ligue-1
FRA-Ligue 1,2223,Nice,2023-03-03 Nice-Auxerre,2023-03-03,Matchweek 26,Fri,Home,D,1,1,Auxerre,1,16,4,25.0,0.06,0.25,18.6,0.0,0,1,1.6,0.9,0.05,-0.6,0.1,21:00:00,/en/matches/ab7003b3/Nice-Auxerre-March-3-2023-Ligue-1
FRA-Ligue 1,2223,Nice,2023-03-12 Nantes-Nice,2023-03-12,Matchweek 27,Sun,Away,D,2,2,Nantes,2,16,8,50.0,0.13,0.25,18.5,1.0,0,0,1.2,1.2,0.08,0.8,0.8,15:00:00,/en/matches/6f639a55/Nantes-Nice-March-12-2023-Ligue-1
FRA-Ligue 1,2223,Nice,2023-03-19 Nice-Lorient,2023-03-19,Matchweek 28,Sun,Home,D,1,1,Lorient,1,16,1,6.3,0.06,1.0,20.0,0.0,0,0,1.2,1.2,0.08,-0.2,-0.2,15:00:00,/en/matches/76197bfd/Nice-Lorient-March-19-2023-Ligue-1
FRA-Ligue 1,2223,Nice,2023-04-02 Angers-Nice,2023-04-02,Matchweek 29,Sun,Away,D,1,1,Angers,1,12,3,25.0,0.08,0.33,18.8,0.0,0,0,1.5,1.5,0.12,-0.5,-0.5,15:00:00,/en/matches/3ee2de5c/Angers-Nice-April-2-2023-Ligue-1
FRA-Ligue 1,2223,Nice,2023-04-08 Nice-Paris S-G,2023-04-08,Matchweek 30,Sat,Home,L,0,2,Paris S-G,0,21,7,33.3,0.0,0.0,16.9,0.0,0,0,1.5,1.5,0.07,-1.5,-1.5,21:00:00,/en/matches/2b92011d/Nice-Paris-Saint-Germain-April-8-2023-Ligue-1
FRA-Ligue 1,2223,Nice,2023-04-16 Brest-Nice,2023-04-16,Matchweek 31,Sun,Away,L,0,1,Brest,0,12,6,50.0,0.0,0.0,19.4,1.0,0,0,0.8,0.8,0.07,-0.8,-0.8,15:00:00,/en/matches/efe07084/Brest-Nice-April-16-2023-Ligue-1
FRA-Ligue 1,2223,Nice,2023-04-23 Nice-Clermont Foot,2023-04-23,Matchweek 32,Sun,Home,L,1,2,Clermont Foot,1,15,5,33.3,0.07,0.2,16.5,1.0,0,0,1.3,1.3,0.09,-0.3,-0.3,15:00:00,/en/matches/270414fb/Nice-Clermont-Foot-April-23-2023-Ligue-1
FRA-Ligue 1,2223,Nice,2023-04-30 Troyes-Nice,2023-04-30,Matchweek 33,Sun,Away,W,1,0,Troyes,1,30,12,40.0,0.03,0.08,15.4,0.0,0,0,3.3,3.3,0.11,-2.3,-2.3,15:00:00,/en/matches/26c78eaa/Troyes-Nice-April-30-2023-Ligue-1
FRA-Ligue 1,2223,Nice,2023-05-06 Nice-Rennes,2023-05-06,Matchweek 34,Sat,Home,W,2,1,Rennes,2,11,4,36.4,0.18,0.5,18.7,0.0,0,0,1.6,1.6,0.14,0.4,0.4,17:00:00,/en/matches/7892fd01/Nice-Rennes-May-6-2023-Ligue-1
FRA-Ligue 1,2223,Nice,2023-05-13 Strasbourg-Nice,2023-05-13,Matchweek 35,Sat,Away,L,0,2,Strasbourg,0,9,4,44.4,0.0,0.0,20.3,1.0,0,0,0.5,0.5,0.05,-0.5,-0.5,17:00:00,/en/matches/c505aa59/Strasbourg-Nice-May-13-2023-Ligue-1
FRA-Ligue 1,2223,Nice,2023-05-21 Nice-Toulouse,2023-05-21,Matchweek 36,Sun,Home,D,0,0,Toulouse,0,21,7,33.3,0.0,0.0,21.0,0.0,0,0,2.2,2.2,0.11,-2.2,-2.2,15:00:00,/en/matches/9250f89a/Nice-Toulouse-May-21-2023-Ligue-1
FRA-Ligue 1,2223,Nice,2023-05-27 Montpellier-Nice,2023-05-27,Matchweek 37,Sat,Away,W,3,2,Montpellier,3,23,14,60.9,0.13,0.21,14.8,0.0,0,0,3.4,3.4,0.16,-0.4,-0.4,21:00:00,/en/matches/7d2f2a67/Montpellier-Nice-May-27-2023-Ligue-1
FRA-Ligue 1,2223,Nice,2023-06-03 Nice-Lyon,2023-06-03,Matchweek 38,Sat,Home,W,3,1,Lyon,2,16,6,37.5,0.13,0.33,17.9,1.0,0,0,2.3,2.3,0.15,-0.3,-0.3,21:00:00,/en/matches/7cb0ddb9/Nice-Lyon-June-3-2023-Ligue-1
FRA-Ligue 1,2223,Paris S-G,2022-08-06 Clermont Foot-Paris S-G,2022-08-06,Matchweek 1,Sat,Away,W,5,0,Clermont Foot,5,18,12,66.7,0.28,0.42,12.9,1.0,0,0,3.5,3.5,0.19,1.5,1.5,21:00:00,/en/matches/d99d9161/Clermont-Foot-Paris-Saint-Germain-August-6-2022-Ligue-1
FRA-Ligue 1,2223,Paris S-G,2022-08-13 Paris S-G-Montpellier,2022-08-13,Matchweek 2,Sat,Home,W,5,2,Montpellier,4,18,8,44.4,0.17,0.38,18.2,3.0,1,2,3.2,1.6,0.09,0.8,1.4,21:00:00,/en/matches/63a572a1/Paris-Saint-Germain-Montpellier-August-13-2022-Ligue-1
FRA-Ligue 1,2223,Paris S-G,2022-08-21 Lille-Paris S-G,2022-08-21,Matchweek 3,Sun,Away,W,7,1,Lille,7,16,9,56.3,0.44,0.78,11.9,0.0,0,0,3.4,3.4,0.23,3.6,3.6,20:45:00,/en/matches/a5ba0018/Lille-Paris-Saint-Germain-August-21-2022-Ligue-1
FRA-Ligue 1,2223,Paris S-G,2022-08-28 Paris S-G-Monaco,2022-08-28,Matchweek 4,Sun,Home,D,1,1,Monaco,1,17,4,23.5,0.0,0.0,18.7,0.0,1,1,2.7,1.9,0.11,-1.7,-1.9,20:45:00,/en/matches/6113a2a2/Paris-Saint-Germain-Monaco-August-28-2022-Ligue-1
FRA-Ligue 1,2223,Paris S-G,2022-08-31 Toulouse-Paris S-G,2022-08-31,Matchweek 5,Wed,Away,W,3,0,Toulouse,3,20,12,60.0,0.15,0.25,14.8,2.0,0,0,2.8,2.8,0.14,0.2,0.2,21:00:00,/en/matches/63fb1427/Toulouse-Paris-Saint-Germain-August-31-2022-Ligue-1
FRA-Ligue 1,2223,Paris S-G,2022-09-03 Nantes-Paris S-G,2022-09-03,Matchweek 6,Sat,Away,W,3,0,Nantes,3,19,6,31.6,0.16,0.5,13.2,1.0,0,0,2.7,2.7,0.15,0.3,0.3,21:00:00,/en/matches/368a55f1/Nantes-Paris-Saint-Germain-September-3-2022-Ligue-1
FRA-Ligue 1,2223,Paris S-G,2022-09-10 Paris S-G-Brest,2022-09-10,Matchweek 7,Sat,Home,W,1,0,Brest,1,13,4,30.8,0.08,0.25,13.7,0.0,0,0,1.7,1.7,0.13,-0.7,-0.7,17:00:00,/en/matches/7e83ffa9/Paris-Saint-Germain-Brest-September-10-2022-Ligue-1
FRA-Ligue 1,2223,Paris S-G,2022-09-18 Lyon-Paris S-G,2022-09-18,Matchweek 8,Sun,Away,W,1,0,Lyon,1,15,7,46.7,0.07,0.14,15.0,1.0,0,0,1.6,1.6,0.11,-0.6,-0.6,20:45:00,/en/matches/57d4d43d/Lyon-Paris-Saint-Germain-September-18-2022-Ligue-1
FRA-Ligue 1,2223,Paris S-G,2022-10-01 Paris S-G-Nice,2022-10-01,Matchweek 9,Sat,Home,W,2,1,Nice,2,12,4,33.3,0.17,0.5,20.1,3.0,0,0,1.0,1.0,0.08,1.0,1.0,21:00:00,/en/matches/36ac65e1/Paris-Saint-Germain-Nice-October-1-2022-Ligue-1
FRA-Ligue 1,2223,Paris S-G,2022-10-08 Reims-Paris S-G,2022-10-08,Matchweek 10,Sat,Away,D,0,0,Reims,0,11,3,27.3,0.0,0.0,17.1,1.0,0,0,1.2,1.2,0.11,-1.2,-1.2,21:00:00,/en/matches/71ccb83f/Reims-Paris-Saint-Germain-October-8-2022-Ligue-1
FRA-Ligue 1,2223,Paris S-G,2022-10-16 Paris S-G-Marseille,2022-10-16,Matchweek 11,Sun,Home,W,1,0,Marseille,1,23,8,34.8,0.04,0.13,16.4,1.0,0,0,2.5,2.5,0.11,-1.5,-1.5,20:45:00,/en/matches/818de37e/Paris-Saint-Germain-Marseille-October-16-2022-Ligue-1
FRA-Ligue 1,2223,Paris S-G,2022-10-21 Ajaccio-Paris S-G,2022-10-21,Matchweek 12,Fri,Away,W,3,0,Ajaccio,3,11,6,54.5,0.27,0.5,13.6,1.0,0,0,2.5,2.5,0.23,0.5,0.5,21:00:00,/en/matches/492d0e7a/Ajaccio-Paris-Saint-Germain-October-21-2022-Ligue-1
FRA-Ligue 1,2223,Paris S-G,2022-10-29 Paris S-G-Troyes,2022-10-29,Matchweek 13,Sat,Home,W,4,3,Troyes,4,18,10,55.6,0.17,0.3,19.8,1.0,1,1,2.9,2.1,0.12,1.1,0.9,17:00:00,/en/matches/0706f45a/Paris-Saint-Germain-Troyes-October-29-2022-Ligue-1
FRA-Ligue 1,2223,Paris S-G,2022-11-06 Lorient-Paris S-G,2022-11-06,Matchweek 14,Sun,Away,W,2,1,Lorient,2,15,7,46.7,0.13,0.29,13.6,0.0,0,0,1.6,1.6,0.11,0.4,0.4,13:00:00,/en/matches/62986726/Lorient-Paris-Saint-Germain-November-6-2022-Ligue-1
FRA-Ligue 1,2223,Paris S-G,2022-11-13 Paris S-G-Auxerre,2022-11-13,Matchweek 15,Sun,Home,W,5,0,Auxerre,5,9,6,66.7,0.56,0.83,13.5,0.0,0,0,2.0,2.0,0.23,3.0,3.0,13:00:00,/en/matches/86e55266/Paris-Saint-Germain-Auxerre-November-13-2022-Ligue-1
FRA-Ligue 1,2223,Paris S-G,2022-12-28 Paris S-G-Strasbourg,2022-12-28,Matchweek 16,Wed,Home,W,2,1,Strasbourg,2,9,5,55.6,0.11,0.2,17.6,0.0,1,1,2.1,1.3,0.15,-0.1,-0.3,21:00:00,/en/matches/c4b9d773/Paris-Saint-Germain-Strasbourg-December-28-2022-Ligue-1
FRA-Ligue 1,2223,Paris S-G,2023-01-01 Lens-Paris S-G,2023-01-01,Matchweek 17,Sun,Away,L,1,3,Lens,1,16,6,37.5,0.06,0.17,15.5,0.0,0,0,1.6,1.6,0.1,-0.6,-0.6,20:45:00,/en/matches/41b38f59/Lens-Paris-Saint-Germain-January-1-2023-Ligue-1
FRA-Ligue 1,2223,Paris S-G,2023-01-11 Paris S-G-Angers,2023-01-11,Matchweek 18,Wed,Home,W,2,0,Angers,2,9,6,66.7,0.22,0.33,14.7,2.0,0,0,1.3,1.3,0.15,0.7,0.7,21:00:00,/en/matches/76db6078/Paris-Saint-Germain-Angers-January-11-2023-Ligue-1
FRA-Ligue 1,2223,Paris S-G,2023-01-15 Rennes-Paris S-G,2023-01-15,Matchweek 19,Sun,Away,L,0,1,Rennes,0,8,1,12.5,0.0,0.0,19.6,0.0,0,0,1.0,1.0,0.12,-1.0,-1.0,20:45:00,/en/matches/a1cfed8d/Rennes-Paris-Saint-Germain-January-15-2023-Ligue-1
FRA-Ligue 1,2223,Paris S-G,2023-01-29 Paris S-G-Reims,2023-01-29,Matchweek 20,Sun,Home,D,1,1,Reims,1,12,4,33.3,0.08,0.25,13.9,0.0,0,0,1.6,1.6,0.14,-0.6,-0.6,20:45:00,/en/matches/ac8ffacd/Paris-Saint-Germain-Reims-January-29-2023-Ligue-1
FRA-Ligue 1,2223,Paris S-G,2023-02-01 Montpellier-Paris S-G,2023-02-01,Matchweek 21,Wed,Away,W,3,1,Montpellier,3,18,7,38.9,0.17,0.43,14.7,1.0,0,1,4.4,3.4,0.2,-1.4,-0.4,21:00:00,/en/matches/8fea202b/Montpellier-Paris-Saint-Germain-February-1-2023-Ligue-1
FRA-Ligue 1,2223,Paris S-G,2023-02-04 Paris S-G-Toulouse,2023-02-04,Matchweek 22,Sat,Home,W,2,1,Toulouse,2,22,5,22.7,0.09,0.4,17.0,1.0,0,0,1.9,1.9,0.09,0.1,0.1,17:00:00,/en/matches/20d2d2e9/Paris-Saint-Germain-Toulouse-February-4-2023-Ligue-1
FRA-Ligue 1,2223,Paris S-G,2023-02-11 Monaco-Paris S-G,2023-02-11,Matchweek 23,Sat,Away,L,1,3,Monaco,1,7,2,28.6,0.14,0.5,18.5,0.0,0,0,0.8,0.8,0.12,0.2,0.2,17:00:00,/en/matches/72eb59cf/Monaco-Paris-Saint-Germain-February-11-2023-Ligue-1
FRA-Ligue 1,2223,Paris S-G,2023-02-19 Paris S-G-Lille,2023-02-19,Matchweek 24,Sun,Home,W,4,3,Lille,4,12,10,83.3,0.33,0.4,13.7,1.0,0,0,2.0,2.0,0.17,2.0,2.0,13:00:00,/en/matches/0354132b/Paris-Saint-Germain-Lille-February-19-2023-Ligue-1
FRA-Ligue 1,2223,Paris S-G,2023-02-26 Marseille-Paris S-G,2023-02-26,Matchweek 25,Sun,Away,W,3,0,Marseille,3,12,7,58.3,0.25,0.43,13.1,0.0,0,0,2.0,2.0,0.17,1.0,1.0,20:45:00,/en/matches/fe1e33e5/Marseille-Paris-Saint-Germain-February-26-2023-Ligue-1
FRA-Ligue 1,2223,Paris S-G,2023-03-04 Paris S-G-Nantes,2023-03-04,Matchweek 26,Sat,Home,W,4,2,Nantes,3,17,11,64.7,0.18,0.27,17.9,2.0,0,0,1.4,1.4,0.08,1.6,1.6,21:00:00,/en/matches/322f46e4/Paris-Saint-Germain-Nantes-March-4-2023-Ligue-1
FRA-Ligue 1,2223,Paris S-G,2023-03-11 Brest-Paris S-G,2023-03-11,Matchweek 27,Sat,Away,W,2,1,Brest,2,17,8,47.1,0.12,0.25,16.1,1.0,0,0,2.6,2.6,0.15,-0.6,-0.6,21:00:00,/en/matches/8acaf948/Brest-Paris-Saint-Germain-March-11-2023-Ligue-1
FRA-Ligue 1,2223,Paris S-G,2023-03-19 Paris S-G-Rennes,2023-03-19,Matchweek 28,Sun,Home,L,0,2,Rennes,0,17,8,47.1,0.0,0.0,16.2,0.0,0,0,1.7,1.7,0.1,-1.7,-1.7,17:05:00,/en/matches/9acfad51/Paris-Saint-Germain-Rennes-March-19-2023-Ligue-1
FRA-Ligue 1,2223,Paris S-G,2023-04-02 Paris S-G-Lyon,2023-04-02,Matchweek 29,Sun,Home,L,0,1,Lyon,0,16,5,31.3,0.0,0.0,19.8,0.0,0,0,1.1,1.1,0.07,-1.1,-1.1,20:45:00,/en/matches/37a61135/Paris-Saint-Germain-Lyon-April-2-2023-Ligue-1
FRA-Ligue 1,2223,Paris S-G,2023-04-08 Nice-Paris S-G,2023-04-08,Matchweek 30,Sat,Away,W,2,0,Nice,2,13,4,30.8,0.15,0.5,18.7,0.0,0,0,1.2,1.2,0.09,0.8,0.8,21:00:00,/en/matches/2b92011d/Nice-Paris-Saint-Germain-April-8-2023-Ligue-1
FRA-Ligue 1,2223,Paris S-G,2023-04-15 Paris S-G-Lens,2023-04-15,Matchweek 31,Sat,Home,W,3,1,Lens,3,15,7,46.7,0.2,0.43,19.5,0.0,0,0,1.2,1.2,0.08,1.8,1.8,21:00:00,/en/matches/268e5460/Paris-Saint-Germain-Lens-April-15-2023-Ligue-1
FRA-Ligue 1,2223,Paris S-G,2023-04-21 Angers-Paris S-G,2023-04-21,Matchweek 32,Fri,Away,W,2,1,Angers,2,10,4,40.0,0.2,0.5,15.7,0.0,0,0,1.6,1.6,0.16,0.4,0.4,21:00:00,/en/matches/e7e8dc1c/Angers-Paris-Saint-Germain-April-21-2023-Ligue-1
FRA-Ligue 1,2223,Paris S-G,2023-04-30 Paris S-G-Lorient,2023-04-30,Matchweek 33,Sun,Home,L,1,3,Lorient,1,13,4,30.8,0.08,0.25,21.3,1.0,0,0,1.8,1.8,0.14,-0.8,-0.8,17:05:00,/en/matches/ca98474e/Paris-Saint-Germain-Lorient-April-30-2023-Ligue-1
FRA-Ligue 1,2223,Paris S-G,2023-05-07 Troyes-Paris S-G,2023-05-07,Matchweek 34,Sun,Away,W,3,1,Troyes,3,31,12,38.7,0.1,0.25,16.5,0.0,0,0,4.1,4.1,0.14,-1.1,-1.1,20:45:00,/en/matches/f9e55cdf/Troyes-Paris-Saint-Germain-May-7-2023-Ligue-1
FRA-Ligue 1,2223,Paris S-G,2023-05-13 Paris S-G-Ajaccio,2023-05-13,Matchweek 35,Sat,Home,W,5,0,Ajaccio,4,16,9,56.3,0.25,0.44,15.4,1.0,0,0,2.3,2.3,0.15,1.7,1.7,21:00:00,/en/matches/fdd73200/Paris-Saint-Germain-Ajaccio-May-13-2023-Ligue-1
FRA-Ligue 1,2223,Paris S-G,2023-05-21 Auxerre-Paris S-G,2023-05-21,Matchweek 36,Sun,Away,W,2,1,Auxerre,2,15,4,26.7,0.13,0.5,15.7,0.0,0,0,2.1,2.1,0.14,-0.1,-0.1,20:45:00,/en/matches/bd6c4cac/Auxerre-Paris-Saint-Germain-May-21-2023-Ligue-1
FRA-Ligue 1,2223,Paris S-G,2023-05-27 Strasbourg-Paris S-G,2023-05-27,Matchweek 37,Sat,Away,D,1,1,Strasbourg,1,7,2,28.6,0.14,0.5,14.2,1.0,0,0,1.0,1.0,0.14,0.0,0.0,21:00:00,/en/matches/b78590c5/Strasbourg-Paris-Saint-Germain-May-27-2023-Ligue-1
FRA-Ligue 1,2223,Paris S-G,2023-06-03 Paris S-G-Clermont Foot,2023-06-03,Matchweek 38,Sat,Home,L,2,3,Clermont Foot,2,15,5,33.3,0.07,0.2,17.5,2.0,1,1,2.2,1.4,0.09,-0.2,-0.4,21:00:00,/en/matches/1b47e9eb/Paris-Saint-Germain-Clermont-Foot-June-3-2023-Ligue-1
FRA-Ligue 1,2223,Reims,2022-08-07 Marseille-Reims,2022-08-07,Matchweek 1,Sun,Away,L,1,4,Marseille,1,16,6,37.5,0.06,0.17,19.4,0.0,0,0,0.9,0.9,0.06,0.1,0.1,20:45:00,/en/matches/534ab8ff/Marseille-Reims-August-7-2022-Ligue-1
FRA-Ligue 1,2223,Reims,2022-08-14 Reims-Clermont Foot,2022-08-14,Matchweek 2,Sun,Home,L,2,4,Clermont Foot,2,7,3,42.9,0.0,0.0,19.9,0.0,2,2,2.7,1.1,0.16,-0.7,-1.1,15:00:00,/en/matches/ed6b4245/Reims-Clermont-Foot-August-14-2022-Ligue-1
FRA-Ligue 1,2223,Reims,2022-08-21 Strasbourg-Reims,2022-08-21,Matchweek 3,Sun,Away,D,1,1,Strasbourg,1,12,6,50.0,0.08,0.17,14.0,1.0,0,0,2.0,2.0,0.17,-1.0,-1.0,13:00:00,/en/matches/be90ec61/Strasbourg-Reims-August-21-2022-Ligue-1
FRA-Ligue 1,2223,Reims,2022-08-28 Reims-Lyon,2022-08-28,Matchweek 4,Sun,Home,D,1,1,Lyon,1,8,5,62.5,0.13,0.2,21.1,1.0,0,0,0.4,0.4,0.05,0.6,0.6,17:05:00,/en/matches/daa723a9/Reims-Lyon-August-28-2022-Ligue-1
FRA-Ligue 1,2223,Reims,2022-08-31 Angers-Reims,2022-08-31,Matchweek 5,Wed,Away,W,4,2,Angers,4,10,4,40.0,0.3,0.75,21.9,1.0,1,1,2.3,1.5,0.15,1.7,1.5,19:00:00,/en/matches/d94a7d75/Angers-Reims-August-31-2022-Ligue-1
FRA-Ligue 1,2223,Reims,2022-09-04 Reims-Lens,2022-09-04,Matchweek 6,Sun,Home,D,1,1,Lens,1,17,4,23.5,0.06,0.25,17.7,1.0,0,0,2.1,2.1,0.12,-1.1,-1.1,15:00:00,/en/matches/21e5d4df/Reims-Lens-September-4-2022-Ligue-1
FRA-Ligue 1,2223,Reims,2022-09-11 Toulouse-Reims,2022-09-11,Matchweek 7,Sun,Away,L,0,1,Toulouse,0,11,1,9.1,0.0,0.0,16.0,0.0,0,0,1.0,1.0,0.09,-1.0,-1.0,15:00:00,/en/matches/9f57e775/Toulouse-Reims-September-11-2022-Ligue-1
FRA-Ligue 1,2223,Reims,2022-09-18 Reims-Monaco,2022-09-18,Matchweek 8,Sun,Home,L,0,3,Monaco,0,9,2,22.2,0.0,0.0,26.4,0.0,0,0,0.6,0.6,0.07,-0.6,-0.6,13:00:00,/en/matches/c6dee225/Reims-Monaco-September-18-2022-Ligue-1
FRA-Ligue 1,2223,Reims,2022-10-02 Troyes-Reims,2022-10-02,Matchweek 9,Sun,Away,D,2,2,Troyes,2,5,2,40.0,0.4,1.0,12.9,0.0,0,0,1.0,1.0,0.2,1.0,1.0,15:00:00,/en/matches/1cbd26d0/Troyes-Reims-October-2-2022-Ligue-1
FRA-Ligue 1,2223,Reims,2022-10-08 Reims-Paris S-G,2022-10-08,Matchweek 10,Sat,Home,D,0,0,Paris S-G,0,24,4,16.7,0.0,0.0,19.1,1.0,0,0,1.8,1.8,0.08,-1.8,-1.8,21:00:00,/en/matches/71ccb83f/Reims-Paris-Saint-Germain-October-8-2022-Ligue-1
FRA-Ligue 1,2223,Reims,2022-10-15 Lorient-Reims,2022-10-15,Matchweek 11,Sat,Away,D,0,0,Lorient,0,7,2,28.6,0.0,0.0,19.8,0.0,0,0,0.6,0.6,0.08,-0.6,-0.6,17:00:00,/en/matches/4fe522a8/Lorient-Reims-October-15-2022-Ligue-1
FRA-Ligue 1,2223,Reims,2022-10-23 Reims-Auxerre,2022-10-23,Matchweek 12,Sun,Home,W,2,1,Auxerre,2,19,10,52.6,0.11,0.2,16.6,0.0,0,0,2.4,2.4,0.13,-0.4,-0.4,15:00:00,/en/matches/c6b10aeb/Reims-Auxerre-October-23-2022-Ligue-1
FRA-Ligue 1,2223,Reims,2022-10-30 Brest-Reims,2022-10-30,Matchweek 13,Sun,Away,D,0,0,Brest,0,11,3,27.3,0.0,0.0,14.4,0.0,0,0,1.0,1.0,0.09,-1.0,-1.0,15:00:00,/en/matches/9547c75b/Brest-Reims-October-30-2022-Ligue-1
FRA-Ligue 1,2223,Reims,2022-11-06 Reims-Nantes,2022-11-06,Matchweek 14,Sun,Home,W,1,0,Nantes,1,21,8,38.1,0.0,0.0,20.9,0.0,1,1,2.8,2.0,0.1,-1.8,-2.0,15:00:00,/en/matches/b3aecb40/Reims-Nantes-November-6-2022-Ligue-1
FRA-Ligue 1,2223,Reims,2022-11-13 Montpellier-Reims,2022-11-13,Matchweek 15,Sun,Away,D,1,1,Montpellier,1,17,4,23.5,0.06,0.25,17.9,1.0,0,0,2.1,2.1,0.13,-1.1,-1.1,15:00:00,/en/matches/7927c5f9/Montpellier-Reims-November-13-2022-Ligue-1
FRA-Ligue 1,2223,Reims,2022-12-29 Reims-Rennes,2022-12-29,Matchweek 16,Thu,Home,W,3,1,Rennes,3,10,4,40.0,0.3,0.75,14.4,0.0,0,0,1.4,1.4,0.15,1.6,1.6,19:00:00,/en/matches/ae3fb1a3/Reims-Rennes-December-29-2022-Ligue-1
FRA-Ligue 1,2223,Reims,2023-01-02 Lille-Reims,2023-01-02,Matchweek 17,Mon,Away,D,1,1,Lille,1,9,6,66.7,0.11,0.17,18.5,2.0,0,0,0.8,0.8,0.09,0.2,0.2,17:00:00,/en/matches/cbf86c77/Lille-Reims-January-2-2023-Ligue-1
FRA-Ligue 1,2223,Reims,2023-01-11 Ajaccio-Reims,2023-01-11,Matchweek 18,Wed,Away,W,1,0,Ajaccio,1,9,1,11.1,0.11,1.0,15.6,1.0,0,0,0.9,0.9,0.12,0.1,0.1,19:00:00,/en/matches/656ef1c0/Ajaccio-Reims-January-11-2023-Ligue-1
FRA-Ligue 1,2223,Reims,2023-01-15 Reims-Nice,2023-01-15,Matchweek 19,Sun,Home,D,0,0,Nice,0,13,2,15.4,0.0,0.0,17.6,0.0,0,0,0.9,0.9,0.07,-0.9,-0.9,15:00:00,/en/matches/c5adac5b/Reims-Nice-January-15-2023-Ligue-1
FRA-Ligue 1,2223,Reims,2023-01-29 Paris S-G-Reims,2023-01-29,Matchweek 20,Sun,Away,D,1,1,Paris S-G,1,17,4,23.5,0.06,0.25,15.7,0.0,0,0,2.5,2.5,0.15,-1.5,-1.5,20:45:00,/en/matches/ac8ffacd/Paris-Saint-Germain-Reims-January-29-2023-Ligue-1
FRA-Ligue 1,2223,Reims,2023-02-01 Reims-Lorient,2023-02-01,Matchweek 21,Wed,Home,W,4,2,Lorient,4,30,8,26.7,0.1,0.38,19.8,0.0,1,1,3.8,3.0,0.1,0.2,0.0,19:00:00,/en/matches/e7ec4d4b/Reims-Lorient-February-1-2023-Ligue-1
FRA-Ligue 1,2223,Reims,2023-02-05 Auxerre-Reims,2023-02-05,Matchweek 22,Sun,Away,D,0,0,Auxerre,0,8,4,50.0,0.0,0.0,17.4,1.0,0,0,0.6,0.6,0.08,-0.6,-0.6,15:00:00,/en/matches/384b2fcb/Auxerre-Reims-February-5-2023-Ligue-1
FRA-Ligue 1,2223,Reims,2023-02-12 Reims-Troyes,2023-02-12,Matchweek 23,Sun,Home,W,4,0,Troyes,4,20,10,50.0,0.2,0.4,17.7,1.0,0,0,2.3,2.3,0.12,1.7,1.7,15:00:00,/en/matches/b1ac1305/Reims-Troyes-February-12-2023-Ligue-1
FRA-Ligue 1,2223,Reims,2023-02-18 Nice-Reims,2023-02-18,Matchweek 24,Sat,Away,D,0,0,Nice,0,9,1,11.1,0.0,0.0,18.3,0.0,0,1,1.6,0.7,0.08,-1.6,-0.7,17:00:00,/en/matches/e2d5f3b0/Nice-Reims-February-18-2023-Ligue-1
FRA-Ligue 1,2223,Reims,2023-02-26 Reims-Toulouse,2023-02-26,Matchweek 25,Sun,Home,W,3,0,Toulouse,3,18,6,33.3,0.17,0.5,16.8,0.0,0,0,2.7,2.7,0.16,0.3,0.3,15:00:00,/en/matches/bf387fea/Reims-Toulouse-February-26-2023-Ligue-1
FRA-Ligue 1,2223,Reims,2023-03-05 Reims-Ajaccio,2023-03-05,Matchweek 26,Sun,Home,W,1,0,Ajaccio,1,12,3,25.0,0.08,0.33,23.4,0.0,0,0,0.6,0.6,0.05,0.4,0.4,15:00:00,/en/matches/b317ed7d/Reims-Ajaccio-March-5-2023-Ligue-1
FRA-Ligue 1,2223,Reims,2023-03-12 Monaco-Reims,2023-03-12,Matchweek 27,Sun,Away,W,1,0,Monaco,1,17,8,47.1,0.06,0.13,21.1,0.0,0,0,1.9,1.9,0.11,-0.9,-0.9,17:05:00,/en/matches/65c9aaa1/Monaco-Reims-March-12-2023-Ligue-1
FRA-Ligue 1,2223,Reims,2023-03-19 Reims-Marseille,2023-03-19,Matchweek 28,Sun,Home,L,1,2,Marseille,1,19,6,31.6,0.05,0.17,17.5,1.0,0,0,1.6,1.6,0.09,-0.6,-0.6,20:45:00,/en/matches/0161e53d/Reims-Marseille-March-19-2023-Ligue-1
FRA-Ligue 1,2223,Reims,2023-04-02 Nantes-Reims,2023-04-02,Matchweek 29,Sun,Away,W,3,0,Nantes,3,14,9,64.3,0.21,0.33,17.3,0.0,0,0,2.2,2.2,0.18,0.8,0.8,15:00:00,/en/matches/766e9598/Nantes-Reims-April-2-2023-Ligue-1
FRA-Ligue 1,2223,Reims,2023-04-09 Reims-Brest,2023-04-09,Matchweek 30,Sun,Home,D,1,1,Brest,1,21,4,19.0,0.0,0.0,14.5,1.0,1,1,3.4,2.7,0.14,-2.4,-2.7,15:00:00,/en/matches/4ee67cda/Reims-Brest-April-9-2023-Ligue-1
FRA-Ligue 1,2223,Reims,2023-04-15 Rennes-Reims,2023-04-15,Matchweek 31,Sat,Away,L,0,3,Rennes,0,5,1,20.0,0.0,0.0,13.1,0.0,0,0,0.4,0.4,0.08,-0.4,-0.4,17:00:00,/en/matches/46c859a1/Rennes-Reims-April-15-2023-Ligue-1
FRA-Ligue 1,2223,Reims,2023-04-23 Reims-Strasbourg,2023-04-23,Matchweek 32,Sun,Home,L,0,2,Strasbourg,0,13,5,38.5,0.0,0.0,18.3,2.0,0,0,1.4,1.4,0.1,-1.4,-1.4,13:00:00,/en/matches/bd272f62/Reims-Strasbourg-April-23-2023-Ligue-1
FRA-Ligue 1,2223,Reims,2023-04-30 Clermont Foot-Reims,2023-04-30,Matchweek 33,Sun,Away,L,0,1,Clermont Foot,0,16,3,18.8,0.0,0.0,22.1,1.0,0,0,0.8,0.8,0.05,-0.8,-0.8,15:00:00,/en/matches/4cdd261a/Clermont-Foot-Reims-April-30-2023-Ligue-1
FRA-Ligue 1,2223,Reims,2023-05-06 Reims-Lille,2023-05-06,Matchweek 34,Sat,Home,W,1,0,Lille,1,14,4,28.6,0.07,0.25,16.2,0.0,0,0,2.0,2.0,0.17,-1.0,-1.0,19:00:00,/en/matches/f281e140/Reims-Lille-May-6-2023-Ligue-1
FRA-Ligue 1,2223,Reims,2023-05-12 Lens-Reims,2023-05-12,Matchweek 35,Fri,Away,L,1,2,Lens,1,16,2,12.5,0.0,0.0,18.6,0.0,1,1,1.7,0.9,0.06,-0.7,-0.9,21:00:00,/en/matches/7e1c8564/Lens-Reims-May-12-2023-Ligue-1
FRA-Ligue 1,2223,Reims,2023-05-21 Reims-Angers,2023-05-21,Matchweek 36,Sun,Home,D,2,2,Angers,2,11,4,36.4,0.18,0.5,13.8,0.0,0,0,1.5,1.5,0.14,0.5,0.5,15:00:00,/en/matches/908507af/Reims-Angers-May-21-2023-Ligue-1
FRA-Ligue 1,2223,Reims,2023-05-27 Lyon-Reims,2023-05-27,Matchweek 37,Sat,Away,L,0,3,Lyon,0,10,1,10.0,0.0,0.0,19.8,1.0,0,0,1.1,1.1,0.11,-1.1,-1.1,21:00:00,/en/matches/27815d03/Lyon-Reims-May-27-2023-Ligue-1
FRA-Ligue 1,2223,Reims,2023-06-03 Reims-Montpellier,2023-06-03,Matchweek 38,Sat,Home,L,1,3,Montpellier,1,11,5,45.5,0.09,0.2,18.1,0.0,0,0,1.5,1.5,0.15,-0.5,-0.5,21:00:00,/en/matches/3dc2cde4/Reims-Montpellier-June-3-2023-Ligue-1
FRA-Ligue 1,2223,Rennes,2022-08-07 Rennes-Lorient,2022-08-07,Matchweek 1,Sun,Home,L,0,1,Lorient,0,21,6,28.6,0.0,0.0,16.6,0.0,0,0,1.8,1.8,0.09,-1.8,-1.8,17:05:00,/en/matches/8ff3f9dd/Rennes-Lorient-August-7-2022-Ligue-1
FRA-Ligue 1,2223,Rennes,2022-08-13 Monaco-Rennes,2022-08-13,Matchweek 2,Sat,Away,D,1,1,Monaco,1,24,8,33.3,0.04,0.13,17.8,0.0,0,0,2.1,2.1,0.09,-1.1,-1.1,17:00:00,/en/matches/86562a7e/Monaco-Rennes-August-13-2022-Ligue-1
FRA-Ligue 1,2223,Rennes,2022-08-21 Rennes-Ajaccio,2022-08-21,Matchweek 3,Sun,Home,W,2,1,Ajaccio,2,16,7,43.8,0.13,0.29,17.8,1.0,0,0,1.2,1.2,0.07,0.8,0.8,17:05:00,/en/matches/9befca9a/Rennes-Ajaccio-August-21-2022-Ligue-1
FRA-Ligue 1,2223,Rennes,2022-08-27 Lens-Rennes,2022-08-27,Matchweek 4,Sat,Away,L,1,2,Lens,1,12,6,50.0,0.08,0.17,16.1,0.0,0,0,1.0,1.0,0.09,0.0,0.0,21:00:00,/en/matches/a46ef768/Lens-Rennes-August-27-2022-Ligue-1
FRA-Ligue 1,2223,Rennes,2022-08-31 Rennes-Brest,2022-08-31,Matchweek 5,Wed,Home,W,3,1,Brest,3,16,9,56.3,0.19,0.33,16.3,0.0,0,0,1.5,1.5,0.09,1.5,1.5,21:00:00,/en/matches/b9bd2221/Rennes-Brest-August-31-2022-Ligue-1
FRA-Ligue 1,2223,Rennes,2022-09-04 Troyes-Rennes,2022-09-04,Matchweek 6,Sun,Away,D,1,1,Troyes,1,19,6,31.6,0.05,0.17,14.5,1.0,0,0,2.4,2.4,0.13,-1.4,-1.4,17:05:00,/en/matches/e174ad85/Troyes-Rennes-September-4-2022-Ligue-1
FRA-Ligue 1,2223,Rennes,2022-09-11 Rennes-Auxerre,2022-09-11,Matchweek 7,Sun,Home,W,5,0,Auxerre,5,12,8,66.7,0.42,0.63,12.8,1.0,0,0,1.6,1.6,0.14,3.4,3.4,17:05:00,/en/matches/16d3a368/Rennes-Auxerre-September-11-2022-Ligue-1
FRA-Ligue 1,2223,Rennes,2022-09-18 Marseille-Rennes,2022-09-18,Matchweek 8,Sun,Away,D,1,1,Marseille,0,11,4,36.4,0.0,0.0,16.6,0.0,0,0,1.2,1.2,0.12,-1.2,-1.2,15:00:00,/en/matches/abf90423/Marseille-Rennes-September-18-2022-Ligue-1
FRA-Ligue 1,2223,Rennes,2022-10-01 Strasbourg-Rennes,2022-10-01,Matchweek 9,Sat,Away,W,3,1,Strasbourg,3,17,7,41.2,0.18,0.43,15.9,1.0,0,0,3.2,3.2,0.2,-0.2,-0.2,17:00:00,/en/matches/304c5e6e/Strasbourg-Rennes-October-1-2022-Ligue-1
FRA-Ligue 1,2223,Rennes,2022-10-09 Rennes-Nantes,2022-10-09,Matchweek 10,Sun,Home,W,3,0,Nantes,3,14,4,28.6,0.21,0.75,14.7,0.0,0,0,1.8,1.8,0.13,1.2,1.2,17:05:00,/en/matches/c2be4bef/Rennes-Nantes-October-9-2022-Ligue-1
FRA-Ligue 1,2223,Rennes,2022-10-16 Rennes-Lyon,2022-10-16,Matchweek 11,Sun,Home,W,3,2,Lyon,3,14,5,35.7,0.21,0.6,15.1,0.0,0,0,1.6,1.6,0.12,1.4,1.4,15:00:00,/en/matches/62b68f87/Rennes-Lyon-October-16-2022-Ligue-1
FRA-Ligue 1,2223,Rennes,2022-10-23 Angers-Rennes,2022-10-23,Matchweek 12,Sun,Away,W,2,1,Angers,2,13,4,30.8,0.08,0.25,15.2,2.0,1,1,2.2,1.5,0.11,-0.2,-0.5,13:00:00,/en/matches/c9d3fd4b/Angers-Rennes-October-23-2022-Ligue-1
FRA-Ligue 1,2223,Rennes,2022-10-30 Rennes-Montpellier,2022-10-30,Matchweek 13,Sun,Home,W,3,0,Montpellier,3,14,3,21.4,0.21,1.0,19.2,0.0,0,0,1.2,1.2,0.09,1.8,1.8,15:00:00,/en/matches/5a0894db/Rennes-Montpellier-October-30-2022-Ligue-1
FRA-Ligue 1,2223,Rennes,2022-11-06 Lille-Rennes,2022-11-06,Matchweek 14,Sun,Away,D,1,1,Lille,1,2,1,50.0,0.0,0.0,17.7,0.0,1,1,0.9,0.1,0.07,0.1,-0.1,17:05:00,/en/matches/004b284e/Lille-Rennes-November-6-2022-Ligue-1
FRA-Ligue 1,2223,Rennes,2022-11-12 Rennes-Toulouse,2022-11-12,Matchweek 15,Sat,Home,W,2,1,Toulouse,2,16,8,50.0,0.13,0.25,16.7,0.0,0,0,2.1,2.1,0.15,-0.1,-0.1,21:00:00,/en/matches/f352bc06/Rennes-Toulouse-November-12-2022-Ligue-1
FRA-Ligue 1,2223,Rennes,2022-12-29 Reims-Rennes,2022-12-29,Matchweek 16,Thu,Away,L,1,3,Reims,1,11,5,45.5,0.09,0.2,14.4,0.0,0,0,1.6,1.6,0.14,-0.6,-0.6,19:00:00,/en/matches/ae3fb1a3/Reims-Rennes-December-29-2022-Ligue-1
FRA-Ligue 1,2223,Rennes,2023-01-02 Rennes-Nice,2023-01-02,Matchweek 17,Mon,Home,W,2,1,Nice,2,20,5,25.0,0.1,0.4,14.3,0.0,0,0,1.9,1.9,0.1,0.1,0.1,21:00:00,/en/matches/4d3e283f/Rennes-Nice-January-2-2023-Ligue-1
FRA-Ligue 1,2223,Rennes,2023-01-11 Clermont Foot-Rennes,2023-01-11,Matchweek 18,Wed,Away,L,1,2,Clermont Foot,1,9,2,22.2,0.11,0.5,15.8,0.0,0,0,1.1,1.1,0.13,-0.1,-0.1,19:00:00,/en/matches/560bb258/Clermont-Foot-Rennes-January-11-2023-Ligue-1
FRA-Ligue 1,2223,Rennes,2023-01-15 Rennes-Paris S-G,2023-01-15,Matchweek 19,Sun,Home,W,1,0,Paris S-G,1,8,6,75.0,0.13,0.17,20.0,2.0,0,0,0.8,0.8,0.1,0.2,0.2,20:45:00,/en/matches/a1cfed8d/Rennes-Paris-Saint-Germain-January-15-2023-Ligue-1
FRA-Ligue 1,2223,Rennes,2023-01-27 Lorient-Rennes,2023-01-27,Matchweek 20,Fri,Away,L,1,2,Lorient,1,19,6,31.6,0.05,0.17,19.6,0.0,0,0,1.5,1.5,0.08,-0.5,-0.5,21:00:00,/en/matches/b1b646a8/Lorient-Rennes-January-27-2023-Ligue-1
FRA-Ligue 1,2223,Rennes,2023-02-01 Rennes-Strasbourg,2023-02-01,Matchweek 21,Wed,Home,W,3,0,Strasbourg,3,6,3,50.0,0.5,1.0,16.8,0.0,0,0,1.1,1.1,0.19,1.9,1.9,21:00:00,/en/matches/cdc46e1d/Rennes-Strasbourg-February-1-2023-Ligue-1
FRA-Ligue 1,2223,Rennes,2023-02-04 Rennes-Lille,2023-02-04,Matchweek 22,Sat,Home,L,1,3,Lille,1,10,6,60.0,0.1,0.17,14.6,0.0,0,0,1.8,1.8,0.18,-0.8,-0.8,21:00:00,/en/matches/b405d94b/Rennes-Lille-February-4-2023-Ligue-1
FRA-Ligue 1,2223,Rennes,2023-02-12 Toulouse-Rennes,2023-02-12,Matchweek 23,Sun,Away,L,1,3,Toulouse,0,13,4,30.8,0.0,0.0,17.5,0.0,0,0,1.3,1.3,0.11,-1.3,-1.3,13:00:00,/en/matches/65d07eec/Toulouse-Rennes-February-12-2023-Ligue-1
FRA-Ligue 1,2223,Rennes,2023-02-19 Rennes-Clermont Foot,2023-02-19,Matchweek 24,Sun,Home,W,2,0,Clermont Foot,2,18,6,33.3,0.11,0.33,18.8,1.0,0,0,2.4,2.4,0.14,-0.4,-0.4,15:00:00,/en/matches/e1b735e0/Rennes-Clermont-Foot-February-19-2023-Ligue-1
FRA-Ligue 1,2223,Rennes,2023-02-26 Nantes-Rennes,2023-02-26,Matchweek 25,Sun,Away,W,1,0,Nantes,1,12,3,25.0,0.08,0.33,18.6,0.0,0,0,1.1,1.1,0.09,-0.1,-0.1,15:00:00,/en/matches/faf5f698/Nantes-Rennes-February-26-2023-Ligue-1
FRA-Ligue 1,2223,Rennes,2023-03-05 Rennes-Marseille,2023-03-05,Matchweek 26,Sun,Home,L,0,1,Marseille,0,13,2,15.4,0.0,0.0,13.5,0.0,0,0,1.0,1.0,0.08,-1.0,-1.0,20:45:00,/en/matches/723f16d0/Rennes-Marseille-March-5-2023-Ligue-1
FRA-Ligue 1,2223,Rennes,2023-03-11 Auxerre-Rennes,2023-03-11,Matchweek 27,Sat,Away,D,0,0,Auxerre,0,7,2,28.6,0.0,0.0,17.2,0.0,0,0,0.5,0.5,0.07,-0.5,-0.5,17:00:00,/en/matches/edf3e1c0/Auxerre-Rennes-March-11-2023-Ligue-1
FRA-Ligue 1,2223,Rennes,2023-03-19 Paris S-G-Rennes,2023-03-19,Matchweek 28,Sun,Away,W,2,0,Paris S-G,2,10,3,30.0,0.2,0.67,14.2,0.0,0,0,1.5,1.5,0.15,0.5,0.5,17:05:00,/en/matches/9acfad51/Paris-Saint-Germain-Rennes-March-19-2023-Ligue-1
FRA-Ligue 1,2223,Rennes,2023-04-01 Rennes-Lens,2023-04-01,Matchweek 29,Sat,Home,L,0,1,Lens,0,10,3,30.0,0.0,0.0,18.8,1.0,0,0,1.0,1.0,0.1,-1.0,-1.0,21:00:00,/en/matches/1130a1b6/Rennes-Lens-April-1-2023-Ligue-1
FRA-Ligue 1,2223,Rennes,2023-04-09 Lyon-Rennes,2023-04-09,Matchweek 30,Sun,Away,L,1,3,Lyon,1,11,3,27.3,0.09,0.33,16.9,1.0,0,0,1.1,1.1,0.1,-0.1,-0.1,13:00:00,/en/matches/f258dab1/Lyon-Rennes-April-9-2023-Ligue-1
FRA-Ligue 1,2223,Rennes,2023-04-15 Rennes-Reims,2023-04-15,Matchweek 31,Sat,Home,W,3,0,Reims,3,23,8,34.8,0.13,0.38,15.2,1.0,0,0,2.9,2.9,0.13,0.1,0.1,17:00:00,/en/matches/46c859a1/Rennes-Reims-April-15-2023-Ligue-1
FRA-Ligue 1,2223,Rennes,2023-04-23 Montpellier-Rennes,2023-04-23,Matchweek 32,Sun,Away,L,0,1,Montpellier,0,16,4,25.0,0.0,0.0,18.9,0.0,0,0,1.1,1.1,0.07,-1.1,-1.1,17:05:00,/en/matches/f605cc42/Montpellier-Rennes-April-23-2023-Ligue-1
FRA-Ligue 1,2223,Rennes,2023-04-30 Rennes-Angers,2023-04-30,Matchweek 33,Sun,Home,W,4,2,Angers,3,13,4,30.8,0.23,0.75,12.6,0.0,0,0,2.1,2.1,0.16,0.9,0.9,15:00:00,/en/matches/8a1bae48/Rennes-Angers-April-30-2023-Ligue-1
FRA-Ligue 1,2223,Rennes,2023-05-06 Nice-Rennes,2023-05-06,Matchweek 34,Sat,Away,L,1,2,Nice,1,14,4,28.6,0.07,0.25,19.4,1.0,0,0,1.3,1.3,0.09,-0.3,-0.3,17:00:00,/en/matches/7892fd01/Nice-Rennes-May-6-2023-Ligue-1
FRA-Ligue 1,2223,Rennes,2023-05-14 Rennes-Troyes,2023-05-14,Matchweek 35,Sun,Home,W,4,0,Troyes,4,26,9,34.6,0.15,0.44,13.0,1.0,0,0,3.9,3.9,0.17,0.1,0.1,15:00:00,/en/matches/ed2523e7/Rennes-Troyes-May-14-2023-Ligue-1
FRA-Ligue 1,2223,Rennes,2023-05-21 Ajaccio-Rennes,2023-05-21,Matchweek 36,Sun,Away,W,5,0,Ajaccio,5,13,7,53.8,0.38,0.71,16.3,0.0,0,0,1.3,1.3,0.1,3.7,3.7,13:00:00,/en/matches/3f140dc2/Ajaccio-Rennes-May-21-2023-Ligue-1
FRA-Ligue 1,2223,Rennes,2023-05-27 Rennes-Monaco,2023-05-27,Matchweek 37,Sat,Home,W,2,0,Monaco,2,12,6,50.0,0.17,0.33,17.5,0.0,0,0,1.3,1.3,0.11,0.7,0.7,21:00:00,/en/matches/25f4ccfb/Rennes-Monaco-May-27-2023-Ligue-1
FRA-Ligue 1,2223,Rennes,2023-06-03 Brest-Rennes,2023-06-03,Matchweek 38,Sat,Away,W,2,1,Brest,2,11,2,18.2,0.09,0.5,18.0,1.0,1,1,1.9,1.1,0.1,0.1,-0.1,21:00:00,/en/matches/e9d9bb82/Brest-Rennes-June-3-2023-Ligue-1
FRA-Ligue 1,2223,Strasbourg,2022-08-06 Strasbourg-Monaco,2022-08-06,Matchweek 1,Sat,Home,L,1,2,Monaco,1,11,7,63.6,0.09,0.14,16.3,1.0,0,0,0.8,0.8,0.07,0.2,0.2,17:00:00,/en/matches/b9e7f94c/Strasbourg-Monaco-August-6-2022-Ligue-1
FRA-Ligue 1,2223,Strasbourg,2022-08-14 Nice-Strasbourg,2022-08-14,Matchweek 2,Sun,Away,D,1,1,Nice,1,9,5,55.6,0.11,0.2,18.8,0.0,0,0,0.9,0.9,0.1,0.1,0.1,17:05:00,/en/matches/d1bb8afd/Nice-Strasbourg-August-14-2022-Ligue-1
FRA-Ligue 1,2223,Strasbourg,2022-08-21 Strasbourg-Reims,2022-08-21,Matchweek 3,Sun,Home,D,1,1,Reims,1,12,3,25.0,0.08,0.33,15.2,1.0,0,0,1.2,1.2,0.1,-0.2,-0.2,13:00:00,/en/matches/be90ec61/Strasbourg-Reims-August-21-2022-Ligue-1
FRA-Ligue 1,2223,Strasbourg,2022-08-27 Auxerre-Strasbourg,2022-08-27,Matchweek 4,Sat,Away,L,0,1,Auxerre,0,14,4,28.6,0.0,0.0,16.8,0.0,0,0,1.3,1.3,0.09,-1.3,-1.3,17:00:00,/en/matches/0bd45b22/Auxerre-Strasbourg-August-27-2022-Ligue-1
FRA-Ligue 1,2223,Strasbourg,2022-08-31 Strasbourg-Nantes,2022-08-31,Matchweek 5,Wed,Home,D,1,1,Nantes,1,5,2,40.0,0.2,0.5,22.7,1.0,0,0,0.4,0.4,0.08,0.6,0.6,19:00:00,/en/matches/6a2fc46c/Strasbourg-Nantes-August-31-2022-Ligue-1
FRA-Ligue 1,2223,Strasbourg,2022-09-04 Brest-Strasbourg,2022-09-04,Matchweek 6,Sun,Away,D,1,1,Brest,1,9,2,22.2,0.0,0.0,19.0,2.0,1,1,2.4,1.6,0.18,-1.4,-1.6,15:00:00,/en/matches/a4f51170/Brest-Strasbourg-September-4-2022-Ligue-1
FRA-Ligue 1,2223,Strasbourg,2022-09-11 Strasbourg-Clermont Foot,2022-09-11,Matchweek 7,Sun,Home,D,0,0,Clermont Foot,0,12,3,25.0,0.0,0.0,13.5,1.0,0,0,1.2,1.2,0.1,-1.2,-1.2,13:00:00,/en/matches/198f2034/Strasbourg-Clermont-Foot-September-11-2022-Ligue-1
FRA-Ligue 1,2223,Strasbourg,2022-09-17 Montpellier-Strasbourg,2022-09-17,Matchweek 8,Sat,Away,L,1,2,Montpellier,1,8,2,25.0,0.13,0.5,16.6,0.0,0,0,0.6,0.6,0.08,0.4,0.4,17:00:00,/en/matches/ea79c10f/Montpellier-Strasbourg-September-17-2022-Ligue-1
FRA-Ligue 1,2223,Strasbourg,2022-10-01 Strasbourg-Rennes,2022-10-01,Matchweek 9,Sat,Home,L,1,3,Rennes,1,8,2,25.0,0.0,0.0,20.8,1.0,1,1,1.3,0.5,0.06,-0.3,-0.5,17:00:00,/en/matches/304c5e6e/Strasbourg-Rennes-October-1-2022-Ligue-1
FRA-Ligue 1,2223,Strasbourg,2022-10-09 Angers-Strasbourg,2022-10-09,Matchweek 10,Sun,Away,W,3,2,Angers,2,15,7,46.7,0.13,0.29,13.8,0.0,0,0,2.0,2.0,0.14,0.0,0.0,15:00:00,/en/matches/bc649871/Angers-Strasbourg-October-9-2022-Ligue-1
FRA-Ligue 1,2223,Strasbourg,2022-10-14 Strasbourg-Lille,2022-10-14,Matchweek 11,Fri,Home,L,0,3,Lille,0,12,1,8.3,0.0,0.0,21.6,0.0,0,0,0.6,0.6,0.05,-0.6,-0.6,21:00:00,/en/matches/5004b998/Strasbourg-Lille-October-14-2022-Ligue-1
FRA-Ligue 1,2223,Strasbourg,2022-10-23 Toulouse-Strasbourg,2022-10-23,Matchweek 12,Sun,Away,D,2,2,Toulouse,2,10,4,40.0,0.2,0.5,16.6,0.0,0,1,1.8,0.8,0.08,0.2,1.2,15:00:00,/en/matches/ef6dff8d/Toulouse-Strasbourg-October-23-2022-Ligue-1
FRA-Ligue 1,2223,Strasbourg,2022-10-29 Strasbourg-Marseille,2022-10-29,Matchweek 13,Sat,Home,D,2,2,Marseille,2,12,5,41.7,0.17,0.4,14.2,0.0,0,0,1.1,1.1,0.1,0.9,0.9,21:00:00,/en/matches/be8af29c/Strasbourg-Marseille-October-29-2022-Ligue-1
FRA-Ligue 1,2223,Strasbourg,2022-11-05 Ajaccio-Strasbourg,2022-11-05,Matchweek 14,Sat,Away,L,2,4,Ajaccio,2,9,5,55.6,0.22,0.4,18.2,1.0,0,0,0.9,0.9,0.09,1.1,1.1,17:00:00,/en/matches/ce07c8bb/Ajaccio-Strasbourg-November-5-2022-Ligue-1
FRA-Ligue 1,2223,Strasbourg,2022-11-13 Strasbourg-Lorient,2022-11-13,Matchweek 15,Sun,Home,D,1,1,Lorient,1,20,4,20.0,0.05,0.25,19.1,0.0,0,0,2.3,2.3,0.11,-1.3,-1.3,17:05:00,/en/matches/d02cfa28/Strasbourg-Lorient-November-13-2022-Ligue-1
FRA-Ligue 1,2223,Strasbourg,2022-12-28 Paris S-G-Strasbourg,2022-12-28,Matchweek 16,Wed,Away,L,1,2,Paris S-G,0,12,3,25.0,0.0,0.0,16.1,0.0,0,0,1.3,1.3,0.11,-1.3,-1.3,21:00:00,/en/matches/c4b9d773/Paris-Saint-Germain-Strasbourg-December-28-2022-Ligue-1
FRA-Ligue 1,2223,Strasbourg,2023-01-02 Strasbourg-Troyes,2023-01-02,Matchweek 17,Mon,Home,L,2,3,Troyes,2,17,7,41.2,0.12,0.29,17.7,1.0,0,0,1.1,1.1,0.07,0.9,0.9,15:00:00,/en/matches/f8182d7b/Strasbourg-Troyes-January-2-2023-Ligue-1
FRA-Ligue 1,2223,Strasbourg,2023-01-11 Strasbourg-Lens,2023-01-11,Matchweek 18,Wed,Home,D,2,2,Lens,2,9,6,66.7,0.22,0.33,19.2,0.0,0,0,0.8,0.8,0.09,1.2,1.2,21:00:00,/en/matches/e91d3b16/Strasbourg-Lens-January-11-2023-Ligue-1
FRA-Ligue 1,2223,Strasbourg,2023-01-14 Lyon-Strasbourg,2023-01-14,Matchweek 19,Sat,Away,W,2,1,Lyon,2,8,4,50.0,0.25,0.5,16.6,0.0,0,0,1.1,1.1,0.23,0.9,0.9,21:00:00,/en/matches/6016edce/Lyon-Strasbourg-January-14-2023-Ligue-1
FRA-Ligue 1,2223,Strasbourg,2023-01-29 Strasbourg-Toulouse,2023-01-29,Matchweek 20,Sun,Home,L,1,2,Toulouse,1,11,2,18.2,0.09,0.5,19.0,1.0,0,0,1.3,1.3,0.12,-0.3,-0.3,15:00:00,/en/matches/a2c720b1/Strasbourg-Toulouse-January-29-2023-Ligue-1
FRA-Ligue 1,2223,Strasbourg,2023-02-01 Rennes-Strasbourg,2023-02-01,Matchweek 21,Wed,Away,L,0,3,Rennes,0,3,0,0.0,0.0,,16.6,0.0,0,0,0.1,0.1,0.05,-0.1,-0.1,21:00:00,/en/matches/cdc46e1d/Rennes-Strasbourg-February-1-2023-Ligue-1
FRA-Ligue 1,2223,Strasbourg,2023-02-05 Strasbourg-Montpellier,2023-02-05,Matchweek 22,Sun,Home,W,2,0,Montpellier,2,6,2,33.3,0.33,1.0,12.6,0.0,0,0,0.9,0.9,0.14,1.1,1.1,15:00:00,/en/matches/1b074cd2/Strasbourg-Montpellier-February-5-2023-Ligue-1
FRA-Ligue 1,2223,Strasbourg,2023-02-12 Lille-Strasbourg,2023-02-12,Matchweek 23,Sun,Away,L,0,2,Lille,0,5,0,0.0,0.0,,19.8,0.0,0,0,0.3,0.3,0.07,-0.3,-0.3,15:00:00,/en/matches/5bcb2b4d/Lille-Strasbourg-February-12-2023-Ligue-1
FRA-Ligue 1,2223,Strasbourg,2023-02-18 Strasbourg-Angers,2023-02-18,Matchweek 24,Sat,Home,W,2,1,Angers,2,18,5,27.8,0.11,0.4,16.6,1.0,0,0,1.7,1.7,0.09,0.3,0.3,21:00:00,/en/matches/7981e432/Strasbourg-Angers-February-18-2023-Ligue-1
FRA-Ligue 1,2223,Strasbourg,2023-02-26 Clermont Foot-Strasbourg,2023-02-26,Matchweek 25,Sun,Away,D,1,1,Clermont Foot,1,12,6,50.0,0.08,0.17,15.6,0.0,0,0,1.2,1.2,0.1,-0.2,-0.2,15:00:00,/en/matches/3c41bf64/Clermont-Foot-Strasbourg-February-26-2023-Ligue-1
FRA-Ligue 1,2223,Strasbourg,2023-03-05 Strasbourg-Brest,2023-03-05,Matchweek 26,Sun,Home,L,0,1,Brest,0,16,4,25.0,0.0,0.0,17.7,1.0,0,0,1.2,1.2,0.08,-1.2,-1.2,15:00:00,/en/matches/9971c1e8/Strasbourg-Brest-March-5-2023-Ligue-1
FRA-Ligue 1,2223,Strasbourg,2023-03-12 Marseille-Strasbourg,2023-03-12,Matchweek 27,Sun,Away,D,2,2,Marseille,2,24,8,33.3,0.08,0.25,17.8,1.0,0,0,2.1,2.1,0.09,-0.1,-0.1,20:45:00,/en/matches/5bd3872f/Marseille-Strasbourg-March-12-2023-Ligue-1
FRA-Ligue 1,2223,Strasbourg,2023-03-19 Strasbourg-Auxerre,2023-03-19,Matchweek 28,Sun,Home,W,2,0,Auxerre,2,12,5,41.7,0.17,0.4,16.4,0.0,0,1,2.8,1.9,0.16,-0.8,0.1,15:00:00,/en/matches/8c7d3708/Strasbourg-Auxerre-March-19-2023-Ligue-1
FRA-Ligue 1,2223,Strasbourg,2023-04-02 Monaco-Strasbourg,2023-04-02,Matchweek 29,Sun,Away,L,3,4,Monaco,2,13,6,46.2,0.15,0.33,19.1,0.0,0,0,1.5,1.5,0.11,0.5,0.5,17:05:00,/en/matches/87a8aadf/Monaco-Strasbourg-April-2-2023-Ligue-1
FRA-Ligue 1,2223,Strasbourg,2023-04-07 Lens-Strasbourg,2023-04-07,Matchweek 30,Fri,Away,L,1,2,Lens,1,13,3,23.1,0.08,0.33,19.8,1.0,0,0,0.8,0.8,0.06,0.2,0.2,21:00:00,/en/matches/c64ab24a/Lens-Strasbourg-April-7-2023-Ligue-1
FRA-Ligue 1,2223,Strasbourg,2023-04-16 Strasbourg-Ajaccio,2023-04-16,Matchweek 31,Sun,Home,W,3,1,Ajaccio,3,11,4,36.4,0.18,0.5,20.0,1.0,1,1,1.6,0.8,0.07,1.4,1.2,15:00:00,/en/matches/c4b417d4/Strasbourg-Ajaccio-April-16-2023-Ligue-1
FRA-Ligue 1,2223,Strasbourg,2023-04-23 Reims-Strasbourg,2023-04-23,Matchweek 32,Sun,Away,W,2,0,Reims,2,9,3,33.3,0.22,0.67,14.4,0.0,0,0,0.8,0.8,0.09,1.2,1.2,13:00:00,/en/matches/bd272f62/Reims-Strasbourg-April-23-2023-Ligue-1
FRA-Ligue 1,2223,Strasbourg,2023-04-28 Strasbourg-Lyon,2023-04-28,Matchweek 33,Fri,Home,L,1,2,Lyon,1,11,3,27.3,0.09,0.33,17.4,1.0,0,0,1.3,1.3,0.12,-0.3,-0.3,21:00:00,/en/matches/7102beec/Strasbourg-Lyon-April-28-2023-Ligue-1
FRA-Ligue 1,2223,Strasbourg,2023-05-07 Nantes-Strasbourg,2023-05-07,Matchweek 34,Sun,Away,W,2,0,Nantes,2,7,4,57.1,0.14,0.25,15.8,0.0,1,1,2.2,1.4,0.2,-0.2,-0.4,15:00:00,/en/matches/8411b267/Nantes-Strasbourg-May-7-2023-Ligue-1
FRA-Ligue 1,2223,Strasbourg,2023-05-13 Strasbourg-Nice,2023-05-13,Matchweek 35,Sat,Home,W,2,0,Nice,2,11,2,18.2,0.09,0.5,14.5,0.0,1,1,2.0,1.2,0.11,0.0,-0.2,17:00:00,/en/matches/c505aa59/Strasbourg-Nice-May-13-2023-Ligue-1
FRA-Ligue 1,2223,Strasbourg,2023-05-21 Troyes-Strasbourg,2023-05-21,Matchweek 36,Sun,Away,D,1,1,Troyes,1,16,5,31.3,0.06,0.2,18.5,2.0,0,0,1.6,1.6,0.1,-0.6,-0.6,15:00:00,/en/matches/bfbeee1e/Troyes-Strasbourg-May-21-2023-Ligue-1
FRA-Ligue 1,2223,Strasbourg,2023-05-27 Strasbourg-Paris S-G,2023-05-27,Matchweek 37,Sat,Home,D,1,1,Paris S-G,1,17,5,29.4,0.06,0.2,20.6,1.0,0,0,1.2,1.2,0.08,-0.2,-0.2,21:00:00,/en/matches/b78590c5/Strasbourg-Paris-Saint-Germain-May-27-2023-Ligue-1
FRA-Ligue 1,2223,Strasbourg,2023-06-03 Lorient-Strasbourg,2023-06-03,Matchweek 38,Sat,Away,L,1,2,Lorient,1,15,7,46.7,0.07,0.14,20.2,2.0,0,0,1.0,1.0,0.07,0.0,0.0,21:00:00,/en/matches/a744a9bd/Lorient-Strasbourg-June-3-2023-Ligue-1
FRA-Ligue 1,2223,Toulouse,2022-08-07 Toulouse-Nice,2022-08-07,Matchweek 1,Sun,Home,D,1,1,Nice,1,6,3,50.0,0.17,0.33,10.4,0.0,0,0,0.9,0.9,0.15,0.1,0.1,13:00:00,/en/matches/8f2f241b/Toulouse-Nice-August-7-2022-Ligue-1
FRA-Ligue 1,2223,Toulouse,2022-08-14 Troyes-Toulouse,2022-08-14,Matchweek 2,Sun,Away,W,3,0,Troyes,2,10,4,40.0,0.2,0.5,18.5,1.0,0,0,1.5,1.5,0.16,0.5,0.5,15:00:00,/en/matches/f60d97c0/Troyes-Toulouse-August-14-2022-Ligue-1
FRA-Ligue 1,2223,Toulouse,2022-08-21 Toulouse-Lorient,2022-08-21,Matchweek 3,Sun,Home,D,2,2,Lorient,2,16,8,50.0,0.13,0.25,12.9,1.0,0,0,1.8,1.8,0.13,0.2,0.2,15:00:00,/en/matches/8fd476c8/Toulouse-Lorient-August-21-2022-Ligue-1
FRA-Ligue 1,2223,Toulouse,2022-08-28 Nantes-Toulouse,2022-08-28,Matchweek 4,Sun,Away,L,1,3,Nantes,1,9,3,33.3,0.11,0.33,14.3,0.0,0,0,0.6,0.6,0.07,0.4,0.4,13:00:00,/en/matches/211a8d64/Nantes-Toulouse-August-28-2022-Ligue-1
FRA-Ligue 1,2223,Toulouse,2022-08-31 Toulouse-Paris S-G,2022-08-31,Matchweek 5,Wed,Home,L,0,3,Paris S-G,0,14,7,50.0,0.0,0.0,21.3,1.0,0,0,0.8,0.8,0.05,-0.8,-0.8,21:00:00,/en/matches/63fb1427/Toulouse-Paris-Saint-Germain-August-31-2022-Ligue-1
FRA-Ligue 1,2223,Toulouse,2022-09-04 Clermont Foot-Toulouse,2022-09-04,Matchweek 6,Sun,Away,L,0,2,Clermont Foot,0,14,3,21.4,0.0,0.0,17.1,2.0,0,0,1.3,1.3,0.1,-1.3,-1.3,15:00:00,/en/matches/20d46d25/Clermont-Foot-Toulouse-September-4-2022-Ligue-1
FRA-Ligue 1,2223,Toulouse,2022-09-11 Toulouse-Reims,2022-09-11,Matchweek 7,Sun,Home,W,1,0,Reims,1,14,3,21.4,0.07,0.33,18.6,2.0,0,0,1.3,1.3,0.09,-0.3,-0.3,15:00:00,/en/matches/9f57e775/Toulouse-Reims-September-11-2022-Ligue-1
FRA-Ligue 1,2223,Toulouse,2022-09-17 Lille-Toulouse,2022-09-17,Matchweek 8,Sat,Away,L,1,2,Lille,1,14,5,35.7,0.07,0.2,17.2,0.0,0,0,0.8,0.8,0.06,0.2,0.2,21:00:00,/en/matches/00795804/Lille-Toulouse-September-17-2022-Ligue-1
FRA-Ligue 1,2223,Toulouse,2022-10-02 Toulouse-Montpellier,2022-10-02,Matchweek 9,Sun,Home,W,4,2,Montpellier,4,12,5,41.7,0.33,0.8,18.2,0.0,0,0,1.7,1.7,0.14,2.3,2.3,15:00:00,/en/matches/b53830d8/Toulouse-Montpellier-October-2-2022-Ligue-1
FRA-Ligue 1,2223,Toulouse,2022-10-07 Lyon-Toulouse,2022-10-07,Matchweek 10,Fri,Away,D,1,1,Lyon,1,5,2,40.0,0.2,0.5,14.5,0.0,0,0,0.5,0.5,0.11,0.5,0.5,21:00:00,/en/matches/3e063ecd/Lyon-Toulouse-October-7-2022-Ligue-1
FRA-Ligue 1,2223,Toulouse,2022-10-16 Toulouse-Angers,2022-10-16,Matchweek 11,Sun,Home,W,3,2,Angers,3,13,5,38.5,0.15,0.4,21.5,1.0,1,1,2.4,1.6,0.13,0.6,0.4,13:00:00,/en/matches/4b81fd1f/Toulouse-Angers-October-16-2022-Ligue-1
FRA-Ligue 1,2223,Toulouse,2022-10-23 Toulouse-Strasbourg,2022-10-23,Matchweek 12,Sun,Home,D,2,2,Strasbourg,2,17,6,35.3,0.12,0.33,12.8,0.0,0,0,2.2,2.2,0.13,-0.2,-0.2,15:00:00,/en/matches/ef6dff8d/Toulouse-Strasbourg-October-23-2022-Ligue-1
FRA-Ligue 1,2223,Toulouse,2022-10-28 Lens-Toulouse,2022-10-28,Matchweek 13,Fri,Away,L,0,3,Lens,0,9,0,0.0,0.0,,17.7,0.0,0,0,0.7,0.7,0.08,-0.7,-0.7,21:00:00,/en/matches/95ff5e13/Lens-Toulouse-October-28-2022-Ligue-1
FRA-Ligue 1,2223,Toulouse,2022-11-06 Toulouse-Monaco,2022-11-06,Matchweek 14,Sun,Home,L,0,2,Monaco,0,13,5,38.5,0.0,0.0,19.9,1.0,0,0,0.7,0.7,0.06,-0.7,-0.7,15:00:00,/en/matches/4c62ed91/Toulouse-Monaco-November-6-2022-Ligue-1
FRA-Ligue 1,2223,Toulouse,2022-11-12 Rennes-Toulouse,2022-11-12,Matchweek 15,Sat,Away,L,1,2,Rennes,1,10,4,40.0,0.1,0.25,17.7,0.0,0,0,1.0,1.0,0.1,0.0,0.0,21:00:00,/en/matches/f352bc06/Rennes-Toulouse-November-12-2022-Ligue-1
FRA-Ligue 1,2223,Toulouse,2022-12-29 Marseille-Toulouse,2022-12-29,Matchweek 16,Thu,Away,L,1,6,Marseille,1,9,4,44.4,0.0,0.0,21.6,0.0,1,1,1.8,1.0,0.11,-0.8,-1.0,21:00:00,/en/matches/34caf658/Marseille-Toulouse-December-29-2022-Ligue-1
FRA-Ligue 1,2223,Toulouse,2023-01-01 Toulouse-Ajaccio,2023-01-01,Matchweek 17,Sun,Home,W,2,0,Ajaccio,2,11,4,36.4,0.18,0.5,14.5,0.0,0,0,1.1,1.1,0.1,0.9,0.9,15:00:00,/en/matches/0e22e8ba/Toulouse-Ajaccio-January-1-2023-Ligue-1
FRA-Ligue 1,2223,Toulouse,2023-01-11 Auxerre-Toulouse,2023-01-11,Matchweek 18,Wed,Away,W,5,0,Auxerre,5,8,6,75.0,0.5,0.67,13.4,0.0,1,1,2.2,1.5,0.18,2.8,2.5,19:00:00,/en/matches/7037273e/Auxerre-Toulouse-January-11-2023-Ligue-1
FRA-Ligue 1,2223,Toulouse,2023-01-15 Toulouse-Brest,2023-01-15,Matchweek 19,Sun,Home,D,1,1,Brest,1,16,6,37.5,0.06,0.17,16.1,1.0,0,0,1.4,1.4,0.09,-0.4,-0.4,15:00:00,/en/matches/10ac929c/Toulouse-Brest-January-15-2023-Ligue-1
FRA-Ligue 1,2223,Toulouse,2023-01-29 Strasbourg-Toulouse,2023-01-29,Matchweek 20,Sun,Away,W,2,1,Strasbourg,2,8,3,37.5,0.25,0.67,14.0,1.0,0,0,1.2,1.2,0.15,0.8,0.8,15:00:00,/en/matches/a2c720b1/Strasbourg-Toulouse-January-29-2023-Ligue-1
FRA-Ligue 1,2223,Toulouse,2023-02-01 Toulouse-Troyes,2023-02-01,Matchweek 21,Wed,Home,W,4,1,Troyes,4,12,5,41.7,0.25,0.6,12.7,0.0,1,1,2.2,1.4,0.12,1.8,1.6,19:00:00,/en/matches/6226baab/Toulouse-Troyes-February-1-2023-Ligue-1
FRA-Ligue 1,2223,Toulouse,2023-02-04 Paris S-G-Toulouse,2023-02-04,Matchweek 22,Sat,Away,L,1,2,Paris S-G,1,12,5,41.7,0.08,0.2,19.4,2.0,0,0,0.8,0.8,0.07,0.2,0.2,17:00:00,/en/matches/20d2d2e9/Paris-Saint-Germain-Toulouse-February-4-2023-Ligue-1
FRA-Ligue 1,2223,Toulouse,2023-02-12 Toulouse-Rennes,2023-02-12,Matchweek 23,Sun,Home,W,3,1,Rennes,3,13,7,53.8,0.23,0.43,14.3,0.0,0,0,2.1,2.1,0.18,0.9,0.9,13:00:00,/en/matches/65d07eec/Toulouse-Rennes-February-12-2023-Ligue-1
FRA-Ligue 1,2223,Toulouse,2023-02-19 Toulouse-Marseille,2023-02-19,Matchweek 24,Sun,Home,L,2,3,Marseille,2,15,6,40.0,0.13,0.33,14.7,0.0,0,0,2.0,2.0,0.14,0.0,0.0,20:45:00,/en/matches/9d43f831/Toulouse-Marseille-February-19-2023-Ligue-1
FRA-Ligue 1,2223,Toulouse,2023-02-26 Reims-Toulouse,2023-02-26,Matchweek 25,Sun,Away,L,0,3,Reims,0,13,6,46.2,0.0,0.0,18.9,1.0,0,0,1.1,1.1,0.09,-1.1,-1.1,15:00:00,/en/matches/bf387fea/Reims-Toulouse-February-26-2023-Ligue-1
FRA-Ligue 1,2223,Toulouse,2023-03-05 Toulouse-Clermont Foot,2023-03-05,Matchweek 26,Sun,Home,L,0,1,Clermont Foot,0,9,0,0.0,0.0,,18.3,0.0,0,0,1.0,1.0,0.11,-1.0,-1.0,15:00:00,/en/matches/332295d4/Toulouse-Clermont-Foot-March-5-2023-Ligue-1
FRA-Ligue 1,2223,Toulouse,2023-03-12 Angers-Toulouse,2023-03-12,Matchweek 27,Sun,Away,W,2,0,Angers,2,8,5,62.5,0.25,0.4,12.1,0.0,0,0,1.6,1.6,0.23,0.4,0.4,15:00:00,/en/matches/7bf37201/Angers-Toulouse-March-12-2023-Ligue-1
FRA-Ligue 1,2223,Toulouse,2023-03-18 Toulouse-Lille,2023-03-18,Matchweek 28,Sat,Home,L,0,2,Lille,0,16,4,25.0,0.0,0.0,13.4,0.0,0,0,2.3,2.3,0.15,-2.3,-2.3,17:00:00,/en/matches/0659aa2f/Toulouse-Lille-March-18-2023-Ligue-1
FRA-Ligue 1,2223,Toulouse,2023-04-02 Brest-Toulouse,2023-04-02,Matchweek 29,Sun,Away,L,1,3,Brest,1,9,3,33.3,0.11,0.33,12.6,0.0,0,0,1.2,1.2,0.14,-0.2,-0.2,15:00:00,/en/matches/1b47ccce/Brest-Toulouse-April-2-2023-Ligue-1
FRA-Ligue 1,2223,Toulouse,2023-04-09 Montpellier-Toulouse,2023-04-09,Matchweek 30,Sun,Away,W,2,1,Montpellier,2,15,8,53.3,0.13,0.25,17.2,0.0,0,0,2.1,2.1,0.15,-0.1,-0.1,15:00:00,/en/matches/444918ba/Montpellier-Toulouse-April-9-2023-Ligue-1
FRA-Ligue 1,2223,Toulouse,2023-04-14 Toulouse-Lyon,2023-04-14,Matchweek 31,Fri,Home,L,1,2,Lyon,1,13,5,38.5,0.08,0.2,14.0,0.0,0,0,1.2,1.2,0.1,-0.2,-0.2,21:00:00,/en/matches/fbcb2095/Toulouse-Lyon-April-14-2023-Ligue-1
FRA-Ligue 1,2223,Toulouse,2023-04-23 Lorient-Toulouse,2023-04-23,Matchweek 32,Sun,Away,W,1,0,Lorient,1,13,4,30.8,0.08,0.25,18.4,1.0,0,0,1.1,1.1,0.09,-0.1,-0.1,15:00:00,/en/matches/b1552b3c/Lorient-Toulouse-April-23-2023-Ligue-1
FRA-Ligue 1,2223,Toulouse,2023-05-02 Toulouse-Lens,2023-05-02,Matchweek 33,Tue,Home,L,0,1,Lens,0,9,2,22.2,0.0,0.0,18.3,1.0,0,0,0.6,0.6,0.07,-0.6,-0.6,21:00:00,/en/matches/b5e2c075/Toulouse-Lens-May-2-2023-Ligue-1
FRA-Ligue 1,2223,Toulouse,2023-05-07 Ajaccio-Toulouse,2023-05-07,Matchweek 34,Sun,Away,D,0,0,Ajaccio,0,15,5,33.3,0.0,0.0,14.1,1.0,0,0,1.7,1.7,0.12,-1.7,-1.7,15:00:00,/en/matches/504a857a/Ajaccio-Toulouse-May-7-2023-Ligue-1
FRA-Ligue 1,2223,Toulouse,2023-05-14 Toulouse-Nantes,2023-05-14,Matchweek 35,Sun,Home,D,0,0,Nantes,0,14,6,42.9,0.0,0.0,19.9,0.0,0,0,1.3,1.3,0.09,-1.3,-1.3,15:00:00,/en/matches/52ee44a2/Toulouse-Nantes-May-14-2023-Ligue-1
FRA-Ligue 1,2223,Toulouse,2023-05-21 Nice-Toulouse,2023-05-21,Matchweek 36,Sun,Away,D,0,0,Nice,0,7,3,42.9,0.0,0.0,14.4,0.0,0,0,0.8,0.8,0.12,-0.8,-0.8,15:00:00,/en/matches/9250f89a/Nice-Toulouse-May-21-2023-Ligue-1
FRA-Ligue 1,2223,Toulouse,2023-05-27 Toulouse-Auxerre,2023-05-27,Matchweek 37,Sat,Home,D,1,1,Auxerre,1,10,3,30.0,0.1,0.33,15.3,1.0,0,0,0.8,0.8,0.08,0.2,0.2,21:00:00,/en/matches/e117776e/Toulouse-Auxerre-May-27-2023-Ligue-1
FRA-Ligue 1,2223,Toulouse,2023-06-03 Monaco-Toulouse,2023-06-03,Matchweek 38,Sat,Away,W,2,1,Monaco,2,22,8,36.4,0.09,0.25,14.9,1.0,0,0,2.6,2.6,0.15,-0.6,-0.6,21:00:00,/en/matches/206cb494/Monaco-Toulouse-June-3-2023-Ligue-1
FRA-Ligue 1,2223,Troyes,2022-08-07 Montpellier-Troyes,2022-08-07,Matchweek 1,Sun,Away,L,2,3,Montpellier,2,15,9,60.0,0.07,0.11,19.0,0.0,1,1,2.0,1.2,0.08,0.0,-0.2,15:00:00,/en/matches/e3e9b9b5/Montpellier-Troyes-August-7-2022-Ligue-1
FRA-Ligue 1,2223,Troyes,2022-08-14 Troyes-Toulouse,2022-08-14,Matchweek 2,Sun,Home,L,0,3,Toulouse,0,12,1,8.3,0.0,0.0,14.3,0.0,0,0,1.0,1.0,0.08,-1.0,-1.0,15:00:00,/en/matches/f60d97c0/Troyes-Toulouse-August-14-2022-Ligue-1
FRA-Ligue 1,2223,Troyes,2022-08-19 Lyon-Troyes,2022-08-19,Matchweek 3,Fri,Away,L,1,4,Lyon,1,3,0,0.0,0.0,,22.0,0.0,1,1,1.0,0.2,0.07,0.0,-0.2,21:00:00,/en/matches/a1baf3a5/Lyon-Troyes-August-19-2022-Ligue-1
FRA-Ligue 1,2223,Troyes,2022-08-28 Troyes-Angers,2022-08-28,Matchweek 4,Sun,Home,W,3,1,Angers,3,25,11,44.0,0.12,0.27,22.1,1.0,0,0,1.9,1.9,0.08,1.1,1.1,15:00:00,/en/matches/ccccf547/Troyes-Angers-August-28-2022-Ligue-1
FRA-Ligue 1,2223,Troyes,2022-08-31 Monaco-Troyes,2022-08-31,Matchweek 5,Wed,Away,W,4,2,Monaco,4,18,10,55.6,0.17,0.3,18.1,0.0,1,1,2.2,1.8,0.1,1.8,1.2,19:00:00,/en/matches/8b21a4d4/Monaco-Troyes-August-31-2022-Ligue-1
FRA-Ligue 1,2223,Troyes,2022-09-04 Troyes-Rennes,2022-09-04,Matchweek 6,Sun,Home,D,1,1,Rennes,1,9,1,11.1,0.11,1.0,17.5,0.0,0,0,0.9,0.9,0.1,0.1,0.1,17:05:00,/en/matches/e174ad85/Troyes-Rennes-September-4-2022-Ligue-1
FRA-Ligue 1,2223,Troyes,2022-09-09 Lens-Troyes,2022-09-09,Matchweek 7,Fri,Away,L,0,1,Lens,0,7,2,28.6,0.0,0.0,19.5,0.0,0,0,0.7,0.7,0.1,-0.7,-0.7,21:00:00,/en/matches/953fed3d/Lens-Troyes-September-9-2022-Ligue-1
FRA-Ligue 1,2223,Troyes,2022-09-18 Clermont Foot-Troyes,2022-09-18,Matchweek 8,Sun,Away,W,3,1,Clermont Foot,3,9,4,44.4,0.33,0.75,20.2,0.0,0,0,1.5,1.5,0.17,1.5,1.5,15:00:00,/en/matches/4724678c/Clermont-Foot-Troyes-September-18-2022-Ligue-1
FRA-Ligue 1,2223,Troyes,2022-10-02 Troyes-Reims,2022-10-02,Matchweek 9,Sun,Home,D,2,2,Reims,2,19,6,31.6,0.11,0.33,17.8,1.0,0,0,1.6,1.6,0.09,0.4,0.4,15:00:00,/en/matches/1cbd26d0/Troyes-Reims-October-2-2022-Ligue-1
FRA-Ligue 1,2223,Troyes,2022-10-09 Nice-Troyes,2022-10-09,Matchweek 10,Sun,Away,L,2,3,Nice,2,17,6,35.3,0.12,0.33,19.9,0.0,0,0,1.5,1.5,0.09,0.5,0.5,15:00:00,/en/matches/d77bb56e/Nice-Troyes-October-9-2022-Ligue-1
FRA-Ligue 1,2223,Troyes,2022-10-16 Troyes-Ajaccio,2022-10-16,Matchweek 11,Sun,Home,D,1,1,Ajaccio,1,9,2,22.2,0.11,0.5,19.2,0.0,0,0,0.6,0.6,0.07,0.4,0.4,15:00:00,/en/matches/6ad88cc9/Troyes-Ajaccio-October-16-2022-Ligue-1
FRA-Ligue 1,2223,Troyes,2022-10-23 Troyes-Lorient,2022-10-23,Matchweek 12,Sun,Home,D,2,2,Lorient,1,13,4,30.8,0.08,0.25,19.3,0.0,0,0,0.8,0.8,0.06,0.2,0.2,15:00:00,/en/matches/58eb4a20/Troyes-Lorient-October-23-2022-Ligue-1
FRA-Ligue 1,2223,Troyes,2022-10-29 Paris S-G-Troyes,2022-10-29,Matchweek 13,Sat,Away,L,3,4,Paris S-G,3,16,5,31.3,0.19,0.6,15.8,0.0,0,0,2.0,2.0,0.14,1.0,1.0,17:00:00,/en/matches/0706f45a/Paris-Saint-Germain-Troyes-October-29-2022-Ligue-1
FRA-Ligue 1,2223,Troyes,2022-11-04 Troyes-Auxerre,2022-11-04,Matchweek 14,Fri,Home,D,1,1,Auxerre,1,21,5,23.8,0.05,0.2,15.0,1.0,0,0,1.9,1.9,0.09,-0.9,-0.9,21:00:00,/en/matches/c138eba8/Troyes-Auxerre-November-4-2022-Ligue-1
FRA-Ligue 1,2223,Troyes,2022-11-13 Brest-Troyes,2022-11-13,Matchweek 15,Sun,Away,L,1,2,Brest,0,8,2,25.0,0.0,0.0,16.6,1.0,0,0,1.0,1.0,0.13,-1.0,-1.0,15:00:00,/en/matches/8067e5e7/Brest-Troyes-November-13-2022-Ligue-1
FRA-Ligue 1,2223,Troyes,2022-12-28 Troyes-Nantes,2022-12-28,Matchweek 16,Wed,Home,D,0,0,Nantes,0,6,2,33.3,0.0,0.0,20.6,0.0,0,0,0.2,0.2,0.04,-0.2,-0.2,15:00:00,/en/matches/8501cd5a/Troyes-Nantes-December-28-2022-Ligue-1
FRA-Ligue 1,2223,Troyes,2023-01-02 Strasbourg-Troyes,2023-01-02,Matchweek 17,Mon,Away,W,3,2,Strasbourg,3,9,5,55.6,0.33,0.6,17.0,0.0,0,0,1.2,1.2,0.14,1.8,1.8,15:00:00,/en/matches/f8182d7b/Strasbourg-Troyes-January-2-2023-Ligue-1
FRA-Ligue 1,2223,Troyes,2023-01-11 Troyes-Marseille,2023-01-11,Matchweek 18,Wed,Home,L,0,2,Marseille,0,5,1,20.0,0.0,0.0,17.3,0.0,0,0,0.2,0.2,0.05,-0.2,-0.2,21:00:00,/en/matches/18500cfa/Troyes-Marseille-January-11-2023-Ligue-1
FRA-Ligue 1,2223,Troyes,2023-01-15 Lille-Troyes,2023-01-15,Matchweek 19,Sun,Away,L,1,5,Lille,1,10,2,20.0,0.1,0.5,19.9,0.0,0,0,0.9,0.9,0.09,0.1,0.1,13:00:00,/en/matches/50911140/Lille-Troyes-January-15-2023-Ligue-1
FRA-Ligue 1,2223,Troyes,2023-01-28 Troyes-Lens,2023-01-28,Matchweek 20,Sat,Home,D,1,1,Lens,1,6,1,16.7,0.17,1.0,16.5,0.0,0,0,1.2,1.2,0.21,-0.2,-0.2,17:00:00,/en/matches/bf2e3c05/Troyes-Lens-January-28-2023-Ligue-1
FRA-Ligue 1,2223,Troyes,2023-02-01 Toulouse-Troyes,2023-02-01,Matchweek 21,Wed,Away,L,1,4,Toulouse,1,10,2,20.0,0.0,0.0,19.8,0.0,1,1,1.2,0.4,0.04,-0.2,-0.4,19:00:00,/en/matches/6226baab/Toulouse-Troyes-February-1-2023-Ligue-1
FRA-Ligue 1,2223,Troyes,2023-02-04 Troyes-Lyon,2023-02-04,Matchweek 22,Sat,Home,L,1,3,Lyon,1,8,2,25.0,0.13,0.5,13.7,0.0,0,0,1.0,1.0,0.13,0.0,0.0,19:00:00,/en/matches/774a8b12/Troyes-Lyon-February-4-2023-Ligue-1
FRA-Ligue 1,2223,Troyes,2023-02-12 Reims-Troyes,2023-02-12,Matchweek 23,Sun,Away,L,0,4,Reims,0,7,2,28.6,0.0,0.0,16.9,1.0,0,0,0.9,0.9,0.13,-0.9,-0.9,15:00:00,/en/matches/b1ac1305/Reims-Troyes-February-12-2023-Ligue-1
FRA-Ligue 1,2223,Troyes,2023-02-19 Troyes-Montpellier,2023-02-19,Matchweek 24,Sun,Home,L,0,1,Montpellier,0,4,2,50.0,0.0,0.0,26.4,0.0,0,0,0.1,0.1,0.03,-0.1,-0.1,15:00:00,/en/matches/27b0ea20/Troyes-Montpellier-February-19-2023-Ligue-1
FRA-Ligue 1,2223,Troyes,2023-02-26 Ajaccio-Troyes,2023-02-26,Matchweek 25,Sun,Away,L,1,2,Ajaccio,1,11,5,45.5,0.09,0.2,13.4,0.0,0,0,1.5,1.5,0.16,-0.5,-0.5,15:00:00,/en/matches/78ba7c57/Ajaccio-Troyes-February-26-2023-Ligue-1
FRA-Ligue 1,2223,Troyes,2023-03-05 Troyes-Monaco,2023-03-05,Matchweek 26,Sun,Home,D,2,2,Monaco,2,13,5,38.5,0.15,0.4,20.9,0.0,0,0,0.9,0.9,0.07,1.1,1.1,13:00:00,/en/matches/ae83643a/Troyes-Monaco-March-5-2023-Ligue-1
FRA-Ligue 1,2223,Troyes,2023-03-12 Lorient-Troyes,2023-03-12,Matchweek 27,Sun,Away,L,0,2,Lorient,0,9,2,22.2,0.0,0.0,16.6,0.0,0,0,0.7,0.7,0.08,-0.7,-0.7,15:00:00,/en/matches/11eab67b/Lorient-Troyes-March-12-2023-Ligue-1
FRA-Ligue 1,2223,Troyes,2023-03-19 Troyes-Brest,2023-03-19,Matchweek 28,Sun,Home,D,2,2,Brest,2,15,5,33.3,0.13,0.4,17.9,0.0,0,0,1.1,1.1,0.08,0.9,0.9,15:00:00,/en/matches/a67700d0/Troyes-Brest-March-19-2023-Ligue-1
FRA-Ligue 1,2223,Troyes,2023-04-01 Auxerre-Troyes,2023-04-01,Matchweek 29,Sat,Away,L,0,1,Auxerre,0,14,1,7.1,0.0,0.0,19.8,0.0,0,0,1.5,1.5,0.11,-1.5,-1.5,17:00:00,/en/matches/fd495836/Auxerre-Troyes-April-1-2023-Ligue-1
FRA-Ligue 1,2223,Troyes,2023-04-09 Troyes-Clermont Foot,2023-04-09,Matchweek 30,Sun,Home,L,0,2,Clermont Foot,0,9,3,33.3,0.0,0.0,20.7,0.0,0,0,0.4,0.4,0.05,-0.4,-0.4,15:00:00,/en/matches/ef3427f3/Troyes-Clermont-Foot-April-9-2023-Ligue-1
FRA-Ligue 1,2223,Troyes,2023-04-16 Marseille-Troyes,2023-04-16,Matchweek 31,Sun,Away,L,1,3,Marseille,1,4,2,50.0,0.25,0.5,17.6,0.0,0,0,0.4,0.4,0.11,0.6,0.6,20:45:00,/en/matches/51ec8961/Marseille-Troyes-April-16-2023-Ligue-1
FRA-Ligue 1,2223,Troyes,2023-04-23 Nantes-Troyes,2023-04-23,Matchweek 32,Sun,Away,D,2,2,Nantes,2,8,3,37.5,0.13,0.33,15.1,0.0,1,1,1.8,1.1,0.15,0.2,-0.1,15:00:00,/en/matches/1bc2b939/Nantes-Troyes-April-23-2023-Ligue-1
FRA-Ligue 1,2223,Troyes,2023-04-30 Troyes-Nice,2023-04-30,Matchweek 33,Sun,Home,L,0,1,Nice,0,9,6,66.7,0.0,0.0,17.6,1.0,0,0,0.7,0.7,0.07,-0.7,-0.7,15:00:00,/en/matches/26c78eaa/Troyes-Nice-April-30-2023-Ligue-1
FRA-Ligue 1,2223,Troyes,2023-05-07 Troyes-Paris S-G,2023-05-07,Matchweek 34,Sun,Home,L,1,3,Paris S-G,1,7,2,28.6,0.14,0.5,13.0,0.0,0,0,0.7,0.7,0.1,0.3,0.3,20:45:00,/en/matches/f9e55cdf/Troyes-Paris-Saint-Germain-May-7-2023-Ligue-1
FRA-Ligue 1,2223,Troyes,2023-05-14 Rennes-Troyes,2023-05-14,Matchweek 35,Sun,Away,L,0,4,Rennes,0,4,0,0.0,0.0,,16.0,0.0,0,0,0.4,0.4,0.1,-0.4,-0.4,15:00:00,/en/matches/ed2523e7/Rennes-Troyes-May-14-2023-Ligue-1
FRA-Ligue 1,2223,Troyes,2023-05-21 Troyes-Strasbourg,2023-05-21,Matchweek 36,Sun,Home,D,1,1,Strasbourg,1,8,3,37.5,0.13,0.33,20.1,2.0,0,0,0.6,0.6,0.08,0.4,0.4,15:00:00,/en/matches/bfbeee1e/Troyes-Strasbourg-May-21-2023-Ligue-1
FRA-Ligue 1,2223,Troyes,2023-05-27 Angers-Troyes,2023-05-27,Matchweek 37,Sat,Away,L,1,2,Angers,1,5,3,60.0,0.2,0.33,13.4,0.0,0,0,0.3,0.3,0.06,0.7,0.7,21:00:00,/en/matches/567eeb7c/Angers-Troyes-May-27-2023-Ligue-1
FRA-Ligue 1,2223,Troyes,2023-06-03 Troyes-Lille,2023-06-03,Matchweek 38,Sat,Home,D,1,1,Lille,1,8,3,37.5,0.13,0.33,25.1,0.0,0,0,0.4,0.4,0.05,0.6,0.6,21:00:00,/en/matches/a00583c3/Troyes-Lille-June-3-2023-Ligue-1
FRA-Ligue 1,2324,Brest,2023-08-13 Brest-Lens,2023-08-13,Matchweek 1,Sun,Home,W,3,2,Lens,3,13,6,46.2,0.08,0.17,20.9,1.0,2,2,2.5,1.0,0.07,0.5,0.0,13:00:00,/en/matches/6e29d5a3/Brest-Lens-August-13-2023-Ligue-1
FRA-Ligue 1,2324,Brest,2023-08-20 Le Havre-Brest,2023-08-20,Matchweek 2,Sun,Away,W,2,1,Le Havre,2,10,5,50.0,0.2,0.4,15.4,0.0,0,0,1.1,1.1,0.11,0.9,0.9,15:00:00,/en/matches/680c6c1d/Le-Havre-Brest-August-20-2023-Ligue-1
FRA-Ligue 1,2324,Brest,2023-08-26 Marseille-Brest,2023-08-26,Matchweek 3,Sat,Away,L,0,2,Marseille,0,18,6,33.3,0.0,0.0,16.7,0.0,0,0,1.5,1.5,0.08,-1.5,-1.5,19:00:00,/en/matches/b9c29ee4/Marseille-Brest-August-26-2023-Ligue-1
FRA-Ligue 1,2324,Brest,2023-09-02 Brest-Rennes,2023-09-02,Matchweek 4,Sat,Home,D,0,0,Rennes,0,13,2,15.4,0.0,0.0,17.4,1.0,0,0,1.4,1.4,0.1,-1.4,-1.4,17:00:00,/en/matches/38572486/Brest-Rennes-September-2-2023-Ligue-1
FRA-Ligue 1,2324,Brest,2023-09-17 Reims-Brest,2023-09-17,Matchweek 5,Sun,Away,W,2,1,Reims,2,18,5,27.8,0.11,0.4,17.5,1.0,0,0,1.5,1.5,0.09,0.5,0.5,15:00:00,/en/matches/f12c7a9a/Reims-Brest-September-17-2023-Ligue-1
FRA-Ligue 1,2324,Brest,2023-09-23 Brest-Lyon,2023-09-23,Matchweek 6,Sat,Home,W,1,0,Lyon,1,27,11,40.7,0.04,0.09,15.6,0.0,0,0,2.4,2.4,0.09,-1.4,-1.4,21:00:00,/en/matches/7ae5c7ed/Brest-Lyon-September-23-2023-Ligue-1
FRA-Ligue 1,2324,Brest,2023-10-01 Nice-Brest,2023-10-01,Matchweek 7,Sun,Away,D,0,0,Nice,0,7,2,28.6,0.0,0.0,28.9,1.0,0,0,0.2,0.2,0.02,-0.2,-0.2,15:00:00,/en/matches/49bbb3f4/Nice-Brest-October-1-2023-Ligue-1
FRA-Ligue 1,2324,Brest,2023-10-08 Brest-Toulouse,2023-10-08,Matchweek 8,Sun,Home,D,1,1,Toulouse,1,13,2,15.4,0.08,0.5,15.4,0.0,0,0,1.5,1.5,0.11,-0.5,-0.5,15:00:00,/en/matches/f41980c3/Brest-Toulouse-October-8-2023-Ligue-1
FRA-Ligue 1,2324,Brest,2023-10-22 Lille-Brest,2023-10-22,Matchweek 9,Sun,Away,L,0,1,Lille,0,9,1,11.1,0.0,0.0,18.4,1.0,0,0,0.8,0.8,0.09,-0.8,-0.8,15:00:00,/en/matches/de708e26/Lille-Brest-October-22-2023-Ligue-1
FRA-Ligue 1,2324,Brest,2023-10-29 Brest-Paris S-G,2023-10-29,Matchweek 10,Sun,Home,L,2,3,Paris S-G,2,21,5,23.8,0.1,0.4,16.2,0.0,0,0,1.8,1.8,0.09,0.2,0.2,13:00:00,/en/matches/3fc4e3ce/Brest-Paris-Saint-Germain-October-29-2023-Ligue-1
FRA-Ligue 1,2324,Brest,2023-11-05 Monaco-Brest,2023-11-05,Matchweek 11,Sun,Away,L,0,2,Monaco,0,15,1,6.7,0.0,0.0,17.0,0.0,0,0,0.8,0.8,0.06,-0.8,-0.8,17:05:00,/en/matches/ef59a003/Monaco-Brest-November-5-2023-Ligue-1
FRA-Ligue 1,2324,Brest,2023-11-26 Montpellier-Brest,2023-11-26,Matchweek 13,Sun,Away,W,3,1,Montpellier,2,17,5,29.4,0.12,0.4,16.6,0.0,0,0,1.7,1.7,0.1,0.3,0.3,15:00:00,/en/matches/e4cca984/Montpellier-Brest-November-26-2023-Ligue-1
FRA-Ligue 1,2324,Brest,2023-12-03 Brest-Clermont Foot,2023-12-03,Matchweek 14,Sun,Home,W,3,0,Clermont Foot,3,11,6,54.5,0.18,0.33,22.4,0.0,1,1,1.4,0.6,0.06,1.6,1.4,15:00:00,/en/matches/9f17a676/Brest-Clermont-Foot-December-3-2023-Ligue-1
FRA-Ligue 1,2324,Brest,2023-12-07 Brest-Strasbourg,2023-12-07,Matchweek 12,Thu,Home,D,1,1,Strasbourg,1,13,3,23.1,0.08,0.33,17.0,0.0,0,0,1.1,1.1,0.08,-0.1,-0.1,20:30:00,/en/matches/52a1fcfd/Brest-Strasbourg-December-7-2023-Ligue-1
FRA-Ligue 1,2324,Brest,2023-12-10 Metz-Brest,2023-12-10,Matchweek 15,Sun,Away,W,1,0,Metz,1,4,3,75.0,0.25,0.33,17.2,0.0,0,0,0.3,0.3,0.08,0.7,0.7,15:00:00,/en/matches/e1a3d53e/Metz-Brest-December-10-2023-Ligue-1
FRA-Ligue 1,2324,Brest,2023-12-17 Nantes-Brest,2023-12-17,Matchweek 16,Sun,Away,W,2,0,Nantes,2,14,7,50.0,0.14,0.29,13.9,0.0,0,0,1.9,1.9,0.15,0.1,0.1,13:00:00,/en/matches/17503b00/Nantes-Brest-December-17-2023-Ligue-1
FRA-Ligue 1,2324,Brest,2023-12-20 Brest-Lorient,2023-12-20,Matchweek 17,Wed,Home,W,4,0,Lorient,4,11,7,63.6,0.36,0.57,17.7,0.0,0,0,2.0,2.0,0.18,2.0,2.0,21:00:00,/en/matches/0f7c086f/Brest-Lorient-December-20-2023-Ligue-1
FRA-Ligue 1,2324,Brest,2024-01-14 Brest-Montpellier,2024-01-14,Matchweek 18,Sun,Home,W,2,0,Montpellier,2,26,9,34.6,0.08,0.22,16.9,0.0,0,0,3.4,3.4,0.13,-1.4,-1.4,15:00:00,/en/matches/82c3efb7/Brest-Montpellier-January-14-2024-Ligue-1
FRA-Ligue 1,2324,Brest,2024-01-28 Paris S-G-Brest,2024-01-28,Matchweek 19,Sun,Away,D,2,2,Paris S-G,2,9,6,66.7,0.22,0.33,17.5,1.0,0,0,0.7,0.7,0.08,1.3,1.3,20:45:00,/en/matches/8e2d796d/Paris-Saint-Germain-Brest-January-28-2024-Ligue-1
FRA-Ligue 1,2324,Brest,2024-02-04 Brest-Nice,2024-02-04,Matchweek 20,Sun,Home,D,0,0,Nice,0,17,2,11.8,0.0,0.0,21.1,0.0,0,0,1.0,1.0,0.06,-1.0,-1.0,17:05:00,/en/matches/19dfaa21/Brest-Nice-February-4-2024-Ligue-1
FRA-Ligue 1,2324,Brest,2024-02-11 Clermont Foot-Brest,2024-02-11,Matchweek 21,Sun,Away,D,1,1,Clermont Foot,1,16,9,56.3,0.06,0.11,16.0,1.0,0,0,1.5,1.5,0.1,-0.5,-0.5,15:00:00,/en/matches/33d0b78a/Clermont-Foot-Brest-February-11-2024-Ligue-1
FRA-Ligue 1,2324,Brest,2024-02-18 Brest-Marseille,2024-02-18,Matchweek 22,Sun,Home,W,1,0,Marseille,1,15,5,33.3,0.07,0.2,16.3,0.0,0,0,1.7,1.7,0.12,-0.7,-0.7,20:45:00,/en/matches/56d7c531/Brest-Marseille-February-18-2024-Ligue-1
FRA-Ligue 1,2324,Brest,2024-02-24 Strasbourg-Brest,2024-02-24,Matchweek 23,Sat,Away,W,3,0,Strasbourg,3,14,7,50.0,0.14,0.29,20.5,0.0,1,1,1.8,1.0,0.07,1.2,1.0,21:00:00,/en/matches/9c2847ab/Strasbourg-Brest-February-24-2024-Ligue-1
FRA-Ligue 1,2324,Brest,2024-03-03 Brest-Le Havre,2024-03-03,Matchweek 24,Sun,Home,W,1,0,Le Havre,1,9,4,44.4,0.11,0.25,20.2,2.0,0,0,1.0,1.0,0.11,0.0,0.0,15:00:00,/en/matches/51912b7d/Brest-Le-Havre-March-3-2024-Ligue-1
FRA-Ligue 1,2324,Brest,2024-03-09 Lens-Brest,2024-03-09,Matchweek 25,Sat,Away,L,0,1,Lens,0,9,3,33.3,0.0,0.0,16.3,0.0,0,0,0.7,0.7,0.08,-0.7,-0.7,21:00:00,/en/matches/54c25242/Lens-Brest-March-9-2024-Ligue-1
FRA-Ligue 1,2324,Brest,2024-03-17 Brest-Lille,2024-03-17,Matchweek 26,Sun,Home,D,1,1,Lille,1,16,4,25.0,0.06,0.25,19.0,0.0,0,0,1.0,1.0,0.06,0.0,0.0,13:00:00,/en/matches/cdf13a58/Brest-Lille-March-17-2024-Ligue-1
FRA-Ligue 1,2324,Brest,2024-03-31 Lorient-Brest,2024-03-31,Matchweek 27,Sun,Away,W,1,0,Lorient,1,10,1,10.0,0.1,1.0,18.3,0.0,0,0,0.5,0.5,0.05,0.5,0.5,13:00:00,/en/matches/605ef273/Lorient-Brest-March-31-2024-Ligue-1
FRA-Ligue 1,2324,Brest,2024-04-07 Brest-Metz,2024-04-07,Matchweek 28,Sun,Home,W,4,3,Metz,4,25,11,44.0,0.16,0.36,16.9,1.0,0,0,3.2,3.2,0.15,0.8,0.8,13:00:00,/en/matches/f6f76317/Brest-Metz-April-7-2024-Ligue-1
FRA-Ligue 1,2324,Brest,2024-04-14 Lyon-Brest,2024-04-14,Matchweek 29,Sun,Away,L,3,4,Lyon,3,22,7,31.8,0.14,0.43,20.9,1.0,0,0,1.7,1.7,0.08,1.3,1.3,20:45:00,/en/matches/c832a039/Lyon-Brest-April-14-2024-Ligue-1
FRA-Ligue 1,2324,Brest,2024-04-21 Brest-Monaco,2024-04-21,Matchweek 30,Sun,Home,L,0,2,Monaco,0,12,2,16.7,0.0,0.0,18.2,0.0,0,0,0.6,0.6,0.05,-0.6,-0.6,17:05:00,/en/matches/8f8b95f8/Brest-Monaco-April-21-2024-Ligue-1
FRA-Ligue 1,2324,Brest,2024-04-28 Rennes-Brest,2024-04-28,Matchweek 31,Sun,Away,W,5,4,Rennes,4,10,5,50.0,0.4,0.8,10.2,0.0,0,0,2.0,2.0,0.23,2.0,2.0,17:05:00,/en/matches/1865787f/Rennes-Brest-April-28-2024-Ligue-1
FRA-Ligue 1,2324,Brest,2024-05-04 Brest-Nantes,2024-05-04,Matchweek 32,Sat,Home,D,0,0,Nantes,0,9,2,22.2,0.0,0.0,19.2,0.0,0,0,0.5,0.5,0.05,-0.5,-0.5,21:00:00,/en/matches/8e6a7aaa/Brest-Nantes-May-4-2024-Ligue-1
FRA-Ligue 1,2324,Brest,2024-05-10 Brest-Reims,2024-05-10,Matchweek 33,Fri,Home,D,1,1,Reims,1,16,5,31.3,0.06,0.2,15.7,0.0,0,0,1.3,1.3,0.08,-0.3,-0.3,21:00:00,/en/matches/87d4c432/Brest-Reims-May-10-2024-Ligue-1
FRA-Ligue 1,2324,Brest,2024-05-19 Toulouse-Brest,2024-05-19,Matchweek 34,Sun,Away,W,3,0,Toulouse,3,12,6,50.0,0.25,0.5,19.9,1.0,0,0,1.6,1.6,0.14,1.4,1.4,21:00:00,/en/matches/0c59eeac/Toulouse-Brest-May-19-2024-Ligue-1
FRA-Ligue 1,2324,Clermont Foot,2023-08-13 Clermont Foot-Monaco,2023-08-13,Matchweek 1,Sun,Home,L,2,4,Monaco,2,15,7,46.7,0.13,0.29,18.8,1.0,0,0,1.8,1.8,0.12,0.2,0.2,15:00:00,/en/matches/68752280/Clermont-Foot-Monaco-August-13-2023-Ligue-1
FRA-Ligue 1,2324,Clermont Foot,2023-08-20 Reims-Clermont Foot,2023-08-20,Matchweek 2,Sun,Away,L,0,2,Reims,0,11,4,36.4,0.0,0.0,17.4,0.0,0,0,0.4,0.4,0.04,-0.4,-0.4,15:00:00,/en/matches/4b9f0040/Reims-Clermont-Foot-August-20-2023-Ligue-1
FRA-Ligue 1,2324,Clermont Foot,2023-08-27 Clermont Foot-Metz,2023-08-27,Matchweek 3,Sun,Home,L,0,1,Metz,0,16,4,25.0,0.0,0.0,19.0,0.0,0,0,0.7,0.7,0.04,-0.7,-0.7,15:00:00,/en/matches/344b05de/Clermont-Foot-Metz-August-27-2023-Ligue-1
FRA-Ligue 1,2324,Clermont Foot,2023-09-03 Toulouse-Clermont Foot,2023-09-03,Matchweek 4,Sun,Away,D,2,2,Toulouse,2,14,1,7.1,0.07,1.0,19.8,0.0,1,1,1.8,1.0,0.08,0.2,0.0,13:00:00,/en/matches/12bf8242/Toulouse-Clermont-Foot-September-3-2023-Ligue-1
FRA-Ligue 1,2324,Clermont Foot,2023-09-17 Clermont Foot-Nantes,2023-09-17,Matchweek 5,Sun,Home,L,0,1,Nantes,0,15,3,20.0,0.0,0.0,20.9,1.0,0,1,1.3,0.5,0.03,-1.3,-0.5,15:00:00,/en/matches/6a2c2932/Clermont-Foot-Nantes-September-17-2023-Ligue-1
FRA-Ligue 1,2324,Clermont Foot,2023-09-24 Le Havre-Clermont Foot,2023-09-24,Matchweek 6,Sun,Away,L,1,2,Le Havre,1,11,4,36.4,0.09,0.25,18.0,2.0,0,0,0.9,0.9,0.08,0.1,0.1,15:00:00,/en/matches/941106cf/Le-Havre-Clermont-Foot-September-24-2023-Ligue-1
FRA-Ligue 1,2324,Clermont Foot,2023-09-30 Clermont Foot-Paris S-G,2023-09-30,Matchweek 7,Sat,Home,D,0,0,Paris S-G,0,12,3,25.0,0.0,0.0,16.9,0.0,0,0,1.0,1.0,0.09,-1.0,-1.0,17:00:00,/en/matches/f443185b/Clermont-Foot-Paris-Saint-Germain-September-30-2023-Ligue-1
FRA-Ligue 1,2324,Clermont Foot,2023-10-22 Lyon-Clermont Foot,2023-10-22,Matchweek 9,Sun,Away,W,2,1,Lyon,2,12,5,41.7,0.17,0.4,21.2,0.0,0,0,1.0,1.0,0.08,1.0,1.0,20:45:00,/en/matches/847c54fa/Lyon-Clermont-Foot-October-22-2023-Ligue-1
FRA-Ligue 1,2324,Clermont Foot,2023-10-27 Clermont Foot-Nice,2023-10-27,Matchweek 10,Fri,Home,L,0,1,Nice,0,8,3,37.5,0.0,0.0,22.8,0.0,0,0,0.5,0.5,0.06,-0.5,-0.5,21:00:00,/en/matches/1c297781/Clermont-Foot-Nice-October-27-2023-Ligue-1
FRA-Ligue 1,2324,Clermont Foot,2023-11-05 Strasbourg-Clermont Foot,2023-11-05,Matchweek 11,Sun,Away,D,0,0,Strasbourg,0,10,2,20.0,0.0,0.0,16.3,0.0,0,0,0.9,0.9,0.09,-0.9,-0.9,15:00:00,/en/matches/957c6924/Strasbourg-Clermont-Foot-November-5-2023-Ligue-1
FRA-Ligue 1,2324,Clermont Foot,2023-11-12 Clermont Foot-Lorient,2023-11-12,Matchweek 12,Sun,Home,W,1,0,Lorient,1,16,5,31.3,0.0,0.0,21.1,1.0,1,1,1.5,0.7,0.05,-0.5,-0.7,15:00:00,/en/matches/e0aea3a9/Clermont-Foot-Lorient-November-12-2023-Ligue-1
FRA-Ligue 1,2324,Clermont Foot,2023-11-25 Clermont Foot-Lens,2023-11-25,Matchweek 13,Sat,Home,L,0,3,Lens,0,13,4,30.8,0.0,0.0,16.2,0.0,0,0,1.9,1.9,0.15,-1.9,-1.9,17:00:00,/en/matches/4cf8ae40/Clermont-Foot-Lens-November-25-2023-Ligue-1
FRA-Ligue 1,2324,Clermont Foot,2023-11-29 Montpellier-Clermont Foot,2023-11-29,Matchweek 8,Wed,Away,D,1,1,Montpellier,1,5,1,20.0,0.2,1.0,22.6,0.0,0,0,0.4,0.4,0.09,0.6,0.6,19:00:00,/en/matches/341877cf/Montpellier-Clermont-Foot-November-29-2023-Ligue-1
FRA-Ligue 1,2324,Clermont Foot,2023-12-03 Brest-Clermont Foot,2023-12-03,Matchweek 14,Sun,Away,L,0,3,Brest,0,10,1,10.0,0.0,0.0,19.6,2.0,0,0,0.8,0.8,0.08,-0.8,-0.8,15:00:00,/en/matches/9f17a676/Brest-Clermont-Foot-December-3-2023-Ligue-1
FRA-Ligue 1,2324,Clermont Foot,2023-12-10 Clermont Foot-Lille,2023-12-10,Matchweek 15,Sun,Home,D,0,0,Lille,0,16,5,31.3,0.0,0.0,17.5,0.0,0,0,1.3,1.3,0.08,-1.3,-1.3,15:00:00,/en/matches/b6281098/Clermont-Foot-Lille-December-10-2023-Ligue-1
FRA-Ligue 1,2324,Clermont Foot,2023-12-17 Marseille-Clermont Foot,2023-12-17,Matchweek 16,Sun,Away,L,1,2,Marseille,1,5,2,40.0,0.2,0.5,23.4,0.0,0,0,0.2,0.2,0.04,0.8,0.8,17:05:00,/en/matches/a92291bc/Marseille-Clermont-Foot-December-17-2023-Ligue-1
FRA-Ligue 1,2324,Clermont Foot,2023-12-20 Clermont Foot-Rennes,2023-12-20,Matchweek 17,Wed,Home,L,1,3,Rennes,1,14,6,42.9,0.07,0.17,20.2,0.0,0,0,0.6,0.6,0.04,0.4,0.4,21:00:00,/en/matches/16bc4ea4/Clermont-Foot-Rennes-December-20-2023-Ligue-1
FRA-Ligue 1,2324,Clermont Foot,2024-01-14 Nantes-Clermont Foot,2024-01-14,Matchweek 18,Sun,Away,W,2,1,Nantes,2,15,6,40.0,0.13,0.33,21.7,1.0,0,0,1.0,1.0,0.07,1.0,1.0,15:00:00,/en/matches/d2738fb8/Nantes-Clermont-Foot-January-14-2024-Ligue-1
FRA-Ligue 1,2324,Clermont Foot,2024-01-28 Clermont Foot-Strasbourg,2024-01-28,Matchweek 19,Sun,Home,D,1,1,Strasbourg,1,14,5,35.7,0.07,0.2,17.7,0.0,0,0,1.5,1.5,0.11,-0.5,-0.5,15:00:00,/en/matches/21b6f226/Clermont-Foot-Strasbourg-January-28-2024-Ligue-1
FRA-Ligue 1,2324,Clermont Foot,2024-02-04 Lille-Clermont Foot,2024-02-04,Matchweek 20,Sun,Away,L,0,4,Lille,0,4,3,75.0,0.0,0.0,14.1,0.0,0,0,0.4,0.4,0.11,-0.4,-0.4,15:00:00,/en/matches/90c40e1c/Lille-Clermont-Foot-February-4-2024-Ligue-1
FRA-Ligue 1,2324,Clermont Foot,2024-02-11 Clermont Foot-Brest,2024-02-11,Matchweek 21,Sun,Home,D,1,1,Brest,1,7,2,28.6,0.14,0.5,13.2,0.0,0,0,1.2,1.2,0.17,-0.2,-0.2,15:00:00,/en/matches/33d0b78a/Clermont-Foot-Brest-February-11-2024-Ligue-1
FRA-Ligue 1,2324,Clermont Foot,2024-02-18 Rennes-Clermont Foot,2024-02-18,Matchweek 22,Sun,Away,L,1,3,Rennes,1,14,5,35.7,0.07,0.2,17.4,0.0,0,0,0.8,0.8,0.06,0.2,0.2,15:00:00,/en/matches/93f25522/Rennes-Clermont-Foot-February-18-2024-Ligue-1
FRA-Ligue 1,2324,Clermont Foot,2024-02-25 Nice-Clermont Foot,2024-02-25,Matchweek 23,Sun,Away,D,0,0,Nice,0,12,4,33.3,0.0,0.0,17.8,0.0,0,1,2.0,1.2,0.1,-2.0,-1.2,15:00:00,/en/matches/d4ce6789/Nice-Clermont-Foot-February-25-2024-Ligue-1
FRA-Ligue 1,2324,Clermont Foot,2024-03-02 Clermont Foot-Marseille,2024-03-02,Matchweek 24,Sat,Home,L,1,5,Marseille,1,7,2,28.6,0.14,0.5,18.9,0.0,0,0,0.7,0.7,0.1,0.3,0.3,21:00:00,/en/matches/c2c8e29e/Clermont-Foot-Marseille-March-2-2024-Ligue-1
FRA-Ligue 1,2324,Clermont Foot,2024-03-10 Metz-Clermont Foot,2024-03-10,Matchweek 25,Sun,Away,L,0,1,Metz,0,14,6,42.9,0.0,0.0,19.4,0.0,0,0,0.8,0.8,0.06,-0.8,-0.8,15:00:00,/en/matches/f7db6990/Metz-Clermont-Foot-March-10-2024-Ligue-1
FRA-Ligue 1,2324,Clermont Foot,2024-03-17 Clermont Foot-Le Havre,2024-03-17,Matchweek 26,Sun,Home,W,2,1,Le Havre,2,8,3,37.5,0.13,0.33,22.1,1.0,1,1,1.1,0.4,0.04,0.9,0.6,15:00:00,/en/matches/f7f8d2b1/Clermont-Foot-Le-Havre-March-17-2024-Ligue-1
FRA-Ligue 1,2324,Clermont Foot,2024-03-31 Clermont Foot-Toulouse,2024-03-31,Matchweek 27,Sun,Home,L,0,3,Toulouse,0,15,5,33.3,0.0,0.0,21.9,0.0,0,0,0.8,0.8,0.05,-0.8,-0.8,15:00:00,/en/matches/bfe740ac/Clermont-Foot-Toulouse-March-31-2024-Ligue-1
FRA-Ligue 1,2324,Clermont Foot,2024-04-06 Paris S-G-Clermont Foot,2024-04-06,Matchweek 28,Sat,Away,D,1,1,Paris S-G,1,6,3,50.0,0.17,0.33,17.3,1.0,0,0,0.3,0.3,0.05,0.7,0.7,21:00:00,/en/matches/a0e24fef/Paris-Saint-Germain-Clermont-Foot-April-6-2024-Ligue-1
FRA-Ligue 1,2324,Clermont Foot,2024-04-14 Clermont Foot-Montpellier,2024-04-14,Matchweek 29,Sun,Home,D,1,1,Montpellier,1,9,1,11.1,0.0,0.0,16.5,0.0,1,1,1.5,0.7,0.08,-0.5,-0.7,15:00:00,/en/matches/9b9d6335/Clermont-Foot-Montpellier-April-14-2024-Ligue-1
FRA-Ligue 1,2324,Clermont Foot,2024-04-20 Lens-Clermont Foot,2024-04-20,Matchweek 30,Sat,Away,L,0,1,Lens,0,8,1,12.5,0.0,0.0,17.4,0.0,0,0,0.7,0.7,0.08,-0.7,-0.7,21:00:00,/en/matches/811884b5/Lens-Clermont-Foot-April-20-2024-Ligue-1
FRA-Ligue 1,2324,Clermont Foot,2024-04-28 Clermont Foot-Reims,2024-04-28,Matchweek 31,Sun,Home,W,4,1,Reims,4,10,4,40.0,0.2,0.5,20.2,0.0,2,2,2.9,1.4,0.14,1.1,0.6,15:00:00,/en/matches/b85a0106/Clermont-Foot-Reims-April-28-2024-Ligue-1
FRA-Ligue 1,2324,Clermont Foot,2024-05-04 Monaco-Clermont Foot,2024-05-04,Matchweek 32,Sat,Away,L,1,4,Monaco,1,9,1,11.1,0.11,1.0,16.7,1.0,0,0,1.4,1.4,0.16,-0.4,-0.4,17:00:00,/en/matches/a7f56ab4/Monaco-Clermont-Foot-May-4-2024-Ligue-1
FRA-Ligue 1,2324,Clermont Foot,2024-05-12 Clermont Foot-Lyon,2024-05-12,Matchweek 33,Sun,Home,L,0,1,Lyon,0,18,5,27.8,0.0,0.0,20.0,2.0,0,0,1.1,1.1,0.06,-1.1,-1.1,21:00:00,/en/matches/e6afe6a2/Clermont-Foot-Lyon-May-12-2024-Ligue-1
FRA-Ligue 1,2324,Clermont Foot,2024-05-19 Lorient-Clermont Foot,2024-05-19,Matchweek 34,Sun,Away,L,0,5,Lorient,0,9,4,44.4,0.0,0.0,19.8,0.0,0,0,0.8,0.8,0.09,-0.8,-0.8,21:00:00,/en/matches/aed44d7a/Lorient-Clermont-Foot-May-19-2024-Ligue-1
FRA-Ligue 1,2324,Le Havre,2023-08-13 Montpellier-Le Havre,2023-08-13,Matchweek 1,Sun,Away,D,2,2,Montpellier,2,12,4,33.3,0.17,0.5,20.7,0.0,0,0,1.0,1.0,0.09,1.0,1.0,15:00:00,/en/matches/ca893ead/Montpellier-Le-Havre-August-13-2023-Ligue-1
FRA-Ligue 1,2324,Le Havre,2023-08-20 Le Havre-Brest,2023-08-20,Matchweek 2,Sun,Home,L,1,2,Brest,1,18,7,38.9,0.06,0.14,18.2,0.0,0,0,1.2,1.2,0.07,-0.2,-0.2,15:00:00,/en/matches/680c6c1d/Le-Havre-Brest-August-20-2023-Ligue-1
FRA-Ligue 1,2324,Le Havre,2023-08-27 Rennes-Le Havre,2023-08-27,Matchweek 3,Sun,Away,D,2,2,Rennes,2,7,3,42.9,0.29,0.67,18.4,0.0,0,0,0.4,0.4,0.06,1.6,1.6,13:00:00,/en/matches/505ba995/Rennes-Le-Havre-August-27-2023-Ligue-1
FRA-Ligue 1,2324,Le Havre,2023-09-03 Le Havre-Lorient,2023-09-03,Matchweek 4,Sun,Home,W,3,0,Lorient,3,17,6,35.3,0.18,0.5,17.8,0.0,0,0,2.0,2.0,0.12,1.0,1.0,15:00:00,/en/matches/4519a333/Le-Havre-Lorient-September-3-2023-Ligue-1
FRA-Ligue 1,2324,Le Havre,2023-09-17 Lyon-Le Havre,2023-09-17,Matchweek 5,Sun,Away,D,0,0,Lyon,0,7,0,0.0,0.0,,23.3,1.0,0,0,0.8,0.8,0.11,-0.8,-0.8,20:45:00,/en/matches/18b82351/Lyon-Le-Havre-September-17-2023-Ligue-1
FRA-Ligue 1,2324,Le Havre,2023-09-24 Le Havre-Clermont Foot,2023-09-24,Matchweek 6,Sun,Home,W,2,1,Clermont Foot,2,9,3,33.3,0.22,0.67,16.0,0.0,0,0,1.3,1.3,0.15,0.7,0.7,15:00:00,/en/matches/941106cf/Le-Havre-Clermont-Foot-September-24-2023-Ligue-1
FRA-Ligue 1,2324,Le Havre,2023-10-01 Le Havre-Lille,2023-10-01,Matchweek 7,Sun,Home,L,0,2,Lille,0,5,0,0.0,0.0,,14.6,0.0,0,0,0.8,0.8,0.17,-0.8,-0.8,15:00:00,/en/matches/f2fb61f7/Le-Havre-Lille-October-1-2023-Ligue-1
FRA-Ligue 1,2324,Le Havre,2023-10-08 Marseille-Le Havre,2023-10-08,Matchweek 8,Sun,Away,L,0,3,Marseille,0,7,1,14.3,0.0,0.0,22.8,0.0,0,0,0.2,0.2,0.03,-0.2,-0.2,13:00:00,/en/matches/4df09039/Marseille-Le-Havre-October-8-2023-Ligue-1
FRA-Ligue 1,2324,Le Havre,2023-10-20 Le Havre-Lens,2023-10-20,Matchweek 9,Fri,Home,D,0,0,Lens,0,14,4,28.6,0.0,0.0,15.7,0.0,0,0,1.6,1.6,0.12,-1.6,-1.6,21:00:00,/en/matches/437ba0cb/Le-Havre-Lens-October-20-2023-Ligue-1
FRA-Ligue 1,2324,Le Havre,2023-10-29 Metz-Le Havre,2023-10-29,Matchweek 10,Sun,Away,D,0,0,Metz,0,12,2,16.7,0.0,0.0,18.5,1.0,0,0,0.7,0.7,0.06,-0.7,-0.7,15:00:00,/en/matches/6d743853/Metz-Le-Havre-October-29-2023-Ligue-1
FRA-Ligue 1,2324,Le Havre,2023-11-05 Toulouse-Le Havre,2023-11-05,Matchweek 11,Sun,Away,W,2,1,Toulouse,2,15,7,46.7,0.13,0.29,17.7,0.0,0,0,1.1,1.1,0.07,0.9,0.9,15:00:00,/en/matches/f7d3c634/Toulouse-Le-Havre-November-5-2023-Ligue-1
FRA-Ligue 1,2324,Le Havre,2023-11-11 Le Havre-Monaco,2023-11-11,Matchweek 12,Sat,Home,D,0,0,Monaco,0,8,4,50.0,0.0,0.0,22.9,0.0,0,1,1.4,0.6,0.08,-1.4,-0.6,21:00:00,/en/matches/8bb49483/Le-Havre-Monaco-November-11-2023-Ligue-1
FRA-Ligue 1,2324,Le Havre,2023-11-26 Nantes-Le Havre,2023-11-26,Matchweek 13,Sun,Away,D,0,0,Nantes,0,6,0,0.0,0.0,,18.1,0.0,0,0,0.2,0.2,0.04,-0.2,-0.2,15:00:00,/en/matches/ec8cdc57/Nantes-Le-Havre-November-26-2023-Ligue-1
FRA-Ligue 1,2324,Le Havre,2023-12-03 Le Havre-Paris S-G,2023-12-03,Matchweek 14,Sun,Home,L,0,2,Paris S-G,0,22,6,27.3,0.0,0.0,17.1,1.0,0,0,2.0,2.0,0.09,-2.0,-2.0,13:00:00,/en/matches/b6e6fdfe/Le-Havre-Paris-Saint-Germain-December-3-2023-Ligue-1
FRA-Ligue 1,2324,Le Havre,2023-12-10 Strasbourg-Le Havre,2023-12-10,Matchweek 15,Sun,Away,L,1,2,Strasbourg,1,14,3,21.4,0.07,0.33,18.0,2.0,0,0,1.3,1.3,0.09,-0.3,-0.3,15:00:00,/en/matches/d15b44c5/Strasbourg-Le-Havre-December-10-2023-Ligue-1
FRA-Ligue 1,2324,Le Havre,2023-12-16 Le Havre-Nice,2023-12-16,Matchweek 16,Sat,Home,W,3,1,Nice,3,8,4,50.0,0.25,0.5,15.6,0.0,1,1,2.1,1.3,0.16,0.9,0.7,17:00:00,/en/matches/8fd0b0fe/Le-Havre-Nice-December-16-2023-Ligue-1
FRA-Ligue 1,2324,Le Havre,2023-12-20 Reims-Le Havre,2023-12-20,Matchweek 17,Wed,Away,L,0,1,Reims,0,4,1,25.0,0.0,0.0,22.5,0.0,0,0,0.2,0.2,0.06,-0.2,-0.2,21:00:00,/en/matches/4e667758/Reims-Le-Havre-December-20-2023-Ligue-1
FRA-Ligue 1,2324,Le Havre,2024-01-14 Le Havre-Lyon,2024-01-14,Matchweek 18,Sun,Home,W,3,1,Lyon,3,14,7,50.0,0.21,0.43,18.7,0.0,0,0,1.2,1.2,0.08,1.8,1.8,17:05:00,/en/matches/a8be717d/Le-Havre-Lyon-January-14-2024-Ligue-1
FRA-Ligue 1,2324,Le Havre,2024-01-28 Lorient-Le Havre,2024-01-28,Matchweek 19,Sun,Away,D,3,3,Lorient,3,13,3,23.1,0.15,0.67,18.6,2.0,1,1,1.7,0.9,0.07,1.3,1.1,15:00:00,/en/matches/9bdf343f/Lorient-Le-Havre-January-28-2024-Ligue-1
FRA-Ligue 1,2324,Le Havre,2024-02-04 Monaco-Le Havre,2024-02-04,Matchweek 20,Sun,Away,D,1,1,Monaco,0,3,0,0.0,0.0,,20.8,0.0,0,0,0.1,0.1,0.03,-0.1,-0.1,13:00:00,/en/matches/6b4f65e7/Monaco-Le-Havre-February-4-2024-Ligue-1
FRA-Ligue 1,2324,Le Havre,2024-02-11 Le Havre-Rennes,2024-02-11,Matchweek 21,Sun,Home,L,0,1,Rennes,0,13,5,38.5,0.0,0.0,15.2,0.0,0,0,1.1,1.1,0.09,-1.1,-1.1,13:00:00,/en/matches/4472d29d/Le-Havre-Rennes-February-11-2024-Ligue-1
FRA-Ligue 1,2324,Le Havre,2024-02-17 Lille-Le Havre,2024-02-17,Matchweek 22,Sat,Away,L,0,3,Lille,0,6,2,33.3,0.0,0.0,21.1,0.0,0,0,0.6,0.6,0.1,-0.6,-0.6,17:00:00,/en/matches/9e482487/Lille-Le-Havre-February-17-2024-Ligue-1
FRA-Ligue 1,2324,Le Havre,2024-02-25 Le Havre-Reims,2024-02-25,Matchweek 23,Sun,Home,L,1,2,Reims,1,16,3,18.8,0.0,0.0,16.7,0.0,1,1,1.7,1.0,0.06,-0.7,-1.0,15:00:00,/en/matches/f2b72da5/Le-Havre-Reims-February-25-2024-Ligue-1
FRA-Ligue 1,2324,Le Havre,2024-03-03 Brest-Le Havre,2024-03-03,Matchweek 24,Sun,Away,L,0,1,Brest,0,11,2,18.2,0.0,0.0,24.3,0.0,0,0,0.6,0.6,0.05,-0.6,-0.6,15:00:00,/en/matches/51912b7d/Brest-Le-Havre-March-3-2024-Ligue-1
FRA-Ligue 1,2324,Le Havre,2024-03-10 Le Havre-Toulouse,2024-03-10,Matchweek 25,Sun,Home,W,1,0,Toulouse,1,12,4,33.3,0.08,0.25,17.1,0.0,0,0,1.0,1.0,0.08,0.0,0.0,15:00:00,/en/matches/3957eebd/Le-Havre-Toulouse-March-10-2024-Ligue-1
FRA-Ligue 1,2324,Le Havre,2024-03-17 Clermont Foot-Le Havre,2024-03-17,Matchweek 26,Sun,Away,L,1,2,Clermont Foot,1,14,5,35.7,0.07,0.2,15.3,1.0,0,0,1.2,1.2,0.09,-0.2,-0.2,15:00:00,/en/matches/f7f8d2b1/Clermont-Foot-Le-Havre-March-17-2024-Ligue-1
FRA-Ligue 1,2324,Le Havre,2024-03-31 Le Havre-Montpellier,2024-03-31,Matchweek 27,Sun,Home,L,0,2,Montpellier,0,14,3,21.4,0.0,0.0,18.4,0.0,0,0,0.8,0.8,0.05,-0.8,-0.8,15:00:00,/en/matches/84ed0867/Le-Havre-Montpellier-March-31-2024-Ligue-1
FRA-Ligue 1,2324,Le Havre,2024-04-06 Lens-Le Havre,2024-04-06,Matchweek 28,Sat,Away,D,1,1,Lens,1,10,2,20.0,0.0,0.0,15.4,0.0,1,1,1.9,1.1,0.11,-0.9,-1.1,17:00:00,/en/matches/a4636c9d/Lens-Le-Havre-April-6-2024-Ligue-1
FRA-Ligue 1,2324,Le Havre,2024-04-14 Le Havre-Nantes,2024-04-14,Matchweek 29,Sun,Home,L,0,1,Nantes,0,10,1,10.0,0.0,0.0,15.5,1.0,0,0,1.4,1.4,0.14,-1.4,-1.4,13:00:00,/en/matches/2e9cdf18/Le-Havre-Nantes-April-14-2024-Ligue-1
FRA-Ligue 1,2324,Le Havre,2024-04-21 Le Havre-Metz,2024-04-21,Matchweek 30,Sun,Home,L,0,1,Metz,0,16,4,25.0,0.0,0.0,21.8,1.0,0,0,0.7,0.7,0.04,-0.7,-0.7,15:00:00,/en/matches/488e12d3/Le-Havre-Metz-April-21-2024-Ligue-1
FRA-Ligue 1,2324,Le Havre,2024-04-27 Paris S-G-Le Havre,2024-04-27,Matchweek 31,Sat,Away,D,3,3,Paris S-G,3,5,3,60.0,0.4,0.67,21.4,0.0,1,1,1.0,0.2,0.05,2.0,1.8,21:00:00,/en/matches/c28df007/Paris-Saint-Germain-Le-Havre-April-27-2024-Ligue-1
FRA-Ligue 1,2324,Le Havre,2024-05-04 Le Havre-Strasbourg,2024-05-04,Matchweek 32,Sat,Home,W,3,1,Strasbourg,3,15,6,40.0,0.2,0.5,14.0,1.0,0,0,1.8,1.8,0.13,1.2,1.2,15:00:00,/en/matches/024a71c6/Le-Havre-Strasbourg-May-4-2024-Ligue-1
FRA-Ligue 1,2324,Le Havre,2024-05-10 Nice-Le Havre,2024-05-10,Matchweek 33,Fri,Away,L,0,1,Nice,0,12,3,25.0,0.0,0.0,21.1,0.0,0,0,0.5,0.5,0.04,-0.5,-0.5,21:00:00,/en/matches/73e73f70/Nice-Le-Havre-May-10-2024-Ligue-1
FRA-Ligue 1,2324,Le Havre,2024-05-19 Le Havre-Marseille,2024-05-19,Matchweek 34,Sun,Home,L,1,2,Marseille,1,12,5,41.7,0.0,0.0,18.2,0.0,1,1,1.8,1.0,0.08,-0.8,-1.0,21:00:00,/en/matches/3fa1da40/Le-Havre-Marseille-May-19-2024-Ligue-1
FRA-Ligue 1,2324,Lens,2023-08-13 Brest-Lens,2023-08-13,Matchweek 1,Sun,Away,L,2,3,Brest,2,8,2,25.0,0.25,1.0,16.2,0.0,0,0,0.7,0.7,0.09,1.3,1.3,13:00:00,/en/matches/6e29d5a3/Brest-Lens-August-13-2023-Ligue-1
FRA-Ligue 1,2324,Lens,2023-08-20 Lens-Rennes,2023-08-20,Matchweek 2,Sun,Home,D,1,1,Rennes,1,15,4,26.7,0.07,0.25,17.7,2.0,0,0,1.0,1.0,0.07,0.0,0.0,20:45:00,/en/matches/283d8d62/Lens-Rennes-August-20-2023-Ligue-1
FRA-Ligue 1,2324,Lens,2023-08-26 Paris S-G-Lens,2023-08-26,Matchweek 3,Sat,Away,L,1,3,Paris S-G,1,12,4,33.3,0.08,0.25,19.2,1.0,0,0,0.5,0.5,0.04,0.5,0.5,21:00:00,/en/matches/d3db871d/Paris-Saint-Germain-Lens-August-26-2023-Ligue-1
FRA-Ligue 1,2324,Lens,2023-09-02 Monaco-Lens,2023-09-02,Matchweek 4,Sat,Away,L,0,3,Monaco,0,12,1,8.3,0.0,0.0,18.7,1.0,0,0,0.6,0.6,0.05,-0.6,-0.6,21:00:00,/en/matches/7a2f8122/Monaco-Lens-September-2-2023-Ligue-1
FRA-Ligue 1,2324,Lens,2023-09-16 Lens-Metz,2023-09-16,Matchweek 5,Sat,Home,L,0,1,Metz,0,31,10,32.3,0.0,0.0,17.4,1.0,0,0,2.0,2.0,0.07,-2.0,-2.0,21:00:00,/en/matches/40754c32/Lens-Metz-September-16-2023-Ligue-1
FRA-Ligue 1,2324,Lens,2023-09-24 Lens-Toulouse,2023-09-24,Matchweek 6,Sun,Home,W,2,1,Toulouse,2,27,7,25.9,0.07,0.29,16.8,1.0,0,0,2.5,2.5,0.09,-0.5,-0.5,15:00:00,/en/matches/2e47fd82/Lens-Toulouse-September-24-2023-Ligue-1
FRA-Ligue 1,2324,Lens,2023-09-29 Strasbourg-Lens,2023-09-29,Matchweek 7,Fri,Away,W,1,0,Strasbourg,1,9,2,22.2,0.11,0.5,16.1,0.0,0,0,0.8,0.8,0.08,0.2,0.2,21:00:00,/en/matches/0730708e/Strasbourg-Lens-September-29-2023-Ligue-1
FRA-Ligue 1,2324,Lens,2023-10-08 Lens-Lille,2023-10-08,Matchweek 8,Sun,Home,D,1,1,Lille,1,14,5,35.7,0.07,0.2,14.2,1.0,0,0,2.0,2.0,0.14,-1.0,-1.0,17:05:00,/en/matches/b044385d/Lens-Lille-October-8-2023-Ligue-1
FRA-Ligue 1,2324,Lens,2023-10-20 Le Havre-Lens,2023-10-20,Matchweek 9,Fri,Away,D,0,0,Le Havre,0,13,7,53.8,0.0,0.0,14.3,0.0,0,0,1.6,1.6,0.13,-1.6,-1.6,21:00:00,/en/matches/437ba0cb/Le-Havre-Lens-October-20-2023-Ligue-1
FRA-Ligue 1,2324,Lens,2023-10-28 Lens-Nantes,2023-10-28,Matchweek 10,Sat,Home,W,4,0,Nantes,4,9,5,55.6,0.22,0.4,15.3,1.0,2,2,3.7,2.3,0.26,0.3,-0.3,21:00:00,/en/matches/271f272f/Lens-Nantes-October-28-2023-Ligue-1
FRA-Ligue 1,2324,Lens,2023-11-04 Lorient-Lens,2023-11-04,Matchweek 11,Sat,Away,D,0,0,Lorient,0,14,7,50.0,0.0,0.0,20.3,0.0,0,0,0.6,0.6,0.05,-0.6,-0.6,17:00:00,/en/matches/001326cc/Lorient-Lens-November-4-2023-Ligue-1
FRA-Ligue 1,2324,Lens,2023-11-12 Lens-Marseille,2023-11-12,Matchweek 12,Sun,Home,W,1,0,Marseille,1,14,2,14.3,0.07,0.5,15.1,0.0,0,0,1.1,1.1,0.08,-0.1,-0.1,20:45:00,/en/matches/fe8096da/Lens-Marseille-November-12-2023-Ligue-1
FRA-Ligue 1,2324,Lens,2023-11-25 Clermont Foot-Lens,2023-11-25,Matchweek 13,Sat,Away,W,3,0,Clermont Foot,3,16,10,62.5,0.19,0.3,18.9,0.0,0,0,2.2,2.2,0.14,0.8,0.8,17:00:00,/en/matches/4cf8ae40/Clermont-Foot-Lens-November-25-2023-Ligue-1
FRA-Ligue 1,2324,Lens,2023-12-02 Lens-Lyon,2023-12-02,Matchweek 14,Sat,Home,W,3,2,Lyon,3,9,6,66.7,0.22,0.33,16.2,1.0,1,1,2.1,1.3,0.15,0.9,0.7,17:00:00,/en/matches/66f5f256/Lens-Lyon-December-2-2023-Ligue-1
FRA-Ligue 1,2324,Lens,2023-12-08 Montpellier-Lens,2023-12-08,Matchweek 15,Fri,Away,D,0,0,Montpellier,0,13,5,38.5,0.0,0.0,14.7,0.0,0,0,1.1,1.1,0.09,-1.1,-1.1,21:00:00,/en/matches/ad238285/Montpellier-Lens-December-8-2023-Ligue-1
FRA-Ligue 1,2324,Lens,2023-12-16 Lens-Reims,2023-12-16,Matchweek 16,Sat,Home,W,2,0,Reims,2,7,2,28.6,0.29,1.0,13.9,0.0,0,0,1.3,1.3,0.19,0.7,0.7,21:00:00,/en/matches/331c82fc/Lens-Reims-December-16-2023-Ligue-1
FRA-Ligue 1,2324,Lens,2023-12-20 Nice-Lens,2023-12-20,Matchweek 17,Wed,Away,L,0,2,Nice,0,10,3,30.0,0.0,0.0,16.9,1.0,0,0,0.5,0.5,0.05,-0.5,-0.5,21:00:00,/en/matches/267500aa/Nice-Lens-December-20-2023-Ligue-1
FRA-Ligue 1,2324,Lens,2024-01-14 Lens-Paris S-G,2024-01-14,Matchweek 18,Sun,Home,L,0,2,Paris S-G,0,16,4,25.0,0.0,0.0,17.0,0.0,0,1,2.1,1.3,0.08,-2.1,-1.3,20:45:00,/en/matches/0682fa55/Lens-Paris-Saint-Germain-January-14-2024-Ligue-1
FRA-Ligue 1,2324,Lens,2024-01-28 Toulouse-Lens,2024-01-28,Matchweek 19,Sun,Away,W,2,0,Toulouse,2,13,5,38.5,0.15,0.4,16.2,0.0,0,0,0.8,0.8,0.06,1.2,1.2,17:05:00,/en/matches/678c2976/Toulouse-Lens-January-28-2024-Ligue-1
FRA-Ligue 1,2324,Lens,2024-02-03 Nantes-Lens,2024-02-03,Matchweek 20,Sat,Away,W,1,0,Nantes,1,12,4,33.3,0.08,0.25,17.5,1.0,0,0,1.6,1.6,0.13,-0.6,-0.6,21:00:00,/en/matches/f7e99caf/Nantes-Lens-February-3-2024-Ligue-1
FRA-Ligue 1,2324,Lens,2024-02-10 Lens-Strasbourg,2024-02-10,Matchweek 21,Sat,Home,W,3,1,Strasbourg,3,10,6,60.0,0.3,0.5,17.5,0.0,0,0,1.6,1.6,0.16,1.4,1.4,17:00:00,/en/matches/9635699e/Lens-Strasbourg-February-10-2024-Ligue-1
FRA-Ligue 1,2324,Lens,2024-02-18 Reims-Lens,2024-02-18,Matchweek 22,Sun,Away,D,1,1,Reims,1,9,1,11.1,0.11,1.0,14.5,0.0,0,0,1.2,1.2,0.14,-0.2,-0.2,17:05:00,/en/matches/825ef1ef/Reims-Lens-February-18-2024-Ligue-1
FRA-Ligue 1,2324,Lens,2024-02-25 Lens-Monaco,2024-02-25,Matchweek 23,Sun,Home,L,2,3,Monaco,2,20,10,50.0,0.1,0.2,13.0,0.0,0,0,2.9,2.9,0.15,-0.9,-0.9,13:00:00,/en/matches/7b54b025/Lens-Monaco-February-25-2024-Ligue-1
FRA-Ligue 1,2324,Lens,2024-03-03 Lyon-Lens,2024-03-03,Matchweek 24,Sun,Away,W,3,0,Lyon,3,17,7,41.2,0.12,0.29,17.1,1.0,1,1,3.4,2.7,0.16,-0.4,-0.7,20:45:00,/en/matches/736f94f0/Lyon-Lens-March-3-2024-Ligue-1
FRA-Ligue 1,2324,Lens,2024-03-09 Lens-Brest,2024-03-09,Matchweek 25,Sat,Home,W,1,0,Brest,1,6,2,33.3,0.17,0.5,12.4,0.0,0,0,0.9,0.9,0.15,0.1,0.1,21:00:00,/en/matches/54c25242/Lens-Brest-March-9-2024-Ligue-1
FRA-Ligue 1,2324,Lens,2024-03-16 Lens-Nice,2024-03-16,Matchweek 26,Sat,Home,L,1,3,Nice,1,20,4,20.0,0.05,0.25,17.4,0.0,0,0,1.3,1.3,0.06,-0.3,-0.3,21:00:00,/en/matches/7b5edccd/Lens-Nice-March-16-2024-Ligue-1
FRA-Ligue 1,2324,Lens,2024-03-29 Lille-Lens,2024-03-29,Matchweek 27,Fri,Away,L,1,2,Lille,1,9,3,33.3,0.11,0.33,13.9,0.0,0,0,0.6,0.6,0.07,0.4,0.4,21:00:00,/en/matches/1488d812/Lille-Lens-March-29-2024-Ligue-1
FRA-Ligue 1,2324,Lens,2024-04-06 Lens-Le Havre,2024-04-06,Matchweek 28,Sat,Home,D,1,1,Le Havre,1,18,8,44.4,0.06,0.13,17.9,0.0,0,0,0.9,0.9,0.05,0.1,0.1,17:00:00,/en/matches/a4636c9d/Lens-Le-Havre-April-6-2024-Ligue-1
FRA-Ligue 1,2324,Lens,2024-04-12 Metz-Lens,2024-04-12,Matchweek 29,Fri,Away,L,1,2,Metz,1,16,1,6.3,0.0,0.0,23.1,0.0,1,1,1.5,0.7,0.05,-0.5,-0.7,21:00:00,/en/matches/eac47cb2/Metz-Lens-April-12-2024-Ligue-1
FRA-Ligue 1,2324,Lens,2024-04-20 Lens-Clermont Foot,2024-04-20,Matchweek 30,Sat,Home,W,1,0,Clermont Foot,1,16,3,18.8,0.0,0.0,20.6,1.0,1,1,1.9,1.1,0.07,-0.9,-1.1,21:00:00,/en/matches/811884b5/Lens-Clermont-Foot-April-20-2024-Ligue-1
FRA-Ligue 1,2324,Lens,2024-04-28 Marseille-Lens,2024-04-28,Matchweek 31,Sun,Away,L,1,2,Marseille,1,18,5,27.8,0.06,0.2,18.7,0.0,0,0,1.2,1.2,0.07,-0.2,-0.2,21:00:00,/en/matches/13780c18/Marseille-Lens-April-28-2024-Ligue-1
FRA-Ligue 1,2324,Lens,2024-05-03 Lens-Lorient,2024-05-03,Matchweek 32,Fri,Home,W,2,0,Lorient,2,19,6,31.6,0.11,0.33,16.5,0.0,0,0,2.1,2.1,0.11,-0.1,-0.1,21:00:00,/en/matches/e7684537/Lens-Lorient-May-3-2024-Ligue-1
FRA-Ligue 1,2324,Lens,2024-05-12 Rennes-Lens,2024-05-12,Matchweek 33,Sun,Away,D,1,1,Rennes,1,8,4,50.0,0.13,0.25,14.8,0.0,0,0,0.6,0.6,0.07,0.4,0.4,21:00:00,/en/matches/c55b179e/Rennes-Lens-May-12-2024-Ligue-1
FRA-Ligue 1,2324,Lens,2024-05-19 Lens-Montpellier,2024-05-19,Matchweek 34,Sun,Home,D,2,2,Montpellier,2,27,12,44.4,0.07,0.17,13.2,0.0,0,0,5.2,5.2,0.2,-3.2,-3.2,21:00:00,/en/matches/ac107595/Lens-Montpellier-May-19-2024-Ligue-1
FRA-Ligue 1,2324,Lille,2023-08-11 Nice-Lille,2023-08-11,Matchweek 1,Fri,Away,D,1,1,Nice,1,12,5,41.7,0.08,0.2,16.9,0.0,0,0,1.3,1.3,0.11,-0.3,-0.3,21:00:00,/en/matches/ff59d311/Nice-Lille-August-11-2023-Ligue-1
FRA-Ligue 1,2324,Lille,2023-08-20 Lille-Nantes,2023-08-20,Matchweek 2,Sun,Home,W,2,0,Nantes,2,18,7,38.9,0.11,0.29,15.2,2.0,0,0,2.2,2.2,0.14,-0.2,-0.2,13:00:00,/en/matches/31fe99c8/Lille-Nantes-August-20-2023-Ligue-1
FRA-Ligue 1,2324,Lille,2023-08-27 Lorient-Lille,2023-08-27,Matchweek 3,Sun,Away,L,1,4,Lorient,1,18,7,38.9,0.06,0.14,20.2,2.0,0,0,1.1,1.1,0.06,-0.1,-0.1,17:05:00,/en/matches/eb2c366f/Lorient-Lille-August-27-2023-Ligue-1
FRA-Ligue 1,2324,Lille,2023-09-03 Lille-Montpellier,2023-09-03,Matchweek 4,Sun,Home,W,1,0,Montpellier,1,15,6,40.0,0.07,0.17,17.0,1.0,0,0,1.2,1.2,0.08,-0.2,-0.2,15:00:00,/en/matches/26cacbb5/Lille-Montpellier-September-3-2023-Ligue-1
FRA-Ligue 1,2324,Lille,2023-09-16 Rennes-Lille,2023-09-16,Matchweek 5,Sat,Away,D,2,2,Rennes,2,10,6,60.0,0.2,0.33,14.9,0.0,0,0,1.0,1.0,0.1,1.0,1.0,17:00:00,/en/matches/d419c313/Rennes-Lille-September-16-2023-Ligue-1
FRA-Ligue 1,2324,Lille,2023-09-26 Lille-Reims,2023-09-26,Matchweek 6,Tue,Home,L,1,2,Reims,1,14,3,21.4,0.07,0.33,14.2,0.0,0,0,1.2,1.2,0.09,-0.2,-0.2,21:00:00,/en/matches/b1ae9dc3/Lille-Reims-September-26-2023-Ligue-1
FRA-Ligue 1,2324,Lille,2023-10-01 Le Havre-Lille,2023-10-01,Matchweek 7,Sun,Away,W,2,0,Le Havre,1,16,6,37.5,0.06,0.17,16.0,0.0,0,0,1.2,1.2,0.08,-0.2,-0.2,15:00:00,/en/matches/f2fb61f7/Le-Havre-Lille-October-1-2023-Ligue-1
FRA-Ligue 1,2324,Lille,2023-10-08 Lens-Lille,2023-10-08,Matchweek 8,Sun,Away,D,1,1,Lens,1,8,3,37.5,0.13,0.33,15.0,1.0,0,0,1.7,1.7,0.21,-0.7,-0.7,17:05:00,/en/matches/b044385d/Lens-Lille-October-8-2023-Ligue-1
FRA-Ligue 1,2324,Lille,2023-10-22 Lille-Brest,2023-10-22,Matchweek 9,Sun,Home,W,1,0,Brest,1,6,4,66.7,0.17,0.25,11.9,0.0,0,0,1.6,1.6,0.27,-0.6,-0.6,15:00:00,/en/matches/de708e26/Lille-Brest-October-22-2023-Ligue-1
FRA-Ligue 1,2324,Lille,2023-10-29 Lille-Monaco,2023-10-29,Matchweek 10,Sun,Home,W,2,0,Monaco,2,7,5,71.4,0.29,0.4,21.1,2.0,0,0,0.5,0.5,0.07,1.5,1.5,15:00:00,/en/matches/e4ed3318/Lille-Monaco-October-29-2023-Ligue-1
FRA-Ligue 1,2324,Lille,2023-11-04 Marseille-Lille,2023-11-04,Matchweek 11,Sat,Away,D,0,0,Marseille,0,10,1,10.0,0.0,0.0,22.7,0.0,0,0,0.3,0.3,0.03,-0.3,-0.3,21:00:00,/en/matches/d8243ab9/Marseille-Lille-November-4-2023-Ligue-1
FRA-Ligue 1,2324,Lille,2023-11-12 Lille-Toulouse,2023-11-12,Matchweek 12,Sun,Home,D,1,1,Toulouse,1,14,5,35.7,0.07,0.2,13.2,1.0,0,0,2.5,2.5,0.23,-1.5,-1.5,15:00:00,/en/matches/f0f7d5b7/Lille-Toulouse-November-12-2023-Ligue-1
FRA-Ligue 1,2324,Lille,2023-11-26 Lyon-Lille,2023-11-26,Matchweek 13,Sun,Away,W,2,0,Lyon,2,15,8,53.3,0.13,0.25,17.0,1.0,0,0,1.5,1.5,0.1,0.5,0.5,20:45:00,/en/matches/3835384c/Lyon-Lille-November-26-2023-Ligue-1
FRA-Ligue 1,2324,Lille,2023-12-03 Lille-Metz,2023-12-03,Matchweek 14,Sun,Home,W,2,0,Metz,2,15,5,33.3,0.07,0.2,16.2,0.0,1,1,2.9,2.1,0.15,-0.9,-1.1,17:05:00,/en/matches/1edcab1f/Lille-Metz-December-3-2023-Ligue-1
FRA-Ligue 1,2324,Lille,2023-12-10 Clermont Foot-Lille,2023-12-10,Matchweek 15,Sun,Away,D,0,0,Clermont Foot,0,12,3,25.0,0.0,0.0,19.3,1.0,0,0,1.0,1.0,0.08,-1.0,-1.0,15:00:00,/en/matches/b6281098/Clermont-Foot-Lille-December-10-2023-Ligue-1
FRA-Ligue 1,2324,Lille,2023-12-17 Lille-Paris S-G,2023-12-17,Matchweek 16,Sun,Home,D,1,1,Paris S-G,1,15,3,20.0,0.07,0.33,16.4,1.0,0,0,1.4,1.4,0.1,-0.4,-0.4,20:45:00,/en/matches/204a77b5/Lille-Paris-Saint-Germain-December-17-2023-Ligue-1
FRA-Ligue 1,2324,Lille,2023-12-20 Strasbourg-Lille,2023-12-20,Matchweek 17,Wed,Away,L,1,2,Strasbourg,0,9,2,22.2,0.0,0.0,18.2,1.0,0,0,0.5,0.5,0.06,-0.5,-0.5,21:00:00,/en/matches/df32fbe8/Strasbourg-Lille-December-20-2023-Ligue-1
FRA-Ligue 1,2324,Lille,2024-01-14 Lille-Lorient,2024-01-14,Matchweek 18,Sun,Home,W,3,0,Lorient,3,24,10,41.7,0.13,0.3,19.3,4.0,0,0,2.3,2.3,0.11,0.7,0.7,13:00:00,/en/matches/24f7d86b/Lille-Lorient-January-14-2024-Ligue-1
FRA-Ligue 1,2324,Lille,2024-01-28 Montpellier-Lille,2024-01-28,Matchweek 19,Sun,Away,D,0,0,Montpellier,0,12,0,0.0,0.0,,21.2,0.0,0,0,0.5,0.5,0.04,-0.5,-0.5,13:00:00,/en/matches/8308b478/Montpellier-Lille-January-28-2024-Ligue-1
FRA-Ligue 1,2324,Lille,2024-02-04 Lille-Clermont Foot,2024-02-04,Matchweek 20,Sun,Home,W,4,0,Clermont Foot,4,23,13,56.5,0.17,0.31,19.7,0.0,0,0,2.9,2.9,0.12,1.1,1.1,15:00:00,/en/matches/90c40e1c/Lille-Clermont-Foot-February-4-2024-Ligue-1
FRA-Ligue 1,2324,Lille,2024-02-10 Paris S-G-Lille,2024-02-10,Matchweek 21,Sat,Away,L,1,3,Paris S-G,1,10,3,30.0,0.1,0.33,15.9,0.0,0,0,1.2,1.2,0.12,-0.2,-0.2,21:00:00,/en/matches/fb49d66d/Paris-Saint-Germain-Lille-February-10-2024-Ligue-1
FRA-Ligue 1,2324,Lille,2024-02-17 Lille-Le Havre,2024-02-17,Matchweek 22,Sat,Home,W,3,0,Le Havre,3,16,7,43.8,0.19,0.43,12.9,0.0,0,1,3.8,2.9,0.2,-0.8,0.1,17:00:00,/en/matches/9e482487/Lille-Le-Havre-February-17-2024-Ligue-1
FRA-Ligue 1,2324,Lille,2024-02-25 Toulouse-Lille,2024-02-25,Matchweek 23,Sun,Away,L,1,3,Toulouse,1,12,2,16.7,0.08,0.5,19.2,0.0,0,0,0.6,0.6,0.05,0.4,0.4,15:00:00,/en/matches/a07309bd/Toulouse-Lille-February-25-2024-Ligue-1
FRA-Ligue 1,2324,Lille,2024-03-02 Reims-Lille,2024-03-02,Matchweek 24,Sat,Away,W,1,0,Reims,1,8,3,37.5,0.13,0.33,19.6,0.0,0,0,1.1,1.1,0.14,-0.1,-0.1,17:00:00,/en/matches/92da3973/Reims-Lille-March-2-2024-Ligue-1
FRA-Ligue 1,2324,Lille,2024-03-10 Lille-Rennes,2024-03-10,Matchweek 25,Sun,Home,D,2,2,Rennes,2,15,8,53.3,0.13,0.25,14.8,0.0,0,0,2.4,2.4,0.17,-0.4,-0.4,17:05:00,/en/matches/67041fa5/Lille-Rennes-March-10-2024-Ligue-1
FRA-Ligue 1,2324,Lille,2024-03-17 Brest-Lille,2024-03-17,Matchweek 26,Sun,Away,D,1,1,Brest,1,13,8,61.5,0.08,0.13,23.5,1.0,0,0,0.8,0.8,0.06,0.2,0.2,13:00:00,/en/matches/cdf13a58/Brest-Lille-March-17-2024-Ligue-1
FRA-Ligue 1,2324,Lille,2024-03-29 Lille-Lens,2024-03-29,Matchweek 27,Fri,Home,W,2,1,Lens,2,15,6,40.0,0.13,0.33,18.4,1.0,0,0,1.6,1.6,0.11,0.4,0.4,21:00:00,/en/matches/1488d812/Lille-Lens-March-29-2024-Ligue-1
FRA-Ligue 1,2324,Lille,2024-04-05 Lille-Marseille,2024-04-05,Matchweek 28,Fri,Home,W,3,1,Marseille,3,13,5,38.5,0.15,0.4,20.1,0.0,1,1,1.8,1.0,0.08,1.2,1.0,21:00:00,/en/matches/b0aa88a4/Lille-Marseille-April-5-2024-Ligue-1
FRA-Ligue 1,2324,Lille,2024-04-21 Lille-Strasbourg,2024-04-21,Matchweek 30,Sun,Home,W,1,0,Strasbourg,1,6,2,33.3,0.17,0.5,15.1,0.0,0,0,0.8,0.8,0.13,0.2,0.2,15:00:00,/en/matches/9511f4ab/Lille-Strasbourg-April-21-2024-Ligue-1
FRA-Ligue 1,2324,Lille,2024-04-24 Monaco-Lille,2024-04-24,Matchweek 29,Wed,Away,L,0,1,Monaco,0,13,4,30.8,0.0,0.0,17.4,0.0,0,0,1.3,1.3,0.1,-1.3,-1.3,21:00:00,/en/matches/88182e5f/Monaco-Lille-April-24-2024-Ligue-1
FRA-Ligue 1,2324,Lille,2024-04-28 Metz-Lille,2024-04-28,Matchweek 31,Sun,Away,W,2,1,Metz,2,14,4,28.6,0.14,0.5,19.5,0.0,0,0,0.8,0.8,0.06,1.2,1.2,13:00:00,/en/matches/316c5fa3/Metz-Lille-April-28-2024-Ligue-1
FRA-Ligue 1,2324,Lille,2024-05-06 Lille-Lyon,2024-05-06,Matchweek 32,Mon,Home,L,3,4,Lyon,3,8,5,62.5,0.38,0.6,15.8,0.0,0,0,0.9,0.9,0.11,2.1,2.1,21:00:00,/en/matches/9a72e466/Lille-Lyon-May-6-2024-Ligue-1
FRA-Ligue 1,2324,Lille,2024-05-12 Nantes-Lille,2024-05-12,Matchweek 33,Sun,Away,W,2,1,Nantes,2,11,3,27.3,0.18,0.67,18.3,2.0,0,0,1.5,1.5,0.14,0.5,0.5,21:00:00,/en/matches/8f8532aa/Nantes-Lille-May-12-2024-Ligue-1
FRA-Ligue 1,2324,Lille,2024-05-19 Lille-Nice,2024-05-19,Matchweek 34,Sun,Home,D,2,2,Nice,2,11,3,27.3,0.18,0.67,14.7,0.0,0,0,1.2,1.2,0.11,0.8,0.8,21:00:00,/en/matches/df360311/Lille-Nice-May-19-2024-Ligue-1
FRA-Ligue 1,2324,Lorient,2023-08-12 Paris S-G-Lorient,2023-08-12,Matchweek 1,Sat,Away,D,0,0,Paris S-G,0,4,0,0.0,0.0,,27.3,0.0,0,0,0.1,0.1,0.03,-0.1,-0.1,21:00:00,/en/matches/2e85b460/Paris-Saint-Germain-Lorient-August-12-2023-Ligue-1
FRA-Ligue 1,2324,Lorient,2023-08-20 Lorient-Nice,2023-08-20,Matchweek 2,Sun,Home,D,1,1,Nice,1,9,2,22.2,0.11,0.5,19.6,0.0,0,0,0.8,0.8,0.09,0.2,0.2,15:00:00,/en/matches/f6d67175/Lorient-Nice-August-20-2023-Ligue-1
FRA-Ligue 1,2324,Lorient,2023-08-27 Lorient-Lille,2023-08-27,Matchweek 3,Sun,Home,W,4,1,Lille,4,9,6,66.7,0.44,0.67,16.0,0.0,0,0,1.6,1.6,0.18,2.4,2.4,17:05:00,/en/matches/eb2c366f/Lorient-Lille-August-27-2023-Ligue-1
FRA-Ligue 1,2324,Lorient,2023-09-03 Le Havre-Lorient,2023-09-03,Matchweek 4,Sun,Away,L,0,3,Le Havre,0,9,2,22.2,0.0,0.0,19.2,1.0,0,0,0.7,0.7,0.08,-0.7,-0.7,15:00:00,/en/matches/4519a333/Le-Havre-Lorient-September-3-2023-Ligue-1
FRA-Ligue 1,2324,Lorient,2023-09-17 Lorient-Monaco,2023-09-17,Matchweek 5,Sun,Home,D,2,2,Monaco,2,10,3,30.0,0.2,0.67,20.5,0.0,0,0,0.9,0.9,0.09,1.1,1.1,13:00:00,/en/matches/2cbf9481/Lorient-Monaco-September-17-2023-Ligue-1
FRA-Ligue 1,2324,Lorient,2023-09-23 Nantes-Lorient,2023-09-23,Matchweek 6,Sat,Away,L,3,5,Nantes,3,10,7,70.0,0.3,0.43,17.0,0.0,0,0,1.7,1.7,0.17,1.3,1.3,17:00:00,/en/matches/4f5c9313/Nantes-Lorient-September-23-2023-Ligue-1
FRA-Ligue 1,2324,Lorient,2023-10-01 Lorient-Montpellier,2023-10-01,Matchweek 7,Sun,Home,L,0,3,Montpellier,0,14,3,21.4,0.0,0.0,12.2,0.0,0,0,1.0,1.0,0.07,-1.0,-1.0,17:05:00,/en/matches/fd60231d/Lorient-Montpellier-October-1-2023-Ligue-1
FRA-Ligue 1,2324,Lorient,2023-10-08 Lyon-Lorient,2023-10-08,Matchweek 8,Sun,Away,D,3,3,Lyon,3,6,5,83.3,0.5,0.6,12.5,0.0,0,0,1.1,1.1,0.18,1.9,1.9,15:00:00,/en/matches/43cc2649/Lyon-Lorient-October-8-2023-Ligue-1
FRA-Ligue 1,2324,Lorient,2023-10-22 Lorient-Rennes,2023-10-22,Matchweek 9,Sun,Home,W,2,1,Rennes,1,5,4,80.0,0.2,0.25,14.4,0.0,0,0,0.6,0.6,0.12,0.4,0.4,13:00:00,/en/matches/08e896d5/Lorient-Rennes-October-22-2023-Ligue-1
FRA-Ligue 1,2324,Lorient,2023-10-28 Reims-Lorient,2023-10-28,Matchweek 10,Sat,Away,L,0,1,Reims,0,9,1,11.1,0.0,0.0,21.0,0.0,0,0,0.4,0.4,0.05,-0.4,-0.4,17:00:00,/en/matches/5c8bc6ef/Reims-Lorient-October-28-2023-Ligue-1
FRA-Ligue 1,2324,Lorient,2023-11-04 Lorient-Lens,2023-11-04,Matchweek 11,Sat,Home,D,0,0,Lens,0,7,2,28.6,0.0,0.0,22.5,0.0,0,0,0.5,0.5,0.07,-0.5,-0.5,17:00:00,/en/matches/001326cc/Lorient-Lens-November-4-2023-Ligue-1
FRA-Ligue 1,2324,Lorient,2023-11-12 Clermont Foot-Lorient,2023-11-12,Matchweek 12,Sun,Away,L,0,1,Clermont Foot,0,10,3,30.0,0.0,0.0,23.7,0.0,0,0,0.5,0.5,0.05,-0.5,-0.5,15:00:00,/en/matches/e0aea3a9/Clermont-Foot-Lorient-November-12-2023-Ligue-1
FRA-Ligue 1,2324,Lorient,2023-11-26 Lorient-Metz,2023-11-26,Matchweek 13,Sun,Home,L,2,3,Metz,2,11,5,45.5,0.18,0.4,17.4,1.0,0,0,1.2,1.2,0.11,0.8,0.8,15:00:00,/en/matches/685f0592/Lorient-Metz-November-26-2023-Ligue-1
FRA-Ligue 1,2324,Lorient,2023-12-03 Toulouse-Lorient,2023-12-03,Matchweek 14,Sun,Away,D,1,1,Toulouse,1,11,5,45.5,0.09,0.2,18.6,1.0,0,0,0.8,0.8,0.07,0.2,0.2,15:00:00,/en/matches/50bf0584/Toulouse-Lorient-December-3-2023-Ligue-1
FRA-Ligue 1,2324,Lorient,2023-12-10 Lorient-Marseille,2023-12-10,Matchweek 15,Sun,Home,L,2,4,Marseille,2,15,8,53.3,0.13,0.25,13.6,0.0,0,0,2.2,2.2,0.15,-0.2,-0.2,20:45:00,/en/matches/5443d1b1/Lorient-Marseille-December-10-2023-Ligue-1
FRA-Ligue 1,2324,Lorient,2023-12-17 Lorient-Strasbourg,2023-12-17,Matchweek 16,Sun,Home,L,1,2,Strasbourg,1,7,1,14.3,0.14,1.0,13.8,0.0,0,0,0.8,0.8,0.11,0.2,0.2,15:00:00,/en/matches/f3cfe34d/Lorient-Strasbourg-December-17-2023-Ligue-1
FRA-Ligue 1,2324,Lorient,2023-12-20 Brest-Lorient,2023-12-20,Matchweek 17,Wed,Away,L,0,4,Brest,0,7,3,42.9,0.0,0.0,22.2,0.0,0,0,0.5,0.5,0.07,-0.5,-0.5,21:00:00,/en/matches/0f7c086f/Brest-Lorient-December-20-2023-Ligue-1
FRA-Ligue 1,2324,Lorient,2024-01-14 Lille-Lorient,2024-01-14,Matchweek 18,Sun,Away,L,0,3,Lille,0,1,0,0.0,0.0,,18.8,0.0,0,0,0.1,0.1,0.12,-0.1,-0.1,13:00:00,/en/matches/24f7d86b/Lille-Lorient-January-14-2024-Ligue-1
FRA-Ligue 1,2324,Lorient,2024-01-28 Lorient-Le Havre,2024-01-28,Matchweek 19,Sun,Home,D,3,3,Le Havre,3,13,6,46.2,0.23,0.5,15.4,1.0,0,0,1.0,1.0,0.08,2.0,2.0,15:00:00,/en/matches/9bdf343f/Lorient-Le-Havre-January-28-2024-Ligue-1
FRA-Ligue 1,2324,Lorient,2024-02-04 Metz-Lorient,2024-02-04,Matchweek 20,Sun,Away,W,2,1,Metz,2,12,4,33.3,0.17,0.5,17.2,0.0,0,0,1.4,1.4,0.12,0.6,0.6,15:00:00,/en/matches/2e802ba3/Metz-Lorient-February-4-2024-Ligue-1
FRA-Ligue 1,2324,Lorient,2024-02-11 Lorient-Reims,2024-02-11,Matchweek 21,Sun,Home,W,2,0,Reims,2,17,5,29.4,0.12,0.4,17.5,0.0,0,0,1.9,1.9,0.11,0.1,0.1,15:00:00,/en/matches/99f9cba1/Lorient-Reims-February-11-2024-Ligue-1
FRA-Ligue 1,2324,Lorient,2024-02-18 Strasbourg-Lorient,2024-02-18,Matchweek 22,Sun,Away,W,3,1,Strasbourg,3,13,6,46.2,0.23,0.5,15.1,0.0,0,0,2.0,2.0,0.16,1.0,1.0,13:00:00,/en/matches/ec531c24/Strasbourg-Lorient-February-18-2024-Ligue-1
FRA-Ligue 1,2324,Lorient,2024-02-24 Lorient-Nantes,2024-02-24,Matchweek 23,Sat,Home,L,0,1,Nantes,0,6,1,16.7,0.0,0.0,18.0,1.0,0,0,0.5,0.5,0.09,-0.5,-0.5,17:00:00,/en/matches/53742b6f/Lorient-Nantes-February-24-2024-Ligue-1
FRA-Ligue 1,2324,Lorient,2024-03-03 Rennes-Lorient,2024-03-03,Matchweek 24,Sun,Away,W,2,1,Rennes,2,12,6,50.0,0.17,0.33,16.3,0.0,0,0,2.0,2.0,0.19,0.0,0.0,17:05:00,/en/matches/a3ae2f49/Rennes-Lorient-March-3-2024-Ligue-1
FRA-Ligue 1,2324,Lorient,2024-03-09 Lorient-Lyon,2024-03-09,Matchweek 25,Sat,Home,L,0,2,Lyon,0,9,0,0.0,0.0,,18.9,0.0,0,0,0.5,0.5,0.06,-0.5,-0.5,17:00:00,/en/matches/5ea578e0/Lorient-Lyon-March-9-2024-Ligue-1
FRA-Ligue 1,2324,Lorient,2024-03-17 Monaco-Lorient,2024-03-17,Matchweek 26,Sun,Away,D,2,2,Monaco,1,11,6,54.5,0.09,0.17,15.9,0.0,0,0,0.8,0.8,0.07,0.2,0.2,15:00:00,/en/matches/5494c9d6/Monaco-Lorient-March-17-2024-Ligue-1
FRA-Ligue 1,2324,Lorient,2024-03-31 Lorient-Brest,2024-03-31,Matchweek 27,Sun,Home,L,0,1,Brest,0,11,5,45.5,0.0,0.0,16.0,0.0,0,0,1.0,1.0,0.09,-1.0,-1.0,13:00:00,/en/matches/605ef273/Lorient-Brest-March-31-2024-Ligue-1
FRA-Ligue 1,2324,Lorient,2024-04-07 Montpellier-Lorient,2024-04-07,Matchweek 28,Sun,Away,L,0,2,Montpellier,0,19,4,21.1,0.0,0.0,16.2,1.0,0,0,1.4,1.4,0.08,-1.4,-1.4,15:00:00,/en/matches/95bdd121/Montpellier-Lorient-April-7-2024-Ligue-1
FRA-Ligue 1,2324,Lorient,2024-04-19 Nice-Lorient,2024-04-19,Matchweek 30,Fri,Away,L,0,3,Nice,0,9,4,44.4,0.0,0.0,18.5,0.0,0,0,0.5,0.5,0.06,-0.5,-0.5,21:00:00,/en/matches/05fcaf04/Nice-Lorient-April-19-2024-Ligue-1
FRA-Ligue 1,2324,Lorient,2024-04-24 Lorient-Paris S-G,2024-04-24,Matchweek 29,Wed,Home,L,1,4,Paris S-G,1,11,6,54.5,0.09,0.17,16.7,0.0,0,0,0.9,0.9,0.08,0.1,0.1,19:00:00,/en/matches/12fd3a4c/Lorient-Paris-Saint-Germain-April-24-2024-Ligue-1
FRA-Ligue 1,2324,Lorient,2024-04-28 Lorient-Toulouse,2024-04-28,Matchweek 31,Sun,Home,L,1,2,Toulouse,1,15,5,33.3,0.07,0.2,18.6,0.0,0,0,1.4,1.4,0.12,-0.4,-0.4,15:00:00,/en/matches/666bdb51/Lorient-Toulouse-April-28-2024-Ligue-1
FRA-Ligue 1,2324,Lorient,2024-05-03 Lens-Lorient,2024-05-03,Matchweek 32,Fri,Away,L,0,2,Lens,0,11,5,45.5,0.0,0.0,18.5,0.0,0,0,0.6,0.6,0.05,-0.6,-0.6,21:00:00,/en/matches/e7684537/Lens-Lorient-May-3-2024-Ligue-1
FRA-Ligue 1,2324,Lorient,2024-05-12 Marseille-Lorient,2024-05-12,Matchweek 33,Sun,Away,L,1,3,Marseille,1,14,3,21.4,0.07,0.33,20.4,0.0,0,0,1.5,1.5,0.1,-0.5,-0.5,21:00:00,/en/matches/acbbdff5/Marseille-Lorient-May-12-2024-Ligue-1
FRA-Ligue 1,2324,Lorient,2024-05-19 Lorient-Clermont Foot,2024-05-19,Matchweek 34,Sun,Home,W,5,0,Clermont Foot,5,31,9,29.0,0.13,0.44,19.3,0.0,1,1,4.2,3.4,0.11,0.8,0.6,21:00:00,/en/matches/aed44d7a/Lorient-Clermont-Foot-May-19-2024-Ligue-1
FRA-Ligue 1,2324,Lyon,2023-08-13 Strasbourg-Lyon,2023-08-13,Matchweek 1,Sun,Away,L,1,2,Strasbourg,1,23,7,30.4,0.04,0.14,17.3,1.0,0,0,1.7,1.7,0.08,-0.7,-0.7,20:45:00,/en/matches/9f7c605e/Strasbourg-Lyon-August-13-2023-Ligue-1
FRA-Ligue 1,2324,Lyon,2023-08-19 Lyon-Montpellier,2023-08-19,Matchweek 2,Sat,Home,L,1,4,Montpellier,1,7,3,42.9,0.14,0.33,20.0,1.0,0,0,0.4,0.4,0.05,0.6,0.6,19:00:00,/en/matches/39ad4054/Lyon-Montpellier-August-19-2023-Ligue-1
FRA-Ligue 1,2324,Lyon,2023-08-27 Nice-Lyon,2023-08-27,Matchweek 3,Sun,Away,D,0,0,Nice,0,6,1,16.7,0.0,0.0,23.5,0.0,0,0,0.2,0.2,0.03,-0.2,-0.2,20:45:00,/en/matches/067a73e7/Nice-Lyon-August-27-2023-Ligue-1
FRA-Ligue 1,2324,Lyon,2023-09-03 Lyon-Paris S-G,2023-09-03,Matchweek 4,Sun,Home,L,1,4,Paris S-G,1,18,7,38.9,0.0,0.0,16.5,0.0,1,1,2.1,1.5,0.08,-1.1,-1.5,20:45:00,/en/matches/cd3d8319/Lyon-Paris-Saint-Germain-September-3-2023-Ligue-1
FRA-Ligue 1,2324,Lyon,2023-09-17 Lyon-Le Havre,2023-09-17,Matchweek 5,Sun,Home,D,0,0,Le Havre,0,23,7,30.4,0.0,0.0,18.4,1.0,0,0,1.5,1.5,0.06,-1.5,-1.5,20:45:00,/en/matches/18b82351/Lyon-Le-Havre-September-17-2023-Ligue-1
FRA-Ligue 1,2324,Lyon,2023-09-23 Brest-Lyon,2023-09-23,Matchweek 6,Sat,Away,L,0,1,Brest,0,6,3,50.0,0.0,0.0,25.1,0.0,0,0,0.4,0.4,0.07,-0.4,-0.4,21:00:00,/en/matches/7ae5c7ed/Brest-Lyon-September-23-2023-Ligue-1
FRA-Ligue 1,2324,Lyon,2023-10-01 Reims-Lyon,2023-10-01,Matchweek 7,Sun,Away,L,0,2,Reims,0,11,6,54.5,0.0,0.0,20.7,0.0,0,0,0.7,0.7,0.07,-0.7,-0.7,13:00:00,/en/matches/cfb7f6ea/Reims-Lyon-October-1-2023-Ligue-1
FRA-Ligue 1,2324,Lyon,2023-10-08 Lyon-Lorient,2023-10-08,Matchweek 8,Sun,Home,D,3,3,Lorient,3,8,5,62.5,0.25,0.4,20.7,0.0,1,1,1.4,0.6,0.08,1.6,1.4,15:00:00,/en/matches/43cc2649/Lyon-Lorient-October-8-2023-Ligue-1
FRA-Ligue 1,2324,Lyon,2023-10-22 Lyon-Clermont Foot,2023-10-22,Matchweek 9,Sun,Home,L,1,2,Clermont Foot,0,25,6,24.0,0.0,0.0,17.2,3.0,0,0,1.7,1.7,0.07,-1.7,-1.7,20:45:00,/en/matches/847c54fa/Lyon-Clermont-Foot-October-22-2023-Ligue-1
FRA-Ligue 1,2324,Lyon,2023-11-05 Lyon-Metz,2023-11-05,Matchweek 11,Sun,Home,D,1,1,Metz,1,15,4,26.7,0.07,0.25,21.0,1.0,0,0,1.9,1.9,0.13,-0.9,-0.9,13:00:00,/en/matches/eadb1375/Lyon-Metz-November-5-2023-Ligue-1
FRA-Ligue 1,2324,Lyon,2023-11-12 Rennes-Lyon,2023-11-12,Matchweek 12,Sun,Away,W,1,0,Rennes,1,12,5,41.7,0.08,0.2,14.6,0.0,0,0,1.5,1.5,0.12,-0.5,-0.5,17:05:00,/en/matches/16251ab0/Rennes-Lyon-November-12-2023-Ligue-1
FRA-Ligue 1,2324,Lyon,2023-11-26 Lyon-Lille,2023-11-26,Matchweek 13,Sun,Home,L,0,2,Lille,0,11,5,45.5,0.0,0.0,13.6,0.0,0,0,1.9,1.9,0.17,-1.9,-1.9,20:45:00,/en/matches/3835384c/Lyon-Lille-November-26-2023-Ligue-1
FRA-Ligue 1,2324,Lyon,2023-12-02 Lens-Lyon,2023-12-02,Matchweek 14,Sat,Away,L,2,3,Lens,2,12,7,58.3,0.17,0.29,11.3,1.0,0,0,2.5,2.5,0.23,-0.5,-0.5,17:00:00,/en/matches/66f5f256/Lens-Lyon-December-2-2023-Ligue-1
FRA-Ligue 1,2324,Lyon,2023-12-06 Marseille-Lyon,2023-12-06,Matchweek 10,Wed,Away,L,0,3,Marseille,0,6,1,16.7,0.0,0.0,21.8,0.0,0,0,0.2,0.2,0.03,-0.2,-0.2,21:00:00,/en/matches/dfac144f/Choc-des-Olympiques-Marseille-Lyon-December-6-2023-Ligue-1
FRA-Ligue 1,2324,Lyon,2023-12-10 Lyon-Toulouse,2023-12-10,Matchweek 15,Sun,Home,W,3,0,Toulouse,3,15,7,46.7,0.2,0.43,12.0,0.0,0,0,1.7,1.7,0.12,1.3,1.3,17:05:00,/en/matches/015e7632/Lyon-Toulouse-December-10-2023-Ligue-1
FRA-Ligue 1,2324,Lyon,2023-12-15 Monaco-Lyon,2023-12-15,Matchweek 16,Fri,Away,W,1,0,Monaco,1,5,2,40.0,0.2,0.5,19.7,2.0,0,0,0.7,0.7,0.15,0.3,0.3,21:00:00,/en/matches/f66124b8/Monaco-Lyon-December-15-2023-Ligue-1
FRA-Ligue 1,2324,Lyon,2023-12-20 Lyon-Nantes,2023-12-20,Matchweek 17,Wed,Home,W,1,0,Nantes,1,8,7,87.5,0.13,0.14,10.6,0.0,0,0,1.7,1.7,0.21,-0.7,-0.7,21:00:00,/en/matches/1b327b86/Lyon-Nantes-December-20-2023-Ligue-1
FRA-Ligue 1,2324,Lyon,2024-01-14 Le Havre-Lyon,2024-01-14,Matchweek 18,Sun,Away,L,1,3,Le Havre,1,9,2,22.2,0.11,0.5,14.1,1.0,0,0,0.8,0.8,0.09,0.2,0.2,17:05:00,/en/matches/a8be717d/Le-Havre-Lyon-January-14-2024-Ligue-1
FRA-Ligue 1,2324,Lyon,2024-01-26 Lyon-Rennes,2024-01-26,Matchweek 19,Fri,Home,L,2,3,Rennes,2,12,6,50.0,0.17,0.33,16.8,0.0,0,0,0.9,0.9,0.08,1.1,1.1,21:00:00,/en/matches/952686b7/Lyon-Rennes-January-26-2024-Ligue-1
FRA-Ligue 1,2324,Lyon,2024-02-04 Lyon-Marseille,2024-02-04,Matchweek 20,Sun,Home,W,1,0,Marseille,1,12,6,50.0,0.08,0.17,14.7,1.0,0,0,1.4,1.4,0.13,-0.4,-0.4,20:45:00,/en/matches/2e98ccf9/Choc-des-Olympiques-Lyon-Marseille-February-4-2024-Ligue-1
FRA-Ligue 1,2324,Lyon,2024-02-11 Montpellier-Lyon,2024-02-11,Matchweek 21,Sun,Away,W,2,1,Montpellier,2,19,5,26.3,0.11,0.4,17.5,2.0,0,0,1.2,1.2,0.06,0.8,0.8,17:05:00,/en/matches/014cd5b7/Montpellier-Lyon-February-11-2024-Ligue-1
FRA-Ligue 1,2324,Lyon,2024-02-16 Lyon-Nice,2024-02-16,Matchweek 22,Fri,Home,W,1,0,Nice,1,9,1,11.1,0.11,1.0,18.5,0.0,0,0,1.1,1.1,0.12,-0.1,-0.1,21:00:00,/en/matches/205468df/Lyon-Nice-February-16-2024-Ligue-1
FRA-Ligue 1,2324,Lyon,2024-02-23 Metz-Lyon,2024-02-23,Matchweek 23,Fri,Away,W,2,1,Metz,2,11,5,45.5,0.18,0.4,17.8,0.0,0,0,1.6,1.6,0.15,0.4,0.4,21:00:00,/en/matches/f2778def/Metz-Lyon-February-23-2024-Ligue-1
FRA-Ligue 1,2324,Lyon,2024-03-03 Lyon-Lens,2024-03-03,Matchweek 24,Sun,Home,L,0,3,Lens,0,13,4,30.8,0.0,0.0,12.2,1.0,0,0,2.0,2.0,0.22,-2.0,-2.0,20:45:00,/en/matches/736f94f0/Lyon-Lens-March-3-2024-Ligue-1
FRA-Ligue 1,2324,Lyon,2024-03-09 Lorient-Lyon,2024-03-09,Matchweek 25,Sat,Away,W,2,0,Lorient,2,13,6,46.2,0.15,0.33,18.1,0.0,0,0,1.9,1.9,0.15,0.1,0.1,17:00:00,/en/matches/5ea578e0/Lorient-Lyon-March-9-2024-Ligue-1
FRA-Ligue 1,2324,Lyon,2024-03-15 Toulouse-Lyon,2024-03-15,Matchweek 26,Fri,Away,W,3,2,Toulouse,3,18,6,33.3,0.17,0.5,15.2,1.0,0,0,1.4,1.4,0.08,1.6,1.6,21:00:00,/en/matches/863ee181/Toulouse-Lyon-March-15-2024-Ligue-1
FRA-Ligue 1,2324,Lyon,2024-03-30 Lyon-Reims,2024-03-30,Matchweek 27,Sat,Home,D,1,1,Reims,1,16,3,18.8,0.06,0.33,15.6,0.0,0,0,1.8,1.8,0.12,-0.8,-0.8,21:00:00,/en/matches/6b21872e/Lyon-Reims-March-30-2024-Ligue-1
FRA-Ligue 1,2324,Lyon,2024-04-07 Nantes-Lyon,2024-04-07,Matchweek 28,Sun,Away,W,3,1,Nantes,3,19,10,52.6,0.16,0.3,16.2,0.0,0,0,2.4,2.4,0.14,0.6,0.6,20:45:00,/en/matches/7457568d/Nantes-Lyon-April-7-2024-Ligue-1
FRA-Ligue 1,2324,Lyon,2024-04-14 Lyon-Brest,2024-04-14,Matchweek 29,Sun,Home,W,4,3,Brest,4,15,7,46.7,0.2,0.43,16.3,0.0,1,1,2.1,1.4,0.1,1.9,1.6,20:45:00,/en/matches/c832a039/Lyon-Brest-April-14-2024-Ligue-1
FRA-Ligue 1,2324,Lyon,2024-04-21 Paris S-G-Lyon,2024-04-21,Matchweek 30,Sun,Away,L,1,4,Paris S-G,1,16,6,37.5,0.06,0.17,19.0,0.0,0,0,1.0,1.0,0.07,0.0,0.0,21:00:00,/en/matches/33d8918a/Paris-Saint-Germain-Lyon-April-21-2024-Ligue-1
FRA-Ligue 1,2324,Lyon,2024-04-28 Lyon-Monaco,2024-04-28,Matchweek 31,Sun,Home,W,3,2,Monaco,3,15,4,26.7,0.2,0.75,12.6,0.0,0,0,2.2,2.2,0.15,0.8,0.8,19:00:00,/en/matches/16e39992/Lyon-Monaco-April-28-2024-Ligue-1
FRA-Ligue 1,2324,Lyon,2024-05-06 Lille-Lyon,2024-05-06,Matchweek 32,Mon,Away,W,4,3,Lille,4,11,7,63.6,0.36,0.57,12.1,0.0,0,0,2.4,2.4,0.22,1.6,1.6,21:00:00,/en/matches/9a72e466/Lille-Lyon-May-6-2024-Ligue-1
FRA-Ligue 1,2324,Lyon,2024-05-12 Clermont Foot-Lyon,2024-05-12,Matchweek 33,Sun,Away,W,1,0,Clermont Foot,1,6,2,33.3,0.17,0.5,17.2,0.0,0,0,0.4,0.4,0.07,0.6,0.6,21:00:00,/en/matches/e6afe6a2/Clermont-Foot-Lyon-May-12-2024-Ligue-1
FRA-Ligue 1,2324,Lyon,2024-05-19 Lyon-Strasbourg,2024-05-19,Matchweek 34,Sun,Home,W,2,1,Strasbourg,2,14,5,35.7,0.07,0.2,14.6,0.0,1,1,2.8,2.0,0.15,-0.8,-1.0,21:00:00,/en/matches/9576a537/Lyon-Strasbourg-May-19-2024-Ligue-1
FRA-Ligue 1,2324,Marseille,2023-08-12 Marseille-Reims,2023-08-12,Matchweek 1,Sat,Home,W,2,1,Reims,2,14,4,28.6,0.14,0.5,15.8,1.0,0,0,1.0,1.0,0.07,1.0,1.0,17:00:00,/en/matches/fdbcc9e3/Marseille-Reims-August-12-2023-Ligue-1
FRA-Ligue 1,2324,Marseille,2023-08-18 Metz-Marseille,2023-08-18,Matchweek 2,Fri,Away,D,2,2,Metz,2,22,5,22.7,0.09,0.4,16.0,1.0,0,0,1.9,1.9,0.09,0.1,0.1,21:00:00,/en/matches/02c81085/Metz-Marseille-August-18-2023-Ligue-1
FRA-Ligue 1,2324,Marseille,2023-08-26 Marseille-Brest,2023-08-26,Matchweek 3,Sat,Home,W,2,0,Brest,2,15,6,40.0,0.13,0.33,12.9,0.0,0,0,2.9,2.9,0.21,-0.9,-0.9,19:00:00,/en/matches/b9c29ee4/Marseille-Brest-August-26-2023-Ligue-1
FRA-Ligue 1,2324,Marseille,2023-09-01 Nantes-Marseille,2023-09-01,Matchweek 4,Fri,Away,D,1,1,Nantes,1,26,9,34.6,0.04,0.11,17.7,1.0,0,0,2.6,2.6,0.1,-1.6,-1.6,21:00:00,/en/matches/6eca98c7/Nantes-Marseille-September-1-2023-Ligue-1
FRA-Ligue 1,2324,Marseille,2023-09-17 Marseille-Toulouse,2023-09-17,Matchweek 5,Sun,Home,D,0,0,Toulouse,0,24,6,25.0,0.0,0.0,18.7,3.0,0,0,1.5,1.5,0.06,-1.5,-1.5,17:05:00,/en/matches/195b7636/Marseille-Toulouse-September-17-2023-Ligue-1
FRA-Ligue 1,2324,Marseille,2023-09-24 Paris S-G-Marseille,2023-09-24,Matchweek 6,Sun,Away,L,0,4,Paris S-G,0,6,0,0.0,0.0,,18.3,0.0,0,0,0.7,0.7,0.11,-0.7,-0.7,20:45:00,/en/matches/405fa974/Paris-Saint-Germain-Marseille-September-24-2023-Ligue-1
FRA-Ligue 1,2324,Marseille,2023-09-30 Monaco-Marseille,2023-09-30,Matchweek 7,Sat,Away,L,2,3,Monaco,2,8,4,50.0,0.25,0.5,17.7,0.0,0,0,1.0,1.0,0.13,1.0,1.0,21:00:00,/en/matches/680c833b/Monaco-Marseille-September-30-2023-Ligue-1
FRA-Ligue 1,2324,Marseille,2023-10-08 Marseille-Le Havre,2023-10-08,Matchweek 8,Sun,Home,W,3,0,Le Havre,2,14,6,42.9,0.14,0.33,15.6,0.0,0,0,2.8,2.8,0.2,-0.8,-0.8,13:00:00,/en/matches/4df09039/Marseille-Le-Havre-October-8-2023-Ligue-1
FRA-Ligue 1,2324,Marseille,2023-10-21 Nice-Marseille,2023-10-21,Matchweek 9,Sat,Away,L,0,1,Nice,0,9,1,11.1,0.0,0.0,17.7,0.0,0,0,1.1,1.1,0.12,-1.1,-1.1,21:00:00,/en/matches/494deaba/Nice-Marseille-October-21-2023-Ligue-1
FRA-Ligue 1,2324,Marseille,2023-11-04 Marseille-Lille,2023-11-04,Matchweek 11,Sat,Home,D,0,0,Lille,0,8,3,37.5,0.0,0.0,19.3,1.0,0,0,0.8,0.8,0.1,-0.8,-0.8,21:00:00,/en/matches/d8243ab9/Marseille-Lille-November-4-2023-Ligue-1
FRA-Ligue 1,2324,Marseille,2023-11-12 Lens-Marseille,2023-11-12,Matchweek 12,Sun,Away,L,0,1,Lens,0,8,2,25.0,0.0,0.0,15.6,0.0,0,0,1.0,1.0,0.13,-1.0,-1.0,20:45:00,/en/matches/fe8096da/Lens-Marseille-November-12-2023-Ligue-1
FRA-Ligue 1,2324,Marseille,2023-11-25 Strasbourg-Marseille,2023-11-25,Matchweek 13,Sat,Away,D,1,1,Strasbourg,1,16,3,18.8,0.06,0.33,14.8,0.0,0,0,1.4,1.4,0.09,-0.4,-0.4,21:00:00,/en/matches/3d1a3c81/Strasbourg-Marseille-November-25-2023-Ligue-1
FRA-Ligue 1,2324,Marseille,2023-12-03 Marseille-Rennes,2023-12-03,Matchweek 14,Sun,Home,W,2,0,Rennes,2,4,1,25.0,0.25,1.0,24.8,0.0,1,1,0.9,0.2,0.04,1.1,0.8,20:45:00,/en/matches/caadf3f7/Marseille-Rennes-December-3-2023-Ligue-1
FRA-Ligue 1,2324,Marseille,2023-12-06 Marseille-Lyon,2023-12-06,Matchweek 10,Wed,Home,W,3,0,Lyon,3,12,5,41.7,0.25,0.6,15.8,1.0,0,0,2.2,2.2,0.19,0.8,0.8,21:00:00,/en/matches/dfac144f/Choc-des-Olympiques-Marseille-Lyon-December-6-2023-Ligue-1
FRA-Ligue 1,2324,Marseille,2023-12-10 Lorient-Marseille,2023-12-10,Matchweek 15,Sun,Away,W,4,2,Lorient,4,18,8,44.4,0.22,0.5,14.0,0.0,0,0,2.3,2.3,0.13,1.7,1.7,20:45:00,/en/matches/5443d1b1/Lorient-Marseille-December-10-2023-Ligue-1
FRA-Ligue 1,2324,Marseille,2023-12-17 Marseille-Clermont Foot,2023-12-17,Matchweek 16,Sun,Home,W,2,1,Clermont Foot,2,15,6,40.0,0.13,0.33,14.1,1.0,0,0,2.4,2.4,0.16,-0.4,-0.4,17:05:00,/en/matches/a92291bc/Marseille-Clermont-Foot-December-17-2023-Ligue-1
FRA-Ligue 1,2324,Marseille,2023-12-20 Montpellier-Marseille,2023-12-20,Matchweek 17,Wed,Away,D,1,1,Montpellier,1,17,4,23.5,0.06,0.25,15.3,1.0,0,0,1.3,1.3,0.08,-0.3,-0.3,21:00:00,/en/matches/b8e581d1/Montpellier-Marseille-December-20-2023-Ligue-1
FRA-Ligue 1,2324,Marseille,2024-01-12 Marseille-Strasbourg,2024-01-12,Matchweek 18,Fri,Home,D,1,1,Strasbourg,1,8,1,12.5,0.13,1.0,15.5,1.0,0,0,1.4,1.4,0.17,-0.4,-0.4,21:00:00,/en/matches/2a8b7749/Marseille-Strasbourg-January-12-2024-Ligue-1
FRA-Ligue 1,2324,Marseille,2024-01-27 Marseille-Monaco,2024-01-27,Matchweek 19,Sat,Home,D,2,2,Monaco,2,22,9,40.9,0.09,0.22,15.9,0.0,0,0,2.4,2.4,0.12,-0.4,-0.4,21:00:00,/en/matches/039fae0f/Marseille-Monaco-January-27-2024-Ligue-1
FRA-Ligue 1,2324,Marseille,2024-02-04 Lyon-Marseille,2024-02-04,Matchweek 20,Sun,Away,L,0,1,Lyon,0,8,0,0.0,0.0,,24.8,0.0,0,0,0.3,0.3,0.04,-0.3,-0.3,20:45:00,/en/matches/2e98ccf9/Choc-des-Olympiques-Lyon-Marseille-February-4-2024-Ligue-1
FRA-Ligue 1,2324,Marseille,2024-02-09 Marseille-Metz,2024-02-09,Matchweek 21,Fri,Home,D,1,1,Metz,1,18,6,33.3,0.06,0.17,18.1,1.0,0,0,1.8,1.8,0.1,-0.8,-0.8,21:00:00,/en/matches/70c7d433/Marseille-Metz-February-9-2024-Ligue-1
FRA-Ligue 1,2324,Marseille,2024-02-18 Brest-Marseille,2024-02-18,Matchweek 22,Sun,Away,L,0,1,Brest,0,9,2,22.2,0.0,0.0,18.3,1.0,0,0,0.6,0.6,0.06,-0.6,-0.6,20:45:00,/en/matches/56d7c531/Brest-Marseille-February-18-2024-Ligue-1
FRA-Ligue 1,2324,Marseille,2024-02-25 Marseille-Montpellier,2024-02-25,Matchweek 23,Sun,Home,W,4,1,Montpellier,3,15,5,33.3,0.13,0.4,17.7,0.0,1,1,2.7,1.9,0.12,0.3,0.1,20:45:00,/en/matches/7b5136c2/Marseille-Montpellier-February-25-2024-Ligue-1
FRA-Ligue 1,2324,Marseille,2024-03-02 Clermont Foot-Marseille,2024-03-02,Matchweek 24,Sat,Away,W,5,1,Clermont Foot,5,17,11,64.7,0.29,0.45,14.8,0.0,0,0,2.4,2.4,0.15,2.6,2.6,21:00:00,/en/matches/c2c8e29e/Clermont-Foot-Marseille-March-2-2024-Ligue-1
FRA-Ligue 1,2324,Marseille,2024-03-10 Marseille-Nantes,2024-03-10,Matchweek 25,Sun,Home,W,2,0,Nantes,2,12,4,33.3,0.17,0.5,17.3,1.0,0,0,1.5,1.5,0.12,0.5,0.5,20:45:00,/en/matches/b696acad/Marseille-Nantes-March-10-2024-Ligue-1
FRA-Ligue 1,2324,Marseille,2024-03-17 Rennes-Marseille,2024-03-17,Matchweek 26,Sun,Away,L,0,2,Rennes,0,8,1,12.5,0.0,0.0,17.0,1.0,0,0,0.7,0.7,0.09,-0.7,-0.7,17:05:00,/en/matches/8cc36332/Rennes-Marseille-March-17-2024-Ligue-1
FRA-Ligue 1,2324,Marseille,2024-03-31 Marseille-Paris S-G,2024-03-31,Matchweek 27,Sun,Home,L,0,2,Paris S-G,0,22,10,45.5,0.0,0.0,19.4,0.0,0,0,1.4,1.4,0.06,-1.4,-1.4,20:45:00,/en/matches/4b3924f8/Marseille-Paris-Saint-Germain-March-31-2024-Ligue-1
FRA-Ligue 1,2324,Marseille,2024-04-05 Lille-Marseille,2024-04-05,Matchweek 28,Fri,Away,L,1,3,Lille,1,14,5,35.7,0.07,0.2,21.1,2.0,0,0,1.2,1.2,0.08,-0.2,-0.2,21:00:00,/en/matches/b0aa88a4/Lille-Marseille-April-5-2024-Ligue-1
FRA-Ligue 1,2324,Marseille,2024-04-21 Toulouse-Marseille,2024-04-21,Matchweek 30,Sun,Away,D,2,2,Toulouse,2,11,3,27.3,0.18,0.67,18.2,1.0,0,0,1.1,1.1,0.1,0.9,0.9,19:00:00,/en/matches/05f7968b/Toulouse-Marseille-April-21-2024-Ligue-1
FRA-Ligue 1,2324,Marseille,2024-04-24 Marseille-Nice,2024-04-24,Matchweek 29,Wed,Home,D,2,2,Nice,2,10,3,30.0,0.1,0.33,19.8,0.0,1,1,2.2,1.4,0.14,-0.2,-0.4,21:00:00,/en/matches/0727529c/Marseille-Nice-April-24-2024-Ligue-1
FRA-Ligue 1,2324,Marseille,2024-04-28 Marseille-Lens,2024-04-28,Matchweek 31,Sun,Home,W,2,1,Lens,2,13,6,46.2,0.15,0.33,16.4,1.0,0,0,1.7,1.7,0.13,0.3,0.3,21:00:00,/en/matches/13780c18/Marseille-Lens-April-28-2024-Ligue-1
FRA-Ligue 1,2324,Marseille,2024-05-12 Marseille-Lorient,2024-05-12,Matchweek 33,Sun,Home,W,3,1,Lorient,3,12,3,25.0,0.17,0.67,14.7,1.0,1,1,2.5,1.7,0.16,0.5,0.3,21:00:00,/en/matches/acbbdff5/Marseille-Lorient-May-12-2024-Ligue-1
FRA-Ligue 1,2324,Marseille,2024-05-15 Reims-Marseille,2024-05-15,Matchweek 32,Wed,Away,L,0,1,Reims,0,20,3,15.0,0.0,0.0,15.9,0.0,0,0,1.7,1.7,0.09,-1.7,-1.7,21:00:00,/en/matches/5a6454f2/Reims-Marseille-May-15-2024-Ligue-1
FRA-Ligue 1,2324,Marseille,2024-05-19 Le Havre-Marseille,2024-05-19,Matchweek 34,Sun,Away,W,2,1,Le Havre,2,22,7,31.8,0.09,0.29,18.7,0.0,0,0,1.5,1.5,0.07,0.5,0.5,21:00:00,/en/matches/3fa1da40/Le-Havre-Marseille-May-19-2024-Ligue-1
FRA-Ligue 1,2324,Metz,2023-08-13 Rennes-Metz,2023-08-13,Matchweek 1,Sun,Away,L,1,5,Rennes,1,9,3,33.3,0.11,0.33,15.6,0.0,0,0,0.4,0.4,0.05,0.6,0.6,17:05:00,/en/matches/e0073aaf/Rennes-Metz-August-13-2023-Ligue-1
FRA-Ligue 1,2324,Metz,2023-08-18 Metz-Marseille,2023-08-18,Matchweek 2,Fri,Home,D,2,2,Marseille,2,10,5,50.0,0.2,0.4,22.3,0.0,0,0,0.5,0.5,0.05,1.5,1.5,21:00:00,/en/matches/02c81085/Metz-Marseille-August-18-2023-Ligue-1
FRA-Ligue 1,2324,Metz,2023-08-27 Clermont Foot-Metz,2023-08-27,Matchweek 3,Sun,Away,W,1,0,Clermont Foot,1,10,5,50.0,0.1,0.2,19.1,0.0,0,0,1.1,1.1,0.11,-0.1,-0.1,15:00:00,/en/matches/344b05de/Clermont-Foot-Metz-August-27-2023-Ligue-1
FRA-Ligue 1,2324,Metz,2023-09-03 Metz-Reims,2023-09-03,Matchweek 4,Sun,Home,D,2,2,Reims,2,12,4,33.3,0.17,0.5,17.8,2.0,0,0,1.1,1.1,0.09,0.9,0.9,15:00:00,/en/matches/678bad42/Metz-Reims-September-3-2023-Ligue-1
FRA-Ligue 1,2324,Metz,2023-09-16 Lens-Metz,2023-09-16,Matchweek 5,Sat,Away,W,1,0,Lens,1,2,2,100.0,0.5,0.5,15.6,0.0,0,0,0.3,0.3,0.14,0.7,0.7,21:00:00,/en/matches/40754c32/Lens-Metz-September-16-2023-Ligue-1
FRA-Ligue 1,2324,Metz,2023-09-24 Metz-Strasbourg,2023-09-24,Matchweek 6,Sun,Home,L,0,1,Strasbourg,0,13,1,7.7,0.0,0.0,17.6,0.0,0,0,1.1,1.1,0.09,-1.1,-1.1,13:00:00,/en/matches/a5037d9e/Metz-Strasbourg-September-24-2023-Ligue-1
FRA-Ligue 1,2324,Metz,2023-10-01 Toulouse-Metz,2023-10-01,Matchweek 7,Sun,Away,L,0,3,Toulouse,0,8,3,37.5,0.0,0.0,15.4,1.0,0,0,0.7,0.7,0.09,-0.7,-0.7,15:00:00,/en/matches/9baac3cb/Toulouse-Metz-October-1-2023-Ligue-1
FRA-Ligue 1,2324,Metz,2023-10-07 Metz-Nice,2023-10-07,Matchweek 8,Sat,Home,L,0,1,Nice,0,10,3,30.0,0.0,0.0,24.4,0.0,0,0,0.4,0.4,0.04,-0.4,-0.4,17:00:00,/en/matches/a77842d5/Metz-Nice-October-7-2023-Ligue-1
FRA-Ligue 1,2324,Metz,2023-10-22 Monaco-Metz,2023-10-22,Matchweek 9,Sun,Away,L,1,2,Monaco,1,8,4,50.0,0.13,0.25,22.2,0.0,0,0,1.0,1.0,0.14,0.0,0.0,17:05:00,/en/matches/b33c484a/Monaco-Metz-October-22-2023-Ligue-1
FRA-Ligue 1,2324,Metz,2023-10-29 Metz-Le Havre,2023-10-29,Matchweek 10,Sun,Home,D,0,0,Le Havre,0,9,3,33.3,0.0,0.0,20.5,1.0,0,0,0.5,0.5,0.06,-0.5,-0.5,15:00:00,/en/matches/6d743853/Metz-Le-Havre-October-29-2023-Ligue-1
FRA-Ligue 1,2324,Metz,2023-11-05 Lyon-Metz,2023-11-05,Matchweek 11,Sun,Away,D,1,1,Lyon,1,11,5,45.5,0.09,0.2,23.4,1.0,0,0,0.7,0.7,0.06,0.3,0.3,13:00:00,/en/matches/eadb1375/Lyon-Metz-November-5-2023-Ligue-1
FRA-Ligue 1,2324,Metz,2023-11-12 Metz-Nantes,2023-11-12,Matchweek 12,Sun,Home,W,3,1,Nantes,3,9,4,44.4,0.33,0.75,18.6,0.0,0,0,1.1,1.1,0.13,1.9,1.9,15:00:00,/en/matches/594dba4e/Metz-Nantes-November-12-2023-Ligue-1
FRA-Ligue 1,2324,Metz,2023-11-26 Lorient-Metz,2023-11-26,Matchweek 13,Sun,Away,W,3,2,Lorient,3,13,4,30.8,0.15,0.5,19.6,0.0,1,1,1.9,1.1,0.08,1.1,0.9,15:00:00,/en/matches/685f0592/Lorient-Metz-November-26-2023-Ligue-1
FRA-Ligue 1,2324,Metz,2023-12-03 Lille-Metz,2023-12-03,Matchweek 14,Sun,Away,L,0,2,Lille,0,5,2,40.0,0.0,0.0,31.5,0.0,0,2,1.9,0.3,0.06,-1.9,-0.3,17:05:00,/en/matches/1edcab1f/Lille-Metz-December-3-2023-Ligue-1
FRA-Ligue 1,2324,Metz,2023-12-10 Metz-Brest,2023-12-10,Matchweek 15,Sun,Home,L,0,1,Brest,0,6,3,50.0,0.0,0.0,21.7,0.0,0,0,0.2,0.2,0.04,-0.2,-0.2,15:00:00,/en/matches/e1a3d53e/Metz-Brest-December-10-2023-Ligue-1
FRA-Ligue 1,2324,Metz,2023-12-17 Metz-Montpellier,2023-12-17,Matchweek 16,Sun,Home,L,0,1,Montpellier,0,19,3,15.8,0.0,0.0,19.9,0.0,0,0,0.8,0.8,0.04,-0.8,-0.8,15:00:00,/en/matches/eb4084eb/Metz-Montpellier-December-17-2023-Ligue-1
FRA-Ligue 1,2324,Metz,2023-12-20 Paris S-G-Metz,2023-12-20,Matchweek 17,Wed,Away,L,1,3,Paris S-G,1,3,1,33.3,0.33,1.0,22.6,0.0,0,0,0.1,0.1,0.05,0.9,0.9,21:00:00,/en/matches/fb56b3c2/Paris-Saint-Germain-Metz-December-20-2023-Ligue-1
FRA-Ligue 1,2324,Metz,2024-01-14 Metz-Toulouse,2024-01-14,Matchweek 18,Sun,Home,L,0,1,Toulouse,0,14,2,14.3,0.0,0.0,18.6,0.0,0,0,0.7,0.7,0.05,-0.7,-0.7,15:00:00,/en/matches/926b0a14/Metz-Toulouse-January-14-2024-Ligue-1
FRA-Ligue 1,2324,Metz,2024-01-27 Nice-Metz,2024-01-27,Matchweek 19,Sat,Away,L,0,1,Nice,0,2,1,50.0,0.0,0.0,21.3,1.0,0,0,0.1,0.1,0.05,-0.1,-0.1,17:00:00,/en/matches/69267ef1/Nice-Metz-January-27-2024-Ligue-1
FRA-Ligue 1,2324,Metz,2024-02-04 Metz-Lorient,2024-02-04,Matchweek 20,Sun,Home,L,1,2,Lorient,1,10,3,30.0,0.1,0.33,14.4,0.0,0,0,1.1,1.1,0.11,-0.1,-0.1,15:00:00,/en/matches/2e802ba3/Metz-Lorient-February-4-2024-Ligue-1
FRA-Ligue 1,2324,Metz,2024-02-09 Marseille-Metz,2024-02-09,Matchweek 21,Fri,Away,D,1,1,Marseille,1,7,3,42.9,0.14,0.33,18.7,1.0,0,0,0.8,0.8,0.12,0.2,0.2,21:00:00,/en/matches/70c7d433/Marseille-Metz-February-9-2024-Ligue-1
FRA-Ligue 1,2324,Metz,2024-02-18 Montpellier-Metz,2024-02-18,Matchweek 22,Sun,Away,L,0,3,Montpellier,0,14,3,21.4,0.0,0.0,19.0,1.0,0,0,1.3,1.3,0.09,-1.3,-1.3,15:00:00,/en/matches/4e939d4c/Montpellier-Metz-February-18-2024-Ligue-1
FRA-Ligue 1,2324,Metz,2024-02-23 Metz-Lyon,2024-02-23,Matchweek 23,Fri,Home,L,1,2,Lyon,1,15,4,26.7,0.07,0.25,19.2,1.0,0,0,1.6,1.6,0.11,-0.6,-0.6,21:00:00,/en/matches/f2778def/Metz-Lyon-February-23-2024-Ligue-1
FRA-Ligue 1,2324,Metz,2024-03-03 Nantes-Metz,2024-03-03,Matchweek 24,Sun,Away,W,2,0,Nantes,2,12,3,25.0,0.08,0.33,17.7,0.0,1,1,2.0,1.5,0.13,0.0,-0.5,15:00:00,/en/matches/9cd454f2/Nantes-Metz-March-3-2024-Ligue-1
FRA-Ligue 1,2324,Metz,2024-03-10 Metz-Clermont Foot,2024-03-10,Matchweek 25,Sun,Home,W,1,0,Clermont Foot,1,10,1,10.0,0.0,0.0,19.8,0.0,1,1,1.7,0.9,0.09,-0.7,-0.9,15:00:00,/en/matches/f7db6990/Metz-Clermont-Foot-March-10-2024-Ligue-1
FRA-Ligue 1,2324,Metz,2024-03-17 Reims-Metz,2024-03-17,Matchweek 26,Sun,Away,L,1,2,Reims,1,12,4,33.3,0.08,0.25,18.0,1.0,0,0,0.9,0.9,0.07,0.1,0.1,15:00:00,/en/matches/d840de58/Reims-Metz-March-17-2024-Ligue-1
FRA-Ligue 1,2324,Metz,2024-03-30 Metz-Monaco,2024-03-30,Matchweek 27,Sat,Home,L,2,5,Monaco,2,13,7,53.8,0.15,0.29,14.8,0.0,0,0,2.1,2.1,0.17,-0.1,-0.1,17:00:00,/en/matches/ec35ab5c/Metz-Monaco-March-30-2024-Ligue-1
FRA-Ligue 1,2324,Metz,2024-04-07 Brest-Metz,2024-04-07,Matchweek 28,Sun,Away,L,3,4,Brest,3,8,5,62.5,0.38,0.6,14.5,0.0,0,0,2.2,2.2,0.32,0.8,0.8,13:00:00,/en/matches/f6f76317/Brest-Metz-April-7-2024-Ligue-1
FRA-Ligue 1,2324,Metz,2024-04-12 Metz-Lens,2024-04-12,Matchweek 29,Fri,Home,W,2,1,Lens,2,11,5,45.5,0.18,0.4,16.8,0.0,0,0,0.8,0.8,0.07,1.2,1.2,21:00:00,/en/matches/eac47cb2/Metz-Lens-April-12-2024-Ligue-1
FRA-Ligue 1,2324,Metz,2024-04-21 Le Havre-Metz,2024-04-21,Matchweek 30,Sun,Away,W,1,0,Le Havre,1,9,2,22.2,0.11,0.5,13.8,0.0,0,0,1.3,1.3,0.15,-0.3,-0.3,15:00:00,/en/matches/488e12d3/Le-Havre-Metz-April-21-2024-Ligue-1
FRA-Ligue 1,2324,Metz,2024-04-28 Metz-Lille,2024-04-28,Matchweek 31,Sun,Home,L,1,2,Lille,1,4,1,25.0,0.0,0.0,22.5,0.0,1,1,1.1,0.3,0.08,-0.1,-0.3,13:00:00,/en/matches/316c5fa3/Metz-Lille-April-28-2024-Ligue-1
FRA-Ligue 1,2324,Metz,2024-05-04 Metz-Rennes,2024-05-04,Matchweek 32,Sat,Home,L,2,3,Rennes,2,7,3,42.9,0.29,0.67,20.5,0.0,0,0,0.6,0.6,0.09,1.4,1.4,19:00:00,/en/matches/a299adab/Metz-Rennes-May-4-2024-Ligue-1
FRA-Ligue 1,2324,Metz,2024-05-12 Strasbourg-Metz,2024-05-12,Matchweek 33,Sun,Away,L,1,2,Strasbourg,1,11,2,18.2,0.09,0.5,18.7,0.0,0,0,1.1,1.1,0.1,-0.1,-0.1,21:00:00,/en/matches/2301c78f/Strasbourg-Metz-May-12-2024-Ligue-1
FRA-Ligue 1,2324,Metz,2024-05-19 Metz-Paris S-G,2024-05-19,Matchweek 34,Sun,Home,L,0,2,Paris S-G,0,10,2,20.0,0.0,0.0,15.2,1.0,0,0,0.9,0.9,0.09,-0.9,-0.9,21:00:00,/en/matches/8dac35ed/Metz-Paris-Saint-Germain-May-19-2024-Ligue-1
FRA-Ligue 1,2324,Monaco,2023-08-13 Clermont Foot-Monaco,2023-08-13,Matchweek 1,Sun,Away,W,4,2,Clermont Foot,4,14,8,57.1,0.29,0.5,14.7,0.0,0,0,2.5,2.5,0.18,1.5,1.5,15:00:00,/en/matches/68752280/Clermont-Foot-Monaco-August-13-2023-Ligue-1
FRA-Ligue 1,2324,Monaco,2023-08-20 Monaco-Strasbourg,2023-08-20,Matchweek 2,Sun,Home,W,3,0,Strasbourg,3,9,4,44.4,0.33,0.75,18.1,0.0,0,0,0.9,0.9,0.1,2.1,2.1,19:00:00,/en/matches/f06d0bce/Monaco-Strasbourg-August-20-2023-Ligue-1
FRA-Ligue 1,2324,Monaco,2023-08-25 Nantes-Monaco,2023-08-25,Matchweek 3,Fri,Away,D,3,3,Nantes,3,27,9,33.3,0.11,0.33,17.4,1.0,0,0,3.3,3.3,0.14,-0.3,-0.3,21:00:00,/en/matches/ea724bc0/Nantes-Monaco-August-25-2023-Ligue-1
FRA-Ligue 1,2324,Monaco,2023-09-02 Monaco-Lens,2023-09-02,Matchweek 4,Sat,Home,W,3,0,Lens,3,12,6,50.0,0.25,0.5,19.0,0.0,0,0,0.9,0.9,0.08,2.1,2.1,21:00:00,/en/matches/7a2f8122/Monaco-Lens-September-2-2023-Ligue-1
FRA-Ligue 1,2324,Monaco,2023-09-17 Lorient-Monaco,2023-09-17,Matchweek 5,Sun,Away,D,2,2,Lorient,2,20,6,30.0,0.1,0.33,15.9,0.0,0,0,1.7,1.7,0.09,0.3,0.3,13:00:00,/en/matches/2cbf9481/Lorient-Monaco-September-17-2023-Ligue-1
FRA-Ligue 1,2324,Monaco,2023-09-22 Monaco-Nice,2023-09-22,Matchweek 6,Fri,Home,L,0,1,Nice,0,7,1,14.3,0.0,0.0,23.5,0.0,0,2,1.8,0.3,0.04,-1.8,-0.3,21:00:00,/en/matches/74e4b97c/Monaco-Nice-September-22-2023-Ligue-1
FRA-Ligue 1,2324,Monaco,2023-09-30 Monaco-Marseille,2023-09-30,Matchweek 7,Sat,Home,W,3,2,Marseille,3,10,7,70.0,0.3,0.43,15.9,0.0,0,0,1.0,1.0,0.11,2.0,2.0,21:00:00,/en/matches/680c833b/Monaco-Marseille-September-30-2023-Ligue-1
FRA-Ligue 1,2324,Monaco,2023-10-07 Reims-Monaco,2023-10-07,Matchweek 8,Sat,Away,W,3,1,Reims,3,11,4,36.4,0.27,0.75,13.3,0.0,0,0,1.2,1.2,0.11,1.8,1.8,21:00:00,/en/matches/8abe55a4/Reims-Monaco-October-7-2023-Ligue-1
FRA-Ligue 1,2324,Monaco,2023-10-22 Monaco-Metz,2023-10-22,Matchweek 9,Sun,Home,W,2,1,Metz,2,27,13,48.1,0.07,0.15,20.0,1.0,0,0,2.0,2.0,0.07,0.0,0.0,17:05:00,/en/matches/b33c484a/Monaco-Metz-October-22-2023-Ligue-1
FRA-Ligue 1,2324,Monaco,2023-10-29 Lille-Monaco,2023-10-29,Matchweek 10,Sun,Away,L,0,2,Lille,0,16,6,37.5,0.0,0.0,20.0,2.0,0,0,0.6,0.6,0.04,-0.6,-0.6,15:00:00,/en/matches/e4ed3318/Lille-Monaco-October-29-2023-Ligue-1
FRA-Ligue 1,2324,Monaco,2023-11-05 Monaco-Brest,2023-11-05,Matchweek 11,Sun,Home,W,2,0,Brest,2,12,6,50.0,0.17,0.33,17.0,0.0,0,0,0.8,0.8,0.07,1.2,1.2,17:05:00,/en/matches/ef59a003/Monaco-Brest-November-5-2023-Ligue-1
FRA-Ligue 1,2324,Monaco,2023-11-11 Le Havre-Monaco,2023-11-11,Matchweek 12,Sat,Away,D,0,0,Le Havre,0,10,4,40.0,0.0,0.0,22.5,0.0,0,0,0.6,0.6,0.06,-0.6,-0.6,21:00:00,/en/matches/8bb49483/Le-Havre-Monaco-November-11-2023-Ligue-1
FRA-Ligue 1,2324,Monaco,2023-11-24 Paris S-G-Monaco,2023-11-24,Matchweek 13,Fri,Away,L,2,5,Paris S-G,2,14,7,50.0,0.14,0.29,16.3,0.0,0,0,1.6,1.6,0.11,0.4,0.4,21:00:00,/en/matches/6f11a93d/Paris-Saint-Germain-Monaco-November-24-2023-Ligue-1
FRA-Ligue 1,2324,Monaco,2023-12-03 Monaco-Montpellier,2023-12-03,Matchweek 14,Sun,Home,W,2,0,Montpellier,2,27,9,33.3,0.07,0.22,18.3,0.0,0,0,2.2,2.2,0.09,-0.2,-0.2,15:00:00,/en/matches/0d5e1575/Monaco-Montpellier-December-3-2023-Ligue-1
FRA-Ligue 1,2324,Monaco,2023-12-09 Rennes-Monaco,2023-12-09,Matchweek 15,Sat,Away,W,2,1,Rennes,2,12,5,41.7,0.17,0.4,16.7,1.0,0,0,0.9,0.9,0.07,1.1,1.1,17:00:00,/en/matches/fdd2c923/Rennes-Monaco-December-9-2023-Ligue-1
FRA-Ligue 1,2324,Monaco,2023-12-15 Monaco-Lyon,2023-12-15,Matchweek 16,Fri,Home,L,0,1,Lyon,0,19,4,21.1,0.0,0.0,18.4,0.0,0,0,1.3,1.3,0.07,-1.3,-1.3,21:00:00,/en/matches/f66124b8/Monaco-Lyon-December-15-2023-Ligue-1
FRA-Ligue 1,2324,Monaco,2023-12-20 Toulouse-Monaco,2023-12-20,Matchweek 17,Wed,Away,W,2,1,Toulouse,2,11,3,27.3,0.09,0.33,19.7,1.0,1,1,1.9,1.1,0.1,0.1,-0.1,21:00:00,/en/matches/81c83fe9/Toulouse-Monaco-December-20-2023-Ligue-1
FRA-Ligue 1,2324,Monaco,2024-01-13 Monaco-Reims,2024-01-13,Matchweek 18,Sat,Home,L,1,3,Reims,1,9,5,55.6,0.11,0.2,18.1,1.0,0,0,1.2,1.2,0.13,-0.2,-0.2,17:00:00,/en/matches/7f2cdeb6/Monaco-Reims-January-13-2024-Ligue-1
FRA-Ligue 1,2324,Monaco,2024-01-27 Marseille-Monaco,2024-01-27,Matchweek 19,Sat,Away,D,2,2,Marseille,2,6,5,83.3,0.33,0.4,19.7,0.0,0,0,0.5,0.5,0.08,1.5,1.5,21:00:00,/en/matches/039fae0f/Marseille-Monaco-January-27-2024-Ligue-1
FRA-Ligue 1,2324,Monaco,2024-02-04 Monaco-Le Havre,2024-02-04,Matchweek 20,Sun,Home,D,1,1,Le Havre,1,17,5,29.4,0.06,0.2,15.3,0.0,0,0,1.4,1.4,0.08,-0.4,-0.4,13:00:00,/en/matches/6b4f65e7/Monaco-Le-Havre-February-4-2024-Ligue-1
FRA-Ligue 1,2324,Monaco,2024-02-11 Nice-Monaco,2024-02-11,Matchweek 21,Sun,Away,W,3,2,Nice,3,9,5,55.6,0.33,0.6,15.6,0.0,0,0,1.7,1.7,0.2,1.3,1.3,20:45:00,/en/matches/a2cab916/Nice-Monaco-February-11-2024-Ligue-1
FRA-Ligue 1,2324,Monaco,2024-02-18 Monaco-Toulouse,2024-02-18,Matchweek 22,Sun,Home,L,1,2,Toulouse,1,22,5,22.7,0.05,0.2,18.3,0.0,0,0,1.7,1.7,0.08,-0.7,-0.7,15:00:00,/en/matches/57c599f6/Monaco-Toulouse-February-18-2024-Ligue-1
FRA-Ligue 1,2324,Monaco,2024-02-25 Lens-Monaco,2024-02-25,Matchweek 23,Sun,Away,W,3,2,Lens,2,14,7,50.0,0.14,0.29,18.1,0.0,0,1,2.3,1.3,0.1,-0.3,0.7,13:00:00,/en/matches/7b54b025/Lens-Monaco-February-25-2024-Ligue-1
FRA-Ligue 1,2324,Monaco,2024-03-01 Monaco-Paris S-G,2024-03-01,Matchweek 24,Fri,Home,D,0,0,Paris S-G,0,14,6,42.9,0.0,0.0,14.1,0.0,0,0,1.6,1.6,0.12,-1.6,-1.6,21:00:00,/en/matches/4be6a76c/Monaco-Paris-Saint-Germain-March-1-2024-Ligue-1
FRA-Ligue 1,2324,Monaco,2024-03-10 Strasbourg-Monaco,2024-03-10,Matchweek 25,Sun,Away,W,1,0,Strasbourg,1,17,6,35.3,0.06,0.17,15.5,1.0,0,0,1.3,1.3,0.08,-0.3,-0.3,15:00:00,/en/matches/9a8c884c/Strasbourg-Monaco-March-10-2024-Ligue-1
FRA-Ligue 1,2324,Monaco,2024-03-17 Monaco-Lorient,2024-03-17,Matchweek 26,Sun,Home,D,2,2,Lorient,1,22,8,36.4,0.05,0.13,14.2,0.0,0,0,2.5,2.5,0.12,-1.5,-1.5,15:00:00,/en/matches/5494c9d6/Monaco-Lorient-March-17-2024-Ligue-1
FRA-Ligue 1,2324,Monaco,2024-03-30 Metz-Monaco,2024-03-30,Matchweek 27,Sat,Away,W,5,2,Metz,5,17,7,41.2,0.29,0.71,15.7,0.0,0,0,2.4,2.4,0.14,2.6,2.6,17:00:00,/en/matches/ec35ab5c/Metz-Monaco-March-30-2024-Ligue-1
FRA-Ligue 1,2324,Monaco,2024-04-07 Monaco-Rennes,2024-04-07,Matchweek 28,Sun,Home,W,1,0,Rennes,1,16,5,31.3,0.06,0.2,18.1,1.0,0,0,2.0,2.0,0.13,-1.0,-1.0,17:05:00,/en/matches/c0e30df7/Monaco-Rennes-April-7-2024-Ligue-1
FRA-Ligue 1,2324,Monaco,2024-04-21 Brest-Monaco,2024-04-21,Matchweek 30,Sun,Away,W,2,0,Brest,2,8,3,37.5,0.25,0.67,17.6,1.0,0,0,0.9,0.9,0.11,1.1,1.1,17:05:00,/en/matches/8f8b95f8/Brest-Monaco-April-21-2024-Ligue-1
FRA-Ligue 1,2324,Monaco,2024-04-24 Monaco-Lille,2024-04-24,Matchweek 29,Wed,Home,W,1,0,Lille,1,19,7,36.8,0.05,0.14,16.9,0.0,0,0,1.6,1.6,0.08,-0.6,-0.6,21:00:00,/en/matches/88182e5f/Monaco-Lille-April-24-2024-Ligue-1
FRA-Ligue 1,2324,Monaco,2024-04-28 Lyon-Monaco,2024-04-28,Matchweek 31,Sun,Away,L,2,3,Lyon,2,13,5,38.5,0.15,0.4,15.7,0.0,0,0,1.7,1.7,0.16,0.3,0.3,19:00:00,/en/matches/16e39992/Lyon-Monaco-April-28-2024-Ligue-1
FRA-Ligue 1,2324,Monaco,2024-05-04 Monaco-Clermont Foot,2024-05-04,Matchweek 32,Sat,Home,W,4,1,Clermont Foot,4,23,8,34.8,0.17,0.5,14.7,0.0,0,0,3.6,3.6,0.16,0.4,0.4,17:00:00,/en/matches/a7f56ab4/Monaco-Clermont-Foot-May-4-2024-Ligue-1
FRA-Ligue 1,2324,Monaco,2024-05-12 Montpellier-Monaco,2024-05-12,Matchweek 33,Sun,Away,W,2,0,Montpellier,2,19,8,42.1,0.11,0.25,18.4,1.0,0,0,2.3,2.3,0.12,-0.3,-0.3,21:00:00,/en/matches/9f62b1ef/Montpellier-Monaco-May-12-2024-Ligue-1
FRA-Ligue 1,2324,Monaco,2024-05-19 Monaco-Nantes,2024-05-19,Matchweek 34,Sun,Home,W,4,0,Nantes,4,9,5,55.6,0.33,0.6,21.0,0.0,1,1,1.5,0.7,0.07,2.5,2.3,21:00:00,/en/matches/ba001914/Monaco-Nantes-May-19-2024-Ligue-1
FRA-Ligue 1,2324,Montpellier,2023-08-13 Montpellier-Le Havre,2023-08-13,Matchweek 1,Sun,Home,D,2,2,Le Havre,2,14,5,35.7,0.14,0.4,15.2,1.0,0,0,1.6,1.6,0.12,0.4,0.4,15:00:00,/en/matches/ca893ead/Montpellier-Le-Havre-August-13-2023-Ligue-1
FRA-Ligue 1,2324,Montpellier,2023-08-19 Lyon-Montpellier,2023-08-19,Matchweek 2,Sat,Away,W,4,1,Lyon,4,14,8,57.1,0.29,0.5,20.5,1.0,0,0,2.9,2.9,0.21,1.1,1.1,19:00:00,/en/matches/39ad4054/Lyon-Montpellier-August-19-2023-Ligue-1
FRA-Ligue 1,2324,Montpellier,2023-08-27 Montpellier-Reims,2023-08-27,Matchweek 3,Sun,Home,L,1,3,Reims,1,20,3,15.0,0.05,0.33,17.5,2.0,0,0,0.9,0.9,0.05,0.1,0.1,15:00:00,/en/matches/4d6e6c68/Montpellier-Reims-August-27-2023-Ligue-1
FRA-Ligue 1,2324,Montpellier,2023-09-03 Lille-Montpellier,2023-09-03,Matchweek 4,Sun,Away,L,0,1,Lille,0,7,4,57.1,0.0,0.0,21.2,1.0,0,0,0.3,0.3,0.04,-0.3,-0.3,15:00:00,/en/matches/26cacbb5/Lille-Montpellier-September-3-2023-Ligue-1
FRA-Ligue 1,2324,Montpellier,2023-09-17 Strasbourg-Montpellier,2023-09-17,Matchweek 5,Sun,Away,D,2,2,Strasbourg,2,10,4,40.0,0.2,0.5,17.2,0.0,0,0,1.1,1.1,0.11,0.9,0.9,15:00:00,/en/matches/b04003c3/Strasbourg-Montpellier-September-17-2023-Ligue-1
FRA-Ligue 1,2324,Montpellier,2023-09-24 Montpellier-Rennes,2023-09-24,Matchweek 6,Sun,Home,D,0,0,Rennes,0,13,4,30.8,0.0,0.0,21.0,0.0,0,0,1.5,1.5,0.12,-1.5,-1.5,17:05:00,/en/matches/fd6b554c/Montpellier-Rennes-September-24-2023-Ligue-1
FRA-Ligue 1,2324,Montpellier,2023-10-01 Lorient-Montpellier,2023-10-01,Matchweek 7,Sun,Away,W,3,0,Lorient,3,13,7,53.8,0.15,0.29,18.5,0.0,1,1,2.8,2.1,0.16,0.2,-0.1,17:05:00,/en/matches/fd60231d/Lorient-Montpellier-October-1-2023-Ligue-1
FRA-Ligue 1,2324,Montpellier,2023-10-22 Nantes-Montpellier,2023-10-22,Matchweek 9,Sun,Away,L,0,2,Nantes,0,11,6,54.5,0.0,0.0,19.0,2.0,0,0,0.5,0.5,0.05,-0.5,-0.5,15:00:00,/en/matches/398e7ed6/Nantes-Montpellier-October-22-2023-Ligue-1
FRA-Ligue 1,2324,Montpellier,2023-10-29 Montpellier-Toulouse,2023-10-29,Matchweek 10,Sun,Home,W,3,0,Toulouse,3,19,6,31.6,0.16,0.5,19.6,0.0,0,0,3.0,3.0,0.16,0.0,0.0,15:00:00,/en/matches/c7788081/Montpellier-Toulouse-October-29-2023-Ligue-1
FRA-Ligue 1,2324,Montpellier,2023-11-03 Paris S-G-Montpellier,2023-11-03,Matchweek 11,Fri,Away,L,0,3,Paris S-G,0,7,2,28.6,0.0,0.0,21.1,2.0,0,0,0.5,0.5,0.07,-0.5,-0.5,21:00:00,/en/matches/4f44d7fc/Paris-Saint-Germain-Montpellier-November-3-2023-Ligue-1
FRA-Ligue 1,2324,Montpellier,2023-11-10 Montpellier-Nice,2023-11-10,Matchweek 12,Fri,Home,D,0,0,Nice,0,9,1,11.1,0.0,0.0,19.1,0.0,0,0,0.5,0.5,0.05,-0.5,-0.5,21:00:00,/en/matches/5bdc7c32/Montpellier-Nice-November-10-2023-Ligue-1
FRA-Ligue 1,2324,Montpellier,2023-11-26 Montpellier-Brest,2023-11-26,Matchweek 13,Sun,Home,L,1,3,Brest,1,15,4,26.7,0.0,0.0,20.8,2.0,1,1,1.7,0.9,0.06,-0.7,-0.9,15:00:00,/en/matches/e4cca984/Montpellier-Brest-November-26-2023-Ligue-1
FRA-Ligue 1,2324,Montpellier,2023-11-29 Montpellier-Clermont Foot,2023-11-29,Matchweek 8,Wed,Home,D,1,1,Clermont Foot,1,31,7,22.6,0.0,0.0,20.1,1.0,1,1,2.4,1.8,0.06,-1.4,-1.8,19:00:00,/en/matches/341877cf/Montpellier-Clermont-Foot-November-29-2023-Ligue-1
FRA-Ligue 1,2324,Montpellier,2023-12-03 Monaco-Montpellier,2023-12-03,Matchweek 14,Sun,Away,L,0,2,Monaco,0,9,3,33.3,0.0,0.0,22.8,0.0,0,0,0.9,0.9,0.1,-0.9,-0.9,15:00:00,/en/matches/0d5e1575/Monaco-Montpellier-December-3-2023-Ligue-1
FRA-Ligue 1,2324,Montpellier,2023-12-08 Montpellier-Lens,2023-12-08,Matchweek 15,Fri,Home,D,0,0,Lens,0,18,4,22.2,0.0,0.0,20.3,1.0,0,0,1.3,1.3,0.07,-1.3,-1.3,21:00:00,/en/matches/ad238285/Montpellier-Lens-December-8-2023-Ligue-1
FRA-Ligue 1,2324,Montpellier,2023-12-17 Metz-Montpellier,2023-12-17,Matchweek 16,Sun,Away,W,1,0,Metz,1,6,3,50.0,0.17,0.33,20.6,2.0,0,0,0.5,0.5,0.09,0.5,0.5,15:00:00,/en/matches/eb4084eb/Metz-Montpellier-December-17-2023-Ligue-1
FRA-Ligue 1,2324,Montpellier,2023-12-20 Montpellier-Marseille,2023-12-20,Matchweek 17,Wed,Home,D,1,1,Marseille,1,12,6,50.0,0.08,0.17,14.4,1.0,0,0,0.9,0.9,0.08,0.1,0.1,21:00:00,/en/matches/b8e581d1/Montpellier-Marseille-December-20-2023-Ligue-1
FRA-Ligue 1,2324,Montpellier,2024-01-14 Brest-Montpellier,2024-01-14,Matchweek 18,Sun,Away,L,0,2,Brest,0,9,4,44.4,0.0,0.0,20.0,0.0,0,0,0.4,0.4,0.04,-0.4,-0.4,15:00:00,/en/matches/82c3efb7/Brest-Montpellier-January-14-2024-Ligue-1
FRA-Ligue 1,2324,Montpellier,2024-01-28 Montpellier-Lille,2024-01-28,Matchweek 19,Sun,Home,D,0,0,Lille,0,12,7,58.3,0.0,0.0,20.3,0.0,0,0,0.7,0.7,0.06,-0.7,-0.7,13:00:00,/en/matches/8308b478/Montpellier-Lille-January-28-2024-Ligue-1
FRA-Ligue 1,2324,Montpellier,2024-02-03 Rennes-Montpellier,2024-02-03,Matchweek 20,Sat,Away,L,1,2,Rennes,1,17,8,47.1,0.06,0.13,17.8,1.0,0,0,1.2,1.2,0.07,-0.2,-0.2,17:00:00,/en/matches/f3ce3488/Rennes-Montpellier-February-3-2024-Ligue-1
FRA-Ligue 1,2324,Montpellier,2024-02-11 Montpellier-Lyon,2024-02-11,Matchweek 21,Sun,Home,L,1,2,Lyon,1,15,8,53.3,0.07,0.13,17.6,1.0,0,0,1.5,1.5,0.1,-0.5,-0.5,17:05:00,/en/matches/014cd5b7/Montpellier-Lyon-February-11-2024-Ligue-1
FRA-Ligue 1,2324,Montpellier,2024-02-18 Montpellier-Metz,2024-02-18,Matchweek 22,Sun,Home,W,3,0,Metz,3,20,6,30.0,0.1,0.33,18.0,2.0,1,1,3.0,2.2,0.11,0.0,-0.2,15:00:00,/en/matches/4e939d4c/Montpellier-Metz-February-18-2024-Ligue-1
FRA-Ligue 1,2324,Montpellier,2024-02-25 Marseille-Montpellier,2024-02-25,Matchweek 23,Sun,Away,L,1,4,Marseille,1,9,4,44.4,0.11,0.25,19.9,0.0,0,0,0.6,0.6,0.07,0.4,0.4,20:45:00,/en/matches/7b5136c2/Marseille-Montpellier-February-25-2024-Ligue-1
FRA-Ligue 1,2324,Montpellier,2024-03-03 Montpellier-Strasbourg,2024-03-03,Matchweek 24,Sun,Home,D,2,2,Strasbourg,1,21,6,28.6,0.05,0.17,17.1,0.0,0,0,1.7,1.7,0.08,-0.7,-0.7,15:00:00,/en/matches/e020afbf/Montpellier-Strasbourg-March-3-2024-Ligue-1
FRA-Ligue 1,2324,Montpellier,2024-03-08 Nice-Montpellier,2024-03-08,Matchweek 25,Fri,Away,W,2,1,Nice,1,6,1,16.7,0.0,0.0,20.6,0.0,1,1,1.2,0.5,0.08,-0.2,-0.5,21:00:00,/en/matches/d631a829/Nice-Montpellier-March-8-2024-Ligue-1
FRA-Ligue 1,2324,Montpellier,2024-03-17 Montpellier-Paris S-G,2024-03-17,Matchweek 26,Sun,Home,L,2,6,Paris S-G,2,11,4,36.4,0.09,0.25,21.5,0.0,1,1,2.3,1.7,0.15,-0.3,-0.7,20:45:00,/en/matches/f850eea5/Montpellier-Paris-Saint-Germain-March-17-2024-Ligue-1
FRA-Ligue 1,2324,Montpellier,2024-03-31 Le Havre-Montpellier,2024-03-31,Matchweek 27,Sun,Away,W,2,0,Le Havre,2,14,5,35.7,0.14,0.4,17.2,0.0,0,0,1.6,1.6,0.12,0.4,0.4,15:00:00,/en/matches/84ed0867/Le-Havre-Montpellier-March-31-2024-Ligue-1
FRA-Ligue 1,2324,Montpellier,2024-04-07 Montpellier-Lorient,2024-04-07,Matchweek 28,Sun,Home,W,2,0,Lorient,2,11,4,36.4,0.09,0.25,16.4,0.0,1,1,2.4,1.6,0.14,-0.4,-0.6,15:00:00,/en/matches/95bdd121/Montpellier-Lorient-April-7-2024-Ligue-1
FRA-Ligue 1,2324,Montpellier,2024-04-14 Clermont Foot-Montpellier,2024-04-14,Matchweek 29,Sun,Away,D,1,1,Clermont Foot,1,14,6,42.9,0.07,0.17,13.9,0.0,0,0,1.4,1.4,0.1,-0.4,-0.4,15:00:00,/en/matches/9b9d6335/Clermont-Foot-Montpellier-April-14-2024-Ligue-1
FRA-Ligue 1,2324,Montpellier,2024-04-21 Reims-Montpellier,2024-04-21,Matchweek 30,Sun,Away,W,2,1,Reims,2,12,4,33.3,0.17,0.5,18.1,1.0,0,0,1.6,1.6,0.13,0.4,0.4,15:00:00,/en/matches/ec3fcd38/Reims-Montpellier-April-21-2024-Ligue-1
FRA-Ligue 1,2324,Montpellier,2024-04-26 Montpellier-Nantes,2024-04-26,Matchweek 31,Fri,Home,D,1,1,Nantes,1,8,1,12.5,0.13,1.0,20.5,0.0,0,0,0.8,0.8,0.1,0.2,0.2,21:00:00,/en/matches/b0c1736a/Montpellier-Nantes-April-26-2024-Ligue-1
FRA-Ligue 1,2324,Montpellier,2024-05-03 Toulouse-Montpellier,2024-05-03,Matchweek 32,Fri,Away,W,2,1,Toulouse,2,5,3,60.0,0.4,0.67,19.1,1.0,0,0,0.5,0.5,0.09,1.5,1.5,19:00:00,/en/matches/33eeaf12/Toulouse-Montpellier-May-3-2024-Ligue-1
FRA-Ligue 1,2324,Montpellier,2024-05-12 Montpellier-Monaco,2024-05-12,Matchweek 33,Sun,Home,L,0,2,Monaco,0,14,3,21.4,0.0,0.0,23.8,0.0,0,0,1.1,1.1,0.08,-1.1,-1.1,21:00:00,/en/matches/9f62b1ef/Montpellier-Monaco-May-12-2024-Ligue-1
FRA-Ligue 1,2324,Montpellier,2024-05-19 Lens-Montpellier,2024-05-19,Matchweek 34,Sun,Away,D,2,2,Lens,2,11,2,18.2,0.18,1.0,20.4,1.0,0,0,0.8,0.8,0.07,1.2,1.2,21:00:00,/en/matches/ac107595/Lens-Montpellier-May-19-2024-Ligue-1
FRA-Ligue 1,2324,Nantes,2023-08-13 Nantes-Toulouse,2023-08-13,Matchweek 1,Sun,Home,L,1,2,Toulouse,1,8,3,37.5,0.0,0.0,17.3,0.0,1,1,1.1,0.3,0.03,-0.1,-0.3,15:00:00,/en/matches/1e12937d/Nantes-Toulouse-August-13-2023-Ligue-1
FRA-Ligue 1,2324,Nantes,2023-08-20 Lille-Nantes,2023-08-20,Matchweek 2,Sun,Away,L,0,2,Lille,0,14,4,28.6,0.0,0.0,22.0,3.0,0,0,1.1,1.1,0.08,-1.1,-1.1,13:00:00,/en/matches/31fe99c8/Lille-Nantes-August-20-2023-Ligue-1
FRA-Ligue 1,2324,Nantes,2023-08-25 Nantes-Monaco,2023-08-25,Matchweek 3,Fri,Home,D,3,3,Monaco,3,2,2,100.0,1.0,1.0,17.5,0.0,1,1,1.0,0.2,0.12,2.0,1.8,21:00:00,/en/matches/ea724bc0/Nantes-Monaco-August-25-2023-Ligue-1
FRA-Ligue 1,2324,Nantes,2023-09-01 Nantes-Marseille,2023-09-01,Matchweek 4,Fri,Home,D,1,1,Marseille,1,10,2,20.0,0.1,0.5,16.0,0.0,0,0,0.9,0.9,0.09,0.1,0.1,21:00:00,/en/matches/6eca98c7/Nantes-Marseille-September-1-2023-Ligue-1
FRA-Ligue 1,2324,Nantes,2023-09-17 Clermont Foot-Nantes,2023-09-17,Matchweek 5,Sun,Away,W,1,0,Clermont Foot,1,8,5,62.5,0.13,0.2,18.3,0.0,0,0,0.6,0.6,0.09,0.4,0.4,15:00:00,/en/matches/6a2c2932/Clermont-Foot-Nantes-September-17-2023-Ligue-1
FRA-Ligue 1,2324,Nantes,2023-09-23 Nantes-Lorient,2023-09-23,Matchweek 6,Sat,Home,W,5,3,Lorient,5,18,8,44.4,0.22,0.5,16.0,1.0,1,1,2.1,1.3,0.07,2.9,2.7,17:00:00,/en/matches/4f5c9313/Nantes-Lorient-September-23-2023-Ligue-1
FRA-Ligue 1,2324,Nantes,2023-10-01 Rennes-Nantes,2023-10-01,Matchweek 7,Sun,Away,L,1,3,Rennes,1,10,3,30.0,0.1,0.33,19.9,0.0,0,0,1.0,1.0,0.1,0.0,0.0,20:45:00,/en/matches/94204a39/Rennes-Nantes-October-1-2023-Ligue-1
FRA-Ligue 1,2324,Nantes,2023-10-06 Strasbourg-Nantes,2023-10-06,Matchweek 8,Fri,Away,W,2,1,Strasbourg,2,16,7,43.8,0.13,0.29,16.1,1.0,0,0,1.9,1.9,0.13,0.1,0.1,21:00:00,/en/matches/ac3cd65a/Strasbourg-Nantes-October-6-2023-Ligue-1
FRA-Ligue 1,2324,Nantes,2023-10-22 Nantes-Montpellier,2023-10-22,Matchweek 9,Sun,Home,W,2,0,Montpellier,2,14,5,35.7,0.14,0.4,19.4,1.0,0,0,1.5,1.5,0.11,0.5,0.5,15:00:00,/en/matches/398e7ed6/Nantes-Montpellier-October-22-2023-Ligue-1
FRA-Ligue 1,2324,Nantes,2023-10-28 Lens-Nantes,2023-10-28,Matchweek 10,Sat,Away,L,0,4,Lens,0,11,1,9.1,0.0,0.0,20.3,1.0,0,0,1.0,1.0,0.09,-1.0,-1.0,21:00:00,/en/matches/271f272f/Lens-Nantes-October-28-2023-Ligue-1
FRA-Ligue 1,2324,Nantes,2023-11-05 Nantes-Reims,2023-11-05,Matchweek 11,Sun,Home,L,0,1,Reims,0,17,4,23.5,0.0,0.0,18.6,0.0,0,0,1.8,1.8,0.11,-1.8,-1.8,15:00:00,/en/matches/96b3374a/Nantes-Reims-November-5-2023-Ligue-1
FRA-Ligue 1,2324,Nantes,2023-11-12 Metz-Nantes,2023-11-12,Matchweek 12,Sun,Away,L,1,3,Metz,1,16,3,18.8,0.06,0.33,16.0,1.0,0,0,1.3,1.3,0.08,-0.3,-0.3,15:00:00,/en/matches/594dba4e/Metz-Nantes-November-12-2023-Ligue-1
FRA-Ligue 1,2324,Nantes,2023-11-26 Nantes-Le Havre,2023-11-26,Matchweek 13,Sun,Home,D,0,0,Le Havre,0,19,3,15.8,0.0,0.0,18.4,0.0,0,0,1.3,1.3,0.07,-1.3,-1.3,15:00:00,/en/matches/ec8cdc57/Nantes-Le-Havre-November-26-2023-Ligue-1
FRA-Ligue 1,2324,Nantes,2023-12-02 Nantes-Nice,2023-12-02,Matchweek 14,Sat,Home,W,1,0,Nice,1,13,4,30.8,0.08,0.25,18.3,0.0,0,0,1.4,1.4,0.11,-0.4,-0.4,21:00:00,/en/matches/b0ae3622/Nantes-Nice-December-2-2023-Ligue-1
FRA-Ligue 1,2324,Nantes,2023-12-09 Paris S-G-Nantes,2023-12-09,Matchweek 15,Sat,Away,L,1,2,Paris S-G,1,10,4,40.0,0.1,0.25,19.9,0.0,0,0,0.5,0.5,0.06,0.5,0.5,21:00:00,/en/matches/2582af0c/Paris-Saint-Germain-Nantes-December-9-2023-Ligue-1
FRA-Ligue 1,2324,Nantes,2023-12-17 Nantes-Brest,2023-12-17,Matchweek 16,Sun,Home,L,0,2,Brest,0,12,4,33.3,0.0,0.0,16.0,0.0,0,0,1.0,1.0,0.08,-1.0,-1.0,13:00:00,/en/matches/17503b00/Nantes-Brest-December-17-2023-Ligue-1
FRA-Ligue 1,2324,Nantes,2023-12-20 Lyon-Nantes,2023-12-20,Matchweek 17,Wed,Away,L,0,1,Lyon,0,7,0,0.0,0.0,,17.2,0.0,0,0,0.5,0.5,0.07,-0.5,-0.5,21:00:00,/en/matches/1b327b86/Lyon-Nantes-December-20-2023-Ligue-1
FRA-Ligue 1,2324,Nantes,2024-01-14 Nantes-Clermont Foot,2024-01-14,Matchweek 18,Sun,Home,L,1,2,Clermont Foot,1,21,10,47.6,0.05,0.1,18.1,1.0,0,0,1.9,1.9,0.09,-0.9,-0.9,15:00:00,/en/matches/d2738fb8/Nantes-Clermont-Foot-January-14-2024-Ligue-1
FRA-Ligue 1,2324,Nantes,2024-01-28 Reims-Nantes,2024-01-28,Matchweek 19,Sun,Away,D,0,0,Reims,0,6,4,66.7,0.0,0.0,22.1,1.0,0,1,1.2,0.4,0.07,-1.2,-0.4,15:00:00,/en/matches/f3522f33/Reims-Nantes-January-28-2024-Ligue-1
FRA-Ligue 1,2324,Nantes,2024-02-03 Nantes-Lens,2024-02-03,Matchweek 20,Sat,Home,L,0,1,Lens,0,7,2,28.6,0.0,0.0,16.8,1.0,0,0,0.6,0.6,0.09,-0.6,-0.6,21:00:00,/en/matches/f7e99caf/Nantes-Lens-February-3-2024-Ligue-1
FRA-Ligue 1,2324,Nantes,2024-02-11 Toulouse-Nantes,2024-02-11,Matchweek 21,Sun,Away,W,2,1,Toulouse,2,5,2,40.0,0.4,1.0,29.8,1.0,0,0,0.4,0.4,0.08,1.6,1.6,15:00:00,/en/matches/e6caf939/Toulouse-Nantes-February-11-2024-Ligue-1
FRA-Ligue 1,2324,Nantes,2024-02-17 Nantes-Paris S-G,2024-02-17,Matchweek 22,Sat,Home,L,0,2,Paris S-G,0,12,6,50.0,0.0,0.0,16.5,0.0,0,0,1.3,1.3,0.12,-1.3,-1.3,21:00:00,/en/matches/56629c17/Nantes-Paris-Saint-Germain-February-17-2024-Ligue-1
FRA-Ligue 1,2324,Nantes,2024-02-24 Lorient-Nantes,2024-02-24,Matchweek 23,Sat,Away,W,1,0,Lorient,1,7,6,85.7,0.14,0.17,16.9,0.0,0,0,0.4,0.4,0.06,0.6,0.6,17:00:00,/en/matches/53742b6f/Lorient-Nantes-February-24-2024-Ligue-1
FRA-Ligue 1,2324,Nantes,2024-03-03 Nantes-Metz,2024-03-03,Matchweek 24,Sun,Home,L,0,2,Metz,0,9,2,22.2,0.0,0.0,17.3,0.0,0,0,0.9,0.9,0.1,-0.9,-0.9,15:00:00,/en/matches/9cd454f2/Nantes-Metz-March-3-2024-Ligue-1
FRA-Ligue 1,2324,Nantes,2024-03-10 Marseille-Nantes,2024-03-10,Matchweek 25,Sun,Away,L,0,2,Marseille,0,10,3,30.0,0.0,0.0,12.6,0.0,0,0,1.0,1.0,0.11,-1.0,-1.0,20:45:00,/en/matches/b696acad/Marseille-Nantes-March-10-2024-Ligue-1
FRA-Ligue 1,2324,Nantes,2024-03-16 Nantes-Strasbourg,2024-03-16,Matchweek 26,Sat,Home,L,1,3,Strasbourg,1,11,2,18.2,0.09,0.5,11.8,0.0,0,0,1.1,1.1,0.1,-0.1,-0.1,17:00:00,/en/matches/9e18cf79/Nantes-Strasbourg-March-16-2024-Ligue-1
FRA-Ligue 1,2324,Nantes,2024-03-31 Nice-Nantes,2024-03-31,Matchweek 27,Sun,Away,W,2,1,Nice,2,12,3,25.0,0.08,0.33,20.3,0.0,1,1,1.7,0.9,0.08,0.3,0.1,15:00:00,/en/matches/d3388c96/Nice-Nantes-March-31-2024-Ligue-1
FRA-Ligue 1,2324,Nantes,2024-04-07 Nantes-Lyon,2024-04-07,Matchweek 28,Sun,Home,L,1,3,Lyon,1,14,6,42.9,0.07,0.17,15.8,1.0,0,0,1.2,1.2,0.09,-0.2,-0.2,20:45:00,/en/matches/7457568d/Nantes-Lyon-April-7-2024-Ligue-1
FRA-Ligue 1,2324,Nantes,2024-04-14 Le Havre-Nantes,2024-04-14,Matchweek 29,Sun,Away,W,1,0,Le Havre,1,12,4,33.3,0.08,0.25,20.0,0.0,0,0,0.8,0.8,0.07,0.2,0.2,13:00:00,/en/matches/2e9cdf18/Le-Havre-Nantes-April-14-2024-Ligue-1
FRA-Ligue 1,2324,Nantes,2024-04-20 Nantes-Rennes,2024-04-20,Matchweek 30,Sat,Home,L,0,3,Rennes,0,6,4,66.7,0.0,0.0,20.1,0.0,0,0,0.2,0.2,0.03,-0.2,-0.2,17:00:00,/en/matches/69006962/Nantes-Rennes-April-20-2024-Ligue-1
FRA-Ligue 1,2324,Nantes,2024-04-26 Montpellier-Nantes,2024-04-26,Matchweek 31,Fri,Away,D,1,1,Montpellier,1,15,5,33.3,0.07,0.2,15.9,1.0,0,0,1.3,1.3,0.09,-0.3,-0.3,21:00:00,/en/matches/b0c1736a/Montpellier-Nantes-April-26-2024-Ligue-1
FRA-Ligue 1,2324,Nantes,2024-05-04 Brest-Nantes,2024-05-04,Matchweek 32,Sat,Away,D,0,0,Brest,0,9,1,11.1,0.0,0.0,16.0,0.0,0,0,1.6,1.6,0.18,-1.6,-1.6,21:00:00,/en/matches/8e6a7aaa/Brest-Nantes-May-4-2024-Ligue-1
FRA-Ligue 1,2324,Nantes,2024-05-12 Nantes-Lille,2024-05-12,Matchweek 33,Sun,Home,L,1,2,Lille,1,9,5,55.6,0.11,0.2,15.7,0.0,0,0,0.7,0.7,0.08,0.3,0.3,21:00:00,/en/matches/8f8532aa/Nantes-Lille-May-12-2024-Ligue-1
FRA-Ligue 1,2324,Nantes,2024-05-19 Monaco-Nantes,2024-05-19,Matchweek 34,Sun,Away,L,0,4,Monaco,0,6,2,33.3,0.0,0.0,18.2,2.0,0,0,1.0,1.0,0.16,-1.0,-1.0,21:00:00,/en/matches/ba001914/Monaco-Nantes-May-19-2024-Ligue-1
FRA-Ligue 1,2324,Nice,2023-08-11 Nice-Lille,2023-08-11,Matchweek 1,Fri,Home,D,1,1,Lille,1,8,3,37.5,0.13,0.33,17.5,1.0,0,0,1.2,1.2,0.15,-0.2,-0.2,21:00:00,/en/matches/ff59d311/Nice-Lille-August-11-2023-Ligue-1
FRA-Ligue 1,2324,Nice,2023-08-20 Lorient-Nice,2023-08-20,Matchweek 2,Sun,Away,D,1,1,Lorient,1,21,8,38.1,0.05,0.13,17.9,1.0,0,0,1.7,1.7,0.08,-0.7,-0.7,15:00:00,/en/matches/f6d67175/Lorient-Nice-August-20-2023-Ligue-1
FRA-Ligue 1,2324,Nice,2023-08-27 Nice-Lyon,2023-08-27,Matchweek 3,Sun,Home,D,0,0,Lyon,0,21,4,19.0,0.0,0.0,20.0,1.0,0,0,1.9,1.9,0.09,-1.9,-1.9,20:45:00,/en/matches/067a73e7/Nice-Lyon-August-27-2023-Ligue-1
FRA-Ligue 1,2324,Nice,2023-09-03 Nice-Strasbourg,2023-09-03,Matchweek 4,Sun,Home,W,2,0,Strasbourg,2,16,6,37.5,0.13,0.33,16.8,0.0,0,0,2.2,2.2,0.14,-0.2,-0.2,17:05:00,/en/matches/17e9722e/Nice-Strasbourg-September-3-2023-Ligue-1
FRA-Ligue 1,2324,Nice,2023-09-15 Paris S-G-Nice,2023-09-15,Matchweek 5,Fri,Away,W,3,2,Paris S-G,3,14,8,57.1,0.21,0.38,17.0,0.0,0,0,1.3,1.3,0.09,1.7,1.7,21:00:00,/en/matches/f0478368/Paris-Saint-Germain-Nice-September-15-2023-Ligue-1
FRA-Ligue 1,2324,Nice,2023-09-22 Monaco-Nice,2023-09-22,Matchweek 6,Fri,Away,W,1,0,Monaco,1,13,7,53.8,0.08,0.14,16.1,0.0,0,0,0.9,0.9,0.07,0.1,0.1,21:00:00,/en/matches/74e4b97c/Monaco-Nice-September-22-2023-Ligue-1
FRA-Ligue 1,2324,Nice,2023-10-01 Nice-Brest,2023-10-01,Matchweek 7,Sun,Home,D,0,0,Brest,0,12,1,8.3,0.0,0.0,17.4,1.0,0,0,1.1,1.1,0.1,-1.1,-1.1,15:00:00,/en/matches/49bbb3f4/Nice-Brest-October-1-2023-Ligue-1
FRA-Ligue 1,2324,Nice,2023-10-07 Metz-Nice,2023-10-07,Matchweek 8,Sat,Away,W,1,0,Metz,1,7,4,57.1,0.14,0.25,13.8,0.0,0,0,1.4,1.4,0.19,-0.4,-0.4,17:00:00,/en/matches/a77842d5/Metz-Nice-October-7-2023-Ligue-1
FRA-Ligue 1,2324,Nice,2023-10-21 Nice-Marseille,2023-10-21,Matchweek 9,Sat,Home,W,1,0,Marseille,1,10,2,20.0,0.1,0.5,19.1,0.0,0,0,0.6,0.6,0.06,0.4,0.4,21:00:00,/en/matches/494deaba/Nice-Marseille-October-21-2023-Ligue-1
FRA-Ligue 1,2324,Nice,2023-10-27 Clermont Foot-Nice,2023-10-27,Matchweek 10,Fri,Away,W,1,0,Clermont Foot,1,11,4,36.4,0.09,0.25,16.9,0.0,0,1,2.2,1.4,0.13,-1.2,-0.4,21:00:00,/en/matches/1c297781/Clermont-Foot-Nice-October-27-2023-Ligue-1
FRA-Ligue 1,2324,Nice,2023-11-05 Nice-Rennes,2023-11-05,Matchweek 11,Sun,Home,W,2,0,Rennes,1,15,3,20.0,0.07,0.33,14.1,1.0,0,0,1.6,1.6,0.11,-0.6,-0.6,20:45:00,/en/matches/fad89d7b/Nice-Rennes-November-5-2023-Ligue-1
FRA-Ligue 1,2324,Nice,2023-11-10 Montpellier-Nice,2023-11-10,Matchweek 12,Fri,Away,D,0,0,Montpellier,0,15,3,20.0,0.0,0.0,18.0,0.0,0,0,0.7,0.7,0.05,-0.7,-0.7,21:00:00,/en/matches/5bdc7c32/Montpellier-Nice-November-10-2023-Ligue-1
FRA-Ligue 1,2324,Nice,2023-11-26 Nice-Toulouse,2023-11-26,Matchweek 13,Sun,Home,W,1,0,Toulouse,1,8,2,25.0,0.13,0.5,17.3,0.0,0,0,1.0,1.0,0.12,0.0,0.0,13:00:00,/en/matches/69ee1012/Nice-Toulouse-November-26-2023-Ligue-1
FRA-Ligue 1,2324,Nice,2023-12-02 Nantes-Nice,2023-12-02,Matchweek 14,Sat,Away,L,0,1,Nantes,0,13,6,46.2,0.0,0.0,14.1,0.0,0,0,1.3,1.3,0.11,-1.3,-1.3,21:00:00,/en/matches/b0ae3622/Nantes-Nice-December-2-2023-Ligue-1
FRA-Ligue 1,2324,Nice,2023-12-10 Nice-Reims,2023-12-10,Matchweek 15,Sun,Home,W,2,1,Reims,2,15,5,33.3,0.13,0.4,16.9,0.0,0,0,0.9,0.9,0.06,1.1,1.1,13:00:00,/en/matches/22646ca5/Nice-Reims-December-10-2023-Ligue-1
FRA-Ligue 1,2324,Nice,2023-12-16 Le Havre-Nice,2023-12-16,Matchweek 16,Sat,Away,L,1,3,Le Havre,1,13,5,38.5,0.08,0.2,10.0,0.0,0,0,1.9,1.9,0.19,-0.9,-0.9,17:00:00,/en/matches/8fd0b0fe/Le-Havre-Nice-December-16-2023-Ligue-1
FRA-Ligue 1,2324,Nice,2023-12-20 Nice-Lens,2023-12-20,Matchweek 17,Wed,Home,W,2,0,Lens,2,13,4,30.8,0.08,0.25,14.5,0.0,1,1,2.5,1.7,0.13,-0.5,-0.7,21:00:00,/en/matches/267500aa/Nice-Lens-December-20-2023-Ligue-1
FRA-Ligue 1,2324,Nice,2024-01-13 Rennes-Nice,2024-01-13,Matchweek 18,Sat,Away,L,0,2,Rennes,0,9,2,22.2,0.0,0.0,15.3,0.0,0,0,0.7,0.7,0.07,-0.7,-0.7,21:00:00,/en/matches/6cc45497/Rennes-Nice-January-13-2024-Ligue-1
FRA-Ligue 1,2324,Nice,2024-01-27 Nice-Metz,2024-01-27,Matchweek 19,Sat,Home,W,1,0,Metz,1,14,8,57.1,0.0,0.0,19.8,1.0,1,1,2.2,1.4,0.1,-1.2,-1.4,17:00:00,/en/matches/69267ef1/Nice-Metz-January-27-2024-Ligue-1
FRA-Ligue 1,2324,Nice,2024-02-04 Brest-Nice,2024-02-04,Matchweek 20,Sun,Away,D,0,0,Brest,0,13,1,7.7,0.0,0.0,16.9,0.0,0,0,0.7,0.7,0.06,-0.7,-0.7,17:05:00,/en/matches/19dfaa21/Brest-Nice-February-4-2024-Ligue-1
FRA-Ligue 1,2324,Nice,2024-02-11 Nice-Monaco,2024-02-11,Matchweek 21,Sun,Home,L,2,3,Monaco,2,14,4,28.6,0.07,0.25,16.5,0.0,1,1,2.1,1.3,0.11,-0.1,-0.3,20:45:00,/en/matches/a2cab916/Nice-Monaco-February-11-2024-Ligue-1
FRA-Ligue 1,2324,Nice,2024-02-16 Lyon-Nice,2024-02-16,Matchweek 22,Fri,Away,L,0,1,Lyon,0,20,6,30.0,0.0,0.0,21.2,0.0,0,0,0.8,0.8,0.04,-0.8,-0.8,21:00:00,/en/matches/205468df/Lyon-Nice-February-16-2024-Ligue-1
FRA-Ligue 1,2324,Nice,2024-02-25 Nice-Clermont Foot,2024-02-25,Matchweek 23,Sun,Home,D,0,0,Clermont Foot,0,23,4,17.4,0.0,0.0,18.4,1.0,0,0,1.6,1.6,0.07,-1.6,-1.6,15:00:00,/en/matches/d4ce6789/Nice-Clermont-Foot-February-25-2024-Ligue-1
FRA-Ligue 1,2324,Nice,2024-03-03 Toulouse-Nice,2024-03-03,Matchweek 24,Sun,Away,L,1,2,Toulouse,1,9,6,66.7,0.11,0.17,17.8,2.0,0,0,1.4,1.4,0.16,-0.4,-0.4,13:00:00,/en/matches/2269add3/Toulouse-Nice-March-3-2024-Ligue-1
FRA-Ligue 1,2324,Nice,2024-03-08 Nice-Montpellier,2024-03-08,Matchweek 25,Fri,Home,L,1,2,Montpellier,1,19,5,26.3,0.05,0.2,16.6,1.0,0,0,1.1,1.1,0.06,-0.1,-0.1,21:00:00,/en/matches/d631a829/Nice-Montpellier-March-8-2024-Ligue-1
FRA-Ligue 1,2324,Nice,2024-03-16 Lens-Nice,2024-03-16,Matchweek 26,Sat,Away,W,3,1,Lens,3,6,2,33.3,0.33,1.0,25.0,0.0,1,1,2.2,1.4,0.24,0.8,0.6,21:00:00,/en/matches/7b5edccd/Lens-Nice-March-16-2024-Ligue-1
FRA-Ligue 1,2324,Nice,2024-03-31 Nice-Nantes,2024-03-31,Matchweek 27,Sun,Home,L,1,2,Nantes,1,11,2,18.2,0.0,0.0,20.6,0.0,1,1,1.3,0.5,0.05,-0.3,-0.5,15:00:00,/en/matches/d3388c96/Nice-Nantes-March-31-2024-Ligue-1
FRA-Ligue 1,2324,Nice,2024-04-07 Reims-Nice,2024-04-07,Matchweek 28,Sun,Away,D,0,0,Reims,0,18,3,16.7,0.0,0.0,16.4,1.0,0,0,1.9,1.9,0.11,-1.9,-1.9,15:00:00,/en/matches/4c072743/Reims-Nice-April-7-2024-Ligue-1
FRA-Ligue 1,2324,Nice,2024-04-19 Nice-Lorient,2024-04-19,Matchweek 30,Fri,Home,W,3,0,Lorient,3,19,10,52.6,0.16,0.3,17.0,0.0,0,0,2.5,2.5,0.14,0.5,0.5,21:00:00,/en/matches/05fcaf04/Nice-Lorient-April-19-2024-Ligue-1
FRA-Ligue 1,2324,Nice,2024-04-24 Marseille-Nice,2024-04-24,Matchweek 29,Wed,Away,D,2,2,Marseille,2,10,4,40.0,0.2,0.5,17.6,1.0,0,0,1.4,1.4,0.14,0.6,0.6,21:00:00,/en/matches/0727529c/Marseille-Nice-April-24-2024-Ligue-1
FRA-Ligue 1,2324,Nice,2024-04-28 Strasbourg-Nice,2024-04-28,Matchweek 31,Sun,Away,W,3,1,Strasbourg,3,7,3,42.9,0.29,0.67,17.1,0.0,1,1,1.6,0.8,0.11,1.4,1.2,15:00:00,/en/matches/a7951b3a/Strasbourg-Nice-April-28-2024-Ligue-1
FRA-Ligue 1,2324,Nice,2024-05-10 Nice-Le Havre,2024-05-10,Matchweek 33,Fri,Home,W,1,0,Le Havre,1,13,6,46.2,0.08,0.17,17.0,0.0,0,0,1.8,1.8,0.14,-0.8,-0.8,21:00:00,/en/matches/73e73f70/Nice-Le-Havre-May-10-2024-Ligue-1
FRA-Ligue 1,2324,Nice,2024-05-15 Nice-Paris S-G,2024-05-15,Matchweek 32,Wed,Home,L,1,2,Paris S-G,1,12,4,33.3,0.08,0.25,16.4,0.0,0,0,1.4,1.4,0.12,-0.4,-0.4,21:00:00,/en/matches/25e694fc/Nice-Paris-Saint-Germain-May-15-2024-Ligue-1
FRA-Ligue 1,2324,Nice,2024-05-19 Lille-Nice,2024-05-19,Matchweek 34,Sun,Away,D,2,2,Lille,2,10,4,40.0,0.2,0.5,16.9,0.0,0,0,0.9,0.9,0.09,1.1,1.1,21:00:00,/en/matches/df360311/Lille-Nice-May-19-2024-Ligue-1
FRA-Ligue 1,2324,Paris S-G,2023-08-12 Paris S-G-Lorient,2023-08-12,Matchweek 1,Sat,Home,D,0,0,Lorient,0,20,4,20.0,0.0,0.0,18.9,1.0,0,0,1.2,1.2,0.06,-1.2,-1.2,21:00:00,/en/matches/2e85b460/Paris-Saint-Germain-Lorient-August-12-2023-Ligue-1
FRA-Ligue 1,2324,Paris S-G,2023-08-19 Toulouse-Paris S-G,2023-08-19,Matchweek 2,Sat,Away,D,1,1,Toulouse,1,15,2,13.3,0.0,0.0,15.9,0.0,1,1,2.1,1.3,0.09,-1.1,-1.3,21:00:00,/en/matches/fad8e14d/Toulouse-Paris-Saint-Germain-August-19-2023-Ligue-1
FRA-Ligue 1,2324,Paris S-G,2023-08-26 Paris S-G-Lens,2023-08-26,Matchweek 3,Sat,Home,W,3,1,Lens,3,17,6,35.3,0.18,0.5,19.9,1.0,0,0,1.5,1.5,0.09,1.5,1.5,21:00:00,/en/matches/d3db871d/Paris-Saint-Germain-Lens-August-26-2023-Ligue-1
FRA-Ligue 1,2324,Paris S-G,2023-09-03 Lyon-Paris S-G,2023-09-03,Matchweek 4,Sun,Away,W,4,1,Lyon,4,21,7,33.3,0.14,0.43,16.0,0.0,1,1,4.5,3.7,0.18,-0.5,-0.7,20:45:00,/en/matches/cd3d8319/Lyon-Paris-Saint-Germain-September-3-2023-Ligue-1
FRA-Ligue 1,2324,Paris S-G,2023-09-15 Paris S-G-Nice,2023-09-15,Matchweek 5,Fri,Home,L,2,3,Nice,2,12,3,25.0,0.17,0.67,20.6,1.0,0,0,1.0,1.0,0.08,1.0,1.0,21:00:00,/en/matches/f0478368/Paris-Saint-Germain-Nice-September-15-2023-Ligue-1
FRA-Ligue 1,2324,Paris S-G,2023-09-24 Paris S-G-Marseille,2023-09-24,Matchweek 6,Sun,Home,W,4,0,Marseille,4,15,5,33.3,0.27,0.8,18.5,2.0,0,0,1.9,1.9,0.13,2.1,2.1,20:45:00,/en/matches/405fa974/Paris-Saint-Germain-Marseille-September-24-2023-Ligue-1
FRA-Ligue 1,2324,Paris S-G,2023-09-30 Clermont Foot-Paris S-G,2023-09-30,Matchweek 7,Sat,Away,D,0,0,Clermont Foot,0,21,10,47.6,0.0,0.0,16.7,0.0,0,0,3.0,3.0,0.15,-3.0,-3.0,17:00:00,/en/matches/f443185b/Clermont-Foot-Paris-Saint-Germain-September-30-2023-Ligue-1
FRA-Ligue 1,2324,Paris S-G,2023-10-08 Rennes-Paris S-G,2023-10-08,Matchweek 8,Sun,Away,W,3,1,Rennes,3,17,7,41.2,0.18,0.43,15.5,1.0,0,0,3.5,3.5,0.21,-0.5,-0.5,20:45:00,/en/matches/484e237a/Rennes-Paris-Saint-Germain-October-8-2023-Ligue-1
FRA-Ligue 1,2324,Paris S-G,2023-10-21 Paris S-G-Strasbourg,2023-10-21,Matchweek 9,Sat,Home,W,3,0,Strasbourg,3,7,3,42.9,0.29,0.67,14.1,0.0,1,1,2.0,1.3,0.18,1.0,0.7,17:00:00,/en/matches/28f09198/Paris-Saint-Germain-Strasbourg-October-21-2023-Ligue-1
FRA-Ligue 1,2324,Paris S-G,2023-10-29 Brest-Paris S-G,2023-10-29,Matchweek 10,Sun,Away,W,3,2,Brest,3,16,9,56.3,0.19,0.33,18.2,0.0,0,1,2.1,1.2,0.08,0.9,1.8,13:00:00,/en/matches/3fc4e3ce/Brest-Paris-Saint-Germain-October-29-2023-Ligue-1
FRA-Ligue 1,2324,Paris S-G,2023-11-03 Paris S-G-Montpellier,2023-11-03,Matchweek 11,Fri,Home,W,3,0,Montpellier,3,21,9,42.9,0.14,0.33,18.7,1.0,0,0,1.1,1.1,0.06,1.9,1.9,21:00:00,/en/matches/4f44d7fc/Paris-Saint-Germain-Montpellier-November-3-2023-Ligue-1
FRA-Ligue 1,2324,Paris S-G,2023-11-11 Reims-Paris S-G,2023-11-11,Matchweek 12,Sat,Away,W,3,0,Reims,3,14,6,42.9,0.21,0.5,16.0,0.0,0,0,2.3,2.3,0.16,0.7,0.7,17:00:00,/en/matches/61d9e0d0/Reims-Paris-Saint-Germain-November-11-2023-Ligue-1
FRA-Ligue 1,2324,Paris S-G,2023-11-24 Paris S-G-Monaco,2023-11-24,Matchweek 13,Fri,Home,W,5,2,Monaco,5,15,10,66.7,0.27,0.4,16.2,0.0,1,1,2.6,1.8,0.12,2.4,2.2,21:00:00,/en/matches/6f11a93d/Paris-Saint-Germain-Monaco-November-24-2023-Ligue-1
FRA-Ligue 1,2324,Paris S-G,2023-12-03 Le Havre-Paris S-G,2023-12-03,Matchweek 14,Sun,Away,W,2,0,Le Havre,2,9,5,55.6,0.22,0.4,18.2,0.0,0,0,1.2,1.2,0.13,0.8,0.8,13:00:00,/en/matches/b6e6fdfe/Le-Havre-Paris-Saint-Germain-December-3-2023-Ligue-1
FRA-Ligue 1,2324,Paris S-G,2023-12-09 Paris S-G-Nantes,2023-12-09,Matchweek 15,Sat,Home,W,2,1,Nantes,2,16,6,37.5,0.13,0.33,15.3,0.0,0,0,2.0,2.0,0.14,0.0,0.0,21:00:00,/en/matches/2582af0c/Paris-Saint-Germain-Nantes-December-9-2023-Ligue-1
FRA-Ligue 1,2324,Paris S-G,2023-12-17 Lille-Paris S-G,2023-12-17,Matchweek 16,Sun,Away,D,1,1,Lille,1,9,1,11.1,0.0,0.0,18.2,0.0,1,1,1.4,0.6,0.07,-0.4,-0.6,20:45:00,/en/matches/204a77b5/Lille-Paris-Saint-Germain-December-17-2023-Ligue-1
FRA-Ligue 1,2324,Paris S-G,2023-12-20 Paris S-G-Metz,2023-12-20,Matchweek 17,Wed,Home,W,3,1,Metz,3,13,5,38.5,0.23,0.6,16.8,1.0,0,0,2.4,2.4,0.18,0.6,0.6,21:00:00,/en/matches/fb56b3c2/Paris-Saint-Germain-Metz-December-20-2023-Ligue-1
FRA-Ligue 1,2324,Paris S-G,2024-01-14 Lens-Paris S-G,2024-01-14,Matchweek 18,Sun,Away,W,2,0,Lens,2,15,7,46.7,0.13,0.29,16.4,1.0,0,0,1.8,1.8,0.12,0.2,0.2,20:45:00,/en/matches/0682fa55/Lens-Paris-Saint-Germain-January-14-2024-Ligue-1
FRA-Ligue 1,2324,Paris S-G,2024-01-28 Paris S-G-Brest,2024-01-28,Matchweek 19,Sun,Home,D,2,2,Brest,2,10,4,40.0,0.2,0.5,14.1,0.0,0,0,2.1,2.1,0.23,-0.1,-0.1,20:45:00,/en/matches/8e2d796d/Paris-Saint-Germain-Brest-January-28-2024-Ligue-1
FRA-Ligue 1,2324,Paris S-G,2024-02-02 Strasbourg-Paris S-G,2024-02-02,Matchweek 20,Fri,Away,W,2,1,Strasbourg,2,8,4,50.0,0.25,0.5,23.7,0.0,0,1,2.0,1.2,0.15,0.0,0.8,21:00:00,/en/matches/c0fbd8fa/Strasbourg-Paris-Saint-Germain-February-2-2024-Ligue-1
FRA-Ligue 1,2324,Paris S-G,2024-02-10 Paris S-G-Lille,2024-02-10,Matchweek 21,Sat,Home,W,3,1,Lille,2,16,8,50.0,0.13,0.25,18.0,1.0,0,0,2.8,2.8,0.18,-0.8,-0.8,21:00:00,/en/matches/fb49d66d/Paris-Saint-Germain-Lille-February-10-2024-Ligue-1
FRA-Ligue 1,2324,Paris S-G,2024-02-17 Nantes-Paris S-G,2024-02-17,Matchweek 22,Sat,Away,W,2,0,Nantes,2,11,1,9.1,0.09,1.0,19.5,0.0,1,1,1.5,0.8,0.07,0.5,0.2,21:00:00,/en/matches/56629c17/Nantes-Paris-Saint-Germain-February-17-2024-Ligue-1
FRA-Ligue 1,2324,Paris S-G,2024-02-25 Paris S-G-Rennes,2024-02-25,Matchweek 23,Sun,Home,D,1,1,Rennes,1,14,2,14.3,0.0,0.0,19.8,1.0,1,1,1.9,1.1,0.08,-0.9,-1.1,17:05:00,/en/matches/6b8934e3/Paris-Saint-Germain-Rennes-February-25-2024-Ligue-1
FRA-Ligue 1,2324,Paris S-G,2024-03-01 Monaco-Paris S-G,2024-03-01,Matchweek 24,Fri,Away,D,0,0,Monaco,0,14,7,50.0,0.0,0.0,17.9,1.0,0,0,1.5,1.5,0.11,-1.5,-1.5,21:00:00,/en/matches/4be6a76c/Monaco-Paris-Saint-Germain-March-1-2024-Ligue-1
FRA-Ligue 1,2324,Paris S-G,2024-03-10 Paris S-G-Reims,2024-03-10,Matchweek 25,Sun,Home,D,2,2,Reims,1,19,6,31.6,0.05,0.17,14.9,1.0,0,0,1.2,1.2,0.07,-0.2,-0.2,13:00:00,/en/matches/d1422003/Paris-Saint-Germain-Reims-March-10-2024-Ligue-1
FRA-Ligue 1,2324,Paris S-G,2024-03-17 Montpellier-Paris S-G,2024-03-17,Matchweek 26,Sun,Away,W,6,2,Montpellier,6,16,9,56.3,0.38,0.67,18.9,1.0,0,0,1.5,1.5,0.1,4.5,4.5,20:45:00,/en/matches/f850eea5/Montpellier-Paris-Saint-Germain-March-17-2024-Ligue-1
FRA-Ligue 1,2324,Paris S-G,2024-03-31 Marseille-Paris S-G,2024-03-31,Matchweek 27,Sun,Away,W,2,0,Marseille,2,8,3,37.5,0.25,0.67,13.6,0.0,0,0,2.1,2.1,0.27,-0.1,-0.1,20:45:00,/en/matches/4b3924f8/Marseille-Paris-Saint-Germain-March-31-2024-Ligue-1
FRA-Ligue 1,2324,Paris S-G,2024-04-06 Paris S-G-Clermont Foot,2024-04-06,Matchweek 28,Sat,Home,D,1,1,Clermont Foot,1,23,7,30.4,0.04,0.14,14.0,0.0,0,0,2.7,2.7,0.13,-1.7,-1.7,21:00:00,/en/matches/a0e24fef/Paris-Saint-Germain-Clermont-Foot-April-6-2024-Ligue-1
FRA-Ligue 1,2324,Paris S-G,2024-04-21 Paris S-G-Lyon,2024-04-21,Matchweek 30,Sun,Home,W,4,1,Lyon,3,14,6,42.9,0.21,0.5,13.4,0.0,0,0,2.3,2.3,0.17,0.7,0.7,21:00:00,/en/matches/33d8918a/Paris-Saint-Germain-Lyon-April-21-2024-Ligue-1
FRA-Ligue 1,2324,Paris S-G,2024-04-24 Lorient-Paris S-G,2024-04-24,Matchweek 29,Wed,Away,W,4,1,Lorient,4,15,7,46.7,0.27,0.57,20.6,0.0,0,0,1.6,1.6,0.11,2.4,2.4,19:00:00,/en/matches/12fd3a4c/Lorient-Paris-Saint-Germain-April-24-2024-Ligue-1
FRA-Ligue 1,2324,Paris S-G,2024-04-27 Paris S-G-Le Havre,2024-04-27,Matchweek 31,Sat,Home,D,3,3,Le Havre,3,17,4,23.5,0.18,0.75,18.5,0.0,0,0,2.6,2.6,0.16,0.4,0.4,21:00:00,/en/matches/c28df007/Paris-Saint-Germain-Le-Havre-April-27-2024-Ligue-1
FRA-Ligue 1,2324,Paris S-G,2024-05-12 Paris S-G-Toulouse,2024-05-12,Matchweek 33,Sun,Home,L,1,3,Toulouse,1,15,3,20.0,0.07,0.33,16.0,0.0,0,0,2.1,2.1,0.15,-1.1,-1.1,21:00:00,/en/matches/e8fcc39b/Paris-Saint-Germain-Toulouse-May-12-2024-Ligue-1
FRA-Ligue 1,2324,Paris S-G,2024-05-15 Nice-Paris S-G,2024-05-15,Matchweek 32,Wed,Away,W,2,1,Nice,2,11,4,36.4,0.18,0.5,19.6,0.0,0,0,1.0,1.0,0.09,1.0,1.0,21:00:00,/en/matches/25e694fc/Nice-Paris-Saint-Germain-May-15-2024-Ligue-1
FRA-Ligue 1,2324,Paris S-G,2024-05-19 Metz-Paris S-G,2024-05-19,Matchweek 34,Sun,Away,W,2,0,Metz,2,20,7,35.0,0.1,0.29,17.3,0.0,0,0,2.0,2.0,0.1,0.0,0.0,21:00:00,/en/matches/8dac35ed/Metz-Paris-Saint-Germain-May-19-2024-Ligue-1
FRA-Ligue 1,2324,Reims,2023-08-12 Marseille-Reims,2023-08-12,Matchweek 1,Sat,Away,L,1,2,Marseille,1,11,4,36.4,0.09,0.25,18.4,0.0,0,0,0.8,0.8,0.07,0.2,0.2,17:00:00,/en/matches/fdbcc9e3/Marseille-Reims-August-12-2023-Ligue-1
FRA-Ligue 1,2324,Reims,2023-08-20 Reims-Clermont Foot,2023-08-20,Matchweek 2,Sun,Home,W,2,0,Clermont Foot,2,8,4,50.0,0.25,0.5,12.6,0.0,0,0,2.4,2.4,0.34,-0.4,-0.4,15:00:00,/en/matches/4b9f0040/Reims-Clermont-Foot-August-20-2023-Ligue-1
FRA-Ligue 1,2324,Reims,2023-08-27 Montpellier-Reims,2023-08-27,Matchweek 3,Sun,Away,W,3,1,Montpellier,3,11,5,45.5,0.27,0.6,22.3,1.0,0,1,1.4,0.6,0.05,1.6,2.4,15:00:00,/en/matches/4d6e6c68/Montpellier-Reims-August-27-2023-Ligue-1
FRA-Ligue 1,2324,Reims,2023-09-03 Metz-Reims,2023-09-03,Matchweek 4,Sun,Away,D,2,2,Metz,2,12,2,16.7,0.17,1.0,23.2,0.0,0,0,0.7,0.7,0.06,1.3,1.3,15:00:00,/en/matches/678bad42/Metz-Reims-September-3-2023-Ligue-1
FRA-Ligue 1,2324,Reims,2023-09-17 Reims-Brest,2023-09-17,Matchweek 5,Sun,Home,L,1,2,Brest,1,13,7,53.8,0.08,0.14,16.3,1.0,0,0,1.7,1.7,0.14,-0.7,-0.7,15:00:00,/en/matches/f12c7a9a/Reims-Brest-September-17-2023-Ligue-1
FRA-Ligue 1,2324,Reims,2023-09-26 Lille-Reims,2023-09-26,Matchweek 6,Tue,Away,W,2,1,Lille,2,4,4,100.0,0.5,0.5,13.8,0.0,0,0,0.5,0.5,0.13,1.5,1.5,21:00:00,/en/matches/b1ae9dc3/Lille-Reims-September-26-2023-Ligue-1
FRA-Ligue 1,2324,Reims,2023-10-01 Reims-Lyon,2023-10-01,Matchweek 7,Sun,Home,W,2,0,Lyon,2,8,3,37.5,0.25,0.67,12.0,0.0,0,0,2.0,2.0,0.26,0.0,0.0,13:00:00,/en/matches/cfb7f6ea/Reims-Lyon-October-1-2023-Ligue-1
FRA-Ligue 1,2324,Reims,2023-10-07 Reims-Monaco,2023-10-07,Matchweek 8,Sat,Home,L,1,3,Monaco,1,10,3,30.0,0.0,0.0,18.6,0.0,1,1,1.5,0.8,0.08,-0.5,-0.8,21:00:00,/en/matches/8abe55a4/Reims-Monaco-October-7-2023-Ligue-1
FRA-Ligue 1,2324,Reims,2023-10-22 Toulouse-Reims,2023-10-22,Matchweek 9,Sun,Away,D,1,1,Toulouse,1,15,3,20.0,0.07,0.33,15.5,0.0,0,0,1.3,1.3,0.09,-0.3,-0.3,15:00:00,/en/matches/f0a8c67d/Toulouse-Reims-October-22-2023-Ligue-1
FRA-Ligue 1,2324,Reims,2023-10-28 Reims-Lorient,2023-10-28,Matchweek 10,Sat,Home,W,1,0,Lorient,1,12,5,41.7,0.08,0.2,18.2,0.0,0,0,0.8,0.8,0.06,0.2,0.2,17:00:00,/en/matches/5c8bc6ef/Reims-Lorient-October-28-2023-Ligue-1
FRA-Ligue 1,2324,Reims,2023-11-05 Nantes-Reims,2023-11-05,Matchweek 11,Sun,Away,W,1,0,Nantes,1,7,3,42.9,0.14,0.33,12.8,0.0,0,0,1.1,1.1,0.15,-0.1,-0.1,15:00:00,/en/matches/96b3374a/Nantes-Reims-November-5-2023-Ligue-1
FRA-Ligue 1,2324,Reims,2023-11-11 Reims-Paris S-G,2023-11-11,Matchweek 12,Sat,Home,L,0,3,Paris S-G,0,19,6,31.6,0.0,0.0,14.0,1.0,0,0,1.3,1.3,0.07,-1.3,-1.3,17:00:00,/en/matches/61d9e0d0/Reims-Paris-Saint-Germain-November-11-2023-Ligue-1
FRA-Ligue 1,2324,Reims,2023-11-26 Rennes-Reims,2023-11-26,Matchweek 13,Sun,Away,L,1,3,Rennes,1,15,4,26.7,0.07,0.25,12.8,0.0,0,0,1.6,1.6,0.1,-0.6,-0.6,17:05:00,/en/matches/068718ca/Rennes-Reims-November-26-2023-Ligue-1
FRA-Ligue 1,2324,Reims,2023-12-01 Reims-Strasbourg,2023-12-01,Matchweek 14,Fri,Home,W,2,1,Strasbourg,1,12,3,25.0,0.08,0.33,14.9,0.0,0,0,1.3,1.3,0.11,-0.3,-0.3,21:00:00,/en/matches/ad372452/Reims-Strasbourg-December-1-2023-Ligue-1
FRA-Ligue 1,2324,Reims,2023-12-10 Nice-Reims,2023-12-10,Matchweek 15,Sun,Away,L,1,2,Nice,1,9,2,22.2,0.11,0.5,17.5,1.0,0,0,1.3,1.3,0.15,-0.3,-0.3,13:00:00,/en/matches/22646ca5/Nice-Reims-December-10-2023-Ligue-1
FRA-Ligue 1,2324,Reims,2023-12-16 Lens-Reims,2023-12-16,Matchweek 16,Sat,Away,L,0,2,Lens,0,14,3,21.4,0.0,0.0,16.9,0.0,0,0,1.1,1.1,0.08,-1.1,-1.1,21:00:00,/en/matches/331c82fc/Lens-Reims-December-16-2023-Ligue-1
FRA-Ligue 1,2324,Reims,2023-12-20 Reims-Le Havre,2023-12-20,Matchweek 17,Wed,Home,W,1,0,Le Havre,1,22,7,31.8,0.05,0.14,19.9,0.0,0,0,1.2,1.2,0.05,-0.2,-0.2,21:00:00,/en/matches/4e667758/Reims-Le-Havre-December-20-2023-Ligue-1
FRA-Ligue 1,2324,Reims,2024-01-13 Monaco-Reims,2024-01-13,Matchweek 18,Sat,Away,W,3,1,Monaco,3,12,5,41.7,0.25,0.6,20.1,0.0,0,0,1.5,1.5,0.13,1.5,1.5,17:00:00,/en/matches/7f2cdeb6/Monaco-Reims-January-13-2024-Ligue-1
FRA-Ligue 1,2324,Reims,2024-01-28 Reims-Nantes,2024-01-28,Matchweek 19,Sun,Home,D,0,0,Nantes,0,10,1,10.0,0.0,0.0,14.2,1.0,0,0,0.9,0.9,0.09,-0.9,-0.9,15:00:00,/en/matches/f3522f33/Reims-Nantes-January-28-2024-Ligue-1
FRA-Ligue 1,2324,Reims,2024-02-04 Reims-Toulouse,2024-02-04,Matchweek 20,Sun,Home,L,2,3,Toulouse,2,17,4,23.5,0.12,0.5,14.7,1.0,0,0,2.8,2.8,0.17,-0.8,-0.8,15:00:00,/en/matches/25718ab1/Reims-Toulouse-February-4-2024-Ligue-1
FRA-Ligue 1,2324,Reims,2024-02-11 Lorient-Reims,2024-02-11,Matchweek 21,Sun,Away,L,0,2,Lorient,0,23,5,21.7,0.0,0.0,18.7,0.0,0,0,1.2,1.2,0.05,-1.2,-1.2,15:00:00,/en/matches/99f9cba1/Lorient-Reims-February-11-2024-Ligue-1
FRA-Ligue 1,2324,Reims,2024-02-18 Reims-Lens,2024-02-18,Matchweek 22,Sun,Home,D,1,1,Lens,1,11,2,18.2,0.09,0.5,21.3,0.0,0,0,1.1,1.1,0.1,-0.1,-0.1,17:05:00,/en/matches/825ef1ef/Reims-Lens-February-18-2024-Ligue-1
FRA-Ligue 1,2324,Reims,2024-02-25 Le Havre-Reims,2024-02-25,Matchweek 23,Sun,Away,W,2,1,Le Havre,2,15,4,26.7,0.07,0.25,14.2,1.0,1,1,3.2,2.4,0.17,-1.2,-1.4,15:00:00,/en/matches/f2b72da5/Le-Havre-Reims-February-25-2024-Ligue-1
FRA-Ligue 1,2324,Reims,2024-03-02 Reims-Lille,2024-03-02,Matchweek 24,Sat,Home,L,0,1,Lille,0,8,3,37.5,0.0,0.0,14.3,0.0,0,0,0.6,0.6,0.08,-0.6,-0.6,17:00:00,/en/matches/92da3973/Reims-Lille-March-2-2024-Ligue-1
FRA-Ligue 1,2324,Reims,2024-03-10 Paris S-G-Reims,2024-03-10,Matchweek 25,Sun,Away,D,2,2,Paris S-G,2,8,3,37.5,0.25,0.67,17.1,0.0,0,0,1.3,1.3,0.16,0.7,0.7,13:00:00,/en/matches/d1422003/Paris-Saint-Germain-Reims-March-10-2024-Ligue-1
FRA-Ligue 1,2324,Reims,2024-03-17 Reims-Metz,2024-03-17,Matchweek 26,Sun,Home,W,2,1,Metz,2,17,7,41.2,0.12,0.29,14.4,0.0,0,0,2.2,2.2,0.13,-0.2,-0.2,15:00:00,/en/matches/d840de58/Reims-Metz-March-17-2024-Ligue-1
FRA-Ligue 1,2324,Reims,2024-03-30 Lyon-Reims,2024-03-30,Matchweek 27,Sat,Away,D,1,1,Lyon,1,17,5,29.4,0.06,0.2,17.5,0.0,0,0,1.4,1.4,0.09,-0.4,-0.4,21:00:00,/en/matches/6b21872e/Lyon-Reims-March-30-2024-Ligue-1
FRA-Ligue 1,2324,Reims,2024-04-07 Reims-Nice,2024-04-07,Matchweek 28,Sun,Home,D,0,0,Nice,0,10,3,30.0,0.0,0.0,20.1,0.0,0,0,0.5,0.5,0.05,-0.5,-0.5,15:00:00,/en/matches/4c072743/Reims-Nice-April-7-2024-Ligue-1
FRA-Ligue 1,2324,Reims,2024-04-13 Strasbourg-Reims,2024-04-13,Matchweek 29,Sat,Away,L,1,3,Strasbourg,1,8,2,25.0,0.13,0.5,17.6,0.0,0,0,0.5,0.5,0.07,0.5,0.5,17:00:00,/en/matches/7b92b3c7/Strasbourg-Reims-April-13-2024-Ligue-1
FRA-Ligue 1,2324,Reims,2024-04-21 Reims-Montpellier,2024-04-21,Matchweek 30,Sun,Home,L,1,2,Montpellier,1,21,4,19.0,0.05,0.25,17.7,1.0,0,0,1.5,1.5,0.07,-0.5,-0.5,15:00:00,/en/matches/ec3fcd38/Reims-Montpellier-April-21-2024-Ligue-1
FRA-Ligue 1,2324,Reims,2024-04-28 Clermont Foot-Reims,2024-04-28,Matchweek 31,Sun,Away,L,1,4,Clermont Foot,1,10,3,30.0,0.1,0.33,17.2,1.0,0,0,0.9,0.9,0.09,0.1,0.1,15:00:00,/en/matches/b85a0106/Clermont-Foot-Reims-April-28-2024-Ligue-1
FRA-Ligue 1,2324,Reims,2024-05-10 Brest-Reims,2024-05-10,Matchweek 33,Fri,Away,D,1,1,Brest,1,8,2,25.0,0.13,0.5,20.1,1.0,0,0,0.6,0.6,0.08,0.4,0.4,21:00:00,/en/matches/87d4c432/Brest-Reims-May-10-2024-Ligue-1
FRA-Ligue 1,2324,Reims,2024-05-15 Reims-Marseille,2024-05-15,Matchweek 32,Wed,Home,W,1,0,Marseille,0,9,2,22.2,0.0,0.0,16.1,0.0,0,0,1.1,1.1,0.12,-1.1,-1.1,21:00:00,/en/matches/5a6454f2/Reims-Marseille-May-15-2024-Ligue-1
FRA-Ligue 1,2324,Reims,2024-05-19 Reims-Rennes,2024-05-19,Matchweek 34,Sun,Home,W,2,1,Rennes,2,5,3,60.0,0.2,0.33,25.0,0.0,1,1,1.3,0.5,0.11,0.7,0.5,21:00:00,/en/matches/94b311ad/Reims-Rennes-May-19-2024-Ligue-1
FRA-Ligue 1,2324,Rennes,2023-08-13 Rennes-Metz,2023-08-13,Matchweek 1,Sun,Home,W,5,1,Metz,5,29,14,48.3,0.17,0.36,15.1,1.0,0,0,4.0,4.0,0.15,1.0,1.0,17:05:00,/en/matches/e0073aaf/Rennes-Metz-August-13-2023-Ligue-1
FRA-Ligue 1,2324,Rennes,2023-08-20 Lens-Rennes,2023-08-20,Matchweek 2,Sun,Away,D,1,1,Lens,1,9,4,44.4,0.0,0.0,20.3,0.0,1,1,1.4,0.6,0.07,-0.4,-0.6,20:45:00,/en/matches/283d8d62/Lens-Rennes-August-20-2023-Ligue-1
FRA-Ligue 1,2324,Rennes,2023-08-27 Rennes-Le Havre,2023-08-27,Matchweek 3,Sun,Home,D,2,2,Le Havre,2,22,7,31.8,0.09,0.29,16.1,0.0,0,0,3.2,3.2,0.17,-1.2,-1.2,13:00:00,/en/matches/505ba995/Rennes-Le-Havre-August-27-2023-Ligue-1
FRA-Ligue 1,2324,Rennes,2023-09-02 Brest-Rennes,2023-09-02,Matchweek 4,Sat,Away,D,0,0,Brest,0,6,3,50.0,0.0,0.0,18.1,0.0,0,0,0.3,0.3,0.05,-0.3,-0.3,17:00:00,/en/matches/38572486/Brest-Rennes-September-2-2023-Ligue-1
FRA-Ligue 1,2324,Rennes,2023-09-16 Rennes-Lille,2023-09-16,Matchweek 5,Sat,Home,D,2,2,Lille,2,7,4,57.1,0.29,0.5,17.5,1.0,0,0,0.5,0.5,0.06,1.5,1.5,17:00:00,/en/matches/d419c313/Rennes-Lille-September-16-2023-Ligue-1
FRA-Ligue 1,2324,Rennes,2023-09-24 Montpellier-Rennes,2023-09-24,Matchweek 6,Sun,Away,D,0,0,Montpellier,0,18,6,33.3,0.0,0.0,24.5,1.0,0,0,0.9,0.9,0.05,-0.9,-0.9,17:05:00,/en/matches/fd6b554c/Montpellier-Rennes-September-24-2023-Ligue-1
FRA-Ligue 1,2324,Rennes,2023-10-01 Rennes-Nantes,2023-10-01,Matchweek 7,Sun,Home,W,3,1,Nantes,3,14,3,21.4,0.07,0.33,18.5,2.0,2,2,2.7,1.1,0.08,0.3,-0.1,20:45:00,/en/matches/94204a39/Rennes-Nantes-October-1-2023-Ligue-1
FRA-Ligue 1,2324,Rennes,2023-10-08 Rennes-Paris S-G,2023-10-08,Matchweek 8,Sun,Home,L,1,3,Paris S-G,1,14,4,28.6,0.07,0.25,16.3,0.0,0,0,1.1,1.1,0.08,-0.1,-0.1,20:45:00,/en/matches/484e237a/Rennes-Paris-Saint-Germain-October-8-2023-Ligue-1
FRA-Ligue 1,2324,Rennes,2023-10-22 Lorient-Rennes,2023-10-22,Matchweek 9,Sun,Away,L,1,2,Lorient,1,20,6,30.0,0.05,0.17,19.0,0.0,0,0,0.9,0.9,0.05,0.1,0.1,13:00:00,/en/matches/08e896d5/Lorient-Rennes-October-22-2023-Ligue-1
FRA-Ligue 1,2324,Rennes,2023-10-29 Rennes-Strasbourg,2023-10-29,Matchweek 10,Sun,Home,D,1,1,Strasbourg,1,20,3,15.0,0.05,0.33,18.3,2.0,0,0,1.1,1.1,0.06,-0.1,-0.1,17:05:00,/en/matches/b35db4c8/Rennes-Strasbourg-October-29-2023-Ligue-1
FRA-Ligue 1,2324,Rennes,2023-11-05 Nice-Rennes,2023-11-05,Matchweek 11,Sun,Away,L,0,2,Nice,0,11,4,36.4,0.0,0.0,17.7,0.0,0,0,0.8,0.8,0.07,-0.8,-0.8,20:45:00,/en/matches/fad89d7b/Nice-Rennes-November-5-2023-Ligue-1
FRA-Ligue 1,2324,Rennes,2023-11-12 Rennes-Lyon,2023-11-12,Matchweek 12,Sun,Home,L,0,1,Lyon,0,8,2,25.0,0.0,0.0,24.3,1.0,0,0,0.9,0.9,0.11,-0.9,-0.9,17:05:00,/en/matches/16251ab0/Rennes-Lyon-November-12-2023-Ligue-1
FRA-Ligue 1,2324,Rennes,2023-11-26 Rennes-Reims,2023-11-26,Matchweek 13,Sun,Home,W,3,1,Reims,3,10,5,50.0,0.3,0.6,13.0,0.0,0,0,1.8,1.8,0.19,1.2,1.2,17:05:00,/en/matches/068718ca/Rennes-Reims-November-26-2023-Ligue-1
FRA-Ligue 1,2324,Rennes,2023-12-03 Marseille-Rennes,2023-12-03,Matchweek 14,Sun,Away,L,0,2,Marseille,0,10,0,0.0,0.0,,17.6,0.0,0,0,0.6,0.6,0.06,-0.6,-0.6,20:45:00,/en/matches/caadf3f7/Marseille-Rennes-December-3-2023-Ligue-1
FRA-Ligue 1,2324,Rennes,2023-12-09 Rennes-Monaco,2023-12-09,Matchweek 15,Sat,Home,L,1,2,Monaco,1,14,4,28.6,0.0,0.0,18.3,1.0,1,1,1.7,0.9,0.07,-0.7,-0.9,17:00:00,/en/matches/fdd2c923/Rennes-Monaco-December-9-2023-Ligue-1
FRA-Ligue 1,2324,Rennes,2023-12-17 Toulouse-Rennes,2023-12-17,Matchweek 16,Sun,Away,D,0,0,Toulouse,0,11,4,36.4,0.0,0.0,16.7,0.0,0,0,0.7,0.7,0.07,-0.7,-0.7,15:00:00,/en/matches/8197fd69/Toulouse-Rennes-December-17-2023-Ligue-1
FRA-Ligue 1,2324,Rennes,2023-12-20 Clermont Foot-Rennes,2023-12-20,Matchweek 17,Wed,Away,W,3,1,Clermont Foot,3,24,10,41.7,0.08,0.2,18.1,0.0,1,1,2.5,1.7,0.07,0.5,0.3,21:00:00,/en/matches/16bc4ea4/Clermont-Foot-Rennes-December-20-2023-Ligue-1
FRA-Ligue 1,2324,Rennes,2024-01-13 Rennes-Nice,2024-01-13,Matchweek 18,Sat,Home,W,2,0,Nice,2,14,4,28.6,0.07,0.25,19.1,1.0,1,1,2.0,1.2,0.09,0.0,-0.2,21:00:00,/en/matches/6cc45497/Rennes-Nice-January-13-2024-Ligue-1
FRA-Ligue 1,2324,Rennes,2024-01-26 Lyon-Rennes,2024-01-26,Matchweek 19,Fri,Away,W,3,2,Lyon,3,11,5,45.5,0.27,0.6,15.9,0.0,0,0,0.8,0.8,0.08,2.2,2.2,21:00:00,/en/matches/952686b7/Lyon-Rennes-January-26-2024-Ligue-1
FRA-Ligue 1,2324,Rennes,2024-02-03 Rennes-Montpellier,2024-02-03,Matchweek 20,Sat,Home,W,2,1,Montpellier,2,8,2,25.0,0.13,0.5,18.0,1.0,1,1,2.0,1.2,0.15,0.0,-0.2,17:00:00,/en/matches/f3ce3488/Rennes-Montpellier-February-3-2024-Ligue-1
FRA-Ligue 1,2324,Rennes,2024-02-11 Le Havre-Rennes,2024-02-11,Matchweek 21,Sun,Away,W,1,0,Le Havre,1,11,2,18.2,0.09,0.5,18.4,0.0,0,0,0.9,0.9,0.09,0.1,0.1,13:00:00,/en/matches/4472d29d/Le-Havre-Rennes-February-11-2024-Ligue-1
FRA-Ligue 1,2324,Rennes,2024-02-18 Rennes-Clermont Foot,2024-02-18,Matchweek 22,Sun,Home,W,3,1,Clermont Foot,3,15,7,46.7,0.2,0.43,15.1,1.0,0,1,3.7,2.9,0.2,-0.7,0.1,15:00:00,/en/matches/93f25522/Rennes-Clermont-Foot-February-18-2024-Ligue-1
FRA-Ligue 1,2324,Rennes,2024-02-25 Paris S-G-Rennes,2024-02-25,Matchweek 23,Sun,Away,D,1,1,Paris S-G,1,3,1,33.3,0.33,1.0,13.7,0.0,0,0,0.8,0.8,0.27,0.2,0.2,17:05:00,/en/matches/6b8934e3/Paris-Saint-Germain-Rennes-February-25-2024-Ligue-1
FRA-Ligue 1,2324,Rennes,2024-03-03 Rennes-Lorient,2024-03-03,Matchweek 24,Sun,Home,L,1,2,Lorient,1,22,6,27.3,0.05,0.17,17.8,0.0,0,0,1.4,1.4,0.06,-0.4,-0.4,17:05:00,/en/matches/a3ae2f49/Rennes-Lorient-March-3-2024-Ligue-1
FRA-Ligue 1,2324,Rennes,2024-03-10 Lille-Rennes,2024-03-10,Matchweek 25,Sun,Away,D,2,2,Lille,2,11,3,27.3,0.18,0.67,20.1,1.0,0,0,1.1,1.1,0.1,0.9,0.9,17:05:00,/en/matches/67041fa5/Lille-Rennes-March-10-2024-Ligue-1
FRA-Ligue 1,2324,Rennes,2024-03-17 Rennes-Marseille,2024-03-17,Matchweek 26,Sun,Home,W,2,0,Marseille,2,6,3,50.0,0.17,0.33,23.9,0.0,1,1,1.4,0.6,0.1,0.6,0.4,17:05:00,/en/matches/8cc36332/Rennes-Marseille-March-17-2024-Ligue-1
FRA-Ligue 1,2324,Rennes,2024-03-31 Strasbourg-Rennes,2024-03-31,Matchweek 27,Sun,Away,L,0,2,Strasbourg,0,12,0,0.0,0.0,,17.1,0.0,0,0,1.1,1.1,0.09,-1.1,-1.1,17:05:00,/en/matches/789f3720/Strasbourg-Rennes-March-31-2024-Ligue-1
FRA-Ligue 1,2324,Rennes,2024-04-07 Monaco-Rennes,2024-04-07,Matchweek 28,Sun,Away,L,0,1,Monaco,0,12,7,58.3,0.0,0.0,18.9,1.0,0,0,1.3,1.3,0.11,-1.3,-1.3,17:05:00,/en/matches/c0e30df7/Monaco-Rennes-April-7-2024-Ligue-1
FRA-Ligue 1,2324,Rennes,2024-04-13 Rennes-Toulouse,2024-04-13,Matchweek 29,Sat,Home,L,1,2,Toulouse,1,19,4,21.1,0.05,0.25,17.0,0.0,0,0,1.0,1.0,0.05,0.0,0.0,21:00:00,/en/matches/6eba535c/Rennes-Toulouse-April-13-2024-Ligue-1
FRA-Ligue 1,2324,Rennes,2024-04-20 Nantes-Rennes,2024-04-20,Matchweek 30,Sat,Away,W,3,0,Nantes,3,13,4,30.8,0.15,0.5,18.2,0.0,1,1,2.4,1.6,0.12,0.6,0.4,17:00:00,/en/matches/69006962/Nantes-Rennes-April-20-2024-Ligue-1
FRA-Ligue 1,2324,Rennes,2024-04-28 Rennes-Brest,2024-04-28,Matchweek 31,Sun,Home,L,4,5,Brest,4,21,7,33.3,0.19,0.57,18.9,1.0,0,0,2.6,2.6,0.13,1.4,1.4,17:05:00,/en/matches/1865787f/Rennes-Brest-April-28-2024-Ligue-1
FRA-Ligue 1,2324,Rennes,2024-05-04 Metz-Rennes,2024-05-04,Matchweek 32,Sat,Away,W,3,2,Metz,3,20,8,40.0,0.1,0.25,19.2,1.0,1,1,2.1,1.4,0.07,0.9,0.6,19:00:00,/en/matches/a299adab/Metz-Rennes-May-4-2024-Ligue-1
FRA-Ligue 1,2324,Rennes,2024-05-12 Rennes-Lens,2024-05-12,Matchweek 33,Sun,Home,D,1,1,Lens,1,16,6,37.5,0.06,0.17,16.6,0.0,0,0,1.9,1.9,0.13,-0.9,-0.9,21:00:00,/en/matches/c55b179e/Rennes-Lens-May-12-2024-Ligue-1
FRA-Ligue 1,2324,Rennes,2024-05-19 Reims-Rennes,2024-05-19,Matchweek 34,Sun,Away,L,1,2,Reims,1,15,5,33.3,0.07,0.2,18.0,2.0,0,0,1.5,1.5,0.1,-0.5,-0.5,21:00:00,/en/matches/94b311ad/Reims-Rennes-May-19-2024-Ligue-1
FRA-Ligue 1,2324,Strasbourg,2023-08-13 Strasbourg-Lyon,2023-08-13,Matchweek 1,Sun,Home,W,2,1,Lyon,2,8,2,25.0,0.25,1.0,19.2,1.0,0,0,1.3,1.3,0.16,0.7,0.7,20:45:00,/en/matches/9f7c605e/Strasbourg-Lyon-August-13-2023-Ligue-1
FRA-Ligue 1,2324,Strasbourg,2023-08-20 Monaco-Strasbourg,2023-08-20,Matchweek 2,Sun,Away,L,0,3,Monaco,0,4,1,25.0,0.0,0.0,17.3,1.0,0,0,0.5,0.5,0.12,-0.5,-0.5,19:00:00,/en/matches/f06d0bce/Monaco-Strasbourg-August-20-2023-Ligue-1
FRA-Ligue 1,2324,Strasbourg,2023-08-27 Strasbourg-Toulouse,2023-08-27,Matchweek 3,Sun,Home,W,2,0,Toulouse,2,11,3,27.3,0.18,0.67,15.4,0.0,0,0,3.4,3.4,0.31,-1.4,-1.4,15:00:00,/en/matches/0b508695/Strasbourg-Toulouse-August-27-2023-Ligue-1
FRA-Ligue 1,2324,Strasbourg,2023-09-03 Nice-Strasbourg,2023-09-03,Matchweek 4,Sun,Away,L,0,2,Nice,0,4,0,0.0,0.0,,23.7,1.0,0,0,0.2,0.2,0.06,-0.2,-0.2,17:05:00,/en/matches/17e9722e/Nice-Strasbourg-September-3-2023-Ligue-1
FRA-Ligue 1,2324,Strasbourg,2023-09-17 Strasbourg-Montpellier,2023-09-17,Matchweek 5,Sun,Home,D,2,2,Montpellier,1,14,7,50.0,0.07,0.14,16.0,0.0,0,0,2.3,2.3,0.19,-1.3,-1.3,15:00:00,/en/matches/b04003c3/Strasbourg-Montpellier-September-17-2023-Ligue-1
FRA-Ligue 1,2324,Strasbourg,2023-09-24 Metz-Strasbourg,2023-09-24,Matchweek 6,Sun,Away,W,1,0,Metz,1,4,1,25.0,0.25,1.0,15.5,0.0,0,0,0.4,0.4,0.1,0.6,0.6,13:00:00,/en/matches/a5037d9e/Metz-Strasbourg-September-24-2023-Ligue-1
FRA-Ligue 1,2324,Strasbourg,2023-09-29 Strasbourg-Lens,2023-09-29,Matchweek 7,Fri,Home,L,0,1,Lens,0,8,2,25.0,0.0,0.0,20.4,0.0,0,0,0.3,0.3,0.04,-0.3,-0.3,21:00:00,/en/matches/0730708e/Strasbourg-Lens-September-29-2023-Ligue-1
FRA-Ligue 1,2324,Strasbourg,2023-10-06 Strasbourg-Nantes,2023-10-06,Matchweek 8,Fri,Home,L,1,2,Nantes,1,11,3,27.3,0.09,0.33,18.4,0.0,0,0,0.7,0.7,0.06,0.3,0.3,21:00:00,/en/matches/ac3cd65a/Strasbourg-Nantes-October-6-2023-Ligue-1
FRA-Ligue 1,2324,Strasbourg,2023-10-21 Paris S-G-Strasbourg,2023-10-21,Matchweek 9,Sat,Away,L,0,3,Paris S-G,0,7,1,14.3,0.0,0.0,18.3,0.0,0,0,0.4,0.4,0.05,-0.4,-0.4,17:00:00,/en/matches/28f09198/Paris-Saint-Germain-Strasbourg-October-21-2023-Ligue-1
FRA-Ligue 1,2324,Strasbourg,2023-10-29 Rennes-Strasbourg,2023-10-29,Matchweek 10,Sun,Away,D,1,1,Rennes,1,11,3,27.3,0.09,0.33,19.2,0.0,0,0,1.0,1.0,0.09,0.0,0.0,17:05:00,/en/matches/b35db4c8/Rennes-Strasbourg-October-29-2023-Ligue-1
FRA-Ligue 1,2324,Strasbourg,2023-11-05 Strasbourg-Clermont Foot,2023-11-05,Matchweek 11,Sun,Home,D,0,0,Clermont Foot,0,18,5,27.8,0.0,0.0,16.8,0.0,0,0,1.0,1.0,0.06,-1.0,-1.0,15:00:00,/en/matches/957c6924/Strasbourg-Clermont-Foot-November-5-2023-Ligue-1
FRA-Ligue 1,2324,Strasbourg,2023-11-25 Strasbourg-Marseille,2023-11-25,Matchweek 13,Sat,Home,D,1,1,Marseille,1,15,7,46.7,0.07,0.14,18.9,1.0,0,0,1.1,1.1,0.08,-0.1,-0.1,21:00:00,/en/matches/3d1a3c81/Strasbourg-Marseille-November-25-2023-Ligue-1
FRA-Ligue 1,2324,Strasbourg,2023-12-01 Reims-Strasbourg,2023-12-01,Matchweek 14,Fri,Away,L,1,2,Reims,1,9,2,22.2,0.0,0.0,18.7,0.0,1,1,1.7,0.9,0.1,-0.7,-0.9,21:00:00,/en/matches/ad372452/Reims-Strasbourg-December-1-2023-Ligue-1
FRA-Ligue 1,2324,Strasbourg,2023-12-07 Brest-Strasbourg,2023-12-07,Matchweek 12,Thu,Away,D,1,1,Brest,1,9,5,55.6,0.11,0.2,14.8,0.0,0,0,1.5,1.5,0.16,-0.5,-0.5,20:30:00,/en/matches/52a1fcfd/Brest-Strasbourg-December-7-2023-Ligue-1
FRA-Ligue 1,2324,Strasbourg,2023-12-10 Strasbourg-Le Havre,2023-12-10,Matchweek 15,Sun,Home,W,2,1,Le Havre,2,12,3,25.0,0.17,0.67,18.2,2.0,0,0,1.6,1.6,0.13,0.4,0.4,15:00:00,/en/matches/d15b44c5/Strasbourg-Le-Havre-December-10-2023-Ligue-1
FRA-Ligue 1,2324,Strasbourg,2023-12-17 Lorient-Strasbourg,2023-12-17,Matchweek 16,Sun,Away,W,2,1,Lorient,2,12,9,75.0,0.17,0.22,18.6,1.0,0,0,0.9,0.9,0.08,1.1,1.1,15:00:00,/en/matches/f3cfe34d/Lorient-Strasbourg-December-17-2023-Ligue-1
FRA-Ligue 1,2324,Strasbourg,2023-12-20 Strasbourg-Lille,2023-12-20,Matchweek 17,Wed,Home,W,2,1,Lille,1,9,2,22.2,0.11,0.5,17.0,0.0,0,0,0.8,0.8,0.09,0.2,0.2,21:00:00,/en/matches/df32fbe8/Strasbourg-Lille-December-20-2023-Ligue-1
FRA-Ligue 1,2324,Strasbourg,2024-01-12 Marseille-Strasbourg,2024-01-12,Matchweek 18,Fri,Away,D,1,1,Marseille,1,18,4,22.2,0.06,0.25,19.3,1.0,0,0,1.2,1.2,0.07,-0.2,-0.2,21:00:00,/en/matches/2a8b7749/Marseille-Strasbourg-January-12-2024-Ligue-1
FRA-Ligue 1,2324,Strasbourg,2024-01-28 Clermont Foot-Strasbourg,2024-01-28,Matchweek 19,Sun,Away,D,1,1,Clermont Foot,1,6,2,33.3,0.17,0.5,19.2,0.0,0,0,1.0,1.0,0.17,0.0,0.0,15:00:00,/en/matches/21b6f226/Clermont-Foot-Strasbourg-January-28-2024-Ligue-1
FRA-Ligue 1,2324,Strasbourg,2024-02-02 Strasbourg-Paris S-G,2024-02-02,Matchweek 20,Fri,Home,L,1,2,Paris S-G,1,20,8,40.0,0.05,0.13,16.4,0.0,0,0,2.7,2.7,0.14,-1.7,-1.7,21:00:00,/en/matches/c0fbd8fa/Strasbourg-Paris-Saint-Germain-February-2-2024-Ligue-1
FRA-Ligue 1,2324,Strasbourg,2024-02-10 Lens-Strasbourg,2024-02-10,Matchweek 21,Sat,Away,L,1,3,Lens,1,19,5,26.3,0.05,0.2,17.7,0.0,0,0,1.8,1.8,0.1,-0.8,-0.8,17:00:00,/en/matches/9635699e/Lens-Strasbourg-February-10-2024-Ligue-1
FRA-Ligue 1,2324,Strasbourg,2024-02-18 Strasbourg-Lorient,2024-02-18,Matchweek 22,Sun,Home,L,1,3,Lorient,1,18,4,22.2,0.06,0.25,15.7,0.0,0,0,1.6,1.6,0.09,-0.6,-0.6,13:00:00,/en/matches/ec531c24/Strasbourg-Lorient-February-18-2024-Ligue-1
FRA-Ligue 1,2324,Strasbourg,2024-02-24 Strasbourg-Brest,2024-02-24,Matchweek 23,Sat,Home,L,0,3,Brest,0,6,2,33.3,0.0,0.0,28.1,0.0,0,0,0.2,0.2,0.03,-0.2,-0.2,21:00:00,/en/matches/9c2847ab/Strasbourg-Brest-February-24-2024-Ligue-1
FRA-Ligue 1,2324,Strasbourg,2024-03-03 Montpellier-Strasbourg,2024-03-03,Matchweek 24,Sun,Away,D,2,2,Montpellier,2,11,3,27.3,0.09,0.33,19.3,0.0,1,1,1.7,0.9,0.08,0.3,0.1,15:00:00,/en/matches/e020afbf/Montpellier-Strasbourg-March-3-2024-Ligue-1
FRA-Ligue 1,2324,Strasbourg,2024-03-10 Strasbourg-Monaco,2024-03-10,Matchweek 25,Sun,Home,L,0,1,Monaco,0,8,1,12.5,0.0,0.0,15.4,0.0,0,0,0.4,0.4,0.05,-0.4,-0.4,15:00:00,/en/matches/9a8c884c/Strasbourg-Monaco-March-10-2024-Ligue-1
FRA-Ligue 1,2324,Strasbourg,2024-03-16 Nantes-Strasbourg,2024-03-16,Matchweek 26,Sat,Away,W,3,1,Nantes,3,11,6,54.5,0.27,0.5,18.0,0.0,0,0,1.9,1.9,0.18,1.1,1.1,17:00:00,/en/matches/9e18cf79/Nantes-Strasbourg-March-16-2024-Ligue-1
FRA-Ligue 1,2324,Strasbourg,2024-03-31 Strasbourg-Rennes,2024-03-31,Matchweek 27,Sun,Home,W,2,0,Rennes,2,14,7,50.0,0.14,0.29,14.7,0.0,0,0,2.5,2.5,0.19,-0.5,-0.5,17:05:00,/en/matches/789f3720/Strasbourg-Rennes-March-31-2024-Ligue-1
FRA-Ligue 1,2324,Strasbourg,2024-04-07 Toulouse-Strasbourg,2024-04-07,Matchweek 28,Sun,Away,D,0,0,Toulouse,0,8,1,12.5,0.0,0.0,23.4,2.0,0,0,0.5,0.5,0.06,-0.5,-0.5,15:00:00,/en/matches/919e3eb7/Toulouse-Strasbourg-April-7-2024-Ligue-1
FRA-Ligue 1,2324,Strasbourg,2024-04-13 Strasbourg-Reims,2024-04-13,Matchweek 29,Sat,Home,W,3,1,Reims,3,12,5,41.7,0.17,0.4,16.8,1.0,1,1,2.2,1.4,0.12,0.8,0.6,17:00:00,/en/matches/7b92b3c7/Strasbourg-Reims-April-13-2024-Ligue-1
FRA-Ligue 1,2324,Strasbourg,2024-04-21 Lille-Strasbourg,2024-04-21,Matchweek 30,Sun,Away,L,0,1,Lille,0,8,2,25.0,0.0,0.0,19.4,0.0,0,0,1.3,1.3,0.16,-1.3,-1.3,15:00:00,/en/matches/9511f4ab/Lille-Strasbourg-April-21-2024-Ligue-1
FRA-Ligue 1,2324,Strasbourg,2024-04-28 Strasbourg-Nice,2024-04-28,Matchweek 31,Sun,Home,L,1,3,Nice,1,13,5,38.5,0.08,0.2,17.1,0.0,0,0,0.6,0.6,0.05,0.4,0.4,15:00:00,/en/matches/a7951b3a/Strasbourg-Nice-April-28-2024-Ligue-1
FRA-Ligue 1,2324,Strasbourg,2024-05-04 Le Havre-Strasbourg,2024-05-04,Matchweek 32,Sat,Away,L,1,3,Le Havre,1,5,2,40.0,0.2,0.5,14.4,0.0,0,0,1.0,1.0,0.2,0.0,0.0,15:00:00,/en/matches/024a71c6/Le-Havre-Strasbourg-May-4-2024-Ligue-1
FRA-Ligue 1,2324,Strasbourg,2024-05-12 Strasbourg-Metz,2024-05-12,Matchweek 33,Sun,Home,W,2,1,Metz,2,11,2,18.2,0.18,1.0,15.0,0.0,0,0,1.3,1.3,0.12,0.7,0.7,21:00:00,/en/matches/2301c78f/Strasbourg-Metz-May-12-2024-Ligue-1
FRA-Ligue 1,2324,Strasbourg,2024-05-19 Lyon-Strasbourg,2024-05-19,Matchweek 34,Sun,Away,L,1,2,Lyon,1,9,4,44.4,0.11,0.25,25.8,1.0,0,1,1.1,0.4,0.04,-0.1,0.6,21:00:00,/en/matches/9576a537/Lyon-Strasbourg-May-19-2024-Ligue-1
FRA-Ligue 1,2324,Toulouse,2023-08-13 Nantes-Toulouse,2023-08-13,Matchweek 1,Sun,Away,W,2,1,Nantes,2,9,5,55.6,0.22,0.4,13.3,0.0,0,0,1.1,1.1,0.14,0.9,0.9,15:00:00,/en/matches/1e12937d/Nantes-Toulouse-August-13-2023-Ligue-1
FRA-Ligue 1,2324,Toulouse,2023-08-19 Toulouse-Paris S-G,2023-08-19,Matchweek 2,Sat,Home,D,1,1,Paris S-G,1,7,1,14.3,0.0,0.0,23.1,0.0,1,1,1.2,0.4,0.06,-0.2,-0.4,21:00:00,/en/matches/fad8e14d/Toulouse-Paris-Saint-Germain-August-19-2023-Ligue-1
FRA-Ligue 1,2324,Toulouse,2023-08-27 Strasbourg-Toulouse,2023-08-27,Matchweek 3,Sun,Away,L,0,2,Strasbourg,0,7,1,14.3,0.0,0.0,16.0,0.0,0,0,0.3,0.3,0.05,-0.3,-0.3,15:00:00,/en/matches/0b508695/Strasbourg-Toulouse-August-27-2023-Ligue-1
FRA-Ligue 1,2324,Toulouse,2023-09-03 Toulouse-Clermont Foot,2023-09-03,Matchweek 4,Sun,Home,D,2,2,Clermont Foot,2,9,5,55.6,0.22,0.4,20.0,0.0,0,0,0.6,0.6,0.07,1.4,1.4,13:00:00,/en/matches/12bf8242/Toulouse-Clermont-Foot-September-3-2023-Ligue-1
FRA-Ligue 1,2324,Toulouse,2023-09-17 Marseille-Toulouse,2023-09-17,Matchweek 5,Sun,Away,D,0,0,Marseille,0,10,3,30.0,0.0,0.0,17.5,0.0,0,0,0.7,0.7,0.07,-0.7,-0.7,17:05:00,/en/matches/195b7636/Marseille-Toulouse-September-17-2023-Ligue-1
FRA-Ligue 1,2324,Toulouse,2023-09-24 Lens-Toulouse,2023-09-24,Matchweek 6,Sun,Away,L,1,2,Lens,1,7,2,28.6,0.14,0.5,20.1,1.0,0,0,0.4,0.4,0.05,0.6,0.6,15:00:00,/en/matches/2e47fd82/Lens-Toulouse-September-24-2023-Ligue-1
FRA-Ligue 1,2324,Toulouse,2023-10-01 Toulouse-Metz,2023-10-01,Matchweek 7,Sun,Home,W,3,0,Metz,3,15,10,66.7,0.2,0.3,14.6,0.0,0,0,1.3,1.3,0.09,1.7,1.7,15:00:00,/en/matches/9baac3cb/Toulouse-Metz-October-1-2023-Ligue-1
FRA-Ligue 1,2324,Toulouse,2023-10-08 Brest-Toulouse,2023-10-08,Matchweek 8,Sun,Away,D,1,1,Brest,1,9,3,33.3,0.11,0.33,15.8,0.0,0,0,1.2,1.2,0.13,-0.2,-0.2,15:00:00,/en/matches/f41980c3/Brest-Toulouse-October-8-2023-Ligue-1
FRA-Ligue 1,2324,Toulouse,2023-10-22 Toulouse-Reims,2023-10-22,Matchweek 9,Sun,Home,D,1,1,Reims,1,11,5,45.5,0.09,0.2,19.8,1.0,0,0,0.8,0.8,0.07,0.2,0.2,15:00:00,/en/matches/f0a8c67d/Toulouse-Reims-October-22-2023-Ligue-1
FRA-Ligue 1,2324,Toulouse,2023-10-29 Montpellier-Toulouse,2023-10-29,Matchweek 10,Sun,Away,L,0,3,Montpellier,0,17,5,29.4,0.0,0.0,18.5,0.0,0,0,1.2,1.2,0.07,-1.2,-1.2,15:00:00,/en/matches/c7788081/Montpellier-Toulouse-October-29-2023-Ligue-1
FRA-Ligue 1,2324,Toulouse,2023-11-05 Toulouse-Le Havre,2023-11-05,Matchweek 11,Sun,Home,L,1,2,Le Havre,1,16,5,31.3,0.06,0.2,19.2,0.0,0,1,2.6,1.8,0.11,-1.6,-0.8,15:00:00,/en/matches/f7d3c634/Toulouse-Le-Havre-November-5-2023-Ligue-1
FRA-Ligue 1,2324,Toulouse,2023-11-12 Lille-Toulouse,2023-11-12,Matchweek 12,Sun,Away,D,1,1,Lille,1,2,1,50.0,0.5,1.0,21.0,0.0,0,0,0.1,0.1,0.05,0.9,0.9,15:00:00,/en/matches/f0f7d5b7/Lille-Toulouse-November-12-2023-Ligue-1
FRA-Ligue 1,2324,Toulouse,2023-11-26 Nice-Toulouse,2023-11-26,Matchweek 13,Sun,Away,L,0,1,Nice,0,19,2,10.5,0.0,0.0,16.5,1.0,0,0,1.3,1.3,0.07,-1.3,-1.3,13:00:00,/en/matches/69ee1012/Nice-Toulouse-November-26-2023-Ligue-1
FRA-Ligue 1,2324,Toulouse,2023-12-03 Toulouse-Lorient,2023-12-03,Matchweek 14,Sun,Home,D,1,1,Lorient,1,11,6,54.5,0.09,0.17,19.0,0.0,0,0,1.0,1.0,0.09,0.0,0.0,15:00:00,/en/matches/50bf0584/Toulouse-Lorient-December-3-2023-Ligue-1
FRA-Ligue 1,2324,Toulouse,2023-12-10 Lyon-Toulouse,2023-12-10,Matchweek 15,Sun,Away,L,0,3,Lyon,0,15,5,33.3,0.0,0.0,21.8,1.0,0,1,1.5,0.8,0.05,-1.5,-0.8,17:05:00,/en/matches/015e7632/Lyon-Toulouse-December-10-2023-Ligue-1
FRA-Ligue 1,2324,Toulouse,2023-12-17 Toulouse-Rennes,2023-12-17,Matchweek 16,Sun,Home,D,0,0,Rennes,0,15,4,26.7,0.0,0.0,21.0,1.0,0,0,0.9,0.9,0.06,-0.9,-0.9,15:00:00,/en/matches/8197fd69/Toulouse-Rennes-December-17-2023-Ligue-1
FRA-Ligue 1,2324,Toulouse,2023-12-20 Toulouse-Monaco,2023-12-20,Matchweek 17,Wed,Home,L,1,2,Monaco,1,20,5,25.0,0.05,0.2,14.9,0.0,0,0,1.4,1.4,0.07,-0.4,-0.4,21:00:00,/en/matches/81c83fe9/Toulouse-Monaco-December-20-2023-Ligue-1
FRA-Ligue 1,2324,Toulouse,2024-01-14 Metz-Toulouse,2024-01-14,Matchweek 18,Sun,Away,W,1,0,Metz,1,3,1,33.3,0.0,0.0,23.8,1.0,1,1,1.0,0.2,0.06,0.0,-0.2,15:00:00,/en/matches/926b0a14/Metz-Toulouse-January-14-2024-Ligue-1
FRA-Ligue 1,2324,Toulouse,2024-01-28 Toulouse-Lens,2024-01-28,Matchweek 19,Sun,Home,L,0,2,Lens,0,12,4,33.3,0.0,0.0,16.1,0.0,0,1,1.7,0.8,0.07,-1.7,-0.8,17:05:00,/en/matches/678c2976/Toulouse-Lens-January-28-2024-Ligue-1
FRA-Ligue 1,2324,Toulouse,2024-02-04 Reims-Toulouse,2024-02-04,Matchweek 20,Sun,Away,W,3,2,Reims,3,8,3,37.5,0.25,0.67,17.0,0.0,1,1,1.5,0.7,0.09,1.5,1.3,15:00:00,/en/matches/25718ab1/Reims-Toulouse-February-4-2024-Ligue-1
FRA-Ligue 1,2324,Toulouse,2024-02-11 Toulouse-Nantes,2024-02-11,Matchweek 21,Sun,Home,L,1,2,Nantes,1,16,3,18.8,0.06,0.33,17.7,1.0,0,0,1.0,1.0,0.06,0.0,0.0,15:00:00,/en/matches/e6caf939/Toulouse-Nantes-February-11-2024-Ligue-1
FRA-Ligue 1,2324,Toulouse,2024-02-18 Monaco-Toulouse,2024-02-18,Matchweek 22,Sun,Away,W,2,1,Monaco,2,14,7,50.0,0.14,0.29,17.5,2.0,0,0,1.4,1.4,0.11,0.6,0.6,15:00:00,/en/matches/57c599f6/Monaco-Toulouse-February-18-2024-Ligue-1
FRA-Ligue 1,2324,Toulouse,2024-02-25 Toulouse-Lille,2024-02-25,Matchweek 23,Sun,Home,W,3,1,Lille,3,13,3,23.1,0.15,0.67,13.5,0.0,1,1,2.1,1.3,0.11,0.9,0.7,15:00:00,/en/matches/a07309bd/Toulouse-Lille-February-25-2024-Ligue-1
FRA-Ligue 1,2324,Toulouse,2024-03-03 Toulouse-Nice,2024-03-03,Matchweek 24,Sun,Home,W,2,1,Nice,2,17,6,35.3,0.12,0.33,14.0,0.0,0,0,1.8,1.8,0.11,0.2,0.2,13:00:00,/en/matches/2269add3/Toulouse-Nice-March-3-2024-Ligue-1
FRA-Ligue 1,2324,Toulouse,2024-03-10 Le Havre-Toulouse,2024-03-10,Matchweek 25,Sun,Away,L,0,1,Le Havre,0,5,0,0.0,0.0,,15.3,0.0,0,0,0.3,0.3,0.05,-0.3,-0.3,15:00:00,/en/matches/3957eebd/Le-Havre-Toulouse-March-10-2024-Ligue-1
FRA-Ligue 1,2324,Toulouse,2024-03-15 Toulouse-Lyon,2024-03-15,Matchweek 26,Fri,Home,L,2,3,Lyon,2,12,4,33.3,0.08,0.25,18.5,1.0,1,1,2.4,1.6,0.13,-0.4,-0.6,21:00:00,/en/matches/863ee181/Toulouse-Lyon-March-15-2024-Ligue-1
FRA-Ligue 1,2324,Toulouse,2024-03-31 Clermont Foot-Toulouse,2024-03-31,Matchweek 27,Sun,Away,W,3,0,Clermont Foot,3,10,4,40.0,0.2,0.5,16.9,0.0,1,1,1.8,1.1,0.11,1.2,0.9,15:00:00,/en/matches/bfe740ac/Clermont-Foot-Toulouse-March-31-2024-Ligue-1
FRA-Ligue 1,2324,Toulouse,2024-04-07 Toulouse-Strasbourg,2024-04-07,Matchweek 28,Sun,Home,D,0,0,Strasbourg,0,11,2,18.2,0.0,0.0,16.8,0.0,0,0,1.0,1.0,0.09,-1.0,-1.0,15:00:00,/en/matches/919e3eb7/Toulouse-Strasbourg-April-7-2024-Ligue-1
FRA-Ligue 1,2324,Toulouse,2024-04-13 Rennes-Toulouse,2024-04-13,Matchweek 29,Sat,Away,W,2,1,Rennes,2,10,3,30.0,0.2,0.67,14.5,0.0,0,0,0.5,0.5,0.05,1.5,1.5,21:00:00,/en/matches/6eba535c/Rennes-Toulouse-April-13-2024-Ligue-1
FRA-Ligue 1,2324,Toulouse,2024-04-21 Toulouse-Marseille,2024-04-21,Matchweek 30,Sun,Home,D,2,2,Marseille,2,10,3,30.0,0.2,0.67,19.2,0.0,0,0,0.5,0.5,0.05,1.5,1.5,19:00:00,/en/matches/05f7968b/Toulouse-Marseille-April-21-2024-Ligue-1
FRA-Ligue 1,2324,Toulouse,2024-04-28 Lorient-Toulouse,2024-04-28,Matchweek 31,Sun,Away,W,2,1,Lorient,2,14,5,35.7,0.14,0.4,18.0,0.0,0,0,1.8,1.8,0.15,0.2,0.2,15:00:00,/en/matches/666bdb51/Lorient-Toulouse-April-28-2024-Ligue-1
FRA-Ligue 1,2324,Toulouse,2024-05-03 Toulouse-Montpellier,2024-05-03,Matchweek 32,Fri,Home,L,1,2,Montpellier,1,15,5,33.3,0.07,0.2,17.2,0.0,0,0,1.3,1.3,0.09,-0.3,-0.3,19:00:00,/en/matches/33eeaf12/Toulouse-Montpellier-May-3-2024-Ligue-1
FRA-Ligue 1,2324,Toulouse,2024-05-12 Paris S-G-Toulouse,2024-05-12,Matchweek 33,Sun,Away,W,3,1,Paris S-G,3,18,5,27.8,0.17,0.6,17.8,1.0,0,0,1.6,1.6,0.09,1.4,1.4,21:00:00,/en/matches/e8fcc39b/Paris-Saint-Germain-Toulouse-May-12-2024-Ligue-1
FRA-Ligue 1,2324,Toulouse,2024-05-19 Toulouse-Brest,2024-05-19,Matchweek 34,Sun,Home,L,0,3,Brest,0,8,2,25.0,0.0,0.0,16.7,0.0,0,0,0.9,0.9,0.11,-0.9,-0.9,21:00:00,/en/matches/0c59eeac/Toulouse-Brest-May-19-2024-Ligue-1
FRA-Ligue 1,2425,Angers,2024-08-18 Angers-Lens,2024-08-18,Matchweek 1,Sun,Home,L,0,1,Lens,0,8,3,37.5,0.0,0.0,19.9,0.0,0,0,0.4,0.4,0.05,-0.4,-0.4,17:00:00,/en/matches/cabadc94/Angers-Lens-August-18-2024-Ligue-1
FRA-Ligue 1,2425,Angers,2024-08-24 Lille-Angers,2024-08-24,Matchweek 2,Sat,Away,L,0,2,Lille,0,6,2,33.3,0.0,0.0,17.7,0.0,0,0,0.6,0.6,0.1,-0.6,-0.6,19:00:00,/en/matches/70fdbb5a/Lille-Angers-August-24-2024-Ligue-1
FRA-Ligue 1,2425,Angers,2024-09-01 Angers-Nice,2024-09-01,Matchweek 3,Sun,Home,L,1,4,Nice,1,13,6,46.2,0.0,0.0,22.7,1.0,1,1,1.4,0.6,0.05,-0.4,-0.6,17:00:00,/en/matches/97e962bb/Angers-Nice-September-1-2024-Ligue-1
FRA-Ligue 1,2425,Angers,2024-09-15 Strasbourg-Angers,2024-09-15,Matchweek 4,Sun,Away,D,1,1,Strasbourg,1,12,2,16.7,0.08,0.5,18.8,0.0,0,0,0.9,0.9,0.08,0.1,0.1,17:00:00,/en/matches/06ecf73c/Strasbourg-Angers-September-15-2024-Ligue-1
FRA-Ligue 1,2425,Angers,2024-09-22 Angers-Nantes,2024-09-22,Matchweek 5,Sun,Home,D,1,1,Nantes,1,3,0,0.0,0.0,,32.3,0.0,1,1,0.9,0.1,0.02,0.1,-0.1,17:00:00,/en/matches/601ddfc9/Angers-Nantes-September-22-2024-Ligue-1
FRA-Ligue 1,2425,Angers,2024-09-29 Angers-Reims,2024-09-29,Matchweek 6,Sun,Home,L,1,3,Reims,1,14,3,21.4,0.07,0.33,17.8,1.0,0,0,1.1,1.1,0.08,-0.1,-0.1,17:00:00,/en/matches/1ea5cb30/Angers-Reims-September-29-2024-Ligue-1
FRA-Ligue 1,2425,Angers,2024-10-04 Marseille-Angers,2024-10-04,Matchweek 7,Fri,Away,D,1,1,Marseille,1,10,3,30.0,0.1,0.33,22.8,1.0,0,0,0.8,0.8,0.08,0.2,0.2,20:45:00,/en/matches/c2dcc859/Marseille-Angers-October-4-2024-Ligue-1
FRA-Ligue 1,2425,Angers,2024-10-20 Toulouse-Angers,2024-10-20,Matchweek 8,Sun,Away,D,1,1,Toulouse,1,7,3,42.9,0.14,0.33,22.9,0.0,0,1,1.4,0.6,0.09,-0.4,0.4,17:00:00,/en/matches/92f559ad/Toulouse-Angers-October-20-2024-Ligue-1
FRA-Ligue 1,2425,Angers,2024-10-26 Angers-Saint-Étienne,2024-10-26,Matchweek 9,Sat,Home,W,4,2,Saint-Étienne,4,12,7,58.3,0.25,0.43,15.5,1.0,1,1,2.9,2.1,0.18,1.1,0.9,17:00:00,/en/matches/61752f42/Angers-Saint-Etienne-October-26-2024-Ligue-1
FRA-Ligue 1,2425,Angers,2024-11-01 Monaco-Angers,2024-11-01,Matchweek 10,Fri,Away,W,1,0,Monaco,1,10,3,30.0,0.1,0.33,21.9,0.0,0,0,0.5,0.5,0.05,0.5,0.5,19:00:00,/en/matches/3e5f7440/Monaco-Angers-November-1-2024-Ligue-1
FRA-Ligue 1,2425,Angers,2024-11-09 Angers-Paris S-G,2024-11-09,Matchweek 11,Sat,Home,L,2,4,Paris S-G,2,10,3,30.0,0.2,0.67,16.3,0.0,0,0,1.1,1.1,0.11,0.9,0.9,21:00:00,/en/matches/ddf738c4/Angers-Paris-Saint-Germain-November-9-2024-Ligue-1
FRA-Ligue 1,2425,Angers,2024-11-24 Auxerre-Angers,2024-11-24,Matchweek 12,Sun,Away,L,0,1,Auxerre,0,10,5,50.0,0.0,0.0,18.1,1.0,0,0,0.9,0.9,0.09,-0.9,-0.9,17:00:00,/en/matches/b1dbd309/Auxerre-Angers-November-24-2024-Ligue-1
FRA-Ligue 1,2425,Angers,2024-12-01 Le Havre-Angers,2024-12-01,Matchweek 13,Sun,Away,W,1,0,Le Havre,1,13,3,23.1,0.08,0.33,20.7,1.0,0,0,2.1,2.1,0.16,-1.1,-1.1,17:00:00,/en/matches/b9d2f3b2/Le-Havre-Angers-December-1-2024-Ligue-1
FRA-Ligue 1,2425,Angers,2024-12-07 Angers-Lyon,2024-12-07,Matchweek 14,Sat,Home,L,0,3,Lyon,0,10,2,20.0,0.0,0.0,22.1,1.0,0,0,0.6,0.6,0.06,-0.6,-0.6,21:00:00,/en/matches/8f5cb172/Angers-Lyon-December-7-2024-Ligue-1
FRA-Ligue 1,2425,Angers,2024-12-15 Rennes-Angers,2024-12-15,Matchweek 15,Sun,Away,L,0,2,Rennes,0,3,0,0.0,0.0,,12.3,0.0,0,0,0.4,0.4,0.12,-0.4,-0.4,17:00:00,/en/matches/fae57b16/Rennes-Angers-December-15-2024-Ligue-1
FRA-Ligue 1,2425,Angers,2025-01-05 Angers-Brest,2025-01-05,Matchweek 16,Sun,Home,W,2,0,Brest,2,7,2,28.6,0.29,1.0,10.1,0.0,0,0,1.8,1.8,0.25,0.2,0.2,15:00:00,/en/matches/be2eba6e/Angers-Brest-January-5-2025-Ligue-1
FRA-Ligue 1,2425,Angers,2025-01-12 Montpellier-Angers,2025-01-12,Matchweek 17,Sun,Away,W,3,1,Montpellier,3,21,8,38.1,0.14,0.38,18.3,0.0,0,0,3.8,3.8,0.18,-0.8,-0.8,17:15:00,/en/matches/1184c4fd/Montpellier-Angers-January-12-2025-Ligue-1
FRA-Ligue 1,2425,Angers,2025-01-19 Angers-Auxerre,2025-01-19,Matchweek 18,Sun,Home,W,2,0,Auxerre,1,12,4,33.3,0.08,0.25,20.1,2.0,0,0,0.9,0.9,0.08,0.1,0.1,17:15:00,/en/matches/7419fbdf/Angers-Auxerre-January-19-2025-Ligue-1
FRA-Ligue 1,2425,Angers,2025-01-26 Lens-Angers,2025-01-26,Matchweek 19,Sun,Away,L,0,1,Lens,0,2,0,0.0,0.0,,17.0,0.0,0,0,0.2,0.2,0.08,-0.2,-0.2,17:15:00,/en/matches/5026986a/Lens-Angers-January-26-2025-Ligue-1
FRA-Ligue 1,2425,Angers,2025-02-02 Angers-Le Havre,2025-02-02,Matchweek 20,Sun,Home,D,1,1,Le Havre,1,17,3,17.6,0.06,0.33,17.0,1.0,0,0,1.3,1.3,0.09,-0.3,-0.3,17:15:00,/en/matches/dc2dc241/Angers-Le-Havre-February-2-2025-Ligue-1
FRA-Ligue 1,2425,Angers,2025-02-09 Angers-Marseille,2025-02-09,Matchweek 21,Sun,Home,L,0,2,Marseille,0,5,0,0.0,0.0,,16.3,0.0,0,0,0.5,0.5,0.1,-0.5,-0.5,20:45:00,/en/matches/64ab3386/Angers-Marseille-February-9-2025-Ligue-1
FRA-Ligue 1,2425,Angers,2025-02-16 Reims-Angers,2025-02-16,Matchweek 22,Sun,Away,W,1,0,Reims,1,10,2,20.0,0.1,0.5,15.0,1.0,0,0,1.5,1.5,0.16,-0.5,-0.5,17:15:00,/en/matches/bc4d9e67/Reims-Angers-February-16-2025-Ligue-1
FRA-Ligue 1,2425,Angers,2025-02-22 Saint-Étienne-Angers,2025-02-22,Matchweek 23,Sat,Away,D,3,3,Saint-Étienne,3,11,2,18.2,0.09,0.5,17.5,0.0,2,2,2.9,1.4,0.13,0.1,-0.4,19:00:00,/en/matches/80854674/Saint-Etienne-Angers-February-22-2025-Ligue-1
FRA-Ligue 1,2425,Angers,2025-03-02 Angers-Toulouse,2025-03-02,Matchweek 24,Sun,Home,L,0,4,Toulouse,0,5,1,20.0,0.0,0.0,22.3,1.0,0,0,0.4,0.4,0.07,-0.4,-0.4,17:15:00,/en/matches/d9b255ac/Angers-Toulouse-March-2-2025-Ligue-1
FRA-Ligue 1,2425,Angers,2025-03-09 Brest-Angers,2025-03-09,Matchweek 25,Sun,Away,L,0,2,Brest,0,7,1,14.3,0.0,0.0,15.0,0.0,0,0,0.4,0.4,0.06,-0.4,-0.4,15:00:00,/en/matches/0723e59a/Brest-Angers-March-9-2025-Ligue-1
FRA-Ligue 1,2425,Angers,2025-03-15 Angers-Monaco,2025-03-15,Matchweek 26,Sat,Home,L,0,2,Monaco,0,6,2,33.3,0.0,0.0,19.3,0.0,0,0,0.5,0.5,0.08,-0.5,-0.5,19:00:00,/en/matches/ccd56c5d/Angers-Monaco-March-15-2025-Ligue-1
FRA-Ligue 1,2425,Angers,2025-03-30 Angers-Rennes,2025-03-30,Matchweek 27,Sun,Home,L,0,3,Rennes,0,9,4,44.4,0.0,0.0,15.5,0.0,0,0,1.0,1.0,0.11,-1.0,-1.0,17:15:00,/en/matches/ea71bfda/Angers-Rennes-March-30-2025-Ligue-1
FRA-Ligue 1,2425,Angers,2025-04-05 Paris S-G-Angers,2025-04-05,Matchweek 28,Sat,Away,L,0,1,Paris S-G,0,4,0,0.0,0.0,,23.3,0.0,0,0,0.2,0.2,0.05,-0.2,-0.2,17:00:00,/en/matches/85f4be0a/Paris-Saint-Germain-Angers-April-5-2025-Ligue-1
FRA-Ligue 1,2425,Angers,2025-04-13 Angers-Montpellier,2025-04-13,Matchweek 29,Sun,Home,W,2,0,Montpellier,2,10,4,40.0,0.2,0.5,11.4,0.0,0,0,1.4,1.4,0.14,0.6,0.6,17:15:00,/en/matches/47a1a48a/Angers-Montpellier-April-13-2025-Ligue-1
FRA-Ligue 1,2425,Angers,2025-04-20 Nice-Angers,2025-04-20,Matchweek 30,Sun,Away,L,1,2,Nice,1,6,3,50.0,0.17,0.33,13.4,0.0,0,0,0.4,0.4,0.07,0.6,0.6,17:15:00,/en/matches/44e5cf44/Nice-Angers-April-20-2025-Ligue-1
FRA-Ligue 1,2425,Angers,2025-04-27 Angers-Lille,2025-04-27,Matchweek 31,Sun,Home,L,0,2,Lille,0,6,3,50.0,0.0,0.0,17.6,0.0,0,0,0.7,0.7,0.11,-0.7,-0.7,15:00:00,/en/matches/af631621/Angers-Lille-April-27-2025-Ligue-1
FRA-Ligue 1,2425,Angers,2025-05-04 Nantes-Angers,2025-05-04,Matchweek 32,Sun,Away,W,1,0,Nantes,1,14,2,14.3,0.07,0.5,17.2,0.0,0,0,1.1,1.1,0.08,-0.1,-0.1,15:00:00,/en/matches/e467e10c/Nantes-Angers-May-4-2025-Ligue-1
FRA-Ligue 1,2425,Angers,2025-05-10 Angers-Strasbourg,2025-05-10,Matchweek 33,Sat,Home,W,2,1,Strasbourg,2,5,2,40.0,0.4,1.0,13.6,0.0,0,0,0.7,0.7,0.14,1.3,1.3,21:00:00,/en/matches/fafe26a4/Angers-Strasbourg-May-10-2025-Ligue-1
FRA-Ligue 1,2425,Angers,2025-05-17 Lyon-Angers,2025-05-17,Matchweek 34,Sat,Away,L,0,2,Lyon,0,13,3,23.1,0.0,0.0,21.8,1.0,0,0,0.5,0.5,0.04,-0.5,-0.5,21:00:00,/en/matches/5042cc91/Lyon-Angers-May-17-2025-Ligue-1
FRA-Ligue 1,2425,Auxerre,2024-08-18 Auxerre-Nice,2024-08-18,Matchweek 1,Sun,Home,W,2,1,Nice,2,16,7,43.8,0.13,0.29,16.0,1.0,0,0,1.8,1.8,0.12,0.2,0.2,15:00:00,/en/matches/18a24a50/Auxerre-Nice-August-18-2024-Ligue-1
FRA-Ligue 1,2425,Auxerre,2024-08-25 Nantes-Auxerre,2024-08-25,Matchweek 2,Sun,Away,L,0,2,Nantes,0,12,3,25.0,0.0,0.0,16.4,0.0,0,0,1.1,1.1,0.09,-1.1,-1.1,17:00:00,/en/matches/57fe0d50/Nantes-Auxerre-August-25-2024-Ligue-1
FRA-Ligue 1,2425,Auxerre,2024-09-01 Le Havre-Auxerre,2024-09-01,Matchweek 3,Sun,Away,L,1,3,Le Havre,1,7,3,42.9,0.14,0.33,25.0,1.0,0,0,0.6,0.6,0.08,0.4,0.4,17:00:00,/en/matches/3bc2668a/Le-Havre-Auxerre-September-1-2024-Ligue-1
FRA-Ligue 1,2425,Auxerre,2024-09-14 Auxerre-Monaco,2024-09-14,Matchweek 4,Sat,Home,L,0,3,Monaco,0,13,3,23.1,0.0,0.0,21.7,0.0,0,0,0.6,0.6,0.04,-0.6,-0.6,19:00:00,/en/matches/b4fb60b5/Auxerre-Monaco-September-14-2024-Ligue-1
FRA-Ligue 1,2425,Auxerre,2024-09-22 Montpellier-Auxerre,2024-09-22,Matchweek 5,Sun,Away,L,2,3,Montpellier,2,11,5,45.5,0.18,0.4,13.5,0.0,0,0,1.2,1.2,0.12,0.8,0.8,17:00:00,/en/matches/ac95cb33/Montpellier-Auxerre-September-22-2024-Ligue-1
FRA-Ligue 1,2425,Auxerre,2024-09-27 Auxerre-Brest,2024-09-27,Matchweek 6,Fri,Home,W,3,0,Brest,3,14,3,21.4,0.14,0.67,16.7,1.0,1,1,2.5,1.8,0.13,0.5,0.2,19:00:00,/en/matches/8c59509d/Auxerre-Brest-September-27-2024-Ligue-1
FRA-Ligue 1,2425,Auxerre,2024-10-05 Saint-Étienne-Auxerre,2024-10-05,Matchweek 7,Sat,Away,L,1,3,Saint-Étienne,1,11,1,9.1,0.09,1.0,16.5,0.0,0,0,0.8,0.8,0.07,0.2,0.2,17:00:00,/en/matches/752978b2/Saint-Etienne-Auxerre-October-5-2024-Ligue-1
FRA-Ligue 1,2425,Auxerre,2024-10-20 Auxerre-Reims,2024-10-20,Matchweek 8,Sun,Home,W,2,1,Reims,2,9,7,77.8,0.22,0.29,15.5,0.0,0,1,2.8,2.0,0.22,-0.8,0.0,17:00:00,/en/matches/5f02a541/Auxerre-Reims-October-20-2024-Ligue-1
FRA-Ligue 1,2425,Auxerre,2024-10-27 Lyon-Auxerre,2024-10-27,Matchweek 9,Sun,Away,D,2,2,Lyon,2,19,5,26.3,0.11,0.4,16.0,0.0,0,0,1.5,1.5,0.08,0.5,0.5,15:00:00,/en/matches/bd02e3b4/Lyon-Auxerre-October-27-2024-Ligue-1
FRA-Ligue 1,2425,Auxerre,2024-11-03 Auxerre-Rennes,2024-11-03,Matchweek 10,Sun,Home,W,4,0,Rennes,4,15,7,46.7,0.2,0.43,17.6,0.0,1,1,2.8,2.0,0.13,1.2,1.0,17:00:00,/en/matches/acc30562/Auxerre-Rennes-November-3-2024-Ligue-1
FRA-Ligue 1,2425,Auxerre,2024-11-08 Marseille-Auxerre,2024-11-08,Matchweek 11,Fri,Away,W,3,1,Marseille,3,10,6,60.0,0.3,0.5,18.0,0.0,0,0,1.9,1.9,0.19,1.1,1.1,20:45:00,/en/matches/4ab63460/Marseille-Auxerre-November-8-2024-Ligue-1
FRA-Ligue 1,2425,Auxerre,2024-11-24 Auxerre-Angers,2024-11-24,Matchweek 12,Sun,Home,W,1,0,Angers,1,10,6,60.0,0.1,0.17,19.4,0.0,0,0,0.6,0.6,0.06,0.4,0.4,17:00:00,/en/matches/b1dbd309/Auxerre-Angers-November-24-2024-Ligue-1
FRA-Ligue 1,2425,Auxerre,2024-12-01 Toulouse-Auxerre,2024-12-01,Matchweek 13,Sun,Away,L,0,2,Toulouse,0,4,0,0.0,0.0,,20.0,0.0,0,0,0.2,0.2,0.04,-0.2,-0.2,17:00:00,/en/matches/f81de4c6/Toulouse-Auxerre-December-1-2024-Ligue-1
FRA-Ligue 1,2425,Auxerre,2024-12-06 Auxerre-Paris S-G,2024-12-06,Matchweek 14,Fri,Home,D,0,0,Paris S-G,0,6,2,33.3,0.0,0.0,18.7,0.0,0,0,0.3,0.3,0.04,-0.3,-0.3,21:00:00,/en/matches/9139adc8/Auxerre-Paris-Saint-Germain-December-6-2024-Ligue-1
FRA-Ligue 1,2425,Auxerre,2024-12-14 Auxerre-Lens,2024-12-14,Matchweek 15,Sat,Home,D,2,2,Lens,2,10,3,30.0,0.2,0.67,19.5,1.0,0,0,0.6,0.6,0.06,1.4,1.4,19:00:00,/en/matches/fb7a9227/Auxerre-Lens-December-14-2024-Ligue-1
FRA-Ligue 1,2425,Auxerre,2025-01-05 Strasbourg-Auxerre,2025-01-05,Matchweek 16,Sun,Away,L,1,3,Strasbourg,1,14,7,50.0,0.07,0.14,17.3,1.0,0,0,1.4,1.4,0.1,-0.4,-0.4,15:00:00,/en/matches/d37a723b/Strasbourg-Auxerre-January-5-2025-Ligue-1
FRA-Ligue 1,2425,Auxerre,2025-01-10 Auxerre-Lille,2025-01-10,Matchweek 17,Fri,Home,D,0,0,Lille,0,13,3,23.1,0.0,0.0,19.8,0.0,0,0,0.8,0.8,0.06,-0.8,-0.8,21:05:00,/en/matches/0c8ab7d6/Auxerre-Lille-January-10-2025-Ligue-1
FRA-Ligue 1,2425,Auxerre,2025-01-19 Angers-Auxerre,2025-01-19,Matchweek 18,Sun,Away,L,0,2,Angers,0,10,4,40.0,0.0,0.0,18.7,1.0,0,0,0.7,0.7,0.07,-0.7,-0.7,17:15:00,/en/matches/7419fbdf/Angers-Auxerre-January-19-2025-Ligue-1
FRA-Ligue 1,2425,Auxerre,2025-01-24 Auxerre-Saint-Étienne,2025-01-24,Matchweek 19,Fri,Home,D,1,1,Saint-Étienne,1,11,5,45.5,0.09,0.2,15.9,0.0,0,0,0.8,0.8,0.08,0.2,0.2,20:45:00,/en/matches/7ad35976/Auxerre-Saint-Etienne-January-24-2025-Ligue-1
FRA-Ligue 1,2425,Auxerre,2025-02-01 Monaco-Auxerre,2025-02-01,Matchweek 20,Sat,Away,L,2,4,Monaco,2,11,6,54.5,0.09,0.17,17.9,0.0,1,1,1.2,0.7,0.06,0.8,0.3,19:00:00,/en/matches/e6c9fba7/Monaco-Auxerre-February-1-2025-Ligue-1
FRA-Ligue 1,2425,Auxerre,2025-02-09 Auxerre-Toulouse,2025-02-09,Matchweek 21,Sun,Home,D,2,2,Toulouse,2,9,3,33.3,0.22,0.67,15.5,0.0,0,0,0.9,0.9,0.1,1.1,1.1,17:15:00,/en/matches/0446e883/Auxerre-Toulouse-February-9-2025-Ligue-1
FRA-Ligue 1,2425,Auxerre,2025-02-14 Brest-Auxerre,2025-02-14,Matchweek 22,Fri,Away,D,2,2,Brest,2,11,6,54.5,0.18,0.33,17.9,1.0,0,0,1.2,1.2,0.11,0.8,0.8,20:45:00,/en/matches/94d1ec50/Brest-Auxerre-February-14-2025-Ligue-1
FRA-Ligue 1,2425,Auxerre,2025-02-22 Auxerre-Marseille,2025-02-22,Matchweek 23,Sat,Home,W,3,0,Marseille,3,8,4,50.0,0.25,0.5,14.8,0.0,1,1,2.0,1.2,0.15,1.0,0.8,21:05:00,/en/matches/f26394d7/Auxerre-Marseille-February-22-2025-Ligue-1
FRA-Ligue 1,2425,Auxerre,2025-03-02 Auxerre-Strasbourg,2025-03-02,Matchweek 24,Sun,Home,L,0,1,Strasbourg,0,14,5,35.7,0.0,0.0,13.4,0.0,0,0,2.2,2.2,0.16,-2.2,-2.2,17:15:00,/en/matches/370220dd/Auxerre-Strasbourg-March-2-2025-Ligue-1
FRA-Ligue 1,2425,Auxerre,2025-03-09 Reims-Auxerre,2025-03-09,Matchweek 25,Sun,Away,W,2,0,Reims,2,13,9,69.2,0.15,0.22,14.3,0.0,0,0,2.1,2.1,0.17,-0.1,-0.1,17:15:00,/en/matches/5a7ff7ce/Reims-Auxerre-March-9-2025-Ligue-1
FRA-Ligue 1,2425,Auxerre,2025-03-14 Nice-Auxerre,2025-03-14,Matchweek 26,Fri,Away,D,1,1,Nice,1,10,4,40.0,0.1,0.25,19.3,0.0,0,0,0.7,0.7,0.07,0.3,0.3,20:45:00,/en/matches/e91c00b1/Nice-Auxerre-March-14-2025-Ligue-1
FRA-Ligue 1,2425,Auxerre,2025-03-30 Auxerre-Montpellier,2025-03-30,Matchweek 27,Sun,Home,W,1,0,Montpellier,1,21,6,28.6,0.05,0.17,18.4,1.0,0,0,2.1,2.1,0.1,-1.1,-1.1,17:15:00,/en/matches/dea614ff/Auxerre-Montpellier-March-30-2025-Ligue-1
FRA-Ligue 1,2425,Auxerre,2025-04-06 Rennes-Auxerre,2025-04-06,Matchweek 28,Sun,Away,W,1,0,Rennes,1,11,3,27.3,0.09,0.33,19.9,1.0,0,0,0.8,0.8,0.08,0.2,0.2,17:15:00,/en/matches/cd76c50c/Rennes-Auxerre-April-6-2025-Ligue-1
FRA-Ligue 1,2425,Auxerre,2025-04-13 Auxerre-Lyon,2025-04-13,Matchweek 29,Sun,Home,L,1,3,Lyon,1,14,2,14.3,0.07,0.5,22.1,1.0,0,0,0.7,0.7,0.05,0.3,0.3,20:45:00,/en/matches/bef8bbc1/Auxerre-Lyon-April-13-2025-Ligue-1
FRA-Ligue 1,2425,Auxerre,2025-04-20 Lille-Auxerre,2025-04-20,Matchweek 30,Sun,Away,L,1,3,Lille,0,6,2,33.3,0.0,0.0,20.0,0.0,0,0,0.3,0.3,0.05,-0.3,-0.3,15:00:00,/en/matches/dfc19892/Lille-Auxerre-April-20-2025-Ligue-1
FRA-Ligue 1,2425,Auxerre,2025-04-27 Lens-Auxerre,2025-04-27,Matchweek 31,Sun,Away,W,4,0,Lens,4,12,8,66.7,0.33,0.5,13.0,0.0,0,0,2.6,2.6,0.22,1.4,1.4,17:15:00,/en/matches/0745c59f/Lens-Auxerre-April-27-2025-Ligue-1
FRA-Ligue 1,2425,Auxerre,2025-05-04 Auxerre-Le Havre,2025-05-04,Matchweek 32,Sun,Home,L,1,2,Le Havre,1,4,1,25.0,0.25,1.0,15.2,0.0,0,0,0.2,0.2,0.06,0.8,0.8,17:15:00,/en/matches/c08af981/Auxerre-Le-Havre-May-4-2025-Ligue-1
FRA-Ligue 1,2425,Auxerre,2025-05-10 Auxerre-Nantes,2025-05-10,Matchweek 33,Sat,Home,D,1,1,Nantes,1,9,3,33.3,0.11,0.33,17.1,0.0,0,0,0.4,0.4,0.05,0.6,0.6,21:00:00,/en/matches/2cfd2ba4/Auxerre-Nantes-May-10-2025-Ligue-1
FRA-Ligue 1,2425,Auxerre,2025-05-17 Paris S-G-Auxerre,2025-05-17,Matchweek 34,Sat,Away,L,1,3,Paris S-G,1,7,2,28.6,0.14,0.5,17.2,0.0,0,0,0.6,0.6,0.08,0.4,0.4,21:00:00,/en/matches/695f3d84/Paris-Saint-Germain-Auxerre-May-17-2025-Ligue-1
FRA-Ligue 1,2425,Brest,2024-08-17 Brest-Marseille,2024-08-17,Matchweek 1,Sat,Home,L,1,5,Marseille,1,9,6,66.7,0.11,0.17,21.1,0.0,0,1,1.3,0.5,0.06,-0.3,0.5,17:00:00,/en/matches/35c1995a/Brest-Marseille-August-17-2024-Ligue-1
FRA-Ligue 1,2425,Brest,2024-08-25 Lens-Brest,2024-08-25,Matchweek 2,Sun,Away,L,0,2,Lens,0,11,2,18.2,0.0,0.0,15.2,0.0,0,0,0.9,0.9,0.08,-0.9,-0.9,15:00:00,/en/matches/7fe11a31/Lens-Brest-August-25-2024-Ligue-1
FRA-Ligue 1,2425,Brest,2024-08-31 Brest-Saint-Étienne,2024-08-31,Matchweek 3,Sat,Home,W,4,0,Saint-Étienne,4,20,6,30.0,0.1,0.33,15.9,1.0,2,2,3.1,1.5,0.08,0.9,0.5,17:00:00,/en/matches/82c19aa6/Brest-Saint-Etienne-August-31-2024-Ligue-1
FRA-Ligue 1,2425,Brest,2024-09-14 Paris S-G-Brest,2024-09-14,Matchweek 4,Sat,Away,L,1,3,Paris S-G,1,4,2,50.0,0.0,0.0,26.5,0.0,1,1,1.0,0.2,0.05,0.0,-0.2,21:00:00,/en/matches/f22a7db0/Paris-Saint-Germain-Brest-September-14-2024-Ligue-1
FRA-Ligue 1,2425,Brest,2024-09-22 Brest-Toulouse,2024-09-22,Matchweek 5,Sun,Home,W,2,0,Toulouse,2,8,5,62.5,0.25,0.4,18.6,0.0,0,0,0.5,0.5,0.06,1.5,1.5,17:00:00,/en/matches/7cbba12e/Brest-Toulouse-September-22-2024-Ligue-1
FRA-Ligue 1,2425,Brest,2024-09-27 Auxerre-Brest,2024-09-27,Matchweek 6,Fri,Away,L,0,3,Auxerre,0,8,4,50.0,0.0,0.0,14.8,0.0,0,0,0.8,0.8,0.1,-0.8,-0.8,19:00:00,/en/matches/8c59509d/Auxerre-Brest-September-27-2024-Ligue-1
FRA-Ligue 1,2425,Brest,2024-10-06 Brest-Le Havre,2024-10-06,Matchweek 7,Sun,Home,W,2,0,Le Havre,2,8,3,37.5,0.25,0.67,16.9,0.0,0,0,0.7,0.7,0.09,1.3,1.3,17:00:00,/en/matches/efe178e7/Brest-Le-Havre-October-6-2024-Ligue-1
FRA-Ligue 1,2425,Brest,2024-10-19 Brest-Rennes,2024-10-19,Matchweek 8,Sat,Home,D,1,1,Rennes,1,11,1,9.1,0.0,0.0,21.1,0.0,1,1,1.5,0.7,0.06,-0.5,-0.7,17:00:00,/en/matches/e2a10c83/Brest-Rennes-October-19-2024-Ligue-1
FRA-Ligue 1,2425,Brest,2024-10-26 Reims-Brest,2024-10-26,Matchweek 9,Sat,Away,W,2,1,Reims,2,12,3,25.0,0.08,0.33,21.1,1.0,1,1,1.5,0.7,0.06,0.5,0.3,19:00:00,/en/matches/6e7b242b/Reims-Brest-October-26-2024-Ligue-1
FRA-Ligue 1,2425,Brest,2024-11-02 Brest-Nice,2024-11-02,Matchweek 10,Sat,Home,L,0,1,Nice,0,16,6,37.5,0.0,0.0,17.1,0.0,0,0,1.0,1.0,0.06,-1.0,-1.0,19:00:00,/en/matches/0fab1c2f/Brest-Nice-November-2-2024-Ligue-1
FRA-Ligue 1,2425,Brest,2024-11-10 Montpellier-Brest,2024-11-10,Matchweek 11,Sun,Away,L,1,3,Montpellier,1,19,6,31.6,0.05,0.17,17.6,1.0,0,0,0.9,0.9,0.05,0.1,0.1,17:00:00,/en/matches/8ab9a941/Montpellier-Brest-November-10-2024-Ligue-1
FRA-Ligue 1,2425,Brest,2024-11-22 Monaco-Brest,2024-11-22,Matchweek 12,Fri,Away,L,2,3,Monaco,2,12,4,33.3,0.17,0.5,16.1,0.0,0,0,1.0,1.0,0.09,1.0,1.0,19:00:00,/en/matches/48a28747/Monaco-Brest-November-22-2024-Ligue-1
FRA-Ligue 1,2425,Brest,2024-11-30 Brest-Strasbourg,2024-11-30,Matchweek 13,Sat,Home,W,3,1,Strasbourg,3,9,6,66.7,0.22,0.33,18.1,0.0,1,2,2.5,0.9,0.1,0.5,1.1,19:00:00,/en/matches/197cb3bb/Brest-Strasbourg-November-30-2024-Ligue-1
FRA-Ligue 1,2425,Brest,2024-12-06 Lille-Brest,2024-12-06,Matchweek 14,Fri,Away,L,1,3,Lille,1,7,3,42.9,0.14,0.33,20.3,1.0,0,0,0.7,0.7,0.09,0.3,0.3,19:00:00,/en/matches/5b3adec0/Lille-Brest-December-6-2024-Ligue-1
FRA-Ligue 1,2425,Brest,2024-12-15 Brest-Nantes,2024-12-15,Matchweek 15,Sun,Home,W,4,1,Nantes,4,13,8,61.5,0.31,0.5,17.8,0.0,0,0,2.0,2.0,0.15,2.0,2.0,17:00:00,/en/matches/59e6278a/Brest-Nantes-December-15-2024-Ligue-1
FRA-Ligue 1,2425,Brest,2025-01-05 Angers-Brest,2025-01-05,Matchweek 16,Sun,Away,L,0,2,Angers,0,12,4,33.3,0.0,0.0,14.8,0.0,0,0,1.0,1.0,0.08,-1.0,-1.0,15:00:00,/en/matches/be2eba6e/Angers-Brest-January-5-2025-Ligue-1
FRA-Ligue 1,2425,Brest,2025-01-11 Brest-Lyon,2025-01-11,Matchweek 17,Sat,Home,W,2,1,Lyon,2,11,6,54.5,0.18,0.33,16.0,0.0,0,0,1.1,1.1,0.1,0.9,0.9,17:00:00,/en/matches/561e5c4a/Brest-Lyon-January-11-2025-Ligue-1
FRA-Ligue 1,2425,Brest,2025-01-18 Rennes-Brest,2025-01-18,Matchweek 18,Sat,Away,W,2,1,Rennes,2,10,3,30.0,0.2,0.67,15.8,0.0,0,0,1.0,1.0,0.1,1.0,1.0,19:00:00,/en/matches/39a945d8/Rennes-Brest-January-18-2025-Ligue-1
FRA-Ligue 1,2425,Brest,2025-01-26 Le Havre-Brest,2025-01-26,Matchweek 19,Sun,Away,W,1,0,Le Havre,1,17,7,41.2,0.06,0.14,15.3,1.0,0,0,2.0,2.0,0.12,-1.0,-1.0,15:00:00,/en/matches/6f8dc12d/Le-Havre-Brest-January-26-2025-Ligue-1
FRA-Ligue 1,2425,Brest,2025-02-01 Brest-Paris S-G,2025-02-01,Matchweek 20,Sat,Home,L,2,5,Paris S-G,2,14,7,50.0,0.14,0.29,20.1,0.0,0,0,0.9,0.9,0.06,1.1,1.1,17:00:00,/en/matches/c84f91ac/Brest-Paris-Saint-Germain-February-1-2025-Ligue-1
FRA-Ligue 1,2425,Brest,2025-02-07 Nantes-Brest,2025-02-07,Matchweek 21,Fri,Away,W,2,0,Nantes,2,10,6,60.0,0.2,0.33,19.0,0.0,0,0,2.5,2.5,0.25,-0.5,-0.5,19:00:00,/en/matches/606c7cad/Nantes-Brest-February-7-2025-Ligue-1
FRA-Ligue 1,2425,Brest,2025-02-14 Brest-Auxerre,2025-02-14,Matchweek 22,Fri,Home,D,2,2,Auxerre,2,18,6,33.3,0.11,0.33,15.4,0.0,0,0,2.2,2.2,0.12,-0.2,-0.2,20:45:00,/en/matches/94d1ec50/Brest-Auxerre-February-14-2025-Ligue-1
FRA-Ligue 1,2425,Brest,2025-02-23 Strasbourg-Brest,2025-02-23,Matchweek 23,Sun,Away,D,0,0,Strasbourg,0,12,2,16.7,0.0,0.0,17.7,0.0,0,0,0.6,0.6,0.05,-0.6,-0.6,17:15:00,/en/matches/585be98f/Strasbourg-Brest-February-23-2025-Ligue-1
FRA-Ligue 1,2425,Brest,2025-03-02 Lyon-Brest,2025-03-02,Matchweek 24,Sun,Away,L,1,2,Lyon,1,14,4,28.6,0.0,0.0,18.3,0.0,1,1,2.0,1.2,0.09,-1.0,-1.2,15:00:00,/en/matches/9e7b9e2a/Lyon-Brest-March-2-2025-Ligue-1
FRA-Ligue 1,2425,Brest,2025-03-09 Brest-Angers,2025-03-09,Matchweek 25,Sun,Home,W,2,0,Angers,2,19,7,36.8,0.11,0.29,11.2,0.0,0,0,3.5,3.5,0.22,-1.5,-1.5,15:00:00,/en/matches/0723e59a/Brest-Angers-March-9-2025-Ligue-1
FRA-Ligue 1,2425,Brest,2025-03-16 Brest-Reims,2025-03-16,Matchweek 26,Sun,Home,D,0,0,Reims,0,11,0,0.0,0.0,,22.6,1.0,0,0,0.3,0.3,0.03,-0.3,-0.3,17:15:00,/en/matches/28e7c1e6/Brest-Reims-March-16-2025-Ligue-1
FRA-Ligue 1,2425,Brest,2025-03-30 Toulouse-Brest,2025-03-30,Matchweek 27,Sun,Away,W,4,2,Toulouse,4,10,5,50.0,0.4,0.8,12.0,0.0,0,0,1.3,1.3,0.14,2.7,2.7,15:00:00,/en/matches/b33c5901/Toulouse-Brest-March-30-2025-Ligue-1
FRA-Ligue 1,2425,Brest,2025-04-05 Brest-Monaco,2025-04-05,Matchweek 28,Sat,Home,W,2,1,Monaco,2,13,5,38.5,0.15,0.4,18.5,0.0,0,0,1.0,1.0,0.08,1.0,1.0,19:00:00,/en/matches/3b8a372d/Brest-Monaco-April-5-2025-Ligue-1
FRA-Ligue 1,2425,Brest,2025-04-13 Saint-Étienne-Brest,2025-04-13,Matchweek 29,Sun,Away,D,3,3,Saint-Étienne,3,13,5,38.5,0.23,0.6,15.0,0.0,0,0,1.5,1.5,0.12,1.5,1.5,15:00:00,/en/matches/8a453c4e/Saint-Etienne-Brest-April-13-2025-Ligue-1
FRA-Ligue 1,2425,Brest,2025-04-20 Brest-Lens,2025-04-20,Matchweek 30,Sun,Home,L,1,3,Lens,1,11,5,45.5,0.09,0.2,19.5,0.0,0,0,1.0,1.0,0.09,0.0,0.0,17:15:00,/en/matches/1e5241b4/Brest-Lens-April-20-2025-Ligue-1
FRA-Ligue 1,2425,Brest,2025-04-27 Marseille-Brest,2025-04-27,Matchweek 31,Sun,Away,L,1,4,Marseille,1,9,4,44.4,0.11,0.25,11.7,0.0,0,0,1.2,1.2,0.16,-0.2,-0.2,20:45:00,/en/matches/d0c58dd5/Marseille-Brest-April-27-2025-Ligue-1
FRA-Ligue 1,2425,Brest,2025-05-04 Brest-Montpellier,2025-05-04,Matchweek 32,Sun,Home,W,1,0,Montpellier,1,16,5,31.3,0.06,0.2,15.8,1.0,0,0,1.1,1.1,0.07,-0.1,-0.1,17:15:00,/en/matches/14d0b54f/Brest-Montpellier-May-4-2025-Ligue-1
FRA-Ligue 1,2425,Brest,2025-05-10 Brest-Lille,2025-05-10,Matchweek 33,Sat,Home,W,2,0,Lille,2,12,4,33.3,0.17,0.5,15.3,0.0,0,0,1.2,1.2,0.1,0.8,0.8,21:00:00,/en/matches/21a8a9a9/Brest-Lille-May-10-2025-Ligue-1
FRA-Ligue 1,2425,Brest,2025-05-17 Nice-Brest,2025-05-17,Matchweek 34,Sat,Away,L,0,6,Nice,0,10,1,10.0,0.0,0.0,17.8,0.0,0,0,0.9,0.9,0.09,-0.9,-0.9,21:00:00,/en/matches/4ff4d64e/Nice-Brest-May-17-2025-Ligue-1
FRA-Ligue 1,2425,Le Havre,2024-08-16 Le Havre-Paris S-G,2024-08-16,Matchweek 1,Fri,Home,L,1,4,Paris S-G,1,5,2,40.0,0.2,0.5,19.1,0.0,0,0,0.2,0.2,0.04,0.8,0.8,20:45:00,/en/matches/a6b98e33/Le-Havre-Paris-Saint-Germain-August-16-2024-Ligue-1
FRA-Ligue 1,2425,Le Havre,2024-08-24 Saint-Étienne-Le Havre,2024-08-24,Matchweek 2,Sat,Away,W,2,0,Saint-Étienne,2,13,4,30.8,0.08,0.25,20.4,0.0,1,1,2.4,1.6,0.12,-0.4,-0.6,21:00:00,/en/matches/fd677aba/Saint-Etienne-Le-Havre-August-24-2024-Ligue-1
FRA-Ligue 1,2425,Le Havre,2024-09-01 Le Havre-Auxerre,2024-09-01,Matchweek 3,Sun,Home,W,3,1,Auxerre,2,21,7,33.3,0.05,0.14,19.8,1.0,1,1,2.8,2.0,0.09,-0.8,-1.0,17:00:00,/en/matches/3bc2668a/Le-Havre-Auxerre-September-1-2024-Ligue-1
FRA-Ligue 1,2425,Le Havre,2024-09-15 Toulouse-Le Havre,2024-09-15,Matchweek 4,Sun,Away,L,0,2,Toulouse,0,5,3,60.0,0.0,0.0,29.0,0.0,0,0,0.2,0.2,0.04,-0.2,-0.2,17:00:00,/en/matches/f4982a54/Toulouse-Le-Havre-September-15-2024-Ligue-1
FRA-Ligue 1,2425,Le Havre,2024-09-22 Monaco-Le Havre,2024-09-22,Matchweek 5,Sun,Away,L,1,3,Monaco,1,8,1,12.5,0.13,1.0,19.3,0.0,0,0,0.6,0.6,0.07,0.4,0.4,15:00:00,/en/matches/017d7a9d/Monaco-Le-Havre-September-22-2024-Ligue-1
FRA-Ligue 1,2425,Le Havre,2024-09-28 Le Havre-Lille,2024-09-28,Matchweek 6,Sat,Home,L,0,3,Lille,0,7,4,57.1,0.0,0.0,19.1,0.0,0,0,0.4,0.4,0.06,-0.4,-0.4,19:00:00,/en/matches/e08ccde6/Le-Havre-Lille-September-28-2024-Ligue-1
FRA-Ligue 1,2425,Le Havre,2024-10-06 Brest-Le Havre,2024-10-06,Matchweek 7,Sun,Away,L,0,2,Brest,0,14,0,0.0,0.0,,17.3,1.0,0,0,1.0,1.0,0.08,-1.0,-1.0,17:00:00,/en/matches/efe178e7/Brest-Le-Havre-October-6-2024-Ligue-1
FRA-Ligue 1,2425,Le Havre,2024-10-20 Le Havre-Lyon,2024-10-20,Matchweek 8,Sun,Home,L,0,4,Lyon,0,7,1,14.3,0.0,0.0,20.0,1.0,0,0,0.4,0.4,0.06,-0.4,-0.4,15:00:00,/en/matches/b12f8ecd/Le-Havre-Lyon-October-20-2024-Ligue-1
FRA-Ligue 1,2425,Le Havre,2024-10-25 Rennes-Le Havre,2024-10-25,Matchweek 9,Fri,Away,L,0,1,Rennes,0,5,1,20.0,0.0,0.0,15.9,0.0,0,0,0.4,0.4,0.09,-0.4,-0.4,20:45:00,/en/matches/603efa49/Rennes-Le-Havre-October-25-2024-Ligue-1
FRA-Ligue 1,2425,Le Havre,2024-11-03 Le Havre-Montpellier,2024-11-03,Matchweek 10,Sun,Home,W,1,0,Montpellier,1,11,3,27.3,0.0,0.0,20.9,0.0,1,1,2.2,1.4,0.13,-1.2,-1.4,17:00:00,/en/matches/a537aa6e/Le-Havre-Montpellier-November-3-2024-Ligue-1
FRA-Ligue 1,2425,Le Havre,2024-11-10 Le Havre-Reims,2024-11-10,Matchweek 11,Sun,Home,L,0,3,Reims,0,10,3,30.0,0.0,0.0,14.4,1.0,0,0,1.4,1.4,0.14,-1.4,-1.4,17:00:00,/en/matches/63390fe7/Le-Havre-Reims-November-10-2024-Ligue-1
FRA-Ligue 1,2425,Le Havre,2024-11-24 Nantes-Le Havre,2024-11-24,Matchweek 12,Sun,Away,W,2,0,Nantes,1,7,3,42.9,0.14,0.33,12.8,0.0,0,0,0.9,0.9,0.14,0.1,0.1,17:00:00,/en/matches/a27a021f/Nantes-Le-Havre-November-24-2024-Ligue-1
FRA-Ligue 1,2425,Le Havre,2024-12-01 Le Havre-Angers,2024-12-01,Matchweek 13,Sun,Home,L,0,1,Angers,0,5,1,20.0,0.0,0.0,21.7,0.0,0,0,0.3,0.3,0.05,-0.3,-0.3,17:00:00,/en/matches/b9d2f3b2/Le-Havre-Angers-December-1-2024-Ligue-1
FRA-Ligue 1,2425,Le Havre,2024-12-07 Nice-Le Havre,2024-12-07,Matchweek 14,Sat,Away,L,1,2,Nice,1,12,1,8.3,0.08,1.0,15.4,1.0,0,0,1.1,1.1,0.09,-0.1,-0.1,19:00:00,/en/matches/3a9f8a55/Nice-Le-Havre-December-7-2024-Ligue-1
FRA-Ligue 1,2425,Le Havre,2024-12-15 Le Havre-Strasbourg,2024-12-15,Matchweek 15,Sun,Home,L,0,3,Strasbourg,0,10,1,10.0,0.0,0.0,14.1,0.0,0,0,0.9,0.9,0.09,-0.9,-0.9,17:00:00,/en/matches/e1e508ce/Le-Havre-Strasbourg-December-15-2024-Ligue-1
FRA-Ligue 1,2425,Le Havre,2025-01-05 Marseille-Le Havre,2025-01-05,Matchweek 16,Sun,Away,L,1,5,Marseille,1,4,1,25.0,0.25,1.0,14.7,0.0,0,0,0.4,0.4,0.11,0.6,0.6,20:45:00,/en/matches/312fef53/Marseille-Le-Havre-January-5-2025-Ligue-1
FRA-Ligue 1,2425,Le Havre,2025-01-12 Le Havre-Lens,2025-01-12,Matchweek 17,Sun,Home,L,1,2,Lens,1,8,4,50.0,0.13,0.25,12.0,0.0,0,0,1.5,1.5,0.25,-0.5,-0.5,15:00:00,/en/matches/63d7285c/Le-Havre-Lens-January-12-2025-Ligue-1
FRA-Ligue 1,2425,Le Havre,2025-01-19 Reims-Le Havre,2025-01-19,Matchweek 18,Sun,Away,D,1,1,Reims,1,7,2,28.6,0.14,0.5,14.0,0.0,0,0,0.8,0.8,0.15,0.2,0.2,17:15:00,/en/matches/7e7a280a/Reims-Le-Havre-January-19-2025-Ligue-1
FRA-Ligue 1,2425,Le Havre,2025-01-26 Le Havre-Brest,2025-01-26,Matchweek 19,Sun,Home,L,0,1,Brest,0,11,1,9.1,0.0,0.0,15.3,0.0,0,0,1.0,1.0,0.09,-1.0,-1.0,15:00:00,/en/matches/6f8dc12d/Le-Havre-Brest-January-26-2025-Ligue-1
FRA-Ligue 1,2425,Le Havre,2025-02-02 Angers-Le Havre,2025-02-02,Matchweek 20,Sun,Away,D,1,1,Angers,1,13,5,38.5,0.08,0.2,15.9,0.0,0,0,2.2,2.2,0.17,-1.2,-1.2,17:15:00,/en/matches/dc2dc241/Angers-Le-Havre-February-2-2025-Ligue-1
FRA-Ligue 1,2425,Le Havre,2025-02-08 Lille-Le Havre,2025-02-08,Matchweek 21,Sat,Away,W,2,1,Lille,2,14,6,42.9,0.14,0.33,12.2,0.0,0,0,1.8,1.8,0.15,0.2,0.2,19:00:00,/en/matches/8c539e02/Lille-Le-Havre-February-8-2025-Ligue-1
FRA-Ligue 1,2425,Le Havre,2025-02-16 Le Havre-Nice,2025-02-16,Matchweek 22,Sun,Home,L,1,3,Nice,1,14,4,28.6,0.07,0.25,16.4,0.0,0,0,0.7,0.7,0.05,0.3,0.3,17:15:00,/en/matches/e62361b8/Le-Havre-Nice-February-16-2025-Ligue-1
FRA-Ligue 1,2425,Le Havre,2025-02-23 Le Havre-Toulouse,2025-02-23,Matchweek 23,Sun,Home,L,1,4,Toulouse,1,11,3,27.3,0.09,0.33,18.5,0.0,0,0,0.8,0.8,0.07,0.2,0.2,17:15:00,/en/matches/8284b7f6/Le-Havre-Toulouse-February-23-2025-Ligue-1
FRA-Ligue 1,2425,Le Havre,2025-03-01 Lens-Le Havre,2025-03-01,Matchweek 24,Sat,Away,W,4,3,Lens,4,7,3,42.9,0.43,1.0,18.7,0.0,1,1,1.5,0.7,0.1,2.5,2.3,19:00:00,/en/matches/f0429a72/Lens-Le-Havre-March-1-2025-Ligue-1
FRA-Ligue 1,2425,Le Havre,2025-03-09 Le Havre-Saint-Étienne,2025-03-09,Matchweek 25,Sun,Home,D,1,1,Saint-Étienne,1,12,5,41.7,0.08,0.2,18.1,2.0,0,1,2.0,1.1,0.1,-1.0,-0.1,17:15:00,/en/matches/7055dbbe/Le-Havre-Saint-Etienne-March-9-2025-Ligue-1
FRA-Ligue 1,2425,Le Havre,2025-03-16 Lyon-Le Havre,2025-03-16,Matchweek 26,Sun,Away,L,2,4,Lyon,2,13,4,30.8,0.08,0.25,20.1,0.0,1,1,1.7,0.9,0.07,0.3,0.1,15:00:00,/en/matches/4876084b/Lyon-Le-Havre-March-16-2025-Ligue-1
FRA-Ligue 1,2425,Le Havre,2025-03-30 Le Havre-Nantes,2025-03-30,Matchweek 27,Sun,Home,W,3,2,Nantes,3,14,3,21.4,0.07,0.33,16.0,0.0,2,2,4.0,2.4,0.21,-1.0,-1.4,17:15:00,/en/matches/a48ef3f0/Le-Havre-Nantes-March-30-2025-Ligue-1
FRA-Ligue 1,2425,Le Havre,2025-04-06 Montpellier-Le Havre,2025-04-06,Matchweek 28,Sun,Away,W,2,0,Montpellier,2,13,4,30.8,0.15,0.5,20.7,2.0,0,0,1.4,1.4,0.11,0.6,0.6,17:15:00,/en/matches/0f9ee6ec/Montpellier-Le-Havre-April-6-2025-Ligue-1
FRA-Ligue 1,2425,Le Havre,2025-04-13 Le Havre-Rennes,2025-04-13,Matchweek 29,Sun,Home,L,1,5,Rennes,1,11,2,18.2,0.09,0.5,24.6,3.0,0,0,0.6,0.6,0.06,0.4,0.4,17:15:00,/en/matches/9c967c61/Le-Havre-Rennes-April-13-2025-Ligue-1
FRA-Ligue 1,2425,Le Havre,2025-04-19 Paris S-G-Le Havre,2025-04-19,Matchweek 30,Sat,Away,L,1,2,Paris S-G,1,9,1,11.1,0.11,1.0,18.6,0.0,0,0,0.5,0.5,0.06,0.5,0.5,17:00:00,/en/matches/8e397189/Paris-Saint-Germain-Le-Havre-April-19-2025-Ligue-1
FRA-Ligue 1,2425,Le Havre,2025-04-26 Le Havre-Monaco,2025-04-26,Matchweek 31,Sat,Home,D,1,1,Monaco,1,9,3,33.3,0.11,0.33,21.5,0.0,0,0,0.5,0.5,0.05,0.5,0.5,19:00:00,/en/matches/6ec53da1/Le-Havre-Monaco-April-26-2025-Ligue-1
FRA-Ligue 1,2425,Le Havre,2025-05-04 Auxerre-Le Havre,2025-05-04,Matchweek 32,Sun,Away,W,2,1,Auxerre,1,11,5,45.5,0.09,0.2,13.7,0.0,0,0,1.5,1.5,0.14,-0.5,-0.5,17:15:00,/en/matches/c08af981/Auxerre-Le-Havre-May-4-2025-Ligue-1
FRA-Ligue 1,2425,Le Havre,2025-05-10 Le Havre-Marseille,2025-05-10,Matchweek 33,Sat,Home,L,1,3,Marseille,1,10,3,30.0,0.1,0.33,14.3,2.0,0,0,0.9,0.9,0.1,0.1,0.1,21:00:00,/en/matches/7064d72a/Le-Havre-Marseille-May-10-2025-Ligue-1
FRA-Ligue 1,2425,Le Havre,2025-05-17 Strasbourg-Le Havre,2025-05-17,Matchweek 34,Sat,Away,W,3,2,Strasbourg,3,8,3,37.5,0.13,0.33,25.0,0.0,2,2,2.5,0.9,0.12,0.5,0.1,21:00:00,/en/matches/51aaa97c/Strasbourg-Le-Havre-May-17-2025-Ligue-1
FRA-Ligue 1,2425,Lens,2024-08-18 Angers-Lens,2024-08-18,Matchweek 1,Sun,Away,W,1,0,Angers,1,10,4,40.0,0.1,0.25,16.2,0.0,0,0,1.2,1.2,0.12,-0.2,-0.2,17:00:00,/en/matches/cabadc94/Angers-Lens-August-18-2024-Ligue-1
FRA-Ligue 1,2425,Lens,2024-08-25 Lens-Brest,2024-08-25,Matchweek 2,Sun,Home,W,2,0,Brest,1,20,9,45.0,0.05,0.11,14.0,1.0,0,0,2.9,2.9,0.15,-1.9,-1.9,15:00:00,/en/matches/7fe11a31/Lens-Brest-August-25-2024-Ligue-1
FRA-Ligue 1,2425,Lens,2024-09-01 Monaco-Lens,2024-09-01,Matchweek 3,Sun,Away,D,1,1,Monaco,1,11,3,27.3,0.0,0.0,17.5,0.0,1,1,2.2,1.4,0.14,-1.2,-1.4,15:00:00,/en/matches/a93b08ff/Monaco-Lens-September-1-2024-Ligue-1
FRA-Ligue 1,2425,Lens,2024-09-15 Lens-Lyon,2024-09-15,Matchweek 4,Sun,Home,D,0,0,Lyon,0,12,4,33.3,0.0,0.0,18.3,0.0,0,0,1.0,1.0,0.09,-1.0,-1.0,20:45:00,/en/matches/6f7e5cde/Lens-Lyon-September-15-2024-Ligue-1
FRA-Ligue 1,2425,Lens,2024-09-21 Rennes-Lens,2024-09-21,Matchweek 5,Sat,Away,D,1,1,Rennes,1,10,2,20.0,0.1,0.5,18.8,1.0,0,0,0.6,0.6,0.06,0.4,0.4,19:00:00,/en/matches/73dc5828/Rennes-Lens-September-21-2024-Ligue-1
FRA-Ligue 1,2425,Lens,2024-09-28 Lens-Nice,2024-09-28,Matchweek 6,Sat,Home,D,0,0,Nice,0,22,6,27.3,0.0,0.0,15.9,0.0,0,0,1.9,1.9,0.09,-1.9,-1.9,17:00:00,/en/matches/340afccd/Lens-Nice-September-28-2024-Ligue-1
FRA-Ligue 1,2425,Lens,2024-10-06 Strasbourg-Lens,2024-10-06,Matchweek 7,Sun,Away,D,2,2,Strasbourg,2,12,5,41.7,0.17,0.4,15.6,0.0,0,0,1.0,1.0,0.08,1.0,1.0,17:00:00,/en/matches/219332d8/Strasbourg-Lens-October-6-2024-Ligue-1
FRA-Ligue 1,2425,Lens,2024-10-19 Saint-Étienne-Lens,2024-10-19,Matchweek 8,Sat,Away,W,2,0,Saint-Étienne,2,13,5,38.5,0.15,0.4,20.5,1.0,0,0,1.2,1.2,0.09,0.8,0.8,19:00:00,/en/matches/0782c73c/Saint-Etienne-Lens-October-19-2024-Ligue-1
FRA-Ligue 1,2425,Lens,2024-10-26 Lens-Lille,2024-10-26,Matchweek 9,Sat,Home,L,0,2,Lille,0,11,4,36.4,0.0,0.0,17.7,0.0,0,0,1.0,1.0,0.1,-1.0,-1.0,21:00:00,/en/matches/ac39189f/Lens-Lille-October-26-2024-Ligue-1
FRA-Ligue 1,2425,Lens,2024-11-02 Paris S-G-Lens,2024-11-02,Matchweek 10,Sat,Away,L,0,1,Paris S-G,0,13,2,15.4,0.0,0.0,15.9,0.0,0,0,0.7,0.7,0.06,-0.7,-0.7,17:00:00,/en/matches/51cd344b/Paris-Saint-Germain-Lens-November-2-2024-Ligue-1
FRA-Ligue 1,2425,Lens,2024-11-09 Lens-Nantes,2024-11-09,Matchweek 11,Sat,Home,W,3,2,Nantes,3,14,2,14.3,0.14,1.0,12.5,0.0,1,1,2.9,2.1,0.16,0.1,-0.1,19:00:00,/en/matches/172c33b7/Lens-Nantes-November-9-2024-Ligue-1
FRA-Ligue 1,2425,Lens,2024-11-23 Lens-Marseille,2024-11-23,Matchweek 12,Sat,Home,L,1,3,Marseille,1,16,7,43.8,0.06,0.14,15.1,0.0,0,0,2.5,2.5,0.18,-1.5,-1.5,17:00:00,/en/matches/01446885/Lens-Marseille-November-23-2024-Ligue-1
FRA-Ligue 1,2425,Lens,2024-11-29 Reims-Lens,2024-11-29,Matchweek 13,Fri,Away,W,2,0,Reims,2,11,6,54.5,0.18,0.33,20.3,0.0,0,0,1.8,1.8,0.17,0.2,0.2,20:45:00,/en/matches/a4c0898c/Reims-Lens-November-29-2024-Ligue-1
FRA-Ligue 1,2425,Lens,2024-12-08 Lens-Montpellier,2024-12-08,Matchweek 14,Sun,Home,W,2,0,Montpellier,1,17,3,17.6,0.06,0.33,18.5,0.0,0,0,1.3,1.3,0.07,-0.3,-0.3,15:00:00,/en/matches/bb9a5ad3/Lens-Montpellier-December-8-2024-Ligue-1
FRA-Ligue 1,2425,Lens,2024-12-14 Auxerre-Lens,2024-12-14,Matchweek 15,Sat,Away,D,2,2,Auxerre,2,16,5,31.3,0.13,0.4,18.2,1.0,0,0,1.6,1.6,0.1,0.4,0.4,19:00:00,/en/matches/fb7a9227/Auxerre-Lens-December-14-2024-Ligue-1
FRA-Ligue 1,2425,Lens,2025-01-05 Lens-Toulouse,2025-01-05,Matchweek 16,Sun,Home,L,0,1,Toulouse,0,14,1,7.1,0.0,0.0,19.5,0.0,0,0,1.4,1.4,0.1,-1.4,-1.4,15:00:00,/en/matches/1f09a51a/Lens-Toulouse-January-5-2025-Ligue-1
FRA-Ligue 1,2425,Lens,2025-01-12 Le Havre-Lens,2025-01-12,Matchweek 17,Sun,Away,W,2,1,Le Havre,2,25,6,24.0,0.08,0.33,12.9,0.0,0,0,2.7,2.7,0.11,-0.7,-0.7,15:00:00,/en/matches/63d7285c/Le-Havre-Lens-January-12-2025-Ligue-1
FRA-Ligue 1,2425,Lens,2025-01-18 Lens-Paris S-G,2025-01-18,Matchweek 18,Sat,Home,L,1,2,Paris S-G,1,10,5,50.0,0.1,0.2,15.3,0.0,0,0,0.7,0.7,0.07,0.3,0.3,17:00:00,/en/matches/f1e63652/Lens-Paris-Saint-Germain-January-18-2025-Ligue-1
FRA-Ligue 1,2425,Lens,2025-01-26 Lens-Angers,2025-01-26,Matchweek 19,Sun,Home,W,1,0,Angers,1,16,4,25.0,0.06,0.25,16.7,0.0,0,0,1.9,1.9,0.12,-0.9,-0.9,17:15:00,/en/matches/5026986a/Lens-Angers-January-26-2025-Ligue-1
FRA-Ligue 1,2425,Lens,2025-01-31 Montpellier-Lens,2025-01-31,Matchweek 20,Fri,Away,W,2,0,Montpellier,2,19,5,26.3,0.11,0.4,16.5,1.0,0,0,2.0,2.0,0.11,0.0,0.0,20:45:00,/en/matches/3652d822/Montpellier-Lens-January-31-2025-Ligue-1
FRA-Ligue 1,2425,Lens,2025-02-08 Nice-Lens,2025-02-08,Matchweek 21,Sat,Away,L,0,2,Nice,0,12,3,25.0,0.0,0.0,19.3,0.0,0,0,1.2,1.2,0.11,-1.2,-1.2,17:00:00,/en/matches/544b155b/Nice-Lens-February-8-2025-Ligue-1
FRA-Ligue 1,2425,Lens,2025-02-16 Lens-Strasbourg,2025-02-16,Matchweek 22,Sun,Home,L,0,2,Strasbourg,0,7,0,0.0,0.0,,19.6,0.0,0,0,0.4,0.4,0.05,-0.4,-0.4,17:15:00,/en/matches/bdcbbf69/Lens-Strasbourg-February-16-2025-Ligue-1
FRA-Ligue 1,2425,Lens,2025-02-23 Nantes-Lens,2025-02-23,Matchweek 23,Sun,Away,L,1,3,Nantes,1,13,3,23.1,0.0,0.0,17.9,0.0,1,1,1.6,1.0,0.08,-0.6,-1.0,15:00:00,/en/matches/24e266d4/Nantes-Lens-February-23-2025-Ligue-1
FRA-Ligue 1,2425,Lens,2025-03-01 Lens-Le Havre,2025-03-01,Matchweek 24,Sat,Home,L,3,4,Le Havre,3,19,6,31.6,0.11,0.33,17.2,0.0,1,1,1.9,1.1,0.06,1.1,0.9,19:00:00,/en/matches/f0429a72/Lens-Le-Havre-March-1-2025-Ligue-1
FRA-Ligue 1,2425,Lens,2025-03-08 Marseille-Lens,2025-03-08,Matchweek 25,Sat,Away,W,1,0,Marseille,1,3,2,66.7,0.33,0.5,12.2,0.0,0,0,0.9,0.9,0.29,0.1,0.1,21:05:00,/en/matches/e5496a7e/Marseille-Lens-March-8-2025-Ligue-1
FRA-Ligue 1,2425,Lens,2025-03-15 Lens-Rennes,2025-03-15,Matchweek 26,Sat,Home,W,1,0,Rennes,1,9,4,44.4,0.11,0.25,15.0,0.0,0,0,0.7,0.7,0.08,0.3,0.3,21:05:00,/en/matches/e042d34f/Lens-Rennes-March-15-2025-Ligue-1
FRA-Ligue 1,2425,Lens,2025-03-30 Lille-Lens,2025-03-30,Matchweek 27,Sun,Away,L,0,1,Lille,0,5,1,20.0,0.0,0.0,13.8,1.0,0,0,0.4,0.4,0.08,-0.4,-0.4,20:45:00,/en/matches/64b7845b/Lille-Lens-March-30-2025-Ligue-1
FRA-Ligue 1,2425,Lens,2025-04-06 Lens-Saint-Étienne,2025-04-06,Matchweek 28,Sun,Home,W,1,0,Saint-Étienne,1,20,5,25.0,0.05,0.2,14.5,1.0,0,0,2.1,2.1,0.11,-1.1,-1.1,15:00:00,/en/matches/859cd779/Lens-Saint-Etienne-April-6-2025-Ligue-1
FRA-Ligue 1,2425,Lens,2025-04-11 Lens-Reims,2025-04-11,Matchweek 29,Fri,Home,L,0,2,Reims,0,37,14,37.8,0.0,0.0,17.8,0.0,0,0,2.9,2.9,0.09,-2.9,-2.9,20:45:00,/en/matches/1fafebba/Lens-Reims-April-11-2025-Ligue-1
FRA-Ligue 1,2425,Lens,2025-04-20 Brest-Lens,2025-04-20,Matchweek 30,Sun,Away,W,3,1,Brest,3,16,7,43.8,0.13,0.29,16.1,0.0,1,1,2.2,1.7,0.11,0.8,0.3,17:15:00,/en/matches/1e5241b4/Brest-Lens-April-20-2025-Ligue-1
FRA-Ligue 1,2425,Lens,2025-04-27 Lens-Auxerre,2025-04-27,Matchweek 31,Sun,Home,L,0,4,Auxerre,0,16,5,31.3,0.0,0.0,15.1,0.0,0,0,1.4,1.4,0.09,-1.4,-1.4,17:15:00,/en/matches/0745c59f/Lens-Auxerre-April-27-2025-Ligue-1
FRA-Ligue 1,2425,Lens,2025-05-04 Lyon-Lens,2025-05-04,Matchweek 32,Sun,Away,W,2,1,Lyon,2,8,3,37.5,0.25,0.67,20.9,0.0,0,0,0.7,0.7,0.09,1.3,1.3,17:15:00,/en/matches/60c53e19/Lyon-Lens-May-4-2025-Ligue-1
FRA-Ligue 1,2425,Lens,2025-05-10 Toulouse-Lens,2025-05-10,Matchweek 33,Sat,Away,D,1,1,Toulouse,1,12,2,16.7,0.08,0.5,18.5,0.0,0,0,0.7,0.7,0.07,0.3,0.3,21:00:00,/en/matches/4ef097b0/Toulouse-Lens-May-10-2025-Ligue-1
FRA-Ligue 1,2425,Lens,2025-05-17 Lens-Monaco,2025-05-17,Matchweek 34,Sat,Home,W,4,0,Monaco,4,15,5,33.3,0.27,0.8,18.0,0.0,0,0,1.7,1.7,0.12,2.3,2.3,21:00:00,/en/matches/d2408c01/Lens-Monaco-May-17-2025-Ligue-1
FRA-Ligue 1,2425,Lille,2024-08-17 Reims-Lille,2024-08-17,Matchweek 1,Sat,Away,W,2,0,Reims,2,22,6,27.3,0.09,0.33,15.8,1.0,0,0,2.1,2.1,0.1,-0.1,-0.1,19:00:00,/en/matches/06aa495e/Reims-Lille-August-17-2024-Ligue-1
FRA-Ligue 1,2425,Lille,2024-08-24 Lille-Angers,2024-08-24,Matchweek 2,Sat,Home,W,2,0,Angers,2,11,6,54.5,0.18,0.33,18.8,1.0,0,0,0.9,0.9,0.08,1.1,1.1,19:00:00,/en/matches/70fdbb5a/Lille-Angers-August-24-2024-Ligue-1
FRA-Ligue 1,2425,Lille,2024-09-01 Lille-Paris S-G,2024-09-01,Matchweek 3,Sun,Home,L,1,3,Paris S-G,1,8,4,50.0,0.13,0.25,15.7,0.0,0,0,1.4,1.4,0.18,-0.4,-0.4,20:45:00,/en/matches/49234140/Lille-Paris-Saint-Germain-September-1-2024-Ligue-1
FRA-Ligue 1,2425,Lille,2024-09-13 Saint-Étienne-Lille,2024-09-13,Matchweek 4,Fri,Away,L,0,1,Saint-Étienne,0,17,4,23.5,0.0,0.0,15.8,0.0,0,0,1.2,1.2,0.07,-1.2,-1.2,20:45:00,/en/matches/47e23fb5/Saint-Etienne-Lille-September-13-2024-Ligue-1
FRA-Ligue 1,2425,Lille,2024-09-21 Lille-Strasbourg,2024-09-21,Matchweek 5,Sat,Home,D,3,3,Strasbourg,3,14,6,42.9,0.14,0.33,18.1,0.0,1,1,2.6,1.8,0.15,0.4,0.2,17:00:00,/en/matches/2bff6ebd/Lille-Strasbourg-September-21-2024-Ligue-1
FRA-Ligue 1,2425,Lille,2024-09-28 Le Havre-Lille,2024-09-28,Matchweek 6,Sat,Away,W,3,0,Le Havre,3,17,9,52.9,0.18,0.33,17.7,0.0,0,1,3.1,2.8,0.16,-0.1,0.2,19:00:00,/en/matches/e08ccde6/Le-Havre-Lille-September-28-2024-Ligue-1
FRA-Ligue 1,2425,Lille,2024-10-05 Lille-Toulouse,2024-10-05,Matchweek 7,Sat,Home,W,2,1,Toulouse,2,10,3,30.0,0.2,0.67,16.9,1.0,0,0,1.6,1.6,0.16,0.4,0.4,19:00:00,/en/matches/8d700c3d/Lille-Toulouse-October-5-2024-Ligue-1
FRA-Ligue 1,2425,Lille,2024-10-18 Monaco-Lille,2024-10-18,Matchweek 8,Fri,Away,D,0,0,Monaco,0,3,1,33.3,0.0,0.0,15.9,0.0,0,0,0.2,0.2,0.08,-0.2,-0.2,20:45:00,/en/matches/18476c11/Monaco-Lille-October-18-2024-Ligue-1
FRA-Ligue 1,2425,Lille,2024-10-26 Lens-Lille,2024-10-26,Matchweek 9,Sat,Away,W,2,0,Lens,2,10,2,20.0,0.1,0.5,16.3,0.0,1,1,1.8,1.1,0.12,0.2,-0.1,21:00:00,/en/matches/ac39189f/Lens-Lille-October-26-2024-Ligue-1
FRA-Ligue 1,2425,Lille,2024-11-01 Lille-Lyon,2024-11-01,Matchweek 10,Fri,Home,D,1,1,Lyon,1,14,2,14.3,0.07,0.5,17.4,2.0,0,0,1.7,1.7,0.12,-0.7,-0.7,21:00:00,/en/matches/d592199c/Lille-Lyon-November-1-2024-Ligue-1
FRA-Ligue 1,2425,Lille,2024-11-10 Nice-Lille,2024-11-10,Matchweek 11,Sun,Away,D,2,2,Nice,2,13,6,46.2,0.15,0.33,18.8,1.0,0,0,1.7,1.7,0.14,0.3,0.3,15:00:00,/en/matches/e213d881/Nice-Lille-November-10-2024-Ligue-1
FRA-Ligue 1,2425,Lille,2024-11-24 Lille-Rennes,2024-11-24,Matchweek 12,Sun,Home,W,1,0,Rennes,1,5,2,40.0,0.2,0.5,18.4,0.0,0,0,0.4,0.4,0.08,0.6,0.6,15:00:00,/en/matches/240126d9/Lille-Rennes-November-24-2024-Ligue-1
FRA-Ligue 1,2425,Lille,2024-12-01 Montpellier-Lille,2024-12-01,Matchweek 13,Sun,Away,D,2,2,Montpellier,2,11,2,18.2,0.0,0.0,20.7,0.0,2,2,2.2,0.6,0.06,-0.2,-0.6,15:00:00,/en/matches/76b0b7f1/Montpellier-Lille-December-1-2024-Ligue-1
FRA-Ligue 1,2425,Lille,2024-12-06 Lille-Brest,2024-12-06,Matchweek 14,Fri,Home,W,3,1,Brest,3,9,5,55.6,0.22,0.4,15.5,0.0,1,1,2.5,1.7,0.19,0.5,0.3,19:00:00,/en/matches/5b3adec0/Lille-Brest-December-6-2024-Ligue-1
FRA-Ligue 1,2425,Lille,2024-12-14 Marseille-Lille,2024-12-14,Matchweek 15,Sat,Away,D,1,1,Marseille,1,10,5,50.0,0.1,0.2,16.4,0.0,0,0,1.4,1.4,0.14,-0.4,-0.4,17:00:00,/en/matches/5cab6dd9/Marseille-Lille-December-14-2024-Ligue-1
FRA-Ligue 1,2425,Lille,2025-01-04 Lille-Nantes,2025-01-04,Matchweek 16,Sat,Home,D,1,1,Nantes,1,13,3,23.1,0.08,0.33,14.0,0.0,0,0,1.2,1.2,0.09,-0.2,-0.2,19:00:00,/en/matches/185f0c34/Lille-Nantes-January-4-2025-Ligue-1
FRA-Ligue 1,2425,Lille,2025-01-10 Auxerre-Lille,2025-01-10,Matchweek 17,Fri,Away,D,0,0,Auxerre,0,12,4,33.3,0.0,0.0,20.0,0.0,0,1,1.5,0.7,0.06,-1.5,-0.7,21:05:00,/en/matches/0c8ab7d6/Auxerre-Lille-January-10-2025-Ligue-1
FRA-Ligue 1,2425,Lille,2025-01-17 Lille-Nice,2025-01-17,Matchweek 18,Fri,Home,W,2,1,Nice,2,11,4,36.4,0.18,0.5,15.5,1.0,0,0,1.1,1.1,0.1,0.9,0.9,21:05:00,/en/matches/41d92573/Lille-Nice-January-17-2025-Ligue-1
FRA-Ligue 1,2425,Lille,2025-01-25 Strasbourg-Lille,2025-01-25,Matchweek 19,Sat,Away,L,1,2,Strasbourg,1,15,6,40.0,0.07,0.17,13.6,0.0,0,0,1.8,1.8,0.12,-0.8,-0.8,19:00:00,/en/matches/f5d25d48/Strasbourg-Lille-January-25-2025-Ligue-1
FRA-Ligue 1,2425,Lille,2025-02-01 Lille-Saint-Étienne,2025-02-01,Matchweek 20,Sat,Home,W,4,1,Saint-Étienne,4,28,12,42.9,0.11,0.25,17.1,1.0,1,1,3.4,2.6,0.09,0.6,0.4,21:05:00,/en/matches/41e764ae/Lille-Saint-Etienne-February-1-2025-Ligue-1
FRA-Ligue 1,2425,Lille,2025-02-08 Lille-Le Havre,2025-02-08,Matchweek 21,Sat,Home,L,1,2,Le Havre,1,14,5,35.7,0.07,0.2,16.5,0.0,0,0,1.6,1.6,0.11,-0.6,-0.6,19:00:00,/en/matches/8c539e02/Lille-Le-Havre-February-8-2025-Ligue-1
FRA-Ligue 1,2425,Lille,2025-02-16 Rennes-Lille,2025-02-16,Matchweek 22,Sun,Away,W,2,0,Rennes,2,17,6,35.3,0.12,0.33,13.5,1.0,0,1,3.0,2.4,0.15,-1.0,-0.4,20:45:00,/en/matches/f2bcec96/Rennes-Lille-February-16-2025-Ligue-1
FRA-Ligue 1,2425,Lille,2025-02-22 Lille-Monaco,2025-02-22,Matchweek 23,Sat,Home,W,2,1,Monaco,2,9,6,66.7,0.22,0.33,17.7,0.0,0,0,1.1,1.1,0.13,0.9,0.9,17:00:00,/en/matches/a62e412a/Lille-Monaco-February-22-2025-Ligue-1
FRA-Ligue 1,2425,Lille,2025-03-01 Paris S-G-Lille,2025-03-01,Matchweek 24,Sat,Away,L,1,4,Paris S-G,1,6,2,33.3,0.17,0.5,19.4,1.0,0,0,1.1,1.1,0.18,-0.1,-0.1,21:05:00,/en/matches/3432f5cc/Paris-Saint-Germain-Lille-March-1-2025-Ligue-1
FRA-Ligue 1,2425,Lille,2025-03-08 Lille-Montpellier,2025-03-08,Matchweek 25,Sat,Home,W,1,0,Montpellier,1,18,7,38.9,0.06,0.14,18.3,1.0,0,0,1.5,1.5,0.09,-0.5,-0.5,19:00:00,/en/matches/3de20b0f/Lille-Montpellier-March-8-2025-Ligue-1
FRA-Ligue 1,2425,Lille,2025-03-15 Nantes-Lille,2025-03-15,Matchweek 26,Sat,Away,L,0,1,Nantes,0,13,3,23.1,0.0,0.0,13.6,0.0,0,0,1.6,1.6,0.12,-1.6,-1.6,17:00:00,/en/matches/e91d94ec/Nantes-Lille-March-15-2025-Ligue-1
FRA-Ligue 1,2425,Lille,2025-03-30 Lille-Lens,2025-03-30,Matchweek 27,Sun,Home,W,1,0,Lens,1,11,5,45.5,0.09,0.2,13.9,1.0,0,0,1.9,1.9,0.17,-0.9,-0.9,20:45:00,/en/matches/64b7845b/Lille-Lens-March-30-2025-Ligue-1
FRA-Ligue 1,2425,Lille,2025-04-05 Lyon-Lille,2025-04-05,Matchweek 28,Sat,Away,L,1,2,Lyon,1,10,4,40.0,0.1,0.25,16.9,0.0,0,0,0.9,0.9,0.09,0.1,0.1,21:05:00,/en/matches/4fbb8dea/Lyon-Lille-April-5-2025-Ligue-1
FRA-Ligue 1,2425,Lille,2025-04-12 Toulouse-Lille,2025-04-12,Matchweek 29,Sat,Away,W,2,1,Toulouse,2,6,3,50.0,0.33,0.67,16.0,1.0,0,0,0.5,0.5,0.08,1.5,1.5,19:00:00,/en/matches/0a9272f4/Toulouse-Lille-April-12-2025-Ligue-1
FRA-Ligue 1,2425,Lille,2025-04-20 Lille-Auxerre,2025-04-20,Matchweek 30,Sun,Home,W,3,1,Auxerre,3,15,9,60.0,0.2,0.33,17.0,0.0,0,0,2.0,2.0,0.14,1.0,1.0,15:00:00,/en/matches/dfc19892/Lille-Auxerre-April-20-2025-Ligue-1
FRA-Ligue 1,2425,Lille,2025-04-27 Angers-Lille,2025-04-27,Matchweek 31,Sun,Away,W,2,0,Angers,2,9,5,55.6,0.22,0.4,12.4,0.0,0,0,1.4,1.4,0.16,0.6,0.6,15:00:00,/en/matches/af631621/Angers-Lille-April-27-2025-Ligue-1
FRA-Ligue 1,2425,Lille,2025-05-04 Lille-Marseille,2025-05-04,Matchweek 32,Sun,Home,D,1,1,Marseille,1,5,1,20.0,0.2,1.0,19.5,2.0,0,0,0.5,0.5,0.09,0.5,0.5,20:45:00,/en/matches/491d68bb/Lille-Marseille-May-4-2025-Ligue-1
FRA-Ligue 1,2425,Lille,2025-05-10 Brest-Lille,2025-05-10,Matchweek 33,Sat,Away,L,0,2,Brest,0,18,2,11.1,0.0,0.0,16.5,0.0,0,0,1.9,1.9,0.12,-1.9,-1.9,21:00:00,/en/matches/21a8a9a9/Brest-Lille-May-10-2025-Ligue-1
FRA-Ligue 1,2425,Lille,2025-05-17 Lille-Reims,2025-05-17,Matchweek 34,Sat,Home,W,2,1,Reims,2,20,4,20.0,0.05,0.25,16.8,0.0,1,1,2.0,1.2,0.06,0.0,-0.2,21:00:00,/en/matches/788e598c/Lille-Reims-May-17-2025-Ligue-1
FRA-Ligue 1,2425,Lyon,2024-08-18 Rennes-Lyon,2024-08-18,Matchweek 1,Sun,Away,L,0,3,Rennes,0,15,1,6.7,0.0,0.0,15.8,0.0,0,1,2.1,1.2,0.08,-2.1,-1.2,20:45:00,/en/matches/bc46a367/Rennes-Lyon-August-18-2024-Ligue-1
FRA-Ligue 1,2425,Lyon,2024-08-24 Lyon-Monaco,2024-08-24,Matchweek 2,Sat,Home,L,0,2,Monaco,0,1,0,0.0,0.0,,29.7,0.0,0,0,0.0,0.0,0.03,0.0,0.0,17:00:00,/en/matches/1041ac42/Lyon-Monaco-August-24-2024-Ligue-1
FRA-Ligue 1,2425,Lyon,2024-08-30 Lyon-Strasbourg,2024-08-30,Matchweek 3,Fri,Home,W,4,3,Strasbourg,4,20,12,60.0,0.2,0.33,14.6,0.0,0,0,2.9,2.9,0.15,1.1,1.1,20:45:00,/en/matches/2c5ec7aa/Lyon-Strasbourg-August-30-2024-Ligue-1
FRA-Ligue 1,2425,Lyon,2024-09-15 Lens-Lyon,2024-09-15,Matchweek 4,Sun,Away,D,0,0,Lens,0,8,3,37.5,0.0,0.0,20.7,0.0,0,0,0.6,0.6,0.07,-0.6,-0.6,20:45:00,/en/matches/6f7e5cde/Lens-Lyon-September-15-2024-Ligue-1
FRA-Ligue 1,2425,Lyon,2024-09-22 Lyon-Marseille,2024-09-22,Matchweek 5,Sun,Home,L,2,3,Marseille,2,21,7,33.3,0.1,0.29,16.6,0.0,0,1,3.0,2.1,0.1,-1.0,-0.1,20:45:00,/en/matches/35b20e2f/Choc-des-Olympiques-Lyon-Marseille-September-22-2024-Ligue-1
FRA-Ligue 1,2425,Lyon,2024-09-29 Toulouse-Lyon,2024-09-29,Matchweek 6,Sun,Away,W,2,1,Toulouse,1,4,1,25.0,0.25,1.0,8.7,0.0,0,0,0.4,0.4,0.11,0.6,0.6,15:00:00,/en/matches/a7954dea/Toulouse-Lyon-September-29-2024-Ligue-1
FRA-Ligue 1,2425,Lyon,2024-10-06 Lyon-Nantes,2024-10-06,Matchweek 7,Sun,Home,W,2,0,Nantes,1,17,6,35.3,0.06,0.17,14.5,0.0,0,0,3.2,3.2,0.2,-2.2,-2.2,15:00:00,/en/matches/1cefcdb4/Lyon-Nantes-October-6-2024-Ligue-1
FRA-Ligue 1,2425,Lyon,2024-10-20 Le Havre-Lyon,2024-10-20,Matchweek 8,Sun,Away,W,4,0,Le Havre,4,16,8,50.0,0.25,0.5,19.2,0.0,0,0,2.7,2.7,0.17,1.3,1.3,15:00:00,/en/matches/b12f8ecd/Le-Havre-Lyon-October-20-2024-Ligue-1
FRA-Ligue 1,2425,Lyon,2024-10-27 Lyon-Auxerre,2024-10-27,Matchweek 9,Sun,Home,D,2,2,Auxerre,2,11,7,63.6,0.09,0.14,14.4,0.0,1,1,2.0,1.2,0.11,0.0,-0.2,15:00:00,/en/matches/bd02e3b4/Lyon-Auxerre-October-27-2024-Ligue-1
FRA-Ligue 1,2425,Lyon,2024-11-01 Lille-Lyon,2024-11-01,Matchweek 10,Fri,Away,D,1,1,Lille,1,14,3,21.4,0.07,0.33,13.3,0.0,0,0,1.2,1.2,0.09,-0.2,-0.2,21:00:00,/en/matches/d592199c/Lille-Lyon-November-1-2024-Ligue-1
FRA-Ligue 1,2425,Lyon,2024-11-10 Lyon-Saint-Étienne,2024-11-10,Matchweek 11,Sun,Home,W,1,0,Saint-Étienne,1,17,7,41.2,0.06,0.14,16.7,1.0,0,0,1.1,1.1,0.07,-0.1,-0.1,20:45:00,/en/matches/e552596a/Lyon-Saint-Etienne-November-10-2024-Ligue-1
FRA-Ligue 1,2425,Lyon,2024-11-23 Reims-Lyon,2024-11-23,Matchweek 12,Sat,Away,D,1,1,Reims,1,13,7,53.8,0.08,0.14,14.4,0.0,0,0,1.7,1.7,0.13,-0.7,-0.7,21:00:00,/en/matches/4da20576/Reims-Lyon-November-23-2024-Ligue-1
FRA-Ligue 1,2425,Lyon,2024-12-01 Lyon-Nice,2024-12-01,Matchweek 13,Sun,Home,W,4,1,Nice,4,15,7,46.7,0.2,0.43,16.2,2.0,1,1,2.7,2.1,0.14,1.3,0.9,17:00:00,/en/matches/44194749/Lyon-Nice-December-1-2024-Ligue-1
FRA-Ligue 1,2425,Lyon,2024-12-07 Angers-Lyon,2024-12-07,Matchweek 14,Sat,Away,W,3,0,Angers,3,16,10,62.5,0.19,0.3,14.9,0.0,0,0,2.0,2.0,0.13,1.0,1.0,21:00:00,/en/matches/8f5cb172/Angers-Lyon-December-7-2024-Ligue-1
FRA-Ligue 1,2425,Lyon,2024-12-15 Paris S-G-Lyon,2024-12-15,Matchweek 15,Sun,Away,L,1,3,Paris S-G,1,7,3,42.9,0.14,0.33,12.9,0.0,0,0,1.5,1.5,0.21,-0.5,-0.5,20:45:00,/en/matches/90a6f4dd/Paris-Saint-Germain-Lyon-December-15-2024-Ligue-1
FRA-Ligue 1,2425,Lyon,2025-01-04 Lyon-Montpellier,2025-01-04,Matchweek 16,Sat,Home,W,1,0,Montpellier,0,12,1,8.3,0.0,0.0,15.4,0.0,0,0,1.4,1.4,0.12,-1.4,-1.4,21:00:00,/en/matches/6c34a34e/Lyon-Montpellier-January-4-2025-Ligue-1
FRA-Ligue 1,2425,Lyon,2025-01-11 Brest-Lyon,2025-01-11,Matchweek 17,Sat,Away,L,1,2,Brest,1,10,3,30.0,0.1,0.33,12.0,0.0,0,0,1.4,1.4,0.14,-0.4,-0.4,17:00:00,/en/matches/561e5c4a/Brest-Lyon-January-11-2025-Ligue-1
FRA-Ligue 1,2425,Lyon,2025-01-18 Lyon-Toulouse,2025-01-18,Matchweek 18,Sat,Home,D,0,0,Toulouse,0,11,3,27.3,0.0,0.0,17.1,1.0,0,0,0.7,0.7,0.07,-0.7,-0.7,21:05:00,/en/matches/58a863f5/Lyon-Toulouse-January-18-2025-Ligue-1
FRA-Ligue 1,2425,Lyon,2025-01-26 Nantes-Lyon,2025-01-26,Matchweek 19,Sun,Away,D,1,1,Nantes,1,15,4,26.7,0.07,0.25,13.1,1.0,0,0,1.1,1.1,0.07,-0.1,-0.1,17:15:00,/en/matches/b90ceb47/Nantes-Lyon-January-26-2025-Ligue-1
FRA-Ligue 1,2425,Lyon,2025-02-02 Marseille-Lyon,2025-02-02,Matchweek 20,Sun,Away,L,2,3,Marseille,2,9,3,33.3,0.11,0.33,19.1,0.0,1,1,1.7,0.9,0.1,0.3,0.1,20:45:00,/en/matches/368d6066/Choc-des-Olympiques-Marseille-Lyon-February-2-2025-Ligue-1
FRA-Ligue 1,2425,Lyon,2025-02-09 Lyon-Reims,2025-02-09,Matchweek 21,Sun,Home,W,4,0,Reims,4,15,9,60.0,0.27,0.44,15.4,0.0,0,0,3.3,3.3,0.22,0.7,0.7,15:00:00,/en/matches/48caa08f/Lyon-Reims-February-9-2025-Ligue-1
FRA-Ligue 1,2425,Lyon,2025-02-16 Montpellier-Lyon,2025-02-16,Matchweek 22,Sun,Away,W,4,1,Montpellier,4,9,6,66.7,0.44,0.67,14.9,0.0,0,0,1.0,1.0,0.11,3.0,3.0,15:00:00,/en/matches/1a0c79f0/Montpellier-Lyon-February-16-2025-Ligue-1
FRA-Ligue 1,2425,Lyon,2025-02-23 Lyon-Paris S-G,2025-02-23,Matchweek 23,Sun,Home,L,2,3,Paris S-G,2,14,7,50.0,0.14,0.29,15.8,0.0,0,0,1.8,1.8,0.13,0.2,0.2,20:45:00,/en/matches/3906711b/Lyon-Paris-Saint-Germain-February-23-2025-Ligue-1
FRA-Ligue 1,2425,Lyon,2025-03-02 Lyon-Brest,2025-03-02,Matchweek 24,Sun,Home,W,2,1,Brest,2,10,4,40.0,0.2,0.5,18.6,0.0,0,0,1.3,1.3,0.13,0.7,0.7,15:00:00,/en/matches/9e7b9e2a/Lyon-Brest-March-2-2025-Ligue-1
FRA-Ligue 1,2425,Lyon,2025-03-09 Nice-Lyon,2025-03-09,Matchweek 25,Sun,Away,W,2,0,Nice,2,8,5,62.5,0.25,0.4,20.8,0.0,0,0,1.1,1.1,0.14,0.9,0.9,20:45:00,/en/matches/29e9616d/Nice-Lyon-March-9-2025-Ligue-1
FRA-Ligue 1,2425,Lyon,2025-03-16 Lyon-Le Havre,2025-03-16,Matchweek 26,Sun,Home,W,4,2,Le Havre,4,15,6,40.0,0.2,0.5,15.5,0.0,1,1,3.9,3.1,0.21,0.1,-0.1,15:00:00,/en/matches/4876084b/Lyon-Le-Havre-March-16-2025-Ligue-1
FRA-Ligue 1,2425,Lyon,2025-03-28 Strasbourg-Lyon,2025-03-28,Matchweek 27,Fri,Away,L,2,4,Strasbourg,2,15,10,66.7,0.07,0.1,18.7,0.0,1,1,2.0,1.2,0.08,0.0,-0.2,20:45:00,/en/matches/e4da6424/Strasbourg-Lyon-March-28-2025-Ligue-1
FRA-Ligue 1,2425,Lyon,2025-04-05 Lyon-Lille,2025-04-05,Matchweek 28,Sat,Home,W,2,1,Lille,2,9,3,33.3,0.11,0.33,22.0,0.0,1,1,1.8,1.1,0.12,0.2,-0.1,21:05:00,/en/matches/4fbb8dea/Lyon-Lille-April-5-2025-Ligue-1
FRA-Ligue 1,2425,Lyon,2025-04-13 Auxerre-Lyon,2025-04-13,Matchweek 29,Sun,Away,W,3,1,Auxerre,3,12,6,50.0,0.17,0.33,14.4,0.0,1,1,2.9,2.1,0.19,0.1,-0.1,20:45:00,/en/matches/bef8bbc1/Auxerre-Lyon-April-13-2025-Ligue-1
FRA-Ligue 1,2425,Lyon,2025-04-20 Saint-Étienne-Lyon,2025-04-20,Matchweek 30,Sun,Away,L,1,2,Saint-Étienne,1,14,2,14.3,0.07,0.5,18.4,0.0,0,0,0.8,0.8,0.05,0.2,0.2,20:45:00,/en/matches/19228d4a/Saint-Etienne-Lyon-April-20-2025-Ligue-1
FRA-Ligue 1,2425,Lyon,2025-04-26 Lyon-Rennes,2025-04-26,Matchweek 31,Sat,Home,W,4,1,Rennes,4,14,8,57.1,0.29,0.5,14.1,0.0,0,0,1.8,1.8,0.15,2.2,2.2,21:05:00,/en/matches/5f2584e1/Lyon-Rennes-April-26-2025-Ligue-1
FRA-Ligue 1,2425,Lyon,2025-05-04 Lyon-Lens,2025-05-04,Matchweek 32,Sun,Home,L,1,2,Lens,1,18,4,22.2,0.06,0.25,16.4,1.0,0,0,1.0,1.0,0.06,0.0,0.0,17:15:00,/en/matches/60c53e19/Lyon-Lens-May-4-2025-Ligue-1
FRA-Ligue 1,2425,Lyon,2025-05-10 Monaco-Lyon,2025-05-10,Matchweek 33,Sat,Away,L,0,2,Monaco,0,9,4,44.4,0.0,0.0,21.7,0.0,0,0,0.4,0.4,0.04,-0.4,-0.4,21:00:00,/en/matches/279e9cba/Monaco-Lyon-May-10-2025-Ligue-1
FRA-Ligue 1,2425,Lyon,2025-05-17 Lyon-Angers,2025-05-17,Matchweek 34,Sat,Home,W,2,0,Angers,2,20,3,15.0,0.05,0.33,17.0,0.0,1,1,3.9,3.1,0.16,-1.9,-2.1,21:00:00,/en/matches/5042cc91/Lyon-Angers-May-17-2025-Ligue-1
FRA-Ligue 1,2425,Marseille,2024-08-17 Brest-Marseille,2024-08-17,Matchweek 1,Sat,Away,W,5,1,Brest,5,5,3,60.0,0.6,1.0,20.2,0.0,2,2,2.4,0.8,0.16,2.6,2.2,17:00:00,/en/matches/35c1995a/Brest-Marseille-August-17-2024-Ligue-1
FRA-Ligue 1,2425,Marseille,2024-08-25 Marseille-Reims,2024-08-25,Matchweek 2,Sun,Home,D,2,2,Reims,2,21,10,47.6,0.1,0.2,15.7,0.0,0,0,3.0,3.0,0.16,-1.0,-1.0,20:45:00,/en/matches/3a93bc8b/Marseille-Reims-August-25-2024-Ligue-1
FRA-Ligue 1,2425,Marseille,2024-08-31 Toulouse-Marseille,2024-08-31,Matchweek 3,Sat,Away,W,3,1,Toulouse,2,12,4,33.3,0.17,0.5,16.4,2.0,0,0,0.8,0.8,0.07,1.2,1.2,21:00:00,/en/matches/ebbcbe63/Toulouse-Marseille-August-31-2024-Ligue-1
FRA-Ligue 1,2425,Marseille,2024-09-14 Marseille-Nice,2024-09-14,Matchweek 4,Sat,Home,W,2,0,Nice,2,10,5,50.0,0.2,0.4,19.4,0.0,0,0,0.7,0.7,0.07,1.3,1.3,17:00:00,/en/matches/2034c29c/Marseille-Nice-September-14-2024-Ligue-1
FRA-Ligue 1,2425,Marseille,2024-09-22 Lyon-Marseille,2024-09-22,Matchweek 5,Sun,Away,W,3,2,Lyon,3,9,4,44.4,0.33,0.75,23.4,0.0,0,0,0.8,0.8,0.09,2.2,2.2,20:45:00,/en/matches/35b20e2f/Choc-des-Olympiques-Lyon-Marseille-September-22-2024-Ligue-1
FRA-Ligue 1,2425,Marseille,2024-09-29 Strasbourg-Marseille,2024-09-29,Matchweek 6,Sun,Away,L,0,1,Strasbourg,0,10,3,30.0,0.0,0.0,19.2,0.0,0,0,0.5,0.5,0.05,-0.5,-0.5,20:45:00,/en/matches/ebcd9980/Strasbourg-Marseille-September-29-2024-Ligue-1
FRA-Ligue 1,2425,Marseille,2024-10-04 Marseille-Angers,2024-10-04,Matchweek 7,Fri,Home,D,1,1,Angers,1,16,4,25.0,0.06,0.25,19.2,1.0,0,0,0.9,0.9,0.06,0.1,0.1,20:45:00,/en/matches/c2dcc859/Marseille-Angers-October-4-2024-Ligue-1
FRA-Ligue 1,2425,Marseille,2024-10-20 Montpellier-Marseille,2024-10-20,Matchweek 8,Sun,Away,W,5,0,Montpellier,5,21,10,47.6,0.24,0.5,14.3,0.0,0,0,3.2,3.2,0.16,1.8,1.8,20:45:00,/en/matches/0f332030/Montpellier-Marseille-October-20-2024-Ligue-1
FRA-Ligue 1,2425,Marseille,2024-10-27 Marseille-Paris S-G,2024-10-27,Matchweek 9,Sun,Home,L,0,3,Paris S-G,0,5,1,20.0,0.0,0.0,16.3,0.0,0,0,0.2,0.2,0.05,-0.2,-0.2,20:45:00,/en/matches/c29b0d3a/Marseille-Paris-Saint-Germain-October-27-2024-Ligue-1
FRA-Ligue 1,2425,Marseille,2024-11-03 Nantes-Marseille,2024-11-03,Matchweek 10,Sun,Away,W,2,1,Nantes,2,9,4,44.4,0.22,0.5,19.5,0.0,0,0,1.2,1.2,0.14,0.8,0.8,20:45:00,/en/matches/53893177/Nantes-Marseille-November-3-2024-Ligue-1
FRA-Ligue 1,2425,Marseille,2024-11-08 Marseille-Auxerre,2024-11-08,Matchweek 11,Fri,Home,L,1,3,Auxerre,1,18,4,22.2,0.0,0.0,16.5,1.0,1,1,2.5,1.8,0.1,-1.5,-1.8,20:45:00,/en/matches/4ab63460/Marseille-Auxerre-November-8-2024-Ligue-1
FRA-Ligue 1,2425,Marseille,2024-11-23 Lens-Marseille,2024-11-23,Matchweek 12,Sat,Away,W,3,1,Lens,3,10,4,40.0,0.3,0.75,17.9,1.0,0,0,1.2,1.2,0.12,1.8,1.8,17:00:00,/en/matches/01446885/Lens-Marseille-November-23-2024-Ligue-1
FRA-Ligue 1,2425,Marseille,2024-12-01 Marseille-Monaco,2024-12-01,Matchweek 13,Sun,Home,W,2,1,Monaco,2,8,3,37.5,0.13,0.33,19.3,1.0,1,1,1.9,1.2,0.14,0.1,-0.2,20:45:00,/en/matches/e90d4817/Marseille-Monaco-December-1-2024-Ligue-1
FRA-Ligue 1,2425,Marseille,2024-12-08 Saint-Étienne-Marseille,2024-12-08,Matchweek 14,Sun,Away,W,2,0,Saint-Étienne,2,20,9,45.0,0.1,0.22,16.9,1.0,0,1,2.5,1.6,0.08,-0.5,0.4,20:45:00,/en/matches/e865637d/Saint-Etienne-Marseille-December-8-2024-Ligue-1
FRA-Ligue 1,2425,Marseille,2024-12-14 Marseille-Lille,2024-12-14,Matchweek 15,Sat,Home,D,1,1,Lille,1,9,3,33.3,0.11,0.33,16.3,0.0,0,0,1.2,1.2,0.13,-0.2,-0.2,17:00:00,/en/matches/5cab6dd9/Marseille-Lille-December-14-2024-Ligue-1
FRA-Ligue 1,2425,Marseille,2025-01-05 Marseille-Le Havre,2025-01-05,Matchweek 16,Sun,Home,W,5,1,Le Havre,5,15,8,53.3,0.33,0.63,17.9,0.0,0,0,3.2,3.2,0.22,1.8,1.8,20:45:00,/en/matches/312fef53/Marseille-Le-Havre-January-5-2025-Ligue-1
FRA-Ligue 1,2425,Marseille,2025-01-11 Rennes-Marseille,2025-01-11,Matchweek 17,Sat,Away,W,2,1,Rennes,2,13,7,53.8,0.15,0.29,14.9,1.0,0,0,1.7,1.7,0.13,0.3,0.3,21:05:00,/en/matches/e23cca77/Rennes-Marseille-January-11-2025-Ligue-1
FRA-Ligue 1,2425,Marseille,2025-01-19 Marseille-Strasbourg,2025-01-19,Matchweek 18,Sun,Home,D,1,1,Strasbourg,1,17,2,11.8,0.0,0.0,14.9,0.0,1,1,2.8,2.0,0.13,-1.8,-2.0,20:45:00,/en/matches/fb5f33dc/Marseille-Strasbourg-January-19-2025-Ligue-1
FRA-Ligue 1,2425,Marseille,2025-01-26 Nice-Marseille,2025-01-26,Matchweek 19,Sun,Away,L,0,2,Nice,0,18,6,33.3,0.0,0.0,18.9,1.0,0,0,0.8,0.8,0.05,-0.8,-0.8,20:45:00,/en/matches/ce373826/Nice-Marseille-January-26-2025-Ligue-1
FRA-Ligue 1,2425,Marseille,2025-02-02 Marseille-Lyon,2025-02-02,Matchweek 20,Sun,Home,W,3,2,Lyon,3,20,11,55.0,0.15,0.27,14.7,0.0,0,0,3.2,3.2,0.16,-0.2,-0.2,20:45:00,/en/matches/368d6066/Choc-des-Olympiques-Marseille-Lyon-February-2-2025-Ligue-1
FRA-Ligue 1,2425,Marseille,2025-02-09 Angers-Marseille,2025-02-09,Matchweek 21,Sun,Away,W,2,0,Angers,2,18,8,44.4,0.11,0.25,12.3,0.0,0,0,2.4,2.4,0.14,-0.4,-0.4,20:45:00,/en/matches/64ab3386/Angers-Marseille-February-9-2025-Ligue-1
FRA-Ligue 1,2425,Marseille,2025-02-15 Marseille-Saint-Étienne,2025-02-15,Matchweek 22,Sat,Home,W,5,1,Saint-Étienne,5,27,12,44.4,0.15,0.33,11.8,0.0,1,1,6.1,5.3,0.22,-1.1,-1.3,17:00:00,/en/matches/0a71ff58/Marseille-Saint-Etienne-February-15-2025-Ligue-1
FRA-Ligue 1,2425,Marseille,2025-02-22 Auxerre-Marseille,2025-02-22,Matchweek 23,Sat,Away,L,0,3,Auxerre,0,8,2,25.0,0.0,0.0,15.5,0.0,0,0,0.7,0.7,0.08,-0.7,-0.7,21:05:00,/en/matches/f26394d7/Auxerre-Marseille-February-22-2025-Ligue-1
FRA-Ligue 1,2425,Marseille,2025-03-02 Marseille-Nantes,2025-03-02,Matchweek 24,Sun,Home,W,2,0,Nantes,2,21,5,23.8,0.1,0.4,19.5,1.0,0,0,2.1,2.1,0.1,-0.1,-0.1,20:45:00,/en/matches/ef2b73e7/Marseille-Nantes-March-2-2025-Ligue-1
FRA-Ligue 1,2425,Marseille,2025-03-08 Marseille-Lens,2025-03-08,Matchweek 25,Sat,Home,L,0,1,Lens,0,15,6,40.0,0.0,0.0,17.4,0.0,0,0,1.0,1.0,0.07,-1.0,-1.0,21:05:00,/en/matches/e5496a7e/Marseille-Lens-March-8-2025-Ligue-1
FRA-Ligue 1,2425,Marseille,2025-03-16 Paris S-G-Marseille,2025-03-16,Matchweek 26,Sun,Away,L,1,3,Paris S-G,1,11,2,18.2,0.09,0.5,23.2,1.0,0,0,1.2,1.2,0.11,-0.2,-0.2,20:45:00,/en/matches/ff08b7d1/Paris-Saint-Germain-Marseille-March-16-2025-Ligue-1
FRA-Ligue 1,2425,Marseille,2025-03-29 Reims-Marseille,2025-03-29,Matchweek 27,Sat,Away,L,1,3,Reims,1,20,6,30.0,0.05,0.17,18.5,0.0,0,0,1.1,1.1,0.05,-0.1,-0.1,17:00:00,/en/matches/e3656ea1/Reims-Marseille-March-29-2025-Ligue-1
FRA-Ligue 1,2425,Marseille,2025-04-06 Marseille-Toulouse,2025-04-06,Matchweek 28,Sun,Home,W,3,2,Toulouse,2,9,4,44.4,0.22,0.5,16.3,0.0,0,0,1.0,1.0,0.12,1.0,1.0,20:45:00,/en/matches/37a1d2be/Marseille-Toulouse-April-6-2025-Ligue-1
FRA-Ligue 1,2425,Marseille,2025-04-12 Monaco-Marseille,2025-04-12,Matchweek 29,Sat,Away,L,0,3,Monaco,0,8,4,50.0,0.0,0.0,14.1,0.0,0,0,1.1,1.1,0.13,-1.1,-1.1,17:00:00,/en/matches/b1f79298/Monaco-Marseille-April-12-2025-Ligue-1
FRA-Ligue 1,2425,Marseille,2025-04-19 Marseille-Montpellier,2025-04-19,Matchweek 30,Sat,Home,W,5,1,Montpellier,4,17,6,35.3,0.18,0.5,13.6,0.0,1,1,3.7,2.9,0.19,0.3,0.1,21:05:00,/en/matches/5a01308b/Marseille-Montpellier-April-19-2025-Ligue-1
FRA-Ligue 1,2425,Marseille,2025-04-27 Marseille-Brest,2025-04-27,Matchweek 31,Sun,Home,W,4,1,Brest,3,11,6,54.5,0.27,0.5,19.8,1.0,0,0,0.9,0.9,0.08,2.1,2.1,20:45:00,/en/matches/d0c58dd5/Marseille-Brest-April-27-2025-Ligue-1
FRA-Ligue 1,2425,Marseille,2025-05-04 Lille-Marseille,2025-05-04,Matchweek 32,Sun,Away,D,1,1,Lille,1,13,6,46.2,0.08,0.17,16.1,1.0,0,0,1.3,1.3,0.1,-0.3,-0.3,20:45:00,/en/matches/491d68bb/Lille-Marseille-May-4-2025-Ligue-1
FRA-Ligue 1,2425,Marseille,2025-05-10 Le Havre-Marseille,2025-05-10,Matchweek 33,Sat,Away,W,3,1,Le Havre,3,22,5,22.7,0.14,0.6,16.8,1.0,0,0,2.5,2.5,0.12,0.5,0.5,21:00:00,/en/matches/7064d72a/Le-Havre-Marseille-May-10-2025-Ligue-1
FRA-Ligue 1,2425,Marseille,2025-05-17 Marseille-Rennes,2025-05-17,Matchweek 34,Sat,Home,W,4,2,Rennes,4,15,8,53.3,0.2,0.38,15.7,1.0,1,2,3.9,2.4,0.16,0.1,0.6,21:00:00,/en/matches/36fee283/Marseille-Rennes-May-17-2025-Ligue-1
FRA-Ligue 1,2425,Monaco,2024-08-17 Monaco-Saint-Étienne,2024-08-17,Matchweek 1,Sat,Home,W,1,0,Saint-Étienne,1,17,6,35.3,0.06,0.17,16.1,0.0,0,0,2.0,2.0,0.12,-1.0,-1.0,21:00:00,/en/matches/f84bb85e/Monaco-Saint-Etienne-August-17-2024-Ligue-1
FRA-Ligue 1,2425,Monaco,2024-08-24 Lyon-Monaco,2024-08-24,Matchweek 2,Sat,Away,W,2,0,Lyon,2,21,6,28.6,0.1,0.33,17.9,0.0,0,0,2.2,2.2,0.11,-0.2,-0.2,17:00:00,/en/matches/1041ac42/Lyon-Monaco-August-24-2024-Ligue-1
FRA-Ligue 1,2425,Monaco,2024-09-01 Monaco-Lens,2024-09-01,Matchweek 3,Sun,Home,D,1,1,Lens,1,14,3,21.4,0.07,0.33,19.5,1.0,0,0,1.0,1.0,0.07,0.0,0.0,15:00:00,/en/matches/a93b08ff/Monaco-Lens-September-1-2024-Ligue-1
FRA-Ligue 1,2425,Monaco,2024-09-14 Auxerre-Monaco,2024-09-14,Matchweek 4,Sat,Away,W,3,0,Auxerre,3,19,9,47.4,0.16,0.33,12.9,0.0,0,0,3.4,3.4,0.19,-0.4,-0.4,19:00:00,/en/matches/b4fb60b5/Auxerre-Monaco-September-14-2024-Ligue-1
FRA-Ligue 1,2425,Monaco,2024-09-22 Monaco-Le Havre,2024-09-22,Matchweek 5,Sun,Home,W,3,1,Le Havre,3,12,4,33.3,0.25,0.75,16.8,0.0,0,0,1.9,1.9,0.17,1.1,1.1,15:00:00,/en/matches/017d7a9d/Monaco-Le-Havre-September-22-2024-Ligue-1
FRA-Ligue 1,2425,Monaco,2024-09-28 Monaco-Montpellier,2024-09-28,Matchweek 6,Sat,Home,W,2,1,Montpellier,2,21,6,28.6,0.1,0.33,12.3,0.0,0,0,3.2,3.2,0.16,-1.2,-1.2,21:00:00,/en/matches/54ce742c/Monaco-Montpellier-September-28-2024-Ligue-1
FRA-Ligue 1,2425,Monaco,2024-10-05 Rennes-Monaco,2024-10-05,Matchweek 7,Sat,Away,W,2,1,Rennes,2,5,2,40.0,0.4,1.0,12.7,0.0,0,0,0.6,0.6,0.12,1.4,1.4,21:00:00,/en/matches/f7072ea6/Rennes-Monaco-October-5-2024-Ligue-1
FRA-Ligue 1,2425,Monaco,2024-10-18 Monaco-Lille,2024-10-18,Matchweek 8,Fri,Home,D,0,0,Lille,0,14,4,28.6,0.0,0.0,16.1,1.0,0,0,1.2,1.2,0.09,-1.2,-1.2,20:45:00,/en/matches/18476c11/Monaco-Lille-October-18-2024-Ligue-1
FRA-Ligue 1,2425,Monaco,2024-10-27 Nice-Monaco,2024-10-27,Matchweek 9,Sun,Away,L,1,2,Nice,1,11,5,45.5,0.09,0.2,20.0,0.0,0,0,0.5,0.5,0.04,0.5,0.5,17:00:00,/en/matches/4cbaa8c3/Nice-Monaco-October-27-2024-Ligue-1
FRA-Ligue 1,2425,Monaco,2024-11-01 Monaco-Angers,2024-11-01,Matchweek 10,Fri,Home,L,0,1,Angers,0,11,3,27.3,0.0,0.0,18.3,1.0,0,0,1.4,1.4,0.13,-1.4,-1.4,19:00:00,/en/matches/3e5f7440/Monaco-Angers-November-1-2024-Ligue-1
FRA-Ligue 1,2425,Monaco,2024-11-09 Strasbourg-Monaco,2024-11-09,Matchweek 11,Sat,Away,W,3,1,Strasbourg,3,18,7,38.9,0.11,0.29,17.9,1.0,1,1,3.8,3.1,0.17,-0.8,-1.1,17:00:00,/en/matches/cd41b272/Strasbourg-Monaco-November-9-2024-Ligue-1
FRA-Ligue 1,2425,Monaco,2024-11-22 Monaco-Brest,2024-11-22,Matchweek 12,Fri,Home,W,3,2,Brest,3,10,4,40.0,0.3,0.75,15.8,0.0,0,0,2.6,2.6,0.27,0.4,0.4,19:00:00,/en/matches/48a28747/Monaco-Brest-November-22-2024-Ligue-1
FRA-Ligue 1,2425,Monaco,2024-12-01 Marseille-Monaco,2024-12-01,Matchweek 13,Sun,Away,L,1,2,Marseille,1,7,4,57.1,0.14,0.25,15.6,0.0,0,0,1.0,1.0,0.15,0.0,0.0,20:45:00,/en/matches/e90d4817/Marseille-Monaco-December-1-2024-Ligue-1
FRA-Ligue 1,2425,Monaco,2024-12-07 Monaco-Toulouse,2024-12-07,Matchweek 14,Sat,Home,W,2,0,Toulouse,2,19,5,26.3,0.11,0.4,14.6,0.0,0,0,3.2,3.2,0.17,-1.2,-1.2,17:00:00,/en/matches/63873373/Monaco-Toulouse-December-7-2024-Ligue-1
FRA-Ligue 1,2425,Monaco,2024-12-14 Reims-Monaco,2024-12-14,Matchweek 15,Sat,Away,D,0,0,Reims,0,14,3,21.4,0.0,0.0,17.7,0.0,0,0,1.3,1.3,0.09,-1.3,-1.3,21:00:00,/en/matches/f422e8b0/Reims-Monaco-December-14-2024-Ligue-1
FRA-Ligue 1,2425,Monaco,2024-12-18 Monaco-Paris S-G,2024-12-18,Matchweek 16,Wed,Home,L,2,4,Paris S-G,2,14,4,28.6,0.07,0.25,17.1,1.0,1,1,2.4,1.7,0.12,-0.4,-0.7,21:00:00,/en/matches/b7d32870/Monaco-Paris-Saint-Germain-December-18-2024-Ligue-1
FRA-Ligue 1,2425,Monaco,2025-01-10 Nantes-Monaco,2025-01-10,Matchweek 17,Fri,Away,D,2,2,Nantes,2,15,6,40.0,0.13,0.33,14.6,1.0,0,0,3.4,3.4,0.24,-1.4,-1.4,19:00:00,/en/matches/d6c61854/Nantes-Monaco-January-10-2025-Ligue-1
FRA-Ligue 1,2425,Monaco,2025-01-17 Montpellier-Monaco,2025-01-17,Matchweek 18,Fri,Away,L,1,2,Montpellier,1,26,11,42.3,0.04,0.09,16.0,0.0,0,0,1.8,1.8,0.07,-0.8,-0.8,19:00:00,/en/matches/f1e8ac0f/Montpellier-Monaco-January-17-2025-Ligue-1
FRA-Ligue 1,2425,Monaco,2025-01-25 Monaco-Rennes,2025-01-25,Matchweek 19,Sat,Home,W,3,2,Rennes,3,20,9,45.0,0.15,0.33,15.2,0.0,0,0,3.5,3.5,0.19,-0.5,-0.5,17:00:00,/en/matches/5cbd8070/Monaco-Rennes-January-25-2025-Ligue-1
FRA-Ligue 1,2425,Monaco,2025-02-01 Monaco-Auxerre,2025-02-01,Matchweek 20,Sat,Home,W,4,2,Auxerre,4,11,6,54.5,0.36,0.67,13.8,1.0,0,0,2.6,2.6,0.24,1.4,1.4,19:00:00,/en/matches/e6c9fba7/Monaco-Auxerre-February-1-2025-Ligue-1
FRA-Ligue 1,2425,Monaco,2025-02-07 Paris S-G-Monaco,2025-02-07,Matchweek 21,Fri,Away,L,1,4,Paris S-G,1,9,3,33.3,0.11,0.33,16.5,0.0,0,0,0.9,0.9,0.1,0.1,0.1,21:05:00,/en/matches/c79c5813/Paris-Saint-Germain-Monaco-February-7-2025-Ligue-1
FRA-Ligue 1,2425,Monaco,2025-02-15 Monaco-Nantes,2025-02-15,Matchweek 22,Sat,Home,W,7,1,Nantes,7,21,10,47.6,0.29,0.6,15.1,0.0,1,1,4.4,3.6,0.17,2.6,2.4,19:00:00,/en/matches/25fd86bc/Monaco-Nantes-February-15-2025-Ligue-1
FRA-Ligue 1,2425,Monaco,2025-02-22 Lille-Monaco,2025-02-22,Matchweek 23,Sat,Away,L,1,2,Lille,1,13,3,23.1,0.08,0.33,12.8,0.0,0,0,2.3,2.3,0.18,-1.3,-1.3,17:00:00,/en/matches/a62e412a/Lille-Monaco-February-22-2025-Ligue-1
FRA-Ligue 1,2425,Monaco,2025-02-28 Monaco-Reims,2025-02-28,Matchweek 24,Fri,Home,W,3,0,Reims,3,23,9,39.1,0.13,0.33,13.6,0.0,0,0,3.8,3.8,0.17,-0.8,-0.8,20:45:00,/en/matches/f354ea51/Monaco-Reims-February-28-2025-Ligue-1
FRA-Ligue 1,2425,Monaco,2025-03-07 Toulouse-Monaco,2025-03-07,Matchweek 25,Fri,Away,D,1,1,Toulouse,1,13,3,23.1,0.08,0.33,12.8,0.0,0,0,2.4,2.4,0.19,-1.4,-1.4,20:45:00,/en/matches/807e72ae/Toulouse-Monaco-March-7-2025-Ligue-1
FRA-Ligue 1,2425,Monaco,2025-03-15 Angers-Monaco,2025-03-15,Matchweek 26,Sat,Away,W,2,0,Angers,2,15,4,26.7,0.07,0.25,17.9,0.0,1,1,2.0,1.3,0.08,0.0,-0.3,19:00:00,/en/matches/ccd56c5d/Angers-Monaco-March-15-2025-Ligue-1
FRA-Ligue 1,2425,Monaco,2025-03-29 Monaco-Nice,2025-03-29,Matchweek 27,Sat,Home,W,2,1,Nice,2,16,5,31.3,0.13,0.4,17.8,0.0,0,1,2.4,1.6,0.1,-0.4,0.4,21:05:00,/en/matches/b5952890/Monaco-Nice-March-29-2025-Ligue-1
FRA-Ligue 1,2425,Monaco,2025-04-05 Brest-Monaco,2025-04-05,Matchweek 28,Sat,Away,L,1,2,Brest,1,9,1,11.1,0.0,0.0,15.8,0.0,1,1,1.5,0.9,0.1,-0.5,-0.9,19:00:00,/en/matches/3b8a372d/Brest-Monaco-April-5-2025-Ligue-1
FRA-Ligue 1,2425,Monaco,2025-04-12 Monaco-Marseille,2025-04-12,Matchweek 29,Sat,Home,W,3,0,Marseille,3,14,9,64.3,0.14,0.22,17.0,0.0,1,1,2.6,1.8,0.13,0.4,0.2,17:00:00,/en/matches/b1f79298/Monaco-Marseille-April-12-2025-Ligue-1
FRA-Ligue 1,2425,Monaco,2025-04-19 Monaco-Strasbourg,2025-04-19,Matchweek 30,Sat,Home,D,0,0,Strasbourg,0,12,4,33.3,0.0,0.0,15.6,0.0,0,0,0.9,0.9,0.08,-0.9,-0.9,19:00:00,/en/matches/bdddd15d/Monaco-Strasbourg-April-19-2025-Ligue-1
FRA-Ligue 1,2425,Monaco,2025-04-26 Le Havre-Monaco,2025-04-26,Matchweek 31,Sat,Away,D,1,1,Le Havre,1,20,7,35.0,0.05,0.14,13.7,0.0,0,0,2.9,2.9,0.16,-1.9,-1.9,19:00:00,/en/matches/6ec53da1/Le-Havre-Monaco-April-26-2025-Ligue-1
FRA-Ligue 1,2425,Monaco,2025-05-03 Saint-Étienne-Monaco,2025-05-03,Matchweek 32,Sat,Away,W,3,1,Saint-Étienne,3,12,6,50.0,0.25,0.5,17.1,1.0,0,0,2.0,2.0,0.17,1.0,1.0,21:05:00,/en/matches/4e6718ec/Saint-Etienne-Monaco-May-3-2025-Ligue-1
FRA-Ligue 1,2425,Monaco,2025-05-10 Monaco-Lyon,2025-05-10,Matchweek 33,Sat,Home,W,2,0,Lyon,2,11,5,45.5,0.18,0.4,13.0,1.0,0,0,1.2,1.2,0.11,0.8,0.8,21:00:00,/en/matches/279e9cba/Monaco-Lyon-May-10-2025-Ligue-1
FRA-Ligue 1,2425,Monaco,2025-05-17 Lens-Monaco,2025-05-17,Matchweek 34,Sat,Away,L,0,4,Lens,0,6,4,66.7,0.0,0.0,19.9,0.0,0,0,0.5,0.5,0.08,-0.5,-0.5,21:00:00,/en/matches/d2408c01/Lens-Monaco-May-17-2025-Ligue-1
FRA-Ligue 1,2425,Montpellier,2024-08-18 Montpellier-Strasbourg,2024-08-18,Matchweek 1,Sun,Home,D,1,1,Strasbourg,1,7,4,57.1,0.0,0.0,17.9,0.0,1,1,1.3,0.6,0.09,-0.3,-0.6,17:00:00,/en/matches/652abd24/Montpellier-Strasbourg-August-18-2024-Ligue-1
FRA-Ligue 1,2425,Montpellier,2024-08-23 Paris S-G-Montpellier,2024-08-23,Matchweek 2,Fri,Away,L,0,6,Paris S-G,0,8,3,37.5,0.0,0.0,15.9,1.0,0,0,0.6,0.6,0.08,-0.6,-0.6,20:45:00,/en/matches/910be353/Paris-Saint-Germain-Montpellier-August-23-2024-Ligue-1
FRA-Ligue 1,2425,Montpellier,2024-08-31 Montpellier-Nantes,2024-08-31,Matchweek 3,Sat,Home,L,1,3,Nantes,1,10,4,40.0,0.1,0.25,22.6,2.0,0,0,0.9,0.9,0.09,0.1,0.1,19:00:00,/en/matches/5b8c614c/Montpellier-Nantes-August-31-2024-Ligue-1
FRA-Ligue 1,2425,Montpellier,2024-09-15 Rennes-Montpellier,2024-09-15,Matchweek 4,Sun,Away,L,0,3,Rennes,0,12,4,33.3,0.0,0.0,23.5,0.0,0,0,0.3,0.3,0.03,-0.3,-0.3,15:00:00,/en/matches/984e7243/Rennes-Montpellier-September-15-2024-Ligue-1
FRA-Ligue 1,2425,Montpellier,2024-09-22 Montpellier-Auxerre,2024-09-22,Matchweek 5,Sun,Home,W,3,2,Auxerre,3,14,4,28.6,0.21,0.75,14.4,0.0,0,0,2.0,2.0,0.15,1.0,1.0,17:00:00,/en/matches/ac95cb33/Montpellier-Auxerre-September-22-2024-Ligue-1
FRA-Ligue 1,2425,Montpellier,2024-09-28 Monaco-Montpellier,2024-09-28,Matchweek 6,Sat,Away,L,1,2,Monaco,1,9,3,33.3,0.11,0.33,20.4,1.0,0,0,0.9,0.9,0.1,0.1,0.1,21:00:00,/en/matches/54ce742c/Monaco-Montpellier-September-28-2024-Ligue-1
FRA-Ligue 1,2425,Montpellier,2024-10-06 Reims-Montpellier,2024-10-06,Matchweek 7,Sun,Away,L,2,4,Reims,2,10,3,30.0,0.2,0.67,23.2,0.0,0,0,0.5,0.5,0.05,1.5,1.5,17:00:00,/en/matches/843fb71f/Reims-Montpellier-October-6-2024-Ligue-1
FRA-Ligue 1,2425,Montpellier,2024-10-20 Montpellier-Marseille,2024-10-20,Matchweek 8,Sun,Home,L,0,5,Marseille,0,13,5,38.5,0.0,0.0,18.9,1.0,0,0,1.3,1.3,0.1,-1.3,-1.3,20:45:00,/en/matches/0f332030/Montpellier-Marseille-October-20-2024-Ligue-1
FRA-Ligue 1,2425,Montpellier,2024-10-27 Montpellier-Toulouse,2024-10-27,Matchweek 9,Sun,Home,L,0,3,Toulouse,0,9,2,22.2,0.0,0.0,27.3,2.0,0,0,0.2,0.2,0.02,-0.2,-0.2,17:00:00,/en/matches/49e6789d/Montpellier-Toulouse-October-27-2024-Ligue-1
FRA-Ligue 1,2425,Montpellier,2024-11-03 Le Havre-Montpellier,2024-11-03,Matchweek 10,Sun,Away,L,0,1,Le Havre,0,15,1,6.7,0.0,0.0,18.0,0.0,0,0,1.0,1.0,0.07,-1.0,-1.0,17:00:00,/en/matches/a537aa6e/Le-Havre-Montpellier-November-3-2024-Ligue-1
FRA-Ligue 1,2425,Montpellier,2024-11-10 Montpellier-Brest,2024-11-10,Matchweek 11,Sun,Home,W,3,1,Brest,3,12,6,50.0,0.17,0.33,23.0,1.0,1,2,2.5,0.9,0.08,0.5,1.1,17:00:00,/en/matches/8ab9a941/Montpellier-Brest-November-10-2024-Ligue-1
FRA-Ligue 1,2425,Montpellier,2024-11-23 Saint-Étienne-Montpellier,2024-11-23,Matchweek 12,Sat,Away,L,0,1,Saint-Étienne,0,11,3,27.3,0.0,0.0,20.4,2.0,0,0,0.9,0.9,0.09,-0.9,-0.9,19:00:00,/en/matches/90c0c091/Saint-Etienne-Montpellier-November-23-2024-Ligue-1
FRA-Ligue 1,2425,Montpellier,2024-12-01 Montpellier-Lille,2024-12-01,Matchweek 13,Sun,Home,D,2,2,Lille,2,11,5,45.5,0.18,0.4,17.0,0.0,0,0,1.4,1.4,0.13,0.6,0.6,15:00:00,/en/matches/76b0b7f1/Montpellier-Lille-December-1-2024-Ligue-1
FRA-Ligue 1,2425,Montpellier,2024-12-08 Lens-Montpellier,2024-12-08,Matchweek 14,Sun,Away,L,0,2,Lens,0,7,3,42.9,0.0,0.0,13.0,0.0,0,0,1.0,1.0,0.16,-1.0,-1.0,15:00:00,/en/matches/bb9a5ad3/Lens-Montpellier-December-8-2024-Ligue-1
FRA-Ligue 1,2425,Montpellier,2024-12-15 Montpellier-Nice,2024-12-15,Matchweek 15,Sun,Home,D,2,2,Nice,2,21,8,38.1,0.1,0.25,16.3,0.0,0,0,2.0,2.0,0.09,0.0,0.0,15:00:00,/en/matches/479d06f8/Montpellier-Nice-December-15-2024-Ligue-1
FRA-Ligue 1,2425,Montpellier,2025-01-04 Lyon-Montpellier,2025-01-04,Matchweek 16,Sat,Away,L,0,1,Lyon,0,16,6,37.5,0.0,0.0,19.7,1.0,0,0,1.2,1.2,0.07,-1.2,-1.2,21:00:00,/en/matches/6c34a34e/Lyon-Montpellier-January-4-2025-Ligue-1
FRA-Ligue 1,2425,Montpellier,2025-01-12 Montpellier-Angers,2025-01-12,Matchweek 17,Sun,Home,L,1,3,Angers,1,7,2,28.6,0.0,0.0,22.1,0.0,1,1,1.2,0.4,0.06,-0.2,-0.4,17:15:00,/en/matches/1184c4fd/Montpellier-Angers-January-12-2025-Ligue-1
FRA-Ligue 1,2425,Montpellier,2025-01-17 Montpellier-Monaco,2025-01-17,Matchweek 18,Fri,Home,W,2,1,Monaco,2,12,4,33.3,0.17,0.5,16.1,2.0,0,0,2.4,2.4,0.2,-0.4,-0.4,19:00:00,/en/matches/f1e8ac0f/Montpellier-Monaco-January-17-2025-Ligue-1
FRA-Ligue 1,2425,Montpellier,2025-01-26 Toulouse-Montpellier,2025-01-26,Matchweek 19,Sun,Away,W,2,1,Toulouse,2,6,4,66.7,0.33,0.5,17.1,0.0,0,0,0.5,0.5,0.09,1.5,1.5,17:15:00,/en/matches/81e5185d/Toulouse-Montpellier-January-26-2025-Ligue-1
FRA-Ligue 1,2425,Montpellier,2025-01-31 Montpellier-Lens,2025-01-31,Matchweek 20,Fri,Home,L,0,2,Lens,0,14,2,14.3,0.0,0.0,17.0,1.0,0,0,0.8,0.8,0.06,-0.8,-0.8,20:45:00,/en/matches/3652d822/Montpellier-Lens-January-31-2025-Ligue-1
FRA-Ligue 1,2425,Montpellier,2025-02-09 Strasbourg-Montpellier,2025-02-09,Matchweek 21,Sun,Away,L,0,2,Strasbourg,0,11,2,18.2,0.0,0.0,18.3,1.0,0,0,1.8,1.8,0.17,-1.8,-1.8,17:15:00,/en/matches/0886a1bd/Strasbourg-Montpellier-February-9-2025-Ligue-1
FRA-Ligue 1,2425,Montpellier,2025-02-16 Montpellier-Lyon,2025-02-16,Matchweek 22,Sun,Home,L,1,4,Lyon,1,11,4,36.4,0.09,0.25,21.6,1.0,0,0,1.4,1.4,0.13,-0.4,-0.4,15:00:00,/en/matches/1a0c79f0/Montpellier-Lyon-February-16-2025-Ligue-1
FRA-Ligue 1,2425,Montpellier,2025-02-23 Nice-Montpellier,2025-02-23,Matchweek 23,Sun,Away,L,0,2,Nice,0,13,1,7.7,0.0,0.0,22.2,1.0,0,0,0.6,0.6,0.04,-0.6,-0.6,17:15:00,/en/matches/920fad0c/Nice-Montpellier-February-23-2025-Ligue-1
FRA-Ligue 1,2425,Montpellier,2025-03-02 Montpellier-Rennes,2025-03-02,Matchweek 24,Sun,Home,L,0,4,Rennes,0,16,5,31.3,0.0,0.0,19.7,0.0,0,0,1.6,1.6,0.1,-1.6,-1.6,17:15:00,/en/matches/5739a5ae/Montpellier-Rennes-March-2-2025-Ligue-1
FRA-Ligue 1,2425,Montpellier,2025-03-08 Lille-Montpellier,2025-03-08,Matchweek 25,Sat,Away,L,0,1,Lille,0,10,3,30.0,0.0,0.0,25.3,1.0,0,0,0.3,0.3,0.03,-0.3,-0.3,19:00:00,/en/matches/3de20b0f/Lille-Montpellier-March-8-2025-Ligue-1
FRA-Ligue 1,2425,Montpellier,2025-03-16 Montpellier-Saint-Étienne,2025-03-16,Matchweek 26,Sun,Home,L,0,2,Saint-Étienne,0,13,3,23.1,0.0,0.0,,,0,0,,,,,,17:15:00,/en/matches/15ee650c/Montpellier-Saint-Etienne-March-16-2025-Ligue-1
FRA-Ligue 1,2425,Montpellier,2025-03-30 Auxerre-Montpellier,2025-03-30,Matchweek 27,Sun,Away,L,0,1,Auxerre,0,12,1,8.3,0.0,0.0,24.1,0.0,0,0,0.5,0.5,0.04,-0.5,-0.5,17:15:00,/en/matches/dea614ff/Auxerre-Montpellier-March-30-2025-Ligue-1
FRA-Ligue 1,2425,Montpellier,2025-04-06 Montpellier-Le Havre,2025-04-06,Matchweek 28,Sun,Home,L,0,2,Le Havre,0,14,6,42.9,0.0,0.0,15.4,0.0,0,0,1.0,1.0,0.07,-1.0,-1.0,17:15:00,/en/matches/0f9ee6ec/Montpellier-Le-Havre-April-6-2025-Ligue-1
FRA-Ligue 1,2425,Montpellier,2025-04-13 Angers-Montpellier,2025-04-13,Matchweek 29,Sun,Away,L,0,2,Angers,0,5,2,40.0,0.0,0.0,16.6,0.0,0,0,0.5,0.5,0.1,-0.5,-0.5,17:15:00,/en/matches/47a1a48a/Angers-Montpellier-April-13-2025-Ligue-1
FRA-Ligue 1,2425,Montpellier,2025-04-19 Marseille-Montpellier,2025-04-19,Matchweek 30,Sat,Away,L,1,5,Marseille,1,6,1,16.7,0.17,1.0,19.6,1.0,0,0,0.3,0.3,0.05,0.7,0.7,21:05:00,/en/matches/5a01308b/Marseille-Montpellier-April-19-2025-Ligue-1
FRA-Ligue 1,2425,Montpellier,2025-04-27 Montpellier-Reims,2025-04-27,Matchweek 31,Sun,Home,D,0,0,Reims,0,12,2,16.7,0.0,0.0,19.9,1.0,0,0,0.6,0.6,0.05,-0.6,-0.6,17:15:00,/en/matches/6ff732c6/Montpellier-Reims-April-27-2025-Ligue-1
FRA-Ligue 1,2425,Montpellier,2025-05-04 Brest-Montpellier,2025-05-04,Matchweek 32,Sun,Away,L,0,1,Brest,0,6,1,16.7,0.0,0.0,18.9,0.0,0,0,0.5,0.5,0.08,-0.5,-0.5,17:15:00,/en/matches/14d0b54f/Brest-Montpellier-May-4-2025-Ligue-1
FRA-Ligue 1,2425,Montpellier,2025-05-10 Montpellier-Paris S-G,2025-05-10,Matchweek 33,Sat,Home,L,1,4,Paris S-G,1,9,4,44.4,0.11,0.25,20.0,0.0,0,0,0.6,0.6,0.07,0.4,0.4,21:00:00,/en/matches/d083b7fa/Montpellier-Paris-Saint-Germain-May-10-2025-Ligue-1
FRA-Ligue 1,2425,Montpellier,2025-05-17 Nantes-Montpellier,2025-05-17,Matchweek 34,Sat,Away,L,0,3,Nantes,0,9,0,0.0,0.0,,16.3,0.0,0,0,0.8,0.8,0.09,-0.8,-0.8,21:00:00,/en/matches/9b0e5db4/Nantes-Montpellier-May-17-2025-Ligue-1
FRA-Ligue 1,2425,Nantes,2024-08-18 Toulouse-Nantes,2024-08-18,Matchweek 1,Sun,Away,D,0,0,Toulouse,0,10,2,20.0,0.0,0.0,15.5,0.0,0,0,0.5,0.5,0.05,-0.5,-0.5,17:00:00,/en/matches/67b3b54c/Toulouse-Nantes-August-18-2024-Ligue-1
FRA-Ligue 1,2425,Nantes,2024-08-25 Nantes-Auxerre,2024-08-25,Matchweek 2,Sun,Home,W,2,0,Auxerre,2,9,5,55.6,0.22,0.4,16.7,1.0,0,0,1.4,1.4,0.16,0.6,0.6,17:00:00,/en/matches/57fe0d50/Nantes-Auxerre-August-25-2024-Ligue-1
FRA-Ligue 1,2425,Nantes,2024-08-31 Montpellier-Nantes,2024-08-31,Matchweek 3,Sat,Away,W,3,1,Montpellier,3,8,3,37.5,0.25,0.67,18.8,0.0,1,1,1.5,0.7,0.09,1.5,1.3,19:00:00,/en/matches/5b8c614c/Montpellier-Nantes-August-31-2024-Ligue-1
FRA-Ligue 1,2425,Nantes,2024-09-15 Nantes-Reims,2024-09-15,Matchweek 4,Sun,Home,L,1,2,Reims,1,18,6,33.3,0.06,0.17,18.4,0.0,0,0,1.5,1.5,0.09,-0.5,-0.5,17:00:00,/en/matches/1411fc56/Nantes-Reims-September-15-2024-Ligue-1
FRA-Ligue 1,2425,Nantes,2024-09-22 Angers-Nantes,2024-09-22,Matchweek 5,Sun,Away,D,1,1,Angers,1,9,3,33.3,0.11,0.33,14.8,0.0,0,0,0.6,0.6,0.07,0.4,0.4,17:00:00,/en/matches/601ddfc9/Angers-Nantes-September-22-2024-Ligue-1
FRA-Ligue 1,2425,Nantes,2024-09-29 Nantes-Saint-Étienne,2024-09-29,Matchweek 6,Sun,Home,D,2,2,Saint-Étienne,2,16,3,18.8,0.13,0.67,13.4,0.0,0,0,1.8,1.8,0.11,0.2,0.2,17:00:00,/en/matches/38a94d90/Nantes-Saint-Etienne-September-29-2024-Ligue-1
FRA-Ligue 1,2425,Nantes,2024-10-06 Lyon-Nantes,2024-10-06,Matchweek 7,Sun,Away,L,0,2,Lyon,0,11,6,54.5,0.0,0.0,15.0,0.0,0,0,0.9,0.9,0.08,-0.9,-0.9,15:00:00,/en/matches/1cefcdb4/Lyon-Nantes-October-6-2024-Ligue-1
FRA-Ligue 1,2425,Nantes,2024-10-20 Nantes-Nice,2024-10-20,Matchweek 8,Sun,Home,D,1,1,Nice,1,11,7,63.6,0.09,0.14,19.5,0.0,0,0,0.5,0.5,0.04,0.5,0.5,17:00:00,/en/matches/706313e8/Nantes-Nice-October-20-2024-Ligue-1
FRA-Ligue 1,2425,Nantes,2024-10-27 Strasbourg-Nantes,2024-10-27,Matchweek 9,Sun,Away,L,1,3,Strasbourg,1,8,6,75.0,0.13,0.17,12.5,0.0,0,0,0.7,0.7,0.1,0.3,0.3,17:00:00,/en/matches/98168e71/Strasbourg-Nantes-October-27-2024-Ligue-1
FRA-Ligue 1,2425,Nantes,2024-11-03 Nantes-Marseille,2024-11-03,Matchweek 10,Sun,Home,L,1,2,Marseille,1,7,3,42.9,0.14,0.33,13.1,0.0,0,0,1.4,1.4,0.19,-0.4,-0.4,20:45:00,/en/matches/53893177/Nantes-Marseille-November-3-2024-Ligue-1
FRA-Ligue 1,2425,Nantes,2024-11-09 Lens-Nantes,2024-11-09,Matchweek 11,Sat,Away,L,2,3,Lens,2,8,2,25.0,0.13,0.5,21.8,0.0,1,1,1.4,0.6,0.08,0.6,0.4,19:00:00,/en/matches/172c33b7/Lens-Nantes-November-9-2024-Ligue-1
FRA-Ligue 1,2425,Nantes,2024-11-24 Nantes-Le Havre,2024-11-24,Matchweek 12,Sun,Home,L,0,2,Le Havre,0,18,4,22.2,0.0,0.0,19.1,0.0,0,0,0.9,0.9,0.05,-0.9,-0.9,17:00:00,/en/matches/a27a021f/Nantes-Le-Havre-November-24-2024-Ligue-1
FRA-Ligue 1,2425,Nantes,2024-11-30 Paris S-G-Nantes,2024-11-30,Matchweek 13,Sat,Away,D,1,1,Paris S-G,1,5,2,40.0,0.2,0.5,10.8,0.0,0,0,0.8,0.8,0.16,0.2,0.2,21:00:00,/en/matches/b898e0fa/Paris-Saint-Germain-Nantes-November-30-2024-Ligue-1
FRA-Ligue 1,2425,Nantes,2024-12-08 Nantes-Rennes,2024-12-08,Matchweek 14,Sun,Home,W,1,0,Rennes,1,14,2,14.3,0.07,0.5,15.3,0.0,0,0,1.2,1.2,0.08,-0.2,-0.2,17:00:00,/en/matches/f45bb195/Nantes-Rennes-December-8-2024-Ligue-1
FRA-Ligue 1,2425,Nantes,2024-12-15 Brest-Nantes,2024-12-15,Matchweek 15,Sun,Away,L,1,4,Brest,1,16,7,43.8,0.06,0.14,15.0,0.0,0,0,1.1,1.1,0.07,-0.1,-0.1,17:00:00,/en/matches/59e6278a/Brest-Nantes-December-15-2024-Ligue-1
FRA-Ligue 1,2425,Nantes,2025-01-04 Lille-Nantes,2025-01-04,Matchweek 16,Sat,Away,D,1,1,Lille,1,5,1,20.0,0.0,0.0,21.2,0.0,1,1,1.3,0.5,0.11,-0.3,-0.5,19:00:00,/en/matches/185f0c34/Lille-Nantes-January-4-2025-Ligue-1
FRA-Ligue 1,2425,Nantes,2025-01-10 Nantes-Monaco,2025-01-10,Matchweek 17,Fri,Home,D,2,2,Monaco,2,10,4,40.0,0.2,0.5,15.0,0.0,0,0,0.8,0.8,0.08,1.2,1.2,19:00:00,/en/matches/d6c61854/Nantes-Monaco-January-10-2025-Ligue-1
FRA-Ligue 1,2425,Nantes,2025-01-19 Saint-Étienne-Nantes,2025-01-19,Matchweek 18,Sun,Away,D,1,1,Saint-Étienne,1,8,4,50.0,0.13,0.25,14.0,0.0,0,0,1.3,1.3,0.17,-0.3,-0.3,15:00:00,/en/matches/c47f8bb5/Saint-Etienne-Nantes-January-19-2025-Ligue-1
FRA-Ligue 1,2425,Nantes,2025-01-26 Nantes-Lyon,2025-01-26,Matchweek 19,Sun,Home,D,1,1,Lyon,1,7,5,71.4,0.14,0.2,14.2,0.0,0,0,1.2,1.2,0.18,-0.2,-0.2,17:15:00,/en/matches/b90ceb47/Nantes-Lyon-January-26-2025-Ligue-1
FRA-Ligue 1,2425,Nantes,2025-02-02 Reims-Nantes,2025-02-02,Matchweek 20,Sun,Away,W,2,1,Reims,2,11,6,54.5,0.18,0.33,12.0,0.0,0,0,2.0,2.0,0.21,0.0,0.0,17:15:00,/en/matches/eee9fd86/Reims-Nantes-February-2-2025-Ligue-1
FRA-Ligue 1,2425,Nantes,2025-02-07 Nantes-Brest,2025-02-07,Matchweek 21,Fri,Home,L,0,2,Brest,0,15,2,13.3,0.0,0.0,13.8,1.0,0,0,1.1,1.1,0.07,-1.1,-1.1,19:00:00,/en/matches/606c7cad/Nantes-Brest-February-7-2025-Ligue-1
FRA-Ligue 1,2425,Nantes,2025-02-15 Monaco-Nantes,2025-02-15,Matchweek 22,Sat,Away,L,1,7,Monaco,1,6,2,33.3,0.17,0.5,14.4,0.0,0,0,1.4,1.4,0.24,-0.4,-0.4,19:00:00,/en/matches/25fd86bc/Monaco-Nantes-February-15-2025-Ligue-1
FRA-Ligue 1,2425,Nantes,2025-02-23 Nantes-Lens,2025-02-23,Matchweek 23,Sun,Home,W,3,1,Lens,3,16,7,43.8,0.13,0.29,12.2,0.0,1,1,3.9,3.2,0.23,-0.9,-1.2,15:00:00,/en/matches/24e266d4/Nantes-Lens-February-23-2025-Ligue-1
FRA-Ligue 1,2425,Nantes,2025-03-02 Marseille-Nantes,2025-03-02,Matchweek 24,Sun,Away,L,0,2,Marseille,0,8,2,25.0,0.0,0.0,17.7,0.0,0,0,0.8,0.8,0.1,-0.8,-0.8,20:45:00,/en/matches/ef2b73e7/Marseille-Nantes-March-2-2025-Ligue-1
FRA-Ligue 1,2425,Nantes,2025-03-09 Nantes-Strasbourg,2025-03-09,Matchweek 25,Sun,Home,L,0,1,Strasbourg,0,11,2,18.2,0.0,0.0,16.0,0.0,0,0,0.8,0.8,0.07,-0.8,-0.8,17:15:00,/en/matches/01d100ee/Nantes-Strasbourg-March-9-2025-Ligue-1
FRA-Ligue 1,2425,Nantes,2025-03-15 Nantes-Lille,2025-03-15,Matchweek 26,Sat,Home,W,1,0,Lille,1,10,2,20.0,0.1,0.5,12.7,0.0,0,0,1.2,1.2,0.12,-0.2,-0.2,17:00:00,/en/matches/e91d94ec/Nantes-Lille-March-15-2025-Ligue-1
FRA-Ligue 1,2425,Nantes,2025-03-30 Le Havre-Nantes,2025-03-30,Matchweek 27,Sun,Away,L,2,3,Le Havre,2,7,2,28.6,0.29,1.0,16.1,1.0,0,0,0.8,0.8,0.11,1.2,1.2,17:15:00,/en/matches/a48ef3f0/Le-Havre-Nantes-March-30-2025-Ligue-1
FRA-Ligue 1,2425,Nantes,2025-04-04 Nice-Nantes,2025-04-04,Matchweek 28,Fri,Away,W,2,1,Nice,2,8,4,50.0,0.25,0.5,20.8,0.0,0,0,0.5,0.5,0.07,1.5,1.5,20:45:00,/en/matches/3b3118ec/Nice-Nantes-April-4-2025-Ligue-1
FRA-Ligue 1,2425,Nantes,2025-04-18 Rennes-Nantes,2025-04-18,Matchweek 30,Fri,Away,L,1,2,Rennes,1,4,1,25.0,0.25,1.0,14.1,0.0,0,0,0.7,0.7,0.17,0.3,0.3,20:45:00,/en/matches/6dc7499b/Rennes-Nantes-April-18-2025-Ligue-1
FRA-Ligue 1,2425,Nantes,2025-04-22 Nantes-Paris S-G,2025-04-22,Matchweek 29,Tue,Home,D,1,1,Paris S-G,1,8,2,25.0,0.13,0.5,20.5,0.0,0,0,0.5,0.5,0.06,0.5,0.5,20:45:00,/en/matches/170d66ea/Nantes-Paris-Saint-Germain-April-22-2025-Ligue-1
FRA-Ligue 1,2425,Nantes,2025-04-27 Nantes-Toulouse,2025-04-27,Matchweek 31,Sun,Home,D,0,0,Toulouse,0,11,3,27.3,0.0,0.0,14.6,0.0,0,0,1.1,1.1,0.1,-1.1,-1.1,17:15:00,/en/matches/94a42dc1/Nantes-Toulouse-April-27-2025-Ligue-1
FRA-Ligue 1,2425,Nantes,2025-05-04 Nantes-Angers,2025-05-04,Matchweek 32,Sun,Home,L,0,1,Angers,0,8,3,37.5,0.0,0.0,19.3,0.0,0,0,0.5,0.5,0.07,-0.5,-0.5,15:00:00,/en/matches/e467e10c/Nantes-Angers-May-4-2025-Ligue-1
FRA-Ligue 1,2425,Nantes,2025-05-10 Auxerre-Nantes,2025-05-10,Matchweek 33,Sat,Away,D,1,1,Auxerre,1,7,2,28.6,0.14,0.5,20.3,1.0,0,0,0.7,0.7,0.1,0.3,0.3,21:00:00,/en/matches/2cfd2ba4/Auxerre-Nantes-May-10-2025-Ligue-1
FRA-Ligue 1,2425,Nantes,2025-05-17 Nantes-Montpellier,2025-05-17,Matchweek 34,Sat,Home,W,3,0,Montpellier,3,17,4,23.5,0.12,0.5,16.2,0.0,1,1,2.5,1.7,0.1,0.5,0.3,21:00:00,/en/matches/9b0e5db4/Nantes-Montpellier-May-17-2025-Ligue-1
FRA-Ligue 1,2425,Nice,2024-08-18 Auxerre-Nice,2024-08-18,Matchweek 1,Sun,Away,L,1,2,Auxerre,1,9,2,22.2,0.11,0.5,14.4,1.0,0,0,0.7,0.7,0.08,0.3,0.3,15:00:00,/en/matches/18a24a50/Auxerre-Nice-August-18-2024-Ligue-1
FRA-Ligue 1,2425,Nice,2024-08-25 Nice-Toulouse,2024-08-25,Matchweek 2,Sun,Home,D,1,1,Toulouse,1,11,3,27.3,0.09,0.33,13.6,1.0,0,0,1.3,1.3,0.12,-0.3,-0.3,17:00:00,/en/matches/33b61302/Nice-Toulouse-August-25-2024-Ligue-1
FRA-Ligue 1,2425,Nice,2024-09-01 Angers-Nice,2024-09-01,Matchweek 3,Sun,Away,W,4,1,Angers,4,14,8,57.1,0.29,0.5,15.3,0.0,0,0,2.2,2.2,0.17,1.8,1.8,17:00:00,/en/matches/97e962bb/Angers-Nice-September-1-2024-Ligue-1
FRA-Ligue 1,2425,Nice,2024-09-14 Marseille-Nice,2024-09-14,Matchweek 4,Sat,Away,L,0,2,Marseille,0,12,4,33.3,0.0,0.0,13.6,1.0,0,0,1.9,1.9,0.17,-1.9,-1.9,17:00:00,/en/matches/2034c29c/Marseille-Nice-September-14-2024-Ligue-1
FRA-Ligue 1,2425,Nice,2024-09-20 Nice-Saint-Étienne,2024-09-20,Matchweek 5,Fri,Home,W,8,0,Saint-Étienne,7,17,11,64.7,0.35,0.55,15.3,0.0,1,1,4.7,3.9,0.27,2.3,2.1,20:45:00,/en/matches/85495c0d/Nice-Saint-Etienne-September-20-2024-Ligue-1
FRA-Ligue 1,2425,Nice,2024-09-28 Lens-Nice,2024-09-28,Matchweek 6,Sat,Away,D,0,0,Lens,0,15,4,26.7,0.0,0.0,18.6,3.0,0,0,1.1,1.1,0.08,-1.1,-1.1,17:00:00,/en/matches/340afccd/Lens-Nice-September-28-2024-Ligue-1
FRA-Ligue 1,2425,Nice,2024-10-06 Nice-Paris S-G,2024-10-06,Matchweek 7,Sun,Home,D,1,1,Paris S-G,1,9,3,33.3,0.11,0.33,17.3,0.0,0,0,0.5,0.5,0.05,0.5,0.5,20:45:00,/en/matches/474dd950/Nice-Paris-Saint-Germain-October-6-2024-Ligue-1
FRA-Ligue 1,2425,Nice,2024-10-20 Nantes-Nice,2024-10-20,Matchweek 8,Sun,Away,D,1,1,Nantes,1,13,7,53.8,0.08,0.14,17.6,0.0,0,0,0.8,0.8,0.06,0.2,0.2,17:00:00,/en/matches/706313e8/Nantes-Nice-October-20-2024-Ligue-1
FRA-Ligue 1,2425,Nice,2024-10-27 Nice-Monaco,2024-10-27,Matchweek 9,Sun,Home,W,2,1,Monaco,2,17,9,52.9,0.12,0.22,18.8,0.0,0,0,1.6,1.6,0.1,0.4,0.4,17:00:00,/en/matches/4cbaa8c3/Nice-Monaco-October-27-2024-Ligue-1
FRA-Ligue 1,2425,Nice,2024-11-02 Brest-Nice,2024-11-02,Matchweek 10,Sat,Away,W,1,0,Brest,1,12,3,25.0,0.08,0.33,14.2,0.0,0,0,1.4,1.4,0.12,-0.4,-0.4,19:00:00,/en/matches/0fab1c2f/Brest-Nice-November-2-2024-Ligue-1
FRA-Ligue 1,2425,Nice,2024-11-10 Nice-Lille,2024-11-10,Matchweek 11,Sun,Home,D,2,2,Lille,2,17,5,29.4,0.12,0.4,13.8,0.0,0,0,2.1,2.1,0.12,-0.1,-0.1,15:00:00,/en/matches/e213d881/Nice-Lille-November-10-2024-Ligue-1
FRA-Ligue 1,2425,Nice,2024-11-24 Nice-Strasbourg,2024-11-24,Matchweek 12,Sun,Home,W,2,1,Strasbourg,1,15,5,33.3,0.07,0.2,16.7,1.0,0,0,2.1,2.1,0.14,-1.1,-1.1,20:45:00,/en/matches/5bfe68c5/Nice-Strasbourg-November-24-2024-Ligue-1
FRA-Ligue 1,2425,Nice,2024-12-01 Lyon-Nice,2024-12-01,Matchweek 13,Sun,Away,L,1,4,Lyon,1,16,6,37.5,0.06,0.17,17.1,0.0,0,0,2.1,2.1,0.13,-1.1,-1.1,17:00:00,/en/matches/44194749/Lyon-Nice-December-1-2024-Ligue-1
FRA-Ligue 1,2425,Nice,2024-12-07 Nice-Le Havre,2024-12-07,Matchweek 14,Sat,Home,W,2,1,Le Havre,2,16,4,25.0,0.06,0.25,18.2,1.0,1,1,2.0,1.2,0.08,0.0,-0.2,19:00:00,/en/matches/3a9f8a55/Nice-Le-Havre-December-7-2024-Ligue-1
FRA-Ligue 1,2425,Nice,2024-12-15 Montpellier-Nice,2024-12-15,Matchweek 15,Sun,Away,D,2,2,Montpellier,2,18,6,33.3,0.11,0.33,17.7,1.0,0,0,1.4,1.4,0.08,0.6,0.6,15:00:00,/en/matches/479d06f8/Montpellier-Nice-December-15-2024-Ligue-1
FRA-Ligue 1,2425,Nice,2025-01-03 Nice-Rennes,2025-01-03,Matchweek 16,Fri,Home,W,3,2,Rennes,3,9,6,66.7,0.33,0.5,14.5,0.0,0,0,1.5,1.5,0.17,1.5,1.5,21:00:00,/en/matches/00eeccd9/Nice-Rennes-January-3-2025-Ligue-1
FRA-Ligue 1,2425,Nice,2025-01-11 Reims-Nice,2025-01-11,Matchweek 17,Sat,Away,W,4,2,Reims,4,14,8,57.1,0.21,0.38,15.1,0.0,1,1,2.5,1.7,0.13,1.5,1.3,19:00:00,/en/matches/cdcb7386/Reims-Nice-January-11-2025-Ligue-1
FRA-Ligue 1,2425,Nice,2025-01-17 Lille-Nice,2025-01-17,Matchweek 18,Fri,Away,L,1,2,Lille,1,11,3,27.3,0.09,0.33,12.0,0.0,0,0,2.8,2.8,0.27,-1.8,-1.8,21:05:00,/en/matches/41d92573/Lille-Nice-January-17-2025-Ligue-1
FRA-Ligue 1,2425,Nice,2025-01-26 Nice-Marseille,2025-01-26,Matchweek 19,Sun,Home,W,2,0,Marseille,2,14,5,35.7,0.14,0.4,16.6,0.0,0,0,1.2,1.2,0.09,0.8,0.8,20:45:00,/en/matches/ce373826/Nice-Marseille-January-26-2025-Ligue-1
FRA-Ligue 1,2425,Nice,2025-02-02 Toulouse-Nice,2025-02-02,Matchweek 20,Sun,Away,D,1,1,Toulouse,1,12,2,16.7,0.0,0.0,18.8,0.0,1,1,1.7,0.9,0.07,-0.7,-0.9,15:00:00,/en/matches/af67aa9c/Toulouse-Nice-February-2-2025-Ligue-1
FRA-Ligue 1,2425,Nice,2025-02-08 Nice-Lens,2025-02-08,Matchweek 21,Sat,Home,W,2,0,Lens,2,15,6,40.0,0.07,0.17,16.6,1.0,1,1,2.2,1.4,0.1,-0.2,-0.4,17:00:00,/en/matches/544b155b/Nice-Lens-February-8-2025-Ligue-1
FRA-Ligue 1,2425,Nice,2025-02-16 Le Havre-Nice,2025-02-16,Matchweek 22,Sun,Away,W,3,1,Le Havre,2,9,3,33.3,0.22,0.67,19.9,0.0,0,0,1.4,1.4,0.16,0.6,0.6,17:15:00,/en/matches/e62361b8/Le-Havre-Nice-February-16-2025-Ligue-1
FRA-Ligue 1,2425,Nice,2025-02-23 Nice-Montpellier,2025-02-23,Matchweek 23,Sun,Home,W,2,0,Montpellier,2,16,6,37.5,0.13,0.33,16.5,0.0,0,0,1.8,1.8,0.11,0.2,0.2,17:15:00,/en/matches/920fad0c/Nice-Montpellier-February-23-2025-Ligue-1
FRA-Ligue 1,2425,Nice,2025-03-01 Saint-Étienne-Nice,2025-03-01,Matchweek 24,Sat,Away,W,3,1,Saint-Étienne,2,16,9,56.3,0.13,0.22,14.5,0.0,0,0,1.8,1.8,0.13,0.2,0.2,17:00:00,/en/matches/8a209a58/Saint-Etienne-Nice-March-1-2025-Ligue-1
FRA-Ligue 1,2425,Nice,2025-03-09 Nice-Lyon,2025-03-09,Matchweek 25,Sun,Home,L,0,2,Lyon,0,18,3,16.7,0.0,0.0,18.9,1.0,0,0,1.4,1.4,0.08,-1.4,-1.4,20:45:00,/en/matches/29e9616d/Nice-Lyon-March-9-2025-Ligue-1
FRA-Ligue 1,2425,Nice,2025-03-14 Nice-Auxerre,2025-03-14,Matchweek 26,Fri,Home,D,1,1,Auxerre,1,20,6,30.0,0.05,0.17,13.3,1.0,0,0,2.0,2.0,0.11,-1.0,-1.0,20:45:00,/en/matches/e91c00b1/Nice-Auxerre-March-14-2025-Ligue-1
FRA-Ligue 1,2425,Nice,2025-03-29 Monaco-Nice,2025-03-29,Matchweek 27,Sat,Away,L,1,2,Monaco,1,9,4,44.4,0.11,0.25,16.4,0.0,0,0,0.5,0.5,0.06,0.5,0.5,21:05:00,/en/matches/b5952890/Monaco-Nice-March-29-2025-Ligue-1
FRA-Ligue 1,2425,Nice,2025-04-04 Nice-Nantes,2025-04-04,Matchweek 28,Fri,Home,L,1,2,Nantes,1,21,9,42.9,0.05,0.11,18.4,2.0,0,0,1.9,1.9,0.09,-0.9,-0.9,20:45:00,/en/matches/3b3118ec/Nice-Nantes-April-4-2025-Ligue-1
FRA-Ligue 1,2425,Nice,2025-04-12 Strasbourg-Nice,2025-04-12,Matchweek 29,Sat,Away,D,2,2,Strasbourg,2,23,6,26.1,0.09,0.33,16.7,0.0,0,0,1.7,1.7,0.08,0.3,0.3,21:05:00,/en/matches/55275978/Strasbourg-Nice-April-12-2025-Ligue-1
FRA-Ligue 1,2425,Nice,2025-04-20 Nice-Angers,2025-04-20,Matchweek 30,Sun,Home,W,2,1,Angers,2,22,8,36.4,0.09,0.25,17.2,0.0,0,0,2.8,2.8,0.15,-0.8,-0.8,17:15:00,/en/matches/44e5cf44/Nice-Angers-April-20-2025-Ligue-1
FRA-Ligue 1,2425,Nice,2025-04-25 Paris S-G-Nice,2025-04-25,Matchweek 31,Fri,Away,W,3,1,Paris S-G,3,7,3,42.9,0.43,1.0,12.9,0.0,0,0,1.0,1.0,0.14,2.0,2.0,20:45:00,/en/matches/ae345c9c/Paris-Saint-Germain-Nice-April-25-2025-Ligue-1
FRA-Ligue 1,2425,Nice,2025-05-02 Nice-Reims,2025-05-02,Matchweek 32,Fri,Home,W,1,0,Reims,1,8,2,25.0,0.13,0.5,17.9,0.0,0,0,1.5,1.5,0.19,-0.5,-0.5,20:45:00,/en/matches/2e39c335/Nice-Reims-May-2-2025-Ligue-1
FRA-Ligue 1,2425,Nice,2025-05-10 Rennes-Nice,2025-05-10,Matchweek 33,Sat,Away,L,0,2,Rennes,0,14,6,42.9,0.0,0.0,16.3,0.0,0,0,1.1,1.1,0.08,-1.1,-1.1,21:00:00,/en/matches/db5269b6/Rennes-Nice-May-10-2025-Ligue-1
FRA-Ligue 1,2425,Nice,2025-05-17 Nice-Brest,2025-05-17,Matchweek 34,Sat,Home,W,6,0,Brest,6,17,8,47.1,0.29,0.63,14.1,0.0,1,1,4.9,4.1,0.31,1.1,0.9,21:00:00,/en/matches/4ff4d64e/Nice-Brest-May-17-2025-Ligue-1
FRA-Ligue 1,2425,Paris S-G,2024-08-16 Le Havre-Paris S-G,2024-08-16,Matchweek 1,Fri,Away,W,4,1,Le Havre,4,14,8,57.1,0.21,0.38,15.2,0.0,1,1,2.9,2.1,0.15,1.1,0.9,20:45:00,/en/matches/a6b98e33/Le-Havre-Paris-Saint-Germain-August-16-2024-Ligue-1
FRA-Ligue 1,2425,Paris S-G,2024-08-23 Paris S-G-Montpellier,2024-08-23,Matchweek 2,Fri,Home,W,6,0,Montpellier,6,27,11,40.7,0.22,0.55,17.0,4.0,0,0,3.8,3.8,0.14,2.2,2.2,20:45:00,/en/matches/910be353/Paris-Saint-Germain-Montpellier-August-23-2024-Ligue-1
FRA-Ligue 1,2425,Paris S-G,2024-09-01 Lille-Paris S-G,2024-09-01,Matchweek 3,Sun,Away,W,3,1,Lille,3,10,6,60.0,0.2,0.33,13.4,0.0,1,1,2.6,1.8,0.18,0.4,0.2,20:45:00,/en/matches/49234140/Lille-Paris-Saint-Germain-September-1-2024-Ligue-1
FRA-Ligue 1,2425,Paris S-G,2024-09-14 Paris S-G-Brest,2024-09-14,Matchweek 4,Sat,Home,W,3,1,Brest,3,22,9,40.9,0.14,0.33,16.2,0.0,0,0,2.8,2.8,0.13,0.2,0.2,21:00:00,/en/matches/f22a7db0/Paris-Saint-Germain-Brest-September-14-2024-Ligue-1
FRA-Ligue 1,2425,Paris S-G,2024-09-21 Reims-Paris S-G,2024-09-21,Matchweek 5,Sat,Away,D,1,1,Reims,1,11,4,36.4,0.09,0.25,14.6,0.0,0,0,1.6,1.6,0.14,-0.6,-0.6,21:00:00,/en/matches/7274e9a5/Reims-Paris-Saint-Germain-September-21-2024-Ligue-1
FRA-Ligue 1,2425,Paris S-G,2024-09-27 Paris S-G-Rennes,2024-09-27,Matchweek 6,Fri,Home,W,3,1,Rennes,3,23,7,30.4,0.13,0.43,16.0,0.0,0,0,3.0,3.0,0.13,0.0,0.0,21:00:00,/en/matches/ab0643c6/Paris-Saint-Germain-Rennes-September-27-2024-Ligue-1
FRA-Ligue 1,2425,Paris S-G,2024-10-06 Nice-Paris S-G,2024-10-06,Matchweek 7,Sun,Away,D,1,1,Nice,0,19,7,36.8,0.0,0.0,18.6,0.0,0,0,1.3,1.3,0.07,-1.3,-1.3,20:45:00,/en/matches/474dd950/Nice-Paris-Saint-Germain-October-6-2024-Ligue-1
FRA-Ligue 1,2425,Paris S-G,2024-10-19 Paris S-G-Strasbourg,2024-10-19,Matchweek 8,Sat,Home,W,4,2,Strasbourg,4,18,10,55.6,0.22,0.4,11.3,0.0,0,0,3.5,3.5,0.2,0.5,0.5,21:00:00,/en/matches/80a16e3b/Paris-Saint-Germain-Strasbourg-October-19-2024-Ligue-1
FRA-Ligue 1,2425,Paris S-G,2024-10-27 Marseille-Paris S-G,2024-10-27,Matchweek 9,Sun,Away,W,3,0,Marseille,2,19,8,42.1,0.11,0.25,16.1,1.0,0,0,3.1,3.1,0.17,-1.1,-1.1,20:45:00,/en/matches/c29b0d3a/Marseille-Paris-Saint-Germain-October-27-2024-Ligue-1
FRA-Ligue 1,2425,Paris S-G,2024-11-02 Paris S-G-Lens,2024-11-02,Matchweek 10,Sat,Home,W,1,0,Lens,1,18,8,44.4,0.06,0.13,16.7,0.0,0,0,2.9,2.9,0.16,-1.9,-1.9,17:00:00,/en/matches/51cd344b/Paris-Saint-Germain-Lens-November-2-2024-Ligue-1
FRA-Ligue 1,2425,Paris S-G,2024-11-09 Angers-Paris S-G,2024-11-09,Matchweek 11,Sat,Away,W,4,2,Angers,4,26,12,46.2,0.15,0.33,15.9,0.0,0,0,3.4,3.4,0.14,0.6,0.6,21:00:00,/en/matches/ddf738c4/Angers-Paris-Saint-Germain-November-9-2024-Ligue-1
FRA-Ligue 1,2425,Paris S-G,2024-11-22 Paris S-G-Toulouse,2024-11-22,Matchweek 12,Fri,Home,W,3,0,Toulouse,3,17,8,47.1,0.18,0.38,17.7,0.0,0,0,1.1,1.1,0.07,1.9,1.9,21:00:00,/en/matches/740dd871/Paris-Saint-Germain-Toulouse-November-22-2024-Ligue-1
FRA-Ligue 1,2425,Paris S-G,2024-11-30 Paris S-G-Nantes,2024-11-30,Matchweek 13,Sat,Home,D,1,1,Nantes,1,24,10,41.7,0.04,0.1,16.5,0.0,0,0,2.6,2.6,0.11,-1.6,-1.6,21:00:00,/en/matches/b898e0fa/Paris-Saint-Germain-Nantes-November-30-2024-Ligue-1
FRA-Ligue 1,2425,Paris S-G,2024-12-06 Auxerre-Paris S-G,2024-12-06,Matchweek 14,Fri,Away,D,0,0,Auxerre,0,24,11,45.8,0.0,0.0,14.7,0.0,0,0,2.5,2.5,0.1,-2.5,-2.5,21:00:00,/en/matches/9139adc8/Auxerre-Paris-Saint-Germain-December-6-2024-Ligue-1
FRA-Ligue 1,2425,Paris S-G,2024-12-15 Paris S-G-Lyon,2024-12-15,Matchweek 15,Sun,Home,W,3,1,Lyon,3,12,5,41.7,0.17,0.4,13.1,0.0,1,1,2.9,2.1,0.18,0.1,-0.1,20:45:00,/en/matches/90a6f4dd/Paris-Saint-Germain-Lyon-December-15-2024-Ligue-1
FRA-Ligue 1,2425,Paris S-G,2024-12-18 Monaco-Paris S-G,2024-12-18,Matchweek 16,Wed,Away,W,4,2,Monaco,4,17,11,64.7,0.24,0.36,16.7,0.0,0,0,1.8,1.8,0.11,2.2,2.2,21:00:00,/en/matches/b7d32870/Monaco-Paris-Saint-Germain-December-18-2024-Ligue-1
FRA-Ligue 1,2425,Paris S-G,2025-01-12 Paris S-G-Saint-Étienne,2025-01-12,Matchweek 17,Sun,Home,W,2,1,Saint-Étienne,2,24,8,33.3,0.04,0.13,15.4,0.0,1,1,4.1,3.3,0.14,-2.1,-2.3,20:45:00,/en/matches/8d5ca778/Paris-Saint-Germain-Saint-Etienne-January-12-2025-Ligue-1
FRA-Ligue 1,2425,Paris S-G,2025-01-18 Lens-Paris S-G,2025-01-18,Matchweek 18,Sat,Away,W,2,1,Lens,2,9,7,77.8,0.22,0.29,16.5,0.0,0,0,1.2,1.2,0.14,0.8,0.8,17:00:00,/en/matches/f1e63652/Lens-Paris-Saint-Germain-January-18-2025-Ligue-1
FRA-Ligue 1,2425,Paris S-G,2025-01-25 Paris S-G-Reims,2025-01-25,Matchweek 19,Sat,Home,D,1,1,Reims,1,18,7,38.9,0.06,0.14,17.0,0.0,0,0,1.2,1.2,0.07,-0.2,-0.2,21:05:00,/en/matches/c2b062af/Paris-Saint-Germain-Reims-January-25-2025-Ligue-1
FRA-Ligue 1,2425,Paris S-G,2025-02-01 Brest-Paris S-G,2025-02-01,Matchweek 20,Sat,Away,W,5,2,Brest,5,14,7,50.0,0.36,0.71,12.4,0.0,0,0,3.6,3.6,0.26,1.4,1.4,17:00:00,/en/matches/c84f91ac/Brest-Paris-Saint-Germain-February-1-2025-Ligue-1
FRA-Ligue 1,2425,Paris S-G,2025-02-07 Paris S-G-Monaco,2025-02-07,Matchweek 21,Fri,Home,W,4,1,Monaco,4,16,7,43.8,0.25,0.57,17.8,1.0,0,0,3.1,3.1,0.2,0.9,0.9,21:05:00,/en/matches/c79c5813/Paris-Saint-Germain-Monaco-February-7-2025-Ligue-1
FRA-Ligue 1,2425,Paris S-G,2025-02-15 Toulouse-Paris S-G,2025-02-15,Matchweek 22,Sat,Away,W,1,0,Toulouse,1,20,6,30.0,0.05,0.17,19.7,2.0,0,0,2.4,2.4,0.13,-1.4,-1.4,21:05:00,/en/matches/91e2ebf6/Toulouse-Paris-Saint-Germain-February-15-2025-Ligue-1
FRA-Ligue 1,2425,Paris S-G,2025-02-23 Lyon-Paris S-G,2025-02-23,Matchweek 23,Sun,Away,W,3,2,Lyon,3,15,7,46.7,0.2,0.43,15.9,0.0,0,0,2.3,2.3,0.16,0.7,0.7,20:45:00,/en/matches/3906711b/Lyon-Paris-Saint-Germain-February-23-2025-Ligue-1
FRA-Ligue 1,2425,Paris S-G,2025-03-01 Paris S-G-Lille,2025-03-01,Matchweek 24,Sat,Home,W,4,1,Lille,4,26,11,42.3,0.15,0.36,15.3,1.0,0,0,3.4,3.4,0.14,0.6,0.6,21:05:00,/en/matches/3432f5cc/Paris-Saint-Germain-Lille-March-1-2025-Ligue-1
FRA-Ligue 1,2425,Paris S-G,2025-03-08 Rennes-Paris S-G,2025-03-08,Matchweek 25,Sat,Away,W,4,1,Rennes,4,19,9,47.4,0.21,0.44,17.1,0.0,0,0,3.8,3.8,0.21,0.2,0.2,17:00:00,/en/matches/24b4e6dd/Rennes-Paris-Saint-Germain-March-8-2025-Ligue-1
FRA-Ligue 1,2425,Paris S-G,2025-03-16 Paris S-G-Marseille,2025-03-16,Matchweek 26,Sun,Home,W,3,1,Marseille,2,16,5,31.3,0.13,0.4,16.0,0.0,0,0,2.6,2.6,0.16,-0.6,-0.6,20:45:00,/en/matches/ff08b7d1/Paris-Saint-Germain-Marseille-March-16-2025-Ligue-1
FRA-Ligue 1,2425,Paris S-G,2025-03-29 Saint-Étienne-Paris S-G,2025-03-29,Matchweek 27,Sat,Away,W,6,1,Saint-Étienne,6,21,9,42.9,0.24,0.56,20.0,0.0,1,1,3.3,2.5,0.12,2.7,2.5,19:00:00,/en/matches/f44d3b12/Saint-Etienne-Paris-Saint-Germain-March-29-2025-Ligue-1
FRA-Ligue 1,2425,Paris S-G,2025-04-05 Paris S-G-Angers,2025-04-05,Matchweek 28,Sat,Home,W,1,0,Angers,1,20,6,30.0,0.05,0.17,17.2,1.0,0,0,1.9,1.9,0.1,-0.9,-0.9,17:00:00,/en/matches/85f4be0a/Paris-Saint-Germain-Angers-April-5-2025-Ligue-1
FRA-Ligue 1,2425,Paris S-G,2025-04-19 Paris S-G-Le Havre,2025-04-19,Matchweek 30,Sat,Home,W,2,1,Le Havre,2,18,11,61.1,0.11,0.18,14.2,0.0,0,0,3.0,3.0,0.17,-1.0,-1.0,17:00:00,/en/matches/8e397189/Paris-Saint-Germain-Le-Havre-April-19-2025-Ligue-1
FRA-Ligue 1,2425,Paris S-G,2025-04-22 Nantes-Paris S-G,2025-04-22,Matchweek 29,Tue,Away,D,1,1,Nantes,1,10,5,50.0,0.1,0.2,12.5,0.0,0,0,1.6,1.6,0.16,-0.6,-0.6,20:45:00,/en/matches/170d66ea/Nantes-Paris-Saint-Germain-April-22-2025-Ligue-1
FRA-Ligue 1,2425,Paris S-G,2025-04-25 Paris S-G-Nice,2025-04-25,Matchweek 31,Fri,Home,L,1,3,Nice,1,32,13,40.6,0.03,0.08,16.9,1.0,0,0,3.0,3.0,0.1,-2.0,-2.0,20:45:00,/en/matches/ae345c9c/Paris-Saint-Germain-Nice-April-25-2025-Ligue-1
FRA-Ligue 1,2425,Paris S-G,2025-05-03 Strasbourg-Paris S-G,2025-05-03,Matchweek 32,Sat,Away,L,1,2,Strasbourg,1,20,4,20.0,0.05,0.25,16.6,0.0,0,0,1.7,1.7,0.09,-0.7,-0.7,17:00:00,/en/matches/d9c56744/Strasbourg-Paris-Saint-Germain-May-3-2025-Ligue-1
FRA-Ligue 1,2425,Paris S-G,2025-05-10 Montpellier-Paris S-G,2025-05-10,Matchweek 33,Sat,Away,W,4,1,Montpellier,4,9,7,77.8,0.33,0.43,19.4,0.0,1,1,1.7,0.9,0.1,2.3,2.1,21:00:00,/en/matches/d083b7fa/Montpellier-Paris-Saint-Germain-May-10-2025-Ligue-1
FRA-Ligue 1,2425,Paris S-G,2025-05-17 Paris S-G-Auxerre,2025-05-17,Matchweek 34,Sat,Home,W,3,1,Auxerre,3,20,8,40.0,0.15,0.38,20.0,2.0,0,1,3.1,2.3,0.12,-0.1,0.7,21:00:00,/en/matches/695f3d84/Paris-Saint-Germain-Auxerre-May-17-2025-Ligue-1
FRA-Ligue 1,2425,Reims,2024-08-17 Reims-Lille,2024-08-17,Matchweek 1,Sat,Home,L,0,2,Lille,0,2,0,0.0,0.0,,26.6,0.0,0,0,0.1,0.1,0.04,-0.1,-0.1,19:00:00,/en/matches/06aa495e/Reims-Lille-August-17-2024-Ligue-1
FRA-Ligue 1,2425,Reims,2024-08-25 Marseille-Reims,2024-08-25,Matchweek 2,Sun,Away,D,2,2,Marseille,2,13,3,23.1,0.15,0.67,18.0,0.0,0,0,0.9,0.9,0.07,1.1,1.1,20:45:00,/en/matches/3a93bc8b/Marseille-Reims-August-25-2024-Ligue-1
FRA-Ligue 1,2425,Reims,2024-09-01 Reims-Rennes,2024-09-01,Matchweek 3,Sun,Home,W,2,1,Rennes,2,11,7,63.6,0.18,0.29,15.8,0.0,0,0,1.4,1.4,0.13,0.6,0.6,17:00:00,/en/matches/4abb133c/Reims-Rennes-September-1-2024-Ligue-1
FRA-Ligue 1,2425,Reims,2024-09-15 Nantes-Reims,2024-09-15,Matchweek 4,Sun,Away,W,2,1,Nantes,2,11,4,36.4,0.18,0.5,19.6,0.0,0,0,0.5,0.5,0.05,1.5,1.5,17:00:00,/en/matches/1411fc56/Nantes-Reims-September-15-2024-Ligue-1
FRA-Ligue 1,2425,Reims,2024-09-21 Reims-Paris S-G,2024-09-21,Matchweek 5,Sat,Home,D,1,1,Paris S-G,1,8,1,12.5,0.13,1.0,21.6,0.0,0,0,0.3,0.3,0.04,0.7,0.7,21:00:00,/en/matches/7274e9a5/Reims-Paris-Saint-Germain-September-21-2024-Ligue-1
FRA-Ligue 1,2425,Reims,2024-09-29 Angers-Reims,2024-09-29,Matchweek 6,Sun,Away,W,3,1,Angers,3,21,10,47.6,0.14,0.3,17.2,1.0,0,0,2.9,2.9,0.14,0.1,0.1,17:00:00,/en/matches/1ea5cb30/Angers-Reims-September-29-2024-Ligue-1
FRA-Ligue 1,2425,Reims,2024-10-06 Reims-Montpellier,2024-10-06,Matchweek 7,Sun,Home,W,4,2,Montpellier,4,17,4,23.5,0.18,0.75,15.8,1.0,1,1,3.0,2.2,0.13,1.0,0.8,17:00:00,/en/matches/843fb71f/Reims-Montpellier-October-6-2024-Ligue-1
FRA-Ligue 1,2425,Reims,2024-10-20 Auxerre-Reims,2024-10-20,Matchweek 8,Sun,Away,L,1,2,Auxerre,1,15,3,20.0,0.07,0.33,16.6,1.0,0,0,1.1,1.1,0.07,-0.1,-0.1,17:00:00,/en/matches/5f02a541/Auxerre-Reims-October-20-2024-Ligue-1
FRA-Ligue 1,2425,Reims,2024-10-26 Reims-Brest,2024-10-26,Matchweek 9,Sat,Home,L,1,2,Brest,1,11,3,27.3,0.09,0.33,15.8,0.0,0,0,0.7,0.7,0.07,0.3,0.3,19:00:00,/en/matches/6e7b242b/Reims-Brest-October-26-2024-Ligue-1
FRA-Ligue 1,2425,Reims,2024-11-03 Toulouse-Reims,2024-11-03,Matchweek 10,Sun,Away,L,0,1,Toulouse,0,13,2,15.4,0.0,0.0,24.1,0.0,0,0,1.1,1.1,0.08,-1.1,-1.1,15:00:00,/en/matches/f0237d4b/Toulouse-Reims-November-3-2024-Ligue-1
FRA-Ligue 1,2425,Reims,2024-11-10 Le Havre-Reims,2024-11-10,Matchweek 11,Sun,Away,W,3,0,Le Havre,3,18,7,38.9,0.17,0.43,15.8,0.0,0,0,2.6,2.6,0.15,0.4,0.4,17:00:00,/en/matches/63390fe7/Le-Havre-Reims-November-10-2024-Ligue-1
FRA-Ligue 1,2425,Reims,2024-11-23 Reims-Lyon,2024-11-23,Matchweek 12,Sat,Home,D,1,1,Lyon,1,14,6,42.9,0.07,0.17,17.8,0.0,0,0,1.0,1.0,0.07,0.0,0.0,21:00:00,/en/matches/4da20576/Reims-Lyon-November-23-2024-Ligue-1
FRA-Ligue 1,2425,Reims,2024-11-29 Reims-Lens,2024-11-29,Matchweek 13,Fri,Home,L,0,2,Lens,0,16,3,18.8,0.0,0.0,21.9,1.0,0,0,0.8,0.8,0.05,-0.8,-0.8,20:45:00,/en/matches/a4c0898c/Reims-Lens-November-29-2024-Ligue-1
FRA-Ligue 1,2425,Reims,2024-12-08 Strasbourg-Reims,2024-12-08,Matchweek 14,Sun,Away,D,0,0,Strasbourg,0,10,3,30.0,0.0,0.0,17.9,0.0,0,0,1.1,1.1,0.11,-1.1,-1.1,17:00:00,/en/matches/74299224/Strasbourg-Reims-December-8-2024-Ligue-1
FRA-Ligue 1,2425,Reims,2024-12-14 Reims-Monaco,2024-12-14,Matchweek 15,Sat,Home,D,0,0,Monaco,0,8,0,0.0,0.0,,13.5,0.0,0,0,1.5,1.5,0.19,-1.5,-1.5,21:00:00,/en/matches/f422e8b0/Reims-Monaco-December-14-2024-Ligue-1
FRA-Ligue 1,2425,Reims,2025-01-04 Saint-Étienne-Reims,2025-01-04,Matchweek 16,Sat,Away,L,1,3,Saint-Étienne,1,11,1,9.1,0.09,1.0,18.1,0.0,0,0,1.1,1.1,0.1,-0.1,-0.1,17:00:00,/en/matches/09e72954/Saint-Etienne-Reims-January-4-2025-Ligue-1
FRA-Ligue 1,2425,Reims,2025-01-11 Reims-Nice,2025-01-11,Matchweek 17,Sat,Home,L,2,4,Nice,2,12,3,25.0,0.17,0.67,18.9,0.0,0,0,0.8,0.8,0.07,1.2,1.2,19:00:00,/en/matches/cdcb7386/Reims-Nice-January-11-2025-Ligue-1
FRA-Ligue 1,2425,Reims,2025-01-19 Reims-Le Havre,2025-01-19,Matchweek 18,Sun,Home,D,1,1,Le Havre,1,11,3,27.3,0.09,0.33,17.6,0.0,0,0,0.8,0.8,0.07,0.2,0.2,17:15:00,/en/matches/7e7a280a/Reims-Le-Havre-January-19-2025-Ligue-1
FRA-Ligue 1,2425,Reims,2025-01-25 Paris S-G-Reims,2025-01-25,Matchweek 19,Sat,Away,D,1,1,Paris S-G,1,6,3,50.0,0.17,0.33,16.4,0.0,0,0,0.9,0.9,0.15,0.1,0.1,21:05:00,/en/matches/c2b062af/Paris-Saint-Germain-Reims-January-25-2025-Ligue-1
FRA-Ligue 1,2425,Reims,2025-02-02 Reims-Nantes,2025-02-02,Matchweek 20,Sun,Home,L,1,2,Nantes,0,13,2,15.4,0.0,0.0,13.0,0.0,0,0,1.0,1.0,0.08,-1.0,-1.0,17:15:00,/en/matches/eee9fd86/Reims-Nantes-February-2-2025-Ligue-1
FRA-Ligue 1,2425,Reims,2025-02-09 Lyon-Reims,2025-02-09,Matchweek 21,Sun,Away,L,0,4,Lyon,0,9,2,22.2,0.0,0.0,20.3,1.0,0,0,0.4,0.4,0.04,-0.4,-0.4,15:00:00,/en/matches/48caa08f/Lyon-Reims-February-9-2025-Ligue-1
FRA-Ligue 1,2425,Reims,2025-02-16 Reims-Angers,2025-02-16,Matchweek 22,Sun,Home,L,0,1,Angers,0,15,4,26.7,0.0,0.0,21.0,0.0,0,1,1.7,0.9,0.06,-1.7,-0.9,17:15:00,/en/matches/bc4d9e67/Reims-Angers-February-16-2025-Ligue-1
FRA-Ligue 1,2425,Reims,2025-02-21 Rennes-Reims,2025-02-21,Matchweek 23,Fri,Away,L,0,1,Rennes,0,3,0,0.0,0.0,,14.5,0.0,0,0,0.1,0.1,0.04,-0.1,-0.1,20:45:00,/en/matches/329233bd/Rennes-Reims-February-21-2025-Ligue-1
FRA-Ligue 1,2425,Reims,2025-02-28 Monaco-Reims,2025-02-28,Matchweek 24,Fri,Away,L,0,3,Monaco,0,9,5,55.6,0.0,0.0,18.0,0.0,0,0,0.6,0.6,0.07,-0.6,-0.6,20:45:00,/en/matches/f354ea51/Monaco-Reims-February-28-2025-Ligue-1
FRA-Ligue 1,2425,Reims,2025-03-09 Reims-Auxerre,2025-03-09,Matchweek 25,Sun,Home,L,0,2,Auxerre,0,17,4,23.5,0.0,0.0,16.8,1.0,0,0,1.4,1.4,0.09,-1.4,-1.4,17:15:00,/en/matches/5a7ff7ce/Reims-Auxerre-March-9-2025-Ligue-1
FRA-Ligue 1,2425,Reims,2025-03-16 Brest-Reims,2025-03-16,Matchweek 26,Sun,Away,D,0,0,Brest,0,12,2,16.7,0.0,0.0,14.8,0.0,0,0,1.3,1.3,0.11,-1.3,-1.3,17:15:00,/en/matches/28e7c1e6/Brest-Reims-March-16-2025-Ligue-1
FRA-Ligue 1,2425,Reims,2025-03-29 Reims-Marseille,2025-03-29,Matchweek 27,Sat,Home,W,3,1,Marseille,3,7,5,71.4,0.43,0.6,16.6,0.0,0,0,1.0,1.0,0.14,2.0,2.0,17:00:00,/en/matches/e3656ea1/Reims-Marseille-March-29-2025-Ligue-1
FRA-Ligue 1,2425,Reims,2025-04-06 Reims-Strasbourg,2025-04-06,Matchweek 28,Sun,Home,L,0,1,Strasbourg,0,14,6,42.9,0.0,0.0,16.1,1.0,0,0,1.3,1.3,0.1,-1.3,-1.3,17:15:00,/en/matches/44834f60/Reims-Strasbourg-April-6-2025-Ligue-1
FRA-Ligue 1,2425,Reims,2025-04-11 Lens-Reims,2025-04-11,Matchweek 29,Fri,Away,W,2,0,Lens,2,10,2,20.0,0.2,1.0,16.9,0.0,0,0,1.4,1.4,0.14,0.6,0.6,20:45:00,/en/matches/1fafebba/Lens-Reims-April-11-2025-Ligue-1
FRA-Ligue 1,2425,Reims,2025-04-20 Reims-Toulouse,2025-04-20,Matchweek 30,Sun,Home,W,1,0,Toulouse,1,8,2,25.0,0.13,0.5,14.4,0.0,0,0,0.7,0.7,0.09,0.3,0.3,17:15:00,/en/matches/86146582/Reims-Toulouse-April-20-2025-Ligue-1
FRA-Ligue 1,2425,Reims,2025-04-27 Montpellier-Reims,2025-04-27,Matchweek 31,Sun,Away,D,0,0,Montpellier,0,8,3,37.5,0.0,0.0,18.2,1.0,0,0,0.7,0.7,0.09,-0.7,-0.7,17:15:00,/en/matches/6ff732c6/Montpellier-Reims-April-27-2025-Ligue-1
FRA-Ligue 1,2425,Reims,2025-05-02 Nice-Reims,2025-05-02,Matchweek 32,Fri,Away,L,0,1,Nice,0,16,3,18.8,0.0,0.0,18.8,0.0,0,0,1.3,1.3,0.08,-1.3,-1.3,20:45:00,/en/matches/2e39c335/Nice-Reims-May-2-2025-Ligue-1
FRA-Ligue 1,2425,Reims,2025-05-10 Reims-Saint-Étienne,2025-05-10,Matchweek 33,Sat,Home,L,0,2,Saint-Étienne,0,19,3,15.8,0.0,0.0,15.3,0.0,0,0,1.9,1.9,0.1,-1.9,-1.9,21:00:00,/en/matches/e0ae4f10/Reims-Saint-Etienne-May-10-2025-Ligue-1
FRA-Ligue 1,2425,Reims,2025-05-17 Lille-Reims,2025-05-17,Matchweek 34,Sat,Away,L,1,2,Lille,1,5,2,40.0,0.2,0.5,21.0,0.0,0,0,0.1,0.1,0.03,0.9,0.9,21:00:00,/en/matches/788e598c/Lille-Reims-May-17-2025-Ligue-1
FRA-Ligue 1,2425,Rennes,2024-08-18 Rennes-Lyon,2024-08-18,Matchweek 1,Sun,Home,W,3,0,Lyon,3,22,8,36.4,0.14,0.38,14.9,1.0,0,0,2.0,2.0,0.09,1.0,1.0,20:45:00,/en/matches/bc46a367/Rennes-Lyon-August-18-2024-Ligue-1
FRA-Ligue 1,2425,Rennes,2024-08-25 Strasbourg-Rennes,2024-08-25,Matchweek 2,Sun,Away,L,1,3,Strasbourg,1,14,5,35.7,0.07,0.2,19.6,1.0,0,0,1.1,1.1,0.08,-0.1,-0.1,17:00:00,/en/matches/efa54e4b/Strasbourg-Rennes-August-25-2024-Ligue-1
FRA-Ligue 1,2425,Rennes,2024-09-01 Reims-Rennes,2024-09-01,Matchweek 3,Sun,Away,L,1,2,Reims,1,13,5,38.5,0.08,0.2,15.9,0.0,0,0,0.8,0.8,0.06,0.2,0.2,17:00:00,/en/matches/4abb133c/Reims-Rennes-September-1-2024-Ligue-1
FRA-Ligue 1,2425,Rennes,2024-09-15 Rennes-Montpellier,2024-09-15,Matchweek 4,Sun,Home,W,3,0,Montpellier,3,11,6,54.5,0.27,0.5,16.6,0.0,0,0,1.3,1.3,0.12,1.7,1.7,15:00:00,/en/matches/984e7243/Rennes-Montpellier-September-15-2024-Ligue-1
FRA-Ligue 1,2425,Rennes,2024-09-21 Rennes-Lens,2024-09-21,Matchweek 5,Sat,Home,D,1,1,Lens,1,10,5,50.0,0.0,0.0,19.5,0.0,1,1,1.4,0.6,0.06,-0.4,-0.6,19:00:00,/en/matches/73dc5828/Rennes-Lens-September-21-2024-Ligue-1
FRA-Ligue 1,2425,Rennes,2024-09-27 Paris S-G-Rennes,2024-09-27,Matchweek 6,Fri,Away,L,1,3,Paris S-G,1,11,4,36.4,0.0,0.0,22.5,0.0,1,1,1.4,0.7,0.06,-0.4,-0.7,21:00:00,/en/matches/ab0643c6/Paris-Saint-Germain-Rennes-September-27-2024-Ligue-1
FRA-Ligue 1,2425,Rennes,2024-10-05 Rennes-Monaco,2024-10-05,Matchweek 7,Sat,Home,L,1,2,Monaco,1,14,3,21.4,0.07,0.33,22.3,0.0,0,0,0.7,0.7,0.05,0.3,0.3,21:00:00,/en/matches/f7072ea6/Rennes-Monaco-October-5-2024-Ligue-1
FRA-Ligue 1,2425,Rennes,2024-10-19 Brest-Rennes,2024-10-19,Matchweek 8,Sat,Away,D,1,1,Brest,1,6,4,66.7,0.17,0.25,13.3,0.0,0,0,1.2,1.2,0.19,-0.2,-0.2,17:00:00,/en/matches/e2a10c83/Brest-Rennes-October-19-2024-Ligue-1
FRA-Ligue 1,2425,Rennes,2024-10-25 Rennes-Le Havre,2024-10-25,Matchweek 9,Fri,Home,W,1,0,Le Havre,1,20,4,20.0,0.05,0.25,15.4,0.0,0,0,1.5,1.5,0.08,-0.5,-0.5,20:45:00,/en/matches/603efa49/Rennes-Le-Havre-October-25-2024-Ligue-1
FRA-Ligue 1,2425,Rennes,2024-11-03 Auxerre-Rennes,2024-11-03,Matchweek 10,Sun,Away,L,0,4,Auxerre,0,7,4,57.1,0.0,0.0,12.7,0.0,0,0,0.9,0.9,0.13,-0.9,-0.9,17:00:00,/en/matches/acc30562/Auxerre-Rennes-November-3-2024-Ligue-1
FRA-Ligue 1,2425,Rennes,2024-11-10 Rennes-Toulouse,2024-11-10,Matchweek 11,Sun,Home,L,0,2,Toulouse,0,7,1,14.3,0.0,0.0,17.3,0.0,0,0,0.6,0.6,0.08,-0.6,-0.6,17:00:00,/en/matches/a7965d75/Rennes-Toulouse-November-10-2024-Ligue-1
FRA-Ligue 1,2425,Rennes,2024-11-24 Lille-Rennes,2024-11-24,Matchweek 12,Sun,Away,L,0,1,Lille,0,4,1,25.0,0.0,0.0,21.2,2.0,0,0,0.2,0.2,0.05,-0.2,-0.2,15:00:00,/en/matches/240126d9/Lille-Rennes-November-24-2024-Ligue-1
FRA-Ligue 1,2425,Rennes,2024-11-30 Rennes-Saint-Étienne,2024-11-30,Matchweek 13,Sat,Home,W,5,0,Saint-Étienne,5,16,7,43.8,0.19,0.43,18.1,0.0,2,2,3.2,1.7,0.11,1.8,1.3,17:00:00,/en/matches/546b6937/Rennes-Saint-Etienne-November-30-2024-Ligue-1
FRA-Ligue 1,2425,Rennes,2024-12-08 Nantes-Rennes,2024-12-08,Matchweek 14,Sun,Away,L,0,1,Nantes,0,5,3,60.0,0.0,0.0,17.9,1.0,0,0,0.4,0.4,0.08,-0.4,-0.4,17:00:00,/en/matches/f45bb195/Nantes-Rennes-December-8-2024-Ligue-1
FRA-Ligue 1,2425,Rennes,2024-12-15 Rennes-Angers,2024-12-15,Matchweek 15,Sun,Home,W,2,0,Angers,2,7,4,57.1,0.29,0.5,19.4,0.0,0,0,0.6,0.6,0.08,1.4,1.4,17:00:00,/en/matches/fae57b16/Rennes-Angers-December-15-2024-Ligue-1
FRA-Ligue 1,2425,Rennes,2025-01-03 Nice-Rennes,2025-01-03,Matchweek 16,Fri,Away,L,2,3,Nice,2,10,5,50.0,0.2,0.4,19.4,0.0,0,0,1.7,1.7,0.17,0.3,0.3,21:00:00,/en/matches/00eeccd9/Nice-Rennes-January-3-2025-Ligue-1
FRA-Ligue 1,2425,Rennes,2025-01-11 Rennes-Marseille,2025-01-11,Matchweek 17,Sat,Home,L,1,2,Marseille,1,4,3,75.0,0.25,0.33,17.4,0.0,0,1,1.2,0.8,0.2,-0.2,0.2,21:05:00,/en/matches/e23cca77/Rennes-Marseille-January-11-2025-Ligue-1
FRA-Ligue 1,2425,Rennes,2025-01-18 Rennes-Brest,2025-01-18,Matchweek 18,Sat,Home,L,1,2,Brest,1,22,9,40.9,0.05,0.11,16.9,0.0,0,0,1.5,1.5,0.07,-0.5,-0.5,19:00:00,/en/matches/39a945d8/Rennes-Brest-January-18-2025-Ligue-1
FRA-Ligue 1,2425,Rennes,2025-01-25 Monaco-Rennes,2025-01-25,Matchweek 19,Sat,Away,L,2,3,Monaco,2,14,5,35.7,0.14,0.4,16.8,0.0,0,0,1.8,1.8,0.13,0.2,0.2,17:00:00,/en/matches/5cbd8070/Monaco-Rennes-January-25-2025-Ligue-1
FRA-Ligue 1,2425,Rennes,2025-02-02 Rennes-Strasbourg,2025-02-02,Matchweek 20,Sun,Home,W,1,0,Strasbourg,1,13,3,23.1,0.08,0.33,17.5,0.0,0,0,0.9,0.9,0.07,0.1,0.1,17:15:00,/en/matches/e9da9682/Rennes-Strasbourg-February-2-2025-Ligue-1
FRA-Ligue 1,2425,Rennes,2025-02-08 Saint-Étienne-Rennes,2025-02-08,Matchweek 21,Sat,Away,W,2,0,Saint-Étienne,2,21,8,38.1,0.1,0.25,15.0,0.0,0,0,3.6,3.6,0.18,-1.6,-1.6,21:05:00,/en/matches/de805721/Saint-Etienne-Rennes-February-8-2025-Ligue-1
FRA-Ligue 1,2425,Rennes,2025-02-16 Rennes-Lille,2025-02-16,Matchweek 22,Sun,Home,L,0,2,Lille,0,4,0,0.0,0.0,,15.8,0.0,0,0,0.4,0.4,0.11,-0.4,-0.4,20:45:00,/en/matches/f2bcec96/Rennes-Lille-February-16-2025-Ligue-1
FRA-Ligue 1,2425,Rennes,2025-02-21 Rennes-Reims,2025-02-21,Matchweek 23,Fri,Home,W,1,0,Reims,1,25,4,16.0,0.0,0.0,18.8,0.0,1,1,2.3,1.6,0.06,-1.3,-1.6,20:45:00,/en/matches/329233bd/Rennes-Reims-February-21-2025-Ligue-1
FRA-Ligue 1,2425,Rennes,2025-03-02 Montpellier-Rennes,2025-03-02,Matchweek 24,Sun,Away,W,4,0,Montpellier,4,14,7,50.0,0.29,0.57,15.4,0.0,0,1,2.4,1.5,0.11,1.6,2.5,17:15:00,/en/matches/5739a5ae/Montpellier-Rennes-March-2-2025-Ligue-1
FRA-Ligue 1,2425,Rennes,2025-03-08 Rennes-Paris S-G,2025-03-08,Matchweek 25,Sat,Home,L,1,4,Paris S-G,1,13,3,23.1,0.08,0.33,13.0,1.0,0,0,1.6,1.6,0.14,-0.6,-0.6,17:00:00,/en/matches/24b4e6dd/Rennes-Paris-Saint-Germain-March-8-2025-Ligue-1
FRA-Ligue 1,2425,Rennes,2025-03-15 Lens-Rennes,2025-03-15,Matchweek 26,Sat,Away,L,0,1,Lens,0,12,5,41.7,0.0,0.0,20.0,0.0,0,0,0.6,0.6,0.05,-0.6,-0.6,21:05:00,/en/matches/e042d34f/Lens-Rennes-March-15-2025-Ligue-1
FRA-Ligue 1,2425,Rennes,2025-03-30 Angers-Rennes,2025-03-30,Matchweek 27,Sun,Away,W,3,0,Angers,3,14,6,42.9,0.21,0.5,16.5,0.0,0,0,1.5,1.5,0.11,1.5,1.5,17:15:00,/en/matches/ea71bfda/Angers-Rennes-March-30-2025-Ligue-1
FRA-Ligue 1,2425,Rennes,2025-04-06 Rennes-Auxerre,2025-04-06,Matchweek 28,Sun,Home,L,0,1,Auxerre,0,18,5,27.8,0.0,0.0,18.9,1.0,0,0,1.2,1.2,0.07,-1.2,-1.2,17:15:00,/en/matches/cd76c50c/Rennes-Auxerre-April-6-2025-Ligue-1
FRA-Ligue 1,2425,Rennes,2025-04-13 Le Havre-Rennes,2025-04-13,Matchweek 29,Sun,Away,W,5,1,Le Havre,5,10,6,60.0,0.5,0.83,10.5,0.0,0,0,2.7,2.7,0.28,2.3,2.3,17:15:00,/en/matches/9c967c61/Le-Havre-Rennes-April-13-2025-Ligue-1
FRA-Ligue 1,2425,Rennes,2025-04-18 Rennes-Nantes,2025-04-18,Matchweek 30,Fri,Home,W,2,1,Nantes,2,18,5,27.8,0.11,0.4,16.5,0.0,0,1,2.7,1.9,0.11,-0.7,0.1,20:45:00,/en/matches/6dc7499b/Rennes-Nantes-April-18-2025-Ligue-1
FRA-Ligue 1,2425,Rennes,2025-04-26 Lyon-Rennes,2025-04-26,Matchweek 31,Sat,Away,L,1,4,Lyon,1,10,4,40.0,0.1,0.25,22.5,0.0,0,0,0.8,0.8,0.08,0.2,0.2,21:05:00,/en/matches/5f2584e1/Lyon-Rennes-April-26-2025-Ligue-1
FRA-Ligue 1,2425,Rennes,2025-05-03 Toulouse-Rennes,2025-05-03,Matchweek 32,Sat,Away,L,1,2,Toulouse,1,15,6,40.0,0.07,0.17,17.5,0.0,0,0,1.4,1.4,0.1,-0.4,-0.4,19:00:00,/en/matches/ffb99c84/Toulouse-Rennes-May-3-2025-Ligue-1
FRA-Ligue 1,2425,Rennes,2025-05-10 Rennes-Nice,2025-05-10,Matchweek 33,Sat,Home,W,2,0,Nice,2,10,4,40.0,0.2,0.5,17.9,1.0,0,0,1.7,1.7,0.17,0.3,0.3,21:00:00,/en/matches/db5269b6/Rennes-Nice-May-10-2025-Ligue-1
FRA-Ligue 1,2425,Rennes,2025-05-17 Marseille-Rennes,2025-05-17,Matchweek 34,Sat,Away,L,2,4,Marseille,2,9,3,33.3,0.22,0.67,18.5,0.0,0,0,1.3,1.3,0.14,0.7,0.7,21:00:00,/en/matches/36fee283/Marseille-Rennes-May-17-2025-Ligue-1
FRA-Ligue 1,2425,Saint-Étienne,2024-08-17 Monaco-Saint-Étienne,2024-08-17,Matchweek 1,Sat,Away,L,0,1,Monaco,0,11,4,36.4,0.0,0.0,19.8,0.0,0,0,0.4,0.4,0.04,-0.4,-0.4,21:00:00,/en/matches/f84bb85e/Monaco-Saint-Etienne-August-17-2024-Ligue-1
FRA-Ligue 1,2425,Saint-Étienne,2024-08-24 Saint-Étienne-Le Havre,2024-08-24,Matchweek 2,Sat,Home,L,0,2,Le Havre,0,19,5,26.3,0.0,0.0,17.5,1.0,0,0,1.1,1.1,0.06,-1.1,-1.1,21:00:00,/en/matches/fd677aba/Saint-Etienne-Le-Havre-August-24-2024-Ligue-1
FRA-Ligue 1,2425,Saint-Étienne,2024-08-31 Brest-Saint-Étienne,2024-08-31,Matchweek 3,Sat,Away,L,0,4,Brest,0,6,0,0.0,0.0,,23.3,0.0,0,0,0.2,0.2,0.03,-0.2,-0.2,17:00:00,/en/matches/82c19aa6/Brest-Saint-Etienne-August-31-2024-Ligue-1
FRA-Ligue 1,2425,Saint-Étienne,2024-09-13 Saint-Étienne-Lille,2024-09-13,Matchweek 4,Fri,Home,W,1,0,Lille,1,10,5,50.0,0.1,0.2,18.9,1.0,0,0,1.2,1.2,0.13,-0.2,-0.2,20:45:00,/en/matches/47e23fb5/Saint-Etienne-Lille-September-13-2024-Ligue-1
FRA-Ligue 1,2425,Saint-Étienne,2024-09-20 Nice-Saint-Étienne,2024-09-20,Matchweek 5,Fri,Away,L,0,8,Nice,0,8,2,25.0,0.0,0.0,20.4,0.0,0,0,0.3,0.3,0.04,-0.3,-0.3,20:45:00,/en/matches/85495c0d/Nice-Saint-Etienne-September-20-2024-Ligue-1
FRA-Ligue 1,2425,Saint-Étienne,2024-09-29 Nantes-Saint-Étienne,2024-09-29,Matchweek 6,Sun,Away,D,2,2,Nantes,2,4,2,50.0,0.25,0.5,18.9,0.0,1,1,1.0,0.2,0.06,1.0,0.8,17:00:00,/en/matches/38a94d90/Nantes-Saint-Etienne-September-29-2024-Ligue-1
FRA-Ligue 1,2425,Saint-Étienne,2024-10-05 Saint-Étienne-Auxerre,2024-10-05,Matchweek 7,Sat,Home,W,3,1,Auxerre,3,13,5,38.5,0.23,0.6,15.2,0.0,0,0,2.7,2.7,0.21,0.3,0.3,17:00:00,/en/matches/752978b2/Saint-Etienne-Auxerre-October-5-2024-Ligue-1
FRA-Ligue 1,2425,Saint-Étienne,2024-10-19 Saint-Étienne-Lens,2024-10-19,Matchweek 8,Sat,Home,L,0,2,Lens,0,15,1,6.7,0.0,0.0,20.3,1.0,0,0,0.8,0.8,0.05,-0.8,-0.8,19:00:00,/en/matches/0782c73c/Saint-Etienne-Lens-October-19-2024-Ligue-1
FRA-Ligue 1,2425,Saint-Étienne,2024-10-26 Angers-Saint-Étienne,2024-10-26,Matchweek 9,Sat,Away,L,2,4,Angers,2,18,6,33.3,0.06,0.17,24.6,1.0,1,1,1.5,0.7,0.04,0.5,0.3,17:00:00,/en/matches/61752f42/Angers-Saint-Etienne-October-26-2024-Ligue-1
FRA-Ligue 1,2425,Saint-Étienne,2024-11-02 Saint-Étienne-Strasbourg,2024-11-02,Matchweek 10,Sat,Home,W,2,0,Strasbourg,2,13,3,23.1,0.15,0.67,16.3,0.0,0,0,2.8,2.8,0.22,-0.8,-0.8,21:00:00,/en/matches/535bbc15/Saint-Etienne-Strasbourg-November-2-2024-Ligue-1
FRA-Ligue 1,2425,Saint-Étienne,2024-11-10 Lyon-Saint-Étienne,2024-11-10,Matchweek 11,Sun,Away,L,0,1,Lyon,0,10,6,60.0,0.0,0.0,20.1,1.0,0,0,0.6,0.6,0.06,-0.6,-0.6,20:45:00,/en/matches/e552596a/Lyon-Saint-Etienne-November-10-2024-Ligue-1
FRA-Ligue 1,2425,Saint-Étienne,2024-11-23 Saint-Étienne-Montpellier,2024-11-23,Matchweek 12,Sat,Home,W,1,0,Montpellier,1,11,4,36.4,0.09,0.25,17.0,0.0,0,0,1.5,1.5,0.13,-0.5,-0.5,19:00:00,/en/matches/90c0c091/Saint-Etienne-Montpellier-November-23-2024-Ligue-1
FRA-Ligue 1,2425,Saint-Étienne,2024-11-30 Rennes-Saint-Étienne,2024-11-30,Matchweek 13,Sat,Away,L,0,5,Rennes,0,2,0,0.0,0.0,,16.2,0.0,0,0,0.1,0.1,0.05,-0.1,-0.1,17:00:00,/en/matches/546b6937/Rennes-Saint-Etienne-November-30-2024-Ligue-1
FRA-Ligue 1,2425,Saint-Étienne,2024-12-08 Saint-Étienne-Marseille,2024-12-08,Matchweek 14,Sun,Home,L,0,2,Marseille,0,3,2,66.7,0.0,0.0,26.3,0.0,0,0,0.1,0.1,0.05,-0.1,-0.1,20:45:00,/en/matches/e865637d/Saint-Etienne-Marseille-December-8-2024-Ligue-1
FRA-Ligue 1,2425,Saint-Étienne,2024-12-13 Toulouse-Saint-Étienne,2024-12-13,Matchweek 15,Fri,Away,L,1,2,Toulouse,1,3,2,66.7,0.33,0.5,24.3,0.0,0,0,0.5,0.5,0.17,0.5,0.5,20:45:00,/en/matches/737388fc/Toulouse-Saint-Etienne-December-13-2024-Ligue-1
FRA-Ligue 1,2425,Saint-Étienne,2025-01-04 Saint-Étienne-Reims,2025-01-04,Matchweek 16,Sat,Home,W,3,1,Reims,3,14,4,28.6,0.21,0.75,13.3,0.0,0,0,2.2,2.2,0.16,0.8,0.8,17:00:00,/en/matches/09e72954/Saint-Etienne-Reims-January-4-2025-Ligue-1
FRA-Ligue 1,2425,Saint-Étienne,2025-01-12 Paris S-G-Saint-Étienne,2025-01-12,Matchweek 17,Sun,Away,L,1,2,Paris S-G,1,8,3,37.5,0.13,0.33,20.8,1.0,0,0,0.4,0.4,0.05,0.6,0.6,20:45:00,/en/matches/8d5ca778/Paris-Saint-Germain-Saint-Etienne-January-12-2025-Ligue-1
FRA-Ligue 1,2425,Saint-Étienne,2025-01-19 Saint-Étienne-Nantes,2025-01-19,Matchweek 18,Sun,Home,D,1,1,Nantes,1,12,2,16.7,0.08,0.5,16.5,0.0,0,0,0.8,0.8,0.07,0.2,0.2,15:00:00,/en/matches/c47f8bb5/Saint-Etienne-Nantes-January-19-2025-Ligue-1
FRA-Ligue 1,2425,Saint-Étienne,2025-01-24 Auxerre-Saint-Étienne,2025-01-24,Matchweek 19,Fri,Away,D,1,1,Auxerre,1,8,3,37.5,0.13,0.33,18.0,1.0,0,0,1.2,1.2,0.18,-0.2,-0.2,20:45:00,/en/matches/7ad35976/Auxerre-Saint-Etienne-January-24-2025-Ligue-1
FRA-Ligue 1,2425,Saint-Étienne,2025-02-01 Lille-Saint-Étienne,2025-02-01,Matchweek 20,Sat,Away,L,1,4,Lille,1,8,1,12.5,0.0,0.0,17.1,0.0,1,1,2.0,1.2,0.16,-1.0,-1.2,21:05:00,/en/matches/41e764ae/Lille-Saint-Etienne-February-1-2025-Ligue-1
FRA-Ligue 1,2425,Saint-Étienne,2025-02-08 Saint-Étienne-Rennes,2025-02-08,Matchweek 21,Sat,Home,L,0,2,Rennes,0,9,3,33.3,0.0,0.0,17.8,0.0,0,0,0.5,0.5,0.05,-0.5,-0.5,21:05:00,/en/matches/de805721/Saint-Etienne-Rennes-February-8-2025-Ligue-1
FRA-Ligue 1,2425,Saint-Étienne,2025-02-15 Marseille-Saint-Étienne,2025-02-15,Matchweek 22,Sat,Away,L,1,5,Marseille,1,7,2,28.6,0.14,0.5,17.5,0.0,0,0,1.0,1.0,0.15,0.0,0.0,17:00:00,/en/matches/0a71ff58/Marseille-Saint-Etienne-February-15-2025-Ligue-1
FRA-Ligue 1,2425,Saint-Étienne,2025-02-22 Saint-Étienne-Angers,2025-02-22,Matchweek 23,Sat,Home,D,3,3,Angers,3,19,8,42.1,0.16,0.38,17.6,0.0,0,0,1.5,1.5,0.09,1.5,1.5,19:00:00,/en/matches/80854674/Saint-Etienne-Angers-February-22-2025-Ligue-1
FRA-Ligue 1,2425,Saint-Étienne,2025-03-01 Saint-Étienne-Nice,2025-03-01,Matchweek 24,Sat,Home,L,1,3,Nice,1,12,3,25.0,0.08,0.33,16.2,0.0,0,0,0.9,0.9,0.07,0.1,0.1,17:00:00,/en/matches/8a209a58/Saint-Etienne-Nice-March-1-2025-Ligue-1
FRA-Ligue 1,2425,Saint-Étienne,2025-03-09 Le Havre-Saint-Étienne,2025-03-09,Matchweek 25,Sun,Away,D,1,1,Le Havre,1,12,2,16.7,0.08,0.5,16.4,0.0,0,0,1.5,1.5,0.14,-0.5,-0.5,17:15:00,/en/matches/7055dbbe/Le-Havre-Saint-Etienne-March-9-2025-Ligue-1
FRA-Ligue 1,2425,Saint-Étienne,2025-03-16 Montpellier-Saint-Étienne,2025-03-16,Matchweek 26,Sun,Away,W,2,0,Montpellier,2,11,6,54.5,0.18,0.33,,,0,0,,,,,,17:15:00,/en/matches/15ee650c/Montpellier-Saint-Etienne-March-16-2025-Ligue-1
FRA-Ligue 1,2425,Saint-Étienne,2025-03-29 Saint-Étienne-Paris S-G,2025-03-29,Matchweek 27,Sat,Home,L,1,6,Paris S-G,1,11,2,18.2,0.09,0.5,22.2,0.0,0,0,1.1,1.1,0.1,-0.1,-0.1,19:00:00,/en/matches/f44d3b12/Saint-Etienne-Paris-Saint-Germain-March-29-2025-Ligue-1
FRA-Ligue 1,2425,Saint-Étienne,2025-04-06 Lens-Saint-Étienne,2025-04-06,Matchweek 28,Sun,Away,L,0,1,Lens,0,7,2,28.6,0.0,0.0,16.2,0.0,0,1,1.4,0.6,0.09,-1.4,-0.6,15:00:00,/en/matches/859cd779/Lens-Saint-Etienne-April-6-2025-Ligue-1
FRA-Ligue 1,2425,Saint-Étienne,2025-04-13 Saint-Étienne-Brest,2025-04-13,Matchweek 29,Sun,Home,D,3,3,Brest,3,9,4,44.4,0.33,0.75,16.0,0.0,0,0,0.7,0.7,0.08,2.3,2.3,15:00:00,/en/matches/8a453c4e/Saint-Etienne-Brest-April-13-2025-Ligue-1
FRA-Ligue 1,2425,Saint-Étienne,2025-04-20 Saint-Étienne-Lyon,2025-04-20,Matchweek 30,Sun,Home,W,2,1,Lyon,2,18,6,33.3,0.11,0.33,22.7,1.0,0,0,1.6,1.6,0.09,0.4,0.4,20:45:00,/en/matches/19228d4a/Saint-Etienne-Lyon-April-20-2025-Ligue-1
FRA-Ligue 1,2425,Saint-Étienne,2025-04-26 Strasbourg-Saint-Étienne,2025-04-26,Matchweek 31,Sat,Away,L,1,3,Strasbourg,1,17,6,35.3,0.06,0.17,18.5,0.0,0,0,2.1,2.1,0.14,-1.1,-1.1,17:00:00,/en/matches/ca1e1dc1/Strasbourg-Saint-Etienne-April-26-2025-Ligue-1
FRA-Ligue 1,2425,Saint-Étienne,2025-05-03 Saint-Étienne-Monaco,2025-05-03,Matchweek 32,Sat,Home,L,1,3,Monaco,1,11,1,9.1,0.09,1.0,17.8,0.0,0,0,0.6,0.6,0.05,0.4,0.4,21:05:00,/en/matches/4e6718ec/Saint-Etienne-Monaco-May-3-2025-Ligue-1
FRA-Ligue 1,2425,Saint-Étienne,2025-05-10 Reims-Saint-Étienne,2025-05-10,Matchweek 33,Sat,Away,W,2,0,Reims,2,9,4,44.4,0.22,0.5,20.3,0.0,0,0,0.7,0.7,0.08,1.3,1.3,21:00:00,/en/matches/e0ae4f10/Reims-Saint-Etienne-May-10-2025-Ligue-1
FRA-Ligue 1,2425,Saint-Étienne,2025-05-17 Saint-Étienne-Toulouse,2025-05-17,Matchweek 34,Sat,Home,L,2,3,Toulouse,2,18,6,33.3,0.11,0.33,18.1,0.0,0,0,1.3,1.3,0.07,0.7,0.7,21:00:00,/en/matches/2eb36838/Saint-Etienne-Toulouse-May-17-2025-Ligue-1
FRA-Ligue 1,2425,Strasbourg,2024-08-18 Montpellier-Strasbourg,2024-08-18,Matchweek 1,Sun,Away,D,1,1,Montpellier,1,11,4,36.4,0.09,0.25,14.7,0.0,0,0,0.9,0.9,0.08,0.1,0.1,17:00:00,/en/matches/652abd24/Montpellier-Strasbourg-August-18-2024-Ligue-1
FRA-Ligue 1,2425,Strasbourg,2024-08-25 Strasbourg-Rennes,2024-08-25,Matchweek 2,Sun,Home,W,3,1,Rennes,2,11,5,45.5,0.18,0.4,13.9,0.0,0,0,0.7,0.7,0.07,1.3,1.3,17:00:00,/en/matches/efa54e4b/Strasbourg-Rennes-August-25-2024-Ligue-1
FRA-Ligue 1,2425,Strasbourg,2024-08-30 Lyon-Strasbourg,2024-08-30,Matchweek 3,Fri,Away,L,3,4,Lyon,3,15,8,53.3,0.2,0.38,16.9,1.0,0,0,2.7,2.7,0.18,0.3,0.3,20:45:00,/en/matches/2c5ec7aa/Lyon-Strasbourg-August-30-2024-Ligue-1
FRA-Ligue 1,2425,Strasbourg,2024-09-15 Strasbourg-Angers,2024-09-15,Matchweek 4,Sun,Home,D,1,1,Angers,1,10,5,50.0,0.1,0.2,15.1,1.0,0,0,2.3,2.3,0.23,-1.3,-1.3,17:00:00,/en/matches/06ecf73c/Strasbourg-Angers-September-15-2024-Ligue-1
FRA-Ligue 1,2425,Strasbourg,2024-09-21 Lille-Strasbourg,2024-09-21,Matchweek 5,Sat,Away,D,3,3,Lille,3,12,9,75.0,0.25,0.33,11.5,0.0,0,0,3.2,3.2,0.31,-0.2,-0.2,17:00:00,/en/matches/2bff6ebd/Lille-Strasbourg-September-21-2024-Ligue-1
FRA-Ligue 1,2425,Strasbourg,2024-09-29 Strasbourg-Marseille,2024-09-29,Matchweek 6,Sun,Home,W,1,0,Marseille,1,14,6,42.9,0.07,0.17,19.2,1.0,0,0,1.3,1.3,0.09,-0.3,-0.3,20:45:00,/en/matches/ebcd9980/Strasbourg-Marseille-September-29-2024-Ligue-1
FRA-Ligue 1,2425,Strasbourg,2024-10-06 Strasbourg-Lens,2024-10-06,Matchweek 7,Sun,Home,D,2,2,Lens,2,7,4,57.1,0.14,0.25,21.4,0.0,1,1,1.2,0.5,0.06,0.8,0.5,17:00:00,/en/matches/219332d8/Strasbourg-Lens-October-6-2024-Ligue-1
FRA-Ligue 1,2425,Strasbourg,2024-10-19 Paris S-G-Strasbourg,2024-10-19,Matchweek 8,Sat,Away,L,2,4,Paris S-G,2,16,7,43.8,0.13,0.29,15.3,0.0,0,0,1.9,1.9,0.13,0.1,0.1,21:00:00,/en/matches/80a16e3b/Paris-Saint-Germain-Strasbourg-October-19-2024-Ligue-1
FRA-Ligue 1,2425,Strasbourg,2024-10-27 Strasbourg-Nantes,2024-10-27,Matchweek 9,Sun,Home,W,3,1,Nantes,3,9,5,55.6,0.33,0.6,10.0,0.0,0,0,1.7,1.7,0.19,1.3,1.3,17:00:00,/en/matches/98168e71/Strasbourg-Nantes-October-27-2024-Ligue-1
FRA-Ligue 1,2425,Strasbourg,2024-11-02 Saint-Étienne-Strasbourg,2024-11-02,Matchweek 10,Sat,Away,L,0,2,Saint-Étienne,0,9,3,33.3,0.0,0.0,14.4,0.0,0,0,0.5,0.5,0.06,-0.5,-0.5,21:00:00,/en/matches/535bbc15/Saint-Etienne-Strasbourg-November-2-2024-Ligue-1
FRA-Ligue 1,2425,Strasbourg,2024-11-09 Strasbourg-Monaco,2024-11-09,Matchweek 11,Sat,Home,L,1,3,Monaco,1,5,2,40.0,0.2,0.5,17.3,0.0,0,0,0.6,0.6,0.13,0.4,0.4,17:00:00,/en/matches/cd41b272/Strasbourg-Monaco-November-9-2024-Ligue-1
FRA-Ligue 1,2425,Strasbourg,2024-11-24 Nice-Strasbourg,2024-11-24,Matchweek 12,Sun,Away,L,1,2,Nice,1,10,3,30.0,0.1,0.33,21.6,0.0,0,0,0.4,0.4,0.04,0.6,0.6,20:45:00,/en/matches/5bfe68c5/Nice-Strasbourg-November-24-2024-Ligue-1
FRA-Ligue 1,2425,Strasbourg,2024-11-30 Brest-Strasbourg,2024-11-30,Matchweek 13,Sat,Away,L,1,3,Brest,1,12,4,33.3,0.08,0.25,17.5,0.0,0,0,1.0,1.0,0.08,0.0,0.0,19:00:00,/en/matches/197cb3bb/Brest-Strasbourg-November-30-2024-Ligue-1
FRA-Ligue 1,2425,Strasbourg,2024-12-08 Strasbourg-Reims,2024-12-08,Matchweek 14,Sun,Home,D,0,0,Reims,0,7,2,28.6,0.0,0.0,19.2,1.0,0,0,0.8,0.8,0.11,-0.8,-0.8,17:00:00,/en/matches/74299224/Strasbourg-Reims-December-8-2024-Ligue-1
FRA-Ligue 1,2425,Strasbourg,2024-12-15 Le Havre-Strasbourg,2024-12-15,Matchweek 15,Sun,Away,W,3,0,Le Havre,3,9,5,55.6,0.33,0.6,13.1,0.0,0,0,0.9,0.9,0.11,2.1,2.1,17:00:00,/en/matches/e1e508ce/Le-Havre-Strasbourg-December-15-2024-Ligue-1
FRA-Ligue 1,2425,Strasbourg,2025-01-05 Strasbourg-Auxerre,2025-01-05,Matchweek 16,Sun,Home,W,3,1,Auxerre,3,10,3,30.0,0.2,0.67,15.1,0.0,1,1,2.9,2.1,0.21,0.1,-0.1,15:00:00,/en/matches/d37a723b/Strasbourg-Auxerre-January-5-2025-Ligue-1
FRA-Ligue 1,2425,Strasbourg,2025-01-12 Toulouse-Strasbourg,2025-01-12,Matchweek 17,Sun,Away,W,2,1,Toulouse,2,8,2,25.0,0.25,1.0,16.5,0.0,0,0,2.3,2.3,0.29,-0.3,-0.3,17:15:00,/en/matches/eb79cf67/Toulouse-Strasbourg-January-12-2025-Ligue-1
FRA-Ligue 1,2425,Strasbourg,2025-01-19 Marseille-Strasbourg,2025-01-19,Matchweek 18,Sun,Away,D,1,1,Marseille,1,7,3,42.9,0.14,0.33,19.2,1.0,0,0,0.9,0.9,0.14,0.1,0.1,20:45:00,/en/matches/fb5f33dc/Marseille-Strasbourg-January-19-2025-Ligue-1
FRA-Ligue 1,2425,Strasbourg,2025-01-25 Strasbourg-Lille,2025-01-25,Matchweek 19,Sat,Home,W,2,1,Lille,2,11,7,63.6,0.18,0.29,16.5,0.0,0,0,1.1,1.1,0.1,0.9,0.9,19:00:00,/en/matches/f5d25d48/Strasbourg-Lille-January-25-2025-Ligue-1
FRA-Ligue 1,2425,Strasbourg,2025-02-02 Rennes-Strasbourg,2025-02-02,Matchweek 20,Sun,Away,L,0,1,Rennes,0,7,3,42.9,0.0,0.0,15.4,0.0,0,0,1.2,1.2,0.17,-1.2,-1.2,17:15:00,/en/matches/e9da9682/Rennes-Strasbourg-February-2-2025-Ligue-1
FRA-Ligue 1,2425,Strasbourg,2025-02-09 Strasbourg-Montpellier,2025-02-09,Matchweek 21,Sun,Home,W,2,0,Montpellier,2,22,5,22.7,0.09,0.4,15.6,1.0,0,0,2.7,2.7,0.14,-0.7,-0.7,17:15:00,/en/matches/0886a1bd/Strasbourg-Montpellier-February-9-2025-Ligue-1
FRA-Ligue 1,2425,Strasbourg,2025-02-16 Lens-Strasbourg,2025-02-16,Matchweek 22,Sun,Away,W,2,0,Lens,2,13,4,30.8,0.15,0.5,13.9,0.0,0,0,2.4,2.4,0.18,-0.4,-0.4,17:15:00,/en/matches/bdcbbf69/Lens-Strasbourg-February-16-2025-Ligue-1
FRA-Ligue 1,2425,Strasbourg,2025-02-23 Strasbourg-Brest,2025-02-23,Matchweek 23,Sun,Home,D,0,0,Brest,0,3,1,33.3,0.0,0.0,16.1,0.0,0,0,0.6,0.6,0.2,-0.6,-0.6,17:15:00,/en/matches/585be98f/Strasbourg-Brest-February-23-2025-Ligue-1
FRA-Ligue 1,2425,Strasbourg,2025-03-02 Auxerre-Strasbourg,2025-03-02,Matchweek 24,Sun,Away,W,1,0,Auxerre,1,6,3,50.0,0.17,0.33,14.9,0.0,0,0,1.4,1.4,0.23,-0.4,-0.4,17:15:00,/en/matches/370220dd/Auxerre-Strasbourg-March-2-2025-Ligue-1
FRA-Ligue 1,2425,Strasbourg,2025-03-09 Nantes-Strasbourg,2025-03-09,Matchweek 25,Sun,Away,W,1,0,Nantes,1,9,1,11.1,0.11,1.0,14.4,0.0,0,0,1.0,1.0,0.11,0.0,0.0,17:15:00,/en/matches/01d100ee/Nantes-Strasbourg-March-9-2025-Ligue-1
FRA-Ligue 1,2425,Strasbourg,2025-03-16 Strasbourg-Toulouse,2025-03-16,Matchweek 26,Sun,Home,W,2,1,Toulouse,2,10,3,30.0,0.2,0.67,13.9,0.0,0,0,1.7,1.7,0.17,0.3,0.3,17:15:00,/en/matches/30de0ad9/Strasbourg-Toulouse-March-16-2025-Ligue-1
FRA-Ligue 1,2425,Strasbourg,2025-03-28 Strasbourg-Lyon,2025-03-28,Matchweek 27,Fri,Home,W,4,2,Lyon,4,14,7,50.0,0.29,0.57,19.0,2.0,0,0,1.1,1.1,0.08,2.9,2.9,20:45:00,/en/matches/e4da6424/Strasbourg-Lyon-March-28-2025-Ligue-1
FRA-Ligue 1,2425,Strasbourg,2025-04-06 Reims-Strasbourg,2025-04-06,Matchweek 28,Sun,Away,W,1,0,Reims,1,13,4,30.8,0.08,0.25,12.0,0.0,0,0,2.5,2.5,0.2,-1.5,-1.5,17:15:00,/en/matches/44834f60/Reims-Strasbourg-April-6-2025-Ligue-1
FRA-Ligue 1,2425,Strasbourg,2025-04-12 Strasbourg-Nice,2025-04-12,Matchweek 29,Sat,Home,D,2,2,Nice,2,11,4,36.4,0.18,0.5,19.2,1.0,0,0,0.7,0.7,0.07,1.3,1.3,21:05:00,/en/matches/55275978/Strasbourg-Nice-April-12-2025-Ligue-1
FRA-Ligue 1,2425,Strasbourg,2025-04-19 Monaco-Strasbourg,2025-04-19,Matchweek 30,Sat,Away,D,0,0,Monaco,0,5,2,40.0,0.0,0.0,19.4,0.0,0,0,0.4,0.4,0.08,-0.4,-0.4,19:00:00,/en/matches/bdddd15d/Monaco-Strasbourg-April-19-2025-Ligue-1
FRA-Ligue 1,2425,Strasbourg,2025-04-26 Strasbourg-Saint-Étienne,2025-04-26,Matchweek 31,Sat,Home,W,3,1,Saint-Étienne,3,18,7,38.9,0.17,0.43,15.9,0.0,0,0,2.7,2.7,0.15,0.3,0.3,17:00:00,/en/matches/ca1e1dc1/Strasbourg-Saint-Etienne-April-26-2025-Ligue-1
FRA-Ligue 1,2425,Strasbourg,2025-05-03 Strasbourg-Paris S-G,2025-05-03,Matchweek 32,Sat,Home,W,2,1,Paris S-G,1,9,2,22.2,0.11,0.5,14.4,0.0,0,0,0.8,0.8,0.09,0.2,0.2,17:00:00,/en/matches/d9c56744/Strasbourg-Paris-Saint-Germain-May-3-2025-Ligue-1
FRA-Ligue 1,2425,Strasbourg,2025-05-10 Angers-Strasbourg,2025-05-10,Matchweek 33,Sat,Away,L,1,2,Angers,1,15,3,20.0,0.07,0.33,20.2,1.0,0,0,1.0,1.0,0.07,0.0,0.0,21:00:00,/en/matches/fafe26a4/Angers-Strasbourg-May-10-2025-Ligue-1
FRA-Ligue 1,2425,Strasbourg,2025-05-17 Strasbourg-Le Havre,2025-05-17,Matchweek 34,Sat,Home,L,2,3,Le Havre,2,6,4,66.7,0.33,0.5,14.1,0.0,0,0,1.6,1.6,0.28,0.4,0.4,21:00:00,/en/matches/51aaa97c/Strasbourg-Le-Havre-May-17-2025-Ligue-1
FRA-Ligue 1,2425,Toulouse,2024-08-18 Toulouse-Nantes,2024-08-18,Matchweek 1,Sun,Home,D,0,0,Nantes,0,12,6,50.0,0.0,0.0,12.4,0.0,0,0,1.7,1.7,0.14,-1.7,-1.7,17:00:00,/en/matches/67b3b54c/Toulouse-Nantes-August-18-2024-Ligue-1
FRA-Ligue 1,2425,Toulouse,2024-08-25 Nice-Toulouse,2024-08-25,Matchweek 2,Sun,Away,D,1,1,Nice,1,15,3,20.0,0.07,0.33,17.8,1.0,0,0,1.0,1.0,0.07,0.0,0.0,17:00:00,/en/matches/33b61302/Nice-Toulouse-August-25-2024-Ligue-1
FRA-Ligue 1,2425,Toulouse,2024-08-31 Toulouse-Marseille,2024-08-31,Matchweek 3,Sat,Home,L,1,3,Marseille,1,3,1,33.3,0.33,1.0,16.2,0.0,0,0,1.0,1.0,0.33,0.0,0.0,21:00:00,/en/matches/ebbcbe63/Toulouse-Marseille-August-31-2024-Ligue-1
FRA-Ligue 1,2425,Toulouse,2024-09-15 Toulouse-Le Havre,2024-09-15,Matchweek 4,Sun,Home,W,2,0,Le Havre,2,15,6,40.0,0.13,0.33,14.6,0.0,0,0,1.3,1.3,0.09,0.7,0.7,17:00:00,/en/matches/f4982a54/Toulouse-Le-Havre-September-15-2024-Ligue-1
FRA-Ligue 1,2425,Toulouse,2024-09-22 Brest-Toulouse,2024-09-22,Matchweek 5,Sun,Away,L,0,2,Brest,0,10,1,10.0,0.0,0.0,14.2,0.0,0,1,2.7,1.9,0.19,-2.7,-1.9,17:00:00,/en/matches/7cbba12e/Brest-Toulouse-September-22-2024-Ligue-1
FRA-Ligue 1,2425,Toulouse,2024-09-29 Toulouse-Lyon,2024-09-29,Matchweek 6,Sun,Home,L,1,2,Lyon,1,10,4,40.0,0.1,0.25,18.3,0.0,0,0,0.9,0.9,0.09,0.1,0.1,15:00:00,/en/matches/a7954dea/Toulouse-Lyon-September-29-2024-Ligue-1
FRA-Ligue 1,2425,Toulouse,2024-10-05 Lille-Toulouse,2024-10-05,Matchweek 7,Sat,Away,L,1,2,Lille,1,9,2,22.2,0.11,0.5,15.8,0.0,0,0,1.1,1.1,0.14,-0.1,-0.1,19:00:00,/en/matches/8d700c3d/Lille-Toulouse-October-5-2024-Ligue-1
FRA-Ligue 1,2425,Toulouse,2024-10-20 Toulouse-Angers,2024-10-20,Matchweek 8,Sun,Home,D,1,1,Angers,1,18,5,27.8,0.06,0.2,14.9,0.0,0,0,2.0,2.0,0.11,-1.0,-1.0,17:00:00,/en/matches/92f559ad/Toulouse-Angers-October-20-2024-Ligue-1
FRA-Ligue 1,2425,Toulouse,2024-10-27 Montpellier-Toulouse,2024-10-27,Matchweek 9,Sun,Away,W,3,0,Montpellier,3,15,6,40.0,0.2,0.5,18.1,0.0,0,0,1.9,1.9,0.13,1.1,1.1,17:00:00,/en/matches/49e6789d/Montpellier-Toulouse-October-27-2024-Ligue-1
FRA-Ligue 1,2425,Toulouse,2024-11-03 Toulouse-Reims,2024-11-03,Matchweek 10,Sun,Home,W,1,0,Reims,1,13,5,38.5,0.08,0.2,15.9,0.0,0,0,0.9,0.9,0.07,0.1,0.1,15:00:00,/en/matches/f0237d4b/Toulouse-Reims-November-3-2024-Ligue-1
FRA-Ligue 1,2425,Toulouse,2024-11-10 Rennes-Toulouse,2024-11-10,Matchweek 11,Sun,Away,W,2,0,Rennes,1,9,1,11.1,0.11,1.0,15.6,0.0,0,0,1.4,1.4,0.15,-0.4,-0.4,17:00:00,/en/matches/a7965d75/Rennes-Toulouse-November-10-2024-Ligue-1
FRA-Ligue 1,2425,Toulouse,2024-11-22 Paris S-G-Toulouse,2024-11-22,Matchweek 12,Fri,Away,L,0,3,Paris S-G,0,11,2,18.2,0.0,0.0,18.2,0.0,0,0,1.4,1.4,0.13,-1.4,-1.4,21:00:00,/en/matches/740dd871/Paris-Saint-Germain-Toulouse-November-22-2024-Ligue-1
FRA-Ligue 1,2425,Toulouse,2024-12-01 Toulouse-Auxerre,2024-12-01,Matchweek 13,Sun,Home,W,2,0,Auxerre,2,11,5,45.5,0.09,0.2,19.1,0.0,1,1,2.3,1.5,0.14,-0.3,-0.5,17:00:00,/en/matches/f81de4c6/Toulouse-Auxerre-December-1-2024-Ligue-1
FRA-Ligue 1,2425,Toulouse,2024-12-07 Monaco-Toulouse,2024-12-07,Matchweek 14,Sat,Away,L,0,2,Monaco,0,6,3,50.0,0.0,0.0,17.1,0.0,0,0,0.5,0.5,0.09,-0.5,-0.5,17:00:00,/en/matches/63873373/Monaco-Toulouse-December-7-2024-Ligue-1
FRA-Ligue 1,2425,Toulouse,2024-12-13 Toulouse-Saint-Étienne,2024-12-13,Matchweek 15,Fri,Home,W,2,1,Saint-Étienne,2,11,4,36.4,0.18,0.5,11.4,0.0,0,0,1.4,1.4,0.13,0.6,0.6,20:45:00,/en/matches/737388fc/Toulouse-Saint-Etienne-December-13-2024-Ligue-1
FRA-Ligue 1,2425,Toulouse,2025-01-05 Lens-Toulouse,2025-01-05,Matchweek 16,Sun,Away,W,1,0,Lens,1,7,3,42.9,0.0,0.0,12.8,0.0,1,1,2.0,1.2,0.18,-1.0,-1.2,15:00:00,/en/matches/1f09a51a/Lens-Toulouse-January-5-2025-Ligue-1
FRA-Ligue 1,2425,Toulouse,2025-01-12 Toulouse-Strasbourg,2025-01-12,Matchweek 17,Sun,Home,L,1,2,Strasbourg,0,19,5,26.3,0.0,0.0,17.0,2.0,0,0,1.2,1.2,0.07,-1.2,-1.2,17:15:00,/en/matches/eb79cf67/Toulouse-Strasbourg-January-12-2025-Ligue-1
FRA-Ligue 1,2425,Toulouse,2025-01-18 Lyon-Toulouse,2025-01-18,Matchweek 18,Sat,Away,D,0,0,Lyon,0,13,4,30.8,0.0,0.0,14.6,0.0,0,0,1.1,1.1,0.09,-1.1,-1.1,21:05:00,/en/matches/58a863f5/Lyon-Toulouse-January-18-2025-Ligue-1
FRA-Ligue 1,2425,Toulouse,2025-01-26 Toulouse-Montpellier,2025-01-26,Matchweek 19,Sun,Home,L,1,2,Montpellier,1,15,5,33.3,0.07,0.2,17.2,0.0,0,0,1.0,1.0,0.07,0.0,0.0,17:15:00,/en/matches/81e5185d/Toulouse-Montpellier-January-26-2025-Ligue-1
FRA-Ligue 1,2425,Toulouse,2025-02-02 Toulouse-Nice,2025-02-02,Matchweek 20,Sun,Home,D,1,1,Nice,1,15,4,26.7,0.07,0.25,12.2,0.0,0,0,1.4,1.4,0.1,-0.4,-0.4,15:00:00,/en/matches/af67aa9c/Toulouse-Nice-February-2-2025-Ligue-1
FRA-Ligue 1,2425,Toulouse,2025-02-09 Auxerre-Toulouse,2025-02-09,Matchweek 21,Sun,Away,D,2,2,Auxerre,2,7,3,42.9,0.29,0.67,15.8,0.0,0,0,0.9,0.9,0.13,1.1,1.1,17:15:00,/en/matches/0446e883/Auxerre-Toulouse-February-9-2025-Ligue-1
FRA-Ligue 1,2425,Toulouse,2025-02-15 Toulouse-Paris S-G,2025-02-15,Matchweek 22,Sat,Home,L,0,1,Paris S-G,0,14,4,28.6,0.0,0.0,15.0,0.0,0,0,0.9,0.9,0.06,-0.9,-0.9,21:05:00,/en/matches/91e2ebf6/Toulouse-Paris-Saint-Germain-February-15-2025-Ligue-1
FRA-Ligue 1,2425,Toulouse,2025-02-23 Le Havre-Toulouse,2025-02-23,Matchweek 23,Sun,Away,W,4,1,Le Havre,4,10,4,40.0,0.3,0.75,17.4,0.0,1,1,2.4,1.6,0.16,1.6,1.4,17:15:00,/en/matches/8284b7f6/Le-Havre-Toulouse-February-23-2025-Ligue-1
FRA-Ligue 1,2425,Toulouse,2025-03-02 Angers-Toulouse,2025-03-02,Matchweek 24,Sun,Away,W,4,0,Angers,4,19,13,68.4,0.21,0.31,12.3,0.0,0,0,3.5,3.5,0.19,0.5,0.5,17:15:00,/en/matches/d9b255ac/Angers-Toulouse-March-2-2025-Ligue-1
FRA-Ligue 1,2425,Toulouse,2025-03-07 Toulouse-Monaco,2025-03-07,Matchweek 25,Fri,Home,D,1,1,Monaco,1,8,3,37.5,0.13,0.33,17.4,0.0,0,0,0.6,0.6,0.07,0.4,0.4,20:45:00,/en/matches/807e72ae/Toulouse-Monaco-March-7-2025-Ligue-1
FRA-Ligue 1,2425,Toulouse,2025-03-16 Strasbourg-Toulouse,2025-03-16,Matchweek 26,Sun,Away,L,1,2,Strasbourg,1,11,7,63.6,0.09,0.14,18.2,1.0,0,0,1.7,1.7,0.17,-0.7,-0.7,17:15:00,/en/matches/30de0ad9/Strasbourg-Toulouse-March-16-2025-Ligue-1
FRA-Ligue 1,2425,Toulouse,2025-03-30 Toulouse-Brest,2025-03-30,Matchweek 27,Sun,Home,L,2,4,Brest,2,17,4,23.5,0.12,0.5,13.1,1.0,0,0,2.0,2.0,0.12,0.0,0.0,15:00:00,/en/matches/b33c5901/Toulouse-Brest-March-30-2025-Ligue-1
FRA-Ligue 1,2425,Toulouse,2025-04-06 Marseille-Toulouse,2025-04-06,Matchweek 28,Sun,Away,L,2,3,Marseille,2,8,3,37.5,0.25,0.67,17.3,0.0,0,0,1.3,1.3,0.16,0.7,0.7,20:45:00,/en/matches/37a1d2be/Marseille-Toulouse-April-6-2025-Ligue-1
FRA-Ligue 1,2425,Toulouse,2025-04-12 Toulouse-Lille,2025-04-12,Matchweek 29,Sat,Home,L,1,2,Lille,1,9,5,55.6,0.11,0.2,14.7,1.0,0,0,0.9,0.9,0.1,0.1,0.1,19:00:00,/en/matches/0a9272f4/Toulouse-Lille-April-12-2025-Ligue-1
FRA-Ligue 1,2425,Toulouse,2025-04-20 Reims-Toulouse,2025-04-20,Matchweek 30,Sun,Away,L,0,1,Reims,0,18,5,27.8,0.0,0.0,15.9,1.0,0,0,1.3,1.3,0.07,-1.3,-1.3,17:15:00,/en/matches/86146582/Reims-Toulouse-April-20-2025-Ligue-1
FRA-Ligue 1,2425,Toulouse,2025-04-27 Nantes-Toulouse,2025-04-27,Matchweek 31,Sun,Away,D,0,0,Nantes,0,6,2,33.3,0.0,0.0,18.3,0.0,0,0,0.4,0.4,0.06,-0.4,-0.4,17:15:00,/en/matches/94a42dc1/Nantes-Toulouse-April-27-2025-Ligue-1
FRA-Ligue 1,2425,Toulouse,2025-05-03 Toulouse-Rennes,2025-05-03,Matchweek 32,Sat,Home,W,2,1,Rennes,2,9,3,33.3,0.22,0.67,14.9,0.0,0,0,0.7,0.7,0.07,1.3,1.3,19:00:00,/en/matches/ffb99c84/Toulouse-Rennes-May-3-2025-Ligue-1
FRA-Ligue 1,2425,Toulouse,2025-05-10 Toulouse-Lens,2025-05-10,Matchweek 33,Sat,Home,D,1,1,Lens,1,9,6,66.7,0.11,0.17,13.7,0.0,0,0,1.1,1.1,0.13,-0.1,-0.1,21:00:00,/en/matches/4ef097b0/Toulouse-Lens-May-10-2025-Ligue-1
FRA-Ligue 1,2425,Toulouse,2025-05-17 Saint-Étienne-Toulouse,2025-05-17,Matchweek 34,Sat,Away,W,3,2,Saint-Étienne,3,17,8,47.1,0.18,0.38,13.2,0.0,0,0,3.2,3.2,0.19,-0.2,-0.2,21:00:00,/en/matches/2eb36838/Saint-Etienne-Toulouse-May-17-2025-Ligue-1
