league,season,team,game,date,round,day,venue,result,GF,GA,opp,Poss,Touches_Touches,Touches_Def Pen,Touches_Def 3rd,Touches_Mid 3rd,Touches_Att 3rd,Touches_Att Pen,Touches_Live,Take-Ons_Att,Take-Ons_Succ,Take-Ons_Succ%,Take-Ons_Tkld,Take-Ons_Tkld%,Carries_Carries,Carries_TotDist,Carries_PrgDist,Carries_PrgC,Carries_1/3,Carries_CPA,Carries_Mis,Carries_Dis,Receiving_Rec,Receiving_PrgR,time,match_report
FRA-Ligue 1,2021,Angers,2020-08-22 Dijon-Angers,2020-08-22,Matchweek 1,Sat,Away,W,1,0,Dijon,46,599.0,44.0,213.0,248.0,140.0,23.0,599.0,13.0,8.0,61.5,5.0,38.5,292.0,1659.0,711.0,9.0,11.0,6.0,16.0,8.0,407.0,41.0,17:00:00,/en/matches/9cbccb37/Dijon-Angers-August-22-2020-Ligue-1
FRA-Ligue 1,2021,Angers,2020-08-30 Angers-Bordeaux,2020-08-30,Matchweek 2,Sun,Home,L,0,2,Bordeaux,57,713.0,35.0,148.0,387.0,185.0,20.0,713.0,27.0,19.0,70.4,8.0,29.6,528.0,2276.0,1051.0,18.0,16.0,3.0,17.0,22.0,484.0,52.0,15:00:00,/en/matches/db69f933/Angers-Bordeaux-August-30-2020-Ligue-1
FRA-Ligue 1,2021,Angers,2020-09-13 Angers-Reims,2020-09-13,Matchweek 3,Sun,Home,W,1,0,Reims,58,688.0,37.0,141.0,378.0,173.0,17.0,687.0,14.0,9.0,64.3,5.0,35.7,375.0,2026.0,1067.0,20.0,15.0,1.0,21.0,10.0,500.0,49.0,15:00:00,/en/matches/a1237c63/Angers-Reims-September-13-2020-Ligue-1
FRA-Ligue 1,2021,Angers,2020-09-20 Montpellier-Angers,2020-09-20,Matchweek 4,Sun,Away,L,1,4,Montpellier,50,684.0,58.0,229.0,366.0,96.0,14.0,684.0,17.0,8.0,47.1,9.0,52.9,412.0,1739.0,828.0,17.0,12.0,2.0,9.0,5.0,467.0,32.0,15:00:00,/en/matches/14504cc6/Montpellier-Angers-September-20-2020-Ligue-1
FRA-Ligue 1,2021,Angers,2020-09-27 Angers-Brest,2020-09-27,Matchweek 5,Sun,Home,W,3,2,Brest,53,662.0,55.0,187.0,350.0,133.0,20.0,662.0,18.0,11.0,61.1,7.0,38.9,336.0,1701.0,769.0,13.0,10.0,4.0,15.0,22.0,436.0,30.0,15:00:00,/en/matches/940f811f/Angers-Brest-September-27-2020-Ligue-1
FRA-Ligue 1,2021,Angers,2020-10-02 Paris S-G-Angers,2020-10-02,Matchweek 6,Fri,Away,L,1,6,Paris S-G,43,595.0,55.0,195.0,320.0,87.0,9.0,595.0,18.0,11.0,61.1,7.0,38.9,301.0,1637.0,830.0,13.0,17.0,1.0,15.0,14.0,438.0,32.0,21:00:00,/en/matches/7feb9bf5/Paris-Saint-Germain-Angers-October-2-2020-Ligue-1
FRA-Ligue 1,2021,Angers,2020-10-18 Angers-Metz,2020-10-18,Matchweek 7,Sun,Home,D,1,1,Metz,47,580.0,45.0,207.0,254.0,125.0,22.0,579.0,19.0,8.0,42.1,11.0,57.9,274.0,1293.0,633.0,14.0,7.0,2.0,20.0,18.0,359.0,33.0,15:00:00,/en/matches/36193c0a/Angers-Metz-October-18-2020-Ligue-1
FRA-Ligue 1,2021,Angers,2020-10-23 Rennes-Angers,2020-10-23,Matchweek 8,Fri,Away,W,2,1,Rennes,37,569.0,69.0,208.0,277.0,92.0,18.0,569.0,27.0,19.0,70.4,8.0,29.6,304.0,1584.0,834.0,19.0,6.0,6.0,18.0,11.0,347.0,25.0,21:00:00,/en/matches/3450b7fc/Rennes-Angers-October-23-2020-Ligue-1
FRA-Ligue 1,2021,Angers,2020-11-01 Angers-Nice,2020-11-01,Matchweek 9,Sun,Home,L,0,3,Nice,52,635.0,37.0,146.0,315.0,183.0,21.0,635.0,16.0,9.0,56.3,7.0,43.8,345.0,1916.0,802.0,22.0,23.0,6.0,23.0,15.0,437.0,52.0,15:00:00,/en/matches/3f3f4cf5/Angers-Nice-November-1-2020-Ligue-1
FRA-Ligue 1,2021,Angers,2020-11-08 Nîmes-Angers,2020-11-08,Matchweek 10,Sun,Away,W,5,1,Nîmes,41,478.0,52.0,166.0,202.0,117.0,24.0,477.0,13.0,7.0,53.8,6.0,46.2,229.0,1124.0,565.0,13.0,11.0,4.0,10.0,6.0,269.0,22.0,15:00:00,/en/matches/d7b1fb5b/Nimes-Angers-November-8-2020-Ligue-1
FRA-Ligue 1,2021,Angers,2020-11-22 Angers-Lyon,2020-11-22,Matchweek 11,Sun,Home,L,0,1,Lyon,50,628.0,56.0,228.0,214.0,190.0,21.0,628.0,17.0,11.0,64.7,6.0,35.3,350.0,1891.0,963.0,24.0,16.0,4.0,14.0,8.0,394.0,40.0,17:00:00,/en/matches/7015e72d/Angers-Lyon-November-22-2020-Ligue-1
FRA-Ligue 1,2021,Angers,2020-11-29 Lens-Angers,2020-11-29,Matchweek 12,Sun,Away,W,3,1,Lens,36,498.0,60.0,184.0,227.0,99.0,22.0,498.0,17.0,8.0,47.1,9.0,52.9,320.0,1923.0,1005.0,19.0,14.0,7.0,13.0,8.0,286.0,27.0,15:00:00,/en/matches/034e6d97/Lens-Angers-November-29-2020-Ligue-1
FRA-Ligue 1,2021,Angers,2020-12-06 Angers-Lorient,2020-12-06,Matchweek 13,Sun,Home,W,2,0,Lorient,48,656.0,64.0,244.0,307.0,112.0,18.0,656.0,31.0,13.0,41.9,18.0,58.1,318.0,1405.0,649.0,17.0,13.0,4.0,24.0,9.0,361.0,32.0,15:00:00,/en/matches/2053773e/Angers-Lorient-December-6-2020-Ligue-1
FRA-Ligue 1,2021,Angers,2020-12-11 Saint-Étienne-Angers,2020-12-11,Matchweek 14,Fri,Away,D,0,0,Saint-Étienne,38,521.0,56.0,202.0,213.0,112.0,12.0,521.0,10.0,6.0,60.0,4.0,40.0,324.0,1531.0,729.0,13.0,12.0,6.0,16.0,14.0,319.0,33.0,21:00:00,/en/matches/e83bb8e6/Saint-Etienne-Angers-December-11-2020-Ligue-1
FRA-Ligue 1,2021,Angers,2020-12-16 Angers-Strasbourg,2020-12-16,Matchweek 15,Wed,Home,L,0,2,Strasbourg,57,676.0,35.0,161.0,374.0,152.0,18.0,676.0,21.0,13.0,61.9,8.0,38.1,467.0,3359.0,1289.0,16.0,10.0,3.0,20.0,11.0,475.0,50.0,19:00:00,/en/matches/a5fee05a/Angers-Strasbourg-December-16-2020-Ligue-1
FRA-Ligue 1,2021,Angers,2020-12-20 Nantes-Angers,2020-12-20,Matchweek 16,Sun,Away,D,1,1,Nantes,40,565.0,59.0,183.0,250.0,139.0,12.0,565.0,25.0,11.0,44.0,14.0,56.0,298.0,1474.0,601.0,15.0,9.0,4.0,22.0,11.0,286.0,34.0,15:00:00,/en/matches/da22205e/Nantes-Angers-December-20-2020-Ligue-1
FRA-Ligue 1,2021,Angers,2020-12-23 Angers-Marseille,2020-12-23,Matchweek 17,Wed,Home,W,2,1,Marseille,31,415.0,39.0,130.0,175.0,123.0,15.0,415.0,19.0,4.0,21.1,15.0,78.9,226.0,1243.0,631.0,13.0,12.0,2.0,24.0,8.0,202.0,27.0,21:00:00,/en/matches/c145b8a8/Angers-Marseille-December-23-2020-Ligue-1
FRA-Ligue 1,2021,Angers,2021-01-06 Lille-Angers,2021-01-06,Matchweek 18,Wed,Away,W,2,1,Lille,35,504.0,61.0,166.0,222.0,127.0,9.0,504.0,19.0,9.0,47.4,10.0,52.6,274.0,1574.0,623.0,14.0,17.0,3.0,13.0,11.0,248.0,27.0,21:00:00,/en/matches/3045cf73/Lille-Angers-January-6-2021-Ligue-1
FRA-Ligue 1,2021,Angers,2021-01-09 Monaco-Angers,2021-01-09,Matchweek 19,Sat,Away,L,0,3,Monaco,44,599.0,46.0,214.0,306.0,85.0,10.0,599.0,21.0,13.0,61.9,8.0,38.1,383.0,1632.0,663.0,18.0,16.0,1.0,18.0,10.0,383.0,35.0,21:00:00,/en/matches/0b79b895/Monaco-Angers-January-9-2021-Ligue-1
FRA-Ligue 1,2021,Angers,2021-01-16 Angers-Paris S-G,2021-01-16,Matchweek 20,Sat,Home,L,0,1,Paris S-G,39,547.0,66.0,192.0,251.0,112.0,15.0,547.0,18.0,11.0,61.1,7.0,38.9,331.0,1708.0,878.0,22.0,15.0,6.0,8.0,8.0,344.0,38.0,21:00:00,/en/matches/42a1a73e/Angers-Paris-Saint-Germain-January-16-2021-Ligue-1
FRA-Ligue 1,2021,Angers,2021-01-24 Bordeaux-Angers,2021-01-24,Matchweek 21,Sun,Away,L,1,2,Bordeaux,54,694.0,25.0,139.0,403.0,159.0,21.0,694.0,15.0,7.0,46.7,8.0,53.3,490.0,2158.0,1067.0,22.0,15.0,5.0,19.0,12.0,500.0,50.0,13:00:00,/en/matches/59557294/Bordeaux-Angers-January-24-2021-Ligue-1
FRA-Ligue 1,2021,Angers,2021-01-31 Angers-Nîmes,2021-01-31,Matchweek 22,Sun,Home,W,3,1,Nîmes,40,548.0,49.0,159.0,276.0,120.0,15.0,548.0,15.0,5.0,33.3,10.0,66.7,243.0,1072.0,503.0,13.0,6.0,2.0,17.0,8.0,335.0,32.0,15:00:00,/en/matches/d0799ee9/Angers-Nimes-January-31-2021-Ligue-1
FRA-Ligue 1,2021,Angers,2021-02-03 Reims-Angers,2021-02-03,Matchweek 23,Wed,Away,D,0,0,Reims,43,542.0,45.0,172.0,262.0,113.0,5.0,542.0,21.0,14.0,66.7,7.0,33.3,319.0,1834.0,871.0,17.0,11.0,1.0,20.0,11.0,337.0,34.0,19:00:00,/en/matches/00f3abdc/Reims-Angers-February-3-2021-Ligue-1
FRA-Ligue 1,2021,Angers,2021-02-07 Nice-Angers,2021-02-07,Matchweek 24,Sun,Away,L,0,3,Nice,49,617.0,38.0,150.0,313.0,162.0,11.0,617.0,22.0,9.0,40.9,13.0,59.1,365.0,2122.0,877.0,21.0,12.0,4.0,13.0,6.0,407.0,43.0,15:00:00,/en/matches/690017a7/Nice-Angers-February-7-2021-Ligue-1
FRA-Ligue 1,2021,Angers,2021-02-14 Angers-Nantes,2021-02-14,Matchweek 25,Sun,Home,L,1,3,Nantes,65,704.0,39.0,145.0,407.0,156.0,14.0,703.0,29.0,13.0,44.8,16.0,55.2,437.0,1954.0,897.0,15.0,10.0,3.0,14.0,6.0,484.0,54.0,15:00:00,/en/matches/381b127f/Angers-Nantes-February-14-2021-Ligue-1
FRA-Ligue 1,2021,Angers,2021-02-21 Strasbourg-Angers,2021-02-21,Matchweek 26,Sun,Away,D,0,0,Strasbourg,43,546.0,61.0,181.0,241.0,127.0,12.0,546.0,26.0,13.0,50.0,13.0,50.0,326.0,1542.0,735.0,13.0,12.0,1.0,21.0,4.0,300.0,27.0,15:00:00,/en/matches/77b2ad0a/Strasbourg-Angers-February-21-2021-Ligue-1
FRA-Ligue 1,2021,Angers,2021-02-28 Angers-Lens,2021-02-28,Matchweek 27,Sun,Home,D,2,2,Lens,40,425.0,55.0,162.0,175.0,96.0,9.0,424.0,12.0,7.0,58.3,5.0,41.7,184.0,1007.0,436.0,11.0,6.0,2.0,15.0,13.0,209.0,23.0,15:00:00,/en/matches/f1956473/Angers-Lens-February-28-2021-Ligue-1
FRA-Ligue 1,2021,Angers,2021-03-03 Metz-Angers,2021-03-03,Matchweek 28,Wed,Away,W,1,0,Metz,35,462.0,54.0,181.0,209.0,77.0,12.0,461.0,20.0,5.0,25.0,15.0,75.0,219.0,989.0,444.0,10.0,7.0,5.0,18.0,8.0,245.0,24.0,19:00:00,/en/matches/667969fb/Metz-Angers-March-3-2021-Ligue-1
FRA-Ligue 1,2021,Angers,2021-03-13 Angers-Saint-Étienne,2021-03-13,Matchweek 29,Sat,Home,L,0,1,Saint-Étienne,54,700.0,44.0,171.0,371.0,162.0,15.0,700.0,31.0,11.0,35.5,20.0,64.5,356.0,1862.0,886.0,17.0,13.0,1.0,21.0,11.0,443.0,58.0,13:00:00,/en/matches/b8bde00b/Angers-Saint-Etienne-March-13-2021-Ligue-1
FRA-Ligue 1,2021,Angers,2021-03-21 Brest-Angers,2021-03-21,Matchweek 30,Sun,Away,D,0,0,Brest,48,641.0,49.0,203.0,330.0,114.0,16.0,641.0,23.0,13.0,56.5,10.0,43.5,356.0,1528.0,833.0,17.0,11.0,4.0,15.0,3.0,430.0,41.0,15:00:00,/en/matches/b060d34a/Brest-Angers-March-21-2021-Ligue-1
FRA-Ligue 1,2021,Angers,2021-04-04 Angers-Montpellier,2021-04-04,Matchweek 31,Sun,Home,D,1,1,Montpellier,62,777.0,49.0,203.0,438.0,143.0,17.0,777.0,34.0,21.0,61.8,13.0,38.2,534.0,2481.0,1351.0,27.0,22.0,7.0,16.0,8.0,553.0,47.0,13:00:00,/en/matches/7a371bb9/Angers-Montpellier-April-4-2021-Ligue-1
FRA-Ligue 1,2021,Angers,2021-04-11 Lyon-Angers,2021-04-11,Matchweek 32,Sun,Away,L,0,3,Lyon,47,678.0,78.0,229.0,328.0,133.0,20.0,678.0,20.0,10.0,50.0,10.0,50.0,431.0,2206.0,951.0,16.0,19.0,3.0,22.0,18.0,453.0,39.0,21:00:00,/en/matches/4d4dc0b9/Lyon-Angers-April-11-2021-Ligue-1
FRA-Ligue 1,2021,Angers,2021-04-17 Angers-Rennes,2021-04-17,Matchweek 33,Sat,Home,L,0,3,Rennes,41,586.0,53.0,188.0,295.0,107.0,10.0,586.0,10.0,6.0,60.0,4.0,40.0,451.0,1625.0,689.0,14.0,12.0,1.0,15.0,10.0,415.0,33.0,12:45:00,/en/matches/f3267962/Angers-Rennes-April-17-2021-Ligue-1
FRA-Ligue 1,2021,Angers,2021-04-25 Angers-Monaco,2021-04-25,Matchweek 34,Sun,Home,L,0,1,Monaco,42,506.0,50.0,191.0,234.0,85.0,8.0,506.0,11.0,6.0,54.5,5.0,45.5,231.0,1087.0,546.0,8.0,10.0,2.0,14.0,15.0,289.0,23.0,17:05:00,/en/matches/d287f476/Angers-Monaco-April-25-2021-Ligue-1
FRA-Ligue 1,2021,Angers,2021-05-02 Lorient-Angers,2021-05-02,Matchweek 35,Sun,Away,L,0,2,Lorient,50,677.0,50.0,194.0,355.0,132.0,8.0,677.0,24.0,18.0,75.0,6.0,25.0,434.0,2359.0,1065.0,16.0,9.0,0.0,11.0,9.0,491.0,49.0,15:00:00,/en/matches/4960b9d0/Lorient-Angers-May-2-2021-Ligue-1
FRA-Ligue 1,2021,Angers,2021-05-09 Angers-Dijon,2021-05-09,Matchweek 36,Sun,Home,W,3,0,Dijon,44,608.0,42.0,186.0,318.0,111.0,17.0,608.0,12.0,4.0,33.3,8.0,66.7,306.0,1946.0,1066.0,24.0,22.0,1.0,20.0,4.0,411.0,42.0,15:00:00,/en/matches/69721055/Angers-Dijon-May-9-2021-Ligue-1
FRA-Ligue 1,2021,Angers,2021-05-16 Marseille-Angers,2021-05-16,Matchweek 37,Sun,Away,L,2,3,Marseille,47,608.0,53.0,167.0,299.0,148.0,13.0,608.0,19.0,3.0,15.8,16.0,84.2,378.0,1913.0,788.0,9.0,9.0,1.0,10.0,9.0,444.0,38.0,21:00:00,/en/matches/da6ea060/Marseille-Angers-May-16-2021-Ligue-1
FRA-Ligue 1,2021,Angers,2021-05-23 Angers-Lille,2021-05-23,Matchweek 38,Sun,Home,L,1,2,Lille,57,793.0,30.0,214.0,436.0,145.0,11.0,793.0,20.0,13.0,65.0,7.0,35.0,576.0,2314.0,1066.0,15.0,17.0,0.0,18.0,10.0,604.0,50.0,21:00:00,/en/matches/4aa8aaab/Angers-Lille-May-23-2021-Ligue-1
FRA-Ligue 1,2021,Bordeaux,2020-08-21 Bordeaux-Nantes,2020-08-21,Matchweek 1,Fri,Home,D,0,0,Nantes,44,625.0,64.0,223.0,309.0,98.0,4.0,625.0,14.0,9.0,64.3,5.0,35.7,423.0,1652.0,692.0,7.0,11.0,1.0,16.0,8.0,423.0,22.0,19:00:00,/en/matches/c0996cac/Bordeaux-Nantes-August-21-2020-Ligue-1
FRA-Ligue 1,2021,Bordeaux,2020-08-30 Angers-Bordeaux,2020-08-30,Matchweek 2,Sun,Away,W,2,0,Angers,43,582.0,68.0,229.0,265.0,92.0,14.0,582.0,15.0,8.0,53.3,7.0,46.7,281.0,1598.0,668.0,13.0,14.0,4.0,15.0,13.0,354.0,23.0,15:00:00,/en/matches/db69f933/Angers-Bordeaux-August-30-2020-Ligue-1
FRA-Ligue 1,2021,Bordeaux,2020-09-11 Bordeaux-Lyon,2020-09-11,Matchweek 3,Fri,Home,D,0,0,Lyon,46,531.0,67.0,221.0,205.0,109.0,9.0,531.0,16.0,7.0,43.8,9.0,56.3,340.0,1244.0,529.0,7.0,10.0,2.0,17.0,14.0,323.0,24.0,21:00:00,/en/matches/c39f66b9/Bordeaux-Lyon-September-11-2020-Ligue-1
FRA-Ligue 1,2021,Bordeaux,2020-09-19 Lens-Bordeaux,2020-09-19,Matchweek 4,Sat,Away,L,1,2,Lens,41,515.0,69.0,211.0,259.0,57.0,7.0,515.0,12.0,9.0,75.0,3.0,25.0,255.0,1367.0,579.0,6.0,5.0,0.0,20.0,11.0,323.0,13.0,17:00:00,/en/matches/87a237ad/Lens-Bordeaux-September-19-2020-Ligue-1
FRA-Ligue 1,2021,Bordeaux,2020-09-27 Bordeaux-Nice,2020-09-27,Matchweek 5,Sun,Home,D,0,0,Nice,46,624.0,83.0,257.0,256.0,117.0,31.0,624.0,13.0,8.0,61.5,5.0,38.5,348.0,2220.0,943.0,27.0,11.0,10.0,12.0,13.0,422.0,37.0,13:00:00,/en/matches/37c68582/Bordeaux-Nice-September-27-2020-Ligue-1
FRA-Ligue 1,2021,Bordeaux,2020-10-04 Bordeaux-Dijon,2020-10-04,Matchweek 6,Sun,Home,W,3,0,Dijon,50,646.0,60.0,230.0,280.0,141.0,21.0,646.0,14.0,8.0,57.1,5.0,35.7,350.0,1727.0,847.0,20.0,9.0,7.0,17.0,13.0,447.0,35.0,15:00:00,/en/matches/01b4fa54/Bordeaux-Dijon-October-4-2020-Ligue-1
FRA-Ligue 1,2021,Bordeaux,2020-10-17 Marseille-Bordeaux,2020-10-17,Matchweek 7,Sat,Away,L,1,3,Marseille,44,550.0,43.0,154.0,280.0,121.0,10.0,550.0,15.0,6.0,40.0,9.0,60.0,296.0,1372.0,611.0,12.0,7.0,3.0,18.0,7.0,344.0,27.0,21:00:00,/en/matches/e28d90ff/Marseille-Bordeaux-October-17-2020-Ligue-1
FRA-Ligue 1,2021,Bordeaux,2020-10-25 Bordeaux-Nîmes,2020-10-25,Matchweek 8,Sun,Home,W,2,0,Nîmes,59,707.0,56.0,263.0,339.0,111.0,27.0,706.0,30.0,22.0,73.3,8.0,26.7,490.0,2300.0,1165.0,28.0,11.0,9.0,12.0,12.0,518.0,39.0,15:00:00,/en/matches/72fedf37/Bordeaux-Nimes-October-25-2020-Ligue-1
FRA-Ligue 1,2021,Bordeaux,2020-11-01 Monaco-Bordeaux,2020-11-01,Matchweek 9,Sun,Away,L,0,4,Monaco,48,548.0,78.0,216.0,256.0,80.0,9.0,548.0,21.0,12.0,57.1,9.0,42.9,352.0,1608.0,641.0,10.0,11.0,3.0,10.0,7.0,377.0,24.0,17:00:00,/en/matches/371ae7de/Monaco-Bordeaux-November-1-2020-Ligue-1
FRA-Ligue 1,2021,Bordeaux,2020-11-07 Bordeaux-Montpellier,2020-11-07,Matchweek 10,Sat,Home,L,0,2,Montpellier,52,637.0,35.0,151.0,395.0,98.0,11.0,637.0,14.0,10.0,71.4,4.0,28.6,331.0,1912.0,913.0,14.0,10.0,3.0,12.0,7.0,463.0,42.0,17:00:00,/en/matches/0a398d60/Bordeaux-Montpellier-November-7-2020-Ligue-1
FRA-Ligue 1,2021,Bordeaux,2020-11-20 Rennes-Bordeaux,2020-11-20,Matchweek 11,Fri,Away,W,1,0,Rennes,41,548.0,61.0,182.0,273.0,99.0,5.0,548.0,8.0,5.0,62.5,3.0,37.5,273.0,1158.0,503.0,5.0,7.0,0.0,26.0,19.0,292.0,26.0,19:00:00,/en/matches/c7f16be3/Rennes-Bordeaux-November-20-2020-Ligue-1
FRA-Ligue 1,2021,Bordeaux,2020-11-28 Paris S-G-Bordeaux,2020-11-28,Matchweek 12,Sat,Away,D,2,2,Paris S-G,35,510.0,97.0,190.0,224.0,108.0,25.0,510.0,20.0,13.0,65.0,7.0,35.0,247.0,1553.0,847.0,21.0,15.0,8.0,15.0,13.0,271.0,29.0,21:00:00,/en/matches/35fddbd7/Paris-Saint-Germain-Bordeaux-November-28-2020-Ligue-1
FRA-Ligue 1,2021,Bordeaux,2020-12-06 Bordeaux-Brest,2020-12-06,Matchweek 13,Sun,Home,W,1,0,Brest,58,806.0,54.0,161.0,475.0,176.0,26.0,806.0,23.0,17.0,73.9,6.0,26.1,458.0,2402.0,1260.0,25.0,21.0,8.0,13.0,5.0,619.0,58.0,15:00:00,/en/matches/5d40786d/Bordeaux-Brest-December-6-2020-Ligue-1
FRA-Ligue 1,2021,Bordeaux,2020-12-13 Lille-Bordeaux,2020-12-13,Matchweek 14,Sun,Away,L,1,2,Lille,44,570.0,61.0,223.0,267.0,89.0,12.0,570.0,21.0,12.0,57.1,9.0,42.9,355.0,1743.0,686.0,14.0,16.0,2.0,14.0,20.0,360.0,28.0,17:00:00,/en/matches/94846b32/Lille-Bordeaux-December-13-2020-Ligue-1
FRA-Ligue 1,2021,Bordeaux,2020-12-16 Bordeaux-Saint-Étienne,2020-12-16,Matchweek 15,Wed,Home,L,1,2,Saint-Étienne,52,633.0,59.0,179.0,339.0,121.0,22.0,633.0,13.0,6.0,46.2,7.0,53.8,330.0,1787.0,900.0,15.0,9.0,7.0,12.0,11.0,425.0,49.0,21:00:00,/en/matches/80a19aca/Bordeaux-Saint-Etienne-December-16-2020-Ligue-1
FRA-Ligue 1,2021,Bordeaux,2020-12-20 Strasbourg-Bordeaux,2020-12-20,Matchweek 16,Sun,Away,W,2,0,Strasbourg,46,558.0,76.0,231.0,241.0,89.0,17.0,558.0,9.0,6.0,66.7,3.0,33.3,288.0,1531.0,744.0,15.0,12.0,5.0,23.0,13.0,335.0,25.0,15:00:00,/en/matches/2eab1f5a/Strasbourg-Bordeaux-December-20-2020-Ligue-1
FRA-Ligue 1,2021,Bordeaux,2020-12-23 Bordeaux-Reims,2020-12-23,Matchweek 17,Wed,Home,L,1,3,Reims,62,790.0,34.0,152.0,462.0,180.0,15.0,790.0,14.0,8.0,57.1,6.0,42.9,537.0,2988.0,1519.0,22.0,15.0,4.0,12.0,12.0,610.0,44.0,19:00:00,/en/matches/92d5d552/Bordeaux-Reims-December-23-2020-Ligue-1
FRA-Ligue 1,2021,Bordeaux,2021-01-06 Metz-Bordeaux,2021-01-06,Matchweek 18,Wed,Away,D,0,0,Metz,57,715.0,54.0,225.0,365.0,131.0,11.0,715.0,15.0,7.0,46.7,8.0,53.3,427.0,2057.0,1109.0,10.0,8.0,1.0,15.0,7.0,534.0,45.0,19:00:00,/en/matches/91ee6562/Metz-Bordeaux-January-6-2021-Ligue-1
FRA-Ligue 1,2021,Bordeaux,2021-01-09 Bordeaux-Lorient,2021-01-09,Matchweek 19,Sat,Home,W,2,1,Lorient,49,658.0,65.0,221.0,303.0,139.0,22.0,658.0,29.0,15.0,51.7,14.0,48.3,384.0,1846.0,963.0,14.0,12.0,3.0,21.0,5.0,423.0,40.0,21:00:00,/en/matches/7adc2a05/Bordeaux-Lorient-January-9-2021-Ligue-1
FRA-Ligue 1,2021,Bordeaux,2021-01-17 Nice-Bordeaux,2021-01-17,Matchweek 20,Sun,Away,W,3,0,Nice,50,602.0,56.0,231.0,242.0,133.0,29.0,602.0,16.0,11.0,68.8,5.0,31.3,288.0,1779.0,1060.0,29.0,9.0,12.0,14.0,7.0,409.0,36.0,15:00:00,/en/matches/b5d02e7e/Nice-Bordeaux-January-17-2021-Ligue-1
FRA-Ligue 1,2021,Bordeaux,2021-01-24 Bordeaux-Angers,2021-01-24,Matchweek 21,Sun,Home,W,2,1,Angers,46,616.0,68.0,212.0,332.0,80.0,13.0,616.0,25.0,7.0,28.0,18.0,72.0,423.0,2000.0,902.0,14.0,11.0,3.0,15.0,10.0,409.0,30.0,13:00:00,/en/matches/59557294/Bordeaux-Angers-January-24-2021-Ligue-1
FRA-Ligue 1,2021,Bordeaux,2021-01-29 Lyon-Bordeaux,2021-01-29,Matchweek 22,Fri,Away,L,1,2,Lyon,44,546.0,59.0,197.0,259.0,95.0,12.0,546.0,17.0,14.0,82.4,3.0,17.6,336.0,1807.0,834.0,20.0,15.0,4.0,17.0,12.0,345.0,27.0,21:00:00,/en/matches/308c218f/Lyon-Bordeaux-January-29-2021-Ligue-1
FRA-Ligue 1,2021,Bordeaux,2021-02-03 Bordeaux-Lille,2021-02-03,Matchweek 23,Wed,Home,L,0,3,Lille,54,684.0,60.0,250.0,352.0,89.0,13.0,684.0,17.0,9.0,52.9,8.0,47.1,488.0,2038.0,920.0,12.0,12.0,3.0,17.0,8.0,507.0,33.0,19:00:00,/en/matches/cbaa8ed9/Bordeaux-Lille-February-3-2021-Ligue-1
FRA-Ligue 1,2021,Bordeaux,2021-02-07 Brest-Bordeaux,2021-02-07,Matchweek 24,Sun,Away,L,1,2,Brest,53,691.0,84.0,223.0,374.0,101.0,7.0,691.0,16.0,8.0,50.0,8.0,50.0,374.0,1960.0,952.0,19.0,11.0,2.0,26.0,16.0,461.0,34.0,13:00:00,/en/matches/5e006b28/Brest-Bordeaux-February-7-2021-Ligue-1
FRA-Ligue 1,2021,Bordeaux,2021-02-14 Bordeaux-Marseille,2021-02-14,Matchweek 25,Sun,Home,D,0,0,Marseille,55,631.0,42.0,172.0,283.0,184.0,25.0,631.0,14.0,9.0,64.3,5.0,35.7,427.0,2504.0,1391.0,28.0,24.0,5.0,11.0,6.0,445.0,48.0,21:00:00,/en/matches/8f90873e/Bordeaux-Marseille-February-14-2021-Ligue-1
FRA-Ligue 1,2021,Bordeaux,2021-02-21 Nîmes-Bordeaux,2021-02-21,Matchweek 26,Sun,Away,L,0,2,Nîmes,71,812.0,46.0,170.0,429.0,216.0,16.0,812.0,27.0,10.0,37.0,17.0,63.0,573.0,2775.0,1492.0,26.0,23.0,5.0,19.0,8.0,600.0,54.0,15:00:00,/en/matches/e9fbe45a/Nimes-Bordeaux-February-21-2021-Ligue-1
FRA-Ligue 1,2021,Bordeaux,2021-02-27 Bordeaux-Metz,2021-02-27,Matchweek 27,Sat,Home,L,1,2,Metz,51,586.0,72.0,202.0,269.0,122.0,14.0,586.0,18.0,12.0,66.7,6.0,33.3,311.0,1717.0,851.0,13.0,11.0,4.0,22.0,17.0,341.0,32.0,13:00:00,/en/matches/e0f22e82/Bordeaux-Metz-February-27-2021-Ligue-1
FRA-Ligue 1,2021,Bordeaux,2021-03-03 Bordeaux-Paris S-G,2021-03-03,Matchweek 28,Wed,Home,L,0,1,Paris S-G,44,585.0,52.0,178.0,288.0,121.0,16.0,585.0,24.0,10.0,41.7,14.0,58.3,284.0,1821.0,938.0,17.0,9.0,5.0,17.0,5.0,387.0,48.0,21:00:00,/en/matches/562fc539/Bordeaux-Paris-Saint-Germain-March-3-2021-Ligue-1
FRA-Ligue 1,2021,Bordeaux,2021-03-14 Dijon-Bordeaux,2021-03-14,Matchweek 29,Sun,Away,W,3,1,Dijon,54,645.0,68.0,245.0,289.0,121.0,18.0,645.0,14.0,9.0,64.3,5.0,35.7,318.0,1526.0,737.0,14.0,12.0,3.0,14.0,14.0,401.0,28.0,15:00:00,/en/matches/867d40f4/Dijon-Bordeaux-March-14-2021-Ligue-1
FRA-Ligue 1,2021,Bordeaux,2021-03-21 Montpellier-Bordeaux,2021-03-21,Matchweek 30,Sun,Away,L,1,3,Montpellier,56,654.0,76.0,201.0,323.0,141.0,18.0,654.0,20.0,14.0,70.0,6.0,30.0,373.0,2019.0,1156.0,21.0,17.0,4.0,16.0,5.0,450.0,37.0,15:00:00,/en/matches/88e1ab36/Montpellier-Bordeaux-March-21-2021-Ligue-1
FRA-Ligue 1,2021,Bordeaux,2021-04-04 Bordeaux-Strasbourg,2021-04-04,Matchweek 31,Sun,Home,L,2,3,Strasbourg,62,728.0,53.0,163.0,411.0,164.0,22.0,727.0,21.0,11.0,52.4,10.0,47.6,429.0,2373.0,1409.0,32.0,20.0,3.0,11.0,10.0,538.0,63.0,15:00:00,/en/matches/f919ead6/Bordeaux-Strasbourg-April-4-2021-Ligue-1
FRA-Ligue 1,2021,Bordeaux,2021-04-11 Saint-Étienne-Bordeaux,2021-04-11,Matchweek 32,Sun,Away,L,1,4,Saint-Étienne,63,671.0,44.0,177.0,363.0,137.0,14.0,670.0,14.0,6.0,42.9,8.0,57.1,449.0,2165.0,1088.0,21.0,13.0,4.0,15.0,16.0,480.0,39.0,15:00:00,/en/matches/12b0e5d1/Saint-Etienne-Bordeaux-April-11-2021-Ligue-1
FRA-Ligue 1,2021,Bordeaux,2021-04-18 Bordeaux-Monaco,2021-04-18,Matchweek 33,Sun,Home,L,0,3,Monaco,41,578.0,92.0,246.0,252.0,86.0,9.0,578.0,17.0,9.0,52.9,8.0,47.1,323.0,1425.0,608.0,13.0,7.0,1.0,19.0,9.0,353.0,27.0,17:05:00,/en/matches/1b271f46/Bordeaux-Monaco-April-18-2021-Ligue-1
FRA-Ligue 1,2021,Bordeaux,2021-04-25 Lorient-Bordeaux,2021-04-25,Matchweek 34,Sun,Away,L,1,4,Lorient,57,636.0,53.0,201.0,293.0,148.0,18.0,636.0,33.0,18.0,54.5,15.0,45.5,428.0,2156.0,1131.0,26.0,11.0,7.0,15.0,10.0,443.0,37.0,15:00:00,/en/matches/e20ecbc9/Lorient-Bordeaux-April-25-2021-Ligue-1
FRA-Ligue 1,2021,Bordeaux,2021-05-02 Bordeaux-Rennes,2021-05-02,Matchweek 35,Sun,Home,W,1,0,Rennes,45,553.0,68.0,197.0,273.0,89.0,13.0,553.0,15.0,6.0,40.0,9.0,60.0,326.0,1530.0,576.0,10.0,11.0,2.0,15.0,14.0,346.0,25.0,13:00:00,/en/matches/fbdd3548/Bordeaux-Rennes-May-2-2021-Ligue-1
FRA-Ligue 1,2021,Bordeaux,2021-05-08 Nantes-Bordeaux,2021-05-08,Matchweek 36,Sat,Away,L,0,3,Nantes,51,598.0,58.0,237.0,290.0,82.0,16.0,598.0,23.0,16.0,69.6,7.0,30.4,352.0,1461.0,626.0,9.0,3.0,1.0,27.0,2.0,350.0,26.0,13:00:00,/en/matches/a81bdb2c/Nantes-Bordeaux-May-8-2021-Ligue-1
FRA-Ligue 1,2021,Bordeaux,2021-05-16 Bordeaux-Lens,2021-05-16,Matchweek 37,Sun,Home,W,3,0,Lens,34,435.0,67.0,189.0,158.0,95.0,18.0,434.0,13.0,9.0,69.2,4.0,30.8,221.0,1179.0,527.0,15.0,9.0,6.0,12.0,11.0,216.0,15.0,21:00:00,/en/matches/a4d53306/Bordeaux-Lens-May-16-2021-Ligue-1
FRA-Ligue 1,2021,Bordeaux,2021-05-23 Reims-Bordeaux,2021-05-23,Matchweek 38,Sun,Away,W,2,1,Reims,44,560.0,59.0,198.0,274.0,94.0,14.0,560.0,19.0,15.0,78.9,4.0,21.1,290.0,1913.0,956.0,20.0,17.0,2.0,12.0,6.0,403.0,22.0,21:00:00,/en/matches/0dc82fba/Reims-Bordeaux-May-23-2021-Ligue-1
FRA-Ligue 1,2021,Brest,2020-08-23 Nîmes-Brest,2020-08-23,Matchweek 1,Sun,Away,L,0,4,Nîmes,56,563.0,45.0,193.0,257.0,120.0,18.0,563.0,21.0,14.0,66.7,7.0,33.3,348.0,1826.0,895.0,13.0,13.0,1.0,13.0,11.0,346.0,25.0,15:00:00,/en/matches/da8136ae/Nimes-Brest-August-23-2020-Ligue-1
FRA-Ligue 1,2021,Brest,2020-08-30 Brest-Marseille,2020-08-30,Matchweek 2,Sun,Home,L,2,3,Marseille,59,685.0,52.0,183.0,299.0,209.0,36.0,685.0,13.0,10.0,76.9,3.0,23.1,459.0,2150.0,1061.0,13.0,18.0,2.0,22.0,9.0,445.0,46.0,21:00:00,/en/matches/f5d3ffde/Brest-Marseille-August-30-2020-Ligue-1
FRA-Ligue 1,2021,Brest,2020-09-13 Dijon-Brest,2020-09-13,Matchweek 3,Sun,Away,W,2,0,Dijon,50,604.0,57.0,166.0,288.0,157.0,23.0,604.0,21.0,14.0,66.7,7.0,33.3,373.0,1763.0,860.0,17.0,15.0,0.0,12.0,9.0,394.0,41.0,15:00:00,/en/matches/d10137c1/Dijon-Brest-September-13-2020-Ligue-1
FRA-Ligue 1,2021,Brest,2020-09-20 Brest-Lorient,2020-09-20,Matchweek 4,Sun,Home,W,3,2,Lorient,57,660.0,59.0,198.0,299.0,170.0,24.0,660.0,12.0,11.0,91.7,1.0,8.3,387.0,2061.0,1102.0,26.0,12.0,8.0,16.0,18.0,454.0,45.0,15:00:00,/en/matches/addca7be/Brest-Lorient-September-20-2020-Ligue-1
FRA-Ligue 1,2021,Brest,2020-09-27 Angers-Brest,2020-09-27,Matchweek 5,Sun,Away,L,2,3,Angers,47,632.0,65.0,222.0,273.0,144.0,28.0,631.0,17.0,7.0,41.2,10.0,58.8,257.0,1449.0,813.0,12.0,9.0,4.0,12.0,6.0,383.0,38.0,15:00:00,/en/matches/940f811f/Angers-Brest-September-27-2020-Ligue-1
FRA-Ligue 1,2021,Brest,2020-10-04 Brest-Monaco,2020-10-04,Matchweek 6,Sun,Home,W,1,0,Monaco,29,415.0,85.0,211.0,140.0,73.0,10.0,415.0,15.0,13.0,86.7,2.0,13.3,190.0,1114.0,444.0,11.0,7.0,2.0,17.0,9.0,183.0,16.0,15:00:00,/en/matches/020a699d/Brest-Monaco-October-4-2020-Ligue-1
FRA-Ligue 1,2021,Brest,2020-10-18 Nantes-Brest,2020-10-18,Matchweek 7,Sun,Away,L,1,3,Nantes,60,685.0,47.0,228.0,312.0,149.0,17.0,685.0,23.0,10.0,43.5,13.0,56.5,325.0,1725.0,909.0,21.0,9.0,4.0,18.0,7.0,450.0,37.0,15:00:00,/en/matches/5c2b565a/Nantes-Brest-October-18-2020-Ligue-1
FRA-Ligue 1,2021,Brest,2020-10-25 Brest-Strasbourg,2020-10-25,Matchweek 8,Sun,Home,L,0,3,Strasbourg,63,736.0,48.0,163.0,379.0,201.0,30.0,736.0,10.0,6.0,60.0,4.0,40.0,481.0,2744.0,1542.0,34.0,18.0,7.0,15.0,13.0,522.0,58.0,15:00:00,/en/matches/525316b3/Brest-Strasbourg-October-25-2020-Ligue-1
FRA-Ligue 1,2021,Brest,2020-10-31 Rennes-Brest,2020-10-31,Matchweek 9,Sat,Away,L,1,2,Rennes,32,508.0,83.0,238.0,203.0,72.0,17.0,508.0,6.0,5.0,83.3,1.0,16.7,259.0,1736.0,948.0,14.0,10.0,1.0,13.0,5.0,303.0,27.0,17:00:00,/en/matches/484e968c/Rennes-Brest-October-31-2020-Ligue-1
FRA-Ligue 1,2021,Brest,2020-11-08 Brest-Lille,2020-11-08,Matchweek 10,Sun,Home,W,3,2,Lille,37,457.0,101.0,257.0,117.0,91.0,23.0,457.0,15.0,8.0,53.3,7.0,46.7,244.0,1104.0,516.0,7.0,8.0,3.0,11.0,4.0,259.0,19.0,13:00:00,/en/matches/bb44bdba/Brest-Lille-November-8-2020-Ligue-1
FRA-Ligue 1,2021,Brest,2020-11-21 Brest-Saint-Étienne,2020-11-21,Matchweek 11,Sat,Home,W,4,1,Saint-Étienne,41,561.0,108.0,278.0,202.0,87.0,16.0,561.0,15.0,8.0,53.3,7.0,46.7,304.0,1711.0,753.0,12.0,15.0,3.0,20.0,8.0,321.0,28.0,17:00:00,/en/matches/43850694/Brest-Saint-Etienne-November-21-2020-Ligue-1
FRA-Ligue 1,2021,Brest,2020-11-29 Metz-Brest,2020-11-29,Matchweek 12,Sun,Away,W,2,0,Metz,54,705.0,112.0,314.0,256.0,146.0,24.0,705.0,16.0,7.0,43.8,9.0,56.3,374.0,1967.0,1017.0,18.0,12.0,7.0,21.0,5.0,476.0,37.0,15:00:00,/en/matches/57eeea74/Metz-Brest-November-29-2020-Ligue-1
FRA-Ligue 1,2021,Brest,2020-12-06 Bordeaux-Brest,2020-12-06,Matchweek 13,Sun,Away,L,0,1,Bordeaux,42,592.0,78.0,213.0,261.0,126.0,12.0,592.0,11.0,8.0,72.7,3.0,27.3,425.0,2178.0,1163.0,22.0,16.0,5.0,9.0,7.0,419.0,34.0,15:00:00,/en/matches/5d40786d/Bordeaux-Brest-December-6-2020-Ligue-1
FRA-Ligue 1,2021,Brest,2020-12-13 Brest-Reims,2020-12-13,Matchweek 14,Sun,Home,W,2,1,Reims,51,605.0,80.0,223.0,278.0,112.0,14.0,604.0,11.0,6.0,54.5,5.0,45.5,297.0,1807.0,1119.0,22.0,15.0,2.0,10.0,6.0,414.0,38.0,15:00:00,/en/matches/8757c51f/Brest-Reims-December-13-2020-Ligue-1
FRA-Ligue 1,2021,Brest,2020-12-16 Lyon-Brest,2020-12-16,Matchweek 15,Wed,Away,D,2,2,Lyon,44,558.0,111.0,258.0,237.0,72.0,6.0,557.0,19.0,18.0,94.7,1.0,5.3,386.0,1839.0,1004.0,16.0,10.0,3.0,16.0,8.0,366.0,17.0,21:00:00,/en/matches/b1b2b42a/Lyon-Brest-December-16-2020-Ligue-1
FRA-Ligue 1,2021,Brest,2020-12-20 Brest-Montpellier,2020-12-20,Matchweek 16,Sun,Home,D,2,2,Montpellier,55,689.0,65.0,215.0,306.0,173.0,22.0,689.0,16.0,11.0,68.8,5.0,31.3,497.0,2666.0,1399.0,22.0,20.0,4.0,13.0,3.0,517.0,56.0,13:00:00,/en/matches/354064d8/Brest-Montpellier-December-20-2020-Ligue-1
FRA-Ligue 1,2021,Brest,2020-12-23 Lens-Brest,2020-12-23,Matchweek 17,Wed,Away,L,1,2,Lens,53,660.0,47.0,202.0,300.0,160.0,16.0,659.0,12.0,6.0,50.0,6.0,50.0,408.0,2171.0,1076.0,18.0,13.0,4.0,17.0,9.0,448.0,41.0,19:00:00,/en/matches/377dba57/Lens-Brest-December-23-2020-Ligue-1
FRA-Ligue 1,2021,Brest,2021-01-06 Brest-Nice,2021-01-06,Matchweek 18,Wed,Home,W,2,0,Nice,39,556.0,95.0,265.0,194.0,108.0,18.0,556.0,14.0,10.0,71.4,4.0,28.6,269.0,1809.0,966.0,23.0,13.0,7.0,17.0,6.0,326.0,27.0,19:00:00,/en/matches/87a4ca5c/Brest-Nice-January-6-2021-Ligue-1
FRA-Ligue 1,2021,Brest,2021-01-09 Paris S-G-Brest,2021-01-09,Matchweek 19,Sat,Away,L,0,3,Paris S-G,39,585.0,78.0,228.0,211.0,150.0,19.0,585.0,22.0,10.0,45.5,12.0,54.5,357.0,2099.0,1254.0,28.0,17.0,6.0,18.0,5.0,377.0,35.0,21:00:00,/en/matches/5123800a/Paris-Saint-Germain-Brest-January-9-2021-Ligue-1
FRA-Ligue 1,2021,Brest,2021-01-17 Brest-Rennes,2021-01-17,Matchweek 20,Sun,Home,L,1,2,Rennes,43,599.0,64.0,201.0,269.0,132.0,22.0,599.0,17.0,12.0,70.6,5.0,29.4,389.0,1886.0,897.0,12.0,13.0,2.0,9.0,15.0,396.0,46.0,13:00:00,/en/matches/e3319eb7/Brest-Rennes-January-17-2021-Ligue-1
FRA-Ligue 1,2021,Brest,2021-01-24 Reims-Brest,2021-01-24,Matchweek 21,Sun,Away,L,0,1,Reims,64,719.0,57.0,186.0,355.0,185.0,18.0,719.0,15.0,11.0,73.3,4.0,26.7,461.0,2641.0,1370.0,24.0,22.0,1.0,10.0,6.0,508.0,44.0,15:00:00,/en/matches/54bc4f15/Reims-Brest-January-24-2021-Ligue-1
FRA-Ligue 1,2021,Brest,2021-01-31 Brest-Metz,2021-01-31,Matchweek 22,Sun,Home,L,2,4,Metz,62,752.0,56.0,237.0,366.0,155.0,21.0,752.0,19.0,12.0,63.2,7.0,36.8,514.0,2429.0,1317.0,29.0,12.0,3.0,10.0,9.0,552.0,60.0,15:00:00,/en/matches/dedabe17/Brest-Metz-January-31-2021-Ligue-1
FRA-Ligue 1,2021,Brest,2021-02-03 Strasbourg-Brest,2021-02-03,Matchweek 23,Wed,Away,D,2,2,Strasbourg,59,693.0,39.0,144.0,416.0,136.0,16.0,693.0,12.0,7.0,58.3,5.0,41.7,422.0,1961.0,1054.0,20.0,17.0,3.0,14.0,19.0,499.0,54.0,19:00:00,/en/matches/ce4a0c8e/Strasbourg-Brest-February-3-2021-Ligue-1
FRA-Ligue 1,2021,Brest,2021-02-07 Brest-Bordeaux,2021-02-07,Matchweek 24,Sun,Home,W,2,1,Bordeaux,47,631.0,43.0,179.0,271.0,194.0,26.0,631.0,27.0,17.0,63.0,10.0,37.0,414.0,1944.0,935.0,27.0,20.0,5.0,12.0,5.0,392.0,49.0,13:00:00,/en/matches/5e006b28/Brest-Bordeaux-February-7-2021-Ligue-1
FRA-Ligue 1,2021,Brest,2021-02-14 Lille-Brest,2021-02-14,Matchweek 25,Sun,Away,D,0,0,Lille,32,459.0,91.0,285.0,124.0,53.0,6.0,459.0,12.0,9.0,75.0,3.0,25.0,202.0,909.0,408.0,10.0,7.0,2.0,10.0,7.0,238.0,11.0,17:00:00,/en/matches/6be3223a/Lille-Brest-February-14-2021-Ligue-1
FRA-Ligue 1,2021,Brest,2021-02-19 Brest-Lyon,2021-02-19,Matchweek 26,Fri,Home,L,2,3,Lyon,51,651.0,63.0,209.0,243.0,200.0,33.0,651.0,14.0,8.0,57.1,6.0,42.9,347.0,1626.0,1030.0,23.0,12.0,6.0,17.0,2.0,422.0,37.0,21:00:00,/en/matches/c5b56eba/Brest-Lyon-February-19-2021-Ligue-1
FRA-Ligue 1,2021,Brest,2021-02-28 Monaco-Brest,2021-02-28,Matchweek 27,Sun,Away,L,0,2,Monaco,37,548.0,87.0,260.0,221.0,72.0,4.0,548.0,11.0,4.0,36.4,7.0,63.6,299.0,1436.0,648.0,11.0,5.0,1.0,16.0,5.0,335.0,16.0,13:00:00,/en/matches/b66eb412/Monaco-Brest-February-28-2021-Ligue-1
FRA-Ligue 1,2021,Brest,2021-03-03 Brest-Dijon,2021-03-03,Matchweek 28,Wed,Home,W,3,1,Dijon,49,634.0,74.0,245.0,284.0,115.0,13.0,634.0,9.0,4.0,44.4,5.0,55.6,282.0,1546.0,861.0,15.0,9.0,3.0,21.0,9.0,428.0,35.0,19:00:00,/en/matches/a5a70664/Brest-Dijon-March-3-2021-Ligue-1
FRA-Ligue 1,2021,Brest,2021-03-13 Marseille-Brest,2021-03-13,Matchweek 29,Sat,Away,L,1,3,Marseille,59,741.0,65.0,225.0,374.0,147.0,13.0,741.0,15.0,10.0,66.7,5.0,33.3,492.0,2251.0,1127.0,17.0,15.0,2.0,18.0,7.0,539.0,34.0,17:00:00,/en/matches/92b7f46b/Marseille-Brest-March-13-2021-Ligue-1
FRA-Ligue 1,2021,Brest,2021-03-21 Brest-Angers,2021-03-21,Matchweek 30,Sun,Home,D,0,0,Angers,52,687.0,66.0,215.0,337.0,138.0,14.0,687.0,15.0,11.0,73.3,4.0,26.7,493.0,2521.0,1269.0,25.0,11.0,5.0,15.0,6.0,477.0,47.0,15:00:00,/en/matches/b060d34a/Brest-Angers-March-21-2021-Ligue-1
FRA-Ligue 1,2021,Brest,2021-04-04 Lorient-Brest,2021-04-04,Matchweek 31,Sun,Away,L,0,1,Lorient,54,610.0,72.0,243.0,284.0,85.0,11.0,610.0,22.0,16.0,72.7,6.0,27.3,327.0,1594.0,806.0,10.0,3.0,1.0,13.0,9.0,397.0,22.0,15:00:00,/en/matches/c3e07f26/Lorient-Brest-April-4-2021-Ligue-1
FRA-Ligue 1,2021,Brest,2021-04-11 Brest-Nîmes,2021-04-11,Matchweek 32,Sun,Home,D,1,1,Nîmes,63,721.0,51.0,177.0,358.0,197.0,36.0,721.0,22.0,15.0,68.2,7.0,31.8,361.0,2058.0,1121.0,21.0,16.0,5.0,24.0,3.0,458.0,60.0,15:00:00,/en/matches/f07ab6e3/Brest-Nimes-April-11-2021-Ligue-1
FRA-Ligue 1,2021,Brest,2021-04-18 Brest-Lens,2021-04-18,Matchweek 33,Sun,Home,D,1,1,Lens,46,490.0,67.0,199.0,178.0,118.0,13.0,490.0,14.0,8.0,57.1,6.0,42.9,305.0,1464.0,670.0,10.0,11.0,2.0,18.0,7.0,292.0,22.0,15:00:00,/en/matches/0e79fe5c/Brest-Lens-April-18-2021-Ligue-1
FRA-Ligue 1,2021,Brest,2021-04-24 Saint-Étienne-Brest,2021-04-24,Matchweek 34,Sat,Away,W,2,1,Saint-Étienne,56,589.0,58.0,216.0,253.0,130.0,15.0,589.0,13.0,8.0,61.5,5.0,38.5,405.0,1604.0,873.0,10.0,6.0,2.0,11.0,11.0,372.0,45.0,13:00:00,/en/matches/17488489/Saint-Etienne-Brest-April-24-2021-Ligue-1
FRA-Ligue 1,2021,Brest,2021-05-02 Brest-Nantes,2021-05-02,Matchweek 35,Sun,Home,L,1,4,Nantes,59,743.0,58.0,210.0,341.0,203.0,28.0,743.0,34.0,19.0,55.9,15.0,44.1,490.0,2246.0,1031.0,17.0,8.0,4.0,25.0,5.0,509.0,64.0,15:00:00,/en/matches/8f7e3219/Brest-Nantes-May-2-2021-Ligue-1
FRA-Ligue 1,2021,Brest,2021-05-09 Nice-Brest,2021-05-09,Matchweek 36,Sun,Away,L,2,3,Nice,37,495.0,69.0,211.0,189.0,97.0,11.0,495.0,20.0,10.0,50.0,10.0,50.0,297.0,1327.0,596.0,10.0,8.0,3.0,12.0,2.0,317.0,27.0,15:00:00,/en/matches/4938a1bf/Nice-Brest-May-9-2021-Ligue-1
FRA-Ligue 1,2021,Brest,2021-05-16 Montpellier-Brest,2021-05-16,Matchweek 37,Sun,Away,D,0,0,Montpellier,59,673.0,42.0,160.0,302.0,220.0,38.0,673.0,18.0,10.0,55.6,8.0,44.4,384.0,2294.0,1442.0,31.0,21.0,7.0,7.0,6.0,460.0,60.0,21:00:00,/en/matches/07c26200/Montpellier-Brest-May-16-2021-Ligue-1
FRA-Ligue 1,2021,Brest,2021-05-23 Brest-Paris S-G,2021-05-23,Matchweek 38,Sun,Home,L,0,2,Paris S-G,37,509.0,79.0,195.0,217.0,105.0,12.0,509.0,15.0,10.0,66.7,5.0,33.3,307.0,1551.0,863.0,14.0,13.0,2.0,9.0,4.0,323.0,23.0,21:00:00,/en/matches/e0259056/Brest-Paris-Saint-Germain-May-23-2021-Ligue-1
FRA-Ligue 1,2021,Dijon,2020-08-22 Dijon-Angers,2020-08-22,Matchweek 1,Sat,Home,L,0,1,Angers,54,685.0,60.0,226.0,354.0,114.0,13.0,685.0,16.0,11.0,68.8,5.0,31.3,486.0,2273.0,1051.0,16.0,11.0,4.0,25.0,6.0,488.0,49.0,17:00:00,/en/matches/9cbccb37/Dijon-Angers-August-22-2020-Ligue-1
FRA-Ligue 1,2021,Dijon,2020-08-28 Lyon-Dijon,2020-08-28,Matchweek 2,Fri,Away,L,1,4,Lyon,37,476.0,122.0,279.0,145.0,58.0,4.0,476.0,12.0,10.0,83.3,2.0,16.7,299.0,1428.0,770.0,13.0,7.0,0.0,16.0,11.0,257.0,15.0,21:00:00,/en/matches/7512406f/Lyon-Dijon-August-28-2020-Ligue-1
FRA-Ligue 1,2021,Dijon,2020-09-13 Dijon-Brest,2020-09-13,Matchweek 3,Sun,Home,L,0,2,Brest,50,587.0,79.0,203.0,275.0,112.0,11.0,587.0,16.0,6.0,37.5,10.0,62.5,373.0,2074.0,1007.0,22.0,16.0,5.0,18.0,14.0,393.0,31.0,15:00:00,/en/matches/d10137c1/Dijon-Brest-September-13-2020-Ligue-1
FRA-Ligue 1,2021,Dijon,2020-09-20 Strasbourg-Dijon,2020-09-20,Matchweek 4,Sun,Away,L,0,1,Strasbourg,42,553.0,77.0,217.0,262.0,79.0,9.0,553.0,15.0,10.0,66.7,5.0,33.3,234.0,1522.0,770.0,15.0,12.0,2.0,13.0,11.0,361.0,39.0,15:00:00,/en/matches/5e509d7e/Strasbourg-Dijon-September-20-2020-Ligue-1
FRA-Ligue 1,2021,Dijon,2020-09-27 Dijon-Montpellier,2020-09-27,Matchweek 5,Sun,Home,D,2,2,Montpellier,39,465.0,64.0,195.0,186.0,90.0,17.0,465.0,15.0,7.0,46.7,8.0,53.3,230.0,1244.0,621.0,15.0,10.0,2.0,15.0,7.0,235.0,26.0,15:00:00,/en/matches/d8bc5e5b/Dijon-Montpellier-September-27-2020-Ligue-1
FRA-Ligue 1,2021,Dijon,2020-10-04 Bordeaux-Dijon,2020-10-04,Matchweek 6,Sun,Away,L,0,3,Bordeaux,50,640.0,71.0,237.0,299.0,112.0,9.0,640.0,20.0,13.0,65.0,7.0,35.0,375.0,1786.0,876.0,13.0,13.0,2.0,16.0,12.0,434.0,31.0,15:00:00,/en/matches/01b4fa54/Bordeaux-Dijon-October-4-2020-Ligue-1
FRA-Ligue 1,2021,Dijon,2020-10-16 Dijon-Rennes,2020-10-16,Matchweek 7,Fri,Home,D,1,1,Rennes,40,532.0,69.0,214.0,227.0,103.0,16.0,532.0,26.0,16.0,61.5,10.0,38.5,331.0,1489.0,809.0,13.0,9.0,5.0,14.0,11.0,305.0,34.0,19:00:00,/en/matches/40fc3205/Dijon-Rennes-October-16-2020-Ligue-1
FRA-Ligue 1,2021,Dijon,2020-10-24 Paris S-G-Dijon,2020-10-24,Matchweek 8,Sat,Away,L,0,4,Paris S-G,45,548.0,69.0,206.0,251.0,93.0,16.0,548.0,16.0,9.0,56.3,7.0,43.8,409.0,1695.0,767.0,14.0,8.0,3.0,16.0,14.0,394.0,36.0,21:00:00,/en/matches/685d28aa/Paris-Saint-Germain-Dijon-October-24-2020-Ligue-1
FRA-Ligue 1,2021,Dijon,2020-11-01 Dijon-Lorient,2020-11-01,Matchweek 9,Sun,Home,D,0,0,Lorient,54,623.0,60.0,208.0,314.0,112.0,13.0,623.0,15.0,11.0,73.3,4.0,26.7,372.0,1438.0,692.0,10.0,8.0,1.0,18.0,8.0,393.0,35.0,15:00:00,/en/matches/6a968321/Dijon-Lorient-November-1-2020-Ligue-1
FRA-Ligue 1,2021,Dijon,2020-11-08 Metz-Dijon,2020-11-08,Matchweek 10,Sun,Away,D,1,1,Metz,55,621.0,80.0,265.0,264.0,95.0,26.0,620.0,18.0,10.0,55.6,8.0,44.4,439.0,2029.0,1055.0,14.0,8.0,6.0,12.0,5.0,430.0,24.0,15:00:00,/en/matches/3262d1d8/Metz-Dijon-November-8-2020-Ligue-1
FRA-Ligue 1,2021,Dijon,2020-11-22 Dijon-Lens,2020-11-22,Matchweek 11,Sun,Home,L,0,1,Lens,53,688.0,71.0,224.0,320.0,147.0,18.0,688.0,16.0,5.0,31.3,11.0,68.8,394.0,1813.0,847.0,18.0,11.0,4.0,23.0,8.0,452.0,41.0,15:00:00,/en/matches/42b0839c/Dijon-Lens-November-22-2020-Ligue-1
FRA-Ligue 1,2021,Dijon,2020-11-29 Nice-Dijon,2020-11-29,Matchweek 12,Sun,Away,W,3,1,Nice,39,546.0,77.0,191.0,257.0,103.0,11.0,546.0,27.0,16.0,59.3,11.0,40.7,277.0,1397.0,608.0,8.0,7.0,2.0,16.0,8.0,330.0,29.0,17:00:00,/en/matches/01d18727/Nice-Dijon-November-29-2020-Ligue-1
FRA-Ligue 1,2021,Dijon,2020-12-06 Dijon-Saint-Étienne,2020-12-06,Matchweek 13,Sun,Home,D,0,0,Saint-Étienne,41,538.0,70.0,198.0,224.0,122.0,15.0,538.0,20.0,10.0,50.0,10.0,50.0,221.0,1294.0,559.0,12.0,12.0,3.0,23.0,7.0,267.0,29.0,15:00:00,/en/matches/de81078b/Dijon-Saint-Etienne-December-6-2020-Ligue-1
FRA-Ligue 1,2021,Dijon,2020-12-13 Nantes-Dijon,2020-12-13,Matchweek 14,Sun,Away,D,1,1,Nantes,62,750.0,55.0,225.0,372.0,153.0,15.0,750.0,11.0,6.0,54.5,5.0,45.5,386.0,2114.0,1120.0,11.0,11.0,3.0,23.0,10.0,512.0,52.0,15:00:00,/en/matches/fdd2cb11/Nantes-Dijon-December-13-2020-Ligue-1
FRA-Ligue 1,2021,Dijon,2020-12-16 Dijon-Lille,2020-12-16,Matchweek 15,Wed,Home,L,0,2,Lille,47,556.0,78.0,252.0,223.0,87.0,7.0,556.0,26.0,16.0,61.5,10.0,38.5,286.0,1591.0,779.0,19.0,12.0,2.0,19.0,5.0,359.0,36.0,19:00:00,/en/matches/1be4c827/Dijon-Lille-December-16-2020-Ligue-1
FRA-Ligue 1,2021,Dijon,2020-12-20 Dijon-Monaco,2020-12-20,Matchweek 16,Sun,Home,L,0,1,Monaco,52,610.0,59.0,233.0,262.0,123.0,15.0,610.0,21.0,7.0,33.3,14.0,66.7,342.0,1771.0,814.0,18.0,13.0,0.0,23.0,2.0,397.0,30.0,15:00:00,/en/matches/627d98ea/Dijon-Monaco-December-20-2020-Ligue-1
FRA-Ligue 1,2021,Dijon,2020-12-23 Nîmes-Dijon,2020-12-23,Matchweek 17,Wed,Away,W,3,1,Nîmes,54,601.0,59.0,208.0,270.0,131.0,27.0,601.0,18.0,12.0,66.7,6.0,33.3,380.0,1696.0,926.0,18.0,11.0,3.0,19.0,9.0,386.0,45.0,19:00:00,/en/matches/d2b80896/Nimes-Dijon-December-23-2020-Ligue-1
FRA-Ligue 1,2021,Dijon,2021-01-06 Reims-Dijon,2021-01-06,Matchweek 18,Wed,Away,D,0,0,Reims,43,557.0,61.0,233.0,233.0,103.0,12.0,557.0,27.0,17.0,63.0,10.0,37.0,274.0,1554.0,868.0,20.0,10.0,0.0,17.0,5.0,331.0,23.0,21:00:00,/en/matches/170fb6b5/Reims-Dijon-January-6-2021-Ligue-1
FRA-Ligue 1,2021,Dijon,2021-01-09 Dijon-Marseille,2021-01-09,Matchweek 19,Sat,Home,D,0,0,Marseille,42,573.0,71.0,213.0,288.0,83.0,9.0,573.0,14.0,10.0,71.4,4.0,28.6,305.0,1528.0,761.0,11.0,9.0,1.0,25.0,11.0,325.0,37.0,21:00:00,/en/matches/dfba70b7/Dijon-Marseille-January-9-2021-Ligue-1
FRA-Ligue 1,2021,Dijon,2021-01-24 Dijon-Strasbourg,2021-01-24,Matchweek 21,Sun,Home,D,1,1,Strasbourg,50,595.0,61.0,222.0,286.0,92.0,9.0,595.0,11.0,6.0,54.5,5.0,45.5,288.0,1589.0,879.0,14.0,13.0,1.0,18.0,8.0,376.0,30.0,15:00:00,/en/matches/a7af930d/Dijon-Strasbourg-January-24-2021-Ligue-1
FRA-Ligue 1,2021,Dijon,2021-01-27 Lorient-Dijon,2021-01-27,Matchweek 20,Wed,Away,L,2,3,Lorient,54,549.0,68.0,203.0,246.0,103.0,17.0,549.0,14.0,4.0,28.6,10.0,71.4,309.0,1180.0,486.0,6.0,9.0,3.0,13.0,7.0,318.0,22.0,21:00:00,/en/matches/5c367828/Lorient-Dijon-January-27-2021-Ligue-1
FRA-Ligue 1,2021,Dijon,2021-01-31 Lille-Dijon,2021-01-31,Matchweek 22,Sun,Away,L,0,1,Lille,41,630.0,74.0,272.0,291.0,83.0,6.0,630.0,25.0,21.0,84.0,4.0,16.0,378.0,1878.0,877.0,16.0,15.0,3.0,17.0,12.0,391.0,32.0,17:00:00,/en/matches/46396f0f/Lille-Dijon-January-31-2021-Ligue-1
FRA-Ligue 1,2021,Dijon,2021-02-03 Dijon-Lyon,2021-02-03,Matchweek 23,Wed,Home,L,0,1,Lyon,37,549.0,55.0,205.0,241.0,109.0,16.0,549.0,25.0,12.0,48.0,13.0,52.0,353.0,1863.0,871.0,19.0,17.0,4.0,18.0,13.0,322.0,32.0,21:00:00,/en/matches/bf694a73/Dijon-Lyon-February-3-2021-Ligue-1
FRA-Ligue 1,2021,Dijon,2021-02-07 Montpellier-Dijon,2021-02-07,Matchweek 24,Sun,Away,L,2,4,Montpellier,41,483.0,78.0,184.0,227.0,78.0,14.0,482.0,22.0,13.0,59.1,9.0,40.9,178.0,1191.0,671.0,12.0,12.0,1.0,10.0,2.0,278.0,29.0,15:00:00,/en/matches/0fdbe73d/Montpellier-Dijon-February-7-2021-Ligue-1
FRA-Ligue 1,2021,Dijon,2021-02-14 Dijon-Nîmes,2021-02-14,Matchweek 25,Sun,Home,L,0,2,Nîmes,50,622.0,43.0,183.0,315.0,130.0,14.0,622.0,22.0,12.0,54.5,10.0,45.5,353.0,1929.0,981.0,19.0,15.0,3.0,15.0,12.0,390.0,42.0,15:00:00,/en/matches/8382916d/Dijon-Nimes-February-14-2021-Ligue-1
FRA-Ligue 1,2021,Dijon,2021-02-21 Lens-Dijon,2021-02-21,Matchweek 26,Sun,Away,L,1,2,Lens,46,528.0,65.0,185.0,253.0,97.0,10.0,528.0,9.0,6.0,66.7,3.0,33.3,249.0,1546.0,786.0,13.0,12.0,1.0,12.0,12.0,326.0,23.0,15:00:00,/en/matches/a8149604/Lens-Dijon-February-21-2021-Ligue-1
FRA-Ligue 1,2021,Dijon,2021-02-27 Dijon-Paris S-G,2021-02-27,Matchweek 27,Sat,Home,L,0,4,Paris S-G,40,528.0,52.0,194.0,242.0,95.0,7.0,528.0,11.0,5.0,45.5,6.0,54.5,372.0,1469.0,643.0,8.0,12.0,1.0,18.0,17.0,365.0,25.0,17:00:00,/en/matches/968f9128/Dijon-Paris-Saint-Germain-February-27-2021-Ligue-1
FRA-Ligue 1,2021,Dijon,2021-03-03 Brest-Dijon,2021-03-03,Matchweek 28,Wed,Away,L,1,3,Brest,51,626.0,48.0,203.0,305.0,121.0,14.0,626.0,5.0,3.0,60.0,2.0,40.0,318.0,1782.0,878.0,16.0,10.0,0.0,19.0,8.0,423.0,42.0,19:00:00,/en/matches/a5a70664/Brest-Dijon-March-3-2021-Ligue-1
FRA-Ligue 1,2021,Dijon,2021-03-14 Dijon-Bordeaux,2021-03-14,Matchweek 29,Sun,Home,L,1,3,Bordeaux,46,591.0,51.0,173.0,268.0,153.0,19.0,591.0,19.0,10.0,52.6,9.0,47.4,272.0,1451.0,602.0,13.0,19.0,3.0,20.0,9.0,339.0,37.0,15:00:00,/en/matches/867d40f4/Dijon-Bordeaux-March-14-2021-Ligue-1
FRA-Ligue 1,2021,Dijon,2021-03-21 Dijon-Reims,2021-03-21,Matchweek 30,Sun,Home,L,0,1,Reims,53,650.0,56.0,252.0,283.0,121.0,13.0,650.0,9.0,5.0,55.6,4.0,44.4,443.0,2021.0,1121.0,17.0,14.0,0.0,11.0,10.0,437.0,36.0,15:00:00,/en/matches/212008ae/Dijon-Reims-March-21-2021-Ligue-1
FRA-Ligue 1,2021,Dijon,2021-04-04 Marseille-Dijon,2021-04-04,Matchweek 31,Sun,Away,L,0,2,Marseille,37,500.0,64.0,176.0,236.0,93.0,10.0,500.0,14.0,8.0,57.1,6.0,42.9,245.0,1374.0,691.0,14.0,9.0,0.0,13.0,14.0,294.0,20.0,21:00:00,/en/matches/0e8e6b49/Marseille-Dijon-April-4-2021-Ligue-1
FRA-Ligue 1,2021,Dijon,2021-04-11 Monaco-Dijon,2021-04-11,Matchweek 32,Sun,Away,L,0,3,Monaco,36,497.0,70.0,195.0,240.0,69.0,7.0,497.0,20.0,11.0,55.0,9.0,45.0,296.0,1432.0,646.0,11.0,8.0,3.0,19.0,10.0,281.0,25.0,17:05:00,/en/matches/24d1a5c7/Monaco-Dijon-April-11-2021-Ligue-1
FRA-Ligue 1,2021,Dijon,2021-04-18 Dijon-Nice,2021-04-18,Matchweek 33,Sun,Home,W,2,0,Nice,43,544.0,75.0,204.0,244.0,102.0,14.0,543.0,17.0,8.0,47.1,9.0,52.9,348.0,1614.0,783.0,19.0,11.0,4.0,14.0,14.0,336.0,20.0,15:00:00,/en/matches/47537610/Dijon-Nice-April-18-2021-Ligue-1
FRA-Ligue 1,2021,Dijon,2021-04-25 Rennes-Dijon,2021-04-25,Matchweek 34,Sun,Away,L,1,5,Rennes,26,388.0,46.0,164.0,171.0,62.0,9.0,387.0,7.0,3.0,42.9,4.0,57.1,232.0,964.0,478.0,5.0,8.0,4.0,20.0,11.0,219.0,11.0,15:00:00,/en/matches/89bb1f81/Rennes-Dijon-April-25-2021-Ligue-1
FRA-Ligue 1,2021,Dijon,2021-05-02 Dijon-Metz,2021-05-02,Matchweek 35,Sun,Home,L,1,5,Metz,45,532.0,74.0,197.0,233.0,109.0,19.0,532.0,24.0,10.0,41.7,14.0,58.3,312.0,1590.0,767.0,7.0,4.0,3.0,16.0,13.0,334.0,23.0,15:00:00,/en/matches/1a56a046/Dijon-Metz-May-2-2021-Ligue-1
FRA-Ligue 1,2021,Dijon,2021-05-09 Angers-Dijon,2021-05-09,Matchweek 36,Sun,Away,L,0,3,Angers,56,726.0,53.0,225.0,419.0,89.0,12.0,726.0,34.0,18.0,52.9,16.0,47.1,472.0,2259.0,1247.0,20.0,14.0,3.0,19.0,3.0,529.0,37.0,15:00:00,/en/matches/69721055/Angers-Dijon-May-9-2021-Ligue-1
FRA-Ligue 1,2021,Dijon,2021-05-16 Dijon-Nantes,2021-05-16,Matchweek 37,Sun,Home,L,0,4,Nantes,71,821.0,56.0,246.0,452.0,129.0,16.0,821.0,21.0,16.0,76.2,5.0,23.8,469.0,1989.0,878.0,9.0,7.0,4.0,17.0,15.0,610.0,49.0,21:00:00,/en/matches/5b0be36c/Dijon-Nantes-May-16-2021-Ligue-1
FRA-Ligue 1,2021,Dijon,2021-05-23 Saint-Étienne-Dijon,2021-05-23,Matchweek 38,Sun,Away,W,1,0,Saint-Étienne,35,482.0,79.0,222.0,193.0,69.0,8.0,481.0,15.0,12.0,80.0,3.0,20.0,216.0,914.0,409.0,9.0,6.0,2.0,14.0,12.0,249.0,19.0,21:00:00,/en/matches/c40614b1/Saint-Etienne-Dijon-May-23-2021-Ligue-1
FRA-Ligue 1,2021,Lens,2020-08-23 Nice-Lens,2020-08-23,Matchweek 1,Sun,Away,L,1,2,Nice,43,500.0,37.0,124.0,268.0,118.0,20.0,499.0,15.0,11.0,73.3,4.0,26.7,265.0,1424.0,761.0,9.0,6.0,1.0,16.0,8.0,327.0,26.0,17:00:00,/en/matches/b08ae3b2/Nice-Lens-August-23-2020-Ligue-1
FRA-Ligue 1,2021,Lens,2020-09-10 Lens-Paris S-G,2020-09-10,Matchweek 2,Thu,Home,W,1,0,Paris S-G,22,382.0,57.0,152.0,155.0,77.0,17.0,382.0,15.0,11.0,73.3,4.0,26.7,170.0,1025.0,494.0,9.0,10.0,1.0,7.0,13.0,181.0,18.0,21:00:00,/en/matches/796787da/Lens-Paris-Saint-Germain-September-10-2020-Ligue-1
FRA-Ligue 1,2021,Lens,2020-09-13 Lorient-Lens,2020-09-13,Matchweek 3,Sun,Away,W,3,2,Lorient,53,564.0,41.0,164.0,265.0,141.0,18.0,563.0,19.0,13.0,68.4,6.0,31.6,382.0,1542.0,783.0,12.0,12.0,2.0,16.0,18.0,346.0,39.0,15:00:00,/en/matches/5bf9af16/Lorient-Lens-September-13-2020-Ligue-1
FRA-Ligue 1,2021,Lens,2020-09-19 Lens-Bordeaux,2020-09-19,Matchweek 4,Sat,Home,W,2,1,Bordeaux,59,677.0,41.0,158.0,373.0,148.0,27.0,676.0,14.0,11.0,78.6,3.0,21.4,299.0,1633.0,941.0,21.0,17.0,6.0,9.0,12.0,486.0,33.0,17:00:00,/en/matches/87a237ad/Lens-Bordeaux-September-19-2020-Ligue-1
FRA-Ligue 1,2021,Lens,2020-09-27 Nîmes-Lens,2020-09-27,Matchweek 5,Sun,Away,D,1,1,Nîmes,49,626.0,54.0,189.0,293.0,148.0,20.0,626.0,21.0,12.0,57.1,9.0,42.9,313.0,1866.0,850.0,24.0,11.0,5.0,23.0,9.0,338.0,40.0,15:00:00,/en/matches/e4a4657c/Nimes-Lens-September-27-2020-Ligue-1
FRA-Ligue 1,2021,Lens,2020-10-03 Lens-Saint-Étienne,2020-10-03,Matchweek 6,Sat,Home,W,2,0,Saint-Étienne,66,687.0,34.0,156.0,334.0,198.0,23.0,686.0,13.0,6.0,46.2,7.0,53.8,331.0,1992.0,1062.0,16.0,11.0,5.0,17.0,6.0,478.0,47.0,17:00:00,/en/matches/d2f273bc/Lens-Saint-Etienne-October-3-2020-Ligue-1
FRA-Ligue 1,2021,Lens,2020-10-18 Lille-Lens,2020-10-18,Matchweek 7,Sun,Away,L,0,4,Lille,43,520.0,56.0,198.0,255.0,77.0,11.0,520.0,13.0,8.0,61.5,5.0,38.5,308.0,1611.0,779.0,11.0,10.0,3.0,12.0,6.0,310.0,18.0,21:00:00,/en/matches/ec51cba1/Lille-Lens-October-18-2020-Ligue-1
FRA-Ligue 1,2021,Lens,2020-11-08 Lens-Reims,2020-11-08,Matchweek 10,Sun,Home,D,4,4,Reims,62,724.0,39.0,193.0,357.0,179.0,25.0,724.0,13.0,6.0,46.2,7.0,53.8,433.0,2831.0,1689.0,31.0,19.0,4.0,13.0,9.0,512.0,65.0,15:00:00,/en/matches/e2283e68/Lens-Reims-November-8-2020-Ligue-1
FRA-Ligue 1,2021,Lens,2020-11-22 Dijon-Lens,2020-11-22,Matchweek 11,Sun,Away,W,1,0,Dijon,47,628.0,63.0,204.0,328.0,105.0,17.0,628.0,23.0,12.0,52.2,11.0,47.8,348.0,1829.0,907.0,20.0,11.0,6.0,20.0,8.0,387.0,34.0,15:00:00,/en/matches/42b0839c/Dijon-Lens-November-22-2020-Ligue-1
FRA-Ligue 1,2021,Lens,2020-11-25 Lens-Nantes,2020-11-25,Matchweek 8,Wed,Home,D,1,1,Nantes,49,578.0,60.0,201.0,271.0,111.0,11.0,578.0,15.0,10.0,66.7,5.0,33.3,303.0,1403.0,685.0,10.0,10.0,2.0,14.0,4.0,340.0,30.0,19:00:00,/en/matches/fa32e765/Lens-Nantes-November-25-2020-Ligue-1
FRA-Ligue 1,2021,Lens,2020-11-29 Lens-Angers,2020-11-29,Matchweek 12,Sun,Home,L,1,3,Angers,64,769.0,48.0,167.0,446.0,172.0,21.0,769.0,21.0,16.0,76.2,5.0,23.8,501.0,3304.0,2209.0,29.0,25.0,5.0,15.0,10.0,573.0,57.0,15:00:00,/en/matches/034e6d97/Lens-Angers-November-29-2020-Ligue-1
FRA-Ligue 1,2021,Lens,2020-12-05 Rennes-Lens,2020-12-05,Matchweek 13,Sat,Away,W,2,0,Rennes,40,497.0,64.0,184.0,221.0,95.0,8.0,497.0,15.0,8.0,53.3,7.0,46.7,222.0,1100.0,415.0,10.0,3.0,4.0,20.0,12.0,239.0,26.0,17:00:00,/en/matches/69560d5c/Rennes-Lens-December-5-2020-Ligue-1
FRA-Ligue 1,2021,Lens,2020-12-12 Lens-Montpellier,2020-12-12,Matchweek 14,Sat,Home,L,2,3,Montpellier,59,687.0,43.0,139.0,360.0,196.0,21.0,686.0,19.0,12.0,63.2,7.0,36.8,366.0,3161.0,2040.0,38.0,20.0,3.0,22.0,6.0,476.0,63.0,21:00:00,/en/matches/85b566d3/Lens-Montpellier-December-12-2020-Ligue-1
FRA-Ligue 1,2021,Lens,2020-12-16 Monaco-Lens,2020-12-16,Matchweek 15,Wed,Away,W,3,0,Monaco,68,828.0,42.0,187.0,535.0,113.0,7.0,828.0,18.0,8.0,44.4,10.0,55.6,459.0,2478.0,1369.0,17.0,14.0,0.0,9.0,10.0,642.0,35.0,21:00:00,/en/matches/46790907/Monaco-Lens-December-16-2020-Ligue-1
FRA-Ligue 1,2021,Lens,2020-12-19 Metz-Lens,2020-12-19,Matchweek 16,Sat,Away,L,0,2,Metz,61,659.0,48.0,153.0,369.0,146.0,21.0,659.0,22.0,13.0,59.1,9.0,40.9,426.0,2728.0,1509.0,23.0,24.0,2.0,12.0,6.0,435.0,51.0,17:00:00,/en/matches/26ba121c/Metz-Lens-December-19-2020-Ligue-1
FRA-Ligue 1,2021,Lens,2020-12-23 Lens-Brest,2020-12-23,Matchweek 17,Wed,Home,W,2,1,Brest,47,608.0,54.0,229.0,282.0,107.0,18.0,607.0,14.0,9.0,64.3,5.0,35.7,309.0,2131.0,1199.0,24.0,14.0,7.0,23.0,14.0,394.0,41.0,19:00:00,/en/matches/377dba57/Lens-Brest-December-23-2020-Ligue-1
FRA-Ligue 1,2021,Lens,2021-01-06 Lyon-Lens,2021-01-06,Matchweek 18,Wed,Away,L,2,3,Lyon,49,571.0,66.0,178.0,278.0,121.0,15.0,571.0,12.0,8.0,66.7,4.0,33.3,333.0,1941.0,1084.0,17.0,16.0,7.0,11.0,5.0,376.0,34.0,21:00:00,/en/matches/4dd5ba55/Lyon-Lens-January-6-2021-Ligue-1
FRA-Ligue 1,2021,Lens,2021-01-09 Lens-Strasbourg,2021-01-09,Matchweek 19,Sat,Home,L,0,1,Strasbourg,65,734.0,33.0,130.0,444.0,166.0,16.0,734.0,10.0,4.0,40.0,6.0,60.0,511.0,2808.0,1755.0,30.0,24.0,3.0,17.0,8.0,527.0,64.0,21:00:00,/en/matches/ab3944d1/Lens-Strasbourg-January-9-2021-Ligue-1
FRA-Ligue 1,2021,Lens,2021-01-17 Nantes-Lens,2021-01-17,Matchweek 20,Sun,Away,D,1,1,Nantes,59,662.0,48.0,192.0,323.0,151.0,18.0,661.0,28.0,13.0,46.4,15.0,53.6,376.0,1910.0,1213.0,27.0,11.0,5.0,16.0,11.0,441.0,60.0,15:00:00,/en/matches/f44eea60/Nantes-Lens-January-17-2021-Ligue-1
FRA-Ligue 1,2021,Lens,2021-01-20 Marseille-Lens,2021-01-20,Matchweek 9,Wed,Away,W,1,0,Marseille,53,689.0,54.0,206.0,348.0,140.0,18.0,689.0,21.0,12.0,57.1,9.0,42.9,462.0,2754.0,1474.0,29.0,23.0,5.0,19.0,7.0,460.0,38.0,21:00:00,/en/matches/9f341fc9/Marseille-Lens-January-20-2021-Ligue-1
FRA-Ligue 1,2021,Lens,2021-01-23 Lens-Nice,2021-01-23,Matchweek 21,Sat,Home,L,0,1,Nice,55,678.0,51.0,148.0,344.0,188.0,20.0,678.0,11.0,6.0,54.5,5.0,45.5,413.0,2214.0,1263.0,27.0,17.0,5.0,26.0,19.0,458.0,54.0,17:00:00,/en/matches/f3f0a09c/Lens-Nice-January-23-2021-Ligue-1
FRA-Ligue 1,2021,Lens,2021-01-30 Montpellier-Lens,2021-01-30,Matchweek 22,Sat,Away,W,2,1,Montpellier,44,513.0,73.0,203.0,225.0,88.0,12.0,513.0,15.0,8.0,53.3,7.0,46.7,199.0,1374.0,646.0,10.0,10.0,0.0,17.0,1.0,277.0,27.0,17:00:00,/en/matches/93d96e5c/Montpellier-Lens-January-30-2021-Ligue-1
FRA-Ligue 1,2021,Lens,2021-02-03 Lens-Marseille,2021-02-03,Matchweek 23,Wed,Home,D,2,2,Marseille,60,674.0,44.0,180.0,345.0,154.0,22.0,674.0,13.0,6.0,46.2,7.0,53.8,432.0,1959.0,1240.0,19.0,14.0,2.0,19.0,8.0,452.0,49.0,21:00:00,/en/matches/0042c990/Lens-Marseille-February-3-2021-Ligue-1
FRA-Ligue 1,2021,Lens,2021-02-06 Lens-Rennes,2021-02-06,Matchweek 24,Sat,Home,D,0,0,Rennes,53,670.0,67.0,235.0,325.0,118.0,14.0,670.0,15.0,9.0,60.0,6.0,40.0,353.0,1995.0,1027.0,12.0,9.0,0.0,19.0,14.0,459.0,32.0,21:00:00,/en/matches/1a65ddc8/Lens-Rennes-February-6-2021-Ligue-1
FRA-Ligue 1,2021,Lens,2021-02-13 Reims-Lens,2021-02-13,Matchweek 25,Sat,Away,D,1,1,Reims,63,694.0,35.0,149.0,338.0,215.0,37.0,693.0,22.0,17.0,77.3,5.0,22.7,469.0,2865.0,1744.0,33.0,19.0,7.0,19.0,10.0,477.0,61.0,19:00:00,/en/matches/26bbc16f/Reims-Lens-February-13-2021-Ligue-1
FRA-Ligue 1,2021,Lens,2021-02-21 Lens-Dijon,2021-02-21,Matchweek 26,Sun,Home,W,2,1,Dijon,54,637.0,50.0,175.0,322.0,143.0,21.0,637.0,19.0,7.0,36.8,12.0,63.2,408.0,2299.0,1156.0,15.0,10.0,3.0,19.0,7.0,423.0,41.0,15:00:00,/en/matches/a8149604/Lens-Dijon-February-21-2021-Ligue-1
FRA-Ligue 1,2021,Lens,2021-02-28 Angers-Lens,2021-02-28,Matchweek 27,Sun,Away,D,2,2,Angers,60,599.0,30.0,123.0,313.0,168.0,21.0,599.0,14.0,8.0,57.1,6.0,42.9,407.0,2244.0,1333.0,27.0,7.0,2.0,14.0,10.0,393.0,69.0,15:00:00,/en/matches/f1956473/Angers-Lens-February-28-2021-Ligue-1
FRA-Ligue 1,2021,Lens,2021-03-03 Saint-Étienne-Lens,2021-03-03,Matchweek 28,Wed,Away,W,3,2,Saint-Étienne,35,454.0,74.0,187.0,190.0,82.0,13.0,453.0,14.0,7.0,50.0,7.0,50.0,212.0,1245.0,674.0,16.0,10.0,2.0,12.0,9.0,229.0,20.0,19:00:00,/en/matches/9bb6cda9/Saint-Etienne-Lens-March-3-2021-Ligue-1
FRA-Ligue 1,2021,Lens,2021-03-14 Lens-Metz,2021-03-14,Matchweek 29,Sun,Home,D,2,2,Metz,53,605.0,27.0,137.0,297.0,182.0,23.0,605.0,23.0,11.0,47.8,12.0,52.2,310.0,2129.0,1326.0,18.0,16.0,4.0,19.0,11.0,394.0,47.0,15:00:00,/en/matches/131423e4/Lens-Metz-March-14-2021-Ligue-1
FRA-Ligue 1,2021,Lens,2021-03-21 Strasbourg-Lens,2021-03-21,Matchweek 30,Sun,Away,W,2,1,Strasbourg,40,496.0,80.0,191.0,224.0,81.0,18.0,496.0,8.0,5.0,62.5,3.0,37.5,214.0,1123.0,658.0,12.0,5.0,3.0,27.0,5.0,262.0,40.0,13:00:00,/en/matches/c22925df/Strasbourg-Lens-March-21-2021-Ligue-1
FRA-Ligue 1,2021,Lens,2021-04-03 Lens-Lyon,2021-04-03,Matchweek 31,Sat,Home,D,1,1,Lyon,40,539.0,92.0,236.0,201.0,107.0,21.0,539.0,8.0,3.0,37.5,5.0,62.5,295.0,1673.0,804.0,16.0,13.0,5.0,14.0,13.0,317.0,30.0,21:00:00,/en/matches/52a508da/Lens-Lyon-April-3-2021-Ligue-1
FRA-Ligue 1,2021,Lens,2021-04-11 Lens-Lorient,2021-04-11,Matchweek 32,Sun,Home,W,4,1,Lorient,38,506.0,74.0,208.0,199.0,106.0,21.0,504.0,34.0,24.0,70.6,10.0,29.4,260.0,1539.0,825.0,15.0,13.0,2.0,19.0,8.0,277.0,27.0,15:00:00,/en/matches/8bd928a1/Lens-Lorient-April-11-2021-Ligue-1
FRA-Ligue 1,2021,Lens,2021-04-18 Brest-Lens,2021-04-18,Matchweek 33,Sun,Away,D,1,1,Brest,54,558.0,51.0,173.0,281.0,110.0,15.0,557.0,14.0,5.0,35.7,9.0,64.3,349.0,2410.0,1365.0,26.0,9.0,1.0,18.0,8.0,366.0,46.0,15:00:00,/en/matches/0e79fe5c/Brest-Lens-April-18-2021-Ligue-1
FRA-Ligue 1,2021,Lens,2021-04-25 Lens-Nîmes,2021-04-25,Matchweek 34,Sun,Home,W,2,1,Nîmes,44,530.0,85.0,211.0,229.0,92.0,6.0,530.0,12.0,9.0,75.0,3.0,25.0,268.0,1588.0,786.0,12.0,9.0,1.0,15.0,14.0,304.0,24.0,15:00:00,/en/matches/986bbf2c/Lens-Nimes-April-25-2021-Ligue-1
FRA-Ligue 1,2021,Lens,2021-05-01 Paris S-G-Lens,2021-05-01,Matchweek 35,Sat,Away,L,1,2,Paris S-G,41,526.0,49.0,164.0,233.0,133.0,19.0,526.0,20.0,14.0,70.0,6.0,30.0,352.0,1938.0,1256.0,28.0,17.0,2.0,9.0,9.0,358.0,43.0,17:00:00,/en/matches/315d82a9/Paris-Saint-Germain-Lens-May-1-2021-Ligue-1
FRA-Ligue 1,2021,Lens,2021-05-07 Lens-Lille,2021-05-07,Matchweek 36,Fri,Home,L,0,3,Lille,49,616.0,52.0,192.0,294.0,135.0,14.0,616.0,13.0,6.0,46.2,7.0,53.8,333.0,1791.0,997.0,12.0,6.0,3.0,8.0,10.0,470.0,45.0,21:00:00,/en/matches/d1eeec68/Lens-Lille-May-7-2021-Ligue-1
FRA-Ligue 1,2021,Lens,2021-05-16 Bordeaux-Lens,2021-05-16,Matchweek 37,Sun,Away,L,0,3,Bordeaux,66,723.0,37.0,155.0,379.0,195.0,19.0,723.0,24.0,9.0,37.5,15.0,62.5,435.0,2257.0,1327.0,20.0,15.0,0.0,13.0,6.0,511.0,60.0,21:00:00,/en/matches/a4d53306/Bordeaux-Lens-May-16-2021-Ligue-1
FRA-Ligue 1,2021,Lens,2021-05-23 Lens-Monaco,2021-05-23,Matchweek 38,Sun,Home,D,0,0,Monaco,35,490.0,91.0,220.0,198.0,77.0,10.0,490.0,16.0,6.0,37.5,10.0,62.5,259.0,1409.0,676.0,18.0,9.0,4.0,22.0,4.0,258.0,19.0,21:00:00,/en/matches/d8330dc2/Lens-Monaco-May-23-2021-Ligue-1
FRA-Ligue 1,2021,Lille,2020-08-22 Lille-Rennes,2020-08-22,Matchweek 1,Sat,Home,D,1,1,Rennes,52,633.0,48.0,175.0,361.0,100.0,5.0,633.0,8.0,3.0,37.5,5.0,62.5,385.0,1458.0,669.0,6.0,5.0,2.0,15.0,8.0,444.0,29.0,21:00:00,/en/matches/50ec2fcc/Lille-Rennes-August-22-2020-Ligue-1
FRA-Ligue 1,2021,Lille,2020-08-30 Reims-Lille,2020-08-30,Matchweek 2,Sun,Away,W,1,0,Reims,50,667.0,46.0,196.0,374.0,106.0,12.0,667.0,21.0,6.0,28.6,15.0,71.4,433.0,1796.0,912.0,12.0,14.0,5.0,17.0,7.0,462.0,26.0,13:00:00,/en/matches/c25931b4/Reims-Lille-August-30-2020-Ligue-1
FRA-Ligue 1,2021,Lille,2020-09-13 Lille-Metz,2020-09-13,Matchweek 3,Sun,Home,W,1,0,Metz,61,702.0,44.0,160.0,345.0,202.0,30.0,702.0,19.0,14.0,73.7,5.0,26.3,477.0,2600.0,1325.0,26.0,21.0,8.0,20.0,18.0,486.0,53.0,13:00:00,/en/matches/99507b5a/Lille-Metz-September-13-2020-Ligue-1
FRA-Ligue 1,2021,Lille,2020-09-20 Marseille-Lille,2020-09-20,Matchweek 4,Sun,Away,D,1,1,Marseille,44,553.0,52.0,151.0,310.0,102.0,19.0,553.0,15.0,7.0,46.7,8.0,53.3,316.0,1692.0,810.0,21.0,18.0,8.0,16.0,10.0,324.0,37.0,21:00:00,/en/matches/f0f694dd/Marseille-Lille-September-20-2020-Ligue-1
FRA-Ligue 1,2021,Lille,2020-09-25 Lille-Nantes,2020-09-25,Matchweek 5,Fri,Home,W,2,0,Nantes,54,679.0,71.0,215.0,344.0,127.0,20.0,678.0,25.0,14.0,56.0,11.0,44.0,349.0,1501.0,718.0,16.0,15.0,4.0,17.0,8.0,409.0,43.0,21:00:00,/en/matches/896d1952/Lille-Nantes-September-25-2020-Ligue-1
FRA-Ligue 1,2021,Lille,2020-10-04 Strasbourg-Lille,2020-10-04,Matchweek 6,Sun,Away,W,3,0,Strasbourg,53,669.0,68.0,212.0,362.0,103.0,14.0,669.0,12.0,7.0,58.3,5.0,41.7,438.0,1773.0,921.0,14.0,12.0,2.0,15.0,11.0,453.0,31.0,15:00:00,/en/matches/e42b3f6a/Strasbourg-Lille-October-4-2020-Ligue-1
FRA-Ligue 1,2021,Lille,2020-10-18 Lille-Lens,2020-10-18,Matchweek 7,Sun,Home,W,4,0,Lens,57,660.0,40.0,169.0,353.0,146.0,21.0,660.0,21.0,12.0,57.1,9.0,42.9,434.0,2135.0,1055.0,23.0,16.0,4.0,11.0,14.0,457.0,40.0,21:00:00,/en/matches/ec51cba1/Lille-Lens-October-18-2020-Ligue-1
FRA-Ligue 1,2021,Lille,2020-10-25 Nice-Lille,2020-10-25,Matchweek 8,Sun,Away,D,1,1,Nice,47,611.0,57.0,184.0,319.0,116.0,18.0,611.0,24.0,18.0,75.0,6.0,25.0,395.0,1870.0,884.0,19.0,13.0,5.0,14.0,7.0,449.0,27.0,17:00:00,/en/matches/fe7339cb/Nice-Lille-October-25-2020-Ligue-1
FRA-Ligue 1,2021,Lille,2020-11-01 Lille-Lyon,2020-11-01,Matchweek 9,Sun,Home,D,1,1,Lyon,60,763.0,45.0,173.0,355.0,242.0,20.0,763.0,16.0,12.0,75.0,4.0,25.0,442.0,2096.0,1081.0,25.0,18.0,10.0,17.0,15.0,560.0,63.0,21:00:00,/en/matches/10d8666c/Lille-Lyon-November-1-2020-Ligue-1
FRA-Ligue 1,2021,Lille,2020-11-08 Brest-Lille,2020-11-08,Matchweek 10,Sun,Away,L,2,3,Brest,63,715.0,46.0,129.0,360.0,232.0,38.0,714.0,19.0,14.0,73.7,5.0,26.3,495.0,2504.0,1423.0,21.0,19.0,5.0,14.0,7.0,514.0,79.0,13:00:00,/en/matches/bb44bdba/Brest-Lille-November-8-2020-Ligue-1
FRA-Ligue 1,2021,Lille,2020-11-22 Lille-Lorient,2020-11-22,Matchweek 11,Sun,Home,W,4,0,Lorient,64,859.0,41.0,174.0,438.0,252.0,44.0,859.0,27.0,15.0,55.6,12.0,44.4,609.0,2919.0,1508.0,31.0,24.0,12.0,10.0,16.0,630.0,70.0,21:00:00,/en/matches/89a4df99/Lille-Lorient-November-22-2020-Ligue-1
FRA-Ligue 1,2021,Lille,2020-11-29 Saint-Étienne-Lille,2020-11-29,Matchweek 12,Sun,Away,D,1,1,Saint-Étienne,62,734.0,54.0,186.0,393.0,164.0,15.0,734.0,31.0,16.0,51.6,15.0,48.4,410.0,2234.0,1077.0,20.0,20.0,2.0,17.0,8.0,489.0,48.0,21:00:00,/en/matches/03d07003/Saint-Etienne-Lille-November-29-2020-Ligue-1
FRA-Ligue 1,2021,Lille,2020-12-06 Lille-Monaco,2020-12-06,Matchweek 13,Sun,Home,W,2,1,Monaco,42,595.0,66.0,216.0,255.0,129.0,9.0,595.0,20.0,8.0,40.0,12.0,60.0,298.0,1465.0,795.0,11.0,13.0,3.0,15.0,11.0,363.0,33.0,13:00:00,/en/matches/5c353be0/Lille-Monaco-December-6-2020-Ligue-1
FRA-Ligue 1,2021,Lille,2020-12-13 Lille-Bordeaux,2020-12-13,Matchweek 14,Sun,Home,W,2,1,Bordeaux,56,696.0,39.0,140.0,355.0,207.0,21.0,696.0,12.0,8.0,66.7,4.0,33.3,373.0,2103.0,1038.0,17.0,20.0,6.0,13.0,10.0,470.0,45.0,17:00:00,/en/matches/94846b32/Lille-Bordeaux-December-13-2020-Ligue-1
FRA-Ligue 1,2021,Lille,2020-12-16 Dijon-Lille,2020-12-16,Matchweek 15,Wed,Away,W,2,0,Dijon,53,607.0,32.0,162.0,310.0,143.0,21.0,607.0,15.0,12.0,80.0,3.0,20.0,395.0,1779.0,723.0,15.0,13.0,7.0,23.0,6.0,415.0,34.0,19:00:00,/en/matches/1be4c827/Dijon-Lille-December-16-2020-Ligue-1
FRA-Ligue 1,2021,Lille,2020-12-20 Lille-Paris S-G,2020-12-20,Matchweek 16,Sun,Home,D,0,0,Paris S-G,31,470.0,60.0,196.0,202.0,78.0,10.0,470.0,14.0,9.0,64.3,5.0,35.7,261.0,1394.0,597.0,11.0,6.0,3.0,16.0,17.0,270.0,23.0,21:00:00,/en/matches/77f35879/Lille-Paris-Saint-Germain-December-20-2020-Ligue-1
FRA-Ligue 1,2021,Lille,2020-12-23 Montpellier-Lille,2020-12-23,Matchweek 17,Wed,Away,W,3,2,Montpellier,53,623.0,67.0,207.0,295.0,132.0,12.0,622.0,13.0,4.0,30.8,9.0,69.2,383.0,1916.0,1082.0,25.0,16.0,3.0,16.0,4.0,424.0,32.0,21:00:00,/en/matches/18198e56/Montpellier-Lille-December-23-2020-Ligue-1
FRA-Ligue 1,2021,Lille,2021-01-06 Lille-Angers,2021-01-06,Matchweek 18,Wed,Home,L,1,2,Angers,65,822.0,33.0,186.0,443.0,199.0,14.0,822.0,21.0,13.0,61.9,8.0,38.1,489.0,2836.0,1475.0,21.0,21.0,1.0,23.0,15.0,570.0,55.0,21:00:00,/en/matches/3045cf73/Lille-Angers-January-6-2021-Ligue-1
FRA-Ligue 1,2021,Lille,2021-01-09 Nîmes-Lille,2021-01-09,Matchweek 19,Sat,Away,W,1,0,Nîmes,52,668.0,42.0,179.0,359.0,135.0,14.0,668.0,19.0,10.0,52.6,9.0,47.4,332.0,1760.0,976.0,17.0,13.0,1.0,14.0,9.0,454.0,41.0,21:00:00,/en/matches/292bb1da/Nimes-Lille-January-9-2021-Ligue-1
FRA-Ligue 1,2021,Lille,2021-01-17 Lille-Reims,2021-01-17,Matchweek 20,Sun,Home,W,2,1,Reims,61,783.0,43.0,155.0,399.0,234.0,24.0,783.0,21.0,5.0,23.8,16.0,76.2,506.0,2597.0,1353.0,20.0,27.0,3.0,10.0,7.0,577.0,52.0,17:00:00,/en/matches/19eb6375/Lille-Reims-January-17-2021-Ligue-1
FRA-Ligue 1,2021,Lille,2021-01-24 Rennes-Lille,2021-01-24,Matchweek 21,Sun,Away,W,1,0,Rennes,33,452.0,55.0,189.0,195.0,74.0,15.0,452.0,12.0,8.0,66.7,4.0,33.3,174.0,1016.0,370.0,9.0,9.0,4.0,15.0,12.0,215.0,24.0,17:00:00,/en/matches/16b98c65/Rennes-Lille-January-24-2021-Ligue-1
FRA-Ligue 1,2021,Lille,2021-01-31 Lille-Dijon,2021-01-31,Matchweek 22,Sun,Home,W,1,0,Dijon,59,833.0,46.0,199.0,488.0,147.0,19.0,833.0,18.0,12.0,66.7,6.0,33.3,612.0,2262.0,1190.0,18.0,13.0,4.0,20.0,13.0,603.0,48.0,17:00:00,/en/matches/46396f0f/Lille-Dijon-January-31-2021-Ligue-1
FRA-Ligue 1,2021,Lille,2021-02-03 Bordeaux-Lille,2021-02-03,Matchweek 23,Wed,Away,W,3,0,Bordeaux,46,593.0,47.0,178.0,320.0,98.0,17.0,593.0,9.0,5.0,55.6,4.0,44.4,390.0,1663.0,943.0,15.0,12.0,3.0,9.0,7.0,417.0,40.0,19:00:00,/en/matches/cbaa8ed9/Bordeaux-Lille-February-3-2021-Ligue-1
FRA-Ligue 1,2021,Lille,2021-02-07 Nantes-Lille,2021-02-07,Matchweek 24,Sun,Away,W,2,0,Nantes,56,703.0,49.0,215.0,335.0,160.0,21.0,703.0,26.0,15.0,57.7,11.0,42.3,382.0,1849.0,957.0,14.0,15.0,3.0,14.0,7.0,470.0,41.0,17:00:00,/en/matches/45c836f2/Nantes-Lille-February-7-2021-Ligue-1
FRA-Ligue 1,2021,Lille,2021-02-14 Lille-Brest,2021-02-14,Matchweek 25,Sun,Home,D,0,0,Brest,68,837.0,29.0,93.0,478.0,269.0,27.0,837.0,20.0,9.0,45.0,11.0,55.0,560.0,2634.0,1205.0,25.0,25.0,3.0,10.0,9.0,625.0,71.0,17:00:00,/en/matches/6be3223a/Lille-Brest-February-14-2021-Ligue-1
FRA-Ligue 1,2021,Lille,2021-02-21 Lorient-Lille,2021-02-21,Matchweek 26,Sun,Away,W,4,1,Lorient,56,686.0,40.0,169.0,363.0,161.0,13.0,686.0,17.0,12.0,70.6,5.0,29.4,445.0,2007.0,1002.0,14.0,23.0,4.0,16.0,10.0,487.0,35.0,17:00:00,/en/matches/e085fcab/Lorient-Lille-February-21-2021-Ligue-1
FRA-Ligue 1,2021,Lille,2021-02-28 Lille-Strasbourg,2021-02-28,Matchweek 27,Sun,Home,D,1,1,Strasbourg,68,809.0,41.0,155.0,416.0,246.0,23.0,809.0,29.0,22.0,75.9,7.0,24.1,541.0,2670.0,1471.0,24.0,23.0,4.0,23.0,18.0,567.0,64.0,17:00:00,/en/matches/89db6c90/Lille-Strasbourg-February-28-2021-Ligue-1
FRA-Ligue 1,2021,Lille,2021-03-03 Lille-Marseille,2021-03-03,Matchweek 28,Wed,Home,W,2,0,Marseille,60,737.0,39.0,158.0,374.0,213.0,37.0,737.0,28.0,16.0,57.1,12.0,42.9,419.0,2418.0,1401.0,28.0,21.0,7.0,14.0,7.0,494.0,51.0,21:00:00,/en/matches/734bdddc/Lille-Marseille-March-3-2021-Ligue-1
FRA-Ligue 1,2021,Lille,2021-03-14 Monaco-Lille,2021-03-14,Matchweek 29,Sun,Away,D,0,0,Monaco,37,539.0,61.0,210.0,250.0,84.0,11.0,539.0,22.0,11.0,50.0,11.0,50.0,313.0,1652.0,781.0,16.0,12.0,3.0,21.0,13.0,317.0,20.0,17:05:00,/en/matches/ae299f0e/Monaco-Lille-March-14-2021-Ligue-1
FRA-Ligue 1,2021,Lille,2021-03-21 Lille-Nîmes,2021-03-21,Matchweek 30,Sun,Home,L,1,2,Nîmes,72,908.0,35.0,170.0,439.0,305.0,29.0,908.0,24.0,10.0,41.7,14.0,58.3,480.0,2851.0,1572.0,21.0,27.0,5.0,28.0,5.0,673.0,84.0,17:05:00,/en/matches/4af73870/Lille-Nimes-March-21-2021-Ligue-1
FRA-Ligue 1,2021,Lille,2021-04-03 Paris S-G-Lille,2021-04-03,Matchweek 31,Sat,Away,W,1,0,Paris S-G,35,474.0,78.0,231.0,180.0,67.0,4.0,474.0,14.0,9.0,64.3,5.0,35.7,277.0,1150.0,539.0,10.0,7.0,2.0,17.0,8.0,256.0,11.0,17:00:00,/en/matches/cfa66277/Paris-Saint-Germain-Lille-April-3-2021-Ligue-1
FRA-Ligue 1,2021,Lille,2021-04-09 Metz-Lille,2021-04-09,Matchweek 32,Fri,Away,W,2,0,Metz,50,572.0,56.0,177.0,265.0,139.0,19.0,572.0,20.0,12.0,60.0,8.0,40.0,317.0,1636.0,940.0,20.0,7.0,8.0,13.0,15.0,340.0,30.0,21:00:00,/en/matches/be261d66/Metz-Lille-April-9-2021-Ligue-1
FRA-Ligue 1,2021,Lille,2021-04-16 Lille-Montpellier,2021-04-16,Matchweek 33,Fri,Home,D,1,1,Montpellier,63,761.0,37.0,130.0,413.0,225.0,33.0,761.0,18.0,13.0,72.2,5.0,27.8,431.0,2552.0,1610.0,34.0,31.0,9.0,21.0,13.0,529.0,73.0,21:00:00,/en/matches/283e5426/Lille-Montpellier-April-16-2021-Ligue-1
FRA-Ligue 1,2021,Lille,2021-04-25 Lyon-Lille,2021-04-25,Matchweek 34,Sun,Away,W,3,2,Lyon,54,731.0,78.0,250.0,361.0,128.0,23.0,731.0,12.0,9.0,75.0,3.0,25.0,520.0,2469.0,1267.0,27.0,18.0,5.0,20.0,7.0,522.0,48.0,21:00:00,/en/matches/b312c935/Lyon-Lille-April-25-2021-Ligue-1
FRA-Ligue 1,2021,Lille,2021-05-01 Lille-Nice,2021-05-01,Matchweek 35,Sat,Home,W,2,0,Nice,55,744.0,61.0,185.0,400.0,161.0,19.0,744.0,13.0,8.0,61.5,5.0,38.5,540.0,2002.0,977.0,13.0,13.0,3.0,14.0,9.0,574.0,37.0,21:00:00,/en/matches/6a9a2087/Lille-Nice-May-1-2021-Ligue-1
FRA-Ligue 1,2021,Lille,2021-05-07 Lens-Lille,2021-05-07,Matchweek 36,Fri,Away,W,3,0,Lens,51,650.0,51.0,183.0,373.0,99.0,13.0,649.0,11.0,7.0,63.6,4.0,36.4,339.0,1987.0,1163.0,17.0,10.0,2.0,15.0,4.0,490.0,30.0,21:00:00,/en/matches/d1eeec68/Lens-Lille-May-7-2021-Ligue-1
FRA-Ligue 1,2021,Lille,2021-05-16 Lille-Saint-Étienne,2021-05-16,Matchweek 37,Sun,Home,D,0,0,Saint-Étienne,59,778.0,48.0,162.0,410.0,211.0,17.0,778.0,18.0,9.0,50.0,9.0,50.0,341.0,2056.0,1239.0,22.0,18.0,3.0,24.0,11.0,535.0,60.0,21:00:00,/en/matches/ccd8f1fe/Lille-Saint-Etienne-May-16-2021-Ligue-1
FRA-Ligue 1,2021,Lille,2021-05-23 Angers-Lille,2021-05-23,Matchweek 38,Sun,Away,W,2,1,Angers,43,625.0,53.0,212.0,334.0,84.0,5.0,624.0,21.0,14.0,66.7,7.0,33.3,330.0,1607.0,818.0,15.0,12.0,2.0,15.0,4.0,433.0,19.0,21:00:00,/en/matches/4aa8aaab/Angers-Lille-May-23-2021-Ligue-1
FRA-Ligue 1,2021,Lorient,2020-08-23 Lorient-Strasbourg,2020-08-23,Matchweek 1,Sun,Home,W,3,1,Strasbourg,50,563.0,37.0,182.0,282.0,106.0,21.0,562.0,16.0,7.0,43.8,9.0,56.3,364.0,1688.0,924.0,18.0,8.0,5.0,14.0,11.0,355.0,36.0,15:00:00,/en/matches/f96cd5a0/Lorient-Strasbourg-August-23-2020-Ligue-1
FRA-Ligue 1,2021,Lorient,2020-08-30 Saint-Étienne-Lorient,2020-08-30,Matchweek 2,Sun,Away,L,0,2,Saint-Étienne,48,544.0,44.0,166.0,280.0,110.0,13.0,544.0,24.0,13.0,54.2,11.0,45.8,292.0,1731.0,903.0,22.0,16.0,5.0,13.0,18.0,331.0,37.0,15:00:00,/en/matches/9b7fa4e1/Saint-Etienne-Lorient-August-30-2020-Ligue-1
FRA-Ligue 1,2021,Lorient,2020-09-13 Lorient-Lens,2020-09-13,Matchweek 3,Sun,Home,L,2,3,Lens,47,506.0,44.0,176.0,236.0,100.0,10.0,505.0,15.0,10.0,66.7,5.0,33.3,296.0,1334.0,778.0,8.0,9.0,1.0,9.0,10.0,290.0,30.0,15:00:00,/en/matches/5bf9af16/Lorient-Lens-September-13-2020-Ligue-1
FRA-Ligue 1,2021,Lorient,2020-09-20 Brest-Lorient,2020-09-20,Matchweek 4,Sun,Away,L,2,3,Brest,43,532.0,68.0,206.0,241.0,91.0,17.0,532.0,15.0,6.0,40.0,9.0,60.0,303.0,1475.0,766.0,14.0,10.0,5.0,15.0,9.0,300.0,18.0,15:00:00,/en/matches/addca7be/Brest-Lorient-September-20-2020-Ligue-1
FRA-Ligue 1,2021,Lorient,2020-09-27 Lorient-Lyon,2020-09-27,Matchweek 5,Sun,Home,D,1,1,Lyon,31,435.0,79.0,230.0,166.0,46.0,7.0,435.0,5.0,2.0,40.0,3.0,60.0,231.0,1544.0,679.0,11.0,9.0,1.0,13.0,2.0,236.0,17.0,17:00:00,/en/matches/961244d7/Lorient-Lyon-September-27-2020-Ligue-1
FRA-Ligue 1,2021,Lorient,2020-10-04 Metz-Lorient,2020-10-04,Matchweek 6,Sun,Away,L,1,3,Metz,42,527.0,61.0,191.0,258.0,83.0,5.0,527.0,8.0,4.0,50.0,4.0,50.0,212.0,1235.0,689.0,14.0,8.0,1.0,18.0,9.0,317.0,29.0,15:00:00,/en/matches/c14d22d4/Metz-Lorient-October-4-2020-Ligue-1
FRA-Ligue 1,2021,Lorient,2020-10-17 Reims-Lorient,2020-10-17,Matchweek 7,Sat,Away,W,3,1,Reims,53,541.0,48.0,206.0,243.0,101.0,19.0,540.0,15.0,12.0,80.0,3.0,20.0,224.0,1474.0,704.0,15.0,10.0,4.0,17.0,10.0,319.0,35.0,17:00:00,/en/matches/db1bb52f/Reims-Lorient-October-17-2020-Ligue-1
FRA-Ligue 1,2021,Lorient,2020-10-24 Lorient-Marseille,2020-10-24,Matchweek 8,Sat,Home,L,0,1,Marseille,36,473.0,39.0,144.0,207.0,131.0,12.0,473.0,25.0,13.0,52.0,12.0,48.0,201.0,1190.0,402.0,7.0,12.0,3.0,21.0,11.0,235.0,25.0,17:00:00,/en/matches/647d6f74/Lorient-Marseille-October-24-2020-Ligue-1
FRA-Ligue 1,2021,Lorient,2020-11-01 Dijon-Lorient,2020-11-01,Matchweek 9,Sun,Away,D,0,0,Dijon,46,563.0,48.0,204.0,269.0,101.0,12.0,562.0,13.0,6.0,46.2,7.0,53.8,324.0,1619.0,655.0,11.0,11.0,3.0,21.0,5.0,336.0,31.0,15:00:00,/en/matches/6a968321/Dijon-Lorient-November-1-2020-Ligue-1
FRA-Ligue 1,2021,Lorient,2020-11-08 Lorient-Nantes,2020-11-08,Matchweek 10,Sun,Home,L,0,2,Nantes,48,582.0,60.0,211.0,260.0,117.0,15.0,582.0,16.0,6.0,37.5,10.0,62.5,319.0,1561.0,653.0,15.0,15.0,1.0,26.0,10.0,304.0,31.0,15:00:00,/en/matches/c878186f/Lorient-Nantes-November-8-2020-Ligue-1
FRA-Ligue 1,2021,Lorient,2020-11-22 Lille-Lorient,2020-11-22,Matchweek 11,Sun,Away,L,0,4,Lille,36,560.0,89.0,248.0,245.0,73.0,10.0,560.0,8.0,6.0,75.0,2.0,25.0,247.0,1144.0,583.0,12.0,5.0,3.0,16.0,17.0,320.0,16.0,21:00:00,/en/matches/89a4df99/Lille-Lorient-November-22-2020-Ligue-1
FRA-Ligue 1,2021,Lorient,2020-11-29 Lorient-Montpellier,2020-11-29,Matchweek 12,Sun,Home,L,0,1,Montpellier,42,510.0,53.0,215.0,213.0,89.0,12.0,510.0,11.0,6.0,54.5,5.0,45.5,291.0,1185.0,526.0,4.0,6.0,1.0,13.0,7.0,289.0,21.0,15:00:00,/en/matches/5ede6719/Lorient-Montpellier-November-29-2020-Ligue-1
FRA-Ligue 1,2021,Lorient,2020-12-06 Angers-Lorient,2020-12-06,Matchweek 13,Sun,Away,L,0,2,Angers,52,678.0,44.0,176.0,371.0,142.0,13.0,678.0,26.0,17.0,65.4,9.0,34.6,347.0,1799.0,979.0,22.0,13.0,1.0,22.0,15.0,392.0,42.0,15:00:00,/en/matches/2053773e/Angers-Lorient-December-6-2020-Ligue-1
FRA-Ligue 1,2021,Lorient,2020-12-13 Lorient-Nîmes,2020-12-13,Matchweek 14,Sun,Home,W,3,0,Nîmes,44,571.0,57.0,224.0,265.0,87.0,17.0,570.0,17.0,11.0,64.7,6.0,35.3,251.0,1171.0,629.0,14.0,6.0,2.0,11.0,10.0,323.0,34.0,15:00:00,/en/matches/22ecd8a2/Lorient-Nimes-December-13-2020-Ligue-1
FRA-Ligue 1,2021,Lorient,2020-12-16 Paris S-G-Lorient,2020-12-16,Matchweek 15,Wed,Away,L,0,2,Paris S-G,26,396.0,69.0,183.0,158.0,64.0,14.0,396.0,21.0,11.0,52.4,10.0,47.6,158.0,1078.0,555.0,18.0,10.0,3.0,15.0,8.0,193.0,21.0,21:00:00,/en/matches/60fcfb5f/Paris-Saint-Germain-Lorient-December-16-2020-Ligue-1
FRA-Ligue 1,2021,Lorient,2020-12-20 Lorient-Rennes,2020-12-20,Matchweek 16,Sun,Home,L,0,3,Rennes,43,576.0,52.0,191.0,294.0,103.0,9.0,576.0,8.0,3.0,37.5,5.0,62.5,298.0,1312.0,555.0,10.0,15.0,0.0,20.0,7.0,382.0,35.0,17:00:00,/en/matches/63148fae/Lorient-Rennes-December-20-2020-Ligue-1
FRA-Ligue 1,2021,Lorient,2020-12-23 Nice-Lorient,2020-12-23,Matchweek 17,Wed,Away,D,2,2,Nice,57,727.0,22.0,138.0,398.0,197.0,31.0,726.0,11.0,9.0,81.8,2.0,18.2,546.0,2386.0,1202.0,22.0,18.0,4.0,12.0,7.0,541.0,49.0,19:00:00,/en/matches/e8fea7ca/Nice-Lorient-December-23-2020-Ligue-1
FRA-Ligue 1,2021,Lorient,2021-01-06 Lorient-Monaco,2021-01-06,Matchweek 18,Wed,Home,L,2,5,Monaco,41,552.0,69.0,205.0,231.0,118.0,14.0,552.0,20.0,10.0,50.0,10.0,50.0,310.0,1430.0,766.0,12.0,7.0,3.0,17.0,10.0,336.0,23.0,19:00:00,/en/matches/fb3cebfb/Lorient-Monaco-January-6-2021-Ligue-1
FRA-Ligue 1,2021,Lorient,2021-01-09 Bordeaux-Lorient,2021-01-09,Matchweek 19,Sat,Away,L,1,2,Bordeaux,51,675.0,52.0,165.0,362.0,153.0,12.0,675.0,26.0,15.0,57.7,11.0,42.3,340.0,1962.0,901.0,17.0,24.0,5.0,15.0,7.0,448.0,47.0,21:00:00,/en/matches/7adc2a05/Bordeaux-Lorient-January-9-2021-Ligue-1
FRA-Ligue 1,2021,Lorient,2021-01-27 Lorient-Dijon,2021-01-27,Matchweek 20,Wed,Home,W,3,2,Dijon,46,495.0,38.0,134.0,233.0,132.0,16.0,495.0,15.0,4.0,26.7,11.0,73.3,181.0,882.0,422.0,12.0,12.0,6.0,19.0,4.0,264.0,32.0,21:00:00,/en/matches/5c367828/Lorient-Dijon-January-27-2021-Ligue-1
FRA-Ligue 1,2021,Lorient,2021-01-31 Lorient-Paris S-G,2021-01-31,Matchweek 22,Sun,Home,W,3,2,Paris S-G,35,447.0,68.0,201.0,162.0,94.0,16.0,447.0,22.0,16.0,72.7,6.0,27.3,208.0,1397.0,804.0,19.0,11.0,5.0,15.0,7.0,236.0,24.0,15:00:00,/en/matches/0439be7e/Lorient-Paris-Saint-Germain-January-31-2021-Ligue-1
FRA-Ligue 1,2021,Lorient,2021-02-03 Rennes-Lorient,2021-02-03,Matchweek 23,Wed,Away,D,1,1,Rennes,41,578.0,54.0,176.0,286.0,124.0,18.0,578.0,17.0,8.0,47.1,9.0,52.9,315.0,1522.0,706.0,11.0,14.0,4.0,19.0,4.0,359.0,24.0,19:00:00,/en/matches/5834a902/Rennes-Lorient-February-3-2021-Ligue-1
FRA-Ligue 1,2021,Lorient,2021-02-06 Lorient-Reims,2021-02-06,Matchweek 24,Sat,Home,W,1,0,Reims,40,502.0,46.0,202.0,210.0,97.0,7.0,502.0,18.0,11.0,61.1,7.0,38.9,256.0,1365.0,809.0,21.0,19.0,3.0,23.0,9.0,279.0,29.0,17:00:00,/en/matches/efa9508b/Lorient-Reims-February-6-2021-Ligue-1
FRA-Ligue 1,2021,Lorient,2021-02-14 Monaco-Lorient,2021-02-14,Matchweek 25,Sun,Away,D,2,2,Monaco,30,466.0,81.0,248.0,186.0,40.0,3.0,465.0,19.0,13.0,68.4,6.0,31.6,234.0,1234.0,603.0,14.0,7.0,1.0,7.0,15.0,226.0,13.0,13:00:00,/en/matches/6c45a288/Monaco-Lorient-February-14-2021-Ligue-1
FRA-Ligue 1,2021,Lorient,2021-02-21 Lorient-Lille,2021-02-21,Matchweek 26,Sun,Home,L,1,4,Lille,44,585.0,55.0,221.0,298.0,73.0,4.0,585.0,12.0,9.0,75.0,3.0,25.0,375.0,1601.0,711.0,12.0,10.0,1.0,21.0,14.0,371.0,22.0,17:00:00,/en/matches/e085fcab/Lorient-Lille-February-21-2021-Ligue-1
FRA-Ligue 1,2021,Lorient,2021-02-24 Nîmes-Lorient,2021-02-24,Matchweek 21,Wed,Away,L,0,1,Nîmes,51,653.0,42.0,163.0,377.0,118.0,9.0,653.0,22.0,13.0,59.1,9.0,40.9,350.0,1987.0,1109.0,15.0,10.0,2.0,23.0,10.0,422.0,49.0,19:00:00,/en/matches/dda09113/Nimes-Lorient-February-24-2021-Ligue-1
FRA-Ligue 1,2021,Lorient,2021-02-28 Lorient-Saint-Étienne,2021-02-28,Matchweek 27,Sun,Home,W,2,1,Saint-Étienne,56,645.0,50.0,190.0,329.0,136.0,14.0,645.0,21.0,9.0,42.9,12.0,57.1,419.0,2164.0,1196.0,18.0,15.0,4.0,24.0,7.0,420.0,39.0,15:00:00,/en/matches/b2f8a734/Lorient-Saint-Etienne-February-28-2021-Ligue-1
FRA-Ligue 1,2021,Lorient,2021-03-03 Montpellier-Lorient,2021-03-03,Matchweek 28,Wed,Away,D,1,1,Montpellier,46,572.0,42.0,191.0,302.0,88.0,15.0,571.0,18.0,13.0,72.2,5.0,27.8,358.0,1817.0,907.0,21.0,15.0,4.0,13.0,6.0,362.0,33.0,21:00:00,/en/matches/eac797f8/Montpellier-Lorient-March-3-2021-Ligue-1
FRA-Ligue 1,2021,Lorient,2021-03-14 Lorient-Nice,2021-03-14,Matchweek 29,Sun,Home,D,1,1,Nice,49,656.0,28.0,169.0,352.0,141.0,19.0,656.0,18.0,12.0,66.7,6.0,33.3,442.0,1560.0,671.0,12.0,7.0,5.0,17.0,21.0,449.0,44.0,15:00:00,/en/matches/73e8e19e/Lorient-Nice-March-14-2021-Ligue-1
FRA-Ligue 1,2021,Lorient,2021-03-21 Nantes-Lorient,2021-03-21,Matchweek 30,Sun,Away,D,1,1,Nantes,63,773.0,42.0,205.0,400.0,174.0,18.0,773.0,25.0,9.0,36.0,16.0,64.0,390.0,1856.0,951.0,21.0,13.0,2.0,16.0,12.0,541.0,43.0,15:00:00,/en/matches/3b1c6bf8/Nantes-Lorient-March-21-2021-Ligue-1
FRA-Ligue 1,2021,Lorient,2021-04-04 Lorient-Brest,2021-04-04,Matchweek 31,Sun,Home,W,1,0,Brest,46,527.0,41.0,175.0,236.0,126.0,11.0,527.0,18.0,13.0,72.2,5.0,27.8,239.0,1208.0,545.0,15.0,11.0,2.0,15.0,9.0,324.0,24.0,15:00:00,/en/matches/c3e07f26/Lorient-Brest-April-4-2021-Ligue-1
FRA-Ligue 1,2021,Lorient,2021-04-11 Lens-Lorient,2021-04-11,Matchweek 32,Sun,Away,L,1,4,Lens,62,716.0,41.0,158.0,383.0,179.0,34.0,716.0,14.0,10.0,71.4,4.0,28.6,456.0,2174.0,1041.0,17.0,9.0,5.0,14.0,9.0,484.0,44.0,15:00:00,/en/matches/8bd928a1/Lens-Lorient-April-11-2021-Ligue-1
FRA-Ligue 1,2021,Lorient,2021-04-17 Marseille-Lorient,2021-04-17,Matchweek 33,Sat,Away,L,2,3,Marseille,27,402.0,69.0,184.0,164.0,64.0,13.0,402.0,16.0,10.0,62.5,6.0,37.5,208.0,1225.0,749.0,16.0,13.0,7.0,16.0,5.0,208.0,15.0,17:00:00,/en/matches/fd8c8405/Marseille-Lorient-April-17-2021-Ligue-1
FRA-Ligue 1,2021,Lorient,2021-04-25 Lorient-Bordeaux,2021-04-25,Matchweek 34,Sun,Home,W,4,1,Bordeaux,43,529.0,45.0,168.0,230.0,135.0,17.0,529.0,17.0,12.0,70.6,5.0,29.4,192.0,1032.0,505.0,13.0,9.0,5.0,19.0,3.0,313.0,30.0,15:00:00,/en/matches/e20ecbc9/Lorient-Bordeaux-April-25-2021-Ligue-1
FRA-Ligue 1,2021,Lorient,2021-05-02 Lorient-Angers,2021-05-02,Matchweek 35,Sun,Home,W,2,0,Angers,50,665.0,44.0,222.0,345.0,104.0,15.0,664.0,15.0,9.0,60.0,6.0,40.0,361.0,2193.0,1219.0,22.0,17.0,1.0,7.0,9.0,477.0,34.0,15:00:00,/en/matches/4960b9d0/Lorient-Angers-May-2-2021-Ligue-1
FRA-Ligue 1,2021,Lorient,2021-05-08 Lyon-Lorient,2021-05-08,Matchweek 36,Sat,Away,L,1,4,Lyon,41,553.0,66.0,221.0,256.0,81.0,5.0,553.0,15.0,7.0,46.7,8.0,53.3,285.0,1295.0,644.0,16.0,9.0,2.0,14.0,11.0,359.0,21.0,17:00:00,/en/matches/564cd242/Lyon-Lorient-May-8-2021-Ligue-1
FRA-Ligue 1,2021,Lorient,2021-05-16 Lorient-Metz,2021-05-16,Matchweek 37,Sun,Home,W,2,1,Metz,38,514.0,41.0,186.0,224.0,109.0,9.0,513.0,21.0,11.0,52.4,10.0,47.6,321.0,1721.0,906.0,20.0,16.0,2.0,18.0,3.0,311.0,30.0,21:00:00,/en/matches/7d8a4586/Lorient-Metz-May-16-2021-Ligue-1
FRA-Ligue 1,2021,Lorient,2021-05-23 Strasbourg-Lorient,2021-05-23,Matchweek 38,Sun,Away,D,1,1,Strasbourg,49,557.0,33.0,149.0,319.0,91.0,5.0,557.0,12.0,5.0,41.7,7.0,58.3,365.0,1886.0,1013.0,11.0,11.0,0.0,10.0,8.0,397.0,31.0,21:00:00,/en/matches/9e789fd5/Strasbourg-Lorient-May-23-2021-Ligue-1
FRA-Ligue 1,2021,Lyon,2020-08-28 Lyon-Dijon,2020-08-28,Matchweek 2,Fri,Home,W,4,1,Dijon,63,715.0,39.0,127.0,330.0,263.0,52.0,713.0,29.0,17.0,58.6,12.0,41.4,467.0,2790.0,1628.0,42.0,32.0,14.0,13.0,11.0,507.0,83.0,21:00:00,/en/matches/7512406f/Lyon-Dijon-August-28-2020-Ligue-1
FRA-Ligue 1,2021,Lyon,2020-09-11 Bordeaux-Lyon,2020-09-11,Matchweek 3,Fri,Away,D,0,0,Bordeaux,54,631.0,57.0,198.0,241.0,195.0,36.0,631.0,9.0,7.0,77.8,2.0,22.2,314.0,1894.0,999.0,25.0,11.0,7.0,15.0,9.0,403.0,48.0,21:00:00,/en/matches/c39f66b9/Bordeaux-Lyon-September-11-2020-Ligue-1
FRA-Ligue 1,2021,Lyon,2020-09-15 Montpellier-Lyon,2020-09-15,Matchweek 1,Tue,Away,L,1,2,Montpellier,56,643.0,45.0,171.0,307.0,175.0,33.0,642.0,28.0,24.0,85.7,4.0,14.3,441.0,2156.0,1264.0,26.0,18.0,8.0,19.0,8.0,441.0,47.0,21:00:00,/en/matches/5581d486/Montpellier-Lyon-September-15-2020-Ligue-1
FRA-Ligue 1,2021,Lyon,2020-09-18 Lyon-Nîmes,2020-09-18,Matchweek 4,Fri,Home,D,0,0,Nîmes,73,830.0,47.0,142.0,442.0,253.0,36.0,830.0,37.0,25.0,67.6,12.0,32.4,610.0,3114.0,1712.0,24.0,22.0,11.0,21.0,17.0,588.0,89.0,21:00:00,/en/matches/01b7d3d4/Lyon-Nimes-September-18-2020-Ligue-1
FRA-Ligue 1,2021,Lyon,2020-09-27 Lorient-Lyon,2020-09-27,Matchweek 5,Sun,Away,D,1,1,Lorient,69,832.0,26.0,111.0,465.0,262.0,29.0,832.0,32.0,15.0,46.9,17.0,53.1,469.0,2758.0,1704.0,38.0,31.0,4.0,19.0,9.0,648.0,78.0,17:00:00,/en/matches/961244d7/Lorient-Lyon-September-27-2020-Ligue-1
FRA-Ligue 1,2021,Lyon,2020-10-04 Lyon-Marseille,2020-10-04,Matchweek 6,Sun,Home,D,1,1,Marseille,68,709.0,33.0,104.0,310.0,297.0,49.0,708.0,14.0,7.0,50.0,7.0,50.0,485.0,2309.0,1236.0,34.0,24.0,12.0,15.0,6.0,502.0,81.0,21:00:00,/en/matches/bdf0a01e/Choc-des-Olympiques-Lyon-Marseille-October-4-2020-Ligue-1
FRA-Ligue 1,2021,Lyon,2020-10-18 Strasbourg-Lyon,2020-10-18,Matchweek 7,Sun,Away,W,3,2,Strasbourg,47,501.0,63.0,190.0,243.0,73.0,22.0,501.0,12.0,10.0,83.3,2.0,16.7,189.0,1274.0,745.0,15.0,9.0,5.0,8.0,14.0,282.0,26.0,13:00:00,/en/matches/fbfe5e73/Strasbourg-Lyon-October-18-2020-Ligue-1
FRA-Ligue 1,2021,Lyon,2020-10-25 Lyon-Monaco,2020-10-25,Matchweek 8,Sun,Home,W,4,1,Monaco,35,473.0,85.0,208.0,180.0,87.0,28.0,472.0,24.0,14.0,58.3,10.0,41.7,257.0,1252.0,656.0,17.0,5.0,8.0,20.0,6.0,252.0,24.0,21:00:00,/en/matches/4073f54c/Lyon-Monaco-October-25-2020-Ligue-1
FRA-Ligue 1,2021,Lyon,2020-11-01 Lille-Lyon,2020-11-01,Matchweek 9,Sun,Away,D,1,1,Lille,40,554.0,77.0,228.0,232.0,99.0,15.0,554.0,20.0,10.0,50.0,10.0,50.0,259.0,1297.0,754.0,13.0,12.0,4.0,18.0,9.0,353.0,30.0,21:00:00,/en/matches/10d8666c/Lille-Lyon-November-1-2020-Ligue-1
FRA-Ligue 1,2021,Lyon,2020-11-08 Lyon-Saint-Étienne,2020-11-08,Matchweek 10,Sun,Home,W,2,1,Saint-Étienne,60,642.0,49.0,175.0,335.0,142.0,27.0,642.0,25.0,11.0,44.0,14.0,56.0,428.0,2186.0,1209.0,15.0,20.0,5.0,15.0,17.0,395.0,47.0,21:00:00,/en/matches/16a2ea79/Lyon-Saint-Etienne-November-8-2020-Ligue-1
FRA-Ligue 1,2021,Lyon,2020-11-22 Angers-Lyon,2020-11-22,Matchweek 11,Sun,Away,W,1,0,Angers,50,640.0,74.0,176.0,327.0,145.0,17.0,640.0,24.0,11.0,45.8,13.0,54.2,360.0,1964.0,1153.0,19.0,19.0,6.0,16.0,6.0,413.0,37.0,17:00:00,/en/matches/7015e72d/Angers-Lyon-November-22-2020-Ligue-1
FRA-Ligue 1,2021,Lyon,2020-11-29 Lyon-Reims,2020-11-29,Matchweek 12,Sun,Home,W,3,0,Reims,64,768.0,48.0,187.0,383.0,204.0,25.0,768.0,22.0,8.0,36.4,14.0,63.6,551.0,2405.0,1307.0,23.0,20.0,7.0,11.0,10.0,589.0,54.0,13:00:00,/en/matches/4301f4b9/Lyon-Reims-November-29-2020-Ligue-1
FRA-Ligue 1,2021,Lyon,2020-12-06 Metz-Lyon,2020-12-06,Matchweek 13,Sun,Away,W,3,1,Metz,54,655.0,66.0,231.0,306.0,128.0,32.0,655.0,11.0,8.0,72.7,3.0,27.3,468.0,2254.0,1351.0,20.0,14.0,6.0,19.0,11.0,481.0,52.0,21:00:00,/en/matches/39e71d02/Metz-Lyon-December-6-2020-Ligue-1
FRA-Ligue 1,2021,Lyon,2020-12-13 Paris S-G-Lyon,2020-12-13,Matchweek 14,Sun,Away,W,1,0,Paris S-G,36,484.0,67.0,181.0,190.0,122.0,15.0,484.0,25.0,20.0,80.0,5.0,20.0,272.0,1616.0,849.0,15.0,15.0,3.0,13.0,7.0,278.0,27.0,21:00:00,/en/matches/99d657ba/Paris-Saint-Germain-Lyon-December-13-2020-Ligue-1
FRA-Ligue 1,2021,Lyon,2020-12-16 Lyon-Brest,2020-12-16,Matchweek 15,Wed,Home,D,2,2,Brest,56,694.0,33.0,114.0,336.0,250.0,49.0,693.0,17.0,11.0,64.7,6.0,35.3,383.0,1893.0,1074.0,17.0,14.0,6.0,13.0,4.0,495.0,74.0,21:00:00,/en/matches/b1b2b42a/Lyon-Brest-December-16-2020-Ligue-1
FRA-Ligue 1,2021,Lyon,2020-12-19 Nice-Lyon,2020-12-19,Matchweek 16,Sat,Away,W,4,1,Nice,45,650.0,66.0,200.0,322.0,132.0,24.0,650.0,17.0,10.0,58.8,7.0,41.2,317.0,1531.0,862.0,16.0,19.0,6.0,22.0,7.0,455.0,31.0,21:00:00,/en/matches/03613921/Nice-Lyon-December-19-2020-Ligue-1
FRA-Ligue 1,2021,Lyon,2020-12-23 Lyon-Nantes,2020-12-23,Matchweek 17,Wed,Home,W,3,0,Nantes,64,828.0,78.0,241.0,416.0,178.0,39.0,828.0,26.0,12.0,46.2,14.0,53.8,561.0,2219.0,1219.0,18.0,13.0,13.0,14.0,8.0,626.0,50.0,21:00:00,/en/matches/9cd0e1eb/Lyon-Nantes-December-23-2020-Ligue-1
FRA-Ligue 1,2021,Lyon,2021-01-06 Lyon-Lens,2021-01-06,Matchweek 18,Wed,Home,W,3,2,Lens,51,598.0,63.0,204.0,253.0,146.0,25.0,597.0,14.0,6.0,42.9,8.0,57.1,354.0,1434.0,784.0,14.0,14.0,4.0,18.0,9.0,385.0,44.0,21:00:00,/en/matches/4dd5ba55/Lyon-Lens-January-6-2021-Ligue-1
FRA-Ligue 1,2021,Lyon,2021-01-09 Rennes-Lyon,2021-01-09,Matchweek 19,Sat,Away,D,2,2,Rennes,45,646.0,43.0,154.0,325.0,176.0,19.0,646.0,20.0,10.0,50.0,10.0,50.0,441.0,2199.0,1067.0,15.0,18.0,4.0,26.0,12.0,429.0,56.0,21:00:00,/en/matches/a17d9c6a/Rennes-Lyon-January-9-2021-Ligue-1
FRA-Ligue 1,2021,Lyon,2021-01-17 Lyon-Metz,2021-01-17,Matchweek 20,Sun,Home,L,0,1,Metz,64,706.0,47.0,172.0,344.0,194.0,38.0,706.0,23.0,12.0,52.2,11.0,47.8,466.0,2548.0,1474.0,23.0,10.0,10.0,16.0,19.0,486.0,65.0,21:00:00,/en/matches/de561d96/Lyon-Metz-January-17-2021-Ligue-1
FRA-Ligue 1,2021,Lyon,2021-01-24 Saint-Étienne-Lyon,2021-01-24,Matchweek 21,Sun,Away,W,5,0,Saint-Étienne,60,663.0,33.0,135.0,358.0,175.0,24.0,663.0,17.0,12.0,70.6,5.0,29.4,319.0,1455.0,675.0,12.0,6.0,8.0,19.0,9.0,479.0,47.0,21:00:00,/en/matches/f0d4e4fc/Saint-Etienne-Lyon-January-24-2021-Ligue-1
FRA-Ligue 1,2021,Lyon,2021-01-29 Lyon-Bordeaux,2021-01-29,Matchweek 22,Fri,Home,W,2,1,Bordeaux,56,678.0,61.0,212.0,310.0,160.0,19.0,678.0,15.0,10.0,66.7,5.0,33.3,451.0,1991.0,929.0,24.0,14.0,6.0,14.0,6.0,482.0,45.0,21:00:00,/en/matches/308c218f/Lyon-Bordeaux-January-29-2021-Ligue-1
FRA-Ligue 1,2021,Lyon,2021-02-03 Dijon-Lyon,2021-02-03,Matchweek 23,Wed,Away,W,1,0,Dijon,63,828.0,42.0,274.0,393.0,171.0,30.0,828.0,36.0,20.0,55.6,16.0,44.4,573.0,2541.0,1234.0,21.0,20.0,12.0,19.0,7.0,593.0,53.0,21:00:00,/en/matches/bf694a73/Dijon-Lyon-February-3-2021-Ligue-1
FRA-Ligue 1,2021,Lyon,2021-02-06 Lyon-Strasbourg,2021-02-06,Matchweek 24,Sat,Home,W,3,0,Strasbourg,69,772.0,41.0,130.0,457.0,195.0,31.0,772.0,19.0,10.0,52.6,9.0,47.4,446.0,2245.0,1250.0,28.0,20.0,8.0,6.0,12.0,600.0,54.0,19:00:00,/en/matches/189c7e24/Lyon-Strasbourg-February-6-2021-Ligue-1
FRA-Ligue 1,2021,Lyon,2021-02-13 Lyon-Montpellier,2021-02-13,Matchweek 25,Sat,Home,L,1,2,Montpellier,55,654.0,47.0,157.0,309.0,194.0,40.0,654.0,32.0,22.0,68.8,10.0,31.3,418.0,2465.0,1525.0,35.0,21.0,9.0,19.0,7.0,426.0,69.0,21:00:00,/en/matches/385da91b/Lyon-Montpellier-February-13-2021-Ligue-1
FRA-Ligue 1,2021,Lyon,2021-02-19 Brest-Lyon,2021-02-19,Matchweek 26,Fri,Away,W,3,2,Brest,49,650.0,77.0,186.0,320.0,148.0,26.0,649.0,13.0,5.0,38.5,8.0,61.5,312.0,1699.0,799.0,18.0,15.0,4.0,18.0,3.0,412.0,41.0,21:00:00,/en/matches/c5b56eba/Brest-Lyon-February-19-2021-Ligue-1
FRA-Ligue 1,2021,Lyon,2021-02-28 Marseille-Lyon,2021-02-28,Matchweek 27,Sun,Away,D,1,1,Marseille,48,581.0,60.0,191.0,255.0,142.0,16.0,581.0,20.0,12.0,60.0,8.0,40.0,370.0,1922.0,1083.0,22.0,13.0,4.0,10.0,7.0,378.0,26.0,21:00:00,/en/matches/46581524/Choc-des-Olympiques-Marseille-Lyon-February-28-2021-Ligue-1
FRA-Ligue 1,2021,Lyon,2021-03-03 Lyon-Rennes,2021-03-03,Matchweek 28,Wed,Home,W,1,0,Rennes,47,642.0,55.0,147.0,323.0,177.0,31.0,642.0,23.0,14.0,60.9,9.0,39.1,330.0,1624.0,817.0,12.0,12.0,6.0,11.0,6.0,413.0,63.0,19:00:00,/en/matches/423f56db/Lyon-Rennes-March-3-2021-Ligue-1
FRA-Ligue 1,2021,Lyon,2021-03-12 Reims-Lyon,2021-03-12,Matchweek 29,Fri,Away,D,1,1,Reims,68,832.0,49.0,196.0,370.0,271.0,40.0,832.0,17.0,12.0,70.6,5.0,29.4,425.0,2805.0,1806.0,37.0,30.0,4.0,18.0,9.0,604.0,79.0,21:00:00,/en/matches/6f1ea543/Reims-Lyon-March-12-2021-Ligue-1
FRA-Ligue 1,2021,Lyon,2021-03-21 Lyon-Paris S-G,2021-03-21,Matchweek 30,Sun,Home,L,2,4,Paris S-G,43,577.0,54.0,213.0,256.0,118.0,20.0,577.0,31.0,16.0,51.6,15.0,48.4,267.0,1455.0,787.0,19.0,11.0,1.0,17.0,6.0,402.0,34.0,21:00:00,/en/matches/bb18a4cc/Lyon-Paris-Saint-Germain-March-21-2021-Ligue-1
FRA-Ligue 1,2021,Lyon,2021-04-03 Lens-Lyon,2021-04-03,Matchweek 31,Sat,Away,D,1,1,Lens,60,740.0,61.0,199.0,349.0,198.0,27.0,740.0,16.0,9.0,56.3,7.0,43.8,429.0,2130.0,1204.0,18.0,18.0,2.0,20.0,5.0,537.0,57.0,21:00:00,/en/matches/52a508da/Lens-Lyon-April-3-2021-Ligue-1
FRA-Ligue 1,2021,Lyon,2021-04-11 Lyon-Angers,2021-04-11,Matchweek 32,Sun,Home,W,3,0,Angers,53,752.0,54.0,173.0,404.0,182.0,27.0,752.0,13.0,7.0,53.8,6.0,46.2,370.0,1502.0,729.0,13.0,14.0,4.0,18.0,6.0,516.0,61.0,21:00:00,/en/matches/4d4dc0b9/Lyon-Angers-April-11-2021-Ligue-1
FRA-Ligue 1,2021,Lyon,2021-04-18 Nantes-Lyon,2021-04-18,Matchweek 33,Sun,Away,W,2,1,Nantes,51,666.0,68.0,277.0,264.0,131.0,23.0,665.0,21.0,12.0,57.1,9.0,42.9,343.0,1391.0,694.0,13.0,9.0,5.0,20.0,12.0,408.0,42.0,21:00:00,/en/matches/a2b60b56/Nantes-Lyon-April-18-2021-Ligue-1
FRA-Ligue 1,2021,Lyon,2021-04-25 Lyon-Lille,2021-04-25,Matchweek 34,Sun,Home,L,2,3,Lille,46,609.0,57.0,171.0,265.0,181.0,25.0,609.0,18.0,13.0,72.2,5.0,27.8,329.0,1835.0,985.0,20.0,13.0,8.0,15.0,7.0,410.0,52.0,21:00:00,/en/matches/b312c935/Lyon-Lille-April-25-2021-Ligue-1
FRA-Ligue 1,2021,Lyon,2021-05-02 Monaco-Lyon,2021-05-02,Matchweek 35,Sun,Away,W,3,2,Monaco,52,615.0,59.0,185.0,280.0,158.0,22.0,615.0,17.0,11.0,64.7,6.0,35.3,406.0,1584.0,730.0,15.0,17.0,2.0,21.0,11.0,399.0,45.0,21:00:00,/en/matches/27e1ab19/Monaco-Lyon-May-2-2021-Ligue-1
FRA-Ligue 1,2021,Lyon,2021-05-08 Lyon-Lorient,2021-05-08,Matchweek 36,Sat,Home,W,4,1,Lorient,59,759.0,32.0,173.0,422.0,171.0,35.0,758.0,31.0,20.0,64.5,11.0,35.5,471.0,2244.0,1108.0,23.0,12.0,9.0,19.0,4.0,549.0,50.0,17:00:00,/en/matches/564cd242/Lyon-Lorient-May-8-2021-Ligue-1
FRA-Ligue 1,2021,Lyon,2021-05-16 Nîmes-Lyon,2021-05-16,Matchweek 37,Sun,Away,W,5,2,Nîmes,57,729.0,48.0,192.0,400.0,146.0,26.0,729.0,25.0,16.0,64.0,9.0,36.0,445.0,1950.0,1140.0,25.0,15.0,7.0,15.0,5.0,519.0,53.0,21:00:00,/en/matches/cbcc34d4/Nimes-Lyon-May-16-2021-Ligue-1
FRA-Ligue 1,2021,Lyon,2021-05-23 Lyon-Nice,2021-05-23,Matchweek 38,Sun,Home,L,2,3,Nice,55,668.0,58.0,157.0,318.0,198.0,28.0,668.0,19.0,10.0,52.6,9.0,47.4,389.0,1856.0,984.0,20.0,21.0,4.0,26.0,5.0,457.0,66.0,21:00:00,/en/matches/cb4cd692/Lyon-Nice-May-23-2021-Ligue-1
FRA-Ligue 1,2021,Marseille,2020-08-30 Brest-Marseille,2020-08-30,Matchweek 2,Sun,Away,W,3,2,Brest,41,527.0,94.0,247.0,183.0,101.0,13.0,527.0,19.0,9.0,47.4,10.0,52.6,241.0,1464.0,678.0,12.0,10.0,4.0,22.0,11.0,290.0,20.0,21:00:00,/en/matches/f5d3ffde/Brest-Marseille-August-30-2020-Ligue-1
FRA-Ligue 1,2021,Marseille,2020-09-13 Paris S-G-Marseille,2020-09-13,Matchweek 3,Sun,Away,W,1,0,Paris S-G,35,439.0,64.0,194.0,182.0,66.0,5.0,439.0,16.0,8.0,50.0,8.0,50.0,235.0,883.0,348.0,5.0,6.0,0.0,19.0,11.0,222.0,9.0,21:00:00,/en/matches/84e1075c/Paris-Saint-Germain-Marseille-September-13-2020-Ligue-1
FRA-Ligue 1,2021,Marseille,2020-09-17 Marseille-Saint-Étienne,2020-09-17,Matchweek 1,Thu,Home,L,0,2,Saint-Étienne,59,687.0,61.0,176.0,332.0,190.0,29.0,687.0,17.0,9.0,52.9,8.0,47.1,353.0,2095.0,1125.0,18.0,17.0,4.0,17.0,12.0,456.0,68.0,21:00:00,/en/matches/bc9039b3/Marseille-Saint-Etienne-September-17-2020-Ligue-1
FRA-Ligue 1,2021,Marseille,2020-09-20 Marseille-Lille,2020-09-20,Matchweek 4,Sun,Home,D,1,1,Lille,56,637.0,60.0,208.0,310.0,128.0,17.0,637.0,9.0,2.0,22.2,7.0,77.8,344.0,1939.0,1020.0,20.0,14.0,4.0,13.0,8.0,421.0,47.0,21:00:00,/en/matches/f0f694dd/Marseille-Lille-September-20-2020-Ligue-1
FRA-Ligue 1,2021,Marseille,2020-09-26 Marseille-Metz,2020-09-26,Matchweek 5,Sat,Home,D,1,1,Metz,60,743.0,65.0,211.0,399.0,139.0,23.0,743.0,22.0,18.0,81.8,4.0,18.2,407.0,2176.0,1180.0,22.0,14.0,5.0,13.0,7.0,507.0,42.0,21:00:00,/en/matches/5a5a6c41/Marseille-Metz-September-26-2020-Ligue-1
FRA-Ligue 1,2021,Marseille,2020-10-04 Lyon-Marseille,2020-10-04,Matchweek 6,Sun,Away,D,1,1,Lyon,32,418.0,104.0,223.0,133.0,67.0,6.0,418.0,11.0,4.0,36.4,7.0,63.6,188.0,1052.0,544.0,13.0,6.0,2.0,7.0,10.0,206.0,10.0,21:00:00,/en/matches/bdf0a01e/Choc-des-Olympiques-Lyon-Marseille-October-4-2020-Ligue-1
FRA-Ligue 1,2021,Marseille,2020-10-17 Marseille-Bordeaux,2020-10-17,Matchweek 7,Sat,Home,W,3,1,Bordeaux,56,662.0,57.0,207.0,330.0,129.0,12.0,661.0,10.0,7.0,70.0,3.0,30.0,464.0,1941.0,826.0,19.0,13.0,6.0,20.0,10.0,454.0,37.0,21:00:00,/en/matches/e28d90ff/Marseille-Bordeaux-October-17-2020-Ligue-1
FRA-Ligue 1,2021,Marseille,2020-10-24 Lorient-Marseille,2020-10-24,Matchweek 8,Sat,Away,W,1,0,Lorient,64,716.0,61.0,246.0,342.0,134.0,18.0,716.0,20.0,9.0,45.0,11.0,55.0,393.0,1666.0,838.0,10.0,10.0,2.0,14.0,14.0,477.0,38.0,17:00:00,/en/matches/647d6f74/Lorient-Marseille-October-24-2020-Ligue-1
FRA-Ligue 1,2021,Marseille,2020-11-06 Strasbourg-Marseille,2020-11-06,Matchweek 10,Fri,Away,W,1,0,Strasbourg,47,630.0,58.0,196.0,376.0,69.0,13.0,630.0,22.0,10.0,45.5,12.0,54.5,322.0,1651.0,753.0,9.0,10.0,1.0,20.0,11.0,376.0,33.0,21:00:00,/en/matches/8491adfc/Strasbourg-Marseille-November-6-2020-Ligue-1
FRA-Ligue 1,2021,Marseille,2020-11-28 Marseille-Nantes,2020-11-28,Matchweek 12,Sat,Home,W,3,1,Nantes,57,637.0,60.0,246.0,291.0,107.0,24.0,636.0,20.0,8.0,40.0,12.0,60.0,273.0,1191.0,615.0,14.0,7.0,5.0,8.0,6.0,426.0,31.0,17:00:00,/en/matches/9ade19b5/Marseille-Nantes-November-28-2020-Ligue-1
FRA-Ligue 1,2021,Marseille,2020-12-04 Nîmes-Marseille,2020-12-04,Matchweek 13,Fri,Away,W,2,0,Nîmes,68,773.0,51.0,207.0,425.0,146.0,26.0,773.0,18.0,15.0,83.3,3.0,16.7,456.0,2153.0,1160.0,25.0,16.0,5.0,18.0,7.0,568.0,62.0,21:00:00,/en/matches/a0106768/Nimes-Marseille-December-4-2020-Ligue-1
FRA-Ligue 1,2021,Marseille,2020-12-12 Marseille-Monaco,2020-12-12,Matchweek 14,Sat,Home,W,2,1,Monaco,39,525.0,54.0,187.0,251.0,94.0,12.0,525.0,15.0,6.0,40.0,9.0,60.0,201.0,1075.0,515.0,12.0,5.0,2.0,23.0,7.0,263.0,26.0,17:00:00,/en/matches/c82895c6/Marseille-Monaco-December-12-2020-Ligue-1
FRA-Ligue 1,2021,Marseille,2020-12-16 Rennes-Marseille,2020-12-16,Matchweek 15,Wed,Away,L,1,2,Rennes,33,424.0,60.0,166.0,216.0,50.0,7.0,424.0,13.0,7.0,53.8,6.0,46.2,202.0,1021.0,454.0,6.0,4.0,1.0,10.0,8.0,219.0,15.0,21:00:00,/en/matches/7757b78e/Rennes-Marseille-December-16-2020-Ligue-1
FRA-Ligue 1,2021,Marseille,2020-12-19 Marseille-Reims,2020-12-19,Matchweek 16,Sat,Home,D,1,1,Reims,70,815.0,37.0,153.0,455.0,218.0,26.0,815.0,23.0,15.0,65.2,8.0,34.8,553.0,2912.0,1567.0,30.0,23.0,4.0,14.0,17.0,609.0,56.0,19:00:00,/en/matches/bea6f7ea/Marseille-Reims-December-19-2020-Ligue-1
FRA-Ligue 1,2021,Marseille,2020-12-23 Angers-Marseille,2020-12-23,Matchweek 17,Wed,Away,L,1,2,Angers,69,748.0,56.0,245.0,372.0,142.0,12.0,747.0,18.0,11.0,61.1,7.0,38.9,526.0,2484.0,1244.0,17.0,16.0,1.0,13.0,3.0,528.0,33.0,21:00:00,/en/matches/c145b8a8/Angers-Marseille-December-23-2020-Ligue-1
FRA-Ligue 1,2021,Marseille,2021-01-06 Marseille-Montpellier,2021-01-06,Matchweek 18,Wed,Home,W,3,1,Montpellier,56,742.0,62.0,210.0,362.0,178.0,27.0,742.0,22.0,14.0,63.6,8.0,36.4,525.0,2882.0,1587.0,29.0,18.0,11.0,14.0,9.0,534.0,55.0,21:00:00,/en/matches/bf3df422/Marseille-Montpellier-January-6-2021-Ligue-1
FRA-Ligue 1,2021,Marseille,2021-01-09 Dijon-Marseille,2021-01-09,Matchweek 19,Sat,Away,D,0,0,Dijon,58,706.0,60.0,223.0,333.0,158.0,23.0,706.0,10.0,6.0,60.0,4.0,40.0,414.0,1906.0,939.0,14.0,9.0,8.0,10.0,11.0,463.0,51.0,21:00:00,/en/matches/dfba70b7/Dijon-Marseille-January-9-2021-Ligue-1
FRA-Ligue 1,2021,Marseille,2021-01-16 Marseille-Nîmes,2021-01-16,Matchweek 20,Sat,Home,L,1,2,Nîmes,63,825.0,42.0,145.0,474.0,212.0,19.0,824.0,17.0,7.0,41.2,10.0,58.8,512.0,2420.0,1372.0,23.0,12.0,3.0,17.0,4.0,604.0,68.0,17:00:00,/en/matches/e22fe1f8/Marseille-Nimes-January-16-2021-Ligue-1
FRA-Ligue 1,2021,Marseille,2021-01-20 Marseille-Lens,2021-01-20,Matchweek 9,Wed,Home,L,0,1,Lens,47,593.0,52.0,170.0,317.0,110.0,7.0,593.0,6.0,2.0,33.3,4.0,66.7,392.0,1705.0,761.0,9.0,8.0,0.0,15.0,19.0,380.0,30.0,21:00:00,/en/matches/9f341fc9/Marseille-Lens-January-20-2021-Ligue-1
FRA-Ligue 1,2021,Marseille,2021-01-23 Monaco-Marseille,2021-01-23,Matchweek 21,Sat,Away,L,1,3,Monaco,46,573.0,80.0,249.0,257.0,69.0,3.0,573.0,18.0,7.0,38.9,11.0,61.1,233.0,1246.0,532.0,13.0,8.0,2.0,18.0,14.0,299.0,19.0,21:00:00,/en/matches/d54f636f/Monaco-Marseille-January-23-2021-Ligue-1
FRA-Ligue 1,2021,Marseille,2021-02-03 Lens-Marseille,2021-02-03,Matchweek 23,Wed,Away,D,2,2,Lens,40,478.0,60.0,172.0,212.0,96.0,17.0,478.0,11.0,5.0,45.5,6.0,54.5,259.0,1028.0,417.0,8.0,9.0,3.0,13.0,8.0,255.0,21.0,21:00:00,/en/matches/0042c990/Lens-Marseille-February-3-2021-Ligue-1
FRA-Ligue 1,2021,Marseille,2021-02-07 Marseille-Paris S-G,2021-02-07,Matchweek 24,Sun,Home,L,0,2,Paris S-G,53,690.0,74.0,220.0,317.0,159.0,23.0,690.0,14.0,9.0,64.3,5.0,35.7,439.0,1658.0,772.0,16.0,7.0,6.0,12.0,8.0,479.0,36.0,21:00:00,/en/matches/c15805b7/Marseille-Paris-Saint-Germain-February-7-2021-Ligue-1
FRA-Ligue 1,2021,Marseille,2021-02-14 Bordeaux-Marseille,2021-02-14,Matchweek 25,Sun,Away,D,0,0,Bordeaux,45,497.0,59.0,165.0,258.0,80.0,7.0,497.0,8.0,3.0,37.5,5.0,62.5,313.0,1475.0,731.0,15.0,6.0,4.0,9.0,6.0,328.0,30.0,21:00:00,/en/matches/8f90873e/Bordeaux-Marseille-February-14-2021-Ligue-1
FRA-Ligue 1,2021,Marseille,2021-02-17 Marseille-Nice,2021-02-17,Matchweek 11,Wed,Home,W,3,2,Nice,45,588.0,73.0,230.0,235.0,130.0,16.0,588.0,11.0,7.0,63.6,4.0,36.4,279.0,1316.0,505.0,4.0,4.0,2.0,14.0,4.0,362.0,25.0,21:00:00,/en/matches/1380e4f4/Marseille-Nice-February-17-2021-Ligue-1
FRA-Ligue 1,2021,Marseille,2021-02-20 Nantes-Marseille,2021-02-20,Matchweek 26,Sat,Away,D,1,1,Nantes,65,752.0,58.0,236.0,425.0,97.0,9.0,752.0,14.0,7.0,50.0,7.0,50.0,456.0,1838.0,931.0,5.0,5.0,1.0,17.0,5.0,512.0,39.0,17:00:00,/en/matches/06e21793/Nantes-Marseille-February-20-2021-Ligue-1
FRA-Ligue 1,2021,Marseille,2021-02-28 Marseille-Lyon,2021-02-28,Matchweek 27,Sun,Home,D,1,1,Lyon,52,638.0,72.0,237.0,279.0,124.0,21.0,637.0,13.0,9.0,69.2,4.0,30.8,427.0,1597.0,898.0,13.0,6.0,4.0,15.0,5.0,429.0,46.0,21:00:00,/en/matches/46581524/Choc-des-Olympiques-Marseille-Lyon-February-28-2021-Ligue-1
FRA-Ligue 1,2021,Marseille,2021-03-03 Lille-Marseille,2021-03-03,Matchweek 28,Wed,Away,L,0,2,Lille,40,544.0,94.0,252.0,216.0,83.0,7.0,544.0,18.0,9.0,50.0,9.0,50.0,241.0,1411.0,686.0,15.0,12.0,2.0,16.0,3.0,297.0,33.0,21:00:00,/en/matches/734bdddc/Lille-Marseille-March-3-2021-Ligue-1
FRA-Ligue 1,2021,Marseille,2021-03-10 Marseille-Rennes,2021-03-10,Matchweek 22,Wed,Home,W,1,0,Rennes,51,635.0,66.0,211.0,327.0,106.0,13.0,635.0,9.0,3.0,33.3,6.0,66.7,374.0,1813.0,992.0,16.0,7.0,1.0,20.0,13.0,415.0,29.0,19:00:00,/en/matches/1724ec53/Marseille-Rennes-March-10-2021-Ligue-1
FRA-Ligue 1,2021,Marseille,2021-03-13 Marseille-Brest,2021-03-13,Matchweek 29,Sat,Home,W,3,1,Brest,41,544.0,51.0,161.0,246.0,138.0,22.0,544.0,16.0,8.0,50.0,8.0,50.0,309.0,1632.0,899.0,16.0,9.0,3.0,15.0,3.0,343.0,45.0,17:00:00,/en/matches/92b7f46b/Marseille-Brest-March-13-2021-Ligue-1
FRA-Ligue 1,2021,Marseille,2021-03-20 Nice-Marseille,2021-03-20,Matchweek 30,Sat,Away,L,0,3,Nice,57,642.0,63.0,187.0,328.0,129.0,10.0,642.0,11.0,5.0,45.5,6.0,54.5,456.0,2123.0,1247.0,22.0,14.0,1.0,17.0,5.0,446.0,40.0,17:00:00,/en/matches/32a19bdd/Nice-Marseille-March-20-2021-Ligue-1
FRA-Ligue 1,2021,Marseille,2021-04-04 Marseille-Dijon,2021-04-04,Matchweek 31,Sun,Home,W,2,0,Dijon,63,801.0,50.0,172.0,483.0,154.0,30.0,801.0,14.0,9.0,64.3,5.0,35.7,525.0,2516.0,1483.0,26.0,14.0,6.0,18.0,7.0,590.0,48.0,21:00:00,/en/matches/0e8e6b49/Marseille-Dijon-April-4-2021-Ligue-1
FRA-Ligue 1,2021,Marseille,2021-04-10 Montpellier-Marseille,2021-04-10,Matchweek 32,Sat,Away,D,3,3,Montpellier,56,631.0,83.0,167.0,350.0,120.0,18.0,631.0,12.0,6.0,50.0,6.0,50.0,347.0,1840.0,1198.0,21.0,13.0,4.0,17.0,6.0,412.0,46.0,21:00:00,/en/matches/9d336f48/Montpellier-Marseille-April-10-2021-Ligue-1
FRA-Ligue 1,2021,Marseille,2021-04-17 Marseille-Lorient,2021-04-17,Matchweek 33,Sat,Home,W,3,2,Lorient,73,866.0,34.0,152.0,524.0,197.0,33.0,866.0,16.0,13.0,81.3,3.0,18.8,408.0,2269.0,1428.0,20.0,21.0,5.0,16.0,6.0,677.0,66.0,17:00:00,/en/matches/fd8c8405/Marseille-Lorient-April-17-2021-Ligue-1
FRA-Ligue 1,2021,Marseille,2021-04-23 Reims-Marseille,2021-04-23,Matchweek 34,Fri,Away,W,3,1,Reims,58,712.0,78.0,247.0,356.0,111.0,20.0,712.0,15.0,8.0,53.3,7.0,46.7,522.0,2326.0,1294.0,21.0,19.0,5.0,7.0,12.0,539.0,35.0,21:00:00,/en/matches/6b30b4bd/Reims-Marseille-April-23-2021-Ligue-1
FRA-Ligue 1,2021,Marseille,2021-04-30 Marseille-Strasbourg,2021-04-30,Matchweek 35,Fri,Home,D,1,1,Strasbourg,68,791.0,34.0,123.0,487.0,183.0,15.0,791.0,18.0,9.0,50.0,9.0,50.0,486.0,2339.0,1451.0,22.0,15.0,3.0,21.0,6.0,604.0,67.0,21:00:00,/en/matches/ccf9386d/Marseille-Strasbourg-April-30-2021-Ligue-1
FRA-Ligue 1,2021,Marseille,2021-05-09 Saint-Étienne-Marseille,2021-05-09,Matchweek 36,Sun,Away,L,0,1,Saint-Étienne,55,544.0,51.0,185.0,244.0,123.0,21.0,544.0,25.0,17.0,68.0,8.0,32.0,301.0,1316.0,767.0,10.0,5.0,5.0,13.0,7.0,332.0,44.0,13:00:00,/en/matches/73ac123f/Saint-Etienne-Marseille-May-9-2021-Ligue-1
FRA-Ligue 1,2021,Marseille,2021-05-16 Marseille-Angers,2021-05-16,Matchweek 37,Sun,Home,W,3,2,Angers,53,674.0,58.0,249.0,320.0,114.0,24.0,673.0,18.0,12.0,66.7,6.0,33.3,507.0,1948.0,1040.0,19.0,9.0,8.0,13.0,2.0,509.0,48.0,21:00:00,/en/matches/da6ea060/Marseille-Angers-May-16-2021-Ligue-1
FRA-Ligue 1,2021,Marseille,2021-05-23 Metz-Marseille,2021-05-23,Matchweek 38,Sun,Away,D,1,1,Metz,64,734.0,68.0,230.0,381.0,128.0,22.0,733.0,13.0,8.0,61.5,5.0,38.5,473.0,2278.0,1316.0,17.0,8.0,7.0,13.0,7.0,531.0,42.0,21:00:00,/en/matches/a73885a8/Metz-Marseille-May-23-2021-Ligue-1
FRA-Ligue 1,2021,Metz,2020-08-30 Metz-Monaco,2020-08-30,Matchweek 2,Sun,Home,L,0,1,Monaco,54,645.0,41.0,195.0,292.0,165.0,20.0,645.0,27.0,12.0,44.4,15.0,55.6,422.0,2431.0,1235.0,23.0,20.0,3.0,25.0,11.0,408.0,53.0,15:00:00,/en/matches/02d4a6a1/Metz-Monaco-August-30-2020-Ligue-1
FRA-Ligue 1,2021,Metz,2020-09-13 Lille-Metz,2020-09-13,Matchweek 3,Sun,Away,L,0,1,Lille,39,508.0,76.0,242.0,187.0,83.0,13.0,508.0,19.0,9.0,47.4,10.0,52.6,270.0,1534.0,742.0,14.0,10.0,2.0,17.0,12.0,275.0,19.0,13:00:00,/en/matches/99507b5a/Lille-Metz-September-13-2020-Ligue-1
FRA-Ligue 1,2021,Metz,2020-09-16 Paris S-G-Metz,2020-09-16,Matchweek 1,Wed,Away,L,0,1,Paris S-G,29,400.0,82.0,163.0,157.0,89.0,9.0,400.0,19.0,13.0,68.4,6.0,31.6,184.0,1197.0,589.0,14.0,16.0,2.0,19.0,6.0,188.0,20.0,21:00:00,/en/matches/c5bf1d57/Paris-Saint-Germain-Metz-September-16-2020-Ligue-1
FRA-Ligue 1,2021,Metz,2020-09-20 Metz-Reims,2020-09-20,Matchweek 4,Sun,Home,W,2,1,Reims,59,614.0,42.0,121.0,320.0,180.0,24.0,614.0,17.0,13.0,76.5,4.0,23.5,378.0,2527.0,1340.0,42.0,22.0,9.0,12.0,13.0,396.0,32.0,15:00:00,/en/matches/a0f9e058/Metz-Reims-September-20-2020-Ligue-1
FRA-Ligue 1,2021,Metz,2020-09-26 Marseille-Metz,2020-09-26,Matchweek 5,Sat,Away,D,1,1,Marseille,40,528.0,53.0,184.0,252.0,103.0,12.0,528.0,24.0,15.0,62.5,9.0,37.5,319.0,1552.0,626.0,15.0,14.0,3.0,17.0,14.0,300.0,21.0,21:00:00,/en/matches/5a5a6c41/Marseille-Metz-September-26-2020-Ligue-1
FRA-Ligue 1,2021,Metz,2020-10-04 Metz-Lorient,2020-10-04,Matchweek 6,Sun,Home,W,3,1,Lorient,58,699.0,41.0,150.0,400.0,156.0,20.0,698.0,30.0,21.0,70.0,9.0,30.0,383.0,2151.0,1070.0,23.0,11.0,4.0,23.0,10.0,483.0,58.0,15:00:00,/en/matches/c14d22d4/Metz-Lorient-October-4-2020-Ligue-1
FRA-Ligue 1,2021,Metz,2020-10-18 Angers-Metz,2020-10-18,Matchweek 7,Sun,Away,D,1,1,Angers,53,665.0,63.0,218.0,345.0,107.0,14.0,665.0,19.0,13.0,68.4,6.0,31.6,341.0,1685.0,793.0,14.0,8.0,5.0,19.0,16.0,428.0,34.0,15:00:00,/en/matches/36193c0a/Angers-Metz-October-18-2020-Ligue-1
FRA-Ligue 1,2021,Metz,2020-10-25 Metz-Saint-Étienne,2020-10-25,Matchweek 8,Sun,Home,W,2,0,Saint-Étienne,43,503.0,45.0,158.0,213.0,136.0,9.0,503.0,22.0,13.0,59.1,9.0,40.9,231.0,1279.0,496.0,12.0,7.0,1.0,20.0,12.0,256.0,23.0,15:00:00,/en/matches/e20f9399/Metz-Saint-Etienne-October-25-2020-Ligue-1
FRA-Ligue 1,2021,Metz,2020-11-01 Nîmes-Metz,2020-11-01,Matchweek 9,Sun,Away,W,1,0,Nîmes,33,447.0,77.0,230.0,175.0,49.0,9.0,447.0,9.0,5.0,55.6,4.0,44.4,194.0,1204.0,568.0,15.0,15.0,1.0,22.0,8.0,208.0,19.0,15:00:00,/en/matches/d3c9822f/Nimes-Metz-November-1-2020-Ligue-1
FRA-Ligue 1,2021,Metz,2020-11-08 Metz-Dijon,2020-11-08,Matchweek 10,Sun,Home,D,1,1,Dijon,45,529.0,50.0,175.0,222.0,133.0,21.0,528.0,14.0,7.0,50.0,7.0,50.0,379.0,2070.0,1132.0,30.0,15.0,8.0,17.0,7.0,348.0,48.0,15:00:00,/en/matches/3262d1d8/Metz-Dijon-November-8-2020-Ligue-1
FRA-Ligue 1,2021,Metz,2020-11-22 Nantes-Metz,2020-11-22,Matchweek 11,Sun,Away,D,1,1,Nantes,34,464.0,61.0,179.0,193.0,95.0,13.0,463.0,15.0,4.0,26.7,11.0,73.3,255.0,1399.0,550.0,14.0,7.0,3.0,18.0,9.0,221.0,25.0,13:00:00,/en/matches/20aca344/Nantes-Metz-November-22-2020-Ligue-1
FRA-Ligue 1,2021,Metz,2020-11-29 Metz-Brest,2020-11-29,Matchweek 12,Sun,Home,L,0,2,Brest,46,587.0,42.0,167.0,250.0,176.0,24.0,587.0,20.0,14.0,70.0,6.0,30.0,344.0,2349.0,1124.0,29.0,23.0,13.0,12.0,20.0,395.0,58.0,15:00:00,/en/matches/57eeea74/Metz-Brest-November-29-2020-Ligue-1
FRA-Ligue 1,2021,Metz,2020-12-06 Metz-Lyon,2020-12-06,Matchweek 13,Sun,Home,L,1,3,Lyon,46,577.0,63.0,175.0,278.0,127.0,23.0,576.0,17.0,13.0,76.5,4.0,23.5,346.0,1863.0,1036.0,20.0,11.0,7.0,14.0,8.0,391.0,48.0,21:00:00,/en/matches/39e71d02/Metz-Lyon-December-6-2020-Ligue-1
FRA-Ligue 1,2021,Metz,2020-12-13 Strasbourg-Metz,2020-12-13,Matchweek 14,Sun,Away,D,2,2,Strasbourg,43,516.0,61.0,203.0,247.0,66.0,7.0,514.0,10.0,7.0,70.0,3.0,30.0,310.0,1193.0,541.0,11.0,6.0,1.0,10.0,9.0,302.0,19.0,15:00:00,/en/matches/d59fe5ea/Strasbourg-Metz-December-13-2020-Ligue-1
FRA-Ligue 1,2021,Metz,2020-12-16 Montpellier-Metz,2020-12-16,Matchweek 15,Wed,Away,W,2,0,Montpellier,41,547.0,79.0,214.0,268.0,75.0,9.0,546.0,14.0,7.0,50.0,7.0,50.0,286.0,1572.0,898.0,11.0,10.0,1.0,24.0,6.0,322.0,25.0,19:00:00,/en/matches/d6277b7a/Montpellier-Metz-December-16-2020-Ligue-1
FRA-Ligue 1,2021,Metz,2020-12-19 Metz-Lens,2020-12-19,Matchweek 16,Sat,Home,W,2,0,Lens,39,482.0,68.0,216.0,175.0,102.0,15.0,482.0,15.0,7.0,46.7,8.0,53.3,233.0,1607.0,803.0,16.0,12.0,7.0,18.0,10.0,253.0,17.0,17:00:00,/en/matches/26ba121c/Metz-Lens-December-19-2020-Ligue-1
FRA-Ligue 1,2021,Metz,2020-12-23 Rennes-Metz,2020-12-23,Matchweek 17,Wed,Away,L,0,1,Rennes,38,530.0,65.0,214.0,230.0,95.0,18.0,530.0,17.0,16.0,94.1,1.0,5.9,280.0,1536.0,811.0,18.0,12.0,3.0,25.0,10.0,301.0,27.0,19:00:00,/en/matches/cb7d6ff7/Rennes-Metz-December-23-2020-Ligue-1
FRA-Ligue 1,2021,Metz,2021-01-06 Metz-Bordeaux,2021-01-06,Matchweek 18,Wed,Home,D,0,0,Bordeaux,43,560.0,52.0,186.0,279.0,103.0,10.0,560.0,19.0,11.0,57.9,8.0,42.1,337.0,1994.0,1035.0,17.0,19.0,2.0,10.0,10.0,369.0,24.0,19:00:00,/en/matches/91ee6562/Metz-Bordeaux-January-6-2021-Ligue-1
FRA-Ligue 1,2021,Metz,2021-01-09 Metz-Nice,2021-01-09,Matchweek 19,Sat,Home,D,1,1,Nice,44,549.0,46.0,159.0,280.0,115.0,13.0,549.0,19.0,8.0,42.1,11.0,57.9,254.0,1222.0,588.0,21.0,13.0,4.0,18.0,6.0,321.0,29.0,21:00:00,/en/matches/4004356c/Metz-Nice-January-9-2021-Ligue-1
FRA-Ligue 1,2021,Metz,2021-01-17 Lyon-Metz,2021-01-17,Matchweek 20,Sun,Away,W,1,0,Lyon,36,489.0,88.0,233.0,174.0,88.0,17.0,489.0,13.0,10.0,76.9,3.0,23.1,259.0,1570.0,944.0,24.0,16.0,5.0,12.0,9.0,243.0,24.0,21:00:00,/en/matches/de561d96/Lyon-Metz-January-17-2021-Ligue-1
FRA-Ligue 1,2021,Metz,2021-01-24 Metz-Nantes,2021-01-24,Matchweek 21,Sun,Home,W,2,0,Nantes,43,518.0,61.0,174.0,270.0,84.0,9.0,518.0,24.0,18.0,75.0,6.0,25.0,297.0,1804.0,903.0,19.0,8.0,4.0,14.0,11.0,315.0,26.0,15:00:00,/en/matches/43511ac5/Metz-Nantes-January-24-2021-Ligue-1
FRA-Ligue 1,2021,Metz,2021-01-31 Brest-Metz,2021-01-31,Matchweek 22,Sun,Away,W,4,2,Brest,38,518.0,54.0,171.0,242.0,109.0,9.0,517.0,15.0,8.0,53.3,7.0,46.7,298.0,1871.0,1148.0,20.0,16.0,3.0,13.0,13.0,315.0,34.0,15:00:00,/en/matches/dedabe17/Brest-Metz-January-31-2021-Ligue-1
FRA-Ligue 1,2021,Metz,2021-02-03 Metz-Montpellier,2021-02-03,Matchweek 23,Wed,Home,D,1,1,Montpellier,45,523.0,55.0,199.0,225.0,109.0,15.0,523.0,17.0,10.0,58.8,7.0,41.2,317.0,2273.0,1243.0,21.0,16.0,2.0,17.0,4.0,319.0,26.0,19:00:00,/en/matches/d53b40e0/Metz-Montpellier-February-3-2021-Ligue-1
FRA-Ligue 1,2021,Metz,2021-02-07 Saint-Étienne-Metz,2021-02-07,Matchweek 24,Sun,Away,L,0,1,Saint-Étienne,51,637.0,43.0,192.0,353.0,99.0,12.0,637.0,18.0,11.0,61.1,7.0,38.9,384.0,2007.0,909.0,17.0,13.0,2.0,29.0,12.0,384.0,27.0,15:00:00,/en/matches/c839991c/Saint-Etienne-Metz-February-7-2021-Ligue-1
FRA-Ligue 1,2021,Metz,2021-02-14 Metz-Strasbourg,2021-02-14,Matchweek 25,Sun,Home,L,1,2,Strasbourg,45,563.0,65.0,233.0,232.0,103.0,17.0,563.0,18.0,10.0,55.6,8.0,44.4,299.0,1710.0,851.0,17.0,14.0,3.0,25.0,10.0,325.0,25.0,15:00:00,/en/matches/13dd281c/Metz-Strasbourg-February-14-2021-Ligue-1
FRA-Ligue 1,2021,Metz,2021-02-21 Nice-Metz,2021-02-21,Matchweek 26,Sun,Away,W,2,1,Nice,35,488.0,64.0,188.0,222.0,83.0,11.0,488.0,22.0,10.0,45.5,12.0,54.5,272.0,1482.0,564.0,12.0,13.0,2.0,17.0,17.0,256.0,19.0,15:00:00,/en/matches/336b4e23/Nice-Metz-February-21-2021-Ligue-1
FRA-Ligue 1,2021,Metz,2021-02-27 Bordeaux-Metz,2021-02-27,Matchweek 27,Sat,Away,W,2,1,Bordeaux,49,552.0,48.0,143.0,283.0,131.0,18.0,552.0,15.0,10.0,66.7,5.0,33.3,276.0,1702.0,866.0,22.0,20.0,5.0,23.0,11.0,312.0,40.0,13:00:00,/en/matches/e0f22e82/Bordeaux-Metz-February-27-2021-Ligue-1
FRA-Ligue 1,2021,Metz,2021-03-03 Metz-Angers,2021-03-03,Matchweek 28,Wed,Home,L,0,1,Angers,65,731.0,35.0,163.0,434.0,139.0,14.0,731.0,13.0,5.0,38.5,8.0,61.5,507.0,2774.0,1389.0,23.0,23.0,2.0,14.0,18.0,531.0,42.0,19:00:00,/en/matches/667969fb/Metz-Angers-March-3-2021-Ligue-1
FRA-Ligue 1,2021,Metz,2021-03-14 Lens-Metz,2021-03-14,Matchweek 29,Sun,Away,D,2,2,Lens,47,563.0,66.0,251.0,243.0,74.0,8.0,562.0,13.0,9.0,69.2,4.0,30.8,313.0,1602.0,842.0,12.0,7.0,1.0,17.0,7.0,349.0,17.0,15:00:00,/en/matches/131423e4/Lens-Metz-March-14-2021-Ligue-1
FRA-Ligue 1,2021,Metz,2021-03-20 Metz-Rennes,2021-03-20,Matchweek 30,Sat,Home,L,1,3,Rennes,52,674.0,31.0,155.0,367.0,160.0,18.0,674.0,13.0,6.0,46.2,7.0,53.8,424.0,2188.0,1093.0,21.0,27.0,3.0,24.0,7.0,436.0,56.0,13:00:00,/en/matches/cc1f739a/Metz-Rennes-March-20-2021-Ligue-1
FRA-Ligue 1,2021,Metz,2021-04-03 Monaco-Metz,2021-04-03,Matchweek 31,Sat,Away,L,0,4,Monaco,39,473.0,69.0,218.0,206.0,54.0,8.0,473.0,11.0,8.0,72.7,3.0,27.3,273.0,1412.0,624.0,19.0,7.0,1.0,27.0,6.0,280.0,24.0,13:00:00,/en/matches/11fdf91b/Monaco-Metz-April-3-2021-Ligue-1
FRA-Ligue 1,2021,Metz,2021-04-09 Metz-Lille,2021-04-09,Matchweek 32,Fri,Home,L,0,2,Lille,50,587.0,46.0,196.0,254.0,147.0,21.0,586.0,22.0,6.0,27.3,16.0,72.7,291.0,2033.0,1035.0,27.0,17.0,6.0,22.0,9.0,348.0,34.0,21:00:00,/en/matches/be261d66/Metz-Lille-April-9-2021-Ligue-1
FRA-Ligue 1,2021,Metz,2021-04-18 Reims-Metz,2021-04-18,Matchweek 33,Sun,Away,D,0,0,Reims,52,645.0,65.0,232.0,283.0,136.0,13.0,645.0,20.0,9.0,45.0,11.0,55.0,434.0,2406.0,1234.0,22.0,16.0,2.0,18.0,8.0,424.0,31.0,15:00:00,/en/matches/b7a01ae1/Reims-Metz-April-18-2021-Ligue-1
FRA-Ligue 1,2021,Metz,2021-04-24 Metz-Paris S-G,2021-04-24,Matchweek 34,Sat,Home,L,1,3,Paris S-G,34,477.0,63.0,175.0,226.0,83.0,8.0,477.0,28.0,11.0,39.3,17.0,60.7,290.0,1863.0,1046.0,25.0,18.0,4.0,19.0,11.0,288.0,19.0,17:00:00,/en/matches/370cea73/Metz-Paris-Saint-Germain-April-24-2021-Ligue-1
FRA-Ligue 1,2021,Metz,2021-05-02 Dijon-Metz,2021-05-02,Matchweek 35,Sun,Away,W,5,1,Dijon,55,642.0,51.0,249.0,275.0,124.0,20.0,642.0,19.0,11.0,57.9,8.0,42.1,376.0,1645.0,829.0,24.0,12.0,3.0,21.0,4.0,434.0,39.0,15:00:00,/en/matches/1a56a046/Dijon-Metz-May-2-2021-Ligue-1
FRA-Ligue 1,2021,Metz,2021-05-09 Metz-Nîmes,2021-05-09,Matchweek 36,Sun,Home,L,0,3,Nîmes,58,707.0,61.0,214.0,389.0,109.0,11.0,707.0,17.0,7.0,41.2,10.0,58.8,346.0,2008.0,1061.0,20.0,17.0,2.0,18.0,8.0,497.0,47.0,15:00:00,/en/matches/f4478aa3/Metz-Nimes-May-9-2021-Ligue-1
FRA-Ligue 1,2021,Metz,2021-05-16 Lorient-Metz,2021-05-16,Matchweek 37,Sun,Away,L,1,2,Lorient,62,761.0,31.0,214.0,450.0,103.0,7.0,761.0,25.0,11.0,44.0,14.0,56.0,551.0,2535.0,1355.0,22.0,19.0,1.0,14.0,11.0,571.0,44.0,21:00:00,/en/matches/7d8a4586/Lorient-Metz-May-16-2021-Ligue-1
FRA-Ligue 1,2021,Metz,2021-05-23 Metz-Marseille,2021-05-23,Matchweek 38,Sun,Home,D,1,1,Marseille,36,474.0,63.0,191.0,197.0,92.0,10.0,473.0,9.0,3.0,33.3,6.0,66.7,297.0,1558.0,758.0,18.0,11.0,5.0,11.0,8.0,284.0,37.0,21:00:00,/en/matches/a73885a8/Metz-Marseille-May-23-2021-Ligue-1
FRA-Ligue 1,2021,Monaco,2020-08-23 Monaco-Reims,2020-08-23,Matchweek 1,Sun,Home,D,2,2,Reims,75,899.0,44.0,162.0,487.0,254.0,36.0,899.0,12.0,6.0,50.0,6.0,50.0,621.0,3588.0,1926.0,24.0,32.0,5.0,13.0,18.0,697.0,63.0,13:00:00,/en/matches/b3bddcc0/Monaco-Reims-August-23-2020-Ligue-1
FRA-Ligue 1,2021,Monaco,2020-08-30 Metz-Monaco,2020-08-30,Matchweek 2,Sun,Away,W,1,0,Metz,46,558.0,74.0,230.0,250.0,82.0,9.0,558.0,18.0,7.0,38.9,11.0,61.1,255.0,1796.0,879.0,12.0,6.0,3.0,12.0,10.0,318.0,23.0,15:00:00,/en/matches/02d4a6a1/Metz-Monaco-August-30-2020-Ligue-1
FRA-Ligue 1,2021,Monaco,2020-09-13 Monaco-Nantes,2020-09-13,Matchweek 3,Sun,Home,W,2,1,Nantes,57,727.0,62.0,233.0,348.0,155.0,30.0,727.0,21.0,11.0,52.4,10.0,47.6,433.0,2455.0,1329.0,28.0,17.0,8.0,9.0,6.0,515.0,50.0,17:00:00,/en/matches/13159177/Monaco-Nantes-September-13-2020-Ligue-1
FRA-Ligue 1,2021,Monaco,2020-09-19 Rennes-Monaco,2020-09-19,Matchweek 4,Sat,Away,L,1,2,Rennes,42,570.0,64.0,237.0,241.0,100.0,14.0,570.0,8.0,5.0,62.5,3.0,37.5,360.0,1543.0,846.0,16.0,5.0,0.0,11.0,7.0,372.0,34.0,21:00:00,/en/matches/17da8c83/Rennes-Monaco-September-19-2020-Ligue-1
FRA-Ligue 1,2021,Monaco,2020-09-27 Monaco-Strasbourg,2020-09-27,Matchweek 5,Sun,Home,W,3,2,Strasbourg,57,675.0,68.0,204.0,330.0,147.0,19.0,675.0,10.0,3.0,30.0,7.0,70.0,306.0,1617.0,881.0,15.0,9.0,1.0,16.0,6.0,461.0,40.0,15:00:00,/en/matches/6901ecbc/Monaco-Strasbourg-September-27-2020-Ligue-1
FRA-Ligue 1,2021,Monaco,2020-10-04 Brest-Monaco,2020-10-04,Matchweek 6,Sun,Away,L,0,1,Brest,71,822.0,51.0,205.0,382.0,241.0,32.0,822.0,16.0,12.0,75.0,4.0,25.0,539.0,2814.0,1428.0,29.0,14.0,8.0,18.0,19.0,595.0,73.0,15:00:00,/en/matches/020a699d/Brest-Monaco-October-4-2020-Ligue-1
FRA-Ligue 1,2021,Monaco,2020-10-18 Monaco-Montpellier,2020-10-18,Matchweek 7,Sun,Home,D,1,1,Montpellier,80,849.0,24.0,74.0,449.0,329.0,44.0,848.0,11.0,9.0,81.8,2.0,18.2,406.0,2747.0,1692.0,33.0,24.0,2.0,20.0,6.0,628.0,88.0,15:00:00,/en/matches/d9596cec/Monaco-Montpellier-October-18-2020-Ligue-1
FRA-Ligue 1,2021,Monaco,2020-10-25 Lyon-Monaco,2020-10-25,Matchweek 8,Sun,Away,L,1,4,Lyon,65,720.0,57.0,182.0,361.0,183.0,28.0,719.0,27.0,15.0,55.6,12.0,44.4,430.0,2301.0,1174.0,14.0,15.0,2.0,19.0,3.0,506.0,38.0,21:00:00,/en/matches/4073f54c/Lyon-Monaco-October-25-2020-Ligue-1
FRA-Ligue 1,2021,Monaco,2020-11-01 Monaco-Bordeaux,2020-11-01,Matchweek 9,Sun,Home,W,4,0,Bordeaux,52,592.0,47.0,174.0,290.0,133.0,29.0,591.0,6.0,0.0,0.0,6.0,100.0,260.0,1501.0,927.0,16.0,5.0,7.0,13.0,6.0,427.0,50.0,17:00:00,/en/matches/371ae7de/Monaco-Bordeaux-November-1-2020-Ligue-1
FRA-Ligue 1,2021,Monaco,2020-11-08 Nice-Monaco,2020-11-08,Matchweek 10,Sun,Away,W,2,1,Nice,37,513.0,72.0,214.0,204.0,99.0,23.0,513.0,10.0,7.0,70.0,3.0,30.0,210.0,1255.0,728.0,19.0,5.0,8.0,22.0,8.0,289.0,21.0,17:00:00,/en/matches/6f942c22/Nice-Monaco-November-8-2020-Ligue-1
FRA-Ligue 1,2021,Monaco,2020-11-20 Monaco-Paris S-G,2020-11-20,Matchweek 11,Fri,Home,W,3,2,Paris S-G,52,671.0,55.0,234.0,280.0,166.0,34.0,670.0,13.0,5.0,38.5,8.0,61.5,445.0,2172.0,1131.0,27.0,21.0,8.0,11.0,5.0,472.0,43.0,21:00:00,/en/matches/8ff1eb68/Monaco-Paris-Saint-Germain-November-20-2020-Ligue-1
FRA-Ligue 1,2021,Monaco,2020-11-29 Monaco-Nîmes,2020-11-29,Matchweek 12,Sun,Home,W,3,0,Nîmes,67,772.0,48.0,174.0,394.0,211.0,44.0,772.0,18.0,11.0,61.1,7.0,38.9,511.0,2364.0,1332.0,27.0,16.0,7.0,21.0,11.0,568.0,73.0,15:00:00,/en/matches/50ca8cbf/Monaco-Nimes-November-29-2020-Ligue-1
FRA-Ligue 1,2021,Monaco,2020-12-06 Lille-Monaco,2020-12-06,Matchweek 13,Sun,Away,L,1,2,Lille,58,742.0,56.0,248.0,351.0,150.0,19.0,742.0,22.0,11.0,50.0,11.0,50.0,426.0,2027.0,955.0,22.0,11.0,6.0,16.0,10.0,519.0,55.0,13:00:00,/en/matches/5c353be0/Lille-Monaco-December-6-2020-Ligue-1
FRA-Ligue 1,2021,Monaco,2020-12-12 Marseille-Monaco,2020-12-12,Matchweek 14,Sat,Away,L,1,2,Marseille,61,720.0,48.0,168.0,388.0,174.0,20.0,719.0,19.0,10.0,52.6,9.0,47.4,377.0,1939.0,976.0,19.0,16.0,3.0,22.0,14.0,473.0,49.0,17:00:00,/en/matches/c82895c6/Marseille-Monaco-December-12-2020-Ligue-1
FRA-Ligue 1,2021,Monaco,2020-12-16 Monaco-Lens,2020-12-16,Matchweek 15,Wed,Home,L,0,3,Lens,32,445.0,40.0,167.0,213.0,70.0,12.0,445.0,19.0,10.0,52.6,9.0,47.4,221.0,1387.0,658.0,13.0,9.0,5.0,10.0,8.0,259.0,23.0,21:00:00,/en/matches/46790907/Monaco-Lens-December-16-2020-Ligue-1
FRA-Ligue 1,2021,Monaco,2020-12-20 Dijon-Monaco,2020-12-20,Matchweek 16,Sun,Away,W,1,0,Dijon,48,560.0,52.0,176.0,279.0,114.0,27.0,560.0,9.0,6.0,66.7,3.0,33.3,288.0,1506.0,814.0,19.0,11.0,5.0,17.0,8.0,345.0,51.0,15:00:00,/en/matches/627d98ea/Dijon-Monaco-December-20-2020-Ligue-1
FRA-Ligue 1,2021,Monaco,2020-12-23 Monaco-Saint-Étienne,2020-12-23,Matchweek 17,Wed,Home,D,2,2,Saint-Étienne,40,474.0,73.0,217.0,222.0,44.0,7.0,474.0,14.0,9.0,64.3,5.0,35.7,184.0,1014.0,356.0,4.0,3.0,0.0,13.0,4.0,245.0,17.0,21:00:00,/en/matches/b6b53a29/Monaco-Saint-Etienne-December-23-2020-Ligue-1
FRA-Ligue 1,2021,Monaco,2021-01-06 Lorient-Monaco,2021-01-06,Matchweek 18,Wed,Away,W,5,2,Lorient,59,736.0,52.0,191.0,346.0,201.0,34.0,736.0,13.0,8.0,61.5,5.0,38.5,362.0,2047.0,1130.0,20.0,21.0,4.0,23.0,6.0,514.0,52.0,19:00:00,/en/matches/fb3cebfb/Lorient-Monaco-January-6-2021-Ligue-1
FRA-Ligue 1,2021,Monaco,2021-01-09 Monaco-Angers,2021-01-09,Matchweek 19,Sat,Home,W,3,0,Angers,56,759.0,52.0,204.0,414.0,151.0,20.0,759.0,17.0,9.0,52.9,8.0,47.1,470.0,2057.0,1076.0,20.0,8.0,6.0,20.0,5.0,523.0,49.0,21:00:00,/en/matches/0b79b895/Monaco-Angers-January-9-2021-Ligue-1
FRA-Ligue 1,2021,Monaco,2021-01-15 Montpellier-Monaco,2021-01-15,Matchweek 20,Fri,Away,W,3,2,Montpellier,48,574.0,58.0,169.0,307.0,108.0,26.0,573.0,15.0,6.0,40.0,9.0,60.0,315.0,1768.0,868.0,19.0,14.0,3.0,11.0,3.0,319.0,35.0,21:00:00,/en/matches/e6f83f31/Montpellier-Monaco-January-15-2021-Ligue-1
FRA-Ligue 1,2021,Monaco,2021-01-23 Monaco-Marseille,2021-01-23,Matchweek 21,Sat,Home,W,3,1,Marseille,54,640.0,39.0,170.0,303.0,176.0,13.0,640.0,24.0,10.0,41.7,14.0,58.3,295.0,1899.0,1074.0,21.0,12.0,2.0,27.0,13.0,369.0,38.0,21:00:00,/en/matches/d54f636f/Monaco-Marseille-January-23-2021-Ligue-1
FRA-Ligue 1,2021,Monaco,2021-01-31 Nantes-Monaco,2021-01-31,Matchweek 22,Sun,Away,W,2,1,Nantes,67,785.0,58.0,184.0,426.0,181.0,21.0,785.0,20.0,12.0,60.0,8.0,40.0,373.0,1801.0,805.0,13.0,11.0,3.0,14.0,10.0,568.0,63.0,21:00:00,/en/matches/e1e4471a/Nantes-Monaco-January-31-2021-Ligue-1
FRA-Ligue 1,2021,Monaco,2021-02-03 Monaco-Nice,2021-02-03,Matchweek 23,Wed,Home,W,2,1,Nice,42,522.0,50.0,142.0,268.0,121.0,27.0,521.0,11.0,10.0,90.9,1.0,9.1,295.0,1407.0,810.0,14.0,7.0,3.0,11.0,4.0,311.0,27.0,21:00:00,/en/matches/e3256b4e/Monaco-Nice-February-3-2021-Ligue-1
FRA-Ligue 1,2021,Monaco,2021-02-07 Nîmes-Monaco,2021-02-07,Matchweek 24,Sun,Away,W,4,3,Nîmes,56,681.0,42.0,187.0,366.0,130.0,23.0,681.0,23.0,9.0,39.1,14.0,60.9,428.0,1930.0,980.0,20.0,14.0,6.0,13.0,9.0,477.0,33.0,15:00:00,/en/matches/56b1c227/Nimes-Monaco-February-7-2021-Ligue-1
FRA-Ligue 1,2021,Monaco,2021-02-14 Monaco-Lorient,2021-02-14,Matchweek 25,Sun,Home,D,2,2,Lorient,70,886.0,24.0,137.0,510.0,244.0,35.0,885.0,11.0,7.0,63.6,4.0,36.4,548.0,3136.0,1840.0,32.0,24.0,2.0,17.0,12.0,656.0,67.0,13:00:00,/en/matches/6c45a288/Monaco-Lorient-February-14-2021-Ligue-1
FRA-Ligue 1,2021,Monaco,2021-02-21 Paris S-G-Monaco,2021-02-21,Matchweek 26,Sun,Away,W,2,0,Paris S-G,26,409.0,64.0,192.0,147.0,77.0,16.0,409.0,9.0,4.0,44.4,5.0,55.6,213.0,904.0,313.0,5.0,4.0,1.0,14.0,7.0,206.0,14.0,21:00:00,/en/matches/6a139966/Paris-Saint-Germain-Monaco-February-21-2021-Ligue-1
FRA-Ligue 1,2021,Monaco,2021-02-28 Monaco-Brest,2021-02-28,Matchweek 27,Sun,Home,W,2,0,Brest,63,834.0,35.0,162.0,455.0,221.0,31.0,833.0,14.0,5.0,35.7,9.0,64.3,491.0,2414.0,1355.0,27.0,18.0,5.0,12.0,8.0,631.0,79.0,13:00:00,/en/matches/b66eb412/Monaco-Brest-February-28-2021-Ligue-1
FRA-Ligue 1,2021,Monaco,2021-03-03 Strasbourg-Monaco,2021-03-03,Matchweek 28,Wed,Away,L,0,1,Strasbourg,62,734.0,60.0,235.0,365.0,140.0,15.0,734.0,16.0,7.0,43.8,9.0,56.3,324.0,2091.0,1239.0,13.0,9.0,1.0,21.0,7.0,471.0,37.0,21:00:00,/en/matches/6ec67dc8/Strasbourg-Monaco-March-3-2021-Ligue-1
FRA-Ligue 1,2021,Monaco,2021-03-14 Monaco-Lille,2021-03-14,Matchweek 29,Sun,Home,D,0,0,Lille,63,814.0,62.0,217.0,449.0,155.0,18.0,814.0,22.0,11.0,50.0,11.0,50.0,481.0,1969.0,1126.0,20.0,15.0,3.0,18.0,5.0,588.0,54.0,17:05:00,/en/matches/ae299f0e/Monaco-Lille-March-14-2021-Ligue-1
FRA-Ligue 1,2021,Monaco,2021-03-19 Saint-Étienne-Monaco,2021-03-19,Matchweek 30,Fri,Away,W,4,0,Saint-Étienne,59,756.0,67.0,206.0,402.0,159.0,26.0,755.0,20.0,13.0,65.0,7.0,35.0,368.0,2101.0,1075.0,25.0,16.0,9.0,22.0,5.0,514.0,52.0,21:00:00,/en/matches/78af4b5d/Saint-Etienne-Monaco-March-19-2021-Ligue-1
FRA-Ligue 1,2021,Monaco,2021-04-03 Monaco-Metz,2021-04-03,Matchweek 31,Sat,Home,W,4,0,Metz,61,638.0,48.0,179.0,323.0,141.0,30.0,636.0,21.0,12.0,57.1,9.0,42.9,377.0,1836.0,1101.0,23.0,14.0,7.0,9.0,7.0,455.0,53.0,13:00:00,/en/matches/11fdf91b/Monaco-Metz-April-3-2021-Ligue-1
FRA-Ligue 1,2021,Monaco,2021-04-11 Monaco-Dijon,2021-04-11,Matchweek 32,Sun,Home,W,3,0,Dijon,64,784.0,57.0,180.0,442.0,167.0,31.0,782.0,14.0,9.0,64.3,5.0,35.7,442.0,2192.0,1294.0,23.0,15.0,5.0,19.0,9.0,576.0,53.0,17:05:00,/en/matches/24d1a5c7/Monaco-Dijon-April-11-2021-Ligue-1
FRA-Ligue 1,2021,Monaco,2021-04-18 Bordeaux-Monaco,2021-04-18,Matchweek 33,Sun,Away,W,3,0,Bordeaux,59,756.0,48.0,195.0,356.0,214.0,32.0,756.0,17.0,12.0,70.6,5.0,29.4,491.0,2631.0,1403.0,28.0,32.0,3.0,11.0,12.0,541.0,50.0,17:05:00,/en/matches/1b271f46/Bordeaux-Monaco-April-18-2021-Ligue-1
FRA-Ligue 1,2021,Monaco,2021-04-25 Angers-Monaco,2021-04-25,Matchweek 34,Sun,Away,W,1,0,Angers,58,691.0,39.0,219.0,347.0,133.0,16.0,691.0,12.0,6.0,50.0,6.0,50.0,425.0,1900.0,983.0,17.0,10.0,3.0,18.0,7.0,468.0,39.0,17:05:00,/en/matches/d287f476/Angers-Monaco-April-25-2021-Ligue-1
FRA-Ligue 1,2021,Monaco,2021-05-02 Monaco-Lyon,2021-05-02,Matchweek 35,Sun,Home,L,2,3,Lyon,48,558.0,58.0,209.0,255.0,97.0,19.0,557.0,11.0,6.0,54.5,5.0,45.5,314.0,1263.0,655.0,18.0,6.0,4.0,13.0,5.0,339.0,29.0,21:00:00,/en/matches/27e1ab19/Monaco-Lyon-May-2-2021-Ligue-1
FRA-Ligue 1,2021,Monaco,2021-05-09 Reims-Monaco,2021-05-09,Matchweek 36,Sun,Away,W,1,0,Reims,60,782.0,65.0,205.0,443.0,144.0,17.0,782.0,9.0,6.0,66.7,3.0,33.3,435.0,2793.0,1612.0,25.0,19.0,0.0,20.0,5.0,596.0,41.0,17:05:00,/en/matches/8eec746c/Reims-Monaco-May-9-2021-Ligue-1
FRA-Ligue 1,2021,Monaco,2021-05-16 Monaco-Rennes,2021-05-16,Matchweek 37,Sun,Home,W,2,1,Rennes,40,536.0,70.0,190.0,267.0,83.0,19.0,536.0,11.0,6.0,54.5,5.0,45.5,291.0,1262.0,564.0,14.0,4.0,5.0,21.0,7.0,280.0,24.0,21:00:00,/en/matches/31247d59/Monaco-Rennes-May-16-2021-Ligue-1
FRA-Ligue 1,2021,Monaco,2021-05-23 Lens-Monaco,2021-05-23,Matchweek 38,Sun,Away,D,0,0,Lens,65,770.0,35.0,118.0,427.0,231.0,26.0,770.0,7.0,3.0,42.9,4.0,57.1,589.0,2457.0,1268.0,23.0,19.0,6.0,11.0,9.0,553.0,58.0,21:00:00,/en/matches/d8330dc2/Lens-Monaco-May-23-2021-Ligue-1
FRA-Ligue 1,2021,Montpellier,2020-08-29 Rennes-Montpellier,2020-08-29,Matchweek 2,Sat,Away,L,1,2,Rennes,35,435.0,48.0,152.0,198.0,90.0,11.0,435.0,18.0,9.0,50.0,9.0,50.0,223.0,1197.0,526.0,11.0,9.0,2.0,13.0,12.0,244.0,26.0,17:00:00,/en/matches/1ec60fe6/Rennes-Montpellier-August-29-2020-Ligue-1
FRA-Ligue 1,2021,Montpellier,2020-09-12 Montpellier-Nice,2020-09-12,Matchweek 3,Sat,Home,W,3,1,Nice,39,436.0,44.0,133.0,175.0,137.0,25.0,436.0,12.0,9.0,75.0,3.0,25.0,205.0,1114.0,557.0,14.0,16.0,4.0,14.0,7.0,241.0,29.0,17:00:00,/en/matches/e1ed5031/Montpellier-Nice-September-12-2020-Ligue-1
FRA-Ligue 1,2021,Montpellier,2020-09-15 Montpellier-Lyon,2020-09-15,Matchweek 1,Tue,Home,W,2,1,Lyon,44,545.0,63.0,173.0,270.0,106.0,12.0,544.0,10.0,4.0,40.0,6.0,60.0,327.0,1729.0,849.0,16.0,20.0,1.0,18.0,11.0,331.0,28.0,21:00:00,/en/matches/5581d486/Montpellier-Lyon-September-15-2020-Ligue-1
FRA-Ligue 1,2021,Montpellier,2020-09-20 Montpellier-Angers,2020-09-20,Matchweek 4,Sun,Home,W,4,1,Angers,50,660.0,28.0,150.0,328.0,187.0,20.0,660.0,19.0,9.0,47.4,10.0,52.6,392.0,1929.0,1060.0,24.0,17.0,4.0,14.0,16.0,462.0,52.0,15:00:00,/en/matches/14504cc6/Montpellier-Angers-September-20-2020-Ligue-1
FRA-Ligue 1,2021,Montpellier,2020-09-27 Dijon-Montpellier,2020-09-27,Matchweek 5,Sun,Away,D,2,2,Dijon,61,651.0,40.0,181.0,299.0,175.0,23.0,650.0,23.0,13.0,56.5,10.0,43.5,254.0,1449.0,767.0,13.0,15.0,3.0,15.0,11.0,423.0,54.0,15:00:00,/en/matches/d8bc5e5b/Dijon-Montpellier-September-27-2020-Ligue-1
FRA-Ligue 1,2021,Montpellier,2020-10-04 Montpellier-Nîmes,2020-10-04,Matchweek 6,Sun,Home,L,0,1,Nîmes,53,562.0,50.0,208.0,228.0,131.0,20.0,562.0,13.0,5.0,38.5,8.0,61.5,227.0,1499.0,880.0,18.0,8.0,3.0,8.0,5.0,325.0,36.0,13:00:00,/en/matches/d63bd80e/Montpellier-Nimes-October-4-2020-Ligue-1
FRA-Ligue 1,2021,Montpellier,2020-10-18 Monaco-Montpellier,2020-10-18,Matchweek 7,Sun,Away,D,1,1,Monaco,20,329.0,109.0,216.0,89.0,27.0,3.0,329.0,11.0,4.0,36.4,7.0,63.6,121.0,664.0,292.0,4.0,3.0,1.0,18.0,6.0,102.0,3.0,15:00:00,/en/matches/d9596cec/Monaco-Montpellier-October-18-2020-Ligue-1
FRA-Ligue 1,2021,Montpellier,2020-10-25 Montpellier-Reims,2020-10-25,Matchweek 8,Sun,Home,L,0,4,Reims,33,432.0,71.0,179.0,205.0,55.0,3.0,432.0,9.0,5.0,55.6,4.0,44.4,293.0,1442.0,694.0,5.0,6.0,0.0,12.0,10.0,275.0,21.0,15:00:00,/en/matches/395d1d43/Montpellier-Reims-October-25-2020-Ligue-1
FRA-Ligue 1,2021,Montpellier,2020-11-01 Saint-Étienne-Montpellier,2020-11-01,Matchweek 9,Sun,Away,W,1,0,Saint-Étienne,46,542.0,62.0,193.0,252.0,101.0,21.0,542.0,20.0,11.0,55.0,9.0,45.0,333.0,1559.0,748.0,14.0,11.0,4.0,13.0,8.0,344.0,24.0,13:00:00,/en/matches/780282ee/Saint-Etienne-Montpellier-November-1-2020-Ligue-1
FRA-Ligue 1,2021,Montpellier,2020-11-07 Bordeaux-Montpellier,2020-11-07,Matchweek 10,Sat,Away,W,2,0,Bordeaux,48,596.0,42.0,160.0,312.0,129.0,12.0,596.0,11.0,4.0,36.4,7.0,63.6,387.0,1735.0,890.0,16.0,12.0,5.0,15.0,4.0,410.0,44.0,17:00:00,/en/matches/0a398d60/Bordeaux-Montpellier-November-7-2020-Ligue-1
FRA-Ligue 1,2021,Montpellier,2020-11-22 Montpellier-Strasbourg,2020-11-22,Matchweek 11,Sun,Home,W,4,3,Strasbourg,57,640.0,55.0,189.0,307.0,147.0,29.0,640.0,15.0,10.0,66.7,5.0,33.3,343.0,2251.0,1246.0,25.0,15.0,8.0,13.0,5.0,436.0,47.0,15:00:00,/en/matches/f01e2c09/Montpellier-Strasbourg-November-22-2020-Ligue-1
FRA-Ligue 1,2021,Montpellier,2020-11-29 Lorient-Montpellier,2020-11-29,Matchweek 12,Sun,Away,W,1,0,Lorient,58,642.0,45.0,225.0,287.0,137.0,23.0,641.0,13.0,7.0,53.8,6.0,46.2,386.0,2021.0,954.0,16.0,13.0,4.0,15.0,9.0,428.0,40.0,15:00:00,/en/matches/5ede6719/Lorient-Montpellier-November-29-2020-Ligue-1
FRA-Ligue 1,2021,Montpellier,2020-12-05 Montpellier-Paris S-G,2020-12-05,Matchweek 13,Sat,Home,L,1,3,Paris S-G,35,522.0,57.0,192.0,225.0,111.0,19.0,522.0,22.0,11.0,50.0,11.0,50.0,200.0,1158.0,630.0,16.0,8.0,4.0,19.0,7.0,293.0,27.0,21:00:00,/en/matches/52a2e13f/Montpellier-Paris-Saint-Germain-December-5-2020-Ligue-1
FRA-Ligue 1,2021,Montpellier,2020-12-12 Lens-Montpellier,2020-12-12,Matchweek 14,Sat,Away,W,3,2,Lens,41,514.0,76.0,233.0,190.0,95.0,13.0,514.0,13.0,9.0,69.2,4.0,30.8,234.0,1142.0,567.0,12.0,5.0,1.0,16.0,12.0,287.0,31.0,21:00:00,/en/matches/85b566d3/Lens-Montpellier-December-12-2020-Ligue-1
FRA-Ligue 1,2021,Montpellier,2020-12-16 Montpellier-Metz,2020-12-16,Matchweek 15,Wed,Home,L,0,2,Metz,59,671.0,38.0,158.0,336.0,184.0,26.0,671.0,16.0,5.0,31.3,11.0,68.8,364.0,1793.0,922.0,22.0,13.0,5.0,18.0,4.0,454.0,54.0,19:00:00,/en/matches/d6277b7a/Montpellier-Metz-December-16-2020-Ligue-1
FRA-Ligue 1,2021,Montpellier,2020-12-20 Brest-Montpellier,2020-12-20,Matchweek 16,Sun,Away,D,2,2,Brest,45,567.0,54.0,192.0,258.0,122.0,14.0,567.0,9.0,7.0,77.8,2.0,22.2,346.0,1898.0,1085.0,18.0,15.0,3.0,10.0,3.0,394.0,47.0,13:00:00,/en/matches/354064d8/Brest-Montpellier-December-20-2020-Ligue-1
FRA-Ligue 1,2021,Montpellier,2020-12-23 Montpellier-Lille,2020-12-23,Matchweek 17,Wed,Home,L,2,3,Lille,47,551.0,44.0,169.0,238.0,150.0,28.0,551.0,13.0,7.0,53.8,6.0,46.2,329.0,1668.0,774.0,16.0,17.0,6.0,14.0,6.0,358.0,51.0,21:00:00,/en/matches/18198e56/Montpellier-Lille-December-23-2020-Ligue-1
FRA-Ligue 1,2021,Montpellier,2021-01-06 Marseille-Montpellier,2021-01-06,Matchweek 18,Wed,Away,L,1,3,Marseille,44,594.0,74.0,183.0,269.0,148.0,21.0,594.0,14.0,8.0,57.1,6.0,42.9,370.0,2246.0,1257.0,26.0,16.0,7.0,8.0,9.0,378.0,39.0,21:00:00,/en/matches/bf3df422/Marseille-Montpellier-January-6-2021-Ligue-1
FRA-Ligue 1,2021,Montpellier,2021-01-09 Montpellier-Nantes,2021-01-09,Matchweek 19,Sat,Home,D,1,1,Nantes,47,562.0,57.0,179.0,271.0,125.0,13.0,562.0,12.0,5.0,41.7,7.0,58.3,290.0,1533.0,700.0,11.0,12.0,0.0,14.0,5.0,375.0,45.0,21:00:00,/en/matches/6bcc912f/Montpellier-Nantes-January-9-2021-Ligue-1
FRA-Ligue 1,2021,Montpellier,2021-01-15 Montpellier-Monaco,2021-01-15,Matchweek 20,Fri,Home,L,2,3,Monaco,52,594.0,53.0,184.0,307.0,109.0,17.0,594.0,13.0,6.0,46.2,7.0,53.8,364.0,1503.0,729.0,15.0,10.0,4.0,20.0,16.0,359.0,30.0,21:00:00,/en/matches/e6f83f31/Montpellier-Monaco-January-15-2021-Ligue-1
FRA-Ligue 1,2021,Montpellier,2021-01-22 Paris S-G-Montpellier,2021-01-22,Matchweek 21,Fri,Away,L,0,4,Paris S-G,28,372.0,76.0,190.0,140.0,49.0,4.0,372.0,18.0,11.0,61.1,7.0,38.9,122.0,788.0,370.0,3.0,5.0,0.0,15.0,9.0,176.0,12.0,21:00:00,/en/matches/d47d95ab/Paris-Saint-Germain-Montpellier-January-22-2021-Ligue-1
FRA-Ligue 1,2021,Montpellier,2021-01-30 Montpellier-Lens,2021-01-30,Matchweek 22,Sat,Home,L,1,2,Lens,56,576.0,44.0,149.0,236.0,196.0,25.0,576.0,16.0,8.0,50.0,8.0,50.0,282.0,1664.0,914.0,16.0,6.0,3.0,16.0,8.0,358.0,42.0,17:00:00,/en/matches/93d96e5c/Montpellier-Lens-January-30-2021-Ligue-1
FRA-Ligue 1,2021,Montpellier,2021-02-03 Metz-Montpellier,2021-02-03,Matchweek 23,Wed,Away,D,1,1,Metz,55,601.0,57.0,169.0,281.0,155.0,17.0,601.0,18.0,9.0,50.0,9.0,50.0,397.0,2095.0,1082.0,24.0,12.0,2.0,23.0,1.0,394.0,29.0,19:00:00,/en/matches/d53b40e0/Metz-Montpellier-February-3-2021-Ligue-1
FRA-Ligue 1,2021,Montpellier,2021-02-07 Montpellier-Dijon,2021-02-07,Matchweek 24,Sun,Home,W,4,2,Dijon,59,632.0,43.0,134.0,307.0,195.0,42.0,632.0,15.0,7.0,46.7,8.0,53.3,383.0,2133.0,1068.0,25.0,18.0,5.0,16.0,3.0,429.0,54.0,15:00:00,/en/matches/0fdbe73d/Montpellier-Dijon-February-7-2021-Ligue-1
FRA-Ligue 1,2021,Montpellier,2021-02-13 Lyon-Montpellier,2021-02-13,Matchweek 25,Sat,Away,W,2,1,Lyon,45,567.0,79.0,218.0,242.0,111.0,19.0,567.0,18.0,9.0,50.0,9.0,50.0,313.0,1706.0,891.0,21.0,16.0,5.0,19.0,6.0,320.0,29.0,21:00:00,/en/matches/385da91b/Lyon-Montpellier-February-13-2021-Ligue-1
FRA-Ligue 1,2021,Montpellier,2021-02-21 Montpellier-Rennes,2021-02-21,Matchweek 26,Sun,Home,W,2,1,Rennes,35,460.0,62.0,187.0,185.0,94.0,17.0,459.0,20.0,12.0,60.0,8.0,40.0,281.0,1609.0,846.0,14.0,8.0,6.0,15.0,3.0,265.0,26.0,13:00:00,/en/matches/878465f3/Montpellier-Rennes-February-21-2021-Ligue-1
FRA-Ligue 1,2021,Montpellier,2021-02-28 Reims-Montpellier,2021-02-28,Matchweek 27,Sun,Away,D,0,0,Reims,43,518.0,80.0,207.0,203.0,115.0,16.0,518.0,15.0,6.0,40.0,9.0,60.0,286.0,1854.0,997.0,19.0,13.0,2.0,15.0,7.0,301.0,24.0,15:00:00,/en/matches/de4cb95e/Reims-Montpellier-February-28-2021-Ligue-1
FRA-Ligue 1,2021,Montpellier,2021-03-03 Montpellier-Lorient,2021-03-03,Matchweek 28,Wed,Home,D,1,1,Lorient,54,626.0,45.0,195.0,293.0,143.0,19.0,626.0,27.0,11.0,40.7,16.0,59.3,407.0,2011.0,991.0,17.0,14.0,3.0,16.0,13.0,430.0,34.0,21:00:00,/en/matches/eac797f8/Montpellier-Lorient-March-3-2021-Ligue-1
FRA-Ligue 1,2021,Montpellier,2021-03-14 Nîmes-Montpellier,2021-03-14,Matchweek 29,Sun,Away,D,1,1,Nîmes,61,601.0,54.0,163.0,274.0,174.0,27.0,601.0,16.0,6.0,37.5,10.0,62.5,298.0,1683.0,908.0,18.0,8.0,6.0,18.0,12.0,366.0,47.0,13:00:00,/en/matches/efcf3d10/Nimes-Montpellier-March-14-2021-Ligue-1
FRA-Ligue 1,2021,Montpellier,2021-03-21 Montpellier-Bordeaux,2021-03-21,Matchweek 30,Sun,Home,W,3,1,Bordeaux,44,547.0,47.0,153.0,246.0,157.0,32.0,547.0,19.0,13.0,68.4,6.0,31.6,349.0,1857.0,971.0,19.0,16.0,6.0,15.0,6.0,339.0,40.0,15:00:00,/en/matches/88e1ab36/Montpellier-Bordeaux-March-21-2021-Ligue-1
FRA-Ligue 1,2021,Montpellier,2021-04-04 Angers-Montpellier,2021-04-04,Matchweek 31,Sun,Away,D,1,1,Angers,38,512.0,55.0,185.0,230.0,104.0,13.0,512.0,16.0,7.0,43.8,9.0,56.3,281.0,1580.0,800.0,16.0,13.0,3.0,15.0,7.0,288.0,33.0,13:00:00,/en/matches/7a371bb9/Angers-Montpellier-April-4-2021-Ligue-1
FRA-Ligue 1,2021,Montpellier,2021-04-10 Montpellier-Marseille,2021-04-10,Matchweek 32,Sat,Home,D,3,3,Marseille,44,490.0,53.0,140.0,188.0,167.0,32.0,490.0,23.0,12.0,52.2,11.0,47.8,275.0,1568.0,821.0,22.0,15.0,7.0,13.0,4.0,280.0,35.0,21:00:00,/en/matches/9d336f48/Montpellier-Marseille-April-10-2021-Ligue-1
FRA-Ligue 1,2021,Montpellier,2021-04-16 Lille-Montpellier,2021-04-16,Matchweek 33,Fri,Away,D,1,1,Lille,37,537.0,89.0,239.0,234.0,73.0,13.0,537.0,13.0,4.0,30.8,9.0,69.2,332.0,1509.0,724.0,18.0,15.0,2.0,20.0,11.0,283.0,28.0,21:00:00,/en/matches/283e5426/Lille-Montpellier-April-16-2021-Ligue-1
FRA-Ligue 1,2021,Montpellier,2021-04-25 Nice-Montpellier,2021-04-25,Matchweek 34,Sun,Away,L,1,3,Nice,42,501.0,59.0,156.0,207.0,140.0,24.0,501.0,15.0,7.0,46.7,8.0,53.3,293.0,1457.0,832.0,19.0,16.0,3.0,15.0,8.0,283.0,37.0,13:00:00,/en/matches/5f5ddc93/Nice-Montpellier-April-25-2021-Ligue-1
FRA-Ligue 1,2021,Montpellier,2021-05-02 Montpellier-Saint-Étienne,2021-05-02,Matchweek 35,Sun,Home,L,1,2,Saint-Étienne,45,528.0,63.0,188.0,241.0,103.0,17.0,528.0,11.0,10.0,90.9,1.0,9.1,210.0,1196.0,628.0,13.0,9.0,0.0,16.0,7.0,298.0,26.0,17:05:00,/en/matches/ef0d8c13/Montpellier-Saint-Etienne-May-2-2021-Ligue-1
FRA-Ligue 1,2021,Montpellier,2021-05-09 Strasbourg-Montpellier,2021-05-09,Matchweek 36,Sun,Away,W,3,2,Strasbourg,43,494.0,69.0,195.0,211.0,92.0,13.0,494.0,9.0,4.0,44.4,5.0,55.6,241.0,1116.0,607.0,13.0,8.0,3.0,14.0,11.0,265.0,24.0,15:00:00,/en/matches/e63e3a7c/Strasbourg-Montpellier-May-9-2021-Ligue-1
FRA-Ligue 1,2021,Montpellier,2021-05-16 Montpellier-Brest,2021-05-16,Matchweek 37,Sun,Home,D,0,0,Brest,41,518.0,96.0,212.0,218.0,95.0,10.0,518.0,20.0,10.0,50.0,10.0,50.0,225.0,1367.0,820.0,14.0,13.0,2.0,19.0,6.0,294.0,28.0,21:00:00,/en/matches/07c26200/Montpellier-Brest-May-16-2021-Ligue-1
FRA-Ligue 1,2021,Montpellier,2021-05-23 Nantes-Montpellier,2021-05-23,Matchweek 38,Sun,Away,W,2,1,Nantes,51,567.0,90.0,221.0,253.0,98.0,14.0,566.0,12.0,5.0,41.7,7.0,58.3,353.0,1956.0,886.0,16.0,6.0,4.0,23.0,12.0,317.0,27.0,21:00:00,/en/matches/3a8d6a94/Nantes-Montpellier-May-23-2021-Ligue-1
FRA-Ligue 1,2021,Nantes,2020-08-21 Bordeaux-Nantes,2020-08-21,Matchweek 1,Fri,Away,D,0,0,Bordeaux,56,746.0,30.0,163.0,395.0,192.0,6.0,746.0,13.0,5.0,38.5,8.0,61.5,425.0,2494.0,1453.0,37.0,20.0,4.0,12.0,6.0,568.0,63.0,19:00:00,/en/matches/c0996cac/Bordeaux-Nantes-August-21-2020-Ligue-1
FRA-Ligue 1,2021,Nantes,2020-08-30 Nantes-Nîmes,2020-08-30,Matchweek 2,Sun,Home,W,2,1,Nîmes,33,436.0,70.0,206.0,174.0,62.0,12.0,435.0,12.0,2.0,16.7,10.0,83.3,209.0,1239.0,743.0,18.0,7.0,5.0,13.0,1.0,187.0,18.0,15:00:00,/en/matches/ba09751a/Nantes-Nimes-August-30-2020-Ligue-1
FRA-Ligue 1,2021,Nantes,2020-09-13 Monaco-Nantes,2020-09-13,Matchweek 3,Sun,Away,L,1,2,Monaco,43,578.0,67.0,165.0,324.0,92.0,19.0,578.0,19.0,9.0,47.4,10.0,52.6,342.0,1711.0,930.0,20.0,14.0,4.0,14.0,17.0,363.0,43.0,17:00:00,/en/matches/13159177/Monaco-Nantes-September-13-2020-Ligue-1
FRA-Ligue 1,2021,Nantes,2020-09-20 Nantes-Saint-Étienne,2020-09-20,Matchweek 4,Sun,Home,D,2,2,Saint-Étienne,57,618.0,29.0,132.0,297.0,192.0,30.0,618.0,18.0,11.0,61.1,7.0,38.9,376.0,1985.0,903.0,19.0,15.0,3.0,15.0,15.0,400.0,52.0,17:00:00,/en/matches/6c304bd5/Nantes-Saint-Etienne-September-20-2020-Ligue-1
FRA-Ligue 1,2021,Nantes,2020-09-25 Lille-Nantes,2020-09-25,Matchweek 5,Fri,Away,L,0,2,Lille,46,585.0,51.0,178.0,285.0,127.0,17.0,585.0,23.0,13.0,56.5,10.0,43.5,325.0,1558.0,768.0,22.0,11.0,5.0,18.0,16.0,333.0,31.0,21:00:00,/en/matches/896d1952/Lille-Nantes-September-25-2020-Ligue-1
FRA-Ligue 1,2021,Nantes,2020-10-03 Nice-Nantes,2020-10-03,Matchweek 6,Sat,Away,L,1,2,Nice,27,412.0,77.0,185.0,175.0,60.0,13.0,411.0,18.0,14.0,77.8,4.0,22.2,214.0,1256.0,721.0,14.0,13.0,5.0,9.0,11.0,212.0,20.0,21:00:00,/en/matches/7f804f72/Nice-Nantes-October-3-2020-Ligue-1
FRA-Ligue 1,2021,Nantes,2020-10-18 Nantes-Brest,2020-10-18,Matchweek 7,Sun,Home,W,3,1,Brest,40,486.0,49.0,126.0,251.0,115.0,17.0,486.0,22.0,14.0,63.6,8.0,36.4,213.0,1185.0,615.0,15.0,13.0,6.0,20.0,9.0,260.0,30.0,15:00:00,/en/matches/5c2b565a/Nantes-Brest-October-18-2020-Ligue-1
FRA-Ligue 1,2021,Nantes,2020-10-31 Nantes-Paris S-G,2020-10-31,Matchweek 9,Sat,Home,L,0,3,Paris S-G,37,539.0,66.0,205.0,266.0,73.0,8.0,538.0,19.0,15.0,78.9,4.0,21.1,253.0,1379.0,677.0,17.0,9.0,6.0,12.0,8.0,368.0,25.0,21:00:00,/en/matches/5926e115/Nantes-Paris-Saint-Germain-October-31-2020-Ligue-1
FRA-Ligue 1,2021,Nantes,2020-11-08 Lorient-Nantes,2020-11-08,Matchweek 10,Sun,Away,W,2,0,Lorient,52,610.0,44.0,162.0,317.0,138.0,12.0,610.0,16.0,10.0,62.5,6.0,37.5,286.0,1524.0,790.0,24.0,18.0,4.0,16.0,16.0,359.0,45.0,15:00:00,/en/matches/c878186f/Lorient-Nantes-November-8-2020-Ligue-1
FRA-Ligue 1,2021,Nantes,2020-11-22 Nantes-Metz,2020-11-22,Matchweek 11,Sun,Home,D,1,1,Metz,66,743.0,61.0,194.0,356.0,198.0,36.0,743.0,29.0,16.0,55.2,13.0,44.8,404.0,2494.0,1223.0,25.0,11.0,10.0,14.0,13.0,517.0,59.0,13:00:00,/en/matches/20aca344/Nantes-Metz-November-22-2020-Ligue-1
FRA-Ligue 1,2021,Nantes,2020-11-25 Lens-Nantes,2020-11-25,Matchweek 8,Wed,Away,D,1,1,Lens,51,606.0,50.0,173.0,331.0,107.0,19.0,605.0,23.0,16.0,69.6,7.0,30.4,381.0,1700.0,704.0,13.0,5.0,4.0,19.0,16.0,373.0,28.0,19:00:00,/en/matches/fa32e765/Lens-Nantes-November-25-2020-Ligue-1
FRA-Ligue 1,2021,Nantes,2020-11-28 Marseille-Nantes,2020-11-28,Matchweek 12,Sat,Away,L,1,3,Marseille,43,505.0,57.0,160.0,263.0,86.0,9.0,505.0,24.0,11.0,45.8,13.0,54.2,207.0,1325.0,503.0,12.0,6.0,3.0,13.0,8.0,303.0,35.0,17:00:00,/en/matches/9ade19b5/Marseille-Nantes-November-28-2020-Ligue-1
FRA-Ligue 1,2021,Nantes,2020-12-06 Nantes-Strasbourg,2020-12-06,Matchweek 13,Sun,Home,L,0,4,Strasbourg,62,713.0,38.0,137.0,438.0,143.0,20.0,713.0,21.0,8.0,38.1,13.0,61.9,528.0,2360.0,1112.0,23.0,13.0,4.0,12.0,3.0,513.0,58.0,15:00:00,/en/matches/f800ad57/Nantes-Strasbourg-December-6-2020-Ligue-1
FRA-Ligue 1,2021,Nantes,2020-12-13 Nantes-Dijon,2020-12-13,Matchweek 14,Sun,Home,D,1,1,Dijon,38,513.0,59.0,180.0,253.0,86.0,23.0,512.0,11.0,6.0,54.5,5.0,45.5,238.0,1055.0,576.0,21.0,8.0,5.0,8.0,5.0,255.0,32.0,15:00:00,/en/matches/fdd2cb11/Nantes-Dijon-December-13-2020-Ligue-1
FRA-Ligue 1,2021,Nantes,2020-12-16 Reims-Nantes,2020-12-16,Matchweek 15,Wed,Away,L,2,3,Reims,54,635.0,44.0,148.0,309.0,184.0,25.0,635.0,19.0,14.0,73.7,5.0,26.3,280.0,1684.0,922.0,23.0,18.0,7.0,16.0,13.0,403.0,42.0,19:00:00,/en/matches/5e8e99fa/Reims-Nantes-December-16-2020-Ligue-1
FRA-Ligue 1,2021,Nantes,2020-12-20 Nantes-Angers,2020-12-20,Matchweek 16,Sun,Home,D,1,1,Angers,60,766.0,64.0,255.0,352.0,165.0,15.0,766.0,20.0,13.0,65.0,7.0,35.0,396.0,1890.0,1089.0,27.0,12.0,1.0,29.0,12.0,489.0,49.0,15:00:00,/en/matches/da22205e/Nantes-Angers-December-20-2020-Ligue-1
FRA-Ligue 1,2021,Nantes,2020-12-23 Lyon-Nantes,2020-12-23,Matchweek 17,Wed,Away,L,0,3,Lyon,36,521.0,64.0,176.0,257.0,95.0,25.0,521.0,11.0,5.0,45.5,6.0,54.5,294.0,1647.0,779.0,21.0,16.0,7.0,20.0,4.0,303.0,26.0,21:00:00,/en/matches/9cd0e1eb/Lyon-Nantes-December-23-2020-Ligue-1
FRA-Ligue 1,2021,Nantes,2021-01-06 Nantes-Rennes,2021-01-06,Matchweek 18,Wed,Home,D,0,0,Rennes,28,443.0,60.0,148.0,196.0,101.0,11.0,443.0,12.0,7.0,58.3,5.0,41.7,238.0,1203.0,630.0,9.0,9.0,3.0,12.0,3.0,234.0,29.0,19:00:00,/en/matches/251197e6/Nantes-Rennes-January-6-2021-Ligue-1
FRA-Ligue 1,2021,Nantes,2021-01-09 Montpellier-Nantes,2021-01-09,Matchweek 19,Sat,Away,D,1,1,Montpellier,53,617.0,45.0,122.0,351.0,158.0,11.0,617.0,18.0,12.0,66.7,6.0,33.3,387.0,2332.0,1221.0,16.0,23.0,2.0,16.0,5.0,435.0,38.0,21:00:00,/en/matches/6bcc912f/Montpellier-Nantes-January-9-2021-Ligue-1
FRA-Ligue 1,2021,Nantes,2021-01-17 Nantes-Lens,2021-01-17,Matchweek 20,Sun,Home,D,1,1,Lens,41,498.0,57.0,149.0,244.0,110.0,11.0,497.0,12.0,6.0,50.0,6.0,50.0,223.0,1234.0,662.0,13.0,14.0,5.0,7.0,10.0,266.0,29.0,15:00:00,/en/matches/f44eea60/Nantes-Lens-January-17-2021-Ligue-1
FRA-Ligue 1,2021,Nantes,2021-01-24 Metz-Nantes,2021-01-24,Matchweek 21,Sun,Away,L,0,2,Metz,57,601.0,38.0,144.0,330.0,135.0,18.0,601.0,20.0,9.0,45.0,11.0,55.0,378.0,2374.0,1161.0,21.0,9.0,2.0,12.0,13.0,409.0,38.0,15:00:00,/en/matches/43511ac5/Metz-Nantes-January-24-2021-Ligue-1
FRA-Ligue 1,2021,Nantes,2021-01-31 Nantes-Monaco,2021-01-31,Matchweek 22,Sun,Home,L,1,2,Monaco,33,463.0,62.0,201.0,192.0,73.0,10.0,463.0,17.0,7.0,41.2,10.0,58.8,223.0,1288.0,582.0,7.0,8.0,2.0,19.0,10.0,229.0,26.0,21:00:00,/en/matches/e1e4471a/Nantes-Monaco-January-31-2021-Ligue-1
FRA-Ligue 1,2021,Nantes,2021-02-03 Saint-Étienne-Nantes,2021-02-03,Matchweek 23,Wed,Away,D,1,1,Saint-Étienne,50,529.0,44.0,129.0,276.0,127.0,18.0,529.0,19.0,7.0,36.8,12.0,63.2,277.0,1492.0,831.0,21.0,12.0,4.0,16.0,5.0,296.0,41.0,21:00:00,/en/matches/aa148f1a/Saint-Etienne-Nantes-February-3-2021-Ligue-1
FRA-Ligue 1,2021,Nantes,2021-02-07 Nantes-Lille,2021-02-07,Matchweek 24,Sun,Home,L,0,2,Lille,44,572.0,58.0,232.0,259.0,84.0,11.0,572.0,13.0,7.0,53.8,6.0,46.2,209.0,894.0,328.0,5.0,7.0,2.0,21.0,7.0,340.0,24.0,17:00:00,/en/matches/45c836f2/Nantes-Lille-February-7-2021-Ligue-1
FRA-Ligue 1,2021,Nantes,2021-02-14 Angers-Nantes,2021-02-14,Matchweek 25,Sun,Away,W,3,1,Angers,35,441.0,51.0,167.0,204.0,75.0,10.0,440.0,19.0,13.0,68.4,6.0,31.6,208.0,1097.0,533.0,11.0,8.0,4.0,19.0,3.0,211.0,19.0,15:00:00,/en/matches/381b127f/Angers-Nantes-February-14-2021-Ligue-1
FRA-Ligue 1,2021,Nantes,2021-02-20 Nantes-Marseille,2021-02-20,Matchweek 26,Sat,Home,D,1,1,Marseille,35,448.0,34.0,129.0,220.0,104.0,9.0,448.0,8.0,4.0,50.0,4.0,50.0,166.0,922.0,380.0,10.0,9.0,3.0,15.0,11.0,212.0,27.0,17:00:00,/en/matches/06e21793/Nantes-Marseille-February-20-2021-Ligue-1
FRA-Ligue 1,2021,Nantes,2021-02-28 Nîmes-Nantes,2021-02-28,Matchweek 27,Sun,Away,D,1,1,Nîmes,40,495.0,38.0,144.0,221.0,139.0,21.0,495.0,19.0,11.0,57.9,8.0,42.1,240.0,1181.0,566.0,13.0,10.0,4.0,25.0,11.0,238.0,29.0,15:00:00,/en/matches/4ea6c51e/Nimes-Nantes-February-28-2021-Ligue-1
FRA-Ligue 1,2021,Nantes,2021-03-03 Nantes-Reims,2021-03-03,Matchweek 28,Wed,Home,L,1,2,Reims,49,578.0,36.0,155.0,284.0,147.0,14.0,578.0,18.0,9.0,50.0,9.0,50.0,311.0,1422.0,647.0,15.0,15.0,5.0,25.0,18.0,328.0,38.0,21:00:00,/en/matches/c7731977/Nantes-Reims-March-3-2021-Ligue-1
FRA-Ligue 1,2021,Nantes,2021-03-14 Paris S-G-Nantes,2021-03-14,Matchweek 29,Sun,Away,W,2,1,Paris S-G,27,378.0,46.0,145.0,155.0,84.0,14.0,378.0,12.0,7.0,58.3,5.0,41.7,197.0,958.0,508.0,16.0,10.0,8.0,14.0,9.0,191.0,14.0,21:00:00,/en/matches/70b2cb0c/Paris-Saint-Germain-Nantes-March-14-2021-Ligue-1
FRA-Ligue 1,2021,Nantes,2021-03-21 Nantes-Lorient,2021-03-21,Matchweek 30,Sun,Home,D,1,1,Lorient,37,513.0,54.0,186.0,197.0,134.0,21.0,513.0,17.0,9.0,52.9,8.0,47.1,224.0,1074.0,501.0,10.0,6.0,4.0,21.0,1.0,273.0,28.0,15:00:00,/en/matches/3b1c6bf8/Nantes-Lorient-March-21-2021-Ligue-1
FRA-Ligue 1,2021,Nantes,2021-04-04 Nantes-Nice,2021-04-04,Matchweek 31,Sun,Home,L,1,2,Nice,50,584.0,62.0,145.0,270.0,176.0,28.0,584.0,22.0,16.0,72.7,6.0,27.3,371.0,1680.0,829.0,19.0,16.0,10.0,12.0,13.0,365.0,38.0,15:00:00,/en/matches/28d288f4/Nantes-Nice-April-4-2021-Ligue-1
FRA-Ligue 1,2021,Nantes,2021-04-11 Rennes-Nantes,2021-04-11,Matchweek 32,Sun,Away,L,0,1,Rennes,36,513.0,41.0,158.0,244.0,118.0,13.0,513.0,31.0,14.0,45.2,17.0,54.8,257.0,1307.0,633.0,15.0,11.0,4.0,16.0,6.0,284.0,30.0,13:00:00,/en/matches/f48ef301/Rennes-Nantes-April-11-2021-Ligue-1
FRA-Ligue 1,2021,Nantes,2021-04-18 Nantes-Lyon,2021-04-18,Matchweek 33,Sun,Home,L,1,2,Lyon,49,648.0,59.0,166.0,287.0,200.0,27.0,648.0,21.0,14.0,66.7,7.0,33.3,369.0,1767.0,832.0,16.0,19.0,8.0,28.0,11.0,394.0,50.0,21:00:00,/en/matches/a2b60b56/Nantes-Lyon-April-18-2021-Ligue-1
FRA-Ligue 1,2021,Nantes,2021-04-25 Strasbourg-Nantes,2021-04-25,Matchweek 34,Sun,Away,W,2,1,Strasbourg,36,456.0,57.0,153.0,184.0,124.0,16.0,456.0,17.0,9.0,52.9,8.0,47.1,201.0,1062.0,574.0,14.0,15.0,6.0,17.0,14.0,200.0,28.0,15:00:00,/en/matches/05a44d64/Strasbourg-Nantes-April-25-2021-Ligue-1
FRA-Ligue 1,2021,Nantes,2021-05-02 Brest-Nantes,2021-05-02,Matchweek 35,Sun,Away,W,4,1,Brest,41,562.0,58.0,190.0,241.0,139.0,25.0,561.0,19.0,9.0,47.4,10.0,52.6,242.0,1228.0,520.0,15.0,8.0,5.0,16.0,5.0,321.0,37.0,15:00:00,/en/matches/8f7e3219/Brest-Nantes-May-2-2021-Ligue-1
FRA-Ligue 1,2021,Nantes,2021-05-08 Nantes-Bordeaux,2021-05-08,Matchweek 36,Sat,Home,W,3,0,Bordeaux,49,566.0,49.0,119.0,277.0,175.0,19.0,565.0,16.0,7.0,43.8,9.0,56.3,297.0,1335.0,682.0,16.0,13.0,6.0,17.0,7.0,315.0,39.0,13:00:00,/en/matches/a81bdb2c/Nantes-Bordeaux-May-8-2021-Ligue-1
FRA-Ligue 1,2021,Nantes,2021-05-16 Dijon-Nantes,2021-05-16,Matchweek 37,Sun,Away,W,4,0,Dijon,29,424.0,47.0,127.0,193.0,111.0,19.0,424.0,11.0,8.0,72.7,3.0,27.3,176.0,1041.0,560.0,18.0,5.0,6.0,17.0,15.0,202.0,23.0,21:00:00,/en/matches/5b0be36c/Dijon-Nantes-May-16-2021-Ligue-1
FRA-Ligue 1,2021,Nantes,2021-05-23 Nantes-Montpellier,2021-05-23,Matchweek 38,Sun,Home,L,1,2,Montpellier,49,527.0,33.0,93.0,265.0,177.0,34.0,527.0,19.0,11.0,57.9,8.0,42.1,328.0,2109.0,909.0,25.0,23.0,6.0,15.0,17.0,298.0,61.0,21:00:00,/en/matches/3a8d6a94/Nantes-Montpellier-May-23-2021-Ligue-1
FRA-Ligue 1,2021,Nice,2020-08-23 Nice-Lens,2020-08-23,Matchweek 1,Sun,Home,W,2,1,Lens,57,631.0,74.0,241.0,329.0,64.0,9.0,631.0,9.0,8.0,88.9,1.0,11.1,421.0,2333.0,1227.0,26.0,10.0,4.0,19.0,5.0,457.0,19.0,17:00:00,/en/matches/b08ae3b2/Nice-Lens-August-23-2020-Ligue-1
FRA-Ligue 1,2021,Nice,2020-08-29 Strasbourg-Nice,2020-08-29,Matchweek 2,Sat,Away,W,2,0,Strasbourg,55,695.0,74.0,235.0,384.0,84.0,7.0,694.0,16.0,13.0,81.3,3.0,18.8,450.0,2319.0,1299.0,21.0,13.0,2.0,13.0,7.0,511.0,30.0,21:00:00,/en/matches/a271affc/Strasbourg-Nice-August-29-2020-Ligue-1
FRA-Ligue 1,2021,Nice,2020-09-12 Montpellier-Nice,2020-09-12,Matchweek 3,Sat,Away,L,1,3,Montpellier,61,633.0,61.0,174.0,350.0,115.0,10.0,633.0,13.0,8.0,61.5,5.0,38.5,376.0,2238.0,1271.0,25.0,16.0,2.0,16.0,8.0,435.0,28.0,17:00:00,/en/matches/e1ed5031/Montpellier-Nice-September-12-2020-Ligue-1
FRA-Ligue 1,2021,Nice,2020-09-20 Nice-Paris S-G,2020-09-20,Matchweek 4,Sun,Home,L,0,3,Paris S-G,50,674.0,99.0,275.0,250.0,155.0,16.0,674.0,19.0,12.0,63.2,7.0,36.8,346.0,2337.0,1472.0,32.0,20.0,6.0,11.0,7.0,525.0,40.0,13:00:00,/en/matches/6033dd94/Nice-Paris-Saint-Germain-September-20-2020-Ligue-1
FRA-Ligue 1,2021,Nice,2020-09-27 Bordeaux-Nice,2020-09-27,Matchweek 5,Sun,Away,D,0,0,Bordeaux,54,704.0,73.0,223.0,341.0,148.0,20.0,704.0,21.0,11.0,52.4,10.0,47.6,452.0,2793.0,1660.0,28.0,14.0,5.0,10.0,7.0,501.0,56.0,13:00:00,/en/matches/37c68582/Bordeaux-Nice-September-27-2020-Ligue-1
FRA-Ligue 1,2021,Nice,2020-10-03 Nice-Nantes,2020-10-03,Matchweek 6,Sat,Home,W,2,1,Nantes,73,931.0,46.0,180.0,503.0,251.0,32.0,931.0,29.0,15.0,51.7,14.0,48.3,583.0,3228.0,1766.0,28.0,22.0,8.0,19.0,4.0,713.0,74.0,21:00:00,/en/matches/7f804f72/Nice-Nantes-October-3-2020-Ligue-1
FRA-Ligue 1,2021,Nice,2020-10-18 Saint-Étienne-Nice,2020-10-18,Matchweek 7,Sun,Away,W,3,1,Saint-Étienne,54,681.0,94.0,322.0,261.0,101.0,16.0,681.0,22.0,15.0,68.2,7.0,31.8,421.0,1901.0,929.0,20.0,9.0,2.0,18.0,11.0,454.0,22.0,17:00:00,/en/matches/bf718082/Saint-Etienne-Nice-October-18-2020-Ligue-1
FRA-Ligue 1,2021,Nice,2020-10-25 Nice-Lille,2020-10-25,Matchweek 8,Sun,Home,D,1,1,Lille,53,669.0,57.0,231.0,342.0,102.0,14.0,669.0,20.0,12.0,60.0,8.0,40.0,460.0,2003.0,934.0,15.0,13.0,3.0,13.0,7.0,507.0,25.0,17:00:00,/en/matches/fe7339cb/Nice-Lille-October-25-2020-Ligue-1
FRA-Ligue 1,2021,Nice,2020-11-01 Angers-Nice,2020-11-01,Matchweek 9,Sun,Away,W,3,0,Angers,48,623.0,88.0,263.0,271.0,93.0,21.0,622.0,27.0,15.0,55.6,12.0,44.4,407.0,2082.0,917.0,11.0,13.0,3.0,17.0,10.0,405.0,33.0,15:00:00,/en/matches/3f3f4cf5/Angers-Nice-November-1-2020-Ligue-1
FRA-Ligue 1,2021,Nice,2020-11-08 Nice-Monaco,2020-11-08,Matchweek 10,Sun,Home,L,1,2,Monaco,63,743.0,56.0,214.0,415.0,127.0,11.0,743.0,26.0,17.0,65.4,9.0,34.6,518.0,2323.0,1221.0,26.0,22.0,4.0,16.0,14.0,541.0,43.0,17:00:00,/en/matches/6f942c22/Nice-Monaco-November-8-2020-Ligue-1
FRA-Ligue 1,2021,Nice,2020-11-29 Nice-Dijon,2020-11-29,Matchweek 12,Sun,Home,L,1,3,Dijon,61,796.0,39.0,171.0,442.0,189.0,44.0,795.0,26.0,15.0,57.7,11.0,42.3,490.0,2603.0,1455.0,18.0,16.0,4.0,24.0,4.0,561.0,55.0,17:00:00,/en/matches/01d18727/Nice-Dijon-November-29-2020-Ligue-1
FRA-Ligue 1,2021,Nice,2020-12-06 Reims-Nice,2020-12-06,Matchweek 13,Sun,Away,D,0,0,Reims,65,805.0,80.0,287.0,386.0,136.0,19.0,805.0,19.0,13.0,68.4,6.0,31.6,525.0,2432.0,1181.0,20.0,13.0,5.0,19.0,10.0,566.0,40.0,17:00:00,/en/matches/bbfbe923/Reims-Nice-December-6-2020-Ligue-1
FRA-Ligue 1,2021,Nice,2020-12-13 Nice-Rennes,2020-12-13,Matchweek 14,Sun,Home,L,0,1,Rennes,54,684.0,58.0,171.0,370.0,149.0,22.0,684.0,15.0,9.0,60.0,6.0,40.0,476.0,2575.0,1389.0,24.0,16.0,3.0,15.0,16.0,492.0,51.0,13:00:00,/en/matches/5c4cfd00/Nice-Rennes-December-13-2020-Ligue-1
FRA-Ligue 1,2021,Nice,2020-12-16 Nîmes-Nice,2020-12-16,Matchweek 15,Wed,Away,W,2,0,Nîmes,55,667.0,57.0,231.0,312.0,130.0,29.0,667.0,20.0,11.0,55.0,9.0,45.0,450.0,2256.0,1275.0,18.0,14.0,8.0,17.0,12.0,479.0,54.0,19:00:00,/en/matches/f4381a49/Nimes-Nice-December-16-2020-Ligue-1
FRA-Ligue 1,2021,Nice,2020-12-19 Nice-Lyon,2020-12-19,Matchweek 16,Sat,Home,L,1,4,Lyon,55,729.0,47.0,176.0,379.0,176.0,23.0,729.0,18.0,7.0,38.9,11.0,61.1,436.0,2470.0,1315.0,20.0,12.0,3.0,19.0,17.0,552.0,68.0,21:00:00,/en/matches/03613921/Nice-Lyon-December-19-2020-Ligue-1
FRA-Ligue 1,2021,Nice,2020-12-23 Nice-Lorient,2020-12-23,Matchweek 17,Wed,Home,D,2,2,Lorient,43,561.0,96.0,303.0,211.0,53.0,3.0,561.0,17.0,11.0,64.7,6.0,35.3,297.0,1603.0,916.0,11.0,7.0,1.0,7.0,12.0,386.0,11.0,19:00:00,/en/matches/e8fea7ca/Nice-Lorient-December-23-2020-Ligue-1
FRA-Ligue 1,2021,Nice,2021-01-06 Brest-Nice,2021-01-06,Matchweek 18,Wed,Away,L,0,2,Brest,61,798.0,60.0,201.0,380.0,223.0,24.0,798.0,16.0,7.0,43.8,9.0,56.3,458.0,2481.0,1253.0,28.0,15.0,4.0,27.0,7.0,576.0,75.0,19:00:00,/en/matches/87a4ca5c/Brest-Nice-January-6-2021-Ligue-1
FRA-Ligue 1,2021,Nice,2021-01-09 Metz-Nice,2021-01-09,Matchweek 19,Sat,Away,D,1,1,Metz,56,667.0,57.0,178.0,374.0,119.0,16.0,666.0,14.0,8.0,57.1,6.0,42.9,332.0,1938.0,1127.0,15.0,10.0,3.0,19.0,8.0,441.0,39.0,21:00:00,/en/matches/4004356c/Metz-Nice-January-9-2021-Ligue-1
FRA-Ligue 1,2021,Nice,2021-01-17 Nice-Bordeaux,2021-01-17,Matchweek 20,Sun,Home,L,0,3,Bordeaux,50,598.0,69.0,178.0,285.0,138.0,14.0,598.0,16.0,9.0,56.3,7.0,43.8,246.0,1858.0,1253.0,26.0,8.0,2.0,15.0,6.0,412.0,46.0,15:00:00,/en/matches/b5d02e7e/Nice-Bordeaux-January-17-2021-Ligue-1
FRA-Ligue 1,2021,Nice,2021-01-23 Lens-Nice,2021-01-23,Matchweek 21,Sat,Away,W,1,0,Lens,45,581.0,74.0,231.0,253.0,102.0,11.0,581.0,6.0,2.0,33.3,4.0,66.7,295.0,1681.0,877.0,10.0,12.0,3.0,19.0,9.0,353.0,25.0,17:00:00,/en/matches/f3f0a09c/Lens-Nice-January-23-2021-Ligue-1
FRA-Ligue 1,2021,Nice,2021-01-31 Nice-Saint-Étienne,2021-01-31,Matchweek 22,Sun,Home,L,0,1,Saint-Étienne,46,567.0,81.0,243.0,262.0,66.0,9.0,567.0,12.0,5.0,41.7,7.0,58.3,270.0,1785.0,1056.0,14.0,7.0,1.0,22.0,15.0,388.0,30.0,13:00:00,/en/matches/35e70807/Nice-Saint-Etienne-January-31-2021-Ligue-1
FRA-Ligue 1,2021,Nice,2021-02-03 Monaco-Nice,2021-02-03,Matchweek 23,Wed,Away,L,1,2,Monaco,58,679.0,63.0,247.0,345.0,92.0,8.0,679.0,17.0,9.0,52.9,8.0,47.1,423.0,1717.0,837.0,9.0,6.0,2.0,20.0,13.0,484.0,36.0,21:00:00,/en/matches/e3256b4e/Monaco-Nice-February-3-2021-Ligue-1
FRA-Ligue 1,2021,Nice,2021-02-07 Nice-Angers,2021-02-07,Matchweek 24,Sun,Home,W,3,0,Angers,51,653.0,78.0,246.0,295.0,122.0,18.0,653.0,27.0,15.0,55.6,12.0,44.4,394.0,2099.0,995.0,20.0,17.0,7.0,11.0,8.0,440.0,33.0,15:00:00,/en/matches/690017a7/Nice-Angers-February-7-2021-Ligue-1
FRA-Ligue 1,2021,Nice,2021-02-13 Paris S-G-Nice,2021-02-13,Matchweek 25,Sat,Away,L,1,2,Paris S-G,45,627.0,81.0,245.0,265.0,125.0,21.0,627.0,20.0,15.0,75.0,5.0,25.0,425.0,2599.0,1483.0,25.0,9.0,7.0,19.0,10.0,456.0,37.0,17:00:00,/en/matches/5e1b74b1/Paris-Saint-Germain-Nice-February-13-2021-Ligue-1
FRA-Ligue 1,2021,Nice,2021-02-17 Marseille-Nice,2021-02-17,Matchweek 11,Wed,Away,L,2,3,Marseille,55,695.0,62.0,215.0,352.0,132.0,22.0,695.0,17.0,11.0,64.7,6.0,35.3,481.0,2434.0,1100.0,16.0,10.0,3.0,18.0,19.0,481.0,49.0,21:00:00,/en/matches/1380e4f4/Marseille-Nice-February-17-2021-Ligue-1
FRA-Ligue 1,2021,Nice,2021-02-21 Nice-Metz,2021-02-21,Matchweek 26,Sun,Home,L,1,2,Metz,65,746.0,40.0,161.0,435.0,155.0,14.0,745.0,22.0,13.0,59.1,9.0,40.9,517.0,3056.0,1614.0,28.0,10.0,4.0,19.0,19.0,520.0,50.0,15:00:00,/en/matches/336b4e23/Nice-Metz-February-21-2021-Ligue-1
FRA-Ligue 1,2021,Nice,2021-02-26 Rennes-Nice,2021-02-26,Matchweek 27,Fri,Away,W,2,1,Rennes,39,472.0,58.0,191.0,164.0,130.0,17.0,471.0,15.0,11.0,73.3,4.0,26.7,287.0,1644.0,1033.0,19.0,6.0,7.0,12.0,12.0,283.0,28.0,21:00:00,/en/matches/33ef08af/Rennes-Nice-February-26-2021-Ligue-1
FRA-Ligue 1,2021,Nice,2021-03-03 Nice-Nîmes,2021-03-03,Matchweek 28,Wed,Home,W,2,1,Nîmes,54,749.0,66.0,179.0,423.0,154.0,20.0,749.0,13.0,9.0,69.2,4.0,30.8,548.0,2475.0,1351.0,15.0,19.0,2.0,25.0,4.0,534.0,51.0,19:00:00,/en/matches/3ac3acbb/Nice-Nimes-March-3-2021-Ligue-1
FRA-Ligue 1,2021,Nice,2021-03-14 Lorient-Nice,2021-03-14,Matchweek 29,Sun,Away,D,1,1,Lorient,51,684.0,85.0,304.0,276.0,108.0,7.0,684.0,24.0,11.0,45.8,13.0,54.2,437.0,2239.0,1255.0,14.0,11.0,1.0,26.0,11.0,468.0,21.0,15:00:00,/en/matches/73e8e19e/Lorient-Nice-March-14-2021-Ligue-1
FRA-Ligue 1,2021,Nice,2021-03-20 Nice-Marseille,2021-03-20,Matchweek 30,Sat,Home,W,3,0,Marseille,43,523.0,65.0,203.0,197.0,136.0,30.0,523.0,28.0,21.0,75.0,7.0,25.0,326.0,2127.0,1205.0,22.0,14.0,4.0,14.0,5.0,318.0,28.0,17:00:00,/en/matches/32a19bdd/Nice-Marseille-March-20-2021-Ligue-1
FRA-Ligue 1,2021,Nice,2021-04-04 Nantes-Nice,2021-04-04,Matchweek 31,Sun,Away,W,2,1,Nantes,50,610.0,79.0,277.0,203.0,133.0,29.0,609.0,26.0,14.0,53.8,12.0,46.2,344.0,1792.0,944.0,26.0,15.0,11.0,22.0,12.0,379.0,27.0,15:00:00,/en/matches/28d288f4/Nantes-Nice-April-4-2021-Ligue-1
FRA-Ligue 1,2021,Nice,2021-04-11 Nice-Reims,2021-04-11,Matchweek 32,Sun,Home,D,0,0,Reims,54,594.0,66.0,191.0,299.0,111.0,21.0,594.0,23.0,12.0,52.2,11.0,47.8,413.0,2899.0,1752.0,25.0,16.0,9.0,8.0,14.0,438.0,39.0,15:00:00,/en/matches/fe622347/Nice-Reims-April-11-2021-Ligue-1
FRA-Ligue 1,2021,Nice,2021-04-18 Dijon-Nice,2021-04-18,Matchweek 33,Sun,Away,L,0,2,Dijon,57,652.0,50.0,190.0,343.0,130.0,20.0,652.0,19.0,13.0,68.4,6.0,31.6,479.0,2758.0,1446.0,18.0,15.0,6.0,21.0,11.0,448.0,45.0,15:00:00,/en/matches/47537610/Dijon-Nice-April-18-2021-Ligue-1
FRA-Ligue 1,2021,Nice,2021-04-25 Nice-Montpellier,2021-04-25,Matchweek 34,Sun,Home,W,3,1,Montpellier,58,665.0,84.0,271.0,269.0,131.0,30.0,665.0,33.0,21.0,63.6,12.0,36.4,362.0,2094.0,1308.0,29.0,18.0,13.0,22.0,10.0,450.0,37.0,13:00:00,/en/matches/5f5ddc93/Nice-Montpellier-April-25-2021-Ligue-1
FRA-Ligue 1,2021,Nice,2021-05-01 Lille-Nice,2021-05-01,Matchweek 35,Sat,Away,L,0,2,Lille,45,609.0,66.0,286.0,271.0,57.0,4.0,609.0,17.0,10.0,58.8,7.0,41.2,325.0,1672.0,860.0,14.0,6.0,4.0,17.0,6.0,449.0,23.0,21:00:00,/en/matches/6a9a2087/Lille-Nice-May-1-2021-Ligue-1
FRA-Ligue 1,2021,Nice,2021-05-09 Nice-Brest,2021-05-09,Matchweek 36,Sun,Home,W,3,2,Brest,63,741.0,50.0,148.0,390.0,212.0,28.0,741.0,17.0,10.0,58.8,7.0,41.2,568.0,2724.0,1514.0,22.0,22.0,3.0,24.0,6.0,580.0,59.0,15:00:00,/en/matches/4938a1bf/Nice-Brest-May-9-2021-Ligue-1
FRA-Ligue 1,2021,Nice,2021-05-16 Nice-Strasbourg,2021-05-16,Matchweek 37,Sun,Home,L,0,2,Strasbourg,72,817.0,36.0,131.0,553.0,140.0,8.0,817.0,12.0,6.0,50.0,6.0,50.0,617.0,3213.0,1720.0,25.0,15.0,1.0,15.0,5.0,641.0,64.0,21:00:00,/en/matches/75cbbe08/Nice-Strasbourg-May-16-2021-Ligue-1
FRA-Ligue 1,2021,Nice,2021-05-23 Lyon-Nice,2021-05-23,Matchweek 38,Sun,Away,W,3,2,Lyon,45,584.0,89.0,292.0,202.0,100.0,29.0,584.0,30.0,16.0,53.3,14.0,46.7,357.0,1765.0,1064.0,21.0,17.0,7.0,16.0,5.0,377.0,26.0,21:00:00,/en/matches/cb4cd692/Lyon-Nice-May-23-2021-Ligue-1
FRA-Ligue 1,2021,Nîmes,2020-08-23 Nîmes-Brest,2020-08-23,Matchweek 1,Sun,Home,W,4,0,Brest,44,487.0,48.0,162.0,218.0,112.0,23.0,487.0,14.0,5.0,35.7,9.0,64.3,258.0,1334.0,700.0,18.0,8.0,6.0,21.0,9.0,267.0,31.0,15:00:00,/en/matches/da8136ae/Nimes-Brest-August-23-2020-Ligue-1
FRA-Ligue 1,2021,Nîmes,2020-08-30 Nantes-Nîmes,2020-08-30,Matchweek 2,Sun,Away,L,1,2,Nantes,67,698.0,45.0,197.0,293.0,215.0,26.0,698.0,20.0,7.0,35.0,13.0,65.0,402.0,1920.0,1085.0,20.0,8.0,1.0,11.0,13.0,471.0,63.0,15:00:00,/en/matches/ba09751a/Nantes-Nimes-August-30-2020-Ligue-1
FRA-Ligue 1,2021,Nîmes,2020-09-13 Nîmes-Rennes,2020-09-13,Matchweek 3,Sun,Home,L,2,4,Rennes,45,503.0,47.0,163.0,244.0,104.0,18.0,503.0,12.0,6.0,50.0,6.0,50.0,271.0,1370.0,786.0,13.0,7.0,5.0,11.0,7.0,299.0,34.0,15:00:00,/en/matches/a38dda9a/Nimes-Rennes-September-13-2020-Ligue-1
FRA-Ligue 1,2021,Nîmes,2020-09-18 Lyon-Nîmes,2020-09-18,Matchweek 4,Fri,Away,D,0,0,Lyon,27,419.0,96.0,193.0,165.0,74.0,8.0,419.0,25.0,18.0,72.0,7.0,28.0,194.0,1090.0,529.0,9.0,8.0,1.0,18.0,13.0,158.0,17.0,21:00:00,/en/matches/01b7d3d4/Lyon-Nimes-September-18-2020-Ligue-1
FRA-Ligue 1,2021,Nîmes,2020-09-27 Nîmes-Lens,2020-09-27,Matchweek 5,Sun,Home,D,1,1,Lens,51,611.0,65.0,205.0,284.0,127.0,14.0,611.0,9.0,5.0,55.6,4.0,44.4,318.0,1550.0,618.0,17.0,12.0,2.0,22.0,8.0,340.0,30.0,15:00:00,/en/matches/e4a4657c/Nimes-Lens-September-27-2020-Ligue-1
FRA-Ligue 1,2021,Nîmes,2020-10-04 Montpellier-Nîmes,2020-10-04,Matchweek 6,Sun,Away,W,1,0,Montpellier,47,545.0,58.0,188.0,255.0,110.0,9.0,545.0,17.0,9.0,52.9,8.0,47.1,302.0,1703.0,866.0,18.0,14.0,2.0,15.0,6.0,312.0,29.0,13:00:00,/en/matches/d63bd80e/Montpellier-Nimes-October-4-2020-Ligue-1
FRA-Ligue 1,2021,Nîmes,2020-10-16 Nîmes-Paris S-G,2020-10-16,Matchweek 7,Fri,Home,L,0,4,Paris S-G,25,370.0,77.0,177.0,142.0,55.0,4.0,370.0,11.0,5.0,45.5,6.0,54.5,185.0,600.0,236.0,1.0,3.0,0.0,16.0,5.0,162.0,15.0,21:00:00,/en/matches/5fe3d8ce/Nimes-Paris-Saint-Germain-October-16-2020-Ligue-1
FRA-Ligue 1,2021,Nîmes,2020-10-25 Bordeaux-Nîmes,2020-10-25,Matchweek 8,Sun,Away,L,0,2,Bordeaux,41,532.0,73.0,200.0,224.0,114.0,10.0,532.0,15.0,4.0,26.7,11.0,73.3,316.0,1411.0,704.0,10.0,5.0,2.0,11.0,3.0,328.0,25.0,15:00:00,/en/matches/72fedf37/Bordeaux-Nimes-October-25-2020-Ligue-1
FRA-Ligue 1,2021,Nîmes,2020-11-01 Nîmes-Metz,2020-11-01,Matchweek 9,Sun,Home,L,0,1,Metz,67,728.0,36.0,174.0,359.0,198.0,17.0,728.0,8.0,4.0,50.0,4.0,50.0,443.0,1958.0,1053.0,16.0,11.0,1.0,12.0,17.0,509.0,67.0,15:00:00,/en/matches/d3c9822f/Nimes-Metz-November-1-2020-Ligue-1
FRA-Ligue 1,2021,Nîmes,2020-11-08 Nîmes-Angers,2020-11-08,Matchweek 10,Sun,Home,L,1,5,Angers,59,632.0,43.0,184.0,309.0,143.0,17.0,632.0,15.0,12.0,80.0,3.0,20.0,332.0,1899.0,1113.0,19.0,9.0,3.0,14.0,6.0,429.0,50.0,15:00:00,/en/matches/d7b1fb5b/Nimes-Angers-November-8-2020-Ligue-1
FRA-Ligue 1,2021,Nîmes,2020-11-22 Reims-Nîmes,2020-11-22,Matchweek 11,Sun,Away,W,1,0,Reims,30,439.0,79.0,192.0,178.0,77.0,7.0,438.0,17.0,8.0,47.1,9.0,52.9,195.0,990.0,478.0,9.0,9.0,3.0,16.0,11.0,186.0,23.0,15:00:00,/en/matches/1ee3fd0c/Reims-Nimes-November-22-2020-Ligue-1
FRA-Ligue 1,2021,Nîmes,2020-11-29 Monaco-Nîmes,2020-11-29,Matchweek 12,Sun,Away,L,0,3,Monaco,33,432.0,79.0,168.0,191.0,78.0,7.0,432.0,17.0,6.0,35.3,11.0,64.7,220.0,799.0,375.0,5.0,7.0,1.0,14.0,6.0,222.0,18.0,15:00:00,/en/matches/50ca8cbf/Monaco-Nimes-November-29-2020-Ligue-1
FRA-Ligue 1,2021,Nîmes,2020-12-04 Nîmes-Marseille,2020-12-04,Matchweek 13,Fri,Home,L,0,2,Marseille,32,437.0,65.0,190.0,190.0,63.0,8.0,437.0,18.0,9.0,50.0,9.0,50.0,179.0,926.0,468.0,9.0,6.0,3.0,17.0,4.0,222.0,20.0,21:00:00,/en/matches/a0106768/Nimes-Marseille-December-4-2020-Ligue-1
FRA-Ligue 1,2021,Nîmes,2020-12-13 Lorient-Nîmes,2020-12-13,Matchweek 14,Sun,Away,L,0,3,Lorient,56,663.0,53.0,202.0,328.0,139.0,12.0,663.0,13.0,11.0,84.6,2.0,15.4,349.0,2004.0,927.0,9.0,15.0,0.0,22.0,12.0,428.0,36.0,15:00:00,/en/matches/22ecd8a2/Lorient-Nimes-December-13-2020-Ligue-1
FRA-Ligue 1,2021,Nîmes,2020-12-16 Nîmes-Nice,2020-12-16,Matchweek 15,Wed,Home,L,0,2,Nice,45,581.0,57.0,179.0,264.0,146.0,22.0,581.0,17.0,10.0,58.8,7.0,41.2,368.0,1739.0,947.0,19.0,15.0,4.0,14.0,10.0,368.0,38.0,19:00:00,/en/matches/f4381a49/Nimes-Nice-December-16-2020-Ligue-1
FRA-Ligue 1,2021,Nîmes,2020-12-20 Saint-Étienne-Nîmes,2020-12-20,Matchweek 16,Sun,Away,D,2,2,Saint-Étienne,41,493.0,77.0,192.0,179.0,127.0,14.0,492.0,19.0,8.0,42.1,11.0,57.9,244.0,1228.0,578.0,9.0,10.0,4.0,18.0,10.0,280.0,28.0,15:00:00,/en/matches/45ed736f/Saint-Etienne-Nimes-December-20-2020-Ligue-1
FRA-Ligue 1,2021,Nîmes,2020-12-23 Nîmes-Dijon,2020-12-23,Matchweek 17,Wed,Home,L,1,3,Dijon,46,528.0,58.0,209.0,214.0,112.0,13.0,528.0,18.0,9.0,50.0,9.0,50.0,245.0,1524.0,846.0,16.0,10.0,3.0,20.0,5.0,310.0,29.0,19:00:00,/en/matches/d2b80896/Nimes-Dijon-December-23-2020-Ligue-1
FRA-Ligue 1,2021,Nîmes,2021-01-06 Strasbourg-Nîmes,2021-01-06,Matchweek 18,Wed,Away,L,0,5,Strasbourg,41,539.0,68.0,232.0,239.0,77.0,13.0,539.0,19.0,10.0,52.6,9.0,47.4,338.0,1787.0,945.0,12.0,11.0,4.0,13.0,10.0,332.0,22.0,19:00:00,/en/matches/14d9a4e7/Strasbourg-Nimes-January-6-2021-Ligue-1
FRA-Ligue 1,2021,Nîmes,2021-01-09 Nîmes-Lille,2021-01-09,Matchweek 19,Sat,Home,L,0,1,Lille,48,627.0,73.0,287.0,226.0,117.0,14.0,627.0,15.0,7.0,46.7,8.0,53.3,362.0,1699.0,792.0,14.0,7.0,5.0,16.0,11.0,408.0,31.0,21:00:00,/en/matches/292bb1da/Nimes-Lille-January-9-2021-Ligue-1
FRA-Ligue 1,2021,Nîmes,2021-01-16 Marseille-Nîmes,2021-01-16,Matchweek 20,Sat,Away,W,2,1,Marseille,37,536.0,89.0,268.0,184.0,90.0,14.0,536.0,16.0,7.0,43.8,9.0,56.3,207.0,1438.0,749.0,11.0,8.0,2.0,13.0,14.0,303.0,17.0,17:00:00,/en/matches/e22fe1f8/Marseille-Nimes-January-16-2021-Ligue-1
FRA-Ligue 1,2021,Nîmes,2021-01-31 Angers-Nîmes,2021-01-31,Matchweek 22,Sun,Away,L,1,3,Angers,60,760.0,57.0,229.0,410.0,125.0,8.0,759.0,20.0,7.0,35.0,13.0,65.0,487.0,2295.0,1217.0,11.0,12.0,2.0,22.0,10.0,555.0,40.0,15:00:00,/en/matches/d0799ee9/Angers-Nimes-January-31-2021-Ligue-1
FRA-Ligue 1,2021,Nîmes,2021-02-03 Paris S-G-Nîmes,2021-02-03,Matchweek 23,Wed,Away,L,0,3,Paris S-G,34,508.0,56.0,178.0,209.0,126.0,32.0,508.0,27.0,11.0,40.7,16.0,59.3,314.0,1727.0,889.0,25.0,17.0,13.0,14.0,5.0,315.0,32.0,21:00:00,/en/matches/709ec89c/Paris-Saint-Germain-Nimes-February-3-2021-Ligue-1
FRA-Ligue 1,2021,Nîmes,2021-02-07 Nîmes-Monaco,2021-02-07,Matchweek 24,Sun,Home,L,3,4,Monaco,44,559.0,71.0,289.0,204.0,70.0,13.0,559.0,14.0,9.0,64.3,5.0,35.7,260.0,1271.0,545.0,5.0,2.0,2.0,12.0,14.0,360.0,24.0,15:00:00,/en/matches/56b1c227/Nimes-Monaco-February-7-2021-Ligue-1
FRA-Ligue 1,2021,Nîmes,2021-02-14 Dijon-Nîmes,2021-02-14,Matchweek 25,Sun,Away,W,2,0,Dijon,50,623.0,62.0,204.0,300.0,126.0,17.0,623.0,18.0,14.0,77.8,4.0,22.2,347.0,1638.0,815.0,13.0,10.0,3.0,15.0,11.0,375.0,35.0,15:00:00,/en/matches/8382916d/Dijon-Nimes-February-14-2021-Ligue-1
FRA-Ligue 1,2021,Nîmes,2021-02-21 Nîmes-Bordeaux,2021-02-21,Matchweek 26,Sun,Home,W,2,0,Bordeaux,29,410.0,67.0,186.0,137.0,95.0,22.0,410.0,12.0,9.0,75.0,3.0,25.0,230.0,1178.0,621.0,17.0,10.0,8.0,18.0,11.0,203.0,24.0,15:00:00,/en/matches/e9fbe45a/Nimes-Bordeaux-February-21-2021-Ligue-1
FRA-Ligue 1,2021,Nîmes,2021-02-24 Nîmes-Lorient,2021-02-24,Matchweek 21,Wed,Home,W,1,0,Lorient,49,628.0,67.0,218.0,299.0,119.0,17.0,627.0,27.0,9.0,33.3,18.0,66.7,323.0,2128.0,1146.0,17.0,9.0,4.0,16.0,10.0,383.0,39.0,19:00:00,/en/matches/dda09113/Nimes-Lorient-February-24-2021-Ligue-1
FRA-Ligue 1,2021,Nîmes,2021-02-28 Nîmes-Nantes,2021-02-28,Matchweek 27,Sun,Home,D,1,1,Nantes,60,686.0,68.0,274.0,309.0,114.0,11.0,686.0,22.0,13.0,59.1,9.0,40.9,454.0,1819.0,719.0,11.0,9.0,0.0,22.0,17.0,430.0,28.0,15:00:00,/en/matches/4ea6c51e/Nimes-Nantes-February-28-2021-Ligue-1
FRA-Ligue 1,2021,Nîmes,2021-03-03 Nice-Nîmes,2021-03-03,Matchweek 28,Wed,Away,L,1,2,Nice,46,618.0,63.0,189.0,272.0,161.0,29.0,618.0,19.0,16.0,84.2,3.0,15.8,366.0,1752.0,899.0,20.0,13.0,7.0,13.0,15.0,416.0,45.0,19:00:00,/en/matches/3ac3acbb/Nice-Nimes-March-3-2021-Ligue-1
FRA-Ligue 1,2021,Nîmes,2021-03-14 Nîmes-Montpellier,2021-03-14,Matchweek 29,Sun,Home,D,1,1,Montpellier,39,450.0,79.0,198.0,165.0,91.0,14.0,450.0,9.0,6.0,66.7,3.0,33.3,196.0,1016.0,613.0,13.0,7.0,4.0,20.0,10.0,197.0,15.0,13:00:00,/en/matches/efcf3d10/Nimes-Montpellier-March-14-2021-Ligue-1
FRA-Ligue 1,2021,Nîmes,2021-03-21 Lille-Nîmes,2021-03-21,Matchweek 30,Sun,Away,W,2,1,Lille,28,456.0,74.0,213.0,159.0,92.0,13.0,456.0,15.0,9.0,60.0,6.0,40.0,220.0,1290.0,671.0,13.0,10.0,6.0,21.0,5.0,204.0,25.0,17:05:00,/en/matches/4af73870/Lille-Nimes-March-21-2021-Ligue-1
FRA-Ligue 1,2021,Nîmes,2021-04-04 Nîmes-Saint-Étienne,2021-04-04,Matchweek 31,Sun,Home,L,0,2,Saint-Étienne,53,610.0,57.0,226.0,277.0,112.0,25.0,609.0,17.0,11.0,64.7,6.0,35.3,377.0,2093.0,1119.0,15.0,7.0,4.0,28.0,17.0,375.0,42.0,17:05:00,/en/matches/4f5cf422/Nimes-Saint-Etienne-April-4-2021-Ligue-1
FRA-Ligue 1,2021,Nîmes,2021-04-11 Brest-Nîmes,2021-04-11,Matchweek 32,Sun,Away,D,1,1,Brest,37,475.0,105.0,239.0,156.0,84.0,14.0,475.0,14.0,6.0,42.9,8.0,57.1,205.0,888.0,391.0,9.0,5.0,4.0,27.0,6.0,224.0,13.0,15:00:00,/en/matches/f07ab6e3/Brest-Nimes-April-11-2021-Ligue-1
FRA-Ligue 1,2021,Nîmes,2021-04-18 Nîmes-Strasbourg,2021-04-18,Matchweek 33,Sun,Home,D,1,1,Strasbourg,52,627.0,39.0,231.0,307.0,92.0,15.0,626.0,19.0,8.0,42.1,11.0,57.9,395.0,1806.0,963.0,16.0,7.0,4.0,17.0,10.0,425.0,32.0,15:00:00,/en/matches/9a9ec43b/Nimes-Strasbourg-April-18-2021-Ligue-1
FRA-Ligue 1,2021,Nîmes,2021-04-25 Lens-Nîmes,2021-04-25,Matchweek 34,Sun,Away,L,1,2,Lens,56,630.0,30.0,141.0,301.0,191.0,27.0,629.0,20.0,7.0,35.0,13.0,65.0,390.0,2096.0,1239.0,23.0,11.0,3.0,12.0,7.0,409.0,56.0,15:00:00,/en/matches/986bbf2c/Lens-Nimes-April-25-2021-Ligue-1
FRA-Ligue 1,2021,Nîmes,2021-05-02 Nîmes-Reims,2021-05-02,Matchweek 35,Sun,Home,D,2,2,Reims,51,582.0,46.0,180.0,246.0,161.0,22.0,582.0,8.0,4.0,50.0,4.0,50.0,335.0,1818.0,981.0,18.0,15.0,3.0,19.0,9.0,353.0,34.0,15:00:00,/en/matches/52a6b8a7/Nimes-Reims-May-2-2021-Ligue-1
FRA-Ligue 1,2021,Nîmes,2021-05-09 Metz-Nîmes,2021-05-09,Matchweek 36,Sun,Away,W,3,0,Metz,42,520.0,51.0,158.0,245.0,121.0,17.0,519.0,2.0,1.0,50.0,1.0,50.0,267.0,1506.0,921.0,11.0,6.0,3.0,21.0,10.0,318.0,32.0,15:00:00,/en/matches/f4478aa3/Metz-Nimes-May-9-2021-Ligue-1
FRA-Ligue 1,2021,Nîmes,2021-05-16 Nîmes-Lyon,2021-05-16,Matchweek 37,Sun,Home,L,2,5,Lyon,43,584.0,86.0,226.0,251.0,112.0,11.0,584.0,19.0,10.0,52.6,9.0,47.4,297.0,1811.0,940.0,15.0,14.0,1.0,19.0,9.0,367.0,25.0,21:00:00,/en/matches/cbcc34d4/Nimes-Lyon-May-16-2021-Ligue-1
FRA-Ligue 1,2021,Nîmes,2021-05-23 Rennes-Nîmes,2021-05-23,Matchweek 38,Sun,Away,L,0,2,Rennes,32,514.0,92.0,252.0,220.0,46.0,6.0,514.0,19.0,10.0,52.6,9.0,47.4,323.0,1580.0,927.0,14.0,6.0,3.0,15.0,6.0,342.0,23.0,21:00:00,/en/matches/bf2041f7/Rennes-Nimes-May-23-2021-Ligue-1
FRA-Ligue 1,2021,Paris S-G,2020-09-10 Lens-Paris S-G,2020-09-10,Matchweek 2,Thu,Away,L,0,1,Lens,78,1030.0,54.0,214.0,561.0,264.0,19.0,1030.0,26.0,15.0,57.7,11.0,42.3,606.0,3257.0,1626.0,18.0,27.0,3.0,13.0,13.0,838.0,64.0,21:00:00,/en/matches/796787da/Lens-Paris-Saint-Germain-September-10-2020-Ligue-1
FRA-Ligue 1,2021,Paris S-G,2020-09-13 Paris S-G-Marseille,2020-09-13,Matchweek 3,Sun,Home,L,0,1,Marseille,65,701.0,31.0,129.0,358.0,221.0,29.0,701.0,23.0,14.0,60.9,9.0,39.1,409.0,2439.0,1152.0,18.0,18.0,3.0,16.0,10.0,496.0,74.0,21:00:00,/en/matches/84e1075c/Paris-Saint-Germain-Marseille-September-13-2020-Ligue-1
FRA-Ligue 1,2021,Paris S-G,2020-09-16 Paris S-G-Metz,2020-09-16,Matchweek 1,Wed,Home,W,1,0,Metz,71,786.0,42.0,219.0,356.0,218.0,35.0,786.0,14.0,8.0,57.1,6.0,42.9,416.0,2734.0,1623.0,33.0,23.0,8.0,9.0,10.0,584.0,56.0,21:00:00,/en/matches/c5bf1d57/Paris-Saint-Germain-Metz-September-16-2020-Ligue-1
FRA-Ligue 1,2021,Paris S-G,2020-09-20 Nice-Paris S-G,2020-09-20,Matchweek 4,Sun,Away,W,3,0,Nice,50,674.0,71.0,197.0,289.0,190.0,37.0,673.0,19.0,14.0,73.7,5.0,26.3,331.0,1726.0,1066.0,21.0,8.0,8.0,15.0,3.0,517.0,53.0,13:00:00,/en/matches/6033dd94/Nice-Paris-Saint-Germain-September-20-2020-Ligue-1
FRA-Ligue 1,2021,Paris S-G,2020-09-27 Reims-Paris S-G,2020-09-27,Matchweek 5,Sun,Away,W,2,0,Reims,64,801.0,68.0,210.0,343.0,253.0,42.0,801.0,18.0,13.0,72.2,5.0,27.8,487.0,2976.0,1841.0,29.0,32.0,8.0,13.0,6.0,632.0,70.0,21:00:00,/en/matches/61cf0b59/Reims-Paris-Saint-Germain-September-27-2020-Ligue-1
FRA-Ligue 1,2021,Paris S-G,2020-10-02 Paris S-G-Angers,2020-10-02,Matchweek 6,Fri,Home,W,6,1,Angers,57,780.0,30.0,109.0,441.0,236.0,28.0,780.0,31.0,20.0,64.5,11.0,35.5,547.0,2860.0,1665.0,28.0,32.0,3.0,11.0,8.0,603.0,51.0,21:00:00,/en/matches/7feb9bf5/Paris-Saint-Germain-Angers-October-2-2020-Ligue-1
FRA-Ligue 1,2021,Paris S-G,2020-10-16 Nîmes-Paris S-G,2020-10-16,Matchweek 7,Fri,Away,W,4,0,Nîmes,75,845.0,25.0,128.0,458.0,266.0,49.0,845.0,12.0,10.0,83.3,2.0,16.7,574.0,2923.0,1719.0,31.0,25.0,10.0,15.0,10.0,656.0,72.0,21:00:00,/en/matches/5fe3d8ce/Nimes-Paris-Saint-Germain-October-16-2020-Ligue-1
FRA-Ligue 1,2021,Paris S-G,2020-10-24 Paris S-G-Dijon,2020-10-24,Matchweek 8,Sat,Home,W,4,0,Dijon,55,672.0,47.0,142.0,392.0,143.0,33.0,672.0,14.0,8.0,57.1,6.0,42.9,326.0,1877.0,1127.0,24.0,11.0,8.0,15.0,9.0,505.0,47.0,21:00:00,/en/matches/685d28aa/Paris-Saint-Germain-Dijon-October-24-2020-Ligue-1
FRA-Ligue 1,2021,Paris S-G,2020-10-31 Nantes-Paris S-G,2020-10-31,Matchweek 9,Sat,Away,W,3,0,Nantes,63,867.0,52.0,286.0,422.0,166.0,28.0,866.0,21.0,13.0,61.9,8.0,38.1,526.0,2794.0,1484.0,22.0,17.0,8.0,18.0,7.0,697.0,56.0,21:00:00,/en/matches/5926e115/Nantes-Paris-Saint-Germain-October-31-2020-Ligue-1
FRA-Ligue 1,2021,Paris S-G,2020-11-07 Paris S-G-Rennes,2020-11-07,Matchweek 10,Sat,Home,W,3,0,Rennes,49,637.0,71.0,219.0,341.0,85.0,8.0,637.0,12.0,9.0,75.0,3.0,25.0,405.0,1700.0,824.0,14.0,14.0,1.0,10.0,11.0,448.0,31.0,21:00:00,/en/matches/a28dd1b9/Paris-Saint-Germain-Rennes-November-7-2020-Ligue-1
FRA-Ligue 1,2021,Paris S-G,2020-11-20 Monaco-Paris S-G,2020-11-20,Matchweek 11,Fri,Away,L,2,3,Monaco,48,630.0,68.0,220.0,290.0,126.0,11.0,629.0,26.0,15.0,57.7,11.0,42.3,335.0,1952.0,1063.0,20.0,14.0,3.0,15.0,15.0,441.0,36.0,21:00:00,/en/matches/8ff1eb68/Monaco-Paris-Saint-Germain-November-20-2020-Ligue-1
FRA-Ligue 1,2021,Paris S-G,2020-11-28 Paris S-G-Bordeaux,2020-11-28,Matchweek 12,Sat,Home,D,2,2,Bordeaux,65,804.0,68.0,181.0,380.0,252.0,41.0,803.0,30.0,17.0,56.7,13.0,43.3,409.0,2369.0,1388.0,33.0,19.0,11.0,21.0,7.0,568.0,69.0,21:00:00,/en/matches/35fddbd7/Paris-Saint-Germain-Bordeaux-November-28-2020-Ligue-1
FRA-Ligue 1,2021,Paris S-G,2020-12-05 Montpellier-Paris S-G,2020-12-05,Matchweek 13,Sat,Away,W,3,1,Montpellier,65,835.0,58.0,241.0,443.0,156.0,21.0,835.0,23.0,9.0,39.1,14.0,60.9,514.0,2374.0,1313.0,26.0,15.0,5.0,22.0,7.0,625.0,58.0,21:00:00,/en/matches/52a2e13f/Montpellier-Paris-Saint-Germain-December-5-2020-Ligue-1
FRA-Ligue 1,2021,Paris S-G,2020-12-13 Paris S-G-Lyon,2020-12-13,Matchweek 14,Sun,Home,L,0,1,Lyon,64,756.0,62.0,224.0,339.0,199.0,23.0,756.0,34.0,22.0,64.7,12.0,35.3,454.0,2732.0,1575.0,26.0,18.0,5.0,21.0,5.0,569.0,43.0,21:00:00,/en/matches/99d657ba/Paris-Saint-Germain-Lyon-December-13-2020-Ligue-1
FRA-Ligue 1,2021,Paris S-G,2020-12-16 Paris S-G-Lorient,2020-12-16,Matchweek 15,Wed,Home,W,2,0,Lorient,74,922.0,31.0,120.0,535.0,274.0,40.0,921.0,31.0,16.0,51.6,15.0,48.4,665.0,2872.0,1427.0,27.0,36.0,10.0,13.0,9.0,719.0,69.0,21:00:00,/en/matches/60fcfb5f/Paris-Saint-Germain-Lorient-December-16-2020-Ligue-1
FRA-Ligue 1,2021,Paris S-G,2020-12-20 Lille-Paris S-G,2020-12-20,Matchweek 16,Sun,Away,D,0,0,Lille,69,900.0,54.0,215.0,509.0,188.0,24.0,900.0,29.0,16.0,55.2,13.0,44.8,530.0,2805.0,1483.0,30.0,19.0,9.0,15.0,6.0,690.0,55.0,21:00:00,/en/matches/77f35879/Lille-Paris-Saint-Germain-December-20-2020-Ligue-1
FRA-Ligue 1,2021,Paris S-G,2020-12-23 Paris S-G-Strasbourg,2020-12-23,Matchweek 17,Wed,Home,W,4,0,Strasbourg,69,928.0,42.0,169.0,479.0,292.0,29.0,928.0,22.0,9.0,40.9,13.0,59.1,558.0,3102.0,1680.0,35.0,52.0,8.0,14.0,10.0,759.0,40.0,21:00:00,/en/matches/644e5bd2/Paris-Saint-Germain-Strasbourg-December-23-2020-Ligue-1
FRA-Ligue 1,2021,Paris S-G,2021-01-06 Saint-Étienne-Paris S-G,2021-01-06,Matchweek 18,Wed,Away,D,1,1,Saint-Étienne,68,899.0,67.0,189.0,491.0,227.0,28.0,899.0,16.0,6.0,37.5,10.0,62.5,591.0,2689.0,1370.0,15.0,14.0,6.0,27.0,4.0,670.0,55.0,21:00:00,/en/matches/2c025c21/Saint-Etienne-Paris-Saint-Germain-January-6-2021-Ligue-1
FRA-Ligue 1,2021,Paris S-G,2021-01-09 Paris S-G-Brest,2021-01-09,Matchweek 19,Sat,Home,W,3,0,Brest,61,842.0,74.0,188.0,383.0,277.0,35.0,842.0,31.0,19.0,61.3,12.0,38.7,628.0,2718.0,1307.0,23.0,20.0,2.0,15.0,13.0,632.0,65.0,21:00:00,/en/matches/5123800a/Paris-Saint-Germain-Brest-January-9-2021-Ligue-1
FRA-Ligue 1,2021,Paris S-G,2021-01-16 Angers-Paris S-G,2021-01-16,Matchweek 20,Sat,Away,W,1,0,Angers,61,817.0,63.0,213.0,452.0,157.0,24.0,817.0,40.0,27.0,67.5,13.0,32.5,423.0,2225.0,1231.0,18.0,16.0,6.0,12.0,4.0,608.0,57.0,21:00:00,/en/matches/42a1a73e/Angers-Paris-Saint-Germain-January-16-2021-Ligue-1
FRA-Ligue 1,2021,Paris S-G,2021-01-22 Paris S-G-Montpellier,2021-01-22,Matchweek 21,Fri,Home,W,4,0,Montpellier,72,761.0,26.0,114.0,395.0,254.0,47.0,761.0,17.0,6.0,35.3,11.0,64.7,516.0,2315.0,1395.0,25.0,22.0,3.0,12.0,5.0,575.0,79.0,21:00:00,/en/matches/d47d95ab/Paris-Saint-Germain-Montpellier-January-22-2021-Ligue-1
FRA-Ligue 1,2021,Paris S-G,2021-01-31 Lorient-Paris S-G,2021-01-31,Matchweek 22,Sun,Away,L,2,3,Lorient,65,695.0,46.0,158.0,335.0,210.0,29.0,693.0,23.0,9.0,39.1,14.0,60.9,366.0,2058.0,1162.0,30.0,18.0,6.0,20.0,7.0,494.0,48.0,15:00:00,/en/matches/0439be7e/Lorient-Paris-Saint-Germain-January-31-2021-Ligue-1
FRA-Ligue 1,2021,Paris S-G,2021-02-03 Paris S-G-Nîmes,2021-02-03,Matchweek 23,Wed,Home,W,3,0,Nîmes,66,859.0,64.0,177.0,544.0,142.0,16.0,859.0,14.0,6.0,42.9,8.0,57.1,672.0,2830.0,1478.0,18.0,13.0,6.0,11.0,7.0,683.0,48.0,21:00:00,/en/matches/709ec89c/Paris-Saint-Germain-Nimes-February-3-2021-Ligue-1
FRA-Ligue 1,2021,Paris S-G,2021-02-07 Marseille-Paris S-G,2021-02-07,Matchweek 24,Sun,Away,W,2,0,Marseille,47,640.0,87.0,235.0,316.0,95.0,22.0,640.0,17.0,12.0,70.6,5.0,29.4,318.0,1775.0,883.0,13.0,22.0,3.0,18.0,13.0,440.0,30.0,21:00:00,/en/matches/c15805b7/Marseille-Paris-Saint-Germain-February-7-2021-Ligue-1
FRA-Ligue 1,2021,Paris S-G,2021-02-13 Paris S-G-Nice,2021-02-13,Matchweek 25,Sat,Home,W,2,1,Nice,55,748.0,65.0,199.0,348.0,207.0,26.0,748.0,13.0,7.0,53.8,6.0,46.2,512.0,2373.0,1191.0,16.0,23.0,8.0,13.0,12.0,569.0,45.0,17:00:00,/en/matches/5e1b74b1/Paris-Saint-Germain-Nice-February-13-2021-Ligue-1
FRA-Ligue 1,2021,Paris S-G,2021-02-21 Paris S-G-Monaco,2021-02-21,Matchweek 26,Sun,Home,L,0,2,Monaco,74,941.0,38.0,204.0,502.0,242.0,21.0,941.0,24.0,16.0,66.7,8.0,33.3,699.0,3131.0,1420.0,22.0,27.0,2.0,17.0,16.0,755.0,68.0,21:00:00,/en/matches/6a139966/Paris-Saint-Germain-Monaco-February-21-2021-Ligue-1
FRA-Ligue 1,2021,Paris S-G,2021-02-27 Dijon-Paris S-G,2021-02-27,Matchweek 27,Sat,Away,W,4,0,Dijon,60,743.0,41.0,165.0,459.0,126.0,16.0,742.0,19.0,14.0,73.7,5.0,26.3,560.0,2581.0,1293.0,22.0,20.0,4.0,16.0,12.0,584.0,47.0,17:00:00,/en/matches/968f9128/Dijon-Paris-Saint-Germain-February-27-2021-Ligue-1
FRA-Ligue 1,2021,Paris S-G,2021-03-03 Bordeaux-Paris S-G,2021-03-03,Matchweek 28,Wed,Away,W,1,0,Bordeaux,56,725.0,73.0,194.0,421.0,112.0,23.0,725.0,14.0,9.0,64.3,5.0,35.7,423.0,2076.0,1075.0,18.0,15.0,5.0,16.0,17.0,538.0,42.0,21:00:00,/en/matches/562fc539/Bordeaux-Paris-Saint-Germain-March-3-2021-Ligue-1
FRA-Ligue 1,2021,Paris S-G,2021-03-14 Paris S-G-Nantes,2021-03-14,Matchweek 29,Sun,Home,L,1,2,Nantes,73,859.0,42.0,176.0,506.0,183.0,23.0,859.0,28.0,15.0,53.6,13.0,46.4,614.0,3243.0,1579.0,30.0,20.0,10.0,21.0,8.0,681.0,55.0,21:00:00,/en/matches/70b2cb0c/Paris-Saint-Germain-Nantes-March-14-2021-Ligue-1
FRA-Ligue 1,2021,Paris S-G,2021-03-21 Lyon-Paris S-G,2021-03-21,Matchweek 30,Sun,Away,W,4,2,Lyon,57,732.0,71.0,246.0,394.0,96.0,16.0,732.0,20.0,8.0,40.0,12.0,60.0,459.0,2306.0,1239.0,13.0,16.0,4.0,14.0,13.0,558.0,34.0,21:00:00,/en/matches/bb18a4cc/Lyon-Paris-Saint-Germain-March-21-2021-Ligue-1
FRA-Ligue 1,2021,Paris S-G,2021-04-03 Paris S-G-Lille,2021-04-03,Matchweek 31,Sat,Home,L,0,1,Lille,65,744.0,33.0,126.0,393.0,231.0,23.0,744.0,28.0,19.0,67.9,9.0,32.1,464.0,2671.0,1350.0,26.0,18.0,5.0,16.0,12.0,539.0,56.0,17:00:00,/en/matches/cfa66277/Paris-Saint-Germain-Lille-April-3-2021-Ligue-1
FRA-Ligue 1,2021,Paris S-G,2021-04-10 Strasbourg-Paris S-G,2021-04-10,Matchweek 32,Sat,Away,W,4,1,Strasbourg,63,789.0,64.0,253.0,373.0,166.0,25.0,789.0,28.0,11.0,39.3,17.0,60.7,455.0,2533.0,1394.0,30.0,13.0,10.0,10.0,7.0,582.0,49.0,17:00:00,/en/matches/3d39e7ef/Strasbourg-Paris-Saint-Germain-April-10-2021-Ligue-1
FRA-Ligue 1,2021,Paris S-G,2021-04-18 Paris S-G-Saint-Étienne,2021-04-18,Matchweek 33,Sun,Home,W,3,2,Saint-Étienne,71,836.0,37.0,124.0,464.0,253.0,22.0,835.0,22.0,13.0,59.1,9.0,40.9,548.0,2782.0,1646.0,23.0,25.0,4.0,19.0,8.0,624.0,77.0,13:00:00,/en/matches/9ae8425f/Paris-Saint-Germain-Saint-Etienne-April-18-2021-Ligue-1
FRA-Ligue 1,2021,Paris S-G,2021-04-24 Metz-Paris S-G,2021-04-24,Matchweek 34,Sat,Away,W,3,1,Metz,66,809.0,36.0,177.0,502.0,138.0,30.0,808.0,22.0,12.0,54.5,10.0,45.5,573.0,2110.0,1109.0,17.0,15.0,11.0,10.0,5.0,625.0,51.0,17:00:00,/en/matches/370cea73/Metz-Paris-Saint-Germain-April-24-2021-Ligue-1
FRA-Ligue 1,2021,Paris S-G,2021-05-01 Paris S-G-Lens,2021-05-01,Matchweek 35,Sat,Home,W,2,1,Lens,59,713.0,50.0,214.0,364.0,143.0,18.0,713.0,24.0,11.0,45.8,13.0,54.2,495.0,2147.0,1174.0,23.0,17.0,4.0,12.0,8.0,555.0,40.0,17:00:00,/en/matches/315d82a9/Paris-Saint-Germain-Lens-May-1-2021-Ligue-1
FRA-Ligue 1,2021,Paris S-G,2021-05-09 Rennes-Paris S-G,2021-05-09,Matchweek 36,Sun,Away,D,1,1,Rennes,57,713.0,74.0,217.0,306.0,196.0,31.0,712.0,19.0,13.0,68.4,6.0,31.6,502.0,2576.0,1503.0,27.0,17.0,6.0,14.0,8.0,532.0,56.0,21:00:00,/en/matches/6fb5cbc5/Rennes-Paris-Saint-Germain-May-9-2021-Ligue-1
FRA-Ligue 1,2021,Paris S-G,2021-05-16 Paris S-G-Reims,2021-05-16,Matchweek 37,Sun,Home,W,4,0,Reims,58,728.0,32.0,99.0,313.0,321.0,64.0,727.0,15.0,10.0,66.7,5.0,33.3,524.0,2693.0,1578.0,32.0,28.0,12.0,6.0,19.0,572.0,71.0,21:00:00,/en/matches/b8a9948f/Paris-Saint-Germain-Reims-May-16-2021-Ligue-1
FRA-Ligue 1,2021,Paris S-G,2021-05-23 Brest-Paris S-G,2021-05-23,Matchweek 38,Sun,Away,W,2,0,Brest,63,830.0,44.0,134.0,437.0,263.0,30.0,829.0,28.0,18.0,64.3,10.0,35.7,498.0,2784.0,1571.0,33.0,25.0,7.0,22.0,4.0,638.0,46.0,21:00:00,/en/matches/e0259056/Brest-Paris-Saint-Germain-May-23-2021-Ligue-1
FRA-Ligue 1,2021,Reims,2020-08-23 Monaco-Reims,2020-08-23,Matchweek 1,Sun,Away,D,2,2,Monaco,25,377.0,87.0,185.0,143.0,56.0,12.0,377.0,19.0,15.0,78.9,4.0,21.1,193.0,1151.0,710.0,15.0,12.0,7.0,11.0,19.0,179.0,19.0,13:00:00,/en/matches/b3bddcc0/Monaco-Reims-August-23-2020-Ligue-1
FRA-Ligue 1,2021,Reims,2020-08-30 Reims-Lille,2020-08-30,Matchweek 2,Sun,Home,L,0,1,Lille,50,677.0,46.0,245.0,348.0,92.0,8.0,677.0,18.0,8.0,44.4,10.0,55.6,466.0,2105.0,1048.0,12.0,13.0,1.0,23.0,8.0,469.0,33.0,13:00:00,/en/matches/c25931b4/Reims-Lille-August-30-2020-Ligue-1
FRA-Ligue 1,2021,Reims,2020-09-13 Angers-Reims,2020-09-13,Matchweek 3,Sun,Away,L,0,1,Angers,42,541.0,65.0,215.0,264.0,66.0,8.0,541.0,12.0,7.0,58.3,5.0,41.7,279.0,1538.0,753.0,14.0,7.0,3.0,10.0,3.0,341.0,22.0,15:00:00,/en/matches/a1237c63/Angers-Reims-September-13-2020-Ligue-1
FRA-Ligue 1,2021,Reims,2020-09-20 Metz-Reims,2020-09-20,Matchweek 4,Sun,Away,L,1,2,Metz,41,462.0,62.0,184.0,189.0,92.0,12.0,461.0,22.0,10.0,45.5,12.0,54.5,185.0,1467.0,709.0,15.0,7.0,4.0,13.0,9.0,251.0,21.0,15:00:00,/en/matches/a0f9e058/Metz-Reims-September-20-2020-Ligue-1
FRA-Ligue 1,2021,Reims,2020-09-27 Reims-Paris S-G,2020-09-27,Matchweek 5,Sun,Home,L,0,2,Paris S-G,36,488.0,90.0,252.0,136.0,114.0,17.0,488.0,18.0,9.0,50.0,9.0,50.0,279.0,2490.0,1227.0,22.0,17.0,3.0,16.0,5.0,326.0,49.0,21:00:00,/en/matches/61cf0b59/Reims-Paris-Saint-Germain-September-27-2020-Ligue-1
FRA-Ligue 1,2021,Reims,2020-10-04 Rennes-Reims,2020-10-04,Matchweek 6,Sun,Away,D,2,2,Rennes,27,382.0,87.0,210.0,118.0,58.0,13.0,382.0,13.0,8.0,61.5,5.0,38.5,141.0,889.0,494.0,10.0,6.0,3.0,13.0,3.0,177.0,15.0,17:00:00,/en/matches/6d85492f/Rennes-Reims-October-4-2020-Ligue-1
FRA-Ligue 1,2021,Reims,2020-10-17 Reims-Lorient,2020-10-17,Matchweek 7,Sat,Home,L,1,3,Lorient,47,505.0,60.0,180.0,214.0,114.0,24.0,505.0,28.0,14.0,50.0,14.0,50.0,229.0,1167.0,630.0,17.0,9.0,6.0,21.0,7.0,282.0,40.0,17:00:00,/en/matches/db1bb52f/Reims-Lorient-October-17-2020-Ligue-1
FRA-Ligue 1,2021,Reims,2020-10-25 Montpellier-Reims,2020-10-25,Matchweek 8,Sun,Away,W,4,0,Montpellier,67,816.0,23.0,129.0,454.0,239.0,39.0,814.0,18.0,11.0,61.1,7.0,38.9,596.0,2972.0,1753.0,39.0,31.0,6.0,10.0,3.0,654.0,69.0,15:00:00,/en/matches/395d1d43/Montpellier-Reims-October-25-2020-Ligue-1
FRA-Ligue 1,2021,Reims,2020-11-01 Reims-Strasbourg,2020-11-01,Matchweek 9,Sun,Home,W,2,1,Strasbourg,51,605.0,58.0,177.0,317.0,118.0,11.0,605.0,24.0,13.0,54.2,11.0,45.8,407.0,1933.0,874.0,20.0,13.0,0.0,15.0,5.0,402.0,35.0,15:00:00,/en/matches/791f7224/Reims-Strasbourg-November-1-2020-Ligue-1
FRA-Ligue 1,2021,Reims,2020-11-08 Lens-Reims,2020-11-08,Matchweek 10,Sun,Away,D,4,4,Lens,38,490.0,74.0,205.0,227.0,64.0,11.0,490.0,18.0,7.0,38.9,11.0,61.1,220.0,1489.0,759.0,11.0,8.0,3.0,8.0,7.0,273.0,17.0,15:00:00,/en/matches/e2283e68/Lens-Reims-November-8-2020-Ligue-1
FRA-Ligue 1,2021,Reims,2020-11-22 Reims-Nîmes,2020-11-22,Matchweek 11,Sun,Home,L,0,1,Nîmes,70,788.0,43.0,165.0,412.0,220.0,19.0,788.0,20.0,14.0,70.0,6.0,30.0,518.0,3054.0,1803.0,34.0,19.0,3.0,24.0,7.0,553.0,77.0,15:00:00,/en/matches/1ee3fd0c/Reims-Nimes-November-22-2020-Ligue-1
FRA-Ligue 1,2021,Reims,2020-11-29 Lyon-Reims,2020-11-29,Matchweek 12,Sun,Away,L,0,3,Lyon,36,478.0,57.0,190.0,200.0,96.0,10.0,478.0,17.0,9.0,52.9,8.0,47.1,243.0,1529.0,815.0,22.0,12.0,4.0,10.0,9.0,298.0,31.0,13:00:00,/en/matches/4301f4b9/Lyon-Reims-November-29-2020-Ligue-1
FRA-Ligue 1,2021,Reims,2020-12-06 Reims-Nice,2020-12-06,Matchweek 13,Sun,Home,D,0,0,Nice,35,507.0,63.0,160.0,231.0,124.0,23.0,507.0,22.0,12.0,54.5,10.0,45.5,217.0,1540.0,750.0,18.0,9.0,9.0,19.0,12.0,269.0,23.0,17:00:00,/en/matches/bbfbe923/Reims-Nice-December-6-2020-Ligue-1
FRA-Ligue 1,2021,Reims,2020-12-13 Brest-Reims,2020-12-13,Matchweek 14,Sun,Away,L,1,2,Brest,49,592.0,51.0,190.0,262.0,145.0,24.0,591.0,16.0,9.0,56.3,7.0,43.8,284.0,1634.0,879.0,18.0,11.0,5.0,18.0,4.0,395.0,49.0,15:00:00,/en/matches/8757c51f/Brest-Reims-December-13-2020-Ligue-1
FRA-Ligue 1,2021,Reims,2020-12-16 Reims-Nantes,2020-12-16,Matchweek 15,Wed,Home,W,3,2,Nantes,46,572.0,68.0,223.0,217.0,139.0,21.0,571.0,26.0,15.0,57.7,11.0,42.3,259.0,1563.0,862.0,22.0,12.0,4.0,29.0,8.0,341.0,39.0,19:00:00,/en/matches/5e8e99fa/Reims-Nantes-December-16-2020-Ligue-1
FRA-Ligue 1,2021,Reims,2020-12-19 Marseille-Reims,2020-12-19,Matchweek 16,Sat,Away,D,1,1,Marseille,30,429.0,64.0,236.0,162.0,39.0,7.0,429.0,21.0,10.0,47.6,11.0,52.4,232.0,1449.0,765.0,19.0,2.0,7.0,17.0,13.0,213.0,12.0,19:00:00,/en/matches/bea6f7ea/Marseille-Reims-December-19-2020-Ligue-1
FRA-Ligue 1,2021,Reims,2020-12-23 Bordeaux-Reims,2020-12-23,Matchweek 17,Wed,Away,W,3,1,Bordeaux,38,540.0,51.0,224.0,238.0,85.0,14.0,540.0,12.0,8.0,66.7,4.0,33.3,285.0,1835.0,963.0,20.0,11.0,3.0,16.0,4.0,345.0,27.0,19:00:00,/en/matches/92d5d552/Bordeaux-Reims-December-23-2020-Ligue-1
FRA-Ligue 1,2021,Reims,2021-01-06 Reims-Dijon,2021-01-06,Matchweek 18,Wed,Home,D,0,0,Dijon,57,698.0,41.0,202.0,336.0,170.0,16.0,698.0,29.0,11.0,37.9,18.0,62.1,432.0,2260.0,1142.0,17.0,19.0,3.0,16.0,4.0,477.0,53.0,21:00:00,/en/matches/170fb6b5/Reims-Dijon-January-6-2021-Ligue-1
FRA-Ligue 1,2021,Reims,2021-01-09 Reims-Saint-Étienne,2021-01-09,Matchweek 19,Sat,Home,W,3,1,Saint-Étienne,36,464.0,66.0,190.0,190.0,87.0,13.0,463.0,17.0,4.0,23.5,13.0,76.5,216.0,1137.0,562.0,7.0,7.0,4.0,22.0,6.0,231.0,23.0,21:00:00,/en/matches/eb982b95/Reims-Saint-Etienne-January-9-2021-Ligue-1
FRA-Ligue 1,2021,Reims,2021-01-17 Lille-Reims,2021-01-17,Matchweek 20,Sun,Away,L,1,2,Lille,39,541.0,73.0,256.0,216.0,76.0,8.0,541.0,15.0,9.0,60.0,6.0,40.0,357.0,1796.0,901.0,19.0,10.0,3.0,17.0,5.0,337.0,26.0,17:00:00,/en/matches/19eb6375/Lille-Reims-January-17-2021-Ligue-1
FRA-Ligue 1,2021,Reims,2021-01-24 Reims-Brest,2021-01-24,Matchweek 21,Sun,Home,W,1,0,Brest,36,474.0,73.0,192.0,176.0,111.0,25.0,474.0,10.0,3.0,30.0,7.0,70.0,210.0,1453.0,743.0,18.0,9.0,8.0,18.0,3.0,254.0,32.0,15:00:00,/en/matches/54bc4f15/Reims-Brest-January-24-2021-Ligue-1
FRA-Ligue 1,2021,Reims,2021-01-31 Strasbourg-Reims,2021-01-31,Matchweek 22,Sun,Away,W,1,0,Strasbourg,52,617.0,59.0,219.0,295.0,105.0,15.0,617.0,14.0,10.0,71.4,4.0,28.6,304.0,1914.0,1096.0,19.0,6.0,3.0,13.0,5.0,415.0,35.0,15:00:00,/en/matches/7d380a9a/Strasbourg-Reims-January-31-2021-Ligue-1
FRA-Ligue 1,2021,Reims,2021-02-03 Reims-Angers,2021-02-03,Matchweek 23,Wed,Home,D,0,0,Angers,57,677.0,43.0,251.0,291.0,145.0,16.0,677.0,11.0,5.0,45.5,6.0,54.5,451.0,2134.0,1203.0,24.0,14.0,2.0,12.0,10.0,476.0,40.0,19:00:00,/en/matches/00f3abdc/Reims-Angers-February-3-2021-Ligue-1
FRA-Ligue 1,2021,Reims,2021-02-06 Lorient-Reims,2021-02-06,Matchweek 24,Sat,Away,L,0,1,Lorient,60,653.0,50.0,208.0,337.0,115.0,16.0,653.0,19.0,15.0,78.9,4.0,21.1,349.0,2054.0,1049.0,15.0,9.0,3.0,17.0,13.0,433.0,32.0,17:00:00,/en/matches/efa9508b/Lorient-Reims-February-6-2021-Ligue-1
FRA-Ligue 1,2021,Reims,2021-02-13 Reims-Lens,2021-02-13,Matchweek 25,Sat,Home,D,1,1,Lens,37,478.0,98.0,260.0,141.0,85.0,8.0,478.0,14.0,8.0,57.1,6.0,42.9,227.0,1343.0,670.0,17.0,10.0,3.0,20.0,11.0,244.0,13.0,19:00:00,/en/matches/26bbc16f/Reims-Lens-February-13-2021-Ligue-1
FRA-Ligue 1,2021,Reims,2021-02-20 Saint-Étienne-Reims,2021-02-20,Matchweek 26,Sat,Away,D,1,1,Saint-Étienne,51,620.0,85.0,264.0,263.0,99.0,16.0,620.0,24.0,15.0,62.5,9.0,37.5,364.0,1832.0,1010.0,22.0,11.0,3.0,17.0,17.0,355.0,28.0,13:00:00,/en/matches/01026fa4/Saint-Etienne-Reims-February-20-2021-Ligue-1
FRA-Ligue 1,2021,Reims,2021-02-28 Reims-Montpellier,2021-02-28,Matchweek 27,Sun,Home,D,0,0,Montpellier,57,662.0,46.0,217.0,282.0,170.0,20.0,662.0,23.0,13.0,56.5,10.0,43.5,361.0,2057.0,1356.0,22.0,9.0,5.0,23.0,8.0,437.0,51.0,15:00:00,/en/matches/de4cb95e/Reims-Montpellier-February-28-2021-Ligue-1
FRA-Ligue 1,2021,Reims,2021-03-03 Nantes-Reims,2021-03-03,Matchweek 28,Wed,Away,W,2,1,Nantes,51,590.0,65.0,260.0,243.0,90.0,9.0,590.0,14.0,7.0,50.0,7.0,50.0,341.0,1612.0,690.0,11.0,11.0,1.0,18.0,12.0,351.0,28.0,21:00:00,/en/matches/c7731977/Nantes-Reims-March-3-2021-Ligue-1
FRA-Ligue 1,2021,Reims,2021-03-12 Reims-Lyon,2021-03-12,Matchweek 29,Fri,Home,D,1,1,Lyon,32,503.0,112.0,271.0,161.0,84.0,11.0,503.0,13.0,9.0,69.2,4.0,30.8,244.0,1569.0,931.0,17.0,16.0,4.0,16.0,4.0,245.0,16.0,21:00:00,/en/matches/6f1ea543/Reims-Lyon-March-12-2021-Ligue-1
FRA-Ligue 1,2021,Reims,2021-03-21 Dijon-Reims,2021-03-21,Matchweek 30,Sun,Away,W,1,0,Dijon,47,591.0,49.0,181.0,276.0,142.0,13.0,591.0,15.0,12.0,80.0,3.0,20.0,365.0,1943.0,1022.0,22.0,13.0,2.0,21.0,9.0,375.0,35.0,15:00:00,/en/matches/212008ae/Dijon-Reims-March-21-2021-Ligue-1
FRA-Ligue 1,2021,Reims,2021-04-04 Reims-Rennes,2021-04-04,Matchweek 31,Sun,Home,D,2,2,Rennes,42,495.0,78.0,251.0,163.0,89.0,13.0,495.0,14.0,10.0,71.4,4.0,28.6,326.0,1804.0,1075.0,23.0,14.0,6.0,7.0,6.0,334.0,24.0,15:00:00,/en/matches/6957bee0/Reims-Rennes-April-4-2021-Ligue-1
FRA-Ligue 1,2021,Reims,2021-04-11 Nice-Reims,2021-04-11,Matchweek 32,Sun,Away,D,0,0,Nice,46,525.0,60.0,187.0,228.0,117.0,22.0,525.0,14.0,6.0,42.9,8.0,57.1,347.0,2037.0,1141.0,20.0,17.0,6.0,15.0,3.0,352.0,39.0,15:00:00,/en/matches/fe622347/Nice-Reims-April-11-2021-Ligue-1
FRA-Ligue 1,2021,Reims,2021-04-18 Reims-Metz,2021-04-18,Matchweek 33,Sun,Home,D,0,0,Metz,48,599.0,54.0,198.0,268.0,142.0,16.0,599.0,16.0,7.0,43.8,9.0,56.3,346.0,1991.0,1146.0,16.0,16.0,4.0,15.0,3.0,385.0,39.0,15:00:00,/en/matches/b7a01ae1/Reims-Metz-April-18-2021-Ligue-1
FRA-Ligue 1,2021,Reims,2021-04-23 Reims-Marseille,2021-04-23,Matchweek 34,Fri,Home,L,1,3,Marseille,42,546.0,56.0,195.0,236.0,125.0,15.0,546.0,16.0,10.0,62.5,6.0,37.5,277.0,1713.0,930.0,17.0,16.0,3.0,12.0,5.0,372.0,28.0,21:00:00,/en/matches/6b30b4bd/Reims-Marseille-April-23-2021-Ligue-1
FRA-Ligue 1,2021,Reims,2021-05-02 Nîmes-Reims,2021-05-02,Matchweek 35,Sun,Away,D,2,2,Nîmes,49,559.0,84.0,247.0,209.0,108.0,13.0,559.0,16.0,11.0,68.8,5.0,31.3,324.0,1891.0,943.0,21.0,13.0,3.0,15.0,9.0,327.0,29.0,15:00:00,/en/matches/52a6b8a7/Nimes-Reims-May-2-2021-Ligue-1
FRA-Ligue 1,2021,Reims,2021-05-09 Reims-Monaco,2021-05-09,Matchweek 36,Sun,Home,L,0,1,Monaco,40,546.0,64.0,245.0,187.0,117.0,15.0,546.0,19.0,9.0,47.4,10.0,52.6,360.0,1646.0,769.0,9.0,8.0,2.0,20.0,8.0,359.0,33.0,17:05:00,/en/matches/8eec746c/Reims-Monaco-May-9-2021-Ligue-1
FRA-Ligue 1,2021,Reims,2021-05-16 Paris S-G-Reims,2021-05-16,Matchweek 37,Sun,Away,L,0,4,Paris S-G,42,571.0,128.0,282.0,220.0,74.0,6.0,571.0,20.0,12.0,60.0,8.0,40.0,356.0,1845.0,940.0,14.0,20.0,1.0,10.0,5.0,393.0,27.0,21:00:00,/en/matches/b8a9948f/Paris-Saint-Germain-Reims-May-16-2021-Ligue-1
FRA-Ligue 1,2021,Reims,2021-05-23 Reims-Bordeaux,2021-05-23,Matchweek 38,Sun,Home,L,1,2,Bordeaux,56,670.0,52.0,246.0,283.0,147.0,20.0,670.0,12.0,6.0,50.0,6.0,50.0,416.0,2581.0,1445.0,20.0,16.0,8.0,13.0,5.0,511.0,31.0,21:00:00,/en/matches/0dc82fba/Reims-Bordeaux-May-23-2021-Ligue-1
FRA-Ligue 1,2021,Rennes,2020-08-22 Lille-Rennes,2020-08-22,Matchweek 1,Sat,Away,D,1,1,Lille,48,628.0,53.0,230.0,288.0,115.0,18.0,628.0,21.0,11.0,52.4,10.0,47.6,428.0,1858.0,936.0,18.0,9.0,4.0,14.0,6.0,427.0,37.0,21:00:00,/en/matches/50ec2fcc/Lille-Rennes-August-22-2020-Ligue-1
FRA-Ligue 1,2021,Rennes,2020-08-29 Rennes-Montpellier,2020-08-29,Matchweek 2,Sat,Home,W,2,1,Montpellier,65,740.0,45.0,224.0,396.0,126.0,17.0,740.0,20.0,12.0,60.0,8.0,40.0,357.0,2213.0,1237.0,20.0,19.0,6.0,17.0,9.0,544.0,34.0,17:00:00,/en/matches/1ec60fe6/Rennes-Montpellier-August-29-2020-Ligue-1
FRA-Ligue 1,2021,Rennes,2020-09-13 Nîmes-Rennes,2020-09-13,Matchweek 3,Sun,Away,W,4,2,Nîmes,55,575.0,78.0,223.0,257.0,98.0,13.0,575.0,25.0,10.0,40.0,14.0,56.0,287.0,1573.0,807.0,14.0,10.0,4.0,13.0,4.0,372.0,33.0,15:00:00,/en/matches/a38dda9a/Nimes-Rennes-September-13-2020-Ligue-1
FRA-Ligue 1,2021,Rennes,2020-09-19 Rennes-Monaco,2020-09-19,Matchweek 4,Sat,Home,W,2,1,Monaco,58,749.0,58.0,193.0,412.0,148.0,17.0,749.0,21.0,11.0,52.4,10.0,47.6,458.0,2142.0,1175.0,22.0,17.0,5.0,16.0,6.0,554.0,58.0,21:00:00,/en/matches/17da8c83/Rennes-Monaco-September-19-2020-Ligue-1
FRA-Ligue 1,2021,Rennes,2020-09-26 Saint-Étienne-Rennes,2020-09-26,Matchweek 5,Sat,Away,W,3,0,Saint-Étienne,51,649.0,70.0,235.0,295.0,126.0,22.0,649.0,25.0,13.0,52.0,12.0,48.0,482.0,2137.0,1053.0,18.0,15.0,4.0,9.0,10.0,436.0,41.0,17:00:00,/en/matches/bd61810c/Saint-Etienne-Rennes-September-26-2020-Ligue-1
FRA-Ligue 1,2021,Rennes,2020-10-04 Rennes-Reims,2020-10-04,Matchweek 6,Sun,Home,D,2,2,Reims,73,809.0,44.0,183.0,428.0,202.0,27.0,809.0,24.0,10.0,41.7,14.0,58.3,354.0,2009.0,1042.0,19.0,15.0,2.0,14.0,4.0,610.0,53.0,17:00:00,/en/matches/6d85492f/Rennes-Reims-October-4-2020-Ligue-1
FRA-Ligue 1,2021,Rennes,2020-10-16 Dijon-Rennes,2020-10-16,Matchweek 7,Fri,Away,D,1,1,Dijon,60,706.0,50.0,229.0,309.0,177.0,24.0,706.0,23.0,15.0,65.2,8.0,34.8,433.0,2039.0,988.0,11.0,11.0,4.0,20.0,9.0,483.0,48.0,19:00:00,/en/matches/40fc3205/Dijon-Rennes-October-16-2020-Ligue-1
FRA-Ligue 1,2021,Rennes,2020-10-23 Rennes-Angers,2020-10-23,Matchweek 8,Fri,Home,L,1,2,Angers,63,852.0,51.0,173.0,427.0,257.0,27.0,852.0,26.0,18.0,69.2,8.0,30.8,436.0,2939.0,1719.0,32.0,32.0,5.0,18.0,9.0,642.0,77.0,21:00:00,/en/matches/3450b7fc/Rennes-Angers-October-23-2020-Ligue-1
FRA-Ligue 1,2021,Rennes,2020-10-31 Rennes-Brest,2020-10-31,Matchweek 9,Sat,Home,W,2,1,Brest,68,955.0,45.0,208.0,508.0,243.0,32.0,955.0,13.0,6.0,46.2,7.0,53.8,634.0,2301.0,1138.0,20.0,12.0,7.0,16.0,4.0,759.0,76.0,17:00:00,/en/matches/484e968c/Rennes-Brest-October-31-2020-Ligue-1
FRA-Ligue 1,2021,Rennes,2020-11-07 Paris S-G-Rennes,2020-11-07,Matchweek 10,Sat,Away,L,0,3,Paris S-G,51,645.0,47.0,191.0,289.0,171.0,25.0,645.0,10.0,6.0,60.0,4.0,40.0,401.0,1899.0,979.0,18.0,16.0,2.0,11.0,3.0,462.0,45.0,21:00:00,/en/matches/a28dd1b9/Paris-Saint-Germain-Rennes-November-7-2020-Ligue-1
FRA-Ligue 1,2021,Rennes,2020-11-20 Rennes-Bordeaux,2020-11-20,Matchweek 11,Fri,Home,L,0,1,Bordeaux,59,684.0,27.0,195.0,334.0,159.0,16.0,684.0,9.0,3.0,33.3,6.0,66.7,344.0,2037.0,1021.0,17.0,13.0,2.0,18.0,9.0,446.0,46.0,19:00:00,/en/matches/c7f16be3/Rennes-Bordeaux-November-20-2020-Ligue-1
FRA-Ligue 1,2021,Rennes,2020-11-27 Strasbourg-Rennes,2020-11-27,Matchweek 12,Fri,Away,D,1,1,Strasbourg,68,770.0,28.0,147.0,383.0,245.0,30.0,770.0,14.0,11.0,78.6,3.0,21.4,415.0,2350.0,1246.0,28.0,17.0,0.0,15.0,13.0,580.0,76.0,21:00:00,/en/matches/3b498bf8/Strasbourg-Rennes-November-27-2020-Ligue-1
FRA-Ligue 1,2021,Rennes,2020-12-05 Rennes-Lens,2020-12-05,Matchweek 13,Sat,Home,L,0,2,Lens,60,668.0,46.0,199.0,315.0,161.0,18.0,668.0,10.0,3.0,30.0,7.0,70.0,385.0,1945.0,964.0,23.0,9.0,5.0,21.0,11.0,416.0,40.0,17:00:00,/en/matches/69560d5c/Rennes-Lens-December-5-2020-Ligue-1
FRA-Ligue 1,2021,Rennes,2020-12-13 Nice-Rennes,2020-12-13,Matchweek 14,Sun,Away,W,1,0,Nice,46,608.0,52.0,178.0,324.0,113.0,23.0,608.0,17.0,12.0,70.6,4.0,23.5,310.0,1691.0,886.0,14.0,14.0,4.0,12.0,7.0,411.0,34.0,13:00:00,/en/matches/5c4cfd00/Nice-Rennes-December-13-2020-Ligue-1
FRA-Ligue 1,2021,Rennes,2020-12-16 Rennes-Marseille,2020-12-16,Matchweek 15,Wed,Home,W,2,1,Marseille,67,734.0,31.0,149.0,357.0,232.0,20.0,734.0,17.0,6.0,35.3,11.0,64.7,433.0,1920.0,1082.0,23.0,18.0,2.0,11.0,1.0,521.0,61.0,21:00:00,/en/matches/7757b78e/Rennes-Marseille-December-16-2020-Ligue-1
FRA-Ligue 1,2021,Rennes,2020-12-20 Lorient-Rennes,2020-12-20,Matchweek 16,Sun,Away,W,3,0,Lorient,57,695.0,44.0,198.0,364.0,144.0,15.0,695.0,19.0,16.0,84.2,3.0,15.8,374.0,2064.0,967.0,18.0,21.0,5.0,14.0,13.0,525.0,46.0,17:00:00,/en/matches/63148fae/Lorient-Rennes-December-20-2020-Ligue-1
FRA-Ligue 1,2021,Rennes,2020-12-23 Rennes-Metz,2020-12-23,Matchweek 17,Wed,Home,W,1,0,Metz,62,769.0,56.0,170.0,412.0,193.0,21.0,769.0,13.0,9.0,69.2,4.0,30.8,523.0,2378.0,1193.0,22.0,14.0,5.0,18.0,9.0,551.0,40.0,19:00:00,/en/matches/cb7d6ff7/Rennes-Metz-December-23-2020-Ligue-1
FRA-Ligue 1,2021,Rennes,2021-01-06 Nantes-Rennes,2021-01-06,Matchweek 18,Wed,Away,D,0,0,Nantes,72,946.0,46.0,191.0,523.0,234.0,17.0,946.0,14.0,8.0,57.1,6.0,42.9,662.0,2807.0,1517.0,17.0,21.0,4.0,18.0,8.0,740.0,76.0,19:00:00,/en/matches/251197e6/Nantes-Rennes-January-6-2021-Ligue-1
FRA-Ligue 1,2021,Rennes,2021-01-09 Rennes-Lyon,2021-01-09,Matchweek 19,Sat,Home,D,2,2,Lyon,55,769.0,52.0,220.0,394.0,161.0,16.0,769.0,18.0,7.0,38.9,11.0,61.1,527.0,1988.0,1044.0,16.0,20.0,3.0,21.0,7.0,536.0,32.0,21:00:00,/en/matches/a17d9c6a/Rennes-Lyon-January-9-2021-Ligue-1
FRA-Ligue 1,2021,Rennes,2021-01-17 Brest-Rennes,2021-01-17,Matchweek 20,Sun,Away,W,2,1,Brest,57,766.0,46.0,194.0,415.0,160.0,16.0,765.0,9.0,4.0,44.4,5.0,55.6,466.0,2222.0,941.0,16.0,15.0,4.0,18.0,6.0,579.0,47.0,13:00:00,/en/matches/e3319eb7/Brest-Rennes-January-17-2021-Ligue-1
FRA-Ligue 1,2021,Rennes,2021-01-24 Rennes-Lille,2021-01-24,Matchweek 21,Sun,Home,L,0,1,Lille,67,804.0,41.0,202.0,443.0,171.0,14.0,804.0,32.0,22.0,68.8,10.0,31.3,397.0,2064.0,1042.0,26.0,18.0,2.0,21.0,5.0,568.0,52.0,17:00:00,/en/matches/16b98c65/Rennes-Lille-January-24-2021-Ligue-1
FRA-Ligue 1,2021,Rennes,2021-02-03 Rennes-Lorient,2021-02-03,Matchweek 23,Wed,Home,D,1,1,Lorient,59,774.0,45.0,169.0,401.0,208.0,28.0,774.0,15.0,11.0,73.3,4.0,26.7,477.0,2301.0,965.0,15.0,23.0,3.0,19.0,7.0,564.0,43.0,19:00:00,/en/matches/5834a902/Rennes-Lorient-February-3-2021-Ligue-1
FRA-Ligue 1,2021,Rennes,2021-02-06 Lens-Rennes,2021-02-06,Matchweek 24,Sat,Away,D,0,0,Lens,47,625.0,51.0,173.0,324.0,133.0,21.0,625.0,7.0,5.0,71.4,2.0,28.6,394.0,1752.0,878.0,15.0,9.0,4.0,18.0,10.0,411.0,43.0,21:00:00,/en/matches/1a65ddc8/Lens-Rennes-February-6-2021-Ligue-1
FRA-Ligue 1,2021,Rennes,2021-02-14 Rennes-Saint-Étienne,2021-02-14,Matchweek 25,Sun,Home,L,0,2,Saint-Étienne,71,828.0,40.0,170.0,462.0,199.0,24.0,828.0,14.0,6.0,42.9,8.0,57.1,411.0,2178.0,1174.0,19.0,12.0,3.0,22.0,7.0,580.0,64.0,15:00:00,/en/matches/95bcd2b0/Rennes-Saint-Etienne-February-14-2021-Ligue-1
FRA-Ligue 1,2021,Rennes,2021-02-21 Montpellier-Rennes,2021-02-21,Matchweek 26,Sun,Away,L,1,2,Montpellier,65,733.0,47.0,151.0,420.0,169.0,27.0,733.0,22.0,15.0,68.2,7.0,31.8,562.0,2917.0,1619.0,27.0,31.0,6.0,16.0,5.0,550.0,59.0,13:00:00,/en/matches/878465f3/Montpellier-Rennes-February-21-2021-Ligue-1
FRA-Ligue 1,2021,Rennes,2021-02-26 Rennes-Nice,2021-02-26,Matchweek 27,Fri,Home,L,1,2,Nice,61,692.0,47.0,162.0,321.0,213.0,25.0,692.0,11.0,7.0,63.6,4.0,36.4,463.0,2187.0,1255.0,22.0,12.0,5.0,13.0,6.0,506.0,58.0,21:00:00,/en/matches/33ef08af/Rennes-Nice-February-26-2021-Ligue-1
FRA-Ligue 1,2021,Rennes,2021-03-03 Lyon-Rennes,2021-03-03,Matchweek 28,Wed,Away,L,0,1,Lyon,53,717.0,77.0,247.0,342.0,133.0,15.0,717.0,24.0,16.0,66.7,8.0,33.3,388.0,1849.0,1017.0,19.0,15.0,4.0,19.0,5.0,482.0,29.0,19:00:00,/en/matches/423f56db/Lyon-Rennes-March-3-2021-Ligue-1
FRA-Ligue 1,2021,Rennes,2021-03-10 Marseille-Rennes,2021-03-10,Matchweek 22,Wed,Away,L,0,1,Marseille,49,612.0,44.0,135.0,344.0,137.0,15.0,612.0,14.0,8.0,57.1,6.0,42.9,402.0,1808.0,939.0,19.0,19.0,4.0,20.0,15.0,397.0,37.0,19:00:00,/en/matches/1724ec53/Marseille-Rennes-March-10-2021-Ligue-1
FRA-Ligue 1,2021,Rennes,2021-03-14 Rennes-Strasbourg,2021-03-14,Matchweek 29,Sun,Home,W,1,0,Strasbourg,50,631.0,46.0,186.0,301.0,152.0,26.0,631.0,17.0,10.0,58.8,7.0,41.2,236.0,1458.0,816.0,21.0,13.0,6.0,20.0,6.0,410.0,56.0,15:00:00,/en/matches/0c33e9b2/Rennes-Strasbourg-March-14-2021-Ligue-1
FRA-Ligue 1,2021,Rennes,2021-03-20 Metz-Rennes,2021-03-20,Matchweek 30,Sat,Away,W,3,1,Metz,48,606.0,81.0,220.0,283.0,108.0,11.0,605.0,14.0,10.0,71.4,4.0,28.6,331.0,1634.0,848.0,13.0,10.0,4.0,13.0,7.0,385.0,28.0,13:00:00,/en/matches/cc1f739a/Metz-Rennes-March-20-2021-Ligue-1
FRA-Ligue 1,2021,Rennes,2021-04-04 Reims-Rennes,2021-04-04,Matchweek 31,Sun,Away,D,2,2,Reims,58,644.0,39.0,148.0,309.0,191.0,29.0,643.0,11.0,7.0,63.6,4.0,36.4,422.0,2243.0,1179.0,25.0,16.0,7.0,13.0,4.0,481.0,51.0,15:00:00,/en/matches/6957bee0/Reims-Rennes-April-4-2021-Ligue-1
FRA-Ligue 1,2021,Rennes,2021-04-11 Rennes-Nantes,2021-04-11,Matchweek 32,Sun,Home,W,1,0,Nantes,64,788.0,52.0,183.0,419.0,190.0,29.0,788.0,13.0,7.0,53.8,6.0,46.2,456.0,2326.0,1092.0,8.0,10.0,3.0,10.0,11.0,559.0,38.0,13:00:00,/en/matches/f48ef301/Rennes-Nantes-April-11-2021-Ligue-1
FRA-Ligue 1,2021,Rennes,2021-04-17 Angers-Rennes,2021-04-17,Matchweek 33,Sat,Away,W,3,0,Angers,59,797.0,43.0,183.0,457.0,162.0,27.0,797.0,21.0,15.0,71.4,6.0,28.6,546.0,2571.0,1355.0,28.0,13.0,12.0,8.0,5.0,623.0,66.0,12:45:00,/en/matches/f3267962/Angers-Rennes-April-17-2021-Ligue-1
FRA-Ligue 1,2021,Rennes,2021-04-25 Rennes-Dijon,2021-04-25,Matchweek 34,Sun,Home,W,5,1,Dijon,74,896.0,39.0,173.0,503.0,228.0,44.0,896.0,19.0,12.0,63.2,7.0,36.8,547.0,2555.0,1419.0,30.0,15.0,11.0,14.0,8.0,734.0,60.0,15:00:00,/en/matches/89bb1f81/Rennes-Dijon-April-25-2021-Ligue-1
FRA-Ligue 1,2021,Rennes,2021-05-02 Bordeaux-Rennes,2021-05-02,Matchweek 35,Sun,Away,L,0,1,Bordeaux,55,629.0,44.0,178.0,319.0,143.0,19.0,629.0,35.0,26.0,74.3,9.0,25.7,386.0,2158.0,1238.0,20.0,13.0,7.0,18.0,5.0,420.0,40.0,13:00:00,/en/matches/fbdd3548/Bordeaux-Rennes-May-2-2021-Ligue-1
FRA-Ligue 1,2021,Rennes,2021-05-09 Rennes-Paris S-G,2021-05-09,Matchweek 36,Sun,Home,D,1,1,Paris S-G,43,557.0,74.0,201.0,224.0,137.0,24.0,557.0,24.0,19.0,79.2,5.0,20.8,282.0,1552.0,868.0,21.0,9.0,7.0,13.0,9.0,365.0,34.0,21:00:00,/en/matches/6fb5cbc5/Rennes-Paris-Saint-Germain-May-9-2021-Ligue-1
FRA-Ligue 1,2021,Rennes,2021-05-16 Monaco-Rennes,2021-05-16,Matchweek 37,Sun,Away,L,1,2,Monaco,60,724.0,65.0,236.0,341.0,152.0,26.0,724.0,21.0,13.0,61.9,8.0,38.1,449.0,1813.0,806.0,15.0,11.0,5.0,23.0,15.0,481.0,50.0,21:00:00,/en/matches/31247d59/Monaco-Rennes-May-16-2021-Ligue-1
FRA-Ligue 1,2021,Rennes,2021-05-23 Rennes-Nîmes,2021-05-23,Matchweek 38,Sun,Home,W,2,0,Nîmes,68,962.0,40.0,138.0,549.0,278.0,25.0,962.0,11.0,6.0,54.5,5.0,45.5,589.0,2380.0,1333.0,12.0,23.0,2.0,16.0,9.0,796.0,65.0,21:00:00,/en/matches/bf2041f7/Rennes-Nimes-May-23-2021-Ligue-1
FRA-Ligue 1,2021,Saint-Étienne,2020-08-30 Saint-Étienne-Lorient,2020-08-30,Matchweek 2,Sun,Home,W,2,0,Lorient,53,614.0,67.0,270.0,254.0,100.0,16.0,614.0,29.0,18.0,62.1,11.0,37.9,370.0,2050.0,1102.0,13.0,8.0,4.0,22.0,8.0,392.0,26.0,15:00:00,/en/matches/9b7fa4e1/Saint-Etienne-Lorient-August-30-2020-Ligue-1
FRA-Ligue 1,2021,Saint-Étienne,2020-09-12 Saint-Étienne-Strasbourg,2020-09-12,Matchweek 3,Sat,Home,W,2,0,Strasbourg,49,537.0,55.0,175.0,247.0,119.0,15.0,536.0,10.0,5.0,50.0,5.0,50.0,327.0,1648.0,899.0,18.0,8.0,6.0,22.0,8.0,303.0,27.0,21:00:00,/en/matches/b9da15cc/Saint-Etienne-Strasbourg-September-12-2020-Ligue-1
FRA-Ligue 1,2021,Saint-Étienne,2020-09-17 Marseille-Saint-Étienne,2020-09-17,Matchweek 1,Thu,Away,W,2,0,Marseille,41,540.0,84.0,244.0,207.0,93.0,19.0,540.0,14.0,5.0,35.7,9.0,64.3,238.0,1352.0,696.0,16.0,8.0,4.0,23.0,7.0,294.0,19.0,21:00:00,/en/matches/bc9039b3/Marseille-Saint-Etienne-September-17-2020-Ligue-1
FRA-Ligue 1,2021,Saint-Étienne,2020-09-20 Nantes-Saint-Étienne,2020-09-20,Matchweek 4,Sun,Away,D,2,2,Nantes,43,494.0,83.0,238.0,208.0,56.0,7.0,494.0,17.0,11.0,64.7,6.0,35.3,230.0,1212.0,624.0,10.0,7.0,3.0,20.0,4.0,268.0,17.0,17:00:00,/en/matches/6c304bd5/Nantes-Saint-Etienne-September-20-2020-Ligue-1
FRA-Ligue 1,2021,Saint-Étienne,2020-09-26 Saint-Étienne-Rennes,2020-09-26,Matchweek 5,Sat,Home,L,0,3,Rennes,49,587.0,70.0,234.0,261.0,97.0,16.0,587.0,23.0,12.0,52.2,11.0,47.8,405.0,2332.0,1259.0,22.0,11.0,3.0,9.0,11.0,384.0,44.0,17:00:00,/en/matches/bd61810c/Saint-Etienne-Rennes-September-26-2020-Ligue-1
FRA-Ligue 1,2021,Saint-Étienne,2020-10-03 Lens-Saint-Étienne,2020-10-03,Matchweek 6,Sat,Away,L,0,2,Lens,34,420.0,79.0,224.0,161.0,41.0,4.0,420.0,29.0,20.0,69.0,9.0,31.0,160.0,1012.0,404.0,7.0,9.0,1.0,17.0,16.0,219.0,17.0,17:00:00,/en/matches/d2f273bc/Lens-Saint-Etienne-October-3-2020-Ligue-1
FRA-Ligue 1,2021,Saint-Étienne,2020-10-18 Saint-Étienne-Nice,2020-10-18,Matchweek 7,Sun,Home,L,1,3,Nice,46,585.0,38.0,151.0,302.0,139.0,20.0,585.0,24.0,14.0,58.3,10.0,41.7,331.0,1964.0,911.0,20.0,17.0,5.0,14.0,17.0,378.0,35.0,17:00:00,/en/matches/bf718082/Saint-Etienne-Nice-October-18-2020-Ligue-1
FRA-Ligue 1,2021,Saint-Étienne,2020-10-25 Metz-Saint-Étienne,2020-10-25,Matchweek 8,Sun,Away,L,0,2,Metz,57,639.0,52.0,228.0,296.0,118.0,18.0,639.0,27.0,15.0,55.6,12.0,44.4,348.0,2050.0,972.0,22.0,12.0,4.0,26.0,10.0,385.0,38.0,15:00:00,/en/matches/e20f9399/Metz-Saint-Etienne-October-25-2020-Ligue-1
FRA-Ligue 1,2021,Saint-Étienne,2020-11-01 Saint-Étienne-Montpellier,2020-11-01,Matchweek 9,Sun,Home,L,0,1,Montpellier,54,635.0,54.0,192.0,344.0,107.0,15.0,635.0,31.0,21.0,67.7,10.0,32.3,398.0,2380.0,1317.0,17.0,8.0,4.0,17.0,1.0,422.0,48.0,13:00:00,/en/matches/780282ee/Saint-Etienne-Montpellier-November-1-2020-Ligue-1
FRA-Ligue 1,2021,Saint-Étienne,2020-11-08 Lyon-Saint-Étienne,2020-11-08,Matchweek 10,Sun,Away,L,1,2,Lyon,40,459.0,52.0,178.0,183.0,104.0,21.0,458.0,22.0,13.0,59.1,9.0,40.9,261.0,1498.0,771.0,11.0,8.0,4.0,19.0,11.0,218.0,18.0,21:00:00,/en/matches/16a2ea79/Lyon-Saint-Etienne-November-8-2020-Ligue-1
FRA-Ligue 1,2021,Saint-Étienne,2020-11-21 Brest-Saint-Étienne,2020-11-21,Matchweek 11,Sat,Away,L,1,4,Brest,59,744.0,47.0,195.0,355.0,202.0,24.0,744.0,21.0,13.0,61.9,8.0,38.1,505.0,2767.0,1303.0,19.0,18.0,1.0,28.0,12.0,525.0,57.0,17:00:00,/en/matches/43850694/Brest-Saint-Etienne-November-21-2020-Ligue-1
FRA-Ligue 1,2021,Saint-Étienne,2020-11-29 Saint-Étienne-Lille,2020-11-29,Matchweek 12,Sun,Home,D,1,1,Lille,38,521.0,59.0,235.0,213.0,77.0,9.0,520.0,22.0,10.0,45.5,12.0,54.5,196.0,1038.0,385.0,5.0,3.0,4.0,12.0,15.0,264.0,22.0,21:00:00,/en/matches/03d07003/Saint-Etienne-Lille-November-29-2020-Ligue-1
FRA-Ligue 1,2021,Saint-Étienne,2020-12-06 Dijon-Saint-Étienne,2020-12-06,Matchweek 13,Sun,Away,D,0,0,Dijon,59,722.0,54.0,232.0,330.0,163.0,10.0,722.0,11.0,6.0,54.5,5.0,45.5,386.0,1827.0,858.0,15.0,9.0,2.0,23.0,11.0,452.0,47.0,15:00:00,/en/matches/de81078b/Dijon-Saint-Etienne-December-6-2020-Ligue-1
FRA-Ligue 1,2021,Saint-Étienne,2020-12-11 Saint-Étienne-Angers,2020-12-11,Matchweek 14,Fri,Home,D,0,0,Angers,62,784.0,51.0,177.0,467.0,149.0,20.0,784.0,30.0,23.0,76.7,7.0,23.3,546.0,3341.0,1805.0,30.0,18.0,4.0,14.0,7.0,568.0,51.0,21:00:00,/en/matches/e83bb8e6/Saint-Etienne-Angers-December-11-2020-Ligue-1
FRA-Ligue 1,2021,Saint-Étienne,2020-12-16 Bordeaux-Saint-Étienne,2020-12-16,Matchweek 15,Wed,Away,W,2,1,Bordeaux,48,601.0,52.0,199.0,286.0,121.0,19.0,601.0,26.0,15.0,57.7,11.0,42.3,325.0,1872.0,908.0,23.0,18.0,6.0,15.0,9.0,381.0,33.0,21:00:00,/en/matches/80a19aca/Bordeaux-Saint-Etienne-December-16-2020-Ligue-1
FRA-Ligue 1,2021,Saint-Étienne,2020-12-20 Saint-Étienne-Nîmes,2020-12-20,Matchweek 16,Sun,Home,D,2,2,Nîmes,59,651.0,42.0,179.0,296.0,182.0,30.0,650.0,18.0,7.0,38.9,11.0,61.1,440.0,2125.0,1157.0,25.0,18.0,8.0,17.0,4.0,442.0,58.0,15:00:00,/en/matches/45ed736f/Saint-Etienne-Nimes-December-20-2020-Ligue-1
FRA-Ligue 1,2021,Saint-Étienne,2020-12-23 Monaco-Saint-Étienne,2020-12-23,Matchweek 17,Wed,Away,D,2,2,Monaco,60,635.0,23.0,122.0,302.0,216.0,19.0,634.0,15.0,4.0,26.7,11.0,73.3,300.0,1814.0,1037.0,19.0,21.0,0.0,17.0,9.0,417.0,52.0,21:00:00,/en/matches/b6b53a29/Monaco-Saint-Etienne-December-23-2020-Ligue-1
FRA-Ligue 1,2021,Saint-Étienne,2021-01-06 Saint-Étienne-Paris S-G,2021-01-06,Matchweek 18,Wed,Home,D,1,1,Paris S-G,32,473.0,71.0,219.0,155.0,104.0,24.0,473.0,19.0,8.0,42.1,11.0,57.9,202.0,1287.0,672.0,13.0,10.0,3.0,10.0,9.0,256.0,24.0,21:00:00,/en/matches/2c025c21/Saint-Etienne-Paris-Saint-Germain-January-6-2021-Ligue-1
FRA-Ligue 1,2021,Saint-Étienne,2021-01-09 Reims-Saint-Étienne,2021-01-09,Matchweek 19,Sat,Away,L,1,3,Reims,64,718.0,38.0,202.0,364.0,157.0,27.0,718.0,18.0,9.0,50.0,9.0,50.0,467.0,2736.0,1365.0,21.0,18.0,5.0,30.0,12.0,498.0,45.0,21:00:00,/en/matches/eb982b95/Reims-Saint-Etienne-January-9-2021-Ligue-1
FRA-Ligue 1,2021,Saint-Étienne,2021-01-17 Strasbourg-Saint-Étienne,2021-01-17,Matchweek 20,Sun,Away,L,0,1,Strasbourg,58,653.0,53.0,175.0,355.0,128.0,19.0,652.0,21.0,10.0,47.6,11.0,52.4,396.0,2213.0,1157.0,16.0,13.0,1.0,15.0,9.0,426.0,36.0,15:00:00,/en/matches/2465458e/Strasbourg-Saint-Etienne-January-17-2021-Ligue-1
FRA-Ligue 1,2021,Saint-Étienne,2021-01-24 Saint-Étienne-Lyon,2021-01-24,Matchweek 21,Sun,Home,L,0,5,Lyon,40,481.0,73.0,242.0,197.0,49.0,6.0,481.0,12.0,6.0,50.0,6.0,50.0,216.0,1254.0,719.0,15.0,10.0,3.0,11.0,2.0,280.0,15.0,21:00:00,/en/matches/f0d4e4fc/Saint-Etienne-Lyon-January-24-2021-Ligue-1
FRA-Ligue 1,2021,Saint-Étienne,2021-01-31 Nice-Saint-Étienne,2021-01-31,Matchweek 22,Sun,Away,W,1,0,Nice,54,684.0,35.0,148.0,384.0,158.0,22.0,684.0,21.0,10.0,47.6,11.0,52.4,447.0,2391.0,1124.0,17.0,12.0,2.0,20.0,7.0,483.0,55.0,13:00:00,/en/matches/35e70807/Nice-Saint-Etienne-January-31-2021-Ligue-1
FRA-Ligue 1,2021,Saint-Étienne,2021-02-03 Saint-Étienne-Nantes,2021-02-03,Matchweek 23,Wed,Home,D,1,1,Nantes,50,557.0,64.0,243.0,232.0,89.0,20.0,557.0,18.0,11.0,61.1,7.0,38.9,257.0,1187.0,648.0,14.0,10.0,1.0,21.0,4.0,311.0,26.0,21:00:00,/en/matches/aa148f1a/Saint-Etienne-Nantes-February-3-2021-Ligue-1
FRA-Ligue 1,2021,Saint-Étienne,2021-02-07 Saint-Étienne-Metz,2021-02-07,Matchweek 24,Sun,Home,W,1,0,Metz,49,616.0,60.0,199.0,311.0,113.0,14.0,616.0,22.0,12.0,54.5,10.0,45.5,272.0,1492.0,557.0,10.0,11.0,4.0,20.0,14.0,363.0,21.0,15:00:00,/en/matches/c839991c/Saint-Etienne-Metz-February-7-2021-Ligue-1
FRA-Ligue 1,2021,Saint-Étienne,2021-02-14 Rennes-Saint-Étienne,2021-02-14,Matchweek 25,Sun,Away,W,2,0,Rennes,29,426.0,54.0,192.0,171.0,74.0,12.0,426.0,17.0,10.0,58.8,7.0,41.2,163.0,1084.0,567.0,15.0,8.0,8.0,21.0,10.0,170.0,19.0,15:00:00,/en/matches/95bcd2b0/Rennes-Saint-Etienne-February-14-2021-Ligue-1
FRA-Ligue 1,2021,Saint-Étienne,2021-02-20 Saint-Étienne-Reims,2021-02-20,Matchweek 26,Sat,Home,D,1,1,Reims,49,578.0,40.0,174.0,260.0,149.0,26.0,578.0,18.0,8.0,44.4,10.0,55.6,355.0,1940.0,1002.0,21.0,15.0,3.0,18.0,15.0,323.0,32.0,13:00:00,/en/matches/01026fa4/Saint-Etienne-Reims-February-20-2021-Ligue-1
FRA-Ligue 1,2021,Saint-Étienne,2021-02-28 Lorient-Saint-Étienne,2021-02-28,Matchweek 27,Sun,Away,L,1,2,Lorient,44,540.0,50.0,191.0,278.0,78.0,16.0,540.0,20.0,13.0,65.0,7.0,35.0,243.0,1752.0,1003.0,20.0,13.0,3.0,19.0,16.0,323.0,31.0,15:00:00,/en/matches/b2f8a734/Lorient-Saint-Etienne-February-28-2021-Ligue-1
FRA-Ligue 1,2021,Saint-Étienne,2021-03-03 Saint-Étienne-Lens,2021-03-03,Matchweek 28,Wed,Home,L,2,3,Lens,65,715.0,45.0,179.0,346.0,191.0,29.0,714.0,14.0,8.0,57.1,6.0,42.9,334.0,1575.0,807.0,12.0,4.0,2.0,19.0,9.0,475.0,47.0,19:00:00,/en/matches/9bb6cda9/Saint-Etienne-Lens-March-3-2021-Ligue-1
FRA-Ligue 1,2021,Saint-Étienne,2021-03-13 Angers-Saint-Étienne,2021-03-13,Matchweek 29,Sat,Away,W,1,0,Angers,46,642.0,53.0,263.0,294.0,94.0,12.0,642.0,22.0,10.0,45.5,12.0,54.5,316.0,2019.0,976.0,10.0,9.0,1.0,21.0,10.0,362.0,33.0,13:00:00,/en/matches/b8bde00b/Angers-Saint-Etienne-March-13-2021-Ligue-1
FRA-Ligue 1,2021,Saint-Étienne,2021-03-19 Saint-Étienne-Monaco,2021-03-19,Matchweek 30,Fri,Home,L,0,4,Monaco,41,556.0,76.0,220.0,232.0,109.0,12.0,556.0,32.0,16.0,50.0,16.0,50.0,342.0,1851.0,687.0,8.0,9.0,1.0,22.0,8.0,313.0,22.0,21:00:00,/en/matches/78af4b5d/Saint-Etienne-Monaco-March-19-2021-Ligue-1
FRA-Ligue 1,2021,Saint-Étienne,2021-04-04 Nîmes-Saint-Étienne,2021-04-04,Matchweek 31,Sun,Away,W,2,0,Nîmes,47,567.0,59.0,179.0,257.0,138.0,21.0,567.0,21.0,9.0,42.9,12.0,57.1,258.0,1445.0,723.0,18.0,13.0,3.0,25.0,10.0,312.0,23.0,17:05:00,/en/matches/4f5cf422/Nimes-Saint-Etienne-April-4-2021-Ligue-1
FRA-Ligue 1,2021,Saint-Étienne,2021-04-11 Saint-Étienne-Bordeaux,2021-04-11,Matchweek 32,Sun,Home,W,4,1,Bordeaux,37,452.0,37.0,164.0,230.0,69.0,14.0,450.0,14.0,9.0,64.3,5.0,35.7,267.0,1548.0,829.0,20.0,14.0,3.0,14.0,6.0,248.0,21.0,15:00:00,/en/matches/12b0e5d1/Saint-Etienne-Bordeaux-April-11-2021-Ligue-1
FRA-Ligue 1,2021,Saint-Étienne,2021-04-18 Paris S-G-Saint-Étienne,2021-04-18,Matchweek 33,Sun,Away,L,2,3,Paris S-G,29,451.0,62.0,214.0,179.0,63.0,15.0,451.0,22.0,10.0,45.5,12.0,54.5,174.0,1202.0,507.0,10.0,10.0,4.0,18.0,6.0,216.0,16.0,13:00:00,/en/matches/9ae8425f/Paris-Saint-Germain-Saint-Etienne-April-18-2021-Ligue-1
FRA-Ligue 1,2021,Saint-Étienne,2021-04-24 Saint-Étienne-Brest,2021-04-24,Matchweek 34,Sat,Home,L,1,2,Brest,44,515.0,48.0,164.0,213.0,143.0,20.0,515.0,24.0,10.0,41.7,14.0,58.3,259.0,1575.0,773.0,16.0,14.0,1.0,32.0,10.0,288.0,26.0,13:00:00,/en/matches/17488489/Saint-Etienne-Brest-April-24-2021-Ligue-1
FRA-Ligue 1,2021,Saint-Étienne,2021-05-02 Montpellier-Saint-Étienne,2021-05-02,Matchweek 35,Sun,Away,W,2,1,Montpellier,55,617.0,52.0,177.0,323.0,124.0,26.0,617.0,22.0,11.0,50.0,11.0,50.0,413.0,1972.0,995.0,22.0,10.0,6.0,15.0,14.0,405.0,33.0,17:05:00,/en/matches/ef0d8c13/Montpellier-Saint-Etienne-May-2-2021-Ligue-1
FRA-Ligue 1,2021,Saint-Étienne,2021-05-09 Saint-Étienne-Marseille,2021-05-09,Matchweek 36,Sun,Home,W,1,0,Marseille,45,476.0,67.0,185.0,203.0,100.0,14.0,476.0,24.0,14.0,58.3,10.0,41.7,255.0,1420.0,666.0,13.0,13.0,6.0,15.0,9.0,262.0,17.0,13:00:00,/en/matches/73ac123f/Saint-Etienne-Marseille-May-9-2021-Ligue-1
FRA-Ligue 1,2021,Saint-Étienne,2021-05-16 Lille-Saint-Étienne,2021-05-16,Matchweek 37,Sun,Away,D,0,0,Lille,41,578.0,68.0,258.0,241.0,85.0,13.0,578.0,18.0,8.0,44.4,10.0,55.6,236.0,1300.0,606.0,16.0,5.0,2.0,24.0,10.0,338.0,18.0,21:00:00,/en/matches/ccd8f1fe/Lille-Saint-Etienne-May-16-2021-Ligue-1
FRA-Ligue 1,2021,Saint-Étienne,2021-05-23 Saint-Étienne-Dijon,2021-05-23,Matchweek 38,Sun,Home,L,0,1,Dijon,65,787.0,60.0,230.0,377.0,185.0,32.0,787.0,34.0,18.0,52.9,16.0,47.1,527.0,2218.0,1071.0,16.0,15.0,5.0,10.0,13.0,555.0,49.0,21:00:00,/en/matches/c40614b1/Saint-Etienne-Dijon-May-23-2021-Ligue-1
FRA-Ligue 1,2021,Strasbourg,2020-08-23 Lorient-Strasbourg,2020-08-23,Matchweek 1,Sun,Away,L,1,3,Lorient,50,545.0,52.0,211.0,238.0,103.0,6.0,545.0,10.0,7.0,70.0,3.0,30.0,292.0,1541.0,720.0,9.0,6.0,1.0,12.0,15.0,356.0,26.0,15:00:00,/en/matches/f96cd5a0/Lorient-Strasbourg-August-23-2020-Ligue-1
FRA-Ligue 1,2021,Strasbourg,2020-08-29 Strasbourg-Nice,2020-08-29,Matchweek 2,Sat,Home,L,0,2,Nice,45,578.0,50.0,193.0,258.0,129.0,11.0,578.0,16.0,4.0,25.0,12.0,75.0,399.0,1705.0,764.0,12.0,14.0,1.0,19.0,7.0,392.0,38.0,21:00:00,/en/matches/a271affc/Strasbourg-Nice-August-29-2020-Ligue-1
FRA-Ligue 1,2021,Strasbourg,2020-09-12 Saint-Étienne-Strasbourg,2020-09-12,Matchweek 3,Sat,Away,L,0,2,Saint-Étienne,51,540.0,56.0,195.0,228.0,123.0,21.0,540.0,15.0,9.0,60.0,6.0,40.0,298.0,1702.0,876.0,12.0,12.0,1.0,12.0,12.0,320.0,30.0,21:00:00,/en/matches/b9da15cc/Saint-Etienne-Strasbourg-September-12-2020-Ligue-1
FRA-Ligue 1,2021,Strasbourg,2020-09-20 Strasbourg-Dijon,2020-09-20,Matchweek 4,Sun,Home,W,1,0,Dijon,58,710.0,42.0,179.0,358.0,179.0,28.0,710.0,10.0,7.0,70.0,3.0,30.0,388.0,1979.0,1059.0,17.0,11.0,7.0,19.0,8.0,508.0,50.0,15:00:00,/en/matches/5e509d7e/Strasbourg-Dijon-September-20-2020-Ligue-1
FRA-Ligue 1,2021,Strasbourg,2020-09-27 Monaco-Strasbourg,2020-09-27,Matchweek 5,Sun,Away,L,2,3,Monaco,43,543.0,56.0,162.0,254.0,133.0,20.0,542.0,9.0,5.0,55.6,4.0,44.4,311.0,1588.0,842.0,18.0,14.0,4.0,10.0,14.0,335.0,44.0,15:00:00,/en/matches/6901ecbc/Monaco-Strasbourg-September-27-2020-Ligue-1
FRA-Ligue 1,2021,Strasbourg,2020-10-04 Strasbourg-Lille,2020-10-04,Matchweek 6,Sun,Home,L,0,3,Lille,47,578.0,45.0,158.0,255.0,176.0,36.0,578.0,22.0,15.0,68.2,7.0,31.8,375.0,2273.0,917.0,15.0,15.0,6.0,15.0,16.0,375.0,38.0,15:00:00,/en/matches/e42b3f6a/Strasbourg-Lille-October-4-2020-Ligue-1
FRA-Ligue 1,2021,Strasbourg,2020-10-18 Strasbourg-Lyon,2020-10-18,Matchweek 7,Sun,Home,L,2,3,Lyon,53,531.0,46.0,159.0,228.0,152.0,27.0,531.0,14.0,8.0,57.1,6.0,42.9,225.0,1233.0,706.0,15.0,10.0,2.0,15.0,6.0,303.0,36.0,13:00:00,/en/matches/fbfe5e73/Strasbourg-Lyon-October-18-2020-Ligue-1
FRA-Ligue 1,2021,Strasbourg,2020-10-25 Brest-Strasbourg,2020-10-25,Matchweek 8,Sun,Away,W,3,0,Brest,37,501.0,89.0,200.0,220.0,84.0,9.0,500.0,13.0,9.0,69.2,4.0,30.8,206.0,1423.0,724.0,17.0,12.0,2.0,17.0,1.0,265.0,24.0,15:00:00,/en/matches/525316b3/Brest-Strasbourg-October-25-2020-Ligue-1
FRA-Ligue 1,2021,Strasbourg,2020-11-01 Reims-Strasbourg,2020-11-01,Matchweek 9,Sun,Away,L,1,2,Reims,49,562.0,45.0,191.0,272.0,108.0,14.0,561.0,19.0,10.0,52.6,9.0,47.4,278.0,1646.0,877.0,14.0,12.0,0.0,15.0,10.0,373.0,41.0,15:00:00,/en/matches/791f7224/Reims-Strasbourg-November-1-2020-Ligue-1
FRA-Ligue 1,2021,Strasbourg,2020-11-06 Strasbourg-Marseille,2020-11-06,Matchweek 10,Fri,Home,L,0,1,Marseille,53,665.0,41.0,161.0,373.0,136.0,17.0,665.0,15.0,7.0,46.7,8.0,53.3,357.0,1868.0,854.0,15.0,13.0,3.0,21.0,11.0,398.0,28.0,21:00:00,/en/matches/8491adfc/Strasbourg-Marseille-November-6-2020-Ligue-1
FRA-Ligue 1,2021,Strasbourg,2020-11-22 Montpellier-Strasbourg,2020-11-22,Matchweek 11,Sun,Away,L,3,4,Montpellier,43,496.0,67.0,167.0,244.0,95.0,18.0,494.0,11.0,4.0,36.4,7.0,63.6,318.0,1720.0,917.0,11.0,6.0,3.0,9.0,2.0,298.0,38.0,15:00:00,/en/matches/f01e2c09/Montpellier-Strasbourg-November-22-2020-Ligue-1
FRA-Ligue 1,2021,Strasbourg,2020-11-27 Strasbourg-Rennes,2020-11-27,Matchweek 12,Fri,Home,D,1,1,Rennes,32,431.0,69.0,151.0,209.0,77.0,9.0,431.0,9.0,7.0,77.8,2.0,22.2,229.0,1314.0,523.0,6.0,5.0,0.0,17.0,7.0,225.0,19.0,21:00:00,/en/matches/3b498bf8/Strasbourg-Rennes-November-27-2020-Ligue-1
FRA-Ligue 1,2021,Strasbourg,2020-12-06 Nantes-Strasbourg,2020-12-06,Matchweek 13,Sun,Away,W,4,0,Nantes,38,496.0,57.0,195.0,220.0,86.0,26.0,494.0,12.0,7.0,58.3,5.0,41.7,253.0,1177.0,481.0,10.0,8.0,7.0,16.0,9.0,280.0,34.0,15:00:00,/en/matches/f800ad57/Nantes-Strasbourg-December-6-2020-Ligue-1
FRA-Ligue 1,2021,Strasbourg,2020-12-13 Strasbourg-Metz,2020-12-13,Matchweek 14,Sun,Home,D,2,2,Metz,57,651.0,41.0,157.0,323.0,180.0,24.0,651.0,13.0,11.0,84.6,2.0,15.4,402.0,2171.0,1184.0,16.0,17.0,2.0,19.0,12.0,433.0,54.0,15:00:00,/en/matches/d59fe5ea/Strasbourg-Metz-December-13-2020-Ligue-1
FRA-Ligue 1,2021,Strasbourg,2020-12-16 Angers-Strasbourg,2020-12-16,Matchweek 15,Wed,Away,W,2,0,Angers,43,565.0,61.0,181.0,280.0,109.0,11.0,565.0,13.0,6.0,46.2,7.0,53.8,304.0,2140.0,804.0,14.0,10.0,2.0,19.0,10.0,350.0,27.0,19:00:00,/en/matches/a5fee05a/Angers-Strasbourg-December-16-2020-Ligue-1
FRA-Ligue 1,2021,Strasbourg,2020-12-20 Strasbourg-Bordeaux,2020-12-20,Matchweek 16,Sun,Home,L,0,2,Bordeaux,54,599.0,40.0,156.0,324.0,124.0,17.0,599.0,12.0,8.0,66.7,4.0,33.3,338.0,1665.0,770.0,11.0,11.0,6.0,13.0,15.0,382.0,48.0,15:00:00,/en/matches/2eab1f5a/Strasbourg-Bordeaux-December-20-2020-Ligue-1
FRA-Ligue 1,2021,Strasbourg,2020-12-23 Paris S-G-Strasbourg,2020-12-23,Matchweek 17,Wed,Away,L,0,4,Paris S-G,31,470.0,71.0,198.0,210.0,67.0,10.0,470.0,14.0,10.0,71.4,4.0,28.6,239.0,1346.0,709.0,15.0,5.0,3.0,14.0,5.0,299.0,20.0,21:00:00,/en/matches/644e5bd2/Paris-Saint-Germain-Strasbourg-December-23-2020-Ligue-1
FRA-Ligue 1,2021,Strasbourg,2021-01-06 Strasbourg-Nîmes,2021-01-06,Matchweek 18,Wed,Home,W,5,0,Nîmes,59,712.0,35.0,148.0,374.0,196.0,43.0,709.0,15.0,10.0,66.7,5.0,33.3,458.0,2510.0,1382.0,24.0,19.0,8.0,22.0,6.0,517.0,52.0,19:00:00,/en/matches/14d9a4e7/Strasbourg-Nimes-January-6-2021-Ligue-1
FRA-Ligue 1,2021,Strasbourg,2021-01-09 Lens-Strasbourg,2021-01-09,Matchweek 19,Sat,Away,W,1,0,Lens,35,445.0,58.0,199.0,190.0,63.0,9.0,445.0,2.0,1.0,50.0,1.0,50.0,191.0,954.0,335.0,5.0,8.0,0.0,15.0,8.0,229.0,17.0,21:00:00,/en/matches/ab3944d1/Lens-Strasbourg-January-9-2021-Ligue-1
FRA-Ligue 1,2021,Strasbourg,2021-01-17 Strasbourg-Saint-Étienne,2021-01-17,Matchweek 20,Sun,Home,W,1,0,Saint-Étienne,42,511.0,55.0,167.0,233.0,117.0,19.0,511.0,19.0,8.0,42.1,11.0,57.9,246.0,1341.0,663.0,11.0,10.0,0.0,25.0,11.0,276.0,30.0,15:00:00,/en/matches/2465458e/Strasbourg-Saint-Etienne-January-17-2021-Ligue-1
FRA-Ligue 1,2021,Strasbourg,2021-01-24 Dijon-Strasbourg,2021-01-24,Matchweek 21,Sun,Away,D,1,1,Dijon,50,632.0,47.0,183.0,321.0,134.0,21.0,632.0,16.0,10.0,62.5,6.0,37.5,394.0,2004.0,926.0,15.0,13.0,4.0,25.0,11.0,409.0,42.0,15:00:00,/en/matches/a7af930d/Dijon-Strasbourg-January-24-2021-Ligue-1
FRA-Ligue 1,2021,Strasbourg,2021-01-31 Strasbourg-Reims,2021-01-31,Matchweek 22,Sun,Home,L,0,1,Reims,48,569.0,47.0,198.0,242.0,136.0,20.0,569.0,19.0,12.0,63.2,7.0,36.8,334.0,1821.0,1077.0,27.0,11.0,4.0,22.0,8.0,373.0,35.0,15:00:00,/en/matches/7d380a9a/Strasbourg-Reims-January-31-2021-Ligue-1
FRA-Ligue 1,2021,Strasbourg,2021-02-03 Strasbourg-Brest,2021-02-03,Matchweek 23,Wed,Home,D,2,2,Brest,41,521.0,50.0,168.0,244.0,116.0,8.0,521.0,6.0,4.0,66.7,2.0,33.3,315.0,1377.0,582.0,6.0,9.0,0.0,21.0,13.0,314.0,25.0,19:00:00,/en/matches/ce4a0c8e/Strasbourg-Brest-February-3-2021-Ligue-1
FRA-Ligue 1,2021,Strasbourg,2021-02-06 Lyon-Strasbourg,2021-02-06,Matchweek 24,Sat,Away,L,0,3,Lyon,31,400.0,67.0,170.0,163.0,74.0,8.0,400.0,13.0,6.0,46.2,7.0,53.8,185.0,1090.0,568.0,15.0,10.0,1.0,14.0,2.0,219.0,18.0,19:00:00,/en/matches/189c7e24/Lyon-Strasbourg-February-6-2021-Ligue-1
FRA-Ligue 1,2021,Strasbourg,2021-02-14 Metz-Strasbourg,2021-02-14,Matchweek 25,Sun,Away,W,2,1,Metz,55,644.0,43.0,184.0,323.0,146.0,26.0,644.0,13.0,10.0,76.9,3.0,23.1,328.0,1526.0,657.0,10.0,7.0,1.0,21.0,11.0,406.0,50.0,15:00:00,/en/matches/13dd281c/Metz-Strasbourg-February-14-2021-Ligue-1
FRA-Ligue 1,2021,Strasbourg,2021-02-21 Strasbourg-Angers,2021-02-21,Matchweek 26,Sun,Home,D,0,0,Angers,57,691.0,48.0,218.0,328.0,149.0,24.0,691.0,11.0,5.0,45.5,6.0,54.5,412.0,2217.0,1026.0,16.0,8.0,1.0,17.0,4.0,447.0,49.0,15:00:00,/en/matches/77b2ad0a/Strasbourg-Angers-February-21-2021-Ligue-1
FRA-Ligue 1,2021,Strasbourg,2021-02-28 Lille-Strasbourg,2021-02-28,Matchweek 27,Sun,Away,D,1,1,Lille,32,483.0,83.0,205.0,178.0,108.0,17.0,483.0,22.0,18.0,81.8,4.0,18.2,266.0,1211.0,511.0,18.0,12.0,3.0,20.0,9.0,214.0,12.0,17:00:00,/en/matches/89db6c90/Lille-Strasbourg-February-28-2021-Ligue-1
FRA-Ligue 1,2021,Strasbourg,2021-03-03 Strasbourg-Monaco,2021-03-03,Matchweek 28,Wed,Home,W,1,0,Monaco,38,503.0,54.0,157.0,203.0,146.0,27.0,503.0,12.0,4.0,33.3,8.0,66.7,181.0,1097.0,445.0,10.0,7.0,0.0,22.0,10.0,243.0,34.0,21:00:00,/en/matches/6ec67dc8/Strasbourg-Monaco-March-3-2021-Ligue-1
FRA-Ligue 1,2021,Strasbourg,2021-03-14 Rennes-Strasbourg,2021-03-14,Matchweek 29,Sun,Away,L,0,1,Rennes,50,613.0,63.0,215.0,281.0,121.0,14.0,613.0,10.0,5.0,50.0,5.0,50.0,322.0,1523.0,736.0,9.0,6.0,2.0,18.0,9.0,388.0,24.0,15:00:00,/en/matches/0c33e9b2/Rennes-Strasbourg-March-14-2021-Ligue-1
FRA-Ligue 1,2021,Strasbourg,2021-03-21 Strasbourg-Lens,2021-03-21,Matchweek 30,Sun,Home,L,1,2,Lens,60,631.0,54.0,174.0,278.0,183.0,32.0,631.0,14.0,9.0,64.3,5.0,35.7,345.0,1734.0,803.0,20.0,7.0,2.0,23.0,5.0,395.0,32.0,13:00:00,/en/matches/c22925df/Strasbourg-Lens-March-21-2021-Ligue-1
FRA-Ligue 1,2021,Strasbourg,2021-04-04 Bordeaux-Strasbourg,2021-04-04,Matchweek 31,Sun,Away,W,3,2,Bordeaux,38,490.0,58.0,189.0,196.0,118.0,28.0,489.0,16.0,13.0,81.3,3.0,18.8,316.0,1711.0,912.0,21.0,15.0,5.0,9.0,5.0,298.0,29.0,15:00:00,/en/matches/f919ead6/Bordeaux-Strasbourg-April-4-2021-Ligue-1
FRA-Ligue 1,2021,Strasbourg,2021-04-10 Strasbourg-Paris S-G,2021-04-10,Matchweek 32,Sat,Home,L,1,4,Paris S-G,37,503.0,66.0,174.0,199.0,137.0,18.0,503.0,20.0,11.0,55.0,9.0,45.0,290.0,1596.0,886.0,19.0,13.0,2.0,16.0,11.0,303.0,32.0,17:00:00,/en/matches/3d39e7ef/Strasbourg-Paris-Saint-Germain-April-10-2021-Ligue-1
FRA-Ligue 1,2021,Strasbourg,2021-04-18 Nîmes-Strasbourg,2021-04-18,Matchweek 33,Sun,Away,D,1,1,Nîmes,48,581.0,46.0,178.0,310.0,100.0,9.0,580.0,18.0,15.0,83.3,3.0,16.7,295.0,1591.0,794.0,12.0,10.0,0.0,18.0,9.0,376.0,36.0,15:00:00,/en/matches/9a9ec43b/Nimes-Strasbourg-April-18-2021-Ligue-1
FRA-Ligue 1,2021,Strasbourg,2021-04-25 Strasbourg-Nantes,2021-04-25,Matchweek 34,Sun,Home,L,1,2,Nantes,64,701.0,53.0,202.0,303.0,206.0,22.0,701.0,17.0,5.0,29.4,12.0,70.6,278.0,1490.0,651.0,10.0,14.0,1.0,22.0,11.0,436.0,43.0,15:00:00,/en/matches/05a44d64/Strasbourg-Nantes-April-25-2021-Ligue-1
FRA-Ligue 1,2021,Strasbourg,2021-04-30 Marseille-Strasbourg,2021-04-30,Matchweek 35,Fri,Away,D,1,1,Marseille,32,429.0,64.0,170.0,194.0,73.0,12.0,429.0,7.0,4.0,57.1,3.0,42.9,165.0,1127.0,583.0,12.0,2.0,1.0,13.0,3.0,244.0,17.0,21:00:00,/en/matches/ccf9386d/Marseille-Strasbourg-April-30-2021-Ligue-1
FRA-Ligue 1,2021,Strasbourg,2021-05-09 Strasbourg-Montpellier,2021-05-09,Matchweek 36,Sun,Home,L,2,3,Montpellier,57,612.0,34.0,141.0,320.0,158.0,27.0,612.0,10.0,6.0,60.0,4.0,40.0,362.0,2075.0,1189.0,26.0,16.0,6.0,15.0,6.0,402.0,65.0,15:00:00,/en/matches/e63e3a7c/Strasbourg-Montpellier-May-9-2021-Ligue-1
FRA-Ligue 1,2021,Strasbourg,2021-05-16 Nice-Strasbourg,2021-05-16,Matchweek 37,Sun,Away,W,2,0,Nice,28,391.0,41.0,163.0,160.0,68.0,11.0,391.0,12.0,2.0,16.7,10.0,83.3,195.0,1042.0,454.0,13.0,4.0,1.0,12.0,7.0,209.0,18.0,21:00:00,/en/matches/75cbbe08/Nice-Strasbourg-May-16-2021-Ligue-1
FRA-Ligue 1,2021,Strasbourg,2021-05-23 Strasbourg-Lorient,2021-05-23,Matchweek 38,Sun,Home,D,1,1,Lorient,51,604.0,42.0,187.0,336.0,83.0,3.0,604.0,9.0,7.0,77.8,2.0,22.2,369.0,1827.0,855.0,12.0,4.0,1.0,13.0,11.0,431.0,28.0,21:00:00,/en/matches/9e789fd5/Strasbourg-Lorient-May-23-2021-Ligue-1
FRA-Ligue 1,2223,Ajaccio,2022-08-05 Lyon-Ajaccio,2022-08-05,Matchweek 1,Fri,Away,L,1,2,Lyon,33,433.0,40.0,126.0,214.0,95.0,15.0,432.0,16.0,4.0,25.0,12.0,75.0,277.0,1516.0,686.0,13.0,8.0,4.0,15.0,3.0,238.0,32.0,21:00:00,/en/matches/47ab569b/Lyon-Ajaccio-August-5-2022-Ligue-1
FRA-Ligue 1,2223,Ajaccio,2022-08-14 Ajaccio-Lens,2022-08-14,Matchweek 2,Sun,Home,D,0,0,Lens,36,410.0,52.0,158.0,180.0,80.0,18.0,410.0,14.0,7.0,50.0,5.0,35.7,246.0,1807.0,922.0,15.0,8.0,5.0,13.0,5.0,219.0,25.0,15:00:00,/en/matches/8b559e8f/Ajaccio-Lens-August-14-2022-Ligue-1
FRA-Ligue 1,2223,Ajaccio,2022-08-21 Rennes-Ajaccio,2022-08-21,Matchweek 3,Sun,Away,L,1,2,Rennes,45,531.0,57.0,189.0,254.0,93.0,13.0,530.0,17.0,8.0,47.1,7.0,41.2,335.0,1720.0,741.0,7.0,5.0,0.0,21.0,9.0,294.0,26.0,17:05:00,/en/matches/9befca9a/Rennes-Ajaccio-August-21-2022-Ligue-1
FRA-Ligue 1,2223,Ajaccio,2022-08-26 Ajaccio-Lille,2022-08-26,Matchweek 4,Fri,Home,L,1,3,Lille,42,476.0,37.0,109.0,225.0,147.0,22.0,476.0,14.0,9.0,64.3,4.0,28.6,303.0,1658.0,811.0,19.0,10.0,5.0,10.0,8.0,273.0,27.0,21:00:00,/en/matches/d8aa49d4/Ajaccio-Lille-August-26-2022-Ligue-1
FRA-Ligue 1,2223,Ajaccio,2022-08-31 Montpellier-Ajaccio,2022-08-31,Matchweek 5,Wed,Away,L,0,2,Montpellier,62,634.0,41.0,115.0,342.0,182.0,19.0,634.0,20.0,9.0,45.0,7.0,35.0,450.0,2551.0,1031.0,17.0,20.0,1.0,15.0,9.0,441.0,42.0,19:00:00,/en/matches/f80ee3a3/Montpellier-Ajaccio-August-31-2022-Ligue-1
FRA-Ligue 1,2223,Ajaccio,2022-09-04 Ajaccio-Lorient,2022-09-04,Matchweek 6,Sun,Home,L,0,1,Lorient,58,605.0,32.0,129.0,302.0,185.0,15.0,605.0,13.0,6.0,46.2,6.0,46.2,428.0,2734.0,1282.0,22.0,17.0,2.0,16.0,7.0,382.0,60.0,15:00:00,/en/matches/ae60a120/Ajaccio-Lorient-September-4-2022-Ligue-1
FRA-Ligue 1,2223,Ajaccio,2022-09-11 Ajaccio-Nice,2022-09-11,Matchweek 7,Sun,Home,L,0,1,Nice,45,549.0,41.0,149.0,270.0,134.0,14.0,549.0,19.0,8.0,42.1,10.0,52.6,358.0,2079.0,888.0,15.0,5.0,3.0,21.0,8.0,311.0,42.0,15:00:00,/en/matches/e7c831c2/Ajaccio-Nice-September-11-2022-Ligue-1
FRA-Ligue 1,2223,Ajaccio,2022-09-18 Brest-Ajaccio,2022-09-18,Matchweek 8,Sun,Away,W,1,0,Brest,41,514.0,66.0,190.0,267.0,60.0,5.0,514.0,19.0,10.0,52.6,8.0,42.1,292.0,1587.0,734.0,7.0,6.0,0.0,22.0,4.0,247.0,18.0,15:00:00,/en/matches/1051ac4c/Brest-Ajaccio-September-18-2022-Ligue-1
FRA-Ligue 1,2223,Ajaccio,2022-10-02 Ajaccio-Clermont Foot,2022-10-02,Matchweek 9,Sun,Home,L,1,3,Clermont Foot,52,597.0,35.0,118.0,308.0,176.0,15.0,597.0,12.0,4.0,33.3,5.0,41.7,418.0,2238.0,988.0,19.0,21.0,5.0,15.0,14.0,377.0,44.0,15:00:00,/en/matches/eaedf3ff/Ajaccio-Clermont-Foot-October-2-2022-Ligue-1
FRA-Ligue 1,2223,Ajaccio,2022-10-08 Marseille-Ajaccio,2022-10-08,Matchweek 10,Sat,Away,W,2,1,Marseille,36,457.0,60.0,143.0,234.0,83.0,6.0,457.0,9.0,3.0,33.3,4.0,44.4,269.0,1537.0,650.0,10.0,10.0,4.0,20.0,10.0,225.0,24.0,17:00:00,/en/matches/98ad4323/Marseille-Ajaccio-October-8-2022-Ligue-1
FRA-Ligue 1,2223,Ajaccio,2022-10-16 Troyes-Ajaccio,2022-10-16,Matchweek 11,Sun,Away,D,1,1,Troyes,49,569.0,42.0,156.0,283.0,137.0,24.0,568.0,23.0,13.0,56.5,7.0,30.4,375.0,2346.0,1187.0,31.0,33.0,5.0,20.0,6.0,338.0,37.0,15:00:00,/en/matches/6ad88cc9/Troyes-Ajaccio-October-16-2022-Ligue-1
FRA-Ligue 1,2223,Ajaccio,2022-10-21 Ajaccio-Paris S-G,2022-10-21,Matchweek 12,Fri,Home,L,0,3,Paris S-G,35,498.0,51.0,128.0,234.0,141.0,15.0,498.0,24.0,9.0,37.5,14.0,58.3,338.0,1970.0,842.0,17.0,15.0,6.0,17.0,7.0,297.0,32.0,21:00:00,/en/matches/492d0e7a/Ajaccio-Paris-Saint-Germain-October-21-2022-Ligue-1
FRA-Ligue 1,2223,Ajaccio,2022-10-30 Auxerre-Ajaccio,2022-10-30,Matchweek 13,Sun,Away,L,0,1,Auxerre,59,631.0,39.0,154.0,329.0,150.0,18.0,631.0,11.0,3.0,27.3,7.0,63.6,453.0,3241.0,1648.0,25.0,24.0,2.0,24.0,9.0,428.0,43.0,13:00:00,/en/matches/37f73b7b/Auxerre-Ajaccio-October-30-2022-Ligue-1
FRA-Ligue 1,2223,Ajaccio,2022-11-05 Ajaccio-Strasbourg,2022-11-05,Matchweek 14,Sat,Home,W,4,2,Strasbourg,49,504.0,48.0,136.0,268.0,104.0,20.0,501.0,11.0,4.0,36.4,4.0,36.4,343.0,1776.0,632.0,8.0,6.0,3.0,17.0,6.0,310.0,24.0,17:00:00,/en/matches/ce07c8bb/Ajaccio-Strasbourg-November-5-2022-Ligue-1
FRA-Ligue 1,2223,Ajaccio,2022-11-13 Nantes-Ajaccio,2022-11-13,Matchweek 15,Sun,Away,D,2,2,Nantes,47,480.0,56.0,164.0,217.0,108.0,22.0,479.0,17.0,7.0,41.2,6.0,35.3,307.0,2060.0,869.0,19.0,9.0,6.0,13.0,10.0,271.0,38.0,15:00:00,/en/matches/e2a7c160/Nantes-Ajaccio-November-13-2022-Ligue-1
FRA-Ligue 1,2223,Ajaccio,2022-12-28 Ajaccio-Angers,2022-12-28,Matchweek 16,Wed,Home,W,1,0,Angers,46,516.0,55.0,205.0,228.0,93.0,17.0,515.0,13.0,4.0,30.8,8.0,61.5,351.0,2141.0,855.0,13.0,13.0,4.0,17.0,13.0,308.0,26.0,15:00:00,/en/matches/095e292f/Ajaccio-Angers-December-28-2022-Ligue-1
FRA-Ligue 1,2223,Ajaccio,2023-01-01 Toulouse-Ajaccio,2023-01-01,Matchweek 17,Sun,Away,L,0,2,Toulouse,38,470.0,57.0,207.0,200.0,68.0,4.0,470.0,16.0,6.0,37.5,7.0,43.8,292.0,1525.0,557.0,10.0,10.0,0.0,17.0,5.0,253.0,23.0,15:00:00,/en/matches/0e22e8ba/Toulouse-Ajaccio-January-1-2023-Ligue-1
FRA-Ligue 1,2223,Ajaccio,2023-01-11 Ajaccio-Reims,2023-01-11,Matchweek 18,Wed,Home,L,0,1,Reims,48,531.0,33.0,107.0,269.0,161.0,16.0,531.0,20.0,9.0,45.0,8.0,40.0,319.0,1785.0,680.0,15.0,11.0,3.0,16.0,11.0,283.0,34.0,19:00:00,/en/matches/656ef1c0/Ajaccio-Reims-January-11-2023-Ligue-1
FRA-Ligue 1,2223,Ajaccio,2023-01-15 Monaco-Ajaccio,2023-01-15,Matchweek 19,Sun,Away,L,1,7,Monaco,35,467.0,68.0,193.0,217.0,60.0,7.0,467.0,15.0,6.0,40.0,9.0,60.0,298.0,1571.0,610.0,7.0,1.0,2.0,11.0,12.0,268.0,22.0,17:05:00,/en/matches/74dc1c48/Monaco-Ajaccio-January-15-2023-Ligue-1
FRA-Ligue 1,2223,Ajaccio,2023-01-29 Ajaccio-Lyon,2023-01-29,Matchweek 20,Sun,Home,L,0,2,Lyon,51,557.0,52.0,147.0,260.0,157.0,36.0,557.0,28.0,10.0,35.7,14.0,50.0,357.0,2185.0,858.0,15.0,17.0,4.0,21.0,8.0,304.0,53.0,17:05:00,/en/matches/3b0e34f6/Ajaccio-Lyon-January-29-2023-Ligue-1
FRA-Ligue 1,2223,Ajaccio,2023-02-01 Angers-Ajaccio,2023-02-01,Matchweek 21,Wed,Away,W,2,1,Angers,60,612.0,36.0,153.0,351.0,115.0,11.0,612.0,16.0,6.0,37.5,7.0,43.8,421.0,2312.0,1095.0,19.0,8.0,1.0,17.0,10.0,377.0,39.0,19:00:00,/en/matches/671cbd4f/Angers-Ajaccio-February-1-2023-Ligue-1
FRA-Ligue 1,2223,Ajaccio,2023-02-05 Ajaccio-Nantes,2023-02-05,Matchweek 22,Sun,Home,L,0,2,Nantes,43,509.0,45.0,139.0,253.0,122.0,10.0,509.0,11.0,3.0,27.3,8.0,72.7,319.0,1977.0,765.0,10.0,13.0,1.0,24.0,13.0,267.0,30.0,15:00:00,/en/matches/1d0998d1/Ajaccio-Nantes-February-5-2023-Ligue-1
FRA-Ligue 1,2223,Ajaccio,2023-02-10 Nice-Ajaccio,2023-02-10,Matchweek 23,Fri,Away,L,0,3,Nice,38,507.0,36.0,153.0,273.0,88.0,14.0,507.0,12.0,9.0,75.0,2.0,16.7,369.0,1902.0,795.0,8.0,7.0,3.0,7.0,6.0,334.0,31.0,21:00:00,/en/matches/1ca21463/Nice-Ajaccio-February-10-2023-Ligue-1
FRA-Ligue 1,2223,Ajaccio,2023-02-19 Lorient-Ajaccio,2023-02-19,Matchweek 24,Sun,Away,L,0,3,Lorient,42,520.0,41.0,146.0,281.0,97.0,13.0,520.0,8.0,4.0,50.0,3.0,37.5,374.0,2389.0,1185.0,17.0,14.0,2.0,14.0,8.0,335.0,39.0,15:00:00,/en/matches/9a73c114/Lorient-Ajaccio-February-19-2023-Ligue-1
FRA-Ligue 1,2223,Ajaccio,2023-02-26 Ajaccio-Troyes,2023-02-26,Matchweek 25,Sun,Home,W,2,1,Troyes,52,578.0,41.0,136.0,314.0,133.0,24.0,577.0,27.0,16.0,59.3,10.0,37.0,384.0,2372.0,1151.0,15.0,11.0,6.0,15.0,10.0,339.0,40.0,15:00:00,/en/matches/78ba7c57/Ajaccio-Troyes-February-26-2023-Ligue-1
FRA-Ligue 1,2223,Ajaccio,2023-03-05 Reims-Ajaccio,2023-03-05,Matchweek 26,Sun,Away,L,0,1,Reims,36,469.0,76.0,203.0,216.0,56.0,5.0,469.0,21.0,11.0,52.4,6.0,28.6,293.0,1538.0,598.0,2.0,5.0,1.0,19.0,12.0,238.0,14.0,15:00:00,/en/matches/b317ed7d/Reims-Ajaccio-March-5-2023-Ligue-1
FRA-Ligue 1,2223,Ajaccio,2023-03-12 Ajaccio-Montpellier,2023-03-12,Matchweek 27,Sun,Home,L,0,1,Montpellier,48,596.0,45.0,169.0,321.0,113.0,3.0,596.0,26.0,10.0,38.5,11.0,42.3,367.0,2154.0,886.0,10.0,10.0,0.0,25.0,18.0,322.0,31.0,15:00:00,/en/matches/4d877fad/Ajaccio-Montpellier-March-12-2023-Ligue-1
FRA-Ligue 1,2223,Ajaccio,2023-03-19 Ajaccio-Monaco,2023-03-19,Matchweek 28,Sun,Home,L,0,2,Monaco,42,506.0,62.0,193.0,238.0,86.0,9.0,506.0,14.0,5.0,35.7,8.0,57.1,308.0,2040.0,922.0,10.0,9.0,1.0,21.0,12.0,269.0,35.0,13:00:00,/en/matches/9a21157d/Ajaccio-Monaco-March-19-2023-Ligue-1
FRA-Ligue 1,2223,Ajaccio,2023-04-02 Clermont Foot-Ajaccio,2023-04-02,Matchweek 29,Sun,Away,L,1,2,Clermont Foot,33,394.0,60.0,166.0,194.0,41.0,5.0,394.0,27.0,16.0,59.3,9.0,33.3,237.0,1132.0,449.0,4.0,7.0,1.0,12.0,7.0,190.0,14.0,15:00:00,/en/matches/758ff2c2/Clermont-Foot-Ajaccio-April-2-2023-Ligue-1
FRA-Ligue 1,2223,Ajaccio,2023-04-09 Ajaccio-Auxerre,2023-04-09,Matchweek 30,Sun,Home,L,0,3,Auxerre,57,591.0,49.0,165.0,287.0,143.0,19.0,591.0,14.0,6.0,42.9,6.0,42.9,412.0,2303.0,1008.0,13.0,11.0,2.0,15.0,9.0,380.0,39.0,15:00:00,/en/matches/4afdc8cb/Ajaccio-Auxerre-April-9-2023-Ligue-1
FRA-Ligue 1,2223,Ajaccio,2023-04-16 Strasbourg-Ajaccio,2023-04-16,Matchweek 31,Sun,Away,L,1,3,Strasbourg,57,615.0,53.0,209.0,319.0,92.0,9.0,615.0,21.0,9.0,42.9,11.0,52.4,434.0,2509.0,1018.0,10.0,11.0,1.0,11.0,5.0,404.0,31.0,15:00:00,/en/matches/c4b417d4/Strasbourg-Ajaccio-April-16-2023-Ligue-1
FRA-Ligue 1,2223,Ajaccio,2023-04-23 Ajaccio-Brest,2023-04-23,Matchweek 32,Sun,Home,D,0,0,Brest,44,508.0,80.0,223.0,217.0,78.0,9.0,508.0,26.0,12.0,46.2,10.0,38.5,341.0,1962.0,1028.0,13.0,12.0,1.0,22.0,12.0,288.0,28.0,15:00:00,/en/matches/42abcfc9/Ajaccio-Brest-April-23-2023-Ligue-1
FRA-Ligue 1,2223,Ajaccio,2023-04-29 Lille-Ajaccio,2023-04-29,Matchweek 33,Sat,Away,L,0,3,Lille,25,365.0,59.0,175.0,155.0,38.0,2.0,365.0,11.0,6.0,54.5,4.0,36.4,228.0,1201.0,525.0,6.0,8.0,1.0,12.0,8.0,196.0,15.0,17:00:00,/en/matches/1213d047/Lille-Ajaccio-April-29-2023-Ligue-1
FRA-Ligue 1,2223,Ajaccio,2023-05-07 Ajaccio-Toulouse,2023-05-07,Matchweek 34,Sun,Home,D,0,0,Toulouse,39,500.0,70.0,184.0,210.0,109.0,14.0,500.0,22.0,15.0,68.2,6.0,27.3,318.0,1925.0,935.0,16.0,8.0,3.0,16.0,8.0,287.0,27.0,15:00:00,/en/matches/504a857a/Ajaccio-Toulouse-May-7-2023-Ligue-1
FRA-Ligue 1,2223,Ajaccio,2023-05-13 Paris S-G-Ajaccio,2023-05-13,Matchweek 35,Sat,Away,L,0,5,Paris S-G,27,413.0,85.0,199.0,161.0,53.0,7.0,413.0,10.0,7.0,70.0,3.0,30.0,253.0,1416.0,692.0,8.0,5.0,3.0,14.0,7.0,223.0,16.0,21:00:00,/en/matches/fdd73200/Paris-Saint-Germain-Ajaccio-May-13-2023-Ligue-1
FRA-Ligue 1,2223,Ajaccio,2023-05-21 Ajaccio-Rennes,2023-05-21,Matchweek 36,Sun,Home,L,0,5,Rennes,42,472.0,45.0,141.0,248.0,88.0,5.0,472.0,13.0,4.0,30.8,7.0,53.8,324.0,2014.0,810.0,10.0,5.0,1.0,11.0,6.0,301.0,23.0,13:00:00,/en/matches/3f140dc2/Ajaccio-Rennes-May-21-2023-Ligue-1
FRA-Ligue 1,2223,Ajaccio,2023-05-27 Lens-Ajaccio,2023-05-27,Matchweek 37,Sat,Away,L,0,3,Lens,21,310.0,66.0,164.0,117.0,36.0,3.0,310.0,5.0,1.0,20.0,4.0,80.0,173.0,1218.0,606.0,5.0,7.0,0.0,10.0,3.0,135.0,8.0,21:00:00,/en/matches/5eceb234/Lens-Ajaccio-May-27-2023-Ligue-1
FRA-Ligue 1,2223,Ajaccio,2023-06-03 Ajaccio-Marseille,2023-06-03,Matchweek 38,Sat,Home,W,1,0,Marseille,29,377.0,68.0,193.0,124.0,64.0,3.0,377.0,17.0,6.0,35.3,10.0,58.8,199.0,1139.0,398.0,7.0,6.0,0.0,19.0,6.0,162.0,18.0,21:00:00,/en/matches/2ca0b377/Ajaccio-Marseille-June-3-2023-Ligue-1
FRA-Ligue 1,2223,Angers,2022-08-07 Angers-Nantes,2022-08-07,Matchweek 1,Sun,Home,D,0,0,Nantes,49,532.0,57.0,162.0,237.0,141.0,25.0,532.0,20.0,11.0,55.0,9.0,45.0,340.0,2235.0,1003.0,18.0,23.0,2.0,17.0,10.0,303.0,52.0,15:00:00,/en/matches/136d5cbe/Angers-Nantes-August-7-2022-Ligue-1
FRA-Ligue 1,2223,Angers,2022-08-14 Auxerre-Angers,2022-08-14,Matchweek 2,Sun,Away,D,2,2,Auxerre,60,643.0,43.0,130.0,337.0,179.0,30.0,643.0,23.0,9.0,39.1,12.0,52.2,474.0,2339.0,1203.0,14.0,13.0,7.0,15.0,11.0,446.0,69.0,15:00:00,/en/matches/f5a2eb8d/Auxerre-Angers-August-14-2022-Ligue-1
FRA-Ligue 1,2223,Angers,2022-08-21 Angers-Brest,2022-08-21,Matchweek 3,Sun,Home,L,1,3,Brest,50,661.0,51.0,162.0,376.0,130.0,11.0,661.0,29.0,11.0,37.9,15.0,51.7,496.0,2744.0,1305.0,7.0,8.0,2.0,18.0,7.0,459.0,42.0,15:00:00,/en/matches/2bc4aa01/Angers-Brest-August-21-2022-Ligue-1
FRA-Ligue 1,2223,Angers,2022-08-28 Troyes-Angers,2022-08-28,Matchweek 4,Sun,Away,L,1,3,Troyes,51,676.0,82.0,236.0,353.0,91.0,11.0,676.0,31.0,19.0,61.3,11.0,35.5,529.0,2765.0,1264.0,15.0,12.0,4.0,13.0,3.0,487.0,42.0,15:00:00,/en/matches/ccccf547/Troyes-Angers-August-28-2022-Ligue-1
FRA-Ligue 1,2223,Angers,2022-08-31 Angers-Reims,2022-08-31,Matchweek 5,Wed,Home,L,2,4,Reims,57,646.0,41.0,172.0,349.0,135.0,15.0,645.0,31.0,11.0,35.5,15.0,48.4,446.0,2710.0,1237.0,17.0,13.0,5.0,27.0,5.0,407.0,41.0,19:00:00,/en/matches/d94a7d75/Angers-Reims-August-31-2022-Ligue-1
FRA-Ligue 1,2223,Angers,2022-09-03 Lyon-Angers,2022-09-03,Matchweek 6,Sat,Away,L,0,5,Lyon,36,450.0,62.0,142.0,223.0,94.0,13.0,450.0,21.0,8.0,38.1,8.0,38.1,274.0,1595.0,812.0,16.0,13.0,2.0,17.0,5.0,244.0,33.0,19:00:00,/en/matches/fb645562/Lyon-Angers-September-3-2022-Ligue-1
FRA-Ligue 1,2223,Angers,2022-09-11 Angers-Montpellier,2022-09-11,Matchweek 7,Sun,Home,W,2,1,Montpellier,45,523.0,47.0,158.0,267.0,108.0,18.0,522.0,18.0,8.0,44.4,8.0,44.4,361.0,1982.0,960.0,21.0,17.0,7.0,17.0,9.0,312.0,33.0,15:00:00,/en/matches/37884357/Angers-Montpellier-September-11-2022-Ligue-1
FRA-Ligue 1,2223,Angers,2022-09-18 Nice-Angers,2022-09-18,Matchweek 8,Sun,Away,W,1,0,Nice,50,562.0,48.0,133.0,258.0,177.0,30.0,562.0,28.0,11.0,39.3,15.0,53.6,421.0,2653.0,1276.0,32.0,20.0,13.0,6.0,13.0,379.0,46.0,15:00:00,/en/matches/58f908b1/Nice-Angers-September-18-2022-Ligue-1
FRA-Ligue 1,2223,Angers,2022-09-30 Angers-Marseille,2022-09-30,Matchweek 9,Fri,Home,L,0,3,Marseille,43,508.0,64.0,186.0,238.0,96.0,14.0,508.0,22.0,8.0,36.4,11.0,50.0,367.0,2245.0,990.0,16.0,14.0,7.0,13.0,6.0,320.0,27.0,21:00:00,/en/matches/3c6ebbba/Angers-Marseille-September-30-2022-Ligue-1
FRA-Ligue 1,2223,Angers,2022-10-09 Angers-Strasbourg,2022-10-09,Matchweek 10,Sun,Home,L,2,3,Strasbourg,54,673.0,66.0,211.0,311.0,159.0,21.0,673.0,35.0,16.0,45.7,14.0,40.0,511.0,2980.0,1497.0,23.0,26.0,8.0,13.0,8.0,476.0,46.0,15:00:00,/en/matches/bc649871/Angers-Strasbourg-October-9-2022-Ligue-1
FRA-Ligue 1,2223,Angers,2022-10-16 Toulouse-Angers,2022-10-16,Matchweek 11,Sun,Away,L,2,3,Toulouse,45,509.0,64.0,187.0,224.0,104.0,19.0,509.0,28.0,13.0,46.4,11.0,39.3,350.0,2148.0,1036.0,24.0,25.0,5.0,13.0,13.0,302.0,32.0,13:00:00,/en/matches/4b81fd1f/Toulouse-Angers-October-16-2022-Ligue-1
FRA-Ligue 1,2223,Angers,2022-10-23 Angers-Rennes,2022-10-23,Matchweek 12,Sun,Home,L,1,2,Rennes,30,407.0,63.0,195.0,154.0,64.0,13.0,407.0,21.0,11.0,52.4,7.0,33.3,264.0,1578.0,546.0,7.0,9.0,2.0,12.0,5.0,216.0,17.0,13:00:00,/en/matches/c9d3fd4b/Angers-Rennes-October-23-2022-Ligue-1
FRA-Ligue 1,2223,Angers,2022-10-30 Monaco-Angers,2022-10-30,Matchweek 13,Sun,Away,L,0,2,Monaco,48,596.0,62.0,204.0,303.0,100.0,14.0,596.0,17.0,9.0,52.9,7.0,41.2,446.0,2863.0,1440.0,20.0,19.0,7.0,17.0,14.0,397.0,30.0,15:00:00,/en/matches/6d8a6a22/Monaco-Angers-October-30-2022-Ligue-1
FRA-Ligue 1,2223,Angers,2022-11-05 Angers-Lens,2022-11-05,Matchweek 14,Sat,Home,L,1,2,Lens,44,558.0,55.0,213.0,275.0,73.0,7.0,558.0,17.0,7.0,41.2,9.0,52.9,429.0,2470.0,1029.0,9.0,11.0,0.0,21.0,6.0,386.0,29.0,21:00:00,/en/matches/75388a68/Angers-Lens-November-5-2022-Ligue-1
FRA-Ligue 1,2223,Angers,2022-11-13 Lille-Angers,2022-11-13,Matchweek 15,Sun,Away,L,0,1,Lille,42,532.0,52.0,192.0,260.0,86.0,13.0,532.0,26.0,7.0,26.9,14.0,53.8,373.0,2128.0,973.0,14.0,11.0,6.0,9.0,10.0,333.0,34.0,15:00:00,/en/matches/6055a18c/Lille-Angers-November-13-2022-Ligue-1
FRA-Ligue 1,2223,Angers,2022-12-28 Ajaccio-Angers,2022-12-28,Matchweek 16,Wed,Away,L,0,1,Ajaccio,54,587.0,35.0,169.0,306.0,120.0,15.0,587.0,18.0,11.0,61.1,4.0,22.2,411.0,2292.0,1116.0,20.0,13.0,4.0,18.0,7.0,381.0,46.0,15:00:00,/en/matches/095e292f/Ajaccio-Angers-December-28-2022-Ligue-1
FRA-Ligue 1,2223,Angers,2023-01-01 Angers-Lorient,2023-01-01,Matchweek 17,Sun,Home,L,1,2,Lorient,42,525.0,56.0,160.0,234.0,148.0,30.0,525.0,27.0,11.0,40.7,13.0,48.1,352.0,2427.0,1168.0,18.0,16.0,6.0,19.0,14.0,299.0,42.0,15:00:00,/en/matches/cff615b4/Angers-Lorient-January-1-2023-Ligue-1
FRA-Ligue 1,2223,Angers,2023-01-11 Paris S-G-Angers,2023-01-11,Matchweek 18,Wed,Away,L,0,2,Paris S-G,34,530.0,45.0,166.0,267.0,105.0,11.0,530.0,17.0,4.0,23.5,12.0,70.6,430.0,2690.0,1216.0,24.0,15.0,3.0,12.0,7.0,386.0,27.0,21:00:00,/en/matches/76db6078/Paris-Saint-Germain-Angers-January-11-2023-Ligue-1
FRA-Ligue 1,2223,Angers,2023-01-15 Angers-Clermont Foot,2023-01-15,Matchweek 19,Sun,Home,L,1,2,Clermont Foot,58,770.0,48.0,208.0,379.0,191.0,14.0,770.0,34.0,17.0,50.0,13.0,38.2,616.0,3200.0,1320.0,16.0,27.0,5.0,19.0,8.0,561.0,42.0,15:00:00,/en/matches/d21b1750/Angers-Clermont-Foot-January-15-2023-Ligue-1
FRA-Ligue 1,2223,Angers,2023-01-29 Brest-Angers,2023-01-29,Matchweek 20,Sun,Away,L,0,4,Brest,59,694.0,41.0,184.0,394.0,123.0,13.0,694.0,10.0,3.0,30.0,7.0,70.0,541.0,2816.0,1176.0,14.0,14.0,1.0,11.0,10.0,503.0,48.0,15:00:00,/en/matches/6bd8ad94/Brest-Angers-January-29-2023-Ligue-1
FRA-Ligue 1,2223,Angers,2023-02-01 Angers-Ajaccio,2023-02-01,Matchweek 21,Wed,Home,L,1,2,Ajaccio,40,450.0,53.0,183.0,191.0,84.0,6.0,450.0,31.0,13.0,41.9,15.0,48.4,251.0,1436.0,664.0,11.0,10.0,0.0,21.0,5.0,224.0,17.0,19:00:00,/en/matches/671cbd4f/Angers-Ajaccio-February-1-2023-Ligue-1
FRA-Ligue 1,2223,Angers,2023-02-05 Lorient-Angers,2023-02-05,Matchweek 22,Sun,Away,D,0,0,Lorient,44,573.0,60.0,182.0,258.0,142.0,15.0,573.0,21.0,10.0,47.6,8.0,38.1,392.0,2118.0,875.0,19.0,16.0,2.0,16.0,14.0,352.0,40.0,15:00:00,/en/matches/4f77b00e/Lorient-Angers-February-5-2023-Ligue-1
FRA-Ligue 1,2223,Angers,2023-02-12 Angers-Auxerre,2023-02-12,Matchweek 23,Sun,Home,D,1,1,Auxerre,50,551.0,51.0,180.0,272.0,105.0,14.0,551.0,19.0,9.0,47.4,7.0,36.8,360.0,2384.0,1135.0,18.0,13.0,3.0,14.0,16.0,322.0,30.0,15:00:00,/en/matches/079e4a90/Angers-Auxerre-February-12-2023-Ligue-1
FRA-Ligue 1,2223,Angers,2023-02-18 Strasbourg-Angers,2023-02-18,Matchweek 24,Sat,Away,L,1,2,Strasbourg,64,712.0,62.0,187.0,401.0,130.0,8.0,711.0,19.0,5.0,26.3,10.0,52.6,537.0,3172.0,1417.0,14.0,19.0,1.0,13.0,11.0,498.0,33.0,21:00:00,/en/matches/7981e432/Strasbourg-Angers-February-18-2023-Ligue-1
FRA-Ligue 1,2223,Angers,2023-02-25 Angers-Lyon,2023-02-25,Matchweek 25,Sat,Home,L,1,3,Lyon,43,568.0,46.0,160.0,288.0,133.0,12.0,568.0,30.0,19.0,63.3,9.0,30.0,428.0,2893.0,1559.0,26.0,27.0,3.0,12.0,11.0,375.0,41.0,17:00:00,/en/matches/ed761c34/Angers-Lyon-February-25-2023-Ligue-1
FRA-Ligue 1,2223,Angers,2023-03-05 Montpellier-Angers,2023-03-05,Matchweek 26,Sun,Away,L,0,5,Montpellier,40,493.0,68.0,181.0,247.0,76.0,12.0,493.0,32.0,19.0,59.4,12.0,37.5,347.0,2261.0,917.0,17.0,13.0,4.0,11.0,7.0,308.0,23.0,15:00:00,/en/matches/05267653/Montpellier-Angers-March-5-2023-Ligue-1
FRA-Ligue 1,2223,Angers,2023-03-12 Angers-Toulouse,2023-03-12,Matchweek 27,Sun,Home,L,0,2,Toulouse,40,524.0,51.0,158.0,244.0,131.0,25.0,524.0,34.0,24.0,70.6,8.0,23.5,352.0,2091.0,1023.0,20.0,7.0,8.0,16.0,5.0,312.0,35.0,15:00:00,/en/matches/7bf37201/Angers-Toulouse-March-12-2023-Ligue-1
FRA-Ligue 1,2223,Angers,2023-03-18 Lens-Angers,2023-03-18,Matchweek 28,Sat,Away,L,0,3,Lens,54,672.0,44.0,171.0,395.0,113.0,11.0,672.0,18.0,11.0,61.1,7.0,38.9,548.0,3410.0,1391.0,17.0,13.0,4.0,11.0,10.0,512.0,42.0,21:00:00,/en/matches/9481e88d/Lens-Angers-March-18-2023-Ligue-1
FRA-Ligue 1,2223,Angers,2023-04-02 Angers-Nice,2023-04-02,Matchweek 29,Sun,Home,D,1,1,Nice,37,494.0,67.0,163.0,203.0,141.0,16.0,494.0,24.0,11.0,45.8,10.0,41.7,329.0,1964.0,964.0,23.0,15.0,6.0,20.0,19.0,278.0,34.0,15:00:00,/en/matches/3ee2de5c/Angers-Nice-April-2-2023-Ligue-1
FRA-Ligue 1,2223,Angers,2023-04-08 Angers-Lille,2023-04-08,Matchweek 30,Sat,Home,W,1,0,Lille,34,402.0,74.0,175.0,152.0,85.0,8.0,402.0,26.0,14.0,53.8,9.0,34.6,238.0,1403.0,626.0,10.0,12.0,1.0,18.0,12.0,202.0,18.0,17:00:00,/en/matches/5b23ad99/Angers-Lille-April-8-2023-Ligue-1
FRA-Ligue 1,2223,Angers,2023-04-16 Clermont Foot-Angers,2023-04-16,Matchweek 31,Sun,Away,L,1,2,Clermont Foot,47,533.0,47.0,117.0,243.0,176.0,14.0,533.0,26.0,12.0,46.2,10.0,38.5,381.0,2196.0,1048.0,15.0,20.0,2.0,20.0,12.0,336.0,38.0,15:00:00,/en/matches/f254960b/Clermont-Foot-Angers-April-16-2023-Ligue-1
FRA-Ligue 1,2223,Angers,2023-04-21 Angers-Paris S-G,2023-04-21,Matchweek 32,Fri,Home,L,1,2,Paris S-G,35,575.0,45.0,138.0,272.0,175.0,16.0,575.0,24.0,12.0,50.0,9.0,37.5,454.0,2662.0,1231.0,22.0,30.0,4.0,15.0,6.0,399.0,49.0,21:00:00,/en/matches/e7e8dc1c/Angers-Paris-Saint-Germain-April-21-2023-Ligue-1
FRA-Ligue 1,2223,Angers,2023-04-30 Rennes-Angers,2023-04-30,Matchweek 33,Sun,Away,L,2,4,Rennes,36,421.0,47.0,155.0,186.0,88.0,10.0,420.0,22.0,15.0,68.2,6.0,27.3,299.0,1815.0,891.0,12.0,7.0,2.0,16.0,3.0,262.0,19.0,15:00:00,/en/matches/8a1bae48/Rennes-Angers-April-30-2023-Ligue-1
FRA-Ligue 1,2223,Angers,2023-05-07 Angers-Monaco,2023-05-07,Matchweek 34,Sun,Home,L,1,2,Monaco,60,718.0,47.0,241.0,353.0,132.0,15.0,718.0,44.0,25.0,56.8,16.0,36.4,553.0,2620.0,1102.0,10.0,16.0,3.0,20.0,7.0,511.0,43.0,13:00:00,/en/matches/353a0635/Angers-Monaco-May-7-2023-Ligue-1
FRA-Ligue 1,2223,Angers,2023-05-14 Marseille-Angers,2023-05-14,Matchweek 35,Sun,Away,L,1,3,Marseille,38,444.0,61.0,167.0,219.0,64.0,4.0,444.0,18.0,5.0,27.8,11.0,61.1,292.0,1544.0,668.0,12.0,15.0,2.0,10.0,10.0,258.0,13.0,20:45:00,/en/matches/01b6ff4d/Marseille-Angers-May-14-2023-Ligue-1
FRA-Ligue 1,2223,Angers,2023-05-21 Reims-Angers,2023-05-21,Matchweek 36,Sun,Away,D,2,2,Reims,43,517.0,52.0,176.0,231.0,121.0,14.0,517.0,29.0,16.0,55.2,11.0,37.9,352.0,1993.0,867.0,11.0,9.0,1.0,15.0,13.0,311.0,32.0,15:00:00,/en/matches/908507af/Reims-Angers-May-21-2023-Ligue-1
FRA-Ligue 1,2223,Angers,2023-05-27 Angers-Troyes,2023-05-27,Matchweek 37,Sat,Home,W,2,1,Troyes,60,623.0,38.0,120.0,326.0,187.0,23.0,623.0,24.0,12.0,50.0,11.0,45.8,450.0,2559.0,1057.0,16.0,14.0,5.0,17.0,7.0,424.0,47.0,21:00:00,/en/matches/567eeb7c/Angers-Troyes-May-27-2023-Ligue-1
FRA-Ligue 1,2223,Angers,2023-06-03 Nantes-Angers,2023-06-03,Matchweek 38,Sat,Away,L,0,1,Nantes,66,663.0,46.0,164.0,407.0,102.0,7.0,663.0,14.0,4.0,28.6,8.0,57.1,527.0,2577.0,1414.0,14.0,21.0,2.0,21.0,10.0,493.0,42.0,21:00:00,/en/matches/54a0b007/Nantes-Angers-June-3-2023-Ligue-1
FRA-Ligue 1,2223,Auxerre,2022-08-07 Lille-Auxerre,2022-08-07,Matchweek 1,Sun,Away,L,1,4,Lille,41,532.0,73.0,198.0,220.0,116.0,19.0,532.0,23.0,10.0,43.5,9.0,39.1,390.0,2021.0,677.0,12.0,12.0,1.0,9.0,5.0,365.0,41.0,15:00:00,/en/matches/cbdc95fe/Lille-Auxerre-August-7-2022-Ligue-1
FRA-Ligue 1,2223,Auxerre,2022-08-14 Auxerre-Angers,2022-08-14,Matchweek 2,Sun,Home,D,2,2,Angers,40,477.0,69.0,179.0,205.0,98.0,11.0,477.0,15.0,7.0,46.7,6.0,40.0,302.0,1594.0,720.0,10.0,6.0,1.0,17.0,3.0,269.0,25.0,15:00:00,/en/matches/f5a2eb8d/Auxerre-Angers-August-14-2022-Ligue-1
FRA-Ligue 1,2223,Auxerre,2022-08-21 Montpellier-Auxerre,2022-08-21,Matchweek 3,Sun,Away,W,2,1,Montpellier,36,452.0,66.0,188.0,204.0,60.0,7.0,451.0,15.0,6.0,40.0,6.0,40.0,307.0,1700.0,752.0,10.0,10.0,2.0,14.0,6.0,273.0,24.0,15:00:00,/en/matches/05d493df/Montpellier-Auxerre-August-21-2022-Ligue-1
FRA-Ligue 1,2223,Auxerre,2022-08-27 Auxerre-Strasbourg,2022-08-27,Matchweek 4,Sat,Home,W,1,0,Strasbourg,42,591.0,84.0,215.0,256.0,124.0,17.0,591.0,16.0,7.0,43.8,7.0,43.8,417.0,2257.0,1039.0,18.0,12.0,4.0,12.0,4.0,370.0,29.0,17:00:00,/en/matches/0bd45b22/Auxerre-Strasbourg-August-27-2022-Ligue-1
FRA-Ligue 1,2223,Auxerre,2022-08-31 Lyon-Auxerre,2022-08-31,Matchweek 5,Wed,Away,L,1,2,Lyon,38,527.0,79.0,227.0,209.0,98.0,9.0,527.0,19.0,10.0,52.6,6.0,31.6,344.0,2039.0,725.0,15.0,5.0,2.0,16.0,12.0,299.0,32.0,19:00:00,/en/matches/d4cde1d6/Lyon-Auxerre-August-31-2022-Ligue-1
FRA-Ligue 1,2223,Auxerre,2022-09-03 Auxerre-Marseille,2022-09-03,Matchweek 6,Sat,Home,L,0,2,Marseille,48,599.0,64.0,183.0,294.0,130.0,6.0,599.0,16.0,5.0,31.3,8.0,50.0,423.0,2630.0,1219.0,19.0,19.0,2.0,16.0,10.0,381.0,38.0,17:00:00,/en/matches/d9b1158b/Auxerre-Marseille-September-3-2022-Ligue-1
FRA-Ligue 1,2223,Auxerre,2022-09-11 Rennes-Auxerre,2022-09-11,Matchweek 7,Sun,Away,L,0,5,Rennes,52,634.0,49.0,176.0,323.0,142.0,20.0,634.0,18.0,7.0,38.9,8.0,44.4,475.0,2797.0,1221.0,15.0,10.0,3.0,13.0,11.0,430.0,48.0,17:05:00,/en/matches/16d3a368/Rennes-Auxerre-September-11-2022-Ligue-1
FRA-Ligue 1,2223,Auxerre,2022-09-16 Auxerre-Lorient,2022-09-16,Matchweek 8,Fri,Home,L,1,3,Lorient,56,688.0,69.0,199.0,291.0,205.0,26.0,688.0,24.0,10.0,41.7,11.0,45.8,498.0,2704.0,1180.0,13.0,11.0,2.0,13.0,6.0,471.0,61.0,21:00:00,/en/matches/49bc23eb/Auxerre-Lorient-September-16-2022-Ligue-1
FRA-Ligue 1,2223,Auxerre,2022-10-02 Auxerre-Brest,2022-10-02,Matchweek 9,Sun,Home,D,1,1,Brest,48,586.0,56.0,186.0,301.0,104.0,16.0,585.0,28.0,14.0,50.0,6.0,21.4,427.0,2762.0,1195.0,14.0,13.0,2.0,17.0,7.0,393.0,31.0,15:00:00,/en/matches/0992c452/Auxerre-Brest-October-2-2022-Ligue-1
FRA-Ligue 1,2223,Auxerre,2022-10-09 Clermont Foot-Auxerre,2022-10-09,Matchweek 10,Sun,Away,L,1,2,Clermont Foot,52,594.0,69.0,188.0,271.0,142.0,15.0,594.0,19.0,8.0,42.1,10.0,52.6,425.0,2339.0,970.0,17.0,17.0,6.0,20.0,7.0,390.0,43.0,15:00:00,/en/matches/d6cfdf2e/Clermont-Foot-Auxerre-October-9-2022-Ligue-1
FRA-Ligue 1,2223,Auxerre,2022-10-16 Auxerre-Nice,2022-10-16,Matchweek 11,Sun,Home,D,1,1,Nice,45,577.0,60.0,165.0,289.0,127.0,14.0,577.0,11.0,7.0,63.6,4.0,36.4,411.0,2415.0,1036.0,15.0,14.0,2.0,11.0,8.0,369.0,36.0,15:00:00,/en/matches/a9ffc8fd/Auxerre-Nice-October-16-2022-Ligue-1
FRA-Ligue 1,2223,Auxerre,2022-10-23 Reims-Auxerre,2022-10-23,Matchweek 12,Sun,Away,L,1,2,Reims,46,529.0,77.0,209.0,222.0,104.0,16.0,529.0,20.0,9.0,45.0,8.0,40.0,355.0,2171.0,893.0,15.0,18.0,3.0,19.0,14.0,294.0,24.0,15:00:00,/en/matches/c6b10aeb/Reims-Auxerre-October-23-2022-Ligue-1
FRA-Ligue 1,2223,Auxerre,2022-10-30 Auxerre-Ajaccio,2022-10-30,Matchweek 13,Sun,Home,W,1,0,Ajaccio,41,508.0,63.0,190.0,237.0,86.0,14.0,508.0,24.0,11.0,45.8,8.0,33.3,322.0,1749.0,863.0,16.0,9.0,4.0,17.0,7.0,288.0,30.0,13:00:00,/en/matches/37f73b7b/Auxerre-Ajaccio-October-30-2022-Ligue-1
FRA-Ligue 1,2223,Auxerre,2022-11-04 Troyes-Auxerre,2022-11-04,Matchweek 14,Fri,Away,D,1,1,Troyes,50,645.0,77.0,200.0,293.0,158.0,32.0,645.0,12.0,5.0,41.7,6.0,50.0,481.0,2703.0,1378.0,17.0,15.0,1.0,14.0,7.0,438.0,47.0,21:00:00,/en/matches/c138eba8/Troyes-Auxerre-November-4-2022-Ligue-1
FRA-Ligue 1,2223,Auxerre,2022-11-13 Paris S-G-Auxerre,2022-11-13,Matchweek 15,Sun,Away,L,0,5,Paris S-G,41,571.0,59.0,206.0,238.0,132.0,16.0,571.0,24.0,13.0,54.2,8.0,33.3,419.0,2669.0,1267.0,24.0,23.0,4.0,14.0,4.0,382.0,35.0,13:00:00,/en/matches/86e55266/Paris-Saint-Germain-Auxerre-November-13-2022-Ligue-1
FRA-Ligue 1,2223,Auxerre,2022-12-28 Auxerre-Monaco,2022-12-28,Matchweek 16,Wed,Home,L,2,3,Monaco,38,503.0,63.0,206.0,210.0,92.0,12.0,502.0,17.0,7.0,41.2,7.0,41.2,321.0,1880.0,826.0,8.0,15.0,4.0,19.0,6.0,283.0,23.0,17:00:00,/en/matches/d5b35d85/Auxerre-Monaco-December-28-2022-Ligue-1
FRA-Ligue 1,2223,Auxerre,2023-01-01 Nantes-Auxerre,2023-01-01,Matchweek 17,Sun,Away,L,0,1,Nantes,50,567.0,65.0,185.0,255.0,129.0,16.0,567.0,19.0,8.0,42.1,9.0,47.4,373.0,2215.0,934.0,12.0,10.0,1.0,25.0,8.0,332.0,29.0,15:00:00,/en/matches/eb1f454d/Nantes-Auxerre-January-1-2023-Ligue-1
FRA-Ligue 1,2223,Auxerre,2023-01-11 Auxerre-Toulouse,2023-01-11,Matchweek 18,Wed,Home,L,0,5,Toulouse,48,480.0,36.0,106.0,232.0,146.0,31.0,480.0,12.0,5.0,41.7,6.0,50.0,298.0,1682.0,679.0,12.0,9.0,4.0,26.0,10.0,281.0,43.0,19:00:00,/en/matches/7037273e/Auxerre-Toulouse-January-11-2023-Ligue-1
FRA-Ligue 1,2223,Auxerre,2023-01-14 Lens-Auxerre,2023-01-14,Matchweek 19,Sat,Away,L,0,1,Lens,33,402.0,73.0,199.0,159.0,49.0,3.0,402.0,9.0,1.0,11.1,6.0,66.7,246.0,1581.0,575.0,9.0,10.0,1.0,9.0,8.0,216.0,17.0,17:00:00,/en/matches/767c1b25/Lens-Auxerre-January-14-2023-Ligue-1
FRA-Ligue 1,2223,Auxerre,2023-01-29 Auxerre-Montpellier,2023-01-29,Matchweek 20,Sun,Home,L,0,2,Montpellier,58,661.0,47.0,201.0,320.0,144.0,27.0,660.0,23.0,7.0,30.4,12.0,52.2,465.0,2449.0,1061.0,14.0,11.0,4.0,17.0,16.0,411.0,63.0,15:00:00,/en/matches/73d5a2c8/Auxerre-Montpellier-January-29-2023-Ligue-1
FRA-Ligue 1,2223,Auxerre,2023-02-01 Monaco-Auxerre,2023-02-01,Matchweek 21,Wed,Away,L,2,3,Monaco,56,703.0,62.0,239.0,334.0,140.0,21.0,703.0,27.0,12.0,44.4,12.0,44.4,527.0,2891.0,1312.0,7.0,11.0,1.0,26.0,14.0,477.0,48.0,21:00:00,/en/matches/7bb26754/Monaco-Auxerre-February-1-2023-Ligue-1
FRA-Ligue 1,2223,Auxerre,2023-02-05 Auxerre-Reims,2023-02-05,Matchweek 22,Sun,Home,D,0,0,Reims,40,498.0,52.0,150.0,216.0,138.0,26.0,498.0,18.0,6.0,33.3,11.0,61.1,308.0,1876.0,797.0,22.0,17.0,8.0,14.0,7.0,259.0,42.0,15:00:00,/en/matches/384b2fcb/Auxerre-Reims-February-5-2023-Ligue-1
FRA-Ligue 1,2223,Auxerre,2023-02-12 Angers-Auxerre,2023-02-12,Matchweek 23,Sun,Away,D,1,1,Angers,50,583.0,54.0,192.0,272.0,124.0,22.0,581.0,22.0,9.0,40.9,10.0,45.5,395.0,2429.0,1148.0,21.0,20.0,7.0,26.0,8.0,348.0,33.0,15:00:00,/en/matches/079e4a90/Angers-Auxerre-February-12-2023-Ligue-1
FRA-Ligue 1,2223,Auxerre,2023-02-17 Auxerre-Lyon,2023-02-17,Matchweek 24,Fri,Home,W,2,1,Lyon,35,453.0,56.0,175.0,187.0,98.0,13.0,452.0,24.0,12.0,50.0,8.0,33.3,301.0,2069.0,1011.0,20.0,16.0,5.0,25.0,10.0,249.0,26.0,21:00:00,/en/matches/ab3c5cc9/Auxerre-Lyon-February-17-2023-Ligue-1
FRA-Ligue 1,2223,Auxerre,2023-02-26 Lorient-Auxerre,2023-02-26,Matchweek 25,Sun,Away,W,1,0,Lorient,39,485.0,78.0,194.0,213.0,83.0,16.0,485.0,20.0,12.0,60.0,8.0,40.0,342.0,2181.0,1126.0,10.0,11.0,4.0,19.0,17.0,282.0,26.0,13:00:00,/en/matches/f9f72ca1/Lorient-Auxerre-February-26-2023-Ligue-1
FRA-Ligue 1,2223,Auxerre,2023-03-03 Nice-Auxerre,2023-03-03,Matchweek 26,Fri,Away,D,1,1,Nice,36,504.0,103.0,251.0,204.0,58.0,7.0,504.0,30.0,15.0,50.0,13.0,43.3,331.0,1888.0,844.0,9.0,7.0,4.0,19.0,10.0,279.0,23.0,21:00:00,/en/matches/ab7003b3/Nice-Auxerre-March-3-2023-Ligue-1
FRA-Ligue 1,2223,Auxerre,2023-03-11 Auxerre-Rennes,2023-03-11,Matchweek 27,Sat,Home,D,0,0,Rennes,33,438.0,61.0,162.0,192.0,89.0,16.0,438.0,18.0,4.0,22.2,10.0,55.6,286.0,1866.0,809.0,17.0,7.0,5.0,15.0,7.0,231.0,23.0,17:00:00,/en/matches/edf3e1c0/Auxerre-Rennes-March-11-2023-Ligue-1
FRA-Ligue 1,2223,Auxerre,2023-03-19 Strasbourg-Auxerre,2023-03-19,Matchweek 28,Sun,Away,L,0,2,Strasbourg,49,547.0,62.0,191.0,281.0,85.0,13.0,547.0,26.0,15.0,57.7,10.0,38.5,318.0,1902.0,847.0,15.0,14.0,3.0,24.0,16.0,271.0,29.0,15:00:00,/en/matches/8c7d3708/Strasbourg-Auxerre-March-19-2023-Ligue-1
FRA-Ligue 1,2223,Auxerre,2023-04-01 Auxerre-Troyes,2023-04-01,Matchweek 29,Sat,Home,W,1,0,Troyes,38,480.0,64.0,174.0,211.0,109.0,24.0,480.0,24.0,12.0,50.0,7.0,29.2,286.0,1595.0,743.0,16.0,13.0,4.0,19.0,7.0,233.0,26.0,17:00:00,/en/matches/fd495836/Auxerre-Troyes-April-1-2023-Ligue-1
FRA-Ligue 1,2223,Auxerre,2023-04-09 Ajaccio-Auxerre,2023-04-09,Matchweek 30,Sun,Away,W,3,0,Ajaccio,43,484.0,59.0,155.0,250.0,88.0,14.0,484.0,15.0,10.0,66.7,3.0,20.0,315.0,1973.0,1032.0,17.0,10.0,4.0,18.0,6.0,276.0,27.0,15:00:00,/en/matches/4afdc8cb/Ajaccio-Auxerre-April-9-2023-Ligue-1
FRA-Ligue 1,2223,Auxerre,2023-04-16 Auxerre-Nantes,2023-04-16,Matchweek 31,Sun,Home,W,2,1,Nantes,31,421.0,70.0,156.0,179.0,97.0,13.0,420.0,18.0,4.0,22.2,13.0,72.2,230.0,1530.0,674.0,9.0,7.0,4.0,16.0,9.0,174.0,16.0,15:00:00,/en/matches/35b40c4d/Auxerre-Nantes-April-16-2023-Ligue-1
FRA-Ligue 1,2223,Auxerre,2023-04-22 Auxerre-Lille,2023-04-22,Matchweek 32,Sat,Home,D,1,1,Lille,31,414.0,76.0,175.0,179.0,67.0,13.0,413.0,16.0,5.0,31.3,8.0,50.0,263.0,1394.0,600.0,8.0,9.0,3.0,13.0,4.0,230.0,22.0,17:00:00,/en/matches/3d446dbd/Auxerre-Lille-April-22-2023-Ligue-1
FRA-Ligue 1,2223,Auxerre,2023-04-30 Marseille-Auxerre,2023-04-30,Matchweek 33,Sun,Away,L,1,2,Marseille,31,397.0,96.0,185.0,152.0,64.0,12.0,397.0,13.0,5.0,38.5,8.0,61.5,203.0,1129.0,519.0,7.0,8.0,6.0,16.0,11.0,173.0,15.0,20:45:00,/en/matches/fbb41c2a/Marseille-Auxerre-April-30-2023-Ligue-1
FRA-Ligue 1,2223,Auxerre,2023-05-07 Auxerre-Clermont Foot,2023-05-07,Matchweek 34,Sun,Home,D,1,1,Clermont Foot,47,547.0,69.0,180.0,255.0,118.0,18.0,547.0,27.0,12.0,44.4,14.0,51.9,382.0,2189.0,917.0,11.0,12.0,2.0,12.0,7.0,345.0,37.0,15:00:00,/en/matches/eca941ec/Auxerre-Clermont-Foot-May-7-2023-Ligue-1
FRA-Ligue 1,2223,Auxerre,2023-05-14 Brest-Auxerre,2023-05-14,Matchweek 35,Sun,Away,L,0,1,Brest,55,681.0,74.0,219.0,357.0,109.0,10.0,681.0,23.0,9.0,39.1,12.0,52.2,517.0,2967.0,1231.0,6.0,15.0,2.0,16.0,9.0,462.0,44.0,15:00:00,/en/matches/7039d1ce/Brest-Auxerre-May-14-2023-Ligue-1
FRA-Ligue 1,2223,Auxerre,2023-05-21 Auxerre-Paris S-G,2023-05-21,Matchweek 36,Sun,Home,L,1,2,Paris S-G,37,555.0,60.0,173.0,225.0,165.0,20.0,555.0,15.0,9.0,60.0,6.0,40.0,421.0,2064.0,899.0,18.0,9.0,5.0,13.0,8.0,384.0,46.0,20:45:00,/en/matches/bd6c4cac/Auxerre-Paris-Saint-Germain-May-21-2023-Ligue-1
FRA-Ligue 1,2223,Auxerre,2023-05-27 Toulouse-Auxerre,2023-05-27,Matchweek 37,Sat,Away,D,1,1,Toulouse,40,463.0,79.0,164.0,204.0,100.0,13.0,463.0,26.0,16.0,61.5,8.0,30.8,305.0,1885.0,758.0,8.0,7.0,1.0,18.0,8.0,267.0,30.0,21:00:00,/en/matches/e117776e/Toulouse-Auxerre-May-27-2023-Ligue-1
FRA-Ligue 1,2223,Auxerre,2023-06-03 Auxerre-Lens,2023-06-03,Matchweek 38,Sat,Home,L,1,3,Lens,51,583.0,50.0,153.0,291.0,151.0,32.0,583.0,23.0,13.0,56.5,7.0,30.4,433.0,2655.0,1308.0,25.0,19.0,10.0,18.0,3.0,393.0,35.0,21:00:00,/en/matches/a44cfa36/Auxerre-Lens-June-3-2023-Ligue-1
FRA-Ligue 1,2223,Brest,2022-08-07 Lens-Brest,2022-08-07,Matchweek 1,Sun,Away,L,2,3,Lens,39,420.0,47.0,140.0,193.0,93.0,14.0,419.0,14.0,5.0,35.7,8.0,57.1,267.0,1693.0,736.0,10.0,8.0,2.0,16.0,4.0,234.0,30.0,15:00:00,/en/matches/058c83eb/Lens-Brest-August-7-2022-Ligue-1
FRA-Ligue 1,2223,Brest,2022-08-14 Brest-Marseille,2022-08-14,Matchweek 2,Sun,Home,D,1,1,Marseille,47,583.0,41.0,141.0,267.0,182.0,23.0,583.0,12.0,3.0,25.0,8.0,66.7,365.0,2140.0,783.0,19.0,16.0,6.0,19.0,8.0,340.0,33.0,20:45:00,/en/matches/4a5a2571/Brest-Marseille-August-14-2022-Ligue-1
FRA-Ligue 1,2223,Brest,2022-08-21 Angers-Brest,2022-08-21,Matchweek 3,Sun,Away,W,3,1,Angers,50,654.0,46.0,183.0,328.0,153.0,25.0,654.0,23.0,11.0,47.8,8.0,34.8,481.0,2963.0,1425.0,24.0,15.0,7.0,18.0,16.0,447.0,41.0,15:00:00,/en/matches/2bc4aa01/Angers-Brest-August-21-2022-Ligue-1
FRA-Ligue 1,2223,Brest,2022-08-28 Brest-Montpellier,2022-08-28,Matchweek 4,Sun,Home,L,0,7,Montpellier,52,513.0,35.0,121.0,273.0,122.0,11.0,513.0,13.0,4.0,30.8,8.0,61.5,354.0,1929.0,810.0,8.0,5.0,1.0,13.0,10.0,331.0,40.0,15:00:00,/en/matches/1c7d2241/Brest-Montpellier-August-28-2022-Ligue-1
FRA-Ligue 1,2223,Brest,2022-08-31 Rennes-Brest,2022-08-31,Matchweek 5,Wed,Away,L,1,3,Rennes,36,510.0,72.0,183.0,226.0,106.0,9.0,510.0,12.0,2.0,16.7,8.0,66.7,306.0,1373.0,648.0,7.0,12.0,2.0,18.0,2.0,263.0,26.0,21:00:00,/en/matches/b9bd2221/Rennes-Brest-August-31-2022-Ligue-1
FRA-Ligue 1,2223,Brest,2022-09-04 Brest-Strasbourg,2022-09-04,Matchweek 6,Sun,Home,D,1,1,Strasbourg,59,648.0,60.0,171.0,324.0,157.0,16.0,648.0,13.0,3.0,23.1,7.0,53.8,464.0,2611.0,1260.0,27.0,20.0,4.0,12.0,6.0,429.0,47.0,15:00:00,/en/matches/a4f51170/Brest-Strasbourg-September-4-2022-Ligue-1
FRA-Ligue 1,2223,Brest,2022-09-10 Paris S-G-Brest,2022-09-10,Matchweek 7,Sat,Away,L,0,1,Paris S-G,39,563.0,67.0,202.0,269.0,97.0,9.0,562.0,13.0,3.0,23.1,6.0,46.2,406.0,2157.0,944.0,9.0,18.0,3.0,9.0,9.0,366.0,31.0,17:00:00,/en/matches/7e83ffa9/Paris-Saint-Germain-Brest-September-10-2022-Ligue-1
FRA-Ligue 1,2223,Brest,2022-09-18 Brest-Ajaccio,2022-09-18,Matchweek 8,Sun,Home,L,0,1,Ajaccio,59,663.0,30.0,162.0,375.0,140.0,24.0,663.0,14.0,4.0,28.6,8.0,57.1,449.0,2513.0,1105.0,12.0,8.0,3.0,13.0,8.0,408.0,53.0,15:00:00,/en/matches/1051ac4c/Brest-Ajaccio-September-18-2022-Ligue-1
FRA-Ligue 1,2223,Brest,2022-10-02 Auxerre-Brest,2022-10-02,Matchweek 9,Sun,Away,D,1,1,Auxerre,52,583.0,52.0,143.0,338.0,105.0,15.0,583.0,15.0,6.0,40.0,6.0,40.0,441.0,2411.0,1091.0,9.0,10.0,3.0,14.0,10.0,401.0,41.0,15:00:00,/en/matches/0992c452/Auxerre-Brest-October-2-2022-Ligue-1
FRA-Ligue 1,2223,Brest,2022-10-09 Brest-Lorient,2022-10-09,Matchweek 10,Sun,Home,L,1,2,Lorient,50,619.0,47.0,165.0,331.0,134.0,26.0,619.0,6.0,4.0,66.7,1.0,16.7,407.0,2234.0,1040.0,17.0,14.0,3.0,21.0,9.0,368.0,45.0,15:00:00,/en/matches/173aef86/Brest-Lorient-October-9-2022-Ligue-1
FRA-Ligue 1,2223,Brest,2022-10-16 Nantes-Brest,2022-10-16,Matchweek 11,Sun,Away,L,1,4,Nantes,46,524.0,58.0,171.0,240.0,118.0,23.0,524.0,21.0,7.0,33.3,11.0,52.4,345.0,2092.0,952.0,17.0,9.0,7.0,16.0,9.0,316.0,48.0,15:00:00,/en/matches/d8787f23/Nantes-Brest-October-16-2022-Ligue-1
FRA-Ligue 1,2223,Brest,2022-10-23 Clermont Foot-Brest,2022-10-23,Matchweek 12,Sun,Away,W,3,1,Clermont Foot,38,508.0,76.0,204.0,205.0,107.0,22.0,507.0,18.0,8.0,44.4,7.0,38.9,355.0,2340.0,1259.0,31.0,13.0,10.0,16.0,8.0,289.0,33.0,15:00:00,/en/matches/75c3d20d/Clermont-Foot-Brest-October-23-2022-Ligue-1
FRA-Ligue 1,2223,Brest,2022-10-30 Brest-Reims,2022-10-30,Matchweek 13,Sun,Home,D,0,0,Reims,51,595.0,61.0,154.0,300.0,149.0,26.0,595.0,22.0,9.0,40.9,12.0,54.5,392.0,2192.0,1067.0,17.0,16.0,3.0,18.0,13.0,343.0,38.0,15:00:00,/en/matches/9547c75b/Brest-Reims-October-30-2022-Ligue-1
FRA-Ligue 1,2223,Brest,2022-11-06 Nice-Brest,2022-11-06,Matchweek 14,Sun,Away,L,0,1,Nice,44,586.0,54.0,184.0,254.0,156.0,17.0,586.0,19.0,5.0,26.3,12.0,63.2,430.0,2473.0,1180.0,13.0,19.0,3.0,13.0,9.0,385.0,35.0,15:00:00,/en/matches/cbe2fdcb/Nice-Brest-November-6-2022-Ligue-1
FRA-Ligue 1,2223,Brest,2022-11-13 Brest-Troyes,2022-11-13,Matchweek 15,Sun,Home,W,2,1,Troyes,54,571.0,46.0,146.0,302.0,129.0,27.0,569.0,17.0,7.0,41.2,10.0,58.8,412.0,2294.0,1078.0,20.0,16.0,5.0,21.0,7.0,368.0,41.0,15:00:00,/en/matches/8067e5e7/Brest-Troyes-November-13-2022-Ligue-1
FRA-Ligue 1,2223,Brest,2022-12-28 Brest-Lyon,2022-12-28,Matchweek 16,Wed,Home,L,2,4,Lyon,43,492.0,56.0,169.0,204.0,125.0,21.0,492.0,13.0,4.0,30.8,7.0,53.8,325.0,2035.0,1105.0,15.0,14.0,2.0,10.0,11.0,289.0,25.0,21:00:00,/en/matches/244b3b09/Brest-Lyon-December-28-2022-Ligue-1
FRA-Ligue 1,2223,Brest,2023-01-01 Monaco-Brest,2023-01-01,Matchweek 17,Sun,Away,L,0,1,Monaco,49,564.0,60.0,207.0,228.0,138.0,19.0,564.0,25.0,10.0,40.0,12.0,48.0,392.0,2191.0,914.0,13.0,13.0,6.0,11.0,15.0,344.0,29.0,15:00:00,/en/matches/4cec22bb/Monaco-Brest-January-1-2023-Ligue-1
FRA-Ligue 1,2223,Brest,2023-01-11 Brest-Lille,2023-01-11,Matchweek 18,Wed,Home,D,0,0,Lille,29,420.0,71.0,202.0,172.0,56.0,6.0,420.0,9.0,3.0,33.3,4.0,44.4,253.0,1638.0,703.0,15.0,12.0,1.0,16.0,11.0,201.0,19.0,19:00:00,/en/matches/86d6c372/Brest-Lille-January-11-2023-Ligue-1
FRA-Ligue 1,2223,Brest,2023-01-15 Toulouse-Brest,2023-01-15,Matchweek 19,Sun,Away,D,1,1,Toulouse,36,461.0,83.0,211.0,169.0,93.0,13.0,461.0,22.0,11.0,50.0,8.0,36.4,279.0,1944.0,876.0,17.0,12.0,4.0,16.0,6.0,239.0,24.0,15:00:00,/en/matches/10ac929c/Toulouse-Brest-January-15-2023-Ligue-1
FRA-Ligue 1,2223,Brest,2023-01-29 Brest-Angers,2023-01-29,Matchweek 20,Sun,Home,W,4,0,Angers,41,524.0,56.0,208.0,227.0,99.0,10.0,524.0,14.0,5.0,35.7,6.0,42.9,369.0,2037.0,781.0,17.0,8.0,2.0,15.0,10.0,327.0,24.0,15:00:00,/en/matches/6bd8ad94/Brest-Angers-January-29-2023-Ligue-1
FRA-Ligue 1,2223,Brest,2023-02-01 Lyon-Brest,2023-02-01,Matchweek 21,Wed,Away,D,0,0,Lyon,25,409.0,95.0,230.0,116.0,70.0,10.0,409.0,14.0,6.0,42.9,6.0,42.9,232.0,1581.0,756.0,15.0,9.0,3.0,19.0,2.0,178.0,13.0,21:00:00,/en/matches/0f1e8f16/Lyon-Brest-February-1-2023-Ligue-1
FRA-Ligue 1,2223,Brest,2023-02-05 Brest-Lens,2023-02-05,Matchweek 22,Sun,Home,D,1,1,Lens,34,439.0,80.0,209.0,151.0,87.0,25.0,439.0,12.0,3.0,25.0,8.0,66.7,256.0,1446.0,587.0,11.0,10.0,4.0,11.0,7.0,226.0,17.0,17:05:00,/en/matches/7a42156f/Brest-Lens-February-5-2023-Ligue-1
FRA-Ligue 1,2223,Brest,2023-02-12 Montpellier-Brest,2023-02-12,Matchweek 23,Sun,Away,L,0,3,Montpellier,56,628.0,66.0,198.0,319.0,116.0,12.0,628.0,26.0,9.0,34.6,12.0,46.2,437.0,2752.0,1187.0,15.0,11.0,4.0,19.0,8.0,387.0,36.0,15:00:00,/en/matches/90388019/Montpellier-Brest-February-12-2023-Ligue-1
FRA-Ligue 1,2223,Brest,2023-02-19 Brest-Monaco,2023-02-19,Matchweek 24,Sun,Home,L,1,2,Monaco,48,602.0,65.0,240.0,238.0,132.0,16.0,602.0,19.0,7.0,36.8,11.0,57.9,420.0,2453.0,1181.0,8.0,11.0,0.0,13.0,12.0,374.0,47.0,15:00:00,/en/matches/dc325f14/Brest-Monaco-February-19-2023-Ligue-1
FRA-Ligue 1,2223,Brest,2023-02-24 Lille-Brest,2023-02-24,Matchweek 25,Fri,Away,L,1,2,Lille,31,430.0,97.0,258.0,141.0,44.0,8.0,430.0,28.0,18.0,64.3,9.0,32.1,239.0,1702.0,752.0,12.0,10.0,4.0,16.0,6.0,212.0,6.0,21:00:00,/en/matches/4b068238/Lille-Brest-February-24-2023-Ligue-1
FRA-Ligue 1,2223,Brest,2023-03-05 Strasbourg-Brest,2023-03-05,Matchweek 26,Sun,Away,W,1,0,Strasbourg,38,474.0,74.0,214.0,176.0,90.0,10.0,474.0,17.0,8.0,47.1,8.0,47.1,241.0,1368.0,613.0,15.0,10.0,2.0,18.0,5.0,208.0,24.0,15:00:00,/en/matches/9971c1e8/Strasbourg-Brest-March-5-2023-Ligue-1
FRA-Ligue 1,2223,Brest,2023-03-11 Brest-Paris S-G,2023-03-11,Matchweek 27,Sat,Home,L,1,2,Paris S-G,39,515.0,67.0,188.0,221.0,112.0,11.0,515.0,12.0,4.0,33.3,7.0,58.3,360.0,2065.0,924.0,18.0,11.0,3.0,12.0,5.0,322.0,32.0,21:00:00,/en/matches/8acaf948/Brest-Paris-Saint-Germain-March-11-2023-Ligue-1
FRA-Ligue 1,2223,Brest,2023-03-19 Troyes-Brest,2023-03-19,Matchweek 28,Sun,Away,D,2,2,Troyes,51,637.0,57.0,173.0,350.0,119.0,16.0,636.0,18.0,8.0,44.4,7.0,38.9,461.0,2644.0,1162.0,15.0,16.0,3.0,8.0,13.0,420.0,43.0,15:00:00,/en/matches/a67700d0/Troyes-Brest-March-19-2023-Ligue-1
FRA-Ligue 1,2223,Brest,2023-04-02 Brest-Toulouse,2023-04-02,Matchweek 29,Sun,Home,W,3,1,Toulouse,41,535.0,43.0,162.0,220.0,162.0,24.0,535.0,24.0,10.0,41.7,9.0,37.5,361.0,2356.0,1025.0,19.0,17.0,2.0,20.0,5.0,317.0,38.0,15:00:00,/en/matches/1b47ccce/Brest-Toulouse-April-2-2023-Ligue-1
FRA-Ligue 1,2223,Brest,2023-04-09 Reims-Brest,2023-04-09,Matchweek 30,Sun,Away,D,1,1,Reims,39,512.0,83.0,237.0,190.0,90.0,26.0,512.0,18.0,10.0,55.6,8.0,44.4,310.0,1833.0,726.0,18.0,10.0,2.0,14.0,8.0,251.0,19.0,15:00:00,/en/matches/4ee67cda/Reims-Brest-April-9-2023-Ligue-1
FRA-Ligue 1,2223,Brest,2023-04-16 Brest-Nice,2023-04-16,Matchweek 31,Sun,Home,W,1,0,Nice,52,590.0,55.0,171.0,280.0,144.0,18.0,590.0,13.0,4.0,30.8,8.0,61.5,435.0,2571.0,1044.0,11.0,14.0,1.0,10.0,12.0,390.0,37.0,15:00:00,/en/matches/efe07084/Brest-Nice-April-16-2023-Ligue-1
FRA-Ligue 1,2223,Brest,2023-04-23 Ajaccio-Brest,2023-04-23,Matchweek 32,Sun,Away,D,0,0,Ajaccio,56,613.0,55.0,152.0,286.0,183.0,17.0,613.0,20.0,12.0,60.0,7.0,35.0,432.0,2977.0,1521.0,29.0,26.0,1.0,11.0,4.0,388.0,48.0,15:00:00,/en/matches/42abcfc9/Ajaccio-Brest-April-23-2023-Ligue-1
FRA-Ligue 1,2223,Brest,2023-05-03 Brest-Nantes,2023-05-03,Matchweek 33,Wed,Home,W,2,0,Nantes,53,685.0,75.0,224.0,362.0,108.0,14.0,685.0,19.0,9.0,47.4,7.0,36.8,475.0,2882.0,1188.0,15.0,13.0,1.0,16.0,12.0,430.0,34.0,21:00:00,/en/matches/1063973e/Brest-Nantes-May-3-2023-Ligue-1
FRA-Ligue 1,2223,Brest,2023-05-07 Lorient-Brest,2023-05-07,Matchweek 34,Sun,Away,L,1,2,Lorient,54,590.0,41.0,126.0,311.0,159.0,24.0,589.0,21.0,10.0,47.6,9.0,42.9,398.0,2437.0,1176.0,10.0,12.0,4.0,10.0,16.0,368.0,49.0,15:00:00,/en/matches/676c3a0e/Lorient-Brest-May-7-2023-Ligue-1
FRA-Ligue 1,2223,Brest,2023-05-14 Brest-Auxerre,2023-05-14,Matchweek 35,Sun,Home,W,1,0,Auxerre,45,580.0,41.0,170.0,251.0,171.0,28.0,580.0,20.0,12.0,60.0,5.0,25.0,406.0,2461.0,1209.0,18.0,14.0,3.0,12.0,5.0,353.0,51.0,15:00:00,/en/matches/7039d1ce/Brest-Auxerre-May-14-2023-Ligue-1
FRA-Ligue 1,2223,Brest,2023-05-21 Brest-Clermont Foot,2023-05-21,Matchweek 36,Sun,Home,W,2,1,Clermont Foot,41,470.0,56.0,161.0,227.0,90.0,17.0,470.0,17.0,9.0,52.9,5.0,29.4,305.0,1553.0,570.0,8.0,8.0,5.0,21.0,8.0,268.0,36.0,15:00:00,/en/matches/903f7001/Brest-Clermont-Foot-May-21-2023-Ligue-1
FRA-Ligue 1,2223,Brest,2023-05-27 Marseille-Brest,2023-05-27,Matchweek 37,Sat,Away,W,2,1,Marseille,38,464.0,69.0,195.0,178.0,98.0,18.0,464.0,20.0,7.0,35.0,9.0,45.0,280.0,1798.0,848.0,13.0,18.0,3.0,17.0,8.0,245.0,24.0,21:00:00,/en/matches/f8507c38/Marseille-Brest-May-27-2023-Ligue-1
FRA-Ligue 1,2223,Brest,2023-06-03 Brest-Rennes,2023-06-03,Matchweek 38,Sat,Home,L,1,2,Rennes,53,550.0,62.0,185.0,251.0,121.0,18.0,549.0,22.0,10.0,45.5,9.0,40.9,383.0,2543.0,1168.0,25.0,12.0,2.0,14.0,5.0,346.0,37.0,21:00:00,/en/matches/e9d9bb82/Brest-Rennes-June-3-2023-Ligue-1
FRA-Ligue 1,2223,Clermont Foot,2022-08-06 Clermont Foot-Paris S-G,2022-08-06,Matchweek 1,Sat,Home,L,0,5,Paris S-G,38,546.0,74.0,196.0,281.0,74.0,10.0,546.0,19.0,12.0,63.2,6.0,31.6,406.0,2171.0,990.0,10.0,7.0,1.0,16.0,3.0,365.0,24.0,21:00:00,/en/matches/d99d9161/Clermont-Foot-Paris-Saint-Germain-August-6-2022-Ligue-1
FRA-Ligue 1,2223,Clermont Foot,2022-08-14 Reims-Clermont Foot,2022-08-14,Matchweek 2,Sun,Away,W,4,2,Reims,58,584.0,58.0,207.0,274.0,106.0,17.0,583.0,22.0,8.0,36.4,7.0,31.8,448.0,2363.0,1007.0,12.0,12.0,2.0,16.0,8.0,398.0,30.0,15:00:00,/en/matches/ed6b4245/Reims-Clermont-Foot-August-14-2022-Ligue-1
FRA-Ligue 1,2223,Clermont Foot,2022-08-21 Clermont Foot-Nice,2022-08-21,Matchweek 3,Sun,Home,W,1,0,Nice,48,652.0,71.0,256.0,292.0,110.0,11.0,652.0,14.0,4.0,28.6,7.0,50.0,502.0,2156.0,1046.0,9.0,14.0,0.0,15.0,7.0,476.0,34.0,15:00:00,/en/matches/197f9381/Clermont-Foot-Nice-August-21-2022-Ligue-1
FRA-Ligue 1,2223,Clermont Foot,2022-08-28 Lorient-Clermont Foot,2022-08-28,Matchweek 4,Sun,Away,L,1,2,Lorient,60,731.0,61.0,171.0,402.0,162.0,16.0,731.0,19.0,9.0,47.4,10.0,52.6,582.0,3390.0,1712.0,16.0,23.0,2.0,10.0,16.0,539.0,61.0,15:00:00,/en/matches/04e1e416/Lorient-Clermont-Foot-August-28-2022-Ligue-1
FRA-Ligue 1,2223,Clermont Foot,2022-08-31 Marseille-Clermont Foot,2022-08-31,Matchweek 5,Wed,Away,L,0,1,Marseille,40,510.0,66.0,199.0,230.0,85.0,7.0,510.0,16.0,8.0,50.0,8.0,50.0,335.0,1824.0,704.0,14.0,12.0,2.0,19.0,13.0,288.0,23.0,21:00:00,/en/matches/e703a3d2/Marseille-Clermont-Foot-August-31-2022-Ligue-1
FRA-Ligue 1,2223,Clermont Foot,2022-09-04 Clermont Foot-Toulouse,2022-09-04,Matchweek 6,Sun,Home,W,2,0,Toulouse,34,420.0,59.0,170.0,157.0,103.0,12.0,420.0,24.0,13.0,54.2,9.0,37.5,241.0,1466.0,735.0,11.0,8.0,1.0,13.0,12.0,201.0,25.0,15:00:00,/en/matches/20d46d25/Clermont-Foot-Toulouse-September-4-2022-Ligue-1
FRA-Ligue 1,2223,Clermont Foot,2022-09-11 Strasbourg-Clermont Foot,2022-09-11,Matchweek 7,Sun,Away,D,0,0,Strasbourg,57,620.0,76.0,209.0,318.0,97.0,11.0,620.0,12.0,3.0,25.0,6.0,50.0,448.0,2857.0,1184.0,13.0,12.0,1.0,15.0,16.0,404.0,35.0,13:00:00,/en/matches/198f2034/Strasbourg-Clermont-Foot-September-11-2022-Ligue-1
FRA-Ligue 1,2223,Clermont Foot,2022-09-18 Clermont Foot-Troyes,2022-09-18,Matchweek 8,Sun,Home,L,1,3,Troyes,58,653.0,51.0,166.0,339.0,157.0,33.0,653.0,18.0,7.0,38.9,6.0,33.3,481.0,2879.0,1383.0,18.0,17.0,4.0,12.0,5.0,438.0,47.0,15:00:00,/en/matches/4724678c/Clermont-Foot-Troyes-September-18-2022-Ligue-1
FRA-Ligue 1,2223,Clermont Foot,2022-10-02 Ajaccio-Clermont Foot,2022-10-02,Matchweek 9,Sun,Away,W,3,1,Ajaccio,48,575.0,77.0,219.0,272.0,94.0,14.0,575.0,16.0,8.0,50.0,6.0,37.5,380.0,2283.0,1039.0,10.0,10.0,1.0,18.0,11.0,344.0,24.0,15:00:00,/en/matches/eaedf3ff/Ajaccio-Clermont-Foot-October-2-2022-Ligue-1
FRA-Ligue 1,2223,Clermont Foot,2022-10-09 Clermont Foot-Auxerre,2022-10-09,Matchweek 10,Sun,Home,W,2,1,Auxerre,48,546.0,64.0,194.0,231.0,127.0,25.0,546.0,26.0,13.0,50.0,10.0,38.5,371.0,2038.0,1036.0,15.0,9.0,8.0,7.0,8.0,331.0,39.0,15:00:00,/en/matches/d6cfdf2e/Clermont-Foot-Auxerre-October-9-2022-Ligue-1
FRA-Ligue 1,2223,Clermont Foot,2022-10-16 Monaco-Clermont Foot,2022-10-16,Matchweek 11,Sun,Away,D,1,1,Monaco,65,743.0,38.0,175.0,404.0,172.0,33.0,743.0,13.0,6.0,46.2,5.0,38.5,599.0,3060.0,1375.0,12.0,15.0,5.0,11.0,12.0,558.0,57.0,17:05:00,/en/matches/5e7b10f8/Monaco-Clermont-Foot-October-16-2022-Ligue-1
FRA-Ligue 1,2223,Clermont Foot,2022-10-23 Clermont Foot-Brest,2022-10-23,Matchweek 12,Sun,Home,L,1,3,Brest,62,733.0,60.0,197.0,350.0,189.0,28.0,733.0,13.0,4.0,30.8,9.0,69.2,556.0,3103.0,1464.0,21.0,13.0,10.0,12.0,9.0,520.0,73.0,15:00:00,/en/matches/75c3d20d/Clermont-Foot-Brest-October-23-2022-Ligue-1
FRA-Ligue 1,2223,Clermont Foot,2022-10-30 Nantes-Clermont Foot,2022-10-30,Matchweek 13,Sun,Away,D,1,1,Nantes,45,594.0,77.0,214.0,277.0,109.0,13.0,594.0,16.0,4.0,25.0,7.0,43.8,395.0,2410.0,979.0,14.0,13.0,3.0,20.0,8.0,359.0,35.0,15:00:00,/en/matches/d73b5aa4/Nantes-Clermont-Foot-October-30-2022-Ligue-1
FRA-Ligue 1,2223,Clermont Foot,2022-11-06 Clermont Foot-Montpellier,2022-11-06,Matchweek 14,Sun,Home,D,1,1,Montpellier,54,568.0,54.0,188.0,258.0,129.0,26.0,566.0,23.0,8.0,34.8,13.0,56.5,371.0,2412.0,1148.0,15.0,10.0,5.0,12.0,6.0,329.0,31.0,15:00:00,/en/matches/ce3a7987/Clermont-Foot-Montpellier-November-6-2022-Ligue-1
FRA-Ligue 1,2223,Clermont Foot,2022-11-12 Lens-Clermont Foot,2022-11-12,Matchweek 15,Sat,Away,L,1,2,Lens,39,459.0,70.0,212.0,196.0,57.0,10.0,459.0,10.0,5.0,50.0,4.0,40.0,301.0,1779.0,878.0,7.0,9.0,2.0,17.0,5.0,256.0,21.0,17:00:00,/en/matches/8d98626e/Lens-Clermont-Foot-November-12-2022-Ligue-1
FRA-Ligue 1,2223,Clermont Foot,2022-12-28 Clermont Foot-Lille,2022-12-28,Matchweek 16,Wed,Home,L,0,2,Lille,43,533.0,65.0,194.0,241.0,107.0,18.0,533.0,22.0,4.0,18.2,16.0,72.7,355.0,2206.0,952.0,10.0,7.0,3.0,21.0,11.0,310.0,26.0,19:00:00,/en/matches/6a0bd1ac/Clermont-Foot-Lille-December-28-2022-Ligue-1
FRA-Ligue 1,2223,Clermont Foot,2023-01-01 Lyon-Clermont Foot,2023-01-01,Matchweek 17,Sun,Away,W,1,0,Lyon,40,512.0,56.0,212.0,186.0,120.0,13.0,511.0,19.0,3.0,15.8,11.0,57.9,341.0,1787.0,870.0,11.0,8.0,2.0,16.0,10.0,291.0,22.0,17:00:00,/en/matches/1e8f7f51/Lyon-Clermont-Foot-January-1-2023-Ligue-1
FRA-Ligue 1,2223,Clermont Foot,2023-01-11 Clermont Foot-Rennes,2023-01-11,Matchweek 18,Wed,Home,W,2,1,Rennes,39,485.0,56.0,176.0,227.0,92.0,16.0,485.0,20.0,8.0,40.0,8.0,40.0,336.0,1768.0,781.0,11.0,11.0,1.0,16.0,7.0,282.0,29.0,19:00:00,/en/matches/560bb258/Clermont-Foot-Rennes-January-11-2023-Ligue-1
FRA-Ligue 1,2223,Clermont Foot,2023-01-15 Angers-Clermont Foot,2023-01-15,Matchweek 19,Sun,Away,W,2,1,Angers,42,597.0,45.0,196.0,315.0,97.0,13.0,597.0,26.0,11.0,42.3,10.0,38.5,438.0,2513.0,1122.0,16.0,16.0,1.0,16.0,7.0,383.0,32.0,15:00:00,/en/matches/d21b1750/Angers-Clermont-Foot-January-15-2023-Ligue-1
FRA-Ligue 1,2223,Clermont Foot,2023-01-29 Clermont Foot-Nantes,2023-01-29,Matchweek 20,Sun,Home,D,0,0,Nantes,59,692.0,61.0,210.0,320.0,168.0,20.0,692.0,17.0,8.0,47.1,6.0,35.3,535.0,3167.0,1418.0,21.0,14.0,2.0,15.0,9.0,495.0,33.0,15:00:00,/en/matches/524e5116/Clermont-Foot-Nantes-January-29-2023-Ligue-1
FRA-Ligue 1,2223,Clermont Foot,2023-02-01 Lille-Clermont Foot,2023-02-01,Matchweek 21,Wed,Away,D,0,0,Lille,34,498.0,90.0,250.0,191.0,67.0,18.0,498.0,23.0,14.0,60.9,7.0,30.4,304.0,1960.0,719.0,11.0,5.0,3.0,22.0,15.0,248.0,19.0,19:00:00,/en/matches/359a0f8f/Lille-Clermont-Foot-February-1-2023-Ligue-1
FRA-Ligue 1,2223,Clermont Foot,2023-02-05 Clermont Foot-Monaco,2023-02-05,Matchweek 22,Sun,Home,L,0,2,Monaco,53,659.0,74.0,222.0,334.0,111.0,15.0,659.0,28.0,13.0,46.4,12.0,42.9,491.0,2999.0,1343.0,15.0,14.0,1.0,17.0,10.0,442.0,49.0,13:00:00,/en/matches/46fb274a/Clermont-Foot-Monaco-February-5-2023-Ligue-1
FRA-Ligue 1,2223,Clermont Foot,2023-02-11 Clermont Foot-Marseille,2023-02-11,Matchweek 23,Sat,Home,L,0,2,Marseille,38,464.0,73.0,222.0,181.0,69.0,14.0,464.0,17.0,8.0,47.1,8.0,47.1,310.0,1619.0,669.0,8.0,6.0,2.0,12.0,10.0,264.0,22.0,21:00:00,/en/matches/695a7394/Clermont-Foot-Marseille-February-11-2023-Ligue-1
FRA-Ligue 1,2223,Clermont Foot,2023-02-19 Rennes-Clermont Foot,2023-02-19,Matchweek 24,Sun,Away,L,0,2,Rennes,41,525.0,59.0,173.0,247.0,112.0,12.0,525.0,19.0,9.0,47.4,8.0,42.1,368.0,2264.0,1218.0,15.0,19.0,4.0,19.0,10.0,327.0,27.0,15:00:00,/en/matches/e1b735e0/Rennes-Clermont-Foot-February-19-2023-Ligue-1
FRA-Ligue 1,2223,Clermont Foot,2023-02-26 Clermont Foot-Strasbourg,2023-02-26,Matchweek 25,Sun,Home,D,1,1,Strasbourg,56,622.0,74.0,232.0,293.0,99.0,11.0,622.0,30.0,15.0,50.0,9.0,30.0,391.0,2223.0,1054.0,10.0,11.0,2.0,10.0,11.0,351.0,43.0,15:00:00,/en/matches/3c41bf64/Clermont-Foot-Strasbourg-February-26-2023-Ligue-1
FRA-Ligue 1,2223,Clermont Foot,2023-03-05 Toulouse-Clermont Foot,2023-03-05,Matchweek 26,Sun,Away,W,1,0,Toulouse,49,616.0,77.0,237.0,288.0,104.0,15.0,616.0,35.0,17.0,48.6,14.0,40.0,445.0,2470.0,1241.0,24.0,16.0,6.0,17.0,8.0,394.0,29.0,15:00:00,/en/matches/332295d4/Toulouse-Clermont-Foot-March-5-2023-Ligue-1
FRA-Ligue 1,2223,Clermont Foot,2023-03-12 Clermont Foot-Lens,2023-03-12,Matchweek 27,Sun,Home,L,0,4,Lens,47,549.0,69.0,220.0,262.0,75.0,16.0,549.0,13.0,7.0,53.8,5.0,38.5,419.0,2408.0,1123.0,15.0,11.0,4.0,10.0,7.0,383.0,22.0,13:00:00,/en/matches/1c7fbfe3/Clermont-Foot-Lens-March-12-2023-Ligue-1
FRA-Ligue 1,2223,Clermont Foot,2023-03-19 Montpellier-Clermont Foot,2023-03-19,Matchweek 28,Sun,Away,L,1,2,Montpellier,44,519.0,78.0,191.0,242.0,94.0,15.0,519.0,27.0,17.0,63.0,8.0,29.6,332.0,1895.0,884.0,16.0,14.0,3.0,11.0,5.0,279.0,39.0,15:00:00,/en/matches/fa420272/Montpellier-Clermont-Foot-March-19-2023-Ligue-1
FRA-Ligue 1,2223,Clermont Foot,2023-04-02 Clermont Foot-Ajaccio,2023-04-02,Matchweek 29,Sun,Home,W,2,1,Ajaccio,67,717.0,37.0,188.0,380.0,158.0,19.0,715.0,31.0,20.0,64.5,10.0,32.3,541.0,2885.0,1353.0,18.0,19.0,0.0,21.0,6.0,513.0,51.0,15:00:00,/en/matches/758ff2c2/Clermont-Foot-Ajaccio-April-2-2023-Ligue-1
FRA-Ligue 1,2223,Clermont Foot,2023-04-09 Troyes-Clermont Foot,2023-04-09,Matchweek 30,Sun,Away,W,2,0,Troyes,57,694.0,61.0,228.0,329.0,142.0,20.0,694.0,14.0,6.0,42.9,4.0,28.6,530.0,2818.0,1356.0,21.0,15.0,6.0,20.0,10.0,478.0,43.0,15:00:00,/en/matches/ef3427f3/Troyes-Clermont-Foot-April-9-2023-Ligue-1
FRA-Ligue 1,2223,Clermont Foot,2023-04-16 Clermont Foot-Angers,2023-04-16,Matchweek 31,Sun,Home,W,2,1,Angers,53,589.0,63.0,243.0,249.0,102.0,24.0,587.0,24.0,9.0,37.5,14.0,58.3,432.0,2424.0,1235.0,13.0,12.0,4.0,14.0,6.0,384.0,31.0,15:00:00,/en/matches/f254960b/Clermont-Foot-Angers-April-16-2023-Ligue-1
FRA-Ligue 1,2223,Clermont Foot,2023-04-23 Nice-Clermont Foot,2023-04-23,Matchweek 32,Sun,Away,W,2,1,Nice,44,555.0,78.0,205.0,265.0,94.0,16.0,555.0,17.0,8.0,47.1,8.0,47.1,417.0,2231.0,985.0,17.0,16.0,2.0,12.0,12.0,365.0,37.0,15:00:00,/en/matches/270414fb/Nice-Clermont-Foot-April-23-2023-Ligue-1
FRA-Ligue 1,2223,Clermont Foot,2023-04-30 Clermont Foot-Reims,2023-04-30,Matchweek 33,Sun,Home,W,1,0,Reims,33,438.0,86.0,213.0,154.0,80.0,14.0,438.0,18.0,9.0,50.0,9.0,50.0,267.0,1316.0,634.0,7.0,6.0,2.0,14.0,8.0,216.0,14.0,15:00:00,/en/matches/4cdd261a/Clermont-Foot-Reims-April-30-2023-Ligue-1
FRA-Ligue 1,2223,Clermont Foot,2023-05-07 Auxerre-Clermont Foot,2023-05-07,Matchweek 34,Sun,Away,D,1,1,Auxerre,53,613.0,77.0,233.0,279.0,106.0,13.0,613.0,15.0,9.0,60.0,4.0,26.7,455.0,2512.0,1182.0,16.0,15.0,3.0,15.0,8.0,404.0,30.0,15:00:00,/en/matches/eca941ec/Auxerre-Clermont-Foot-May-7-2023-Ligue-1
FRA-Ligue 1,2223,Clermont Foot,2023-05-14 Clermont Foot-Lyon,2023-05-14,Matchweek 35,Sun,Home,W,2,1,Lyon,38,511.0,78.0,200.0,212.0,111.0,18.0,510.0,22.0,12.0,54.5,9.0,40.9,355.0,2116.0,1015.0,12.0,22.0,2.0,11.0,9.0,292.0,22.0,13:00:00,/en/matches/a5b3557c/Clermont-Foot-Lyon-May-14-2023-Ligue-1
FRA-Ligue 1,2223,Clermont Foot,2023-05-21 Brest-Clermont Foot,2023-05-21,Matchweek 36,Sun,Away,L,1,2,Brest,59,617.0,51.0,158.0,307.0,157.0,18.0,617.0,22.0,14.0,63.6,7.0,31.8,453.0,2764.0,1221.0,12.0,12.0,4.0,12.0,10.0,425.0,45.0,15:00:00,/en/matches/903f7001/Brest-Clermont-Foot-May-21-2023-Ligue-1
FRA-Ligue 1,2223,Clermont Foot,2023-05-27 Clermont Foot-Lorient,2023-05-27,Matchweek 37,Sat,Home,W,2,0,Lorient,45,530.0,74.0,204.0,206.0,125.0,30.0,530.0,15.0,9.0,60.0,4.0,26.7,377.0,2333.0,1120.0,21.0,16.0,5.0,19.0,8.0,331.0,33.0,21:00:00,/en/matches/970c061a/Clermont-Foot-Lorient-May-27-2023-Ligue-1
FRA-Ligue 1,2223,Clermont Foot,2023-06-03 Paris S-G-Clermont Foot,2023-06-03,Matchweek 38,Sat,Away,W,3,2,Paris S-G,46,588.0,62.0,173.0,262.0,162.0,22.0,587.0,18.0,8.0,44.4,5.0,27.8,464.0,2787.0,1322.0,15.0,39.0,2.0,13.0,2.0,427.0,37.0,21:00:00,/en/matches/1b47e9eb/Paris-Saint-Germain-Clermont-Foot-June-3-2023-Ligue-1
FRA-Ligue 1,2223,Lens,2022-08-07 Lens-Brest,2022-08-07,Matchweek 1,Sun,Home,W,3,2,Brest,61,608.0,39.0,144.0,370.0,102.0,25.0,607.0,20.0,10.0,50.0,9.0,45.0,471.0,2933.0,1300.0,13.0,11.0,6.0,13.0,6.0,437.0,43.0,15:00:00,/en/matches/058c83eb/Lens-Brest-August-7-2022-Ligue-1
FRA-Ligue 1,2223,Lens,2022-08-14 Ajaccio-Lens,2022-08-14,Matchweek 2,Sun,Away,D,0,0,Ajaccio,64,629.0,43.0,174.0,331.0,128.0,23.0,629.0,12.0,8.0,66.7,4.0,33.3,473.0,2696.0,1348.0,17.0,10.0,3.0,9.0,8.0,448.0,67.0,15:00:00,/en/matches/8b559e8f/Ajaccio-Lens-August-14-2022-Ligue-1
FRA-Ligue 1,2223,Lens,2022-08-20 Monaco-Lens,2022-08-20,Matchweek 3,Sat,Away,W,4,1,Monaco,54,604.0,66.0,208.0,309.0,91.0,23.0,603.0,17.0,9.0,52.9,4.0,23.5,485.0,2700.0,1311.0,19.0,16.0,7.0,6.0,6.0,453.0,36.0,17:00:00,/en/matches/579dbb9f/Monaco-Lens-August-20-2022-Ligue-1
FRA-Ligue 1,2223,Lens,2022-08-27 Lens-Rennes,2022-08-27,Matchweek 4,Sat,Home,W,2,1,Rennes,51,652.0,58.0,206.0,329.0,127.0,14.0,652.0,12.0,6.0,50.0,5.0,41.7,488.0,2605.0,1324.0,12.0,18.0,3.0,15.0,6.0,457.0,44.0,21:00:00,/en/matches/a46ef768/Lens-Rennes-August-27-2022-Ligue-1
FRA-Ligue 1,2223,Lens,2022-08-31 Lens-Lorient,2022-08-31,Matchweek 5,Wed,Home,W,5,2,Lorient,58,644.0,42.0,142.0,362.0,144.0,31.0,644.0,13.0,8.0,61.5,5.0,38.5,530.0,2888.0,1246.0,13.0,14.0,5.0,16.0,5.0,497.0,54.0,21:00:00,/en/matches/e81a5c4f/Lens-Lorient-August-31-2022-Ligue-1
FRA-Ligue 1,2223,Lens,2022-09-04 Reims-Lens,2022-09-04,Matchweek 6,Sun,Away,D,1,1,Reims,63,732.0,65.0,199.0,363.0,172.0,29.0,732.0,17.0,10.0,58.8,6.0,35.3,564.0,3430.0,1645.0,17.0,19.0,5.0,20.0,10.0,532.0,65.0,15:00:00,/en/matches/21e5d4df/Reims-Lens-September-4-2022-Ligue-1
FRA-Ligue 1,2223,Lens,2022-09-09 Lens-Troyes,2022-09-09,Matchweek 7,Fri,Home,W,1,0,Troyes,63,829.0,31.0,134.0,498.0,205.0,28.0,829.0,17.0,5.0,29.4,11.0,64.7,665.0,3645.0,1556.0,26.0,21.0,10.0,24.0,14.0,628.0,64.0,21:00:00,/en/matches/953fed3d/Lens-Troyes-September-9-2022-Ligue-1
FRA-Ligue 1,2223,Lens,2022-09-18 Nantes-Lens,2022-09-18,Matchweek 8,Sun,Away,D,0,0,Nantes,58,732.0,78.0,218.0,373.0,147.0,20.0,732.0,25.0,10.0,40.0,9.0,36.0,575.0,3597.0,1483.0,18.0,15.0,3.0,16.0,7.0,538.0,54.0,17:05:00,/en/matches/7f6d507f/Nantes-Lens-September-18-2022-Ligue-1
FRA-Ligue 1,2223,Lens,2022-10-02 Lens-Lyon,2022-10-02,Matchweek 9,Sun,Home,W,1,0,Lyon,52,675.0,38.0,179.0,333.0,174.0,30.0,674.0,26.0,15.0,57.7,7.0,26.9,479.0,2940.0,1480.0,31.0,22.0,5.0,19.0,14.0,431.0,52.0,20:45:00,/en/matches/ea3fd79a/Lens-Lyon-October-2-2022-Ligue-1
FRA-Ligue 1,2223,Lens,2022-10-09 Lille-Lens,2022-10-09,Matchweek 10,Sun,Away,L,0,1,Lille,55,595.0,67.0,222.0,263.0,120.0,17.0,594.0,16.0,9.0,56.3,5.0,31.3,429.0,2436.0,1185.0,20.0,10.0,4.0,22.0,12.0,388.0,30.0,20:45:00,/en/matches/080e6d11/Lille-Lens-October-9-2022-Ligue-1
FRA-Ligue 1,2223,Lens,2022-10-15 Lens-Montpellier,2022-10-15,Matchweek 11,Sat,Home,W,1,0,Montpellier,65,796.0,56.0,165.0,445.0,194.0,26.0,796.0,15.0,6.0,40.0,8.0,53.3,615.0,3334.0,1538.0,20.0,22.0,4.0,18.0,12.0,575.0,62.0,21:00:00,/en/matches/7e2d7c1e/Lens-Montpellier-October-15-2022-Ligue-1
FRA-Ligue 1,2223,Lens,2022-10-22 Marseille-Lens,2022-10-22,Matchweek 12,Sat,Away,W,1,0,Marseille,44,537.0,81.0,206.0,219.0,116.0,14.0,537.0,15.0,7.0,46.7,5.0,33.3,379.0,2098.0,941.0,18.0,17.0,3.0,15.0,8.0,336.0,24.0,21:00:00,/en/matches/bad2cbdd/Marseille-Lens-October-22-2022-Ligue-1
FRA-Ligue 1,2223,Lens,2022-10-28 Lens-Toulouse,2022-10-28,Matchweek 13,Fri,Home,W,3,0,Toulouse,52,560.0,58.0,146.0,275.0,148.0,24.0,559.0,17.0,9.0,52.9,6.0,35.3,417.0,2795.0,1371.0,24.0,24.0,7.0,13.0,5.0,375.0,56.0,21:00:00,/en/matches/95ff5e13/Lens-Toulouse-October-28-2022-Ligue-1
FRA-Ligue 1,2223,Lens,2022-11-05 Angers-Lens,2022-11-05,Matchweek 14,Sat,Away,W,2,1,Angers,56,694.0,33.0,157.0,407.0,136.0,18.0,694.0,12.0,1.0,8.3,8.0,66.7,559.0,2934.0,1490.0,19.0,13.0,5.0,16.0,11.0,510.0,41.0,21:00:00,/en/matches/75388a68/Angers-Lens-November-5-2022-Ligue-1
FRA-Ligue 1,2223,Lens,2022-11-12 Lens-Clermont Foot,2022-11-12,Matchweek 15,Sat,Home,W,2,1,Clermont Foot,61,639.0,20.0,100.0,341.0,206.0,25.0,639.0,17.0,11.0,64.7,4.0,23.5,508.0,2988.0,1261.0,20.0,27.0,2.0,14.0,8.0,463.0,79.0,17:00:00,/en/matches/8d98626e/Lens-Clermont-Foot-November-12-2022-Ligue-1
FRA-Ligue 1,2223,Lens,2022-12-29 Nice-Lens,2022-12-29,Matchweek 16,Thu,Away,D,0,0,Nice,59,703.0,56.0,180.0,388.0,139.0,15.0,703.0,16.0,8.0,50.0,8.0,50.0,584.0,3622.0,1653.0,19.0,24.0,5.0,18.0,6.0,533.0,33.0,21:00:00,/en/matches/9c606d65/Nice-Lens-December-29-2022-Ligue-1
FRA-Ligue 1,2223,Lens,2023-01-01 Lens-Paris S-G,2023-01-01,Matchweek 17,Sun,Home,W,3,1,Paris S-G,41,546.0,82.0,211.0,227.0,112.0,17.0,546.0,23.0,8.0,34.8,10.0,43.5,389.0,2254.0,1047.0,19.0,17.0,5.0,12.0,3.0,335.0,32.0,20:45:00,/en/matches/41b38f59/Lens-Paris-Saint-Germain-January-1-2023-Ligue-1
FRA-Ligue 1,2223,Lens,2023-01-11 Strasbourg-Lens,2023-01-11,Matchweek 18,Wed,Away,D,2,2,Strasbourg,65,781.0,36.0,119.0,442.0,227.0,22.0,781.0,17.0,8.0,47.1,7.0,41.2,621.0,3657.0,1813.0,21.0,22.0,4.0,16.0,9.0,586.0,69.0,21:00:00,/en/matches/e91d3b16/Strasbourg-Lens-January-11-2023-Ligue-1
FRA-Ligue 1,2223,Lens,2023-01-14 Lens-Auxerre,2023-01-14,Matchweek 19,Sat,Home,W,1,0,Auxerre,67,716.0,41.0,116.0,343.0,262.0,18.0,715.0,15.0,4.0,26.7,9.0,60.0,569.0,3575.0,1538.0,23.0,24.0,5.0,10.0,6.0,541.0,60.0,17:00:00,/en/matches/767c1b25/Lens-Auxerre-January-14-2023-Ligue-1
FRA-Ligue 1,2223,Lens,2023-01-28 Troyes-Lens,2023-01-28,Matchweek 20,Sat,Away,D,1,1,Troyes,73,822.0,18.0,78.0,425.0,326.0,43.0,822.0,14.0,9.0,64.3,4.0,28.6,641.0,3747.0,1805.0,26.0,33.0,6.0,13.0,16.0,599.0,91.0,17:00:00,/en/matches/bf2e3c05/Troyes-Lens-January-28-2023-Ligue-1
FRA-Ligue 1,2223,Lens,2023-02-01 Lens-Nice,2023-02-01,Matchweek 21,Wed,Home,L,0,1,Nice,55,688.0,49.0,170.0,355.0,168.0,15.0,688.0,23.0,10.0,43.5,12.0,52.2,506.0,3393.0,1636.0,24.0,23.0,5.0,16.0,11.0,466.0,56.0,21:00:00,/en/matches/b6c7f232/Lens-Nice-February-1-2023-Ligue-1
FRA-Ligue 1,2223,Lens,2023-02-05 Brest-Lens,2023-02-05,Matchweek 22,Sun,Away,D,1,1,Brest,66,726.0,48.0,133.0,370.0,225.0,28.0,726.0,27.0,13.0,48.1,11.0,40.7,549.0,3183.0,1394.0,22.0,25.0,0.0,15.0,8.0,517.0,75.0,17:05:00,/en/matches/7a42156f/Brest-Lens-February-5-2023-Ligue-1
FRA-Ligue 1,2223,Lens,2023-02-12 Lyon-Lens,2023-02-12,Matchweek 23,Sun,Away,L,1,2,Lyon,59,766.0,44.0,149.0,400.0,221.0,24.0,766.0,9.0,1.0,11.1,6.0,66.7,570.0,3537.0,1782.0,25.0,30.0,2.0,15.0,16.0,520.0,62.0,20:45:00,/en/matches/eb88e263/Lyon-Lens-February-12-2023-Ligue-1
FRA-Ligue 1,2223,Lens,2023-02-19 Lens-Nantes,2023-02-19,Matchweek 24,Sun,Home,W,3,1,Nantes,57,717.0,41.0,167.0,385.0,168.0,32.0,717.0,20.0,11.0,55.0,7.0,35.0,584.0,3669.0,1739.0,34.0,19.0,6.0,11.0,4.0,527.0,75.0,17:05:00,/en/matches/09d42df5/Lens-Nantes-February-19-2023-Ligue-1
FRA-Ligue 1,2223,Lens,2023-02-25 Montpellier-Lens,2023-02-25,Matchweek 25,Sat,Away,D,1,1,Montpellier,61,690.0,51.0,195.0,333.0,171.0,31.0,690.0,16.0,7.0,43.8,6.0,37.5,540.0,3238.0,1676.0,29.0,32.0,4.0,13.0,5.0,502.0,48.0,21:00:00,/en/matches/c423b431/Montpellier-Lens-February-25-2023-Ligue-1
FRA-Ligue 1,2223,Lens,2023-03-04 Lens-Lille,2023-03-04,Matchweek 26,Sat,Home,D,1,1,Lille,38,459.0,54.0,168.0,183.0,120.0,20.0,459.0,17.0,10.0,58.8,5.0,29.4,281.0,1649.0,726.0,13.0,8.0,4.0,18.0,6.0,255.0,30.0,17:00:00,/en/matches/368b5f43/Lens-Lille-March-4-2023-Ligue-1
FRA-Ligue 1,2223,Lens,2023-03-12 Clermont Foot-Lens,2023-03-12,Matchweek 27,Sun,Away,W,4,0,Clermont Foot,53,616.0,55.0,185.0,303.0,139.0,26.0,616.0,26.0,19.0,73.1,4.0,15.4,498.0,2516.0,1260.0,17.0,19.0,3.0,9.0,6.0,455.0,37.0,13:00:00,/en/matches/1c7fbfe3/Clermont-Foot-Lens-March-12-2023-Ligue-1
FRA-Ligue 1,2223,Lens,2023-03-18 Lens-Angers,2023-03-18,Matchweek 28,Sat,Home,W,3,0,Angers,46,587.0,34.0,164.0,314.0,114.0,14.0,587.0,13.0,5.0,38.5,6.0,46.2,456.0,2621.0,1143.0,10.0,16.0,1.0,11.0,1.0,417.0,35.0,21:00:00,/en/matches/9481e88d/Lens-Angers-March-18-2023-Ligue-1
FRA-Ligue 1,2223,Lens,2023-04-01 Rennes-Lens,2023-04-01,Matchweek 29,Sat,Away,W,1,0,Rennes,44,568.0,68.0,188.0,303.0,85.0,13.0,568.0,22.0,10.0,45.5,9.0,40.9,425.0,2470.0,1015.0,9.0,11.0,1.0,14.0,5.0,385.0,24.0,21:00:00,/en/matches/1130a1b6/Rennes-Lens-April-1-2023-Ligue-1
FRA-Ligue 1,2223,Lens,2023-04-07 Lens-Strasbourg,2023-04-07,Matchweek 30,Fri,Home,W,2,1,Strasbourg,54,636.0,75.0,234.0,306.0,103.0,22.0,636.0,16.0,9.0,56.3,4.0,25.0,475.0,2683.0,1213.0,16.0,10.0,4.0,12.0,10.0,443.0,24.0,21:00:00,/en/matches/c64ab24a/Lens-Strasbourg-April-7-2023-Ligue-1
FRA-Ligue 1,2223,Lens,2023-04-15 Paris S-G-Lens,2023-04-15,Matchweek 31,Sat,Away,L,1,3,Paris S-G,38,537.0,50.0,141.0,262.0,140.0,20.0,536.0,16.0,8.0,50.0,5.0,31.3,416.0,2878.0,1316.0,28.0,22.0,3.0,8.0,4.0,387.0,29.0,21:00:00,/en/matches/268e5460/Paris-Saint-Germain-Lens-April-15-2023-Ligue-1
FRA-Ligue 1,2223,Lens,2023-04-22 Lens-Monaco,2023-04-22,Matchweek 32,Sat,Home,W,3,0,Monaco,62,747.0,82.0,270.0,361.0,124.0,22.0,747.0,15.0,9.0,60.0,4.0,26.7,584.0,3488.0,1759.0,19.0,12.0,6.0,12.0,8.0,540.0,36.0,21:00:00,/en/matches/0095e758/Lens-Monaco-April-22-2023-Ligue-1
FRA-Ligue 1,2223,Lens,2023-05-02 Toulouse-Lens,2023-05-02,Matchweek 33,Tue,Away,W,1,0,Toulouse,53,693.0,61.0,192.0,381.0,125.0,14.0,693.0,16.0,7.0,43.8,8.0,50.0,556.0,3662.0,1553.0,14.0,20.0,1.0,14.0,8.0,498.0,55.0,21:00:00,/en/matches/b5e2c075/Toulouse-Lens-May-2-2023-Ligue-1
FRA-Ligue 1,2223,Lens,2023-05-06 Lens-Marseille,2023-05-06,Matchweek 34,Sat,Home,W,2,1,Marseille,43,477.0,66.0,185.0,194.0,100.0,19.0,477.0,21.0,6.0,28.6,12.0,57.1,282.0,1565.0,686.0,11.0,10.0,6.0,14.0,10.0,239.0,16.0,21:00:00,/en/matches/4ef6a978/Lens-Marseille-May-6-2023-Ligue-1
FRA-Ligue 1,2223,Lens,2023-05-12 Lens-Reims,2023-05-12,Matchweek 35,Fri,Home,W,2,1,Reims,40,460.0,80.0,183.0,216.0,69.0,9.0,459.0,19.0,8.0,42.1,5.0,26.3,313.0,2019.0,1012.0,14.0,16.0,2.0,10.0,3.0,272.0,23.0,21:00:00,/en/matches/7e1c8564/Lens-Reims-May-12-2023-Ligue-1
FRA-Ligue 1,2223,Lens,2023-05-21 Lorient-Lens,2023-05-21,Matchweek 36,Sun,Away,W,3,1,Lorient,53,634.0,50.0,112.0,360.0,167.0,18.0,634.0,15.0,11.0,73.3,2.0,13.3,513.0,2662.0,1309.0,17.0,16.0,2.0,10.0,10.0,471.0,34.0,17:05:00,/en/matches/123cfb3a/Lorient-Lens-May-21-2023-Ligue-1
FRA-Ligue 1,2223,Lens,2023-05-27 Lens-Ajaccio,2023-05-27,Matchweek 37,Sat,Home,W,3,0,Ajaccio,79,864.0,22.0,74.0,436.0,358.0,30.0,863.0,18.0,12.0,66.7,5.0,27.8,724.0,3900.0,1937.0,26.0,52.0,4.0,11.0,6.0,688.0,69.0,21:00:00,/en/matches/5eceb234/Lens-Ajaccio-May-27-2023-Ligue-1
FRA-Ligue 1,2223,Lens,2023-06-03 Auxerre-Lens,2023-06-03,Matchweek 38,Sat,Away,W,3,1,Auxerre,49,576.0,88.0,242.0,245.0,91.0,22.0,576.0,21.0,9.0,42.9,10.0,47.6,437.0,2837.0,1295.0,15.0,12.0,9.0,8.0,9.0,401.0,37.0,21:00:00,/en/matches/a44cfa36/Auxerre-Lens-June-3-2023-Ligue-1
FRA-Ligue 1,2223,Lille,2022-08-07 Lille-Auxerre,2022-08-07,Matchweek 1,Sun,Home,W,4,1,Auxerre,59,730.0,64.0,201.0,373.0,159.0,25.0,730.0,17.0,7.0,41.2,8.0,47.1,613.0,3120.0,1307.0,18.0,15.0,8.0,13.0,8.0,573.0,58.0,15:00:00,/en/matches/cbdc95fe/Lille-Auxerre-August-7-2022-Ligue-1
FRA-Ligue 1,2223,Lille,2022-08-12 Nantes-Lille,2022-08-12,Matchweek 2,Fri,Away,D,1,1,Nantes,69,789.0,71.0,191.0,406.0,199.0,35.0,789.0,17.0,5.0,29.4,9.0,52.9,578.0,3137.0,1580.0,27.0,23.0,6.0,10.0,14.0,546.0,56.0,21:00:00,/en/matches/00173ae0/Nantes-Lille-August-12-2022-Ligue-1
FRA-Ligue 1,2223,Lille,2022-08-21 Lille-Paris S-G,2022-08-21,Matchweek 3,Sun,Home,L,1,7,Paris S-G,48,670.0,66.0,207.0,328.0,138.0,20.0,670.0,26.0,10.0,38.5,14.0,53.8,542.0,3095.0,1396.0,24.0,34.0,8.0,9.0,10.0,507.0,26.0,20:45:00,/en/matches/a5ba0018/Lille-Paris-Saint-Germain-August-21-2022-Ligue-1
FRA-Ligue 1,2223,Lille,2022-08-26 Ajaccio-Lille,2022-08-26,Matchweek 4,Fri,Away,W,3,1,Ajaccio,58,635.0,81.0,226.0,314.0,102.0,19.0,634.0,22.0,11.0,50.0,8.0,36.4,464.0,2394.0,1242.0,15.0,11.0,6.0,12.0,3.0,421.0,44.0,21:00:00,/en/matches/d8aa49d4/Ajaccio-Lille-August-26-2022-Ligue-1
FRA-Ligue 1,2223,Lille,2022-08-31 Lille-Nice,2022-08-31,Matchweek 5,Wed,Home,L,1,2,Nice,62,702.0,27.0,130.0,349.0,229.0,30.0,702.0,17.0,4.0,23.5,11.0,64.7,550.0,3036.0,1593.0,37.0,30.0,6.0,13.0,9.0,508.0,60.0,21:00:00,/en/matches/6f55425d/Lille-Nice-August-31-2022-Ligue-1
FRA-Ligue 1,2223,Lille,2022-09-04 Montpellier-Lille,2022-09-04,Matchweek 6,Sun,Away,W,3,1,Montpellier,75,842.0,25.0,147.0,373.0,326.0,44.0,842.0,23.0,8.0,34.8,14.0,60.9,657.0,3972.0,1824.0,34.0,42.0,7.0,14.0,6.0,633.0,80.0,13:00:00,/en/matches/d61a03a9/Montpellier-Lille-September-4-2022-Ligue-1
FRA-Ligue 1,2223,Lille,2022-09-10 Marseille-Lille,2022-09-10,Matchweek 7,Sat,Away,L,1,2,Marseille,47,550.0,57.0,167.0,279.0,108.0,12.0,550.0,17.0,8.0,47.1,4.0,23.5,363.0,1680.0,637.0,7.0,14.0,0.0,16.0,13.0,331.0,35.0,21:00:00,/en/matches/762fd170/Marseille-Lille-September-10-2022-Ligue-1
FRA-Ligue 1,2223,Lille,2022-09-17 Lille-Toulouse,2022-09-17,Matchweek 8,Sat,Home,W,2,1,Toulouse,45,584.0,71.0,203.0,263.0,127.0,18.0,584.0,22.0,11.0,50.0,8.0,36.4,384.0,2308.0,1023.0,15.0,18.0,5.0,15.0,10.0,340.0,33.0,21:00:00,/en/matches/00795804/Lille-Toulouse-September-17-2022-Ligue-1
FRA-Ligue 1,2223,Lille,2022-10-02 Lorient-Lille,2022-10-02,Matchweek 9,Sun,Away,L,1,2,Lorient,63,680.0,36.0,123.0,300.0,267.0,48.0,680.0,24.0,9.0,37.5,14.0,58.3,495.0,2836.0,1397.0,26.0,21.0,7.0,8.0,11.0,463.0,69.0,13:00:00,/en/matches/16686466/Lorient-Lille-October-2-2022-Ligue-1
FRA-Ligue 1,2223,Lille,2022-10-09 Lille-Lens,2022-10-09,Matchweek 10,Sun,Home,W,1,0,Lens,45,523.0,67.0,171.0,234.0,123.0,18.0,522.0,22.0,8.0,36.4,11.0,50.0,356.0,1962.0,823.0,14.0,11.0,4.0,16.0,13.0,318.0,36.0,20:45:00,/en/matches/080e6d11/Lille-Lens-October-9-2022-Ligue-1
FRA-Ligue 1,2223,Lille,2022-10-14 Strasbourg-Lille,2022-10-14,Matchweek 11,Fri,Away,W,3,0,Strasbourg,57,726.0,79.0,237.0,381.0,114.0,19.0,725.0,20.0,7.0,35.0,10.0,50.0,549.0,3156.0,1277.0,12.0,13.0,4.0,17.0,14.0,496.0,39.0,21:00:00,/en/matches/5004b998/Strasbourg-Lille-October-14-2022-Ligue-1
FRA-Ligue 1,2223,Lille,2022-10-23 Lille-Monaco,2022-10-23,Matchweek 12,Sun,Home,W,4,3,Monaco,59,625.0,58.0,212.0,284.0,139.0,24.0,625.0,14.0,8.0,57.1,3.0,21.4,461.0,2246.0,1076.0,19.0,13.0,4.0,10.0,9.0,436.0,43.0,20:45:00,/en/matches/e49e31dd/Lille-Monaco-October-23-2022-Ligue-1
FRA-Ligue 1,2223,Lille,2022-10-30 Lyon-Lille,2022-10-30,Matchweek 13,Sun,Away,L,0,1,Lyon,55,703.0,60.0,204.0,358.0,144.0,28.0,703.0,16.0,4.0,25.0,11.0,68.8,512.0,2515.0,1127.0,19.0,10.0,6.0,13.0,16.0,474.0,46.0,20:45:00,/en/matches/55897a3f/Lyon-Lille-October-30-2022-Ligue-1
FRA-Ligue 1,2223,Lille,2022-11-06 Lille-Rennes,2022-11-06,Matchweek 14,Sun,Home,D,1,1,Rennes,62,716.0,56.0,207.0,326.0,188.0,32.0,716.0,22.0,11.0,50.0,7.0,31.8,546.0,2709.0,1247.0,21.0,11.0,5.0,13.0,16.0,512.0,49.0,17:05:00,/en/matches/004b284e/Lille-Rennes-November-6-2022-Ligue-1
FRA-Ligue 1,2223,Lille,2022-11-13 Lille-Angers,2022-11-13,Matchweek 15,Sun,Home,W,1,0,Angers,58,730.0,56.0,185.0,399.0,150.0,13.0,730.0,20.0,6.0,30.0,11.0,55.0,553.0,2698.0,1140.0,15.0,20.0,2.0,24.0,10.0,516.0,40.0,15:00:00,/en/matches/6055a18c/Lille-Angers-November-13-2022-Ligue-1
FRA-Ligue 1,2223,Lille,2022-12-28 Clermont Foot-Lille,2022-12-28,Matchweek 16,Wed,Away,W,2,0,Clermont Foot,57,675.0,52.0,193.0,362.0,123.0,18.0,674.0,20.0,7.0,35.0,9.0,45.0,505.0,2229.0,960.0,15.0,5.0,9.0,18.0,9.0,447.0,46.0,19:00:00,/en/matches/6a0bd1ac/Clermont-Foot-Lille-December-28-2022-Ligue-1
FRA-Ligue 1,2223,Lille,2023-01-02 Lille-Reims,2023-01-02,Matchweek 17,Mon,Home,D,1,1,Reims,61,764.0,90.0,284.0,328.0,159.0,31.0,764.0,31.0,16.0,51.6,14.0,45.2,600.0,3030.0,1401.0,19.0,18.0,6.0,18.0,10.0,554.0,50.0,17:00:00,/en/matches/cbf86c77/Lille-Reims-January-2-2023-Ligue-1
FRA-Ligue 1,2223,Lille,2023-01-11 Brest-Lille,2023-01-11,Matchweek 18,Wed,Away,D,0,0,Brest,71,832.0,26.0,128.0,515.0,195.0,26.0,832.0,13.0,8.0,61.5,3.0,23.1,661.0,3565.0,1820.0,22.0,21.0,5.0,18.0,18.0,617.0,73.0,19:00:00,/en/matches/86d6c372/Brest-Lille-January-11-2023-Ligue-1
FRA-Ligue 1,2223,Lille,2023-01-15 Lille-Troyes,2023-01-15,Matchweek 19,Sun,Home,W,5,1,Troyes,67,775.0,58.0,241.0,348.0,189.0,34.0,775.0,16.0,11.0,68.8,4.0,25.0,656.0,3886.0,1877.0,22.0,13.0,8.0,7.0,11.0,627.0,50.0,13:00:00,/en/matches/50911140/Lille-Troyes-January-15-2023-Ligue-1
FRA-Ligue 1,2223,Lille,2023-01-29 Nice-Lille,2023-01-29,Matchweek 20,Sun,Away,L,0,1,Nice,56,711.0,67.0,238.0,338.0,148.0,26.0,711.0,20.0,11.0,55.0,6.0,30.0,551.0,2640.0,1383.0,19.0,21.0,8.0,13.0,16.0,509.0,38.0,13:00:00,/en/matches/b83c2528/Nice-Lille-January-29-2023-Ligue-1
FRA-Ligue 1,2223,Lille,2023-02-01 Lille-Clermont Foot,2023-02-01,Matchweek 21,Wed,Home,D,0,0,Clermont Foot,66,788.0,47.0,126.0,404.0,267.0,28.0,788.0,29.0,18.0,62.1,6.0,20.7,613.0,3678.0,1651.0,18.0,15.0,3.0,22.0,19.0,560.0,69.0,19:00:00,/en/matches/359a0f8f/Lille-Clermont-Foot-February-1-2023-Ligue-1
FRA-Ligue 1,2223,Lille,2023-02-04 Rennes-Lille,2023-02-04,Matchweek 22,Sat,Away,W,3,1,Rennes,61,734.0,48.0,209.0,367.0,166.0,33.0,734.0,15.0,7.0,46.7,6.0,40.0,551.0,3039.0,1410.0,25.0,17.0,9.0,25.0,13.0,508.0,51.0,21:00:00,/en/matches/b405d94b/Rennes-Lille-February-4-2023-Ligue-1
FRA-Ligue 1,2223,Lille,2023-02-12 Lille-Strasbourg,2023-02-12,Matchweek 23,Sun,Home,W,2,0,Strasbourg,67,862.0,68.0,251.0,438.0,178.0,26.0,861.0,28.0,12.0,42.9,13.0,46.4,720.0,3537.0,1551.0,26.0,19.0,8.0,15.0,5.0,684.0,53.0,15:00:00,/en/matches/5bcb2b4d/Lille-Strasbourg-February-12-2023-Ligue-1
FRA-Ligue 1,2223,Lille,2023-02-19 Paris S-G-Lille,2023-02-19,Matchweek 24,Sun,Away,L,3,4,Paris S-G,54,630.0,41.0,160.0,315.0,162.0,22.0,629.0,14.0,6.0,42.9,7.0,50.0,515.0,2686.0,1292.0,16.0,21.0,4.0,15.0,7.0,473.0,44.0,13:00:00,/en/matches/0354132b/Paris-Saint-Germain-Lille-February-19-2023-Ligue-1
FRA-Ligue 1,2223,Lille,2023-02-24 Lille-Brest,2023-02-24,Matchweek 25,Fri,Home,W,2,1,Brest,69,751.0,32.0,120.0,374.0,264.0,35.0,751.0,24.0,13.0,54.2,8.0,33.3,577.0,3149.0,1571.0,24.0,19.0,4.0,14.0,11.0,545.0,87.0,21:00:00,/en/matches/4b068238/Lille-Brest-February-24-2023-Ligue-1
FRA-Ligue 1,2223,Lille,2023-03-04 Lens-Lille,2023-03-04,Matchweek 26,Sat,Away,D,1,1,Lens,62,687.0,72.0,224.0,331.0,137.0,24.0,687.0,18.0,10.0,55.6,5.0,27.8,510.0,3169.0,1437.0,16.0,12.0,4.0,13.0,7.0,476.0,48.0,17:00:00,/en/matches/368b5f43/Lens-Lille-March-4-2023-Ligue-1
FRA-Ligue 1,2223,Lille,2023-03-10 Lille-Lyon,2023-03-10,Matchweek 27,Fri,Home,D,3,3,Lyon,55,633.0,62.0,226.0,296.0,120.0,13.0,631.0,28.0,20.0,71.4,4.0,14.3,457.0,2826.0,1320.0,26.0,15.0,5.0,15.0,7.0,417.0,39.0,21:00:00,/en/matches/2ec831ba/Lille-Lyon-March-10-2023-Ligue-1
FRA-Ligue 1,2223,Lille,2023-03-18 Toulouse-Lille,2023-03-18,Matchweek 28,Sat,Away,W,2,0,Toulouse,53,659.0,62.0,150.0,357.0,162.0,38.0,659.0,32.0,19.0,59.4,11.0,34.4,507.0,3144.0,1778.0,33.0,23.0,10.0,10.0,10.0,460.0,46.0,17:00:00,/en/matches/0659aa2f/Toulouse-Lille-March-18-2023-Ligue-1
FRA-Ligue 1,2223,Lille,2023-04-02 Lille-Lorient,2023-04-02,Matchweek 29,Sun,Home,W,3,1,Lorient,60,727.0,53.0,204.0,361.0,172.0,31.0,727.0,19.0,11.0,57.9,5.0,26.3,582.0,3098.0,1390.0,21.0,17.0,5.0,12.0,13.0,533.0,65.0,13:00:00,/en/matches/e3ec27ec/Lille-Lorient-April-2-2023-Ligue-1
FRA-Ligue 1,2223,Lille,2023-04-08 Angers-Lille,2023-04-08,Matchweek 30,Sat,Away,L,0,1,Angers,66,661.0,39.0,181.0,308.0,182.0,29.0,661.0,26.0,14.0,53.8,8.0,30.8,499.0,3137.0,1511.0,30.0,24.0,7.0,12.0,10.0,461.0,52.0,17:00:00,/en/matches/5b23ad99/Angers-Lille-April-8-2023-Ligue-1
FRA-Ligue 1,2223,Lille,2023-04-16 Lille-Montpellier,2023-04-16,Matchweek 31,Sun,Home,W,2,1,Montpellier,68,738.0,38.0,126.0,384.0,239.0,30.0,738.0,36.0,16.0,44.4,16.0,44.4,572.0,3109.0,1458.0,17.0,20.0,2.0,20.0,8.0,534.0,61.0,13:00:00,/en/matches/bb2cf3ad/Lille-Montpellier-April-16-2023-Ligue-1
FRA-Ligue 1,2223,Lille,2023-04-22 Auxerre-Lille,2023-04-22,Matchweek 32,Sat,Away,D,1,1,Auxerre,69,795.0,46.0,177.0,441.0,178.0,29.0,794.0,21.0,14.0,66.7,7.0,33.3,658.0,3738.0,1703.0,21.0,17.0,3.0,10.0,8.0,622.0,52.0,17:00:00,/en/matches/3d446dbd/Auxerre-Lille-April-22-2023-Ligue-1
FRA-Ligue 1,2223,Lille,2023-04-29 Lille-Ajaccio,2023-04-29,Matchweek 33,Sat,Home,W,3,0,Ajaccio,75,861.0,28.0,142.0,546.0,177.0,24.0,861.0,37.0,18.0,48.6,17.0,45.9,727.0,3577.0,1768.0,19.0,23.0,4.0,6.0,8.0,698.0,63.0,17:00:00,/en/matches/1213d047/Lille-Ajaccio-April-29-2023-Ligue-1
FRA-Ligue 1,2223,Lille,2023-05-06 Reims-Lille,2023-05-06,Matchweek 34,Sat,Away,L,0,1,Reims,63,638.0,58.0,174.0,317.0,155.0,30.0,638.0,28.0,16.0,57.1,7.0,25.0,485.0,2825.0,1533.0,24.0,17.0,7.0,11.0,15.0,437.0,51.0,19:00:00,/en/matches/f281e140/Reims-Lille-May-6-2023-Ligue-1
FRA-Ligue 1,2223,Lille,2023-05-14 Monaco-Lille,2023-05-14,Matchweek 35,Sun,Away,D,0,0,Monaco,58,664.0,76.0,236.0,307.0,125.0,23.0,664.0,18.0,10.0,55.6,8.0,44.4,462.0,2536.0,1038.0,12.0,18.0,2.0,12.0,9.0,432.0,43.0,17:05:00,/en/matches/1609eed7/Monaco-Lille-May-14-2023-Ligue-1
FRA-Ligue 1,2223,Lille,2023-05-20 Lille-Marseille,2023-05-20,Matchweek 36,Sat,Home,W,2,1,Marseille,47,542.0,61.0,179.0,276.0,98.0,15.0,541.0,20.0,10.0,50.0,8.0,40.0,376.0,2011.0,817.0,12.0,15.0,3.0,19.0,10.0,333.0,38.0,21:00:00,/en/matches/a4506b32/Lille-Marseille-May-20-2023-Ligue-1
FRA-Ligue 1,2223,Lille,2023-05-27 Lille-Nantes,2023-05-27,Matchweek 37,Sat,Home,W,2,1,Nantes,65,706.0,47.0,165.0,374.0,174.0,16.0,704.0,26.0,11.0,42.3,13.0,50.0,553.0,3103.0,1562.0,20.0,13.0,5.0,19.0,6.0,519.0,66.0,21:00:00,/en/matches/1b4970df/Lille-Nantes-May-27-2023-Ligue-1
FRA-Ligue 1,2223,Lille,2023-06-03 Troyes-Lille,2023-06-03,Matchweek 38,Sat,Away,D,1,1,Troyes,66,729.0,29.0,109.0,332.0,290.0,44.0,729.0,8.0,5.0,62.5,2.0,25.0,578.0,3493.0,1883.0,38.0,36.0,7.0,10.0,6.0,536.0,60.0,21:00:00,/en/matches/a00583c3/Troyes-Lille-June-3-2023-Ligue-1
FRA-Ligue 1,2223,Lorient,2022-08-07 Rennes-Lorient,2022-08-07,Matchweek 1,Sun,Away,W,1,0,Rennes,37,517.0,75.0,229.0,236.0,63.0,9.0,517.0,18.0,12.0,66.7,6.0,33.3,352.0,2110.0,970.0,19.0,9.0,4.0,10.0,13.0,309.0,22.0,17:05:00,/en/matches/8ff3f9dd/Rennes-Lorient-August-7-2022-Ligue-1
FRA-Ligue 1,2223,Lorient,2022-08-21 Toulouse-Lorient,2022-08-21,Matchweek 3,Sun,Away,D,2,2,Toulouse,48,590.0,61.0,211.0,263.0,123.0,27.0,588.0,28.0,16.0,57.1,8.0,28.6,432.0,2468.0,1270.0,22.0,12.0,8.0,21.0,11.0,376.0,32.0,15:00:00,/en/matches/8fd476c8/Toulouse-Lorient-August-21-2022-Ligue-1
FRA-Ligue 1,2223,Lorient,2022-08-28 Lorient-Clermont Foot,2022-08-28,Matchweek 4,Sun,Home,W,2,1,Clermont Foot,40,546.0,75.0,228.0,206.0,121.0,31.0,545.0,28.0,14.0,50.0,10.0,35.7,392.0,2337.0,1288.0,29.0,14.0,13.0,16.0,4.0,343.0,33.0,15:00:00,/en/matches/04e1e416/Lorient-Clermont-Foot-August-28-2022-Ligue-1
FRA-Ligue 1,2223,Lorient,2022-08-31 Lens-Lorient,2022-08-31,Matchweek 5,Wed,Away,L,2,5,Lens,42,493.0,66.0,163.0,246.0,84.0,14.0,493.0,14.0,5.0,35.7,6.0,42.9,365.0,1967.0,869.0,12.0,3.0,4.0,11.0,5.0,338.0,32.0,21:00:00,/en/matches/e81a5c4f/Lens-Lorient-August-31-2022-Ligue-1
FRA-Ligue 1,2223,Lorient,2022-09-04 Ajaccio-Lorient,2022-09-04,Matchweek 6,Sun,Away,W,1,0,Ajaccio,42,477.0,74.0,195.0,220.0,63.0,10.0,477.0,22.0,11.0,50.0,8.0,36.4,294.0,1734.0,747.0,9.0,2.0,4.0,18.0,5.0,256.0,26.0,15:00:00,/en/matches/ae60a120/Ajaccio-Lorient-September-4-2022-Ligue-1
FRA-Ligue 1,2223,Lorient,2022-09-07 Lorient-Lyon,2022-09-07,Matchweek 2,Wed,Home,W,3,1,Lyon,34,463.0,92.0,236.0,170.0,66.0,10.0,463.0,26.0,11.0,42.3,8.0,30.8,296.0,1842.0,932.0,14.0,16.0,2.0,14.0,6.0,253.0,19.0,19:00:00,/en/matches/9bb1f204/Lorient-Lyon-September-7-2022-Ligue-1
FRA-Ligue 1,2223,Lorient,2022-09-11 Lorient-Nantes,2022-09-11,Matchweek 7,Sun,Home,W,3,2,Nantes,48,599.0,80.0,229.0,269.0,112.0,26.0,599.0,31.0,14.0,45.2,13.0,41.9,441.0,2781.0,1278.0,19.0,16.0,6.0,19.0,8.0,401.0,43.0,15:00:00,/en/matches/782c4dff/Lorient-Nantes-September-11-2022-Ligue-1
FRA-Ligue 1,2223,Lorient,2022-09-16 Auxerre-Lorient,2022-09-16,Matchweek 8,Fri,Away,W,3,1,Auxerre,44,551.0,79.0,249.0,205.0,103.0,23.0,551.0,14.0,6.0,42.9,7.0,50.0,387.0,2310.0,1247.0,17.0,10.0,7.0,18.0,14.0,347.0,29.0,21:00:00,/en/matches/49bc23eb/Auxerre-Lorient-September-16-2022-Ligue-1
FRA-Ligue 1,2223,Lorient,2022-10-02 Lorient-Lille,2022-10-02,Matchweek 9,Sun,Home,W,2,1,Lille,37,477.0,114.0,227.0,188.0,70.0,16.0,477.0,26.0,11.0,42.3,11.0,42.3,309.0,2025.0,1016.0,13.0,11.0,4.0,19.0,8.0,259.0,28.0,13:00:00,/en/matches/16686466/Lorient-Lille-October-2-2022-Ligue-1
FRA-Ligue 1,2223,Lorient,2022-10-09 Brest-Lorient,2022-10-09,Matchweek 10,Sun,Away,W,2,1,Brest,50,625.0,64.0,203.0,311.0,115.0,16.0,625.0,28.0,9.0,32.1,15.0,53.6,422.0,2526.0,1322.0,21.0,13.0,4.0,19.0,10.0,378.0,41.0,15:00:00,/en/matches/173aef86/Brest-Lorient-October-9-2022-Ligue-1
FRA-Ligue 1,2223,Lorient,2022-10-15 Lorient-Reims,2022-10-15,Matchweek 11,Sat,Home,D,0,0,Reims,48,561.0,54.0,162.0,247.0,160.0,15.0,561.0,20.0,7.0,35.0,11.0,55.0,376.0,2573.0,1294.0,23.0,22.0,5.0,14.0,7.0,337.0,49.0,17:00:00,/en/matches/4fe522a8/Lorient-Reims-October-15-2022-Ligue-1
FRA-Ligue 1,2223,Lorient,2022-10-23 Troyes-Lorient,2022-10-23,Matchweek 12,Sun,Away,D,2,2,Troyes,58,678.0,77.0,165.0,314.0,209.0,38.0,678.0,18.0,5.0,27.8,10.0,55.6,527.0,3397.0,1729.0,31.0,32.0,10.0,10.0,8.0,488.0,59.0,15:00:00,/en/matches/58eb4a20/Troyes-Lorient-October-23-2022-Ligue-1
FRA-Ligue 1,2223,Lorient,2022-10-30 Lorient-Nice,2022-10-30,Matchweek 13,Sun,Home,L,1,2,Nice,44,603.0,59.0,187.0,264.0,159.0,24.0,603.0,19.0,3.0,15.8,13.0,68.4,458.0,2953.0,1552.0,37.0,21.0,9.0,10.0,13.0,422.0,36.0,17:05:00,/en/matches/b3909991/Lorient-Nice-October-30-2022-Ligue-1
FRA-Ligue 1,2223,Lorient,2022-11-06 Lorient-Paris S-G,2022-11-06,Matchweek 14,Sun,Home,L,1,2,Paris S-G,41,541.0,87.0,198.0,212.0,139.0,18.0,541.0,20.0,8.0,40.0,9.0,45.0,402.0,2753.0,1243.0,28.0,25.0,5.0,14.0,9.0,355.0,34.0,13:00:00,/en/matches/62986726/Lorient-Paris-Saint-Germain-November-6-2022-Ligue-1
FRA-Ligue 1,2223,Lorient,2022-11-13 Strasbourg-Lorient,2022-11-13,Matchweek 15,Sun,Away,D,1,1,Strasbourg,39,567.0,90.0,243.0,224.0,109.0,15.0,567.0,19.0,9.0,47.4,9.0,47.4,360.0,2315.0,1012.0,16.0,11.0,5.0,14.0,7.0,325.0,18.0,17:05:00,/en/matches/d02cfa28/Strasbourg-Lorient-November-13-2022-Ligue-1
FRA-Ligue 1,2223,Lorient,2022-12-29 Lorient-Montpellier,2022-12-29,Matchweek 16,Thu,Home,L,0,2,Montpellier,48,623.0,49.0,167.0,327.0,134.0,16.0,623.0,21.0,8.0,38.1,8.0,38.1,437.0,2575.0,1440.0,25.0,14.0,5.0,20.0,5.0,391.0,50.0,17:00:00,/en/matches/3f005cc1/Lorient-Montpellier-December-29-2022-Ligue-1
FRA-Ligue 1,2223,Lorient,2023-01-01 Angers-Lorient,2023-01-01,Matchweek 17,Sun,Away,W,2,1,Angers,58,667.0,62.0,262.0,283.0,127.0,25.0,667.0,20.0,9.0,45.0,9.0,45.0,481.0,2817.0,1329.0,22.0,11.0,4.0,21.0,9.0,441.0,40.0,15:00:00,/en/matches/cff615b4/Angers-Lorient-January-1-2023-Ligue-1
FRA-Ligue 1,2223,Lorient,2023-01-11 Lorient-Monaco,2023-01-11,Matchweek 18,Wed,Home,D,2,2,Monaco,42,529.0,76.0,207.0,236.0,96.0,11.0,529.0,28.0,15.0,53.6,11.0,39.3,355.0,2260.0,1024.0,22.0,14.0,5.0,22.0,8.0,301.0,34.0,21:00:00,/en/matches/a1b8e89a/Lorient-Monaco-January-11-2023-Ligue-1
FRA-Ligue 1,2223,Lorient,2023-01-14 Marseille-Lorient,2023-01-14,Matchweek 19,Sat,Away,L,1,3,Marseille,32,427.0,81.0,195.0,144.0,93.0,16.0,427.0,20.0,8.0,40.0,6.0,30.0,289.0,1803.0,927.0,14.0,17.0,3.0,15.0,5.0,247.0,19.0,19:00:00,/en/matches/d95f972f/Marseille-Lorient-January-14-2023-Ligue-1
FRA-Ligue 1,2223,Lorient,2023-01-27 Lorient-Rennes,2023-01-27,Matchweek 20,Fri,Home,W,2,1,Rennes,33,515.0,95.0,249.0,195.0,79.0,12.0,515.0,20.0,6.0,30.0,11.0,55.0,332.0,2112.0,1011.0,13.0,14.0,3.0,16.0,8.0,279.0,28.0,21:00:00,/en/matches/b1b646a8/Lorient-Rennes-January-27-2023-Ligue-1
FRA-Ligue 1,2223,Lorient,2023-02-01 Reims-Lorient,2023-02-01,Matchweek 21,Wed,Away,L,2,4,Reims,42,556.0,94.0,242.0,219.0,102.0,17.0,556.0,26.0,15.0,57.7,7.0,26.9,397.0,2299.0,1120.0,21.0,15.0,3.0,15.0,10.0,345.0,29.0,19:00:00,/en/matches/e7ec4d4b/Reims-Lorient-February-1-2023-Ligue-1
FRA-Ligue 1,2223,Lorient,2023-02-05 Lorient-Angers,2023-02-05,Matchweek 22,Sun,Home,D,0,0,Angers,56,685.0,43.0,158.0,344.0,191.0,28.0,685.0,31.0,16.0,51.6,10.0,32.3,510.0,3393.0,1652.0,29.0,18.0,7.0,23.0,11.0,469.0,53.0,15:00:00,/en/matches/4f77b00e/Lorient-Angers-February-5-2023-Ligue-1
FRA-Ligue 1,2223,Lorient,2023-02-12 Nantes-Lorient,2023-02-12,Matchweek 23,Sun,Away,L,0,1,Nantes,51,679.0,79.0,218.0,319.0,146.0,18.0,679.0,26.0,9.0,34.6,17.0,65.4,497.0,2912.0,1372.0,25.0,20.0,3.0,26.0,10.0,452.0,48.0,17:05:00,/en/matches/f9f4ca12/Nantes-Lorient-February-12-2023-Ligue-1
FRA-Ligue 1,2223,Lorient,2023-02-19 Lorient-Ajaccio,2023-02-19,Matchweek 24,Sun,Home,W,3,0,Ajaccio,58,691.0,67.0,263.0,342.0,98.0,20.0,690.0,33.0,18.0,54.5,11.0,33.3,563.0,3082.0,1592.0,15.0,11.0,6.0,12.0,8.0,503.0,34.0,15:00:00,/en/matches/9a73c114/Lorient-Ajaccio-February-19-2023-Ligue-1
FRA-Ligue 1,2223,Lorient,2023-02-26 Lorient-Auxerre,2023-02-26,Matchweek 25,Sun,Home,L,0,1,Auxerre,61,686.0,45.0,167.0,370.0,155.0,25.0,686.0,31.0,16.0,51.6,7.0,22.6,507.0,3213.0,1699.0,15.0,11.0,4.0,13.0,12.0,459.0,50.0,13:00:00,/en/matches/f9f72ca1/Lorient-Auxerre-February-26-2023-Ligue-1
FRA-Ligue 1,2223,Lorient,2023-03-05 Lyon-Lorient,2023-03-05,Matchweek 26,Sun,Away,D,0,0,Lyon,47,652.0,91.0,284.0,244.0,134.0,23.0,652.0,27.0,11.0,40.7,12.0,44.4,483.0,3159.0,1475.0,19.0,20.0,1.0,15.0,10.0,436.0,32.0,17:05:00,/en/matches/1eadec4f/Lyon-Lorient-March-5-2023-Ligue-1
FRA-Ligue 1,2223,Lorient,2023-03-12 Lorient-Troyes,2023-03-12,Matchweek 27,Sun,Home,W,2,0,Troyes,52,672.0,63.0,231.0,308.0,134.0,24.0,672.0,19.0,11.0,57.9,7.0,36.8,517.0,2993.0,1557.0,19.0,19.0,1.0,9.0,9.0,472.0,52.0,15:00:00,/en/matches/11eab67b/Lorient-Troyes-March-12-2023-Ligue-1
FRA-Ligue 1,2223,Lorient,2023-03-19 Nice-Lorient,2023-03-19,Matchweek 28,Sun,Away,D,1,1,Nice,47,652.0,97.0,302.0,277.0,78.0,10.0,652.0,29.0,12.0,41.4,11.0,37.9,492.0,2804.0,1436.0,19.0,17.0,3.0,8.0,17.0,446.0,26.0,15:00:00,/en/matches/76197bfd/Nice-Lorient-March-19-2023-Ligue-1
FRA-Ligue 1,2223,Lorient,2023-04-02 Lille-Lorient,2023-04-02,Matchweek 29,Sun,Away,L,1,3,Lille,40,535.0,90.0,250.0,194.0,101.0,4.0,535.0,25.0,8.0,32.0,14.0,56.0,385.0,2435.0,1152.0,12.0,19.0,0.0,18.0,9.0,342.0,22.0,13:00:00,/en/matches/e3ec27ec/Lille-Lorient-April-2-2023-Ligue-1
FRA-Ligue 1,2223,Lorient,2023-04-09 Lorient-Marseille,2023-04-09,Matchweek 30,Sun,Home,D,0,0,Marseille,40,509.0,85.0,209.0,232.0,76.0,7.0,509.0,24.0,7.0,29.2,12.0,50.0,350.0,2170.0,1026.0,14.0,11.0,2.0,16.0,6.0,298.0,23.0,20:45:00,/en/matches/ae59b2e1/Lorient-Marseille-April-9-2023-Ligue-1
FRA-Ligue 1,2223,Lorient,2023-04-16 Monaco-Lorient,2023-04-16,Matchweek 31,Sun,Away,L,1,3,Monaco,53,718.0,99.0,319.0,313.0,94.0,16.0,717.0,23.0,14.0,60.9,8.0,34.8,541.0,2782.0,1398.0,15.0,14.0,2.0,20.0,10.0,498.0,27.0,17:05:00,/en/matches/fbddfac1/Monaco-Lorient-April-16-2023-Ligue-1
FRA-Ligue 1,2223,Lorient,2023-04-23 Lorient-Toulouse,2023-04-23,Matchweek 32,Sun,Home,L,0,1,Toulouse,54,699.0,61.0,201.0,309.0,193.0,19.0,699.0,38.0,16.0,42.1,19.0,50.0,525.0,2878.0,1325.0,22.0,21.0,6.0,24.0,5.0,482.0,43.0,15:00:00,/en/matches/b1552b3c/Lorient-Toulouse-April-23-2023-Ligue-1
FRA-Ligue 1,2223,Lorient,2023-04-30 Paris S-G-Lorient,2023-04-30,Matchweek 33,Sun,Away,W,3,1,Paris S-G,46,649.0,53.0,229.0,308.0,120.0,16.0,649.0,16.0,9.0,56.3,6.0,37.5,519.0,2901.0,1501.0,29.0,28.0,6.0,6.0,11.0,478.0,31.0,17:05:00,/en/matches/ca98474e/Paris-Saint-Germain-Lorient-April-30-2023-Ligue-1
FRA-Ligue 1,2223,Lorient,2023-05-07 Lorient-Brest,2023-05-07,Matchweek 34,Sun,Home,W,2,1,Brest,46,544.0,93.0,238.0,220.0,91.0,14.0,544.0,27.0,9.0,33.3,14.0,51.9,354.0,1834.0,831.0,14.0,10.0,4.0,18.0,13.0,318.0,28.0,15:00:00,/en/matches/676c3a0e/Lorient-Brest-May-7-2023-Ligue-1
FRA-Ligue 1,2223,Lorient,2023-05-14 Montpellier-Lorient,2023-05-14,Matchweek 35,Sun,Away,D,1,1,Montpellier,57,688.0,75.0,217.0,349.0,123.0,18.0,688.0,29.0,15.0,51.7,12.0,41.4,537.0,2650.0,1197.0,14.0,15.0,3.0,13.0,9.0,491.0,38.0,15:00:00,/en/matches/1df43c24/Montpellier-Lorient-May-14-2023-Ligue-1
FRA-Ligue 1,2223,Lorient,2023-05-21 Lorient-Lens,2023-05-21,Matchweek 36,Sun,Home,L,1,3,Lens,47,588.0,55.0,168.0,289.0,138.0,26.0,588.0,21.0,13.0,61.9,8.0,38.1,453.0,2730.0,1310.0,25.0,23.0,7.0,15.0,5.0,417.0,39.0,17:05:00,/en/matches/123cfb3a/Lorient-Lens-May-21-2023-Ligue-1
FRA-Ligue 1,2223,Lorient,2023-05-27 Clermont Foot-Lorient,2023-05-27,Matchweek 37,Sat,Away,L,0,2,Clermont Foot,55,622.0,78.0,198.0,258.0,173.0,21.0,621.0,31.0,13.0,41.9,14.0,45.2,465.0,2922.0,1366.0,23.0,19.0,5.0,12.0,8.0,427.0,42.0,21:00:00,/en/matches/970c061a/Clermont-Foot-Lorient-May-27-2023-Ligue-1
FRA-Ligue 1,2223,Lorient,2023-06-03 Lorient-Strasbourg,2023-06-03,Matchweek 38,Sat,Home,W,2,1,Strasbourg,53,731.0,76.0,247.0,384.0,101.0,17.0,731.0,20.0,7.0,35.0,10.0,50.0,577.0,3178.0,1355.0,17.0,14.0,2.0,12.0,6.0,548.0,33.0,21:00:00,/en/matches/a744a9bd/Lorient-Strasbourg-June-3-2023-Ligue-1
FRA-Ligue 1,2223,Lyon,2022-08-05 Lyon-Ajaccio,2022-08-05,Matchweek 1,Fri,Home,W,2,1,Ajaccio,67,755.0,60.0,226.0,420.0,113.0,16.0,754.0,24.0,6.0,25.0,15.0,62.5,614.0,3119.0,1370.0,14.0,16.0,6.0,7.0,7.0,580.0,43.0,21:00:00,/en/matches/47ab569b/Lyon-Ajaccio-August-5-2022-Ligue-1
FRA-Ligue 1,2223,Lyon,2022-08-19 Lyon-Troyes,2022-08-19,Matchweek 3,Fri,Home,W,4,1,Troyes,66,886.0,39.0,156.0,518.0,222.0,37.0,886.0,25.0,7.0,28.0,15.0,60.0,731.0,3732.0,1485.0,21.0,26.0,11.0,10.0,4.0,689.0,68.0,21:00:00,/en/matches/a1baf3a5/Lyon-Troyes-August-19-2022-Ligue-1
FRA-Ligue 1,2223,Lyon,2022-08-28 Reims-Lyon,2022-08-28,Matchweek 4,Sun,Away,D,1,1,Reims,74,839.0,51.0,152.0,428.0,267.0,33.0,839.0,37.0,19.0,51.4,15.0,40.5,662.0,3588.0,1532.0,23.0,20.0,6.0,20.0,10.0,612.0,88.0,17:05:00,/en/matches/daa723a9/Reims-Lyon-August-28-2022-Ligue-1
FRA-Ligue 1,2223,Lyon,2022-08-31 Lyon-Auxerre,2022-08-31,Matchweek 5,Wed,Home,W,2,1,Auxerre,62,766.0,47.0,182.0,370.0,219.0,39.0,766.0,22.0,12.0,54.5,8.0,36.4,598.0,3075.0,1358.0,22.0,17.0,12.0,15.0,7.0,557.0,61.0,19:00:00,/en/matches/d4cde1d6/Lyon-Auxerre-August-31-2022-Ligue-1
FRA-Ligue 1,2223,Lyon,2022-09-03 Lyon-Angers,2022-09-03,Matchweek 6,Sat,Home,W,5,0,Angers,64,678.0,41.0,162.0,354.0,169.0,20.0,678.0,26.0,7.0,26.9,18.0,69.2,525.0,3092.0,1365.0,26.0,22.0,5.0,14.0,5.0,473.0,45.0,19:00:00,/en/matches/fb645562/Lyon-Angers-September-3-2022-Ligue-1
FRA-Ligue 1,2223,Lyon,2022-09-07 Lorient-Lyon,2022-09-07,Matchweek 2,Wed,Away,L,1,3,Lorient,66,753.0,28.0,90.0,389.0,283.0,38.0,753.0,26.0,12.0,46.2,11.0,42.3,596.0,3404.0,1628.0,24.0,32.0,9.0,17.0,10.0,563.0,77.0,19:00:00,/en/matches/9bb1f204/Lorient-Lyon-September-7-2022-Ligue-1
FRA-Ligue 1,2223,Lyon,2022-09-11 Monaco-Lyon,2022-09-11,Matchweek 7,Sun,Away,L,1,2,Monaco,61,713.0,59.0,193.0,292.0,234.0,34.0,713.0,27.0,15.0,55.6,6.0,22.2,547.0,2993.0,1501.0,30.0,28.0,8.0,14.0,17.0,476.0,53.0,20:45:00,/en/matches/425472f5/Monaco-Lyon-September-11-2022-Ligue-1
FRA-Ligue 1,2223,Lyon,2022-09-18 Lyon-Paris S-G,2022-09-18,Matchweek 8,Sun,Home,L,0,1,Paris S-G,35,561.0,67.0,160.0,253.0,156.0,28.0,561.0,18.0,7.0,38.9,11.0,61.1,433.0,2289.0,1164.0,24.0,13.0,7.0,13.0,8.0,374.0,42.0,20:45:00,/en/matches/57d4d43d/Lyon-Paris-Saint-Germain-September-18-2022-Ligue-1
FRA-Ligue 1,2223,Lyon,2022-10-02 Lens-Lyon,2022-10-02,Matchweek 9,Sun,Away,L,0,1,Lens,48,632.0,73.0,201.0,339.0,96.0,6.0,632.0,22.0,10.0,45.5,9.0,40.9,439.0,2232.0,950.0,8.0,6.0,3.0,20.0,4.0,391.0,31.0,20:45:00,/en/matches/ea3fd79a/Lens-Lyon-October-2-2022-Ligue-1
FRA-Ligue 1,2223,Lyon,2022-10-07 Lyon-Toulouse,2022-10-07,Matchweek 10,Fri,Home,D,1,1,Toulouse,58,717.0,59.0,177.0,343.0,207.0,24.0,717.0,22.0,14.0,63.6,6.0,27.3,539.0,3129.0,1436.0,23.0,21.0,6.0,15.0,8.0,491.0,56.0,21:00:00,/en/matches/3e063ecd/Lyon-Toulouse-October-7-2022-Ligue-1
FRA-Ligue 1,2223,Lyon,2022-10-16 Rennes-Lyon,2022-10-16,Matchweek 11,Sun,Away,L,2,3,Rennes,60,747.0,50.0,188.0,445.0,118.0,8.0,747.0,18.0,8.0,44.4,6.0,33.3,546.0,2882.0,1158.0,9.0,20.0,1.0,18.0,12.0,519.0,35.0,15:00:00,/en/matches/62b68f87/Rennes-Lyon-October-16-2022-Ligue-1
FRA-Ligue 1,2223,Lyon,2022-10-22 Montpellier-Lyon,2022-10-22,Matchweek 12,Sat,Away,W,2,1,Montpellier,62,697.0,51.0,157.0,358.0,190.0,44.0,697.0,15.0,6.0,40.0,6.0,40.0,512.0,2833.0,1307.0,19.0,28.0,8.0,15.0,9.0,479.0,40.0,17:00:00,/en/matches/cc602d55/Montpellier-Lyon-October-22-2022-Ligue-1
FRA-Ligue 1,2223,Lyon,2022-10-30 Lyon-Lille,2022-10-30,Matchweek 13,Sun,Home,W,1,0,Lille,45,599.0,75.0,203.0,288.0,116.0,19.0,599.0,28.0,11.0,39.3,13.0,46.4,423.0,2209.0,923.0,18.0,15.0,3.0,15.0,14.0,369.0,35.0,20:45:00,/en/matches/55897a3f/Lyon-Lille-October-30-2022-Ligue-1
FRA-Ligue 1,2223,Lyon,2022-11-06 Marseille-Lyon,2022-11-06,Matchweek 14,Sun,Away,L,0,1,Marseille,53,672.0,52.0,181.0,340.0,154.0,18.0,672.0,24.0,7.0,29.2,14.0,58.3,486.0,2396.0,1018.0,18.0,21.0,2.0,25.0,13.0,439.0,32.0,20:45:00,/en/matches/bfdebdac/Choc-des-Olympiques-Marseille-Lyon-November-6-2022-Ligue-1
FRA-Ligue 1,2223,Lyon,2022-11-11 Lyon-Nice,2022-11-11,Matchweek 15,Fri,Home,D,1,1,Nice,63,803.0,70.0,225.0,405.0,178.0,27.0,802.0,18.0,7.0,38.9,9.0,50.0,623.0,3054.0,1109.0,9.0,10.0,7.0,17.0,17.0,593.0,65.0,21:00:00,/en/matches/e805986b/Lyon-Nice-November-11-2022-Ligue-1
FRA-Ligue 1,2223,Lyon,2022-12-28 Brest-Lyon,2022-12-28,Matchweek 16,Wed,Away,W,4,2,Brest,57,631.0,64.0,194.0,303.0,140.0,29.0,630.0,21.0,8.0,38.1,11.0,52.4,460.0,2682.0,1167.0,19.0,14.0,5.0,19.0,5.0,422.0,55.0,21:00:00,/en/matches/244b3b09/Brest-Lyon-December-28-2022-Ligue-1
FRA-Ligue 1,2223,Lyon,2023-01-01 Lyon-Clermont Foot,2023-01-01,Matchweek 17,Sun,Home,L,0,1,Clermont Foot,60,712.0,45.0,195.0,361.0,161.0,19.0,712.0,30.0,11.0,36.7,15.0,50.0,533.0,2580.0,1042.0,10.0,13.0,3.0,16.0,11.0,489.0,47.0,17:00:00,/en/matches/1e8f7f51/Lyon-Clermont-Foot-January-1-2023-Ligue-1
FRA-Ligue 1,2223,Lyon,2023-01-11 Nantes-Lyon,2023-01-11,Matchweek 18,Wed,Away,D,0,0,Nantes,60,745.0,62.0,217.0,368.0,163.0,19.0,745.0,13.0,5.0,38.5,5.0,38.5,574.0,3063.0,1515.0,16.0,13.0,4.0,23.0,5.0,528.0,52.0,19:00:00,/en/matches/b34687b5/Nantes-Lyon-January-11-2023-Ligue-1
FRA-Ligue 1,2223,Lyon,2023-01-14 Lyon-Strasbourg,2023-01-14,Matchweek 19,Sat,Home,L,1,2,Strasbourg,72,880.0,22.0,112.0,433.0,343.0,45.0,879.0,19.0,10.0,52.6,9.0,47.4,678.0,3270.0,1477.0,33.0,41.0,10.0,16.0,13.0,643.0,66.0,21:00:00,/en/matches/6016edce/Lyon-Strasbourg-January-14-2023-Ligue-1
FRA-Ligue 1,2223,Lyon,2023-01-29 Ajaccio-Lyon,2023-01-29,Matchweek 20,Sun,Away,W,2,0,Ajaccio,49,557.0,62.0,223.0,234.0,105.0,29.0,557.0,19.0,6.0,31.6,10.0,52.6,351.0,1807.0,862.0,11.0,3.0,5.0,16.0,12.0,303.0,32.0,17:05:00,/en/matches/3b0e34f6/Ajaccio-Lyon-January-29-2023-Ligue-1
FRA-Ligue 1,2223,Lyon,2023-02-01 Lyon-Brest,2023-02-01,Matchweek 21,Wed,Home,D,0,0,Brest,75,865.0,28.0,113.0,403.0,352.0,43.0,865.0,32.0,18.0,56.3,11.0,34.4,689.0,3486.0,1817.0,26.0,25.0,7.0,16.0,17.0,656.0,89.0,21:00:00,/en/matches/0f1e8f16/Lyon-Brest-February-1-2023-Ligue-1
FRA-Ligue 1,2223,Lyon,2023-02-04 Troyes-Lyon,2023-02-04,Matchweek 22,Sat,Away,W,3,1,Troyes,58,732.0,41.0,191.0,371.0,180.0,32.0,732.0,16.0,8.0,50.0,7.0,43.8,566.0,3202.0,1416.0,15.0,21.0,8.0,16.0,9.0,518.0,36.0,19:00:00,/en/matches/774a8b12/Troyes-Lyon-February-4-2023-Ligue-1
FRA-Ligue 1,2223,Lyon,2023-02-12 Lyon-Lens,2023-02-12,Matchweek 23,Sun,Home,W,2,1,Lens,41,606.0,75.0,228.0,269.0,114.0,18.0,606.0,27.0,13.0,48.1,11.0,40.7,403.0,1878.0,811.0,7.0,10.0,5.0,22.0,7.0,355.0,33.0,20:45:00,/en/matches/eb88e263/Lyon-Lens-February-12-2023-Ligue-1
FRA-Ligue 1,2223,Lyon,2023-02-17 Auxerre-Lyon,2023-02-17,Matchweek 24,Fri,Away,L,1,2,Auxerre,65,733.0,48.0,175.0,422.0,140.0,15.0,733.0,22.0,9.0,40.9,11.0,50.0,565.0,3424.0,1793.0,20.0,21.0,6.0,20.0,7.0,517.0,58.0,21:00:00,/en/matches/ab3c5cc9/Auxerre-Lyon-February-17-2023-Ligue-1
FRA-Ligue 1,2223,Lyon,2023-02-25 Angers-Lyon,2023-02-25,Matchweek 25,Sat,Away,W,3,1,Angers,57,726.0,56.0,242.0,375.0,116.0,17.0,726.0,14.0,4.0,28.6,8.0,57.1,580.0,3387.0,1623.0,16.0,15.0,1.0,15.0,15.0,538.0,43.0,17:00:00,/en/matches/ed761c34/Angers-Lyon-February-25-2023-Ligue-1
FRA-Ligue 1,2223,Lyon,2023-03-05 Lyon-Lorient,2023-03-05,Matchweek 26,Sun,Home,D,0,0,Lorient,53,688.0,59.0,146.0,344.0,209.0,31.0,688.0,36.0,16.0,44.4,20.0,55.6,535.0,3058.0,1514.0,26.0,26.0,7.0,7.0,15.0,496.0,62.0,17:05:00,/en/matches/1eadec4f/Lyon-Lorient-March-5-2023-Ligue-1
FRA-Ligue 1,2223,Lyon,2023-03-10 Lille-Lyon,2023-03-10,Matchweek 27,Fri,Away,D,3,3,Lille,45,537.0,60.0,186.0,247.0,107.0,23.0,537.0,29.0,11.0,37.9,13.0,44.8,368.0,2186.0,987.0,16.0,14.0,6.0,13.0,9.0,326.0,33.0,21:00:00,/en/matches/2ec831ba/Lille-Lyon-March-10-2023-Ligue-1
FRA-Ligue 1,2223,Lyon,2023-03-17 Lyon-Nantes,2023-03-17,Matchweek 28,Fri,Home,D,1,1,Nantes,66,811.0,50.0,194.0,452.0,170.0,30.0,811.0,23.0,13.0,56.5,8.0,34.8,658.0,3451.0,1721.0,15.0,19.0,6.0,14.0,16.0,614.0,68.0,21:00:00,/en/matches/e42d16ce/Lyon-Nantes-March-17-2023-Ligue-1
FRA-Ligue 1,2223,Lyon,2023-04-02 Paris S-G-Lyon,2023-04-02,Matchweek 29,Sun,Away,W,1,0,Paris S-G,38,598.0,82.0,250.0,269.0,86.0,22.0,597.0,20.0,8.0,40.0,10.0,50.0,421.0,2220.0,885.0,9.0,14.0,3.0,19.0,7.0,363.0,28.0,20:45:00,/en/matches/37a61135/Paris-Saint-Germain-Lyon-April-2-2023-Ligue-1
FRA-Ligue 1,2223,Lyon,2023-04-09 Lyon-Rennes,2023-04-09,Matchweek 30,Sun,Home,W,3,1,Rennes,59,668.0,73.0,225.0,296.0,152.0,31.0,668.0,30.0,21.0,70.0,8.0,26.7,496.0,2721.0,1427.0,14.0,12.0,7.0,9.0,7.0,462.0,43.0,13:00:00,/en/matches/f258dab1/Lyon-Rennes-April-9-2023-Ligue-1
FRA-Ligue 1,2223,Lyon,2023-04-14 Toulouse-Lyon,2023-04-14,Matchweek 31,Fri,Away,W,2,1,Toulouse,57,795.0,71.0,222.0,387.0,200.0,31.0,794.0,35.0,17.0,48.6,13.0,37.1,595.0,3296.0,1533.0,26.0,19.0,9.0,23.0,11.0,554.0,48.0,21:00:00,/en/matches/fbcb2095/Toulouse-Lyon-April-14-2023-Ligue-1
FRA-Ligue 1,2223,Lyon,2023-04-23 Lyon-Marseille,2023-04-23,Matchweek 32,Sun,Home,L,1,2,Marseille,59,683.0,96.0,245.0,316.0,127.0,18.0,683.0,17.0,8.0,47.1,7.0,41.2,499.0,2683.0,1021.0,15.0,14.0,5.0,23.0,6.0,459.0,36.0,20:45:00,/en/matches/7408c40b/Choc-des-Olympiques-Lyon-Marseille-April-23-2023-Ligue-1
FRA-Ligue 1,2223,Lyon,2023-04-28 Strasbourg-Lyon,2023-04-28,Matchweek 33,Fri,Away,W,2,1,Strasbourg,47,551.0,81.0,203.0,253.0,98.0,19.0,551.0,16.0,5.0,31.3,9.0,56.3,354.0,1921.0,855.0,8.0,3.0,1.0,12.0,13.0,313.0,21.0,21:00:00,/en/matches/7102beec/Strasbourg-Lyon-April-28-2023-Ligue-1
FRA-Ligue 1,2223,Lyon,2023-05-07 Lyon-Montpellier,2023-05-07,Matchweek 34,Sun,Home,W,5,4,Montpellier,69,754.0,44.0,152.0,348.0,258.0,57.0,753.0,25.0,14.0,56.0,9.0,36.0,591.0,3842.0,1797.0,30.0,42.0,16.0,15.0,11.0,555.0,62.0,17:05:00,/en/matches/f3f1adae/Lyon-Montpellier-May-7-2023-Ligue-1
FRA-Ligue 1,2223,Lyon,2023-05-14 Clermont Foot-Lyon,2023-05-14,Matchweek 35,Sun,Away,L,1,2,Clermont Foot,62,777.0,44.0,194.0,419.0,169.0,27.0,776.0,28.0,16.0,57.1,8.0,28.6,603.0,3339.0,1595.0,18.0,16.0,4.0,20.0,4.0,543.0,44.0,13:00:00,/en/matches/a5b3557c/Clermont-Foot-Lyon-May-14-2023-Ligue-1
FRA-Ligue 1,2223,Lyon,2023-05-19 Lyon-Monaco,2023-05-19,Matchweek 36,Fri,Home,W,3,1,Monaco,62,772.0,86.0,296.0,342.0,138.0,26.0,772.0,22.0,10.0,45.5,10.0,45.5,606.0,3382.0,1648.0,29.0,15.0,8.0,11.0,13.0,562.0,40.0,21:00:00,/en/matches/364d3262/Lyon-Monaco-May-19-2023-Ligue-1
FRA-Ligue 1,2223,Lyon,2023-05-27 Lyon-Reims,2023-05-27,Matchweek 37,Sat,Home,W,3,0,Reims,54,618.0,75.0,205.0,233.0,186.0,38.0,618.0,17.0,7.0,41.2,7.0,41.2,464.0,2386.0,1208.0,18.0,19.0,7.0,19.0,6.0,426.0,41.0,21:00:00,/en/matches/27815d03/Lyon-Reims-May-27-2023-Ligue-1
FRA-Ligue 1,2223,Lyon,2023-06-03 Nice-Lyon,2023-06-03,Matchweek 38,Sat,Away,L,1,3,Nice,57,791.0,61.0,190.0,409.0,198.0,31.0,791.0,32.0,12.0,37.5,19.0,59.4,625.0,3057.0,1597.0,24.0,35.0,6.0,19.0,7.0,570.0,60.0,21:00:00,/en/matches/7cb0ddb9/Nice-Lyon-June-3-2023-Ligue-1
FRA-Ligue 1,2223,Marseille,2022-08-07 Marseille-Reims,2022-08-07,Matchweek 1,Sun,Home,W,4,1,Reims,56,637.0,65.0,169.0,301.0,173.0,27.0,637.0,10.0,6.0,60.0,4.0,40.0,455.0,2533.0,1031.0,25.0,20.0,10.0,14.0,5.0,414.0,43.0,20:45:00,/en/matches/534ab8ff/Marseille-Reims-August-7-2022-Ligue-1
FRA-Ligue 1,2223,Marseille,2022-08-14 Brest-Marseille,2022-08-14,Matchweek 2,Sun,Away,D,1,1,Brest,53,634.0,79.0,250.0,300.0,88.0,12.0,634.0,26.0,12.0,46.2,13.0,50.0,441.0,2528.0,1144.0,12.0,11.0,3.0,16.0,10.0,395.0,37.0,20:45:00,/en/matches/4a5a2571/Brest-Marseille-August-14-2022-Ligue-1
FRA-Ligue 1,2223,Marseille,2022-08-20 Marseille-Nantes,2022-08-20,Matchweek 3,Sat,Home,W,2,1,Nantes,56,631.0,54.0,197.0,267.0,174.0,31.0,631.0,21.0,10.0,47.6,9.0,42.9,448.0,2310.0,1014.0,14.0,12.0,5.0,17.0,7.0,409.0,47.0,21:00:00,/en/matches/44e18f81/Marseille-Nantes-August-20-2022-Ligue-1
FRA-Ligue 1,2223,Marseille,2022-08-28 Nice-Marseille,2022-08-28,Matchweek 4,Sun,Away,W,3,0,Nice,51,616.0,44.0,147.0,302.0,171.0,30.0,616.0,15.0,4.0,26.7,10.0,66.7,450.0,2210.0,974.0,17.0,10.0,7.0,14.0,6.0,409.0,40.0,15:00:00,/en/matches/89258f8f/Nice-Marseille-August-28-2022-Ligue-1
FRA-Ligue 1,2223,Marseille,2022-08-31 Marseille-Clermont Foot,2022-08-31,Matchweek 5,Wed,Home,W,1,0,Clermont Foot,60,710.0,28.0,120.0,384.0,211.0,30.0,709.0,22.0,13.0,59.1,9.0,40.9,520.0,2871.0,1337.0,17.0,16.0,2.0,20.0,10.0,484.0,56.0,21:00:00,/en/matches/e703a3d2/Marseille-Clermont-Foot-August-31-2022-Ligue-1
FRA-Ligue 1,2223,Marseille,2022-09-03 Auxerre-Marseille,2022-09-03,Matchweek 6,Sat,Away,W,2,0,Auxerre,52,645.0,51.0,170.0,313.0,166.0,24.0,645.0,29.0,11.0,37.9,15.0,51.7,483.0,3143.0,1536.0,20.0,14.0,4.0,15.0,8.0,440.0,53.0,17:00:00,/en/matches/d9b1158b/Auxerre-Marseille-September-3-2022-Ligue-1
FRA-Ligue 1,2223,Marseille,2022-09-10 Marseille-Lille,2022-09-10,Matchweek 7,Sat,Home,W,2,1,Lille,53,605.0,50.0,191.0,273.0,151.0,23.0,605.0,16.0,4.0,25.0,9.0,56.3,433.0,2368.0,1157.0,17.0,12.0,5.0,23.0,18.0,391.0,37.0,21:00:00,/en/matches/762fd170/Marseille-Lille-September-10-2022-Ligue-1
FRA-Ligue 1,2223,Marseille,2022-09-18 Marseille-Rennes,2022-09-18,Matchweek 8,Sun,Home,D,1,1,Rennes,59,678.0,56.0,197.0,298.0,191.0,23.0,678.0,23.0,7.0,30.4,13.0,56.5,502.0,2722.0,1279.0,14.0,12.0,5.0,16.0,9.0,452.0,49.0,15:00:00,/en/matches/abf90423/Marseille-Rennes-September-18-2022-Ligue-1
FRA-Ligue 1,2223,Marseille,2022-09-30 Angers-Marseille,2022-09-30,Matchweek 9,Fri,Away,W,3,0,Angers,57,624.0,70.0,201.0,286.0,147.0,30.0,624.0,15.0,8.0,53.3,4.0,26.7,485.0,2854.0,1615.0,26.0,21.0,9.0,14.0,12.0,443.0,40.0,21:00:00,/en/matches/3c6ebbba/Angers-Marseille-September-30-2022-Ligue-1
FRA-Ligue 1,2223,Marseille,2022-10-08 Marseille-Ajaccio,2022-10-08,Matchweek 10,Sat,Home,L,1,2,Ajaccio,64,692.0,58.0,216.0,314.0,170.0,22.0,691.0,15.0,8.0,53.3,6.0,40.0,505.0,3139.0,1633.0,23.0,17.0,3.0,16.0,13.0,470.0,54.0,17:00:00,/en/matches/98ad4323/Marseille-Ajaccio-October-8-2022-Ligue-1
FRA-Ligue 1,2223,Marseille,2022-10-16 Paris S-G-Marseille,2022-10-16,Matchweek 11,Sun,Away,L,0,1,Paris S-G,50,667.0,74.0,192.0,280.0,202.0,31.0,667.0,26.0,10.0,38.5,15.0,57.7,526.0,2975.0,1416.0,24.0,22.0,9.0,15.0,11.0,474.0,54.0,20:45:00,/en/matches/818de37e/Paris-Saint-Germain-Marseille-October-16-2022-Ligue-1
FRA-Ligue 1,2223,Marseille,2022-10-22 Marseille-Lens,2022-10-22,Matchweek 12,Sat,Home,L,0,1,Lens,56,634.0,59.0,148.0,290.0,203.0,42.0,634.0,17.0,6.0,35.3,6.0,35.3,478.0,2611.0,1297.0,21.0,11.0,6.0,16.0,9.0,431.0,49.0,21:00:00,/en/matches/bad2cbdd/Marseille-Lens-October-22-2022-Ligue-1
FRA-Ligue 1,2223,Marseille,2022-10-29 Strasbourg-Marseille,2022-10-29,Matchweek 13,Sat,Away,D,2,2,Strasbourg,49,610.0,63.0,203.0,298.0,115.0,20.0,610.0,15.0,7.0,46.7,7.0,46.7,447.0,2673.0,1307.0,17.0,13.0,2.0,17.0,7.0,401.0,34.0,21:00:00,/en/matches/be8af29c/Strasbourg-Marseille-October-29-2022-Ligue-1
FRA-Ligue 1,2223,Marseille,2022-11-06 Marseille-Lyon,2022-11-06,Matchweek 14,Sun,Home,W,1,0,Lyon,47,619.0,59.0,174.0,277.0,172.0,16.0,619.0,23.0,6.0,26.1,15.0,65.2,421.0,2266.0,912.0,9.0,11.0,2.0,21.0,12.0,376.0,41.0,20:45:00,/en/matches/bfdebdac/Choc-des-Olympiques-Marseille-Lyon-November-6-2022-Ligue-1
FRA-Ligue 1,2223,Marseille,2022-11-13 Monaco-Marseille,2022-11-13,Matchweek 15,Sun,Away,W,3,2,Monaco,58,706.0,84.0,296.0,305.0,108.0,18.0,706.0,14.0,4.0,28.6,7.0,50.0,557.0,3029.0,1616.0,8.0,11.0,2.0,14.0,5.0,510.0,28.0,20:45:00,/en/matches/d1097736/Monaco-Marseille-November-13-2022-Ligue-1
FRA-Ligue 1,2223,Marseille,2022-12-29 Marseille-Toulouse,2022-12-29,Matchweek 16,Thu,Home,W,6,1,Toulouse,51,612.0,60.0,181.0,292.0,148.0,28.0,611.0,15.0,10.0,66.7,5.0,33.3,440.0,2391.0,1178.0,19.0,14.0,7.0,20.0,15.0,398.0,46.0,21:00:00,/en/matches/34caf658/Marseille-Toulouse-December-29-2022-Ligue-1
FRA-Ligue 1,2223,Marseille,2023-01-02 Montpellier-Marseille,2023-01-02,Matchweek 17,Mon,Away,W,2,1,Montpellier,59,638.0,53.0,171.0,303.0,173.0,32.0,638.0,24.0,7.0,29.2,14.0,58.3,473.0,2644.0,1377.0,20.0,15.0,7.0,10.0,5.0,427.0,60.0,19:00:00,/en/matches/1083eac4/Montpellier-Marseille-January-2-2023-Ligue-1
FRA-Ligue 1,2223,Marseille,2023-01-11 Troyes-Marseille,2023-01-11,Matchweek 18,Wed,Away,W,2,0,Troyes,68,779.0,38.0,183.0,401.0,200.0,31.0,779.0,16.0,10.0,62.5,3.0,18.8,662.0,3701.0,1708.0,16.0,16.0,4.0,14.0,6.0,617.0,68.0,21:00:00,/en/matches/18500cfa/Troyes-Marseille-January-11-2023-Ligue-1
FRA-Ligue 1,2223,Marseille,2023-01-14 Marseille-Lorient,2023-01-14,Matchweek 19,Sat,Home,W,3,1,Lorient,68,800.0,39.0,131.0,389.0,287.0,30.0,800.0,12.0,5.0,41.7,6.0,50.0,657.0,4165.0,2115.0,28.0,36.0,2.0,12.0,7.0,619.0,66.0,19:00:00,/en/matches/d95f972f/Marseille-Lorient-January-14-2023-Ligue-1
FRA-Ligue 1,2223,Marseille,2023-01-28 Marseille-Monaco,2023-01-28,Matchweek 20,Sat,Home,D,1,1,Monaco,61,745.0,67.0,192.0,349.0,209.0,29.0,745.0,23.0,12.0,52.2,10.0,43.5,537.0,3245.0,1597.0,16.0,18.0,1.0,9.0,18.0,493.0,55.0,21:00:00,/en/matches/15d42ad7/Marseille-Monaco-January-28-2023-Ligue-1
FRA-Ligue 1,2223,Marseille,2023-02-01 Nantes-Marseille,2023-02-01,Matchweek 21,Wed,Away,W,2,0,Nantes,59,628.0,50.0,184.0,298.0,157.0,20.0,628.0,15.0,9.0,60.0,6.0,40.0,471.0,2861.0,1518.0,24.0,15.0,8.0,16.0,7.0,425.0,49.0,19:00:00,/en/matches/4bca4e32/Nantes-Marseille-February-1-2023-Ligue-1
FRA-Ligue 1,2223,Marseille,2023-02-05 Marseille-Nice,2023-02-05,Matchweek 22,Sun,Home,L,1,3,Nice,57,705.0,35.0,106.0,313.0,292.0,36.0,705.0,13.0,5.0,38.5,7.0,53.8,519.0,3200.0,1730.0,30.0,35.0,4.0,25.0,17.0,473.0,71.0,20:45:00,/en/matches/f901aa76/Marseille-Nice-February-5-2023-Ligue-1
FRA-Ligue 1,2223,Marseille,2023-02-11 Clermont Foot-Marseille,2023-02-11,Matchweek 23,Sat,Away,W,2,0,Clermont Foot,62,693.0,35.0,124.0,356.0,218.0,22.0,692.0,28.0,14.0,50.0,12.0,42.9,528.0,3360.0,1615.0,28.0,25.0,4.0,18.0,5.0,489.0,49.0,21:00:00,/en/matches/695a7394/Clermont-Foot-Marseille-February-11-2023-Ligue-1
FRA-Ligue 1,2223,Marseille,2023-02-19 Toulouse-Marseille,2023-02-19,Matchweek 24,Sun,Away,W,3,2,Toulouse,48,577.0,48.0,140.0,284.0,164.0,31.0,577.0,25.0,16.0,64.0,9.0,36.0,390.0,2517.0,1126.0,20.0,17.0,6.0,18.0,9.0,340.0,43.0,20:45:00,/en/matches/9d43f831/Toulouse-Marseille-February-19-2023-Ligue-1
FRA-Ligue 1,2223,Marseille,2023-02-26 Marseille-Paris S-G,2023-02-26,Matchweek 25,Sun,Home,L,0,3,Paris S-G,54,624.0,47.0,143.0,277.0,212.0,19.0,624.0,26.0,12.0,46.2,13.0,50.0,480.0,3071.0,1477.0,20.0,16.0,2.0,13.0,12.0,422.0,44.0,20:45:00,/en/matches/fe1e33e5/Marseille-Paris-Saint-Germain-February-26-2023-Ligue-1
FRA-Ligue 1,2223,Marseille,2023-03-05 Rennes-Marseille,2023-03-05,Matchweek 26,Sun,Away,W,1,0,Rennes,45,576.0,65.0,201.0,265.0,118.0,17.0,576.0,13.0,9.0,69.2,3.0,23.1,390.0,2342.0,1069.0,12.0,13.0,1.0,23.0,13.0,331.0,52.0,20:45:00,/en/matches/723f16d0/Rennes-Marseille-March-5-2023-Ligue-1
FRA-Ligue 1,2223,Marseille,2023-03-12 Marseille-Strasbourg,2023-03-12,Matchweek 27,Sun,Home,D,2,2,Strasbourg,41,516.0,76.0,177.0,223.0,120.0,12.0,515.0,27.0,9.0,33.3,14.0,51.9,330.0,1906.0,999.0,17.0,16.0,6.0,15.0,9.0,276.0,24.0,20:45:00,/en/matches/5bd3872f/Marseille-Strasbourg-March-12-2023-Ligue-1
FRA-Ligue 1,2223,Marseille,2023-03-19 Reims-Marseille,2023-03-19,Matchweek 28,Sun,Away,W,2,1,Reims,45,520.0,80.0,183.0,199.0,144.0,22.0,520.0,28.0,18.0,64.3,6.0,21.4,329.0,1893.0,824.0,20.0,11.0,4.0,14.0,16.0,273.0,27.0,20:45:00,/en/matches/0161e53d/Reims-Marseille-March-19-2023-Ligue-1
FRA-Ligue 1,2223,Marseille,2023-03-31 Marseille-Montpellier,2023-03-31,Matchweek 29,Fri,Home,D,1,1,Montpellier,68,758.0,50.0,152.0,374.0,243.0,28.0,757.0,23.0,12.0,52.2,9.0,39.1,561.0,3927.0,1787.0,31.0,32.0,4.0,12.0,7.0,519.0,69.0,21:00:00,/en/matches/0dd080e8/Marseille-Montpellier-March-31-2023-Ligue-1
FRA-Ligue 1,2223,Marseille,2023-04-09 Lorient-Marseille,2023-04-09,Matchweek 30,Sun,Away,D,0,0,Lorient,60,673.0,37.0,131.0,354.0,196.0,26.0,673.0,18.0,8.0,44.4,9.0,50.0,528.0,3248.0,1423.0,21.0,18.0,5.0,18.0,9.0,469.0,74.0,20:45:00,/en/matches/ae59b2e1/Lorient-Marseille-April-9-2023-Ligue-1
FRA-Ligue 1,2223,Marseille,2023-04-16 Marseille-Troyes,2023-04-16,Matchweek 31,Sun,Home,W,3,1,Troyes,71,853.0,22.0,168.0,449.0,243.0,38.0,853.0,18.0,9.0,50.0,8.0,44.4,682.0,3716.0,1911.0,26.0,20.0,7.0,15.0,11.0,620.0,64.0,20:45:00,/en/matches/51ec8961/Marseille-Troyes-April-16-2023-Ligue-1
FRA-Ligue 1,2223,Marseille,2023-04-23 Lyon-Marseille,2023-04-23,Matchweek 32,Sun,Away,W,2,1,Lyon,41,510.0,62.0,180.0,216.0,120.0,26.0,510.0,24.0,14.0,58.3,8.0,33.3,339.0,1977.0,913.0,26.0,14.0,9.0,15.0,5.0,290.0,27.0,20:45:00,/en/matches/7408c40b/Choc-des-Olympiques-Lyon-Marseille-April-23-2023-Ligue-1
FRA-Ligue 1,2223,Marseille,2023-04-30 Marseille-Auxerre,2023-04-30,Matchweek 33,Sun,Home,W,2,1,Auxerre,69,701.0,36.0,118.0,280.0,311.0,49.0,701.0,13.0,9.0,69.2,3.0,23.1,529.0,3153.0,1789.0,35.0,28.0,4.0,8.0,6.0,478.0,81.0,20:45:00,/en/matches/fbb41c2a/Marseille-Auxerre-April-30-2023-Ligue-1
FRA-Ligue 1,2223,Marseille,2023-05-06 Lens-Marseille,2023-05-06,Matchweek 34,Sat,Away,L,1,2,Lens,57,563.0,48.0,140.0,274.0,159.0,24.0,563.0,23.0,16.0,69.6,5.0,21.7,386.0,2298.0,1087.0,16.0,15.0,3.0,13.0,11.0,346.0,41.0,21:00:00,/en/matches/4ef6a978/Lens-Marseille-May-6-2023-Ligue-1
FRA-Ligue 1,2223,Marseille,2023-05-14 Marseille-Angers,2023-05-14,Matchweek 35,Sun,Home,W,3,1,Angers,62,671.0,23.0,121.0,343.0,211.0,32.0,670.0,21.0,13.0,61.9,5.0,23.8,520.0,2874.0,1471.0,17.0,17.0,3.0,13.0,9.0,475.0,54.0,20:45:00,/en/matches/01b6ff4d/Marseille-Angers-May-14-2023-Ligue-1
FRA-Ligue 1,2223,Marseille,2023-05-20 Lille-Marseille,2023-05-20,Matchweek 36,Sat,Away,L,1,2,Lille,53,579.0,54.0,230.0,286.0,73.0,10.0,579.0,16.0,6.0,37.5,8.0,50.0,422.0,2100.0,958.0,7.0,5.0,1.0,17.0,7.0,379.0,25.0,21:00:00,/en/matches/a4506b32/Lille-Marseille-May-20-2023-Ligue-1
FRA-Ligue 1,2223,Marseille,2023-05-27 Marseille-Brest,2023-05-27,Matchweek 37,Sat,Home,L,1,2,Brest,62,678.0,57.0,180.0,338.0,165.0,28.0,678.0,12.0,4.0,33.3,8.0,66.7,485.0,2915.0,1364.0,18.0,12.0,3.0,18.0,6.0,455.0,65.0,21:00:00,/en/matches/f8507c38/Marseille-Brest-May-27-2023-Ligue-1
FRA-Ligue 1,2223,Marseille,2023-06-03 Ajaccio-Marseille,2023-06-03,Matchweek 38,Sat,Away,L,0,1,Ajaccio,71,732.0,31.0,118.0,346.0,273.0,31.0,732.0,23.0,14.0,60.9,7.0,30.4,557.0,3407.0,1786.0,28.0,18.0,3.0,14.0,8.0,520.0,79.0,21:00:00,/en/matches/2ca0b377/Ajaccio-Marseille-June-3-2023-Ligue-1
FRA-Ligue 1,2223,Monaco,2022-08-06 Strasbourg-Monaco,2022-08-06,Matchweek 1,Sat,Away,W,2,1,Strasbourg,47,595.0,47.0,133.0,274.0,199.0,37.0,595.0,24.0,5.0,20.8,15.0,62.5,405.0,2894.0,1279.0,29.0,26.0,10.0,19.0,11.0,356.0,43.0,17:00:00,/en/matches/b9e7f94c/Strasbourg-Monaco-August-6-2022-Ligue-1
FRA-Ligue 1,2223,Monaco,2022-08-13 Monaco-Rennes,2022-08-13,Matchweek 2,Sat,Home,D,1,1,Rennes,35,474.0,73.0,152.0,222.0,107.0,23.0,473.0,28.0,8.0,28.6,12.0,42.9,317.0,2084.0,989.0,19.0,10.0,7.0,18.0,7.0,272.0,37.0,17:00:00,/en/matches/86562a7e/Monaco-Rennes-August-13-2022-Ligue-1
FRA-Ligue 1,2223,Monaco,2022-08-20 Monaco-Lens,2022-08-20,Matchweek 3,Sat,Home,L,1,4,Lens,46,526.0,44.0,88.0,339.0,104.0,20.0,526.0,21.0,15.0,71.4,4.0,19.0,402.0,2655.0,1261.0,11.0,18.0,3.0,8.0,2.0,368.0,41.0,17:00:00,/en/matches/579dbb9f/Monaco-Lens-August-20-2022-Ligue-1
FRA-Ligue 1,2223,Monaco,2022-08-28 Paris S-G-Monaco,2022-08-28,Matchweek 4,Sun,Away,D,1,1,Paris S-G,33,462.0,53.0,170.0,208.0,89.0,11.0,462.0,16.0,8.0,50.0,7.0,43.8,328.0,1696.0,844.0,14.0,13.0,3.0,11.0,9.0,283.0,26.0,20:45:00,/en/matches/6113a2a2/Paris-Saint-Germain-Monaco-August-28-2022-Ligue-1
FRA-Ligue 1,2223,Monaco,2022-08-31 Monaco-Troyes,2022-08-31,Matchweek 5,Wed,Home,L,2,4,Troyes,52,631.0,62.0,194.0,307.0,135.0,22.0,631.0,22.0,11.0,50.0,8.0,36.4,462.0,2405.0,1043.0,11.0,16.0,3.0,13.0,12.0,426.0,30.0,19:00:00,/en/matches/8b21a4d4/Monaco-Troyes-August-31-2022-Ligue-1
FRA-Ligue 1,2223,Monaco,2022-09-04 Nice-Monaco,2022-09-04,Matchweek 6,Sun,Away,W,1,0,Nice,48,640.0,46.0,140.0,274.0,232.0,18.0,640.0,19.0,8.0,42.1,9.0,47.4,463.0,2338.0,1105.0,18.0,17.0,2.0,23.0,6.0,407.0,44.0,20:45:00,/en/matches/cd865a2a/Nice-Monaco-September-4-2022-Ligue-1
FRA-Ligue 1,2223,Monaco,2022-09-11 Monaco-Lyon,2022-09-11,Matchweek 7,Sun,Home,W,2,1,Lyon,39,537.0,90.0,213.0,231.0,102.0,27.0,537.0,16.0,10.0,62.5,5.0,31.3,334.0,2021.0,1040.0,19.0,11.0,7.0,21.0,6.0,282.0,35.0,20:45:00,/en/matches/425472f5/Monaco-Lyon-September-11-2022-Ligue-1
FRA-Ligue 1,2223,Monaco,2022-09-18 Reims-Monaco,2022-09-18,Matchweek 8,Sun,Away,W,3,0,Reims,67,719.0,48.0,157.0,337.0,234.0,42.0,719.0,21.0,8.0,38.1,9.0,42.9,545.0,3298.0,1693.0,20.0,22.0,6.0,11.0,12.0,505.0,70.0,13:00:00,/en/matches/c6dee225/Reims-Monaco-September-18-2022-Ligue-1
FRA-Ligue 1,2223,Monaco,2022-10-02 Monaco-Nantes,2022-10-02,Matchweek 9,Sun,Home,W,4,1,Nantes,49,626.0,61.0,182.0,315.0,139.0,14.0,625.0,22.0,10.0,45.5,10.0,45.5,484.0,2771.0,1490.0,11.0,12.0,5.0,16.0,5.0,433.0,42.0,17:05:00,/en/matches/3f3b16cf/Monaco-Nantes-October-2-2022-Ligue-1
FRA-Ligue 1,2223,Monaco,2022-10-09 Montpellier-Monaco,2022-10-09,Matchweek 10,Sun,Away,W,2,0,Montpellier,50,587.0,64.0,167.0,251.0,178.0,25.0,587.0,27.0,11.0,40.7,15.0,55.6,393.0,2392.0,1228.0,20.0,17.0,5.0,14.0,8.0,355.0,55.0,13:00:00,/en/matches/1edc7eb2/Montpellier-Monaco-October-9-2022-Ligue-1
FRA-Ligue 1,2223,Monaco,2022-10-16 Monaco-Clermont Foot,2022-10-16,Matchweek 11,Sun,Home,D,1,1,Clermont Foot,35,420.0,58.0,132.0,204.0,90.0,10.0,419.0,14.0,8.0,57.1,4.0,28.6,279.0,1670.0,748.0,7.0,8.0,3.0,11.0,10.0,241.0,29.0,17:05:00,/en/matches/5e7b10f8/Monaco-Clermont-Foot-October-16-2022-Ligue-1
FRA-Ligue 1,2223,Monaco,2022-10-23 Lille-Monaco,2022-10-23,Matchweek 12,Sun,Away,L,3,4,Lille,41,454.0,46.0,125.0,239.0,93.0,17.0,454.0,13.0,4.0,30.8,7.0,53.8,298.0,1571.0,643.0,11.0,5.0,3.0,10.0,6.0,264.0,33.0,20:45:00,/en/matches/e49e31dd/Lille-Monaco-October-23-2022-Ligue-1
FRA-Ligue 1,2223,Monaco,2022-10-30 Monaco-Angers,2022-10-30,Matchweek 13,Sun,Home,W,2,0,Angers,52,609.0,43.0,125.0,344.0,146.0,26.0,608.0,10.0,6.0,60.0,4.0,40.0,461.0,2674.0,1385.0,26.0,14.0,4.0,12.0,9.0,416.0,53.0,15:00:00,/en/matches/6d8a6a22/Monaco-Angers-October-30-2022-Ligue-1
FRA-Ligue 1,2223,Monaco,2022-11-06 Toulouse-Monaco,2022-11-06,Matchweek 14,Sun,Away,W,2,0,Toulouse,52,601.0,65.0,163.0,261.0,186.0,39.0,601.0,18.0,10.0,55.6,6.0,33.3,403.0,2276.0,1055.0,25.0,13.0,9.0,18.0,7.0,352.0,58.0,15:00:00,/en/matches/4c62ed91/Toulouse-Monaco-November-6-2022-Ligue-1
FRA-Ligue 1,2223,Monaco,2022-11-13 Monaco-Marseille,2022-11-13,Matchweek 15,Sun,Home,L,2,3,Marseille,42,507.0,51.0,142.0,227.0,142.0,27.0,506.0,9.0,4.0,44.4,4.0,44.4,361.0,2025.0,1065.0,26.0,16.0,9.0,10.0,4.0,325.0,37.0,20:45:00,/en/matches/d1097736/Monaco-Marseille-November-13-2022-Ligue-1
FRA-Ligue 1,2223,Monaco,2022-12-28 Auxerre-Monaco,2022-12-28,Matchweek 16,Wed,Away,W,3,2,Auxerre,62,711.0,48.0,168.0,381.0,166.0,15.0,710.0,15.0,6.0,40.0,8.0,53.3,514.0,2477.0,1195.0,11.0,12.0,3.0,15.0,13.0,484.0,53.0,17:00:00,/en/matches/d5b35d85/Auxerre-Monaco-December-28-2022-Ligue-1
FRA-Ligue 1,2223,Monaco,2023-01-01 Monaco-Brest,2023-01-01,Matchweek 17,Sun,Home,W,1,0,Brest,51,614.0,52.0,176.0,311.0,133.0,23.0,614.0,18.0,10.0,55.6,6.0,33.3,426.0,2548.0,1419.0,24.0,16.0,5.0,26.0,14.0,384.0,43.0,15:00:00,/en/matches/4cec22bb/Monaco-Brest-January-1-2023-Ligue-1
FRA-Ligue 1,2223,Monaco,2023-01-11 Lorient-Monaco,2023-01-11,Matchweek 18,Wed,Away,D,2,2,Lorient,58,671.0,37.0,132.0,338.0,206.0,27.0,671.0,17.0,3.0,17.6,8.0,47.1,496.0,3031.0,1631.0,26.0,19.0,0.0,20.0,13.0,446.0,68.0,21:00:00,/en/matches/a1b8e89a/Lorient-Monaco-January-11-2023-Ligue-1
FRA-Ligue 1,2223,Monaco,2023-01-15 Monaco-Ajaccio,2023-01-15,Matchweek 19,Sun,Home,W,7,1,Ajaccio,65,760.0,34.0,201.0,428.0,136.0,22.0,759.0,17.0,5.0,29.4,9.0,52.9,591.0,3320.0,1503.0,12.0,9.0,5.0,12.0,7.0,560.0,48.0,17:05:00,/en/matches/74dc1c48/Monaco-Ajaccio-January-15-2023-Ligue-1
FRA-Ligue 1,2223,Monaco,2023-01-28 Marseille-Monaco,2023-01-28,Matchweek 20,Sat,Away,D,1,1,Marseille,39,536.0,74.0,176.0,277.0,91.0,19.0,536.0,12.0,2.0,16.7,8.0,66.7,340.0,1907.0,842.0,17.0,16.0,7.0,14.0,15.0,279.0,36.0,21:00:00,/en/matches/15d42ad7/Marseille-Monaco-January-28-2023-Ligue-1
FRA-Ligue 1,2223,Monaco,2023-02-01 Monaco-Auxerre,2023-02-01,Matchweek 21,Wed,Home,W,3,2,Auxerre,44,576.0,50.0,151.0,278.0,152.0,22.0,576.0,15.0,3.0,20.0,11.0,73.3,398.0,2031.0,917.0,20.0,11.0,5.0,19.0,9.0,349.0,39.0,21:00:00,/en/matches/7bb26754/Monaco-Auxerre-February-1-2023-Ligue-1
FRA-Ligue 1,2223,Monaco,2023-02-05 Clermont Foot-Monaco,2023-02-05,Matchweek 22,Sun,Away,W,2,0,Clermont Foot,47,606.0,55.0,170.0,300.0,141.0,18.0,606.0,18.0,9.0,50.0,7.0,38.9,421.0,2214.0,1044.0,22.0,11.0,4.0,21.0,10.0,383.0,50.0,13:00:00,/en/matches/46fb274a/Clermont-Foot-Monaco-February-5-2023-Ligue-1
FRA-Ligue 1,2223,Monaco,2023-02-11 Monaco-Paris S-G,2023-02-11,Matchweek 23,Sat,Home,W,3,1,Paris S-G,42,643.0,47.0,163.0,311.0,178.0,33.0,643.0,29.0,20.0,69.0,6.0,20.7,490.0,2800.0,1149.0,25.0,16.0,8.0,11.0,13.0,449.0,36.0,17:00:00,/en/matches/72eb59cf/Monaco-Paris-Saint-Germain-February-11-2023-Ligue-1
FRA-Ligue 1,2223,Monaco,2023-02-19 Brest-Monaco,2023-02-19,Matchweek 24,Sun,Away,W,2,1,Brest,52,619.0,54.0,173.0,293.0,164.0,24.0,619.0,17.0,9.0,52.9,7.0,41.2,442.0,2801.0,1603.0,21.0,18.0,4.0,6.0,11.0,396.0,56.0,15:00:00,/en/matches/dc325f14/Brest-Monaco-February-19-2023-Ligue-1
FRA-Ligue 1,2223,Monaco,2023-02-26 Monaco-Nice,2023-02-26,Matchweek 25,Sun,Home,L,0,3,Nice,56,741.0,39.0,115.0,386.0,258.0,37.0,741.0,26.0,10.0,38.5,13.0,50.0,589.0,3304.0,1650.0,39.0,36.0,5.0,18.0,16.0,536.0,77.0,17:05:00,/en/matches/e8389ab5/Monaco-Nice-February-26-2023-Ligue-1
FRA-Ligue 1,2223,Monaco,2023-03-05 Troyes-Monaco,2023-03-05,Matchweek 26,Sun,Away,D,2,2,Troyes,61,708.0,47.0,128.0,337.0,250.0,34.0,708.0,20.0,13.0,65.0,7.0,35.0,526.0,2977.0,1488.0,20.0,20.0,4.0,10.0,11.0,481.0,84.0,13:00:00,/en/matches/ae83643a/Troyes-Monaco-March-5-2023-Ligue-1
FRA-Ligue 1,2223,Monaco,2023-03-12 Monaco-Reims,2023-03-12,Matchweek 27,Sun,Home,L,0,1,Reims,49,614.0,72.0,163.0,293.0,165.0,23.0,614.0,19.0,13.0,68.4,4.0,21.1,453.0,2531.0,1284.0,18.0,17.0,7.0,15.0,5.0,396.0,62.0,17:05:00,/en/matches/65c9aaa1/Monaco-Reims-March-12-2023-Ligue-1
FRA-Ligue 1,2223,Monaco,2023-03-19 Ajaccio-Monaco,2023-03-19,Matchweek 28,Sun,Away,W,2,0,Ajaccio,58,599.0,51.0,188.0,286.0,132.0,23.0,599.0,19.0,8.0,42.1,8.0,42.1,435.0,2496.0,1187.0,23.0,14.0,3.0,15.0,11.0,382.0,49.0,13:00:00,/en/matches/9a21157d/Ajaccio-Monaco-March-19-2023-Ligue-1
FRA-Ligue 1,2223,Monaco,2023-04-02 Monaco-Strasbourg,2023-04-02,Matchweek 29,Sun,Home,W,4,3,Strasbourg,50,592.0,70.0,203.0,280.0,112.0,17.0,592.0,16.0,8.0,50.0,8.0,50.0,403.0,2168.0,948.0,13.0,12.0,4.0,11.0,9.0,361.0,41.0,17:05:00,/en/matches/87a8aadf/Monaco-Strasbourg-April-2-2023-Ligue-1
FRA-Ligue 1,2223,Monaco,2023-04-09 Nantes-Monaco,2023-04-09,Matchweek 30,Sun,Away,D,2,2,Nantes,51,580.0,57.0,193.0,243.0,147.0,24.0,580.0,16.0,9.0,56.3,3.0,18.8,382.0,2380.0,1164.0,20.0,14.0,4.0,15.0,6.0,335.0,39.0,17:05:00,/en/matches/ac1324cc/Nantes-Monaco-April-9-2023-Ligue-1
FRA-Ligue 1,2223,Monaco,2023-04-16 Monaco-Lorient,2023-04-16,Matchweek 31,Sun,Home,W,3,1,Lorient,47,634.0,46.0,134.0,284.0,221.0,37.0,634.0,19.0,11.0,57.9,6.0,31.6,452.0,2198.0,996.0,21.0,19.0,6.0,14.0,9.0,405.0,60.0,17:05:00,/en/matches/fbddfac1/Monaco-Lorient-April-16-2023-Ligue-1
FRA-Ligue 1,2223,Monaco,2023-04-22 Lens-Monaco,2023-04-22,Matchweek 32,Sat,Away,L,0,3,Lens,38,471.0,56.0,167.0,208.0,102.0,23.0,471.0,10.0,5.0,50.0,5.0,50.0,334.0,2010.0,947.0,18.0,12.0,5.0,10.0,9.0,283.0,38.0,21:00:00,/en/matches/0095e758/Lens-Monaco-April-22-2023-Ligue-1
FRA-Ligue 1,2223,Monaco,2023-04-30 Monaco-Montpellier,2023-04-30,Matchweek 33,Sun,Home,L,0,4,Montpellier,55,578.0,54.0,155.0,273.0,156.0,17.0,578.0,15.0,8.0,53.3,6.0,40.0,413.0,2625.0,1351.0,13.0,27.0,3.0,8.0,8.0,381.0,59.0,13:00:00,/en/matches/ae23a815/Monaco-Montpellier-April-30-2023-Ligue-1
FRA-Ligue 1,2223,Monaco,2023-05-07 Angers-Monaco,2023-05-07,Matchweek 34,Sun,Away,W,2,1,Angers,40,501.0,42.0,127.0,238.0,146.0,22.0,501.0,21.0,11.0,52.4,8.0,38.1,348.0,2292.0,1001.0,16.0,17.0,4.0,12.0,11.0,304.0,43.0,13:00:00,/en/matches/353a0635/Angers-Monaco-May-7-2023-Ligue-1
FRA-Ligue 1,2223,Monaco,2023-05-14 Monaco-Lille,2023-05-14,Matchweek 35,Sun,Home,D,0,0,Lille,42,505.0,61.0,170.0,216.0,124.0,23.0,505.0,14.0,9.0,64.3,5.0,35.7,329.0,1716.0,788.0,14.0,6.0,6.0,17.0,7.0,277.0,35.0,17:05:00,/en/matches/1609eed7/Monaco-Lille-May-14-2023-Ligue-1
FRA-Ligue 1,2223,Monaco,2023-05-19 Lyon-Monaco,2023-05-19,Matchweek 36,Fri,Away,L,1,3,Lyon,38,517.0,55.0,133.0,227.0,165.0,23.0,516.0,16.0,10.0,62.5,5.0,31.3,356.0,2032.0,985.0,17.0,20.0,3.0,20.0,12.0,303.0,38.0,21:00:00,/en/matches/364d3262/Lyon-Monaco-May-19-2023-Ligue-1
FRA-Ligue 1,2223,Monaco,2023-05-27 Rennes-Monaco,2023-05-27,Matchweek 37,Sat,Away,L,0,2,Rennes,43,491.0,48.0,141.0,205.0,147.0,23.0,491.0,8.0,2.0,25.0,5.0,62.5,329.0,1757.0,1002.0,17.0,18.0,4.0,12.0,5.0,300.0,39.0,21:00:00,/en/matches/25f4ccfb/Rennes-Monaco-May-27-2023-Ligue-1
FRA-Ligue 1,2223,Monaco,2023-06-03 Monaco-Toulouse,2023-06-03,Matchweek 38,Sat,Home,L,1,2,Toulouse,57,743.0,69.0,153.0,373.0,223.0,31.0,743.0,21.0,8.0,38.1,11.0,52.4,571.0,2838.0,1599.0,25.0,12.0,5.0,14.0,7.0,514.0,76.0,21:00:00,/en/matches/206cb494/Monaco-Toulouse-June-3-2023-Ligue-1
FRA-Ligue 1,2223,Montpellier,2022-08-07 Montpellier-Troyes,2022-08-07,Matchweek 1,Sun,Home,W,3,2,Troyes,54,530.0,46.0,136.0,289.0,111.0,22.0,530.0,13.0,5.0,38.5,7.0,53.8,406.0,2461.0,1393.0,13.0,13.0,4.0,14.0,10.0,365.0,45.0,15:00:00,/en/matches/e3e9b9b5/Montpellier-Troyes-August-7-2022-Ligue-1
FRA-Ligue 1,2223,Montpellier,2022-08-13 Paris S-G-Montpellier,2022-08-13,Matchweek 2,Sat,Away,L,2,5,Paris S-G,41,557.0,109.0,269.0,234.0,60.0,6.0,557.0,21.0,11.0,52.4,8.0,38.1,428.0,2356.0,995.0,6.0,13.0,1.0,16.0,10.0,385.0,28.0,21:00:00,/en/matches/63a572a1/Paris-Saint-Germain-Montpellier-August-13-2022-Ligue-1
FRA-Ligue 1,2223,Montpellier,2022-08-21 Montpellier-Auxerre,2022-08-21,Matchweek 3,Sun,Home,L,1,2,Auxerre,64,699.0,38.0,145.0,402.0,155.0,25.0,699.0,22.0,13.0,59.1,8.0,36.4,555.0,3027.0,1469.0,13.0,14.0,6.0,10.0,9.0,521.0,53.0,15:00:00,/en/matches/05d493df/Montpellier-Auxerre-August-21-2022-Ligue-1
FRA-Ligue 1,2223,Montpellier,2022-08-28 Brest-Montpellier,2022-08-28,Matchweek 4,Sun,Away,W,7,0,Brest,48,505.0,47.0,183.0,249.0,78.0,22.0,505.0,14.0,7.0,50.0,5.0,35.7,335.0,1967.0,984.0,13.0,8.0,3.0,17.0,5.0,308.0,23.0,15:00:00,/en/matches/1c7d2241/Brest-Montpellier-August-28-2022-Ligue-1
FRA-Ligue 1,2223,Montpellier,2022-08-31 Montpellier-Ajaccio,2022-08-31,Matchweek 5,Wed,Home,W,2,0,Ajaccio,38,454.0,72.0,178.0,212.0,74.0,13.0,454.0,12.0,3.0,25.0,7.0,58.3,271.0,1595.0,785.0,10.0,7.0,2.0,11.0,7.0,237.0,21.0,19:00:00,/en/matches/f80ee3a3/Montpellier-Ajaccio-August-31-2022-Ligue-1
FRA-Ligue 1,2223,Montpellier,2022-09-04 Montpellier-Lille,2022-09-04,Matchweek 6,Sun,Home,L,1,3,Lille,25,361.0,84.0,183.0,114.0,69.0,6.0,361.0,11.0,2.0,18.2,7.0,63.6,189.0,1126.0,462.0,8.0,6.0,2.0,13.0,10.0,151.0,14.0,13:00:00,/en/matches/d61a03a9/Montpellier-Lille-September-4-2022-Ligue-1
FRA-Ligue 1,2223,Montpellier,2022-09-11 Angers-Montpellier,2022-09-11,Matchweek 7,Sun,Away,L,1,2,Angers,55,600.0,49.0,188.0,301.0,117.0,13.0,600.0,18.0,5.0,27.8,10.0,55.6,440.0,2483.0,1182.0,15.0,13.0,1.0,12.0,18.0,406.0,40.0,15:00:00,/en/matches/37884357/Angers-Montpellier-September-11-2022-Ligue-1
FRA-Ligue 1,2223,Montpellier,2022-09-17 Montpellier-Strasbourg,2022-09-17,Matchweek 8,Sat,Home,W,2,1,Strasbourg,50,523.0,51.0,153.0,249.0,127.0,18.0,522.0,14.0,3.0,21.4,6.0,42.9,331.0,1659.0,646.0,11.0,5.0,5.0,19.0,10.0,294.0,39.0,17:00:00,/en/matches/ea79c10f/Montpellier-Strasbourg-September-17-2022-Ligue-1
FRA-Ligue 1,2223,Montpellier,2022-10-02 Toulouse-Montpellier,2022-10-02,Matchweek 9,Sun,Away,L,2,4,Toulouse,57,617.0,34.0,127.0,311.0,184.0,32.0,617.0,16.0,8.0,50.0,3.0,18.8,296.0,1707.0,881.0,19.0,11.0,2.0,19.0,11.0,391.0,53.0,15:00:00,/en/matches/b53830d8/Toulouse-Montpellier-October-2-2022-Ligue-1
FRA-Ligue 1,2223,Montpellier,2022-10-09 Montpellier-Monaco,2022-10-09,Matchweek 10,Sun,Home,L,0,2,Monaco,50,582.0,73.0,205.0,256.0,133.0,23.0,582.0,18.0,9.0,50.0,5.0,27.8,409.0,2705.0,1184.0,14.0,15.0,3.0,19.0,7.0,350.0,46.0,13:00:00,/en/matches/1edc7eb2/Montpellier-Monaco-October-9-2022-Ligue-1
FRA-Ligue 1,2223,Montpellier,2022-10-15 Lens-Montpellier,2022-10-15,Matchweek 11,Sat,Away,L,0,1,Lens,35,483.0,92.0,215.0,203.0,68.0,9.0,483.0,13.0,7.0,53.8,4.0,30.8,292.0,1456.0,601.0,7.0,5.0,1.0,21.0,5.0,246.0,16.0,21:00:00,/en/matches/7e2d7c1e/Lens-Montpellier-October-15-2022-Ligue-1
FRA-Ligue 1,2223,Montpellier,2022-10-22 Montpellier-Lyon,2022-10-22,Matchweek 12,Sat,Home,L,1,2,Lyon,38,474.0,80.0,179.0,209.0,91.0,13.0,474.0,16.0,6.0,37.5,9.0,56.3,299.0,2029.0,870.0,15.0,9.0,3.0,22.0,8.0,261.0,26.0,17:00:00,/en/matches/cc602d55/Montpellier-Lyon-October-22-2022-Ligue-1
FRA-Ligue 1,2223,Montpellier,2022-10-30 Rennes-Montpellier,2022-10-30,Matchweek 13,Sun,Away,L,0,3,Rennes,45,561.0,64.0,203.0,262.0,100.0,10.0,561.0,14.0,5.0,35.7,4.0,28.6,393.0,2058.0,827.0,11.0,7.0,0.0,18.0,6.0,349.0,35.0,15:00:00,/en/matches/5a0894db/Rennes-Montpellier-October-30-2022-Ligue-1
FRA-Ligue 1,2223,Montpellier,2022-11-06 Clermont Foot-Montpellier,2022-11-06,Matchweek 14,Sun,Away,D,1,1,Clermont Foot,46,513.0,58.0,160.0,237.0,125.0,15.0,512.0,24.0,10.0,41.7,12.0,50.0,340.0,1903.0,795.0,13.0,7.0,5.0,15.0,16.0,279.0,32.0,15:00:00,/en/matches/ce3a7987/Clermont-Foot-Montpellier-November-6-2022-Ligue-1
FRA-Ligue 1,2223,Montpellier,2022-11-13 Montpellier-Reims,2022-11-13,Matchweek 15,Sun,Home,D,1,1,Reims,49,547.0,51.0,130.0,255.0,170.0,23.0,547.0,19.0,9.0,47.4,9.0,47.4,337.0,1634.0,627.0,8.0,15.0,2.0,20.0,11.0,279.0,37.0,15:00:00,/en/matches/7927c5f9/Montpellier-Reims-November-13-2022-Ligue-1
FRA-Ligue 1,2223,Montpellier,2022-12-29 Lorient-Montpellier,2022-12-29,Matchweek 16,Thu,Away,W,2,0,Lorient,52,631.0,54.0,215.0,318.0,106.0,16.0,631.0,26.0,13.0,50.0,4.0,15.4,483.0,2851.0,1257.0,23.0,23.0,2.0,13.0,15.0,413.0,34.0,17:00:00,/en/matches/3f005cc1/Lorient-Montpellier-December-29-2022-Ligue-1
FRA-Ligue 1,2223,Montpellier,2023-01-02 Montpellier-Marseille,2023-01-02,Matchweek 17,Mon,Home,L,1,2,Marseille,41,466.0,67.0,153.0,213.0,113.0,12.0,465.0,17.0,7.0,41.2,9.0,52.9,313.0,1922.0,942.0,14.0,19.0,2.0,12.0,9.0,267.0,29.0,19:00:00,/en/matches/1083eac4/Montpellier-Marseille-January-2-2023-Ligue-1
FRA-Ligue 1,2223,Montpellier,2023-01-11 Nice-Montpellier,2023-01-11,Matchweek 18,Wed,Away,L,1,6,Nice,42,505.0,58.0,194.0,229.0,87.0,12.0,505.0,25.0,5.0,20.0,17.0,68.0,338.0,1844.0,703.0,6.0,14.0,2.0,17.0,15.0,297.0,24.0,21:00:00,/en/matches/45abc300/Nice-Montpellier-January-11-2023-Ligue-1
FRA-Ligue 1,2223,Montpellier,2023-01-15 Montpellier-Nantes,2023-01-15,Matchweek 19,Sun,Home,L,0,3,Nantes,47,536.0,56.0,180.0,237.0,123.0,22.0,536.0,16.0,5.0,31.3,8.0,50.0,346.0,2277.0,1089.0,17.0,16.0,3.0,23.0,7.0,312.0,35.0,15:00:00,/en/matches/5bf93a40/Montpellier-Nantes-January-15-2023-Ligue-1
FRA-Ligue 1,2223,Montpellier,2023-01-29 Auxerre-Montpellier,2023-01-29,Matchweek 20,Sun,Away,W,2,0,Auxerre,42,518.0,65.0,193.0,229.0,102.0,9.0,518.0,18.0,3.0,16.7,11.0,61.1,308.0,1592.0,683.0,14.0,9.0,3.0,23.0,13.0,262.0,24.0,15:00:00,/en/matches/73d5a2c8/Auxerre-Montpellier-January-29-2023-Ligue-1
FRA-Ligue 1,2223,Montpellier,2023-02-01 Montpellier-Paris S-G,2023-02-01,Matchweek 21,Wed,Home,L,1,3,Paris S-G,34,479.0,76.0,207.0,209.0,75.0,12.0,479.0,18.0,8.0,44.4,6.0,33.3,333.0,1777.0,928.0,9.0,8.0,4.0,4.0,9.0,277.0,24.0,21:00:00,/en/matches/8fea202b/Montpellier-Paris-Saint-Germain-February-1-2023-Ligue-1
FRA-Ligue 1,2223,Montpellier,2023-02-05 Strasbourg-Montpellier,2023-02-05,Matchweek 22,Sun,Away,L,0,2,Strasbourg,67,723.0,32.0,146.0,397.0,185.0,21.0,723.0,21.0,8.0,38.1,12.0,57.1,542.0,3070.0,1529.0,21.0,22.0,4.0,17.0,9.0,502.0,44.0,15:00:00,/en/matches/1b074cd2/Strasbourg-Montpellier-February-5-2023-Ligue-1
FRA-Ligue 1,2223,Montpellier,2023-02-12 Montpellier-Brest,2023-02-12,Matchweek 23,Sun,Home,W,3,0,Brest,44,511.0,40.0,171.0,248.0,100.0,19.0,510.0,37.0,19.0,51.4,11.0,29.7,330.0,2097.0,1121.0,20.0,13.0,9.0,12.0,5.0,284.0,24.0,15:00:00,/en/matches/90388019/Montpellier-Brest-February-12-2023-Ligue-1
FRA-Ligue 1,2223,Montpellier,2023-02-19 Troyes-Montpellier,2023-02-19,Matchweek 24,Sun,Away,W,1,0,Troyes,49,581.0,52.0,150.0,259.0,180.0,28.0,581.0,22.0,10.0,45.5,10.0,45.5,403.0,2511.0,1281.0,24.0,26.0,8.0,10.0,8.0,364.0,42.0,15:00:00,/en/matches/27b0ea20/Troyes-Montpellier-February-19-2023-Ligue-1
FRA-Ligue 1,2223,Montpellier,2023-02-25 Montpellier-Lens,2023-02-25,Matchweek 25,Sat,Home,D,1,1,Lens,39,473.0,63.0,153.0,220.0,105.0,14.0,473.0,18.0,8.0,44.4,5.0,27.8,330.0,1763.0,799.0,14.0,13.0,3.0,15.0,8.0,285.0,30.0,21:00:00,/en/matches/c423b431/Montpellier-Lens-February-25-2023-Ligue-1
FRA-Ligue 1,2223,Montpellier,2023-03-05 Montpellier-Angers,2023-03-05,Matchweek 26,Sun,Home,W,5,0,Angers,60,675.0,46.0,177.0,354.0,150.0,31.0,674.0,22.0,3.0,13.6,12.0,54.5,512.0,2844.0,1298.0,14.0,13.0,6.0,13.0,4.0,475.0,42.0,15:00:00,/en/matches/05267653/Montpellier-Angers-March-5-2023-Ligue-1
FRA-Ligue 1,2223,Montpellier,2023-03-12 Ajaccio-Montpellier,2023-03-12,Matchweek 27,Sun,Away,W,1,0,Ajaccio,52,634.0,51.0,215.0,328.0,101.0,11.0,634.0,15.0,10.0,66.7,4.0,26.7,419.0,2634.0,1207.0,24.0,23.0,6.0,20.0,19.0,368.0,29.0,15:00:00,/en/matches/4d877fad/Ajaccio-Montpellier-March-12-2023-Ligue-1
FRA-Ligue 1,2223,Montpellier,2023-03-19 Montpellier-Clermont Foot,2023-03-19,Matchweek 28,Sun,Home,W,2,1,Clermont Foot,56,630.0,70.0,189.0,260.0,193.0,29.0,630.0,35.0,18.0,51.4,12.0,34.3,437.0,2555.0,1231.0,24.0,20.0,5.0,16.0,11.0,380.0,48.0,15:00:00,/en/matches/fa420272/Montpellier-Clermont-Foot-March-19-2023-Ligue-1
FRA-Ligue 1,2223,Montpellier,2023-03-31 Marseille-Montpellier,2023-03-31,Matchweek 29,Fri,Away,D,1,1,Marseille,32,450.0,69.0,179.0,203.0,74.0,11.0,450.0,19.0,9.0,47.4,7.0,36.8,262.0,1549.0,694.0,14.0,10.0,5.0,23.0,12.0,208.0,20.0,21:00:00,/en/matches/0dd080e8/Marseille-Montpellier-March-31-2023-Ligue-1
FRA-Ligue 1,2223,Montpellier,2023-04-09 Montpellier-Toulouse,2023-04-09,Matchweek 30,Sun,Home,L,1,2,Toulouse,51,568.0,47.0,142.0,283.0,149.0,27.0,568.0,34.0,15.0,44.1,15.0,44.1,396.0,2131.0,903.0,14.0,12.0,5.0,17.0,6.0,360.0,53.0,15:00:00,/en/matches/444918ba/Montpellier-Toulouse-April-9-2023-Ligue-1
FRA-Ligue 1,2223,Montpellier,2023-04-16 Lille-Montpellier,2023-04-16,Matchweek 31,Sun,Away,L,1,2,Lille,32,412.0,75.0,188.0,163.0,70.0,7.0,412.0,15.0,5.0,33.3,8.0,53.3,242.0,1474.0,694.0,9.0,7.0,2.0,14.0,6.0,204.0,19.0,13:00:00,/en/matches/bb2cf3ad/Lille-Montpellier-April-16-2023-Ligue-1
FRA-Ligue 1,2223,Montpellier,2023-04-23 Montpellier-Rennes,2023-04-23,Matchweek 32,Sun,Home,W,1,0,Rennes,31,401.0,75.0,167.0,150.0,89.0,19.0,401.0,19.0,8.0,42.1,8.0,42.1,245.0,1395.0,572.0,10.0,10.0,4.0,14.0,1.0,206.0,25.0,17:05:00,/en/matches/f605cc42/Montpellier-Rennes-April-23-2023-Ligue-1
FRA-Ligue 1,2223,Montpellier,2023-04-30 Monaco-Montpellier,2023-04-30,Matchweek 33,Sun,Away,W,4,0,Monaco,45,509.0,49.0,201.0,224.0,97.0,21.0,509.0,26.0,15.0,57.7,9.0,34.6,352.0,2224.0,999.0,13.0,12.0,6.0,7.0,6.0,305.0,29.0,13:00:00,/en/matches/ae23a815/Monaco-Montpellier-April-30-2023-Ligue-1
FRA-Ligue 1,2223,Montpellier,2023-05-07 Lyon-Montpellier,2023-05-07,Matchweek 34,Sun,Away,L,4,5,Lyon,31,415.0,77.0,171.0,167.0,85.0,19.0,414.0,31.0,18.0,58.1,10.0,32.3,260.0,1784.0,958.0,23.0,14.0,6.0,14.0,9.0,213.0,24.0,17:05:00,/en/matches/f3f1adae/Lyon-Montpellier-May-7-2023-Ligue-1
FRA-Ligue 1,2223,Montpellier,2023-05-14 Montpellier-Lorient,2023-05-14,Matchweek 35,Sun,Home,D,1,1,Lorient,43,528.0,51.0,159.0,208.0,169.0,25.0,528.0,18.0,10.0,55.6,6.0,33.3,378.0,2049.0,1084.0,17.0,18.0,5.0,10.0,10.0,331.0,36.0,15:00:00,/en/matches/1df43c24/Montpellier-Lorient-May-14-2023-Ligue-1
FRA-Ligue 1,2223,Montpellier,2023-05-20 Nantes-Montpellier,2023-05-20,Matchweek 36,Sat,Away,W,3,0,Nantes,56,646.0,87.0,244.0,321.0,86.0,12.0,646.0,30.0,13.0,43.3,14.0,46.7,494.0,2902.0,1438.0,15.0,10.0,3.0,15.0,9.0,451.0,38.0,17:00:00,/en/matches/1ed26dbe/Nantes-Montpellier-May-20-2023-Ligue-1
FRA-Ligue 1,2223,Montpellier,2023-05-27 Montpellier-Nice,2023-05-27,Matchweek 37,Sat,Home,L,2,3,Nice,47,571.0,85.0,216.0,242.0,120.0,18.0,570.0,33.0,14.0,42.4,13.0,39.4,408.0,2507.0,1171.0,24.0,19.0,8.0,17.0,22.0,355.0,23.0,21:00:00,/en/matches/7d2f2a67/Montpellier-Nice-May-27-2023-Ligue-1
FRA-Ligue 1,2223,Montpellier,2023-06-03 Reims-Montpellier,2023-06-03,Matchweek 38,Sat,Away,W,3,1,Reims,51,601.0,58.0,183.0,268.0,157.0,25.0,601.0,20.0,11.0,55.0,6.0,30.0,434.0,2268.0,1027.0,17.0,15.0,9.0,22.0,6.0,380.0,39.0,21:00:00,/en/matches/3dc2cde4/Reims-Montpellier-June-3-2023-Ligue-1
FRA-Ligue 1,2223,Nantes,2022-08-07 Angers-Nantes,2022-08-07,Matchweek 1,Sun,Away,D,0,0,Angers,51,532.0,61.0,166.0,255.0,120.0,26.0,532.0,13.0,4.0,30.8,9.0,69.2,349.0,2126.0,1088.0,17.0,10.0,5.0,15.0,14.0,310.0,45.0,15:00:00,/en/matches/136d5cbe/Angers-Nantes-August-7-2022-Ligue-1
FRA-Ligue 1,2223,Nantes,2022-08-12 Nantes-Lille,2022-08-12,Matchweek 2,Fri,Home,D,1,1,Lille,31,455.0,71.0,196.0,182.0,85.0,16.0,455.0,16.0,7.0,43.8,6.0,37.5,239.0,1458.0,681.0,11.0,8.0,6.0,16.0,12.0,193.0,16.0,21:00:00,/en/matches/00173ae0/Nantes-Lille-August-12-2022-Ligue-1
FRA-Ligue 1,2223,Nantes,2022-08-20 Marseille-Nantes,2022-08-20,Matchweek 3,Sat,Away,L,1,2,Marseille,44,533.0,77.0,169.0,233.0,139.0,16.0,532.0,26.0,12.0,46.2,13.0,50.0,355.0,1910.0,926.0,21.0,20.0,4.0,13.0,7.0,307.0,42.0,21:00:00,/en/matches/44e18f81/Marseille-Nantes-August-20-2022-Ligue-1
FRA-Ligue 1,2223,Nantes,2022-08-28 Nantes-Toulouse,2022-08-28,Matchweek 4,Sun,Home,W,3,1,Toulouse,50,557.0,62.0,144.0,276.0,146.0,27.0,557.0,24.0,14.0,58.3,9.0,37.5,395.0,2189.0,947.0,16.0,9.0,2.0,13.0,7.0,359.0,38.0,13:00:00,/en/matches/211a8d64/Nantes-Toulouse-August-28-2022-Ligue-1
FRA-Ligue 1,2223,Nantes,2022-08-31 Strasbourg-Nantes,2022-08-31,Matchweek 5,Wed,Away,D,1,1,Strasbourg,54,693.0,55.0,191.0,376.0,134.0,18.0,693.0,18.0,7.0,38.9,8.0,44.4,504.0,2885.0,1421.0,23.0,18.0,1.0,15.0,11.0,457.0,47.0,19:00:00,/en/matches/6a2fc46c/Strasbourg-Nantes-August-31-2022-Ligue-1
FRA-Ligue 1,2223,Nantes,2022-09-03 Nantes-Paris S-G,2022-09-03,Matchweek 6,Sat,Home,L,0,3,Paris S-G,40,589.0,77.0,210.0,290.0,94.0,13.0,589.0,22.0,11.0,50.0,9.0,40.9,466.0,2705.0,1236.0,19.0,9.0,3.0,7.0,3.0,406.0,26.0,21:00:00,/en/matches/368a55f1/Nantes-Paris-Saint-Germain-September-3-2022-Ligue-1
FRA-Ligue 1,2223,Nantes,2022-09-11 Lorient-Nantes,2022-09-11,Matchweek 7,Sun,Away,L,2,3,Lorient,52,620.0,49.0,142.0,331.0,152.0,22.0,620.0,26.0,13.0,50.0,11.0,42.3,453.0,2364.0,1201.0,18.0,6.0,3.0,9.0,13.0,420.0,48.0,15:00:00,/en/matches/782c4dff/Lorient-Nantes-September-11-2022-Ligue-1
FRA-Ligue 1,2223,Nantes,2022-09-18 Nantes-Lens,2022-09-18,Matchweek 8,Sun,Home,D,0,0,Lens,42,573.0,81.0,193.0,268.0,119.0,14.0,573.0,23.0,8.0,34.8,13.0,56.5,414.0,2313.0,1073.0,17.0,11.0,0.0,12.0,8.0,374.0,47.0,17:05:00,/en/matches/7f6d507f/Nantes-Lens-September-18-2022-Ligue-1
FRA-Ligue 1,2223,Nantes,2022-10-02 Monaco-Nantes,2022-10-02,Matchweek 9,Sun,Away,L,1,4,Monaco,51,647.0,60.0,198.0,353.0,100.0,15.0,647.0,19.0,7.0,36.8,10.0,52.6,510.0,3236.0,1391.0,25.0,12.0,7.0,17.0,10.0,465.0,51.0,17:05:00,/en/matches/3f3b16cf/Monaco-Nantes-October-2-2022-Ligue-1
FRA-Ligue 1,2223,Nantes,2022-10-09 Rennes-Nantes,2022-10-09,Matchweek 10,Sun,Away,L,0,3,Rennes,43,483.0,51.0,156.0,231.0,100.0,14.0,483.0,13.0,3.0,23.1,7.0,53.8,280.0,1476.0,586.0,11.0,11.0,3.0,17.0,10.0,259.0,25.0,17:05:00,/en/matches/c2be4bef/Rennes-Nantes-October-9-2022-Ligue-1
FRA-Ligue 1,2223,Nantes,2022-10-16 Nantes-Brest,2022-10-16,Matchweek 11,Sun,Home,W,4,1,Brest,54,578.0,57.0,144.0,309.0,135.0,24.0,576.0,24.0,10.0,41.7,11.0,45.8,416.0,2701.0,1198.0,19.0,8.0,4.0,14.0,7.0,375.0,48.0,15:00:00,/en/matches/d8787f23/Nantes-Brest-October-16-2022-Ligue-1
FRA-Ligue 1,2223,Nantes,2022-10-23 Nice-Nantes,2022-10-23,Matchweek 12,Sun,Away,D,1,1,Nice,34,480.0,60.0,181.0,190.0,114.0,15.0,480.0,16.0,4.0,25.0,9.0,56.3,300.0,1792.0,673.0,11.0,7.0,5.0,16.0,11.0,254.0,35.0,17:05:00,/en/matches/034ab90e/Nice-Nantes-October-23-2022-Ligue-1
FRA-Ligue 1,2223,Nantes,2022-10-30 Nantes-Clermont Foot,2022-10-30,Matchweek 13,Sun,Home,D,1,1,Clermont Foot,55,682.0,49.0,141.0,353.0,197.0,24.0,682.0,20.0,9.0,45.0,7.0,35.0,504.0,2809.0,1435.0,16.0,15.0,2.0,16.0,10.0,457.0,60.0,15:00:00,/en/matches/d73b5aa4/Nantes-Clermont-Foot-October-30-2022-Ligue-1
FRA-Ligue 1,2223,Nantes,2022-11-06 Reims-Nantes,2022-11-06,Matchweek 14,Sun,Away,L,0,1,Reims,43,545.0,92.0,216.0,236.0,99.0,16.0,545.0,18.0,6.0,33.3,11.0,61.1,335.0,1892.0,880.0,9.0,5.0,3.0,13.0,13.0,288.0,32.0,15:00:00,/en/matches/b3aecb40/Reims-Nantes-November-6-2022-Ligue-1
FRA-Ligue 1,2223,Nantes,2022-11-13 Nantes-Ajaccio,2022-11-13,Matchweek 15,Sun,Home,D,2,2,Ajaccio,53,535.0,48.0,160.0,270.0,117.0,24.0,535.0,12.0,5.0,41.7,5.0,41.7,342.0,2246.0,1069.0,16.0,7.0,4.0,18.0,8.0,322.0,34.0,15:00:00,/en/matches/e2a7c160/Nantes-Ajaccio-November-13-2022-Ligue-1
FRA-Ligue 1,2223,Nantes,2022-12-28 Troyes-Nantes,2022-12-28,Matchweek 16,Wed,Away,D,0,0,Troyes,44,627.0,53.0,199.0,272.0,164.0,20.0,627.0,7.0,2.0,28.6,3.0,42.9,448.0,2801.0,1263.0,24.0,20.0,4.0,17.0,12.0,401.0,56.0,15:00:00,/en/matches/8501cd5a/Troyes-Nantes-December-28-2022-Ligue-1
FRA-Ligue 1,2223,Nantes,2023-01-01 Nantes-Auxerre,2023-01-01,Matchweek 17,Sun,Home,W,1,0,Auxerre,50,577.0,59.0,153.0,320.0,108.0,22.0,577.0,24.0,14.0,58.3,7.0,29.2,380.0,1903.0,985.0,12.0,18.0,1.0,17.0,3.0,341.0,30.0,15:00:00,/en/matches/eb1f454d/Nantes-Auxerre-January-1-2023-Ligue-1
FRA-Ligue 1,2223,Nantes,2023-01-11 Nantes-Lyon,2023-01-11,Matchweek 18,Wed,Home,D,0,0,Lyon,40,518.0,64.0,175.0,232.0,121.0,15.0,518.0,22.0,9.0,40.9,9.0,40.9,339.0,2019.0,895.0,20.0,8.0,6.0,11.0,7.0,300.0,31.0,19:00:00,/en/matches/b34687b5/Nantes-Lyon-January-11-2023-Ligue-1
FRA-Ligue 1,2223,Nantes,2023-01-15 Montpellier-Nantes,2023-01-15,Matchweek 19,Sun,Away,W,3,0,Montpellier,53,582.0,65.0,178.0,275.0,138.0,22.0,582.0,14.0,5.0,35.7,6.0,42.9,388.0,1989.0,909.0,21.0,13.0,7.0,17.0,7.0,353.0,43.0,15:00:00,/en/matches/5bf93a40/Montpellier-Nantes-January-15-2023-Ligue-1
FRA-Ligue 1,2223,Nantes,2023-01-29 Clermont Foot-Nantes,2023-01-29,Matchweek 20,Sun,Away,D,0,0,Clermont Foot,41,541.0,69.0,164.0,277.0,101.0,9.0,541.0,19.0,8.0,42.1,9.0,47.4,361.0,2043.0,898.0,12.0,8.0,3.0,14.0,4.0,331.0,29.0,15:00:00,/en/matches/524e5116/Clermont-Foot-Nantes-January-29-2023-Ligue-1
FRA-Ligue 1,2223,Nantes,2023-02-01 Nantes-Marseille,2023-02-01,Matchweek 21,Wed,Home,L,0,2,Marseille,41,477.0,77.0,172.0,207.0,103.0,11.0,477.0,16.0,5.0,31.3,8.0,50.0,305.0,1951.0,877.0,14.0,13.0,1.0,18.0,5.0,269.0,34.0,19:00:00,/en/matches/4bca4e32/Nantes-Marseille-February-1-2023-Ligue-1
FRA-Ligue 1,2223,Nantes,2023-02-05 Ajaccio-Nantes,2023-02-05,Matchweek 22,Sun,Away,W,2,0,Ajaccio,57,647.0,61.0,216.0,348.0,91.0,12.0,646.0,24.0,16.0,66.7,8.0,33.3,417.0,2362.0,1144.0,17.0,10.0,2.0,16.0,12.0,384.0,44.0,15:00:00,/en/matches/1d0998d1/Ajaccio-Nantes-February-5-2023-Ligue-1
FRA-Ligue 1,2223,Nantes,2023-02-12 Nantes-Lorient,2023-02-12,Matchweek 23,Sun,Home,W,1,0,Lorient,49,641.0,50.0,171.0,315.0,162.0,18.0,641.0,23.0,15.0,65.2,5.0,21.7,467.0,3017.0,1246.0,24.0,9.0,4.0,20.0,16.0,420.0,57.0,17:05:00,/en/matches/f9f4ca12/Nantes-Lorient-February-12-2023-Ligue-1
FRA-Ligue 1,2223,Nantes,2023-02-19 Lens-Nantes,2023-02-19,Matchweek 24,Sun,Away,L,1,3,Lens,43,551.0,85.0,206.0,272.0,85.0,16.0,551.0,15.0,11.0,73.3,2.0,13.3,409.0,2278.0,1054.0,15.0,7.0,5.0,16.0,10.0,359.0,35.0,17:05:00,/en/matches/09d42df5/Lens-Nantes-February-19-2023-Ligue-1
FRA-Ligue 1,2223,Nantes,2023-02-26 Nantes-Rennes,2023-02-26,Matchweek 25,Sun,Home,L,0,1,Rennes,56,662.0,41.0,152.0,323.0,197.0,32.0,662.0,31.0,21.0,67.7,7.0,22.6,459.0,2986.0,1297.0,25.0,23.0,8.0,11.0,14.0,413.0,55.0,15:00:00,/en/matches/faf5f698/Nantes-Rennes-February-26-2023-Ligue-1
FRA-Ligue 1,2223,Nantes,2023-03-04 Paris S-G-Nantes,2023-03-04,Matchweek 26,Sat,Away,L,2,4,Paris S-G,33,518.0,66.0,205.0,227.0,91.0,14.0,518.0,32.0,17.0,53.1,14.0,43.8,379.0,2193.0,991.0,19.0,12.0,6.0,13.0,5.0,325.0,27.0,21:00:00,/en/matches/322f46e4/Paris-Saint-Germain-Nantes-March-4-2023-Ligue-1
FRA-Ligue 1,2223,Nantes,2023-03-12 Nantes-Nice,2023-03-12,Matchweek 27,Sun,Home,D,2,2,Nice,45,605.0,64.0,166.0,319.0,126.0,9.0,604.0,15.0,5.0,33.3,9.0,60.0,461.0,2874.0,1335.0,14.0,21.0,2.0,14.0,2.0,436.0,39.0,15:00:00,/en/matches/6f639a55/Nantes-Nice-March-12-2023-Ligue-1
FRA-Ligue 1,2223,Nantes,2023-03-17 Lyon-Nantes,2023-03-17,Matchweek 28,Fri,Away,D,1,1,Lyon,34,488.0,71.0,183.0,210.0,104.0,15.0,488.0,34.0,14.0,41.2,17.0,50.0,318.0,2150.0,1022.0,19.0,11.0,4.0,14.0,6.0,274.0,31.0,21:00:00,/en/matches/e42d16ce/Lyon-Nantes-March-17-2023-Ligue-1
FRA-Ligue 1,2223,Nantes,2023-04-02 Nantes-Reims,2023-04-02,Matchweek 29,Sun,Home,L,0,3,Reims,48,589.0,57.0,158.0,292.0,149.0,26.0,589.0,26.0,14.0,53.8,9.0,34.6,391.0,2165.0,925.0,24.0,14.0,6.0,18.0,11.0,345.0,47.0,15:00:00,/en/matches/766e9598/Nantes-Reims-April-2-2023-Ligue-1
FRA-Ligue 1,2223,Nantes,2023-04-09 Nantes-Monaco,2023-04-09,Matchweek 30,Sun,Home,D,2,2,Monaco,49,560.0,62.0,188.0,251.0,124.0,20.0,560.0,25.0,11.0,44.0,10.0,40.0,368.0,2278.0,1191.0,23.0,17.0,5.0,16.0,15.0,312.0,41.0,17:05:00,/en/matches/ac1324cc/Nantes-Monaco-April-9-2023-Ligue-1
FRA-Ligue 1,2223,Nantes,2023-04-16 Auxerre-Nantes,2023-04-16,Matchweek 31,Sun,Away,L,1,2,Auxerre,69,762.0,55.0,175.0,408.0,190.0,19.0,762.0,29.0,18.0,62.1,8.0,27.6,575.0,3269.0,1536.0,27.0,18.0,5.0,15.0,19.0,514.0,65.0,15:00:00,/en/matches/35b40c4d/Auxerre-Nantes-April-16-2023-Ligue-1
FRA-Ligue 1,2223,Nantes,2023-04-23 Nantes-Troyes,2023-04-23,Matchweek 32,Sun,Home,D,2,2,Troyes,53,658.0,37.0,132.0,303.0,228.0,35.0,658.0,27.0,12.0,44.4,11.0,40.7,465.0,2672.0,1294.0,24.0,25.0,6.0,12.0,6.0,413.0,76.0,15:00:00,/en/matches/1bc2b939/Nantes-Troyes-April-23-2023-Ligue-1
FRA-Ligue 1,2223,Nantes,2023-05-03 Brest-Nantes,2023-05-03,Matchweek 33,Wed,Away,L,0,2,Brest,47,628.0,49.0,159.0,321.0,154.0,21.0,628.0,21.0,9.0,42.9,12.0,57.1,439.0,2483.0,1222.0,22.0,15.0,3.0,23.0,13.0,380.0,53.0,21:00:00,/en/matches/1063973e/Brest-Nantes-May-3-2023-Ligue-1
FRA-Ligue 1,2223,Nantes,2023-05-07 Nantes-Strasbourg,2023-05-07,Matchweek 34,Sun,Home,L,0,2,Strasbourg,54,590.0,41.0,135.0,304.0,159.0,27.0,590.0,24.0,12.0,50.0,11.0,45.8,379.0,2239.0,1145.0,23.0,14.0,4.0,13.0,6.0,334.0,46.0,15:00:00,/en/matches/8411b267/Nantes-Strasbourg-May-7-2023-Ligue-1
FRA-Ligue 1,2223,Nantes,2023-05-14 Toulouse-Nantes,2023-05-14,Matchweek 35,Sun,Away,D,0,0,Toulouse,29,442.0,96.0,207.0,175.0,68.0,12.0,442.0,18.0,9.0,50.0,9.0,50.0,264.0,1608.0,828.0,17.0,11.0,4.0,9.0,7.0,218.0,20.0,15:00:00,/en/matches/52ee44a2/Toulouse-Nantes-May-14-2023-Ligue-1
FRA-Ligue 1,2223,Nantes,2023-05-20 Nantes-Montpellier,2023-05-20,Matchweek 36,Sat,Home,L,0,3,Montpellier,44,535.0,32.0,109.0,285.0,149.0,27.0,535.0,14.0,10.0,71.4,4.0,28.6,377.0,2443.0,1257.0,26.0,19.0,8.0,19.0,14.0,335.0,47.0,17:00:00,/en/matches/1ed26dbe/Nantes-Montpellier-May-20-2023-Ligue-1
FRA-Ligue 1,2223,Nantes,2023-05-27 Lille-Nantes,2023-05-27,Matchweek 37,Sat,Away,L,1,2,Lille,35,413.0,62.0,168.0,164.0,88.0,13.0,413.0,18.0,12.0,66.7,6.0,33.3,274.0,1432.0,695.0,12.0,10.0,2.0,7.0,4.0,228.0,24.0,21:00:00,/en/matches/1b4970df/Lille-Nantes-May-27-2023-Ligue-1
FRA-Ligue 1,2223,Nantes,2023-06-03 Nantes-Angers,2023-06-03,Matchweek 38,Sat,Home,W,1,0,Angers,34,384.0,44.0,126.0,164.0,98.0,27.0,384.0,20.0,9.0,45.0,11.0,55.0,246.0,1468.0,742.0,22.0,11.0,6.0,12.0,8.0,211.0,23.0,21:00:00,/en/matches/54a0b007/Nantes-Angers-June-3-2023-Ligue-1
FRA-Ligue 1,2223,Nice,2022-08-07 Toulouse-Nice,2022-08-07,Matchweek 1,Sun,Away,D,1,1,Toulouse,54,683.0,63.0,218.0,332.0,142.0,18.0,683.0,23.0,14.0,60.9,8.0,34.8,522.0,3252.0,1439.0,22.0,17.0,2.0,10.0,15.0,487.0,46.0,13:00:00,/en/matches/8f2f241b/Toulouse-Nice-August-7-2022-Ligue-1
FRA-Ligue 1,2223,Nice,2022-08-14 Nice-Strasbourg,2022-08-14,Matchweek 2,Sun,Home,D,1,1,Strasbourg,55,684.0,56.0,201.0,341.0,152.0,17.0,683.0,22.0,15.0,68.2,6.0,27.3,510.0,3260.0,1648.0,35.0,32.0,4.0,19.0,10.0,473.0,28.0,17:05:00,/en/matches/d1bb8afd/Nice-Strasbourg-August-14-2022-Ligue-1
FRA-Ligue 1,2223,Nice,2022-08-21 Clermont Foot-Nice,2022-08-21,Matchweek 3,Sun,Away,L,0,1,Clermont Foot,52,683.0,43.0,155.0,335.0,196.0,24.0,683.0,15.0,6.0,40.0,6.0,40.0,546.0,2884.0,1259.0,17.0,22.0,2.0,10.0,12.0,519.0,52.0,15:00:00,/en/matches/197f9381/Clermont-Foot-Nice-August-21-2022-Ligue-1
FRA-Ligue 1,2223,Nice,2022-08-28 Nice-Marseille,2022-08-28,Matchweek 4,Sun,Home,L,0,3,Marseille,49,583.0,61.0,201.0,266.0,124.0,15.0,583.0,15.0,5.0,33.3,8.0,53.3,414.0,2096.0,966.0,10.0,7.0,1.0,9.0,13.0,382.0,26.0,15:00:00,/en/matches/89258f8f/Nice-Marseille-August-28-2022-Ligue-1
FRA-Ligue 1,2223,Nice,2022-08-31 Lille-Nice,2022-08-31,Matchweek 5,Wed,Away,W,2,1,Lille,38,467.0,88.0,217.0,171.0,86.0,11.0,465.0,13.0,6.0,46.2,5.0,38.5,318.0,1832.0,719.0,13.0,11.0,4.0,26.0,8.0,275.0,28.0,21:00:00,/en/matches/6f55425d/Lille-Nice-August-31-2022-Ligue-1
FRA-Ligue 1,2223,Nice,2022-09-04 Nice-Monaco,2022-09-04,Matchweek 6,Sun,Home,L,0,1,Monaco,52,664.0,88.0,277.0,284.0,110.0,20.0,664.0,21.0,8.0,38.1,11.0,52.4,498.0,2593.0,1287.0,16.0,11.0,4.0,14.0,8.0,451.0,29.0,20:45:00,/en/matches/cd865a2a/Nice-Monaco-September-4-2022-Ligue-1
FRA-Ligue 1,2223,Nice,2022-09-11 Ajaccio-Nice,2022-09-11,Matchweek 7,Sun,Away,W,1,0,Ajaccio,55,661.0,65.0,220.0,342.0,112.0,21.0,661.0,20.0,11.0,55.0,7.0,35.0,493.0,3127.0,1611.0,15.0,12.0,2.0,15.0,16.0,429.0,38.0,15:00:00,/en/matches/e7c831c2/Ajaccio-Nice-September-11-2022-Ligue-1
FRA-Ligue 1,2223,Nice,2022-09-18 Nice-Angers,2022-09-18,Matchweek 8,Sun,Home,L,0,1,Angers,50,561.0,82.0,224.0,242.0,100.0,12.0,561.0,11.0,5.0,45.5,5.0,45.5,408.0,2437.0,1212.0,14.0,12.0,0.0,10.0,4.0,374.0,34.0,15:00:00,/en/matches/58f908b1/Nice-Angers-September-18-2022-Ligue-1
FRA-Ligue 1,2223,Nice,2022-10-01 Paris S-G-Nice,2022-10-01,Matchweek 9,Sat,Away,L,1,2,Paris S-G,43,621.0,58.0,192.0,308.0,126.0,9.0,621.0,24.0,9.0,37.5,12.0,50.0,458.0,2675.0,1112.0,19.0,16.0,4.0,16.0,8.0,427.0,24.0,21:00:00,/en/matches/36ac65e1/Paris-Saint-Germain-Nice-October-1-2022-Ligue-1
FRA-Ligue 1,2223,Nice,2022-10-09 Nice-Troyes,2022-10-09,Matchweek 10,Sun,Home,W,3,2,Troyes,61,742.0,78.0,289.0,325.0,135.0,24.0,741.0,18.0,9.0,50.0,8.0,44.4,596.0,3725.0,1624.0,26.0,21.0,5.0,5.0,9.0,566.0,40.0,15:00:00,/en/matches/d77bb56e/Nice-Troyes-October-9-2022-Ligue-1
FRA-Ligue 1,2223,Nice,2022-10-16 Auxerre-Nice,2022-10-16,Matchweek 11,Sun,Away,D,1,1,Auxerre,55,686.0,69.0,224.0,336.0,133.0,19.0,686.0,26.0,15.0,57.7,8.0,30.8,511.0,2906.0,1339.0,17.0,15.0,5.0,13.0,10.0,475.0,35.0,15:00:00,/en/matches/a9ffc8fd/Auxerre-Nice-October-16-2022-Ligue-1
FRA-Ligue 1,2223,Nice,2022-10-23 Nice-Nantes,2022-10-23,Matchweek 12,Sun,Home,D,1,1,Nantes,66,758.0,55.0,231.0,366.0,166.0,20.0,757.0,22.0,7.0,31.8,13.0,59.1,575.0,3110.0,1619.0,22.0,23.0,1.0,14.0,18.0,547.0,43.0,17:05:00,/en/matches/034ab90e/Nice-Nantes-October-23-2022-Ligue-1
FRA-Ligue 1,2223,Nice,2022-10-30 Lorient-Nice,2022-10-30,Matchweek 13,Sun,Away,W,2,1,Lorient,56,788.0,64.0,214.0,400.0,179.0,17.0,788.0,24.0,12.0,50.0,11.0,45.8,601.0,3199.0,1579.0,20.0,30.0,5.0,18.0,7.0,579.0,47.0,17:05:00,/en/matches/b3909991/Lorient-Nice-October-30-2022-Ligue-1
FRA-Ligue 1,2223,Nice,2022-11-06 Nice-Brest,2022-11-06,Matchweek 14,Sun,Home,W,1,0,Brest,56,733.0,59.0,212.0,381.0,150.0,16.0,733.0,12.0,7.0,58.3,3.0,25.0,552.0,2781.0,1305.0,22.0,23.0,3.0,9.0,11.0,523.0,49.0,15:00:00,/en/matches/cbe2fdcb/Nice-Brest-November-6-2022-Ligue-1
FRA-Ligue 1,2223,Nice,2022-11-11 Lyon-Nice,2022-11-11,Matchweek 15,Fri,Away,D,1,1,Lyon,37,552.0,75.0,219.0,239.0,102.0,31.0,551.0,16.0,7.0,43.8,8.0,50.0,361.0,2110.0,901.0,16.0,15.0,7.0,15.0,16.0,321.0,27.0,21:00:00,/en/matches/e805986b/Lyon-Nice-November-11-2022-Ligue-1
FRA-Ligue 1,2223,Nice,2022-12-29 Nice-Lens,2022-12-29,Matchweek 16,Thu,Home,D,0,0,Lens,41,520.0,71.0,199.0,253.0,76.0,17.0,520.0,13.0,7.0,53.8,3.0,23.1,388.0,1998.0,830.0,21.0,14.0,3.0,16.0,15.0,351.0,28.0,21:00:00,/en/matches/9c606d65/Nice-Lens-December-29-2022-Ligue-1
FRA-Ligue 1,2223,Nice,2023-01-02 Rennes-Nice,2023-01-02,Matchweek 17,Mon,Away,L,1,2,Rennes,38,530.0,86.0,228.0,237.0,69.0,3.0,530.0,20.0,7.0,35.0,10.0,50.0,362.0,1930.0,985.0,12.0,7.0,0.0,12.0,6.0,320.0,20.0,21:00:00,/en/matches/4d3e283f/Rennes-Nice-January-2-2023-Ligue-1
FRA-Ligue 1,2223,Nice,2023-01-11 Nice-Montpellier,2023-01-11,Matchweek 18,Wed,Home,W,6,1,Montpellier,58,645.0,41.0,185.0,297.0,170.0,30.0,645.0,35.0,11.0,31.4,22.0,62.9,467.0,2766.0,1401.0,27.0,21.0,7.0,13.0,10.0,433.0,44.0,21:00:00,/en/matches/45abc300/Nice-Montpellier-January-11-2023-Ligue-1
FRA-Ligue 1,2223,Nice,2023-01-15 Reims-Nice,2023-01-15,Matchweek 19,Sun,Away,D,0,0,Reims,49,697.0,88.0,273.0,313.0,120.0,13.0,697.0,25.0,6.0,24.0,17.0,68.0,501.0,2907.0,1258.0,14.0,19.0,2.0,17.0,12.0,448.0,32.0,15:00:00,/en/matches/c5adac5b/Reims-Nice-January-15-2023-Ligue-1
FRA-Ligue 1,2223,Nice,2023-01-29 Nice-Lille,2023-01-29,Matchweek 20,Sun,Home,W,1,0,Lille,44,593.0,81.0,238.0,240.0,126.0,24.0,593.0,18.0,10.0,55.6,6.0,33.3,432.0,2490.0,1005.0,15.0,11.0,7.0,12.0,10.0,384.0,27.0,13:00:00,/en/matches/b83c2528/Nice-Lille-January-29-2023-Ligue-1
FRA-Ligue 1,2223,Nice,2023-02-01 Lens-Nice,2023-02-01,Matchweek 21,Wed,Away,W,1,0,Lens,45,595.0,84.0,250.0,239.0,109.0,17.0,595.0,12.0,5.0,41.7,6.0,50.0,418.0,2216.0,989.0,13.0,7.0,2.0,24.0,9.0,365.0,37.0,21:00:00,/en/matches/b6c7f232/Lens-Nice-February-1-2023-Ligue-1
FRA-Ligue 1,2223,Nice,2023-02-05 Marseille-Nice,2023-02-05,Matchweek 22,Sun,Away,W,3,1,Marseille,43,565.0,98.0,252.0,232.0,89.0,17.0,565.0,16.0,11.0,68.8,3.0,18.8,381.0,2368.0,1068.0,16.0,10.0,5.0,17.0,12.0,322.0,24.0,20:45:00,/en/matches/f901aa76/Marseille-Nice-February-5-2023-Ligue-1
FRA-Ligue 1,2223,Nice,2023-02-10 Nice-Ajaccio,2023-02-10,Matchweek 23,Fri,Home,W,3,0,Ajaccio,62,773.0,55.0,196.0,494.0,85.0,13.0,773.0,22.0,11.0,50.0,10.0,45.5,645.0,3237.0,1555.0,12.0,12.0,1.0,10.0,6.0,602.0,38.0,21:00:00,/en/matches/1ca21463/Nice-Ajaccio-February-10-2023-Ligue-1
FRA-Ligue 1,2223,Nice,2023-02-18 Nice-Reims,2023-02-18,Matchweek 24,Sat,Home,D,0,0,Reims,52,634.0,56.0,196.0,257.0,196.0,33.0,634.0,33.0,23.0,69.7,8.0,24.2,470.0,3070.0,1491.0,26.0,20.0,8.0,15.0,4.0,417.0,47.0,17:00:00,/en/matches/e2d5f3b0/Nice-Reims-February-18-2023-Ligue-1
FRA-Ligue 1,2223,Nice,2023-02-26 Monaco-Nice,2023-02-26,Matchweek 25,Sun,Away,W,3,0,Monaco,44,638.0,126.0,382.0,211.0,52.0,14.0,638.0,13.0,5.0,38.5,6.0,46.2,479.0,2815.0,1364.0,17.0,8.0,3.0,20.0,11.0,418.0,23.0,17:05:00,/en/matches/e8389ab5/Monaco-Nice-February-26-2023-Ligue-1
FRA-Ligue 1,2223,Nice,2023-03-03 Nice-Auxerre,2023-03-03,Matchweek 26,Fri,Home,D,1,1,Auxerre,64,769.0,33.0,133.0,418.0,226.0,18.0,768.0,27.0,16.0,59.3,7.0,25.9,591.0,3360.0,1872.0,25.0,29.0,4.0,11.0,5.0,548.0,62.0,21:00:00,/en/matches/ab7003b3/Nice-Auxerre-March-3-2023-Ligue-1
FRA-Ligue 1,2223,Nice,2023-03-12 Nantes-Nice,2023-03-12,Matchweek 27,Sun,Away,D,2,2,Nantes,55,707.0,58.0,239.0,348.0,129.0,21.0,707.0,24.0,11.0,45.8,11.0,45.8,573.0,3141.0,1534.0,26.0,14.0,5.0,9.0,7.0,535.0,44.0,15:00:00,/en/matches/6f639a55/Nantes-Nice-March-12-2023-Ligue-1
FRA-Ligue 1,2223,Nice,2023-03-19 Nice-Lorient,2023-03-19,Matchweek 28,Sun,Home,D,1,1,Lorient,53,690.0,31.0,128.0,378.0,197.0,31.0,690.0,28.0,22.0,78.6,5.0,17.9,558.0,3249.0,1716.0,25.0,23.0,6.0,16.0,14.0,506.0,65.0,15:00:00,/en/matches/76197bfd/Nice-Lorient-March-19-2023-Ligue-1
FRA-Ligue 1,2223,Nice,2023-04-02 Angers-Nice,2023-04-02,Matchweek 29,Sun,Away,D,1,1,Angers,63,733.0,64.0,191.0,346.0,206.0,36.0,733.0,14.0,10.0,71.4,3.0,21.4,569.0,3175.0,1658.0,28.0,15.0,7.0,13.0,12.0,525.0,65.0,15:00:00,/en/matches/3ee2de5c/Angers-Nice-April-2-2023-Ligue-1
FRA-Ligue 1,2223,Nice,2023-04-08 Nice-Paris S-G,2023-04-08,Matchweek 30,Sat,Home,L,0,2,Paris S-G,45,734.0,55.0,163.0,304.0,275.0,42.0,734.0,23.0,9.0,39.1,13.0,56.5,570.0,2724.0,1138.0,17.0,21.0,5.0,11.0,13.0,534.0,63.0,21:00:00,/en/matches/2b92011d/Nice-Paris-Saint-Germain-April-8-2023-Ligue-1
FRA-Ligue 1,2223,Nice,2023-04-16 Brest-Nice,2023-04-16,Matchweek 31,Sun,Away,L,0,1,Brest,48,575.0,77.0,244.0,266.0,74.0,16.0,575.0,25.0,13.0,52.0,11.0,44.0,409.0,2452.0,1245.0,17.0,13.0,3.0,16.0,10.0,370.0,34.0,15:00:00,/en/matches/efe07084/Brest-Nice-April-16-2023-Ligue-1
FRA-Ligue 1,2223,Nice,2023-04-23 Nice-Clermont Foot,2023-04-23,Matchweek 32,Sun,Home,L,1,2,Clermont Foot,56,677.0,51.0,183.0,341.0,161.0,28.0,677.0,22.0,11.0,50.0,9.0,40.9,521.0,3005.0,1503.0,25.0,25.0,9.0,16.0,4.0,478.0,38.0,15:00:00,/en/matches/270414fb/Nice-Clermont-Foot-April-23-2023-Ligue-1
FRA-Ligue 1,2223,Nice,2023-04-30 Troyes-Nice,2023-04-30,Matchweek 33,Sun,Away,W,1,0,Troyes,64,827.0,49.0,158.0,422.0,257.0,52.0,827.0,21.0,15.0,71.4,4.0,19.0,671.0,4541.0,2370.0,40.0,50.0,14.0,21.0,11.0,629.0,64.0,15:00:00,/en/matches/26c78eaa/Troyes-Nice-April-30-2023-Ligue-1
FRA-Ligue 1,2223,Nice,2023-05-06 Nice-Rennes,2023-05-06,Matchweek 34,Sat,Home,W,2,1,Rennes,47,560.0,74.0,211.0,260.0,100.0,16.0,560.0,22.0,14.0,63.6,7.0,31.8,415.0,2385.0,1079.0,19.0,13.0,6.0,6.0,10.0,376.0,30.0,17:00:00,/en/matches/7892fd01/Nice-Rennes-May-6-2023-Ligue-1
FRA-Ligue 1,2223,Nice,2023-05-13 Strasbourg-Nice,2023-05-13,Matchweek 35,Sat,Away,L,0,2,Strasbourg,60,731.0,87.0,279.0,373.0,86.0,12.0,731.0,25.0,10.0,40.0,13.0,52.0,559.0,3079.0,1599.0,18.0,12.0,2.0,12.0,9.0,512.0,39.0,17:00:00,/en/matches/c505aa59/Strasbourg-Nice-May-13-2023-Ligue-1
FRA-Ligue 1,2223,Nice,2023-05-21 Nice-Toulouse,2023-05-21,Matchweek 36,Sun,Home,D,0,0,Toulouse,51,690.0,52.0,161.0,355.0,184.0,21.0,690.0,42.0,23.0,54.8,16.0,38.1,520.0,2926.0,1607.0,26.0,20.0,6.0,16.0,13.0,469.0,56.0,15:00:00,/en/matches/9250f89a/Nice-Toulouse-May-21-2023-Ligue-1
FRA-Ligue 1,2223,Nice,2023-05-27 Montpellier-Nice,2023-05-27,Matchweek 37,Sat,Away,W,3,2,Montpellier,53,620.0,40.0,135.0,334.0,162.0,33.0,620.0,32.0,19.0,59.4,9.0,28.1,425.0,2572.0,1445.0,27.0,15.0,6.0,17.0,7.0,383.0,54.0,21:00:00,/en/matches/7d2f2a67/Montpellier-Nice-May-27-2023-Ligue-1
FRA-Ligue 1,2223,Nice,2023-06-03 Nice-Lyon,2023-06-03,Matchweek 38,Sat,Home,W,3,1,Lyon,43,623.0,59.0,199.0,301.0,136.0,19.0,623.0,28.0,15.0,53.6,12.0,42.9,462.0,2640.0,1252.0,22.0,16.0,7.0,24.0,9.0,406.0,36.0,21:00:00,/en/matches/7cb0ddb9/Nice-Lyon-June-3-2023-Ligue-1
FRA-Ligue 1,2223,Paris S-G,2022-08-06 Clermont Foot-Paris S-G,2022-08-06,Matchweek 1,Sat,Away,W,5,0,Clermont Foot,62,787.0,60.0,209.0,425.0,159.0,32.0,787.0,27.0,15.0,55.6,11.0,40.7,667.0,2980.0,1409.0,19.0,17.0,6.0,10.0,5.0,626.0,59.0,21:00:00,/en/matches/d99d9161/Clermont-Foot-Paris-Saint-Germain-August-6-2022-Ligue-1
FRA-Ligue 1,2223,Paris S-G,2022-08-13 Paris S-G-Montpellier,2022-08-13,Matchweek 2,Sat,Home,W,5,2,Montpellier,59,738.0,30.0,79.0,332.0,333.0,48.0,736.0,36.0,19.0,52.8,16.0,44.4,607.0,3522.0,1789.0,32.0,42.0,13.0,14.0,6.0,569.0,82.0,21:00:00,/en/matches/63a572a1/Paris-Saint-Germain-Montpellier-August-13-2022-Ligue-1
FRA-Ligue 1,2223,Paris S-G,2022-08-21 Lille-Paris S-G,2022-08-21,Matchweek 3,Sun,Away,W,7,1,Lille,52,707.0,67.0,198.0,364.0,151.0,36.0,707.0,19.0,10.0,52.6,6.0,31.6,595.0,2650.0,1387.0,22.0,16.0,9.0,7.0,7.0,548.0,59.0,20:45:00,/en/matches/a5ba0018/Lille-Paris-Saint-Germain-August-21-2022-Ligue-1
FRA-Ligue 1,2223,Paris S-G,2022-08-28 Paris S-G-Monaco,2022-08-28,Matchweek 4,Sun,Home,D,1,1,Monaco,67,825.0,48.0,242.0,395.0,197.0,24.0,824.0,29.0,14.0,48.3,12.0,41.4,692.0,3252.0,1750.0,27.0,19.0,4.0,14.0,17.0,657.0,48.0,20:45:00,/en/matches/6113a2a2/Paris-Saint-Germain-Monaco-August-28-2022-Ligue-1
FRA-Ligue 1,2223,Paris S-G,2022-08-31 Toulouse-Paris S-G,2022-08-31,Matchweek 5,Wed,Away,W,3,0,Toulouse,62,735.0,66.0,170.0,395.0,179.0,39.0,735.0,30.0,9.0,30.0,19.0,63.3,599.0,3060.0,1554.0,18.0,11.0,10.0,7.0,16.0,565.0,56.0,21:00:00,/en/matches/63fb1427/Toulouse-Paris-Saint-Germain-August-31-2022-Ligue-1
FRA-Ligue 1,2223,Paris S-G,2022-09-03 Nantes-Paris S-G,2022-09-03,Matchweek 6,Sat,Away,W,3,0,Nantes,60,803.0,50.0,144.0,406.0,261.0,57.0,803.0,29.0,17.0,58.6,11.0,37.9,673.0,3974.0,1819.0,24.0,26.0,12.0,15.0,12.0,640.0,92.0,21:00:00,/en/matches/368a55f1/Nantes-Paris-Saint-Germain-September-3-2022-Ligue-1
FRA-Ligue 1,2223,Paris S-G,2022-09-10 Paris S-G-Brest,2022-09-10,Matchweek 7,Sat,Home,W,1,0,Brest,61,807.0,66.0,174.0,449.0,191.0,31.0,807.0,25.0,9.0,36.0,12.0,48.0,655.0,3390.0,1659.0,16.0,20.0,5.0,11.0,9.0,618.0,53.0,17:00:00,/en/matches/7e83ffa9/Paris-Saint-Germain-Brest-September-10-2022-Ligue-1
FRA-Ligue 1,2223,Paris S-G,2022-09-18 Lyon-Paris S-G,2022-09-18,Matchweek 8,Sun,Away,W,1,0,Lyon,65,938.0,71.0,201.0,563.0,181.0,35.0,938.0,39.0,18.0,46.2,18.0,46.2,793.0,4491.0,2019.0,25.0,23.0,12.0,17.0,10.0,749.0,51.0,20:45:00,/en/matches/57d4d43d/Lyon-Paris-Saint-Germain-September-18-2022-Ligue-1
FRA-Ligue 1,2223,Paris S-G,2022-10-01 Paris S-G-Nice,2022-10-01,Matchweek 9,Sat,Home,W,2,1,Nice,57,791.0,52.0,223.0,403.0,174.0,21.0,791.0,27.0,9.0,33.3,15.0,55.6,647.0,3439.0,1716.0,22.0,25.0,5.0,15.0,14.0,614.0,37.0,21:00:00,/en/matches/36ac65e1/Paris-Saint-Germain-Nice-October-1-2022-Ligue-1
FRA-Ligue 1,2223,Paris S-G,2022-10-08 Reims-Paris S-G,2022-10-08,Matchweek 10,Sat,Away,D,0,0,Reims,63,725.0,94.0,284.0,305.0,143.0,20.0,725.0,23.0,11.0,47.8,8.0,34.8,583.0,3122.0,1593.0,25.0,18.0,6.0,12.0,6.0,553.0,40.0,21:00:00,/en/matches/71ccb83f/Reims-Paris-Saint-Germain-October-8-2022-Ligue-1
FRA-Ligue 1,2223,Paris S-G,2022-10-16 Paris S-G-Marseille,2022-10-16,Matchweek 11,Sun,Home,W,1,0,Marseille,50,671.0,72.0,231.0,270.0,179.0,45.0,671.0,23.0,9.0,39.1,11.0,47.8,530.0,3017.0,1465.0,31.0,26.0,12.0,14.0,13.0,490.0,44.0,20:45:00,/en/matches/818de37e/Paris-Saint-Germain-Marseille-October-16-2022-Ligue-1
FRA-Ligue 1,2223,Paris S-G,2022-10-21 Ajaccio-Paris S-G,2022-10-21,Matchweek 12,Fri,Away,W,3,0,Ajaccio,65,802.0,73.0,275.0,395.0,136.0,31.0,802.0,26.0,6.0,23.1,18.0,69.2,658.0,3223.0,1517.0,13.0,15.0,5.0,9.0,14.0,623.0,47.0,21:00:00,/en/matches/492d0e7a/Ajaccio-Paris-Saint-Germain-October-21-2022-Ligue-1
FRA-Ligue 1,2223,Paris S-G,2022-10-29 Paris S-G-Troyes,2022-10-29,Matchweek 13,Sat,Home,W,4,3,Troyes,67,820.0,37.0,106.0,388.0,332.0,39.0,819.0,32.0,14.0,43.8,12.0,37.5,674.0,3364.0,1671.0,30.0,38.0,8.0,12.0,9.0,637.0,53.0,17:00:00,/en/matches/0706f45a/Paris-Saint-Germain-Troyes-October-29-2022-Ligue-1
FRA-Ligue 1,2223,Paris S-G,2022-11-06 Lorient-Paris S-G,2022-11-06,Matchweek 14,Sun,Away,W,2,1,Lorient,59,733.0,49.0,179.0,294.0,264.0,36.0,733.0,19.0,7.0,36.8,12.0,63.2,587.0,3210.0,1596.0,26.0,30.0,5.0,12.0,10.0,554.0,66.0,13:00:00,/en/matches/62986726/Lorient-Paris-Saint-Germain-November-6-2022-Ligue-1
FRA-Ligue 1,2223,Paris S-G,2022-11-13 Paris S-G-Auxerre,2022-11-13,Matchweek 15,Sun,Home,W,5,0,Auxerre,59,762.0,43.0,142.0,415.0,206.0,32.0,762.0,18.0,8.0,44.4,9.0,50.0,639.0,3699.0,1557.0,12.0,19.0,5.0,14.0,14.0,588.0,48.0,13:00:00,/en/matches/86e55266/Paris-Saint-Germain-Auxerre-November-13-2022-Ligue-1
FRA-Ligue 1,2223,Paris S-G,2022-12-28 Paris S-G-Strasbourg,2022-12-28,Matchweek 16,Wed,Home,W,2,1,Strasbourg,71,911.0,49.0,195.0,544.0,177.0,23.0,910.0,27.0,7.0,25.9,17.0,63.0,757.0,3711.0,1643.0,25.0,18.0,6.0,13.0,18.0,720.0,61.0,21:00:00,/en/matches/c4b9d773/Paris-Saint-Germain-Strasbourg-December-28-2022-Ligue-1
FRA-Ligue 1,2223,Paris S-G,2023-01-01 Lens-Paris S-G,2023-01-01,Matchweek 17,Sun,Away,L,1,3,Lens,59,714.0,61.0,191.0,331.0,199.0,31.0,714.0,25.0,8.0,32.0,11.0,44.0,562.0,3154.0,1603.0,26.0,18.0,7.0,13.0,10.0,529.0,54.0,20:45:00,/en/matches/41b38f59/Lens-Paris-Saint-Germain-January-1-2023-Ligue-1
FRA-Ligue 1,2223,Paris S-G,2023-01-11 Paris S-G-Angers,2023-01-11,Matchweek 18,Wed,Home,W,2,0,Angers,66,945.0,52.0,176.0,626.0,148.0,16.0,945.0,14.0,4.0,28.6,6.0,42.9,831.0,4000.0,1875.0,14.0,13.0,1.0,10.0,12.0,794.0,53.0,21:00:00,/en/matches/76db6078/Paris-Saint-Germain-Angers-January-11-2023-Ligue-1
FRA-Ligue 1,2223,Paris S-G,2023-01-15 Rennes-Paris S-G,2023-01-15,Matchweek 19,Sun,Away,L,0,1,Rennes,65,789.0,35.0,161.0,465.0,171.0,15.0,789.0,16.0,7.0,43.8,8.0,50.0,653.0,3576.0,1460.0,24.0,17.0,5.0,13.0,9.0,624.0,53.0,20:45:00,/en/matches/a1cfed8d/Rennes-Paris-Saint-Germain-January-15-2023-Ligue-1
FRA-Ligue 1,2223,Paris S-G,2023-01-29 Paris S-G-Reims,2023-01-29,Matchweek 20,Sun,Home,D,1,1,Reims,59,837.0,94.0,267.0,400.0,175.0,27.0,837.0,25.0,7.0,28.0,16.0,64.0,691.0,3373.0,1640.0,20.0,22.0,3.0,10.0,15.0,654.0,63.0,20:45:00,/en/matches/ac8ffacd/Paris-Saint-Germain-Reims-January-29-2023-Ligue-1
FRA-Ligue 1,2223,Paris S-G,2023-02-01 Montpellier-Paris S-G,2023-02-01,Matchweek 21,Wed,Away,W,3,1,Montpellier,66,846.0,42.0,147.0,473.0,239.0,28.0,845.0,29.0,13.0,44.8,10.0,34.5,696.0,3645.0,1988.0,34.0,29.0,8.0,8.0,7.0,650.0,55.0,21:00:00,/en/matches/8fea202b/Montpellier-Paris-Saint-Germain-February-1-2023-Ligue-1
FRA-Ligue 1,2223,Paris S-G,2023-02-04 Paris S-G-Toulouse,2023-02-04,Matchweek 22,Sat,Home,W,2,1,Toulouse,61,764.0,61.0,170.0,376.0,227.0,32.0,764.0,28.0,14.0,50.0,10.0,35.7,632.0,3387.0,1631.0,26.0,19.0,5.0,12.0,6.0,589.0,59.0,17:00:00,/en/matches/20d2d2e9/Paris-Saint-Germain-Toulouse-February-4-2023-Ligue-1
FRA-Ligue 1,2223,Paris S-G,2023-02-11 Monaco-Paris S-G,2023-02-11,Matchweek 23,Sat,Away,L,1,3,Monaco,58,833.0,65.0,217.0,471.0,154.0,17.0,833.0,25.0,13.0,52.0,8.0,32.0,689.0,3853.0,1882.0,23.0,31.0,2.0,15.0,15.0,640.0,41.0,17:00:00,/en/matches/72eb59cf/Monaco-Paris-Saint-Germain-February-11-2023-Ligue-1
FRA-Ligue 1,2223,Paris S-G,2023-02-19 Paris S-G-Lille,2023-02-19,Matchweek 24,Sun,Home,W,4,3,Lille,46,563.0,73.0,242.0,226.0,105.0,24.0,563.0,35.0,24.0,68.6,7.0,20.0,432.0,2184.0,1117.0,12.0,11.0,5.0,10.0,10.0,394.0,39.0,13:00:00,/en/matches/0354132b/Paris-Saint-Germain-Lille-February-19-2023-Ligue-1
FRA-Ligue 1,2223,Paris S-G,2023-02-26 Marseille-Paris S-G,2023-02-26,Matchweek 25,Sun,Away,W,3,0,Marseille,46,558.0,76.0,224.0,240.0,102.0,19.0,558.0,21.0,10.0,47.6,7.0,33.3,397.0,2234.0,979.0,16.0,15.0,5.0,14.0,10.0,357.0,30.0,20:45:00,/en/matches/fe1e33e5/Marseille-Paris-Saint-Germain-February-26-2023-Ligue-1
FRA-Ligue 1,2223,Paris S-G,2023-03-04 Paris S-G-Nantes,2023-03-04,Matchweek 26,Sat,Home,W,4,2,Nantes,67,902.0,37.0,123.0,463.0,322.0,33.0,902.0,36.0,16.0,44.4,17.0,47.2,752.0,4331.0,2026.0,29.0,32.0,8.0,10.0,11.0,712.0,55.0,21:00:00,/en/matches/322f46e4/Paris-Saint-Germain-Nantes-March-4-2023-Ligue-1
FRA-Ligue 1,2223,Paris S-G,2023-03-11 Brest-Paris S-G,2023-03-11,Matchweek 27,Sat,Away,W,2,1,Brest,61,746.0,37.0,123.0,382.0,246.0,32.0,746.0,23.0,11.0,47.8,11.0,47.8,599.0,3163.0,1664.0,24.0,28.0,9.0,15.0,8.0,567.0,70.0,21:00:00,/en/matches/8acaf948/Brest-Paris-Saint-Germain-March-11-2023-Ligue-1
FRA-Ligue 1,2223,Paris S-G,2023-03-19 Paris S-G-Rennes,2023-03-19,Matchweek 28,Sun,Home,L,0,2,Rennes,60,772.0,49.0,217.0,368.0,195.0,27.0,772.0,26.0,13.0,50.0,11.0,42.3,623.0,3200.0,1479.0,17.0,9.0,6.0,10.0,9.0,600.0,48.0,17:05:00,/en/matches/9acfad51/Paris-Saint-Germain-Rennes-March-19-2023-Ligue-1
FRA-Ligue 1,2223,Paris S-G,2023-04-02 Paris S-G-Lyon,2023-04-02,Matchweek 29,Sun,Home,L,0,1,Lyon,62,858.0,46.0,154.0,425.0,292.0,26.0,858.0,47.0,28.0,59.6,16.0,34.0,678.0,3289.0,1884.0,29.0,31.0,9.0,19.0,9.0,630.0,46.0,20:45:00,/en/matches/37a61135/Paris-Saint-Germain-Lyon-April-2-2023-Ligue-1
FRA-Ligue 1,2223,Paris S-G,2023-04-08 Nice-Paris S-G,2023-04-08,Matchweek 30,Sat,Away,W,2,0,Nice,55,882.0,115.0,300.0,404.0,184.0,21.0,882.0,20.0,10.0,50.0,7.0,35.0,710.0,3277.0,1496.0,16.0,10.0,3.0,15.0,12.0,670.0,44.0,21:00:00,/en/matches/2b92011d/Nice-Paris-Saint-Germain-April-8-2023-Ligue-1
FRA-Ligue 1,2223,Paris S-G,2023-04-15 Paris S-G-Lens,2023-04-15,Matchweek 31,Sat,Home,W,3,1,Lens,62,851.0,79.0,210.0,428.0,219.0,16.0,851.0,15.0,11.0,73.3,2.0,13.3,737.0,3626.0,1659.0,15.0,31.0,6.0,17.0,6.0,703.0,36.0,21:00:00,/en/matches/268e5460/Paris-Saint-Germain-Lens-April-15-2023-Ligue-1
FRA-Ligue 1,2223,Paris S-G,2023-04-21 Angers-Paris S-G,2023-04-21,Matchweek 32,Fri,Away,W,2,1,Angers,65,975.0,79.0,233.0,566.0,185.0,28.0,975.0,23.0,9.0,39.1,13.0,56.5,832.0,4157.0,2105.0,21.0,28.0,8.0,13.0,8.0,799.0,46.0,21:00:00,/en/matches/e7e8dc1c/Angers-Paris-Saint-Germain-April-21-2023-Ligue-1
FRA-Ligue 1,2223,Paris S-G,2023-04-30 Paris S-G-Lorient,2023-04-30,Matchweek 33,Sun,Home,L,1,3,Lorient,54,708.0,54.0,141.0,362.0,210.0,20.0,708.0,24.0,11.0,45.8,12.0,50.0,593.0,3179.0,1760.0,20.0,31.0,3.0,8.0,8.0,555.0,42.0,17:05:00,/en/matches/ca98474e/Paris-Saint-Germain-Lorient-April-30-2023-Ligue-1
FRA-Ligue 1,2223,Paris S-G,2023-05-07 Troyes-Paris S-G,2023-05-07,Matchweek 34,Sun,Away,W,3,1,Troyes,60,853.0,39.0,110.0,442.0,311.0,48.0,853.0,13.0,9.0,69.2,4.0,30.8,723.0,3611.0,1488.0,17.0,27.0,4.0,8.0,6.0,692.0,80.0,20:45:00,/en/matches/f9e55cdf/Troyes-Paris-Saint-Germain-May-7-2023-Ligue-1
FRA-Ligue 1,2223,Paris S-G,2023-05-13 Paris S-G-Ajaccio,2023-05-13,Matchweek 35,Sat,Home,W,5,0,Ajaccio,73,862.0,32.0,80.0,425.0,363.0,59.0,862.0,37.0,19.0,51.4,16.0,43.2,726.0,3453.0,1493.0,20.0,30.0,5.0,9.0,8.0,694.0,81.0,21:00:00,/en/matches/fdd73200/Paris-Saint-Germain-Ajaccio-May-13-2023-Ligue-1
FRA-Ligue 1,2223,Paris S-G,2023-05-21 Auxerre-Paris S-G,2023-05-21,Matchweek 36,Sun,Away,W,2,1,Auxerre,63,883.0,67.0,251.0,489.0,150.0,32.0,883.0,20.0,12.0,60.0,6.0,30.0,739.0,3756.0,1764.0,13.0,10.0,7.0,7.0,11.0,711.0,52.0,20:45:00,/en/matches/bd6c4cac/Auxerre-Paris-Saint-Germain-May-21-2023-Ligue-1
FRA-Ligue 1,2223,Paris S-G,2023-05-27 Strasbourg-Paris S-G,2023-05-27,Matchweek 37,Sat,Away,D,1,1,Strasbourg,66,830.0,61.0,205.0,513.0,116.0,11.0,830.0,27.0,15.0,55.6,10.0,37.0,738.0,3865.0,1957.0,15.0,21.0,3.0,9.0,12.0,703.0,38.0,21:00:00,/en/matches/b78590c5/Strasbourg-Paris-Saint-Germain-May-27-2023-Ligue-1
FRA-Ligue 1,2223,Paris S-G,2023-06-03 Paris S-G-Clermont Foot,2023-06-03,Matchweek 38,Sat,Home,L,2,3,Clermont Foot,54,676.0,84.0,251.0,284.0,147.0,19.0,675.0,18.0,8.0,44.4,8.0,44.4,562.0,2656.0,1168.0,12.0,16.0,3.0,4.0,10.0,526.0,34.0,21:00:00,/en/matches/1b47e9eb/Paris-Saint-Germain-Clermont-Foot-June-3-2023-Ligue-1
FRA-Ligue 1,2223,Reims,2022-08-07 Marseille-Reims,2022-08-07,Matchweek 1,Sun,Away,L,1,4,Marseille,44,544.0,75.0,172.0,253.0,123.0,24.0,544.0,14.0,8.0,57.1,6.0,42.9,354.0,1890.0,887.0,11.0,13.0,4.0,17.0,11.0,310.0,29.0,20:45:00,/en/matches/534ab8ff/Marseille-Reims-August-7-2022-Ligue-1
FRA-Ligue 1,2223,Reims,2022-08-14 Reims-Clermont Foot,2022-08-14,Matchweek 2,Sun,Home,L,2,4,Clermont Foot,42,444.0,49.0,144.0,207.0,104.0,14.0,442.0,20.0,9.0,45.0,8.0,40.0,302.0,1788.0,1018.0,22.0,14.0,2.0,14.0,11.0,257.0,28.0,15:00:00,/en/matches/ed6b4245/Reims-Clermont-Foot-August-14-2022-Ligue-1
FRA-Ligue 1,2223,Reims,2022-08-21 Strasbourg-Reims,2022-08-21,Matchweek 3,Sun,Away,D,1,1,Strasbourg,37,463.0,60.0,155.0,227.0,87.0,24.0,463.0,22.0,9.0,40.9,11.0,50.0,303.0,1810.0,898.0,21.0,10.0,7.0,17.0,8.0,249.0,33.0,13:00:00,/en/matches/be90ec61/Strasbourg-Reims-August-21-2022-Ligue-1
FRA-Ligue 1,2223,Reims,2022-08-28 Reims-Lyon,2022-08-28,Matchweek 4,Sun,Home,D,1,1,Lyon,26,400.0,82.0,203.0,147.0,62.0,13.0,400.0,19.0,7.0,36.8,11.0,57.9,229.0,1343.0,739.0,14.0,6.0,6.0,14.0,6.0,167.0,18.0,17:05:00,/en/matches/daa723a9/Reims-Lyon-August-28-2022-Ligue-1
FRA-Ligue 1,2223,Reims,2022-08-31 Angers-Reims,2022-08-31,Matchweek 5,Wed,Away,W,4,2,Angers,43,519.0,42.0,145.0,280.0,103.0,19.0,518.0,26.0,12.0,46.2,11.0,42.3,325.0,2260.0,836.0,12.0,10.0,7.0,36.0,8.0,284.0,28.0,19:00:00,/en/matches/d94a7d75/Angers-Reims-August-31-2022-Ligue-1
FRA-Ligue 1,2223,Reims,2022-09-04 Reims-Lens,2022-09-04,Matchweek 6,Sun,Home,D,1,1,Lens,37,489.0,74.0,192.0,181.0,125.0,17.0,489.0,20.0,5.0,25.0,11.0,55.0,332.0,2125.0,981.0,15.0,11.0,2.0,24.0,8.0,279.0,32.0,15:00:00,/en/matches/21e5d4df/Reims-Lens-September-4-2022-Ligue-1
FRA-Ligue 1,2223,Reims,2022-09-11 Toulouse-Reims,2022-09-11,Matchweek 7,Sun,Away,L,0,1,Toulouse,53,586.0,52.0,182.0,257.0,155.0,19.0,586.0,26.0,9.0,34.6,14.0,53.8,402.0,2506.0,1123.0,23.0,19.0,6.0,16.0,18.0,353.0,38.0,15:00:00,/en/matches/9f57e775/Toulouse-Reims-September-11-2022-Ligue-1
FRA-Ligue 1,2223,Reims,2022-09-18 Reims-Monaco,2022-09-18,Matchweek 8,Sun,Home,L,0,3,Monaco,33,413.0,67.0,174.0,169.0,82.0,10.0,413.0,26.0,13.0,50.0,10.0,38.5,259.0,1586.0,743.0,13.0,10.0,2.0,24.0,5.0,196.0,23.0,13:00:00,/en/matches/c6dee225/Reims-Monaco-September-18-2022-Ligue-1
FRA-Ligue 1,2223,Reims,2022-10-02 Troyes-Reims,2022-10-02,Matchweek 9,Sun,Away,D,2,2,Troyes,32,446.0,83.0,239.0,157.0,53.0,9.0,446.0,19.0,7.0,36.8,8.0,42.1,263.0,1456.0,692.0,5.0,7.0,0.0,13.0,10.0,216.0,21.0,15:00:00,/en/matches/1cbd26d0/Troyes-Reims-October-2-2022-Ligue-1
FRA-Ligue 1,2223,Reims,2022-10-08 Reims-Paris S-G,2022-10-08,Matchweek 10,Sat,Home,D,0,0,Paris S-G,37,478.0,39.0,132.0,214.0,142.0,24.0,478.0,23.0,9.0,39.1,12.0,52.2,347.0,2266.0,1237.0,24.0,13.0,4.0,10.0,2.0,294.0,48.0,21:00:00,/en/matches/71ccb83f/Reims-Paris-Saint-Germain-October-8-2022-Ligue-1
FRA-Ligue 1,2223,Reims,2022-10-15 Lorient-Reims,2022-10-15,Matchweek 11,Sat,Away,D,0,0,Lorient,52,579.0,69.0,210.0,257.0,121.0,18.0,579.0,17.0,6.0,35.3,11.0,64.7,417.0,2687.0,1300.0,21.0,13.0,8.0,18.0,19.0,362.0,34.0,17:00:00,/en/matches/4fe522a8/Lorient-Reims-October-15-2022-Ligue-1
FRA-Ligue 1,2223,Reims,2022-10-23 Reims-Auxerre,2022-10-23,Matchweek 12,Sun,Home,W,2,1,Auxerre,54,593.0,51.0,174.0,248.0,177.0,32.0,593.0,25.0,11.0,44.0,13.0,52.0,422.0,2689.0,1439.0,24.0,12.0,13.0,21.0,15.0,355.0,59.0,15:00:00,/en/matches/c6b10aeb/Reims-Auxerre-October-23-2022-Ligue-1
FRA-Ligue 1,2223,Reims,2022-10-30 Brest-Reims,2022-10-30,Matchweek 13,Sun,Away,D,0,0,Brest,49,559.0,65.0,191.0,262.0,113.0,24.0,559.0,21.0,7.0,33.3,11.0,52.4,375.0,2282.0,1094.0,20.0,11.0,5.0,20.0,11.0,322.0,46.0,15:00:00,/en/matches/9547c75b/Brest-Reims-October-30-2022-Ligue-1
FRA-Ligue 1,2223,Reims,2022-11-06 Reims-Nantes,2022-11-06,Matchweek 14,Sun,Home,W,1,0,Nantes,57,676.0,58.0,170.0,321.0,192.0,26.0,675.0,26.0,9.0,34.6,13.0,50.0,483.0,3084.0,1268.0,25.0,16.0,7.0,15.0,12.0,418.0,68.0,15:00:00,/en/matches/b3aecb40/Reims-Nantes-November-6-2022-Ligue-1
FRA-Ligue 1,2223,Reims,2022-11-13 Montpellier-Reims,2022-11-13,Matchweek 15,Sun,Away,D,1,1,Montpellier,51,573.0,75.0,208.0,251.0,123.0,17.0,573.0,16.0,6.0,37.5,8.0,50.0,356.0,2125.0,996.0,24.0,9.0,4.0,16.0,12.0,305.0,28.0,15:00:00,/en/matches/7927c5f9/Montpellier-Reims-November-13-2022-Ligue-1
FRA-Ligue 1,2223,Reims,2022-12-29 Reims-Rennes,2022-12-29,Matchweek 16,Thu,Home,W,3,1,Rennes,34,442.0,61.0,175.0,173.0,106.0,20.0,442.0,11.0,3.0,27.3,6.0,54.5,279.0,2237.0,1134.0,22.0,16.0,6.0,21.0,7.0,223.0,36.0,19:00:00,/en/matches/ae3fb1a3/Reims-Rennes-December-29-2022-Ligue-1
FRA-Ligue 1,2223,Reims,2023-01-02 Lille-Reims,2023-01-02,Matchweek 17,Mon,Away,D,1,1,Lille,39,526.0,56.0,190.0,246.0,97.0,9.0,526.0,15.0,3.0,20.0,9.0,60.0,366.0,2130.0,916.0,11.0,11.0,2.0,19.0,13.0,322.0,31.0,17:00:00,/en/matches/cbf86c77/Lille-Reims-January-2-2023-Ligue-1
FRA-Ligue 1,2223,Reims,2023-01-11 Ajaccio-Reims,2023-01-11,Matchweek 18,Wed,Away,W,1,0,Ajaccio,52,591.0,74.0,273.0,250.0,69.0,12.0,591.0,15.0,6.0,40.0,5.0,33.3,388.0,2341.0,1194.0,11.0,4.0,3.0,13.0,9.0,335.0,26.0,19:00:00,/en/matches/656ef1c0/Ajaccio-Reims-January-11-2023-Ligue-1
FRA-Ligue 1,2223,Reims,2023-01-15 Reims-Nice,2023-01-15,Matchweek 19,Sun,Home,D,0,0,Nice,51,696.0,50.0,200.0,315.0,191.0,25.0,696.0,24.0,5.0,20.8,15.0,62.5,505.0,2524.0,1228.0,11.0,15.0,2.0,27.0,16.0,461.0,59.0,15:00:00,/en/matches/c5adac5b/Reims-Nice-January-15-2023-Ligue-1
FRA-Ligue 1,2223,Reims,2023-01-29 Paris S-G-Reims,2023-01-29,Matchweek 20,Sun,Away,D,1,1,Paris S-G,41,622.0,56.0,176.0,281.0,171.0,23.0,622.0,13.0,4.0,30.8,7.0,53.8,481.0,2929.0,1608.0,20.0,16.0,1.0,13.0,3.0,425.0,74.0,20:45:00,/en/matches/ac8ffacd/Paris-Saint-Germain-Reims-January-29-2023-Ligue-1
FRA-Ligue 1,2223,Reims,2023-02-01 Reims-Lorient,2023-02-01,Matchweek 21,Wed,Home,W,4,2,Lorient,58,728.0,44.0,137.0,356.0,243.0,35.0,727.0,18.0,10.0,55.6,7.0,38.9,578.0,3092.0,1613.0,19.0,23.0,11.0,19.0,8.0,526.0,58.0,19:00:00,/en/matches/e7ec4d4b/Reims-Lorient-February-1-2023-Ligue-1
FRA-Ligue 1,2223,Reims,2023-02-05 Auxerre-Reims,2023-02-05,Matchweek 22,Sun,Away,D,0,0,Auxerre,60,685.0,80.0,240.0,331.0,122.0,18.0,685.0,27.0,11.0,40.7,14.0,51.9,476.0,2594.0,1294.0,12.0,14.0,3.0,27.0,12.0,430.0,46.0,15:00:00,/en/matches/384b2fcb/Auxerre-Reims-February-5-2023-Ligue-1
FRA-Ligue 1,2223,Reims,2023-02-12 Reims-Troyes,2023-02-12,Matchweek 23,Sun,Home,W,4,0,Troyes,53,620.0,43.0,151.0,291.0,186.0,24.0,620.0,28.0,11.0,39.3,12.0,42.9,450.0,2602.0,1158.0,21.0,11.0,4.0,19.0,15.0,374.0,46.0,15:00:00,/en/matches/b1ac1305/Reims-Troyes-February-12-2023-Ligue-1
FRA-Ligue 1,2223,Reims,2023-02-18 Nice-Reims,2023-02-18,Matchweek 24,Sat,Away,D,0,0,Nice,48,603.0,75.0,249.0,249.0,109.0,15.0,602.0,21.0,7.0,33.3,10.0,47.6,433.0,2719.0,1238.0,22.0,13.0,3.0,18.0,9.0,388.0,30.0,17:00:00,/en/matches/e2d5f3b0/Nice-Reims-February-18-2023-Ligue-1
FRA-Ligue 1,2223,Reims,2023-02-26 Reims-Toulouse,2023-02-26,Matchweek 25,Sun,Home,W,3,0,Toulouse,47,610.0,59.0,196.0,255.0,168.0,28.0,610.0,26.0,15.0,57.7,10.0,38.5,448.0,2754.0,1156.0,18.0,20.0,7.0,21.0,6.0,384.0,40.0,15:00:00,/en/matches/bf387fea/Reims-Toulouse-February-26-2023-Ligue-1
FRA-Ligue 1,2223,Reims,2023-03-05 Reims-Ajaccio,2023-03-05,Matchweek 26,Sun,Home,W,1,0,Ajaccio,64,733.0,24.0,113.0,395.0,231.0,26.0,733.0,21.0,9.0,42.9,10.0,47.6,539.0,3502.0,1705.0,29.0,28.0,4.0,20.0,5.0,502.0,79.0,15:00:00,/en/matches/b317ed7d/Reims-Ajaccio-March-5-2023-Ligue-1
FRA-Ligue 1,2223,Reims,2023-03-12 Monaco-Reims,2023-03-12,Matchweek 27,Sun,Away,W,1,0,Monaco,51,635.0,72.0,217.0,306.0,121.0,24.0,635.0,21.0,11.0,52.4,9.0,42.9,472.0,2445.0,1098.0,17.0,18.0,7.0,10.0,7.0,422.0,48.0,17:05:00,/en/matches/65c9aaa1/Monaco-Reims-March-12-2023-Ligue-1
FRA-Ligue 1,2223,Reims,2023-03-19 Reims-Marseille,2023-03-19,Matchweek 28,Sun,Home,L,1,2,Marseille,55,612.0,55.0,183.0,251.0,186.0,33.0,612.0,18.0,14.0,77.8,2.0,11.1,411.0,2435.0,1222.0,23.0,12.0,3.0,25.0,13.0,363.0,47.0,20:45:00,/en/matches/0161e53d/Reims-Marseille-March-19-2023-Ligue-1
FRA-Ligue 1,2223,Reims,2023-04-02 Nantes-Reims,2023-04-02,Matchweek 29,Sun,Away,W,3,0,Nantes,52,613.0,85.0,220.0,259.0,142.0,22.0,613.0,20.0,13.0,65.0,6.0,30.0,417.0,2322.0,1333.0,22.0,20.0,5.0,15.0,9.0,373.0,47.0,15:00:00,/en/matches/766e9598/Nantes-Reims-April-2-2023-Ligue-1
FRA-Ligue 1,2223,Reims,2023-04-09 Reims-Brest,2023-04-09,Matchweek 30,Sun,Home,D,1,1,Brest,61,679.0,40.0,128.0,356.0,204.0,34.0,678.0,20.0,10.0,50.0,9.0,45.0,492.0,2776.0,1390.0,31.0,17.0,8.0,16.0,13.0,434.0,84.0,15:00:00,/en/matches/4ee67cda/Reims-Brest-April-9-2023-Ligue-1
FRA-Ligue 1,2223,Reims,2023-04-15 Rennes-Reims,2023-04-15,Matchweek 31,Sat,Away,L,0,3,Rennes,49,589.0,67.0,187.0,275.0,131.0,14.0,589.0,21.0,9.0,42.9,10.0,47.6,396.0,2236.0,959.0,17.0,10.0,3.0,13.0,14.0,344.0,46.0,17:00:00,/en/matches/46c859a1/Rennes-Reims-April-15-2023-Ligue-1
FRA-Ligue 1,2223,Reims,2023-04-23 Reims-Strasbourg,2023-04-23,Matchweek 32,Sun,Home,L,0,2,Strasbourg,73,731.0,34.0,126.0,368.0,243.0,27.0,731.0,33.0,19.0,57.6,12.0,36.4,538.0,3119.0,1377.0,21.0,17.0,4.0,14.0,15.0,492.0,66.0,13:00:00,/en/matches/bd272f62/Reims-Strasbourg-April-23-2023-Ligue-1
FRA-Ligue 1,2223,Reims,2023-04-30 Clermont Foot-Reims,2023-04-30,Matchweek 33,Sun,Away,L,0,1,Clermont Foot,67,756.0,45.0,170.0,369.0,222.0,24.0,756.0,26.0,12.0,46.2,11.0,42.3,576.0,3008.0,1269.0,15.0,16.0,2.0,18.0,14.0,537.0,76.0,15:00:00,/en/matches/4cdd261a/Clermont-Foot-Reims-April-30-2023-Ligue-1
FRA-Ligue 1,2223,Reims,2023-05-06 Reims-Lille,2023-05-06,Matchweek 34,Sat,Home,W,1,0,Lille,37,427.0,72.0,168.0,181.0,91.0,27.0,427.0,19.0,8.0,42.1,10.0,52.6,276.0,1853.0,910.0,18.0,9.0,11.0,12.0,5.0,225.0,33.0,19:00:00,/en/matches/f281e140/Reims-Lille-May-6-2023-Ligue-1
FRA-Ligue 1,2223,Reims,2023-05-12 Lens-Reims,2023-05-12,Matchweek 35,Fri,Away,L,1,2,Lens,60,626.0,48.0,162.0,288.0,180.0,31.0,625.0,19.0,10.0,52.6,9.0,47.4,500.0,2974.0,1625.0,21.0,22.0,9.0,13.0,4.0,458.0,62.0,21:00:00,/en/matches/7e1c8564/Lens-Reims-May-12-2023-Ligue-1
FRA-Ligue 1,2223,Reims,2023-05-21 Reims-Angers,2023-05-21,Matchweek 36,Sun,Home,D,2,2,Angers,57,630.0,42.0,191.0,293.0,153.0,22.0,630.0,20.0,9.0,45.0,9.0,45.0,469.0,2912.0,1394.0,19.0,17.0,3.0,11.0,8.0,430.0,55.0,15:00:00,/en/matches/908507af/Reims-Angers-May-21-2023-Ligue-1
FRA-Ligue 1,2223,Reims,2023-05-27 Lyon-Reims,2023-05-27,Matchweek 37,Sat,Away,L,0,3,Lyon,46,525.0,82.0,210.0,222.0,102.0,24.0,525.0,21.0,8.0,38.1,11.0,52.4,374.0,2103.0,1018.0,18.0,10.0,6.0,16.0,9.0,338.0,36.0,21:00:00,/en/matches/27815d03/Lyon-Reims-May-27-2023-Ligue-1
FRA-Ligue 1,2223,Reims,2023-06-03 Reims-Montpellier,2023-06-03,Matchweek 38,Sat,Home,L,1,3,Montpellier,49,577.0,70.0,184.0,271.0,127.0,16.0,577.0,23.0,13.0,56.5,9.0,39.1,424.0,2503.0,1382.0,20.0,22.0,3.0,20.0,9.0,371.0,46.0,21:00:00,/en/matches/3dc2cde4/Reims-Montpellier-June-3-2023-Ligue-1
FRA-Ligue 1,2223,Rennes,2022-08-07 Rennes-Lorient,2022-08-07,Matchweek 1,Sun,Home,L,0,1,Lorient,63,777.0,39.0,144.0,414.0,227.0,37.0,777.0,18.0,10.0,55.6,5.0,27.8,616.0,3517.0,1696.0,24.0,29.0,6.0,6.0,20.0,583.0,88.0,17:05:00,/en/matches/8ff3f9dd/Rennes-Lorient-August-7-2022-Ligue-1
FRA-Ligue 1,2223,Rennes,2022-08-13 Monaco-Rennes,2022-08-13,Matchweek 2,Sat,Away,D,1,1,Monaco,65,793.0,54.0,199.0,383.0,218.0,38.0,793.0,16.0,8.0,50.0,7.0,43.8,614.0,3253.0,1473.0,24.0,21.0,9.0,23.0,6.0,576.0,59.0,17:00:00,/en/matches/86562a7e/Monaco-Rennes-August-13-2022-Ligue-1
FRA-Ligue 1,2223,Rennes,2022-08-21 Rennes-Ajaccio,2022-08-21,Matchweek 3,Sun,Home,W,2,1,Ajaccio,55,652.0,55.0,171.0,342.0,148.0,27.0,652.0,20.0,10.0,50.0,9.0,45.0,446.0,2435.0,1007.0,14.0,12.0,8.0,21.0,8.0,416.0,51.0,17:05:00,/en/matches/9befca9a/Rennes-Ajaccio-August-21-2022-Ligue-1
FRA-Ligue 1,2223,Rennes,2022-08-27 Lens-Rennes,2022-08-27,Matchweek 4,Sat,Away,L,1,2,Lens,49,634.0,60.0,187.0,314.0,140.0,26.0,634.0,17.0,9.0,52.9,4.0,23.5,471.0,2741.0,1334.0,24.0,19.0,4.0,11.0,11.0,434.0,42.0,21:00:00,/en/matches/a46ef768/Lens-Rennes-August-27-2022-Ligue-1
FRA-Ligue 1,2223,Rennes,2022-08-31 Rennes-Brest,2022-08-31,Matchweek 5,Wed,Home,W,3,1,Brest,64,806.0,47.0,166.0,440.0,202.0,40.0,806.0,28.0,12.0,42.9,15.0,53.6,633.0,3686.0,1595.0,15.0,14.0,5.0,21.0,10.0,584.0,94.0,21:00:00,/en/matches/b9bd2221/Rennes-Brest-August-31-2022-Ligue-1
FRA-Ligue 1,2223,Rennes,2022-09-04 Troyes-Rennes,2022-09-04,Matchweek 6,Sun,Away,D,1,1,Troyes,71,765.0,24.0,90.0,400.0,282.0,42.0,765.0,14.0,5.0,35.7,6.0,42.9,617.0,3355.0,1743.0,25.0,38.0,5.0,18.0,11.0,593.0,78.0,17:05:00,/en/matches/e174ad85/Troyes-Rennes-September-4-2022-Ligue-1
FRA-Ligue 1,2223,Rennes,2022-09-11 Rennes-Auxerre,2022-09-11,Matchweek 7,Sun,Home,W,5,0,Auxerre,48,595.0,62.0,182.0,313.0,106.0,19.0,595.0,21.0,12.0,57.1,8.0,38.1,436.0,2752.0,1367.0,21.0,15.0,7.0,11.0,9.0,396.0,29.0,17:05:00,/en/matches/16d3a368/Rennes-Auxerre-September-11-2022-Ligue-1
FRA-Ligue 1,2223,Rennes,2022-09-18 Marseille-Rennes,2022-09-18,Matchweek 8,Sun,Away,D,1,1,Marseille,41,530.0,59.0,165.0,233.0,140.0,19.0,530.0,20.0,9.0,45.0,10.0,50.0,351.0,2146.0,944.0,19.0,17.0,7.0,16.0,9.0,306.0,40.0,15:00:00,/en/matches/abf90423/Marseille-Rennes-September-18-2022-Ligue-1
FRA-Ligue 1,2223,Rennes,2022-10-01 Strasbourg-Rennes,2022-10-01,Matchweek 9,Sat,Away,W,3,1,Strasbourg,60,728.0,47.0,197.0,358.0,178.0,33.0,728.0,13.0,4.0,30.8,6.0,46.2,604.0,3422.0,1466.0,21.0,19.0,4.0,13.0,5.0,544.0,49.0,17:00:00,/en/matches/304c5e6e/Strasbourg-Rennes-October-1-2022-Ligue-1
FRA-Ligue 1,2223,Rennes,2022-10-09 Rennes-Nantes,2022-10-09,Matchweek 10,Sun,Home,W,3,0,Nantes,57,625.0,61.0,166.0,304.0,160.0,32.0,625.0,12.0,3.0,25.0,7.0,58.3,424.0,2043.0,886.0,18.0,9.0,2.0,24.0,12.0,397.0,56.0,17:05:00,/en/matches/c2be4bef/Rennes-Nantes-October-9-2022-Ligue-1
FRA-Ligue 1,2223,Rennes,2022-10-16 Rennes-Lyon,2022-10-16,Matchweek 11,Sun,Home,W,3,2,Lyon,40,554.0,37.0,144.0,313.0,105.0,17.0,554.0,15.0,5.0,33.3,9.0,60.0,373.0,2078.0,922.0,18.0,6.0,6.0,20.0,5.0,323.0,35.0,15:00:00,/en/matches/62b68f87/Rennes-Lyon-October-16-2022-Ligue-1
FRA-Ligue 1,2223,Rennes,2022-10-23 Angers-Rennes,2022-10-23,Matchweek 12,Sun,Away,W,2,1,Angers,70,797.0,32.0,121.0,527.0,153.0,20.0,796.0,11.0,7.0,63.6,2.0,18.2,658.0,3567.0,1470.0,17.0,19.0,3.0,9.0,10.0,619.0,71.0,13:00:00,/en/matches/c9d3fd4b/Angers-Rennes-October-23-2022-Ligue-1
FRA-Ligue 1,2223,Rennes,2022-10-30 Rennes-Montpellier,2022-10-30,Matchweek 13,Sun,Home,W,3,0,Montpellier,55,665.0,53.0,149.0,327.0,195.0,20.0,665.0,21.0,10.0,47.6,10.0,47.6,499.0,3134.0,1409.0,25.0,34.0,4.0,19.0,10.0,460.0,56.0,15:00:00,/en/matches/5a0894db/Rennes-Montpellier-October-30-2022-Ligue-1
FRA-Ligue 1,2223,Rennes,2022-11-06 Lille-Rennes,2022-11-06,Matchweek 14,Sun,Away,D,1,1,Lille,38,492.0,69.0,222.0,211.0,63.0,4.0,491.0,15.0,3.0,20.0,11.0,73.3,327.0,1699.0,832.0,8.0,8.0,1.0,12.0,10.0,277.0,19.0,17:05:00,/en/matches/004b284e/Lille-Rennes-November-6-2022-Ligue-1
FRA-Ligue 1,2223,Rennes,2022-11-12 Rennes-Toulouse,2022-11-12,Matchweek 15,Sat,Home,W,2,1,Toulouse,46,579.0,46.0,183.0,254.0,148.0,16.0,579.0,14.0,5.0,35.7,7.0,50.0,388.0,2190.0,1032.0,19.0,26.0,3.0,15.0,9.0,359.0,34.0,21:00:00,/en/matches/f352bc06/Rennes-Toulouse-November-12-2022-Ligue-1
FRA-Ligue 1,2223,Rennes,2022-12-29 Reims-Rennes,2022-12-29,Matchweek 16,Thu,Away,L,1,3,Reims,66,750.0,49.0,195.0,385.0,180.0,34.0,750.0,23.0,12.0,52.2,8.0,34.8,575.0,3329.0,1538.0,21.0,11.0,7.0,14.0,12.0,527.0,54.0,19:00:00,/en/matches/ae3fb1a3/Reims-Rennes-December-29-2022-Ligue-1
FRA-Ligue 1,2223,Rennes,2023-01-02 Rennes-Nice,2023-01-02,Matchweek 17,Mon,Home,W,2,1,Nice,62,788.0,43.0,155.0,400.0,239.0,43.0,788.0,19.0,7.0,36.8,11.0,57.9,619.0,3140.0,1518.0,20.0,18.0,8.0,16.0,11.0,577.0,78.0,21:00:00,/en/matches/4d3e283f/Rennes-Nice-January-2-2023-Ligue-1
FRA-Ligue 1,2223,Rennes,2023-01-11 Clermont Foot-Rennes,2023-01-11,Matchweek 18,Wed,Away,L,1,2,Clermont Foot,61,721.0,45.0,175.0,431.0,121.0,18.0,721.0,15.0,6.0,40.0,8.0,53.3,569.0,3155.0,1495.0,15.0,12.0,3.0,17.0,4.0,520.0,50.0,19:00:00,/en/matches/560bb258/Clermont-Foot-Rennes-January-11-2023-Ligue-1
FRA-Ligue 1,2223,Rennes,2023-01-15 Rennes-Paris S-G,2023-01-15,Matchweek 19,Sun,Home,W,1,0,Paris S-G,35,503.0,76.0,195.0,215.0,101.0,12.0,503.0,18.0,6.0,33.3,11.0,61.1,361.0,2141.0,961.0,17.0,12.0,3.0,13.0,5.0,317.0,23.0,20:45:00,/en/matches/a1cfed8d/Rennes-Paris-Saint-Germain-January-15-2023-Ligue-1
FRA-Ligue 1,2223,Rennes,2023-01-27 Lorient-Rennes,2023-01-27,Matchweek 20,Fri,Away,L,1,2,Lorient,67,846.0,33.0,107.0,356.0,391.0,52.0,846.0,30.0,14.0,46.7,15.0,50.0,673.0,3678.0,1754.0,27.0,35.0,6.0,15.0,11.0,622.0,83.0,21:00:00,/en/matches/b1b646a8/Lorient-Rennes-January-27-2023-Ligue-1
FRA-Ligue 1,2223,Rennes,2023-02-01 Rennes-Strasbourg,2023-02-01,Matchweek 21,Wed,Home,W,3,0,Strasbourg,59,686.0,42.0,188.0,422.0,79.0,11.0,686.0,14.0,9.0,64.3,4.0,28.6,567.0,3045.0,1447.0,16.0,13.0,6.0,10.0,5.0,533.0,26.0,21:00:00,/en/matches/cdc46e1d/Rennes-Strasbourg-February-1-2023-Ligue-1
FRA-Ligue 1,2223,Rennes,2023-02-04 Rennes-Lille,2023-02-04,Matchweek 22,Sat,Home,L,1,3,Lille,39,516.0,77.0,211.0,207.0,102.0,14.0,516.0,26.0,13.0,50.0,12.0,46.2,330.0,1745.0,859.0,17.0,6.0,2.0,19.0,7.0,282.0,22.0,21:00:00,/en/matches/b405d94b/Rennes-Lille-February-4-2023-Ligue-1
FRA-Ligue 1,2223,Rennes,2023-02-12 Toulouse-Rennes,2023-02-12,Matchweek 23,Sun,Away,L,1,3,Toulouse,68,769.0,38.0,143.0,372.0,261.0,29.0,769.0,43.0,25.0,58.1,16.0,37.2,596.0,3730.0,1724.0,32.0,25.0,9.0,16.0,15.0,554.0,65.0,13:00:00,/en/matches/65d07eec/Toulouse-Rennes-February-12-2023-Ligue-1
FRA-Ligue 1,2223,Rennes,2023-02-19 Rennes-Clermont Foot,2023-02-19,Matchweek 24,Sun,Home,W,2,0,Clermont Foot,59,738.0,65.0,237.0,372.0,137.0,18.0,738.0,24.0,14.0,58.3,7.0,29.2,593.0,3446.0,1752.0,23.0,12.0,5.0,18.0,11.0,537.0,44.0,15:00:00,/en/matches/e1b735e0/Rennes-Clermont-Foot-February-19-2023-Ligue-1
FRA-Ligue 1,2223,Rennes,2023-02-26 Nantes-Rennes,2023-02-26,Matchweek 25,Sun,Away,W,1,0,Nantes,44,585.0,87.0,240.0,244.0,106.0,22.0,585.0,27.0,14.0,51.9,11.0,40.7,375.0,2317.0,870.0,17.0,10.0,7.0,12.0,4.0,330.0,31.0,15:00:00,/en/matches/faf5f698/Nantes-Rennes-February-26-2023-Ligue-1
FRA-Ligue 1,2223,Rennes,2023-03-05 Rennes-Marseille,2023-03-05,Matchweek 26,Sun,Home,L,0,1,Marseille,55,645.0,61.0,210.0,287.0,157.0,26.0,645.0,28.0,16.0,57.1,10.0,35.7,449.0,2642.0,1183.0,19.0,18.0,8.0,20.0,14.0,405.0,48.0,20:45:00,/en/matches/723f16d0/Rennes-Marseille-March-5-2023-Ligue-1
FRA-Ligue 1,2223,Rennes,2023-03-11 Auxerre-Rennes,2023-03-11,Matchweek 27,Sat,Away,D,0,0,Auxerre,67,799.0,63.0,203.0,435.0,163.0,29.0,799.0,17.0,6.0,35.3,10.0,58.8,612.0,3656.0,2010.0,17.0,15.0,6.0,17.0,7.0,583.0,53.0,17:00:00,/en/matches/edf3e1c0/Auxerre-Rennes-March-11-2023-Ligue-1
FRA-Ligue 1,2223,Rennes,2023-03-19 Paris S-G-Rennes,2023-03-19,Matchweek 28,Sun,Away,W,2,0,Paris S-G,40,548.0,78.0,203.0,254.0,97.0,17.0,548.0,25.0,15.0,60.0,7.0,28.0,423.0,2582.0,1283.0,20.0,16.0,5.0,6.0,4.0,380.0,33.0,17:05:00,/en/matches/9acfad51/Paris-Saint-Germain-Rennes-March-19-2023-Ligue-1
FRA-Ligue 1,2223,Rennes,2023-04-01 Rennes-Lens,2023-04-01,Matchweek 29,Sat,Home,L,0,1,Lens,56,692.0,43.0,158.0,382.0,159.0,17.0,692.0,22.0,12.0,54.5,9.0,40.9,543.0,3014.0,1461.0,13.0,29.0,3.0,13.0,5.0,505.0,54.0,21:00:00,/en/matches/1130a1b6/Rennes-Lens-April-1-2023-Ligue-1
FRA-Ligue 1,2223,Rennes,2023-04-09 Lyon-Rennes,2023-04-09,Matchweek 30,Sun,Away,L,1,3,Lyon,41,509.0,61.0,150.0,241.0,125.0,21.0,509.0,26.0,20.0,76.9,4.0,15.4,346.0,1818.0,661.0,8.0,12.0,3.0,16.0,16.0,321.0,38.0,13:00:00,/en/matches/f258dab1/Lyon-Rennes-April-9-2023-Ligue-1
FRA-Ligue 1,2223,Rennes,2023-04-15 Rennes-Reims,2023-04-15,Matchweek 31,Sat,Home,W,3,0,Reims,51,620.0,66.0,196.0,278.0,153.0,40.0,620.0,18.0,14.0,77.8,4.0,22.2,426.0,2350.0,976.0,18.0,13.0,10.0,21.0,12.0,373.0,39.0,17:00:00,/en/matches/46c859a1/Rennes-Reims-April-15-2023-Ligue-1
FRA-Ligue 1,2223,Rennes,2023-04-23 Montpellier-Rennes,2023-04-23,Matchweek 32,Sun,Away,L,0,1,Montpellier,69,734.0,59.0,162.0,315.0,265.0,36.0,734.0,22.0,16.0,72.7,3.0,13.6,596.0,4166.0,2145.0,39.0,41.0,8.0,15.0,5.0,554.0,76.0,17:05:00,/en/matches/f605cc42/Montpellier-Rennes-April-23-2023-Ligue-1
FRA-Ligue 1,2223,Rennes,2023-04-30 Rennes-Angers,2023-04-30,Matchweek 33,Sun,Home,W,4,2,Angers,64,671.0,45.0,165.0,362.0,152.0,31.0,671.0,23.0,13.0,56.5,7.0,30.4,545.0,3319.0,1704.0,25.0,20.0,8.0,11.0,7.0,515.0,56.0,15:00:00,/en/matches/8a1bae48/Rennes-Angers-April-30-2023-Ligue-1
FRA-Ligue 1,2223,Rennes,2023-05-06 Nice-Rennes,2023-05-06,Matchweek 34,Sat,Away,L,1,2,Nice,53,633.0,50.0,166.0,339.0,137.0,25.0,633.0,28.0,14.0,50.0,11.0,39.3,486.0,2717.0,1362.0,22.0,21.0,7.0,6.0,9.0,448.0,48.0,17:00:00,/en/matches/7892fd01/Nice-Rennes-May-6-2023-Ligue-1
FRA-Ligue 1,2223,Rennes,2023-05-14 Rennes-Troyes,2023-05-14,Matchweek 35,Sun,Home,W,4,0,Troyes,66,706.0,44.0,131.0,362.0,218.0,47.0,706.0,15.0,9.0,60.0,5.0,33.3,565.0,3166.0,1501.0,25.0,24.0,7.0,15.0,6.0,526.0,59.0,15:00:00,/en/matches/ed2523e7/Rennes-Troyes-May-14-2023-Ligue-1
FRA-Ligue 1,2223,Rennes,2023-05-21 Ajaccio-Rennes,2023-05-21,Matchweek 36,Sun,Away,W,5,0,Ajaccio,58,643.0,44.0,156.0,357.0,140.0,24.0,643.0,28.0,19.0,67.9,7.0,25.0,507.0,3194.0,1781.0,25.0,28.0,3.0,12.0,9.0,467.0,44.0,13:00:00,/en/matches/3f140dc2/Ajaccio-Rennes-May-21-2023-Ligue-1
FRA-Ligue 1,2223,Rennes,2023-05-27 Rennes-Monaco,2023-05-27,Matchweek 37,Sat,Home,W,2,0,Monaco,57,625.0,66.0,176.0,325.0,130.0,24.0,625.0,20.0,11.0,55.0,7.0,35.0,479.0,2951.0,1509.0,23.0,17.0,6.0,9.0,8.0,433.0,49.0,21:00:00,/en/matches/25f4ccfb/Rennes-Monaco-May-27-2023-Ligue-1
FRA-Ligue 1,2223,Rennes,2023-06-03 Brest-Rennes,2023-06-03,Matchweek 38,Sat,Away,W,2,1,Brest,47,493.0,50.0,142.0,275.0,85.0,20.0,492.0,18.0,13.0,72.2,5.0,27.8,343.0,2307.0,971.0,23.0,15.0,4.0,15.0,5.0,303.0,32.0,21:00:00,/en/matches/e9d9bb82/Brest-Rennes-June-3-2023-Ligue-1
FRA-Ligue 1,2223,Strasbourg,2022-08-06 Strasbourg-Monaco,2022-08-06,Matchweek 1,Sat,Home,L,1,2,Monaco,53,660.0,87.0,266.0,290.0,109.0,21.0,660.0,17.0,8.0,47.1,6.0,35.3,436.0,2298.0,1050.0,6.0,13.0,2.0,26.0,8.0,406.0,34.0,17:00:00,/en/matches/b9e7f94c/Strasbourg-Monaco-August-6-2022-Ligue-1
FRA-Ligue 1,2223,Strasbourg,2022-08-14 Nice-Strasbourg,2022-08-14,Matchweek 2,Sun,Away,D,1,1,Nice,45,597.0,69.0,188.0,301.0,115.0,18.0,597.0,16.0,4.0,25.0,9.0,56.3,410.0,2134.0,1107.0,12.0,11.0,0.0,12.0,6.0,383.0,37.0,17:05:00,/en/matches/d1bb8afd/Nice-Strasbourg-August-14-2022-Ligue-1
FRA-Ligue 1,2223,Strasbourg,2022-08-21 Strasbourg-Reims,2022-08-21,Matchweek 3,Sun,Home,D,1,1,Reims,63,671.0,64.0,172.0,336.0,166.0,22.0,671.0,15.0,10.0,66.7,4.0,26.7,488.0,2852.0,1290.0,15.0,16.0,4.0,12.0,7.0,454.0,39.0,13:00:00,/en/matches/be90ec61/Strasbourg-Reims-August-21-2022-Ligue-1
FRA-Ligue 1,2223,Strasbourg,2022-08-27 Auxerre-Strasbourg,2022-08-27,Matchweek 4,Sat,Away,L,0,1,Auxerre,58,748.0,50.0,176.0,370.0,206.0,29.0,748.0,13.0,9.0,69.2,3.0,23.1,574.0,3225.0,1776.0,18.0,24.0,4.0,13.0,7.0,536.0,65.0,17:00:00,/en/matches/0bd45b22/Auxerre-Strasbourg-August-27-2022-Ligue-1
FRA-Ligue 1,2223,Strasbourg,2022-08-31 Strasbourg-Nantes,2022-08-31,Matchweek 5,Wed,Home,D,1,1,Nantes,46,590.0,58.0,190.0,279.0,127.0,11.0,590.0,19.0,11.0,57.9,6.0,31.6,421.0,2540.0,1068.0,12.0,18.0,2.0,14.0,11.0,373.0,31.0,19:00:00,/en/matches/6a2fc46c/Strasbourg-Nantes-August-31-2022-Ligue-1
FRA-Ligue 1,2223,Strasbourg,2022-09-04 Brest-Strasbourg,2022-09-04,Matchweek 6,Sun,Away,D,1,1,Brest,41,483.0,54.0,158.0,199.0,130.0,22.0,482.0,26.0,17.0,65.4,6.0,23.1,303.0,1579.0,817.0,14.0,16.0,3.0,12.0,9.0,271.0,28.0,15:00:00,/en/matches/a4f51170/Brest-Strasbourg-September-4-2022-Ligue-1
FRA-Ligue 1,2223,Strasbourg,2022-09-11 Strasbourg-Clermont Foot,2022-09-11,Matchweek 7,Sun,Home,D,0,0,Clermont Foot,43,510.0,46.0,148.0,234.0,139.0,21.0,510.0,21.0,11.0,52.4,8.0,38.1,322.0,1953.0,1013.0,17.0,19.0,2.0,17.0,3.0,274.0,30.0,13:00:00,/en/matches/198f2034/Strasbourg-Clermont-Foot-September-11-2022-Ligue-1
FRA-Ligue 1,2223,Strasbourg,2022-09-17 Montpellier-Strasbourg,2022-09-17,Matchweek 8,Sat,Away,L,1,2,Montpellier,50,525.0,57.0,198.0,209.0,123.0,22.0,525.0,19.0,8.0,42.1,10.0,52.6,338.0,2262.0,1108.0,23.0,12.0,6.0,19.0,8.0,300.0,36.0,17:00:00,/en/matches/ea79c10f/Montpellier-Strasbourg-September-17-2022-Ligue-1
FRA-Ligue 1,2223,Strasbourg,2022-10-01 Strasbourg-Rennes,2022-10-01,Matchweek 9,Sat,Home,L,1,3,Rennes,40,521.0,64.0,163.0,253.0,116.0,8.0,520.0,19.0,9.0,47.4,9.0,47.4,364.0,2114.0,1153.0,16.0,16.0,3.0,11.0,8.0,330.0,31.0,17:00:00,/en/matches/304c5e6e/Strasbourg-Rennes-October-1-2022-Ligue-1
FRA-Ligue 1,2223,Strasbourg,2022-10-09 Angers-Strasbourg,2022-10-09,Matchweek 10,Sun,Away,W,3,2,Angers,46,577.0,56.0,152.0,275.0,156.0,29.0,577.0,17.0,8.0,47.1,6.0,35.3,427.0,2849.0,1323.0,13.0,23.0,3.0,11.0,12.0,384.0,58.0,15:00:00,/en/matches/bc649871/Angers-Strasbourg-October-9-2022-Ligue-1
FRA-Ligue 1,2223,Strasbourg,2022-10-14 Strasbourg-Lille,2022-10-14,Matchweek 11,Fri,Home,L,0,3,Lille,43,586.0,51.0,147.0,314.0,138.0,18.0,586.0,16.0,9.0,56.3,6.0,37.5,390.0,2219.0,917.0,16.0,15.0,1.0,19.0,6.0,337.0,42.0,21:00:00,/en/matches/5004b998/Strasbourg-Lille-October-14-2022-Ligue-1
FRA-Ligue 1,2223,Strasbourg,2022-10-23 Toulouse-Strasbourg,2022-10-23,Matchweek 12,Sun,Away,D,2,2,Toulouse,52,591.0,61.0,178.0,269.0,148.0,16.0,590.0,13.0,4.0,30.8,6.0,46.2,414.0,2413.0,1276.0,23.0,18.0,3.0,15.0,3.0,380.0,39.0,15:00:00,/en/matches/ef6dff8d/Toulouse-Strasbourg-October-23-2022-Ligue-1
FRA-Ligue 1,2223,Strasbourg,2022-10-29 Strasbourg-Marseille,2022-10-29,Matchweek 13,Sat,Home,D,2,2,Marseille,51,620.0,56.0,189.0,294.0,141.0,22.0,620.0,10.0,0.0,0.0,7.0,70.0,449.0,2513.0,1178.0,15.0,18.0,3.0,13.0,7.0,405.0,36.0,21:00:00,/en/matches/be8af29c/Strasbourg-Marseille-October-29-2022-Ligue-1
FRA-Ligue 1,2223,Strasbourg,2022-11-05 Ajaccio-Strasbourg,2022-11-05,Matchweek 14,Sat,Away,L,2,4,Ajaccio,51,512.0,45.0,134.0,269.0,113.0,15.0,512.0,11.0,5.0,45.5,4.0,36.4,359.0,1984.0,1060.0,12.0,15.0,3.0,12.0,6.0,324.0,30.0,17:00:00,/en/matches/ce07c8bb/Ajaccio-Strasbourg-November-5-2022-Ligue-1
FRA-Ligue 1,2223,Strasbourg,2022-11-13 Strasbourg-Lorient,2022-11-13,Matchweek 15,Sun,Home,D,1,1,Lorient,61,786.0,39.0,150.0,377.0,264.0,38.0,786.0,17.0,7.0,41.2,8.0,47.1,568.0,2854.0,1280.0,19.0,21.0,4.0,19.0,7.0,539.0,69.0,17:05:00,/en/matches/d02cfa28/Strasbourg-Lorient-November-13-2022-Ligue-1
FRA-Ligue 1,2223,Strasbourg,2022-12-28 Paris S-G-Strasbourg,2022-12-28,Matchweek 16,Wed,Away,L,1,2,Paris S-G,29,466.0,62.0,169.0,191.0,115.0,21.0,466.0,14.0,6.0,42.9,6.0,42.9,310.0,1556.0,699.0,13.0,12.0,3.0,10.0,12.0,262.0,32.0,21:00:00,/en/matches/c4b9d773/Paris-Saint-Germain-Strasbourg-December-28-2022-Ligue-1
FRA-Ligue 1,2223,Strasbourg,2023-01-02 Strasbourg-Troyes,2023-01-02,Matchweek 17,Mon,Home,L,2,3,Troyes,56,697.0,37.0,141.0,348.0,212.0,38.0,697.0,12.0,6.0,50.0,4.0,33.3,487.0,2879.0,1339.0,16.0,20.0,3.0,21.0,11.0,466.0,54.0,15:00:00,/en/matches/f8182d7b/Strasbourg-Troyes-January-2-2023-Ligue-1
FRA-Ligue 1,2223,Strasbourg,2023-01-11 Strasbourg-Lens,2023-01-11,Matchweek 18,Wed,Home,D,2,2,Lens,35,485.0,71.0,239.0,187.0,66.0,12.0,485.0,22.0,9.0,40.9,11.0,50.0,326.0,1758.0,820.0,10.0,10.0,5.0,11.0,15.0,284.0,25.0,21:00:00,/en/matches/e91d3b16/Strasbourg-Lens-January-11-2023-Ligue-1
FRA-Ligue 1,2223,Strasbourg,2023-01-14 Lyon-Strasbourg,2023-01-14,Matchweek 19,Sat,Away,W,2,1,Lyon,28,470.0,107.0,267.0,154.0,58.0,8.0,470.0,14.0,4.0,28.6,7.0,50.0,249.0,1548.0,623.0,9.0,6.0,4.0,18.0,15.0,203.0,12.0,21:00:00,/en/matches/6016edce/Lyon-Strasbourg-January-14-2023-Ligue-1
FRA-Ligue 1,2223,Strasbourg,2023-01-29 Strasbourg-Toulouse,2023-01-29,Matchweek 20,Sun,Home,L,1,2,Toulouse,54,730.0,54.0,217.0,354.0,172.0,21.0,730.0,20.0,6.0,30.0,14.0,70.0,507.0,2978.0,1258.0,16.0,17.0,4.0,19.0,11.0,465.0,41.0,15:00:00,/en/matches/a2c720b1/Strasbourg-Toulouse-January-29-2023-Ligue-1
FRA-Ligue 1,2223,Strasbourg,2023-02-01 Rennes-Strasbourg,2023-02-01,Matchweek 21,Wed,Away,L,0,3,Rennes,41,507.0,41.0,153.0,266.0,92.0,7.0,507.0,9.0,4.0,44.4,3.0,33.3,381.0,2197.0,945.0,16.0,16.0,1.0,17.0,7.0,352.0,24.0,21:00:00,/en/matches/cdc46e1d/Rennes-Strasbourg-February-1-2023-Ligue-1
FRA-Ligue 1,2223,Strasbourg,2023-02-05 Strasbourg-Montpellier,2023-02-05,Matchweek 22,Sun,Home,W,2,0,Montpellier,33,433.0,72.0,204.0,194.0,42.0,8.0,433.0,19.0,9.0,47.4,8.0,42.1,236.0,1502.0,681.0,9.0,4.0,2.0,20.0,6.0,203.0,18.0,15:00:00,/en/matches/1b074cd2/Strasbourg-Montpellier-February-5-2023-Ligue-1
FRA-Ligue 1,2223,Strasbourg,2023-02-12 Lille-Strasbourg,2023-02-12,Matchweek 23,Sun,Away,L,0,2,Lille,33,479.0,67.0,187.0,206.0,97.0,10.0,479.0,21.0,12.0,57.1,7.0,33.3,337.0,2084.0,1027.0,19.0,18.0,3.0,13.0,3.0,292.0,25.0,15:00:00,/en/matches/5bcb2b4d/Lille-Strasbourg-February-12-2023-Ligue-1
FRA-Ligue 1,2223,Strasbourg,2023-02-18 Strasbourg-Angers,2023-02-18,Matchweek 24,Sat,Home,W,2,1,Angers,36,471.0,59.0,168.0,195.0,116.0,27.0,471.0,21.0,9.0,42.9,7.0,33.3,300.0,1827.0,822.0,16.0,14.0,3.0,12.0,9.0,258.0,27.0,21:00:00,/en/matches/7981e432/Strasbourg-Angers-February-18-2023-Ligue-1
FRA-Ligue 1,2223,Strasbourg,2023-02-26 Clermont Foot-Strasbourg,2023-02-26,Matchweek 25,Sun,Away,D,1,1,Clermont Foot,44,524.0,67.0,146.0,294.0,88.0,17.0,524.0,23.0,6.0,26.1,12.0,52.2,306.0,1581.0,610.0,7.0,3.0,1.0,11.0,14.0,266.0,33.0,15:00:00,/en/matches/3c41bf64/Clermont-Foot-Strasbourg-February-26-2023-Ligue-1
FRA-Ligue 1,2223,Strasbourg,2023-03-05 Strasbourg-Brest,2023-03-05,Matchweek 26,Sun,Home,L,0,1,Brest,62,659.0,37.0,139.0,345.0,180.0,21.0,659.0,26.0,10.0,38.5,12.0,46.2,420.0,2656.0,1330.0,23.0,17.0,1.0,25.0,5.0,393.0,50.0,15:00:00,/en/matches/9971c1e8/Strasbourg-Brest-March-5-2023-Ligue-1
FRA-Ligue 1,2223,Strasbourg,2023-03-12 Marseille-Strasbourg,2023-03-12,Matchweek 27,Sun,Away,D,2,2,Marseille,59,656.0,42.0,148.0,312.0,201.0,35.0,656.0,16.0,7.0,43.8,8.0,50.0,475.0,2825.0,1458.0,30.0,29.0,6.0,12.0,9.0,431.0,37.0,20:45:00,/en/matches/5bd3872f/Marseille-Strasbourg-March-12-2023-Ligue-1
FRA-Ligue 1,2223,Strasbourg,2023-03-19 Strasbourg-Auxerre,2023-03-19,Matchweek 28,Sun,Home,W,2,0,Auxerre,51,547.0,59.0,171.0,276.0,103.0,19.0,546.0,18.0,11.0,61.1,6.0,33.3,340.0,1830.0,687.0,9.0,10.0,3.0,14.0,14.0,289.0,38.0,15:00:00,/en/matches/8c7d3708/Strasbourg-Auxerre-March-19-2023-Ligue-1
FRA-Ligue 1,2223,Strasbourg,2023-04-02 Monaco-Strasbourg,2023-04-02,Matchweek 29,Sun,Away,L,3,4,Monaco,50,612.0,54.0,171.0,298.0,153.0,19.0,612.0,25.0,13.0,52.0,9.0,36.0,415.0,2654.0,1381.0,33.0,30.0,4.0,13.0,5.0,365.0,39.0,17:05:00,/en/matches/87a8aadf/Monaco-Strasbourg-April-2-2023-Ligue-1
FRA-Ligue 1,2223,Strasbourg,2023-04-07 Lens-Strasbourg,2023-04-07,Matchweek 30,Fri,Away,L,1,2,Lens,46,574.0,47.0,141.0,283.0,162.0,22.0,574.0,22.0,9.0,40.9,6.0,27.3,402.0,2356.0,1022.0,14.0,17.0,3.0,24.0,2.0,359.0,30.0,21:00:00,/en/matches/c64ab24a/Lens-Strasbourg-April-7-2023-Ligue-1
FRA-Ligue 1,2223,Strasbourg,2023-04-16 Strasbourg-Ajaccio,2023-04-16,Matchweek 31,Sun,Home,W,3,1,Ajaccio,43,498.0,38.0,123.0,291.0,93.0,13.0,497.0,19.0,12.0,63.2,5.0,26.3,320.0,1890.0,911.0,14.0,8.0,5.0,18.0,5.0,285.0,41.0,15:00:00,/en/matches/c4b417d4/Strasbourg-Ajaccio-April-16-2023-Ligue-1
FRA-Ligue 1,2223,Strasbourg,2023-04-23 Reims-Strasbourg,2023-04-23,Matchweek 32,Sun,Away,W,2,0,Reims,27,363.0,68.0,173.0,130.0,69.0,14.0,363.0,20.0,13.0,65.0,4.0,20.0,175.0,1083.0,559.0,11.0,10.0,1.0,11.0,5.0,124.0,17.0,13:00:00,/en/matches/bd272f62/Reims-Strasbourg-April-23-2023-Ligue-1
FRA-Ligue 1,2223,Strasbourg,2023-04-28 Strasbourg-Lyon,2023-04-28,Matchweek 33,Fri,Home,L,1,2,Lyon,53,616.0,42.0,138.0,324.0,161.0,27.0,616.0,29.0,17.0,58.6,9.0,31.0,404.0,2191.0,876.0,19.0,17.0,6.0,17.0,10.0,370.0,34.0,21:00:00,/en/matches/7102beec/Strasbourg-Lyon-April-28-2023-Ligue-1
FRA-Ligue 1,2223,Strasbourg,2023-05-07 Nantes-Strasbourg,2023-05-07,Matchweek 34,Sun,Away,W,2,0,Nantes,46,564.0,69.0,193.0,302.0,73.0,15.0,563.0,31.0,15.0,48.4,12.0,38.7,340.0,1950.0,910.0,19.0,13.0,7.0,29.0,5.0,300.0,29.0,15:00:00,/en/matches/8411b267/Nantes-Strasbourg-May-7-2023-Ligue-1
FRA-Ligue 1,2223,Strasbourg,2023-05-13 Strasbourg-Nice,2023-05-13,Matchweek 35,Sat,Home,W,2,0,Nice,40,517.0,45.0,145.0,237.0,141.0,28.0,516.0,17.0,7.0,41.2,10.0,58.8,360.0,2256.0,844.0,14.0,15.0,4.0,17.0,15.0,317.0,30.0,17:00:00,/en/matches/c505aa59/Strasbourg-Nice-May-13-2023-Ligue-1
FRA-Ligue 1,2223,Strasbourg,2023-05-21 Troyes-Strasbourg,2023-05-21,Matchweek 36,Sun,Away,D,1,1,Troyes,55,575.0,28.0,112.0,310.0,160.0,28.0,575.0,14.0,8.0,57.1,3.0,21.4,442.0,2335.0,1073.0,18.0,12.0,7.0,11.0,6.0,400.0,33.0,15:00:00,/en/matches/bfbeee1e/Troyes-Strasbourg-May-21-2023-Ligue-1
FRA-Ligue 1,2223,Strasbourg,2023-05-27 Strasbourg-Paris S-G,2023-05-27,Matchweek 37,Sat,Home,D,1,1,Paris S-G,34,486.0,26.0,123.0,271.0,99.0,15.0,486.0,29.0,17.0,58.6,9.0,31.0,381.0,2229.0,1144.0,22.0,19.0,5.0,9.0,8.0,346.0,20.0,21:00:00,/en/matches/b78590c5/Strasbourg-Paris-Saint-Germain-May-27-2023-Ligue-1
FRA-Ligue 1,2223,Strasbourg,2023-06-03 Lorient-Strasbourg,2023-06-03,Matchweek 38,Sat,Away,L,1,2,Lorient,47,661.0,39.0,125.0,344.0,199.0,18.0,661.0,18.0,10.0,55.6,7.0,38.9,525.0,3356.0,1441.0,22.0,32.0,7.0,12.0,13.0,489.0,46.0,21:00:00,/en/matches/a744a9bd/Lorient-Strasbourg-June-3-2023-Ligue-1
FRA-Ligue 1,2223,Toulouse,2022-08-07 Toulouse-Nice,2022-08-07,Matchweek 1,Sun,Home,D,1,1,Nice,46,596.0,58.0,219.0,233.0,149.0,16.0,596.0,12.0,7.0,58.3,4.0,33.3,418.0,2377.0,964.0,14.0,16.0,3.0,15.0,11.0,392.0,46.0,13:00:00,/en/matches/8f2f241b/Toulouse-Nice-August-7-2022-Ligue-1
FRA-Ligue 1,2223,Toulouse,2022-08-14 Troyes-Toulouse,2022-08-14,Matchweek 2,Sun,Away,W,3,0,Troyes,67,703.0,62.0,197.0,369.0,140.0,22.0,703.0,12.0,1.0,8.3,9.0,75.0,543.0,2510.0,1208.0,16.0,8.0,3.0,9.0,10.0,516.0,60.0,15:00:00,/en/matches/f60d97c0/Troyes-Toulouse-August-14-2022-Ligue-1
FRA-Ligue 1,2223,Toulouse,2022-08-21 Toulouse-Lorient,2022-08-21,Matchweek 3,Sun,Home,D,2,2,Lorient,52,613.0,58.0,164.0,260.0,194.0,30.0,613.0,24.0,10.0,41.7,12.0,50.0,445.0,2544.0,1326.0,23.0,18.0,5.0,17.0,8.0,400.0,63.0,15:00:00,/en/matches/8fd476c8/Toulouse-Lorient-August-21-2022-Ligue-1
FRA-Ligue 1,2223,Toulouse,2022-08-28 Nantes-Toulouse,2022-08-28,Matchweek 4,Sun,Away,L,1,3,Nantes,50,563.0,50.0,205.0,247.0,115.0,21.0,563.0,13.0,8.0,61.5,5.0,38.5,381.0,2221.0,1060.0,21.0,11.0,10.0,17.0,8.0,355.0,39.0,13:00:00,/en/matches/211a8d64/Nantes-Toulouse-August-28-2022-Ligue-1
FRA-Ligue 1,2223,Toulouse,2022-08-31 Toulouse-Paris S-G,2022-08-31,Matchweek 5,Wed,Home,L,0,3,Paris S-G,38,512.0,75.0,188.0,216.0,118.0,15.0,512.0,16.0,5.0,31.3,9.0,56.3,358.0,2106.0,1074.0,21.0,13.0,3.0,12.0,5.0,325.0,41.0,21:00:00,/en/matches/63fb1427/Toulouse-Paris-Saint-Germain-August-31-2022-Ligue-1
FRA-Ligue 1,2223,Toulouse,2022-09-04 Clermont Foot-Toulouse,2022-09-04,Matchweek 6,Sun,Away,L,0,2,Clermont Foot,66,690.0,41.0,159.0,341.0,193.0,22.0,690.0,21.0,4.0,19.0,13.0,61.9,503.0,2396.0,1073.0,14.0,8.0,2.0,15.0,5.0,469.0,57.0,15:00:00,/en/matches/20d46d25/Clermont-Foot-Toulouse-September-4-2022-Ligue-1
FRA-Ligue 1,2223,Toulouse,2022-09-11 Toulouse-Reims,2022-09-11,Matchweek 7,Sun,Home,W,1,0,Reims,47,569.0,87.0,216.0,242.0,115.0,19.0,569.0,10.0,4.0,40.0,5.0,50.0,373.0,2172.0,796.0,20.0,12.0,8.0,17.0,9.0,310.0,47.0,15:00:00,/en/matches/9f57e775/Toulouse-Reims-September-11-2022-Ligue-1
FRA-Ligue 1,2223,Toulouse,2022-09-17 Lille-Toulouse,2022-09-17,Matchweek 8,Sat,Away,L,1,2,Lille,55,661.0,65.0,220.0,286.0,161.0,20.0,661.0,28.0,16.0,57.1,11.0,39.3,469.0,2251.0,1049.0,12.0,19.0,3.0,14.0,9.0,414.0,34.0,21:00:00,/en/matches/00795804/Lille-Toulouse-September-17-2022-Ligue-1
FRA-Ligue 1,2223,Toulouse,2022-10-02 Toulouse-Montpellier,2022-10-02,Matchweek 9,Sun,Home,W,4,2,Montpellier,43,511.0,87.0,216.0,202.0,96.0,21.0,511.0,14.0,4.0,28.6,8.0,57.1,279.0,1475.0,776.0,14.0,8.0,4.0,15.0,15.0,292.0,37.0,15:00:00,/en/matches/b53830d8/Toulouse-Montpellier-October-2-2022-Ligue-1
FRA-Ligue 1,2223,Toulouse,2022-10-07 Lyon-Toulouse,2022-10-07,Matchweek 10,Fri,Away,D,1,1,Lyon,42,568.0,76.0,206.0,247.0,121.0,9.0,568.0,20.0,7.0,35.0,11.0,55.0,373.0,1974.0,872.0,14.0,10.0,0.0,20.0,7.0,322.0,35.0,21:00:00,/en/matches/3e063ecd/Lyon-Toulouse-October-7-2022-Ligue-1
FRA-Ligue 1,2223,Toulouse,2022-10-16 Toulouse-Angers,2022-10-16,Matchweek 11,Sun,Home,W,3,2,Angers,55,601.0,58.0,210.0,257.0,140.0,24.0,600.0,20.0,5.0,25.0,11.0,55.0,441.0,2270.0,1121.0,25.0,14.0,4.0,12.0,7.0,398.0,55.0,13:00:00,/en/matches/4b81fd1f/Toulouse-Angers-October-16-2022-Ligue-1
FRA-Ligue 1,2223,Toulouse,2022-10-23 Toulouse-Strasbourg,2022-10-23,Matchweek 12,Sun,Home,D,2,2,Strasbourg,48,567.0,66.0,173.0,246.0,158.0,29.0,567.0,9.0,4.0,44.4,5.0,55.6,386.0,2010.0,1081.0,25.0,14.0,4.0,14.0,5.0,354.0,48.0,15:00:00,/en/matches/ef6dff8d/Toulouse-Strasbourg-October-23-2022-Ligue-1
FRA-Ligue 1,2223,Toulouse,2022-10-28 Lens-Toulouse,2022-10-28,Matchweek 13,Fri,Away,L,0,3,Lens,48,504.0,70.0,190.0,220.0,99.0,11.0,504.0,8.0,4.0,50.0,2.0,25.0,353.0,1876.0,938.0,15.0,5.0,3.0,14.0,4.0,317.0,24.0,21:00:00,/en/matches/95ff5e13/Lens-Toulouse-October-28-2022-Ligue-1
FRA-Ligue 1,2223,Toulouse,2022-11-06 Toulouse-Monaco,2022-11-06,Matchweek 14,Sun,Home,L,0,2,Monaco,48,572.0,73.0,188.0,239.0,149.0,26.0,572.0,22.0,3.0,13.6,15.0,68.2,361.0,1995.0,975.0,22.0,14.0,5.0,14.0,4.0,315.0,52.0,15:00:00,/en/matches/4c62ed91/Toulouse-Monaco-November-6-2022-Ligue-1
FRA-Ligue 1,2223,Toulouse,2022-11-12 Rennes-Toulouse,2022-11-12,Matchweek 15,Sat,Away,L,1,2,Rennes,54,641.0,47.0,166.0,317.0,166.0,15.0,641.0,13.0,7.0,53.8,4.0,30.8,453.0,2870.0,1465.0,24.0,18.0,3.0,20.0,6.0,420.0,62.0,21:00:00,/en/matches/f352bc06/Rennes-Toulouse-November-12-2022-Ligue-1
FRA-Ligue 1,2223,Toulouse,2022-12-29 Marseille-Toulouse,2022-12-29,Matchweek 16,Thu,Away,L,1,6,Marseille,49,580.0,60.0,167.0,282.0,138.0,22.0,579.0,20.0,10.0,50.0,7.0,35.0,422.0,2208.0,1102.0,18.0,15.0,6.0,21.0,12.0,372.0,32.0,21:00:00,/en/matches/34caf658/Marseille-Toulouse-December-29-2022-Ligue-1
FRA-Ligue 1,2223,Toulouse,2023-01-01 Toulouse-Ajaccio,2023-01-01,Matchweek 17,Sun,Home,W,2,0,Ajaccio,62,703.0,34.0,166.0,386.0,157.0,18.0,703.0,13.0,8.0,61.5,3.0,23.1,523.0,3140.0,1558.0,15.0,20.0,1.0,18.0,9.0,479.0,56.0,15:00:00,/en/matches/0e22e8ba/Toulouse-Ajaccio-January-1-2023-Ligue-1
FRA-Ligue 1,2223,Toulouse,2023-01-11 Auxerre-Toulouse,2023-01-11,Matchweek 18,Wed,Away,W,5,0,Auxerre,52,517.0,75.0,188.0,251.0,83.0,15.0,516.0,13.0,5.0,38.5,6.0,46.2,351.0,2032.0,790.0,9.0,7.0,2.0,11.0,14.0,317.0,26.0,19:00:00,/en/matches/7037273e/Auxerre-Toulouse-January-11-2023-Ligue-1
FRA-Ligue 1,2223,Toulouse,2023-01-15 Toulouse-Brest,2023-01-15,Matchweek 19,Sun,Home,D,1,1,Brest,64,707.0,51.0,152.0,377.0,184.0,34.0,707.0,20.0,11.0,55.0,6.0,30.0,542.0,3320.0,1794.0,29.0,15.0,5.0,16.0,8.0,492.0,75.0,15:00:00,/en/matches/10ac929c/Toulouse-Brest-January-15-2023-Ligue-1
FRA-Ligue 1,2223,Toulouse,2023-01-29 Strasbourg-Toulouse,2023-01-29,Matchweek 20,Sun,Away,W,2,1,Strasbourg,46,640.0,57.0,206.0,348.0,89.0,20.0,640.0,16.0,3.0,18.8,10.0,62.5,414.0,2265.0,970.0,11.0,8.0,4.0,19.0,7.0,376.0,40.0,15:00:00,/en/matches/a2c720b1/Strasbourg-Toulouse-January-29-2023-Ligue-1
FRA-Ligue 1,2223,Toulouse,2023-02-01 Toulouse-Troyes,2023-02-01,Matchweek 21,Wed,Home,W,4,1,Troyes,55,677.0,33.0,176.0,354.0,153.0,23.0,676.0,7.0,2.0,28.6,1.0,14.3,537.0,2744.0,1214.0,12.0,18.0,2.0,8.0,4.0,505.0,42.0,19:00:00,/en/matches/6226baab/Toulouse-Troyes-February-1-2023-Ligue-1
FRA-Ligue 1,2223,Toulouse,2023-02-04 Paris S-G-Toulouse,2023-02-04,Matchweek 22,Sat,Away,L,1,2,Paris S-G,39,517.0,81.0,218.0,208.0,96.0,11.0,517.0,14.0,8.0,57.1,4.0,28.6,402.0,2155.0,1058.0,19.0,12.0,4.0,15.0,8.0,355.0,33.0,17:00:00,/en/matches/20d2d2e9/Paris-Saint-Germain-Toulouse-February-4-2023-Ligue-1
FRA-Ligue 1,2223,Toulouse,2023-02-12 Toulouse-Rennes,2023-02-12,Matchweek 23,Sun,Home,W,3,1,Rennes,32,462.0,81.0,206.0,171.0,94.0,16.0,462.0,28.0,16.0,57.1,11.0,39.3,278.0,1536.0,625.0,11.0,6.0,2.0,19.0,13.0,226.0,29.0,13:00:00,/en/matches/65d07eec/Toulouse-Rennes-February-12-2023-Ligue-1
FRA-Ligue 1,2223,Toulouse,2023-02-19 Toulouse-Marseille,2023-02-19,Matchweek 24,Sun,Home,L,2,3,Marseille,52,614.0,75.0,198.0,286.0,135.0,26.0,614.0,20.0,14.0,70.0,5.0,25.0,429.0,2373.0,1128.0,16.0,19.0,5.0,19.0,14.0,389.0,43.0,20:45:00,/en/matches/9d43f831/Toulouse-Marseille-February-19-2023-Ligue-1
FRA-Ligue 1,2223,Toulouse,2023-02-26 Reims-Toulouse,2023-02-26,Matchweek 25,Sun,Away,L,0,3,Reims,53,657.0,68.0,212.0,302.0,152.0,18.0,657.0,26.0,12.0,46.2,12.0,46.2,473.0,2414.0,1179.0,18.0,13.0,3.0,16.0,5.0,429.0,42.0,15:00:00,/en/matches/bf387fea/Reims-Toulouse-February-26-2023-Ligue-1
FRA-Ligue 1,2223,Toulouse,2023-03-05 Toulouse-Clermont Foot,2023-03-05,Matchweek 26,Sun,Home,L,0,1,Clermont Foot,51,629.0,49.0,157.0,296.0,181.0,19.0,629.0,20.0,12.0,60.0,7.0,35.0,474.0,2555.0,1072.0,10.0,10.0,2.0,12.0,6.0,432.0,63.0,15:00:00,/en/matches/332295d4/Toulouse-Clermont-Foot-March-5-2023-Ligue-1
FRA-Ligue 1,2223,Toulouse,2023-03-12 Angers-Toulouse,2023-03-12,Matchweek 27,Sun,Away,W,2,0,Angers,60,718.0,71.0,188.0,365.0,168.0,19.0,718.0,10.0,3.0,30.0,6.0,60.0,556.0,2731.0,1309.0,12.0,17.0,2.0,16.0,7.0,520.0,36.0,15:00:00,/en/matches/7bf37201/Angers-Toulouse-March-12-2023-Ligue-1
FRA-Ligue 1,2223,Toulouse,2023-03-18 Toulouse-Lille,2023-03-18,Matchweek 28,Sat,Home,L,0,2,Lille,47,604.0,83.0,240.0,238.0,131.0,27.0,604.0,16.0,11.0,68.8,5.0,31.3,450.0,2555.0,1075.0,14.0,13.0,2.0,18.0,6.0,400.0,36.0,17:00:00,/en/matches/0659aa2f/Toulouse-Lille-March-18-2023-Ligue-1
FRA-Ligue 1,2223,Toulouse,2023-04-02 Brest-Toulouse,2023-04-02,Matchweek 29,Sun,Away,L,1,3,Brest,59,694.0,80.0,232.0,368.0,95.0,16.0,694.0,24.0,5.0,20.8,12.0,50.0,518.0,2954.0,1548.0,12.0,16.0,5.0,17.0,7.0,477.0,46.0,15:00:00,/en/matches/1b47ccce/Brest-Toulouse-April-2-2023-Ligue-1
FRA-Ligue 1,2223,Toulouse,2023-04-09 Montpellier-Toulouse,2023-04-09,Matchweek 30,Sun,Away,W,2,1,Montpellier,49,571.0,71.0,221.0,254.0,100.0,17.0,571.0,10.0,3.0,30.0,4.0,40.0,376.0,1760.0,779.0,11.0,9.0,8.0,13.0,2.0,337.0,32.0,15:00:00,/en/matches/444918ba/Montpellier-Toulouse-April-9-2023-Ligue-1
FRA-Ligue 1,2223,Toulouse,2023-04-14 Toulouse-Lyon,2023-04-14,Matchweek 31,Fri,Home,L,1,2,Lyon,43,604.0,69.0,208.0,251.0,152.0,27.0,604.0,18.0,6.0,33.3,9.0,50.0,419.0,2019.0,870.0,11.0,14.0,4.0,18.0,6.0,374.0,33.0,21:00:00,/en/matches/fbcb2095/Toulouse-Lyon-April-14-2023-Ligue-1
FRA-Ligue 1,2223,Toulouse,2023-04-23 Lorient-Toulouse,2023-04-23,Matchweek 32,Sun,Away,W,1,0,Lorient,46,621.0,60.0,218.0,282.0,128.0,18.0,621.0,18.0,13.0,72.2,4.0,22.2,440.0,2277.0,1067.0,8.0,11.0,3.0,7.0,13.0,396.0,44.0,15:00:00,/en/matches/b1552b3c/Lorient-Toulouse-April-23-2023-Ligue-1
FRA-Ligue 1,2223,Toulouse,2023-05-02 Toulouse-Lens,2023-05-02,Matchweek 33,Tue,Home,L,0,1,Lens,47,609.0,50.0,175.0,282.0,159.0,12.0,609.0,24.0,8.0,33.3,14.0,58.3,450.0,2645.0,1102.0,13.0,25.0,3.0,10.0,5.0,417.0,32.0,21:00:00,/en/matches/b5e2c075/Toulouse-Lens-May-2-2023-Ligue-1
FRA-Ligue 1,2223,Toulouse,2023-05-07 Ajaccio-Toulouse,2023-05-07,Matchweek 34,Sun,Away,D,0,0,Ajaccio,61,693.0,54.0,171.0,323.0,204.0,21.0,693.0,25.0,8.0,32.0,15.0,60.0,534.0,3012.0,1454.0,20.0,14.0,5.0,7.0,10.0,495.0,64.0,15:00:00,/en/matches/504a857a/Ajaccio-Toulouse-May-7-2023-Ligue-1
FRA-Ligue 1,2223,Toulouse,2023-05-14 Toulouse-Nantes,2023-05-14,Matchweek 35,Sun,Home,D,0,0,Nantes,71,872.0,27.0,123.0,484.0,272.0,28.0,872.0,31.0,16.0,51.6,12.0,38.7,689.0,4390.0,2033.0,52.0,44.0,11.0,13.0,5.0,656.0,74.0,15:00:00,/en/matches/52ee44a2/Toulouse-Nantes-May-14-2023-Ligue-1
FRA-Ligue 1,2223,Toulouse,2023-05-21 Nice-Toulouse,2023-05-21,Matchweek 36,Sun,Away,D,0,0,Nice,49,653.0,86.0,269.0,268.0,121.0,16.0,653.0,14.0,6.0,42.9,7.0,50.0,502.0,2757.0,1390.0,13.0,12.0,4.0,9.0,13.0,436.0,35.0,15:00:00,/en/matches/9250f89a/Nice-Toulouse-May-21-2023-Ligue-1
FRA-Ligue 1,2223,Toulouse,2023-05-27 Toulouse-Auxerre,2023-05-27,Matchweek 37,Sat,Home,D,1,1,Auxerre,60,637.0,60.0,157.0,321.0,164.0,24.0,637.0,21.0,9.0,42.9,9.0,42.9,458.0,3120.0,1390.0,15.0,14.0,2.0,18.0,4.0,434.0,69.0,21:00:00,/en/matches/e117776e/Toulouse-Auxerre-May-27-2023-Ligue-1
FRA-Ligue 1,2223,Toulouse,2023-06-03 Monaco-Toulouse,2023-06-03,Matchweek 38,Sat,Away,W,2,1,Monaco,43,582.0,100.0,253.0,234.0,103.0,26.0,582.0,18.0,5.0,27.8,9.0,50.0,412.0,2177.0,1248.0,19.0,13.0,5.0,9.0,12.0,358.0,41.0,21:00:00,/en/matches/206cb494/Monaco-Toulouse-June-3-2023-Ligue-1
FRA-Ligue 1,2223,Troyes,2022-08-07 Montpellier-Troyes,2022-08-07,Matchweek 1,Sun,Away,L,2,3,Montpellier,46,487.0,59.0,176.0,228.0,88.0,16.0,486.0,16.0,11.0,68.8,4.0,25.0,340.0,2262.0,1066.0,13.0,15.0,3.0,9.0,11.0,313.0,41.0,15:00:00,/en/matches/e3e9b9b5/Montpellier-Troyes-August-7-2022-Ligue-1
FRA-Ligue 1,2223,Troyes,2022-08-14 Troyes-Toulouse,2022-08-14,Matchweek 2,Sun,Home,L,0,3,Toulouse,33,400.0,63.0,188.0,147.0,73.0,13.0,400.0,21.0,10.0,47.6,9.0,42.9,251.0,1428.0,727.0,14.0,5.0,1.0,12.0,12.0,220.0,24.0,15:00:00,/en/matches/f60d97c0/Troyes-Toulouse-August-14-2022-Ligue-1
FRA-Ligue 1,2223,Troyes,2022-08-19 Lyon-Troyes,2022-08-19,Matchweek 3,Fri,Away,L,1,4,Lyon,34,517.0,67.0,191.0,233.0,104.0,13.0,516.0,30.0,14.0,46.7,15.0,50.0,366.0,2324.0,1155.0,20.0,13.0,5.0,18.0,9.0,321.0,25.0,21:00:00,/en/matches/a1baf3a5/Lyon-Troyes-August-19-2022-Ligue-1
FRA-Ligue 1,2223,Troyes,2022-08-28 Troyes-Angers,2022-08-28,Matchweek 4,Sun,Home,W,3,1,Angers,49,666.0,45.0,158.0,347.0,172.0,27.0,666.0,24.0,13.0,54.2,8.0,33.3,509.0,2780.0,1418.0,30.0,21.0,8.0,11.0,4.0,457.0,43.0,15:00:00,/en/matches/ccccf547/Troyes-Angers-August-28-2022-Ligue-1
FRA-Ligue 1,2223,Troyes,2022-08-31 Monaco-Troyes,2022-08-31,Matchweek 5,Wed,Away,W,4,2,Monaco,48,612.0,64.0,183.0,287.0,151.0,31.0,611.0,23.0,12.0,52.2,9.0,39.1,447.0,2494.0,1151.0,24.0,18.0,7.0,13.0,5.0,395.0,40.0,19:00:00,/en/matches/8b21a4d4/Monaco-Troyes-August-31-2022-Ligue-1
FRA-Ligue 1,2223,Troyes,2022-09-04 Troyes-Rennes,2022-09-04,Matchweek 6,Sun,Home,D,1,1,Rennes,29,383.0,79.0,199.0,138.0,53.0,11.0,383.0,21.0,10.0,47.6,9.0,42.9,227.0,1510.0,561.0,7.0,4.0,3.0,11.0,5.0,192.0,11.0,17:05:00,/en/matches/e174ad85/Troyes-Rennes-September-4-2022-Ligue-1
FRA-Ligue 1,2223,Troyes,2022-09-09 Lens-Troyes,2022-09-09,Matchweek 7,Fri,Away,L,0,1,Lens,37,551.0,82.0,243.0,258.0,55.0,11.0,551.0,21.0,12.0,57.1,6.0,28.6,389.0,2195.0,813.0,9.0,11.0,1.0,17.0,12.0,340.0,25.0,21:00:00,/en/matches/953fed3d/Lens-Troyes-September-9-2022-Ligue-1
FRA-Ligue 1,2223,Troyes,2022-09-18 Clermont Foot-Troyes,2022-09-18,Matchweek 8,Sun,Away,W,3,1,Clermont Foot,42,503.0,68.0,193.0,217.0,101.0,10.0,503.0,25.0,11.0,44.0,13.0,52.0,338.0,2278.0,903.0,21.0,12.0,5.0,20.0,9.0,295.0,25.0,15:00:00,/en/matches/4724678c/Clermont-Foot-Troyes-September-18-2022-Ligue-1
FRA-Ligue 1,2223,Troyes,2022-10-02 Troyes-Reims,2022-10-02,Matchweek 9,Sun,Home,D,2,2,Reims,68,746.0,22.0,134.0,352.0,266.0,29.0,746.0,27.0,7.0,25.9,16.0,59.3,573.0,3279.0,1426.0,28.0,29.0,3.0,19.0,13.0,533.0,86.0,15:00:00,/en/matches/1cbd26d0/Troyes-Reims-October-2-2022-Ligue-1
FRA-Ligue 1,2223,Troyes,2022-10-09 Nice-Troyes,2022-10-09,Matchweek 10,Sun,Away,L,2,3,Nice,39,519.0,61.0,169.0,234.0,127.0,19.0,519.0,19.0,4.0,21.1,11.0,57.9,385.0,2209.0,1201.0,23.0,22.0,4.0,9.0,12.0,334.0,38.0,15:00:00,/en/matches/d77bb56e/Nice-Troyes-October-9-2022-Ligue-1
FRA-Ligue 1,2223,Troyes,2022-10-16 Troyes-Ajaccio,2022-10-16,Matchweek 11,Sun,Home,D,1,1,Ajaccio,51,541.0,56.0,178.0,249.0,121.0,14.0,541.0,11.0,2.0,18.2,6.0,54.5,375.0,2386.0,1133.0,13.0,13.0,3.0,11.0,18.0,335.0,28.0,15:00:00,/en/matches/6ad88cc9/Troyes-Ajaccio-October-16-2022-Ligue-1
FRA-Ligue 1,2223,Troyes,2022-10-23 Troyes-Lorient,2022-10-23,Matchweek 12,Sun,Home,D,2,2,Lorient,42,534.0,85.0,221.0,197.0,124.0,15.0,534.0,20.0,7.0,35.0,12.0,60.0,386.0,2382.0,1123.0,20.0,13.0,3.0,16.0,9.0,349.0,36.0,15:00:00,/en/matches/58eb4a20/Troyes-Lorient-October-23-2022-Ligue-1
FRA-Ligue 1,2223,Troyes,2022-10-29 Paris S-G-Troyes,2022-10-29,Matchweek 13,Sat,Away,L,3,4,Paris S-G,33,486.0,96.0,271.0,147.0,77.0,19.0,486.0,29.0,13.0,44.8,14.0,48.3,342.0,2204.0,1098.0,16.0,9.0,2.0,11.0,11.0,293.0,26.0,17:00:00,/en/matches/0706f45a/Paris-Saint-Germain-Troyes-October-29-2022-Ligue-1
FRA-Ligue 1,2223,Troyes,2022-11-04 Troyes-Auxerre,2022-11-04,Matchweek 14,Fri,Home,D,1,1,Auxerre,50,636.0,75.0,200.0,291.0,149.0,31.0,636.0,21.0,8.0,38.1,8.0,38.1,474.0,2838.0,1527.0,21.0,12.0,6.0,11.0,6.0,433.0,47.0,21:00:00,/en/matches/c138eba8/Troyes-Auxerre-November-4-2022-Ligue-1
FRA-Ligue 1,2223,Troyes,2022-11-13 Brest-Troyes,2022-11-13,Matchweek 15,Sun,Away,L,1,2,Brest,46,503.0,72.0,199.0,215.0,95.0,17.0,503.0,16.0,5.0,31.3,7.0,43.8,359.0,2100.0,958.0,19.0,6.0,6.0,14.0,10.0,311.0,32.0,15:00:00,/en/matches/8067e5e7/Brest-Troyes-November-13-2022-Ligue-1
FRA-Ligue 1,2223,Troyes,2022-12-28 Troyes-Nantes,2022-12-28,Matchweek 16,Wed,Home,D,0,0,Nantes,56,723.0,64.0,207.0,338.0,183.0,14.0,723.0,22.0,8.0,36.4,12.0,54.5,556.0,3211.0,1524.0,26.0,31.0,5.0,15.0,8.0,509.0,39.0,15:00:00,/en/matches/8501cd5a/Troyes-Nantes-December-28-2022-Ligue-1
FRA-Ligue 1,2223,Troyes,2023-01-02 Strasbourg-Troyes,2023-01-02,Matchweek 17,Mon,Away,W,3,2,Strasbourg,44,588.0,95.0,272.0,246.0,77.0,18.0,588.0,15.0,8.0,53.3,5.0,33.3,384.0,2132.0,1001.0,14.0,7.0,6.0,14.0,5.0,341.0,29.0,15:00:00,/en/matches/f8182d7b/Strasbourg-Troyes-January-2-2023-Ligue-1
FRA-Ligue 1,2223,Troyes,2023-01-11 Troyes-Marseille,2023-01-11,Matchweek 18,Wed,Home,L,0,2,Marseille,32,425.0,57.0,171.0,182.0,77.0,10.0,425.0,14.0,6.0,42.9,5.0,35.7,296.0,1811.0,607.0,7.0,5.0,2.0,13.0,7.0,261.0,29.0,21:00:00,/en/matches/18500cfa/Troyes-Marseille-January-11-2023-Ligue-1
FRA-Ligue 1,2223,Troyes,2023-01-15 Lille-Troyes,2023-01-15,Matchweek 19,Sun,Away,L,1,5,Lille,33,453.0,85.0,235.0,162.0,64.0,7.0,453.0,17.0,7.0,41.2,9.0,52.9,317.0,1794.0,907.0,20.0,6.0,4.0,13.0,3.0,287.0,24.0,13:00:00,/en/matches/50911140/Lille-Troyes-January-15-2023-Ligue-1
FRA-Ligue 1,2223,Troyes,2023-01-28 Troyes-Lens,2023-01-28,Matchweek 20,Sat,Home,D,1,1,Lens,27,393.0,121.0,231.0,125.0,44.0,8.0,393.0,17.0,4.0,23.5,11.0,64.7,219.0,1323.0,581.0,11.0,6.0,1.0,8.0,11.0,167.0,11.0,17:00:00,/en/matches/bf2e3c05/Troyes-Lens-January-28-2023-Ligue-1
FRA-Ligue 1,2223,Troyes,2023-02-01 Toulouse-Troyes,2023-02-01,Matchweek 21,Wed,Away,L,1,4,Toulouse,45,563.0,63.0,212.0,253.0,106.0,10.0,562.0,20.0,11.0,55.0,7.0,35.0,426.0,2494.0,1091.0,11.0,29.0,3.0,9.0,7.0,393.0,23.0,19:00:00,/en/matches/6226baab/Toulouse-Troyes-February-1-2023-Ligue-1
FRA-Ligue 1,2223,Troyes,2023-02-04 Troyes-Lyon,2023-02-04,Matchweek 22,Sat,Home,L,1,3,Lyon,42,588.0,84.0,244.0,261.0,91.0,16.0,588.0,25.0,11.0,44.0,11.0,44.0,413.0,2282.0,885.0,14.0,12.0,3.0,20.0,14.0,353.0,33.0,19:00:00,/en/matches/774a8b12/Troyes-Lyon-February-4-2023-Ligue-1
FRA-Ligue 1,2223,Troyes,2023-02-12 Reims-Troyes,2023-02-12,Matchweek 23,Sun,Away,L,0,4,Reims,47,560.0,76.0,227.0,246.0,94.0,8.0,560.0,22.0,8.0,36.4,12.0,54.5,371.0,2276.0,877.0,11.0,11.0,1.0,21.0,15.0,314.0,28.0,15:00:00,/en/matches/b1ac1305/Reims-Troyes-February-12-2023-Ligue-1
FRA-Ligue 1,2223,Troyes,2023-02-19 Troyes-Montpellier,2023-02-19,Matchweek 24,Sun,Home,L,0,1,Montpellier,51,604.0,86.0,233.0,235.0,146.0,17.0,604.0,23.0,12.0,52.2,10.0,43.5,426.0,2576.0,1449.0,34.0,28.0,6.0,12.0,7.0,383.0,42.0,15:00:00,/en/matches/27b0ea20/Troyes-Montpellier-February-19-2023-Ligue-1
FRA-Ligue 1,2223,Troyes,2023-02-26 Ajaccio-Troyes,2023-02-26,Matchweek 25,Sun,Away,L,1,2,Ajaccio,48,519.0,52.0,154.0,260.0,108.0,18.0,519.0,14.0,7.0,50.0,5.0,35.7,313.0,1606.0,620.0,11.0,9.0,4.0,14.0,5.0,276.0,30.0,15:00:00,/en/matches/78ba7c57/Ajaccio-Troyes-February-26-2023-Ligue-1
FRA-Ligue 1,2223,Troyes,2023-03-05 Troyes-Monaco,2023-03-05,Matchweek 26,Sun,Home,D,2,2,Monaco,39,515.0,84.0,222.0,205.0,94.0,13.0,515.0,9.0,6.0,66.7,1.0,11.1,312.0,1555.0,549.0,9.0,5.0,2.0,10.0,7.0,272.0,31.0,13:00:00,/en/matches/ae83643a/Troyes-Monaco-March-5-2023-Ligue-1
FRA-Ligue 1,2223,Troyes,2023-03-12 Lorient-Troyes,2023-03-12,Matchweek 27,Sun,Away,L,0,2,Lorient,48,608.0,45.0,125.0,352.0,137.0,19.0,608.0,17.0,6.0,35.3,9.0,52.9,449.0,2542.0,1020.0,17.0,6.0,3.0,12.0,3.0,410.0,47.0,15:00:00,/en/matches/11eab67b/Lorient-Troyes-March-12-2023-Ligue-1
FRA-Ligue 1,2223,Troyes,2023-03-19 Troyes-Brest,2023-03-19,Matchweek 28,Sun,Home,D,2,2,Brest,49,615.0,62.0,195.0,288.0,142.0,27.0,615.0,18.0,9.0,50.0,7.0,38.9,432.0,2677.0,1377.0,17.0,10.0,4.0,18.0,6.0,395.0,45.0,15:00:00,/en/matches/a67700d0/Troyes-Brest-March-19-2023-Ligue-1
FRA-Ligue 1,2223,Troyes,2023-04-01 Auxerre-Troyes,2023-04-01,Matchweek 29,Sat,Away,L,0,1,Auxerre,62,657.0,52.0,183.0,339.0,141.0,26.0,657.0,23.0,11.0,47.8,11.0,47.8,460.0,2983.0,1246.0,25.0,17.0,7.0,11.0,6.0,429.0,41.0,17:00:00,/en/matches/fd495836/Auxerre-Troyes-April-1-2023-Ligue-1
FRA-Ligue 1,2223,Troyes,2023-04-09 Troyes-Clermont Foot,2023-04-09,Matchweek 30,Sun,Home,L,0,2,Clermont Foot,43,550.0,61.0,194.0,242.0,120.0,14.0,550.0,34.0,19.0,55.9,15.0,44.1,392.0,2272.0,1127.0,19.0,9.0,5.0,16.0,10.0,349.0,41.0,15:00:00,/en/matches/ef3427f3/Troyes-Clermont-Foot-April-9-2023-Ligue-1
FRA-Ligue 1,2223,Troyes,2023-04-16 Marseille-Troyes,2023-04-16,Matchweek 31,Sun,Away,L,1,3,Marseille,29,428.0,84.0,192.0,192.0,52.0,4.0,428.0,27.0,15.0,55.6,10.0,37.0,248.0,1456.0,513.0,6.0,9.0,3.0,25.0,25.0,202.0,10.0,20:45:00,/en/matches/51ec8961/Marseille-Troyes-April-16-2023-Ligue-1
FRA-Ligue 1,2223,Troyes,2023-04-23 Nantes-Troyes,2023-04-23,Matchweek 32,Sun,Away,D,2,2,Nantes,47,598.0,80.0,224.0,253.0,129.0,18.0,597.0,33.0,16.0,48.5,16.0,48.5,414.0,2227.0,1000.0,13.0,12.0,1.0,13.0,11.0,363.0,43.0,15:00:00,/en/matches/1bc2b939/Nantes-Troyes-April-23-2023-Ligue-1
FRA-Ligue 1,2223,Troyes,2023-04-30 Troyes-Nice,2023-04-30,Matchweek 33,Sun,Home,L,0,1,Nice,36,517.0,115.0,298.0,173.0,54.0,12.0,517.0,23.0,14.0,60.9,7.0,30.4,378.0,2225.0,1236.0,16.0,13.0,4.0,14.0,13.0,324.0,26.0,15:00:00,/en/matches/26c78eaa/Troyes-Nice-April-30-2023-Ligue-1
FRA-Ligue 1,2223,Troyes,2023-05-07 Troyes-Paris S-G,2023-05-07,Matchweek 34,Sun,Home,L,1,3,Paris S-G,40,595.0,116.0,252.0,237.0,111.0,8.0,595.0,22.0,11.0,50.0,9.0,40.9,467.0,2695.0,1226.0,10.0,12.0,2.0,11.0,5.0,435.0,28.0,20:45:00,/en/matches/f9e55cdf/Troyes-Paris-Saint-Germain-May-7-2023-Ligue-1
FRA-Ligue 1,2223,Troyes,2023-05-14 Rennes-Troyes,2023-05-14,Matchweek 35,Sun,Away,L,0,4,Rennes,34,412.0,83.0,198.0,159.0,61.0,14.0,412.0,13.0,6.0,46.2,6.0,46.2,262.0,1363.0,666.0,12.0,8.0,3.0,23.0,7.0,230.0,30.0,15:00:00,/en/matches/ed2523e7/Rennes-Troyes-May-14-2023-Ligue-1
FRA-Ligue 1,2223,Troyes,2023-05-21 Troyes-Strasbourg,2023-05-21,Matchweek 36,Sun,Home,D,1,1,Strasbourg,45,500.0,89.0,233.0,195.0,76.0,14.0,500.0,18.0,8.0,44.4,7.0,38.9,371.0,2078.0,816.0,13.0,7.0,6.0,18.0,10.0,333.0,26.0,15:00:00,/en/matches/bfbeee1e/Troyes-Strasbourg-May-21-2023-Ligue-1
FRA-Ligue 1,2223,Troyes,2023-05-27 Angers-Troyes,2023-05-27,Matchweek 37,Sat,Away,L,1,2,Angers,40,452.0,72.0,205.0,189.0,65.0,10.0,452.0,19.0,10.0,52.6,6.0,31.6,289.0,2026.0,982.0,26.0,13.0,6.0,10.0,4.0,253.0,22.0,21:00:00,/en/matches/567eeb7c/Angers-Troyes-May-27-2023-Ligue-1
FRA-Ligue 1,2223,Troyes,2023-06-03 Troyes-Lille,2023-06-03,Matchweek 38,Sat,Home,D,1,1,Lille,34,433.0,99.0,216.0,161.0,65.0,9.0,433.0,23.0,13.0,56.5,9.0,39.1,282.0,1754.0,922.0,18.0,13.0,3.0,9.0,6.0,242.0,19.0,21:00:00,/en/matches/a00583c3/Troyes-Lille-June-3-2023-Ligue-1
FRA-Ligue 1,2324,Brest,2023-08-13 Brest-Lens,2023-08-13,Matchweek 1,Sun,Home,W,3,2,Lens,48,561.0,72.0,185.0,249.0,137.0,18.0,559.0,27.0,10.0,37.0,14.0,51.9,360.0,2317.0,976.0,17.0,11.0,0.0,26.0,8.0,311.0,33.0,13:00:00,/en/matches/6e29d5a3/Brest-Lens-August-13-2023-Ligue-1
FRA-Ligue 1,2324,Brest,2023-08-20 Le Havre-Brest,2023-08-20,Matchweek 2,Sun,Away,W,2,1,Le Havre,44,522.0,63.0,195.0,235.0,97.0,12.0,522.0,19.0,6.0,31.6,11.0,57.9,320.0,1566.0,669.0,9.0,11.0,1.0,17.0,4.0,284.0,22.0,15:00:00,/en/matches/680c6c1d/Le-Havre-Brest-August-20-2023-Ligue-1
FRA-Ligue 1,2324,Brest,2023-08-26 Marseille-Brest,2023-08-26,Matchweek 3,Sat,Away,L,0,2,Marseille,56,675.0,62.0,175.0,294.0,212.0,29.0,675.0,19.0,7.0,36.8,12.0,63.2,513.0,3201.0,1466.0,30.0,25.0,5.0,14.0,9.0,467.0,58.0,19:00:00,/en/matches/b9c29ee4/Marseille-Brest-August-26-2023-Ligue-1
FRA-Ligue 1,2324,Brest,2023-09-02 Brest-Rennes,2023-09-02,Matchweek 4,Sat,Home,D,0,0,Rennes,48,574.0,63.0,177.0,275.0,131.0,18.0,574.0,20.0,8.0,40.0,11.0,55.0,395.0,2370.0,1134.0,16.0,18.0,5.0,18.0,2.0,353.0,32.0,17:00:00,/en/matches/38572486/Brest-Rennes-September-2-2023-Ligue-1
FRA-Ligue 1,2324,Brest,2023-09-17 Reims-Brest,2023-09-17,Matchweek 5,Sun,Away,W,2,1,Reims,48,539.0,65.0,176.0,208.0,168.0,34.0,539.0,23.0,14.0,60.9,9.0,39.1,322.0,1738.0,690.0,18.0,13.0,6.0,17.0,11.0,286.0,26.0,15:00:00,/en/matches/f12c7a9a/Reims-Brest-September-17-2023-Ligue-1
FRA-Ligue 1,2324,Brest,2023-09-23 Brest-Lyon,2023-09-23,Matchweek 6,Sat,Home,W,1,0,Lyon,57,617.0,45.0,158.0,292.0,176.0,46.0,617.0,26.0,16.0,61.5,10.0,38.5,416.0,2666.0,1208.0,26.0,14.0,8.0,15.0,9.0,366.0,40.0,21:00:00,/en/matches/7ae5c7ed/Brest-Lyon-September-23-2023-Ligue-1
FRA-Ligue 1,2324,Brest,2023-10-01 Nice-Brest,2023-10-01,Matchweek 7,Sun,Away,D,0,0,Nice,46,518.0,64.0,180.0,203.0,142.0,10.0,518.0,15.0,8.0,53.3,7.0,46.7,336.0,2093.0,986.0,20.0,20.0,4.0,20.0,6.0,288.0,33.0,15:00:00,/en/matches/49bbb3f4/Nice-Brest-October-1-2023-Ligue-1
FRA-Ligue 1,2324,Brest,2023-10-08 Brest-Toulouse,2023-10-08,Matchweek 8,Sun,Home,D,1,1,Toulouse,55,608.0,70.0,183.0,300.0,134.0,20.0,608.0,19.0,10.0,52.6,4.0,21.1,426.0,2595.0,1155.0,12.0,14.0,3.0,14.0,8.0,384.0,36.0,15:00:00,/en/matches/f41980c3/Brest-Toulouse-October-8-2023-Ligue-1
FRA-Ligue 1,2324,Brest,2023-10-22 Lille-Brest,2023-10-22,Matchweek 9,Sun,Away,L,0,1,Lille,57,663.0,53.0,211.0,318.0,143.0,15.0,663.0,27.0,12.0,44.4,15.0,55.6,486.0,2754.0,1221.0,21.0,12.0,5.0,18.0,15.0,429.0,46.0,15:00:00,/en/matches/de708e26/Lille-Brest-October-22-2023-Ligue-1
FRA-Ligue 1,2324,Brest,2023-10-29 Brest-Paris S-G,2023-10-29,Matchweek 10,Sun,Home,L,2,3,Paris S-G,44,559.0,58.0,146.0,249.0,173.0,35.0,559.0,33.0,11.0,33.3,20.0,60.6,387.0,2259.0,889.0,20.0,14.0,4.0,11.0,10.0,337.0,38.0,13:00:00,/en/matches/3fc4e3ce/Brest-Paris-Saint-Germain-October-29-2023-Ligue-1
FRA-Ligue 1,2324,Brest,2023-11-05 Monaco-Brest,2023-11-05,Matchweek 11,Sun,Away,L,0,2,Monaco,54,614.0,61.0,191.0,268.0,162.0,23.0,614.0,28.0,12.0,42.9,13.0,46.4,440.0,2477.0,1067.0,15.0,13.0,0.0,17.0,7.0,390.0,35.0,17:05:00,/en/matches/ef59a003/Monaco-Brest-November-5-2023-Ligue-1
FRA-Ligue 1,2324,Brest,2023-11-26 Montpellier-Brest,2023-11-26,Matchweek 13,Sun,Away,W,3,1,Montpellier,47,600.0,82.0,217.0,257.0,134.0,22.0,600.0,26.0,14.0,53.8,10.0,38.5,308.0,1791.0,876.0,26.0,18.0,5.0,18.0,9.0,306.0,35.0,15:00:00,/en/matches/e4cca984/Montpellier-Brest-November-26-2023-Ligue-1
FRA-Ligue 1,2324,Brest,2023-12-03 Brest-Clermont Foot,2023-12-03,Matchweek 14,Sun,Home,W,3,0,Clermont Foot,57,737.0,69.0,232.0,366.0,143.0,23.0,736.0,24.0,13.0,54.2,10.0,41.7,558.0,3138.0,1343.0,20.0,15.0,6.0,15.0,13.0,504.0,34.0,15:00:00,/en/matches/9f17a676/Brest-Clermont-Foot-December-3-2023-Ligue-1
FRA-Ligue 1,2324,Brest,2023-12-07 Brest-Strasbourg,2023-12-07,Matchweek 12,Thu,Home,D,1,1,Strasbourg,61,717.0,56.0,190.0,313.0,217.0,27.0,717.0,29.0,13.0,44.8,12.0,41.4,529.0,3011.0,1338.0,18.0,23.0,3.0,17.0,4.0,500.0,43.0,20:30:00,/en/matches/52a1fcfd/Brest-Strasbourg-December-7-2023-Ligue-1
FRA-Ligue 1,2324,Brest,2023-12-10 Metz-Brest,2023-12-10,Matchweek 15,Sun,Away,W,1,0,Metz,67,798.0,49.0,197.0,416.0,194.0,13.0,798.0,14.0,4.0,28.6,10.0,71.4,586.0,3629.0,1682.0,23.0,20.0,2.0,14.0,9.0,537.0,59.0,15:00:00,/en/matches/e1a3d53e/Metz-Brest-December-10-2023-Ligue-1
FRA-Ligue 1,2324,Brest,2023-12-17 Nantes-Brest,2023-12-17,Matchweek 16,Sun,Away,W,2,0,Nantes,49,684.0,82.0,272.0,292.0,128.0,23.0,684.0,32.0,16.0,50.0,16.0,50.0,478.0,2466.0,1094.0,17.0,14.0,9.0,16.0,9.0,431.0,31.0,13:00:00,/en/matches/17503b00/Nantes-Brest-December-17-2023-Ligue-1
FRA-Ligue 1,2324,Brest,2023-12-20 Brest-Lorient,2023-12-20,Matchweek 17,Wed,Home,W,4,0,Lorient,59,741.0,72.0,256.0,369.0,120.0,15.0,741.0,16.0,6.0,37.5,6.0,37.5,569.0,2792.0,1108.0,12.0,9.0,2.0,15.0,7.0,535.0,37.0,21:00:00,/en/matches/0f7c086f/Brest-Lorient-December-20-2023-Ligue-1
FRA-Ligue 1,2324,Brest,2024-01-14 Brest-Montpellier,2024-01-14,Matchweek 18,Sun,Home,W,2,0,Montpellier,65,796.0,48.0,181.0,405.0,223.0,27.0,796.0,36.0,20.0,55.6,12.0,33.3,578.0,3811.0,1596.0,26.0,22.0,3.0,17.0,16.0,541.0,56.0,15:00:00,/en/matches/82c3efb7/Brest-Montpellier-January-14-2024-Ligue-1
FRA-Ligue 1,2324,Brest,2024-01-28 Paris S-G-Brest,2024-01-28,Matchweek 19,Sun,Away,D,2,2,Paris S-G,46,571.0,70.0,185.0,260.0,134.0,9.0,571.0,19.0,10.0,52.6,8.0,42.1,415.0,2357.0,912.0,8.0,12.0,2.0,14.0,13.0,376.0,41.0,20:45:00,/en/matches/8e2d796d/Paris-Saint-Germain-Brest-January-28-2024-Ligue-1
FRA-Ligue 1,2324,Brest,2024-02-04 Brest-Nice,2024-02-04,Matchweek 20,Sun,Home,D,0,0,Nice,53,665.0,50.0,172.0,319.0,185.0,20.0,665.0,17.0,8.0,47.1,9.0,52.9,457.0,2403.0,908.0,15.0,19.0,0.0,16.0,7.0,428.0,42.0,17:05:00,/en/matches/19dfaa21/Brest-Nice-February-4-2024-Ligue-1
FRA-Ligue 1,2324,Brest,2024-02-11 Clermont Foot-Brest,2024-02-11,Matchweek 21,Sun,Away,D,1,1,Clermont Foot,54,611.0,54.0,191.0,296.0,135.0,22.0,611.0,13.0,7.0,53.8,6.0,46.2,419.0,2315.0,1143.0,16.0,11.0,1.0,14.0,4.0,386.0,47.0,15:00:00,/en/matches/33d0b78a/Clermont-Foot-Brest-February-11-2024-Ligue-1
FRA-Ligue 1,2324,Brest,2024-02-18 Brest-Marseille,2024-02-18,Matchweek 22,Sun,Home,W,1,0,Marseille,42,532.0,72.0,203.0,190.0,151.0,23.0,532.0,15.0,7.0,46.7,8.0,53.3,339.0,2162.0,1000.0,17.0,17.0,3.0,14.0,11.0,300.0,36.0,20:45:00,/en/matches/56d7c531/Brest-Marseille-February-18-2024-Ligue-1
FRA-Ligue 1,2324,Brest,2024-02-24 Strasbourg-Brest,2024-02-24,Matchweek 23,Sat,Away,W,3,0,Strasbourg,52,599.0,59.0,209.0,253.0,146.0,20.0,598.0,17.0,8.0,47.1,7.0,41.2,433.0,2753.0,1370.0,15.0,11.0,3.0,15.0,6.0,401.0,30.0,21:00:00,/en/matches/9c2847ab/Strasbourg-Brest-February-24-2024-Ligue-1
FRA-Ligue 1,2324,Brest,2024-03-03 Brest-Le Havre,2024-03-03,Matchweek 24,Sun,Home,W,1,0,Le Havre,60,688.0,68.0,237.0,360.0,96.0,10.0,688.0,15.0,8.0,53.3,7.0,46.7,496.0,2754.0,1177.0,13.0,13.0,3.0,21.0,2.0,468.0,32.0,15:00:00,/en/matches/51912b7d/Brest-Le-Havre-March-3-2024-Ligue-1
FRA-Ligue 1,2324,Brest,2024-03-09 Lens-Brest,2024-03-09,Matchweek 25,Sat,Away,L,0,1,Lens,58,677.0,62.0,181.0,344.0,160.0,22.0,677.0,16.0,9.0,56.3,6.0,37.5,513.0,2955.0,1269.0,12.0,12.0,4.0,18.0,6.0,472.0,41.0,21:00:00,/en/matches/54c25242/Lens-Brest-March-9-2024-Ligue-1
FRA-Ligue 1,2324,Brest,2024-03-17 Brest-Lille,2024-03-17,Matchweek 26,Sun,Home,D,1,1,Lille,51,630.0,68.0,213.0,292.0,133.0,18.0,630.0,12.0,6.0,50.0,5.0,41.7,438.0,2886.0,1367.0,14.0,18.0,1.0,16.0,7.0,411.0,43.0,13:00:00,/en/matches/cdf13a58/Brest-Lille-March-17-2024-Ligue-1
FRA-Ligue 1,2324,Brest,2024-03-31 Lorient-Brest,2024-03-31,Matchweek 27,Sun,Away,W,1,0,Lorient,45,556.0,80.0,230.0,224.0,110.0,12.0,556.0,11.0,6.0,54.5,3.0,27.3,379.0,2370.0,1064.0,8.0,11.0,0.0,27.0,4.0,341.0,38.0,13:00:00,/en/matches/605ef273/Lorient-Brest-March-31-2024-Ligue-1
FRA-Ligue 1,2324,Brest,2024-04-07 Brest-Metz,2024-04-07,Matchweek 28,Sun,Home,W,4,3,Metz,66,798.0,52.0,182.0,428.0,194.0,29.0,798.0,15.0,8.0,53.3,5.0,33.3,607.0,3364.0,1700.0,17.0,21.0,5.0,17.0,3.0,574.0,63.0,13:00:00,/en/matches/f6f76317/Brest-Metz-April-7-2024-Ligue-1
FRA-Ligue 1,2324,Brest,2024-04-14 Lyon-Brest,2024-04-14,Matchweek 29,Sun,Away,L,3,4,Lyon,47,529.0,69.0,183.0,221.0,136.0,27.0,529.0,24.0,16.0,66.7,8.0,33.3,354.0,2258.0,965.0,24.0,17.0,2.0,16.0,5.0,321.0,38.0,20:45:00,/en/matches/c832a039/Lyon-Brest-April-14-2024-Ligue-1
FRA-Ligue 1,2324,Brest,2024-04-21 Brest-Monaco,2024-04-21,Matchweek 30,Sun,Home,L,0,2,Monaco,56,668.0,63.0,217.0,333.0,127.0,20.0,668.0,22.0,12.0,54.5,9.0,40.9,436.0,2416.0,916.0,14.0,14.0,1.0,16.0,11.0,411.0,46.0,17:05:00,/en/matches/8f8b95f8/Brest-Monaco-April-21-2024-Ligue-1
FRA-Ligue 1,2324,Brest,2024-04-28 Rennes-Brest,2024-04-28,Matchweek 31,Sun,Away,W,5,4,Rennes,53,577.0,76.0,212.0,250.0,120.0,22.0,577.0,12.0,3.0,25.0,8.0,66.7,378.0,2360.0,1169.0,13.0,11.0,1.0,13.0,8.0,365.0,33.0,17:05:00,/en/matches/1865787f/Rennes-Brest-April-28-2024-Ligue-1
FRA-Ligue 1,2324,Brest,2024-05-04 Brest-Nantes,2024-05-04,Matchweek 32,Sat,Home,D,0,0,Nantes,71,844.0,56.0,185.0,505.0,160.0,16.0,844.0,16.0,4.0,25.0,11.0,68.8,664.0,3986.0,1934.0,17.0,19.0,2.0,18.0,9.0,640.0,60.0,21:00:00,/en/matches/8e6a7aaa/Brest-Nantes-May-4-2024-Ligue-1
FRA-Ligue 1,2324,Brest,2024-05-10 Brest-Reims,2024-05-10,Matchweek 33,Fri,Home,D,1,1,Reims,60,670.0,55.0,175.0,336.0,167.0,30.0,670.0,20.0,7.0,35.0,12.0,60.0,468.0,2892.0,1376.0,19.0,17.0,2.0,23.0,7.0,442.0,63.0,21:00:00,/en/matches/87d4c432/Brest-Reims-May-10-2024-Ligue-1
FRA-Ligue 1,2324,Brest,2024-05-19 Toulouse-Brest,2024-05-19,Matchweek 34,Sun,Away,W,3,0,Toulouse,48,597.0,82.0,207.0,280.0,117.0,13.0,597.0,13.0,7.0,53.8,6.0,46.2,421.0,2597.0,966.0,22.0,23.0,4.0,12.0,6.0,398.0,38.0,21:00:00,/en/matches/0c59eeac/Toulouse-Brest-May-19-2024-Ligue-1
FRA-Ligue 1,2324,Clermont Foot,2023-08-13 Clermont Foot-Monaco,2023-08-13,Matchweek 1,Sun,Home,L,2,4,Monaco,55,695.0,56.0,204.0,384.0,113.0,19.0,695.0,20.0,5.0,25.0,12.0,60.0,531.0,2758.0,1295.0,16.0,12.0,7.0,17.0,12.0,478.0,48.0,15:00:00,/en/matches/68752280/Clermont-Foot-Monaco-August-13-2023-Ligue-1
FRA-Ligue 1,2324,Clermont Foot,2023-08-20 Reims-Clermont Foot,2023-08-20,Matchweek 2,Sun,Away,L,0,2,Reims,54,647.0,59.0,203.0,300.0,149.0,20.0,647.0,27.0,14.0,51.9,11.0,40.7,359.0,1692.0,959.0,23.0,10.0,4.0,22.0,5.0,407.0,36.0,15:00:00,/en/matches/4b9f0040/Reims-Clermont-Foot-August-20-2023-Ligue-1
FRA-Ligue 1,2324,Clermont Foot,2023-08-27 Clermont Foot-Metz,2023-08-27,Matchweek 3,Sun,Home,L,0,1,Metz,71,809.0,54.0,194.0,460.0,163.0,17.0,809.0,11.0,4.0,36.4,7.0,63.6,641.0,3510.0,1310.0,19.0,26.0,3.0,13.0,8.0,593.0,67.0,15:00:00,/en/matches/344b05de/Clermont-Foot-Metz-August-27-2023-Ligue-1
FRA-Ligue 1,2324,Clermont Foot,2023-09-03 Toulouse-Clermont Foot,2023-09-03,Matchweek 4,Sun,Away,D,2,2,Toulouse,63,705.0,41.0,158.0,388.0,163.0,27.0,704.0,14.0,9.0,64.3,4.0,28.6,545.0,3046.0,1279.0,17.0,20.0,1.0,14.0,4.0,504.0,34.0,13:00:00,/en/matches/12bf8242/Toulouse-Clermont-Foot-September-3-2023-Ligue-1
FRA-Ligue 1,2324,Clermont Foot,2023-09-17 Clermont Foot-Nantes,2023-09-17,Matchweek 5,Sun,Home,L,0,1,Nantes,52,547.0,49.0,165.0,285.0,106.0,16.0,546.0,14.0,5.0,35.7,7.0,50.0,380.0,2059.0,898.0,13.0,11.0,7.0,18.0,7.0,330.0,30.0,15:00:00,/en/matches/6a2c2932/Clermont-Foot-Nantes-September-17-2023-Ligue-1
FRA-Ligue 1,2324,Clermont Foot,2023-09-24 Le Havre-Clermont Foot,2023-09-24,Matchweek 6,Sun,Away,L,1,2,Le Havre,68,776.0,41.0,154.0,421.0,204.0,21.0,776.0,19.0,10.0,52.6,7.0,36.8,616.0,4001.0,1816.0,30.0,37.0,3.0,17.0,5.0,582.0,58.0,15:00:00,/en/matches/941106cf/Le-Havre-Clermont-Foot-September-24-2023-Ligue-1
FRA-Ligue 1,2324,Clermont Foot,2023-09-30 Clermont Foot-Paris S-G,2023-09-30,Matchweek 7,Sat,Home,D,0,0,Paris S-G,33,440.0,76.0,174.0,168.0,105.0,17.0,440.0,18.0,13.0,72.2,5.0,27.8,271.0,1845.0,772.0,9.0,13.0,1.0,18.0,8.0,222.0,30.0,17:00:00,/en/matches/f443185b/Clermont-Foot-Paris-Saint-Germain-September-30-2023-Ligue-1
FRA-Ligue 1,2324,Clermont Foot,2023-10-22 Lyon-Clermont Foot,2023-10-22,Matchweek 9,Sun,Away,W,2,1,Lyon,37,532.0,99.0,230.0,218.0,91.0,15.0,532.0,21.0,6.0,28.6,13.0,61.9,329.0,1835.0,804.0,12.0,9.0,3.0,18.0,10.0,268.0,27.0,20:45:00,/en/matches/847c54fa/Lyon-Clermont-Foot-October-22-2023-Ligue-1
FRA-Ligue 1,2324,Clermont Foot,2023-10-27 Clermont Foot-Nice,2023-10-27,Matchweek 10,Fri,Home,L,0,1,Nice,45,574.0,83.0,244.0,271.0,64.0,8.0,574.0,11.0,2.0,18.2,7.0,63.6,406.0,2412.0,961.0,6.0,8.0,0.0,15.0,4.0,363.0,27.0,21:00:00,/en/matches/1c297781/Clermont-Foot-Nice-October-27-2023-Ligue-1
FRA-Ligue 1,2324,Clermont Foot,2023-11-05 Strasbourg-Clermont Foot,2023-11-05,Matchweek 11,Sun,Away,D,0,0,Strasbourg,61,748.0,69.0,239.0,347.0,167.0,27.0,748.0,30.0,10.0,33.3,20.0,66.7,589.0,4021.0,2185.0,33.0,29.0,8.0,10.0,13.0,534.0,47.0,15:00:00,/en/matches/957c6924/Strasbourg-Clermont-Foot-November-5-2023-Ligue-1
FRA-Ligue 1,2324,Clermont Foot,2023-11-12 Clermont Foot-Lorient,2023-11-12,Matchweek 12,Sun,Home,W,1,0,Lorient,55,685.0,62.0,193.0,363.0,138.0,23.0,684.0,21.0,8.0,38.1,10.0,47.6,531.0,3450.0,1581.0,19.0,22.0,7.0,12.0,7.0,478.0,47.0,15:00:00,/en/matches/e0aea3a9/Clermont-Foot-Lorient-November-12-2023-Ligue-1
FRA-Ligue 1,2324,Clermont Foot,2023-11-25 Clermont Foot-Lens,2023-11-25,Matchweek 13,Sat,Home,L,0,3,Lens,48,640.0,47.0,138.0,384.0,126.0,20.0,640.0,12.0,7.0,58.3,4.0,33.3,491.0,2813.0,1287.0,15.0,14.0,6.0,9.0,12.0,462.0,38.0,17:00:00,/en/matches/4cf8ae40/Clermont-Foot-Lens-November-25-2023-Ligue-1
FRA-Ligue 1,2324,Clermont Foot,2023-11-29 Montpellier-Clermont Foot,2023-11-29,Matchweek 8,Wed,Away,D,1,1,Montpellier,37,532.0,99.0,249.0,225.0,65.0,13.0,532.0,27.0,16.0,59.3,10.0,37.0,315.0,1749.0,828.0,12.0,5.0,2.0,23.0,5.0,261.0,24.0,19:00:00,/en/matches/341877cf/Montpellier-Clermont-Foot-November-29-2023-Ligue-1
FRA-Ligue 1,2324,Clermont Foot,2023-12-03 Brest-Clermont Foot,2023-12-03,Matchweek 14,Sun,Away,L,0,3,Brest,43,569.0,70.0,186.0,285.0,103.0,15.0,569.0,19.0,13.0,68.4,6.0,31.6,391.0,2196.0,869.0,10.0,12.0,0.0,18.0,8.0,348.0,37.0,15:00:00,/en/matches/9f17a676/Brest-Clermont-Foot-December-3-2023-Ligue-1
FRA-Ligue 1,2324,Clermont Foot,2023-12-10 Clermont Foot-Lille,2023-12-10,Matchweek 15,Sun,Home,D,0,0,Lille,47,603.0,66.0,224.0,283.0,110.0,20.0,603.0,25.0,13.0,52.0,12.0,48.0,443.0,2977.0,1099.0,12.0,16.0,2.0,12.0,6.0,394.0,35.0,15:00:00,/en/matches/b6281098/Clermont-Foot-Lille-December-10-2023-Ligue-1
FRA-Ligue 1,2324,Clermont Foot,2023-12-17 Marseille-Clermont Foot,2023-12-17,Matchweek 16,Sun,Away,L,1,2,Marseille,45,595.0,76.0,233.0,282.0,85.0,6.0,595.0,17.0,4.0,23.5,12.0,70.6,442.0,2478.0,1155.0,21.0,12.0,3.0,20.0,8.0,398.0,19.0,17:05:00,/en/matches/a92291bc/Marseille-Clermont-Foot-December-17-2023-Ligue-1
FRA-Ligue 1,2324,Clermont Foot,2023-12-20 Clermont Foot-Rennes,2023-12-20,Matchweek 17,Wed,Home,L,1,3,Rennes,44,522.0,85.0,176.0,223.0,129.0,14.0,522.0,13.0,7.0,53.8,6.0,46.2,329.0,1946.0,1008.0,14.0,10.0,1.0,22.0,7.0,295.0,32.0,21:00:00,/en/matches/16bc4ea4/Clermont-Foot-Rennes-December-20-2023-Ligue-1
FRA-Ligue 1,2324,Clermont Foot,2024-01-14 Nantes-Clermont Foot,2024-01-14,Matchweek 18,Sun,Away,W,2,1,Nantes,48,576.0,95.0,223.0,258.0,99.0,13.0,576.0,20.0,8.0,40.0,12.0,60.0,383.0,2197.0,1051.0,17.0,13.0,3.0,12.0,7.0,342.0,36.0,15:00:00,/en/matches/d2738fb8/Nantes-Clermont-Foot-January-14-2024-Ligue-1
FRA-Ligue 1,2324,Clermont Foot,2024-01-28 Clermont Foot-Strasbourg,2024-01-28,Matchweek 19,Sun,Home,D,1,1,Strasbourg,53,635.0,63.0,235.0,284.0,123.0,16.0,635.0,18.0,7.0,38.9,8.0,44.4,441.0,2533.0,1209.0,12.0,13.0,5.0,22.0,8.0,413.0,36.0,15:00:00,/en/matches/21b6f226/Clermont-Foot-Strasbourg-January-28-2024-Ligue-1
FRA-Ligue 1,2324,Clermont Foot,2024-02-04 Lille-Clermont Foot,2024-02-04,Matchweek 20,Sun,Away,L,0,4,Lille,40,597.0,98.0,253.0,277.0,72.0,9.0,597.0,12.0,3.0,25.0,9.0,75.0,433.0,2711.0,1027.0,9.0,10.0,3.0,12.0,12.0,380.0,21.0,15:00:00,/en/matches/90c40e1c/Lille-Clermont-Foot-February-4-2024-Ligue-1
FRA-Ligue 1,2324,Clermont Foot,2024-02-11 Clermont Foot-Brest,2024-02-11,Matchweek 21,Sun,Home,D,1,1,Brest,46,516.0,55.0,147.0,280.0,94.0,18.0,516.0,19.0,10.0,52.6,8.0,42.1,355.0,2149.0,961.0,19.0,12.0,4.0,14.0,9.0,320.0,36.0,15:00:00,/en/matches/33d0b78a/Clermont-Foot-Brest-February-11-2024-Ligue-1
FRA-Ligue 1,2324,Clermont Foot,2024-02-18 Rennes-Clermont Foot,2024-02-18,Matchweek 22,Sun,Away,L,1,3,Rennes,47,619.0,65.0,192.0,318.0,111.0,26.0,619.0,15.0,3.0,20.0,11.0,73.3,462.0,2804.0,1531.0,25.0,12.0,8.0,9.0,2.0,438.0,37.0,15:00:00,/en/matches/93f25522/Rennes-Clermont-Foot-February-18-2024-Ligue-1
FRA-Ligue 1,2324,Clermont Foot,2024-02-25 Nice-Clermont Foot,2024-02-25,Matchweek 23,Sun,Away,D,0,0,Nice,42,567.0,102.0,231.0,238.0,104.0,19.0,566.0,8.0,2.0,25.0,6.0,75.0,372.0,2375.0,1068.0,16.0,17.0,4.0,15.0,9.0,342.0,29.0,15:00:00,/en/matches/d4ce6789/Nice-Clermont-Foot-February-25-2024-Ligue-1
FRA-Ligue 1,2324,Clermont Foot,2024-03-02 Clermont Foot-Marseille,2024-03-02,Matchweek 24,Sat,Home,L,1,5,Marseille,44,598.0,84.0,271.0,246.0,84.0,12.0,598.0,8.0,2.0,25.0,6.0,75.0,423.0,2623.0,1176.0,12.0,12.0,1.0,14.0,11.0,390.0,20.0,21:00:00,/en/matches/c2c8e29e/Clermont-Foot-Marseille-March-2-2024-Ligue-1
FRA-Ligue 1,2324,Clermont Foot,2024-03-10 Metz-Clermont Foot,2024-03-10,Matchweek 25,Sun,Away,L,0,1,Metz,66,704.0,57.0,175.0,371.0,163.0,21.0,704.0,13.0,7.0,53.8,5.0,38.5,517.0,2757.0,1331.0,20.0,14.0,2.0,12.0,14.0,498.0,60.0,15:00:00,/en/matches/f7db6990/Metz-Clermont-Foot-March-10-2024-Ligue-1
FRA-Ligue 1,2324,Clermont Foot,2024-03-17 Clermont Foot-Le Havre,2024-03-17,Matchweek 26,Sun,Home,W,2,1,Le Havre,40,445.0,62.0,176.0,203.0,70.0,11.0,444.0,7.0,2.0,28.6,2.0,28.6,290.0,1747.0,759.0,8.0,7.0,2.0,13.0,3.0,256.0,26.0,15:00:00,/en/matches/f7f8d2b1/Clermont-Foot-Le-Havre-March-17-2024-Ligue-1
FRA-Ligue 1,2324,Clermont Foot,2024-03-31 Clermont Foot-Toulouse,2024-03-31,Matchweek 27,Sun,Home,L,0,3,Toulouse,55,678.0,77.0,236.0,323.0,123.0,12.0,678.0,17.0,8.0,47.1,6.0,35.3,486.0,2819.0,1514.0,21.0,18.0,1.0,6.0,5.0,459.0,37.0,15:00:00,/en/matches/bfe740ac/Clermont-Foot-Toulouse-March-31-2024-Ligue-1
FRA-Ligue 1,2324,Clermont Foot,2024-04-06 Paris S-G-Clermont Foot,2024-04-06,Matchweek 28,Sat,Away,D,1,1,Paris S-G,27,452.0,112.0,248.0,145.0,60.0,6.0,452.0,12.0,3.0,25.0,8.0,66.7,266.0,1692.0,594.0,5.0,8.0,2.0,12.0,10.0,226.0,13.0,21:00:00,/en/matches/a0e24fef/Paris-Saint-Germain-Clermont-Foot-April-6-2024-Ligue-1
FRA-Ligue 1,2324,Clermont Foot,2024-04-14 Clermont Foot-Montpellier,2024-04-14,Matchweek 29,Sun,Home,D,1,1,Montpellier,50,629.0,62.0,182.0,320.0,132.0,19.0,628.0,13.0,5.0,38.5,8.0,61.5,457.0,2384.0,1221.0,17.0,16.0,2.0,16.0,10.0,423.0,45.0,15:00:00,/en/matches/9b9d6335/Clermont-Foot-Montpellier-April-14-2024-Ligue-1
FRA-Ligue 1,2324,Clermont Foot,2024-04-20 Lens-Clermont Foot,2024-04-20,Matchweek 30,Sat,Away,L,0,1,Lens,53,615.0,67.0,198.0,323.0,99.0,16.0,615.0,13.0,7.0,53.8,6.0,46.2,422.0,2274.0,953.0,9.0,5.0,1.0,10.0,5.0,393.0,37.0,21:00:00,/en/matches/811884b5/Lens-Clermont-Foot-April-20-2024-Ligue-1
FRA-Ligue 1,2324,Clermont Foot,2024-04-28 Clermont Foot-Reims,2024-04-28,Matchweek 31,Sun,Home,W,4,1,Reims,50,531.0,59.0,186.0,226.0,126.0,23.0,529.0,16.0,7.0,43.8,7.0,43.8,380.0,2121.0,871.0,11.0,9.0,5.0,10.0,11.0,335.0,38.0,15:00:00,/en/matches/b85a0106/Clermont-Foot-Reims-April-28-2024-Ligue-1
FRA-Ligue 1,2324,Clermont Foot,2024-05-04 Monaco-Clermont Foot,2024-05-04,Matchweek 32,Sat,Away,L,1,4,Monaco,38,497.0,68.0,183.0,237.0,84.0,12.0,497.0,24.0,13.0,54.2,10.0,41.7,328.0,1837.0,805.0,8.0,3.0,2.0,16.0,9.0,293.0,33.0,17:00:00,/en/matches/a7f56ab4/Monaco-Clermont-Foot-May-4-2024-Ligue-1
FRA-Ligue 1,2324,Clermont Foot,2024-05-12 Clermont Foot-Lyon,2024-05-12,Matchweek 33,Sun,Home,L,0,1,Lyon,52,622.0,44.0,126.0,302.0,197.0,34.0,622.0,23.0,12.0,52.2,11.0,47.8,454.0,3048.0,1481.0,29.0,18.0,8.0,15.0,4.0,426.0,62.0,21:00:00,/en/matches/e6afe6a2/Clermont-Foot-Lyon-May-12-2024-Ligue-1
FRA-Ligue 1,2324,Clermont Foot,2024-05-19 Lorient-Clermont Foot,2024-05-19,Matchweek 34,Sun,Away,L,0,5,Lorient,54,672.0,123.0,285.0,294.0,102.0,13.0,672.0,18.0,7.0,38.9,10.0,55.6,459.0,2879.0,1372.0,18.0,17.0,2.0,12.0,11.0,419.0,36.0,21:00:00,/en/matches/aed44d7a/Lorient-Clermont-Foot-May-19-2024-Ligue-1
FRA-Ligue 1,2324,Le Havre,2023-08-13 Montpellier-Le Havre,2023-08-13,Matchweek 1,Sun,Away,D,2,2,Montpellier,42,510.0,54.0,158.0,214.0,146.0,20.0,510.0,26.0,9.0,34.6,15.0,57.7,332.0,2243.0,1103.0,22.0,26.0,3.0,17.0,2.0,276.0,36.0,15:00:00,/en/matches/ca893ead/Montpellier-Le-Havre-August-13-2023-Ligue-1
FRA-Ligue 1,2324,Le Havre,2023-08-20 Le Havre-Brest,2023-08-20,Matchweek 2,Sun,Home,L,1,2,Brest,56,619.0,59.0,201.0,271.0,155.0,26.0,619.0,32.0,20.0,62.5,10.0,31.3,424.0,2154.0,991.0,13.0,13.0,4.0,17.0,13.0,386.0,48.0,15:00:00,/en/matches/680c6c1d/Le-Havre-Brest-August-20-2023-Ligue-1
FRA-Ligue 1,2324,Le Havre,2023-08-27 Rennes-Le Havre,2023-08-27,Matchweek 3,Sun,Away,D,2,2,Rennes,39,590.0,77.0,204.0,288.0,102.0,14.0,590.0,10.0,2.0,20.0,8.0,80.0,423.0,2071.0,822.0,4.0,7.0,1.0,11.0,10.0,378.0,25.0,13:00:00,/en/matches/505ba995/Rennes-Le-Havre-August-27-2023-Ligue-1
FRA-Ligue 1,2324,Le Havre,2023-09-03 Le Havre-Lorient,2023-09-03,Matchweek 4,Sun,Home,W,3,0,Lorient,44,574.0,48.0,171.0,296.0,116.0,24.0,574.0,11.0,7.0,63.6,4.0,36.4,433.0,2254.0,1266.0,17.0,16.0,3.0,7.0,5.0,401.0,38.0,15:00:00,/en/matches/4519a333/Le-Havre-Lorient-September-3-2023-Ligue-1
FRA-Ligue 1,2324,Le Havre,2023-09-17 Lyon-Le Havre,2023-09-17,Matchweek 5,Sun,Away,D,0,0,Lyon,42,552.0,74.0,188.0,268.0,103.0,12.0,552.0,15.0,5.0,33.3,7.0,46.7,372.0,2027.0,893.0,11.0,13.0,3.0,11.0,11.0,333.0,26.0,20:45:00,/en/matches/18b82351/Lyon-Le-Havre-September-17-2023-Ligue-1
FRA-Ligue 1,2324,Le Havre,2023-09-24 Le Havre-Clermont Foot,2023-09-24,Matchweek 6,Sun,Home,W,2,1,Clermont Foot,32,431.0,65.0,196.0,152.0,85.0,10.0,431.0,17.0,6.0,35.3,6.0,35.3,281.0,1521.0,662.0,6.0,5.0,4.0,12.0,3.0,229.0,21.0,15:00:00,/en/matches/941106cf/Le-Havre-Clermont-Foot-September-24-2023-Ligue-1
FRA-Ligue 1,2324,Le Havre,2023-10-01 Le Havre-Lille,2023-10-01,Matchweek 7,Sun,Home,L,0,2,Lille,38,530.0,60.0,216.0,243.0,76.0,12.0,530.0,12.0,5.0,41.7,6.0,50.0,371.0,1653.0,669.0,7.0,12.0,3.0,10.0,12.0,347.0,26.0,15:00:00,/en/matches/f2fb61f7/Le-Havre-Lille-October-1-2023-Ligue-1
FRA-Ligue 1,2324,Le Havre,2023-10-08 Marseille-Le Havre,2023-10-08,Matchweek 8,Sun,Away,L,0,3,Marseille,36,518.0,63.0,230.0,244.0,53.0,6.0,518.0,15.0,9.0,60.0,6.0,40.0,387.0,2268.0,1099.0,12.0,10.0,2.0,13.0,8.0,343.0,30.0,13:00:00,/en/matches/4df09039/Marseille-Le-Havre-October-8-2023-Ligue-1
FRA-Ligue 1,2324,Le Havre,2023-10-20 Le Havre-Lens,2023-10-20,Matchweek 9,Fri,Home,D,0,0,Lens,40,553.0,59.0,169.0,250.0,138.0,22.0,553.0,18.0,8.0,44.4,10.0,55.6,357.0,1778.0,757.0,16.0,11.0,6.0,14.0,14.0,320.0,32.0,21:00:00,/en/matches/437ba0cb/Le-Havre-Lens-October-20-2023-Ligue-1
FRA-Ligue 1,2324,Le Havre,2023-10-29 Metz-Le Havre,2023-10-29,Matchweek 10,Sun,Away,D,0,0,Metz,58,633.0,60.0,198.0,302.0,138.0,20.0,633.0,16.0,10.0,62.5,6.0,37.5,461.0,2617.0,1246.0,14.0,17.0,5.0,13.0,6.0,424.0,54.0,15:00:00,/en/matches/6d743853/Metz-Le-Havre-October-29-2023-Ligue-1
FRA-Ligue 1,2324,Le Havre,2023-11-05 Toulouse-Le Havre,2023-11-05,Matchweek 11,Sun,Away,W,2,1,Toulouse,48,582.0,74.0,211.0,256.0,120.0,20.0,582.0,20.0,6.0,30.0,14.0,70.0,402.0,2127.0,967.0,12.0,19.0,2.0,18.0,19.0,364.0,37.0,15:00:00,/en/matches/f7d3c634/Toulouse-Le-Havre-November-5-2023-Ligue-1
FRA-Ligue 1,2324,Le Havre,2023-11-11 Le Havre-Monaco,2023-11-11,Matchweek 12,Sat,Home,D,0,0,Monaco,38,472.0,52.0,174.0,194.0,108.0,10.0,471.0,17.0,10.0,58.8,6.0,35.3,286.0,1833.0,713.0,14.0,18.0,5.0,18.0,16.0,248.0,32.0,21:00:00,/en/matches/8bb49483/Le-Havre-Monaco-November-11-2023-Ligue-1
FRA-Ligue 1,2324,Le Havre,2023-11-26 Nantes-Le Havre,2023-11-26,Matchweek 13,Sun,Away,D,0,0,Nantes,39,525.0,75.0,247.0,200.0,87.0,14.0,525.0,17.0,8.0,47.1,7.0,41.2,339.0,1808.0,796.0,7.0,9.0,1.0,17.0,5.0,293.0,17.0,15:00:00,/en/matches/ec8cdc57/Nantes-Le-Havre-November-26-2023-Ligue-1
FRA-Ligue 1,2324,Le Havre,2023-12-03 Le Havre-Paris S-G,2023-12-03,Matchweek 14,Sun,Home,L,0,2,Paris S-G,61,786.0,33.0,102.0,366.0,324.0,40.0,786.0,16.0,7.0,43.8,6.0,37.5,616.0,3100.0,1580.0,22.0,34.0,8.0,16.0,9.0,585.0,63.0,13:00:00,/en/matches/b6e6fdfe/Le-Havre-Paris-Saint-Germain-December-3-2023-Ligue-1
FRA-Ligue 1,2324,Le Havre,2023-12-10 Strasbourg-Le Havre,2023-12-10,Matchweek 15,Sun,Away,L,1,2,Strasbourg,56,666.0,69.0,238.0,268.0,168.0,29.0,666.0,21.0,5.0,23.8,13.0,61.9,470.0,2588.0,1104.0,18.0,17.0,1.0,12.0,11.0,428.0,47.0,15:00:00,/en/matches/d15b44c5/Strasbourg-Le-Havre-December-10-2023-Ligue-1
FRA-Ligue 1,2324,Le Havre,2023-12-16 Le Havre-Nice,2023-12-16,Matchweek 16,Sat,Home,W,3,1,Nice,38,509.0,68.0,216.0,220.0,77.0,14.0,508.0,15.0,3.0,20.0,12.0,80.0,337.0,1740.0,683.0,6.0,10.0,4.0,16.0,5.0,305.0,24.0,17:00:00,/en/matches/8fd0b0fe/Le-Havre-Nice-December-16-2023-Ligue-1
FRA-Ligue 1,2324,Le Havre,2023-12-20 Reims-Le Havre,2023-12-20,Matchweek 17,Wed,Away,L,0,1,Reims,35,522.0,98.0,239.0,199.0,85.0,10.0,522.0,20.0,7.0,35.0,12.0,60.0,336.0,1910.0,961.0,12.0,6.0,2.0,15.0,6.0,296.0,24.0,21:00:00,/en/matches/4e667758/Reims-Le-Havre-December-20-2023-Ligue-1
FRA-Ligue 1,2324,Le Havre,2024-01-14 Le Havre-Lyon,2024-01-14,Matchweek 18,Sun,Home,W,3,1,Lyon,43,588.0,61.0,186.0,273.0,137.0,24.0,588.0,11.0,7.0,63.6,4.0,36.4,427.0,2163.0,1007.0,13.0,12.0,5.0,10.0,9.0,396.0,39.0,17:05:00,/en/matches/a8be717d/Le-Havre-Lyon-January-14-2024-Ligue-1
FRA-Ligue 1,2324,Le Havre,2024-01-28 Lorient-Le Havre,2024-01-28,Matchweek 19,Sun,Away,D,3,3,Lorient,57,609.0,44.0,146.0,313.0,153.0,20.0,608.0,16.0,9.0,56.3,5.0,31.3,438.0,2555.0,943.0,13.0,17.0,4.0,8.0,10.0,421.0,35.0,15:00:00,/en/matches/9bdf343f/Lorient-Le-Havre-January-28-2024-Ligue-1
FRA-Ligue 1,2324,Le Havre,2024-02-04 Monaco-Le Havre,2024-02-04,Matchweek 20,Sun,Away,D,1,1,Monaco,39,553.0,94.0,219.0,245.0,94.0,9.0,553.0,34.0,10.0,29.4,21.0,61.8,328.0,1849.0,662.0,11.0,8.0,4.0,9.0,4.0,287.0,29.0,13:00:00,/en/matches/6b4f65e7/Monaco-Le-Havre-February-4-2024-Ligue-1
FRA-Ligue 1,2324,Le Havre,2024-02-11 Le Havre-Rennes,2024-02-11,Matchweek 21,Sun,Home,L,0,1,Rennes,49,627.0,67.0,194.0,269.0,167.0,23.0,627.0,21.0,8.0,38.1,12.0,57.1,428.0,2180.0,985.0,14.0,10.0,8.0,14.0,10.0,393.0,51.0,13:00:00,/en/matches/4472d29d/Le-Havre-Rennes-February-11-2024-Ligue-1
FRA-Ligue 1,2324,Le Havre,2024-02-17 Lille-Le Havre,2024-02-17,Matchweek 22,Sat,Away,L,0,3,Lille,39,467.0,61.0,159.0,230.0,85.0,8.0,467.0,13.0,8.0,61.5,5.0,38.5,312.0,1934.0,770.0,16.0,10.0,3.0,12.0,13.0,272.0,31.0,17:00:00,/en/matches/9e482487/Lille-Le-Havre-February-17-2024-Ligue-1
FRA-Ligue 1,2324,Le Havre,2024-02-25 Le Havre-Reims,2024-02-25,Matchweek 23,Sun,Home,L,1,2,Reims,50,530.0,38.0,132.0,268.0,134.0,23.0,529.0,10.0,6.0,60.0,4.0,40.0,367.0,1945.0,928.0,14.0,10.0,3.0,8.0,6.0,340.0,42.0,15:00:00,/en/matches/f2b72da5/Le-Havre-Reims-February-25-2024-Ligue-1
FRA-Ligue 1,2324,Le Havre,2024-03-03 Brest-Le Havre,2024-03-03,Matchweek 24,Sun,Away,L,0,1,Brest,40,485.0,38.0,148.0,236.0,109.0,18.0,485.0,17.0,7.0,41.2,7.0,41.2,302.0,1624.0,656.0,10.0,7.0,0.0,12.0,11.0,274.0,30.0,15:00:00,/en/matches/51912b7d/Brest-Le-Havre-March-3-2024-Ligue-1
FRA-Ligue 1,2324,Le Havre,2024-03-10 Le Havre-Toulouse,2024-03-10,Matchweek 25,Sun,Home,W,1,0,Toulouse,49,524.0,49.0,174.0,246.0,108.0,15.0,524.0,10.0,6.0,60.0,4.0,40.0,367.0,2014.0,770.0,8.0,6.0,3.0,14.0,4.0,341.0,37.0,15:00:00,/en/matches/3957eebd/Le-Havre-Toulouse-March-10-2024-Ligue-1
FRA-Ligue 1,2324,Le Havre,2024-03-17 Clermont Foot-Le Havre,2024-03-17,Matchweek 26,Sun,Away,L,1,2,Clermont Foot,60,589.0,44.0,152.0,288.0,158.0,21.0,589.0,17.0,6.0,35.3,8.0,47.1,442.0,2739.0,1514.0,23.0,19.0,3.0,12.0,10.0,418.0,52.0,15:00:00,/en/matches/f7f8d2b1/Clermont-Foot-Le-Havre-March-17-2024-Ligue-1
FRA-Ligue 1,2324,Le Havre,2024-03-31 Le Havre-Montpellier,2024-03-31,Matchweek 27,Sun,Home,L,0,2,Montpellier,52,590.0,48.0,166.0,270.0,162.0,33.0,590.0,22.0,10.0,45.5,11.0,50.0,389.0,2312.0,1015.0,26.0,14.0,7.0,13.0,13.0,359.0,56.0,15:00:00,/en/matches/84ed0867/Le-Havre-Montpellier-March-31-2024-Ligue-1
FRA-Ligue 1,2324,Le Havre,2024-04-06 Lens-Le Havre,2024-04-06,Matchweek 28,Sat,Away,D,1,1,Lens,43,584.0,85.0,251.0,201.0,138.0,21.0,583.0,23.0,9.0,39.1,13.0,56.5,360.0,1530.0,629.0,9.0,16.0,3.0,19.0,3.0,313.0,33.0,17:00:00,/en/matches/a4636c9d/Lens-Le-Havre-April-6-2024-Ligue-1
FRA-Ligue 1,2324,Le Havre,2024-04-14 Le Havre-Nantes,2024-04-14,Matchweek 29,Sun,Home,L,0,1,Nantes,45,522.0,52.0,154.0,218.0,157.0,22.0,522.0,20.0,12.0,60.0,7.0,35.0,351.0,2036.0,989.0,20.0,16.0,6.0,14.0,10.0,325.0,48.0,13:00:00,/en/matches/2e9cdf18/Le-Havre-Nantes-April-14-2024-Ligue-1
FRA-Ligue 1,2324,Le Havre,2024-04-21 Le Havre-Metz,2024-04-21,Matchweek 30,Sun,Home,L,0,1,Metz,64,646.0,32.0,142.0,313.0,200.0,18.0,646.0,17.0,6.0,35.3,10.0,58.8,460.0,2826.0,1378.0,28.0,15.0,1.0,13.0,3.0,423.0,39.0,15:00:00,/en/matches/488e12d3/Le-Havre-Metz-April-21-2024-Ligue-1
FRA-Ligue 1,2324,Le Havre,2024-04-27 Paris S-G-Le Havre,2024-04-27,Matchweek 31,Sat,Away,D,3,3,Paris S-G,23,368.0,67.0,193.0,121.0,61.0,6.0,367.0,14.0,6.0,42.9,7.0,50.0,194.0,1148.0,414.0,7.0,7.0,1.0,18.0,6.0,157.0,20.0,21:00:00,/en/matches/c28df007/Paris-Saint-Germain-Le-Havre-April-27-2024-Ligue-1
FRA-Ligue 1,2324,Le Havre,2024-05-04 Le Havre-Strasbourg,2024-05-04,Matchweek 32,Sat,Home,W,3,1,Strasbourg,39,476.0,51.0,166.0,215.0,101.0,24.0,476.0,9.0,5.0,55.6,4.0,44.4,302.0,1573.0,642.0,12.0,11.0,5.0,10.0,6.0,267.0,22.0,15:00:00,/en/matches/024a71c6/Le-Havre-Strasbourg-May-4-2024-Ligue-1
FRA-Ligue 1,2324,Le Havre,2024-05-10 Nice-Le Havre,2024-05-10,Matchweek 33,Fri,Away,L,0,1,Nice,42,518.0,59.0,176.0,245.0,106.0,16.0,518.0,16.0,9.0,56.3,7.0,43.8,363.0,2009.0,855.0,9.0,16.0,1.0,15.0,3.0,332.0,26.0,21:00:00,/en/matches/73e73f70/Nice-Le-Havre-May-10-2024-Ligue-1
FRA-Ligue 1,2324,Le Havre,2024-05-19 Le Havre-Marseille,2024-05-19,Matchweek 34,Sun,Home,L,1,2,Marseille,44,572.0,80.0,216.0,276.0,89.0,16.0,571.0,18.0,9.0,50.0,9.0,50.0,403.0,2343.0,1020.0,11.0,9.0,0.0,15.0,8.0,364.0,19.0,21:00:00,/en/matches/3fa1da40/Le-Havre-Marseille-May-19-2024-Ligue-1
FRA-Ligue 1,2324,Lens,2023-08-13 Brest-Lens,2023-08-13,Matchweek 1,Sun,Away,L,2,3,Brest,52,570.0,69.0,180.0,264.0,131.0,19.0,570.0,18.0,9.0,50.0,6.0,33.3,377.0,2521.0,1236.0,19.0,19.0,4.0,20.0,13.0,326.0,43.0,13:00:00,/en/matches/6e29d5a3/Brest-Lens-August-13-2023-Ligue-1
FRA-Ligue 1,2324,Lens,2023-08-20 Lens-Rennes,2023-08-20,Matchweek 2,Sun,Home,D,1,1,Rennes,50,635.0,35.0,121.0,296.0,226.0,25.0,635.0,10.0,3.0,30.0,6.0,60.0,462.0,2813.0,1359.0,17.0,20.0,4.0,13.0,8.0,428.0,48.0,20:45:00,/en/matches/283d8d62/Lens-Rennes-August-20-2023-Ligue-1
FRA-Ligue 1,2324,Lens,2023-08-26 Paris S-G-Lens,2023-08-26,Matchweek 3,Sat,Away,L,1,3,Paris S-G,34,492.0,44.0,129.0,245.0,123.0,13.0,492.0,10.0,6.0,60.0,4.0,40.0,342.0,1641.0,664.0,9.0,15.0,1.0,14.0,11.0,305.0,36.0,21:00:00,/en/matches/d3db871d/Paris-Saint-Germain-Lens-August-26-2023-Ligue-1
FRA-Ligue 1,2324,Lens,2023-09-02 Monaco-Lens,2023-09-02,Matchweek 4,Sat,Away,L,0,3,Monaco,48,574.0,56.0,170.0,297.0,113.0,17.0,574.0,14.0,9.0,64.3,4.0,28.6,427.0,2224.0,1005.0,18.0,12.0,4.0,13.0,6.0,388.0,49.0,21:00:00,/en/matches/7a2f8122/Monaco-Lens-September-2-2023-Ligue-1
FRA-Ligue 1,2324,Lens,2023-09-16 Lens-Metz,2023-09-16,Matchweek 5,Sat,Home,L,0,1,Metz,75,861.0,25.0,105.0,389.0,374.0,44.0,861.0,10.0,7.0,70.0,3.0,30.0,684.0,4022.0,2178.0,27.0,51.0,2.0,11.0,10.0,646.0,86.0,21:00:00,/en/matches/40754c32/Lens-Metz-September-16-2023-Ligue-1
FRA-Ligue 1,2324,Lens,2023-09-24 Lens-Toulouse,2023-09-24,Matchweek 6,Sun,Home,W,2,1,Toulouse,62,729.0,33.0,90.0,331.0,313.0,46.0,729.0,22.0,9.0,40.9,13.0,59.1,555.0,2848.0,1361.0,25.0,20.0,4.0,9.0,13.0,498.0,89.0,15:00:00,/en/matches/2e47fd82/Lens-Toulouse-September-24-2023-Ligue-1
FRA-Ligue 1,2324,Lens,2023-09-29 Strasbourg-Lens,2023-09-29,Matchweek 7,Fri,Away,W,1,0,Strasbourg,52,659.0,51.0,156.0,388.0,117.0,15.0,659.0,11.0,4.0,36.4,4.0,36.4,513.0,2508.0,1208.0,14.0,21.0,4.0,16.0,4.0,469.0,44.0,21:00:00,/en/matches/0730708e/Strasbourg-Lens-September-29-2023-Ligue-1
FRA-Ligue 1,2324,Lens,2023-10-08 Lens-Lille,2023-10-08,Matchweek 8,Sun,Home,D,1,1,Lille,45,537.0,36.0,144.0,245.0,153.0,33.0,537.0,20.0,10.0,50.0,8.0,40.0,380.0,2444.0,1044.0,15.0,4.0,4.0,19.0,10.0,335.0,40.0,17:05:00,/en/matches/b044385d/Lens-Lille-October-8-2023-Ligue-1
FRA-Ligue 1,2324,Lens,2023-10-20 Le Havre-Lens,2023-10-20,Matchweek 9,Fri,Away,D,0,0,Le Havre,60,742.0,71.0,193.0,380.0,176.0,20.0,742.0,8.0,4.0,50.0,4.0,50.0,551.0,2551.0,1089.0,7.0,14.0,2.0,10.0,9.0,519.0,50.0,21:00:00,/en/matches/437ba0cb/Le-Havre-Lens-October-20-2023-Ligue-1
FRA-Ligue 1,2324,Lens,2023-10-28 Lens-Nantes,2023-10-28,Matchweek 10,Sat,Home,W,4,0,Nantes,54,655.0,82.0,222.0,318.0,125.0,18.0,653.0,16.0,7.0,43.8,7.0,43.8,512.0,2907.0,1293.0,22.0,15.0,4.0,10.0,7.0,468.0,34.0,21:00:00,/en/matches/271f272f/Lens-Nantes-October-28-2023-Ligue-1
FRA-Ligue 1,2324,Lens,2023-11-04 Lorient-Lens,2023-11-04,Matchweek 11,Sat,Away,D,0,0,Lorient,57,684.0,39.0,136.0,314.0,238.0,26.0,684.0,21.0,8.0,38.1,12.0,57.1,524.0,2984.0,1347.0,25.0,29.0,4.0,14.0,15.0,465.0,70.0,17:00:00,/en/matches/001326cc/Lorient-Lens-November-4-2023-Ligue-1
FRA-Ligue 1,2324,Lens,2023-11-12 Lens-Marseille,2023-11-12,Matchweek 12,Sun,Home,W,1,0,Marseille,47,554.0,47.0,117.0,220.0,221.0,25.0,554.0,20.0,10.0,50.0,8.0,40.0,392.0,2037.0,1033.0,16.0,18.0,4.0,24.0,14.0,349.0,59.0,20:45:00,/en/matches/fe8096da/Lens-Marseille-November-12-2023-Ligue-1
FRA-Ligue 1,2324,Lens,2023-11-25 Clermont Foot-Lens,2023-11-25,Matchweek 13,Sat,Away,W,3,0,Clermont Foot,52,676.0,68.0,210.0,347.0,127.0,19.0,676.0,11.0,5.0,45.5,3.0,27.3,543.0,3501.0,1258.0,23.0,22.0,4.0,17.0,5.0,498.0,43.0,17:00:00,/en/matches/4cf8ae40/Clermont-Foot-Lens-November-25-2023-Ligue-1
FRA-Ligue 1,2324,Lens,2023-12-02 Lens-Lyon,2023-12-02,Matchweek 14,Sat,Home,W,3,2,Lyon,52,619.0,49.0,95.0,344.0,186.0,20.0,618.0,9.0,4.0,44.4,5.0,55.6,474.0,2722.0,1208.0,19.0,24.0,1.0,15.0,9.0,437.0,48.0,17:00:00,/en/matches/66f5f256/Lens-Lyon-December-2-2023-Ligue-1
FRA-Ligue 1,2324,Lens,2023-12-08 Montpellier-Lens,2023-12-08,Matchweek 15,Fri,Away,D,0,0,Montpellier,65,750.0,65.0,199.0,355.0,206.0,30.0,750.0,15.0,4.0,26.7,9.0,60.0,539.0,3195.0,1664.0,27.0,27.0,5.0,27.0,7.0,498.0,69.0,21:00:00,/en/matches/ad238285/Montpellier-Lens-December-8-2023-Ligue-1
FRA-Ligue 1,2324,Lens,2023-12-16 Lens-Reims,2023-12-16,Matchweek 16,Sat,Home,W,2,0,Reims,46,597.0,79.0,215.0,273.0,113.0,14.0,597.0,10.0,5.0,50.0,4.0,40.0,403.0,2685.0,1093.0,15.0,11.0,1.0,26.0,11.0,357.0,32.0,21:00:00,/en/matches/331c82fc/Lens-Reims-December-16-2023-Ligue-1
FRA-Ligue 1,2324,Lens,2023-12-20 Nice-Lens,2023-12-20,Matchweek 17,Wed,Away,L,0,2,Nice,59,664.0,65.0,218.0,308.0,143.0,20.0,664.0,5.0,0.0,0.0,3.0,60.0,504.0,2652.0,1104.0,15.0,24.0,1.0,9.0,3.0,482.0,32.0,21:00:00,/en/matches/267500aa/Nice-Lens-December-20-2023-Ligue-1
FRA-Ligue 1,2324,Lens,2024-01-14 Lens-Paris S-G,2024-01-14,Matchweek 18,Sun,Home,L,0,2,Paris S-G,35,482.0,65.0,170.0,206.0,113.0,26.0,481.0,22.0,11.0,50.0,10.0,45.5,328.0,2130.0,1021.0,17.0,12.0,4.0,11.0,13.0,296.0,35.0,20:45:00,/en/matches/0682fa55/Lens-Paris-Saint-Germain-January-14-2024-Ligue-1
FRA-Ligue 1,2324,Lens,2024-01-28 Toulouse-Lens,2024-01-28,Matchweek 19,Sun,Away,W,2,0,Toulouse,47,558.0,86.0,212.0,247.0,104.0,15.0,558.0,17.0,6.0,35.3,8.0,47.1,384.0,1976.0,845.0,13.0,10.0,2.0,12.0,5.0,351.0,29.0,17:05:00,/en/matches/678c2976/Toulouse-Lens-January-28-2024-Ligue-1
FRA-Ligue 1,2324,Lens,2024-02-03 Nantes-Lens,2024-02-03,Matchweek 20,Sat,Away,W,1,0,Nantes,58,635.0,59.0,180.0,331.0,134.0,25.0,635.0,14.0,10.0,71.4,4.0,28.6,495.0,2789.0,1309.0,22.0,15.0,5.0,15.0,10.0,464.0,41.0,21:00:00,/en/matches/f7e99caf/Nantes-Lens-February-3-2024-Ligue-1
FRA-Ligue 1,2324,Lens,2024-02-10 Lens-Strasbourg,2024-02-10,Matchweek 21,Sat,Home,W,3,1,Strasbourg,50,612.0,70.0,189.0,303.0,129.0,16.0,612.0,13.0,6.0,46.2,7.0,53.8,439.0,2543.0,1229.0,13.0,14.0,2.0,15.0,17.0,401.0,36.0,17:00:00,/en/matches/9635699e/Lens-Strasbourg-February-10-2024-Ligue-1
FRA-Ligue 1,2324,Lens,2024-02-18 Reims-Lens,2024-02-18,Matchweek 22,Sun,Away,D,1,1,Reims,47,565.0,70.0,240.0,257.0,73.0,13.0,565.0,11.0,4.0,36.4,7.0,63.6,387.0,1942.0,839.0,3.0,6.0,2.0,15.0,8.0,356.0,29.0,17:05:00,/en/matches/825ef1ef/Reims-Lens-February-18-2024-Ligue-1
FRA-Ligue 1,2324,Lens,2024-02-25 Lens-Monaco,2024-02-25,Matchweek 23,Sun,Home,L,2,3,Monaco,60,709.0,59.0,237.0,287.0,194.0,42.0,709.0,18.0,11.0,61.1,7.0,38.9,512.0,3218.0,1649.0,28.0,25.0,9.0,23.0,7.0,466.0,57.0,13:00:00,/en/matches/7b54b025/Lens-Monaco-February-25-2024-Ligue-1
FRA-Ligue 1,2324,Lens,2024-03-03 Lyon-Lens,2024-03-03,Matchweek 24,Sun,Away,W,3,0,Lyon,53,647.0,62.0,173.0,316.0,164.0,25.0,646.0,7.0,4.0,57.1,3.0,42.9,491.0,2771.0,1471.0,26.0,20.0,2.0,16.0,5.0,461.0,45.0,20:45:00,/en/matches/736f94f0/Lyon-Lens-March-3-2024-Ligue-1
FRA-Ligue 1,2324,Lens,2024-03-09 Lens-Brest,2024-03-09,Matchweek 25,Sat,Home,W,1,0,Brest,42,519.0,86.0,206.0,230.0,87.0,17.0,519.0,14.0,8.0,57.1,6.0,42.9,359.0,2452.0,865.0,17.0,11.0,3.0,22.0,8.0,329.0,34.0,21:00:00,/en/matches/54c25242/Lens-Brest-March-9-2024-Ligue-1
FRA-Ligue 1,2324,Lens,2024-03-16 Lens-Nice,2024-03-16,Matchweek 26,Sat,Home,L,1,3,Nice,60,723.0,36.0,131.0,344.0,251.0,32.0,723.0,12.0,5.0,41.7,7.0,58.3,532.0,2849.0,1224.0,26.0,19.0,5.0,24.0,6.0,487.0,55.0,21:00:00,/en/matches/7b5edccd/Lens-Nice-March-16-2024-Ligue-1
FRA-Ligue 1,2324,Lens,2024-03-29 Lille-Lens,2024-03-29,Matchweek 27,Fri,Away,L,1,2,Lille,51,574.0,47.0,170.0,281.0,131.0,17.0,574.0,15.0,7.0,46.7,7.0,46.7,406.0,2194.0,1009.0,18.0,11.0,3.0,11.0,14.0,368.0,33.0,21:00:00,/en/matches/1488d812/Lille-Lens-March-29-2024-Ligue-1
FRA-Ligue 1,2324,Lens,2024-04-06 Lens-Le Havre,2024-04-06,Matchweek 28,Sat,Home,D,1,1,Le Havre,57,695.0,45.0,159.0,313.0,228.0,24.0,695.0,19.0,8.0,42.1,9.0,47.4,462.0,2572.0,1225.0,23.0,20.0,3.0,13.0,8.0,438.0,43.0,17:00:00,/en/matches/a4636c9d/Lens-Le-Havre-April-6-2024-Ligue-1
FRA-Ligue 1,2324,Lens,2024-04-12 Metz-Lens,2024-04-12,Matchweek 29,Fri,Away,L,1,2,Metz,70,795.0,49.0,164.0,409.0,231.0,25.0,794.0,9.0,3.0,33.3,2.0,22.2,615.0,3383.0,1683.0,17.0,23.0,1.0,18.0,8.0,585.0,66.0,21:00:00,/en/matches/eac47cb2/Metz-Lens-April-12-2024-Ligue-1
FRA-Ligue 1,2324,Lens,2024-04-20 Lens-Clermont Foot,2024-04-20,Matchweek 30,Sat,Home,W,1,0,Clermont Foot,47,573.0,49.0,142.0,286.0,150.0,18.0,572.0,17.0,5.0,29.4,12.0,70.6,404.0,1941.0,741.0,9.0,14.0,3.0,13.0,11.0,367.0,41.0,21:00:00,/en/matches/811884b5/Lens-Clermont-Foot-April-20-2024-Ligue-1
FRA-Ligue 1,2324,Lens,2024-04-28 Marseille-Lens,2024-04-28,Matchweek 31,Sun,Away,L,1,2,Marseille,56,587.0,47.0,134.0,327.0,135.0,17.0,587.0,18.0,7.0,38.9,8.0,44.4,437.0,2926.0,1495.0,15.0,18.0,1.0,11.0,6.0,400.0,40.0,21:00:00,/en/matches/13780c18/Marseille-Lens-April-28-2024-Ligue-1
FRA-Ligue 1,2324,Lens,2024-05-03 Lens-Lorient,2024-05-03,Matchweek 32,Fri,Home,W,2,0,Lorient,57,720.0,69.0,191.0,327.0,207.0,35.0,720.0,15.0,9.0,60.0,3.0,20.0,503.0,2537.0,1364.0,18.0,19.0,5.0,14.0,7.0,481.0,63.0,21:00:00,/en/matches/e7684537/Lens-Lorient-May-3-2024-Ligue-1
FRA-Ligue 1,2324,Lens,2024-05-12 Rennes-Lens,2024-05-12,Matchweek 33,Sun,Away,D,1,1,Rennes,43,553.0,74.0,193.0,260.0,107.0,14.0,553.0,15.0,6.0,40.0,9.0,60.0,370.0,1771.0,738.0,10.0,10.0,4.0,12.0,15.0,333.0,31.0,21:00:00,/en/matches/c55b179e/Rennes-Lens-May-12-2024-Ligue-1
FRA-Ligue 1,2324,Lens,2024-05-19 Lens-Montpellier,2024-05-19,Matchweek 34,Sun,Home,D,2,2,Montpellier,55,732.0,49.0,188.0,356.0,198.0,46.0,732.0,21.0,12.0,57.1,8.0,38.1,534.0,2883.0,1242.0,21.0,19.0,6.0,15.0,14.0,498.0,61.0,21:00:00,/en/matches/ac107595/Lens-Montpellier-May-19-2024-Ligue-1
FRA-Ligue 1,2324,Lille,2023-08-11 Nice-Lille,2023-08-11,Matchweek 1,Fri,Away,D,1,1,Nice,60,720.0,47.0,194.0,362.0,172.0,21.0,720.0,25.0,14.0,56.0,11.0,44.0,564.0,3264.0,1476.0,26.0,17.0,7.0,12.0,5.0,528.0,33.0,21:00:00,/en/matches/ff59d311/Nice-Lille-August-11-2023-Ligue-1
FRA-Ligue 1,2324,Lille,2023-08-20 Lille-Nantes,2023-08-20,Matchweek 2,Sun,Home,W,2,0,Nantes,64,689.0,47.0,112.0,326.0,256.0,31.0,689.0,19.0,10.0,52.6,5.0,26.3,541.0,2803.0,1526.0,20.0,17.0,5.0,12.0,10.0,503.0,63.0,13:00:00,/en/matches/31fe99c8/Lille-Nantes-August-20-2023-Ligue-1
FRA-Ligue 1,2324,Lille,2023-08-27 Lorient-Lille,2023-08-27,Matchweek 3,Sun,Away,L,1,4,Lorient,64,730.0,45.0,132.0,357.0,246.0,31.0,730.0,31.0,12.0,38.7,15.0,48.4,547.0,3175.0,1636.0,23.0,26.0,3.0,18.0,6.0,522.0,58.0,17:05:00,/en/matches/eb2c366f/Lorient-Lille-August-27-2023-Ligue-1
FRA-Ligue 1,2324,Lille,2023-09-03 Lille-Montpellier,2023-09-03,Matchweek 4,Sun,Home,W,1,0,Montpellier,58,672.0,80.0,227.0,315.0,136.0,26.0,672.0,22.0,11.0,50.0,9.0,40.9,515.0,2748.0,1288.0,23.0,12.0,11.0,13.0,12.0,468.0,39.0,15:00:00,/en/matches/26cacbb5/Lille-Montpellier-September-3-2023-Ligue-1
FRA-Ligue 1,2324,Lille,2023-09-16 Rennes-Lille,2023-09-16,Matchweek 5,Sat,Away,D,2,2,Rennes,53,689.0,77.0,246.0,336.0,109.0,21.0,689.0,16.0,11.0,68.8,5.0,31.3,526.0,2442.0,1105.0,15.0,13.0,7.0,18.0,7.0,479.0,24.0,17:00:00,/en/matches/d419c313/Rennes-Lille-September-16-2023-Ligue-1
FRA-Ligue 1,2324,Lille,2023-09-26 Lille-Reims,2023-09-26,Matchweek 6,Tue,Home,L,1,2,Reims,69,804.0,27.0,164.0,431.0,213.0,26.0,804.0,31.0,12.0,38.7,17.0,54.8,649.0,3404.0,1600.0,24.0,26.0,4.0,14.0,6.0,608.0,70.0,21:00:00,/en/matches/b1ae9dc3/Lille-Reims-September-26-2023-Ligue-1
FRA-Ligue 1,2324,Lille,2023-10-01 Le Havre-Lille,2023-10-01,Matchweek 7,Sun,Away,W,2,0,Le Havre,62,813.0,49.0,196.0,448.0,174.0,26.0,813.0,25.0,14.0,56.0,9.0,36.0,666.0,3374.0,1273.0,22.0,29.0,5.0,15.0,9.0,630.0,49.0,15:00:00,/en/matches/f2fb61f7/Le-Havre-Lille-October-1-2023-Ligue-1
FRA-Ligue 1,2324,Lille,2023-10-08 Lens-Lille,2023-10-08,Matchweek 8,Sun,Away,D,1,1,Lens,55,643.0,78.0,253.0,305.0,90.0,12.0,643.0,17.0,11.0,64.7,3.0,17.6,459.0,2464.0,1177.0,14.0,15.0,2.0,13.0,3.0,427.0,29.0,17:05:00,/en/matches/b044385d/Lens-Lille-October-8-2023-Ligue-1
FRA-Ligue 1,2324,Lille,2023-10-22 Lille-Brest,2023-10-22,Matchweek 9,Sun,Home,W,1,0,Brest,43,542.0,56.0,180.0,263.0,106.0,16.0,542.0,25.0,14.0,56.0,10.0,40.0,344.0,2002.0,907.0,23.0,15.0,6.0,22.0,18.0,292.0,39.0,15:00:00,/en/matches/de708e26/Lille-Brest-October-22-2023-Ligue-1
FRA-Ligue 1,2324,Lille,2023-10-29 Lille-Monaco,2023-10-29,Matchweek 10,Sun,Home,W,2,0,Monaco,41,485.0,81.0,214.0,204.0,72.0,11.0,485.0,12.0,7.0,58.3,4.0,33.3,311.0,1853.0,821.0,16.0,11.0,3.0,19.0,10.0,263.0,22.0,15:00:00,/en/matches/e4ed3318/Lille-Monaco-October-29-2023-Ligue-1
FRA-Ligue 1,2324,Lille,2023-11-04 Marseille-Lille,2023-11-04,Matchweek 11,Sat,Away,D,0,0,Marseille,54,634.0,54.0,214.0,315.0,111.0,17.0,634.0,16.0,8.0,50.0,8.0,50.0,482.0,2527.0,1369.0,20.0,12.0,4.0,18.0,8.0,450.0,32.0,21:00:00,/en/matches/d8243ab9/Marseille-Lille-November-4-2023-Ligue-1
FRA-Ligue 1,2324,Lille,2023-11-12 Lille-Toulouse,2023-11-12,Matchweek 12,Sun,Home,D,1,1,Toulouse,60,686.0,41.0,197.0,338.0,158.0,23.0,686.0,25.0,14.0,56.0,9.0,36.0,494.0,2490.0,1212.0,21.0,21.0,5.0,11.0,14.0,461.0,55.0,15:00:00,/en/matches/f0f7d5b7/Lille-Toulouse-November-12-2023-Ligue-1
FRA-Ligue 1,2324,Lille,2023-11-26 Lyon-Lille,2023-11-26,Matchweek 13,Sun,Away,W,2,0,Lyon,52,714.0,65.0,224.0,398.0,97.0,18.0,714.0,12.0,5.0,41.7,6.0,50.0,559.0,3046.0,1561.0,32.0,20.0,8.0,11.0,8.0,519.0,28.0,20:45:00,/en/matches/3835384c/Lyon-Lille-November-26-2023-Ligue-1
FRA-Ligue 1,2324,Lille,2023-12-03 Lille-Metz,2023-12-03,Matchweek 14,Sun,Home,W,2,0,Metz,65,795.0,50.0,194.0,443.0,163.0,35.0,794.0,18.0,10.0,55.6,7.0,38.9,655.0,3877.0,1888.0,21.0,13.0,6.0,12.0,9.0,610.0,68.0,17:05:00,/en/matches/1edcab1f/Lille-Metz-December-3-2023-Ligue-1
FRA-Ligue 1,2324,Lille,2023-12-10 Clermont Foot-Lille,2023-12-10,Matchweek 15,Sun,Away,D,0,0,Clermont Foot,53,645.0,62.0,216.0,302.0,131.0,19.0,645.0,17.0,8.0,47.1,8.0,47.1,482.0,2674.0,1228.0,19.0,13.0,6.0,14.0,6.0,441.0,46.0,15:00:00,/en/matches/b6281098/Clermont-Foot-Lille-December-10-2023-Ligue-1
FRA-Ligue 1,2324,Lille,2023-12-17 Lille-Paris S-G,2023-12-17,Matchweek 16,Sun,Home,D,1,1,Paris S-G,41,523.0,85.0,235.0,195.0,103.0,22.0,523.0,19.0,10.0,52.6,7.0,36.8,351.0,1797.0,838.0,13.0,12.0,7.0,8.0,6.0,308.0,21.0,20:45:00,/en/matches/204a77b5/Lille-Paris-Saint-Germain-December-17-2023-Ligue-1
FRA-Ligue 1,2324,Lille,2023-12-20 Strasbourg-Lille,2023-12-20,Matchweek 17,Wed,Away,L,1,2,Strasbourg,68,726.0,61.0,213.0,407.0,115.0,19.0,726.0,19.0,9.0,47.4,10.0,52.6,560.0,2760.0,1241.0,15.0,11.0,4.0,9.0,15.0,531.0,46.0,21:00:00,/en/matches/df32fbe8/Strasbourg-Lille-December-20-2023-Ligue-1
FRA-Ligue 1,2324,Lille,2024-01-14 Lille-Lorient,2024-01-14,Matchweek 18,Sun,Home,W,3,0,Lorient,62,779.0,28.0,114.0,438.0,230.0,29.0,779.0,19.0,7.0,36.8,9.0,47.4,618.0,3098.0,1383.0,18.0,19.0,7.0,15.0,11.0,586.0,67.0,13:00:00,/en/matches/24f7d86b/Lille-Lorient-January-14-2024-Ligue-1
FRA-Ligue 1,2324,Lille,2024-01-28 Montpellier-Lille,2024-01-28,Matchweek 19,Sun,Away,D,0,0,Montpellier,61,708.0,73.0,193.0,378.0,145.0,17.0,708.0,29.0,12.0,41.4,14.0,48.3,537.0,3078.0,1553.0,22.0,25.0,4.0,21.0,8.0,505.0,36.0,13:00:00,/en/matches/8308b478/Montpellier-Lille-January-28-2024-Ligue-1
FRA-Ligue 1,2324,Lille,2024-02-04 Lille-Clermont Foot,2024-02-04,Matchweek 20,Sun,Home,W,4,0,Clermont Foot,60,823.0,41.0,144.0,471.0,217.0,26.0,823.0,30.0,12.0,40.0,17.0,56.7,640.0,3492.0,1536.0,22.0,20.0,5.0,10.0,8.0,606.0,56.0,15:00:00,/en/matches/90c40e1c/Lille-Clermont-Foot-February-4-2024-Ligue-1
FRA-Ligue 1,2324,Lille,2024-02-10 Paris S-G-Lille,2024-02-10,Matchweek 21,Sat,Away,L,1,3,Paris S-G,48,585.0,73.0,226.0,241.0,121.0,20.0,585.0,22.0,13.0,59.1,9.0,40.9,428.0,2407.0,1009.0,11.0,8.0,5.0,16.0,10.0,392.0,23.0,21:00:00,/en/matches/fb49d66d/Paris-Saint-Germain-Lille-February-10-2024-Ligue-1
FRA-Ligue 1,2324,Lille,2024-02-17 Lille-Le Havre,2024-02-17,Matchweek 22,Sat,Home,W,3,0,Le Havre,61,694.0,64.0,225.0,382.0,94.0,25.0,693.0,22.0,11.0,50.0,10.0,45.5,545.0,3045.0,1508.0,19.0,9.0,8.0,12.0,7.0,504.0,44.0,17:00:00,/en/matches/9e482487/Lille-Le-Havre-February-17-2024-Ligue-1
FRA-Ligue 1,2324,Lille,2024-02-25 Toulouse-Lille,2024-02-25,Matchweek 23,Sun,Away,L,1,3,Toulouse,68,756.0,73.0,221.0,382.0,160.0,28.0,756.0,23.0,11.0,47.8,10.0,43.5,605.0,3638.0,1500.0,25.0,19.0,6.0,13.0,14.0,574.0,55.0,15:00:00,/en/matches/a07309bd/Toulouse-Lille-February-25-2024-Ligue-1
FRA-Ligue 1,2324,Lille,2024-03-02 Reims-Lille,2024-03-02,Matchweek 24,Sat,Away,W,1,0,Reims,43,486.0,52.0,179.0,218.0,90.0,12.0,486.0,14.0,7.0,50.0,6.0,42.9,324.0,1823.0,855.0,9.0,7.0,6.0,13.0,7.0,290.0,32.0,17:00:00,/en/matches/92da3973/Reims-Lille-March-2-2024-Ligue-1
FRA-Ligue 1,2324,Lille,2024-03-10 Lille-Rennes,2024-03-10,Matchweek 25,Sun,Home,D,2,2,Rennes,60,654.0,45.0,139.0,367.0,158.0,24.0,654.0,9.0,8.0,88.9,0.0,0.0,515.0,3234.0,1661.0,29.0,25.0,2.0,9.0,10.0,489.0,58.0,17:05:00,/en/matches/67041fa5/Lille-Rennes-March-10-2024-Ligue-1
FRA-Ligue 1,2324,Lille,2024-03-17 Brest-Lille,2024-03-17,Matchweek 26,Sun,Away,D,1,1,Brest,49,587.0,57.0,170.0,314.0,115.0,17.0,587.0,20.0,9.0,45.0,10.0,50.0,417.0,2693.0,1326.0,22.0,15.0,4.0,15.0,11.0,390.0,44.0,13:00:00,/en/matches/cdf13a58/Brest-Lille-March-17-2024-Ligue-1
FRA-Ligue 1,2324,Lille,2024-03-29 Lille-Lens,2024-03-29,Matchweek 27,Fri,Home,W,2,1,Lens,49,579.0,74.0,206.0,296.0,87.0,18.0,579.0,27.0,11.0,40.7,15.0,55.6,397.0,2199.0,1005.0,16.0,12.0,8.0,13.0,8.0,368.0,27.0,21:00:00,/en/matches/1488d812/Lille-Lens-March-29-2024-Ligue-1
FRA-Ligue 1,2324,Lille,2024-04-05 Lille-Marseille,2024-04-05,Matchweek 28,Fri,Home,W,3,1,Marseille,53,553.0,62.0,183.0,270.0,104.0,19.0,552.0,15.0,5.0,33.3,6.0,40.0,399.0,2366.0,1248.0,21.0,9.0,5.0,15.0,11.0,377.0,32.0,21:00:00,/en/matches/b0aa88a4/Lille-Marseille-April-5-2024-Ligue-1
FRA-Ligue 1,2324,Lille,2024-04-21 Lille-Strasbourg,2024-04-21,Matchweek 30,Sun,Home,W,1,0,Strasbourg,53,617.0,52.0,162.0,334.0,130.0,18.0,617.0,20.0,11.0,55.0,7.0,35.0,467.0,2684.0,1035.0,15.0,11.0,6.0,14.0,6.0,437.0,32.0,15:00:00,/en/matches/9511f4ab/Lille-Strasbourg-April-21-2024-Ligue-1
FRA-Ligue 1,2324,Lille,2024-04-24 Monaco-Lille,2024-04-24,Matchweek 29,Wed,Away,L,0,1,Monaco,57,678.0,85.0,268.0,288.0,129.0,28.0,678.0,16.0,8.0,50.0,8.0,50.0,496.0,2801.0,1117.0,16.0,17.0,9.0,19.0,11.0,466.0,42.0,21:00:00,/en/matches/88182e5f/Monaco-Lille-April-24-2024-Ligue-1
FRA-Ligue 1,2324,Lille,2024-04-28 Metz-Lille,2024-04-28,Matchweek 31,Sun,Away,W,2,1,Metz,70,826.0,44.0,167.0,484.0,182.0,32.0,826.0,16.0,9.0,56.3,7.0,43.8,657.0,3754.0,1842.0,18.0,14.0,6.0,6.0,10.0,653.0,68.0,13:00:00,/en/matches/316c5fa3/Metz-Lille-April-28-2024-Ligue-1
FRA-Ligue 1,2324,Lille,2024-05-06 Lille-Lyon,2024-05-06,Matchweek 32,Mon,Home,L,3,4,Lyon,44,553.0,71.0,180.0,284.0,94.0,22.0,553.0,14.0,6.0,42.9,6.0,42.9,390.0,1946.0,868.0,13.0,9.0,4.0,14.0,8.0,367.0,20.0,21:00:00,/en/matches/9a72e466/Lille-Lyon-May-6-2024-Ligue-1
FRA-Ligue 1,2324,Lille,2024-05-12 Nantes-Lille,2024-05-12,Matchweek 33,Sun,Away,W,2,1,Nantes,70,760.0,86.0,234.0,386.0,149.0,28.0,760.0,23.0,11.0,47.8,10.0,43.5,585.0,3543.0,1594.0,19.0,18.0,9.0,12.0,12.0,564.0,53.0,21:00:00,/en/matches/8f8532aa/Nantes-Lille-May-12-2024-Ligue-1
FRA-Ligue 1,2324,Lille,2024-05-19 Lille-Nice,2024-05-19,Matchweek 34,Sun,Home,D,2,2,Nice,55,676.0,65.0,191.0,318.0,170.0,24.0,676.0,12.0,5.0,41.7,6.0,50.0,516.0,2299.0,955.0,8.0,12.0,3.0,12.0,6.0,498.0,42.0,21:00:00,/en/matches/df360311/Lille-Nice-May-19-2024-Ligue-1
FRA-Ligue 1,2324,Lorient,2023-08-12 Paris S-G-Lorient,2023-08-12,Matchweek 1,Sat,Away,D,0,0,Paris S-G,22,425.0,104.0,273.0,111.0,46.0,9.0,425.0,7.0,3.0,42.9,3.0,42.9,268.0,1532.0,599.0,7.0,6.0,1.0,17.0,7.0,223.0,14.0,21:00:00,/en/matches/2e85b460/Paris-Saint-Germain-Lorient-August-12-2023-Ligue-1
FRA-Ligue 1,2324,Lorient,2023-08-20 Lorient-Nice,2023-08-20,Matchweek 2,Sun,Home,D,1,1,Nice,41,599.0,82.0,254.0,264.0,87.0,10.0,599.0,17.0,9.0,52.9,8.0,47.1,455.0,2389.0,1174.0,14.0,12.0,3.0,11.0,7.0,415.0,24.0,15:00:00,/en/matches/f6d67175/Lorient-Nice-August-20-2023-Ligue-1
FRA-Ligue 1,2324,Lorient,2023-08-27 Lorient-Lille,2023-08-27,Matchweek 3,Sun,Home,W,4,1,Lille,36,474.0,82.0,235.0,163.0,84.0,18.0,474.0,17.0,7.0,41.2,7.0,41.2,321.0,1863.0,852.0,11.0,6.0,5.0,15.0,10.0,272.0,21.0,17:05:00,/en/matches/eb2c366f/Lorient-Lille-August-27-2023-Ligue-1
FRA-Ligue 1,2324,Lorient,2023-09-03 Le Havre-Lorient,2023-09-03,Matchweek 4,Sun,Away,L,0,3,Le Havre,56,721.0,75.0,202.0,374.0,150.0,15.0,721.0,14.0,12.0,85.7,2.0,14.3,583.0,2788.0,1309.0,18.0,16.0,4.0,16.0,12.0,553.0,47.0,15:00:00,/en/matches/4519a333/Le-Havre-Lorient-September-3-2023-Ligue-1
FRA-Ligue 1,2324,Lorient,2023-09-17 Lorient-Monaco,2023-09-17,Matchweek 5,Sun,Home,D,2,2,Monaco,41,548.0,91.0,226.0,237.0,92.0,13.0,548.0,20.0,11.0,55.0,6.0,30.0,383.0,2382.0,1108.0,20.0,9.0,3.0,13.0,7.0,341.0,42.0,13:00:00,/en/matches/2cbf9481/Lorient-Monaco-September-17-2023-Ligue-1
FRA-Ligue 1,2324,Lorient,2023-09-23 Nantes-Lorient,2023-09-23,Matchweek 6,Sat,Away,L,3,5,Nantes,56,735.0,81.0,255.0,347.0,139.0,16.0,735.0,27.0,16.0,59.3,11.0,40.7,597.0,2982.0,1580.0,23.0,18.0,5.0,10.0,9.0,555.0,55.0,17:00:00,/en/matches/4f5c9313/Nantes-Lorient-September-23-2023-Ligue-1
FRA-Ligue 1,2324,Lorient,2023-10-01 Lorient-Montpellier,2023-10-01,Matchweek 7,Sun,Home,L,0,3,Montpellier,51,694.0,64.0,166.0,310.0,228.0,28.0,694.0,30.0,14.0,46.7,15.0,50.0,519.0,3312.0,1747.0,32.0,30.0,5.0,16.0,7.0,490.0,65.0,17:05:00,/en/matches/fd60231d/Lorient-Montpellier-October-1-2023-Ligue-1
FRA-Ligue 1,2324,Lorient,2023-10-08 Lyon-Lorient,2023-10-08,Matchweek 8,Sun,Away,D,3,3,Lyon,50,583.0,62.0,200.0,294.0,97.0,13.0,583.0,23.0,16.0,69.6,6.0,26.1,433.0,2300.0,1066.0,12.0,13.0,2.0,14.0,11.0,385.0,25.0,15:00:00,/en/matches/43cc2649/Lyon-Lorient-October-8-2023-Ligue-1
FRA-Ligue 1,2324,Lorient,2023-10-22 Lorient-Rennes,2023-10-22,Matchweek 9,Sun,Home,W,2,1,Rennes,31,464.0,108.0,247.0,143.0,83.0,17.0,464.0,21.0,12.0,57.1,9.0,42.9,285.0,1866.0,809.0,13.0,12.0,3.0,17.0,10.0,231.0,15.0,13:00:00,/en/matches/08e896d5/Lorient-Rennes-October-22-2023-Ligue-1
FRA-Ligue 1,2324,Lorient,2023-10-28 Reims-Lorient,2023-10-28,Matchweek 10,Sat,Away,L,0,1,Reims,44,590.0,84.0,238.0,258.0,105.0,12.0,590.0,24.0,9.0,37.5,14.0,58.3,429.0,2980.0,1283.0,13.0,10.0,2.0,23.0,5.0,366.0,31.0,17:00:00,/en/matches/5c8bc6ef/Reims-Lorient-October-28-2023-Ligue-1
FRA-Ligue 1,2324,Lorient,2023-11-04 Lorient-Lens,2023-11-04,Matchweek 11,Sat,Home,D,0,0,Lens,43,565.0,101.0,255.0,243.0,79.0,11.0,565.0,25.0,12.0,48.0,11.0,44.0,390.0,2446.0,1113.0,18.0,11.0,2.0,16.0,7.0,325.0,19.0,17:00:00,/en/matches/001326cc/Lorient-Lens-November-4-2023-Ligue-1
FRA-Ligue 1,2324,Lorient,2023-11-12 Clermont Foot-Lorient,2023-11-12,Matchweek 12,Sun,Away,L,0,1,Clermont Foot,45,587.0,54.0,174.0,282.0,134.0,13.0,587.0,29.0,10.0,34.5,19.0,65.5,437.0,2405.0,1070.0,17.0,12.0,2.0,16.0,14.0,383.0,34.0,15:00:00,/en/matches/e0aea3a9/Clermont-Foot-Lorient-November-12-2023-Ligue-1
FRA-Ligue 1,2324,Lorient,2023-11-26 Lorient-Metz,2023-11-26,Matchweek 13,Sun,Home,L,2,3,Metz,67,720.0,49.0,169.0,394.0,164.0,16.0,720.0,24.0,11.0,45.8,10.0,41.7,564.0,3216.0,1585.0,19.0,12.0,1.0,17.0,11.0,536.0,49.0,15:00:00,/en/matches/685f0592/Lorient-Metz-November-26-2023-Ligue-1
FRA-Ligue 1,2324,Lorient,2023-12-03 Toulouse-Lorient,2023-12-03,Matchweek 14,Sun,Away,D,1,1,Toulouse,48,591.0,70.0,214.0,236.0,145.0,17.0,591.0,27.0,10.0,37.0,14.0,51.9,433.0,2717.0,1175.0,19.0,15.0,3.0,12.0,9.0,386.0,43.0,15:00:00,/en/matches/50bf0584/Toulouse-Lorient-December-3-2023-Ligue-1
FRA-Ligue 1,2324,Lorient,2023-12-10 Lorient-Marseille,2023-12-10,Matchweek 15,Sun,Home,L,2,4,Marseille,50,585.0,53.0,168.0,287.0,140.0,25.0,585.0,19.0,8.0,42.1,10.0,52.6,417.0,2715.0,1048.0,17.0,14.0,5.0,18.0,6.0,377.0,54.0,20:45:00,/en/matches/5443d1b1/Lorient-Marseille-December-10-2023-Ligue-1
FRA-Ligue 1,2324,Lorient,2023-12-17 Lorient-Strasbourg,2023-12-17,Matchweek 16,Sun,Home,L,1,2,Strasbourg,52,627.0,60.0,180.0,306.0,142.0,20.0,627.0,23.0,12.0,52.2,10.0,43.5,438.0,2677.0,1321.0,21.0,10.0,5.0,18.0,7.0,406.0,49.0,15:00:00,/en/matches/f3cfe34d/Lorient-Strasbourg-December-17-2023-Ligue-1
FRA-Ligue 1,2324,Lorient,2023-12-20 Brest-Lorient,2023-12-20,Matchweek 17,Wed,Away,L,0,4,Brest,41,557.0,46.0,157.0,304.0,105.0,12.0,557.0,27.0,14.0,51.9,10.0,37.0,384.0,2379.0,922.0,18.0,19.0,5.0,19.0,7.0,359.0,31.0,21:00:00,/en/matches/0f7c086f/Brest-Lorient-December-20-2023-Ligue-1
FRA-Ligue 1,2324,Lorient,2024-01-14 Lille-Lorient,2024-01-14,Matchweek 18,Sun,Away,L,0,3,Lille,38,504.0,103.0,276.0,195.0,36.0,5.0,504.0,15.0,7.0,46.7,8.0,53.3,355.0,1846.0,833.0,9.0,7.0,1.0,13.0,6.0,314.0,12.0,13:00:00,/en/matches/24f7d86b/Lille-Lorient-January-14-2024-Ligue-1
FRA-Ligue 1,2324,Lorient,2024-01-28 Lorient-Le Havre,2024-01-28,Matchweek 19,Sun,Home,D,3,3,Le Havre,43,508.0,53.0,157.0,247.0,108.0,20.0,508.0,13.0,9.0,69.2,4.0,30.8,344.0,2115.0,759.0,16.0,15.0,0.0,9.0,9.0,318.0,27.0,15:00:00,/en/matches/9bdf343f/Lorient-Le-Havre-January-28-2024-Ligue-1
FRA-Ligue 1,2324,Lorient,2024-02-04 Metz-Lorient,2024-02-04,Matchweek 20,Sun,Away,W,2,1,Metz,56,725.0,61.0,202.0,371.0,163.0,18.0,725.0,15.0,10.0,66.7,5.0,33.3,512.0,2863.0,1249.0,16.0,15.0,5.0,23.0,10.0,469.0,42.0,15:00:00,/en/matches/2e802ba3/Metz-Lorient-February-4-2024-Ligue-1
FRA-Ligue 1,2324,Lorient,2024-02-11 Lorient-Reims,2024-02-11,Matchweek 21,Sun,Home,W,2,0,Reims,39,538.0,97.0,222.0,222.0,100.0,18.0,538.0,23.0,12.0,52.2,8.0,34.8,359.0,2808.0,1362.0,26.0,21.0,6.0,17.0,7.0,316.0,29.0,15:00:00,/en/matches/99f9cba1/Lorient-Reims-February-11-2024-Ligue-1
FRA-Ligue 1,2324,Lorient,2024-02-18 Strasbourg-Lorient,2024-02-18,Matchweek 22,Sun,Away,W,3,1,Strasbourg,38,557.0,104.0,261.0,216.0,86.0,17.0,557.0,10.0,5.0,50.0,5.0,50.0,353.0,1956.0,911.0,17.0,16.0,5.0,16.0,14.0,321.0,26.0,13:00:00,/en/matches/ec531c24/Strasbourg-Lorient-February-18-2024-Ligue-1
FRA-Ligue 1,2324,Lorient,2024-02-24 Lorient-Nantes,2024-02-24,Matchweek 23,Sat,Home,L,0,1,Nantes,64,771.0,47.0,180.0,457.0,143.0,15.0,771.0,23.0,7.0,30.4,14.0,60.9,602.0,3430.0,1642.0,21.0,18.0,0.0,8.0,10.0,573.0,52.0,17:00:00,/en/matches/53742b6f/Lorient-Nantes-February-24-2024-Ligue-1
FRA-Ligue 1,2324,Lorient,2024-03-03 Rennes-Lorient,2024-03-03,Matchweek 24,Sun,Away,W,2,1,Rennes,44,554.0,98.0,273.0,203.0,85.0,13.0,554.0,16.0,11.0,68.8,4.0,25.0,396.0,2497.0,1228.0,12.0,11.0,0.0,13.0,10.0,360.0,19.0,17:05:00,/en/matches/a3ae2f49/Rennes-Lorient-March-3-2024-Ligue-1
FRA-Ligue 1,2324,Lorient,2024-03-09 Lorient-Lyon,2024-03-09,Matchweek 25,Sat,Home,L,0,2,Lyon,48,633.0,72.0,206.0,285.0,146.0,13.0,633.0,24.0,14.0,58.3,10.0,41.7,486.0,3401.0,1556.0,25.0,28.0,2.0,15.0,8.0,445.0,48.0,17:00:00,/en/matches/5ea578e0/Lorient-Lyon-March-9-2024-Ligue-1
FRA-Ligue 1,2324,Lorient,2024-03-17 Monaco-Lorient,2024-03-17,Matchweek 26,Sun,Away,D,2,2,Monaco,49,586.0,84.0,236.0,205.0,148.0,33.0,586.0,13.0,2.0,15.4,11.0,84.6,374.0,1995.0,800.0,12.0,13.0,3.0,12.0,15.0,358.0,40.0,15:00:00,/en/matches/5494c9d6/Monaco-Lorient-March-17-2024-Ligue-1
FRA-Ligue 1,2324,Lorient,2024-03-31 Lorient-Brest,2024-03-31,Matchweek 27,Sun,Home,L,0,1,Brest,55,637.0,51.0,174.0,316.0,156.0,29.0,637.0,20.0,16.0,80.0,3.0,15.0,456.0,3354.0,1802.0,25.0,29.0,4.0,14.0,10.0,425.0,51.0,13:00:00,/en/matches/605ef273/Lorient-Brest-March-31-2024-Ligue-1
FRA-Ligue 1,2324,Lorient,2024-04-07 Montpellier-Lorient,2024-04-07,Matchweek 28,Sun,Away,L,0,2,Montpellier,55,619.0,58.0,149.0,276.0,203.0,30.0,619.0,23.0,12.0,52.2,9.0,39.1,454.0,2569.0,1370.0,21.0,26.0,1.0,18.0,11.0,422.0,53.0,15:00:00,/en/matches/95bdd121/Montpellier-Lorient-April-7-2024-Ligue-1
FRA-Ligue 1,2324,Lorient,2024-04-19 Nice-Lorient,2024-04-19,Matchweek 30,Fri,Away,L,0,3,Nice,49,669.0,80.0,213.0,324.0,142.0,22.0,669.0,19.0,4.0,21.1,15.0,78.9,508.0,2964.0,1278.0,23.0,17.0,5.0,17.0,9.0,469.0,51.0,21:00:00,/en/matches/05fcaf04/Nice-Lorient-April-19-2024-Ligue-1
FRA-Ligue 1,2324,Lorient,2024-04-24 Lorient-Paris S-G,2024-04-24,Matchweek 29,Wed,Home,L,1,4,Paris S-G,41,597.0,58.0,167.0,272.0,165.0,29.0,597.0,27.0,16.0,59.3,11.0,40.7,437.0,2728.0,1137.0,22.0,17.0,6.0,12.0,14.0,408.0,44.0,19:00:00,/en/matches/12fd3a4c/Lorient-Paris-Saint-Germain-April-24-2024-Ligue-1
FRA-Ligue 1,2324,Lorient,2024-04-28 Lorient-Toulouse,2024-04-28,Matchweek 31,Sun,Home,L,1,2,Toulouse,50,554.0,34.0,141.0,264.0,157.0,28.0,554.0,20.0,9.0,45.0,10.0,50.0,400.0,2725.0,1264.0,28.0,22.0,6.0,17.0,12.0,368.0,42.0,15:00:00,/en/matches/666bdb51/Lorient-Toulouse-April-28-2024-Ligue-1
FRA-Ligue 1,2324,Lorient,2024-05-03 Lens-Lorient,2024-05-03,Matchweek 32,Fri,Away,L,0,2,Lens,43,569.0,75.0,192.0,259.0,125.0,22.0,569.0,20.0,6.0,30.0,14.0,70.0,388.0,2587.0,1087.0,15.0,9.0,5.0,13.0,9.0,347.0,46.0,21:00:00,/en/matches/e7684537/Lens-Lorient-May-3-2024-Ligue-1
FRA-Ligue 1,2324,Lorient,2024-05-12 Marseille-Lorient,2024-05-12,Matchweek 33,Sun,Away,L,1,3,Marseille,42,532.0,73.0,183.0,229.0,130.0,18.0,532.0,15.0,5.0,33.3,10.0,66.7,329.0,2106.0,992.0,19.0,30.0,2.0,21.0,7.0,300.0,35.0,21:00:00,/en/matches/acbbdff5/Marseille-Lorient-May-12-2024-Ligue-1
FRA-Ligue 1,2324,Lorient,2024-05-19 Lorient-Clermont Foot,2024-05-19,Matchweek 34,Sun,Home,W,5,0,Clermont Foot,46,580.0,34.0,117.0,246.0,232.0,45.0,579.0,21.0,10.0,47.6,10.0,47.6,374.0,2707.0,1436.0,33.0,29.0,10.0,29.0,8.0,325.0,48.0,21:00:00,/en/matches/aed44d7a/Lorient-Clermont-Foot-May-19-2024-Ligue-1
FRA-Ligue 1,2324,Lyon,2023-08-13 Strasbourg-Lyon,2023-08-13,Matchweek 1,Sun,Away,L,1,2,Strasbourg,64,749.0,61.0,189.0,349.0,215.0,41.0,749.0,33.0,13.0,39.4,18.0,54.5,572.0,3789.0,1659.0,25.0,31.0,11.0,13.0,6.0,535.0,58.0,20:45:00,/en/matches/9f7c605e/Strasbourg-Lyon-August-13-2023-Ligue-1
FRA-Ligue 1,2324,Lyon,2023-08-19 Lyon-Montpellier,2023-08-19,Matchweek 2,Sat,Home,L,1,4,Montpellier,63,650.0,43.0,113.0,341.0,201.0,24.0,650.0,26.0,16.0,61.5,9.0,34.6,517.0,3390.0,1713.0,29.0,42.0,9.0,17.0,9.0,470.0,64.0,19:00:00,/en/matches/39ad4054/Lyon-Montpellier-August-19-2023-Ligue-1
FRA-Ligue 1,2324,Lyon,2023-08-27 Nice-Lyon,2023-08-27,Matchweek 3,Sun,Away,D,0,0,Nice,42,517.0,97.0,233.0,210.0,78.0,18.0,517.0,19.0,11.0,57.9,8.0,42.1,349.0,1917.0,767.0,16.0,9.0,7.0,14.0,9.0,306.0,26.0,20:45:00,/en/matches/067a73e7/Nice-Lyon-August-27-2023-Ligue-1
FRA-Ligue 1,2324,Lyon,2023-09-03 Lyon-Paris S-G,2023-09-03,Matchweek 4,Sun,Home,L,1,4,Paris S-G,31,494.0,64.0,178.0,178.0,139.0,31.0,493.0,31.0,15.0,48.4,14.0,45.2,341.0,1886.0,882.0,19.0,11.0,8.0,12.0,5.0,305.0,36.0,20:45:00,/en/matches/cd3d8319/Lyon-Paris-Saint-Germain-September-3-2023-Ligue-1
FRA-Ligue 1,2324,Lyon,2023-09-17 Lyon-Le Havre,2023-09-17,Matchweek 5,Sun,Home,D,0,0,Le Havre,58,691.0,56.0,188.0,346.0,165.0,43.0,691.0,23.0,10.0,43.5,11.0,47.8,532.0,2859.0,1414.0,22.0,18.0,12.0,10.0,15.0,485.0,63.0,20:45:00,/en/matches/18b82351/Lyon-Le-Havre-September-17-2023-Ligue-1
FRA-Ligue 1,2324,Lyon,2023-09-23 Brest-Lyon,2023-09-23,Matchweek 6,Sat,Away,L,0,1,Brest,43,504.0,76.0,188.0,239.0,83.0,5.0,504.0,11.0,5.0,45.5,5.0,45.5,321.0,1725.0,676.0,3.0,6.0,0.0,23.0,16.0,269.0,21.0,21:00:00,/en/matches/7ae5c7ed/Brest-Lyon-September-23-2023-Ligue-1
FRA-Ligue 1,2324,Lyon,2023-10-01 Reims-Lyon,2023-10-01,Matchweek 7,Sun,Away,L,0,2,Reims,50,637.0,49.0,195.0,317.0,131.0,16.0,637.0,29.0,9.0,31.0,15.0,51.7,482.0,2593.0,1069.0,15.0,11.0,5.0,13.0,8.0,434.0,35.0,13:00:00,/en/matches/cfb7f6ea/Reims-Lyon-October-1-2023-Ligue-1
FRA-Ligue 1,2324,Lyon,2023-10-08 Lyon-Lorient,2023-10-08,Matchweek 8,Sun,Home,D,3,3,Lorient,50,574.0,53.0,179.0,272.0,134.0,10.0,573.0,15.0,10.0,66.7,4.0,26.7,411.0,1982.0,906.0,14.0,12.0,4.0,15.0,7.0,371.0,32.0,15:00:00,/en/matches/43cc2649/Lyon-Lorient-October-8-2023-Ligue-1
FRA-Ligue 1,2324,Lyon,2023-10-22 Lyon-Clermont Foot,2023-10-22,Matchweek 9,Sun,Home,L,1,2,Clermont Foot,63,772.0,39.0,147.0,339.0,293.0,47.0,772.0,30.0,12.0,40.0,14.0,46.7,577.0,2899.0,1485.0,32.0,27.0,7.0,14.0,13.0,521.0,68.0,20:45:00,/en/matches/847c54fa/Lyon-Clermont-Foot-October-22-2023-Ligue-1
FRA-Ligue 1,2324,Lyon,2023-11-05 Lyon-Metz,2023-11-05,Matchweek 11,Sun,Home,D,1,1,Metz,66,791.0,39.0,171.0,409.0,220.0,29.0,791.0,19.0,7.0,36.8,10.0,52.6,622.0,3514.0,1665.0,32.0,21.0,4.0,16.0,13.0,572.0,61.0,13:00:00,/en/matches/eadb1375/Lyon-Metz-November-5-2023-Ligue-1
FRA-Ligue 1,2324,Lyon,2023-11-12 Rennes-Lyon,2023-11-12,Matchweek 12,Sun,Away,W,1,0,Rennes,58,695.0,47.0,145.0,337.0,220.0,28.0,695.0,16.0,6.0,37.5,10.0,62.5,549.0,2683.0,1272.0,16.0,17.0,4.0,17.0,12.0,506.0,72.0,17:05:00,/en/matches/16251ab0/Rennes-Lyon-November-12-2023-Ligue-1
FRA-Ligue 1,2324,Lyon,2023-11-26 Lyon-Lille,2023-11-26,Matchweek 13,Sun,Home,L,0,2,Lille,48,669.0,49.0,166.0,369.0,141.0,16.0,669.0,14.0,5.0,35.7,8.0,57.1,531.0,2494.0,1095.0,18.0,13.0,4.0,12.0,7.0,476.0,47.0,20:45:00,/en/matches/3835384c/Lyon-Lille-November-26-2023-Ligue-1
FRA-Ligue 1,2324,Lyon,2023-12-02 Lens-Lyon,2023-12-02,Matchweek 14,Sat,Away,L,2,3,Lens,48,581.0,62.0,202.0,253.0,133.0,25.0,581.0,21.0,11.0,52.4,7.0,33.3,439.0,2610.0,1028.0,10.0,10.0,4.0,23.0,5.0,393.0,38.0,17:00:00,/en/matches/66f5f256/Lens-Lyon-December-2-2023-Ligue-1
FRA-Ligue 1,2324,Lyon,2023-12-06 Marseille-Lyon,2023-12-06,Matchweek 10,Wed,Away,L,0,3,Marseille,51,675.0,70.0,232.0,308.0,145.0,15.0,675.0,32.0,15.0,46.9,17.0,53.1,498.0,2658.0,1183.0,23.0,21.0,4.0,23.0,20.0,454.0,42.0,21:00:00,/en/matches/dfac144f/Choc-des-Olympiques-Marseille-Lyon-December-6-2023-Ligue-1
FRA-Ligue 1,2324,Lyon,2023-12-10 Lyon-Toulouse,2023-12-10,Matchweek 15,Sun,Home,W,3,0,Toulouse,49,615.0,79.0,237.0,272.0,110.0,27.0,615.0,16.0,8.0,50.0,7.0,43.8,466.0,2387.0,914.0,16.0,12.0,4.0,13.0,11.0,434.0,29.0,17:05:00,/en/matches/015e7632/Lyon-Toulouse-December-10-2023-Ligue-1
FRA-Ligue 1,2324,Lyon,2023-12-15 Monaco-Lyon,2023-12-15,Matchweek 16,Fri,Away,W,1,0,Monaco,40,556.0,89.0,263.0,224.0,79.0,9.0,556.0,22.0,11.0,50.0,9.0,40.9,365.0,2005.0,933.0,15.0,8.0,3.0,19.0,12.0,320.0,23.0,21:00:00,/en/matches/f66124b8/Monaco-Lyon-December-15-2023-Ligue-1
FRA-Ligue 1,2324,Lyon,2023-12-20 Lyon-Nantes,2023-12-20,Matchweek 17,Wed,Home,W,1,0,Nantes,39,496.0,82.0,211.0,194.0,99.0,21.0,496.0,19.0,11.0,57.9,8.0,42.1,320.0,1867.0,742.0,13.0,7.0,4.0,18.0,9.0,288.0,31.0,21:00:00,/en/matches/1b327b86/Lyon-Nantes-December-20-2023-Ligue-1
FRA-Ligue 1,2324,Lyon,2024-01-14 Le Havre-Lyon,2024-01-14,Matchweek 18,Sun,Away,L,1,3,Le Havre,57,730.0,60.0,219.0,364.0,153.0,24.0,730.0,25.0,13.0,52.0,10.0,40.0,567.0,2876.0,1286.0,7.0,8.0,1.0,15.0,11.0,536.0,42.0,17:05:00,/en/matches/a8be717d/Le-Havre-Lyon-January-14-2024-Ligue-1
FRA-Ligue 1,2324,Lyon,2024-01-26 Lyon-Rennes,2024-01-26,Matchweek 19,Fri,Home,L,2,3,Rennes,64,752.0,41.0,209.0,369.0,182.0,28.0,752.0,28.0,14.0,50.0,13.0,46.4,592.0,3888.0,2110.0,30.0,25.0,6.0,11.0,6.0,561.0,43.0,21:00:00,/en/matches/952686b7/Lyon-Rennes-January-26-2024-Ligue-1
FRA-Ligue 1,2324,Lyon,2024-02-04 Lyon-Marseille,2024-02-04,Matchweek 20,Sun,Home,W,1,0,Marseille,37,537.0,64.0,203.0,197.0,147.0,23.0,537.0,36.0,21.0,58.3,15.0,41.7,359.0,2173.0,992.0,17.0,17.0,4.0,19.0,5.0,323.0,46.0,20:45:00,/en/matches/2e98ccf9/Choc-des-Olympiques-Lyon-Marseille-February-4-2024-Ligue-1
FRA-Ligue 1,2324,Lyon,2024-02-11 Montpellier-Lyon,2024-02-11,Matchweek 21,Sun,Away,W,2,1,Montpellier,54,662.0,71.0,175.0,289.0,210.0,26.0,662.0,15.0,10.0,66.7,4.0,26.7,507.0,2911.0,1629.0,26.0,20.0,7.0,11.0,12.0,451.0,71.0,17:05:00,/en/matches/014cd5b7/Montpellier-Lyon-February-11-2024-Ligue-1
FRA-Ligue 1,2324,Lyon,2024-02-16 Lyon-Nice,2024-02-16,Matchweek 22,Fri,Home,W,1,0,Nice,49,595.0,86.0,232.0,245.0,122.0,15.0,595.0,20.0,8.0,40.0,9.0,45.0,407.0,2380.0,894.0,14.0,9.0,8.0,17.0,11.0,373.0,39.0,21:00:00,/en/matches/205468df/Lyon-Nice-February-16-2024-Ligue-1
FRA-Ligue 1,2324,Lyon,2024-02-23 Metz-Lyon,2024-02-23,Matchweek 23,Fri,Away,W,2,1,Metz,62,694.0,67.0,216.0,313.0,178.0,25.0,694.0,18.0,8.0,44.4,10.0,55.6,490.0,3004.0,1428.0,25.0,18.0,5.0,9.0,13.0,453.0,50.0,21:00:00,/en/matches/f2778def/Metz-Lyon-February-23-2024-Ligue-1
FRA-Ligue 1,2324,Lyon,2024-03-03 Lyon-Lens,2024-03-03,Matchweek 24,Sun,Home,L,0,3,Lens,47,578.0,79.0,222.0,247.0,116.0,20.0,578.0,22.0,8.0,36.4,9.0,40.9,404.0,2465.0,1142.0,15.0,10.0,5.0,7.0,9.0,390.0,32.0,20:45:00,/en/matches/736f94f0/Lyon-Lens-March-3-2024-Ligue-1
FRA-Ligue 1,2324,Lyon,2024-03-09 Lorient-Lyon,2024-03-09,Matchweek 25,Sat,Away,W,2,0,Lorient,52,671.0,44.0,171.0,342.0,166.0,25.0,671.0,13.0,6.0,46.2,7.0,53.8,528.0,3194.0,1690.0,22.0,10.0,8.0,13.0,9.0,498.0,46.0,17:00:00,/en/matches/5ea578e0/Lorient-Lyon-March-9-2024-Ligue-1
FRA-Ligue 1,2324,Lyon,2024-03-15 Toulouse-Lyon,2024-03-15,Matchweek 26,Fri,Away,W,3,2,Toulouse,50,604.0,82.0,237.0,228.0,144.0,31.0,604.0,27.0,16.0,59.3,9.0,33.3,424.0,2489.0,1215.0,23.0,22.0,7.0,10.0,7.0,400.0,39.0,21:00:00,/en/matches/863ee181/Toulouse-Lyon-March-15-2024-Ligue-1
FRA-Ligue 1,2324,Lyon,2024-03-30 Lyon-Reims,2024-03-30,Matchweek 27,Sat,Home,D,1,1,Reims,65,772.0,66.0,192.0,316.0,271.0,40.0,772.0,23.0,12.0,52.2,10.0,43.5,566.0,3113.0,1535.0,22.0,26.0,6.0,30.0,17.0,533.0,63.0,21:00:00,/en/matches/6b21872e/Lyon-Reims-March-30-2024-Ligue-1
FRA-Ligue 1,2324,Lyon,2024-04-07 Nantes-Lyon,2024-04-07,Matchweek 28,Sun,Away,W,3,1,Nantes,58,703.0,60.0,208.0,298.0,206.0,42.0,703.0,24.0,18.0,75.0,4.0,16.7,546.0,3209.0,1503.0,25.0,24.0,7.0,15.0,12.0,498.0,72.0,20:45:00,/en/matches/7457568d/Nantes-Lyon-April-7-2024-Ligue-1
FRA-Ligue 1,2324,Lyon,2024-04-14 Lyon-Brest,2024-04-14,Matchweek 29,Sun,Home,W,4,3,Brest,53,532.0,78.0,174.0,224.0,139.0,27.0,531.0,27.0,17.0,63.0,9.0,33.3,366.0,2421.0,1419.0,29.0,18.0,8.0,15.0,15.0,340.0,48.0,20:45:00,/en/matches/c832a039/Lyon-Brest-April-14-2024-Ligue-1
FRA-Ligue 1,2324,Lyon,2024-04-21 Paris S-G-Lyon,2024-04-21,Matchweek 30,Sun,Away,L,1,4,Paris S-G,37,556.0,61.0,182.0,194.0,185.0,36.0,556.0,21.0,13.0,61.9,7.0,33.3,421.0,2501.0,1312.0,27.0,13.0,11.0,16.0,9.0,386.0,45.0,21:00:00,/en/matches/33d8918a/Paris-Saint-Germain-Lyon-April-21-2024-Ligue-1
FRA-Ligue 1,2324,Lyon,2024-04-28 Lyon-Monaco,2024-04-28,Matchweek 31,Sun,Home,W,3,2,Monaco,47,586.0,84.0,231.0,218.0,147.0,35.0,586.0,14.0,7.0,50.0,6.0,42.9,399.0,2161.0,1099.0,24.0,13.0,7.0,17.0,12.0,355.0,42.0,19:00:00,/en/matches/16e39992/Lyon-Monaco-April-28-2024-Ligue-1
FRA-Ligue 1,2324,Lyon,2024-05-06 Lille-Lyon,2024-05-06,Matchweek 32,Mon,Away,W,4,3,Lille,56,681.0,69.0,210.0,297.0,180.0,21.0,681.0,21.0,11.0,52.4,8.0,38.1,524.0,2811.0,1377.0,24.0,14.0,4.0,13.0,9.0,491.0,57.0,21:00:00,/en/matches/9a72e466/Lille-Lyon-May-6-2024-Ligue-1
FRA-Ligue 1,2324,Lyon,2024-05-12 Clermont Foot-Lyon,2024-05-12,Matchweek 33,Sun,Away,W,1,0,Clermont Foot,48,592.0,94.0,246.0,237.0,119.0,11.0,592.0,17.0,12.0,70.6,5.0,29.4,450.0,2426.0,1271.0,17.0,14.0,2.0,19.0,5.0,408.0,33.0,21:00:00,/en/matches/e6afe6a2/Clermont-Foot-Lyon-May-12-2024-Ligue-1
FRA-Ligue 1,2324,Lyon,2024-05-19 Lyon-Strasbourg,2024-05-19,Matchweek 34,Sun,Home,W,2,1,Strasbourg,63,712.0,55.0,215.0,314.0,186.0,31.0,711.0,15.0,6.0,40.0,8.0,53.3,549.0,3073.0,1294.0,18.0,13.0,6.0,16.0,13.0,530.0,63.0,21:00:00,/en/matches/9576a537/Lyon-Strasbourg-May-19-2024-Ligue-1
FRA-Ligue 1,2324,Marseille,2023-08-12 Marseille-Reims,2023-08-12,Matchweek 1,Sat,Home,W,2,1,Reims,42,472.0,59.0,158.0,195.0,126.0,26.0,472.0,18.0,10.0,55.6,6.0,33.3,305.0,1975.0,944.0,19.0,14.0,5.0,18.0,10.0,257.0,33.0,17:00:00,/en/matches/fdbcc9e3/Marseille-Reims-August-12-2023-Ligue-1
FRA-Ligue 1,2324,Marseille,2023-08-18 Metz-Marseille,2023-08-18,Matchweek 2,Fri,Away,D,2,2,Metz,57,652.0,47.0,156.0,285.0,213.0,29.0,652.0,15.0,8.0,53.3,6.0,40.0,461.0,2538.0,1433.0,28.0,21.0,7.0,18.0,8.0,427.0,56.0,21:00:00,/en/matches/02c81085/Metz-Marseille-August-18-2023-Ligue-1
FRA-Ligue 1,2324,Marseille,2023-08-26 Marseille-Brest,2023-08-26,Matchweek 3,Sat,Home,W,2,0,Brest,44,565.0,75.0,207.0,239.0,122.0,27.0,565.0,15.0,9.0,60.0,5.0,33.3,405.0,2668.0,1442.0,18.0,15.0,4.0,14.0,12.0,360.0,47.0,19:00:00,/en/matches/b9c29ee4/Marseille-Brest-August-26-2023-Ligue-1
FRA-Ligue 1,2324,Marseille,2023-09-01 Nantes-Marseille,2023-09-01,Matchweek 4,Fri,Away,D,1,1,Nantes,63,770.0,48.0,141.0,365.0,267.0,46.0,770.0,20.0,11.0,55.0,9.0,45.0,589.0,3495.0,1776.0,24.0,30.0,2.0,15.0,7.0,551.0,70.0,21:00:00,/en/matches/6eca98c7/Nantes-Marseille-September-1-2023-Ligue-1
FRA-Ligue 1,2324,Marseille,2023-09-17 Marseille-Toulouse,2023-09-17,Matchweek 5,Sun,Home,D,0,0,Toulouse,61,710.0,52.0,173.0,289.0,255.0,34.0,710.0,16.0,9.0,56.3,7.0,43.8,526.0,3052.0,1401.0,27.0,28.0,11.0,17.0,5.0,476.0,73.0,17:05:00,/en/matches/195b7636/Marseille-Toulouse-September-17-2023-Ligue-1
FRA-Ligue 1,2324,Marseille,2023-09-24 Paris S-G-Marseille,2023-09-24,Matchweek 6,Sun,Away,L,0,4,Paris S-G,24,395.0,74.0,198.0,142.0,60.0,9.0,395.0,12.0,6.0,50.0,6.0,50.0,221.0,1340.0,386.0,7.0,3.0,1.0,8.0,16.0,175.0,15.0,20:45:00,/en/matches/405fa974/Paris-Saint-Germain-Marseille-September-24-2023-Ligue-1
FRA-Ligue 1,2324,Marseille,2023-09-30 Monaco-Marseille,2023-09-30,Matchweek 7,Sat,Away,L,2,3,Monaco,54,622.0,56.0,178.0,281.0,169.0,19.0,622.0,15.0,4.0,26.7,10.0,66.7,443.0,2403.0,1138.0,16.0,17.0,4.0,5.0,9.0,395.0,44.0,21:00:00,/en/matches/680c833b/Monaco-Marseille-September-30-2023-Ligue-1
FRA-Ligue 1,2324,Marseille,2023-10-08 Marseille-Le Havre,2023-10-08,Matchweek 8,Sun,Home,W,3,0,Le Havre,64,840.0,44.0,177.0,461.0,209.0,26.0,840.0,11.0,4.0,36.4,6.0,54.5,707.0,3628.0,1675.0,32.0,28.0,9.0,20.0,13.0,672.0,51.0,13:00:00,/en/matches/4df09039/Marseille-Le-Havre-October-8-2023-Ligue-1
FRA-Ligue 1,2324,Marseille,2023-10-21 Nice-Marseille,2023-10-21,Matchweek 9,Sat,Away,L,0,1,Nice,50,634.0,64.0,175.0,325.0,142.0,12.0,634.0,20.0,6.0,30.0,12.0,60.0,492.0,2918.0,1099.0,16.0,25.0,4.0,12.0,9.0,438.0,34.0,21:00:00,/en/matches/494deaba/Nice-Marseille-October-21-2023-Ligue-1
FRA-Ligue 1,2324,Marseille,2023-11-04 Marseille-Lille,2023-11-04,Matchweek 11,Sat,Home,D,0,0,Lille,46,554.0,57.0,171.0,278.0,115.0,12.0,554.0,17.0,10.0,58.8,6.0,35.3,421.0,2669.0,1204.0,18.0,13.0,3.0,15.0,7.0,381.0,42.0,21:00:00,/en/matches/d8243ab9/Marseille-Lille-November-4-2023-Ligue-1
FRA-Ligue 1,2324,Marseille,2023-11-12 Lens-Marseille,2023-11-12,Matchweek 12,Sun,Away,L,0,1,Lens,53,608.0,83.0,254.0,249.0,109.0,19.0,608.0,22.0,14.0,63.6,6.0,27.3,430.0,2317.0,1028.0,14.0,9.0,5.0,18.0,6.0,394.0,32.0,20:45:00,/en/matches/fe8096da/Lens-Marseille-November-12-2023-Ligue-1
FRA-Ligue 1,2324,Marseille,2023-11-25 Strasbourg-Marseille,2023-11-25,Matchweek 13,Sat,Away,D,1,1,Strasbourg,60,693.0,62.0,189.0,318.0,190.0,34.0,693.0,19.0,7.0,36.8,11.0,57.9,511.0,2721.0,1234.0,11.0,16.0,4.0,19.0,10.0,469.0,62.0,21:00:00,/en/matches/3d1a3c81/Strasbourg-Marseille-November-25-2023-Ligue-1
FRA-Ligue 1,2324,Marseille,2023-12-03 Marseille-Rennes,2023-12-03,Matchweek 14,Sun,Home,W,2,0,Rennes,43,547.0,71.0,196.0,238.0,118.0,19.0,546.0,14.0,5.0,35.7,8.0,57.1,397.0,2346.0,1229.0,19.0,19.0,6.0,12.0,6.0,356.0,29.0,20:45:00,/en/matches/caadf3f7/Marseille-Rennes-December-3-2023-Ligue-1
FRA-Ligue 1,2324,Marseille,2023-12-06 Marseille-Lyon,2023-12-06,Matchweek 10,Wed,Home,W,3,0,Lyon,49,644.0,40.0,144.0,340.0,168.0,20.0,644.0,15.0,8.0,53.3,6.0,40.0,444.0,2535.0,995.0,14.0,19.0,2.0,20.0,9.0,398.0,44.0,21:00:00,/en/matches/dfac144f/Choc-des-Olympiques-Marseille-Lyon-December-6-2023-Ligue-1
FRA-Ligue 1,2324,Marseille,2023-12-10 Lorient-Marseille,2023-12-10,Matchweek 15,Sun,Away,W,4,2,Lorient,50,587.0,74.0,211.0,248.0,133.0,30.0,587.0,12.0,5.0,41.7,5.0,41.7,421.0,2179.0,969.0,12.0,12.0,3.0,16.0,4.0,376.0,26.0,20:45:00,/en/matches/5443d1b1/Lorient-Marseille-December-10-2023-Ligue-1
FRA-Ligue 1,2324,Marseille,2023-12-17 Marseille-Clermont Foot,2023-12-17,Matchweek 16,Sun,Home,W,2,1,Clermont Foot,55,689.0,49.0,224.0,316.0,157.0,30.0,689.0,14.0,4.0,28.6,9.0,64.3,530.0,3004.0,1290.0,20.0,18.0,4.0,12.0,8.0,489.0,44.0,17:05:00,/en/matches/a92291bc/Marseille-Clermont-Foot-December-17-2023-Ligue-1
FRA-Ligue 1,2324,Marseille,2023-12-20 Montpellier-Marseille,2023-12-20,Matchweek 17,Wed,Away,D,1,1,Montpellier,68,717.0,43.0,120.0,361.0,243.0,29.0,717.0,16.0,9.0,56.3,4.0,25.0,544.0,3152.0,1597.0,27.0,24.0,8.0,10.0,10.0,514.0,66.0,21:00:00,/en/matches/b8e581d1/Montpellier-Marseille-December-20-2023-Ligue-1
FRA-Ligue 1,2324,Marseille,2024-01-12 Marseille-Strasbourg,2024-01-12,Matchweek 18,Fri,Home,D,1,1,Strasbourg,47,553.0,55.0,181.0,263.0,113.0,17.0,553.0,14.0,8.0,57.1,5.0,35.7,392.0,2332.0,1179.0,16.0,12.0,3.0,16.0,10.0,358.0,35.0,21:00:00,/en/matches/2a8b7749/Marseille-Strasbourg-January-12-2024-Ligue-1
FRA-Ligue 1,2324,Marseille,2024-01-27 Marseille-Monaco,2024-01-27,Matchweek 19,Sat,Home,D,2,2,Monaco,68,780.0,49.0,192.0,376.0,220.0,34.0,780.0,19.0,11.0,57.9,7.0,36.8,577.0,3372.0,1640.0,27.0,17.0,11.0,18.0,12.0,540.0,61.0,21:00:00,/en/matches/039fae0f/Marseille-Monaco-January-27-2024-Ligue-1
FRA-Ligue 1,2324,Marseille,2024-02-04 Lyon-Marseille,2024-02-04,Matchweek 20,Sun,Away,L,0,1,Lyon,63,788.0,48.0,197.0,397.0,203.0,13.0,788.0,13.0,6.0,46.2,4.0,30.8,623.0,3404.0,1656.0,24.0,26.0,0.0,13.0,8.0,576.0,52.0,20:45:00,/en/matches/2e98ccf9/Choc-des-Olympiques-Lyon-Marseille-February-4-2024-Ligue-1
FRA-Ligue 1,2324,Marseille,2024-02-09 Marseille-Metz,2024-02-09,Matchweek 21,Fri,Home,D,1,1,Metz,66,711.0,45.0,162.0,353.0,203.0,26.0,711.0,11.0,4.0,36.4,6.0,54.5,537.0,3310.0,1497.0,22.0,28.0,5.0,13.0,8.0,516.0,69.0,21:00:00,/en/matches/70c7d433/Marseille-Metz-February-9-2024-Ligue-1
FRA-Ligue 1,2324,Marseille,2024-02-18 Brest-Marseille,2024-02-18,Matchweek 22,Sun,Away,L,0,1,Brest,58,667.0,66.0,213.0,294.0,162.0,24.0,667.0,26.0,14.0,53.8,11.0,42.3,477.0,3022.0,1640.0,17.0,18.0,3.0,26.0,12.0,442.0,62.0,20:45:00,/en/matches/56d7c531/Brest-Marseille-February-18-2024-Ligue-1
FRA-Ligue 1,2324,Marseille,2024-02-25 Marseille-Montpellier,2024-02-25,Matchweek 23,Sun,Home,W,4,1,Montpellier,58,625.0,53.0,157.0,287.0,186.0,25.0,624.0,27.0,13.0,48.1,10.0,37.0,457.0,2605.0,1149.0,17.0,12.0,9.0,11.0,12.0,421.0,53.0,20:45:00,/en/matches/7b5136c2/Marseille-Montpellier-February-25-2024-Ligue-1
FRA-Ligue 1,2324,Marseille,2024-03-02 Clermont Foot-Marseille,2024-03-02,Matchweek 24,Sat,Away,W,5,1,Clermont Foot,56,746.0,47.0,158.0,398.0,193.0,27.0,746.0,19.0,13.0,68.4,5.0,26.3,558.0,3046.0,1161.0,19.0,14.0,6.0,16.0,8.0,527.0,71.0,21:00:00,/en/matches/c2c8e29e/Clermont-Foot-Marseille-March-2-2024-Ligue-1
FRA-Ligue 1,2324,Marseille,2024-03-10 Marseille-Nantes,2024-03-10,Matchweek 25,Sun,Home,W,2,0,Nantes,53,622.0,64.0,197.0,304.0,124.0,20.0,622.0,14.0,4.0,28.6,10.0,71.4,442.0,2384.0,1146.0,19.0,18.0,5.0,10.0,5.0,410.0,33.0,20:45:00,/en/matches/b696acad/Marseille-Nantes-March-10-2024-Ligue-1
FRA-Ligue 1,2324,Marseille,2024-03-17 Rennes-Marseille,2024-03-17,Matchweek 26,Sun,Away,L,0,2,Rennes,57,656.0,39.0,150.0,351.0,164.0,17.0,656.0,12.0,5.0,41.7,6.0,50.0,482.0,2895.0,1252.0,10.0,13.0,1.0,6.0,7.0,462.0,52.0,17:05:00,/en/matches/8cc36332/Rennes-Marseille-March-17-2024-Ligue-1
FRA-Ligue 1,2324,Marseille,2024-03-31 Marseille-Paris S-G,2024-03-31,Matchweek 27,Sun,Home,L,0,2,Paris S-G,47,607.0,34.0,121.0,298.0,196.0,29.0,607.0,20.0,11.0,55.0,8.0,40.0,440.0,2491.0,1124.0,22.0,17.0,7.0,14.0,12.0,402.0,59.0,20:45:00,/en/matches/4b3924f8/Marseille-Paris-Saint-Germain-March-31-2024-Ligue-1
FRA-Ligue 1,2324,Marseille,2024-04-05 Lille-Marseille,2024-04-05,Matchweek 28,Fri,Away,L,1,3,Lille,47,496.0,47.0,156.0,226.0,117.0,15.0,496.0,16.0,8.0,50.0,4.0,25.0,339.0,2174.0,1029.0,21.0,10.0,2.0,11.0,4.0,308.0,37.0,21:00:00,/en/matches/b0aa88a4/Lille-Marseille-April-5-2024-Ligue-1
FRA-Ligue 1,2324,Marseille,2024-04-21 Toulouse-Marseille,2024-04-21,Matchweek 30,Sun,Away,D,2,2,Toulouse,54,655.0,54.0,213.0,336.0,112.0,19.0,655.0,14.0,4.0,28.6,10.0,71.4,482.0,2580.0,1153.0,15.0,20.0,5.0,12.0,12.0,451.0,39.0,19:00:00,/en/matches/05f7968b/Toulouse-Marseille-April-21-2024-Ligue-1
FRA-Ligue 1,2324,Marseille,2024-04-24 Marseille-Nice,2024-04-24,Matchweek 29,Wed,Home,D,2,2,Nice,48,580.0,57.0,181.0,260.0,146.0,19.0,579.0,11.0,6.0,54.5,4.0,36.4,386.0,1820.0,819.0,17.0,18.0,5.0,15.0,7.0,360.0,32.0,21:00:00,/en/matches/0727529c/Marseille-Nice-April-24-2024-Ligue-1
FRA-Ligue 1,2324,Marseille,2024-04-28 Marseille-Lens,2024-04-28,Matchweek 31,Sun,Home,W,2,1,Lens,44,473.0,70.0,218.0,198.0,65.0,15.0,473.0,10.0,4.0,40.0,5.0,50.0,332.0,1921.0,941.0,15.0,8.0,1.0,11.0,8.0,293.0,21.0,21:00:00,/en/matches/13780c18/Marseille-Lens-April-28-2024-Ligue-1
FRA-Ligue 1,2324,Marseille,2024-05-12 Marseille-Lorient,2024-05-12,Matchweek 33,Sun,Home,W,3,1,Lorient,58,654.0,53.0,172.0,313.0,181.0,29.0,653.0,19.0,8.0,42.1,9.0,47.4,453.0,2381.0,1173.0,15.0,15.0,5.0,14.0,9.0,419.0,36.0,21:00:00,/en/matches/acbbdff5/Marseille-Lorient-May-12-2024-Ligue-1
FRA-Ligue 1,2324,Marseille,2024-05-15 Reims-Marseille,2024-05-15,Matchweek 32,Wed,Away,L,0,1,Reims,62,676.0,57.0,159.0,348.0,172.0,32.0,676.0,19.0,7.0,36.8,11.0,57.9,490.0,2785.0,1427.0,19.0,15.0,3.0,16.0,13.0,467.0,67.0,21:00:00,/en/matches/5a6454f2/Reims-Marseille-May-15-2024-Ligue-1
FRA-Ligue 1,2324,Marseille,2024-05-19 Le Havre-Marseille,2024-05-19,Matchweek 34,Sun,Away,W,2,1,Le Havre,56,683.0,53.0,162.0,353.0,179.0,33.0,683.0,13.0,5.0,38.5,7.0,53.8,521.0,2690.0,1336.0,18.0,23.0,3.0,7.0,7.0,479.0,62.0,21:00:00,/en/matches/3fa1da40/Le-Havre-Marseille-May-19-2024-Ligue-1
FRA-Ligue 1,2324,Metz,2023-08-13 Rennes-Metz,2023-08-13,Matchweek 1,Sun,Away,L,1,5,Rennes,30,447.0,64.0,172.0,179.0,101.0,14.0,447.0,22.0,7.0,31.8,14.0,63.6,302.0,1779.0,664.0,8.0,6.0,3.0,17.0,4.0,255.0,27.0,17:05:00,/en/matches/e0073aaf/Rennes-Metz-August-13-2023-Ligue-1
FRA-Ligue 1,2324,Metz,2023-08-18 Metz-Marseille,2023-08-18,Matchweek 2,Fri,Home,D,2,2,Marseille,43,530.0,70.0,191.0,228.0,119.0,12.0,530.0,16.0,7.0,43.8,8.0,50.0,348.0,2113.0,790.0,12.0,19.0,3.0,20.0,3.0,303.0,24.0,21:00:00,/en/matches/02c81085/Metz-Marseille-August-18-2023-Ligue-1
FRA-Ligue 1,2324,Metz,2023-08-27 Clermont Foot-Metz,2023-08-27,Matchweek 3,Sun,Away,W,1,0,Clermont Foot,30,422.0,65.0,162.0,201.0,69.0,11.0,422.0,28.0,14.0,50.0,14.0,50.0,270.0,1691.0,715.0,11.0,6.0,7.0,17.0,13.0,210.0,27.0,15:00:00,/en/matches/344b05de/Clermont-Foot-Metz-August-27-2023-Ligue-1
FRA-Ligue 1,2324,Metz,2023-09-03 Metz-Reims,2023-09-03,Matchweek 4,Sun,Home,D,2,2,Reims,36,446.0,53.0,188.0,176.0,85.0,12.0,446.0,16.0,7.0,43.8,9.0,56.3,290.0,1631.0,694.0,14.0,8.0,3.0,20.0,14.0,245.0,24.0,15:00:00,/en/matches/678bad42/Metz-Reims-September-3-2023-Ligue-1
FRA-Ligue 1,2324,Metz,2023-09-16 Lens-Metz,2023-09-16,Matchweek 5,Sat,Away,W,1,0,Lens,25,390.0,99.0,195.0,147.0,54.0,3.0,390.0,9.0,3.0,33.3,6.0,66.7,209.0,1303.0,505.0,6.0,9.0,1.0,18.0,2.0,167.0,16.0,21:00:00,/en/matches/40754c32/Lens-Metz-September-16-2023-Ligue-1
FRA-Ligue 1,2324,Metz,2023-09-24 Metz-Strasbourg,2023-09-24,Matchweek 6,Sun,Home,L,0,1,Strasbourg,52,607.0,40.0,164.0,346.0,102.0,16.0,607.0,17.0,9.0,52.9,8.0,47.1,457.0,2915.0,1395.0,19.0,12.0,3.0,19.0,9.0,421.0,46.0,13:00:00,/en/matches/a5037d9e/Metz-Strasbourg-September-24-2023-Ligue-1
FRA-Ligue 1,2324,Metz,2023-10-01 Toulouse-Metz,2023-10-01,Matchweek 7,Sun,Away,L,0,3,Toulouse,34,440.0,44.0,140.0,178.0,132.0,14.0,440.0,23.0,10.0,43.5,13.0,56.5,206.0,1513.0,532.0,16.0,15.0,4.0,9.0,3.0,253.0,27.0,15:00:00,/en/matches/9baac3cb/Toulouse-Metz-October-1-2023-Ligue-1
FRA-Ligue 1,2324,Metz,2023-10-07 Metz-Nice,2023-10-07,Matchweek 8,Sat,Home,L,0,1,Nice,32,508.0,50.0,151.0,269.0,97.0,11.0,508.0,17.0,8.0,47.1,9.0,52.9,365.0,2396.0,1145.0,19.0,22.0,1.0,13.0,5.0,311.0,28.0,17:00:00,/en/matches/a77842d5/Metz-Nice-October-7-2023-Ligue-1
FRA-Ligue 1,2324,Metz,2023-10-22 Monaco-Metz,2023-10-22,Matchweek 9,Sun,Away,L,1,2,Monaco,25,401.0,68.0,200.0,140.0,71.0,12.0,401.0,20.0,7.0,35.0,12.0,60.0,222.0,1394.0,587.0,11.0,8.0,3.0,16.0,9.0,172.0,15.0,17:05:00,/en/matches/b33c484a/Monaco-Metz-October-22-2023-Ligue-1
FRA-Ligue 1,2324,Metz,2023-10-29 Metz-Le Havre,2023-10-29,Matchweek 10,Sun,Home,D,0,0,Le Havre,42,486.0,48.0,146.0,244.0,105.0,8.0,486.0,20.0,12.0,60.0,8.0,40.0,320.0,1912.0,811.0,9.0,11.0,1.0,17.0,9.0,282.0,27.0,15:00:00,/en/matches/6d743853/Metz-Le-Havre-October-29-2023-Ligue-1
FRA-Ligue 1,2324,Metz,2023-11-05 Lyon-Metz,2023-11-05,Matchweek 11,Sun,Away,D,1,1,Lyon,34,470.0,62.0,172.0,215.0,89.0,10.0,470.0,19.0,10.0,52.6,7.0,36.8,309.0,1804.0,821.0,14.0,11.0,3.0,13.0,18.0,256.0,36.0,13:00:00,/en/matches/eadb1375/Lyon-Metz-November-5-2023-Ligue-1
FRA-Ligue 1,2324,Metz,2023-11-12 Metz-Nantes,2023-11-12,Matchweek 12,Sun,Home,W,3,1,Nantes,34,453.0,61.0,170.0,217.0,77.0,12.0,453.0,13.0,9.0,69.2,4.0,30.8,276.0,1919.0,618.0,15.0,15.0,3.0,13.0,10.0,239.0,30.0,15:00:00,/en/matches/594dba4e/Metz-Nantes-November-12-2023-Ligue-1
FRA-Ligue 1,2324,Metz,2023-11-26 Lorient-Metz,2023-11-26,Matchweek 13,Sun,Away,W,3,2,Lorient,33,393.0,44.0,140.0,159.0,102.0,19.0,392.0,10.0,6.0,60.0,4.0,40.0,248.0,1676.0,749.0,16.0,15.0,0.0,10.0,10.0,216.0,22.0,15:00:00,/en/matches/685f0592/Lorient-Metz-November-26-2023-Ligue-1
FRA-Ligue 1,2324,Metz,2023-12-03 Lille-Metz,2023-12-03,Matchweek 14,Sun,Away,L,0,2,Lille,35,490.0,79.0,220.0,218.0,63.0,9.0,488.0,14.0,5.0,35.7,7.0,50.0,350.0,2161.0,876.0,8.0,9.0,1.0,18.0,8.0,302.0,21.0,17:05:00,/en/matches/1edcab1f/Lille-Metz-December-3-2023-Ligue-1
FRA-Ligue 1,2324,Metz,2023-12-10 Metz-Brest,2023-12-10,Matchweek 15,Sun,Home,L,0,1,Brest,33,480.0,55.0,179.0,215.0,98.0,10.0,480.0,39.0,12.0,30.8,25.0,64.1,279.0,1900.0,623.0,13.0,10.0,4.0,12.0,11.0,223.0,26.0,15:00:00,/en/matches/e1a3d53e/Metz-Brest-December-10-2023-Ligue-1
FRA-Ligue 1,2324,Metz,2023-12-17 Metz-Montpellier,2023-12-17,Matchweek 16,Sun,Home,L,0,1,Montpellier,52,606.0,37.0,127.0,291.0,196.0,26.0,606.0,15.0,7.0,46.7,8.0,53.3,387.0,2606.0,1312.0,32.0,26.0,2.0,23.0,13.0,354.0,55.0,15:00:00,/en/matches/eb4084eb/Metz-Montpellier-December-17-2023-Ligue-1
FRA-Ligue 1,2324,Metz,2023-12-20 Paris S-G-Metz,2023-12-20,Matchweek 17,Wed,Away,L,1,3,Paris S-G,26,381.0,65.0,165.0,146.0,72.0,8.0,381.0,15.0,11.0,73.3,4.0,26.7,251.0,1826.0,866.0,15.0,15.0,2.0,11.0,2.0,215.0,11.0,21:00:00,/en/matches/fb56b3c2/Paris-Saint-Germain-Metz-December-20-2023-Ligue-1
FRA-Ligue 1,2324,Metz,2024-01-14 Metz-Toulouse,2024-01-14,Matchweek 18,Sun,Home,L,0,1,Toulouse,40,501.0,34.0,131.0,216.0,166.0,23.0,501.0,39.0,17.0,43.6,18.0,46.2,312.0,1868.0,671.0,15.0,21.0,2.0,21.0,10.0,278.0,27.0,15:00:00,/en/matches/926b0a14/Metz-Toulouse-January-14-2024-Ligue-1
FRA-Ligue 1,2324,Metz,2024-01-27 Nice-Metz,2024-01-27,Matchweek 19,Sat,Away,L,0,1,Nice,34,439.0,69.0,169.0,200.0,77.0,7.0,439.0,21.0,8.0,38.1,13.0,61.9,267.0,1664.0,693.0,8.0,10.0,1.0,14.0,6.0,228.0,23.0,17:00:00,/en/matches/69267ef1/Nice-Metz-January-27-2024-Ligue-1
FRA-Ligue 1,2324,Metz,2024-02-04 Metz-Lorient,2024-02-04,Matchweek 20,Sun,Home,L,1,2,Lorient,44,547.0,45.0,158.0,255.0,139.0,20.0,547.0,19.0,5.0,26.3,14.0,73.7,347.0,1632.0,627.0,9.0,14.0,4.0,8.0,10.0,313.0,42.0,15:00:00,/en/matches/2e802ba3/Metz-Lorient-February-4-2024-Ligue-1
FRA-Ligue 1,2324,Metz,2024-02-09 Marseille-Metz,2024-02-09,Matchweek 21,Fri,Away,D,1,1,Marseille,34,440.0,66.0,180.0,201.0,65.0,11.0,440.0,20.0,4.0,20.0,14.0,70.0,273.0,2053.0,1074.0,18.0,14.0,2.0,15.0,4.0,233.0,25.0,21:00:00,/en/matches/70c7d433/Marseille-Metz-February-9-2024-Ligue-1
FRA-Ligue 1,2324,Metz,2024-02-18 Montpellier-Metz,2024-02-18,Matchweek 22,Sun,Away,L,0,3,Montpellier,46,512.0,67.0,174.0,227.0,118.0,16.0,512.0,16.0,6.0,37.5,8.0,50.0,328.0,1884.0,760.0,12.0,15.0,3.0,22.0,7.0,290.0,38.0,15:00:00,/en/matches/4e939d4c/Montpellier-Metz-February-18-2024-Ligue-1
FRA-Ligue 1,2324,Metz,2024-02-23 Metz-Lyon,2024-02-23,Matchweek 23,Fri,Home,L,1,2,Lyon,38,524.0,60.0,145.0,251.0,136.0,19.0,524.0,22.0,6.0,27.3,15.0,68.2,301.0,1878.0,804.0,14.0,15.0,4.0,11.0,8.0,265.0,30.0,21:00:00,/en/matches/f2778def/Metz-Lyon-February-23-2024-Ligue-1
FRA-Ligue 1,2324,Metz,2024-03-03 Nantes-Metz,2024-03-03,Matchweek 24,Sun,Away,W,2,0,Nantes,53,659.0,75.0,239.0,324.0,104.0,17.0,658.0,20.0,10.0,50.0,8.0,40.0,464.0,2704.0,1341.0,22.0,11.0,4.0,18.0,7.0,432.0,27.0,15:00:00,/en/matches/9cd454f2/Nantes-Metz-March-3-2024-Ligue-1
FRA-Ligue 1,2324,Metz,2024-03-10 Metz-Clermont Foot,2024-03-10,Matchweek 25,Sun,Home,W,1,0,Clermont Foot,34,426.0,74.0,177.0,164.0,91.0,15.0,425.0,14.0,8.0,57.1,6.0,42.9,256.0,1542.0,794.0,12.0,12.0,1.0,21.0,6.0,216.0,21.0,15:00:00,/en/matches/f7db6990/Metz-Clermont-Foot-March-10-2024-Ligue-1
FRA-Ligue 1,2324,Metz,2024-03-17 Reims-Metz,2024-03-17,Matchweek 26,Sun,Away,L,1,2,Reims,34,383.0,67.0,156.0,145.0,92.0,19.0,383.0,11.0,3.0,27.3,6.0,54.5,222.0,1459.0,639.0,12.0,11.0,3.0,19.0,7.0,195.0,19.0,15:00:00,/en/matches/d840de58/Reims-Metz-March-17-2024-Ligue-1
FRA-Ligue 1,2324,Metz,2024-03-30 Metz-Monaco,2024-03-30,Matchweek 27,Sat,Home,L,2,5,Monaco,36,558.0,61.0,200.0,268.0,100.0,20.0,558.0,33.0,20.0,60.6,12.0,36.4,405.0,2575.0,1109.0,13.0,12.0,3.0,12.0,12.0,348.0,41.0,17:00:00,/en/matches/ec35ab5c/Metz-Monaco-March-30-2024-Ligue-1
FRA-Ligue 1,2324,Metz,2024-04-07 Brest-Metz,2024-04-07,Matchweek 28,Sun,Away,L,3,4,Brest,34,473.0,75.0,179.0,229.0,74.0,12.0,473.0,32.0,19.0,59.4,12.0,37.5,304.0,1994.0,919.0,17.0,12.0,5.0,13.0,9.0,262.0,28.0,13:00:00,/en/matches/f6f76317/Brest-Metz-April-7-2024-Ligue-1
FRA-Ligue 1,2324,Metz,2024-04-12 Metz-Lens,2024-04-12,Matchweek 29,Fri,Home,W,2,1,Lens,30,419.0,55.0,157.0,191.0,81.0,12.0,419.0,17.0,9.0,52.9,6.0,35.3,235.0,1661.0,639.0,10.0,12.0,2.0,13.0,5.0,201.0,16.0,21:00:00,/en/matches/eac47cb2/Metz-Lens-April-12-2024-Ligue-1
FRA-Ligue 1,2324,Metz,2024-04-21 Le Havre-Metz,2024-04-21,Matchweek 30,Sun,Away,W,1,0,Le Havre,36,438.0,67.0,167.0,205.0,72.0,12.0,438.0,19.0,7.0,36.8,12.0,63.2,245.0,1492.0,704.0,8.0,9.0,4.0,12.0,6.0,213.0,13.0,15:00:00,/en/matches/488e12d3/Le-Havre-Metz-April-21-2024-Ligue-1
FRA-Ligue 1,2324,Metz,2024-04-28 Metz-Lille,2024-04-28,Matchweek 31,Sun,Home,L,1,2,Lille,30,405.0,62.0,179.0,174.0,61.0,9.0,404.0,18.0,10.0,55.6,8.0,44.4,261.0,1694.0,785.0,12.0,7.0,3.0,10.0,8.0,226.0,18.0,13:00:00,/en/matches/316c5fa3/Metz-Lille-April-28-2024-Ligue-1
FRA-Ligue 1,2324,Metz,2024-05-04 Metz-Rennes,2024-05-04,Matchweek 32,Sat,Home,L,2,3,Rennes,36,455.0,72.0,186.0,207.0,70.0,4.0,455.0,17.0,5.0,29.4,11.0,64.7,251.0,1517.0,595.0,10.0,10.0,0.0,12.0,6.0,230.0,22.0,19:00:00,/en/matches/a299adab/Metz-Rennes-May-4-2024-Ligue-1
FRA-Ligue 1,2324,Metz,2024-05-12 Strasbourg-Metz,2024-05-12,Matchweek 33,Sun,Away,L,1,2,Strasbourg,30,404.0,46.0,146.0,170.0,95.0,14.0,404.0,13.0,3.0,23.1,8.0,61.5,232.0,1513.0,729.0,12.0,14.0,4.0,9.0,7.0,201.0,24.0,21:00:00,/en/matches/2301c78f/Strasbourg-Metz-May-12-2024-Ligue-1
FRA-Ligue 1,2324,Metz,2024-05-19 Metz-Paris S-G,2024-05-19,Matchweek 34,Sun,Home,L,0,2,Paris S-G,24,362.0,68.0,146.0,139.0,85.0,14.0,362.0,11.0,6.0,54.5,5.0,45.5,217.0,1415.0,642.0,16.0,6.0,7.0,11.0,6.0,184.0,23.0,21:00:00,/en/matches/8dac35ed/Metz-Paris-Saint-Germain-May-19-2024-Ligue-1
FRA-Ligue 1,2324,Monaco,2023-08-13 Clermont Foot-Monaco,2023-08-13,Matchweek 1,Sun,Away,W,4,2,Clermont Foot,45,597.0,59.0,185.0,298.0,120.0,21.0,597.0,15.0,5.0,33.3,9.0,60.0,435.0,2108.0,1002.0,11.0,8.0,4.0,14.0,7.0,380.0,39.0,15:00:00,/en/matches/68752280/Clermont-Foot-Monaco-August-13-2023-Ligue-1
FRA-Ligue 1,2324,Monaco,2023-08-20 Monaco-Strasbourg,2023-08-20,Matchweek 2,Sun,Home,W,3,0,Strasbourg,56,694.0,55.0,191.0,368.0,142.0,12.0,694.0,19.0,14.0,73.7,3.0,15.8,540.0,2487.0,1037.0,13.0,10.0,3.0,15.0,9.0,484.0,55.0,19:00:00,/en/matches/f06d0bce/Monaco-Strasbourg-August-20-2023-Ligue-1
FRA-Ligue 1,2324,Monaco,2023-08-25 Nantes-Monaco,2023-08-25,Matchweek 3,Fri,Away,D,3,3,Nantes,65,854.0,36.0,140.0,458.0,261.0,40.0,854.0,12.0,6.0,50.0,6.0,50.0,673.0,3658.0,1658.0,20.0,33.0,4.0,15.0,13.0,621.0,72.0,21:00:00,/en/matches/ea724bc0/Nantes-Monaco-August-25-2023-Ligue-1
FRA-Ligue 1,2324,Monaco,2023-09-02 Monaco-Lens,2023-09-02,Matchweek 4,Sat,Home,W,3,0,Lens,52,626.0,70.0,194.0,323.0,119.0,17.0,626.0,15.0,6.0,40.0,8.0,53.3,480.0,2499.0,1125.0,15.0,15.0,1.0,12.0,3.0,435.0,43.0,21:00:00,/en/matches/7a2f8122/Monaco-Lens-September-2-2023-Ligue-1
FRA-Ligue 1,2324,Monaco,2023-09-17 Lorient-Monaco,2023-09-17,Matchweek 5,Sun,Away,D,2,2,Lorient,59,730.0,46.0,128.0,406.0,203.0,37.0,730.0,23.0,15.0,65.2,8.0,34.8,578.0,2980.0,1324.0,15.0,26.0,7.0,13.0,11.0,534.0,58.0,13:00:00,/en/matches/2cbf9481/Lorient-Monaco-September-17-2023-Ligue-1
FRA-Ligue 1,2324,Monaco,2023-09-22 Monaco-Nice,2023-09-22,Matchweek 6,Fri,Home,L,0,1,Nice,55,649.0,59.0,180.0,325.0,148.0,16.0,647.0,15.0,6.0,40.0,8.0,53.3,523.0,2572.0,1110.0,16.0,13.0,5.0,14.0,6.0,464.0,36.0,21:00:00,/en/matches/74e4b97c/Monaco-Nice-September-22-2023-Ligue-1
FRA-Ligue 1,2324,Monaco,2023-09-30 Monaco-Marseille,2023-09-30,Matchweek 7,Sat,Home,W,3,2,Marseille,46,553.0,53.0,167.0,271.0,125.0,18.0,553.0,14.0,10.0,71.4,4.0,28.6,379.0,1964.0,826.0,8.0,12.0,4.0,20.0,11.0,335.0,36.0,21:00:00,/en/matches/680c833b/Monaco-Marseille-September-30-2023-Ligue-1
FRA-Ligue 1,2324,Monaco,2023-10-07 Reims-Monaco,2023-10-07,Matchweek 8,Sat,Away,W,3,1,Reims,46,560.0,76.0,214.0,272.0,87.0,25.0,560.0,25.0,19.0,76.0,5.0,20.0,361.0,2291.0,1043.0,19.0,8.0,3.0,20.0,8.0,306.0,34.0,21:00:00,/en/matches/8abe55a4/Reims-Monaco-October-7-2023-Ligue-1
FRA-Ligue 1,2324,Monaco,2023-10-22 Monaco-Metz,2023-10-22,Matchweek 9,Sun,Home,W,2,1,Metz,75,881.0,28.0,105.0,482.0,300.0,37.0,881.0,21.0,9.0,42.9,10.0,47.6,709.0,4254.0,1732.0,22.0,31.0,5.0,15.0,9.0,655.0,94.0,17:05:00,/en/matches/b33c484a/Monaco-Metz-October-22-2023-Ligue-1
FRA-Ligue 1,2324,Monaco,2023-10-29 Lille-Monaco,2023-10-29,Matchweek 10,Sun,Away,L,0,2,Lille,59,617.0,34.0,162.0,281.0,180.0,19.0,617.0,20.0,12.0,60.0,5.0,25.0,440.0,2369.0,1210.0,17.0,15.0,1.0,12.0,11.0,399.0,57.0,15:00:00,/en/matches/e4ed3318/Lille-Monaco-October-29-2023-Ligue-1
FRA-Ligue 1,2324,Monaco,2023-11-05 Monaco-Brest,2023-11-05,Matchweek 11,Sun,Home,W,2,0,Brest,46,563.0,62.0,198.0,263.0,111.0,17.0,563.0,19.0,10.0,52.6,7.0,36.8,377.0,1996.0,800.0,22.0,14.0,7.0,29.0,10.0,333.0,41.0,17:05:00,/en/matches/ef59a003/Monaco-Brest-November-5-2023-Ligue-1
FRA-Ligue 1,2324,Monaco,2023-11-11 Le Havre-Monaco,2023-11-11,Matchweek 12,Sat,Away,D,0,0,Le Havre,62,706.0,55.0,184.0,355.0,175.0,13.0,706.0,15.0,8.0,53.3,6.0,40.0,542.0,2480.0,1171.0,17.0,18.0,3.0,20.0,10.0,493.0,61.0,21:00:00,/en/matches/8bb49483/Le-Havre-Monaco-November-11-2023-Ligue-1
FRA-Ligue 1,2324,Monaco,2023-11-24 Paris S-G-Monaco,2023-11-24,Matchweek 13,Fri,Away,L,2,5,Paris S-G,46,632.0,69.0,166.0,313.0,162.0,25.0,632.0,25.0,13.0,52.0,11.0,44.0,444.0,2329.0,882.0,16.0,12.0,7.0,22.0,7.0,395.0,45.0,21:00:00,/en/matches/6f11a93d/Paris-Saint-Germain-Monaco-November-24-2023-Ligue-1
FRA-Ligue 1,2324,Monaco,2023-12-03 Monaco-Montpellier,2023-12-03,Matchweek 14,Sun,Home,W,2,0,Montpellier,63,756.0,53.0,179.0,375.0,212.0,41.0,756.0,26.0,14.0,53.8,10.0,38.5,568.0,3258.0,1697.0,32.0,22.0,11.0,20.0,9.0,512.0,59.0,15:00:00,/en/matches/0d5e1575/Monaco-Montpellier-December-3-2023-Ligue-1
FRA-Ligue 1,2324,Monaco,2023-12-09 Rennes-Monaco,2023-12-09,Matchweek 15,Sat,Away,W,2,1,Rennes,53,548.0,57.0,153.0,249.0,152.0,20.0,548.0,11.0,3.0,27.3,8.0,72.7,417.0,2536.0,1230.0,19.0,31.0,4.0,17.0,7.0,363.0,39.0,17:00:00,/en/matches/fdd2c923/Rennes-Monaco-December-9-2023-Ligue-1
FRA-Ligue 1,2324,Monaco,2023-12-15 Monaco-Lyon,2023-12-15,Matchweek 16,Fri,Home,L,0,1,Lyon,60,748.0,39.0,140.0,388.0,227.0,33.0,748.0,26.0,16.0,61.5,9.0,34.6,557.0,3028.0,1229.0,19.0,17.0,7.0,18.0,9.0,510.0,55.0,21:00:00,/en/matches/f66124b8/Monaco-Lyon-December-15-2023-Ligue-1
FRA-Ligue 1,2324,Monaco,2023-12-20 Toulouse-Monaco,2023-12-20,Matchweek 17,Wed,Away,W,2,1,Toulouse,45,591.0,78.0,179.0,284.0,136.0,25.0,590.0,14.0,7.0,50.0,4.0,28.6,403.0,2177.0,708.0,14.0,16.0,6.0,12.0,9.0,356.0,41.0,21:00:00,/en/matches/81c83fe9/Toulouse-Monaco-December-20-2023-Ligue-1
FRA-Ligue 1,2324,Monaco,2024-01-13 Monaco-Reims,2024-01-13,Matchweek 18,Sat,Home,L,1,3,Reims,56,699.0,57.0,174.0,352.0,180.0,28.0,699.0,18.0,9.0,50.0,9.0,50.0,496.0,2925.0,1137.0,21.0,21.0,7.0,26.0,7.0,461.0,54.0,17:00:00,/en/matches/7f2cdeb6/Monaco-Reims-January-13-2024-Ligue-1
FRA-Ligue 1,2324,Monaco,2024-01-27 Marseille-Monaco,2024-01-27,Matchweek 19,Sat,Away,D,2,2,Marseille,32,426.0,70.0,153.0,178.0,105.0,8.0,426.0,24.0,12.0,50.0,12.0,50.0,246.0,1695.0,705.0,15.0,14.0,2.0,13.0,10.0,193.0,22.0,21:00:00,/en/matches/039fae0f/Marseille-Monaco-January-27-2024-Ligue-1
FRA-Ligue 1,2324,Monaco,2024-02-04 Monaco-Le Havre,2024-02-04,Matchweek 20,Sun,Home,D,1,1,Le Havre,61,769.0,37.0,161.0,402.0,215.0,34.0,769.0,19.0,8.0,42.1,8.0,42.1,546.0,3159.0,1439.0,19.0,18.0,2.0,15.0,6.0,509.0,65.0,13:00:00,/en/matches/6b4f65e7/Monaco-Le-Havre-February-4-2024-Ligue-1
FRA-Ligue 1,2324,Monaco,2024-02-11 Nice-Monaco,2024-02-11,Matchweek 21,Sun,Away,W,3,2,Nice,53,630.0,68.0,209.0,271.0,156.0,13.0,630.0,15.0,7.0,46.7,8.0,53.3,459.0,1989.0,820.0,10.0,13.0,2.0,9.0,20.0,423.0,32.0,20:45:00,/en/matches/a2cab916/Nice-Monaco-February-11-2024-Ligue-1
FRA-Ligue 1,2324,Monaco,2024-02-18 Monaco-Toulouse,2024-02-18,Matchweek 22,Sun,Home,L,1,2,Toulouse,65,760.0,64.0,157.0,364.0,242.0,37.0,760.0,22.0,7.0,31.8,12.0,54.5,537.0,3230.0,1252.0,17.0,28.0,7.0,18.0,14.0,513.0,59.0,15:00:00,/en/matches/57c599f6/Monaco-Toulouse-February-18-2024-Ligue-1
FRA-Ligue 1,2324,Monaco,2024-02-25 Lens-Monaco,2024-02-25,Matchweek 23,Sun,Away,W,3,2,Lens,40,530.0,91.0,207.0,226.0,105.0,21.0,529.0,19.0,10.0,52.6,8.0,42.1,326.0,1917.0,733.0,18.0,10.0,8.0,19.0,10.0,286.0,40.0,13:00:00,/en/matches/7b54b025/Lens-Monaco-February-25-2024-Ligue-1
FRA-Ligue 1,2324,Monaco,2024-03-01 Monaco-Paris S-G,2024-03-01,Matchweek 24,Fri,Home,D,0,0,Paris S-G,32,435.0,56.0,142.0,185.0,115.0,28.0,435.0,13.0,9.0,69.2,3.0,23.1,281.0,1828.0,710.0,18.0,11.0,11.0,20.0,10.0,228.0,47.0,21:00:00,/en/matches/4be6a76c/Monaco-Paris-Saint-Germain-March-1-2024-Ligue-1
FRA-Ligue 1,2324,Monaco,2024-03-10 Strasbourg-Monaco,2024-03-10,Matchweek 25,Sun,Away,W,1,0,Strasbourg,66,705.0,62.0,185.0,351.0,174.0,35.0,705.0,9.0,2.0,22.2,7.0,77.8,510.0,2728.0,1272.0,15.0,17.0,5.0,20.0,10.0,489.0,66.0,15:00:00,/en/matches/9a8c884c/Strasbourg-Monaco-March-10-2024-Ligue-1
FRA-Ligue 1,2324,Monaco,2024-03-17 Monaco-Lorient,2024-03-17,Matchweek 26,Sun,Home,D,2,2,Lorient,51,645.0,63.0,129.0,289.0,235.0,45.0,645.0,14.0,6.0,42.9,8.0,57.1,436.0,2144.0,1007.0,18.0,11.0,7.0,19.0,7.0,405.0,53.0,15:00:00,/en/matches/5494c9d6/Monaco-Lorient-March-17-2024-Ligue-1
FRA-Ligue 1,2324,Monaco,2024-03-30 Metz-Monaco,2024-03-30,Matchweek 27,Sat,Away,W,5,2,Metz,64,892.0,60.0,211.0,487.0,197.0,38.0,892.0,11.0,4.0,36.4,6.0,54.5,735.0,4032.0,1424.0,24.0,28.0,5.0,7.0,8.0,681.0,60.0,17:00:00,/en/matches/ec35ab5c/Metz-Monaco-March-30-2024-Ligue-1
FRA-Ligue 1,2324,Monaco,2024-04-07 Monaco-Rennes,2024-04-07,Matchweek 28,Sun,Home,W,1,0,Rennes,52,578.0,75.0,202.0,218.0,168.0,27.0,578.0,13.0,7.0,53.8,5.0,38.5,402.0,2170.0,1025.0,9.0,9.0,2.0,13.0,3.0,374.0,40.0,17:05:00,/en/matches/c0e30df7/Monaco-Rennes-April-7-2024-Ligue-1
FRA-Ligue 1,2324,Monaco,2024-04-21 Brest-Monaco,2024-04-21,Matchweek 30,Sun,Away,W,2,0,Brest,44,541.0,65.0,175.0,253.0,121.0,18.0,541.0,17.0,11.0,64.7,6.0,35.3,329.0,1709.0,676.0,11.0,10.0,6.0,15.0,17.0,289.0,46.0,17:05:00,/en/matches/8f8b95f8/Brest-Monaco-April-21-2024-Ligue-1
FRA-Ligue 1,2324,Monaco,2024-04-24 Monaco-Lille,2024-04-24,Matchweek 29,Wed,Home,W,1,0,Lille,43,555.0,50.0,142.0,254.0,164.0,33.0,555.0,17.0,7.0,41.2,10.0,58.8,398.0,2388.0,1163.0,30.0,25.0,9.0,17.0,11.0,345.0,37.0,21:00:00,/en/matches/88182e5f/Monaco-Lille-April-24-2024-Ligue-1
FRA-Ligue 1,2324,Monaco,2024-04-28 Lyon-Monaco,2024-04-28,Matchweek 31,Sun,Away,L,2,3,Lyon,53,640.0,74.0,158.0,305.0,182.0,29.0,640.0,17.0,6.0,35.3,10.0,58.8,437.0,2547.0,1266.0,24.0,24.0,3.0,15.0,9.0,405.0,55.0,19:00:00,/en/matches/16e39992/Lyon-Monaco-April-28-2024-Ligue-1
FRA-Ligue 1,2324,Monaco,2024-05-04 Monaco-Clermont Foot,2024-05-04,Matchweek 32,Sat,Home,W,4,1,Clermont Foot,62,709.0,52.0,175.0,360.0,184.0,39.0,709.0,11.0,7.0,63.6,3.0,27.3,545.0,3244.0,1371.0,16.0,21.0,5.0,20.0,12.0,514.0,62.0,17:00:00,/en/matches/a7f56ab4/Monaco-Clermont-Foot-May-4-2024-Ligue-1
FRA-Ligue 1,2324,Monaco,2024-05-12 Montpellier-Monaco,2024-05-12,Matchweek 33,Sun,Away,W,2,0,Montpellier,55,680.0,62.0,194.0,352.0,143.0,27.0,680.0,16.0,7.0,43.8,8.0,50.0,474.0,3033.0,1325.0,34.0,24.0,13.0,26.0,10.0,441.0,49.0,21:00:00,/en/matches/9f62b1ef/Montpellier-Monaco-May-12-2024-Ligue-1
FRA-Ligue 1,2324,Monaco,2024-05-19 Monaco-Nantes,2024-05-19,Matchweek 34,Sun,Home,W,4,0,Nantes,62,753.0,48.0,198.0,442.0,119.0,17.0,752.0,23.0,9.0,39.1,11.0,47.8,590.0,3280.0,1645.0,20.0,8.0,3.0,15.0,12.0,561.0,61.0,21:00:00,/en/matches/ba001914/Monaco-Nantes-May-19-2024-Ligue-1
FRA-Ligue 1,2324,Montpellier,2023-08-13 Montpellier-Le Havre,2023-08-13,Matchweek 1,Sun,Home,D,2,2,Le Havre,58,648.0,66.0,202.0,317.0,136.0,19.0,648.0,15.0,8.0,53.3,6.0,40.0,470.0,2647.0,1238.0,21.0,19.0,4.0,29.0,6.0,420.0,44.0,15:00:00,/en/matches/ca893ead/Montpellier-Le-Havre-August-13-2023-Ligue-1
FRA-Ligue 1,2324,Montpellier,2023-08-19 Lyon-Montpellier,2023-08-19,Matchweek 2,Sat,Away,W,4,1,Lyon,37,432.0,68.0,204.0,167.0,70.0,13.0,432.0,22.0,10.0,45.5,8.0,36.4,297.0,1687.0,816.0,20.0,12.0,8.0,12.0,12.0,247.0,23.0,19:00:00,/en/matches/39ad4054/Lyon-Montpellier-August-19-2023-Ligue-1
FRA-Ligue 1,2324,Montpellier,2023-08-27 Montpellier-Reims,2023-08-27,Matchweek 3,Sun,Home,L,1,3,Reims,52,550.0,54.0,162.0,245.0,148.0,37.0,550.0,31.0,15.0,48.4,14.0,45.2,346.0,2089.0,996.0,24.0,13.0,10.0,13.0,12.0,288.0,44.0,15:00:00,/en/matches/4d6e6c68/Montpellier-Reims-August-27-2023-Ligue-1
FRA-Ligue 1,2324,Montpellier,2023-09-03 Lille-Montpellier,2023-09-03,Matchweek 4,Sun,Away,L,0,1,Lille,42,502.0,50.0,157.0,222.0,136.0,17.0,502.0,19.0,9.0,47.4,10.0,52.6,342.0,2249.0,909.0,10.0,13.0,3.0,21.0,7.0,297.0,33.0,15:00:00,/en/matches/26cacbb5/Lille-Montpellier-September-3-2023-Ligue-1
FRA-Ligue 1,2324,Montpellier,2023-09-17 Strasbourg-Montpellier,2023-09-17,Matchweek 5,Sun,Away,D,2,2,Strasbourg,56,671.0,79.0,240.0,321.0,114.0,22.0,671.0,16.0,6.0,37.5,9.0,56.3,506.0,2332.0,1150.0,13.0,10.0,6.0,22.0,9.0,463.0,35.0,15:00:00,/en/matches/b04003c3/Strasbourg-Montpellier-September-17-2023-Ligue-1
FRA-Ligue 1,2324,Montpellier,2023-09-24 Montpellier-Rennes,2023-09-24,Matchweek 6,Sun,Home,D,0,0,Rennes,37,457.0,51.0,149.0,190.0,123.0,21.0,457.0,13.0,7.0,53.8,6.0,46.2,266.0,1824.0,695.0,16.0,16.0,5.0,19.0,3.0,209.0,28.0,17:05:00,/en/matches/fd6b554c/Montpellier-Rennes-September-24-2023-Ligue-1
FRA-Ligue 1,2324,Montpellier,2023-10-01 Lorient-Montpellier,2023-10-01,Matchweek 7,Sun,Away,W,3,0,Lorient,49,669.0,66.0,240.0,296.0,139.0,23.0,668.0,22.0,14.0,63.6,7.0,31.8,511.0,2591.0,1257.0,17.0,18.0,6.0,8.0,8.0,468.0,41.0,17:05:00,/en/matches/fd60231d/Lorient-Montpellier-October-1-2023-Ligue-1
FRA-Ligue 1,2324,Montpellier,2023-10-22 Nantes-Montpellier,2023-10-22,Matchweek 9,Sun,Away,L,0,2,Nantes,43,588.0,52.0,173.0,291.0,130.0,25.0,588.0,18.0,7.0,38.9,8.0,44.4,440.0,2300.0,1145.0,16.0,18.0,6.0,10.0,9.0,381.0,43.0,15:00:00,/en/matches/398e7ed6/Nantes-Montpellier-October-22-2023-Ligue-1
FRA-Ligue 1,2324,Montpellier,2023-10-29 Montpellier-Toulouse,2023-10-29,Matchweek 10,Sun,Home,W,3,0,Toulouse,39,522.0,74.0,215.0,211.0,108.0,21.0,522.0,18.0,10.0,55.6,8.0,44.4,339.0,1809.0,909.0,16.0,13.0,6.0,16.0,7.0,281.0,22.0,15:00:00,/en/matches/c7788081/Montpellier-Toulouse-October-29-2023-Ligue-1
FRA-Ligue 1,2324,Montpellier,2023-11-03 Paris S-G-Montpellier,2023-11-03,Matchweek 11,Fri,Away,L,0,3,Paris S-G,30,463.0,74.0,202.0,193.0,74.0,9.0,463.0,18.0,8.0,44.4,9.0,50.0,300.0,1643.0,759.0,14.0,14.0,3.0,15.0,8.0,256.0,22.0,21:00:00,/en/matches/4f44d7fc/Paris-Saint-Germain-Montpellier-November-3-2023-Ligue-1
FRA-Ligue 1,2324,Montpellier,2023-11-10 Montpellier-Nice,2023-11-10,Matchweek 12,Fri,Home,D,0,0,Nice,41,510.0,74.0,207.0,241.0,72.0,10.0,510.0,11.0,5.0,45.5,5.0,45.5,384.0,2122.0,1006.0,10.0,6.0,4.0,15.0,4.0,337.0,21.0,21:00:00,/en/matches/5bdc7c32/Montpellier-Nice-November-10-2023-Ligue-1
FRA-Ligue 1,2324,Montpellier,2023-11-26 Montpellier-Brest,2023-11-26,Matchweek 13,Sun,Home,L,1,3,Brest,53,614.0,54.0,172.0,273.0,176.0,24.0,613.0,24.0,8.0,33.3,13.0,54.2,282.0,1581.0,983.0,25.0,9.0,6.0,26.0,9.0,343.0,54.0,15:00:00,/en/matches/e4cca984/Montpellier-Brest-November-26-2023-Ligue-1
FRA-Ligue 1,2324,Montpellier,2023-11-29 Montpellier-Clermont Foot,2023-11-29,Matchweek 8,Wed,Home,D,1,1,Clermont Foot,63,749.0,24.0,96.0,382.0,277.0,39.0,748.0,21.0,12.0,57.1,9.0,42.9,532.0,2932.0,1301.0,16.0,21.0,3.0,15.0,9.0,485.0,69.0,19:00:00,/en/matches/341877cf/Montpellier-Clermont-Foot-November-29-2023-Ligue-1
FRA-Ligue 1,2324,Montpellier,2023-12-03 Monaco-Montpellier,2023-12-03,Matchweek 14,Sun,Away,L,0,2,Monaco,37,491.0,89.0,204.0,201.0,91.0,17.0,491.0,26.0,12.0,46.2,11.0,42.3,298.0,1730.0,843.0,19.0,11.0,5.0,18.0,18.0,248.0,27.0,15:00:00,/en/matches/0d5e1575/Monaco-Montpellier-December-3-2023-Ligue-1
FRA-Ligue 1,2324,Montpellier,2023-12-08 Montpellier-Lens,2023-12-08,Matchweek 15,Fri,Home,D,0,0,Lens,35,453.0,64.0,192.0,168.0,98.0,22.0,453.0,12.0,6.0,50.0,5.0,41.7,265.0,1551.0,780.0,13.0,12.0,5.0,13.0,6.0,209.0,17.0,21:00:00,/en/matches/ad238285/Montpellier-Lens-December-8-2023-Ligue-1
FRA-Ligue 1,2324,Montpellier,2023-12-17 Metz-Montpellier,2023-12-17,Matchweek 16,Sun,Away,W,1,0,Metz,48,597.0,99.0,258.0,253.0,94.0,8.0,597.0,15.0,4.0,26.7,11.0,73.3,370.0,2335.0,1134.0,17.0,13.0,2.0,18.0,7.0,331.0,23.0,15:00:00,/en/matches/eb4084eb/Metz-Montpellier-December-17-2023-Ligue-1
FRA-Ligue 1,2324,Montpellier,2023-12-20 Montpellier-Marseille,2023-12-20,Matchweek 17,Wed,Home,D,1,1,Marseille,32,410.0,75.0,203.0,139.0,79.0,20.0,410.0,16.0,11.0,68.8,5.0,31.3,249.0,1655.0,784.0,15.0,19.0,4.0,13.0,9.0,209.0,23.0,21:00:00,/en/matches/b8e581d1/Montpellier-Marseille-December-20-2023-Ligue-1
FRA-Ligue 1,2324,Montpellier,2024-01-14 Brest-Montpellier,2024-01-14,Matchweek 18,Sun,Away,L,0,2,Brest,35,509.0,81.0,214.0,218.0,85.0,7.0,509.0,22.0,11.0,50.0,9.0,40.9,295.0,1963.0,979.0,11.0,10.0,2.0,16.0,9.0,247.0,26.0,15:00:00,/en/matches/82c3efb7/Brest-Montpellier-January-14-2024-Ligue-1
FRA-Ligue 1,2324,Montpellier,2024-01-28 Montpellier-Lille,2024-01-28,Matchweek 19,Sun,Home,D,0,0,Lille,39,479.0,47.0,161.0,206.0,117.0,15.0,479.0,14.0,6.0,42.9,6.0,42.9,314.0,1816.0,903.0,18.0,11.0,3.0,12.0,17.0,286.0,38.0,13:00:00,/en/matches/8308b478/Montpellier-Lille-January-28-2024-Ligue-1
FRA-Ligue 1,2324,Montpellier,2024-02-03 Rennes-Montpellier,2024-02-03,Matchweek 20,Sat,Away,L,1,2,Rennes,52,575.0,55.0,151.0,278.0,153.0,20.0,575.0,20.0,8.0,40.0,9.0,45.0,372.0,2582.0,1219.0,18.0,15.0,3.0,17.0,6.0,355.0,48.0,17:00:00,/en/matches/f3ce3488/Rennes-Montpellier-February-3-2024-Ligue-1
FRA-Ligue 1,2324,Montpellier,2024-02-11 Montpellier-Lyon,2024-02-11,Matchweek 21,Sun,Home,L,1,2,Lyon,46,592.0,72.0,187.0,263.0,147.0,30.0,592.0,11.0,6.0,54.5,4.0,36.4,409.0,2379.0,1148.0,15.0,10.0,2.0,15.0,15.0,371.0,50.0,17:05:00,/en/matches/014cd5b7/Montpellier-Lyon-February-11-2024-Ligue-1
FRA-Ligue 1,2324,Montpellier,2024-02-18 Montpellier-Metz,2024-02-18,Matchweek 22,Sun,Home,W,3,0,Metz,54,540.0,51.0,128.0,278.0,141.0,27.0,539.0,16.0,9.0,56.3,7.0,43.8,379.0,2376.0,1208.0,23.0,19.0,7.0,7.0,15.0,351.0,35.0,15:00:00,/en/matches/4e939d4c/Montpellier-Metz-February-18-2024-Ligue-1
FRA-Ligue 1,2324,Montpellier,2024-02-25 Marseille-Montpellier,2024-02-25,Matchweek 23,Sun,Away,L,1,4,Marseille,42,496.0,71.0,204.0,201.0,95.0,19.0,496.0,17.0,8.0,47.1,8.0,47.1,308.0,1883.0,1001.0,14.0,10.0,5.0,16.0,7.0,288.0,27.0,20:45:00,/en/matches/7b5136c2/Marseille-Montpellier-February-25-2024-Ligue-1
FRA-Ligue 1,2324,Montpellier,2024-03-03 Montpellier-Strasbourg,2024-03-03,Matchweek 24,Sun,Home,D,2,2,Strasbourg,60,684.0,60.0,192.0,291.0,207.0,34.0,684.0,18.0,9.0,50.0,8.0,44.4,469.0,2750.0,1453.0,17.0,14.0,6.0,18.0,5.0,446.0,64.0,15:00:00,/en/matches/e020afbf/Montpellier-Strasbourg-March-3-2024-Ligue-1
FRA-Ligue 1,2324,Montpellier,2024-03-08 Nice-Montpellier,2024-03-08,Matchweek 25,Fri,Away,W,2,1,Nice,35,461.0,85.0,214.0,187.0,69.0,10.0,460.0,16.0,9.0,56.3,7.0,43.8,279.0,1864.0,894.0,13.0,17.0,3.0,12.0,7.0,234.0,17.0,21:00:00,/en/matches/d631a829/Nice-Montpellier-March-8-2024-Ligue-1
FRA-Ligue 1,2324,Montpellier,2024-03-17 Montpellier-Paris S-G,2024-03-17,Matchweek 26,Sun,Home,L,2,6,Paris S-G,32,421.0,55.0,176.0,165.0,87.0,20.0,420.0,16.0,7.0,43.8,6.0,37.5,302.0,1770.0,736.0,12.0,14.0,6.0,15.0,5.0,259.0,19.0,20:45:00,/en/matches/f850eea5/Montpellier-Paris-Saint-Germain-March-17-2024-Ligue-1
FRA-Ligue 1,2324,Montpellier,2024-03-31 Le Havre-Montpellier,2024-03-31,Matchweek 27,Sun,Away,W,2,0,Le Havre,48,560.0,74.0,224.0,238.0,106.0,19.0,560.0,26.0,11.0,42.3,14.0,53.8,358.0,2166.0,956.0,14.0,16.0,7.0,14.0,6.0,318.0,26.0,15:00:00,/en/matches/84ed0867/Le-Havre-Montpellier-March-31-2024-Ligue-1
FRA-Ligue 1,2324,Montpellier,2024-04-07 Montpellier-Lorient,2024-04-07,Matchweek 28,Sun,Home,W,2,0,Lorient,45,530.0,73.0,195.0,219.0,128.0,21.0,529.0,14.0,8.0,57.1,3.0,21.4,362.0,2406.0,1291.0,24.0,21.0,9.0,10.0,3.0,331.0,42.0,15:00:00,/en/matches/95bdd121/Montpellier-Lorient-April-7-2024-Ligue-1
FRA-Ligue 1,2324,Montpellier,2024-04-14 Clermont Foot-Montpellier,2024-04-14,Matchweek 29,Sun,Away,D,1,1,Clermont Foot,50,614.0,59.0,185.0,299.0,134.0,26.0,614.0,23.0,8.0,34.8,13.0,56.5,433.0,2740.0,1276.0,14.0,17.0,6.0,15.0,7.0,405.0,46.0,15:00:00,/en/matches/9b9d6335/Clermont-Foot-Montpellier-April-14-2024-Ligue-1
FRA-Ligue 1,2324,Montpellier,2024-04-21 Reims-Montpellier,2024-04-21,Matchweek 30,Sun,Away,W,2,1,Reims,47,484.0,79.0,210.0,177.0,102.0,20.0,484.0,11.0,6.0,54.5,4.0,36.4,309.0,2058.0,988.0,20.0,10.0,9.0,22.0,7.0,265.0,27.0,15:00:00,/en/matches/ec3fcd38/Reims-Montpellier-April-21-2024-Ligue-1
FRA-Ligue 1,2324,Montpellier,2024-04-26 Montpellier-Nantes,2024-04-26,Matchweek 31,Fri,Home,D,1,1,Nantes,54,660.0,50.0,176.0,367.0,124.0,12.0,660.0,11.0,6.0,54.5,5.0,45.5,482.0,2868.0,1340.0,17.0,25.0,1.0,21.0,7.0,451.0,48.0,21:00:00,/en/matches/b0c1736a/Montpellier-Nantes-April-26-2024-Ligue-1
FRA-Ligue 1,2324,Montpellier,2024-05-03 Toulouse-Montpellier,2024-05-03,Matchweek 32,Fri,Away,W,2,1,Toulouse,37,468.0,78.0,219.0,193.0,66.0,13.0,468.0,23.0,11.0,47.8,11.0,47.8,296.0,1780.0,732.0,8.0,11.0,3.0,25.0,9.0,257.0,20.0,19:00:00,/en/matches/33eeaf12/Toulouse-Montpellier-May-3-2024-Ligue-1
FRA-Ligue 1,2324,Montpellier,2024-05-12 Montpellier-Monaco,2024-05-12,Matchweek 33,Sun,Home,L,0,2,Monaco,45,574.0,73.0,198.0,258.0,131.0,14.0,574.0,24.0,12.0,50.0,11.0,45.8,390.0,2444.0,939.0,20.0,15.0,5.0,27.0,10.0,339.0,33.0,21:00:00,/en/matches/9f62b1ef/Montpellier-Monaco-May-12-2024-Ligue-1
FRA-Ligue 1,2324,Montpellier,2024-05-19 Lens-Montpellier,2024-05-19,Matchweek 34,Sun,Away,D,2,2,Lens,45,626.0,91.0,250.0,291.0,90.0,18.0,626.0,22.0,6.0,27.3,14.0,63.6,443.0,2393.0,931.0,13.0,17.0,3.0,16.0,13.0,401.0,20.0,21:00:00,/en/matches/ac107595/Lens-Montpellier-May-19-2024-Ligue-1
FRA-Ligue 1,2324,Nantes,2023-08-13 Nantes-Toulouse,2023-08-13,Matchweek 1,Sun,Home,L,1,2,Toulouse,44,578.0,67.0,207.0,259.0,116.0,19.0,577.0,15.0,8.0,53.3,5.0,33.3,418.0,2620.0,1054.0,16.0,19.0,5.0,19.0,7.0,388.0,32.0,15:00:00,/en/matches/1e12937d/Nantes-Toulouse-August-13-2023-Ligue-1
FRA-Ligue 1,2324,Nantes,2023-08-20 Lille-Nantes,2023-08-20,Matchweek 2,Sun,Away,L,0,2,Lille,36,443.0,74.0,202.0,160.0,86.0,18.0,443.0,14.0,7.0,50.0,7.0,50.0,288.0,1635.0,842.0,20.0,11.0,4.0,16.0,4.0,254.0,28.0,13:00:00,/en/matches/31fe99c8/Lille-Nantes-August-20-2023-Ligue-1
FRA-Ligue 1,2324,Nantes,2023-08-25 Nantes-Monaco,2023-08-25,Matchweek 3,Fri,Home,D,3,3,Monaco,35,512.0,86.0,203.0,244.0,76.0,10.0,511.0,13.0,6.0,46.2,6.0,46.2,345.0,2281.0,909.0,12.0,15.0,4.0,16.0,11.0,295.0,35.0,21:00:00,/en/matches/ea724bc0/Nantes-Monaco-August-25-2023-Ligue-1
FRA-Ligue 1,2324,Nantes,2023-09-01 Nantes-Marseille,2023-09-01,Matchweek 4,Fri,Home,D,1,1,Marseille,37,517.0,115.0,234.0,190.0,100.0,16.0,517.0,10.0,6.0,60.0,4.0,40.0,343.0,2123.0,915.0,20.0,12.0,4.0,15.0,5.0,301.0,18.0,21:00:00,/en/matches/6eca98c7/Nantes-Marseille-September-1-2023-Ligue-1
FRA-Ligue 1,2324,Nantes,2023-09-17 Clermont Foot-Nantes,2023-09-17,Matchweek 5,Sun,Away,W,1,0,Clermont Foot,48,518.0,75.0,173.0,279.0,69.0,8.0,518.0,9.0,7.0,77.8,2.0,22.2,344.0,1927.0,841.0,14.0,8.0,1.0,16.0,10.0,298.0,24.0,15:00:00,/en/matches/6a2c2932/Clermont-Foot-Nantes-September-17-2023-Ligue-1
FRA-Ligue 1,2324,Nantes,2023-09-23 Nantes-Lorient,2023-09-23,Matchweek 6,Sat,Home,W,5,3,Lorient,44,616.0,51.0,152.0,285.0,185.0,32.0,615.0,13.0,6.0,46.2,6.0,46.2,471.0,2433.0,1091.0,21.0,13.0,9.0,17.0,8.0,430.0,49.0,17:00:00,/en/matches/4f5c9313/Nantes-Lorient-September-23-2023-Ligue-1
FRA-Ligue 1,2324,Nantes,2023-10-01 Rennes-Nantes,2023-10-01,Matchweek 7,Sun,Away,L,1,3,Rennes,42,470.0,72.0,183.0,210.0,82.0,12.0,470.0,5.0,3.0,60.0,2.0,40.0,319.0,1588.0,573.0,10.0,5.0,2.0,10.0,4.0,290.0,23.0,20:45:00,/en/matches/94204a39/Rennes-Nantes-October-1-2023-Ligue-1
FRA-Ligue 1,2324,Nantes,2023-10-06 Strasbourg-Nantes,2023-10-06,Matchweek 8,Fri,Away,W,2,1,Strasbourg,57,681.0,86.0,267.0,257.0,161.0,25.0,681.0,14.0,8.0,57.1,6.0,42.9,495.0,2678.0,1155.0,18.0,14.0,6.0,14.0,13.0,457.0,34.0,21:00:00,/en/matches/ac3cd65a/Strasbourg-Nantes-October-6-2023-Ligue-1
FRA-Ligue 1,2324,Nantes,2023-10-22 Nantes-Montpellier,2023-10-22,Matchweek 9,Sun,Home,W,2,0,Montpellier,57,754.0,97.0,260.0,354.0,144.0,17.0,754.0,15.0,7.0,46.7,7.0,46.7,600.0,2984.0,1281.0,21.0,15.0,6.0,20.0,9.0,539.0,46.0,15:00:00,/en/matches/398e7ed6/Nantes-Montpellier-October-22-2023-Ligue-1
FRA-Ligue 1,2324,Nantes,2023-10-28 Lens-Nantes,2023-10-28,Matchweek 10,Sat,Away,L,0,4,Lens,46,582.0,62.0,169.0,280.0,136.0,20.0,582.0,8.0,2.0,25.0,5.0,62.5,443.0,2234.0,1104.0,18.0,16.0,4.0,17.0,11.0,396.0,41.0,21:00:00,/en/matches/271f272f/Lens-Nantes-October-28-2023-Ligue-1
FRA-Ligue 1,2324,Nantes,2023-11-05 Nantes-Reims,2023-11-05,Matchweek 11,Sun,Home,L,0,1,Reims,50,582.0,49.0,128.0,304.0,159.0,25.0,582.0,16.0,12.0,75.0,2.0,12.5,405.0,2044.0,830.0,17.0,9.0,2.0,15.0,6.0,366.0,51.0,15:00:00,/en/matches/96b3374a/Nantes-Reims-November-5-2023-Ligue-1
FRA-Ligue 1,2324,Nantes,2023-11-12 Metz-Nantes,2023-11-12,Matchweek 12,Sun,Away,L,1,3,Metz,66,762.0,46.0,186.0,421.0,161.0,21.0,762.0,12.0,7.0,58.3,4.0,33.3,594.0,3151.0,1721.0,22.0,13.0,3.0,7.0,7.0,553.0,58.0,15:00:00,/en/matches/594dba4e/Metz-Nantes-November-12-2023-Ligue-1
FRA-Ligue 1,2324,Nantes,2023-11-26 Nantes-Le Havre,2023-11-26,Matchweek 13,Sun,Home,D,0,0,Le Havre,61,737.0,44.0,155.0,374.0,216.0,29.0,737.0,19.0,11.0,57.9,8.0,42.1,555.0,3138.0,1394.0,32.0,18.0,5.0,22.0,4.0,511.0,66.0,15:00:00,/en/matches/ec8cdc57/Nantes-Le-Havre-November-26-2023-Ligue-1
FRA-Ligue 1,2324,Nantes,2023-12-02 Nantes-Nice,2023-12-02,Matchweek 14,Sat,Home,W,1,0,Nice,38,498.0,63.0,160.0,242.0,102.0,18.0,498.0,8.0,4.0,50.0,4.0,50.0,346.0,1979.0,819.0,18.0,14.0,5.0,14.0,6.0,319.0,26.0,21:00:00,/en/matches/b0ae3622/Nantes-Nice-December-2-2023-Ligue-1
FRA-Ligue 1,2324,Nantes,2023-12-09 Paris S-G-Nantes,2023-12-09,Matchweek 15,Sat,Away,L,1,2,Paris S-G,35,529.0,85.0,216.0,233.0,87.0,14.0,529.0,17.0,9.0,52.9,7.0,41.2,384.0,2191.0,1044.0,17.0,11.0,5.0,12.0,6.0,339.0,28.0,21:00:00,/en/matches/2582af0c/Paris-Saint-Germain-Nantes-December-9-2023-Ligue-1
FRA-Ligue 1,2324,Nantes,2023-12-17 Nantes-Brest,2023-12-17,Matchweek 16,Sun,Home,L,0,2,Brest,51,687.0,62.0,193.0,336.0,166.0,36.0,687.0,23.0,9.0,39.1,14.0,60.9,503.0,2940.0,1168.0,18.0,15.0,4.0,15.0,11.0,460.0,54.0,13:00:00,/en/matches/17503b00/Nantes-Brest-December-17-2023-Ligue-1
FRA-Ligue 1,2324,Nantes,2023-12-20 Lyon-Nantes,2023-12-20,Matchweek 17,Wed,Away,L,0,1,Lyon,61,695.0,47.0,148.0,370.0,180.0,21.0,695.0,16.0,8.0,50.0,8.0,50.0,534.0,2739.0,1235.0,24.0,23.0,5.0,13.0,6.0,497.0,63.0,21:00:00,/en/matches/1b327b86/Lyon-Nantes-December-20-2023-Ligue-1
FRA-Ligue 1,2324,Nantes,2024-01-14 Nantes-Clermont Foot,2024-01-14,Matchweek 18,Sun,Home,L,1,2,Clermont Foot,52,619.0,63.0,176.0,257.0,192.0,41.0,619.0,17.0,6.0,35.3,10.0,58.8,417.0,2368.0,1173.0,25.0,24.0,7.0,14.0,6.0,373.0,55.0,15:00:00,/en/matches/d2738fb8/Nantes-Clermont-Foot-January-14-2024-Ligue-1
FRA-Ligue 1,2324,Nantes,2024-01-28 Reims-Nantes,2024-01-28,Matchweek 19,Sun,Away,D,0,0,Reims,50,608.0,73.0,199.0,299.0,113.0,9.0,607.0,13.0,2.0,15.4,9.0,69.2,444.0,2350.0,1007.0,18.0,15.0,1.0,16.0,10.0,405.0,43.0,15:00:00,/en/matches/f3522f33/Reims-Nantes-January-28-2024-Ligue-1
FRA-Ligue 1,2324,Nantes,2024-02-03 Nantes-Lens,2024-02-03,Matchweek 20,Sat,Home,L,0,1,Lens,42,497.0,60.0,180.0,237.0,82.0,10.0,497.0,8.0,5.0,62.5,1.0,12.5,350.0,1615.0,782.0,12.0,9.0,4.0,16.0,7.0,323.0,28.0,21:00:00,/en/matches/f7e99caf/Nantes-Lens-February-3-2024-Ligue-1
FRA-Ligue 1,2324,Nantes,2024-02-11 Toulouse-Nantes,2024-02-11,Matchweek 21,Sun,Away,W,2,1,Toulouse,26,367.0,86.0,191.0,146.0,35.0,6.0,367.0,14.0,7.0,50.0,6.0,42.9,169.0,1092.0,509.0,8.0,6.0,1.0,13.0,7.0,144.0,9.0,15:00:00,/en/matches/e6caf939/Toulouse-Nantes-February-11-2024-Ligue-1
FRA-Ligue 1,2324,Nantes,2024-02-17 Nantes-Paris S-G,2024-02-17,Matchweek 22,Sat,Home,L,0,2,Paris S-G,23,407.0,75.0,190.0,112.0,110.0,27.0,407.0,19.0,9.0,47.4,8.0,42.1,227.0,1161.0,471.0,13.0,12.0,6.0,16.0,4.0,196.0,23.0,21:00:00,/en/matches/56629c17/Nantes-Paris-Saint-Germain-February-17-2024-Ligue-1
FRA-Ligue 1,2324,Nantes,2024-02-24 Lorient-Nantes,2024-02-24,Matchweek 23,Sat,Away,W,1,0,Lorient,36,493.0,52.0,171.0,236.0,93.0,11.0,493.0,11.0,2.0,18.2,9.0,81.8,317.0,1779.0,868.0,10.0,6.0,5.0,14.0,10.0,295.0,24.0,17:00:00,/en/matches/53742b6f/Lorient-Nantes-February-24-2024-Ligue-1
FRA-Ligue 1,2324,Nantes,2024-03-03 Nantes-Metz,2024-03-03,Matchweek 24,Sun,Home,L,0,2,Metz,47,568.0,46.0,160.0,269.0,142.0,20.0,568.0,17.0,7.0,41.2,7.0,41.2,375.0,1995.0,1029.0,20.0,9.0,6.0,14.0,10.0,353.0,46.0,15:00:00,/en/matches/9cd454f2/Nantes-Metz-March-3-2024-Ligue-1
FRA-Ligue 1,2324,Nantes,2024-03-10 Marseille-Nantes,2024-03-10,Matchweek 25,Sun,Away,L,0,2,Marseille,47,542.0,55.0,166.0,256.0,124.0,26.0,542.0,14.0,7.0,50.0,7.0,50.0,382.0,2400.0,1087.0,21.0,13.0,9.0,17.0,7.0,352.0,39.0,20:45:00,/en/matches/b696acad/Marseille-Nantes-March-10-2024-Ligue-1
FRA-Ligue 1,2324,Nantes,2024-03-16 Nantes-Strasbourg,2024-03-16,Matchweek 26,Sat,Home,L,1,3,Strasbourg,63,633.0,53.0,153.0,297.0,188.0,29.0,633.0,20.0,5.0,25.0,11.0,55.0,447.0,2687.0,1395.0,24.0,14.0,3.0,21.0,8.0,430.0,54.0,17:00:00,/en/matches/9e18cf79/Nantes-Strasbourg-March-16-2024-Ligue-1
FRA-Ligue 1,2324,Nantes,2024-03-31 Nice-Nantes,2024-03-31,Matchweek 27,Sun,Away,W,2,1,Nice,44,509.0,70.0,165.0,251.0,101.0,14.0,508.0,12.0,8.0,66.7,4.0,33.3,376.0,2131.0,886.0,7.0,7.0,2.0,10.0,8.0,345.0,23.0,15:00:00,/en/matches/d3388c96/Nice-Nantes-March-31-2024-Ligue-1
FRA-Ligue 1,2324,Nantes,2024-04-07 Nantes-Lyon,2024-04-07,Matchweek 28,Sun,Home,L,1,3,Lyon,42,556.0,73.0,176.0,246.0,138.0,19.0,556.0,11.0,6.0,54.5,2.0,18.2,374.0,1844.0,784.0,16.0,14.0,3.0,24.0,8.0,335.0,33.0,20:45:00,/en/matches/7457568d/Nantes-Lyon-April-7-2024-Ligue-1
FRA-Ligue 1,2324,Nantes,2024-04-14 Le Havre-Nantes,2024-04-14,Matchweek 29,Sun,Away,W,1,0,Le Havre,55,634.0,81.0,209.0,298.0,134.0,17.0,634.0,7.0,2.0,28.6,5.0,71.4,465.0,2767.0,1324.0,17.0,26.0,4.0,18.0,9.0,439.0,35.0,13:00:00,/en/matches/2e9cdf18/Le-Havre-Nantes-April-14-2024-Ligue-1
FRA-Ligue 1,2324,Nantes,2024-04-20 Nantes-Rennes,2024-04-20,Matchweek 30,Sat,Home,L,0,3,Rennes,45,518.0,72.0,209.0,241.0,72.0,2.0,518.0,9.0,3.0,33.3,4.0,44.4,345.0,1811.0,832.0,6.0,7.0,0.0,15.0,1.0,319.0,25.0,17:00:00,/en/matches/69006962/Nantes-Rennes-April-20-2024-Ligue-1
FRA-Ligue 1,2324,Nantes,2024-04-26 Montpellier-Nantes,2024-04-26,Matchweek 31,Fri,Away,D,1,1,Montpellier,46,579.0,59.0,164.0,290.0,130.0,20.0,579.0,10.0,7.0,70.0,3.0,30.0,401.0,2038.0,1063.0,12.0,12.0,4.0,16.0,7.0,366.0,47.0,21:00:00,/en/matches/b0c1736a/Montpellier-Nantes-April-26-2024-Ligue-1
FRA-Ligue 1,2324,Nantes,2024-05-04 Brest-Nantes,2024-05-04,Matchweek 32,Sat,Away,D,0,0,Brest,29,414.0,65.0,180.0,158.0,80.0,10.0,414.0,15.0,4.0,26.7,8.0,53.3,241.0,1506.0,737.0,11.0,11.0,1.0,12.0,6.0,204.0,18.0,21:00:00,/en/matches/8e6a7aaa/Brest-Nantes-May-4-2024-Ligue-1
FRA-Ligue 1,2324,Nantes,2024-05-12 Nantes-Lille,2024-05-12,Matchweek 33,Sun,Home,L,1,2,Lille,30,380.0,47.0,125.0,161.0,99.0,24.0,380.0,14.0,8.0,57.1,6.0,42.9,222.0,1506.0,691.0,16.0,10.0,6.0,18.0,9.0,193.0,24.0,21:00:00,/en/matches/8f8532aa/Nantes-Lille-May-12-2024-Ligue-1
FRA-Ligue 1,2324,Nantes,2024-05-19 Monaco-Nantes,2024-05-19,Matchweek 34,Sun,Away,L,0,4,Monaco,38,503.0,57.0,191.0,222.0,100.0,13.0,503.0,30.0,12.0,40.0,15.0,50.0,354.0,2000.0,901.0,15.0,12.0,5.0,8.0,9.0,313.0,27.0,21:00:00,/en/matches/ba001914/Monaco-Nantes-May-19-2024-Ligue-1
FRA-Ligue 1,2324,Nice,2023-08-11 Nice-Lille,2023-08-11,Matchweek 1,Fri,Home,D,1,1,Lille,40,525.0,94.0,290.0,176.0,67.0,17.0,525.0,39.0,23.0,59.0,15.0,38.5,404.0,2456.0,1079.0,21.0,13.0,7.0,14.0,11.0,342.0,16.0,21:00:00,/en/matches/ff59d311/Nice-Lille-August-11-2023-Ligue-1
FRA-Ligue 1,2324,Nice,2023-08-20 Lorient-Nice,2023-08-20,Matchweek 2,Sun,Away,D,1,1,Lorient,59,808.0,40.0,122.0,494.0,204.0,28.0,808.0,24.0,9.0,37.5,13.0,54.2,665.0,3547.0,1784.0,22.0,24.0,8.0,15.0,8.0,633.0,53.0,15:00:00,/en/matches/f6d67175/Lorient-Nice-August-20-2023-Ligue-1
FRA-Ligue 1,2324,Nice,2023-08-27 Nice-Lyon,2023-08-27,Matchweek 3,Sun,Home,D,0,0,Lyon,58,671.0,59.0,210.0,310.0,162.0,26.0,671.0,31.0,23.0,74.2,7.0,22.6,508.0,3250.0,1546.0,33.0,24.0,9.0,13.0,9.0,455.0,42.0,20:45:00,/en/matches/067a73e7/Nice-Lyon-August-27-2023-Ligue-1
FRA-Ligue 1,2324,Nice,2023-09-03 Nice-Strasbourg,2023-09-03,Matchweek 4,Sun,Home,W,2,0,Strasbourg,62,762.0,40.0,189.0,451.0,131.0,25.0,762.0,29.0,10.0,34.5,19.0,65.5,599.0,3046.0,1343.0,16.0,15.0,6.0,16.0,10.0,555.0,38.0,17:05:00,/en/matches/17e9722e/Nice-Strasbourg-September-3-2023-Ligue-1
FRA-Ligue 1,2324,Nice,2023-09-15 Paris S-G-Nice,2023-09-15,Matchweek 5,Fri,Away,W,3,2,Paris S-G,31,465.0,77.0,214.0,175.0,86.0,14.0,465.0,20.0,7.0,35.0,11.0,55.0,305.0,1745.0,711.0,9.0,7.0,5.0,19.0,7.0,252.0,19.0,21:00:00,/en/matches/f0478368/Paris-Saint-Germain-Nice-September-15-2023-Ligue-1
FRA-Ligue 1,2324,Nice,2023-09-22 Monaco-Nice,2023-09-22,Matchweek 6,Fri,Away,W,1,0,Monaco,45,581.0,65.0,202.0,288.0,98.0,18.0,581.0,20.0,8.0,40.0,11.0,55.0,438.0,2725.0,1135.0,22.0,23.0,5.0,24.0,10.0,398.0,30.0,21:00:00,/en/matches/74e4b97c/Monaco-Nice-September-22-2023-Ligue-1
FRA-Ligue 1,2324,Nice,2023-10-01 Nice-Brest,2023-10-01,Matchweek 7,Sun,Home,D,0,0,Brest,54,590.0,59.0,180.0,282.0,137.0,20.0,590.0,30.0,16.0,53.3,12.0,40.0,418.0,2823.0,1383.0,23.0,18.0,5.0,21.0,18.0,370.0,40.0,15:00:00,/en/matches/49bbb3f4/Nice-Brest-October-1-2023-Ligue-1
FRA-Ligue 1,2324,Nice,2023-10-07 Metz-Nice,2023-10-07,Matchweek 8,Sat,Away,W,1,0,Metz,68,923.0,80.0,297.0,522.0,109.0,19.0,923.0,12.0,7.0,58.3,4.0,33.3,783.0,3898.0,1534.0,19.0,17.0,3.0,18.0,12.0,735.0,50.0,17:00:00,/en/matches/a77842d5/Metz-Nice-October-7-2023-Ligue-1
FRA-Ligue 1,2324,Nice,2023-10-21 Nice-Marseille,2023-10-21,Matchweek 9,Sat,Home,W,1,0,Marseille,50,625.0,66.0,295.0,238.0,106.0,15.0,625.0,10.0,2.0,20.0,8.0,80.0,480.0,2413.0,1094.0,11.0,12.0,5.0,16.0,9.0,437.0,29.0,21:00:00,/en/matches/494deaba/Nice-Marseille-October-21-2023-Ligue-1
FRA-Ligue 1,2324,Nice,2023-10-27 Clermont Foot-Nice,2023-10-27,Matchweek 10,Fri,Away,W,1,0,Clermont Foot,55,704.0,50.0,190.0,387.0,131.0,18.0,703.0,26.0,14.0,53.8,10.0,38.5,558.0,2809.0,1202.0,20.0,11.0,2.0,27.0,9.0,501.0,41.0,21:00:00,/en/matches/1c297781/Clermont-Foot-Nice-October-27-2023-Ligue-1
FRA-Ligue 1,2324,Nice,2023-11-05 Nice-Rennes,2023-11-05,Matchweek 11,Sun,Home,W,2,0,Rennes,46,608.0,79.0,237.0,271.0,111.0,29.0,608.0,23.0,17.0,73.9,6.0,26.1,467.0,2591.0,1276.0,22.0,15.0,10.0,14.0,11.0,423.0,32.0,20:45:00,/en/matches/fad89d7b/Nice-Rennes-November-5-2023-Ligue-1
FRA-Ligue 1,2324,Nice,2023-11-10 Montpellier-Nice,2023-11-10,Matchweek 12,Fri,Away,D,0,0,Montpellier,59,702.0,59.0,172.0,381.0,155.0,27.0,702.0,9.0,6.0,66.7,3.0,33.3,548.0,3314.0,1561.0,24.0,33.0,4.0,21.0,8.0,522.0,45.0,21:00:00,/en/matches/5bdc7c32/Montpellier-Nice-November-10-2023-Ligue-1
FRA-Ligue 1,2324,Nice,2023-11-26 Nice-Toulouse,2023-11-26,Matchweek 13,Sun,Home,W,1,0,Toulouse,53,687.0,94.0,268.0,316.0,113.0,16.0,687.0,16.0,8.0,50.0,8.0,50.0,528.0,2675.0,1293.0,19.0,18.0,4.0,11.0,9.0,499.0,26.0,13:00:00,/en/matches/69ee1012/Nice-Toulouse-November-26-2023-Ligue-1
FRA-Ligue 1,2324,Nice,2023-12-02 Nantes-Nice,2023-12-02,Matchweek 14,Sat,Away,L,0,1,Nantes,62,755.0,69.0,254.0,406.0,102.0,18.0,755.0,21.0,14.0,66.7,7.0,33.3,615.0,3362.0,1555.0,16.0,21.0,1.0,18.0,10.0,584.0,36.0,21:00:00,/en/matches/b0ae3622/Nantes-Nice-December-2-2023-Ligue-1
FRA-Ligue 1,2324,Nice,2023-12-10 Nice-Reims,2023-12-10,Matchweek 15,Sun,Home,W,2,1,Reims,52,625.0,58.0,197.0,290.0,148.0,23.0,625.0,29.0,16.0,55.2,13.0,44.8,452.0,2589.0,1298.0,25.0,23.0,7.0,19.0,10.0,409.0,39.0,13:00:00,/en/matches/22646ca5/Nice-Reims-December-10-2023-Ligue-1
FRA-Ligue 1,2324,Nice,2023-12-16 Le Havre-Nice,2023-12-16,Matchweek 16,Sat,Away,L,1,3,Le Havre,62,735.0,43.0,206.0,378.0,161.0,23.0,735.0,22.0,12.0,54.5,7.0,31.8,578.0,3022.0,1253.0,18.0,21.0,3.0,15.0,12.0,546.0,40.0,17:00:00,/en/matches/8fd0b0fe/Le-Havre-Nice-December-16-2023-Ligue-1
FRA-Ligue 1,2324,Nice,2023-12-20 Nice-Lens,2023-12-20,Matchweek 17,Wed,Home,W,2,0,Lens,41,492.0,59.0,185.0,191.0,123.0,23.0,491.0,24.0,14.0,58.3,9.0,37.5,356.0,2089.0,964.0,21.0,19.0,4.0,14.0,7.0,320.0,24.0,21:00:00,/en/matches/267500aa/Nice-Lens-December-20-2023-Ligue-1
FRA-Ligue 1,2324,Nice,2024-01-13 Rennes-Nice,2024-01-13,Matchweek 18,Sat,Away,L,0,2,Rennes,56,677.0,56.0,247.0,312.0,127.0,20.0,677.0,19.0,10.0,52.6,9.0,47.4,513.0,2479.0,1136.0,9.0,18.0,2.0,10.0,11.0,478.0,37.0,21:00:00,/en/matches/6cc45497/Rennes-Nice-January-13-2024-Ligue-1
FRA-Ligue 1,2324,Nice,2024-01-27 Nice-Metz,2024-01-27,Matchweek 19,Sat,Home,W,1,0,Metz,66,738.0,52.0,177.0,380.0,187.0,27.0,737.0,16.0,9.0,56.3,7.0,43.8,566.0,3249.0,1797.0,28.0,28.0,3.0,19.0,15.0,528.0,47.0,17:00:00,/en/matches/69267ef1/Nice-Metz-January-27-2024-Ligue-1
FRA-Ligue 1,2324,Nice,2024-02-04 Brest-Nice,2024-02-04,Matchweek 20,Sun,Away,D,0,0,Brest,47,603.0,80.0,250.0,254.0,106.0,17.0,603.0,18.0,6.0,33.3,9.0,50.0,410.0,2409.0,1130.0,13.0,11.0,3.0,13.0,14.0,370.0,27.0,17:05:00,/en/matches/19dfaa21/Brest-Nice-February-4-2024-Ligue-1
FRA-Ligue 1,2324,Nice,2024-02-11 Nice-Monaco,2024-02-11,Matchweek 21,Sun,Home,L,2,3,Monaco,47,568.0,56.0,194.0,250.0,134.0,28.0,567.0,30.0,16.0,53.3,13.0,43.3,401.0,2317.0,1068.0,17.0,12.0,3.0,18.0,13.0,362.0,37.0,20:45:00,/en/matches/a2cab916/Nice-Monaco-February-11-2024-Ligue-1
FRA-Ligue 1,2324,Nice,2024-02-16 Lyon-Nice,2024-02-16,Matchweek 22,Fri,Away,L,0,1,Lyon,51,612.0,48.0,146.0,309.0,162.0,32.0,612.0,20.0,12.0,60.0,8.0,40.0,437.0,2441.0,1268.0,24.0,21.0,8.0,19.0,10.0,403.0,52.0,21:00:00,/en/matches/205468df/Lyon-Nice-February-16-2024-Ligue-1
FRA-Ligue 1,2324,Nice,2024-02-25 Nice-Clermont Foot,2024-02-25,Matchweek 23,Sun,Home,D,0,0,Clermont Foot,58,709.0,61.0,187.0,361.0,167.0,37.0,709.0,25.0,14.0,56.0,10.0,40.0,537.0,3153.0,1597.0,23.0,16.0,8.0,19.0,5.0,506.0,60.0,15:00:00,/en/matches/d4ce6789/Nice-Clermont-Foot-February-25-2024-Ligue-1
FRA-Ligue 1,2324,Nice,2024-03-03 Toulouse-Nice,2024-03-03,Matchweek 24,Sun,Away,L,1,2,Toulouse,56,681.0,103.0,296.0,289.0,100.0,17.0,681.0,19.0,7.0,36.8,8.0,42.1,498.0,3006.0,1166.0,13.0,10.0,3.0,24.0,11.0,468.0,30.0,13:00:00,/en/matches/2269add3/Toulouse-Nice-March-3-2024-Ligue-1
FRA-Ligue 1,2324,Nice,2024-03-08 Nice-Montpellier,2024-03-08,Matchweek 25,Fri,Home,L,1,2,Montpellier,65,720.0,52.0,166.0,383.0,182.0,27.0,720.0,28.0,15.0,53.6,12.0,42.9,537.0,3098.0,1618.0,30.0,22.0,4.0,13.0,9.0,503.0,43.0,21:00:00,/en/matches/d631a829/Nice-Montpellier-March-8-2024-Ligue-1
FRA-Ligue 1,2324,Nice,2024-03-16 Lens-Nice,2024-03-16,Matchweek 26,Sat,Away,W,3,1,Lens,40,531.0,127.0,312.0,162.0,65.0,13.0,530.0,23.0,6.0,26.1,15.0,65.2,339.0,1855.0,802.0,6.0,8.0,3.0,11.0,11.0,291.0,14.0,21:00:00,/en/matches/7b5edccd/Lens-Nice-March-16-2024-Ligue-1
FRA-Ligue 1,2324,Nice,2024-03-31 Nice-Nantes,2024-03-31,Matchweek 27,Sun,Home,L,1,2,Nantes,56,633.0,45.0,144.0,350.0,145.0,19.0,632.0,23.0,11.0,47.8,8.0,34.8,476.0,2972.0,1460.0,23.0,17.0,2.0,14.0,4.0,465.0,40.0,15:00:00,/en/matches/d3388c96/Nice-Nantes-March-31-2024-Ligue-1
FRA-Ligue 1,2324,Nice,2024-04-07 Reims-Nice,2024-04-07,Matchweek 28,Sun,Away,D,0,0,Reims,47,595.0,67.0,223.0,243.0,135.0,28.0,595.0,20.0,5.0,25.0,13.0,65.0,409.0,2304.0,1129.0,24.0,24.0,3.0,18.0,11.0,376.0,37.0,15:00:00,/en/matches/4c072743/Reims-Nice-April-7-2024-Ligue-1
FRA-Ligue 1,2324,Nice,2024-04-19 Nice-Lorient,2024-04-19,Matchweek 30,Fri,Home,W,3,0,Lorient,51,690.0,77.0,218.0,340.0,142.0,26.0,690.0,22.0,8.0,36.4,13.0,59.1,523.0,2904.0,1466.0,23.0,32.0,6.0,14.0,9.0,483.0,35.0,21:00:00,/en/matches/05fcaf04/Nice-Lorient-April-19-2024-Ligue-1
FRA-Ligue 1,2324,Nice,2024-04-24 Marseille-Nice,2024-04-24,Matchweek 29,Wed,Away,D,2,2,Marseille,52,614.0,52.0,179.0,297.0,142.0,19.0,614.0,20.0,8.0,40.0,11.0,55.0,452.0,3079.0,1670.0,22.0,26.0,1.0,18.0,12.0,414.0,52.0,21:00:00,/en/matches/0727529c/Marseille-Nice-April-24-2024-Ligue-1
FRA-Ligue 1,2324,Nice,2024-04-28 Strasbourg-Nice,2024-04-28,Matchweek 31,Sun,Away,W,3,1,Strasbourg,52,650.0,62.0,244.0,331.0,81.0,15.0,649.0,16.0,11.0,68.8,5.0,31.3,524.0,2502.0,1152.0,13.0,15.0,5.0,8.0,13.0,496.0,28.0,15:00:00,/en/matches/a7951b3a/Strasbourg-Nice-April-28-2024-Ligue-1
FRA-Ligue 1,2324,Nice,2024-05-10 Nice-Le Havre,2024-05-10,Matchweek 33,Fri,Home,W,1,0,Le Havre,58,649.0,73.0,236.0,310.0,111.0,21.0,649.0,23.0,9.0,39.1,14.0,60.9,511.0,2868.0,1563.0,23.0,20.0,5.0,17.0,8.0,483.0,29.0,21:00:00,/en/matches/73e73f70/Nice-Le-Havre-May-10-2024-Ligue-1
FRA-Ligue 1,2324,Nice,2024-05-15 Nice-Paris S-G,2024-05-15,Matchweek 32,Wed,Home,L,1,2,Paris S-G,37,514.0,62.0,187.0,233.0,103.0,16.0,514.0,18.0,6.0,33.3,10.0,55.6,384.0,2468.0,1116.0,11.0,9.0,2.0,10.0,9.0,354.0,28.0,21:00:00,/en/matches/25e694fc/Nice-Paris-Saint-Germain-May-15-2024-Ligue-1
FRA-Ligue 1,2324,Nice,2024-05-19 Lille-Nice,2024-05-19,Matchweek 34,Sun,Away,D,2,2,Lille,45,564.0,81.0,227.0,224.0,120.0,20.0,564.0,27.0,12.0,44.4,14.0,51.9,424.0,2547.0,1134.0,18.0,21.0,4.0,13.0,6.0,393.0,30.0,21:00:00,/en/matches/df360311/Lille-Nice-May-19-2024-Ligue-1
FRA-Ligue 1,2324,Paris S-G,2023-08-12 Paris S-G-Lorient,2023-08-12,Matchweek 1,Sat,Home,D,0,0,Lorient,78,1149.0,24.0,94.0,603.0,461.0,45.0,1149.0,16.0,9.0,56.3,3.0,18.8,1000.0,4664.0,1791.0,29.0,44.0,9.0,15.0,10.0,957.0,62.0,21:00:00,/en/matches/2e85b460/Paris-Saint-Germain-Lorient-August-12-2023-Ligue-1
FRA-Ligue 1,2324,Paris S-G,2023-08-19 Toulouse-Paris S-G,2023-08-19,Matchweek 2,Sat,Away,D,1,1,Toulouse,76,886.0,44.0,147.0,553.0,192.0,26.0,885.0,22.0,11.0,50.0,7.0,31.8,756.0,3828.0,1821.0,22.0,20.0,4.0,15.0,7.0,715.0,61.0,21:00:00,/en/matches/fad8e14d/Toulouse-Paris-Saint-Germain-August-19-2023-Ligue-1
FRA-Ligue 1,2324,Paris S-G,2023-08-26 Paris S-G-Lens,2023-08-26,Matchweek 3,Sat,Home,W,3,1,Lens,66,877.0,102.0,262.0,439.0,183.0,31.0,877.0,36.0,15.0,41.7,18.0,50.0,742.0,3725.0,1485.0,27.0,22.0,10.0,15.0,11.0,690.0,55.0,21:00:00,/en/matches/d3db871d/Paris-Saint-Germain-Lens-August-26-2023-Ligue-1
FRA-Ligue 1,2324,Paris S-G,2023-09-03 Lyon-Paris S-G,2023-09-03,Matchweek 4,Sun,Away,W,4,1,Lyon,69,961.0,84.0,249.0,513.0,208.0,39.0,960.0,25.0,13.0,52.0,12.0,48.0,812.0,4273.0,1999.0,28.0,23.0,10.0,18.0,11.0,776.0,64.0,20:45:00,/en/matches/cd3d8319/Lyon-Paris-Saint-Germain-September-3-2023-Ligue-1
FRA-Ligue 1,2324,Paris S-G,2023-09-15 Paris S-G-Nice,2023-09-15,Matchweek 5,Fri,Home,L,2,3,Nice,69,844.0,68.0,214.0,425.0,214.0,26.0,844.0,20.0,9.0,45.0,7.0,35.0,684.0,3586.0,1634.0,23.0,22.0,4.0,19.0,10.0,639.0,53.0,21:00:00,/en/matches/f0478368/Paris-Saint-Germain-Nice-September-15-2023-Ligue-1
FRA-Ligue 1,2324,Paris S-G,2023-09-24 Paris S-G-Marseille,2023-09-24,Matchweek 6,Sun,Home,W,4,0,Marseille,76,950.0,50.0,173.0,524.0,263.0,40.0,950.0,24.0,12.0,50.0,10.0,41.7,798.0,4192.0,2098.0,42.0,23.0,17.0,18.0,10.0,746.0,83.0,20:45:00,/en/matches/405fa974/Paris-Saint-Germain-Marseille-September-24-2023-Ligue-1
FRA-Ligue 1,2324,Paris S-G,2023-09-30 Clermont Foot-Paris S-G,2023-09-30,Matchweek 7,Sat,Away,D,0,0,Clermont Foot,67,724.0,50.0,138.0,325.0,270.0,32.0,724.0,30.0,15.0,50.0,14.0,46.7,577.0,3261.0,1819.0,27.0,31.0,8.0,12.0,4.0,532.0,80.0,17:00:00,/en/matches/f443185b/Clermont-Foot-Paris-Saint-Germain-September-30-2023-Ligue-1
FRA-Ligue 1,2324,Paris S-G,2023-10-08 Rennes-Paris S-G,2023-10-08,Matchweek 8,Sun,Away,W,3,1,Rennes,58,790.0,86.0,314.0,297.0,187.0,36.0,790.0,22.0,12.0,54.5,7.0,31.8,629.0,3205.0,1668.0,29.0,21.0,15.0,22.0,13.0,581.0,56.0,20:45:00,/en/matches/484e237a/Rennes-Paris-Saint-Germain-October-8-2023-Ligue-1
FRA-Ligue 1,2324,Paris S-G,2023-10-21 Paris S-G-Strasbourg,2023-10-21,Matchweek 9,Sat,Home,W,3,0,Strasbourg,76,982.0,63.0,256.0,542.0,190.0,30.0,981.0,21.0,6.0,28.6,12.0,57.1,843.0,3803.0,1705.0,16.0,11.0,6.0,19.0,6.0,798.0,70.0,17:00:00,/en/matches/28f09198/Paris-Saint-Germain-Strasbourg-October-21-2023-Ligue-1
FRA-Ligue 1,2324,Paris S-G,2023-10-29 Brest-Paris S-G,2023-10-29,Matchweek 10,Sun,Away,W,3,2,Brest,56,684.0,83.0,248.0,328.0,114.0,30.0,683.0,26.0,17.0,65.4,6.0,23.1,504.0,2537.0,1222.0,18.0,16.0,12.0,14.0,9.0,465.0,39.0,13:00:00,/en/matches/3fc4e3ce/Brest-Paris-Saint-Germain-October-29-2023-Ligue-1
FRA-Ligue 1,2324,Paris S-G,2023-11-03 Paris S-G-Montpellier,2023-11-03,Matchweek 11,Fri,Home,W,3,0,Montpellier,70,909.0,64.0,215.0,454.0,245.0,37.0,909.0,40.0,18.0,45.0,20.0,50.0,746.0,3870.0,2069.0,27.0,25.0,10.0,11.0,13.0,712.0,58.0,21:00:00,/en/matches/4f44d7fc/Paris-Saint-Germain-Montpellier-November-3-2023-Ligue-1
FRA-Ligue 1,2324,Paris S-G,2023-11-11 Reims-Paris S-G,2023-11-11,Matchweek 12,Sat,Away,W,3,0,Reims,61,748.0,114.0,287.0,320.0,145.0,26.0,748.0,22.0,12.0,54.5,9.0,40.9,586.0,3187.0,1358.0,25.0,18.0,10.0,14.0,7.0,549.0,41.0,17:00:00,/en/matches/61d9e0d0/Reims-Paris-Saint-Germain-November-11-2023-Ligue-1
FRA-Ligue 1,2324,Paris S-G,2023-11-24 Paris S-G-Monaco,2023-11-24,Matchweek 13,Fri,Home,W,5,2,Monaco,54,718.0,81.0,224.0,323.0,177.0,31.0,717.0,21.0,10.0,47.6,10.0,47.6,527.0,2143.0,1030.0,23.0,24.0,5.0,27.0,17.0,486.0,47.0,21:00:00,/en/matches/6f11a93d/Paris-Saint-Germain-Monaco-November-24-2023-Ligue-1
FRA-Ligue 1,2324,Paris S-G,2023-12-03 Le Havre-Paris S-G,2023-12-03,Matchweek 14,Sun,Away,W,2,0,Le Havre,39,550.0,130.0,298.0,199.0,61.0,13.0,550.0,21.0,10.0,47.6,11.0,52.4,394.0,2076.0,946.0,17.0,7.0,7.0,5.0,6.0,347.0,21.0,13:00:00,/en/matches/b6e6fdfe/Le-Havre-Paris-Saint-Germain-December-3-2023-Ligue-1
FRA-Ligue 1,2324,Paris S-G,2023-12-09 Paris S-G-Nantes,2023-12-09,Matchweek 15,Sat,Home,W,2,1,Nantes,65,878.0,59.0,200.0,467.0,219.0,29.0,878.0,24.0,10.0,41.7,11.0,45.8,723.0,3662.0,1884.0,34.0,22.0,14.0,12.0,7.0,691.0,84.0,21:00:00,/en/matches/2582af0c/Paris-Saint-Germain-Nantes-December-9-2023-Ligue-1
FRA-Ligue 1,2324,Paris S-G,2023-12-17 Lille-Paris S-G,2023-12-17,Matchweek 16,Sun,Away,D,1,1,Lille,59,677.0,59.0,195.0,316.0,178.0,32.0,676.0,27.0,13.0,48.1,14.0,51.9,516.0,2803.0,1343.0,23.0,22.0,13.0,15.0,11.0,477.0,46.0,20:45:00,/en/matches/204a77b5/Lille-Paris-Saint-Germain-December-17-2023-Ligue-1
FRA-Ligue 1,2324,Paris S-G,2023-12-20 Paris S-G-Metz,2023-12-20,Matchweek 17,Wed,Home,W,3,1,Metz,74,950.0,50.0,149.0,467.0,338.0,29.0,950.0,25.0,13.0,52.0,11.0,44.0,803.0,4169.0,2248.0,45.0,39.0,17.0,14.0,6.0,782.0,71.0,21:00:00,/en/matches/fb56b3c2/Paris-Saint-Germain-Metz-December-20-2023-Ligue-1
FRA-Ligue 1,2324,Paris S-G,2024-01-14 Lens-Paris S-G,2024-01-14,Matchweek 18,Sun,Away,W,2,0,Lens,65,835.0,75.0,197.0,411.0,235.0,35.0,835.0,31.0,16.0,51.6,12.0,38.7,672.0,3477.0,1748.0,41.0,18.0,14.0,22.0,4.0,634.0,57.0,20:45:00,/en/matches/0682fa55/Lens-Paris-Saint-Germain-January-14-2024-Ligue-1
FRA-Ligue 1,2324,Paris S-G,2024-01-28 Paris S-G-Brest,2024-01-28,Matchweek 19,Sun,Home,D,2,2,Brest,54,651.0,53.0,199.0,298.0,167.0,24.0,651.0,34.0,20.0,58.8,14.0,41.2,495.0,2767.0,1447.0,23.0,18.0,8.0,10.0,11.0,452.0,52.0,20:45:00,/en/matches/8e2d796d/Paris-Saint-Germain-Brest-January-28-2024-Ligue-1
FRA-Ligue 1,2324,Paris S-G,2024-02-02 Strasbourg-Paris S-G,2024-02-02,Matchweek 20,Fri,Away,W,2,1,Strasbourg,62,736.0,90.0,305.0,318.0,120.0,12.0,735.0,20.0,10.0,50.0,8.0,40.0,577.0,3285.0,1614.0,12.0,10.0,4.0,12.0,12.0,535.0,37.0,21:00:00,/en/matches/c0fbd8fa/Strasbourg-Paris-Saint-Germain-February-2-2024-Ligue-1
FRA-Ligue 1,2324,Paris S-G,2024-02-10 Paris S-G-Lille,2024-02-10,Matchweek 21,Sat,Home,W,3,1,Lille,52,618.0,66.0,236.0,257.0,133.0,27.0,618.0,23.0,11.0,47.8,10.0,43.5,470.0,2691.0,1308.0,23.0,16.0,10.0,17.0,8.0,429.0,26.0,21:00:00,/en/matches/fb49d66d/Paris-Saint-Germain-Lille-February-10-2024-Ligue-1
FRA-Ligue 1,2324,Paris S-G,2024-02-17 Nantes-Paris S-G,2024-02-17,Matchweek 22,Sat,Away,W,2,0,Nantes,77,1030.0,63.0,142.0,498.0,399.0,27.0,1029.0,27.0,9.0,33.3,17.0,63.0,870.0,3926.0,1905.0,24.0,32.0,7.0,10.0,6.0,830.0,75.0,21:00:00,/en/matches/56629c17/Nantes-Paris-Saint-Germain-February-17-2024-Ligue-1
FRA-Ligue 1,2324,Paris S-G,2024-02-25 Paris S-G-Rennes,2024-02-25,Matchweek 23,Sun,Home,D,1,1,Rennes,66,841.0,25.0,138.0,441.0,266.0,26.0,840.0,29.0,9.0,31.0,19.0,65.5,668.0,3228.0,1485.0,23.0,23.0,6.0,11.0,7.0,634.0,81.0,17:05:00,/en/matches/6b8934e3/Paris-Saint-Germain-Rennes-February-25-2024-Ligue-1
FRA-Ligue 1,2324,Paris S-G,2024-03-01 Monaco-Paris S-G,2024-03-01,Matchweek 24,Fri,Away,D,0,0,Monaco,68,781.0,81.0,296.0,304.0,187.0,21.0,781.0,28.0,19.0,67.9,9.0,32.1,601.0,3293.0,1667.0,25.0,15.0,6.0,13.0,10.0,566.0,62.0,21:00:00,/en/matches/4be6a76c/Monaco-Paris-Saint-Germain-March-1-2024-Ligue-1
FRA-Ligue 1,2324,Paris S-G,2024-03-10 Paris S-G-Reims,2024-03-10,Matchweek 25,Sun,Home,D,2,2,Reims,64,754.0,53.0,178.0,389.0,196.0,41.0,754.0,22.0,9.0,40.9,13.0,59.1,577.0,3251.0,1554.0,35.0,19.0,9.0,17.0,8.0,548.0,70.0,13:00:00,/en/matches/d1422003/Paris-Saint-Germain-Reims-March-10-2024-Ligue-1
FRA-Ligue 1,2324,Paris S-G,2024-03-17 Montpellier-Paris S-G,2024-03-17,Matchweek 26,Sun,Away,W,6,2,Montpellier,68,779.0,60.0,175.0,452.0,157.0,22.0,779.0,20.0,16.0,80.0,4.0,20.0,655.0,3396.0,1878.0,22.0,18.0,6.0,12.0,7.0,631.0,46.0,20:45:00,/en/matches/f850eea5/Montpellier-Paris-Saint-Germain-March-17-2024-Ligue-1
FRA-Ligue 1,2324,Paris S-G,2024-03-31 Marseille-Paris S-G,2024-03-31,Matchweek 27,Sun,Away,W,2,0,Marseille,53,669.0,98.0,274.0,316.0,84.0,15.0,669.0,27.0,13.0,48.1,13.0,48.1,508.0,2447.0,1225.0,10.0,13.0,3.0,8.0,12.0,470.0,27.0,20:45:00,/en/matches/4b3924f8/Marseille-Paris-Saint-Germain-March-31-2024-Ligue-1
FRA-Ligue 1,2324,Paris S-G,2024-04-06 Paris S-G-Clermont Foot,2024-04-06,Matchweek 28,Sat,Home,D,1,1,Clermont Foot,73,899.0,30.0,102.0,413.0,391.0,50.0,899.0,16.0,9.0,56.3,7.0,43.8,718.0,3642.0,1844.0,26.0,35.0,6.0,13.0,7.0,688.0,81.0,21:00:00,/en/matches/a0e24fef/Paris-Saint-Germain-Clermont-Foot-April-6-2024-Ligue-1
FRA-Ligue 1,2324,Paris S-G,2024-04-21 Paris S-G-Lyon,2024-04-21,Matchweek 30,Sun,Home,W,4,1,Lyon,63,877.0,88.0,232.0,426.0,226.0,34.0,877.0,22.0,10.0,45.5,12.0,54.5,722.0,4220.0,2179.0,24.0,33.0,10.0,13.0,4.0,700.0,44.0,21:00:00,/en/matches/33d8918a/Paris-Saint-Germain-Lyon-April-21-2024-Ligue-1
FRA-Ligue 1,2324,Paris S-G,2024-04-24 Lorient-Paris S-G,2024-04-24,Matchweek 29,Wed,Away,W,4,1,Lorient,59,835.0,86.0,235.0,467.0,139.0,22.0,835.0,19.0,10.0,52.6,9.0,47.4,670.0,3784.0,2010.0,23.0,13.0,8.0,10.0,7.0,622.0,53.0,19:00:00,/en/matches/12fd3a4c/Lorient-Paris-Saint-Germain-April-24-2024-Ligue-1
FRA-Ligue 1,2324,Paris S-G,2024-04-27 Paris S-G-Le Havre,2024-04-27,Matchweek 31,Sat,Home,D,3,3,Le Havre,77,890.0,27.0,88.0,463.0,343.0,23.0,890.0,26.0,8.0,30.8,17.0,65.4,711.0,3932.0,2113.0,28.0,32.0,6.0,10.0,5.0,681.0,75.0,21:00:00,/en/matches/c28df007/Paris-Saint-Germain-Le-Havre-April-27-2024-Ligue-1
FRA-Ligue 1,2324,Paris S-G,2024-05-12 Paris S-G-Toulouse,2024-05-12,Matchweek 33,Sun,Home,L,1,3,Toulouse,64,772.0,85.0,232.0,400.0,150.0,18.0,772.0,20.0,11.0,55.0,8.0,40.0,617.0,3539.0,1705.0,18.0,24.0,6.0,11.0,9.0,577.0,43.0,21:00:00,/en/matches/e8fcc39b/Paris-Saint-Germain-Toulouse-May-12-2024-Ligue-1
FRA-Ligue 1,2324,Paris S-G,2024-05-15 Nice-Paris S-G,2024-05-15,Matchweek 32,Wed,Away,W,2,1,Nice,63,823.0,100.0,288.0,422.0,119.0,12.0,823.0,16.0,7.0,43.8,7.0,43.8,680.0,3963.0,1347.0,17.0,23.0,2.0,4.0,6.0,659.0,24.0,21:00:00,/en/matches/25e694fc/Nice-Paris-Saint-Germain-May-15-2024-Ligue-1
FRA-Ligue 1,2324,Paris S-G,2024-05-19 Metz-Paris S-G,2024-05-19,Matchweek 34,Sun,Away,W,2,0,Metz,76,927.0,40.0,144.0,510.0,282.0,33.0,927.0,13.0,9.0,69.2,3.0,23.1,754.0,3964.0,1998.0,16.0,40.0,2.0,16.0,7.0,737.0,57.0,21:00:00,/en/matches/8dac35ed/Metz-Paris-Saint-Germain-May-19-2024-Ligue-1
FRA-Ligue 1,2324,Reims,2023-08-12 Marseille-Reims,2023-08-12,Matchweek 1,Sat,Away,L,1,2,Marseille,58,592.0,58.0,183.0,288.0,128.0,18.0,592.0,15.0,8.0,53.3,7.0,46.7,410.0,2183.0,1135.0,16.0,13.0,2.0,18.0,8.0,380.0,42.0,17:00:00,/en/matches/fdbcc9e3/Marseille-Reims-August-12-2023-Ligue-1
FRA-Ligue 1,2324,Reims,2023-08-20 Reims-Clermont Foot,2023-08-20,Matchweek 2,Sun,Home,W,2,0,Clermont Foot,46,591.0,66.0,196.0,290.0,116.0,24.0,591.0,27.0,8.0,29.6,18.0,66.7,336.0,1867.0,1073.0,22.0,17.0,3.0,19.0,8.0,346.0,32.0,15:00:00,/en/matches/4b9f0040/Reims-Clermont-Foot-August-20-2023-Ligue-1
FRA-Ligue 1,2324,Reims,2023-08-27 Montpellier-Reims,2023-08-27,Matchweek 3,Sun,Away,W,3,1,Montpellier,48,548.0,86.0,197.0,226.0,131.0,14.0,547.0,24.0,14.0,58.3,9.0,37.5,349.0,2076.0,919.0,18.0,17.0,4.0,22.0,5.0,278.0,31.0,15:00:00,/en/matches/4d6e6c68/Montpellier-Reims-August-27-2023-Ligue-1
FRA-Ligue 1,2324,Reims,2023-09-03 Metz-Reims,2023-09-03,Matchweek 4,Sun,Away,D,2,2,Metz,64,707.0,50.0,157.0,354.0,203.0,25.0,707.0,17.0,6.0,35.3,11.0,64.7,528.0,3571.0,1676.0,22.0,22.0,2.0,20.0,7.0,488.0,69.0,15:00:00,/en/matches/678bad42/Metz-Reims-September-3-2023-Ligue-1
FRA-Ligue 1,2324,Reims,2023-09-17 Reims-Brest,2023-09-17,Matchweek 5,Sun,Home,L,1,2,Brest,52,587.0,79.0,196.0,245.0,157.0,18.0,587.0,30.0,16.0,53.3,12.0,40.0,385.0,2526.0,1341.0,23.0,13.0,3.0,18.0,6.0,326.0,45.0,15:00:00,/en/matches/f12c7a9a/Reims-Brest-September-17-2023-Ligue-1
FRA-Ligue 1,2324,Reims,2023-09-26 Lille-Reims,2023-09-26,Matchweek 6,Tue,Away,W,2,1,Lille,31,433.0,83.0,216.0,177.0,48.0,11.0,433.0,9.0,5.0,55.6,4.0,44.4,274.0,1674.0,800.0,13.0,10.0,3.0,14.0,3.0,215.0,17.0,21:00:00,/en/matches/b1ae9dc3/Lille-Reims-September-26-2023-Ligue-1
FRA-Ligue 1,2324,Reims,2023-10-01 Reims-Lyon,2023-10-01,Matchweek 7,Sun,Home,W,2,0,Lyon,50,638.0,74.0,260.0,259.0,124.0,15.0,638.0,20.0,16.0,80.0,3.0,15.0,483.0,2992.0,1418.0,12.0,11.0,5.0,19.0,6.0,433.0,33.0,13:00:00,/en/matches/cfb7f6ea/Reims-Lyon-October-1-2023-Ligue-1
FRA-Ligue 1,2324,Reims,2023-10-07 Reims-Monaco,2023-10-07,Matchweek 8,Sat,Home,L,1,3,Monaco,54,601.0,55.0,156.0,286.0,166.0,23.0,600.0,30.0,15.0,50.0,12.0,40.0,404.0,2741.0,1295.0,22.0,10.0,4.0,21.0,12.0,360.0,47.0,21:00:00,/en/matches/8abe55a4/Reims-Monaco-October-7-2023-Ligue-1
FRA-Ligue 1,2324,Reims,2023-10-22 Toulouse-Reims,2023-10-22,Matchweek 9,Sun,Away,D,1,1,Toulouse,51,623.0,101.0,262.0,244.0,124.0,25.0,623.0,19.0,10.0,52.6,8.0,42.1,431.0,2095.0,946.0,12.0,12.0,4.0,14.0,7.0,374.0,32.0,15:00:00,/en/matches/f0a8c67d/Toulouse-Reims-October-22-2023-Ligue-1
FRA-Ligue 1,2324,Reims,2023-10-28 Reims-Lorient,2023-10-28,Matchweek 10,Sat,Home,W,1,0,Lorient,56,728.0,56.0,193.0,361.0,187.0,25.0,728.0,17.0,10.0,58.8,6.0,35.3,561.0,2975.0,1457.0,21.0,19.0,5.0,22.0,6.0,500.0,66.0,17:00:00,/en/matches/5c8bc6ef/Reims-Lorient-October-28-2023-Ligue-1
FRA-Ligue 1,2324,Reims,2023-11-05 Nantes-Reims,2023-11-05,Matchweek 11,Sun,Away,W,1,0,Nantes,50,604.0,97.0,226.0,303.0,82.0,17.0,604.0,15.0,10.0,66.7,4.0,26.7,429.0,2440.0,1033.0,8.0,9.0,3.0,18.0,3.0,389.0,31.0,15:00:00,/en/matches/96b3374a/Nantes-Reims-November-5-2023-Ligue-1
FRA-Ligue 1,2324,Reims,2023-11-11 Reims-Paris S-G,2023-11-11,Matchweek 12,Sat,Home,L,0,3,Paris S-G,39,500.0,63.0,151.0,168.0,186.0,39.0,500.0,27.0,12.0,44.4,14.0,51.9,338.0,2136.0,917.0,26.0,13.0,13.0,8.0,10.0,304.0,35.0,17:00:00,/en/matches/61d9e0d0/Reims-Paris-Saint-Germain-November-11-2023-Ligue-1
FRA-Ligue 1,2324,Reims,2023-11-26 Rennes-Reims,2023-11-26,Matchweek 13,Sun,Away,L,1,3,Rennes,62,688.0,33.0,146.0,349.0,196.0,30.0,688.0,17.0,7.0,41.2,8.0,47.1,494.0,2592.0,1282.0,23.0,22.0,6.0,21.0,8.0,472.0,45.0,17:05:00,/en/matches/068718ca/Rennes-Reims-November-26-2023-Ligue-1
FRA-Ligue 1,2324,Reims,2023-12-01 Reims-Strasbourg,2023-12-01,Matchweek 14,Fri,Home,W,2,1,Strasbourg,51,654.0,53.0,186.0,338.0,134.0,20.0,654.0,22.0,11.0,50.0,10.0,45.5,460.0,3079.0,1282.0,19.0,16.0,5.0,8.0,6.0,414.0,47.0,21:00:00,/en/matches/ad372452/Reims-Strasbourg-December-1-2023-Ligue-1
FRA-Ligue 1,2324,Reims,2023-12-10 Nice-Reims,2023-12-10,Matchweek 15,Sun,Away,L,1,2,Nice,48,570.0,81.0,229.0,244.0,100.0,17.0,570.0,13.0,4.0,30.8,7.0,53.8,408.0,2137.0,839.0,9.0,13.0,4.0,14.0,10.0,371.0,41.0,13:00:00,/en/matches/22646ca5/Nice-Reims-December-10-2023-Ligue-1
FRA-Ligue 1,2324,Reims,2023-12-16 Lens-Reims,2023-12-16,Matchweek 16,Sat,Away,L,0,2,Lens,54,651.0,40.0,154.0,347.0,159.0,24.0,651.0,18.0,13.0,72.2,5.0,27.8,483.0,2890.0,1499.0,29.0,19.0,4.0,15.0,12.0,421.0,52.0,21:00:00,/en/matches/331c82fc/Lens-Reims-December-16-2023-Ligue-1
FRA-Ligue 1,2324,Reims,2023-12-20 Reims-Le Havre,2023-12-20,Matchweek 17,Wed,Home,W,1,0,Le Havre,65,831.0,47.0,149.0,421.0,265.0,32.0,831.0,20.0,9.0,45.0,10.0,50.0,676.0,4168.0,1951.0,27.0,29.0,6.0,14.0,5.0,636.0,85.0,21:00:00,/en/matches/4e667758/Reims-Le-Havre-December-20-2023-Ligue-1
FRA-Ligue 1,2324,Reims,2024-01-13 Monaco-Reims,2024-01-13,Matchweek 18,Sat,Away,W,3,1,Monaco,44,571.0,78.0,230.0,227.0,123.0,19.0,571.0,26.0,18.0,69.2,7.0,26.9,376.0,2309.0,1040.0,24.0,14.0,10.0,23.0,11.0,332.0,27.0,17:00:00,/en/matches/7f2cdeb6/Monaco-Reims-January-13-2024-Ligue-1
FRA-Ligue 1,2324,Reims,2024-01-28 Reims-Nantes,2024-01-28,Matchweek 19,Sun,Home,D,0,0,Nantes,50,615.0,46.0,173.0,329.0,120.0,17.0,615.0,27.0,9.0,33.3,16.0,59.3,454.0,2864.0,1435.0,20.0,11.0,4.0,17.0,15.0,411.0,45.0,15:00:00,/en/matches/f3522f33/Reims-Nantes-January-28-2024-Ligue-1
FRA-Ligue 1,2324,Reims,2024-02-04 Reims-Toulouse,2024-02-04,Matchweek 20,Sun,Home,L,2,3,Toulouse,62,690.0,50.0,177.0,328.0,194.0,25.0,690.0,29.0,13.0,44.8,13.0,44.8,495.0,2618.0,1118.0,19.0,12.0,4.0,14.0,19.0,455.0,43.0,15:00:00,/en/matches/25718ab1/Reims-Toulouse-February-4-2024-Ligue-1
FRA-Ligue 1,2324,Reims,2024-02-11 Lorient-Reims,2024-02-11,Matchweek 21,Sun,Away,L,0,2,Lorient,61,716.0,54.0,163.0,331.0,227.0,35.0,716.0,14.0,7.0,50.0,6.0,42.9,542.0,3269.0,1576.0,26.0,23.0,5.0,9.0,8.0,506.0,68.0,15:00:00,/en/matches/99f9cba1/Lorient-Reims-February-11-2024-Ligue-1
FRA-Ligue 1,2324,Reims,2024-02-18 Reims-Lens,2024-02-18,Matchweek 22,Sun,Home,D,1,1,Lens,53,665.0,50.0,223.0,324.0,124.0,13.0,665.0,13.0,4.0,30.8,8.0,61.5,465.0,2429.0,1022.0,8.0,4.0,3.0,25.0,5.0,432.0,31.0,17:05:00,/en/matches/825ef1ef/Reims-Lens-February-18-2024-Ligue-1
FRA-Ligue 1,2324,Reims,2024-02-25 Le Havre-Reims,2024-02-25,Matchweek 23,Sun,Away,W,2,1,Le Havre,50,547.0,74.0,220.0,231.0,107.0,23.0,546.0,18.0,7.0,38.9,8.0,44.4,373.0,1907.0,941.0,9.0,8.0,5.0,14.0,8.0,341.0,35.0,15:00:00,/en/matches/f2b72da5/Le-Havre-Reims-February-25-2024-Ligue-1
FRA-Ligue 1,2324,Reims,2024-03-02 Reims-Lille,2024-03-02,Matchweek 24,Sat,Home,L,0,1,Lille,57,608.0,49.0,202.0,283.0,130.0,12.0,608.0,26.0,13.0,50.0,12.0,46.2,437.0,2760.0,1251.0,15.0,8.0,1.0,15.0,11.0,414.0,43.0,17:00:00,/en/matches/92da3973/Reims-Lille-March-2-2024-Ligue-1
FRA-Ligue 1,2324,Reims,2024-03-10 Paris S-G-Reims,2024-03-10,Matchweek 25,Sun,Away,D,2,2,Paris S-G,36,494.0,89.0,204.0,208.0,95.0,14.0,494.0,17.0,9.0,52.9,6.0,35.3,319.0,1742.0,730.0,11.0,11.0,3.0,17.0,9.0,278.0,25.0,13:00:00,/en/matches/d1422003/Paris-Saint-Germain-Reims-March-10-2024-Ligue-1
FRA-Ligue 1,2324,Reims,2024-03-17 Reims-Metz,2024-03-17,Matchweek 26,Sun,Home,W,2,1,Metz,66,602.0,58.0,150.0,288.0,170.0,27.0,602.0,16.0,7.0,43.8,8.0,50.0,440.0,2829.0,1481.0,27.0,14.0,5.0,14.0,10.0,421.0,60.0,15:00:00,/en/matches/d840de58/Reims-Metz-March-17-2024-Ligue-1
FRA-Ligue 1,2324,Reims,2024-03-30 Lyon-Reims,2024-03-30,Matchweek 27,Sat,Away,D,1,1,Lyon,35,486.0,74.0,218.0,188.0,94.0,19.0,486.0,14.0,8.0,57.1,6.0,42.9,301.0,1947.0,954.0,21.0,19.0,3.0,21.0,8.0,253.0,30.0,21:00:00,/en/matches/6b21872e/Lyon-Reims-March-30-2024-Ligue-1
FRA-Ligue 1,2324,Reims,2024-04-07 Reims-Nice,2024-04-07,Matchweek 28,Sun,Home,D,0,0,Nice,53,626.0,75.0,192.0,301.0,144.0,19.0,626.0,17.0,5.0,29.4,12.0,70.6,457.0,2414.0,1075.0,13.0,8.0,4.0,10.0,14.0,421.0,48.0,15:00:00,/en/matches/4c072743/Reims-Nice-April-7-2024-Ligue-1
FRA-Ligue 1,2324,Reims,2024-04-13 Strasbourg-Reims,2024-04-13,Matchweek 29,Sat,Away,L,1,3,Strasbourg,52,622.0,64.0,179.0,340.0,107.0,10.0,622.0,12.0,3.0,25.0,9.0,75.0,473.0,2783.0,1361.0,15.0,18.0,2.0,22.0,10.0,453.0,36.0,17:00:00,/en/matches/7b92b3c7/Strasbourg-Reims-April-13-2024-Ligue-1
FRA-Ligue 1,2324,Reims,2024-04-21 Reims-Montpellier,2024-04-21,Matchweek 30,Sun,Home,L,1,2,Montpellier,53,509.0,54.0,136.0,209.0,174.0,29.0,509.0,19.0,9.0,47.4,9.0,47.4,335.0,2431.0,1223.0,29.0,13.0,8.0,18.0,9.0,302.0,52.0,15:00:00,/en/matches/ec3fcd38/Reims-Montpellier-April-21-2024-Ligue-1
FRA-Ligue 1,2324,Reims,2024-04-28 Clermont Foot-Reims,2024-04-28,Matchweek 31,Sun,Away,L,1,4,Clermont Foot,50,547.0,55.0,153.0,262.0,139.0,17.0,547.0,19.0,10.0,52.6,9.0,47.4,372.0,2301.0,1162.0,16.0,16.0,4.0,17.0,12.0,351.0,40.0,15:00:00,/en/matches/b85a0106/Clermont-Foot-Reims-April-28-2024-Ligue-1
FRA-Ligue 1,2324,Reims,2024-05-10 Brest-Reims,2024-05-10,Matchweek 33,Fri,Away,D,1,1,Brest,40,502.0,81.0,214.0,192.0,99.0,13.0,502.0,18.0,12.0,66.7,6.0,33.3,304.0,1841.0,927.0,15.0,9.0,5.0,21.0,9.0,257.0,30.0,21:00:00,/en/matches/87d4c432/Brest-Reims-May-10-2024-Ligue-1
FRA-Ligue 1,2324,Reims,2024-05-15 Reims-Marseille,2024-05-15,Matchweek 32,Wed,Home,W,1,0,Marseille,38,478.0,79.0,202.0,187.0,98.0,21.0,478.0,18.0,13.0,72.2,5.0,27.8,307.0,2072.0,964.0,24.0,15.0,14.0,19.0,11.0,269.0,29.0,21:00:00,/en/matches/5a6454f2/Reims-Marseille-May-15-2024-Ligue-1
FRA-Ligue 1,2324,Reims,2024-05-19 Reims-Rennes,2024-05-19,Matchweek 34,Sun,Home,W,2,1,Rennes,35,476.0,83.0,217.0,203.0,62.0,10.0,475.0,17.0,8.0,47.1,9.0,52.9,300.0,1875.0,862.0,11.0,9.0,1.0,16.0,8.0,259.0,18.0,21:00:00,/en/matches/94b311ad/Reims-Rennes-May-19-2024-Ligue-1
FRA-Ligue 1,2324,Rennes,2023-08-13 Rennes-Metz,2023-08-13,Matchweek 1,Sun,Home,W,5,1,Metz,70,859.0,55.0,192.0,442.0,235.0,50.0,859.0,24.0,19.0,79.2,4.0,16.7,710.0,3938.0,1833.0,31.0,26.0,12.0,20.0,13.0,670.0,57.0,17:05:00,/en/matches/e0073aaf/Rennes-Metz-August-13-2023-Ligue-1
FRA-Ligue 1,2324,Rennes,2023-08-20 Lens-Rennes,2023-08-20,Matchweek 2,Sun,Away,D,1,1,Lens,50,642.0,82.0,253.0,279.0,118.0,18.0,641.0,12.0,5.0,41.7,6.0,50.0,487.0,2882.0,1351.0,13.0,16.0,5.0,15.0,9.0,438.0,32.0,20:45:00,/en/matches/283d8d62/Lens-Rennes-August-20-2023-Ligue-1
FRA-Ligue 1,2324,Rennes,2023-08-27 Rennes-Le Havre,2023-08-27,Matchweek 3,Sun,Home,D,2,2,Le Havre,61,843.0,59.0,246.0,369.0,235.0,44.0,843.0,33.0,18.0,54.5,14.0,42.4,680.0,3924.0,1837.0,31.0,27.0,10.0,15.0,14.0,636.0,75.0,13:00:00,/en/matches/505ba995/Rennes-Le-Havre-August-27-2023-Ligue-1
FRA-Ligue 1,2324,Rennes,2023-09-02 Brest-Rennes,2023-09-02,Matchweek 4,Sat,Away,D,0,0,Brest,52,606.0,67.0,213.0,290.0,111.0,9.0,606.0,20.0,11.0,55.0,8.0,40.0,439.0,2464.0,1299.0,13.0,15.0,1.0,19.0,6.0,391.0,30.0,17:00:00,/en/matches/38572486/Brest-Rennes-September-2-2023-Ligue-1
FRA-Ligue 1,2324,Rennes,2023-09-16 Rennes-Lille,2023-09-16,Matchweek 5,Sat,Home,D,2,2,Lille,47,623.0,70.0,248.0,274.0,109.0,11.0,623.0,25.0,15.0,60.0,9.0,36.0,477.0,2741.0,1351.0,14.0,15.0,4.0,12.0,16.0,430.0,35.0,17:00:00,/en/matches/d419c313/Rennes-Lille-September-16-2023-Ligue-1
FRA-Ligue 1,2324,Rennes,2023-09-24 Montpellier-Rennes,2023-09-24,Matchweek 6,Sun,Away,D,0,0,Montpellier,63,685.0,61.0,215.0,321.0,156.0,19.0,685.0,21.0,13.0,61.9,7.0,33.3,507.0,2588.0,1079.0,11.0,17.0,1.0,18.0,10.0,450.0,56.0,17:05:00,/en/matches/fd6b554c/Montpellier-Rennes-September-24-2023-Ligue-1
FRA-Ligue 1,2324,Rennes,2023-10-01 Rennes-Nantes,2023-10-01,Matchweek 7,Sun,Home,W,3,1,Nantes,58,630.0,34.0,155.0,309.0,170.0,27.0,628.0,14.0,2.0,14.3,9.0,64.3,481.0,2296.0,1150.0,14.0,10.0,4.0,13.0,11.0,456.0,51.0,20:45:00,/en/matches/94204a39/Rennes-Nantes-October-1-2023-Ligue-1
FRA-Ligue 1,2324,Rennes,2023-10-08 Rennes-Paris S-G,2023-10-08,Matchweek 8,Sun,Home,L,1,3,Paris S-G,42,610.0,78.0,191.0,245.0,182.0,19.0,610.0,27.0,10.0,37.0,13.0,48.1,436.0,2398.0,1033.0,16.0,23.0,4.0,14.0,10.0,389.0,40.0,20:45:00,/en/matches/484e237a/Rennes-Paris-Saint-Germain-October-8-2023-Ligue-1
FRA-Ligue 1,2324,Rennes,2023-10-22 Lorient-Rennes,2023-10-22,Matchweek 9,Sun,Away,L,1,2,Lorient,69,838.0,40.0,140.0,382.0,322.0,33.0,838.0,22.0,8.0,36.4,12.0,54.5,660.0,3950.0,2164.0,23.0,30.0,5.0,17.0,17.0,607.0,77.0,13:00:00,/en/matches/08e896d5/Lorient-Rennes-October-22-2023-Ligue-1
FRA-Ligue 1,2324,Rennes,2023-10-29 Rennes-Strasbourg,2023-10-29,Matchweek 10,Sun,Home,D,1,1,Strasbourg,61,652.0,60.0,231.0,288.0,139.0,30.0,652.0,17.0,6.0,35.3,8.0,47.1,469.0,2743.0,1336.0,7.0,9.0,4.0,14.0,11.0,442.0,54.0,17:05:00,/en/matches/b35db4c8/Rennes-Strasbourg-October-29-2023-Ligue-1
FRA-Ligue 1,2324,Rennes,2023-11-05 Nice-Rennes,2023-11-05,Matchweek 11,Sun,Away,L,0,2,Nice,54,672.0,73.0,186.0,319.0,172.0,19.0,672.0,23.0,9.0,39.1,13.0,56.5,515.0,2918.0,1454.0,21.0,22.0,4.0,8.0,7.0,483.0,51.0,20:45:00,/en/matches/fad89d7b/Nice-Rennes-November-5-2023-Ligue-1
FRA-Ligue 1,2324,Rennes,2023-11-12 Rennes-Lyon,2023-11-12,Matchweek 12,Sun,Home,L,0,1,Lyon,42,542.0,86.0,217.0,237.0,92.0,10.0,542.0,14.0,8.0,57.1,6.0,42.9,363.0,2029.0,878.0,7.0,10.0,0.0,15.0,8.0,329.0,22.0,17:05:00,/en/matches/16251ab0/Rennes-Lyon-November-12-2023-Ligue-1
FRA-Ligue 1,2324,Rennes,2023-11-26 Rennes-Reims,2023-11-26,Matchweek 13,Sun,Home,W,3,1,Reims,38,468.0,64.0,174.0,194.0,106.0,10.0,468.0,12.0,6.0,50.0,5.0,41.7,291.0,1719.0,707.0,8.0,13.0,0.0,17.0,9.0,258.0,27.0,17:05:00,/en/matches/068718ca/Rennes-Reims-November-26-2023-Ligue-1
FRA-Ligue 1,2324,Rennes,2023-12-03 Marseille-Rennes,2023-12-03,Matchweek 14,Sun,Away,L,0,2,Marseille,57,667.0,50.0,162.0,304.0,205.0,19.0,667.0,17.0,11.0,64.7,6.0,35.3,520.0,2987.0,1439.0,24.0,26.0,3.0,15.0,7.0,484.0,58.0,20:45:00,/en/matches/caadf3f7/Marseille-Rennes-December-3-2023-Ligue-1
FRA-Ligue 1,2324,Rennes,2023-12-09 Rennes-Monaco,2023-12-09,Matchweek 15,Sat,Home,L,1,2,Monaco,47,494.0,69.0,167.0,223.0,110.0,20.0,493.0,19.0,13.0,68.4,4.0,21.1,355.0,2206.0,1030.0,21.0,15.0,3.0,11.0,5.0,304.0,30.0,17:00:00,/en/matches/fdd2c923/Rennes-Monaco-December-9-2023-Ligue-1
FRA-Ligue 1,2324,Rennes,2023-12-17 Toulouse-Rennes,2023-12-17,Matchweek 16,Sun,Away,D,0,0,Toulouse,51,633.0,73.0,176.0,312.0,153.0,29.0,633.0,22.0,12.0,54.5,5.0,22.7,437.0,2709.0,1491.0,20.0,17.0,4.0,17.0,8.0,388.0,46.0,15:00:00,/en/matches/8197fd69/Toulouse-Rennes-December-17-2023-Ligue-1
FRA-Ligue 1,2324,Rennes,2023-12-20 Clermont Foot-Rennes,2023-12-20,Matchweek 17,Wed,Away,W,3,1,Clermont Foot,56,636.0,55.0,198.0,269.0,176.0,39.0,635.0,17.0,9.0,52.9,7.0,41.2,451.0,2595.0,1300.0,20.0,12.0,11.0,21.0,6.0,409.0,64.0,21:00:00,/en/matches/16bc4ea4/Clermont-Foot-Rennes-December-20-2023-Ligue-1
FRA-Ligue 1,2324,Rennes,2024-01-13 Rennes-Nice,2024-01-13,Matchweek 18,Sat,Home,W,2,0,Nice,44,554.0,58.0,189.0,236.0,133.0,22.0,553.0,20.0,7.0,35.0,12.0,60.0,396.0,2036.0,865.0,10.0,15.0,2.0,9.0,7.0,361.0,31.0,21:00:00,/en/matches/6cc45497/Rennes-Nice-January-13-2024-Ligue-1
FRA-Ligue 1,2324,Rennes,2024-01-26 Lyon-Rennes,2024-01-26,Matchweek 19,Fri,Away,W,3,2,Lyon,36,502.0,62.0,177.0,241.0,92.0,13.0,502.0,13.0,4.0,30.8,9.0,69.2,340.0,1930.0,842.0,8.0,9.0,3.0,18.0,5.0,298.0,32.0,21:00:00,/en/matches/952686b7/Lyon-Rennes-January-26-2024-Ligue-1
FRA-Ligue 1,2324,Rennes,2024-02-03 Rennes-Montpellier,2024-02-03,Matchweek 20,Sat,Home,W,2,1,Montpellier,48,554.0,76.0,201.0,246.0,116.0,19.0,553.0,20.0,10.0,50.0,9.0,45.0,375.0,2466.0,935.0,14.0,15.0,1.0,24.0,8.0,334.0,48.0,17:00:00,/en/matches/f3ce3488/Rennes-Montpellier-February-3-2024-Ligue-1
FRA-Ligue 1,2324,Rennes,2024-02-11 Le Havre-Rennes,2024-02-11,Matchweek 21,Sun,Away,W,1,0,Le Havre,51,647.0,89.0,209.0,321.0,126.0,18.0,647.0,14.0,8.0,57.1,5.0,35.7,468.0,2740.0,1268.0,18.0,17.0,2.0,13.0,10.0,423.0,42.0,13:00:00,/en/matches/4472d29d/Le-Havre-Rennes-February-11-2024-Ligue-1
FRA-Ligue 1,2324,Rennes,2024-02-18 Rennes-Clermont Foot,2024-02-18,Matchweek 22,Sun,Home,W,3,1,Clermont Foot,53,685.0,65.0,211.0,317.0,163.0,27.0,684.0,22.0,11.0,50.0,11.0,50.0,537.0,3426.0,1596.0,25.0,20.0,6.0,10.0,8.0,501.0,52.0,15:00:00,/en/matches/93f25522/Rennes-Clermont-Foot-February-18-2024-Ligue-1
FRA-Ligue 1,2324,Rennes,2024-02-25 Paris S-G-Rennes,2024-02-25,Matchweek 23,Sun,Away,D,1,1,Paris S-G,34,504.0,83.0,215.0,222.0,70.0,6.0,504.0,24.0,15.0,62.5,8.0,33.3,316.0,1910.0,853.0,9.0,9.0,3.0,12.0,12.0,285.0,24.0,17:05:00,/en/matches/6b8934e3/Paris-Saint-Germain-Rennes-February-25-2024-Ligue-1
FRA-Ligue 1,2324,Rennes,2024-03-03 Rennes-Lorient,2024-03-03,Matchweek 24,Sun,Home,L,1,2,Lorient,56,660.0,37.0,116.0,307.0,249.0,37.0,660.0,21.0,12.0,57.1,9.0,42.9,471.0,3423.0,1924.0,37.0,28.0,10.0,13.0,7.0,459.0,74.0,17:05:00,/en/matches/a3ae2f49/Rennes-Lorient-March-3-2024-Ligue-1
FRA-Ligue 1,2324,Rennes,2024-03-10 Lille-Rennes,2024-03-10,Matchweek 25,Sun,Away,D,2,2,Lille,40,475.0,78.0,193.0,206.0,89.0,9.0,475.0,12.0,7.0,58.3,5.0,41.7,326.0,2034.0,981.0,11.0,16.0,2.0,8.0,2.0,296.0,29.0,17:05:00,/en/matches/67041fa5/Lille-Rennes-March-10-2024-Ligue-1
FRA-Ligue 1,2324,Rennes,2024-03-17 Rennes-Marseille,2024-03-17,Matchweek 26,Sun,Home,W,2,0,Marseille,43,528.0,68.0,183.0,234.0,117.0,12.0,527.0,15.0,5.0,33.3,8.0,53.3,363.0,2414.0,1161.0,16.0,20.0,3.0,11.0,14.0,331.0,31.0,17:05:00,/en/matches/8cc36332/Rennes-Marseille-March-17-2024-Ligue-1
FRA-Ligue 1,2324,Rennes,2024-03-31 Strasbourg-Rennes,2024-03-31,Matchweek 27,Sun,Away,L,0,2,Strasbourg,59,623.0,50.0,133.0,304.0,191.0,28.0,623.0,19.0,6.0,31.6,11.0,57.9,469.0,2944.0,1617.0,23.0,35.0,5.0,13.0,12.0,437.0,55.0,17:05:00,/en/matches/789f3720/Strasbourg-Rennes-March-31-2024-Ligue-1
FRA-Ligue 1,2324,Rennes,2024-04-07 Monaco-Rennes,2024-04-07,Matchweek 28,Sun,Away,L,0,1,Monaco,48,560.0,84.0,194.0,217.0,157.0,23.0,560.0,19.0,8.0,42.1,7.0,36.8,383.0,2181.0,1010.0,17.0,18.0,2.0,22.0,6.0,345.0,52.0,17:05:00,/en/matches/c0e30df7/Monaco-Rennes-April-7-2024-Ligue-1
FRA-Ligue 1,2324,Rennes,2024-04-13 Rennes-Toulouse,2024-04-13,Matchweek 29,Sat,Home,L,1,2,Toulouse,55,622.0,45.0,140.0,303.0,185.0,28.0,622.0,33.0,20.0,60.6,8.0,24.2,447.0,3137.0,1685.0,33.0,26.0,8.0,24.0,12.0,425.0,58.0,21:00:00,/en/matches/6eba535c/Rennes-Toulouse-April-13-2024-Ligue-1
FRA-Ligue 1,2324,Rennes,2024-04-20 Nantes-Rennes,2024-04-20,Matchweek 30,Sat,Away,W,3,0,Nantes,55,602.0,40.0,131.0,311.0,166.0,22.0,601.0,31.0,17.0,54.8,11.0,35.5,438.0,2684.0,1288.0,19.0,18.0,4.0,10.0,12.0,409.0,52.0,17:00:00,/en/matches/69006962/Nantes-Rennes-April-20-2024-Ligue-1
FRA-Ligue 1,2324,Rennes,2024-04-28 Rennes-Brest,2024-04-28,Matchweek 31,Sun,Home,L,4,5,Brest,47,533.0,49.0,137.0,211.0,191.0,29.0,533.0,26.0,17.0,65.4,9.0,34.6,342.0,2400.0,1078.0,21.0,19.0,6.0,11.0,15.0,325.0,55.0,17:05:00,/en/matches/1865787f/Rennes-Brest-April-28-2024-Ligue-1
FRA-Ligue 1,2324,Rennes,2024-05-04 Metz-Rennes,2024-05-04,Matchweek 32,Sat,Away,W,3,2,Metz,64,706.0,31.0,134.0,375.0,204.0,37.0,705.0,16.0,6.0,37.5,10.0,62.5,523.0,2739.0,1353.0,11.0,20.0,4.0,10.0,9.0,493.0,58.0,19:00:00,/en/matches/a299adab/Metz-Rennes-May-4-2024-Ligue-1
FRA-Ligue 1,2324,Rennes,2024-05-12 Rennes-Lens,2024-05-12,Matchweek 33,Sun,Home,D,1,1,Lens,57,707.0,60.0,173.0,369.0,171.0,29.0,707.0,15.0,5.0,33.3,10.0,66.7,515.0,3048.0,1352.0,13.0,24.0,3.0,16.0,13.0,494.0,40.0,21:00:00,/en/matches/c55b179e/Rennes-Lens-May-12-2024-Ligue-1
FRA-Ligue 1,2324,Rennes,2024-05-19 Reims-Rennes,2024-05-19,Matchweek 34,Sun,Away,L,1,2,Reims,65,738.0,39.0,152.0,384.0,215.0,29.0,738.0,30.0,18.0,60.0,11.0,36.7,580.0,3753.0,1783.0,27.0,22.0,5.0,15.0,15.0,544.0,87.0,21:00:00,/en/matches/94b311ad/Reims-Rennes-May-19-2024-Ligue-1
FRA-Ligue 1,2324,Strasbourg,2023-08-13 Strasbourg-Lyon,2023-08-13,Matchweek 1,Sun,Home,W,2,1,Lyon,36,457.0,82.0,193.0,173.0,94.0,14.0,457.0,22.0,14.0,63.6,7.0,31.8,294.0,1811.0,702.0,11.0,6.0,4.0,14.0,9.0,250.0,24.0,20:45:00,/en/matches/9f7c605e/Strasbourg-Lyon-August-13-2023-Ligue-1
FRA-Ligue 1,2324,Strasbourg,2023-08-20 Monaco-Strasbourg,2023-08-20,Matchweek 2,Sun,Away,L,0,3,Monaco,44,571.0,68.0,216.0,266.0,98.0,6.0,571.0,30.0,18.0,60.0,10.0,33.3,413.0,2505.0,845.0,12.0,14.0,2.0,13.0,12.0,372.0,38.0,19:00:00,/en/matches/f06d0bce/Monaco-Strasbourg-August-20-2023-Ligue-1
FRA-Ligue 1,2324,Strasbourg,2023-08-27 Strasbourg-Toulouse,2023-08-27,Matchweek 3,Sun,Home,W,2,0,Toulouse,39,510.0,63.0,204.0,232.0,85.0,14.0,510.0,20.0,9.0,45.0,9.0,45.0,361.0,2114.0,881.0,17.0,6.0,5.0,14.0,11.0,314.0,22.0,15:00:00,/en/matches/0b508695/Strasbourg-Toulouse-August-27-2023-Ligue-1
FRA-Ligue 1,2324,Strasbourg,2023-09-03 Nice-Strasbourg,2023-09-03,Matchweek 4,Sun,Away,L,0,2,Nice,38,520.0,89.0,224.0,238.0,65.0,4.0,520.0,11.0,3.0,27.3,8.0,72.7,353.0,1955.0,733.0,8.0,15.0,1.0,18.0,14.0,309.0,25.0,17:05:00,/en/matches/17e9722e/Nice-Strasbourg-September-3-2023-Ligue-1
FRA-Ligue 1,2324,Strasbourg,2023-09-17 Strasbourg-Montpellier,2023-09-17,Matchweek 5,Sun,Home,D,2,2,Montpellier,44,563.0,59.0,161.0,284.0,123.0,28.0,563.0,27.0,16.0,59.3,10.0,37.0,389.0,2493.0,1025.0,17.0,19.0,4.0,23.0,10.0,350.0,43.0,15:00:00,/en/matches/b04003c3/Strasbourg-Montpellier-September-17-2023-Ligue-1
FRA-Ligue 1,2324,Strasbourg,2023-09-24 Metz-Strasbourg,2023-09-24,Matchweek 6,Sun,Away,W,1,0,Metz,48,566.0,66.0,188.0,286.0,101.0,9.0,566.0,18.0,10.0,55.6,8.0,44.4,417.0,2404.0,1348.0,16.0,17.0,2.0,17.0,15.0,395.0,33.0,13:00:00,/en/matches/a5037d9e/Metz-Strasbourg-September-24-2023-Ligue-1
FRA-Ligue 1,2324,Strasbourg,2023-09-29 Strasbourg-Lens,2023-09-29,Matchweek 7,Fri,Home,L,0,1,Lens,48,604.0,43.0,196.0,328.0,88.0,7.0,604.0,13.0,3.0,23.1,8.0,61.5,471.0,3014.0,1263.0,16.0,23.0,0.0,10.0,8.0,431.0,37.0,21:00:00,/en/matches/0730708e/Strasbourg-Lens-September-29-2023-Ligue-1
FRA-Ligue 1,2324,Strasbourg,2023-10-06 Strasbourg-Nantes,2023-10-06,Matchweek 8,Fri,Home,L,1,2,Nantes,43,547.0,61.0,161.0,256.0,132.0,17.0,547.0,12.0,4.0,33.3,8.0,66.7,371.0,2278.0,1037.0,14.0,8.0,2.0,22.0,5.0,340.0,42.0,21:00:00,/en/matches/ac3cd65a/Strasbourg-Nantes-October-6-2023-Ligue-1
FRA-Ligue 1,2324,Strasbourg,2023-10-21 Paris S-G-Strasbourg,2023-10-21,Matchweek 9,Sat,Away,L,0,3,Paris S-G,24,367.0,51.0,141.0,129.0,100.0,12.0,367.0,23.0,11.0,47.8,9.0,39.1,232.0,1389.0,562.0,12.0,10.0,1.0,15.0,14.0,185.0,17.0,17:00:00,/en/matches/28f09198/Paris-Saint-Germain-Strasbourg-October-21-2023-Ligue-1
FRA-Ligue 1,2324,Strasbourg,2023-10-29 Rennes-Strasbourg,2023-10-29,Matchweek 10,Sun,Away,D,1,1,Rennes,39,473.0,72.0,161.0,194.0,123.0,21.0,473.0,10.0,2.0,20.0,4.0,40.0,300.0,1827.0,830.0,15.0,11.0,3.0,17.0,11.0,259.0,20.0,17:05:00,/en/matches/b35db4c8/Rennes-Strasbourg-October-29-2023-Ligue-1
FRA-Ligue 1,2324,Strasbourg,2023-11-05 Strasbourg-Clermont Foot,2023-11-05,Matchweek 11,Sun,Home,D,0,0,Clermont Foot,39,530.0,72.0,190.0,226.0,123.0,22.0,530.0,21.0,13.0,61.9,8.0,38.1,371.0,2543.0,1289.0,30.0,24.0,5.0,7.0,9.0,326.0,31.0,15:00:00,/en/matches/957c6924/Strasbourg-Clermont-Foot-November-5-2023-Ligue-1
FRA-Ligue 1,2324,Strasbourg,2023-11-25 Strasbourg-Marseille,2023-11-25,Matchweek 13,Sat,Home,D,1,1,Marseille,40,505.0,89.0,216.0,180.0,117.0,22.0,505.0,24.0,12.0,50.0,8.0,33.3,316.0,2196.0,1154.0,35.0,24.0,8.0,17.0,7.0,280.0,33.0,21:00:00,/en/matches/3d1a3c81/Strasbourg-Marseille-November-25-2023-Ligue-1
FRA-Ligue 1,2324,Strasbourg,2023-12-01 Reims-Strasbourg,2023-12-01,Matchweek 14,Fri,Away,L,1,2,Reims,49,625.0,76.0,230.0,250.0,152.0,19.0,624.0,18.0,8.0,44.4,10.0,55.6,446.0,2256.0,956.0,12.0,13.0,2.0,15.0,12.0,411.0,39.0,21:00:00,/en/matches/ad372452/Reims-Strasbourg-December-1-2023-Ligue-1
FRA-Ligue 1,2324,Strasbourg,2023-12-07 Brest-Strasbourg,2023-12-07,Matchweek 12,Thu,Away,D,1,1,Brest,39,506.0,78.0,203.0,221.0,89.0,22.0,506.0,20.0,11.0,55.0,5.0,25.0,341.0,2317.0,1201.0,14.0,11.0,3.0,19.0,7.0,298.0,30.0,20:30:00,/en/matches/52a1fcfd/Brest-Strasbourg-December-7-2023-Ligue-1
FRA-Ligue 1,2324,Strasbourg,2023-12-10 Strasbourg-Le Havre,2023-12-10,Matchweek 15,Sun,Home,W,2,1,Le Havre,44,537.0,72.0,219.0,203.0,124.0,19.0,537.0,17.0,7.0,41.2,9.0,52.9,346.0,2486.0,1001.0,13.0,10.0,3.0,11.0,10.0,307.0,28.0,15:00:00,/en/matches/d15b44c5/Strasbourg-Le-Havre-December-10-2023-Ligue-1
FRA-Ligue 1,2324,Strasbourg,2023-12-17 Lorient-Strasbourg,2023-12-17,Matchweek 16,Sun,Away,W,2,1,Lorient,48,603.0,91.0,239.0,288.0,84.0,16.0,603.0,19.0,14.0,73.7,3.0,15.8,425.0,2422.0,1149.0,19.0,6.0,4.0,24.0,10.0,381.0,25.0,15:00:00,/en/matches/f3cfe34d/Lorient-Strasbourg-December-17-2023-Ligue-1
FRA-Ligue 1,2324,Strasbourg,2023-12-20 Strasbourg-Lille,2023-12-20,Matchweek 17,Wed,Home,W,2,1,Lille,32,399.0,53.0,158.0,166.0,80.0,12.0,399.0,20.0,6.0,30.0,12.0,60.0,239.0,1437.0,542.0,9.0,9.0,2.0,5.0,16.0,209.0,28.0,21:00:00,/en/matches/df32fbe8/Strasbourg-Lille-December-20-2023-Ligue-1
FRA-Ligue 1,2324,Strasbourg,2024-01-12 Marseille-Strasbourg,2024-01-12,Matchweek 18,Fri,Away,D,1,1,Marseille,53,620.0,74.0,190.0,299.0,146.0,29.0,620.0,11.0,6.0,54.5,3.0,27.3,460.0,2606.0,1454.0,24.0,26.0,5.0,19.0,9.0,423.0,37.0,21:00:00,/en/matches/2a8b7749/Marseille-Strasbourg-January-12-2024-Ligue-1
FRA-Ligue 1,2324,Strasbourg,2024-01-28 Clermont Foot-Strasbourg,2024-01-28,Matchweek 19,Sun,Away,D,1,1,Clermont Foot,47,593.0,69.0,232.0,263.0,105.0,12.0,593.0,15.0,9.0,60.0,6.0,40.0,403.0,2108.0,1194.0,10.0,10.0,1.0,18.0,9.0,369.0,31.0,15:00:00,/en/matches/21b6f226/Clermont-Foot-Strasbourg-January-28-2024-Ligue-1
FRA-Ligue 1,2324,Strasbourg,2024-02-02 Strasbourg-Paris S-G,2024-02-02,Matchweek 20,Fri,Home,L,1,2,Paris S-G,38,508.0,51.0,146.0,215.0,154.0,29.0,508.0,20.0,10.0,50.0,8.0,40.0,335.0,2245.0,1069.0,18.0,25.0,8.0,15.0,5.0,293.0,38.0,21:00:00,/en/matches/c0fbd8fa/Strasbourg-Paris-Saint-Germain-February-2-2024-Ligue-1
FRA-Ligue 1,2324,Strasbourg,2024-02-10 Lens-Strasbourg,2024-02-10,Matchweek 21,Sat,Away,L,1,3,Lens,50,610.0,59.0,185.0,298.0,138.0,23.0,610.0,16.0,8.0,50.0,8.0,50.0,445.0,2513.0,1180.0,16.0,17.0,1.0,14.0,10.0,406.0,46.0,17:00:00,/en/matches/9635699e/Lens-Strasbourg-February-10-2024-Ligue-1
FRA-Ligue 1,2324,Strasbourg,2024-02-18 Strasbourg-Lorient,2024-02-18,Matchweek 22,Sun,Home,L,1,3,Lorient,62,779.0,42.0,120.0,424.0,242.0,30.0,779.0,18.0,10.0,55.6,8.0,44.4,596.0,3720.0,1721.0,28.0,27.0,3.0,13.0,8.0,551.0,67.0,13:00:00,/en/matches/ec531c24/Strasbourg-Lorient-February-18-2024-Ligue-1
FRA-Ligue 1,2324,Strasbourg,2024-02-24 Strasbourg-Brest,2024-02-24,Matchweek 23,Sat,Home,L,0,3,Brest,48,575.0,67.0,204.0,279.0,102.0,7.0,575.0,26.0,15.0,57.7,11.0,42.3,422.0,2541.0,1259.0,12.0,6.0,1.0,11.0,13.0,382.0,40.0,21:00:00,/en/matches/9c2847ab/Strasbourg-Brest-February-24-2024-Ligue-1
FRA-Ligue 1,2324,Strasbourg,2024-03-03 Montpellier-Strasbourg,2024-03-03,Matchweek 24,Sun,Away,D,2,2,Montpellier,40,528.0,103.0,219.0,211.0,104.0,21.0,527.0,18.0,8.0,44.4,8.0,44.4,326.0,2243.0,1095.0,22.0,14.0,8.0,11.0,3.0,276.0,30.0,15:00:00,/en/matches/e020afbf/Montpellier-Strasbourg-March-3-2024-Ligue-1
FRA-Ligue 1,2324,Strasbourg,2024-03-10 Strasbourg-Monaco,2024-03-10,Matchweek 25,Sun,Home,L,0,1,Monaco,34,432.0,81.0,189.0,159.0,91.0,14.0,432.0,12.0,4.0,33.3,7.0,58.3,234.0,1459.0,622.0,14.0,7.0,3.0,12.0,3.0,208.0,22.0,15:00:00,/en/matches/9a8c884c/Strasbourg-Monaco-March-10-2024-Ligue-1
FRA-Ligue 1,2324,Strasbourg,2024-03-16 Nantes-Strasbourg,2024-03-16,Matchweek 26,Sat,Away,W,3,1,Nantes,37,427.0,79.0,205.0,150.0,80.0,13.0,427.0,17.0,11.0,64.7,5.0,29.4,247.0,1474.0,816.0,12.0,11.0,4.0,11.0,4.0,216.0,20.0,17:00:00,/en/matches/9e18cf79/Nantes-Strasbourg-March-16-2024-Ligue-1
FRA-Ligue 1,2324,Strasbourg,2024-03-31 Strasbourg-Rennes,2024-03-31,Matchweek 27,Sun,Home,W,2,0,Rennes,41,475.0,86.0,268.0,142.0,76.0,24.0,475.0,24.0,9.0,37.5,14.0,58.3,315.0,2116.0,1093.0,14.0,14.0,5.0,13.0,7.0,280.0,24.0,17:05:00,/en/matches/789f3720/Strasbourg-Rennes-March-31-2024-Ligue-1
FRA-Ligue 1,2324,Strasbourg,2024-04-07 Toulouse-Strasbourg,2024-04-07,Matchweek 28,Sun,Away,D,0,0,Toulouse,52,662.0,81.0,282.0,279.0,112.0,5.0,662.0,21.0,12.0,57.1,8.0,38.1,510.0,3196.0,1264.0,20.0,22.0,1.0,14.0,11.0,478.0,23.0,15:00:00,/en/matches/919e3eb7/Toulouse-Strasbourg-April-7-2024-Ligue-1
FRA-Ligue 1,2324,Strasbourg,2024-04-13 Strasbourg-Reims,2024-04-13,Matchweek 29,Sat,Home,W,3,1,Reims,48,572.0,37.0,137.0,317.0,127.0,19.0,571.0,28.0,18.0,64.3,9.0,32.1,438.0,2354.0,928.0,9.0,11.0,3.0,5.0,6.0,408.0,45.0,17:00:00,/en/matches/7b92b3c7/Strasbourg-Reims-April-13-2024-Ligue-1
FRA-Ligue 1,2324,Strasbourg,2024-04-21 Lille-Strasbourg,2024-04-21,Matchweek 30,Sun,Away,L,0,1,Lille,47,560.0,69.0,250.0,232.0,81.0,11.0,560.0,15.0,7.0,46.7,7.0,46.7,411.0,2306.0,1043.0,16.0,8.0,1.0,11.0,7.0,381.0,28.0,15:00:00,/en/matches/9511f4ab/Lille-Strasbourg-April-21-2024-Ligue-1
FRA-Ligue 1,2324,Strasbourg,2024-04-28 Strasbourg-Nice,2024-04-28,Matchweek 31,Sun,Home,L,1,3,Nice,48,601.0,66.0,210.0,283.0,116.0,16.0,601.0,24.0,7.0,29.2,15.0,62.5,472.0,2586.0,1117.0,15.0,16.0,4.0,8.0,3.0,438.0,31.0,15:00:00,/en/matches/a7951b3a/Strasbourg-Nice-April-28-2024-Ligue-1
FRA-Ligue 1,2324,Strasbourg,2024-05-04 Le Havre-Strasbourg,2024-05-04,Matchweek 32,Sat,Away,L,1,3,Le Havre,61,709.0,42.0,157.0,405.0,151.0,14.0,709.0,18.0,5.0,27.8,12.0,66.7,523.0,2891.0,1561.0,16.0,27.0,2.0,23.0,12.0,507.0,51.0,15:00:00,/en/matches/024a71c6/Le-Havre-Strasbourg-May-4-2024-Ligue-1
FRA-Ligue 1,2324,Strasbourg,2024-05-12 Strasbourg-Metz,2024-05-12,Matchweek 33,Sun,Home,W,2,1,Metz,70,795.0,46.0,168.0,461.0,172.0,20.0,795.0,16.0,10.0,62.5,6.0,37.5,626.0,4040.0,1878.0,17.0,33.0,4.0,15.0,15.0,607.0,58.0,21:00:00,/en/matches/2301c78f/Strasbourg-Metz-May-12-2024-Ligue-1
FRA-Ligue 1,2324,Strasbourg,2024-05-19 Lyon-Strasbourg,2024-05-19,Matchweek 34,Sun,Away,L,1,2,Lyon,37,468.0,78.0,187.0,188.0,99.0,8.0,467.0,15.0,8.0,53.3,6.0,40.0,306.0,1898.0,941.0,15.0,14.0,3.0,15.0,8.0,274.0,36.0,21:00:00,/en/matches/9576a537/Lyon-Strasbourg-May-19-2024-Ligue-1
FRA-Ligue 1,2324,Toulouse,2023-08-13 Nantes-Toulouse,2023-08-13,Matchweek 1,Sun,Away,W,2,1,Nantes,56,704.0,48.0,138.0,421.0,148.0,14.0,704.0,9.0,5.0,55.6,3.0,33.3,535.0,2311.0,1048.0,9.0,13.0,1.0,18.0,7.0,513.0,37.0,15:00:00,/en/matches/1e12937d/Nantes-Toulouse-August-13-2023-Ligue-1
FRA-Ligue 1,2324,Toulouse,2023-08-19 Toulouse-Paris S-G,2023-08-19,Matchweek 2,Sat,Home,D,1,1,Paris S-G,24,365.0,64.0,175.0,128.0,70.0,11.0,364.0,15.0,5.0,33.3,9.0,60.0,222.0,1218.0,530.0,12.0,9.0,2.0,20.0,5.0,182.0,20.0,21:00:00,/en/matches/fad8e14d/Toulouse-Paris-Saint-Germain-August-19-2023-Ligue-1
FRA-Ligue 1,2324,Toulouse,2023-08-27 Strasbourg-Toulouse,2023-08-27,Matchweek 3,Sun,Away,L,0,2,Strasbourg,61,712.0,51.0,184.0,418.0,116.0,13.0,712.0,21.0,12.0,57.1,9.0,42.9,529.0,2892.0,1331.0,12.0,11.0,2.0,19.0,7.0,497.0,59.0,15:00:00,/en/matches/0b508695/Strasbourg-Toulouse-August-27-2023-Ligue-1
FRA-Ligue 1,2324,Toulouse,2023-09-03 Toulouse-Clermont Foot,2023-09-03,Matchweek 4,Sun,Home,D,2,2,Clermont Foot,37,478.0,77.0,188.0,238.0,55.0,14.0,478.0,13.0,9.0,69.2,4.0,30.8,314.0,1579.0,718.0,6.0,7.0,4.0,14.0,1.0,270.0,31.0,13:00:00,/en/matches/12bf8242/Toulouse-Clermont-Foot-September-3-2023-Ligue-1
FRA-Ligue 1,2324,Toulouse,2023-09-17 Marseille-Toulouse,2023-09-17,Matchweek 5,Sun,Away,D,0,0,Marseille,39,547.0,92.0,240.0,210.0,105.0,18.0,547.0,13.0,7.0,53.8,5.0,38.5,340.0,1863.0,824.0,13.0,14.0,1.0,21.0,11.0,289.0,26.0,17:05:00,/en/matches/195b7636/Marseille-Toulouse-September-17-2023-Ligue-1
FRA-Ligue 1,2324,Toulouse,2023-09-24 Lens-Toulouse,2023-09-24,Matchweek 6,Sun,Away,L,1,2,Lens,38,524.0,110.0,258.0,201.0,71.0,11.0,524.0,10.0,5.0,50.0,5.0,50.0,329.0,1941.0,825.0,10.0,9.0,3.0,14.0,5.0,279.0,24.0,15:00:00,/en/matches/2e47fd82/Lens-Toulouse-September-24-2023-Ligue-1
FRA-Ligue 1,2324,Toulouse,2023-10-01 Toulouse-Metz,2023-10-01,Matchweek 7,Sun,Home,W,3,0,Metz,66,751.0,61.0,207.0,398.0,154.0,32.0,751.0,12.0,9.0,75.0,3.0,25.0,499.0,2320.0,1293.0,21.0,18.0,4.0,9.0,8.0,578.0,52.0,15:00:00,/en/matches/9baac3cb/Toulouse-Metz-October-1-2023-Ligue-1
FRA-Ligue 1,2324,Toulouse,2023-10-08 Brest-Toulouse,2023-10-08,Matchweek 8,Sun,Away,D,1,1,Brest,45,521.0,63.0,192.0,214.0,123.0,12.0,521.0,15.0,10.0,66.7,5.0,33.3,353.0,2081.0,852.0,9.0,12.0,2.0,21.0,10.0,312.0,36.0,15:00:00,/en/matches/f41980c3/Brest-Toulouse-October-8-2023-Ligue-1
FRA-Ligue 1,2324,Toulouse,2023-10-22 Toulouse-Reims,2023-10-22,Matchweek 9,Sun,Home,D,1,1,Reims,49,607.0,64.0,170.0,296.0,147.0,20.0,607.0,18.0,6.0,33.3,12.0,66.7,417.0,2241.0,1046.0,20.0,13.0,7.0,18.0,20.0,372.0,35.0,15:00:00,/en/matches/f0a8c67d/Toulouse-Reims-October-22-2023-Ligue-1
FRA-Ligue 1,2324,Toulouse,2023-10-29 Montpellier-Toulouse,2023-10-29,Matchweek 10,Sun,Away,L,0,3,Montpellier,61,712.0,56.0,192.0,328.0,200.0,30.0,712.0,20.0,12.0,60.0,7.0,35.0,533.0,2880.0,1286.0,17.0,17.0,4.0,16.0,7.0,484.0,61.0,15:00:00,/en/matches/c7788081/Montpellier-Toulouse-October-29-2023-Ligue-1
FRA-Ligue 1,2324,Toulouse,2023-11-05 Toulouse-Le Havre,2023-11-05,Matchweek 11,Sun,Home,L,1,2,Le Havre,52,625.0,65.0,184.0,285.0,163.0,29.0,624.0,13.0,8.0,61.5,5.0,38.5,447.0,2798.0,1396.0,24.0,18.0,8.0,15.0,7.0,403.0,47.0,15:00:00,/en/matches/f7d3c634/Toulouse-Le-Havre-November-5-2023-Ligue-1
FRA-Ligue 1,2324,Toulouse,2023-11-12 Lille-Toulouse,2023-11-12,Matchweek 12,Sun,Away,D,1,1,Lille,40,503.0,73.0,190.0,242.0,76.0,11.0,503.0,18.0,8.0,44.4,7.0,38.9,331.0,1905.0,735.0,14.0,10.0,4.0,9.0,11.0,283.0,30.0,15:00:00,/en/matches/f0f7d5b7/Lille-Toulouse-November-12-2023-Ligue-1
FRA-Ligue 1,2324,Toulouse,2023-11-26 Nice-Toulouse,2023-11-26,Matchweek 13,Sun,Away,L,0,1,Nice,47,603.0,51.0,165.0,263.0,181.0,31.0,603.0,14.0,7.0,50.0,5.0,35.7,444.0,2259.0,1047.0,12.0,10.0,4.0,6.0,10.0,421.0,48.0,13:00:00,/en/matches/69ee1012/Nice-Toulouse-November-26-2023-Ligue-1
FRA-Ligue 1,2324,Toulouse,2023-12-03 Toulouse-Lorient,2023-12-03,Matchweek 14,Sun,Home,D,1,1,Lorient,52,625.0,61.0,187.0,258.0,185.0,26.0,625.0,17.0,10.0,58.8,6.0,35.3,450.0,2272.0,1041.0,21.0,9.0,7.0,12.0,8.0,415.0,54.0,15:00:00,/en/matches/50bf0584/Toulouse-Lorient-December-3-2023-Ligue-1
FRA-Ligue 1,2324,Toulouse,2023-12-10 Lyon-Toulouse,2023-12-10,Matchweek 15,Sun,Away,L,0,3,Lyon,51,619.0,35.0,112.0,360.0,155.0,18.0,618.0,11.0,8.0,72.7,2.0,18.2,479.0,2721.0,1210.0,19.0,16.0,2.0,10.0,5.0,443.0,52.0,17:05:00,/en/matches/015e7632/Lyon-Toulouse-December-10-2023-Ligue-1
FRA-Ligue 1,2324,Toulouse,2023-12-17 Toulouse-Rennes,2023-12-17,Matchweek 16,Sun,Home,D,0,0,Rennes,49,598.0,62.0,182.0,262.0,162.0,33.0,598.0,19.0,7.0,36.8,11.0,57.9,400.0,2127.0,1052.0,24.0,15.0,8.0,17.0,5.0,365.0,38.0,15:00:00,/en/matches/8197fd69/Toulouse-Rennes-December-17-2023-Ligue-1
FRA-Ligue 1,2324,Toulouse,2023-12-20 Toulouse-Monaco,2023-12-20,Matchweek 17,Wed,Home,L,1,2,Monaco,55,717.0,67.0,180.0,336.0,206.0,33.0,717.0,27.0,10.0,37.0,13.0,48.1,501.0,2997.0,1424.0,34.0,28.0,5.0,16.0,4.0,473.0,56.0,21:00:00,/en/matches/81c83fe9/Toulouse-Monaco-December-20-2023-Ligue-1
FRA-Ligue 1,2324,Toulouse,2024-01-14 Metz-Toulouse,2024-01-14,Matchweek 18,Sun,Away,W,1,0,Metz,60,684.0,74.0,218.0,372.0,99.0,15.0,683.0,27.0,15.0,55.6,9.0,33.3,481.0,2372.0,1087.0,12.0,8.0,5.0,17.0,8.0,453.0,46.0,15:00:00,/en/matches/926b0a14/Metz-Toulouse-January-14-2024-Ligue-1
FRA-Ligue 1,2324,Toulouse,2024-01-28 Toulouse-Lens,2024-01-28,Matchweek 19,Sun,Home,L,0,2,Lens,53,608.0,58.0,175.0,279.0,159.0,29.0,607.0,23.0,10.0,43.5,11.0,47.8,434.0,2320.0,1167.0,19.0,14.0,7.0,15.0,8.0,400.0,39.0,17:05:00,/en/matches/678c2976/Toulouse-Lens-January-28-2024-Ligue-1
FRA-Ligue 1,2324,Toulouse,2024-02-04 Reims-Toulouse,2024-02-04,Matchweek 20,Sun,Away,W,3,2,Reims,38,480.0,69.0,187.0,214.0,87.0,17.0,479.0,20.0,6.0,30.0,14.0,70.0,278.0,1835.0,852.0,16.0,9.0,4.0,13.0,13.0,248.0,28.0,15:00:00,/en/matches/25718ab1/Reims-Toulouse-February-4-2024-Ligue-1
FRA-Ligue 1,2324,Toulouse,2024-02-11 Toulouse-Nantes,2024-02-11,Matchweek 21,Sun,Home,L,1,2,Nantes,74,770.0,18.0,111.0,447.0,219.0,29.0,770.0,26.0,11.0,42.3,15.0,57.7,579.0,3014.0,1415.0,15.0,13.0,3.0,15.0,4.0,553.0,79.0,15:00:00,/en/matches/e6caf939/Toulouse-Nantes-February-11-2024-Ligue-1
FRA-Ligue 1,2324,Toulouse,2024-02-18 Monaco-Toulouse,2024-02-18,Matchweek 22,Sun,Away,W,2,1,Monaco,35,496.0,78.0,219.0,197.0,86.0,16.0,496.0,27.0,13.0,48.1,9.0,33.3,277.0,1529.0,707.0,11.0,8.0,3.0,9.0,10.0,230.0,25.0,15:00:00,/en/matches/57c599f6/Monaco-Toulouse-February-18-2024-Ligue-1
FRA-Ligue 1,2324,Toulouse,2024-02-25 Toulouse-Lille,2024-02-25,Matchweek 23,Sun,Home,W,3,1,Lille,32,422.0,71.0,184.0,161.0,86.0,25.0,421.0,9.0,6.0,66.7,2.0,22.2,268.0,1593.0,732.0,11.0,10.0,6.0,13.0,7.0,234.0,28.0,15:00:00,/en/matches/a07309bd/Toulouse-Lille-February-25-2024-Ligue-1
FRA-Ligue 1,2324,Toulouse,2024-03-03 Toulouse-Nice,2024-03-03,Matchweek 24,Sun,Home,W,2,1,Nice,44,583.0,68.0,160.0,283.0,145.0,31.0,583.0,17.0,7.0,41.2,10.0,58.8,393.0,2368.0,1021.0,18.0,14.0,6.0,18.0,4.0,353.0,41.0,13:00:00,/en/matches/2269add3/Toulouse-Nice-March-3-2024-Ligue-1
FRA-Ligue 1,2324,Toulouse,2024-03-10 Le Havre-Toulouse,2024-03-10,Matchweek 25,Sun,Away,L,0,1,Le Havre,51,523.0,52.0,146.0,262.0,120.0,14.0,523.0,10.0,5.0,50.0,5.0,50.0,366.0,1892.0,922.0,12.0,12.0,3.0,10.0,10.0,352.0,34.0,15:00:00,/en/matches/3957eebd/Le-Havre-Toulouse-March-10-2024-Ligue-1
FRA-Ligue 1,2324,Toulouse,2024-03-15 Toulouse-Lyon,2024-03-15,Matchweek 26,Fri,Home,L,2,3,Lyon,50,609.0,67.0,165.0,274.0,180.0,28.0,608.0,24.0,11.0,45.8,10.0,41.7,428.0,2404.0,1031.0,20.0,21.0,5.0,17.0,6.0,406.0,51.0,21:00:00,/en/matches/863ee181/Toulouse-Lyon-March-15-2024-Ligue-1
FRA-Ligue 1,2324,Toulouse,2024-03-31 Clermont Foot-Toulouse,2024-03-31,Matchweek 27,Sun,Away,W,3,0,Clermont Foot,45,587.0,65.0,193.0,286.0,115.0,18.0,586.0,20.0,10.0,50.0,10.0,50.0,402.0,2110.0,1022.0,15.0,16.0,6.0,16.0,5.0,372.0,37.0,15:00:00,/en/matches/bfe740ac/Clermont-Foot-Toulouse-March-31-2024-Ligue-1
FRA-Ligue 1,2324,Toulouse,2024-04-07 Toulouse-Strasbourg,2024-04-07,Matchweek 28,Sun,Home,D,0,0,Strasbourg,48,639.0,46.0,196.0,333.0,115.0,25.0,639.0,13.0,4.0,30.8,8.0,61.5,463.0,2369.0,1025.0,16.0,10.0,3.0,13.0,5.0,443.0,43.0,15:00:00,/en/matches/919e3eb7/Toulouse-Strasbourg-April-7-2024-Ligue-1
FRA-Ligue 1,2324,Toulouse,2024-04-13 Rennes-Toulouse,2024-04-13,Matchweek 29,Sat,Away,W,2,1,Rennes,45,538.0,69.0,224.0,222.0,100.0,18.0,538.0,19.0,9.0,47.4,8.0,42.1,352.0,2055.0,973.0,13.0,22.0,3.0,13.0,1.0,316.0,24.0,21:00:00,/en/matches/6eba535c/Rennes-Toulouse-April-13-2024-Ligue-1
FRA-Ligue 1,2324,Toulouse,2024-04-21 Toulouse-Marseille,2024-04-21,Matchweek 30,Sun,Home,D,2,2,Marseille,46,570.0,44.0,163.0,285.0,132.0,19.0,570.0,27.0,16.0,59.3,11.0,40.7,399.0,2366.0,1115.0,19.0,20.0,6.0,16.0,14.0,370.0,33.0,19:00:00,/en/matches/05f7968b/Toulouse-Marseille-April-21-2024-Ligue-1
FRA-Ligue 1,2324,Toulouse,2024-04-28 Lorient-Toulouse,2024-04-28,Matchweek 31,Sun,Away,W,2,1,Lorient,50,561.0,70.0,179.0,278.0,108.0,16.0,561.0,6.0,2.0,33.3,3.0,50.0,399.0,2451.0,1050.0,12.0,10.0,3.0,21.0,9.0,374.0,38.0,15:00:00,/en/matches/666bdb51/Lorient-Toulouse-April-28-2024-Ligue-1
FRA-Ligue 1,2324,Toulouse,2024-05-03 Toulouse-Montpellier,2024-05-03,Matchweek 32,Fri,Home,L,1,2,Montpellier,63,685.0,31.0,123.0,319.0,251.0,25.0,685.0,23.0,9.0,39.1,11.0,47.8,511.0,2940.0,1305.0,22.0,23.0,5.0,17.0,8.0,470.0,62.0,19:00:00,/en/matches/33eeaf12/Toulouse-Montpellier-May-3-2024-Ligue-1
FRA-Ligue 1,2324,Toulouse,2024-05-12 Paris S-G-Toulouse,2024-05-12,Matchweek 33,Sun,Away,W,3,1,Paris S-G,36,491.0,45.0,121.0,219.0,158.0,33.0,491.0,18.0,8.0,44.4,9.0,50.0,323.0,1835.0,731.0,18.0,17.0,11.0,12.0,14.0,301.0,47.0,21:00:00,/en/matches/e8fcc39b/Paris-Saint-Germain-Toulouse-May-12-2024-Ligue-1
FRA-Ligue 1,2324,Toulouse,2024-05-19 Toulouse-Brest,2024-05-19,Matchweek 34,Sun,Home,L,0,3,Brest,52,630.0,67.0,208.0,302.0,125.0,21.0,630.0,18.0,9.0,50.0,9.0,50.0,453.0,2445.0,1266.0,23.0,18.0,6.0,11.0,10.0,429.0,34.0,21:00:00,/en/matches/0c59eeac/Toulouse-Brest-May-19-2024-Ligue-1
FRA-Ligue 1,2425,Angers,2024-08-18 Angers-Lens,2024-08-18,Matchweek 1,Sun,Home,L,0,1,Lens,42,535.0,40.0,125.0,238.0,177.0,13.0,535.0,24.0,8.0,33.3,15.0,62.5,224.0,1063.0,497.0,13.0,5.0,1.0,25.0,15.0,284.0,27.0,17:00:00,/en/matches/cabadc94/Angers-Lens-August-18-2024-Ligue-1
FRA-Ligue 1,2425,Angers,2024-08-24 Lille-Angers,2024-08-24,Matchweek 2,Sat,Away,L,0,2,Lille,36,487.0,73.0,227.0,216.0,48.0,7.0,487.0,16.0,5.0,31.3,11.0,68.8,284.0,1347.0,558.0,11.0,3.0,2.0,13.0,9.0,282.0,18.0,19:00:00,/en/matches/70fdbb5a/Lille-Angers-August-24-2024-Ligue-1
FRA-Ligue 1,2425,Angers,2024-09-01 Angers-Nice,2024-09-01,Matchweek 3,Sun,Home,L,1,4,Nice,54,604.0,49.0,156.0,286.0,166.0,23.0,603.0,19.0,11.0,57.9,6.0,31.6,304.0,1802.0,940.0,23.0,17.0,6.0,13.0,13.0,403.0,53.0,17:00:00,/en/matches/97e962bb/Angers-Nice-September-1-2024-Ligue-1
FRA-Ligue 1,2425,Angers,2024-09-15 Strasbourg-Angers,2024-09-15,Matchweek 4,Sun,Away,D,1,1,Strasbourg,48,587.0,56.0,213.0,228.0,150.0,25.0,587.0,20.0,5.0,25.0,14.0,70.0,251.0,1138.0,467.0,7.0,5.0,3.0,17.0,7.0,373.0,32.0,17:00:00,/en/matches/06ecf73c/Strasbourg-Angers-September-15-2024-Ligue-1
FRA-Ligue 1,2425,Angers,2024-09-22 Angers-Nantes,2024-09-22,Matchweek 5,Sun,Home,D,1,1,Nantes,50,635.0,61.0,228.0,285.0,129.0,9.0,634.0,24.0,9.0,37.5,15.0,62.5,311.0,1657.0,793.0,11.0,8.0,3.0,20.0,5.0,424.0,30.0,17:00:00,/en/matches/601ddfc9/Angers-Nantes-September-22-2024-Ligue-1
FRA-Ligue 1,2425,Angers,2024-09-29 Angers-Reims,2024-09-29,Matchweek 6,Sun,Home,L,1,3,Reims,53,658.0,61.0,197.0,312.0,156.0,17.0,658.0,19.0,14.0,73.7,5.0,26.3,385.0,1991.0,1146.0,19.0,16.0,5.0,15.0,13.0,442.0,45.0,17:00:00,/en/matches/1ea5cb30/Angers-Reims-September-29-2024-Ligue-1
FRA-Ligue 1,2425,Angers,2024-10-04 Marseille-Angers,2024-10-04,Matchweek 7,Fri,Away,D,1,1,Marseille,24,356.0,52.0,140.0,137.0,83.0,11.0,356.0,22.0,7.0,31.8,14.0,63.6,149.0,1017.0,580.0,14.0,7.0,4.0,12.0,3.0,194.0,15.0,20:45:00,/en/matches/c2dcc859/Marseille-Angers-October-4-2024-Ligue-1
FRA-Ligue 1,2425,Angers,2024-10-20 Toulouse-Angers,2024-10-20,Matchweek 8,Sun,Away,D,1,1,Toulouse,35,440.0,74.0,185.0,185.0,80.0,14.0,439.0,13.0,7.0,53.8,4.0,30.8,182.0,1125.0,631.0,17.0,14.0,4.0,19.0,5.0,213.0,27.0,17:00:00,/en/matches/92f559ad/Toulouse-Angers-October-20-2024-Ligue-1
FRA-Ligue 1,2425,Angers,2024-10-26 Angers-Saint-Étienne,2024-10-26,Matchweek 9,Sat,Home,W,4,2,Saint-Étienne,42,555.0,65.0,232.0,246.0,84.0,18.0,554.0,13.0,3.0,23.1,10.0,76.9,304.0,1877.0,1131.0,17.0,15.0,3.0,18.0,4.0,340.0,25.0,17:00:00,/en/matches/61752f42/Angers-Saint-Etienne-October-26-2024-Ligue-1
FRA-Ligue 1,2425,Angers,2024-11-01 Monaco-Angers,2024-11-01,Matchweek 10,Fri,Away,W,1,0,Monaco,37,480.0,67.0,209.0,182.0,103.0,15.0,480.0,20.0,13.0,65.0,6.0,30.0,226.0,1428.0,743.0,19.0,15.0,4.0,15.0,8.0,252.0,18.0,19:00:00,/en/matches/3e5f7440/Monaco-Angers-November-1-2024-Ligue-1
FRA-Ligue 1,2425,Angers,2024-11-09 Angers-Paris S-G,2024-11-09,Matchweek 11,Sat,Home,L,2,4,Paris S-G,30,460.0,73.0,190.0,190.0,90.0,22.0,460.0,25.0,14.0,56.0,9.0,36.0,293.0,1431.0,720.0,18.0,11.0,2.0,10.0,6.0,283.0,22.0,21:00:00,/en/matches/ddf738c4/Angers-Paris-Saint-Germain-November-9-2024-Ligue-1
FRA-Ligue 1,2425,Angers,2024-11-24 Auxerre-Angers,2024-11-24,Matchweek 12,Sun,Away,L,0,1,Auxerre,52,635.0,50.0,223.0,310.0,111.0,13.0,635.0,21.0,4.0,19.0,14.0,66.7,367.0,1879.0,911.0,17.0,10.0,4.0,13.0,8.0,435.0,30.0,17:00:00,/en/matches/b1dbd309/Auxerre-Angers-November-24-2024-Ligue-1
FRA-Ligue 1,2425,Angers,2024-12-01 Le Havre-Angers,2024-12-01,Matchweek 13,Sun,Away,W,1,0,Le Havre,45,561.0,65.0,205.0,266.0,100.0,15.0,561.0,18.0,6.0,33.3,11.0,61.1,373.0,2083.0,1104.0,16.0,6.0,2.0,15.0,15.0,365.0,33.0,17:00:00,/en/matches/b9d2f3b2/Le-Havre-Angers-December-1-2024-Ligue-1
FRA-Ligue 1,2425,Angers,2024-12-07 Angers-Lyon,2024-12-07,Matchweek 14,Sat,Home,L,0,3,Lyon,37,476.0,59.0,182.0,193.0,106.0,13.0,476.0,22.0,11.0,50.0,10.0,45.5,262.0,1343.0,656.0,12.0,12.0,2.0,8.0,10.0,283.0,29.0,21:00:00,/en/matches/8f5cb172/Angers-Lyon-December-7-2024-Ligue-1
FRA-Ligue 1,2425,Angers,2024-12-15 Rennes-Angers,2024-12-15,Matchweek 15,Sun,Away,L,0,2,Rennes,56,677.0,56.0,208.0,337.0,141.0,14.0,677.0,20.0,9.0,45.0,10.0,50.0,410.0,2021.0,945.0,16.0,15.0,0.0,17.0,8.0,474.0,29.0,17:00:00,/en/matches/fae57b16/Rennes-Angers-December-15-2024-Ligue-1
FRA-Ligue 1,2425,Angers,2025-01-05 Angers-Brest,2025-01-05,Matchweek 16,Sun,Home,W,2,0,Brest,39,480.0,73.0,190.0,195.0,104.0,17.0,480.0,13.0,5.0,38.5,8.0,61.5,239.0,1307.0,589.0,12.0,8.0,4.0,16.0,11.0,279.0,35.0,15:00:00,/en/matches/be2eba6e/Angers-Brest-January-5-2025-Ligue-1
FRA-Ligue 1,2425,Angers,2025-01-12 Montpellier-Angers,2025-01-12,Matchweek 17,Sun,Away,W,3,1,Montpellier,42,566.0,74.0,205.0,202.0,160.0,29.0,566.0,23.0,9.0,39.1,11.0,47.8,328.0,1941.0,1088.0,22.0,21.0,10.0,20.0,5.0,322.0,35.0,17:15:00,/en/matches/1184c4fd/Montpellier-Angers-January-12-2025-Ligue-1
FRA-Ligue 1,2425,Angers,2025-01-19 Angers-Auxerre,2025-01-19,Matchweek 18,Sun,Home,W,2,0,Auxerre,48,614.0,59.0,183.0,310.0,127.0,15.0,614.0,22.0,10.0,45.5,11.0,50.0,292.0,1867.0,961.0,12.0,7.0,3.0,8.0,11.0,420.0,32.0,17:15:00,/en/matches/7419fbdf/Angers-Auxerre-January-19-2025-Ligue-1
FRA-Ligue 1,2425,Angers,2025-01-26 Lens-Angers,2025-01-26,Matchweek 19,Sun,Away,L,0,1,Lens,36,486.0,60.0,233.0,196.0,64.0,9.0,486.0,18.0,7.0,38.9,10.0,55.6,234.0,1347.0,706.0,18.0,14.0,3.0,19.0,11.0,251.0,16.0,17:15:00,/en/matches/5026986a/Lens-Angers-January-26-2025-Ligue-1
FRA-Ligue 1,2425,Angers,2025-02-02 Angers-Le Havre,2025-02-02,Matchweek 20,Sun,Home,D,1,1,Le Havre,59,649.0,44.0,127.0,320.0,207.0,19.0,649.0,15.0,7.0,46.7,6.0,40.0,448.0,2501.0,1504.0,17.0,29.0,2.0,13.0,7.0,478.0,49.0,17:15:00,/en/matches/dc2dc241/Angers-Le-Havre-February-2-2025-Ligue-1
FRA-Ligue 1,2425,Angers,2025-02-09 Angers-Marseille,2025-02-09,Matchweek 21,Sun,Home,L,0,2,Marseille,22,371.0,69.0,187.0,122.0,65.0,8.0,371.0,14.0,4.0,28.6,9.0,64.3,177.0,965.0,401.0,6.0,5.0,2.0,15.0,7.0,191.0,9.0,20:45:00,/en/matches/64ab3386/Angers-Marseille-February-9-2025-Ligue-1
FRA-Ligue 1,2425,Angers,2025-02-16 Reims-Angers,2025-02-16,Matchweek 22,Sun,Away,W,1,0,Reims,37,452.0,58.0,172.0,160.0,129.0,23.0,452.0,18.0,8.0,44.4,9.0,50.0,227.0,1257.0,665.0,15.0,8.0,2.0,8.0,4.0,234.0,23.0,17:15:00,/en/matches/bc4d9e67/Reims-Angers-February-16-2025-Ligue-1
FRA-Ligue 1,2425,Angers,2025-02-22 Saint-Étienne-Angers,2025-02-22,Matchweek 23,Sat,Away,D,3,3,Saint-Étienne,39,517.0,59.0,200.0,237.0,83.0,14.0,515.0,19.0,11.0,57.9,6.0,31.6,251.0,1271.0,604.0,16.0,9.0,3.0,21.0,11.0,296.0,25.0,19:00:00,/en/matches/80854674/Saint-Etienne-Angers-February-22-2025-Ligue-1
FRA-Ligue 1,2425,Angers,2025-03-02 Angers-Toulouse,2025-03-02,Matchweek 24,Sun,Home,L,0,4,Toulouse,46,539.0,79.0,211.0,231.0,104.0,7.0,539.0,20.0,6.0,30.0,13.0,65.0,292.0,1538.0,780.0,12.0,11.0,1.0,14.0,6.0,309.0,21.0,17:15:00,/en/matches/d9b255ac/Angers-Toulouse-March-2-2025-Ligue-1
FRA-Ligue 1,2425,Angers,2025-03-09 Brest-Angers,2025-03-09,Matchweek 25,Sun,Away,L,0,2,Brest,50,587.0,72.0,221.0,262.0,108.0,13.0,587.0,9.0,4.0,44.4,5.0,55.6,268.0,1699.0,961.0,9.0,7.0,1.0,14.0,12.0,389.0,31.0,15:00:00,/en/matches/0723e59a/Brest-Angers-March-9-2025-Ligue-1
FRA-Ligue 1,2425,Angers,2025-03-15 Angers-Monaco,2025-03-15,Matchweek 26,Sat,Home,L,0,2,Monaco,44,591.0,71.0,219.0,273.0,106.0,12.0,591.0,25.0,8.0,32.0,16.0,64.0,276.0,1588.0,776.0,15.0,10.0,1.0,20.0,6.0,357.0,28.0,19:00:00,/en/matches/ccd56c5d/Angers-Monaco-March-15-2025-Ligue-1
FRA-Ligue 1,2425,Angers,2025-03-30 Angers-Rennes,2025-03-30,Matchweek 27,Sun,Home,L,0,3,Rennes,43,557.0,44.0,181.0,257.0,125.0,23.0,557.0,14.0,5.0,35.7,9.0,64.3,320.0,1631.0,808.0,21.0,11.0,6.0,10.0,11.0,372.0,36.0,17:15:00,/en/matches/ea71bfda/Angers-Rennes-March-30-2025-Ligue-1
FRA-Ligue 1,2425,Angers,2025-04-05 Paris S-G-Angers,2025-04-05,Matchweek 28,Sat,Away,L,0,1,Paris S-G,19,347.0,78.0,175.0,126.0,55.0,13.0,347.0,25.0,12.0,48.0,13.0,52.0,176.0,1082.0,478.0,11.0,5.0,3.0,12.0,12.0,168.0,12.0,17:00:00,/en/matches/85f4be0a/Paris-Saint-Germain-Angers-April-5-2025-Ligue-1
FRA-Ligue 1,2425,Angers,2025-04-13 Angers-Montpellier,2025-04-13,Matchweek 29,Sun,Home,W,2,0,Montpellier,37,504.0,58.0,201.0,216.0,94.0,23.0,504.0,19.0,8.0,42.1,11.0,57.9,270.0,1535.0,836.0,10.0,5.0,2.0,18.0,15.0,320.0,27.0,17:15:00,/en/matches/47a1a48a/Angers-Montpellier-April-13-2025-Ligue-1
FRA-Ligue 1,2425,Angers,2025-04-20 Nice-Angers,2025-04-20,Matchweek 30,Sun,Away,L,1,2,Nice,47,608.0,82.0,240.0,273.0,103.0,8.0,608.0,11.0,5.0,45.5,5.0,45.5,340.0,1955.0,1151.0,14.0,17.0,1.0,7.0,8.0,423.0,21.0,17:15:00,/en/matches/44e5cf44/Nice-Angers-April-20-2025-Ligue-1
FRA-Ligue 1,2425,Angers,2025-04-27 Angers-Lille,2025-04-27,Matchweek 31,Sun,Home,L,0,2,Lille,37,443.0,43.0,142.0,199.0,104.0,13.0,443.0,14.0,6.0,42.9,8.0,57.1,176.0,942.0,559.0,16.0,6.0,3.0,11.0,9.0,257.0,25.0,15:00:00,/en/matches/af631621/Angers-Lille-April-27-2025-Ligue-1
FRA-Ligue 1,2425,Angers,2025-05-04 Nantes-Angers,2025-05-04,Matchweek 32,Sun,Away,W,1,0,Nantes,42,564.0,73.0,197.0,255.0,116.0,13.0,564.0,10.0,2.0,20.0,8.0,80.0,273.0,1562.0,844.0,17.0,8.0,4.0,20.0,11.0,335.0,31.0,15:00:00,/en/matches/e467e10c/Nantes-Angers-May-4-2025-Ligue-1
FRA-Ligue 1,2425,Angers,2025-05-10 Angers-Strasbourg,2025-05-10,Matchweek 33,Sat,Home,W,2,1,Strasbourg,29,404.0,74.0,216.0,130.0,65.0,10.0,404.0,14.0,2.0,14.3,11.0,78.6,191.0,1005.0,497.0,10.0,8.0,2.0,8.0,5.0,220.0,22.0,21:00:00,/en/matches/fafe26a4/Angers-Strasbourg-May-10-2025-Ligue-1
FRA-Ligue 1,2425,Angers,2025-05-17 Lyon-Angers,2025-05-17,Matchweek 34,Sat,Away,L,0,2,Lyon,43,494.0,75.0,174.0,157.0,170.0,14.0,494.0,14.0,4.0,28.6,8.0,57.1,295.0,1564.0,921.0,19.0,17.0,0.0,9.0,6.0,323.0,32.0,21:00:00,/en/matches/5042cc91/Lyon-Angers-May-17-2025-Ligue-1
FRA-Ligue 1,2425,Auxerre,2024-08-18 Auxerre-Nice,2024-08-18,Matchweek 1,Sun,Home,W,2,1,Nice,45,553.0,61.0,202.0,238.0,115.0,22.0,553.0,17.0,7.0,41.2,8.0,47.1,237.0,1306.0,755.0,14.0,12.0,3.0,10.0,8.0,360.0,38.0,15:00:00,/en/matches/18a24a50/Auxerre-Nice-August-18-2024-Ligue-1
FRA-Ligue 1,2425,Auxerre,2024-08-25 Nantes-Auxerre,2024-08-25,Matchweek 2,Sun,Away,L,0,2,Nantes,64,736.0,61.0,237.0,359.0,148.0,21.0,736.0,19.0,8.0,42.1,8.0,42.1,435.0,2189.0,945.0,20.0,17.0,4.0,18.0,13.0,492.0,45.0,17:00:00,/en/matches/57fe0d50/Nantes-Auxerre-August-25-2024-Ligue-1
FRA-Ligue 1,2425,Auxerre,2024-09-01 Le Havre-Auxerre,2024-09-01,Matchweek 3,Sun,Away,L,1,3,Le Havre,50,576.0,68.0,210.0,286.0,84.0,5.0,576.0,9.0,3.0,33.3,4.0,44.4,369.0,1421.0,772.0,11.0,7.0,1.0,10.0,10.0,397.0,34.0,17:00:00,/en/matches/3bc2668a/Le-Havre-Auxerre-September-1-2024-Ligue-1
FRA-Ligue 1,2425,Auxerre,2024-09-14 Auxerre-Monaco,2024-09-14,Matchweek 4,Sat,Home,L,0,3,Monaco,41,579.0,58.0,169.0,230.0,190.0,14.0,579.0,20.0,5.0,25.0,13.0,65.0,359.0,1825.0,901.0,22.0,19.0,1.0,16.0,14.0,337.0,49.0,19:00:00,/en/matches/b4fb60b5/Auxerre-Monaco-September-14-2024-Ligue-1
FRA-Ligue 1,2425,Auxerre,2024-09-22 Montpellier-Auxerre,2024-09-22,Matchweek 5,Sun,Away,L,2,3,Montpellier,46,541.0,70.0,167.0,261.0,117.0,21.0,541.0,21.0,7.0,33.3,13.0,61.9,234.0,1296.0,655.0,15.0,10.0,1.0,12.0,9.0,317.0,36.0,17:00:00,/en/matches/ac95cb33/Montpellier-Auxerre-September-22-2024-Ligue-1
FRA-Ligue 1,2425,Auxerre,2024-09-27 Auxerre-Brest,2024-09-27,Matchweek 6,Fri,Home,W,3,0,Brest,39,448.0,55.0,146.0,178.0,128.0,18.0,447.0,11.0,6.0,54.5,5.0,45.5,211.0,1148.0,524.0,14.0,11.0,0.0,8.0,8.0,233.0,40.0,19:00:00,/en/matches/8c59509d/Auxerre-Brest-September-27-2024-Ligue-1
FRA-Ligue 1,2425,Auxerre,2024-10-05 Saint-Étienne-Auxerre,2024-10-05,Matchweek 7,Sat,Away,L,1,3,Saint-Étienne,58,663.0,53.0,192.0,300.0,177.0,24.0,663.0,22.0,11.0,50.0,11.0,50.0,428.0,2086.0,1088.0,13.0,12.0,2.0,13.0,15.0,420.0,41.0,17:00:00,/en/matches/752978b2/Saint-Etienne-Auxerre-October-5-2024-Ligue-1
FRA-Ligue 1,2425,Auxerre,2024-10-20 Auxerre-Reims,2024-10-20,Matchweek 8,Sun,Home,W,2,1,Reims,35,440.0,74.0,190.0,150.0,108.0,18.0,439.0,17.0,6.0,35.3,10.0,58.8,207.0,1113.0,569.0,14.0,10.0,2.0,13.0,7.0,214.0,22.0,17:00:00,/en/matches/5f02a541/Auxerre-Reims-October-20-2024-Ligue-1
FRA-Ligue 1,2425,Auxerre,2024-10-27 Lyon-Auxerre,2024-10-27,Matchweek 9,Sun,Away,D,2,2,Lyon,38,486.0,71.0,192.0,177.0,120.0,22.0,486.0,19.0,5.0,26.3,13.0,68.4,204.0,1386.0,652.0,13.0,13.0,1.0,10.0,7.0,258.0,25.0,15:00:00,/en/matches/bd02e3b4/Lyon-Auxerre-October-27-2024-Ligue-1
FRA-Ligue 1,2425,Auxerre,2024-11-03 Auxerre-Rennes,2024-11-03,Matchweek 10,Sun,Home,W,4,0,Rennes,39,479.0,63.0,205.0,184.0,97.0,24.0,478.0,23.0,12.0,52.2,10.0,43.5,291.0,1511.0,678.0,11.0,8.0,7.0,11.0,9.0,280.0,35.0,17:00:00,/en/matches/acc30562/Auxerre-Rennes-November-3-2024-Ligue-1
FRA-Ligue 1,2425,Auxerre,2024-11-08 Marseille-Auxerre,2024-11-08,Matchweek 11,Fri,Away,W,3,1,Marseille,26,377.0,80.0,182.0,134.0,67.0,12.0,377.0,19.0,12.0,63.2,6.0,31.6,165.0,1034.0,587.0,15.0,7.0,5.0,10.0,12.0,159.0,17.0,20:45:00,/en/matches/4ab63460/Marseille-Auxerre-November-8-2024-Ligue-1
FRA-Ligue 1,2425,Auxerre,2024-11-24 Auxerre-Angers,2024-11-24,Matchweek 12,Sun,Home,W,1,0,Angers,48,598.0,60.0,185.0,303.0,118.0,12.0,598.0,17.0,6.0,35.3,11.0,64.7,417.0,2210.0,1209.0,21.0,15.0,3.0,11.0,3.0,396.0,40.0,17:00:00,/en/matches/b1dbd309/Auxerre-Angers-November-24-2024-Ligue-1
FRA-Ligue 1,2425,Auxerre,2024-12-01 Toulouse-Auxerre,2024-12-01,Matchweek 13,Sun,Away,L,0,2,Toulouse,48,552.0,69.0,183.0,288.0,89.0,17.0,552.0,18.0,6.0,33.3,11.0,61.1,254.0,1439.0,601.0,10.0,12.0,0.0,18.0,5.0,327.0,39.0,17:00:00,/en/matches/f81de4c6/Toulouse-Auxerre-December-1-2024-Ligue-1
FRA-Ligue 1,2425,Auxerre,2024-12-06 Auxerre-Paris S-G,2024-12-06,Matchweek 14,Fri,Home,D,0,0,Paris S-G,27,419.0,90.0,194.0,137.0,93.0,18.0,419.0,22.0,6.0,27.3,14.0,63.6,192.0,1004.0,443.0,5.0,7.0,1.0,18.0,15.0,181.0,26.0,21:00:00,/en/matches/9139adc8/Auxerre-Paris-Saint-Germain-December-6-2024-Ligue-1
FRA-Ligue 1,2425,Auxerre,2024-12-14 Auxerre-Lens,2024-12-14,Matchweek 15,Sat,Home,D,2,2,Lens,40,541.0,63.0,209.0,225.0,114.0,16.0,541.0,21.0,9.0,42.9,11.0,52.4,319.0,1350.0,650.0,10.0,12.0,1.0,14.0,13.0,308.0,36.0,19:00:00,/en/matches/fb7a9227/Auxerre-Lens-December-14-2024-Ligue-1
FRA-Ligue 1,2425,Auxerre,2025-01-05 Strasbourg-Auxerre,2025-01-05,Matchweek 16,Sun,Away,L,1,3,Strasbourg,40,493.0,59.0,180.0,225.0,91.0,16.0,493.0,13.0,4.0,30.8,6.0,46.2,276.0,1169.0,521.0,11.0,8.0,2.0,13.0,14.0,296.0,34.0,15:00:00,/en/matches/d37a723b/Strasbourg-Auxerre-January-5-2025-Ligue-1
FRA-Ligue 1,2425,Auxerre,2025-01-10 Auxerre-Lille,2025-01-10,Matchweek 17,Fri,Home,D,0,0,Lille,30,443.0,85.0,198.0,154.0,102.0,16.0,443.0,24.0,12.0,50.0,12.0,50.0,190.0,1081.0,591.0,9.0,10.0,6.0,19.0,14.0,185.0,13.0,21:05:00,/en/matches/0c8ab7d6/Auxerre-Lille-January-10-2025-Ligue-1
FRA-Ligue 1,2425,Auxerre,2025-01-19 Angers-Auxerre,2025-01-19,Matchweek 18,Sun,Away,L,0,2,Angers,52,660.0,65.0,234.0,318.0,115.0,18.0,660.0,24.0,9.0,37.5,11.0,45.8,461.0,2135.0,1081.0,16.0,12.0,8.0,5.0,16.0,465.0,30.0,17:15:00,/en/matches/7419fbdf/Angers-Auxerre-January-19-2025-Ligue-1
FRA-Ligue 1,2425,Auxerre,2025-01-24 Auxerre-Saint-Étienne,2025-01-24,Matchweek 19,Fri,Home,D,1,1,Saint-Étienne,37,527.0,48.0,170.0,244.0,120.0,28.0,527.0,17.0,9.0,52.9,8.0,47.1,204.0,1179.0,663.0,19.0,9.0,8.0,18.0,10.0,285.0,35.0,20:45:00,/en/matches/7ad35976/Auxerre-Saint-Etienne-January-24-2025-Ligue-1
FRA-Ligue 1,2425,Auxerre,2025-02-01 Monaco-Auxerre,2025-02-01,Matchweek 20,Sat,Away,L,2,4,Monaco,43,549.0,51.0,236.0,234.0,85.0,15.0,548.0,21.0,3.0,14.3,14.0,66.7,324.0,1573.0,720.0,12.0,6.0,5.0,12.0,14.0,318.0,34.0,19:00:00,/en/matches/e6c9fba7/Monaco-Auxerre-February-1-2025-Ligue-1
FRA-Ligue 1,2425,Auxerre,2025-02-09 Auxerre-Toulouse,2025-02-09,Matchweek 21,Sun,Home,D,2,2,Toulouse,53,605.0,55.0,209.0,291.0,109.0,14.0,605.0,18.0,8.0,44.4,10.0,55.6,242.0,971.0,434.0,11.0,6.0,7.0,19.0,13.0,385.0,40.0,17:15:00,/en/matches/0446e883/Auxerre-Toulouse-February-9-2025-Ligue-1
FRA-Ligue 1,2425,Auxerre,2025-02-14 Brest-Auxerre,2025-02-14,Matchweek 22,Fri,Away,D,2,2,Brest,36,476.0,73.0,186.0,192.0,100.0,16.0,476.0,12.0,5.0,41.7,7.0,58.3,207.0,986.0,577.0,12.0,8.0,2.0,18.0,13.0,245.0,26.0,20:45:00,/en/matches/94d1ec50/Brest-Auxerre-February-14-2025-Ligue-1
FRA-Ligue 1,2425,Auxerre,2025-02-22 Auxerre-Marseille,2025-02-22,Matchweek 23,Sat,Home,W,3,0,Marseille,21,345.0,66.0,204.0,91.0,56.0,15.0,344.0,18.0,7.0,38.9,9.0,50.0,149.0,894.0,454.0,12.0,5.0,5.0,13.0,4.0,138.0,12.0,21:05:00,/en/matches/f26394d7/Auxerre-Marseille-February-22-2025-Ligue-1
FRA-Ligue 1,2425,Auxerre,2025-03-02 Auxerre-Strasbourg,2025-03-02,Matchweek 24,Sun,Home,L,0,1,Strasbourg,45,575.0,44.0,156.0,241.0,183.0,33.0,575.0,18.0,3.0,16.7,13.0,72.2,377.0,1495.0,756.0,22.0,14.0,12.0,18.0,6.0,365.0,35.0,17:15:00,/en/matches/370220dd/Auxerre-Strasbourg-March-2-2025-Ligue-1
FRA-Ligue 1,2425,Auxerre,2025-03-09 Reims-Auxerre,2025-03-09,Matchweek 25,Sun,Away,W,2,0,Reims,43,496.0,56.0,184.0,201.0,115.0,25.0,496.0,26.0,8.0,30.8,15.0,57.7,248.0,1387.0,745.0,18.0,8.0,6.0,11.0,13.0,279.0,33.0,17:15:00,/en/matches/5a7ff7ce/Reims-Auxerre-March-9-2025-Ligue-1
FRA-Ligue 1,2425,Auxerre,2025-03-14 Nice-Auxerre,2025-03-14,Matchweek 26,Fri,Away,D,1,1,Nice,49,578.0,82.0,215.0,259.0,107.0,11.0,578.0,20.0,9.0,45.0,11.0,55.0,310.0,1895.0,787.0,15.0,15.0,2.0,9.0,6.0,355.0,23.0,20:45:00,/en/matches/e91c00b1/Nice-Auxerre-March-14-2025-Ligue-1
FRA-Ligue 1,2425,Auxerre,2025-03-30 Auxerre-Montpellier,2025-03-30,Matchweek 27,Sun,Home,W,1,0,Montpellier,53,625.0,71.0,203.0,251.0,174.0,38.0,625.0,18.0,14.0,77.8,4.0,22.2,385.0,1823.0,918.0,23.0,9.0,9.0,14.0,5.0,420.0,41.0,17:15:00,/en/matches/dea614ff/Auxerre-Montpellier-March-30-2025-Ligue-1
FRA-Ligue 1,2425,Auxerre,2025-04-06 Rennes-Auxerre,2025-04-06,Matchweek 28,Sun,Away,W,1,0,Rennes,37,515.0,83.0,203.0,210.0,106.0,21.0,515.0,11.0,3.0,27.3,8.0,72.7,313.0,1487.0,634.0,14.0,8.0,5.0,14.0,7.0,326.0,26.0,17:15:00,/en/matches/cd76c50c/Rennes-Auxerre-April-6-2025-Ligue-1
FRA-Ligue 1,2425,Auxerre,2025-04-13 Auxerre-Lyon,2025-04-13,Matchweek 29,Sun,Home,L,1,3,Lyon,41,517.0,77.0,208.0,179.0,130.0,18.0,517.0,23.0,12.0,52.2,11.0,47.8,327.0,1536.0,686.0,18.0,9.0,8.0,13.0,7.0,326.0,27.0,20:45:00,/en/matches/bef8bbc1/Auxerre-Lyon-April-13-2025-Ligue-1
FRA-Ligue 1,2425,Auxerre,2025-04-20 Lille-Auxerre,2025-04-20,Matchweek 30,Sun,Away,L,1,3,Lille,44,556.0,74.0,219.0,236.0,108.0,16.0,556.0,24.0,11.0,45.8,13.0,54.2,359.0,2284.0,952.0,10.0,8.0,6.0,11.0,14.0,361.0,29.0,15:00:00,/en/matches/dfc19892/Lille-Auxerre-April-20-2025-Ligue-1
FRA-Ligue 1,2425,Auxerre,2025-04-27 Lens-Auxerre,2025-04-27,Matchweek 31,Sun,Away,W,4,0,Lens,35,524.0,87.0,252.0,198.0,81.0,16.0,524.0,25.0,10.0,40.0,11.0,44.0,315.0,1630.0,779.0,15.0,12.0,5.0,16.0,10.0,293.0,20.0,17:15:00,/en/matches/0745c59f/Lens-Auxerre-April-27-2025-Ligue-1
FRA-Ligue 1,2425,Auxerre,2025-05-04 Auxerre-Le Havre,2025-05-04,Matchweek 32,Sun,Home,L,1,2,Le Havre,47,509.0,74.0,209.0,208.0,98.0,8.0,509.0,13.0,10.0,76.9,3.0,23.1,313.0,1561.0,695.0,8.0,9.0,1.0,12.0,12.0,337.0,21.0,17:15:00,/en/matches/c08af981/Auxerre-Le-Havre-May-4-2025-Ligue-1
FRA-Ligue 1,2425,Auxerre,2025-05-10 Auxerre-Nantes,2025-05-10,Matchweek 33,Sat,Home,D,1,1,Nantes,61,771.0,43.0,219.0,391.0,166.0,20.0,771.0,10.0,4.0,40.0,6.0,60.0,523.0,2247.0,1165.0,17.0,14.0,6.0,14.0,14.0,595.0,59.0,21:00:00,/en/matches/2cfd2ba4/Auxerre-Nantes-May-10-2025-Ligue-1
FRA-Ligue 1,2425,Auxerre,2025-05-17 Paris S-G-Auxerre,2025-05-17,Matchweek 34,Sat,Away,L,1,3,Paris S-G,34,436.0,76.0,196.0,180.0,66.0,6.0,436.0,12.0,8.0,66.7,4.0,33.3,256.0,1777.0,799.0,14.0,8.0,2.0,11.0,6.0,274.0,17.0,21:00:00,/en/matches/695f3d84/Paris-Saint-Germain-Auxerre-May-17-2025-Ligue-1
FRA-Ligue 1,2425,Brest,2024-08-17 Brest-Marseille,2024-08-17,Matchweek 1,Sat,Home,L,1,5,Marseille,50,636.0,39.0,153.0,319.0,170.0,16.0,635.0,19.0,5.0,26.3,13.0,68.4,385.0,1914.0,934.0,20.0,15.0,6.0,13.0,5.0,440.0,33.0,17:00:00,/en/matches/35c1995a/Brest-Marseille-August-17-2024-Ligue-1
FRA-Ligue 1,2425,Brest,2024-08-25 Lens-Brest,2024-08-25,Matchweek 2,Sun,Away,L,0,2,Lens,48,611.0,99.0,244.0,271.0,102.0,17.0,611.0,20.0,9.0,45.0,11.0,55.0,304.0,1491.0,635.0,14.0,13.0,2.0,13.0,5.0,383.0,33.0,15:00:00,/en/matches/7fe11a31/Lens-Brest-August-25-2024-Ligue-1
FRA-Ligue 1,2425,Brest,2024-08-31 Brest-Saint-Étienne,2024-08-31,Matchweek 3,Sat,Home,W,4,0,Saint-Étienne,47,485.0,46.0,164.0,190.0,136.0,35.0,483.0,14.0,3.0,21.4,10.0,71.4,206.0,1090.0,552.0,9.0,5.0,3.0,14.0,8.0,266.0,25.0,17:00:00,/en/matches/82c19aa6/Brest-Saint-Etienne-August-31-2024-Ligue-1
FRA-Ligue 1,2425,Brest,2024-09-14 Paris S-G-Brest,2024-09-14,Matchweek 4,Sat,Away,L,1,3,Paris S-G,33,474.0,81.0,199.0,197.0,80.0,8.0,473.0,12.0,6.0,50.0,6.0,50.0,160.0,882.0,370.0,7.0,5.0,2.0,13.0,8.0,264.0,18.0,21:00:00,/en/matches/f22a7db0/Paris-Saint-Germain-Brest-September-14-2024-Ligue-1
FRA-Ligue 1,2425,Brest,2024-09-22 Brest-Toulouse,2024-09-22,Matchweek 5,Sun,Home,W,2,0,Toulouse,43,512.0,71.0,175.0,236.0,103.0,11.0,512.0,28.0,11.0,39.3,15.0,53.6,152.0,886.0,371.0,11.0,5.0,4.0,11.0,7.0,284.0,27.0,17:00:00,/en/matches/7cbba12e/Brest-Toulouse-September-22-2024-Ligue-1
FRA-Ligue 1,2425,Brest,2024-09-27 Auxerre-Brest,2024-09-27,Matchweek 6,Fri,Away,L,0,3,Auxerre,61,653.0,70.0,252.0,308.0,100.0,12.0,653.0,19.0,7.0,36.8,11.0,57.9,447.0,2401.0,1107.0,15.0,11.0,5.0,13.0,8.0,441.0,27.0,19:00:00,/en/matches/8c59509d/Auxerre-Brest-September-27-2024-Ligue-1
FRA-Ligue 1,2425,Brest,2024-10-06 Brest-Le Havre,2024-10-06,Matchweek 7,Sun,Home,W,2,0,Le Havre,53,609.0,78.0,232.0,282.0,100.0,15.0,609.0,24.0,8.0,33.3,14.0,58.3,248.0,1375.0,800.0,11.0,7.0,2.0,13.0,7.0,363.0,34.0,17:00:00,/en/matches/efe178e7/Brest-Le-Havre-October-6-2024-Ligue-1
FRA-Ligue 1,2425,Brest,2024-10-19 Brest-Rennes,2024-10-19,Matchweek 8,Sat,Home,D,1,1,Rennes,56,593.0,54.0,200.0,270.0,126.0,15.0,592.0,13.0,5.0,38.5,5.0,38.5,263.0,1376.0,631.0,7.0,11.0,1.0,13.0,6.0,383.0,25.0,17:00:00,/en/matches/e2a10c83/Brest-Rennes-October-19-2024-Ligue-1
FRA-Ligue 1,2425,Brest,2024-10-26 Reims-Brest,2024-10-26,Matchweek 9,Sat,Away,W,2,1,Reims,47,531.0,88.0,230.0,197.0,106.0,19.0,530.0,12.0,4.0,33.3,8.0,66.7,311.0,1429.0,607.0,9.0,8.0,3.0,17.0,7.0,317.0,21.0,19:00:00,/en/matches/6e7b242b/Reims-Brest-October-26-2024-Ligue-1
FRA-Ligue 1,2425,Brest,2024-11-02 Brest-Nice,2024-11-02,Matchweek 10,Sat,Home,L,0,1,Nice,63,754.0,61.0,232.0,322.0,206.0,26.0,754.0,17.0,7.0,41.2,10.0,58.8,381.0,2163.0,1174.0,21.0,24.0,1.0,16.0,10.0,529.0,42.0,19:00:00,/en/matches/0fab1c2f/Brest-Nice-November-2-2024-Ligue-1
FRA-Ligue 1,2425,Brest,2024-11-10 Montpellier-Brest,2024-11-10,Matchweek 11,Sun,Away,L,1,3,Montpellier,67,654.0,35.0,136.0,362.0,159.0,21.0,654.0,20.0,6.0,30.0,13.0,65.0,453.0,2549.0,1322.0,15.0,11.0,4.0,13.0,12.0,455.0,44.0,17:00:00,/en/matches/8ab9a941/Montpellier-Brest-November-10-2024-Ligue-1
FRA-Ligue 1,2425,Brest,2024-11-22 Monaco-Brest,2024-11-22,Matchweek 12,Fri,Away,L,2,3,Monaco,49,632.0,48.0,163.0,281.0,191.0,27.0,632.0,21.0,14.0,66.7,5.0,23.8,392.0,2060.0,900.0,25.0,24.0,7.0,25.0,10.0,376.0,40.0,19:00:00,/en/matches/48a28747/Monaco-Brest-November-22-2024-Ligue-1
FRA-Ligue 1,2425,Brest,2024-11-30 Brest-Strasbourg,2024-11-30,Matchweek 13,Sat,Home,W,3,1,Strasbourg,38,496.0,78.0,185.0,219.0,96.0,18.0,494.0,14.0,6.0,42.9,7.0,50.0,231.0,1497.0,723.0,16.0,11.0,8.0,13.0,4.0,318.0,29.0,19:00:00,/en/matches/197cb3bb/Brest-Strasbourg-November-30-2024-Ligue-1
FRA-Ligue 1,2425,Brest,2024-12-06 Lille-Brest,2024-12-06,Matchweek 14,Fri,Away,L,1,3,Lille,39,516.0,43.0,187.0,268.0,66.0,9.0,516.0,12.0,4.0,33.3,7.0,58.3,302.0,1377.0,655.0,9.0,6.0,1.0,9.0,5.0,322.0,21.0,19:00:00,/en/matches/5b3adec0/Lille-Brest-December-6-2024-Ligue-1
FRA-Ligue 1,2425,Brest,2024-12-15 Brest-Nantes,2024-12-15,Matchweek 15,Sun,Home,W,4,1,Nantes,51,668.0,73.0,256.0,302.0,117.0,16.0,668.0,12.0,3.0,25.0,8.0,66.7,306.0,1912.0,918.0,17.0,6.0,7.0,18.0,5.0,458.0,27.0,17:00:00,/en/matches/59e6278a/Brest-Nantes-December-15-2024-Ligue-1
FRA-Ligue 1,2425,Brest,2025-01-05 Angers-Brest,2025-01-05,Matchweek 16,Sun,Away,L,0,2,Angers,61,687.0,36.0,150.0,362.0,178.0,20.0,687.0,12.0,6.0,50.0,5.0,41.7,346.0,2191.0,1157.0,16.0,13.0,2.0,15.0,8.0,483.0,61.0,15:00:00,/en/matches/be2eba6e/Angers-Brest-January-5-2025-Ligue-1
FRA-Ligue 1,2425,Brest,2025-01-11 Brest-Lyon,2025-01-11,Matchweek 17,Sat,Home,W,2,1,Lyon,33,454.0,70.0,181.0,189.0,91.0,18.0,454.0,13.0,7.0,53.8,6.0,46.2,219.0,1093.0,520.0,12.0,4.0,4.0,13.0,5.0,245.0,29.0,17:00:00,/en/matches/561e5c4a/Brest-Lyon-January-11-2025-Ligue-1
FRA-Ligue 1,2425,Brest,2025-01-18 Rennes-Brest,2025-01-18,Matchweek 18,Sat,Away,W,2,1,Rennes,32,463.0,84.0,198.0,194.0,76.0,14.0,463.0,9.0,5.0,55.6,2.0,22.2,221.0,1208.0,582.0,11.0,7.0,5.0,17.0,13.0,208.0,14.0,19:00:00,/en/matches/39a945d8/Rennes-Brest-January-18-2025-Ligue-1
FRA-Ligue 1,2425,Brest,2025-01-26 Le Havre-Brest,2025-01-26,Matchweek 19,Sun,Away,W,1,0,Le Havre,55,662.0,68.0,188.0,327.0,153.0,32.0,662.0,20.0,8.0,40.0,8.0,40.0,399.0,1921.0,961.0,17.0,14.0,1.0,17.0,9.0,432.0,43.0,15:00:00,/en/matches/6f8dc12d/Le-Havre-Brest-January-26-2025-Ligue-1
FRA-Ligue 1,2425,Brest,2025-02-01 Brest-Paris S-G,2025-02-01,Matchweek 20,Sat,Home,L,2,5,Paris S-G,35,510.0,72.0,203.0,212.0,101.0,16.0,510.0,12.0,5.0,41.7,5.0,41.7,317.0,1728.0,673.0,13.0,7.0,4.0,15.0,6.0,305.0,24.0,17:00:00,/en/matches/c84f91ac/Brest-Paris-Saint-Germain-February-1-2025-Ligue-1
FRA-Ligue 1,2425,Brest,2025-02-07 Nantes-Brest,2025-02-07,Matchweek 21,Fri,Away,W,2,0,Nantes,42,536.0,85.0,228.0,191.0,124.0,16.0,536.0,10.0,2.0,20.0,7.0,70.0,274.0,1338.0,647.0,10.0,6.0,1.0,12.0,6.0,295.0,31.0,19:00:00,/en/matches/606c7cad/Nantes-Brest-February-7-2025-Ligue-1
FRA-Ligue 1,2425,Brest,2025-02-14 Brest-Auxerre,2025-02-14,Matchweek 22,Fri,Home,D,2,2,Auxerre,64,718.0,58.0,194.0,366.0,163.0,27.0,718.0,15.0,5.0,33.3,9.0,60.0,375.0,2107.0,1047.0,10.0,13.0,1.0,15.0,13.0,484.0,46.0,20:45:00,/en/matches/94d1ec50/Brest-Auxerre-February-14-2025-Ligue-1
FRA-Ligue 1,2425,Brest,2025-02-23 Strasbourg-Brest,2025-02-23,Matchweek 23,Sun,Away,D,0,0,Strasbourg,43,573.0,68.0,218.0,221.0,141.0,21.0,573.0,15.0,6.0,40.0,7.0,46.7,332.0,1321.0,542.0,9.0,9.0,3.0,17.0,4.0,347.0,32.0,17:15:00,/en/matches/585be98f/Strasbourg-Brest-February-23-2025-Ligue-1
FRA-Ligue 1,2425,Brest,2025-03-02 Lyon-Brest,2025-03-02,Matchweek 24,Sun,Away,L,1,2,Lyon,34,449.0,54.0,169.0,168.0,115.0,33.0,448.0,11.0,3.0,27.3,8.0,72.7,135.0,805.0,416.0,12.0,6.0,5.0,14.0,5.0,249.0,31.0,15:00:00,/en/matches/9e7b9e2a/Lyon-Brest-March-2-2025-Ligue-1
FRA-Ligue 1,2425,Brest,2025-03-09 Brest-Angers,2025-03-09,Matchweek 25,Sun,Home,W,2,0,Angers,50,589.0,66.0,213.0,210.0,171.0,29.0,589.0,7.0,4.0,57.1,2.0,28.6,397.0,2008.0,1072.0,22.0,16.0,7.0,10.0,12.0,390.0,40.0,15:00:00,/en/matches/0723e59a/Brest-Angers-March-9-2025-Ligue-1
FRA-Ligue 1,2425,Brest,2025-03-16 Brest-Reims,2025-03-16,Matchweek 26,Sun,Home,D,0,0,Reims,71,800.0,45.0,178.0,440.0,187.0,11.0,800.0,14.0,10.0,71.4,2.0,14.3,392.0,2718.0,1480.0,17.0,17.0,2.0,18.0,4.0,585.0,55.0,17:15:00,/en/matches/28e7c1e6/Brest-Reims-March-16-2025-Ligue-1
FRA-Ligue 1,2425,Brest,2025-03-30 Toulouse-Brest,2025-03-30,Matchweek 27,Sun,Away,W,4,2,Toulouse,47,528.0,108.0,276.0,197.0,60.0,14.0,528.0,13.0,7.0,53.8,6.0,46.2,203.0,1179.0,571.0,12.0,3.0,3.0,13.0,6.0,321.0,24.0,15:00:00,/en/matches/b33c5901/Toulouse-Brest-March-30-2025-Ligue-1
FRA-Ligue 1,2425,Brest,2025-04-05 Brest-Monaco,2025-04-05,Matchweek 28,Sat,Home,W,2,1,Monaco,41,504.0,63.0,180.0,202.0,126.0,15.0,504.0,11.0,5.0,45.5,5.0,45.5,190.0,1254.0,623.0,18.0,9.0,5.0,19.0,3.0,266.0,35.0,19:00:00,/en/matches/3b8a372d/Brest-Monaco-April-5-2025-Ligue-1
FRA-Ligue 1,2425,Brest,2025-04-13 Saint-Étienne-Brest,2025-04-13,Matchweek 29,Sun,Away,D,3,3,Saint-Étienne,41,466.0,48.0,162.0,188.0,122.0,22.0,466.0,13.0,8.0,61.5,5.0,38.5,255.0,1210.0,650.0,15.0,8.0,3.0,16.0,8.0,270.0,22.0,15:00:00,/en/matches/8a453c4e/Saint-Etienne-Brest-April-13-2025-Ligue-1
FRA-Ligue 1,2425,Brest,2025-04-20 Brest-Lens,2025-04-20,Matchweek 30,Sun,Home,L,1,3,Lens,44,539.0,62.0,196.0,240.0,108.0,16.0,539.0,9.0,3.0,33.3,5.0,55.6,228.0,1369.0,627.0,13.0,8.0,3.0,19.0,6.0,337.0,28.0,17:15:00,/en/matches/1e5241b4/Brest-Lens-April-20-2025-Ligue-1
FRA-Ligue 1,2425,Brest,2025-04-27 Marseille-Brest,2025-04-27,Matchweek 31,Sun,Away,L,1,4,Marseille,46,548.0,49.0,167.0,293.0,91.0,15.0,548.0,6.0,3.0,50.0,3.0,50.0,372.0,1656.0,852.0,8.0,6.0,2.0,16.0,5.0,368.0,18.0,20:45:00,/en/matches/d0c58dd5/Marseille-Brest-April-27-2025-Ligue-1
FRA-Ligue 1,2425,Brest,2025-05-04 Brest-Montpellier,2025-05-04,Matchweek 32,Sun,Home,W,1,0,Montpellier,63,804.0,63.0,232.0,363.0,212.0,33.0,804.0,22.0,10.0,45.5,11.0,50.0,524.0,2108.0,911.0,18.0,12.0,2.0,14.0,9.0,594.0,44.0,17:15:00,/en/matches/14d0b54f/Brest-Montpellier-May-4-2025-Ligue-1
FRA-Ligue 1,2425,Brest,2025-05-10 Brest-Lille,2025-05-10,Matchweek 33,Sat,Home,W,2,0,Lille,39,553.0,95.0,237.0,237.0,84.0,13.0,553.0,13.0,9.0,69.2,4.0,30.8,266.0,1313.0,702.0,17.0,13.0,4.0,16.0,6.0,317.0,27.0,21:00:00,/en/matches/21a8a9a9/Brest-Lille-May-10-2025-Ligue-1
FRA-Ligue 1,2425,Brest,2025-05-17 Nice-Brest,2025-05-17,Matchweek 34,Sat,Away,L,0,6,Nice,58,677.0,82.0,244.0,338.0,104.0,14.0,677.0,8.0,5.0,62.5,2.0,25.0,468.0,2424.0,1040.0,14.0,15.0,4.0,19.0,11.0,491.0,34.0,21:00:00,/en/matches/4ff4d64e/Nice-Brest-May-17-2025-Ligue-1
FRA-Ligue 1,2425,Le Havre,2024-08-16 Le Havre-Paris S-G,2024-08-16,Matchweek 1,Fri,Home,L,1,4,Paris S-G,24,378.0,51.0,154.0,168.0,60.0,10.0,378.0,13.0,4.0,30.8,8.0,61.5,196.0,1007.0,517.0,10.0,3.0,2.0,14.0,9.0,205.0,18.0,20:45:00,/en/matches/a6b98e33/Le-Havre-Paris-Saint-Germain-August-16-2024-Ligue-1
FRA-Ligue 1,2425,Le Havre,2024-08-24 Saint-Étienne-Le Havre,2024-08-24,Matchweek 2,Sat,Away,W,2,0,Saint-Étienne,41,463.0,50.0,147.0,201.0,121.0,16.0,462.0,21.0,11.0,52.4,6.0,28.6,239.0,1370.0,695.0,15.0,12.0,5.0,17.0,1.0,260.0,37.0,21:00:00,/en/matches/fd677aba/Saint-Etienne-Le-Havre-August-24-2024-Ligue-1
FRA-Ligue 1,2425,Le Havre,2024-09-01 Le Havre-Auxerre,2024-09-01,Matchweek 3,Sun,Home,W,3,1,Auxerre,50,573.0,45.0,169.0,243.0,165.0,28.0,572.0,13.0,8.0,61.5,5.0,38.5,345.0,1747.0,999.0,17.0,11.0,3.0,6.0,8.0,393.0,47.0,17:00:00,/en/matches/3bc2668a/Le-Havre-Auxerre-September-1-2024-Ligue-1
FRA-Ligue 1,2425,Le Havre,2024-09-15 Toulouse-Le Havre,2024-09-15,Matchweek 4,Sun,Away,L,0,2,Toulouse,46,603.0,75.0,264.0,249.0,98.0,9.0,603.0,16.0,7.0,43.8,6.0,37.5,335.0,1895.0,862.0,19.0,9.0,3.0,28.0,13.0,375.0,38.0,17:00:00,/en/matches/f4982a54/Toulouse-Le-Havre-September-15-2024-Ligue-1
FRA-Ligue 1,2425,Le Havre,2024-09-22 Monaco-Le Havre,2024-09-22,Matchweek 5,Sun,Away,L,1,3,Monaco,39,439.0,51.0,163.0,190.0,91.0,17.0,439.0,14.0,7.0,50.0,7.0,50.0,224.0,1151.0,644.0,17.0,4.0,6.0,13.0,14.0,246.0,24.0,15:00:00,/en/matches/017d7a9d/Monaco-Le-Havre-September-22-2024-Ligue-1
FRA-Ligue 1,2425,Le Havre,2024-09-28 Le Havre-Lille,2024-09-28,Matchweek 6,Sat,Home,L,0,3,Lille,38,514.0,64.0,167.0,257.0,99.0,10.0,514.0,22.0,10.0,45.5,9.0,40.9,288.0,1608.0,880.0,12.0,8.0,2.0,12.0,9.0,331.0,33.0,19:00:00,/en/matches/e08ccde6/Le-Havre-Lille-September-28-2024-Ligue-1
FRA-Ligue 1,2425,Le Havre,2024-10-06 Brest-Le Havre,2024-10-06,Matchweek 7,Sun,Away,L,0,2,Brest,47,526.0,52.0,163.0,206.0,162.0,28.0,526.0,11.0,4.0,36.4,5.0,45.5,264.0,1183.0,582.0,9.0,12.0,3.0,21.0,10.0,286.0,37.0,17:00:00,/en/matches/efe178e7/Brest-Le-Havre-October-6-2024-Ligue-1
FRA-Ligue 1,2425,Le Havre,2024-10-20 Le Havre-Lyon,2024-10-20,Matchweek 8,Sun,Home,L,0,4,Lyon,39,450.0,55.0,160.0,183.0,112.0,10.0,450.0,14.0,6.0,42.9,7.0,50.0,185.0,1093.0,613.0,16.0,9.0,0.0,10.0,4.0,254.0,29.0,15:00:00,/en/matches/b12f8ecd/Le-Havre-Lyon-October-20-2024-Ligue-1
FRA-Ligue 1,2425,Le Havre,2024-10-25 Rennes-Le Havre,2024-10-25,Matchweek 9,Fri,Away,L,0,1,Rennes,40,533.0,87.0,263.0,185.0,91.0,10.0,533.0,15.0,7.0,46.7,6.0,40.0,262.0,1432.0,721.0,18.0,11.0,4.0,19.0,8.0,307.0,23.0,20:45:00,/en/matches/603efa49/Rennes-Le-Havre-October-25-2024-Ligue-1
FRA-Ligue 1,2425,Le Havre,2024-11-03 Le Havre-Montpellier,2024-11-03,Matchweek 10,Sun,Home,W,1,0,Montpellier,48,591.0,59.0,173.0,290.0,136.0,18.0,590.0,7.0,3.0,42.9,4.0,57.1,342.0,1734.0,838.0,9.0,14.0,1.0,12.0,11.0,377.0,41.0,17:00:00,/en/matches/a537aa6e/Le-Havre-Montpellier-November-3-2024-Ligue-1
FRA-Ligue 1,2425,Le Havre,2024-11-10 Le Havre-Reims,2024-11-10,Matchweek 11,Sun,Home,L,0,3,Reims,55,562.0,63.0,189.0,243.0,134.0,18.0,562.0,17.0,6.0,35.3,10.0,58.8,258.0,1466.0,729.0,16.0,7.0,1.0,10.0,7.0,352.0,34.0,17:00:00,/en/matches/63390fe7/Le-Havre-Reims-November-10-2024-Ligue-1
FRA-Ligue 1,2425,Le Havre,2024-11-24 Nantes-Le Havre,2024-11-24,Matchweek 12,Sun,Away,W,2,0,Nantes,30,468.0,96.0,260.0,161.0,57.0,9.0,468.0,19.0,7.0,36.8,10.0,52.6,188.0,952.0,434.0,7.0,2.0,1.0,18.0,12.0,213.0,19.0,17:00:00,/en/matches/a27a021f/Nantes-Le-Havre-November-24-2024-Ligue-1
FRA-Ligue 1,2425,Le Havre,2024-12-01 Le Havre-Angers,2024-12-01,Matchweek 13,Sun,Home,L,0,1,Angers,55,646.0,41.0,147.0,346.0,158.0,22.0,646.0,18.0,10.0,55.6,8.0,44.4,361.0,2150.0,1130.0,22.0,17.0,2.0,14.0,15.0,453.0,47.0,17:00:00,/en/matches/b9d2f3b2/Le-Havre-Angers-December-1-2024-Ligue-1
FRA-Ligue 1,2425,Le Havre,2024-12-07 Nice-Le Havre,2024-12-07,Matchweek 14,Sat,Away,L,1,2,Nice,49,566.0,67.0,200.0,224.0,145.0,17.0,566.0,22.0,11.0,50.0,10.0,45.5,307.0,1617.0,681.0,18.0,5.0,1.0,18.0,11.0,333.0,46.0,19:00:00,/en/matches/3a9f8a55/Nice-Le-Havre-December-7-2024-Ligue-1
FRA-Ligue 1,2425,Le Havre,2024-12-15 Le Havre-Strasbourg,2024-12-15,Matchweek 15,Sun,Home,L,0,3,Strasbourg,56,713.0,43.0,205.0,349.0,161.0,23.0,713.0,11.0,7.0,63.6,3.0,27.3,433.0,2110.0,1091.0,18.0,19.0,3.0,15.0,7.0,536.0,52.0,17:00:00,/en/matches/e1e508ce/Le-Havre-Strasbourg-December-15-2024-Ligue-1
FRA-Ligue 1,2425,Le Havre,2025-01-05 Marseille-Le Havre,2025-01-05,Matchweek 16,Sun,Away,L,1,5,Marseille,30,517.0,99.0,321.0,160.0,43.0,8.0,517.0,8.0,4.0,50.0,3.0,37.5,285.0,1249.0,467.0,4.0,9.0,1.0,8.0,11.0,345.0,14.0,20:45:00,/en/matches/312fef53/Marseille-Le-Havre-January-5-2025-Ligue-1
FRA-Ligue 1,2425,Le Havre,2025-01-12 Le Havre-Lens,2025-01-12,Matchweek 17,Sun,Home,L,1,2,Lens,31,456.0,92.0,215.0,175.0,69.0,16.0,456.0,11.0,6.0,54.5,5.0,45.5,122.0,851.0,463.0,15.0,10.0,3.0,17.0,14.0,184.0,13.0,15:00:00,/en/matches/63d7285c/Le-Havre-Lens-January-12-2025-Ligue-1
FRA-Ligue 1,2425,Le Havre,2025-01-19 Reims-Le Havre,2025-01-19,Matchweek 18,Sun,Away,D,1,1,Reims,45,561.0,85.0,248.0,221.0,101.0,12.0,561.0,10.0,5.0,50.0,5.0,50.0,339.0,1601.0,797.0,10.0,16.0,3.0,15.0,7.0,343.0,23.0,17:15:00,/en/matches/7e7a280a/Reims-Le-Havre-January-19-2025-Ligue-1
FRA-Ligue 1,2425,Le Havre,2025-01-26 Le Havre-Brest,2025-01-26,Matchweek 19,Sun,Home,L,0,1,Brest,45,546.0,63.0,183.0,271.0,102.0,24.0,546.0,15.0,8.0,53.3,6.0,40.0,246.0,1866.0,1023.0,20.0,9.0,3.0,17.0,14.0,321.0,37.0,15:00:00,/en/matches/6f8dc12d/Le-Havre-Brest-January-26-2025-Ligue-1
FRA-Ligue 1,2425,Le Havre,2025-02-02 Angers-Le Havre,2025-02-02,Matchweek 20,Sun,Away,D,1,1,Angers,41,494.0,53.0,167.0,236.0,99.0,18.0,494.0,16.0,7.0,43.8,7.0,43.8,277.0,2061.0,1178.0,27.0,15.0,3.0,8.0,3.0,325.0,23.0,17:15:00,/en/matches/dc2dc241/Angers-Le-Havre-February-2-2025-Ligue-1
FRA-Ligue 1,2425,Le Havre,2025-02-08 Lille-Le Havre,2025-02-08,Matchweek 21,Sat,Away,W,2,1,Lille,34,446.0,95.0,268.0,107.0,77.0,23.0,446.0,11.0,5.0,45.5,6.0,54.5,197.0,919.0,442.0,8.0,7.0,2.0,8.0,12.0,220.0,15.0,19:00:00,/en/matches/8c539e02/Lille-Le-Havre-February-8-2025-Ligue-1
FRA-Ligue 1,2425,Le Havre,2025-02-16 Le Havre-Nice,2025-02-16,Matchweek 22,Sun,Home,L,1,3,Nice,49,595.0,67.0,209.0,301.0,94.0,20.0,595.0,18.0,11.0,61.1,6.0,33.3,294.0,1736.0,947.0,24.0,12.0,3.0,8.0,9.0,395.0,29.0,17:15:00,/en/matches/e62361b8/Le-Havre-Nice-February-16-2025-Ligue-1
FRA-Ligue 1,2425,Le Havre,2025-02-23 Le Havre-Toulouse,2025-02-23,Matchweek 23,Sun,Home,L,1,4,Toulouse,54,613.0,50.0,173.0,307.0,139.0,20.0,613.0,25.0,7.0,28.0,15.0,60.0,354.0,1872.0,850.0,19.0,14.0,2.0,12.0,11.0,398.0,38.0,17:15:00,/en/matches/8284b7f6/Le-Havre-Toulouse-February-23-2025-Ligue-1
FRA-Ligue 1,2425,Le Havre,2025-03-01 Lens-Le Havre,2025-03-01,Matchweek 24,Sat,Away,W,4,3,Lens,31,417.0,64.0,166.0,193.0,67.0,12.0,416.0,15.0,4.0,26.7,9.0,60.0,174.0,1295.0,772.0,16.0,9.0,4.0,9.0,9.0,218.0,21.0,19:00:00,/en/matches/f0429a72/Lens-Le-Havre-March-1-2025-Ligue-1
FRA-Ligue 1,2425,Le Havre,2025-03-09 Le Havre-Saint-Étienne,2025-03-09,Matchweek 25,Sun,Home,D,1,1,Saint-Étienne,46,533.0,70.0,206.0,192.0,140.0,28.0,532.0,13.0,7.0,53.8,4.0,30.8,275.0,1585.0,881.0,20.0,12.0,5.0,17.0,6.0,298.0,28.0,17:15:00,/en/matches/7055dbbe/Le-Havre-Saint-Etienne-March-9-2025-Ligue-1
FRA-Ligue 1,2425,Le Havre,2025-03-16 Lyon-Le Havre,2025-03-16,Matchweek 26,Sun,Away,L,2,4,Lyon,33,442.0,66.0,170.0,203.0,77.0,17.0,441.0,18.0,8.0,44.4,9.0,50.0,238.0,1248.0,554.0,12.0,7.0,2.0,11.0,11.0,250.0,20.0,15:00:00,/en/matches/4876084b/Lyon-Le-Havre-March-16-2025-Ligue-1
FRA-Ligue 1,2425,Le Havre,2025-03-30 Le Havre-Nantes,2025-03-30,Matchweek 27,Sun,Home,W,3,2,Nantes,52,554.0,46.0,188.0,244.0,127.0,30.0,552.0,13.0,2.0,15.4,10.0,76.9,357.0,1871.0,996.0,20.0,11.0,6.0,14.0,8.0,357.0,33.0,17:15:00,/en/matches/a48ef3f0/Le-Havre-Nantes-March-30-2025-Ligue-1
FRA-Ligue 1,2425,Le Havre,2025-04-06 Montpellier-Le Havre,2025-04-06,Matchweek 28,Sun,Away,W,2,0,Montpellier,45,582.0,75.0,255.0,236.0,97.0,16.0,582.0,20.0,9.0,45.0,9.0,45.0,351.0,1805.0,836.0,18.0,6.0,3.0,13.0,10.0,368.0,28.0,17:15:00,/en/matches/0f9ee6ec/Montpellier-Le-Havre-April-6-2025-Ligue-1
FRA-Ligue 1,2425,Le Havre,2025-04-13 Le Havre-Rennes,2025-04-13,Matchweek 29,Sun,Home,L,1,5,Rennes,56,592.0,37.0,140.0,297.0,163.0,20.0,592.0,15.0,7.0,46.7,8.0,53.3,402.0,2331.0,1195.0,32.0,25.0,4.0,15.0,8.0,410.0,38.0,17:15:00,/en/matches/9c967c61/Le-Havre-Rennes-April-13-2025-Ligue-1
FRA-Ligue 1,2425,Le Havre,2025-04-19 Paris S-G-Le Havre,2025-04-19,Matchweek 30,Sat,Away,L,1,2,Paris S-G,30,455.0,78.0,201.0,177.0,86.0,16.0,455.0,16.0,12.0,75.0,4.0,25.0,234.0,1351.0,641.0,12.0,5.0,4.0,11.0,10.0,271.0,30.0,17:00:00,/en/matches/8e397189/Paris-Saint-Germain-Le-Havre-April-19-2025-Ligue-1
FRA-Ligue 1,2425,Le Havre,2025-04-26 Le Havre-Monaco,2025-04-26,Matchweek 31,Sat,Home,D,1,1,Monaco,39,499.0,85.0,215.0,210.0,80.0,13.0,499.0,17.0,6.0,35.3,10.0,58.8,255.0,1434.0,675.0,17.0,13.0,3.0,11.0,9.0,270.0,31.0,19:00:00,/en/matches/6ec53da1/Le-Havre-Monaco-April-26-2025-Ligue-1
FRA-Ligue 1,2425,Le Havre,2025-05-04 Auxerre-Le Havre,2025-05-04,Matchweek 32,Sun,Away,W,2,1,Auxerre,53,574.0,38.0,165.0,299.0,118.0,16.0,574.0,12.0,7.0,58.3,5.0,41.7,294.0,1918.0,1103.0,25.0,12.0,2.0,10.0,5.0,390.0,33.0,17:15:00,/en/matches/c08af981/Auxerre-Le-Havre-May-4-2025-Ligue-1
FRA-Ligue 1,2425,Le Havre,2025-05-10 Le Havre-Marseille,2025-05-10,Matchweek 33,Sat,Home,L,1,3,Marseille,46,510.0,76.0,214.0,236.0,67.0,15.0,510.0,17.0,5.0,29.4,9.0,52.9,201.0,1157.0,534.0,9.0,4.0,2.0,15.0,5.0,319.0,31.0,21:00:00,/en/matches/7064d72a/Le-Havre-Marseille-May-10-2025-Ligue-1
FRA-Ligue 1,2425,Le Havre,2025-05-17 Strasbourg-Le Havre,2025-05-17,Matchweek 34,Sat,Away,W,3,2,Strasbourg,50,564.0,59.0,209.0,262.0,101.0,12.0,562.0,9.0,5.0,55.6,2.0,22.2,384.0,1674.0,675.0,7.0,8.0,1.0,2.0,10.0,410.0,23.0,21:00:00,/en/matches/51aaa97c/Strasbourg-Le-Havre-May-17-2025-Ligue-1
FRA-Ligue 1,2425,Lens,2024-08-18 Angers-Lens,2024-08-18,Matchweek 1,Sun,Away,W,1,0,Angers,58,687.0,56.0,227.0,318.0,148.0,12.0,687.0,19.0,8.0,42.1,9.0,47.4,387.0,1803.0,893.0,14.0,15.0,1.0,21.0,12.0,433.0,36.0,17:00:00,/en/matches/cabadc94/Angers-Lens-August-18-2024-Ligue-1
FRA-Ligue 1,2425,Lens,2024-08-25 Lens-Brest,2024-08-25,Matchweek 2,Sun,Home,W,2,0,Brest,52,643.0,49.0,150.0,313.0,183.0,34.0,643.0,14.0,8.0,57.1,6.0,42.9,370.0,1506.0,736.0,12.0,12.0,0.0,12.0,6.0,425.0,58.0,15:00:00,/en/matches/7fe11a31/Lens-Brest-August-25-2024-Ligue-1
FRA-Ligue 1,2425,Lens,2024-09-01 Monaco-Lens,2024-09-01,Matchweek 3,Sun,Away,D,1,1,Monaco,38,422.0,51.0,146.0,186.0,98.0,17.0,421.0,14.0,3.0,21.4,11.0,78.6,142.0,770.0,401.0,7.0,10.0,1.0,17.0,11.0,210.0,32.0,15:00:00,/en/matches/a93b08ff/Monaco-Lens-September-1-2024-Ligue-1
FRA-Ligue 1,2425,Lens,2024-09-15 Lens-Lyon,2024-09-15,Matchweek 4,Sun,Home,D,0,0,Lyon,54,683.0,52.0,180.0,302.0,205.0,21.0,683.0,18.0,7.0,38.9,10.0,55.6,273.0,1578.0,808.0,22.0,16.0,3.0,14.0,9.0,430.0,37.0,20:45:00,/en/matches/6f7e5cde/Lens-Lyon-September-15-2024-Ligue-1
FRA-Ligue 1,2425,Lens,2024-09-21 Rennes-Lens,2024-09-21,Matchweek 5,Sat,Away,D,1,1,Rennes,60,664.0,62.0,193.0,319.0,156.0,19.0,664.0,16.0,5.0,31.3,10.0,62.5,288.0,1621.0,840.0,17.0,6.0,3.0,22.0,10.0,413.0,33.0,19:00:00,/en/matches/73dc5828/Rennes-Lens-September-21-2024-Ligue-1
FRA-Ligue 1,2425,Lens,2024-09-28 Lens-Nice,2024-09-28,Matchweek 6,Sat,Home,D,0,0,Nice,56,634.0,73.0,171.0,239.0,231.0,38.0,634.0,26.0,6.0,23.1,19.0,73.1,410.0,2115.0,981.0,19.0,21.0,2.0,17.0,13.0,404.0,62.0,17:00:00,/en/matches/340afccd/Lens-Nice-September-28-2024-Ligue-1
FRA-Ligue 1,2425,Lens,2024-10-06 Strasbourg-Lens,2024-10-06,Matchweek 7,Sun,Away,D,2,2,Strasbourg,63,675.0,69.0,223.0,287.0,169.0,26.0,675.0,8.0,4.0,50.0,3.0,37.5,428.0,2024.0,1037.0,16.0,9.0,2.0,18.0,4.0,483.0,37.0,17:00:00,/en/matches/219332d8/Strasbourg-Lens-October-6-2024-Ligue-1
FRA-Ligue 1,2425,Lens,2024-10-19 Saint-Étienne-Lens,2024-10-19,Matchweek 8,Sat,Away,W,2,0,Saint-Étienne,63,716.0,62.0,265.0,283.0,171.0,31.0,716.0,26.0,16.0,61.5,10.0,38.5,462.0,1961.0,725.0,12.0,13.0,2.0,18.0,19.0,529.0,43.0,19:00:00,/en/matches/0782c73c/Saint-Etienne-Lens-October-19-2024-Ligue-1
FRA-Ligue 1,2425,Lens,2024-10-26 Lens-Lille,2024-10-26,Matchweek 9,Sat,Home,L,0,2,Lille,58,603.0,45.0,173.0,290.0,146.0,20.0,603.0,13.0,6.0,46.2,6.0,46.2,319.0,1494.0,689.0,14.0,14.0,5.0,21.0,5.0,346.0,42.0,21:00:00,/en/matches/ac39189f/Lens-Lille-October-26-2024-Ligue-1
FRA-Ligue 1,2425,Lens,2024-11-02 Paris S-G-Lens,2024-11-02,Matchweek 10,Sat,Away,L,0,1,Paris S-G,32,473.0,62.0,138.0,201.0,144.0,22.0,473.0,23.0,10.0,43.5,13.0,56.5,289.0,1685.0,830.0,23.0,16.0,8.0,20.0,7.0,261.0,33.0,17:00:00,/en/matches/51cd344b/Paris-Saint-Germain-Lens-November-2-2024-Ligue-1
FRA-Ligue 1,2425,Lens,2024-11-09 Lens-Nantes,2024-11-09,Matchweek 11,Sat,Home,W,3,2,Nantes,67,782.0,41.0,178.0,433.0,177.0,26.0,781.0,11.0,8.0,72.7,3.0,27.3,385.0,2142.0,1275.0,21.0,16.0,4.0,15.0,13.0,586.0,63.0,19:00:00,/en/matches/172c33b7/Lens-Nantes-November-9-2024-Ligue-1
FRA-Ligue 1,2425,Lens,2024-11-23 Lens-Marseille,2024-11-23,Matchweek 12,Sat,Home,L,1,3,Marseille,45,569.0,49.0,168.0,261.0,144.0,25.0,569.0,13.0,5.0,38.5,6.0,46.2,366.0,1814.0,872.0,18.0,10.0,5.0,22.0,12.0,337.0,25.0,17:00:00,/en/matches/01446885/Lens-Marseille-November-23-2024-Ligue-1
FRA-Ligue 1,2425,Lens,2024-11-29 Reims-Lens,2024-11-29,Matchweek 13,Fri,Away,W,2,0,Reims,48,613.0,75.0,263.0,245.0,109.0,12.0,613.0,14.0,6.0,42.9,7.0,50.0,364.0,1669.0,791.0,14.0,13.0,5.0,17.0,11.0,383.0,33.0,20:45:00,/en/matches/a4c0898c/Reims-Lens-November-29-2024-Ligue-1
FRA-Ligue 1,2425,Lens,2024-12-08 Lens-Montpellier,2024-12-08,Matchweek 14,Sun,Home,W,2,0,Montpellier,55,670.0,39.0,132.0,308.0,234.0,27.0,670.0,20.0,7.0,35.0,13.0,65.0,344.0,2082.0,1184.0,29.0,28.0,4.0,13.0,7.0,469.0,63.0,15:00:00,/en/matches/bb9a5ad3/Lens-Montpellier-December-8-2024-Ligue-1
FRA-Ligue 1,2425,Lens,2024-12-14 Auxerre-Lens,2024-12-14,Matchweek 15,Sat,Away,D,2,2,Auxerre,60,775.0,65.0,198.0,395.0,186.0,25.0,775.0,16.0,5.0,31.3,10.0,62.5,371.0,2010.0,1123.0,17.0,22.0,5.0,24.0,15.0,538.0,41.0,19:00:00,/en/matches/fb7a9227/Auxerre-Lens-December-14-2024-Ligue-1
FRA-Ligue 1,2425,Lens,2025-01-05 Lens-Toulouse,2025-01-05,Matchweek 16,Sun,Home,L,0,1,Toulouse,66,677.0,44.0,154.0,288.0,241.0,35.0,677.0,20.0,6.0,30.0,12.0,60.0,328.0,2008.0,943.0,20.0,17.0,4.0,17.0,12.0,460.0,57.0,15:00:00,/en/matches/1f09a51a/Lens-Toulouse-January-5-2025-Ligue-1
FRA-Ligue 1,2425,Lens,2025-01-12 Le Havre-Lens,2025-01-12,Matchweek 17,Sun,Away,W,2,1,Le Havre,69,755.0,32.0,137.0,339.0,288.0,48.0,755.0,21.0,7.0,33.3,13.0,61.9,507.0,1968.0,1057.0,19.0,19.0,5.0,17.0,6.0,509.0,73.0,15:00:00,/en/matches/63d7285c/Le-Havre-Lens-January-12-2025-Ligue-1
FRA-Ligue 1,2425,Lens,2025-01-18 Lens-Paris S-G,2025-01-18,Matchweek 18,Sat,Home,L,1,2,Paris S-G,34,475.0,51.0,159.0,191.0,130.0,22.0,475.0,12.0,5.0,41.7,6.0,50.0,206.0,1036.0,491.0,8.0,7.0,2.0,14.0,7.0,278.0,34.0,17:00:00,/en/matches/f1e63652/Lens-Paris-Saint-Germain-January-18-2025-Ligue-1
FRA-Ligue 1,2425,Lens,2025-01-26 Lens-Angers,2025-01-26,Matchweek 19,Sun,Home,W,1,0,Angers,64,775.0,42.0,161.0,357.0,269.0,28.0,775.0,23.0,10.0,43.5,10.0,43.5,500.0,2601.0,1276.0,27.0,22.0,2.0,19.0,15.0,538.0,58.0,17:15:00,/en/matches/5026986a/Lens-Angers-January-26-2025-Ligue-1
FRA-Ligue 1,2425,Lens,2025-01-31 Montpellier-Lens,2025-01-31,Matchweek 20,Fri,Away,W,2,0,Montpellier,51,613.0,61.0,164.0,290.0,169.0,25.0,613.0,20.0,11.0,55.0,8.0,40.0,276.0,1394.0,716.0,18.0,13.0,3.0,17.0,12.0,384.0,39.0,20:45:00,/en/matches/3652d822/Montpellier-Lens-January-31-2025-Ligue-1
FRA-Ligue 1,2425,Lens,2025-02-08 Nice-Lens,2025-02-08,Matchweek 21,Sat,Away,L,0,2,Nice,40,543.0,67.0,196.0,257.0,99.0,15.0,543.0,18.0,9.0,50.0,8.0,44.4,295.0,1579.0,887.0,14.0,16.0,5.0,13.0,9.0,349.0,26.0,17:00:00,/en/matches/544b155b/Nice-Lens-February-8-2025-Ligue-1
FRA-Ligue 1,2425,Lens,2025-02-16 Lens-Strasbourg,2025-02-16,Matchweek 22,Sun,Home,L,0,2,Strasbourg,56,707.0,66.0,214.0,336.0,159.0,26.0,707.0,15.0,4.0,26.7,10.0,66.7,408.0,1719.0,626.0,14.0,13.0,4.0,12.0,8.0,508.0,40.0,17:15:00,/en/matches/bdcbbf69/Lens-Strasbourg-February-16-2025-Ligue-1
FRA-Ligue 1,2425,Lens,2025-02-23 Nantes-Lens,2025-02-23,Matchweek 23,Sun,Away,L,1,3,Nantes,65,775.0,49.0,182.0,402.0,195.0,23.0,774.0,22.0,6.0,27.3,16.0,72.7,421.0,1935.0,892.0,11.0,13.0,1.0,21.0,15.0,550.0,43.0,15:00:00,/en/matches/24e266d4/Nantes-Lens-February-23-2025-Ligue-1
FRA-Ligue 1,2425,Lens,2025-03-01 Lens-Le Havre,2025-03-01,Matchweek 24,Sat,Home,L,3,4,Le Havre,69,741.0,40.0,125.0,364.0,260.0,31.0,740.0,20.0,11.0,55.0,9.0,45.0,461.0,2561.0,1153.0,18.0,15.0,5.0,7.0,6.0,556.0,66.0,19:00:00,/en/matches/f0429a72/Lens-Le-Havre-March-1-2025-Ligue-1
FRA-Ligue 1,2425,Lens,2025-03-08 Marseille-Lens,2025-03-08,Matchweek 25,Sat,Away,W,1,0,Marseille,25,439.0,80.0,211.0,182.0,52.0,4.0,439.0,22.0,7.0,31.8,11.0,50.0,214.0,844.0,369.0,4.0,2.0,2.0,8.0,9.0,210.0,8.0,21:05:00,/en/matches/e5496a7e/Marseille-Lens-March-8-2025-Ligue-1
FRA-Ligue 1,2425,Lens,2025-03-15 Lens-Rennes,2025-03-15,Matchweek 26,Sat,Home,W,1,0,Rennes,46,616.0,69.0,224.0,242.0,153.0,16.0,616.0,21.0,8.0,38.1,11.0,52.4,340.0,1403.0,647.0,11.0,7.0,2.0,17.0,10.0,353.0,23.0,21:05:00,/en/matches/e042d34f/Lens-Rennes-March-15-2025-Ligue-1
FRA-Ligue 1,2425,Lens,2025-03-30 Lille-Lens,2025-03-30,Matchweek 27,Sun,Away,L,0,1,Lille,55,701.0,62.0,247.0,371.0,88.0,11.0,701.0,17.0,6.0,35.3,9.0,52.9,458.0,2182.0,949.0,12.0,8.0,3.0,13.0,16.0,510.0,21.0,20:45:00,/en/matches/64b7845b/Lille-Lens-March-30-2025-Ligue-1
FRA-Ligue 1,2425,Lens,2025-04-06 Lens-Saint-Étienne,2025-04-06,Matchweek 28,Sun,Home,W,1,0,Saint-Étienne,60,669.0,48.0,184.0,310.0,182.0,38.0,669.0,15.0,8.0,53.3,5.0,33.3,465.0,2464.0,1249.0,29.0,20.0,7.0,19.0,12.0,461.0,51.0,15:00:00,/en/matches/859cd779/Lens-Saint-Etienne-April-6-2025-Ligue-1
FRA-Ligue 1,2425,Lens,2025-04-11 Lens-Reims,2025-04-11,Matchweek 29,Fri,Home,L,0,2,Reims,70,834.0,43.0,119.0,334.0,389.0,53.0,834.0,19.0,16.0,84.2,2.0,10.5,516.0,2648.0,1518.0,29.0,31.0,5.0,15.0,8.0,603.0,78.0,20:45:00,/en/matches/1fafebba/Lens-Reims-April-11-2025-Ligue-1
FRA-Ligue 1,2425,Lens,2025-04-20 Brest-Lens,2025-04-20,Matchweek 30,Sun,Away,W,3,1,Brest,56,661.0,66.0,202.0,309.0,156.0,29.0,660.0,23.0,10.0,43.5,11.0,47.8,298.0,1577.0,804.0,17.0,10.0,4.0,25.0,5.0,454.0,54.0,17:15:00,/en/matches/1e5241b4/Brest-Lens-April-20-2025-Ligue-1
FRA-Ligue 1,2425,Lens,2025-04-27 Lens-Auxerre,2025-04-27,Matchweek 31,Sun,Home,L,0,4,Auxerre,65,816.0,41.0,197.0,413.0,213.0,31.0,816.0,15.0,7.0,46.7,6.0,40.0,508.0,2476.0,1265.0,30.0,17.0,11.0,22.0,9.0,593.0,51.0,17:15:00,/en/matches/0745c59f/Lens-Auxerre-April-27-2025-Ligue-1
FRA-Ligue 1,2425,Lens,2025-05-04 Lyon-Lens,2025-05-04,Matchweek 32,Sun,Away,W,2,1,Lyon,32,483.0,111.0,238.0,192.0,58.0,10.0,483.0,10.0,4.0,40.0,6.0,60.0,220.0,1128.0,572.0,15.0,12.0,1.0,15.0,6.0,252.0,17.0,17:15:00,/en/matches/60c53e19/Lyon-Lens-May-4-2025-Ligue-1
FRA-Ligue 1,2425,Lens,2025-05-10 Toulouse-Lens,2025-05-10,Matchweek 33,Sat,Away,D,1,1,Toulouse,60,703.0,64.0,249.0,357.0,100.0,21.0,703.0,8.0,2.0,25.0,6.0,75.0,425.0,1764.0,770.0,8.0,6.0,4.0,21.0,9.0,516.0,26.0,21:00:00,/en/matches/4ef097b0/Toulouse-Lens-May-10-2025-Ligue-1
FRA-Ligue 1,2425,Lens,2025-05-17 Lens-Monaco,2025-05-17,Matchweek 34,Sat,Home,W,4,0,Monaco,46,575.0,43.0,178.0,272.0,131.0,27.0,575.0,10.0,8.0,80.0,2.0,20.0,281.0,1276.0,705.0,11.0,10.0,2.0,13.0,13.0,396.0,37.0,21:00:00,/en/matches/d2408c01/Lens-Monaco-May-17-2025-Ligue-1
FRA-Ligue 1,2425,Lille,2024-08-17 Reims-Lille,2024-08-17,Matchweek 1,Sat,Away,W,2,0,Reims,68,790.0,50.0,152.0,379.0,263.0,36.0,790.0,23.0,7.0,30.4,15.0,65.2,497.0,2748.0,1707.0,30.0,22.0,7.0,14.0,10.0,593.0,72.0,19:00:00,/en/matches/06aa495e/Reims-Lille-August-17-2024-Ligue-1
FRA-Ligue 1,2425,Lille,2024-08-24 Lille-Angers,2024-08-24,Matchweek 2,Sat,Home,W,2,0,Angers,64,722.0,43.0,142.0,401.0,186.0,28.0,722.0,22.0,13.0,59.1,9.0,40.9,454.0,2440.0,1195.0,17.0,20.0,6.0,14.0,14.0,534.0,56.0,19:00:00,/en/matches/70fdbb5a/Lille-Angers-August-24-2024-Ligue-1
FRA-Ligue 1,2425,Lille,2024-09-01 Lille-Paris S-G,2024-09-01,Matchweek 3,Sun,Home,L,1,3,Paris S-G,42,547.0,39.0,148.0,225.0,180.0,28.0,547.0,17.0,8.0,47.1,9.0,52.9,387.0,2048.0,926.0,26.0,26.0,10.0,12.0,13.0,373.0,34.0,20:45:00,/en/matches/49234140/Lille-Paris-Saint-Germain-September-1-2024-Ligue-1
FRA-Ligue 1,2425,Lille,2024-09-13 Saint-Étienne-Lille,2024-09-13,Matchweek 4,Fri,Away,L,0,1,Saint-Étienne,70,839.0,40.0,160.0,416.0,269.0,33.0,839.0,17.0,10.0,58.8,7.0,41.2,565.0,3095.0,1561.0,31.0,26.0,5.0,14.0,8.0,632.0,64.0,20:45:00,/en/matches/47e23fb5/Saint-Etienne-Lille-September-13-2024-Ligue-1
FRA-Ligue 1,2425,Lille,2024-09-21 Lille-Strasbourg,2024-09-21,Matchweek 5,Sat,Home,D,3,3,Strasbourg,63,696.0,40.0,149.0,353.0,197.0,26.0,695.0,15.0,10.0,66.7,5.0,33.3,337.0,1837.0,960.0,23.0,14.0,8.0,13.0,4.0,517.0,61.0,17:00:00,/en/matches/2bff6ebd/Lille-Strasbourg-September-21-2024-Ligue-1
FRA-Ligue 1,2425,Lille,2024-09-28 Le Havre-Lille,2024-09-28,Matchweek 6,Sat,Away,W,3,0,Le Havre,62,785.0,55.0,218.0,379.0,193.0,41.0,784.0,23.0,13.0,56.5,8.0,34.8,479.0,2256.0,1226.0,26.0,17.0,4.0,15.0,9.0,593.0,46.0,19:00:00,/en/matches/e08ccde6/Le-Havre-Lille-September-28-2024-Ligue-1
FRA-Ligue 1,2425,Lille,2024-10-05 Lille-Toulouse,2024-10-05,Matchweek 7,Sat,Home,W,2,1,Toulouse,57,660.0,66.0,225.0,324.0,118.0,16.0,660.0,22.0,12.0,54.5,9.0,40.9,433.0,1890.0,1159.0,17.0,13.0,4.0,13.0,8.0,467.0,45.0,19:00:00,/en/matches/8d700c3d/Lille-Toulouse-October-5-2024-Ligue-1
FRA-Ligue 1,2425,Lille,2024-10-18 Monaco-Lille,2024-10-18,Matchweek 8,Fri,Away,D,0,0,Monaco,48,567.0,87.0,198.0,268.0,107.0,5.0,567.0,17.0,7.0,41.2,8.0,47.1,363.0,1927.0,876.0,14.0,11.0,1.0,22.0,8.0,377.0,29.0,20:45:00,/en/matches/18476c11/Monaco-Lille-October-18-2024-Ligue-1
FRA-Ligue 1,2425,Lille,2024-10-26 Lens-Lille,2024-10-26,Matchweek 9,Sat,Away,W,2,0,Lens,42,497.0,78.0,182.0,200.0,117.0,21.0,496.0,22.0,8.0,36.4,11.0,50.0,213.0,1105.0,569.0,10.0,5.0,3.0,24.0,14.0,251.0,21.0,21:00:00,/en/matches/ac39189f/Lens-Lille-October-26-2024-Ligue-1
FRA-Ligue 1,2425,Lille,2024-11-01 Lille-Lyon,2024-11-01,Matchweek 10,Fri,Home,D,1,1,Lyon,47,555.0,103.0,220.0,221.0,119.0,25.0,555.0,24.0,10.0,41.7,13.0,54.2,303.0,1550.0,751.0,16.0,9.0,7.0,12.0,12.0,344.0,38.0,21:00:00,/en/matches/d592199c/Lille-Lyon-November-1-2024-Ligue-1
FRA-Ligue 1,2425,Lille,2024-11-10 Nice-Lille,2024-11-10,Matchweek 11,Sun,Away,D,2,2,Nice,57,663.0,72.0,191.0,320.0,153.0,21.0,663.0,19.0,9.0,47.4,9.0,47.4,336.0,1995.0,1138.0,21.0,11.0,6.0,17.0,7.0,468.0,27.0,15:00:00,/en/matches/e213d881/Nice-Lille-November-10-2024-Ligue-1
FRA-Ligue 1,2425,Lille,2024-11-24 Lille-Rennes,2024-11-24,Matchweek 12,Sun,Home,W,1,0,Rennes,52,592.0,44.0,163.0,325.0,107.0,14.0,592.0,17.0,5.0,29.4,12.0,70.6,372.0,1908.0,943.0,18.0,12.0,5.0,14.0,12.0,407.0,37.0,15:00:00,/en/matches/240126d9/Lille-Rennes-November-24-2024-Ligue-1
FRA-Ligue 1,2425,Lille,2024-12-01 Montpellier-Lille,2024-12-01,Matchweek 13,Sun,Away,D,2,2,Montpellier,58,603.0,54.0,133.0,323.0,152.0,25.0,601.0,22.0,11.0,50.0,10.0,45.5,302.0,1823.0,1019.0,17.0,14.0,7.0,13.0,5.0,399.0,41.0,15:00:00,/en/matches/76b0b7f1/Montpellier-Lille-December-1-2024-Ligue-1
FRA-Ligue 1,2425,Lille,2024-12-06 Lille-Brest,2024-12-06,Matchweek 14,Fri,Home,W,3,1,Brest,61,744.0,67.0,246.0,365.0,140.0,14.0,743.0,20.0,12.0,60.0,8.0,40.0,471.0,2474.0,1415.0,23.0,18.0,3.0,10.0,11.0,567.0,43.0,19:00:00,/en/matches/5b3adec0/Lille-Brest-December-6-2024-Ligue-1
FRA-Ligue 1,2425,Lille,2024-12-14 Marseille-Lille,2024-12-14,Matchweek 15,Sat,Away,D,1,1,Marseille,44,569.0,38.0,136.0,284.0,151.0,26.0,569.0,18.0,5.0,27.8,12.0,66.7,266.0,1315.0,680.0,13.0,10.0,6.0,10.0,13.0,393.0,39.0,17:00:00,/en/matches/5cab6dd9/Marseille-Lille-December-14-2024-Ligue-1
FRA-Ligue 1,2425,Lille,2025-01-04 Lille-Nantes,2025-01-04,Matchweek 16,Sat,Home,D,1,1,Nantes,71,863.0,25.0,131.0,483.0,253.0,34.0,863.0,16.0,8.0,50.0,7.0,43.8,576.0,2700.0,1515.0,27.0,20.0,7.0,11.0,10.0,663.0,65.0,19:00:00,/en/matches/185f0c34/Lille-Nantes-January-4-2025-Ligue-1
FRA-Ligue 1,2425,Lille,2025-01-10 Auxerre-Lille,2025-01-10,Matchweek 17,Fri,Away,D,0,0,Auxerre,70,796.0,47.0,159.0,384.0,256.0,35.0,795.0,16.0,7.0,43.8,9.0,56.3,440.0,2591.0,1471.0,25.0,18.0,3.0,20.0,11.0,543.0,76.0,21:05:00,/en/matches/0c8ab7d6/Auxerre-Lille-January-10-2025-Ligue-1
FRA-Ligue 1,2425,Lille,2025-01-17 Lille-Nice,2025-01-17,Matchweek 18,Fri,Home,W,2,1,Nice,55,695.0,68.0,162.0,360.0,179.0,23.0,695.0,15.0,4.0,26.7,10.0,66.7,378.0,1804.0,978.0,19.0,12.0,1.0,21.0,5.0,473.0,43.0,21:05:00,/en/matches/41d92573/Lille-Nice-January-17-2025-Ligue-1
FRA-Ligue 1,2425,Lille,2025-01-25 Strasbourg-Lille,2025-01-25,Matchweek 19,Sat,Away,L,1,2,Strasbourg,58,721.0,77.0,252.0,304.0,166.0,34.0,721.0,10.0,7.0,70.0,3.0,30.0,431.0,2023.0,899.0,12.0,12.0,5.0,19.0,4.0,539.0,53.0,19:00:00,/en/matches/f5d25d48/Strasbourg-Lille-January-25-2025-Ligue-1
FRA-Ligue 1,2425,Lille,2025-02-01 Lille-Saint-Étienne,2025-02-01,Matchweek 20,Sat,Home,W,4,1,Saint-Étienne,67,792.0,45.0,186.0,354.0,258.0,41.0,791.0,22.0,10.0,45.5,11.0,50.0,392.0,2078.0,1085.0,29.0,12.0,7.0,20.0,11.0,575.0,58.0,21:05:00,/en/matches/41e764ae/Lille-Saint-Etienne-February-1-2025-Ligue-1
FRA-Ligue 1,2425,Lille,2025-02-08 Lille-Le Havre,2025-02-08,Matchweek 21,Sat,Home,L,1,2,Le Havre,66,723.0,53.0,123.0,331.0,273.0,32.0,723.0,15.0,7.0,46.7,8.0,53.3,452.0,2517.0,1290.0,22.0,18.0,4.0,19.0,7.0,520.0,81.0,19:00:00,/en/matches/8c539e02/Lille-Le-Havre-February-8-2025-Ligue-1
FRA-Ligue 1,2425,Lille,2025-02-16 Rennes-Lille,2025-02-16,Matchweek 22,Sun,Away,W,2,0,Rennes,63,680.0,47.0,186.0,321.0,179.0,31.0,679.0,15.0,8.0,53.3,7.0,46.7,367.0,1794.0,949.0,19.0,13.0,5.0,16.0,13.0,499.0,56.0,20:45:00,/en/matches/f2bcec96/Rennes-Lille-February-16-2025-Ligue-1
FRA-Ligue 1,2425,Lille,2025-02-22 Lille-Monaco,2025-02-22,Matchweek 23,Sat,Home,W,2,1,Monaco,43,535.0,72.0,189.0,222.0,129.0,17.0,535.0,16.0,6.0,37.5,9.0,56.3,290.0,1392.0,695.0,10.0,11.0,1.0,12.0,7.0,338.0,28.0,17:00:00,/en/matches/a62e412a/Lille-Monaco-February-22-2025-Ligue-1
FRA-Ligue 1,2425,Lille,2025-03-01 Paris S-G-Lille,2025-03-01,Matchweek 24,Sat,Away,L,1,4,Paris S-G,42,606.0,87.0,235.0,254.0,121.0,8.0,606.0,19.0,12.0,63.2,6.0,31.6,350.0,1713.0,888.0,12.0,13.0,2.0,20.0,7.0,420.0,28.0,21:05:00,/en/matches/3432f5cc/Paris-Saint-Germain-Lille-March-1-2025-Ligue-1
FRA-Ligue 1,2425,Lille,2025-03-08 Lille-Montpellier,2025-03-08,Matchweek 25,Sat,Home,W,1,0,Montpellier,76,904.0,32.0,117.0,485.0,306.0,30.0,904.0,24.0,11.0,45.8,9.0,37.5,625.0,2683.0,1680.0,26.0,32.0,4.0,17.0,8.0,708.0,60.0,19:00:00,/en/matches/3de20b0f/Lille-Montpellier-March-8-2025-Ligue-1
FRA-Ligue 1,2425,Lille,2025-03-15 Nantes-Lille,2025-03-15,Matchweek 26,Sat,Away,L,0,1,Nantes,68,800.0,55.0,172.0,437.0,194.0,43.0,800.0,11.0,5.0,45.5,6.0,54.5,498.0,2501.0,1434.0,28.0,15.0,7.0,13.0,9.0,622.0,66.0,17:00:00,/en/matches/e91d94ec/Nantes-Lille-March-15-2025-Ligue-1
FRA-Ligue 1,2425,Lille,2025-03-30 Lille-Lens,2025-03-30,Matchweek 27,Sun,Home,W,1,0,Lens,45,574.0,44.0,137.0,316.0,128.0,14.0,574.0,10.0,5.0,50.0,5.0,50.0,334.0,1818.0,879.0,15.0,9.0,2.0,9.0,7.0,380.0,33.0,20:45:00,/en/matches/64b7845b/Lille-Lens-March-30-2025-Ligue-1
FRA-Ligue 1,2425,Lille,2025-04-05 Lyon-Lille,2025-04-05,Matchweek 28,Sat,Away,L,1,2,Lyon,44,600.0,53.0,182.0,295.0,129.0,18.0,600.0,27.0,17.0,63.0,8.0,29.6,311.0,1740.0,976.0,20.0,13.0,2.0,16.0,9.0,424.0,29.0,21:05:00,/en/matches/4fbb8dea/Lyon-Lille-April-5-2025-Ligue-1
FRA-Ligue 1,2425,Lille,2025-04-12 Toulouse-Lille,2025-04-12,Matchweek 29,Sat,Away,W,2,1,Toulouse,57,708.0,73.0,257.0,363.0,90.0,11.0,708.0,19.0,11.0,57.9,6.0,31.6,387.0,2339.0,1117.0,13.0,9.0,1.0,17.0,5.0,536.0,39.0,19:00:00,/en/matches/0a9272f4/Toulouse-Lille-April-12-2025-Ligue-1
FRA-Ligue 1,2425,Lille,2025-04-20 Lille-Auxerre,2025-04-20,Matchweek 30,Sun,Home,W,3,1,Auxerre,56,698.0,57.0,220.0,347.0,137.0,20.0,698.0,12.0,6.0,50.0,6.0,50.0,417.0,1984.0,1018.0,9.0,12.0,1.0,14.0,6.0,489.0,40.0,15:00:00,/en/matches/dfc19892/Lille-Auxerre-April-20-2025-Ligue-1
FRA-Ligue 1,2425,Lille,2025-04-27 Angers-Lille,2025-04-27,Matchweek 31,Sun,Away,W,2,0,Angers,63,682.0,48.0,169.0,348.0,173.0,28.0,682.0,17.0,9.0,52.9,8.0,47.1,394.0,2343.0,1168.0,21.0,19.0,7.0,11.0,13.0,500.0,50.0,15:00:00,/en/matches/af631621/Angers-Lille-April-27-2025-Ligue-1
FRA-Ligue 1,2425,Lille,2025-05-04 Lille-Marseille,2025-05-04,Matchweek 32,Sun,Home,D,1,1,Marseille,41,541.0,67.0,229.0,238.0,78.0,5.0,541.0,12.0,2.0,16.7,9.0,75.0,262.0,1568.0,624.0,9.0,7.0,0.0,10.0,7.0,364.0,28.0,20:45:00,/en/matches/491d68bb/Lille-Marseille-May-4-2025-Ligue-1
FRA-Ligue 1,2425,Lille,2025-05-10 Brest-Lille,2025-05-10,Matchweek 33,Sat,Away,L,0,2,Brest,61,753.0,61.0,207.0,370.0,182.0,34.0,753.0,12.0,5.0,41.7,7.0,58.3,407.0,1989.0,1049.0,24.0,15.0,7.0,17.0,9.0,533.0,54.0,21:00:00,/en/matches/21a8a9a9/Brest-Lille-May-10-2025-Ligue-1
FRA-Ligue 1,2425,Lille,2025-05-17 Lille-Reims,2025-05-17,Matchweek 34,Sat,Home,W,2,1,Reims,78,778.0,45.0,123.0,357.0,308.0,37.0,777.0,12.0,3.0,25.0,9.0,75.0,553.0,3215.0,1555.0,27.0,24.0,10.0,14.0,4.0,573.0,63.0,21:00:00,/en/matches/788e598c/Lille-Reims-May-17-2025-Ligue-1
FRA-Ligue 1,2425,Lyon,2024-08-18 Rennes-Lyon,2024-08-18,Matchweek 1,Sun,Away,L,0,3,Rennes,53,622.0,68.0,177.0,282.0,166.0,40.0,621.0,23.0,5.0,21.7,15.0,65.2,342.0,2076.0,1084.0,30.0,10.0,5.0,9.0,7.0,409.0,55.0,20:45:00,/en/matches/bc46a367/Rennes-Lyon-August-18-2024-Ligue-1
FRA-Ligue 1,2425,Lyon,2024-08-24 Lyon-Monaco,2024-08-24,Matchweek 2,Sat,Home,L,0,2,Monaco,40,492.0,75.0,209.0,199.0,90.0,10.0,492.0,24.0,8.0,33.3,15.0,62.5,205.0,1312.0,575.0,15.0,10.0,4.0,20.0,10.0,278.0,26.0,17:00:00,/en/matches/1041ac42/Lyon-Monaco-August-24-2024-Ligue-1
FRA-Ligue 1,2425,Lyon,2024-08-30 Lyon-Strasbourg,2024-08-30,Matchweek 3,Fri,Home,W,4,3,Strasbourg,48,567.0,50.0,155.0,233.0,184.0,33.0,567.0,17.0,7.0,41.2,9.0,52.9,364.0,1555.0,737.0,17.0,8.0,5.0,16.0,9.0,357.0,46.0,20:45:00,/en/matches/2c5ec7aa/Lyon-Strasbourg-August-30-2024-Ligue-1
FRA-Ligue 1,2425,Lyon,2024-09-15 Lens-Lyon,2024-09-15,Matchweek 4,Sun,Away,D,0,0,Lens,46,579.0,68.0,192.0,229.0,167.0,26.0,579.0,14.0,5.0,35.7,7.0,50.0,268.0,1241.0,597.0,17.0,12.0,6.0,20.0,5.0,339.0,38.0,20:45:00,/en/matches/6f7e5cde/Lens-Lyon-September-15-2024-Ligue-1
FRA-Ligue 1,2425,Lyon,2024-09-22 Lyon-Marseille,2024-09-22,Matchweek 5,Sun,Home,L,2,3,Marseille,63,648.0,18.0,84.0,277.0,295.0,42.0,647.0,21.0,11.0,52.4,9.0,42.9,286.0,1517.0,942.0,20.0,13.0,4.0,10.0,7.0,468.0,67.0,20:45:00,/en/matches/35b20e2f/Choc-des-Olympiques-Lyon-Marseille-September-22-2024-Ligue-1
FRA-Ligue 1,2425,Lyon,2024-09-29 Toulouse-Lyon,2024-09-29,Matchweek 6,Sun,Away,W,2,1,Toulouse,54,605.0,76.0,196.0,286.0,125.0,9.0,605.0,17.0,8.0,47.1,8.0,47.1,307.0,1451.0,724.0,18.0,6.0,5.0,12.0,17.0,429.0,37.0,15:00:00,/en/matches/a7954dea/Toulouse-Lyon-September-29-2024-Ligue-1
FRA-Ligue 1,2425,Lyon,2024-10-06 Lyon-Nantes,2024-10-06,Matchweek 7,Sun,Home,W,2,0,Nantes,61,794.0,55.0,206.0,376.0,217.0,43.0,794.0,19.0,8.0,42.1,10.0,52.6,441.0,2477.0,1324.0,32.0,23.0,9.0,13.0,7.0,570.0,58.0,15:00:00,/en/matches/1cefcdb4/Lyon-Nantes-October-6-2024-Ligue-1
FRA-Ligue 1,2425,Lyon,2024-10-20 Le Havre-Lyon,2024-10-20,Matchweek 8,Sun,Away,W,4,0,Le Havre,61,647.0,58.0,197.0,302.0,150.0,22.0,647.0,15.0,10.0,66.7,5.0,33.3,288.0,1543.0,904.0,17.0,14.0,3.0,17.0,12.0,460.0,50.0,15:00:00,/en/matches/b12f8ecd/Le-Havre-Lyon-October-20-2024-Ligue-1
FRA-Ligue 1,2425,Lyon,2024-10-27 Lyon-Auxerre,2024-10-27,Matchweek 9,Sun,Home,D,2,2,Auxerre,62,712.0,57.0,171.0,344.0,201.0,32.0,711.0,23.0,6.0,26.1,13.0,56.5,360.0,1990.0,1244.0,24.0,13.0,4.0,12.0,8.0,483.0,52.0,15:00:00,/en/matches/bd02e3b4/Lyon-Auxerre-October-27-2024-Ligue-1
FRA-Ligue 1,2425,Lyon,2024-11-01 Lille-Lyon,2024-11-01,Matchweek 10,Fri,Away,D,1,1,Lille,53,584.0,64.0,201.0,237.0,154.0,46.0,584.0,17.0,10.0,58.8,7.0,41.2,329.0,1729.0,950.0,25.0,13.0,10.0,11.0,6.0,371.0,28.0,21:00:00,/en/matches/d592199c/Lille-Lyon-November-1-2024-Ligue-1
FRA-Ligue 1,2425,Lyon,2024-11-10 Lyon-Saint-Étienne,2024-11-10,Matchweek 11,Sun,Home,W,1,0,Saint-Étienne,62,719.0,45.0,181.0,338.0,212.0,38.0,719.0,16.0,7.0,43.8,8.0,50.0,424.0,2373.0,1378.0,26.0,21.0,7.0,16.0,12.0,501.0,62.0,20:45:00,/en/matches/e552596a/Lyon-Saint-Etienne-November-10-2024-Ligue-1
FRA-Ligue 1,2425,Lyon,2024-11-23 Reims-Lyon,2024-11-23,Matchweek 12,Sat,Away,D,1,1,Reims,59,677.0,58.0,185.0,348.0,152.0,35.0,677.0,17.0,9.0,52.9,8.0,47.1,358.0,2152.0,1245.0,17.0,14.0,9.0,19.0,6.0,494.0,60.0,21:00:00,/en/matches/4da20576/Reims-Lyon-November-23-2024-Ligue-1
FRA-Ligue 1,2425,Lyon,2024-12-01 Lyon-Nice,2024-12-01,Matchweek 13,Sun,Home,W,4,1,Nice,53,635.0,57.0,188.0,302.0,159.0,31.0,634.0,18.0,7.0,38.9,10.0,55.6,390.0,1919.0,973.0,22.0,16.0,6.0,12.0,3.0,399.0,41.0,17:00:00,/en/matches/44194749/Lyon-Nice-December-1-2024-Ligue-1
FRA-Ligue 1,2425,Lyon,2024-12-07 Angers-Lyon,2024-12-07,Matchweek 14,Sat,Away,W,3,0,Angers,63,731.0,51.0,164.0,350.0,223.0,35.0,731.0,13.0,5.0,38.5,7.0,53.8,486.0,2482.0,1305.0,21.0,16.0,9.0,8.0,6.0,538.0,45.0,21:00:00,/en/matches/8f5cb172/Angers-Lyon-December-7-2024-Ligue-1
FRA-Ligue 1,2425,Lyon,2024-12-15 Paris S-G-Lyon,2024-12-15,Matchweek 15,Sun,Away,L,1,3,Paris S-G,32,479.0,66.0,173.0,189.0,121.0,24.0,479.0,18.0,7.0,38.9,11.0,61.1,262.0,1337.0,614.0,15.0,10.0,5.0,19.0,5.0,293.0,38.0,20:45:00,/en/matches/90a6f4dd/Paris-Saint-Germain-Lyon-December-15-2024-Ligue-1
FRA-Ligue 1,2425,Lyon,2025-01-04 Lyon-Montpellier,2025-01-04,Matchweek 16,Sat,Home,W,1,0,Montpellier,57,675.0,63.0,176.0,348.0,158.0,25.0,675.0,18.0,8.0,44.4,10.0,55.6,427.0,2541.0,1568.0,20.0,15.0,2.0,17.0,11.0,456.0,54.0,21:00:00,/en/matches/6c34a34e/Lyon-Montpellier-January-4-2025-Ligue-1
FRA-Ligue 1,2425,Lyon,2025-01-11 Brest-Lyon,2025-01-11,Matchweek 17,Sat,Away,L,1,2,Brest,67,767.0,45.0,206.0,374.0,189.0,26.0,767.0,13.0,8.0,61.5,4.0,30.8,511.0,2334.0,1204.0,16.0,9.0,5.0,9.0,8.0,564.0,59.0,17:00:00,/en/matches/561e5c4a/Brest-Lyon-January-11-2025-Ligue-1
FRA-Ligue 1,2425,Lyon,2025-01-18 Lyon-Toulouse,2025-01-18,Matchweek 18,Sat,Home,D,0,0,Toulouse,62,730.0,66.0,201.0,320.0,218.0,38.0,730.0,19.0,8.0,42.1,11.0,57.9,400.0,2295.0,1151.0,17.0,12.0,8.0,15.0,12.0,512.0,65.0,21:05:00,/en/matches/58a863f5/Lyon-Toulouse-January-18-2025-Ligue-1
FRA-Ligue 1,2425,Lyon,2025-01-26 Nantes-Lyon,2025-01-26,Matchweek 19,Sun,Away,D,1,1,Nantes,62,764.0,75.0,241.0,359.0,171.0,42.0,764.0,12.0,3.0,25.0,9.0,75.0,451.0,2245.0,1226.0,17.0,10.0,8.0,8.0,10.0,560.0,53.0,17:15:00,/en/matches/b90ceb47/Nantes-Lyon-January-26-2025-Ligue-1
FRA-Ligue 1,2425,Lyon,2025-02-02 Marseille-Lyon,2025-02-02,Matchweek 20,Sun,Away,L,2,3,Marseille,37,461.0,87.0,208.0,178.0,78.0,12.0,460.0,13.0,3.0,23.1,8.0,61.5,244.0,1086.0,533.0,5.0,7.0,2.0,11.0,10.0,277.0,20.0,20:45:00,/en/matches/368d6066/Choc-des-Olympiques-Marseille-Lyon-February-2-2025-Ligue-1
FRA-Ligue 1,2425,Lyon,2025-02-09 Lyon-Reims,2025-02-09,Matchweek 21,Sun,Home,W,4,0,Reims,67,776.0,64.0,162.0,374.0,248.0,29.0,776.0,15.0,8.0,53.3,6.0,40.0,466.0,2066.0,1152.0,22.0,15.0,6.0,8.0,8.0,589.0,53.0,15:00:00,/en/matches/48caa08f/Lyon-Reims-February-9-2025-Ligue-1
FRA-Ligue 1,2425,Lyon,2025-02-16 Montpellier-Lyon,2025-02-16,Matchweek 22,Sun,Away,W,4,1,Montpellier,62,706.0,81.0,233.0,376.0,97.0,17.0,706.0,12.0,5.0,41.7,5.0,41.7,377.0,1422.0,841.0,13.0,8.0,3.0,22.0,8.0,522.0,41.0,15:00:00,/en/matches/1a0c79f0/Montpellier-Lyon-February-16-2025-Ligue-1
FRA-Ligue 1,2425,Lyon,2025-02-23 Lyon-Paris S-G,2025-02-23,Matchweek 23,Sun,Home,L,2,3,Paris S-G,35,473.0,67.0,176.0,179.0,123.0,24.0,473.0,23.0,10.0,43.5,12.0,52.2,255.0,1458.0,747.0,12.0,14.0,4.0,8.0,3.0,300.0,40.0,20:45:00,/en/matches/3906711b/Lyon-Paris-Saint-Germain-February-23-2025-Ligue-1
FRA-Ligue 1,2425,Lyon,2025-03-02 Lyon-Brest,2025-03-02,Matchweek 24,Sun,Home,W,2,1,Brest,66,761.0,56.0,151.0,444.0,169.0,19.0,761.0,12.0,5.0,41.7,7.0,58.3,389.0,2447.0,1441.0,22.0,14.0,5.0,19.0,12.0,569.0,61.0,15:00:00,/en/matches/9e7b9e2a/Lyon-Brest-March-2-2025-Ligue-1
FRA-Ligue 1,2425,Lyon,2025-03-09 Nice-Lyon,2025-03-09,Matchweek 25,Sun,Away,W,2,0,Nice,63,819.0,121.0,328.0,366.0,133.0,11.0,819.0,17.0,11.0,64.7,6.0,35.3,607.0,2092.0,906.0,16.0,16.0,4.0,11.0,8.0,611.0,27.0,20:45:00,/en/matches/29e9616d/Nice-Lyon-March-9-2025-Ligue-1
FRA-Ligue 1,2425,Lyon,2025-03-16 Lyon-Le Havre,2025-03-16,Matchweek 26,Sun,Home,W,4,2,Le Havre,67,759.0,62.0,171.0,396.0,199.0,28.0,758.0,18.0,7.0,38.9,11.0,61.1,472.0,1985.0,1257.0,18.0,10.0,1.0,15.0,13.0,578.0,59.0,15:00:00,/en/matches/4876084b/Lyon-Le-Havre-March-16-2025-Ligue-1
FRA-Ligue 1,2425,Lyon,2025-03-28 Strasbourg-Lyon,2025-03-28,Matchweek 27,Fri,Away,L,2,4,Strasbourg,60,717.0,50.0,222.0,324.0,176.0,30.0,716.0,14.0,7.0,50.0,7.0,50.0,522.0,2230.0,1191.0,20.0,17.0,8.0,11.0,13.0,538.0,50.0,20:45:00,/en/matches/e4da6424/Strasbourg-Lyon-March-28-2025-Ligue-1
FRA-Ligue 1,2425,Lyon,2025-04-05 Lyon-Lille,2025-04-05,Matchweek 28,Sat,Home,W,2,1,Lille,56,728.0,70.0,274.0,360.0,100.0,18.0,727.0,7.0,2.0,28.6,4.0,57.1,552.0,2507.0,1154.0,12.0,13.0,5.0,10.0,13.0,559.0,39.0,21:05:00,/en/matches/4fbb8dea/Lyon-Lille-April-5-2025-Ligue-1
FRA-Ligue 1,2425,Lyon,2025-04-13 Auxerre-Lyon,2025-04-13,Matchweek 29,Sun,Away,W,3,1,Auxerre,59,686.0,80.0,235.0,284.0,171.0,29.0,685.0,9.0,4.0,44.4,4.0,44.4,459.0,2318.0,1194.0,25.0,19.0,6.0,13.0,5.0,499.0,45.0,20:45:00,/en/matches/bef8bbc1/Auxerre-Lyon-April-13-2025-Ligue-1
FRA-Ligue 1,2425,Lyon,2025-04-20 Saint-Étienne-Lyon,2025-04-20,Matchweek 30,Sun,Away,L,1,2,Saint-Étienne,60,694.0,68.0,248.0,303.0,147.0,30.0,694.0,15.0,8.0,53.3,6.0,40.0,488.0,2234.0,1208.0,32.0,19.0,5.0,15.0,8.0,510.0,45.0,20:45:00,/en/matches/19228d4a/Saint-Etienne-Lyon-April-20-2025-Ligue-1
FRA-Ligue 1,2425,Lyon,2025-04-26 Lyon-Rennes,2025-04-26,Matchweek 31,Sat,Home,W,4,1,Rennes,53,615.0,78.0,269.0,231.0,119.0,28.0,615.0,9.0,4.0,44.4,5.0,55.6,431.0,2084.0,1168.0,22.0,13.0,9.0,11.0,2.0,464.0,22.0,21:05:00,/en/matches/5f2584e1/Lyon-Rennes-April-26-2025-Ligue-1
FRA-Ligue 1,2425,Lyon,2025-05-04 Lyon-Lens,2025-05-04,Matchweek 32,Sun,Home,L,1,2,Lens,68,806.0,36.0,116.0,337.0,358.0,73.0,806.0,18.0,12.0,66.7,6.0,33.3,539.0,3454.0,2176.0,62.0,40.0,17.0,18.0,4.0,590.0,76.0,17:15:00,/en/matches/60c53e19/Lyon-Lens-May-4-2025-Ligue-1
FRA-Ligue 1,2425,Lyon,2025-05-10 Monaco-Lyon,2025-05-10,Matchweek 33,Sat,Away,L,0,2,Monaco,49,568.0,66.0,202.0,252.0,118.0,13.0,568.0,11.0,4.0,36.4,7.0,63.6,317.0,1622.0,819.0,13.0,15.0,3.0,12.0,8.0,358.0,32.0,21:00:00,/en/matches/279e9cba/Monaco-Lyon-May-10-2025-Ligue-1
FRA-Ligue 1,2425,Lyon,2025-05-17 Lyon-Angers,2025-05-17,Matchweek 34,Sat,Home,W,2,0,Angers,57,640.0,54.0,146.0,280.0,222.0,41.0,639.0,19.0,8.0,42.1,7.0,36.8,413.0,2351.0,1275.0,29.0,18.0,9.0,9.0,5.0,459.0,56.0,21:00:00,/en/matches/5042cc91/Lyon-Angers-May-17-2025-Ligue-1
FRA-Ligue 1,2425,Marseille,2024-08-17 Brest-Marseille,2024-08-17,Matchweek 1,Sat,Away,W,5,1,Brest,50,658.0,89.0,345.0,270.0,49.0,14.0,656.0,25.0,8.0,32.0,15.0,60.0,420.0,1618.0,793.0,13.0,5.0,8.0,16.0,13.0,464.0,15.0,17:00:00,/en/matches/35c1995a/Brest-Marseille-August-17-2024-Ligue-1
FRA-Ligue 1,2425,Marseille,2024-08-25 Marseille-Reims,2024-08-25,Matchweek 2,Sun,Home,D,2,2,Reims,66,761.0,62.0,210.0,406.0,146.0,30.0,761.0,11.0,5.0,45.5,6.0,54.5,413.0,2479.0,1288.0,19.0,10.0,7.0,13.0,6.0,595.0,50.0,20:45:00,/en/matches/3a93bc8b/Marseille-Reims-August-25-2024-Ligue-1
FRA-Ligue 1,2425,Marseille,2024-08-31 Toulouse-Marseille,2024-08-31,Matchweek 3,Sat,Away,W,3,1,Toulouse,76,1003.0,47.0,251.0,561.0,194.0,28.0,1003.0,15.0,5.0,33.3,7.0,46.7,769.0,3102.0,1379.0,16.0,17.0,4.0,15.0,7.0,828.0,54.0,21:00:00,/en/matches/ebbcbe63/Toulouse-Marseille-August-31-2024-Ligue-1
FRA-Ligue 1,2425,Marseille,2024-09-14 Marseille-Nice,2024-09-14,Matchweek 4,Sat,Home,W,2,0,Nice,56,625.0,82.0,234.0,273.0,129.0,12.0,625.0,14.0,6.0,42.9,8.0,57.1,411.0,1893.0,829.0,12.0,16.0,4.0,6.0,10.0,436.0,25.0,17:00:00,/en/matches/2034c29c/Marseille-Nice-September-14-2024-Ligue-1
FRA-Ligue 1,2425,Marseille,2024-09-22 Lyon-Marseille,2024-09-22,Matchweek 5,Sun,Away,W,3,2,Lyon,37,455.0,97.0,235.0,187.0,37.0,8.0,455.0,15.0,5.0,33.3,9.0,60.0,155.0,988.0,448.0,11.0,1.0,1.0,14.0,4.0,255.0,12.0,20:45:00,/en/matches/35b20e2f/Choc-des-Olympiques-Lyon-Marseille-September-22-2024-Ligue-1
FRA-Ligue 1,2425,Marseille,2024-09-29 Strasbourg-Marseille,2024-09-29,Matchweek 6,Sun,Away,L,0,1,Strasbourg,59,686.0,80.0,301.0,286.0,102.0,16.0,686.0,13.0,7.0,53.8,6.0,46.2,471.0,2491.0,1038.0,14.0,8.0,4.0,18.0,10.0,498.0,29.0,20:45:00,/en/matches/ebcd9980/Strasbourg-Marseille-September-29-2024-Ligue-1
FRA-Ligue 1,2425,Marseille,2024-10-04 Marseille-Angers,2024-10-04,Matchweek 7,Fri,Home,D,1,1,Angers,76,848.0,26.0,84.0,455.0,311.0,29.0,848.0,15.0,10.0,66.7,5.0,33.3,566.0,2884.0,1740.0,18.0,28.0,6.0,14.0,3.0,694.0,79.0,20:45:00,/en/matches/c2dcc859/Marseille-Angers-October-4-2024-Ligue-1
FRA-Ligue 1,2425,Marseille,2024-10-20 Montpellier-Marseille,2024-10-20,Matchweek 8,Sun,Away,W,5,0,Montpellier,65,695.0,39.0,129.0,406.0,163.0,35.0,695.0,24.0,10.0,41.7,13.0,54.2,427.0,1820.0,1058.0,22.0,9.0,11.0,9.0,15.0,534.0,62.0,20:45:00,/en/matches/0f332030/Montpellier-Marseille-October-20-2024-Ligue-1
FRA-Ligue 1,2425,Marseille,2024-10-27 Marseille-Paris S-G,2024-10-27,Matchweek 9,Sun,Home,L,0,3,Paris S-G,26,424.0,77.0,225.0,157.0,47.0,8.0,424.0,18.0,9.0,50.0,9.0,50.0,226.0,1127.0,433.0,7.0,3.0,3.0,18.0,12.0,259.0,12.0,20:45:00,/en/matches/c29b0d3a/Marseille-Paris-Saint-Germain-October-27-2024-Ligue-1
FRA-Ligue 1,2425,Marseille,2024-11-03 Nantes-Marseille,2024-11-03,Matchweek 10,Sun,Away,W,2,1,Nantes,73,946.0,61.0,227.0,512.0,210.0,22.0,946.0,22.0,13.0,59.1,7.0,31.8,626.0,3508.0,1918.0,25.0,16.0,9.0,16.0,12.0,759.0,66.0,20:45:00,/en/matches/53893177/Nantes-Marseille-November-3-2024-Ligue-1
FRA-Ligue 1,2425,Marseille,2024-11-08 Marseille-Auxerre,2024-11-08,Matchweek 11,Fri,Home,L,1,3,Auxerre,74,819.0,23.0,116.0,468.0,242.0,26.0,818.0,24.0,10.0,41.7,12.0,50.0,597.0,3112.0,1808.0,33.0,13.0,6.0,15.0,11.0,613.0,68.0,20:45:00,/en/matches/4ab63460/Marseille-Auxerre-November-8-2024-Ligue-1
FRA-Ligue 1,2425,Marseille,2024-11-23 Lens-Marseille,2024-11-23,Matchweek 12,Sat,Away,W,3,1,Lens,55,651.0,93.0,260.0,291.0,107.0,17.0,651.0,22.0,10.0,45.5,10.0,45.5,374.0,1493.0,495.0,4.0,9.0,3.0,22.0,9.0,423.0,29.0,17:00:00,/en/matches/01446885/Lens-Marseille-November-23-2024-Ligue-1
FRA-Ligue 1,2425,Marseille,2024-12-01 Marseille-Monaco,2024-12-01,Matchweek 13,Sun,Home,W,2,1,Monaco,63,817.0,81.0,307.0,359.0,159.0,18.0,816.0,24.0,8.0,33.3,15.0,62.5,347.0,1979.0,930.0,21.0,14.0,5.0,14.0,8.0,588.0,41.0,20:45:00,/en/matches/e90d4817/Marseille-Monaco-December-1-2024-Ligue-1
FRA-Ligue 1,2425,Marseille,2024-12-08 Saint-Étienne-Marseille,2024-12-08,Matchweek 14,Sun,Away,W,2,0,Saint-Étienne,68,990.0,29.0,160.0,655.0,180.0,29.0,989.0,15.0,11.0,73.3,3.0,20.0,694.0,2897.0,1561.0,23.0,13.0,10.0,16.0,5.0,824.0,54.0,20:45:00,/en/matches/e865637d/Saint-Etienne-Marseille-December-8-2024-Ligue-1
FRA-Ligue 1,2425,Marseille,2024-12-14 Marseille-Lille,2024-12-14,Matchweek 15,Sat,Home,D,1,1,Lille,56,726.0,119.0,357.0,281.0,92.0,13.0,726.0,21.0,10.0,47.6,10.0,47.6,369.0,1816.0,930.0,20.0,16.0,5.0,13.0,8.0,529.0,24.0,17:00:00,/en/matches/5cab6dd9/Marseille-Lille-December-14-2024-Ligue-1
FRA-Ligue 1,2425,Marseille,2025-01-05 Marseille-Le Havre,2025-01-05,Matchweek 16,Sun,Home,W,5,1,Le Havre,70,1038.0,24.0,88.0,641.0,314.0,25.0,1038.0,22.0,9.0,40.9,11.0,50.0,549.0,2681.0,1416.0,22.0,22.0,6.0,11.0,11.0,871.0,74.0,20:45:00,/en/matches/312fef53/Marseille-Le-Havre-January-5-2025-Ligue-1
FRA-Ligue 1,2425,Marseille,2025-01-11 Rennes-Marseille,2025-01-11,Matchweek 17,Sat,Away,W,2,1,Rennes,64,794.0,39.0,147.0,519.0,135.0,22.0,794.0,12.0,4.0,33.3,7.0,58.3,428.0,1981.0,1151.0,13.0,13.0,4.0,15.0,9.0,610.0,43.0,21:05:00,/en/matches/e23cca77/Rennes-Marseille-January-11-2025-Ligue-1
FRA-Ligue 1,2425,Marseille,2025-01-19 Marseille-Strasbourg,2025-01-19,Matchweek 18,Sun,Home,D,1,1,Strasbourg,69,762.0,58.0,219.0,348.0,201.0,38.0,761.0,13.0,4.0,30.8,8.0,61.5,349.0,1589.0,818.0,16.0,13.0,6.0,11.0,5.0,551.0,62.0,20:45:00,/en/matches/fb5f33dc/Marseille-Strasbourg-January-19-2025-Ligue-1
FRA-Ligue 1,2425,Marseille,2025-01-26 Nice-Marseille,2025-01-26,Matchweek 19,Sun,Away,L,0,2,Nice,71,840.0,58.0,190.0,409.0,247.0,30.0,840.0,13.0,2.0,15.4,9.0,69.2,454.0,2330.0,1326.0,22.0,23.0,8.0,12.0,17.0,638.0,66.0,20:45:00,/en/matches/ce373826/Nice-Marseille-January-26-2025-Ligue-1
FRA-Ligue 1,2425,Marseille,2025-02-02 Marseille-Lyon,2025-02-02,Matchweek 20,Sun,Home,W,3,2,Lyon,63,708.0,37.0,151.0,369.0,195.0,46.0,708.0,8.0,3.0,37.5,5.0,62.5,441.0,1825.0,971.0,20.0,15.0,13.0,10.0,6.0,522.0,54.0,20:45:00,/en/matches/368d6066/Choc-des-Olympiques-Marseille-Lyon-February-2-2025-Ligue-1
FRA-Ligue 1,2425,Marseille,2025-02-09 Angers-Marseille,2025-02-09,Matchweek 21,Sun,Away,W,2,0,Angers,78,1029.0,35.0,151.0,584.0,302.0,42.0,1029.0,15.0,9.0,60.0,6.0,40.0,636.0,2830.0,1573.0,31.0,25.0,5.0,10.0,9.0,849.0,68.0,20:45:00,/en/matches/64ab3386/Angers-Marseille-February-9-2025-Ligue-1
FRA-Ligue 1,2425,Marseille,2025-02-15 Marseille-Saint-Étienne,2025-02-15,Matchweek 22,Sat,Home,W,5,1,Saint-Étienne,70,958.0,45.0,221.0,516.0,229.0,48.0,957.0,15.0,12.0,80.0,3.0,20.0,606.0,2372.0,1162.0,31.0,21.0,10.0,8.0,7.0,778.0,60.0,17:00:00,/en/matches/0a71ff58/Marseille-Saint-Etienne-February-15-2025-Ligue-1
FRA-Ligue 1,2425,Marseille,2025-02-22 Auxerre-Marseille,2025-02-22,Matchweek 23,Sat,Away,L,0,3,Auxerre,79,925.0,40.0,150.0,580.0,197.0,19.0,925.0,18.0,5.0,27.8,13.0,72.2,500.0,2796.0,1618.0,17.0,21.0,3.0,12.0,13.0,738.0,75.0,21:05:00,/en/matches/f26394d7/Auxerre-Marseille-February-22-2025-Ligue-1
FRA-Ligue 1,2425,Marseille,2025-03-02 Marseille-Nantes,2025-03-02,Matchweek 24,Sun,Home,W,2,0,Nantes,74,948.0,65.0,290.0,466.0,200.0,25.0,948.0,26.0,9.0,34.6,15.0,57.7,697.0,2746.0,1423.0,28.0,19.0,5.0,15.0,10.0,739.0,47.0,20:45:00,/en/matches/ef2b73e7/Marseille-Nantes-March-2-2025-Ligue-1
FRA-Ligue 1,2425,Marseille,2025-03-08 Marseille-Lens,2025-03-08,Matchweek 25,Sat,Home,L,0,1,Lens,75,1013.0,31.0,165.0,508.0,347.0,28.0,1013.0,26.0,16.0,61.5,10.0,38.5,526.0,3131.0,1881.0,40.0,44.0,9.0,13.0,20.0,804.0,80.0,21:05:00,/en/matches/e5496a7e/Marseille-Lens-March-8-2025-Ligue-1
FRA-Ligue 1,2425,Marseille,2025-03-16 Paris S-G-Marseille,2025-03-16,Matchweek 26,Sun,Away,L,1,3,Paris S-G,40,557.0,75.0,198.0,231.0,132.0,14.0,557.0,16.0,7.0,43.8,8.0,50.0,353.0,1476.0,709.0,12.0,10.0,2.0,15.0,12.0,362.0,24.0,20:45:00,/en/matches/ff08b7d1/Paris-Saint-Germain-Marseille-March-16-2025-Ligue-1
FRA-Ligue 1,2425,Marseille,2025-03-29 Reims-Marseille,2025-03-29,Matchweek 27,Sat,Away,L,1,3,Reims,80,929.0,24.0,101.0,386.0,446.0,37.0,929.0,15.0,7.0,46.7,8.0,53.3,672.0,3105.0,1770.0,40.0,29.0,6.0,11.0,8.0,713.0,104.0,17:00:00,/en/matches/e3656ea1/Reims-Marseille-March-29-2025-Ligue-1
FRA-Ligue 1,2425,Marseille,2025-04-06 Marseille-Toulouse,2025-04-06,Matchweek 28,Sun,Home,W,3,2,Toulouse,67,728.0,63.0,229.0,351.0,154.0,23.0,728.0,14.0,6.0,42.9,8.0,57.1,535.0,2090.0,1018.0,20.0,11.0,5.0,14.0,6.0,575.0,38.0,20:45:00,/en/matches/37a1d2be/Marseille-Toulouse-April-6-2025-Ligue-1
FRA-Ligue 1,2425,Marseille,2025-04-12 Monaco-Marseille,2025-04-12,Matchweek 29,Sat,Away,L,0,3,Monaco,58,734.0,74.0,243.0,338.0,159.0,20.0,734.0,23.0,11.0,47.8,11.0,47.8,335.0,1798.0,978.0,21.0,9.0,5.0,16.0,6.0,518.0,52.0,17:00:00,/en/matches/b1f79298/Monaco-Marseille-April-12-2025-Ligue-1
FRA-Ligue 1,2425,Marseille,2025-04-19 Marseille-Montpellier,2025-04-19,Matchweek 30,Sat,Home,W,5,1,Montpellier,68,880.0,20.0,104.0,536.0,244.0,34.0,879.0,15.0,7.0,46.7,8.0,53.3,612.0,2447.0,1307.0,19.0,17.0,5.0,14.0,14.0,706.0,58.0,21:05:00,/en/matches/5a01308b/Marseille-Montpellier-April-19-2025-Ligue-1
FRA-Ligue 1,2425,Marseille,2025-04-27 Marseille-Brest,2025-04-27,Matchweek 31,Sun,Home,W,4,1,Brest,54,635.0,64.0,230.0,299.0,115.0,14.0,635.0,24.0,17.0,70.8,6.0,25.0,325.0,1498.0,755.0,12.0,6.0,2.0,15.0,10.0,455.0,40.0,20:45:00,/en/matches/d0c58dd5/Marseille-Brest-April-27-2025-Ligue-1
FRA-Ligue 1,2425,Marseille,2025-05-04 Lille-Marseille,2025-05-04,Matchweek 32,Sun,Away,D,1,1,Lille,59,727.0,63.0,234.0,316.0,180.0,24.0,727.0,16.0,6.0,37.5,9.0,56.3,517.0,2100.0,1075.0,19.0,11.0,7.0,19.0,8.0,559.0,50.0,20:45:00,/en/matches/491d68bb/Lille-Marseille-May-4-2025-Ligue-1
FRA-Ligue 1,2425,Marseille,2025-05-10 Le Havre-Marseille,2025-05-10,Matchweek 33,Sat,Away,W,3,1,Le Havre,54,600.0,48.0,159.0,289.0,156.0,27.0,600.0,26.0,13.0,50.0,12.0,46.2,384.0,1579.0,852.0,13.0,4.0,4.0,18.0,6.0,413.0,49.0,21:00:00,/en/matches/7064d72a/Le-Havre-Marseille-May-10-2025-Ligue-1
FRA-Ligue 1,2425,Marseille,2025-05-17 Marseille-Rennes,2025-05-17,Matchweek 34,Sat,Home,W,4,2,Rennes,60,693.0,60.0,219.0,327.0,150.0,29.0,691.0,12.0,4.0,33.3,8.0,66.7,476.0,1984.0,931.0,10.0,8.0,6.0,13.0,3.0,524.0,39.0,21:00:00,/en/matches/36fee283/Marseille-Rennes-May-17-2025-Ligue-1
FRA-Ligue 1,2425,Monaco,2024-08-17 Monaco-Saint-Étienne,2024-08-17,Matchweek 1,Sat,Home,W,1,0,Saint-Étienne,61,658.0,42.0,143.0,340.0,180.0,40.0,658.0,23.0,7.0,30.4,14.0,60.9,414.0,2333.0,1227.0,18.0,16.0,9.0,29.0,8.0,436.0,46.0,21:00:00,/en/matches/f84bb85e/Monaco-Saint-Etienne-August-17-2024-Ligue-1
FRA-Ligue 1,2425,Monaco,2024-08-24 Lyon-Monaco,2024-08-24,Matchweek 2,Sat,Away,W,2,0,Lyon,60,651.0,48.0,154.0,337.0,163.0,26.0,651.0,20.0,7.0,35.0,12.0,60.0,347.0,2274.0,1177.0,32.0,20.0,7.0,11.0,13.0,448.0,50.0,17:00:00,/en/matches/1041ac42/Lyon-Monaco-August-24-2024-Ligue-1
FRA-Ligue 1,2425,Monaco,2024-09-01 Monaco-Lens,2024-09-01,Matchweek 3,Sun,Home,D,1,1,Lens,62,597.0,55.0,162.0,292.0,150.0,17.0,597.0,23.0,9.0,39.1,12.0,52.2,355.0,1764.0,889.0,18.0,17.0,4.0,14.0,7.0,386.0,40.0,15:00:00,/en/matches/a93b08ff/Monaco-Lens-September-1-2024-Ligue-1
FRA-Ligue 1,2425,Monaco,2024-09-14 Auxerre-Monaco,2024-09-14,Matchweek 4,Sat,Away,W,3,0,Auxerre,59,739.0,68.0,280.0,329.0,143.0,30.0,739.0,30.0,20.0,66.7,8.0,26.7,459.0,2650.0,1398.0,31.0,24.0,10.0,14.0,11.0,498.0,39.0,19:00:00,/en/matches/b4fb60b5/Auxerre-Monaco-September-14-2024-Ligue-1
FRA-Ligue 1,2425,Monaco,2024-09-22 Monaco-Le Havre,2024-09-22,Matchweek 5,Sun,Home,W,3,1,Le Havre,61,634.0,49.0,157.0,323.0,161.0,18.0,634.0,18.0,8.0,44.4,7.0,38.9,402.0,2215.0,1158.0,19.0,18.0,5.0,16.0,4.0,438.0,44.0,15:00:00,/en/matches/017d7a9d/Monaco-Le-Havre-September-22-2024-Ligue-1
FRA-Ligue 1,2425,Monaco,2024-09-28 Monaco-Montpellier,2024-09-28,Matchweek 6,Sat,Home,W,2,1,Montpellier,65,703.0,39.0,144.0,400.0,172.0,44.0,703.0,22.0,14.0,63.6,8.0,36.4,421.0,2321.0,1235.0,23.0,25.0,8.0,25.0,18.0,473.0,66.0,21:00:00,/en/matches/54ce742c/Monaco-Montpellier-September-28-2024-Ligue-1
FRA-Ligue 1,2425,Monaco,2024-10-05 Rennes-Monaco,2024-10-05,Matchweek 7,Sat,Away,W,2,1,Rennes,42,557.0,70.0,190.0,280.0,92.0,13.0,557.0,27.0,6.0,22.2,20.0,74.1,224.0,1117.0,461.0,9.0,9.0,5.0,24.0,11.0,297.0,26.0,21:00:00,/en/matches/f7072ea6/Rennes-Monaco-October-5-2024-Ligue-1
FRA-Ligue 1,2425,Monaco,2024-10-18 Monaco-Lille,2024-10-18,Matchweek 8,Fri,Home,D,0,0,Lille,52,591.0,35.0,150.0,269.0,178.0,28.0,591.0,14.0,3.0,21.4,7.0,50.0,373.0,1669.0,853.0,16.0,14.0,9.0,15.0,8.0,408.0,43.0,20:45:00,/en/matches/18476c11/Monaco-Lille-October-18-2024-Ligue-1
FRA-Ligue 1,2425,Monaco,2024-10-27 Nice-Monaco,2024-10-27,Matchweek 9,Sun,Away,L,1,2,Nice,59,630.0,59.0,172.0,302.0,161.0,24.0,630.0,18.0,5.0,27.8,13.0,72.2,363.0,2306.0,1164.0,25.0,21.0,5.0,22.0,15.0,415.0,56.0,17:00:00,/en/matches/4cbaa8c3/Nice-Monaco-October-27-2024-Ligue-1
FRA-Ligue 1,2425,Monaco,2024-11-01 Monaco-Angers,2024-11-01,Matchweek 10,Fri,Home,L,0,1,Angers,63,703.0,45.0,135.0,328.0,247.0,36.0,703.0,12.0,6.0,50.0,4.0,33.3,486.0,2610.0,1495.0,30.0,17.0,2.0,22.0,9.0,489.0,75.0,19:00:00,/en/matches/3e5f7440/Monaco-Angers-November-1-2024-Ligue-1
FRA-Ligue 1,2425,Monaco,2024-11-09 Strasbourg-Monaco,2024-11-09,Matchweek 11,Sat,Away,W,3,1,Strasbourg,57,660.0,54.0,175.0,333.0,158.0,27.0,659.0,9.0,2.0,22.2,5.0,55.6,293.0,1550.0,719.0,14.0,11.0,5.0,25.0,8.0,442.0,42.0,17:00:00,/en/matches/cd41b272/Strasbourg-Monaco-November-9-2024-Ligue-1
FRA-Ligue 1,2425,Monaco,2024-11-22 Monaco-Brest,2024-11-22,Matchweek 12,Fri,Home,W,3,2,Brest,51,683.0,72.0,214.0,362.0,111.0,22.0,683.0,27.0,12.0,44.4,11.0,40.7,419.0,1762.0,950.0,18.0,14.0,8.0,24.0,11.0,419.0,42.0,19:00:00,/en/matches/48a28747/Monaco-Brest-November-22-2024-Ligue-1
FRA-Ligue 1,2425,Monaco,2024-12-01 Marseille-Monaco,2024-12-01,Matchweek 13,Sun,Away,L,1,2,Marseille,37,522.0,51.0,158.0,267.0,107.0,13.0,522.0,15.0,6.0,40.0,8.0,53.3,314.0,1312.0,535.0,6.0,8.0,2.0,12.0,13.0,299.0,30.0,20:45:00,/en/matches/e90d4817/Marseille-Monaco-December-1-2024-Ligue-1
FRA-Ligue 1,2425,Monaco,2024-12-07 Monaco-Toulouse,2024-12-07,Matchweek 14,Sat,Home,W,2,0,Toulouse,58,672.0,65.0,234.0,326.0,121.0,25.0,672.0,26.0,17.0,65.4,9.0,34.6,362.0,1987.0,1024.0,21.0,9.0,4.0,13.0,6.0,415.0,45.0,17:00:00,/en/matches/63873373/Monaco-Toulouse-December-7-2024-Ligue-1
FRA-Ligue 1,2425,Monaco,2024-12-14 Reims-Monaco,2024-12-14,Matchweek 15,Sat,Away,D,0,0,Reims,64,762.0,52.0,217.0,365.0,187.0,33.0,762.0,23.0,10.0,43.5,10.0,43.5,384.0,2062.0,1212.0,20.0,18.0,5.0,11.0,16.0,519.0,59.0,21:00:00,/en/matches/f422e8b0/Reims-Monaco-December-14-2024-Ligue-1
FRA-Ligue 1,2425,Monaco,2024-12-18 Monaco-Paris S-G,2024-12-18,Matchweek 16,Wed,Home,L,2,4,Paris S-G,40,556.0,70.0,174.0,253.0,139.0,29.0,555.0,28.0,15.0,53.6,11.0,39.3,328.0,1520.0,801.0,21.0,15.0,7.0,18.0,5.0,324.0,43.0,21:00:00,/en/matches/b7d32870/Monaco-Paris-Saint-Germain-December-18-2024-Ligue-1
FRA-Ligue 1,2425,Monaco,2025-01-10 Nantes-Monaco,2025-01-10,Matchweek 17,Fri,Away,D,2,2,Nantes,68,764.0,41.0,178.0,433.0,160.0,29.0,764.0,21.0,8.0,38.1,10.0,47.6,577.0,2749.0,1303.0,20.0,17.0,7.0,21.0,4.0,577.0,58.0,19:00:00,/en/matches/d6c61854/Nantes-Monaco-January-10-2025-Ligue-1
FRA-Ligue 1,2425,Monaco,2025-01-17 Montpellier-Monaco,2025-01-17,Matchweek 18,Fri,Away,L,1,2,Montpellier,67,735.0,48.0,179.0,340.0,222.0,39.0,735.0,17.0,9.0,52.9,8.0,47.1,363.0,2079.0,1192.0,25.0,20.0,5.0,28.0,5.0,468.0,59.0,19:00:00,/en/matches/f1e8ac0f/Montpellier-Monaco-January-17-2025-Ligue-1
FRA-Ligue 1,2425,Monaco,2025-01-25 Monaco-Rennes,2025-01-25,Matchweek 19,Sat,Home,W,3,2,Rennes,52,615.0,54.0,166.0,312.0,143.0,44.0,615.0,15.0,8.0,53.3,6.0,40.0,363.0,1597.0,708.0,13.0,5.0,3.0,18.0,10.0,366.0,46.0,17:00:00,/en/matches/5cbd8070/Monaco-Rennes-January-25-2025-Ligue-1
FRA-Ligue 1,2425,Monaco,2025-02-01 Monaco-Auxerre,2025-02-01,Matchweek 20,Sat,Home,W,4,2,Auxerre,57,657.0,36.0,140.0,343.0,179.0,22.0,657.0,16.0,5.0,31.3,10.0,62.5,308.0,1799.0,995.0,15.0,19.0,4.0,20.0,12.0,434.0,54.0,19:00:00,/en/matches/e6c9fba7/Monaco-Auxerre-February-1-2025-Ligue-1
FRA-Ligue 1,2425,Monaco,2025-02-07 Paris S-G-Monaco,2025-02-07,Matchweek 21,Fri,Away,L,1,4,Paris S-G,37,493.0,78.0,158.0,203.0,137.0,20.0,493.0,13.0,3.0,23.1,9.0,69.2,298.0,1164.0,494.0,6.0,6.0,1.0,12.0,10.0,285.0,33.0,21:05:00,/en/matches/c79c5813/Paris-Saint-Germain-Monaco-February-7-2025-Ligue-1
FRA-Ligue 1,2425,Monaco,2025-02-15 Monaco-Nantes,2025-02-15,Matchweek 22,Sat,Home,W,7,1,Nantes,65,753.0,31.0,118.0,366.0,273.0,45.0,752.0,12.0,8.0,66.7,3.0,25.0,382.0,2310.0,1375.0,36.0,21.0,11.0,11.0,12.0,561.0,93.0,19:00:00,/en/matches/25fd86bc/Monaco-Nantes-February-15-2025-Ligue-1
FRA-Ligue 1,2425,Monaco,2025-02-22 Lille-Monaco,2025-02-22,Matchweek 23,Sat,Away,L,1,2,Lille,57,684.0,45.0,151.0,350.0,189.0,25.0,684.0,20.0,7.0,35.0,12.0,60.0,500.0,2433.0,1211.0,19.0,17.0,5.0,21.0,8.0,493.0,45.0,17:00:00,/en/matches/a62e412a/Lille-Monaco-February-22-2025-Ligue-1
FRA-Ligue 1,2425,Monaco,2025-02-28 Monaco-Reims,2025-02-28,Matchweek 24,Fri,Home,W,3,0,Reims,56,730.0,47.0,134.0,330.0,272.0,57.0,730.0,9.0,4.0,44.4,4.0,44.4,536.0,2621.0,1484.0,26.0,39.0,7.0,15.0,10.0,521.0,64.0,20:45:00,/en/matches/f354ea51/Monaco-Reims-February-28-2025-Ligue-1
FRA-Ligue 1,2425,Monaco,2025-03-07 Toulouse-Monaco,2025-03-07,Matchweek 25,Fri,Away,D,1,1,Toulouse,50,570.0,50.0,157.0,306.0,110.0,27.0,570.0,10.0,5.0,50.0,4.0,40.0,243.0,957.0,407.0,8.0,7.0,2.0,18.0,13.0,348.0,35.0,20:45:00,/en/matches/807e72ae/Toulouse-Monaco-March-7-2025-Ligue-1
FRA-Ligue 1,2425,Monaco,2025-03-15 Angers-Monaco,2025-03-15,Matchweek 26,Sat,Away,W,2,0,Angers,56,708.0,40.0,144.0,350.0,219.0,31.0,707.0,19.0,7.0,36.8,12.0,63.2,394.0,2237.0,1301.0,25.0,22.0,7.0,14.0,9.0,482.0,60.0,19:00:00,/en/matches/ccd56c5d/Angers-Monaco-March-15-2025-Ligue-1
FRA-Ligue 1,2425,Monaco,2025-03-29 Monaco-Nice,2025-03-29,Matchweek 27,Sat,Home,W,2,1,Nice,58,607.0,35.0,125.0,328.0,163.0,37.0,606.0,20.0,10.0,50.0,9.0,45.0,302.0,2129.0,1097.0,26.0,16.0,7.0,17.0,11.0,403.0,38.0,21:05:00,/en/matches/b5952890/Monaco-Nice-March-29-2025-Ligue-1
FRA-Ligue 1,2425,Monaco,2025-04-05 Brest-Monaco,2025-04-05,Matchweek 28,Sat,Away,L,1,2,Brest,59,647.0,58.0,165.0,343.0,146.0,21.0,646.0,14.0,5.0,35.7,8.0,57.1,421.0,2276.0,1376.0,20.0,13.0,2.0,19.0,17.0,431.0,54.0,19:00:00,/en/matches/3b8a372d/Brest-Monaco-April-5-2025-Ligue-1
FRA-Ligue 1,2425,Monaco,2025-04-12 Monaco-Marseille,2025-04-12,Matchweek 29,Sat,Home,W,3,0,Marseille,42,557.0,49.0,175.0,273.0,113.0,17.0,556.0,11.0,1.0,9.1,8.0,72.7,254.0,1441.0,709.0,16.0,9.0,5.0,14.0,9.0,344.0,38.0,17:00:00,/en/matches/b1f79298/Monaco-Marseille-April-12-2025-Ligue-1
FRA-Ligue 1,2425,Monaco,2025-04-19 Monaco-Strasbourg,2025-04-19,Matchweek 30,Sat,Home,D,0,0,Strasbourg,47,597.0,55.0,192.0,264.0,147.0,31.0,597.0,15.0,9.0,60.0,6.0,40.0,400.0,1887.0,868.0,22.0,13.0,7.0,17.0,7.0,404.0,34.0,19:00:00,/en/matches/bdddd15d/Monaco-Strasbourg-April-19-2025-Ligue-1
FRA-Ligue 1,2425,Monaco,2025-04-26 Le Havre-Monaco,2025-04-26,Matchweek 31,Sat,Away,D,1,1,Le Havre,61,685.0,36.0,114.0,332.0,243.0,35.0,685.0,18.0,8.0,44.4,9.0,50.0,349.0,1852.0,1076.0,25.0,14.0,2.0,14.0,9.0,461.0,72.0,19:00:00,/en/matches/6ec53da1/Le-Havre-Monaco-April-26-2025-Ligue-1
FRA-Ligue 1,2425,Monaco,2025-05-03 Saint-Étienne-Monaco,2025-05-03,Matchweek 32,Sat,Away,W,3,1,Saint-Étienne,41,499.0,54.0,154.0,233.0,121.0,26.0,499.0,13.0,6.0,46.2,7.0,53.8,211.0,1282.0,657.0,19.0,16.0,8.0,13.0,9.0,282.0,31.0,21:05:00,/en/matches/4e6718ec/Saint-Etienne-Monaco-May-3-2025-Ligue-1
FRA-Ligue 1,2425,Monaco,2025-05-10 Monaco-Lyon,2025-05-10,Matchweek 33,Sat,Home,W,2,0,Lyon,51,606.0,61.0,163.0,299.0,150.0,29.0,606.0,22.0,10.0,45.5,10.0,45.5,264.0,1571.0,807.0,17.0,11.0,8.0,23.0,11.0,397.0,40.0,21:00:00,/en/matches/279e9cba/Monaco-Lyon-May-10-2025-Ligue-1
FRA-Ligue 1,2425,Monaco,2025-05-17 Lens-Monaco,2025-05-17,Matchweek 34,Sat,Away,L,0,4,Lens,54,658.0,53.0,161.0,403.0,101.0,9.0,658.0,13.0,6.0,46.2,6.0,46.2,376.0,2114.0,1056.0,11.0,13.0,1.0,11.0,12.0,484.0,29.0,21:00:00,/en/matches/d2408c01/Lens-Monaco-May-17-2025-Ligue-1
FRA-Ligue 1,2425,Montpellier,2024-08-18 Montpellier-Strasbourg,2024-08-18,Matchweek 1,Sun,Home,D,1,1,Strasbourg,42,454.0,66.0,158.0,202.0,98.0,15.0,453.0,14.0,3.0,21.4,10.0,71.4,190.0,1261.0,512.0,11.0,7.0,2.0,18.0,14.0,266.0,35.0,17:00:00,/en/matches/652abd24/Montpellier-Strasbourg-August-18-2024-Ligue-1
FRA-Ligue 1,2425,Montpellier,2024-08-23 Paris S-G-Montpellier,2024-08-23,Matchweek 2,Fri,Away,L,0,6,Paris S-G,32,461.0,79.0,197.0,206.0,60.0,10.0,461.0,13.0,3.0,23.1,8.0,61.5,235.0,1119.0,520.0,10.0,4.0,2.0,16.0,13.0,295.0,25.0,20:45:00,/en/matches/910be353/Paris-Saint-Germain-Montpellier-August-23-2024-Ligue-1
FRA-Ligue 1,2425,Montpellier,2024-08-31 Montpellier-Nantes,2024-08-31,Matchweek 3,Sat,Home,L,1,3,Nantes,69,726.0,43.0,163.0,370.0,201.0,23.0,726.0,28.0,10.0,35.7,16.0,57.1,364.0,2191.0,998.0,15.0,12.0,6.0,8.0,8.0,520.0,42.0,19:00:00,/en/matches/5b8c614c/Montpellier-Nantes-August-31-2024-Ligue-1
FRA-Ligue 1,2425,Montpellier,2024-09-15 Rennes-Montpellier,2024-09-15,Matchweek 4,Sun,Away,L,0,3,Rennes,49,583.0,55.0,182.0,262.0,143.0,9.0,583.0,17.0,9.0,52.9,7.0,41.2,375.0,2186.0,1089.0,21.0,14.0,4.0,18.0,8.0,401.0,34.0,15:00:00,/en/matches/984e7243/Rennes-Montpellier-September-15-2024-Ligue-1
FRA-Ligue 1,2425,Montpellier,2024-09-22 Montpellier-Auxerre,2024-09-22,Matchweek 5,Sun,Home,W,3,2,Auxerre,54,577.0,53.0,201.0,245.0,141.0,17.0,577.0,17.0,10.0,58.8,7.0,41.2,294.0,1556.0,851.0,21.0,7.0,4.0,11.0,8.0,357.0,39.0,17:00:00,/en/matches/ac95cb33/Montpellier-Auxerre-September-22-2024-Ligue-1
FRA-Ligue 1,2425,Montpellier,2024-09-28 Monaco-Montpellier,2024-09-28,Matchweek 6,Sat,Away,L,1,2,Monaco,35,430.0,80.0,175.0,174.0,82.0,14.0,430.0,20.0,10.0,50.0,10.0,50.0,176.0,1004.0,446.0,12.0,7.0,5.0,13.0,14.0,207.0,31.0,21:00:00,/en/matches/54ce742c/Monaco-Montpellier-September-28-2024-Ligue-1
FRA-Ligue 1,2425,Montpellier,2024-10-06 Reims-Montpellier,2024-10-06,Matchweek 7,Sun,Away,L,2,4,Reims,52,578.0,51.0,183.0,267.0,132.0,21.0,578.0,22.0,7.0,31.8,15.0,68.2,359.0,1738.0,861.0,18.0,14.0,5.0,17.0,5.0,397.0,42.0,17:00:00,/en/matches/843fb71f/Reims-Montpellier-October-6-2024-Ligue-1
FRA-Ligue 1,2425,Montpellier,2024-10-20 Montpellier-Marseille,2024-10-20,Matchweek 8,Sun,Home,L,0,5,Marseille,35,417.0,64.0,170.0,183.0,73.0,17.0,417.0,20.0,10.0,50.0,8.0,40.0,242.0,1654.0,827.0,19.0,7.0,9.0,10.0,8.0,256.0,19.0,20:45:00,/en/matches/0f332030/Montpellier-Marseille-October-20-2024-Ligue-1
FRA-Ligue 1,2425,Montpellier,2024-10-27 Montpellier-Toulouse,2024-10-27,Matchweek 9,Sun,Home,L,0,3,Toulouse,51,620.0,68.0,204.0,294.0,133.0,7.0,620.0,19.0,9.0,47.4,9.0,47.4,440.0,2444.0,1135.0,21.0,16.0,3.0,12.0,7.0,430.0,33.0,17:00:00,/en/matches/49e6789d/Montpellier-Toulouse-October-27-2024-Ligue-1
FRA-Ligue 1,2425,Montpellier,2024-11-03 Le Havre-Montpellier,2024-11-03,Matchweek 10,Sun,Away,L,0,1,Le Havre,52,613.0,59.0,173.0,291.0,156.0,23.0,613.0,18.0,8.0,44.4,9.0,50.0,338.0,1858.0,860.0,21.0,11.0,5.0,17.0,6.0,397.0,43.0,17:00:00,/en/matches/a537aa6e/Le-Havre-Montpellier-November-3-2024-Ligue-1
FRA-Ligue 1,2425,Montpellier,2024-11-10 Montpellier-Brest,2024-11-10,Matchweek 11,Sun,Home,W,3,1,Brest,33,408.0,80.0,183.0,147.0,84.0,16.0,406.0,18.0,7.0,38.9,9.0,50.0,175.0,758.0,365.0,4.0,6.0,1.0,10.0,6.0,189.0,14.0,17:00:00,/en/matches/8ab9a941/Montpellier-Brest-November-10-2024-Ligue-1
FRA-Ligue 1,2425,Montpellier,2024-11-23 Saint-Étienne-Montpellier,2024-11-23,Matchweek 12,Sat,Away,L,0,1,Saint-Étienne,67,675.0,46.0,231.0,320.0,132.0,20.0,675.0,13.0,2.0,15.4,7.0,53.8,409.0,2065.0,1064.0,14.0,11.0,7.0,15.0,9.0,491.0,40.0,19:00:00,/en/matches/90c0c091/Saint-Etienne-Montpellier-November-23-2024-Ligue-1
FRA-Ligue 1,2425,Montpellier,2024-12-01 Montpellier-Lille,2024-12-01,Matchweek 13,Sun,Home,D,2,2,Lille,42,465.0,58.0,179.0,205.0,93.0,14.0,465.0,22.0,8.0,36.4,12.0,54.5,200.0,1278.0,650.0,15.0,5.0,1.0,10.0,12.0,257.0,16.0,15:00:00,/en/matches/76b0b7f1/Montpellier-Lille-December-1-2024-Ligue-1
FRA-Ligue 1,2425,Montpellier,2024-12-08 Lens-Montpellier,2024-12-08,Matchweek 14,Sun,Away,L,0,2,Lens,45,574.0,77.0,251.0,215.0,115.0,18.0,574.0,20.0,8.0,40.0,9.0,45.0,357.0,1787.0,813.0,20.0,13.0,4.0,15.0,7.0,358.0,24.0,15:00:00,/en/matches/bb9a5ad3/Lens-Montpellier-December-8-2024-Ligue-1
FRA-Ligue 1,2425,Montpellier,2024-12-15 Montpellier-Nice,2024-12-15,Matchweek 15,Sun,Home,D,2,2,Nice,52,573.0,64.0,183.0,229.0,165.0,37.0,573.0,22.0,6.0,27.3,13.0,59.1,321.0,1739.0,915.0,24.0,12.0,10.0,13.0,12.0,349.0,44.0,15:00:00,/en/matches/479d06f8/Montpellier-Nice-December-15-2024-Ligue-1
FRA-Ligue 1,2425,Montpellier,2025-01-04 Lyon-Montpellier,2025-01-04,Matchweek 16,Sat,Away,L,0,1,Lyon,43,553.0,76.0,187.0,258.0,118.0,19.0,553.0,19.0,9.0,47.4,10.0,52.6,230.0,1610.0,768.0,18.0,8.0,5.0,20.0,5.0,323.0,34.0,21:00:00,/en/matches/6c34a34e/Lyon-Montpellier-January-4-2025-Ligue-1
FRA-Ligue 1,2425,Montpellier,2025-01-12 Montpellier-Angers,2025-01-12,Matchweek 17,Sun,Home,L,1,3,Angers,58,666.0,54.0,151.0,348.0,175.0,26.0,665.0,14.0,9.0,64.3,3.0,21.4,385.0,2580.0,1456.0,25.0,18.0,3.0,13.0,7.0,432.0,44.0,17:15:00,/en/matches/1184c4fd/Montpellier-Angers-January-12-2025-Ligue-1
FRA-Ligue 1,2425,Montpellier,2025-01-17 Montpellier-Monaco,2025-01-17,Matchweek 18,Fri,Home,W,2,1,Monaco,33,438.0,90.0,171.0,184.0,89.0,18.0,438.0,22.0,10.0,45.5,12.0,54.5,191.0,1074.0,677.0,18.0,11.0,4.0,12.0,10.0,172.0,22.0,19:00:00,/en/matches/f1e8ac0f/Montpellier-Monaco-January-17-2025-Ligue-1
FRA-Ligue 1,2425,Montpellier,2025-01-26 Toulouse-Montpellier,2025-01-26,Matchweek 19,Sun,Away,W,2,1,Toulouse,34,434.0,65.0,167.0,207.0,63.0,7.0,434.0,14.0,5.0,35.7,9.0,64.3,143.0,838.0,345.0,3.0,5.0,0.0,15.0,7.0,190.0,21.0,17:15:00,/en/matches/81e5185d/Toulouse-Montpellier-January-26-2025-Ligue-1
FRA-Ligue 1,2425,Montpellier,2025-01-31 Montpellier-Lens,2025-01-31,Matchweek 20,Fri,Home,L,0,2,Lens,49,608.0,66.0,174.0,312.0,130.0,20.0,608.0,22.0,11.0,50.0,8.0,36.4,365.0,2009.0,1055.0,21.0,22.0,6.0,16.0,7.0,371.0,29.0,20:45:00,/en/matches/3652d822/Montpellier-Lens-January-31-2025-Ligue-1
FRA-Ligue 1,2425,Montpellier,2025-02-09 Strasbourg-Montpellier,2025-02-09,Matchweek 21,Sun,Away,L,0,2,Strasbourg,41,545.0,78.0,206.0,236.0,110.0,20.0,545.0,15.0,9.0,60.0,5.0,33.3,228.0,1381.0,678.0,14.0,14.0,6.0,17.0,12.0,348.0,41.0,17:15:00,/en/matches/0886a1bd/Strasbourg-Montpellier-February-9-2025-Ligue-1
FRA-Ligue 1,2425,Montpellier,2025-02-16 Montpellier-Lyon,2025-02-16,Matchweek 22,Sun,Home,L,1,4,Lyon,38,463.0,32.0,123.0,198.0,147.0,24.0,463.0,16.0,12.0,75.0,4.0,25.0,290.0,1575.0,711.0,14.0,17.0,3.0,16.0,3.0,272.0,27.0,15:00:00,/en/matches/1a0c79f0/Montpellier-Lyon-February-16-2025-Ligue-1
FRA-Ligue 1,2425,Montpellier,2025-02-23 Nice-Montpellier,2025-02-23,Matchweek 23,Sun,Away,L,0,2,Nice,44,542.0,57.0,144.0,291.0,113.0,16.0,542.0,7.0,4.0,57.1,2.0,28.6,191.0,1087.0,459.0,10.0,6.0,5.0,21.0,9.0,312.0,28.0,17:15:00,/en/matches/920fad0c/Nice-Montpellier-February-23-2025-Ligue-1
FRA-Ligue 1,2425,Montpellier,2025-03-02 Montpellier-Rennes,2025-03-02,Matchweek 24,Sun,Home,L,0,4,Rennes,46,498.0,46.0,125.0,211.0,165.0,20.0,498.0,17.0,9.0,52.9,8.0,47.1,290.0,1827.0,1021.0,22.0,11.0,6.0,7.0,7.0,282.0,36.0,17:15:00,/en/matches/5739a5ae/Montpellier-Rennes-March-2-2025-Ligue-1
FRA-Ligue 1,2425,Montpellier,2025-03-08 Lille-Montpellier,2025-03-08,Matchweek 25,Sat,Away,L,0,1,Lille,24,383.0,65.0,181.0,145.0,65.0,5.0,383.0,14.0,5.0,35.7,8.0,57.1,211.0,1094.0,669.0,15.0,8.0,2.0,15.0,10.0,187.0,16.0,19:00:00,/en/matches/3de20b0f/Lille-Montpellier-March-8-2025-Ligue-1
FRA-Ligue 1,2425,Montpellier,2025-03-16 Montpellier-Saint-Étienne,2025-03-16,Matchweek 26,Sun,Home,L,0,2,Saint-Étienne,41,,,,,,,,,,,,,,,,,,,,,,,17:15:00,/en/matches/15ee650c/Montpellier-Saint-Etienne-March-16-2025-Ligue-1
FRA-Ligue 1,2425,Montpellier,2025-03-30 Auxerre-Montpellier,2025-03-30,Matchweek 27,Sun,Away,L,0,1,Auxerre,47,559.0,72.0,199.0,244.0,118.0,13.0,559.0,25.0,14.0,56.0,8.0,32.0,240.0,1469.0,703.0,14.0,6.0,3.0,14.0,10.0,347.0,32.0,17:15:00,/en/matches/dea614ff/Auxerre-Montpellier-March-30-2025-Ligue-1
FRA-Ligue 1,2425,Montpellier,2025-04-06 Montpellier-Le Havre,2025-04-06,Matchweek 28,Sun,Home,L,0,2,Le Havre,55,688.0,49.0,140.0,351.0,201.0,18.0,688.0,28.0,7.0,25.0,20.0,71.4,396.0,2150.0,994.0,11.0,17.0,2.0,21.0,8.0,475.0,50.0,17:15:00,/en/matches/0f9ee6ec/Montpellier-Le-Havre-April-6-2025-Ligue-1
FRA-Ligue 1,2425,Montpellier,2025-04-13 Angers-Montpellier,2025-04-13,Matchweek 29,Sun,Away,L,0,2,Angers,63,791.0,61.0,194.0,389.0,213.0,9.0,791.0,22.0,12.0,54.5,5.0,22.7,412.0,2467.0,1107.0,17.0,21.0,2.0,16.0,16.0,587.0,40.0,17:15:00,/en/matches/47a1a48a/Angers-Montpellier-April-13-2025-Ligue-1
FRA-Ligue 1,2425,Montpellier,2025-04-19 Marseille-Montpellier,2025-04-19,Matchweek 30,Sat,Away,L,1,5,Marseille,32,484.0,69.0,217.0,188.0,82.0,10.0,484.0,18.0,8.0,44.4,10.0,55.6,244.0,1374.0,724.0,10.0,5.0,2.0,11.0,12.0,303.0,21.0,21:05:00,/en/matches/5a01308b/Marseille-Montpellier-April-19-2025-Ligue-1
FRA-Ligue 1,2425,Montpellier,2025-04-27 Montpellier-Reims,2025-04-27,Matchweek 31,Sun,Home,D,0,0,Reims,53,658.0,58.0,187.0,347.0,127.0,16.0,658.0,13.0,7.0,53.8,5.0,38.5,470.0,2592.0,1305.0,26.0,13.0,7.0,10.0,7.0,480.0,30.0,17:15:00,/en/matches/6ff732c6/Montpellier-Reims-April-27-2025-Ligue-1
FRA-Ligue 1,2425,Montpellier,2025-05-04 Brest-Montpellier,2025-05-04,Matchweek 32,Sun,Away,L,0,1,Brest,37,544.0,78.0,270.0,184.0,97.0,11.0,544.0,21.0,9.0,42.9,12.0,57.1,263.0,1434.0,761.0,13.0,9.0,4.0,26.0,11.0,323.0,27.0,17:15:00,/en/matches/14d0b54f/Brest-Montpellier-May-4-2025-Ligue-1
FRA-Ligue 1,2425,Montpellier,2025-05-10 Montpellier-Paris S-G,2025-05-10,Matchweek 33,Sat,Home,L,1,4,Paris S-G,31,434.0,56.0,184.0,180.0,78.0,13.0,434.0,21.0,7.0,33.3,14.0,66.7,174.0,1293.0,606.0,16.0,9.0,7.0,13.0,8.0,252.0,15.0,21:00:00,/en/matches/d083b7fa/Montpellier-Paris-Saint-Germain-May-10-2025-Ligue-1
FRA-Ligue 1,2425,Montpellier,2025-05-17 Nantes-Montpellier,2025-05-17,Matchweek 34,Sat,Away,L,0,3,Nantes,56,691.0,57.0,183.0,380.0,133.0,14.0,691.0,18.0,5.0,27.8,10.0,55.6,417.0,2122.0,1204.0,16.0,16.0,3.0,12.0,10.0,522.0,36.0,21:00:00,/en/matches/9b0e5db4/Nantes-Montpellier-May-17-2025-Ligue-1
FRA-Ligue 1,2425,Nantes,2024-08-18 Toulouse-Nantes,2024-08-18,Matchweek 1,Sun,Away,D,0,0,Toulouse,46,575.0,73.0,176.0,255.0,151.0,17.0,575.0,15.0,7.0,46.7,8.0,53.3,344.0,1861.0,788.0,15.0,13.0,4.0,16.0,12.0,372.0,27.0,17:00:00,/en/matches/67b3b54c/Toulouse-Nantes-August-18-2024-Ligue-1
FRA-Ligue 1,2425,Nantes,2024-08-25 Nantes-Auxerre,2024-08-25,Matchweek 2,Sun,Home,W,2,0,Auxerre,36,488.0,73.0,180.0,177.0,136.0,20.0,488.0,20.0,9.0,45.0,9.0,45.0,173.0,1067.0,535.0,15.0,14.0,7.0,12.0,13.0,239.0,27.0,17:00:00,/en/matches/57fe0d50/Nantes-Auxerre-August-25-2024-Ligue-1
FRA-Ligue 1,2425,Nantes,2024-08-31 Montpellier-Nantes,2024-08-31,Matchweek 3,Sat,Away,W,3,1,Montpellier,31,415.0,66.0,182.0,151.0,86.0,16.0,414.0,14.0,5.0,35.7,8.0,57.1,193.0,949.0,455.0,14.0,6.0,5.0,16.0,7.0,207.0,23.0,19:00:00,/en/matches/5b8c614c/Montpellier-Nantes-August-31-2024-Ligue-1
FRA-Ligue 1,2425,Nantes,2024-09-15 Nantes-Reims,2024-09-15,Matchweek 4,Sun,Home,L,1,2,Reims,45,604.0,51.0,182.0,307.0,124.0,23.0,604.0,24.0,12.0,50.0,12.0,50.0,282.0,1682.0,903.0,23.0,10.0,4.0,12.0,3.0,426.0,42.0,17:00:00,/en/matches/1411fc56/Nantes-Reims-September-15-2024-Ligue-1
FRA-Ligue 1,2425,Nantes,2024-09-22 Angers-Nantes,2024-09-22,Matchweek 5,Sun,Away,D,1,1,Angers,50,628.0,42.0,164.0,323.0,143.0,21.0,628.0,20.0,9.0,45.0,11.0,55.0,402.0,1908.0,848.0,20.0,22.0,6.0,14.0,12.0,424.0,39.0,17:00:00,/en/matches/601ddfc9/Angers-Nantes-September-22-2024-Ligue-1
FRA-Ligue 1,2425,Nantes,2024-09-29 Nantes-Saint-Étienne,2024-09-29,Matchweek 6,Sun,Home,D,2,2,Saint-Étienne,61,690.0,34.0,119.0,385.0,189.0,31.0,690.0,22.0,13.0,59.1,9.0,40.9,292.0,1676.0,951.0,24.0,14.0,5.0,10.0,8.0,507.0,67.0,17:00:00,/en/matches/38a94d90/Nantes-Saint-Etienne-September-29-2024-Ligue-1
FRA-Ligue 1,2425,Nantes,2024-10-06 Lyon-Nantes,2024-10-06,Matchweek 7,Sun,Away,L,0,2,Lyon,39,543.0,72.0,209.0,222.0,120.0,20.0,543.0,26.0,11.0,42.3,15.0,57.7,314.0,1427.0,705.0,15.0,11.0,5.0,13.0,6.0,324.0,27.0,15:00:00,/en/matches/1cefcdb4/Lyon-Nantes-October-6-2024-Ligue-1
FRA-Ligue 1,2425,Nantes,2024-10-20 Nantes-Nice,2024-10-20,Matchweek 8,Sun,Home,D,1,1,Nice,43,566.0,84.0,203.0,249.0,121.0,17.0,566.0,15.0,4.0,26.7,10.0,66.7,350.0,1759.0,812.0,16.0,15.0,3.0,13.0,6.0,351.0,32.0,17:00:00,/en/matches/706313e8/Nantes-Nice-October-20-2024-Ligue-1
FRA-Ligue 1,2425,Nantes,2024-10-27 Strasbourg-Nantes,2024-10-27,Matchweek 9,Sun,Away,L,1,3,Strasbourg,50,617.0,50.0,203.0,310.0,106.0,24.0,617.0,7.0,1.0,14.3,6.0,85.7,374.0,1495.0,525.0,6.0,4.0,4.0,13.0,5.0,429.0,37.0,17:00:00,/en/matches/98168e71/Strasbourg-Nantes-October-27-2024-Ligue-1
FRA-Ligue 1,2425,Nantes,2024-11-03 Nantes-Marseille,2024-11-03,Matchweek 10,Sun,Home,L,1,2,Marseille,27,418.0,57.0,174.0,164.0,86.0,20.0,418.0,15.0,5.0,33.3,10.0,66.7,210.0,1049.0,478.0,11.0,8.0,4.0,17.0,4.0,237.0,25.0,20:45:00,/en/matches/53893177/Nantes-Marseille-November-3-2024-Ligue-1
FRA-Ligue 1,2425,Nantes,2024-11-09 Lens-Nantes,2024-11-09,Matchweek 11,Sat,Away,L,2,3,Lens,33,459.0,80.0,189.0,203.0,72.0,11.0,458.0,14.0,6.0,42.9,5.0,35.7,217.0,1175.0,477.0,12.0,8.0,2.0,15.0,14.0,264.0,20.0,19:00:00,/en/matches/172c33b7/Lens-Nantes-November-9-2024-Ligue-1
FRA-Ligue 1,2425,Nantes,2024-11-24 Nantes-Le Havre,2024-11-24,Matchweek 12,Sun,Home,L,0,2,Le Havre,70,807.0,35.0,116.0,444.0,253.0,34.0,807.0,10.0,3.0,30.0,6.0,60.0,510.0,2703.0,1324.0,19.0,16.0,3.0,18.0,11.0,576.0,80.0,17:00:00,/en/matches/a27a021f/Nantes-Le-Havre-November-24-2024-Ligue-1
FRA-Ligue 1,2425,Nantes,2024-11-30 Paris S-G-Nantes,2024-11-30,Matchweek 13,Sat,Away,D,1,1,Paris S-G,16,364.0,104.0,196.0,131.0,39.0,11.0,364.0,15.0,7.0,46.7,8.0,53.3,115.0,809.0,506.0,13.0,6.0,5.0,13.0,6.0,136.0,14.0,21:00:00,/en/matches/b898e0fa/Paris-Saint-Germain-Nantes-November-30-2024-Ligue-1
FRA-Ligue 1,2425,Nantes,2024-12-08 Nantes-Rennes,2024-12-08,Matchweek 14,Sun,Home,W,1,0,Rennes,47,547.0,44.0,120.0,259.0,171.0,27.0,547.0,13.0,6.0,46.2,5.0,38.5,319.0,1442.0,727.0,17.0,7.0,11.0,14.0,10.0,341.0,40.0,17:00:00,/en/matches/f45bb195/Nantes-Rennes-December-8-2024-Ligue-1
FRA-Ligue 1,2425,Nantes,2024-12-15 Brest-Nantes,2024-12-15,Matchweek 15,Sun,Away,L,1,4,Brest,49,608.0,51.0,205.0,257.0,150.0,28.0,608.0,15.0,7.0,46.7,7.0,46.7,306.0,1503.0,825.0,18.0,10.0,4.0,16.0,10.0,417.0,43.0,17:00:00,/en/matches/59e6278a/Brest-Nantes-December-15-2024-Ligue-1
FRA-Ligue 1,2425,Nantes,2025-01-04 Lille-Nantes,2025-01-04,Matchweek 16,Sat,Away,D,1,1,Lille,29,443.0,85.0,222.0,169.0,60.0,12.0,442.0,16.0,5.0,31.3,11.0,68.8,250.0,1243.0,640.0,12.0,9.0,3.0,16.0,6.0,236.0,15.0,19:00:00,/en/matches/185f0c34/Lille-Nantes-January-4-2025-Ligue-1
FRA-Ligue 1,2425,Nantes,2025-01-10 Nantes-Monaco,2025-01-10,Matchweek 17,Fri,Home,D,2,2,Monaco,32,426.0,69.0,146.0,191.0,96.0,19.0,426.0,10.0,9.0,90.0,1.0,10.0,212.0,1113.0,613.0,17.0,10.0,1.0,18.0,7.0,228.0,27.0,19:00:00,/en/matches/d6c61854/Nantes-Monaco-January-10-2025-Ligue-1
FRA-Ligue 1,2425,Nantes,2025-01-19 Saint-Étienne-Nantes,2025-01-19,Matchweek 18,Sun,Away,D,1,1,Saint-Étienne,25,413.0,65.0,177.0,159.0,83.0,16.0,413.0,12.0,5.0,41.7,7.0,58.3,194.0,843.0,424.0,8.0,8.0,5.0,15.0,12.0,169.0,15.0,15:00:00,/en/matches/c47f8bb5/Saint-Etienne-Nantes-January-19-2025-Ligue-1
FRA-Ligue 1,2425,Nantes,2025-01-26 Nantes-Lyon,2025-01-26,Matchweek 19,Sun,Home,D,1,1,Lyon,38,512.0,67.0,164.0,244.0,109.0,17.0,512.0,18.0,9.0,50.0,9.0,50.0,259.0,1720.0,895.0,21.0,16.0,3.0,16.0,9.0,318.0,35.0,17:15:00,/en/matches/b90ceb47/Nantes-Lyon-January-26-2025-Ligue-1
FRA-Ligue 1,2425,Nantes,2025-02-02 Reims-Nantes,2025-02-02,Matchweek 20,Sun,Away,W,2,1,Reims,45,536.0,78.0,212.0,235.0,94.0,21.0,536.0,8.0,7.0,87.5,1.0,12.5,347.0,1858.0,943.0,13.0,14.0,3.0,15.0,4.0,326.0,26.0,17:15:00,/en/matches/eee9fd86/Reims-Nantes-February-2-2025-Ligue-1
FRA-Ligue 1,2425,Nantes,2025-02-07 Nantes-Brest,2025-02-07,Matchweek 21,Fri,Home,L,0,2,Brest,58,647.0,50.0,175.0,301.0,175.0,28.0,647.0,18.0,5.0,27.8,13.0,72.2,340.0,1564.0,855.0,16.0,8.0,2.0,12.0,12.0,431.0,54.0,19:00:00,/en/matches/606c7cad/Nantes-Brest-February-7-2025-Ligue-1
FRA-Ligue 1,2425,Nantes,2025-02-15 Monaco-Nantes,2025-02-15,Matchweek 22,Sat,Away,L,1,7,Monaco,35,466.0,84.0,183.0,226.0,60.0,9.0,466.0,17.0,7.0,41.2,9.0,52.9,250.0,1309.0,608.0,12.0,7.0,4.0,9.0,11.0,269.0,24.0,19:00:00,/en/matches/25fd86bc/Monaco-Nantes-February-15-2025-Ligue-1
FRA-Ligue 1,2425,Nantes,2025-02-23 Nantes-Lens,2025-02-23,Matchweek 23,Sun,Home,W,3,1,Lens,35,525.0,64.0,195.0,223.0,115.0,26.0,524.0,34.0,16.0,47.1,16.0,47.1,260.0,1203.0,650.0,12.0,10.0,4.0,21.0,9.0,283.0,23.0,15:00:00,/en/matches/24e266d4/Nantes-Lens-February-23-2025-Ligue-1
FRA-Ligue 1,2425,Nantes,2025-03-02 Marseille-Nantes,2025-03-02,Matchweek 24,Sun,Away,L,0,2,Marseille,26,409.0,56.0,141.0,187.0,84.0,19.0,409.0,13.0,7.0,53.8,5.0,38.5,214.0,1110.0,494.0,9.0,4.0,8.0,19.0,10.0,201.0,21.0,20:45:00,/en/matches/ef2b73e7/Marseille-Nantes-March-2-2025-Ligue-1
FRA-Ligue 1,2425,Nantes,2025-03-09 Nantes-Strasbourg,2025-03-09,Matchweek 25,Sun,Home,L,0,1,Strasbourg,40,508.0,59.0,173.0,237.0,104.0,17.0,508.0,11.0,5.0,45.5,6.0,54.5,331.0,1807.0,721.0,14.0,11.0,3.0,13.0,4.0,320.0,27.0,17:15:00,/en/matches/01d100ee/Nantes-Strasbourg-March-9-2025-Ligue-1
FRA-Ligue 1,2425,Nantes,2025-03-15 Nantes-Lille,2025-03-15,Matchweek 26,Sat,Home,W,1,0,Lille,32,436.0,91.0,229.0,137.0,74.0,20.0,436.0,17.0,5.0,29.4,10.0,58.8,240.0,1420.0,696.0,12.0,5.0,4.0,9.0,9.0,253.0,18.0,17:00:00,/en/matches/e91d94ec/Nantes-Lille-March-15-2025-Ligue-1
FRA-Ligue 1,2425,Nantes,2025-03-30 Le Havre-Nantes,2025-03-30,Matchweek 27,Sun,Away,L,2,3,Le Havre,48,524.0,54.0,177.0,260.0,88.0,10.0,524.0,17.0,4.0,23.5,13.0,76.5,281.0,1243.0,573.0,9.0,6.0,2.0,17.0,9.0,326.0,25.0,17:15:00,/en/matches/a48ef3f0/Le-Havre-Nantes-March-30-2025-Ligue-1
FRA-Ligue 1,2425,Nantes,2025-04-04 Nice-Nantes,2025-04-04,Matchweek 28,Fri,Away,W,2,1,Nice,24,402.0,96.0,211.0,164.0,34.0,4.0,402.0,7.0,2.0,28.6,5.0,71.4,137.0,725.0,365.0,6.0,5.0,2.0,17.0,13.0,143.0,14.0,20:45:00,/en/matches/3b3118ec/Nice-Nantes-April-4-2025-Ligue-1
FRA-Ligue 1,2425,Nantes,2025-04-18 Rennes-Nantes,2025-04-18,Matchweek 30,Fri,Away,L,1,2,Rennes,36,418.0,55.0,196.0,169.0,57.0,8.0,418.0,8.0,3.0,37.5,4.0,50.0,222.0,905.0,461.0,10.0,5.0,5.0,5.0,7.0,255.0,19.0,20:45:00,/en/matches/6dc7499b/Rennes-Nantes-April-18-2025-Ligue-1
FRA-Ligue 1,2425,Nantes,2025-04-22 Nantes-Paris S-G,2025-04-22,Matchweek 29,Tue,Home,D,1,1,Paris S-G,26,408.0,50.0,151.0,171.0,92.0,17.0,408.0,15.0,7.0,46.7,8.0,53.3,226.0,1134.0,551.0,14.0,9.0,5.0,11.0,10.0,218.0,23.0,20:45:00,/en/matches/170d66ea/Nantes-Paris-Saint-Germain-April-22-2025-Ligue-1
FRA-Ligue 1,2425,Nantes,2025-04-27 Nantes-Toulouse,2025-04-27,Matchweek 31,Sun,Home,D,0,0,Toulouse,59,686.0,46.0,154.0,344.0,195.0,20.0,686.0,12.0,4.0,33.3,7.0,58.3,385.0,1970.0,1050.0,22.0,18.0,3.0,18.0,3.0,492.0,52.0,17:15:00,/en/matches/94a42dc1/Nantes-Toulouse-April-27-2025-Ligue-1
FRA-Ligue 1,2425,Nantes,2025-05-04 Nantes-Angers,2025-05-04,Matchweek 32,Sun,Home,L,0,1,Angers,58,689.0,64.0,252.0,267.0,174.0,30.0,689.0,23.0,12.0,52.2,11.0,47.8,366.0,1824.0,1034.0,30.0,16.0,3.0,20.0,5.0,470.0,40.0,15:00:00,/en/matches/e467e10c/Nantes-Angers-May-4-2025-Ligue-1
FRA-Ligue 1,2425,Nantes,2025-05-10 Auxerre-Nantes,2025-05-10,Matchweek 33,Sat,Away,D,1,1,Auxerre,39,536.0,45.0,177.0,269.0,94.0,7.0,536.0,9.0,1.0,11.1,8.0,88.9,287.0,1253.0,636.0,10.0,8.0,2.0,13.0,8.0,349.0,19.0,21:00:00,/en/matches/2cfd2ba4/Auxerre-Nantes-May-10-2025-Ligue-1
FRA-Ligue 1,2425,Nantes,2025-05-17 Nantes-Montpellier,2025-05-17,Matchweek 34,Sat,Home,W,3,0,Montpellier,44,561.0,43.0,167.0,299.0,104.0,24.0,560.0,15.0,9.0,60.0,5.0,33.3,290.0,1267.0,673.0,17.0,11.0,7.0,9.0,11.0,395.0,24.0,21:00:00,/en/matches/9b0e5db4/Nantes-Montpellier-May-17-2025-Ligue-1
FRA-Ligue 1,2425,Nice,2024-08-18 Auxerre-Nice,2024-08-18,Matchweek 1,Sun,Away,L,1,2,Auxerre,55,630.0,54.0,174.0,335.0,127.0,23.0,630.0,17.0,5.0,29.4,10.0,58.8,380.0,2055.0,1284.0,22.0,12.0,4.0,15.0,9.0,445.0,55.0,15:00:00,/en/matches/18a24a50/Auxerre-Nice-August-18-2024-Ligue-1
FRA-Ligue 1,2425,Nice,2024-08-25 Nice-Toulouse,2024-08-25,Matchweek 2,Sun,Home,D,1,1,Toulouse,57,625.0,54.0,221.0,299.0,108.0,21.0,625.0,29.0,10.0,34.5,18.0,62.1,287.0,1476.0,636.0,10.0,10.0,4.0,23.0,8.0,401.0,26.0,17:00:00,/en/matches/33b61302/Nice-Toulouse-August-25-2024-Ligue-1
FRA-Ligue 1,2425,Nice,2024-09-01 Angers-Nice,2024-09-01,Matchweek 3,Sun,Away,W,4,1,Angers,46,526.0,68.0,180.0,255.0,97.0,20.0,526.0,24.0,9.0,37.5,12.0,50.0,286.0,1774.0,1037.0,16.0,10.0,4.0,17.0,13.0,327.0,32.0,17:00:00,/en/matches/97e962bb/Angers-Nice-September-1-2024-Ligue-1
FRA-Ligue 1,2425,Nice,2024-09-14 Marseille-Nice,2024-09-14,Matchweek 4,Sat,Away,L,0,2,Marseille,44,521.0,45.0,155.0,258.0,116.0,28.0,521.0,21.0,6.0,28.6,11.0,52.4,310.0,1671.0,926.0,23.0,11.0,9.0,12.0,11.0,344.0,34.0,17:00:00,/en/matches/2034c29c/Marseille-Nice-September-14-2024-Ligue-1
FRA-Ligue 1,2425,Nice,2024-09-20 Nice-Saint-Étienne,2024-09-20,Matchweek 5,Fri,Home,W,8,0,Saint-Étienne,59,806.0,59.0,287.0,399.0,123.0,21.0,805.0,19.0,10.0,52.6,9.0,47.4,583.0,2713.0,1407.0,20.0,12.0,6.0,14.0,5.0,632.0,33.0,20:45:00,/en/matches/85495c0d/Nice-Saint-Etienne-September-20-2024-Ligue-1
FRA-Ligue 1,2425,Nice,2024-09-28 Lens-Nice,2024-09-28,Matchweek 6,Sat,Away,D,0,0,Lens,44,547.0,89.0,226.0,196.0,131.0,18.0,547.0,22.0,11.0,50.0,10.0,45.5,251.0,1615.0,900.0,19.0,12.0,6.0,14.0,7.0,311.0,29.0,17:00:00,/en/matches/340afccd/Lens-Nice-September-28-2024-Ligue-1
FRA-Ligue 1,2425,Nice,2024-10-06 Nice-Paris S-G,2024-10-06,Matchweek 7,Sun,Home,D,1,1,Paris S-G,29,444.0,100.0,226.0,145.0,80.0,12.0,444.0,21.0,8.0,38.1,11.0,52.4,251.0,1251.0,692.0,17.0,7.0,3.0,16.0,11.0,247.0,28.0,20:45:00,/en/matches/474dd950/Nice-Paris-Saint-Germain-October-6-2024-Ligue-1
FRA-Ligue 1,2425,Nice,2024-10-20 Nantes-Nice,2024-10-20,Matchweek 8,Sun,Away,D,1,1,Nantes,57,711.0,58.0,169.0,361.0,188.0,34.0,711.0,25.0,10.0,40.0,13.0,52.0,432.0,2387.0,1410.0,32.0,14.0,8.0,18.0,10.0,492.0,53.0,17:00:00,/en/matches/706313e8/Nantes-Nice-October-20-2024-Ligue-1
FRA-Ligue 1,2425,Nice,2024-10-27 Nice-Monaco,2024-10-27,Matchweek 9,Sun,Home,W,2,1,Monaco,41,508.0,56.0,182.0,174.0,166.0,35.0,508.0,32.0,16.0,50.0,16.0,50.0,208.0,1303.0,764.0,23.0,22.0,8.0,16.0,10.0,265.0,42.0,17:00:00,/en/matches/4cbaa8c3/Nice-Monaco-October-27-2024-Ligue-1
FRA-Ligue 1,2425,Nice,2024-11-02 Brest-Nice,2024-11-02,Matchweek 10,Sat,Away,W,1,0,Brest,37,505.0,83.0,203.0,213.0,92.0,14.0,505.0,26.0,10.0,38.5,15.0,57.7,235.0,1138.0,604.0,13.0,8.0,3.0,15.0,12.0,282.0,29.0,19:00:00,/en/matches/0fab1c2f/Brest-Nice-November-2-2024-Ligue-1
FRA-Ligue 1,2425,Nice,2024-11-10 Nice-Lille,2024-11-10,Matchweek 11,Sun,Home,D,2,2,Lille,43,515.0,54.0,165.0,236.0,122.0,35.0,515.0,19.0,11.0,57.9,7.0,36.8,258.0,1656.0,1052.0,30.0,13.0,9.0,13.0,6.0,326.0,37.0,15:00:00,/en/matches/e213d881/Nice-Lille-November-10-2024-Ligue-1
FRA-Ligue 1,2425,Nice,2024-11-24 Nice-Strasbourg,2024-11-24,Matchweek 12,Sun,Home,W,2,1,Strasbourg,54,659.0,50.0,199.0,327.0,145.0,32.0,659.0,23.0,12.0,52.2,10.0,43.5,368.0,2117.0,1071.0,27.0,17.0,10.0,14.0,19.0,447.0,47.0,20:45:00,/en/matches/5bfe68c5/Nice-Strasbourg-November-24-2024-Ligue-1
FRA-Ligue 1,2425,Nice,2024-12-01 Lyon-Nice,2024-12-01,Matchweek 13,Sun,Away,L,1,4,Lyon,47,581.0,65.0,168.0,272.0,148.0,29.0,581.0,25.0,12.0,48.0,12.0,48.0,275.0,1263.0,704.0,20.0,10.0,6.0,15.0,9.0,359.0,43.0,17:00:00,/en/matches/44194749/Lyon-Nice-December-1-2024-Ligue-1
FRA-Ligue 1,2425,Nice,2024-12-07 Nice-Le Havre,2024-12-07,Matchweek 14,Sat,Home,W,2,1,Le Havre,51,579.0,62.0,173.0,290.0,129.0,28.0,578.0,22.0,9.0,40.9,10.0,45.5,289.0,1918.0,1247.0,33.0,15.0,6.0,15.0,13.0,355.0,43.0,19:00:00,/en/matches/3a9f8a55/Nice-Le-Havre-December-7-2024-Ligue-1
FRA-Ligue 1,2425,Nice,2024-12-15 Montpellier-Nice,2024-12-15,Matchweek 15,Sun,Away,D,2,2,Montpellier,48,573.0,77.0,191.0,248.0,140.0,17.0,573.0,26.0,11.0,42.3,13.0,50.0,203.0,1326.0,832.0,17.0,15.0,6.0,13.0,12.0,342.0,38.0,15:00:00,/en/matches/479d06f8/Montpellier-Nice-December-15-2024-Ligue-1
FRA-Ligue 1,2425,Nice,2025-01-03 Nice-Rennes,2025-01-03,Matchweek 16,Fri,Home,W,3,2,Rennes,47,560.0,62.0,211.0,253.0,102.0,20.0,560.0,10.0,6.0,60.0,4.0,40.0,246.0,1293.0,747.0,19.0,8.0,4.0,13.0,8.0,348.0,29.0,21:00:00,/en/matches/00eeccd9/Nice-Rennes-January-3-2025-Ligue-1
FRA-Ligue 1,2425,Nice,2025-01-11 Reims-Nice,2025-01-11,Matchweek 17,Sat,Away,W,4,2,Reims,46,602.0,74.0,192.0,295.0,122.0,21.0,601.0,16.0,7.0,43.8,7.0,43.8,396.0,1730.0,955.0,19.0,9.0,4.0,17.0,7.0,391.0,37.0,19:00:00,/en/matches/cdcb7386/Reims-Nice-January-11-2025-Ligue-1
FRA-Ligue 1,2425,Nice,2025-01-17 Lille-Nice,2025-01-17,Matchweek 18,Fri,Away,L,1,2,Lille,45,591.0,64.0,232.0,238.0,130.0,21.0,591.0,24.0,10.0,41.7,13.0,54.2,263.0,1209.0,597.0,16.0,9.0,5.0,21.0,9.0,356.0,27.0,21:05:00,/en/matches/41d92573/Lille-Nice-January-17-2025-Ligue-1
FRA-Ligue 1,2425,Nice,2025-01-26 Nice-Marseille,2025-01-26,Matchweek 19,Sun,Home,W,2,0,Marseille,29,448.0,95.0,224.0,149.0,87.0,16.0,448.0,14.0,5.0,35.7,9.0,64.3,235.0,1342.0,748.0,14.0,8.0,5.0,10.0,12.0,229.0,18.0,20:45:00,/en/matches/ce373826/Nice-Marseille-January-26-2025-Ligue-1
FRA-Ligue 1,2425,Nice,2025-02-02 Toulouse-Nice,2025-02-02,Matchweek 20,Sun,Away,D,1,1,Toulouse,46,604.0,86.0,236.0,294.0,86.0,19.0,603.0,14.0,5.0,35.7,7.0,50.0,298.0,1284.0,789.0,17.0,4.0,1.0,16.0,9.0,384.0,30.0,15:00:00,/en/matches/af67aa9c/Toulouse-Nice-February-2-2025-Ligue-1
FRA-Ligue 1,2425,Nice,2025-02-08 Nice-Lens,2025-02-08,Matchweek 21,Sat,Home,W,2,0,Lens,60,759.0,48.0,164.0,404.0,198.0,33.0,758.0,18.0,11.0,61.1,4.0,22.2,403.0,1719.0,968.0,14.0,6.0,5.0,11.0,6.0,565.0,52.0,17:00:00,/en/matches/544b155b/Nice-Lens-February-8-2025-Ligue-1
FRA-Ligue 1,2425,Nice,2025-02-16 Le Havre-Nice,2025-02-16,Matchweek 22,Sun,Away,W,3,1,Le Havre,51,614.0,73.0,172.0,314.0,132.0,18.0,614.0,8.0,2.0,25.0,6.0,75.0,310.0,1481.0,942.0,23.0,8.0,3.0,6.0,12.0,425.0,36.0,17:15:00,/en/matches/e62361b8/Le-Havre-Nice-February-16-2025-Ligue-1
FRA-Ligue 1,2425,Nice,2025-02-23 Nice-Montpellier,2025-02-23,Matchweek 23,Sun,Home,W,2,0,Montpellier,56,684.0,58.0,227.0,299.0,165.0,31.0,684.0,21.0,9.0,42.9,12.0,57.1,361.0,1669.0,967.0,19.0,19.0,3.0,23.0,9.0,445.0,44.0,17:15:00,/en/matches/920fad0c/Nice-Montpellier-February-23-2025-Ligue-1
FRA-Ligue 1,2425,Nice,2025-03-01 Saint-Étienne-Nice,2025-03-01,Matchweek 24,Sat,Away,W,3,1,Saint-Étienne,38,578.0,66.0,243.0,232.0,109.0,30.0,578.0,25.0,15.0,60.0,10.0,40.0,267.0,1641.0,945.0,28.0,11.0,8.0,21.0,8.0,356.0,37.0,17:00:00,/en/matches/8a209a58/Saint-Etienne-Nice-March-1-2025-Ligue-1
FRA-Ligue 1,2425,Nice,2025-03-09 Nice-Lyon,2025-03-09,Matchweek 25,Sun,Home,L,0,2,Lyon,37,550.0,49.0,177.0,225.0,156.0,28.0,550.0,16.0,6.0,37.5,8.0,50.0,213.0,1143.0,669.0,21.0,7.0,6.0,14.0,8.0,339.0,24.0,20:45:00,/en/matches/29e9616d/Nice-Lyon-March-9-2025-Ligue-1
FRA-Ligue 1,2425,Nice,2025-03-14 Nice-Auxerre,2025-03-14,Matchweek 26,Fri,Home,D,1,1,Auxerre,51,613.0,37.0,165.0,311.0,142.0,35.0,613.0,20.0,8.0,40.0,12.0,60.0,291.0,1437.0,739.0,10.0,5.0,3.0,20.0,7.0,391.0,53.0,20:45:00,/en/matches/e91c00b1/Nice-Auxerre-March-14-2025-Ligue-1
FRA-Ligue 1,2425,Nice,2025-03-29 Monaco-Nice,2025-03-29,Matchweek 27,Sat,Away,L,1,2,Monaco,42,499.0,84.0,214.0,202.0,91.0,13.0,499.0,28.0,10.0,35.7,13.0,46.4,307.0,1731.0,885.0,18.0,13.0,3.0,21.0,9.0,286.0,26.0,21:05:00,/en/matches/b5952890/Monaco-Nice-March-29-2025-Ligue-1
FRA-Ligue 1,2425,Nice,2025-04-04 Nice-Nantes,2025-04-04,Matchweek 28,Fri,Home,L,1,2,Nantes,76,867.0,30.0,110.0,416.0,346.0,38.0,867.0,18.0,3.0,16.7,12.0,66.7,486.0,2618.0,1445.0,31.0,27.0,3.0,22.0,10.0,613.0,83.0,20:45:00,/en/matches/3b3118ec/Nice-Nantes-April-4-2025-Ligue-1
FRA-Ligue 1,2425,Nice,2025-04-12 Strasbourg-Nice,2025-04-12,Matchweek 29,Sat,Away,D,2,2,Strasbourg,53,675.0,52.0,151.0,301.0,227.0,40.0,675.0,12.0,6.0,50.0,6.0,50.0,484.0,2655.0,1504.0,34.0,23.0,6.0,11.0,5.0,476.0,52.0,21:05:00,/en/matches/55275978/Strasbourg-Nice-April-12-2025-Ligue-1
FRA-Ligue 1,2425,Nice,2025-04-20 Nice-Angers,2025-04-20,Matchweek 30,Sun,Home,W,2,1,Angers,53,685.0,47.0,127.0,346.0,219.0,32.0,685.0,20.0,10.0,50.0,9.0,45.0,531.0,3141.0,1927.0,30.0,29.0,5.0,14.0,7.0,499.0,71.0,17:15:00,/en/matches/44e5cf44/Nice-Angers-April-20-2025-Ligue-1
FRA-Ligue 1,2425,Nice,2025-04-25 Paris S-G-Nice,2025-04-25,Matchweek 31,Fri,Away,W,3,1,Paris S-G,25,420.0,101.0,241.0,130.0,53.0,10.0,420.0,23.0,8.0,34.8,13.0,56.5,165.0,840.0,402.0,7.0,3.0,0.0,20.0,4.0,205.0,6.0,20:45:00,/en/matches/ae345c9c/Paris-Saint-Germain-Nice-April-25-2025-Ligue-1
FRA-Ligue 1,2425,Nice,2025-05-02 Nice-Reims,2025-05-02,Matchweek 32,Fri,Home,W,1,0,Reims,55,624.0,59.0,151.0,354.0,124.0,18.0,624.0,14.0,9.0,64.3,5.0,35.7,361.0,1789.0,922.0,17.0,12.0,1.0,17.0,6.0,415.0,38.0,20:45:00,/en/matches/2e39c335/Nice-Reims-May-2-2025-Ligue-1
FRA-Ligue 1,2425,Nice,2025-05-10 Rennes-Nice,2025-05-10,Matchweek 33,Sat,Away,L,0,2,Rennes,50,585.0,60.0,150.0,276.0,167.0,25.0,585.0,12.0,5.0,41.7,6.0,50.0,355.0,2110.0,1180.0,26.0,17.0,6.0,21.0,12.0,374.0,50.0,21:00:00,/en/matches/db5269b6/Rennes-Nice-May-10-2025-Ligue-1
FRA-Ligue 1,2425,Nice,2025-05-17 Nice-Brest,2025-05-17,Matchweek 34,Sat,Home,W,6,0,Brest,42,518.0,52.0,182.0,223.0,125.0,28.0,517.0,23.0,10.0,43.5,13.0,56.5,349.0,2011.0,1084.0,16.0,7.0,8.0,12.0,12.0,341.0,30.0,21:00:00,/en/matches/4ff4d64e/Nice-Brest-May-17-2025-Ligue-1
FRA-Ligue 1,2425,Paris S-G,2024-08-16 Le Havre-Paris S-G,2024-08-16,Matchweek 1,Fri,Away,W,4,1,Le Havre,76,967.0,50.0,220.0,533.0,221.0,25.0,966.0,15.0,4.0,26.7,10.0,66.7,678.0,3200.0,1550.0,25.0,22.0,10.0,13.0,15.0,796.0,64.0,20:45:00,/en/matches/a6b98e33/Le-Havre-Paris-Saint-Germain-August-16-2024-Ligue-1
FRA-Ligue 1,2425,Paris S-G,2024-08-23 Paris S-G-Montpellier,2024-08-23,Matchweek 2,Fri,Home,W,6,0,Montpellier,68,890.0,45.0,143.0,465.0,289.0,38.0,890.0,29.0,10.0,34.5,17.0,58.6,641.0,3329.0,1760.0,37.0,29.0,15.0,17.0,2.0,708.0,61.0,20:45:00,/en/matches/910be353/Paris-Saint-Germain-Montpellier-August-23-2024-Ligue-1
FRA-Ligue 1,2425,Paris S-G,2024-09-01 Lille-Paris S-G,2024-09-01,Matchweek 3,Sun,Away,W,3,1,Lille,58,737.0,98.0,271.0,344.0,126.0,22.0,736.0,22.0,12.0,54.5,10.0,45.5,438.0,2318.0,1234.0,25.0,15.0,11.0,13.0,9.0,562.0,37.0,20:45:00,/en/matches/49234140/Lille-Paris-Saint-Germain-September-1-2024-Ligue-1
FRA-Ligue 1,2425,Paris S-G,2024-09-14 Paris S-G-Brest,2024-09-14,Matchweek 4,Sat,Home,W,3,1,Brest,67,852.0,54.0,206.0,374.0,276.0,42.0,852.0,30.0,8.0,26.7,22.0,73.3,430.0,2973.0,1749.0,39.0,26.0,13.0,23.0,6.0,652.0,71.0,21:00:00,/en/matches/f22a7db0/Paris-Saint-Germain-Brest-September-14-2024-Ligue-1
FRA-Ligue 1,2425,Paris S-G,2024-09-21 Reims-Paris S-G,2024-09-21,Matchweek 5,Sat,Away,D,1,1,Reims,78,941.0,30.0,123.0,547.0,275.0,34.0,941.0,26.0,11.0,42.3,15.0,57.7,459.0,2035.0,1211.0,17.0,10.0,5.0,18.0,11.0,775.0,82.0,21:00:00,/en/matches/7274e9a5/Reims-Paris-Saint-Germain-September-21-2024-Ligue-1
FRA-Ligue 1,2425,Paris S-G,2024-09-27 Paris S-G-Rennes,2024-09-27,Matchweek 6,Fri,Home,W,3,1,Rennes,61,800.0,99.0,304.0,376.0,130.0,35.0,800.0,27.0,11.0,40.7,15.0,55.6,529.0,2231.0,1040.0,23.0,12.0,9.0,7.0,9.0,588.0,39.0,21:00:00,/en/matches/ab0643c6/Paris-Saint-Germain-Rennes-September-27-2024-Ligue-1
FRA-Ligue 1,2425,Paris S-G,2024-10-06 Nice-Paris S-G,2024-10-06,Matchweek 7,Sun,Away,D,1,1,Nice,71,854.0,44.0,140.0,400.0,317.0,36.0,854.0,22.0,9.0,40.9,11.0,50.0,529.0,2087.0,1189.0,31.0,19.0,9.0,16.0,13.0,663.0,54.0,20:45:00,/en/matches/474dd950/Nice-Paris-Saint-Germain-October-6-2024-Ligue-1
FRA-Ligue 1,2425,Paris S-G,2024-10-19 Paris S-G-Strasbourg,2024-10-19,Matchweek 8,Sat,Home,W,4,2,Strasbourg,55,714.0,87.0,306.0,310.0,106.0,24.0,714.0,24.0,9.0,37.5,12.0,50.0,366.0,1940.0,811.0,18.0,8.0,10.0,14.0,11.0,508.0,38.0,21:00:00,/en/matches/80a16e3b/Paris-Saint-Germain-Strasbourg-October-19-2024-Ligue-1
FRA-Ligue 1,2425,Paris S-G,2024-10-27 Marseille-Paris S-G,2024-10-27,Matchweek 9,Sun,Away,W,3,0,Marseille,74,1038.0,28.0,103.0,558.0,383.0,38.0,1038.0,13.0,5.0,38.5,8.0,61.5,815.0,3784.0,1967.0,33.0,39.0,16.0,15.0,8.0,873.0,77.0,20:45:00,/en/matches/c29b0d3a/Marseille-Paris-Saint-Germain-October-27-2024-Ligue-1
FRA-Ligue 1,2425,Paris S-G,2024-11-02 Paris S-G-Lens,2024-11-02,Matchweek 10,Sat,Home,W,1,0,Lens,68,873.0,80.0,243.0,400.0,240.0,46.0,873.0,27.0,10.0,37.0,11.0,40.7,612.0,3131.0,1592.0,30.0,25.0,19.0,18.0,9.0,655.0,42.0,17:00:00,/en/matches/51cd344b/Paris-Saint-Germain-Lens-November-2-2024-Ligue-1
FRA-Ligue 1,2425,Paris S-G,2024-11-09 Angers-Paris S-G,2024-11-09,Matchweek 11,Sat,Away,W,4,2,Angers,70,922.0,65.0,162.0,470.0,296.0,44.0,922.0,20.0,13.0,65.0,6.0,30.0,566.0,2927.0,1703.0,22.0,24.0,5.0,9.0,5.0,759.0,77.0,21:00:00,/en/matches/ddf738c4/Angers-Paris-Saint-Germain-November-9-2024-Ligue-1
FRA-Ligue 1,2425,Paris S-G,2024-11-22 Paris S-G-Toulouse,2024-11-22,Matchweek 12,Fri,Home,W,3,0,Toulouse,72,933.0,82.0,269.0,440.0,232.0,33.0,933.0,28.0,12.0,42.9,14.0,50.0,650.0,3306.0,1568.0,32.0,23.0,13.0,13.0,5.0,707.0,59.0,21:00:00,/en/matches/740dd871/Paris-Saint-Germain-Toulouse-November-22-2024-Ligue-1
FRA-Ligue 1,2425,Paris S-G,2024-11-30 Paris S-G-Nantes,2024-11-30,Matchweek 13,Sat,Home,D,1,1,Nantes,84,1188.0,40.0,113.0,607.0,472.0,59.0,1188.0,19.0,12.0,63.2,6.0,31.6,718.0,3865.0,2388.0,44.0,29.0,13.0,12.0,18.0,967.0,114.0,21:00:00,/en/matches/b898e0fa/Paris-Saint-Germain-Nantes-November-30-2024-Ligue-1
FRA-Ligue 1,2425,Paris S-G,2024-12-06 Auxerre-Paris S-G,2024-12-06,Matchweek 14,Fri,Away,D,0,0,Auxerre,73,861.0,40.0,133.0,453.0,277.0,36.0,861.0,33.0,17.0,51.5,16.0,48.5,591.0,3455.0,1983.0,31.0,21.0,5.0,12.0,10.0,633.0,71.0,21:00:00,/en/matches/9139adc8/Auxerre-Paris-Saint-Germain-December-6-2024-Ligue-1
FRA-Ligue 1,2425,Paris S-G,2024-12-15 Paris S-G-Lyon,2024-12-15,Matchweek 15,Sun,Home,W,3,1,Lyon,68,876.0,70.0,227.0,429.0,224.0,27.0,875.0,17.0,9.0,52.9,6.0,35.3,452.0,2425.0,1452.0,32.0,24.0,9.0,16.0,7.0,695.0,51.0,20:45:00,/en/matches/90a6f4dd/Paris-Saint-Germain-Lyon-December-15-2024-Ligue-1
FRA-Ligue 1,2425,Paris S-G,2024-12-18 Monaco-Paris S-G,2024-12-18,Matchweek 16,Wed,Away,W,4,2,Monaco,60,735.0,73.0,239.0,340.0,160.0,29.0,735.0,24.0,9.0,37.5,14.0,58.3,363.0,1988.0,982.0,26.0,12.0,5.0,13.0,17.0,523.0,45.0,21:00:00,/en/matches/b7d32870/Monaco-Paris-Saint-Germain-December-18-2024-Ligue-1
FRA-Ligue 1,2425,Paris S-G,2025-01-12 Paris S-G-Saint-Étienne,2025-01-12,Matchweek 17,Sun,Home,W,2,1,Saint-Étienne,59,776.0,69.0,232.0,311.0,236.0,46.0,775.0,32.0,13.0,40.6,17.0,53.1,391.0,2323.0,1318.0,36.0,21.0,21.0,10.0,6.0,561.0,55.0,20:45:00,/en/matches/8d5ca778/Paris-Saint-Germain-Saint-Etienne-January-12-2025-Ligue-1
FRA-Ligue 1,2425,Paris S-G,2025-01-18 Lens-Paris S-G,2025-01-18,Matchweek 18,Sat,Away,W,2,1,Lens,66,859.0,68.0,213.0,427.0,223.0,26.0,859.0,17.0,8.0,47.1,8.0,47.1,460.0,2380.0,1274.0,28.0,27.0,8.0,21.0,12.0,660.0,47.0,17:00:00,/en/matches/f1e63652/Lens-Paris-Saint-Germain-January-18-2025-Ligue-1
FRA-Ligue 1,2425,Paris S-G,2025-01-25 Paris S-G-Reims,2025-01-25,Matchweek 19,Sat,Home,D,1,1,Reims,78,938.0,50.0,154.0,482.0,306.0,46.0,938.0,40.0,22.0,55.0,18.0,45.0,516.0,2760.0,1679.0,27.0,23.0,10.0,20.0,12.0,739.0,87.0,21:05:00,/en/matches/c2b062af/Paris-Saint-Germain-Reims-January-25-2025-Ligue-1
FRA-Ligue 1,2425,Paris S-G,2025-02-01 Brest-Paris S-G,2025-02-01,Matchweek 20,Sat,Away,W,5,2,Brest,65,849.0,75.0,241.0,421.0,195.0,37.0,849.0,13.0,2.0,15.4,9.0,69.2,610.0,2505.0,1373.0,20.0,15.0,9.0,14.0,5.0,661.0,59.0,17:00:00,/en/matches/c84f91ac/Brest-Paris-Saint-Germain-February-1-2025-Ligue-1
FRA-Ligue 1,2425,Paris S-G,2025-02-07 Paris S-G-Monaco,2025-02-07,Matchweek 21,Fri,Home,W,4,1,Monaco,63,754.0,71.0,202.0,343.0,213.0,37.0,754.0,31.0,15.0,48.4,14.0,45.2,488.0,2519.0,1348.0,22.0,16.0,9.0,13.0,5.0,554.0,64.0,21:05:00,/en/matches/c79c5813/Paris-Saint-Germain-Monaco-February-7-2025-Ligue-1
FRA-Ligue 1,2425,Paris S-G,2025-02-15 Toulouse-Paris S-G,2025-02-15,Matchweek 22,Sat,Away,W,1,0,Toulouse,76,960.0,54.0,173.0,518.0,272.0,26.0,960.0,25.0,12.0,48.0,12.0,48.0,569.0,2927.0,1716.0,28.0,26.0,6.0,17.0,10.0,774.0,64.0,21:05:00,/en/matches/91e2ebf6/Toulouse-Paris-Saint-Germain-February-15-2025-Ligue-1
FRA-Ligue 1,2425,Paris S-G,2025-02-23 Lyon-Paris S-G,2025-02-23,Matchweek 23,Sun,Away,W,3,2,Lyon,65,792.0,49.0,208.0,412.0,179.0,29.0,792.0,23.0,18.0,78.3,2.0,8.7,472.0,2385.0,1313.0,22.0,10.0,11.0,13.0,14.0,626.0,49.0,20:45:00,/en/matches/3906711b/Lyon-Paris-Saint-Germain-February-23-2025-Ligue-1
FRA-Ligue 1,2425,Paris S-G,2025-03-01 Paris S-G-Lille,2025-03-01,Matchweek 24,Sat,Home,W,4,1,Lille,58,801.0,53.0,235.0,373.0,201.0,50.0,801.0,28.0,12.0,42.9,14.0,50.0,535.0,2314.0,1306.0,22.0,15.0,8.0,15.0,7.0,619.0,53.0,21:05:00,/en/matches/3432f5cc/Paris-Saint-Germain-Lille-March-1-2025-Ligue-1
FRA-Ligue 1,2425,Paris S-G,2025-03-08 Rennes-Paris S-G,2025-03-08,Matchweek 25,Sat,Away,W,4,1,Rennes,68,851.0,72.0,226.0,429.0,201.0,33.0,851.0,19.0,7.0,36.8,11.0,57.9,456.0,2146.0,1121.0,26.0,18.0,10.0,13.0,10.0,651.0,68.0,17:00:00,/en/matches/24b4e6dd/Rennes-Paris-Saint-Germain-March-8-2025-Ligue-1
FRA-Ligue 1,2425,Paris S-G,2025-03-16 Paris S-G-Marseille,2025-03-16,Matchweek 26,Sun,Home,W,3,1,Marseille,60,755.0,65.0,246.0,398.0,115.0,27.0,755.0,23.0,11.0,47.8,10.0,43.5,370.0,1953.0,918.0,22.0,11.0,9.0,12.0,15.0,574.0,46.0,20:45:00,/en/matches/ff08b7d1/Paris-Saint-Germain-Marseille-March-16-2025-Ligue-1
FRA-Ligue 1,2425,Paris S-G,2025-03-29 Saint-Étienne-Paris S-G,2025-03-29,Matchweek 27,Sat,Away,W,6,1,Saint-Étienne,53,720.0,65.0,219.0,348.0,163.0,40.0,719.0,31.0,11.0,35.5,18.0,58.1,396.0,2141.0,1129.0,28.0,10.0,17.0,9.0,4.0,502.0,53.0,19:00:00,/en/matches/f44d3b12/Saint-Etienne-Paris-Saint-Germain-March-29-2025-Ligue-1
FRA-Ligue 1,2425,Paris S-G,2025-04-05 Paris S-G-Angers,2025-04-05,Matchweek 28,Sat,Home,W,1,0,Angers,81,1082.0,30.0,110.0,606.0,375.0,44.0,1082.0,22.0,13.0,59.1,6.0,27.3,718.0,3982.0,2051.0,37.0,41.0,14.0,8.0,12.0,912.0,77.0,17:00:00,/en/matches/85f4be0a/Paris-Saint-Germain-Angers-April-5-2025-Ligue-1
FRA-Ligue 1,2425,Paris S-G,2025-04-19 Paris S-G-Le Havre,2025-04-19,Matchweek 30,Sat,Home,W,2,1,Le Havre,70,916.0,60.0,241.0,448.0,235.0,32.0,916.0,15.0,10.0,66.7,5.0,33.3,597.0,3211.0,1645.0,26.0,19.0,8.0,14.0,19.0,754.0,64.0,17:00:00,/en/matches/8e397189/Paris-Saint-Germain-Le-Havre-April-19-2025-Ligue-1
FRA-Ligue 1,2425,Paris S-G,2025-04-22 Nantes-Paris S-G,2025-04-22,Matchweek 29,Tue,Away,D,1,1,Nantes,74,994.0,57.0,156.0,519.0,321.0,28.0,994.0,21.0,8.0,38.1,12.0,57.1,551.0,2679.0,1590.0,23.0,22.0,5.0,11.0,6.0,801.0,72.0,20:45:00,/en/matches/170d66ea/Nantes-Paris-Saint-Germain-April-22-2025-Ligue-1
FRA-Ligue 1,2425,Paris S-G,2025-04-25 Paris S-G-Nice,2025-04-25,Matchweek 31,Fri,Home,L,1,3,Nice,75,942.0,30.0,140.0,417.0,391.0,54.0,942.0,22.0,7.0,31.8,14.0,63.6,664.0,2755.0,1395.0,30.0,21.0,11.0,17.0,5.0,743.0,94.0,20:45:00,/en/matches/ae345c9c/Paris-Saint-Germain-Nice-April-25-2025-Ligue-1
FRA-Ligue 1,2425,Paris S-G,2025-05-03 Strasbourg-Paris S-G,2025-05-03,Matchweek 32,Sat,Away,L,1,2,Strasbourg,64,736.0,49.0,222.0,323.0,196.0,33.0,736.0,13.0,6.0,46.2,7.0,53.8,469.0,2632.0,1272.0,27.0,28.0,9.0,20.0,13.0,570.0,55.0,17:00:00,/en/matches/d9c56744/Strasbourg-Paris-Saint-Germain-May-3-2025-Ligue-1
FRA-Ligue 1,2425,Paris S-G,2025-05-10 Montpellier-Paris S-G,2025-05-10,Matchweek 33,Sat,Away,W,4,1,Montpellier,69,814.0,52.0,180.0,487.0,158.0,20.0,813.0,28.0,13.0,46.4,15.0,53.6,642.0,3337.0,1498.0,19.0,14.0,7.0,18.0,12.0,643.0,57.0,21:00:00,/en/matches/d083b7fa/Montpellier-Paris-Saint-Germain-May-10-2025-Ligue-1
FRA-Ligue 1,2425,Paris S-G,2025-05-17 Paris S-G-Auxerre,2025-05-17,Matchweek 34,Sat,Home,W,3,1,Auxerre,66,782.0,37.0,104.0,426.0,258.0,35.0,781.0,23.0,15.0,65.2,8.0,34.8,503.0,2985.0,1824.0,28.0,26.0,8.0,14.0,7.0,619.0,68.0,21:00:00,/en/matches/695f3d84/Paris-Saint-Germain-Auxerre-May-17-2025-Ligue-1
FRA-Ligue 1,2425,Reims,2024-08-17 Reims-Lille,2024-08-17,Matchweek 1,Sat,Home,L,0,2,Lille,32,416.0,82.0,205.0,151.0,68.0,10.0,416.0,23.0,11.0,47.8,11.0,47.8,206.0,1498.0,673.0,11.0,9.0,2.0,14.0,7.0,224.0,27.0,19:00:00,/en/matches/06aa495e/Reims-Lille-August-17-2024-Ligue-1
FRA-Ligue 1,2425,Reims,2024-08-25 Marseille-Reims,2024-08-25,Matchweek 2,Sun,Away,D,2,2,Marseille,34,463.0,66.0,172.0,188.0,109.0,14.0,463.0,13.0,10.0,76.9,3.0,23.1,263.0,1376.0,717.0,15.0,9.0,3.0,18.0,3.0,274.0,25.0,20:45:00,/en/matches/3a93bc8b/Marseille-Reims-August-25-2024-Ligue-1
FRA-Ligue 1,2425,Reims,2024-09-01 Reims-Rennes,2024-09-01,Matchweek 3,Sun,Home,W,2,1,Rennes,53,548.0,68.0,206.0,221.0,125.0,14.0,548.0,24.0,10.0,41.7,12.0,50.0,241.0,1438.0,657.0,15.0,12.0,0.0,13.0,9.0,351.0,33.0,17:00:00,/en/matches/4abb133c/Reims-Rennes-September-1-2024-Ligue-1
FRA-Ligue 1,2425,Reims,2024-09-15 Nantes-Reims,2024-09-15,Matchweek 4,Sun,Away,W,2,1,Nantes,55,727.0,92.0,282.0,316.0,135.0,23.0,727.0,21.0,10.0,47.6,11.0,52.4,531.0,2782.0,1423.0,25.0,16.0,4.0,14.0,10.0,547.0,52.0,17:00:00,/en/matches/1411fc56/Nantes-Reims-September-15-2024-Ligue-1
FRA-Ligue 1,2425,Reims,2024-09-21 Reims-Paris S-G,2024-09-21,Matchweek 5,Sat,Home,D,1,1,Paris S-G,22,348.0,73.0,206.0,101.0,52.0,9.0,348.0,12.0,8.0,66.7,4.0,33.3,146.0,917.0,468.0,15.0,13.0,1.0,16.0,10.0,165.0,12.0,21:00:00,/en/matches/7274e9a5/Reims-Paris-Saint-Germain-September-21-2024-Ligue-1
FRA-Ligue 1,2425,Reims,2024-09-29 Angers-Reims,2024-09-29,Matchweek 6,Sun,Away,W,3,1,Angers,47,607.0,94.0,270.0,247.0,103.0,29.0,607.0,18.0,13.0,72.2,5.0,27.8,330.0,1782.0,958.0,22.0,14.0,9.0,21.0,12.0,384.0,33.0,17:00:00,/en/matches/1ea5cb30/Angers-Reims-September-29-2024-Ligue-1
FRA-Ligue 1,2425,Reims,2024-10-06 Reims-Montpellier,2024-10-06,Matchweek 7,Sun,Home,W,4,2,Montpellier,48,555.0,69.0,189.0,255.0,116.0,30.0,554.0,15.0,9.0,60.0,6.0,40.0,302.0,1928.0,1126.0,19.0,10.0,6.0,21.0,5.0,367.0,41.0,17:00:00,/en/matches/843fb71f/Reims-Montpellier-October-6-2024-Ligue-1
FRA-Ligue 1,2425,Reims,2024-10-20 Auxerre-Reims,2024-10-20,Matchweek 8,Sun,Away,L,1,2,Auxerre,65,653.0,42.0,161.0,333.0,162.0,33.0,653.0,24.0,16.0,66.7,8.0,33.3,416.0,2338.0,1204.0,20.0,11.0,5.0,18.0,14.0,450.0,48.0,17:00:00,/en/matches/5f02a541/Auxerre-Reims-October-20-2024-Ligue-1
FRA-Ligue 1,2425,Reims,2024-10-26 Reims-Brest,2024-10-26,Matchweek 9,Sat,Home,L,1,2,Brest,53,576.0,40.0,174.0,239.0,170.0,21.0,576.0,23.0,13.0,56.5,10.0,43.5,334.0,1857.0,1058.0,23.0,22.0,5.0,18.0,8.0,376.0,46.0,19:00:00,/en/matches/6e7b242b/Reims-Brest-October-26-2024-Ligue-1
FRA-Ligue 1,2425,Reims,2024-11-03 Toulouse-Reims,2024-11-03,Matchweek 10,Sun,Away,L,0,1,Toulouse,49,559.0,80.0,221.0,234.0,114.0,18.0,559.0,24.0,11.0,45.8,9.0,37.5,307.0,1711.0,852.0,22.0,13.0,6.0,24.0,6.0,312.0,32.0,15:00:00,/en/matches/f0237d4b/Toulouse-Reims-November-3-2024-Ligue-1
FRA-Ligue 1,2425,Reims,2024-11-10 Le Havre-Reims,2024-11-10,Matchweek 11,Sun,Away,W,3,0,Le Havre,45,506.0,77.0,215.0,196.0,100.0,29.0,506.0,17.0,7.0,41.2,10.0,58.8,233.0,1295.0,644.0,15.0,6.0,8.0,19.0,9.0,299.0,26.0,17:00:00,/en/matches/63390fe7/Le-Havre-Reims-November-10-2024-Ligue-1
FRA-Ligue 1,2425,Reims,2024-11-23 Reims-Lyon,2024-11-23,Matchweek 12,Sat,Home,D,1,1,Lyon,41,492.0,68.0,192.0,182.0,125.0,23.0,492.0,13.0,4.0,30.8,9.0,69.2,245.0,1699.0,929.0,17.0,10.0,5.0,13.0,7.0,306.0,35.0,21:00:00,/en/matches/4da20576/Reims-Lyon-November-23-2024-Ligue-1
FRA-Ligue 1,2425,Reims,2024-11-29 Reims-Lens,2024-11-29,Matchweek 13,Fri,Home,L,0,2,Lens,52,619.0,50.0,183.0,284.0,158.0,10.0,619.0,28.0,12.0,42.9,14.0,50.0,304.0,1871.0,932.0,12.0,21.0,1.0,12.0,11.0,401.0,28.0,20:45:00,/en/matches/a4c0898c/Reims-Lens-November-29-2024-Ligue-1
FRA-Ligue 1,2425,Reims,2024-12-08 Strasbourg-Reims,2024-12-08,Matchweek 14,Sun,Away,D,0,0,Strasbourg,52,622.0,63.0,238.0,255.0,132.0,21.0,622.0,15.0,7.0,46.7,8.0,53.3,382.0,1941.0,932.0,17.0,14.0,3.0,17.0,11.0,428.0,39.0,17:00:00,/en/matches/74299224/Strasbourg-Reims-December-8-2024-Ligue-1
FRA-Ligue 1,2425,Reims,2024-12-14 Reims-Monaco,2024-12-14,Matchweek 15,Sat,Home,D,0,0,Monaco,36,513.0,87.0,216.0,200.0,107.0,18.0,513.0,25.0,12.0,48.0,12.0,48.0,217.0,1416.0,748.0,17.0,11.0,4.0,23.0,8.0,251.0,32.0,21:00:00,/en/matches/f422e8b0/Reims-Monaco-December-14-2024-Ligue-1
FRA-Ligue 1,2425,Reims,2025-01-04 Saint-Étienne-Reims,2025-01-04,Matchweek 16,Sat,Away,L,1,3,Saint-Étienne,47,617.0,52.0,155.0,263.0,203.0,23.0,617.0,19.0,4.0,21.1,12.0,63.2,381.0,1889.0,908.0,19.0,18.0,4.0,27.0,8.0,401.0,53.0,17:00:00,/en/matches/09e72954/Saint-Etienne-Reims-January-4-2025-Ligue-1
FRA-Ligue 1,2425,Reims,2025-01-11 Reims-Nice,2025-01-11,Matchweek 17,Sat,Home,L,2,4,Nice,54,701.0,72.0,242.0,307.0,157.0,16.0,701.0,15.0,4.0,26.7,10.0,66.7,389.0,1698.0,909.0,17.0,11.0,4.0,20.0,13.0,488.0,47.0,19:00:00,/en/matches/cdcb7386/Reims-Nice-January-11-2025-Ligue-1
FRA-Ligue 1,2425,Reims,2025-01-19 Reims-Le Havre,2025-01-19,Matchweek 18,Sun,Home,D,1,1,Le Havre,55,642.0,45.0,152.0,281.0,217.0,21.0,642.0,18.0,6.0,33.3,11.0,61.1,323.0,2111.0,1168.0,22.0,16.0,8.0,18.0,7.0,442.0,51.0,17:15:00,/en/matches/7e7a280a/Reims-Le-Havre-January-19-2025-Ligue-1
FRA-Ligue 1,2425,Reims,2025-01-25 Paris S-G-Reims,2025-01-25,Matchweek 19,Sat,Away,D,1,1,Paris S-G,22,374.0,93.0,198.0,121.0,60.0,11.0,374.0,14.0,6.0,42.9,7.0,50.0,156.0,1081.0,569.0,17.0,6.0,7.0,15.0,7.0,158.0,19.0,21:05:00,/en/matches/c2b062af/Paris-Saint-Germain-Reims-January-25-2025-Ligue-1
FRA-Ligue 1,2425,Reims,2025-02-02 Reims-Nantes,2025-02-02,Matchweek 20,Sun,Home,L,1,2,Nantes,55,598.0,45.0,171.0,252.0,186.0,32.0,598.0,23.0,9.0,39.1,13.0,56.5,304.0,1979.0,1078.0,21.0,18.0,3.0,8.0,9.0,389.0,41.0,17:15:00,/en/matches/eee9fd86/Reims-Nantes-February-2-2025-Ligue-1
FRA-Ligue 1,2425,Reims,2025-02-09 Lyon-Reims,2025-02-09,Matchweek 21,Sun,Away,L,0,4,Lyon,33,456.0,46.0,146.0,184.0,135.0,21.0,456.0,29.0,8.0,27.6,19.0,65.5,241.0,1777.0,1028.0,24.0,15.0,8.0,17.0,7.0,262.0,33.0,15:00:00,/en/matches/48caa08f/Lyon-Reims-February-9-2025-Ligue-1
FRA-Ligue 1,2425,Reims,2025-02-16 Reims-Angers,2025-02-16,Matchweek 22,Sun,Home,L,0,1,Angers,63,704.0,46.0,181.0,326.0,204.0,29.0,703.0,19.0,7.0,36.8,9.0,47.4,415.0,2750.0,1528.0,22.0,18.0,4.0,15.0,9.0,498.0,67.0,17:15:00,/en/matches/bc4d9e67/Reims-Angers-February-16-2025-Ligue-1
FRA-Ligue 1,2425,Reims,2025-02-21 Rennes-Reims,2025-02-21,Matchweek 23,Fri,Away,L,0,1,Rennes,42,500.0,104.0,225.0,194.0,85.0,8.0,500.0,11.0,4.0,36.4,6.0,54.5,241.0,1261.0,754.0,14.0,9.0,3.0,16.0,7.0,306.0,20.0,20:45:00,/en/matches/329233bd/Rennes-Reims-February-21-2025-Ligue-1
FRA-Ligue 1,2425,Reims,2025-02-28 Monaco-Reims,2025-02-28,Matchweek 24,Fri,Away,L,0,3,Monaco,44,614.0,93.0,252.0,239.0,125.0,13.0,614.0,16.0,10.0,62.5,5.0,31.3,254.0,1267.0,624.0,15.0,14.0,4.0,23.0,9.0,381.0,37.0,20:45:00,/en/matches/f354ea51/Monaco-Reims-February-28-2025-Ligue-1
FRA-Ligue 1,2425,Reims,2025-03-09 Reims-Auxerre,2025-03-09,Matchweek 25,Sun,Home,L,0,2,Auxerre,57,605.0,49.0,175.0,272.0,168.0,21.0,605.0,23.0,8.0,34.8,13.0,56.5,317.0,2020.0,1172.0,21.0,16.0,4.0,14.0,14.0,385.0,39.0,17:15:00,/en/matches/5a7ff7ce/Reims-Auxerre-March-9-2025-Ligue-1
FRA-Ligue 1,2425,Reims,2025-03-16 Brest-Reims,2025-03-16,Matchweek 26,Sun,Away,D,0,0,Brest,29,432.0,83.0,212.0,142.0,85.0,14.0,432.0,22.0,11.0,50.0,10.0,45.5,201.0,1254.0,717.0,12.0,8.0,3.0,16.0,8.0,206.0,15.0,17:15:00,/en/matches/28e7c1e6/Brest-Reims-March-16-2025-Ligue-1
FRA-Ligue 1,2425,Reims,2025-03-29 Reims-Marseille,2025-03-29,Matchweek 27,Sat,Home,W,3,1,Marseille,20,351.0,125.0,242.0,80.0,34.0,7.0,351.0,8.0,4.0,50.0,3.0,37.5,107.0,629.0,387.0,7.0,2.0,3.0,17.0,7.0,121.0,8.0,17:00:00,/en/matches/e3656ea1/Reims-Marseille-March-29-2025-Ligue-1
FRA-Ligue 1,2425,Reims,2025-04-06 Reims-Strasbourg,2025-04-06,Matchweek 28,Sun,Home,L,0,1,Strasbourg,48,578.0,57.0,202.0,243.0,142.0,26.0,578.0,15.0,5.0,33.3,9.0,60.0,368.0,2299.0,1016.0,13.0,13.0,4.0,15.0,9.0,375.0,34.0,17:15:00,/en/matches/44834f60/Reims-Strasbourg-April-6-2025-Ligue-1
FRA-Ligue 1,2425,Reims,2025-04-11 Lens-Reims,2025-04-11,Matchweek 29,Fri,Away,W,2,0,Lens,30,473.0,136.0,283.0,149.0,51.0,13.0,473.0,13.0,6.0,46.2,5.0,38.5,215.0,1454.0,894.0,15.0,8.0,4.0,18.0,15.0,222.0,22.0,20:45:00,/en/matches/1fafebba/Lens-Reims-April-11-2025-Ligue-1
FRA-Ligue 1,2425,Reims,2025-04-20 Reims-Toulouse,2025-04-20,Matchweek 30,Sun,Home,W,1,0,Toulouse,52,667.0,95.0,273.0,306.0,97.0,12.0,667.0,20.0,12.0,60.0,6.0,30.0,425.0,2724.0,1189.0,23.0,16.0,3.0,18.0,5.0,466.0,28.0,17:15:00,/en/matches/86146582/Reims-Toulouse-April-20-2025-Ligue-1
FRA-Ligue 1,2425,Reims,2025-04-27 Montpellier-Reims,2025-04-27,Matchweek 31,Sun,Away,D,0,0,Montpellier,47,604.0,67.0,205.0,316.0,89.0,15.0,604.0,22.0,3.0,13.6,14.0,63.6,394.0,2534.0,1105.0,17.0,10.0,3.0,12.0,12.0,414.0,27.0,17:15:00,/en/matches/6ff732c6/Montpellier-Reims-April-27-2025-Ligue-1
FRA-Ligue 1,2425,Reims,2025-05-02 Nice-Reims,2025-05-02,Matchweek 32,Fri,Away,L,0,1,Nice,45,544.0,53.0,186.0,251.0,113.0,21.0,544.0,15.0,9.0,60.0,6.0,40.0,308.0,1756.0,931.0,13.0,8.0,2.0,16.0,9.0,341.0,28.0,20:45:00,/en/matches/2e39c335/Nice-Reims-May-2-2025-Ligue-1
FRA-Ligue 1,2425,Reims,2025-05-10 Reims-Saint-Étienne,2025-05-10,Matchweek 33,Sat,Home,L,0,2,Saint-Étienne,49,657.0,45.0,183.0,250.0,231.0,37.0,657.0,21.0,7.0,33.3,14.0,66.7,336.0,2015.0,1132.0,24.0,18.0,5.0,14.0,11.0,423.0,49.0,21:00:00,/en/matches/e0ae4f10/Reims-Saint-Etienne-May-10-2025-Ligue-1
FRA-Ligue 1,2425,Reims,2025-05-17 Lille-Reims,2025-05-17,Matchweek 34,Sat,Away,L,1,2,Lille,22,342.0,80.0,170.0,121.0,55.0,7.0,342.0,11.0,3.0,27.3,8.0,72.7,136.0,727.0,281.0,5.0,5.0,1.0,16.0,8.0,129.0,13.0,21:00:00,/en/matches/788e598c/Lille-Reims-May-17-2025-Ligue-1
FRA-Ligue 1,2425,Rennes,2024-08-18 Rennes-Lyon,2024-08-18,Matchweek 1,Sun,Home,W,3,0,Lyon,47,576.0,67.0,160.0,248.0,173.0,38.0,576.0,15.0,6.0,40.0,7.0,46.7,288.0,1630.0,969.0,27.0,14.0,10.0,12.0,15.0,365.0,43.0,20:45:00,/en/matches/bc46a367/Rennes-Lyon-August-18-2024-Ligue-1
FRA-Ligue 1,2425,Rennes,2024-08-25 Strasbourg-Rennes,2024-08-25,Matchweek 2,Sun,Away,L,1,3,Strasbourg,41,509.0,32.0,117.0,243.0,153.0,25.0,509.0,20.0,6.0,30.0,14.0,70.0,223.0,1304.0,651.0,12.0,9.0,3.0,13.0,7.0,303.0,48.0,17:00:00,/en/matches/efa54e4b/Strasbourg-Rennes-August-25-2024-Ligue-1
FRA-Ligue 1,2425,Rennes,2024-09-01 Reims-Rennes,2024-09-01,Matchweek 3,Sun,Away,L,1,2,Reims,47,497.0,46.0,142.0,247.0,116.0,21.0,497.0,14.0,7.0,50.0,6.0,42.9,273.0,1161.0,685.0,10.0,12.0,5.0,19.0,10.0,306.0,41.0,17:00:00,/en/matches/4abb133c/Reims-Rennes-September-1-2024-Ligue-1
FRA-Ligue 1,2425,Rennes,2024-09-15 Rennes-Montpellier,2024-09-15,Matchweek 4,Sun,Home,W,3,0,Montpellier,51,600.0,61.0,195.0,235.0,176.0,30.0,600.0,28.0,14.0,50.0,13.0,46.4,394.0,1940.0,1078.0,19.0,19.0,8.0,13.0,10.0,422.0,46.0,15:00:00,/en/matches/984e7243/Rennes-Montpellier-September-15-2024-Ligue-1
FRA-Ligue 1,2425,Rennes,2024-09-21 Rennes-Lens,2024-09-21,Matchweek 5,Sat,Home,D,1,1,Lens,40,497.0,63.0,185.0,210.0,105.0,15.0,496.0,10.0,3.0,30.0,6.0,60.0,243.0,1052.0,511.0,12.0,11.0,4.0,19.0,6.0,242.0,23.0,19:00:00,/en/matches/73dc5828/Rennes-Lens-September-21-2024-Ligue-1
FRA-Ligue 1,2425,Rennes,2024-09-27 Paris S-G-Rennes,2024-09-27,Matchweek 6,Fri,Away,L,1,3,Paris S-G,39,539.0,67.0,166.0,240.0,142.0,23.0,538.0,25.0,13.0,52.0,11.0,44.0,300.0,1380.0,680.0,19.0,10.0,3.0,9.0,10.0,336.0,28.0,21:00:00,/en/matches/ab0643c6/Paris-Saint-Germain-Rennes-September-27-2024-Ligue-1
FRA-Ligue 1,2425,Rennes,2024-10-05 Rennes-Monaco,2024-10-05,Matchweek 7,Sat,Home,L,1,2,Monaco,58,692.0,40.0,197.0,298.0,201.0,25.0,692.0,27.0,10.0,37.0,15.0,55.6,415.0,1734.0,715.0,17.0,9.0,7.0,23.0,9.0,438.0,55.0,21:00:00,/en/matches/f7072ea6/Rennes-Monaco-October-5-2024-Ligue-1
FRA-Ligue 1,2425,Rennes,2024-10-19 Brest-Rennes,2024-10-19,Matchweek 8,Sat,Away,D,1,1,Brest,44,516.0,49.0,190.0,237.0,94.0,14.0,516.0,22.0,7.0,31.8,11.0,50.0,261.0,1453.0,767.0,11.0,9.0,3.0,17.0,12.0,305.0,35.0,17:00:00,/en/matches/e2a10c83/Brest-Rennes-October-19-2024-Ligue-1
FRA-Ligue 1,2425,Rennes,2024-10-25 Rennes-Le Havre,2024-10-25,Matchweek 9,Fri,Home,W,1,0,Le Havre,60,719.0,41.0,141.0,337.0,246.0,39.0,719.0,26.0,7.0,26.9,15.0,57.7,474.0,2414.0,1235.0,29.0,21.0,6.0,19.0,4.0,487.0,51.0,20:45:00,/en/matches/603efa49/Rennes-Le-Havre-October-25-2024-Ligue-1
FRA-Ligue 1,2425,Rennes,2024-11-03 Auxerre-Rennes,2024-11-03,Matchweek 10,Sun,Away,L,0,4,Auxerre,61,659.0,45.0,172.0,366.0,127.0,13.0,659.0,22.0,12.0,54.5,10.0,45.5,448.0,2182.0,1174.0,16.0,7.0,2.0,14.0,12.0,462.0,49.0,17:00:00,/en/matches/acc30562/Auxerre-Rennes-November-3-2024-Ligue-1
FRA-Ligue 1,2425,Rennes,2024-11-10 Rennes-Toulouse,2024-11-10,Matchweek 11,Sun,Home,L,0,2,Toulouse,67,745.0,55.0,185.0,399.0,166.0,16.0,745.0,23.0,12.0,52.2,10.0,43.5,380.0,2560.0,1206.0,27.0,17.0,3.0,16.0,15.0,539.0,53.0,17:00:00,/en/matches/a7965d75/Rennes-Toulouse-November-10-2024-Ligue-1
FRA-Ligue 1,2425,Rennes,2024-11-24 Lille-Rennes,2024-11-24,Matchweek 12,Sun,Away,L,0,1,Lille,48,553.0,63.0,191.0,294.0,72.0,5.0,553.0,13.0,4.0,30.8,6.0,46.2,241.0,1106.0,581.0,16.0,6.0,1.0,25.0,11.0,372.0,36.0,15:00:00,/en/matches/240126d9/Lille-Rennes-November-24-2024-Ligue-1
FRA-Ligue 1,2425,Rennes,2024-11-30 Rennes-Saint-Étienne,2024-11-30,Matchweek 13,Sat,Home,W,5,0,Saint-Étienne,71,819.0,33.0,160.0,438.0,224.0,36.0,817.0,19.0,5.0,26.3,14.0,73.7,461.0,2609.0,1460.0,26.0,16.0,14.0,16.0,11.0,638.0,66.0,17:00:00,/en/matches/546b6937/Rennes-Saint-Etienne-November-30-2024-Ligue-1
FRA-Ligue 1,2425,Rennes,2024-12-08 Nantes-Rennes,2024-12-08,Matchweek 14,Sun,Away,L,0,1,Nantes,53,643.0,87.0,280.0,290.0,76.0,10.0,643.0,11.0,5.0,45.5,5.0,45.5,345.0,1586.0,692.0,14.0,6.0,3.0,20.0,7.0,420.0,23.0,17:00:00,/en/matches/f45bb195/Nantes-Rennes-December-8-2024-Ligue-1
FRA-Ligue 1,2425,Rennes,2024-12-15 Rennes-Angers,2024-12-15,Matchweek 15,Sun,Home,W,2,0,Angers,44,569.0,48.0,190.0,272.0,111.0,12.0,569.0,20.0,6.0,30.0,14.0,70.0,336.0,2055.0,1033.0,22.0,16.0,7.0,14.0,11.0,378.0,30.0,17:00:00,/en/matches/fae57b16/Rennes-Angers-December-15-2024-Ligue-1
FRA-Ligue 1,2425,Rennes,2025-01-03 Nice-Rennes,2025-01-03,Matchweek 16,Fri,Away,L,2,3,Nice,53,633.0,60.0,171.0,328.0,141.0,18.0,633.0,14.0,7.0,50.0,7.0,50.0,378.0,1805.0,810.0,12.0,18.0,2.0,17.0,14.0,420.0,36.0,21:00:00,/en/matches/00eeccd9/Nice-Rennes-January-3-2025-Ligue-1
FRA-Ligue 1,2425,Rennes,2025-01-11 Rennes-Marseille,2025-01-11,Matchweek 17,Sat,Home,L,1,2,Marseille,36,492.0,68.0,216.0,214.0,65.0,8.0,491.0,15.0,7.0,46.7,8.0,53.3,199.0,879.0,378.0,11.0,5.0,4.0,15.0,12.0,318.0,20.0,21:05:00,/en/matches/e23cca77/Rennes-Marseille-January-11-2025-Ligue-1
FRA-Ligue 1,2425,Rennes,2025-01-18 Rennes-Brest,2025-01-18,Matchweek 18,Sat,Home,L,1,2,Brest,68,798.0,45.0,178.0,384.0,240.0,43.0,798.0,37.0,22.0,59.5,14.0,37.8,429.0,2844.0,1545.0,34.0,22.0,9.0,12.0,20.0,547.0,91.0,19:00:00,/en/matches/39a945d8/Rennes-Brest-January-18-2025-Ligue-1
FRA-Ligue 1,2425,Rennes,2025-01-25 Monaco-Rennes,2025-01-25,Matchweek 19,Sat,Away,L,2,3,Monaco,48,576.0,70.0,168.0,286.0,126.0,21.0,576.0,22.0,8.0,36.4,12.0,54.5,232.0,1299.0,652.0,16.0,8.0,4.0,12.0,11.0,338.0,47.0,17:00:00,/en/matches/5cbd8070/Monaco-Rennes-January-25-2025-Ligue-1
FRA-Ligue 1,2425,Rennes,2025-02-02 Rennes-Strasbourg,2025-02-02,Matchweek 20,Sun,Home,W,1,0,Strasbourg,46,566.0,67.0,229.0,221.0,127.0,20.0,566.0,13.0,6.0,46.2,6.0,46.2,269.0,1716.0,684.0,17.0,11.0,5.0,15.0,7.0,357.0,28.0,17:15:00,/en/matches/e9da9682/Rennes-Strasbourg-February-2-2025-Ligue-1
FRA-Ligue 1,2425,Rennes,2025-02-08 Saint-Étienne-Rennes,2025-02-08,Matchweek 21,Sat,Away,W,2,0,Saint-Étienne,47,633.0,66.0,188.0,268.0,183.0,36.0,633.0,24.0,15.0,62.5,7.0,29.2,315.0,1806.0,940.0,25.0,18.0,11.0,16.0,13.0,400.0,41.0,21:05:00,/en/matches/de805721/Saint-Etienne-Rennes-February-8-2025-Ligue-1
FRA-Ligue 1,2425,Rennes,2025-02-16 Rennes-Lille,2025-02-16,Matchweek 22,Sun,Home,L,0,2,Lille,37,458.0,76.0,207.0,200.0,54.0,5.0,458.0,16.0,6.0,37.5,8.0,50.0,225.0,1323.0,622.0,15.0,8.0,1.0,13.0,10.0,273.0,16.0,20:45:00,/en/matches/f2bcec96/Rennes-Lille-February-16-2025-Ligue-1
FRA-Ligue 1,2425,Rennes,2025-02-21 Rennes-Reims,2025-02-21,Matchweek 23,Fri,Home,W,1,0,Reims,58,651.0,29.0,106.0,284.0,270.0,58.0,650.0,21.0,8.0,38.1,12.0,57.1,434.0,2737.0,1724.0,42.0,23.0,14.0,7.0,7.0,462.0,68.0,20:45:00,/en/matches/329233bd/Rennes-Reims-February-21-2025-Ligue-1
FRA-Ligue 1,2425,Rennes,2025-03-02 Montpellier-Rennes,2025-03-02,Matchweek 24,Sun,Away,W,4,0,Montpellier,54,587.0,88.0,242.0,229.0,117.0,24.0,586.0,14.0,10.0,71.4,3.0,21.4,336.0,1956.0,963.0,21.0,10.0,5.0,13.0,8.0,377.0,31.0,17:15:00,/en/matches/5739a5ae/Montpellier-Rennes-March-2-2025-Ligue-1
FRA-Ligue 1,2425,Rennes,2025-03-08 Rennes-Paris S-G,2025-03-08,Matchweek 25,Sat,Home,L,1,4,Paris S-G,32,463.0,73.0,187.0,189.0,95.0,24.0,463.0,23.0,5.0,21.7,16.0,69.6,198.0,1446.0,715.0,19.0,12.0,7.0,17.0,9.0,273.0,30.0,17:00:00,/en/matches/24b4e6dd/Rennes-Paris-Saint-Germain-March-8-2025-Ligue-1
FRA-Ligue 1,2425,Rennes,2025-03-15 Lens-Rennes,2025-03-15,Matchweek 26,Sat,Away,L,0,1,Lens,54,679.0,40.0,180.0,327.0,180.0,23.0,679.0,20.0,8.0,40.0,11.0,55.0,379.0,1887.0,935.0,18.0,11.0,7.0,16.0,17.0,436.0,57.0,21:05:00,/en/matches/e042d34f/Lens-Rennes-March-15-2025-Ligue-1
FRA-Ligue 1,2425,Rennes,2025-03-30 Angers-Rennes,2025-03-30,Matchweek 27,Sun,Away,W,3,0,Angers,57,750.0,66.0,205.0,375.0,178.0,24.0,750.0,17.0,3.0,17.6,12.0,70.6,514.0,2432.0,1268.0,23.0,15.0,4.0,12.0,10.0,559.0,50.0,17:15:00,/en/matches/ea71bfda/Angers-Rennes-March-30-2025-Ligue-1
FRA-Ligue 1,2425,Rennes,2025-04-06 Rennes-Auxerre,2025-04-06,Matchweek 28,Sun,Home,L,0,1,Auxerre,63,782.0,52.0,162.0,427.0,198.0,29.0,782.0,13.0,4.0,30.8,7.0,53.8,522.0,2547.0,1400.0,15.0,14.0,5.0,14.0,7.0,597.0,46.0,17:15:00,/en/matches/cd76c50c/Rennes-Auxerre-April-6-2025-Ligue-1
FRA-Ligue 1,2425,Rennes,2025-04-13 Le Havre-Rennes,2025-04-13,Matchweek 29,Sun,Away,W,5,1,Le Havre,44,523.0,101.0,244.0,206.0,82.0,18.0,523.0,16.0,6.0,37.5,7.0,43.8,208.0,1194.0,668.0,16.0,9.0,2.0,17.0,10.0,324.0,33.0,17:15:00,/en/matches/9c967c61/Le-Havre-Rennes-April-13-2025-Ligue-1
FRA-Ligue 1,2425,Rennes,2025-04-18 Rennes-Nantes,2025-04-18,Matchweek 30,Fri,Home,W,2,1,Nantes,64,694.0,28.0,130.0,362.0,204.0,24.0,693.0,23.0,11.0,47.8,11.0,47.8,380.0,1933.0,1085.0,24.0,11.0,6.0,11.0,3.0,522.0,57.0,20:45:00,/en/matches/6dc7499b/Rennes-Nantes-April-18-2025-Ligue-1
FRA-Ligue 1,2425,Rennes,2025-04-26 Lyon-Rennes,2025-04-26,Matchweek 31,Sat,Away,L,1,4,Lyon,47,542.0,51.0,138.0,251.0,155.0,12.0,542.0,12.0,4.0,33.3,8.0,66.7,273.0,1657.0,875.0,18.0,16.0,3.0,11.0,4.0,393.0,35.0,21:05:00,/en/matches/5f2584e1/Lyon-Rennes-April-26-2025-Ligue-1
FRA-Ligue 1,2425,Rennes,2025-05-03 Toulouse-Rennes,2025-05-03,Matchweek 32,Sat,Away,L,1,2,Toulouse,61,644.0,69.0,205.0,283.0,162.0,19.0,644.0,20.0,11.0,55.0,7.0,35.0,407.0,2127.0,1119.0,17.0,16.0,4.0,13.0,13.0,468.0,46.0,19:00:00,/en/matches/ffb99c84/Toulouse-Rennes-May-3-2025-Ligue-1
FRA-Ligue 1,2425,Rennes,2025-05-10 Rennes-Nice,2025-05-10,Matchweek 33,Sat,Home,W,2,0,Nice,50,597.0,86.0,246.0,241.0,120.0,22.0,597.0,13.0,7.0,53.8,4.0,30.8,373.0,1811.0,863.0,24.0,10.0,6.0,17.0,10.0,388.0,38.0,21:00:00,/en/matches/db5269b6/Rennes-Nice-May-10-2025-Ligue-1
FRA-Ligue 1,2425,Rennes,2025-05-17 Marseille-Rennes,2025-05-17,Matchweek 34,Sat,Away,L,2,4,Marseille,40,483.0,67.0,208.0,192.0,90.0,13.0,483.0,15.0,5.0,33.3,10.0,66.7,282.0,1893.0,961.0,19.0,10.0,8.0,11.0,8.0,320.0,23.0,21:00:00,/en/matches/36fee283/Marseille-Rennes-May-17-2025-Ligue-1
FRA-Ligue 1,2425,Saint-Étienne,2024-08-17 Monaco-Saint-Étienne,2024-08-17,Matchweek 1,Sat,Away,L,0,1,Monaco,39,446.0,74.0,200.0,184.0,67.0,10.0,446.0,20.0,9.0,45.0,9.0,45.0,262.0,1342.0,694.0,14.0,15.0,6.0,17.0,10.0,234.0,20.0,21:00:00,/en/matches/f84bb85e/Monaco-Saint-Etienne-August-17-2024-Ligue-1
FRA-Ligue 1,2425,Saint-Étienne,2024-08-24 Saint-Étienne-Le Havre,2024-08-24,Matchweek 2,Sat,Home,L,0,2,Le Havre,59,588.0,51.0,178.0,270.0,144.0,18.0,588.0,20.0,11.0,55.0,9.0,45.0,308.0,2012.0,989.0,15.0,14.0,3.0,17.0,8.0,406.0,39.0,21:00:00,/en/matches/fd677aba/Saint-Etienne-Le-Havre-August-24-2024-Ligue-1
FRA-Ligue 1,2425,Saint-Étienne,2024-08-31 Brest-Saint-Étienne,2024-08-31,Matchweek 3,Sat,Away,L,0,4,Brest,53,536.0,66.0,203.0,257.0,83.0,9.0,536.0,19.0,6.0,31.6,13.0,68.4,264.0,1502.0,742.0,11.0,9.0,0.0,24.0,10.0,330.0,40.0,17:00:00,/en/matches/82c19aa6/Brest-Saint-Etienne-August-31-2024-Ligue-1
FRA-Ligue 1,2425,Saint-Étienne,2024-09-13 Saint-Étienne-Lille,2024-09-13,Matchweek 4,Fri,Home,W,1,0,Lille,30,450.0,100.0,215.0,153.0,89.0,9.0,450.0,19.0,6.0,31.6,11.0,57.9,220.0,1022.0,465.0,13.0,8.0,2.0,17.0,9.0,230.0,20.0,20:45:00,/en/matches/47e23fb5/Saint-Etienne-Lille-September-13-2024-Ligue-1
FRA-Ligue 1,2425,Saint-Étienne,2024-09-20 Nice-Saint-Étienne,2024-09-20,Matchweek 5,Fri,Away,L,0,8,Nice,41,564.0,61.0,193.0,262.0,113.0,16.0,564.0,10.0,4.0,40.0,6.0,60.0,261.0,1357.0,671.0,11.0,7.0,3.0,12.0,9.0,405.0,27.0,20:45:00,/en/matches/85495c0d/Nice-Saint-Etienne-September-20-2024-Ligue-1
FRA-Ligue 1,2425,Saint-Étienne,2024-09-29 Nantes-Saint-Étienne,2024-09-29,Matchweek 6,Sun,Away,D,2,2,Nantes,39,502.0,77.0,208.0,215.0,83.0,11.0,501.0,13.0,3.0,23.1,10.0,76.9,236.0,866.0,439.0,9.0,2.0,0.0,14.0,6.0,302.0,26.0,17:00:00,/en/matches/38a94d90/Nantes-Saint-Etienne-September-29-2024-Ligue-1
FRA-Ligue 1,2425,Saint-Étienne,2024-10-05 Saint-Étienne-Auxerre,2024-10-05,Matchweek 7,Sat,Home,W,3,1,Auxerre,42,534.0,81.0,226.0,238.0,79.0,17.0,534.0,20.0,8.0,40.0,10.0,50.0,315.0,1561.0,773.0,19.0,10.0,10.0,11.0,14.0,288.0,28.0,17:00:00,/en/matches/752978b2/Saint-Etienne-Auxerre-October-5-2024-Ligue-1
FRA-Ligue 1,2425,Saint-Étienne,2024-10-19 Saint-Étienne-Lens,2024-10-19,Matchweek 8,Sat,Home,L,0,2,Lens,37,481.0,82.0,188.0,193.0,104.0,18.0,481.0,10.0,6.0,60.0,3.0,30.0,203.0,937.0,364.0,9.0,4.0,3.0,16.0,2.0,270.0,26.0,19:00:00,/en/matches/0782c73c/Saint-Etienne-Lens-October-19-2024-Ligue-1
FRA-Ligue 1,2425,Saint-Étienne,2024-10-26 Angers-Saint-Étienne,2024-10-26,Matchweek 9,Sat,Away,L,2,4,Angers,58,722.0,49.0,198.0,313.0,217.0,27.0,721.0,29.0,17.0,58.6,12.0,41.4,369.0,2100.0,1201.0,25.0,10.0,6.0,11.0,15.0,512.0,54.0,17:00:00,/en/matches/61752f42/Angers-Saint-Etienne-October-26-2024-Ligue-1
FRA-Ligue 1,2425,Saint-Étienne,2024-11-02 Saint-Étienne-Strasbourg,2024-11-02,Matchweek 10,Sat,Home,W,2,0,Strasbourg,36,536.0,82.0,240.0,220.0,76.0,16.0,536.0,10.0,3.0,30.0,6.0,60.0,273.0,1300.0,634.0,11.0,6.0,1.0,16.0,10.0,345.0,30.0,21:00:00,/en/matches/535bbc15/Saint-Etienne-Strasbourg-November-2-2024-Ligue-1
FRA-Ligue 1,2425,Saint-Étienne,2024-11-10 Lyon-Saint-Étienne,2024-11-10,Matchweek 11,Sun,Away,L,0,1,Lyon,38,497.0,79.0,177.0,199.0,128.0,15.0,497.0,20.0,15.0,75.0,4.0,20.0,269.0,1547.0,827.0,19.0,13.0,6.0,14.0,9.0,278.0,22.0,20:45:00,/en/matches/e552596a/Lyon-Saint-Etienne-November-10-2024-Ligue-1
FRA-Ligue 1,2425,Saint-Étienne,2024-11-23 Saint-Étienne-Montpellier,2024-11-23,Matchweek 12,Sat,Home,W,1,0,Montpellier,33,411.0,69.0,164.0,163.0,87.0,16.0,411.0,12.0,8.0,66.7,4.0,33.3,195.0,1140.0,713.0,11.0,7.0,4.0,11.0,12.0,210.0,26.0,19:00:00,/en/matches/90c0c091/Saint-Etienne-Montpellier-November-23-2024-Ligue-1
FRA-Ligue 1,2425,Saint-Étienne,2024-11-30 Rennes-Saint-Étienne,2024-11-30,Matchweek 13,Sat,Away,L,0,5,Rennes,29,400.0,81.0,248.0,110.0,46.0,6.0,400.0,11.0,4.0,36.4,7.0,63.6,203.0,882.0,389.0,6.0,4.0,2.0,17.0,7.0,215.0,7.0,17:00:00,/en/matches/546b6937/Rennes-Saint-Etienne-November-30-2024-Ligue-1
FRA-Ligue 1,2425,Saint-Étienne,2024-12-08 Saint-Étienne-Marseille,2024-12-08,Matchweek 14,Sun,Home,L,0,2,Marseille,32,512.0,79.0,234.0,227.0,54.0,5.0,512.0,15.0,5.0,33.3,10.0,66.7,264.0,1266.0,570.0,13.0,8.0,2.0,12.0,4.0,349.0,18.0,20:45:00,/en/matches/e865637d/Saint-Etienne-Marseille-December-8-2024-Ligue-1
FRA-Ligue 1,2425,Saint-Étienne,2024-12-13 Toulouse-Saint-Étienne,2024-12-13,Matchweek 15,Fri,Away,L,1,2,Toulouse,61,788.0,132.0,396.0,296.0,105.0,4.0,788.0,19.0,8.0,42.1,10.0,52.6,509.0,2262.0,1050.0,15.0,10.0,1.0,11.0,7.0,585.0,19.0,20:45:00,/en/matches/737388fc/Toulouse-Saint-Etienne-December-13-2024-Ligue-1
FRA-Ligue 1,2425,Saint-Étienne,2025-01-04 Saint-Étienne-Reims,2025-01-04,Matchweek 16,Sat,Home,W,3,1,Reims,53,674.0,83.0,276.0,294.0,107.0,24.0,674.0,14.0,8.0,57.1,6.0,42.9,275.0,1481.0,780.0,17.0,11.0,7.0,9.0,4.0,460.0,38.0,17:00:00,/en/matches/09e72954/Saint-Etienne-Reims-January-4-2025-Ligue-1
FRA-Ligue 1,2425,Saint-Étienne,2025-01-12 Paris S-G-Saint-Étienne,2025-01-12,Matchweek 17,Sun,Away,L,1,2,Paris S-G,41,599.0,92.0,246.0,208.0,152.0,17.0,599.0,27.0,10.0,37.0,14.0,51.9,241.0,1056.0,555.0,16.0,10.0,4.0,23.0,12.0,369.0,30.0,20:45:00,/en/matches/8d5ca778/Paris-Saint-Germain-Saint-Etienne-January-12-2025-Ligue-1
FRA-Ligue 1,2425,Saint-Étienne,2025-01-19 Saint-Étienne-Nantes,2025-01-19,Matchweek 18,Sun,Home,D,1,1,Nantes,75,918.0,49.0,202.0,441.0,281.0,31.0,918.0,18.0,10.0,55.6,6.0,33.3,531.0,2552.0,1187.0,25.0,17.0,5.0,24.0,19.0,690.0,63.0,15:00:00,/en/matches/c47f8bb5/Saint-Etienne-Nantes-January-19-2025-Ligue-1
FRA-Ligue 1,2425,Saint-Étienne,2025-01-24 Auxerre-Saint-Étienne,2025-01-24,Matchweek 19,Fri,Away,D,1,1,Auxerre,63,779.0,55.0,231.0,394.0,160.0,17.0,779.0,14.0,3.0,21.4,9.0,64.3,442.0,2108.0,1170.0,17.0,10.0,7.0,30.0,17.0,540.0,55.0,20:45:00,/en/matches/7ad35976/Auxerre-Saint-Etienne-January-24-2025-Ligue-1
FRA-Ligue 1,2425,Saint-Étienne,2025-02-01 Lille-Saint-Étienne,2025-02-01,Matchweek 20,Sat,Away,L,1,4,Lille,33,460.0,69.0,216.0,173.0,79.0,15.0,459.0,21.0,9.0,42.9,10.0,47.6,249.0,1160.0,616.0,12.0,7.0,3.0,18.0,15.0,242.0,14.0,21:05:00,/en/matches/41e764ae/Lille-Saint-Etienne-February-1-2025-Ligue-1
FRA-Ligue 1,2425,Saint-Étienne,2025-02-08 Saint-Étienne-Rennes,2025-02-08,Matchweek 21,Sat,Home,L,0,2,Rennes,53,706.0,69.0,195.0,270.0,245.0,30.0,706.0,14.0,5.0,35.7,8.0,57.1,333.0,1987.0,1118.0,29.0,19.0,8.0,12.0,13.0,476.0,65.0,21:05:00,/en/matches/de805721/Saint-Etienne-Rennes-February-8-2025-Ligue-1
FRA-Ligue 1,2425,Saint-Étienne,2025-02-15 Marseille-Saint-Étienne,2025-02-15,Matchweek 22,Sat,Away,L,1,5,Marseille,30,494.0,86.0,184.0,228.0,83.0,12.0,494.0,12.0,3.0,25.0,9.0,75.0,218.0,904.0,430.0,11.0,3.0,3.0,12.0,4.0,293.0,17.0,17:00:00,/en/matches/0a71ff58/Marseille-Saint-Etienne-February-15-2025-Ligue-1
FRA-Ligue 1,2425,Saint-Étienne,2025-02-22 Saint-Étienne-Angers,2025-02-22,Matchweek 23,Sat,Home,D,3,3,Angers,61,725.0,43.0,135.0,366.0,226.0,33.0,725.0,21.0,12.0,57.1,9.0,42.9,351.0,1450.0,773.0,16.0,6.0,5.0,16.0,9.0,493.0,71.0,19:00:00,/en/matches/80854674/Saint-Etienne-Angers-February-22-2025-Ligue-1
FRA-Ligue 1,2425,Saint-Étienne,2025-03-01 Saint-Étienne-Nice,2025-03-01,Matchweek 24,Sat,Home,L,1,3,Nice,62,857.0,75.0,193.0,410.0,262.0,20.0,857.0,18.0,8.0,44.4,9.0,50.0,533.0,2240.0,1144.0,16.0,18.0,3.0,18.0,8.0,627.0,49.0,17:00:00,/en/matches/8a209a58/Saint-Etienne-Nice-March-1-2025-Ligue-1
FRA-Ligue 1,2425,Saint-Étienne,2025-03-09 Le Havre-Saint-Étienne,2025-03-09,Matchweek 25,Sun,Away,D,1,1,Le Havre,54,607.0,60.0,152.0,241.0,219.0,35.0,607.0,14.0,6.0,42.9,7.0,50.0,347.0,1961.0,1200.0,38.0,25.0,12.0,22.0,9.0,374.0,54.0,17:15:00,/en/matches/7055dbbe/Le-Havre-Saint-Etienne-March-9-2025-Ligue-1
FRA-Ligue 1,2425,Saint-Étienne,2025-03-16 Montpellier-Saint-Étienne,2025-03-16,Matchweek 26,Sun,Away,W,2,0,Montpellier,59,,,,,,,,,,,,,,,,,,,,,,,17:15:00,/en/matches/15ee650c/Montpellier-Saint-Etienne-March-16-2025-Ligue-1
FRA-Ligue 1,2425,Saint-Étienne,2025-03-29 Saint-Étienne-Paris S-G,2025-03-29,Matchweek 27,Sat,Home,L,1,6,Paris S-G,47,635.0,75.0,174.0,291.0,177.0,26.0,635.0,18.0,8.0,44.4,9.0,50.0,313.0,1495.0,772.0,21.0,15.0,2.0,24.0,7.0,417.0,46.0,19:00:00,/en/matches/f44d3b12/Saint-Etienne-Paris-Saint-Germain-March-29-2025-Ligue-1
FRA-Ligue 1,2425,Saint-Étienne,2025-04-06 Lens-Saint-Étienne,2025-04-06,Matchweek 28,Sun,Away,L,0,1,Lens,40,488.0,100.0,236.0,155.0,102.0,19.0,487.0,18.0,5.0,27.8,11.0,61.1,275.0,1421.0,780.0,14.0,9.0,5.0,19.0,4.0,265.0,26.0,15:00:00,/en/matches/859cd779/Lens-Saint-Etienne-April-6-2025-Ligue-1
FRA-Ligue 1,2425,Saint-Étienne,2025-04-13 Saint-Étienne-Brest,2025-04-13,Matchweek 29,Sun,Home,D,3,3,Brest,59,625.0,60.0,171.0,320.0,141.0,17.0,625.0,15.0,6.0,40.0,9.0,60.0,343.0,1639.0,923.0,16.0,11.0,5.0,18.0,12.0,434.0,51.0,15:00:00,/en/matches/8a453c4e/Saint-Etienne-Brest-April-13-2025-Ligue-1
FRA-Ligue 1,2425,Saint-Étienne,2025-04-20 Saint-Étienne-Lyon,2025-04-20,Matchweek 30,Sun,Home,W,2,1,Lyon,40,521.0,61.0,142.0,196.0,188.0,22.0,521.0,16.0,6.0,37.5,10.0,62.5,269.0,1403.0,694.0,22.0,10.0,3.0,12.0,5.0,327.0,49.0,20:45:00,/en/matches/19228d4a/Saint-Etienne-Lyon-April-20-2025-Ligue-1
FRA-Ligue 1,2425,Saint-Étienne,2025-04-26 Strasbourg-Saint-Étienne,2025-04-26,Matchweek 31,Sat,Away,L,1,3,Strasbourg,49,684.0,74.0,189.0,305.0,195.0,22.0,684.0,15.0,5.0,33.3,10.0,66.7,421.0,1516.0,615.0,10.0,9.0,3.0,16.0,10.0,500.0,67.0,17:00:00,/en/matches/ca1e1dc1/Strasbourg-Saint-Etienne-April-26-2025-Ligue-1
FRA-Ligue 1,2425,Saint-Étienne,2025-05-03 Saint-Étienne-Monaco,2025-05-03,Matchweek 32,Sat,Home,L,1,3,Monaco,59,661.0,67.0,206.0,292.0,166.0,19.0,661.0,18.0,4.0,22.2,14.0,77.8,255.0,1671.0,946.0,13.0,13.0,4.0,16.0,7.0,446.0,61.0,21:05:00,/en/matches/4e6718ec/Saint-Etienne-Monaco-May-3-2025-Ligue-1
FRA-Ligue 1,2425,Saint-Étienne,2025-05-10 Reims-Saint-Étienne,2025-05-10,Matchweek 33,Sat,Away,W,2,0,Reims,51,682.0,92.0,288.0,265.0,134.0,21.0,682.0,17.0,6.0,35.3,11.0,64.7,325.0,1638.0,622.0,10.0,6.0,6.0,19.0,14.0,448.0,24.0,21:00:00,/en/matches/e0ae4f10/Reims-Saint-Etienne-May-10-2025-Ligue-1
FRA-Ligue 1,2425,Saint-Étienne,2025-05-17 Saint-Étienne-Toulouse,2025-05-17,Matchweek 34,Sat,Home,L,2,3,Toulouse,57,766.0,64.0,213.0,344.0,215.0,23.0,766.0,21.0,12.0,57.1,9.0,42.9,446.0,2402.0,1207.0,25.0,8.0,4.0,22.0,8.0,560.0,72.0,21:00:00,/en/matches/2eb36838/Saint-Etienne-Toulouse-May-17-2025-Ligue-1
FRA-Ligue 1,2425,Strasbourg,2024-08-18 Montpellier-Strasbourg,2024-08-18,Matchweek 1,Sun,Away,D,1,1,Montpellier,58,592.0,73.0,215.0,307.0,78.0,15.0,592.0,19.0,9.0,47.4,10.0,52.6,322.0,1556.0,765.0,13.0,11.0,1.0,15.0,12.0,392.0,28.0,17:00:00,/en/matches/652abd24/Montpellier-Strasbourg-August-18-2024-Ligue-1
FRA-Ligue 1,2425,Strasbourg,2024-08-25 Strasbourg-Rennes,2024-08-25,Matchweek 2,Sun,Home,W,3,1,Rennes,59,690.0,107.0,356.0,250.0,86.0,11.0,690.0,12.0,3.0,25.0,8.0,66.7,374.0,1812.0,965.0,17.0,11.0,2.0,15.0,11.0,482.0,18.0,17:00:00,/en/matches/efa54e4b/Strasbourg-Rennes-August-25-2024-Ligue-1
FRA-Ligue 1,2425,Strasbourg,2024-08-30 Lyon-Strasbourg,2024-08-30,Matchweek 3,Fri,Away,L,3,4,Lyon,52,596.0,83.0,256.0,251.0,94.0,23.0,596.0,17.0,9.0,52.9,7.0,41.2,336.0,1656.0,819.0,18.0,8.0,9.0,9.0,13.0,396.0,26.0,20:45:00,/en/matches/2c5ec7aa/Lyon-Strasbourg-August-30-2024-Ligue-1
FRA-Ligue 1,2425,Strasbourg,2024-09-15 Strasbourg-Angers,2024-09-15,Matchweek 4,Sun,Home,D,1,1,Angers,52,630.0,87.0,312.0,228.0,97.0,17.0,630.0,23.0,7.0,30.4,16.0,69.6,375.0,1598.0,760.0,17.0,11.0,6.0,21.0,9.0,419.0,26.0,17:00:00,/en/matches/06ecf73c/Strasbourg-Angers-September-15-2024-Ligue-1
FRA-Ligue 1,2425,Strasbourg,2024-09-21 Lille-Strasbourg,2024-09-21,Matchweek 5,Sat,Away,D,3,3,Lille,37,461.0,81.0,247.0,164.0,57.0,17.0,461.0,20.0,7.0,35.0,11.0,55.0,200.0,1380.0,760.0,18.0,6.0,7.0,9.0,6.0,273.0,24.0,17:00:00,/en/matches/2bff6ebd/Lille-Strasbourg-September-21-2024-Ligue-1
FRA-Ligue 1,2425,Strasbourg,2024-09-29 Strasbourg-Marseille,2024-09-29,Matchweek 6,Sun,Home,W,1,0,Marseille,41,523.0,56.0,174.0,224.0,128.0,18.0,523.0,11.0,4.0,36.4,7.0,63.6,206.0,861.0,464.0,15.0,8.0,6.0,14.0,7.0,325.0,37.0,20:45:00,/en/matches/ebcd9980/Strasbourg-Marseille-September-29-2024-Ligue-1
FRA-Ligue 1,2425,Strasbourg,2024-10-06 Strasbourg-Lens,2024-10-06,Matchweek 7,Sun,Home,D,2,2,Lens,37,447.0,70.0,209.0,160.0,83.0,11.0,446.0,13.0,3.0,23.1,9.0,69.2,231.0,987.0,461.0,10.0,5.0,4.0,14.0,7.0,249.0,13.0,17:00:00,/en/matches/219332d8/Strasbourg-Lens-October-6-2024-Ligue-1
FRA-Ligue 1,2425,Strasbourg,2024-10-19 Paris S-G-Strasbourg,2024-10-19,Matchweek 8,Sat,Away,L,2,4,Paris S-G,45,585.0,72.0,221.0,239.0,133.0,21.0,585.0,35.0,16.0,45.7,17.0,48.6,390.0,1794.0,722.0,20.0,12.0,10.0,15.0,11.0,396.0,42.0,21:00:00,/en/matches/80a16e3b/Paris-Saint-Germain-Strasbourg-October-19-2024-Ligue-1
FRA-Ligue 1,2425,Strasbourg,2024-10-27 Strasbourg-Nantes,2024-10-27,Matchweek 9,Sun,Home,W,3,1,Nantes,50,619.0,82.0,287.0,239.0,98.0,19.0,619.0,23.0,11.0,47.8,12.0,52.2,406.0,1886.0,918.0,22.0,19.0,3.0,10.0,9.0,431.0,32.0,17:00:00,/en/matches/98168e71/Strasbourg-Nantes-October-27-2024-Ligue-1
FRA-Ligue 1,2425,Strasbourg,2024-11-02 Saint-Étienne-Strasbourg,2024-11-02,Matchweek 10,Sat,Away,L,0,2,Saint-Étienne,64,854.0,45.0,241.0,482.0,139.0,16.0,854.0,19.0,12.0,63.2,6.0,31.6,628.0,2670.0,1518.0,22.0,15.0,5.0,13.0,8.0,684.0,62.0,21:00:00,/en/matches/535bbc15/Saint-Etienne-Strasbourg-November-2-2024-Ligue-1
FRA-Ligue 1,2425,Strasbourg,2024-11-09 Strasbourg-Monaco,2024-11-09,Matchweek 11,Sat,Home,L,1,3,Monaco,43,510.0,69.0,218.0,223.0,75.0,12.0,510.0,19.0,3.0,15.8,12.0,63.2,241.0,1050.0,554.0,12.0,5.0,5.0,21.0,8.0,296.0,25.0,17:00:00,/en/matches/cd41b272/Strasbourg-Monaco-November-9-2024-Ligue-1
FRA-Ligue 1,2425,Strasbourg,2024-11-24 Nice-Strasbourg,2024-11-24,Matchweek 12,Sun,Away,L,1,2,Nice,46,614.0,73.0,243.0,283.0,96.0,16.0,614.0,20.0,6.0,30.0,12.0,60.0,280.0,1336.0,738.0,18.0,6.0,4.0,14.0,13.0,379.0,28.0,20:45:00,/en/matches/5bfe68c5/Nice-Strasbourg-November-24-2024-Ligue-1
FRA-Ligue 1,2425,Strasbourg,2024-11-30 Brest-Strasbourg,2024-11-30,Matchweek 13,Sat,Away,L,1,3,Brest,62,734.0,64.0,269.0,328.0,139.0,27.0,734.0,17.0,10.0,58.8,5.0,29.4,494.0,2064.0,992.0,10.0,8.0,4.0,19.0,7.0,553.0,49.0,19:00:00,/en/matches/197cb3bb/Brest-Strasbourg-November-30-2024-Ligue-1
FRA-Ligue 1,2425,Strasbourg,2024-12-08 Strasbourg-Reims,2024-12-08,Matchweek 14,Sun,Home,D,0,0,Reims,48,602.0,58.0,200.0,276.0,129.0,16.0,602.0,18.0,7.0,38.9,9.0,50.0,318.0,1563.0,930.0,18.0,12.0,7.0,22.0,7.0,395.0,39.0,17:00:00,/en/matches/74299224/Strasbourg-Reims-December-8-2024-Ligue-1
FRA-Ligue 1,2425,Strasbourg,2024-12-15 Le Havre-Strasbourg,2024-12-15,Matchweek 15,Sun,Away,W,3,0,Le Havre,44,604.0,81.0,261.0,257.0,90.0,16.0,604.0,8.0,4.0,50.0,4.0,50.0,388.0,1675.0,890.0,11.0,5.0,4.0,11.0,5.0,418.0,40.0,17:00:00,/en/matches/e1e508ce/Le-Havre-Strasbourg-December-15-2024-Ligue-1
FRA-Ligue 1,2425,Strasbourg,2025-01-05 Strasbourg-Auxerre,2025-01-05,Matchweek 16,Sun,Home,W,3,1,Auxerre,60,699.0,56.0,190.0,384.0,135.0,22.0,698.0,25.0,12.0,48.0,10.0,40.0,351.0,2063.0,1165.0,18.0,5.0,6.0,13.0,9.0,492.0,47.0,15:00:00,/en/matches/d37a723b/Strasbourg-Auxerre-January-5-2025-Ligue-1
FRA-Ligue 1,2425,Strasbourg,2025-01-12 Toulouse-Strasbourg,2025-01-12,Matchweek 17,Sun,Away,W,2,1,Toulouse,47,582.0,80.0,274.0,247.0,71.0,12.0,582.0,26.0,13.0,50.0,12.0,46.2,304.0,1378.0,784.0,19.0,14.0,3.0,12.0,9.0,369.0,27.0,17:15:00,/en/matches/eb79cf67/Toulouse-Strasbourg-January-12-2025-Ligue-1
FRA-Ligue 1,2425,Strasbourg,2025-01-19 Marseille-Strasbourg,2025-01-19,Matchweek 18,Sun,Away,D,1,1,Marseille,31,423.0,93.0,224.0,144.0,59.0,12.0,423.0,15.0,7.0,46.7,5.0,33.3,209.0,1040.0,543.0,9.0,4.0,4.0,12.0,6.0,216.0,20.0,20:45:00,/en/matches/fb5f33dc/Marseille-Strasbourg-January-19-2025-Ligue-1
FRA-Ligue 1,2425,Strasbourg,2025-01-25 Strasbourg-Lille,2025-01-25,Matchweek 19,Sat,Home,W,2,1,Lille,42,581.0,88.0,331.0,174.0,80.0,17.0,581.0,16.0,6.0,37.5,8.0,50.0,368.0,1429.0,649.0,12.0,5.0,4.0,15.0,12.0,379.0,23.0,19:00:00,/en/matches/f5d25d48/Strasbourg-Lille-January-25-2025-Ligue-1
FRA-Ligue 1,2425,Strasbourg,2025-02-02 Rennes-Strasbourg,2025-02-02,Matchweek 20,Sun,Away,L,0,1,Rennes,54,680.0,95.0,293.0,293.0,101.0,13.0,680.0,18.0,7.0,38.9,10.0,55.6,364.0,1520.0,755.0,15.0,12.0,3.0,21.0,5.0,464.0,32.0,17:15:00,/en/matches/e9da9682/Rennes-Strasbourg-February-2-2025-Ligue-1
FRA-Ligue 1,2425,Strasbourg,2025-02-09 Strasbourg-Montpellier,2025-02-09,Matchweek 21,Sun,Home,W,2,0,Montpellier,59,730.0,45.0,180.0,373.0,185.0,35.0,730.0,18.0,9.0,50.0,8.0,44.4,479.0,2605.0,1334.0,22.0,15.0,7.0,13.0,9.0,534.0,71.0,17:15:00,/en/matches/0886a1bd/Strasbourg-Montpellier-February-9-2025-Ligue-1
FRA-Ligue 1,2425,Strasbourg,2025-02-16 Lens-Strasbourg,2025-02-16,Matchweek 22,Sun,Away,W,2,0,Lens,44,612.0,80.0,258.0,247.0,115.0,17.0,612.0,16.0,8.0,50.0,7.0,43.8,398.0,1678.0,973.0,16.0,9.0,4.0,10.0,4.0,408.0,36.0,17:15:00,/en/matches/bdcbbf69/Lens-Strasbourg-February-16-2025-Ligue-1
FRA-Ligue 1,2425,Strasbourg,2025-02-23 Strasbourg-Brest,2025-02-23,Matchweek 23,Sun,Home,D,0,0,Brest,57,704.0,80.0,292.0,295.0,123.0,18.0,704.0,14.0,7.0,50.0,5.0,35.7,413.0,2068.0,1043.0,17.0,12.0,4.0,25.0,2.0,488.0,47.0,17:15:00,/en/matches/585be98f/Strasbourg-Brest-February-23-2025-Ligue-1
FRA-Ligue 1,2425,Strasbourg,2025-03-02 Auxerre-Strasbourg,2025-03-02,Matchweek 24,Sun,Away,W,1,0,Auxerre,55,696.0,94.0,351.0,240.0,110.0,16.0,696.0,30.0,15.0,50.0,11.0,36.7,378.0,1849.0,1079.0,15.0,14.0,4.0,15.0,8.0,482.0,26.0,17:15:00,/en/matches/370220dd/Auxerre-Strasbourg-March-2-2025-Ligue-1
FRA-Ligue 1,2425,Strasbourg,2025-03-09 Nantes-Strasbourg,2025-03-09,Matchweek 25,Sun,Away,W,1,0,Nantes,60,700.0,66.0,198.0,338.0,166.0,14.0,700.0,23.0,13.0,56.5,9.0,39.1,447.0,1887.0,975.0,18.0,12.0,3.0,10.0,6.0,516.0,51.0,17:15:00,/en/matches/01d100ee/Nantes-Strasbourg-March-9-2025-Ligue-1
FRA-Ligue 1,2425,Strasbourg,2025-03-16 Strasbourg-Toulouse,2025-03-16,Matchweek 26,Sun,Home,W,2,1,Toulouse,57,718.0,69.0,339.0,282.0,101.0,22.0,718.0,21.0,8.0,38.1,11.0,52.4,500.0,2291.0,1144.0,24.0,13.0,5.0,13.0,2.0,528.0,36.0,17:15:00,/en/matches/30de0ad9/Strasbourg-Toulouse-March-16-2025-Ligue-1
FRA-Ligue 1,2425,Strasbourg,2025-03-28 Strasbourg-Lyon,2025-03-28,Matchweek 27,Fri,Home,W,4,2,Lyon,40,541.0,90.0,255.0,198.0,93.0,17.0,541.0,20.0,7.0,35.0,12.0,60.0,299.0,1420.0,758.0,13.0,8.0,6.0,15.0,7.0,343.0,19.0,20:45:00,/en/matches/e4da6424/Strasbourg-Lyon-March-28-2025-Ligue-1
FRA-Ligue 1,2425,Strasbourg,2025-04-06 Reims-Strasbourg,2025-04-06,Matchweek 28,Sun,Away,W,1,0,Reims,52,627.0,84.0,222.0,263.0,146.0,27.0,627.0,12.0,6.0,50.0,6.0,50.0,403.0,1734.0,939.0,15.0,19.0,8.0,20.0,8.0,424.0,42.0,17:15:00,/en/matches/44834f60/Reims-Strasbourg-April-6-2025-Ligue-1
FRA-Ligue 1,2425,Strasbourg,2025-04-12 Strasbourg-Nice,2025-04-12,Matchweek 29,Sat,Home,D,2,2,Nice,47,635.0,112.0,294.0,231.0,116.0,15.0,635.0,13.0,5.0,38.5,6.0,46.2,257.0,1033.0,453.0,13.0,5.0,6.0,13.0,7.0,418.0,21.0,21:05:00,/en/matches/55275978/Strasbourg-Nice-April-12-2025-Ligue-1
FRA-Ligue 1,2425,Strasbourg,2025-04-19 Monaco-Strasbourg,2025-04-19,Matchweek 30,Sat,Away,D,0,0,Monaco,53,673.0,76.0,268.0,312.0,98.0,11.0,673.0,15.0,10.0,66.7,4.0,26.7,302.0,1407.0,779.0,14.0,7.0,3.0,19.0,11.0,471.0,36.0,19:00:00,/en/matches/bdddd15d/Monaco-Strasbourg-April-19-2025-Ligue-1
FRA-Ligue 1,2425,Strasbourg,2025-04-26 Strasbourg-Saint-Étienne,2025-04-26,Matchweek 31,Sat,Home,W,3,1,Saint-Étienne,51,732.0,92.0,309.0,267.0,161.0,33.0,732.0,20.0,11.0,55.0,9.0,45.0,440.0,1887.0,1078.0,24.0,18.0,9.0,17.0,6.0,537.0,42.0,17:00:00,/en/matches/ca1e1dc1/Strasbourg-Saint-Etienne-April-26-2025-Ligue-1
FRA-Ligue 1,2425,Strasbourg,2025-05-03 Strasbourg-Paris S-G,2025-05-03,Matchweek 32,Sat,Home,W,2,1,Paris S-G,37,477.0,84.0,222.0,171.0,90.0,14.0,477.0,15.0,6.0,40.0,9.0,60.0,168.0,908.0,402.0,8.0,9.0,1.0,12.0,5.0,284.0,21.0,17:00:00,/en/matches/d9c56744/Strasbourg-Paris-Saint-Germain-May-3-2025-Ligue-1
FRA-Ligue 1,2425,Strasbourg,2025-05-10 Angers-Strasbourg,2025-05-10,Matchweek 33,Sat,Away,L,1,2,Angers,71,853.0,36.0,158.0,472.0,227.0,26.0,853.0,22.0,10.0,45.5,12.0,54.5,469.0,2857.0,1605.0,33.0,24.0,10.0,15.0,8.0,672.0,70.0,21:00:00,/en/matches/fafe26a4/Angers-Strasbourg-May-10-2025-Ligue-1
FRA-Ligue 1,2425,Strasbourg,2025-05-17 Strasbourg-Le Havre,2025-05-17,Matchweek 34,Sat,Home,L,2,3,Le Havre,50,583.0,46.0,188.0,278.0,126.0,18.0,583.0,16.0,11.0,68.8,5.0,31.3,374.0,1864.0,1036.0,17.0,18.0,3.0,22.0,6.0,417.0,35.0,21:00:00,/en/matches/51aaa97c/Strasbourg-Le-Havre-May-17-2025-Ligue-1
FRA-Ligue 1,2425,Toulouse,2024-08-18 Toulouse-Nantes,2024-08-18,Matchweek 1,Sun,Home,D,0,0,Nantes,54,644.0,66.0,178.0,294.0,179.0,28.0,644.0,13.0,5.0,38.5,7.0,53.8,380.0,1705.0,884.0,18.0,8.0,6.0,15.0,11.0,429.0,53.0,17:00:00,/en/matches/67b3b54c/Toulouse-Nantes-August-18-2024-Ligue-1
FRA-Ligue 1,2425,Toulouse,2024-08-25 Nice-Toulouse,2024-08-25,Matchweek 2,Sun,Away,D,1,1,Nice,43,474.0,54.0,156.0,225.0,103.0,18.0,474.0,21.0,9.0,42.9,12.0,57.1,211.0,1093.0,654.0,18.0,10.0,5.0,13.0,7.0,270.0,27.0,17:00:00,/en/matches/33b61302/Nice-Toulouse-August-25-2024-Ligue-1
FRA-Ligue 1,2425,Toulouse,2024-08-31 Toulouse-Marseille,2024-08-31,Matchweek 3,Sat,Home,L,1,3,Marseille,24,385.0,67.0,166.0,167.0,57.0,6.0,385.0,11.0,3.0,27.3,8.0,72.7,214.0,915.0,402.0,8.0,5.0,3.0,11.0,7.0,215.0,17.0,21:00:00,/en/matches/ebbcbe63/Toulouse-Marseille-August-31-2024-Ligue-1
FRA-Ligue 1,2425,Toulouse,2024-09-15 Toulouse-Le Havre,2024-09-15,Matchweek 4,Sun,Home,W,2,0,Le Havre,54,685.0,53.0,191.0,368.0,134.0,25.0,685.0,19.0,11.0,57.9,5.0,26.3,438.0,1998.0,914.0,12.0,10.0,3.0,19.0,15.0,452.0,41.0,17:00:00,/en/matches/f4982a54/Toulouse-Le-Havre-September-15-2024-Ligue-1
FRA-Ligue 1,2425,Toulouse,2024-09-22 Brest-Toulouse,2024-09-22,Matchweek 5,Sun,Away,L,0,2,Brest,57,618.0,48.0,191.0,284.0,147.0,20.0,617.0,8.0,4.0,50.0,4.0,50.0,385.0,1641.0,945.0,12.0,18.0,1.0,10.0,8.0,399.0,57.0,17:00:00,/en/matches/7cbba12e/Brest-Toulouse-September-22-2024-Ligue-1
FRA-Ligue 1,2425,Toulouse,2024-09-29 Toulouse-Lyon,2024-09-29,Matchweek 6,Sun,Home,L,1,2,Lyon,46,545.0,55.0,208.0,224.0,126.0,21.0,545.0,22.0,11.0,50.0,10.0,45.5,333.0,1667.0,780.0,16.0,11.0,3.0,13.0,7.0,337.0,36.0,15:00:00,/en/matches/a7954dea/Toulouse-Lyon-September-29-2024-Ligue-1
FRA-Ligue 1,2425,Toulouse,2024-10-05 Lille-Toulouse,2024-10-05,Matchweek 7,Sat,Away,L,1,2,Lille,43,512.0,57.0,168.0,228.0,121.0,21.0,512.0,21.0,6.0,28.6,13.0,61.9,278.0,1382.0,714.0,15.0,6.0,5.0,10.0,9.0,326.0,36.0,19:00:00,/en/matches/8d700c3d/Lille-Toulouse-October-5-2024-Ligue-1
FRA-Ligue 1,2425,Toulouse,2024-10-20 Toulouse-Angers,2024-10-20,Matchweek 8,Sun,Home,D,1,1,Angers,65,699.0,36.0,128.0,389.0,194.0,32.0,699.0,27.0,15.0,55.6,11.0,40.7,450.0,2300.0,1366.0,33.0,19.0,8.0,15.0,11.0,469.0,69.0,17:00:00,/en/matches/92f559ad/Toulouse-Angers-October-20-2024-Ligue-1
FRA-Ligue 1,2425,Toulouse,2024-10-27 Montpellier-Toulouse,2024-10-27,Matchweek 9,Sun,Away,W,3,0,Montpellier,49,608.0,64.0,197.0,304.0,115.0,34.0,608.0,14.0,7.0,50.0,7.0,50.0,346.0,1682.0,1021.0,19.0,13.0,7.0,20.0,7.0,416.0,38.0,17:00:00,/en/matches/49e6789d/Montpellier-Toulouse-October-27-2024-Ligue-1
FRA-Ligue 1,2425,Toulouse,2024-11-03 Toulouse-Reims,2024-11-03,Matchweek 10,Sun,Home,W,1,0,Reims,51,545.0,67.0,178.0,215.0,156.0,34.0,545.0,19.0,5.0,26.3,13.0,68.4,234.0,1289.0,753.0,18.0,9.0,6.0,16.0,12.0,319.0,37.0,15:00:00,/en/matches/f0237d4b/Toulouse-Reims-November-3-2024-Ligue-1
FRA-Ligue 1,2425,Toulouse,2024-11-10 Rennes-Toulouse,2024-11-10,Matchweek 11,Sun,Away,W,2,0,Rennes,33,461.0,66.0,203.0,159.0,105.0,22.0,461.0,25.0,9.0,36.0,14.0,56.0,224.0,925.0,427.0,11.0,7.0,4.0,16.0,7.0,225.0,21.0,17:00:00,/en/matches/a7965d75/Rennes-Toulouse-November-10-2024-Ligue-1
FRA-Ligue 1,2425,Toulouse,2024-11-22 Paris S-G-Toulouse,2024-11-22,Matchweek 12,Fri,Away,L,0,3,Paris S-G,28,447.0,65.0,142.0,181.0,128.0,20.0,447.0,18.0,9.0,50.0,8.0,44.4,217.0,1097.0,480.0,11.0,15.0,1.0,20.0,9.0,228.0,28.0,21:00:00,/en/matches/740dd871/Paris-Saint-Germain-Toulouse-November-22-2024-Ligue-1
FRA-Ligue 1,2425,Toulouse,2024-12-01 Toulouse-Auxerre,2024-12-01,Matchweek 13,Sun,Home,W,2,0,Auxerre,52,596.0,65.0,229.0,284.0,92.0,25.0,595.0,23.0,13.0,56.5,8.0,34.8,349.0,1783.0,888.0,20.0,10.0,7.0,16.0,6.0,375.0,25.0,17:00:00,/en/matches/f81de4c6/Toulouse-Auxerre-December-1-2024-Ligue-1
FRA-Ligue 1,2425,Toulouse,2024-12-07 Monaco-Toulouse,2024-12-07,Matchweek 14,Sat,Away,L,0,2,Monaco,42,515.0,63.0,180.0,222.0,122.0,14.0,515.0,17.0,11.0,64.7,6.0,35.3,247.0,1373.0,626.0,15.0,11.0,1.0,24.0,15.0,279.0,35.0,17:00:00,/en/matches/63873373/Monaco-Toulouse-December-7-2024-Ligue-1
FRA-Ligue 1,2425,Toulouse,2024-12-13 Toulouse-Saint-Étienne,2024-12-13,Matchweek 15,Fri,Home,W,2,1,Saint-Étienne,39,558.0,26.0,133.0,283.0,146.0,21.0,558.0,18.0,4.0,22.2,13.0,72.2,327.0,1555.0,827.0,17.0,15.0,5.0,17.0,5.0,362.0,44.0,20:45:00,/en/matches/737388fc/Toulouse-Saint-Etienne-December-13-2024-Ligue-1
FRA-Ligue 1,2425,Toulouse,2025-01-05 Lens-Toulouse,2025-01-05,Matchweek 16,Sun,Away,W,1,0,Lens,34,457.0,91.0,230.0,147.0,85.0,20.0,456.0,19.0,8.0,42.1,10.0,52.6,229.0,1045.0,534.0,13.0,8.0,7.0,12.0,4.0,224.0,26.0,15:00:00,/en/matches/1f09a51a/Lens-Toulouse-January-5-2025-Ligue-1
FRA-Ligue 1,2425,Toulouse,2025-01-12 Toulouse-Strasbourg,2025-01-12,Matchweek 17,Sun,Home,L,1,2,Strasbourg,53,605.0,36.0,191.0,274.0,147.0,28.0,605.0,21.0,11.0,52.4,8.0,38.1,417.0,2037.0,921.0,20.0,10.0,4.0,11.0,8.0,399.0,31.0,17:15:00,/en/matches/eb79cf67/Toulouse-Strasbourg-January-12-2025-Ligue-1
FRA-Ligue 1,2425,Toulouse,2025-01-18 Lyon-Toulouse,2025-01-18,Matchweek 18,Sat,Away,D,0,0,Lyon,38,511.0,90.0,234.0,170.0,111.0,21.0,511.0,24.0,10.0,41.7,13.0,54.2,266.0,1397.0,859.0,20.0,9.0,6.0,12.0,6.0,285.0,32.0,21:05:00,/en/matches/58a863f5/Lyon-Toulouse-January-18-2025-Ligue-1
FRA-Ligue 1,2425,Toulouse,2025-01-26 Toulouse-Montpellier,2025-01-26,Matchweek 19,Sun,Home,L,1,2,Montpellier,66,702.0,33.0,167.0,338.0,204.0,31.0,702.0,21.0,13.0,61.9,7.0,33.3,327.0,2029.0,1119.0,26.0,13.0,5.0,14.0,14.0,467.0,57.0,17:15:00,/en/matches/81e5185d/Toulouse-Montpellier-January-26-2025-Ligue-1
FRA-Ligue 1,2425,Toulouse,2025-02-02 Toulouse-Nice,2025-02-02,Matchweek 20,Sun,Home,D,1,1,Nice,54,645.0,54.0,181.0,334.0,138.0,29.0,645.0,24.0,11.0,45.8,11.0,45.8,349.0,1647.0,768.0,20.0,12.0,5.0,14.0,14.0,438.0,41.0,15:00:00,/en/matches/af67aa9c/Toulouse-Nice-February-2-2025-Ligue-1
FRA-Ligue 1,2425,Toulouse,2025-02-09 Auxerre-Toulouse,2025-02-09,Matchweek 21,Sun,Away,D,2,2,Auxerre,47,546.0,48.0,208.0,237.0,107.0,13.0,546.0,10.0,4.0,40.0,6.0,60.0,275.0,1305.0,689.0,11.0,3.0,2.0,21.0,13.0,330.0,26.0,17:15:00,/en/matches/0446e883/Auxerre-Toulouse-February-9-2025-Ligue-1
FRA-Ligue 1,2425,Toulouse,2025-02-15 Toulouse-Paris S-G,2025-02-15,Matchweek 22,Sat,Home,L,0,1,Paris S-G,24,366.0,58.0,158.0,129.0,84.0,15.0,366.0,19.0,8.0,42.1,11.0,57.9,182.0,953.0,486.0,12.0,7.0,3.0,10.0,9.0,183.0,15.0,21:05:00,/en/matches/91e2ebf6/Toulouse-Paris-Saint-Germain-February-15-2025-Ligue-1
FRA-Ligue 1,2425,Toulouse,2025-02-23 Le Havre-Toulouse,2025-02-23,Matchweek 23,Sun,Away,W,4,1,Le Havre,46,566.0,62.0,189.0,271.0,108.0,24.0,565.0,23.0,7.0,30.4,13.0,56.5,262.0,1258.0,566.0,12.0,8.0,4.0,21.0,8.0,356.0,29.0,17:15:00,/en/matches/8284b7f6/Le-Havre-Toulouse-February-23-2025-Ligue-1
FRA-Ligue 1,2425,Toulouse,2025-03-02 Angers-Toulouse,2025-03-02,Matchweek 24,Sun,Away,W,4,0,Angers,54,596.0,50.0,198.0,226.0,180.0,37.0,596.0,20.0,9.0,45.0,10.0,50.0,383.0,1858.0,935.0,17.0,19.0,5.0,13.0,7.0,376.0,42.0,17:15:00,/en/matches/d9b255ac/Angers-Toulouse-March-2-2025-Ligue-1
FRA-Ligue 1,2425,Toulouse,2025-03-07 Toulouse-Monaco,2025-03-07,Matchweek 25,Fri,Home,D,1,1,Monaco,50,591.0,47.0,146.0,307.0,145.0,16.0,591.0,15.0,6.0,40.0,7.0,46.7,295.0,1287.0,639.0,11.0,8.0,2.0,28.0,11.0,352.0,33.0,20:45:00,/en/matches/807e72ae/Toulouse-Monaco-March-7-2025-Ligue-1
FRA-Ligue 1,2425,Toulouse,2025-03-16 Strasbourg-Toulouse,2025-03-16,Matchweek 26,Sun,Away,L,1,2,Strasbourg,43,547.0,46.0,189.0,254.0,108.0,15.0,547.0,18.0,9.0,50.0,9.0,50.0,280.0,1535.0,807.0,18.0,11.0,3.0,8.0,6.0,372.0,27.0,17:15:00,/en/matches/30de0ad9/Strasbourg-Toulouse-March-16-2025-Ligue-1
FRA-Ligue 1,2425,Toulouse,2025-03-30 Toulouse-Brest,2025-03-30,Matchweek 27,Sun,Home,L,2,4,Brest,53,576.0,25.0,107.0,306.0,171.0,37.0,576.0,19.0,9.0,47.4,8.0,42.1,350.0,1788.0,967.0,21.0,10.0,5.0,18.0,17.0,380.0,63.0,15:00:00,/en/matches/b33c5901/Toulouse-Brest-March-30-2025-Ligue-1
FRA-Ligue 1,2425,Toulouse,2025-04-06 Marseille-Toulouse,2025-04-06,Matchweek 28,Sun,Away,L,2,3,Marseille,33,415.0,52.0,165.0,202.0,53.0,13.0,415.0,10.0,6.0,60.0,3.0,30.0,254.0,1142.0,538.0,8.0,5.0,4.0,15.0,8.0,262.0,17.0,20:45:00,/en/matches/37a1d2be/Marseille-Toulouse-April-6-2025-Ligue-1
FRA-Ligue 1,2425,Toulouse,2025-04-12 Toulouse-Lille,2025-04-12,Matchweek 29,Sat,Home,L,1,2,Lille,43,549.0,44.0,168.0,275.0,112.0,24.0,549.0,11.0,5.0,45.5,6.0,54.5,363.0,1586.0,760.0,10.0,12.0,3.0,14.0,10.0,376.0,34.0,19:00:00,/en/matches/0a9272f4/Toulouse-Lille-April-12-2025-Ligue-1
FRA-Ligue 1,2425,Toulouse,2025-04-20 Reims-Toulouse,2025-04-20,Matchweek 30,Sun,Away,L,0,1,Reims,48,576.0,34.0,130.0,254.0,198.0,33.0,576.0,6.0,1.0,16.7,5.0,83.3,357.0,1694.0,851.0,11.0,19.0,4.0,15.0,7.0,387.0,55.0,17:15:00,/en/matches/86146582/Reims-Toulouse-April-20-2025-Ligue-1
FRA-Ligue 1,2425,Toulouse,2025-04-27 Nantes-Toulouse,2025-04-27,Matchweek 31,Sun,Away,D,0,0,Nantes,41,493.0,59.0,155.0,231.0,112.0,18.0,493.0,17.0,6.0,35.3,10.0,58.8,287.0,1592.0,829.0,14.0,11.0,4.0,13.0,6.0,303.0,24.0,17:15:00,/en/matches/94a42dc1/Nantes-Toulouse-April-27-2025-Ligue-1
FRA-Ligue 1,2425,Toulouse,2025-05-03 Toulouse-Rennes,2025-05-03,Matchweek 32,Sat,Home,W,2,1,Rennes,39,456.0,65.0,171.0,195.0,95.0,19.0,456.0,18.0,6.0,33.3,12.0,66.7,210.0,1137.0,570.0,12.0,7.0,6.0,16.0,13.0,273.0,19.0,19:00:00,/en/matches/ffb99c84/Toulouse-Rennes-May-3-2025-Ligue-1
FRA-Ligue 1,2425,Toulouse,2025-05-10 Toulouse-Lens,2025-05-10,Matchweek 33,Sat,Home,D,1,1,Lens,40,506.0,51.0,155.0,235.0,127.0,20.0,506.0,21.0,13.0,61.9,8.0,38.1,298.0,1471.0,830.0,19.0,13.0,7.0,21.0,5.0,311.0,22.0,21:00:00,/en/matches/4ef097b0/Toulouse-Lens-May-10-2025-Ligue-1
FRA-Ligue 1,2425,Toulouse,2025-05-17 Saint-Étienne-Toulouse,2025-05-17,Matchweek 34,Sat,Away,W,3,2,Saint-Étienne,43,611.0,87.0,240.0,228.0,153.0,35.0,611.0,24.0,13.0,54.2,10.0,41.7,397.0,1958.0,1048.0,25.0,17.0,11.0,16.0,9.0,393.0,44.0,21:00:00,/en/matches/2eb36838/Saint-Etienne-Toulouse-May-17-2025-Ligue-1
