league,season,team,game,date,round,day,venue,result,GF,GA,opp,Total_Cmp,Total_Att,Total_Cmp%,Total_TotDist,Total_PrgDist,Short_Cmp,Short_Att,Short_Cmp%,Medium_Cmp,Medium_Att,Medium_Cmp%,Long_Cmp,Long_Att,Long_Cmp%,Ast,xAG,xA,KP,1/3,PPA,CrsPA,PrgP,time,match_report
FRA-Ligue 1,2021,Angers,2020-08-22 Dijon-Angers,2020-08-22,Matchweek 1,Sat,Away,W,1,0,Dijon,411.0,491.0,83.7,7471.0,2746.0,174.0,186.0,93.5,180.0,199.0,90.5,45.0,78.0,57.7,0,1.3,1.1,10.0,25.0,6.0,0.0,42.0,17:00:00,/en/matches/9cbccb37/Dijon-Angers-August-22-2020-Ligue-1
FRA-Ligue 1,2021,Angers,2020-08-30 Angers-Bordeaux,2020-08-30,Matchweek 2,Sun,Home,L,0,2,Bordeaux,488.0,590.0,82.7,8727.0,3102.0,216.0,242.0,89.3,212.0,247.0,85.8,49.0,75.0,65.3,0,0.6,0.9,10.0,47.0,5.0,1.0,53.0,15:00:00,/en/matches/db69f933/Angers-Bordeaux-August-30-2020-Ligue-1
FRA-Ligue 1,2021,Angers,2020-09-13 Angers-Reims,2020-09-13,Matchweek 3,Sun,Home,W,1,0,Reims,502.0,587.0,85.5,8843.0,2747.0,206.0,220.0,93.6,220.0,246.0,89.4,50.0,76.0,65.8,1,0.9,0.7,14.0,30.0,4.0,2.0,49.0,15:00:00,/en/matches/a1237c63/Angers-Reims-September-13-2020-Ligue-1
FRA-Ligue 1,2021,Angers,2020-09-20 Montpellier-Angers,2020-09-20,Matchweek 4,Sun,Away,L,1,4,Montpellier,470.0,555.0,84.7,7529.0,2561.0,244.0,267.0,91.4,185.0,204.0,90.7,30.0,57.0,52.6,1,1.2,0.5,13.0,13.0,4.0,0.0,32.0,15:00:00,/en/matches/14504cc6/Montpellier-Angers-September-20-2020-Ligue-1
FRA-Ligue 1,2021,Angers,2020-09-27 Angers-Brest,2020-09-27,Matchweek 5,Sun,Home,W,3,2,Brest,443.0,565.0,78.4,6838.0,2663.0,237.0,262.0,90.5,144.0,175.0,82.3,36.0,76.0,47.4,3,1.0,0.7,8.0,32.0,8.0,4.0,32.0,15:00:00,/en/matches/940f811f/Angers-Brest-September-27-2020-Ligue-1
FRA-Ligue 1,2021,Angers,2020-10-02 Paris S-G-Angers,2020-10-02,Matchweek 6,Fri,Away,L,1,6,Paris S-G,439.0,508.0,86.4,6970.0,2603.0,251.0,273.0,91.9,140.0,153.0,91.5,33.0,51.0,64.7,1,1.0,1.0,7.0,15.0,6.0,3.0,32.0,21:00:00,/en/matches/7feb9bf5/Paris-Saint-Germain-Angers-October-2-2020-Ligue-1
FRA-Ligue 1,2021,Angers,2020-10-18 Angers-Metz,2020-10-18,Matchweek 7,Sun,Home,D,1,1,Metz,360.0,475.0,75.8,6199.0,3048.0,177.0,204.0,86.8,136.0,166.0,81.9,37.0,72.0,51.4,0,0.1,0.3,2.0,30.0,8.0,1.0,33.0,15:00:00,/en/matches/36193c0a/Angers-Metz-October-18-2020-Ligue-1
FRA-Ligue 1,2021,Angers,2020-10-23 Rennes-Angers,2020-10-23,Matchweek 8,Fri,Away,W,2,1,Rennes,348.0,434.0,80.2,5515.0,2074.0,184.0,205.0,89.8,135.0,146.0,92.5,21.0,57.0,36.8,2,1.1,0.9,9.0,24.0,6.0,1.0,26.0,21:00:00,/en/matches/3450b7fc/Rennes-Angers-October-23-2020-Ligue-1
FRA-Ligue 1,2021,Angers,2020-11-01 Angers-Nice,2020-11-01,Matchweek 9,Sun,Home,L,0,3,Nice,437.0,537.0,81.4,7560.0,2837.0,200.0,235.0,85.1,198.0,225.0,88.0,31.0,59.0,52.5,0,0.3,0.6,8.0,39.0,8.0,2.0,52.0,15:00:00,/en/matches/3f3f4cf5/Angers-Nice-November-1-2020-Ligue-1
FRA-Ligue 1,2021,Angers,2020-11-08 Nîmes-Angers,2020-11-08,Matchweek 10,Sun,Away,W,5,1,Nîmes,270.0,371.0,72.8,4830.0,2183.0,138.0,161.0,85.7,95.0,113.0,84.1,35.0,74.0,47.3,4,1.8,1.9,14.0,21.0,5.0,2.0,22.0,15:00:00,/en/matches/d7b1fb5b/Nimes-Angers-November-8-2020-Ligue-1
FRA-Ligue 1,2021,Angers,2020-11-22 Angers-Lyon,2020-11-22,Matchweek 11,Sun,Home,L,0,1,Lyon,398.0,510.0,78.0,6818.0,2839.0,212.0,237.0,89.5,138.0,172.0,80.2,40.0,72.0,55.6,0,0.5,0.4,12.0,30.0,5.0,2.0,41.0,17:00:00,/en/matches/7015e72d/Angers-Lyon-November-22-2020-Ligue-1
FRA-Ligue 1,2021,Angers,2020-11-29 Lens-Angers,2020-11-29,Matchweek 12,Sun,Away,W,3,1,Lens,287.0,376.0,76.3,4894.0,2333.0,152.0,172.0,88.4,94.0,118.0,79.7,35.0,65.0,53.8,1,1.4,0.9,12.0,19.0,4.0,0.0,27.0,15:00:00,/en/matches/034e6d97/Lens-Angers-November-29-2020-Ligue-1
FRA-Ligue 1,2021,Angers,2020-12-06 Angers-Lorient,2020-12-06,Matchweek 13,Sun,Home,W,2,0,Lorient,364.0,491.0,74.1,6497.0,2783.0,166.0,191.0,86.9,140.0,171.0,81.9,47.0,96.0,49.0,1,1.1,0.9,5.0,15.0,7.0,0.0,34.0,15:00:00,/en/matches/2053773e/Angers-Lorient-December-6-2020-Ligue-1
FRA-Ligue 1,2021,Angers,2020-12-11 Saint-Étienne-Angers,2020-12-11,Matchweek 14,Fri,Away,D,0,0,Saint-Étienne,319.0,418.0,76.3,5742.0,2264.0,148.0,166.0,89.2,131.0,164.0,79.9,33.0,74.0,44.6,0,0.2,0.4,4.0,27.0,5.0,1.0,33.0,21:00:00,/en/matches/e83bb8e6/Saint-Etienne-Angers-December-11-2020-Ligue-1
FRA-Ligue 1,2021,Angers,2020-12-16 Angers-Strasbourg,2020-12-16,Matchweek 15,Wed,Home,L,0,2,Strasbourg,481.0,589.0,81.7,8987.0,3630.0,179.0,203.0,88.2,244.0,283.0,86.2,51.0,82.0,62.2,0,0.3,0.7,8.0,38.0,8.0,2.0,51.0,19:00:00,/en/matches/a5fee05a/Angers-Strasbourg-December-16-2020-Ligue-1
FRA-Ligue 1,2021,Angers,2020-12-20 Nantes-Angers,2020-12-20,Matchweek 16,Sun,Away,D,1,1,Nantes,289.0,427.0,67.7,5525.0,2317.0,126.0,146.0,86.3,117.0,162.0,72.2,40.0,90.0,44.4,1,0.9,0.8,8.0,25.0,6.0,2.0,34.0,15:00:00,/en/matches/da22205e/Nantes-Angers-December-20-2020-Ligue-1
FRA-Ligue 1,2021,Angers,2020-12-23 Angers-Marseille,2020-12-23,Matchweek 17,Wed,Home,W,2,1,Marseille,204.0,294.0,69.4,3808.0,1893.0,93.0,109.0,85.3,83.0,105.0,79.0,22.0,60.0,36.7,1,0.5,0.7,6.0,23.0,8.0,2.0,27.0,21:00:00,/en/matches/c145b8a8/Angers-Marseille-December-23-2020-Ligue-1
FRA-Ligue 1,2021,Angers,2021-01-06 Lille-Angers,2021-01-06,Matchweek 18,Wed,Away,W,2,1,Lille,248.0,378.0,65.6,4355.0,1982.0,122.0,149.0,81.9,95.0,130.0,73.1,24.0,67.0,35.8,1,0.5,0.5,5.0,29.0,3.0,0.0,27.0,21:00:00,/en/matches/3045cf73/Lille-Angers-January-6-2021-Ligue-1
FRA-Ligue 1,2021,Angers,2021-01-09 Monaco-Angers,2021-01-09,Matchweek 19,Sat,Away,L,0,3,Monaco,384.0,513.0,74.9,6982.0,2471.0,157.0,197.0,79.7,174.0,207.0,84.1,43.0,81.0,53.1,0,0.6,0.3,5.0,17.0,5.0,3.0,35.0,21:00:00,/en/matches/0b79b895/Monaco-Angers-January-9-2021-Ligue-1
FRA-Ligue 1,2021,Angers,2021-01-16 Angers-Paris S-G,2021-01-16,Matchweek 20,Sat,Home,L,0,1,Paris S-G,345.0,449.0,76.8,5924.0,2466.0,167.0,192.0,87.0,118.0,144.0,81.9,40.0,78.0,51.3,0,0.8,1.0,10.0,25.0,5.0,3.0,38.0,21:00:00,/en/matches/42a1a73e/Angers-Paris-Saint-Germain-January-16-2021-Ligue-1
FRA-Ligue 1,2021,Angers,2021-01-24 Bordeaux-Angers,2021-01-24,Matchweek 21,Sun,Away,L,1,2,Bordeaux,502.0,589.0,85.2,8732.0,2987.0,216.0,236.0,91.5,233.0,258.0,90.3,41.0,68.0,60.3,0,0.9,0.5,9.0,47.0,8.0,1.0,50.0,13:00:00,/en/matches/59557294/Bordeaux-Angers-January-24-2021-Ligue-1
FRA-Ligue 1,2021,Angers,2021-01-31 Angers-Nîmes,2021-01-31,Matchweek 22,Sun,Home,W,3,1,Nîmes,336.0,431.0,78.0,6389.0,2433.0,135.0,160.0,84.4,150.0,174.0,86.2,43.0,75.0,57.3,3,1.4,0.7,10.0,32.0,7.0,3.0,32.0,15:00:00,/en/matches/d0799ee9/Angers-Nimes-January-31-2021-Ligue-1
FRA-Ligue 1,2021,Angers,2021-02-03 Reims-Angers,2021-02-03,Matchweek 23,Wed,Away,D,0,0,Reims,340.0,440.0,77.3,6209.0,2525.0,150.0,168.0,89.3,140.0,166.0,84.3,42.0,81.0,51.9,0,0.2,0.2,4.0,31.0,1.0,0.0,34.0,19:00:00,/en/matches/00f3abdc/Reims-Angers-February-3-2021-Ligue-1
FRA-Ligue 1,2021,Angers,2021-02-07 Nice-Angers,2021-02-07,Matchweek 24,Sun,Away,L,0,3,Nice,409.0,514.0,79.6,7515.0,2574.0,178.0,198.0,89.9,166.0,194.0,85.6,52.0,86.0,60.5,0,0.7,0.6,4.0,36.0,6.0,1.0,44.0,15:00:00,/en/matches/690017a7/Nice-Angers-February-7-2021-Ligue-1
FRA-Ligue 1,2021,Angers,2021-02-14 Angers-Nantes,2021-02-14,Matchweek 25,Sun,Home,L,1,3,Nantes,485.0,619.0,78.4,9028.0,2960.0,217.0,242.0,89.7,195.0,238.0,81.9,66.0,109.0,60.6,0,0.4,0.9,3.0,48.0,6.0,3.0,54.0,15:00:00,/en/matches/381b127f/Angers-Nantes-February-14-2021-Ligue-1
FRA-Ligue 1,2021,Angers,2021-02-21 Strasbourg-Angers,2021-02-21,Matchweek 26,Sun,Away,D,0,0,Strasbourg,303.0,424.0,71.5,5538.0,2289.0,135.0,159.0,84.9,118.0,155.0,76.1,41.0,79.0,51.9,0,0.3,0.7,6.0,15.0,4.0,2.0,27.0,15:00:00,/en/matches/77b2ad0a/Strasbourg-Angers-February-21-2021-Ligue-1
FRA-Ligue 1,2021,Angers,2021-02-28 Angers-Lens,2021-02-28,Matchweek 27,Sun,Home,D,2,2,Lens,215.0,332.0,64.8,4004.0,1884.0,90.0,116.0,77.6,92.0,125.0,73.6,28.0,79.0,35.4,0,0.4,0.2,4.0,24.0,3.0,0.0,24.0,15:00:00,/en/matches/f1956473/Angers-Lens-February-28-2021-Ligue-1
FRA-Ligue 1,2021,Angers,2021-03-03 Metz-Angers,2021-03-03,Matchweek 28,Wed,Away,W,1,0,Metz,249.0,348.0,71.6,4435.0,2149.0,114.0,130.0,87.7,100.0,128.0,78.1,27.0,68.0,39.7,0,0.2,0.8,4.0,19.0,2.0,0.0,25.0,19:00:00,/en/matches/667969fb/Metz-Angers-March-3-2021-Ligue-1
FRA-Ligue 1,2021,Angers,2021-03-13 Angers-Saint-Étienne,2021-03-13,Matchweek 29,Sat,Home,L,0,1,Saint-Étienne,447.0,588.0,76.0,8141.0,3048.0,198.0,230.0,86.1,190.0,224.0,84.8,54.0,103.0,52.4,0,0.2,0.5,3.0,36.0,6.0,2.0,58.0,13:00:00,/en/matches/b8bde00b/Angers-Saint-Etienne-March-13-2021-Ligue-1
FRA-Ligue 1,2021,Angers,2021-03-21 Brest-Angers,2021-03-21,Matchweek 30,Sun,Away,D,0,0,Brest,430.0,533.0,80.7,7038.0,2661.0,211.0,233.0,90.6,166.0,196.0,84.7,36.0,69.0,52.2,0,0.8,0.5,13.0,25.0,6.0,1.0,41.0,15:00:00,/en/matches/b060d34a/Brest-Angers-March-21-2021-Ligue-1
FRA-Ligue 1,2021,Angers,2021-04-04 Angers-Montpellier,2021-04-04,Matchweek 31,Sun,Home,D,1,1,Montpellier,558.0,667.0,83.7,9063.0,3219.0,284.0,314.0,90.4,212.0,235.0,90.2,46.0,92.0,50.0,0,0.5,0.5,10.0,31.0,9.0,5.0,48.0,13:00:00,/en/matches/7a371bb9/Angers-Montpellier-April-4-2021-Ligue-1
FRA-Ligue 1,2021,Angers,2021-04-11 Lyon-Angers,2021-04-11,Matchweek 32,Sun,Away,L,0,3,Lyon,454.0,555.0,81.8,7336.0,2535.0,224.0,250.0,89.6,168.0,199.0,84.4,39.0,70.0,55.7,0,1.0,1.2,9.0,25.0,9.0,3.0,39.0,21:00:00,/en/matches/4d4dc0b9/Lyon-Angers-April-11-2021-Ligue-1
FRA-Ligue 1,2021,Angers,2021-04-17 Angers-Rennes,2021-04-17,Matchweek 33,Sat,Home,L,0,3,Rennes,417.0,505.0,82.6,7004.0,2414.0,206.0,222.0,92.8,170.0,196.0,86.7,32.0,63.0,50.8,0,0.3,0.4,8.0,22.0,5.0,2.0,33.0,12:45:00,/en/matches/f3267962/Angers-Rennes-April-17-2021-Ligue-1
FRA-Ligue 1,2021,Angers,2021-04-25 Angers-Monaco,2021-04-25,Matchweek 34,Sun,Home,L,0,1,Monaco,296.0,417.0,71.0,5325.0,2112.0,136.0,159.0,85.5,107.0,127.0,84.3,40.0,88.0,45.5,0,0.1,0.2,4.0,14.0,3.0,0.0,24.0,17:05:00,/en/matches/d287f476/Angers-Monaco-April-25-2021-Ligue-1
FRA-Ligue 1,2021,Angers,2021-05-02 Lorient-Angers,2021-05-02,Matchweek 35,Sun,Away,L,0,2,Lorient,491.0,583.0,84.2,9466.0,3110.0,211.0,230.0,91.7,211.0,238.0,88.7,67.0,107.0,62.6,0,0.3,0.3,8.0,37.0,6.0,3.0,49.0,15:00:00,/en/matches/4960b9d0/Lorient-Angers-May-2-2021-Ligue-1
FRA-Ligue 1,2021,Angers,2021-05-09 Angers-Dijon,2021-05-09,Matchweek 36,Sun,Home,W,3,0,Dijon,414.0,502.0,82.5,6917.0,2477.0,207.0,224.0,92.4,165.0,192.0,85.9,36.0,68.0,52.9,2,1.4,0.8,9.0,20.0,10.0,1.0,43.0,15:00:00,/en/matches/69721055/Angers-Dijon-May-9-2021-Ligue-1
FRA-Ligue 1,2021,Angers,2021-05-16 Marseille-Angers,2021-05-16,Matchweek 37,Sun,Away,L,2,3,Marseille,445.0,517.0,86.1,7636.0,2861.0,220.0,240.0,91.7,171.0,187.0,91.4,48.0,72.0,66.7,1,0.9,0.3,8.0,39.0,6.0,1.0,39.0,21:00:00,/en/matches/da6ea060/Marseille-Angers-May-16-2021-Ligue-1
FRA-Ligue 1,2021,Angers,2021-05-23 Angers-Lille,2021-05-23,Matchweek 38,Sun,Home,L,1,2,Lille,605.0,700.0,86.4,10489.0,3528.0,295.0,324.0,91.0,252.0,276.0,91.3,51.0,80.0,63.8,0,0.5,0.7,8.0,34.0,8.0,3.0,51.0,21:00:00,/en/matches/4aa8aaab/Angers-Lille-May-23-2021-Ligue-1
FRA-Ligue 1,2021,Bordeaux,2020-08-21 Bordeaux-Nantes,2020-08-21,Matchweek 1,Fri,Home,D,0,0,Nantes,427.0,516.0,82.8,7909.0,2590.0,189.0,208.0,90.9,171.0,191.0,89.5,54.0,92.0,58.7,0,0.5,0.4,4.0,19.0,1.0,1.0,22.0,19:00:00,/en/matches/c0996cac/Bordeaux-Nantes-August-21-2020-Ligue-1
FRA-Ligue 1,2021,Bordeaux,2020-08-30 Angers-Bordeaux,2020-08-30,Matchweek 2,Sun,Away,W,2,0,Angers,355.0,451.0,78.7,6399.0,2467.0,154.0,172.0,89.5,165.0,192.0,85.9,32.0,65.0,49.2,2,1.7,1.1,6.0,20.0,5.0,2.0,23.0,15:00:00,/en/matches/db69f933/Angers-Bordeaux-August-30-2020-Ligue-1
FRA-Ligue 1,2021,Bordeaux,2020-09-11 Bordeaux-Lyon,2020-09-11,Matchweek 3,Fri,Home,D,0,0,Lyon,326.0,426.0,76.5,5685.0,2382.0,161.0,184.0,87.5,116.0,142.0,81.7,38.0,75.0,50.7,0,0.2,0.3,4.0,23.0,3.0,1.0,24.0,21:00:00,/en/matches/c39f66b9/Bordeaux-Lyon-September-11-2020-Ligue-1
FRA-Ligue 1,2021,Bordeaux,2020-09-19 Lens-Bordeaux,2020-09-19,Matchweek 4,Sat,Away,L,1,2,Lens,325.0,409.0,79.5,6287.0,2394.0,129.0,147.0,87.8,148.0,176.0,84.1,42.0,70.0,60.0,1,0.3,0.4,5.0,13.0,3.0,2.0,13.0,17:00:00,/en/matches/87a237ad/Lens-Bordeaux-September-19-2020-Ligue-1
FRA-Ligue 1,2021,Bordeaux,2020-09-27 Bordeaux-Nice,2020-09-27,Matchweek 5,Sun,Home,D,0,0,Nice,424.0,510.0,83.1,7734.0,2996.0,189.0,205.0,92.2,193.0,216.0,89.4,36.0,68.0,52.9,0,0.9,1.2,14.0,31.0,6.0,2.0,37.0,13:00:00,/en/matches/37c68582/Bordeaux-Nice-September-27-2020-Ligue-1
FRA-Ligue 1,2021,Bordeaux,2020-10-04 Bordeaux-Dijon,2020-10-04,Matchweek 6,Sun,Home,W,3,0,Dijon,449.0,535.0,83.9,8459.0,3085.0,179.0,201.0,89.1,202.0,225.0,89.8,59.0,85.0,69.4,1,1.0,1.0,10.0,27.0,8.0,4.0,35.0,15:00:00,/en/matches/01b4fa54/Bordeaux-Dijon-October-4-2020-Ligue-1
FRA-Ligue 1,2021,Bordeaux,2020-10-17 Marseille-Bordeaux,2020-10-17,Matchweek 7,Sat,Away,L,1,3,Marseille,346.0,448.0,77.2,6157.0,2372.0,158.0,187.0,84.5,140.0,159.0,88.1,39.0,73.0,53.4,1,0.8,0.4,6.0,23.0,3.0,1.0,27.0,21:00:00,/en/matches/e28d90ff/Marseille-Bordeaux-October-17-2020-Ligue-1
FRA-Ligue 1,2021,Bordeaux,2020-10-25 Bordeaux-Nîmes,2020-10-25,Matchweek 8,Sun,Home,W,2,0,Nîmes,519.0,602.0,86.2,8781.0,2983.0,237.0,253.0,93.7,236.0,254.0,92.9,34.0,63.0,54.0,1,1.0,0.8,12.0,21.0,6.0,2.0,39.0,15:00:00,/en/matches/72fedf37/Bordeaux-Nimes-October-25-2020-Ligue-1
FRA-Ligue 1,2021,Bordeaux,2020-11-01 Monaco-Bordeaux,2020-11-01,Matchweek 9,Sun,Away,L,0,4,Monaco,381.0,469.0,81.2,6115.0,2455.0,178.0,203.0,87.7,141.0,162.0,87.0,32.0,63.0,50.8,0,0.3,0.3,4.0,14.0,3.0,2.0,25.0,17:00:00,/en/matches/371ae7de/Monaco-Bordeaux-November-1-2020-Ligue-1
FRA-Ligue 1,2021,Bordeaux,2020-11-07 Bordeaux-Montpellier,2020-11-07,Matchweek 10,Sat,Home,L,0,2,Montpellier,466.0,553.0,84.3,7815.0,2487.0,203.0,231.0,87.9,222.0,245.0,90.6,27.0,50.0,54.0,0,0.4,0.4,6.0,31.0,5.0,1.0,42.0,17:00:00,/en/matches/0a398d60/Bordeaux-Montpellier-November-7-2020-Ligue-1
FRA-Ligue 1,2021,Bordeaux,2020-11-20 Rennes-Bordeaux,2020-11-20,Matchweek 11,Fri,Away,W,1,0,Rennes,297.0,408.0,72.8,4713.0,1858.0,151.0,176.0,85.8,95.0,127.0,74.8,27.0,67.0,40.3,1,0.7,0.4,6.0,16.0,3.0,1.0,28.0,19:00:00,/en/matches/c7f16be3/Rennes-Bordeaux-November-20-2020-Ligue-1
FRA-Ligue 1,2021,Bordeaux,2020-11-28 Paris S-G-Bordeaux,2020-11-28,Matchweek 12,Sat,Away,D,2,2,Paris S-G,275.0,360.0,76.4,5179.0,2242.0,133.0,154.0,86.4,99.0,114.0,86.8,38.0,72.0,52.8,1,1.1,0.7,13.0,26.0,5.0,0.0,30.0,21:00:00,/en/matches/35fddbd7/Paris-Saint-Germain-Bordeaux-November-28-2020-Ligue-1
FRA-Ligue 1,2021,Bordeaux,2020-12-06 Bordeaux-Brest,2020-12-06,Matchweek 13,Sun,Home,W,1,0,Brest,624.0,705.0,88.5,10957.0,3347.0,273.0,292.0,93.5,274.0,294.0,93.2,61.0,89.0,68.5,1,1.4,1.4,16.0,54.0,8.0,1.0,58.0,15:00:00,/en/matches/5d40786d/Bordeaux-Brest-December-6-2020-Ligue-1
FRA-Ligue 1,2021,Bordeaux,2020-12-13 Lille-Bordeaux,2020-12-13,Matchweek 14,Sun,Away,L,1,2,Lille,362.0,459.0,78.9,6327.0,2343.0,175.0,206.0,85.0,135.0,164.0,82.3,40.0,65.0,61.5,1,0.7,0.4,3.0,18.0,4.0,1.0,28.0,17:00:00,/en/matches/94846b32/Lille-Bordeaux-December-13-2020-Ligue-1
FRA-Ligue 1,2021,Bordeaux,2020-12-16 Bordeaux-Saint-Étienne,2020-12-16,Matchweek 15,Wed,Home,L,1,2,Saint-Étienne,427.0,524.0,81.5,8301.0,3067.0,175.0,190.0,92.1,187.0,220.0,85.0,59.0,88.0,67.0,1,0.6,0.8,9.0,33.0,4.0,1.0,50.0,21:00:00,/en/matches/80a19aca/Bordeaux-Saint-Etienne-December-16-2020-Ligue-1
FRA-Ligue 1,2021,Bordeaux,2020-12-20 Strasbourg-Bordeaux,2020-12-20,Matchweek 16,Sun,Away,W,2,0,Strasbourg,335.0,431.0,77.7,6168.0,2797.0,148.0,173.0,85.5,137.0,156.0,87.8,42.0,78.0,53.8,2,1.0,0.9,10.0,23.0,3.0,0.0,25.0,15:00:00,/en/matches/2eab1f5a/Strasbourg-Bordeaux-December-20-2020-Ligue-1
FRA-Ligue 1,2021,Bordeaux,2020-12-23 Bordeaux-Reims,2020-12-23,Matchweek 17,Wed,Home,L,1,3,Reims,615.0,711.0,86.5,10768.0,2764.0,272.0,302.0,90.1,287.0,313.0,91.7,46.0,71.0,64.8,1,0.6,0.8,6.0,49.0,5.0,2.0,45.0,19:00:00,/en/matches/92d5d552/Bordeaux-Reims-December-23-2020-Ligue-1
FRA-Ligue 1,2021,Bordeaux,2021-01-06 Metz-Bordeaux,2021-01-06,Matchweek 18,Wed,Away,D,0,0,Metz,538.0,630.0,85.4,9229.0,3230.0,238.0,263.0,90.5,251.0,279.0,90.0,37.0,60.0,61.7,0,0.6,0.5,9.0,29.0,5.0,1.0,46.0,19:00:00,/en/matches/91ee6562/Metz-Bordeaux-January-6-2021-Ligue-1
FRA-Ligue 1,2021,Bordeaux,2021-01-09 Bordeaux-Lorient,2021-01-09,Matchweek 19,Sat,Home,W,2,1,Lorient,424.0,531.0,79.8,7954.0,3226.0,182.0,220.0,82.7,170.0,197.0,86.3,60.0,90.0,66.7,2,1.1,0.5,15.0,25.0,9.0,2.0,40.0,21:00:00,/en/matches/7adc2a05/Bordeaux-Lorient-January-9-2021-Ligue-1
FRA-Ligue 1,2021,Bordeaux,2021-01-17 Nice-Bordeaux,2021-01-17,Matchweek 20,Sun,Away,W,3,0,Nice,410.0,508.0,80.7,7403.0,2971.0,184.0,204.0,90.2,156.0,177.0,88.1,55.0,82.0,67.1,3,1.9,1.2,15.0,28.0,5.0,1.0,36.0,15:00:00,/en/matches/b5d02e7e/Nice-Bordeaux-January-17-2021-Ligue-1
FRA-Ligue 1,2021,Bordeaux,2021-01-24 Bordeaux-Angers,2021-01-24,Matchweek 21,Sun,Home,W,2,1,Angers,411.0,494.0,83.2,7236.0,2561.0,191.0,209.0,91.4,152.0,173.0,87.9,52.0,76.0,68.4,1,0.6,0.7,4.0,19.0,3.0,0.0,30.0,13:00:00,/en/matches/59557294/Bordeaux-Angers-January-24-2021-Ligue-1
FRA-Ligue 1,2021,Bordeaux,2021-01-29 Lyon-Bordeaux,2021-01-29,Matchweek 22,Fri,Away,L,1,2,Lyon,346.0,455.0,76.0,6304.0,2148.0,150.0,170.0,88.2,152.0,185.0,82.2,39.0,81.0,48.1,1,0.9,0.6,9.0,14.0,5.0,1.0,27.0,21:00:00,/en/matches/308c218f/Lyon-Bordeaux-January-29-2021-Ligue-1
FRA-Ligue 1,2021,Bordeaux,2021-02-03 Bordeaux-Lille,2021-02-03,Matchweek 23,Wed,Home,L,0,3,Lille,512.0,588.0,87.1,8817.0,2827.0,217.0,235.0,92.3,235.0,258.0,91.1,42.0,67.0,62.7,0,0.8,0.5,8.0,14.0,3.0,1.0,34.0,19:00:00,/en/matches/cbaa8ed9/Bordeaux-Lille-February-3-2021-Ligue-1
FRA-Ligue 1,2021,Bordeaux,2021-02-07 Brest-Bordeaux,2021-02-07,Matchweek 24,Sun,Away,L,1,2,Brest,465.0,572.0,81.3,8590.0,3508.0,197.0,227.0,86.8,208.0,236.0,88.1,52.0,91.0,57.1,1,0.7,0.5,7.0,36.0,3.0,1.0,34.0,13:00:00,/en/matches/5e006b28/Brest-Bordeaux-February-7-2021-Ligue-1
FRA-Ligue 1,2021,Bordeaux,2021-02-14 Bordeaux-Marseille,2021-02-14,Matchweek 25,Sun,Home,D,0,0,Marseille,452.0,536.0,84.3,7629.0,2590.0,214.0,240.0,89.2,194.0,220.0,88.2,33.0,53.0,62.3,0,1.3,0.9,17.0,35.0,8.0,3.0,48.0,21:00:00,/en/matches/8f90873e/Bordeaux-Marseille-February-14-2021-Ligue-1
FRA-Ligue 1,2021,Bordeaux,2021-02-21 Nîmes-Bordeaux,2021-02-21,Matchweek 26,Sun,Away,L,0,2,Nîmes,605.0,706.0,85.7,10771.0,3179.0,279.0,299.0,93.3,255.0,285.0,89.5,57.0,91.0,62.6,0,0.3,0.7,5.0,48.0,5.0,4.0,54.0,15:00:00,/en/matches/e9fbe45a/Nimes-Bordeaux-February-21-2021-Ligue-1
FRA-Ligue 1,2021,Bordeaux,2021-02-27 Bordeaux-Metz,2021-02-27,Matchweek 27,Sat,Home,L,1,2,Metz,346.0,460.0,75.2,5969.0,2513.0,167.0,192.0,87.0,133.0,167.0,79.6,37.0,70.0,52.9,1,0.8,0.7,7.0,24.0,6.0,3.0,32.0,13:00:00,/en/matches/e0f22e82/Bordeaux-Metz-February-27-2021-Ligue-1
FRA-Ligue 1,2021,Bordeaux,2021-03-03 Bordeaux-Paris S-G,2021-03-03,Matchweek 28,Wed,Home,L,0,1,Paris S-G,393.0,486.0,80.9,7167.0,2505.0,167.0,184.0,90.8,171.0,196.0,87.2,50.0,87.0,57.5,0,0.5,0.6,8.0,30.0,4.0,1.0,50.0,21:00:00,/en/matches/562fc539/Bordeaux-Paris-Saint-Germain-March-3-2021-Ligue-1
FRA-Ligue 1,2021,Bordeaux,2021-03-14 Dijon-Bordeaux,2021-03-14,Matchweek 29,Sun,Away,W,3,1,Dijon,404.0,528.0,76.5,7290.0,2754.0,174.0,201.0,86.6,175.0,215.0,81.4,44.0,88.0,50.0,3,1.2,1.1,10.0,25.0,9.0,4.0,29.0,15:00:00,/en/matches/867d40f4/Dijon-Bordeaux-March-14-2021-Ligue-1
FRA-Ligue 1,2021,Bordeaux,2021-03-21 Montpellier-Bordeaux,2021-03-21,Matchweek 30,Sun,Away,L,1,3,Montpellier,453.0,553.0,81.9,8419.0,3123.0,184.0,208.0,88.5,214.0,244.0,87.7,52.0,81.0,64.2,1,1.0,1.8,9.0,28.0,5.0,2.0,37.0,15:00:00,/en/matches/88e1ab36/Montpellier-Bordeaux-March-21-2021-Ligue-1
FRA-Ligue 1,2021,Bordeaux,2021-04-04 Bordeaux-Strasbourg,2021-04-04,Matchweek 31,Sun,Home,L,2,3,Strasbourg,540.0,636.0,84.9,9587.0,3270.0,246.0,274.0,89.8,221.0,249.0,88.8,62.0,85.0,72.9,1,0.8,1.1,11.0,31.0,10.0,1.0,63.0,15:00:00,/en/matches/f919ead6/Bordeaux-Strasbourg-April-4-2021-Ligue-1
FRA-Ligue 1,2021,Bordeaux,2021-04-11 Saint-Étienne-Bordeaux,2021-04-11,Matchweek 32,Sun,Away,L,1,4,Saint-Étienne,483.0,584.0,82.7,8310.0,2703.0,213.0,239.0,89.1,215.0,244.0,88.1,41.0,73.0,56.2,0,0.9,0.8,6.0,34.0,5.0,2.0,39.0,15:00:00,/en/matches/12b0e5d1/Saint-Etienne-Bordeaux-April-11-2021-Ligue-1
FRA-Ligue 1,2021,Bordeaux,2021-04-18 Bordeaux-Monaco,2021-04-18,Matchweek 33,Sun,Home,L,0,3,Monaco,354.0,457.0,77.5,6170.0,2404.0,185.0,212.0,87.3,97.0,121.0,80.2,52.0,91.0,57.1,0,0.7,0.5,5.0,28.0,4.0,2.0,27.0,17:05:00,/en/matches/1b271f46/Bordeaux-Monaco-April-18-2021-Ligue-1
FRA-Ligue 1,2021,Bordeaux,2021-04-25 Lorient-Bordeaux,2021-04-25,Matchweek 34,Sun,Away,L,1,4,Lorient,448.0,545.0,82.2,8093.0,2936.0,197.0,225.0,87.6,183.0,210.0,87.1,56.0,82.0,68.3,0,0.7,0.5,9.0,35.0,6.0,2.0,37.0,15:00:00,/en/matches/e20ecbc9/Lorient-Bordeaux-April-25-2021-Ligue-1
FRA-Ligue 1,2021,Bordeaux,2021-05-02 Bordeaux-Rennes,2021-05-02,Matchweek 35,Sun,Home,W,1,0,Rennes,350.0,436.0,80.3,6310.0,2226.0,163.0,181.0,90.1,139.0,161.0,86.3,38.0,70.0,54.3,1,0.7,0.4,6.0,12.0,2.0,1.0,25.0,13:00:00,/en/matches/fbdd3548/Bordeaux-Rennes-May-2-2021-Ligue-1
FRA-Ligue 1,2021,Bordeaux,2021-05-08 Nantes-Bordeaux,2021-05-08,Matchweek 36,Sat,Away,L,0,3,Nantes,353.0,474.0,74.5,6257.0,2699.0,164.0,197.0,83.2,131.0,163.0,80.4,43.0,76.0,56.6,0,0.6,1.1,8.0,12.0,8.0,1.0,26.0,13:00:00,/en/matches/a81bdb2c/Nantes-Bordeaux-May-8-2021-Ligue-1
FRA-Ligue 1,2021,Bordeaux,2021-05-16 Bordeaux-Lens,2021-05-16,Matchweek 37,Sun,Home,W,3,0,Lens,217.0,318.0,68.2,4293.0,2145.0,85.0,110.0,77.3,76.0,98.0,77.6,43.0,77.0,55.8,2,1.7,0.4,10.0,12.0,3.0,0.0,15.0,21:00:00,/en/matches/a4d53306/Bordeaux-Lens-May-16-2021-Ligue-1
FRA-Ligue 1,2021,Bordeaux,2021-05-23 Reims-Bordeaux,2021-05-23,Matchweek 38,Sun,Away,W,2,1,Reims,405.0,476.0,85.1,7632.0,2705.0,164.0,179.0,91.6,189.0,206.0,91.7,43.0,73.0,58.9,1,0.6,0.4,7.0,18.0,3.0,0.0,23.0,21:00:00,/en/matches/0dc82fba/Reims-Bordeaux-May-23-2021-Ligue-1
FRA-Ligue 1,2021,Brest,2020-08-23 Nîmes-Brest,2020-08-23,Matchweek 1,Sun,Away,L,0,4,Nîmes,350.0,469.0,74.6,6872.0,2494.0,132.0,158.0,83.5,162.0,197.0,82.2,47.0,86.0,54.7,0,0.8,0.7,8.0,19.0,3.0,1.0,25.0,15:00:00,/en/matches/da8136ae/Nimes-Brest-August-23-2020-Ligue-1
FRA-Ligue 1,2021,Brest,2020-08-30 Brest-Marseille,2020-08-30,Matchweek 2,Sun,Home,L,2,3,Marseille,451.0,575.0,78.4,8658.0,3319.0,168.0,194.0,86.6,219.0,255.0,85.9,57.0,96.0,59.4,2,2.1,1.9,15.0,45.0,19.0,7.0,48.0,21:00:00,/en/matches/f5d3ffde/Brest-Marseille-August-30-2020-Ligue-1
FRA-Ligue 1,2021,Brest,2020-09-13 Dijon-Brest,2020-09-13,Matchweek 3,Sun,Away,W,2,0,Dijon,396.0,485.0,81.6,7690.0,2789.0,152.0,174.0,87.4,179.0,206.0,86.9,56.0,86.0,65.1,2,1.7,1.0,15.0,32.0,13.0,7.0,41.0,15:00:00,/en/matches/d10137c1/Dijon-Brest-September-13-2020-Ligue-1
FRA-Ligue 1,2021,Brest,2020-09-20 Brest-Lorient,2020-09-20,Matchweek 4,Sun,Home,W,3,2,Lorient,458.0,559.0,81.9,9521.0,3815.0,156.0,192.0,81.3,235.0,262.0,89.7,64.0,86.0,74.4,2,1.0,1.0,12.0,43.0,7.0,3.0,46.0,15:00:00,/en/matches/addca7be/Brest-Lorient-September-20-2020-Ligue-1
FRA-Ligue 1,2021,Brest,2020-09-27 Angers-Brest,2020-09-27,Matchweek 5,Sun,Away,L,2,3,Angers,385.0,501.0,76.8,7496.0,3022.0,155.0,191.0,81.2,164.0,194.0,84.5,61.0,99.0,61.6,1,1.6,1.6,9.0,38.0,9.0,5.0,38.0,15:00:00,/en/matches/940f811f/Angers-Brest-September-27-2020-Ligue-1
FRA-Ligue 1,2021,Brest,2020-10-04 Brest-Monaco,2020-10-04,Matchweek 6,Sun,Home,W,1,0,Monaco,184.0,293.0,62.8,3784.0,1816.0,77.0,97.0,79.4,69.0,97.0,71.1,35.0,87.0,40.2,0,0.4,0.3,5.0,12.0,5.0,2.0,16.0,15:00:00,/en/matches/020a699d/Brest-Monaco-October-4-2020-Ligue-1
FRA-Ligue 1,2021,Brest,2020-10-18 Nantes-Brest,2020-10-18,Matchweek 7,Sun,Away,L,1,3,Nantes,457.0,575.0,79.5,9155.0,3355.0,167.0,199.0,83.9,190.0,224.0,84.8,85.0,125.0,68.0,0,1.0,0.6,13.0,44.0,7.0,5.0,38.0,15:00:00,/en/matches/5c2b565a/Nantes-Brest-October-18-2020-Ligue-1
FRA-Ligue 1,2021,Brest,2020-10-25 Brest-Strasbourg,2020-10-25,Matchweek 8,Sun,Home,L,0,3,Strasbourg,524.0,645.0,81.2,9542.0,3362.0,213.0,247.0,86.2,239.0,268.0,89.2,58.0,96.0,60.4,0,0.8,1.7,12.0,47.0,12.0,7.0,59.0,15:00:00,/en/matches/525316b3/Brest-Strasbourg-October-25-2020-Ligue-1
FRA-Ligue 1,2021,Brest,2020-10-31 Rennes-Brest,2020-10-31,Matchweek 9,Sat,Away,L,1,2,Rennes,303.0,399.0,75.9,6140.0,1907.0,111.0,132.0,84.1,130.0,156.0,83.3,59.0,92.0,64.1,1,0.7,0.7,5.0,19.0,7.0,5.0,27.0,17:00:00,/en/matches/484e968c/Rennes-Brest-October-31-2020-Ligue-1
FRA-Ligue 1,2021,Brest,2020-11-08 Brest-Lille,2020-11-08,Matchweek 10,Sun,Home,W,3,2,Lille,260.0,352.0,73.9,5539.0,2416.0,102.0,121.0,84.3,108.0,123.0,87.8,45.0,94.0,47.9,3,1.3,1.2,11.0,17.0,11.0,5.0,19.0,13:00:00,/en/matches/bb44bdba/Brest-Lille-November-8-2020-Ligue-1
FRA-Ligue 1,2021,Brest,2020-11-21 Brest-Saint-Étienne,2020-11-21,Matchweek 11,Sat,Home,W,4,1,Saint-Étienne,325.0,433.0,75.1,6367.0,2779.0,130.0,158.0,82.3,140.0,175.0,80.0,49.0,86.0,57.0,4,0.8,0.7,10.0,16.0,6.0,3.0,29.0,17:00:00,/en/matches/43850694/Brest-Saint-Etienne-November-21-2020-Ligue-1
FRA-Ligue 1,2021,Brest,2020-11-29 Metz-Brest,2020-11-29,Matchweek 12,Sun,Away,W,2,0,Metz,480.0,576.0,83.3,9327.0,3616.0,190.0,221.0,86.0,217.0,238.0,91.2,66.0,101.0,65.3,1,1.5,1.4,10.0,36.0,6.0,0.0,38.0,15:00:00,/en/matches/57eeea74/Metz-Brest-November-29-2020-Ligue-1
FRA-Ligue 1,2021,Brest,2020-12-06 Bordeaux-Brest,2020-12-06,Matchweek 13,Sun,Away,L,0,1,Bordeaux,421.0,512.0,82.2,8351.0,2863.0,152.0,172.0,88.4,211.0,237.0,89.0,55.0,83.0,66.3,0,0.1,0.3,5.0,31.0,5.0,2.0,34.0,15:00:00,/en/matches/5d40786d/Bordeaux-Brest-December-6-2020-Ligue-1
FRA-Ligue 1,2021,Brest,2020-12-13 Brest-Reims,2020-12-13,Matchweek 14,Sun,Home,W,2,1,Reims,416.0,524.0,79.4,8184.0,3109.0,156.0,178.0,87.6,197.0,231.0,85.3,57.0,93.0,61.3,1,1.4,0.9,6.0,26.0,7.0,2.0,38.0,15:00:00,/en/matches/8757c51f/Brest-Reims-December-13-2020-Ligue-1
FRA-Ligue 1,2021,Brest,2020-12-16 Lyon-Brest,2020-12-16,Matchweek 15,Wed,Away,D,2,2,Lyon,366.0,455.0,80.4,6496.0,2180.0,165.0,182.0,90.7,164.0,186.0,88.2,35.0,68.0,51.5,0,0.5,0.2,5.0,15.0,1.0,0.0,17.0,21:00:00,/en/matches/b1b2b42a/Lyon-Brest-December-16-2020-Ligue-1
FRA-Ligue 1,2021,Brest,2020-12-20 Brest-Montpellier,2020-12-20,Matchweek 16,Sun,Home,D,2,2,Montpellier,520.0,601.0,86.5,10448.0,3735.0,187.0,211.0,88.6,244.0,265.0,92.1,83.0,110.0,75.5,2,1.5,1.2,14.0,48.0,8.0,6.0,56.0,13:00:00,/en/matches/354064d8/Brest-Montpellier-December-20-2020-Ligue-1
FRA-Ligue 1,2021,Brest,2020-12-23 Lens-Brest,2020-12-23,Matchweek 17,Wed,Away,L,1,2,Lens,451.0,559.0,80.7,8846.0,3041.0,145.0,170.0,85.3,244.0,278.0,87.8,53.0,89.0,59.6,0,0.4,0.6,7.0,34.0,7.0,4.0,41.0,19:00:00,/en/matches/377dba57/Lens-Brest-December-23-2020-Ligue-1
FRA-Ligue 1,2021,Brest,2021-01-06 Brest-Nice,2021-01-06,Matchweek 18,Wed,Home,W,2,0,Nice,332.0,442.0,75.1,6184.0,2521.0,143.0,171.0,83.6,130.0,156.0,83.3,50.0,86.0,58.1,0,0.4,0.8,6.0,19.0,5.0,1.0,27.0,19:00:00,/en/matches/87a4ca5c/Brest-Nice-January-6-2021-Ligue-1
FRA-Ligue 1,2021,Brest,2021-01-09 Paris S-G-Brest,2021-01-09,Matchweek 19,Sat,Away,L,0,3,Paris S-G,379.0,463.0,81.9,6566.0,2344.0,188.0,208.0,90.4,154.0,182.0,84.6,35.0,58.0,60.3,0,0.6,0.7,10.0,27.0,5.0,0.0,35.0,21:00:00,/en/matches/5123800a/Paris-Saint-Germain-Brest-January-9-2021-Ligue-1
FRA-Ligue 1,2021,Brest,2021-01-17 Brest-Rennes,2021-01-17,Matchweek 20,Sun,Home,L,1,2,Rennes,398.0,499.0,79.8,7684.0,2500.0,135.0,160.0,84.4,223.0,248.0,89.9,36.0,67.0,53.7,0,1.3,1.2,8.0,20.0,9.0,6.0,46.0,13:00:00,/en/matches/e3319eb7/Brest-Rennes-January-17-2021-Ligue-1
FRA-Ligue 1,2021,Brest,2021-01-24 Reims-Brest,2021-01-24,Matchweek 21,Sun,Away,L,0,1,Reims,513.0,630.0,81.4,9318.0,3084.0,220.0,249.0,88.4,221.0,249.0,88.8,55.0,95.0,57.9,0,1.0,1.0,11.0,41.0,7.0,4.0,47.0,15:00:00,/en/matches/54bc4f15/Reims-Brest-January-24-2021-Ligue-1
FRA-Ligue 1,2021,Brest,2021-01-31 Brest-Metz,2021-01-31,Matchweek 22,Sun,Home,L,2,4,Metz,556.0,666.0,83.5,10396.0,3887.0,210.0,234.0,89.7,274.0,311.0,88.1,63.0,89.0,70.8,1,1.1,1.0,7.0,44.0,8.0,4.0,60.0,15:00:00,/en/matches/dedabe17/Brest-Metz-January-31-2021-Ligue-1
FRA-Ligue 1,2021,Brest,2021-02-03 Strasbourg-Brest,2021-02-03,Matchweek 23,Wed,Away,D,2,2,Strasbourg,500.0,612.0,81.7,9236.0,3073.0,213.0,248.0,85.9,222.0,248.0,89.5,59.0,95.0,62.1,1,0.1,0.4,2.0,43.0,12.0,2.0,54.0,19:00:00,/en/matches/ce4a0c8e/Strasbourg-Brest-February-3-2021-Ligue-1
FRA-Ligue 1,2021,Brest,2021-02-07 Brest-Bordeaux,2021-02-07,Matchweek 24,Sun,Home,W,2,1,Bordeaux,396.0,503.0,78.7,6768.0,2666.0,194.0,213.0,91.1,140.0,169.0,82.8,46.0,87.0,52.9,0,1.0,1.2,17.0,26.0,10.0,3.0,49.0,13:00:00,/en/matches/5e006b28/Brest-Bordeaux-February-7-2021-Ligue-1
FRA-Ligue 1,2021,Brest,2021-02-14 Lille-Brest,2021-02-14,Matchweek 25,Sun,Away,D,0,0,Lille,243.0,342.0,71.1,4742.0,1983.0,106.0,135.0,78.5,90.0,116.0,77.6,41.0,72.0,56.9,0,0.1,0.1,2.0,6.0,1.0,1.0,11.0,17:00:00,/en/matches/6be3223a/Lille-Brest-February-14-2021-Ligue-1
FRA-Ligue 1,2021,Brest,2021-02-19 Brest-Lyon,2021-02-19,Matchweek 26,Fri,Home,L,2,3,Lyon,424.0,553.0,76.7,7403.0,2916.0,194.0,220.0,88.2,149.0,190.0,78.4,57.0,92.0,62.0,2,1.3,1.9,15.0,29.0,14.0,8.0,38.0,21:00:00,/en/matches/c5b56eba/Brest-Lyon-February-19-2021-Ligue-1
FRA-Ligue 1,2021,Brest,2021-02-28 Monaco-Brest,2021-02-28,Matchweek 27,Sun,Away,L,0,2,Monaco,337.0,429.0,78.6,5576.0,2082.0,167.0,184.0,90.8,124.0,136.0,91.2,29.0,71.0,40.8,0,0.2,0.2,4.0,19.0,2.0,2.0,16.0,13:00:00,/en/matches/b66eb412/Monaco-Brest-February-28-2021-Ligue-1
FRA-Ligue 1,2021,Brest,2021-03-03 Brest-Dijon,2021-03-03,Matchweek 28,Wed,Home,W,3,1,Dijon,433.0,520.0,83.3,8490.0,3205.0,176.0,202.0,87.1,186.0,207.0,89.9,66.0,99.0,66.7,3,1.3,1.0,8.0,29.0,7.0,2.0,36.0,19:00:00,/en/matches/a5a70664/Brest-Dijon-March-3-2021-Ligue-1
FRA-Ligue 1,2021,Brest,2021-03-13 Marseille-Brest,2021-03-13,Matchweek 29,Sat,Away,L,1,3,Marseille,546.0,643.0,84.9,9508.0,2795.0,246.0,266.0,92.5,226.0,255.0,88.6,57.0,93.0,61.3,1,0.4,0.6,4.0,36.0,6.0,1.0,35.0,17:00:00,/en/matches/92b7f46b/Marseille-Brest-March-13-2021-Ligue-1
FRA-Ligue 1,2021,Brest,2021-03-21 Brest-Angers,2021-03-21,Matchweek 30,Sun,Home,D,0,0,Angers,480.0,585.0,82.1,8875.0,3214.0,190.0,220.0,86.4,209.0,237.0,88.2,63.0,90.0,70.0,0,0.6,0.6,9.0,48.0,3.0,2.0,47.0,15:00:00,/en/matches/b060d34a/Brest-Angers-March-21-2021-Ligue-1
FRA-Ligue 1,2021,Brest,2021-04-04 Lorient-Brest,2021-04-04,Matchweek 31,Sun,Away,L,0,1,Lorient,400.0,521.0,76.8,7914.0,3119.0,159.0,184.0,86.4,178.0,208.0,85.6,59.0,106.0,55.7,0,0.7,1.1,5.0,30.0,4.0,2.0,23.0,15:00:00,/en/matches/c3e07f26/Lorient-Brest-April-4-2021-Ligue-1
FRA-Ligue 1,2021,Brest,2021-04-11 Brest-Nîmes,2021-04-11,Matchweek 32,Sun,Home,D,1,1,Nîmes,465.0,580.0,80.2,8930.0,3390.0,169.0,197.0,85.8,218.0,250.0,87.2,61.0,92.0,66.3,1,1.9,2.4,13.0,49.0,13.0,5.0,61.0,15:00:00,/en/matches/f07ab6e3/Brest-Nimes-April-11-2021-Ligue-1
FRA-Ligue 1,2021,Brest,2021-04-18 Brest-Lens,2021-04-18,Matchweek 33,Sun,Home,D,1,1,Lens,296.0,396.0,74.7,5611.0,2620.0,122.0,146.0,83.6,110.0,125.0,88.0,47.0,94.0,50.0,0,0.2,0.4,5.0,25.0,9.0,1.0,23.0,15:00:00,/en/matches/0e79fe5c/Brest-Lens-April-18-2021-Ligue-1
FRA-Ligue 1,2021,Brest,2021-04-24 Saint-Étienne-Brest,2021-04-24,Matchweek 34,Sat,Away,W,2,1,Saint-Étienne,374.0,489.0,76.5,7051.0,2715.0,159.0,181.0,87.8,172.0,203.0,84.7,40.0,87.0,46.0,1,1.8,1.4,10.0,33.0,7.0,0.0,45.0,13:00:00,/en/matches/17488489/Saint-Etienne-Brest-April-24-2021-Ligue-1
FRA-Ligue 1,2021,Brest,2021-05-02 Brest-Nantes,2021-05-02,Matchweek 35,Sun,Home,L,1,4,Nantes,511.0,621.0,82.3,9195.0,3079.0,224.0,251.0,89.2,233.0,261.0,89.3,47.0,88.0,53.4,0,1.4,0.7,8.0,50.0,13.0,0.0,64.0,15:00:00,/en/matches/8f7e3219/Brest-Nantes-May-2-2021-Ligue-1
FRA-Ligue 1,2021,Brest,2021-05-09 Nice-Brest,2021-05-09,Matchweek 36,Sun,Away,L,2,3,Nice,319.0,398.0,80.2,5913.0,2162.0,144.0,165.0,87.3,130.0,149.0,87.2,40.0,67.0,59.7,2,0.8,0.6,8.0,22.0,5.0,2.0,28.0,15:00:00,/en/matches/4938a1bf/Nice-Brest-May-9-2021-Ligue-1
FRA-Ligue 1,2021,Brest,2021-05-16 Montpellier-Brest,2021-05-16,Matchweek 37,Sun,Away,D,0,0,Montpellier,461.0,575.0,80.2,8586.0,3052.0,195.0,220.0,88.6,181.0,213.0,85.0,70.0,103.0,68.0,0,1.0,2.1,17.0,44.0,21.0,10.0,60.0,21:00:00,/en/matches/07c26200/Montpellier-Brest-May-16-2021-Ligue-1
FRA-Ligue 1,2021,Brest,2021-05-23 Brest-Paris S-G,2021-05-23,Matchweek 38,Sun,Home,L,0,2,Paris S-G,327.0,427.0,76.6,6112.0,2177.0,155.0,177.0,87.6,116.0,151.0,76.8,48.0,76.0,63.2,0,1.4,0.9,6.0,16.0,7.0,3.0,23.0,21:00:00,/en/matches/e0259056/Brest-Paris-Saint-Germain-May-23-2021-Ligue-1
FRA-Ligue 1,2021,Dijon,2020-08-22 Dijon-Angers,2020-08-22,Matchweek 1,Sat,Home,L,0,1,Angers,491.0,572.0,85.8,9103.0,3249.0,181.0,199.0,91.0,261.0,283.0,92.2,43.0,69.0,62.3,0,1.0,0.7,8.0,36.0,4.0,0.0,49.0,17:00:00,/en/matches/9cbccb37/Dijon-Angers-August-22-2020-Ligue-1
FRA-Ligue 1,2021,Dijon,2020-08-28 Lyon-Dijon,2020-08-28,Matchweek 2,Fri,Away,L,1,4,Lyon,258.0,352.0,73.3,4827.0,1989.0,115.0,129.0,89.1,105.0,133.0,78.9,37.0,74.0,50.0,0,0.2,0.1,5.0,11.0,1.0,0.0,15.0,21:00:00,/en/matches/7512406f/Lyon-Dijon-August-28-2020-Ligue-1
FRA-Ligue 1,2021,Dijon,2020-09-13 Dijon-Brest,2020-09-13,Matchweek 3,Sun,Home,L,0,2,Brest,397.0,484.0,82.0,6737.0,2456.0,181.0,199.0,91.0,175.0,199.0,87.9,30.0,61.0,49.2,0,0.3,0.3,5.0,19.0,3.0,2.0,31.0,15:00:00,/en/matches/d10137c1/Dijon-Brest-September-13-2020-Ligue-1
FRA-Ligue 1,2021,Dijon,2020-09-20 Strasbourg-Dijon,2020-09-20,Matchweek 4,Sun,Away,L,0,1,Strasbourg,361.0,456.0,79.2,6731.0,2938.0,159.0,186.0,85.5,142.0,165.0,86.1,53.0,92.0,57.6,0,0.6,0.5,5.0,21.0,5.0,2.0,39.0,15:00:00,/en/matches/5e509d7e/Strasbourg-Dijon-September-20-2020-Ligue-1
FRA-Ligue 1,2021,Dijon,2020-09-27 Dijon-Montpellier,2020-09-27,Matchweek 5,Sun,Home,D,2,2,Montpellier,237.0,347.0,68.3,5088.0,2331.0,83.0,105.0,79.0,110.0,138.0,79.7,44.0,91.0,48.4,2,0.9,0.9,11.0,18.0,7.0,1.0,26.0,15:00:00,/en/matches/d8bc5e5b/Dijon-Montpellier-September-27-2020-Ligue-1
FRA-Ligue 1,2021,Dijon,2020-10-04 Bordeaux-Dijon,2020-10-04,Matchweek 6,Sun,Away,L,0,3,Bordeaux,435.0,536.0,81.2,7861.0,2624.0,175.0,197.0,88.8,213.0,244.0,87.3,37.0,61.0,60.7,0,0.2,0.3,4.0,34.0,3.0,1.0,31.0,15:00:00,/en/matches/01b4fa54/Bordeaux-Dijon-October-4-2020-Ligue-1
FRA-Ligue 1,2021,Dijon,2020-10-16 Dijon-Rennes,2020-10-16,Matchweek 7,Fri,Home,D,1,1,Rennes,305.0,398.0,76.6,5666.0,2126.0,124.0,144.0,86.1,129.0,146.0,88.4,43.0,88.0,48.9,1,1.0,1.0,10.0,30.0,7.0,3.0,34.0,19:00:00,/en/matches/40fc3205/Dijon-Rennes-October-16-2020-Ligue-1
FRA-Ligue 1,2021,Dijon,2020-10-24 Paris S-G-Dijon,2020-10-24,Matchweek 8,Sat,Away,L,0,4,Paris S-G,394.0,458.0,86.0,6841.0,2575.0,172.0,182.0,94.5,159.0,176.0,90.3,44.0,70.0,62.9,0,1.0,0.4,12.0,22.0,3.0,1.0,36.0,21:00:00,/en/matches/685d28aa/Paris-Saint-Germain-Dijon-October-24-2020-Ligue-1
FRA-Ligue 1,2021,Dijon,2020-11-01 Dijon-Lorient,2020-11-01,Matchweek 9,Sun,Home,D,0,0,Lorient,399.0,526.0,75.9,7752.0,3104.0,136.0,166.0,81.9,203.0,247.0,82.2,50.0,87.0,57.5,0,0.3,0.4,7.0,29.0,6.0,1.0,37.0,15:00:00,/en/matches/6a968321/Dijon-Lorient-November-1-2020-Ligue-1
FRA-Ligue 1,2021,Dijon,2020-11-08 Metz-Dijon,2020-11-08,Matchweek 10,Sun,Away,D,1,1,Metz,430.0,520.0,82.7,7769.0,3053.0,193.0,218.0,88.5,194.0,218.0,89.0,38.0,71.0,53.5,1,1.1,1.0,9.0,20.0,7.0,2.0,24.0,15:00:00,/en/matches/3262d1d8/Metz-Dijon-November-8-2020-Ligue-1
FRA-Ligue 1,2021,Dijon,2020-11-22 Dijon-Lens,2020-11-22,Matchweek 11,Sun,Home,L,0,1,Lens,454.0,572.0,79.4,8900.0,3522.0,175.0,195.0,89.7,216.0,260.0,83.1,60.0,98.0,61.2,0,0.8,0.8,9.0,36.0,2.0,0.0,41.0,15:00:00,/en/matches/42b0839c/Dijon-Lens-November-22-2020-Ligue-1
FRA-Ligue 1,2021,Dijon,2020-11-29 Nice-Dijon,2020-11-29,Matchweek 12,Sun,Away,W,3,1,Nice,331.0,419.0,79.0,6155.0,2582.0,163.0,190.0,85.8,116.0,131.0,88.5,45.0,80.0,56.3,0,0.2,0.2,3.0,26.0,5.0,1.0,29.0,17:00:00,/en/matches/01d18727/Nice-Dijon-November-29-2020-Ligue-1
FRA-Ligue 1,2021,Dijon,2020-12-06 Dijon-Saint-Étienne,2020-12-06,Matchweek 13,Sun,Home,D,0,0,Saint-Étienne,270.0,416.0,64.9,5050.0,1916.0,116.0,143.0,81.1,113.0,149.0,75.8,34.0,91.0,37.4,0,0.4,0.3,4.0,20.0,7.0,0.0,29.0,15:00:00,/en/matches/de81078b/Dijon-Saint-Etienne-December-6-2020-Ligue-1
FRA-Ligue 1,2021,Dijon,2020-12-13 Nantes-Dijon,2020-12-13,Matchweek 14,Sun,Away,D,1,1,Nantes,513.0,640.0,80.2,9649.0,3334.0,214.0,246.0,87.0,231.0,263.0,87.8,59.0,95.0,62.1,1,1.0,0.5,9.0,39.0,6.0,2.0,52.0,15:00:00,/en/matches/fdd2cb11/Nantes-Dijon-December-13-2020-Ligue-1
FRA-Ligue 1,2021,Dijon,2020-12-16 Dijon-Lille,2020-12-16,Matchweek 15,Wed,Home,L,0,2,Lille,362.0,457.0,79.2,7303.0,2495.0,137.0,158.0,86.7,167.0,199.0,83.9,57.0,92.0,62.0,0,0.1,0.1,2.0,27.0,4.0,0.0,36.0,19:00:00,/en/matches/1be4c827/Dijon-Lille-December-16-2020-Ligue-1
FRA-Ligue 1,2021,Dijon,2020-12-20 Dijon-Monaco,2020-12-20,Matchweek 16,Sun,Home,L,0,1,Monaco,398.0,500.0,79.6,7516.0,2575.0,160.0,185.0,86.5,171.0,198.0,86.4,59.0,90.0,65.6,0,0.8,0.6,8.0,26.0,3.0,3.0,30.0,15:00:00,/en/matches/627d98ea/Dijon-Monaco-December-20-2020-Ligue-1
FRA-Ligue 1,2021,Dijon,2020-12-23 Nîmes-Dijon,2020-12-23,Matchweek 17,Wed,Away,W,3,1,Nîmes,391.0,497.0,78.7,7312.0,2864.0,153.0,171.0,89.5,179.0,210.0,85.2,46.0,89.0,51.7,2,1.7,1.0,11.0,32.0,15.0,4.0,45.0,19:00:00,/en/matches/d2b80896/Nimes-Dijon-December-23-2020-Ligue-1
FRA-Ligue 1,2021,Dijon,2021-01-06 Reims-Dijon,2021-01-06,Matchweek 18,Wed,Away,D,0,0,Reims,332.0,445.0,74.6,5999.0,2128.0,150.0,177.0,84.7,139.0,172.0,80.8,39.0,80.0,48.8,0,0.2,0.2,5.0,24.0,3.0,1.0,23.0,21:00:00,/en/matches/170fb6b5/Reims-Dijon-January-6-2021-Ligue-1
FRA-Ligue 1,2021,Dijon,2021-01-09 Dijon-Marseille,2021-01-09,Matchweek 19,Sat,Home,D,0,0,Marseille,328.0,441.0,74.4,6062.0,2237.0,124.0,142.0,87.3,162.0,193.0,83.9,34.0,78.0,43.6,0,0.4,0.3,4.0,19.0,5.0,1.0,37.0,21:00:00,/en/matches/dfba70b7/Dijon-Marseille-January-9-2021-Ligue-1
FRA-Ligue 1,2021,Dijon,2021-01-24 Dijon-Strasbourg,2021-01-24,Matchweek 21,Sun,Home,D,1,1,Strasbourg,379.0,512.0,74.0,6912.0,2946.0,158.0,195.0,81.0,174.0,209.0,83.3,39.0,83.0,47.0,1,0.3,0.3,4.0,29.0,4.0,3.0,30.0,15:00:00,/en/matches/a7af930d/Dijon-Strasbourg-January-24-2021-Ligue-1
FRA-Ligue 1,2021,Dijon,2021-01-27 Lorient-Dijon,2021-01-27,Matchweek 20,Wed,Away,L,2,3,Lorient,323.0,442.0,73.1,5933.0,2450.0,155.0,185.0,83.8,128.0,158.0,81.0,40.0,84.0,47.6,2,1.3,1.3,7.0,24.0,4.0,0.0,23.0,21:00:00,/en/matches/5c367828/Lorient-Dijon-January-27-2021-Ligue-1
FRA-Ligue 1,2021,Dijon,2021-01-31 Lille-Dijon,2021-01-31,Matchweek 22,Sun,Away,L,0,1,Lille,395.0,515.0,76.7,7306.0,2576.0,156.0,181.0,86.2,192.0,228.0,84.2,43.0,83.0,51.8,0,0.3,0.3,7.0,30.0,3.0,1.0,32.0,17:00:00,/en/matches/46396f0f/Lille-Dijon-January-31-2021-Ligue-1
FRA-Ligue 1,2021,Dijon,2021-02-03 Dijon-Lyon,2021-02-03,Matchweek 23,Wed,Home,L,0,1,Lyon,326.0,419.0,77.8,5223.0,2340.0,166.0,188.0,88.3,110.0,134.0,82.1,29.0,59.0,49.2,0,1.0,0.8,10.0,22.0,5.0,2.0,33.0,21:00:00,/en/matches/bf694a73/Dijon-Lyon-February-3-2021-Ligue-1
FRA-Ligue 1,2021,Dijon,2021-02-07 Montpellier-Dijon,2021-02-07,Matchweek 24,Sun,Away,L,2,4,Montpellier,280.0,372.0,75.3,5262.0,2167.0,116.0,128.0,90.6,118.0,140.0,84.3,40.0,85.0,47.1,1,0.6,0.5,9.0,19.0,4.0,1.0,29.0,15:00:00,/en/matches/0fdbe73d/Montpellier-Dijon-February-7-2021-Ligue-1
FRA-Ligue 1,2021,Dijon,2021-02-14 Dijon-Nîmes,2021-02-14,Matchweek 25,Sun,Home,L,0,2,Nîmes,391.0,524.0,74.6,7016.0,3109.0,193.0,230.0,83.9,147.0,191.0,77.0,44.0,81.0,54.3,0,0.7,0.3,9.0,33.0,5.0,2.0,42.0,15:00:00,/en/matches/8382916d/Dijon-Nimes-February-14-2021-Ligue-1
FRA-Ligue 1,2021,Dijon,2021-02-21 Lens-Dijon,2021-02-21,Matchweek 26,Sun,Away,L,1,2,Lens,328.0,437.0,75.1,5933.0,2556.0,125.0,145.0,86.2,153.0,186.0,82.3,34.0,69.0,49.3,0,0.9,0.7,8.0,16.0,5.0,2.0,24.0,15:00:00,/en/matches/a8149604/Lens-Dijon-February-21-2021-Ligue-1
FRA-Ligue 1,2021,Dijon,2021-02-27 Dijon-Paris S-G,2021-02-27,Matchweek 27,Sat,Home,L,0,4,Paris S-G,368.0,437.0,84.2,5965.0,2490.0,198.0,217.0,91.2,130.0,147.0,88.4,33.0,55.0,60.0,0,0.2,0.2,4.0,21.0,2.0,1.0,25.0,17:00:00,/en/matches/968f9128/Dijon-Paris-Saint-Germain-February-27-2021-Ligue-1
FRA-Ligue 1,2021,Dijon,2021-03-03 Brest-Dijon,2021-03-03,Matchweek 28,Wed,Away,L,1,3,Brest,425.0,538.0,79.0,8221.0,2796.0,173.0,194.0,89.2,174.0,205.0,84.9,70.0,117.0,59.8,0,0.3,0.7,5.0,41.0,6.0,1.0,42.0,19:00:00,/en/matches/a5a70664/Brest-Dijon-March-3-2021-Ligue-1
FRA-Ligue 1,2021,Dijon,2021-03-14 Dijon-Bordeaux,2021-03-14,Matchweek 29,Sun,Home,L,1,3,Bordeaux,342.0,455.0,75.2,5998.0,2173.0,163.0,189.0,86.2,129.0,152.0,84.9,41.0,82.0,50.0,1,1.1,0.7,11.0,20.0,9.0,2.0,38.0,15:00:00,/en/matches/867d40f4/Dijon-Bordeaux-March-14-2021-Ligue-1
FRA-Ligue 1,2021,Dijon,2021-03-21 Dijon-Reims,2021-03-21,Matchweek 30,Sun,Home,L,0,1,Reims,438.0,558.0,78.5,8270.0,2931.0,164.0,193.0,85.0,205.0,233.0,88.0,55.0,93.0,59.1,0,0.9,0.9,10.0,28.0,12.0,6.0,36.0,15:00:00,/en/matches/212008ae/Dijon-Reims-March-21-2021-Ligue-1
FRA-Ligue 1,2021,Dijon,2021-04-04 Marseille-Dijon,2021-04-04,Matchweek 31,Sun,Away,L,0,2,Marseille,295.0,399.0,73.9,4903.0,1616.0,143.0,164.0,87.2,109.0,139.0,78.4,30.0,66.0,45.5,0,0.1,0.3,3.0,13.0,5.0,2.0,20.0,21:00:00,/en/matches/0e8e6b49/Marseille-Dijon-April-4-2021-Ligue-1
FRA-Ligue 1,2021,Dijon,2021-04-11 Monaco-Dijon,2021-04-11,Matchweek 32,Sun,Away,L,0,3,Monaco,284.0,392.0,72.4,5324.0,2183.0,131.0,159.0,82.4,111.0,132.0,84.1,39.0,78.0,50.0,0,0.5,0.2,5.0,18.0,1.0,1.0,25.0,17:05:00,/en/matches/24d1a5c7/Monaco-Dijon-April-11-2021-Ligue-1
FRA-Ligue 1,2021,Dijon,2021-04-18 Dijon-Nice,2021-04-18,Matchweek 33,Sun,Home,W,2,0,Nice,338.0,427.0,79.2,6497.0,2234.0,143.0,157.0,91.1,142.0,164.0,86.6,48.0,84.0,57.1,1,0.7,0.5,6.0,23.0,3.0,1.0,20.0,15:00:00,/en/matches/47537610/Dijon-Nice-April-18-2021-Ligue-1
FRA-Ligue 1,2021,Dijon,2021-04-25 Rennes-Dijon,2021-04-25,Matchweek 34,Sun,Away,L,1,5,Rennes,220.0,289.0,76.1,3943.0,1909.0,116.0,135.0,85.9,73.0,86.0,84.9,28.0,58.0,48.3,0,0.3,0.2,2.0,13.0,2.0,0.0,11.0,15:00:00,/en/matches/89bb1f81/Rennes-Dijon-April-25-2021-Ligue-1
FRA-Ligue 1,2021,Dijon,2021-05-02 Dijon-Metz,2021-05-02,Matchweek 35,Sun,Home,L,1,5,Metz,337.0,434.0,77.6,5932.0,2165.0,156.0,176.0,88.6,140.0,166.0,84.3,36.0,72.0,50.0,1,0.6,0.7,5.0,20.0,4.0,1.0,23.0,15:00:00,/en/matches/1a56a046/Dijon-Metz-May-2-2021-Ligue-1
FRA-Ligue 1,2021,Dijon,2021-05-09 Angers-Dijon,2021-05-09,Matchweek 36,Sun,Away,L,0,3,Angers,532.0,630.0,84.4,8648.0,2789.0,265.0,282.0,94.0,219.0,252.0,86.9,33.0,65.0,50.8,0,0.3,0.2,5.0,25.0,5.0,1.0,37.0,15:00:00,/en/matches/69721055/Angers-Dijon-May-9-2021-Ligue-1
FRA-Ligue 1,2021,Dijon,2021-05-16 Dijon-Nantes,2021-05-16,Matchweek 37,Sun,Home,L,0,4,Nantes,612.0,728.0,84.1,11470.0,3778.0,244.0,274.0,89.1,290.0,320.0,90.6,71.0,108.0,65.7,0,0.3,0.7,6.0,40.0,7.0,3.0,50.0,21:00:00,/en/matches/5b0be36c/Dijon-Nantes-May-16-2021-Ligue-1
FRA-Ligue 1,2021,Dijon,2021-05-23 Saint-Étienne-Dijon,2021-05-23,Matchweek 38,Sun,Away,W,1,0,Saint-Étienne,249.0,357.0,69.7,4755.0,2280.0,117.0,138.0,84.8,95.0,128.0,74.2,33.0,75.0,44.0,1,0.4,0.4,6.0,12.0,3.0,1.0,19.0,21:00:00,/en/matches/c40614b1/Saint-Etienne-Dijon-May-23-2021-Ligue-1
FRA-Ligue 1,2021,Lens,2020-08-23 Nice-Lens,2020-08-23,Matchweek 1,Sun,Away,L,1,2,Nice,328.0,412.0,79.6,6523.0,2301.0,123.0,140.0,87.9,138.0,156.0,88.5,54.0,91.0,59.3,0,2.1,1.4,10.0,26.0,11.0,6.0,26.0,17:00:00,/en/matches/b08ae3b2/Nice-Lens-August-23-2020-Ligue-1
FRA-Ligue 1,2021,Lens,2020-09-10 Lens-Paris S-G,2020-09-10,Matchweek 2,Thu,Home,W,1,0,Paris S-G,182.0,272.0,66.9,3523.0,1729.0,84.0,100.0,84.0,67.0,83.0,80.7,28.0,66.0,42.4,0,1.2,1.1,5.0,14.0,5.0,2.0,18.0,21:00:00,/en/matches/796787da/Lens-Paris-Saint-Germain-September-10-2020-Ligue-1
FRA-Ligue 1,2021,Lens,2020-09-13 Lorient-Lens,2020-09-13,Matchweek 3,Sun,Away,W,3,2,Lorient,350.0,457.0,76.6,6626.0,2613.0,146.0,162.0,90.1,149.0,178.0,83.7,45.0,89.0,50.6,2,1.0,0.8,6.0,26.0,6.0,2.0,39.0,15:00:00,/en/matches/5bf9af16/Lorient-Lens-September-13-2020-Ligue-1
FRA-Ligue 1,2021,Lens,2020-09-19 Lens-Bordeaux,2020-09-19,Matchweek 4,Sat,Home,W,2,1,Bordeaux,489.0,591.0,82.7,8532.0,2763.0,233.0,250.0,93.2,204.0,232.0,87.9,43.0,85.0,50.6,0,1.7,1.4,14.0,29.0,7.0,0.0,33.0,17:00:00,/en/matches/87a237ad/Lens-Bordeaux-September-19-2020-Ligue-1
FRA-Ligue 1,2021,Lens,2020-09-27 Nîmes-Lens,2020-09-27,Matchweek 5,Sun,Away,D,1,1,Nîmes,341.0,472.0,72.2,6474.0,2891.0,151.0,197.0,76.6,138.0,168.0,82.1,46.0,85.0,54.1,1,1.1,1.3,10.0,33.0,6.0,2.0,40.0,15:00:00,/en/matches/e4a4657c/Nimes-Lens-September-27-2020-Ligue-1
FRA-Ligue 1,2021,Lens,2020-10-03 Lens-Saint-Étienne,2020-10-03,Matchweek 6,Sat,Home,W,2,0,Saint-Étienne,485.0,587.0,82.6,9553.0,2982.0,157.0,178.0,88.2,251.0,268.0,93.7,63.0,106.0,59.4,1,0.7,0.8,10.0,41.0,6.0,1.0,48.0,17:00:00,/en/matches/d2f273bc/Lens-Saint-Etienne-October-3-2020-Ligue-1
FRA-Ligue 1,2021,Lens,2020-10-18 Lille-Lens,2020-10-18,Matchweek 7,Sun,Away,L,0,4,Lille,311.0,421.0,73.9,5714.0,1720.0,114.0,139.0,82.0,138.0,165.0,83.6,41.0,76.0,53.9,0,0.4,0.2,6.0,11.0,2.0,1.0,18.0,21:00:00,/en/matches/ec51cba1/Lille-Lens-October-18-2020-Ligue-1
FRA-Ligue 1,2021,Lens,2020-11-08 Lens-Reims,2020-11-08,Matchweek 10,Sun,Home,D,4,4,Reims,518.0,633.0,81.8,9686.0,2978.0,209.0,231.0,90.5,240.0,288.0,83.3,62.0,98.0,63.3,3,1.5,1.8,13.0,41.0,14.0,8.0,66.0,15:00:00,/en/matches/e2283e68/Lens-Reims-November-8-2020-Ligue-1
FRA-Ligue 1,2021,Lens,2020-11-22 Dijon-Lens,2020-11-22,Matchweek 11,Sun,Away,W,1,0,Dijon,389.0,501.0,77.6,7682.0,2867.0,149.0,173.0,86.1,187.0,224.0,83.5,50.0,87.0,57.5,0,0.4,0.5,5.0,29.0,6.0,2.0,34.0,15:00:00,/en/matches/42b0839c/Dijon-Lens-November-22-2020-Ligue-1
FRA-Ligue 1,2021,Lens,2020-11-25 Lens-Nantes,2020-11-25,Matchweek 8,Wed,Home,D,1,1,Nantes,348.0,481.0,72.3,7081.0,2678.0,123.0,159.0,77.4,171.0,204.0,83.8,51.0,96.0,53.1,1,0.7,0.8,3.0,31.0,5.0,1.0,32.0,19:00:00,/en/matches/fa32e765/Lens-Nantes-November-25-2020-Ligue-1
FRA-Ligue 1,2021,Lens,2020-11-29 Lens-Angers,2020-11-29,Matchweek 12,Sun,Home,L,1,3,Angers,579.0,672.0,86.2,9533.0,2918.0,267.0,298.0,89.6,255.0,278.0,91.7,37.0,59.0,62.7,1,1.1,1.0,8.0,49.0,9.0,4.0,57.0,15:00:00,/en/matches/034e6d97/Lens-Angers-November-29-2020-Ligue-1
FRA-Ligue 1,2021,Lens,2020-12-05 Rennes-Lens,2020-12-05,Matchweek 13,Sat,Away,W,2,0,Rennes,242.0,374.0,64.7,4436.0,2110.0,124.0,146.0,84.9,75.0,114.0,65.8,32.0,83.0,38.6,2,1.0,0.4,4.0,18.0,3.0,0.0,26.0,17:00:00,/en/matches/69560d5c/Rennes-Lens-December-5-2020-Ligue-1
FRA-Ligue 1,2021,Lens,2020-12-12 Lens-Montpellier,2020-12-12,Matchweek 14,Sat,Home,L,2,3,Montpellier,481.0,587.0,81.9,8830.0,2786.0,191.0,220.0,86.8,228.0,266.0,85.7,52.0,79.0,65.8,0,0.9,1.1,11.0,45.0,8.0,3.0,64.0,21:00:00,/en/matches/85b566d3/Lens-Montpellier-December-12-2020-Ligue-1
FRA-Ligue 1,2021,Lens,2020-12-16 Monaco-Lens,2020-12-16,Matchweek 15,Wed,Away,W,3,0,Monaco,647.0,740.0,87.4,12147.0,3346.0,248.0,271.0,91.5,313.0,339.0,92.3,78.0,104.0,75.0,3,1.2,0.7,6.0,32.0,4.0,2.0,36.0,21:00:00,/en/matches/46790907/Monaco-Lens-December-16-2020-Ligue-1
FRA-Ligue 1,2021,Lens,2020-12-19 Metz-Lens,2020-12-19,Matchweek 16,Sat,Away,L,0,2,Metz,435.0,552.0,78.8,7805.0,2951.0,174.0,202.0,86.1,220.0,258.0,85.3,36.0,69.0,52.2,0,1.1,0.6,13.0,37.0,7.0,2.0,51.0,17:00:00,/en/matches/26ba121c/Metz-Lens-December-19-2020-Ligue-1
FRA-Ligue 1,2021,Lens,2020-12-23 Lens-Brest,2020-12-23,Matchweek 17,Wed,Home,W,2,1,Brest,397.0,493.0,80.5,7693.0,2959.0,165.0,183.0,90.2,164.0,191.0,85.9,57.0,92.0,62.0,1,1.3,0.7,9.0,22.0,6.0,1.0,41.0,19:00:00,/en/matches/377dba57/Lens-Brest-December-23-2020-Ligue-1
FRA-Ligue 1,2021,Lens,2021-01-06 Lyon-Lens,2021-01-06,Matchweek 18,Wed,Away,L,2,3,Lyon,379.0,472.0,80.3,6727.0,2141.0,176.0,204.0,86.3,159.0,178.0,89.3,35.0,66.0,53.0,2,0.7,0.5,9.0,22.0,5.0,2.0,34.0,21:00:00,/en/matches/4dd5ba55/Lyon-Lens-January-6-2021-Ligue-1
FRA-Ligue 1,2021,Lens,2021-01-09 Lens-Strasbourg,2021-01-09,Matchweek 19,Sat,Home,L,0,1,Strasbourg,536.0,642.0,83.5,9533.0,2891.0,227.0,266.0,85.3,253.0,281.0,90.0,47.0,66.0,71.2,0,0.4,0.6,7.0,40.0,9.0,3.0,64.0,21:00:00,/en/matches/ab3944d1/Lens-Strasbourg-January-9-2021-Ligue-1
FRA-Ligue 1,2021,Lens,2021-01-17 Nantes-Lens,2021-01-17,Matchweek 20,Sun,Away,D,1,1,Nantes,445.0,548.0,81.2,7880.0,2765.0,192.0,219.0,87.7,197.0,225.0,87.6,42.0,72.0,58.3,1,0.4,1.3,5.0,40.0,10.0,4.0,60.0,15:00:00,/en/matches/f44eea60/Nantes-Lens-January-17-2021-Ligue-1
FRA-Ligue 1,2021,Lens,2021-01-20 Marseille-Lens,2021-01-20,Matchweek 9,Wed,Away,W,1,0,Marseille,464.0,562.0,82.6,7750.0,2473.0,220.0,241.0,91.3,195.0,217.0,89.9,35.0,65.0,53.8,1,0.7,0.8,9.0,26.0,6.0,2.0,38.0,21:00:00,/en/matches/9f341fc9/Marseille-Lens-January-20-2021-Ligue-1
FRA-Ligue 1,2021,Lens,2021-01-23 Lens-Nice,2021-01-23,Matchweek 21,Sat,Home,L,0,1,Nice,462.0,564.0,81.9,8119.0,2822.0,194.0,219.0,88.6,198.0,226.0,87.6,51.0,75.0,68.0,0,0.7,0.8,10.0,31.0,9.0,4.0,55.0,17:00:00,/en/matches/f3f0a09c/Lens-Nice-January-23-2021-Ligue-1
FRA-Ligue 1,2021,Lens,2021-01-30 Montpellier-Lens,2021-01-30,Matchweek 22,Sat,Away,W,2,1,Montpellier,279.0,373.0,74.8,5337.0,2246.0,124.0,151.0,82.1,116.0,138.0,84.1,35.0,67.0,52.2,1,0.6,0.5,8.0,17.0,6.0,1.0,27.0,17:00:00,/en/matches/93d96e5c/Montpellier-Lens-January-30-2021-Ligue-1
FRA-Ligue 1,2021,Lens,2021-02-03 Lens-Marseille,2021-02-03,Matchweek 23,Wed,Home,D,2,2,Marseille,453.0,564.0,80.3,8179.0,3040.0,188.0,219.0,85.8,213.0,247.0,86.2,45.0,84.0,53.6,2,1.1,1.0,15.0,44.0,12.0,5.0,49.0,21:00:00,/en/matches/0042c990/Lens-Marseille-February-3-2021-Ligue-1
FRA-Ligue 1,2021,Lens,2021-02-06 Lens-Rennes,2021-02-06,Matchweek 24,Sat,Home,D,0,0,Rennes,463.0,571.0,81.1,8440.0,2659.0,187.0,210.0,89.0,206.0,236.0,87.3,54.0,85.0,63.5,0,0.3,0.5,6.0,30.0,4.0,2.0,32.0,21:00:00,/en/matches/1a65ddc8/Lens-Rennes-February-6-2021-Ligue-1
FRA-Ligue 1,2021,Lens,2021-02-13 Reims-Lens,2021-02-13,Matchweek 25,Sat,Away,D,1,1,Reims,479.0,591.0,81.0,8384.0,2501.0,194.0,221.0,87.8,208.0,247.0,84.2,48.0,69.0,69.6,1,2.4,2.8,12.0,42.0,12.0,4.0,61.0,19:00:00,/en/matches/26bbc16f/Reims-Lens-February-13-2021-Ligue-1
FRA-Ligue 1,2021,Lens,2021-02-21 Lens-Dijon,2021-02-21,Matchweek 26,Sun,Home,W,2,1,Dijon,427.0,522.0,81.8,7724.0,2869.0,196.0,219.0,89.5,165.0,193.0,85.5,51.0,85.0,60.0,1,0.9,0.8,9.0,33.0,9.0,3.0,41.0,15:00:00,/en/matches/a8149604/Lens-Dijon-February-21-2021-Ligue-1
FRA-Ligue 1,2021,Lens,2021-02-28 Angers-Lens,2021-02-28,Matchweek 27,Sun,Away,D,2,2,Angers,397.0,503.0,78.9,7305.0,2686.0,160.0,184.0,87.0,194.0,231.0,84.0,39.0,70.0,55.7,2,1.2,1.0,11.0,43.0,12.0,6.0,69.0,15:00:00,/en/matches/f1956473/Angers-Lens-February-28-2021-Ligue-1
FRA-Ligue 1,2021,Lens,2021-03-03 Saint-Étienne-Lens,2021-03-03,Matchweek 28,Wed,Away,W,3,2,Saint-Étienne,229.0,319.0,71.8,4077.0,1465.0,94.0,117.0,80.3,97.0,117.0,82.9,24.0,56.0,42.9,2,1.1,0.5,8.0,14.0,4.0,1.0,20.0,19:00:00,/en/matches/9bb6cda9/Saint-Etienne-Lens-March-3-2021-Ligue-1
FRA-Ligue 1,2021,Lens,2021-03-14 Lens-Metz,2021-03-14,Matchweek 29,Sun,Home,D,2,2,Metz,398.0,505.0,78.8,7645.0,2732.0,148.0,176.0,84.1,198.0,231.0,85.7,46.0,72.0,63.9,1,2.0,1.1,11.0,36.0,8.0,3.0,48.0,15:00:00,/en/matches/131423e4/Lens-Metz-March-14-2021-Ligue-1
FRA-Ligue 1,2021,Lens,2021-03-21 Strasbourg-Lens,2021-03-21,Matchweek 30,Sun,Away,W,2,1,Strasbourg,264.0,361.0,73.1,5281.0,2390.0,85.0,106.0,80.2,142.0,173.0,82.1,34.0,68.0,50.0,2,1.8,0.4,9.0,22.0,5.0,0.0,41.0,13:00:00,/en/matches/c22925df/Strasbourg-Lens-March-21-2021-Ligue-1
FRA-Ligue 1,2021,Lens,2021-04-03 Lens-Lyon,2021-04-03,Matchweek 31,Sat,Home,D,1,1,Lyon,320.0,425.0,75.3,6341.0,2409.0,121.0,138.0,87.7,135.0,165.0,81.8,54.0,94.0,57.4,1,0.7,0.6,9.0,23.0,3.0,1.0,31.0,21:00:00,/en/matches/52a508da/Lens-Lyon-April-3-2021-Ligue-1
FRA-Ligue 1,2021,Lens,2021-04-11 Lens-Lorient,2021-04-11,Matchweek 32,Sun,Home,W,4,1,Lorient,280.0,364.0,76.9,4823.0,2186.0,135.0,158.0,85.4,109.0,132.0,82.6,25.0,43.0,58.1,0,1.0,1.0,9.0,12.0,7.0,0.0,29.0,15:00:00,/en/matches/8bd928a1/Lens-Lorient-April-11-2021-Ligue-1
FRA-Ligue 1,2021,Lens,2021-04-18 Brest-Lens,2021-04-18,Matchweek 33,Sun,Away,D,1,1,Brest,366.0,465.0,78.7,6618.0,2558.0,148.0,170.0,87.1,171.0,194.0,88.1,36.0,76.0,47.4,0,0.4,1.2,5.0,33.0,5.0,0.0,46.0,15:00:00,/en/matches/0e79fe5c/Brest-Lens-April-18-2021-Ligue-1
FRA-Ligue 1,2021,Lens,2021-04-25 Lens-Nîmes,2021-04-25,Matchweek 34,Sun,Home,W,2,1,Nîmes,305.0,405.0,75.3,5199.0,1918.0,149.0,177.0,84.2,104.0,121.0,86.0,33.0,64.0,51.6,2,0.5,0.4,5.0,19.0,3.0,1.0,24.0,15:00:00,/en/matches/986bbf2c/Lens-Nimes-April-25-2021-Ligue-1
FRA-Ligue 1,2021,Lens,2021-05-01 Paris S-G-Lens,2021-05-01,Matchweek 35,Sat,Away,L,1,2,Paris S-G,361.0,428.0,84.3,6544.0,2193.0,161.0,176.0,91.5,146.0,168.0,86.9,43.0,60.0,71.7,1,1.7,1.0,14.0,25.0,10.0,2.0,43.0,17:00:00,/en/matches/315d82a9/Paris-Saint-Germain-Lens-May-1-2021-Ligue-1
FRA-Ligue 1,2021,Lens,2021-05-07 Lens-Lille,2021-05-07,Matchweek 36,Fri,Home,L,0,3,Lille,472.0,539.0,87.6,8936.0,2739.0,173.0,193.0,89.6,254.0,271.0,93.7,43.0,67.0,64.2,0,0.8,0.7,9.0,30.0,7.0,4.0,46.0,21:00:00,/en/matches/d1eeec68/Lens-Lille-May-7-2021-Ligue-1
FRA-Ligue 1,2021,Lens,2021-05-16 Bordeaux-Lens,2021-05-16,Matchweek 37,Sun,Away,L,0,3,Bordeaux,517.0,623.0,83.0,9116.0,2778.0,229.0,261.0,87.7,213.0,246.0,86.6,58.0,85.0,68.2,0,1.1,1.0,10.0,56.0,10.0,5.0,60.0,21:00:00,/en/matches/a4d53306/Bordeaux-Lens-May-16-2021-Ligue-1
FRA-Ligue 1,2021,Lens,2021-05-23 Lens-Monaco,2021-05-23,Matchweek 38,Sun,Home,D,0,0,Monaco,260.0,366.0,71.0,4651.0,1795.0,124.0,155.0,80.0,102.0,129.0,79.1,29.0,62.0,46.8,0,0.2,0.3,4.0,10.0,3.0,0.0,20.0,21:00:00,/en/matches/d8330dc2/Lens-Monaco-May-23-2021-Ligue-1
FRA-Ligue 1,2021,Lille,2020-08-22 Lille-Rennes,2020-08-22,Matchweek 1,Sat,Home,D,1,1,Rennes,453.0,552.0,82.1,7831.0,2315.0,199.0,206.0,96.6,181.0,207.0,87.4,42.0,79.0,53.2,1,0.4,0.3,5.0,27.0,1.0,1.0,29.0,21:00:00,/en/matches/50ec2fcc/Lille-Rennes-August-22-2020-Ligue-1
FRA-Ligue 1,2021,Lille,2020-08-30 Reims-Lille,2020-08-30,Matchweek 2,Sun,Away,W,1,0,Reims,464.0,570.0,81.4,7825.0,3007.0,225.0,262.0,85.9,187.0,209.0,89.5,37.0,69.0,53.6,1,0.8,0.6,7.0,21.0,1.0,1.0,26.0,13:00:00,/en/matches/c25931b4/Reims-Lille-August-30-2020-Ligue-1
FRA-Ligue 1,2021,Lille,2020-09-13 Lille-Metz,2020-09-13,Matchweek 3,Sun,Home,W,1,0,Metz,491.0,612.0,80.2,8063.0,3030.0,258.0,287.0,89.9,188.0,225.0,83.6,35.0,71.0,49.3,1,1.4,1.3,13.0,55.0,6.0,1.0,54.0,13:00:00,/en/matches/99507b5a/Lille-Metz-September-13-2020-Ligue-1
FRA-Ligue 1,2021,Lille,2020-09-20 Marseille-Lille,2020-09-20,Matchweek 4,Sun,Away,D,1,1,Marseille,326.0,435.0,74.9,5830.0,2375.0,137.0,166.0,82.5,136.0,160.0,85.0,36.0,80.0,45.0,1,1.4,1.8,13.0,26.0,5.0,3.0,37.0,21:00:00,/en/matches/f0f694dd/Marseille-Lille-September-20-2020-Ligue-1
FRA-Ligue 1,2021,Lille,2020-09-25 Lille-Nantes,2020-09-25,Matchweek 5,Fri,Home,W,2,0,Nantes,417.0,538.0,77.5,7112.0,2664.0,185.0,214.0,86.4,173.0,211.0,82.0,40.0,78.0,51.3,0,0.9,1.3,7.0,32.0,8.0,0.0,44.0,21:00:00,/en/matches/896d1952/Lille-Nantes-September-25-2020-Ligue-1
FRA-Ligue 1,2021,Lille,2020-10-04 Strasbourg-Lille,2020-10-04,Matchweek 6,Sun,Away,W,3,0,Strasbourg,459.0,554.0,82.9,7050.0,2747.0,255.0,281.0,90.7,160.0,184.0,87.0,27.0,56.0,48.2,1,1.1,1.1,8.0,32.0,9.0,1.0,31.0,15:00:00,/en/matches/e42b3f6a/Strasbourg-Lille-October-4-2020-Ligue-1
FRA-Ligue 1,2021,Lille,2020-10-18 Lille-Lens,2020-10-18,Matchweek 7,Sun,Home,W,4,0,Lens,461.0,558.0,82.6,7427.0,2583.0,217.0,234.0,92.7,175.0,204.0,85.8,41.0,67.0,61.2,2,1.5,0.6,10.0,28.0,3.0,1.0,40.0,21:00:00,/en/matches/ec51cba1/Lille-Lens-October-18-2020-Ligue-1
FRA-Ligue 1,2021,Lille,2020-10-25 Nice-Lille,2020-10-25,Matchweek 8,Sun,Away,D,1,1,Nice,450.0,523.0,86.0,7207.0,2132.0,237.0,251.0,94.4,156.0,171.0,91.2,35.0,57.0,61.4,1,0.6,0.3,10.0,38.0,4.0,1.0,27.0,17:00:00,/en/matches/fe7339cb/Nice-Lille-October-25-2020-Ligue-1
FRA-Ligue 1,2021,Lille,2020-11-01 Lille-Lyon,2020-11-01,Matchweek 9,Sun,Home,D,1,1,Lyon,563.0,660.0,85.3,10575.0,3613.0,235.0,255.0,92.2,256.0,285.0,89.8,63.0,98.0,64.3,1,0.5,0.8,13.0,82.0,6.0,1.0,64.0,21:00:00,/en/matches/10d8666c/Lille-Lyon-November-1-2020-Ligue-1
FRA-Ligue 1,2021,Lille,2020-11-08 Brest-Lille,2020-11-08,Matchweek 10,Sun,Away,L,2,3,Brest,517.0,610.0,84.8,8462.0,3148.0,254.0,278.0,91.4,195.0,220.0,88.6,41.0,69.0,59.4,1,1.7,1.8,16.0,55.0,15.0,3.0,80.0,13:00:00,/en/matches/bb44bdba/Brest-Lille-November-8-2020-Ligue-1
FRA-Ligue 1,2021,Lille,2020-11-22 Lille-Lorient,2020-11-22,Matchweek 11,Sun,Home,W,4,0,Lorient,632.0,744.0,84.9,10655.0,3541.0,303.0,327.0,92.7,253.0,281.0,90.0,55.0,91.0,60.4,4,3.5,2.4,28.0,62.0,19.0,5.0,70.0,21:00:00,/en/matches/89a4df99/Lille-Lorient-November-22-2020-Ligue-1
FRA-Ligue 1,2021,Lille,2020-11-29 Saint-Étienne-Lille,2020-11-29,Matchweek 12,Sun,Away,D,1,1,Saint-Étienne,492.0,626.0,78.6,8938.0,2875.0,219.0,255.0,85.9,216.0,256.0,84.4,52.0,88.0,59.1,1,0.4,0.7,7.0,47.0,4.0,1.0,49.0,21:00:00,/en/matches/03d07003/Saint-Etienne-Lille-November-29-2020-Ligue-1
FRA-Ligue 1,2021,Lille,2020-12-06 Lille-Monaco,2020-12-06,Matchweek 13,Sun,Home,W,2,1,Monaco,366.0,465.0,78.7,6853.0,2401.0,149.0,169.0,88.2,155.0,189.0,82.0,50.0,82.0,61.0,2,1.2,0.4,8.0,36.0,3.0,0.0,33.0,13:00:00,/en/matches/5c353be0/Lille-Monaco-December-6-2020-Ligue-1
FRA-Ligue 1,2021,Lille,2020-12-13 Lille-Bordeaux,2020-12-13,Matchweek 14,Sun,Home,W,2,1,Bordeaux,473.0,579.0,81.7,8444.0,2863.0,214.0,246.0,87.0,183.0,205.0,89.3,59.0,87.0,67.8,2,0.9,0.9,10.0,43.0,15.0,4.0,45.0,17:00:00,/en/matches/94846b32/Lille-Bordeaux-December-13-2020-Ligue-1
FRA-Ligue 1,2021,Lille,2020-12-16 Dijon-Lille,2020-12-16,Matchweek 15,Wed,Away,W,2,0,Dijon,418.0,522.0,80.1,7500.0,2471.0,184.0,214.0,86.0,177.0,198.0,89.4,47.0,84.0,56.0,1,0.7,0.7,7.0,30.0,7.0,3.0,35.0,19:00:00,/en/matches/1be4c827/Dijon-Lille-December-16-2020-Ligue-1
FRA-Ligue 1,2021,Lille,2020-12-20 Lille-Paris S-G,2020-12-20,Matchweek 16,Sun,Home,D,0,0,Paris S-G,272.0,359.0,75.8,4489.0,1851.0,133.0,149.0,89.3,88.0,113.0,77.9,31.0,64.0,48.4,0,0.4,0.4,5.0,17.0,3.0,0.0,23.0,21:00:00,/en/matches/77f35879/Lille-Paris-Saint-Germain-December-20-2020-Ligue-1
FRA-Ligue 1,2021,Lille,2020-12-23 Montpellier-Lille,2020-12-23,Matchweek 17,Wed,Away,W,3,2,Montpellier,426.0,510.0,83.5,7783.0,2634.0,194.0,215.0,90.2,158.0,173.0,91.3,60.0,91.0,65.9,2,1.0,0.9,7.0,38.0,4.0,1.0,33.0,21:00:00,/en/matches/18198e56/Montpellier-Lille-December-23-2020-Ligue-1
FRA-Ligue 1,2021,Lille,2021-01-06 Lille-Angers,2021-01-06,Matchweek 18,Wed,Home,L,1,2,Angers,575.0,711.0,80.9,9398.0,3133.0,266.0,312.0,85.3,223.0,255.0,87.5,52.0,83.0,62.7,1,0.3,0.6,4.0,49.0,5.0,0.0,55.0,21:00:00,/en/matches/3045cf73/Lille-Angers-January-6-2021-Ligue-1
FRA-Ligue 1,2021,Lille,2021-01-09 Nîmes-Lille,2021-01-09,Matchweek 19,Sat,Away,W,1,0,Nîmes,456.0,559.0,81.6,8260.0,2660.0,209.0,238.0,87.8,192.0,219.0,87.7,50.0,83.0,60.2,0,0.5,0.6,8.0,37.0,4.0,1.0,41.0,21:00:00,/en/matches/292bb1da/Nimes-Lille-January-9-2021-Ligue-1
FRA-Ligue 1,2021,Lille,2021-01-17 Lille-Reims,2021-01-17,Matchweek 20,Sun,Home,W,2,1,Reims,578.0,680.0,85.0,8967.0,2769.0,276.0,306.0,90.2,211.0,230.0,91.7,42.0,73.0,57.5,0,0.7,0.9,14.0,46.0,12.0,1.0,53.0,17:00:00,/en/matches/19eb6375/Lille-Reims-January-17-2021-Ligue-1
FRA-Ligue 1,2021,Lille,2021-01-24 Rennes-Lille,2021-01-24,Matchweek 21,Sun,Away,W,1,0,Rennes,220.0,344.0,64.0,4106.0,1733.0,89.0,105.0,84.8,100.0,141.0,70.9,25.0,67.0,37.3,0,0.2,0.3,5.0,13.0,3.0,0.0,24.0,17:00:00,/en/matches/16b98c65/Rennes-Lille-January-24-2021-Ligue-1
FRA-Ligue 1,2021,Lille,2021-01-31 Lille-Dijon,2021-01-31,Matchweek 22,Sun,Home,W,1,0,Dijon,605.0,729.0,83.0,10435.0,3380.0,276.0,311.0,88.7,267.0,299.0,89.3,52.0,90.0,57.8,0,1.0,1.2,9.0,44.0,5.0,2.0,48.0,17:00:00,/en/matches/46396f0f/Lille-Dijon-January-31-2021-Ligue-1
FRA-Ligue 1,2021,Lille,2021-02-03 Bordeaux-Lille,2021-02-03,Matchweek 23,Wed,Away,W,3,0,Bordeaux,420.0,511.0,82.2,7407.0,2364.0,190.0,207.0,91.8,185.0,213.0,86.9,36.0,74.0,48.6,3,1.6,1.0,9.0,30.0,5.0,2.0,40.0,19:00:00,/en/matches/cbaa8ed9/Bordeaux-Lille-February-3-2021-Ligue-1
FRA-Ligue 1,2021,Lille,2021-02-07 Nantes-Lille,2021-02-07,Matchweek 24,Sun,Away,W,2,0,Nantes,472.0,594.0,79.5,8054.0,2692.0,231.0,263.0,87.8,183.0,214.0,85.5,43.0,92.0,46.7,1,1.1,0.8,11.0,30.0,11.0,2.0,42.0,17:00:00,/en/matches/45c836f2/Nantes-Lille-February-7-2021-Ligue-1
FRA-Ligue 1,2021,Lille,2021-02-14 Lille-Brest,2021-02-14,Matchweek 25,Sun,Home,D,0,0,Brest,627.0,741.0,84.6,11035.0,3215.0,268.0,297.0,90.2,289.0,317.0,91.2,57.0,94.0,60.6,0,0.7,1.4,12.0,71.0,10.0,3.0,71.0,17:00:00,/en/matches/6be3223a/Lille-Brest-February-14-2021-Ligue-1
FRA-Ligue 1,2021,Lille,2021-02-21 Lorient-Lille,2021-02-21,Matchweek 26,Sun,Away,W,4,1,Lorient,488.0,597.0,81.7,8127.0,2453.0,206.0,227.0,90.7,194.0,216.0,89.8,46.0,86.0,53.5,1,0.7,0.8,10.0,26.0,4.0,1.0,35.0,17:00:00,/en/matches/e085fcab/Lorient-Lille-February-21-2021-Ligue-1
FRA-Ligue 1,2021,Lille,2021-02-28 Lille-Strasbourg,2021-02-28,Matchweek 27,Sun,Home,D,1,1,Strasbourg,572.0,701.0,81.6,9290.0,3378.0,285.0,333.0,85.6,213.0,249.0,85.5,50.0,82.0,61.0,1,1.0,1.1,11.0,59.0,11.0,4.0,65.0,17:00:00,/en/matches/89db6c90/Lille-Strasbourg-February-28-2021-Ligue-1
FRA-Ligue 1,2021,Lille,2021-03-03 Lille-Marseille,2021-03-03,Matchweek 28,Wed,Home,W,2,0,Marseille,497.0,622.0,79.9,8572.0,2908.0,232.0,267.0,86.9,210.0,246.0,85.4,45.0,84.0,53.6,1,1.7,0.9,16.0,42.0,10.0,3.0,53.0,21:00:00,/en/matches/734bdddc/Lille-Marseille-March-3-2021-Ligue-1
FRA-Ligue 1,2021,Lille,2021-03-14 Monaco-Lille,2021-03-14,Matchweek 29,Sun,Away,D,0,0,Monaco,319.0,420.0,76.0,5363.0,2122.0,163.0,189.0,86.2,100.0,120.0,83.3,37.0,72.0,51.4,0,0.1,0.1,3.0,19.0,1.0,0.0,20.0,17:05:00,/en/matches/ae299f0e/Monaco-Lille-March-14-2021-Ligue-1
FRA-Ligue 1,2021,Lille,2021-03-21 Lille-Nîmes,2021-03-21,Matchweek 30,Sun,Home,L,1,2,Nîmes,675.0,801.0,84.3,12356.0,3912.0,283.0,319.0,88.7,297.0,338.0,87.9,81.0,111.0,73.0,1,0.9,2.1,13.0,79.0,11.0,4.0,84.0,17:05:00,/en/matches/4af73870/Lille-Nimes-March-21-2021-Ligue-1
FRA-Ligue 1,2021,Lille,2021-04-03 Paris S-G-Lille,2021-04-03,Matchweek 31,Sat,Away,W,1,0,Paris S-G,258.0,348.0,74.1,4253.0,1639.0,132.0,145.0,91.0,86.0,110.0,78.2,27.0,64.0,42.2,1,0.5,0.2,3.0,13.0,3.0,0.0,11.0,17:00:00,/en/matches/cfa66277/Paris-Saint-Germain-Lille-April-3-2021-Ligue-1
FRA-Ligue 1,2021,Lille,2021-04-09 Metz-Lille,2021-04-09,Matchweek 32,Fri,Away,W,2,0,Metz,343.0,454.0,75.6,5252.0,2357.0,172.0,209.0,82.3,119.0,146.0,81.5,25.0,54.0,46.3,2,0.6,0.4,9.0,29.0,2.0,0.0,31.0,21:00:00,/en/matches/be261d66/Metz-Lille-April-9-2021-Ligue-1
FRA-Ligue 1,2021,Lille,2021-04-16 Lille-Montpellier,2021-04-16,Matchweek 33,Fri,Home,D,1,1,Montpellier,533.0,658.0,81.0,8690.0,3312.0,260.0,295.0,88.1,211.0,245.0,86.1,41.0,74.0,55.4,1,1.1,0.8,16.0,55.0,11.0,1.0,73.0,21:00:00,/en/matches/283e5426/Lille-Montpellier-April-16-2021-Ligue-1
FRA-Ligue 1,2021,Lille,2021-04-25 Lyon-Lille,2021-04-25,Matchweek 34,Sun,Away,W,3,2,Lyon,525.0,614.0,85.5,9029.0,3158.0,266.0,291.0,91.4,199.0,227.0,87.7,52.0,74.0,70.3,1,1.1,1.3,12.0,35.0,8.0,2.0,48.0,21:00:00,/en/matches/b312c935/Lyon-Lille-April-25-2021-Ligue-1
FRA-Ligue 1,2021,Lille,2021-05-01 Lille-Nice,2021-05-01,Matchweek 35,Sat,Home,W,2,0,Nice,576.0,656.0,87.8,10283.0,2956.0,246.0,269.0,91.4,284.0,296.0,95.9,40.0,70.0,57.1,1,0.6,1.0,9.0,43.0,9.0,3.0,37.0,21:00:00,/en/matches/6a9a2087/Lille-Nice-May-1-2021-Ligue-1
FRA-Ligue 1,2021,Lille,2021-05-07 Lens-Lille,2021-05-07,Matchweek 36,Fri,Away,W,3,0,Lens,496.0,561.0,88.4,8521.0,2456.0,233.0,251.0,92.8,196.0,211.0,92.9,46.0,65.0,70.8,1,0.3,0.9,6.0,29.0,4.0,1.0,30.0,21:00:00,/en/matches/d1eeec68/Lens-Lille-May-7-2021-Ligue-1
FRA-Ligue 1,2021,Lille,2021-05-16 Lille-Saint-Étienne,2021-05-16,Matchweek 37,Sun,Home,D,0,0,Saint-Étienne,538.0,646.0,83.3,9915.0,2943.0,219.0,241.0,90.9,255.0,290.0,87.9,58.0,92.0,63.0,0,0.7,0.7,8.0,56.0,8.0,1.0,60.0,21:00:00,/en/matches/ccd8f1fe/Lille-Saint-Etienne-May-16-2021-Ligue-1
FRA-Ligue 1,2021,Lille,2021-05-23 Angers-Lille,2021-05-23,Matchweek 38,Sun,Away,W,2,1,Angers,433.0,528.0,82.0,5976.0,2063.0,242.0,264.0,91.7,144.0,166.0,86.7,12.0,43.0,27.9,1,0.8,0.1,3.0,14.0,1.0,0.0,19.0,21:00:00,/en/matches/4aa8aaab/Angers-Lille-May-23-2021-Ligue-1
FRA-Ligue 1,2021,Lorient,2020-08-23 Lorient-Strasbourg,2020-08-23,Matchweek 1,Sun,Home,W,3,1,Strasbourg,359.0,452.0,79.4,6650.0,2494.0,149.0,172.0,86.6,169.0,189.0,89.4,35.0,71.0,49.3,1,1.6,1.6,5.0,27.0,6.0,3.0,36.0,15:00:00,/en/matches/f96cd5a0/Lorient-Strasbourg-August-23-2020-Ligue-1
FRA-Ligue 1,2021,Lorient,2020-08-30 Saint-Étienne-Lorient,2020-08-30,Matchweek 2,Sun,Away,L,0,2,Saint-Étienne,334.0,437.0,76.4,6067.0,2234.0,127.0,146.0,87.0,166.0,193.0,86.0,33.0,69.0,47.8,0,0.2,0.2,4.0,25.0,4.0,2.0,37.0,15:00:00,/en/matches/9b7fa4e1/Saint-Etienne-Lorient-August-30-2020-Ligue-1
FRA-Ligue 1,2021,Lorient,2020-09-13 Lorient-Lens,2020-09-13,Matchweek 3,Sun,Home,L,2,3,Lens,290.0,406.0,71.4,5335.0,2011.0,116.0,143.0,81.1,128.0,152.0,84.2,36.0,84.0,42.9,1,0.1,0.4,3.0,27.0,3.0,0.0,30.0,15:00:00,/en/matches/5bf9af16/Lorient-Lens-September-13-2020-Ligue-1
FRA-Ligue 1,2021,Lorient,2020-09-20 Brest-Lorient,2020-09-20,Matchweek 4,Sun,Away,L,2,3,Brest,302.0,415.0,72.8,4925.0,2282.0,146.0,174.0,83.9,114.0,142.0,80.3,28.0,68.0,41.2,1,1.6,0.7,8.0,15.0,4.0,2.0,18.0,15:00:00,/en/matches/addca7be/Brest-Lorient-September-20-2020-Ligue-1
FRA-Ligue 1,2021,Lorient,2020-09-27 Lorient-Lyon,2020-09-27,Matchweek 5,Sun,Home,D,1,1,Lyon,237.0,333.0,71.2,4689.0,2050.0,96.0,123.0,78.0,93.0,111.0,83.8,40.0,78.0,51.3,1,0.3,0.4,4.0,14.0,5.0,1.0,17.0,17:00:00,/en/matches/961244d7/Lorient-Lyon-September-27-2020-Ligue-1
FRA-Ligue 1,2021,Lorient,2020-10-04 Metz-Lorient,2020-10-04,Matchweek 6,Sun,Away,L,1,3,Metz,319.0,426.0,74.9,5378.0,2456.0,160.0,189.0,84.7,126.0,158.0,79.7,26.0,64.0,40.6,0,0.3,0.4,6.0,23.0,3.0,2.0,29.0,15:00:00,/en/matches/c14d22d4/Metz-Lorient-October-4-2020-Ligue-1
FRA-Ligue 1,2021,Lorient,2020-10-17 Reims-Lorient,2020-10-17,Matchweek 7,Sat,Away,W,3,1,Reims,322.0,439.0,73.3,6116.0,2102.0,126.0,144.0,87.5,142.0,177.0,80.2,47.0,93.0,50.5,1,1.1,1.0,5.0,20.0,5.0,1.0,35.0,17:00:00,/en/matches/db1bb52f/Reims-Lorient-October-17-2020-Ligue-1
FRA-Ligue 1,2021,Lorient,2020-10-24 Lorient-Marseille,2020-10-24,Matchweek 8,Sat,Home,L,0,1,Marseille,235.0,346.0,67.9,4328.0,2102.0,119.0,147.0,81.0,75.0,98.0,76.5,33.0,74.0,44.6,0,0.4,0.5,9.0,19.0,5.0,4.0,25.0,17:00:00,/en/matches/647d6f74/Lorient-Marseille-October-24-2020-Ligue-1
FRA-Ligue 1,2021,Lorient,2020-11-01 Dijon-Lorient,2020-11-01,Matchweek 9,Sun,Away,D,0,0,Dijon,339.0,456.0,74.3,5949.0,2499.0,147.0,170.0,86.5,139.0,173.0,80.3,37.0,83.0,44.6,0,0.4,0.4,7.0,25.0,3.0,2.0,31.0,15:00:00,/en/matches/6a968321/Dijon-Lorient-November-1-2020-Ligue-1
FRA-Ligue 1,2021,Lorient,2020-11-08 Lorient-Nantes,2020-11-08,Matchweek 10,Sun,Home,L,0,2,Nantes,312.0,446.0,70.0,5776.0,2396.0,140.0,169.0,82.8,127.0,160.0,79.4,37.0,90.0,41.1,0,1.6,0.9,14.0,28.0,5.0,2.0,32.0,15:00:00,/en/matches/c878186f/Lorient-Nantes-November-8-2020-Ligue-1
FRA-Ligue 1,2021,Lorient,2020-11-22 Lille-Lorient,2020-11-22,Matchweek 11,Sun,Away,L,0,4,Lille,324.0,424.0,76.4,5708.0,2100.0,140.0,158.0,88.6,146.0,173.0,84.4,33.0,76.0,43.4,0,0.8,0.8,4.0,12.0,1.0,0.0,17.0,21:00:00,/en/matches/89a4df99/Lille-Lorient-November-22-2020-Ligue-1
FRA-Ligue 1,2021,Lorient,2020-11-29 Lorient-Montpellier,2020-11-29,Matchweek 12,Sun,Home,L,0,1,Montpellier,293.0,401.0,73.1,5113.0,2170.0,143.0,166.0,86.1,116.0,140.0,82.9,28.0,75.0,37.3,0,0.4,0.5,7.0,21.0,6.0,1.0,21.0,15:00:00,/en/matches/5ede6719/Lorient-Montpellier-November-29-2020-Ligue-1
FRA-Ligue 1,2021,Lorient,2020-12-06 Angers-Lorient,2020-12-06,Matchweek 13,Sun,Away,L,0,2,Angers,399.0,532.0,75.0,7441.0,2797.0,179.0,205.0,87.3,165.0,204.0,80.9,53.0,103.0,51.5,0,0.5,0.7,10.0,29.0,6.0,1.0,42.0,15:00:00,/en/matches/2053773e/Angers-Lorient-December-6-2020-Ligue-1
FRA-Ligue 1,2021,Lorient,2020-12-13 Lorient-Nîmes,2020-12-13,Matchweek 14,Sun,Home,W,3,0,Nîmes,325.0,443.0,73.4,5383.0,2308.0,172.0,201.0,85.6,126.0,154.0,81.8,23.0,66.0,34.8,2,1.8,1.3,11.0,24.0,10.0,3.0,34.0,15:00:00,/en/matches/22ecd8a2/Lorient-Nimes-December-13-2020-Ligue-1
FRA-Ligue 1,2021,Lorient,2020-12-16 Paris S-G-Lorient,2020-12-16,Matchweek 15,Wed,Away,L,0,2,Paris S-G,195.0,279.0,69.9,3509.0,1322.0,88.0,104.0,84.6,87.0,111.0,78.4,19.0,51.0,37.3,0,0.8,0.6,6.0,9.0,3.0,0.0,22.0,21:00:00,/en/matches/60fcfb5f/Paris-Saint-Germain-Lorient-December-16-2020-Ligue-1
FRA-Ligue 1,2021,Lorient,2020-12-20 Lorient-Rennes,2020-12-20,Matchweek 16,Sun,Home,L,0,3,Rennes,388.0,470.0,82.6,6725.0,2659.0,179.0,198.0,90.4,157.0,179.0,87.7,39.0,72.0,54.2,0,0.8,0.6,9.0,32.0,9.0,4.0,35.0,17:00:00,/en/matches/63148fae/Lorient-Rennes-December-20-2020-Ligue-1
FRA-Ligue 1,2021,Lorient,2020-12-23 Nice-Lorient,2020-12-23,Matchweek 17,Wed,Away,D,2,2,Nice,545.0,636.0,85.7,9017.0,2742.0,278.0,296.0,93.9,218.0,250.0,87.2,43.0,69.0,62.3,1,1.4,1.1,15.0,39.0,11.0,2.0,49.0,19:00:00,/en/matches/e8fea7ca/Nice-Lorient-December-23-2020-Ligue-1
FRA-Ligue 1,2021,Lorient,2021-01-06 Lorient-Monaco,2021-01-06,Matchweek 18,Wed,Home,L,2,5,Monaco,340.0,434.0,78.3,5881.0,1989.0,141.0,169.0,83.4,136.0,157.0,86.6,38.0,56.0,67.9,0,0.2,0.2,4.0,24.0,5.0,1.0,24.0,19:00:00,/en/matches/fb3cebfb/Lorient-Monaco-January-6-2021-Ligue-1
FRA-Ligue 1,2021,Lorient,2021-01-09 Bordeaux-Lorient,2021-01-09,Matchweek 19,Sat,Away,L,1,2,Bordeaux,450.0,561.0,80.2,7610.0,2442.0,238.0,256.0,93.0,165.0,193.0,85.5,38.0,81.0,46.9,0,0.6,0.4,7.0,38.0,1.0,0.0,47.0,21:00:00,/en/matches/7adc2a05/Bordeaux-Lorient-January-9-2021-Ligue-1
FRA-Ligue 1,2021,Lorient,2021-01-27 Lorient-Dijon,2021-01-27,Matchweek 20,Wed,Home,W,3,2,Dijon,268.0,378.0,70.9,4953.0,2170.0,127.0,152.0,83.6,110.0,135.0,81.5,28.0,76.0,36.8,1,0.8,0.5,8.0,22.0,6.0,1.0,34.0,21:00:00,/en/matches/5c367828/Lorient-Dijon-January-27-2021-Ligue-1
FRA-Ligue 1,2021,Lorient,2021-01-31 Lorient-Paris S-G,2021-01-31,Matchweek 22,Sun,Home,W,3,2,Paris S-G,238.0,322.0,73.9,4116.0,1745.0,117.0,133.0,88.0,82.0,98.0,83.7,30.0,71.0,42.3,1,1.2,0.4,10.0,15.0,3.0,0.0,24.0,15:00:00,/en/matches/0439be7e/Lorient-Paris-Saint-Germain-January-31-2021-Ligue-1
FRA-Ligue 1,2021,Lorient,2021-02-03 Rennes-Lorient,2021-02-03,Matchweek 23,Wed,Away,D,1,1,Rennes,365.0,470.0,77.7,6016.0,2081.0,179.0,202.0,88.6,130.0,164.0,79.3,34.0,66.0,51.5,1,0.7,0.4,10.0,17.0,10.0,4.0,25.0,19:00:00,/en/matches/5834a902/Rennes-Lorient-February-3-2021-Ligue-1
FRA-Ligue 1,2021,Lorient,2021-02-06 Lorient-Reims,2021-02-06,Matchweek 24,Sat,Home,W,1,0,Reims,280.0,380.0,73.7,4988.0,2131.0,129.0,156.0,82.7,101.0,124.0,81.5,37.0,78.0,47.4,1,0.9,0.5,6.0,14.0,3.0,0.0,29.0,17:00:00,/en/matches/efa9508b/Lorient-Reims-February-6-2021-Ligue-1
FRA-Ligue 1,2021,Lorient,2021-02-14 Monaco-Lorient,2021-02-14,Matchweek 25,Sun,Away,D,2,2,Monaco,227.0,332.0,68.4,4007.0,1711.0,111.0,138.0,80.4,83.0,116.0,71.6,26.0,58.0,44.8,0,0.0,0.0,1.0,14.0,1.0,0.0,14.0,13:00:00,/en/matches/6c45a288/Monaco-Lorient-February-14-2021-Ligue-1
FRA-Ligue 1,2021,Lorient,2021-02-21 Lorient-Lille,2021-02-21,Matchweek 26,Sun,Home,L,1,4,Lille,377.0,472.0,79.9,6838.0,2291.0,168.0,198.0,84.8,148.0,169.0,87.6,49.0,78.0,62.8,1,0.1,0.2,4.0,14.0,1.0,0.0,22.0,17:00:00,/en/matches/e085fcab/Lorient-Lille-February-21-2021-Ligue-1
FRA-Ligue 1,2021,Lorient,2021-02-24 Nîmes-Lorient,2021-02-24,Matchweek 21,Wed,Away,L,0,1,Nîmes,423.0,526.0,80.4,7477.0,2599.0,175.0,200.0,87.5,203.0,233.0,87.1,33.0,68.0,48.5,0,0.4,0.7,8.0,42.0,7.0,3.0,49.0,19:00:00,/en/matches/dda09113/Nimes-Lorient-February-24-2021-Ligue-1
FRA-Ligue 1,2021,Lorient,2021-02-28 Lorient-Saint-Étienne,2021-02-28,Matchweek 27,Sun,Home,W,2,1,Saint-Étienne,422.0,531.0,79.5,7717.0,2872.0,162.0,187.0,86.6,204.0,239.0,85.4,41.0,72.0,56.9,0,0.2,0.3,6.0,30.0,7.0,2.0,39.0,15:00:00,/en/matches/b2f8a734/Lorient-Saint-Etienne-February-28-2021-Ligue-1
FRA-Ligue 1,2021,Lorient,2021-03-03 Montpellier-Lorient,2021-03-03,Matchweek 28,Wed,Away,D,1,1,Montpellier,364.0,457.0,79.6,6336.0,2424.0,170.0,194.0,87.6,119.0,143.0,83.2,50.0,83.0,60.2,0,1.2,0.9,11.0,25.0,5.0,0.0,33.0,21:00:00,/en/matches/eac797f8/Montpellier-Lorient-March-3-2021-Ligue-1
FRA-Ligue 1,2021,Lorient,2021-03-14 Lorient-Nice,2021-03-14,Matchweek 29,Sun,Home,D,1,1,Nice,453.0,545.0,83.1,8637.0,3301.0,170.0,196.0,86.7,219.0,242.0,90.5,55.0,81.0,67.9,1,1.9,1.4,12.0,43.0,7.0,2.0,44.0,15:00:00,/en/matches/73e8e19e/Lorient-Nice-March-14-2021-Ligue-1
FRA-Ligue 1,2021,Lorient,2021-03-21 Nantes-Lorient,2021-03-21,Matchweek 30,Sun,Away,D,1,1,Nantes,544.0,663.0,82.1,10642.0,3412.0,205.0,227.0,90.3,248.0,290.0,85.5,80.0,120.0,66.7,0,0.5,0.5,10.0,49.0,8.0,4.0,43.0,15:00:00,/en/matches/3b1c6bf8/Nantes-Lorient-March-21-2021-Ligue-1
FRA-Ligue 1,2021,Lorient,2021-04-04 Lorient-Brest,2021-04-04,Matchweek 31,Sun,Home,W,1,0,Brest,325.0,442.0,73.5,5527.0,2363.0,164.0,187.0,87.7,118.0,153.0,77.1,30.0,74.0,40.5,1,1.3,1.4,8.0,17.0,3.0,0.0,24.0,15:00:00,/en/matches/c3e07f26/Lorient-Brest-April-4-2021-Ligue-1
FRA-Ligue 1,2021,Lorient,2021-04-11 Lens-Lorient,2021-04-11,Matchweek 32,Sun,Away,L,1,4,Lens,488.0,604.0,80.8,8580.0,2614.0,221.0,252.0,87.7,215.0,245.0,87.8,41.0,79.0,51.9,1,1.6,1.7,13.0,35.0,10.0,2.0,45.0,15:00:00,/en/matches/8bd928a1/Lens-Lorient-April-11-2021-Ligue-1
FRA-Ligue 1,2021,Lorient,2021-04-17 Marseille-Lorient,2021-04-17,Matchweek 33,Sat,Away,L,2,3,Marseille,213.0,290.0,73.4,3786.0,1633.0,100.0,121.0,82.6,80.0,100.0,80.0,25.0,51.0,49.0,2,1.3,0.7,9.0,8.0,1.0,0.0,16.0,17:00:00,/en/matches/fd8c8405/Marseille-Lorient-April-17-2021-Ligue-1
FRA-Ligue 1,2021,Lorient,2021-04-25 Lorient-Bordeaux,2021-04-25,Matchweek 34,Sun,Home,W,4,1,Bordeaux,317.0,417.0,76.0,5594.0,2391.0,163.0,181.0,90.1,112.0,139.0,80.6,34.0,72.0,47.2,4,1.8,2.0,11.0,25.0,8.0,3.0,30.0,15:00:00,/en/matches/e20ecbc9/Lorient-Bordeaux-April-25-2021-Ligue-1
FRA-Ligue 1,2021,Lorient,2021-05-02 Lorient-Angers,2021-05-02,Matchweek 35,Sun,Home,W,2,0,Angers,483.0,576.0,83.9,7556.0,2738.0,245.0,264.0,92.8,185.0,208.0,88.9,32.0,59.0,54.2,1,0.6,0.7,8.0,25.0,10.0,0.0,35.0,15:00:00,/en/matches/4960b9d0/Lorient-Angers-May-2-2021-Ligue-1
FRA-Ligue 1,2021,Lorient,2021-05-08 Lyon-Lorient,2021-05-08,Matchweek 36,Sat,Away,L,1,4,Lyon,360.0,443.0,81.3,6018.0,1997.0,181.0,199.0,91.0,141.0,158.0,89.2,30.0,64.0,46.9,1,0.5,0.2,6.0,24.0,2.0,2.0,21.0,17:00:00,/en/matches/564cd242/Lyon-Lorient-May-8-2021-Ligue-1
FRA-Ligue 1,2021,Lorient,2021-05-16 Lorient-Metz,2021-05-16,Matchweek 37,Sun,Home,W,2,1,Metz,316.0,412.0,76.7,5250.0,2203.0,151.0,184.0,82.1,128.0,147.0,87.1,26.0,59.0,44.1,1,0.6,0.4,5.0,21.0,3.0,0.0,30.0,21:00:00,/en/matches/7d8a4586/Lorient-Metz-May-16-2021-Ligue-1
FRA-Ligue 1,2021,Lorient,2021-05-23 Strasbourg-Lorient,2021-05-23,Matchweek 38,Sun,Away,D,1,1,Strasbourg,400.0,489.0,81.8,6876.0,2162.0,187.0,209.0,89.5,171.0,192.0,89.1,34.0,69.0,49.3,1,0.4,0.3,5.0,19.0,1.0,1.0,31.0,21:00:00,/en/matches/9e789fd5/Strasbourg-Lorient-May-23-2021-Ligue-1
FRA-Ligue 1,2021,Lyon,2020-08-28 Lyon-Dijon,2020-08-28,Matchweek 2,Fri,Home,W,4,1,Dijon,511.0,608.0,84.0,9175.0,3319.0,240.0,262.0,91.6,202.0,240.0,84.2,60.0,82.0,73.2,0,2.1,2.6,18.0,60.0,15.0,2.0,84.0,21:00:00,/en/matches/7512406f/Lyon-Dijon-August-28-2020-Ligue-1
FRA-Ligue 1,2021,Lyon,2020-09-11 Bordeaux-Lyon,2020-09-11,Matchweek 3,Fri,Away,D,0,0,Bordeaux,405.0,504.0,80.4,7457.0,2721.0,167.0,195.0,85.6,178.0,208.0,85.6,48.0,77.0,62.3,0,1.4,1.6,13.0,37.0,11.0,2.0,48.0,21:00:00,/en/matches/c39f66b9/Bordeaux-Lyon-September-11-2020-Ligue-1
FRA-Ligue 1,2021,Lyon,2020-09-15 Montpellier-Lyon,2020-09-15,Matchweek 1,Tue,Away,L,1,2,Montpellier,445.0,538.0,82.7,7942.0,2660.0,239.0,257.0,93.0,148.0,179.0,82.7,57.0,84.0,67.9,0,1.4,1.6,14.0,38.0,11.0,2.0,48.0,21:00:00,/en/matches/5581d486/Montpellier-Lyon-September-15-2020-Ligue-1
FRA-Ligue 1,2021,Lyon,2020-09-18 Lyon-Nîmes,2020-09-18,Matchweek 4,Fri,Home,D,0,0,Nîmes,590.0,705.0,83.7,9830.0,3537.0,282.0,312.0,90.4,230.0,268.0,85.8,55.0,83.0,66.3,0,0.9,1.0,13.0,61.0,15.0,5.0,89.0,21:00:00,/en/matches/01b7d3d4/Lyon-Nimes-September-18-2020-Ligue-1
FRA-Ligue 1,2021,Lyon,2020-09-27 Lorient-Lyon,2020-09-27,Matchweek 5,Sun,Away,D,1,1,Lorient,650.0,733.0,88.7,11824.0,3272.0,277.0,299.0,92.6,292.0,317.0,92.1,71.0,94.0,75.5,1,0.9,1.2,15.0,72.0,10.0,2.0,79.0,17:00:00,/en/matches/961244d7/Lorient-Lyon-September-27-2020-Ligue-1
FRA-Ligue 1,2021,Lyon,2020-10-04 Lyon-Marseille,2020-10-04,Matchweek 6,Sun,Home,D,1,1,Marseille,504.0,610.0,82.6,9289.0,3155.0,192.0,221.0,86.9,235.0,266.0,88.3,60.0,89.0,67.4,0,1.8,1.4,13.0,69.0,15.0,5.0,81.0,21:00:00,/en/matches/bdf0a01e/Choc-des-Olympiques-Lyon-Marseille-October-4-2020-Ligue-1
FRA-Ligue 1,2021,Lyon,2020-10-18 Strasbourg-Lyon,2020-10-18,Matchweek 7,Sun,Away,W,3,2,Strasbourg,283.0,384.0,73.7,5059.0,2265.0,131.0,168.0,78.0,98.0,119.0,82.4,40.0,72.0,55.6,3,3.5,2.8,11.0,12.0,7.0,1.0,26.0,13:00:00,/en/matches/fbfe5e73/Strasbourg-Lyon-October-18-2020-Ligue-1
FRA-Ligue 1,2021,Lyon,2020-10-25 Lyon-Monaco,2020-10-25,Matchweek 8,Sun,Home,W,4,1,Monaco,254.0,330.0,77.0,4993.0,2225.0,109.0,123.0,88.6,96.0,117.0,82.1,43.0,67.0,64.2,2,2.2,1.0,11.0,18.0,7.0,2.0,24.0,21:00:00,/en/matches/4073f54c/Lyon-Monaco-October-25-2020-Ligue-1
FRA-Ligue 1,2021,Lyon,2020-11-01 Lille-Lyon,2020-11-01,Matchweek 9,Sun,Away,D,1,1,Lille,354.0,438.0,80.8,6490.0,2494.0,161.0,179.0,89.9,143.0,173.0,82.7,43.0,75.0,57.3,0,0.5,0.4,6.0,26.0,7.0,2.0,30.0,21:00:00,/en/matches/10d8666c/Lille-Lyon-November-1-2020-Ligue-1
FRA-Ligue 1,2021,Lyon,2020-11-08 Lyon-Saint-Étienne,2020-11-08,Matchweek 10,Sun,Home,W,2,1,Saint-Étienne,397.0,498.0,79.7,6599.0,2658.0,201.0,236.0,85.2,158.0,185.0,85.4,29.0,45.0,64.4,2,2.6,1.4,14.0,30.0,7.0,1.0,48.0,21:00:00,/en/matches/16a2ea79/Lyon-Saint-Etienne-November-8-2020-Ligue-1
FRA-Ligue 1,2021,Lyon,2020-11-22 Angers-Lyon,2020-11-22,Matchweek 11,Sun,Away,W,1,0,Angers,415.0,510.0,81.4,6629.0,2440.0,207.0,230.0,90.0,153.0,177.0,86.4,31.0,57.0,54.4,1,1.0,1.6,5.0,24.0,7.0,3.0,37.0,17:00:00,/en/matches/7015e72d/Angers-Lyon-November-22-2020-Ligue-1
FRA-Ligue 1,2021,Lyon,2020-11-29 Lyon-Reims,2020-11-29,Matchweek 12,Sun,Home,W,3,0,Reims,592.0,667.0,88.8,9440.0,3257.0,299.0,321.0,93.1,247.0,273.0,90.5,30.0,42.0,71.4,3,1.5,1.4,10.0,51.0,13.0,2.0,54.0,13:00:00,/en/matches/4301f4b9/Lyon-Reims-November-29-2020-Ligue-1
FRA-Ligue 1,2021,Lyon,2020-12-06 Metz-Lyon,2020-12-06,Matchweek 13,Sun,Away,W,3,1,Metz,483.0,560.0,86.3,8892.0,3535.0,211.0,227.0,93.0,186.0,203.0,91.6,68.0,95.0,71.6,2,1.2,1.1,16.0,29.0,17.0,2.0,52.0,21:00:00,/en/matches/39e71d02/Metz-Lyon-December-6-2020-Ligue-1
FRA-Ligue 1,2021,Lyon,2020-12-13 Paris S-G-Lyon,2020-12-13,Matchweek 14,Sun,Away,W,1,0,Paris S-G,281.0,367.0,76.6,4913.0,2051.0,125.0,142.0,88.0,103.0,131.0,78.6,39.0,67.0,58.2,1,0.9,0.3,9.0,16.0,9.0,0.0,28.0,21:00:00,/en/matches/99d657ba/Paris-Saint-Germain-Lyon-December-13-2020-Ligue-1
FRA-Ligue 1,2021,Lyon,2020-12-16 Lyon-Brest,2020-12-16,Matchweek 15,Wed,Home,D,2,2,Brest,496.0,586.0,84.6,8716.0,2936.0,234.0,257.0,91.1,189.0,212.0,89.2,58.0,86.0,67.4,1,1.7,2.4,18.0,54.0,18.0,2.0,75.0,21:00:00,/en/matches/b1b2b42a/Lyon-Brest-December-16-2020-Ligue-1
FRA-Ligue 1,2021,Lyon,2020-12-19 Nice-Lyon,2020-12-19,Matchweek 16,Sat,Away,W,4,1,Nice,455.0,525.0,86.7,7937.0,2764.0,198.0,216.0,91.7,212.0,230.0,92.2,34.0,59.0,57.6,1,0.9,0.8,5.0,23.0,5.0,0.0,31.0,21:00:00,/en/matches/03613921/Nice-Lyon-December-19-2020-Ligue-1
FRA-Ligue 1,2021,Lyon,2020-12-23 Lyon-Nantes,2020-12-23,Matchweek 17,Wed,Home,W,3,0,Nantes,627.0,712.0,88.1,11118.0,3800.0,252.0,272.0,92.6,300.0,323.0,92.9,54.0,77.0,70.1,1,2.4,1.8,17.0,37.0,10.0,0.0,50.0,21:00:00,/en/matches/9cd0e1eb/Lyon-Nantes-December-23-2020-Ligue-1
FRA-Ligue 1,2021,Lyon,2021-01-06 Lyon-Lens,2021-01-06,Matchweek 18,Wed,Home,W,3,2,Lens,387.0,484.0,80.0,6731.0,2588.0,178.0,204.0,87.3,155.0,179.0,86.6,39.0,73.0,53.4,1,1.0,0.7,9.0,26.0,10.0,0.0,44.0,21:00:00,/en/matches/4dd5ba55/Lyon-Lens-January-6-2021-Ligue-1
FRA-Ligue 1,2021,Lyon,2021-01-09 Rennes-Lyon,2021-01-09,Matchweek 19,Sat,Away,D,2,2,Rennes,431.0,530.0,81.3,6934.0,2573.0,193.0,219.0,88.1,174.0,203.0,85.7,30.0,55.0,54.5,2,0.8,1.0,11.0,28.0,10.0,3.0,56.0,21:00:00,/en/matches/a17d9c6a/Rennes-Lyon-January-9-2021-Ligue-1
FRA-Ligue 1,2021,Lyon,2021-01-17 Lyon-Metz,2021-01-17,Matchweek 20,Sun,Home,L,0,1,Metz,489.0,598.0,81.8,8110.0,3415.0,257.0,285.0,90.2,189.0,220.0,85.9,38.0,69.0,55.1,0,1.1,1.5,15.0,48.0,11.0,1.0,65.0,21:00:00,/en/matches/de561d96/Lyon-Metz-January-17-2021-Ligue-1
FRA-Ligue 1,2021,Lyon,2021-01-24 Saint-Étienne-Lyon,2021-01-24,Matchweek 21,Sun,Away,W,5,0,Saint-Étienne,481.0,577.0,83.4,8638.0,3106.0,224.0,248.0,90.3,183.0,214.0,85.5,62.0,86.0,72.1,3,1.1,0.9,12.0,36.0,6.0,2.0,48.0,21:00:00,/en/matches/f0d4e4fc/Saint-Etienne-Lyon-January-24-2021-Ligue-1
FRA-Ligue 1,2021,Lyon,2021-01-29 Lyon-Bordeaux,2021-01-29,Matchweek 22,Fri,Home,W,2,1,Bordeaux,483.0,586.0,82.4,8027.0,2870.0,218.0,245.0,89.0,194.0,224.0,86.6,42.0,74.0,56.8,1,0.6,1.3,7.0,33.0,8.0,2.0,45.0,21:00:00,/en/matches/308c218f/Lyon-Bordeaux-January-29-2021-Ligue-1
FRA-Ligue 1,2021,Lyon,2021-02-03 Dijon-Lyon,2021-02-03,Matchweek 23,Wed,Away,W,1,0,Dijon,598.0,701.0,85.3,10552.0,3792.0,277.0,310.0,89.4,240.0,264.0,90.9,67.0,95.0,70.5,1,1.9,1.5,14.0,36.0,13.0,6.0,54.0,21:00:00,/en/matches/bf694a73/Dijon-Lyon-February-3-2021-Ligue-1
FRA-Ligue 1,2021,Lyon,2021-02-06 Lyon-Strasbourg,2021-02-06,Matchweek 24,Sat,Home,W,3,0,Strasbourg,605.0,689.0,87.8,9741.0,3045.0,269.0,285.0,94.4,241.0,265.0,90.9,50.0,74.0,67.6,1,1.0,1.5,13.0,50.0,14.0,4.0,54.0,19:00:00,/en/matches/189c7e24/Lyon-Strasbourg-February-6-2021-Ligue-1
FRA-Ligue 1,2021,Lyon,2021-02-13 Lyon-Montpellier,2021-02-13,Matchweek 25,Sat,Home,L,1,2,Montpellier,427.0,526.0,81.2,6974.0,2988.0,204.0,240.0,85.0,167.0,196.0,85.2,33.0,47.0,70.2,0,3.7,3.5,21.0,50.0,15.0,3.0,69.0,21:00:00,/en/matches/385da91b/Lyon-Montpellier-February-13-2021-Ligue-1
FRA-Ligue 1,2021,Lyon,2021-02-19 Brest-Lyon,2021-02-19,Matchweek 26,Fri,Away,W,3,2,Brest,414.0,524.0,79.0,6678.0,2579.0,214.0,244.0,87.7,141.0,167.0,84.4,34.0,73.0,46.6,1,1.5,1.7,11.0,30.0,9.0,0.0,41.0,21:00:00,/en/matches/c5b56eba/Brest-Lyon-February-19-2021-Ligue-1
FRA-Ligue 1,2021,Lyon,2021-02-28 Marseille-Lyon,2021-02-28,Matchweek 27,Sun,Away,D,1,1,Marseille,382.0,477.0,80.1,6255.0,2244.0,203.0,222.0,91.4,142.0,173.0,82.1,29.0,49.0,59.2,1,0.6,0.4,9.0,28.0,6.0,1.0,27.0,21:00:00,/en/matches/46581524/Choc-des-Olympiques-Marseille-Lyon-February-28-2021-Ligue-1
FRA-Ligue 1,2021,Lyon,2021-03-03 Lyon-Rennes,2021-03-03,Matchweek 28,Wed,Home,W,1,0,Rennes,417.0,529.0,78.8,7347.0,2911.0,190.0,217.0,87.6,185.0,215.0,86.0,36.0,65.0,55.4,1,2.1,0.8,12.0,37.0,15.0,3.0,63.0,19:00:00,/en/matches/423f56db/Lyon-Rennes-March-3-2021-Ligue-1
FRA-Ligue 1,2021,Lyon,2021-03-12 Reims-Lyon,2021-03-12,Matchweek 29,Fri,Away,D,1,1,Reims,607.0,745.0,81.5,9982.0,3598.0,298.0,347.0,85.9,234.0,273.0,85.7,54.0,77.0,70.1,1,1.0,1.7,14.0,54.0,18.0,2.0,79.0,21:00:00,/en/matches/6f1ea543/Reims-Lyon-March-12-2021-Ligue-1
FRA-Ligue 1,2021,Lyon,2021-03-21 Lyon-Paris S-G,2021-03-21,Matchweek 30,Sun,Home,L,2,4,Paris S-G,406.0,479.0,84.8,6077.0,2453.0,207.0,225.0,92.0,134.0,156.0,85.9,30.0,46.0,65.2,2,0.8,1.1,7.0,26.0,10.0,2.0,34.0,21:00:00,/en/matches/bb18a4cc/Lyon-Paris-Saint-Germain-March-21-2021-Ligue-1
FRA-Ligue 1,2021,Lyon,2021-04-03 Lens-Lyon,2021-04-03,Matchweek 31,Sat,Away,D,1,1,Lens,537.0,646.0,83.1,9192.0,3469.0,248.0,289.0,85.8,218.0,246.0,88.6,52.0,74.0,70.3,0,1.2,1.5,10.0,38.0,16.0,2.0,57.0,21:00:00,/en/matches/52a508da/Lens-Lyon-April-3-2021-Ligue-1
FRA-Ligue 1,2021,Lyon,2021-04-11 Lyon-Angers,2021-04-11,Matchweek 32,Sun,Home,W,3,0,Angers,522.0,638.0,81.8,8495.0,3331.0,259.0,294.0,88.1,213.0,247.0,86.2,39.0,63.0,61.9,1,1.7,1.4,10.0,44.0,7.0,1.0,62.0,21:00:00,/en/matches/4d4dc0b9/Lyon-Angers-April-11-2021-Ligue-1
FRA-Ligue 1,2021,Lyon,2021-04-18 Nantes-Lyon,2021-04-18,Matchweek 33,Sun,Away,W,2,1,Nantes,412.0,538.0,76.6,7656.0,3325.0,178.0,206.0,86.4,171.0,211.0,81.0,54.0,91.0,59.3,1,0.9,0.7,9.0,32.0,10.0,1.0,42.0,21:00:00,/en/matches/a2b60b56/Nantes-Lyon-April-18-2021-Ligue-1
FRA-Ligue 1,2021,Lyon,2021-04-25 Lyon-Lille,2021-04-25,Matchweek 34,Sun,Home,L,2,3,Lille,412.0,526.0,78.3,7654.0,3033.0,182.0,215.0,84.7,165.0,192.0,85.9,58.0,92.0,63.0,1,0.9,1.1,6.0,31.0,14.0,3.0,52.0,21:00:00,/en/matches/b312c935/Lyon-Lille-April-25-2021-Ligue-1
FRA-Ligue 1,2021,Lyon,2021-05-02 Monaco-Lyon,2021-05-02,Matchweek 35,Sun,Away,W,3,2,Monaco,403.0,509.0,79.2,7457.0,2958.0,182.0,204.0,89.2,175.0,206.0,85.0,45.0,88.0,51.1,3,1.1,1.5,16.0,39.0,11.0,4.0,45.0,21:00:00,/en/matches/27e1ab19/Monaco-Lyon-May-2-2021-Ligue-1
FRA-Ligue 1,2021,Lyon,2021-05-08 Lyon-Lorient,2021-05-08,Matchweek 36,Sat,Home,W,4,1,Lorient,552.0,636.0,86.8,9210.0,3252.0,268.0,296.0,90.5,215.0,233.0,92.3,51.0,73.0,69.9,2,2.7,1.0,18.0,50.0,11.0,0.0,51.0,17:00:00,/en/matches/564cd242/Lyon-Lorient-May-8-2021-Ligue-1
FRA-Ligue 1,2021,Lyon,2021-05-16 Nîmes-Lyon,2021-05-16,Matchweek 37,Sun,Away,W,5,2,Nîmes,519.0,625.0,83.0,8135.0,2873.0,272.0,302.0,90.1,188.0,211.0,89.1,37.0,63.0,58.7,3,1.6,1.4,14.0,30.0,10.0,0.0,53.0,21:00:00,/en/matches/cbcc34d4/Nimes-Lyon-May-16-2021-Ligue-1
FRA-Ligue 1,2021,Lyon,2021-05-23 Lyon-Nice,2021-05-23,Matchweek 38,Sun,Home,L,2,3,Nice,457.0,558.0,81.9,7878.0,3095.0,217.0,238.0,91.2,197.0,234.0,84.2,37.0,58.0,63.8,2,1.2,1.6,9.0,41.0,18.0,4.0,66.0,21:00:00,/en/matches/cb4cd692/Lyon-Nice-May-23-2021-Ligue-1
FRA-Ligue 1,2021,Marseille,2020-08-30 Brest-Marseille,2020-08-30,Matchweek 2,Sun,Away,W,3,2,Brest,292.0,399.0,73.2,5530.0,2368.0,125.0,150.0,83.3,122.0,146.0,83.6,40.0,82.0,48.8,3,1.0,0.9,7.0,18.0,5.0,0.0,21.0,21:00:00,/en/matches/f5d3ffde/Brest-Marseille-August-30-2020-Ligue-1
FRA-Ligue 1,2021,Marseille,2020-09-13 Paris S-G-Marseille,2020-09-13,Matchweek 3,Sun,Away,W,1,0,Paris S-G,226.0,316.0,71.5,3982.0,1944.0,124.0,145.0,85.5,46.0,72.0,63.9,38.0,59.0,64.4,1,0.4,0.3,3.0,8.0,1.0,0.0,9.0,21:00:00,/en/matches/84e1075c/Paris-Saint-Germain-Marseille-September-13-2020-Ligue-1
FRA-Ligue 1,2021,Marseille,2020-09-17 Marseille-Saint-Étienne,2020-09-17,Matchweek 1,Thu,Home,L,0,2,Saint-Étienne,461.0,576.0,80.0,7672.0,3031.0,237.0,269.0,88.1,163.0,187.0,87.2,42.0,80.0,52.5,0,2.3,1.5,11.0,42.0,9.0,1.0,68.0,21:00:00,/en/matches/bc9039b3/Marseille-Saint-Etienne-September-17-2020-Ligue-1
FRA-Ligue 1,2021,Marseille,2020-09-20 Marseille-Lille,2020-09-20,Matchweek 4,Sun,Home,D,1,1,Lille,425.0,561.0,75.8,7587.0,2841.0,193.0,229.0,84.3,181.0,210.0,86.2,44.0,96.0,45.8,1,0.7,0.6,9.0,26.0,4.0,0.0,47.0,21:00:00,/en/matches/f0f694dd/Marseille-Lille-September-20-2020-Ligue-1
FRA-Ligue 1,2021,Marseille,2020-09-26 Marseille-Metz,2020-09-26,Matchweek 5,Sat,Home,D,1,1,Metz,508.0,615.0,82.6,8216.0,3202.0,270.0,299.0,90.3,170.0,206.0,82.5,46.0,71.0,64.8,1,0.8,1.3,13.0,28.0,7.0,4.0,42.0,21:00:00,/en/matches/5a5a6c41/Marseille-Metz-September-26-2020-Ligue-1
FRA-Ligue 1,2021,Marseille,2020-10-04 Lyon-Marseille,2020-10-04,Matchweek 6,Sun,Away,D,1,1,Lyon,207.0,293.0,70.6,3224.0,1440.0,111.0,131.0,84.7,66.0,82.0,80.5,15.0,52.0,28.8,1,0.3,0.1,3.0,11.0,2.0,0.0,10.0,21:00:00,/en/matches/bdf0a01e/Choc-des-Olympiques-Lyon-Marseille-October-4-2020-Ligue-1
FRA-Ligue 1,2021,Marseille,2020-10-17 Marseille-Bordeaux,2020-10-17,Matchweek 7,Sat,Home,W,3,1,Bordeaux,456.0,560.0,81.4,7790.0,2675.0,230.0,259.0,88.8,155.0,176.0,88.1,56.0,96.0,58.3,2,0.2,0.3,4.0,41.0,4.0,0.0,37.0,21:00:00,/en/matches/e28d90ff/Marseille-Bordeaux-October-17-2020-Ligue-1
FRA-Ligue 1,2021,Marseille,2020-10-24 Lorient-Marseille,2020-10-24,Matchweek 8,Sat,Away,W,1,0,Lorient,479.0,603.0,79.4,8220.0,2998.0,239.0,272.0,87.9,180.0,212.0,84.9,51.0,90.0,56.7,1,1.0,0.9,13.0,35.0,8.0,1.0,39.0,17:00:00,/en/matches/647d6f74/Lorient-Marseille-October-24-2020-Ligue-1
FRA-Ligue 1,2021,Marseille,2020-11-06 Strasbourg-Marseille,2020-11-06,Matchweek 10,Fri,Away,W,1,0,Strasbourg,378.0,497.0,76.1,6164.0,2539.0,187.0,217.0,86.2,132.0,160.0,82.5,34.0,69.0,49.3,1,0.1,0.2,1.0,21.0,9.0,1.0,33.0,21:00:00,/en/matches/8491adfc/Strasbourg-Marseille-November-6-2020-Ligue-1
FRA-Ligue 1,2021,Marseille,2020-11-28 Marseille-Nantes,2020-11-28,Matchweek 12,Sat,Home,W,3,1,Nantes,429.0,524.0,81.9,7437.0,2602.0,195.0,215.0,90.7,165.0,185.0,89.2,54.0,86.0,62.8,2,1.6,0.9,10.0,24.0,6.0,1.0,31.0,17:00:00,/en/matches/9ade19b5/Marseille-Nantes-November-28-2020-Ligue-1
FRA-Ligue 1,2021,Marseille,2020-12-04 Nîmes-Marseille,2020-12-04,Matchweek 13,Fri,Away,W,2,0,Nîmes,571.0,686.0,83.2,10491.0,3604.0,235.0,261.0,90.0,251.0,272.0,92.3,69.0,108.0,63.9,2,2.1,2.7,14.0,41.0,13.0,4.0,62.0,21:00:00,/en/matches/a0106768/Nimes-Marseille-December-4-2020-Ligue-1
FRA-Ligue 1,2021,Marseille,2020-12-12 Marseille-Monaco,2020-12-12,Matchweek 14,Sat,Home,W,2,1,Monaco,267.0,394.0,67.8,4498.0,1798.0,138.0,164.0,84.1,81.0,105.0,77.1,33.0,85.0,38.8,2,1.3,1.4,5.0,20.0,3.0,1.0,26.0,17:00:00,/en/matches/c82895c6/Marseille-Monaco-December-12-2020-Ligue-1
FRA-Ligue 1,2021,Marseille,2020-12-16 Rennes-Marseille,2020-12-16,Matchweek 15,Wed,Away,L,1,2,Rennes,223.0,317.0,70.3,4103.0,1683.0,99.0,119.0,83.2,80.0,95.0,84.2,31.0,71.0,43.7,1,1.1,0.8,5.0,12.0,2.0,0.0,15.0,21:00:00,/en/matches/7757b78e/Rennes-Marseille-December-16-2020-Ligue-1
FRA-Ligue 1,2021,Marseille,2020-12-19 Marseille-Reims,2020-12-19,Matchweek 16,Sat,Home,D,1,1,Reims,614.0,714.0,86.0,9811.0,3208.0,314.0,335.0,93.7,231.0,259.0,89.2,43.0,73.0,58.9,1,1.1,1.5,9.0,51.0,6.0,0.0,57.0,19:00:00,/en/matches/bea6f7ea/Marseille-Reims-December-19-2020-Ligue-1
FRA-Ligue 1,2021,Marseille,2020-12-23 Angers-Marseille,2020-12-23,Matchweek 17,Wed,Away,L,1,2,Angers,529.0,650.0,81.4,8466.0,2926.0,286.0,320.0,89.4,187.0,218.0,85.8,40.0,75.0,53.3,1,0.8,0.7,7.0,35.0,3.0,1.0,33.0,21:00:00,/en/matches/c145b8a8/Angers-Marseille-December-23-2020-Ligue-1
FRA-Ligue 1,2021,Marseille,2021-01-06 Marseille-Montpellier,2021-01-06,Matchweek 18,Wed,Home,W,3,1,Montpellier,537.0,630.0,85.2,8879.0,3491.0,277.0,303.0,91.4,199.0,232.0,85.8,51.0,77.0,66.2,3,2.3,1.7,16.0,44.0,8.0,3.0,55.0,21:00:00,/en/matches/bf3df422/Marseille-Montpellier-January-6-2021-Ligue-1
FRA-Ligue 1,2021,Marseille,2021-01-09 Dijon-Marseille,2021-01-09,Matchweek 19,Sat,Away,D,0,0,Dijon,466.0,609.0,76.5,7722.0,2900.0,209.0,240.0,87.1,211.0,255.0,82.7,31.0,74.0,41.9,0,0.7,0.6,7.0,38.0,8.0,1.0,52.0,21:00:00,/en/matches/dfba70b7/Dijon-Marseille-January-9-2021-Ligue-1
FRA-Ligue 1,2021,Marseille,2021-01-16 Marseille-Nîmes,2021-01-16,Matchweek 20,Sat,Home,L,1,2,Nîmes,606.0,715.0,84.8,9514.0,3040.0,326.0,357.0,91.3,226.0,254.0,89.0,36.0,64.0,56.3,0,1.0,1.3,7.0,58.0,12.0,6.0,68.0,17:00:00,/en/matches/e22fe1f8/Marseille-Nimes-January-16-2021-Ligue-1
FRA-Ligue 1,2021,Marseille,2021-01-20 Marseille-Lens,2021-01-20,Matchweek 9,Wed,Home,L,0,1,Lens,381.0,490.0,77.8,6734.0,2528.0,168.0,198.0,84.8,140.0,160.0,87.5,48.0,80.0,60.0,0,0.1,0.2,3.0,21.0,3.0,0.0,30.0,21:00:00,/en/matches/9f341fc9/Marseille-Lens-January-20-2021-Ligue-1
FRA-Ligue 1,2021,Marseille,2021-01-23 Monaco-Marseille,2021-01-23,Matchweek 21,Sat,Away,L,1,3,Monaco,302.0,447.0,67.6,5359.0,2119.0,137.0,173.0,79.2,127.0,159.0,79.9,26.0,84.0,31.0,1,0.5,0.1,3.0,21.0,0.0,0.0,19.0,21:00:00,/en/matches/d54f636f/Monaco-Marseille-January-23-2021-Ligue-1
FRA-Ligue 1,2021,Marseille,2021-02-03 Lens-Marseille,2021-02-03,Matchweek 23,Wed,Away,D,2,2,Lens,256.0,373.0,68.6,4155.0,2064.0,138.0,172.0,80.2,77.0,103.0,74.8,25.0,61.0,41.0,2,1.4,0.6,9.0,17.0,5.0,0.0,21.0,21:00:00,/en/matches/0042c990/Lens-Marseille-February-3-2021-Ligue-1
FRA-Ligue 1,2021,Marseille,2021-02-07 Marseille-Paris S-G,2021-02-07,Matchweek 24,Sun,Home,L,0,2,Paris S-G,482.0,595.0,81.0,8412.0,2639.0,245.0,268.0,91.4,161.0,192.0,83.9,62.0,97.0,63.9,0,0.5,0.8,9.0,32.0,6.0,1.0,36.0,21:00:00,/en/matches/c15805b7/Marseille-Paris-Saint-Germain-February-7-2021-Ligue-1
FRA-Ligue 1,2021,Marseille,2021-02-14 Bordeaux-Marseille,2021-02-14,Matchweek 25,Sun,Away,D,0,0,Bordeaux,328.0,431.0,76.1,5260.0,2112.0,166.0,187.0,88.8,112.0,136.0,82.4,25.0,63.0,39.7,0,0.4,0.2,3.0,20.0,2.0,0.0,30.0,21:00:00,/en/matches/8f90873e/Bordeaux-Marseille-February-14-2021-Ligue-1
FRA-Ligue 1,2021,Marseille,2021-02-17 Marseille-Nice,2021-02-17,Matchweek 11,Wed,Home,W,3,2,Nice,367.0,479.0,76.6,6503.0,2282.0,169.0,186.0,90.9,127.0,156.0,81.4,44.0,93.0,47.3,1,0.5,0.4,4.0,25.0,5.0,1.0,26.0,21:00:00,/en/matches/1380e4f4/Marseille-Nice-February-17-2021-Ligue-1
FRA-Ligue 1,2021,Marseille,2021-02-20 Nantes-Marseille,2021-02-20,Matchweek 26,Sat,Away,D,1,1,Nantes,514.0,659.0,78.0,9087.0,3045.0,226.0,258.0,87.6,243.0,282.0,86.2,38.0,91.0,41.8,1,0.7,0.9,7.0,29.0,3.0,2.0,39.0,17:00:00,/en/matches/06e21793/Nantes-Marseille-February-20-2021-Ligue-1
FRA-Ligue 1,2021,Marseille,2021-02-28 Marseille-Lyon,2021-02-28,Matchweek 27,Sun,Home,D,1,1,Lyon,430.0,521.0,82.5,7715.0,2799.0,198.0,217.0,91.2,189.0,218.0,86.7,40.0,73.0,54.8,0,0.6,0.7,9.0,31.0,4.0,0.0,46.0,21:00:00,/en/matches/46581524/Choc-des-Olympiques-Marseille-Lyon-February-28-2021-Ligue-1
FRA-Ligue 1,2021,Marseille,2021-03-03 Lille-Marseille,2021-03-03,Matchweek 28,Wed,Away,L,0,2,Lille,300.0,417.0,71.9,5072.0,1921.0,141.0,169.0,83.4,131.0,157.0,83.4,24.0,71.0,33.8,0,0.1,0.1,2.0,19.0,1.0,0.0,33.0,21:00:00,/en/matches/734bdddc/Lille-Marseille-March-3-2021-Ligue-1
FRA-Ligue 1,2021,Marseille,2021-03-10 Marseille-Rennes,2021-03-10,Matchweek 22,Wed,Home,W,1,0,Rennes,416.0,515.0,80.8,7347.0,2773.0,188.0,204.0,92.2,155.0,183.0,84.7,48.0,83.0,57.8,1,0.6,1.1,9.0,28.0,11.0,4.0,29.0,19:00:00,/en/matches/1724ec53/Marseille-Rennes-March-10-2021-Ligue-1
FRA-Ligue 1,2021,Marseille,2021-03-13 Marseille-Brest,2021-03-13,Matchweek 29,Sat,Home,W,3,1,Brest,345.0,442.0,78.1,6201.0,2468.0,155.0,181.0,85.6,144.0,170.0,84.7,37.0,66.0,56.1,3,1.7,1.3,11.0,35.0,10.0,2.0,46.0,17:00:00,/en/matches/92b7f46b/Marseille-Brest-March-13-2021-Ligue-1
FRA-Ligue 1,2021,Marseille,2021-03-20 Nice-Marseille,2021-03-20,Matchweek 30,Sat,Away,L,0,3,Nice,451.0,551.0,81.9,8175.0,2598.0,183.0,205.0,89.3,211.0,232.0,90.9,48.0,88.0,54.5,0,0.4,0.5,6.0,30.0,2.0,0.0,40.0,17:00:00,/en/matches/32a19bdd/Nice-Marseille-March-20-2021-Ligue-1
FRA-Ligue 1,2021,Marseille,2021-04-04 Marseille-Dijon,2021-04-04,Matchweek 31,Sun,Home,W,2,0,Dijon,595.0,694.0,85.7,8994.0,2829.0,340.0,368.0,92.4,211.0,248.0,85.1,31.0,44.0,70.5,2,1.3,0.9,15.0,30.0,11.0,2.0,49.0,21:00:00,/en/matches/0e8e6b49/Marseille-Dijon-April-4-2021-Ligue-1
FRA-Ligue 1,2021,Marseille,2021-04-10 Montpellier-Marseille,2021-04-10,Matchweek 32,Sat,Away,D,3,3,Montpellier,420.0,495.0,84.8,6662.0,2441.0,220.0,244.0,90.2,166.0,184.0,90.2,25.0,49.0,51.0,2,1.3,1.1,10.0,36.0,5.0,1.0,47.0,21:00:00,/en/matches/9d336f48/Montpellier-Marseille-April-10-2021-Ligue-1
FRA-Ligue 1,2021,Marseille,2021-04-17 Marseille-Lorient,2021-04-17,Matchweek 33,Sat,Home,W,3,2,Lorient,681.0,777.0,87.6,11849.0,3848.0,307.0,326.0,94.2,307.0,338.0,90.8,57.0,84.0,67.9,3,1.8,1.3,11.0,70.0,18.0,2.0,66.0,17:00:00,/en/matches/fd8c8405/Marseille-Lorient-April-17-2021-Ligue-1
FRA-Ligue 1,2021,Marseille,2021-04-23 Reims-Marseille,2021-04-23,Matchweek 34,Fri,Away,W,3,1,Reims,545.0,627.0,86.9,9063.0,2995.0,263.0,281.0,93.6,242.0,270.0,89.6,34.0,56.0,60.7,3,2.1,1.3,10.0,30.0,3.0,1.0,36.0,21:00:00,/en/matches/6b30b4bd/Reims-Marseille-April-23-2021-Ligue-1
FRA-Ligue 1,2021,Marseille,2021-04-30 Marseille-Strasbourg,2021-04-30,Matchweek 35,Fri,Home,D,1,1,Strasbourg,608.0,700.0,86.9,9845.0,3200.0,314.0,340.0,92.4,265.0,295.0,89.8,25.0,51.0,49.0,1,0.9,1.1,7.0,72.0,6.0,3.0,67.0,21:00:00,/en/matches/ccf9386d/Marseille-Strasbourg-April-30-2021-Ligue-1
FRA-Ligue 1,2021,Marseille,2021-05-09 Saint-Étienne-Marseille,2021-05-09,Matchweek 36,Sun,Away,L,0,1,Saint-Étienne,333.0,438.0,76.0,6172.0,2387.0,136.0,157.0,86.6,154.0,187.0,82.4,33.0,68.0,48.5,0,1.3,1.3,9.0,34.0,8.0,5.0,44.0,13:00:00,/en/matches/73ac123f/Saint-Etienne-Marseille-May-9-2021-Ligue-1
FRA-Ligue 1,2021,Marseille,2021-05-16 Marseille-Angers,2021-05-16,Matchweek 37,Sun,Home,W,3,2,Angers,510.0,575.0,88.7,9104.0,3036.0,221.0,236.0,93.6,252.0,268.0,94.0,37.0,63.0,58.7,2,1.6,1.7,13.0,29.0,10.0,2.0,48.0,21:00:00,/en/matches/da6ea060/Marseille-Angers-May-16-2021-Ligue-1
FRA-Ligue 1,2021,Marseille,2021-05-23 Metz-Marseille,2021-05-23,Matchweek 38,Sun,Away,D,1,1,Metz,543.0,647.0,83.9,9688.0,2972.0,227.0,240.0,94.6,249.0,288.0,86.5,50.0,85.0,58.8,0,0.4,0.7,5.0,34.0,5.0,2.0,42.0,21:00:00,/en/matches/a73885a8/Metz-Marseille-May-23-2021-Ligue-1
FRA-Ligue 1,2021,Metz,2020-08-30 Metz-Monaco,2020-08-30,Matchweek 2,Sun,Home,L,0,1,Monaco,410.0,525.0,78.1,7916.0,2684.0,158.0,186.0,84.9,193.0,220.0,87.7,54.0,101.0,53.5,0,0.6,0.6,11.0,25.0,6.0,2.0,53.0,15:00:00,/en/matches/02d4a6a1/Metz-Monaco-August-30-2020-Ligue-1
FRA-Ligue 1,2021,Metz,2020-09-13 Lille-Metz,2020-09-13,Matchweek 3,Sun,Away,L,0,1,Lille,276.0,384.0,71.9,5551.0,2371.0,112.0,135.0,83.0,113.0,140.0,80.7,48.0,95.0,50.5,0,0.8,0.8,5.0,17.0,6.0,4.0,19.0,13:00:00,/en/matches/99507b5a/Lille-Metz-September-13-2020-Ligue-1
FRA-Ligue 1,2021,Metz,2020-09-16 Paris S-G-Metz,2020-09-16,Matchweek 1,Wed,Away,L,0,1,Paris S-G,190.0,285.0,66.7,4035.0,1845.0,73.0,91.0,80.2,70.0,89.0,78.7,40.0,85.0,47.1,0,0.9,0.5,6.0,13.0,6.0,2.0,20.0,21:00:00,/en/matches/c5bf1d57/Paris-Saint-Germain-Metz-September-16-2020-Ligue-1
FRA-Ligue 1,2021,Metz,2020-09-20 Metz-Reims,2020-09-20,Matchweek 4,Sun,Home,W,2,1,Reims,403.0,512.0,78.7,6956.0,2174.0,193.0,218.0,88.5,167.0,195.0,85.6,31.0,71.0,43.7,2,1.6,1.4,11.0,35.0,7.0,4.0,33.0,15:00:00,/en/matches/a0f9e058/Metz-Reims-September-20-2020-Ligue-1
FRA-Ligue 1,2021,Metz,2020-09-26 Marseille-Metz,2020-09-26,Matchweek 5,Sat,Away,D,1,1,Marseille,302.0,406.0,74.4,5863.0,2365.0,127.0,151.0,84.1,135.0,159.0,84.9,38.0,80.0,47.5,1,1.0,0.5,10.0,28.0,5.0,2.0,21.0,21:00:00,/en/matches/5a5a6c41/Marseille-Metz-September-26-2020-Ligue-1
FRA-Ligue 1,2021,Metz,2020-10-04 Metz-Lorient,2020-10-04,Matchweek 6,Sun,Home,W,3,1,Lorient,489.0,585.0,83.6,9863.0,3388.0,169.0,187.0,90.4,252.0,276.0,91.3,64.0,102.0,62.7,2,0.7,0.9,11.0,56.0,11.0,6.0,58.0,15:00:00,/en/matches/c14d22d4/Metz-Lorient-October-4-2020-Ligue-1
FRA-Ligue 1,2021,Metz,2020-10-18 Angers-Metz,2020-10-18,Matchweek 7,Sun,Away,D,1,1,Angers,431.0,541.0,79.7,7816.0,2803.0,196.0,217.0,90.3,182.0,212.0,85.8,48.0,95.0,50.5,1,1.0,1.0,4.0,29.0,4.0,0.0,34.0,15:00:00,/en/matches/36193c0a/Angers-Metz-October-18-2020-Ligue-1
FRA-Ligue 1,2021,Metz,2020-10-25 Metz-Saint-Étienne,2020-10-25,Matchweek 8,Sun,Home,W,2,0,Saint-Étienne,257.0,375.0,68.5,5112.0,1983.0,101.0,120.0,84.2,110.0,140.0,78.6,42.0,88.0,47.7,0,0.3,0.3,4.0,25.0,2.0,0.0,23.0,15:00:00,/en/matches/e20f9399/Metz-Saint-Etienne-October-25-2020-Ligue-1
FRA-Ligue 1,2021,Metz,2020-11-01 Nîmes-Metz,2020-11-01,Matchweek 9,Sun,Away,W,1,0,Nîmes,209.0,315.0,66.3,4092.0,1849.0,92.0,116.0,79.3,85.0,107.0,79.4,28.0,78.0,35.9,1,0.6,0.1,3.0,9.0,2.0,1.0,19.0,15:00:00,/en/matches/d3c9822f/Nimes-Metz-November-1-2020-Ligue-1
FRA-Ligue 1,2021,Metz,2020-11-08 Metz-Dijon,2020-11-08,Matchweek 10,Sun,Home,D,1,1,Dijon,348.0,432.0,80.6,6897.0,2790.0,137.0,155.0,88.4,157.0,186.0,84.4,52.0,79.0,65.8,1,1.3,0.9,10.0,37.0,5.0,2.0,48.0,15:00:00,/en/matches/3262d1d8/Metz-Dijon-November-8-2020-Ligue-1
FRA-Ligue 1,2021,Metz,2020-11-22 Nantes-Metz,2020-11-22,Matchweek 11,Sun,Away,D,1,1,Nantes,225.0,325.0,69.2,4195.0,1988.0,103.0,122.0,84.4,79.0,107.0,73.8,34.0,76.0,44.7,0,0.4,0.5,7.0,18.0,7.0,5.0,25.0,13:00:00,/en/matches/20aca344/Nantes-Metz-November-22-2020-Ligue-1
FRA-Ligue 1,2021,Metz,2020-11-29 Metz-Brest,2020-11-29,Matchweek 12,Sun,Home,L,0,2,Brest,397.0,494.0,80.4,7013.0,2885.0,168.0,200.0,84.0,152.0,175.0,86.9,51.0,75.0,68.0,0,0.6,0.8,8.0,42.0,5.0,1.0,58.0,15:00:00,/en/matches/57eeea74/Metz-Brest-November-29-2020-Ligue-1
FRA-Ligue 1,2021,Metz,2020-12-06 Metz-Lyon,2020-12-06,Matchweek 13,Sun,Home,L,1,3,Lyon,393.0,478.0,82.2,6708.0,2494.0,192.0,211.0,91.0,150.0,171.0,87.7,39.0,73.0,53.4,1,0.7,1.0,9.0,41.0,9.0,3.0,48.0,21:00:00,/en/matches/39e71d02/Metz-Lyon-December-6-2020-Ligue-1
FRA-Ligue 1,2021,Metz,2020-12-13 Strasbourg-Metz,2020-12-13,Matchweek 14,Sun,Away,D,2,2,Strasbourg,304.0,424.0,71.7,5895.0,2763.0,127.0,150.0,84.7,125.0,169.0,74.0,44.0,79.0,55.7,1,0.3,0.4,4.0,16.0,3.0,2.0,19.0,15:00:00,/en/matches/d59fe5ea/Strasbourg-Metz-December-13-2020-Ligue-1
FRA-Ligue 1,2021,Metz,2020-12-16 Montpellier-Metz,2020-12-16,Matchweek 15,Wed,Away,W,2,0,Montpellier,324.0,407.0,79.6,6833.0,2589.0,104.0,122.0,85.2,174.0,197.0,88.3,46.0,83.0,55.4,1,0.9,0.4,7.0,20.0,3.0,1.0,25.0,19:00:00,/en/matches/d6277b7a/Montpellier-Metz-December-16-2020-Ligue-1
FRA-Ligue 1,2021,Metz,2020-12-19 Metz-Lens,2020-12-19,Matchweek 16,Sat,Home,W,2,0,Lens,257.0,357.0,72.0,4839.0,2109.0,111.0,130.0,85.4,114.0,136.0,83.8,30.0,80.0,37.5,2,0.9,0.6,11.0,18.0,3.0,1.0,18.0,17:00:00,/en/matches/26ba121c/Metz-Lens-December-19-2020-Ligue-1
FRA-Ligue 1,2021,Metz,2020-12-23 Rennes-Metz,2020-12-23,Matchweek 17,Wed,Away,L,0,1,Rennes,302.0,409.0,73.8,5542.0,2121.0,118.0,136.0,86.8,144.0,176.0,81.8,30.0,71.0,42.3,0,0.9,0.7,7.0,22.0,5.0,0.0,27.0,19:00:00,/en/matches/cb7d6ff7/Rennes-Metz-December-23-2020-Ligue-1
FRA-Ligue 1,2021,Metz,2021-01-06 Metz-Bordeaux,2021-01-06,Matchweek 18,Wed,Home,D,0,0,Bordeaux,373.0,473.0,78.9,6641.0,2301.0,160.0,183.0,87.4,172.0,195.0,88.2,31.0,70.0,44.3,0,0.9,0.5,9.0,17.0,5.0,2.0,24.0,19:00:00,/en/matches/91ee6562/Metz-Bordeaux-January-6-2021-Ligue-1
FRA-Ligue 1,2021,Metz,2021-01-09 Metz-Nice,2021-01-09,Matchweek 19,Sat,Home,D,1,1,Nice,325.0,437.0,74.4,6071.0,2254.0,140.0,165.0,84.8,134.0,173.0,77.5,43.0,73.0,58.9,0,0.6,0.7,13.0,28.0,5.0,2.0,30.0,21:00:00,/en/matches/4004356c/Metz-Nice-January-9-2021-Ligue-1
FRA-Ligue 1,2021,Metz,2021-01-17 Lyon-Metz,2021-01-17,Matchweek 20,Sun,Away,W,1,0,Lyon,244.0,343.0,71.1,4352.0,2023.0,107.0,122.0,87.7,106.0,126.0,84.1,24.0,69.0,34.8,1,1.6,1.0,14.0,10.0,5.0,2.0,24.0,21:00:00,/en/matches/de561d96/Lyon-Metz-January-17-2021-Ligue-1
FRA-Ligue 1,2021,Metz,2021-01-24 Metz-Nantes,2021-01-24,Matchweek 21,Sun,Home,W,2,0,Nantes,317.0,395.0,80.3,5780.0,2225.0,146.0,163.0,89.6,116.0,132.0,87.9,45.0,78.0,57.7,2,0.7,0.5,8.0,26.0,3.0,2.0,26.0,15:00:00,/en/matches/43511ac5/Metz-Nantes-January-24-2021-Ligue-1
FRA-Ligue 1,2021,Metz,2021-01-31 Brest-Metz,2021-01-31,Matchweek 22,Sun,Away,W,4,2,Brest,316.0,401.0,78.8,5571.0,2302.0,161.0,173.0,93.1,114.0,143.0,79.7,36.0,65.0,55.4,1,0.7,0.3,11.0,26.0,4.0,0.0,34.0,15:00:00,/en/matches/dedabe17/Brest-Metz-January-31-2021-Ligue-1
FRA-Ligue 1,2021,Metz,2021-02-03 Metz-Montpellier,2021-02-03,Matchweek 23,Wed,Home,D,1,1,Montpellier,322.0,404.0,79.7,5521.0,1889.0,142.0,159.0,89.3,133.0,157.0,84.7,34.0,67.0,50.7,1,0.9,0.5,14.0,16.0,6.0,4.0,27.0,19:00:00,/en/matches/d53b40e0/Metz-Montpellier-February-3-2021-Ligue-1
FRA-Ligue 1,2021,Metz,2021-02-07 Saint-Étienne-Metz,2021-02-07,Matchweek 24,Sun,Away,L,0,1,Saint-Étienne,388.0,515.0,75.3,6607.0,2242.0,182.0,206.0,88.3,137.0,181.0,75.7,49.0,88.0,55.7,0,0.3,0.2,7.0,20.0,6.0,0.0,29.0,15:00:00,/en/matches/c839991c/Saint-Etienne-Metz-February-7-2021-Ligue-1
FRA-Ligue 1,2021,Metz,2021-02-14 Metz-Strasbourg,2021-02-14,Matchweek 25,Sun,Home,L,1,2,Strasbourg,329.0,442.0,74.4,5751.0,2452.0,150.0,177.0,84.7,126.0,163.0,77.3,37.0,69.0,53.6,1,1.6,0.9,12.0,17.0,7.0,2.0,25.0,15:00:00,/en/matches/13dd281c/Metz-Strasbourg-February-14-2021-Ligue-1
FRA-Ligue 1,2021,Metz,2021-02-21 Nice-Metz,2021-02-21,Matchweek 26,Sun,Away,W,2,1,Nice,256.0,345.0,74.2,4421.0,2150.0,113.0,137.0,82.5,85.0,105.0,81.0,31.0,66.0,47.0,2,1.1,0.5,8.0,14.0,3.0,1.0,19.0,15:00:00,/en/matches/336b4e23/Nice-Metz-February-21-2021-Ligue-1
FRA-Ligue 1,2021,Metz,2021-02-27 Bordeaux-Metz,2021-02-27,Matchweek 27,Sat,Away,W,2,1,Bordeaux,318.0,440.0,72.3,6028.0,2416.0,140.0,158.0,88.6,124.0,159.0,78.0,48.0,96.0,50.0,2,1.9,1.6,13.0,25.0,6.0,4.0,40.0,13:00:00,/en/matches/e0f22e82/Bordeaux-Metz-February-27-2021-Ligue-1
FRA-Ligue 1,2021,Metz,2021-03-03 Metz-Angers,2021-03-03,Matchweek 28,Wed,Home,L,0,1,Angers,531.0,633.0,83.9,9599.0,2975.0,218.0,253.0,86.2,241.0,265.0,90.9,61.0,88.0,69.3,0,0.5,0.4,9.0,35.0,6.0,3.0,42.0,19:00:00,/en/matches/667969fb/Metz-Angers-March-3-2021-Ligue-1
FRA-Ligue 1,2021,Metz,2021-03-14 Lens-Metz,2021-03-14,Matchweek 29,Sun,Away,D,2,2,Lens,350.0,444.0,78.8,6024.0,1872.0,165.0,182.0,90.7,148.0,175.0,84.6,30.0,69.0,43.5,0,0.1,0.1,2.0,13.0,1.0,0.0,18.0,15:00:00,/en/matches/131423e4/Lens-Metz-March-14-2021-Ligue-1
FRA-Ligue 1,2021,Metz,2021-03-20 Metz-Rennes,2021-03-20,Matchweek 30,Sat,Home,L,1,3,Rennes,436.0,554.0,78.7,7655.0,2414.0,198.0,225.0,88.0,192.0,222.0,86.5,38.0,84.0,45.2,1,0.7,0.8,12.0,37.0,11.0,2.0,56.0,13:00:00,/en/matches/cc1f739a/Metz-Rennes-March-20-2021-Ligue-1
FRA-Ligue 1,2021,Metz,2021-04-03 Monaco-Metz,2021-04-03,Matchweek 31,Sat,Away,L,0,4,Monaco,282.0,357.0,79.0,4975.0,2072.0,141.0,157.0,89.8,106.0,125.0,84.8,29.0,57.0,50.9,0,0.2,0.2,3.0,16.0,3.0,0.0,24.0,13:00:00,/en/matches/11fdf91b/Monaco-Metz-April-3-2021-Ligue-1
FRA-Ligue 1,2021,Metz,2021-04-09 Metz-Lille,2021-04-09,Matchweek 32,Fri,Home,L,0,2,Lille,351.0,455.0,77.1,6514.0,2176.0,143.0,166.0,86.1,160.0,185.0,86.5,42.0,82.0,51.2,0,0.6,0.6,14.0,21.0,6.0,2.0,34.0,21:00:00,/en/matches/be261d66/Metz-Lille-April-9-2021-Ligue-1
FRA-Ligue 1,2021,Metz,2021-04-18 Reims-Metz,2021-04-18,Matchweek 33,Sun,Away,D,0,0,Reims,427.0,525.0,81.3,7687.0,2779.0,195.0,223.0,87.4,178.0,197.0,90.4,45.0,72.0,62.5,0,0.5,0.6,7.0,32.0,3.0,1.0,32.0,15:00:00,/en/matches/b7a01ae1/Reims-Metz-April-18-2021-Ligue-1
FRA-Ligue 1,2021,Metz,2021-04-24 Metz-Paris S-G,2021-04-24,Matchweek 34,Sat,Home,L,1,3,Paris S-G,289.0,361.0,80.1,5367.0,2048.0,129.0,148.0,87.2,114.0,125.0,91.2,39.0,71.0,54.9,1,0.6,0.5,6.0,12.0,1.0,1.0,19.0,17:00:00,/en/matches/370cea73/Metz-Paris-Saint-Germain-April-24-2021-Ligue-1
FRA-Ligue 1,2021,Metz,2021-05-02 Dijon-Metz,2021-05-02,Matchweek 35,Sun,Away,W,5,1,Dijon,436.0,534.0,81.6,8422.0,2750.0,178.0,191.0,93.2,186.0,222.0,83.8,63.0,93.0,67.7,2,0.8,0.9,9.0,29.0,9.0,3.0,40.0,15:00:00,/en/matches/1a56a046/Dijon-Metz-May-2-2021-Ligue-1
FRA-Ligue 1,2021,Metz,2021-05-09 Metz-Nîmes,2021-05-09,Matchweek 36,Sun,Home,L,0,3,Nîmes,500.0,603.0,82.9,8799.0,2842.0,212.0,237.0,89.5,219.0,252.0,86.9,47.0,71.0,66.2,0,0.7,0.7,10.0,34.0,7.0,2.0,47.0,15:00:00,/en/matches/f4478aa3/Metz-Nimes-May-9-2021-Ligue-1
FRA-Ligue 1,2021,Metz,2021-05-16 Lorient-Metz,2021-05-16,Matchweek 37,Sun,Away,L,1,2,Lorient,576.0,677.0,85.1,10241.0,3016.0,233.0,251.0,92.8,283.0,321.0,88.2,51.0,80.0,63.8,1,0.0,0.2,1.0,34.0,2.0,0.0,46.0,21:00:00,/en/matches/7d8a4586/Lorient-Metz-May-16-2021-Ligue-1
FRA-Ligue 1,2021,Metz,2021-05-23 Metz-Marseille,2021-05-23,Matchweek 38,Sun,Home,D,1,1,Marseille,284.0,364.0,78.0,5458.0,2225.0,119.0,139.0,85.6,122.0,144.0,84.7,37.0,63.0,58.7,0,0.2,0.4,6.0,23.0,3.0,1.0,37.0,21:00:00,/en/matches/a73885a8/Metz-Marseille-May-23-2021-Ligue-1
FRA-Ligue 1,2021,Monaco,2020-08-23 Monaco-Reims,2020-08-23,Matchweek 1,Sun,Home,D,2,2,Reims,700.0,794.0,88.2,12342.0,3563.0,295.0,319.0,92.5,321.0,353.0,90.9,66.0,89.0,74.2,2,1.7,1.9,20.0,64.0,16.0,7.0,63.0,13:00:00,/en/matches/b3bddcc0/Monaco-Reims-August-23-2020-Ligue-1
FRA-Ligue 1,2021,Monaco,2020-08-30 Metz-Monaco,2020-08-30,Matchweek 2,Sun,Away,W,1,0,Metz,320.0,439.0,72.9,5548.0,1959.0,149.0,174.0,85.6,128.0,152.0,84.2,34.0,80.0,42.5,0,0.1,0.4,2.0,18.0,2.0,0.0,23.0,15:00:00,/en/matches/02d4a6a1/Metz-Monaco-August-30-2020-Ligue-1
FRA-Ligue 1,2021,Monaco,2020-09-13 Monaco-Nantes,2020-09-13,Matchweek 3,Sun,Home,W,2,1,Nantes,518.0,623.0,83.1,8947.0,3172.0,255.0,270.0,94.4,191.0,234.0,81.6,61.0,92.0,66.3,1,2.0,1.1,13.0,39.0,8.0,2.0,50.0,17:00:00,/en/matches/13159177/Monaco-Nantes-September-13-2020-Ligue-1
FRA-Ligue 1,2021,Monaco,2020-09-19 Rennes-Monaco,2020-09-19,Matchweek 4,Sat,Away,L,1,2,Rennes,374.0,470.0,79.6,6635.0,2547.0,164.0,187.0,87.7,162.0,183.0,88.5,39.0,74.0,52.7,0,0.8,1.1,10.0,25.0,3.0,1.0,34.0,21:00:00,/en/matches/17da8c83/Rennes-Monaco-September-19-2020-Ligue-1
FRA-Ligue 1,2021,Monaco,2020-09-27 Monaco-Strasbourg,2020-09-27,Matchweek 5,Sun,Home,W,3,2,Strasbourg,463.0,576.0,80.4,8046.0,2983.0,216.0,245.0,88.2,178.0,200.0,89.0,52.0,91.0,57.1,3,1.2,0.9,9.0,30.0,7.0,2.0,40.0,15:00:00,/en/matches/6901ecbc/Monaco-Strasbourg-September-27-2020-Ligue-1
FRA-Ligue 1,2021,Monaco,2020-10-04 Brest-Monaco,2020-10-04,Matchweek 6,Sun,Away,L,0,1,Brest,597.0,711.0,84.0,10400.0,3609.0,272.0,310.0,87.7,243.0,271.0,89.7,59.0,88.0,67.0,0,0.9,1.4,13.0,67.0,15.0,5.0,73.0,15:00:00,/en/matches/020a699d/Brest-Monaco-October-4-2020-Ligue-1
FRA-Ligue 1,2021,Monaco,2020-10-18 Monaco-Montpellier,2020-10-18,Matchweek 7,Sun,Home,D,1,1,Montpellier,636.0,764.0,83.2,11462.0,3161.0,262.0,291.0,90.0,288.0,319.0,90.3,66.0,104.0,63.5,0,1.0,2.1,16.0,81.0,20.0,8.0,88.0,15:00:00,/en/matches/d9596cec/Monaco-Montpellier-October-18-2020-Ligue-1
FRA-Ligue 1,2021,Monaco,2020-10-25 Lyon-Monaco,2020-10-25,Matchweek 8,Sun,Away,L,1,4,Lyon,510.0,615.0,82.9,8677.0,2742.0,246.0,267.0,92.1,206.0,237.0,86.9,48.0,85.0,56.5,0,0.9,0.9,12.0,29.0,10.0,5.0,39.0,21:00:00,/en/matches/4073f54c/Lyon-Monaco-October-25-2020-Ligue-1
FRA-Ligue 1,2021,Monaco,2020-11-01 Monaco-Bordeaux,2020-11-01,Matchweek 9,Sun,Home,W,4,0,Bordeaux,428.0,506.0,84.6,8004.0,2724.0,170.0,184.0,92.4,199.0,220.0,90.5,47.0,78.0,60.3,3,2.6,2.8,14.0,36.0,7.0,1.0,51.0,17:00:00,/en/matches/371ae7de/Monaco-Bordeaux-November-1-2020-Ligue-1
FRA-Ligue 1,2021,Monaco,2020-11-08 Nice-Monaco,2020-11-08,Matchweek 10,Sun,Away,W,2,1,Nice,290.0,388.0,74.7,5300.0,1954.0,135.0,148.0,91.2,112.0,138.0,81.2,39.0,83.0,47.0,1,1.6,0.7,12.0,19.0,6.0,0.0,21.0,17:00:00,/en/matches/6f942c22/Nice-Monaco-November-8-2020-Ligue-1
FRA-Ligue 1,2021,Monaco,2020-11-20 Monaco-Paris S-G,2020-11-20,Matchweek 11,Fri,Home,W,3,2,Paris S-G,475.0,569.0,83.5,7676.0,2532.0,253.0,276.0,91.7,172.0,200.0,86.0,37.0,60.0,61.7,1,1.3,2.3,10.0,30.0,10.0,1.0,43.0,21:00:00,/en/matches/8ff1eb68/Monaco-Paris-Saint-Germain-November-20-2020-Ligue-1
FRA-Ligue 1,2021,Monaco,2020-11-29 Monaco-Nîmes,2020-11-29,Matchweek 12,Sun,Home,W,3,0,Nîmes,571.0,670.0,85.2,10932.0,3843.0,211.0,228.0,92.5,288.0,320.0,90.0,64.0,103.0,62.1,3,3.1,2.9,15.0,64.0,21.0,6.0,73.0,15:00:00,/en/matches/50ca8cbf/Monaco-Nimes-November-29-2020-Ligue-1
FRA-Ligue 1,2021,Monaco,2020-12-06 Lille-Monaco,2020-12-06,Matchweek 13,Sun,Away,L,1,2,Lille,521.0,640.0,81.4,9728.0,3506.0,173.0,204.0,84.8,271.0,309.0,87.7,55.0,82.0,67.1,1,0.9,0.4,8.0,38.0,6.0,2.0,55.0,13:00:00,/en/matches/5c353be0/Lille-Monaco-December-6-2020-Ligue-1
FRA-Ligue 1,2021,Monaco,2020-12-12 Marseille-Monaco,2020-12-12,Matchweek 14,Sat,Away,L,1,2,Marseille,474.0,612.0,77.5,8598.0,2927.0,210.0,238.0,88.2,210.0,254.0,82.7,48.0,88.0,54.5,0,1.1,1.4,8.0,38.0,13.0,5.0,49.0,17:00:00,/en/matches/c82895c6/Marseille-Monaco-December-12-2020-Ligue-1
FRA-Ligue 1,2021,Monaco,2020-12-16 Monaco-Lens,2020-12-16,Matchweek 15,Wed,Home,L,0,3,Lens,262.0,356.0,73.6,5035.0,1733.0,105.0,125.0,84.0,113.0,138.0,81.9,36.0,69.0,52.2,0,0.7,0.8,6.0,17.0,1.0,1.0,23.0,21:00:00,/en/matches/46790907/Monaco-Lens-December-16-2020-Ligue-1
FRA-Ligue 1,2021,Monaco,2020-12-20 Dijon-Monaco,2020-12-20,Matchweek 16,Sun,Away,W,1,0,Dijon,347.0,454.0,76.4,7039.0,2845.0,134.0,161.0,83.2,154.0,184.0,83.7,55.0,96.0,57.3,1,0.5,0.7,10.0,29.0,12.0,4.0,52.0,15:00:00,/en/matches/627d98ea/Dijon-Monaco-December-20-2020-Ligue-1
FRA-Ligue 1,2021,Monaco,2020-12-23 Monaco-Saint-Étienne,2020-12-23,Matchweek 17,Wed,Home,D,2,2,Saint-Étienne,246.0,362.0,68.0,4852.0,1755.0,94.0,121.0,77.7,112.0,149.0,75.2,34.0,78.0,43.6,2,0.8,0.4,2.0,13.0,4.0,0.0,17.0,21:00:00,/en/matches/b6b53a29/Monaco-Saint-Etienne-December-23-2020-Ligue-1
FRA-Ligue 1,2021,Monaco,2021-01-06 Lorient-Monaco,2021-01-06,Matchweek 18,Wed,Away,W,5,2,Lorient,519.0,613.0,84.7,9032.0,2936.0,214.0,241.0,88.8,259.0,286.0,90.6,37.0,58.0,63.8,4,0.9,1.5,8.0,41.0,11.0,1.0,53.0,19:00:00,/en/matches/fb3cebfb/Lorient-Monaco-January-6-2021-Ligue-1
FRA-Ligue 1,2021,Monaco,2021-01-09 Monaco-Angers,2021-01-09,Matchweek 19,Sat,Home,W,3,0,Angers,524.0,642.0,81.6,9905.0,3349.0,191.0,217.0,88.0,265.0,310.0,85.5,63.0,102.0,61.8,3,1.8,1.1,12.0,47.0,5.0,1.0,49.0,21:00:00,/en/matches/0b79b895/Monaco-Angers-January-9-2021-Ligue-1
FRA-Ligue 1,2021,Monaco,2021-01-15 Montpellier-Monaco,2021-01-15,Matchweek 20,Fri,Away,W,3,2,Montpellier,322.0,456.0,70.6,5716.0,2308.0,148.0,178.0,83.1,140.0,179.0,78.2,29.0,74.0,39.2,1,1.5,1.7,13.0,16.0,7.0,3.0,36.0,21:00:00,/en/matches/e6f83f31/Montpellier-Monaco-January-15-2021-Ligue-1
FRA-Ligue 1,2021,Monaco,2021-01-23 Monaco-Marseille,2021-01-23,Matchweek 21,Sat,Home,W,3,1,Marseille,374.0,521.0,71.8,6679.0,2444.0,155.0,194.0,79.9,167.0,207.0,80.7,37.0,79.0,46.8,2,1.1,1.1,7.0,25.0,6.0,1.0,38.0,21:00:00,/en/matches/d54f636f/Monaco-Marseille-January-23-2021-Ligue-1
FRA-Ligue 1,2021,Monaco,2021-01-31 Nantes-Monaco,2021-01-31,Matchweek 22,Sun,Away,W,2,1,Nantes,569.0,689.0,82.6,10439.0,3545.0,214.0,251.0,85.3,294.0,324.0,90.7,55.0,87.0,63.2,2,1.3,1.2,12.0,44.0,14.0,3.0,63.0,21:00:00,/en/matches/e1e4471a/Nantes-Monaco-January-31-2021-Ligue-1
FRA-Ligue 1,2021,Monaco,2021-02-03 Monaco-Nice,2021-02-03,Matchweek 23,Wed,Home,W,2,1,Nice,312.0,426.0,73.2,6174.0,2167.0,125.0,158.0,79.1,138.0,170.0,81.2,46.0,81.0,56.8,1,1.6,1.3,10.0,27.0,5.0,0.0,27.0,21:00:00,/en/matches/e3256b4e/Monaco-Nice-February-3-2021-Ligue-1
FRA-Ligue 1,2021,Monaco,2021-02-07 Nîmes-Monaco,2021-02-07,Matchweek 24,Sun,Away,W,4,3,Nîmes,481.0,582.0,82.6,8687.0,2861.0,195.0,217.0,89.9,213.0,237.0,89.9,53.0,92.0,57.6,3,1.2,1.0,9.0,24.0,8.0,4.0,33.0,15:00:00,/en/matches/56b1c227/Nimes-Monaco-February-7-2021-Ligue-1
FRA-Ligue 1,2021,Monaco,2021-02-14 Monaco-Lorient,2021-02-14,Matchweek 25,Sun,Home,D,2,2,Lorient,659.0,792.0,83.2,11770.0,3699.0,301.0,340.0,88.5,285.0,318.0,89.6,61.0,101.0,60.4,1,1.4,1.7,10.0,66.0,21.0,3.0,69.0,13:00:00,/en/matches/6c45a288/Monaco-Lorient-February-14-2021-Ligue-1
FRA-Ligue 1,2021,Monaco,2021-02-21 Paris S-G-Monaco,2021-02-21,Matchweek 26,Sun,Away,W,2,0,Paris S-G,207.0,297.0,69.7,4002.0,1728.0,90.0,106.0,84.9,77.0,100.0,77.0,35.0,75.0,46.7,1,1.2,0.9,4.0,8.0,7.0,2.0,14.0,21:00:00,/en/matches/6a139966/Paris-Saint-Germain-Monaco-February-21-2021-Ligue-1
FRA-Ligue 1,2021,Monaco,2021-02-28 Monaco-Brest,2021-02-28,Matchweek 27,Sun,Home,W,2,0,Brest,633.0,742.0,85.3,12194.0,3745.0,226.0,254.0,89.0,326.0,366.0,89.1,74.0,96.0,77.1,2,1.2,1.4,11.0,68.0,13.0,1.0,80.0,13:00:00,/en/matches/b66eb412/Monaco-Brest-February-28-2021-Ligue-1
FRA-Ligue 1,2021,Monaco,2021-03-03 Strasbourg-Monaco,2021-03-03,Matchweek 28,Wed,Away,L,0,1,Strasbourg,472.0,609.0,77.5,7781.0,2942.0,213.0,248.0,85.9,201.0,242.0,83.1,34.0,69.0,49.3,0,0.6,1.0,4.0,32.0,4.0,1.0,37.0,21:00:00,/en/matches/6ec67dc8/Strasbourg-Monaco-March-3-2021-Ligue-1
FRA-Ligue 1,2021,Monaco,2021-03-14 Monaco-Lille,2021-03-14,Matchweek 29,Sun,Home,D,0,0,Lille,591.0,706.0,83.7,10023.0,3059.0,260.0,284.0,91.5,261.0,292.0,89.4,48.0,87.0,55.2,0,0.6,0.5,7.0,21.0,9.0,1.0,55.0,17:05:00,/en/matches/ae299f0e/Monaco-Lille-March-14-2021-Ligue-1
FRA-Ligue 1,2021,Monaco,2021-03-19 Saint-Étienne-Monaco,2021-03-19,Matchweek 30,Fri,Away,W,4,0,Saint-Étienne,514.0,633.0,81.2,9123.0,2739.0,195.0,227.0,85.9,264.0,299.0,88.3,40.0,76.0,52.6,3,0.8,0.7,9.0,36.0,7.0,1.0,52.0,21:00:00,/en/matches/78af4b5d/Saint-Etienne-Monaco-March-19-2021-Ligue-1
FRA-Ligue 1,2021,Monaco,2021-04-03 Monaco-Metz,2021-04-03,Matchweek 31,Sat,Home,W,4,0,Metz,460.0,564.0,81.6,8362.0,3139.0,180.0,204.0,88.2,209.0,242.0,86.4,54.0,82.0,65.9,2,0.8,1.2,11.0,31.0,15.0,1.0,53.0,13:00:00,/en/matches/11fdf91b/Monaco-Metz-April-3-2021-Ligue-1
FRA-Ligue 1,2021,Monaco,2021-04-11 Monaco-Dijon,2021-04-11,Matchweek 32,Sun,Home,W,3,0,Dijon,578.0,686.0,84.3,9736.0,3230.0,256.0,286.0,89.5,262.0,287.0,91.3,42.0,73.0,57.5,1,2.0,1.4,10.0,31.0,12.0,0.0,54.0,17:05:00,/en/matches/24d1a5c7/Monaco-Dijon-April-11-2021-Ligue-1
FRA-Ligue 1,2021,Monaco,2021-04-18 Bordeaux-Monaco,2021-04-18,Matchweek 33,Sun,Away,W,3,0,Bordeaux,543.0,659.0,82.4,9448.0,3227.0,253.0,274.0,92.3,241.0,283.0,85.2,45.0,79.0,57.0,3,2.0,1.6,11.0,40.0,14.0,1.0,50.0,17:05:00,/en/matches/1b271f46/Bordeaux-Monaco-April-18-2021-Ligue-1
FRA-Ligue 1,2021,Monaco,2021-04-25 Angers-Monaco,2021-04-25,Matchweek 34,Sun,Away,W,1,0,Angers,469.0,579.0,81.0,8510.0,3043.0,189.0,213.0,88.7,216.0,249.0,86.7,49.0,89.0,55.1,1,1.6,0.7,9.0,31.0,8.0,0.0,40.0,17:05:00,/en/matches/d287f476/Angers-Monaco-April-25-2021-Ligue-1
FRA-Ligue 1,2021,Monaco,2021-05-02 Monaco-Lyon,2021-05-02,Matchweek 35,Sun,Home,L,2,3,Lyon,340.0,469.0,72.5,5905.0,2263.0,150.0,187.0,80.2,144.0,173.0,83.2,36.0,82.0,43.9,1,0.9,0.8,8.0,27.0,9.0,1.0,29.0,21:00:00,/en/matches/27e1ab19/Monaco-Lyon-May-2-2021-Ligue-1
FRA-Ligue 1,2021,Monaco,2021-05-09 Reims-Monaco,2021-05-09,Matchweek 36,Sun,Away,W,1,0,Reims,597.0,683.0,87.4,10810.0,3077.0,225.0,249.0,90.4,312.0,340.0,91.8,49.0,75.0,65.3,1,0.9,1.2,7.0,30.0,10.0,2.0,41.0,17:05:00,/en/matches/8eec746c/Reims-Monaco-May-9-2021-Ligue-1
FRA-Ligue 1,2021,Monaco,2021-05-16 Monaco-Rennes,2021-05-16,Matchweek 37,Sun,Home,W,2,1,Rennes,286.0,405.0,70.6,5468.0,2213.0,114.0,138.0,82.6,126.0,162.0,77.8,36.0,75.0,48.0,2,1.3,1.0,9.0,18.0,5.0,0.0,24.0,21:00:00,/en/matches/31247d59/Monaco-Rennes-May-16-2021-Ligue-1
FRA-Ligue 1,2021,Monaco,2021-05-23 Lens-Monaco,2021-05-23,Matchweek 38,Sun,Away,D,0,0,Lens,556.0,689.0,80.7,9986.0,2990.0,230.0,262.0,87.8,253.0,287.0,88.2,61.0,103.0,59.2,0,1.0,0.9,9.0,47.0,13.0,3.0,59.0,21:00:00,/en/matches/d8330dc2/Lens-Monaco-May-23-2021-Ligue-1
FRA-Ligue 1,2021,Montpellier,2020-08-29 Rennes-Montpellier,2020-08-29,Matchweek 2,Sat,Away,L,1,2,Rennes,247.0,340.0,72.6,5187.0,2296.0,107.0,128.0,83.6,91.0,114.0,79.8,48.0,86.0,55.8,1,0.4,0.6,5.0,22.0,7.0,5.0,27.0,17:00:00,/en/matches/1ec60fe6/Rennes-Montpellier-August-29-2020-Ligue-1
FRA-Ligue 1,2021,Montpellier,2020-09-12 Montpellier-Nice,2020-09-12,Matchweek 3,Sat,Home,W,3,1,Nice,241.0,329.0,73.3,5349.0,2195.0,87.0,98.0,88.8,97.0,125.0,77.6,55.0,88.0,62.5,3,1.6,1.3,17.0,18.0,12.0,5.0,29.0,17:00:00,/en/matches/e1ed5031/Montpellier-Nice-September-12-2020-Ligue-1
FRA-Ligue 1,2021,Montpellier,2020-09-15 Montpellier-Lyon,2020-09-15,Matchweek 1,Tue,Home,W,2,1,Lyon,338.0,426.0,79.3,6301.0,2216.0,138.0,159.0,86.8,149.0,169.0,88.2,44.0,79.0,55.7,1,0.4,0.4,8.0,22.0,6.0,4.0,29.0,21:00:00,/en/matches/5581d486/Montpellier-Lyon-September-15-2020-Ligue-1
FRA-Ligue 1,2021,Montpellier,2020-09-20 Montpellier-Angers,2020-09-20,Matchweek 4,Sun,Home,W,4,1,Angers,468.0,565.0,82.8,8707.0,3209.0,199.0,227.0,87.7,209.0,238.0,87.8,54.0,79.0,68.4,4,1.3,0.9,10.0,39.0,7.0,2.0,54.0,15:00:00,/en/matches/14504cc6/Montpellier-Angers-September-20-2020-Ligue-1
FRA-Ligue 1,2021,Montpellier,2020-09-27 Dijon-Montpellier,2020-09-27,Matchweek 5,Sun,Away,D,2,2,Dijon,424.0,538.0,78.8,8332.0,3086.0,166.0,196.0,84.7,186.0,220.0,84.5,68.0,108.0,63.0,1,1.4,1.6,10.0,29.0,11.0,3.0,54.0,15:00:00,/en/matches/d8bc5e5b/Dijon-Montpellier-September-27-2020-Ligue-1
FRA-Ligue 1,2021,Montpellier,2020-10-04 Montpellier-Nîmes,2020-10-04,Matchweek 6,Sun,Home,L,0,1,Nîmes,334.0,473.0,70.6,6540.0,2897.0,124.0,148.0,83.8,145.0,183.0,79.2,55.0,104.0,52.9,0,0.6,1.0,9.0,40.0,8.0,3.0,38.0,13:00:00,/en/matches/d63bd80e/Montpellier-Nimes-October-4-2020-Ligue-1
FRA-Ligue 1,2021,Montpellier,2020-10-18 Monaco-Montpellier,2020-10-18,Matchweek 7,Sun,Away,D,1,1,Monaco,102.0,195.0,52.3,2552.0,1771.0,37.0,53.0,69.8,32.0,56.0,57.1,28.0,71.0,39.4,0,0.1,0.1,2.0,11.0,0.0,0.0,3.0,15:00:00,/en/matches/d9596cec/Monaco-Montpellier-October-18-2020-Ligue-1
FRA-Ligue 1,2021,Montpellier,2020-10-25 Montpellier-Reims,2020-10-25,Matchweek 8,Sun,Home,L,0,4,Reims,277.0,358.0,77.4,5293.0,2009.0,113.0,129.0,87.6,111.0,132.0,84.1,47.0,82.0,57.3,0,0.2,0.1,4.0,16.0,0.0,0.0,21.0,15:00:00,/en/matches/395d1d43/Montpellier-Reims-October-25-2020-Ligue-1
FRA-Ligue 1,2021,Montpellier,2020-11-01 Saint-Étienne-Montpellier,2020-11-01,Matchweek 9,Sun,Away,W,1,0,Saint-Étienne,347.0,447.0,77.6,6955.0,2902.0,146.0,162.0,90.1,135.0,169.0,79.9,61.0,93.0,65.6,0,0.6,0.9,9.0,18.0,6.0,3.0,24.0,13:00:00,/en/matches/780282ee/Saint-Etienne-Montpellier-November-1-2020-Ligue-1
FRA-Ligue 1,2021,Montpellier,2020-11-07 Bordeaux-Montpellier,2020-11-07,Matchweek 10,Sat,Away,W,2,0,Bordeaux,414.0,504.0,82.1,8172.0,2829.0,143.0,160.0,89.4,205.0,229.0,89.5,57.0,98.0,58.2,2,1.2,0.8,8.0,35.0,3.0,2.0,44.0,17:00:00,/en/matches/0a398d60/Bordeaux-Montpellier-November-7-2020-Ligue-1
FRA-Ligue 1,2021,Montpellier,2020-11-22 Montpellier-Strasbourg,2020-11-22,Matchweek 11,Sun,Home,W,4,3,Strasbourg,440.0,527.0,83.5,8152.0,3089.0,175.0,192.0,91.1,188.0,216.0,87.0,62.0,93.0,66.7,4,2.4,1.9,17.0,27.0,11.0,4.0,47.0,15:00:00,/en/matches/f01e2c09/Montpellier-Strasbourg-November-22-2020-Ligue-1
FRA-Ligue 1,2021,Montpellier,2020-11-29 Lorient-Montpellier,2020-11-29,Matchweek 12,Sun,Away,W,1,0,Lorient,431.0,546.0,78.9,8811.0,3194.0,159.0,192.0,82.8,185.0,217.0,85.3,81.0,118.0,68.6,1,0.7,0.7,13.0,30.0,10.0,4.0,41.0,15:00:00,/en/matches/5ede6719/Lorient-Montpellier-November-29-2020-Ligue-1
FRA-Ligue 1,2021,Montpellier,2020-12-05 Montpellier-Paris S-G,2020-12-05,Matchweek 13,Sat,Home,L,1,3,Paris S-G,295.0,392.0,75.3,5367.0,2216.0,123.0,150.0,82.0,114.0,133.0,85.7,41.0,73.0,56.2,0,1.0,0.9,10.0,16.0,4.0,3.0,28.0,21:00:00,/en/matches/52a2e13f/Montpellier-Paris-Saint-Germain-December-5-2020-Ligue-1
FRA-Ligue 1,2021,Montpellier,2020-12-12 Lens-Montpellier,2020-12-12,Matchweek 14,Sat,Away,W,3,2,Lens,291.0,403.0,72.2,5644.0,2602.0,121.0,145.0,83.4,129.0,156.0,82.7,39.0,89.0,43.8,2,0.6,0.4,6.0,28.0,3.0,3.0,31.0,21:00:00,/en/matches/85b566d3/Lens-Montpellier-December-12-2020-Ligue-1
FRA-Ligue 1,2021,Montpellier,2020-12-16 Montpellier-Metz,2020-12-16,Matchweek 15,Wed,Home,L,0,2,Metz,460.0,582.0,79.0,9167.0,3479.0,161.0,190.0,84.7,218.0,260.0,83.8,71.0,110.0,64.5,0,1.0,0.8,11.0,53.0,10.0,4.0,55.0,19:00:00,/en/matches/d6277b7a/Montpellier-Metz-December-16-2020-Ligue-1
FRA-Ligue 1,2021,Montpellier,2020-12-20 Brest-Montpellier,2020-12-20,Matchweek 16,Sun,Away,D,2,2,Brest,399.0,484.0,82.4,7604.0,3046.0,155.0,172.0,90.1,179.0,206.0,86.9,51.0,79.0,64.6,2,0.6,0.9,8.0,29.0,7.0,4.0,47.0,13:00:00,/en/matches/354064d8/Brest-Montpellier-December-20-2020-Ligue-1
FRA-Ligue 1,2021,Montpellier,2020-12-23 Montpellier-Lille,2020-12-23,Matchweek 17,Wed,Home,L,2,3,Lille,359.0,457.0,78.6,7404.0,2881.0,105.0,126.0,83.3,195.0,223.0,87.4,52.0,84.0,61.9,1,1.0,1.0,12.0,33.0,9.0,5.0,51.0,21:00:00,/en/matches/18198e56/Montpellier-Lille-December-23-2020-Ligue-1
FRA-Ligue 1,2021,Montpellier,2021-01-06 Marseille-Montpellier,2021-01-06,Matchweek 18,Wed,Away,L,1,3,Marseille,380.0,495.0,76.8,7051.0,2814.0,155.0,176.0,88.1,167.0,213.0,78.4,50.0,74.0,67.6,1,1.2,0.8,12.0,33.0,8.0,3.0,39.0,21:00:00,/en/matches/bf3df422/Marseille-Montpellier-January-6-2021-Ligue-1
FRA-Ligue 1,2021,Montpellier,2021-01-09 Montpellier-Nantes,2021-01-09,Matchweek 19,Sat,Home,D,1,1,Nantes,376.0,466.0,80.7,7937.0,3130.0,126.0,144.0,87.5,185.0,220.0,84.1,63.0,87.0,72.4,0,0.3,0.4,3.0,28.0,4.0,2.0,45.0,21:00:00,/en/matches/6bcc912f/Montpellier-Nantes-January-9-2021-Ligue-1
FRA-Ligue 1,2021,Montpellier,2021-01-15 Montpellier-Monaco,2021-01-15,Matchweek 20,Fri,Home,L,2,3,Monaco,361.0,491.0,73.5,7423.0,3135.0,132.0,176.0,75.0,169.0,202.0,83.7,57.0,95.0,60.0,2,0.7,1.1,8.0,26.0,4.0,2.0,30.0,21:00:00,/en/matches/e6f83f31/Montpellier-Monaco-January-15-2021-Ligue-1
FRA-Ligue 1,2021,Montpellier,2021-01-22 Paris S-G-Montpellier,2021-01-22,Matchweek 21,Fri,Away,L,0,4,Paris S-G,176.0,261.0,67.4,3780.0,2043.0,70.0,88.0,79.5,66.0,86.0,76.7,35.0,66.0,53.0,0,0.3,0.1,3.0,11.0,1.0,0.0,12.0,21:00:00,/en/matches/d47d95ab/Paris-Saint-Germain-Montpellier-January-22-2021-Ligue-1
FRA-Ligue 1,2021,Montpellier,2021-01-30 Montpellier-Lens,2021-01-30,Matchweek 22,Sat,Home,L,1,2,Lens,360.0,479.0,75.2,7602.0,2805.0,124.0,145.0,85.5,153.0,194.0,78.9,76.0,114.0,66.7,1,0.9,1.4,12.0,37.0,9.0,4.0,42.0,17:00:00,/en/matches/93d96e5c/Montpellier-Lens-January-30-2021-Ligue-1
FRA-Ligue 1,2021,Montpellier,2021-02-03 Metz-Montpellier,2021-02-03,Matchweek 23,Wed,Away,D,1,1,Metz,401.0,495.0,81.0,7253.0,2970.0,171.0,189.0,90.5,153.0,179.0,85.5,58.0,87.0,66.7,0,0.8,0.4,9.0,21.0,6.0,2.0,29.0,19:00:00,/en/matches/d53b40e0/Metz-Montpellier-February-3-2021-Ligue-1
FRA-Ligue 1,2021,Montpellier,2021-02-07 Montpellier-Dijon,2021-02-07,Matchweek 24,Sun,Home,W,4,2,Dijon,432.0,527.0,82.0,8008.0,3144.0,182.0,198.0,91.9,182.0,210.0,86.7,59.0,93.0,63.4,2,3.0,2.7,19.0,40.0,13.0,11.0,54.0,15:00:00,/en/matches/0fdbe73d/Montpellier-Dijon-February-7-2021-Ligue-1
FRA-Ligue 1,2021,Montpellier,2021-02-13 Lyon-Montpellier,2021-02-13,Matchweek 25,Sat,Away,W,2,1,Lyon,322.0,435.0,74.0,5926.0,2568.0,136.0,161.0,84.5,100.0,139.0,71.9,55.0,83.0,66.3,1,0.6,0.5,7.0,17.0,7.0,5.0,29.0,21:00:00,/en/matches/385da91b/Lyon-Montpellier-February-13-2021-Ligue-1
FRA-Ligue 1,2021,Montpellier,2021-02-21 Montpellier-Rennes,2021-02-21,Matchweek 26,Sun,Home,W,2,1,Rennes,266.0,353.0,75.4,4800.0,2016.0,127.0,143.0,88.8,100.0,116.0,86.2,32.0,76.0,42.1,1,0.7,0.8,5.0,18.0,4.0,0.0,26.0,13:00:00,/en/matches/878465f3/Montpellier-Rennes-February-21-2021-Ligue-1
FRA-Ligue 1,2021,Montpellier,2021-02-28 Reims-Montpellier,2021-02-28,Matchweek 27,Sun,Away,D,0,0,Reims,306.0,408.0,75.0,5808.0,2725.0,152.0,175.0,86.9,91.0,114.0,79.8,56.0,98.0,57.1,0,0.3,0.3,5.0,20.0,3.0,1.0,25.0,15:00:00,/en/matches/de4cb95e/Reims-Montpellier-February-28-2021-Ligue-1
FRA-Ligue 1,2021,Montpellier,2021-03-03 Montpellier-Lorient,2021-03-03,Matchweek 28,Wed,Home,D,1,1,Lorient,432.0,533.0,81.1,7963.0,2700.0,170.0,194.0,87.6,183.0,206.0,88.8,61.0,101.0,60.4,0,0.5,0.6,6.0,32.0,8.0,5.0,35.0,21:00:00,/en/matches/eac797f8/Montpellier-Lorient-March-3-2021-Ligue-1
FRA-Ligue 1,2021,Montpellier,2021-03-14 Nîmes-Montpellier,2021-03-14,Matchweek 29,Sun,Away,D,1,1,Nîmes,367.0,489.0,75.1,7546.0,2904.0,132.0,155.0,85.2,154.0,186.0,82.8,73.0,113.0,64.6,1,0.9,1.5,9.0,40.0,10.0,6.0,47.0,13:00:00,/en/matches/efcf3d10/Nimes-Montpellier-March-14-2021-Ligue-1
FRA-Ligue 1,2021,Montpellier,2021-03-21 Montpellier-Bordeaux,2021-03-21,Matchweek 30,Sun,Home,W,3,1,Bordeaux,346.0,434.0,79.7,6756.0,2787.0,138.0,154.0,89.6,142.0,169.0,84.0,59.0,93.0,63.4,2,2.3,1.9,20.0,32.0,14.0,7.0,41.0,15:00:00,/en/matches/88e1ab36/Montpellier-Bordeaux-March-21-2021-Ligue-1
FRA-Ligue 1,2021,Montpellier,2021-04-04 Angers-Montpellier,2021-04-04,Matchweek 31,Sun,Away,D,1,1,Angers,291.0,409.0,71.1,5480.0,2821.0,132.0,160.0,82.5,99.0,141.0,70.2,47.0,74.0,63.5,0,1.1,0.5,5.0,30.0,6.0,2.0,33.0,13:00:00,/en/matches/7a371bb9/Angers-Montpellier-April-4-2021-Ligue-1
FRA-Ligue 1,2021,Montpellier,2021-04-10 Montpellier-Marseille,2021-04-10,Matchweek 32,Sat,Home,D,3,3,Marseille,282.0,393.0,71.8,5112.0,2156.0,124.0,154.0,80.5,98.0,120.0,81.7,42.0,76.0,55.3,3,1.2,1.3,9.0,26.0,11.0,6.0,35.0,21:00:00,/en/matches/9d336f48/Montpellier-Marseille-April-10-2021-Ligue-1
FRA-Ligue 1,2021,Montpellier,2021-04-16 Lille-Montpellier,2021-04-16,Matchweek 33,Fri,Away,D,1,1,Lille,285.0,386.0,73.8,5670.0,2635.0,113.0,135.0,83.7,110.0,139.0,79.1,52.0,89.0,58.4,1,0.7,0.8,6.0,16.0,4.0,2.0,28.0,21:00:00,/en/matches/283e5426/Lille-Montpellier-April-16-2021-Ligue-1
FRA-Ligue 1,2021,Montpellier,2021-04-25 Nice-Montpellier,2021-04-25,Matchweek 34,Sun,Away,L,1,3,Nice,285.0,385.0,74.0,5812.0,2494.0,120.0,137.0,87.6,110.0,144.0,76.4,52.0,85.0,61.2,1,1.1,0.8,12.0,32.0,10.0,5.0,37.0,13:00:00,/en/matches/5f5ddc93/Nice-Montpellier-April-25-2021-Ligue-1
FRA-Ligue 1,2021,Montpellier,2021-05-02 Montpellier-Saint-Étienne,2021-05-02,Matchweek 35,Sun,Home,L,1,2,Saint-Étienne,301.0,411.0,73.2,5924.0,2302.0,125.0,150.0,83.3,120.0,148.0,81.1,49.0,91.0,53.8,1,0.9,1.3,12.0,19.0,5.0,1.0,26.0,17:05:00,/en/matches/ef0d8c13/Montpellier-Saint-Etienne-May-2-2021-Ligue-1
FRA-Ligue 1,2021,Montpellier,2021-05-09 Strasbourg-Montpellier,2021-05-09,Matchweek 36,Sun,Away,W,3,2,Strasbourg,268.0,382.0,70.2,5545.0,2705.0,114.0,143.0,79.7,100.0,122.0,82.0,52.0,92.0,56.5,2,0.5,0.4,4.0,24.0,3.0,0.0,24.0,15:00:00,/en/matches/e63e3a7c/Strasbourg-Montpellier-May-9-2021-Ligue-1
FRA-Ligue 1,2021,Montpellier,2021-05-16 Montpellier-Brest,2021-05-16,Matchweek 37,Sun,Home,D,0,0,Brest,296.0,392.0,75.5,6544.0,2997.0,106.0,129.0,82.2,117.0,134.0,87.3,66.0,100.0,66.0,0,0.5,0.4,3.0,21.0,1.0,1.0,28.0,21:00:00,/en/matches/07c26200/Montpellier-Brest-May-16-2021-Ligue-1
FRA-Ligue 1,2021,Montpellier,2021-05-23 Nantes-Montpellier,2021-05-23,Matchweek 38,Sun,Away,W,2,1,Nantes,320.0,430.0,74.4,6877.0,2750.0,115.0,140.0,82.1,138.0,166.0,83.1,60.0,104.0,57.7,1,0.4,0.3,5.0,22.0,5.0,2.0,27.0,21:00:00,/en/matches/3a8d6a94/Nantes-Montpellier-May-23-2021-Ligue-1
FRA-Ligue 1,2021,Nantes,2020-08-21 Bordeaux-Nantes,2020-08-21,Matchweek 1,Fri,Away,D,0,0,Bordeaux,572.0,661.0,86.5,9634.0,2805.0,266.0,290.0,91.7,267.0,299.0,89.3,35.0,54.0,64.8,0,0.2,0.4,5.0,67.0,2.0,0.0,63.0,19:00:00,/en/matches/c0996cac/Bordeaux-Nantes-August-21-2020-Ligue-1
FRA-Ligue 1,2021,Nantes,2020-08-30 Nantes-Nîmes,2020-08-30,Matchweek 2,Sun,Home,W,2,1,Nîmes,191.0,305.0,62.6,3517.0,1774.0,90.0,112.0,80.4,69.0,100.0,69.0,27.0,71.0,38.0,1,1.0,0.9,6.0,15.0,3.0,1.0,18.0,15:00:00,/en/matches/ba09751a/Nantes-Nimes-August-30-2020-Ligue-1
FRA-Ligue 1,2021,Nantes,2020-09-13 Monaco-Nantes,2020-09-13,Matchweek 3,Sun,Away,L,1,2,Monaco,366.0,463.0,79.0,6071.0,2390.0,178.0,196.0,90.8,152.0,181.0,84.0,31.0,64.0,48.4,1,1.2,0.7,5.0,17.0,3.0,0.0,43.0,17:00:00,/en/matches/13159177/Monaco-Nantes-September-13-2020-Ligue-1
FRA-Ligue 1,2021,Nantes,2020-09-20 Nantes-Saint-Étienne,2020-09-20,Matchweek 4,Sun,Home,D,2,2,Saint-Étienne,401.0,505.0,79.4,7448.0,2736.0,181.0,206.0,87.9,164.0,193.0,85.0,49.0,84.0,58.3,1,0.8,1.0,13.0,55.0,9.0,6.0,52.0,17:00:00,/en/matches/6c304bd5/Nantes-Saint-Etienne-September-20-2020-Ligue-1
FRA-Ligue 1,2021,Nantes,2020-09-25 Lille-Nantes,2020-09-25,Matchweek 5,Fri,Away,L,0,2,Lille,335.0,458.0,73.1,5920.0,2357.0,155.0,193.0,80.3,122.0,158.0,77.2,46.0,78.0,59.0,0,0.7,0.5,9.0,24.0,4.0,2.0,31.0,21:00:00,/en/matches/896d1952/Lille-Nantes-September-25-2020-Ligue-1
FRA-Ligue 1,2021,Nantes,2020-10-03 Nice-Nantes,2020-10-03,Matchweek 6,Sat,Away,L,1,2,Nice,213.0,303.0,70.3,4045.0,1697.0,93.0,110.0,84.5,84.0,106.0,79.2,34.0,72.0,47.2,0,0.7,0.5,9.0,17.0,6.0,3.0,20.0,21:00:00,/en/matches/7f804f72/Nice-Nantes-October-3-2020-Ligue-1
FRA-Ligue 1,2021,Nantes,2020-10-18 Nantes-Brest,2020-10-18,Matchweek 7,Sun,Home,W,3,1,Brest,263.0,383.0,68.7,4371.0,1906.0,126.0,151.0,83.4,83.0,103.0,80.6,28.0,72.0,38.9,2,0.5,0.5,9.0,24.0,4.0,0.0,30.0,15:00:00,/en/matches/5c2b565a/Nantes-Brest-October-18-2020-Ligue-1
FRA-Ligue 1,2021,Nantes,2020-10-31 Nantes-Paris S-G,2020-10-31,Matchweek 9,Sat,Home,L,0,3,Paris S-G,371.0,457.0,81.2,5826.0,1998.0,200.0,220.0,90.9,115.0,139.0,82.7,32.0,62.0,51.6,0,0.8,0.8,3.0,21.0,2.0,0.0,26.0,21:00:00,/en/matches/5926e115/Nantes-Paris-Saint-Germain-October-31-2020-Ligue-1
FRA-Ligue 1,2021,Nantes,2020-11-08 Lorient-Nantes,2020-11-08,Matchweek 10,Sun,Away,W,2,0,Lorient,360.0,492.0,73.2,6662.0,2640.0,159.0,188.0,84.6,146.0,187.0,78.1,47.0,96.0,49.0,2,1.1,0.6,13.0,28.0,7.0,2.0,46.0,15:00:00,/en/matches/c878186f/Lorient-Nantes-November-8-2020-Ligue-1
FRA-Ligue 1,2021,Nantes,2020-11-22 Nantes-Metz,2020-11-22,Matchweek 11,Sun,Home,D,1,1,Metz,520.0,621.0,83.7,9174.0,3373.0,239.0,263.0,90.9,225.0,259.0,86.9,47.0,75.0,62.7,1,1.2,1.1,16.0,45.0,9.0,0.0,59.0,13:00:00,/en/matches/20aca344/Nantes-Metz-November-22-2020-Ligue-1
FRA-Ligue 1,2021,Nantes,2020-11-25 Lens-Nantes,2020-11-25,Matchweek 8,Wed,Away,D,1,1,Lens,377.0,494.0,76.3,6270.0,2144.0,186.0,213.0,87.3,151.0,186.0,81.2,31.0,70.0,44.3,0,1.2,0.9,8.0,26.0,8.0,3.0,28.0,19:00:00,/en/matches/fa32e765/Lens-Nantes-November-25-2020-Ligue-1
FRA-Ligue 1,2021,Nantes,2020-11-28 Marseille-Nantes,2020-11-28,Matchweek 12,Sat,Away,L,1,3,Marseille,305.0,392.0,77.8,5075.0,1927.0,147.0,164.0,89.6,125.0,149.0,83.9,24.0,59.0,40.7,1,0.3,0.3,5.0,28.0,3.0,1.0,35.0,17:00:00,/en/matches/9ade19b5/Marseille-Nantes-November-28-2020-Ligue-1
FRA-Ligue 1,2021,Nantes,2020-12-06 Nantes-Strasbourg,2020-12-06,Matchweek 13,Sun,Home,L,0,4,Strasbourg,517.0,621.0,83.3,8573.0,2994.0,258.0,288.0,89.6,223.0,246.0,90.7,31.0,57.0,54.4,0,0.5,0.5,9.0,50.0,3.0,1.0,59.0,15:00:00,/en/matches/f800ad57/Nantes-Strasbourg-December-6-2020-Ligue-1
FRA-Ligue 1,2021,Nantes,2020-12-13 Nantes-Dijon,2020-12-13,Matchweek 14,Sun,Home,D,1,1,Dijon,256.0,387.0,66.1,5003.0,2373.0,95.0,128.0,74.2,115.0,152.0,75.7,36.0,77.0,46.8,0,1.3,0.6,13.0,20.0,6.0,3.0,32.0,15:00:00,/en/matches/fdd2cb11/Nantes-Dijon-December-13-2020-Ligue-1
FRA-Ligue 1,2021,Nantes,2020-12-16 Reims-Nantes,2020-12-16,Matchweek 15,Wed,Away,L,2,3,Reims,406.0,516.0,78.7,6860.0,2607.0,208.0,231.0,90.0,141.0,171.0,82.5,43.0,85.0,50.6,1,1.2,1.5,14.0,37.0,4.0,1.0,43.0,19:00:00,/en/matches/5e8e99fa/Reims-Nantes-December-16-2020-Ligue-1
FRA-Ligue 1,2021,Nantes,2020-12-20 Nantes-Angers,2020-12-20,Matchweek 16,Sun,Home,D,1,1,Angers,491.0,632.0,77.7,7927.0,2866.0,253.0,295.0,85.8,187.0,226.0,82.7,39.0,81.0,48.1,0,0.3,0.8,6.0,36.0,9.0,3.0,49.0,15:00:00,/en/matches/da22205e/Nantes-Angers-December-20-2020-Ligue-1
FRA-Ligue 1,2021,Nantes,2020-12-23 Lyon-Nantes,2020-12-23,Matchweek 17,Wed,Away,L,0,3,Lyon,306.0,395.0,77.5,5472.0,2214.0,128.0,145.0,88.3,132.0,161.0,82.0,36.0,62.0,58.1,0,0.8,0.3,11.0,24.0,2.0,1.0,26.0,21:00:00,/en/matches/9cd0e1eb/Lyon-Nantes-December-23-2020-Ligue-1
FRA-Ligue 1,2021,Nantes,2021-01-06 Nantes-Rennes,2021-01-06,Matchweek 18,Wed,Home,D,0,0,Rennes,235.0,335.0,70.1,4431.0,1894.0,109.0,129.0,84.5,98.0,124.0,79.0,26.0,71.0,36.6,0,0.5,0.6,4.0,23.0,2.0,1.0,29.0,19:00:00,/en/matches/251197e6/Nantes-Rennes-January-6-2021-Ligue-1
FRA-Ligue 1,2021,Nantes,2021-01-09 Montpellier-Nantes,2021-01-09,Matchweek 19,Sat,Away,D,1,1,Montpellier,435.0,521.0,83.5,7291.0,2363.0,213.0,231.0,92.2,162.0,186.0,87.1,38.0,68.0,55.9,1,0.3,0.5,6.0,35.0,3.0,1.0,38.0,21:00:00,/en/matches/6bcc912f/Montpellier-Nantes-January-9-2021-Ligue-1
FRA-Ligue 1,2021,Nantes,2021-01-17 Nantes-Lens,2021-01-17,Matchweek 20,Sun,Home,D,1,1,Lens,269.0,383.0,70.2,4952.0,2213.0,120.0,150.0,80.0,103.0,132.0,78.0,36.0,69.0,52.2,0,0.4,0.5,6.0,24.0,3.0,3.0,29.0,15:00:00,/en/matches/f44eea60/Nantes-Lens-January-17-2021-Ligue-1
FRA-Ligue 1,2021,Nantes,2021-01-24 Metz-Nantes,2021-01-24,Matchweek 21,Sun,Away,L,0,2,Metz,411.0,515.0,79.8,7653.0,2759.0,153.0,172.0,89.0,221.0,263.0,84.0,33.0,61.0,54.1,0,0.3,0.5,5.0,37.0,3.0,1.0,39.0,15:00:00,/en/matches/43511ac5/Metz-Nantes-January-24-2021-Ligue-1
FRA-Ligue 1,2021,Nantes,2021-01-31 Nantes-Monaco,2021-01-31,Matchweek 22,Sun,Home,L,1,2,Monaco,230.0,332.0,69.3,4203.0,1765.0,102.0,136.0,75.0,91.0,108.0,84.3,30.0,64.0,46.9,1,0.6,0.3,5.0,14.0,2.0,0.0,26.0,21:00:00,/en/matches/e1e4471a/Nantes-Monaco-January-31-2021-Ligue-1
FRA-Ligue 1,2021,Nantes,2021-02-03 Saint-Étienne-Nantes,2021-02-03,Matchweek 23,Wed,Away,D,1,1,Saint-Étienne,297.0,429.0,69.2,5429.0,1986.0,121.0,147.0,82.3,130.0,173.0,75.1,34.0,81.0,42.0,1,1.3,0.9,9.0,24.0,7.0,2.0,42.0,21:00:00,/en/matches/aa148f1a/Saint-Etienne-Nantes-February-3-2021-Ligue-1
FRA-Ligue 1,2021,Nantes,2021-02-07 Nantes-Lille,2021-02-07,Matchweek 24,Sun,Home,L,0,2,Lille,344.0,464.0,74.1,6884.0,2547.0,107.0,133.0,80.5,200.0,230.0,87.0,35.0,88.0,39.8,0,0.7,0.3,4.0,16.0,1.0,0.0,24.0,17:00:00,/en/matches/45c836f2/Nantes-Lille-February-7-2021-Ligue-1
FRA-Ligue 1,2021,Nantes,2021-02-14 Angers-Nantes,2021-02-14,Matchweek 25,Sun,Away,W,3,1,Angers,213.0,329.0,64.7,3734.0,1547.0,108.0,128.0,84.4,79.0,112.0,70.5,22.0,74.0,29.7,2,1.2,0.4,4.0,21.0,2.0,0.0,19.0,15:00:00,/en/matches/381b127f/Angers-Nantes-February-14-2021-Ligue-1
FRA-Ligue 1,2021,Nantes,2021-02-20 Nantes-Marseille,2021-02-20,Matchweek 26,Sat,Home,D,1,1,Marseille,215.0,348.0,61.8,3796.0,1845.0,97.0,119.0,81.5,81.0,122.0,66.4,27.0,81.0,33.3,0,0.2,0.3,4.0,19.0,4.0,0.0,27.0,17:00:00,/en/matches/06e21793/Nantes-Marseille-February-20-2021-Ligue-1
FRA-Ligue 1,2021,Nantes,2021-02-28 Nîmes-Nantes,2021-02-28,Matchweek 27,Sun,Away,D,1,1,Nîmes,238.0,373.0,63.8,4237.0,1929.0,120.0,154.0,77.9,86.0,120.0,71.7,27.0,74.0,36.5,1,0.8,0.8,5.0,23.0,3.0,1.0,29.0,15:00:00,/en/matches/4ea6c51e/Nimes-Nantes-February-28-2021-Ligue-1
FRA-Ligue 1,2021,Nantes,2021-03-03 Nantes-Reims,2021-03-03,Matchweek 28,Wed,Home,L,1,2,Reims,329.0,459.0,71.7,5669.0,2170.0,163.0,194.0,84.0,128.0,166.0,77.1,33.0,78.0,42.3,1,0.8,0.7,8.0,34.0,4.0,2.0,38.0,21:00:00,/en/matches/c7731977/Nantes-Reims-March-3-2021-Ligue-1
FRA-Ligue 1,2021,Nantes,2021-03-14 Paris S-G-Nantes,2021-03-14,Matchweek 29,Sun,Away,W,2,1,Paris S-G,192.0,276.0,69.6,3231.0,1353.0,98.0,113.0,86.7,68.0,89.0,76.4,19.0,53.0,35.8,1,0.8,0.8,7.0,12.0,4.0,2.0,14.0,21:00:00,/en/matches/70b2cb0c/Paris-Saint-Germain-Nantes-March-14-2021-Ligue-1
FRA-Ligue 1,2021,Nantes,2021-03-21 Nantes-Lorient,2021-03-21,Matchweek 30,Sun,Home,D,1,1,Lorient,276.0,391.0,70.6,5029.0,2010.0,123.0,140.0,87.9,110.0,149.0,73.8,35.0,81.0,43.2,1,1.2,1.4,6.0,26.0,4.0,1.0,28.0,15:00:00,/en/matches/3b1c6bf8/Nantes-Lorient-March-21-2021-Ligue-1
FRA-Ligue 1,2021,Nantes,2021-04-04 Nantes-Nice,2021-04-04,Matchweek 31,Sun,Home,L,1,2,Nice,367.0,477.0,76.9,6754.0,2128.0,157.0,184.0,85.3,158.0,186.0,84.9,44.0,87.0,50.6,0,0.6,0.5,14.0,37.0,7.0,2.0,38.0,15:00:00,/en/matches/28d288f4/Nantes-Nice-April-4-2021-Ligue-1
FRA-Ligue 1,2021,Nantes,2021-04-11 Rennes-Nantes,2021-04-11,Matchweek 32,Sun,Away,L,0,1,Rennes,284.0,387.0,73.4,5418.0,2253.0,126.0,152.0,82.9,110.0,139.0,79.1,45.0,82.0,54.9,0,0.2,0.4,3.0,27.0,4.0,0.0,30.0,13:00:00,/en/matches/f48ef301/Rennes-Nantes-April-11-2021-Ligue-1
FRA-Ligue 1,2021,Nantes,2021-04-18 Nantes-Lyon,2021-04-18,Matchweek 33,Sun,Home,L,1,2,Lyon,396.0,514.0,77.0,6897.0,2834.0,195.0,220.0,88.6,143.0,174.0,82.2,50.0,90.0,55.6,0,0.5,1.0,10.0,39.0,8.0,1.0,50.0,21:00:00,/en/matches/a2b60b56/Nantes-Lyon-April-18-2021-Ligue-1
FRA-Ligue 1,2021,Nantes,2021-04-25 Strasbourg-Nantes,2021-04-25,Matchweek 34,Sun,Away,W,2,1,Strasbourg,201.0,321.0,62.6,3924.0,2061.0,97.0,135.0,71.9,67.0,93.0,72.0,30.0,70.0,42.9,1,0.9,0.9,6.0,23.0,5.0,1.0,28.0,15:00:00,/en/matches/05a44d64/Strasbourg-Nantes-April-25-2021-Ligue-1
FRA-Ligue 1,2021,Nantes,2021-05-02 Brest-Nantes,2021-05-02,Matchweek 35,Sun,Away,W,4,1,Brest,321.0,433.0,74.1,5495.0,2526.0,162.0,193.0,83.9,116.0,150.0,77.3,34.0,70.0,48.6,2,1.0,0.5,9.0,29.0,5.0,1.0,37.0,15:00:00,/en/matches/8f7e3219/Brest-Nantes-May-2-2021-Ligue-1
FRA-Ligue 1,2021,Nantes,2021-05-08 Nantes-Bordeaux,2021-05-08,Matchweek 36,Sat,Home,W,3,0,Bordeaux,320.0,447.0,71.6,5610.0,2223.0,153.0,177.0,86.4,111.0,146.0,76.0,42.0,92.0,45.7,2,0.7,0.6,7.0,36.0,5.0,1.0,41.0,13:00:00,/en/matches/a81bdb2c/Nantes-Bordeaux-May-8-2021-Ligue-1
FRA-Ligue 1,2021,Nantes,2021-05-16 Dijon-Nantes,2021-05-16,Matchweek 37,Sun,Away,W,4,0,Dijon,204.0,303.0,67.3,3416.0,1594.0,93.0,111.0,83.8,81.0,106.0,76.4,20.0,66.0,30.3,3,1.7,0.8,11.0,25.0,4.0,1.0,23.0,21:00:00,/en/matches/5b0be36c/Dijon-Nantes-May-16-2021-Ligue-1
FRA-Ligue 1,2021,Nantes,2021-05-23 Nantes-Montpellier,2021-05-23,Matchweek 38,Sun,Home,L,1,2,Montpellier,299.0,415.0,72.0,5217.0,2387.0,115.0,143.0,80.4,134.0,167.0,80.2,29.0,71.0,40.8,1,1.0,1.4,11.0,45.0,11.0,1.0,61.0,21:00:00,/en/matches/3a8d6a94/Nantes-Montpellier-May-23-2021-Ligue-1
FRA-Ligue 1,2021,Nice,2020-08-23 Nice-Lens,2020-08-23,Matchweek 1,Sun,Home,W,2,1,Lens,457.0,540.0,84.6,7234.0,2168.0,237.0,263.0,90.1,167.0,188.0,88.8,36.0,59.0,61.0,2,0.1,0.2,3.0,11.0,1.0,0.0,19.0,17:00:00,/en/matches/b08ae3b2/Nice-Lens-August-23-2020-Ligue-1
FRA-Ligue 1,2021,Nice,2020-08-29 Strasbourg-Nice,2020-08-29,Matchweek 2,Sat,Away,W,2,0,Strasbourg,513.0,601.0,85.4,8807.0,2566.0,231.0,252.0,91.7,217.0,245.0,88.6,44.0,78.0,56.4,0,0.0,0.2,1.0,19.0,3.0,2.0,30.0,21:00:00,/en/matches/a271affc/Strasbourg-Nice-August-29-2020-Ligue-1
FRA-Ligue 1,2021,Nice,2020-09-12 Montpellier-Nice,2020-09-12,Matchweek 3,Sat,Away,L,1,3,Montpellier,436.0,524.0,83.2,7486.0,2197.0,209.0,230.0,90.9,167.0,194.0,86.1,48.0,78.0,61.5,1,0.7,0.8,7.0,26.0,3.0,2.0,28.0,17:00:00,/en/matches/e1ed5031/Montpellier-Nice-September-12-2020-Ligue-1
FRA-Ligue 1,2021,Nice,2020-09-20 Nice-Paris S-G,2020-09-20,Matchweek 4,Sun,Home,L,0,3,Paris S-G,526.0,587.0,89.6,8856.0,2618.0,261.0,275.0,94.9,200.0,217.0,92.2,54.0,72.0,75.0,0,0.8,1.1,10.0,31.0,10.0,4.0,40.0,13:00:00,/en/matches/6033dd94/Nice-Paris-Saint-Germain-September-20-2020-Ligue-1
FRA-Ligue 1,2021,Nice,2020-09-27 Bordeaux-Nice,2020-09-27,Matchweek 5,Sun,Away,D,0,0,Bordeaux,506.0,602.0,84.1,8413.0,2874.0,226.0,253.0,89.3,241.0,269.0,89.6,27.0,53.0,50.9,0,0.7,0.7,10.0,48.0,8.0,0.0,56.0,13:00:00,/en/matches/37c68582/Bordeaux-Nice-September-27-2020-Ligue-1
FRA-Ligue 1,2021,Nice,2020-10-03 Nice-Nantes,2020-10-03,Matchweek 6,Sat,Home,W,2,1,Nantes,716.0,819.0,87.4,11682.0,3661.0,318.0,346.0,91.9,331.0,358.0,92.5,40.0,63.0,63.5,1,1.3,1.8,12.0,66.0,11.0,3.0,74.0,21:00:00,/en/matches/7f804f72/Nice-Nantes-October-3-2020-Ligue-1
FRA-Ligue 1,2021,Nice,2020-10-18 Saint-Étienne-Nice,2020-10-18,Matchweek 7,Sun,Away,W,3,1,Saint-Étienne,459.0,568.0,80.8,7733.0,2724.0,215.0,237.0,90.7,189.0,209.0,90.4,38.0,80.0,47.5,1,0.9,1.1,3.0,19.0,6.0,2.0,23.0,17:00:00,/en/matches/bf718082/Saint-Etienne-Nice-October-18-2020-Ligue-1
FRA-Ligue 1,2021,Nice,2020-10-25 Nice-Lille,2020-10-25,Matchweek 8,Sun,Home,D,1,1,Lille,510.0,592.0,86.1,8975.0,2782.0,252.0,272.0,92.6,190.0,206.0,92.2,57.0,87.0,65.5,1,1.1,0.6,6.0,22.0,2.0,1.0,25.0,17:00:00,/en/matches/fe7339cb/Nice-Lille-October-25-2020-Ligue-1
FRA-Ligue 1,2021,Nice,2020-11-01 Angers-Nice,2020-11-01,Matchweek 9,Sun,Away,W,3,0,Angers,407.0,501.0,81.2,6929.0,2684.0,206.0,232.0,88.8,163.0,185.0,88.1,36.0,72.0,50.0,2,1.5,0.7,9.0,24.0,6.0,1.0,33.0,15:00:00,/en/matches/3f3f4cf5/Angers-Nice-November-1-2020-Ligue-1
FRA-Ligue 1,2021,Nice,2020-11-08 Nice-Monaco,2020-11-08,Matchweek 10,Sun,Home,L,1,2,Monaco,544.0,652.0,83.4,9081.0,2839.0,263.0,283.0,92.9,222.0,259.0,85.7,46.0,76.0,60.5,1,0.2,0.2,5.0,29.0,2.0,0.0,43.0,17:00:00,/en/matches/6f942c22/Nice-Monaco-November-8-2020-Ligue-1
FRA-Ligue 1,2021,Nice,2020-11-29 Nice-Dijon,2020-11-29,Matchweek 12,Sun,Home,L,1,3,Dijon,561.0,664.0,84.5,9577.0,2824.0,256.0,283.0,90.5,249.0,285.0,87.4,43.0,65.0,66.2,0,0.7,1.2,14.0,35.0,12.0,3.0,55.0,17:00:00,/en/matches/01d18727/Nice-Dijon-November-29-2020-Ligue-1
FRA-Ligue 1,2021,Nice,2020-12-06 Reims-Nice,2020-12-06,Matchweek 13,Sun,Away,D,0,0,Reims,568.0,694.0,81.8,10038.0,3163.0,230.0,259.0,88.8,297.0,346.0,85.8,37.0,70.0,52.9,0,0.5,0.6,6.0,35.0,6.0,2.0,40.0,17:00:00,/en/matches/bbfbe923/Reims-Nice-December-6-2020-Ligue-1
FRA-Ligue 1,2021,Nice,2020-12-13 Nice-Rennes,2020-12-13,Matchweek 14,Sun,Home,L,0,1,Rennes,493.0,590.0,83.6,8160.0,2567.0,244.0,270.0,90.4,191.0,208.0,91.8,42.0,72.0,58.3,0,0.8,0.8,6.0,36.0,11.0,6.0,52.0,13:00:00,/en/matches/5c4cfd00/Nice-Rennes-December-13-2020-Ligue-1
FRA-Ligue 1,2021,Nice,2020-12-16 Nîmes-Nice,2020-12-16,Matchweek 15,Wed,Away,W,2,0,Nîmes,483.0,566.0,85.3,8694.0,3272.0,197.0,221.0,89.1,228.0,253.0,90.1,47.0,70.0,67.1,1,1.8,1.2,13.0,34.0,8.0,0.0,55.0,19:00:00,/en/matches/f4381a49/Nimes-Nice-December-16-2020-Ligue-1
FRA-Ligue 1,2021,Nice,2020-12-19 Nice-Lyon,2020-12-19,Matchweek 16,Sat,Home,L,1,4,Lyon,553.0,641.0,86.3,9780.0,3012.0,244.0,270.0,90.4,262.0,284.0,92.3,47.0,71.0,66.2,1,0.8,1.1,7.0,54.0,11.0,1.0,68.0,21:00:00,/en/matches/03613921/Nice-Lyon-December-19-2020-Ligue-1
FRA-Ligue 1,2021,Nice,2020-12-23 Nice-Lorient,2020-12-23,Matchweek 17,Wed,Home,D,2,2,Lorient,387.0,474.0,81.6,6574.0,2318.0,190.0,213.0,89.2,160.0,180.0,88.9,33.0,67.0,49.3,2,0.6,0.3,3.0,18.0,2.0,0.0,11.0,19:00:00,/en/matches/e8fea7ca/Nice-Lorient-December-23-2020-Ligue-1
FRA-Ligue 1,2021,Nice,2021-01-06 Brest-Nice,2021-01-06,Matchweek 18,Wed,Away,L,0,2,Brest,578.0,692.0,83.5,10253.0,3430.0,250.0,281.0,89.0,279.0,318.0,87.7,42.0,72.0,58.3,0,1.1,1.3,10.0,60.0,11.0,3.0,75.0,19:00:00,/en/matches/87a4ca5c/Brest-Nice-January-6-2021-Ligue-1
FRA-Ligue 1,2021,Nice,2021-01-09 Metz-Nice,2021-01-09,Matchweek 19,Sat,Away,D,1,1,Metz,445.0,550.0,80.9,7417.0,2548.0,223.0,250.0,89.2,170.0,202.0,84.2,36.0,69.0,52.2,0,0.5,0.8,6.0,28.0,5.0,0.0,39.0,21:00:00,/en/matches/4004356c/Metz-Nice-January-9-2021-Ligue-1
FRA-Ligue 1,2021,Nice,2021-01-17 Nice-Bordeaux,2021-01-17,Matchweek 20,Sun,Home,L,0,3,Bordeaux,416.0,498.0,83.5,7321.0,2453.0,190.0,211.0,90.0,184.0,204.0,90.2,36.0,58.0,62.1,0,0.6,0.8,8.0,39.0,7.0,3.0,46.0,15:00:00,/en/matches/b5d02e7e/Nice-Bordeaux-January-17-2021-Ligue-1
FRA-Ligue 1,2021,Nice,2021-01-23 Lens-Nice,2021-01-23,Matchweek 21,Sat,Away,W,1,0,Lens,355.0,458.0,77.5,5746.0,2089.0,184.0,206.0,89.3,131.0,157.0,83.4,27.0,62.0,43.5,1,0.5,0.3,4.0,14.0,5.0,1.0,25.0,17:00:00,/en/matches/f3f0a09c/Lens-Nice-January-23-2021-Ligue-1
FRA-Ligue 1,2021,Nice,2021-01-31 Nice-Saint-Étienne,2021-01-31,Matchweek 22,Sun,Home,L,0,1,Saint-Étienne,391.0,479.0,81.6,7024.0,2589.0,169.0,189.0,89.4,177.0,193.0,91.7,39.0,73.0,53.4,0,0.4,0.4,5.0,17.0,4.0,0.0,30.0,13:00:00,/en/matches/35e70807/Nice-Saint-Etienne-January-31-2021-Ligue-1
FRA-Ligue 1,2021,Nice,2021-02-03 Monaco-Nice,2021-02-03,Matchweek 23,Wed,Away,L,1,2,Monaco,486.0,581.0,83.6,8831.0,2835.0,207.0,233.0,88.8,205.0,233.0,88.0,59.0,88.0,67.0,0,0.1,0.2,2.0,32.0,3.0,0.0,36.0,21:00:00,/en/matches/e3256b4e/Monaco-Nice-February-3-2021-Ligue-1
FRA-Ligue 1,2021,Nice,2021-02-07 Nice-Angers,2021-02-07,Matchweek 24,Sun,Home,W,3,0,Angers,445.0,528.0,84.3,6755.0,2348.0,242.0,260.0,93.1,148.0,163.0,90.8,28.0,56.0,50.0,2,0.9,0.5,8.0,23.0,5.0,0.0,35.0,15:00:00,/en/matches/690017a7/Nice-Angers-February-7-2021-Ligue-1
FRA-Ligue 1,2021,Nice,2021-02-13 Paris S-G-Nice,2021-02-13,Matchweek 25,Sat,Away,L,1,2,Paris S-G,458.0,531.0,86.3,7748.0,2602.0,218.0,237.0,92.0,195.0,215.0,90.7,36.0,55.0,65.5,0,0.9,1.1,8.0,30.0,5.0,0.0,37.0,17:00:00,/en/matches/5e1b74b1/Paris-Saint-Germain-Nice-February-13-2021-Ligue-1
FRA-Ligue 1,2021,Nice,2021-02-17 Marseille-Nice,2021-02-17,Matchweek 11,Wed,Away,L,2,3,Marseille,485.0,582.0,83.3,8081.0,2588.0,226.0,259.0,87.3,218.0,245.0,89.0,31.0,51.0,60.8,2,1.2,0.6,8.0,38.0,4.0,2.0,49.0,21:00:00,/en/matches/1380e4f4/Marseille-Nice-February-17-2021-Ligue-1
FRA-Ligue 1,2021,Nice,2021-02-21 Nice-Metz,2021-02-21,Matchweek 26,Sun,Home,L,1,2,Metz,524.0,634.0,82.6,8129.0,2785.0,285.0,320.0,89.1,190.0,218.0,87.2,35.0,61.0,57.4,0,0.4,0.4,9.0,39.0,4.0,2.0,50.0,15:00:00,/en/matches/336b4e23/Nice-Metz-February-21-2021-Ligue-1
FRA-Ligue 1,2021,Nice,2021-02-26 Rennes-Nice,2021-02-26,Matchweek 27,Fri,Away,W,2,1,Rennes,285.0,375.0,76.0,4556.0,1664.0,154.0,170.0,90.6,99.0,131.0,75.6,24.0,52.0,46.2,1,0.9,0.8,10.0,18.0,4.0,1.0,29.0,21:00:00,/en/matches/33ef08af/Rennes-Nice-February-26-2021-Ligue-1
FRA-Ligue 1,2021,Nice,2021-03-03 Nice-Nîmes,2021-03-03,Matchweek 28,Wed,Home,W,2,1,Nîmes,536.0,625.0,85.8,9065.0,3045.0,261.0,282.0,92.6,225.0,247.0,91.1,40.0,61.0,65.6,0,0.8,1.3,5.0,38.0,11.0,1.0,52.0,19:00:00,/en/matches/3ac3acbb/Nice-Nimes-March-3-2021-Ligue-1
FRA-Ligue 1,2021,Nice,2021-03-14 Lorient-Nice,2021-03-14,Matchweek 29,Sun,Away,D,1,1,Lorient,473.0,558.0,84.8,8260.0,2624.0,212.0,238.0,89.1,211.0,229.0,92.1,43.0,71.0,60.6,0,0.4,0.4,4.0,17.0,4.0,2.0,24.0,15:00:00,/en/matches/73e8e19e/Lorient-Nice-March-14-2021-Ligue-1
FRA-Ligue 1,2021,Nice,2021-03-20 Nice-Marseille,2021-03-20,Matchweek 30,Sat,Home,W,3,0,Marseille,321.0,414.0,77.5,5231.0,2028.0,161.0,179.0,89.9,121.0,148.0,81.8,25.0,60.0,41.7,1,1.5,1.2,11.0,21.0,10.0,3.0,29.0,17:00:00,/en/matches/32a19bdd/Nice-Marseille-March-20-2021-Ligue-1
FRA-Ligue 1,2021,Nice,2021-04-04 Nantes-Nice,2021-04-04,Matchweek 31,Sun,Away,W,2,1,Nantes,383.0,476.0,80.5,6852.0,2663.0,180.0,204.0,88.2,147.0,168.0,87.5,43.0,78.0,55.1,0,1.3,0.7,11.0,21.0,11.0,2.0,27.0,15:00:00,/en/matches/28d288f4/Nantes-Nice-April-4-2021-Ligue-1
FRA-Ligue 1,2021,Nice,2021-04-11 Nice-Reims,2021-04-11,Matchweek 32,Sun,Home,D,0,0,Reims,445.0,508.0,87.6,7542.0,2211.0,206.0,226.0,91.2,193.0,204.0,94.6,34.0,53.0,64.2,0,0.5,0.5,11.0,23.0,3.0,0.0,40.0,15:00:00,/en/matches/fe622347/Nice-Reims-April-11-2021-Ligue-1
FRA-Ligue 1,2021,Nice,2021-04-18 Dijon-Nice,2021-04-18,Matchweek 33,Sun,Away,L,0,2,Dijon,455.0,555.0,82.0,7582.0,2320.0,228.0,256.0,89.1,178.0,205.0,86.8,41.0,72.0,56.9,0,0.6,0.8,7.0,20.0,5.0,1.0,45.0,15:00:00,/en/matches/47537610/Dijon-Nice-April-18-2021-Ligue-1
FRA-Ligue 1,2021,Nice,2021-04-25 Nice-Montpellier,2021-04-25,Matchweek 34,Sun,Home,W,3,1,Montpellier,455.0,539.0,84.4,7799.0,3072.0,235.0,260.0,90.4,162.0,181.0,89.5,46.0,70.0,65.7,2,1.3,0.8,15.0,30.0,6.0,1.0,39.0,13:00:00,/en/matches/5f5ddc93/Nice-Montpellier-April-25-2021-Ligue-1
FRA-Ligue 1,2021,Nice,2021-05-01 Lille-Nice,2021-05-01,Matchweek 35,Sat,Away,L,0,2,Lille,450.0,534.0,84.3,7818.0,2514.0,198.0,215.0,92.1,209.0,243.0,86.0,35.0,53.0,66.0,0,0.0,0.1,0.0,18.0,0.0,0.0,23.0,21:00:00,/en/matches/6a9a2087/Lille-Nice-May-1-2021-Ligue-1
FRA-Ligue 1,2021,Nice,2021-05-09 Nice-Brest,2021-05-09,Matchweek 36,Sun,Home,W,3,2,Brest,584.0,664.0,88.0,10876.0,3170.0,243.0,265.0,91.7,271.0,294.0,92.2,64.0,88.0,72.7,3,2.1,2.1,12.0,53.0,13.0,6.0,59.0,15:00:00,/en/matches/4938a1bf/Nice-Brest-May-9-2021-Ligue-1
FRA-Ligue 1,2021,Nice,2021-05-16 Nice-Strasbourg,2021-05-16,Matchweek 37,Sun,Home,L,0,2,Strasbourg,643.0,733.0,87.7,11502.0,3155.0,272.0,294.0,92.5,288.0,313.0,92.0,70.0,97.0,72.2,0,0.8,0.8,5.0,56.0,3.0,2.0,64.0,21:00:00,/en/matches/75cbbe08/Nice-Strasbourg-May-16-2021-Ligue-1
FRA-Ligue 1,2021,Nice,2021-05-23 Lyon-Nice,2021-05-23,Matchweek 38,Sun,Away,W,3,2,Lyon,378.0,460.0,82.2,6791.0,2346.0,164.0,179.0,91.6,144.0,164.0,87.8,54.0,89.0,60.7,1,0.8,0.6,8.0,14.0,5.0,2.0,26.0,21:00:00,/en/matches/cb4cd692/Lyon-Nice-May-23-2021-Ligue-1
FRA-Ligue 1,2021,Nîmes,2020-08-23 Nîmes-Brest,2020-08-23,Matchweek 1,Sun,Home,W,4,0,Brest,274.0,372.0,73.7,5276.0,2257.0,111.0,131.0,84.7,94.0,115.0,81.7,47.0,89.0,52.8,4,1.6,2.0,10.0,20.0,12.0,5.0,32.0,15:00:00,/en/matches/da8136ae/Nimes-Brest-August-23-2020-Ligue-1
FRA-Ligue 1,2021,Nîmes,2020-08-30 Nantes-Nîmes,2020-08-30,Matchweek 2,Sun,Away,L,1,2,Nantes,474.0,606.0,78.2,9008.0,3162.0,186.0,215.0,86.5,218.0,252.0,86.5,62.0,108.0,57.4,1,1.0,0.8,15.0,51.0,11.0,4.0,63.0,15:00:00,/en/matches/ba09751a/Nantes-Nimes-August-30-2020-Ligue-1
FRA-Ligue 1,2021,Nîmes,2020-09-13 Nîmes-Rennes,2020-09-13,Matchweek 3,Sun,Home,L,2,4,Rennes,303.0,398.0,76.1,6229.0,2339.0,104.0,120.0,86.7,135.0,161.0,83.9,53.0,95.0,55.8,1,0.8,0.6,9.0,27.0,3.0,3.0,34.0,15:00:00,/en/matches/a38dda9a/Nimes-Rennes-September-13-2020-Ligue-1
FRA-Ligue 1,2021,Nîmes,2020-09-18 Lyon-Nîmes,2020-09-18,Matchweek 4,Fri,Away,D,0,0,Lyon,161.0,263.0,61.2,3171.0,1564.0,75.0,94.0,79.8,51.0,74.0,68.9,30.0,74.0,40.5,0,0.3,0.2,7.0,13.0,0.0,0.0,17.0,21:00:00,/en/matches/01b7d3d4/Lyon-Nimes-September-18-2020-Ligue-1
FRA-Ligue 1,2021,Nîmes,2020-09-27 Nîmes-Lens,2020-09-27,Matchweek 5,Sun,Home,D,1,1,Lens,343.0,486.0,70.6,7411.0,2969.0,109.0,151.0,72.2,161.0,192.0,83.9,67.0,117.0,57.3,0,0.4,0.4,8.0,35.0,7.0,3.0,30.0,15:00:00,/en/matches/e4a4657c/Nimes-Lens-September-27-2020-Ligue-1
FRA-Ligue 1,2021,Nîmes,2020-10-04 Montpellier-Nîmes,2020-10-04,Matchweek 6,Sun,Away,W,1,0,Montpellier,316.0,422.0,74.9,6400.0,2682.0,121.0,140.0,86.4,144.0,176.0,81.8,47.0,91.0,51.6,1,0.6,0.4,6.0,30.0,5.0,2.0,30.0,13:00:00,/en/matches/d63bd80e/Montpellier-Nimes-October-4-2020-Ligue-1
FRA-Ligue 1,2021,Nîmes,2020-10-16 Nîmes-Paris S-G,2020-10-16,Matchweek 7,Fri,Home,L,0,4,Paris S-G,165.0,256.0,64.5,3217.0,1819.0,72.0,99.0,72.7,62.0,79.0,78.5,25.0,60.0,41.7,0,0.2,0.1,4.0,9.0,1.0,1.0,16.0,21:00:00,/en/matches/5fe3d8ce/Nimes-Paris-Saint-Germain-October-16-2020-Ligue-1
FRA-Ligue 1,2021,Nîmes,2020-10-25 Bordeaux-Nîmes,2020-10-25,Matchweek 8,Sun,Away,L,0,2,Bordeaux,328.0,422.0,77.7,6693.0,2080.0,97.0,110.0,88.2,171.0,197.0,86.8,48.0,91.0,52.7,0,0.5,0.3,5.0,23.0,2.0,0.0,25.0,15:00:00,/en/matches/72fedf37/Bordeaux-Nimes-October-25-2020-Ligue-1
FRA-Ligue 1,2021,Nîmes,2020-11-01 Nîmes-Metz,2020-11-01,Matchweek 9,Sun,Home,L,0,1,Metz,511.0,649.0,78.7,9599.0,3339.0,217.0,248.0,87.5,211.0,243.0,86.8,73.0,127.0,57.5,0,0.6,1.1,10.0,42.0,9.0,4.0,67.0,15:00:00,/en/matches/d3c9822f/Nimes-Metz-November-1-2020-Ligue-1
FRA-Ligue 1,2021,Nîmes,2020-11-08 Nîmes-Angers,2020-11-08,Matchweek 10,Sun,Home,L,1,5,Angers,433.0,544.0,79.6,8185.0,3047.0,181.0,207.0,87.4,189.0,224.0,84.4,51.0,90.0,56.7,1,1.8,1.3,8.0,46.0,8.0,3.0,50.0,15:00:00,/en/matches/d7b1fb5b/Nimes-Angers-November-8-2020-Ligue-1
FRA-Ligue 1,2021,Nîmes,2020-11-22 Reims-Nîmes,2020-11-22,Matchweek 11,Sun,Away,W,1,0,Reims,188.0,292.0,64.4,3874.0,2035.0,79.0,98.0,80.6,61.0,84.0,72.6,39.0,90.0,43.3,0,0.2,0.1,5.0,15.0,2.0,1.0,23.0,15:00:00,/en/matches/1ee3fd0c/Reims-Nimes-November-22-2020-Ligue-1
FRA-Ligue 1,2021,Nîmes,2020-11-29 Monaco-Nîmes,2020-11-29,Matchweek 12,Sun,Away,L,0,3,Monaco,224.0,325.0,68.9,3986.0,1794.0,105.0,124.0,84.7,82.0,104.0,78.8,26.0,76.0,34.2,0,0.3,0.3,5.0,17.0,0.0,0.0,18.0,15:00:00,/en/matches/50ca8cbf/Monaco-Nimes-November-29-2020-Ligue-1
FRA-Ligue 1,2021,Nîmes,2020-12-04 Nîmes-Marseille,2020-12-04,Matchweek 13,Fri,Home,L,0,2,Marseille,223.0,323.0,69.0,4094.0,1597.0,86.0,105.0,81.9,108.0,135.0,80.0,24.0,65.0,36.9,0,0.6,0.4,5.0,13.0,1.0,1.0,20.0,21:00:00,/en/matches/a0106768/Nimes-Marseille-December-4-2020-Ligue-1
FRA-Ligue 1,2021,Nîmes,2020-12-13 Lorient-Nîmes,2020-12-13,Matchweek 14,Sun,Away,L,0,3,Lorient,431.0,566.0,76.1,8362.0,2722.0,149.0,179.0,83.2,228.0,263.0,86.7,50.0,103.0,48.5,0,0.5,0.6,5.0,32.0,7.0,2.0,37.0,15:00:00,/en/matches/22ecd8a2/Lorient-Nimes-December-13-2020-Ligue-1
FRA-Ligue 1,2021,Nîmes,2020-12-16 Nîmes-Nice,2020-12-16,Matchweek 15,Wed,Home,L,0,2,Nice,374.0,465.0,80.4,6862.0,2279.0,163.0,188.0,86.7,163.0,181.0,90.1,46.0,81.0,56.8,0,1.1,1.1,13.0,24.0,7.0,1.0,38.0,19:00:00,/en/matches/f4381a49/Nimes-Nice-December-16-2020-Ligue-1
FRA-Ligue 1,2021,Nîmes,2020-12-20 Saint-Étienne-Nîmes,2020-12-20,Matchweek 16,Sun,Away,D,2,2,Saint-Étienne,284.0,377.0,75.3,5742.0,2645.0,114.0,136.0,83.8,115.0,138.0,83.3,50.0,84.0,59.5,0,0.3,0.5,5.0,20.0,6.0,1.0,30.0,15:00:00,/en/matches/45ed736f/Saint-Etienne-Nimes-December-20-2020-Ligue-1
FRA-Ligue 1,2021,Nîmes,2020-12-23 Nîmes-Dijon,2020-12-23,Matchweek 17,Wed,Home,L,1,3,Dijon,311.0,425.0,73.2,5573.0,2218.0,139.0,159.0,87.4,131.0,166.0,78.9,35.0,79.0,44.3,1,0.8,0.5,5.0,24.0,4.0,1.0,29.0,19:00:00,/en/matches/d2b80896/Nimes-Dijon-December-23-2020-Ligue-1
FRA-Ligue 1,2021,Nîmes,2021-01-06 Strasbourg-Nîmes,2021-01-06,Matchweek 18,Wed,Away,L,0,5,Strasbourg,337.0,417.0,80.8,5810.0,2253.0,149.0,174.0,85.6,135.0,157.0,86.0,35.0,52.0,67.3,0,1.0,0.3,6.0,14.0,2.0,0.0,22.0,19:00:00,/en/matches/14d9a4e7/Strasbourg-Nimes-January-6-2021-Ligue-1
FRA-Ligue 1,2021,Nîmes,2021-01-09 Nîmes-Lille,2021-01-09,Matchweek 19,Sat,Home,L,0,1,Lille,413.0,526.0,78.5,8138.0,2707.0,162.0,177.0,91.5,194.0,228.0,85.1,55.0,98.0,56.1,0,0.1,0.4,3.0,26.0,2.0,0.0,32.0,21:00:00,/en/matches/292bb1da/Nimes-Lille-January-9-2021-Ligue-1
FRA-Ligue 1,2021,Nîmes,2021-01-16 Marseille-Nîmes,2021-01-16,Matchweek 20,Sat,Away,W,2,1,Marseille,305.0,411.0,74.2,5528.0,1982.0,142.0,158.0,89.9,127.0,155.0,81.9,31.0,68.0,45.6,2,1.4,1.2,7.0,7.0,6.0,2.0,17.0,17:00:00,/en/matches/e22fe1f8/Marseille-Nimes-January-16-2021-Ligue-1
FRA-Ligue 1,2021,Nîmes,2021-01-31 Angers-Nîmes,2021-01-31,Matchweek 22,Sun,Away,L,1,3,Angers,558.0,653.0,85.5,10043.0,2994.0,235.0,251.0,93.6,234.0,259.0,90.3,66.0,98.0,67.3,0,0.2,0.3,4.0,31.0,3.0,1.0,40.0,15:00:00,/en/matches/d0799ee9/Angers-Nimes-January-31-2021-Ligue-1
FRA-Ligue 1,2021,Nîmes,2021-02-03 Paris S-G-Nîmes,2021-02-03,Matchweek 23,Wed,Away,L,0,3,Paris S-G,318.0,393.0,80.9,5902.0,1978.0,149.0,164.0,90.9,119.0,137.0,86.9,46.0,77.0,59.7,0,1.5,0.7,16.0,14.0,5.0,1.0,32.0,21:00:00,/en/matches/709ec89c/Paris-Saint-Germain-Nimes-February-3-2021-Ligue-1
FRA-Ligue 1,2021,Nîmes,2021-02-07 Nîmes-Monaco,2021-02-07,Matchweek 24,Sun,Home,L,3,4,Monaco,363.0,456.0,79.6,6974.0,2668.0,125.0,146.0,85.6,196.0,216.0,90.7,37.0,75.0,49.3,1,1.0,1.5,5.0,18.0,5.0,2.0,24.0,15:00:00,/en/matches/56b1c227/Nimes-Monaco-February-7-2021-Ligue-1
FRA-Ligue 1,2021,Nîmes,2021-02-14 Dijon-Nîmes,2021-02-14,Matchweek 25,Sun,Away,W,2,0,Dijon,379.0,516.0,73.4,6598.0,2436.0,179.0,214.0,83.6,139.0,169.0,82.2,43.0,93.0,46.2,2,1.7,1.5,6.0,20.0,8.0,1.0,36.0,15:00:00,/en/matches/8382916d/Dijon-Nimes-February-14-2021-Ligue-1
FRA-Ligue 1,2021,Nîmes,2021-02-21 Nîmes-Bordeaux,2021-02-21,Matchweek 26,Sun,Home,W,2,0,Bordeaux,205.0,292.0,70.2,3677.0,1754.0,103.0,119.0,86.6,61.0,79.0,77.2,28.0,71.0,39.4,2,0.3,0.2,7.0,14.0,7.0,1.0,24.0,15:00:00,/en/matches/e9fbe45a/Nimes-Bordeaux-February-21-2021-Ligue-1
FRA-Ligue 1,2021,Nîmes,2021-02-24 Nîmes-Lorient,2021-02-24,Matchweek 21,Wed,Home,W,1,0,Lorient,388.0,504.0,77.0,7446.0,2451.0,150.0,174.0,86.2,173.0,206.0,84.0,51.0,91.0,56.0,0,0.1,0.3,4.0,30.0,6.0,1.0,40.0,19:00:00,/en/matches/dda09113/Nimes-Lorient-February-24-2021-Ligue-1
FRA-Ligue 1,2021,Nîmes,2021-02-28 Nîmes-Nantes,2021-02-28,Matchweek 27,Sun,Home,D,1,1,Nantes,432.0,557.0,77.6,7699.0,2863.0,194.0,213.0,91.1,174.0,218.0,79.8,51.0,99.0,51.5,1,0.6,0.3,8.0,29.0,4.0,0.0,28.0,15:00:00,/en/matches/4ea6c51e/Nimes-Nantes-February-28-2021-Ligue-1
FRA-Ligue 1,2021,Nîmes,2021-03-03 Nice-Nîmes,2021-03-03,Matchweek 28,Wed,Away,L,1,2,Nice,418.0,524.0,79.8,7184.0,2806.0,177.0,201.0,88.1,165.0,189.0,87.3,48.0,88.0,54.5,0,1.6,1.5,17.0,19.0,12.0,4.0,46.0,19:00:00,/en/matches/3ac3acbb/Nice-Nimes-March-3-2021-Ligue-1
FRA-Ligue 1,2021,Nîmes,2021-03-14 Nîmes-Montpellier,2021-03-14,Matchweek 29,Sun,Home,D,1,1,Montpellier,199.0,319.0,62.4,3646.0,1802.0,74.0,105.0,70.5,76.0,101.0,75.2,31.0,78.0,39.7,1,1.5,1.1,9.0,18.0,5.0,1.0,15.0,13:00:00,/en/matches/efcf3d10/Nimes-Montpellier-March-14-2021-Ligue-1
FRA-Ligue 1,2021,Nîmes,2021-03-21 Lille-Nîmes,2021-03-21,Matchweek 30,Sun,Away,W,2,1,Lille,207.0,308.0,67.2,3867.0,2035.0,92.0,114.0,80.7,68.0,94.0,72.3,31.0,71.0,43.7,2,0.8,0.3,9.0,15.0,6.0,0.0,25.0,17:05:00,/en/matches/4af73870/Lille-Nimes-March-21-2021-Ligue-1
FRA-Ligue 1,2021,Nîmes,2021-04-04 Nîmes-Saint-Étienne,2021-04-04,Matchweek 31,Sun,Home,L,0,2,Saint-Étienne,377.0,482.0,78.2,7297.0,2608.0,121.0,146.0,82.9,197.0,230.0,85.7,47.0,83.0,56.6,0,0.7,0.7,8.0,25.0,9.0,1.0,43.0,17:05:00,/en/matches/4f5cf422/Nimes-Saint-Etienne-April-4-2021-Ligue-1
FRA-Ligue 1,2021,Nîmes,2021-04-11 Brest-Nîmes,2021-04-11,Matchweek 32,Sun,Away,D,1,1,Brest,225.0,336.0,67.0,4235.0,2012.0,102.0,129.0,79.1,85.0,110.0,77.3,33.0,78.0,42.3,1,0.9,0.6,4.0,16.0,2.0,0.0,14.0,15:00:00,/en/matches/f07ab6e3/Brest-Nimes-April-11-2021-Ligue-1
FRA-Ligue 1,2021,Nîmes,2021-04-18 Nîmes-Strasbourg,2021-04-18,Matchweek 33,Sun,Home,D,1,1,Strasbourg,429.0,532.0,80.6,8032.0,2504.0,160.0,187.0,85.6,215.0,245.0,87.8,44.0,78.0,56.4,0,0.6,0.5,3.0,29.0,3.0,0.0,32.0,15:00:00,/en/matches/9a9ec43b/Nimes-Strasbourg-April-18-2021-Ligue-1
FRA-Ligue 1,2021,Nîmes,2021-04-25 Lens-Nîmes,2021-04-25,Matchweek 34,Sun,Away,L,1,2,Lens,414.0,518.0,79.9,8319.0,2432.0,141.0,157.0,89.8,210.0,251.0,83.7,57.0,89.0,64.0,0,0.6,0.9,11.0,48.0,8.0,3.0,56.0,15:00:00,/en/matches/986bbf2c/Lens-Nimes-April-25-2021-Ligue-1
FRA-Ligue 1,2021,Nîmes,2021-05-02 Nîmes-Reims,2021-05-02,Matchweek 35,Sun,Home,D,2,2,Reims,355.0,464.0,76.5,6737.0,2574.0,150.0,169.0,88.8,150.0,183.0,82.0,44.0,89.0,49.4,2,2.2,1.6,14.0,25.0,8.0,4.0,35.0,15:00:00,/en/matches/52a6b8a7/Nimes-Reims-May-2-2021-Ligue-1
FRA-Ligue 1,2021,Nîmes,2021-05-09 Metz-Nîmes,2021-05-09,Matchweek 36,Sun,Away,W,3,0,Metz,320.0,431.0,74.2,5840.0,2366.0,122.0,138.0,88.4,160.0,194.0,82.5,29.0,72.0,40.3,2,1.1,1.2,8.0,28.0,8.0,3.0,32.0,15:00:00,/en/matches/f4478aa3/Metz-Nimes-May-9-2021-Ligue-1
FRA-Ligue 1,2021,Nîmes,2021-05-16 Nîmes-Lyon,2021-05-16,Matchweek 37,Sun,Home,L,2,5,Lyon,368.0,469.0,78.5,6629.0,2503.0,169.0,188.0,89.9,148.0,179.0,82.7,43.0,80.0,53.8,1,0.3,0.3,5.0,21.0,4.0,1.0,25.0,21:00:00,/en/matches/cbcc34d4/Nimes-Lyon-May-16-2021-Ligue-1
FRA-Ligue 1,2021,Nîmes,2021-05-23 Rennes-Nîmes,2021-05-23,Matchweek 38,Sun,Away,L,0,2,Rennes,343.0,415.0,82.7,6154.0,2128.0,149.0,164.0,90.9,159.0,181.0,87.8,33.0,52.0,63.5,0,0.3,0.2,6.0,15.0,1.0,0.0,23.0,21:00:00,/en/matches/bf2041f7/Rennes-Nimes-May-23-2021-Ligue-1
FRA-Ligue 1,2021,Paris S-G,2020-09-10 Lens-Paris S-G,2020-09-10,Matchweek 2,Thu,Away,L,0,1,Lens,841.0,940.0,89.5,11583.0,3729.0,500.0,529.0,94.5,277.0,303.0,91.4,26.0,44.0,59.1,0,0.3,1.1,6.0,61.0,11.0,0.0,64.0,21:00:00,/en/matches/796787da/Lens-Paris-Saint-Germain-September-10-2020-Ligue-1
FRA-Ligue 1,2021,Paris S-G,2020-09-13 Paris S-G-Marseille,2020-09-13,Matchweek 3,Sun,Home,L,0,1,Marseille,499.0,589.0,84.7,8326.0,2919.0,244.0,269.0,90.7,207.0,231.0,89.6,37.0,59.0,62.7,0,2.2,1.8,9.0,60.0,15.0,7.0,74.0,21:00:00,/en/matches/84e1075c/Paris-Saint-Germain-Marseille-September-13-2020-Ligue-1
FRA-Ligue 1,2021,Paris S-G,2020-09-16 Paris S-G-Metz,2020-09-16,Matchweek 1,Wed,Home,W,1,0,Metz,591.0,699.0,84.5,9703.0,3569.0,298.0,327.0,91.1,231.0,266.0,86.8,48.0,76.0,63.2,0,1.7,1.6,14.0,56.0,15.0,2.0,57.0,21:00:00,/en/matches/c5bf1d57/Paris-Saint-Germain-Metz-September-16-2020-Ligue-1
FRA-Ligue 1,2021,Paris S-G,2020-09-20 Nice-Paris S-G,2020-09-20,Matchweek 4,Sun,Away,W,3,0,Nice,519.0,581.0,89.3,8667.0,3041.0,269.0,283.0,95.1,181.0,196.0,92.3,60.0,77.0,77.9,1,1.8,1.8,10.0,42.0,15.0,3.0,54.0,13:00:00,/en/matches/6033dd94/Nice-Paris-Saint-Germain-September-20-2020-Ligue-1
FRA-Ligue 1,2021,Paris S-G,2020-09-27 Reims-Paris S-G,2020-09-27,Matchweek 5,Sun,Away,W,2,0,Reims,638.0,715.0,89.2,10036.0,3558.0,333.0,353.0,94.3,246.0,268.0,91.8,35.0,52.0,67.3,2,3.2,2.8,17.0,55.0,22.0,2.0,71.0,21:00:00,/en/matches/61cf0b59/Reims-Paris-Saint-Germain-September-27-2020-Ligue-1
FRA-Ligue 1,2021,Paris S-G,2020-10-02 Paris S-G-Angers,2020-10-02,Matchweek 6,Fri,Home,W,6,1,Angers,606.0,672.0,90.2,7295.0,2616.0,383.0,404.0,94.8,151.0,165.0,91.5,13.0,29.0,44.8,4,1.8,2.0,14.0,58.0,13.0,0.0,52.0,21:00:00,/en/matches/7feb9bf5/Paris-Saint-Germain-Angers-October-2-2020-Ligue-1
FRA-Ligue 1,2021,Paris S-G,2020-10-16 Nîmes-Paris S-G,2020-10-16,Matchweek 7,Fri,Away,W,4,0,Nîmes,661.0,749.0,88.3,10354.0,2948.0,344.0,373.0,92.2,248.0,277.0,89.5,38.0,48.0,79.2,4,3.3,2.7,25.0,67.0,21.0,9.0,73.0,21:00:00,/en/matches/5fe3d8ce/Nimes-Paris-Saint-Germain-October-16-2020-Ligue-1
FRA-Ligue 1,2021,Paris S-G,2020-10-24 Paris S-G-Dijon,2020-10-24,Matchweek 8,Sat,Home,W,4,0,Dijon,510.0,567.0,89.9,8392.0,2888.0,258.0,274.0,94.2,196.0,212.0,92.5,37.0,50.0,74.0,4,3.0,2.0,14.0,36.0,12.0,3.0,48.0,21:00:00,/en/matches/685d28aa/Paris-Saint-Germain-Dijon-October-24-2020-Ligue-1
FRA-Ligue 1,2021,Paris S-G,2020-10-31 Nantes-Paris S-G,2020-10-31,Matchweek 9,Sat,Away,W,3,0,Nantes,703.0,789.0,89.1,11433.0,3535.0,363.0,388.0,93.6,274.0,302.0,90.7,49.0,68.0,72.1,1,1.1,1.0,8.0,39.0,10.0,2.0,57.0,21:00:00,/en/matches/5926e115/Nantes-Paris-Saint-Germain-October-31-2020-Ligue-1
FRA-Ligue 1,2021,Paris S-G,2020-11-07 Paris S-G-Rennes,2020-11-07,Matchweek 10,Sat,Home,W,3,0,Rennes,451.0,536.0,84.1,7273.0,2261.0,247.0,263.0,93.9,144.0,165.0,87.3,41.0,72.0,56.9,3,0.9,0.7,8.0,20.0,3.0,0.0,31.0,21:00:00,/en/matches/a28dd1b9/Paris-Saint-Germain-Rennes-November-7-2020-Ligue-1
FRA-Ligue 1,2021,Paris S-G,2020-11-20 Monaco-Paris S-G,2020-11-20,Matchweek 11,Fri,Away,L,2,3,Monaco,445.0,521.0,85.4,7288.0,2609.0,225.0,250.0,90.0,171.0,198.0,86.4,36.0,49.0,73.5,1,1.0,0.6,6.0,29.0,6.0,2.0,37.0,21:00:00,/en/matches/8ff1eb68/Monaco-Paris-Saint-Germain-November-20-2020-Ligue-1
FRA-Ligue 1,2021,Paris S-G,2020-11-28 Paris S-G-Bordeaux,2020-11-28,Matchweek 12,Sat,Home,D,2,2,Bordeaux,577.0,679.0,85.0,9212.0,3343.0,291.0,323.0,90.1,220.0,249.0,88.4,44.0,66.0,66.7,0,0.9,1.2,11.0,62.0,18.0,0.0,74.0,21:00:00,/en/matches/35fddbd7/Paris-Saint-Germain-Bordeaux-November-28-2020-Ligue-1
FRA-Ligue 1,2021,Paris S-G,2020-12-05 Montpellier-Paris S-G,2020-12-05,Matchweek 13,Sat,Away,W,3,1,Montpellier,625.0,714.0,87.5,10475.0,3753.0,283.0,311.0,91.0,293.0,316.0,92.7,36.0,56.0,64.3,3,1.6,1.0,9.0,44.0,9.0,1.0,58.0,21:00:00,/en/matches/52a2e13f/Montpellier-Paris-Saint-Germain-December-5-2020-Ligue-1
FRA-Ligue 1,2021,Paris S-G,2020-12-13 Paris S-G-Lyon,2020-12-13,Matchweek 14,Sun,Home,L,0,1,Lyon,572.0,656.0,87.2,8945.0,2929.0,285.0,309.0,92.2,233.0,251.0,92.8,34.0,57.0,59.6,0,0.4,0.7,6.0,44.0,8.0,4.0,43.0,21:00:00,/en/matches/99d657ba/Paris-Saint-Germain-Lyon-December-13-2020-Ligue-1
FRA-Ligue 1,2021,Paris S-G,2020-12-16 Paris S-G-Lorient,2020-12-16,Matchweek 15,Wed,Home,W,2,0,Lorient,722.0,809.0,89.2,10053.0,3229.0,405.0,436.0,92.9,241.0,260.0,92.7,26.0,46.0,56.5,1,1.6,1.6,15.0,44.0,15.0,3.0,69.0,21:00:00,/en/matches/60fcfb5f/Paris-Saint-Germain-Lorient-December-16-2020-Ligue-1
FRA-Ligue 1,2021,Paris S-G,2020-12-20 Lille-Paris S-G,2020-12-20,Matchweek 16,Sun,Away,D,0,0,Lille,694.0,802.0,86.5,10558.0,3451.0,362.0,391.0,92.6,255.0,280.0,91.1,42.0,68.0,61.8,0,0.6,0.8,6.0,43.0,11.0,5.0,56.0,21:00:00,/en/matches/77f35879/Lille-Paris-Saint-Germain-December-20-2020-Ligue-1
FRA-Ligue 1,2021,Paris S-G,2020-12-23 Paris S-G-Strasbourg,2020-12-23,Matchweek 17,Wed,Home,W,4,0,Strasbourg,761.0,827.0,92.0,10164.0,3177.0,464.0,480.0,96.7,219.0,239.0,91.6,25.0,35.0,71.4,2,1.8,1.3,12.0,50.0,6.0,0.0,40.0,21:00:00,/en/matches/644e5bd2/Paris-Saint-Germain-Strasbourg-December-23-2020-Ligue-1
FRA-Ligue 1,2021,Paris S-G,2021-01-06 Saint-Étienne-Paris S-G,2021-01-06,Matchweek 18,Wed,Away,D,1,1,Saint-Étienne,670.0,771.0,86.9,9656.0,3076.0,387.0,424.0,91.3,225.0,253.0,88.9,31.0,59.0,52.5,1,1.6,1.4,10.0,69.0,7.0,2.0,55.0,21:00:00,/en/matches/2c025c21/Saint-Etienne-Paris-Saint-Germain-January-6-2021-Ligue-1
FRA-Ligue 1,2021,Paris S-G,2021-01-09 Paris S-G-Brest,2021-01-09,Matchweek 19,Sat,Home,W,3,0,Brest,639.0,721.0,88.6,9778.0,3474.0,352.0,364.0,96.7,225.0,244.0,92.2,35.0,65.0,53.8,2,2.0,1.5,16.0,68.0,14.0,2.0,66.0,21:00:00,/en/matches/5123800a/Paris-Saint-Germain-Brest-January-9-2021-Ligue-1
FRA-Ligue 1,2021,Paris S-G,2021-01-16 Angers-Paris S-G,2021-01-16,Matchweek 20,Sat,Away,W,1,0,Angers,608.0,706.0,86.1,9311.0,3449.0,325.0,353.0,92.1,227.0,256.0,88.7,36.0,58.0,62.1,0,1.2,1.0,9.0,48.0,12.0,3.0,57.0,21:00:00,/en/matches/42a1a73e/Angers-Paris-Saint-Germain-January-16-2021-Ligue-1
FRA-Ligue 1,2021,Paris S-G,2021-01-22 Paris S-G-Montpellier,2021-01-22,Matchweek 21,Fri,Home,W,4,0,Montpellier,577.0,657.0,87.8,8926.0,3249.0,313.0,337.0,92.9,216.0,235.0,91.9,35.0,54.0,64.8,3,3.0,3.6,15.0,70.0,19.0,0.0,79.0,21:00:00,/en/matches/d47d95ab/Paris-Saint-Germain-Montpellier-January-22-2021-Ligue-1
FRA-Ligue 1,2021,Paris S-G,2021-01-31 Lorient-Paris S-G,2021-01-31,Matchweek 22,Sun,Away,L,2,3,Lorient,499.0,595.0,83.9,7599.0,2668.0,260.0,290.0,89.7,205.0,231.0,88.7,19.0,43.0,44.2,0,0.7,1.3,7.0,33.0,10.0,1.0,49.0,15:00:00,/en/matches/0439be7e/Lorient-Paris-Saint-Germain-January-31-2021-Ligue-1
FRA-Ligue 1,2021,Paris S-G,2021-02-03 Paris S-G-Nîmes,2021-02-03,Matchweek 23,Wed,Home,W,3,0,Nîmes,686.0,767.0,89.4,10903.0,3252.0,352.0,378.0,93.1,260.0,284.0,91.5,47.0,58.0,81.0,2,1.5,1.0,11.0,51.0,2.0,2.0,49.0,21:00:00,/en/matches/709ec89c/Paris-Saint-Germain-Nimes-February-3-2021-Ligue-1
FRA-Ligue 1,2021,Paris S-G,2021-02-07 Marseille-Paris S-G,2021-02-07,Matchweek 24,Sun,Away,W,2,0,Marseille,441.0,526.0,83.8,6992.0,2314.0,233.0,251.0,92.8,161.0,192.0,83.9,27.0,47.0,57.4,2,1.6,1.3,7.0,16.0,9.0,2.0,31.0,21:00:00,/en/matches/c15805b7/Marseille-Paris-Saint-Germain-February-7-2021-Ligue-1
FRA-Ligue 1,2021,Paris S-G,2021-02-13 Paris S-G-Nice,2021-02-13,Matchweek 25,Sat,Home,W,2,1,Nice,575.0,648.0,88.7,9258.0,3100.0,312.0,326.0,95.7,208.0,236.0,88.1,42.0,59.0,71.2,1,2.3,2.0,12.0,52.0,10.0,2.0,45.0,17:00:00,/en/matches/5e1b74b1/Paris-Saint-Germain-Nice-February-13-2021-Ligue-1
FRA-Ligue 1,2021,Paris S-G,2021-02-21 Paris S-G-Monaco,2021-02-21,Matchweek 26,Sun,Home,L,0,2,Monaco,758.0,854.0,88.8,11703.0,3638.0,421.0,454.0,92.7,287.0,314.0,91.4,35.0,55.0,63.6,0,0.6,0.9,7.0,74.0,9.0,3.0,69.0,21:00:00,/en/matches/6a139966/Paris-Saint-Germain-Monaco-February-21-2021-Ligue-1
FRA-Ligue 1,2021,Paris S-G,2021-02-27 Dijon-Paris S-G,2021-02-27,Matchweek 27,Sat,Away,W,4,0,Dijon,587.0,657.0,89.3,9640.0,2813.0,287.0,306.0,93.8,248.0,265.0,93.6,43.0,61.0,70.5,3,1.1,0.8,5.0,37.0,9.0,2.0,48.0,17:00:00,/en/matches/968f9128/Dijon-Paris-Saint-Germain-February-27-2021-Ligue-1
FRA-Ligue 1,2021,Paris S-G,2021-03-03 Bordeaux-Paris S-G,2021-03-03,Matchweek 28,Wed,Away,W,1,0,Bordeaux,545.0,630.0,86.5,8596.0,2839.0,298.0,323.0,92.3,181.0,201.0,90.0,47.0,72.0,65.3,1,1.0,1.3,11.0,30.0,10.0,1.0,43.0,21:00:00,/en/matches/562fc539/Bordeaux-Paris-Saint-Germain-March-3-2021-Ligue-1
FRA-Ligue 1,2021,Paris S-G,2021-03-14 Paris S-G-Nantes,2021-03-14,Matchweek 29,Sun,Home,L,1,2,Nantes,687.0,761.0,90.3,10742.0,3411.0,342.0,359.0,95.3,263.0,280.0,93.9,48.0,69.0,69.6,0,0.6,0.8,10.0,47.0,5.0,2.0,58.0,21:00:00,/en/matches/70b2cb0c/Paris-Saint-Germain-Nantes-March-14-2021-Ligue-1
FRA-Ligue 1,2021,Paris S-G,2021-03-21 Lyon-Paris S-G,2021-03-21,Matchweek 30,Sun,Away,W,4,2,Lyon,561.0,631.0,88.9,8565.0,3023.0,278.0,292.0,95.2,203.0,220.0,92.3,40.0,58.0,69.0,2,1.0,0.7,7.0,20.0,6.0,1.0,34.0,21:00:00,/en/matches/bb18a4cc/Lyon-Paris-Saint-Germain-March-21-2021-Ligue-1
FRA-Ligue 1,2021,Paris S-G,2021-04-03 Paris S-G-Lille,2021-04-03,Matchweek 31,Sat,Home,L,0,1,Lille,544.0,643.0,84.6,8553.0,2823.0,256.0,281.0,91.1,217.0,240.0,90.4,37.0,63.0,58.7,0,0.9,1.0,10.0,58.0,11.0,1.0,56.0,17:00:00,/en/matches/cfa66277/Paris-Saint-Germain-Lille-April-3-2021-Ligue-1
FRA-Ligue 1,2021,Paris S-G,2021-04-10 Strasbourg-Paris S-G,2021-04-10,Matchweek 32,Sat,Away,W,4,1,Strasbourg,584.0,674.0,86.6,9725.0,3467.0,286.0,302.0,94.7,227.0,257.0,88.3,52.0,82.0,63.4,3,1.7,0.9,13.0,40.0,9.0,1.0,49.0,17:00:00,/en/matches/3d39e7ef/Strasbourg-Paris-Saint-Germain-April-10-2021-Ligue-1
FRA-Ligue 1,2021,Paris S-G,2021-04-18 Paris S-G-Saint-Étienne,2021-04-18,Matchweek 33,Sun,Home,W,3,2,Saint-Étienne,628.0,737.0,85.2,9470.0,3137.0,364.0,390.0,93.3,229.0,275.0,83.3,26.0,44.0,59.1,2,1.2,1.2,12.0,65.0,12.0,1.0,77.0,13:00:00,/en/matches/9ae8425f/Paris-Saint-Germain-Saint-Etienne-April-18-2021-Ligue-1
FRA-Ligue 1,2021,Paris S-G,2021-04-24 Metz-Paris S-G,2021-04-24,Matchweek 34,Sat,Away,W,3,1,Metz,627.0,711.0,88.2,9704.0,3713.0,323.0,351.0,92.0,220.0,237.0,92.8,49.0,74.0,66.2,1,1.7,1.6,14.0,36.0,9.0,1.0,51.0,17:00:00,/en/matches/370cea73/Metz-Paris-Saint-Germain-April-24-2021-Ligue-1
FRA-Ligue 1,2021,Paris S-G,2021-05-01 Paris S-G-Lens,2021-05-01,Matchweek 35,Sat,Home,W,2,1,Lens,560.0,628.0,89.2,9361.0,3317.0,277.0,291.0,95.2,219.0,245.0,89.4,48.0,61.0,78.7,2,1.2,1.1,10.0,39.0,9.0,0.0,40.0,17:00:00,/en/matches/315d82a9/Paris-Saint-Germain-Lens-May-1-2021-Ligue-1
FRA-Ligue 1,2021,Paris S-G,2021-05-09 Rennes-Paris S-G,2021-05-09,Matchweek 36,Sun,Away,D,1,1,Rennes,532.0,610.0,87.2,8479.0,2755.0,247.0,275.0,89.8,197.0,212.0,92.9,45.0,70.0,64.3,0,0.5,1.2,8.0,44.0,10.0,1.0,56.0,21:00:00,/en/matches/6fb5cbc5/Rennes-Paris-Saint-Germain-May-9-2021-Ligue-1
FRA-Ligue 1,2021,Paris S-G,2021-05-16 Paris S-G-Reims,2021-05-16,Matchweek 37,Sun,Home,W,4,0,Reims,574.0,631.0,91.0,7914.0,2673.0,321.0,338.0,95.0,177.0,198.0,89.4,26.0,32.0,81.3,1,2.5,2.8,22.0,60.0,27.0,1.0,72.0,21:00:00,/en/matches/b8a9948f/Paris-Saint-Germain-Reims-May-16-2021-Ligue-1
FRA-Ligue 1,2021,Paris S-G,2021-05-23 Brest-Paris S-G,2021-05-23,Matchweek 38,Sun,Away,W,2,0,Brest,644.0,734.0,87.7,9826.0,2883.0,335.0,360.0,93.1,222.0,246.0,90.2,44.0,69.0,63.8,0,0.8,1.0,5.0,64.0,8.0,2.0,47.0,21:00:00,/en/matches/e0259056/Brest-Paris-Saint-Germain-May-23-2021-Ligue-1
FRA-Ligue 1,2021,Reims,2020-08-23 Monaco-Reims,2020-08-23,Matchweek 1,Sun,Away,D,2,2,Monaco,180.0,260.0,69.2,3543.0,1758.0,85.0,102.0,83.3,53.0,74.0,71.6,36.0,69.0,52.2,1,1.2,0.4,7.0,11.0,2.0,0.0,19.0,13:00:00,/en/matches/b3bddcc0/Monaco-Reims-August-23-2020-Ligue-1
FRA-Ligue 1,2021,Reims,2020-08-30 Reims-Lille,2020-08-30,Matchweek 2,Sun,Home,L,0,1,Lille,474.0,576.0,82.3,9014.0,2924.0,178.0,204.0,87.3,222.0,253.0,87.7,64.0,99.0,64.6,0,0.2,0.2,3.0,26.0,1.0,1.0,34.0,13:00:00,/en/matches/c25931b4/Reims-Lille-August-30-2020-Ligue-1
FRA-Ligue 1,2021,Reims,2020-09-13 Angers-Reims,2020-09-13,Matchweek 3,Sun,Away,L,0,1,Angers,346.0,433.0,79.9,6615.0,2392.0,124.0,136.0,91.2,176.0,194.0,90.7,40.0,81.0,49.4,0,0.3,0.2,6.0,21.0,3.0,1.0,24.0,15:00:00,/en/matches/a1237c63/Angers-Reims-September-13-2020-Ligue-1
FRA-Ligue 1,2021,Reims,2020-09-20 Metz-Reims,2020-09-20,Matchweek 4,Sun,Away,L,1,2,Metz,255.0,356.0,71.6,4975.0,2020.0,99.0,123.0,80.5,112.0,140.0,80.0,37.0,73.0,50.7,0,0.3,0.3,7.0,19.0,5.0,0.0,22.0,15:00:00,/en/matches/a0f9e058/Metz-Reims-September-20-2020-Ligue-1
FRA-Ligue 1,2021,Reims,2020-09-27 Reims-Paris S-G,2020-09-27,Matchweek 5,Sun,Home,L,0,2,Paris S-G,326.0,396.0,82.3,6124.0,2561.0,125.0,145.0,86.2,158.0,175.0,90.3,37.0,59.0,62.7,0,0.3,0.3,7.0,27.0,8.0,1.0,49.0,21:00:00,/en/matches/61cf0b59/Reims-Paris-Saint-Germain-September-27-2020-Ligue-1
FRA-Ligue 1,2021,Reims,2020-10-04 Rennes-Reims,2020-10-04,Matchweek 6,Sun,Away,D,2,2,Rennes,178.0,263.0,67.7,3201.0,1354.0,87.0,100.0,87.0,63.0,87.0,72.4,24.0,63.0,38.1,2,1.1,0.7,8.0,7.0,4.0,2.0,15.0,17:00:00,/en/matches/6d85492f/Rennes-Reims-October-4-2020-Ligue-1
FRA-Ligue 1,2021,Reims,2020-10-17 Reims-Lorient,2020-10-17,Matchweek 7,Sat,Home,L,1,3,Lorient,284.0,389.0,73.0,6162.0,2505.0,77.0,108.0,71.3,159.0,196.0,81.1,43.0,74.0,58.1,1,0.3,0.6,6.0,35.0,10.0,3.0,40.0,17:00:00,/en/matches/db1bb52f/Reims-Lorient-October-17-2020-Ligue-1
FRA-Ligue 1,2021,Reims,2020-10-25 Montpellier-Reims,2020-10-25,Matchweek 8,Sun,Away,W,4,0,Montpellier,657.0,726.0,90.5,12616.0,3313.0,255.0,284.0,89.8,305.0,321.0,95.0,89.0,103.0,86.4,2,2.3,1.9,19.0,56.0,21.0,8.0,69.0,15:00:00,/en/matches/395d1d43/Montpellier-Reims-October-25-2020-Ligue-1
FRA-Ligue 1,2021,Reims,2020-11-01 Reims-Strasbourg,2020-11-01,Matchweek 9,Sun,Home,W,2,1,Strasbourg,405.0,492.0,82.3,8553.0,2878.0,133.0,155.0,85.8,198.0,221.0,89.6,66.0,101.0,65.3,1,0.5,0.9,9.0,34.0,6.0,2.0,35.0,15:00:00,/en/matches/791f7224/Reims-Strasbourg-November-1-2020-Ligue-1
FRA-Ligue 1,2021,Reims,2020-11-08 Lens-Reims,2020-11-08,Matchweek 10,Sun,Away,D,4,4,Lens,276.0,381.0,72.4,5780.0,2056.0,104.0,126.0,82.5,111.0,139.0,79.9,57.0,99.0,57.6,1,0.2,0.4,4.0,19.0,3.0,1.0,17.0,15:00:00,/en/matches/e2283e68/Lens-Reims-November-8-2020-Ligue-1
FRA-Ligue 1,2021,Reims,2020-11-22 Reims-Nîmes,2020-11-22,Matchweek 11,Sun,Home,L,0,1,Nîmes,556.0,681.0,81.6,10956.0,3280.0,198.0,232.0,85.3,252.0,277.0,91.0,91.0,130.0,70.0,0,1.4,0.9,13.0,59.0,7.0,5.0,77.0,15:00:00,/en/matches/1ee3fd0c/Reims-Nimes-November-22-2020-Ligue-1
FRA-Ligue 1,2021,Reims,2020-11-29 Lyon-Reims,2020-11-29,Matchweek 12,Sun,Away,L,0,3,Lyon,301.0,377.0,79.8,5490.0,2035.0,135.0,146.0,92.5,126.0,150.0,84.0,34.0,63.0,54.0,0,0.2,0.2,5.0,23.0,4.0,1.0,32.0,13:00:00,/en/matches/4301f4b9/Lyon-Reims-November-29-2020-Ligue-1
FRA-Ligue 1,2021,Reims,2020-12-06 Reims-Nice,2020-12-06,Matchweek 13,Sun,Home,D,0,0,Nice,271.0,380.0,71.3,4892.0,1756.0,109.0,141.0,77.3,121.0,147.0,82.3,32.0,72.0,44.4,0,0.3,0.2,7.0,16.0,3.0,0.0,23.0,17:00:00,/en/matches/bbfbe923/Reims-Nice-December-6-2020-Ligue-1
FRA-Ligue 1,2021,Reims,2020-12-13 Brest-Reims,2020-12-13,Matchweek 14,Sun,Away,L,1,2,Brest,399.0,494.0,80.8,7694.0,3083.0,138.0,155.0,89.0,204.0,231.0,88.3,47.0,85.0,55.3,0,0.3,1.1,6.0,41.0,10.0,3.0,49.0,15:00:00,/en/matches/8757c51f/Brest-Reims-December-13-2020-Ligue-1
FRA-Ligue 1,2021,Reims,2020-12-16 Reims-Nantes,2020-12-16,Matchweek 15,Wed,Home,W,3,2,Nantes,342.0,441.0,77.6,6784.0,2573.0,125.0,147.0,85.0,163.0,195.0,83.6,47.0,82.0,57.3,2,0.9,0.8,10.0,27.0,9.0,1.0,39.0,19:00:00,/en/matches/5e8e99fa/Reims-Nantes-December-16-2020-Ligue-1
FRA-Ligue 1,2021,Reims,2020-12-19 Marseille-Reims,2020-12-19,Matchweek 16,Sat,Away,D,1,1,Marseille,216.0,305.0,70.8,4050.0,1543.0,91.0,108.0,84.3,90.0,107.0,84.1,29.0,70.0,41.4,0,0.3,0.0,2.0,11.0,0.0,0.0,12.0,19:00:00,/en/matches/bea6f7ea/Marseille-Reims-December-19-2020-Ligue-1
FRA-Ligue 1,2021,Reims,2020-12-23 Bordeaux-Reims,2020-12-23,Matchweek 17,Wed,Away,W,3,1,Bordeaux,345.0,436.0,79.1,6058.0,1854.0,150.0,167.0,89.8,144.0,166.0,86.7,34.0,74.0,45.9,2,0.6,0.8,7.0,14.0,5.0,2.0,27.0,19:00:00,/en/matches/92d5d552/Bordeaux-Reims-December-23-2020-Ligue-1
FRA-Ligue 1,2021,Reims,2021-01-06 Reims-Dijon,2021-01-06,Matchweek 18,Wed,Home,D,0,0,Dijon,481.0,584.0,82.4,8702.0,2468.0,188.0,211.0,89.1,235.0,267.0,88.0,44.0,75.0,58.7,0,0.6,0.6,6.0,33.0,5.0,0.0,53.0,21:00:00,/en/matches/170fb6b5/Reims-Dijon-January-6-2021-Ligue-1
FRA-Ligue 1,2021,Reims,2021-01-09 Reims-Saint-Étienne,2021-01-09,Matchweek 19,Sat,Home,W,3,1,Saint-Étienne,232.0,336.0,69.0,4730.0,1940.0,87.0,106.0,82.1,96.0,125.0,76.8,38.0,81.0,46.9,1,0.7,0.5,5.0,18.0,5.0,2.0,23.0,21:00:00,/en/matches/eb982b95/Reims-Saint-Etienne-January-9-2021-Ligue-1
FRA-Ligue 1,2021,Reims,2021-01-17 Lille-Reims,2021-01-17,Matchweek 20,Sun,Away,L,1,2,Lille,339.0,436.0,77.8,6478.0,2282.0,135.0,147.0,91.8,153.0,180.0,85.0,44.0,84.0,52.4,1,0.3,0.2,8.0,15.0,0.0,0.0,26.0,17:00:00,/en/matches/19eb6375/Lille-Reims-January-17-2021-Ligue-1
FRA-Ligue 1,2021,Reims,2021-01-24 Reims-Brest,2021-01-24,Matchweek 21,Sun,Home,W,1,0,Brest,256.0,352.0,72.7,4751.0,1976.0,101.0,119.0,84.9,122.0,149.0,81.9,27.0,65.0,41.5,1,1.1,0.7,12.0,23.0,5.0,0.0,32.0,15:00:00,/en/matches/54bc4f15/Reims-Brest-January-24-2021-Ligue-1
FRA-Ligue 1,2021,Reims,2021-01-31 Strasbourg-Reims,2021-01-31,Matchweek 22,Sun,Away,W,1,0,Strasbourg,417.0,516.0,80.8,7356.0,2537.0,178.0,203.0,87.7,187.0,203.0,92.1,44.0,83.0,53.0,1,1.3,0.9,9.0,30.0,8.0,1.0,35.0,15:00:00,/en/matches/7d380a9a/Strasbourg-Reims-January-31-2021-Ligue-1
FRA-Ligue 1,2021,Reims,2021-02-03 Reims-Angers,2021-02-03,Matchweek 23,Wed,Home,D,0,0,Angers,478.0,580.0,82.4,8467.0,2900.0,206.0,239.0,86.2,215.0,241.0,89.2,47.0,75.0,62.7,0,0.4,0.5,6.0,30.0,6.0,0.0,40.0,19:00:00,/en/matches/00f3abdc/Reims-Angers-February-3-2021-Ligue-1
FRA-Ligue 1,2021,Reims,2021-02-06 Lorient-Reims,2021-02-06,Matchweek 24,Sat,Away,L,0,1,Lorient,434.0,561.0,77.4,8090.0,2792.0,170.0,195.0,87.2,188.0,223.0,84.3,58.0,107.0,54.2,0,0.6,0.4,8.0,33.0,4.0,0.0,32.0,17:00:00,/en/matches/efa9508b/Lorient-Reims-February-6-2021-Ligue-1
FRA-Ligue 1,2021,Reims,2021-02-13 Reims-Lens,2021-02-13,Matchweek 25,Sat,Home,D,1,1,Lens,247.0,340.0,72.6,4798.0,1784.0,102.0,120.0,85.0,95.0,117.0,81.2,42.0,76.0,55.3,0,0.3,0.2,7.0,12.0,3.0,1.0,13.0,19:00:00,/en/matches/26bbc16f/Reims-Lens-February-13-2021-Ligue-1
FRA-Ligue 1,2021,Reims,2021-02-20 Saint-Étienne-Reims,2021-02-20,Matchweek 26,Sat,Away,D,1,1,Saint-Étienne,357.0,476.0,75.0,6709.0,2167.0,144.0,175.0,82.3,165.0,195.0,84.6,44.0,86.0,51.2,1,0.4,0.6,4.0,25.0,8.0,2.0,29.0,13:00:00,/en/matches/01026fa4/Saint-Etienne-Reims-February-20-2021-Ligue-1
FRA-Ligue 1,2021,Reims,2021-02-28 Reims-Montpellier,2021-02-28,Matchweek 27,Sun,Home,D,0,0,Montpellier,443.0,546.0,81.1,8642.0,3277.0,168.0,188.0,89.4,203.0,234.0,86.8,61.0,91.0,67.0,0,0.3,0.5,6.0,48.0,7.0,2.0,51.0,15:00:00,/en/matches/de4cb95e/Reims-Montpellier-February-28-2021-Ligue-1
FRA-Ligue 1,2021,Reims,2021-03-03 Nantes-Reims,2021-03-03,Matchweek 28,Wed,Away,W,2,1,Nantes,355.0,477.0,74.4,6690.0,2398.0,145.0,169.0,85.8,154.0,188.0,81.9,48.0,97.0,49.5,1,0.6,0.7,3.0,30.0,3.0,1.0,28.0,21:00:00,/en/matches/c7731977/Nantes-Reims-March-3-2021-Ligue-1
FRA-Ligue 1,2021,Reims,2021-03-12 Reims-Lyon,2021-03-12,Matchweek 29,Fri,Home,D,1,1,Lyon,247.0,357.0,69.2,4446.0,1706.0,110.0,126.0,87.3,103.0,133.0,77.4,28.0,78.0,35.9,1,0.5,0.2,12.0,11.0,5.0,1.0,16.0,21:00:00,/en/matches/6f1ea543/Reims-Lyon-March-12-2021-Ligue-1
FRA-Ligue 1,2021,Reims,2021-03-21 Dijon-Reims,2021-03-21,Matchweek 30,Sun,Away,W,1,0,Dijon,379.0,485.0,78.1,7915.0,2539.0,118.0,142.0,83.1,196.0,222.0,88.3,61.0,102.0,59.8,0,0.2,0.5,6.0,34.0,7.0,3.0,35.0,15:00:00,/en/matches/212008ae/Dijon-Reims-March-21-2021-Ligue-1
FRA-Ligue 1,2021,Reims,2021-04-04 Reims-Rennes,2021-04-04,Matchweek 31,Sun,Home,D,2,2,Rennes,334.0,411.0,81.3,6022.0,1852.0,149.0,166.0,89.8,151.0,170.0,88.8,30.0,61.0,49.2,0,0.2,0.2,4.0,18.0,3.0,0.0,24.0,15:00:00,/en/matches/6957bee0/Reims-Rennes-April-4-2021-Ligue-1
FRA-Ligue 1,2021,Reims,2021-04-11 Nice-Reims,2021-04-11,Matchweek 32,Sun,Away,D,0,0,Nice,353.0,430.0,82.1,7178.0,2518.0,114.0,126.0,90.5,185.0,212.0,87.3,50.0,76.0,65.8,0,0.5,0.7,9.0,26.0,8.0,4.0,39.0,15:00:00,/en/matches/fe622347/Nice-Reims-April-11-2021-Ligue-1
FRA-Ligue 1,2021,Reims,2021-04-18 Reims-Metz,2021-04-18,Matchweek 33,Sun,Home,D,0,0,Metz,389.0,491.0,79.2,7285.0,2730.0,158.0,173.0,91.3,186.0,215.0,86.5,41.0,84.0,48.8,0,0.6,1.4,8.0,23.0,8.0,3.0,39.0,15:00:00,/en/matches/b7a01ae1/Reims-Metz-April-18-2021-Ligue-1
FRA-Ligue 1,2021,Reims,2021-04-23 Reims-Marseille,2021-04-23,Matchweek 34,Fri,Home,L,1,3,Marseille,374.0,451.0,82.9,7183.0,2236.0,148.0,163.0,90.8,159.0,179.0,88.8,53.0,81.0,65.4,1,0.7,0.4,10.0,20.0,4.0,1.0,28.0,21:00:00,/en/matches/6b30b4bd/Reims-Marseille-April-23-2021-Ligue-1
FRA-Ligue 1,2021,Reims,2021-05-02 Nîmes-Reims,2021-05-02,Matchweek 35,Sun,Away,D,2,2,Nîmes,333.0,439.0,75.9,5759.0,2275.0,148.0,171.0,86.5,148.0,170.0,87.1,28.0,71.0,39.4,2,0.6,0.4,9.0,19.0,5.0,1.0,29.0,15:00:00,/en/matches/52a6b8a7/Nimes-Reims-May-2-2021-Ligue-1
FRA-Ligue 1,2021,Reims,2021-05-09 Reims-Monaco,2021-05-09,Matchweek 36,Sun,Home,L,0,1,Monaco,361.0,451.0,80.0,6942.0,2481.0,158.0,178.0,88.8,139.0,156.0,89.1,58.0,98.0,59.2,0,0.4,0.5,8.0,21.0,7.0,1.0,33.0,17:05:00,/en/matches/8eec746c/Reims-Monaco-May-9-2021-Ligue-1
FRA-Ligue 1,2021,Reims,2021-05-16 Paris S-G-Reims,2021-05-16,Matchweek 37,Sun,Away,L,0,4,Paris S-G,397.0,466.0,85.2,7321.0,2318.0,180.0,193.0,93.3,155.0,174.0,89.1,53.0,84.0,63.1,0,0.0,0.1,1.0,23.0,2.0,0.0,27.0,21:00:00,/en/matches/b8a9948f/Paris-Saint-Germain-Reims-May-16-2021-Ligue-1
FRA-Ligue 1,2021,Reims,2021-05-23 Reims-Bordeaux,2021-05-23,Matchweek 38,Sun,Home,L,1,2,Bordeaux,518.0,599.0,86.5,10495.0,2928.0,205.0,223.0,91.9,215.0,238.0,90.3,94.0,123.0,76.4,1,0.7,0.7,8.0,30.0,6.0,3.0,31.0,21:00:00,/en/matches/0dc82fba/Reims-Bordeaux-May-23-2021-Ligue-1
FRA-Ligue 1,2021,Rennes,2020-08-22 Lille-Rennes,2020-08-22,Matchweek 1,Sat,Away,D,1,1,Lille,431.0,516.0,83.5,7807.0,2407.0,188.0,207.0,90.8,183.0,212.0,86.3,50.0,73.0,68.5,1,1.2,0.8,9.0,27.0,4.0,1.0,37.0,21:00:00,/en/matches/50ec2fcc/Lille-Rennes-August-22-2020-Ligue-1
FRA-Ligue 1,2021,Rennes,2020-08-29 Rennes-Montpellier,2020-08-29,Matchweek 2,Sat,Home,W,2,1,Montpellier,546.0,641.0,85.2,9710.0,3429.0,252.0,276.0,91.3,232.0,256.0,90.6,53.0,87.0,60.9,1,1.1,1.1,11.0,28.0,6.0,2.0,34.0,17:00:00,/en/matches/1ec60fe6/Rennes-Montpellier-August-29-2020-Ligue-1
FRA-Ligue 1,2021,Rennes,2020-09-13 Nîmes-Rennes,2020-09-13,Matchweek 3,Sun,Away,W,4,2,Nîmes,375.0,483.0,77.6,7346.0,2793.0,154.0,177.0,87.0,168.0,192.0,87.5,48.0,95.0,50.5,4,2.1,1.0,10.0,30.0,6.0,3.0,33.0,15:00:00,/en/matches/a38dda9a/Nimes-Rennes-September-13-2020-Ligue-1
FRA-Ligue 1,2021,Rennes,2020-09-19 Rennes-Monaco,2020-09-19,Matchweek 4,Sat,Home,W,2,1,Monaco,557.0,647.0,86.1,9887.0,3512.0,243.0,269.0,90.3,253.0,276.0,91.7,55.0,84.0,65.5,2,0.9,0.9,13.0,45.0,8.0,4.0,58.0,21:00:00,/en/matches/17da8c83/Rennes-Monaco-September-19-2020-Ligue-1
FRA-Ligue 1,2021,Rennes,2020-09-26 Saint-Étienne-Rennes,2020-09-26,Matchweek 5,Sat,Away,W,3,0,Saint-Étienne,439.0,525.0,83.6,7909.0,3112.0,212.0,232.0,91.4,168.0,197.0,85.3,52.0,84.0,61.9,3,1.0,1.1,9.0,33.0,6.0,2.0,41.0,17:00:00,/en/matches/bd61810c/Saint-Etienne-Rennes-September-26-2020-Ligue-1
FRA-Ligue 1,2021,Rennes,2020-10-04 Rennes-Reims,2020-10-04,Matchweek 6,Sun,Home,D,2,2,Reims,613.0,715.0,85.7,10845.0,3702.0,251.0,281.0,89.3,282.0,305.0,92.5,57.0,89.0,64.0,1,1.2,1.5,14.0,43.0,9.0,6.0,54.0,17:00:00,/en/matches/6d85492f/Rennes-Reims-October-4-2020-Ligue-1
FRA-Ligue 1,2021,Rennes,2020-10-16 Dijon-Rennes,2020-10-16,Matchweek 7,Fri,Away,D,1,1,Dijon,486.0,604.0,80.5,9032.0,3262.0,205.0,232.0,88.4,222.0,261.0,85.1,54.0,86.0,62.8,1,0.6,0.8,7.0,35.0,4.0,0.0,48.0,19:00:00,/en/matches/40fc3205/Dijon-Rennes-October-16-2020-Ligue-1
FRA-Ligue 1,2021,Rennes,2020-10-23 Rennes-Angers,2020-10-23,Matchweek 8,Fri,Home,L,1,2,Angers,648.0,747.0,86.7,11485.0,3501.0,272.0,291.0,93.5,295.0,321.0,91.9,61.0,88.0,69.3,0,0.5,0.9,9.0,48.0,11.0,3.0,77.0,21:00:00,/en/matches/3450b7fc/Rennes-Angers-October-23-2020-Ligue-1
FRA-Ligue 1,2021,Rennes,2020-10-31 Rennes-Brest,2020-10-31,Matchweek 9,Sat,Home,W,2,1,Brest,762.0,861.0,88.5,14557.0,4728.0,304.0,334.0,91.0,361.0,396.0,91.2,94.0,117.0,80.3,2,1.2,1.4,18.0,59.0,13.0,4.0,77.0,17:00:00,/en/matches/484e968c/Rennes-Brest-October-31-2020-Ligue-1
FRA-Ligue 1,2021,Rennes,2020-11-07 Paris S-G-Rennes,2020-11-07,Matchweek 10,Sat,Away,L,0,3,Paris S-G,464.0,559.0,83.0,8727.0,2698.0,187.0,213.0,87.8,209.0,235.0,88.9,60.0,87.0,69.0,0,0.9,1.0,14.0,39.0,10.0,3.0,45.0,21:00:00,/en/matches/a28dd1b9/Paris-Saint-Germain-Rennes-November-7-2020-Ligue-1
FRA-Ligue 1,2021,Rennes,2020-11-20 Rennes-Bordeaux,2020-11-20,Matchweek 11,Fri,Home,L,0,1,Bordeaux,447.0,581.0,76.9,8115.0,2714.0,184.0,222.0,82.9,199.0,230.0,86.5,50.0,90.0,55.6,0,1.8,1.7,10.0,38.0,6.0,4.0,46.0,19:00:00,/en/matches/c7f16be3/Rennes-Bordeaux-November-20-2020-Ligue-1
FRA-Ligue 1,2021,Rennes,2020-11-27 Strasbourg-Rennes,2020-11-27,Matchweek 12,Fri,Away,D,1,1,Strasbourg,581.0,682.0,85.2,10760.0,3549.0,239.0,262.0,91.2,282.0,307.0,91.9,57.0,89.0,64.0,1,2.0,2.0,17.0,75.0,18.0,7.0,76.0,21:00:00,/en/matches/3b498bf8/Strasbourg-Rennes-November-27-2020-Ligue-1
FRA-Ligue 1,2021,Rennes,2020-12-05 Rennes-Lens,2020-12-05,Matchweek 13,Sat,Home,L,0,2,Lens,419.0,561.0,74.7,8453.0,3287.0,167.0,207.0,80.7,188.0,231.0,81.4,62.0,108.0,57.4,0,0.3,0.6,5.0,41.0,8.0,1.0,40.0,17:00:00,/en/matches/69560d5c/Rennes-Lens-December-5-2020-Ligue-1
FRA-Ligue 1,2021,Rennes,2020-12-13 Nice-Rennes,2020-12-13,Matchweek 14,Sun,Away,W,1,0,Nice,414.0,503.0,82.3,7556.0,2749.0,191.0,213.0,89.7,172.0,195.0,88.2,47.0,83.0,56.6,1,1.3,1.1,15.0,26.0,10.0,3.0,34.0,13:00:00,/en/matches/5c4cfd00/Nice-Rennes-December-13-2020-Ligue-1
FRA-Ligue 1,2021,Rennes,2020-12-16 Rennes-Marseille,2020-12-16,Matchweek 15,Wed,Home,W,2,1,Marseille,523.0,640.0,81.7,9452.0,2979.0,225.0,252.0,89.3,233.0,266.0,87.6,57.0,100.0,57.0,2,1.1,1.2,12.0,61.0,8.0,5.0,62.0,21:00:00,/en/matches/7757b78e/Rennes-Marseille-December-16-2020-Ligue-1
FRA-Ligue 1,2021,Rennes,2020-12-20 Lorient-Rennes,2020-12-20,Matchweek 16,Sun,Away,W,3,0,Lorient,526.0,622.0,84.6,9097.0,3170.0,270.0,295.0,91.5,195.0,219.0,89.0,55.0,90.0,61.1,3,0.8,1.0,12.0,40.0,4.0,1.0,46.0,17:00:00,/en/matches/63148fae/Lorient-Rennes-December-20-2020-Ligue-1
FRA-Ligue 1,2021,Rennes,2020-12-23 Rennes-Metz,2020-12-23,Matchweek 17,Wed,Home,W,1,0,Metz,554.0,667.0,83.1,9128.0,3124.0,297.0,332.0,89.5,199.0,226.0,88.1,50.0,88.0,56.8,1,0.8,0.7,9.0,35.0,7.0,1.0,40.0,19:00:00,/en/matches/cb7d6ff7/Rennes-Metz-December-23-2020-Ligue-1
FRA-Ligue 1,2021,Rennes,2021-01-06 Nantes-Rennes,2021-01-06,Matchweek 18,Wed,Away,D,0,0,Nantes,746.0,850.0,87.8,12281.0,3561.0,354.0,388.0,91.2,313.0,338.0,92.6,56.0,81.0,69.1,0,0.5,1.0,7.0,57.0,13.0,4.0,77.0,19:00:00,/en/matches/251197e6/Nantes-Rennes-January-6-2021-Ligue-1
FRA-Ligue 1,2021,Rennes,2021-01-09 Rennes-Lyon,2021-01-09,Matchweek 19,Sat,Home,D,2,2,Lyon,539.0,638.0,84.5,8625.0,3021.0,279.0,300.0,93.0,188.0,216.0,87.0,44.0,76.0,57.9,1,0.9,1.0,11.0,34.0,5.0,1.0,33.0,21:00:00,/en/matches/a17d9c6a/Rennes-Lyon-January-9-2021-Ligue-1
FRA-Ligue 1,2021,Rennes,2021-01-17 Brest-Rennes,2021-01-17,Matchweek 20,Sun,Away,W,2,1,Brest,582.0,673.0,86.5,9894.0,3219.0,286.0,304.0,94.1,248.0,275.0,90.2,41.0,75.0,54.7,1,0.5,0.9,4.0,56.0,5.0,2.0,48.0,13:00:00,/en/matches/e3319eb7/Brest-Rennes-January-17-2021-Ligue-1
FRA-Ligue 1,2021,Rennes,2021-01-24 Rennes-Lille,2021-01-24,Matchweek 21,Sun,Home,L,0,1,Lille,573.0,694.0,82.6,10055.0,3313.0,262.0,306.0,85.6,244.0,271.0,90.0,60.0,93.0,64.5,0,0.4,0.5,7.0,34.0,3.0,1.0,52.0,17:00:00,/en/matches/16b98c65/Rennes-Lille-January-24-2021-Ligue-1
FRA-Ligue 1,2021,Rennes,2021-02-03 Rennes-Lorient,2021-02-03,Matchweek 23,Wed,Home,D,1,1,Lorient,566.0,671.0,84.4,9255.0,2875.0,330.0,356.0,92.7,181.0,212.0,85.4,50.0,84.0,59.5,0,0.4,1.2,7.0,38.0,10.0,3.0,43.0,19:00:00,/en/matches/5834a902/Rennes-Lorient-February-3-2021-Ligue-1
FRA-Ligue 1,2021,Rennes,2021-02-06 Lens-Rennes,2021-02-06,Matchweek 24,Sat,Away,D,0,0,Lens,413.0,515.0,80.2,6852.0,2710.0,204.0,235.0,86.8,171.0,199.0,85.9,30.0,57.0,52.6,0,0.6,0.9,6.0,33.0,7.0,1.0,43.0,21:00:00,/en/matches/1a65ddc8/Lens-Rennes-February-6-2021-Ligue-1
FRA-Ligue 1,2021,Rennes,2021-02-14 Rennes-Saint-Étienne,2021-02-14,Matchweek 25,Sun,Home,L,0,2,Saint-Étienne,583.0,721.0,80.9,9845.0,3456.0,272.0,306.0,88.9,260.0,298.0,87.2,41.0,84.0,48.8,0,1.0,1.1,8.0,48.0,7.0,4.0,64.0,15:00:00,/en/matches/95bcd2b0/Rennes-Saint-Etienne-February-14-2021-Ligue-1
FRA-Ligue 1,2021,Rennes,2021-02-21 Montpellier-Rennes,2021-02-21,Matchweek 26,Sun,Away,L,1,2,Montpellier,553.0,644.0,85.9,9408.0,3300.0,259.0,286.0,90.6,248.0,264.0,93.9,39.0,71.0,54.9,1,1.8,1.1,11.0,42.0,13.0,4.0,59.0,13:00:00,/en/matches/878465f3/Montpellier-Rennes-February-21-2021-Ligue-1
FRA-Ligue 1,2021,Rennes,2021-02-26 Rennes-Nice,2021-02-26,Matchweek 27,Fri,Home,L,1,2,Nice,508.0,593.0,85.7,8884.0,3008.0,228.0,251.0,90.8,220.0,245.0,89.8,47.0,66.0,71.2,0,0.5,0.8,9.0,56.0,5.0,1.0,58.0,21:00:00,/en/matches/33ef08af/Rennes-Nice-February-26-2021-Ligue-1
FRA-Ligue 1,2021,Rennes,2021-03-03 Lyon-Rennes,2021-03-03,Matchweek 28,Wed,Away,L,0,1,Lyon,487.0,590.0,82.5,8353.0,3062.0,227.0,245.0,92.7,212.0,248.0,85.5,40.0,76.0,52.6,0,0.6,0.6,9.0,30.0,5.0,4.0,29.0,19:00:00,/en/matches/423f56db/Lyon-Rennes-March-3-2021-Ligue-1
FRA-Ligue 1,2021,Rennes,2021-03-10 Marseille-Rennes,2021-03-10,Matchweek 22,Wed,Away,L,0,1,Marseille,400.0,498.0,80.3,6832.0,2411.0,214.0,234.0,91.5,134.0,160.0,83.8,44.0,73.0,60.3,0,0.5,0.5,7.0,28.0,5.0,0.0,37.0,19:00:00,/en/matches/1724ec53/Marseille-Rennes-March-10-2021-Ligue-1
FRA-Ligue 1,2021,Rennes,2021-03-14 Rennes-Strasbourg,2021-03-14,Matchweek 29,Sun,Home,W,1,0,Strasbourg,411.0,516.0,79.7,7069.0,2675.0,201.0,223.0,90.1,162.0,191.0,84.8,38.0,70.0,54.3,1,0.9,1.3,9.0,30.0,6.0,0.0,56.0,15:00:00,/en/matches/0c33e9b2/Rennes-Strasbourg-March-14-2021-Ligue-1
FRA-Ligue 1,2021,Rennes,2021-03-20 Metz-Rennes,2021-03-20,Matchweek 30,Sat,Away,W,3,1,Metz,386.0,513.0,75.2,6725.0,2723.0,191.0,222.0,86.0,143.0,179.0,79.9,43.0,87.0,49.4,1,0.5,0.5,4.0,24.0,1.0,0.0,28.0,13:00:00,/en/matches/cc1f739a/Metz-Rennes-March-20-2021-Ligue-1
FRA-Ligue 1,2021,Rennes,2021-04-04 Reims-Rennes,2021-04-04,Matchweek 31,Sun,Away,D,2,2,Reims,482.0,560.0,86.1,8309.0,3111.0,233.0,253.0,92.1,210.0,241.0,87.1,35.0,54.0,64.8,1,1.0,1.2,12.0,38.0,11.0,1.0,51.0,15:00:00,/en/matches/6957bee0/Reims-Rennes-April-4-2021-Ligue-1
FRA-Ligue 1,2021,Rennes,2021-04-11 Rennes-Nantes,2021-04-11,Matchweek 32,Sun,Home,W,1,0,Nantes,564.0,682.0,82.7,9028.0,2876.0,261.0,288.0,90.6,219.0,250.0,87.6,46.0,80.0,57.5,1,0.5,1.2,10.0,33.0,9.0,2.0,39.0,13:00:00,/en/matches/f48ef301/Rennes-Nantes-April-11-2021-Ligue-1
FRA-Ligue 1,2021,Rennes,2021-04-17 Angers-Rennes,2021-04-17,Matchweek 33,Sat,Away,W,3,0,Angers,626.0,720.0,86.9,10376.0,3532.0,305.0,332.0,91.9,249.0,274.0,90.9,49.0,75.0,65.3,3,1.2,1.2,7.0,49.0,7.0,0.0,66.0,12:45:00,/en/matches/f3267962/Angers-Rennes-April-17-2021-Ligue-1
FRA-Ligue 1,2021,Rennes,2021-04-25 Rennes-Dijon,2021-04-25,Matchweek 34,Sun,Home,W,5,1,Dijon,736.0,809.0,91.0,12295.0,3758.0,345.0,365.0,94.5,320.0,335.0,95.5,54.0,76.0,71.1,4,2.7,4.0,23.0,48.0,11.0,0.0,60.0,15:00:00,/en/matches/89bb1f81/Rennes-Dijon-April-25-2021-Ligue-1
FRA-Ligue 1,2021,Rennes,2021-05-02 Bordeaux-Rennes,2021-05-02,Matchweek 35,Sun,Away,L,0,1,Bordeaux,421.0,525.0,80.2,7709.0,2343.0,166.0,187.0,88.8,212.0,244.0,86.9,39.0,69.0,56.5,0,0.3,0.5,5.0,36.0,2.0,0.0,41.0,13:00:00,/en/matches/fbdd3548/Bordeaux-Rennes-May-2-2021-Ligue-1
FRA-Ligue 1,2021,Rennes,2021-05-09 Rennes-Paris S-G,2021-05-09,Matchweek 36,Sun,Home,D,1,1,Paris S-G,366.0,455.0,80.4,6743.0,2750.0,167.0,187.0,89.3,147.0,172.0,85.5,47.0,77.0,61.0,1,0.8,0.6,14.0,32.0,6.0,0.0,34.0,21:00:00,/en/matches/6fb5cbc5/Rennes-Paris-Saint-Germain-May-9-2021-Ligue-1
FRA-Ligue 1,2021,Rennes,2021-05-16 Monaco-Rennes,2021-05-16,Matchweek 37,Sun,Away,L,1,2,Monaco,486.0,616.0,78.9,9246.0,3047.0,187.0,232.0,80.6,218.0,245.0,89.0,66.0,103.0,64.1,0,0.2,0.7,4.0,30.0,12.0,3.0,51.0,21:00:00,/en/matches/31247d59/Monaco-Rennes-May-16-2021-Ligue-1
FRA-Ligue 1,2021,Rennes,2021-05-23 Rennes-Nîmes,2021-05-23,Matchweek 38,Sun,Home,W,2,0,Nîmes,798.0,877.0,91.0,13836.0,3910.0,378.0,409.0,92.4,359.0,382.0,94.0,55.0,70.0,78.6,1,1.1,1.6,8.0,77.0,12.0,2.0,66.0,21:00:00,/en/matches/bf2041f7/Rennes-Nimes-May-23-2021-Ligue-1
FRA-Ligue 1,2021,Saint-Étienne,2020-08-30 Saint-Étienne-Lorient,2020-08-30,Matchweek 2,Sun,Home,W,2,0,Lorient,396.0,483.0,82.0,7343.0,2677.0,185.0,201.0,92.0,160.0,183.0,87.4,47.0,85.0,55.3,2,1.1,0.4,11.0,18.0,6.0,2.0,26.0,15:00:00,/en/matches/9b7fa4e1/Saint-Etienne-Lorient-August-30-2020-Ligue-1
FRA-Ligue 1,2021,Saint-Étienne,2020-09-12 Saint-Étienne-Strasbourg,2020-09-12,Matchweek 3,Sat,Home,W,2,0,Strasbourg,304.0,412.0,73.8,5166.0,2252.0,148.0,170.0,87.1,122.0,156.0,78.2,29.0,63.0,46.0,0,0.3,0.2,5.0,21.0,3.0,1.0,27.0,21:00:00,/en/matches/b9da15cc/Saint-Etienne-Strasbourg-September-12-2020-Ligue-1
FRA-Ligue 1,2021,Saint-Étienne,2020-09-17 Marseille-Saint-Étienne,2020-09-17,Matchweek 1,Thu,Away,W,2,0,Marseille,296.0,396.0,74.7,5490.0,2507.0,131.0,154.0,85.1,112.0,130.0,86.2,43.0,87.0,49.4,2,0.8,0.5,9.0,16.0,4.0,2.0,19.0,21:00:00,/en/matches/bc9039b3/Marseille-Saint-Etienne-September-17-2020-Ligue-1
FRA-Ligue 1,2021,Saint-Étienne,2020-09-20 Nantes-Saint-Étienne,2020-09-20,Matchweek 4,Sun,Away,D,2,2,Nantes,271.0,380.0,71.3,4655.0,1829.0,116.0,145.0,80.0,116.0,139.0,83.5,25.0,73.0,34.2,2,1.0,0.7,4.0,10.0,3.0,0.0,17.0,17:00:00,/en/matches/6c304bd5/Nantes-Saint-Etienne-September-20-2020-Ligue-1
FRA-Ligue 1,2021,Saint-Étienne,2020-09-26 Saint-Étienne-Rennes,2020-09-26,Matchweek 5,Sat,Home,L,0,3,Rennes,388.0,497.0,78.1,7240.0,2667.0,155.0,176.0,88.1,176.0,204.0,86.3,50.0,84.0,59.5,0,0.2,0.7,4.0,29.0,6.0,1.0,44.0,17:00:00,/en/matches/bd61810c/Saint-Etienne-Rennes-September-26-2020-Ligue-1
FRA-Ligue 1,2021,Saint-Étienne,2020-10-03 Lens-Saint-Étienne,2020-10-03,Matchweek 6,Sat,Away,L,0,2,Lens,220.0,307.0,71.7,4107.0,1677.0,100.0,120.0,83.3,88.0,111.0,79.3,27.0,63.0,42.9,0,0.1,0.0,2.0,11.0,1.0,0.0,17.0,17:00:00,/en/matches/d2f273bc/Lens-Saint-Etienne-October-3-2020-Ligue-1
FRA-Ligue 1,2021,Saint-Étienne,2020-10-18 Saint-Étienne-Nice,2020-10-18,Matchweek 7,Sun,Home,L,1,3,Nice,381.0,480.0,79.4,7078.0,2493.0,167.0,180.0,92.8,152.0,190.0,80.0,52.0,85.0,61.2,1,0.6,0.5,8.0,30.0,2.0,0.0,35.0,17:00:00,/en/matches/bf718082/Saint-Etienne-Nice-October-18-2020-Ligue-1
FRA-Ligue 1,2021,Saint-Étienne,2020-10-25 Metz-Saint-Étienne,2020-10-25,Matchweek 8,Sun,Away,L,0,2,Metz,388.0,503.0,77.1,7324.0,2822.0,154.0,191.0,80.6,170.0,201.0,84.6,57.0,84.0,67.9,0,0.4,0.5,9.0,21.0,3.0,0.0,39.0,15:00:00,/en/matches/e20f9399/Metz-Saint-Etienne-October-25-2020-Ligue-1
FRA-Ligue 1,2021,Saint-Étienne,2020-11-01 Saint-Étienne-Montpellier,2020-11-01,Matchweek 9,Sun,Home,L,0,1,Montpellier,423.0,525.0,80.6,8021.0,2974.0,159.0,182.0,87.4,214.0,253.0,84.6,46.0,79.0,58.2,0,0.7,0.4,7.0,36.0,4.0,1.0,48.0,13:00:00,/en/matches/780282ee/Saint-Etienne-Montpellier-November-1-2020-Ligue-1
FRA-Ligue 1,2021,Saint-Étienne,2020-11-08 Lyon-Saint-Étienne,2020-11-08,Matchweek 10,Sun,Away,L,1,2,Lyon,221.0,333.0,66.4,4172.0,1811.0,98.0,123.0,79.7,90.0,118.0,76.3,28.0,76.0,36.8,0,1.0,0.7,12.0,17.0,9.0,4.0,19.0,21:00:00,/en/matches/16a2ea79/Lyon-Saint-Etienne-November-8-2020-Ligue-1
FRA-Ligue 1,2021,Saint-Étienne,2020-11-21 Brest-Saint-Étienne,2020-11-21,Matchweek 11,Sat,Away,L,1,4,Brest,529.0,634.0,83.4,9803.0,3827.0,231.0,259.0,89.2,220.0,251.0,87.6,70.0,104.0,67.3,1,1.3,0.7,13.0,57.0,12.0,1.0,58.0,17:00:00,/en/matches/43850694/Brest-Saint-Etienne-November-21-2020-Ligue-1
FRA-Ligue 1,2021,Saint-Étienne,2020-11-29 Saint-Étienne-Lille,2020-11-29,Matchweek 12,Sun,Home,D,1,1,Lille,269.0,384.0,70.1,5069.0,2219.0,119.0,149.0,79.9,113.0,142.0,79.6,31.0,77.0,40.3,0,0.2,0.1,5.0,19.0,1.0,0.0,23.0,21:00:00,/en/matches/03d07003/Saint-Etienne-Lille-November-29-2020-Ligue-1
FRA-Ligue 1,2021,Saint-Étienne,2020-12-06 Dijon-Saint-Étienne,2020-12-06,Matchweek 13,Sun,Away,D,0,0,Dijon,454.0,597.0,76.0,7690.0,2988.0,208.0,248.0,83.9,175.0,215.0,81.4,44.0,88.0,50.0,0,0.7,0.8,6.0,36.0,6.0,2.0,47.0,15:00:00,/en/matches/de81078b/Dijon-Saint-Etienne-December-6-2020-Ligue-1
FRA-Ligue 1,2021,Saint-Étienne,2020-12-11 Saint-Étienne-Angers,2020-12-11,Matchweek 14,Fri,Home,D,0,0,Angers,571.0,684.0,83.5,9245.0,2785.0,262.0,291.0,90.0,247.0,271.0,91.1,39.0,74.0,52.7,0,1.1,1.0,11.0,34.0,4.0,1.0,52.0,21:00:00,/en/matches/e83bb8e6/Saint-Etienne-Angers-December-11-2020-Ligue-1
FRA-Ligue 1,2021,Saint-Étienne,2020-12-16 Bordeaux-Saint-Étienne,2020-12-16,Matchweek 15,Wed,Away,W,2,1,Bordeaux,388.0,475.0,81.7,6364.0,2244.0,205.0,219.0,93.6,139.0,165.0,84.2,33.0,68.0,48.5,1,2.1,1.0,15.0,24.0,4.0,1.0,33.0,21:00:00,/en/matches/80a19aca/Bordeaux-Saint-Etienne-December-16-2020-Ligue-1
FRA-Ligue 1,2021,Saint-Étienne,2020-12-20 Saint-Étienne-Nîmes,2020-12-20,Matchweek 16,Sun,Home,D,2,2,Nîmes,444.0,536.0,82.8,7999.0,3082.0,193.0,217.0,88.9,185.0,214.0,86.4,50.0,75.0,66.7,2,1.5,0.9,15.0,43.0,11.0,6.0,58.0,15:00:00,/en/matches/45ed736f/Saint-Etienne-Nimes-December-20-2020-Ligue-1
FRA-Ligue 1,2021,Saint-Étienne,2020-12-23 Monaco-Saint-Étienne,2020-12-23,Matchweek 17,Wed,Away,D,2,2,Monaco,422.0,546.0,77.3,7090.0,2391.0,204.0,240.0,85.0,178.0,209.0,85.2,31.0,66.0,47.0,1,0.8,1.2,15.0,36.0,8.0,5.0,52.0,21:00:00,/en/matches/b6b53a29/Monaco-Saint-Etienne-December-23-2020-Ligue-1
FRA-Ligue 1,2021,Saint-Étienne,2021-01-06 Saint-Étienne-Paris S-G,2021-01-06,Matchweek 18,Wed,Home,D,1,1,Paris S-G,258.0,364.0,70.9,4445.0,2129.0,130.0,157.0,82.8,86.0,103.0,83.5,32.0,76.0,42.1,1,1.1,1.2,8.0,13.0,8.0,2.0,24.0,21:00:00,/en/matches/2c025c21/Saint-Etienne-Paris-Saint-Germain-January-6-2021-Ligue-1
FRA-Ligue 1,2021,Saint-Étienne,2021-01-09 Reims-Saint-Étienne,2021-01-09,Matchweek 19,Sat,Away,L,1,3,Reims,500.0,610.0,82.0,8505.0,2983.0,240.0,270.0,88.9,206.0,240.0,85.8,41.0,71.0,57.7,1,1.3,0.9,11.0,42.0,9.0,4.0,46.0,21:00:00,/en/matches/eb982b95/Reims-Saint-Etienne-January-9-2021-Ligue-1
FRA-Ligue 1,2021,Saint-Étienne,2021-01-17 Strasbourg-Saint-Étienne,2021-01-17,Matchweek 20,Sun,Away,L,0,1,Strasbourg,430.0,527.0,81.6,7049.0,2513.0,199.0,220.0,90.5,170.0,200.0,85.0,37.0,58.0,63.8,0,0.7,0.7,6.0,30.0,7.0,1.0,37.0,15:00:00,/en/matches/2465458e/Strasbourg-Saint-Etienne-January-17-2021-Ligue-1
FRA-Ligue 1,2021,Saint-Étienne,2021-01-24 Saint-Étienne-Lyon,2021-01-24,Matchweek 21,Sun,Home,L,0,5,Lyon,281.0,387.0,72.6,4643.0,1622.0,124.0,154.0,80.5,128.0,156.0,82.1,17.0,49.0,34.7,0,0.2,0.0,2.0,8.0,2.0,0.0,15.0,21:00:00,/en/matches/f0d4e4fc/Saint-Etienne-Lyon-January-24-2021-Ligue-1
FRA-Ligue 1,2021,Saint-Étienne,2021-01-31 Nice-Saint-Étienne,2021-01-31,Matchweek 22,Sun,Away,W,1,0,Nice,485.0,571.0,84.9,9058.0,3073.0,206.0,226.0,91.2,217.0,239.0,90.8,57.0,91.0,62.6,1,1.3,1.2,9.0,43.0,11.0,4.0,55.0,13:00:00,/en/matches/35e70807/Nice-Saint-Etienne-January-31-2021-Ligue-1
FRA-Ligue 1,2021,Saint-Étienne,2021-02-03 Saint-Étienne-Nantes,2021-02-03,Matchweek 23,Wed,Home,D,1,1,Nantes,313.0,433.0,72.3,6174.0,2674.0,115.0,148.0,77.7,138.0,169.0,81.7,52.0,90.0,57.8,1,1.5,1.0,13.0,24.0,9.0,6.0,26.0,21:00:00,/en/matches/aa148f1a/Saint-Etienne-Nantes-February-3-2021-Ligue-1
FRA-Ligue 1,2021,Saint-Étienne,2021-02-07 Saint-Étienne-Metz,2021-02-07,Matchweek 24,Sun,Home,W,1,0,Metz,365.0,492.0,74.2,6250.0,2614.0,176.0,208.0,84.6,133.0,171.0,77.8,39.0,78.0,50.0,0,0.5,0.4,7.0,18.0,2.0,0.0,21.0,15:00:00,/en/matches/c839991c/Saint-Etienne-Metz-February-7-2021-Ligue-1
FRA-Ligue 1,2021,Saint-Étienne,2021-02-14 Rennes-Saint-Étienne,2021-02-14,Matchweek 25,Sun,Away,W,2,0,Rennes,172.0,288.0,59.7,3121.0,1729.0,92.0,114.0,80.7,56.0,94.0,59.6,22.0,65.0,33.8,2,0.3,0.2,5.0,14.0,3.0,0.0,19.0,15:00:00,/en/matches/95bcd2b0/Rennes-Saint-Etienne-February-14-2021-Ligue-1
FRA-Ligue 1,2021,Saint-Étienne,2021-02-20 Saint-Étienne-Reims,2021-02-20,Matchweek 26,Sat,Home,D,1,1,Reims,326.0,455.0,71.6,5357.0,2159.0,150.0,189.0,79.4,131.0,162.0,80.9,27.0,63.0,42.9,0,0.6,0.7,10.0,19.0,6.0,2.0,32.0,13:00:00,/en/matches/01026fa4/Saint-Etienne-Reims-February-20-2021-Ligue-1
FRA-Ligue 1,2021,Saint-Étienne,2021-02-28 Lorient-Saint-Étienne,2021-02-28,Matchweek 27,Sun,Away,L,1,2,Lorient,324.0,424.0,76.4,5946.0,2424.0,154.0,167.0,92.2,119.0,153.0,77.8,45.0,79.0,57.0,1,0.9,0.6,5.0,23.0,6.0,2.0,32.0,15:00:00,/en/matches/b2f8a734/Lorient-Saint-Etienne-February-28-2021-Ligue-1
FRA-Ligue 1,2021,Saint-Étienne,2021-03-03 Saint-Étienne-Lens,2021-03-03,Matchweek 28,Wed,Home,L,2,3,Lens,475.0,599.0,79.3,9224.0,3231.0,164.0,197.0,83.2,243.0,272.0,89.3,59.0,96.0,61.5,1,1.3,1.7,15.0,39.0,14.0,9.0,47.0,19:00:00,/en/matches/9bb6cda9/Saint-Etienne-Lens-March-3-2021-Ligue-1
FRA-Ligue 1,2021,Saint-Étienne,2021-03-13 Angers-Saint-Étienne,2021-03-13,Matchweek 29,Sat,Away,W,1,0,Angers,366.0,495.0,73.9,6429.0,2313.0,171.0,200.0,85.5,134.0,169.0,79.3,46.0,100.0,46.0,1,0.6,0.6,6.0,25.0,4.0,1.0,33.0,13:00:00,/en/matches/b8bde00b/Angers-Saint-Etienne-March-13-2021-Ligue-1
FRA-Ligue 1,2021,Saint-Étienne,2021-03-19 Saint-Étienne-Monaco,2021-03-19,Matchweek 30,Fri,Home,L,0,4,Monaco,315.0,431.0,73.1,5461.0,1933.0,143.0,175.0,81.7,112.0,144.0,77.8,39.0,68.0,57.4,0,0.3,0.5,6.0,16.0,10.0,7.0,22.0,21:00:00,/en/matches/78af4b5d/Saint-Etienne-Monaco-March-19-2021-Ligue-1
FRA-Ligue 1,2021,Saint-Étienne,2021-04-04 Nîmes-Saint-Étienne,2021-04-04,Matchweek 31,Sun,Away,W,2,0,Nîmes,313.0,422.0,74.2,5443.0,2127.0,158.0,178.0,88.8,97.0,122.0,79.5,43.0,85.0,50.6,2,1.4,1.2,13.0,19.0,9.0,4.0,23.0,17:05:00,/en/matches/4f5cf422/Nimes-Saint-Etienne-April-4-2021-Ligue-1
FRA-Ligue 1,2021,Saint-Étienne,2021-04-11 Saint-Étienne-Bordeaux,2021-04-11,Matchweek 32,Sun,Home,W,4,1,Bordeaux,249.0,339.0,73.5,4407.0,1643.0,117.0,132.0,88.6,89.0,118.0,75.4,28.0,62.0,45.2,1,0.5,0.2,7.0,11.0,2.0,1.0,21.0,15:00:00,/en/matches/12b0e5d1/Saint-Etienne-Bordeaux-April-11-2021-Ligue-1
FRA-Ligue 1,2021,Saint-Étienne,2021-04-18 Paris S-G-Saint-Étienne,2021-04-18,Matchweek 33,Sun,Away,L,2,3,Paris S-G,219.0,304.0,72.0,4153.0,1813.0,107.0,126.0,84.9,70.0,83.0,84.3,34.0,69.0,49.3,1,0.6,0.4,5.0,10.0,4.0,1.0,16.0,13:00:00,/en/matches/9ae8425f/Paris-Saint-Germain-Saint-Etienne-April-18-2021-Ligue-1
FRA-Ligue 1,2021,Saint-Étienne,2021-04-24 Saint-Étienne-Brest,2021-04-24,Matchweek 34,Sat,Home,L,1,2,Brest,288.0,380.0,75.8,5299.0,2195.0,127.0,147.0,86.4,104.0,120.0,86.7,40.0,79.0,50.6,0,0.6,0.6,5.0,23.0,8.0,5.0,26.0,13:00:00,/en/matches/17488489/Saint-Etienne-Brest-April-24-2021-Ligue-1
FRA-Ligue 1,2021,Saint-Étienne,2021-05-02 Montpellier-Saint-Étienne,2021-05-02,Matchweek 35,Sun,Away,W,2,1,Montpellier,406.0,500.0,81.2,7603.0,2999.0,170.0,194.0,87.6,176.0,198.0,88.9,52.0,85.0,61.2,2,1.8,1.6,12.0,27.0,6.0,0.0,33.0,17:05:00,/en/matches/ef0d8c13/Montpellier-Saint-Etienne-May-2-2021-Ligue-1
FRA-Ligue 1,2021,Saint-Étienne,2021-05-09 Saint-Étienne-Marseille,2021-05-09,Matchweek 36,Sun,Home,W,1,0,Marseille,262.0,355.0,73.8,5004.0,2196.0,107.0,125.0,85.6,107.0,128.0,83.6,39.0,85.0,45.9,1,1.3,0.3,16.0,16.0,2.0,0.0,17.0,13:00:00,/en/matches/73ac123f/Saint-Etienne-Marseille-May-9-2021-Ligue-1
FRA-Ligue 1,2021,Saint-Étienne,2021-05-16 Lille-Saint-Étienne,2021-05-16,Matchweek 37,Sun,Away,D,0,0,Lille,340.0,446.0,76.2,6362.0,2550.0,138.0,164.0,84.1,145.0,169.0,85.8,46.0,83.0,55.4,0,0.2,0.3,5.0,14.0,4.0,1.0,19.0,21:00:00,/en/matches/ccd8f1fe/Lille-Saint-Etienne-May-16-2021-Ligue-1
FRA-Ligue 1,2021,Saint-Étienne,2021-05-23 Saint-Étienne-Dijon,2021-05-23,Matchweek 38,Sun,Home,L,0,1,Dijon,557.0,672.0,82.9,10454.0,3168.0,249.0,272.0,91.5,213.0,243.0,87.7,82.0,123.0,66.7,0,1.1,1.2,13.0,42.0,15.0,10.0,51.0,21:00:00,/en/matches/c40614b1/Saint-Etienne-Dijon-May-23-2021-Ligue-1
FRA-Ligue 1,2021,Strasbourg,2020-08-23 Lorient-Strasbourg,2020-08-23,Matchweek 1,Sun,Away,L,1,3,Lorient,359.0,458.0,78.4,6924.0,2455.0,145.0,172.0,84.3,151.0,176.0,85.8,52.0,78.0,66.7,1,0.3,0.3,5.0,25.0,4.0,0.0,26.0,15:00:00,/en/matches/f96cd5a0/Lorient-Strasbourg-August-23-2020-Ligue-1
FRA-Ligue 1,2021,Strasbourg,2020-08-29 Strasbourg-Nice,2020-08-29,Matchweek 2,Sat,Home,L,0,2,Nice,394.0,495.0,79.6,8064.0,2700.0,129.0,154.0,83.8,185.0,207.0,89.4,71.0,106.0,67.0,0,0.2,0.7,4.0,27.0,4.0,1.0,38.0,21:00:00,/en/matches/a271affc/Strasbourg-Nice-August-29-2020-Ligue-1
FRA-Ligue 1,2021,Strasbourg,2020-09-12 Saint-Étienne-Strasbourg,2020-09-12,Matchweek 3,Sat,Away,L,0,2,Saint-Étienne,321.0,432.0,74.3,6473.0,2330.0,118.0,142.0,83.1,144.0,169.0,85.2,51.0,92.0,55.4,0,1.0,1.0,8.0,29.0,5.0,1.0,30.0,21:00:00,/en/matches/b9da15cc/Saint-Etienne-Strasbourg-September-12-2020-Ligue-1
FRA-Ligue 1,2021,Strasbourg,2020-09-20 Strasbourg-Dijon,2020-09-20,Matchweek 4,Sun,Home,W,1,0,Dijon,513.0,622.0,82.5,10406.0,3601.0,200.0,218.0,91.7,228.0,263.0,86.7,81.0,122.0,66.4,1,2.2,1.3,13.0,44.0,11.0,6.0,51.0,15:00:00,/en/matches/5e509d7e/Strasbourg-Dijon-September-20-2020-Ligue-1
FRA-Ligue 1,2021,Strasbourg,2020-09-27 Monaco-Strasbourg,2020-09-27,Matchweek 5,Sun,Away,L,2,3,Monaco,338.0,441.0,76.6,6641.0,2536.0,138.0,157.0,87.9,137.0,163.0,84.0,57.0,95.0,60.0,1,0.7,1.3,7.0,33.0,6.0,5.0,45.0,15:00:00,/en/matches/6901ecbc/Monaco-Strasbourg-September-27-2020-Ligue-1
FRA-Ligue 1,2021,Strasbourg,2020-10-04 Strasbourg-Lille,2020-10-04,Matchweek 6,Sun,Home,L,0,3,Lille,377.0,485.0,77.7,7931.0,2795.0,156.0,173.0,90.2,141.0,170.0,82.9,78.0,123.0,63.4,0,1.5,1.9,12.0,29.0,11.0,5.0,38.0,15:00:00,/en/matches/e42b3f6a/Strasbourg-Lille-October-4-2020-Ligue-1
FRA-Ligue 1,2021,Strasbourg,2020-10-18 Strasbourg-Lyon,2020-10-18,Matchweek 7,Sun,Home,L,2,3,Lyon,306.0,432.0,70.8,6392.0,3019.0,121.0,147.0,82.3,122.0,163.0,74.8,59.0,92.0,64.1,1,1.1,1.2,12.0,35.0,9.0,4.0,36.0,13:00:00,/en/matches/fbfe5e73/Strasbourg-Lyon-October-18-2020-Ligue-1
FRA-Ligue 1,2021,Strasbourg,2020-10-25 Brest-Strasbourg,2020-10-25,Matchweek 8,Sun,Away,W,3,0,Brest,267.0,376.0,71.0,5481.0,2608.0,98.0,123.0,79.7,117.0,138.0,84.8,44.0,85.0,51.8,2,0.4,0.2,5.0,17.0,5.0,2.0,24.0,15:00:00,/en/matches/525316b3/Brest-Strasbourg-October-25-2020-Ligue-1
FRA-Ligue 1,2021,Strasbourg,2020-11-01 Reims-Strasbourg,2020-11-01,Matchweek 9,Sun,Away,L,1,2,Reims,374.0,465.0,80.4,7539.0,2613.0,149.0,162.0,92.0,155.0,184.0,84.2,66.0,106.0,62.3,0,0.8,0.5,6.0,26.0,7.0,3.0,42.0,15:00:00,/en/matches/791f7224/Reims-Strasbourg-November-1-2020-Ligue-1
FRA-Ligue 1,2021,Strasbourg,2020-11-06 Strasbourg-Marseille,2020-11-06,Matchweek 10,Fri,Home,L,0,1,Marseille,401.0,551.0,72.8,7480.0,2404.0,162.0,193.0,83.9,153.0,199.0,76.9,58.0,106.0,54.7,0,0.3,0.3,6.0,25.0,7.0,3.0,29.0,21:00:00,/en/matches/8491adfc/Strasbourg-Marseille-November-6-2020-Ligue-1
FRA-Ligue 1,2021,Strasbourg,2020-11-22 Montpellier-Strasbourg,2020-11-22,Matchweek 11,Sun,Away,L,3,4,Montpellier,302.0,405.0,74.6,6760.0,2940.0,94.0,117.0,80.3,152.0,183.0,83.1,56.0,87.0,64.4,0,1.2,0.8,5.0,30.0,11.0,2.0,38.0,15:00:00,/en/matches/f01e2c09/Montpellier-Strasbourg-November-22-2020-Ligue-1
FRA-Ligue 1,2021,Strasbourg,2020-11-27 Strasbourg-Rennes,2020-11-27,Matchweek 12,Fri,Home,D,1,1,Rennes,226.0,321.0,70.4,4611.0,1875.0,106.0,123.0,86.2,74.0,96.0,77.1,44.0,86.0,51.2,1,0.8,0.6,4.0,16.0,1.0,0.0,19.0,21:00:00,/en/matches/3b498bf8/Strasbourg-Rennes-November-27-2020-Ligue-1
FRA-Ligue 1,2021,Strasbourg,2020-12-06 Nantes-Strasbourg,2020-12-06,Matchweek 13,Sun,Away,W,4,0,Nantes,283.0,381.0,74.3,5835.0,2636.0,117.0,140.0,83.6,108.0,123.0,87.8,51.0,93.0,54.8,1,0.6,1.1,6.0,17.0,6.0,1.0,34.0,15:00:00,/en/matches/f800ad57/Nantes-Strasbourg-December-6-2020-Ligue-1
FRA-Ligue 1,2021,Strasbourg,2020-12-13 Strasbourg-Metz,2020-12-13,Matchweek 14,Sun,Home,D,2,2,Metz,436.0,558.0,78.1,8745.0,3302.0,150.0,172.0,87.2,214.0,247.0,86.6,65.0,116.0,56.0,2,0.9,1.5,10.0,35.0,10.0,3.0,54.0,15:00:00,/en/matches/d59fe5ea/Strasbourg-Metz-December-13-2020-Ligue-1
FRA-Ligue 1,2021,Strasbourg,2020-12-16 Angers-Strasbourg,2020-12-16,Matchweek 15,Wed,Away,W,2,0,Angers,354.0,453.0,78.1,6847.0,2730.0,139.0,162.0,85.8,153.0,185.0,82.7,49.0,85.0,57.6,2,0.6,0.5,6.0,31.0,4.0,1.0,28.0,19:00:00,/en/matches/a5fee05a/Angers-Strasbourg-December-16-2020-Ligue-1
FRA-Ligue 1,2021,Strasbourg,2020-12-20 Strasbourg-Bordeaux,2020-12-20,Matchweek 16,Sun,Home,L,0,2,Bordeaux,386.0,510.0,75.7,7773.0,2868.0,136.0,158.0,86.1,193.0,228.0,84.6,52.0,107.0,48.6,0,0.3,0.5,4.0,37.0,4.0,2.0,48.0,15:00:00,/en/matches/2eab1f5a/Strasbourg-Bordeaux-December-20-2020-Ligue-1
FRA-Ligue 1,2021,Strasbourg,2020-12-23 Paris S-G-Strasbourg,2020-12-23,Matchweek 17,Wed,Away,L,0,4,Paris S-G,302.0,380.0,79.5,6133.0,2254.0,130.0,140.0,92.9,113.0,134.0,84.3,53.0,84.0,63.1,0,0.4,0.3,4.0,17.0,1.0,1.0,20.0,21:00:00,/en/matches/644e5bd2/Paris-Saint-Germain-Strasbourg-December-23-2020-Ligue-1
FRA-Ligue 1,2021,Strasbourg,2021-01-06 Strasbourg-Nîmes,2021-01-06,Matchweek 18,Wed,Home,W,5,0,Nîmes,518.0,608.0,85.2,9892.0,3007.0,205.0,231.0,88.7,251.0,273.0,91.9,57.0,82.0,69.5,2,1.9,2.0,11.0,32.0,17.0,8.0,52.0,19:00:00,/en/matches/14d9a4e7/Strasbourg-Nimes-January-6-2021-Ligue-1
FRA-Ligue 1,2021,Strasbourg,2021-01-09 Lens-Strasbourg,2021-01-09,Matchweek 19,Sat,Away,W,1,0,Lens,233.0,352.0,66.2,4780.0,2053.0,95.0,120.0,79.2,97.0,129.0,75.2,37.0,88.0,42.0,0,0.9,0.4,5.0,17.0,3.0,1.0,18.0,21:00:00,/en/matches/ab3944d1/Lens-Strasbourg-January-9-2021-Ligue-1
FRA-Ligue 1,2021,Strasbourg,2021-01-17 Strasbourg-Saint-Étienne,2021-01-17,Matchweek 20,Sun,Home,W,1,0,Saint-Étienne,277.0,385.0,71.9,5596.0,2372.0,104.0,131.0,79.4,120.0,148.0,81.1,44.0,70.0,62.9,1,2.1,1.9,9.0,18.0,4.0,2.0,30.0,15:00:00,/en/matches/2465458e/Strasbourg-Saint-Etienne-January-17-2021-Ligue-1
FRA-Ligue 1,2021,Strasbourg,2021-01-24 Dijon-Strasbourg,2021-01-24,Matchweek 21,Sun,Away,D,1,1,Dijon,411.0,512.0,80.3,8272.0,3033.0,138.0,151.0,91.4,178.0,200.0,89.0,75.0,124.0,60.5,0,2.0,1.2,13.0,36.0,10.0,2.0,42.0,15:00:00,/en/matches/a7af930d/Dijon-Strasbourg-January-24-2021-Ligue-1
FRA-Ligue 1,2021,Strasbourg,2021-01-31 Strasbourg-Reims,2021-01-31,Matchweek 22,Sun,Home,L,0,1,Reims,375.0,469.0,80.0,7696.0,2947.0,120.0,142.0,84.5,193.0,214.0,90.2,53.0,88.0,60.2,0,1.0,0.7,8.0,31.0,5.0,0.0,35.0,15:00:00,/en/matches/7d380a9a/Strasbourg-Reims-January-31-2021-Ligue-1
FRA-Ligue 1,2021,Strasbourg,2021-02-03 Strasbourg-Brest,2021-02-03,Matchweek 23,Wed,Home,D,2,2,Brest,317.0,418.0,75.8,6392.0,2519.0,118.0,142.0,83.1,143.0,178.0,80.3,49.0,81.0,60.5,0,0.2,0.3,5.0,23.0,5.0,3.0,25.0,19:00:00,/en/matches/ce4a0c8e/Strasbourg-Brest-February-3-2021-Ligue-1
FRA-Ligue 1,2021,Strasbourg,2021-02-06 Lyon-Strasbourg,2021-02-06,Matchweek 24,Sat,Away,L,0,3,Lyon,222.0,303.0,73.3,4233.0,1681.0,92.0,107.0,86.0,85.0,104.0,81.7,33.0,65.0,50.8,0,0.2,0.3,5.0,16.0,3.0,0.0,20.0,19:00:00,/en/matches/189c7e24/Lyon-Strasbourg-February-6-2021-Ligue-1
FRA-Ligue 1,2021,Strasbourg,2021-02-14 Metz-Strasbourg,2021-02-14,Matchweek 25,Sun,Away,W,2,1,Metz,407.0,534.0,76.2,8038.0,3146.0,151.0,178.0,84.8,176.0,221.0,79.6,63.0,102.0,61.8,2,1.2,0.8,9.0,41.0,11.0,4.0,50.0,15:00:00,/en/matches/13dd281c/Metz-Strasbourg-February-14-2021-Ligue-1
FRA-Ligue 1,2021,Strasbourg,2021-02-21 Strasbourg-Angers,2021-02-21,Matchweek 26,Sun,Home,D,0,0,Angers,451.0,570.0,79.1,8154.0,2982.0,201.0,234.0,85.9,176.0,204.0,86.3,60.0,95.0,63.2,0,0.8,1.2,11.0,33.0,8.0,5.0,51.0,15:00:00,/en/matches/77b2ad0a/Strasbourg-Angers-February-21-2021-Ligue-1
FRA-Ligue 1,2021,Strasbourg,2021-02-28 Lille-Strasbourg,2021-02-28,Matchweek 27,Sun,Away,D,1,1,Lille,214.0,329.0,65.0,4085.0,2046.0,96.0,120.0,80.0,73.0,102.0,71.6,36.0,87.0,41.4,1,0.7,0.6,5.0,10.0,6.0,4.0,12.0,17:00:00,/en/matches/89db6c90/Lille-Strasbourg-February-28-2021-Ligue-1
FRA-Ligue 1,2021,Strasbourg,2021-03-03 Strasbourg-Monaco,2021-03-03,Matchweek 28,Wed,Home,W,1,0,Monaco,246.0,368.0,66.8,5487.0,2393.0,84.0,111.0,75.7,106.0,139.0,76.3,54.0,97.0,55.7,0,0.6,1.2,8.0,25.0,8.0,5.0,36.0,21:00:00,/en/matches/6ec67dc8/Strasbourg-Monaco-March-3-2021-Ligue-1
FRA-Ligue 1,2021,Strasbourg,2021-03-14 Rennes-Strasbourg,2021-03-14,Matchweek 29,Sun,Away,L,0,1,Rennes,391.0,515.0,75.9,7866.0,3102.0,136.0,164.0,82.9,176.0,200.0,88.0,62.0,110.0,56.4,0,0.6,0.8,4.0,25.0,1.0,0.0,25.0,15:00:00,/en/matches/0c33e9b2/Rennes-Strasbourg-March-14-2021-Ligue-1
FRA-Ligue 1,2021,Strasbourg,2021-03-21 Strasbourg-Lens,2021-03-21,Matchweek 30,Sun,Home,L,1,2,Lens,399.0,535.0,74.6,8272.0,3172.0,146.0,182.0,80.2,174.0,206.0,84.5,72.0,121.0,59.5,1,1.8,2.0,9.0,40.0,4.0,2.0,32.0,13:00:00,/en/matches/c22925df/Strasbourg-Lens-March-21-2021-Ligue-1
FRA-Ligue 1,2021,Strasbourg,2021-04-04 Bordeaux-Strasbourg,2021-04-04,Matchweek 31,Sun,Away,W,3,2,Bordeaux,299.0,397.0,75.3,5792.0,2624.0,134.0,164.0,81.7,110.0,130.0,84.6,51.0,83.0,61.4,2,1.3,1.8,9.0,15.0,14.0,5.0,29.0,15:00:00,/en/matches/f919ead6/Bordeaux-Strasbourg-April-4-2021-Ligue-1
FRA-Ligue 1,2021,Strasbourg,2021-04-10 Strasbourg-Paris S-G,2021-04-10,Matchweek 32,Sat,Home,L,1,4,Paris S-G,308.0,403.0,76.4,6192.0,2370.0,130.0,144.0,90.3,108.0,124.0,87.1,62.0,110.0,56.4,1,0.9,0.9,8.0,29.0,12.0,4.0,34.0,17:00:00,/en/matches/3d39e7ef/Strasbourg-Paris-Saint-Germain-April-10-2021-Ligue-1
FRA-Ligue 1,2021,Strasbourg,2021-04-18 Nîmes-Strasbourg,2021-04-18,Matchweek 33,Sun,Away,D,1,1,Nîmes,378.0,482.0,78.4,7389.0,2213.0,142.0,169.0,84.0,177.0,203.0,87.2,52.0,91.0,57.1,0,0.1,0.2,3.0,24.0,4.0,0.0,36.0,15:00:00,/en/matches/9a9ec43b/Nimes-Strasbourg-April-18-2021-Ligue-1
FRA-Ligue 1,2021,Strasbourg,2021-04-25 Strasbourg-Nantes,2021-04-25,Matchweek 34,Sun,Home,L,1,2,Nantes,437.0,573.0,76.3,8345.0,3103.0,192.0,227.0,84.6,162.0,198.0,81.8,69.0,114.0,60.5,1,0.9,1.3,6.0,26.0,10.0,3.0,43.0,15:00:00,/en/matches/05a44d64/Strasbourg-Nantes-April-25-2021-Ligue-1
FRA-Ligue 1,2021,Strasbourg,2021-04-30 Marseille-Strasbourg,2021-04-30,Matchweek 35,Fri,Away,D,1,1,Marseille,246.0,335.0,73.4,4871.0,2041.0,88.0,109.0,80.7,106.0,125.0,84.8,40.0,78.0,51.3,1,0.4,0.5,6.0,12.0,4.0,2.0,17.0,21:00:00,/en/matches/ccf9386d/Marseille-Strasbourg-April-30-2021-Ligue-1
FRA-Ligue 1,2021,Strasbourg,2021-05-09 Strasbourg-Montpellier,2021-05-09,Matchweek 36,Sun,Home,L,2,3,Montpellier,404.0,516.0,78.3,8632.0,3158.0,113.0,137.0,82.5,221.0,254.0,87.0,66.0,105.0,62.9,1,1.0,1.3,12.0,43.0,13.0,6.0,65.0,15:00:00,/en/matches/e63e3a7c/Strasbourg-Montpellier-May-9-2021-Ligue-1
FRA-Ligue 1,2021,Strasbourg,2021-05-16 Nice-Strasbourg,2021-05-16,Matchweek 37,Sun,Away,W,2,0,Nice,212.0,289.0,73.4,4764.0,2118.0,78.0,87.0,89.7,83.0,106.0,78.3,50.0,82.0,61.0,1,0.8,0.8,5.0,17.0,4.0,2.0,20.0,21:00:00,/en/matches/75cbbe08/Nice-Strasbourg-May-16-2021-Ligue-1
FRA-Ligue 1,2021,Strasbourg,2021-05-23 Strasbourg-Lorient,2021-05-23,Matchweek 38,Sun,Home,D,1,1,Lorient,436.0,517.0,84.3,9137.0,2807.0,134.0,148.0,90.5,225.0,247.0,91.1,65.0,102.0,63.7,0,0.1,0.2,4.0,26.0,1.0,0.0,29.0,21:00:00,/en/matches/9e789fd5/Strasbourg-Lorient-May-23-2021-Ligue-1
FRA-Ligue 1,2223,Ajaccio,2022-08-05 Lyon-Ajaccio,2022-08-05,Matchweek 1,Fri,Away,L,1,2,Lyon,239.0,332.0,72.0,4172.0,1829.0,105.0,124.0,84.7,95.0,133.0,71.4,28.0,58.0,48.3,0,0.4,0.5,4.0,20.0,6.0,2.0,32.0,21:00:00,/en/matches/47ab569b/Lyon-Ajaccio-August-5-2022-Ligue-1
FRA-Ligue 1,2223,Ajaccio,2022-08-14 Ajaccio-Lens,2022-08-14,Matchweek 2,Sun,Home,D,0,0,Lens,222.0,311.0,71.4,4360.0,1949.0,92.0,115.0,80.0,88.0,109.0,80.7,34.0,69.0,49.3,0,0.3,0.4,8.0,21.0,4.0,2.0,26.0,15:00:00,/en/matches/8b559e8f/Ajaccio-Lens-August-14-2022-Ligue-1
FRA-Ligue 1,2223,Ajaccio,2022-08-21 Rennes-Ajaccio,2022-08-21,Matchweek 3,Sun,Away,L,1,2,Rennes,297.0,434.0,68.4,5306.0,1925.0,132.0,169.0,78.1,118.0,163.0,72.4,35.0,76.0,46.1,1,0.6,0.6,7.0,20.0,3.0,1.0,26.0,17:05:00,/en/matches/9befca9a/Rennes-Ajaccio-August-21-2022-Ligue-1
FRA-Ligue 1,2223,Ajaccio,2022-08-26 Ajaccio-Lille,2022-08-26,Matchweek 4,Fri,Home,L,1,3,Lille,275.0,387.0,71.1,5245.0,1921.0,115.0,149.0,77.2,108.0,132.0,81.8,41.0,79.0,51.9,0,0.7,0.6,10.0,21.0,5.0,2.0,28.0,21:00:00,/en/matches/d8aa49d4/Ajaccio-Lille-August-26-2022-Ligue-1
FRA-Ligue 1,2223,Ajaccio,2022-08-31 Montpellier-Ajaccio,2022-08-31,Matchweek 5,Wed,Away,L,0,2,Montpellier,443.0,543.0,81.6,8333.0,3062.0,164.0,185.0,88.6,202.0,231.0,87.4,57.0,92.0,62.0,0,0.7,1.4,12.0,51.0,7.0,5.0,42.0,19:00:00,/en/matches/f80ee3a3/Montpellier-Ajaccio-August-31-2022-Ligue-1
FRA-Ligue 1,2223,Ajaccio,2022-09-04 Ajaccio-Lorient,2022-09-04,Matchweek 6,Sun,Home,L,0,1,Lorient,386.0,510.0,75.7,7624.0,2792.0,150.0,172.0,87.2,168.0,217.0,77.4,58.0,96.0,60.4,0,0.4,1.3,13.0,54.0,11.0,6.0,61.0,15:00:00,/en/matches/ae60a120/Ajaccio-Lorient-September-4-2022-Ligue-1
FRA-Ligue 1,2223,Ajaccio,2022-09-11 Ajaccio-Nice,2022-09-11,Matchweek 7,Sun,Home,L,0,1,Nice,312.0,438.0,71.2,5717.0,2296.0,128.0,152.0,84.2,129.0,155.0,83.2,40.0,91.0,44.0,0,1.2,0.9,8.0,36.0,9.0,2.0,43.0,15:00:00,/en/matches/e7c831c2/Ajaccio-Nice-September-11-2022-Ligue-1
FRA-Ligue 1,2223,Ajaccio,2022-09-18 Brest-Ajaccio,2022-09-18,Matchweek 8,Sun,Away,W,1,0,Brest,250.0,389.0,64.3,4475.0,1735.0,111.0,147.0,75.5,98.0,129.0,76.0,30.0,81.0,37.0,1,0.5,0.3,5.0,13.0,4.0,1.0,20.0,15:00:00,/en/matches/1051ac4c/Brest-Ajaccio-September-18-2022-Ligue-1
FRA-Ligue 1,2223,Ajaccio,2022-10-02 Ajaccio-Clermont Foot,2022-10-02,Matchweek 9,Sun,Home,L,1,3,Clermont Foot,380.0,498.0,76.3,6790.0,2258.0,174.0,202.0,86.1,142.0,179.0,79.3,49.0,85.0,57.6,0,0.7,1.1,10.0,43.0,5.0,2.0,45.0,15:00:00,/en/matches/eaedf3ff/Ajaccio-Clermont-Foot-October-2-2022-Ligue-1
FRA-Ligue 1,2223,Ajaccio,2022-10-08 Marseille-Ajaccio,2022-10-08,Matchweek 10,Sat,Away,W,2,1,Marseille,227.0,333.0,68.2,4079.0,2039.0,99.0,133.0,74.4,87.0,104.0,83.7,30.0,74.0,40.5,1,0.1,0.2,2.0,17.0,2.0,1.0,24.0,17:00:00,/en/matches/98ad4323/Marseille-Ajaccio-October-8-2022-Ligue-1
FRA-Ligue 1,2223,Ajaccio,2022-10-16 Troyes-Ajaccio,2022-10-16,Matchweek 11,Sun,Away,D,1,1,Troyes,342.0,438.0,78.1,5429.0,2234.0,171.0,204.0,83.8,120.0,143.0,83.9,27.0,54.0,50.0,0,0.8,0.7,7.0,25.0,8.0,4.0,37.0,15:00:00,/en/matches/6ad88cc9/Troyes-Ajaccio-October-16-2022-Ligue-1
FRA-Ligue 1,2223,Ajaccio,2022-10-21 Ajaccio-Paris S-G,2022-10-21,Matchweek 12,Fri,Home,L,0,3,Paris S-G,297.0,384.0,77.3,5085.0,2177.0,144.0,169.0,85.2,99.0,122.0,81.1,38.0,67.0,56.7,0,0.2,0.3,6.0,30.0,3.0,1.0,32.0,21:00:00,/en/matches/492d0e7a/Ajaccio-Paris-Saint-Germain-October-21-2022-Ligue-1
FRA-Ligue 1,2223,Ajaccio,2022-10-30 Auxerre-Ajaccio,2022-10-30,Matchweek 13,Sun,Away,L,0,1,Auxerre,432.0,535.0,80.7,7692.0,2415.0,181.0,202.0,89.6,193.0,221.0,87.3,43.0,86.0,50.0,0,0.4,0.6,5.0,26.0,5.0,1.0,43.0,13:00:00,/en/matches/37f73b7b/Auxerre-Ajaccio-October-30-2022-Ligue-1
FRA-Ligue 1,2223,Ajaccio,2022-11-05 Ajaccio-Strasbourg,2022-11-05,Matchweek 14,Sat,Home,W,4,2,Strasbourg,315.0,409.0,77.0,5781.0,2442.0,136.0,159.0,85.5,119.0,155.0,76.8,41.0,68.0,60.3,2,1.7,1.1,7.0,36.0,8.0,3.0,26.0,17:00:00,/en/matches/ce07c8bb/Ajaccio-Strasbourg-November-5-2022-Ligue-1
FRA-Ligue 1,2223,Ajaccio,2022-11-13 Nantes-Ajaccio,2022-11-13,Matchweek 15,Sun,Away,D,2,2,Nantes,272.0,382.0,71.2,5118.0,2219.0,112.0,132.0,84.8,114.0,145.0,78.6,33.0,84.0,39.3,1,1.4,1.1,8.0,35.0,6.0,2.0,38.0,15:00:00,/en/matches/e2a7c160/Nantes-Ajaccio-November-13-2022-Ligue-1
FRA-Ligue 1,2223,Ajaccio,2022-12-28 Ajaccio-Angers,2022-12-28,Matchweek 16,Wed,Home,W,1,0,Angers,310.0,413.0,75.1,6034.0,2314.0,123.0,148.0,83.1,128.0,155.0,82.6,45.0,87.0,51.7,0,0.6,0.9,8.0,20.0,7.0,2.0,26.0,15:00:00,/en/matches/095e292f/Ajaccio-Angers-December-28-2022-Ligue-1
FRA-Ligue 1,2223,Ajaccio,2023-01-01 Toulouse-Ajaccio,2023-01-01,Matchweek 17,Sun,Away,L,0,2,Toulouse,255.0,380.0,67.1,4643.0,1927.0,118.0,148.0,79.7,85.0,117.0,72.6,41.0,89.0,46.1,0,0.0,0.2,1.0,25.0,4.0,1.0,23.0,15:00:00,/en/matches/0e22e8ba/Toulouse-Ajaccio-January-1-2023-Ligue-1
FRA-Ligue 1,2223,Ajaccio,2023-01-11 Ajaccio-Reims,2023-01-11,Matchweek 18,Wed,Home,L,0,1,Reims,285.0,434.0,65.7,5481.0,2293.0,109.0,143.0,76.2,116.0,172.0,67.4,48.0,83.0,57.8,0,0.9,0.5,8.0,33.0,3.0,2.0,35.0,19:00:00,/en/matches/656ef1c0/Ajaccio-Reims-January-11-2023-Ligue-1
FRA-Ligue 1,2223,Ajaccio,2023-01-15 Monaco-Ajaccio,2023-01-15,Matchweek 19,Sun,Away,L,1,7,Monaco,271.0,362.0,74.9,4949.0,1838.0,117.0,140.0,83.6,119.0,149.0,79.9,29.0,58.0,50.0,1,0.3,0.3,5.0,19.0,1.0,0.0,22.0,17:05:00,/en/matches/74dc1c48/Monaco-Ajaccio-January-15-2023-Ligue-1
FRA-Ligue 1,2223,Ajaccio,2023-01-29 Ajaccio-Lyon,2023-01-29,Matchweek 20,Sun,Home,L,0,2,Lyon,308.0,437.0,70.5,5751.0,2788.0,107.0,153.0,69.9,130.0,166.0,78.3,49.0,79.0,62.0,0,1.2,1.0,14.0,33.0,17.0,5.0,54.0,17:05:00,/en/matches/3b0e34f6/Ajaccio-Lyon-January-29-2023-Ligue-1
FRA-Ligue 1,2223,Ajaccio,2023-02-01 Angers-Ajaccio,2023-02-01,Matchweek 21,Wed,Away,W,2,1,Angers,381.0,506.0,75.3,7383.0,2105.0,144.0,176.0,81.8,171.0,198.0,86.4,57.0,107.0,53.3,2,1.3,1.1,8.0,29.0,6.0,4.0,39.0,19:00:00,/en/matches/671cbd4f/Angers-Ajaccio-February-1-2023-Ligue-1
FRA-Ligue 1,2223,Ajaccio,2023-02-05 Ajaccio-Nantes,2023-02-05,Matchweek 22,Sun,Home,L,0,2,Nantes,272.0,395.0,68.9,5107.0,2394.0,124.0,161.0,77.0,105.0,138.0,76.1,34.0,79.0,43.0,0,0.2,0.5,5.0,29.0,6.0,0.0,31.0,15:00:00,/en/matches/1d0998d1/Ajaccio-Nantes-February-5-2023-Ligue-1
FRA-Ligue 1,2223,Ajaccio,2023-02-10 Nice-Ajaccio,2023-02-10,Matchweek 23,Fri,Away,L,0,3,Nice,336.0,429.0,78.3,6331.0,2089.0,121.0,145.0,83.4,159.0,180.0,88.3,43.0,78.0,55.1,0,0.4,0.4,5.0,20.0,4.0,1.0,31.0,21:00:00,/en/matches/1ca21463/Nice-Ajaccio-February-10-2023-Ligue-1
FRA-Ligue 1,2223,Ajaccio,2023-02-19 Lorient-Ajaccio,2023-02-19,Matchweek 24,Sun,Away,L,0,3,Lorient,337.0,424.0,79.5,6115.0,2154.0,129.0,145.0,89.0,178.0,213.0,83.6,24.0,46.0,52.2,0,0.7,0.5,10.0,29.0,6.0,3.0,39.0,15:00:00,/en/matches/9a73c114/Lorient-Ajaccio-February-19-2023-Ligue-1
FRA-Ligue 1,2223,Ajaccio,2023-02-26 Ajaccio-Troyes,2023-02-26,Matchweek 25,Sun,Home,W,2,1,Troyes,341.0,449.0,75.9,6189.0,2176.0,125.0,152.0,82.2,150.0,191.0,78.5,46.0,78.0,59.0,1,3.0,1.5,11.0,34.0,6.0,4.0,41.0,15:00:00,/en/matches/78ba7c57/Ajaccio-Troyes-February-26-2023-Ligue-1
FRA-Ligue 1,2223,Ajaccio,2023-03-05 Reims-Ajaccio,2023-03-05,Matchweek 26,Sun,Away,L,0,1,Reims,240.0,351.0,68.4,4417.0,2222.0,119.0,142.0,83.8,82.0,114.0,71.9,31.0,71.0,43.7,0,0.2,0.4,3.0,7.0,4.0,2.0,14.0,15:00:00,/en/matches/b317ed7d/Reims-Ajaccio-March-5-2023-Ligue-1
FRA-Ligue 1,2223,Ajaccio,2023-03-12 Ajaccio-Montpellier,2023-03-12,Matchweek 27,Sun,Home,L,0,1,Montpellier,328.0,471.0,69.6,6038.0,2432.0,154.0,203.0,75.9,113.0,150.0,75.3,49.0,93.0,52.7,0,0.1,0.2,4.0,30.0,0.0,0.0,31.0,15:00:00,/en/matches/4d877fad/Ajaccio-Montpellier-March-12-2023-Ligue-1
FRA-Ligue 1,2223,Ajaccio,2023-03-19 Ajaccio-Monaco,2023-03-19,Matchweek 28,Sun,Home,L,0,2,Monaco,270.0,383.0,70.5,5451.0,2555.0,102.0,142.0,71.8,118.0,149.0,79.2,45.0,78.0,57.7,0,1.0,0.6,8.0,25.0,4.0,2.0,36.0,13:00:00,/en/matches/9a21157d/Ajaccio-Monaco-March-19-2023-Ligue-1
FRA-Ligue 1,2223,Ajaccio,2023-04-02 Clermont Foot-Ajaccio,2023-04-02,Matchweek 29,Sun,Away,L,1,2,Clermont Foot,193.0,304.0,63.5,3657.0,1591.0,87.0,116.0,75.0,75.0,99.0,75.8,26.0,74.0,35.1,1,0.4,0.1,2.0,16.0,1.0,1.0,16.0,15:00:00,/en/matches/758ff2c2/Clermont-Foot-Ajaccio-April-2-2023-Ligue-1
FRA-Ligue 1,2223,Ajaccio,2023-04-09 Ajaccio-Auxerre,2023-04-09,Matchweek 30,Sun,Home,L,0,3,Auxerre,385.0,500.0,77.0,7059.0,2663.0,170.0,198.0,85.9,154.0,182.0,84.6,49.0,94.0,52.1,0,1.1,1.0,7.0,30.0,10.0,3.0,39.0,15:00:00,/en/matches/4afdc8cb/Ajaccio-Auxerre-April-9-2023-Ligue-1
FRA-Ligue 1,2223,Ajaccio,2023-04-16 Strasbourg-Ajaccio,2023-04-16,Matchweek 31,Sun,Away,L,1,3,Strasbourg,407.0,522.0,78.0,7490.0,2619.0,169.0,208.0,81.3,179.0,214.0,83.6,46.0,77.0,59.7,1,0.3,0.4,5.0,20.0,5.0,2.0,31.0,15:00:00,/en/matches/c4b417d4/Strasbourg-Ajaccio-April-16-2023-Ligue-1
FRA-Ligue 1,2223,Ajaccio,2023-04-23 Ajaccio-Brest,2023-04-23,Matchweek 32,Sun,Home,D,0,0,Brest,293.0,400.0,73.3,5371.0,2395.0,128.0,150.0,85.3,121.0,149.0,81.2,35.0,78.0,44.9,0,0.2,0.9,2.0,13.0,5.0,0.0,29.0,15:00:00,/en/matches/42abcfc9/Ajaccio-Brest-April-23-2023-Ligue-1
FRA-Ligue 1,2223,Ajaccio,2023-04-29 Lille-Ajaccio,2023-04-29,Matchweek 33,Sat,Away,L,0,3,Lille,197.0,266.0,74.1,3474.0,1662.0,92.0,109.0,84.4,70.0,88.0,79.5,24.0,47.0,51.1,0,0.5,0.3,2.0,16.0,1.0,0.0,15.0,17:00:00,/en/matches/1213d047/Lille-Ajaccio-April-29-2023-Ligue-1
FRA-Ligue 1,2223,Ajaccio,2023-05-07 Ajaccio-Toulouse,2023-05-07,Matchweek 34,Sun,Home,D,0,0,Toulouse,288.0,384.0,75.0,4781.0,1858.0,140.0,166.0,84.3,104.0,123.0,84.6,30.0,73.0,41.1,0,0.3,0.5,3.0,20.0,4.0,0.0,27.0,15:00:00,/en/matches/504a857a/Ajaccio-Toulouse-May-7-2023-Ligue-1
FRA-Ligue 1,2223,Ajaccio,2023-05-13 Paris S-G-Ajaccio,2023-05-13,Matchweek 35,Sat,Away,L,0,5,Paris S-G,227.0,291.0,78.0,4251.0,1563.0,91.0,113.0,80.5,96.0,113.0,85.0,33.0,55.0,60.0,0,0.3,0.4,5.0,16.0,3.0,2.0,18.0,21:00:00,/en/matches/fdd73200/Paris-Saint-Germain-Ajaccio-May-13-2023-Ligue-1
FRA-Ligue 1,2223,Ajaccio,2023-05-21 Ajaccio-Rennes,2023-05-21,Matchweek 36,Sun,Home,L,0,5,Rennes,304.0,392.0,77.6,5645.0,2021.0,120.0,143.0,83.9,137.0,153.0,89.5,33.0,69.0,47.8,0,0.0,0.1,0.0,19.0,0.0,0.0,23.0,13:00:00,/en/matches/3f140dc2/Ajaccio-Rennes-May-21-2023-Ligue-1
FRA-Ligue 1,2223,Ajaccio,2023-05-27 Lens-Ajaccio,2023-05-27,Matchweek 37,Sat,Away,L,0,3,Lens,136.0,215.0,63.3,2528.0,969.0,61.0,74.0,82.4,49.0,69.0,71.0,21.0,61.0,34.4,0,0.2,0.1,4.0,6.0,1.0,1.0,8.0,21:00:00,/en/matches/5eceb234/Lens-Ajaccio-May-27-2023-Ligue-1
FRA-Ligue 1,2223,Ajaccio,2023-06-03 Ajaccio-Marseille,2023-06-03,Matchweek 38,Sat,Home,W,1,0,Marseille,163.0,255.0,63.9,3116.0,1665.0,77.0,91.0,84.6,59.0,81.0,72.8,26.0,75.0,34.7,0,0.1,0.4,2.0,17.0,4.0,1.0,18.0,21:00:00,/en/matches/2ca0b377/Ajaccio-Marseille-June-3-2023-Ligue-1
FRA-Ligue 1,2223,Angers,2022-08-07 Angers-Nantes,2022-08-07,Matchweek 1,Sun,Home,D,0,0,Nantes,304.0,407.0,74.7,5362.0,2488.0,148.0,174.0,85.1,118.0,146.0,80.8,28.0,64.0,43.8,0,1.3,1.5,13.0,28.0,11.0,1.0,52.0,15:00:00,/en/matches/136d5cbe/Angers-Nantes-August-7-2022-Ligue-1
FRA-Ligue 1,2223,Angers,2022-08-14 Auxerre-Angers,2022-08-14,Matchweek 2,Sun,Away,D,2,2,Auxerre,453.0,549.0,82.5,8103.0,2788.0,207.0,234.0,88.5,193.0,228.0,84.6,40.0,64.0,62.5,2,1.1,1.1,8.0,59.0,12.0,4.0,71.0,15:00:00,/en/matches/f5a2eb8d/Auxerre-Angers-August-14-2022-Ligue-1
FRA-Ligue 1,2223,Angers,2022-08-21 Angers-Brest,2022-08-21,Matchweek 3,Sun,Home,L,1,3,Brest,461.0,545.0,84.6,7769.0,2455.0,205.0,231.0,88.7,215.0,235.0,91.5,25.0,46.0,54.3,1,0.4,0.7,3.0,34.0,4.0,1.0,42.0,15:00:00,/en/matches/2bc4aa01/Angers-Brest-August-21-2022-Ligue-1
FRA-Ligue 1,2223,Angers,2022-08-28 Troyes-Angers,2022-08-28,Matchweek 4,Sun,Away,L,1,3,Troyes,490.0,577.0,84.9,8565.0,2962.0,199.0,225.0,88.4,245.0,266.0,92.1,34.0,61.0,55.7,1,0.7,0.3,7.0,37.0,6.0,0.0,42.0,15:00:00,/en/matches/ccccf547/Troyes-Angers-August-28-2022-Ligue-1
FRA-Ligue 1,2223,Angers,2022-08-31 Angers-Reims,2022-08-31,Matchweek 5,Wed,Home,L,2,4,Reims,412.0,518.0,79.5,7185.0,2543.0,182.0,216.0,84.3,168.0,194.0,86.6,43.0,74.0,58.1,1,0.7,0.7,7.0,43.0,4.0,1.0,41.0,19:00:00,/en/matches/d94a7d75/Angers-Reims-August-31-2022-Ligue-1
FRA-Ligue 1,2223,Angers,2022-09-03 Lyon-Angers,2022-09-03,Matchweek 6,Sat,Away,L,0,5,Lyon,246.0,322.0,76.4,4670.0,2082.0,96.0,119.0,80.7,95.0,118.0,80.5,36.0,57.0,63.2,0,0.9,0.5,6.0,27.0,6.0,2.0,34.0,19:00:00,/en/matches/fb645562/Lyon-Angers-September-3-2022-Ligue-1
FRA-Ligue 1,2223,Angers,2022-09-11 Angers-Montpellier,2022-09-11,Matchweek 7,Sun,Home,W,2,1,Montpellier,312.0,412.0,75.7,5584.0,2321.0,136.0,168.0,81.0,134.0,157.0,85.4,35.0,72.0,48.6,0,0.5,0.2,4.0,22.0,2.0,2.0,33.0,15:00:00,/en/matches/37884357/Angers-Montpellier-September-11-2022-Ligue-1
FRA-Ligue 1,2223,Angers,2022-09-18 Nice-Angers,2022-09-18,Matchweek 8,Sun,Away,W,1,0,Nice,383.0,459.0,83.4,6612.0,2541.0,178.0,203.0,87.7,148.0,170.0,87.1,45.0,65.0,69.2,0,1.4,1.5,13.0,26.0,6.0,1.0,46.0,15:00:00,/en/matches/58f908b1/Nice-Angers-September-18-2022-Ligue-1
FRA-Ligue 1,2223,Angers,2022-09-30 Angers-Marseille,2022-09-30,Matchweek 9,Fri,Home,L,0,3,Marseille,326.0,407.0,80.1,5686.0,2120.0,136.0,150.0,90.7,143.0,165.0,86.7,31.0,62.0,50.0,0,0.9,0.4,12.0,23.0,2.0,1.0,28.0,21:00:00,/en/matches/3c6ebbba/Angers-Marseille-September-30-2022-Ligue-1
FRA-Ligue 1,2223,Angers,2022-10-09 Angers-Strasbourg,2022-10-09,Matchweek 10,Sun,Home,L,2,3,Strasbourg,478.0,562.0,85.1,8152.0,2710.0,213.0,237.0,89.9,204.0,227.0,89.9,44.0,71.0,62.0,1,1.1,0.6,10.0,35.0,4.0,0.0,47.0,15:00:00,/en/matches/bc649871/Angers-Strasbourg-October-9-2022-Ligue-1
FRA-Ligue 1,2223,Angers,2022-10-16 Toulouse-Angers,2022-10-16,Matchweek 11,Sun,Away,L,2,3,Toulouse,304.0,401.0,75.8,5434.0,2292.0,116.0,136.0,85.3,142.0,178.0,79.8,31.0,61.0,50.8,1,1.2,1.3,12.0,18.0,10.0,1.0,33.0,13:00:00,/en/matches/4b81fd1f/Toulouse-Angers-October-16-2022-Ligue-1
FRA-Ligue 1,2223,Angers,2022-10-23 Angers-Rennes,2022-10-23,Matchweek 12,Sun,Home,L,1,2,Rennes,219.0,310.0,70.6,4074.0,1677.0,96.0,113.0,85.0,80.0,104.0,76.9,32.0,75.0,42.7,1,1.0,0.8,5.0,16.0,5.0,2.0,17.0,13:00:00,/en/matches/c9d3fd4b/Angers-Rennes-October-23-2022-Ligue-1
FRA-Ligue 1,2223,Angers,2022-10-30 Monaco-Angers,2022-10-30,Matchweek 13,Sun,Away,L,0,2,Monaco,403.0,489.0,82.4,7110.0,2731.0,169.0,195.0,86.7,187.0,214.0,87.4,38.0,60.0,63.3,0,0.5,0.4,6.0,29.0,5.0,2.0,30.0,15:00:00,/en/matches/6d8a6a22/Monaco-Angers-October-30-2022-Ligue-1
FRA-Ligue 1,2223,Angers,2022-11-05 Angers-Lens,2022-11-05,Matchweek 14,Sat,Home,L,1,2,Lens,389.0,471.0,82.6,6825.0,2435.0,143.0,164.0,87.2,192.0,215.0,89.3,32.0,61.0,52.5,1,0.4,0.5,4.0,22.0,3.0,0.0,31.0,21:00:00,/en/matches/75388a68/Angers-Lens-November-5-2022-Ligue-1
FRA-Ligue 1,2223,Angers,2022-11-13 Lille-Angers,2022-11-13,Matchweek 15,Sun,Away,L,0,1,Lille,337.0,434.0,77.6,6459.0,2612.0,123.0,146.0,84.2,167.0,199.0,83.9,41.0,72.0,56.9,0,0.6,0.6,7.0,19.0,4.0,1.0,35.0,15:00:00,/en/matches/6055a18c/Lille-Angers-November-13-2022-Ligue-1
FRA-Ligue 1,2223,Angers,2022-12-28 Ajaccio-Angers,2022-12-28,Matchweek 16,Wed,Away,L,0,1,Ajaccio,382.0,487.0,78.4,7131.0,2475.0,149.0,169.0,88.2,178.0,210.0,84.8,47.0,89.0,52.8,0,1.5,1.0,11.0,31.0,9.0,4.0,46.0,15:00:00,/en/matches/095e292f/Ajaccio-Angers-December-28-2022-Ligue-1
FRA-Ligue 1,2223,Angers,2023-01-01 Angers-Lorient,2023-01-01,Matchweek 17,Sun,Home,L,1,2,Lorient,306.0,391.0,78.3,6033.0,2336.0,116.0,135.0,85.9,133.0,163.0,81.6,48.0,74.0,64.9,1,1.3,1.4,11.0,31.0,9.0,6.0,43.0,15:00:00,/en/matches/cff615b4/Angers-Lorient-January-1-2023-Ligue-1
FRA-Ligue 1,2223,Angers,2023-01-11 Paris S-G-Angers,2023-01-11,Matchweek 18,Wed,Away,L,0,2,Paris S-G,386.0,442.0,87.3,6175.0,2052.0,178.0,193.0,92.2,171.0,187.0,91.4,20.0,34.0,58.8,0,0.4,0.2,5.0,28.0,5.0,1.0,27.0,21:00:00,/en/matches/76db6078/Paris-Saint-Germain-Angers-January-11-2023-Ligue-1
FRA-Ligue 1,2223,Angers,2023-01-15 Angers-Clermont Foot,2023-01-15,Matchweek 19,Sun,Home,L,1,2,Clermont Foot,567.0,664.0,85.4,9364.0,2797.0,262.0,289.0,90.7,233.0,260.0,89.6,46.0,72.0,63.9,1,0.4,0.9,3.0,48.0,6.0,2.0,43.0,15:00:00,/en/matches/d21b1750/Angers-Clermont-Foot-January-15-2023-Ligue-1
FRA-Ligue 1,2223,Angers,2023-01-29 Brest-Angers,2023-01-29,Matchweek 20,Sun,Away,L,0,4,Brest,508.0,611.0,83.1,8750.0,2765.0,230.0,264.0,87.1,224.0,259.0,86.5,42.0,63.0,66.7,0,0.8,0.7,7.0,37.0,8.0,3.0,48.0,15:00:00,/en/matches/6bd8ad94/Brest-Angers-January-29-2023-Ligue-1
FRA-Ligue 1,2223,Angers,2023-02-01 Angers-Ajaccio,2023-02-01,Matchweek 21,Wed,Home,L,1,2,Ajaccio,224.0,334.0,67.1,4084.0,1748.0,102.0,136.0,75.0,75.0,108.0,69.4,34.0,64.0,53.1,1,0.3,0.3,4.0,14.0,3.0,0.0,17.0,19:00:00,/en/matches/671cbd4f/Angers-Ajaccio-February-1-2023-Ligue-1
FRA-Ligue 1,2223,Angers,2023-02-05 Lorient-Angers,2023-02-05,Matchweek 22,Sun,Away,D,0,0,Lorient,354.0,448.0,79.0,6189.0,2353.0,165.0,195.0,84.6,140.0,165.0,84.8,38.0,68.0,55.9,0,0.6,0.8,9.0,28.0,9.0,4.0,41.0,15:00:00,/en/matches/4f77b00e/Lorient-Angers-February-5-2023-Ligue-1
FRA-Ligue 1,2223,Angers,2023-02-12 Angers-Auxerre,2023-02-12,Matchweek 23,Sun,Home,D,1,1,Auxerre,325.0,442.0,73.5,5684.0,2148.0,131.0,165.0,79.4,149.0,181.0,82.3,28.0,66.0,42.4,0,0.8,0.3,9.0,22.0,3.0,1.0,30.0,15:00:00,/en/matches/079e4a90/Angers-Auxerre-February-12-2023-Ligue-1
FRA-Ligue 1,2223,Angers,2023-02-18 Strasbourg-Angers,2023-02-18,Matchweek 24,Sat,Away,L,1,2,Strasbourg,505.0,604.0,83.6,9606.0,2802.0,186.0,211.0,88.2,256.0,285.0,89.8,55.0,91.0,60.4,0,0.2,0.6,5.0,40.0,3.0,1.0,34.0,21:00:00,/en/matches/7981e432/Strasbourg-Angers-February-18-2023-Ligue-1
FRA-Ligue 1,2223,Angers,2023-02-25 Angers-Lyon,2023-02-25,Matchweek 25,Sat,Home,L,1,3,Lyon,376.0,466.0,80.7,6937.0,2186.0,138.0,159.0,86.8,187.0,216.0,86.6,37.0,63.0,58.7,0,0.9,0.5,10.0,24.0,5.0,2.0,41.0,17:00:00,/en/matches/ed761c34/Angers-Lyon-February-25-2023-Ligue-1
FRA-Ligue 1,2223,Angers,2023-03-05 Montpellier-Angers,2023-03-05,Matchweek 26,Sun,Away,L,0,5,Montpellier,311.0,381.0,81.6,5400.0,1850.0,140.0,161.0,87.0,124.0,144.0,86.1,32.0,55.0,58.2,0,0.8,0.9,9.0,19.0,4.0,1.0,23.0,15:00:00,/en/matches/05267653/Montpellier-Angers-March-5-2023-Ligue-1
FRA-Ligue 1,2223,Angers,2023-03-12 Angers-Toulouse,2023-03-12,Matchweek 27,Sun,Home,L,0,2,Toulouse,319.0,409.0,78.0,6016.0,1977.0,128.0,145.0,88.3,132.0,155.0,85.2,48.0,81.0,59.3,0,1.5,0.5,10.0,33.0,9.0,2.0,36.0,15:00:00,/en/matches/7bf37201/Angers-Toulouse-March-12-2023-Ligue-1
FRA-Ligue 1,2223,Angers,2023-03-18 Lens-Angers,2023-03-18,Matchweek 28,Sat,Away,L,0,3,Lens,517.0,598.0,86.5,9277.0,2334.0,203.0,230.0,88.3,249.0,263.0,94.7,47.0,73.0,64.4,0,0.3,0.5,2.0,33.0,4.0,1.0,42.0,21:00:00,/en/matches/9481e88d/Lens-Angers-March-18-2023-Ligue-1
FRA-Ligue 1,2223,Angers,2023-04-02 Angers-Nice,2023-04-02,Matchweek 29,Sun,Home,D,1,1,Nice,283.0,372.0,76.1,5141.0,2008.0,127.0,153.0,83.0,111.0,134.0,82.8,34.0,63.0,54.0,0,0.4,0.6,7.0,29.0,4.0,1.0,34.0,15:00:00,/en/matches/3ee2de5c/Angers-Nice-April-2-2023-Ligue-1
FRA-Ligue 1,2223,Angers,2023-04-08 Angers-Lille,2023-04-08,Matchweek 30,Sat,Home,W,1,0,Lille,204.0,282.0,72.3,4154.0,1849.0,81.0,98.0,82.7,77.0,100.0,77.0,37.0,68.0,54.4,0,0.4,0.3,5.0,12.0,3.0,1.0,19.0,17:00:00,/en/matches/5b23ad99/Angers-Lille-April-8-2023-Ligue-1
FRA-Ligue 1,2223,Angers,2023-04-16 Clermont Foot-Angers,2023-04-16,Matchweek 31,Sun,Away,L,1,2,Clermont Foot,340.0,422.0,80.6,6389.0,2022.0,128.0,139.0,92.1,161.0,190.0,84.7,40.0,71.0,56.3,1,0.3,1.6,6.0,27.0,9.0,2.0,38.0,15:00:00,/en/matches/f254960b/Clermont-Foot-Angers-April-16-2023-Ligue-1
FRA-Ligue 1,2223,Angers,2023-04-21 Angers-Paris S-G,2023-04-21,Matchweek 32,Fri,Home,L,1,2,Paris S-G,403.0,463.0,87.0,6717.0,2273.0,196.0,213.0,92.0,166.0,179.0,92.7,30.0,50.0,60.0,1,1.5,1.1,11.0,42.0,10.0,5.0,50.0,21:00:00,/en/matches/e7e8dc1c/Angers-Paris-Saint-Germain-April-21-2023-Ligue-1
FRA-Ligue 1,2223,Angers,2023-04-30 Rennes-Angers,2023-04-30,Matchweek 33,Sun,Away,L,2,4,Rennes,265.0,330.0,80.3,4871.0,1585.0,117.0,129.0,90.7,108.0,122.0,88.5,32.0,60.0,53.3,1,0.2,1.3,3.0,15.0,6.0,2.0,19.0,15:00:00,/en/matches/8a1bae48/Rennes-Angers-April-30-2023-Ligue-1
FRA-Ligue 1,2223,Angers,2023-05-07 Angers-Monaco,2023-05-07,Matchweek 34,Sun,Home,L,1,2,Monaco,514.0,599.0,85.8,9548.0,2915.0,202.0,222.0,91.0,252.0,274.0,92.0,49.0,81.0,60.5,1,0.4,0.9,8.0,36.0,3.0,3.0,44.0,13:00:00,/en/matches/353a0635/Angers-Monaco-May-7-2023-Ligue-1
FRA-Ligue 1,2223,Angers,2023-05-14 Marseille-Angers,2023-05-14,Matchweek 35,Sun,Away,L,1,3,Marseille,258.0,348.0,74.1,4598.0,1812.0,124.0,149.0,83.2,107.0,132.0,81.1,23.0,60.0,38.3,1,0.3,0.3,4.0,16.0,0.0,0.0,13.0,20:45:00,/en/matches/01b6ff4d/Marseille-Angers-May-14-2023-Ligue-1
FRA-Ligue 1,2223,Angers,2023-05-21 Reims-Angers,2023-05-21,Matchweek 36,Sun,Away,D,2,2,Reims,313.0,409.0,76.5,5565.0,2197.0,141.0,159.0,88.7,121.0,144.0,84.0,35.0,78.0,44.9,0,1.0,0.9,5.0,30.0,7.0,3.0,32.0,15:00:00,/en/matches/908507af/Reims-Angers-May-21-2023-Ligue-1
FRA-Ligue 1,2223,Angers,2023-05-27 Angers-Troyes,2023-05-27,Matchweek 37,Sat,Home,W,2,1,Troyes,430.0,532.0,80.8,8105.0,2726.0,156.0,181.0,86.2,212.0,240.0,88.3,48.0,82.0,58.5,1,0.9,0.8,12.0,51.0,9.0,1.0,48.0,21:00:00,/en/matches/567eeb7c/Angers-Troyes-May-27-2023-Ligue-1
FRA-Ligue 1,2223,Angers,2023-06-03 Nantes-Angers,2023-06-03,Matchweek 38,Sat,Away,L,0,1,Nantes,496.0,566.0,87.6,9385.0,2781.0,187.0,204.0,91.7,252.0,281.0,89.7,50.0,65.0,76.9,0,0.2,0.3,3.0,40.0,2.0,0.0,43.0,21:00:00,/en/matches/54a0b007/Nantes-Angers-June-3-2023-Ligue-1
FRA-Ligue 1,2223,Auxerre,2022-08-07 Lille-Auxerre,2022-08-07,Matchweek 1,Sun,Away,L,1,4,Lille,367.0,445.0,82.5,6901.0,2650.0,159.0,177.0,89.8,142.0,158.0,89.9,54.0,89.0,60.7,1,0.6,0.7,10.0,21.0,8.0,0.0,41.0,15:00:00,/en/matches/cbdc95fe/Lille-Auxerre-August-7-2022-Ligue-1
FRA-Ligue 1,2223,Auxerre,2022-08-14 Auxerre-Angers,2022-08-14,Matchweek 2,Sun,Home,D,2,2,Angers,271.0,364.0,74.5,5495.0,2132.0,114.0,133.0,85.7,100.0,122.0,82.0,46.0,88.0,52.3,1,0.8,0.4,7.0,25.0,3.0,1.0,26.0,15:00:00,/en/matches/f5a2eb8d/Auxerre-Angers-August-14-2022-Ligue-1
FRA-Ligue 1,2223,Auxerre,2022-08-21 Montpellier-Auxerre,2022-08-21,Matchweek 3,Sun,Away,W,2,1,Montpellier,275.0,340.0,80.9,5646.0,2127.0,91.0,109.0,83.5,132.0,145.0,91.0,40.0,68.0,58.8,1,0.5,0.2,5.0,19.0,3.0,1.0,25.0,15:00:00,/en/matches/05d493df/Montpellier-Auxerre-August-21-2022-Ligue-1
FRA-Ligue 1,2223,Auxerre,2022-08-27 Auxerre-Strasbourg,2022-08-27,Matchweek 4,Sat,Home,W,1,0,Strasbourg,374.0,481.0,77.8,7709.0,2450.0,141.0,162.0,87.0,133.0,164.0,81.1,80.0,123.0,65.0,1,0.6,0.7,5.0,21.0,6.0,0.0,29.0,17:00:00,/en/matches/0bd45b22/Auxerre-Strasbourg-August-27-2022-Ligue-1
FRA-Ligue 1,2223,Auxerre,2022-08-31 Lyon-Auxerre,2022-08-31,Matchweek 5,Wed,Away,L,1,2,Lyon,303.0,401.0,75.6,5522.0,2171.0,138.0,161.0,85.7,108.0,133.0,81.2,40.0,73.0,54.8,1,0.7,0.6,4.0,27.0,7.0,4.0,32.0,19:00:00,/en/matches/d4cde1d6/Lyon-Auxerre-August-31-2022-Ligue-1
FRA-Ligue 1,2223,Auxerre,2022-09-03 Auxerre-Marseille,2022-09-03,Matchweek 6,Sat,Home,L,0,2,Marseille,387.0,479.0,80.8,7831.0,2455.0,149.0,171.0,87.1,164.0,182.0,90.1,60.0,100.0,60.0,0,0.6,0.7,6.0,39.0,5.0,0.0,38.0,17:00:00,/en/matches/d9b1158b/Auxerre-Marseille-September-3-2022-Ligue-1
FRA-Ligue 1,2223,Auxerre,2022-09-11 Rennes-Auxerre,2022-09-11,Matchweek 7,Sun,Away,L,0,5,Rennes,439.0,546.0,80.4,8292.0,2540.0,167.0,187.0,89.3,180.0,208.0,86.5,67.0,108.0,62.0,0,0.6,0.6,6.0,34.0,10.0,3.0,48.0,17:05:00,/en/matches/16d3a368/Rennes-Auxerre-September-11-2022-Ligue-1
FRA-Ligue 1,2223,Auxerre,2022-09-16 Auxerre-Lorient,2022-09-16,Matchweek 8,Fri,Home,L,1,3,Lorient,474.0,569.0,83.3,10063.0,3265.0,157.0,183.0,85.8,200.0,228.0,87.7,102.0,130.0,78.5,0,1.1,1.5,11.0,50.0,11.0,6.0,63.0,21:00:00,/en/matches/49bc23eb/Auxerre-Lorient-September-16-2022-Ligue-1
FRA-Ligue 1,2223,Auxerre,2022-10-02 Auxerre-Brest,2022-10-02,Matchweek 9,Sun,Home,D,1,1,Brest,395.0,469.0,84.2,7739.0,2777.0,133.0,150.0,88.7,193.0,217.0,88.9,59.0,88.0,67.0,0,0.5,0.5,7.0,24.0,6.0,4.0,31.0,15:00:00,/en/matches/0992c452/Auxerre-Brest-October-2-2022-Ligue-1
FRA-Ligue 1,2223,Auxerre,2022-10-09 Clermont Foot-Auxerre,2022-10-09,Matchweek 10,Sun,Away,L,1,2,Clermont Foot,393.0,475.0,82.7,8065.0,2582.0,147.0,160.0,91.9,165.0,191.0,86.4,68.0,98.0,69.4,1,0.8,0.4,8.0,27.0,2.0,0.0,43.0,15:00:00,/en/matches/d6cfdf2e/Clermont-Foot-Auxerre-October-9-2022-Ligue-1
FRA-Ligue 1,2223,Auxerre,2022-10-16 Auxerre-Nice,2022-10-16,Matchweek 11,Sun,Home,D,1,1,Nice,375.0,482.0,77.8,7550.0,2717.0,133.0,163.0,81.6,169.0,193.0,87.6,58.0,98.0,59.2,1,0.6,0.6,8.0,41.0,4.0,2.0,36.0,15:00:00,/en/matches/a9ffc8fd/Auxerre-Nice-October-16-2022-Ligue-1
FRA-Ligue 1,2223,Auxerre,2022-10-23 Reims-Auxerre,2022-10-23,Matchweek 12,Sun,Away,L,1,2,Reims,296.0,399.0,74.2,5739.0,2659.0,126.0,151.0,83.4,110.0,143.0,76.9,48.0,82.0,58.5,1,0.6,0.9,9.0,20.0,9.0,6.0,25.0,15:00:00,/en/matches/c6b10aeb/Reims-Auxerre-October-23-2022-Ligue-1
FRA-Ligue 1,2223,Auxerre,2022-10-30 Auxerre-Ajaccio,2022-10-30,Matchweek 13,Sun,Home,W,1,0,Ajaccio,292.0,376.0,77.7,5957.0,2670.0,121.0,137.0,88.3,108.0,139.0,77.7,55.0,85.0,64.7,1,1.0,0.4,10.0,21.0,3.0,0.0,31.0,13:00:00,/en/matches/37f73b7b/Auxerre-Ajaccio-October-30-2022-Ligue-1
FRA-Ligue 1,2223,Auxerre,2022-11-04 Troyes-Auxerre,2022-11-04,Matchweek 14,Fri,Away,D,1,1,Troyes,442.0,523.0,84.5,8711.0,2858.0,158.0,183.0,86.3,207.0,228.0,90.8,63.0,88.0,71.6,1,1.3,1.1,11.0,37.0,14.0,7.0,47.0,21:00:00,/en/matches/c138eba8/Troyes-Auxerre-November-4-2022-Ligue-1
FRA-Ligue 1,2223,Auxerre,2022-11-13 Paris S-G-Auxerre,2022-11-13,Matchweek 15,Sun,Away,L,0,5,Paris S-G,383.0,470.0,81.5,6775.0,2256.0,163.0,194.0,84.0,148.0,165.0,89.7,54.0,85.0,63.5,0,0.8,0.7,10.0,21.0,9.0,1.0,35.0,13:00:00,/en/matches/86e55266/Paris-Saint-Germain-Auxerre-November-13-2022-Ligue-1
FRA-Ligue 1,2223,Auxerre,2022-12-28 Auxerre-Monaco,2022-12-28,Matchweek 16,Wed,Home,L,2,3,Monaco,284.0,377.0,75.3,5492.0,2162.0,110.0,136.0,80.9,117.0,135.0,86.7,43.0,82.0,52.4,0,0.3,0.1,5.0,18.0,3.0,0.0,24.0,17:00:00,/en/matches/d5b35d85/Auxerre-Monaco-December-28-2022-Ligue-1
FRA-Ligue 1,2223,Auxerre,2023-01-01 Nantes-Auxerre,2023-01-01,Matchweek 17,Sun,Away,L,0,1,Nantes,334.0,445.0,75.1,6365.0,2614.0,138.0,160.0,86.3,141.0,170.0,82.9,45.0,88.0,51.1,0,0.6,0.7,9.0,32.0,8.0,4.0,30.0,15:00:00,/en/matches/eb1f454d/Nantes-Auxerre-January-1-2023-Ligue-1
FRA-Ligue 1,2223,Auxerre,2023-01-11 Auxerre-Toulouse,2023-01-11,Matchweek 18,Wed,Home,L,0,5,Toulouse,284.0,370.0,76.8,5302.0,2064.0,123.0,143.0,86.0,112.0,142.0,78.9,39.0,64.0,60.9,0,0.8,1.1,12.0,20.0,13.0,7.0,44.0,19:00:00,/en/matches/7037273e/Auxerre-Toulouse-January-11-2023-Ligue-1
FRA-Ligue 1,2223,Auxerre,2023-01-14 Lens-Auxerre,2023-01-14,Matchweek 19,Sat,Away,L,0,1,Lens,222.0,310.0,71.6,4339.0,1972.0,78.0,100.0,78.0,102.0,125.0,81.6,31.0,68.0,45.6,0,0.2,0.1,4.0,13.0,1.0,0.0,18.0,17:00:00,/en/matches/767c1b25/Lens-Auxerre-January-14-2023-Ligue-1
FRA-Ligue 1,2223,Auxerre,2023-01-29 Auxerre-Montpellier,2023-01-29,Matchweek 20,Sun,Home,L,0,2,Montpellier,414.0,536.0,77.2,8146.0,3097.0,148.0,183.0,80.9,196.0,233.0,84.1,61.0,93.0,65.6,0,0.8,1.2,10.0,43.0,14.0,4.0,64.0,15:00:00,/en/matches/73d5a2c8/Auxerre-Montpellier-January-29-2023-Ligue-1
FRA-Ligue 1,2223,Auxerre,2023-02-01 Monaco-Auxerre,2023-02-01,Matchweek 21,Wed,Away,L,2,3,Monaco,480.0,585.0,82.1,9056.0,3119.0,172.0,198.0,86.9,237.0,261.0,90.8,58.0,92.0,63.0,2,1.3,0.8,9.0,39.0,12.0,1.0,49.0,21:00:00,/en/matches/7bb26754/Monaco-Auxerre-February-1-2023-Ligue-1
FRA-Ligue 1,2223,Auxerre,2023-02-05 Auxerre-Reims,2023-02-05,Matchweek 22,Sun,Home,D,0,0,Reims,262.0,374.0,70.1,5351.0,2479.0,102.0,132.0,77.3,102.0,132.0,77.3,50.0,91.0,54.9,0,1.0,1.2,8.0,23.0,11.0,6.0,42.0,15:00:00,/en/matches/384b2fcb/Auxerre-Reims-February-5-2023-Ligue-1
FRA-Ligue 1,2223,Auxerre,2023-02-12 Angers-Auxerre,2023-02-12,Matchweek 23,Sun,Away,D,1,1,Angers,352.0,450.0,78.2,6493.0,2356.0,154.0,175.0,88.0,144.0,171.0,84.2,44.0,81.0,54.3,0,0.8,0.7,10.0,26.0,5.0,2.0,33.0,15:00:00,/en/matches/079e4a90/Angers-Auxerre-February-12-2023-Ligue-1
FRA-Ligue 1,2223,Auxerre,2023-02-17 Auxerre-Lyon,2023-02-17,Matchweek 24,Fri,Home,W,2,1,Lyon,251.0,340.0,73.8,4900.0,2268.0,94.0,115.0,81.7,111.0,130.0,85.4,35.0,71.0,49.3,1,0.7,1.0,6.0,21.0,2.0,0.0,26.0,21:00:00,/en/matches/ab3c5cc9/Auxerre-Lyon-February-17-2023-Ligue-1
FRA-Ligue 1,2223,Auxerre,2023-02-26 Lorient-Auxerre,2023-02-26,Matchweek 25,Sun,Away,W,1,0,Lorient,284.0,361.0,78.7,5651.0,2063.0,92.0,107.0,86.0,147.0,161.0,91.3,34.0,72.0,47.2,0,0.5,0.4,6.0,20.0,6.0,1.0,26.0,13:00:00,/en/matches/f9f72ca1/Lorient-Auxerre-February-26-2023-Ligue-1
FRA-Ligue 1,2223,Auxerre,2023-03-03 Nice-Auxerre,2023-03-03,Matchweek 26,Fri,Away,D,1,1,Nice,282.0,372.0,75.8,5712.0,1975.0,99.0,116.0,85.3,131.0,152.0,86.2,44.0,84.0,52.4,1,0.3,0.1,1.0,21.0,1.0,0.0,23.0,21:00:00,/en/matches/ab7003b3/Nice-Auxerre-March-3-2023-Ligue-1
FRA-Ligue 1,2223,Auxerre,2023-03-11 Auxerre-Rennes,2023-03-11,Matchweek 27,Sat,Home,D,0,0,Rennes,232.0,335.0,69.3,4475.0,1824.0,91.0,111.0,82.0,96.0,118.0,81.4,36.0,83.0,43.4,0,0.7,0.6,12.0,17.0,5.0,3.0,24.0,17:00:00,/en/matches/edf3e1c0/Auxerre-Rennes-March-11-2023-Ligue-1
FRA-Ligue 1,2223,Auxerre,2023-03-19 Strasbourg-Auxerre,2023-03-19,Matchweek 28,Sun,Away,L,0,2,Strasbourg,276.0,412.0,67.0,5539.0,2132.0,102.0,138.0,73.9,117.0,166.0,70.5,43.0,87.0,49.4,0,0.6,0.8,6.0,22.0,5.0,1.0,29.0,15:00:00,/en/matches/8c7d3708/Strasbourg-Auxerre-March-19-2023-Ligue-1
FRA-Ligue 1,2223,Auxerre,2023-04-01 Auxerre-Troyes,2023-04-01,Matchweek 29,Sat,Home,W,1,0,Troyes,235.0,344.0,68.3,4602.0,1861.0,93.0,122.0,76.2,94.0,124.0,75.8,39.0,81.0,48.1,1,1.0,1.4,11.0,25.0,10.0,2.0,26.0,17:00:00,/en/matches/fd495836/Auxerre-Troyes-April-1-2023-Ligue-1
FRA-Ligue 1,2223,Auxerre,2023-04-09 Ajaccio-Auxerre,2023-04-09,Matchweek 30,Sun,Away,W,3,0,Ajaccio,276.0,378.0,73.0,5689.0,2082.0,95.0,118.0,80.5,125.0,150.0,83.3,44.0,87.0,50.6,1,0.6,0.4,7.0,24.0,4.0,1.0,27.0,15:00:00,/en/matches/4afdc8cb/Ajaccio-Auxerre-April-9-2023-Ligue-1
FRA-Ligue 1,2223,Auxerre,2023-04-16 Auxerre-Nantes,2023-04-16,Matchweek 31,Sun,Home,W,2,1,Nantes,178.0,290.0,61.4,3458.0,1712.0,77.0,101.0,76.2,62.0,90.0,68.9,31.0,86.0,36.0,0,0.6,0.2,9.0,18.0,4.0,1.0,16.0,15:00:00,/en/matches/35b40c4d/Auxerre-Nantes-April-16-2023-Ligue-1
FRA-Ligue 1,2223,Auxerre,2023-04-22 Auxerre-Lille,2023-04-22,Matchweek 32,Sat,Home,D,1,1,Lille,231.0,317.0,72.9,4968.0,2200.0,84.0,103.0,81.6,99.0,112.0,88.4,44.0,89.0,49.4,0,0.6,0.4,4.0,18.0,4.0,1.0,22.0,17:00:00,/en/matches/3d446dbd/Auxerre-Lille-April-22-2023-Ligue-1
FRA-Ligue 1,2223,Auxerre,2023-04-30 Marseille-Auxerre,2023-04-30,Matchweek 33,Sun,Away,L,1,2,Marseille,174.0,263.0,66.2,3607.0,2195.0,83.0,108.0,76.9,54.0,70.0,77.1,33.0,73.0,45.2,0,0.3,0.3,7.0,14.0,2.0,2.0,15.0,20:45:00,/en/matches/fbb41c2a/Marseille-Auxerre-April-30-2023-Ligue-1
FRA-Ligue 1,2223,Auxerre,2023-05-07 Auxerre-Clermont Foot,2023-05-07,Matchweek 34,Sun,Home,D,1,1,Clermont Foot,348.0,446.0,78.0,6695.0,2602.0,129.0,160.0,80.6,163.0,185.0,88.1,44.0,81.0,54.3,0,0.8,0.8,7.0,41.0,6.0,3.0,37.0,15:00:00,/en/matches/eca941ec/Auxerre-Clermont-Foot-May-7-2023-Ligue-1
FRA-Ligue 1,2223,Auxerre,2023-05-14 Brest-Auxerre,2023-05-14,Matchweek 35,Sun,Away,L,0,1,Brest,467.0,573.0,81.5,8190.0,3186.0,199.0,221.0,90.0,208.0,235.0,88.5,40.0,82.0,48.8,0,0.6,0.5,8.0,41.0,7.0,2.0,45.0,15:00:00,/en/matches/7039d1ce/Brest-Auxerre-May-14-2023-Ligue-1
FRA-Ligue 1,2223,Auxerre,2023-05-21 Auxerre-Paris S-G,2023-05-21,Matchweek 36,Sun,Home,L,1,2,Paris S-G,387.0,455.0,85.1,6746.0,2396.0,171.0,192.0,89.1,172.0,195.0,88.2,35.0,55.0,63.6,1,0.8,0.9,11.0,42.0,6.0,2.0,47.0,20:45:00,/en/matches/bd6c4cac/Auxerre-Paris-Saint-Germain-May-21-2023-Ligue-1
FRA-Ligue 1,2223,Auxerre,2023-05-27 Toulouse-Auxerre,2023-05-27,Matchweek 37,Sat,Away,D,1,1,Toulouse,268.0,352.0,76.1,5023.0,1918.0,105.0,120.0,87.5,126.0,140.0,90.0,33.0,77.0,42.9,0,0.5,1.0,8.0,24.0,7.0,1.0,30.0,21:00:00,/en/matches/e117776e/Toulouse-Auxerre-May-27-2023-Ligue-1
FRA-Ligue 1,2223,Auxerre,2023-06-03 Auxerre-Lens,2023-06-03,Matchweek 38,Sat,Home,L,1,3,Lens,399.0,485.0,82.3,6778.0,2381.0,201.0,229.0,87.8,147.0,164.0,89.6,38.0,67.0,56.7,0,2.3,1.2,14.0,31.0,7.0,3.0,37.0,21:00:00,/en/matches/a44cfa36/Auxerre-Lens-June-3-2023-Ligue-1
FRA-Ligue 1,2223,Brest,2022-08-07 Lens-Brest,2022-08-07,Matchweek 1,Sun,Away,L,2,3,Lens,236.0,337.0,70.0,4291.0,1631.0,90.0,112.0,80.4,110.0,134.0,82.1,28.0,66.0,42.4,1,0.4,0.6,4.0,19.0,6.0,1.0,31.0,15:00:00,/en/matches/058c83eb/Lens-Brest-August-7-2022-Ligue-1
FRA-Ligue 1,2223,Brest,2022-08-14 Brest-Marseille,2022-08-14,Matchweek 2,Sun,Home,D,1,1,Marseille,344.0,455.0,75.6,6712.0,2601.0,148.0,176.0,84.1,142.0,174.0,81.6,49.0,88.0,55.7,0,2.0,1.5,14.0,25.0,7.0,5.0,33.0,20:45:00,/en/matches/4a5a2571/Brest-Marseille-August-14-2022-Ligue-1
FRA-Ligue 1,2223,Brest,2022-08-21 Angers-Brest,2022-08-21,Matchweek 3,Sun,Away,W,3,1,Angers,453.0,539.0,84.0,8913.0,2797.0,172.0,186.0,92.5,197.0,216.0,91.2,64.0,97.0,66.0,2,1.6,1.6,9.0,49.0,10.0,2.0,43.0,15:00:00,/en/matches/2bc4aa01/Angers-Brest-August-21-2022-Ligue-1
FRA-Ligue 1,2223,Brest,2022-08-28 Brest-Montpellier,2022-08-28,Matchweek 4,Sun,Home,L,0,7,Montpellier,332.0,427.0,77.8,6500.0,2368.0,137.0,159.0,86.2,130.0,159.0,81.8,55.0,85.0,64.7,0,0.2,0.3,4.0,36.0,4.0,0.0,41.0,15:00:00,/en/matches/1c7d2241/Brest-Montpellier-August-28-2022-Ligue-1
FRA-Ligue 1,2223,Brest,2022-08-31 Rennes-Brest,2022-08-31,Matchweek 5,Wed,Away,L,1,3,Rennes,264.0,381.0,69.3,5064.0,1769.0,109.0,134.0,81.3,102.0,128.0,79.7,42.0,93.0,45.2,0,0.1,0.2,3.0,24.0,4.0,2.0,27.0,21:00:00,/en/matches/b9bd2221/Rennes-Brest-August-31-2022-Ligue-1
FRA-Ligue 1,2223,Brest,2022-09-04 Brest-Strasbourg,2022-09-04,Matchweek 6,Sun,Home,D,1,1,Strasbourg,435.0,549.0,79.2,8928.0,2887.0,148.0,179.0,82.7,203.0,230.0,88.3,73.0,113.0,64.6,1,0.6,0.6,9.0,45.0,4.0,4.0,47.0,15:00:00,/en/matches/a4f51170/Brest-Strasbourg-September-4-2022-Ligue-1
FRA-Ligue 1,2223,Brest,2022-09-10 Paris S-G-Brest,2022-09-10,Matchweek 7,Sat,Away,L,0,1,Paris S-G,369.0,455.0,81.1,6631.0,2374.0,151.0,174.0,86.8,149.0,163.0,91.4,46.0,83.0,55.4,0,0.3,0.8,5.0,23.0,3.0,2.0,31.0,17:00:00,/en/matches/7e83ffa9/Paris-Saint-Germain-Brest-September-10-2022-Ligue-1
FRA-Ligue 1,2223,Brest,2022-09-18 Brest-Ajaccio,2022-09-18,Matchweek 8,Sun,Home,L,0,1,Ajaccio,413.0,567.0,72.8,8576.0,2816.0,131.0,171.0,76.6,203.0,258.0,78.7,70.0,116.0,60.3,0,0.2,0.7,5.0,49.0,7.0,4.0,53.0,15:00:00,/en/matches/1051ac4c/Brest-Ajaccio-September-18-2022-Ligue-1
FRA-Ligue 1,2223,Brest,2022-10-02 Auxerre-Brest,2022-10-02,Matchweek 9,Sun,Away,D,1,1,Auxerre,404.0,499.0,81.0,7271.0,2799.0,194.0,216.0,89.8,152.0,174.0,87.4,47.0,88.0,53.4,0,0.5,0.7,7.0,35.0,7.0,3.0,42.0,15:00:00,/en/matches/0992c452/Auxerre-Brest-October-2-2022-Ligue-1
FRA-Ligue 1,2223,Brest,2022-10-09 Brest-Lorient,2022-10-09,Matchweek 10,Sun,Home,L,1,2,Lorient,372.0,497.0,74.8,7361.0,2418.0,124.0,154.0,80.5,196.0,226.0,86.7,47.0,96.0,49.0,1,0.8,1.7,9.0,30.0,10.0,6.0,45.0,15:00:00,/en/matches/173aef86/Brest-Lorient-October-9-2022-Ligue-1
FRA-Ligue 1,2223,Brest,2022-10-16 Nantes-Brest,2022-10-16,Matchweek 11,Sun,Away,L,1,4,Nantes,317.0,407.0,77.9,5817.0,2283.0,133.0,159.0,83.6,135.0,158.0,85.4,38.0,67.0,56.7,1,0.7,0.7,11.0,30.0,11.0,5.0,48.0,15:00:00,/en/matches/d8787f23/Nantes-Brest-October-16-2022-Ligue-1
FRA-Ligue 1,2223,Brest,2022-10-23 Clermont Foot-Brest,2022-10-23,Matchweek 12,Sun,Away,W,3,1,Clermont Foot,290.0,385.0,75.3,6030.0,2512.0,98.0,119.0,82.4,129.0,155.0,83.2,51.0,89.0,57.3,2,1.8,0.8,11.0,25.0,3.0,1.0,33.0,15:00:00,/en/matches/75c3d20d/Clermont-Foot-Brest-October-23-2022-Ligue-1
FRA-Ligue 1,2223,Brest,2022-10-30 Brest-Reims,2022-10-30,Matchweek 13,Sun,Home,D,0,0,Reims,346.0,464.0,74.6,6562.0,2878.0,162.0,190.0,85.3,120.0,150.0,80.0,53.0,93.0,57.0,0,1.5,2.1,12.0,30.0,10.0,3.0,40.0,15:00:00,/en/matches/9547c75b/Brest-Reims-October-30-2022-Ligue-1
FRA-Ligue 1,2223,Brest,2022-11-06 Nice-Brest,2022-11-06,Matchweek 14,Sun,Away,L,0,1,Nice,390.0,485.0,80.4,7725.0,2734.0,156.0,171.0,91.2,163.0,189.0,86.2,60.0,93.0,64.5,0,0.8,0.9,9.0,34.0,7.0,2.0,36.0,15:00:00,/en/matches/cbe2fdcb/Nice-Brest-November-6-2022-Ligue-1
FRA-Ligue 1,2223,Brest,2022-11-13 Brest-Troyes,2022-11-13,Matchweek 15,Sun,Home,W,2,1,Troyes,373.0,467.0,79.9,6791.0,2543.0,151.0,175.0,86.3,173.0,201.0,86.1,42.0,75.0,56.0,0,0.8,1.1,9.0,30.0,11.0,4.0,43.0,15:00:00,/en/matches/8067e5e7/Brest-Troyes-November-13-2022-Ligue-1
FRA-Ligue 1,2223,Brest,2022-12-28 Brest-Lyon,2022-12-28,Matchweek 16,Wed,Home,L,2,4,Lyon,291.0,395.0,73.7,4967.0,1987.0,142.0,172.0,82.6,109.0,141.0,77.3,27.0,56.0,48.2,1,1.0,0.9,10.0,17.0,7.0,3.0,25.0,21:00:00,/en/matches/244b3b09/Brest-Lyon-December-28-2022-Ligue-1
FRA-Ligue 1,2223,Brest,2023-01-01 Monaco-Brest,2023-01-01,Matchweek 17,Sun,Away,L,0,1,Monaco,344.0,454.0,75.8,6248.0,2403.0,151.0,182.0,83.0,145.0,175.0,82.9,38.0,73.0,52.1,0,0.7,0.6,10.0,23.0,6.0,3.0,29.0,15:00:00,/en/matches/4cec22bb/Monaco-Brest-January-1-2023-Ligue-1
FRA-Ligue 1,2223,Brest,2023-01-11 Brest-Lille,2023-01-11,Matchweek 18,Wed,Home,D,0,0,Lille,201.0,304.0,66.1,3963.0,1819.0,70.0,90.0,77.8,100.0,124.0,80.6,24.0,66.0,36.4,0,0.3,0.3,3.0,7.0,3.0,1.0,19.0,19:00:00,/en/matches/86d6c372/Brest-Lille-January-11-2023-Ligue-1
FRA-Ligue 1,2223,Brest,2023-01-15 Toulouse-Brest,2023-01-15,Matchweek 19,Sun,Away,D,1,1,Toulouse,241.0,340.0,70.9,5084.0,2448.0,90.0,114.0,78.9,91.0,123.0,74.0,49.0,84.0,58.3,1,0.7,0.4,11.0,21.0,3.0,2.0,24.0,15:00:00,/en/matches/10ac929c/Toulouse-Brest-January-15-2023-Ligue-1
FRA-Ligue 1,2223,Brest,2023-01-29 Brest-Angers,2023-01-29,Matchweek 20,Sun,Home,W,4,0,Angers,328.0,426.0,77.0,6364.0,2273.0,128.0,163.0,78.5,158.0,187.0,84.5,39.0,67.0,58.2,3,1.0,0.6,8.0,21.0,4.0,3.0,25.0,15:00:00,/en/matches/6bd8ad94/Brest-Angers-January-29-2023-Ligue-1
FRA-Ligue 1,2223,Brest,2023-02-01 Lyon-Brest,2023-02-01,Matchweek 21,Wed,Away,D,0,0,Lyon,180.0,258.0,69.8,3948.0,2021.0,73.0,95.0,76.8,59.0,80.0,73.8,43.0,64.0,67.2,0,0.5,0.5,5.0,10.0,5.0,2.0,13.0,21:00:00,/en/matches/0f1e8f16/Lyon-Brest-February-1-2023-Ligue-1
FRA-Ligue 1,2223,Brest,2023-02-05 Brest-Lens,2023-02-05,Matchweek 22,Sun,Home,D,1,1,Lens,230.0,317.0,72.6,4869.0,2135.0,75.0,97.0,77.3,100.0,120.0,83.3,44.0,80.0,55.0,1,2.0,1.3,14.0,9.0,5.0,2.0,18.0,17:05:00,/en/matches/7a42156f/Brest-Lens-February-5-2023-Ligue-1
FRA-Ligue 1,2223,Brest,2023-02-12 Montpellier-Brest,2023-02-12,Matchweek 23,Sun,Away,L,0,3,Montpellier,391.0,494.0,79.1,7468.0,2561.0,136.0,163.0,83.4,201.0,226.0,88.9,44.0,81.0,54.3,0,0.6,0.6,6.0,32.0,5.0,1.0,36.0,15:00:00,/en/matches/90388019/Montpellier-Brest-February-12-2023-Ligue-1
FRA-Ligue 1,2223,Brest,2023-02-19 Brest-Monaco,2023-02-19,Matchweek 24,Sun,Home,L,1,2,Monaco,378.0,482.0,78.4,7476.0,2742.0,137.0,154.0,89.0,180.0,209.0,86.1,50.0,97.0,51.5,1,0.7,0.9,8.0,28.0,7.0,1.0,48.0,15:00:00,/en/matches/dc325f14/Brest-Monaco-February-19-2023-Ligue-1
FRA-Ligue 1,2223,Brest,2023-02-24 Lille-Brest,2023-02-24,Matchweek 25,Fri,Away,L,1,2,Lille,213.0,300.0,71.0,4402.0,1711.0,71.0,85.0,83.5,99.0,127.0,78.0,36.0,75.0,48.0,0,0.2,0.1,3.0,8.0,1.0,1.0,6.0,21:00:00,/en/matches/4b068238/Lille-Brest-February-24-2023-Ligue-1
FRA-Ligue 1,2223,Brest,2023-03-05 Strasbourg-Brest,2023-03-05,Matchweek 26,Sun,Away,W,1,0,Strasbourg,213.0,340.0,62.6,3883.0,2164.0,98.0,129.0,76.0,71.0,104.0,68.3,33.0,81.0,40.7,1,0.5,0.3,4.0,15.0,4.0,1.0,26.0,15:00:00,/en/matches/9971c1e8/Strasbourg-Brest-March-5-2023-Ligue-1
FRA-Ligue 1,2223,Brest,2023-03-11 Brest-Paris S-G,2023-03-11,Matchweek 27,Sat,Home,L,1,2,Paris S-G,325.0,408.0,79.7,5748.0,2270.0,162.0,180.0,90.0,106.0,124.0,85.5,42.0,76.0,55.3,1,0.6,0.6,7.0,30.0,6.0,2.0,32.0,21:00:00,/en/matches/8acaf948/Brest-Paris-Saint-Germain-March-11-2023-Ligue-1
FRA-Ligue 1,2223,Brest,2023-03-19 Troyes-Brest,2023-03-19,Matchweek 28,Sun,Away,D,2,2,Troyes,421.0,527.0,79.9,8022.0,2516.0,154.0,175.0,88.0,198.0,223.0,88.8,55.0,107.0,51.4,1,0.6,0.5,8.0,35.0,4.0,2.0,43.0,15:00:00,/en/matches/a67700d0/Troyes-Brest-March-19-2023-Ligue-1
FRA-Ligue 1,2223,Brest,2023-04-02 Brest-Toulouse,2023-04-02,Matchweek 29,Sun,Home,W,3,1,Toulouse,318.0,406.0,78.3,6408.0,2623.0,108.0,128.0,84.4,156.0,188.0,83.0,48.0,75.0,64.0,3,0.6,1.1,9.0,29.0,9.0,4.0,38.0,15:00:00,/en/matches/1b47ccce/Brest-Toulouse-April-2-2023-Ligue-1
FRA-Ligue 1,2223,Brest,2023-04-09 Reims-Brest,2023-04-09,Matchweek 30,Sun,Away,D,1,1,Reims,253.0,363.0,69.7,5436.0,2825.0,102.0,128.0,79.7,93.0,123.0,75.6,51.0,91.0,56.0,1,1.3,1.3,9.0,14.0,6.0,3.0,19.0,15:00:00,/en/matches/4ee67cda/Reims-Brest-April-9-2023-Ligue-1
FRA-Ligue 1,2223,Brest,2023-04-16 Brest-Nice,2023-04-16,Matchweek 31,Sun,Home,W,1,0,Nice,395.0,500.0,79.0,7958.0,3024.0,139.0,166.0,83.7,182.0,214.0,85.0,58.0,95.0,61.1,1,0.9,0.7,11.0,26.0,8.0,2.0,37.0,15:00:00,/en/matches/efe07084/Brest-Nice-April-16-2023-Ligue-1
FRA-Ligue 1,2223,Brest,2023-04-23 Ajaccio-Brest,2023-04-23,Matchweek 32,Sun,Away,D,0,0,Ajaccio,393.0,519.0,75.7,7289.0,2748.0,157.0,195.0,80.5,176.0,207.0,85.0,43.0,81.0,53.1,0,0.5,1.2,8.0,38.0,11.0,5.0,48.0,15:00:00,/en/matches/42abcfc9/Ajaccio-Brest-April-23-2023-Ligue-1
FRA-Ligue 1,2223,Brest,2023-05-03 Brest-Nantes,2023-05-03,Matchweek 33,Wed,Home,W,2,0,Nantes,432.0,574.0,75.3,8095.0,2909.0,172.0,198.0,86.9,171.0,215.0,79.5,67.0,114.0,58.8,1,0.4,0.4,7.0,21.0,7.0,2.0,34.0,21:00:00,/en/matches/1063973e/Brest-Nantes-May-3-2023-Ligue-1
FRA-Ligue 1,2223,Brest,2023-05-07 Lorient-Brest,2023-05-07,Matchweek 34,Sun,Away,L,1,2,Lorient,372.0,479.0,77.7,7543.0,2795.0,120.0,145.0,82.8,180.0,206.0,87.4,60.0,104.0,57.7,0,0.5,1.0,8.0,45.0,6.0,1.0,49.0,15:00:00,/en/matches/676c3a0e/Lorient-Brest-May-7-2023-Ligue-1
FRA-Ligue 1,2223,Brest,2023-05-14 Brest-Auxerre,2023-05-14,Matchweek 35,Sun,Home,W,1,0,Auxerre,360.0,475.0,75.8,7270.0,2833.0,142.0,176.0,80.7,156.0,186.0,83.9,59.0,97.0,60.8,0,1.1,1.3,12.0,44.0,16.0,4.0,52.0,15:00:00,/en/matches/7039d1ce/Brest-Auxerre-May-14-2023-Ligue-1
FRA-Ligue 1,2223,Brest,2023-05-21 Brest-Clermont Foot,2023-05-21,Matchweek 36,Sun,Home,W,2,1,Clermont Foot,269.0,371.0,72.5,5437.0,2558.0,95.0,122.0,77.9,126.0,147.0,85.7,41.0,74.0,55.4,2,1.3,0.8,9.0,26.0,7.0,3.0,36.0,15:00:00,/en/matches/903f7001/Brest-Clermont-Foot-May-21-2023-Ligue-1
FRA-Ligue 1,2223,Brest,2023-05-27 Marseille-Brest,2023-05-27,Matchweek 37,Sat,Away,W,2,1,Marseille,248.0,355.0,69.9,4613.0,2080.0,107.0,127.0,84.3,91.0,125.0,72.8,38.0,79.0,48.1,2,0.9,0.5,13.0,16.0,3.0,0.0,24.0,21:00:00,/en/matches/f8507c38/Marseille-Brest-May-27-2023-Ligue-1
FRA-Ligue 1,2223,Brest,2023-06-03 Brest-Rennes,2023-06-03,Matchweek 38,Sat,Home,L,1,2,Rennes,352.0,451.0,78.0,6744.0,2474.0,141.0,174.0,81.0,143.0,167.0,85.6,53.0,87.0,60.9,0,0.6,0.7,10.0,28.0,6.0,2.0,37.0,21:00:00,/en/matches/e9d9bb82/Brest-Rennes-June-3-2023-Ligue-1
FRA-Ligue 1,2223,Clermont Foot,2022-08-06 Clermont Foot-Paris S-G,2022-08-06,Matchweek 1,Sat,Home,L,0,5,Paris S-G,367.0,439.0,83.6,6295.0,1938.0,160.0,175.0,91.4,152.0,170.0,89.4,37.0,70.0,52.9,0,0.1,0.3,3.0,18.0,3.0,1.0,25.0,21:00:00,/en/matches/d99d9161/Clermont-Foot-Paris-Saint-Germain-August-6-2022-Ligue-1
FRA-Ligue 1,2223,Clermont Foot,2022-08-14 Reims-Clermont Foot,2022-08-14,Matchweek 2,Sun,Away,W,4,2,Reims,402.0,484.0,83.1,7153.0,2739.0,181.0,197.0,91.9,140.0,163.0,85.9,50.0,83.0,60.2,3,1.0,0.8,7.0,27.0,7.0,0.0,30.0,15:00:00,/en/matches/ed6b4245/Reims-Clermont-Foot-August-14-2022-Ligue-1
FRA-Ligue 1,2223,Clermont Foot,2022-08-21 Clermont Foot-Nice,2022-08-21,Matchweek 3,Sun,Home,W,1,0,Nice,478.0,547.0,87.4,8708.0,2850.0,212.0,225.0,94.2,186.0,205.0,90.7,66.0,89.0,74.2,0,0.4,0.5,5.0,27.0,9.0,3.0,34.0,15:00:00,/en/matches/197f9381/Clermont-Foot-Nice-August-21-2022-Ligue-1
FRA-Ligue 1,2223,Clermont Foot,2022-08-28 Lorient-Clermont Foot,2022-08-28,Matchweek 4,Sun,Away,L,1,2,Lorient,542.0,635.0,85.4,9190.0,2891.0,250.0,269.0,92.9,240.0,269.0,89.2,40.0,64.0,62.5,1,0.5,1.0,7.0,52.0,6.0,3.0,61.0,15:00:00,/en/matches/04e1e416/Lorient-Clermont-Foot-August-28-2022-Ligue-1
FRA-Ligue 1,2223,Clermont Foot,2022-08-31 Marseille-Clermont Foot,2022-08-31,Matchweek 5,Wed,Away,L,0,1,Marseille,290.0,393.0,73.8,4870.0,2216.0,141.0,169.0,83.4,106.0,136.0,77.9,28.0,65.0,43.1,0,0.1,0.2,2.0,19.0,0.0,0.0,24.0,21:00:00,/en/matches/e703a3d2/Marseille-Clermont-Foot-August-31-2022-Ligue-1
FRA-Ligue 1,2223,Clermont Foot,2022-09-04 Clermont Foot-Toulouse,2022-09-04,Matchweek 6,Sun,Home,W,2,0,Toulouse,204.0,290.0,70.3,3803.0,1821.0,93.0,113.0,82.3,71.0,94.0,75.5,31.0,61.0,50.8,0,0.3,0.4,5.0,24.0,4.0,1.0,25.0,15:00:00,/en/matches/20d46d25/Clermont-Foot-Toulouse-September-4-2022-Ligue-1
FRA-Ligue 1,2223,Clermont Foot,2022-09-11 Strasbourg-Clermont Foot,2022-09-11,Matchweek 7,Sun,Away,D,0,0,Strasbourg,406.0,521.0,77.9,7737.0,2889.0,161.0,192.0,83.9,177.0,212.0,83.5,53.0,88.0,60.2,0,0.7,0.5,7.0,26.0,3.0,0.0,35.0,13:00:00,/en/matches/198f2034/Strasbourg-Clermont-Foot-September-11-2022-Ligue-1
FRA-Ligue 1,2223,Clermont Foot,2022-09-18 Clermont Foot-Troyes,2022-09-18,Matchweek 8,Sun,Home,L,1,3,Troyes,440.0,547.0,80.4,7552.0,2436.0,175.0,206.0,85.0,215.0,247.0,87.0,30.0,59.0,50.8,1,0.6,0.9,8.0,28.0,10.0,2.0,47.0,15:00:00,/en/matches/4724678c/Clermont-Foot-Troyes-September-18-2022-Ligue-1
FRA-Ligue 1,2223,Clermont Foot,2022-10-02 Ajaccio-Clermont Foot,2022-10-02,Matchweek 9,Sun,Away,W,3,1,Ajaccio,349.0,456.0,76.5,6785.0,2703.0,134.0,168.0,79.8,148.0,178.0,83.1,54.0,90.0,60.0,3,1.0,0.6,7.0,18.0,6.0,2.0,25.0,15:00:00,/en/matches/eaedf3ff/Ajaccio-Clermont-Foot-October-2-2022-Ligue-1
FRA-Ligue 1,2223,Clermont Foot,2022-10-09 Clermont Foot-Auxerre,2022-10-09,Matchweek 10,Sun,Home,W,2,1,Auxerre,337.0,442.0,76.2,6574.0,2550.0,136.0,156.0,87.2,146.0,174.0,83.9,48.0,86.0,55.8,1,1.1,1.1,9.0,32.0,10.0,4.0,39.0,15:00:00,/en/matches/d6cfdf2e/Clermont-Foot-Auxerre-October-9-2022-Ligue-1
FRA-Ligue 1,2223,Clermont Foot,2022-10-16 Monaco-Clermont Foot,2022-10-16,Matchweek 11,Sun,Away,D,1,1,Monaco,560.0,637.0,87.9,9883.0,3265.0,241.0,260.0,92.7,254.0,275.0,92.4,54.0,79.0,68.4,0,1.1,1.5,14.0,47.0,13.0,3.0,57.0,17:05:00,/en/matches/5e7b10f8/Monaco-Clermont-Foot-October-16-2022-Ligue-1
FRA-Ligue 1,2223,Clermont Foot,2022-10-23 Clermont Foot-Brest,2022-10-23,Matchweek 12,Sun,Home,L,1,3,Brest,522.0,633.0,82.5,9065.0,3338.0,211.0,240.0,87.9,260.0,294.0,88.4,37.0,68.0,54.4,1,0.9,1.2,13.0,58.0,13.0,6.0,74.0,15:00:00,/en/matches/75c3d20d/Clermont-Foot-Brest-October-23-2022-Ligue-1
FRA-Ligue 1,2223,Clermont Foot,2022-10-30 Nantes-Clermont Foot,2022-10-30,Matchweek 13,Sun,Away,D,1,1,Nantes,366.0,477.0,76.7,6604.0,3165.0,169.0,200.0,84.5,135.0,157.0,86.0,42.0,89.0,47.2,1,0.3,0.4,6.0,46.0,3.0,1.0,35.0,15:00:00,/en/matches/d73b5aa4/Nantes-Clermont-Foot-October-30-2022-Ligue-1
FRA-Ligue 1,2223,Clermont Foot,2022-11-06 Clermont Foot-Montpellier,2022-11-06,Matchweek 14,Sun,Home,D,1,1,Montpellier,330.0,459.0,71.9,6375.0,2826.0,126.0,156.0,80.8,149.0,197.0,75.6,46.0,85.0,54.1,1,1.7,1.3,10.0,28.0,9.0,2.0,31.0,15:00:00,/en/matches/ce3a7987/Clermont-Foot-Montpellier-November-6-2022-Ligue-1
FRA-Ligue 1,2223,Clermont Foot,2022-11-12 Lens-Clermont Foot,2022-11-12,Matchweek 15,Sat,Away,L,1,2,Lens,259.0,361.0,71.7,5016.0,2200.0,94.0,118.0,79.7,119.0,143.0,83.2,35.0,76.0,46.1,0,0.2,0.3,5.0,13.0,2.0,1.0,21.0,17:00:00,/en/matches/8d98626e/Lens-Clermont-Foot-November-12-2022-Ligue-1
FRA-Ligue 1,2223,Clermont Foot,2022-12-28 Clermont Foot-Lille,2022-12-28,Matchweek 16,Wed,Home,L,0,2,Lille,311.0,417.0,74.6,5828.0,2206.0,123.0,155.0,79.4,134.0,166.0,80.7,40.0,72.0,55.6,0,0.7,0.6,8.0,17.0,5.0,2.0,27.0,19:00:00,/en/matches/6a0bd1ac/Clermont-Foot-Lille-December-28-2022-Ligue-1
FRA-Ligue 1,2223,Clermont Foot,2023-01-01 Lyon-Clermont Foot,2023-01-01,Matchweek 17,Sun,Away,W,1,0,Lyon,293.0,390.0,75.1,5180.0,2157.0,140.0,169.0,82.8,98.0,122.0,80.3,39.0,66.0,59.1,0,0.2,0.3,7.0,20.0,4.0,0.0,22.0,17:00:00,/en/matches/1e8f7f51/Lyon-Clermont-Foot-January-1-2023-Ligue-1
FRA-Ligue 1,2223,Clermont Foot,2023-01-11 Clermont Foot-Rennes,2023-01-11,Matchweek 18,Wed,Home,W,2,1,Rennes,285.0,387.0,73.6,4991.0,1906.0,121.0,146.0,82.9,127.0,153.0,83.0,27.0,61.0,44.3,2,1.5,0.5,8.0,15.0,6.0,1.0,29.0,19:00:00,/en/matches/560bb258/Clermont-Foot-Rennes-January-11-2023-Ligue-1
FRA-Ligue 1,2223,Clermont Foot,2023-01-15 Angers-Clermont Foot,2023-01-15,Matchweek 19,Sun,Away,W,2,1,Angers,386.0,473.0,81.6,6641.0,2441.0,182.0,202.0,90.1,155.0,180.0,86.1,34.0,66.0,51.5,1,0.8,0.8,7.0,21.0,6.0,2.0,32.0,15:00:00,/en/matches/d21b1750/Angers-Clermont-Foot-January-15-2023-Ligue-1
FRA-Ligue 1,2223,Clermont Foot,2023-01-29 Clermont Foot-Nantes,2023-01-29,Matchweek 20,Sun,Home,D,0,0,Nantes,498.0,603.0,82.6,8688.0,3031.0,217.0,239.0,90.8,202.0,232.0,87.1,53.0,96.0,55.2,0,0.3,0.5,4.0,34.0,5.0,1.0,33.0,15:00:00,/en/matches/524e5116/Clermont-Foot-Nantes-January-29-2023-Ligue-1
FRA-Ligue 1,2223,Clermont Foot,2023-02-01 Lille-Clermont Foot,2023-02-01,Matchweek 21,Wed,Away,D,0,0,Lille,251.0,339.0,74.0,5011.0,2391.0,101.0,120.0,84.2,93.0,112.0,83.0,48.0,82.0,58.5,0,0.4,0.1,7.0,14.0,5.0,1.0,19.0,19:00:00,/en/matches/359a0f8f/Lille-Clermont-Foot-February-1-2023-Ligue-1
FRA-Ligue 1,2223,Clermont Foot,2023-02-05 Clermont Foot-Monaco,2023-02-05,Matchweek 22,Sun,Home,L,0,2,Monaco,445.0,555.0,80.2,7267.0,2760.0,206.0,236.0,87.3,201.0,242.0,83.1,27.0,52.0,51.9,0,0.4,0.6,7.0,31.0,4.0,0.0,49.0,13:00:00,/en/matches/46fb274a/Clermont-Foot-Monaco-February-5-2023-Ligue-1
FRA-Ligue 1,2223,Clermont Foot,2023-02-11 Clermont Foot-Marseille,2023-02-11,Matchweek 23,Sat,Home,L,0,2,Marseille,265.0,356.0,74.4,4914.0,2197.0,110.0,127.0,86.6,119.0,146.0,81.5,30.0,63.0,47.6,0,0.3,0.4,6.0,16.0,2.0,0.0,22.0,21:00:00,/en/matches/695a7394/Clermont-Foot-Marseille-February-11-2023-Ligue-1
FRA-Ligue 1,2223,Clermont Foot,2023-02-19 Rennes-Clermont Foot,2023-02-19,Matchweek 24,Sun,Away,L,0,2,Rennes,329.0,426.0,77.2,6311.0,2210.0,135.0,161.0,83.9,136.0,156.0,87.2,49.0,88.0,55.7,0,1.0,0.7,5.0,24.0,4.0,1.0,27.0,15:00:00,/en/matches/e1b735e0/Rennes-Clermont-Foot-February-19-2023-Ligue-1
FRA-Ligue 1,2223,Clermont Foot,2023-02-26 Clermont Foot-Strasbourg,2023-02-26,Matchweek 25,Sun,Home,D,1,1,Strasbourg,353.0,506.0,69.8,6529.0,2565.0,146.0,193.0,75.6,139.0,175.0,79.4,50.0,105.0,47.6,0,0.7,0.9,4.0,26.0,5.0,1.0,43.0,15:00:00,/en/matches/3c41bf64/Clermont-Foot-Strasbourg-February-26-2023-Ligue-1
FRA-Ligue 1,2223,Clermont Foot,2023-03-05 Toulouse-Clermont Foot,2023-03-05,Matchweek 26,Sun,Away,W,1,0,Toulouse,402.0,507.0,79.3,7076.0,2789.0,178.0,202.0,88.1,162.0,191.0,84.8,44.0,84.0,52.4,1,0.5,0.5,9.0,22.0,5.0,2.0,29.0,15:00:00,/en/matches/332295d4/Toulouse-Clermont-Foot-March-5-2023-Ligue-1
FRA-Ligue 1,2223,Clermont Foot,2023-03-12 Clermont Foot-Lens,2023-03-12,Matchweek 27,Sun,Home,L,0,4,Lens,389.0,473.0,82.2,7116.0,2355.0,150.0,173.0,86.7,183.0,203.0,90.1,40.0,69.0,58.0,0,1.0,0.7,7.0,16.0,4.0,2.0,22.0,13:00:00,/en/matches/1c7fbfe3/Clermont-Foot-Lens-March-12-2023-Ligue-1
FRA-Ligue 1,2223,Clermont Foot,2023-03-19 Montpellier-Clermont Foot,2023-03-19,Matchweek 28,Sun,Away,L,1,2,Montpellier,281.0,393.0,71.5,5024.0,2298.0,134.0,166.0,80.7,98.0,127.0,77.2,38.0,73.0,52.1,0,0.8,0.4,8.0,28.0,6.0,2.0,39.0,15:00:00,/en/matches/fa420272/Montpellier-Clermont-Foot-March-19-2023-Ligue-1
FRA-Ligue 1,2223,Clermont Foot,2023-04-02 Clermont Foot-Ajaccio,2023-04-02,Matchweek 29,Sun,Home,W,2,1,Ajaccio,516.0,622.0,83.0,10051.0,3096.0,202.0,238.0,84.9,235.0,257.0,91.4,70.0,103.0,68.0,0,0.2,0.9,6.0,43.0,10.0,4.0,52.0,15:00:00,/en/matches/758ff2c2/Clermont-Foot-Ajaccio-April-2-2023-Ligue-1
FRA-Ligue 1,2223,Clermont Foot,2023-04-09 Troyes-Clermont Foot,2023-04-09,Matchweek 30,Sun,Away,W,2,0,Troyes,485.0,583.0,83.2,8777.0,3080.0,204.0,228.0,89.5,210.0,236.0,89.0,53.0,88.0,60.2,2,1.2,1.7,7.0,28.0,6.0,2.0,43.0,15:00:00,/en/matches/ef3427f3/Troyes-Clermont-Foot-April-9-2023-Ligue-1
FRA-Ligue 1,2223,Clermont Foot,2023-04-16 Clermont Foot-Angers,2023-04-16,Matchweek 31,Sun,Home,W,2,1,Angers,386.0,478.0,80.8,6669.0,2347.0,176.0,204.0,86.3,147.0,168.0,87.5,44.0,78.0,56.4,0,0.3,0.6,6.0,18.0,7.0,0.0,31.0,15:00:00,/en/matches/f254960b/Clermont-Foot-Angers-April-16-2023-Ligue-1
FRA-Ligue 1,2223,Clermont Foot,2023-04-23 Nice-Clermont Foot,2023-04-23,Matchweek 32,Sun,Away,W,2,1,Nice,368.0,453.0,81.2,6720.0,2653.0,148.0,174.0,85.1,167.0,185.0,90.3,43.0,75.0,57.3,2,1.0,0.5,8.0,24.0,9.0,1.0,37.0,15:00:00,/en/matches/270414fb/Nice-Clermont-Foot-April-23-2023-Ligue-1
FRA-Ligue 1,2223,Clermont Foot,2023-04-30 Clermont Foot-Reims,2023-04-30,Matchweek 33,Sun,Home,W,1,0,Reims,220.0,325.0,67.7,4268.0,1986.0,102.0,129.0,79.1,73.0,99.0,73.7,37.0,76.0,48.7,1,1.4,0.8,6.0,13.0,7.0,2.0,15.0,15:00:00,/en/matches/4cdd261a/Clermont-Foot-Reims-April-30-2023-Ligue-1
FRA-Ligue 1,2223,Clermont Foot,2023-05-07 Auxerre-Clermont Foot,2023-05-07,Matchweek 34,Sun,Away,D,1,1,Auxerre,408.0,507.0,80.5,7835.0,2860.0,156.0,178.0,87.6,197.0,226.0,87.2,50.0,80.0,62.5,1,1.4,1.3,7.0,28.0,5.0,1.0,31.0,15:00:00,/en/matches/eca941ec/Auxerre-Clermont-Foot-May-7-2023-Ligue-1
FRA-Ligue 1,2223,Clermont Foot,2023-05-14 Clermont Foot-Lyon,2023-05-14,Matchweek 35,Sun,Home,W,2,1,Lyon,295.0,395.0,74.7,5625.0,2025.0,125.0,157.0,79.6,119.0,147.0,81.0,46.0,72.0,63.9,1,1.1,0.8,8.0,19.0,7.0,2.0,23.0,13:00:00,/en/matches/a5b3557c/Clermont-Foot-Lyon-May-14-2023-Ligue-1
FRA-Ligue 1,2223,Clermont Foot,2023-05-21 Brest-Clermont Foot,2023-05-21,Matchweek 36,Sun,Away,L,1,2,Brest,428.0,536.0,79.9,7513.0,2829.0,184.0,215.0,85.6,193.0,225.0,85.8,39.0,77.0,50.6,1,0.5,0.9,7.0,29.0,11.0,2.0,46.0,15:00:00,/en/matches/903f7001/Brest-Clermont-Foot-May-21-2023-Ligue-1
FRA-Ligue 1,2223,Clermont Foot,2023-05-27 Clermont Foot-Lorient,2023-05-27,Matchweek 37,Sat,Home,W,2,0,Lorient,334.0,418.0,79.9,5861.0,2181.0,149.0,174.0,85.6,147.0,169.0,87.0,28.0,57.0,49.1,1,0.9,1.2,10.0,26.0,9.0,3.0,33.0,21:00:00,/en/matches/970c061a/Clermont-Foot-Lorient-May-27-2023-Ligue-1
FRA-Ligue 1,2223,Clermont Foot,2023-06-03 Paris S-G-Clermont Foot,2023-06-03,Matchweek 38,Sat,Away,W,3,2,Paris S-G,432.0,498.0,86.7,7447.0,2427.0,208.0,225.0,92.4,185.0,206.0,89.8,33.0,52.0,63.5,1,1.2,1.7,7.0,29.0,9.0,1.0,37.0,21:00:00,/en/matches/1b47e9eb/Paris-Saint-Germain-Clermont-Foot-June-3-2023-Ligue-1
FRA-Ligue 1,2223,Lens,2022-08-07 Lens-Brest,2022-08-07,Matchweek 1,Sun,Home,W,3,2,Brest,440.0,524.0,84.0,8049.0,2878.0,166.0,188.0,88.3,203.0,230.0,88.3,53.0,78.0,67.9,2,1.6,1.6,13.0,39.0,9.0,1.0,43.0,15:00:00,/en/matches/058c83eb/Lens-Brest-August-7-2022-Ligue-1
FRA-Ligue 1,2223,Lens,2022-08-14 Ajaccio-Lens,2022-08-14,Matchweek 2,Sun,Away,D,0,0,Ajaccio,452.0,545.0,82.9,8233.0,2842.0,163.0,186.0,87.6,228.0,258.0,88.4,43.0,69.0,62.3,0,1.2,1.2,8.0,35.0,13.0,2.0,67.0,15:00:00,/en/matches/8b559e8f/Ajaccio-Lens-August-14-2022-Ligue-1
FRA-Ligue 1,2223,Lens,2022-08-20 Monaco-Lens,2022-08-20,Matchweek 3,Sat,Away,W,4,1,Monaco,453.0,533.0,85.0,7945.0,2883.0,191.0,207.0,92.3,184.0,207.0,88.9,49.0,79.0,62.0,2,1.4,1.5,11.0,24.0,5.0,1.0,36.0,17:00:00,/en/matches/579dbb9f/Monaco-Lens-August-20-2022-Ligue-1
FRA-Ligue 1,2223,Lens,2022-08-27 Lens-Rennes,2022-08-27,Matchweek 4,Sat,Home,W,2,1,Rennes,462.0,545.0,84.8,7962.0,2502.0,233.0,259.0,90.0,169.0,197.0,85.8,46.0,71.0,64.8,2,1.1,0.8,13.0,28.0,6.0,1.0,44.0,21:00:00,/en/matches/a46ef768/Lens-Rennes-August-27-2022-Ligue-1
FRA-Ligue 1,2223,Lens,2022-08-31 Lens-Lorient,2022-08-31,Matchweek 5,Wed,Home,W,5,2,Lorient,501.0,558.0,89.8,8754.0,2973.0,226.0,242.0,93.4,222.0,236.0,94.1,42.0,64.0,65.6,5,2.6,2.0,13.0,41.0,13.0,4.0,54.0,21:00:00,/en/matches/e81a5c4f/Lens-Lorient-August-31-2022-Ligue-1
FRA-Ligue 1,2223,Lens,2022-09-04 Reims-Lens,2022-09-04,Matchweek 6,Sun,Away,D,1,1,Reims,536.0,615.0,87.2,9360.0,3051.0,231.0,250.0,92.4,233.0,261.0,89.3,56.0,79.0,70.9,1,1.4,1.4,13.0,48.0,13.0,4.0,65.0,15:00:00,/en/matches/21e5d4df/Reims-Lens-September-4-2022-Ligue-1
FRA-Ligue 1,2223,Lens,2022-09-09 Lens-Troyes,2022-09-09,Matchweek 7,Fri,Home,W,1,0,Troyes,634.0,713.0,88.9,10963.0,3276.0,259.0,281.0,92.2,307.0,340.0,90.3,47.0,65.0,72.3,1,1.2,1.6,9.0,66.0,8.0,3.0,64.0,21:00:00,/en/matches/953fed3d/Lens-Troyes-September-9-2022-Ligue-1
FRA-Ligue 1,2223,Lens,2022-09-18 Nantes-Lens,2022-09-18,Matchweek 8,Sun,Away,D,0,0,Nantes,541.0,636.0,85.1,9235.0,3468.0,250.0,275.0,90.9,224.0,256.0,87.5,48.0,76.0,63.2,0,0.9,0.9,6.0,58.0,8.0,2.0,54.0,17:05:00,/en/matches/7f6d507f/Nantes-Lens-September-18-2022-Ligue-1
FRA-Ligue 1,2223,Lens,2022-10-02 Lens-Lyon,2022-10-02,Matchweek 9,Sun,Home,W,1,0,Lyon,438.0,546.0,80.2,7481.0,2635.0,207.0,239.0,86.6,174.0,207.0,84.1,44.0,75.0,58.7,0,2.1,1.7,17.0,32.0,12.0,4.0,53.0,20:45:00,/en/matches/ea3fd79a/Lens-Lyon-October-2-2022-Ligue-1
FRA-Ligue 1,2223,Lens,2022-10-09 Lille-Lens,2022-10-09,Matchweek 10,Sun,Away,L,0,1,Lille,392.0,482.0,81.3,6949.0,2520.0,167.0,189.0,88.4,167.0,188.0,88.8,40.0,71.0,56.3,0,0.3,0.3,5.0,28.0,5.0,1.0,30.0,20:45:00,/en/matches/080e6d11/Lille-Lens-October-9-2022-Ligue-1
FRA-Ligue 1,2223,Lens,2022-10-15 Lens-Montpellier,2022-10-15,Matchweek 11,Sat,Home,W,1,0,Montpellier,582.0,688.0,84.6,10460.0,3548.0,260.0,292.0,89.0,236.0,271.0,87.1,65.0,95.0,68.4,0,1.3,1.2,12.0,58.0,12.0,3.0,62.0,21:00:00,/en/matches/7e2d7c1e/Lens-Montpellier-October-15-2022-Ligue-1
FRA-Ligue 1,2223,Lens,2022-10-22 Marseille-Lens,2022-10-22,Matchweek 12,Sat,Away,W,1,0,Marseille,338.0,425.0,79.5,5761.0,2241.0,170.0,191.0,89.0,123.0,149.0,82.6,36.0,67.0,53.7,1,0.8,0.4,10.0,17.0,7.0,1.0,24.0,21:00:00,/en/matches/bad2cbdd/Marseille-Lens-October-22-2022-Ligue-1
FRA-Ligue 1,2223,Lens,2022-10-28 Lens-Toulouse,2022-10-28,Matchweek 13,Fri,Home,W,3,0,Toulouse,379.0,470.0,80.6,6553.0,2517.0,172.0,202.0,85.1,172.0,194.0,88.7,28.0,57.0,49.1,3,1.4,1.3,11.0,43.0,11.0,1.0,56.0,21:00:00,/en/matches/95ff5e13/Lens-Toulouse-October-28-2022-Ligue-1
FRA-Ligue 1,2223,Lens,2022-11-05 Angers-Lens,2022-11-05,Matchweek 14,Sat,Away,W,2,1,Angers,516.0,609.0,84.7,8779.0,2567.0,249.0,272.0,91.5,208.0,234.0,88.9,44.0,74.0,59.5,2,1.6,1.3,10.0,37.0,9.0,3.0,41.0,21:00:00,/en/matches/75388a68/Angers-Lens-November-5-2022-Ligue-1
FRA-Ligue 1,2223,Lens,2022-11-12 Lens-Clermont Foot,2022-11-12,Matchweek 15,Sat,Home,W,2,1,Clermont Foot,469.0,562.0,83.5,7935.0,3103.0,218.0,247.0,88.3,208.0,242.0,86.0,32.0,49.0,65.3,2,1.3,1.4,14.0,54.0,17.0,6.0,81.0,17:00:00,/en/matches/8d98626e/Lens-Clermont-Foot-November-12-2022-Ligue-1
FRA-Ligue 1,2223,Lens,2022-12-29 Nice-Lens,2022-12-29,Matchweek 16,Thu,Away,D,0,0,Nice,538.0,613.0,87.8,8799.0,2697.0,272.0,293.0,92.8,226.0,249.0,90.8,30.0,51.0,58.8,0,0.4,0.8,6.0,37.0,7.0,2.0,33.0,21:00:00,/en/matches/9c606d65/Nice-Lens-December-29-2022-Ligue-1
FRA-Ligue 1,2223,Lens,2023-01-01 Lens-Paris S-G,2023-01-01,Matchweek 17,Sun,Home,W,3,1,Paris S-G,339.0,423.0,80.1,5686.0,2106.0,170.0,187.0,90.9,114.0,139.0,82.0,39.0,64.0,60.9,2,1.3,0.8,6.0,18.0,5.0,1.0,32.0,20:45:00,/en/matches/41b38f59/Lens-Paris-Saint-Germain-January-1-2023-Ligue-1
FRA-Ligue 1,2223,Lens,2023-01-11 Strasbourg-Lens,2023-01-11,Matchweek 18,Wed,Away,D,2,2,Strasbourg,589.0,680.0,86.6,10844.0,3455.0,216.0,238.0,90.8,300.0,326.0,92.0,56.0,81.0,69.1,2,1.1,1.6,11.0,74.0,10.0,7.0,69.0,21:00:00,/en/matches/e91d3b16/Strasbourg-Lens-January-11-2023-Ligue-1
FRA-Ligue 1,2223,Lens,2023-01-14 Lens-Auxerre,2023-01-14,Matchweek 19,Sat,Home,W,1,0,Auxerre,549.0,635.0,86.5,8974.0,2857.0,266.0,283.0,94.0,220.0,254.0,86.6,38.0,66.0,57.6,0,1.2,0.7,7.0,70.0,5.0,2.0,60.0,17:00:00,/en/matches/767c1b25/Lens-Auxerre-January-14-2023-Ligue-1
FRA-Ligue 1,2223,Lens,2023-01-28 Troyes-Lens,2023-01-28,Matchweek 20,Sat,Away,D,1,1,Troyes,605.0,722.0,83.8,10268.0,3208.0,280.0,316.0,88.6,264.0,305.0,86.6,46.0,72.0,63.9,0,1.4,1.6,13.0,68.0,18.0,4.0,92.0,17:00:00,/en/matches/bf2e3c05/Troyes-Lens-January-28-2023-Ligue-1
FRA-Ligue 1,2223,Lens,2023-02-01 Lens-Nice,2023-02-01,Matchweek 21,Wed,Home,L,0,1,Nice,470.0,571.0,82.3,8064.0,2561.0,206.0,244.0,84.4,194.0,216.0,89.8,49.0,75.0,65.3,0,0.5,0.6,7.0,44.0,6.0,2.0,56.0,21:00:00,/en/matches/b6c7f232/Lens-Nice-February-1-2023-Ligue-1
FRA-Ligue 1,2223,Lens,2023-02-05 Brest-Lens,2023-02-05,Matchweek 22,Sun,Away,D,1,1,Brest,519.0,614.0,84.5,9128.0,3041.0,209.0,228.0,91.7,261.0,296.0,88.2,41.0,66.0,62.1,0,1.5,1.7,12.0,54.0,14.0,6.0,75.0,17:05:00,/en/matches/7a42156f/Brest-Lens-February-5-2023-Ligue-1
FRA-Ligue 1,2223,Lens,2023-02-12 Lyon-Lens,2023-02-12,Matchweek 23,Sun,Away,L,1,2,Lyon,532.0,658.0,80.9,8255.0,2877.0,267.0,309.0,86.4,199.0,237.0,84.0,36.0,57.0,63.2,1,1.1,1.5,13.0,45.0,11.0,5.0,62.0,20:45:00,/en/matches/eb88e263/Lyon-Lens-February-12-2023-Ligue-1
FRA-Ligue 1,2223,Lens,2023-02-19 Lens-Nantes,2023-02-19,Matchweek 24,Sun,Home,W,3,1,Nantes,531.0,623.0,85.2,9151.0,3429.0,227.0,250.0,90.8,251.0,279.0,90.0,40.0,72.0,55.6,1,1.9,2.5,15.0,55.0,18.0,5.0,76.0,17:05:00,/en/matches/09d42df5/Lens-Nantes-February-19-2023-Ligue-1
FRA-Ligue 1,2223,Lens,2023-02-25 Montpellier-Lens,2023-02-25,Matchweek 25,Sat,Away,D,1,1,Montpellier,506.0,594.0,85.2,8846.0,2834.0,211.0,239.0,88.3,241.0,268.0,89.9,45.0,70.0,64.3,1,1.1,1.3,13.0,34.0,15.0,8.0,48.0,21:00:00,/en/matches/c423b431/Montpellier-Lens-February-25-2023-Ligue-1
FRA-Ligue 1,2223,Lens,2023-03-04 Lens-Lille,2023-03-04,Matchweek 26,Sat,Home,D,1,1,Lille,258.0,359.0,71.9,5020.0,2093.0,88.0,114.0,77.2,125.0,151.0,82.8,33.0,60.0,55.0,0,0.6,0.8,7.0,23.0,7.0,3.0,30.0,17:00:00,/en/matches/368b5f43/Lens-Lille-March-4-2023-Ligue-1
FRA-Ligue 1,2223,Lens,2023-03-12 Clermont Foot-Lens,2023-03-12,Matchweek 27,Sun,Away,W,4,0,Clermont Foot,455.0,538.0,84.6,8069.0,3004.0,205.0,232.0,88.4,183.0,204.0,89.7,50.0,75.0,66.7,3,1.4,1.2,11.0,41.0,9.0,4.0,37.0,13:00:00,/en/matches/1c7fbfe3/Clermont-Foot-Lens-March-12-2023-Ligue-1
FRA-Ligue 1,2223,Lens,2023-03-18 Lens-Angers,2023-03-18,Matchweek 28,Sat,Home,W,3,0,Angers,424.0,502.0,84.5,7453.0,2530.0,197.0,224.0,87.9,161.0,180.0,89.4,51.0,73.0,69.9,3,1.3,0.6,8.0,26.0,6.0,1.0,35.0,21:00:00,/en/matches/9481e88d/Lens-Angers-March-18-2023-Ligue-1
FRA-Ligue 1,2223,Lens,2023-04-01 Rennes-Lens,2023-04-01,Matchweek 29,Sat,Away,W,1,0,Rennes,387.0,475.0,81.5,7021.0,2354.0,161.0,185.0,87.0,177.0,189.0,93.7,36.0,81.0,44.4,1,1.3,2.4,9.0,19.0,4.0,2.0,24.0,21:00:00,/en/matches/1130a1b6/Rennes-Lens-April-1-2023-Ligue-1
FRA-Ligue 1,2223,Lens,2023-04-07 Lens-Strasbourg,2023-04-07,Matchweek 30,Fri,Home,W,2,1,Strasbourg,446.0,543.0,82.1,7629.0,2993.0,196.0,217.0,90.3,191.0,225.0,84.9,40.0,68.0,58.8,1,0.9,0.8,11.0,24.0,8.0,2.0,24.0,21:00:00,/en/matches/c64ab24a/Lens-Strasbourg-April-7-2023-Ligue-1
FRA-Ligue 1,2223,Lens,2023-04-15 Paris S-G-Lens,2023-04-15,Matchweek 31,Sat,Away,L,1,3,Paris S-G,389.0,463.0,84.0,6211.0,2019.0,199.0,214.0,93.0,146.0,170.0,85.9,26.0,50.0,52.0,0,0.9,1.0,9.0,31.0,11.0,3.0,29.0,21:00:00,/en/matches/268e5460/Paris-Saint-Germain-Lens-April-15-2023-Ligue-1
FRA-Ligue 1,2223,Lens,2023-04-22 Lens-Monaco,2023-04-22,Matchweek 32,Sat,Home,W,3,0,Monaco,545.0,639.0,85.3,9673.0,3079.0,221.0,249.0,88.8,250.0,273.0,91.6,53.0,85.0,62.4,2,1.8,1.3,17.0,27.0,5.0,2.0,37.0,21:00:00,/en/matches/0095e758/Lens-Monaco-April-22-2023-Ligue-1
FRA-Ligue 1,2223,Lens,2023-05-02 Toulouse-Lens,2023-05-02,Matchweek 33,Tue,Away,W,1,0,Toulouse,500.0,586.0,85.3,9379.0,3152.0,177.0,197.0,89.8,267.0,297.0,89.9,44.0,72.0,61.1,1,1.1,1.0,9.0,58.0,14.0,4.0,55.0,21:00:00,/en/matches/b5e2c075/Toulouse-Lens-May-2-2023-Ligue-1
FRA-Ligue 1,2223,Lens,2023-05-06 Lens-Marseille,2023-05-06,Matchweek 34,Sat,Home,W,2,1,Marseille,243.0,342.0,71.1,4591.0,2185.0,93.0,111.0,83.8,95.0,126.0,75.4,40.0,79.0,50.6,2,0.6,0.7,8.0,15.0,3.0,2.0,17.0,21:00:00,/en/matches/4ef6a978/Lens-Marseille-May-6-2023-Ligue-1
FRA-Ligue 1,2223,Lens,2023-05-12 Lens-Reims,2023-05-12,Matchweek 35,Fri,Home,W,2,1,Reims,279.0,357.0,78.2,5066.0,1771.0,132.0,143.0,92.3,110.0,130.0,84.6,32.0,65.0,49.2,1,0.5,0.1,5.0,8.0,1.0,0.0,24.0,21:00:00,/en/matches/7e1c8564/Lens-Reims-May-12-2023-Ligue-1
FRA-Ligue 1,2223,Lens,2023-05-21 Lorient-Lens,2023-05-21,Matchweek 36,Sun,Away,W,3,1,Lorient,475.0,548.0,86.7,7464.0,2452.0,248.0,263.0,94.3,183.0,207.0,88.4,28.0,48.0,58.3,2,1.6,0.8,10.0,47.0,5.0,0.0,34.0,17:05:00,/en/matches/123cfb3a/Lorient-Lens-May-21-2023-Ligue-1
FRA-Ligue 1,2223,Lens,2023-05-27 Lens-Ajaccio,2023-05-27,Matchweek 37,Sat,Home,W,3,0,Ajaccio,694.0,792.0,87.6,10307.0,2852.0,362.0,387.0,93.5,243.0,280.0,86.8,40.0,67.0,59.7,2,1.4,2.0,9.0,91.0,18.0,2.0,69.0,21:00:00,/en/matches/5eceb234/Lens-Ajaccio-May-27-2023-Ligue-1
FRA-Ligue 1,2223,Lens,2023-06-03 Auxerre-Lens,2023-06-03,Matchweek 38,Sat,Away,W,3,1,Auxerre,403.0,475.0,84.8,7656.0,3056.0,177.0,197.0,89.8,165.0,181.0,91.2,52.0,76.0,68.4,3,2.6,1.2,14.0,30.0,6.0,1.0,37.0,21:00:00,/en/matches/a44cfa36/Auxerre-Lens-June-3-2023-Ligue-1
FRA-Ligue 1,2223,Lille,2022-08-07 Lille-Auxerre,2022-08-07,Matchweek 1,Sun,Home,W,4,1,Auxerre,579.0,649.0,89.2,10012.0,3511.0,267.0,285.0,93.7,240.0,258.0,93.0,56.0,78.0,71.8,4,2.2,1.8,13.0,56.0,11.0,1.0,59.0,15:00:00,/en/matches/cbdc95fe/Lille-Auxerre-August-7-2022-Ligue-1
FRA-Ligue 1,2223,Lille,2022-08-12 Nantes-Lille,2022-08-12,Matchweek 2,Fri,Away,D,1,1,Nantes,550.0,678.0,81.1,9270.0,3446.0,264.0,314.0,84.1,225.0,262.0,85.9,41.0,67.0,61.2,1,1.6,1.6,12.0,41.0,12.0,4.0,56.0,21:00:00,/en/matches/00173ae0/Nantes-Lille-August-12-2022-Ligue-1
FRA-Ligue 1,2223,Lille,2022-08-21 Lille-Paris S-G,2022-08-21,Matchweek 3,Sun,Home,L,1,7,Paris S-G,514.0,572.0,89.9,7646.0,2635.0,282.0,297.0,94.9,185.0,195.0,94.9,23.0,43.0,53.5,0,1.6,0.6,14.0,36.0,6.0,1.0,26.0,20:45:00,/en/matches/a5ba0018/Lille-Paris-Saint-Germain-August-21-2022-Ligue-1
FRA-Ligue 1,2223,Lille,2022-08-26 Ajaccio-Lille,2022-08-26,Matchweek 4,Fri,Away,W,3,1,Ajaccio,427.0,524.0,81.5,7563.0,2411.0,183.0,213.0,85.9,193.0,219.0,88.1,41.0,68.0,60.3,1,0.7,0.6,3.0,33.0,7.0,2.0,45.0,21:00:00,/en/matches/d8aa49d4/Ajaccio-Lille-August-26-2022-Ligue-1
FRA-Ligue 1,2223,Lille,2022-08-31 Lille-Nice,2022-08-31,Matchweek 5,Wed,Home,L,1,2,Nice,513.0,595.0,86.2,8919.0,2765.0,242.0,268.0,90.3,219.0,239.0,91.6,46.0,72.0,63.9,1,0.8,1.1,13.0,48.0,10.0,3.0,62.0,21:00:00,/en/matches/6f55425d/Lille-Nice-August-31-2022-Ligue-1
FRA-Ligue 1,2223,Lille,2022-09-04 Montpellier-Lille,2022-09-04,Matchweek 6,Sun,Away,W,3,1,Montpellier,638.0,735.0,86.8,10107.0,3585.0,326.0,359.0,90.8,226.0,254.0,89.0,52.0,69.0,75.4,3,1.4,1.8,21.0,62.0,18.0,1.0,81.0,13:00:00,/en/matches/d61a03a9/Montpellier-Lille-September-4-2022-Ligue-1
FRA-Ligue 1,2223,Lille,2022-09-10 Marseille-Lille,2022-09-10,Matchweek 7,Sat,Away,L,1,2,Marseille,333.0,437.0,76.2,5660.0,2340.0,161.0,189.0,85.2,121.0,145.0,83.4,40.0,77.0,51.9,0,0.6,0.8,6.0,34.0,5.0,1.0,36.0,21:00:00,/en/matches/762fd170/Marseille-Lille-September-10-2022-Ligue-1
FRA-Ligue 1,2223,Lille,2022-09-17 Lille-Toulouse,2022-09-17,Matchweek 8,Sat,Home,W,2,1,Toulouse,341.0,454.0,75.1,5394.0,2195.0,170.0,198.0,85.9,120.0,152.0,78.9,29.0,65.0,44.6,1,0.9,0.7,7.0,30.0,8.0,1.0,33.0,21:00:00,/en/matches/00795804/Lille-Toulouse-September-17-2022-Ligue-1
FRA-Ligue 1,2223,Lille,2022-10-02 Lorient-Lille,2022-10-02,Matchweek 9,Sun,Away,L,1,2,Lorient,469.0,582.0,80.6,7664.0,2596.0,215.0,247.0,87.0,197.0,238.0,82.8,38.0,65.0,58.5,1,1.8,3.0,15.0,44.0,19.0,2.0,69.0,13:00:00,/en/matches/16686466/Lorient-Lille-October-2-2022-Ligue-1
FRA-Ligue 1,2223,Lille,2022-10-09 Lille-Lens,2022-10-09,Matchweek 10,Sun,Home,W,1,0,Lens,318.0,400.0,79.5,5015.0,2121.0,178.0,198.0,89.9,111.0,133.0,83.5,20.0,49.0,40.8,0,1.6,1.4,8.0,30.0,7.0,0.0,36.0,20:45:00,/en/matches/080e6d11/Lille-Lens-October-9-2022-Ligue-1
FRA-Ligue 1,2223,Lille,2022-10-14 Strasbourg-Lille,2022-10-14,Matchweek 11,Fri,Away,W,3,0,Strasbourg,497.0,610.0,81.5,8835.0,2733.0,204.0,236.0,86.4,202.0,229.0,88.2,62.0,98.0,63.3,2,1.4,1.4,6.0,29.0,7.0,1.0,39.0,21:00:00,/en/matches/5004b998/Strasbourg-Lille-October-14-2022-Ligue-1
FRA-Ligue 1,2223,Lille,2022-10-23 Lille-Monaco,2022-10-23,Matchweek 12,Sun,Home,W,4,3,Monaco,437.0,533.0,82.0,6811.0,2363.0,243.0,272.0,89.3,157.0,178.0,88.2,24.0,49.0,49.0,3,1.6,1.2,15.0,29.0,11.0,0.0,43.0,20:45:00,/en/matches/e49e31dd/Lille-Monaco-October-23-2022-Ligue-1
FRA-Ligue 1,2223,Lille,2022-10-30 Lyon-Lille,2022-10-30,Matchweek 13,Sun,Away,L,0,1,Lyon,481.0,585.0,82.2,7911.0,2904.0,233.0,269.0,86.6,200.0,233.0,85.8,33.0,57.0,57.9,0,1.0,1.4,11.0,28.0,12.0,3.0,46.0,20:45:00,/en/matches/55897a3f/Lyon-Lille-October-30-2022-Ligue-1
FRA-Ligue 1,2223,Lille,2022-11-06 Lille-Rennes,2022-11-06,Matchweek 14,Sun,Home,D,1,1,Rennes,517.0,614.0,84.2,9196.0,2702.0,226.0,243.0,93.0,233.0,259.0,90.0,49.0,82.0,59.8,0,1.5,1.2,14.0,38.0,11.0,2.0,50.0,17:05:00,/en/matches/004b284e/Lille-Rennes-November-6-2022-Ligue-1
FRA-Ligue 1,2223,Lille,2022-11-13 Lille-Angers,2022-11-13,Matchweek 15,Sun,Home,W,1,0,Angers,520.0,604.0,86.1,9162.0,2696.0,216.0,236.0,91.5,236.0,263.0,89.7,50.0,73.0,68.5,1,0.4,0.5,7.0,34.0,3.0,0.0,40.0,15:00:00,/en/matches/6055a18c/Lille-Angers-November-13-2022-Ligue-1
FRA-Ligue 1,2223,Lille,2022-12-28 Clermont Foot-Lille,2022-12-28,Matchweek 16,Wed,Away,W,2,0,Clermont Foot,448.0,553.0,81.0,7593.0,2553.0,200.0,227.0,88.1,202.0,227.0,89.0,35.0,69.0,50.7,1,0.6,0.8,8.0,42.0,4.0,0.0,46.0,19:00:00,/en/matches/6a0bd1ac/Clermont-Foot-Lille-December-28-2022-Ligue-1
FRA-Ligue 1,2223,Lille,2023-01-02 Lille-Reims,2023-01-02,Matchweek 17,Mon,Home,D,1,1,Reims,560.0,646.0,86.7,9242.0,3120.0,274.0,294.0,93.2,238.0,262.0,90.8,37.0,60.0,61.7,0,1.9,1.3,12.0,36.0,15.0,1.0,50.0,17:00:00,/en/matches/cbf86c77/Lille-Reims-January-2-2023-Ligue-1
FRA-Ligue 1,2223,Lille,2023-01-11 Brest-Lille,2023-01-11,Matchweek 18,Wed,Away,D,0,0,Brest,626.0,733.0,85.4,11058.0,3278.0,262.0,295.0,88.8,267.0,302.0,88.4,70.0,93.0,75.3,0,0.5,1.1,8.0,55.0,10.0,2.0,75.0,19:00:00,/en/matches/86d6c372/Brest-Lille-January-11-2023-Ligue-1
FRA-Ligue 1,2223,Lille,2023-01-15 Lille-Troyes,2023-01-15,Matchweek 19,Sun,Home,W,5,1,Troyes,632.0,698.0,90.5,11584.0,3631.0,255.0,273.0,93.4,276.0,292.0,94.5,75.0,92.0,81.5,2,2.4,1.1,18.0,47.0,10.0,3.0,51.0,13:00:00,/en/matches/50911140/Lille-Troyes-January-15-2023-Ligue-1
FRA-Ligue 1,2223,Lille,2023-01-29 Nice-Lille,2023-01-29,Matchweek 20,Sun,Away,L,0,1,Nice,512.0,602.0,85.0,8877.0,2743.0,234.0,253.0,92.5,214.0,248.0,86.3,46.0,66.0,69.7,0,1.2,1.3,14.0,22.0,7.0,1.0,38.0,13:00:00,/en/matches/b83c2528/Nice-Lille-January-29-2023-Ligue-1
FRA-Ligue 1,2223,Lille,2023-02-01 Lille-Clermont Foot,2023-02-01,Matchweek 21,Wed,Home,D,0,0,Clermont Foot,565.0,670.0,84.3,9312.0,3153.0,268.0,301.0,89.0,220.0,244.0,90.2,51.0,80.0,63.8,0,1.3,2.2,20.0,77.0,9.0,3.0,69.0,19:00:00,/en/matches/359a0f8f/Lille-Clermont-Foot-February-1-2023-Ligue-1
FRA-Ligue 1,2223,Lille,2023-02-04 Rennes-Lille,2023-02-04,Matchweek 22,Sat,Away,W,3,1,Rennes,512.0,617.0,83.0,8269.0,2554.0,255.0,294.0,86.7,199.0,227.0,87.7,35.0,61.0,57.4,3,1.3,1.2,11.0,41.0,11.0,2.0,53.0,21:00:00,/en/matches/b405d94b/Rennes-Lille-February-4-2023-Ligue-1
FRA-Ligue 1,2223,Lille,2023-02-12 Lille-Strasbourg,2023-02-12,Matchweek 23,Sun,Home,W,2,0,Strasbourg,689.0,772.0,89.2,10943.0,3652.0,337.0,363.0,92.8,284.0,302.0,94.0,41.0,63.0,65.1,0,1.7,1.8,10.0,43.0,11.0,0.0,54.0,15:00:00,/en/matches/5bcb2b4d/Lille-Strasbourg-February-12-2023-Ligue-1
FRA-Ligue 1,2223,Lille,2023-02-19 Paris S-G-Lille,2023-02-19,Matchweek 24,Sun,Away,L,3,4,Paris S-G,474.0,547.0,86.7,8040.0,2804.0,226.0,254.0,89.0,196.0,210.0,93.3,40.0,55.0,72.7,2,0.9,0.8,10.0,49.0,13.0,3.0,44.0,13:00:00,/en/matches/0354132b/Paris-Saint-Germain-Lille-February-19-2023-Ligue-1
FRA-Ligue 1,2223,Lille,2023-02-24 Lille-Brest,2023-02-24,Matchweek 25,Fri,Home,W,2,1,Brest,554.0,654.0,84.7,9915.0,3074.0,243.0,266.0,91.4,246.0,280.0,87.9,56.0,79.0,70.9,2,0.7,1.4,13.0,77.0,14.0,1.0,89.0,21:00:00,/en/matches/4b068238/Lille-Brest-February-24-2023-Ligue-1
FRA-Ligue 1,2223,Lille,2023-03-04 Lens-Lille,2023-03-04,Matchweek 26,Sat,Away,D,1,1,Lens,482.0,574.0,84.0,8267.0,2613.0,221.0,241.0,91.7,209.0,233.0,89.7,39.0,68.0,57.4,1,1.4,1.6,8.0,38.0,8.0,1.0,48.0,17:00:00,/en/matches/368b5f43/Lens-Lille-March-4-2023-Ligue-1
FRA-Ligue 1,2223,Lille,2023-03-10 Lille-Lyon,2023-03-10,Matchweek 27,Fri,Home,D,3,3,Lyon,424.0,518.0,81.9,7484.0,2598.0,170.0,192.0,88.5,198.0,225.0,88.0,43.0,74.0,58.1,1,0.7,0.6,6.0,31.0,7.0,2.0,40.0,21:00:00,/en/matches/2ec831ba/Lille-Lyon-March-10-2023-Ligue-1
FRA-Ligue 1,2223,Lille,2023-03-18 Toulouse-Lille,2023-03-18,Matchweek 28,Sat,Away,W,2,0,Toulouse,472.0,554.0,85.2,7762.0,2572.0,237.0,271.0,87.5,191.0,212.0,90.1,30.0,51.0,58.8,1,1.1,1.5,13.0,21.0,11.0,1.0,47.0,17:00:00,/en/matches/0659aa2f/Toulouse-Lille-March-18-2023-Ligue-1
FRA-Ligue 1,2223,Lille,2023-04-02 Lille-Lorient,2023-04-02,Matchweek 29,Sun,Home,W,3,1,Lorient,540.0,625.0,86.4,9514.0,3467.0,216.0,245.0,88.2,269.0,296.0,90.9,37.0,60.0,61.7,3,1.4,2.0,15.0,48.0,17.0,4.0,65.0,13:00:00,/en/matches/e3ec27ec/Lille-Lorient-April-2-2023-Ligue-1
FRA-Ligue 1,2223,Lille,2023-04-08 Angers-Lille,2023-04-08,Matchweek 30,Sat,Away,L,0,1,Angers,468.0,555.0,84.3,8121.0,2764.0,201.0,225.0,89.3,202.0,225.0,89.8,40.0,67.0,59.7,0,1.3,1.6,13.0,39.0,11.0,3.0,52.0,17:00:00,/en/matches/5b23ad99/Angers-Lille-April-8-2023-Ligue-1
FRA-Ligue 1,2223,Lille,2023-04-16 Lille-Montpellier,2023-04-16,Matchweek 31,Sun,Home,W,2,1,Montpellier,541.0,622.0,87.0,9210.0,3014.0,241.0,265.0,90.9,236.0,261.0,90.4,44.0,64.0,68.8,1,1.0,2.0,12.0,67.0,13.0,1.0,61.0,13:00:00,/en/matches/bb2cf3ad/Lille-Montpellier-April-16-2023-Ligue-1
FRA-Ligue 1,2223,Lille,2023-04-22 Auxerre-Lille,2023-04-22,Matchweek 32,Sat,Away,D,1,1,Auxerre,629.0,721.0,87.2,10054.0,3359.0,308.0,335.0,91.9,263.0,290.0,90.7,36.0,61.0,59.0,0,1.6,1.9,9.0,53.0,15.0,3.0,52.0,17:00:00,/en/matches/3d446dbd/Auxerre-Lille-April-22-2023-Ligue-1
FRA-Ligue 1,2223,Lille,2023-04-29 Lille-Ajaccio,2023-04-29,Matchweek 33,Sat,Home,W,3,0,Ajaccio,706.0,789.0,89.5,11527.0,3225.0,345.0,370.0,93.2,287.0,307.0,93.5,52.0,77.0,67.5,3,1.3,1.3,6.0,38.0,11.0,1.0,64.0,17:00:00,/en/matches/1213d047/Lille-Ajaccio-April-29-2023-Ligue-1
FRA-Ligue 1,2223,Lille,2023-05-06 Reims-Lille,2023-05-06,Matchweek 34,Sat,Away,L,0,1,Reims,449.0,553.0,81.2,7830.0,2900.0,193.0,226.0,85.4,182.0,204.0,89.2,51.0,88.0,58.0,0,1.7,1.9,11.0,40.0,10.0,1.0,52.0,19:00:00,/en/matches/f281e140/Reims-Lille-May-6-2023-Ligue-1
FRA-Ligue 1,2223,Lille,2023-05-14 Monaco-Lille,2023-05-14,Matchweek 35,Sun,Away,D,0,0,Monaco,440.0,556.0,79.1,7272.0,2527.0,206.0,238.0,86.6,179.0,211.0,84.8,35.0,79.0,44.3,0,0.9,1.0,10.0,26.0,13.0,1.0,44.0,17:05:00,/en/matches/1609eed7/Monaco-Lille-May-14-2023-Ligue-1
FRA-Ligue 1,2223,Lille,2023-05-20 Lille-Marseille,2023-05-20,Matchweek 36,Sat,Home,W,2,1,Marseille,337.0,439.0,76.8,6170.0,2647.0,130.0,159.0,81.8,162.0,187.0,86.6,35.0,79.0,44.3,1,0.9,1.3,9.0,22.0,7.0,0.0,39.0,21:00:00,/en/matches/a4506b32/Lille-Marseille-May-20-2023-Ligue-1
FRA-Ligue 1,2223,Lille,2023-05-27 Lille-Nantes,2023-05-27,Matchweek 37,Sat,Home,W,2,1,Nantes,529.0,615.0,86.0,9279.0,2974.0,218.0,238.0,91.6,235.0,257.0,91.4,47.0,77.0,61.0,0,0.4,1.0,5.0,66.0,7.0,2.0,68.0,21:00:00,/en/matches/1b4970df/Lille-Nantes-May-27-2023-Ligue-1
FRA-Ligue 1,2223,Lille,2023-06-03 Troyes-Lille,2023-06-03,Matchweek 38,Sat,Away,D,1,1,Troyes,543.0,641.0,84.7,8557.0,2834.0,274.0,307.0,89.3,192.0,222.0,86.5,43.0,60.0,71.7,1,1.2,2.3,15.0,52.0,17.0,3.0,60.0,21:00:00,/en/matches/a00583c3/Troyes-Lille-June-3-2023-Ligue-1
FRA-Ligue 1,2223,Lorient,2022-08-07 Rennes-Lorient,2022-08-07,Matchweek 1,Sun,Away,W,1,0,Rennes,309.0,398.0,77.6,5375.0,1959.0,119.0,136.0,87.5,139.0,169.0,82.2,31.0,65.0,47.7,0,0.5,0.2,5.0,21.0,3.0,0.0,22.0,17:05:00,/en/matches/8ff3f9dd/Rennes-Lorient-August-7-2022-Ligue-1
FRA-Ligue 1,2223,Lorient,2022-08-21 Toulouse-Lorient,2022-08-21,Matchweek 3,Sun,Away,D,2,2,Toulouse,378.0,463.0,81.6,6531.0,2397.0,164.0,186.0,88.2,167.0,193.0,86.5,34.0,61.0,55.7,0,0.8,0.9,9.0,26.0,4.0,0.0,32.0,15:00:00,/en/matches/8fd476c8/Toulouse-Lorient-August-21-2022-Ligue-1
FRA-Ligue 1,2223,Lorient,2022-08-28 Lorient-Clermont Foot,2022-08-28,Matchweek 4,Sun,Home,W,2,1,Clermont Foot,346.0,418.0,82.8,5997.0,2466.0,147.0,167.0,88.0,148.0,171.0,86.5,31.0,53.0,58.5,1,1.8,1.4,15.0,27.0,6.0,1.0,33.0,15:00:00,/en/matches/04e1e416/Lorient-Clermont-Foot-August-28-2022-Ligue-1
FRA-Ligue 1,2223,Lorient,2022-08-31 Lens-Lorient,2022-08-31,Matchweek 5,Wed,Away,L,2,5,Lens,343.0,411.0,83.5,5766.0,1953.0,159.0,181.0,87.8,151.0,165.0,91.5,24.0,47.0,51.1,2,1.0,1.5,10.0,21.0,5.0,2.0,33.0,21:00:00,/en/matches/e81a5c4f/Lens-Lorient-August-31-2022-Ligue-1
FRA-Ligue 1,2223,Lorient,2022-09-04 Ajaccio-Lorient,2022-09-04,Matchweek 6,Sun,Away,W,1,0,Ajaccio,258.0,370.0,69.7,4880.0,2277.0,106.0,130.0,81.5,105.0,141.0,74.5,35.0,77.0,45.5,1,0.7,0.2,5.0,18.0,3.0,1.0,26.0,15:00:00,/en/matches/ae60a120/Ajaccio-Lorient-September-4-2022-Ligue-1
FRA-Ligue 1,2223,Lorient,2022-09-07 Lorient-Lyon,2022-09-07,Matchweek 2,Wed,Home,W,3,1,Lyon,254.0,340.0,74.7,4327.0,2003.0,120.0,136.0,88.2,95.0,118.0,80.5,25.0,64.0,39.1,2,0.8,0.4,8.0,15.0,4.0,1.0,20.0,19:00:00,/en/matches/9bb1f204/Lorient-Lyon-September-7-2022-Ligue-1
FRA-Ligue 1,2223,Lorient,2022-09-11 Lorient-Nantes,2022-09-11,Matchweek 7,Sun,Home,W,3,2,Nantes,403.0,481.0,83.8,6520.0,2777.0,194.0,220.0,88.2,163.0,179.0,91.1,26.0,48.0,54.2,2,1.0,0.9,10.0,28.0,8.0,1.0,43.0,15:00:00,/en/matches/782c4dff/Lorient-Nantes-September-11-2022-Ligue-1
FRA-Ligue 1,2223,Lorient,2022-09-16 Auxerre-Lorient,2022-09-16,Matchweek 8,Fri,Away,W,3,1,Auxerre,353.0,439.0,80.4,6219.0,2401.0,165.0,193.0,85.5,136.0,162.0,84.0,38.0,64.0,59.4,2,1.9,0.9,9.0,25.0,7.0,2.0,29.0,21:00:00,/en/matches/49bc23eb/Auxerre-Lorient-September-16-2022-Ligue-1
FRA-Ligue 1,2223,Lorient,2022-10-02 Lorient-Lille,2022-10-02,Matchweek 9,Sun,Home,W,2,1,Lille,260.0,341.0,76.2,4911.0,2067.0,102.0,123.0,82.9,128.0,144.0,88.9,25.0,60.0,41.7,1,0.5,0.3,6.0,18.0,5.0,1.0,28.0,13:00:00,/en/matches/16686466/Lorient-Lille-October-2-2022-Ligue-1
FRA-Ligue 1,2223,Lorient,2022-10-09 Brest-Lorient,2022-10-09,Matchweek 10,Sun,Away,W,2,1,Brest,378.0,488.0,77.5,6189.0,2484.0,188.0,213.0,88.3,147.0,168.0,87.5,31.0,70.0,44.3,1,0.9,0.7,12.0,24.0,8.0,1.0,41.0,15:00:00,/en/matches/173aef86/Brest-Lorient-October-9-2022-Ligue-1
FRA-Ligue 1,2223,Lorient,2022-10-15 Lorient-Reims,2022-10-15,Matchweek 11,Sat,Home,D,0,0,Reims,342.0,441.0,77.6,5873.0,2210.0,156.0,187.0,83.4,134.0,163.0,82.2,37.0,70.0,52.9,0,0.6,1.5,6.0,40.0,5.0,2.0,49.0,17:00:00,/en/matches/4fe522a8/Lorient-Reims-October-15-2022-Ligue-1
FRA-Ligue 1,2223,Lorient,2022-10-23 Troyes-Lorient,2022-10-23,Matchweek 12,Sun,Away,D,2,2,Troyes,492.0,574.0,85.7,8381.0,2651.0,216.0,241.0,89.6,210.0,229.0,91.7,48.0,71.0,67.6,2,1.4,1.3,17.0,42.0,13.0,1.0,59.0,15:00:00,/en/matches/58eb4a20/Troyes-Lorient-October-23-2022-Ligue-1
FRA-Ligue 1,2223,Lorient,2022-10-30 Lorient-Nice,2022-10-30,Matchweek 13,Sun,Home,L,1,2,Nice,430.0,509.0,84.5,7440.0,2674.0,190.0,210.0,90.5,178.0,199.0,89.4,39.0,62.0,62.9,1,1.4,1.2,12.0,32.0,6.0,0.0,36.0,17:05:00,/en/matches/b3909991/Lorient-Nice-October-30-2022-Ligue-1
FRA-Ligue 1,2223,Lorient,2022-11-06 Lorient-Paris S-G,2022-11-06,Matchweek 14,Sun,Home,L,1,2,Paris S-G,358.0,435.0,82.3,5581.0,2052.0,200.0,219.0,91.3,125.0,150.0,83.3,20.0,46.0,43.5,1,0.8,0.8,8.0,21.0,8.0,1.0,34.0,13:00:00,/en/matches/62986726/Lorient-Paris-Saint-Germain-November-6-2022-Ligue-1
FRA-Ligue 1,2223,Lorient,2022-11-13 Strasbourg-Lorient,2022-11-13,Matchweek 15,Sun,Away,D,1,1,Strasbourg,328.0,437.0,75.1,5809.0,1959.0,135.0,167.0,80.8,144.0,173.0,83.2,35.0,64.0,54.7,0,0.1,0.3,3.0,25.0,5.0,0.0,18.0,17:05:00,/en/matches/d02cfa28/Strasbourg-Lorient-November-13-2022-Ligue-1
FRA-Ligue 1,2223,Lorient,2022-12-29 Lorient-Montpellier,2022-12-29,Matchweek 16,Thu,Home,L,0,2,Montpellier,398.0,494.0,80.6,6785.0,2566.0,168.0,198.0,84.8,189.0,214.0,88.3,28.0,59.0,47.5,0,0.5,0.5,9.0,36.0,6.0,3.0,50.0,17:00:00,/en/matches/3f005cc1/Lorient-Montpellier-December-29-2022-Ligue-1
FRA-Ligue 1,2223,Lorient,2023-01-01 Angers-Lorient,2023-01-01,Matchweek 17,Sun,Away,W,2,1,Angers,445.0,543.0,82.0,7760.0,2682.0,192.0,224.0,85.7,207.0,231.0,89.6,34.0,62.0,54.8,1,0.6,0.5,9.0,29.0,9.0,1.0,40.0,15:00:00,/en/matches/cff615b4/Angers-Lorient-January-1-2023-Ligue-1
FRA-Ligue 1,2223,Lorient,2023-01-11 Lorient-Monaco,2023-01-11,Matchweek 18,Wed,Home,D,2,2,Monaco,303.0,403.0,75.2,5534.0,2189.0,116.0,136.0,85.3,151.0,185.0,81.6,28.0,66.0,42.4,2,1.2,0.4,7.0,23.0,4.0,1.0,34.0,21:00:00,/en/matches/a1b8e89a/Lorient-Monaco-January-11-2023-Ligue-1
FRA-Ligue 1,2223,Lorient,2023-01-14 Marseille-Lorient,2023-01-14,Matchweek 19,Sat,Away,L,1,3,Marseille,250.0,329.0,76.0,4194.0,1656.0,120.0,134.0,89.6,98.0,125.0,78.4,24.0,50.0,48.0,1,0.5,0.3,10.0,19.0,3.0,0.0,19.0,19:00:00,/en/matches/d95f972f/Marseille-Lorient-January-14-2023-Ligue-1
FRA-Ligue 1,2223,Lorient,2023-01-27 Lorient-Rennes,2023-01-27,Matchweek 20,Fri,Home,W,2,1,Rennes,281.0,369.0,76.2,4607.0,1944.0,128.0,154.0,83.1,112.0,141.0,79.4,26.0,51.0,51.0,2,0.9,0.6,4.0,19.0,6.0,0.0,28.0,21:00:00,/en/matches/b1b646a8/Lorient-Rennes-January-27-2023-Ligue-1
FRA-Ligue 1,2223,Lorient,2023-02-01 Reims-Lorient,2023-02-01,Matchweek 21,Wed,Away,L,2,4,Reims,346.0,439.0,78.8,5890.0,2254.0,154.0,179.0,86.0,147.0,169.0,87.0,34.0,68.0,50.0,2,0.4,0.3,8.0,22.0,8.0,2.0,30.0,19:00:00,/en/matches/e7ec4d4b/Reims-Lorient-February-1-2023-Ligue-1
FRA-Ligue 1,2223,Lorient,2023-02-05 Lorient-Angers,2023-02-05,Matchweek 22,Sun,Home,D,0,0,Angers,474.0,559.0,84.8,8247.0,2823.0,194.0,212.0,91.5,234.0,265.0,88.3,36.0,62.0,58.1,0,0.6,0.8,9.0,51.0,10.0,4.0,55.0,15:00:00,/en/matches/4f77b00e/Lorient-Angers-February-5-2023-Ligue-1
FRA-Ligue 1,2223,Lorient,2023-02-12 Nantes-Lorient,2023-02-12,Matchweek 23,Sun,Away,L,0,1,Nantes,456.0,544.0,83.8,6931.0,2987.0,238.0,266.0,89.5,179.0,200.0,89.5,20.0,42.0,47.6,0,0.8,1.1,8.0,28.0,9.0,1.0,48.0,17:05:00,/en/matches/f9f4ca12/Nantes-Lorient-February-12-2023-Ligue-1
FRA-Ligue 1,2223,Lorient,2023-02-19 Lorient-Ajaccio,2023-02-19,Matchweek 24,Sun,Home,W,3,0,Ajaccio,505.0,591.0,85.4,8468.0,2629.0,212.0,233.0,91.0,240.0,260.0,92.3,32.0,55.0,58.2,1,0.5,1.0,6.0,21.0,6.0,1.0,34.0,15:00:00,/en/matches/9a73c114/Lorient-Ajaccio-February-19-2023-Ligue-1
FRA-Ligue 1,2223,Lorient,2023-02-26 Lorient-Auxerre,2023-02-26,Matchweek 25,Sun,Home,L,0,1,Auxerre,462.0,562.0,82.2,7752.0,2658.0,197.0,228.0,86.4,218.0,253.0,86.2,29.0,51.0,56.9,0,1.1,0.9,9.0,33.0,8.0,2.0,50.0,13:00:00,/en/matches/f9f72ca1/Lorient-Auxerre-February-26-2023-Ligue-1
FRA-Ligue 1,2223,Lorient,2023-03-05 Lyon-Lorient,2023-03-05,Matchweek 26,Sun,Away,D,0,0,Lyon,440.0,511.0,86.1,7472.0,2891.0,182.0,203.0,89.7,206.0,230.0,89.6,33.0,50.0,66.0,0,0.9,0.6,8.0,25.0,9.0,1.0,32.0,17:05:00,/en/matches/1eadec4f/Lyon-Lorient-March-5-2023-Ligue-1
FRA-Ligue 1,2223,Lorient,2023-03-12 Lorient-Troyes,2023-03-12,Matchweek 27,Sun,Home,W,2,0,Troyes,475.0,559.0,85.0,7869.0,2718.0,216.0,234.0,92.3,208.0,232.0,89.7,30.0,57.0,52.6,0,1.3,0.4,12.0,30.0,8.0,0.0,52.0,15:00:00,/en/matches/11eab67b/Lorient-Troyes-March-12-2023-Ligue-1
FRA-Ligue 1,2223,Lorient,2023-03-19 Nice-Lorient,2023-03-19,Matchweek 28,Sun,Away,D,1,1,Nice,449.0,520.0,86.3,7450.0,2422.0,211.0,235.0,89.8,190.0,204.0,93.1,32.0,56.0,57.1,1,0.7,0.9,8.0,15.0,3.0,0.0,26.0,15:00:00,/en/matches/76197bfd/Nice-Lorient-March-19-2023-Ligue-1
FRA-Ligue 1,2223,Lorient,2023-04-02 Lille-Lorient,2023-04-02,Matchweek 29,Sun,Away,L,1,3,Lille,344.0,423.0,81.3,6058.0,2229.0,141.0,165.0,85.5,166.0,188.0,88.3,27.0,52.0,51.9,0,0.0,0.4,0.0,25.0,4.0,0.0,22.0,13:00:00,/en/matches/e3ec27ec/Lille-Lorient-April-2-2023-Ligue-1
FRA-Ligue 1,2223,Lorient,2023-04-09 Lorient-Marseille,2023-04-09,Matchweek 30,Sun,Home,D,0,0,Marseille,299.0,388.0,77.1,5213.0,1975.0,141.0,162.0,87.0,112.0,132.0,84.8,34.0,75.0,45.3,0,0.1,0.1,3.0,24.0,1.0,0.0,23.0,20:45:00,/en/matches/ae59b2e1/Lorient-Marseille-April-9-2023-Ligue-1
FRA-Ligue 1,2223,Lorient,2023-04-16 Monaco-Lorient,2023-04-16,Matchweek 31,Sun,Away,L,1,3,Monaco,500.0,589.0,84.9,7990.0,2990.0,244.0,274.0,89.1,204.0,232.0,87.9,31.0,49.0,63.3,0,0.2,0.4,4.0,22.0,6.0,2.0,27.0,17:05:00,/en/matches/fbddfac1/Monaco-Lorient-April-16-2023-Ligue-1
FRA-Ligue 1,2223,Lorient,2023-04-23 Lorient-Toulouse,2023-04-23,Matchweek 32,Sun,Home,L,0,1,Toulouse,484.0,580.0,83.4,7513.0,2658.0,254.0,289.0,87.9,183.0,209.0,87.6,29.0,49.0,59.2,0,0.3,0.7,6.0,33.0,5.0,3.0,43.0,15:00:00,/en/matches/b1552b3c/Lorient-Toulouse-April-23-2023-Ligue-1
FRA-Ligue 1,2223,Lorient,2023-04-30 Paris S-G-Lorient,2023-04-30,Matchweek 33,Sun,Away,W,3,1,Paris S-G,481.0,544.0,88.4,7671.0,2612.0,243.0,254.0,95.7,184.0,206.0,89.3,35.0,56.0,62.5,1,2.3,0.6,11.0,25.0,6.0,1.0,31.0,17:05:00,/en/matches/ca98474e/Paris-Saint-Germain-Lorient-April-30-2023-Ligue-1
FRA-Ligue 1,2223,Lorient,2023-05-07 Lorient-Brest,2023-05-07,Matchweek 34,Sun,Home,W,2,1,Brest,322.0,407.0,79.1,5257.0,2190.0,164.0,183.0,89.6,112.0,132.0,84.8,29.0,59.0,49.2,2,0.5,0.6,5.0,11.0,8.0,2.0,28.0,15:00:00,/en/matches/676c3a0e/Lorient-Brest-May-7-2023-Ligue-1
FRA-Ligue 1,2223,Lorient,2023-05-14 Montpellier-Lorient,2023-05-14,Matchweek 35,Sun,Away,D,1,1,Montpellier,492.0,569.0,86.5,7651.0,2830.0,251.0,278.0,90.3,177.0,192.0,92.2,31.0,54.0,57.4,1,0.3,0.5,6.0,30.0,9.0,0.0,38.0,15:00:00,/en/matches/1df43c24/Montpellier-Lorient-May-14-2023-Ligue-1
FRA-Ligue 1,2223,Lorient,2023-05-21 Lorient-Lens,2023-05-21,Matchweek 36,Sun,Home,L,1,3,Lens,421.0,488.0,86.3,6626.0,2173.0,207.0,223.0,92.8,171.0,189.0,90.5,24.0,49.0,49.0,0,1.0,1.1,10.0,30.0,8.0,0.0,40.0,17:05:00,/en/matches/123cfb3a/Lorient-Lens-May-21-2023-Ligue-1
FRA-Ligue 1,2223,Lorient,2023-05-27 Clermont Foot-Lorient,2023-05-27,Matchweek 37,Sat,Away,L,0,2,Clermont Foot,429.0,508.0,84.4,7528.0,2479.0,180.0,205.0,87.8,200.0,224.0,89.3,35.0,52.0,67.3,0,0.1,0.6,3.0,30.0,8.0,0.0,43.0,21:00:00,/en/matches/970c061a/Clermont-Foot-Lorient-May-27-2023-Ligue-1
FRA-Ligue 1,2223,Lorient,2023-06-03 Lorient-Strasbourg,2023-06-03,Matchweek 38,Sat,Home,W,2,1,Strasbourg,549.0,623.0,88.1,8353.0,3059.0,296.0,316.0,93.7,188.0,210.0,89.5,33.0,46.0,71.7,2,0.5,0.6,5.0,30.0,6.0,0.0,33.0,21:00:00,/en/matches/a744a9bd/Lorient-Strasbourg-June-3-2023-Ligue-1
FRA-Ligue 1,2223,Lyon,2022-08-05 Lyon-Ajaccio,2022-08-05,Matchweek 1,Fri,Home,W,2,1,Ajaccio,583.0,671.0,86.9,10562.0,3317.0,227.0,252.0,90.1,286.0,317.0,90.2,53.0,80.0,66.3,1,0.5,0.5,8.0,35.0,7.0,1.0,43.0,21:00:00,/en/matches/47ab569b/Lyon-Ajaccio-August-5-2022-Ligue-1
FRA-Ligue 1,2223,Lyon,2022-08-19 Lyon-Troyes,2022-08-19,Matchweek 3,Fri,Home,W,4,1,Troyes,690.0,784.0,88.0,11878.0,3852.0,287.0,324.0,88.6,339.0,360.0,94.2,43.0,72.0,59.7,1,1.4,1.7,11.0,77.0,12.0,3.0,68.0,21:00:00,/en/matches/a1baf3a5/Lyon-Troyes-August-19-2022-Ligue-1
FRA-Ligue 1,2223,Lyon,2022-08-28 Reims-Lyon,2022-08-28,Matchweek 4,Sun,Away,D,1,1,Reims,619.0,736.0,84.1,11381.0,3875.0,227.0,257.0,88.3,325.0,367.0,88.6,54.0,79.0,68.4,1,0.8,1.9,13.0,78.0,16.0,7.0,89.0,17:05:00,/en/matches/daa723a9/Reims-Lyon-August-28-2022-Ligue-1
FRA-Ligue 1,2223,Lyon,2022-08-31 Lyon-Auxerre,2022-08-31,Matchweek 5,Wed,Home,W,2,1,Auxerre,560.0,663.0,84.5,9488.0,3342.0,246.0,277.0,88.8,257.0,294.0,87.4,38.0,63.0,60.3,2,2.5,2.2,17.0,55.0,12.0,3.0,62.0,19:00:00,/en/matches/d4cde1d6/Lyon-Auxerre-August-31-2022-Ligue-1
FRA-Ligue 1,2223,Lyon,2022-09-03 Lyon-Angers,2022-09-03,Matchweek 6,Sat,Home,W,5,0,Angers,476.0,570.0,83.5,8309.0,2785.0,214.0,237.0,90.3,186.0,208.0,89.4,56.0,83.0,67.5,3,0.5,1.1,9.0,40.0,6.0,2.0,46.0,19:00:00,/en/matches/fb645562/Lyon-Angers-September-3-2022-Ligue-1
FRA-Ligue 1,2223,Lyon,2022-09-07 Lorient-Lyon,2022-09-07,Matchweek 2,Wed,Away,L,1,3,Lorient,568.0,660.0,86.1,9672.0,3110.0,258.0,283.0,91.2,234.0,265.0,88.3,53.0,73.0,72.6,1,2.0,2.7,14.0,66.0,17.0,3.0,78.0,19:00:00,/en/matches/9bb1f204/Lorient-Lyon-September-7-2022-Ligue-1
FRA-Ligue 1,2223,Lyon,2022-09-11 Monaco-Lyon,2022-09-11,Matchweek 7,Sun,Away,L,1,2,Monaco,481.0,601.0,80.0,7722.0,2872.0,248.0,275.0,90.2,177.0,208.0,85.1,38.0,81.0,46.9,1,1.9,2.4,17.0,38.0,15.0,4.0,54.0,20:45:00,/en/matches/425472f5/Monaco-Lyon-September-11-2022-Ligue-1
FRA-Ligue 1,2223,Lyon,2022-09-18 Lyon-Paris S-G,2022-09-18,Matchweek 8,Sun,Home,L,0,1,Paris S-G,374.0,442.0,84.6,6300.0,2279.0,182.0,194.0,93.8,151.0,177.0,85.3,31.0,47.0,66.0,0,0.9,1.2,10.0,36.0,13.0,2.0,42.0,20:45:00,/en/matches/57d4d43d/Lyon-Paris-Saint-Germain-September-18-2022-Ligue-1
FRA-Ligue 1,2223,Lyon,2022-10-02 Lens-Lyon,2022-10-02,Matchweek 9,Sun,Away,L,0,1,Lens,395.0,503.0,78.5,6123.0,2187.0,209.0,250.0,83.6,156.0,176.0,88.6,21.0,63.0,33.3,0,0.1,0.2,2.0,33.0,0.0,0.0,31.0,20:45:00,/en/matches/ea3fd79a/Lens-Lyon-October-2-2022-Ligue-1
FRA-Ligue 1,2223,Lyon,2022-10-07 Lyon-Toulouse,2022-10-07,Matchweek 10,Fri,Home,D,1,1,Toulouse,494.0,603.0,81.9,8697.0,3036.0,216.0,256.0,84.4,224.0,254.0,88.2,41.0,62.0,66.1,1,1.2,1.4,17.0,57.0,11.0,3.0,56.0,21:00:00,/en/matches/3e063ecd/Lyon-Toulouse-October-7-2022-Ligue-1
FRA-Ligue 1,2223,Lyon,2022-10-16 Rennes-Lyon,2022-10-16,Matchweek 11,Sun,Away,L,2,3,Rennes,523.0,635.0,82.4,8908.0,2671.0,230.0,257.0,89.5,239.0,280.0,85.4,35.0,64.0,54.7,1,0.5,0.9,3.0,27.0,3.0,0.0,35.0,15:00:00,/en/matches/62b68f87/Rennes-Lyon-October-16-2022-Ligue-1
FRA-Ligue 1,2223,Lyon,2022-10-22 Montpellier-Lyon,2022-10-22,Matchweek 12,Sat,Away,W,2,1,Montpellier,486.0,579.0,83.9,8692.0,3119.0,216.0,242.0,89.3,207.0,237.0,87.3,49.0,71.0,69.0,2,2.2,2.1,15.0,35.0,12.0,5.0,40.0,17:00:00,/en/matches/cc602d55/Montpellier-Lyon-October-22-2022-Ligue-1
FRA-Ligue 1,2223,Lyon,2022-10-30 Lyon-Lille,2022-10-30,Matchweek 13,Sun,Home,W,1,0,Lille,371.0,474.0,78.3,7105.0,2577.0,145.0,167.0,86.8,158.0,182.0,86.8,55.0,94.0,58.5,1,1.5,1.1,5.0,26.0,7.0,0.0,35.0,20:45:00,/en/matches/55897a3f/Lyon-Lille-October-30-2022-Ligue-1
FRA-Ligue 1,2223,Lyon,2022-11-06 Marseille-Lyon,2022-11-06,Matchweek 14,Sun,Away,L,0,1,Marseille,441.0,557.0,79.2,7341.0,2701.0,222.0,259.0,85.7,155.0,191.0,81.2,41.0,70.0,58.6,0,0.6,1.1,7.0,27.0,9.0,5.0,32.0,20:45:00,/en/matches/bfdebdac/Choc-des-Olympiques-Marseille-Lyon-November-6-2022-Ligue-1
FRA-Ligue 1,2223,Lyon,2022-11-11 Lyon-Nice,2022-11-11,Matchweek 15,Fri,Home,D,1,1,Nice,597.0,698.0,85.5,10874.0,3858.0,237.0,271.0,87.5,281.0,312.0,90.1,60.0,84.0,71.4,0,0.4,1.4,5.0,54.0,11.0,1.0,66.0,21:00:00,/en/matches/e805986b/Lyon-Nice-November-11-2022-Ligue-1
FRA-Ligue 1,2223,Lyon,2022-12-28 Brest-Lyon,2022-12-28,Matchweek 16,Wed,Away,W,4,2,Brest,430.0,514.0,83.7,7919.0,2887.0,164.0,187.0,87.7,199.0,220.0,90.5,47.0,79.0,59.5,3,2.3,1.8,15.0,38.0,10.0,2.0,57.0,21:00:00,/en/matches/244b3b09/Brest-Lyon-December-28-2022-Ligue-1
FRA-Ligue 1,2223,Lyon,2023-01-01 Lyon-Clermont Foot,2023-01-01,Matchweek 17,Sun,Home,L,0,1,Clermont Foot,496.0,582.0,85.2,9524.0,2994.0,179.0,214.0,83.6,248.0,267.0,92.9,60.0,79.0,75.9,0,0.6,0.6,10.0,41.0,8.0,1.0,48.0,17:00:00,/en/matches/1e8f7f51/Lyon-Clermont-Foot-January-1-2023-Ligue-1
FRA-Ligue 1,2223,Lyon,2023-01-11 Nantes-Lyon,2023-01-11,Matchweek 18,Wed,Away,D,0,0,Nantes,536.0,626.0,85.6,9117.0,3061.0,239.0,270.0,88.5,255.0,279.0,91.4,30.0,48.0,62.5,0,0.3,0.8,5.0,40.0,11.0,2.0,52.0,19:00:00,/en/matches/b34687b5/Nantes-Lyon-January-11-2023-Ligue-1
FRA-Ligue 1,2223,Lyon,2023-01-14 Lyon-Strasbourg,2023-01-14,Matchweek 19,Sat,Home,L,1,2,Strasbourg,646.0,770.0,83.9,10781.0,3353.0,308.0,347.0,88.8,249.0,288.0,86.5,63.0,89.0,70.8,0,1.8,2.1,23.0,53.0,18.0,6.0,66.0,21:00:00,/en/matches/6016edce/Lyon-Strasbourg-January-14-2023-Ligue-1
FRA-Ligue 1,2223,Lyon,2023-01-29 Ajaccio-Lyon,2023-01-29,Matchweek 20,Sun,Away,W,2,0,Ajaccio,308.0,424.0,72.6,5557.0,2079.0,134.0,160.0,83.8,115.0,141.0,81.6,42.0,92.0,45.7,2,1.8,1.0,6.0,34.0,8.0,0.0,34.0,17:05:00,/en/matches/3b0e34f6/Ajaccio-Lyon-January-29-2023-Ligue-1
FRA-Ligue 1,2223,Lyon,2023-02-01 Lyon-Brest,2023-02-01,Matchweek 21,Wed,Home,D,0,0,Brest,661.0,757.0,87.3,11134.0,3286.0,315.0,335.0,94.0,291.0,326.0,89.3,44.0,67.0,65.7,0,2.3,2.1,24.0,84.0,23.0,4.0,89.0,21:00:00,/en/matches/0f1e8f16/Lyon-Brest-February-1-2023-Ligue-1
FRA-Ligue 1,2223,Lyon,2023-02-04 Troyes-Lyon,2023-02-04,Matchweek 22,Sat,Away,W,3,1,Troyes,522.0,627.0,83.3,8784.0,2846.0,261.0,292.0,89.4,193.0,219.0,88.1,50.0,82.0,61.0,3,0.6,0.8,6.0,40.0,5.0,0.0,36.0,19:00:00,/en/matches/774a8b12/Troyes-Lyon-February-4-2023-Ligue-1
FRA-Ligue 1,2223,Lyon,2023-02-12 Lyon-Lens,2023-02-12,Matchweek 23,Sun,Home,W,2,1,Lens,356.0,456.0,78.1,5855.0,2439.0,180.0,209.0,86.1,129.0,147.0,87.8,31.0,65.0,47.7,2,1.3,0.9,8.0,24.0,6.0,0.0,34.0,20:45:00,/en/matches/eb88e263/Lyon-Lens-February-12-2023-Ligue-1
FRA-Ligue 1,2223,Lyon,2023-02-17 Auxerre-Lyon,2023-02-17,Matchweek 24,Fri,Away,L,1,2,Auxerre,519.0,621.0,83.6,9461.0,2968.0,208.0,230.0,90.4,250.0,286.0,87.4,49.0,82.0,59.8,1,0.8,0.7,6.0,36.0,8.0,2.0,59.0,21:00:00,/en/matches/ab3c5cc9/Auxerre-Lyon-February-17-2023-Ligue-1
FRA-Ligue 1,2223,Lyon,2023-02-25 Angers-Lyon,2023-02-25,Matchweek 25,Sat,Away,W,3,1,Angers,538.0,629.0,85.5,8988.0,2755.0,232.0,258.0,89.9,226.0,253.0,89.3,45.0,66.0,68.2,1,0.8,1.0,4.0,33.0,9.0,2.0,43.0,17:00:00,/en/matches/ed761c34/Angers-Lyon-February-25-2023-Ligue-1
FRA-Ligue 1,2223,Lyon,2023-03-05 Lyon-Lorient,2023-03-05,Matchweek 26,Sun,Home,D,0,0,Lorient,496.0,579.0,85.7,8175.0,2914.0,237.0,262.0,90.5,195.0,214.0,91.1,44.0,68.0,64.7,0,1.9,2.2,13.0,47.0,15.0,3.0,62.0,17:05:00,/en/matches/1eadec4f/Lyon-Lorient-March-5-2023-Ligue-1
FRA-Ligue 1,2223,Lyon,2023-03-10 Lille-Lyon,2023-03-10,Matchweek 27,Fri,Away,D,3,3,Lille,329.0,432.0,76.2,5759.0,1832.0,148.0,171.0,86.5,149.0,175.0,85.1,29.0,69.0,42.0,2,0.4,0.5,2.0,22.0,3.0,0.0,33.0,21:00:00,/en/matches/2ec831ba/Lille-Lyon-March-10-2023-Ligue-1
FRA-Ligue 1,2223,Lyon,2023-03-17 Lyon-Nantes,2023-03-17,Matchweek 28,Fri,Home,D,1,1,Nantes,619.0,709.0,87.3,9991.0,3183.0,313.0,343.0,91.3,264.0,286.0,92.3,33.0,52.0,63.5,1,1.1,1.4,9.0,45.0,9.0,1.0,68.0,21:00:00,/en/matches/e42d16ce/Lyon-Nantes-March-17-2023-Ligue-1
FRA-Ligue 1,2223,Lyon,2023-04-02 Paris S-G-Lyon,2023-04-02,Matchweek 29,Sun,Away,W,1,0,Paris S-G,365.0,452.0,80.8,6196.0,2563.0,182.0,216.0,84.3,124.0,141.0,87.9,43.0,67.0,64.2,1,0.7,1.4,8.0,25.0,6.0,0.0,28.0,20:45:00,/en/matches/37a61135/Paris-Saint-Germain-Lyon-April-2-2023-Ligue-1
FRA-Ligue 1,2223,Lyon,2023-04-09 Lyon-Rennes,2023-04-09,Matchweek 30,Sun,Home,W,3,1,Rennes,464.0,571.0,81.3,8885.0,2456.0,174.0,204.0,85.3,226.0,251.0,90.0,55.0,89.0,61.8,3,0.9,1.6,8.0,32.0,10.0,3.0,43.0,13:00:00,/en/matches/f258dab1/Lyon-Rennes-April-9-2023-Ligue-1
FRA-Ligue 1,2223,Lyon,2023-04-14 Toulouse-Lyon,2023-04-14,Matchweek 31,Fri,Away,W,2,1,Toulouse,557.0,648.0,86.0,9776.0,3191.0,240.0,269.0,89.2,250.0,267.0,93.6,51.0,79.0,64.6,0,1.2,1.8,9.0,51.0,12.0,2.0,48.0,21:00:00,/en/matches/fbcb2095/Toulouse-Lyon-April-14-2023-Ligue-1
FRA-Ligue 1,2223,Lyon,2023-04-23 Lyon-Marseille,2023-04-23,Matchweek 32,Sun,Home,L,1,2,Marseille,467.0,577.0,80.9,8083.0,3057.0,196.0,228.0,86.0,213.0,237.0,89.9,36.0,74.0,48.6,1,1.0,1.1,7.0,27.0,8.0,3.0,36.0,20:45:00,/en/matches/7408c40b/Choc-des-Olympiques-Lyon-Marseille-April-23-2023-Ligue-1
FRA-Ligue 1,2223,Lyon,2023-04-28 Strasbourg-Lyon,2023-04-28,Matchweek 33,Fri,Away,W,2,1,Strasbourg,315.0,434.0,72.6,5564.0,2091.0,150.0,187.0,80.2,116.0,153.0,75.8,39.0,69.0,56.5,1,0.4,0.7,6.0,19.0,4.0,0.0,21.0,21:00:00,/en/matches/7102beec/Strasbourg-Lyon-April-28-2023-Ligue-1
FRA-Ligue 1,2223,Lyon,2023-05-07 Lyon-Montpellier,2023-05-07,Matchweek 34,Sun,Home,W,5,4,Montpellier,562.0,650.0,86.5,9355.0,2928.0,234.0,261.0,89.7,248.0,264.0,93.9,43.0,69.0,62.3,4,2.0,4.4,12.0,41.0,14.0,3.0,63.0,17:05:00,/en/matches/f3f1adae/Lyon-Montpellier-May-7-2023-Ligue-1
FRA-Ligue 1,2223,Lyon,2023-05-14 Clermont Foot-Lyon,2023-05-14,Matchweek 35,Sun,Away,L,1,2,Clermont Foot,550.0,653.0,84.2,8555.0,2842.0,277.0,309.0,89.6,204.0,238.0,85.7,36.0,52.0,69.2,1,0.7,0.9,10.0,50.0,9.0,0.0,45.0,13:00:00,/en/matches/a5b3557c/Clermont-Foot-Lyon-May-14-2023-Ligue-1
FRA-Ligue 1,2223,Lyon,2023-05-19 Lyon-Monaco,2023-05-19,Matchweek 36,Fri,Home,W,3,1,Monaco,563.0,647.0,87.0,9222.0,3233.0,265.0,299.0,88.6,221.0,238.0,92.9,54.0,75.0,72.0,2,1.5,1.0,18.0,38.0,6.0,0.0,40.0,21:00:00,/en/matches/364d3262/Lyon-Monaco-May-19-2023-Ligue-1
FRA-Ligue 1,2223,Lyon,2023-05-27 Lyon-Reims,2023-05-27,Matchweek 37,Sat,Home,W,3,0,Reims,427.0,505.0,84.6,7595.0,2834.0,191.0,203.0,94.1,169.0,197.0,85.8,55.0,83.0,66.3,1,2.3,1.9,16.0,27.0,13.0,1.0,41.0,21:00:00,/en/matches/27815d03/Lyon-Reims-May-27-2023-Ligue-1
FRA-Ligue 1,2223,Lyon,2023-06-03 Nice-Lyon,2023-06-03,Matchweek 38,Sat,Away,L,1,3,Nice,572.0,659.0,86.8,9289.0,2973.0,286.0,317.0,90.2,225.0,255.0,88.2,41.0,57.0,71.9,1,1.8,1.8,15.0,44.0,15.0,2.0,60.0,21:00:00,/en/matches/7cb0ddb9/Nice-Lyon-June-3-2023-Ligue-1
FRA-Ligue 1,2223,Marseille,2022-08-07 Marseille-Reims,2022-08-07,Matchweek 1,Sun,Home,W,4,1,Reims,418.0,533.0,78.4,7496.0,2929.0,190.0,222.0,85.6,148.0,183.0,80.9,53.0,86.0,61.6,2,1.8,1.5,11.0,48.0,8.0,2.0,43.0,20:45:00,/en/matches/534ab8ff/Marseille-Reims-August-7-2022-Ligue-1
FRA-Ligue 1,2223,Marseille,2022-08-14 Brest-Marseille,2022-08-14,Matchweek 2,Sun,Away,D,1,1,Brest,396.0,508.0,78.0,7233.0,2331.0,142.0,167.0,85.0,193.0,217.0,88.9,46.0,93.0,49.5,1,0.4,0.4,3.0,28.0,4.0,2.0,37.0,20:45:00,/en/matches/4a5a2571/Brest-Marseille-August-14-2022-Ligue-1
FRA-Ligue 1,2223,Marseille,2022-08-20 Marseille-Nantes,2022-08-20,Matchweek 3,Sat,Home,W,2,1,Nantes,414.0,517.0,80.1,6662.0,2694.0,206.0,243.0,84.8,162.0,186.0,87.1,26.0,52.0,50.0,0,0.9,0.8,13.0,36.0,15.0,2.0,47.0,21:00:00,/en/matches/44e18f81/Marseille-Nantes-August-20-2022-Ligue-1
FRA-Ligue 1,2223,Marseille,2022-08-28 Nice-Marseille,2022-08-28,Matchweek 4,Sun,Away,W,3,0,Nice,412.0,497.0,82.9,6906.0,2379.0,191.0,219.0,87.2,162.0,185.0,87.6,36.0,55.0,65.5,2,0.9,0.9,9.0,37.0,11.0,1.0,41.0,15:00:00,/en/matches/89258f8f/Nice-Marseille-August-28-2022-Ligue-1
FRA-Ligue 1,2223,Marseille,2022-08-31 Marseille-Clermont Foot,2022-08-31,Matchweek 5,Wed,Home,W,1,0,Clermont Foot,486.0,596.0,81.5,8116.0,2432.0,229.0,258.0,88.8,201.0,238.0,84.5,40.0,62.0,64.5,1,1.3,1.6,13.0,44.0,16.0,4.0,56.0,21:00:00,/en/matches/e703a3d2/Marseille-Clermont-Foot-August-31-2022-Ligue-1
FRA-Ligue 1,2223,Marseille,2022-09-03 Auxerre-Marseille,2022-09-03,Matchweek 6,Sat,Away,W,2,0,Auxerre,443.0,529.0,83.7,7318.0,2523.0,200.0,228.0,87.7,189.0,214.0,88.3,35.0,59.0,59.3,1,1.0,0.9,9.0,44.0,13.0,1.0,53.0,17:00:00,/en/matches/d9b1158b/Auxerre-Marseille-September-3-2022-Ligue-1
FRA-Ligue 1,2223,Marseille,2022-09-10 Marseille-Lille,2022-09-10,Matchweek 7,Sat,Home,W,2,1,Lille,393.0,495.0,79.4,7343.0,2616.0,153.0,190.0,80.5,188.0,219.0,85.8,43.0,70.0,61.4,2,1.8,1.2,10.0,29.0,9.0,1.0,38.0,21:00:00,/en/matches/762fd170/Marseille-Lille-September-10-2022-Ligue-1
FRA-Ligue 1,2223,Marseille,2022-09-18 Marseille-Rennes,2022-09-18,Matchweek 8,Sun,Home,D,1,1,Rennes,456.0,567.0,80.4,7783.0,2560.0,209.0,238.0,87.8,184.0,219.0,84.0,41.0,71.0,57.7,1,1.2,1.3,13.0,48.0,12.0,6.0,49.0,15:00:00,/en/matches/abf90423/Marseille-Rennes-September-18-2022-Ligue-1
FRA-Ligue 1,2223,Marseille,2022-09-30 Angers-Marseille,2022-09-30,Matchweek 9,Fri,Away,W,3,0,Angers,446.0,532.0,83.8,7943.0,2502.0,177.0,201.0,88.1,218.0,239.0,91.2,35.0,59.0,59.3,3,1.6,1.0,15.0,30.0,11.0,3.0,40.0,21:00:00,/en/matches/3c6ebbba/Angers-Marseille-September-30-2022-Ligue-1
FRA-Ligue 1,2223,Marseille,2022-10-08 Marseille-Ajaccio,2022-10-08,Matchweek 10,Sat,Home,L,1,2,Ajaccio,472.0,602.0,78.4,8958.0,2909.0,183.0,216.0,84.7,219.0,263.0,83.3,59.0,90.0,65.6,0,0.8,0.9,6.0,39.0,12.0,2.0,54.0,17:00:00,/en/matches/98ad4323/Marseille-Ajaccio-October-8-2022-Ligue-1
FRA-Ligue 1,2223,Marseille,2022-10-16 Paris S-G-Marseille,2022-10-16,Matchweek 11,Sun,Away,L,0,1,Paris S-G,478.0,544.0,87.9,8525.0,3063.0,218.0,236.0,92.4,191.0,212.0,90.1,53.0,70.0,75.7,0,1.1,0.8,14.0,50.0,12.0,1.0,54.0,20:45:00,/en/matches/818de37e/Paris-Saint-Germain-Marseille-October-16-2022-Ligue-1
FRA-Ligue 1,2223,Marseille,2022-10-22 Marseille-Lens,2022-10-22,Matchweek 12,Sat,Home,L,0,1,Lens,438.0,541.0,81.0,7352.0,2456.0,206.0,229.0,90.0,174.0,212.0,82.1,36.0,62.0,58.1,0,1.5,2.4,11.0,35.0,19.0,1.0,49.0,21:00:00,/en/matches/bad2cbdd/Marseille-Lens-October-22-2022-Ligue-1
FRA-Ligue 1,2223,Marseille,2022-10-29 Strasbourg-Marseille,2022-10-29,Matchweek 13,Sat,Away,D,2,2,Strasbourg,405.0,503.0,80.5,7585.0,2577.0,148.0,170.0,87.1,201.0,227.0,88.5,44.0,78.0,56.4,2,1.7,1.4,9.0,20.0,11.0,0.0,34.0,21:00:00,/en/matches/be8af29c/Strasbourg-Marseille-October-29-2022-Ligue-1
FRA-Ligue 1,2223,Marseille,2022-11-06 Marseille-Lyon,2022-11-06,Matchweek 14,Sun,Home,W,1,0,Lyon,378.0,488.0,77.5,6943.0,2587.0,173.0,207.0,83.6,132.0,164.0,80.5,55.0,85.0,64.7,1,0.8,0.9,6.0,26.0,9.0,1.0,41.0,20:45:00,/en/matches/bfdebdac/Choc-des-Olympiques-Marseille-Lyon-November-6-2022-Ligue-1
FRA-Ligue 1,2223,Marseille,2022-11-13 Monaco-Marseille,2022-11-13,Matchweek 15,Sun,Away,W,3,2,Monaco,515.0,597.0,86.3,8888.0,2711.0,221.0,238.0,92.9,237.0,257.0,92.2,43.0,72.0,59.7,2,1.7,1.7,9.0,30.0,5.0,0.0,28.0,20:45:00,/en/matches/d1097736/Monaco-Marseille-November-13-2022-Ligue-1
FRA-Ligue 1,2223,Marseille,2022-12-29 Marseille-Toulouse,2022-12-29,Matchweek 16,Thu,Home,W,6,1,Toulouse,402.0,494.0,81.4,7262.0,2292.0,161.0,183.0,88.0,190.0,220.0,86.4,40.0,65.0,61.5,4,1.6,1.3,10.0,36.0,13.0,2.0,47.0,21:00:00,/en/matches/34caf658/Marseille-Toulouse-December-29-2022-Ligue-1
FRA-Ligue 1,2223,Marseille,2023-01-02 Montpellier-Marseille,2023-01-02,Matchweek 17,Mon,Away,W,2,1,Montpellier,434.0,531.0,81.7,8347.0,2870.0,189.0,214.0,88.3,175.0,205.0,85.4,61.0,86.0,70.9,0,1.1,1.5,12.0,44.0,12.0,4.0,61.0,19:00:00,/en/matches/1083eac4/Montpellier-Marseille-January-2-2023-Ligue-1
FRA-Ligue 1,2223,Marseille,2023-01-11 Troyes-Marseille,2023-01-11,Matchweek 18,Wed,Away,W,2,0,Troyes,620.0,703.0,88.2,11198.0,2996.0,260.0,276.0,94.2,267.0,294.0,90.8,73.0,100.0,73.0,2,1.8,2.7,10.0,51.0,14.0,5.0,69.0,21:00:00,/en/matches/18500cfa/Troyes-Marseille-January-11-2023-Ligue-1
FRA-Ligue 1,2223,Marseille,2023-01-14 Marseille-Lorient,2023-01-14,Matchweek 19,Sat,Home,W,3,1,Lorient,626.0,705.0,88.8,10871.0,2834.0,268.0,288.0,93.1,271.0,298.0,90.9,66.0,86.0,76.7,2,1.9,1.7,10.0,70.0,16.0,6.0,67.0,19:00:00,/en/matches/d95f972f/Marseille-Lorient-January-14-2023-Ligue-1
FRA-Ligue 1,2223,Marseille,2023-01-28 Marseille-Monaco,2023-01-28,Matchweek 20,Sat,Home,D,1,1,Monaco,498.0,631.0,78.9,8821.0,2833.0,205.0,249.0,82.3,231.0,272.0,84.9,48.0,76.0,63.2,0,1.2,1.4,16.0,44.0,16.0,3.0,55.0,21:00:00,/en/matches/15d42ad7/Marseille-Monaco-January-28-2023-Ligue-1
FRA-Ligue 1,2223,Marseille,2023-02-01 Nantes-Marseille,2023-02-01,Matchweek 21,Wed,Away,W,2,0,Nantes,432.0,535.0,80.7,7628.0,2476.0,181.0,209.0,86.6,193.0,223.0,86.5,40.0,66.0,60.6,1,1.0,0.9,8.0,42.0,9.0,0.0,49.0,19:00:00,/en/matches/4bca4e32/Nantes-Marseille-February-1-2023-Ligue-1
FRA-Ligue 1,2223,Marseille,2023-02-05 Marseille-Nice,2023-02-05,Matchweek 22,Sun,Home,L,1,3,Nice,476.0,590.0,80.7,8412.0,2500.0,203.0,235.0,86.4,203.0,249.0,81.5,51.0,67.0,76.1,1,2.1,2.1,19.0,51.0,19.0,12.0,71.0,20:45:00,/en/matches/f901aa76/Marseille-Nice-February-5-2023-Ligue-1
FRA-Ligue 1,2223,Marseille,2023-02-11 Clermont Foot-Marseille,2023-02-11,Matchweek 23,Sat,Away,W,2,0,Clermont Foot,495.0,585.0,84.6,9026.0,2613.0,195.0,222.0,87.8,231.0,255.0,90.6,50.0,74.0,67.6,0,1.1,0.9,8.0,59.0,7.0,3.0,49.0,21:00:00,/en/matches/695a7394/Clermont-Foot-Marseille-February-11-2023-Ligue-1
FRA-Ligue 1,2223,Marseille,2023-02-19 Toulouse-Marseille,2023-02-19,Matchweek 24,Sun,Away,W,3,2,Toulouse,347.0,449.0,77.3,7044.0,2216.0,131.0,157.0,83.4,163.0,191.0,85.3,48.0,79.0,60.8,0,0.6,0.7,10.0,40.0,9.0,3.0,44.0,20:45:00,/en/matches/9d43f831/Toulouse-Marseille-February-19-2023-Ligue-1
FRA-Ligue 1,2223,Marseille,2023-02-26 Marseille-Paris S-G,2023-02-26,Matchweek 25,Sun,Home,L,0,3,Paris S-G,425.0,512.0,83.0,7198.0,2143.0,197.0,216.0,91.2,178.0,209.0,85.2,33.0,55.0,60.0,0,1.0,1.0,10.0,48.0,5.0,2.0,44.0,20:45:00,/en/matches/fe1e33e5/Marseille-Paris-Saint-Germain-February-26-2023-Ligue-1
FRA-Ligue 1,2223,Marseille,2023-03-05 Rennes-Marseille,2023-03-05,Matchweek 26,Sun,Away,W,1,0,Rennes,334.0,443.0,75.4,6058.0,2147.0,142.0,165.0,86.1,136.0,170.0,80.0,47.0,85.0,55.3,1,1.3,1.2,6.0,33.0,10.0,2.0,54.0,20:45:00,/en/matches/723f16d0/Rennes-Marseille-March-5-2023-Ligue-1
FRA-Ligue 1,2223,Marseille,2023-03-12 Marseille-Strasbourg,2023-03-12,Matchweek 27,Sun,Home,D,2,2,Strasbourg,281.0,388.0,72.4,4815.0,1711.0,129.0,157.0,82.2,107.0,134.0,79.9,29.0,71.0,40.8,0,0.1,0.2,3.0,21.0,3.0,2.0,24.0,20:45:00,/en/matches/5bd3872f/Marseille-Strasbourg-March-12-2023-Ligue-1
FRA-Ligue 1,2223,Marseille,2023-03-19 Reims-Marseille,2023-03-19,Matchweek 28,Sun,Away,W,2,1,Reims,277.0,389.0,71.2,4720.0,1877.0,143.0,168.0,85.1,96.0,125.0,76.8,28.0,64.0,43.8,1,1.1,1.2,9.0,34.0,11.0,2.0,28.0,20:45:00,/en/matches/0161e53d/Reims-Marseille-March-19-2023-Ligue-1
FRA-Ligue 1,2223,Marseille,2023-03-31 Marseille-Montpellier,2023-03-31,Matchweek 29,Fri,Home,D,1,1,Montpellier,532.0,656.0,81.1,9113.0,2811.0,246.0,289.0,85.1,218.0,254.0,85.8,50.0,79.0,63.3,0,0.4,1.2,8.0,49.0,13.0,2.0,74.0,21:00:00,/en/matches/0dd080e8/Marseille-Montpellier-March-31-2023-Ligue-1
FRA-Ligue 1,2223,Marseille,2023-04-09 Lorient-Marseille,2023-04-09,Matchweek 30,Sun,Away,D,0,0,Lorient,477.0,573.0,83.2,8943.0,2943.0,170.0,193.0,88.1,240.0,275.0,87.3,49.0,71.0,69.0,0,0.6,1.1,8.0,51.0,17.0,1.0,74.0,20:45:00,/en/matches/ae59b2e1/Lorient-Marseille-April-9-2023-Ligue-1
FRA-Ligue 1,2223,Marseille,2023-04-16 Marseille-Troyes,2023-04-16,Matchweek 31,Sun,Home,W,3,1,Troyes,624.0,720.0,86.7,11288.0,3258.0,229.0,261.0,87.7,314.0,343.0,91.5,60.0,82.0,73.2,2,2.7,1.9,22.0,47.0,14.0,3.0,65.0,20:45:00,/en/matches/51ec8961/Marseille-Troyes-April-16-2023-Ligue-1
FRA-Ligue 1,2223,Marseille,2023-04-23 Lyon-Marseille,2023-04-23,Matchweek 32,Sun,Away,W,2,1,Lyon,295.0,397.0,74.3,5196.0,2107.0,134.0,169.0,79.3,127.0,149.0,85.2,30.0,62.0,48.4,0,1.4,0.9,9.0,20.0,7.0,0.0,28.0,20:45:00,/en/matches/7408c40b/Choc-des-Olympiques-Lyon-Marseille-April-23-2023-Ligue-1
FRA-Ligue 1,2223,Marseille,2023-04-30 Marseille-Auxerre,2023-04-30,Matchweek 33,Sun,Home,W,2,1,Auxerre,484.0,597.0,81.1,8907.0,3008.0,202.0,223.0,90.6,208.0,250.0,83.2,58.0,90.0,64.4,1,2.2,2.2,21.0,51.0,23.0,8.0,84.0,20:45:00,/en/matches/fbb41c2a/Marseille-Auxerre-April-30-2023-Ligue-1
FRA-Ligue 1,2223,Marseille,2023-05-06 Lens-Marseille,2023-05-06,Matchweek 34,Sat,Away,L,1,2,Lens,353.0,459.0,76.9,6194.0,2263.0,169.0,197.0,85.8,136.0,169.0,80.5,37.0,62.0,59.7,1,1.1,1.0,10.0,38.0,11.0,3.0,41.0,21:00:00,/en/matches/4ef6a978/Lens-Marseille-May-6-2023-Ligue-1
FRA-Ligue 1,2223,Marseille,2023-05-14 Marseille-Angers,2023-05-14,Matchweek 35,Sun,Home,W,3,1,Angers,481.0,574.0,83.8,8765.0,2385.0,196.0,229.0,85.6,224.0,258.0,86.8,49.0,65.0,75.4,2,1.7,1.7,10.0,50.0,11.0,3.0,56.0,20:45:00,/en/matches/01b6ff4d/Marseille-Angers-May-14-2023-Ligue-1
FRA-Ligue 1,2223,Marseille,2023-05-20 Lille-Marseille,2023-05-20,Matchweek 36,Sat,Away,L,1,2,Lille,382.0,492.0,77.6,7393.0,2194.0,127.0,151.0,84.1,200.0,228.0,87.7,48.0,89.0,53.9,1,0.7,0.8,7.0,22.0,6.0,1.0,26.0,21:00:00,/en/matches/a4506b32/Lille-Marseille-May-20-2023-Ligue-1
FRA-Ligue 1,2223,Marseille,2023-05-27 Marseille-Brest,2023-05-27,Matchweek 37,Sat,Home,L,1,2,Brest,464.0,581.0,79.9,8485.0,3027.0,185.0,216.0,85.6,220.0,259.0,84.9,47.0,80.0,58.8,1,0.9,1.3,8.0,50.0,16.0,2.0,66.0,21:00:00,/en/matches/f8507c38/Marseille-Brest-May-27-2023-Ligue-1
FRA-Ligue 1,2223,Marseille,2023-06-03 Ajaccio-Marseille,2023-06-03,Matchweek 38,Sat,Away,L,0,1,Ajaccio,528.0,636.0,83.0,10022.0,2698.0,205.0,236.0,86.9,258.0,295.0,87.5,57.0,77.0,74.0,0,1.1,1.0,12.0,60.0,14.0,2.0,79.0,21:00:00,/en/matches/2ca0b377/Ajaccio-Marseille-June-3-2023-Ligue-1
FRA-Ligue 1,2223,Monaco,2022-08-06 Strasbourg-Monaco,2022-08-06,Matchweek 1,Sat,Away,W,2,1,Strasbourg,359.0,465.0,77.2,6512.0,2434.0,159.0,187.0,85.0,131.0,161.0,81.4,55.0,90.0,61.1,1,1.4,1.0,15.0,30.0,12.0,5.0,44.0,17:00:00,/en/matches/b9e7f94c/Strasbourg-Monaco-August-6-2022-Ligue-1
FRA-Ligue 1,2223,Monaco,2022-08-13 Monaco-Rennes,2022-08-13,Matchweek 2,Sat,Home,D,1,1,Rennes,272.0,360.0,75.6,4896.0,1931.0,125.0,140.0,89.3,99.0,127.0,78.0,37.0,76.0,48.7,0,0.8,0.8,10.0,23.0,9.0,1.0,37.0,17:00:00,/en/matches/86562a7e/Monaco-Rennes-August-13-2022-Ligue-1
FRA-Ligue 1,2223,Monaco,2022-08-20 Monaco-Lens,2022-08-20,Matchweek 3,Sat,Home,L,1,4,Lens,372.0,448.0,83.0,6755.0,2062.0,150.0,165.0,90.9,171.0,198.0,86.4,36.0,60.0,60.0,1,1.4,1.4,10.0,29.0,6.0,1.0,42.0,17:00:00,/en/matches/579dbb9f/Monaco-Lens-August-20-2022-Ligue-1
FRA-Ligue 1,2223,Monaco,2022-08-28 Paris S-G-Monaco,2022-08-28,Matchweek 4,Sun,Away,D,1,1,Paris S-G,284.0,364.0,78.0,4803.0,1965.0,154.0,172.0,89.5,92.0,105.0,87.6,26.0,56.0,46.4,1,1.1,1.1,3.0,16.0,5.0,1.0,26.0,20:45:00,/en/matches/6113a2a2/Paris-Saint-Germain-Monaco-August-28-2022-Ligue-1
FRA-Ligue 1,2223,Monaco,2022-08-31 Monaco-Troyes,2022-08-31,Matchweek 5,Wed,Home,L,2,4,Troyes,427.0,524.0,81.5,7608.0,2712.0,176.0,207.0,85.0,185.0,208.0,88.9,47.0,72.0,65.3,2,1.2,1.5,7.0,24.0,6.0,0.0,30.0,19:00:00,/en/matches/8b21a4d4/Monaco-Troyes-August-31-2022-Ligue-1
FRA-Ligue 1,2223,Monaco,2022-09-04 Nice-Monaco,2022-09-04,Matchweek 6,Sun,Away,W,1,0,Nice,417.0,512.0,81.4,7058.0,2661.0,204.0,227.0,89.9,166.0,196.0,84.7,35.0,62.0,56.5,1,1.0,1.1,11.0,53.0,9.0,2.0,45.0,20:45:00,/en/matches/cd865a2a/Nice-Monaco-September-4-2022-Ligue-1
FRA-Ligue 1,2223,Monaco,2022-09-11 Monaco-Lyon,2022-09-11,Matchweek 7,Sun,Home,W,2,1,Lyon,284.0,388.0,73.2,5380.0,2558.0,121.0,151.0,80.1,113.0,135.0,83.7,41.0,76.0,53.9,2,1.1,0.9,8.0,26.0,9.0,3.0,35.0,20:45:00,/en/matches/425472f5/Monaco-Lyon-September-11-2022-Ligue-1
FRA-Ligue 1,2223,Monaco,2022-09-18 Reims-Monaco,2022-09-18,Matchweek 8,Sun,Away,W,3,0,Reims,509.0,606.0,84.0,9345.0,3368.0,216.0,236.0,91.5,212.0,242.0,87.6,60.0,89.0,67.4,3,1.6,1.3,18.0,53.0,18.0,3.0,70.0,13:00:00,/en/matches/c6dee225/Reims-Monaco-September-18-2022-Ligue-1
FRA-Ligue 1,2223,Monaco,2022-10-02 Monaco-Nantes,2022-10-02,Matchweek 9,Sun,Home,W,4,1,Nantes,439.0,523.0,83.9,8021.0,2923.0,175.0,205.0,85.4,202.0,226.0,89.4,48.0,70.0,68.6,2,0.8,0.7,7.0,35.0,5.0,0.0,42.0,17:05:00,/en/matches/3f3b16cf/Monaco-Nantes-October-2-2022-Ligue-1
FRA-Ligue 1,2223,Monaco,2022-10-09 Montpellier-Monaco,2022-10-09,Matchweek 10,Sun,Away,W,2,0,Montpellier,357.0,461.0,77.4,6918.0,3170.0,137.0,164.0,83.5,164.0,202.0,81.2,50.0,83.0,60.2,2,1.0,1.6,7.0,52.0,9.0,0.0,55.0,13:00:00,/en/matches/1edc7eb2/Montpellier-Monaco-October-9-2022-Ligue-1
FRA-Ligue 1,2223,Monaco,2022-10-16 Monaco-Clermont Foot,2022-10-16,Matchweek 11,Sun,Home,D,1,1,Clermont Foot,244.0,341.0,71.6,5059.0,2074.0,83.0,114.0,72.8,104.0,129.0,80.6,45.0,81.0,55.6,0,0.2,0.3,3.0,26.0,3.0,0.0,29.0,17:05:00,/en/matches/5e7b10f8/Monaco-Clermont-Foot-October-16-2022-Ligue-1
FRA-Ligue 1,2223,Monaco,2022-10-23 Lille-Monaco,2022-10-23,Matchweek 12,Sun,Away,L,3,4,Lille,267.0,369.0,72.4,5169.0,2063.0,99.0,130.0,76.2,121.0,141.0,85.8,38.0,79.0,48.1,1,0.6,1.0,4.0,36.0,6.0,0.0,34.0,20:45:00,/en/matches/e49e31dd/Lille-Monaco-October-23-2022-Ligue-1
FRA-Ligue 1,2223,Monaco,2022-10-30 Monaco-Angers,2022-10-30,Matchweek 13,Sun,Home,W,2,0,Angers,419.0,530.0,79.1,7880.0,2696.0,157.0,189.0,83.1,205.0,237.0,86.5,49.0,80.0,61.3,2,1.0,1.2,6.0,39.0,15.0,2.0,53.0,15:00:00,/en/matches/6d8a6a22/Monaco-Angers-October-30-2022-Ligue-1
FRA-Ligue 1,2223,Monaco,2022-11-06 Toulouse-Monaco,2022-11-06,Matchweek 14,Sun,Away,W,2,0,Toulouse,356.0,468.0,76.1,6566.0,2878.0,147.0,184.0,79.9,145.0,168.0,86.3,46.0,81.0,56.8,1,2.2,2.4,20.0,46.0,15.0,1.0,59.0,15:00:00,/en/matches/4c62ed91/Toulouse-Monaco-November-6-2022-Ligue-1
FRA-Ligue 1,2223,Monaco,2022-11-13 Monaco-Marseille,2022-11-13,Matchweek 15,Sun,Home,L,2,3,Marseille,327.0,427.0,76.6,5786.0,2509.0,150.0,173.0,86.7,127.0,159.0,79.9,36.0,67.0,53.7,1,1.0,0.9,7.0,23.0,5.0,1.0,37.0,20:45:00,/en/matches/d1097736/Monaco-Marseille-November-13-2022-Ligue-1
FRA-Ligue 1,2223,Monaco,2022-12-28 Auxerre-Monaco,2022-12-28,Matchweek 16,Wed,Away,W,3,2,Auxerre,491.0,618.0,79.4,9004.0,2979.0,205.0,241.0,85.1,221.0,261.0,84.7,54.0,83.0,65.1,2,0.4,0.4,3.0,48.0,5.0,1.0,55.0,17:00:00,/en/matches/d5b35d85/Auxerre-Monaco-December-28-2022-Ligue-1
FRA-Ligue 1,2223,Monaco,2023-01-01 Monaco-Brest,2023-01-01,Matchweek 17,Sun,Home,W,1,0,Brest,384.0,477.0,80.5,7098.0,2804.0,161.0,184.0,87.5,170.0,206.0,82.5,45.0,68.0,66.2,1,0.9,1.0,15.0,41.0,8.0,2.0,43.0,15:00:00,/en/matches/4cec22bb/Monaco-Brest-January-1-2023-Ligue-1
FRA-Ligue 1,2223,Monaco,2023-01-11 Lorient-Monaco,2023-01-11,Matchweek 18,Wed,Away,D,2,2,Lorient,451.0,557.0,81.0,8428.0,2885.0,179.0,211.0,84.8,204.0,238.0,85.7,57.0,83.0,68.7,2,1.7,1.4,13.0,44.0,18.0,6.0,68.0,21:00:00,/en/matches/a1b8e89a/Lorient-Monaco-January-11-2023-Ligue-1
FRA-Ligue 1,2223,Monaco,2023-01-15 Monaco-Ajaccio,2023-01-15,Matchweek 19,Sun,Home,W,7,1,Ajaccio,564.0,674.0,83.7,10288.0,2881.0,212.0,256.0,82.8,262.0,283.0,92.6,61.0,90.0,67.8,3,1.1,0.3,4.0,43.0,5.0,0.0,49.0,17:05:00,/en/matches/74dc1c48/Monaco-Ajaccio-January-15-2023-Ligue-1
FRA-Ligue 1,2223,Monaco,2023-01-28 Marseille-Monaco,2023-01-28,Matchweek 20,Sat,Away,D,1,1,Marseille,284.0,408.0,69.6,5147.0,2203.0,124.0,155.0,80.0,100.0,131.0,76.3,42.0,88.0,47.7,0,1.3,0.7,8.0,24.0,8.0,1.0,36.0,21:00:00,/en/matches/15d42ad7/Marseille-Monaco-January-28-2023-Ligue-1
FRA-Ligue 1,2223,Monaco,2023-02-01 Monaco-Auxerre,2023-02-01,Matchweek 21,Wed,Home,W,3,2,Auxerre,354.0,452.0,78.3,6505.0,2432.0,160.0,190.0,84.2,133.0,159.0,83.6,49.0,78.0,62.8,3,1.1,0.9,13.0,39.0,7.0,1.0,40.0,21:00:00,/en/matches/7bb26754/Monaco-Auxerre-February-1-2023-Ligue-1
FRA-Ligue 1,2223,Monaco,2023-02-05 Clermont Foot-Monaco,2023-02-05,Matchweek 22,Sun,Away,W,2,0,Clermont Foot,386.0,484.0,79.8,7402.0,2903.0,155.0,177.0,87.6,161.0,193.0,83.4,56.0,82.0,68.3,2,1.3,1.4,11.0,44.0,8.0,0.0,52.0,13:00:00,/en/matches/46fb274a/Clermont-Foot-Monaco-February-5-2023-Ligue-1
FRA-Ligue 1,2223,Monaco,2023-02-11 Monaco-Paris S-G,2023-02-11,Matchweek 23,Sat,Home,W,3,1,Paris S-G,454.0,534.0,85.0,8064.0,2906.0,196.0,219.0,89.5,185.0,205.0,90.2,53.0,75.0,70.7,3,2.1,1.7,14.0,31.0,12.0,2.0,36.0,17:00:00,/en/matches/72eb59cf/Monaco-Paris-Saint-Germain-February-11-2023-Ligue-1
FRA-Ligue 1,2223,Monaco,2023-02-19 Brest-Monaco,2023-02-19,Matchweek 24,Sun,Away,W,2,1,Brest,402.0,521.0,77.2,7484.0,2741.0,147.0,184.0,79.9,192.0,236.0,81.4,49.0,75.0,65.3,2,1.5,1.2,8.0,41.0,14.0,1.0,56.0,15:00:00,/en/matches/dc325f14/Brest-Monaco-February-19-2023-Ligue-1
FRA-Ligue 1,2223,Monaco,2023-02-26 Monaco-Nice,2023-02-26,Matchweek 25,Sun,Home,L,0,3,Nice,539.0,630.0,85.6,9555.0,3029.0,239.0,272.0,87.9,242.0,264.0,91.7,49.0,70.0,70.0,0,0.8,1.2,11.0,49.0,20.0,6.0,79.0,17:05:00,/en/matches/e8389ab5/Monaco-Nice-February-26-2023-Ligue-1
FRA-Ligue 1,2223,Monaco,2023-03-05 Troyes-Monaco,2023-03-05,Matchweek 26,Sun,Away,D,2,2,Troyes,488.0,624.0,78.2,9149.0,3174.0,180.0,215.0,83.7,246.0,290.0,84.8,51.0,84.0,60.7,0,1.5,2.7,11.0,60.0,23.0,5.0,85.0,13:00:00,/en/matches/ae83643a/Troyes-Monaco-March-5-2023-Ligue-1
FRA-Ligue 1,2223,Monaco,2023-03-12 Monaco-Reims,2023-03-12,Matchweek 27,Sun,Home,L,0,1,Reims,399.0,517.0,77.2,7097.0,2928.0,170.0,203.0,83.7,167.0,209.0,79.9,45.0,77.0,58.4,0,0.6,0.8,10.0,36.0,9.0,3.0,63.0,17:05:00,/en/matches/65c9aaa1/Monaco-Reims-March-12-2023-Ligue-1
FRA-Ligue 1,2223,Monaco,2023-03-19 Ajaccio-Monaco,2023-03-19,Matchweek 28,Sun,Away,W,2,0,Ajaccio,386.0,521.0,74.1,7728.0,2777.0,125.0,160.0,78.1,201.0,238.0,84.5,53.0,102.0,52.0,1,0.9,1.3,5.0,33.0,8.0,0.0,49.0,13:00:00,/en/matches/9a21157d/Ajaccio-Monaco-March-19-2023-Ligue-1
FRA-Ligue 1,2223,Monaco,2023-04-02 Monaco-Strasbourg,2023-04-02,Matchweek 29,Sun,Home,W,4,3,Strasbourg,363.0,489.0,74.2,6892.0,2762.0,142.0,175.0,81.1,160.0,199.0,80.4,47.0,86.0,54.7,2,0.8,0.6,6.0,31.0,6.0,0.0,41.0,17:05:00,/en/matches/87a8aadf/Monaco-Strasbourg-April-2-2023-Ligue-1
FRA-Ligue 1,2223,Monaco,2023-04-09 Nantes-Monaco,2023-04-09,Matchweek 30,Sun,Away,D,2,2,Nantes,336.0,458.0,73.4,5913.0,2432.0,152.0,182.0,83.5,122.0,161.0,75.8,45.0,85.0,52.9,2,1.1,0.9,13.0,22.0,8.0,1.0,40.0,17:05:00,/en/matches/ac1324cc/Nantes-Monaco-April-9-2023-Ligue-1
FRA-Ligue 1,2223,Monaco,2023-04-16 Monaco-Lorient,2023-04-16,Matchweek 31,Sun,Home,W,3,1,Lorient,406.0,524.0,77.5,7117.0,2856.0,175.0,209.0,83.7,178.0,214.0,83.2,37.0,66.0,56.1,2,1.8,1.4,9.0,41.0,13.0,0.0,60.0,17:05:00,/en/matches/fbddfac1/Monaco-Lorient-April-16-2023-Ligue-1
FRA-Ligue 1,2223,Monaco,2023-04-22 Lens-Monaco,2023-04-22,Matchweek 32,Sat,Away,L,0,3,Lens,286.0,387.0,73.9,5197.0,2184.0,126.0,154.0,81.8,124.0,159.0,78.0,30.0,53.0,56.6,0,1.6,1.4,9.0,25.0,11.0,1.0,38.0,21:00:00,/en/matches/0095e758/Lens-Monaco-April-22-2023-Ligue-1
FRA-Ligue 1,2223,Monaco,2023-04-30 Monaco-Montpellier,2023-04-30,Matchweek 33,Sun,Home,L,0,4,Montpellier,392.0,488.0,80.3,7093.0,2626.0,141.0,171.0,82.5,202.0,228.0,88.6,36.0,64.0,56.3,0,0.5,0.7,5.0,33.0,8.0,0.0,59.0,13:00:00,/en/matches/ae23a815/Monaco-Montpellier-April-30-2023-Ligue-1
FRA-Ligue 1,2223,Monaco,2023-05-07 Angers-Monaco,2023-05-07,Matchweek 34,Sun,Away,W,2,1,Angers,308.0,394.0,78.2,5375.0,2222.0,138.0,160.0,86.3,118.0,140.0,84.3,36.0,67.0,53.7,2,1.9,0.6,11.0,24.0,9.0,1.0,43.0,13:00:00,/en/matches/353a0635/Angers-Monaco-May-7-2023-Ligue-1
FRA-Ligue 1,2223,Monaco,2023-05-14 Monaco-Lille,2023-05-14,Matchweek 35,Sun,Home,D,0,0,Lille,279.0,403.0,69.2,5225.0,2109.0,123.0,151.0,81.5,99.0,121.0,81.8,48.0,103.0,46.6,0,0.6,0.6,5.0,31.0,7.0,0.0,36.0,17:05:00,/en/matches/1609eed7/Monaco-Lille-May-14-2023-Ligue-1
FRA-Ligue 1,2223,Monaco,2023-05-19 Lyon-Monaco,2023-05-19,Matchweek 36,Fri,Away,L,1,3,Lyon,305.0,405.0,75.3,5730.0,2364.0,127.0,155.0,81.9,128.0,153.0,83.7,41.0,77.0,53.2,0,0.9,1.2,12.0,24.0,11.0,2.0,38.0,21:00:00,/en/matches/364d3262/Lyon-Monaco-May-19-2023-Ligue-1
FRA-Ligue 1,2223,Monaco,2023-05-27 Rennes-Monaco,2023-05-27,Matchweek 37,Sat,Away,L,0,2,Rennes,305.0,406.0,75.1,5405.0,2144.0,147.0,171.0,86.0,110.0,133.0,82.7,38.0,73.0,52.1,0,0.4,0.8,9.0,28.0,11.0,4.0,39.0,21:00:00,/en/matches/25f4ccfb/Rennes-Monaco-May-27-2023-Ligue-1
FRA-Ligue 1,2223,Monaco,2023-06-03 Monaco-Toulouse,2023-06-03,Matchweek 38,Sat,Home,L,1,2,Toulouse,519.0,621.0,83.6,9143.0,3295.0,210.0,240.0,87.5,241.0,265.0,90.9,47.0,79.0,59.5,0,1.4,1.7,17.0,70.0,13.0,2.0,77.0,21:00:00,/en/matches/206cb494/Monaco-Toulouse-June-3-2023-Ligue-1
FRA-Ligue 1,2223,Montpellier,2022-08-07 Montpellier-Troyes,2022-08-07,Matchweek 1,Sun,Home,W,3,2,Troyes,366.0,446.0,82.1,6969.0,2443.0,131.0,154.0,85.1,183.0,207.0,88.4,44.0,65.0,67.7,2,1.6,1.0,13.0,32.0,8.0,1.0,45.0,15:00:00,/en/matches/e3e9b9b5/Montpellier-Troyes-August-7-2022-Ligue-1
FRA-Ligue 1,2223,Montpellier,2022-08-13 Paris S-G-Montpellier,2022-08-13,Matchweek 2,Sat,Away,L,2,5,Paris S-G,387.0,445.0,87.0,6410.0,2302.0,178.0,196.0,90.8,142.0,157.0,90.4,42.0,58.0,72.4,1,0.3,0.2,4.0,18.0,2.0,1.0,28.0,21:00:00,/en/matches/63a572a1/Paris-Saint-Germain-Montpellier-August-13-2022-Ligue-1
FRA-Ligue 1,2223,Montpellier,2022-08-21 Montpellier-Auxerre,2022-08-21,Matchweek 3,Sun,Home,L,1,2,Auxerre,524.0,614.0,85.3,9233.0,2761.0,219.0,241.0,90.9,243.0,265.0,91.7,44.0,77.0,57.1,1,1.0,1.3,12.0,45.0,14.0,5.0,53.0,15:00:00,/en/matches/05d493df/Montpellier-Auxerre-August-21-2022-Ligue-1
FRA-Ligue 1,2223,Montpellier,2022-08-28 Brest-Montpellier,2022-08-28,Matchweek 4,Sun,Away,W,7,0,Brest,310.0,397.0,78.1,5630.0,2252.0,136.0,161.0,84.5,130.0,146.0,89.0,35.0,69.0,50.7,6,2.0,1.5,13.0,18.0,8.0,3.0,23.0,15:00:00,/en/matches/1c7d2241/Brest-Montpellier-August-28-2022-Ligue-1
FRA-Ligue 1,2223,Montpellier,2022-08-31 Montpellier-Ajaccio,2022-08-31,Matchweek 5,Wed,Home,W,2,0,Ajaccio,239.0,338.0,70.7,4899.0,1966.0,90.0,109.0,82.6,111.0,141.0,78.7,34.0,74.0,45.9,2,1.7,1.0,8.0,14.0,5.0,1.0,21.0,19:00:00,/en/matches/f80ee3a3/Montpellier-Ajaccio-August-31-2022-Ligue-1
FRA-Ligue 1,2223,Montpellier,2022-09-04 Montpellier-Lille,2022-09-04,Matchweek 6,Sun,Home,L,1,3,Lille,154.0,248.0,62.1,2876.0,1379.0,67.0,88.0,76.1,60.0,89.0,67.4,19.0,58.0,32.8,1,0.1,0.2,1.0,12.0,1.0,1.0,14.0,13:00:00,/en/matches/d61a03a9/Montpellier-Lille-September-4-2022-Ligue-1
FRA-Ligue 1,2223,Montpellier,2022-09-11 Angers-Montpellier,2022-09-11,Matchweek 7,Sun,Away,L,1,2,Angers,409.0,512.0,79.9,7226.0,2674.0,180.0,207.0,87.0,175.0,200.0,87.5,41.0,72.0,56.9,1,0.7,0.5,6.0,33.0,6.0,1.0,40.0,15:00:00,/en/matches/37884357/Angers-Montpellier-September-11-2022-Ligue-1
FRA-Ligue 1,2223,Montpellier,2022-09-17 Montpellier-Strasbourg,2022-09-17,Matchweek 8,Sat,Home,W,2,1,Strasbourg,295.0,409.0,72.1,5748.0,2742.0,120.0,150.0,80.0,112.0,136.0,82.4,48.0,97.0,49.5,1,0.7,0.8,6.0,33.0,4.0,2.0,39.0,17:00:00,/en/matches/ea79c10f/Montpellier-Strasbourg-September-17-2022-Ligue-1
FRA-Ligue 1,2223,Montpellier,2022-10-02 Toulouse-Montpellier,2022-10-02,Matchweek 9,Sun,Away,L,2,4,Toulouse,393.0,499.0,78.8,6912.0,3000.0,163.0,187.0,87.2,155.0,180.0,86.1,46.0,83.0,55.4,1,0.8,1.1,14.0,42.0,15.0,3.0,53.0,15:00:00,/en/matches/b53830d8/Toulouse-Montpellier-October-2-2022-Ligue-1
FRA-Ligue 1,2223,Montpellier,2022-10-09 Montpellier-Monaco,2022-10-09,Matchweek 10,Sun,Home,L,0,2,Monaco,353.0,460.0,76.7,6066.0,2583.0,168.0,194.0,86.6,135.0,163.0,82.8,34.0,75.0,45.3,0,0.5,0.8,6.0,29.0,6.0,1.0,46.0,13:00:00,/en/matches/1edc7eb2/Montpellier-Monaco-October-9-2022-Ligue-1
FRA-Ligue 1,2223,Montpellier,2022-10-15 Lens-Montpellier,2022-10-15,Matchweek 11,Sat,Away,L,0,1,Lens,248.0,370.0,67.0,4249.0,1761.0,112.0,141.0,79.4,102.0,128.0,79.7,22.0,74.0,29.7,0,0.3,0.2,5.0,16.0,1.0,0.0,16.0,21:00:00,/en/matches/7e2d7c1e/Lens-Montpellier-October-15-2022-Ligue-1
FRA-Ligue 1,2223,Montpellier,2022-10-22 Montpellier-Lyon,2022-10-22,Matchweek 12,Sat,Home,L,1,2,Lyon,263.0,356.0,73.9,4480.0,1767.0,124.0,149.0,83.2,104.0,127.0,81.9,25.0,54.0,46.3,1,1.0,0.4,8.0,13.0,5.0,2.0,26.0,17:00:00,/en/matches/cc602d55/Montpellier-Lyon-October-22-2022-Ligue-1
FRA-Ligue 1,2223,Montpellier,2022-10-30 Rennes-Montpellier,2022-10-30,Matchweek 13,Sun,Away,L,0,3,Rennes,354.0,456.0,77.6,6059.0,2309.0,167.0,194.0,86.1,134.0,158.0,84.8,36.0,71.0,50.7,0,0.8,0.8,5.0,25.0,8.0,3.0,35.0,15:00:00,/en/matches/5a0894db/Rennes-Montpellier-October-30-2022-Ligue-1
FRA-Ligue 1,2223,Montpellier,2022-11-06 Clermont Foot-Montpellier,2022-11-06,Matchweek 14,Sun,Away,D,1,1,Clermont Foot,279.0,392.0,71.2,4855.0,2225.0,143.0,174.0,82.2,100.0,128.0,78.1,30.0,76.0,39.5,0,0.2,0.3,4.0,24.0,7.0,1.0,32.0,15:00:00,/en/matches/ce3a7987/Clermont-Foot-Montpellier-November-6-2022-Ligue-1
FRA-Ligue 1,2223,Montpellier,2022-11-13 Montpellier-Reims,2022-11-13,Matchweek 15,Sun,Home,D,1,1,Reims,280.0,422.0,66.4,5143.0,2261.0,132.0,166.0,79.5,98.0,140.0,70.0,38.0,87.0,43.7,0,1.4,0.9,11.0,25.0,9.0,4.0,37.0,15:00:00,/en/matches/7927c5f9/Montpellier-Reims-November-13-2022-Ligue-1
FRA-Ligue 1,2223,Montpellier,2022-12-29 Lorient-Montpellier,2022-12-29,Matchweek 16,Thu,Away,W,2,0,Lorient,416.0,541.0,76.9,6859.0,2488.0,195.0,230.0,84.8,162.0,184.0,88.0,35.0,87.0,40.2,0,1.2,1.0,9.0,25.0,5.0,2.0,35.0,17:00:00,/en/matches/3f005cc1/Lorient-Montpellier-December-29-2022-Ligue-1
FRA-Ligue 1,2223,Montpellier,2023-01-02 Montpellier-Marseille,2023-01-02,Matchweek 17,Mon,Home,L,1,2,Marseille,269.0,365.0,73.7,4627.0,1852.0,124.0,140.0,88.6,97.0,130.0,74.6,36.0,69.0,52.2,0,0.5,0.8,5.0,22.0,7.0,1.0,30.0,19:00:00,/en/matches/1083eac4/Montpellier-Marseille-January-2-2023-Ligue-1
FRA-Ligue 1,2223,Montpellier,2023-01-11 Nice-Montpellier,2023-01-11,Matchweek 18,Wed,Away,L,1,6,Nice,299.0,381.0,78.5,5222.0,2093.0,135.0,160.0,84.4,96.0,113.0,85.0,43.0,63.0,68.3,0,0.1,0.5,2.0,16.0,3.0,0.0,24.0,21:00:00,/en/matches/45abc300/Nice-Montpellier-January-11-2023-Ligue-1
FRA-Ligue 1,2223,Montpellier,2023-01-15 Montpellier-Nantes,2023-01-15,Matchweek 19,Sun,Home,L,0,3,Nantes,315.0,422.0,74.6,5372.0,2220.0,148.0,185.0,80.0,118.0,145.0,81.4,32.0,66.0,48.5,0,0.7,1.1,9.0,19.0,10.0,2.0,35.0,15:00:00,/en/matches/5bf93a40/Montpellier-Nantes-January-15-2023-Ligue-1
FRA-Ligue 1,2223,Montpellier,2023-01-29 Auxerre-Montpellier,2023-01-29,Matchweek 20,Sun,Away,W,2,0,Auxerre,265.0,381.0,69.6,4634.0,2097.0,135.0,167.0,80.8,81.0,109.0,74.3,36.0,79.0,45.6,2,0.6,0.3,3.0,26.0,1.0,0.0,24.0,15:00:00,/en/matches/73d5a2c8/Auxerre-Montpellier-January-29-2023-Ligue-1
FRA-Ligue 1,2223,Montpellier,2023-02-01 Montpellier-Paris S-G,2023-02-01,Matchweek 21,Wed,Home,L,1,3,Paris S-G,279.0,381.0,73.2,4879.0,1819.0,119.0,154.0,77.3,106.0,128.0,82.8,34.0,61.0,55.7,1,0.2,0.2,3.0,20.0,3.0,0.0,24.0,21:00:00,/en/matches/8fea202b/Montpellier-Paris-Saint-Germain-February-1-2023-Ligue-1
FRA-Ligue 1,2223,Montpellier,2023-02-05 Strasbourg-Montpellier,2023-02-05,Matchweek 22,Sun,Away,L,0,2,Strasbourg,508.0,630.0,80.6,9776.0,2926.0,204.0,244.0,83.6,227.0,252.0,90.1,66.0,102.0,64.7,0,0.6,0.8,10.0,37.0,8.0,5.0,44.0,15:00:00,/en/matches/1b074cd2/Strasbourg-Montpellier-February-5-2023-Ligue-1
FRA-Ligue 1,2223,Montpellier,2023-02-12 Montpellier-Brest,2023-02-12,Matchweek 23,Sun,Home,W,3,0,Brest,284.0,392.0,72.4,4881.0,1964.0,137.0,182.0,75.3,100.0,121.0,82.6,33.0,60.0,55.0,0,1.0,0.6,10.0,17.0,2.0,0.0,24.0,15:00:00,/en/matches/90388019/Montpellier-Brest-February-12-2023-Ligue-1
FRA-Ligue 1,2223,Montpellier,2023-02-19 Troyes-Montpellier,2023-02-19,Matchweek 24,Sun,Away,W,1,0,Troyes,369.0,465.0,79.4,6749.0,2391.0,158.0,182.0,86.8,160.0,189.0,84.7,40.0,71.0,56.3,0,0.7,1.0,14.0,26.0,12.0,6.0,43.0,15:00:00,/en/matches/27b0ea20/Troyes-Montpellier-February-19-2023-Ligue-1
FRA-Ligue 1,2223,Montpellier,2023-02-25 Montpellier-Lens,2023-02-25,Matchweek 25,Sat,Home,D,1,1,Lens,290.0,373.0,77.7,5017.0,2045.0,127.0,145.0,87.6,112.0,129.0,86.8,34.0,64.0,53.1,1,0.5,0.8,7.0,12.0,5.0,1.0,30.0,21:00:00,/en/matches/c423b431/Montpellier-Lens-February-25-2023-Ligue-1
FRA-Ligue 1,2223,Montpellier,2023-03-05 Montpellier-Angers,2023-03-05,Matchweek 26,Sun,Home,W,5,0,Angers,481.0,569.0,84.5,8522.0,2947.0,223.0,249.0,89.6,178.0,204.0,87.3,59.0,86.0,68.6,4,1.3,1.4,8.0,31.0,5.0,3.0,42.0,15:00:00,/en/matches/05267653/Montpellier-Angers-March-5-2023-Ligue-1
FRA-Ligue 1,2223,Montpellier,2023-03-12 Ajaccio-Montpellier,2023-03-12,Matchweek 27,Sun,Away,W,1,0,Ajaccio,370.0,509.0,72.7,6701.0,2333.0,160.0,194.0,82.5,149.0,184.0,81.0,46.0,103.0,44.7,1,1.0,0.3,10.0,20.0,3.0,0.0,29.0,15:00:00,/en/matches/4d877fad/Ajaccio-Montpellier-March-12-2023-Ligue-1
FRA-Ligue 1,2223,Montpellier,2023-03-19 Montpellier-Clermont Foot,2023-03-19,Matchweek 28,Sun,Home,W,2,1,Clermont Foot,384.0,502.0,76.5,7195.0,2589.0,155.0,191.0,81.2,166.0,194.0,85.6,49.0,91.0,53.8,2,2.1,0.8,15.0,30.0,9.0,2.0,48.0,15:00:00,/en/matches/fa420272/Montpellier-Clermont-Foot-March-19-2023-Ligue-1
FRA-Ligue 1,2223,Montpellier,2023-03-31 Marseille-Montpellier,2023-03-31,Matchweek 29,Fri,Away,D,1,1,Marseille,210.0,313.0,67.1,3704.0,1796.0,94.0,119.0,79.0,82.0,106.0,77.4,20.0,64.0,31.3,1,0.8,0.2,8.0,19.0,1.0,0.0,20.0,21:00:00,/en/matches/0dd080e8/Marseille-Montpellier-March-31-2023-Ligue-1
FRA-Ligue 1,2223,Montpellier,2023-04-09 Montpellier-Toulouse,2023-04-09,Matchweek 30,Sun,Home,L,1,2,Toulouse,362.0,464.0,78.0,6845.0,2672.0,146.0,176.0,83.0,159.0,184.0,86.4,50.0,89.0,56.2,0,1.4,1.4,9.0,32.0,7.0,0.0,54.0,15:00:00,/en/matches/444918ba/Montpellier-Toulouse-April-9-2023-Ligue-1
FRA-Ligue 1,2223,Montpellier,2023-04-16 Lille-Montpellier,2023-04-16,Matchweek 31,Sun,Away,L,1,2,Lille,206.0,288.0,71.5,4415.0,1613.0,59.0,78.0,75.6,89.0,110.0,80.9,46.0,80.0,57.5,1,0.3,0.6,2.0,16.0,1.0,0.0,19.0,13:00:00,/en/matches/bb2cf3ad/Lille-Montpellier-April-16-2023-Ligue-1
FRA-Ligue 1,2223,Montpellier,2023-04-23 Montpellier-Rennes,2023-04-23,Matchweek 32,Sun,Home,W,1,0,Rennes,208.0,290.0,71.7,3761.0,1727.0,103.0,121.0,85.1,67.0,88.0,76.1,30.0,67.0,44.8,1,0.7,1.0,8.0,18.0,4.0,1.0,25.0,17:05:00,/en/matches/f605cc42/Montpellier-Rennes-April-23-2023-Ligue-1
FRA-Ligue 1,2223,Montpellier,2023-04-30 Monaco-Montpellier,2023-04-30,Matchweek 33,Sun,Away,W,4,0,Monaco,306.0,402.0,76.1,5746.0,2440.0,121.0,150.0,80.7,132.0,150.0,88.0,41.0,73.0,56.2,3,1.6,1.3,15.0,16.0,5.0,0.0,30.0,13:00:00,/en/matches/ae23a815/Monaco-Montpellier-April-30-2023-Ligue-1
FRA-Ligue 1,2223,Montpellier,2023-05-07 Lyon-Montpellier,2023-05-07,Matchweek 34,Sun,Away,L,4,5,Lyon,213.0,288.0,74.0,3788.0,1749.0,92.0,107.0,86.0,85.0,106.0,80.2,28.0,58.0,48.3,2,0.9,0.7,8.0,19.0,4.0,1.0,24.0,17:05:00,/en/matches/f3f1adae/Lyon-Montpellier-May-7-2023-Ligue-1
FRA-Ligue 1,2223,Montpellier,2023-05-14 Montpellier-Lorient,2023-05-14,Matchweek 35,Sun,Home,D,1,1,Lorient,332.0,426.0,77.9,6022.0,2128.0,141.0,169.0,83.4,132.0,155.0,85.2,45.0,80.0,56.3,1,1.1,1.0,13.0,25.0,4.0,2.0,36.0,15:00:00,/en/matches/1df43c24/Montpellier-Lorient-May-14-2023-Ligue-1
FRA-Ligue 1,2223,Montpellier,2023-05-20 Nantes-Montpellier,2023-05-20,Matchweek 36,Sat,Away,W,3,0,Nantes,456.0,546.0,83.5,8555.0,3118.0,170.0,195.0,87.2,207.0,227.0,91.2,62.0,93.0,66.7,3,1.5,0.6,9.0,23.0,7.0,1.0,38.0,17:00:00,/en/matches/1ed26dbe/Nantes-Montpellier-May-20-2023-Ligue-1
FRA-Ligue 1,2223,Montpellier,2023-05-27 Montpellier-Nice,2023-05-27,Matchweek 37,Sat,Home,L,2,3,Nice,358.0,438.0,81.7,6907.0,2542.0,142.0,166.0,85.5,148.0,161.0,91.9,53.0,82.0,64.6,0,1.0,0.5,8.0,24.0,2.0,1.0,24.0,21:00:00,/en/matches/7d2f2a67/Montpellier-Nice-May-27-2023-Ligue-1
FRA-Ligue 1,2223,Montpellier,2023-06-03 Reims-Montpellier,2023-06-03,Matchweek 38,Sat,Away,W,3,1,Reims,386.0,491.0,78.6,6976.0,2819.0,173.0,201.0,86.1,141.0,170.0,82.9,55.0,88.0,62.5,1,1.4,1.2,9.0,34.0,8.0,3.0,40.0,21:00:00,/en/matches/3dc2cde4/Reims-Montpellier-June-3-2023-Ligue-1
FRA-Ligue 1,2223,Nantes,2022-08-07 Angers-Nantes,2022-08-07,Matchweek 1,Sun,Away,D,0,0,Angers,312.0,429.0,72.7,6246.0,2651.0,116.0,143.0,81.1,131.0,166.0,78.9,53.0,97.0,54.6,0,1.3,0.6,11.0,42.0,6.0,3.0,45.0,15:00:00,/en/matches/136d5cbe/Angers-Nantes-August-7-2022-Ligue-1
FRA-Ligue 1,2223,Nantes,2022-08-12 Nantes-Lille,2022-08-12,Matchweek 2,Fri,Home,D,1,1,Lille,196.0,307.0,63.8,3796.0,1544.0,89.0,114.0,78.1,65.0,98.0,66.3,35.0,79.0,44.3,1,1.0,0.4,8.0,17.0,4.0,1.0,17.0,21:00:00,/en/matches/00173ae0/Nantes-Lille-August-12-2022-Ligue-1
FRA-Ligue 1,2223,Nantes,2022-08-20 Marseille-Nantes,2022-08-20,Matchweek 3,Sat,Away,L,1,2,Marseille,309.0,411.0,75.2,6091.0,2069.0,117.0,138.0,84.8,136.0,170.0,80.0,48.0,88.0,54.5,0,1.4,1.1,10.0,31.0,6.0,2.0,42.0,21:00:00,/en/matches/44e18f81/Marseille-Nantes-August-20-2022-Ligue-1
FRA-Ligue 1,2223,Nantes,2022-08-28 Nantes-Toulouse,2022-08-28,Matchweek 4,Sun,Home,W,3,1,Toulouse,364.0,461.0,79.0,6807.0,2549.0,159.0,178.0,89.3,149.0,176.0,84.7,46.0,87.0,52.9,3,1.3,1.0,13.0,39.0,11.0,6.0,39.0,13:00:00,/en/matches/211a8d64/Nantes-Toulouse-August-28-2022-Ligue-1
FRA-Ligue 1,2223,Nantes,2022-08-31 Strasbourg-Nantes,2022-08-31,Matchweek 5,Wed,Away,D,1,1,Strasbourg,459.0,567.0,81.0,9059.0,3029.0,165.0,191.0,86.4,220.0,251.0,87.6,62.0,101.0,61.4,1,1.1,0.5,11.0,40.0,5.0,3.0,47.0,19:00:00,/en/matches/6a2fc46c/Strasbourg-Nantes-August-31-2022-Ligue-1
FRA-Ligue 1,2223,Nantes,2022-09-03 Nantes-Paris S-G,2022-09-03,Matchweek 6,Sat,Home,L,0,3,Paris S-G,411.0,486.0,84.6,6761.0,2130.0,189.0,207.0,91.3,175.0,193.0,90.7,31.0,67.0,46.3,0,0.4,0.3,9.0,34.0,6.0,2.0,26.0,21:00:00,/en/matches/368a55f1/Nantes-Paris-Saint-Germain-September-3-2022-Ligue-1
FRA-Ligue 1,2223,Nantes,2022-09-11 Lorient-Nantes,2022-09-11,Matchweek 7,Sun,Away,L,2,3,Lorient,420.0,519.0,80.9,8081.0,2697.0,147.0,167.0,88.0,210.0,237.0,88.6,53.0,91.0,58.2,2,0.5,1.1,7.0,48.0,7.0,4.0,48.0,15:00:00,/en/matches/782c4dff/Lorient-Nantes-September-11-2022-Ligue-1
FRA-Ligue 1,2223,Nantes,2022-09-18 Nantes-Lens,2022-09-18,Matchweek 8,Sun,Home,D,0,0,Lens,378.0,461.0,82.0,7167.0,2418.0,122.0,139.0,87.8,183.0,203.0,90.1,55.0,90.0,61.1,0,0.8,0.5,10.0,25.0,7.0,2.0,47.0,17:05:00,/en/matches/7f6d507f/Nantes-Lens-September-18-2022-Ligue-1
FRA-Ligue 1,2223,Nantes,2022-10-02 Monaco-Nantes,2022-10-02,Matchweek 9,Sun,Away,L,1,4,Monaco,468.0,553.0,84.6,8206.0,3015.0,199.0,216.0,92.1,216.0,247.0,87.4,36.0,62.0,58.1,0,0.4,0.6,6.0,41.0,4.0,0.0,52.0,17:05:00,/en/matches/3f3b16cf/Monaco-Nantes-October-2-2022-Ligue-1
FRA-Ligue 1,2223,Nantes,2022-10-09 Rennes-Nantes,2022-10-09,Matchweek 10,Sun,Away,L,0,3,Rennes,264.0,384.0,68.8,4925.0,2244.0,118.0,146.0,80.8,95.0,132.0,72.0,41.0,77.0,53.2,0,0.3,0.3,7.0,23.0,6.0,3.0,26.0,17:05:00,/en/matches/c2be4bef/Rennes-Nantes-October-9-2022-Ligue-1
FRA-Ligue 1,2223,Nantes,2022-10-16 Nantes-Brest,2022-10-16,Matchweek 11,Sun,Home,W,4,1,Brest,380.0,472.0,80.5,7401.0,2696.0,148.0,178.0,83.1,171.0,191.0,89.5,54.0,83.0,65.1,1,0.8,1.1,7.0,39.0,11.0,1.0,49.0,15:00:00,/en/matches/d8787f23/Nantes-Brest-October-16-2022-Ligue-1
FRA-Ligue 1,2223,Nantes,2022-10-23 Nice-Nantes,2022-10-23,Matchweek 12,Sun,Away,D,1,1,Nice,255.0,339.0,75.2,5485.0,2323.0,91.0,106.0,85.8,104.0,138.0,75.4,53.0,82.0,64.6,1,1.0,0.6,10.0,26.0,6.0,5.0,35.0,17:05:00,/en/matches/034ab90e/Nice-Nantes-October-23-2022-Ligue-1
FRA-Ligue 1,2223,Nantes,2022-10-30 Nantes-Clermont Foot,2022-10-30,Matchweek 13,Sun,Home,D,1,1,Clermont Foot,463.0,583.0,79.4,8904.0,2896.0,167.0,201.0,83.1,230.0,268.0,85.8,54.0,86.0,62.8,1,1.6,1.7,10.0,55.0,7.0,6.0,60.0,15:00:00,/en/matches/d73b5aa4/Nantes-Clermont-Foot-October-30-2022-Ligue-1
FRA-Ligue 1,2223,Nantes,2022-11-06 Reims-Nantes,2022-11-06,Matchweek 14,Sun,Away,L,0,1,Reims,289.0,411.0,70.3,5516.0,2428.0,133.0,162.0,82.1,116.0,156.0,74.4,35.0,76.0,46.1,0,0.4,0.3,8.0,22.0,5.0,1.0,32.0,15:00:00,/en/matches/b3aecb40/Reims-Nantes-November-6-2022-Ligue-1
FRA-Ligue 1,2223,Nantes,2022-11-13 Nantes-Ajaccio,2022-11-13,Matchweek 15,Sun,Home,D,2,2,Ajaccio,324.0,429.0,75.5,6209.0,2342.0,121.0,141.0,85.8,148.0,174.0,85.1,42.0,83.0,50.6,2,0.7,0.8,10.0,27.0,5.0,4.0,34.0,15:00:00,/en/matches/e2a7c160/Nantes-Ajaccio-November-13-2022-Ligue-1
FRA-Ligue 1,2223,Nantes,2022-12-28 Troyes-Nantes,2022-12-28,Matchweek 16,Wed,Away,D,0,0,Troyes,402.0,495.0,81.2,7219.0,2507.0,180.0,201.0,89.6,145.0,183.0,79.2,53.0,76.0,69.7,0,1.2,0.8,15.0,39.0,11.0,8.0,56.0,15:00:00,/en/matches/8501cd5a/Troyes-Nantes-December-28-2022-Ligue-1
FRA-Ligue 1,2223,Nantes,2023-01-01 Nantes-Auxerre,2023-01-01,Matchweek 17,Sun,Home,W,1,0,Auxerre,344.0,453.0,75.9,6767.0,2358.0,137.0,172.0,79.7,153.0,175.0,87.4,48.0,85.0,56.5,1,0.8,0.6,5.0,23.0,9.0,0.0,31.0,15:00:00,/en/matches/eb1f454d/Nantes-Auxerre-January-1-2023-Ligue-1
FRA-Ligue 1,2223,Nantes,2023-01-11 Nantes-Lyon,2023-01-11,Matchweek 18,Wed,Home,D,0,0,Lyon,301.0,415.0,72.5,5938.0,2210.0,120.0,148.0,81.1,131.0,161.0,81.4,43.0,86.0,50.0,0,1.0,0.5,9.0,24.0,3.0,1.0,31.0,19:00:00,/en/matches/b34687b5/Nantes-Lyon-January-11-2023-Ligue-1
FRA-Ligue 1,2223,Nantes,2023-01-15 Montpellier-Nantes,2023-01-15,Matchweek 19,Sun,Away,W,3,0,Montpellier,361.0,474.0,76.2,6626.0,2529.0,140.0,172.0,81.4,152.0,193.0,78.8,48.0,76.0,63.2,2,0.4,0.5,8.0,31.0,5.0,2.0,44.0,15:00:00,/en/matches/5bf93a40/Montpellier-Nantes-January-15-2023-Ligue-1
FRA-Ligue 1,2223,Nantes,2023-01-29 Clermont Foot-Nantes,2023-01-29,Matchweek 20,Sun,Away,D,0,0,Clermont Foot,334.0,419.0,79.7,6105.0,2191.0,133.0,150.0,88.7,150.0,182.0,82.4,37.0,58.0,63.8,0,0.0,0.4,2.0,26.0,4.0,2.0,29.0,15:00:00,/en/matches/524e5116/Clermont-Foot-Nantes-January-29-2023-Ligue-1
FRA-Ligue 1,2223,Nantes,2023-02-01 Nantes-Marseille,2023-02-01,Matchweek 21,Wed,Home,L,0,2,Marseille,275.0,372.0,73.9,5474.0,2567.0,110.0,137.0,80.3,113.0,143.0,79.0,47.0,78.0,60.3,0,1.1,1.1,8.0,28.0,3.0,3.0,34.0,19:00:00,/en/matches/4bca4e32/Nantes-Marseille-February-1-2023-Ligue-1
FRA-Ligue 1,2223,Nantes,2023-02-05 Ajaccio-Nantes,2023-02-05,Matchweek 22,Sun,Away,W,2,0,Ajaccio,391.0,517.0,75.6,7233.0,2637.0,157.0,195.0,80.5,154.0,184.0,83.7,61.0,103.0,59.2,1,0.6,0.6,5.0,32.0,5.0,2.0,44.0,15:00:00,/en/matches/1d0998d1/Ajaccio-Nantes-February-5-2023-Ligue-1
FRA-Ligue 1,2223,Nantes,2023-02-12 Nantes-Lorient,2023-02-12,Matchweek 23,Sun,Home,W,1,0,Lorient,425.0,523.0,81.3,7430.0,2823.0,187.0,221.0,84.6,168.0,186.0,90.3,44.0,77.0,57.1,0,0.7,0.7,8.0,41.0,11.0,2.0,59.0,17:05:00,/en/matches/f9f4ca12/Nantes-Lorient-February-12-2023-Ligue-1
FRA-Ligue 1,2223,Nantes,2023-02-19 Lens-Nantes,2023-02-19,Matchweek 24,Sun,Away,L,1,3,Lens,361.0,462.0,78.1,7166.0,2645.0,137.0,154.0,89.0,169.0,205.0,82.4,52.0,92.0,56.5,1,0.3,0.3,6.0,30.0,5.0,2.0,35.0,17:05:00,/en/matches/09d42df5/Lens-Nantes-February-19-2023-Ligue-1
FRA-Ligue 1,2223,Nantes,2023-02-26 Nantes-Rennes,2023-02-26,Matchweek 25,Sun,Home,L,0,1,Rennes,417.0,553.0,75.4,7609.0,2439.0,174.0,218.0,79.8,173.0,211.0,82.0,54.0,89.0,60.7,0,2.1,1.7,14.0,43.0,7.0,4.0,56.0,15:00:00,/en/matches/faf5f698/Nantes-Rennes-February-26-2023-Ligue-1
FRA-Ligue 1,2223,Nantes,2023-03-04 Paris S-G-Nantes,2023-03-04,Matchweek 26,Sat,Away,L,2,4,Paris S-G,326.0,392.0,83.2,5497.0,2053.0,145.0,162.0,89.5,131.0,152.0,86.2,32.0,49.0,65.3,2,0.3,0.3,7.0,17.0,2.0,2.0,27.0,21:00:00,/en/matches/322f46e4/Paris-Saint-Germain-Nantes-March-4-2023-Ligue-1
FRA-Ligue 1,2223,Nantes,2023-03-12 Nantes-Nice,2023-03-12,Matchweek 27,Sun,Home,D,2,2,Nice,441.0,511.0,86.3,8540.0,2748.0,172.0,187.0,92.0,205.0,224.0,91.5,59.0,87.0,67.8,2,0.8,0.5,8.0,44.0,3.0,1.0,40.0,15:00:00,/en/matches/6f639a55/Nantes-Nice-March-12-2023-Ligue-1
FRA-Ligue 1,2223,Nantes,2023-03-17 Lyon-Nantes,2023-03-17,Matchweek 28,Fri,Away,D,1,1,Lyon,278.0,361.0,77.0,5651.0,2186.0,91.0,110.0,82.7,133.0,150.0,88.7,45.0,85.0,52.9,0,1.6,0.5,10.0,28.0,5.0,2.0,31.0,21:00:00,/en/matches/e42d16ce/Lyon-Nantes-March-17-2023-Ligue-1
FRA-Ligue 1,2223,Nantes,2023-04-02 Nantes-Reims,2023-04-02,Matchweek 29,Sun,Home,L,0,3,Reims,350.0,456.0,76.8,6317.0,2364.0,140.0,166.0,84.3,150.0,175.0,85.7,44.0,92.0,47.8,0,0.9,1.7,10.0,27.0,9.0,2.0,47.0,15:00:00,/en/matches/766e9598/Nantes-Reims-April-2-2023-Ligue-1
FRA-Ligue 1,2223,Nantes,2023-04-09 Nantes-Monaco,2023-04-09,Matchweek 30,Sun,Home,D,2,2,Monaco,325.0,438.0,74.2,5690.0,2452.0,151.0,182.0,83.0,138.0,176.0,78.4,27.0,60.0,45.0,2,0.8,0.9,6.0,31.0,3.0,0.0,42.0,17:05:00,/en/matches/ac1324cc/Nantes-Monaco-April-9-2023-Ligue-1
FRA-Ligue 1,2223,Nantes,2023-04-16 Auxerre-Nantes,2023-04-16,Matchweek 31,Sun,Away,L,1,2,Auxerre,517.0,637.0,81.2,9127.0,3254.0,216.0,249.0,86.7,226.0,261.0,86.6,53.0,92.0,57.6,1,0.7,0.9,12.0,46.0,6.0,5.0,66.0,15:00:00,/en/matches/35b40c4d/Auxerre-Nantes-April-16-2023-Ligue-1
FRA-Ligue 1,2223,Nantes,2023-04-23 Nantes-Troyes,2023-04-23,Matchweek 32,Sun,Home,D,2,2,Troyes,418.0,532.0,78.6,8157.0,2882.0,151.0,188.0,80.3,205.0,236.0,86.9,53.0,87.0,60.9,2,1.5,2.9,13.0,45.0,17.0,6.0,77.0,15:00:00,/en/matches/1bc2b939/Nantes-Troyes-April-23-2023-Ligue-1
FRA-Ligue 1,2223,Nantes,2023-05-03 Brest-Nantes,2023-05-03,Matchweek 33,Wed,Away,L,0,2,Brest,385.0,503.0,76.5,6295.0,2554.0,178.0,217.0,82.0,155.0,185.0,83.8,30.0,62.0,48.4,0,0.7,1.1,11.0,35.0,17.0,8.0,54.0,21:00:00,/en/matches/1063973e/Brest-Nantes-May-3-2023-Ligue-1
FRA-Ligue 1,2223,Nantes,2023-05-07 Nantes-Strasbourg,2023-05-07,Matchweek 34,Sun,Home,L,0,2,Strasbourg,340.0,483.0,70.4,6542.0,2559.0,130.0,174.0,74.7,157.0,198.0,79.3,43.0,85.0,50.6,0,0.6,0.6,9.0,36.0,6.0,2.0,47.0,15:00:00,/en/matches/8411b267/Nantes-Strasbourg-May-7-2023-Ligue-1
FRA-Ligue 1,2223,Nantes,2023-05-14 Toulouse-Nantes,2023-05-14,Matchweek 35,Sun,Away,D,0,0,Toulouse,220.0,318.0,69.2,4143.0,1791.0,92.0,112.0,82.1,95.0,123.0,77.2,28.0,69.0,40.6,0,0.5,0.2,5.0,15.0,3.0,0.0,20.0,15:00:00,/en/matches/52ee44a2/Toulouse-Nantes-May-14-2023-Ligue-1
FRA-Ligue 1,2223,Nantes,2023-05-20 Nantes-Montpellier,2023-05-20,Matchweek 36,Sat,Home,L,0,3,Montpellier,336.0,424.0,79.2,5931.0,1964.0,146.0,166.0,88.0,150.0,175.0,85.7,33.0,68.0,48.5,0,0.7,0.9,9.0,31.0,10.0,3.0,47.0,17:00:00,/en/matches/1ed26dbe/Nantes-Montpellier-May-20-2023-Ligue-1
FRA-Ligue 1,2223,Nantes,2023-05-27 Lille-Nantes,2023-05-27,Matchweek 37,Sat,Away,L,1,2,Lille,231.0,327.0,70.6,4385.0,1700.0,90.0,109.0,82.6,101.0,123.0,82.1,32.0,78.0,41.0,0,0.7,0.4,5.0,21.0,3.0,2.0,25.0,21:00:00,/en/matches/1b4970df/Lille-Nantes-May-27-2023-Ligue-1
FRA-Ligue 1,2223,Nantes,2023-06-03 Nantes-Angers,2023-06-03,Matchweek 38,Sat,Home,W,1,0,Angers,213.0,292.0,72.9,4508.0,1905.0,76.0,91.0,83.5,85.0,105.0,81.0,46.0,79.0,58.2,1,1.0,0.4,8.0,15.0,5.0,1.0,24.0,21:00:00,/en/matches/54a0b007/Nantes-Angers-June-3-2023-Ligue-1
FRA-Ligue 1,2223,Nice,2022-08-07 Toulouse-Nice,2022-08-07,Matchweek 1,Sun,Away,D,1,1,Toulouse,489.0,591.0,82.7,8102.0,2907.0,215.0,245.0,87.8,231.0,257.0,89.9,26.0,56.0,46.4,1,1.0,1.3,9.0,38.0,10.0,3.0,46.0,13:00:00,/en/matches/8f2f241b/Toulouse-Nice-August-7-2022-Ligue-1
FRA-Ligue 1,2223,Nice,2022-08-14 Nice-Strasbourg,2022-08-14,Matchweek 2,Sun,Home,D,1,1,Strasbourg,476.0,587.0,81.1,8016.0,2693.0,237.0,267.0,88.8,177.0,207.0,85.5,46.0,80.0,57.5,0,0.7,0.6,9.0,30.0,7.0,2.0,28.0,17:05:00,/en/matches/d1bb8afd/Nice-Strasbourg-August-14-2022-Ligue-1
FRA-Ligue 1,2223,Nice,2022-08-21 Clermont Foot-Nice,2022-08-21,Matchweek 3,Sun,Away,L,0,1,Clermont Foot,522.0,599.0,87.1,8602.0,2704.0,248.0,269.0,92.2,219.0,235.0,93.2,34.0,59.0,57.6,0,0.7,0.8,7.0,51.0,12.0,4.0,53.0,15:00:00,/en/matches/197f9381/Clermont-Foot-Nice-August-21-2022-Ligue-1
FRA-Ligue 1,2223,Nice,2022-08-28 Nice-Marseille,2022-08-28,Matchweek 4,Sun,Home,L,0,3,Marseille,389.0,483.0,80.5,6634.0,2334.0,184.0,213.0,86.4,154.0,183.0,84.2,34.0,57.0,59.6,0,0.8,0.6,13.0,26.0,6.0,1.0,27.0,15:00:00,/en/matches/89258f8f/Nice-Marseille-August-28-2022-Ligue-1
FRA-Ligue 1,2223,Nice,2022-08-31 Lille-Nice,2022-08-31,Matchweek 5,Wed,Away,W,2,1,Lille,279.0,359.0,77.7,5266.0,2492.0,117.0,142.0,82.4,108.0,122.0,88.5,41.0,75.0,54.7,0,0.1,0.3,1.0,19.0,2.0,2.0,28.0,21:00:00,/en/matches/6f55425d/Lille-Nice-August-31-2022-Ligue-1
FRA-Ligue 1,2223,Nice,2022-09-04 Nice-Monaco,2022-09-04,Matchweek 6,Sun,Home,L,0,1,Monaco,454.0,561.0,80.9,7540.0,2217.0,213.0,234.0,91.0,187.0,217.0,86.2,37.0,73.0,50.7,0,0.6,0.8,11.0,17.0,11.0,3.0,29.0,20:45:00,/en/matches/cd865a2a/Nice-Monaco-September-4-2022-Ligue-1
FRA-Ligue 1,2223,Nice,2022-09-11 Ajaccio-Nice,2022-09-11,Matchweek 7,Sun,Away,W,1,0,Ajaccio,432.0,538.0,80.3,7424.0,2682.0,197.0,225.0,87.6,168.0,199.0,84.4,45.0,78.0,57.7,1,1.1,0.8,10.0,30.0,5.0,0.0,39.0,15:00:00,/en/matches/e7c831c2/Ajaccio-Nice-September-11-2022-Ligue-1
FRA-Ligue 1,2223,Nice,2022-09-18 Nice-Angers,2022-09-18,Matchweek 8,Sun,Home,L,0,1,Angers,377.0,458.0,82.3,7203.0,2726.0,142.0,163.0,87.1,169.0,189.0,89.4,51.0,78.0,65.4,0,1.0,1.2,11.0,28.0,6.0,1.0,34.0,15:00:00,/en/matches/58f908b1/Nice-Angers-September-18-2022-Ligue-1
FRA-Ligue 1,2223,Nice,2022-10-01 Paris S-G-Nice,2022-10-01,Matchweek 9,Sat,Away,L,1,2,Paris S-G,431.0,494.0,87.2,7328.0,2359.0,202.0,218.0,92.7,176.0,196.0,89.8,41.0,58.0,70.7,0,0.1,0.2,2.0,22.0,1.0,1.0,25.0,21:00:00,/en/matches/36ac65e1/Paris-Saint-Germain-Nice-October-1-2022-Ligue-1
FRA-Ligue 1,2223,Nice,2022-10-09 Nice-Troyes,2022-10-09,Matchweek 10,Sun,Home,W,3,2,Troyes,569.0,651.0,87.4,10120.0,3657.0,252.0,279.0,90.3,261.0,281.0,92.9,48.0,75.0,64.0,2,1.8,0.9,11.0,28.0,13.0,4.0,40.0,15:00:00,/en/matches/d77bb56e/Nice-Troyes-October-9-2022-Ligue-1
FRA-Ligue 1,2223,Nice,2022-10-16 Auxerre-Nice,2022-10-16,Matchweek 11,Sun,Away,D,1,1,Auxerre,477.0,589.0,81.0,8300.0,3224.0,218.0,251.0,86.9,194.0,219.0,88.6,49.0,87.0,56.3,1,1.3,1.6,4.0,26.0,6.0,2.0,35.0,15:00:00,/en/matches/a9ffc8fd/Auxerre-Nice-October-16-2022-Ligue-1
FRA-Ligue 1,2223,Nice,2022-10-23 Nice-Nantes,2022-10-23,Matchweek 12,Sun,Home,D,1,1,Nantes,552.0,660.0,83.6,9277.0,3158.0,276.0,300.0,92.0,216.0,244.0,88.5,48.0,87.0,55.2,0,0.5,0.5,8.0,39.0,8.0,2.0,44.0,17:05:00,/en/matches/034ab90e/Nice-Nantes-October-23-2022-Ligue-1
FRA-Ligue 1,2223,Nice,2022-10-30 Lorient-Nice,2022-10-30,Matchweek 13,Sun,Away,W,2,1,Lorient,583.0,652.0,89.4,9600.0,3024.0,297.0,312.0,95.2,216.0,236.0,91.5,50.0,73.0,68.5,2,1.2,1.0,12.0,41.0,9.0,3.0,48.0,17:05:00,/en/matches/b3909991/Lorient-Nice-October-30-2022-Ligue-1
FRA-Ligue 1,2223,Nice,2022-11-06 Nice-Brest,2022-11-06,Matchweek 14,Sun,Home,W,1,0,Brest,526.0,610.0,86.2,8690.0,3035.0,263.0,290.0,90.7,197.0,220.0,89.5,46.0,64.0,71.9,1,0.7,0.7,11.0,42.0,7.0,1.0,49.0,15:00:00,/en/matches/cbe2fdcb/Nice-Brest-November-6-2022-Ligue-1
FRA-Ligue 1,2223,Nice,2022-11-11 Lyon-Nice,2022-11-11,Matchweek 15,Fri,Away,D,1,1,Lyon,326.0,414.0,78.7,5600.0,2383.0,153.0,175.0,87.4,114.0,135.0,84.4,38.0,66.0,57.6,0,0.6,0.7,9.0,20.0,8.0,2.0,28.0,21:00:00,/en/matches/e805986b/Lyon-Nice-November-11-2022-Ligue-1
FRA-Ligue 1,2223,Nice,2022-12-29 Nice-Lens,2022-12-29,Matchweek 16,Thu,Home,D,0,0,Lens,356.0,432.0,82.4,6163.0,2683.0,171.0,192.0,89.1,136.0,151.0,90.1,38.0,66.0,57.6,0,1.0,0.6,9.0,17.0,7.0,0.0,28.0,21:00:00,/en/matches/9c606d65/Nice-Lens-December-29-2022-Ligue-1
FRA-Ligue 1,2223,Nice,2023-01-02 Rennes-Nice,2023-01-02,Matchweek 17,Mon,Away,L,1,2,Rennes,322.0,419.0,76.8,5621.0,2039.0,145.0,171.0,84.8,144.0,172.0,83.7,28.0,57.0,49.1,1,0.4,0.5,6.0,11.0,3.0,1.0,20.0,21:00:00,/en/matches/4d3e283f/Rennes-Nice-January-2-2023-Ligue-1
FRA-Ligue 1,2223,Nice,2023-01-11 Nice-Montpellier,2023-01-11,Matchweek 18,Wed,Home,W,6,1,Montpellier,437.0,519.0,84.2,6780.0,2438.0,235.0,274.0,85.8,147.0,164.0,89.6,32.0,46.0,69.6,6,2.5,1.4,15.0,31.0,11.0,2.0,44.0,21:00:00,/en/matches/45abc300/Nice-Montpellier-January-11-2023-Ligue-1
FRA-Ligue 1,2223,Nice,2023-01-15 Reims-Nice,2023-01-15,Matchweek 19,Sun,Away,D,0,0,Reims,452.0,552.0,81.9,7839.0,2924.0,211.0,235.0,89.8,174.0,200.0,87.0,48.0,83.0,57.8,0,0.7,0.7,5.0,21.0,6.0,1.0,32.0,15:00:00,/en/matches/c5adac5b/Reims-Nice-January-15-2023-Ligue-1
FRA-Ligue 1,2223,Nice,2023-01-29 Nice-Lille,2023-01-29,Matchweek 20,Sun,Home,W,1,0,Lille,387.0,474.0,81.6,7270.0,2559.0,174.0,195.0,89.2,152.0,168.0,90.5,53.0,87.0,60.9,1,1.4,0.6,6.0,27.0,4.0,0.0,27.0,13:00:00,/en/matches/b83c2528/Nice-Lille-January-29-2023-Ligue-1
FRA-Ligue 1,2223,Nice,2023-02-01 Lens-Nice,2023-02-01,Matchweek 21,Wed,Away,W,1,0,Lens,366.0,459.0,79.7,7059.0,2664.0,130.0,154.0,84.4,171.0,200.0,85.5,52.0,81.0,64.2,0,0.7,0.9,9.0,23.0,8.0,0.0,37.0,21:00:00,/en/matches/b6c7f232/Lens-Nice-February-1-2023-Ligue-1
FRA-Ligue 1,2223,Nice,2023-02-05 Marseille-Nice,2023-02-05,Matchweek 22,Sun,Away,W,3,1,Marseille,325.0,440.0,73.9,5808.0,2310.0,141.0,161.0,87.6,134.0,174.0,77.0,37.0,83.0,44.6,1,0.9,1.2,10.0,15.0,5.0,1.0,24.0,20:45:00,/en/matches/f901aa76/Marseille-Nice-February-5-2023-Ligue-1
FRA-Ligue 1,2223,Nice,2023-02-10 Nice-Ajaccio,2023-02-10,Matchweek 23,Fri,Home,W,3,0,Ajaccio,608.0,689.0,88.2,10767.0,2747.0,227.0,252.0,90.1,334.0,352.0,94.9,33.0,64.0,51.6,3,0.5,0.7,9.0,19.0,4.0,2.0,38.0,21:00:00,/en/matches/1ca21463/Nice-Ajaccio-February-10-2023-Ligue-1
FRA-Ligue 1,2223,Nice,2023-02-18 Nice-Reims,2023-02-18,Matchweek 24,Sat,Home,D,0,0,Reims,423.0,530.0,79.8,7674.0,2460.0,193.0,214.0,90.2,170.0,205.0,82.9,49.0,87.0,56.3,0,1.0,1.0,12.0,35.0,10.0,2.0,47.0,17:00:00,/en/matches/e2d5f3b0/Nice-Reims-February-18-2023-Ligue-1
FRA-Ligue 1,2223,Nice,2023-02-26 Monaco-Nice,2023-02-26,Matchweek 25,Sun,Away,W,3,0,Monaco,420.0,499.0,84.2,7488.0,3039.0,198.0,221.0,89.6,151.0,171.0,88.3,54.0,80.0,67.5,3,2.3,0.9,12.0,16.0,4.0,0.0,23.0,17:05:00,/en/matches/e8389ab5/Monaco-Nice-February-26-2023-Ligue-1
FRA-Ligue 1,2223,Nice,2023-03-03 Nice-Auxerre,2023-03-03,Matchweek 26,Fri,Home,D,1,1,Auxerre,554.0,665.0,83.3,9246.0,2899.0,242.0,265.0,91.3,254.0,290.0,87.6,33.0,70.0,47.1,1,0.7,0.8,13.0,60.0,7.0,3.0,62.0,21:00:00,/en/matches/ab7003b3/Nice-Auxerre-March-3-2023-Ligue-1
FRA-Ligue 1,2223,Nice,2023-03-12 Nantes-Nice,2023-03-12,Matchweek 27,Sun,Away,D,2,2,Nantes,537.0,616.0,87.2,9550.0,3196.0,217.0,230.0,94.3,266.0,285.0,93.3,39.0,70.0,55.7,2,1.1,1.0,14.0,28.0,6.0,3.0,44.0,15:00:00,/en/matches/6f639a55/Nantes-Nice-March-12-2023-Ligue-1
FRA-Ligue 1,2223,Nice,2023-03-19 Nice-Lorient,2023-03-19,Matchweek 28,Sun,Home,D,1,1,Lorient,509.0,591.0,86.1,8734.0,2703.0,241.0,259.0,93.1,223.0,244.0,91.4,37.0,62.0,59.7,1,1.0,1.2,11.0,68.0,12.0,7.0,65.0,15:00:00,/en/matches/76197bfd/Nice-Lorient-March-19-2023-Ligue-1
FRA-Ligue 1,2223,Nice,2023-04-02 Angers-Nice,2023-04-02,Matchweek 29,Sun,Away,D,1,1,Angers,533.0,630.0,84.6,9976.0,3553.0,211.0,242.0,87.2,252.0,279.0,90.3,59.0,84.0,70.2,1,1.3,1.7,9.0,51.0,21.0,4.0,65.0,15:00:00,/en/matches/3ee2de5c/Angers-Nice-April-2-2023-Ligue-1
FRA-Ligue 1,2223,Nice,2023-04-08 Nice-Paris S-G,2023-04-08,Matchweek 30,Sat,Home,L,0,2,Paris S-G,538.0,615.0,87.5,8601.0,2760.0,269.0,295.0,91.2,207.0,231.0,89.6,37.0,51.0,72.5,0,1.3,1.7,18.0,55.0,15.0,5.0,65.0,21:00:00,/en/matches/2b92011d/Nice-Paris-Saint-Germain-April-8-2023-Ligue-1
FRA-Ligue 1,2223,Nice,2023-04-16 Brest-Nice,2023-04-16,Matchweek 31,Sun,Away,L,0,1,Brest,379.0,467.0,81.2,6418.0,2462.0,159.0,179.0,88.8,165.0,188.0,87.8,34.0,73.0,46.6,0,0.7,0.4,10.0,20.0,6.0,2.0,35.0,15:00:00,/en/matches/efe07084/Brest-Nice-April-16-2023-Ligue-1
FRA-Ligue 1,2223,Nice,2023-04-23 Nice-Clermont Foot,2023-04-23,Matchweek 32,Sun,Home,L,1,2,Clermont Foot,483.0,578.0,83.6,8558.0,2614.0,218.0,235.0,92.8,218.0,255.0,85.5,42.0,70.0,60.0,0,0.6,0.7,8.0,32.0,5.0,2.0,39.0,15:00:00,/en/matches/270414fb/Nice-Clermont-Foot-April-23-2023-Ligue-1
FRA-Ligue 1,2223,Nice,2023-04-30 Troyes-Nice,2023-04-30,Matchweek 33,Sun,Away,W,1,0,Troyes,637.0,709.0,89.8,11510.0,3664.0,265.0,274.0,96.7,296.0,319.0,92.8,58.0,83.0,69.9,0,3.1,3.5,25.0,41.0,16.0,2.0,66.0,15:00:00,/en/matches/26c78eaa/Troyes-Nice-April-30-2023-Ligue-1
FRA-Ligue 1,2223,Nice,2023-05-06 Nice-Rennes,2023-05-06,Matchweek 34,Sat,Home,W,2,1,Rennes,381.0,467.0,81.6,7221.0,2532.0,156.0,176.0,88.6,173.0,191.0,90.6,45.0,83.0,54.2,1,0.7,0.8,7.0,25.0,5.0,3.0,31.0,17:00:00,/en/matches/7892fd01/Nice-Rennes-May-6-2023-Ligue-1
FRA-Ligue 1,2223,Nice,2023-05-13 Strasbourg-Nice,2023-05-13,Matchweek 35,Sat,Away,L,0,2,Strasbourg,517.0,618.0,83.7,9583.0,2725.0,186.0,215.0,86.5,274.0,298.0,91.9,48.0,83.0,57.8,0,0.4,0.4,7.0,21.0,7.0,3.0,41.0,17:00:00,/en/matches/c505aa59/Strasbourg-Nice-May-13-2023-Ligue-1
FRA-Ligue 1,2223,Nice,2023-05-21 Nice-Toulouse,2023-05-21,Matchweek 36,Sun,Home,D,0,0,Toulouse,470.0,560.0,83.9,8425.0,2899.0,199.0,220.0,90.5,218.0,243.0,89.7,42.0,73.0,57.5,0,1.3,1.0,16.0,45.0,8.0,3.0,56.0,15:00:00,/en/matches/9250f89a/Nice-Toulouse-May-21-2023-Ligue-1
FRA-Ligue 1,2223,Nice,2023-05-27 Montpellier-Nice,2023-05-27,Matchweek 37,Sat,Away,W,3,2,Montpellier,387.0,486.0,79.6,6854.0,2235.0,160.0,190.0,84.2,179.0,205.0,87.3,36.0,63.0,57.1,2,2.7,1.4,18.0,41.0,9.0,1.0,55.0,21:00:00,/en/matches/7d2f2a67/Montpellier-Nice-May-27-2023-Ligue-1
FRA-Ligue 1,2223,Nice,2023-06-03 Nice-Lyon,2023-06-03,Matchweek 38,Sat,Home,W,3,1,Lyon,409.0,504.0,81.2,7249.0,2561.0,193.0,214.0,90.2,166.0,192.0,86.5,43.0,78.0,55.1,1,1.4,1.2,11.0,36.0,4.0,3.0,37.0,21:00:00,/en/matches/7cb0ddb9/Nice-Lyon-June-3-2023-Ligue-1
FRA-Ligue 1,2223,Paris S-G,2022-08-06 Clermont Foot-Paris S-G,2022-08-06,Matchweek 1,Sat,Away,W,5,0,Clermont Foot,630.0,710.0,88.7,9966.0,3371.0,312.0,335.0,93.1,242.0,263.0,92.0,47.0,57.0,82.5,5,3.0,2.8,14.0,44.0,13.0,2.0,60.0,21:00:00,/en/matches/d99d9161/Clermont-Foot-Paris-Saint-Germain-August-6-2022-Ligue-1
FRA-Ligue 1,2223,Paris S-G,2022-08-13 Paris S-G-Montpellier,2022-08-13,Matchweek 2,Sat,Home,W,5,2,Montpellier,575.0,635.0,90.6,8698.0,2763.0,310.0,335.0,92.5,200.0,212.0,94.3,37.0,46.0,80.4,1,1.3,2.1,11.0,62.0,19.0,2.0,82.0,21:00:00,/en/matches/63a572a1/Paris-Saint-Germain-Montpellier-August-13-2022-Ligue-1
FRA-Ligue 1,2223,Paris S-G,2022-08-21 Lille-Paris S-G,2022-08-21,Matchweek 3,Sun,Away,W,7,1,Lille,552.0,619.0,89.2,8812.0,3146.0,268.0,292.0,91.8,220.0,236.0,93.2,37.0,48.0,77.1,6,2.8,2.3,14.0,45.0,19.0,5.0,59.0,20:45:00,/en/matches/a5ba0018/Lille-Paris-Saint-Germain-August-21-2022-Ligue-1
FRA-Ligue 1,2223,Paris S-G,2022-08-28 Paris S-G-Monaco,2022-08-28,Matchweek 4,Sun,Home,D,1,1,Monaco,660.0,725.0,91.0,10346.0,3138.0,349.0,379.0,92.1,255.0,272.0,93.8,38.0,47.0,80.9,0,1.0,1.6,12.0,41.0,13.0,3.0,48.0,20:45:00,/en/matches/6113a2a2/Paris-Saint-Germain-Monaco-August-28-2022-Ligue-1
FRA-Ligue 1,2223,Paris S-G,2022-08-31 Toulouse-Paris S-G,2022-08-31,Matchweek 5,Wed,Away,W,3,0,Toulouse,567.0,641.0,88.5,8818.0,3400.0,281.0,303.0,92.7,216.0,242.0,89.3,39.0,55.0,70.9,2,1.8,2.1,13.0,49.0,16.0,0.0,57.0,21:00:00,/en/matches/63fb1427/Toulouse-Paris-Saint-Germain-August-31-2022-Ligue-1
FRA-Ligue 1,2223,Paris S-G,2022-09-03 Nantes-Paris S-G,2022-09-03,Matchweek 6,Sat,Away,W,3,0,Nantes,644.0,724.0,89.0,10459.0,4068.0,309.0,344.0,89.8,266.0,288.0,92.4,40.0,52.0,76.9,2,2.3,3.3,15.0,76.0,22.0,0.0,92.0,21:00:00,/en/matches/368a55f1/Nantes-Paris-Saint-Germain-September-3-2022-Ligue-1
FRA-Ligue 1,2223,Paris S-G,2022-09-10 Paris S-G-Brest,2022-09-10,Matchweek 7,Sat,Home,W,1,0,Brest,619.0,701.0,88.3,9123.0,2744.0,339.0,372.0,91.1,205.0,228.0,89.9,35.0,47.0,74.5,1,1.5,2.3,11.0,48.0,10.0,0.0,53.0,17:00:00,/en/matches/7e83ffa9/Paris-Saint-Germain-Brest-September-10-2022-Ligue-1
FRA-Ligue 1,2223,Paris S-G,2022-09-18 Lyon-Paris S-G,2022-09-18,Matchweek 8,Sun,Away,W,1,0,Lyon,756.0,826.0,91.5,11456.0,3528.0,378.0,405.0,93.3,290.0,305.0,95.1,42.0,57.0,73.7,1,1.3,1.3,11.0,57.0,12.0,1.0,51.0,20:45:00,/en/matches/57d4d43d/Lyon-Paris-Saint-Germain-September-18-2022-Ligue-1
FRA-Ligue 1,2223,Paris S-G,2022-10-01 Paris S-G-Nice,2022-10-01,Matchweek 9,Sat,Home,W,2,1,Nice,617.0,690.0,89.4,9441.0,2537.0,321.0,346.0,92.8,226.0,244.0,92.6,36.0,45.0,80.0,1,0.7,1.3,8.0,36.0,6.0,0.0,38.0,21:00:00,/en/matches/36ac65e1/Paris-Saint-Germain-Nice-October-1-2022-Ligue-1
FRA-Ligue 1,2223,Paris S-G,2022-10-08 Reims-Paris S-G,2022-10-08,Matchweek 10,Sat,Away,D,0,0,Reims,556.0,631.0,88.1,9316.0,2951.0,250.0,273.0,91.6,237.0,254.0,93.3,45.0,60.0,75.0,0,1.0,1.0,9.0,37.0,12.0,1.0,40.0,21:00:00,/en/matches/71ccb83f/Reims-Paris-Saint-Germain-October-8-2022-Ligue-1
FRA-Ligue 1,2223,Paris S-G,2022-10-16 Paris S-G-Marseille,2022-10-16,Matchweek 11,Sun,Home,W,1,0,Marseille,492.0,542.0,90.8,7327.0,3166.0,275.0,302.0,91.1,161.0,166.0,97.0,33.0,43.0,76.7,1,2.0,1.9,18.0,39.0,19.0,0.0,44.0,20:45:00,/en/matches/818de37e/Paris-Saint-Germain-Marseille-October-16-2022-Ligue-1
FRA-Ligue 1,2223,Paris S-G,2022-10-21 Ajaccio-Paris S-G,2022-10-21,Matchweek 12,Fri,Away,W,3,0,Ajaccio,627.0,705.0,88.9,9387.0,3344.0,361.0,388.0,93.0,203.0,225.0,90.2,42.0,57.0,73.7,3,2.5,1.9,10.0,30.0,16.0,1.0,47.0,21:00:00,/en/matches/492d0e7a/Ajaccio-Paris-Saint-Germain-October-21-2022-Ligue-1
FRA-Ligue 1,2223,Paris S-G,2022-10-29 Paris S-G-Troyes,2022-10-29,Matchweek 13,Sat,Home,W,4,3,Troyes,645.0,717.0,90.0,9401.0,3103.0,368.0,394.0,93.4,222.0,240.0,92.5,27.0,39.0,69.2,3,2.0,2.2,16.0,69.0,20.0,0.0,54.0,17:00:00,/en/matches/0706f45a/Paris-Saint-Germain-Troyes-October-29-2022-Ligue-1
FRA-Ligue 1,2223,Paris S-G,2022-11-06 Lorient-Paris S-G,2022-11-06,Matchweek 14,Sun,Away,W,2,1,Lorient,557.0,628.0,88.7,9274.0,2919.0,276.0,300.0,92.0,204.0,223.0,91.5,54.0,72.0,75.0,2,1.4,2.4,12.0,61.0,17.0,3.0,67.0,13:00:00,/en/matches/62986726/Lorient-Paris-Saint-Germain-November-6-2022-Ligue-1
FRA-Ligue 1,2223,Paris S-G,2022-11-13 Paris S-G-Auxerre,2022-11-13,Matchweek 15,Sun,Home,W,5,0,Auxerre,594.0,672.0,88.4,9011.0,3087.0,307.0,327.0,93.9,186.0,207.0,89.9,48.0,66.0,72.7,4,1.5,1.7,7.0,60.0,12.0,2.0,50.0,13:00:00,/en/matches/86e55266/Paris-Saint-Germain-Auxerre-November-13-2022-Ligue-1
FRA-Ligue 1,2223,Paris S-G,2022-12-28 Paris S-G-Strasbourg,2022-12-28,Matchweek 16,Wed,Home,W,2,1,Strasbourg,724.0,816.0,88.7,11717.0,3966.0,356.0,387.0,92.0,288.0,313.0,92.0,53.0,71.0,74.6,1,1.3,1.1,9.0,48.0,12.0,1.0,61.0,21:00:00,/en/matches/c4b9d773/Paris-Saint-Germain-Strasbourg-December-28-2022-Ligue-1
FRA-Ligue 1,2223,Paris S-G,2023-01-01 Lens-Paris S-G,2023-01-01,Matchweek 17,Sun,Away,L,1,3,Lens,534.0,617.0,86.5,8325.0,2761.0,267.0,288.0,92.7,202.0,227.0,89.0,35.0,56.0,62.5,0,1.3,1.4,12.0,53.0,12.0,0.0,54.0,20:45:00,/en/matches/41b38f59/Lens-Paris-Saint-Germain-January-1-2023-Ligue-1
FRA-Ligue 1,2223,Paris S-G,2023-01-11 Paris S-G-Angers,2023-01-11,Matchweek 18,Wed,Home,W,2,0,Angers,796.0,863.0,92.2,12771.0,3328.0,379.0,405.0,93.6,335.0,350.0,95.7,47.0,60.0,78.3,2,1.2,1.2,7.0,52.0,8.0,1.0,53.0,21:00:00,/en/matches/76db6078/Paris-Saint-Germain-Angers-January-11-2023-Ligue-1
FRA-Ligue 1,2223,Paris S-G,2023-01-15 Rennes-Paris S-G,2023-01-15,Matchweek 19,Sun,Away,L,0,1,Rennes,631.0,709.0,89.0,10331.0,2797.0,296.0,325.0,91.1,263.0,280.0,93.9,46.0,64.0,71.9,0,0.7,0.9,5.0,51.0,6.0,2.0,53.0,20:45:00,/en/matches/a1cfed8d/Rennes-Paris-Saint-Germain-January-15-2023-Ligue-1
FRA-Ligue 1,2223,Paris S-G,2023-01-29 Paris S-G-Reims,2023-01-29,Matchweek 20,Sun,Home,D,1,1,Reims,657.0,738.0,89.0,10549.0,3671.0,338.0,362.0,93.4,233.0,255.0,91.4,52.0,74.0,70.3,1,1.2,0.9,9.0,48.0,14.0,0.0,63.0,20:45:00,/en/matches/ac8ffacd/Paris-Saint-Germain-Reims-January-29-2023-Ligue-1
FRA-Ligue 1,2223,Paris S-G,2023-02-01 Montpellier-Paris S-G,2023-02-01,Matchweek 21,Wed,Away,W,3,1,Montpellier,654.0,744.0,87.9,10466.0,3145.0,337.0,370.0,91.1,244.0,269.0,90.7,53.0,65.0,81.5,3,3.0,1.9,14.0,60.0,10.0,2.0,55.0,21:00:00,/en/matches/8fea202b/Montpellier-Paris-Saint-Germain-February-1-2023-Ligue-1
FRA-Ligue 1,2223,Paris S-G,2023-02-04 Paris S-G-Toulouse,2023-02-04,Matchweek 22,Sat,Home,W,2,1,Toulouse,593.0,673.0,88.1,9765.0,2710.0,277.0,307.0,90.2,254.0,273.0,93.0,43.0,64.0,67.2,2,1.3,1.6,17.0,50.0,16.0,1.0,59.0,17:00:00,/en/matches/20d2d2e9/Paris-Saint-Germain-Toulouse-February-4-2023-Ligue-1
FRA-Ligue 1,2223,Paris S-G,2023-02-11 Monaco-Paris S-G,2023-02-11,Matchweek 23,Sat,Away,L,1,3,Monaco,645.0,724.0,89.1,9514.0,3011.0,351.0,380.0,92.4,225.0,244.0,92.2,35.0,48.0,72.9,1,0.8,1.4,6.0,33.0,7.0,0.0,41.0,17:00:00,/en/matches/72eb59cf/Monaco-Paris-Saint-Germain-February-11-2023-Ligue-1
FRA-Ligue 1,2223,Paris S-G,2023-02-19 Paris S-G-Lille,2023-02-19,Matchweek 24,Sun,Home,W,4,3,Lille,401.0,469.0,85.5,6860.0,2293.0,174.0,192.0,90.6,179.0,189.0,94.7,33.0,57.0,57.9,3,1.8,2.0,10.0,22.0,8.0,3.0,40.0,13:00:00,/en/matches/0354132b/Paris-Saint-Germain-Lille-February-19-2023-Ligue-1
FRA-Ligue 1,2223,Paris S-G,2023-02-26 Marseille-Paris S-G,2023-02-26,Matchweek 25,Sun,Away,W,3,0,Marseille,360.0,440.0,81.8,5352.0,2276.0,185.0,203.0,91.1,112.0,134.0,83.6,28.0,57.0,49.1,3,1.8,1.6,11.0,22.0,7.0,1.0,31.0,20:45:00,/en/matches/fe1e33e5/Marseille-Paris-Saint-Germain-February-26-2023-Ligue-1
FRA-Ligue 1,2223,Paris S-G,2023-03-04 Paris S-G-Nantes,2023-03-04,Matchweek 26,Sat,Home,W,4,2,Nantes,716.0,792.0,90.4,10561.0,2850.0,388.0,410.0,94.6,260.0,284.0,91.5,33.0,41.0,80.5,1,0.9,1.6,10.0,63.0,13.0,2.0,55.0,21:00:00,/en/matches/322f46e4/Paris-Saint-Germain-Nantes-March-4-2023-Ligue-1
FRA-Ligue 1,2223,Paris S-G,2023-03-11 Brest-Paris S-G,2023-03-11,Matchweek 27,Sat,Away,W,2,1,Brest,571.0,641.0,89.1,9076.0,2921.0,272.0,294.0,92.5,252.0,274.0,92.0,27.0,41.0,65.9,1,1.7,1.8,12.0,69.0,9.0,0.0,70.0,21:00:00,/en/matches/8acaf948/Brest-Paris-Saint-Germain-March-11-2023-Ligue-1
FRA-Ligue 1,2223,Paris S-G,2023-03-19 Paris S-G-Rennes,2023-03-19,Matchweek 28,Sun,Home,L,0,2,Rennes,606.0,683.0,88.7,9470.0,3028.0,312.0,348.0,89.7,240.0,251.0,95.6,30.0,43.0,69.8,0,1.6,2.1,16.0,51.0,14.0,1.0,49.0,17:05:00,/en/matches/9acfad51/Paris-Saint-Germain-Rennes-March-19-2023-Ligue-1
FRA-Ligue 1,2223,Paris S-G,2023-04-02 Paris S-G-Lyon,2023-04-02,Matchweek 29,Sun,Home,L,0,1,Lyon,635.0,732.0,86.7,9906.0,2869.0,331.0,369.0,89.7,238.0,264.0,90.2,36.0,48.0,75.0,0,0.9,1.7,13.0,50.0,9.0,0.0,47.0,20:45:00,/en/matches/37a61135/Paris-Saint-Germain-Lyon-April-2-2023-Ligue-1
FRA-Ligue 1,2223,Paris S-G,2023-04-08 Nice-Paris S-G,2023-04-08,Matchweek 30,Sat,Away,W,2,0,Nice,672.0,738.0,91.1,10873.0,3204.0,320.0,339.0,94.4,273.0,288.0,94.8,51.0,68.0,75.0,2,0.9,1.4,10.0,51.0,7.0,2.0,45.0,21:00:00,/en/matches/2b92011d/Nice-Paris-Saint-Germain-April-8-2023-Ligue-1
FRA-Ligue 1,2223,Paris S-G,2023-04-15 Paris S-G-Lens,2023-04-15,Matchweek 31,Sat,Home,W,3,1,Lens,706.0,757.0,93.3,10792.0,3123.0,385.0,407.0,94.6,261.0,276.0,94.6,35.0,44.0,79.5,3,0.7,1.1,12.0,57.0,5.0,0.0,36.0,21:00:00,/en/matches/268e5460/Paris-Saint-Germain-Lens-April-15-2023-Ligue-1
FRA-Ligue 1,2223,Paris S-G,2023-04-21 Angers-Paris S-G,2023-04-21,Matchweek 32,Fri,Away,W,2,1,Angers,801.0,874.0,91.6,12937.0,3522.0,403.0,430.0,93.7,303.0,321.0,94.4,65.0,82.0,79.3,2,1.5,1.7,9.0,46.0,5.0,0.0,46.0,21:00:00,/en/matches/e7e8dc1c/Angers-Paris-Saint-Germain-April-21-2023-Ligue-1
FRA-Ligue 1,2223,Paris S-G,2023-04-30 Paris S-G-Lorient,2023-04-30,Matchweek 33,Sun,Home,L,1,3,Lorient,557.0,626.0,89.0,7908.0,2609.0,305.0,333.0,91.6,191.0,209.0,91.4,24.0,33.0,72.7,0,0.8,1.4,9.0,45.0,7.0,1.0,42.0,17:05:00,/en/matches/ca98474e/Paris-Saint-Germain-Lorient-April-30-2023-Ligue-1
FRA-Ligue 1,2223,Paris S-G,2023-05-07 Troyes-Paris S-G,2023-05-07,Matchweek 34,Sun,Away,W,3,1,Troyes,696.0,759.0,91.7,10895.0,3323.0,348.0,371.0,93.8,298.0,313.0,95.2,30.0,47.0,63.8,0,2.5,3.3,23.0,71.0,29.0,3.0,80.0,20:45:00,/en/matches/f9e55cdf/Troyes-Paris-Saint-Germain-May-7-2023-Ligue-1
FRA-Ligue 1,2223,Paris S-G,2023-05-13 Paris S-G-Ajaccio,2023-05-13,Matchweek 35,Sat,Home,W,5,0,Ajaccio,696.0,779.0,89.3,11861.0,3228.0,337.0,366.0,92.1,267.0,293.0,91.1,69.0,80.0,86.3,1,1.1,3.3,10.0,77.0,28.0,4.0,81.0,21:00:00,/en/matches/fdd73200/Paris-Saint-Germain-Ajaccio-May-13-2023-Ligue-1
FRA-Ligue 1,2223,Paris S-G,2023-05-21 Auxerre-Paris S-G,2023-05-21,Matchweek 36,Sun,Away,W,2,1,Auxerre,715.0,789.0,90.6,10782.0,3322.0,386.0,411.0,93.9,262.0,280.0,93.6,36.0,56.0,64.3,2,1.9,1.9,13.0,54.0,14.0,2.0,53.0,20:45:00,/en/matches/bd6c4cac/Auxerre-Paris-Saint-Germain-May-21-2023-Ligue-1
FRA-Ligue 1,2223,Paris S-G,2023-05-27 Strasbourg-Paris S-G,2023-05-27,Matchweek 37,Sat,Away,D,1,1,Strasbourg,708.0,759.0,93.3,11091.0,3198.0,343.0,363.0,94.5,277.0,286.0,96.9,48.0,62.0,77.4,1,0.8,1.3,5.0,39.0,3.0,0.0,38.0,21:00:00,/en/matches/b78590c5/Strasbourg-Paris-Saint-Germain-May-27-2023-Ligue-1
FRA-Ligue 1,2223,Paris S-G,2023-06-03 Paris S-G-Clermont Foot,2023-06-03,Matchweek 38,Sat,Home,L,2,3,Clermont Foot,529.0,588.0,90.0,8250.0,2643.0,264.0,283.0,93.3,194.0,206.0,94.2,42.0,63.0,66.7,1,1.2,1.2,12.0,35.0,10.0,0.0,35.0,21:00:00,/en/matches/1b47e9eb/Paris-Saint-Germain-Clermont-Foot-June-3-2023-Ligue-1
FRA-Ligue 1,2223,Reims,2022-08-07 Marseille-Reims,2022-08-07,Matchweek 1,Sun,Away,L,1,4,Marseille,315.0,425.0,74.1,5580.0,2110.0,145.0,173.0,83.8,122.0,154.0,79.2,37.0,63.0,58.7,0,0.6,1.1,11.0,25.0,10.0,2.0,29.0,20:45:00,/en/matches/534ab8ff/Marseille-Reims-August-7-2022-Ligue-1
FRA-Ligue 1,2223,Reims,2022-08-14 Reims-Clermont Foot,2022-08-14,Matchweek 2,Sun,Home,L,2,4,Clermont Foot,260.0,349.0,74.5,4976.0,1701.0,106.0,130.0,81.5,113.0,133.0,85.0,35.0,68.0,51.5,0,0.5,0.6,4.0,25.0,7.0,1.0,30.0,15:00:00,/en/matches/ed6b4245/Reims-Clermont-Foot-August-14-2022-Ligue-1
FRA-Ligue 1,2223,Reims,2022-08-21 Strasbourg-Reims,2022-08-21,Matchweek 3,Sun,Away,D,1,1,Strasbourg,251.0,344.0,73.0,4744.0,1772.0,90.0,113.0,79.6,114.0,138.0,82.6,36.0,71.0,50.7,1,1.5,1.9,8.0,25.0,7.0,2.0,33.0,13:00:00,/en/matches/be90ec61/Strasbourg-Reims-August-21-2022-Ligue-1
FRA-Ligue 1,2223,Reims,2022-08-28 Reims-Lyon,2022-08-28,Matchweek 4,Sun,Home,D,1,1,Lyon,169.0,263.0,64.3,3391.0,1714.0,73.0,94.0,77.7,65.0,91.0,71.4,28.0,69.0,40.6,1,0.3,0.6,5.0,18.0,4.0,1.0,18.0,17:05:00,/en/matches/daa723a9/Reims-Lyon-August-28-2022-Ligue-1
FRA-Ligue 1,2223,Reims,2022-08-31 Angers-Reims,2022-08-31,Matchweek 5,Wed,Away,W,4,2,Angers,285.0,385.0,74.0,5286.0,2089.0,120.0,151.0,79.5,112.0,129.0,86.8,40.0,78.0,51.3,3,1.2,0.6,8.0,32.0,8.0,2.0,28.0,19:00:00,/en/matches/d94a7d75/Angers-Reims-August-31-2022-Ligue-1
FRA-Ligue 1,2223,Reims,2022-09-04 Reims-Lens,2022-09-04,Matchweek 6,Sun,Home,D,1,1,Lens,283.0,357.0,79.3,5113.0,2224.0,112.0,127.0,88.2,137.0,161.0,85.1,27.0,55.0,49.1,1,1.7,1.3,12.0,29.0,8.0,2.0,32.0,15:00:00,/en/matches/21e5d4df/Reims-Lens-September-4-2022-Ligue-1
FRA-Ligue 1,2223,Reims,2022-09-11 Toulouse-Reims,2022-09-11,Matchweek 7,Sun,Away,L,0,1,Toulouse,356.0,483.0,73.7,5759.0,2493.0,185.0,216.0,85.6,134.0,174.0,77.0,24.0,64.0,37.5,0,0.9,0.7,9.0,26.0,5.0,2.0,39.0,15:00:00,/en/matches/9f57e775/Toulouse-Reims-September-11-2022-Ligue-1
FRA-Ligue 1,2223,Reims,2022-09-18 Reims-Monaco,2022-09-18,Matchweek 8,Sun,Home,L,0,3,Monaco,200.0,293.0,68.3,3567.0,1881.0,88.0,107.0,82.2,71.0,96.0,74.0,29.0,64.0,45.3,0,0.1,0.3,4.0,18.0,5.0,0.0,24.0,13:00:00,/en/matches/c6dee225/Reims-Monaco-September-18-2022-Ligue-1
FRA-Ligue 1,2223,Reims,2022-10-02 Troyes-Reims,2022-10-02,Matchweek 9,Sun,Away,D,2,2,Troyes,218.0,305.0,71.5,4325.0,1870.0,77.0,97.0,79.4,109.0,135.0,80.7,29.0,62.0,46.8,2,1.0,1.2,4.0,10.0,3.0,2.0,21.0,15:00:00,/en/matches/1cbd26d0/Troyes-Reims-October-2-2022-Ligue-1
FRA-Ligue 1,2223,Reims,2022-10-08 Reims-Paris S-G,2022-10-08,Matchweek 10,Sat,Home,D,0,0,Paris S-G,297.0,370.0,80.3,5313.0,2050.0,124.0,148.0,83.8,122.0,140.0,87.1,39.0,58.0,67.2,0,1.5,1.6,14.0,35.0,10.0,1.0,48.0,21:00:00,/en/matches/71ccb83f/Reims-Paris-Saint-Germain-October-8-2022-Ligue-1
FRA-Ligue 1,2223,Reims,2022-10-15 Lorient-Reims,2022-10-15,Matchweek 11,Sat,Away,D,0,0,Lorient,367.0,471.0,77.9,6968.0,2438.0,134.0,163.0,82.2,188.0,218.0,86.2,39.0,68.0,57.4,0,0.5,0.8,5.0,22.0,5.0,2.0,34.0,17:00:00,/en/matches/4fe522a8/Lorient-Reims-October-15-2022-Ligue-1
FRA-Ligue 1,2223,Reims,2022-10-23 Reims-Auxerre,2022-10-23,Matchweek 12,Sun,Home,W,2,1,Auxerre,361.0,466.0,77.5,6741.0,2878.0,141.0,171.0,82.5,177.0,218.0,81.2,36.0,55.0,65.5,1,1.8,0.9,15.0,40.0,7.0,2.0,59.0,15:00:00,/en/matches/c6b10aeb/Reims-Auxerre-October-23-2022-Ligue-1
FRA-Ligue 1,2223,Reims,2022-10-30 Brest-Reims,2022-10-30,Matchweek 13,Sun,Away,D,0,0,Brest,329.0,444.0,74.1,6332.0,2847.0,136.0,168.0,81.0,144.0,176.0,81.8,44.0,81.0,54.3,0,1.0,1.7,11.0,27.0,9.0,2.0,46.0,15:00:00,/en/matches/9547c75b/Brest-Reims-October-30-2022-Ligue-1
FRA-Ligue 1,2223,Reims,2022-11-06 Reims-Nantes,2022-11-06,Matchweek 14,Sun,Home,W,1,0,Nantes,423.0,539.0,78.5,7410.0,2970.0,187.0,215.0,87.0,172.0,209.0,82.3,49.0,90.0,54.4,0,1.9,1.1,14.0,44.0,12.0,1.0,69.0,15:00:00,/en/matches/b3aecb40/Reims-Nantes-November-6-2022-Ligue-1
FRA-Ligue 1,2223,Reims,2022-11-13 Montpellier-Reims,2022-11-13,Matchweek 15,Sun,Away,D,1,1,Montpellier,309.0,436.0,70.9,5313.0,2331.0,146.0,176.0,83.0,116.0,155.0,74.8,34.0,76.0,44.7,1,1.9,1.3,13.0,23.0,5.0,1.0,28.0,15:00:00,/en/matches/7927c5f9/Montpellier-Reims-November-13-2022-Ligue-1
FRA-Ligue 1,2223,Reims,2022-12-29 Reims-Rennes,2022-12-29,Matchweek 16,Thu,Home,W,3,1,Rennes,224.0,328.0,68.3,4415.0,1985.0,84.0,112.0,75.0,99.0,126.0,78.6,33.0,67.0,49.3,2,0.9,0.6,9.0,25.0,7.0,0.0,36.0,19:00:00,/en/matches/ae3fb1a3/Reims-Rennes-December-29-2022-Ligue-1
FRA-Ligue 1,2223,Reims,2023-01-02 Lille-Reims,2023-01-02,Matchweek 17,Mon,Away,D,1,1,Lille,326.0,415.0,78.6,6345.0,2356.0,125.0,152.0,82.2,151.0,174.0,86.8,44.0,68.0,64.7,1,0.7,0.5,6.0,21.0,4.0,2.0,31.0,17:00:00,/en/matches/cbf86c77/Lille-Reims-January-2-2023-Ligue-1
FRA-Ligue 1,2223,Reims,2023-01-11 Ajaccio-Reims,2023-01-11,Matchweek 18,Wed,Away,W,1,0,Ajaccio,338.0,473.0,71.5,6661.0,1916.0,120.0,158.0,75.9,152.0,189.0,80.4,56.0,101.0,55.4,1,0.9,0.4,6.0,18.0,5.0,1.0,26.0,19:00:00,/en/matches/656ef1c0/Ajaccio-Reims-January-11-2023-Ligue-1
FRA-Ligue 1,2223,Reims,2023-01-15 Reims-Nice,2023-01-15,Matchweek 19,Sun,Home,D,0,0,Nice,465.0,569.0,81.7,8854.0,3083.0,160.0,189.0,84.7,249.0,286.0,87.1,48.0,71.0,67.6,0,0.8,0.8,9.0,43.0,10.0,4.0,60.0,15:00:00,/en/matches/c5adac5b/Reims-Nice-January-15-2023-Ligue-1
FRA-Ligue 1,2223,Reims,2023-01-29 Paris S-G-Reims,2023-01-29,Matchweek 20,Sun,Away,D,1,1,Paris S-G,429.0,508.0,84.4,7481.0,2699.0,188.0,212.0,88.7,190.0,209.0,90.9,38.0,56.0,67.9,1,2.5,1.6,16.0,40.0,19.0,3.0,75.0,20:45:00,/en/matches/ac8ffacd/Paris-Saint-Germain-Reims-January-29-2023-Ligue-1
FRA-Ligue 1,2223,Reims,2023-02-01 Reims-Lorient,2023-02-01,Matchweek 21,Wed,Home,W,4,2,Lorient,529.0,605.0,87.4,9677.0,3116.0,210.0,229.0,91.7,251.0,273.0,91.9,59.0,76.0,77.6,2,1.9,1.7,22.0,60.0,9.0,4.0,59.0,19:00:00,/en/matches/e7ec4d4b/Reims-Lorient-February-1-2023-Ligue-1
FRA-Ligue 1,2223,Reims,2023-02-05 Auxerre-Reims,2023-02-05,Matchweek 22,Sun,Away,D,0,0,Auxerre,439.0,555.0,79.1,8085.0,2850.0,165.0,204.0,80.9,206.0,238.0,86.6,46.0,76.0,60.5,0,0.5,0.5,6.0,37.0,4.0,1.0,46.0,15:00:00,/en/matches/384b2fcb/Auxerre-Reims-February-5-2023-Ligue-1
FRA-Ligue 1,2223,Reims,2023-02-12 Reims-Troyes,2023-02-12,Matchweek 23,Sun,Home,W,4,0,Troyes,376.0,488.0,77.0,7377.0,2457.0,139.0,177.0,78.5,167.0,197.0,84.8,55.0,86.0,64.0,4,1.6,1.1,13.0,38.0,11.0,4.0,46.0,15:00:00,/en/matches/b1ac1305/Reims-Troyes-February-12-2023-Ligue-1
FRA-Ligue 1,2223,Reims,2023-02-18 Nice-Reims,2023-02-18,Matchweek 24,Sat,Away,D,0,0,Nice,392.0,481.0,81.5,7267.0,2643.0,140.0,171.0,81.9,199.0,227.0,87.7,40.0,61.0,65.6,0,0.6,0.7,6.0,23.0,8.0,4.0,30.0,17:00:00,/en/matches/e2d5f3b0/Nice-Reims-February-18-2023-Ligue-1
FRA-Ligue 1,2223,Reims,2023-02-26 Reims-Toulouse,2023-02-26,Matchweek 25,Sun,Home,W,3,0,Toulouse,386.0,484.0,79.8,6804.0,2732.0,161.0,196.0,82.1,157.0,182.0,86.3,45.0,76.0,59.2,3,2.5,1.1,15.0,35.0,10.0,2.0,40.0,15:00:00,/en/matches/bf387fea/Reims-Toulouse-February-26-2023-Ligue-1
FRA-Ligue 1,2223,Reims,2023-03-05 Reims-Ajaccio,2023-03-05,Matchweek 26,Sun,Home,W,1,0,Ajaccio,504.0,630.0,80.0,9543.0,3051.0,183.0,226.0,81.0,252.0,289.0,87.2,59.0,95.0,62.1,1,0.4,0.9,8.0,54.0,11.0,3.0,79.0,15:00:00,/en/matches/b317ed7d/Reims-Ajaccio-March-5-2023-Ligue-1
FRA-Ligue 1,2223,Reims,2023-03-12 Monaco-Reims,2023-03-12,Matchweek 27,Sun,Away,W,1,0,Monaco,427.0,542.0,78.8,7741.0,2972.0,189.0,220.0,85.9,169.0,203.0,83.3,54.0,86.0,62.8,1,1.1,1.1,14.0,31.0,11.0,3.0,48.0,17:05:00,/en/matches/65c9aaa1/Monaco-Reims-March-12-2023-Ligue-1
FRA-Ligue 1,2223,Reims,2023-03-19 Reims-Marseille,2023-03-19,Matchweek 28,Sun,Home,L,1,2,Marseille,367.0,476.0,77.1,6996.0,2521.0,133.0,163.0,81.6,175.0,216.0,81.0,51.0,78.0,65.4,1,1.5,1.3,13.0,40.0,12.0,7.0,48.0,20:45:00,/en/matches/0161e53d/Reims-Marseille-March-19-2023-Ligue-1
FRA-Ligue 1,2223,Reims,2023-04-02 Nantes-Reims,2023-04-02,Matchweek 29,Sun,Away,W,3,0,Nantes,377.0,496.0,76.0,6254.0,2502.0,168.0,199.0,84.4,169.0,217.0,77.9,24.0,49.0,49.0,1,1.6,0.8,10.0,24.0,7.0,0.0,47.0,15:00:00,/en/matches/766e9598/Nantes-Reims-April-2-2023-Ligue-1
FRA-Ligue 1,2223,Reims,2023-04-09 Reims-Brest,2023-04-09,Matchweek 30,Sun,Home,D,1,1,Brest,441.0,567.0,77.8,8283.0,3325.0,169.0,206.0,82.0,210.0,244.0,86.1,53.0,80.0,66.3,0,2.1,2.1,16.0,59.0,11.0,4.0,84.0,15:00:00,/en/matches/4ee67cda/Reims-Brest-April-9-2023-Ligue-1
FRA-Ligue 1,2223,Reims,2023-04-15 Rennes-Reims,2023-04-15,Matchweek 31,Sat,Away,L,0,3,Rennes,350.0,467.0,74.9,6781.0,2232.0,120.0,156.0,76.9,178.0,213.0,83.6,43.0,78.0,55.1,0,0.4,0.4,5.0,26.0,4.0,2.0,47.0,17:00:00,/en/matches/46c859a1/Rennes-Reims-April-15-2023-Ligue-1
FRA-Ligue 1,2223,Reims,2023-04-23 Reims-Strasbourg,2023-04-23,Matchweek 32,Sun,Home,L,0,2,Strasbourg,495.0,617.0,80.2,9722.0,3238.0,176.0,223.0,78.9,245.0,278.0,88.1,61.0,88.0,69.3,0,1.2,1.3,9.0,57.0,14.0,3.0,66.0,13:00:00,/en/matches/bd272f62/Reims-Strasbourg-April-23-2023-Ligue-1
FRA-Ligue 1,2223,Reims,2023-04-30 Clermont Foot-Reims,2023-04-30,Matchweek 33,Sun,Away,L,0,1,Clermont Foot,541.0,649.0,83.4,10152.0,3315.0,209.0,238.0,87.8,248.0,283.0,87.6,66.0,96.0,68.8,0,0.5,1.2,11.0,62.0,19.0,4.0,76.0,15:00:00,/en/matches/4cdd261a/Clermont-Foot-Reims-April-30-2023-Ligue-1
FRA-Ligue 1,2223,Reims,2023-05-06 Reims-Lille,2023-05-06,Matchweek 34,Sat,Home,W,1,0,Lille,229.0,324.0,70.7,4824.0,2108.0,76.0,101.0,75.2,94.0,120.0,78.3,47.0,77.0,61.0,0,1.0,1.2,10.0,19.0,6.0,2.0,34.0,19:00:00,/en/matches/f281e140/Reims-Lille-May-6-2023-Ligue-1
FRA-Ligue 1,2223,Reims,2023-05-12 Lens-Reims,2023-05-12,Matchweek 35,Fri,Away,L,1,2,Lens,462.0,539.0,85.7,9216.0,2795.0,133.0,155.0,85.8,268.0,288.0,93.1,55.0,85.0,64.7,0,0.9,1.5,14.0,31.0,13.0,5.0,62.0,21:00:00,/en/matches/7e1c8564/Lens-Reims-May-12-2023-Ligue-1
FRA-Ligue 1,2223,Reims,2023-05-21 Reims-Angers,2023-05-21,Matchweek 36,Sun,Home,D,2,2,Angers,437.0,537.0,81.4,8639.0,2834.0,151.0,185.0,81.6,217.0,245.0,88.6,59.0,87.0,67.8,2,1.5,2.1,10.0,47.0,11.0,3.0,55.0,15:00:00,/en/matches/908507af/Reims-Angers-May-21-2023-Ligue-1
FRA-Ligue 1,2223,Reims,2023-05-27 Lyon-Reims,2023-05-27,Matchweek 37,Sat,Away,L,0,3,Lyon,342.0,422.0,81.0,6371.0,2489.0,128.0,157.0,81.5,170.0,193.0,88.1,38.0,58.0,65.5,0,1.0,0.7,8.0,21.0,5.0,1.0,38.0,21:00:00,/en/matches/27815d03/Lyon-Reims-May-27-2023-Ligue-1
FRA-Ligue 1,2223,Reims,2023-06-03 Reims-Montpellier,2023-06-03,Matchweek 38,Sat,Home,L,1,3,Montpellier,371.0,463.0,80.1,6717.0,2632.0,155.0,184.0,84.2,176.0,205.0,85.9,34.0,54.0,63.0,1,1.5,1.7,10.0,24.0,7.0,2.0,46.0,21:00:00,/en/matches/3dc2cde4/Reims-Montpellier-June-3-2023-Ligue-1
FRA-Ligue 1,2223,Rennes,2022-08-07 Rennes-Lorient,2022-08-07,Matchweek 1,Sun,Home,L,0,1,Lorient,589.0,684.0,86.1,10560.0,3234.0,222.0,257.0,86.4,294.0,322.0,91.3,50.0,71.0,70.4,0,1.5,1.0,15.0,48.0,13.0,2.0,88.0,17:05:00,/en/matches/8ff3f9dd/Rennes-Lorient-August-7-2022-Ligue-1
FRA-Ligue 1,2223,Rennes,2022-08-13 Monaco-Rennes,2022-08-13,Matchweek 2,Sat,Away,D,1,1,Monaco,579.0,670.0,86.4,10511.0,3194.0,232.0,258.0,89.9,274.0,308.0,89.0,58.0,81.0,71.6,1,1.9,1.5,22.0,62.0,12.0,4.0,60.0,17:00:00,/en/matches/86562a7e/Monaco-Rennes-August-13-2022-Ligue-1
FRA-Ligue 1,2223,Rennes,2022-08-21 Rennes-Ajaccio,2022-08-21,Matchweek 3,Sun,Home,W,2,1,Ajaccio,417.0,529.0,78.8,8195.0,2843.0,150.0,185.0,81.1,202.0,241.0,83.8,58.0,88.0,65.9,2,0.8,1.0,11.0,33.0,5.0,0.0,51.0,17:05:00,/en/matches/9befca9a/Rennes-Ajaccio-August-21-2022-Ligue-1
FRA-Ligue 1,2223,Rennes,2022-08-27 Lens-Rennes,2022-08-27,Matchweek 4,Sat,Away,L,1,2,Lens,438.0,532.0,82.3,7945.0,2689.0,171.0,200.0,85.5,213.0,242.0,88.0,38.0,61.0,62.3,0,0.6,0.7,9.0,32.0,9.0,2.0,43.0,21:00:00,/en/matches/a46ef768/Lens-Rennes-August-27-2022-Ligue-1
FRA-Ligue 1,2223,Rennes,2022-08-31 Rennes-Brest,2022-08-31,Matchweek 5,Wed,Home,W,3,1,Brest,587.0,689.0,85.2,10664.0,3749.0,202.0,237.0,85.2,310.0,335.0,92.5,55.0,78.0,70.5,3,1.0,1.2,11.0,61.0,18.0,2.0,95.0,21:00:00,/en/matches/b9bd2221/Rennes-Brest-August-31-2022-Ligue-1
FRA-Ligue 1,2223,Rennes,2022-09-04 Troyes-Rennes,2022-09-04,Matchweek 6,Sun,Away,D,1,1,Troyes,597.0,674.0,88.6,11048.0,3196.0,223.0,246.0,90.7,301.0,319.0,94.4,58.0,72.0,80.6,1,2.1,3.4,15.0,70.0,24.0,6.0,78.0,17:05:00,/en/matches/e174ad85/Troyes-Rennes-September-4-2022-Ligue-1
FRA-Ligue 1,2223,Rennes,2022-09-11 Rennes-Auxerre,2022-09-11,Matchweek 7,Sun,Home,W,5,0,Auxerre,400.0,501.0,79.8,7165.0,2510.0,174.0,210.0,82.9,177.0,204.0,86.8,42.0,71.0,59.2,1,0.9,1.0,6.0,23.0,7.0,1.0,30.0,17:05:00,/en/matches/16d3a368/Rennes-Auxerre-September-11-2022-Ligue-1
FRA-Ligue 1,2223,Rennes,2022-09-18 Marseille-Rennes,2022-09-18,Matchweek 8,Sun,Away,D,1,1,Marseille,308.0,400.0,77.0,5814.0,2335.0,122.0,146.0,83.6,133.0,167.0,79.6,41.0,65.0,63.1,0,0.6,0.6,6.0,22.0,5.0,0.0,40.0,15:00:00,/en/matches/abf90423/Marseille-Rennes-September-18-2022-Ligue-1
FRA-Ligue 1,2223,Rennes,2022-10-01 Strasbourg-Rennes,2022-10-01,Matchweek 9,Sat,Away,W,3,1,Strasbourg,545.0,641.0,85.0,10115.0,2796.0,213.0,237.0,89.9,243.0,275.0,88.4,72.0,98.0,73.5,2,2.0,1.9,10.0,42.0,15.0,6.0,49.0,17:00:00,/en/matches/304c5e6e/Strasbourg-Rennes-October-1-2022-Ligue-1
FRA-Ligue 1,2223,Rennes,2022-10-09 Rennes-Nantes,2022-10-09,Matchweek 10,Sun,Home,W,3,0,Nantes,400.0,514.0,77.8,7447.0,2975.0,174.0,196.0,88.8,153.0,191.0,80.1,57.0,91.0,62.6,2,1.4,1.5,11.0,31.0,15.0,3.0,56.0,17:05:00,/en/matches/c2be4bef/Rennes-Nantes-October-9-2022-Ligue-1
FRA-Ligue 1,2223,Rennes,2022-10-16 Rennes-Lyon,2022-10-16,Matchweek 11,Sun,Home,W,3,2,Lyon,330.0,430.0,76.7,6277.0,2305.0,135.0,165.0,81.8,144.0,173.0,83.2,41.0,71.0,57.7,3,1.6,0.8,13.0,31.0,5.0,2.0,36.0,15:00:00,/en/matches/62b68f87/Rennes-Lyon-October-16-2022-Ligue-1
FRA-Ligue 1,2223,Rennes,2022-10-23 Angers-Rennes,2022-10-23,Matchweek 12,Sun,Away,W,2,1,Angers,622.0,712.0,87.4,12197.0,3765.0,204.0,235.0,86.8,339.0,367.0,92.4,73.0,89.0,82.0,1,1.1,1.0,9.0,58.0,7.0,1.0,71.0,13:00:00,/en/matches/c9d3fd4b/Angers-Rennes-October-23-2022-Ligue-1
FRA-Ligue 1,2223,Rennes,2022-10-30 Rennes-Montpellier,2022-10-30,Matchweek 13,Sun,Home,W,3,0,Montpellier,465.0,562.0,82.7,9165.0,3328.0,175.0,198.0,88.4,211.0,244.0,86.5,72.0,104.0,69.2,3,1.0,1.7,10.0,41.0,16.0,2.0,57.0,15:00:00,/en/matches/5a0894db/Rennes-Montpellier-October-30-2022-Ligue-1
FRA-Ligue 1,2223,Rennes,2022-11-06 Lille-Rennes,2022-11-06,Matchweek 14,Sun,Away,D,1,1,Lille,280.0,381.0,73.5,5432.0,1638.0,98.0,119.0,82.4,138.0,172.0,80.2,35.0,67.0,52.2,0,0.1,0.1,1.0,10.0,1.0,1.0,19.0,17:05:00,/en/matches/004b284e/Lille-Rennes-November-6-2022-Ligue-1
FRA-Ligue 1,2223,Rennes,2022-11-12 Rennes-Toulouse,2022-11-12,Matchweek 15,Sat,Home,W,2,1,Toulouse,361.0,461.0,78.3,6646.0,2443.0,147.0,174.0,84.5,168.0,196.0,85.7,34.0,65.0,52.3,0,1.2,0.5,13.0,22.0,4.0,1.0,34.0,21:00:00,/en/matches/f352bc06/Rennes-Toulouse-November-12-2022-Ligue-1
FRA-Ligue 1,2223,Rennes,2022-12-29 Reims-Rennes,2022-12-29,Matchweek 16,Thu,Away,L,1,3,Reims,530.0,644.0,82.3,10636.0,3139.0,151.0,189.0,79.9,293.0,328.0,89.3,70.0,98.0,71.4,1,1.4,1.7,8.0,54.0,16.0,4.0,54.0,19:00:00,/en/matches/ae3fb1a3/Reims-Rennes-December-29-2022-Ligue-1
FRA-Ligue 1,2223,Rennes,2023-01-02 Rennes-Nice,2023-01-02,Matchweek 17,Mon,Home,W,2,1,Nice,582.0,673.0,86.5,10528.0,3122.0,223.0,252.0,88.5,281.0,304.0,92.4,61.0,88.0,69.3,1,1.4,1.6,14.0,72.0,10.0,1.0,80.0,21:00:00,/en/matches/4d3e283f/Rennes-Nice-January-2-2023-Ligue-1
FRA-Ligue 1,2223,Rennes,2023-01-11 Clermont Foot-Rennes,2023-01-11,Matchweek 18,Wed,Away,L,1,2,Clermont Foot,523.0,616.0,84.9,9829.0,2741.0,198.0,222.0,89.2,259.0,291.0,89.0,55.0,83.0,66.3,1,1.1,0.8,8.0,36.0,9.0,1.0,51.0,19:00:00,/en/matches/560bb258/Clermont-Foot-Rennes-January-11-2023-Ligue-1
FRA-Ligue 1,2223,Rennes,2023-01-15 Rennes-Paris S-G,2023-01-15,Matchweek 19,Sun,Home,W,1,0,Paris S-G,319.0,390.0,81.8,5699.0,1977.0,123.0,137.0,89.8,156.0,172.0,90.7,28.0,55.0,50.9,1,0.6,0.5,6.0,16.0,5.0,2.0,23.0,20:45:00,/en/matches/a1cfed8d/Rennes-Paris-Saint-Germain-January-15-2023-Ligue-1
FRA-Ligue 1,2223,Rennes,2023-01-27 Lorient-Rennes,2023-01-27,Matchweek 20,Fri,Away,L,1,2,Lorient,623.0,735.0,84.8,11064.0,2926.0,279.0,313.0,89.1,282.0,315.0,89.5,55.0,81.0,67.9,1,1.3,2.5,16.0,69.0,25.0,5.0,83.0,21:00:00,/en/matches/b1b646a8/Lorient-Rennes-January-27-2023-Ligue-1
FRA-Ligue 1,2223,Rennes,2023-02-01 Rennes-Strasbourg,2023-02-01,Matchweek 21,Wed,Home,W,3,0,Strasbourg,534.0,622.0,85.9,9849.0,2217.0,203.0,228.0,89.0,270.0,298.0,90.6,51.0,77.0,66.2,3,1.1,0.6,5.0,22.0,0.0,0.0,26.0,21:00:00,/en/matches/cdc46e1d/Rennes-Strasbourg-February-1-2023-Ligue-1
FRA-Ligue 1,2223,Rennes,2023-02-04 Rennes-Lille,2023-02-04,Matchweek 22,Sat,Home,L,1,3,Lille,286.0,390.0,73.3,5339.0,1799.0,120.0,152.0,78.9,118.0,146.0,80.8,38.0,72.0,52.8,0,1.2,0.3,6.0,18.0,4.0,1.0,22.0,21:00:00,/en/matches/b405d94b/Rennes-Lille-February-4-2023-Ligue-1
FRA-Ligue 1,2223,Rennes,2023-02-12 Toulouse-Rennes,2023-02-12,Matchweek 23,Sun,Away,L,1,3,Toulouse,560.0,669.0,83.7,10553.0,3030.0,196.0,231.0,84.8,288.0,320.0,90.0,64.0,96.0,66.7,0,1.0,1.5,8.0,53.0,15.0,1.0,66.0,13:00:00,/en/matches/65d07eec/Toulouse-Rennes-February-12-2023-Ligue-1
FRA-Ligue 1,2223,Rennes,2023-02-19 Rennes-Clermont Foot,2023-02-19,Matchweek 24,Sun,Home,W,2,0,Clermont Foot,541.0,619.0,87.4,10013.0,2762.0,197.0,220.0,89.5,281.0,303.0,92.7,51.0,72.0,70.8,1,0.8,0.8,12.0,36.0,4.0,1.0,44.0,15:00:00,/en/matches/e1b735e0/Rennes-Clermont-Foot-February-19-2023-Ligue-1
FRA-Ligue 1,2223,Rennes,2023-02-26 Nantes-Rennes,2023-02-26,Matchweek 25,Sun,Away,W,1,0,Nantes,333.0,442.0,75.3,6362.0,2908.0,127.0,157.0,80.9,155.0,183.0,84.7,42.0,85.0,49.4,1,1.0,0.6,10.0,26.0,9.0,2.0,32.0,15:00:00,/en/matches/faf5f698/Nantes-Rennes-February-26-2023-Ligue-1
FRA-Ligue 1,2223,Rennes,2023-03-05 Rennes-Marseille,2023-03-05,Matchweek 26,Sun,Home,L,0,1,Marseille,411.0,532.0,77.3,7966.0,2725.0,129.0,163.0,79.1,201.0,234.0,85.9,63.0,102.0,61.8,0,0.9,1.1,11.0,36.0,9.0,4.0,48.0,20:45:00,/en/matches/723f16d0/Rennes-Marseille-March-5-2023-Ligue-1
FRA-Ligue 1,2223,Rennes,2023-03-11 Auxerre-Rennes,2023-03-11,Matchweek 27,Sat,Away,D,0,0,Auxerre,591.0,690.0,85.7,10792.0,2880.0,219.0,242.0,90.5,294.0,325.0,90.5,61.0,88.0,69.3,0,0.5,0.8,6.0,34.0,9.0,1.0,53.0,17:00:00,/en/matches/edf3e1c0/Auxerre-Rennes-March-11-2023-Ligue-1
FRA-Ligue 1,2223,Rennes,2023-03-19 Paris S-G-Rennes,2023-03-19,Matchweek 28,Sun,Away,W,2,0,Paris S-G,384.0,452.0,85.0,7337.0,2464.0,136.0,156.0,87.2,202.0,217.0,93.1,41.0,67.0,61.2,2,1.4,1.3,9.0,23.0,8.0,1.0,34.0,17:05:00,/en/matches/9acfad51/Paris-Saint-Germain-Rennes-March-19-2023-Ligue-1
FRA-Ligue 1,2223,Rennes,2023-04-01 Rennes-Lens,2023-04-01,Matchweek 29,Sat,Home,L,0,1,Lens,508.0,602.0,84.4,9433.0,2658.0,186.0,217.0,85.7,258.0,283.0,91.2,50.0,78.0,64.1,0,1.0,1.3,8.0,40.0,11.0,2.0,54.0,21:00:00,/en/matches/1130a1b6/Rennes-Lens-April-1-2023-Ligue-1
FRA-Ligue 1,2223,Rennes,2023-04-09 Lyon-Rennes,2023-04-09,Matchweek 30,Sun,Away,L,1,3,Lyon,324.0,395.0,82.0,5758.0,2153.0,135.0,154.0,87.7,150.0,172.0,87.2,29.0,49.0,59.2,1,0.8,0.6,8.0,31.0,7.0,0.0,38.0,13:00:00,/en/matches/f258dab1/Lyon-Rennes-April-9-2023-Ligue-1
FRA-Ligue 1,2223,Rennes,2023-04-15 Rennes-Reims,2023-04-15,Matchweek 31,Sat,Home,W,3,0,Reims,375.0,477.0,78.6,7076.0,2584.0,141.0,166.0,84.9,174.0,195.0,89.2,46.0,83.0,55.4,2,1.9,1.4,16.0,34.0,11.0,2.0,39.0,17:00:00,/en/matches/46c859a1/Rennes-Reims-April-15-2023-Ligue-1
FRA-Ligue 1,2223,Rennes,2023-04-23 Montpellier-Rennes,2023-04-23,Matchweek 32,Sun,Away,L,0,1,Montpellier,559.0,650.0,86.0,9994.0,3215.0,226.0,263.0,85.9,247.0,270.0,91.5,67.0,91.0,73.6,0,1.0,1.9,13.0,57.0,14.0,4.0,76.0,17:05:00,/en/matches/f605cc42/Montpellier-Rennes-April-23-2023-Ligue-1
FRA-Ligue 1,2223,Rennes,2023-04-30 Rennes-Angers,2023-04-30,Matchweek 33,Sun,Home,W,4,2,Angers,519.0,589.0,88.1,10101.0,2948.0,170.0,195.0,87.2,276.0,293.0,94.2,66.0,81.0,81.5,3,1.9,2.0,11.0,32.0,12.0,3.0,56.0,15:00:00,/en/matches/8a1bae48/Rennes-Angers-April-30-2023-Ligue-1
FRA-Ligue 1,2223,Rennes,2023-05-06 Nice-Rennes,2023-05-06,Matchweek 34,Sat,Away,L,1,2,Nice,451.0,531.0,84.9,8708.0,2478.0,159.0,181.0,87.8,235.0,255.0,92.2,52.0,82.0,63.4,1,1.2,0.9,11.0,30.0,8.0,1.0,48.0,17:00:00,/en/matches/7892fd01/Nice-Rennes-May-6-2023-Ligue-1
FRA-Ligue 1,2223,Rennes,2023-05-14 Rennes-Troyes,2023-05-14,Matchweek 35,Sun,Home,W,4,0,Troyes,530.0,613.0,86.5,10004.0,3356.0,187.0,204.0,91.7,283.0,312.0,90.7,51.0,71.0,71.8,2,3.4,2.8,17.0,31.0,16.0,2.0,59.0,15:00:00,/en/matches/ed2523e7/Rennes-Troyes-May-14-2023-Ligue-1
FRA-Ligue 1,2223,Rennes,2023-05-21 Ajaccio-Rennes,2023-05-21,Matchweek 36,Sun,Away,W,5,0,Ajaccio,470.0,546.0,86.1,9041.0,2428.0,161.0,182.0,88.5,247.0,269.0,91.8,50.0,76.0,65.8,5,1.3,1.6,13.0,33.0,10.0,2.0,44.0,13:00:00,/en/matches/3f140dc2/Ajaccio-Rennes-May-21-2023-Ligue-1
FRA-Ligue 1,2223,Rennes,2023-05-27 Rennes-Monaco,2023-05-27,Matchweek 37,Sat,Home,W,2,0,Monaco,438.0,532.0,82.3,8380.0,2725.0,131.0,155.0,84.5,262.0,292.0,89.7,41.0,71.0,57.7,2,1.1,0.9,10.0,32.0,6.0,2.0,52.0,21:00:00,/en/matches/25f4ccfb/Rennes-Monaco-May-27-2023-Ligue-1
FRA-Ligue 1,2223,Rennes,2023-06-03 Brest-Rennes,2023-06-03,Matchweek 38,Sat,Away,W,2,1,Brest,309.0,404.0,76.5,5714.0,2547.0,108.0,140.0,77.1,166.0,191.0,86.9,27.0,55.0,49.1,0,0.8,0.8,8.0,21.0,4.0,0.0,33.0,21:00:00,/en/matches/e9d9bb82/Brest-Rennes-June-3-2023-Ligue-1
FRA-Ligue 1,2223,Strasbourg,2022-08-06 Strasbourg-Monaco,2022-08-06,Matchweek 1,Sat,Home,L,1,2,Monaco,409.0,523.0,78.2,7838.0,3121.0,164.0,196.0,83.7,174.0,205.0,84.9,55.0,93.0,59.1,1,0.7,1.3,9.0,24.0,11.0,5.0,34.0,17:00:00,/en/matches/b9e7f94c/Strasbourg-Monaco-August-6-2022-Ligue-1
FRA-Ligue 1,2223,Strasbourg,2022-08-14 Nice-Strasbourg,2022-08-14,Matchweek 2,Sun,Away,D,1,1,Nice,386.0,488.0,79.1,6902.0,2494.0,152.0,172.0,88.4,177.0,202.0,87.6,39.0,87.0,44.8,1,0.8,1.7,8.0,28.0,10.0,0.0,37.0,17:05:00,/en/matches/d1bb8afd/Nice-Strasbourg-August-14-2022-Ligue-1
FRA-Ligue 1,2223,Strasbourg,2022-08-21 Strasbourg-Reims,2022-08-21,Matchweek 3,Sun,Home,D,1,1,Reims,460.0,574.0,80.1,8309.0,3031.0,202.0,229.0,88.2,189.0,221.0,85.5,50.0,89.0,56.2,1,0.9,0.7,7.0,35.0,5.0,1.0,39.0,13:00:00,/en/matches/be90ec61/Strasbourg-Reims-August-21-2022-Ligue-1
FRA-Ligue 1,2223,Strasbourg,2022-08-27 Auxerre-Strasbourg,2022-08-27,Matchweek 4,Sat,Away,L,0,1,Auxerre,539.0,663.0,81.3,9456.0,2879.0,241.0,279.0,86.4,224.0,261.0,85.8,57.0,90.0,63.3,0,1.2,2.3,11.0,42.0,16.0,3.0,65.0,17:00:00,/en/matches/0bd45b22/Auxerre-Strasbourg-August-27-2022-Ligue-1
FRA-Ligue 1,2223,Strasbourg,2022-08-31 Strasbourg-Nantes,2022-08-31,Matchweek 5,Wed,Home,D,1,1,Nantes,375.0,487.0,77.0,6568.0,2785.0,153.0,175.0,87.4,162.0,192.0,84.4,38.0,79.0,48.1,1,0.3,0.8,3.0,31.0,9.0,3.0,31.0,19:00:00,/en/matches/6a2fc46c/Strasbourg-Nantes-August-31-2022-Ligue-1
FRA-Ligue 1,2223,Strasbourg,2022-09-04 Brest-Strasbourg,2022-09-04,Matchweek 6,Sun,Away,D,1,1,Brest,275.0,379.0,72.6,4822.0,2064.0,136.0,166.0,81.9,98.0,125.0,78.4,33.0,70.0,47.1,0,1.4,1.6,5.0,28.0,11.0,3.0,28.0,15:00:00,/en/matches/a4f51170/Brest-Strasbourg-September-4-2022-Ligue-1
FRA-Ligue 1,2223,Strasbourg,2022-09-11 Strasbourg-Clermont Foot,2022-09-11,Matchweek 7,Sun,Home,D,0,0,Clermont Foot,280.0,396.0,70.7,4648.0,1971.0,138.0,168.0,82.1,94.0,134.0,70.1,28.0,64.0,43.8,0,0.6,1.2,7.0,29.0,9.0,2.0,31.0,13:00:00,/en/matches/198f2034/Strasbourg-Clermont-Foot-September-11-2022-Ligue-1
FRA-Ligue 1,2223,Strasbourg,2022-09-17 Montpellier-Strasbourg,2022-09-17,Matchweek 8,Sat,Away,L,1,2,Montpellier,304.0,413.0,73.6,5560.0,2256.0,136.0,160.0,85.0,111.0,139.0,79.9,40.0,84.0,47.6,0,0.6,1.1,6.0,35.0,3.0,0.0,37.0,17:00:00,/en/matches/ea79c10f/Montpellier-Strasbourg-September-17-2022-Ligue-1
FRA-Ligue 1,2223,Strasbourg,2022-10-01 Strasbourg-Rennes,2022-10-01,Matchweek 9,Sat,Home,L,1,3,Rennes,330.0,419.0,78.8,5721.0,1843.0,156.0,179.0,87.2,136.0,159.0,85.5,31.0,60.0,51.7,0,0.4,0.4,7.0,22.0,4.0,2.0,31.0,17:00:00,/en/matches/304c5e6e/Strasbourg-Rennes-October-1-2022-Ligue-1
FRA-Ligue 1,2223,Strasbourg,2022-10-09 Angers-Strasbourg,2022-10-09,Matchweek 10,Sun,Away,W,3,2,Angers,385.0,475.0,81.1,8281.0,2997.0,104.0,124.0,83.9,210.0,237.0,88.6,66.0,98.0,67.3,1,1.3,1.4,14.0,34.0,15.0,7.0,58.0,15:00:00,/en/matches/bc649871/Angers-Strasbourg-October-9-2022-Ligue-1
FRA-Ligue 1,2223,Strasbourg,2022-10-14 Strasbourg-Lille,2022-10-14,Matchweek 11,Fri,Home,L,0,3,Lille,339.0,467.0,72.6,6138.0,2098.0,149.0,181.0,82.3,136.0,177.0,76.8,41.0,79.0,51.9,0,0.4,0.7,9.0,29.0,8.0,2.0,42.0,21:00:00,/en/matches/5004b998/Strasbourg-Lille-October-14-2022-Ligue-1
FRA-Ligue 1,2223,Strasbourg,2022-10-23 Toulouse-Strasbourg,2022-10-23,Matchweek 12,Sun,Away,D,2,2,Toulouse,383.0,493.0,77.7,7093.0,2143.0,145.0,164.0,88.4,190.0,220.0,86.4,38.0,82.0,46.3,1,0.7,1.3,7.0,29.0,8.0,4.0,40.0,15:00:00,/en/matches/ef6dff8d/Toulouse-Strasbourg-October-23-2022-Ligue-1
FRA-Ligue 1,2223,Strasbourg,2022-10-29 Strasbourg-Marseille,2022-10-29,Matchweek 13,Sat,Home,D,2,2,Marseille,407.0,518.0,78.6,7428.0,2534.0,169.0,201.0,84.1,196.0,229.0,85.6,37.0,67.0,55.2,1,0.6,0.8,7.0,26.0,10.0,3.0,36.0,21:00:00,/en/matches/be8af29c/Strasbourg-Marseille-October-29-2022-Ligue-1
FRA-Ligue 1,2223,Strasbourg,2022-11-05 Ajaccio-Strasbourg,2022-11-05,Matchweek 14,Sat,Away,L,2,4,Ajaccio,327.0,423.0,77.3,6184.0,2121.0,140.0,167.0,83.8,138.0,166.0,83.1,45.0,80.0,56.3,1,0.7,0.9,7.0,31.0,7.0,4.0,31.0,17:00:00,/en/matches/ce07c8bb/Ajaccio-Strasbourg-November-5-2022-Ligue-1
FRA-Ligue 1,2223,Strasbourg,2022-11-13 Strasbourg-Lorient,2022-11-13,Matchweek 15,Sun,Home,D,1,1,Lorient,543.0,670.0,81.0,10078.0,3130.0,197.0,229.0,86.0,262.0,308.0,85.1,65.0,92.0,70.7,1,1.9,1.5,13.0,69.0,16.0,6.0,70.0,17:05:00,/en/matches/d02cfa28/Strasbourg-Lorient-November-13-2022-Ligue-1
FRA-Ligue 1,2223,Strasbourg,2022-12-28 Paris S-G-Strasbourg,2022-12-28,Matchweek 16,Wed,Away,L,1,2,Paris S-G,262.0,330.0,79.4,4847.0,1981.0,118.0,134.0,88.1,99.0,116.0,85.3,35.0,63.0,55.6,0,1.0,1.5,9.0,22.0,9.0,2.0,32.0,21:00:00,/en/matches/c4b9d773/Paris-Saint-Germain-Strasbourg-December-28-2022-Ligue-1
FRA-Ligue 1,2223,Strasbourg,2023-01-02 Strasbourg-Troyes,2023-01-02,Matchweek 17,Mon,Home,L,2,3,Troyes,471.0,594.0,79.3,8827.0,3283.0,181.0,209.0,86.6,204.0,248.0,82.3,68.0,104.0,65.4,2,0.9,1.6,13.0,35.0,17.0,6.0,55.0,15:00:00,/en/matches/f8182d7b/Strasbourg-Troyes-January-2-2023-Ligue-1
FRA-Ligue 1,2223,Strasbourg,2023-01-11 Strasbourg-Lens,2023-01-11,Matchweek 18,Wed,Home,D,2,2,Lens,286.0,364.0,78.6,5433.0,2312.0,108.0,123.0,87.8,129.0,150.0,86.0,39.0,68.0,57.4,1,0.5,0.4,8.0,19.0,4.0,0.0,25.0,21:00:00,/en/matches/e91d3b16/Strasbourg-Lens-January-11-2023-Ligue-1
FRA-Ligue 1,2223,Strasbourg,2023-01-14 Lyon-Strasbourg,2023-01-14,Matchweek 19,Sat,Away,W,2,1,Lyon,207.0,297.0,69.7,3464.0,1774.0,107.0,136.0,78.7,74.0,98.0,75.5,19.0,44.0,43.2,0,0.4,0.2,4.0,14.0,2.0,0.0,12.0,21:00:00,/en/matches/6016edce/Lyon-Strasbourg-January-14-2023-Ligue-1
FRA-Ligue 1,2223,Strasbourg,2023-01-29 Strasbourg-Toulouse,2023-01-29,Matchweek 20,Sun,Home,L,1,2,Toulouse,468.0,607.0,77.1,8438.0,2854.0,191.0,225.0,84.9,206.0,248.0,83.1,52.0,101.0,51.5,0,0.5,0.9,5.0,45.0,6.0,2.0,41.0,15:00:00,/en/matches/a2c720b1/Strasbourg-Toulouse-January-29-2023-Ligue-1
FRA-Ligue 1,2223,Strasbourg,2023-02-01 Rennes-Strasbourg,2023-02-01,Matchweek 21,Wed,Away,L,0,3,Rennes,356.0,436.0,81.7,5489.0,1663.0,180.0,202.0,89.1,135.0,149.0,90.6,19.0,52.0,36.5,0,0.1,0.3,3.0,28.0,2.0,1.0,24.0,21:00:00,/en/matches/cdc46e1d/Rennes-Strasbourg-February-1-2023-Ligue-1
FRA-Ligue 1,2223,Strasbourg,2023-02-05 Strasbourg-Montpellier,2023-02-05,Matchweek 22,Sun,Home,W,2,0,Montpellier,205.0,306.0,67.0,4009.0,1862.0,86.0,112.0,76.8,70.0,87.0,80.5,38.0,85.0,44.7,1,0.4,0.8,5.0,12.0,2.0,1.0,18.0,15:00:00,/en/matches/1b074cd2/Strasbourg-Montpellier-February-5-2023-Ligue-1
FRA-Ligue 1,2223,Strasbourg,2023-02-12 Lille-Strasbourg,2023-02-12,Matchweek 23,Sun,Away,L,0,2,Lille,295.0,379.0,77.8,5712.0,1999.0,115.0,135.0,85.2,134.0,164.0,81.7,39.0,58.0,67.2,0,0.3,0.4,4.0,20.0,3.0,2.0,26.0,15:00:00,/en/matches/5bcb2b4d/Lille-Strasbourg-February-12-2023-Ligue-1
FRA-Ligue 1,2223,Strasbourg,2023-02-18 Strasbourg-Angers,2023-02-18,Matchweek 24,Sat,Home,W,2,1,Angers,259.0,344.0,75.3,4861.0,2110.0,112.0,132.0,84.8,112.0,140.0,80.0,27.0,54.0,50.0,1,1.3,0.8,13.0,18.0,8.0,4.0,27.0,21:00:00,/en/matches/7981e432/Strasbourg-Angers-February-18-2023-Ligue-1
FRA-Ligue 1,2223,Strasbourg,2023-02-26 Clermont Foot-Strasbourg,2023-02-26,Matchweek 25,Sun,Away,D,1,1,Clermont Foot,270.0,395.0,68.4,4908.0,2138.0,109.0,141.0,77.3,130.0,167.0,77.8,24.0,70.0,34.3,1,0.9,0.7,9.0,25.0,6.0,2.0,34.0,15:00:00,/en/matches/3c41bf64/Clermont-Foot-Strasbourg-February-26-2023-Ligue-1
FRA-Ligue 1,2223,Strasbourg,2023-03-05 Strasbourg-Brest,2023-03-05,Matchweek 26,Sun,Home,L,0,1,Brest,402.0,549.0,73.2,7544.0,2722.0,169.0,214.0,79.0,170.0,202.0,84.2,51.0,106.0,48.1,0,0.8,0.8,10.0,40.0,9.0,3.0,50.0,15:00:00,/en/matches/9971c1e8/Strasbourg-Brest-March-5-2023-Ligue-1
FRA-Ligue 1,2223,Strasbourg,2023-03-12 Marseille-Strasbourg,2023-03-12,Matchweek 27,Sun,Away,D,2,2,Marseille,435.0,547.0,79.5,7888.0,2333.0,176.0,202.0,87.1,202.0,232.0,87.1,45.0,88.0,51.1,0,1.6,2.1,16.0,37.0,8.0,5.0,37.0,20:45:00,/en/matches/5bd3872f/Marseille-Strasbourg-March-12-2023-Ligue-1
FRA-Ligue 1,2223,Strasbourg,2023-03-19 Strasbourg-Auxerre,2023-03-19,Matchweek 28,Sun,Home,W,2,0,Auxerre,290.0,425.0,68.2,5954.0,2649.0,102.0,146.0,69.9,133.0,169.0,78.7,49.0,94.0,52.1,2,1.8,1.2,10.0,25.0,12.0,2.0,39.0,15:00:00,/en/matches/8c7d3708/Strasbourg-Auxerre-March-19-2023-Ligue-1
FRA-Ligue 1,2223,Strasbourg,2023-04-02 Monaco-Strasbourg,2023-04-02,Matchweek 29,Sun,Away,L,3,4,Monaco,370.0,481.0,76.9,6351.0,2271.0,173.0,203.0,85.2,154.0,188.0,81.9,33.0,70.0,47.1,2,1.4,1.8,11.0,28.0,12.0,6.0,39.0,17:05:00,/en/matches/87a8aadf/Monaco-Strasbourg-April-2-2023-Ligue-1
FRA-Ligue 1,2223,Strasbourg,2023-04-07 Lens-Strasbourg,2023-04-07,Matchweek 30,Fri,Away,L,1,2,Lens,362.0,460.0,78.7,6641.0,2125.0,141.0,164.0,86.0,177.0,202.0,87.6,36.0,75.0,48.0,1,0.7,0.9,11.0,31.0,12.0,4.0,30.0,21:00:00,/en/matches/c64ab24a/Lens-Strasbourg-April-7-2023-Ligue-1
FRA-Ligue 1,2223,Strasbourg,2023-04-16 Strasbourg-Ajaccio,2023-04-16,Matchweek 31,Sun,Home,W,3,1,Ajaccio,287.0,388.0,74.0,5563.0,2245.0,111.0,133.0,83.5,126.0,160.0,78.8,41.0,78.0,52.6,1,0.5,0.5,7.0,31.0,4.0,0.0,42.0,15:00:00,/en/matches/c4b417d4/Strasbourg-Ajaccio-April-16-2023-Ligue-1
FRA-Ligue 1,2223,Strasbourg,2023-04-23 Reims-Strasbourg,2023-04-23,Matchweek 32,Sun,Away,W,2,0,Reims,124.0,234.0,53.0,2256.0,1053.0,56.0,81.0,69.1,45.0,68.0,66.2,17.0,66.0,25.8,2,0.7,0.7,8.0,11.0,7.0,2.0,17.0,13:00:00,/en/matches/bd272f62/Reims-Strasbourg-April-23-2023-Ligue-1
FRA-Ligue 1,2223,Strasbourg,2023-04-28 Strasbourg-Lyon,2023-04-28,Matchweek 33,Fri,Home,L,1,2,Lyon,375.0,491.0,76.4,6877.0,2432.0,157.0,186.0,84.4,173.0,209.0,82.8,39.0,80.0,48.8,1,1.0,1.0,9.0,29.0,8.0,1.0,35.0,21:00:00,/en/matches/7102beec/Strasbourg-Lyon-April-28-2023-Ligue-1
FRA-Ligue 1,2223,Strasbourg,2023-05-07 Nantes-Strasbourg,2023-05-07,Matchweek 34,Sun,Away,W,2,0,Nantes,304.0,409.0,74.3,5498.0,2478.0,145.0,171.0,84.8,105.0,148.0,70.9,39.0,74.0,52.7,1,0.9,0.5,5.0,17.0,2.0,0.0,29.0,15:00:00,/en/matches/8411b267/Nantes-Strasbourg-May-7-2023-Ligue-1
FRA-Ligue 1,2223,Strasbourg,2023-05-13 Strasbourg-Nice,2023-05-13,Matchweek 35,Sat,Home,W,2,0,Nice,319.0,405.0,78.8,5705.0,2086.0,138.0,153.0,90.2,141.0,164.0,86.0,32.0,71.0,45.1,1,1.1,1.3,10.0,24.0,12.0,3.0,30.0,17:00:00,/en/matches/c505aa59/Strasbourg-Nice-May-13-2023-Ligue-1
FRA-Ligue 1,2223,Strasbourg,2023-05-21 Troyes-Strasbourg,2023-05-21,Matchweek 36,Sun,Away,D,1,1,Troyes,405.0,491.0,82.5,7616.0,2371.0,144.0,169.0,85.2,209.0,231.0,90.5,42.0,71.0,59.2,1,0.9,1.4,10.0,39.0,11.0,2.0,33.0,15:00:00,/en/matches/bfbeee1e/Troyes-Strasbourg-May-21-2023-Ligue-1
FRA-Ligue 1,2223,Strasbourg,2023-05-27 Strasbourg-Paris S-G,2023-05-27,Matchweek 37,Sat,Home,D,1,1,Paris S-G,350.0,394.0,88.8,5883.0,1903.0,153.0,159.0,96.2,162.0,174.0,93.1,23.0,41.0,56.1,0,0.8,0.6,13.0,24.0,3.0,2.0,20.0,21:00:00,/en/matches/b78590c5/Strasbourg-Paris-Saint-Germain-May-27-2023-Ligue-1
FRA-Ligue 1,2223,Strasbourg,2023-06-03 Lorient-Strasbourg,2023-06-03,Matchweek 38,Sat,Away,L,1,2,Lorient,493.0,563.0,87.6,8490.0,2576.0,211.0,228.0,92.5,212.0,227.0,93.4,48.0,75.0,64.0,1,0.8,1.2,11.0,44.0,12.0,2.0,46.0,21:00:00,/en/matches/a744a9bd/Lorient-Strasbourg-June-3-2023-Ligue-1
FRA-Ligue 1,2223,Toulouse,2022-08-07 Toulouse-Nice,2022-08-07,Matchweek 1,Sun,Home,D,1,1,Nice,398.0,500.0,79.6,7903.0,3035.0,150.0,181.0,82.9,188.0,212.0,88.7,52.0,88.0,59.1,1,0.9,1.0,6.0,30.0,12.0,4.0,46.0,13:00:00,/en/matches/8f2f241b/Toulouse-Nice-August-7-2022-Ligue-1
FRA-Ligue 1,2223,Toulouse,2022-08-14 Troyes-Toulouse,2022-08-14,Matchweek 2,Sun,Away,W,3,0,Troyes,518.0,613.0,84.5,9463.0,3063.0,220.0,250.0,88.0,227.0,247.0,91.9,57.0,87.0,65.5,2,1.4,1.3,6.0,38.0,9.0,0.0,61.0,15:00:00,/en/matches/f60d97c0/Troyes-Toulouse-August-14-2022-Ligue-1
FRA-Ligue 1,2223,Toulouse,2022-08-21 Toulouse-Lorient,2022-08-21,Matchweek 3,Sun,Home,D,2,2,Lorient,404.0,501.0,80.6,7312.0,2617.0,161.0,191.0,84.3,187.0,214.0,87.4,40.0,63.0,63.5,0,0.7,0.8,11.0,32.0,15.0,7.0,63.0,15:00:00,/en/matches/8fd476c8/Toulouse-Lorient-August-21-2022-Ligue-1
FRA-Ligue 1,2223,Toulouse,2022-08-28 Nantes-Toulouse,2022-08-28,Matchweek 4,Sun,Away,L,1,3,Nantes,358.0,457.0,78.3,6607.0,2685.0,151.0,183.0,82.5,154.0,183.0,84.2,40.0,68.0,58.8,1,0.6,0.5,9.0,31.0,7.0,0.0,40.0,13:00:00,/en/matches/211a8d64/Nantes-Toulouse-August-28-2022-Ligue-1
FRA-Ligue 1,2223,Toulouse,2022-08-31 Toulouse-Paris S-G,2022-08-31,Matchweek 5,Wed,Home,L,0,3,Paris S-G,327.0,390.0,83.8,5484.0,2077.0,165.0,181.0,91.2,113.0,132.0,85.6,37.0,53.0,69.8,0,0.5,0.4,12.0,32.0,4.0,0.0,41.0,21:00:00,/en/matches/63fb1427/Toulouse-Paris-Saint-Germain-August-31-2022-Ligue-1
FRA-Ligue 1,2223,Toulouse,2022-09-04 Clermont Foot-Toulouse,2022-09-04,Matchweek 6,Sun,Away,L,0,2,Clermont Foot,473.0,574.0,82.4,8997.0,3379.0,194.0,223.0,87.0,196.0,226.0,86.7,67.0,90.0,74.4,0,1.2,1.6,10.0,54.0,13.0,2.0,58.0,15:00:00,/en/matches/20d46d25/Clermont-Foot-Toulouse-September-4-2022-Ligue-1
FRA-Ligue 1,2223,Toulouse,2022-09-11 Toulouse-Reims,2022-09-11,Matchweek 7,Sun,Home,W,1,0,Reims,314.0,421.0,74.6,6159.0,2848.0,107.0,132.0,81.1,150.0,178.0,84.3,45.0,86.0,52.3,1,1.2,1.2,11.0,37.0,5.0,2.0,47.0,15:00:00,/en/matches/9f57e775/Toulouse-Reims-September-11-2022-Ligue-1
FRA-Ligue 1,2223,Toulouse,2022-09-17 Lille-Toulouse,2022-09-17,Matchweek 8,Sat,Away,L,1,2,Lille,418.0,550.0,76.0,7198.0,2669.0,208.0,242.0,86.0,152.0,189.0,80.4,45.0,85.0,52.9,1,0.7,0.5,11.0,20.0,5.0,2.0,34.0,21:00:00,/en/matches/00795804/Lille-Toulouse-September-17-2022-Ligue-1
FRA-Ligue 1,2223,Toulouse,2022-10-02 Toulouse-Montpellier,2022-10-02,Matchweek 9,Sun,Home,W,4,2,Montpellier,294.0,378.0,77.8,5330.0,2564.0,139.0,161.0,86.3,102.0,117.0,87.2,42.0,68.0,61.8,4,1.6,1.4,9.0,27.0,4.0,0.0,37.0,15:00:00,/en/matches/b53830d8/Toulouse-Montpellier-October-2-2022-Ligue-1
FRA-Ligue 1,2223,Toulouse,2022-10-07 Lyon-Toulouse,2022-10-07,Matchweek 10,Fri,Away,D,1,1,Lyon,324.0,437.0,74.1,5537.0,2243.0,168.0,201.0,83.6,105.0,126.0,83.3,36.0,73.0,49.3,1,0.4,0.3,2.0,26.0,4.0,0.0,35.0,21:00:00,/en/matches/3e063ecd/Lyon-Toulouse-October-7-2022-Ligue-1
FRA-Ligue 1,2223,Toulouse,2022-10-16 Toulouse-Angers,2022-10-16,Matchweek 11,Sun,Home,W,3,2,Angers,399.0,497.0,80.3,7316.0,2941.0,160.0,195.0,82.1,188.0,210.0,89.5,38.0,66.0,57.6,2,1.5,1.2,12.0,39.0,12.0,1.0,55.0,13:00:00,/en/matches/4b81fd1f/Toulouse-Angers-October-16-2022-Ligue-1
FRA-Ligue 1,2223,Toulouse,2022-10-23 Toulouse-Strasbourg,2022-10-23,Matchweek 12,Sun,Home,D,2,2,Strasbourg,358.0,457.0,78.3,6554.0,2420.0,178.0,212.0,84.0,118.0,144.0,81.9,48.0,75.0,64.0,2,1.9,1.4,13.0,34.0,9.0,2.0,49.0,15:00:00,/en/matches/ef6dff8d/Toulouse-Strasbourg-October-23-2022-Ligue-1
FRA-Ligue 1,2223,Toulouse,2022-10-28 Lens-Toulouse,2022-10-28,Matchweek 13,Fri,Away,L,0,3,Lens,321.0,430.0,74.7,5911.0,2057.0,128.0,146.0,87.7,148.0,181.0,81.8,37.0,84.0,44.0,0,0.5,0.4,7.0,27.0,1.0,0.0,24.0,21:00:00,/en/matches/95ff5e13/Lens-Toulouse-October-28-2022-Ligue-1
FRA-Ligue 1,2223,Toulouse,2022-11-06 Toulouse-Monaco,2022-11-06,Matchweek 14,Sun,Home,L,0,2,Monaco,315.0,438.0,71.9,5758.0,2648.0,134.0,172.0,77.9,129.0,161.0,80.1,40.0,68.0,58.8,0,0.4,0.3,8.0,25.0,7.0,1.0,52.0,15:00:00,/en/matches/4c62ed91/Toulouse-Monaco-November-6-2022-Ligue-1
FRA-Ligue 1,2223,Toulouse,2022-11-12 Rennes-Toulouse,2022-11-12,Matchweek 15,Sat,Away,L,1,2,Rennes,422.0,536.0,78.7,7312.0,2570.0,190.0,220.0,86.4,166.0,194.0,85.6,48.0,76.0,63.2,1,1.0,0.7,10.0,40.0,7.0,2.0,63.0,21:00:00,/en/matches/f352bc06/Rennes-Toulouse-November-12-2022-Ligue-1
FRA-Ligue 1,2223,Toulouse,2022-12-29 Marseille-Toulouse,2022-12-29,Matchweek 16,Thu,Away,L,1,6,Marseille,377.0,482.0,78.2,6097.0,2370.0,197.0,236.0,83.5,133.0,163.0,81.6,32.0,58.0,55.2,0,0.9,1.0,6.0,28.0,8.0,1.0,33.0,21:00:00,/en/matches/34caf658/Marseille-Toulouse-December-29-2022-Ligue-1
FRA-Ligue 1,2223,Toulouse,2023-01-01 Toulouse-Ajaccio,2023-01-01,Matchweek 17,Sun,Home,W,2,0,Ajaccio,484.0,608.0,79.6,8965.0,2681.0,201.0,243.0,82.7,210.0,236.0,89.0,57.0,98.0,58.2,2,1.0,1.5,9.0,50.0,11.0,3.0,56.0,15:00:00,/en/matches/0e22e8ba/Toulouse-Ajaccio-January-1-2023-Ligue-1
FRA-Ligue 1,2223,Toulouse,2023-01-11 Auxerre-Toulouse,2023-01-11,Matchweek 18,Wed,Away,W,5,0,Auxerre,317.0,406.0,78.1,5560.0,2271.0,145.0,167.0,86.8,111.0,137.0,81.0,41.0,74.0,55.4,3,1.1,0.8,6.0,18.0,5.0,1.0,26.0,19:00:00,/en/matches/7037273e/Auxerre-Toulouse-January-11-2023-Ligue-1
FRA-Ligue 1,2223,Toulouse,2023-01-15 Toulouse-Brest,2023-01-15,Matchweek 19,Sun,Home,D,1,1,Brest,495.0,601.0,82.4,9213.0,3289.0,180.0,214.0,84.1,254.0,288.0,88.2,49.0,78.0,62.8,0,0.6,0.8,8.0,54.0,16.0,4.0,75.0,15:00:00,/en/matches/10ac929c/Toulouse-Brest-January-15-2023-Ligue-1
FRA-Ligue 1,2223,Toulouse,2023-01-29 Strasbourg-Toulouse,2023-01-29,Matchweek 20,Sun,Away,W,2,1,Strasbourg,380.0,513.0,74.1,6456.0,2333.0,164.0,202.0,81.2,163.0,199.0,81.9,33.0,72.0,45.8,1,0.6,1.0,4.0,31.0,5.0,0.0,41.0,15:00:00,/en/matches/a2c720b1/Strasbourg-Toulouse-January-29-2023-Ligue-1
FRA-Ligue 1,2223,Toulouse,2023-02-01 Toulouse-Troyes,2023-02-01,Matchweek 21,Wed,Home,W,4,1,Troyes,509.0,593.0,85.8,9424.0,2996.0,214.0,236.0,90.7,225.0,253.0,88.9,60.0,84.0,71.4,3,1.4,1.4,11.0,29.0,8.0,1.0,42.0,19:00:00,/en/matches/6226baab/Toulouse-Troyes-February-1-2023-Ligue-1
FRA-Ligue 1,2223,Toulouse,2023-02-04 Paris S-G-Toulouse,2023-02-04,Matchweek 22,Sat,Away,L,1,2,Paris S-G,355.0,431.0,82.4,6268.0,2328.0,160.0,178.0,89.9,157.0,181.0,86.7,29.0,50.0,58.0,0,0.4,0.3,7.0,23.0,3.0,0.0,33.0,17:00:00,/en/matches/20d2d2e9/Paris-Saint-Germain-Toulouse-February-4-2023-Ligue-1
FRA-Ligue 1,2223,Toulouse,2023-02-12 Toulouse-Rennes,2023-02-12,Matchweek 23,Sun,Home,W,3,1,Rennes,230.0,309.0,74.4,4301.0,1920.0,102.0,119.0,85.7,90.0,108.0,83.3,31.0,58.0,53.4,1,1.0,0.6,10.0,17.0,7.0,1.0,30.0,13:00:00,/en/matches/65d07eec/Toulouse-Rennes-February-12-2023-Ligue-1
FRA-Ligue 1,2223,Toulouse,2023-02-19 Toulouse-Marseille,2023-02-19,Matchweek 24,Sun,Home,L,2,3,Marseille,394.0,480.0,82.1,6740.0,2755.0,178.0,200.0,89.0,169.0,198.0,85.4,36.0,60.0,60.0,2,1.1,0.9,12.0,29.0,9.0,3.0,45.0,20:45:00,/en/matches/9d43f831/Toulouse-Marseille-February-19-2023-Ligue-1
FRA-Ligue 1,2223,Toulouse,2023-02-26 Reims-Toulouse,2023-02-26,Matchweek 25,Sun,Away,L,0,3,Reims,432.0,543.0,79.6,7361.0,2652.0,205.0,234.0,87.6,176.0,209.0,84.2,37.0,68.0,54.4,0,0.8,0.8,9.0,26.0,9.0,0.0,42.0,15:00:00,/en/matches/bf387fea/Reims-Toulouse-February-26-2023-Ligue-1
FRA-Ligue 1,2223,Toulouse,2023-03-05 Toulouse-Clermont Foot,2023-03-05,Matchweek 26,Sun,Home,L,0,1,Clermont Foot,432.0,537.0,80.4,8139.0,3196.0,166.0,201.0,82.6,203.0,228.0,89.0,52.0,84.0,61.9,0,0.9,1.4,7.0,48.0,10.0,1.0,63.0,15:00:00,/en/matches/332295d4/Toulouse-Clermont-Foot-March-5-2023-Ligue-1
FRA-Ligue 1,2223,Toulouse,2023-03-12 Angers-Toulouse,2023-03-12,Matchweek 27,Sun,Away,W,2,0,Angers,523.0,625.0,83.7,9206.0,2910.0,228.0,257.0,88.7,209.0,229.0,91.3,64.0,96.0,66.7,0,1.3,0.9,4.0,25.0,8.0,1.0,36.0,15:00:00,/en/matches/7bf37201/Angers-Toulouse-March-12-2023-Ligue-1
FRA-Ligue 1,2223,Toulouse,2023-03-18 Toulouse-Lille,2023-03-18,Matchweek 28,Sat,Home,L,0,2,Lille,400.0,485.0,82.5,6815.0,2763.0,192.0,208.0,92.3,150.0,172.0,87.2,44.0,74.0,59.5,0,2.2,1.5,13.0,24.0,10.0,2.0,36.0,17:00:00,/en/matches/0659aa2f/Toulouse-Lille-March-18-2023-Ligue-1
FRA-Ligue 1,2223,Toulouse,2023-04-02 Brest-Toulouse,2023-04-02,Matchweek 29,Sun,Away,L,1,3,Brest,481.0,576.0,83.5,8207.0,2743.0,201.0,231.0,87.0,216.0,243.0,88.9,45.0,68.0,66.2,1,1.2,1.4,7.0,25.0,6.0,2.0,47.0,15:00:00,/en/matches/1b47ccce/Brest-Toulouse-April-2-2023-Ligue-1
FRA-Ligue 1,2223,Toulouse,2023-04-09 Montpellier-Toulouse,2023-04-09,Matchweek 30,Sun,Away,W,2,1,Montpellier,342.0,448.0,76.3,5789.0,2415.0,165.0,189.0,87.3,125.0,163.0,76.7,34.0,69.0,49.3,1,0.9,0.5,9.0,32.0,3.0,1.0,33.0,15:00:00,/en/matches/444918ba/Montpellier-Toulouse-April-9-2023-Ligue-1
FRA-Ligue 1,2223,Toulouse,2023-04-14 Toulouse-Lyon,2023-04-14,Matchweek 31,Fri,Home,L,1,2,Lyon,378.0,488.0,77.5,6386.0,2519.0,199.0,233.0,85.4,129.0,157.0,82.2,38.0,68.0,55.9,0,0.4,1.2,6.0,31.0,7.0,0.0,33.0,21:00:00,/en/matches/fbcb2095/Toulouse-Lyon-April-14-2023-Ligue-1
FRA-Ligue 1,2223,Toulouse,2023-04-23 Lorient-Toulouse,2023-04-23,Matchweek 32,Sun,Away,W,1,0,Lorient,403.0,502.0,80.3,7528.0,2820.0,158.0,185.0,85.4,187.0,208.0,89.9,46.0,77.0,59.7,1,1.0,1.0,11.0,38.0,6.0,2.0,46.0,15:00:00,/en/matches/b1552b3c/Lorient-Toulouse-April-23-2023-Ligue-1
FRA-Ligue 1,2223,Toulouse,2023-05-02 Toulouse-Lens,2023-05-02,Matchweek 33,Tue,Home,L,0,1,Lens,419.0,524.0,80.0,6731.0,2505.0,207.0,240.0,86.3,170.0,196.0,86.7,29.0,66.0,43.9,0,0.2,0.4,5.0,29.0,2.0,1.0,32.0,21:00:00,/en/matches/b5e2c075/Toulouse-Lens-May-2-2023-Ligue-1
FRA-Ligue 1,2223,Toulouse,2023-05-07 Ajaccio-Toulouse,2023-05-07,Matchweek 34,Sun,Away,D,0,0,Ajaccio,498.0,596.0,83.6,9209.0,3164.0,222.0,256.0,86.7,203.0,230.0,88.3,64.0,90.0,71.1,0,1.2,1.1,11.0,48.0,7.0,3.0,64.0,15:00:00,/en/matches/504a857a/Ajaccio-Toulouse-May-7-2023-Ligue-1
FRA-Ligue 1,2223,Toulouse,2023-05-14 Toulouse-Nantes,2023-05-14,Matchweek 35,Sun,Home,D,0,0,Nantes,662.0,775.0,85.4,11186.0,3771.0,297.0,326.0,91.1,278.0,319.0,87.1,56.0,82.0,68.3,0,1.0,1.1,9.0,65.0,11.0,2.0,74.0,15:00:00,/en/matches/52ee44a2/Toulouse-Nantes-May-14-2023-Ligue-1
FRA-Ligue 1,2223,Toulouse,2023-05-21 Nice-Toulouse,2023-05-21,Matchweek 36,Sun,Away,D,0,0,Nice,437.0,535.0,81.7,7583.0,2448.0,188.0,215.0,87.4,191.0,214.0,89.3,40.0,72.0,55.6,0,0.8,0.5,7.0,24.0,9.0,2.0,35.0,15:00:00,/en/matches/9250f89a/Nice-Toulouse-May-21-2023-Ligue-1
FRA-Ligue 1,2223,Toulouse,2023-05-27 Toulouse-Auxerre,2023-05-27,Matchweek 37,Sat,Home,D,1,1,Auxerre,440.0,536.0,82.1,8710.0,3189.0,145.0,171.0,84.8,230.0,256.0,89.8,53.0,79.0,67.1,1,0.8,1.3,9.0,50.0,12.0,4.0,69.0,21:00:00,/en/matches/e117776e/Toulouse-Auxerre-May-27-2023-Ligue-1
FRA-Ligue 1,2223,Toulouse,2023-06-03 Monaco-Toulouse,2023-06-03,Matchweek 38,Sat,Away,W,2,1,Monaco,361.0,464.0,77.8,6316.0,2671.0,148.0,169.0,87.6,175.0,207.0,84.5,29.0,60.0,48.3,1,1.0,0.6,12.0,23.0,11.0,1.0,41.0,21:00:00,/en/matches/206cb494/Monaco-Toulouse-June-3-2023-Ligue-1
FRA-Ligue 1,2223,Troyes,2022-08-07 Montpellier-Troyes,2022-08-07,Matchweek 1,Sun,Away,L,2,3,Montpellier,316.0,385.0,82.1,6558.0,2948.0,114.0,128.0,89.1,143.0,169.0,84.6,52.0,77.0,67.5,1,0.9,1.6,13.0,27.0,9.0,5.0,41.0,15:00:00,/en/matches/e3e9b9b5/Montpellier-Troyes-August-7-2022-Ligue-1
FRA-Ligue 1,2223,Troyes,2022-08-14 Troyes-Toulouse,2022-08-14,Matchweek 2,Sun,Home,L,0,3,Toulouse,221.0,299.0,73.9,4057.0,1607.0,95.0,109.0,87.2,98.0,114.0,86.0,21.0,58.0,36.2,0,0.9,0.5,9.0,20.0,4.0,2.0,24.0,15:00:00,/en/matches/f60d97c0/Troyes-Toulouse-August-14-2022-Ligue-1
FRA-Ligue 1,2223,Troyes,2022-08-19 Lyon-Troyes,2022-08-19,Matchweek 3,Fri,Away,L,1,4,Lyon,328.0,409.0,80.2,5433.0,1971.0,166.0,187.0,88.8,123.0,147.0,83.7,27.0,54.0,50.0,0,0.2,0.4,2.0,26.0,3.0,0.0,27.0,21:00:00,/en/matches/a1baf3a5/Lyon-Troyes-August-19-2022-Ligue-1
FRA-Ligue 1,2223,Troyes,2022-08-28 Troyes-Angers,2022-08-28,Matchweek 4,Sun,Home,W,3,1,Angers,459.0,552.0,83.2,7637.0,2718.0,221.0,240.0,92.1,182.0,217.0,83.9,36.0,60.0,60.0,3,1.4,1.2,18.0,41.0,8.0,3.0,44.0,15:00:00,/en/matches/ccccf547/Troyes-Angers-August-28-2022-Ligue-1
FRA-Ligue 1,2223,Troyes,2022-08-31 Monaco-Troyes,2022-08-31,Matchweek 5,Wed,Away,W,4,2,Monaco,399.0,483.0,82.6,6565.0,2626.0,201.0,227.0,88.5,160.0,189.0,84.7,27.0,51.0,52.9,2,1.8,1.0,16.0,28.0,7.0,3.0,40.0,19:00:00,/en/matches/8b21a4d4/Monaco-Troyes-August-31-2022-Ligue-1
FRA-Ligue 1,2223,Troyes,2022-09-04 Troyes-Rennes,2022-09-04,Matchweek 6,Sun,Home,D,1,1,Rennes,194.0,276.0,70.3,3379.0,1589.0,87.0,110.0,79.1,72.0,86.0,83.7,22.0,60.0,36.7,1,0.9,0.7,6.0,13.0,3.0,1.0,11.0,17:05:00,/en/matches/e174ad85/Troyes-Rennes-September-4-2022-Ligue-1
FRA-Ligue 1,2223,Troyes,2022-09-09 Lens-Troyes,2022-09-09,Matchweek 7,Fri,Away,L,0,1,Lens,341.0,423.0,80.6,5587.0,2147.0,155.0,177.0,87.6,152.0,182.0,83.5,21.0,45.0,46.7,0,0.6,0.6,5.0,27.0,3.0,0.0,25.0,21:00:00,/en/matches/953fed3d/Lens-Troyes-September-9-2022-Ligue-1
FRA-Ligue 1,2223,Troyes,2022-09-18 Clermont Foot-Troyes,2022-09-18,Matchweek 8,Sun,Away,W,3,1,Clermont Foot,296.0,393.0,75.3,5121.0,2069.0,132.0,159.0,83.0,123.0,153.0,80.4,25.0,54.0,46.3,2,0.9,0.2,5.0,23.0,2.0,1.0,25.0,15:00:00,/en/matches/4724678c/Clermont-Foot-Troyes-September-18-2022-Ligue-1
FRA-Ligue 1,2223,Troyes,2022-10-02 Troyes-Reims,2022-10-02,Matchweek 9,Sun,Home,D,2,2,Reims,538.0,637.0,84.5,9311.0,3372.0,234.0,264.0,88.6,244.0,271.0,90.0,44.0,73.0,60.3,0,0.8,1.7,12.0,66.0,17.0,8.0,87.0,15:00:00,/en/matches/1cbd26d0/Troyes-Reims-October-2-2022-Ligue-1
FRA-Ligue 1,2223,Troyes,2022-10-09 Nice-Troyes,2022-10-09,Matchweek 10,Sun,Away,L,2,3,Nice,337.0,418.0,80.6,6007.0,2134.0,145.0,166.0,87.3,135.0,159.0,84.9,43.0,68.0,63.2,1,1.4,1.1,14.0,23.0,7.0,5.0,38.0,15:00:00,/en/matches/d77bb56e/Nice-Troyes-October-9-2022-Ligue-1
FRA-Ligue 1,2223,Troyes,2022-10-16 Troyes-Ajaccio,2022-10-16,Matchweek 11,Sun,Home,D,1,1,Ajaccio,339.0,453.0,74.8,6103.0,2356.0,160.0,194.0,82.5,122.0,151.0,80.8,46.0,83.0,55.4,1,0.6,0.4,8.0,23.0,7.0,1.0,28.0,15:00:00,/en/matches/6ad88cc9/Troyes-Ajaccio-October-16-2022-Ligue-1
FRA-Ligue 1,2223,Troyes,2022-10-23 Troyes-Lorient,2022-10-23,Matchweek 12,Sun,Home,D,2,2,Lorient,351.0,422.0,83.2,6407.0,2407.0,144.0,157.0,91.7,165.0,189.0,87.3,35.0,62.0,56.5,0,0.6,0.8,11.0,27.0,5.0,2.0,37.0,15:00:00,/en/matches/58eb4a20/Troyes-Lorient-October-23-2022-Ligue-1
FRA-Ligue 1,2223,Troyes,2022-10-29 Paris S-G-Troyes,2022-10-29,Matchweek 13,Sat,Away,L,3,4,Paris S-G,297.0,358.0,83.0,5041.0,1864.0,148.0,162.0,91.4,108.0,123.0,87.8,32.0,56.0,57.1,3,2.0,0.9,13.0,15.0,8.0,3.0,26.0,17:00:00,/en/matches/0706f45a/Paris-Saint-Germain-Troyes-October-29-2022-Ligue-1
FRA-Ligue 1,2223,Troyes,2022-11-04 Troyes-Auxerre,2022-11-04,Matchweek 14,Fri,Home,D,1,1,Auxerre,435.0,528.0,82.4,7402.0,2656.0,196.0,224.0,87.5,193.0,218.0,88.5,30.0,59.0,50.8,1,1.3,1.2,13.0,34.0,8.0,4.0,47.0,21:00:00,/en/matches/c138eba8/Troyes-Auxerre-November-4-2022-Ligue-1
FRA-Ligue 1,2223,Troyes,2022-11-13 Brest-Troyes,2022-11-13,Matchweek 15,Sun,Away,L,1,2,Brest,313.0,403.0,77.7,5538.0,2243.0,142.0,160.0,88.8,123.0,145.0,84.8,31.0,71.0,43.7,0,0.9,0.6,7.0,24.0,7.0,4.0,32.0,15:00:00,/en/matches/8067e5e7/Brest-Troyes-November-13-2022-Ligue-1
FRA-Ligue 1,2223,Troyes,2022-12-28 Troyes-Nantes,2022-12-28,Matchweek 16,Wed,Home,D,0,0,Nantes,514.0,620.0,82.9,8901.0,2976.0,225.0,256.0,87.9,246.0,281.0,87.5,30.0,61.0,49.2,0,0.2,0.5,5.0,49.0,2.0,0.0,39.0,15:00:00,/en/matches/8501cd5a/Troyes-Nantes-December-28-2022-Ligue-1
FRA-Ligue 1,2223,Troyes,2023-01-02 Strasbourg-Troyes,2023-01-02,Matchweek 17,Mon,Away,W,3,2,Strasbourg,344.0,466.0,73.8,6958.0,2362.0,114.0,142.0,80.3,171.0,209.0,81.8,49.0,87.0,56.3,1,1.0,0.6,6.0,17.0,5.0,0.0,29.0,15:00:00,/en/matches/f8182d7b/Strasbourg-Troyes-January-2-2023-Ligue-1
FRA-Ligue 1,2223,Troyes,2023-01-11 Troyes-Marseille,2023-01-11,Matchweek 18,Wed,Home,L,0,2,Marseille,262.0,336.0,78.0,4859.0,2276.0,94.0,112.0,83.9,126.0,152.0,82.9,28.0,51.0,54.9,0,0.2,0.2,4.0,21.0,5.0,1.0,29.0,21:00:00,/en/matches/18500cfa/Troyes-Marseille-January-11-2023-Ligue-1
FRA-Ligue 1,2223,Troyes,2023-01-15 Lille-Troyes,2023-01-15,Matchweek 19,Sun,Away,L,1,5,Lille,294.0,350.0,84.0,5559.0,2180.0,109.0,120.0,90.8,145.0,159.0,91.2,30.0,50.0,60.0,1,0.8,0.5,9.0,20.0,2.0,1.0,25.0,13:00:00,/en/matches/50911140/Lille-Troyes-January-15-2023-Ligue-1
FRA-Ligue 1,2223,Troyes,2023-01-28 Troyes-Lens,2023-01-28,Matchweek 20,Sat,Home,D,1,1,Lens,169.0,269.0,62.8,2943.0,1304.0,83.0,102.0,81.4,66.0,85.0,77.6,17.0,64.0,26.6,1,0.6,0.4,4.0,5.0,2.0,0.0,12.0,17:00:00,/en/matches/bf2e3c05/Troyes-Lens-January-28-2023-Ligue-1
FRA-Ligue 1,2223,Troyes,2023-02-01 Toulouse-Troyes,2023-02-01,Matchweek 21,Wed,Away,L,1,4,Toulouse,396.0,478.0,82.8,6450.0,2075.0,193.0,221.0,87.3,169.0,191.0,88.5,22.0,39.0,56.4,0,0.2,0.4,7.0,15.0,1.0,0.0,23.0,19:00:00,/en/matches/6226baab/Toulouse-Troyes-February-1-2023-Ligue-1
FRA-Ligue 1,2223,Troyes,2023-02-04 Troyes-Lyon,2023-02-04,Matchweek 22,Sat,Home,L,1,3,Lyon,358.0,453.0,79.0,6445.0,2355.0,163.0,197.0,82.7,130.0,151.0,86.1,51.0,75.0,68.0,1,1.0,0.8,8.0,15.0,6.0,1.0,33.0,19:00:00,/en/matches/774a8b12/Troyes-Lyon-February-4-2023-Ligue-1
FRA-Ligue 1,2223,Troyes,2023-02-12 Reims-Troyes,2023-02-12,Matchweek 23,Sun,Away,L,0,4,Reims,315.0,425.0,74.1,5258.0,1980.0,155.0,187.0,82.9,127.0,159.0,79.9,24.0,61.0,39.3,0,0.7,0.6,6.0,22.0,6.0,2.0,28.0,15:00:00,/en/matches/b1ac1305/Reims-Troyes-February-12-2023-Ligue-1
FRA-Ligue 1,2223,Troyes,2023-02-19 Troyes-Montpellier,2023-02-19,Matchweek 24,Sun,Home,L,0,1,Montpellier,385.0,490.0,78.6,7038.0,2083.0,155.0,175.0,88.6,185.0,222.0,83.3,35.0,70.0,50.0,0,0.1,0.6,4.0,20.0,7.0,0.0,42.0,15:00:00,/en/matches/27b0ea20/Troyes-Montpellier-February-19-2023-Ligue-1
FRA-Ligue 1,2223,Troyes,2023-02-26 Ajaccio-Troyes,2023-02-26,Matchweek 25,Sun,Away,L,1,2,Ajaccio,277.0,408.0,67.9,5002.0,1836.0,129.0,158.0,81.6,103.0,139.0,74.1,39.0,84.0,46.4,0,1.3,0.6,9.0,20.0,7.0,1.0,30.0,15:00:00,/en/matches/78ba7c57/Ajaccio-Troyes-February-26-2023-Ligue-1
FRA-Ligue 1,2223,Troyes,2023-03-05 Troyes-Monaco,2023-03-05,Matchweek 26,Sun,Home,D,2,2,Monaco,274.0,392.0,69.9,5131.0,1998.0,113.0,142.0,79.6,118.0,144.0,81.9,33.0,83.0,39.8,2,0.8,0.4,11.0,20.0,6.0,2.0,31.0,13:00:00,/en/matches/ae83643a/Troyes-Monaco-March-5-2023-Ligue-1
FRA-Ligue 1,2223,Troyes,2023-03-12 Lorient-Troyes,2023-03-12,Matchweek 27,Sun,Away,L,0,2,Lorient,411.0,516.0,79.7,7279.0,2745.0,177.0,213.0,83.1,175.0,194.0,90.2,46.0,80.0,57.5,0,0.6,0.8,8.0,38.0,6.0,3.0,47.0,15:00:00,/en/matches/11eab67b/Lorient-Troyes-March-12-2023-Ligue-1
FRA-Ligue 1,2223,Troyes,2023-03-19 Troyes-Brest,2023-03-19,Matchweek 28,Sun,Home,D,2,2,Brest,397.0,504.0,78.8,7269.0,2452.0,171.0,205.0,83.4,173.0,201.0,86.1,45.0,75.0,60.0,1,1.0,0.9,13.0,39.0,10.0,1.0,45.0,15:00:00,/en/matches/a67700d0/Troyes-Brest-March-19-2023-Ligue-1
FRA-Ligue 1,2223,Troyes,2023-04-01 Auxerre-Troyes,2023-04-01,Matchweek 29,Sat,Away,L,0,1,Auxerre,433.0,561.0,77.2,7090.0,2630.0,214.0,256.0,83.6,150.0,186.0,80.6,41.0,74.0,55.4,0,0.6,1.0,8.0,35.0,6.0,2.0,42.0,17:00:00,/en/matches/fd495836/Auxerre-Troyes-April-1-2023-Ligue-1
FRA-Ligue 1,2223,Troyes,2023-04-09 Troyes-Clermont Foot,2023-04-09,Matchweek 30,Sun,Home,L,0,2,Clermont Foot,351.0,437.0,80.3,6230.0,2121.0,156.0,180.0,86.7,145.0,171.0,84.8,41.0,70.0,58.6,0,0.3,0.4,8.0,40.0,4.0,1.0,41.0,15:00:00,/en/matches/ef3427f3/Troyes-Clermont-Foot-April-9-2023-Ligue-1
FRA-Ligue 1,2223,Troyes,2023-04-16 Marseille-Troyes,2023-04-16,Matchweek 31,Sun,Away,L,1,3,Marseille,205.0,287.0,71.4,3599.0,1508.0,94.0,110.0,85.5,80.0,106.0,75.5,19.0,53.0,35.8,1,0.4,0.1,4.0,13.0,0.0,0.0,11.0,20:45:00,/en/matches/51ec8961/Marseille-Troyes-April-16-2023-Ligue-1
FRA-Ligue 1,2223,Troyes,2023-04-23 Nantes-Troyes,2023-04-23,Matchweek 32,Sun,Away,D,2,2,Nantes,367.0,464.0,79.1,6270.0,2550.0,171.0,191.0,89.5,139.0,166.0,83.7,39.0,69.0,56.5,0,0.8,0.4,6.0,25.0,7.0,1.0,43.0,15:00:00,/en/matches/1bc2b939/Nantes-Troyes-April-23-2023-Ligue-1
FRA-Ligue 1,2223,Troyes,2023-04-30 Troyes-Nice,2023-04-30,Matchweek 33,Sun,Home,L,0,1,Nice,327.0,394.0,83.0,6128.0,2648.0,127.0,146.0,87.0,167.0,181.0,92.3,32.0,58.0,55.2,0,0.4,0.4,6.0,15.0,4.0,0.0,26.0,15:00:00,/en/matches/26c78eaa/Troyes-Nice-April-30-2023-Ligue-1
FRA-Ligue 1,2223,Troyes,2023-05-07 Troyes-Paris S-G,2023-05-07,Matchweek 34,Sun,Home,L,1,3,Paris S-G,438.0,499.0,87.8,7734.0,2544.0,173.0,192.0,90.1,208.0,224.0,92.9,42.0,60.0,70.0,1,0.5,0.6,5.0,26.0,4.0,2.0,29.0,20:45:00,/en/matches/f9e55cdf/Troyes-Paris-Saint-Germain-May-7-2023-Ligue-1
FRA-Ligue 1,2223,Troyes,2023-05-14 Rennes-Troyes,2023-05-14,Matchweek 35,Sun,Away,L,0,4,Rennes,235.0,313.0,75.1,4511.0,1749.0,87.0,103.0,84.5,120.0,145.0,82.8,23.0,53.0,43.4,0,0.4,0.7,4.0,20.0,8.0,0.0,31.0,15:00:00,/en/matches/ed2523e7/Rennes-Troyes-May-14-2023-Ligue-1
FRA-Ligue 1,2223,Troyes,2023-05-21 Troyes-Strasbourg,2023-05-21,Matchweek 36,Sun,Home,D,1,1,Strasbourg,336.0,408.0,82.4,6020.0,2349.0,137.0,152.0,90.1,141.0,157.0,89.8,41.0,70.0,58.6,0,0.5,0.5,6.0,21.0,3.0,1.0,26.0,15:00:00,/en/matches/bfbeee1e/Troyes-Strasbourg-May-21-2023-Ligue-1
FRA-Ligue 1,2223,Troyes,2023-05-27 Angers-Troyes,2023-05-27,Matchweek 37,Sat,Away,L,1,2,Angers,255.0,352.0,72.4,4553.0,1854.0,103.0,130.0,79.2,123.0,152.0,80.9,21.0,51.0,41.2,1,0.3,0.3,5.0,9.0,2.0,0.0,22.0,21:00:00,/en/matches/567eeb7c/Angers-Troyes-May-27-2023-Ligue-1
FRA-Ligue 1,2223,Troyes,2023-06-03 Troyes-Lille,2023-06-03,Matchweek 38,Sat,Home,D,1,1,Lille,244.0,332.0,73.5,4958.0,2201.0,97.0,123.0,78.9,97.0,111.0,87.4,38.0,72.0,52.8,1,0.3,0.2,5.0,19.0,5.0,2.0,19.0,21:00:00,/en/matches/a00583c3/Troyes-Lille-June-3-2023-Ligue-1
FRA-Ligue 1,2324,Brest,2023-08-13 Brest-Lens,2023-08-13,Matchweek 1,Sun,Home,W,3,2,Lens,317.0,413.0,76.8,6099.0,2421.0,118.0,137.0,86.1,136.0,169.0,80.5,43.0,74.0,58.1,0,0.5,0.5,8.0,28.0,8.0,2.0,35.0,13:00:00,/en/matches/6e29d5a3/Brest-Lens-August-13-2023-Ligue-1
FRA-Ligue 1,2324,Brest,2023-08-20 Le Havre-Brest,2023-08-20,Matchweek 2,Sun,Away,W,2,1,Le Havre,286.0,398.0,71.9,5824.0,2173.0,104.0,129.0,80.6,129.0,166.0,77.7,42.0,82.0,51.2,2,0.9,0.7,7.0,12.0,6.0,2.0,22.0,15:00:00,/en/matches/680c6c1d/Le-Havre-Brest-August-20-2023-Ligue-1
FRA-Ligue 1,2324,Brest,2023-08-26 Marseille-Brest,2023-08-26,Matchweek 3,Sat,Away,L,0,2,Marseille,470.0,571.0,82.3,9179.0,3231.0,159.0,179.0,88.8,237.0,267.0,88.8,61.0,97.0,62.9,0,1.4,1.5,14.0,45.0,17.0,5.0,58.0,19:00:00,/en/matches/b9c29ee4/Marseille-Brest-August-26-2023-Ligue-1
FRA-Ligue 1,2324,Brest,2023-09-02 Brest-Rennes,2023-09-02,Matchweek 4,Sat,Home,D,0,0,Rennes,356.0,462.0,77.1,7005.0,2163.0,141.0,162.0,87.0,152.0,180.0,84.4,54.0,88.0,61.4,0,1.3,1.3,9.0,25.0,7.0,3.0,33.0,17:00:00,/en/matches/38572486/Brest-Rennes-September-2-2023-Ligue-1
FRA-Ligue 1,2324,Brest,2023-09-17 Reims-Brest,2023-09-17,Matchweek 5,Sun,Away,W,2,1,Reims,291.0,410.0,71.0,6397.0,2599.0,110.0,145.0,75.9,105.0,138.0,76.1,64.0,102.0,62.7,1,0.9,1.2,11.0,31.0,11.0,7.0,26.0,15:00:00,/en/matches/f12c7a9a/Reims-Brest-September-17-2023-Ligue-1
FRA-Ligue 1,2324,Brest,2023-09-23 Brest-Lyon,2023-09-23,Matchweek 6,Sat,Home,W,1,0,Lyon,370.0,494.0,74.9,7701.0,2961.0,141.0,173.0,81.5,153.0,188.0,81.4,69.0,114.0,60.5,1,2.2,1.8,23.0,32.0,12.0,6.0,41.0,21:00:00,/en/matches/7ae5c7ed/Brest-Lyon-September-23-2023-Ligue-1
FRA-Ligue 1,2324,Brest,2023-10-01 Nice-Brest,2023-10-01,Matchweek 7,Sun,Away,D,0,0,Nice,292.0,400.0,73.0,5713.0,2220.0,120.0,139.0,86.3,116.0,146.0,79.5,46.0,87.0,52.9,0,0.1,0.3,4.0,27.0,6.0,2.0,33.0,15:00:00,/en/matches/49bbb3f4/Nice-Brest-October-1-2023-Ligue-1
FRA-Ligue 1,2324,Brest,2023-10-08 Brest-Toulouse,2023-10-08,Matchweek 8,Sun,Home,D,1,1,Toulouse,386.0,500.0,77.2,7562.0,2426.0,144.0,185.0,77.8,169.0,191.0,88.5,59.0,100.0,59.0,0,0.9,1.0,10.0,36.0,5.0,1.0,36.0,15:00:00,/en/matches/f41980c3/Brest-Toulouse-October-8-2023-Ligue-1
FRA-Ligue 1,2324,Brest,2023-10-22 Lille-Brest,2023-10-22,Matchweek 9,Sun,Away,L,0,1,Lille,432.0,546.0,79.1,8607.0,2830.0,140.0,169.0,82.8,212.0,237.0,89.5,65.0,113.0,57.5,0,0.4,0.8,4.0,31.0,9.0,5.0,46.0,15:00:00,/en/matches/de708e26/Lille-Brest-October-22-2023-Ligue-1
FRA-Ligue 1,2324,Brest,2023-10-29 Brest-Paris S-G,2023-10-29,Matchweek 10,Sun,Home,L,2,3,Paris S-G,339.0,434.0,78.1,6672.0,2651.0,141.0,156.0,90.4,128.0,155.0,82.6,61.0,101.0,60.4,2,1.6,2.0,18.0,33.0,14.0,8.0,38.0,13:00:00,/en/matches/3fc4e3ce/Brest-Paris-Saint-Germain-October-29-2023-Ligue-1
FRA-Ligue 1,2324,Brest,2023-11-05 Monaco-Brest,2023-11-05,Matchweek 11,Sun,Away,L,0,2,Monaco,392.0,501.0,78.2,7811.0,2691.0,151.0,186.0,81.2,163.0,191.0,85.3,66.0,102.0,64.7,0,0.6,0.9,11.0,31.0,8.0,3.0,35.0,17:05:00,/en/matches/ef59a003/Monaco-Brest-November-5-2023-Ligue-1
FRA-Ligue 1,2324,Brest,2023-11-26 Montpellier-Brest,2023-11-26,Matchweek 13,Sun,Away,W,3,1,Montpellier,311.0,436.0,71.3,5544.0,2485.0,143.0,179.0,79.9,105.0,136.0,77.2,45.0,84.0,53.6,2,1.6,1.5,14.0,21.0,3.0,0.0,35.0,15:00:00,/en/matches/e4cca984/Montpellier-Brest-November-26-2023-Ligue-1
FRA-Ligue 1,2324,Brest,2023-12-03 Brest-Clermont Foot,2023-12-03,Matchweek 14,Sun,Home,W,3,0,Clermont Foot,509.0,621.0,82.0,9876.0,3227.0,209.0,233.0,89.7,198.0,226.0,87.6,89.0,129.0,69.0,2,0.6,0.4,9.0,40.0,6.0,1.0,34.0,15:00:00,/en/matches/9f17a676/Brest-Clermont-Foot-December-3-2023-Ligue-1
FRA-Ligue 1,2324,Brest,2023-12-07 Brest-Strasbourg,2023-12-07,Matchweek 12,Thu,Home,D,1,1,Strasbourg,504.0,618.0,81.6,9403.0,3375.0,207.0,237.0,87.3,207.0,238.0,87.0,69.0,103.0,67.0,1,0.8,1.0,11.0,40.0,10.0,6.0,44.0,20:30:00,/en/matches/52a1fcfd/Brest-Strasbourg-December-7-2023-Ligue-1
FRA-Ligue 1,2324,Brest,2023-12-10 Metz-Brest,2023-12-10,Matchweek 15,Sun,Away,W,1,0,Metz,543.0,673.0,80.7,11009.0,3366.0,181.0,213.0,85.0,272.0,319.0,85.3,80.0,125.0,64.0,1,0.2,0.4,3.0,51.0,4.0,3.0,61.0,15:00:00,/en/matches/e1a3d53e/Metz-Brest-December-10-2023-Ligue-1
FRA-Ligue 1,2324,Brest,2023-12-17 Nantes-Brest,2023-12-17,Matchweek 16,Sun,Away,W,2,0,Nantes,437.0,537.0,81.4,9103.0,2985.0,167.0,192.0,87.0,176.0,198.0,88.9,87.0,127.0,68.5,1,0.7,0.5,9.0,24.0,3.0,0.0,32.0,13:00:00,/en/matches/17503b00/Nantes-Brest-December-17-2023-Ligue-1
FRA-Ligue 1,2324,Brest,2023-12-20 Brest-Lorient,2023-12-20,Matchweek 17,Wed,Home,W,4,0,Lorient,540.0,653.0,82.7,9929.0,2936.0,211.0,239.0,88.3,261.0,284.0,91.9,55.0,109.0,50.5,3,1.8,0.8,9.0,32.0,4.0,0.0,37.0,21:00:00,/en/matches/0f7c086f/Brest-Lorient-December-20-2023-Ligue-1
FRA-Ligue 1,2324,Brest,2024-01-14 Brest-Montpellier,2024-01-14,Matchweek 18,Sun,Home,W,2,0,Montpellier,543.0,650.0,83.5,10145.0,3881.0,221.0,259.0,85.3,235.0,258.0,91.1,69.0,103.0,67.0,2,2.6,2.7,21.0,57.0,10.0,5.0,56.0,15:00:00,/en/matches/82c3efb7/Brest-Montpellier-January-14-2024-Ligue-1
FRA-Ligue 1,2324,Brest,2024-01-28 Paris S-G-Brest,2024-01-28,Matchweek 19,Sun,Away,D,2,2,Paris S-G,380.0,463.0,82.1,7052.0,2711.0,177.0,193.0,91.7,137.0,161.0,85.1,55.0,84.0,65.5,1,0.5,0.7,7.0,39.0,5.0,1.0,41.0,20:45:00,/en/matches/8e2d796d/Paris-Saint-Germain-Brest-January-28-2024-Ligue-1
FRA-Ligue 1,2324,Brest,2024-02-04 Brest-Nice,2024-02-04,Matchweek 20,Sun,Home,D,0,0,Nice,430.0,539.0,79.8,8004.0,2596.0,169.0,196.0,86.2,205.0,230.0,89.1,45.0,90.0,50.0,0,0.5,0.9,8.0,26.0,11.0,6.0,43.0,17:05:00,/en/matches/19dfaa21/Brest-Nice-February-4-2024-Ligue-1
FRA-Ligue 1,2324,Brest,2024-02-11 Clermont Foot-Brest,2024-02-11,Matchweek 21,Sun,Away,D,1,1,Clermont Foot,391.0,498.0,78.5,7621.0,2956.0,138.0,169.0,81.7,164.0,191.0,85.9,66.0,106.0,62.3,1,1.5,1.4,14.0,33.0,13.0,5.0,47.0,15:00:00,/en/matches/33d0b78a/Clermont-Foot-Brest-February-11-2024-Ligue-1
FRA-Ligue 1,2324,Brest,2024-02-18 Brest-Marseille,2024-02-18,Matchweek 22,Sun,Home,W,1,0,Marseille,303.0,406.0,74.6,6038.0,2363.0,126.0,147.0,85.7,101.0,131.0,77.1,62.0,100.0,62.0,0,1.4,1.1,12.0,27.0,10.0,4.0,36.0,20:45:00,/en/matches/56d7c531/Brest-Marseille-February-18-2024-Ligue-1
FRA-Ligue 1,2324,Brest,2024-02-24 Strasbourg-Brest,2024-02-24,Matchweek 23,Sat,Away,W,3,0,Strasbourg,402.0,501.0,80.2,7877.0,2789.0,152.0,181.0,84.0,172.0,201.0,85.6,65.0,99.0,65.7,1,0.8,0.7,9.0,26.0,8.0,1.0,30.0,21:00:00,/en/matches/9c2847ab/Strasbourg-Brest-February-24-2024-Ligue-1
FRA-Ligue 1,2324,Brest,2024-03-03 Brest-Le Havre,2024-03-03,Matchweek 24,Sun,Home,W,1,0,Le Havre,470.0,584.0,80.5,9323.0,2887.0,158.0,185.0,85.4,241.0,270.0,89.3,61.0,110.0,55.5,1,0.8,0.6,7.0,21.0,3.0,1.0,33.0,15:00:00,/en/matches/51912b7d/Brest-Le-Havre-March-3-2024-Ligue-1
FRA-Ligue 1,2324,Brest,2024-03-09 Lens-Brest,2024-03-09,Matchweek 25,Sat,Away,L,0,1,Lens,477.0,583.0,81.8,9133.0,2945.0,180.0,202.0,89.1,225.0,249.0,90.4,59.0,109.0,54.1,0,0.5,1.6,6.0,47.0,5.0,2.0,41.0,21:00:00,/en/matches/54c25242/Lens-Brest-March-9-2024-Ligue-1
FRA-Ligue 1,2324,Brest,2024-03-17 Brest-Lille,2024-03-17,Matchweek 26,Sun,Home,D,1,1,Lille,415.0,507.0,81.9,8632.0,2812.0,128.0,157.0,81.5,213.0,237.0,89.9,64.0,94.0,68.1,0,0.8,0.6,12.0,37.0,8.0,1.0,43.0,13:00:00,/en/matches/cdf13a58/Brest-Lille-March-17-2024-Ligue-1
FRA-Ligue 1,2324,Brest,2024-03-31 Lorient-Brest,2024-03-31,Matchweek 27,Sun,Away,W,1,0,Lorient,345.0,441.0,78.2,6838.0,2292.0,115.0,137.0,83.9,167.0,193.0,86.5,54.0,93.0,58.1,1,0.4,0.3,7.0,27.0,6.0,0.0,38.0,13:00:00,/en/matches/605ef273/Lorient-Brest-March-31-2024-Ligue-1
FRA-Ligue 1,2324,Brest,2024-04-07 Brest-Metz,2024-04-07,Matchweek 28,Sun,Home,W,4,3,Metz,579.0,687.0,84.3,10360.0,3248.0,230.0,260.0,88.5,270.0,297.0,90.9,57.0,90.0,63.3,3,2.7,2.3,18.0,49.0,9.0,4.0,64.0,13:00:00,/en/matches/f6f76317/Brest-Metz-April-7-2024-Ligue-1
FRA-Ligue 1,2324,Brest,2024-04-14 Lyon-Brest,2024-04-14,Matchweek 29,Sun,Away,L,3,4,Lyon,327.0,390.0,83.8,6191.0,2758.0,136.0,149.0,91.3,142.0,162.0,87.7,43.0,67.0,64.2,2,1.3,0.9,16.0,34.0,12.0,4.0,40.0,20:45:00,/en/matches/c832a039/Lyon-Brest-April-14-2024-Ligue-1
FRA-Ligue 1,2324,Brest,2024-04-21 Brest-Monaco,2024-04-21,Matchweek 30,Sun,Home,L,0,2,Monaco,414.0,548.0,75.5,7229.0,2953.0,199.0,236.0,84.3,149.0,185.0,80.5,51.0,87.0,58.6,0,0.5,0.8,8.0,30.0,6.0,1.0,47.0,17:05:00,/en/matches/8f8b95f8/Brest-Monaco-April-21-2024-Ligue-1
FRA-Ligue 1,2324,Brest,2024-04-28 Rennes-Brest,2024-04-28,Matchweek 31,Sun,Away,W,5,4,Rennes,368.0,465.0,79.1,7328.0,2607.0,130.0,155.0,83.9,170.0,195.0,87.2,58.0,92.0,63.0,2,1.4,1.6,8.0,33.0,7.0,3.0,34.0,17:05:00,/en/matches/1865787f/Rennes-Brest-April-28-2024-Ligue-1
FRA-Ligue 1,2324,Brest,2024-05-04 Brest-Nantes,2024-05-04,Matchweek 32,Sat,Home,D,0,0,Nantes,644.0,752.0,85.6,12054.0,3552.0,231.0,264.0,87.5,326.0,359.0,90.8,69.0,107.0,64.5,0,0.4,0.7,8.0,57.0,8.0,3.0,61.0,21:00:00,/en/matches/8e6a7aaa/Brest-Nantes-May-4-2024-Ligue-1
FRA-Ligue 1,2324,Brest,2024-05-10 Brest-Reims,2024-05-10,Matchweek 33,Fri,Home,D,1,1,Reims,445.0,560.0,79.5,9335.0,3060.0,137.0,171.0,80.1,232.0,270.0,85.9,66.0,98.0,67.3,1,1.0,1.4,12.0,43.0,10.0,7.0,64.0,21:00:00,/en/matches/87d4c432/Brest-Reims-May-10-2024-Ligue-1
FRA-Ligue 1,2324,Brest,2024-05-19 Toulouse-Brest,2024-05-19,Matchweek 34,Sun,Away,W,3,0,Toulouse,403.0,492.0,81.9,7962.0,3176.0,138.0,161.0,85.7,195.0,219.0,89.0,60.0,93.0,64.5,2,1.5,0.9,10.0,30.0,5.0,3.0,38.0,21:00:00,/en/matches/0c59eeac/Toulouse-Brest-May-19-2024-Ligue-1
FRA-Ligue 1,2324,Clermont Foot,2023-08-13 Clermont Foot-Monaco,2023-08-13,Matchweek 1,Sun,Home,L,2,4,Monaco,482.0,582.0,82.8,8652.0,2986.0,185.0,202.0,91.6,233.0,264.0,88.3,44.0,81.0,54.3,2,1.6,1.1,11.0,45.0,5.0,1.0,49.0,15:00:00,/en/matches/68752280/Clermont-Foot-Monaco-August-13-2023-Ligue-1
FRA-Ligue 1,2324,Clermont Foot,2023-08-20 Reims-Clermont Foot,2023-08-20,Matchweek 2,Sun,Away,L,0,2,Reims,409.0,527.0,77.6,7279.0,2727.0,195.0,220.0,88.6,160.0,188.0,85.1,44.0,84.0,52.4,0,0.4,0.6,8.0,39.0,5.0,2.0,36.0,15:00:00,/en/matches/4b9f0040/Reims-Clermont-Foot-August-20-2023-Ligue-1
FRA-Ligue 1,2324,Clermont Foot,2023-08-27 Clermont Foot-Metz,2023-08-27,Matchweek 3,Sun,Home,L,0,1,Metz,593.0,705.0,84.1,9803.0,3697.0,281.0,317.0,88.6,248.0,287.0,86.4,39.0,67.0,58.2,0,0.5,0.8,12.0,54.0,11.0,5.0,67.0,15:00:00,/en/matches/344b05de/Clermont-Foot-Metz-August-27-2023-Ligue-1
FRA-Ligue 1,2324,Clermont Foot,2023-09-03 Toulouse-Clermont Foot,2023-09-03,Matchweek 4,Sun,Away,D,2,2,Toulouse,508.0,623.0,81.5,8071.0,2497.0,252.0,289.0,87.2,196.0,224.0,87.5,35.0,72.0,48.6,0,0.4,0.9,9.0,25.0,8.0,2.0,34.0,13:00:00,/en/matches/12bf8242/Toulouse-Clermont-Foot-September-3-2023-Ligue-1
FRA-Ligue 1,2324,Clermont Foot,2023-09-17 Clermont Foot-Nantes,2023-09-17,Matchweek 5,Sun,Home,L,0,1,Nantes,332.0,448.0,74.1,6249.0,2060.0,130.0,151.0,86.1,151.0,183.0,82.5,41.0,87.0,47.1,0,0.3,0.2,9.0,24.0,2.0,1.0,30.0,15:00:00,/en/matches/6a2c2932/Clermont-Foot-Nantes-September-17-2023-Ligue-1
FRA-Ligue 1,2324,Clermont Foot,2023-09-24 Le Havre-Clermont Foot,2023-09-24,Matchweek 6,Sun,Away,L,1,2,Le Havre,585.0,693.0,84.4,10354.0,2945.0,239.0,267.0,89.5,271.0,300.0,90.3,58.0,92.0,63.0,1,0.3,0.6,6.0,49.0,9.0,4.0,58.0,15:00:00,/en/matches/941106cf/Le-Havre-Clermont-Foot-September-24-2023-Ligue-1
FRA-Ligue 1,2324,Clermont Foot,2023-09-30 Clermont Foot-Paris S-G,2023-09-30,Matchweek 7,Sat,Home,D,0,0,Paris S-G,224.0,308.0,72.7,4525.0,2005.0,104.0,120.0,86.7,67.0,92.0,72.8,43.0,78.0,55.1,0,0.4,0.5,8.0,21.0,9.0,3.0,30.0,17:00:00,/en/matches/f443185b/Clermont-Foot-Paris-Saint-Germain-September-30-2023-Ligue-1
FRA-Ligue 1,2324,Clermont Foot,2023-10-22 Lyon-Clermont Foot,2023-10-22,Matchweek 9,Sun,Away,W,2,1,Lyon,275.0,372.0,73.9,5579.0,2493.0,116.0,140.0,82.9,102.0,128.0,79.7,46.0,88.0,52.3,2,0.9,0.7,10.0,27.0,7.0,0.0,27.0,20:45:00,/en/matches/847c54fa/Lyon-Clermont-Foot-October-22-2023-Ligue-1
FRA-Ligue 1,2324,Clermont Foot,2023-10-27 Clermont Foot-Nice,2023-10-27,Matchweek 10,Fri,Home,L,0,1,Nice,368.0,481.0,76.5,6745.0,2223.0,150.0,177.0,84.7,159.0,184.0,86.4,44.0,90.0,48.9,0,0.2,0.3,4.0,24.0,3.0,1.0,27.0,21:00:00,/en/matches/1c297781/Clermont-Foot-Nice-October-27-2023-Ligue-1
FRA-Ligue 1,2324,Clermont Foot,2023-11-05 Strasbourg-Clermont Foot,2023-11-05,Matchweek 11,Sun,Away,D,0,0,Strasbourg,539.0,631.0,85.4,9297.0,2891.0,232.0,255.0,91.0,226.0,253.0,89.3,50.0,82.0,61.0,0,0.9,1.2,9.0,37.0,10.0,2.0,48.0,15:00:00,/en/matches/957c6924/Strasbourg-Clermont-Foot-November-5-2023-Ligue-1
FRA-Ligue 1,2324,Clermont Foot,2023-11-12 Clermont Foot-Lorient,2023-11-12,Matchweek 12,Sun,Home,W,1,0,Lorient,481.0,566.0,85.0,8942.0,2975.0,187.0,208.0,89.9,227.0,251.0,90.4,51.0,81.0,63.0,0,0.6,0.7,13.0,35.0,7.0,1.0,48.0,15:00:00,/en/matches/e0aea3a9/Clermont-Foot-Lorient-November-12-2023-Ligue-1
FRA-Ligue 1,2324,Clermont Foot,2023-11-25 Clermont Foot-Lens,2023-11-25,Matchweek 13,Sat,Home,L,0,3,Lens,467.0,546.0,85.5,8199.0,2451.0,194.0,217.0,89.4,210.0,232.0,90.5,46.0,74.0,62.2,0,1.8,1.4,10.0,35.0,4.0,2.0,39.0,17:00:00,/en/matches/4cf8ae40/Clermont-Foot-Lens-November-25-2023-Ligue-1
FRA-Ligue 1,2324,Clermont Foot,2023-11-29 Montpellier-Clermont Foot,2023-11-29,Matchweek 8,Wed,Away,D,1,1,Montpellier,264.0,377.0,70.0,4614.0,2122.0,122.0,157.0,77.7,99.0,124.0,79.8,32.0,81.0,39.5,1,0.4,0.3,5.0,22.0,4.0,1.0,24.0,19:00:00,/en/matches/341877cf/Montpellier-Clermont-Foot-November-29-2023-Ligue-1
FRA-Ligue 1,2324,Clermont Foot,2023-12-03 Brest-Clermont Foot,2023-12-03,Matchweek 14,Sun,Away,L,0,3,Brest,349.0,463.0,75.4,6143.0,2506.0,146.0,177.0,82.5,153.0,183.0,83.6,36.0,70.0,51.4,0,0.5,0.5,7.0,23.0,6.0,0.0,37.0,15:00:00,/en/matches/9f17a676/Brest-Clermont-Foot-December-3-2023-Ligue-1
FRA-Ligue 1,2324,Clermont Foot,2023-12-10 Clermont Foot-Lille,2023-12-10,Matchweek 15,Sun,Home,D,0,0,Lille,395.0,488.0,80.9,7307.0,2564.0,163.0,184.0,88.6,163.0,188.0,86.7,53.0,90.0,58.9,0,1.3,0.6,14.0,30.0,7.0,1.0,35.0,15:00:00,/en/matches/b6281098/Clermont-Foot-Lille-December-10-2023-Ligue-1
FRA-Ligue 1,2324,Clermont Foot,2023-12-17 Marseille-Clermont Foot,2023-12-17,Matchweek 16,Sun,Away,L,1,2,Marseille,401.0,479.0,83.7,7658.0,2432.0,156.0,179.0,87.2,183.0,205.0,89.3,52.0,83.0,62.7,1,0.2,0.2,5.0,18.0,1.0,0.0,19.0,17:05:00,/en/matches/a92291bc/Marseille-Clermont-Foot-December-17-2023-Ligue-1
FRA-Ligue 1,2324,Clermont Foot,2023-12-20 Clermont Foot-Rennes,2023-12-20,Matchweek 17,Wed,Home,L,1,3,Rennes,300.0,409.0,73.3,5904.0,2125.0,120.0,144.0,83.3,130.0,160.0,81.3,43.0,90.0,47.8,1,0.6,0.7,13.0,36.0,6.0,1.0,33.0,21:00:00,/en/matches/16bc4ea4/Clermont-Foot-Rennes-December-20-2023-Ligue-1
FRA-Ligue 1,2324,Clermont Foot,2024-01-14 Nantes-Clermont Foot,2024-01-14,Matchweek 18,Sun,Away,W,2,1,Nantes,344.0,453.0,75.9,6515.0,2366.0,136.0,168.0,81.0,149.0,176.0,84.7,47.0,89.0,52.8,1,0.6,0.5,7.0,17.0,7.0,1.0,36.0,15:00:00,/en/matches/d2738fb8/Nantes-Clermont-Foot-January-14-2024-Ligue-1
FRA-Ligue 1,2324,Clermont Foot,2024-01-28 Clermont Foot-Strasbourg,2024-01-28,Matchweek 19,Sun,Home,D,1,1,Strasbourg,418.0,531.0,78.7,6898.0,2476.0,205.0,238.0,86.1,166.0,192.0,86.5,35.0,72.0,48.6,1,1.3,1.2,9.0,24.0,6.0,2.0,38.0,15:00:00,/en/matches/21b6f226/Clermont-Foot-Strasbourg-January-28-2024-Ligue-1
FRA-Ligue 1,2324,Clermont Foot,2024-02-04 Lille-Clermont Foot,2024-02-04,Matchweek 20,Sun,Away,L,0,4,Lille,385.0,476.0,80.9,6805.0,2384.0,171.0,193.0,88.6,170.0,200.0,85.0,34.0,63.0,54.0,0,0.2,0.2,3.0,20.0,2.0,1.0,21.0,15:00:00,/en/matches/90c40e1c/Lille-Clermont-Foot-February-4-2024-Ligue-1
FRA-Ligue 1,2324,Clermont Foot,2024-02-11 Clermont Foot-Brest,2024-02-11,Matchweek 21,Sun,Home,D,1,1,Brest,321.0,424.0,75.7,5808.0,2366.0,143.0,164.0,87.2,127.0,157.0,80.9,37.0,73.0,50.7,1,1.2,1.6,6.0,26.0,8.0,2.0,36.0,15:00:00,/en/matches/33d0b78a/Clermont-Foot-Brest-February-11-2024-Ligue-1
FRA-Ligue 1,2324,Clermont Foot,2024-02-18 Rennes-Clermont Foot,2024-02-18,Matchweek 22,Sun,Away,L,1,3,Rennes,442.0,520.0,85.0,8194.0,2661.0,190.0,209.0,90.9,178.0,200.0,89.0,62.0,90.0,68.9,1,0.8,0.6,12.0,28.0,9.0,4.0,37.0,15:00:00,/en/matches/93f25522/Rennes-Clermont-Foot-February-18-2024-Ligue-1
FRA-Ligue 1,2324,Clermont Foot,2024-02-25 Nice-Clermont Foot,2024-02-25,Matchweek 23,Sun,Away,D,0,0,Nice,345.0,442.0,78.1,5995.0,2319.0,145.0,168.0,86.3,164.0,188.0,87.2,28.0,74.0,37.8,0,0.9,1.2,10.0,23.0,7.0,1.0,29.0,15:00:00,/en/matches/d4ce6789/Nice-Clermont-Foot-February-25-2024-Ligue-1
FRA-Ligue 1,2324,Clermont Foot,2024-03-02 Clermont Foot-Marseille,2024-03-02,Matchweek 24,Sat,Home,L,1,5,Marseille,395.0,502.0,78.7,6978.0,2686.0,175.0,202.0,86.6,155.0,183.0,84.7,45.0,85.0,52.9,1,0.6,0.6,5.0,13.0,3.0,2.0,20.0,21:00:00,/en/matches/c2c8e29e/Clermont-Foot-Marseille-March-2-2024-Ligue-1
FRA-Ligue 1,2324,Clermont Foot,2024-03-10 Metz-Clermont Foot,2024-03-10,Matchweek 25,Sun,Away,L,0,1,Metz,505.0,607.0,83.2,8270.0,3006.0,242.0,258.0,93.8,213.0,256.0,83.2,33.0,63.0,52.4,0,0.6,1.9,11.0,48.0,9.0,2.0,60.0,15:00:00,/en/matches/f7db6990/Metz-Clermont-Foot-March-10-2024-Ligue-1
FRA-Ligue 1,2324,Clermont Foot,2024-03-17 Clermont Foot-Le Havre,2024-03-17,Matchweek 26,Sun,Home,W,2,1,Le Havre,260.0,349.0,74.5,4721.0,1952.0,111.0,129.0,86.0,105.0,125.0,84.0,33.0,77.0,42.9,1,0.3,0.3,6.0,24.0,5.0,1.0,26.0,15:00:00,/en/matches/f7f8d2b1/Clermont-Foot-Le-Havre-March-17-2024-Ligue-1
FRA-Ligue 1,2324,Clermont Foot,2024-03-31 Clermont Foot-Toulouse,2024-03-31,Matchweek 27,Sun,Home,L,0,3,Toulouse,463.0,579.0,80.0,8094.0,2211.0,192.0,223.0,86.1,209.0,245.0,85.3,46.0,87.0,52.9,0,0.5,0.4,9.0,29.0,2.0,0.0,37.0,15:00:00,/en/matches/bfe740ac/Clermont-Foot-Toulouse-March-31-2024-Ligue-1
FRA-Ligue 1,2324,Clermont Foot,2024-04-06 Paris S-G-Clermont Foot,2024-04-06,Matchweek 28,Sat,Away,D,1,1,Paris S-G,227.0,307.0,73.9,4344.0,2074.0,94.0,116.0,81.0,92.0,117.0,78.6,36.0,64.0,56.3,1,0.2,0.5,4.0,9.0,2.0,1.0,13.0,21:00:00,/en/matches/a0e24fef/Paris-Saint-Germain-Clermont-Foot-April-6-2024-Ligue-1
FRA-Ligue 1,2324,Clermont Foot,2024-04-14 Clermont Foot-Montpellier,2024-04-14,Matchweek 29,Sun,Home,D,1,1,Montpellier,427.0,508.0,84.1,7300.0,2653.0,203.0,218.0,93.1,171.0,198.0,86.4,39.0,65.0,60.0,0,0.7,0.7,8.0,29.0,4.0,1.0,46.0,15:00:00,/en/matches/9b9d6335/Clermont-Foot-Montpellier-April-14-2024-Ligue-1
FRA-Ligue 1,2324,Clermont Foot,2024-04-20 Lens-Clermont Foot,2024-04-20,Matchweek 30,Sat,Away,L,0,1,Lens,397.0,518.0,76.6,6469.0,2292.0,201.0,233.0,86.3,129.0,167.0,77.2,43.0,87.0,49.4,0,0.1,0.3,4.0,29.0,7.0,1.0,37.0,21:00:00,/en/matches/811884b5/Lens-Clermont-Foot-April-20-2024-Ligue-1
FRA-Ligue 1,2324,Clermont Foot,2024-04-28 Clermont Foot-Reims,2024-04-28,Matchweek 31,Sun,Home,W,4,1,Reims,340.0,438.0,77.6,6515.0,2600.0,130.0,151.0,86.1,157.0,184.0,85.3,41.0,74.0,55.4,2,1.2,1.1,7.0,26.0,7.0,4.0,38.0,15:00:00,/en/matches/b85a0106/Clermont-Foot-Reims-April-28-2024-Ligue-1
FRA-Ligue 1,2324,Clermont Foot,2024-05-04 Monaco-Clermont Foot,2024-05-04,Matchweek 32,Sat,Away,L,1,4,Monaco,294.0,377.0,78.0,5336.0,2119.0,115.0,132.0,87.1,126.0,147.0,85.7,36.0,67.0,53.7,1,1.4,0.9,7.0,33.0,5.0,0.0,33.0,17:00:00,/en/matches/a7f56ab4/Monaco-Clermont-Foot-May-4-2024-Ligue-1
FRA-Ligue 1,2324,Clermont Foot,2024-05-12 Clermont Foot-Lyon,2024-05-12,Matchweek 33,Sun,Home,L,0,1,Lyon,430.0,524.0,82.1,7548.0,2577.0,181.0,206.0,87.9,194.0,226.0,85.8,36.0,65.0,55.4,0,0.7,1.4,13.0,43.0,16.0,5.0,63.0,21:00:00,/en/matches/e6afe6a2/Clermont-Foot-Lyon-May-12-2024-Ligue-1
FRA-Ligue 1,2324,Clermont Foot,2024-05-19 Lorient-Clermont Foot,2024-05-19,Matchweek 34,Sun,Away,L,0,5,Lorient,425.0,531.0,80.0,7514.0,2763.0,186.0,216.0,86.1,171.0,199.0,85.9,47.0,80.0,58.8,0,0.5,0.6,8.0,24.0,5.0,2.0,36.0,21:00:00,/en/matches/aed44d7a/Lorient-Clermont-Foot-May-19-2024-Ligue-1
FRA-Ligue 1,2324,Le Havre,2023-08-13 Montpellier-Le Havre,2023-08-13,Matchweek 1,Sun,Away,D,2,2,Montpellier,283.0,393.0,72.0,5057.0,2096.0,118.0,149.0,79.2,128.0,165.0,77.6,26.0,60.0,43.3,2,1.0,0.5,11.0,22.0,5.0,0.0,37.0,15:00:00,/en/matches/ca893ead/Montpellier-Le-Havre-August-13-2023-Ligue-1
FRA-Ligue 1,2324,Le Havre,2023-08-20 Le Havre-Brest,2023-08-20,Matchweek 2,Sun,Home,L,1,2,Brest,390.0,507.0,76.9,6670.0,2541.0,173.0,208.0,83.2,167.0,202.0,82.7,33.0,65.0,50.8,1,1.2,1.6,16.0,28.0,11.0,3.0,48.0,15:00:00,/en/matches/680c6c1d/Le-Havre-Brest-August-20-2023-Ligue-1
FRA-Ligue 1,2324,Le Havre,2023-08-27 Rennes-Le Havre,2023-08-27,Matchweek 3,Sun,Away,D,2,2,Rennes,378.0,471.0,80.3,6839.0,2090.0,157.0,182.0,86.3,185.0,211.0,87.7,29.0,60.0,48.3,2,0.4,0.7,6.0,18.0,8.0,2.0,25.0,13:00:00,/en/matches/505ba995/Rennes-Le-Havre-August-27-2023-Ligue-1
FRA-Ligue 1,2324,Le Havre,2023-09-03 Le Havre-Lorient,2023-09-03,Matchweek 4,Sun,Home,W,3,0,Lorient,405.0,486.0,83.3,7201.0,2445.0,171.0,189.0,90.5,176.0,198.0,88.9,43.0,74.0,58.1,3,1.6,1.4,13.0,25.0,10.0,4.0,39.0,15:00:00,/en/matches/4519a333/Le-Havre-Lorient-September-3-2023-Ligue-1
FRA-Ligue 1,2324,Le Havre,2023-09-17 Lyon-Le Havre,2023-09-17,Matchweek 5,Sun,Away,D,0,0,Lyon,334.0,425.0,78.6,5802.0,2494.0,149.0,177.0,84.2,140.0,160.0,87.5,30.0,61.0,49.2,0,0.7,1.0,3.0,29.0,3.0,0.0,26.0,20:45:00,/en/matches/18b82351/Lyon-Le-Havre-September-17-2023-Ligue-1
FRA-Ligue 1,2324,Le Havre,2023-09-24 Le Havre-Clermont Foot,2023-09-24,Matchweek 6,Sun,Home,W,2,1,Clermont Foot,231.0,322.0,71.7,4352.0,1926.0,90.0,117.0,76.9,95.0,113.0,84.1,34.0,72.0,47.2,2,1.3,0.5,9.0,18.0,4.0,1.0,21.0,15:00:00,/en/matches/941106cf/Le-Havre-Clermont-Foot-September-24-2023-Ligue-1
FRA-Ligue 1,2324,Le Havre,2023-10-01 Le Havre-Lille,2023-10-01,Matchweek 7,Sun,Home,L,0,2,Lille,350.0,435.0,80.5,6032.0,2124.0,142.0,161.0,88.2,176.0,198.0,88.9,23.0,53.0,43.4,0,0.7,0.3,4.0,17.0,3.0,0.0,26.0,15:00:00,/en/matches/f2fb61f7/Le-Havre-Lille-October-1-2023-Ligue-1
FRA-Ligue 1,2324,Le Havre,2023-10-08 Marseille-Le Havre,2023-10-08,Matchweek 8,Sun,Away,L,0,3,Marseille,345.0,417.0,82.7,6231.0,2084.0,129.0,146.0,88.4,170.0,190.0,89.5,31.0,57.0,54.4,0,0.1,0.1,4.0,18.0,1.0,0.0,30.0,13:00:00,/en/matches/4df09039/Marseille-Le-Havre-October-8-2023-Ligue-1
FRA-Ligue 1,2324,Le Havre,2023-10-20 Le Havre-Lens,2023-10-20,Matchweek 9,Fri,Home,D,0,0,Lens,323.0,428.0,75.5,5846.0,2608.0,139.0,161.0,86.3,128.0,164.0,78.0,40.0,75.0,53.3,0,0.8,0.8,11.0,20.0,5.0,1.0,32.0,21:00:00,/en/matches/437ba0cb/Le-Havre-Lens-October-20-2023-Ligue-1
FRA-Ligue 1,2324,Le Havre,2023-10-29 Metz-Le Havre,2023-10-29,Matchweek 10,Sun,Away,D,0,0,Metz,425.0,529.0,80.3,7699.0,2760.0,167.0,202.0,82.7,203.0,228.0,89.0,41.0,73.0,56.2,0,0.4,0.8,9.0,31.0,10.0,2.0,54.0,15:00:00,/en/matches/6d743853/Metz-Le-Havre-October-29-2023-Ligue-1
FRA-Ligue 1,2324,Le Havre,2023-11-05 Toulouse-Le Havre,2023-11-05,Matchweek 11,Sun,Away,W,2,1,Toulouse,366.0,457.0,80.1,5966.0,2026.0,160.0,180.0,88.9,168.0,185.0,90.8,23.0,58.0,39.7,1,0.8,0.5,11.0,23.0,10.0,0.0,37.0,15:00:00,/en/matches/f7d3c634/Toulouse-Le-Havre-November-5-2023-Ligue-1
FRA-Ligue 1,2324,Le Havre,2023-11-11 Le Havre-Monaco,2023-11-11,Matchweek 12,Sat,Home,D,0,0,Monaco,254.0,364.0,69.8,4594.0,1975.0,105.0,140.0,75.0,112.0,141.0,79.4,25.0,62.0,40.3,0,0.6,0.2,6.0,27.0,2.0,0.0,33.0,21:00:00,/en/matches/8bb49483/Le-Havre-Monaco-November-11-2023-Ligue-1
FRA-Ligue 1,2324,Le Havre,2023-11-26 Nantes-Le Havre,2023-11-26,Matchweek 13,Sun,Away,D,0,0,Nantes,295.0,405.0,72.8,5287.0,2066.0,131.0,160.0,81.9,125.0,153.0,81.7,32.0,70.0,45.7,0,0.2,0.5,6.0,11.0,6.0,3.0,18.0,15:00:00,/en/matches/ec8cdc57/Nantes-Le-Havre-November-26-2023-Ligue-1
FRA-Ligue 1,2324,Le Havre,2023-12-03 Le Havre-Paris S-G,2023-12-03,Matchweek 14,Sun,Home,L,0,2,Paris S-G,590.0,676.0,87.3,10190.0,2729.0,258.0,286.0,90.2,274.0,296.0,92.6,44.0,67.0,65.7,0,1.6,1.7,14.0,62.0,10.0,2.0,63.0,13:00:00,/en/matches/b6e6fdfe/Le-Havre-Paris-Saint-Germain-December-3-2023-Ligue-1
FRA-Ligue 1,2324,Le Havre,2023-12-10 Strasbourg-Le Havre,2023-12-10,Matchweek 15,Sun,Away,L,1,2,Strasbourg,429.0,548.0,78.3,7209.0,2641.0,196.0,229.0,85.6,196.0,233.0,84.1,25.0,53.0,47.2,1,0.8,1.0,10.0,27.0,5.0,2.0,47.0,15:00:00,/en/matches/d15b44c5/Strasbourg-Le-Havre-December-10-2023-Ligue-1
FRA-Ligue 1,2324,Le Havre,2023-12-16 Le Havre-Nice,2023-12-16,Matchweek 16,Sat,Home,W,3,1,Nice,308.0,392.0,78.6,5444.0,1953.0,129.0,147.0,87.8,144.0,162.0,88.9,25.0,61.0,41.0,1,1.0,0.5,7.0,21.0,5.0,1.0,24.0,17:00:00,/en/matches/8fd0b0fe/Le-Havre-Nice-December-16-2023-Ligue-1
FRA-Ligue 1,2324,Le Havre,2023-12-20 Reims-Le Havre,2023-12-20,Matchweek 17,Wed,Away,L,0,1,Reims,299.0,397.0,75.3,5270.0,2128.0,135.0,162.0,83.3,111.0,136.0,81.6,35.0,72.0,48.6,0,0.2,0.3,2.0,15.0,3.0,0.0,24.0,21:00:00,/en/matches/4e667758/Reims-Le-Havre-December-20-2023-Ligue-1
FRA-Ligue 1,2324,Le Havre,2024-01-14 Le Havre-Lyon,2024-01-14,Matchweek 18,Sun,Home,W,3,1,Lyon,399.0,477.0,83.6,6757.0,2151.0,180.0,200.0,90.0,164.0,179.0,91.6,36.0,65.0,55.4,2,1.0,0.8,12.0,37.0,10.0,4.0,39.0,17:05:00,/en/matches/a8be717d/Le-Havre-Lyon-January-14-2024-Ligue-1
FRA-Ligue 1,2324,Le Havre,2024-01-28 Lorient-Le Havre,2024-01-28,Matchweek 19,Sun,Away,D,3,3,Lorient,427.0,526.0,81.2,7731.0,2788.0,178.0,206.0,86.4,187.0,211.0,88.6,46.0,80.0,57.5,2,0.8,0.9,10.0,41.0,5.0,2.0,35.0,15:00:00,/en/matches/9bdf343f/Lorient-Le-Havre-January-28-2024-Ligue-1
FRA-Ligue 1,2324,Le Havre,2024-02-04 Monaco-Le Havre,2024-02-04,Matchweek 20,Sun,Away,D,1,1,Monaco,289.0,419.0,69.0,4963.0,2215.0,139.0,173.0,80.3,97.0,123.0,78.9,34.0,86.0,39.5,0,0.1,0.2,2.0,25.0,2.0,1.0,29.0,13:00:00,/en/matches/6b4f65e7/Monaco-Le-Havre-February-4-2024-Ligue-1
FRA-Ligue 1,2324,Le Havre,2024-02-11 Le Havre-Rennes,2024-02-11,Matchweek 21,Sun,Home,L,0,1,Rennes,397.0,514.0,77.2,7051.0,2754.0,158.0,194.0,81.4,179.0,204.0,87.7,41.0,78.0,52.6,0,1.0,1.5,11.0,47.0,10.0,5.0,51.0,13:00:00,/en/matches/4472d29d/Le-Havre-Rennes-February-11-2024-Ligue-1
FRA-Ligue 1,2324,Le Havre,2024-02-17 Lille-Le Havre,2024-02-17,Matchweek 22,Sat,Away,L,0,3,Lille,275.0,367.0,74.9,4948.0,1879.0,127.0,147.0,86.4,101.0,127.0,79.5,35.0,68.0,51.5,0,0.5,0.1,4.0,22.0,2.0,1.0,31.0,17:00:00,/en/matches/9e482487/Lille-Le-Havre-February-17-2024-Ligue-1
FRA-Ligue 1,2324,Le Havre,2024-02-25 Le Havre-Reims,2024-02-25,Matchweek 23,Sun,Home,L,1,2,Reims,343.0,429.0,80.0,6541.0,2062.0,126.0,147.0,85.7,173.0,203.0,85.2,38.0,63.0,60.3,0,0.7,0.8,10.0,38.0,7.0,6.0,42.0,15:00:00,/en/matches/f2b72da5/Le-Havre-Reims-February-25-2024-Ligue-1
FRA-Ligue 1,2324,Le Havre,2024-03-03 Brest-Le Havre,2024-03-03,Matchweek 24,Sun,Away,L,0,1,Brest,277.0,388.0,71.4,5240.0,2740.0,116.0,150.0,77.3,108.0,144.0,75.0,39.0,64.0,60.9,0,0.4,0.4,5.0,37.0,4.0,1.0,31.0,15:00:00,/en/matches/51912b7d/Brest-Le-Havre-March-3-2024-Ligue-1
FRA-Ligue 1,2324,Le Havre,2024-03-10 Le Havre-Toulouse,2024-03-10,Matchweek 25,Sun,Home,W,1,0,Toulouse,345.0,440.0,78.4,6162.0,2400.0,151.0,173.0,87.3,139.0,166.0,83.7,43.0,80.0,53.8,0,0.4,0.6,8.0,35.0,5.0,1.0,39.0,15:00:00,/en/matches/3957eebd/Le-Havre-Toulouse-March-10-2024-Ligue-1
FRA-Ligue 1,2324,Le Havre,2024-03-17 Clermont Foot-Le Havre,2024-03-17,Matchweek 26,Sun,Away,L,1,2,Clermont Foot,422.0,516.0,81.8,7808.0,2587.0,177.0,203.0,87.2,178.0,202.0,88.1,53.0,89.0,59.6,1,1.1,0.8,11.0,39.0,12.0,3.0,54.0,15:00:00,/en/matches/f7f8d2b1/Clermont-Foot-Le-Havre-March-17-2024-Ligue-1
FRA-Ligue 1,2324,Le Havre,2024-03-31 Le Havre-Montpellier,2024-03-31,Matchweek 27,Sun,Home,L,0,2,Montpellier,360.0,468.0,76.9,6194.0,2786.0,156.0,191.0,81.7,152.0,175.0,86.9,35.0,67.0,52.2,0,0.6,0.9,12.0,39.0,8.0,1.0,56.0,15:00:00,/en/matches/84ed0867/Le-Havre-Montpellier-March-31-2024-Ligue-1
FRA-Ligue 1,2324,Le Havre,2024-04-06 Lens-Le Havre,2024-04-06,Matchweek 28,Sat,Away,D,1,1,Lens,314.0,434.0,72.4,4930.0,2125.0,181.0,209.0,86.6,106.0,138.0,76.8,20.0,55.0,36.4,0,0.8,0.8,8.0,18.0,8.0,2.0,33.0,17:00:00,/en/matches/a4636c9d/Lens-Le-Havre-April-6-2024-Ligue-1
FRA-Ligue 1,2324,Le Havre,2024-04-14 Le Havre-Nantes,2024-04-14,Matchweek 29,Sun,Home,L,0,1,Nantes,331.0,427.0,77.5,5944.0,2620.0,132.0,160.0,82.5,148.0,174.0,85.1,37.0,69.0,53.6,0,1.4,1.2,9.0,40.0,7.0,2.0,49.0,13:00:00,/en/matches/2e9cdf18/Le-Havre-Nantes-April-14-2024-Ligue-1
FRA-Ligue 1,2324,Le Havre,2024-04-21 Le Havre-Metz,2024-04-21,Matchweek 30,Sun,Home,L,0,1,Metz,429.0,557.0,77.0,7291.0,2336.0,203.0,252.0,80.6,178.0,210.0,84.8,36.0,72.0,50.0,0,0.5,0.7,11.0,46.0,7.0,3.0,39.0,15:00:00,/en/matches/488e12d3/Le-Havre-Metz-April-21-2024-Ligue-1
FRA-Ligue 1,2324,Le Havre,2024-04-27 Paris S-G-Le Havre,2024-04-27,Matchweek 31,Sat,Away,D,3,3,Paris S-G,157.0,244.0,64.3,2930.0,1441.0,74.0,92.0,80.4,57.0,80.0,71.3,21.0,61.0,34.4,2,0.2,0.2,5.0,5.0,5.0,0.0,20.0,21:00:00,/en/matches/c28df007/Paris-Saint-Germain-Le-Havre-April-27-2024-Ligue-1
FRA-Ligue 1,2324,Le Havre,2024-05-04 Le Havre-Strasbourg,2024-05-04,Matchweek 32,Sat,Home,W,3,1,Strasbourg,269.0,382.0,70.4,4961.0,2069.0,124.0,151.0,82.1,105.0,136.0,77.2,33.0,74.0,44.6,3,1.3,1.4,11.0,25.0,3.0,2.0,22.0,15:00:00,/en/matches/024a71c6/Le-Havre-Strasbourg-May-4-2024-Ligue-1
FRA-Ligue 1,2324,Le Havre,2024-05-10 Nice-Le Havre,2024-05-10,Matchweek 33,Fri,Away,L,0,1,Nice,334.0,415.0,80.5,5875.0,2210.0,159.0,180.0,88.3,125.0,146.0,85.6,38.0,71.0,53.5,0,0.4,0.6,10.0,22.0,9.0,2.0,26.0,21:00:00,/en/matches/73e73f70/Nice-Le-Havre-May-10-2024-Ligue-1
FRA-Ligue 1,2324,Le Havre,2024-05-19 Le Havre-Marseille,2024-05-19,Matchweek 34,Sun,Home,L,1,2,Marseille,366.0,466.0,78.5,5672.0,2115.0,193.0,218.0,88.5,124.0,148.0,83.8,26.0,56.0,46.4,0,0.7,0.5,9.0,17.0,4.0,0.0,19.0,21:00:00,/en/matches/3fa1da40/Le-Havre-Marseille-May-19-2024-Ligue-1
FRA-Ligue 1,2324,Lens,2023-08-13 Brest-Lens,2023-08-13,Matchweek 1,Sun,Away,L,2,3,Brest,331.0,445.0,74.4,6001.0,2398.0,129.0,160.0,80.6,141.0,175.0,80.6,39.0,66.0,59.1,2,0.7,0.6,8.0,25.0,6.0,2.0,43.0,13:00:00,/en/matches/6e29d5a3/Brest-Lens-August-13-2023-Ligue-1
FRA-Ligue 1,2324,Lens,2023-08-20 Lens-Rennes,2023-08-20,Matchweek 2,Sun,Home,D,1,1,Rennes,434.0,534.0,81.3,7380.0,2335.0,213.0,247.0,86.2,163.0,183.0,89.1,40.0,73.0,54.8,0,0.7,0.9,10.0,48.0,10.0,6.0,49.0,20:45:00,/en/matches/283d8d62/Lens-Rennes-August-20-2023-Ligue-1
FRA-Ligue 1,2324,Lens,2023-08-26 Paris S-G-Lens,2023-08-26,Matchweek 3,Sat,Away,L,1,3,Paris S-G,306.0,396.0,77.3,4757.0,2017.0,154.0,190.0,81.1,109.0,130.0,83.8,22.0,40.0,55.0,1,0.3,0.5,7.0,26.0,5.0,2.0,36.0,21:00:00,/en/matches/d3db871d/Paris-Saint-Germain-Lens-August-26-2023-Ligue-1
FRA-Ligue 1,2324,Lens,2023-09-02 Monaco-Lens,2023-09-02,Matchweek 4,Sat,Away,L,0,3,Monaco,392.0,491.0,79.8,6592.0,2625.0,178.0,202.0,88.1,166.0,196.0,84.7,32.0,62.0,51.6,0,0.4,0.5,8.0,28.0,9.0,2.0,49.0,21:00:00,/en/matches/7a2f8122/Monaco-Lens-September-2-2023-Ligue-1
FRA-Ligue 1,2324,Lens,2023-09-16 Lens-Metz,2023-09-16,Matchweek 5,Sat,Home,L,0,1,Metz,652.0,768.0,84.9,11214.0,3640.0,285.0,317.0,89.9,297.0,335.0,88.7,49.0,78.0,62.8,0,1.6,2.0,23.0,74.0,25.0,8.0,86.0,21:00:00,/en/matches/40754c32/Lens-Metz-September-16-2023-Ligue-1
FRA-Ligue 1,2324,Lens,2023-09-24 Lens-Toulouse,2023-09-24,Matchweek 6,Sun,Home,W,2,1,Toulouse,502.0,615.0,81.6,8345.0,2861.0,239.0,266.0,89.8,219.0,255.0,85.9,33.0,58.0,56.9,2,2.2,1.5,21.0,74.0,22.0,2.0,90.0,15:00:00,/en/matches/2e47fd82/Lens-Toulouse-September-24-2023-Ligue-1
FRA-Ligue 1,2324,Lens,2023-09-29 Strasbourg-Lens,2023-09-29,Matchweek 7,Fri,Away,W,1,0,Strasbourg,475.0,571.0,83.2,8595.0,2848.0,190.0,210.0,90.5,225.0,254.0,88.6,48.0,72.0,66.7,1,0.5,0.5,7.0,38.0,6.0,1.0,44.0,21:00:00,/en/matches/0730708e/Strasbourg-Lens-September-29-2023-Ligue-1
FRA-Ligue 1,2324,Lens,2023-10-08 Lens-Lille,2023-10-08,Matchweek 8,Sun,Home,D,1,1,Lille,339.0,435.0,77.9,6375.0,2398.0,126.0,154.0,81.8,155.0,179.0,86.6,43.0,71.0,60.6,1,1.0,1.6,8.0,37.0,9.0,2.0,41.0,17:05:00,/en/matches/b044385d/Lens-Lille-October-8-2023-Ligue-1
FRA-Ligue 1,2324,Lens,2023-10-20 Le Havre-Lens,2023-10-20,Matchweek 9,Fri,Away,D,0,0,Le Havre,526.0,642.0,81.9,8511.0,2837.0,240.0,271.0,88.6,215.0,247.0,87.0,39.0,66.0,59.1,0,1.4,1.8,12.0,42.0,12.0,5.0,51.0,21:00:00,/en/matches/437ba0cb/Le-Havre-Lens-October-20-2023-Ligue-1
FRA-Ligue 1,2324,Lens,2023-10-28 Lens-Nantes,2023-10-28,Matchweek 10,Sat,Home,W,4,0,Nantes,470.0,571.0,82.3,7506.0,2674.0,230.0,255.0,90.2,184.0,214.0,86.0,32.0,57.0,56.1,2,2.3,2.2,8.0,23.0,6.0,2.0,34.0,21:00:00,/en/matches/271f272f/Lens-Nantes-October-28-2023-Ligue-1
FRA-Ligue 1,2324,Lens,2023-11-04 Lorient-Lens,2023-11-04,Matchweek 11,Sat,Away,D,0,0,Lorient,469.0,575.0,81.6,8169.0,3282.0,219.0,253.0,86.6,192.0,224.0,85.7,46.0,76.0,60.5,0,0.4,0.9,10.0,54.0,15.0,2.0,70.0,17:00:00,/en/matches/001326cc/Lorient-Lens-November-4-2023-Ligue-1
FRA-Ligue 1,2324,Lens,2023-11-12 Lens-Marseille,2023-11-12,Matchweek 12,Sun,Home,W,1,0,Marseille,350.0,437.0,80.1,5759.0,2362.0,168.0,194.0,86.6,143.0,170.0,84.1,27.0,47.0,57.4,1,0.9,1.3,11.0,41.0,11.0,2.0,59.0,20:45:00,/en/matches/fe8096da/Lens-Marseille-November-12-2023-Ligue-1
FRA-Ligue 1,2324,Lens,2023-11-25 Clermont Foot-Lens,2023-11-25,Matchweek 13,Sat,Away,W,3,0,Clermont Foot,499.0,581.0,85.9,8266.0,3075.0,237.0,267.0,88.8,203.0,226.0,89.8,42.0,69.0,60.9,2,1.2,1.1,12.0,26.0,8.0,2.0,43.0,17:00:00,/en/matches/4cf8ae40/Clermont-Foot-Lens-November-25-2023-Ligue-1
FRA-Ligue 1,2324,Lens,2023-12-02 Lens-Lyon,2023-12-02,Matchweek 14,Sat,Home,W,3,2,Lyon,443.0,516.0,85.9,6897.0,2186.0,218.0,239.0,91.2,163.0,186.0,87.6,29.0,53.0,54.7,1,0.5,1.1,5.0,55.0,6.0,3.0,49.0,17:00:00,/en/matches/66f5f256/Lens-Lyon-December-2-2023-Ligue-1
FRA-Ligue 1,2324,Lens,2023-12-08 Montpellier-Lens,2023-12-08,Matchweek 15,Fri,Away,D,0,0,Montpellier,505.0,612.0,82.5,8205.0,3119.0,244.0,277.0,88.1,201.0,236.0,85.2,38.0,60.0,63.3,0,0.9,1.5,10.0,54.0,14.0,2.0,70.0,21:00:00,/en/matches/ad238285/Montpellier-Lens-December-8-2023-Ligue-1
FRA-Ligue 1,2324,Lens,2023-12-16 Lens-Reims,2023-12-16,Matchweek 16,Sat,Home,W,2,0,Reims,362.0,469.0,77.2,6684.0,2801.0,145.0,180.0,80.6,163.0,196.0,83.2,40.0,72.0,55.6,1,0.7,0.8,6.0,24.0,4.0,3.0,32.0,21:00:00,/en/matches/331c82fc/Lens-Reims-December-16-2023-Ligue-1
FRA-Ligue 1,2324,Lens,2023-12-20 Nice-Lens,2023-12-20,Matchweek 17,Wed,Away,L,0,2,Nice,488.0,577.0,84.6,8181.0,2777.0,207.0,228.0,90.8,231.0,259.0,89.2,28.0,57.0,49.1,0,0.4,0.7,8.0,28.0,9.0,2.0,33.0,21:00:00,/en/matches/267500aa/Nice-Lens-December-20-2023-Ligue-1
FRA-Ligue 1,2324,Lens,2024-01-14 Lens-Paris S-G,2024-01-14,Matchweek 18,Sun,Home,L,0,2,Paris S-G,299.0,378.0,79.1,4858.0,1972.0,155.0,180.0,86.1,98.0,115.0,85.2,31.0,56.0,55.4,0,0.9,0.8,12.0,22.0,9.0,1.0,35.0,20:45:00,/en/matches/0682fa55/Lens-Paris-Saint-Germain-January-14-2024-Ligue-1
FRA-Ligue 1,2324,Lens,2024-01-28 Toulouse-Lens,2024-01-28,Matchweek 19,Sun,Away,W,2,0,Toulouse,357.0,445.0,80.2,6138.0,2623.0,171.0,189.0,90.5,145.0,172.0,84.3,32.0,58.0,55.2,1,0.7,0.9,10.0,24.0,5.0,1.0,29.0,17:05:00,/en/matches/678c2976/Toulouse-Lens-January-28-2024-Ligue-1
FRA-Ligue 1,2324,Lens,2024-02-03 Nantes-Lens,2024-02-03,Matchweek 20,Sat,Away,W,1,0,Nantes,469.0,555.0,84.5,8233.0,3059.0,212.0,239.0,88.7,193.0,216.0,89.4,50.0,78.0,64.1,1,1.5,1.1,9.0,33.0,8.0,2.0,41.0,21:00:00,/en/matches/f7e99caf/Nantes-Lens-February-3-2024-Ligue-1
FRA-Ligue 1,2324,Lens,2024-02-10 Lens-Strasbourg,2024-02-10,Matchweek 21,Sat,Home,W,3,1,Strasbourg,409.0,500.0,81.8,7012.0,2442.0,186.0,215.0,86.5,180.0,203.0,88.7,32.0,55.0,58.2,2,1.3,1.2,7.0,31.0,4.0,1.0,37.0,17:00:00,/en/matches/9635699e/Lens-Strasbourg-February-10-2024-Ligue-1
FRA-Ligue 1,2324,Lens,2024-02-18 Reims-Lens,2024-02-18,Matchweek 22,Sun,Away,D,1,1,Reims,361.0,474.0,76.2,6746.0,2389.0,141.0,174.0,81.0,160.0,183.0,87.4,49.0,83.0,59.0,1,1.2,1.4,7.0,22.0,5.0,2.0,29.0,17:05:00,/en/matches/825ef1ef/Reims-Lens-February-18-2024-Ligue-1
FRA-Ligue 1,2324,Lens,2024-02-25 Lens-Monaco,2024-02-25,Matchweek 23,Sun,Home,L,2,3,Monaco,471.0,592.0,79.6,7505.0,3026.0,228.0,262.0,87.0,178.0,209.0,85.2,35.0,68.0,51.5,0,2.1,2.6,16.0,34.0,15.0,2.0,58.0,13:00:00,/en/matches/7b54b025/Lens-Monaco-February-25-2024-Ligue-1
FRA-Ligue 1,2324,Lens,2024-03-03 Lyon-Lens,2024-03-03,Matchweek 24,Sun,Away,W,3,0,Lyon,463.0,544.0,85.1,7863.0,2798.0,215.0,241.0,89.2,196.0,219.0,89.5,38.0,63.0,60.3,2,2.6,1.5,15.0,49.0,14.0,5.0,45.0,20:45:00,/en/matches/736f94f0/Lyon-Lens-March-3-2024-Ligue-1
FRA-Ligue 1,2324,Lens,2024-03-09 Lens-Brest,2024-03-09,Matchweek 25,Sat,Home,W,1,0,Brest,332.0,414.0,80.2,6371.0,2937.0,125.0,145.0,86.2,159.0,184.0,86.4,41.0,71.0,57.7,0,0.4,0.4,4.0,28.0,7.0,3.0,34.0,21:00:00,/en/matches/54c25242/Lens-Brest-March-9-2024-Ligue-1
FRA-Ligue 1,2324,Lens,2024-03-16 Lens-Nice,2024-03-16,Matchweek 26,Sat,Home,L,1,3,Nice,489.0,591.0,82.7,8118.0,2757.0,225.0,249.0,90.4,218.0,255.0,85.5,31.0,58.0,53.4,1,1.1,1.8,17.0,62.0,12.0,5.0,56.0,21:00:00,/en/matches/7b5edccd/Lens-Nice-March-16-2024-Ligue-1
FRA-Ligue 1,2324,Lens,2024-03-29 Lille-Lens,2024-03-29,Matchweek 27,Fri,Away,L,1,2,Lille,372.0,477.0,78.0,6336.0,2132.0,166.0,189.0,87.8,158.0,193.0,81.9,33.0,66.0,50.0,1,0.6,1.2,9.0,29.0,11.0,4.0,33.0,21:00:00,/en/matches/1488d812/Lille-Lens-March-29-2024-Ligue-1
FRA-Ligue 1,2324,Lens,2024-04-06 Lens-Le Havre,2024-04-06,Matchweek 28,Sat,Home,D,1,1,Le Havre,442.0,579.0,76.3,6877.0,2373.0,212.0,261.0,81.2,179.0,211.0,84.8,27.0,56.0,48.2,1,0.6,0.9,12.0,43.0,9.0,5.0,43.0,17:00:00,/en/matches/a4636c9d/Lens-Le-Havre-April-6-2024-Ligue-1
FRA-Ligue 1,2324,Lens,2024-04-12 Metz-Lens,2024-04-12,Matchweek 29,Fri,Away,L,1,2,Metz,597.0,706.0,84.6,9786.0,3285.0,278.0,307.0,90.6,245.0,276.0,88.8,48.0,82.0,58.5,0,0.5,1.1,12.0,52.0,15.0,3.0,66.0,21:00:00,/en/matches/eac47cb2/Metz-Lens-April-12-2024-Ligue-1
FRA-Ligue 1,2324,Lens,2024-04-20 Lens-Clermont Foot,2024-04-20,Matchweek 30,Sat,Home,W,1,0,Clermont Foot,369.0,468.0,78.8,6869.0,2664.0,134.0,158.0,84.8,185.0,215.0,86.0,38.0,72.0,52.8,0,0.8,1.2,10.0,36.0,6.0,1.0,42.0,21:00:00,/en/matches/811884b5/Lens-Clermont-Foot-April-20-2024-Ligue-1
FRA-Ligue 1,2324,Lens,2024-04-28 Marseille-Lens,2024-04-28,Matchweek 31,Sun,Away,L,1,2,Marseille,408.0,495.0,82.4,7541.0,2589.0,155.0,176.0,88.1,198.0,225.0,88.0,42.0,75.0,56.0,1,0.8,0.9,13.0,25.0,10.0,5.0,40.0,21:00:00,/en/matches/13780c18/Marseille-Lens-April-28-2024-Ligue-1
FRA-Ligue 1,2324,Lens,2024-05-03 Lens-Lorient,2024-05-03,Matchweek 32,Fri,Home,W,2,0,Lorient,488.0,595.0,82.0,8231.0,3103.0,223.0,259.0,86.1,212.0,248.0,85.5,37.0,65.0,56.9,2,2.0,1.6,16.0,48.0,19.0,4.0,64.0,21:00:00,/en/matches/e7684537/Lens-Lorient-May-3-2024-Ligue-1
FRA-Ligue 1,2324,Lens,2024-05-12 Rennes-Lens,2024-05-12,Matchweek 33,Sun,Away,D,1,1,Rennes,338.0,443.0,76.3,5413.0,2097.0,172.0,189.0,91.0,127.0,146.0,87.0,24.0,72.0,33.3,0,0.3,0.4,5.0,20.0,3.0,1.0,32.0,21:00:00,/en/matches/c55b179e/Rennes-Lens-May-12-2024-Ligue-1
FRA-Ligue 1,2324,Lens,2024-05-19 Lens-Montpellier,2024-05-19,Matchweek 34,Sun,Home,D,2,2,Montpellier,502.0,592.0,84.8,8310.0,2993.0,246.0,274.0,89.8,202.0,222.0,91.0,40.0,62.0,64.5,2,4.1,3.3,20.0,57.0,20.0,2.0,61.0,21:00:00,/en/matches/ac107595/Lens-Montpellier-May-19-2024-Ligue-1
FRA-Ligue 1,2324,Lille,2023-08-11 Nice-Lille,2023-08-11,Matchweek 1,Fri,Away,D,1,1,Nice,539.0,625.0,86.2,9035.0,2746.0,246.0,271.0,90.8,221.0,247.0,89.5,44.0,72.0,61.1,1,1.1,1.2,10.0,48.0,7.0,2.0,34.0,21:00:00,/en/matches/ff59d311/Nice-Lille-August-11-2023-Ligue-1
FRA-Ligue 1,2324,Lille,2023-08-20 Lille-Nantes,2023-08-20,Matchweek 2,Sun,Home,W,2,0,Nantes,505.0,589.0,85.7,7691.0,2509.0,280.0,299.0,93.6,190.0,222.0,85.6,23.0,47.0,48.9,1,1.6,2.1,13.0,55.0,13.0,0.0,63.0,13:00:00,/en/matches/31fe99c8/Lille-Nantes-August-20-2023-Ligue-1
FRA-Ligue 1,2324,Lille,2023-08-27 Lorient-Lille,2023-08-27,Matchweek 3,Sun,Away,L,1,4,Lorient,533.0,627.0,85.0,8315.0,2475.0,282.0,313.0,90.1,205.0,234.0,87.6,30.0,54.0,55.6,1,1.0,2.8,12.0,46.0,14.0,6.0,58.0,17:05:00,/en/matches/eb2c366f/Lorient-Lille-August-27-2023-Ligue-1
FRA-Ligue 1,2324,Lille,2023-09-03 Lille-Montpellier,2023-09-03,Matchweek 4,Sun,Home,W,1,0,Montpellier,473.0,555.0,85.2,8181.0,2829.0,218.0,237.0,92.0,196.0,219.0,89.5,40.0,68.0,58.8,0,1.1,1.0,13.0,30.0,8.0,0.0,40.0,15:00:00,/en/matches/26cacbb5/Lille-Montpellier-September-3-2023-Ligue-1
FRA-Ligue 1,2324,Lille,2023-09-16 Rennes-Lille,2023-09-16,Matchweek 5,Sat,Away,D,2,2,Rennes,489.0,586.0,83.4,8277.0,2486.0,226.0,258.0,87.6,206.0,233.0,88.4,41.0,72.0,56.9,1,0.9,1.1,7.0,17.0,5.0,0.0,24.0,17:00:00,/en/matches/d419c313/Rennes-Lille-September-16-2023-Ligue-1
FRA-Ligue 1,2324,Lille,2023-09-26 Lille-Reims,2023-09-26,Matchweek 6,Tue,Home,L,1,2,Reims,610.0,713.0,85.6,11312.0,3412.0,265.0,295.0,89.8,274.0,311.0,88.1,62.0,86.0,72.1,1,1.2,2.2,12.0,40.0,13.0,3.0,71.0,21:00:00,/en/matches/b1ae9dc3/Lille-Reims-September-26-2023-Ligue-1
FRA-Ligue 1,2324,Lille,2023-10-01 Le Havre-Lille,2023-10-01,Matchweek 7,Sun,Away,W,2,0,Le Havre,633.0,712.0,88.9,10602.0,3173.0,290.0,306.0,94.8,267.0,284.0,94.0,52.0,79.0,65.8,1,0.8,1.5,12.0,23.0,10.0,3.0,49.0,15:00:00,/en/matches/f2fb61f7/Le-Havre-Lille-October-1-2023-Ligue-1
FRA-Ligue 1,2324,Lille,2023-10-08 Lens-Lille,2023-10-08,Matchweek 8,Sun,Away,D,1,1,Lens,430.0,530.0,81.1,7283.0,2212.0,197.0,224.0,87.9,188.0,217.0,86.6,33.0,67.0,49.3,1,1.7,1.0,7.0,16.0,5.0,2.0,29.0,17:05:00,/en/matches/b044385d/Lens-Lille-October-8-2023-Ligue-1
FRA-Ligue 1,2324,Lille,2023-10-22 Lille-Brest,2023-10-22,Matchweek 9,Sun,Home,W,1,0,Brest,298.0,414.0,72.0,4858.0,1953.0,155.0,192.0,80.7,103.0,128.0,80.5,27.0,65.0,41.5,1,1.6,1.2,6.0,25.0,6.0,0.0,39.0,15:00:00,/en/matches/de708e26/Lille-Brest-October-22-2023-Ligue-1
FRA-Ligue 1,2324,Lille,2023-10-29 Lille-Monaco,2023-10-29,Matchweek 10,Sun,Home,W,2,0,Monaco,268.0,358.0,74.9,4436.0,1786.0,136.0,159.0,85.5,94.0,116.0,81.0,25.0,62.0,40.3,2,0.4,0.3,4.0,22.0,8.0,2.0,24.0,15:00:00,/en/matches/e4ed3318/Lille-Monaco-October-29-2023-Ligue-1
FRA-Ligue 1,2324,Lille,2023-11-04 Marseille-Lille,2023-11-04,Matchweek 11,Sat,Away,D,0,0,Marseille,461.0,537.0,85.8,7931.0,2376.0,213.0,232.0,91.8,202.0,228.0,88.6,38.0,57.0,66.7,0,0.3,0.3,8.0,22.0,6.0,0.0,35.0,21:00:00,/en/matches/d8243ab9/Marseille-Lille-November-4-2023-Ligue-1
FRA-Ligue 1,2324,Lille,2023-11-12 Lille-Toulouse,2023-11-12,Matchweek 12,Sun,Home,D,1,1,Toulouse,469.0,574.0,81.7,8477.0,2487.0,176.0,211.0,83.4,246.0,276.0,89.1,39.0,66.0,59.1,1,2.1,1.1,9.0,35.0,9.0,1.0,55.0,15:00:00,/en/matches/f0f7d5b7/Lille-Toulouse-November-12-2023-Ligue-1
FRA-Ligue 1,2324,Lille,2023-11-26 Lyon-Lille,2023-11-26,Matchweek 13,Sun,Away,W,2,0,Lyon,526.0,618.0,85.1,7867.0,2375.0,277.0,301.0,92.0,196.0,224.0,87.5,24.0,54.0,44.4,1,1.3,0.8,12.0,21.0,4.0,0.0,28.0,20:45:00,/en/matches/3835384c/Lyon-Lille-November-26-2023-Ligue-1
FRA-Ligue 1,2324,Lille,2023-12-03 Lille-Metz,2023-12-03,Matchweek 14,Sun,Home,W,2,0,Metz,613.0,707.0,86.7,10378.0,3457.0,248.0,275.0,90.2,294.0,323.0,91.0,45.0,68.0,66.2,0,1.0,1.9,10.0,46.0,12.0,2.0,68.0,17:05:00,/en/matches/1edcab1f/Lille-Metz-December-3-2023-Ligue-1
FRA-Ligue 1,2324,Lille,2023-12-10 Clermont Foot-Lille,2023-12-10,Matchweek 15,Sun,Away,D,0,0,Clermont Foot,448.0,548.0,81.8,7824.0,2667.0,191.0,223.0,85.7,206.0,236.0,87.3,39.0,64.0,60.9,0,1.0,1.0,11.0,26.0,9.0,2.0,46.0,15:00:00,/en/matches/b6281098/Clermont-Foot-Lille-December-10-2023-Ligue-1
FRA-Ligue 1,2324,Lille,2023-12-17 Lille-Paris S-G,2023-12-17,Matchweek 16,Sun,Home,D,1,1,Paris S-G,312.0,400.0,78.0,5063.0,2047.0,170.0,193.0,88.1,109.0,137.0,79.6,24.0,45.0,53.3,0,0.8,0.6,10.0,17.0,3.0,1.0,22.0,20:45:00,/en/matches/204a77b5/Lille-Paris-Saint-Germain-December-17-2023-Ligue-1
FRA-Ligue 1,2324,Lille,2023-12-20 Strasbourg-Lille,2023-12-20,Matchweek 17,Wed,Away,L,1,2,Strasbourg,536.0,618.0,86.7,9256.0,2852.0,218.0,245.0,89.0,261.0,279.0,93.5,37.0,56.0,66.1,0,0.4,0.7,6.0,37.0,9.0,1.0,47.0,21:00:00,/en/matches/df32fbe8/Strasbourg-Lille-December-20-2023-Ligue-1
FRA-Ligue 1,2324,Lille,2024-01-14 Lille-Lorient,2024-01-14,Matchweek 18,Sun,Home,W,3,0,Lorient,588.0,672.0,87.5,10536.0,2889.0,243.0,269.0,90.3,288.0,311.0,92.6,46.0,68.0,67.6,2,1.2,1.5,13.0,71.0,11.0,2.0,67.0,13:00:00,/en/matches/24f7d86b/Lille-Lorient-January-14-2024-Ligue-1
FRA-Ligue 1,2324,Lille,2024-01-28 Montpellier-Lille,2024-01-28,Matchweek 19,Sun,Away,D,0,0,Montpellier,509.0,584.0,87.2,9050.0,2984.0,212.0,228.0,93.0,229.0,251.0,91.2,51.0,76.0,67.1,0,0.5,0.7,11.0,45.0,7.0,3.0,37.0,13:00:00,/en/matches/8308b478/Montpellier-Lille-January-28-2024-Ligue-1
FRA-Ligue 1,2324,Lille,2024-02-04 Lille-Clermont Foot,2024-02-04,Matchweek 20,Sun,Home,W,4,0,Clermont Foot,609.0,704.0,86.5,9839.0,3121.0,295.0,330.0,89.4,242.0,267.0,90.6,43.0,68.0,63.2,3,2.5,2.0,19.0,54.0,12.0,4.0,56.0,15:00:00,/en/matches/90c40e1c/Lille-Clermont-Foot-February-4-2024-Ligue-1
FRA-Ligue 1,2324,Lille,2024-02-10 Paris S-G-Lille,2024-02-10,Matchweek 21,Sat,Away,L,1,3,Paris S-G,397.0,480.0,82.7,6961.0,2355.0,176.0,198.0,88.9,153.0,169.0,90.5,49.0,72.0,68.1,0,0.9,1.1,7.0,28.0,7.0,2.0,23.0,21:00:00,/en/matches/fb49d66d/Paris-Saint-Germain-Lille-February-10-2024-Ligue-1
FRA-Ligue 1,2324,Lille,2024-02-17 Lille-Le Havre,2024-02-17,Matchweek 22,Sat,Home,W,3,0,Le Havre,505.0,585.0,86.3,8898.0,3043.0,204.0,227.0,89.9,256.0,281.0,91.1,36.0,57.0,63.2,1,1.4,0.9,10.0,26.0,12.0,1.0,44.0,17:00:00,/en/matches/9e482487/Lille-Le-Havre-February-17-2024-Ligue-1
FRA-Ligue 1,2324,Lille,2024-02-25 Toulouse-Lille,2024-02-25,Matchweek 23,Sun,Away,L,1,3,Toulouse,585.0,670.0,87.3,9956.0,3096.0,244.0,266.0,91.7,275.0,298.0,92.3,46.0,75.0,61.3,1,0.5,1.0,10.0,49.0,10.0,2.0,56.0,15:00:00,/en/matches/a07309bd/Toulouse-Lille-February-25-2024-Ligue-1
FRA-Ligue 1,2324,Lille,2024-03-02 Reims-Lille,2024-03-02,Matchweek 24,Sat,Away,W,1,0,Reims,293.0,382.0,76.7,5511.0,1836.0,117.0,138.0,84.8,128.0,156.0,82.1,37.0,65.0,56.9,0,0.2,0.1,4.0,27.0,2.0,0.0,32.0,17:00:00,/en/matches/92da3973/Reims-Lille-March-2-2024-Ligue-1
FRA-Ligue 1,2324,Lille,2024-03-10 Lille-Rennes,2024-03-10,Matchweek 25,Sun,Home,D,2,2,Rennes,490.0,585.0,83.8,8723.0,2896.0,212.0,240.0,88.3,221.0,254.0,87.0,45.0,69.0,65.2,1,1.6,1.6,9.0,38.0,12.0,3.0,58.0,17:05:00,/en/matches/67041fa5/Lille-Rennes-March-10-2024-Ligue-1
FRA-Ligue 1,2324,Lille,2024-03-17 Brest-Lille,2024-03-17,Matchweek 26,Sun,Away,D,1,1,Brest,397.0,486.0,81.7,6939.0,2678.0,177.0,206.0,85.9,171.0,195.0,87.7,32.0,54.0,59.3,1,0.6,0.4,7.0,35.0,9.0,1.0,45.0,13:00:00,/en/matches/cdf13a58/Brest-Lille-March-17-2024-Ligue-1
FRA-Ligue 1,2324,Lille,2024-03-29 Lille-Lens,2024-03-29,Matchweek 27,Fri,Home,W,2,1,Lens,371.0,461.0,80.5,6334.0,1820.0,165.0,188.0,87.8,166.0,189.0,87.8,29.0,67.0,43.3,1,0.8,0.3,11.0,17.0,3.0,1.0,27.0,21:00:00,/en/matches/1488d812/Lille-Lens-March-29-2024-Ligue-1
FRA-Ligue 1,2324,Lille,2024-04-05 Lille-Marseille,2024-04-05,Matchweek 28,Fri,Home,W,3,1,Marseille,382.0,461.0,82.9,7034.0,2499.0,148.0,168.0,88.1,175.0,197.0,88.8,45.0,73.0,61.6,2,1.0,0.6,12.0,25.0,6.0,0.0,32.0,21:00:00,/en/matches/b0aa88a4/Lille-Marseille-April-5-2024-Ligue-1
FRA-Ligue 1,2324,Lille,2024-04-21 Lille-Strasbourg,2024-04-21,Matchweek 30,Sun,Home,W,1,0,Strasbourg,439.0,533.0,82.4,7802.0,2736.0,190.0,219.0,86.8,194.0,214.0,90.7,37.0,68.0,54.4,1,0.7,0.8,5.0,28.0,6.0,0.0,32.0,15:00:00,/en/matches/9511f4ab/Lille-Strasbourg-April-21-2024-Ligue-1
FRA-Ligue 1,2324,Lille,2024-04-24 Monaco-Lille,2024-04-24,Matchweek 29,Wed,Away,L,0,1,Monaco,473.0,568.0,83.3,8055.0,3063.0,209.0,237.0,88.2,194.0,217.0,89.4,49.0,73.0,67.1,0,1.3,1.5,12.0,27.0,9.0,1.0,42.0,21:00:00,/en/matches/88182e5f/Monaco-Lille-April-24-2024-Ligue-1
FRA-Ligue 1,2324,Lille,2024-04-28 Metz-Lille,2024-04-28,Matchweek 31,Sun,Away,W,2,1,Metz,658.0,743.0,88.6,11058.0,3610.0,316.0,342.0,92.4,280.0,304.0,92.1,44.0,72.0,61.1,1,0.6,1.5,11.0,69.0,15.0,1.0,69.0,13:00:00,/en/matches/316c5fa3/Metz-Lille-April-28-2024-Ligue-1
FRA-Ligue 1,2324,Lille,2024-05-06 Lille-Lyon,2024-05-06,Matchweek 32,Mon,Home,L,3,4,Lyon,371.0,463.0,80.1,6459.0,2199.0,182.0,207.0,87.9,147.0,169.0,87.0,34.0,69.0,49.3,3,0.9,1.2,8.0,29.0,3.0,2.0,21.0,21:00:00,/en/matches/9a72e466/Lille-Lyon-May-6-2024-Ligue-1
FRA-Ligue 1,2324,Lille,2024-05-12 Nantes-Lille,2024-05-12,Matchweek 33,Sun,Away,W,2,1,Nantes,566.0,652.0,86.8,10240.0,3256.0,220.0,243.0,90.5,273.0,300.0,91.0,60.0,89.0,67.4,2,1.5,1.0,8.0,41.0,7.0,1.0,53.0,21:00:00,/en/matches/8f8532aa/Nantes-Lille-May-12-2024-Ligue-1
FRA-Ligue 1,2324,Lille,2024-05-19 Lille-Nice,2024-05-19,Matchweek 34,Sun,Home,D,2,2,Nice,502.0,579.0,86.7,9005.0,2948.0,211.0,229.0,92.1,234.0,255.0,91.8,45.0,76.0,59.2,1,0.7,1.5,5.0,56.0,7.0,1.0,42.0,21:00:00,/en/matches/df360311/Lille-Nice-May-19-2024-Ligue-1
FRA-Ligue 1,2324,Lorient,2023-08-12 Paris S-G-Lorient,2023-08-12,Matchweek 1,Sat,Away,D,0,0,Paris S-G,226.0,298.0,75.8,3881.0,1679.0,118.0,137.0,86.1,83.0,102.0,81.4,18.0,42.0,42.9,0,0.1,0.2,2.0,13.0,6.0,0.0,14.0,21:00:00,/en/matches/2e85b460/Paris-Saint-Germain-Lorient-August-12-2023-Ligue-1
FRA-Ligue 1,2324,Lorient,2023-08-20 Lorient-Nice,2023-08-20,Matchweek 2,Sun,Home,D,1,1,Nice,421.0,488.0,86.3,6787.0,2061.0,205.0,214.0,95.8,178.0,196.0,90.8,25.0,51.0,49.0,1,0.6,0.5,6.0,21.0,2.0,1.0,24.0,15:00:00,/en/matches/f6d67175/Lorient-Nice-August-20-2023-Ligue-1
FRA-Ligue 1,2324,Lorient,2023-08-27 Lorient-Lille,2023-08-27,Matchweek 3,Sun,Home,W,4,1,Lille,274.0,349.0,78.5,5094.0,2118.0,121.0,135.0,89.6,96.0,122.0,78.7,45.0,69.0,65.2,2,0.8,0.7,5.0,13.0,4.0,0.0,21.0,17:05:00,/en/matches/eb2c366f/Lorient-Lille-August-27-2023-Ligue-1
FRA-Ligue 1,2324,Lorient,2023-09-03 Le Havre-Lorient,2023-09-03,Matchweek 4,Sun,Away,L,0,3,Le Havre,561.0,630.0,89.0,9979.0,3175.0,231.0,253.0,91.3,261.0,277.0,94.2,52.0,72.0,72.2,0,0.6,0.7,8.0,44.0,8.0,1.0,48.0,15:00:00,/en/matches/4519a333/Le-Havre-Lorient-September-3-2023-Ligue-1
FRA-Ligue 1,2324,Lorient,2023-09-17 Lorient-Monaco,2023-09-17,Matchweek 5,Sun,Home,D,2,2,Monaco,345.0,434.0,79.5,6395.0,2693.0,144.0,157.0,91.7,151.0,185.0,81.6,44.0,73.0,60.3,2,0.9,1.0,9.0,39.0,7.0,0.0,42.0,13:00:00,/en/matches/2cbf9481/Lorient-Monaco-September-17-2023-Ligue-1
FRA-Ligue 1,2324,Lorient,2023-09-23 Nantes-Lorient,2023-09-23,Matchweek 6,Sat,Away,L,3,5,Nantes,563.0,650.0,86.6,10044.0,3214.0,227.0,243.0,93.4,264.0,286.0,92.3,55.0,91.0,60.4,3,1.7,1.5,8.0,35.0,9.0,4.0,56.0,17:00:00,/en/matches/4f5c9313/Nantes-Lorient-September-23-2023-Ligue-1
FRA-Ligue 1,2324,Lorient,2023-10-01 Lorient-Montpellier,2023-10-01,Matchweek 7,Sun,Home,L,0,3,Montpellier,496.0,581.0,85.4,8509.0,2844.0,212.0,238.0,89.1,213.0,243.0,87.7,48.0,68.0,70.6,0,0.6,1.3,11.0,45.0,15.0,4.0,65.0,17:05:00,/en/matches/fd60231d/Lorient-Montpellier-October-1-2023-Ligue-1
FRA-Ligue 1,2324,Lorient,2023-10-08 Lyon-Lorient,2023-10-08,Matchweek 8,Sun,Away,D,3,3,Lyon,389.0,487.0,79.9,6843.0,2111.0,165.0,190.0,86.8,172.0,206.0,83.5,35.0,66.0,53.0,2,0.5,0.6,3.0,28.0,4.0,2.0,25.0,15:00:00,/en/matches/43cc2649/Lyon-Lorient-October-8-2023-Ligue-1
FRA-Ligue 1,2324,Lorient,2023-10-22 Lorient-Rennes,2023-10-22,Matchweek 9,Sun,Home,W,2,1,Rennes,235.0,320.0,73.4,4454.0,1690.0,89.0,107.0,83.2,105.0,124.0,84.7,29.0,67.0,43.3,0,0.3,0.9,3.0,13.0,8.0,4.0,16.0,13:00:00,/en/matches/08e896d5/Lorient-Rennes-October-22-2023-Ligue-1
FRA-Ligue 1,2324,Lorient,2023-10-28 Reims-Lorient,2023-10-28,Matchweek 10,Sat,Away,L,0,1,Reims,369.0,470.0,78.5,6799.0,2657.0,140.0,168.0,83.3,173.0,196.0,88.3,45.0,86.0,52.3,0,0.4,0.5,9.0,33.0,4.0,0.0,31.0,17:00:00,/en/matches/5c8bc6ef/Reims-Lorient-October-28-2023-Ligue-1
FRA-Ligue 1,2324,Lorient,2023-11-04 Lorient-Lens,2023-11-04,Matchweek 11,Sat,Home,D,0,0,Lens,329.0,428.0,76.9,5455.0,2198.0,159.0,185.0,85.9,133.0,161.0,82.6,25.0,51.0,49.0,0,0.1,0.2,4.0,12.0,2.0,0.0,19.0,17:00:00,/en/matches/001326cc/Lorient-Lens-November-4-2023-Ligue-1
FRA-Ligue 1,2324,Lorient,2023-11-12 Clermont Foot-Lorient,2023-11-12,Matchweek 12,Sun,Away,L,0,1,Clermont Foot,385.0,460.0,83.7,5927.0,2089.0,176.0,197.0,89.3,162.0,176.0,92.0,19.0,52.0,36.5,0,0.5,0.6,9.0,32.0,3.0,2.0,34.0,15:00:00,/en/matches/e0aea3a9/Clermont-Foot-Lorient-November-12-2023-Ligue-1
FRA-Ligue 1,2324,Lorient,2023-11-26 Lorient-Metz,2023-11-26,Matchweek 13,Sun,Home,L,2,3,Metz,539.0,618.0,87.2,9638.0,3005.0,219.0,247.0,88.7,262.0,276.0,94.9,45.0,73.0,61.6,1,1.0,0.9,7.0,50.0,8.0,0.0,50.0,15:00:00,/en/matches/685f0592/Lorient-Metz-November-26-2023-Ligue-1
FRA-Ligue 1,2324,Lorient,2023-12-03 Toulouse-Lorient,2023-12-03,Matchweek 14,Sun,Away,D,1,1,Toulouse,391.0,475.0,82.3,6494.0,2302.0,183.0,208.0,88.0,158.0,183.0,86.3,32.0,59.0,54.2,1,0.7,0.5,9.0,30.0,9.0,1.0,43.0,15:00:00,/en/matches/50bf0584/Toulouse-Lorient-December-3-2023-Ligue-1
FRA-Ligue 1,2324,Lorient,2023-12-10 Lorient-Marseille,2023-12-10,Matchweek 15,Sun,Home,L,2,4,Marseille,380.0,467.0,81.4,7571.0,2637.0,144.0,165.0,87.3,169.0,194.0,87.1,62.0,93.0,66.7,0,1.5,0.6,11.0,48.0,7.0,1.0,55.0,20:45:00,/en/matches/5443d1b1/Lorient-Marseille-December-10-2023-Ligue-1
FRA-Ligue 1,2324,Lorient,2023-12-17 Lorient-Strasbourg,2023-12-17,Matchweek 16,Sun,Home,L,1,2,Strasbourg,408.0,520.0,78.5,7252.0,2617.0,174.0,207.0,84.1,185.0,215.0,86.0,40.0,75.0,53.3,0,0.5,1.1,6.0,28.0,12.0,4.0,49.0,15:00:00,/en/matches/f3cfe34d/Lorient-Strasbourg-December-17-2023-Ligue-1
FRA-Ligue 1,2324,Lorient,2023-12-20 Brest-Lorient,2023-12-20,Matchweek 17,Wed,Away,L,0,4,Brest,362.0,452.0,80.1,6212.0,2523.0,152.0,186.0,81.7,155.0,181.0,85.6,35.0,57.0,61.4,0,0.4,0.3,5.0,15.0,0.0,0.0,31.0,21:00:00,/en/matches/0f7c086f/Brest-Lorient-December-20-2023-Ligue-1
FRA-Ligue 1,2324,Lorient,2024-01-14 Lille-Lorient,2024-01-14,Matchweek 18,Sun,Away,L,0,3,Lille,316.0,405.0,78.0,5282.0,1880.0,155.0,186.0,83.3,122.0,143.0,85.3,28.0,46.0,60.9,0,0.1,0.3,1.0,3.0,4.0,0.0,12.0,13:00:00,/en/matches/24f7d86b/Lille-Lorient-January-14-2024-Ligue-1
FRA-Ligue 1,2324,Lorient,2024-01-28 Lorient-Le Havre,2024-01-28,Matchweek 19,Sun,Home,D,3,3,Le Havre,318.0,396.0,80.3,5240.0,2010.0,157.0,173.0,90.8,116.0,139.0,83.5,28.0,63.0,44.4,3,0.9,1.0,10.0,18.0,6.0,0.0,27.0,15:00:00,/en/matches/9bdf343f/Lorient-Le-Havre-January-28-2024-Ligue-1
FRA-Ligue 1,2324,Lorient,2024-02-04 Metz-Lorient,2024-02-04,Matchweek 20,Sun,Away,W,2,1,Metz,476.0,573.0,83.1,7906.0,2871.0,233.0,261.0,89.3,190.0,222.0,85.6,36.0,57.0,63.2,1,0.8,0.7,10.0,46.0,6.0,2.0,43.0,15:00:00,/en/matches/2e802ba3/Metz-Lorient-February-4-2024-Ligue-1
FRA-Ligue 1,2324,Lorient,2024-02-11 Lorient-Reims,2024-02-11,Matchweek 21,Sun,Home,W,2,0,Reims,319.0,401.0,79.6,5548.0,2349.0,126.0,156.0,80.8,142.0,170.0,83.5,30.0,50.0,60.0,2,1.7,1.0,12.0,14.0,6.0,1.0,29.0,15:00:00,/en/matches/99f9cba1/Lorient-Reims-February-11-2024-Ligue-1
FRA-Ligue 1,2324,Lorient,2024-02-18 Strasbourg-Lorient,2024-02-18,Matchweek 22,Sun,Away,W,3,1,Strasbourg,321.0,409.0,78.5,5591.0,2250.0,133.0,155.0,85.8,139.0,161.0,86.3,35.0,65.0,53.8,2,1.9,0.4,11.0,13.0,6.0,1.0,26.0,13:00:00,/en/matches/ec531c24/Strasbourg-Lorient-February-18-2024-Ligue-1
FRA-Ligue 1,2324,Lorient,2024-02-24 Lorient-Nantes,2024-02-24,Matchweek 23,Sat,Home,L,0,1,Nantes,580.0,677.0,85.7,10246.0,3409.0,249.0,278.0,89.6,273.0,305.0,89.5,45.0,68.0,66.2,0,0.5,0.5,4.0,52.0,8.0,1.0,52.0,17:00:00,/en/matches/53742b6f/Lorient-Nantes-February-24-2024-Ligue-1
FRA-Ligue 1,2324,Lorient,2024-03-03 Rennes-Lorient,2024-03-03,Matchweek 24,Sun,Away,W,2,1,Rennes,361.0,439.0,82.2,6205.0,2312.0,164.0,186.0,88.2,162.0,174.0,93.1,27.0,59.0,45.8,1,1.1,0.8,6.0,18.0,5.0,1.0,19.0,17:05:00,/en/matches/a3ae2f49/Rennes-Lorient-March-3-2024-Ligue-1
FRA-Ligue 1,2324,Lorient,2024-03-09 Lorient-Lyon,2024-03-09,Matchweek 25,Sat,Home,L,0,2,Lyon,451.0,533.0,84.6,7649.0,2338.0,189.0,209.0,90.4,221.0,244.0,90.6,26.0,55.0,47.3,0,0.5,0.5,8.0,32.0,4.0,1.0,49.0,17:00:00,/en/matches/5ea578e0/Lorient-Lyon-March-9-2024-Ligue-1
FRA-Ligue 1,2324,Lorient,2024-03-17 Monaco-Lorient,2024-03-17,Matchweek 26,Sun,Away,D,2,2,Monaco,362.0,467.0,77.5,6256.0,2603.0,163.0,194.0,84.0,144.0,168.0,85.7,39.0,69.0,56.5,1,0.5,1.0,8.0,31.0,12.0,3.0,40.0,15:00:00,/en/matches/5494c9d6/Monaco-Lorient-March-17-2024-Ligue-1
FRA-Ligue 1,2324,Lorient,2024-03-31 Lorient-Brest,2024-03-31,Matchweek 27,Sun,Home,L,0,1,Brest,437.0,545.0,80.2,8291.0,2957.0,153.0,189.0,81.0,227.0,259.0,87.6,46.0,74.0,62.2,0,1.0,1.8,11.0,39.0,11.0,3.0,51.0,13:00:00,/en/matches/605ef273/Lorient-Brest-March-31-2024-Ligue-1
FRA-Ligue 1,2324,Lorient,2024-04-07 Montpellier-Lorient,2024-04-07,Matchweek 28,Sun,Away,L,0,2,Montpellier,430.0,508.0,84.6,7508.0,2674.0,197.0,220.0,89.5,181.0,201.0,90.0,42.0,61.0,68.9,0,0.9,1.5,12.0,40.0,10.0,2.0,54.0,15:00:00,/en/matches/95bdd121/Montpellier-Lorient-April-7-2024-Ligue-1
FRA-Ligue 1,2324,Lorient,2024-04-19 Nice-Lorient,2024-04-19,Matchweek 30,Fri,Away,L,0,3,Nice,471.0,549.0,85.8,8101.0,3071.0,206.0,225.0,91.6,203.0,219.0,92.7,40.0,67.0,59.7,0,0.3,0.7,7.0,38.0,10.0,2.0,51.0,21:00:00,/en/matches/05fcaf04/Nice-Lorient-April-19-2024-Ligue-1
FRA-Ligue 1,2324,Lorient,2024-04-24 Lorient-Paris S-G,2024-04-24,Matchweek 29,Wed,Home,L,1,4,Paris S-G,410.0,506.0,81.0,6988.0,2566.0,182.0,210.0,86.7,145.0,174.0,83.3,54.0,75.0,72.0,1,0.9,0.8,9.0,42.0,11.0,1.0,44.0,19:00:00,/en/matches/12fd3a4c/Lorient-Paris-Saint-Germain-April-24-2024-Ligue-1
FRA-Ligue 1,2324,Lorient,2024-04-28 Lorient-Toulouse,2024-04-28,Matchweek 31,Sun,Home,L,1,2,Toulouse,376.0,465.0,80.9,6901.0,2434.0,153.0,174.0,87.9,168.0,187.0,89.8,41.0,78.0,52.6,0,0.4,0.9,10.0,29.0,8.0,1.0,42.0,15:00:00,/en/matches/666bdb51/Lorient-Toulouse-April-28-2024-Ligue-1
FRA-Ligue 1,2324,Lorient,2024-05-03 Lens-Lorient,2024-05-03,Matchweek 32,Fri,Away,L,0,2,Lens,350.0,458.0,76.4,6228.0,2537.0,142.0,168.0,84.5,165.0,198.0,83.3,30.0,64.0,46.9,0,0.5,0.5,10.0,37.0,9.0,1.0,47.0,21:00:00,/en/matches/e7684537/Lens-Lorient-May-3-2024-Ligue-1
FRA-Ligue 1,2324,Lorient,2024-05-12 Marseille-Lorient,2024-05-12,Matchweek 33,Sun,Away,L,1,3,Marseille,304.0,394.0,77.2,5560.0,2247.0,125.0,151.0,82.8,130.0,147.0,88.4,34.0,70.0,48.6,1,1.4,1.5,10.0,19.0,11.0,5.0,35.0,21:00:00,/en/matches/acbbdff5/Marseille-Lorient-May-12-2024-Ligue-1
FRA-Ligue 1,2324,Lorient,2024-05-19 Lorient-Clermont Foot,2024-05-19,Matchweek 34,Sun,Home,W,5,0,Clermont Foot,329.0,446.0,73.8,6303.0,2590.0,131.0,174.0,75.3,138.0,166.0,83.1,49.0,85.0,57.6,3,2.4,1.7,20.0,34.0,16.0,7.0,49.0,21:00:00,/en/matches/aed44d7a/Lorient-Clermont-Foot-May-19-2024-Ligue-1
FRA-Ligue 1,2324,Lyon,2023-08-13 Strasbourg-Lyon,2023-08-13,Matchweek 1,Sun,Away,L,1,2,Strasbourg,543.0,626.0,86.7,10209.0,3533.0,192.0,218.0,88.1,284.0,310.0,91.6,54.0,79.0,68.4,1,1.5,1.7,17.0,48.0,15.0,4.0,59.0,20:45:00,/en/matches/9f7c605e/Strasbourg-Lyon-August-13-2023-Ligue-1
FRA-Ligue 1,2324,Lyon,2023-08-19 Lyon-Montpellier,2023-08-19,Matchweek 2,Sat,Home,L,1,4,Montpellier,474.0,566.0,83.7,7641.0,2672.0,246.0,273.0,90.1,179.0,208.0,86.1,30.0,51.0,58.8,1,0.2,0.9,5.0,42.0,9.0,0.0,64.0,19:00:00,/en/matches/39ad4054/Lyon-Montpellier-August-19-2023-Ligue-1
FRA-Ligue 1,2324,Lyon,2023-08-27 Nice-Lyon,2023-08-27,Matchweek 3,Sun,Away,D,0,0,Nice,309.0,397.0,77.8,5292.0,2022.0,138.0,166.0,83.1,136.0,151.0,90.1,25.0,57.0,43.9,0,0.2,0.4,4.0,20.0,2.0,0.0,26.0,20:45:00,/en/matches/067a73e7/Nice-Lyon-August-27-2023-Ligue-1
FRA-Ligue 1,2324,Lyon,2023-09-03 Lyon-Paris S-G,2023-09-03,Matchweek 4,Sun,Home,L,1,4,Paris S-G,311.0,387.0,80.4,5225.0,2243.0,151.0,172.0,87.8,103.0,121.0,85.1,38.0,65.0,58.5,0,1.5,1.3,17.0,18.0,12.0,2.0,37.0,20:45:00,/en/matches/cd3d8319/Lyon-Paris-Saint-Germain-September-3-2023-Ligue-1
FRA-Ligue 1,2324,Lyon,2023-09-17 Lyon-Le Havre,2023-09-17,Matchweek 5,Sun,Home,D,0,0,Le Havre,490.0,579.0,84.6,9397.0,3250.0,177.0,206.0,85.9,250.0,275.0,90.9,56.0,81.0,69.1,0,1.4,1.8,19.0,38.0,10.0,2.0,63.0,20:45:00,/en/matches/18b82351/Lyon-Le-Havre-September-17-2023-Ligue-1
FRA-Ligue 1,2324,Lyon,2023-09-23 Brest-Lyon,2023-09-23,Matchweek 6,Sat,Away,L,0,1,Brest,271.0,379.0,71.5,4944.0,2506.0,101.0,120.0,84.2,127.0,162.0,78.4,27.0,68.0,39.7,0,0.4,0.5,5.0,22.0,3.0,0.0,21.0,21:00:00,/en/matches/7ae5c7ed/Brest-Lyon-September-23-2023-Ligue-1
FRA-Ligue 1,2324,Lyon,2023-10-01 Reims-Lyon,2023-10-01,Matchweek 7,Sun,Away,L,0,2,Reims,439.0,538.0,81.6,8124.0,2967.0,188.0,208.0,90.4,188.0,220.0,85.5,52.0,81.0,64.2,0,0.7,0.5,9.0,37.0,3.0,2.0,36.0,13:00:00,/en/matches/cfb7f6ea/Reims-Lyon-October-1-2023-Ligue-1
FRA-Ligue 1,2324,Lyon,2023-10-08 Lyon-Lorient,2023-10-08,Matchweek 8,Sun,Home,D,3,3,Lorient,376.0,480.0,78.3,6692.0,2264.0,153.0,187.0,81.8,180.0,200.0,90.0,32.0,77.0,41.6,1,0.5,0.3,5.0,27.0,5.0,1.0,32.0,15:00:00,/en/matches/43cc2649/Lyon-Lorient-October-8-2023-Ligue-1
FRA-Ligue 1,2324,Lyon,2023-10-22 Lyon-Clermont Foot,2023-10-22,Matchweek 9,Sun,Home,L,1,2,Clermont Foot,526.0,647.0,81.3,9054.0,3188.0,236.0,288.0,81.9,221.0,246.0,89.8,48.0,76.0,63.2,0,1.2,2.3,17.0,58.0,17.0,4.0,69.0,20:45:00,/en/matches/847c54fa/Lyon-Clermont-Foot-October-22-2023-Ligue-1
FRA-Ligue 1,2324,Lyon,2023-11-05 Lyon-Metz,2023-11-05,Matchweek 11,Sun,Home,D,1,1,Metz,581.0,682.0,85.2,9429.0,3201.0,286.0,329.0,86.9,249.0,279.0,89.2,32.0,48.0,66.7,1,1.6,1.5,12.0,59.0,11.0,1.0,62.0,13:00:00,/en/matches/eadb1375/Lyon-Metz-November-5-2023-Ligue-1
FRA-Ligue 1,2324,Lyon,2023-11-12 Rennes-Lyon,2023-11-12,Matchweek 12,Sun,Away,W,1,0,Rennes,510.0,594.0,85.9,9169.0,2897.0,218.0,239.0,91.2,221.0,254.0,87.0,59.0,78.0,75.6,0,1.0,1.5,7.0,70.0,16.0,5.0,73.0,17:05:00,/en/matches/16251ab0/Rennes-Lyon-November-12-2023-Ligue-1
FRA-Ligue 1,2324,Lyon,2023-11-26 Lyon-Lille,2023-11-26,Matchweek 13,Sun,Home,L,0,2,Lille,479.0,573.0,83.6,8284.0,2517.0,202.0,225.0,89.8,225.0,250.0,90.0,41.0,74.0,55.4,0,1.0,0.9,9.0,35.0,6.0,2.0,48.0,20:45:00,/en/matches/3835384c/Lyon-Lille-November-26-2023-Ligue-1
FRA-Ligue 1,2324,Lyon,2023-12-02 Lens-Lyon,2023-12-02,Matchweek 14,Sat,Away,L,2,3,Lens,399.0,483.0,82.6,6730.0,2226.0,173.0,189.0,91.5,168.0,188.0,89.4,37.0,68.0,54.4,1,1.6,2.2,8.0,18.0,12.0,4.0,39.0,17:00:00,/en/matches/66f5f256/Lens-Lyon-December-2-2023-Ligue-1
FRA-Ligue 1,2324,Lyon,2023-12-06 Marseille-Lyon,2023-12-06,Matchweek 10,Wed,Away,L,0,3,Marseille,455.0,542.0,83.9,7358.0,2385.0,228.0,264.0,86.4,173.0,193.0,89.6,38.0,55.0,69.1,0,0.2,0.5,6.0,24.0,8.0,1.0,42.0,21:00:00,/en/matches/dfac144f/Choc-des-Olympiques-Marseille-Lyon-December-6-2023-Ligue-1
FRA-Ligue 1,2324,Lyon,2023-12-10 Lyon-Toulouse,2023-12-10,Matchweek 15,Sun,Home,W,3,0,Toulouse,434.0,512.0,84.8,7512.0,2668.0,185.0,199.0,93.0,192.0,205.0,93.7,40.0,74.0,54.1,1,1.4,1.7,12.0,23.0,9.0,1.0,29.0,17:05:00,/en/matches/015e7632/Lyon-Toulouse-December-10-2023-Ligue-1
FRA-Ligue 1,2324,Lyon,2023-12-15 Monaco-Lyon,2023-12-15,Matchweek 16,Fri,Away,W,1,0,Monaco,323.0,426.0,75.8,5021.0,1980.0,178.0,206.0,86.4,98.0,118.0,83.1,27.0,68.0,39.7,1,0.5,0.6,1.0,21.0,2.0,0.0,25.0,21:00:00,/en/matches/f66124b8/Monaco-Lyon-December-15-2023-Ligue-1
FRA-Ligue 1,2324,Lyon,2023-12-20 Lyon-Nantes,2023-12-20,Matchweek 17,Wed,Home,W,1,0,Nantes,293.0,390.0,75.1,5132.0,2192.0,119.0,142.0,83.8,129.0,165.0,78.2,28.0,57.0,49.1,1,1.6,1.4,6.0,16.0,4.0,0.0,33.0,21:00:00,/en/matches/1b327b86/Lyon-Nantes-December-20-2023-Ligue-1
FRA-Ligue 1,2324,Lyon,2024-01-14 Le Havre-Lyon,2024-01-14,Matchweek 18,Sun,Away,L,1,3,Le Havre,544.0,632.0,86.1,9209.0,2791.0,249.0,274.0,90.9,244.0,274.0,89.1,36.0,62.0,58.1,1,0.4,0.8,6.0,35.0,6.0,2.0,43.0,17:05:00,/en/matches/a8be717d/Le-Havre-Lyon-January-14-2024-Ligue-1
FRA-Ligue 1,2324,Lyon,2024-01-26 Lyon-Rennes,2024-01-26,Matchweek 19,Fri,Home,L,2,3,Rennes,565.0,670.0,84.3,9283.0,2704.0,267.0,303.0,88.1,214.0,240.0,89.2,53.0,85.0,62.4,0,0.7,1.0,7.0,42.0,9.0,1.0,44.0,21:00:00,/en/matches/952686b7/Lyon-Rennes-January-26-2024-Ligue-1
FRA-Ligue 1,2324,Lyon,2024-02-04 Lyon-Marseille,2024-02-04,Matchweek 20,Sun,Home,W,1,0,Marseille,325.0,412.0,78.9,5990.0,2399.0,125.0,153.0,81.7,151.0,168.0,89.9,38.0,70.0,54.3,0,0.9,1.5,8.0,31.0,12.0,2.0,46.0,20:45:00,/en/matches/2e98ccf9/Choc-des-Olympiques-Lyon-Marseille-February-4-2024-Ligue-1
FRA-Ligue 1,2324,Lyon,2024-02-11 Montpellier-Lyon,2024-02-11,Matchweek 21,Sun,Away,W,2,1,Montpellier,455.0,559.0,81.4,7803.0,2724.0,187.0,213.0,87.8,204.0,233.0,87.6,44.0,74.0,59.5,1,0.9,1.3,14.0,40.0,15.0,2.0,71.0,17:05:00,/en/matches/014cd5b7/Montpellier-Lyon-February-11-2024-Ligue-1
FRA-Ligue 1,2324,Lyon,2024-02-16 Lyon-Nice,2024-02-16,Matchweek 22,Fri,Home,W,1,0,Nice,379.0,469.0,80.8,7039.0,2681.0,164.0,184.0,89.1,162.0,187.0,86.6,43.0,76.0,56.6,1,1.0,0.7,7.0,34.0,5.0,2.0,40.0,21:00:00,/en/matches/205468df/Lyon-Nice-February-16-2024-Ligue-1
FRA-Ligue 1,2324,Lyon,2024-02-23 Metz-Lyon,2024-02-23,Matchweek 23,Fri,Away,W,2,1,Metz,457.0,587.0,77.9,7771.0,2855.0,218.0,256.0,85.2,196.0,230.0,85.2,37.0,75.0,49.3,2,1.2,0.9,9.0,30.0,10.0,2.0,51.0,21:00:00,/en/matches/f2778def/Metz-Lyon-February-23-2024-Ligue-1
FRA-Ligue 1,2324,Lyon,2024-03-03 Lyon-Lens,2024-03-03,Matchweek 24,Sun,Home,L,0,3,Lens,397.0,484.0,82.0,6637.0,2486.0,194.0,217.0,89.4,160.0,176.0,90.9,30.0,61.0,49.2,0,1.9,1.3,11.0,25.0,6.0,1.0,32.0,20:45:00,/en/matches/736f94f0/Lyon-Lens-March-3-2024-Ligue-1
FRA-Ligue 1,2324,Lyon,2024-03-09 Lorient-Lyon,2024-03-09,Matchweek 25,Sat,Away,W,2,0,Lorient,502.0,583.0,86.1,8844.0,2661.0,222.0,243.0,91.4,201.0,228.0,88.2,58.0,81.0,71.6,2,1.6,0.9,10.0,40.0,7.0,3.0,47.0,17:00:00,/en/matches/5ea578e0/Lorient-Lyon-March-9-2024-Ligue-1
FRA-Ligue 1,2324,Lyon,2024-03-15 Toulouse-Lyon,2024-03-15,Matchweek 26,Fri,Away,W,3,2,Toulouse,403.0,491.0,82.1,7297.0,2767.0,175.0,209.0,83.7,181.0,206.0,87.9,38.0,58.0,65.5,2,0.9,0.7,13.0,21.0,11.0,2.0,39.0,21:00:00,/en/matches/863ee181/Toulouse-Lyon-March-15-2024-Ligue-1
FRA-Ligue 1,2324,Lyon,2024-03-30 Lyon-Reims,2024-03-30,Matchweek 27,Sat,Home,D,1,1,Reims,546.0,648.0,84.3,9034.0,3248.0,252.0,281.0,89.7,212.0,242.0,87.6,52.0,73.0,71.2,1,1.6,2.1,11.0,40.0,17.0,5.0,66.0,21:00:00,/en/matches/6b21872e/Lyon-Reims-March-30-2024-Ligue-1
FRA-Ligue 1,2324,Lyon,2024-04-07 Nantes-Lyon,2024-04-07,Matchweek 28,Sun,Away,W,3,1,Nantes,503.0,597.0,84.3,9080.0,3171.0,203.0,229.0,88.6,228.0,259.0,88.0,53.0,75.0,70.7,2,1.6,2.0,14.0,41.0,20.0,5.0,72.0,20:45:00,/en/matches/7457568d/Nantes-Lyon-April-7-2024-Ligue-1
FRA-Ligue 1,2324,Lyon,2024-04-14 Lyon-Brest,2024-04-14,Matchweek 29,Sun,Home,W,4,3,Brest,350.0,433.0,80.8,6482.0,2703.0,150.0,177.0,84.7,150.0,174.0,86.2,40.0,56.0,71.4,2,0.5,1.0,12.0,30.0,12.0,3.0,48.0,20:45:00,/en/matches/c832a039/Lyon-Brest-April-14-2024-Ligue-1
FRA-Ligue 1,2324,Lyon,2024-04-21 Paris S-G-Lyon,2024-04-21,Matchweek 30,Sun,Away,L,1,4,Paris S-G,389.0,459.0,84.7,6368.0,2057.0,186.0,206.0,90.3,156.0,176.0,88.6,29.0,49.0,59.2,1,1.0,1.1,14.0,37.0,11.0,1.0,45.0,21:00:00,/en/matches/33d8918a/Paris-Saint-Germain-Lyon-April-21-2024-Ligue-1
FRA-Ligue 1,2324,Lyon,2024-04-28 Lyon-Monaco,2024-04-28,Matchweek 31,Sun,Home,W,3,2,Monaco,358.0,466.0,76.8,6476.0,2425.0,163.0,184.0,88.6,140.0,163.0,85.9,45.0,89.0,50.6,3,2.2,2.1,13.0,19.0,17.0,3.0,42.0,19:00:00,/en/matches/16e39992/Lyon-Monaco-April-28-2024-Ligue-1
FRA-Ligue 1,2324,Lyon,2024-05-06 Lille-Lyon,2024-05-06,Matchweek 32,Mon,Away,W,4,3,Lille,492.0,587.0,83.8,9027.0,2505.0,196.0,215.0,91.2,214.0,245.0,87.3,63.0,93.0,67.7,4,2.4,2.6,10.0,43.0,10.0,7.0,58.0,21:00:00,/en/matches/9a72e466/Lille-Lyon-May-6-2024-Ligue-1
FRA-Ligue 1,2324,Lyon,2024-05-12 Clermont Foot-Lyon,2024-05-12,Matchweek 33,Sun,Away,W,1,0,Clermont Foot,411.0,489.0,84.0,7110.0,2137.0,181.0,194.0,93.3,171.0,193.0,88.6,44.0,79.0,55.7,1,0.4,0.4,6.0,30.0,5.0,1.0,34.0,21:00:00,/en/matches/e6afe6a2/Clermont-Foot-Lyon-May-12-2024-Ligue-1
FRA-Ligue 1,2324,Lyon,2024-05-19 Lyon-Strasbourg,2024-05-19,Matchweek 34,Sun,Home,W,2,1,Strasbourg,534.0,617.0,86.5,9317.0,3551.0,210.0,226.0,92.9,255.0,284.0,89.8,42.0,63.0,66.7,1,1.3,1.6,11.0,49.0,13.0,3.0,64.0,21:00:00,/en/matches/9576a537/Lyon-Strasbourg-May-19-2024-Ligue-1
FRA-Ligue 1,2324,Marseille,2023-08-12 Marseille-Reims,2023-08-12,Matchweek 1,Sat,Home,W,2,1,Reims,259.0,351.0,73.8,4750.0,1990.0,100.0,114.0,87.7,119.0,140.0,85.0,28.0,68.0,41.2,2,0.8,0.8,11.0,23.0,9.0,3.0,33.0,17:00:00,/en/matches/fdbcc9e3/Marseille-Reims-August-12-2023-Ligue-1
FRA-Ligue 1,2324,Marseille,2023-08-18 Metz-Marseille,2023-08-18,Matchweek 2,Fri,Away,D,2,2,Metz,432.0,528.0,81.8,7925.0,2395.0,169.0,189.0,89.4,206.0,235.0,87.7,49.0,75.0,65.3,2,1.7,1.2,19.0,50.0,10.0,6.0,56.0,21:00:00,/en/matches/02c81085/Metz-Marseille-August-18-2023-Ligue-1
FRA-Ligue 1,2324,Marseille,2023-08-26 Marseille-Brest,2023-08-26,Matchweek 3,Sat,Home,W,2,0,Brest,368.0,448.0,82.1,7374.0,2673.0,121.0,145.0,83.4,197.0,219.0,90.0,46.0,75.0,61.3,1,2.3,1.8,12.0,30.0,12.0,3.0,47.0,19:00:00,/en/matches/b9c29ee4/Marseille-Brest-August-26-2023-Ligue-1
FRA-Ligue 1,2324,Marseille,2023-09-01 Nantes-Marseille,2023-09-01,Matchweek 4,Fri,Away,D,1,1,Nantes,559.0,655.0,85.3,9855.0,2682.0,237.0,268.0,88.4,265.0,294.0,90.1,44.0,69.0,63.8,0,1.5,1.6,16.0,43.0,18.0,3.0,70.0,21:00:00,/en/matches/6eca98c7/Nantes-Marseille-September-1-2023-Ligue-1
FRA-Ligue 1,2324,Marseille,2023-09-17 Marseille-Toulouse,2023-09-17,Matchweek 5,Sun,Home,D,0,0,Toulouse,484.0,605.0,80.0,8874.0,2900.0,178.0,208.0,85.6,256.0,304.0,84.2,40.0,68.0,58.8,0,1.1,2.0,15.0,54.0,12.0,4.0,73.0,17:05:00,/en/matches/195b7636/Marseille-Toulouse-September-17-2023-Ligue-1
FRA-Ligue 1,2324,Marseille,2023-09-24 Paris S-G-Marseille,2023-09-24,Matchweek 6,Sun,Away,L,0,4,Paris S-G,177.0,267.0,66.3,3231.0,1563.0,65.0,96.0,67.7,77.0,105.0,73.3,22.0,45.0,48.9,0,0.6,0.4,5.0,16.0,3.0,1.0,16.0,20:45:00,/en/matches/405fa974/Paris-Saint-Germain-Marseille-September-24-2023-Ligue-1
FRA-Ligue 1,2324,Marseille,2023-09-30 Monaco-Marseille,2023-09-30,Matchweek 7,Sat,Away,L,2,3,Monaco,399.0,518.0,77.0,6794.0,2362.0,184.0,215.0,85.6,170.0,202.0,84.2,30.0,65.0,46.2,2,1.0,0.9,7.0,32.0,11.0,3.0,45.0,21:00:00,/en/matches/680c833b/Monaco-Marseille-September-30-2023-Ligue-1
FRA-Ligue 1,2324,Marseille,2023-10-08 Marseille-Le Havre,2023-10-08,Matchweek 8,Sun,Home,W,3,0,Le Havre,678.0,754.0,89.9,11033.0,3206.0,323.0,348.0,92.8,290.0,311.0,93.2,37.0,52.0,71.2,2,2.6,2.7,11.0,50.0,6.0,0.0,51.0,13:00:00,/en/matches/4df09039/Marseille-Le-Havre-October-8-2023-Ligue-1
FRA-Ligue 1,2324,Marseille,2023-10-21 Nice-Marseille,2023-10-21,Matchweek 9,Sat,Away,L,0,1,Nice,440.0,526.0,83.7,7951.0,2494.0,174.0,194.0,89.7,226.0,258.0,87.6,29.0,55.0,52.7,0,1.1,1.0,8.0,39.0,5.0,1.0,34.0,21:00:00,/en/matches/494deaba/Nice-Marseille-October-21-2023-Ligue-1
FRA-Ligue 1,2324,Marseille,2023-11-04 Marseille-Lille,2023-11-04,Matchweek 11,Sat,Home,D,0,0,Lille,390.0,466.0,83.7,7099.0,2315.0,147.0,166.0,88.6,197.0,224.0,87.9,34.0,58.0,58.6,0,0.6,0.7,5.0,30.0,7.0,1.0,42.0,21:00:00,/en/matches/d8243ab9/Marseille-Lille-November-4-2023-Ligue-1
FRA-Ligue 1,2324,Marseille,2023-11-12 Lens-Marseille,2023-11-12,Matchweek 12,Sun,Away,L,0,1,Lens,394.0,497.0,79.3,6971.0,2463.0,172.0,200.0,86.0,169.0,201.0,84.1,40.0,69.0,58.0,0,1.0,0.9,6.0,23.0,7.0,4.0,32.0,20:45:00,/en/matches/fe8096da/Lens-Marseille-November-12-2023-Ligue-1
FRA-Ligue 1,2324,Marseille,2023-11-25 Strasbourg-Marseille,2023-11-25,Matchweek 13,Sat,Away,D,1,1,Strasbourg,473.0,564.0,83.9,8236.0,3091.0,198.0,218.0,90.8,223.0,247.0,90.3,35.0,67.0,52.2,0,1.1,1.4,11.0,46.0,13.0,4.0,62.0,21:00:00,/en/matches/3d1a3c81/Strasbourg-Marseille-November-25-2023-Ligue-1
FRA-Ligue 1,2324,Marseille,2023-12-03 Marseille-Rennes,2023-12-03,Matchweek 14,Sun,Home,W,2,0,Rennes,359.0,444.0,80.9,5936.0,2093.0,167.0,189.0,88.4,144.0,163.0,88.3,27.0,58.0,46.6,1,0.1,0.5,2.0,28.0,8.0,2.0,29.0,20:45:00,/en/matches/caadf3f7/Marseille-Rennes-December-3-2023-Ligue-1
FRA-Ligue 1,2324,Marseille,2023-12-06 Marseille-Lyon,2023-12-06,Matchweek 10,Wed,Home,W,3,0,Lyon,406.0,514.0,79.0,6742.0,2229.0,187.0,219.0,85.4,172.0,202.0,85.1,31.0,65.0,47.7,3,2.0,1.3,7.0,34.0,8.0,0.0,45.0,21:00:00,/en/matches/dfac144f/Choc-des-Olympiques-Marseille-Lyon-December-6-2023-Ligue-1
FRA-Ligue 1,2324,Marseille,2023-12-10 Lorient-Marseille,2023-12-10,Matchweek 15,Sun,Away,W,4,2,Lorient,381.0,473.0,80.5,6698.0,2572.0,162.0,177.0,91.5,160.0,182.0,87.9,40.0,77.0,51.9,4,2.1,1.4,14.0,20.0,12.0,3.0,26.0,20:45:00,/en/matches/5443d1b1/Lorient-Marseille-December-10-2023-Ligue-1
FRA-Ligue 1,2324,Marseille,2023-12-17 Marseille-Clermont Foot,2023-12-17,Matchweek 16,Sun,Home,W,2,1,Clermont Foot,495.0,591.0,83.8,8829.0,3095.0,205.0,241.0,85.1,233.0,262.0,88.9,43.0,67.0,64.2,1,2.1,1.8,12.0,35.0,16.0,5.0,44.0,17:05:00,/en/matches/a92291bc/Marseille-Clermont-Foot-December-17-2023-Ligue-1
FRA-Ligue 1,2324,Marseille,2023-12-20 Montpellier-Marseille,2023-12-20,Matchweek 17,Wed,Away,D,1,1,Montpellier,517.0,612.0,84.5,8557.0,3028.0,236.0,262.0,90.1,211.0,242.0,87.2,43.0,65.0,66.2,1,1.1,1.5,14.0,60.0,10.0,2.0,66.0,21:00:00,/en/matches/b8e581d1/Montpellier-Marseille-December-20-2023-Ligue-1
FRA-Ligue 1,2324,Marseille,2024-01-12 Marseille-Strasbourg,2024-01-12,Matchweek 18,Fri,Home,D,1,1,Strasbourg,363.0,463.0,78.4,6356.0,2169.0,169.0,194.0,87.1,151.0,179.0,84.4,35.0,66.0,53.0,1,1.3,1.3,7.0,24.0,12.0,4.0,35.0,21:00:00,/en/matches/2a8b7749/Marseille-Strasbourg-January-12-2024-Ligue-1
FRA-Ligue 1,2324,Marseille,2024-01-27 Marseille-Monaco,2024-01-27,Matchweek 19,Sat,Home,D,2,2,Monaco,544.0,646.0,84.2,9139.0,2861.0,247.0,267.0,92.5,242.0,278.0,87.1,37.0,62.0,59.7,1,1.7,1.5,16.0,55.0,4.0,0.0,61.0,21:00:00,/en/matches/039fae0f/Marseille-Monaco-January-27-2024-Ligue-1
FRA-Ligue 1,2324,Marseille,2024-02-04 Lyon-Marseille,2024-02-04,Matchweek 20,Sun,Away,L,0,1,Lyon,581.0,687.0,84.6,9586.0,2888.0,280.0,307.0,91.2,237.0,269.0,88.1,40.0,70.0,57.1,0,0.3,0.6,6.0,49.0,10.0,2.0,52.0,20:45:00,/en/matches/2e98ccf9/Choc-des-Olympiques-Lyon-Marseille-February-4-2024-Ligue-1
FRA-Ligue 1,2324,Marseille,2024-02-09 Marseille-Metz,2024-02-09,Matchweek 21,Fri,Home,D,1,1,Metz,520.0,608.0,85.5,8937.0,3035.0,209.0,226.0,92.5,267.0,302.0,88.4,27.0,51.0,52.9,1,1.5,1.7,14.0,50.0,6.0,3.0,69.0,21:00:00,/en/matches/70c7d433/Marseille-Metz-February-9-2024-Ligue-1
FRA-Ligue 1,2324,Marseille,2024-02-18 Brest-Marseille,2024-02-18,Matchweek 22,Sun,Away,L,0,1,Brest,443.0,553.0,80.1,8031.0,2961.0,176.0,203.0,86.7,214.0,253.0,84.6,43.0,73.0,58.9,0,0.5,1.1,8.0,49.0,14.0,2.0,62.0,20:45:00,/en/matches/56d7c531/Brest-Marseille-February-18-2024-Ligue-1
FRA-Ligue 1,2324,Marseille,2024-02-25 Marseille-Montpellier,2024-02-25,Matchweek 23,Sun,Home,W,4,1,Montpellier,427.0,516.0,82.8,7266.0,2715.0,187.0,211.0,88.6,185.0,205.0,90.2,36.0,76.0,47.4,2,1.8,1.3,14.0,47.0,8.0,3.0,53.0,20:45:00,/en/matches/7b5136c2/Marseille-Montpellier-February-25-2024-Ligue-1
FRA-Ligue 1,2324,Marseille,2024-03-02 Clermont Foot-Marseille,2024-03-02,Matchweek 24,Sat,Away,W,5,1,Clermont Foot,530.0,643.0,82.4,9682.0,3485.0,212.0,241.0,88.0,254.0,280.0,90.7,52.0,96.0,54.2,3,1.6,1.0,12.0,56.0,14.0,2.0,71.0,21:00:00,/en/matches/c2c8e29e/Clermont-Foot-Marseille-March-2-2024-Ligue-1
FRA-Ligue 1,2324,Marseille,2024-03-10 Marseille-Nantes,2024-03-10,Matchweek 25,Sun,Home,W,2,0,Nantes,418.0,501.0,83.4,7191.0,2321.0,194.0,209.0,92.8,167.0,191.0,87.4,42.0,81.0,51.9,0,0.5,0.5,7.0,32.0,5.0,1.0,33.0,20:45:00,/en/matches/b696acad/Marseille-Nantes-March-10-2024-Ligue-1
FRA-Ligue 1,2324,Marseille,2024-03-17 Rennes-Marseille,2024-03-17,Matchweek 26,Sun,Away,L,0,2,Rennes,465.0,565.0,82.3,8701.0,2768.0,177.0,205.0,86.3,220.0,250.0,88.0,56.0,85.0,65.9,0,0.2,0.6,5.0,53.0,10.0,1.0,52.0,17:05:00,/en/matches/8cc36332/Rennes-Marseille-March-17-2024-Ligue-1
FRA-Ligue 1,2324,Marseille,2024-03-31 Marseille-Paris S-G,2024-03-31,Matchweek 27,Sun,Home,L,0,2,Paris S-G,407.0,503.0,80.9,7041.0,2488.0,176.0,202.0,87.1,175.0,208.0,84.1,43.0,72.0,59.7,0,0.7,0.9,13.0,46.0,7.0,4.0,59.0,20:45:00,/en/matches/4b3924f8/Marseille-Paris-Saint-Germain-March-31-2024-Ligue-1
FRA-Ligue 1,2324,Marseille,2024-04-05 Lille-Marseille,2024-04-05,Matchweek 28,Fri,Away,L,1,3,Lille,309.0,401.0,77.1,5624.0,1941.0,125.0,144.0,86.8,137.0,165.0,83.0,36.0,68.0,52.9,0,0.9,0.4,10.0,18.0,6.0,1.0,37.0,21:00:00,/en/matches/b0aa88a4/Lille-Marseille-April-5-2024-Ligue-1
FRA-Ligue 1,2324,Marseille,2024-04-21 Toulouse-Marseille,2024-04-21,Matchweek 30,Sun,Away,D,2,2,Toulouse,457.0,549.0,83.2,7412.0,2383.0,207.0,225.0,92.0,216.0,244.0,88.5,22.0,58.0,37.9,0,0.2,1.0,4.0,19.0,7.0,1.0,40.0,19:00:00,/en/matches/05f7968b/Toulouse-Marseille-April-21-2024-Ligue-1
FRA-Ligue 1,2324,Marseille,2024-04-24 Marseille-Nice,2024-04-24,Matchweek 29,Wed,Home,D,2,2,Nice,363.0,468.0,77.6,6728.0,2161.0,148.0,175.0,84.6,167.0,196.0,85.2,40.0,77.0,51.9,0,1.4,0.6,8.0,24.0,5.0,0.0,32.0,21:00:00,/en/matches/0727529c/Marseille-Nice-April-24-2024-Ligue-1
FRA-Ligue 1,2324,Marseille,2024-04-28 Marseille-Lens,2024-04-28,Matchweek 31,Sun,Home,W,2,1,Lens,297.0,382.0,77.7,5774.0,2452.0,106.0,132.0,80.3,143.0,163.0,87.7,39.0,66.0,59.1,2,1.4,0.6,7.0,18.0,7.0,4.0,21.0,21:00:00,/en/matches/13780c18/Marseille-Lens-April-28-2024-Ligue-1
FRA-Ligue 1,2324,Marseille,2024-05-12 Marseille-Lorient,2024-05-12,Matchweek 33,Sun,Home,W,3,1,Lorient,425.0,544.0,78.1,7604.0,2471.0,180.0,208.0,86.5,211.0,244.0,86.5,30.0,71.0,42.3,1,1.0,1.2,8.0,34.0,12.0,4.0,36.0,21:00:00,/en/matches/acbbdff5/Marseille-Lorient-May-12-2024-Ligue-1
FRA-Ligue 1,2324,Marseille,2024-05-15 Reims-Marseille,2024-05-15,Matchweek 32,Wed,Away,L,0,1,Reims,472.0,574.0,82.2,8961.0,3144.0,181.0,209.0,86.6,219.0,251.0,87.3,61.0,91.0,67.0,0,1.4,1.9,17.0,46.0,16.0,8.0,67.0,21:00:00,/en/matches/5a6454f2/Reims-Marseille-May-15-2024-Ligue-1
FRA-Ligue 1,2324,Marseille,2024-05-19 Le Havre-Marseille,2024-05-19,Matchweek 34,Sun,Away,W,2,1,Le Havre,484.0,584.0,82.9,8877.0,2908.0,191.0,223.0,85.7,232.0,263.0,88.2,53.0,83.0,63.9,2,1.3,1.5,18.0,39.0,14.0,3.0,62.0,21:00:00,/en/matches/3fa1da40/Le-Havre-Marseille-May-19-2024-Ligue-1
FRA-Ligue 1,2324,Metz,2023-08-13 Rennes-Metz,2023-08-13,Matchweek 1,Sun,Away,L,1,5,Rennes,258.0,326.0,79.1,5553.0,2135.0,78.0,87.0,89.7,124.0,147.0,84.4,46.0,76.0,60.5,1,0.4,0.5,8.0,29.0,4.0,2.0,27.0,17:05:00,/en/matches/e0073aaf/Rennes-Metz-August-13-2023-Ligue-1
FRA-Ligue 1,2324,Metz,2023-08-18 Metz-Marseille,2023-08-18,Matchweek 2,Fri,Home,D,2,2,Marseille,303.0,401.0,75.6,5613.0,2079.0,125.0,152.0,82.2,139.0,165.0,84.2,31.0,65.0,47.7,2,0.4,0.3,8.0,19.0,3.0,1.0,24.0,21:00:00,/en/matches/02c81085/Metz-Marseille-August-18-2023-Ligue-1
FRA-Ligue 1,2324,Metz,2023-08-27 Clermont Foot-Metz,2023-08-27,Matchweek 3,Sun,Away,W,1,0,Clermont Foot,211.0,295.0,71.5,4165.0,2032.0,79.0,104.0,76.0,93.0,117.0,79.5,32.0,58.0,55.2,0,0.4,0.2,5.0,19.0,3.0,0.0,27.0,15:00:00,/en/matches/344b05de/Clermont-Foot-Metz-August-27-2023-Ligue-1
FRA-Ligue 1,2324,Metz,2023-09-03 Metz-Reims,2023-09-03,Matchweek 4,Sun,Home,D,2,2,Reims,248.0,332.0,74.7,5324.0,2224.0,79.0,92.0,85.9,118.0,137.0,86.1,46.0,86.0,53.5,2,0.8,0.7,8.0,23.0,5.0,2.0,24.0,15:00:00,/en/matches/678bad42/Metz-Reims-September-3-2023-Ligue-1
FRA-Ligue 1,2324,Metz,2023-09-16 Lens-Metz,2023-09-16,Matchweek 5,Sat,Away,W,1,0,Lens,171.0,262.0,65.3,3988.0,2174.0,55.0,73.0,75.3,75.0,101.0,74.3,36.0,76.0,47.4,0,0.0,0.1,1.0,13.0,2.0,0.0,16.0,21:00:00,/en/matches/40754c32/Lens-Metz-September-16-2023-Ligue-1
FRA-Ligue 1,2324,Metz,2023-09-24 Metz-Strasbourg,2023-09-24,Matchweek 6,Sun,Home,L,0,1,Strasbourg,424.0,503.0,84.3,8308.0,2508.0,143.0,159.0,89.9,224.0,246.0,91.1,51.0,80.0,63.8,0,1.0,0.6,12.0,30.0,4.0,3.0,46.0,13:00:00,/en/matches/a5037d9e/Metz-Strasbourg-September-24-2023-Ligue-1
FRA-Ligue 1,2324,Metz,2023-10-01 Toulouse-Metz,2023-10-01,Matchweek 7,Sun,Away,L,0,3,Toulouse,258.0,351.0,73.5,5503.0,2000.0,92.0,109.0,84.4,119.0,141.0,84.4,46.0,90.0,51.1,0,0.6,0.5,6.0,31.0,4.0,0.0,28.0,15:00:00,/en/matches/9baac3cb/Toulouse-Metz-October-1-2023-Ligue-1
FRA-Ligue 1,2324,Metz,2023-10-07 Metz-Nice,2023-10-07,Matchweek 8,Sat,Home,L,0,1,Nice,312.0,399.0,78.2,6092.0,1885.0,108.0,131.0,82.4,158.0,179.0,88.3,42.0,69.0,60.9,0,0.3,0.3,9.0,15.0,5.0,1.0,28.0,17:00:00,/en/matches/a77842d5/Metz-Nice-October-7-2023-Ligue-1
FRA-Ligue 1,2324,Metz,2023-10-22 Monaco-Metz,2023-10-22,Matchweek 9,Sun,Away,L,1,2,Monaco,172.0,262.0,65.6,3687.0,1907.0,58.0,84.0,69.0,80.0,98.0,81.6,28.0,61.0,45.9,0,0.8,0.2,5.0,14.0,3.0,1.0,15.0,17:05:00,/en/matches/b33c484a/Monaco-Metz-October-22-2023-Ligue-1
FRA-Ligue 1,2324,Metz,2023-10-29 Metz-Le Havre,2023-10-29,Matchweek 10,Sun,Home,D,0,0,Le Havre,282.0,382.0,73.8,6064.0,2199.0,84.0,110.0,76.4,139.0,171.0,81.3,53.0,88.0,60.2,0,0.5,0.5,7.0,23.0,4.0,2.0,27.0,15:00:00,/en/matches/6d743853/Metz-Le-Havre-October-29-2023-Ligue-1
FRA-Ligue 1,2324,Metz,2023-11-05 Lyon-Metz,2023-11-05,Matchweek 11,Sun,Away,D,1,1,Lyon,258.0,349.0,73.9,5381.0,2203.0,82.0,101.0,81.2,129.0,150.0,86.0,43.0,86.0,50.0,1,0.4,0.2,4.0,20.0,2.0,1.0,36.0,13:00:00,/en/matches/eadb1375/Lyon-Metz-November-5-2023-Ligue-1
FRA-Ligue 1,2324,Metz,2023-11-12 Metz-Nantes,2023-11-12,Matchweek 12,Sun,Home,W,3,1,Nantes,240.0,344.0,69.8,5364.0,2570.0,77.0,103.0,74.8,108.0,133.0,81.2,52.0,95.0,54.7,3,1.1,0.6,8.0,19.0,5.0,2.0,31.0,15:00:00,/en/matches/594dba4e/Metz-Nantes-November-12-2023-Ligue-1
FRA-Ligue 1,2324,Metz,2023-11-26 Lorient-Metz,2023-11-26,Matchweek 13,Sun,Away,W,3,2,Lorient,216.0,298.0,72.5,4447.0,1877.0,72.0,97.0,74.2,106.0,126.0,84.1,37.0,70.0,52.9,2,1.0,1.0,11.0,25.0,10.0,7.0,22.0,15:00:00,/en/matches/685f0592/Lorient-Metz-November-26-2023-Ligue-1
FRA-Ligue 1,2324,Metz,2023-12-03 Lille-Metz,2023-12-03,Matchweek 14,Sun,Away,L,0,2,Lille,303.0,384.0,78.9,6170.0,2135.0,111.0,127.0,87.4,149.0,174.0,85.6,43.0,76.0,56.6,0,0.3,0.2,3.0,11.0,3.0,2.0,21.0,17:05:00,/en/matches/1edcab1f/Lille-Metz-December-3-2023-Ligue-1
FRA-Ligue 1,2324,Metz,2023-12-10 Metz-Brest,2023-12-10,Matchweek 15,Sun,Home,L,0,1,Brest,226.0,337.0,67.1,4751.0,2232.0,77.0,108.0,71.3,107.0,137.0,78.1,38.0,73.0,52.1,0,0.0,0.2,2.0,21.0,3.0,0.0,26.0,15:00:00,/en/matches/e1a3d53e/Metz-Brest-December-10-2023-Ligue-1
FRA-Ligue 1,2324,Metz,2023-12-17 Metz-Montpellier,2023-12-17,Matchweek 16,Sun,Home,L,0,1,Montpellier,358.0,486.0,73.7,6980.0,2598.0,138.0,172.0,80.2,172.0,206.0,83.5,43.0,87.0,49.4,0,0.5,0.6,12.0,25.0,9.0,4.0,55.0,15:00:00,/en/matches/eb4084eb/Metz-Montpellier-December-17-2023-Ligue-1
FRA-Ligue 1,2324,Metz,2023-12-20 Paris S-G-Metz,2023-12-20,Matchweek 17,Wed,Away,L,1,3,Paris S-G,218.0,298.0,73.2,4337.0,1557.0,72.0,83.0,86.7,113.0,143.0,79.0,28.0,61.0,45.9,1,0.1,0.2,2.0,10.0,2.0,0.0,12.0,21:00:00,/en/matches/fb56b3c2/Paris-Saint-Germain-Metz-December-20-2023-Ligue-1
FRA-Ligue 1,2324,Metz,2024-01-14 Metz-Toulouse,2024-01-14,Matchweek 18,Sun,Home,L,0,1,Toulouse,282.0,377.0,74.8,5392.0,2046.0,104.0,129.0,80.6,133.0,163.0,81.6,39.0,64.0,60.9,0,0.4,0.8,8.0,19.0,6.0,4.0,27.0,15:00:00,/en/matches/926b0a14/Metz-Toulouse-January-14-2024-Ligue-1
FRA-Ligue 1,2324,Metz,2024-01-27 Nice-Metz,2024-01-27,Matchweek 19,Sat,Away,L,0,1,Nice,230.0,325.0,70.8,4625.0,1555.0,76.0,94.0,80.9,114.0,138.0,82.6,35.0,73.0,47.9,0,0.0,0.2,1.0,22.0,4.0,0.0,23.0,17:00:00,/en/matches/69267ef1/Nice-Metz-January-27-2024-Ligue-1
FRA-Ligue 1,2324,Metz,2024-02-04 Metz-Lorient,2024-02-04,Matchweek 20,Sun,Home,L,1,2,Lorient,315.0,447.0,70.5,6216.0,2062.0,105.0,140.0,75.0,171.0,210.0,81.4,33.0,76.0,43.4,1,0.9,0.4,8.0,29.0,6.0,2.0,42.0,15:00:00,/en/matches/2e802ba3/Metz-Lorient-February-4-2024-Ligue-1
FRA-Ligue 1,2324,Metz,2024-02-09 Marseille-Metz,2024-02-09,Matchweek 21,Fri,Away,D,1,1,Marseille,234.0,315.0,74.3,5009.0,1759.0,74.0,90.0,82.2,115.0,135.0,85.2,41.0,76.0,53.9,1,0.7,0.6,5.0,14.0,4.0,1.0,25.0,21:00:00,/en/matches/70c7d433/Marseille-Metz-February-9-2024-Ligue-1
FRA-Ligue 1,2324,Metz,2024-02-18 Montpellier-Metz,2024-02-18,Matchweek 22,Sun,Away,L,0,3,Montpellier,295.0,380.0,77.6,6087.0,2395.0,96.0,116.0,82.8,134.0,164.0,81.7,56.0,83.0,67.5,0,1.1,0.7,12.0,33.0,6.0,3.0,39.0,15:00:00,/en/matches/4e939d4c/Montpellier-Metz-February-18-2024-Ligue-1
FRA-Ligue 1,2324,Metz,2024-02-23 Metz-Lyon,2024-02-23,Matchweek 23,Fri,Home,L,1,2,Lyon,270.0,366.0,73.8,4673.0,1819.0,121.0,149.0,81.2,113.0,138.0,81.9,25.0,59.0,42.4,0,1.2,0.7,8.0,29.0,5.0,2.0,33.0,21:00:00,/en/matches/f2778def/Metz-Lyon-February-23-2024-Ligue-1
FRA-Ligue 1,2324,Metz,2024-03-03 Nantes-Metz,2024-03-03,Matchweek 24,Sun,Away,W,2,0,Nantes,438.0,534.0,82.0,8213.0,2737.0,169.0,191.0,88.5,213.0,243.0,87.7,46.0,81.0,56.8,1,1.5,0.6,10.0,20.0,6.0,4.0,28.0,15:00:00,/en/matches/9cd454f2/Nantes-Metz-March-3-2024-Ligue-1
FRA-Ligue 1,2324,Metz,2024-03-10 Metz-Clermont Foot,2024-03-10,Matchweek 25,Sun,Home,W,1,0,Clermont Foot,218.0,317.0,68.8,4237.0,1826.0,82.0,97.0,84.5,88.0,114.0,77.2,35.0,76.0,46.1,0,0.6,0.4,6.0,14.0,3.0,0.0,21.0,15:00:00,/en/matches/f7db6990/Metz-Clermont-Foot-March-10-2024-Ligue-1
FRA-Ligue 1,2324,Metz,2024-03-17 Reims-Metz,2024-03-17,Matchweek 26,Sun,Away,L,1,2,Reims,195.0,266.0,73.3,4252.0,1844.0,57.0,68.0,83.8,95.0,114.0,83.3,40.0,77.0,51.9,1,0.8,0.7,10.0,16.0,9.0,6.0,19.0,15:00:00,/en/matches/d840de58/Reims-Metz-March-17-2024-Ligue-1
FRA-Ligue 1,2324,Metz,2024-03-30 Metz-Monaco,2024-03-30,Matchweek 27,Sat,Home,L,2,5,Monaco,348.0,447.0,77.9,6416.0,2380.0,137.0,166.0,82.5,164.0,191.0,85.9,40.0,74.0,54.1,2,2.1,0.5,12.0,27.0,9.0,0.0,41.0,17:00:00,/en/matches/ec35ab5c/Metz-Monaco-March-30-2024-Ligue-1
FRA-Ligue 1,2324,Metz,2024-04-07 Brest-Metz,2024-04-07,Matchweek 28,Sun,Away,L,3,4,Brest,263.0,361.0,72.9,4897.0,2122.0,108.0,134.0,80.6,121.0,144.0,84.0,29.0,70.0,41.4,2,1.3,0.5,5.0,21.0,4.0,2.0,28.0,13:00:00,/en/matches/f6f76317/Brest-Metz-April-7-2024-Ligue-1
FRA-Ligue 1,2324,Metz,2024-04-12 Metz-Lens,2024-04-12,Matchweek 29,Fri,Home,W,2,1,Lens,203.0,305.0,66.6,4326.0,1716.0,69.0,92.0,75.0,95.0,123.0,77.2,38.0,80.0,47.5,2,0.8,0.5,11.0,16.0,4.0,3.0,17.0,21:00:00,/en/matches/eac47cb2/Metz-Lens-April-12-2024-Ligue-1
FRA-Ligue 1,2324,Metz,2024-04-21 Le Havre-Metz,2024-04-21,Matchweek 30,Sun,Away,W,1,0,Le Havre,216.0,316.0,68.4,4202.0,1590.0,84.0,108.0,77.8,88.0,113.0,77.9,35.0,76.0,46.1,0,0.6,0.4,6.0,14.0,2.0,0.0,13.0,15:00:00,/en/matches/488e12d3/Le-Havre-Metz-April-21-2024-Ligue-1
FRA-Ligue 1,2324,Metz,2024-04-28 Metz-Lille,2024-04-28,Matchweek 31,Sun,Home,L,1,2,Lille,228.0,318.0,71.7,4529.0,1330.0,77.0,95.0,81.1,116.0,136.0,85.3,29.0,71.0,40.8,0,0.1,0.4,1.0,15.0,2.0,0.0,18.0,13:00:00,/en/matches/316c5fa3/Metz-Lille-April-28-2024-Ligue-1
FRA-Ligue 1,2324,Metz,2024-05-04 Metz-Rennes,2024-05-04,Matchweek 32,Sat,Home,L,2,3,Rennes,234.0,338.0,69.2,4630.0,1860.0,98.0,126.0,77.8,97.0,119.0,81.5,35.0,84.0,41.7,2,0.6,0.2,6.0,16.0,3.0,2.0,23.0,19:00:00,/en/matches/a299adab/Metz-Rennes-May-4-2024-Ligue-1
FRA-Ligue 1,2324,Metz,2024-05-12 Strasbourg-Metz,2024-05-12,Matchweek 33,Sun,Away,L,1,2,Strasbourg,203.0,297.0,68.4,3990.0,1684.0,81.0,99.0,81.8,80.0,107.0,74.8,35.0,72.0,48.6,1,0.9,0.5,6.0,17.0,4.0,2.0,24.0,21:00:00,/en/matches/2301c78f/Strasbourg-Metz-May-12-2024-Ligue-1
FRA-Ligue 1,2324,Metz,2024-05-19 Metz-Paris S-G,2024-05-19,Matchweek 34,Sun,Home,L,0,2,Paris S-G,186.0,268.0,69.4,3746.0,1573.0,64.0,86.0,74.4,83.0,101.0,82.2,31.0,70.0,44.3,0,0.8,0.4,8.0,16.0,4.0,2.0,24.0,21:00:00,/en/matches/8dac35ed/Metz-Paris-Saint-Germain-May-19-2024-Ligue-1
FRA-Ligue 1,2324,Monaco,2023-08-13 Clermont Foot-Monaco,2023-08-13,Matchweek 1,Sun,Away,W,4,2,Clermont Foot,382.0,480.0,79.6,6320.0,2527.0,182.0,207.0,87.9,160.0,191.0,83.8,27.0,57.0,47.4,3,2.0,2.8,10.0,36.0,10.0,2.0,39.0,15:00:00,/en/matches/68752280/Clermont-Foot-Monaco-August-13-2023-Ligue-1
FRA-Ligue 1,2324,Monaco,2023-08-20 Monaco-Strasbourg,2023-08-20,Matchweek 2,Sun,Home,W,3,0,Strasbourg,494.0,606.0,81.5,9369.0,3322.0,192.0,230.0,83.5,229.0,262.0,87.4,60.0,84.0,71.4,2,0.5,0.9,6.0,40.0,7.0,1.0,56.0,19:00:00,/en/matches/f06d0bce/Monaco-Strasbourg-August-20-2023-Ligue-1
FRA-Ligue 1,2324,Monaco,2023-08-25 Nantes-Monaco,2023-08-25,Matchweek 3,Fri,Away,D,3,3,Nantes,627.0,744.0,84.3,10595.0,3538.0,284.0,320.0,88.8,270.0,307.0,87.9,53.0,79.0,67.1,1,1.7,2.1,18.0,68.0,15.0,2.0,74.0,21:00:00,/en/matches/ea724bc0/Nantes-Monaco-August-25-2023-Ligue-1
FRA-Ligue 1,2324,Monaco,2023-09-02 Monaco-Lens,2023-09-02,Matchweek 4,Sat,Home,W,3,0,Lens,438.0,540.0,81.1,7991.0,2601.0,163.0,185.0,88.1,204.0,229.0,89.1,50.0,89.0,56.2,3,0.8,1.6,10.0,23.0,9.0,0.0,43.0,21:00:00,/en/matches/7a2f8122/Monaco-Lens-September-2-2023-Ligue-1
FRA-Ligue 1,2324,Monaco,2023-09-17 Lorient-Monaco,2023-09-17,Matchweek 5,Sun,Away,D,2,2,Lorient,537.0,627.0,85.6,9217.0,2942.0,242.0,263.0,92.0,229.0,255.0,89.8,49.0,75.0,65.3,2,1.3,1.4,15.0,48.0,12.0,1.0,59.0,13:00:00,/en/matches/2cbf9481/Lorient-Monaco-September-17-2023-Ligue-1
FRA-Ligue 1,2324,Monaco,2023-09-22 Monaco-Nice,2023-09-22,Matchweek 6,Fri,Home,L,0,1,Nice,469.0,566.0,82.9,8361.0,2667.0,199.0,219.0,90.9,221.0,243.0,90.9,43.0,84.0,51.2,0,0.3,0.7,7.0,31.0,14.0,2.0,36.0,21:00:00,/en/matches/74e4b97c/Monaco-Nice-September-22-2023-Ligue-1
FRA-Ligue 1,2324,Monaco,2023-09-30 Monaco-Marseille,2023-09-30,Matchweek 7,Sat,Home,W,3,2,Marseille,336.0,447.0,75.2,6186.0,2624.0,148.0,175.0,84.6,138.0,170.0,81.2,36.0,76.0,47.4,2,0.6,0.4,7.0,24.0,7.0,0.0,37.0,21:00:00,/en/matches/680c833b/Monaco-Marseille-September-30-2023-Ligue-1
FRA-Ligue 1,2324,Monaco,2023-10-07 Reims-Monaco,2023-10-07,Matchweek 8,Sat,Away,W,3,1,Reims,307.0,417.0,73.6,5837.0,2339.0,125.0,143.0,87.4,133.0,172.0,77.3,41.0,76.0,53.9,2,1.0,1.8,10.0,28.0,7.0,1.0,34.0,21:00:00,/en/matches/8abe55a4/Reims-Monaco-October-7-2023-Ligue-1
FRA-Ligue 1,2324,Monaco,2023-10-22 Monaco-Metz,2023-10-22,Matchweek 9,Sun,Home,W,2,1,Metz,661.0,769.0,86.0,11558.0,4177.0,275.0,305.0,90.2,294.0,329.0,89.4,67.0,95.0,70.5,1,1.7,1.9,23.0,95.0,14.0,1.0,94.0,17:05:00,/en/matches/b33c484a/Monaco-Metz-October-22-2023-Ligue-1
FRA-Ligue 1,2324,Monaco,2023-10-29 Lille-Monaco,2023-10-29,Matchweek 10,Sun,Away,L,0,2,Lille,404.0,515.0,78.4,7987.0,2494.0,129.0,160.0,80.6,216.0,246.0,87.8,51.0,79.0,64.6,0,0.3,0.8,10.0,35.0,12.0,1.0,58.0,15:00:00,/en/matches/e4ed3318/Lille-Monaco-October-29-2023-Ligue-1
FRA-Ligue 1,2324,Monaco,2023-11-05 Monaco-Brest,2023-11-05,Matchweek 11,Sun,Home,W,2,0,Brest,335.0,425.0,78.8,5777.0,2626.0,153.0,182.0,84.1,138.0,159.0,86.8,28.0,55.0,50.9,2,0.4,0.8,5.0,26.0,6.0,0.0,42.0,17:05:00,/en/matches/ef59a003/Monaco-Brest-November-5-2023-Ligue-1
FRA-Ligue 1,2324,Monaco,2023-11-11 Le Havre-Monaco,2023-11-11,Matchweek 12,Sat,Away,D,0,0,Le Havre,496.0,595.0,83.4,8606.0,2662.0,226.0,260.0,86.9,217.0,244.0,88.9,47.0,75.0,62.7,0,0.5,1.0,7.0,53.0,9.0,0.0,61.0,21:00:00,/en/matches/8bb49483/Le-Havre-Monaco-November-11-2023-Ligue-1
FRA-Ligue 1,2324,Monaco,2023-11-24 Paris S-G-Monaco,2023-11-24,Matchweek 13,Fri,Away,L,2,5,Paris S-G,397.0,498.0,79.7,6618.0,2397.0,195.0,219.0,89.0,145.0,174.0,83.3,38.0,72.0,52.8,1,1.4,1.3,10.0,31.0,9.0,2.0,45.0,21:00:00,/en/matches/6f11a93d/Paris-Saint-Germain-Monaco-November-24-2023-Ligue-1
FRA-Ligue 1,2324,Monaco,2023-12-03 Monaco-Montpellier,2023-12-03,Matchweek 14,Sun,Home,W,2,0,Montpellier,516.0,611.0,84.5,8610.0,3223.0,246.0,275.0,89.5,189.0,217.0,87.1,55.0,81.0,67.9,0,1.1,1.0,17.0,49.0,16.0,0.0,59.0,15:00:00,/en/matches/0d5e1575/Monaco-Montpellier-December-3-2023-Ligue-1
FRA-Ligue 1,2324,Monaco,2023-12-09 Rennes-Monaco,2023-12-09,Matchweek 15,Sat,Away,W,2,1,Rennes,367.0,453.0,81.0,6432.0,2527.0,169.0,187.0,90.4,136.0,158.0,86.1,40.0,70.0,57.1,2,0.8,1.1,11.0,26.0,10.0,3.0,40.0,17:00:00,/en/matches/fdd2c923/Rennes-Monaco-December-9-2023-Ligue-1
FRA-Ligue 1,2324,Monaco,2023-12-15 Monaco-Lyon,2023-12-15,Matchweek 16,Fri,Home,L,0,1,Lyon,513.0,627.0,81.8,8595.0,2803.0,235.0,270.0,87.0,231.0,268.0,86.2,31.0,59.0,52.5,0,1.0,1.4,17.0,51.0,9.0,2.0,55.0,21:00:00,/en/matches/f66124b8/Monaco-Lyon-December-15-2023-Ligue-1
FRA-Ligue 1,2324,Monaco,2023-12-20 Toulouse-Monaco,2023-12-20,Matchweek 17,Wed,Away,W,2,1,Toulouse,360.0,485.0,74.2,6087.0,2609.0,171.0,203.0,84.2,152.0,193.0,78.8,27.0,70.0,38.6,0,0.5,0.7,6.0,41.0,9.0,1.0,41.0,21:00:00,/en/matches/81c83fe9/Toulouse-Monaco-December-20-2023-Ligue-1
FRA-Ligue 1,2324,Monaco,2024-01-13 Monaco-Reims,2024-01-13,Matchweek 18,Sat,Home,L,1,3,Reims,467.0,575.0,81.2,8965.0,3426.0,161.0,201.0,80.1,242.0,273.0,88.6,60.0,92.0,65.2,1,1.0,1.0,6.0,49.0,14.0,2.0,54.0,17:00:00,/en/matches/7f2cdeb6/Monaco-Reims-January-13-2024-Ligue-1
FRA-Ligue 1,2324,Monaco,2024-01-27 Marseille-Monaco,2024-01-27,Matchweek 19,Sat,Away,D,2,2,Marseille,194.0,300.0,64.7,3474.0,1527.0,73.0,100.0,73.0,94.0,124.0,75.8,20.0,57.0,35.1,2,0.4,0.4,5.0,13.0,6.0,0.0,22.0,21:00:00,/en/matches/039fae0f/Marseille-Monaco-January-27-2024-Ligue-1
FRA-Ligue 1,2324,Monaco,2024-02-04 Monaco-Le Havre,2024-02-04,Matchweek 20,Sun,Home,D,1,1,Le Havre,514.0,650.0,79.1,8894.0,3195.0,205.0,252.0,81.3,245.0,289.0,84.8,42.0,73.0,57.5,1,0.9,1.4,14.0,49.0,17.0,4.0,65.0,13:00:00,/en/matches/6b4f65e7/Monaco-Le-Havre-February-4-2024-Ligue-1
FRA-Ligue 1,2324,Monaco,2024-02-11 Nice-Monaco,2024-02-11,Matchweek 21,Sun,Away,W,3,2,Nice,427.0,510.0,83.7,6955.0,2261.0,209.0,230.0,90.9,178.0,203.0,87.7,28.0,52.0,53.8,2,1.3,1.3,6.0,35.0,5.0,1.0,32.0,20:45:00,/en/matches/a2cab916/Nice-Monaco-February-11-2024-Ligue-1
FRA-Ligue 1,2324,Monaco,2024-02-18 Monaco-Toulouse,2024-02-18,Matchweek 22,Sun,Home,L,1,2,Toulouse,518.0,638.0,81.2,9048.0,3203.0,193.0,234.0,82.5,273.0,316.0,86.4,31.0,56.0,55.4,0,1.2,1.3,14.0,53.0,14.0,1.0,59.0,15:00:00,/en/matches/57c599f6/Monaco-Toulouse-February-18-2024-Ligue-1
FRA-Ligue 1,2324,Monaco,2024-02-25 Lens-Monaco,2024-02-25,Matchweek 23,Sun,Away,W,3,2,Lens,289.0,401.0,72.1,5395.0,2638.0,112.0,144.0,77.8,128.0,164.0,78.0,37.0,70.0,52.9,2,1.2,0.7,10.0,33.0,3.0,0.0,40.0,13:00:00,/en/matches/7b54b025/Lens-Monaco-February-25-2024-Ligue-1
FRA-Ligue 1,2324,Monaco,2024-03-01 Monaco-Paris S-G,2024-03-01,Matchweek 24,Fri,Home,D,0,0,Paris S-G,230.0,316.0,72.8,4184.0,2187.0,100.0,124.0,80.6,96.0,124.0,77.4,30.0,55.0,54.5,0,1.2,1.4,9.0,32.0,11.0,0.0,47.0,21:00:00,/en/matches/4be6a76c/Monaco-Paris-Saint-Germain-March-1-2024-Ligue-1
FRA-Ligue 1,2324,Monaco,2024-03-10 Strasbourg-Monaco,2024-03-10,Matchweek 25,Sun,Away,W,1,0,Strasbourg,494.0,596.0,82.9,9293.0,3234.0,183.0,211.0,86.7,246.0,274.0,89.8,54.0,85.0,63.5,1,1.1,1.2,12.0,42.0,17.0,3.0,66.0,15:00:00,/en/matches/9a8c884c/Strasbourg-Monaco-March-10-2024-Ligue-1
FRA-Ligue 1,2324,Monaco,2024-03-17 Monaco-Lorient,2024-03-17,Matchweek 26,Sun,Home,D,2,2,Lorient,410.0,494.0,83.0,7637.0,2696.0,165.0,188.0,87.8,185.0,208.0,88.9,51.0,76.0,67.1,1,2.5,2.0,20.0,54.0,20.0,3.0,55.0,15:00:00,/en/matches/5494c9d6/Monaco-Lorient-March-17-2024-Ligue-1
FRA-Ligue 1,2324,Monaco,2024-03-30 Metz-Monaco,2024-03-30,Matchweek 27,Sat,Away,W,5,2,Metz,681.0,790.0,86.2,11474.0,4328.0,310.0,351.0,88.3,284.0,314.0,90.4,60.0,89.0,67.4,3,1.7,1.3,13.0,56.0,16.0,2.0,60.0,17:00:00,/en/matches/ec35ab5c/Metz-Monaco-March-30-2024-Ligue-1
FRA-Ligue 1,2324,Monaco,2024-04-07 Monaco-Rennes,2024-04-07,Matchweek 28,Sun,Home,W,1,0,Rennes,379.0,483.0,78.5,6753.0,2834.0,171.0,195.0,87.7,153.0,191.0,80.1,40.0,69.0,58.0,1,1.5,0.9,9.0,33.0,10.0,2.0,40.0,17:05:00,/en/matches/c0e30df7/Monaco-Rennes-April-7-2024-Ligue-1
FRA-Ligue 1,2324,Monaco,2024-04-21 Brest-Monaco,2024-04-21,Matchweek 30,Sun,Away,W,2,0,Brest,290.0,437.0,66.4,4921.0,2391.0,137.0,190.0,72.1,117.0,160.0,73.1,26.0,65.0,40.0,1,0.7,0.8,5.0,28.0,7.0,0.0,46.0,17:05:00,/en/matches/8f8b95f8/Brest-Monaco-April-21-2024-Ligue-1
FRA-Ligue 1,2324,Monaco,2024-04-24 Monaco-Lille,2024-04-24,Matchweek 29,Wed,Home,W,1,0,Lille,347.0,426.0,81.5,6227.0,2094.0,148.0,164.0,90.2,151.0,174.0,86.8,32.0,57.0,56.1,0,1.1,1.2,12.0,25.0,6.0,0.0,37.0,21:00:00,/en/matches/88182e5f/Monaco-Lille-April-24-2024-Ligue-1
FRA-Ligue 1,2324,Monaco,2024-04-28 Lyon-Monaco,2024-04-28,Matchweek 31,Sun,Away,L,2,3,Lyon,411.0,527.0,78.0,6813.0,2630.0,196.0,228.0,86.0,162.0,196.0,82.7,36.0,69.0,52.2,2,1.3,1.1,10.0,34.0,12.0,3.0,56.0,19:00:00,/en/matches/16e39992/Lyon-Monaco-April-28-2024-Ligue-1
FRA-Ligue 1,2324,Monaco,2024-05-04 Monaco-Clermont Foot,2024-05-04,Matchweek 32,Sat,Home,W,4,1,Clermont Foot,518.0,609.0,85.1,9071.0,3480.0,212.0,247.0,85.8,235.0,257.0,91.4,51.0,72.0,70.8,2,2.7,2.3,15.0,44.0,17.0,3.0,62.0,17:00:00,/en/matches/a7f56ab4/Monaco-Clermont-Foot-May-4-2024-Ligue-1
FRA-Ligue 1,2324,Monaco,2024-05-12 Montpellier-Monaco,2024-05-12,Matchweek 33,Sun,Away,W,2,0,Montpellier,451.0,539.0,83.7,7807.0,3259.0,183.0,216.0,84.7,213.0,236.0,90.3,36.0,58.0,62.1,2,1.8,1.0,15.0,38.0,8.0,1.0,51.0,21:00:00,/en/matches/9f62b1ef/Montpellier-Monaco-May-12-2024-Ligue-1
FRA-Ligue 1,2324,Monaco,2024-05-19 Monaco-Nantes,2024-05-19,Matchweek 34,Sun,Home,W,4,0,Nantes,566.0,650.0,87.1,9511.0,3330.0,270.0,298.0,90.6,243.0,269.0,90.3,37.0,59.0,62.7,3,0.6,1.2,6.0,41.0,7.0,2.0,61.0,21:00:00,/en/matches/ba001914/Monaco-Nantes-May-19-2024-Ligue-1
FRA-Ligue 1,2324,Montpellier,2023-08-13 Montpellier-Le Havre,2023-08-13,Matchweek 1,Sun,Home,D,2,2,Le Havre,428.0,537.0,79.7,8499.0,3188.0,158.0,176.0,89.8,199.0,228.0,87.3,62.0,104.0,59.6,2,1.3,1.5,9.0,40.0,6.0,2.0,45.0,15:00:00,/en/matches/ca893ead/Montpellier-Le-Havre-August-13-2023-Ligue-1
FRA-Ligue 1,2324,Montpellier,2023-08-19 Lyon-Montpellier,2023-08-19,Matchweek 2,Sat,Away,W,4,1,Lyon,252.0,328.0,76.8,4653.0,2140.0,101.0,118.0,85.6,107.0,122.0,87.7,33.0,69.0,47.8,2,2.1,0.3,9.0,18.0,3.0,0.0,24.0,19:00:00,/en/matches/39ad4054/Lyon-Montpellier-August-19-2023-Ligue-1
FRA-Ligue 1,2324,Montpellier,2023-08-27 Montpellier-Reims,2023-08-27,Matchweek 3,Sun,Home,L,1,3,Reims,296.0,427.0,69.3,5426.0,2381.0,110.0,147.0,74.8,136.0,169.0,80.5,37.0,86.0,43.0,1,0.8,0.8,14.0,24.0,10.0,2.0,47.0,15:00:00,/en/matches/4d6e6c68/Montpellier-Reims-August-27-2023-Ligue-1
FRA-Ligue 1,2324,Montpellier,2023-09-03 Lille-Montpellier,2023-09-03,Matchweek 4,Sun,Away,L,0,1,Lille,303.0,402.0,75.4,6583.0,2397.0,91.0,111.0,82.0,145.0,164.0,88.4,60.0,107.0,56.1,0,0.2,0.5,5.0,32.0,5.0,2.0,34.0,15:00:00,/en/matches/26cacbb5/Lille-Montpellier-September-3-2023-Ligue-1
FRA-Ligue 1,2324,Montpellier,2023-09-17 Strasbourg-Montpellier,2023-09-17,Matchweek 5,Sun,Away,D,2,2,Strasbourg,465.0,557.0,83.5,8329.0,2798.0,187.0,209.0,89.5,201.0,225.0,89.3,57.0,90.0,63.3,2,1.1,0.8,10.0,27.0,3.0,0.0,35.0,15:00:00,/en/matches/b04003c3/Strasbourg-Montpellier-September-17-2023-Ligue-1
FRA-Ligue 1,2324,Montpellier,2023-09-24 Montpellier-Rennes,2023-09-24,Matchweek 6,Sun,Home,D,0,0,Rennes,215.0,334.0,64.4,4336.0,2197.0,73.0,109.0,67.0,87.0,121.0,71.9,41.0,76.0,53.9,0,1.1,0.5,9.0,24.0,3.0,2.0,29.0,17:05:00,/en/matches/fd6b554c/Montpellier-Rennes-September-24-2023-Ligue-1
FRA-Ligue 1,2324,Montpellier,2023-10-01 Lorient-Montpellier,2023-10-01,Matchweek 7,Sun,Away,W,3,0,Lorient,469.0,563.0,83.3,7889.0,2683.0,211.0,229.0,92.1,185.0,205.0,90.2,45.0,89.0,50.6,2,1.7,1.2,10.0,36.0,6.0,0.0,41.0,17:05:00,/en/matches/fd60231d/Lorient-Montpellier-October-1-2023-Ligue-1
FRA-Ligue 1,2324,Montpellier,2023-10-22 Nantes-Montpellier,2023-10-22,Matchweek 9,Sun,Away,L,0,2,Nantes,386.0,495.0,78.0,7502.0,2835.0,153.0,187.0,81.8,170.0,200.0,85.0,56.0,90.0,62.2,0,0.4,0.9,7.0,27.0,10.0,4.0,43.0,15:00:00,/en/matches/398e7ed6/Nantes-Montpellier-October-22-2023-Ligue-1
FRA-Ligue 1,2324,Montpellier,2023-10-29 Montpellier-Toulouse,2023-10-29,Matchweek 10,Sun,Home,W,3,0,Toulouse,283.0,392.0,72.2,5443.0,2335.0,118.0,135.0,87.4,113.0,143.0,79.0,43.0,93.0,46.2,3,2.4,1.1,12.0,23.0,6.0,1.0,22.0,15:00:00,/en/matches/c7788081/Montpellier-Toulouse-October-29-2023-Ligue-1
FRA-Ligue 1,2324,Montpellier,2023-11-03 Paris S-G-Montpellier,2023-11-03,Matchweek 11,Fri,Away,L,0,3,Paris S-G,261.0,340.0,76.8,4768.0,1986.0,102.0,119.0,85.7,120.0,137.0,87.6,32.0,65.0,49.2,0,0.4,0.3,5.0,15.0,1.0,0.0,23.0,21:00:00,/en/matches/4f44d7fc/Paris-Saint-Germain-Montpellier-November-3-2023-Ligue-1
FRA-Ligue 1,2324,Montpellier,2023-11-10 Montpellier-Nice,2023-11-10,Matchweek 12,Fri,Home,D,0,0,Nice,337.0,426.0,79.1,6225.0,2226.0,126.0,143.0,88.1,164.0,187.0,87.7,34.0,70.0,48.6,0,0.4,0.4,6.0,17.0,3.0,1.0,21.0,21:00:00,/en/matches/5bdc7c32/Montpellier-Nice-November-10-2023-Ligue-1
FRA-Ligue 1,2324,Montpellier,2023-11-26 Montpellier-Brest,2023-11-26,Matchweek 13,Sun,Home,L,1,3,Brest,347.0,489.0,71.0,6021.0,2801.0,157.0,199.0,78.9,141.0,192.0,73.4,36.0,71.0,50.7,0,0.8,1.6,9.0,41.0,10.0,2.0,57.0,15:00:00,/en/matches/e4cca984/Montpellier-Brest-November-26-2023-Ligue-1
FRA-Ligue 1,2324,Montpellier,2023-11-29 Montpellier-Clermont Foot,2023-11-29,Matchweek 8,Wed,Home,D,1,1,Clermont Foot,496.0,635.0,78.1,9042.0,3433.0,215.0,252.0,85.3,199.0,247.0,80.6,65.0,102.0,63.7,0,1.1,2.4,21.0,68.0,27.0,11.0,72.0,19:00:00,/en/matches/341877cf/Montpellier-Clermont-Foot-November-29-2023-Ligue-1
FRA-Ligue 1,2324,Montpellier,2023-12-03 Monaco-Montpellier,2023-12-03,Matchweek 14,Sun,Away,L,0,2,Monaco,250.0,360.0,69.4,4793.0,2163.0,103.0,124.0,83.1,103.0,127.0,81.1,36.0,87.0,41.4,0,0.5,0.4,3.0,17.0,3.0,1.0,27.0,15:00:00,/en/matches/0d5e1575/Monaco-Montpellier-December-3-2023-Ligue-1
FRA-Ligue 1,2324,Montpellier,2023-12-08 Montpellier-Lens,2023-12-08,Matchweek 15,Fri,Home,D,0,0,Lens,212.0,333.0,63.7,4075.0,2181.0,80.0,111.0,72.1,87.0,112.0,77.7,34.0,87.0,39.1,0,0.7,0.7,12.0,15.0,4.0,0.0,17.0,21:00:00,/en/matches/ad238285/Montpellier-Lens-December-8-2023-Ligue-1
FRA-Ligue 1,2324,Montpellier,2023-12-17 Metz-Montpellier,2023-12-17,Matchweek 16,Sun,Away,W,1,0,Metz,333.0,446.0,74.7,5865.0,2299.0,153.0,181.0,84.5,107.0,131.0,81.7,52.0,97.0,53.6,1,0.3,0.2,2.0,16.0,3.0,0.0,23.0,15:00:00,/en/matches/eb4084eb/Metz-Montpellier-December-17-2023-Ligue-1
FRA-Ligue 1,2324,Montpellier,2023-12-20 Montpellier-Marseille,2023-12-20,Matchweek 17,Wed,Home,D,1,1,Marseille,209.0,290.0,72.1,4186.0,2219.0,82.0,95.0,86.3,80.0,111.0,72.1,40.0,68.0,58.8,1,0.5,1.1,8.0,16.0,6.0,1.0,23.0,21:00:00,/en/matches/b8e581d1/Montpellier-Marseille-December-20-2023-Ligue-1
FRA-Ligue 1,2324,Montpellier,2024-01-14 Brest-Montpellier,2024-01-14,Matchweek 18,Sun,Away,L,0,2,Brest,250.0,352.0,71.0,4473.0,2055.0,102.0,122.0,83.6,92.0,128.0,71.9,36.0,67.0,53.7,0,0.4,0.5,8.0,17.0,2.0,0.0,26.0,15:00:00,/en/matches/82c3efb7/Brest-Montpellier-January-14-2024-Ligue-1
FRA-Ligue 1,2324,Montpellier,2024-01-28 Montpellier-Lille,2024-01-28,Matchweek 19,Sun,Home,D,0,0,Lille,289.0,376.0,76.9,5567.0,2073.0,103.0,124.0,83.1,136.0,157.0,86.6,37.0,71.0,52.1,0,0.6,0.9,9.0,25.0,5.0,3.0,38.0,13:00:00,/en/matches/8308b478/Montpellier-Lille-January-28-2024-Ligue-1
FRA-Ligue 1,2324,Montpellier,2024-02-03 Rennes-Montpellier,2024-02-03,Matchweek 20,Sat,Away,L,1,2,Rennes,357.0,462.0,77.3,6398.0,2271.0,156.0,185.0,84.3,129.0,157.0,82.2,46.0,81.0,56.8,0,1.1,0.7,14.0,36.0,3.0,1.0,48.0,17:00:00,/en/matches/f3ce3488/Rennes-Montpellier-February-3-2024-Ligue-1
FRA-Ligue 1,2324,Montpellier,2024-02-11 Montpellier-Lyon,2024-02-11,Matchweek 21,Sun,Home,L,1,2,Lyon,375.0,474.0,79.1,6919.0,2889.0,155.0,188.0,82.4,173.0,194.0,89.2,40.0,76.0,52.6,1,1.3,1.5,12.0,48.0,13.0,3.0,51.0,17:05:00,/en/matches/014cd5b7/Montpellier-Lyon-February-11-2024-Ligue-1
FRA-Ligue 1,2324,Montpellier,2024-02-18 Montpellier-Metz,2024-02-18,Matchweek 22,Sun,Home,W,3,0,Metz,351.0,449.0,78.2,5620.0,2141.0,165.0,188.0,87.8,122.0,146.0,83.6,34.0,68.0,50.0,2,2.1,1.1,15.0,26.0,7.0,0.0,35.0,15:00:00,/en/matches/4e939d4c/Montpellier-Metz-February-18-2024-Ligue-1
FRA-Ligue 1,2324,Montpellier,2024-02-25 Marseille-Montpellier,2024-02-25,Matchweek 23,Sun,Away,L,1,4,Marseille,291.0,381.0,76.4,5146.0,1794.0,125.0,140.0,89.3,118.0,146.0,80.8,34.0,66.0,51.5,0,0.2,0.2,5.0,18.0,5.0,1.0,27.0,20:45:00,/en/matches/7b5136c2/Marseille-Montpellier-February-25-2024-Ligue-1
FRA-Ligue 1,2324,Montpellier,2024-03-03 Montpellier-Strasbourg,2024-03-03,Matchweek 24,Sun,Home,D,2,2,Strasbourg,454.0,577.0,78.7,8798.0,3247.0,162.0,206.0,78.6,207.0,238.0,87.0,69.0,103.0,67.0,0,1.2,1.2,11.0,39.0,15.0,6.0,64.0,15:00:00,/en/matches/e020afbf/Montpellier-Strasbourg-March-3-2024-Ligue-1
FRA-Ligue 1,2324,Montpellier,2024-03-08 Nice-Montpellier,2024-03-08,Matchweek 25,Fri,Away,W,2,1,Nice,234.0,325.0,72.0,4300.0,1637.0,92.0,109.0,84.4,105.0,121.0,86.8,25.0,70.0,35.7,0,0.2,0.3,4.0,12.0,3.0,1.0,17.0,21:00:00,/en/matches/d631a829/Nice-Montpellier-March-8-2024-Ligue-1
FRA-Ligue 1,2324,Montpellier,2024-03-17 Montpellier-Paris S-G,2024-03-17,Matchweek 26,Sun,Home,L,2,6,Paris S-G,262.0,332.0,78.9,4471.0,1933.0,117.0,136.0,86.0,98.0,115.0,85.2,30.0,55.0,54.5,0,0.9,0.4,9.0,15.0,4.0,2.0,19.0,20:45:00,/en/matches/f850eea5/Montpellier-Paris-Saint-Germain-March-17-2024-Ligue-1
FRA-Ligue 1,2324,Montpellier,2024-03-31 Le Havre-Montpellier,2024-03-31,Matchweek 27,Sun,Away,W,2,0,Le Havre,322.0,432.0,74.5,6311.0,2357.0,117.0,142.0,82.4,148.0,173.0,85.5,48.0,93.0,51.6,2,1.5,1.3,11.0,20.0,8.0,3.0,26.0,15:00:00,/en/matches/84ed0867/Le-Havre-Montpellier-March-31-2024-Ligue-1
FRA-Ligue 1,2324,Montpellier,2024-04-07 Montpellier-Lorient,2024-04-07,Matchweek 28,Sun,Home,W,2,0,Lorient,333.0,416.0,80.0,5993.0,2080.0,141.0,155.0,91.0,138.0,159.0,86.8,42.0,79.0,53.2,1,1.4,1.1,8.0,33.0,6.0,1.0,43.0,15:00:00,/en/matches/95bdd121/Montpellier-Lorient-April-7-2024-Ligue-1
FRA-Ligue 1,2324,Montpellier,2024-04-14 Clermont Foot-Montpellier,2024-04-14,Matchweek 29,Sun,Away,D,1,1,Clermont Foot,407.0,503.0,80.9,8579.0,2912.0,128.0,158.0,81.0,197.0,221.0,89.1,73.0,101.0,72.3,1,1.4,1.0,14.0,26.0,8.0,5.0,47.0,15:00:00,/en/matches/9b9d6335/Clermont-Foot-Montpellier-April-14-2024-Ligue-1
FRA-Ligue 1,2324,Montpellier,2024-04-21 Reims-Montpellier,2024-04-21,Matchweek 30,Sun,Away,W,2,1,Reims,269.0,358.0,75.1,5621.0,2362.0,84.0,106.0,79.2,134.0,158.0,84.8,45.0,79.0,57.0,2,0.9,0.5,7.0,30.0,4.0,2.0,28.0,15:00:00,/en/matches/ec3fcd38/Reims-Montpellier-April-21-2024-Ligue-1
FRA-Ligue 1,2324,Montpellier,2024-04-26 Montpellier-Nantes,2024-04-26,Matchweek 31,Fri,Home,D,1,1,Nantes,455.0,551.0,82.6,9229.0,3098.0,141.0,168.0,83.9,240.0,266.0,90.2,65.0,102.0,63.7,1,0.7,0.5,7.0,34.0,7.0,0.0,49.0,21:00:00,/en/matches/b0c1736a/Montpellier-Nantes-April-26-2024-Ligue-1
FRA-Ligue 1,2324,Montpellier,2024-05-03 Toulouse-Montpellier,2024-05-03,Matchweek 32,Fri,Away,W,2,1,Toulouse,260.0,339.0,76.7,4726.0,1842.0,107.0,123.0,87.0,106.0,127.0,83.5,30.0,65.0,46.2,1,0.3,0.3,3.0,14.0,6.0,2.0,20.0,19:00:00,/en/matches/33eeaf12/Toulouse-Montpellier-May-3-2024-Ligue-1
FRA-Ligue 1,2324,Montpellier,2024-05-12 Montpellier-Monaco,2024-05-12,Matchweek 33,Sun,Home,L,0,2,Monaco,344.0,443.0,77.7,6621.0,2229.0,126.0,149.0,84.6,157.0,185.0,84.9,49.0,86.0,57.0,0,1.0,0.7,11.0,25.0,6.0,2.0,33.0,21:00:00,/en/matches/9f62b1ef/Montpellier-Monaco-May-12-2024-Ligue-1
FRA-Ligue 1,2324,Montpellier,2024-05-19 Lens-Montpellier,2024-05-19,Matchweek 34,Sun,Away,D,2,2,Lens,403.0,494.0,81.6,7101.0,2614.0,187.0,207.0,90.3,171.0,193.0,88.6,37.0,77.0,48.1,1,0.3,1.0,5.0,26.0,5.0,3.0,20.0,21:00:00,/en/matches/ac107595/Lens-Montpellier-May-19-2024-Ligue-1
FRA-Ligue 1,2324,Nantes,2023-08-13 Nantes-Toulouse,2023-08-13,Matchweek 1,Sun,Home,L,1,2,Toulouse,391.0,478.0,81.8,6442.0,2721.0,175.0,191.0,91.6,154.0,177.0,87.0,32.0,65.0,49.2,0,0.2,0.6,7.0,30.0,3.0,1.0,33.0,15:00:00,/en/matches/1e12937d/Nantes-Toulouse-August-13-2023-Ligue-1
FRA-Ligue 1,2324,Nantes,2023-08-20 Lille-Nantes,2023-08-20,Matchweek 2,Sun,Away,L,0,2,Lille,255.0,333.0,76.6,4776.0,1876.0,103.0,116.0,88.8,123.0,140.0,87.9,24.0,58.0,41.4,0,0.8,0.7,8.0,17.0,7.0,1.0,28.0,13:00:00,/en/matches/31fe99c8/Lille-Nantes-August-20-2023-Ligue-1
FRA-Ligue 1,2324,Nantes,2023-08-25 Nantes-Monaco,2023-08-25,Matchweek 3,Fri,Home,D,3,3,Monaco,296.0,392.0,75.5,6111.0,2739.0,97.0,121.0,80.2,145.0,174.0,83.3,49.0,88.0,55.7,2,0.2,0.5,2.0,39.0,3.0,0.0,35.0,21:00:00,/en/matches/ea724bc0/Nantes-Monaco-August-25-2023-Ligue-1
FRA-Ligue 1,2324,Nantes,2023-09-01 Nantes-Marseille,2023-09-01,Matchweek 4,Fri,Home,D,1,1,Marseille,305.0,387.0,78.8,5080.0,1994.0,156.0,174.0,89.7,101.0,122.0,82.8,31.0,65.0,47.7,1,0.8,0.6,8.0,17.0,4.0,1.0,18.0,21:00:00,/en/matches/6eca98c7/Nantes-Marseille-September-1-2023-Ligue-1
FRA-Ligue 1,2324,Nantes,2023-09-17 Clermont Foot-Nantes,2023-09-17,Matchweek 5,Sun,Away,W,1,0,Clermont Foot,301.0,415.0,72.5,5440.0,2113.0,140.0,163.0,85.9,131.0,171.0,76.6,29.0,69.0,42.0,1,0.5,0.3,7.0,19.0,3.0,1.0,25.0,15:00:00,/en/matches/6a2c2932/Clermont-Foot-Nantes-September-17-2023-Ligue-1
FRA-Ligue 1,2324,Nantes,2023-09-23 Nantes-Lorient,2023-09-23,Matchweek 6,Sat,Home,W,5,3,Lorient,432.0,515.0,83.9,8009.0,3093.0,171.0,184.0,92.9,198.0,219.0,90.4,48.0,87.0,55.2,3,1.2,2.1,14.0,43.0,14.0,5.0,50.0,17:00:00,/en/matches/4f5c9313/Nantes-Lorient-September-23-2023-Ligue-1
FRA-Ligue 1,2324,Nantes,2023-10-01 Rennes-Nantes,2023-10-01,Matchweek 7,Sun,Away,L,1,3,Rennes,294.0,383.0,76.8,5444.0,1818.0,123.0,139.0,88.5,126.0,153.0,82.4,36.0,68.0,52.9,0,0.3,0.4,7.0,26.0,5.0,1.0,24.0,20:45:00,/en/matches/94204a39/Rennes-Nantes-October-1-2023-Ligue-1
FRA-Ligue 1,2324,Nantes,2023-10-06 Strasbourg-Nantes,2023-10-06,Matchweek 8,Fri,Away,W,2,1,Strasbourg,463.0,562.0,82.4,8098.0,2812.0,197.0,221.0,89.1,199.0,223.0,89.2,47.0,83.0,56.6,0,1.2,1.0,10.0,24.0,8.0,3.0,34.0,21:00:00,/en/matches/ac3cd65a/Strasbourg-Nantes-October-6-2023-Ligue-1
FRA-Ligue 1,2324,Nantes,2023-10-22 Nantes-Montpellier,2023-10-22,Matchweek 9,Sun,Home,W,2,0,Montpellier,542.0,644.0,84.2,9123.0,3413.0,271.0,290.0,93.4,204.0,235.0,86.8,44.0,83.0,53.0,1,1.2,1.0,8.0,41.0,6.0,0.0,46.0,15:00:00,/en/matches/398e7ed6/Nantes-Montpellier-October-22-2023-Ligue-1
FRA-Ligue 1,2324,Nantes,2023-10-28 Lens-Nantes,2023-10-28,Matchweek 10,Sat,Away,L,0,4,Lens,401.0,486.0,82.5,6478.0,2306.0,205.0,226.0,90.7,146.0,168.0,86.9,33.0,67.0,49.3,0,0.9,0.8,6.0,29.0,8.0,3.0,42.0,21:00:00,/en/matches/271f272f/Lens-Nantes-October-28-2023-Ligue-1
FRA-Ligue 1,2324,Nantes,2023-11-05 Nantes-Reims,2023-11-05,Matchweek 11,Sun,Home,L,0,1,Reims,378.0,489.0,77.3,7346.0,2749.0,131.0,155.0,84.5,178.0,210.0,84.8,54.0,99.0,54.5,0,1.2,1.4,10.0,33.0,16.0,5.0,52.0,15:00:00,/en/matches/96b3374a/Nantes-Reims-November-5-2023-Ligue-1
FRA-Ligue 1,2324,Nantes,2023-11-12 Metz-Nantes,2023-11-12,Matchweek 12,Sun,Away,L,1,3,Metz,555.0,671.0,82.7,9711.0,3153.0,246.0,281.0,87.5,249.0,279.0,89.2,49.0,87.0,56.3,1,1.1,1.1,12.0,41.0,12.0,4.0,58.0,15:00:00,/en/matches/594dba4e/Metz-Nantes-November-12-2023-Ligue-1
FRA-Ligue 1,2324,Nantes,2023-11-26 Nantes-Le Havre,2023-11-26,Matchweek 13,Sun,Home,D,0,0,Le Havre,514.0,632.0,81.3,9296.0,2999.0,208.0,245.0,84.9,253.0,290.0,87.2,43.0,70.0,61.4,0,1.1,1.5,14.0,47.0,13.0,1.0,67.0,15:00:00,/en/matches/ec8cdc57/Nantes-Le-Havre-November-26-2023-Ligue-1
FRA-Ligue 1,2324,Nantes,2023-12-02 Nantes-Nice,2023-12-02,Matchweek 14,Sat,Home,W,1,0,Nice,323.0,403.0,80.1,5543.0,1940.0,142.0,155.0,91.6,131.0,154.0,85.1,31.0,66.0,47.0,0,0.4,0.5,8.0,31.0,4.0,2.0,26.0,21:00:00,/en/matches/b0ae3622/Nantes-Nice-December-2-2023-Ligue-1
FRA-Ligue 1,2324,Nantes,2023-12-09 Paris S-G-Nantes,2023-12-09,Matchweek 15,Sat,Away,L,1,2,Paris S-G,340.0,422.0,80.6,5945.0,2012.0,139.0,158.0,88.0,161.0,181.0,89.0,29.0,64.0,45.3,1,0.5,0.5,9.0,17.0,1.0,0.0,28.0,21:00:00,/en/matches/2582af0c/Paris-Saint-Germain-Nantes-December-9-2023-Ligue-1
FRA-Ligue 1,2324,Nantes,2023-12-17 Nantes-Brest,2023-12-17,Matchweek 16,Sun,Home,L,0,2,Brest,462.0,561.0,82.4,7886.0,2949.0,215.0,245.0,87.8,187.0,213.0,87.8,44.0,75.0,58.7,0,0.8,1.2,9.0,44.0,16.0,9.0,54.0,13:00:00,/en/matches/17503b00/Nantes-Brest-December-17-2023-Ligue-1
FRA-Ligue 1,2324,Nantes,2023-12-20 Lyon-Nantes,2023-12-20,Matchweek 17,Wed,Away,L,0,1,Lyon,499.0,606.0,82.3,8649.0,2701.0,205.0,227.0,90.3,247.0,286.0,86.4,37.0,68.0,54.4,0,0.4,1.2,5.0,60.0,9.0,5.0,63.0,21:00:00,/en/matches/1b327b86/Lyon-Nantes-December-20-2023-Ligue-1
FRA-Ligue 1,2324,Nantes,2024-01-14 Nantes-Clermont Foot,2024-01-14,Matchweek 18,Sun,Home,L,1,2,Clermont Foot,374.0,483.0,77.4,6850.0,2614.0,144.0,171.0,84.2,176.0,204.0,86.3,42.0,81.0,51.9,1,1.8,1.8,18.0,33.0,17.0,7.0,56.0,15:00:00,/en/matches/d2738fb8/Nantes-Clermont-Foot-January-14-2024-Ligue-1
FRA-Ligue 1,2324,Nantes,2024-01-28 Reims-Nantes,2024-01-28,Matchweek 19,Sun,Away,D,0,0,Reims,405.0,502.0,80.7,7532.0,3012.0,156.0,178.0,87.6,201.0,230.0,87.4,40.0,76.0,52.6,0,0.4,0.4,5.0,30.0,4.0,1.0,43.0,15:00:00,/en/matches/f3522f33/Reims-Nantes-January-28-2024-Ligue-1
FRA-Ligue 1,2324,Nantes,2024-02-03 Nantes-Lens,2024-02-03,Matchweek 20,Sat,Home,L,0,1,Lens,326.0,410.0,79.5,6048.0,2361.0,123.0,145.0,84.8,153.0,176.0,86.9,39.0,70.0,55.7,0,0.5,0.4,5.0,28.0,1.0,0.0,28.0,21:00:00,/en/matches/f7e99caf/Nantes-Lens-February-3-2024-Ligue-1
FRA-Ligue 1,2324,Nantes,2024-02-11 Toulouse-Nantes,2024-02-11,Matchweek 21,Sun,Away,W,2,1,Toulouse,147.0,240.0,61.3,2617.0,1327.0,74.0,96.0,77.1,43.0,66.0,65.2,22.0,64.0,34.4,1,0.3,0.3,3.0,6.0,2.0,1.0,9.0,15:00:00,/en/matches/e6caf939/Toulouse-Nantes-February-11-2024-Ligue-1
FRA-Ligue 1,2324,Nantes,2024-02-17 Nantes-Paris S-G,2024-02-17,Matchweek 22,Sat,Home,L,0,2,Paris S-G,197.0,281.0,70.1,3972.0,1928.0,76.0,97.0,78.4,81.0,98.0,82.7,32.0,63.0,50.8,0,0.6,0.8,5.0,14.0,5.0,0.0,23.0,21:00:00,/en/matches/56629c17/Nantes-Paris-Saint-Germain-February-17-2024-Ligue-1
FRA-Ligue 1,2324,Nantes,2024-02-24 Lorient-Nantes,2024-02-24,Matchweek 23,Sat,Away,W,1,0,Lorient,299.0,388.0,77.1,5363.0,2012.0,125.0,141.0,88.7,121.0,139.0,87.1,35.0,75.0,46.7,1,0.3,0.3,6.0,16.0,3.0,0.0,24.0,17:00:00,/en/matches/53742b6f/Lorient-Nantes-February-24-2024-Ligue-1
FRA-Ligue 1,2324,Nantes,2024-03-03 Nantes-Metz,2024-03-03,Matchweek 24,Sun,Home,L,0,2,Metz,356.0,481.0,74.0,6843.0,2479.0,148.0,175.0,84.6,141.0,178.0,79.2,57.0,101.0,56.4,0,0.8,1.7,7.0,37.0,9.0,4.0,47.0,15:00:00,/en/matches/9cd454f2/Nantes-Metz-March-3-2024-Ligue-1
FRA-Ligue 1,2324,Nantes,2024-03-10 Marseille-Nantes,2024-03-10,Matchweek 25,Sun,Away,L,0,2,Marseille,356.0,439.0,81.1,6928.0,2552.0,122.0,138.0,88.4,180.0,204.0,88.2,46.0,79.0,58.2,0,0.8,1.3,7.0,21.0,4.0,0.0,39.0,20:45:00,/en/matches/b696acad/Marseille-Nantes-March-10-2024-Ligue-1
FRA-Ligue 1,2324,Nantes,2024-03-16 Nantes-Strasbourg,2024-03-16,Matchweek 26,Sat,Home,L,1,3,Strasbourg,435.0,525.0,82.9,8113.0,2696.0,169.0,194.0,87.1,219.0,241.0,90.9,38.0,68.0,55.9,0,0.9,1.3,10.0,42.0,9.0,4.0,56.0,17:00:00,/en/matches/9e18cf79/Nantes-Strasbourg-March-16-2024-Ligue-1
FRA-Ligue 1,2324,Nantes,2024-03-31 Nice-Nantes,2024-03-31,Matchweek 27,Sun,Away,W,2,1,Nice,345.0,418.0,82.5,6290.0,2031.0,137.0,149.0,91.9,154.0,172.0,89.5,38.0,72.0,52.8,1,0.7,0.5,10.0,25.0,6.0,3.0,23.0,15:00:00,/en/matches/d3388c96/Nice-Nantes-March-31-2024-Ligue-1
FRA-Ligue 1,2324,Nantes,2024-04-07 Nantes-Lyon,2024-04-07,Matchweek 28,Sun,Home,L,1,3,Lyon,336.0,430.0,78.1,5939.0,2237.0,143.0,159.0,89.9,148.0,181.0,81.8,34.0,70.0,48.6,1,0.9,1.0,11.0,25.0,8.0,4.0,33.0,20:45:00,/en/matches/7457568d/Nantes-Lyon-April-7-2024-Ligue-1
FRA-Ligue 1,2324,Nantes,2024-04-14 Le Havre-Nantes,2024-04-14,Matchweek 29,Sun,Away,W,1,0,Le Havre,443.0,530.0,83.6,7868.0,2883.0,195.0,214.0,91.1,192.0,215.0,89.3,46.0,76.0,60.5,1,0.8,0.7,12.0,24.0,7.0,4.0,35.0,13:00:00,/en/matches/2e9cdf18/Le-Havre-Nantes-April-14-2024-Ligue-1
FRA-Ligue 1,2324,Nantes,2024-04-20 Nantes-Rennes,2024-04-20,Matchweek 30,Sat,Home,L,0,3,Rennes,320.0,409.0,78.2,5949.0,2123.0,123.0,145.0,84.8,149.0,167.0,89.2,35.0,74.0,47.3,0,0.1,0.1,3.0,24.0,1.0,0.0,25.0,17:00:00,/en/matches/69006962/Nantes-Rennes-April-20-2024-Ligue-1
FRA-Ligue 1,2324,Nantes,2024-04-26 Montpellier-Nantes,2024-04-26,Matchweek 31,Fri,Away,D,1,1,Montpellier,367.0,477.0,76.9,6544.0,2480.0,143.0,179.0,79.9,186.0,209.0,89.0,29.0,72.0,40.3,1,1.3,0.9,12.0,31.0,8.0,3.0,47.0,21:00:00,/en/matches/b0c1736a/Montpellier-Nantes-April-26-2024-Ligue-1
FRA-Ligue 1,2324,Nantes,2024-05-04 Brest-Nantes,2024-05-04,Matchweek 32,Sat,Away,D,0,0,Brest,209.0,309.0,67.6,3743.0,1841.0,76.0,101.0,75.2,97.0,127.0,76.4,21.0,56.0,37.5,0,1.3,0.5,7.0,13.0,6.0,4.0,19.0,21:00:00,/en/matches/8e6a7aaa/Brest-Nantes-May-4-2024-Ligue-1
FRA-Ligue 1,2324,Nantes,2024-05-12 Nantes-Lille,2024-05-12,Matchweek 33,Sun,Home,L,1,2,Lille,196.0,284.0,69.0,4321.0,1805.0,62.0,77.0,80.5,98.0,120.0,81.7,33.0,71.0,46.5,0,0.6,0.7,7.0,20.0,4.0,1.0,24.0,21:00:00,/en/matches/8f8532aa/Nantes-Lille-May-12-2024-Ligue-1
FRA-Ligue 1,2324,Nantes,2024-05-19 Monaco-Nantes,2024-05-19,Matchweek 34,Sun,Away,L,0,4,Monaco,318.0,399.0,79.7,5511.0,2227.0,144.0,164.0,87.8,138.0,156.0,88.5,26.0,56.0,46.4,0,0.7,0.6,3.0,24.0,4.0,0.0,29.0,21:00:00,/en/matches/ba001914/Monaco-Nantes-May-19-2024-Ligue-1
FRA-Ligue 1,2324,Nice,2023-08-11 Nice-Lille,2023-08-11,Matchweek 1,Fri,Home,D,1,1,Lille,347.0,422.0,82.2,6448.0,2528.0,125.0,140.0,89.3,182.0,208.0,87.5,32.0,54.0,59.3,1,1.1,0.4,6.0,11.0,3.0,1.0,16.0,21:00:00,/en/matches/ff59d311/Nice-Lille-August-11-2023-Ligue-1
FRA-Ligue 1,2324,Nice,2023-08-20 Lorient-Nice,2023-08-20,Matchweek 2,Sun,Away,D,1,1,Lorient,641.0,706.0,90.8,10050.0,2838.0,342.0,363.0,94.2,236.0,254.0,92.9,41.0,56.0,73.2,0,1.4,1.6,16.0,51.0,10.0,4.0,54.0,15:00:00,/en/matches/f6d67175/Lorient-Nice-August-20-2023-Ligue-1
FRA-Ligue 1,2324,Nice,2023-08-27 Nice-Lyon,2023-08-27,Matchweek 3,Sun,Home,D,0,0,Lyon,458.0,559.0,81.9,6967.0,2460.0,258.0,288.0,89.6,163.0,193.0,84.5,23.0,51.0,45.1,0,1.8,1.0,16.0,24.0,7.0,1.0,43.0,20:45:00,/en/matches/067a73e7/Nice-Lyon-August-27-2023-Ligue-1
FRA-Ligue 1,2324,Nice,2023-09-03 Nice-Strasbourg,2023-09-03,Matchweek 4,Sun,Home,W,2,0,Strasbourg,560.0,654.0,85.6,8851.0,2650.0,290.0,313.0,92.7,206.0,229.0,90.0,39.0,71.0,54.9,2,1.8,0.8,9.0,32.0,4.0,0.0,39.0,17:05:00,/en/matches/17e9722e/Nice-Strasbourg-September-3-2023-Ligue-1
FRA-Ligue 1,2324,Nice,2023-09-15 Paris S-G-Nice,2023-09-15,Matchweek 5,Fri,Away,W,3,2,Paris S-G,254.0,336.0,75.6,4034.0,1817.0,126.0,144.0,87.5,89.0,111.0,80.2,21.0,54.0,38.9,2,1.0,0.7,11.0,14.0,6.0,0.0,19.0,21:00:00,/en/matches/f0478368/Paris-Saint-Germain-Nice-September-15-2023-Ligue-1
FRA-Ligue 1,2324,Nice,2023-09-22 Monaco-Nice,2023-09-22,Matchweek 6,Fri,Away,W,1,0,Monaco,399.0,471.0,84.7,6402.0,2406.0,202.0,226.0,89.4,157.0,177.0,88.7,25.0,47.0,53.2,1,0.8,0.6,12.0,14.0,6.0,1.0,30.0,21:00:00,/en/matches/74e4b97c/Monaco-Nice-September-22-2023-Ligue-1
FRA-Ligue 1,2324,Nice,2023-10-01 Nice-Brest,2023-10-01,Matchweek 7,Sun,Home,D,0,0,Brest,381.0,466.0,81.8,5795.0,2358.0,218.0,245.0,89.0,131.0,156.0,84.0,23.0,46.0,50.0,0,0.7,0.8,6.0,24.0,8.0,4.0,40.0,15:00:00,/en/matches/49bbb3f4/Nice-Brest-October-1-2023-Ligue-1
FRA-Ligue 1,2324,Nice,2023-10-07 Metz-Nice,2023-10-07,Matchweek 8,Sat,Away,W,1,0,Metz,743.0,836.0,88.9,11486.0,3975.0,411.0,436.0,94.3,265.0,292.0,90.8,43.0,73.0,58.9,1,1.1,1.2,5.0,35.0,9.0,2.0,50.0,17:00:00,/en/matches/a77842d5/Metz-Nice-October-7-2023-Ligue-1
FRA-Ligue 1,2324,Nice,2023-10-21 Nice-Marseille,2023-10-21,Matchweek 9,Sat,Home,W,1,0,Marseille,441.0,525.0,84.0,7524.0,2436.0,200.0,219.0,91.3,202.0,234.0,86.3,32.0,56.0,57.1,1,0.5,0.6,7.0,21.0,7.0,2.0,31.0,21:00:00,/en/matches/494deaba/Nice-Marseille-October-21-2023-Ligue-1
FRA-Ligue 1,2324,Nice,2023-10-27 Clermont Foot-Nice,2023-10-27,Matchweek 10,Fri,Away,W,1,0,Clermont Foot,501.0,592.0,84.6,8424.0,2864.0,239.0,265.0,90.2,206.0,229.0,90.0,44.0,74.0,59.5,0,0.6,0.6,8.0,37.0,10.0,2.0,41.0,21:00:00,/en/matches/1c297781/Clermont-Foot-Nice-October-27-2023-Ligue-1
FRA-Ligue 1,2324,Nice,2023-11-05 Nice-Rennes,2023-11-05,Matchweek 11,Sun,Home,W,2,0,Rennes,426.0,498.0,85.5,7607.0,2641.0,189.0,207.0,91.3,200.0,226.0,88.5,32.0,57.0,56.1,0,0.9,0.7,8.0,31.0,6.0,3.0,33.0,20:45:00,/en/matches/fad89d7b/Nice-Rennes-November-5-2023-Ligue-1
FRA-Ligue 1,2324,Nice,2023-11-10 Montpellier-Nice,2023-11-10,Matchweek 12,Fri,Away,D,0,0,Montpellier,528.0,613.0,86.1,8644.0,3062.0,259.0,277.0,93.5,218.0,248.0,87.9,37.0,66.0,56.1,0,0.7,0.8,14.0,35.0,10.0,4.0,45.0,21:00:00,/en/matches/5bdc7c32/Montpellier-Nice-November-10-2023-Ligue-1
FRA-Ligue 1,2324,Nice,2023-11-26 Nice-Toulouse,2023-11-26,Matchweek 13,Sun,Home,W,1,0,Toulouse,502.0,574.0,87.5,8097.0,2467.0,241.0,262.0,92.0,214.0,233.0,91.8,27.0,52.0,51.9,1,1.0,0.8,8.0,15.0,4.0,2.0,26.0,13:00:00,/en/matches/69ee1012/Nice-Toulouse-November-26-2023-Ligue-1
FRA-Ligue 1,2324,Nice,2023-12-02 Nantes-Nice,2023-12-02,Matchweek 14,Sat,Away,L,0,1,Nantes,591.0,664.0,89.0,10329.0,3299.0,252.0,262.0,96.2,282.0,308.0,91.6,45.0,69.0,65.2,0,1.3,1.0,11.0,29.0,8.0,5.0,36.0,21:00:00,/en/matches/b0ae3622/Nantes-Nice-December-2-2023-Ligue-1
FRA-Ligue 1,2324,Nice,2023-12-10 Nice-Reims,2023-12-10,Matchweek 15,Sun,Home,W,2,1,Reims,416.0,514.0,80.9,6571.0,2371.0,198.0,222.0,89.2,172.0,197.0,87.3,24.0,50.0,48.0,1,0.7,0.3,11.0,21.0,2.0,0.0,40.0,13:00:00,/en/matches/22646ca5/Nice-Reims-December-10-2023-Ligue-1
FRA-Ligue 1,2324,Nice,2023-12-16 Le Havre-Nice,2023-12-16,Matchweek 16,Sat,Away,L,1,3,Le Havre,549.0,637.0,86.2,8841.0,2789.0,260.0,288.0,90.3,236.0,259.0,91.1,31.0,53.0,58.5,0,1.1,1.5,10.0,30.0,11.0,4.0,41.0,17:00:00,/en/matches/8fd0b0fe/Le-Havre-Nice-December-16-2023-Ligue-1
FRA-Ligue 1,2324,Nice,2023-12-20 Nice-Lens,2023-12-20,Matchweek 17,Wed,Home,W,2,0,Lens,325.0,398.0,81.7,5330.0,2050.0,164.0,184.0,89.1,122.0,138.0,88.4,27.0,49.0,55.1,1,1.5,0.9,10.0,21.0,10.0,3.0,26.0,21:00:00,/en/matches/267500aa/Nice-Lens-December-20-2023-Ligue-1
FRA-Ligue 1,2324,Nice,2024-01-13 Rennes-Nice,2024-01-13,Matchweek 18,Sat,Away,L,0,2,Rennes,484.0,579.0,83.6,7785.0,2426.0,243.0,274.0,88.7,205.0,233.0,88.0,24.0,49.0,49.0,0,0.4,0.7,4.0,25.0,11.0,2.0,38.0,21:00:00,/en/matches/6cc45497/Rennes-Nice-January-13-2024-Ligue-1
FRA-Ligue 1,2324,Nice,2024-01-27 Nice-Metz,2024-01-27,Matchweek 19,Sat,Home,W,1,0,Metz,535.0,623.0,85.9,8320.0,2817.0,290.0,317.0,91.5,202.0,233.0,86.7,24.0,43.0,55.8,0,1.1,0.7,9.0,36.0,12.0,2.0,47.0,17:00:00,/en/matches/69267ef1/Nice-Metz-January-27-2024-Ligue-1
FRA-Ligue 1,2324,Nice,2024-02-04 Brest-Nice,2024-02-04,Matchweek 20,Sun,Away,D,0,0,Brest,376.0,479.0,78.5,6109.0,2317.0,193.0,218.0,88.5,134.0,163.0,82.2,30.0,64.0,46.9,0,0.6,0.6,10.0,13.0,7.0,4.0,27.0,17:05:00,/en/matches/19dfaa21/Brest-Nice-February-4-2024-Ligue-1
FRA-Ligue 1,2324,Nice,2024-02-11 Nice-Monaco,2024-02-11,Matchweek 21,Sun,Home,L,2,3,Monaco,365.0,449.0,81.3,6838.0,2375.0,153.0,176.0,86.9,158.0,171.0,92.4,43.0,74.0,58.1,1,0.6,0.9,8.0,27.0,8.0,2.0,37.0,20:45:00,/en/matches/a2cab916/Nice-Monaco-February-11-2024-Ligue-1
FRA-Ligue 1,2324,Nice,2024-02-16 Lyon-Nice,2024-02-16,Matchweek 22,Fri,Away,L,0,1,Lyon,411.0,498.0,82.5,6619.0,2235.0,204.0,236.0,86.4,169.0,186.0,90.9,24.0,49.0,49.0,0,0.6,0.7,13.0,38.0,8.0,3.0,54.0,21:00:00,/en/matches/205468df/Lyon-Nice-February-16-2024-Ligue-1
FRA-Ligue 1,2324,Nice,2024-02-25 Nice-Clermont Foot,2024-02-25,Matchweek 23,Sun,Home,D,0,0,Clermont Foot,510.0,604.0,84.4,8710.0,3129.0,232.0,268.0,86.6,218.0,240.0,90.8,41.0,62.0,66.1,0,1.5,2.4,19.0,42.0,16.0,5.0,60.0,15:00:00,/en/matches/d4ce6789/Nice-Clermont-Foot-February-25-2024-Ligue-1
FRA-Ligue 1,2324,Nice,2024-03-03 Toulouse-Nice,2024-03-03,Matchweek 24,Sun,Away,L,1,2,Toulouse,471.0,564.0,83.5,7897.0,2674.0,225.0,253.0,88.9,211.0,238.0,88.7,26.0,53.0,49.1,0,0.8,0.9,4.0,29.0,6.0,0.0,31.0,13:00:00,/en/matches/2269add3/Toulouse-Nice-March-3-2024-Ligue-1
FRA-Ligue 1,2324,Nice,2024-03-08 Nice-Montpellier,2024-03-08,Matchweek 25,Fri,Home,L,1,2,Montpellier,509.0,603.0,84.4,7979.0,2807.0,260.0,291.0,89.3,191.0,221.0,86.4,37.0,56.0,66.1,1,0.7,1.2,11.0,36.0,11.0,5.0,46.0,21:00:00,/en/matches/d631a829/Nice-Montpellier-March-8-2024-Ligue-1
FRA-Ligue 1,2324,Nice,2024-03-16 Lens-Nice,2024-03-16,Matchweek 26,Sat,Away,W,3,1,Lens,292.0,401.0,72.8,4421.0,1493.0,146.0,168.0,86.9,111.0,140.0,79.3,15.0,58.0,25.9,2,1.4,0.6,4.0,7.0,3.0,1.0,14.0,21:00:00,/en/matches/7b5edccd/Lens-Nice-March-16-2024-Ligue-1
FRA-Ligue 1,2324,Nice,2024-03-31 Nice-Nantes,2024-03-31,Matchweek 27,Sun,Home,L,1,2,Nantes,469.0,540.0,86.9,7307.0,2275.0,225.0,242.0,93.0,194.0,219.0,88.6,25.0,45.0,55.6,0,0.3,0.4,8.0,32.0,4.0,1.0,40.0,15:00:00,/en/matches/d3388c96/Nice-Nantes-March-31-2024-Ligue-1
FRA-Ligue 1,2324,Nice,2024-04-07 Reims-Nice,2024-04-07,Matchweek 28,Sun,Away,D,0,0,Reims,381.0,461.0,82.6,5881.0,2243.0,208.0,234.0,88.9,118.0,134.0,88.1,30.0,56.0,53.6,0,1.8,1.6,14.0,16.0,12.0,1.0,37.0,15:00:00,/en/matches/4c072743/Reims-Nice-April-7-2024-Ligue-1
FRA-Ligue 1,2324,Nice,2024-04-19 Nice-Lorient,2024-04-19,Matchweek 30,Fri,Home,W,3,0,Lorient,489.0,574.0,85.2,8013.0,2505.0,238.0,259.0,91.9,217.0,236.0,91.9,24.0,60.0,40.0,1,2.0,0.8,14.0,38.0,7.0,1.0,36.0,21:00:00,/en/matches/05fcaf04/Nice-Lorient-April-19-2024-Ligue-1
FRA-Ligue 1,2324,Nice,2024-04-24 Marseille-Nice,2024-04-24,Matchweek 29,Wed,Away,D,2,2,Marseille,417.0,505.0,82.6,7566.0,2136.0,150.0,176.0,85.2,232.0,261.0,88.9,30.0,54.0,55.6,1,1.2,1.0,7.0,34.0,6.0,2.0,52.0,21:00:00,/en/matches/0727529c/Marseille-Nice-April-24-2024-Ligue-1
FRA-Ligue 1,2324,Nice,2024-04-28 Strasbourg-Nice,2024-04-28,Matchweek 31,Sun,Away,W,3,1,Strasbourg,497.0,571.0,87.0,8259.0,2492.0,239.0,254.0,94.1,214.0,235.0,91.1,35.0,65.0,53.8,2,0.7,0.5,6.0,19.0,4.0,1.0,28.0,15:00:00,/en/matches/a7951b3a/Strasbourg-Nice-April-28-2024-Ligue-1
FRA-Ligue 1,2324,Nice,2024-05-10 Nice-Le Havre,2024-05-10,Matchweek 33,Fri,Home,W,1,0,Le Havre,486.0,564.0,86.2,8127.0,2503.0,226.0,249.0,90.8,222.0,242.0,91.7,27.0,53.0,50.9,1,1.3,1.0,10.0,22.0,6.0,0.0,29.0,21:00:00,/en/matches/73e73f70/Nice-Le-Havre-May-10-2024-Ligue-1
FRA-Ligue 1,2324,Nice,2024-05-15 Nice-Paris S-G,2024-05-15,Matchweek 32,Wed,Home,L,1,2,Paris S-G,360.0,427.0,84.3,6459.0,2072.0,147.0,162.0,90.7,174.0,194.0,89.7,30.0,55.0,54.5,1,1.1,0.6,9.0,20.0,7.0,0.0,29.0,21:00:00,/en/matches/25e694fc/Nice-Paris-Saint-Germain-May-15-2024-Ligue-1
FRA-Ligue 1,2324,Nice,2024-05-19 Lille-Nice,2024-05-19,Matchweek 34,Sun,Away,D,2,2,Lille,397.0,472.0,84.1,7479.0,2390.0,154.0,175.0,88.0,187.0,210.0,89.0,50.0,76.0,65.8,2,0.8,1.1,8.0,20.0,6.0,0.0,30.0,21:00:00,/en/matches/df360311/Lille-Nice-May-19-2024-Ligue-1
FRA-Ligue 1,2324,Paris S-G,2023-08-12 Paris S-G-Lorient,2023-08-12,Matchweek 1,Sat,Home,D,0,0,Lorient,964.0,1051.0,91.7,14929.0,3807.0,466.0,484.0,96.3,417.0,441.0,94.6,42.0,62.0,67.7,0,1.0,2.2,16.0,134.0,18.0,8.0,62.0,21:00:00,/en/matches/2e85b460/Paris-Saint-Germain-Lorient-August-12-2023-Ligue-1
FRA-Ligue 1,2324,Paris S-G,2023-08-19 Toulouse-Paris S-G,2023-08-19,Matchweek 2,Sat,Away,D,1,1,Toulouse,720.0,802.0,89.8,12251.0,3382.0,326.0,353.0,92.4,322.0,347.0,92.8,53.0,68.0,77.9,0,1.2,1.2,13.0,57.0,12.0,2.0,61.0,21:00:00,/en/matches/fad8e14d/Toulouse-Paris-Saint-Germain-August-19-2023-Ligue-1
FRA-Ligue 1,2324,Paris S-G,2023-08-26 Paris S-G-Lens,2023-08-26,Matchweek 3,Sat,Home,W,3,1,Lens,695.0,761.0,91.3,11830.0,3470.0,290.0,308.0,94.2,343.0,359.0,95.5,45.0,68.0,66.2,3,1.4,1.5,15.0,37.0,12.0,1.0,57.0,21:00:00,/en/matches/d3db871d/Paris-Saint-Germain-Lens-August-26-2023-Ligue-1
FRA-Ligue 1,2324,Paris S-G,2023-09-03 Lyon-Paris S-G,2023-09-03,Matchweek 4,Sun,Away,W,4,1,Lyon,781.0,843.0,92.6,13098.0,3874.0,364.0,384.0,94.8,332.0,352.0,94.3,59.0,75.0,78.7,2,2.7,1.9,18.0,69.0,11.0,0.0,65.0,20:45:00,/en/matches/cd3d8319/Lyon-Paris-Saint-Germain-September-3-2023-Ligue-1
FRA-Ligue 1,2324,Paris S-G,2023-09-15 Paris S-G-Nice,2023-09-15,Matchweek 5,Fri,Home,L,2,3,Nice,640.0,743.0,86.1,11026.0,3094.0,263.0,293.0,89.8,327.0,351.0,93.2,38.0,60.0,63.3,2,0.9,1.6,11.0,67.0,10.0,1.0,53.0,21:00:00,/en/matches/f0478368/Paris-Saint-Germain-Nice-September-15-2023-Ligue-1
FRA-Ligue 1,2324,Paris S-G,2023-09-24 Paris S-G-Marseille,2023-09-24,Matchweek 6,Sun,Home,W,4,0,Marseille,751.0,845.0,88.9,12523.0,3435.0,336.0,376.0,89.4,354.0,376.0,94.1,45.0,58.0,77.6,2,1.2,1.1,11.0,58.0,11.0,2.0,83.0,20:45:00,/en/matches/405fa974/Paris-Saint-Germain-Marseille-September-24-2023-Ligue-1
FRA-Ligue 1,2324,Paris S-G,2023-09-30 Clermont Foot-Paris S-G,2023-09-30,Matchweek 7,Sat,Away,D,0,0,Clermont Foot,534.0,617.0,86.5,9479.0,3062.0,221.0,253.0,87.4,273.0,295.0,92.5,36.0,54.0,66.7,0,3.0,1.8,19.0,50.0,15.0,2.0,80.0,17:00:00,/en/matches/f443185b/Clermont-Foot-Paris-Saint-Germain-September-30-2023-Ligue-1
FRA-Ligue 1,2324,Paris S-G,2023-10-08 Rennes-Paris S-G,2023-10-08,Matchweek 8,Sun,Away,W,3,1,Rennes,586.0,663.0,88.4,10359.0,3320.0,241.0,266.0,90.6,288.0,313.0,92.0,42.0,63.0,66.7,3,3.3,1.8,15.0,39.0,14.0,0.0,57.0,20:45:00,/en/matches/484e237a/Rennes-Paris-Saint-Germain-October-8-2023-Ligue-1
FRA-Ligue 1,2324,Paris S-G,2023-10-21 Paris S-G-Strasbourg,2023-10-21,Matchweek 9,Sat,Home,W,3,0,Strasbourg,800.0,867.0,92.3,13186.0,3713.0,375.0,397.0,94.5,372.0,393.0,94.7,36.0,49.0,73.5,2,1.3,1.1,7.0,46.0,11.0,0.0,70.0,17:00:00,/en/matches/28f09198/Paris-Saint-Germain-Strasbourg-October-21-2023-Ligue-1
FRA-Ligue 1,2324,Paris S-G,2023-10-29 Brest-Paris S-G,2023-10-29,Matchweek 10,Sun,Away,W,3,2,Brest,473.0,546.0,86.6,8162.0,2907.0,213.0,240.0,88.8,216.0,238.0,90.8,35.0,50.0,70.0,2,1.0,1.0,14.0,22.0,9.0,0.0,39.0,13:00:00,/en/matches/3fc4e3ce/Brest-Paris-Saint-Germain-October-29-2023-Ligue-1
FRA-Ligue 1,2324,Paris S-G,2023-11-03 Paris S-G-Montpellier,2023-11-03,Matchweek 11,Fri,Home,W,3,0,Montpellier,716.0,797.0,89.8,12317.0,3403.0,314.0,339.0,92.6,327.0,344.0,95.1,54.0,77.0,70.1,3,1.0,1.2,17.0,51.0,15.0,0.0,58.0,21:00:00,/en/matches/4f44d7fc/Paris-Saint-Germain-Montpellier-November-3-2023-Ligue-1
FRA-Ligue 1,2324,Paris S-G,2023-11-11 Reims-Paris S-G,2023-11-11,Matchweek 12,Sat,Away,W,3,0,Reims,552.0,624.0,88.5,9806.0,3118.0,223.0,251.0,88.8,264.0,277.0,95.3,48.0,69.0,69.6,3,2.2,1.6,13.0,39.0,10.0,1.0,41.0,17:00:00,/en/matches/61d9e0d0/Reims-Paris-Saint-Germain-November-11-2023-Ligue-1
FRA-Ligue 1,2324,Paris S-G,2023-11-24 Paris S-G-Monaco,2023-11-24,Matchweek 13,Fri,Home,W,5,2,Monaco,489.0,588.0,83.2,8364.0,2707.0,230.0,255.0,90.2,201.0,230.0,87.4,43.0,68.0,63.2,2,1.4,0.9,12.0,28.0,11.0,0.0,47.0,21:00:00,/en/matches/6f11a93d/Paris-Saint-Germain-Monaco-November-24-2023-Ligue-1
FRA-Ligue 1,2324,Paris S-G,2023-12-03 Le Havre-Paris S-G,2023-12-03,Matchweek 14,Sun,Away,W,2,0,Le Havre,352.0,435.0,80.9,6297.0,2085.0,153.0,171.0,89.5,147.0,174.0,84.5,38.0,67.0,56.7,2,0.9,0.4,7.0,15.0,4.0,1.0,21.0,13:00:00,/en/matches/b6e6fdfe/Le-Havre-Paris-Saint-Germain-December-3-2023-Ligue-1
FRA-Ligue 1,2324,Paris S-G,2023-12-09 Paris S-G-Nantes,2023-12-09,Matchweek 15,Sat,Home,W,2,1,Nantes,696.0,784.0,88.8,12423.0,3757.0,281.0,315.0,89.2,342.0,375.0,91.2,54.0,67.0,80.6,1,1.5,1.0,14.0,61.0,9.0,1.0,86.0,21:00:00,/en/matches/2582af0c/Paris-Saint-Germain-Nantes-December-9-2023-Ligue-1
FRA-Ligue 1,2324,Paris S-G,2023-12-17 Lille-Paris S-G,2023-12-17,Matchweek 16,Sun,Away,D,1,1,Lille,483.0,564.0,85.6,8815.0,2490.0,179.0,199.0,89.9,246.0,276.0,89.1,47.0,66.0,71.2,0,0.5,1.4,7.0,28.0,9.0,3.0,46.0,20:45:00,/en/matches/204a77b5/Lille-Paris-Saint-Germain-December-17-2023-Ligue-1
FRA-Ligue 1,2324,Paris S-G,2023-12-20 Paris S-G-Metz,2023-12-20,Matchweek 17,Wed,Home,W,3,1,Metz,787.0,860.0,91.5,12706.0,3403.0,406.0,436.0,93.1,324.0,343.0,94.5,42.0,57.0,73.7,2,1.3,1.7,11.0,99.0,8.0,2.0,72.0,21:00:00,/en/matches/fb56b3c2/Paris-Saint-Germain-Metz-December-20-2023-Ligue-1
FRA-Ligue 1,2324,Paris S-G,2024-01-14 Lens-Paris S-G,2024-01-14,Matchweek 18,Sun,Away,W,2,0,Lens,643.0,716.0,89.8,10950.0,3085.0,280.0,299.0,93.6,291.0,318.0,91.5,50.0,66.0,75.8,2,1.7,1.6,14.0,46.0,12.0,0.0,57.0,20:45:00,/en/matches/0682fa55/Lens-Paris-Saint-Germain-January-14-2024-Ligue-1
FRA-Ligue 1,2324,Paris S-G,2024-01-28 Paris S-G-Brest,2024-01-28,Matchweek 19,Sun,Home,D,2,2,Brest,462.0,552.0,83.7,7912.0,2752.0,201.0,227.0,88.5,215.0,241.0,89.2,32.0,55.0,58.2,1,1.3,1.3,6.0,40.0,9.0,1.0,52.0,20:45:00,/en/matches/8e2d796d/Paris-Saint-Germain-Brest-January-28-2024-Ligue-1
FRA-Ligue 1,2324,Paris S-G,2024-02-02 Strasbourg-Paris S-G,2024-02-02,Matchweek 20,Fri,Away,W,2,1,Strasbourg,538.0,633.0,85.0,9901.0,3032.0,190.0,213.0,89.2,272.0,297.0,91.6,55.0,84.0,65.5,2,1.1,0.4,4.0,26.0,4.0,0.0,37.0,21:00:00,/en/matches/c0fbd8fa/Strasbourg-Paris-Saint-Germain-February-2-2024-Ligue-1
FRA-Ligue 1,2324,Paris S-G,2024-02-10 Paris S-G-Lille,2024-02-10,Matchweek 21,Sat,Home,W,3,1,Lille,434.0,510.0,85.1,7836.0,2295.0,178.0,208.0,85.6,193.0,208.0,92.8,49.0,71.0,69.0,2,2.6,1.5,13.0,21.0,5.0,1.0,26.0,21:00:00,/en/matches/fb49d66d/Paris-Saint-Germain-Lille-February-10-2024-Ligue-1
FRA-Ligue 1,2324,Paris S-G,2024-02-17 Nantes-Paris S-G,2024-02-17,Matchweek 22,Sat,Away,W,2,0,Nantes,835.0,921.0,90.7,13870.0,3725.0,373.0,394.0,94.7,369.0,400.0,92.3,58.0,80.0,72.5,1,0.7,1.8,10.0,100.0,13.0,6.0,75.0,21:00:00,/en/matches/56629c17/Nantes-Paris-Saint-Germain-February-17-2024-Ligue-1
FRA-Ligue 1,2324,Paris S-G,2024-02-25 Paris S-G-Rennes,2024-02-25,Matchweek 23,Sun,Home,D,1,1,Rennes,643.0,743.0,86.5,10507.0,3315.0,306.0,345.0,88.7,284.0,314.0,90.4,35.0,50.0,70.0,0,1.0,1.1,12.0,59.0,14.0,0.0,81.0,17:05:00,/en/matches/6b8934e3/Paris-Saint-Germain-Rennes-February-25-2024-Ligue-1
FRA-Ligue 1,2324,Paris S-G,2024-03-01 Monaco-Paris S-G,2024-03-01,Matchweek 24,Fri,Away,D,0,0,Monaco,573.0,677.0,84.6,10005.0,3056.0,232.0,267.0,86.9,277.0,307.0,90.2,46.0,67.0,68.7,0,1.0,1.3,11.0,37.0,11.0,3.0,63.0,21:00:00,/en/matches/4be6a76c/Monaco-Paris-Saint-Germain-March-1-2024-Ligue-1
FRA-Ligue 1,2324,Paris S-G,2024-03-10 Paris S-G-Reims,2024-03-10,Matchweek 25,Sun,Home,D,2,2,Reims,553.0,642.0,86.1,10239.0,3052.0,192.0,227.0,84.6,297.0,320.0,92.8,48.0,57.0,84.2,0,0.9,1.7,16.0,39.0,14.0,4.0,71.0,13:00:00,/en/matches/d1422003/Paris-Saint-Germain-Reims-March-10-2024-Ligue-1
FRA-Ligue 1,2324,Paris S-G,2024-03-17 Montpellier-Paris S-G,2024-03-17,Matchweek 26,Sun,Away,W,6,2,Montpellier,635.0,698.0,91.0,10276.0,3040.0,301.0,325.0,92.6,282.0,301.0,93.7,33.0,46.0,71.7,6,1.5,1.3,15.0,50.0,7.0,0.0,46.0,20:45:00,/en/matches/f850eea5/Montpellier-Paris-Saint-Germain-March-17-2024-Ligue-1
FRA-Ligue 1,2324,Paris S-G,2024-03-31 Marseille-Paris S-G,2024-03-31,Matchweek 27,Sun,Away,W,2,0,Marseille,480.0,560.0,85.7,7952.0,2563.0,227.0,249.0,91.2,202.0,220.0,91.8,29.0,60.0,48.3,2,2.0,0.4,6.0,25.0,5.0,0.0,27.0,20:45:00,/en/matches/4b3924f8/Marseille-Paris-Saint-Germain-March-31-2024-Ligue-1
FRA-Ligue 1,2324,Paris S-G,2024-04-06 Paris S-G-Clermont Foot,2024-04-06,Matchweek 28,Sat,Home,D,1,1,Clermont Foot,695.0,810.0,85.8,12641.0,3103.0,270.0,312.0,86.5,346.0,380.0,91.1,62.0,88.0,70.5,1,1.7,2.5,17.0,85.0,22.0,5.0,83.0,21:00:00,/en/matches/a0e24fef/Paris-Saint-Germain-Clermont-Foot-April-6-2024-Ligue-1
FRA-Ligue 1,2324,Paris S-G,2024-04-21 Paris S-G-Lyon,2024-04-21,Matchweek 30,Sun,Home,W,4,1,Lyon,708.0,768.0,92.2,10751.0,2727.0,380.0,397.0,95.7,258.0,279.0,92.5,40.0,52.0,76.9,3,2.3,2.6,12.0,53.0,12.0,2.0,45.0,21:00:00,/en/matches/33d8918a/Paris-Saint-Germain-Lyon-April-21-2024-Ligue-1
FRA-Ligue 1,2324,Paris S-G,2024-04-24 Lorient-Paris S-G,2024-04-24,Matchweek 29,Wed,Away,W,4,1,Lorient,632.0,726.0,87.1,11561.0,3046.0,233.0,262.0,88.9,330.0,352.0,93.8,55.0,82.0,67.1,4,1.6,1.2,14.0,51.0,8.0,0.0,54.0,19:00:00,/en/matches/12fd3a4c/Lorient-Paris-Saint-Germain-April-24-2024-Ligue-1
FRA-Ligue 1,2324,Paris S-G,2024-04-27 Paris S-G-Le Havre,2024-04-27,Matchweek 31,Sat,Home,D,3,3,Le Havre,687.0,803.0,85.6,10926.0,2813.0,320.0,363.0,88.2,305.0,335.0,91.0,32.0,50.0,64.0,3,1.9,1.8,12.0,72.0,11.0,2.0,75.0,21:00:00,/en/matches/c28df007/Paris-Saint-Germain-Le-Havre-April-27-2024-Ligue-1
FRA-Ligue 1,2324,Paris S-G,2024-05-12 Paris S-G-Toulouse,2024-05-12,Matchweek 33,Sun,Home,L,1,3,Toulouse,592.0,671.0,88.2,10825.0,3084.0,214.0,236.0,90.7,325.0,349.0,93.1,45.0,66.0,68.2,1,2.1,1.3,14.0,47.0,8.0,2.0,43.0,21:00:00,/en/matches/e8fcc39b/Paris-Saint-Germain-Toulouse-May-12-2024-Ligue-1
FRA-Ligue 1,2324,Paris S-G,2024-05-15 Nice-Paris S-G,2024-05-15,Matchweek 32,Wed,Away,W,2,1,Nice,663.0,739.0,89.7,10630.0,3403.0,320.0,340.0,94.1,291.0,315.0,92.4,35.0,60.0,58.3,2,1.0,1.0,11.0,41.0,6.0,0.0,25.0,21:00:00,/en/matches/25e694fc/Nice-Paris-Saint-Germain-May-15-2024-Ligue-1
FRA-Ligue 1,2324,Paris S-G,2024-05-19 Metz-Paris S-G,2024-05-19,Matchweek 34,Sun,Away,W,2,0,Metz,744.0,837.0,88.9,12244.0,3424.0,325.0,351.0,92.6,348.0,382.0,91.1,46.0,65.0,70.8,2,2.0,2.3,18.0,71.0,15.0,3.0,57.0,21:00:00,/en/matches/8dac35ed/Metz-Paris-Saint-Germain-May-19-2024-Ligue-1
FRA-Ligue 1,2324,Reims,2023-08-12 Marseille-Reims,2023-08-12,Matchweek 1,Sat,Away,L,1,2,Marseille,384.0,487.0,78.9,7781.0,2522.0,117.0,152.0,77.0,204.0,226.0,90.3,56.0,91.0,61.5,1,0.6,0.6,6.0,34.0,8.0,4.0,43.0,17:00:00,/en/matches/fdbcc9e3/Marseille-Reims-August-12-2023-Ligue-1
FRA-Ligue 1,2324,Reims,2023-08-20 Reims-Clermont Foot,2023-08-20,Matchweek 2,Sun,Home,W,2,0,Clermont Foot,349.0,457.0,76.4,6518.0,2313.0,144.0,173.0,83.2,152.0,174.0,87.4,44.0,81.0,54.3,2,1.5,2.4,6.0,20.0,7.0,1.0,33.0,15:00:00,/en/matches/4b9f0040/Reims-Clermont-Foot-August-20-2023-Ligue-1
FRA-Ligue 1,2324,Reims,2023-08-27 Montpellier-Reims,2023-08-27,Matchweek 3,Sun,Away,W,3,1,Montpellier,280.0,400.0,70.0,4730.0,2120.0,134.0,172.0,77.9,100.0,126.0,79.4,30.0,72.0,41.7,1,0.4,0.5,6.0,24.0,5.0,2.0,31.0,15:00:00,/en/matches/4d6e6c68/Montpellier-Reims-August-27-2023-Ligue-1
FRA-Ligue 1,2324,Reims,2023-09-03 Metz-Reims,2023-09-03,Matchweek 4,Sun,Away,D,2,2,Metz,493.0,591.0,83.4,9249.0,3045.0,165.0,196.0,84.2,270.0,293.0,92.2,47.0,73.0,64.4,2,0.7,1.6,11.0,54.0,13.0,3.0,69.0,15:00:00,/en/matches/678bad42/Metz-Reims-September-3-2023-Ligue-1
FRA-Ligue 1,2324,Reims,2023-09-17 Reims-Brest,2023-09-17,Matchweek 5,Sun,Home,L,1,2,Brest,329.0,440.0,74.8,5740.0,2172.0,139.0,164.0,84.8,154.0,187.0,82.4,28.0,59.0,47.5,1,1.0,1.2,8.0,27.0,2.0,1.0,45.0,15:00:00,/en/matches/f12c7a9a/Reims-Brest-September-17-2023-Ligue-1
FRA-Ligue 1,2324,Reims,2023-09-26 Lille-Reims,2023-09-26,Matchweek 6,Tue,Away,W,2,1,Lille,216.0,315.0,68.6,4047.0,1499.0,90.0,118.0,76.3,93.0,112.0,83.0,30.0,71.0,42.3,2,0.4,0.7,3.0,9.0,2.0,0.0,17.0,21:00:00,/en/matches/b1ae9dc3/Lille-Reims-September-26-2023-Ligue-1
FRA-Ligue 1,2324,Reims,2023-10-01 Reims-Lyon,2023-10-01,Matchweek 7,Sun,Home,W,2,0,Lyon,438.0,528.0,83.0,8679.0,2776.0,155.0,178.0,87.1,221.0,244.0,90.6,60.0,92.0,65.2,1,1.4,0.9,7.0,31.0,9.0,3.0,33.0,13:00:00,/en/matches/cfb7f6ea/Reims-Lyon-October-1-2023-Ligue-1
FRA-Ligue 1,2324,Reims,2023-10-07 Reims-Monaco,2023-10-07,Matchweek 8,Sat,Home,L,1,3,Monaco,363.0,485.0,74.8,7119.0,2742.0,126.0,151.0,83.4,163.0,198.0,82.3,59.0,105.0,56.2,0,0.7,1.0,9.0,46.0,11.0,3.0,48.0,21:00:00,/en/matches/8abe55a4/Reims-Monaco-October-7-2023-Ligue-1
FRA-Ligue 1,2324,Reims,2023-10-22 Toulouse-Reims,2023-10-22,Matchweek 9,Sun,Away,D,1,1,Toulouse,377.0,492.0,76.6,7254.0,2530.0,130.0,162.0,80.2,197.0,231.0,85.3,41.0,76.0,53.9,0,1.2,1.1,13.0,19.0,5.0,3.0,33.0,15:00:00,/en/matches/f0a8c67d/Toulouse-Reims-October-22-2023-Ligue-1
FRA-Ligue 1,2324,Reims,2023-10-28 Reims-Lorient,2023-10-28,Matchweek 10,Sat,Home,W,1,0,Lorient,507.0,608.0,83.4,9320.0,2891.0,191.0,215.0,88.8,236.0,269.0,87.7,56.0,90.0,62.2,1,0.8,0.9,12.0,55.0,9.0,2.0,68.0,17:00:00,/en/matches/5c8bc6ef/Reims-Lorient-October-28-2023-Ligue-1
FRA-Ligue 1,2324,Reims,2023-11-05 Nantes-Reims,2023-11-05,Matchweek 11,Sun,Away,W,1,0,Nantes,393.0,492.0,79.9,7685.0,2453.0,126.0,147.0,85.7,203.0,232.0,87.5,54.0,92.0,58.7,1,1.1,1.4,7.0,21.0,6.0,1.0,31.0,15:00:00,/en/matches/96b3374a/Nantes-Reims-November-5-2023-Ligue-1
FRA-Ligue 1,2324,Reims,2023-11-11 Reims-Paris S-G,2023-11-11,Matchweek 12,Sat,Home,L,0,3,Paris S-G,310.0,404.0,76.7,5775.0,2072.0,125.0,142.0,88.0,137.0,165.0,83.0,38.0,70.0,54.3,0,1.0,0.8,13.0,26.0,5.0,2.0,35.0,17:00:00,/en/matches/61d9e0d0/Reims-Paris-Saint-Germain-November-11-2023-Ligue-1
FRA-Ligue 1,2324,Reims,2023-11-26 Rennes-Reims,2023-11-26,Matchweek 13,Sun,Away,L,1,3,Rennes,478.0,578.0,82.7,8391.0,2686.0,213.0,246.0,86.6,215.0,235.0,91.5,41.0,70.0,58.6,1,1.4,1.9,12.0,42.0,13.0,4.0,46.0,17:05:00,/en/matches/068718ca/Rennes-Reims-November-26-2023-Ligue-1
FRA-Ligue 1,2324,Reims,2023-12-01 Reims-Strasbourg,2023-12-01,Matchweek 14,Fri,Home,W,2,1,Strasbourg,420.0,539.0,77.9,7584.0,2922.0,164.0,194.0,84.5,197.0,237.0,83.1,43.0,77.0,55.8,1,1.0,0.5,9.0,30.0,6.0,1.0,48.0,21:00:00,/en/matches/ad372452/Reims-Strasbourg-December-1-2023-Ligue-1
FRA-Ligue 1,2324,Reims,2023-12-10 Nice-Reims,2023-12-10,Matchweek 15,Sun,Away,L,1,2,Nice,373.0,467.0,79.9,6761.0,2719.0,152.0,176.0,86.4,180.0,203.0,88.7,31.0,63.0,49.2,1,1.2,0.8,7.0,28.0,9.0,1.0,41.0,13:00:00,/en/matches/22646ca5/Nice-Reims-December-10-2023-Ligue-1
FRA-Ligue 1,2324,Reims,2023-12-16 Lens-Reims,2023-12-16,Matchweek 16,Sat,Away,L,0,2,Lens,426.0,543.0,78.5,7884.0,2275.0,168.0,195.0,86.2,198.0,231.0,85.7,52.0,88.0,59.1,0,0.8,0.8,11.0,38.0,10.0,1.0,54.0,21:00:00,/en/matches/331c82fc/Lens-Reims-December-16-2023-Ligue-1
FRA-Ligue 1,2324,Reims,2023-12-20 Reims-Le Havre,2023-12-20,Matchweek 17,Wed,Home,W,1,0,Le Havre,638.0,736.0,86.7,12213.0,3567.0,230.0,266.0,86.5,300.0,323.0,92.9,90.0,116.0,77.6,1,1.0,1.2,18.0,62.0,15.0,2.0,85.0,21:00:00,/en/matches/4e667758/Reims-Le-Havre-December-20-2023-Ligue-1
FRA-Ligue 1,2324,Reims,2024-01-13 Monaco-Reims,2024-01-13,Matchweek 18,Sat,Away,W,3,1,Monaco,334.0,446.0,74.9,6049.0,2258.0,152.0,183.0,83.1,131.0,163.0,80.4,41.0,72.0,56.9,2,0.9,0.5,9.0,26.0,2.0,0.0,27.0,17:00:00,/en/matches/7f2cdeb6/Monaco-Reims-January-13-2024-Ligue-1
FRA-Ligue 1,2324,Reims,2024-01-28 Reims-Nantes,2024-01-28,Matchweek 19,Sun,Home,D,0,0,Nantes,414.0,506.0,81.8,7604.0,2674.0,161.0,183.0,88.0,195.0,222.0,87.8,41.0,72.0,56.9,0,0.8,1.2,8.0,41.0,6.0,2.0,45.0,15:00:00,/en/matches/f3522f33/Reims-Nantes-January-28-2024-Ligue-1
FRA-Ligue 1,2324,Reims,2024-02-04 Reims-Toulouse,2024-02-04,Matchweek 20,Sun,Home,L,2,3,Toulouse,460.0,564.0,81.6,8563.0,2832.0,173.0,207.0,83.6,219.0,246.0,89.0,52.0,84.0,61.9,2,2.3,2.1,13.0,35.0,9.0,6.0,43.0,15:00:00,/en/matches/25718ab1/Reims-Toulouse-February-4-2024-Ligue-1
FRA-Ligue 1,2324,Reims,2024-02-11 Lorient-Reims,2024-02-11,Matchweek 21,Sun,Away,L,0,2,Lorient,508.0,615.0,82.6,9696.0,2984.0,186.0,218.0,85.3,248.0,275.0,90.2,62.0,100.0,62.0,0,0.9,1.4,17.0,48.0,11.0,6.0,68.0,15:00:00,/en/matches/99f9cba1/Lorient-Reims-February-11-2024-Ligue-1
FRA-Ligue 1,2324,Reims,2024-02-18 Reims-Lens,2024-02-18,Matchweek 22,Sun,Home,D,1,1,Lens,437.0,541.0,80.8,8040.0,2295.0,166.0,195.0,85.1,198.0,226.0,87.6,55.0,91.0,60.4,1,1.0,1.0,6.0,28.0,3.0,3.0,32.0,17:05:00,/en/matches/825ef1ef/Reims-Lens-February-18-2024-Ligue-1
FRA-Ligue 1,2324,Reims,2024-02-25 Le Havre-Reims,2024-02-25,Matchweek 23,Sun,Away,W,2,1,Le Havre,346.0,428.0,80.8,6719.0,2123.0,115.0,138.0,83.3,180.0,200.0,90.0,40.0,66.0,60.6,0,2.3,0.9,11.0,28.0,8.0,4.0,37.0,15:00:00,/en/matches/f2b72da5/Le-Havre-Reims-February-25-2024-Ligue-1
FRA-Ligue 1,2324,Reims,2024-03-02 Reims-Lille,2024-03-02,Matchweek 24,Sat,Home,L,0,1,Lille,420.0,512.0,82.0,8461.0,2780.0,137.0,160.0,85.6,218.0,242.0,90.1,62.0,99.0,62.6,0,0.6,0.8,7.0,42.0,6.0,4.0,43.0,17:00:00,/en/matches/92da3973/Reims-Lille-March-2-2024-Ligue-1
FRA-Ligue 1,2324,Reims,2024-03-10 Paris S-G-Reims,2024-03-10,Matchweek 25,Sun,Away,D,2,2,Paris S-G,280.0,366.0,76.5,5118.0,2044.0,123.0,144.0,85.4,109.0,128.0,85.2,39.0,71.0,54.9,2,1.3,1.3,8.0,21.0,5.0,2.0,25.0,13:00:00,/en/matches/d1422003/Paris-Saint-Germain-Reims-March-10-2024-Ligue-1
FRA-Ligue 1,2324,Reims,2024-03-17 Reims-Metz,2024-03-17,Matchweek 26,Sun,Home,W,2,1,Metz,425.0,506.0,84.0,8392.0,3049.0,135.0,151.0,89.4,233.0,260.0,89.6,51.0,78.0,65.4,2,1.9,1.7,14.0,52.0,14.0,5.0,60.0,15:00:00,/en/matches/d840de58/Reims-Metz-March-17-2024-Ligue-1
FRA-Ligue 1,2324,Reims,2024-03-30 Lyon-Reims,2024-03-30,Matchweek 27,Sat,Away,D,1,1,Lyon,254.0,355.0,71.5,4545.0,1817.0,117.0,145.0,80.7,110.0,134.0,82.1,24.0,61.0,39.3,0,0.7,0.7,13.0,13.0,6.0,0.0,30.0,21:00:00,/en/matches/6b21872e/Lyon-Reims-March-30-2024-Ligue-1
FRA-Ligue 1,2324,Reims,2024-04-07 Reims-Nice,2024-04-07,Matchweek 28,Sun,Home,D,0,0,Nice,423.0,517.0,81.8,8234.0,2553.0,141.0,161.0,87.6,215.0,240.0,89.6,51.0,87.0,58.6,0,0.4,0.4,9.0,37.0,7.0,1.0,48.0,15:00:00,/en/matches/4c072743/Reims-Nice-April-7-2024-Ligue-1
FRA-Ligue 1,2324,Reims,2024-04-13 Strasbourg-Reims,2024-04-13,Matchweek 29,Sat,Away,L,1,3,Strasbourg,464.0,526.0,88.2,8503.0,2465.0,183.0,195.0,93.8,232.0,250.0,92.8,43.0,65.0,66.2,1,0.4,0.5,6.0,40.0,2.0,1.0,36.0,17:00:00,/en/matches/7b92b3c7/Strasbourg-Reims-April-13-2024-Ligue-1
FRA-Ligue 1,2324,Reims,2024-04-21 Reims-Montpellier,2024-04-21,Matchweek 30,Sun,Home,L,1,2,Montpellier,308.0,403.0,76.4,5815.0,2269.0,111.0,132.0,84.1,155.0,184.0,84.2,37.0,63.0,58.7,1,1.1,2.0,14.0,31.0,10.0,4.0,52.0,15:00:00,/en/matches/ec3fcd38/Reims-Montpellier-April-21-2024-Ligue-1
FRA-Ligue 1,2324,Reims,2024-04-28 Clermont Foot-Reims,2024-04-28,Matchweek 31,Sun,Away,L,1,4,Clermont Foot,354.0,438.0,80.8,6981.0,2594.0,133.0,160.0,83.1,150.0,174.0,86.2,58.0,83.0,69.9,0,0.8,1.0,7.0,34.0,9.0,2.0,41.0,15:00:00,/en/matches/b85a0106/Clermont-Foot-Reims-April-28-2024-Ligue-1
FRA-Ligue 1,2324,Reims,2024-05-10 Brest-Reims,2024-05-10,Matchweek 33,Fri,Away,D,1,1,Brest,261.0,374.0,69.8,4713.0,2046.0,109.0,138.0,79.0,102.0,125.0,81.6,36.0,80.0,45.0,1,0.5,0.4,6.0,16.0,6.0,2.0,30.0,21:00:00,/en/matches/87d4c432/Brest-Reims-May-10-2024-Ligue-1
FRA-Ligue 1,2324,Reims,2024-05-15 Reims-Marseille,2024-05-15,Matchweek 32,Wed,Home,W,1,0,Marseille,272.0,354.0,76.8,4931.0,2229.0,132.0,151.0,87.4,96.0,117.0,82.1,36.0,65.0,55.4,0,1.1,0.7,8.0,28.0,2.0,0.0,30.0,21:00:00,/en/matches/5a6454f2/Reims-Marseille-May-15-2024-Ligue-1
FRA-Ligue 1,2324,Reims,2024-05-19 Reims-Rennes,2024-05-19,Matchweek 34,Sun,Home,W,2,1,Rennes,261.0,352.0,74.1,4701.0,1664.0,99.0,122.0,81.1,129.0,155.0,83.2,25.0,61.0,41.0,0,0.5,0.1,4.0,12.0,0.0,0.0,18.0,21:00:00,/en/matches/94b311ad/Reims-Rennes-May-19-2024-Ligue-1
FRA-Ligue 1,2324,Rennes,2023-08-13 Rennes-Metz,2023-08-13,Matchweek 1,Sun,Home,W,5,1,Metz,675.0,743.0,90.8,11377.0,3502.0,310.0,332.0,93.4,295.0,317.0,93.1,49.0,66.0,74.2,1,2.0,2.1,21.0,50.0,12.0,3.0,59.0,17:05:00,/en/matches/e0073aaf/Rennes-Metz-August-13-2023-Ligue-1
FRA-Ligue 1,2324,Rennes,2023-08-20 Lens-Rennes,2023-08-20,Matchweek 2,Sun,Away,D,1,1,Lens,440.0,529.0,83.2,8201.0,2448.0,159.0,189.0,84.1,221.0,238.0,92.9,48.0,75.0,64.0,0,0.3,0.4,6.0,32.0,4.0,0.0,32.0,20:45:00,/en/matches/283d8d62/Lens-Rennes-August-20-2023-Ligue-1
FRA-Ligue 1,2324,Rennes,2023-08-27 Rennes-Le Havre,2023-08-27,Matchweek 3,Sun,Home,D,2,2,Le Havre,641.0,730.0,87.8,12097.0,3600.0,217.0,248.0,87.5,345.0,372.0,92.7,62.0,79.0,78.5,0,1.7,2.2,15.0,43.0,16.0,5.0,76.0,13:00:00,/en/matches/505ba995/Rennes-Le-Havre-August-27-2023-Ligue-1
FRA-Ligue 1,2324,Rennes,2023-09-02 Brest-Rennes,2023-09-02,Matchweek 4,Sat,Away,D,0,0,Brest,397.0,492.0,80.7,6845.0,2434.0,166.0,194.0,85.6,191.0,222.0,86.0,28.0,54.0,51.9,0,0.2,0.1,4.0,27.0,1.0,0.0,30.0,17:00:00,/en/matches/38572486/Brest-Rennes-September-2-2023-Ligue-1
FRA-Ligue 1,2324,Rennes,2023-09-16 Rennes-Lille,2023-09-16,Matchweek 5,Sat,Home,D,2,2,Lille,436.0,530.0,82.3,7876.0,2305.0,168.0,197.0,85.3,210.0,237.0,88.6,41.0,61.0,67.2,1,0.3,0.4,4.0,20.0,3.0,0.0,36.0,17:00:00,/en/matches/d419c313/Rennes-Lille-September-16-2023-Ligue-1
FRA-Ligue 1,2324,Rennes,2023-09-24 Montpellier-Rennes,2023-09-24,Matchweek 6,Sun,Away,D,0,0,Montpellier,457.0,568.0,80.5,8331.0,3140.0,178.0,199.0,89.4,216.0,261.0,82.8,51.0,84.0,60.7,0,0.7,0.8,14.0,31.0,12.0,2.0,57.0,17:05:00,/en/matches/fd6b554c/Montpellier-Rennes-September-24-2023-Ligue-1
FRA-Ligue 1,2324,Rennes,2023-10-01 Rennes-Nantes,2023-10-01,Matchweek 7,Sun,Home,W,3,1,Nantes,464.0,539.0,86.1,8950.0,2965.0,166.0,182.0,91.2,232.0,263.0,88.2,57.0,73.0,78.1,1,1.0,0.9,12.0,37.0,5.0,0.0,51.0,20:45:00,/en/matches/94204a39/Rennes-Nantes-October-1-2023-Ligue-1
FRA-Ligue 1,2324,Rennes,2023-10-08 Rennes-Paris S-G,2023-10-08,Matchweek 8,Sun,Home,L,1,3,Paris S-G,395.0,487.0,81.1,7310.0,2609.0,157.0,182.0,86.3,177.0,201.0,88.1,48.0,78.0,61.5,1,1.1,1.1,13.0,33.0,8.0,3.0,43.0,20:45:00,/en/matches/484e237a/Rennes-Paris-Saint-Germain-October-8-2023-Ligue-1
FRA-Ligue 1,2324,Rennes,2023-10-22 Lorient-Rennes,2023-10-22,Matchweek 9,Sun,Away,L,1,2,Lorient,610.0,727.0,83.9,10782.0,2868.0,241.0,269.0,89.6,290.0,336.0,86.3,57.0,87.0,65.5,1,0.6,0.9,13.0,66.0,18.0,2.0,77.0,13:00:00,/en/matches/08e896d5/Lorient-Rennes-October-22-2023-Ligue-1
FRA-Ligue 1,2324,Rennes,2023-10-29 Rennes-Strasbourg,2023-10-29,Matchweek 10,Sun,Home,D,1,1,Strasbourg,443.0,537.0,82.5,8806.0,3107.0,131.0,164.0,79.9,263.0,291.0,90.4,42.0,63.0,66.7,0,0.8,0.9,12.0,31.0,11.0,1.0,54.0,17:05:00,/en/matches/b35db4c8/Rennes-Strasbourg-October-29-2023-Ligue-1
FRA-Ligue 1,2324,Rennes,2023-11-05 Nice-Rennes,2023-11-05,Matchweek 11,Sun,Away,L,0,2,Nice,490.0,575.0,85.2,8987.0,2412.0,195.0,216.0,90.3,219.0,237.0,92.4,61.0,88.0,69.3,0,0.5,1.0,8.0,40.0,11.0,4.0,51.0,20:45:00,/en/matches/fad89d7b/Nice-Rennes-November-5-2023-Ligue-1
FRA-Ligue 1,2324,Rennes,2023-11-12 Rennes-Lyon,2023-11-12,Matchweek 12,Sun,Home,L,0,1,Lyon,337.0,426.0,79.1,5831.0,2108.0,144.0,158.0,91.1,146.0,173.0,84.4,30.0,68.0,44.1,0,0.7,0.5,6.0,26.0,3.0,0.0,22.0,17:05:00,/en/matches/16251ab0/Rennes-Lyon-November-12-2023-Ligue-1
FRA-Ligue 1,2324,Rennes,2023-11-26 Rennes-Reims,2023-11-26,Matchweek 13,Sun,Home,W,3,1,Reims,261.0,356.0,73.3,4794.0,1915.0,109.0,132.0,82.6,95.0,115.0,82.6,38.0,77.0,49.4,2,1.5,1.2,7.0,28.0,5.0,1.0,27.0,17:05:00,/en/matches/068718ca/Rennes-Reims-November-26-2023-Ligue-1
FRA-Ligue 1,2324,Rennes,2023-12-03 Marseille-Rennes,2023-12-03,Matchweek 14,Sun,Away,L,0,2,Marseille,489.0,582.0,84.0,8307.0,2729.0,236.0,267.0,88.4,185.0,207.0,89.4,50.0,75.0,66.7,0,0.5,0.7,7.0,46.0,12.0,2.0,58.0,20:45:00,/en/matches/caadf3f7/Marseille-Rennes-December-3-2023-Ligue-1
FRA-Ligue 1,2324,Rennes,2023-12-09 Rennes-Monaco,2023-12-09,Matchweek 15,Sat,Home,L,1,2,Monaco,305.0,400.0,76.3,5882.0,2339.0,112.0,133.0,84.2,133.0,165.0,80.6,47.0,75.0,62.7,0,0.7,0.7,9.0,20.0,9.0,1.0,30.0,17:00:00,/en/matches/fdd2c923/Rennes-Monaco-December-9-2023-Ligue-1
FRA-Ligue 1,2324,Rennes,2023-12-17 Toulouse-Rennes,2023-12-17,Matchweek 16,Sun,Away,D,0,0,Toulouse,393.0,501.0,78.4,7409.0,2462.0,126.0,155.0,81.3,216.0,244.0,88.5,39.0,75.0,52.0,0,0.5,1.1,8.0,39.0,10.0,1.0,46.0,15:00:00,/en/matches/8197fd69/Toulouse-Rennes-December-17-2023-Ligue-1
FRA-Ligue 1,2324,Rennes,2023-12-20 Clermont Foot-Rennes,2023-12-20,Matchweek 17,Wed,Away,W,3,1,Clermont Foot,413.0,521.0,79.3,8039.0,2669.0,148.0,175.0,84.6,191.0,217.0,88.0,60.0,95.0,63.2,1,1.2,1.4,19.0,36.0,14.0,6.0,64.0,21:00:00,/en/matches/16bc4ea4/Clermont-Foot-Rennes-December-20-2023-Ligue-1
FRA-Ligue 1,2324,Rennes,2024-01-13 Rennes-Nice,2024-01-13,Matchweek 18,Sat,Home,W,2,0,Nice,361.0,450.0,80.2,6154.0,2264.0,167.0,193.0,86.5,149.0,164.0,90.9,33.0,73.0,45.2,1,1.1,0.8,10.0,28.0,14.0,4.0,31.0,21:00:00,/en/matches/6cc45497/Rennes-Nice-January-13-2024-Ligue-1
FRA-Ligue 1,2324,Rennes,2024-01-26 Lyon-Rennes,2024-01-26,Matchweek 19,Fri,Away,W,3,2,Lyon,300.0,383.0,78.3,5451.0,2104.0,122.0,137.0,89.1,130.0,153.0,85.0,38.0,78.0,48.7,3,0.8,0.5,10.0,29.0,7.0,1.0,32.0,21:00:00,/en/matches/952686b7/Lyon-Rennes-January-26-2024-Ligue-1
FRA-Ligue 1,2324,Rennes,2024-02-03 Rennes-Montpellier,2024-02-03,Matchweek 20,Sat,Home,W,2,1,Montpellier,335.0,426.0,78.6,6499.0,2963.0,124.0,153.0,81.0,174.0,197.0,88.3,34.0,63.0,54.0,0,0.7,1.0,6.0,33.0,10.0,1.0,48.0,17:00:00,/en/matches/f3ce3488/Rennes-Montpellier-February-3-2024-Ligue-1
FRA-Ligue 1,2324,Rennes,2024-02-11 Le Havre-Rennes,2024-02-11,Matchweek 21,Sun,Away,W,1,0,Le Havre,427.0,528.0,80.9,7949.0,2820.0,162.0,187.0,86.6,218.0,248.0,87.9,40.0,77.0,51.9,1,0.9,0.7,8.0,36.0,6.0,1.0,42.0,13:00:00,/en/matches/4472d29d/Le-Havre-Rennes-February-11-2024-Ligue-1
FRA-Ligue 1,2324,Rennes,2024-02-18 Rennes-Clermont Foot,2024-02-18,Matchweek 22,Sun,Home,W,3,1,Clermont Foot,503.0,584.0,86.1,9615.0,3653.0,185.0,210.0,88.1,253.0,283.0,89.4,56.0,70.0,80.0,2,2.3,2.6,10.0,48.0,11.0,3.0,52.0,15:00:00,/en/matches/93f25522/Rennes-Clermont-Foot-February-18-2024-Ligue-1
FRA-Ligue 1,2324,Rennes,2024-02-25 Paris S-G-Rennes,2024-02-25,Matchweek 23,Sun,Away,D,1,1,Paris S-G,287.0,381.0,75.3,5422.0,2164.0,112.0,131.0,85.5,138.0,163.0,84.7,30.0,73.0,41.1,1,0.8,0.4,3.0,24.0,1.0,0.0,24.0,17:05:00,/en/matches/6b8934e3/Paris-Saint-Germain-Rennes-February-25-2024-Ligue-1
FRA-Ligue 1,2324,Rennes,2024-03-03 Rennes-Lorient,2024-03-03,Matchweek 24,Sun,Home,L,1,2,Lorient,468.0,557.0,84.0,8919.0,2341.0,175.0,200.0,87.5,226.0,260.0,86.9,57.0,77.0,74.0,1,1.1,1.7,18.0,60.0,12.0,4.0,75.0,17:05:00,/en/matches/a3ae2f49/Rennes-Lorient-March-3-2024-Ligue-1
FRA-Ligue 1,2324,Rennes,2024-03-10 Lille-Rennes,2024-03-10,Matchweek 25,Sun,Away,D,2,2,Lille,298.0,384.0,77.6,6072.0,2229.0,90.0,111.0,81.1,152.0,176.0,86.4,44.0,75.0,58.7,2,1.0,0.7,8.0,16.0,5.0,2.0,29.0,17:05:00,/en/matches/67041fa5/Lille-Rennes-March-10-2024-Ligue-1
FRA-Ligue 1,2324,Rennes,2024-03-17 Rennes-Marseille,2024-03-17,Matchweek 26,Sun,Home,W,2,0,Marseille,340.0,423.0,80.4,6403.0,2657.0,139.0,163.0,85.3,135.0,163.0,82.8,50.0,69.0,72.5,1,0.6,0.8,6.0,22.0,8.0,2.0,32.0,17:05:00,/en/matches/8cc36332/Rennes-Marseille-March-17-2024-Ligue-1
FRA-Ligue 1,2324,Rennes,2024-03-31 Strasbourg-Rennes,2024-03-31,Matchweek 27,Sun,Away,L,0,2,Strasbourg,443.0,517.0,85.7,8215.0,2699.0,171.0,193.0,88.6,199.0,220.0,90.5,56.0,71.0,78.9,0,1.0,1.2,10.0,38.0,10.0,4.0,57.0,17:05:00,/en/matches/789f3720/Strasbourg-Rennes-March-31-2024-Ligue-1
FRA-Ligue 1,2324,Rennes,2024-04-07 Monaco-Rennes,2024-04-07,Matchweek 28,Sun,Away,L,0,1,Monaco,348.0,444.0,78.4,6729.0,2725.0,125.0,156.0,80.1,173.0,203.0,85.2,42.0,69.0,60.9,0,0.5,0.6,8.0,38.0,8.0,1.0,52.0,17:05:00,/en/matches/c0e30df7/Monaco-Rennes-April-7-2024-Ligue-1
FRA-Ligue 1,2324,Rennes,2024-04-13 Rennes-Toulouse,2024-04-13,Matchweek 29,Sat,Home,L,1,2,Toulouse,429.0,515.0,83.3,7907.0,2825.0,160.0,186.0,86.0,208.0,232.0,89.7,47.0,71.0,66.2,1,0.8,1.1,16.0,46.0,12.0,1.0,58.0,21:00:00,/en/matches/6eba535c/Rennes-Toulouse-April-13-2024-Ligue-1
FRA-Ligue 1,2324,Rennes,2024-04-20 Nantes-Rennes,2024-04-20,Matchweek 30,Sat,Away,W,3,0,Nantes,416.0,506.0,82.2,7715.0,2856.0,160.0,184.0,87.0,194.0,231.0,84.0,45.0,68.0,66.2,2,1.5,1.7,12.0,40.0,8.0,0.0,52.0,17:00:00,/en/matches/69006962/Nantes-Rennes-April-20-2024-Ligue-1
FRA-Ligue 1,2324,Rennes,2024-04-28 Rennes-Brest,2024-04-28,Matchweek 31,Sun,Home,L,4,5,Brest,328.0,408.0,80.4,6188.0,2337.0,124.0,140.0,88.6,145.0,170.0,85.3,43.0,70.0,61.4,3,1.0,0.6,14.0,46.0,10.0,1.0,55.0,17:05:00,/en/matches/1865787f/Rennes-Brest-April-28-2024-Ligue-1
FRA-Ligue 1,2324,Rennes,2024-05-04 Metz-Rennes,2024-05-04,Matchweek 32,Sat,Away,W,3,2,Metz,501.0,603.0,83.1,8478.0,3054.0,243.0,279.0,87.1,212.0,240.0,88.3,36.0,62.0,58.1,2,1.1,1.1,13.0,50.0,10.0,1.0,59.0,19:00:00,/en/matches/a299adab/Metz-Rennes-May-4-2024-Ligue-1
FRA-Ligue 1,2324,Rennes,2024-05-12 Rennes-Lens,2024-05-12,Matchweek 33,Sun,Home,D,1,1,Lens,501.0,588.0,85.2,8293.0,2914.0,243.0,258.0,94.2,195.0,220.0,88.6,40.0,80.0,50.0,1,2.0,1.2,13.0,32.0,12.0,3.0,41.0,21:00:00,/en/matches/c55b179e/Rennes-Lens-May-12-2024-Ligue-1
FRA-Ligue 1,2324,Rennes,2024-05-19 Reims-Rennes,2024-05-19,Matchweek 34,Sun,Away,L,1,2,Reims,550.0,640.0,85.9,10685.0,3582.0,180.0,217.0,82.9,280.0,304.0,92.1,76.0,94.0,80.9,0,0.9,1.2,8.0,66.0,13.0,1.0,87.0,21:00:00,/en/matches/94b311ad/Reims-Rennes-May-19-2024-Ligue-1
FRA-Ligue 1,2324,Strasbourg,2023-08-13 Strasbourg-Lyon,2023-08-13,Matchweek 1,Sun,Home,W,2,1,Lyon,252.0,347.0,72.6,4751.0,2097.0,100.0,125.0,80.0,109.0,132.0,82.6,30.0,65.0,46.2,1,1.2,0.9,5.0,22.0,2.0,0.0,24.0,20:45:00,/en/matches/9f7c605e/Strasbourg-Lyon-August-13-2023-Ligue-1
FRA-Ligue 1,2324,Strasbourg,2023-08-20 Monaco-Strasbourg,2023-08-20,Matchweek 2,Sun,Away,L,0,3,Monaco,373.0,469.0,79.5,6764.0,2542.0,146.0,168.0,86.9,181.0,210.0,86.2,37.0,71.0,52.1,0,0.5,0.5,3.0,32.0,2.0,1.0,38.0,19:00:00,/en/matches/f06d0bce/Monaco-Strasbourg-August-20-2023-Ligue-1
FRA-Ligue 1,2324,Strasbourg,2023-08-27 Strasbourg-Toulouse,2023-08-27,Matchweek 3,Sun,Home,W,2,0,Toulouse,316.0,395.0,80.0,6236.0,2301.0,107.0,124.0,86.3,162.0,185.0,87.6,42.0,75.0,56.0,2,2.6,1.3,9.0,18.0,7.0,4.0,22.0,15:00:00,/en/matches/0b508695/Strasbourg-Toulouse-August-27-2023-Ligue-1
FRA-Ligue 1,2324,Strasbourg,2023-09-03 Nice-Strasbourg,2023-09-03,Matchweek 4,Sun,Away,L,0,2,Nice,310.0,398.0,77.9,6210.0,1893.0,96.0,120.0,80.0,167.0,189.0,88.4,43.0,81.0,53.1,0,0.2,0.3,3.0,15.0,0.0,0.0,25.0,17:05:00,/en/matches/17e9722e/Nice-Strasbourg-September-3-2023-Ligue-1
FRA-Ligue 1,2324,Strasbourg,2023-09-17 Strasbourg-Montpellier,2023-09-17,Matchweek 5,Sun,Home,D,2,2,Montpellier,353.0,441.0,80.0,6694.0,2492.0,131.0,155.0,84.5,167.0,190.0,87.9,43.0,75.0,57.3,0,1.7,1.9,10.0,21.0,10.0,5.0,44.0,15:00:00,/en/matches/b04003c3/Strasbourg-Montpellier-September-17-2023-Ligue-1
FRA-Ligue 1,2324,Strasbourg,2023-09-24 Metz-Strasbourg,2023-09-24,Matchweek 6,Sun,Away,W,1,0,Metz,400.0,469.0,85.3,7404.0,2622.0,157.0,171.0,91.8,191.0,217.0,88.0,44.0,64.0,68.8,1,0.4,0.2,4.0,27.0,6.0,1.0,33.0,13:00:00,/en/matches/a5037d9e/Metz-Strasbourg-September-24-2023-Ligue-1
FRA-Ligue 1,2324,Strasbourg,2023-09-29 Strasbourg-Lens,2023-09-29,Matchweek 7,Fri,Home,L,0,1,Lens,434.0,525.0,82.7,8127.0,2360.0,151.0,177.0,85.3,239.0,265.0,90.2,38.0,72.0,52.8,0,0.3,0.5,8.0,17.0,6.0,0.0,37.0,21:00:00,/en/matches/0730708e/Strasbourg-Lens-September-29-2023-Ligue-1
FRA-Ligue 1,2324,Strasbourg,2023-10-06 Strasbourg-Nantes,2023-10-06,Matchweek 8,Fri,Home,L,1,2,Nantes,345.0,432.0,79.9,6894.0,2422.0,116.0,134.0,86.6,170.0,199.0,85.4,48.0,77.0,62.3,1,0.6,1.6,8.0,37.0,9.0,4.0,42.0,21:00:00,/en/matches/ac3cd65a/Strasbourg-Nantes-October-6-2023-Ligue-1
FRA-Ligue 1,2324,Strasbourg,2023-10-21 Paris S-G-Strasbourg,2023-10-21,Matchweek 9,Sat,Away,L,0,3,Paris S-G,190.0,269.0,70.6,3758.0,1698.0,82.0,98.0,83.7,65.0,92.0,70.7,35.0,65.0,53.8,0,0.4,0.4,7.0,16.0,3.0,2.0,17.0,17:00:00,/en/matches/28f09198/Paris-Saint-Germain-Strasbourg-October-21-2023-Ligue-1
FRA-Ligue 1,2324,Strasbourg,2023-10-29 Rennes-Strasbourg,2023-10-29,Matchweek 10,Sun,Away,D,1,1,Rennes,260.0,348.0,74.7,4648.0,1611.0,106.0,125.0,84.8,109.0,127.0,85.8,33.0,72.0,45.8,0,0.4,0.5,7.0,20.0,9.0,6.0,21.0,17:05:00,/en/matches/b35db4c8/Rennes-Strasbourg-October-29-2023-Ligue-1
FRA-Ligue 1,2324,Strasbourg,2023-11-05 Strasbourg-Clermont Foot,2023-11-05,Matchweek 11,Sun,Home,D,0,0,Clermont Foot,328.0,404.0,81.2,6910.0,2638.0,104.0,126.0,82.5,164.0,183.0,89.6,54.0,74.0,73.0,0,0.9,1.0,15.0,24.0,7.0,4.0,31.0,15:00:00,/en/matches/957c6924/Strasbourg-Clermont-Foot-November-5-2023-Ligue-1
FRA-Ligue 1,2324,Strasbourg,2023-11-25 Strasbourg-Marseille,2023-11-25,Matchweek 13,Sat,Home,D,1,1,Marseille,281.0,369.0,76.2,5315.0,2298.0,103.0,126.0,81.7,139.0,166.0,83.7,30.0,60.0,50.0,1,0.9,0.9,10.0,18.0,5.0,1.0,33.0,21:00:00,/en/matches/3d1a3c81/Strasbourg-Marseille-November-25-2023-Ligue-1
FRA-Ligue 1,2324,Strasbourg,2023-12-01 Reims-Strasbourg,2023-12-01,Matchweek 14,Fri,Away,L,1,2,Reims,416.0,523.0,79.5,7736.0,2530.0,173.0,205.0,84.4,179.0,210.0,85.2,53.0,88.0,60.2,0,0.9,0.7,7.0,28.0,5.0,1.0,40.0,21:00:00,/en/matches/ad372452/Reims-Strasbourg-December-1-2023-Ligue-1
FRA-Ligue 1,2324,Strasbourg,2023-12-07 Brest-Strasbourg,2023-12-07,Matchweek 12,Thu,Away,D,1,1,Brest,299.0,387.0,77.3,5830.0,2235.0,114.0,135.0,84.4,134.0,161.0,83.2,42.0,75.0,56.0,1,1.4,1.5,8.0,21.0,8.0,1.0,30.0,20:30:00,/en/matches/52a1fcfd/Brest-Strasbourg-December-7-2023-Ligue-1
FRA-Ligue 1,2324,Strasbourg,2023-12-10 Strasbourg-Le Havre,2023-12-10,Matchweek 15,Sun,Home,W,2,1,Le Havre,310.0,422.0,73.5,6181.0,2720.0,116.0,145.0,80.0,142.0,182.0,78.0,44.0,72.0,61.1,1,1.0,0.6,8.0,29.0,7.0,5.0,28.0,15:00:00,/en/matches/d15b44c5/Strasbourg-Le-Havre-December-10-2023-Ligue-1
FRA-Ligue 1,2324,Strasbourg,2023-12-17 Lorient-Strasbourg,2023-12-17,Matchweek 16,Sun,Away,W,2,1,Lorient,384.0,478.0,80.3,7302.0,2188.0,130.0,152.0,85.5,208.0,235.0,88.5,39.0,72.0,54.2,2,0.5,0.3,7.0,23.0,5.0,1.0,25.0,15:00:00,/en/matches/f3cfe34d/Lorient-Strasbourg-December-17-2023-Ligue-1
FRA-Ligue 1,2324,Strasbourg,2023-12-20 Strasbourg-Lille,2023-12-20,Matchweek 17,Wed,Home,W,2,1,Lille,212.0,292.0,72.6,4333.0,1582.0,71.0,91.0,78.0,102.0,124.0,82.3,34.0,67.0,50.7,1,0.8,0.7,8.0,16.0,9.0,2.0,28.0,21:00:00,/en/matches/df32fbe8/Strasbourg-Lille-December-20-2023-Ligue-1
FRA-Ligue 1,2324,Strasbourg,2024-01-12 Marseille-Strasbourg,2024-01-12,Matchweek 18,Fri,Away,D,1,1,Marseille,427.0,514.0,83.1,7425.0,2308.0,192.0,218.0,88.1,194.0,218.0,89.0,37.0,63.0,58.7,0,0.9,0.7,15.0,27.0,10.0,3.0,39.0,21:00:00,/en/matches/2a8b7749/Marseille-Strasbourg-January-12-2024-Ligue-1
FRA-Ligue 1,2324,Strasbourg,2024-01-28 Clermont Foot-Strasbourg,2024-01-28,Matchweek 19,Sun,Away,D,1,1,Clermont Foot,374.0,472.0,79.2,6660.0,2000.0,146.0,171.0,85.4,196.0,229.0,85.6,25.0,57.0,43.9,1,1.0,1.3,3.0,23.0,7.0,1.0,31.0,15:00:00,/en/matches/21b6f226/Clermont-Foot-Strasbourg-January-28-2024-Ligue-1
FRA-Ligue 1,2324,Strasbourg,2024-02-02 Strasbourg-Paris S-G,2024-02-02,Matchweek 20,Fri,Home,L,1,2,Paris S-G,294.0,380.0,77.4,5349.0,2006.0,121.0,147.0,82.3,134.0,158.0,84.8,30.0,55.0,54.5,1,2.6,1.8,18.0,21.0,9.0,4.0,38.0,21:00:00,/en/matches/c0fbd8fa/Strasbourg-Paris-Saint-Germain-February-2-2024-Ligue-1
FRA-Ligue 1,2324,Strasbourg,2024-02-10 Lens-Strasbourg,2024-02-10,Matchweek 21,Sat,Away,L,1,3,Lens,411.0,495.0,83.0,7735.0,2437.0,141.0,161.0,87.6,222.0,245.0,90.6,39.0,69.0,56.5,0,1.1,1.4,14.0,37.0,11.0,3.0,47.0,17:00:00,/en/matches/9635699e/Lens-Strasbourg-February-10-2024-Ligue-1
FRA-Ligue 1,2324,Strasbourg,2024-02-18 Strasbourg-Lorient,2024-02-18,Matchweek 22,Sun,Home,L,1,3,Lorient,552.0,665.0,83.0,10192.0,2817.0,211.0,236.0,89.4,263.0,299.0,88.0,61.0,93.0,65.6,1,1.5,1.4,15.0,57.0,15.0,2.0,67.0,13:00:00,/en/matches/ec531c24/Strasbourg-Lorient-February-18-2024-Ligue-1
FRA-Ligue 1,2324,Strasbourg,2024-02-24 Strasbourg-Brest,2024-02-24,Matchweek 23,Sat,Home,L,0,3,Brest,384.0,462.0,83.1,7357.0,2649.0,127.0,151.0,84.1,218.0,237.0,92.0,34.0,57.0,59.6,0,0.1,0.3,5.0,34.0,3.0,1.0,40.0,21:00:00,/en/matches/9c2847ab/Strasbourg-Brest-February-24-2024-Ligue-1
FRA-Ligue 1,2324,Strasbourg,2024-03-03 Montpellier-Strasbourg,2024-03-03,Matchweek 24,Sun,Away,D,2,2,Montpellier,280.0,386.0,72.5,5752.0,2238.0,100.0,126.0,79.4,131.0,159.0,82.4,46.0,89.0,51.7,1,0.9,0.6,10.0,24.0,8.0,1.0,30.0,15:00:00,/en/matches/e020afbf/Montpellier-Strasbourg-March-3-2024-Ligue-1
FRA-Ligue 1,2324,Strasbourg,2024-03-10 Strasbourg-Monaco,2024-03-10,Matchweek 25,Sun,Home,L,0,1,Monaco,210.0,313.0,67.1,4349.0,1684.0,58.0,71.0,81.7,120.0,150.0,80.0,29.0,81.0,35.8,0,0.2,0.4,4.0,13.0,4.0,1.0,23.0,15:00:00,/en/matches/9a8c884c/Strasbourg-Monaco-March-10-2024-Ligue-1
FRA-Ligue 1,2324,Strasbourg,2024-03-16 Nantes-Strasbourg,2024-03-16,Matchweek 26,Sat,Away,W,3,1,Nantes,217.0,303.0,71.6,3944.0,1453.0,91.0,103.0,88.3,87.0,110.0,79.1,27.0,71.0,38.0,3,1.9,0.7,9.0,14.0,5.0,1.0,20.0,17:00:00,/en/matches/9e18cf79/Nantes-Strasbourg-March-16-2024-Ligue-1
FRA-Ligue 1,2324,Strasbourg,2024-03-31 Strasbourg-Rennes,2024-03-31,Matchweek 27,Sun,Home,W,2,0,Rennes,284.0,356.0,79.8,5403.0,1970.0,107.0,129.0,82.9,141.0,154.0,91.6,30.0,59.0,50.8,1,2.0,1.3,10.0,11.0,7.0,0.0,24.0,17:05:00,/en/matches/789f3720/Strasbourg-Rennes-March-31-2024-Ligue-1
FRA-Ligue 1,2324,Strasbourg,2024-04-07 Toulouse-Strasbourg,2024-04-07,Matchweek 28,Sun,Away,D,0,0,Toulouse,482.0,575.0,83.8,8574.0,2733.0,194.0,215.0,90.2,249.0,277.0,89.9,31.0,66.0,47.0,0,0.4,0.4,6.0,29.0,4.0,1.0,24.0,15:00:00,/en/matches/919e3eb7/Toulouse-Strasbourg-April-7-2024-Ligue-1
FRA-Ligue 1,2324,Strasbourg,2024-04-13 Strasbourg-Reims,2024-04-13,Matchweek 29,Sat,Home,W,3,1,Reims,409.0,479.0,85.4,7278.0,2554.0,166.0,183.0,90.7,197.0,217.0,90.8,36.0,59.0,61.0,2,1.4,1.1,10.0,64.0,8.0,2.0,45.0,17:00:00,/en/matches/7b92b3c7/Strasbourg-Reims-April-13-2024-Ligue-1
FRA-Ligue 1,2324,Strasbourg,2024-04-21 Lille-Strasbourg,2024-04-21,Matchweek 30,Sun,Away,L,0,1,Lille,383.0,475.0,80.6,7028.0,2234.0,138.0,158.0,87.3,193.0,230.0,83.9,39.0,67.0,58.2,0,1.2,0.7,6.0,24.0,5.0,2.0,28.0,15:00:00,/en/matches/9511f4ab/Lille-Strasbourg-April-21-2024-Ligue-1
FRA-Ligue 1,2324,Strasbourg,2024-04-28 Strasbourg-Nice,2024-04-28,Matchweek 31,Sun,Home,L,1,3,Nice,441.0,520.0,84.8,7856.0,2209.0,196.0,210.0,93.3,186.0,208.0,89.4,50.0,86.0,58.1,0,0.3,0.5,9.0,23.0,4.0,3.0,31.0,15:00:00,/en/matches/a7951b3a/Strasbourg-Nice-April-28-2024-Ligue-1
FRA-Ligue 1,2324,Strasbourg,2024-05-04 Le Havre-Strasbourg,2024-05-04,Matchweek 32,Sat,Away,L,1,3,Le Havre,516.0,609.0,84.7,10006.0,3011.0,168.0,190.0,88.4,295.0,336.0,87.8,48.0,70.0,68.6,1,1.0,1.0,5.0,39.0,7.0,2.0,52.0,15:00:00,/en/matches/024a71c6/Le-Havre-Strasbourg-May-4-2024-Ligue-1
FRA-Ligue 1,2324,Strasbourg,2024-05-12 Strasbourg-Metz,2024-05-12,Matchweek 33,Sun,Home,W,2,1,Metz,616.0,701.0,87.9,10379.0,3431.0,282.0,301.0,93.7,275.0,309.0,89.0,40.0,66.0,60.6,1,0.7,1.1,8.0,53.0,8.0,2.0,58.0,21:00:00,/en/matches/2301c78f/Strasbourg-Metz-May-12-2024-Ligue-1
FRA-Ligue 1,2324,Strasbourg,2024-05-19 Lyon-Strasbourg,2024-05-19,Matchweek 34,Sun,Away,L,1,2,Lyon,278.0,358.0,77.7,5201.0,1834.0,115.0,139.0,82.7,134.0,158.0,84.8,24.0,50.0,48.0,1,0.2,0.4,6.0,26.0,3.0,0.0,37.0,21:00:00,/en/matches/9576a537/Lyon-Strasbourg-May-19-2024-Ligue-1
FRA-Ligue 1,2324,Toulouse,2023-08-13 Nantes-Toulouse,2023-08-13,Matchweek 1,Sun,Away,W,2,1,Nantes,516.0,618.0,83.5,9021.0,2688.0,221.0,257.0,86.0,237.0,262.0,90.5,46.0,73.0,63.0,2,1.1,1.0,8.0,42.0,7.0,1.0,37.0,15:00:00,/en/matches/1e12937d/Nantes-Toulouse-August-13-2023-Ligue-1
FRA-Ligue 1,2324,Toulouse,2023-08-19 Toulouse-Paris S-G,2023-08-19,Matchweek 2,Sat,Home,D,1,1,Paris S-G,185.0,257.0,72.0,3446.0,1712.0,81.0,92.0,88.0,73.0,96.0,76.0,26.0,56.0,46.4,0,0.3,0.2,5.0,12.0,4.0,1.0,20.0,21:00:00,/en/matches/fad8e14d/Toulouse-Paris-Saint-Germain-August-19-2023-Ligue-1
FRA-Ligue 1,2324,Toulouse,2023-08-27 Strasbourg-Toulouse,2023-08-27,Matchweek 3,Sun,Away,L,0,2,Strasbourg,504.0,615.0,82.0,9268.0,3034.0,179.0,207.0,86.5,255.0,286.0,89.2,50.0,77.0,64.9,0,0.3,0.4,6.0,31.0,10.0,3.0,59.0,15:00:00,/en/matches/0b508695/Strasbourg-Toulouse-August-27-2023-Ligue-1
FRA-Ligue 1,2324,Toulouse,2023-09-03 Toulouse-Clermont Foot,2023-09-03,Matchweek 4,Sun,Home,D,2,2,Clermont Foot,272.0,367.0,74.1,4934.0,1734.0,102.0,126.0,81.0,148.0,174.0,85.1,15.0,44.0,34.1,2,0.6,0.3,8.0,21.0,4.0,0.0,31.0,13:00:00,/en/matches/12bf8242/Toulouse-Clermont-Foot-September-3-2023-Ligue-1
FRA-Ligue 1,2324,Toulouse,2023-09-17 Marseille-Toulouse,2023-09-17,Matchweek 5,Sun,Away,D,0,0,Marseille,292.0,387.0,75.5,5256.0,2139.0,138.0,166.0,83.1,103.0,130.0,79.2,40.0,65.0,61.5,0,0.7,1.1,8.0,20.0,7.0,2.0,26.0,17:05:00,/en/matches/195b7636/Marseille-Toulouse-September-17-2023-Ligue-1
FRA-Ligue 1,2324,Toulouse,2023-09-24 Lens-Toulouse,2023-09-24,Matchweek 6,Sun,Away,L,1,2,Lens,283.0,384.0,73.7,5094.0,2443.0,132.0,167.0,79.0,118.0,145.0,81.4,28.0,54.0,51.9,1,0.3,0.2,4.0,14.0,3.0,0.0,24.0,15:00:00,/en/matches/2e47fd82/Lens-Toulouse-September-24-2023-Ligue-1
FRA-Ligue 1,2324,Toulouse,2023-10-01 Toulouse-Metz,2023-10-01,Matchweek 7,Sun,Home,W,3,0,Metz,580.0,668.0,86.8,9126.0,3099.0,296.0,325.0,91.1,223.0,239.0,93.3,36.0,61.0,59.0,3,1.1,2.3,12.0,41.0,11.0,1.0,52.0,15:00:00,/en/matches/9baac3cb/Toulouse-Metz-October-1-2023-Ligue-1
FRA-Ligue 1,2324,Toulouse,2023-10-08 Brest-Toulouse,2023-10-08,Matchweek 8,Sun,Away,D,1,1,Brest,314.0,416.0,75.5,5897.0,2673.0,113.0,146.0,77.4,153.0,182.0,84.1,38.0,64.0,59.4,1,1.1,1.0,8.0,30.0,10.0,1.0,36.0,15:00:00,/en/matches/f41980c3/Brest-Toulouse-October-8-2023-Ligue-1
FRA-Ligue 1,2324,Toulouse,2023-10-22 Toulouse-Reims,2023-10-22,Matchweek 9,Sun,Home,D,1,1,Reims,375.0,477.0,78.6,6619.0,2261.0,180.0,205.0,87.8,150.0,186.0,80.6,40.0,72.0,55.6,1,0.7,0.5,9.0,24.0,6.0,1.0,36.0,15:00:00,/en/matches/f0a8c67d/Toulouse-Reims-October-22-2023-Ligue-1
FRA-Ligue 1,2324,Toulouse,2023-10-29 Montpellier-Toulouse,2023-10-29,Matchweek 10,Sun,Away,L,0,3,Montpellier,488.0,609.0,80.1,8472.0,2972.0,218.0,252.0,86.5,218.0,255.0,85.5,38.0,66.0,57.6,0,0.7,0.9,12.0,51.0,4.0,0.0,62.0,15:00:00,/en/matches/c7788081/Montpellier-Toulouse-October-29-2023-Ligue-1
FRA-Ligue 1,2324,Toulouse,2023-11-05 Toulouse-Le Havre,2023-11-05,Matchweek 11,Sun,Home,L,1,2,Le Havre,406.0,502.0,80.9,7456.0,2684.0,156.0,187.0,83.4,193.0,230.0,83.9,44.0,63.0,69.8,1,1.7,1.0,13.0,26.0,8.0,2.0,47.0,15:00:00,/en/matches/f7d3c634/Toulouse-Le-Havre-November-5-2023-Ligue-1
FRA-Ligue 1,2324,Toulouse,2023-11-12 Lille-Toulouse,2023-11-12,Matchweek 12,Sun,Away,D,1,1,Lille,288.0,383.0,75.2,5372.0,1867.0,108.0,139.0,77.7,138.0,161.0,85.7,34.0,60.0,56.7,1,0.1,0.3,1.0,13.0,3.0,0.0,31.0,15:00:00,/en/matches/f0f7d5b7/Lille-Toulouse-November-12-2023-Ligue-1
FRA-Ligue 1,2324,Toulouse,2023-11-26 Nice-Toulouse,2023-11-26,Matchweek 13,Sun,Away,L,0,1,Nice,423.0,511.0,82.8,7561.0,2274.0,177.0,198.0,89.4,202.0,224.0,90.2,34.0,59.0,57.6,0,0.7,1.0,12.0,41.0,13.0,5.0,48.0,13:00:00,/en/matches/69ee1012/Nice-Toulouse-November-26-2023-Ligue-1
FRA-Ligue 1,2324,Toulouse,2023-12-03 Toulouse-Lorient,2023-12-03,Matchweek 14,Sun,Home,D,1,1,Lorient,420.0,509.0,82.5,7329.0,2769.0,196.0,226.0,86.7,161.0,189.0,85.2,46.0,65.0,70.8,1,1.0,1.2,10.0,51.0,8.0,1.0,54.0,15:00:00,/en/matches/50bf0584/Toulouse-Lorient-December-3-2023-Ligue-1
FRA-Ligue 1,2324,Toulouse,2023-12-10 Lyon-Toulouse,2023-12-10,Matchweek 15,Sun,Away,L,0,3,Lyon,450.0,537.0,83.8,8324.0,2732.0,176.0,203.0,86.7,229.0,257.0,89.1,39.0,63.0,61.9,0,0.6,1.1,11.0,54.0,10.0,2.0,53.0,17:05:00,/en/matches/015e7632/Lyon-Toulouse-December-10-2023-Ligue-1
FRA-Ligue 1,2324,Toulouse,2023-12-17 Toulouse-Rennes,2023-12-17,Matchweek 16,Sun,Home,D,0,0,Rennes,369.0,478.0,77.2,6157.0,2440.0,184.0,210.0,87.6,146.0,184.0,79.3,30.0,59.0,50.8,0,0.7,1.0,11.0,32.0,7.0,0.0,38.0,15:00:00,/en/matches/8197fd69/Toulouse-Rennes-December-17-2023-Ligue-1
FRA-Ligue 1,2324,Toulouse,2023-12-20 Toulouse-Monaco,2023-12-20,Matchweek 17,Wed,Home,L,1,2,Monaco,479.0,590.0,81.2,8456.0,2673.0,220.0,242.0,90.9,206.0,253.0,81.4,48.0,84.0,57.1,1,1.2,1.7,15.0,40.0,12.0,8.0,57.0,21:00:00,/en/matches/81c83fe9/Toulouse-Monaco-December-20-2023-Ligue-1
FRA-Ligue 1,2324,Toulouse,2024-01-14 Metz-Toulouse,2024-01-14,Matchweek 18,Sun,Away,W,1,0,Metz,458.0,554.0,82.7,7553.0,2565.0,216.0,248.0,87.1,201.0,226.0,88.9,32.0,52.0,61.5,0,0.1,0.5,2.0,26.0,7.0,2.0,46.0,15:00:00,/en/matches/926b0a14/Metz-Toulouse-January-14-2024-Ligue-1
FRA-Ligue 1,2324,Toulouse,2024-01-28 Toulouse-Lens,2024-01-28,Matchweek 19,Sun,Home,L,0,2,Lens,404.0,508.0,79.5,7512.0,2319.0,142.0,173.0,82.1,214.0,239.0,89.5,38.0,71.0,53.5,0,0.8,0.7,9.0,23.0,10.0,3.0,39.0,17:05:00,/en/matches/678c2976/Toulouse-Lens-January-28-2024-Ligue-1
FRA-Ligue 1,2324,Toulouse,2024-02-04 Reims-Toulouse,2024-02-04,Matchweek 20,Sun,Away,W,3,2,Reims,253.0,345.0,73.3,4749.0,1977.0,92.0,112.0,82.1,121.0,146.0,82.9,30.0,63.0,47.6,0,0.2,0.4,4.0,23.0,7.0,0.0,29.0,15:00:00,/en/matches/25718ab1/Reims-Toulouse-February-4-2024-Ligue-1
FRA-Ligue 1,2324,Toulouse,2024-02-11 Toulouse-Nantes,2024-02-11,Matchweek 21,Sun,Home,L,1,2,Nantes,557.0,691.0,80.6,9876.0,3138.0,234.0,278.0,84.2,262.0,304.0,86.2,50.0,84.0,59.5,1,0.6,1.2,8.0,58.0,14.0,6.0,79.0,15:00:00,/en/matches/e6caf939/Toulouse-Nantes-February-11-2024-Ligue-1
FRA-Ligue 1,2324,Toulouse,2024-02-18 Monaco-Toulouse,2024-02-18,Matchweek 22,Sun,Away,W,2,1,Monaco,230.0,339.0,67.8,4236.0,1824.0,111.0,137.0,81.0,82.0,117.0,70.1,31.0,65.0,47.7,0,1.0,0.9,10.0,16.0,6.0,2.0,25.0,15:00:00,/en/matches/57c599f6/Monaco-Toulouse-February-18-2024-Ligue-1
FRA-Ligue 1,2324,Toulouse,2024-02-25 Toulouse-Lille,2024-02-25,Matchweek 23,Sun,Home,W,3,1,Lille,236.0,319.0,74.0,4723.0,1805.0,76.0,94.0,80.9,128.0,156.0,82.1,28.0,62.0,45.2,2,1.2,1.2,11.0,16.0,6.0,2.0,28.0,15:00:00,/en/matches/a07309bd/Toulouse-Lille-February-25-2024-Ligue-1
FRA-Ligue 1,2324,Toulouse,2024-03-03 Toulouse-Nice,2024-03-03,Matchweek 24,Sun,Home,W,2,1,Nice,354.0,445.0,79.6,6359.0,1950.0,150.0,165.0,90.9,157.0,180.0,87.2,37.0,79.0,46.8,2,1.3,1.2,10.0,31.0,8.0,2.0,41.0,13:00:00,/en/matches/2269add3/Toulouse-Nice-March-3-2024-Ligue-1
FRA-Ligue 1,2324,Toulouse,2024-03-10 Le Havre-Toulouse,2024-03-10,Matchweek 25,Sun,Away,L,0,1,Le Havre,355.0,458.0,77.5,6582.0,2369.0,146.0,176.0,83.0,161.0,190.0,84.7,41.0,72.0,56.9,0,0.2,0.5,4.0,32.0,4.0,1.0,35.0,15:00:00,/en/matches/3957eebd/Le-Havre-Toulouse-March-10-2024-Ligue-1
FRA-Ligue 1,2324,Toulouse,2024-03-15 Toulouse-Lyon,2024-03-15,Matchweek 26,Fri,Home,L,2,3,Lyon,410.0,491.0,83.5,7223.0,2612.0,176.0,197.0,89.3,181.0,211.0,85.8,41.0,60.0,68.3,1,1.3,1.6,9.0,51.0,8.0,2.0,52.0,21:00:00,/en/matches/863ee181/Toulouse-Lyon-March-15-2024-Ligue-1
FRA-Ligue 1,2324,Toulouse,2024-03-31 Clermont Foot-Toulouse,2024-03-31,Matchweek 27,Sun,Away,W,3,0,Clermont Foot,376.0,474.0,79.3,6529.0,2570.0,170.0,199.0,85.4,158.0,186.0,84.9,37.0,67.0,55.2,2,0.9,0.6,9.0,33.0,8.0,2.0,37.0,15:00:00,/en/matches/bfe740ac/Clermont-Foot-Toulouse-March-31-2024-Ligue-1
FRA-Ligue 1,2324,Toulouse,2024-04-07 Toulouse-Strasbourg,2024-04-07,Matchweek 28,Sun,Home,D,0,0,Strasbourg,448.0,535.0,83.7,7689.0,2829.0,175.0,207.0,84.5,226.0,252.0,89.7,29.0,45.0,64.4,0,0.9,0.9,10.0,33.0,5.0,2.0,43.0,15:00:00,/en/matches/919e3eb7/Toulouse-Strasbourg-April-7-2024-Ligue-1
FRA-Ligue 1,2324,Toulouse,2024-04-13 Rennes-Toulouse,2024-04-13,Matchweek 29,Sat,Away,W,2,1,Rennes,324.0,420.0,77.1,6006.0,2152.0,134.0,151.0,88.7,153.0,174.0,87.9,31.0,76.0,40.8,1,0.4,1.0,7.0,11.0,6.0,0.0,25.0,21:00:00,/en/matches/6eba535c/Rennes-Toulouse-April-13-2024-Ligue-1
FRA-Ligue 1,2324,Toulouse,2024-04-21 Toulouse-Marseille,2024-04-21,Matchweek 30,Sun,Home,D,2,2,Marseille,372.0,463.0,80.3,6353.0,2211.0,172.0,200.0,86.0,162.0,189.0,85.7,26.0,47.0,55.3,2,0.5,0.6,10.0,24.0,5.0,0.0,33.0,19:00:00,/en/matches/05f7968b/Toulouse-Marseille-April-21-2024-Ligue-1
FRA-Ligue 1,2324,Toulouse,2024-04-28 Lorient-Toulouse,2024-04-28,Matchweek 31,Sun,Away,W,2,1,Lorient,378.0,457.0,82.7,6881.0,2234.0,145.0,164.0,88.4,189.0,210.0,90.0,35.0,64.0,54.7,1,1.1,1.2,12.0,26.0,9.0,3.0,38.0,15:00:00,/en/matches/666bdb51/Lorient-Toulouse-April-28-2024-Ligue-1
FRA-Ligue 1,2324,Toulouse,2024-05-03 Toulouse-Montpellier,2024-05-03,Matchweek 32,Fri,Home,L,1,2,Montpellier,477.0,583.0,81.8,8582.0,3097.0,206.0,238.0,86.6,208.0,236.0,88.1,50.0,77.0,64.9,1,0.7,1.2,11.0,51.0,15.0,4.0,63.0,19:00:00,/en/matches/33eeaf12/Toulouse-Montpellier-May-3-2024-Ligue-1
FRA-Ligue 1,2324,Toulouse,2024-05-12 Paris S-G-Toulouse,2024-05-12,Matchweek 33,Sun,Away,W,3,1,Paris S-G,303.0,382.0,79.3,5238.0,2104.0,146.0,166.0,88.0,121.0,142.0,85.2,26.0,56.0,46.4,3,1.4,1.4,14.0,31.0,8.0,1.0,47.0,21:00:00,/en/matches/e8fcc39b/Paris-Saint-Germain-Toulouse-May-12-2024-Ligue-1
FRA-Ligue 1,2324,Toulouse,2024-05-19 Toulouse-Brest,2024-05-19,Matchweek 34,Sun,Home,L,0,3,Brest,435.0,532.0,81.8,7857.0,2919.0,203.0,227.0,89.4,183.0,213.0,85.9,45.0,70.0,64.3,0,0.9,0.6,8.0,29.0,6.0,0.0,34.0,21:00:00,/en/matches/0c59eeac/Toulouse-Brest-May-19-2024-Ligue-1
FRA-Ligue 1,2425,Angers,2024-08-18 Angers-Lens,2024-08-18,Matchweek 1,Sun,Home,L,0,1,Lens,285.0,400.0,71.3,4890.0,2119.0,135.0,165.0,81.8,106.0,135.0,78.5,31.0,70.0,44.3,0,0.3,0.5,4.0,23.0,8.0,3.0,27.0,17:00:00,/en/matches/cabadc94/Angers-Lens-August-18-2024-Ligue-1
FRA-Ligue 1,2425,Angers,2024-08-24 Lille-Angers,2024-08-24,Matchweek 2,Sat,Away,L,0,2,Lille,285.0,361.0,78.9,4732.0,1869.0,146.0,161.0,90.7,111.0,123.0,90.2,22.0,52.0,42.3,0,0.5,0.2,4.0,19.0,3.0,2.0,18.0,19:00:00,/en/matches/70fdbb5a/Lille-Angers-August-24-2024-Ligue-1
FRA-Ligue 1,2425,Angers,2024-09-01 Angers-Nice,2024-09-01,Matchweek 3,Sun,Home,L,1,4,Nice,406.0,488.0,83.2,6787.0,2161.0,199.0,215.0,92.6,175.0,194.0,90.2,26.0,57.0,45.6,0,0.6,0.8,12.0,36.0,10.0,1.0,53.0,17:00:00,/en/matches/97e962bb/Angers-Nice-September-1-2024-Ligue-1
FRA-Ligue 1,2425,Angers,2024-09-15 Strasbourg-Angers,2024-09-15,Matchweek 4,Sun,Away,D,1,1,Strasbourg,376.0,475.0,79.2,6390.0,2124.0,175.0,199.0,87.9,160.0,194.0,82.5,30.0,55.0,54.5,1,0.8,0.9,9.0,24.0,7.0,3.0,32.0,17:00:00,/en/matches/06ecf73c/Strasbourg-Angers-September-15-2024-Ligue-1
FRA-Ligue 1,2425,Angers,2024-09-22 Angers-Nantes,2024-09-22,Matchweek 5,Sun,Home,D,1,1,Nantes,429.0,520.0,82.5,6950.0,2632.0,217.0,240.0,90.4,173.0,205.0,84.4,29.0,59.0,49.2,0,0.0,0.3,1.0,28.0,4.0,1.0,32.0,17:00:00,/en/matches/601ddfc9/Angers-Nantes-September-22-2024-Ligue-1
FRA-Ligue 1,2425,Angers,2024-09-29 Angers-Reims,2024-09-29,Matchweek 6,Sun,Home,L,1,3,Reims,446.0,545.0,81.8,7986.0,3025.0,179.0,206.0,86.9,231.0,269.0,85.9,34.0,57.0,59.6,1,1.0,1.0,10.0,35.0,4.0,0.0,46.0,17:00:00,/en/matches/1ea5cb30/Angers-Reims-September-29-2024-Ligue-1
FRA-Ligue 1,2425,Angers,2024-10-04 Marseille-Angers,2024-10-04,Matchweek 7,Fri,Away,D,1,1,Marseille,194.0,247.0,78.5,3548.0,1495.0,91.0,96.0,94.8,79.0,94.0,84.0,22.0,47.0,46.8,0,0.7,0.5,6.0,16.0,4.0,1.0,15.0,20:45:00,/en/matches/c2dcc859/Marseille-Angers-October-4-2024-Ligue-1
FRA-Ligue 1,2425,Angers,2024-10-20 Toulouse-Angers,2024-10-20,Matchweek 8,Sun,Away,D,1,1,Toulouse,214.0,314.0,68.2,3962.0,1663.0,91.0,112.0,81.3,102.0,135.0,75.6,20.0,60.0,33.3,1,0.6,0.6,6.0,14.0,5.0,3.0,27.0,17:00:00,/en/matches/92f559ad/Toulouse-Angers-October-20-2024-Ligue-1
FRA-Ligue 1,2425,Angers,2024-10-26 Angers-Saint-Étienne,2024-10-26,Matchweek 9,Sat,Home,W,4,2,Saint-Étienne,342.0,436.0,78.4,5749.0,2278.0,163.0,187.0,87.2,136.0,158.0,86.1,30.0,61.0,49.2,1,1.1,0.3,7.0,18.0,3.0,1.0,25.0,17:00:00,/en/matches/61752f42/Angers-Saint-Etienne-October-26-2024-Ligue-1
FRA-Ligue 1,2425,Angers,2024-11-01 Monaco-Angers,2024-11-01,Matchweek 10,Fri,Away,W,1,0,Monaco,255.0,353.0,72.2,4064.0,1906.0,139.0,158.0,88.0,90.0,127.0,70.9,18.0,46.0,39.1,1,0.3,0.4,8.0,15.0,4.0,1.0,18.0,19:00:00,/en/matches/3e5f7440/Monaco-Angers-November-1-2024-Ligue-1
FRA-Ligue 1,2425,Angers,2024-11-09 Angers-Paris S-G,2024-11-09,Matchweek 11,Sat,Home,L,2,4,Paris S-G,285.0,357.0,79.8,5030.0,2179.0,129.0,151.0,85.4,106.0,123.0,86.2,35.0,56.0,62.5,2,0.9,1.1,8.0,16.0,11.0,4.0,24.0,21:00:00,/en/matches/ddf738c4/Angers-Paris-Saint-Germain-November-9-2024-Ligue-1
FRA-Ligue 1,2425,Angers,2024-11-24 Auxerre-Angers,2024-11-24,Matchweek 12,Sun,Away,L,0,1,Auxerre,437.0,537.0,81.4,8107.0,3059.0,181.0,212.0,85.4,218.0,245.0,89.0,36.0,71.0,50.7,0,0.7,1.0,8.0,25.0,5.0,2.0,30.0,17:00:00,/en/matches/b1dbd309/Auxerre-Angers-November-24-2024-Ligue-1
FRA-Ligue 1,2425,Angers,2024-12-01 Le Havre-Angers,2024-12-01,Matchweek 13,Sun,Away,W,1,0,Le Havre,365.0,436.0,83.7,6743.0,2235.0,137.0,157.0,87.3,186.0,207.0,89.9,36.0,56.0,64.3,1,1.8,1.1,10.0,24.0,7.0,2.0,33.0,17:00:00,/en/matches/b9d2f3b2/Le-Havre-Angers-December-1-2024-Ligue-1
FRA-Ligue 1,2425,Angers,2024-12-07 Angers-Lyon,2024-12-07,Matchweek 14,Sat,Home,L,0,3,Lyon,289.0,364.0,79.4,4715.0,1717.0,139.0,156.0,89.1,120.0,146.0,82.2,19.0,38.0,50.0,0,0.5,0.8,6.0,21.0,7.0,2.0,30.0,21:00:00,/en/matches/8f5cb172/Angers-Lyon-December-7-2024-Ligue-1
FRA-Ligue 1,2425,Angers,2024-12-15 Rennes-Angers,2024-12-15,Matchweek 15,Sun,Away,L,0,2,Rennes,477.0,577.0,82.7,8519.0,3029.0,213.0,234.0,91.0,216.0,244.0,88.5,43.0,80.0,53.8,0,0.4,0.8,3.0,37.0,6.0,4.0,30.0,17:00:00,/en/matches/fae57b16/Rennes-Angers-December-15-2024-Ligue-1
FRA-Ligue 1,2425,Angers,2025-01-05 Angers-Brest,2025-01-05,Matchweek 16,Sun,Home,W,2,0,Brest,280.0,374.0,74.9,5284.0,2316.0,125.0,147.0,85.0,108.0,129.0,83.7,39.0,72.0,54.2,2,1.5,0.9,6.0,22.0,8.0,1.0,35.0,15:00:00,/en/matches/be2eba6e/Angers-Brest-January-5-2025-Ligue-1
FRA-Ligue 1,2425,Angers,2025-01-12 Montpellier-Angers,2025-01-12,Matchweek 17,Sun,Away,W,3,1,Montpellier,325.0,402.0,80.8,5436.0,2250.0,151.0,170.0,88.8,130.0,156.0,83.3,31.0,50.0,62.0,2,3.1,1.9,13.0,26.0,7.0,2.0,35.0,17:15:00,/en/matches/1184c4fd/Montpellier-Angers-January-12-2025-Ligue-1
FRA-Ligue 1,2425,Angers,2025-01-19 Angers-Auxerre,2025-01-19,Matchweek 18,Sun,Home,W,2,0,Auxerre,422.0,504.0,83.7,7201.0,2614.0,203.0,217.0,93.5,172.0,199.0,86.4,36.0,59.0,61.0,1,0.7,0.6,7.0,30.0,7.0,4.0,32.0,17:15:00,/en/matches/7419fbdf/Angers-Auxerre-January-19-2025-Ligue-1
FRA-Ligue 1,2425,Angers,2025-01-26 Lens-Angers,2025-01-26,Matchweek 19,Sun,Away,L,0,1,Lens,254.0,364.0,69.8,4103.0,1742.0,127.0,157.0,80.9,102.0,127.0,80.3,16.0,46.0,34.8,0,0.1,0.1,1.0,9.0,2.0,0.0,16.0,17:15:00,/en/matches/5026986a/Lens-Angers-January-26-2025-Ligue-1
FRA-Ligue 1,2425,Angers,2025-02-02 Angers-Le Havre,2025-02-02,Matchweek 20,Sun,Home,D,1,1,Le Havre,483.0,553.0,87.3,8338.0,2330.0,217.0,227.0,95.6,226.0,255.0,88.6,30.0,49.0,61.2,1,1.2,0.9,13.0,42.0,10.0,4.0,49.0,17:15:00,/en/matches/dc2dc241/Angers-Le-Havre-February-2-2025-Ligue-1
FRA-Ligue 1,2425,Angers,2025-02-09 Angers-Marseille,2025-02-09,Matchweek 21,Sun,Home,L,0,2,Marseille,194.0,271.0,71.6,3315.0,1357.0,90.0,102.0,88.2,71.0,92.0,77.2,25.0,52.0,48.1,0,0.2,0.4,3.0,10.0,2.0,1.0,9.0,20:45:00,/en/matches/64ab3386/Angers-Marseille-February-9-2025-Ligue-1
FRA-Ligue 1,2425,Angers,2025-02-16 Reims-Angers,2025-02-16,Matchweek 22,Sun,Away,W,1,0,Reims,238.0,342.0,69.6,4151.0,1881.0,108.0,134.0,80.6,108.0,135.0,80.0,18.0,59.0,30.5,0,1.5,1.3,8.0,23.0,8.0,2.0,24.0,17:15:00,/en/matches/bc4d9e67/Reims-Angers-February-16-2025-Ligue-1
FRA-Ligue 1,2425,Angers,2025-02-22 Saint-Étienne-Angers,2025-02-22,Matchweek 23,Sat,Away,D,3,3,Saint-Étienne,297.0,392.0,75.8,5724.0,2448.0,126.0,151.0,83.4,127.0,154.0,82.5,41.0,69.0,59.4,0,0.8,0.5,7.0,19.0,7.0,3.0,25.0,19:00:00,/en/matches/80854674/Saint-Etienne-Angers-February-22-2025-Ligue-1
FRA-Ligue 1,2425,Angers,2025-03-02 Angers-Toulouse,2025-03-02,Matchweek 24,Sun,Home,L,0,4,Toulouse,317.0,410.0,77.3,5517.0,1884.0,132.0,155.0,85.2,139.0,163.0,85.3,31.0,67.0,46.3,0,0.3,0.2,3.0,20.0,5.0,1.0,22.0,17:15:00,/en/matches/d9b255ac/Angers-Toulouse-March-2-2025-Ligue-1
FRA-Ligue 1,2425,Angers,2025-03-09 Brest-Angers,2025-03-09,Matchweek 25,Sun,Away,L,0,2,Brest,389.0,479.0,81.2,7146.0,2377.0,152.0,167.0,91.0,193.0,218.0,88.5,39.0,73.0,53.4,0,0.3,0.5,5.0,26.0,7.0,3.0,31.0,15:00:00,/en/matches/0723e59a/Brest-Angers-March-9-2025-Ligue-1
FRA-Ligue 1,2425,Angers,2025-03-15 Angers-Monaco,2025-03-15,Matchweek 26,Sat,Home,L,0,2,Monaco,358.0,461.0,77.7,6146.0,2490.0,173.0,193.0,89.6,152.0,180.0,84.4,27.0,61.0,44.3,0,0.4,0.4,4.0,26.0,5.0,2.0,28.0,19:00:00,/en/matches/ccd56c5d/Angers-Monaco-March-15-2025-Ligue-1
FRA-Ligue 1,2425,Angers,2025-03-30 Angers-Rennes,2025-03-30,Matchweek 27,Sun,Home,L,0,3,Rennes,374.0,468.0,79.9,6788.0,2234.0,162.0,179.0,90.5,162.0,192.0,84.4,43.0,74.0,58.1,0,1.0,0.9,8.0,28.0,10.0,2.0,36.0,17:15:00,/en/matches/ea71bfda/Angers-Rennes-March-30-2025-Ligue-1
FRA-Ligue 1,2425,Angers,2025-04-05 Paris S-G-Angers,2025-04-05,Matchweek 28,Sat,Away,L,0,1,Paris S-G,171.0,232.0,73.7,3096.0,1816.0,81.0,95.0,85.3,54.0,66.0,81.8,24.0,49.0,49.0,0,0.2,0.6,3.0,8.0,4.0,1.0,12.0,17:00:00,/en/matches/85f4be0a/Paris-Saint-Germain-Angers-April-5-2025-Ligue-1
FRA-Ligue 1,2425,Angers,2025-04-13 Angers-Montpellier,2025-04-13,Matchweek 29,Sun,Home,W,2,0,Montpellier,323.0,399.0,81.0,6017.0,2215.0,128.0,143.0,89.5,161.0,186.0,86.6,29.0,48.0,60.4,1,0.4,0.9,6.0,21.0,9.0,2.0,27.0,17:15:00,/en/matches/47a1a48a/Angers-Montpellier-April-13-2025-Ligue-1
FRA-Ligue 1,2425,Angers,2025-04-20 Nice-Angers,2025-04-20,Matchweek 30,Sun,Away,L,1,2,Nice,426.0,520.0,81.9,7923.0,2506.0,161.0,181.0,89.0,220.0,240.0,91.7,35.0,75.0,46.7,0,0.2,0.3,2.0,27.0,2.0,1.0,22.0,17:15:00,/en/matches/44e5cf44/Nice-Angers-April-20-2025-Ligue-1
FRA-Ligue 1,2425,Angers,2025-04-27 Angers-Lille,2025-04-27,Matchweek 31,Sun,Home,L,0,2,Lille,260.0,349.0,74.5,4839.0,1790.0,104.0,118.0,88.1,118.0,144.0,81.9,31.0,69.0,44.9,0,0.1,1.0,4.0,20.0,4.0,1.0,25.0,15:00:00,/en/matches/af631621/Angers-Lille-April-27-2025-Ligue-1
FRA-Ligue 1,2425,Angers,2025-05-04 Nantes-Angers,2025-05-04,Matchweek 32,Sun,Away,W,1,0,Nantes,337.0,425.0,79.3,6010.0,2440.0,158.0,175.0,90.3,130.0,146.0,89.0,40.0,74.0,54.1,1,0.7,0.4,9.0,24.0,4.0,0.0,31.0,15:00:00,/en/matches/e467e10c/Nantes-Angers-May-4-2025-Ligue-1
FRA-Ligue 1,2425,Angers,2025-05-10 Angers-Strasbourg,2025-05-10,Matchweek 33,Sat,Home,W,2,1,Strasbourg,223.0,304.0,73.4,4072.0,1297.0,93.0,100.0,93.0,98.0,109.0,89.9,24.0,68.0,35.3,1,0.5,0.4,4.0,12.0,4.0,1.0,22.0,21:00:00,/en/matches/fafe26a4/Angers-Strasbourg-May-10-2025-Ligue-1
FRA-Ligue 1,2425,Angers,2025-05-17 Lyon-Angers,2025-05-17,Matchweek 34,Sat,Away,L,0,2,Lyon,326.0,398.0,81.9,6006.0,1969.0,145.0,164.0,88.4,148.0,166.0,89.2,32.0,64.0,50.0,0,0.3,0.5,8.0,33.0,7.0,2.0,32.0,21:00:00,/en/matches/5042cc91/Lyon-Angers-May-17-2025-Ligue-1
FRA-Ligue 1,2425,Auxerre,2024-08-18 Auxerre-Nice,2024-08-18,Matchweek 1,Sun,Home,W,2,1,Nice,364.0,441.0,82.5,7090.0,2867.0,148.0,169.0,87.6,159.0,178.0,89.3,51.0,77.0,66.2,2,1.8,1.6,14.0,24.0,9.0,4.0,38.0,15:00:00,/en/matches/18a24a50/Auxerre-Nice-August-18-2024-Ligue-1
FRA-Ligue 1,2425,Auxerre,2024-08-25 Nantes-Auxerre,2024-08-25,Matchweek 2,Sun,Away,L,0,2,Nantes,498.0,615.0,81.0,8794.0,2986.0,214.0,248.0,86.3,229.0,260.0,88.1,42.0,76.0,55.3,0,1.1,1.3,9.0,30.0,7.0,2.0,45.0,17:00:00,/en/matches/57fe0d50/Nantes-Auxerre-August-25-2024-Ligue-1
FRA-Ligue 1,2425,Auxerre,2024-09-01 Le Havre-Auxerre,2024-09-01,Matchweek 3,Sun,Away,L,1,3,Le Havre,402.0,487.0,82.5,7033.0,2183.0,158.0,171.0,92.4,203.0,220.0,92.3,29.0,69.0,42.0,0,0.5,0.3,5.0,24.0,2.0,0.0,34.0,17:00:00,/en/matches/3bc2668a/Le-Havre-Auxerre-September-1-2024-Ligue-1
FRA-Ligue 1,2425,Auxerre,2024-09-14 Auxerre-Monaco,2024-09-14,Matchweek 4,Sat,Home,L,0,3,Monaco,339.0,440.0,77.0,5785.0,2317.0,158.0,179.0,88.3,133.0,161.0,82.6,34.0,66.0,51.5,0,0.4,0.5,8.0,32.0,8.0,1.0,49.0,19:00:00,/en/matches/b4fb60b5/Auxerre-Monaco-September-14-2024-Ligue-1
FRA-Ligue 1,2425,Auxerre,2024-09-22 Montpellier-Auxerre,2024-09-22,Matchweek 5,Sun,Away,L,2,3,Montpellier,319.0,410.0,77.8,5754.0,2189.0,150.0,172.0,87.2,128.0,150.0,85.3,35.0,69.0,50.7,1,0.9,0.9,10.0,29.0,9.0,6.0,37.0,17:00:00,/en/matches/ac95cb33/Montpellier-Auxerre-September-22-2024-Ligue-1
FRA-Ligue 1,2425,Auxerre,2024-09-27 Auxerre-Brest,2024-09-27,Matchweek 6,Fri,Home,W,3,0,Brest,233.0,347.0,67.1,4514.0,2228.0,100.0,129.0,77.5,96.0,124.0,77.4,30.0,71.0,42.3,2,1.7,1.0,11.0,25.0,10.0,5.0,40.0,19:00:00,/en/matches/8c59509d/Auxerre-Brest-September-27-2024-Ligue-1
FRA-Ligue 1,2425,Auxerre,2024-10-05 Saint-Étienne-Auxerre,2024-10-05,Matchweek 7,Sat,Away,L,1,3,Saint-Étienne,424.0,551.0,77.0,7059.0,2655.0,200.0,233.0,85.8,182.0,211.0,86.3,30.0,72.0,41.7,1,0.6,0.6,7.0,32.0,7.0,3.0,42.0,17:00:00,/en/matches/752978b2/Saint-Etienne-Auxerre-October-5-2024-Ligue-1
FRA-Ligue 1,2425,Auxerre,2024-10-20 Auxerre-Reims,2024-10-20,Matchweek 8,Sun,Home,W,2,1,Reims,215.0,299.0,71.9,4024.0,1770.0,94.0,109.0,86.2,80.0,105.0,76.2,31.0,67.0,46.3,2,2.0,1.2,9.0,16.0,9.0,2.0,22.0,17:00:00,/en/matches/5f02a541/Auxerre-Reims-October-20-2024-Ligue-1
FRA-Ligue 1,2425,Auxerre,2024-10-27 Lyon-Auxerre,2024-10-27,Matchweek 9,Sun,Away,D,2,2,Lyon,261.0,359.0,72.7,5232.0,2361.0,115.0,140.0,82.1,95.0,125.0,76.0,45.0,75.0,60.0,2,1.1,0.6,14.0,22.0,9.0,6.0,25.0,15:00:00,/en/matches/bd02e3b4/Lyon-Auxerre-October-27-2024-Ligue-1
FRA-Ligue 1,2425,Auxerre,2024-11-03 Auxerre-Rennes,2024-11-03,Matchweek 10,Sun,Home,W,4,0,Rennes,282.0,364.0,77.5,5857.0,2552.0,113.0,130.0,86.9,117.0,135.0,86.7,49.0,85.0,57.6,2,1.8,0.7,10.0,21.0,8.0,2.0,35.0,17:00:00,/en/matches/acc30562/Auxerre-Rennes-November-3-2024-Ligue-1
FRA-Ligue 1,2425,Auxerre,2024-11-08 Marseille-Auxerre,2024-11-08,Matchweek 11,Fri,Away,W,3,1,Marseille,160.0,254.0,63.0,3320.0,1600.0,60.0,78.0,76.9,59.0,72.0,81.9,31.0,76.0,40.8,3,1.9,0.6,9.0,12.0,2.0,2.0,17.0,20:45:00,/en/matches/4ab63460/Marseille-Auxerre-November-8-2024-Ligue-1
FRA-Ligue 1,2425,Auxerre,2024-11-24 Auxerre-Angers,2024-11-24,Matchweek 12,Sun,Home,W,1,0,Angers,400.0,497.0,80.5,6915.0,2457.0,179.0,205.0,87.3,181.0,207.0,87.4,32.0,65.0,49.2,1,0.5,0.4,9.0,28.0,6.0,2.0,40.0,17:00:00,/en/matches/b1dbd309/Auxerre-Angers-November-24-2024-Ligue-1
FRA-Ligue 1,2425,Auxerre,2024-12-01 Toulouse-Auxerre,2024-12-01,Matchweek 13,Sun,Away,L,0,2,Toulouse,331.0,448.0,73.9,6063.0,2375.0,138.0,159.0,86.8,139.0,168.0,82.7,42.0,88.0,47.7,0,0.1,0.3,3.0,22.0,8.0,3.0,39.0,17:00:00,/en/matches/f81de4c6/Toulouse-Auxerre-December-1-2024-Ligue-1
FRA-Ligue 1,2425,Auxerre,2024-12-06 Auxerre-Paris S-G,2024-12-06,Matchweek 14,Fri,Home,D,0,0,Paris S-G,181.0,278.0,65.1,3287.0,1747.0,90.0,109.0,82.6,57.0,77.0,74.0,25.0,71.0,35.2,0,0.2,0.5,5.0,18.0,5.0,0.0,26.0,21:00:00,/en/matches/9139adc8/Auxerre-Paris-Saint-Germain-December-6-2024-Ligue-1
FRA-Ligue 1,2425,Auxerre,2024-12-14 Auxerre-Lens,2024-12-14,Matchweek 15,Sat,Home,D,2,2,Lens,310.0,414.0,74.9,5867.0,2462.0,126.0,155.0,81.3,130.0,158.0,82.3,45.0,79.0,57.0,1,0.4,0.6,7.0,29.0,5.0,2.0,36.0,19:00:00,/en/matches/fb7a9227/Auxerre-Lens-December-14-2024-Ligue-1
FRA-Ligue 1,2425,Auxerre,2025-01-05 Strasbourg-Auxerre,2025-01-05,Matchweek 16,Sun,Away,L,1,3,Strasbourg,297.0,382.0,77.7,5727.0,2304.0,106.0,122.0,86.9,143.0,163.0,87.7,40.0,75.0,53.3,0,1.0,0.5,8.0,24.0,5.0,1.0,34.0,15:00:00,/en/matches/d37a723b/Strasbourg-Auxerre-January-5-2025-Ligue-1
FRA-Ligue 1,2425,Auxerre,2025-01-10 Auxerre-Lille,2025-01-10,Matchweek 17,Fri,Home,D,0,0,Lille,185.0,285.0,64.9,3819.0,1741.0,77.0,105.0,73.3,75.0,103.0,72.8,33.0,74.0,44.6,0,0.4,0.3,8.0,10.0,2.0,1.0,13.0,21:05:00,/en/matches/0c8ab7d6/Auxerre-Lille-January-10-2025-Ligue-1
FRA-Ligue 1,2425,Auxerre,2025-01-19 Angers-Auxerre,2025-01-19,Matchweek 18,Sun,Away,L,0,2,Angers,471.0,549.0,85.8,8043.0,2520.0,200.0,215.0,93.0,205.0,226.0,90.7,48.0,71.0,67.6,0,0.4,0.4,6.0,27.0,4.0,2.0,31.0,17:15:00,/en/matches/7419fbdf/Angers-Auxerre-January-19-2025-Ligue-1
FRA-Ligue 1,2425,Auxerre,2025-01-24 Auxerre-Saint-Étienne,2025-01-24,Matchweek 19,Fri,Home,D,1,1,Saint-Étienne,286.0,385.0,74.3,5485.0,2319.0,126.0,139.0,90.6,106.0,131.0,80.9,46.0,85.0,54.1,1,0.8,0.6,10.0,23.0,10.0,1.0,35.0,20:45:00,/en/matches/7ad35976/Auxerre-Saint-Etienne-January-24-2025-Ligue-1
FRA-Ligue 1,2425,Auxerre,2025-02-01 Monaco-Auxerre,2025-02-01,Matchweek 20,Sat,Away,L,2,4,Monaco,318.0,413.0,77.0,5391.0,2266.0,165.0,184.0,89.7,106.0,133.0,79.7,34.0,62.0,54.8,1,0.6,0.6,8.0,16.0,5.0,2.0,34.0,19:00:00,/en/matches/e6c9fba7/Monaco-Auxerre-February-1-2025-Ligue-1
FRA-Ligue 1,2425,Auxerre,2025-02-09 Auxerre-Toulouse,2025-02-09,Matchweek 21,Sun,Home,D,2,2,Toulouse,386.0,489.0,78.9,7267.0,2397.0,159.0,182.0,87.4,169.0,195.0,86.7,48.0,88.0,54.5,2,0.9,0.5,7.0,24.0,3.0,1.0,40.0,17:15:00,/en/matches/0446e883/Auxerre-Toulouse-February-9-2025-Ligue-1
FRA-Ligue 1,2425,Auxerre,2025-02-14 Brest-Auxerre,2025-02-14,Matchweek 22,Fri,Away,D,2,2,Brest,246.0,342.0,71.9,4935.0,2157.0,86.0,101.0,85.1,121.0,154.0,78.6,34.0,72.0,47.2,1,0.9,0.9,7.0,24.0,8.0,0.0,26.0,20:45:00,/en/matches/94d1ec50/Brest-Auxerre-February-14-2025-Ligue-1
FRA-Ligue 1,2425,Auxerre,2025-02-22 Auxerre-Marseille,2025-02-22,Matchweek 23,Sat,Home,W,3,0,Marseille,140.0,223.0,62.8,3011.0,1395.0,52.0,70.0,74.3,62.0,78.0,79.5,26.0,69.0,37.7,2,0.8,0.7,6.0,13.0,2.0,0.0,12.0,21:05:00,/en/matches/f26394d7/Auxerre-Marseille-February-22-2025-Ligue-1
FRA-Ligue 1,2425,Auxerre,2025-03-02 Auxerre-Strasbourg,2025-03-02,Matchweek 24,Sun,Home,L,0,1,Strasbourg,369.0,466.0,79.2,6895.0,2468.0,173.0,193.0,89.6,147.0,168.0,87.5,44.0,79.0,55.7,0,2.0,1.6,10.0,39.0,9.0,2.0,36.0,17:15:00,/en/matches/370220dd/Auxerre-Strasbourg-March-2-2025-Ligue-1
FRA-Ligue 1,2425,Auxerre,2025-03-09 Reims-Auxerre,2025-03-09,Matchweek 25,Sun,Away,W,2,0,Reims,279.0,361.0,77.3,5765.0,2091.0,86.0,100.0,86.0,151.0,169.0,89.3,39.0,80.0,48.8,1,1.3,0.7,12.0,24.0,7.0,0.0,33.0,17:15:00,/en/matches/5a7ff7ce/Reims-Auxerre-March-9-2025-Ligue-1
FRA-Ligue 1,2425,Auxerre,2025-03-14 Nice-Auxerre,2025-03-14,Matchweek 26,Fri,Away,D,1,1,Nice,361.0,454.0,79.5,5956.0,2036.0,164.0,178.0,92.1,147.0,166.0,88.6,29.0,72.0,40.3,1,0.6,0.4,7.0,12.0,3.0,1.0,23.0,20:45:00,/en/matches/e91c00b1/Nice-Auxerre-March-14-2025-Ligue-1
FRA-Ligue 1,2425,Auxerre,2025-03-30 Auxerre-Montpellier,2025-03-30,Matchweek 27,Sun,Home,W,1,0,Montpellier,421.0,502.0,83.9,7752.0,2913.0,204.0,226.0,90.3,156.0,179.0,87.2,57.0,81.0,70.4,1,2.0,1.3,20.0,41.0,9.0,4.0,41.0,17:15:00,/en/matches/dea614ff/Auxerre-Montpellier-March-30-2025-Ligue-1
FRA-Ligue 1,2425,Auxerre,2025-04-06 Rennes-Auxerre,2025-04-06,Matchweek 28,Sun,Away,W,1,0,Rennes,326.0,409.0,79.7,5819.0,2249.0,164.0,184.0,89.1,100.0,119.0,84.0,48.0,81.0,59.3,1,0.8,0.8,10.0,26.0,5.0,1.0,26.0,17:15:00,/en/matches/cd76c50c/Rennes-Auxerre-April-6-2025-Ligue-1
FRA-Ligue 1,2425,Auxerre,2025-04-13 Auxerre-Lyon,2025-04-13,Matchweek 29,Sun,Home,L,1,3,Lyon,328.0,404.0,81.2,5967.0,2188.0,145.0,162.0,89.5,137.0,150.0,91.3,38.0,74.0,51.4,0,0.6,0.4,12.0,22.0,6.0,1.0,28.0,20:45:00,/en/matches/bef8bbc1/Auxerre-Lyon-April-13-2025-Ligue-1
FRA-Ligue 1,2425,Auxerre,2025-04-20 Lille-Auxerre,2025-04-20,Matchweek 30,Sun,Away,L,1,3,Lille,364.0,453.0,80.4,6250.0,1899.0,166.0,191.0,86.9,156.0,171.0,91.2,30.0,64.0,46.9,0,0.3,0.6,5.0,21.0,7.0,1.0,30.0,15:00:00,/en/matches/dfc19892/Lille-Auxerre-April-20-2025-Ligue-1
FRA-Ligue 1,2425,Auxerre,2025-04-27 Lens-Auxerre,2025-04-27,Matchweek 31,Sun,Away,W,4,0,Lens,295.0,379.0,77.8,5636.0,2451.0,131.0,157.0,83.4,128.0,151.0,84.8,34.0,58.0,58.6,4,2.6,0.8,12.0,16.0,6.0,3.0,20.0,17:15:00,/en/matches/0745c59f/Lens-Auxerre-April-27-2025-Ligue-1
FRA-Ligue 1,2425,Auxerre,2025-05-04 Auxerre-Le Havre,2025-05-04,Matchweek 32,Sun,Home,L,1,2,Le Havre,340.0,427.0,79.6,5944.0,2070.0,165.0,186.0,88.7,136.0,157.0,86.6,33.0,65.0,50.8,1,0.2,0.6,4.0,24.0,6.0,2.0,21.0,17:15:00,/en/matches/c08af981/Auxerre-Le-Havre-May-4-2025-Ligue-1
FRA-Ligue 1,2425,Auxerre,2025-05-10 Auxerre-Nantes,2025-05-10,Matchweek 33,Sat,Home,D,1,1,Nantes,596.0,684.0,87.1,10697.0,3257.0,249.0,264.0,94.3,273.0,300.0,91.0,56.0,85.0,65.9,1,0.4,0.7,8.0,40.0,8.0,3.0,59.0,21:00:00,/en/matches/2cfd2ba4/Auxerre-Nantes-May-10-2025-Ligue-1
FRA-Ligue 1,2425,Auxerre,2025-05-17 Paris S-G-Auxerre,2025-05-17,Matchweek 34,Sat,Away,L,1,3,Paris S-G,275.0,351.0,78.3,4542.0,2057.0,151.0,172.0,87.8,70.0,85.0,82.4,33.0,57.0,57.9,1,0.5,0.5,6.0,14.0,3.0,2.0,17.0,21:00:00,/en/matches/695f3d84/Paris-Saint-Germain-Auxerre-May-17-2025-Ligue-1
FRA-Ligue 1,2425,Brest,2024-08-17 Brest-Marseille,2024-08-17,Matchweek 1,Sat,Home,L,1,5,Marseille,442.0,534.0,82.8,8470.0,2693.0,178.0,204.0,87.3,213.0,248.0,85.9,51.0,72.0,70.8,1,0.3,0.3,6.0,40.0,3.0,1.0,33.0,17:00:00,/en/matches/35c1995a/Brest-Marseille-August-17-2024-Ligue-1
FRA-Ligue 1,2425,Brest,2024-08-25 Lens-Brest,2024-08-25,Matchweek 2,Sun,Away,L,0,2,Lens,388.0,494.0,78.5,7071.0,2786.0,174.0,203.0,85.7,148.0,169.0,87.6,50.0,94.0,53.2,0,0.8,0.9,9.0,25.0,12.0,5.0,33.0,15:00:00,/en/matches/7fe11a31/Lens-Brest-August-25-2024-Ligue-1
FRA-Ligue 1,2425,Brest,2024-08-31 Brest-Saint-Étienne,2024-08-31,Matchweek 3,Sat,Home,W,4,0,Saint-Étienne,269.0,372.0,72.3,5503.0,2466.0,124.0,155.0,80.0,95.0,126.0,75.4,46.0,82.0,56.1,0,0.6,1.9,15.0,20.0,10.0,3.0,26.0,17:00:00,/en/matches/82c19aa6/Brest-Saint-Etienne-August-31-2024-Ligue-1
FRA-Ligue 1,2425,Brest,2024-09-14 Paris S-G-Brest,2024-09-14,Matchweek 4,Sat,Away,L,1,3,Paris S-G,266.0,355.0,74.9,5019.0,2252.0,124.0,140.0,88.6,101.0,127.0,79.5,33.0,67.0,49.3,0,0.2,0.3,4.0,22.0,2.0,1.0,18.0,21:00:00,/en/matches/f22a7db0/Paris-Saint-Germain-Brest-September-14-2024-Ligue-1
FRA-Ligue 1,2425,Brest,2024-09-22 Brest-Toulouse,2024-09-22,Matchweek 5,Sun,Home,W,2,0,Toulouse,288.0,399.0,72.2,5012.0,2136.0,138.0,167.0,82.6,125.0,148.0,84.5,21.0,73.0,28.8,2,0.4,0.3,7.0,21.0,3.0,1.0,27.0,17:00:00,/en/matches/7cbba12e/Brest-Toulouse-September-22-2024-Ligue-1
FRA-Ligue 1,2425,Brest,2024-09-27 Auxerre-Brest,2024-09-27,Matchweek 6,Fri,Away,L,0,3,Auxerre,443.0,550.0,80.5,8313.0,3004.0,181.0,208.0,87.0,197.0,227.0,86.8,55.0,90.0,61.1,0,0.8,0.8,7.0,22.0,3.0,1.0,27.0,19:00:00,/en/matches/8c59509d/Auxerre-Brest-September-27-2024-Ligue-1
FRA-Ligue 1,2425,Brest,2024-10-06 Brest-Le Havre,2024-10-06,Matchweek 7,Sun,Home,W,2,0,Le Havre,367.0,476.0,77.1,6752.0,2334.0,142.0,162.0,87.7,185.0,218.0,84.9,34.0,78.0,43.6,2,0.7,0.6,7.0,24.0,7.0,2.0,34.0,17:00:00,/en/matches/efe178e7/Brest-Le-Havre-October-6-2024-Ligue-1
FRA-Ligue 1,2425,Brest,2024-10-19 Brest-Rennes,2024-10-19,Matchweek 8,Sat,Home,D,1,1,Rennes,385.0,504.0,76.4,7655.0,2701.0,152.0,184.0,82.6,176.0,208.0,84.6,57.0,99.0,57.6,0,0.7,0.7,9.0,19.0,5.0,2.0,25.0,17:00:00,/en/matches/e2a10c83/Brest-Rennes-October-19-2024-Ligue-1
FRA-Ligue 1,2425,Brest,2024-10-26 Reims-Brest,2024-10-26,Matchweek 9,Sat,Away,W,2,1,Reims,319.0,410.0,77.8,5946.0,2346.0,141.0,161.0,87.6,105.0,126.0,83.3,53.0,86.0,61.6,1,0.6,0.5,9.0,16.0,4.0,1.0,21.0,19:00:00,/en/matches/6e7b242b/Reims-Brest-October-26-2024-Ligue-1
FRA-Ligue 1,2425,Brest,2024-11-02 Brest-Nice,2024-11-02,Matchweek 10,Sat,Home,L,0,1,Nice,531.0,639.0,83.1,9997.0,3173.0,203.0,223.0,91.0,256.0,290.0,88.3,64.0,103.0,62.1,0,0.8,0.8,13.0,42.0,13.0,0.0,42.0,19:00:00,/en/matches/0fab1c2f/Brest-Nice-November-2-2024-Ligue-1
FRA-Ligue 1,2425,Brest,2024-11-10 Montpellier-Brest,2024-11-10,Matchweek 11,Sun,Away,L,1,3,Montpellier,457.0,557.0,82.0,7610.0,2369.0,218.0,239.0,91.2,184.0,214.0,86.0,43.0,73.0,58.9,1,0.7,1.2,11.0,35.0,3.0,1.0,44.0,17:00:00,/en/matches/8ab9a941/Montpellier-Brest-November-10-2024-Ligue-1
FRA-Ligue 1,2425,Brest,2024-11-22 Monaco-Brest,2024-11-22,Matchweek 12,Fri,Away,L,2,3,Monaco,378.0,513.0,73.7,6669.0,2425.0,183.0,218.0,83.9,130.0,163.0,79.8,49.0,90.0,54.4,2,0.8,1.0,11.0,31.0,8.0,4.0,42.0,19:00:00,/en/matches/48a28747/Monaco-Brest-November-22-2024-Ligue-1
FRA-Ligue 1,2425,Brest,2024-11-30 Brest-Strasbourg,2024-11-30,Matchweek 13,Sat,Home,W,3,1,Strasbourg,320.0,397.0,80.6,6440.0,2251.0,111.0,128.0,86.7,165.0,177.0,93.2,43.0,76.0,56.6,2,0.8,0.7,7.0,20.0,2.0,0.0,31.0,19:00:00,/en/matches/197cb3bb/Brest-Strasbourg-November-30-2024-Ligue-1
FRA-Ligue 1,2425,Brest,2024-12-06 Lille-Brest,2024-12-06,Matchweek 14,Fri,Away,L,1,3,Lille,326.0,419.0,77.8,6011.0,2032.0,124.0,139.0,89.2,156.0,183.0,85.2,30.0,67.0,44.8,1,0.6,0.6,6.0,15.0,4.0,2.0,23.0,19:00:00,/en/matches/5b3adec0/Lille-Brest-December-6-2024-Ligue-1
FRA-Ligue 1,2425,Brest,2024-12-15 Brest-Nantes,2024-12-15,Matchweek 15,Sun,Home,W,4,1,Nantes,463.0,543.0,85.3,8410.0,2957.0,188.0,202.0,93.1,213.0,234.0,91.0,51.0,86.0,59.3,3,1.9,1.4,10.0,29.0,5.0,3.0,28.0,17:00:00,/en/matches/59e6278a/Brest-Nantes-December-15-2024-Ligue-1
FRA-Ligue 1,2425,Brest,2025-01-05 Angers-Brest,2025-01-05,Matchweek 16,Sun,Away,L,0,2,Angers,489.0,593.0,82.5,8980.0,2930.0,196.0,220.0,89.1,230.0,269.0,85.5,56.0,83.0,67.5,0,0.9,1.0,9.0,44.0,6.0,2.0,62.0,15:00:00,/en/matches/be2eba6e/Angers-Brest-January-5-2025-Ligue-1
FRA-Ligue 1,2425,Brest,2025-01-11 Brest-Lyon,2025-01-11,Matchweek 17,Sat,Home,W,2,1,Lyon,247.0,340.0,72.6,4876.0,2045.0,92.0,123.0,74.8,121.0,144.0,84.0,33.0,64.0,51.6,1,0.8,1.1,9.0,23.0,7.0,3.0,30.0,17:00:00,/en/matches/561e5c4a/Brest-Lyon-January-11-2025-Ligue-1
FRA-Ligue 1,2425,Brest,2025-01-18 Rennes-Brest,2025-01-18,Matchweek 18,Sat,Away,W,2,1,Rennes,210.0,314.0,66.9,3966.0,1693.0,93.0,110.0,84.5,75.0,108.0,69.4,35.0,74.0,47.3,2,0.5,0.7,7.0,13.0,2.0,0.0,14.0,19:00:00,/en/matches/39a945d8/Rennes-Brest-January-18-2025-Ligue-1
FRA-Ligue 1,2425,Brest,2025-01-26 Le Havre-Brest,2025-01-26,Matchweek 19,Sun,Away,W,1,0,Le Havre,434.0,526.0,82.5,7343.0,2309.0,212.0,231.0,91.8,185.0,206.0,89.8,31.0,69.0,44.9,0,1.1,1.1,9.0,33.0,10.0,2.0,43.0,15:00:00,/en/matches/6f8dc12d/Le-Havre-Brest-January-26-2025-Ligue-1
FRA-Ligue 1,2425,Brest,2025-02-01 Brest-Paris S-G,2025-02-01,Matchweek 20,Sat,Home,L,2,5,Paris S-G,307.0,403.0,76.2,5393.0,2259.0,133.0,156.0,85.3,112.0,134.0,83.6,36.0,64.0,56.3,0,0.5,0.4,9.0,23.0,2.0,1.0,24.0,17:00:00,/en/matches/c84f91ac/Brest-Paris-Saint-Germain-February-1-2025-Ligue-1
FRA-Ligue 1,2425,Brest,2025-02-07 Nantes-Brest,2025-02-07,Matchweek 21,Fri,Away,W,2,0,Nantes,299.0,382.0,78.3,5550.0,2315.0,126.0,146.0,86.3,130.0,151.0,86.1,36.0,67.0,53.7,2,2.5,1.9,9.0,32.0,7.0,2.0,32.0,19:00:00,/en/matches/606c7cad/Nantes-Brest-February-7-2025-Ligue-1
FRA-Ligue 1,2425,Brest,2025-02-14 Brest-Auxerre,2025-02-14,Matchweek 22,Fri,Home,D,2,2,Auxerre,488.0,602.0,81.1,9580.0,3307.0,185.0,211.0,87.7,218.0,248.0,87.9,77.0,114.0,67.5,1,1.6,1.3,10.0,48.0,8.0,5.0,46.0,20:45:00,/en/matches/94d1ec50/Brest-Auxerre-February-14-2025-Ligue-1
FRA-Ligue 1,2425,Brest,2025-02-23 Strasbourg-Brest,2025-02-23,Matchweek 23,Sun,Away,D,0,0,Strasbourg,349.0,448.0,77.9,6952.0,2489.0,122.0,141.0,86.5,163.0,188.0,86.7,53.0,93.0,57.0,0,0.5,0.5,9.0,31.0,4.0,3.0,32.0,17:15:00,/en/matches/585be98f/Strasbourg-Brest-February-23-2025-Ligue-1
FRA-Ligue 1,2425,Brest,2025-03-02 Lyon-Brest,2025-03-02,Matchweek 24,Sun,Away,L,1,2,Lyon,251.0,342.0,73.4,5368.0,2785.0,96.0,119.0,80.7,101.0,123.0,82.1,51.0,78.0,65.4,0,1.0,0.9,10.0,20.0,9.0,2.0,31.0,15:00:00,/en/matches/9e7b9e2a/Lyon-Brest-March-2-2025-Ligue-1
FRA-Ligue 1,2425,Brest,2025-03-09 Brest-Angers,2025-03-09,Matchweek 25,Sun,Home,W,2,0,Angers,393.0,481.0,81.7,7087.0,2564.0,169.0,196.0,86.2,173.0,197.0,87.8,43.0,66.0,65.2,1,2.3,1.8,13.0,23.0,9.0,4.0,40.0,15:00:00,/en/matches/0723e59a/Brest-Angers-March-9-2025-Ligue-1
FRA-Ligue 1,2425,Brest,2025-03-16 Brest-Reims,2025-03-16,Matchweek 26,Sun,Home,D,0,0,Reims,589.0,708.0,83.2,10421.0,2866.0,226.0,248.0,91.1,308.0,348.0,88.5,42.0,81.0,51.9,0,0.1,0.6,5.0,55.0,3.0,0.0,56.0,17:15:00,/en/matches/28e7c1e6/Brest-Reims-March-16-2025-Ligue-1
FRA-Ligue 1,2425,Brest,2025-03-30 Toulouse-Brest,2025-03-30,Matchweek 27,Sun,Away,W,4,2,Toulouse,322.0,419.0,76.8,6144.0,2241.0,116.0,136.0,85.3,166.0,185.0,89.7,32.0,79.0,40.5,2,0.7,0.5,6.0,20.0,4.0,1.0,24.0,15:00:00,/en/matches/b33c5901/Toulouse-Brest-March-30-2025-Ligue-1
FRA-Ligue 1,2425,Brest,2025-04-05 Brest-Monaco,2025-04-05,Matchweek 28,Sat,Home,W,2,1,Monaco,269.0,380.0,70.8,4983.0,2097.0,136.0,157.0,86.6,82.0,114.0,71.9,44.0,85.0,51.8,1,0.5,0.4,8.0,26.0,5.0,1.0,35.0,19:00:00,/en/matches/3b8a372d/Brest-Monaco-April-5-2025-Ligue-1
FRA-Ligue 1,2425,Brest,2025-04-13 Saint-Étienne-Brest,2025-04-13,Matchweek 29,Sun,Away,D,3,3,Saint-Étienne,271.0,362.0,74.9,5191.0,2130.0,134.0,144.0,93.1,90.0,115.0,78.3,43.0,85.0,50.6,3,1.3,1.4,10.0,15.0,6.0,3.0,22.0,15:00:00,/en/matches/8a453c4e/Saint-Etienne-Brest-April-13-2025-Ligue-1
FRA-Ligue 1,2425,Brest,2025-04-20 Brest-Lens,2025-04-20,Matchweek 30,Sun,Home,L,1,3,Lens,339.0,424.0,80.0,6838.0,2531.0,111.0,135.0,82.2,178.0,198.0,89.9,43.0,80.0,53.8,1,1.0,0.6,9.0,25.0,8.0,1.0,28.0,17:15:00,/en/matches/1e5241b4/Brest-Lens-April-20-2025-Ligue-1
FRA-Ligue 1,2425,Brest,2025-04-27 Marseille-Brest,2025-04-27,Matchweek 31,Sun,Away,L,1,4,Marseille,371.0,451.0,82.3,6687.0,1942.0,161.0,182.0,88.5,167.0,187.0,89.3,35.0,65.0,53.8,1,1.4,1.2,8.0,20.0,1.0,1.0,18.0,20:45:00,/en/matches/d0c58dd5/Marseille-Brest-April-27-2025-Ligue-1
FRA-Ligue 1,2425,Brest,2025-05-04 Brest-Montpellier,2025-05-04,Matchweek 32,Sun,Home,W,1,0,Montpellier,595.0,684.0,87.0,11051.0,3713.0,230.0,257.0,89.5,280.0,300.0,93.3,71.0,90.0,78.9,1,0.6,1.2,12.0,46.0,6.0,2.0,44.0,17:15:00,/en/matches/14d0b54f/Brest-Montpellier-May-4-2025-Ligue-1
FRA-Ligue 1,2425,Brest,2025-05-10 Brest-Lille,2025-05-10,Matchweek 33,Sat,Home,W,2,0,Lille,320.0,422.0,75.8,6247.0,2641.0,142.0,169.0,84.0,127.0,152.0,83.6,44.0,82.0,53.7,1,0.9,0.7,10.0,19.0,2.0,2.0,27.0,21:00:00,/en/matches/21a8a9a9/Brest-Lille-May-10-2025-Ligue-1
FRA-Ligue 1,2425,Brest,2025-05-17 Nice-Brest,2025-05-17,Matchweek 34,Sat,Away,L,0,6,Nice,493.0,578.0,85.3,8366.0,2523.0,223.0,241.0,92.5,220.0,242.0,90.9,41.0,77.0,53.2,0,0.9,0.9,9.0,32.0,6.0,2.0,34.0,21:00:00,/en/matches/4ff4d64e/Nice-Brest-May-17-2025-Ligue-1
FRA-Ligue 1,2425,Le Havre,2024-08-16 Le Havre-Paris S-G,2024-08-16,Matchweek 1,Fri,Home,L,1,4,Paris S-G,205.0,277.0,74.0,3738.0,1625.0,87.0,107.0,81.3,84.0,94.0,89.4,26.0,49.0,53.1,1,0.2,0.3,4.0,14.0,2.0,1.0,18.0,20:45:00,/en/matches/a6b98e33/Le-Havre-Paris-Saint-Germain-August-16-2024-Ligue-1
FRA-Ligue 1,2425,Le Havre,2024-08-24 Saint-Étienne-Le Havre,2024-08-24,Matchweek 2,Sat,Away,W,2,0,Saint-Étienne,262.0,348.0,75.3,4633.0,1922.0,120.0,141.0,85.1,107.0,127.0,84.3,26.0,59.0,44.1,1,1.4,1.0,8.0,21.0,7.0,3.0,37.0,21:00:00,/en/matches/fd677aba/Saint-Etienne-Le-Havre-August-24-2024-Ligue-1
FRA-Ligue 1,2425,Le Havre,2024-09-01 Le Havre-Auxerre,2024-09-01,Matchweek 3,Sun,Home,W,3,1,Auxerre,396.0,483.0,82.0,6718.0,2357.0,192.0,217.0,88.5,166.0,186.0,89.2,30.0,59.0,50.8,1,1.3,1.4,16.0,32.0,11.0,4.0,48.0,17:00:00,/en/matches/3bc2668a/Le-Havre-Auxerre-September-1-2024-Ligue-1
FRA-Ligue 1,2425,Le Havre,2024-09-15 Toulouse-Le Havre,2024-09-15,Matchweek 4,Sun,Away,L,0,2,Toulouse,378.0,478.0,79.1,6430.0,2538.0,162.0,180.0,90.0,198.0,238.0,83.2,16.0,46.0,34.8,0,0.2,0.2,3.0,26.0,4.0,1.0,39.0,17:00:00,/en/matches/f4982a54/Toulouse-Le-Havre-September-15-2024-Ligue-1
FRA-Ligue 1,2425,Le Havre,2024-09-22 Monaco-Le Havre,2024-09-22,Matchweek 5,Sun,Away,L,1,3,Monaco,250.0,343.0,72.9,4351.0,1755.0,125.0,149.0,83.9,86.0,115.0,74.8,31.0,60.0,51.7,1,0.5,0.5,7.0,22.0,6.0,2.0,25.0,15:00:00,/en/matches/017d7a9d/Monaco-Le-Havre-September-22-2024-Ligue-1
FRA-Ligue 1,2425,Le Havre,2024-09-28 Le Havre-Lille,2024-09-28,Matchweek 6,Sat,Home,L,0,3,Lille,332.0,414.0,80.2,6133.0,1964.0,127.0,150.0,84.7,178.0,196.0,90.8,24.0,53.0,45.3,0,0.4,0.6,6.0,25.0,5.0,1.0,33.0,19:00:00,/en/matches/e08ccde6/Le-Havre-Lille-September-28-2024-Ligue-1
FRA-Ligue 1,2425,Le Havre,2024-10-06 Brest-Le Havre,2024-10-06,Matchweek 7,Sun,Away,L,0,2,Brest,290.0,415.0,69.9,5344.0,2282.0,122.0,155.0,78.7,125.0,154.0,81.2,36.0,76.0,47.4,0,1.0,1.4,12.0,26.0,10.0,5.0,37.0,17:00:00,/en/matches/efe178e7/Brest-Le-Havre-October-6-2024-Ligue-1
FRA-Ligue 1,2425,Le Havre,2024-10-20 Le Havre-Lyon,2024-10-20,Matchweek 8,Sun,Home,L,0,4,Lyon,260.0,344.0,75.6,4984.0,1817.0,114.0,132.0,86.4,103.0,124.0,83.1,37.0,68.0,54.4,0,0.2,0.2,3.0,25.0,6.0,3.0,30.0,15:00:00,/en/matches/b12f8ecd/Le-Havre-Lyon-October-20-2024-Ligue-1
FRA-Ligue 1,2425,Le Havre,2024-10-25 Rennes-Le Havre,2024-10-25,Matchweek 9,Fri,Away,L,0,1,Rennes,309.0,395.0,78.2,5337.0,1840.0,147.0,170.0,86.5,134.0,152.0,88.2,26.0,54.0,48.1,0,0.4,0.5,4.0,15.0,4.0,2.0,23.0,20:45:00,/en/matches/603efa49/Rennes-Le-Havre-October-25-2024-Ligue-1
FRA-Ligue 1,2425,Le Havre,2024-11-03 Le Havre-Montpellier,2024-11-03,Matchweek 10,Sun,Home,W,1,0,Montpellier,380.0,471.0,80.7,6816.0,2598.0,165.0,191.0,86.4,170.0,198.0,85.9,35.0,52.0,67.3,0,0.8,1.1,8.0,35.0,8.0,3.0,42.0,17:00:00,/en/matches/a537aa6e/Le-Havre-Montpellier-November-3-2024-Ligue-1
FRA-Ligue 1,2425,Le Havre,2024-11-10 Le Havre-Reims,2024-11-10,Matchweek 11,Sun,Home,L,0,3,Reims,363.0,457.0,79.4,6287.0,2081.0,155.0,171.0,90.6,167.0,186.0,89.8,29.0,71.0,40.8,0,0.6,0.8,6.0,19.0,8.0,4.0,34.0,17:00:00,/en/matches/63390fe7/Le-Havre-Reims-November-10-2024-Ligue-1
FRA-Ligue 1,2425,Le Havre,2024-11-24 Nantes-Le Havre,2024-11-24,Matchweek 12,Sun,Away,W,2,0,Nantes,215.0,302.0,71.2,3569.0,1495.0,97.0,111.0,87.4,85.0,112.0,75.9,19.0,55.0,34.5,1,0.5,0.3,3.0,15.0,1.0,0.0,19.0,17:00:00,/en/matches/a27a021f/Nantes-Le-Havre-November-24-2024-Ligue-1
FRA-Ligue 1,2425,Le Havre,2024-12-01 Le Havre-Angers,2024-12-01,Matchweek 13,Sun,Home,L,0,1,Angers,457.0,541.0,84.5,8319.0,2439.0,179.0,194.0,92.3,228.0,260.0,87.7,45.0,68.0,66.2,0,0.2,0.5,4.0,34.0,5.0,2.0,48.0,17:00:00,/en/matches/b9d2f3b2/Le-Havre-Angers-December-1-2024-Ligue-1
FRA-Ligue 1,2425,Le Havre,2024-12-07 Nice-Le Havre,2024-12-07,Matchweek 14,Sat,Away,L,1,2,Nice,338.0,437.0,77.3,6268.0,2725.0,135.0,155.0,87.1,158.0,190.0,83.2,37.0,60.0,61.7,1,0.5,0.7,6.0,34.0,7.0,1.0,47.0,19:00:00,/en/matches/3a9f8a55/Nice-Le-Havre-December-7-2024-Ligue-1
FRA-Ligue 1,2425,Le Havre,2024-12-15 Le Havre-Strasbourg,2024-12-15,Matchweek 15,Sun,Home,L,0,3,Strasbourg,540.0,633.0,85.3,9939.0,2973.0,199.0,227.0,87.7,278.0,301.0,92.4,51.0,79.0,64.6,0,0.8,1.0,8.0,35.0,9.0,7.0,53.0,17:00:00,/en/matches/e1e508ce/Le-Havre-Strasbourg-December-15-2024-Ligue-1
FRA-Ligue 1,2425,Le Havre,2025-01-05 Marseille-Le Havre,2025-01-05,Matchweek 16,Sun,Away,L,1,5,Marseille,346.0,411.0,84.2,5713.0,1877.0,161.0,176.0,91.5,149.0,163.0,91.4,25.0,46.0,54.3,1,0.4,0.8,4.0,5.0,4.0,2.0,14.0,20:45:00,/en/matches/312fef53/Marseille-Le-Havre-January-5-2025-Ligue-1
FRA-Ligue 1,2425,Le Havre,2025-01-12 Le Havre-Lens,2025-01-12,Matchweek 17,Sun,Home,L,1,2,Lens,185.0,283.0,65.4,3289.0,1422.0,87.0,106.0,82.1,67.0,90.0,74.4,24.0,70.0,34.3,0,0.8,0.9,5.0,7.0,2.0,1.0,14.0,15:00:00,/en/matches/63d7285c/Le-Havre-Lens-January-12-2025-Ligue-1
FRA-Ligue 1,2425,Le Havre,2025-01-19 Reims-Le Havre,2025-01-19,Matchweek 18,Sun,Away,D,1,1,Reims,347.0,442.0,78.5,6464.0,1901.0,122.0,138.0,88.4,184.0,214.0,86.0,33.0,70.0,47.1,1,0.5,0.4,4.0,23.0,4.0,2.0,24.0,17:15:00,/en/matches/7e7a280a/Reims-Le-Havre-January-19-2025-Ligue-1
FRA-Ligue 1,2425,Le Havre,2025-01-26 Le Havre-Brest,2025-01-26,Matchweek 19,Sun,Home,L,0,1,Brest,323.0,424.0,76.2,6189.0,2083.0,122.0,144.0,84.7,152.0,175.0,86.9,43.0,82.0,52.4,0,0.9,0.7,9.0,23.0,8.0,3.0,37.0,15:00:00,/en/matches/6f8dc12d/Le-Havre-Brest-January-26-2025-Ligue-1
FRA-Ligue 1,2425,Le Havre,2025-02-02 Angers-Le Havre,2025-02-02,Matchweek 20,Sun,Away,D,1,1,Angers,327.0,390.0,83.8,6397.0,1955.0,110.0,125.0,88.0,175.0,196.0,89.3,37.0,58.0,63.8,1,2.1,1.5,12.0,18.0,7.0,3.0,23.0,17:15:00,/en/matches/dc2dc241/Angers-Le-Havre-February-2-2025-Ligue-1
FRA-Ligue 1,2425,Le Havre,2025-02-08 Lille-Le Havre,2025-02-08,Matchweek 21,Sat,Away,W,2,1,Lille,221.0,308.0,71.8,4557.0,1903.0,80.0,96.0,83.3,104.0,128.0,81.3,34.0,70.0,48.6,1,1.1,0.7,6.0,10.0,6.0,2.0,16.0,19:00:00,/en/matches/8c539e02/Lille-Le-Havre-February-8-2025-Ligue-1
FRA-Ligue 1,2425,Le Havre,2025-02-16 Le Havre-Nice,2025-02-16,Matchweek 22,Sun,Home,L,1,3,Nice,404.0,495.0,81.6,7854.0,2492.0,127.0,144.0,88.2,234.0,258.0,90.7,38.0,72.0,52.8,1,0.6,0.5,11.0,19.0,7.0,3.0,30.0,17:15:00,/en/matches/e62361b8/Le-Havre-Nice-February-16-2025-Ligue-1
FRA-Ligue 1,2425,Le Havre,2025-02-23 Le Havre-Toulouse,2025-02-23,Matchweek 23,Sun,Home,L,1,4,Toulouse,404.0,494.0,81.8,8054.0,2283.0,118.0,142.0,83.1,232.0,250.0,92.8,47.0,80.0,58.8,1,0.6,0.7,7.0,39.0,7.0,3.0,39.0,17:15:00,/en/matches/8284b7f6/Le-Havre-Toulouse-February-23-2025-Ligue-1
FRA-Ligue 1,2425,Le Havre,2025-03-01 Lens-Le Havre,2025-03-01,Matchweek 24,Sat,Away,W,4,3,Lens,222.0,290.0,76.6,4484.0,1640.0,68.0,80.0,85.0,114.0,136.0,83.8,33.0,55.0,60.0,2,0.2,0.3,4.0,20.0,0.0,0.0,21.0,19:00:00,/en/matches/f0429a72/Lens-Le-Havre-March-1-2025-Ligue-1
FRA-Ligue 1,2425,Le Havre,2025-03-09 Le Havre-Saint-Étienne,2025-03-09,Matchweek 25,Sun,Home,D,1,1,Saint-Étienne,304.0,404.0,75.2,5927.0,2269.0,128.0,152.0,84.2,123.0,155.0,79.4,47.0,72.0,65.3,0,0.9,0.8,6.0,28.0,5.0,2.0,30.0,17:15:00,/en/matches/7055dbbe/Le-Havre-Saint-Etienne-March-9-2025-Ligue-1
FRA-Ligue 1,2425,Le Havre,2025-03-16 Lyon-Le Havre,2025-03-16,Matchweek 26,Sun,Away,L,2,4,Lyon,255.0,324.0,78.7,4565.0,1724.0,113.0,130.0,86.9,106.0,122.0,86.9,30.0,51.0,58.8,1,0.9,0.6,12.0,14.0,6.0,1.0,22.0,15:00:00,/en/matches/4876084b/Lyon-Le-Havre-March-16-2025-Ligue-1
FRA-Ligue 1,2425,Le Havre,2025-03-30 Le Havre-Nantes,2025-03-30,Matchweek 27,Sun,Home,W,3,2,Nantes,359.0,442.0,81.2,6393.0,2237.0,154.0,176.0,87.5,162.0,194.0,83.5,35.0,53.0,66.0,0,2.0,2.3,9.0,24.0,7.0,3.0,34.0,17:15:00,/en/matches/a48ef3f0/Le-Havre-Nantes-March-30-2025-Ligue-1
FRA-Ligue 1,2425,Le Havre,2025-04-06 Montpellier-Le Havre,2025-04-06,Matchweek 28,Sun,Away,W,2,0,Montpellier,371.0,456.0,81.4,6655.0,2625.0,159.0,169.0,94.1,179.0,206.0,86.9,31.0,66.0,47.0,1,0.9,0.6,8.0,21.0,4.0,2.0,28.0,17:15:00,/en/matches/0f9ee6ec/Montpellier-Le-Havre-April-6-2025-Ligue-1
FRA-Ligue 1,2425,Le Havre,2025-04-13 Le Havre-Rennes,2025-04-13,Matchweek 29,Sun,Home,L,1,5,Rennes,411.0,507.0,81.1,7407.0,2347.0,165.0,187.0,88.2,188.0,216.0,87.0,41.0,70.0,58.6,0,0.4,0.9,6.0,34.0,8.0,4.0,38.0,17:15:00,/en/matches/9c967c61/Le-Havre-Rennes-April-13-2025-Ligue-1
FRA-Ligue 1,2425,Le Havre,2025-04-19 Paris S-G-Le Havre,2025-04-19,Matchweek 30,Sat,Away,L,1,2,Paris S-G,275.0,350.0,78.6,5783.0,2071.0,70.0,86.0,81.4,162.0,187.0,86.6,41.0,70.0,58.6,1,0.5,0.6,7.0,29.0,6.0,2.0,30.0,17:00:00,/en/matches/8e397189/Paris-Saint-Germain-Le-Havre-April-19-2025-Ligue-1
FRA-Ligue 1,2425,Le Havre,2025-04-26 Le Havre-Monaco,2025-04-26,Matchweek 31,Sat,Home,D,1,1,Monaco,273.0,365.0,74.8,5235.0,2460.0,122.0,140.0,87.1,108.0,135.0,80.0,36.0,66.0,54.5,1,0.4,0.5,5.0,17.0,4.0,1.0,31.0,19:00:00,/en/matches/6ec53da1/Le-Havre-Monaco-April-26-2025-Ligue-1
FRA-Ligue 1,2425,Le Havre,2025-05-04 Auxerre-Le Havre,2025-05-04,Matchweek 32,Sun,Away,W,2,1,Auxerre,392.0,480.0,81.7,6723.0,2104.0,174.0,192.0,90.6,179.0,197.0,90.9,30.0,64.0,46.9,1,1.2,1.0,7.0,28.0,7.0,4.0,33.0,17:15:00,/en/matches/c08af981/Auxerre-Le-Havre-May-4-2025-Ligue-1
FRA-Ligue 1,2425,Le Havre,2025-05-10 Le Havre-Marseille,2025-05-10,Matchweek 33,Sat,Home,L,1,3,Marseille,320.0,410.0,78.0,6626.0,2292.0,105.0,118.0,89.0,167.0,198.0,84.3,45.0,84.0,53.6,1,0.5,0.6,6.0,24.0,9.0,3.0,31.0,21:00:00,/en/matches/7064d72a/Le-Havre-Marseille-May-10-2025-Ligue-1
FRA-Ligue 1,2425,Le Havre,2025-05-17 Strasbourg-Le Havre,2025-05-17,Matchweek 34,Sat,Away,W,3,2,Strasbourg,411.0,502.0,81.9,8009.0,1976.0,134.0,144.0,93.1,237.0,267.0,88.8,38.0,74.0,51.4,1,0.8,0.8,4.0,25.0,7.0,5.0,23.0,21:00:00,/en/matches/51aaa97c/Strasbourg-Le-Havre-May-17-2025-Ligue-1
FRA-Ligue 1,2425,Lens,2024-08-18 Angers-Lens,2024-08-18,Matchweek 1,Sun,Away,W,1,0,Angers,437.0,548.0,79.7,6679.0,2542.0,242.0,274.0,88.3,143.0,175.0,81.7,34.0,62.0,54.8,1,0.9,0.9,9.0,31.0,6.0,4.0,37.0,17:00:00,/en/matches/cabadc94/Angers-Lens-August-18-2024-Ligue-1
FRA-Ligue 1,2425,Lens,2024-08-25 Lens-Brest,2024-08-25,Matchweek 2,Sun,Home,W,2,0,Brest,429.0,543.0,79.0,7119.0,2900.0,221.0,254.0,87.0,164.0,185.0,88.6,36.0,67.0,53.7,1,2.1,2.1,16.0,36.0,20.0,3.0,58.0,15:00:00,/en/matches/7fe11a31/Lens-Brest-August-25-2024-Ligue-1
FRA-Ligue 1,2425,Lens,2024-09-01 Monaco-Lens,2024-09-01,Matchweek 3,Sun,Away,D,1,1,Monaco,214.0,301.0,71.1,3926.0,2127.0,93.0,111.0,83.8,84.0,112.0,75.0,28.0,52.0,53.8,0,1.4,1.2,8.0,17.0,6.0,0.0,33.0,15:00:00,/en/matches/a93b08ff/Monaco-Lens-September-1-2024-Ligue-1
FRA-Ligue 1,2425,Lens,2024-09-15 Lens-Lyon,2024-09-15,Matchweek 4,Sun,Home,D,0,0,Lyon,433.0,545.0,79.4,6619.0,2500.0,226.0,257.0,87.9,154.0,185.0,83.2,30.0,57.0,52.6,0,0.9,1.5,10.0,34.0,9.0,3.0,37.0,20:45:00,/en/matches/6f7e5cde/Lens-Lyon-September-15-2024-Ligue-1
FRA-Ligue 1,2425,Lens,2024-09-21 Rennes-Lens,2024-09-21,Matchweek 5,Sat,Away,D,1,1,Rennes,418.0,547.0,76.4,7217.0,2638.0,193.0,232.0,83.2,190.0,217.0,87.6,29.0,75.0,38.7,0,0.2,0.7,6.0,27.0,10.0,3.0,33.0,19:00:00,/en/matches/73dc5828/Rennes-Lens-September-21-2024-Ligue-1
FRA-Ligue 1,2425,Lens,2024-09-28 Lens-Nice,2024-09-28,Matchweek 6,Sat,Home,D,0,0,Nice,410.0,504.0,81.3,6946.0,2838.0,208.0,229.0,90.8,148.0,174.0,85.1,42.0,63.0,66.7,0,1.2,1.6,17.0,34.0,18.0,5.0,63.0,17:00:00,/en/matches/340afccd/Lens-Nice-September-28-2024-Ligue-1
FRA-Ligue 1,2425,Lens,2024-10-06 Strasbourg-Lens,2024-10-06,Matchweek 7,Sun,Away,D,2,2,Strasbourg,486.0,580.0,83.8,7971.0,2758.0,273.0,292.0,93.5,160.0,179.0,89.4,46.0,80.0,57.5,1,0.9,1.5,9.0,32.0,16.0,5.0,37.0,17:00:00,/en/matches/219332d8/Strasbourg-Lens-October-6-2024-Ligue-1
FRA-Ligue 1,2425,Lens,2024-10-19 Saint-Étienne-Lens,2024-10-19,Matchweek 8,Sat,Away,W,2,0,Saint-Étienne,535.0,628.0,85.2,9078.0,3565.0,246.0,272.0,90.4,216.0,238.0,90.8,50.0,79.0,63.3,1,0.4,0.8,8.0,36.0,15.0,1.0,43.0,19:00:00,/en/matches/0782c73c/Saint-Etienne-Lens-October-19-2024-Ligue-1
FRA-Ligue 1,2425,Lens,2024-10-26 Lens-Lille,2024-10-26,Matchweek 9,Sat,Home,L,0,2,Lille,348.0,482.0,72.2,5789.0,2137.0,171.0,210.0,81.4,130.0,169.0,76.9,30.0,65.0,46.2,0,1.1,0.7,10.0,22.0,7.0,3.0,42.0,21:00:00,/en/matches/ac39189f/Lens-Lille-October-26-2024-Ligue-1
FRA-Ligue 1,2425,Lens,2024-11-02 Paris S-G-Lens,2024-11-02,Matchweek 10,Sat,Away,L,0,1,Paris S-G,264.0,345.0,76.5,4304.0,1889.0,143.0,169.0,84.6,81.0,102.0,79.4,28.0,46.0,60.9,0,0.6,0.6,9.0,22.0,9.0,1.0,33.0,17:00:00,/en/matches/51cd344b/Paris-Saint-Germain-Lens-November-2-2024-Ligue-1
FRA-Ligue 1,2425,Lens,2024-11-09 Lens-Nantes,2024-11-09,Matchweek 11,Sat,Home,W,3,2,Nantes,593.0,702.0,84.5,9933.0,3256.0,266.0,291.0,91.4,274.0,307.0,89.3,42.0,71.0,59.2,0,0.8,1.2,10.0,47.0,13.0,6.0,63.0,19:00:00,/en/matches/172c33b7/Lens-Nantes-November-9-2024-Ligue-1
FRA-Ligue 1,2425,Lens,2024-11-23 Lens-Marseille,2024-11-23,Matchweek 12,Sat,Home,L,1,3,Marseille,339.0,435.0,77.9,5613.0,1691.0,174.0,192.0,90.6,123.0,151.0,81.5,31.0,64.0,48.4,0,1.6,0.9,9.0,17.0,6.0,2.0,25.0,17:00:00,/en/matches/01446885/Lens-Marseille-November-23-2024-Ligue-1
FRA-Ligue 1,2425,Lens,2024-11-29 Reims-Lens,2024-11-29,Matchweek 13,Fri,Away,W,2,0,Reims,389.0,469.0,82.9,6346.0,2364.0,187.0,207.0,90.3,163.0,187.0,87.2,28.0,51.0,54.9,1,1.6,0.8,7.0,25.0,5.0,1.0,33.0,20:45:00,/en/matches/a4c0898c/Reims-Lens-November-29-2024-Ligue-1
FRA-Ligue 1,2425,Lens,2024-12-08 Lens-Montpellier,2024-12-08,Matchweek 14,Sun,Home,W,2,0,Montpellier,473.0,554.0,85.4,7526.0,2906.0,237.0,258.0,91.9,184.0,214.0,86.0,30.0,45.0,66.7,1,1.2,1.3,16.0,39.0,13.0,5.0,63.0,15:00:00,/en/matches/bb9a5ad3/Lens-Montpellier-December-8-2024-Ligue-1
FRA-Ligue 1,2425,Lens,2024-12-14 Auxerre-Lens,2024-12-14,Matchweek 15,Sat,Away,D,2,2,Auxerre,539.0,634.0,85.0,8949.0,2919.0,251.0,284.0,88.4,234.0,254.0,92.1,36.0,63.0,57.1,2,1.5,1.5,12.0,53.0,15.0,5.0,42.0,19:00:00,/en/matches/fb7a9227/Auxerre-Lens-December-14-2024-Ligue-1
FRA-Ligue 1,2425,Lens,2025-01-05 Lens-Toulouse,2025-01-05,Matchweek 16,Sun,Home,L,0,1,Toulouse,464.0,573.0,81.0,7673.0,2692.0,224.0,251.0,89.2,205.0,232.0,88.4,27.0,59.0,45.8,0,0.8,1.3,9.0,44.0,17.0,3.0,57.0,15:00:00,/en/matches/1f09a51a/Lens-Toulouse-January-5-2025-Ligue-1
FRA-Ligue 1,2425,Lens,2025-01-12 Le Havre-Lens,2025-01-12,Matchweek 17,Sun,Away,W,2,1,Le Havre,512.0,638.0,80.3,8070.0,2732.0,258.0,307.0,84.0,187.0,223.0,83.9,41.0,63.0,65.1,2,1.7,1.7,19.0,47.0,20.0,8.0,74.0,15:00:00,/en/matches/63d7285c/Le-Havre-Lens-January-12-2025-Ligue-1
FRA-Ligue 1,2425,Lens,2025-01-18 Lens-Paris S-G,2025-01-18,Matchweek 18,Sat,Home,L,1,2,Paris S-G,278.0,374.0,74.3,4966.0,2031.0,131.0,153.0,85.6,98.0,119.0,82.4,40.0,69.0,58.0,0,0.3,0.6,5.0,22.0,8.0,0.0,34.0,17:00:00,/en/matches/f1e63652/Lens-Paris-Saint-Germain-January-18-2025-Ligue-1
FRA-Ligue 1,2425,Lens,2025-01-26 Lens-Angers,2025-01-26,Matchweek 19,Sun,Home,W,1,0,Angers,541.0,650.0,83.2,8151.0,2779.0,285.0,313.0,91.1,191.0,228.0,83.8,37.0,64.0,57.8,1,1.9,1.8,16.0,46.0,19.0,7.0,58.0,17:15:00,/en/matches/5026986a/Lens-Angers-January-26-2025-Ligue-1
FRA-Ligue 1,2425,Lens,2025-01-31 Montpellier-Lens,2025-01-31,Matchweek 20,Fri,Away,W,2,0,Montpellier,387.0,482.0,80.3,6800.0,2704.0,190.0,214.0,88.8,158.0,180.0,87.8,35.0,69.0,50.7,2,1.7,0.8,13.0,39.0,10.0,0.0,39.0,20:45:00,/en/matches/3652d822/Montpellier-Lens-January-31-2025-Ligue-1
FRA-Ligue 1,2425,Lens,2025-02-08 Nice-Lens,2025-02-08,Matchweek 21,Sat,Away,L,0,2,Nice,353.0,438.0,80.6,6422.0,2017.0,133.0,153.0,86.9,184.0,207.0,88.9,29.0,59.0,49.2,0,1.0,0.6,9.0,16.0,2.0,1.0,26.0,17:00:00,/en/matches/544b155b/Nice-Lens-February-8-2025-Ligue-1
FRA-Ligue 1,2425,Lens,2025-02-16 Lens-Strasbourg,2025-02-16,Matchweek 22,Sun,Home,L,0,2,Strasbourg,509.0,612.0,83.2,8650.0,2801.0,242.0,271.0,89.3,196.0,220.0,89.1,50.0,78.0,64.1,0,0.3,1.2,6.0,35.0,7.0,3.0,40.0,17:15:00,/en/matches/bdcbbf69/Lens-Strasbourg-February-16-2025-Ligue-1
FRA-Ligue 1,2425,Lens,2025-02-23 Nantes-Lens,2025-02-23,Matchweek 23,Sun,Away,L,1,3,Nantes,555.0,652.0,85.1,8902.0,3032.0,304.0,342.0,88.9,193.0,216.0,89.4,44.0,66.0,66.7,0,0.5,0.8,10.0,44.0,8.0,1.0,43.0,15:00:00,/en/matches/24e266d4/Nantes-Lens-February-23-2025-Ligue-1
FRA-Ligue 1,2425,Lens,2025-03-01 Lens-Le Havre,2025-03-01,Matchweek 24,Sat,Home,L,3,4,Le Havre,560.0,649.0,86.3,9415.0,3073.0,264.0,287.0,92.0,246.0,270.0,91.1,41.0,61.0,67.2,2,1.0,1.8,16.0,59.0,16.0,7.0,67.0,19:00:00,/en/matches/f0429a72/Lens-Le-Havre-March-1-2025-Ligue-1
FRA-Ligue 1,2425,Lens,2025-03-08 Marseille-Lens,2025-03-08,Matchweek 25,Sat,Away,W,1,0,Marseille,212.0,299.0,70.9,3505.0,1491.0,106.0,131.0,80.9,70.0,88.0,79.5,24.0,50.0,48.0,1,0.7,0.5,2.0,10.0,1.0,0.0,9.0,21:05:00,/en/matches/e5496a7e/Marseille-Lens-March-8-2025-Ligue-1
FRA-Ligue 1,2425,Lens,2025-03-15 Lens-Rennes,2025-03-15,Matchweek 26,Sat,Home,W,1,0,Rennes,357.0,468.0,76.3,5188.0,1840.0,204.0,232.0,87.9,114.0,138.0,82.6,20.0,50.0,40.0,1,0.8,1.0,9.0,18.0,6.0,1.0,24.0,21:05:00,/en/matches/e042d34f/Lens-Rennes-March-15-2025-Ligue-1
FRA-Ligue 1,2425,Lens,2025-03-30 Lille-Lens,2025-03-30,Matchweek 27,Sun,Away,L,0,1,Lille,511.0,593.0,86.2,8768.0,2445.0,237.0,252.0,94.0,208.0,234.0,88.9,49.0,78.0,62.8,0,0.4,0.7,4.0,28.0,5.0,3.0,21.0,20:45:00,/en/matches/64b7845b/Lille-Lens-March-30-2025-Ligue-1
FRA-Ligue 1,2425,Lens,2025-04-06 Lens-Saint-Étienne,2025-04-06,Matchweek 28,Sun,Home,W,1,0,Saint-Étienne,463.0,562.0,82.4,8295.0,3114.0,226.0,251.0,90.0,173.0,198.0,87.4,57.0,82.0,69.5,1,1.5,2.7,12.0,47.0,14.0,3.0,51.0,15:00:00,/en/matches/859cd779/Lens-Saint-Etienne-April-6-2025-Ligue-1
FRA-Ligue 1,2425,Lens,2025-04-11 Lens-Reims,2025-04-11,Matchweek 29,Fri,Home,L,0,2,Reims,608.0,727.0,83.6,9460.0,3024.0,318.0,339.0,93.8,238.0,277.0,85.9,33.0,75.0,44.0,0,2.2,3.0,25.0,57.0,15.0,5.0,79.0,20:45:00,/en/matches/1fafebba/Lens-Reims-April-11-2025-Ligue-1
FRA-Ligue 1,2425,Lens,2025-04-20 Brest-Lens,2025-04-20,Matchweek 30,Sun,Away,W,3,1,Brest,454.0,532.0,85.3,8347.0,2955.0,190.0,206.0,92.2,198.0,214.0,92.5,53.0,79.0,67.1,2,1.4,0.9,13.0,33.0,13.0,4.0,54.0,17:15:00,/en/matches/1e5241b4/Brest-Lens-April-20-2025-Ligue-1
FRA-Ligue 1,2425,Lens,2025-04-27 Lens-Auxerre,2025-04-27,Matchweek 31,Sun,Home,L,0,4,Auxerre,595.0,713.0,83.5,8975.0,3151.0,318.0,355.0,89.6,230.0,267.0,86.1,24.0,52.0,46.2,0,1.3,2.2,13.0,41.0,5.0,2.0,51.0,17:15:00,/en/matches/0745c59f/Lens-Auxerre-April-27-2025-Ligue-1
FRA-Ligue 1,2425,Lens,2025-05-04 Lyon-Lens,2025-05-04,Matchweek 32,Sun,Away,W,2,1,Lyon,256.0,322.0,79.5,4317.0,1806.0,120.0,132.0,90.9,98.0,116.0,84.5,27.0,52.0,51.9,2,0.7,0.2,8.0,9.0,1.0,0.0,18.0,17:15:00,/en/matches/60c53e19/Lyon-Lens-May-4-2025-Ligue-1
FRA-Ligue 1,2425,Lens,2025-05-10 Toulouse-Lens,2025-05-10,Matchweek 33,Sat,Away,D,1,1,Toulouse,517.0,594.0,87.0,8371.0,2574.0,251.0,275.0,91.3,222.0,243.0,91.4,31.0,56.0,55.4,1,0.5,0.8,7.0,26.0,9.0,2.0,26.0,21:00:00,/en/matches/4ef097b0/Toulouse-Lens-May-10-2025-Ligue-1
FRA-Ligue 1,2425,Lens,2025-05-17 Lens-Monaco,2025-05-17,Matchweek 34,Sat,Home,W,4,0,Monaco,398.0,478.0,83.3,6586.0,2364.0,198.0,213.0,93.0,149.0,166.0,89.8,37.0,61.0,60.7,3,1.5,1.0,13.0,24.0,10.0,3.0,38.0,21:00:00,/en/matches/d2408c01/Lens-Monaco-May-17-2025-Ligue-1
FRA-Ligue 1,2425,Lille,2024-08-17 Reims-Lille,2024-08-17,Matchweek 1,Sat,Away,W,2,0,Reims,596.0,670.0,89.0,10201.0,2938.0,274.0,300.0,91.3,268.0,289.0,92.7,43.0,57.0,75.4,0,1.1,1.3,12.0,59.0,9.0,3.0,72.0,19:00:00,/en/matches/06aa495e/Reims-Lille-August-17-2024-Ligue-1
FRA-Ligue 1,2425,Lille,2024-08-24 Lille-Angers,2024-08-24,Matchweek 2,Sat,Home,W,2,0,Angers,538.0,637.0,84.5,9697.0,2909.0,213.0,239.0,89.1,270.0,292.0,92.5,45.0,71.0,63.4,2,0.8,0.8,9.0,47.0,12.0,2.0,56.0,19:00:00,/en/matches/70fdbb5a/Lille-Angers-August-24-2024-Ligue-1
FRA-Ligue 1,2425,Lille,2024-09-01 Lille-Paris S-G,2024-09-01,Matchweek 3,Sun,Home,L,1,3,Paris S-G,377.0,459.0,82.1,5933.0,2223.0,203.0,224.0,90.6,144.0,168.0,85.7,22.0,40.0,55.0,1,1.4,0.9,8.0,29.0,5.0,0.0,36.0,20:45:00,/en/matches/49234140/Lille-Paris-Saint-Germain-September-1-2024-Ligue-1
FRA-Ligue 1,2425,Lille,2024-09-13 Saint-Étienne-Lille,2024-09-13,Matchweek 4,Fri,Away,L,0,1,Saint-Étienne,636.0,745.0,85.4,10780.0,3249.0,317.0,345.0,91.9,268.0,303.0,88.4,43.0,65.0,66.2,0,1.0,1.6,12.0,47.0,16.0,4.0,65.0,20:45:00,/en/matches/47e23fb5/Saint-Etienne-Lille-September-13-2024-Ligue-1
FRA-Ligue 1,2425,Lille,2024-09-21 Lille-Strasbourg,2024-09-21,Matchweek 5,Sat,Home,D,3,3,Strasbourg,522.0,614.0,85.0,9653.0,3066.0,212.0,229.0,92.6,239.0,263.0,90.9,62.0,89.0,69.7,1,0.9,0.9,9.0,48.0,12.0,1.0,61.0,17:00:00,/en/matches/2bff6ebd/Lille-Strasbourg-September-21-2024-Ligue-1
FRA-Ligue 1,2425,Lille,2024-09-28 Le Havre-Lille,2024-09-28,Matchweek 6,Sat,Away,W,3,0,Le Havre,596.0,674.0,88.4,10364.0,3217.0,271.0,292.0,92.8,290.0,309.0,93.9,33.0,63.0,52.4,3,2.8,3.1,16.0,44.0,21.0,3.0,47.0,19:00:00,/en/matches/e08ccde6/Le-Havre-Lille-September-28-2024-Ligue-1
FRA-Ligue 1,2425,Lille,2024-10-05 Lille-Toulouse,2024-10-05,Matchweek 7,Sat,Home,W,2,1,Toulouse,470.0,555.0,84.7,8162.0,2518.0,203.0,225.0,90.2,229.0,256.0,89.5,29.0,53.0,54.7,2,1.5,1.3,7.0,31.0,8.0,2.0,45.0,19:00:00,/en/matches/8d700c3d/Lille-Toulouse-October-5-2024-Ligue-1
FRA-Ligue 1,2425,Lille,2024-10-18 Monaco-Lille,2024-10-18,Matchweek 8,Fri,Away,D,0,0,Monaco,380.0,471.0,80.7,6579.0,2199.0,173.0,192.0,90.1,161.0,187.0,86.1,37.0,70.0,52.9,0,0.2,0.5,3.0,32.0,1.0,0.0,29.0,20:45:00,/en/matches/18476c11/Monaco-Lille-October-18-2024-Ligue-1
FRA-Ligue 1,2425,Lille,2024-10-26 Lens-Lille,2024-10-26,Matchweek 9,Sat,Away,W,2,0,Lens,255.0,351.0,72.6,4552.0,1754.0,119.0,142.0,83.8,105.0,133.0,78.9,26.0,62.0,41.9,1,0.8,0.6,6.0,20.0,6.0,1.0,21.0,21:00:00,/en/matches/ac39189f/Lens-Lille-October-26-2024-Ligue-1
FRA-Ligue 1,2425,Lille,2024-11-01 Lille-Lyon,2024-11-01,Matchweek 10,Fri,Home,D,1,1,Lyon,348.0,430.0,80.9,6457.0,2305.0,147.0,172.0,85.5,169.0,181.0,93.4,30.0,60.0,50.0,0,0.6,0.6,7.0,34.0,6.0,1.0,38.0,21:00:00,/en/matches/d592199c/Lille-Lyon-November-1-2024-Ligue-1
FRA-Ligue 1,2425,Lille,2024-11-10 Nice-Lille,2024-11-10,Matchweek 11,Sun,Away,D,2,2,Nice,471.0,547.0,86.1,8488.0,2740.0,200.0,218.0,91.7,216.0,238.0,90.8,47.0,72.0,65.3,2,1.7,1.8,10.0,38.0,3.0,1.0,27.0,15:00:00,/en/matches/e213d881/Nice-Lille-November-10-2024-Ligue-1
FRA-Ligue 1,2425,Lille,2024-11-24 Lille-Rennes,2024-11-24,Matchweek 12,Sun,Home,W,1,0,Rennes,412.0,496.0,83.1,7239.0,2173.0,190.0,211.0,90.0,173.0,193.0,89.6,38.0,66.0,57.6,0,0.2,0.5,4.0,28.0,7.0,1.0,37.0,15:00:00,/en/matches/240126d9/Lille-Rennes-November-24-2024-Ligue-1
FRA-Ligue 1,2425,Lille,2024-12-01 Montpellier-Lille,2024-12-01,Matchweek 13,Sun,Away,D,2,2,Montpellier,402.0,486.0,82.7,6950.0,2149.0,158.0,183.0,86.3,207.0,230.0,90.0,27.0,47.0,57.4,0,0.6,0.7,9.0,39.0,7.0,0.0,42.0,15:00:00,/en/matches/76b0b7f1/Montpellier-Lille-December-1-2024-Ligue-1
FRA-Ligue 1,2425,Lille,2024-12-06 Lille-Brest,2024-12-06,Matchweek 14,Fri,Home,W,3,1,Brest,575.0,661.0,87.0,10280.0,3000.0,220.0,243.0,90.5,292.0,319.0,91.5,50.0,71.0,70.4,1,1.2,1.9,7.0,35.0,7.0,0.0,44.0,19:00:00,/en/matches/5b3adec0/Lille-Brest-December-6-2024-Ligue-1
FRA-Ligue 1,2425,Lille,2024-12-14 Marseille-Lille,2024-12-14,Matchweek 15,Sat,Away,D,1,1,Marseille,398.0,475.0,83.8,7234.0,2640.0,165.0,186.0,88.7,172.0,192.0,89.6,48.0,72.0,66.7,1,1.0,1.2,8.0,44.0,13.0,5.0,39.0,17:00:00,/en/matches/5cab6dd9/Marseille-Lille-December-14-2024-Ligue-1
FRA-Ligue 1,2425,Lille,2025-01-04 Lille-Nantes,2025-01-04,Matchweek 16,Sat,Home,D,1,1,Nantes,671.0,764.0,87.8,11964.0,3111.0,286.0,310.0,92.3,323.0,358.0,90.2,54.0,74.0,73.0,0,0.9,1.2,10.0,52.0,7.0,4.0,65.0,19:00:00,/en/matches/185f0c34/Lille-Nantes-January-4-2025-Ligue-1
FRA-Ligue 1,2425,Lille,2025-01-10 Auxerre-Lille,2025-01-10,Matchweek 17,Fri,Away,D,0,0,Auxerre,549.0,664.0,82.7,9170.0,2873.0,234.0,269.0,87.0,248.0,281.0,88.3,39.0,64.0,60.9,0,0.6,2.2,10.0,60.0,18.0,6.0,76.0,21:05:00,/en/matches/0c8ab7d6/Auxerre-Lille-January-10-2025-Ligue-1
FRA-Ligue 1,2425,Lille,2025-01-17 Lille-Nice,2025-01-17,Matchweek 18,Fri,Home,W,2,1,Nice,474.0,560.0,84.6,8311.0,2876.0,205.0,226.0,90.7,225.0,253.0,88.9,38.0,56.0,67.9,1,0.7,1.2,9.0,46.0,9.0,3.0,44.0,21:05:00,/en/matches/41d92573/Lille-Nice-January-17-2025-Ligue-1
FRA-Ligue 1,2425,Lille,2025-01-25 Strasbourg-Lille,2025-01-25,Matchweek 19,Sat,Away,L,1,2,Strasbourg,542.0,633.0,85.6,9648.0,3452.0,234.0,255.0,91.8,254.0,278.0,91.4,46.0,77.0,59.7,1,1.7,1.4,11.0,36.0,15.0,4.0,53.0,19:00:00,/en/matches/f5d25d48/Strasbourg-Lille-January-25-2025-Ligue-1
FRA-Ligue 1,2425,Lille,2025-02-01 Lille-Saint-Étienne,2025-02-01,Matchweek 20,Sat,Home,W,4,1,Saint-Étienne,583.0,669.0,87.1,10108.0,3311.0,234.0,263.0,89.0,252.0,278.0,90.6,62.0,73.0,84.9,3,2.1,1.2,22.0,61.0,19.0,4.0,60.0,21:05:00,/en/matches/41e764ae/Lille-Saint-Etienne-February-1-2025-Ligue-1
FRA-Ligue 1,2425,Lille,2025-02-08 Lille-Le Havre,2025-02-08,Matchweek 21,Sat,Home,L,1,2,Le Havre,520.0,611.0,85.1,9732.0,3062.0,214.0,236.0,90.7,231.0,249.0,92.8,61.0,88.0,69.3,0,1.1,1.5,11.0,74.0,17.0,7.0,81.0,19:00:00,/en/matches/8c539e02/Lille-Le-Havre-February-8-2025-Ligue-1
FRA-Ligue 1,2425,Lille,2025-02-16 Rennes-Lille,2025-02-16,Matchweek 22,Sun,Away,W,2,0,Rennes,504.0,581.0,86.7,9409.0,3128.0,190.0,207.0,91.8,249.0,271.0,91.9,56.0,75.0,74.7,1,1.7,1.6,13.0,33.0,13.0,5.0,56.0,20:45:00,/en/matches/f2bcec96/Rennes-Lille-February-16-2025-Ligue-1
FRA-Ligue 1,2425,Lille,2025-02-22 Lille-Monaco,2025-02-22,Matchweek 23,Sat,Home,W,2,1,Monaco,341.0,422.0,80.8,5993.0,1869.0,140.0,157.0,89.2,161.0,182.0,88.5,32.0,60.0,53.3,1,0.5,0.7,7.0,26.0,11.0,1.0,28.0,17:00:00,/en/matches/a62e412a/Lille-Monaco-February-22-2025-Ligue-1
FRA-Ligue 1,2425,Lille,2025-03-01 Paris S-G-Lille,2025-03-01,Matchweek 24,Sat,Away,L,1,4,Paris S-G,423.0,501.0,84.4,7017.0,2381.0,202.0,231.0,87.4,176.0,186.0,94.6,31.0,53.0,58.5,0,0.3,0.2,4.0,31.0,3.0,0.0,28.0,21:05:00,/en/matches/3432f5cc/Paris-Saint-Germain-Lille-March-1-2025-Ligue-1
FRA-Ligue 1,2425,Lille,2025-03-08 Lille-Montpellier,2025-03-08,Matchweek 25,Sat,Home,W,1,0,Montpellier,715.0,804.0,88.9,11668.0,3417.0,352.0,378.0,93.1,307.0,339.0,90.6,41.0,57.0,71.9,1,1.4,1.2,16.0,65.0,12.0,2.0,60.0,19:00:00,/en/matches/3de20b0f/Lille-Montpellier-March-8-2025-Ligue-1
FRA-Ligue 1,2425,Lille,2025-03-15 Nantes-Lille,2025-03-15,Matchweek 26,Sat,Away,L,0,1,Nantes,627.0,704.0,89.1,10340.0,3242.0,284.0,305.0,93.1,280.0,297.0,94.3,38.0,59.0,64.4,0,1.6,2.8,13.0,52.0,19.0,3.0,67.0,17:00:00,/en/matches/e91d94ec/Nantes-Lille-March-15-2025-Ligue-1
FRA-Ligue 1,2425,Lille,2025-03-30 Lille-Lens,2025-03-30,Matchweek 27,Sun,Home,W,1,0,Lens,390.0,485.0,80.4,6737.0,2196.0,173.0,195.0,88.7,176.0,199.0,88.4,29.0,60.0,48.3,0,0.4,1.1,6.0,27.0,8.0,2.0,33.0,20:45:00,/en/matches/64b7845b/Lille-Lens-March-30-2025-Ligue-1
FRA-Ligue 1,2425,Lille,2025-04-05 Lyon-Lille,2025-04-05,Matchweek 28,Sat,Away,L,1,2,Lyon,428.0,501.0,85.4,7139.0,2448.0,205.0,230.0,89.1,177.0,196.0,90.3,34.0,51.0,66.7,1,0.9,0.6,10.0,19.0,4.0,0.0,29.0,21:05:00,/en/matches/4fbb8dea/Lyon-Lille-April-5-2025-Ligue-1
FRA-Ligue 1,2425,Lille,2025-04-12 Toulouse-Lille,2025-04-12,Matchweek 29,Sat,Away,W,2,1,Toulouse,538.0,619.0,86.9,9378.0,3089.0,226.0,245.0,92.2,280.0,301.0,93.0,26.0,55.0,47.3,1,0.3,0.4,3.0,34.0,6.0,1.0,39.0,19:00:00,/en/matches/0a9272f4/Toulouse-Lille-April-12-2025-Ligue-1
FRA-Ligue 1,2425,Lille,2025-04-20 Lille-Auxerre,2025-04-20,Matchweek 30,Sun,Home,W,3,1,Auxerre,495.0,577.0,85.8,9087.0,2851.0,180.0,196.0,91.8,272.0,296.0,91.9,38.0,68.0,55.9,2,1.6,1.3,10.0,34.0,10.0,0.0,41.0,15:00:00,/en/matches/dfc19892/Lille-Auxerre-April-20-2025-Ligue-1
FRA-Ligue 1,2425,Lille,2025-04-27 Angers-Lille,2025-04-27,Matchweek 31,Sun,Away,W,2,0,Angers,507.0,589.0,86.1,8918.0,2833.0,241.0,267.0,90.3,222.0,249.0,89.2,43.0,67.0,64.2,2,1.4,1.4,9.0,40.0,11.0,1.0,51.0,15:00:00,/en/matches/af631621/Angers-Lille-April-27-2025-Ligue-1
FRA-Ligue 1,2425,Lille,2025-05-04 Lille-Marseille,2025-05-04,Matchweek 32,Sun,Home,D,1,1,Marseille,366.0,437.0,83.8,6914.0,2127.0,115.0,133.0,86.5,222.0,240.0,92.5,23.0,46.0,50.0,1,0.4,0.3,3.0,23.0,2.0,0.0,28.0,20:45:00,/en/matches/491d68bb/Lille-Marseille-May-4-2025-Ligue-1
FRA-Ligue 1,2425,Lille,2025-05-10 Brest-Lille,2025-05-10,Matchweek 33,Sat,Away,L,0,2,Brest,540.0,653.0,82.7,9945.0,3793.0,201.0,234.0,85.9,256.0,288.0,88.9,63.0,89.0,70.8,0,1.0,0.7,11.0,38.0,12.0,1.0,54.0,21:00:00,/en/matches/21a8a9a9/Brest-Lille-May-10-2025-Ligue-1
FRA-Ligue 1,2425,Lille,2025-05-17 Lille-Reims,2025-05-17,Matchweek 34,Sat,Home,W,2,1,Reims,576.0,683.0,84.3,9546.0,2591.0,267.0,293.0,91.1,243.0,274.0,88.7,48.0,73.0,65.8,0,0.7,1.2,13.0,67.0,16.0,2.0,64.0,21:00:00,/en/matches/788e598c/Lille-Reims-May-17-2025-Ligue-1
FRA-Ligue 1,2425,Lyon,2024-08-18 Rennes-Lyon,2024-08-18,Matchweek 1,Sun,Away,L,0,3,Rennes,413.0,507.0,81.5,6711.0,2590.0,208.0,235.0,88.5,153.0,174.0,87.9,38.0,60.0,63.3,0,0.6,1.4,12.0,34.0,13.0,2.0,58.0,20:45:00,/en/matches/bc46a367/Rennes-Lyon-August-18-2024-Ligue-1
FRA-Ligue 1,2425,Lyon,2024-08-24 Lyon-Monaco,2024-08-24,Matchweek 2,Sat,Home,L,0,2,Monaco,281.0,362.0,77.6,4946.0,2234.0,137.0,162.0,84.6,103.0,128.0,80.5,33.0,56.0,58.9,0,0.0,0.3,0.0,24.0,6.0,2.0,26.0,17:00:00,/en/matches/1041ac42/Lyon-Monaco-August-24-2024-Ligue-1
FRA-Ligue 1,2425,Lyon,2024-08-30 Lyon-Strasbourg,2024-08-30,Matchweek 3,Fri,Home,W,4,3,Strasbourg,359.0,452.0,79.4,5761.0,2410.0,177.0,201.0,88.1,146.0,176.0,83.0,22.0,44.0,50.0,2,2.3,2.8,16.0,37.0,15.0,2.0,46.0,20:45:00,/en/matches/2c5ec7aa/Lyon-Strasbourg-August-30-2024-Ligue-1
FRA-Ligue 1,2425,Lyon,2024-09-15 Lens-Lyon,2024-09-15,Matchweek 4,Sun,Away,D,0,0,Lens,346.0,466.0,74.2,5626.0,2329.0,163.0,190.0,85.8,139.0,161.0,86.3,28.0,65.0,43.1,0,0.5,1.2,7.0,21.0,11.0,0.0,39.0,20:45:00,/en/matches/6f7e5cde/Lens-Lyon-September-15-2024-Ligue-1
FRA-Ligue 1,2425,Lyon,2024-09-22 Lyon-Marseille,2024-09-22,Matchweek 5,Sun,Home,L,2,3,Marseille,473.0,567.0,83.4,8554.0,2608.0,206.0,232.0,88.8,219.0,252.0,86.9,45.0,68.0,66.2,2,1.6,3.0,16.0,66.0,15.0,5.0,67.0,20:45:00,/en/matches/35b20e2f/Choc-des-Olympiques-Lyon-Marseille-September-22-2024-Ligue-1
FRA-Ligue 1,2425,Lyon,2024-09-29 Toulouse-Lyon,2024-09-29,Matchweek 6,Sun,Away,W,2,1,Toulouse,432.0,519.0,83.2,7401.0,2610.0,187.0,197.0,94.9,202.0,225.0,89.8,32.0,68.0,47.1,0,0.3,0.4,3.0,40.0,3.0,1.0,37.0,15:00:00,/en/matches/a7954dea/Toulouse-Lyon-September-29-2024-Ligue-1
FRA-Ligue 1,2425,Lyon,2024-10-06 Lyon-Nantes,2024-10-06,Matchweek 7,Sun,Home,W,2,0,Nantes,574.0,666.0,86.2,9557.0,3247.0,270.0,293.0,92.2,239.0,273.0,87.5,44.0,68.0,64.7,1,2.4,2.7,14.0,34.0,19.0,1.0,60.0,15:00:00,/en/matches/1cefcdb4/Lyon-Nantes-October-6-2024-Ligue-1
FRA-Ligue 1,2425,Lyon,2024-10-20 Le Havre-Lyon,2024-10-20,Matchweek 8,Sun,Away,W,4,0,Le Havre,462.0,544.0,84.9,8202.0,2943.0,205.0,231.0,88.7,220.0,240.0,91.7,35.0,60.0,58.3,3,2.6,2.3,13.0,33.0,11.0,2.0,50.0,15:00:00,/en/matches/b12f8ecd/Le-Havre-Lyon-October-20-2024-Ligue-1
FRA-Ligue 1,2425,Lyon,2024-10-27 Lyon-Auxerre,2024-10-27,Matchweek 9,Sun,Home,D,2,2,Auxerre,488.0,590.0,82.7,8393.0,2522.0,225.0,256.0,87.9,230.0,255.0,90.2,31.0,66.0,47.0,1,1.2,1.5,10.0,52.0,9.0,2.0,52.0,15:00:00,/en/matches/bd02e3b4/Lyon-Auxerre-October-27-2024-Ligue-1
FRA-Ligue 1,2425,Lyon,2024-11-01 Lille-Lyon,2024-11-01,Matchweek 10,Fri,Away,D,1,1,Lille,381.0,492.0,77.4,6861.0,2450.0,164.0,198.0,82.8,170.0,203.0,83.7,39.0,67.0,58.2,1,1.1,1.8,11.0,23.0,9.0,2.0,28.0,21:00:00,/en/matches/d592199c/Lille-Lyon-November-1-2024-Ligue-1
FRA-Ligue 1,2425,Lyon,2024-11-10 Lyon-Saint-Étienne,2024-11-10,Matchweek 11,Sun,Home,W,1,0,Saint-Étienne,505.0,603.0,83.7,8549.0,2667.0,240.0,271.0,88.6,212.0,245.0,86.5,40.0,59.0,67.8,0,0.5,1.0,11.0,41.0,16.0,2.0,62.0,20:45:00,/en/matches/e552596a/Lyon-Saint-Etienne-November-10-2024-Ligue-1
FRA-Ligue 1,2425,Lyon,2024-11-23 Reims-Lyon,2024-11-23,Matchweek 12,Sat,Away,D,1,1,Reims,499.0,573.0,87.1,8609.0,2945.0,220.0,236.0,93.2,232.0,252.0,92.1,39.0,59.0,66.1,1,1.6,1.2,12.0,48.0,14.0,2.0,61.0,21:00:00,/en/matches/4da20576/Reims-Lyon-November-23-2024-Ligue-1
FRA-Ligue 1,2425,Lyon,2024-12-01 Lyon-Nice,2024-12-01,Matchweek 13,Sun,Home,W,4,1,Nice,402.0,512.0,78.5,6643.0,2391.0,201.0,232.0,86.6,154.0,180.0,85.6,33.0,63.0,52.4,2,1.8,1.3,11.0,28.0,12.0,3.0,41.0,17:00:00,/en/matches/44194749/Lyon-Nice-December-1-2024-Ligue-1
FRA-Ligue 1,2425,Lyon,2024-12-07 Angers-Lyon,2024-12-07,Matchweek 14,Sat,Away,W,3,0,Angers,542.0,630.0,86.0,8840.0,2656.0,282.0,300.0,94.0,210.0,238.0,88.2,39.0,68.0,57.4,3,1.7,2.6,12.0,41.0,11.0,2.0,45.0,21:00:00,/en/matches/8f5cb172/Angers-Lyon-December-7-2024-Ligue-1
FRA-Ligue 1,2425,Lyon,2024-12-15 Paris S-G-Lyon,2024-12-15,Matchweek 15,Sun,Away,L,1,3,Paris S-G,294.0,370.0,79.5,4868.0,1934.0,166.0,186.0,89.2,106.0,126.0,84.1,20.0,48.0,41.7,1,1.1,1.0,6.0,23.0,9.0,0.0,38.0,20:45:00,/en/matches/90a6f4dd/Paris-Saint-Germain-Lyon-December-15-2024-Ligue-1
FRA-Ligue 1,2425,Lyon,2025-01-04 Lyon-Montpellier,2025-01-04,Matchweek 16,Sat,Home,W,1,0,Montpellier,463.0,551.0,84.0,7512.0,2531.0,210.0,232.0,90.5,219.0,246.0,89.0,25.0,47.0,53.2,0,0.5,0.7,9.0,32.0,12.0,4.0,55.0,21:00:00,/en/matches/6c34a34e/Lyon-Montpellier-January-4-2025-Ligue-1
FRA-Ligue 1,2425,Lyon,2025-01-11 Brest-Lyon,2025-01-11,Matchweek 17,Sat,Away,L,1,2,Brest,575.0,682.0,84.3,10233.0,3279.0,259.0,299.0,86.6,257.0,279.0,92.1,49.0,77.0,63.6,1,1.2,1.4,7.0,50.0,9.0,0.0,62.0,17:00:00,/en/matches/561e5c4a/Brest-Lyon-January-11-2025-Ligue-1
FRA-Ligue 1,2425,Lyon,2025-01-18 Lyon-Toulouse,2025-01-18,Matchweek 18,Sat,Home,D,0,0,Toulouse,520.0,618.0,84.1,8475.0,2819.0,274.0,301.0,91.0,215.0,242.0,88.8,28.0,54.0,51.9,0,0.4,1.5,7.0,47.0,16.0,1.0,67.0,21:05:00,/en/matches/58a863f5/Lyon-Toulouse-January-18-2025-Ligue-1
FRA-Ligue 1,2425,Lyon,2025-01-26 Nantes-Lyon,2025-01-26,Matchweek 19,Sun,Away,D,1,1,Nantes,563.0,650.0,86.6,8740.0,2961.0,284.0,302.0,94.0,222.0,242.0,91.7,31.0,55.0,56.4,1,1.1,2.2,14.0,33.0,16.0,1.0,54.0,17:15:00,/en/matches/b90ceb47/Nantes-Lyon-January-26-2025-Ligue-1
FRA-Ligue 1,2425,Lyon,2025-02-02 Marseille-Lyon,2025-02-02,Matchweek 20,Sun,Away,L,2,3,Marseille,281.0,357.0,78.7,4881.0,1854.0,142.0,157.0,90.4,109.0,125.0,87.2,25.0,53.0,47.2,1,0.6,0.4,6.0,19.0,3.0,0.0,20.0,20:45:00,/en/matches/368d6066/Choc-des-Olympiques-Marseille-Lyon-February-2-2025-Ligue-1
FRA-Ligue 1,2425,Lyon,2025-02-09 Lyon-Reims,2025-02-09,Matchweek 21,Sun,Home,W,4,0,Reims,594.0,684.0,86.8,8884.0,2756.0,338.0,360.0,93.9,196.0,220.0,89.1,36.0,57.0,63.2,4,3.1,1.6,13.0,54.0,13.0,1.0,53.0,15:00:00,/en/matches/48caa08f/Lyon-Reims-February-9-2025-Ligue-1
FRA-Ligue 1,2425,Lyon,2025-02-16 Montpellier-Lyon,2025-02-16,Matchweek 22,Sun,Away,W,4,1,Montpellier,527.0,599.0,88.0,8895.0,2826.0,239.0,260.0,91.9,235.0,251.0,93.6,42.0,61.0,68.9,4,1.0,1.1,8.0,30.0,9.0,2.0,41.0,15:00:00,/en/matches/1a0c79f0/Montpellier-Lyon-February-16-2025-Ligue-1
FRA-Ligue 1,2425,Lyon,2025-02-23 Lyon-Paris S-G,2025-02-23,Matchweek 23,Sun,Home,L,2,3,Paris S-G,302.0,376.0,80.3,5003.0,1817.0,153.0,172.0,89.0,126.0,136.0,92.6,19.0,50.0,38.0,2,1.5,1.0,12.0,19.0,8.0,4.0,40.0,20:45:00,/en/matches/3906711b/Lyon-Paris-Saint-Germain-February-23-2025-Ligue-1
FRA-Ligue 1,2425,Lyon,2025-03-02 Lyon-Brest,2025-03-02,Matchweek 24,Sun,Home,W,2,1,Brest,576.0,653.0,88.2,9091.0,2708.0,295.0,317.0,93.1,230.0,247.0,93.1,33.0,55.0,60.0,2,1.2,1.8,8.0,52.0,11.0,3.0,61.0,15:00:00,/en/matches/9e7b9e2a/Lyon-Brest-March-2-2025-Ligue-1
FRA-Ligue 1,2425,Lyon,2025-03-09 Nice-Lyon,2025-03-09,Matchweek 25,Sun,Away,W,2,0,Nice,621.0,714.0,87.0,9624.0,3029.0,328.0,348.0,94.3,242.0,261.0,92.7,33.0,70.0,47.1,2,1.0,0.5,6.0,30.0,5.0,1.0,27.0,20:45:00,/en/matches/29e9616d/Nice-Lyon-March-9-2025-Ligue-1
FRA-Ligue 1,2425,Lyon,2025-03-16 Lyon-Le Havre,2025-03-16,Matchweek 26,Sun,Home,W,4,2,Le Havre,580.0,655.0,88.5,9017.0,2954.0,293.0,314.0,93.3,241.0,259.0,93.1,24.0,46.0,52.2,2,3.0,2.6,13.0,51.0,15.0,2.0,59.0,15:00:00,/en/matches/4876084b/Lyon-Le-Havre-March-16-2025-Ligue-1
FRA-Ligue 1,2425,Lyon,2025-03-28 Strasbourg-Lyon,2025-03-28,Matchweek 27,Fri,Away,L,2,4,Strasbourg,541.0,622.0,87.0,8641.0,2542.0,271.0,292.0,92.8,234.0,254.0,92.1,24.0,49.0,49.0,0,1.1,2.1,14.0,37.0,7.0,0.0,50.0,20:45:00,/en/matches/e4da6424/Strasbourg-Lyon-March-28-2025-Ligue-1
FRA-Ligue 1,2425,Lyon,2025-04-05 Lyon-Lille,2025-04-05,Matchweek 28,Sat,Home,W,2,1,Lille,563.0,642.0,87.7,9161.0,2662.0,283.0,306.0,92.5,255.0,275.0,92.7,22.0,47.0,46.8,1,1.0,1.0,7.0,27.0,5.0,1.0,39.0,21:05:00,/en/matches/4fbb8dea/Lyon-Lille-April-5-2025-Ligue-1
FRA-Ligue 1,2425,Lyon,2025-04-13 Auxerre-Lyon,2025-04-13,Matchweek 29,Sun,Away,W,3,1,Auxerre,505.0,589.0,85.7,7659.0,2923.0,298.0,324.0,92.0,181.0,198.0,91.4,19.0,44.0,43.2,2,1.8,1.7,10.0,35.0,8.0,0.0,45.0,20:45:00,/en/matches/bef8bbc1/Auxerre-Lyon-April-13-2025-Ligue-1
FRA-Ligue 1,2425,Lyon,2025-04-20 Saint-Étienne-Lyon,2025-04-20,Matchweek 30,Sun,Away,L,1,2,Saint-Étienne,512.0,593.0,86.3,8744.0,2889.0,258.0,279.0,92.5,186.0,201.0,92.5,54.0,84.0,64.3,1,0.6,1.3,12.0,26.0,10.0,1.0,45.0,20:45:00,/en/matches/19228d4a/Saint-Etienne-Lyon-April-20-2025-Ligue-1
FRA-Ligue 1,2425,Lyon,2025-04-26 Lyon-Rennes,2025-04-26,Matchweek 31,Sat,Home,W,4,1,Rennes,467.0,532.0,87.8,7889.0,2455.0,216.0,231.0,93.5,208.0,221.0,94.1,34.0,52.0,65.4,4,1.6,1.5,11.0,17.0,6.0,1.0,22.0,21:05:00,/en/matches/5f2584e1/Lyon-Rennes-April-26-2025-Ligue-1
FRA-Ligue 1,2425,Lyon,2025-05-04 Lyon-Lens,2025-05-04,Matchweek 32,Sun,Home,L,1,2,Lens,593.0,699.0,84.8,8457.0,2424.0,342.0,375.0,91.2,195.0,219.0,89.0,27.0,50.0,54.0,1,1.0,2.5,16.0,46.0,22.0,4.0,76.0,17:15:00,/en/matches/60c53e19/Lyon-Lens-May-4-2025-Ligue-1
FRA-Ligue 1,2425,Lyon,2025-05-10 Monaco-Lyon,2025-05-10,Matchweek 33,Sat,Away,L,0,2,Monaco,362.0,457.0,79.2,5974.0,2290.0,186.0,205.0,90.7,137.0,167.0,82.0,31.0,62.0,50.0,0,0.3,0.5,6.0,27.0,6.0,2.0,33.0,21:00:00,/en/matches/279e9cba/Monaco-Lyon-May-10-2025-Ligue-1
FRA-Ligue 1,2425,Lyon,2025-05-17 Lyon-Angers,2025-05-17,Matchweek 34,Sat,Home,W,2,0,Angers,465.0,537.0,86.6,7276.0,2411.0,224.0,244.0,91.8,182.0,201.0,90.5,28.0,46.0,60.9,1,3.0,2.7,17.0,38.0,17.0,2.0,56.0,21:00:00,/en/matches/5042cc91/Lyon-Angers-May-17-2025-Ligue-1
FRA-Ligue 1,2425,Marseille,2024-08-17 Brest-Marseille,2024-08-17,Matchweek 1,Sat,Away,W,5,1,Brest,467.0,540.0,86.5,7221.0,2490.0,255.0,267.0,95.5,179.0,200.0,89.5,21.0,44.0,47.7,2,0.5,0.5,4.0,17.0,1.0,0.0,15.0,17:00:00,/en/matches/35c1995a/Brest-Marseille-August-17-2024-Ligue-1
FRA-Ligue 1,2425,Marseille,2024-08-25 Marseille-Reims,2024-08-25,Matchweek 2,Sun,Home,D,2,2,Reims,599.0,676.0,88.6,10380.0,3082.0,247.0,262.0,94.3,300.0,324.0,92.6,42.0,65.0,64.6,1,1.4,1.1,13.0,42.0,14.0,5.0,51.0,20:45:00,/en/matches/3a93bc8b/Marseille-Reims-August-25-2024-Ligue-1
FRA-Ligue 1,2425,Marseille,2024-08-31 Toulouse-Marseille,2024-08-31,Matchweek 3,Sat,Away,W,3,1,Toulouse,838.0,913.0,91.8,12746.0,3932.0,449.0,465.0,96.6,349.0,374.0,93.3,25.0,50.0,50.0,2,0.4,1.2,6.0,61.0,14.0,1.0,54.0,21:00:00,/en/matches/ebbcbe63/Toulouse-Marseille-August-31-2024-Ligue-1
FRA-Ligue 1,2425,Marseille,2024-09-14 Marseille-Nice,2024-09-14,Matchweek 4,Sat,Home,W,2,0,Nice,446.0,530.0,84.2,6978.0,2484.0,241.0,268.0,89.9,175.0,191.0,91.6,20.0,50.0,40.0,1,0.5,0.4,8.0,32.0,3.0,0.0,25.0,17:00:00,/en/matches/2034c29c/Marseille-Nice-September-14-2024-Ligue-1
FRA-Ligue 1,2425,Marseille,2024-09-22 Lyon-Marseille,2024-09-22,Matchweek 5,Sun,Away,W,3,2,Lyon,258.0,336.0,76.8,4482.0,1784.0,119.0,132.0,90.2,112.0,136.0,82.4,21.0,49.0,42.9,2,0.7,0.3,7.0,10.0,2.0,1.0,12.0,20:45:00,/en/matches/35b20e2f/Choc-des-Olympiques-Lyon-Marseille-September-22-2024-Ligue-1
FRA-Ligue 1,2425,Marseille,2024-09-29 Strasbourg-Marseille,2024-09-29,Matchweek 6,Sun,Away,L,0,1,Strasbourg,506.0,594.0,85.2,8016.0,3138.0,261.0,281.0,92.9,199.0,221.0,90.0,28.0,57.0,49.1,0,0.5,0.5,10.0,33.0,5.0,1.0,30.0,20:45:00,/en/matches/ebcd9980/Strasbourg-Marseille-September-29-2024-Ligue-1
FRA-Ligue 1,2425,Marseille,2024-10-04 Marseille-Angers,2024-10-04,Matchweek 7,Fri,Home,D,1,1,Angers,700.0,773.0,90.6,10558.0,2897.0,368.0,385.0,95.6,298.0,327.0,91.1,20.0,36.0,55.6,0,0.5,1.4,12.0,78.0,13.0,0.0,79.0,20:45:00,/en/matches/c2dcc859/Marseille-Angers-October-4-2024-Ligue-1
FRA-Ligue 1,2425,Marseille,2024-10-20 Montpellier-Marseille,2024-10-20,Matchweek 8,Sun,Away,W,5,0,Montpellier,538.0,599.0,89.8,8063.0,2800.0,308.0,332.0,92.8,186.0,202.0,92.1,31.0,42.0,73.8,4,2.7,1.8,16.0,36.0,15.0,6.0,63.0,20:45:00,/en/matches/0f332030/Montpellier-Marseille-October-20-2024-Ligue-1
FRA-Ligue 1,2425,Marseille,2024-10-27 Marseille-Paris S-G,2024-10-27,Matchweek 9,Sun,Home,L,0,3,Paris S-G,260.0,333.0,78.1,4565.0,2070.0,127.0,146.0,87.0,94.0,112.0,83.9,31.0,56.0,55.4,0,0.2,0.1,3.0,10.0,3.0,0.0,12.0,20:45:00,/en/matches/c29b0d3a/Marseille-Paris-Saint-Germain-October-27-2024-Ligue-1
FRA-Ligue 1,2425,Marseille,2024-11-03 Nantes-Marseille,2024-11-03,Matchweek 10,Sun,Away,W,2,1,Nantes,771.0,852.0,90.5,13901.0,4096.0,312.0,339.0,92.0,394.0,418.0,94.3,58.0,80.0,72.5,2,1.2,1.3,9.0,59.0,9.0,3.0,68.0,20:45:00,/en/matches/53893177/Nantes-Marseille-November-3-2024-Ligue-1
FRA-Ligue 1,2425,Marseille,2024-11-08 Marseille-Auxerre,2024-11-08,Matchweek 11,Fri,Home,L,1,3,Auxerre,618.0,716.0,86.3,10204.0,2989.0,281.0,309.0,90.9,283.0,311.0,91.0,37.0,61.0,60.7,0,1.7,2.0,16.0,80.0,12.0,4.0,68.0,20:45:00,/en/matches/4ab63460/Marseille-Auxerre-November-8-2024-Ligue-1
FRA-Ligue 1,2425,Marseille,2024-11-23 Lens-Marseille,2024-11-23,Matchweek 12,Sat,Away,W,3,1,Lens,430.0,524.0,82.1,6782.0,2913.0,233.0,250.0,93.2,158.0,188.0,84.0,31.0,59.0,52.5,2,1.0,0.6,8.0,22.0,6.0,0.0,29.0,17:00:00,/en/matches/01446885/Lens-Marseille-November-23-2024-Ligue-1
FRA-Ligue 1,2425,Marseille,2024-12-01 Marseille-Monaco,2024-12-01,Matchweek 13,Sun,Home,W,2,1,Monaco,590.0,699.0,84.4,9207.0,2944.0,298.0,332.0,89.8,245.0,275.0,89.1,34.0,54.0,63.0,1,1.1,1.0,7.0,33.0,6.0,3.0,41.0,20:45:00,/en/matches/e90d4817/Marseille-Monaco-December-1-2024-Ligue-1
FRA-Ligue 1,2425,Marseille,2024-12-08 Saint-Étienne-Marseille,2024-12-08,Matchweek 14,Sun,Away,W,2,0,Saint-Étienne,830.0,901.0,92.1,12210.0,3571.0,450.0,476.0,94.5,329.0,350.0,94.0,25.0,42.0,59.5,1,1.5,1.4,17.0,42.0,10.0,2.0,56.0,20:45:00,/en/matches/e865637d/Saint-Etienne-Marseille-December-8-2024-Ligue-1
FRA-Ligue 1,2425,Marseille,2024-12-14 Marseille-Lille,2024-12-14,Matchweek 15,Sat,Home,D,1,1,Lille,538.0,608.0,88.5,8867.0,2706.0,260.0,272.0,95.6,229.0,248.0,92.3,35.0,61.0,57.4,1,0.6,0.4,4.0,10.0,4.0,1.0,24.0,17:00:00,/en/matches/5cab6dd9/Marseille-Lille-December-14-2024-Ligue-1
FRA-Ligue 1,2425,Marseille,2025-01-05 Marseille-Le Havre,2025-01-05,Matchweek 16,Sun,Home,W,5,1,Le Havre,880.0,951.0,92.5,14132.0,3774.0,401.0,432.0,92.8,428.0,445.0,96.2,28.0,41.0,68.3,4,2.7,2.3,12.0,101.0,9.0,0.0,74.0,20:45:00,/en/matches/312fef53/Marseille-Le-Havre-January-5-2025-Ligue-1
FRA-Ligue 1,2425,Marseille,2025-01-11 Rennes-Marseille,2025-01-11,Matchweek 17,Sat,Away,W,2,1,Rennes,619.0,691.0,89.6,10169.0,2717.0,294.0,316.0,93.0,282.0,302.0,93.4,33.0,56.0,58.9,2,1.4,1.0,10.0,28.0,10.0,1.0,43.0,21:05:00,/en/matches/e23cca77/Rennes-Marseille-January-11-2025-Ligue-1
FRA-Ligue 1,2425,Marseille,2025-01-19 Marseille-Strasbourg,2025-01-19,Matchweek 18,Sun,Home,D,1,1,Strasbourg,561.0,663.0,84.6,9722.0,2843.0,244.0,268.0,91.0,267.0,293.0,91.1,40.0,70.0,57.1,0,1.6,1.5,14.0,41.0,14.0,6.0,63.0,20:45:00,/en/matches/fb5f33dc/Marseille-Strasbourg-January-19-2025-Ligue-1
FRA-Ligue 1,2425,Marseille,2025-01-26 Nice-Marseille,2025-01-26,Matchweek 19,Sun,Away,L,0,2,Nice,642.0,742.0,86.5,10142.0,3015.0,303.0,325.0,93.2,288.0,322.0,89.4,27.0,47.0,57.4,0,0.7,1.0,15.0,58.0,12.0,3.0,66.0,20:45:00,/en/matches/ce373826/Nice-Marseille-January-26-2025-Ligue-1
FRA-Ligue 1,2425,Marseille,2025-02-02 Marseille-Lyon,2025-02-02,Matchweek 20,Sun,Home,W,3,2,Lyon,534.0,612.0,87.3,8572.0,2471.0,251.0,268.0,93.7,236.0,264.0,89.4,25.0,45.0,55.6,3,3.0,2.2,16.0,36.0,13.0,0.0,54.0,20:45:00,/en/matches/368d6066/Choc-des-Olympiques-Marseille-Lyon-February-2-2025-Ligue-1
FRA-Ligue 1,2425,Marseille,2025-02-09 Angers-Marseille,2025-02-09,Matchweek 21,Sun,Away,W,2,0,Angers,856.0,942.0,90.9,12522.0,3924.0,484.0,518.0,93.4,293.0,321.0,91.3,39.0,48.0,81.3,2,1.9,2.0,15.0,72.0,17.0,5.0,68.0,20:45:00,/en/matches/64ab3386/Angers-Marseille-February-9-2025-Ligue-1
FRA-Ligue 1,2425,Marseille,2025-02-15 Marseille-Saint-Étienne,2025-02-15,Matchweek 22,Sat,Home,W,5,1,Saint-Étienne,780.0,871.0,89.6,11689.0,3681.0,435.0,461.0,94.4,272.0,291.0,93.5,38.0,56.0,67.9,3,4.6,4.2,20.0,45.0,14.0,4.0,60.0,17:00:00,/en/matches/0a71ff58/Marseille-Saint-Etienne-February-15-2025-Ligue-1
FRA-Ligue 1,2425,Marseille,2025-02-22 Auxerre-Marseille,2025-02-22,Matchweek 23,Sat,Away,L,0,3,Auxerre,745.0,837.0,89.0,11765.0,3405.0,363.0,384.0,94.5,346.0,376.0,92.0,23.0,50.0,46.0,0,0.4,1.2,7.0,62.0,9.0,0.0,75.0,21:05:00,/en/matches/f26394d7/Auxerre-Marseille-February-22-2025-Ligue-1
FRA-Ligue 1,2425,Marseille,2025-03-02 Marseille-Nantes,2025-03-02,Matchweek 24,Sun,Home,W,2,0,Nantes,745.0,830.0,89.8,11391.0,3876.0,398.0,422.0,94.3,285.0,304.0,93.8,41.0,60.0,68.3,1,1.7,1.3,18.0,58.0,12.0,3.0,47.0,20:45:00,/en/matches/ef2b73e7/Marseille-Nantes-March-2-2025-Ligue-1
FRA-Ligue 1,2425,Marseille,2025-03-08 Marseille-Lens,2025-03-08,Matchweek 25,Sat,Home,L,0,1,Lens,811.0,912.0,88.9,12888.0,3284.0,403.0,432.0,93.3,372.0,406.0,91.6,29.0,51.0,56.9,0,1.0,1.5,14.0,68.0,14.0,3.0,80.0,21:05:00,/en/matches/e5496a7e/Marseille-Lens-March-8-2025-Ligue-1
FRA-Ligue 1,2425,Marseille,2025-03-16 Paris S-G-Marseille,2025-03-16,Matchweek 26,Sun,Away,L,1,3,Paris S-G,364.0,438.0,83.1,5493.0,1924.0,201.0,219.0,91.8,132.0,151.0,87.4,20.0,36.0,55.6,1,0.9,0.5,5.0,17.0,5.0,0.0,25.0,20:45:00,/en/matches/ff08b7d1/Paris-Saint-Germain-Marseille-March-16-2025-Ligue-1
FRA-Ligue 1,2425,Marseille,2025-03-29 Reims-Marseille,2025-03-29,Matchweek 27,Sat,Away,L,1,3,Reims,716.0,835.0,85.7,11032.0,3153.0,381.0,409.0,93.2,281.0,315.0,89.2,31.0,67.0,46.3,1,1.1,1.9,19.0,100.0,16.0,2.0,105.0,17:00:00,/en/matches/e3656ea1/Reims-Marseille-March-29-2025-Ligue-1
FRA-Ligue 1,2425,Marseille,2025-04-06 Marseille-Toulouse,2025-04-06,Matchweek 28,Sun,Home,W,3,2,Toulouse,580.0,660.0,87.9,9313.0,2808.0,276.0,298.0,92.6,262.0,285.0,91.9,25.0,45.0,55.6,1,0.6,1.0,7.0,32.0,9.0,3.0,38.0,20:45:00,/en/matches/37a1d2be/Marseille-Toulouse-April-6-2025-Ligue-1
FRA-Ligue 1,2425,Marseille,2025-04-12 Monaco-Marseille,2025-04-12,Matchweek 29,Sat,Away,L,0,3,Monaco,520.0,617.0,84.3,7996.0,2920.0,278.0,311.0,89.4,199.0,227.0,87.7,27.0,49.0,55.1,0,1.0,0.8,7.0,30.0,11.0,1.0,53.0,17:00:00,/en/matches/b1f79298/Monaco-Marseille-April-12-2025-Ligue-1
FRA-Ligue 1,2425,Marseille,2025-04-19 Marseille-Montpellier,2025-04-19,Matchweek 30,Sat,Home,W,5,1,Montpellier,714.0,784.0,91.1,10648.0,3119.0,379.0,405.0,93.6,268.0,282.0,95.0,34.0,47.0,72.3,3,2.1,2.2,14.0,58.0,10.0,4.0,58.0,21:05:00,/en/matches/5a01308b/Marseille-Montpellier-April-19-2025-Ligue-1
FRA-Ligue 1,2425,Marseille,2025-04-27 Marseille-Brest,2025-04-27,Matchweek 31,Sun,Home,W,4,1,Brest,465.0,535.0,86.9,7582.0,2527.0,202.0,225.0,89.8,197.0,214.0,92.1,32.0,48.0,66.7,3,0.8,0.7,9.0,29.0,7.0,1.0,40.0,20:45:00,/en/matches/d0c58dd5/Marseille-Brest-April-27-2025-Ligue-1
FRA-Ligue 1,2425,Marseille,2025-05-04 Lille-Marseille,2025-05-04,Matchweek 32,Sun,Away,D,1,1,Lille,565.0,641.0,88.1,9315.0,2767.0,273.0,288.0,94.8,232.0,260.0,89.2,44.0,63.0,69.8,1,1.2,0.7,10.0,38.0,11.0,2.0,50.0,20:45:00,/en/matches/491d68bb/Lille-Marseille-May-4-2025-Ligue-1
FRA-Ligue 1,2425,Marseille,2025-05-10 Le Havre-Marseille,2025-05-10,Matchweek 33,Sat,Away,W,3,1,Le Havre,414.0,488.0,84.8,7138.0,2621.0,206.0,221.0,93.2,161.0,186.0,86.6,38.0,59.0,64.4,2,1.6,1.5,16.0,44.0,4.0,2.0,49.0,21:00:00,/en/matches/7064d72a/Le-Havre-Marseille-May-10-2025-Ligue-1
FRA-Ligue 1,2425,Marseille,2025-05-17 Marseille-Rennes,2025-05-17,Matchweek 34,Sat,Home,W,4,2,Rennes,527.0,597.0,88.3,8094.0,2761.0,248.0,265.0,93.6,212.0,229.0,92.6,29.0,49.0,59.2,3,2.3,1.7,13.0,31.0,11.0,2.0,39.0,21:00:00,/en/matches/36fee283/Marseille-Rennes-May-17-2025-Ligue-1
FRA-Ligue 1,2425,Monaco,2024-08-17 Monaco-Saint-Étienne,2024-08-17,Matchweek 1,Sat,Home,W,1,0,Saint-Étienne,440.0,526.0,83.7,7126.0,2802.0,218.0,249.0,87.6,177.0,194.0,91.2,27.0,51.0,52.9,1,1.9,1.8,15.0,45.0,11.0,2.0,47.0,21:00:00,/en/matches/f84bb85e/Monaco-Saint-Etienne-August-17-2024-Ligue-1
FRA-Ligue 1,2425,Monaco,2024-08-24 Lyon-Monaco,2024-08-24,Matchweek 2,Sat,Away,W,2,0,Lyon,450.0,542.0,83.0,7196.0,2613.0,227.0,251.0,90.4,165.0,199.0,82.9,38.0,60.0,63.3,2,1.4,1.7,15.0,30.0,10.0,3.0,50.0,17:00:00,/en/matches/1041ac42/Lyon-Monaco-August-24-2024-Ligue-1
FRA-Ligue 1,2425,Monaco,2024-09-01 Monaco-Lens,2024-09-01,Matchweek 3,Sun,Home,D,1,1,Lens,390.0,484.0,80.6,6414.0,2684.0,191.0,212.0,90.1,163.0,187.0,87.2,29.0,64.0,45.3,1,0.9,1.4,11.0,28.0,12.0,2.0,40.0,15:00:00,/en/matches/a93b08ff/Monaco-Lens-September-1-2024-Ligue-1
FRA-Ligue 1,2425,Monaco,2024-09-14 Auxerre-Monaco,2024-09-14,Matchweek 4,Sat,Away,W,3,0,Auxerre,501.0,622.0,80.5,8304.0,3158.0,245.0,282.0,86.9,232.0,273.0,85.0,22.0,55.0,40.0,2,2.8,1.6,16.0,21.0,10.0,2.0,39.0,19:00:00,/en/matches/b4fb60b5/Auxerre-Monaco-September-14-2024-Ligue-1
FRA-Ligue 1,2425,Monaco,2024-09-22 Monaco-Le Havre,2024-09-22,Matchweek 5,Sun,Home,W,3,1,Le Havre,444.0,538.0,82.5,7464.0,2813.0,209.0,237.0,88.2,197.0,218.0,90.4,30.0,58.0,51.7,3,1.9,1.2,11.0,42.0,5.0,0.0,44.0,15:00:00,/en/matches/017d7a9d/Monaco-Le-Havre-September-22-2024-Ligue-1
FRA-Ligue 1,2425,Monaco,2024-09-28 Monaco-Montpellier,2024-09-28,Matchweek 6,Sat,Home,W,2,1,Montpellier,478.0,571.0,83.7,7505.0,3068.0,244.0,269.0,90.7,183.0,212.0,86.3,31.0,52.0,59.6,2,3.0,3.0,18.0,41.0,15.0,1.0,67.0,21:00:00,/en/matches/54ce742c/Monaco-Montpellier-September-28-2024-Ligue-1
FRA-Ligue 1,2425,Monaco,2024-10-05 Rennes-Monaco,2024-10-05,Matchweek 7,Sat,Away,W,2,1,Rennes,303.0,411.0,73.7,5338.0,2060.0,151.0,179.0,84.4,121.0,155.0,78.1,29.0,62.0,46.8,2,0.6,0.4,5.0,21.0,4.0,0.0,26.0,21:00:00,/en/matches/f7072ea6/Rennes-Monaco-October-5-2024-Ligue-1
FRA-Ligue 1,2425,Monaco,2024-10-18 Monaco-Lille,2024-10-18,Matchweek 8,Fri,Home,D,0,0,Lille,410.0,504.0,81.3,6738.0,2396.0,201.0,231.0,87.0,160.0,178.0,89.9,33.0,64.0,51.6,0,1.1,0.9,11.0,39.0,11.0,1.0,43.0,20:45:00,/en/matches/18476c11/Monaco-Lille-October-18-2024-Ligue-1
FRA-Ligue 1,2425,Monaco,2024-10-27 Nice-Monaco,2024-10-27,Matchweek 9,Sun,Away,L,1,2,Nice,418.0,513.0,81.5,7355.0,2834.0,188.0,216.0,87.0,182.0,198.0,91.9,39.0,69.0,56.5,1,0.5,0.8,10.0,37.0,13.0,2.0,56.0,17:00:00,/en/matches/4cbaa8c3/Nice-Monaco-October-27-2024-Ligue-1
FRA-Ligue 1,2425,Monaco,2024-11-01 Monaco-Angers,2024-11-01,Matchweek 10,Fri,Home,L,0,1,Angers,498.0,604.0,82.5,8353.0,3078.0,231.0,268.0,86.2,222.0,252.0,88.1,34.0,57.0,59.6,0,1.2,2.1,7.0,55.0,17.0,1.0,79.0,19:00:00,/en/matches/3e5f7440/Monaco-Angers-November-1-2024-Ligue-1
FRA-Ligue 1,2425,Monaco,2024-11-09 Strasbourg-Monaco,2024-11-09,Matchweek 11,Sat,Away,W,3,1,Strasbourg,445.0,537.0,82.9,7490.0,2795.0,210.0,228.0,92.1,195.0,222.0,87.8,33.0,64.0,51.6,1,2.4,1.3,13.0,35.0,13.0,1.0,42.0,17:00:00,/en/matches/cd41b272/Strasbourg-Monaco-November-9-2024-Ligue-1
FRA-Ligue 1,2425,Monaco,2024-11-22 Monaco-Brest,2024-11-22,Matchweek 12,Fri,Home,W,3,2,Brest,421.0,533.0,79.0,7175.0,2792.0,206.0,237.0,86.9,175.0,207.0,84.5,34.0,67.0,50.7,2,1.9,1.0,7.0,26.0,6.0,2.0,42.0,19:00:00,/en/matches/48a28747/Monaco-Brest-November-22-2024-Ligue-1
FRA-Ligue 1,2425,Monaco,2024-12-01 Marseille-Monaco,2024-12-01,Matchweek 13,Sun,Away,L,1,2,Marseille,302.0,409.0,73.8,5091.0,1737.0,145.0,186.0,78.0,131.0,147.0,89.1,23.0,60.0,38.3,1,0.6,0.7,6.0,21.0,6.0,1.0,30.0,20:45:00,/en/matches/e90d4817/Marseille-Monaco-December-1-2024-Ligue-1
FRA-Ligue 1,2425,Monaco,2024-12-07 Monaco-Toulouse,2024-12-07,Matchweek 14,Sat,Home,W,2,0,Toulouse,426.0,545.0,78.2,7273.0,2749.0,193.0,227.0,85.0,190.0,214.0,88.8,35.0,73.0,47.9,1,2.1,1.4,16.0,32.0,12.0,2.0,45.0,17:00:00,/en/matches/63873373/Monaco-Toulouse-December-7-2024-Ligue-1
FRA-Ligue 1,2425,Monaco,2024-12-14 Reims-Monaco,2024-12-14,Matchweek 15,Sat,Away,D,0,0,Reims,521.0,651.0,80.0,9265.0,3354.0,199.0,242.0,82.2,281.0,315.0,89.2,37.0,67.0,55.2,0,1.0,1.1,10.0,46.0,13.0,2.0,59.0,21:00:00,/en/matches/f422e8b0/Reims-Monaco-December-14-2024-Ligue-1
FRA-Ligue 1,2425,Monaco,2024-12-18 Monaco-Paris S-G,2024-12-18,Matchweek 16,Wed,Home,L,2,4,Paris S-G,325.0,407.0,79.9,5553.0,2312.0,148.0,174.0,85.1,127.0,149.0,85.2,38.0,61.0,62.3,1,1.5,1.7,10.0,25.0,9.0,1.0,43.0,21:00:00,/en/matches/b7d32870/Monaco-Paris-Saint-Germain-December-18-2024-Ligue-1
FRA-Ligue 1,2425,Monaco,2025-01-10 Nantes-Monaco,2025-01-10,Matchweek 17,Fri,Away,D,2,2,Nantes,581.0,674.0,86.2,9976.0,3470.0,265.0,295.0,89.8,258.0,285.0,90.5,48.0,75.0,64.0,2,3.1,2.1,11.0,49.0,10.0,4.0,59.0,19:00:00,/en/matches/d6c61854/Nantes-Monaco-January-10-2025-Ligue-1
FRA-Ligue 1,2425,Monaco,2025-01-17 Montpellier-Monaco,2025-01-17,Matchweek 18,Fri,Away,L,1,2,Montpellier,472.0,588.0,80.3,7774.0,3313.0,252.0,283.0,89.0,187.0,234.0,79.9,30.0,58.0,51.7,1,1.3,1.8,20.0,41.0,16.0,3.0,59.0,19:00:00,/en/matches/f1e8ac0f/Montpellier-Monaco-January-17-2025-Ligue-1
FRA-Ligue 1,2425,Monaco,2025-01-25 Monaco-Rennes,2025-01-25,Matchweek 19,Sat,Home,W,3,2,Rennes,370.0,479.0,77.2,6263.0,2327.0,172.0,204.0,84.3,147.0,170.0,86.5,39.0,75.0,52.0,3,2.9,1.9,15.0,23.0,17.0,1.0,46.0,17:00:00,/en/matches/5cbd8070/Monaco-Rennes-January-25-2025-Ligue-1
FRA-Ligue 1,2425,Monaco,2025-02-01 Monaco-Auxerre,2025-02-01,Matchweek 20,Sat,Home,W,4,2,Auxerre,435.0,538.0,80.9,7340.0,2780.0,202.0,224.0,90.2,195.0,226.0,86.3,28.0,50.0,56.0,3,2.5,1.5,9.0,36.0,11.0,1.0,54.0,19:00:00,/en/matches/e6c9fba7/Monaco-Auxerre-February-1-2025-Ligue-1
FRA-Ligue 1,2425,Monaco,2025-02-07 Paris S-G-Monaco,2025-02-07,Matchweek 21,Fri,Away,L,1,4,Paris S-G,287.0,376.0,76.3,4361.0,1886.0,146.0,162.0,90.1,82.0,110.0,74.5,30.0,58.0,51.7,1,0.8,0.9,7.0,37.0,12.0,0.0,33.0,21:05:00,/en/matches/c79c5813/Paris-Saint-Germain-Monaco-February-7-2025-Ligue-1
FRA-Ligue 1,2425,Monaco,2025-02-15 Monaco-Nantes,2025-02-15,Matchweek 22,Sat,Home,W,7,1,Nantes,565.0,653.0,86.5,9227.0,3270.0,281.0,298.0,94.3,219.0,247.0,88.7,50.0,74.0,67.6,5,3.3,3.7,16.0,70.0,28.0,4.0,93.0,19:00:00,/en/matches/25fd86bc/Monaco-Nantes-February-15-2025-Ligue-1
FRA-Ligue 1,2425,Monaco,2025-02-22 Lille-Monaco,2025-02-22,Matchweek 23,Sat,Away,L,1,2,Lille,495.0,561.0,88.2,8092.0,2435.0,240.0,258.0,93.0,220.0,239.0,92.1,24.0,43.0,55.8,1,1.7,2.4,9.0,41.0,7.0,2.0,45.0,17:00:00,/en/matches/a62e412a/Lille-Monaco-February-22-2025-Ligue-1
FRA-Ligue 1,2425,Monaco,2025-02-28 Monaco-Reims,2025-02-28,Matchweek 24,Fri,Home,W,3,0,Reims,522.0,615.0,84.9,8071.0,2751.0,299.0,328.0,91.2,181.0,206.0,87.9,32.0,57.0,56.1,2,2.1,3.1,16.0,45.0,20.0,4.0,64.0,20:45:00,/en/matches/f354ea51/Monaco-Reims-February-28-2025-Ligue-1
FRA-Ligue 1,2425,Monaco,2025-03-07 Toulouse-Monaco,2025-03-07,Matchweek 25,Fri,Away,D,1,1,Toulouse,351.0,452.0,77.7,6466.0,2309.0,148.0,172.0,86.0,156.0,178.0,87.6,43.0,80.0,53.8,1,2.4,2.3,13.0,32.0,13.0,3.0,35.0,20:45:00,/en/matches/807e72ae/Toulouse-Monaco-March-7-2025-Ligue-1
FRA-Ligue 1,2425,Monaco,2025-03-15 Angers-Monaco,2025-03-15,Matchweek 26,Sat,Away,W,2,0,Angers,484.0,595.0,81.3,8366.0,3106.0,228.0,258.0,88.4,207.0,245.0,84.5,40.0,68.0,58.8,1,1.2,1.8,14.0,50.0,16.0,2.0,61.0,19:00:00,/en/matches/ccd56c5d/Angers-Monaco-March-15-2025-Ligue-1
FRA-Ligue 1,2425,Monaco,2025-03-29 Monaco-Nice,2025-03-29,Matchweek 27,Sat,Home,W,2,1,Nice,406.0,496.0,81.9,7155.0,2256.0,172.0,186.0,92.5,197.0,222.0,88.7,27.0,60.0,45.0,2,1.6,1.1,15.0,30.0,11.0,0.0,38.0,21:05:00,/en/matches/b5952890/Monaco-Nice-March-29-2025-Ligue-1
FRA-Ligue 1,2425,Monaco,2025-04-05 Brest-Monaco,2025-04-05,Matchweek 28,Sat,Away,L,1,2,Brest,434.0,542.0,80.1,7882.0,2599.0,177.0,202.0,87.6,221.0,252.0,87.7,33.0,69.0,47.8,0,0.8,0.9,8.0,44.0,7.0,0.0,54.0,19:00:00,/en/matches/3b8a372d/Brest-Monaco-April-5-2025-Ligue-1
FRA-Ligue 1,2425,Monaco,2025-04-12 Monaco-Marseille,2025-04-12,Matchweek 29,Sat,Home,W,3,0,Marseille,347.0,443.0,78.3,6067.0,2083.0,146.0,164.0,89.0,157.0,174.0,90.2,31.0,74.0,41.9,2,1.6,0.9,10.0,29.0,5.0,1.0,38.0,17:00:00,/en/matches/b1f79298/Monaco-Marseille-April-12-2025-Ligue-1
FRA-Ligue 1,2425,Monaco,2025-04-19 Monaco-Strasbourg,2025-04-19,Matchweek 30,Sat,Home,D,0,0,Strasbourg,406.0,501.0,81.0,6532.0,2277.0,214.0,239.0,89.5,154.0,173.0,89.0,29.0,62.0,46.8,0,0.7,1.5,10.0,26.0,12.0,3.0,34.0,19:00:00,/en/matches/bdddd15d/Monaco-Strasbourg-April-19-2025-Ligue-1
FRA-Ligue 1,2425,Monaco,2025-04-26 Le Havre-Monaco,2025-04-26,Matchweek 31,Sat,Away,D,1,1,Le Havre,465.0,576.0,80.7,8226.0,3209.0,202.0,233.0,86.7,212.0,256.0,82.8,41.0,58.0,70.7,0,1.7,2.6,14.0,51.0,18.0,4.0,72.0,19:00:00,/en/matches/6ec53da1/Le-Havre-Monaco-April-26-2025-Ligue-1
FRA-Ligue 1,2425,Monaco,2025-05-03 Saint-Étienne-Monaco,2025-05-03,Matchweek 32,Sat,Away,W,3,1,Saint-Étienne,283.0,382.0,74.1,5357.0,2153.0,108.0,124.0,87.1,113.0,142.0,79.6,44.0,81.0,54.3,3,1.8,1.1,9.0,19.0,12.0,2.0,32.0,21:05:00,/en/matches/4e6718ec/Saint-Etienne-Monaco-May-3-2025-Ligue-1
FRA-Ligue 1,2425,Monaco,2025-05-10 Monaco-Lyon,2025-05-10,Matchweek 33,Sat,Home,W,2,0,Lyon,398.0,478.0,83.3,7140.0,2653.0,167.0,192.0,87.0,180.0,202.0,89.1,45.0,70.0,64.3,2,1.1,1.4,9.0,35.0,6.0,0.0,40.0,21:00:00,/en/matches/279e9cba/Monaco-Lyon-May-10-2025-Ligue-1
FRA-Ligue 1,2425,Monaco,2025-05-17 Lens-Monaco,2025-05-17,Matchweek 34,Sat,Away,L,0,4,Lens,488.0,570.0,85.6,7477.0,2032.0,252.0,274.0,92.0,205.0,228.0,89.9,17.0,38.0,44.7,0,0.4,0.6,4.0,30.0,3.0,2.0,29.0,21:00:00,/en/matches/d2408c01/Lens-Monaco-May-17-2025-Ligue-1
FRA-Ligue 1,2425,Montpellier,2024-08-18 Montpellier-Strasbourg,2024-08-18,Matchweek 1,Sun,Home,D,1,1,Strasbourg,269.0,356.0,75.6,5365.0,2033.0,93.0,108.0,86.1,129.0,153.0,84.3,39.0,81.0,48.1,0,0.5,0.7,5.0,20.0,7.0,2.0,35.0,17:00:00,/en/matches/652abd24/Montpellier-Strasbourg-August-18-2024-Ligue-1
FRA-Ligue 1,2425,Montpellier,2024-08-23 Paris S-G-Montpellier,2024-08-23,Matchweek 2,Fri,Away,L,0,6,Paris S-G,296.0,361.0,82.0,5230.0,2215.0,141.0,155.0,91.0,83.0,96.0,86.5,53.0,79.0,67.1,0,0.5,0.3,6.0,15.0,5.0,3.0,25.0,20:45:00,/en/matches/910be353/Paris-Saint-Germain-Montpellier-August-23-2024-Ligue-1
FRA-Ligue 1,2425,Montpellier,2024-08-31 Montpellier-Nantes,2024-08-31,Matchweek 3,Sat,Home,L,1,3,Nantes,524.0,627.0,83.6,9095.0,2778.0,219.0,235.0,93.2,255.0,280.0,91.1,39.0,75.0,52.0,0,0.2,0.5,6.0,43.0,4.0,1.0,42.0,19:00:00,/en/matches/5b8c614c/Montpellier-Nantes-August-31-2024-Ligue-1
FRA-Ligue 1,2425,Montpellier,2024-09-15 Rennes-Montpellier,2024-09-15,Matchweek 4,Sun,Away,L,0,3,Rennes,402.0,476.0,84.5,7608.0,2652.0,186.0,201.0,92.5,164.0,180.0,91.1,50.0,83.0,60.2,0,0.3,0.4,11.0,39.0,2.0,2.0,35.0,15:00:00,/en/matches/984e7243/Rennes-Montpellier-September-15-2024-Ligue-1
FRA-Ligue 1,2425,Montpellier,2024-09-22 Montpellier-Auxerre,2024-09-22,Matchweek 5,Sun,Home,W,3,2,Auxerre,359.0,482.0,74.5,6970.0,2856.0,149.0,180.0,82.8,157.0,188.0,83.5,51.0,98.0,52.0,3,2.0,1.4,14.0,31.0,8.0,2.0,40.0,17:00:00,/en/matches/ac95cb33/Montpellier-Auxerre-September-22-2024-Ligue-1
FRA-Ligue 1,2425,Montpellier,2024-09-28 Monaco-Montpellier,2024-09-28,Matchweek 6,Sat,Away,L,1,2,Monaco,210.0,310.0,67.7,4009.0,2012.0,92.0,113.0,81.4,79.0,104.0,76.0,30.0,70.0,42.9,1,0.6,0.2,5.0,22.0,3.0,1.0,31.0,21:00:00,/en/matches/54ce742c/Monaco-Montpellier-September-28-2024-Ligue-1
FRA-Ligue 1,2425,Montpellier,2024-10-06 Reims-Montpellier,2024-10-06,Matchweek 7,Sun,Away,L,2,4,Reims,403.0,482.0,83.6,7206.0,2657.0,172.0,191.0,90.1,185.0,202.0,91.6,35.0,65.0,53.8,1,0.3,0.9,8.0,33.0,7.0,2.0,44.0,17:00:00,/en/matches/843fb71f/Reims-Montpellier-October-6-2024-Ligue-1
FRA-Ligue 1,2425,Montpellier,2024-10-20 Montpellier-Marseille,2024-10-20,Matchweek 8,Sun,Home,L,0,5,Marseille,259.0,326.0,79.4,4874.0,2051.0,106.0,126.0,84.1,117.0,132.0,88.6,33.0,54.0,61.1,0,0.7,0.6,9.0,24.0,3.0,2.0,19.0,20:45:00,/en/matches/0f332030/Montpellier-Marseille-October-20-2024-Ligue-1
FRA-Ligue 1,2425,Montpellier,2024-10-27 Montpellier-Toulouse,2024-10-27,Matchweek 9,Sun,Home,L,0,3,Toulouse,434.0,524.0,82.8,7440.0,2219.0,188.0,203.0,92.6,178.0,209.0,85.2,44.0,77.0,57.1,0,0.1,0.2,6.0,30.0,2.0,1.0,33.0,17:00:00,/en/matches/49e6789d/Montpellier-Toulouse-October-27-2024-Ligue-1
FRA-Ligue 1,2425,Montpellier,2024-11-03 Le Havre-Montpellier,2024-11-03,Matchweek 10,Sun,Away,L,0,1,Le Havre,402.0,507.0,79.3,7512.0,2595.0,174.0,204.0,85.3,171.0,202.0,84.7,53.0,83.0,63.9,0,0.9,0.9,11.0,44.0,8.0,5.0,44.0,17:00:00,/en/matches/a537aa6e/Le-Havre-Montpellier-November-3-2024-Ligue-1
FRA-Ligue 1,2425,Montpellier,2024-11-10 Montpellier-Brest,2024-11-10,Matchweek 11,Sun,Home,W,3,1,Brest,190.0,275.0,69.1,3906.0,1711.0,66.0,84.0,78.6,83.0,105.0,79.0,38.0,69.0,55.1,1,0.8,0.9,9.0,14.0,5.0,2.0,14.0,17:00:00,/en/matches/8ab9a941/Montpellier-Brest-November-10-2024-Ligue-1
FRA-Ligue 1,2425,Montpellier,2024-11-23 Saint-Étienne-Montpellier,2024-11-23,Matchweek 12,Sat,Away,L,0,1,Saint-Étienne,493.0,583.0,84.6,9637.0,3003.0,196.0,219.0,89.5,227.0,248.0,91.5,64.0,92.0,69.6,0,0.6,1.0,7.0,30.0,7.0,3.0,40.0,19:00:00,/en/matches/90c0c091/Saint-Etienne-Montpellier-November-23-2024-Ligue-1
FRA-Ligue 1,2425,Montpellier,2024-12-01 Montpellier-Lille,2024-12-01,Matchweek 13,Sun,Home,D,2,2,Lille,261.0,356.0,73.3,5209.0,1903.0,95.0,117.0,81.2,112.0,129.0,86.8,44.0,89.0,49.4,1,0.7,0.6,10.0,17.0,5.0,2.0,16.0,15:00:00,/en/matches/76b0b7f1/Montpellier-Lille-December-1-2024-Ligue-1
FRA-Ligue 1,2425,Montpellier,2024-12-08 Lens-Montpellier,2024-12-08,Matchweek 14,Sun,Away,L,0,2,Lens,365.0,456.0,80.0,6956.0,2521.0,142.0,162.0,87.7,168.0,192.0,87.5,45.0,80.0,56.3,0,0.8,0.6,5.0,21.0,4.0,2.0,26.0,15:00:00,/en/matches/bb9a5ad3/Lens-Montpellier-December-8-2024-Ligue-1
FRA-Ligue 1,2425,Montpellier,2024-12-15 Montpellier-Nice,2024-12-15,Matchweek 15,Sun,Home,D,2,2,Nice,352.0,448.0,78.6,7253.0,2879.0,149.0,183.0,81.4,133.0,153.0,86.9,69.0,97.0,71.1,2,1.9,2.4,17.0,33.0,10.0,3.0,44.0,15:00:00,/en/matches/479d06f8/Montpellier-Nice-December-15-2024-Ligue-1
FRA-Ligue 1,2425,Montpellier,2025-01-04 Lyon-Montpellier,2025-01-04,Matchweek 16,Sat,Away,L,0,1,Lyon,327.0,418.0,78.2,6529.0,2599.0,113.0,128.0,88.3,162.0,189.0,85.7,45.0,85.0,52.9,0,0.9,0.8,12.0,23.0,7.0,3.0,34.0,21:00:00,/en/matches/6c34a34e/Lyon-Montpellier-January-4-2025-Ligue-1
FRA-Ligue 1,2425,Montpellier,2025-01-12 Montpellier-Angers,2025-01-12,Matchweek 17,Sun,Home,L,1,3,Angers,437.0,559.0,78.2,8124.0,2578.0,172.0,207.0,83.1,186.0,217.0,85.7,60.0,95.0,63.2,0,0.3,0.3,4.0,42.0,5.0,2.0,44.0,17:15:00,/en/matches/1184c4fd/Montpellier-Angers-January-12-2025-Ligue-1
FRA-Ligue 1,2425,Montpellier,2025-01-17 Montpellier-Monaco,2025-01-17,Matchweek 18,Fri,Home,W,2,1,Monaco,176.0,296.0,59.5,3097.0,1649.0,85.0,110.0,77.3,53.0,82.0,64.6,28.0,68.0,41.2,1,1.5,0.8,6.0,9.0,6.0,3.0,22.0,19:00:00,/en/matches/f1e8ac0f/Montpellier-Monaco-January-17-2025-Ligue-1
FRA-Ligue 1,2425,Montpellier,2025-01-26 Toulouse-Montpellier,2025-01-26,Matchweek 19,Sun,Away,W,2,1,Toulouse,194.0,302.0,64.2,3563.0,1554.0,75.0,101.0,74.3,87.0,114.0,76.3,24.0,66.0,36.4,1,0.4,0.4,4.0,16.0,1.0,0.0,21.0,17:15:00,/en/matches/81e5185d/Toulouse-Montpellier-January-26-2025-Ligue-1
FRA-Ligue 1,2425,Montpellier,2025-01-31 Montpellier-Lens,2025-01-31,Matchweek 20,Fri,Home,L,0,2,Lens,371.0,471.0,78.8,6662.0,2373.0,158.0,183.0,86.3,178.0,209.0,85.2,28.0,52.0,53.8,0,0.7,0.8,12.0,19.0,4.0,4.0,29.0,20:45:00,/en/matches/3652d822/Montpellier-Lens-January-31-2025-Ligue-1
FRA-Ligue 1,2425,Montpellier,2025-02-09 Strasbourg-Montpellier,2025-02-09,Matchweek 21,Sun,Away,L,0,2,Strasbourg,349.0,434.0,80.4,7063.0,2829.0,125.0,147.0,85.0,170.0,193.0,88.1,52.0,83.0,62.7,0,1.8,1.1,9.0,36.0,6.0,1.0,41.0,17:15:00,/en/matches/0886a1bd/Strasbourg-Montpellier-February-9-2025-Ligue-1
FRA-Ligue 1,2425,Montpellier,2025-02-16 Montpellier-Lyon,2025-02-16,Matchweek 22,Sun,Home,L,1,4,Lyon,273.0,362.0,75.4,5224.0,2007.0,126.0,153.0,82.4,94.0,118.0,79.7,44.0,73.0,60.3,1,1.2,1.1,7.0,19.0,5.0,3.0,27.0,15:00:00,/en/matches/1a0c79f0/Montpellier-Lyon-February-16-2025-Ligue-1
FRA-Ligue 1,2425,Montpellier,2025-02-23 Nice-Montpellier,2025-02-23,Matchweek 23,Sun,Away,L,0,2,Nice,314.0,422.0,74.4,5978.0,2374.0,129.0,150.0,86.0,140.0,172.0,81.4,38.0,72.0,52.8,0,0.4,0.5,7.0,23.0,6.0,4.0,28.0,17:15:00,/en/matches/920fad0c/Nice-Montpellier-February-23-2025-Ligue-1
FRA-Ligue 1,2425,Montpellier,2025-03-02 Montpellier-Rennes,2025-03-02,Matchweek 24,Sun,Home,L,0,4,Rennes,284.0,394.0,72.1,5491.0,1805.0,110.0,137.0,80.3,116.0,146.0,79.5,46.0,84.0,54.8,0,1.4,1.2,12.0,19.0,7.0,5.0,36.0,17:15:00,/en/matches/5739a5ae/Montpellier-Rennes-March-2-2025-Ligue-1
FRA-Ligue 1,2425,Montpellier,2025-03-08 Lille-Montpellier,2025-03-08,Matchweek 25,Sat,Away,L,0,1,Lille,190.0,259.0,73.4,3577.0,1481.0,88.0,97.0,90.7,71.0,96.0,74.0,28.0,54.0,51.9,0,0.2,0.4,8.0,17.0,2.0,0.0,17.0,19:00:00,/en/matches/3de20b0f/Lille-Montpellier-March-8-2025-Ligue-1
FRA-Ligue 1,2425,Montpellier,2025-03-16 Montpellier-Saint-Étienne,2025-03-16,Matchweek 26,Sun,Home,L,0,2,Saint-Étienne,,,,,,,,,,,,,,,0,,,,,,,,17:15:00,/en/matches/15ee650c/Montpellier-Saint-Etienne-March-16-2025-Ligue-1
FRA-Ligue 1,2425,Montpellier,2025-03-30 Auxerre-Montpellier,2025-03-30,Matchweek 27,Sun,Away,L,0,1,Auxerre,350.0,454.0,77.1,7000.0,2743.0,123.0,146.0,84.2,155.0,183.0,84.7,60.0,93.0,64.5,0,0.3,0.7,7.0,20.0,4.0,3.0,32.0,17:15:00,/en/matches/dea614ff/Auxerre-Montpellier-March-30-2025-Ligue-1
FRA-Ligue 1,2425,Montpellier,2025-04-06 Montpellier-Le Havre,2025-04-06,Matchweek 28,Sun,Home,L,0,2,Le Havre,477.0,558.0,85.5,8236.0,2933.0,228.0,247.0,92.3,173.0,194.0,89.2,56.0,84.0,66.7,0,0.7,0.8,8.0,45.0,8.0,4.0,50.0,17:15:00,/en/matches/0f9ee6ec/Montpellier-Le-Havre-April-6-2025-Ligue-1
FRA-Ligue 1,2425,Montpellier,2025-04-13 Angers-Montpellier,2025-04-13,Matchweek 29,Sun,Away,L,0,2,Angers,590.0,674.0,87.5,10209.0,2940.0,254.0,278.0,91.4,288.0,309.0,93.2,37.0,57.0,64.9,0,0.3,0.7,3.0,43.0,5.0,3.0,40.0,17:15:00,/en/matches/47a1a48a/Angers-Montpellier-April-13-2025-Ligue-1
FRA-Ligue 1,2425,Montpellier,2025-04-19 Marseille-Montpellier,2025-04-19,Matchweek 30,Sat,Away,L,1,5,Marseille,305.0,373.0,81.8,5571.0,1697.0,131.0,143.0,91.6,129.0,152.0,84.9,35.0,58.0,60.3,0,0.1,0.2,3.0,29.0,2.0,0.0,21.0,21:05:00,/en/matches/5a01308b/Marseille-Montpellier-April-19-2025-Ligue-1
FRA-Ligue 1,2425,Montpellier,2025-04-27 Montpellier-Reims,2025-04-27,Matchweek 31,Sun,Home,D,0,0,Reims,482.0,563.0,85.6,7774.0,2189.0,231.0,249.0,92.8,209.0,228.0,91.7,26.0,54.0,48.1,0,0.3,0.5,7.0,33.0,8.0,2.0,30.0,17:15:00,/en/matches/6ff732c6/Montpellier-Reims-April-27-2025-Ligue-1
FRA-Ligue 1,2425,Montpellier,2025-05-04 Brest-Montpellier,2025-05-04,Matchweek 32,Sun,Away,L,0,1,Brest,324.0,399.0,81.2,5373.0,2031.0,154.0,165.0,93.3,135.0,156.0,86.5,23.0,50.0,46.0,0,0.5,0.5,5.0,18.0,4.0,1.0,27.0,17:15:00,/en/matches/14d0b54f/Brest-Montpellier-May-4-2025-Ligue-1
FRA-Ligue 1,2425,Montpellier,2025-05-10 Montpellier-Paris S-G,2025-05-10,Matchweek 33,Sat,Home,L,1,4,Paris S-G,255.0,319.0,79.9,4203.0,1631.0,128.0,142.0,90.1,82.0,99.0,82.8,28.0,48.0,58.3,1,0.6,0.2,8.0,15.0,2.0,1.0,16.0,21:00:00,/en/matches/d083b7fa/Montpellier-Paris-Saint-Germain-May-10-2025-Ligue-1
FRA-Ligue 1,2425,Montpellier,2025-05-17 Nantes-Montpellier,2025-05-17,Matchweek 34,Sat,Away,L,0,3,Nantes,525.0,594.0,88.4,8796.0,2531.0,246.0,266.0,92.5,228.0,245.0,93.1,39.0,57.0,68.4,0,0.4,0.9,4.0,33.0,7.0,3.0,36.0,21:00:00,/en/matches/9b0e5db4/Nantes-Montpellier-May-17-2025-Ligue-1
FRA-Ligue 1,2425,Nantes,2024-08-18 Toulouse-Nantes,2024-08-18,Matchweek 1,Sun,Away,D,0,0,Toulouse,374.0,461.0,81.1,6963.0,2113.0,148.0,160.0,92.5,181.0,204.0,88.7,40.0,83.0,48.2,0,0.4,0.4,8.0,25.0,5.0,3.0,27.0,17:00:00,/en/matches/67b3b54c/Toulouse-Nantes-August-18-2024-Ligue-1
FRA-Ligue 1,2425,Nantes,2024-08-25 Nantes-Auxerre,2024-08-25,Matchweek 2,Sun,Home,W,2,0,Auxerre,240.0,346.0,69.4,4204.0,1974.0,103.0,129.0,79.8,111.0,142.0,78.2,21.0,51.0,41.2,1,0.9,0.6,5.0,22.0,7.0,2.0,27.0,17:00:00,/en/matches/57fe0d50/Nantes-Auxerre-August-25-2024-Ligue-1
FRA-Ligue 1,2425,Nantes,2024-08-31 Montpellier-Nantes,2024-08-31,Matchweek 3,Sat,Away,W,3,1,Montpellier,209.0,285.0,73.3,3778.0,1807.0,96.0,112.0,85.7,92.0,112.0,82.1,19.0,49.0,38.8,2,0.7,0.6,8.0,17.0,7.0,1.0,24.0,19:00:00,/en/matches/5b8c614c/Montpellier-Nantes-August-31-2024-Ligue-1
FRA-Ligue 1,2425,Nantes,2024-09-15 Nantes-Reims,2024-09-15,Matchweek 4,Sun,Home,L,1,2,Reims,428.0,501.0,85.4,7590.0,2605.0,180.0,192.0,93.8,204.0,224.0,91.1,36.0,63.0,57.1,1,1.3,1.1,14.0,30.0,11.0,4.0,42.0,17:00:00,/en/matches/1411fc56/Nantes-Reims-September-15-2024-Ligue-1
FRA-Ligue 1,2425,Nantes,2024-09-22 Angers-Nantes,2024-09-22,Matchweek 5,Sun,Away,D,1,1,Angers,424.0,526.0,80.6,7294.0,2802.0,212.0,240.0,88.3,152.0,182.0,83.5,49.0,79.0,62.0,1,0.5,0.7,5.0,33.0,5.0,1.0,39.0,17:00:00,/en/matches/601ddfc9/Angers-Nantes-September-22-2024-Ligue-1
FRA-Ligue 1,2425,Nantes,2024-09-29 Nantes-Saint-Étienne,2024-09-29,Matchweek 6,Sun,Home,D,2,2,Saint-Étienne,508.0,605.0,84.0,9119.0,3245.0,220.0,241.0,91.3,229.0,258.0,88.8,46.0,73.0,63.0,1,1.6,2.2,13.0,60.0,13.0,6.0,67.0,17:00:00,/en/matches/38a94d90/Nantes-Saint-Etienne-September-29-2024-Ligue-1
FRA-Ligue 1,2425,Nantes,2024-10-06 Lyon-Nantes,2024-10-06,Matchweek 7,Sun,Away,L,0,2,Lyon,327.0,420.0,77.9,5474.0,2352.0,165.0,184.0,89.7,129.0,152.0,84.9,26.0,64.0,40.6,0,0.4,0.2,7.0,26.0,4.0,1.0,28.0,15:00:00,/en/matches/1cefcdb4/Lyon-Nantes-October-6-2024-Ligue-1
FRA-Ligue 1,2425,Nantes,2024-10-20 Nantes-Nice,2024-10-20,Matchweek 8,Sun,Home,D,1,1,Nice,355.0,440.0,80.7,6277.0,2306.0,163.0,184.0,88.6,165.0,181.0,91.2,23.0,60.0,38.3,1,0.5,0.8,11.0,23.0,7.0,4.0,33.0,17:00:00,/en/matches/706313e8/Nantes-Nice-October-20-2024-Ligue-1
FRA-Ligue 1,2425,Nantes,2024-10-27 Strasbourg-Nantes,2024-10-27,Matchweek 9,Sun,Away,L,1,3,Strasbourg,431.0,518.0,83.2,8117.0,3050.0,158.0,179.0,88.3,228.0,242.0,94.2,40.0,67.0,59.7,1,0.7,1.3,7.0,33.0,10.0,4.0,37.0,17:00:00,/en/matches/98168e71/Strasbourg-Nantes-October-27-2024-Ligue-1
FRA-Ligue 1,2425,Nantes,2024-11-03 Nantes-Marseille,2024-11-03,Matchweek 10,Sun,Home,L,1,2,Marseille,237.0,322.0,73.6,4136.0,1741.0,108.0,127.0,85.0,101.0,119.0,84.9,24.0,49.0,49.0,1,0.8,0.7,5.0,17.0,2.0,1.0,25.0,20:45:00,/en/matches/53893177/Nantes-Marseille-November-3-2024-Ligue-1
FRA-Ligue 1,2425,Nantes,2024-11-09 Lens-Nantes,2024-11-09,Matchweek 11,Sat,Away,L,2,3,Lens,266.0,350.0,76.0,4800.0,2137.0,119.0,139.0,85.6,114.0,132.0,86.4,27.0,65.0,41.5,1,0.6,0.3,8.0,21.0,5.0,1.0,20.0,19:00:00,/en/matches/172c33b7/Lens-Nantes-November-9-2024-Ligue-1
FRA-Ligue 1,2425,Nantes,2024-11-24 Nantes-Le Havre,2024-11-24,Matchweek 12,Sun,Home,L,0,2,Le Havre,581.0,699.0,83.1,10230.0,3361.0,229.0,268.0,85.4,302.0,333.0,90.7,41.0,71.0,57.7,0,0.7,1.2,11.0,67.0,12.0,4.0,80.0,17:00:00,/en/matches/a27a021f/Nantes-Le-Havre-November-24-2024-Ligue-1
FRA-Ligue 1,2425,Nantes,2024-11-30 Paris S-G-Nantes,2024-11-30,Matchweek 13,Sat,Away,D,1,1,Paris S-G,138.0,211.0,65.4,2554.0,1378.0,70.0,91.0,76.9,45.0,58.0,77.6,20.0,46.0,43.5,1,0.7,0.3,4.0,9.0,2.0,1.0,14.0,21:00:00,/en/matches/b898e0fa/Paris-Saint-Germain-Nantes-November-30-2024-Ligue-1
FRA-Ligue 1,2425,Nantes,2024-12-08 Nantes-Rennes,2024-12-08,Matchweek 14,Sun,Home,W,1,0,Rennes,343.0,446.0,76.9,5835.0,1874.0,155.0,176.0,88.1,155.0,181.0,85.6,24.0,64.0,37.5,1,1.1,1.1,11.0,43.0,8.0,4.0,40.0,17:00:00,/en/matches/f45bb195/Nantes-Rennes-December-8-2024-Ligue-1
FRA-Ligue 1,2425,Nantes,2024-12-15 Brest-Nantes,2024-12-15,Matchweek 15,Sun,Away,L,1,4,Brest,420.0,521.0,80.6,7701.0,3159.0,169.0,201.0,84.1,180.0,198.0,90.9,54.0,89.0,60.7,1,0.8,0.9,14.0,36.0,14.0,8.0,43.0,17:00:00,/en/matches/59e6278a/Brest-Nantes-December-15-2024-Ligue-1
FRA-Ligue 1,2425,Nantes,2025-01-04 Lille-Nantes,2025-01-04,Matchweek 16,Sat,Away,D,1,1,Lille,238.0,316.0,75.3,4266.0,1606.0,99.0,109.0,90.8,116.0,135.0,85.9,21.0,61.0,34.4,0,0.4,0.4,4.0,12.0,2.0,0.0,15.0,19:00:00,/en/matches/185f0c34/Lille-Nantes-January-4-2025-Ligue-1
FRA-Ligue 1,2425,Nantes,2025-01-10 Nantes-Monaco,2025-01-10,Matchweek 17,Fri,Home,D,2,2,Monaco,229.0,316.0,72.5,3763.0,1777.0,126.0,146.0,86.3,65.0,83.0,78.3,24.0,59.0,40.7,2,0.6,0.4,8.0,15.0,11.0,3.0,27.0,19:00:00,/en/matches/d6c61854/Nantes-Monaco-January-10-2025-Ligue-1
FRA-Ligue 1,2425,Nantes,2025-01-19 Saint-Étienne-Nantes,2025-01-19,Matchweek 18,Sun,Away,D,1,1,Saint-Étienne,171.0,268.0,63.8,3308.0,1524.0,76.0,88.0,86.4,62.0,89.0,69.7,28.0,69.0,40.6,0,0.9,0.6,4.0,13.0,2.0,2.0,16.0,15:00:00,/en/matches/c47f8bb5/Saint-Etienne-Nantes-January-19-2025-Ligue-1
FRA-Ligue 1,2425,Nantes,2025-01-26 Nantes-Lyon,2025-01-26,Matchweek 19,Sun,Home,D,1,1,Lyon,319.0,396.0,80.6,6135.0,2193.0,119.0,129.0,92.2,153.0,174.0,87.9,38.0,70.0,54.3,1,0.9,0.8,5.0,28.0,6.0,2.0,36.0,17:15:00,/en/matches/b90ceb47/Nantes-Lyon-January-26-2025-Ligue-1
FRA-Ligue 1,2425,Nantes,2025-02-02 Reims-Nantes,2025-02-02,Matchweek 20,Sun,Away,W,2,1,Reims,329.0,412.0,79.9,5474.0,2235.0,147.0,164.0,89.6,133.0,148.0,89.9,30.0,63.0,47.6,2,2.0,0.5,9.0,17.0,8.0,3.0,26.0,17:15:00,/en/matches/eee9fd86/Reims-Nantes-February-2-2025-Ligue-1
FRA-Ligue 1,2425,Nantes,2025-02-07 Nantes-Brest,2025-02-07,Matchweek 21,Fri,Home,L,0,2,Brest,431.0,538.0,80.1,8480.0,2974.0,156.0,173.0,90.2,197.0,232.0,84.9,69.0,105.0,65.7,0,0.7,1.1,10.0,43.0,12.0,5.0,54.0,19:00:00,/en/matches/606c7cad/Nantes-Brest-February-7-2025-Ligue-1
FRA-Ligue 1,2425,Nantes,2025-02-15 Monaco-Nantes,2025-02-15,Matchweek 22,Sat,Away,L,1,7,Monaco,270.0,356.0,75.8,5092.0,2374.0,136.0,155.0,87.7,94.0,124.0,75.8,39.0,72.0,54.2,1,1.3,0.4,5.0,23.0,3.0,0.0,24.0,19:00:00,/en/matches/25fd86bc/Monaco-Nantes-February-15-2025-Ligue-1
FRA-Ligue 1,2425,Nantes,2025-02-23 Nantes-Lens,2025-02-23,Matchweek 23,Sun,Home,W,3,1,Lens,284.0,354.0,80.2,5412.0,2089.0,108.0,123.0,87.8,134.0,149.0,89.9,35.0,65.0,53.8,1,2.6,2.1,11.0,26.0,9.0,4.0,23.0,15:00:00,/en/matches/24e266d4/Nantes-Lens-February-23-2025-Ligue-1
FRA-Ligue 1,2425,Nantes,2025-03-02 Marseille-Nantes,2025-03-02,Matchweek 24,Sun,Away,L,0,2,Marseille,204.0,286.0,71.3,3654.0,1664.0,91.0,106.0,85.8,86.0,109.0,78.9,22.0,55.0,40.0,0,0.8,0.5,7.0,25.0,2.0,0.0,23.0,20:45:00,/en/matches/ef2b73e7/Marseille-Nantes-March-2-2025-Ligue-1
FRA-Ligue 1,2425,Nantes,2025-03-09 Nantes-Strasbourg,2025-03-09,Matchweek 25,Sun,Home,L,0,1,Strasbourg,321.0,405.0,79.3,5412.0,2147.0,155.0,167.0,92.8,124.0,142.0,87.3,28.0,68.0,41.2,0,0.7,0.7,9.0,19.0,7.0,3.0,27.0,17:15:00,/en/matches/01d100ee/Nantes-Strasbourg-March-9-2025-Ligue-1
FRA-Ligue 1,2425,Nantes,2025-03-15 Nantes-Lille,2025-03-15,Matchweek 26,Sat,Home,W,1,0,Lille,256.0,329.0,77.8,4984.0,1919.0,96.0,110.0,87.3,116.0,127.0,91.3,39.0,78.0,50.0,1,0.7,1.1,7.0,14.0,6.0,3.0,19.0,17:00:00,/en/matches/e91d94ec/Nantes-Lille-March-15-2025-Ligue-1
FRA-Ligue 1,2425,Nantes,2025-03-30 Le Havre-Nantes,2025-03-30,Matchweek 27,Sun,Away,L,2,3,Le Havre,328.0,406.0,80.8,6168.0,2404.0,124.0,141.0,87.9,166.0,184.0,90.2,33.0,62.0,53.2,2,0.6,0.7,3.0,18.0,2.0,2.0,25.0,17:15:00,/en/matches/a48ef3f0/Le-Havre-Nantes-March-30-2025-Ligue-1
FRA-Ligue 1,2425,Nantes,2025-04-04 Nice-Nantes,2025-04-04,Matchweek 28,Fri,Away,W,2,1,Nice,144.0,240.0,60.0,2681.0,1244.0,62.0,75.0,82.7,63.0,82.0,76.8,16.0,68.0,23.5,1,0.2,0.1,3.0,7.0,1.0,0.0,14.0,20:45:00,/en/matches/3b3118ec/Nice-Nantes-April-4-2025-Ligue-1
FRA-Ligue 1,2425,Nantes,2025-04-18 Rennes-Nantes,2025-04-18,Matchweek 30,Fri,Away,L,1,2,Rennes,256.0,329.0,77.8,4652.0,1774.0,113.0,127.0,89.0,112.0,131.0,85.5,28.0,58.0,48.3,1,0.7,0.4,3.0,17.0,1.0,0.0,19.0,20:45:00,/en/matches/6dc7499b/Rennes-Nantes-April-18-2025-Ligue-1
FRA-Ligue 1,2425,Nantes,2025-04-22 Nantes-Paris S-G,2025-04-22,Matchweek 29,Tue,Home,D,1,1,Paris S-G,219.0,307.0,71.3,3971.0,1837.0,99.0,123.0,80.5,94.0,114.0,82.5,22.0,45.0,48.9,0,0.3,0.7,4.0,13.0,2.0,0.0,23.0,20:45:00,/en/matches/170d66ea/Nantes-Paris-Saint-Germain-April-22-2025-Ligue-1
FRA-Ligue 1,2425,Nantes,2025-04-27 Nantes-Toulouse,2025-04-27,Matchweek 31,Sun,Home,D,0,0,Toulouse,496.0,571.0,86.9,8645.0,2631.0,227.0,241.0,94.2,227.0,254.0,89.4,35.0,57.0,61.4,0,1.1,1.1,11.0,53.0,8.0,5.0,52.0,17:15:00,/en/matches/94a42dc1/Nantes-Toulouse-April-27-2025-Ligue-1
FRA-Ligue 1,2425,Nantes,2025-05-04 Nantes-Angers,2025-05-04,Matchweek 32,Sun,Home,L,0,1,Angers,473.0,576.0,82.1,8630.0,3020.0,177.0,204.0,86.8,239.0,264.0,90.5,41.0,74.0,55.4,0,0.4,0.8,6.0,26.0,13.0,6.0,40.0,15:00:00,/en/matches/e467e10c/Nantes-Angers-May-4-2025-Ligue-1
FRA-Ligue 1,2425,Nantes,2025-05-10 Auxerre-Nantes,2025-05-10,Matchweek 33,Sat,Away,D,1,1,Auxerre,352.0,432.0,81.5,6193.0,2278.0,164.0,188.0,87.2,158.0,173.0,91.3,27.0,59.0,45.8,1,0.6,0.8,6.0,20.0,3.0,2.0,19.0,21:00:00,/en/matches/2cfd2ba4/Auxerre-Nantes-May-10-2025-Ligue-1
FRA-Ligue 1,2425,Nantes,2025-05-17 Nantes-Montpellier,2025-05-17,Matchweek 34,Sat,Home,W,3,0,Montpellier,398.0,468.0,85.0,7120.0,2432.0,171.0,187.0,91.4,159.0,175.0,90.9,51.0,75.0,68.0,1,1.4,0.9,11.0,27.0,6.0,0.0,25.0,21:00:00,/en/matches/9b0e5db4/Nantes-Montpellier-May-17-2025-Ligue-1
FRA-Ligue 1,2425,Nice,2024-08-18 Auxerre-Nice,2024-08-18,Matchweek 1,Sun,Away,L,1,2,Auxerre,446.0,530.0,84.2,7287.0,2716.0,216.0,230.0,93.9,206.0,232.0,88.8,23.0,50.0,46.0,1,0.7,1.0,8.0,32.0,12.0,3.0,56.0,15:00:00,/en/matches/18a24a50/Auxerre-Nice-August-18-2024-Ligue-1
FRA-Ligue 1,2425,Nice,2024-08-25 Nice-Toulouse,2024-08-25,Matchweek 2,Sun,Home,D,1,1,Toulouse,406.0,502.0,80.9,7040.0,2550.0,173.0,198.0,87.4,205.0,231.0,88.7,25.0,56.0,44.6,1,1.1,0.9,7.0,20.0,5.0,1.0,26.0,17:00:00,/en/matches/33b61302/Nice-Toulouse-August-25-2024-Ligue-1
FRA-Ligue 1,2425,Nice,2024-09-01 Angers-Nice,2024-09-01,Matchweek 3,Sun,Away,W,4,1,Angers,332.0,413.0,80.4,5886.0,2411.0,142.0,162.0,87.7,151.0,179.0,84.4,32.0,56.0,57.1,3,1.0,1.3,8.0,18.0,7.0,1.0,33.0,17:00:00,/en/matches/97e962bb/Angers-Nice-September-1-2024-Ligue-1
FRA-Ligue 1,2425,Nice,2024-09-14 Marseille-Nice,2024-09-14,Matchweek 4,Sat,Away,L,0,2,Marseille,350.0,424.0,82.5,5691.0,2182.0,176.0,193.0,91.2,139.0,163.0,85.3,23.0,39.0,59.0,0,1.1,0.5,8.0,31.0,5.0,0.0,35.0,17:00:00,/en/matches/2034c29c/Marseille-Nice-September-14-2024-Ligue-1
FRA-Ligue 1,2425,Nice,2024-09-20 Nice-Saint-Étienne,2024-09-20,Matchweek 5,Fri,Home,W,8,0,Saint-Étienne,637.0,703.0,90.6,9603.0,3089.0,365.0,384.0,95.1,223.0,242.0,92.1,31.0,48.0,64.6,3,2.2,1.2,11.0,33.0,6.0,1.0,33.0,20:45:00,/en/matches/85495c0d/Nice-Saint-Etienne-September-20-2024-Ligue-1
FRA-Ligue 1,2425,Nice,2024-09-28 Lens-Nice,2024-09-28,Matchweek 6,Sat,Away,D,0,0,Lens,316.0,403.0,78.4,5117.0,2303.0,168.0,196.0,85.7,122.0,141.0,86.5,21.0,53.0,39.6,0,0.6,0.5,7.0,20.0,4.0,1.0,29.0,17:00:00,/en/matches/340afccd/Lens-Nice-September-28-2024-Ligue-1
FRA-Ligue 1,2425,Nice,2024-10-06 Nice-Paris S-G,2024-10-06,Matchweek 7,Sun,Home,D,1,1,Paris S-G,248.0,313.0,79.2,4028.0,1825.0,121.0,136.0,89.0,99.0,118.0,83.9,20.0,42.0,47.6,0,0.4,0.7,8.0,14.0,7.0,3.0,28.0,20:45:00,/en/matches/474dd950/Nice-Paris-Saint-Germain-October-6-2024-Ligue-1
FRA-Ligue 1,2425,Nice,2024-10-20 Nantes-Nice,2024-10-20,Matchweek 8,Sun,Away,D,1,1,Nantes,502.0,589.0,85.2,8322.0,2624.0,235.0,258.0,91.1,226.0,256.0,88.3,32.0,52.0,61.5,1,0.8,1.4,13.0,41.0,9.0,2.0,53.0,17:00:00,/en/matches/706313e8/Nantes-Nice-October-20-2024-Ligue-1
FRA-Ligue 1,2425,Nice,2024-10-27 Nice-Monaco,2024-10-27,Matchweek 9,Sun,Home,W,2,1,Monaco,267.0,355.0,75.2,4579.0,2056.0,124.0,147.0,84.4,106.0,129.0,82.2,29.0,61.0,47.5,1,1.4,1.8,16.0,21.0,14.0,2.0,42.0,17:00:00,/en/matches/4cbaa8c3/Nice-Monaco-October-27-2024-Ligue-1
FRA-Ligue 1,2425,Nice,2024-11-02 Brest-Nice,2024-11-02,Matchweek 10,Sat,Away,W,1,0,Brest,284.0,376.0,75.5,5332.0,2202.0,127.0,148.0,85.8,112.0,129.0,86.8,36.0,69.0,52.2,1,1.1,1.0,9.0,19.0,8.0,2.0,29.0,19:00:00,/en/matches/0fab1c2f/Brest-Nice-November-2-2024-Ligue-1
FRA-Ligue 1,2425,Nice,2024-11-10 Nice-Lille,2024-11-10,Matchweek 11,Sun,Home,D,2,2,Lille,329.0,418.0,78.7,6055.0,2289.0,143.0,171.0,83.6,142.0,163.0,87.1,38.0,66.0,57.6,2,1.8,1.7,12.0,20.0,13.0,3.0,37.0,15:00:00,/en/matches/e213d881/Nice-Lille-November-10-2024-Ligue-1
FRA-Ligue 1,2425,Nice,2024-11-24 Nice-Strasbourg,2024-11-24,Matchweek 12,Sun,Home,W,2,1,Strasbourg,453.0,549.0,82.5,8405.0,2908.0,190.0,219.0,86.8,211.0,238.0,88.7,50.0,77.0,64.9,1,2.0,1.7,10.0,28.0,9.0,2.0,49.0,20:45:00,/en/matches/5bfe68c5/Nice-Strasbourg-November-24-2024-Ligue-1
FRA-Ligue 1,2425,Nice,2024-12-01 Lyon-Nice,2024-12-01,Matchweek 13,Sun,Away,L,1,4,Lyon,361.0,457.0,79.0,5898.0,2064.0,191.0,217.0,88.0,135.0,164.0,82.3,28.0,51.0,54.9,1,2.0,1.5,10.0,34.0,12.0,2.0,43.0,17:00:00,/en/matches/44194749/Lyon-Nice-December-1-2024-Ligue-1
FRA-Ligue 1,2425,Nice,2024-12-07 Nice-Le Havre,2024-12-07,Matchweek 14,Sat,Home,W,2,1,Le Havre,358.0,446.0,80.3,6027.0,2057.0,173.0,192.0,90.1,150.0,176.0,85.2,28.0,56.0,50.0,1,1.0,0.8,10.0,26.0,9.0,1.0,43.0,19:00:00,/en/matches/3a9f8a55/Nice-Le-Havre-December-7-2024-Ligue-1
FRA-Ligue 1,2425,Nice,2024-12-15 Montpellier-Nice,2024-12-15,Matchweek 15,Sun,Away,D,2,2,Montpellier,347.0,412.0,84.2,5918.0,2667.0,165.0,179.0,92.2,154.0,180.0,85.6,23.0,42.0,54.8,2,0.8,0.8,13.0,35.0,4.0,0.0,38.0,15:00:00,/en/matches/479d06f8/Montpellier-Nice-December-15-2024-Ligue-1
FRA-Ligue 1,2425,Nice,2025-01-03 Nice-Rennes,2025-01-03,Matchweek 16,Fri,Home,W,3,2,Rennes,350.0,457.0,76.6,6689.0,2232.0,127.0,149.0,85.2,186.0,216.0,86.1,32.0,71.0,45.1,2,0.9,1.0,6.0,20.0,8.0,1.0,29.0,21:00:00,/en/matches/00eeccd9/Nice-Rennes-January-3-2025-Ligue-1
FRA-Ligue 1,2425,Nice,2025-01-11 Reims-Nice,2025-01-11,Matchweek 17,Sat,Away,W,4,2,Reims,393.0,482.0,81.5,5847.0,2368.0,222.0,237.0,93.7,128.0,155.0,82.6,24.0,53.0,45.3,3,1.3,1.0,12.0,23.0,13.0,2.0,37.0,19:00:00,/en/matches/cdcb7386/Reims-Nice-January-11-2025-Ligue-1
FRA-Ligue 1,2425,Nice,2025-01-17 Lille-Nice,2025-01-17,Matchweek 18,Fri,Away,L,1,2,Lille,359.0,459.0,78.2,6280.0,2111.0,162.0,189.0,85.7,156.0,181.0,86.2,35.0,72.0,48.6,0,2.0,0.9,10.0,19.0,5.0,1.0,27.0,21:05:00,/en/matches/41d92573/Lille-Nice-January-17-2025-Ligue-1
FRA-Ligue 1,2425,Nice,2025-01-26 Nice-Marseille,2025-01-26,Matchweek 19,Sun,Home,W,2,0,Marseille,233.0,310.0,75.2,4308.0,2134.0,113.0,139.0,81.3,80.0,101.0,79.2,32.0,53.0,60.4,1,0.9,0.6,8.0,14.0,7.0,2.0,18.0,20:45:00,/en/matches/ce373826/Nice-Marseille-January-26-2025-Ligue-1
FRA-Ligue 1,2425,Nice,2025-02-02 Toulouse-Nice,2025-02-02,Matchweek 20,Sun,Away,D,1,1,Toulouse,384.0,467.0,82.2,7021.0,2462.0,159.0,175.0,90.9,185.0,207.0,89.4,33.0,62.0,53.2,0,0.6,0.8,7.0,21.0,6.0,3.0,30.0,15:00:00,/en/matches/af67aa9c/Toulouse-Nice-February-2-2025-Ligue-1
FRA-Ligue 1,2425,Nice,2025-02-08 Nice-Lens,2025-02-08,Matchweek 21,Sat,Home,W,2,0,Lens,569.0,659.0,86.3,8987.0,3091.0,309.0,340.0,90.9,218.0,243.0,89.7,32.0,51.0,62.7,1,1.5,1.5,14.0,52.0,13.0,1.0,52.0,17:00:00,/en/matches/544b155b/Nice-Lens-February-8-2025-Ligue-1
FRA-Ligue 1,2425,Nice,2025-02-16 Le Havre-Nice,2025-02-16,Matchweek 22,Sun,Away,W,3,1,Le Havre,426.0,506.0,84.2,7215.0,2669.0,200.0,211.0,94.8,191.0,212.0,90.1,28.0,55.0,50.9,2,1.4,0.8,9.0,39.0,7.0,1.0,36.0,17:15:00,/en/matches/e62361b8/Le-Havre-Nice-February-16-2025-Ligue-1
FRA-Ligue 1,2425,Nice,2025-02-23 Nice-Montpellier,2025-02-23,Matchweek 23,Sun,Home,W,2,0,Montpellier,447.0,539.0,82.9,7160.0,2645.0,233.0,255.0,91.4,181.0,209.0,86.6,27.0,56.0,48.2,2,1.7,2.1,13.0,30.0,13.0,1.0,44.0,17:15:00,/en/matches/920fad0c/Nice-Montpellier-February-23-2025-Ligue-1
FRA-Ligue 1,2425,Nice,2025-03-01 Saint-Étienne-Nice,2025-03-01,Matchweek 24,Sat,Away,W,3,1,Saint-Étienne,356.0,451.0,78.9,6382.0,2781.0,165.0,187.0,88.2,146.0,176.0,83.0,41.0,61.0,67.2,1,1.6,1.1,13.0,28.0,9.0,2.0,37.0,17:00:00,/en/matches/8a209a58/Saint-Etienne-Nice-March-1-2025-Ligue-1
FRA-Ligue 1,2425,Nice,2025-03-09 Nice-Lyon,2025-03-09,Matchweek 25,Sun,Home,L,0,2,Lyon,342.0,427.0,80.1,5659.0,2070.0,167.0,188.0,88.8,139.0,165.0,84.2,25.0,51.0,49.0,0,1.1,1.5,13.0,20.0,12.0,2.0,24.0,20:45:00,/en/matches/29e9616d/Nice-Lyon-March-9-2025-Ligue-1
FRA-Ligue 1,2425,Nice,2025-03-14 Nice-Auxerre,2025-03-14,Matchweek 26,Fri,Home,D,1,1,Auxerre,394.0,479.0,82.3,6401.0,2767.0,211.0,234.0,90.2,152.0,171.0,88.9,26.0,51.0,51.0,1,1.8,2.3,16.0,35.0,18.0,3.0,53.0,20:45:00,/en/matches/e91c00b1/Nice-Auxerre-March-14-2025-Ligue-1
FRA-Ligue 1,2425,Nice,2025-03-29 Monaco-Nice,2025-03-29,Matchweek 27,Sat,Away,L,1,2,Monaco,287.0,361.0,79.5,5011.0,2127.0,128.0,142.0,90.1,124.0,151.0,82.1,29.0,53.0,54.7,1,0.5,0.7,8.0,14.0,7.0,4.0,26.0,21:05:00,/en/matches/b5952890/Monaco-Nice-March-29-2025-Ligue-1
FRA-Ligue 1,2425,Nice,2025-04-04 Nice-Nantes,2025-04-04,Matchweek 28,Fri,Home,L,1,2,Nantes,620.0,748.0,82.9,10037.0,3432.0,313.0,361.0,86.7,258.0,280.0,92.1,37.0,74.0,50.0,1,1.4,1.9,11.0,71.0,21.0,6.0,84.0,20:45:00,/en/matches/3b3118ec/Nice-Nantes-April-4-2025-Ligue-1
FRA-Ligue 1,2425,Nice,2025-04-12 Strasbourg-Nice,2025-04-12,Matchweek 29,Sat,Away,D,2,2,Strasbourg,480.0,583.0,82.3,7623.0,2523.0,260.0,280.0,92.9,168.0,206.0,81.6,38.0,61.0,62.3,2,1.5,1.5,19.0,44.0,15.0,5.0,52.0,21:05:00,/en/matches/55275978/Strasbourg-Nice-April-12-2025-Ligue-1
FRA-Ligue 1,2425,Nice,2025-04-20 Nice-Angers,2025-04-20,Matchweek 30,Sun,Home,W,2,1,Angers,507.0,581.0,87.3,8272.0,2860.0,251.0,271.0,92.6,231.0,249.0,92.8,21.0,43.0,48.8,1,2.3,3.1,15.0,45.0,18.0,2.0,72.0,17:15:00,/en/matches/44e5cf44/Nice-Angers-April-20-2025-Ligue-1
FRA-Ligue 1,2425,Nice,2025-04-25 Paris S-G-Nice,2025-04-25,Matchweek 31,Fri,Away,W,3,1,Paris S-G,206.0,270.0,76.3,3280.0,1563.0,117.0,137.0,85.4,62.0,73.0,84.9,17.0,43.0,39.5,3,0.9,0.5,6.0,6.0,4.0,1.0,6.0,20:45:00,/en/matches/ae345c9c/Paris-Saint-Germain-Nice-April-25-2025-Ligue-1
FRA-Ligue 1,2425,Nice,2025-05-02 Nice-Reims,2025-05-02,Matchweek 32,Fri,Home,W,1,0,Reims,418.0,524.0,79.8,7572.0,2534.0,174.0,205.0,84.9,208.0,230.0,90.4,30.0,68.0,44.1,0,0.4,0.3,2.0,29.0,6.0,0.0,38.0,20:45:00,/en/matches/2e39c335/Nice-Reims-May-2-2025-Ligue-1
FRA-Ligue 1,2425,Nice,2025-05-10 Rennes-Nice,2025-05-10,Matchweek 33,Sat,Away,L,0,2,Rennes,379.0,485.0,78.1,6734.0,2327.0,166.0,188.0,88.3,165.0,198.0,83.3,41.0,63.0,65.1,0,0.8,0.8,8.0,29.0,9.0,3.0,50.0,21:00:00,/en/matches/db5269b6/Rennes-Nice-May-10-2025-Ligue-1
FRA-Ligue 1,2425,Nice,2025-05-17 Nice-Brest,2025-05-17,Matchweek 34,Sat,Home,W,6,0,Brest,343.0,425.0,80.7,5763.0,2145.0,159.0,182.0,87.4,150.0,172.0,87.2,28.0,50.0,56.0,4,3.0,1.7,13.0,20.0,6.0,1.0,31.0,21:00:00,/en/matches/4ff4d64e/Nice-Brest-May-17-2025-Ligue-1
FRA-Ligue 1,2425,Paris S-G,2024-08-16 Le Havre-Paris S-G,2024-08-16,Matchweek 1,Fri,Away,W,4,1,Le Havre,798.0,866.0,92.1,13370.0,3735.0,368.0,389.0,94.6,352.0,368.0,95.7,61.0,76.0,80.3,3,2.0,1.1,12.0,62.0,7.0,1.0,64.0,20:45:00,/en/matches/a6b98e33/Le-Havre-Paris-Saint-Germain-August-16-2024-Ligue-1
FRA-Ligue 1,2425,Paris S-G,2024-08-23 Paris S-G-Montpellier,2024-08-23,Matchweek 2,Fri,Home,W,6,0,Montpellier,713.0,774.0,92.1,10239.0,3038.0,407.0,425.0,95.8,224.0,237.0,94.5,41.0,58.0,70.7,6,3.6,2.6,22.0,34.0,12.0,1.0,61.0,20:45:00,/en/matches/910be353/Paris-Saint-Germain-Montpellier-August-23-2024-Ligue-1
FRA-Ligue 1,2425,Paris S-G,2024-09-01 Lille-Paris S-G,2024-09-01,Matchweek 3,Sun,Away,W,3,1,Lille,566.0,641.0,88.3,9736.0,2727.0,255.0,269.0,94.8,268.0,290.0,92.4,38.0,63.0,60.3,2,1.8,1.2,10.0,32.0,7.0,1.0,38.0,20:45:00,/en/matches/49234140/Lille-Paris-Saint-Germain-September-1-2024-Ligue-1
FRA-Ligue 1,2425,Paris S-G,2024-09-14 Paris S-G-Brest,2024-09-14,Matchweek 4,Sat,Home,W,3,1,Brest,655.0,733.0,89.4,10880.0,3337.0,305.0,330.0,92.4,295.0,320.0,92.2,43.0,55.0,78.2,2,2.6,2.2,19.0,49.0,16.0,2.0,71.0,21:00:00,/en/matches/f22a7db0/Paris-Saint-Germain-Brest-September-14-2024-Ligue-1
FRA-Ligue 1,2425,Paris S-G,2024-09-21 Reims-Paris S-G,2024-09-21,Matchweek 5,Sat,Away,D,1,1,Reims,783.0,849.0,92.2,13657.0,3981.0,337.0,355.0,94.9,379.0,398.0,95.2,61.0,83.0,73.5,1,1.6,2.2,11.0,93.0,21.0,5.0,82.0,21:00:00,/en/matches/7274e9a5/Reims-Paris-Saint-Germain-September-21-2024-Ligue-1
FRA-Ligue 1,2425,Paris S-G,2024-09-27 Paris S-G-Rennes,2024-09-27,Matchweek 6,Fri,Home,W,3,1,Rennes,591.0,674.0,87.7,9135.0,2861.0,298.0,320.0,93.1,236.0,249.0,94.8,33.0,60.0,55.0,2,2.6,1.9,21.0,39.0,9.0,1.0,39.0,21:00:00,/en/matches/ab0643c6/Paris-Saint-Germain-Rennes-September-27-2024-Ligue-1
FRA-Ligue 1,2425,Paris S-G,2024-10-06 Nice-Paris S-G,2024-10-06,Matchweek 7,Sun,Away,D,1,1,Nice,666.0,751.0,88.7,10921.0,2977.0,329.0,351.0,93.7,280.0,311.0,90.0,48.0,68.0,70.6,0,1.2,1.5,14.0,64.0,16.0,4.0,54.0,20:45:00,/en/matches/474dd950/Nice-Paris-Saint-Germain-October-6-2024-Ligue-1
FRA-Ligue 1,2425,Paris S-G,2024-10-19 Paris S-G-Strasbourg,2024-10-19,Matchweek 8,Sat,Home,W,4,2,Strasbourg,512.0,590.0,86.8,8800.0,3003.0,247.0,269.0,91.8,218.0,238.0,91.6,40.0,66.0,60.6,3,2.4,2.3,15.0,32.0,10.0,4.0,39.0,21:00:00,/en/matches/80a16e3b/Paris-Saint-Germain-Strasbourg-October-19-2024-Ligue-1
FRA-Ligue 1,2425,Paris S-G,2024-10-27 Marseille-Paris S-G,2024-10-27,Matchweek 9,Sun,Away,W,3,0,Marseille,878.0,945.0,92.9,13341.0,3350.0,473.0,494.0,95.7,326.0,343.0,95.0,50.0,60.0,83.3,1,2.4,2.2,16.0,101.0,15.0,4.0,77.0,20:45:00,/en/matches/c29b0d3a/Marseille-Paris-Saint-Germain-October-27-2024-Ligue-1
FRA-Ligue 1,2425,Paris S-G,2024-11-02 Paris S-G-Lens,2024-11-02,Matchweek 10,Sat,Home,W,1,0,Lens,661.0,750.0,88.1,10452.0,3085.0,342.0,371.0,92.2,249.0,266.0,93.6,50.0,79.0,63.3,1,2.8,1.3,17.0,33.0,10.0,1.0,42.0,17:00:00,/en/matches/51cd344b/Paris-Saint-Germain-Lens-November-2-2024-Ligue-1
FRA-Ligue 1,2425,Paris S-G,2024-11-09 Angers-Paris S-G,2024-11-09,Matchweek 11,Sat,Away,W,4,2,Angers,763.0,838.0,91.1,12553.0,3443.0,381.0,408.0,93.4,321.0,338.0,95.0,49.0,63.0,77.8,4,2.6,2.5,20.0,63.0,17.0,3.0,77.0,21:00:00,/en/matches/ddf738c4/Angers-Paris-Saint-Germain-November-9-2024-Ligue-1
FRA-Ligue 1,2425,Paris S-G,2024-11-22 Paris S-G-Toulouse,2024-11-22,Matchweek 12,Fri,Home,W,3,0,Toulouse,708.0,806.0,87.8,11058.0,3096.0,363.0,390.0,93.1,284.0,309.0,91.9,38.0,58.0,65.5,2,0.9,0.8,15.0,37.0,9.0,1.0,59.0,21:00:00,/en/matches/740dd871/Paris-Saint-Germain-Toulouse-November-22-2024-Ligue-1
FRA-Ligue 1,2425,Paris S-G,2024-11-30 Paris S-G-Nantes,2024-11-30,Matchweek 13,Sat,Home,D,1,1,Nantes,973.0,1083.0,89.8,15966.0,3840.0,453.0,488.0,92.8,448.0,483.0,92.8,53.0,69.0,76.8,1,2.5,3.4,21.0,104.0,21.0,4.0,115.0,21:00:00,/en/matches/b898e0fa/Paris-Saint-Germain-Nantes-November-30-2024-Ligue-1
FRA-Ligue 1,2425,Paris S-G,2024-12-06 Auxerre-Paris S-G,2024-12-06,Matchweek 14,Fri,Away,D,0,0,Auxerre,637.0,733.0,86.9,9698.0,2872.0,339.0,367.0,92.4,245.0,271.0,90.4,32.0,54.0,59.3,0,2.3,2.0,21.0,66.0,17.0,2.0,72.0,21:00:00,/en/matches/9139adc8/Auxerre-Paris-Saint-Germain-December-6-2024-Ligue-1
FRA-Ligue 1,2425,Paris S-G,2024-12-15 Paris S-G-Lyon,2024-12-15,Matchweek 15,Sun,Home,W,3,1,Lyon,697.0,774.0,90.1,11749.0,3094.0,321.0,332.0,96.7,290.0,314.0,92.4,63.0,85.0,74.1,1,1.3,1.3,9.0,50.0,9.0,0.0,51.0,20:45:00,/en/matches/90a6f4dd/Paris-Saint-Germain-Lyon-December-15-2024-Ligue-1
FRA-Ligue 1,2425,Paris S-G,2024-12-18 Monaco-Paris S-G,2024-12-18,Matchweek 16,Wed,Away,W,4,2,Monaco,528.0,621.0,85.0,9241.0,2928.0,262.0,288.0,91.0,195.0,209.0,93.3,59.0,95.0,62.1,3,1.4,1.0,15.0,32.0,6.0,1.0,46.0,21:00:00,/en/matches/b7d32870/Monaco-Paris-Saint-Germain-December-18-2024-Ligue-1
FRA-Ligue 1,2425,Paris S-G,2025-01-12 Paris S-G-Saint-Étienne,2025-01-12,Matchweek 17,Sun,Home,W,2,1,Saint-Étienne,563.0,648.0,86.9,10210.0,3112.0,237.0,262.0,90.5,233.0,262.0,88.9,71.0,81.0,87.7,1,2.7,2.3,21.0,45.0,12.0,2.0,55.0,20:45:00,/en/matches/8d5ca778/Paris-Saint-Germain-Saint-Etienne-January-12-2025-Ligue-1
FRA-Ligue 1,2425,Paris S-G,2025-01-18 Lens-Paris S-G,2025-01-18,Matchweek 18,Sat,Away,W,2,1,Lens,663.0,732.0,90.6,11250.0,3002.0,276.0,290.0,95.2,314.0,338.0,92.9,47.0,63.0,74.6,2,1.1,1.2,7.0,38.0,6.0,0.0,47.0,17:00:00,/en/matches/f1e63652/Lens-Paris-Saint-Germain-January-18-2025-Ligue-1
FRA-Ligue 1,2425,Paris S-G,2025-01-25 Paris S-G-Reims,2025-01-25,Matchweek 19,Sat,Home,D,1,1,Reims,742.0,824.0,90.0,11990.0,3459.0,344.0,367.0,93.7,334.0,355.0,94.1,39.0,57.0,68.4,1,1.1,1.6,13.0,71.0,18.0,5.0,87.0,21:05:00,/en/matches/c2b062af/Paris-Saint-Germain-Reims-January-25-2025-Ligue-1
FRA-Ligue 1,2425,Paris S-G,2025-02-01 Brest-Paris S-G,2025-02-01,Matchweek 20,Sat,Away,W,5,2,Brest,665.0,754.0,88.2,11297.0,3507.0,325.0,354.0,91.8,276.0,294.0,93.9,59.0,89.0,66.3,3,2.9,1.5,11.0,65.0,17.0,2.0,59.0,17:00:00,/en/matches/c84f91ac/Brest-Paris-Saint-Germain-February-1-2025-Ligue-1
FRA-Ligue 1,2425,Paris S-G,2025-02-07 Paris S-G-Monaco,2025-02-07,Matchweek 21,Fri,Home,W,4,1,Monaco,563.0,652.0,86.3,9909.0,2871.0,242.0,265.0,91.3,247.0,274.0,90.1,56.0,74.0,75.7,3,3.1,1.6,14.0,38.0,14.0,1.0,65.0,21:05:00,/en/matches/c79c5813/Paris-Saint-Germain-Monaco-February-7-2025-Ligue-1
FRA-Ligue 1,2425,Paris S-G,2025-02-15 Toulouse-Paris S-G,2025-02-15,Matchweek 22,Sat,Away,W,1,0,Toulouse,777.0,847.0,91.7,13156.0,3336.0,338.0,363.0,93.1,383.0,399.0,96.0,45.0,62.0,72.6,0,1.4,1.2,13.0,59.0,13.0,3.0,64.0,21:05:00,/en/matches/91e2ebf6/Toulouse-Paris-Saint-Germain-February-15-2025-Ligue-1
FRA-Ligue 1,2425,Paris S-G,2025-02-23 Lyon-Paris S-G,2025-02-23,Matchweek 23,Sun,Away,W,3,2,Lyon,627.0,691.0,90.7,10550.0,2788.0,295.0,310.0,95.2,282.0,298.0,94.6,43.0,67.0,64.2,3,2.3,1.1,14.0,41.0,12.0,1.0,49.0,20:45:00,/en/matches/3906711b/Lyon-Paris-Saint-Germain-February-23-2025-Ligue-1
FRA-Ligue 1,2425,Paris S-G,2025-03-01 Paris S-G-Lille,2025-03-01,Matchweek 24,Sat,Home,W,4,1,Lille,622.0,691.0,90.0,10537.0,2909.0,266.0,280.0,95.0,293.0,314.0,93.3,43.0,56.0,76.8,3,2.6,2.4,21.0,32.0,11.0,1.0,53.0,21:05:00,/en/matches/3432f5cc/Paris-Saint-Germain-Lille-March-1-2025-Ligue-1
FRA-Ligue 1,2425,Paris S-G,2025-03-08 Rennes-Paris S-G,2025-03-08,Matchweek 25,Sat,Away,W,4,1,Rennes,654.0,729.0,89.7,11022.0,3502.0,298.0,319.0,93.4,303.0,325.0,93.2,44.0,66.0,66.7,4,2.9,1.6,16.0,49.0,12.0,1.0,68.0,17:00:00,/en/matches/24b4e6dd/Rennes-Paris-Saint-Germain-March-8-2025-Ligue-1
FRA-Ligue 1,2425,Paris S-G,2025-03-16 Paris S-G-Marseille,2025-03-16,Matchweek 26,Sun,Home,W,3,1,Marseille,576.0,646.0,89.2,9935.0,2819.0,234.0,250.0,93.6,286.0,304.0,94.1,42.0,64.0,65.6,2,2.3,1.7,12.0,27.0,11.0,5.0,46.0,20:45:00,/en/matches/ff08b7d1/Paris-Saint-Germain-Marseille-March-16-2025-Ligue-1
FRA-Ligue 1,2425,Paris S-G,2025-03-29 Saint-Étienne-Paris S-G,2025-03-29,Matchweek 27,Sat,Away,W,6,1,Saint-Étienne,505.0,583.0,86.6,8689.0,3165.0,230.0,251.0,91.6,212.0,244.0,86.9,51.0,66.0,77.3,3,1.9,1.2,17.0,40.0,8.0,1.0,53.0,19:00:00,/en/matches/f44d3b12/Saint-Etienne-Paris-Saint-Germain-March-29-2025-Ligue-1
FRA-Ligue 1,2425,Paris S-G,2025-04-05 Paris S-G-Angers,2025-04-05,Matchweek 28,Sat,Home,W,1,0,Angers,914.0,991.0,92.2,14427.0,4061.0,483.0,507.0,95.3,364.0,389.0,93.6,48.0,58.0,82.8,1,1.7,2.7,16.0,87.0,17.0,4.0,77.0,17:00:00,/en/matches/85f4be0a/Paris-Saint-Germain-Angers-April-5-2025-Ligue-1
FRA-Ligue 1,2425,Paris S-G,2025-04-19 Paris S-G-Le Havre,2025-04-19,Matchweek 30,Sat,Home,W,2,1,Le Havre,756.0,827.0,91.4,12864.0,3878.0,348.0,364.0,95.6,339.0,357.0,95.0,56.0,74.0,75.7,2,2.8,2.2,14.0,65.0,19.0,1.0,64.0,17:00:00,/en/matches/8e397189/Paris-Saint-Germain-Le-Havre-April-19-2025-Ligue-1
FRA-Ligue 1,2425,Paris S-G,2025-04-22 Nantes-Paris S-G,2025-04-22,Matchweek 29,Tue,Away,D,1,1,Nantes,807.0,875.0,92.2,13662.0,3529.0,370.0,391.0,94.6,372.0,389.0,95.6,52.0,65.0,80.0,1,1.4,1.8,9.0,68.0,17.0,1.0,73.0,20:45:00,/en/matches/170d66ea/Nantes-Paris-Saint-Germain-April-22-2025-Ligue-1
FRA-Ligue 1,2425,Paris S-G,2025-04-25 Paris S-G-Nice,2025-04-25,Matchweek 31,Fri,Home,L,1,3,Nice,747.0,830.0,90.0,13022.0,3587.0,309.0,335.0,92.2,376.0,398.0,94.5,50.0,75.0,66.7,1,2.8,3.1,25.0,94.0,23.0,4.0,94.0,20:45:00,/en/matches/ae345c9c/Paris-Saint-Germain-Nice-April-25-2025-Ligue-1
FRA-Ligue 1,2425,Paris S-G,2025-05-03 Strasbourg-Paris S-G,2025-05-03,Matchweek 32,Sat,Away,L,1,2,Strasbourg,571.0,635.0,89.9,9709.0,3088.0,224.0,242.0,92.6,286.0,309.0,92.6,35.0,46.0,76.1,1,1.5,1.4,17.0,41.0,11.0,1.0,55.0,17:00:00,/en/matches/d9c56744/Strasbourg-Paris-Saint-Germain-May-3-2025-Ligue-1
FRA-Ligue 1,2425,Paris S-G,2025-05-10 Montpellier-Paris S-G,2025-05-10,Matchweek 33,Sat,Away,W,4,1,Montpellier,651.0,704.0,92.5,10945.0,3187.0,294.0,309.0,95.1,317.0,332.0,95.5,34.0,45.0,75.6,3,0.9,0.5,7.0,42.0,6.0,0.0,57.0,21:00:00,/en/matches/d083b7fa/Montpellier-Paris-Saint-Germain-May-10-2025-Ligue-1
FRA-Ligue 1,2425,Paris S-G,2025-05-17 Paris S-G-Auxerre,2025-05-17,Matchweek 34,Sat,Home,W,3,1,Auxerre,624.0,694.0,89.9,10701.0,3113.0,294.0,317.0,92.7,271.0,290.0,93.4,49.0,67.0,73.1,3,2.1,2.5,16.0,56.0,21.0,3.0,70.0,21:00:00,/en/matches/695f3d84/Paris-Saint-Germain-Auxerre-May-17-2025-Ligue-1
FRA-Ligue 1,2425,Reims,2024-08-17 Reims-Lille,2024-08-17,Matchweek 1,Sat,Home,L,0,2,Lille,226.0,311.0,72.7,4632.0,1858.0,84.0,96.0,87.5,97.0,117.0,82.9,41.0,79.0,51.9,0,0.1,0.2,1.0,13.0,5.0,0.0,27.0,19:00:00,/en/matches/06aa495e/Reims-Lille-August-17-2024-Ligue-1
FRA-Ligue 1,2425,Reims,2024-08-25 Marseille-Reims,2024-08-25,Matchweek 2,Sun,Away,D,2,2,Marseille,276.0,355.0,77.7,5062.0,1892.0,121.0,141.0,85.8,117.0,131.0,89.3,29.0,65.0,44.6,0,0.6,0.5,9.0,25.0,6.0,3.0,25.0,20:45:00,/en/matches/3a93bc8b/Marseille-Reims-August-25-2024-Ligue-1
FRA-Ligue 1,2425,Reims,2024-09-01 Reims-Rennes,2024-09-01,Matchweek 3,Sun,Home,W,2,1,Rennes,355.0,438.0,81.1,6698.0,2569.0,133.0,145.0,91.7,179.0,203.0,88.2,35.0,72.0,48.6,2,1.3,1.4,10.0,28.0,7.0,1.0,33.0,17:00:00,/en/matches/4abb133c/Reims-Rennes-September-1-2024-Ligue-1
FRA-Ligue 1,2425,Reims,2024-09-15 Nantes-Reims,2024-09-15,Matchweek 4,Sun,Away,W,2,1,Nantes,550.0,621.0,88.6,8690.0,2876.0,281.0,300.0,93.7,225.0,249.0,90.4,29.0,49.0,59.2,2,0.5,1.0,9.0,29.0,9.0,1.0,52.0,17:00:00,/en/matches/1411fc56/Nantes-Reims-September-15-2024-Ligue-1
FRA-Ligue 1,2425,Reims,2024-09-21 Reims-Paris S-G,2024-09-21,Matchweek 5,Sat,Home,D,1,1,Paris S-G,167.0,243.0,68.7,2670.0,1308.0,86.0,100.0,86.0,60.0,77.0,77.9,13.0,46.0,28.3,0,0.2,0.3,4.0,7.0,7.0,3.0,12.0,21:00:00,/en/matches/7274e9a5/Reims-Paris-Saint-Germain-September-21-2024-Ligue-1
FRA-Ligue 1,2425,Reims,2024-09-29 Angers-Reims,2024-09-29,Matchweek 6,Sun,Away,W,3,1,Angers,388.0,484.0,80.2,6545.0,2678.0,195.0,216.0,90.3,149.0,184.0,81.0,34.0,57.0,59.6,1,1.9,1.1,13.0,23.0,7.0,2.0,34.0,17:00:00,/en/matches/1ea5cb30/Angers-Reims-September-29-2024-Ligue-1
FRA-Ligue 1,2425,Reims,2024-10-06 Reims-Montpellier,2024-10-06,Matchweek 7,Sun,Home,W,4,2,Montpellier,375.0,448.0,83.7,6619.0,2656.0,175.0,191.0,91.6,153.0,169.0,90.5,34.0,64.0,53.1,2,2.0,2.5,12.0,29.0,13.0,4.0,41.0,17:00:00,/en/matches/843fb71f/Reims-Montpellier-October-6-2024-Ligue-1
FRA-Ligue 1,2425,Reims,2024-10-20 Auxerre-Reims,2024-10-20,Matchweek 8,Sun,Away,L,1,2,Auxerre,453.0,555.0,81.6,8010.0,2801.0,202.0,219.0,92.2,203.0,229.0,88.6,40.0,73.0,54.8,1,0.8,1.1,10.0,48.0,11.0,5.0,48.0,17:00:00,/en/matches/5f02a541/Auxerre-Reims-October-20-2024-Ligue-1
FRA-Ligue 1,2425,Reims,2024-10-26 Reims-Brest,2024-10-26,Matchweek 9,Sat,Home,L,1,2,Brest,379.0,467.0,81.2,7119.0,2428.0,151.0,167.0,90.4,167.0,192.0,87.0,48.0,79.0,60.8,1,0.7,1.4,10.0,28.0,6.0,3.0,46.0,19:00:00,/en/matches/6e7b242b/Reims-Brest-October-26-2024-Ligue-1
FRA-Ligue 1,2425,Reims,2024-11-03 Toulouse-Reims,2024-11-03,Matchweek 10,Sun,Away,L,0,1,Toulouse,317.0,416.0,76.2,5659.0,2246.0,154.0,174.0,88.5,120.0,151.0,79.5,35.0,67.0,52.2,0,0.6,0.5,8.0,15.0,6.0,1.0,33.0,15:00:00,/en/matches/f0237d4b/Toulouse-Reims-November-3-2024-Ligue-1
FRA-Ligue 1,2425,Reims,2024-11-10 Le Havre-Reims,2024-11-10,Matchweek 11,Sun,Away,W,3,0,Le Havre,302.0,376.0,80.3,5571.0,2136.0,118.0,133.0,88.7,147.0,160.0,91.9,29.0,57.0,50.9,1,1.0,0.7,14.0,11.0,6.0,1.0,26.0,17:00:00,/en/matches/63390fe7/Le-Havre-Reims-November-10-2024-Ligue-1
FRA-Ligue 1,2425,Reims,2024-11-23 Reims-Lyon,2024-11-23,Matchweek 12,Sat,Home,D,1,1,Lyon,308.0,397.0,77.6,5811.0,2268.0,132.0,154.0,85.7,114.0,132.0,86.4,46.0,80.0,57.5,0,0.3,0.8,8.0,22.0,4.0,2.0,36.0,21:00:00,/en/matches/4da20576/Reims-Lyon-November-23-2024-Ligue-1
FRA-Ligue 1,2425,Reims,2024-11-29 Reims-Lens,2024-11-29,Matchweek 13,Fri,Home,L,0,2,Lens,408.0,508.0,80.3,6930.0,2402.0,202.0,227.0,89.0,165.0,195.0,84.6,36.0,64.0,56.3,0,0.7,0.5,13.0,31.0,5.0,2.0,29.0,20:45:00,/en/matches/a4c0898c/Reims-Lens-November-29-2024-Ligue-1
FRA-Ligue 1,2425,Reims,2024-12-08 Strasbourg-Reims,2024-12-08,Matchweek 14,Sun,Away,D,0,0,Strasbourg,430.0,521.0,82.5,7460.0,2511.0,208.0,232.0,89.7,179.0,199.0,89.9,36.0,71.0,50.7,0,1.0,1.9,7.0,25.0,8.0,3.0,39.0,17:00:00,/en/matches/74299224/Strasbourg-Reims-December-8-2024-Ligue-1
FRA-Ligue 1,2425,Reims,2024-12-14 Reims-Monaco,2024-12-14,Matchweek 15,Sat,Home,D,0,0,Monaco,256.0,370.0,69.2,4875.0,2281.0,117.0,152.0,77.0,98.0,125.0,78.4,38.0,81.0,46.9,0,1.4,0.9,6.0,20.0,7.0,3.0,35.0,21:00:00,/en/matches/f422e8b0/Reims-Monaco-December-14-2024-Ligue-1
FRA-Ligue 1,2425,Reims,2025-01-04 Saint-Étienne-Reims,2025-01-04,Matchweek 16,Sat,Away,L,1,3,Saint-Étienne,406.0,505.0,80.4,6613.0,2456.0,197.0,222.0,88.7,164.0,194.0,84.5,29.0,57.0,50.9,0,0.5,1.3,7.0,30.0,13.0,6.0,54.0,17:00:00,/en/matches/09e72954/Saint-Etienne-Reims-January-4-2025-Ligue-1
FRA-Ligue 1,2425,Reims,2025-01-11 Reims-Nice,2025-01-11,Matchweek 17,Sat,Home,L,2,4,Nice,490.0,577.0,84.9,8270.0,2621.0,225.0,246.0,91.5,228.0,249.0,91.6,30.0,67.0,44.8,1,0.4,0.6,7.0,38.0,5.0,3.0,47.0,19:00:00,/en/matches/cdcb7386/Reims-Nice-January-11-2025-Ligue-1
FRA-Ligue 1,2425,Reims,2025-01-19 Reims-Le Havre,2025-01-19,Matchweek 18,Sun,Home,D,1,1,Le Havre,445.0,535.0,83.2,7853.0,2514.0,183.0,206.0,88.8,216.0,243.0,88.9,34.0,64.0,53.1,0,0.5,0.7,6.0,56.0,7.0,2.0,51.0,17:15:00,/en/matches/7e7a280a/Reims-Le-Havre-January-19-2025-Ligue-1
FRA-Ligue 1,2425,Reims,2025-01-25 Paris S-G-Reims,2025-01-25,Matchweek 19,Sat,Away,D,1,1,Paris S-G,159.0,239.0,66.5,3125.0,1539.0,66.0,82.0,80.5,66.0,86.0,76.7,22.0,56.0,39.3,1,0.8,0.4,5.0,16.0,2.0,0.0,19.0,21:05:00,/en/matches/c2b062af/Paris-Saint-Germain-Reims-January-25-2025-Ligue-1
FRA-Ligue 1,2425,Reims,2025-02-02 Reims-Nantes,2025-02-02,Matchweek 20,Sun,Home,L,1,2,Nantes,394.0,501.0,78.6,7145.0,2918.0,155.0,184.0,84.2,178.0,202.0,88.1,44.0,71.0,62.0,0,0.7,1.1,9.0,34.0,10.0,2.0,41.0,17:15:00,/en/matches/eee9fd86/Reims-Nantes-February-2-2025-Ligue-1
FRA-Ligue 1,2425,Reims,2025-02-09 Lyon-Reims,2025-02-09,Matchweek 21,Sun,Away,L,0,4,Lyon,264.0,337.0,78.3,4388.0,1670.0,116.0,139.0,83.5,120.0,138.0,87.0,19.0,40.0,47.5,0,0.1,0.6,4.0,19.0,8.0,1.0,34.0,15:00:00,/en/matches/48caa08f/Lyon-Reims-February-9-2025-Ligue-1
FRA-Ligue 1,2425,Reims,2025-02-16 Reims-Angers,2025-02-16,Matchweek 22,Sun,Home,L,0,1,Angers,501.0,575.0,87.1,9046.0,2755.0,190.0,213.0,89.2,253.0,275.0,92.0,50.0,65.0,76.9,0,0.5,0.9,12.0,46.0,10.0,3.0,68.0,17:15:00,/en/matches/bc4d9e67/Reims-Angers-February-16-2025-Ligue-1
FRA-Ligue 1,2425,Reims,2025-02-21 Rennes-Reims,2025-02-21,Matchweek 23,Fri,Away,L,0,1,Rennes,308.0,383.0,80.4,5131.0,1857.0,147.0,158.0,93.0,108.0,119.0,90.8,33.0,71.0,46.5,0,0.1,0.4,2.0,16.0,2.0,0.0,20.0,20:45:00,/en/matches/329233bd/Rennes-Reims-February-21-2025-Ligue-1
FRA-Ligue 1,2425,Reims,2025-02-28 Monaco-Reims,2025-02-28,Matchweek 24,Fri,Away,L,0,3,Monaco,385.0,486.0,79.2,6423.0,2460.0,206.0,230.0,89.6,140.0,172.0,81.4,34.0,64.0,53.1,0,0.5,0.4,6.0,32.0,5.0,1.0,38.0,20:45:00,/en/matches/f354ea51/Monaco-Reims-February-28-2025-Ligue-1
FRA-Ligue 1,2425,Reims,2025-03-09 Reims-Auxerre,2025-03-09,Matchweek 25,Sun,Home,L,0,2,Auxerre,389.0,476.0,81.7,6765.0,2175.0,176.0,195.0,90.3,157.0,180.0,87.2,38.0,69.0,55.1,0,1.0,0.9,13.0,35.0,4.0,3.0,39.0,17:15:00,/en/matches/5a7ff7ce/Reims-Auxerre-March-9-2025-Ligue-1
FRA-Ligue 1,2425,Reims,2025-03-16 Brest-Reims,2025-03-16,Matchweek 26,Sun,Away,D,0,0,Brest,210.0,293.0,71.7,3667.0,1731.0,97.0,119.0,81.5,70.0,92.0,76.1,30.0,55.0,54.5,0,1.0,0.7,6.0,18.0,2.0,1.0,17.0,17:15:00,/en/matches/28e7c1e6/Brest-Reims-March-16-2025-Ligue-1
FRA-Ligue 1,2425,Reims,2025-03-29 Reims-Marseille,2025-03-29,Matchweek 27,Sat,Home,W,3,1,Marseille,124.0,211.0,58.8,2549.0,1233.0,43.0,59.0,72.9,60.0,81.0,74.1,21.0,68.0,30.9,3,1.0,0.1,6.0,6.0,3.0,1.0,8.0,17:00:00,/en/matches/e3656ea1/Reims-Marseille-March-29-2025-Ligue-1
FRA-Ligue 1,2425,Reims,2025-04-06 Reims-Strasbourg,2025-04-06,Matchweek 28,Sun,Home,L,0,1,Strasbourg,383.0,470.0,81.5,6117.0,2162.0,200.0,224.0,89.3,142.0,159.0,89.3,27.0,57.0,47.4,0,1.1,1.2,10.0,28.0,9.0,6.0,35.0,17:15:00,/en/matches/44834f60/Reims-Strasbourg-April-6-2025-Ligue-1
FRA-Ligue 1,2425,Reims,2025-04-11 Lens-Reims,2025-04-11,Matchweek 29,Fri,Away,W,2,0,Lens,223.0,307.0,72.6,4168.0,1926.0,96.0,113.0,85.0,98.0,120.0,81.7,26.0,60.0,43.3,2,1.1,0.4,7.0,13.0,5.0,2.0,22.0,20:45:00,/en/matches/1fafebba/Lens-Reims-April-11-2025-Ligue-1
FRA-Ligue 1,2425,Reims,2025-04-20 Reims-Toulouse,2025-04-20,Matchweek 30,Sun,Home,W,1,0,Toulouse,468.0,540.0,86.7,7173.0,2445.0,248.0,272.0,91.2,186.0,200.0,93.0,21.0,45.0,46.7,1,0.7,0.9,7.0,27.0,5.0,3.0,28.0,17:15:00,/en/matches/86146582/Reims-Toulouse-April-20-2025-Ligue-1
FRA-Ligue 1,2425,Reims,2025-04-27 Montpellier-Reims,2025-04-27,Matchweek 31,Sun,Away,D,0,0,Montpellier,421.0,501.0,84.0,6528.0,2160.0,225.0,245.0,91.8,150.0,166.0,90.4,24.0,49.0,49.0,0,0.6,0.8,6.0,20.0,6.0,2.0,28.0,17:15:00,/en/matches/6ff732c6/Montpellier-Reims-April-27-2025-Ligue-1
FRA-Ligue 1,2425,Reims,2025-05-02 Nice-Reims,2025-05-02,Matchweek 32,Fri,Away,L,0,1,Nice,342.0,434.0,78.8,5485.0,2086.0,164.0,184.0,89.1,133.0,166.0,80.1,28.0,49.0,57.1,0,1.1,1.1,10.0,25.0,7.0,3.0,29.0,20:45:00,/en/matches/2e39c335/Nice-Reims-May-2-2025-Ligue-1
FRA-Ligue 1,2425,Reims,2025-05-10 Reims-Saint-Étienne,2025-05-10,Matchweek 33,Sat,Home,L,0,2,Saint-Étienne,426.0,524.0,81.3,8244.0,2908.0,183.0,205.0,89.3,183.0,215.0,85.1,59.0,92.0,64.1,0,1.8,1.1,16.0,38.0,13.0,7.0,49.0,21:00:00,/en/matches/e0ae4f10/Reims-Saint-Etienne-May-10-2025-Ligue-1
FRA-Ligue 1,2425,Reims,2025-05-17 Lille-Reims,2025-05-17,Matchweek 34,Sat,Away,L,1,2,Lille,129.0,198.0,65.2,2386.0,964.0,62.0,75.0,82.7,43.0,58.0,74.1,18.0,47.0,38.3,1,0.1,0.2,3.0,10.0,1.0,0.0,13.0,21:00:00,/en/matches/788e598c/Lille-Reims-May-17-2025-Ligue-1
FRA-Ligue 1,2425,Rennes,2024-08-18 Rennes-Lyon,2024-08-18,Matchweek 1,Sun,Home,W,3,0,Lyon,367.0,445.0,82.5,6110.0,2481.0,195.0,218.0,89.4,137.0,159.0,86.2,31.0,55.0,56.4,2,1.5,1.4,17.0,30.0,16.0,2.0,43.0,20:45:00,/en/matches/bc46a367/Rennes-Lyon-August-18-2024-Ligue-1
FRA-Ligue 1,2425,Rennes,2024-08-25 Strasbourg-Rennes,2024-08-25,Matchweek 2,Sun,Away,L,1,3,Strasbourg,308.0,399.0,77.2,6048.0,2176.0,96.0,110.0,87.3,160.0,196.0,81.6,42.0,70.0,60.0,0,0.5,0.8,8.0,32.0,10.0,1.0,48.0,17:00:00,/en/matches/efa54e4b/Strasbourg-Rennes-August-25-2024-Ligue-1
FRA-Ligue 1,2425,Rennes,2024-09-01 Reims-Rennes,2024-09-01,Matchweek 3,Sun,Away,L,1,2,Reims,311.0,394.0,78.9,6299.0,2528.0,105.0,124.0,84.7,156.0,183.0,85.2,48.0,72.0,66.7,1,0.7,0.6,11.0,30.0,7.0,2.0,43.0,17:00:00,/en/matches/4abb133c/Reims-Rennes-September-1-2024-Ligue-1
FRA-Ligue 1,2425,Rennes,2024-09-15 Rennes-Montpellier,2024-09-15,Matchweek 4,Sun,Home,W,3,0,Montpellier,424.0,497.0,85.3,7631.0,2865.0,176.0,196.0,89.8,193.0,211.0,91.5,43.0,70.0,61.4,3,0.5,0.9,7.0,37.0,14.0,3.0,47.0,15:00:00,/en/matches/984e7243/Rennes-Montpellier-September-15-2024-Ligue-1
FRA-Ligue 1,2425,Rennes,2024-09-21 Rennes-Lens,2024-09-21,Matchweek 5,Sat,Home,D,1,1,Lens,245.0,368.0,66.6,4417.0,1956.0,92.0,122.0,75.4,130.0,161.0,80.7,17.0,55.0,30.9,0,0.5,0.8,9.0,15.0,4.0,1.0,24.0,19:00:00,/en/matches/73dc5828/Rennes-Lens-September-21-2024-Ligue-1
FRA-Ligue 1,2425,Rennes,2024-09-27 Paris S-G-Rennes,2024-09-27,Matchweek 6,Fri,Away,L,1,3,Paris S-G,338.0,425.0,79.5,5839.0,2135.0,161.0,178.0,90.4,139.0,168.0,82.7,30.0,55.0,54.5,0,0.5,0.7,6.0,23.0,8.0,1.0,28.0,21:00:00,/en/matches/ab0643c6/Paris-Saint-Germain-Rennes-September-27-2024-Ligue-1
FRA-Ligue 1,2425,Rennes,2024-10-05 Rennes-Monaco,2024-10-05,Matchweek 7,Sat,Home,L,1,2,Monaco,443.0,566.0,78.3,7410.0,2611.0,212.0,244.0,86.9,187.0,231.0,81.0,33.0,63.0,52.4,1,0.5,0.6,11.0,41.0,9.0,1.0,55.0,21:00:00,/en/matches/f7072ea6/Rennes-Monaco-October-5-2024-Ligue-1
FRA-Ligue 1,2425,Rennes,2024-10-19 Brest-Rennes,2024-10-19,Matchweek 8,Sat,Away,D,1,1,Brest,306.0,398.0,76.9,5421.0,2131.0,144.0,158.0,91.1,120.0,144.0,83.3,34.0,71.0,47.9,0,0.2,0.2,4.0,34.0,5.0,0.0,35.0,17:00:00,/en/matches/e2a10c83/Brest-Rennes-October-19-2024-Ligue-1
FRA-Ligue 1,2425,Rennes,2024-10-25 Rennes-Le Havre,2024-10-25,Matchweek 9,Fri,Home,W,1,0,Le Havre,496.0,598.0,82.9,8750.0,2619.0,212.0,244.0,86.9,238.0,266.0,89.5,39.0,69.0,56.5,0,1.1,1.6,12.0,40.0,12.0,3.0,51.0,20:45:00,/en/matches/603efa49/Rennes-Le-Havre-October-25-2024-Ligue-1
FRA-Ligue 1,2425,Rennes,2024-11-03 Auxerre-Rennes,2024-11-03,Matchweek 10,Sun,Away,L,0,4,Auxerre,468.0,562.0,83.3,8768.0,2922.0,182.0,205.0,88.8,238.0,265.0,89.8,45.0,72.0,62.5,0,0.9,1.2,7.0,40.0,4.0,2.0,50.0,17:00:00,/en/matches/acc30562/Auxerre-Rennes-November-3-2024-Ligue-1
FRA-Ligue 1,2425,Rennes,2024-11-10 Rennes-Toulouse,2024-11-10,Matchweek 11,Sun,Home,L,0,2,Toulouse,542.0,651.0,83.3,8512.0,2749.0,261.0,291.0,89.7,217.0,250.0,86.8,36.0,64.0,56.3,0,0.4,0.6,5.0,42.0,8.0,1.0,53.0,17:00:00,/en/matches/a7965d75/Rennes-Toulouse-November-10-2024-Ligue-1
FRA-Ligue 1,2425,Rennes,2024-11-24 Lille-Rennes,2024-11-24,Matchweek 12,Sun,Away,L,0,1,Lille,372.0,452.0,82.3,6829.0,2466.0,166.0,181.0,91.7,153.0,175.0,87.4,46.0,77.0,59.7,0,0.1,0.2,2.0,19.0,4.0,1.0,36.0,15:00:00,/en/matches/240126d9/Lille-Rennes-November-24-2024-Ligue-1
FRA-Ligue 1,2425,Rennes,2024-11-30 Rennes-Saint-Étienne,2024-11-30,Matchweek 13,Sat,Home,W,5,0,Saint-Étienne,642.0,726.0,88.4,10175.0,3281.0,319.0,343.0,93.0,266.0,289.0,92.0,31.0,46.0,67.4,2,0.7,0.9,11.0,49.0,11.0,1.0,67.0,17:00:00,/en/matches/546b6937/Rennes-Saint-Etienne-November-30-2024-Ligue-1
FRA-Ligue 1,2425,Rennes,2024-12-08 Nantes-Rennes,2024-12-08,Matchweek 14,Sun,Away,L,0,1,Nantes,425.0,512.0,83.0,7137.0,2198.0,203.0,225.0,90.2,184.0,204.0,90.2,29.0,63.0,46.0,0,0.4,0.4,4.0,19.0,4.0,2.0,24.0,17:00:00,/en/matches/f45bb195/Nantes-Rennes-December-8-2024-Ligue-1
FRA-Ligue 1,2425,Rennes,2024-12-15 Rennes-Angers,2024-12-15,Matchweek 15,Sun,Home,W,2,0,Angers,379.0,461.0,82.2,5845.0,2027.0,188.0,219.0,85.8,134.0,152.0,88.2,27.0,49.0,55.1,1,0.5,0.3,6.0,20.0,5.0,2.0,30.0,17:00:00,/en/matches/fae57b16/Rennes-Angers-December-15-2024-Ligue-1
FRA-Ligue 1,2425,Rennes,2025-01-03 Nice-Rennes,2025-01-03,Matchweek 16,Fri,Away,L,2,3,Nice,425.0,523.0,81.3,6901.0,2089.0,229.0,248.0,92.3,163.0,190.0,85.8,28.0,63.0,44.4,1,0.8,1.0,8.0,34.0,9.0,0.0,36.0,21:00:00,/en/matches/00eeccd9/Nice-Rennes-January-3-2025-Ligue-1
FRA-Ligue 1,2425,Rennes,2025-01-11 Rennes-Marseille,2025-01-11,Matchweek 17,Sat,Home,L,1,2,Marseille,319.0,396.0,80.6,5715.0,1973.0,141.0,158.0,89.2,145.0,165.0,87.9,32.0,53.0,60.4,1,0.3,0.4,3.0,17.0,1.0,0.0,20.0,21:05:00,/en/matches/e23cca77/Rennes-Marseille-January-11-2025-Ligue-1
FRA-Ligue 1,2425,Rennes,2025-01-18 Rennes-Brest,2025-01-18,Matchweek 18,Sat,Home,L,1,2,Brest,555.0,663.0,83.7,9462.0,3366.0,239.0,276.0,86.6,279.0,310.0,90.0,30.0,46.0,65.2,1,1.3,1.7,18.0,52.0,13.0,3.0,92.0,19:00:00,/en/matches/39a945d8/Rennes-Brest-January-18-2025-Ligue-1
FRA-Ligue 1,2425,Rennes,2025-01-25 Monaco-Rennes,2025-01-25,Matchweek 19,Sat,Away,L,2,3,Monaco,340.0,446.0,76.2,5813.0,2477.0,169.0,200.0,84.5,131.0,162.0,80.9,31.0,58.0,53.4,1,1.2,0.8,12.0,34.0,7.0,2.0,48.0,17:00:00,/en/matches/5cbd8070/Monaco-Rennes-January-25-2025-Ligue-1
FRA-Ligue 1,2425,Rennes,2025-02-02 Rennes-Strasbourg,2025-02-02,Matchweek 20,Sun,Home,W,1,0,Strasbourg,362.0,470.0,77.0,6321.0,1949.0,150.0,178.0,84.3,163.0,192.0,84.9,31.0,66.0,47.0,0,0.7,0.7,8.0,25.0,6.0,3.0,29.0,17:15:00,/en/matches/e9da9682/Rennes-Strasbourg-February-2-2025-Ligue-1
FRA-Ligue 1,2425,Rennes,2025-02-08 Saint-Étienne-Rennes,2025-02-08,Matchweek 21,Sat,Away,W,2,0,Saint-Étienne,404.0,500.0,80.8,7707.0,2639.0,168.0,190.0,88.4,165.0,187.0,88.2,62.0,101.0,61.4,1,2.3,1.5,14.0,35.0,7.0,3.0,41.0,21:05:00,/en/matches/de805721/Saint-Etienne-Rennes-February-8-2025-Ligue-1
FRA-Ligue 1,2425,Rennes,2025-02-16 Rennes-Lille,2025-02-16,Matchweek 22,Sun,Home,L,0,2,Lille,278.0,344.0,80.8,5821.0,1977.0,84.0,93.0,90.3,152.0,170.0,89.4,39.0,66.0,59.1,0,0.2,0.2,2.0,11.0,1.0,1.0,17.0,20:45:00,/en/matches/f2bcec96/Rennes-Lille-February-16-2025-Ligue-1
FRA-Ligue 1,2425,Rennes,2025-02-21 Rennes-Reims,2025-02-21,Matchweek 23,Fri,Home,W,1,0,Reims,468.0,538.0,87.0,8400.0,2574.0,191.0,212.0,90.1,232.0,250.0,92.8,39.0,56.0,69.6,0,1.5,2.0,23.0,50.0,19.0,10.0,69.0,20:45:00,/en/matches/329233bd/Rennes-Reims-February-21-2025-Ligue-1
FRA-Ligue 1,2425,Rennes,2025-03-02 Montpellier-Rennes,2025-03-02,Matchweek 24,Sun,Away,W,4,0,Montpellier,380.0,469.0,81.0,6795.0,2666.0,164.0,183.0,89.6,164.0,187.0,87.7,41.0,73.0,56.2,3,1.5,1.5,13.0,28.0,6.0,3.0,31.0,17:15:00,/en/matches/5739a5ae/Montpellier-Rennes-March-2-2025-Ligue-1
FRA-Ligue 1,2425,Rennes,2025-03-08 Rennes-Paris S-G,2025-03-08,Matchweek 25,Sat,Home,L,1,4,Paris S-G,274.0,349.0,78.5,5273.0,2193.0,90.0,108.0,83.3,139.0,162.0,85.8,37.0,58.0,63.8,1,1.4,1.3,10.0,21.0,10.0,4.0,30.0,17:00:00,/en/matches/24b4e6dd/Rennes-Paris-Saint-Germain-March-8-2025-Ligue-1
FRA-Ligue 1,2425,Rennes,2025-03-15 Lens-Rennes,2025-03-15,Matchweek 26,Sat,Away,L,0,1,Lens,443.0,558.0,79.4,8629.0,2801.0,150.0,184.0,81.5,232.0,272.0,85.3,54.0,77.0,70.1,0,0.2,0.6,6.0,43.0,8.0,1.0,57.0,21:05:00,/en/matches/e042d34f/Lens-Rennes-March-15-2025-Ligue-1
FRA-Ligue 1,2425,Rennes,2025-03-30 Angers-Rennes,2025-03-30,Matchweek 27,Sun,Away,W,3,0,Angers,560.0,632.0,88.6,9350.0,2978.0,265.0,288.0,92.0,242.0,263.0,92.0,41.0,60.0,68.3,3,1.3,1.3,12.0,34.0,7.0,0.0,50.0,17:15:00,/en/matches/ea71bfda/Angers-Rennes-March-30-2025-Ligue-1
FRA-Ligue 1,2425,Rennes,2025-04-06 Rennes-Auxerre,2025-04-06,Matchweek 28,Sun,Home,L,0,1,Auxerre,603.0,685.0,88.0,9739.0,3255.0,285.0,311.0,91.6,270.0,293.0,92.2,29.0,53.0,54.7,0,1.1,1.1,14.0,39.0,13.0,2.0,49.0,17:15:00,/en/matches/cd76c50c/Rennes-Auxerre-April-6-2025-Ligue-1
FRA-Ligue 1,2425,Rennes,2025-04-13 Le Havre-Rennes,2025-04-13,Matchweek 29,Sun,Away,W,5,1,Le Havre,326.0,406.0,80.3,5999.0,2459.0,126.0,148.0,85.1,160.0,181.0,88.4,36.0,60.0,60.0,4,1.7,0.9,8.0,20.0,9.0,2.0,34.0,17:15:00,/en/matches/9c967c61/Le-Havre-Rennes-April-13-2025-Ligue-1
FRA-Ligue 1,2425,Rennes,2025-04-18 Rennes-Nantes,2025-04-18,Matchweek 30,Fri,Home,W,2,1,Nantes,526.0,596.0,88.3,10173.0,3013.0,180.0,197.0,91.4,282.0,305.0,92.5,53.0,68.0,77.9,1,1.1,1.6,13.0,49.0,8.0,2.0,57.0,20:45:00,/en/matches/6dc7499b/Rennes-Nantes-April-18-2025-Ligue-1
FRA-Ligue 1,2425,Rennes,2025-04-26 Lyon-Rennes,2025-04-26,Matchweek 31,Sat,Away,L,1,4,Lyon,399.0,466.0,85.6,6611.0,2044.0,203.0,215.0,94.4,160.0,183.0,87.4,29.0,46.0,63.0,0,0.3,0.7,8.0,30.0,3.0,1.0,38.0,21:05:00,/en/matches/5f2584e1/Lyon-Rennes-April-26-2025-Ligue-1
FRA-Ligue 1,2425,Rennes,2025-05-03 Toulouse-Rennes,2025-05-03,Matchweek 32,Sat,Away,L,1,2,Toulouse,472.0,540.0,87.4,8352.0,2672.0,198.0,214.0,92.5,241.0,264.0,91.3,31.0,52.0,59.6,1,1.2,1.3,10.0,43.0,5.0,2.0,46.0,19:00:00,/en/matches/ffb99c84/Toulouse-Rennes-May-3-2025-Ligue-1
FRA-Ligue 1,2425,Rennes,2025-05-10 Rennes-Nice,2025-05-10,Matchweek 33,Sat,Home,W,2,0,Nice,391.0,479.0,81.6,7409.0,2706.0,158.0,177.0,89.3,185.0,206.0,89.8,43.0,81.0,53.1,2,1.6,1.9,7.0,28.0,10.0,0.0,39.0,21:00:00,/en/matches/db5269b6/Rennes-Nice-May-10-2025-Ligue-1
FRA-Ligue 1,2425,Rennes,2025-05-17 Marseille-Rennes,2025-05-17,Matchweek 34,Sat,Away,L,2,4,Marseille,321.0,396.0,81.1,5292.0,1775.0,152.0,172.0,88.4,118.0,141.0,83.7,29.0,44.0,65.9,2,1.3,0.6,9.0,19.0,2.0,0.0,23.0,21:00:00,/en/matches/36fee283/Marseille-Rennes-May-17-2025-Ligue-1
FRA-Ligue 1,2425,Saint-Étienne,2024-08-17 Monaco-Saint-Étienne,2024-08-17,Matchweek 1,Sat,Away,L,0,1,Monaco,234.0,331.0,70.7,4235.0,1820.0,111.0,126.0,88.1,88.0,126.0,69.8,31.0,63.0,49.2,0,0.2,0.2,7.0,14.0,1.0,0.0,20.0,21:00:00,/en/matches/f84bb85e/Monaco-Saint-Etienne-August-17-2024-Ligue-1
FRA-Ligue 1,2425,Saint-Étienne,2024-08-24 Saint-Étienne-Le Havre,2024-08-24,Matchweek 2,Sat,Home,L,0,2,Le Havre,408.0,495.0,82.4,7598.0,2336.0,144.0,168.0,85.7,222.0,250.0,88.8,35.0,60.0,58.3,0,0.6,0.5,9.0,35.0,5.0,1.0,39.0,21:00:00,/en/matches/fd677aba/Saint-Etienne-Le-Havre-August-24-2024-Ligue-1
FRA-Ligue 1,2425,Saint-Étienne,2024-08-31 Brest-Saint-Étienne,2024-08-31,Matchweek 3,Sat,Away,L,0,4,Brest,335.0,415.0,80.7,6645.0,2774.0,132.0,147.0,89.8,152.0,178.0,85.4,46.0,78.0,59.0,0,0.1,0.6,5.0,33.0,7.0,2.0,42.0,17:00:00,/en/matches/82c19aa6/Brest-Saint-Etienne-August-31-2024-Ligue-1
FRA-Ligue 1,2425,Saint-Étienne,2024-09-13 Saint-Étienne-Lille,2024-09-13,Matchweek 4,Fri,Home,W,1,0,Lille,230.0,315.0,73.0,3843.0,1672.0,127.0,152.0,83.6,73.0,84.0,86.9,24.0,61.0,39.3,1,0.6,0.4,7.0,8.0,4.0,1.0,20.0,20:45:00,/en/matches/47e23fb5/Saint-Etienne-Lille-September-13-2024-Ligue-1
FRA-Ligue 1,2425,Saint-Étienne,2024-09-20 Nice-Saint-Étienne,2024-09-20,Matchweek 5,Fri,Away,L,0,8,Nice,405.0,481.0,84.2,7160.0,2400.0,183.0,207.0,88.4,189.0,208.0,90.9,31.0,59.0,52.5,0,0.3,0.3,7.0,32.0,8.0,1.0,27.0,20:45:00,/en/matches/85495c0d/Nice-Saint-Etienne-September-20-2024-Ligue-1
FRA-Ligue 1,2425,Saint-Étienne,2024-09-29 Nantes-Saint-Étienne,2024-09-29,Matchweek 6,Sun,Away,D,2,2,Nantes,303.0,383.0,79.1,5441.0,2069.0,127.0,143.0,88.8,146.0,163.0,89.6,23.0,59.0,39.0,1,0.2,0.6,3.0,27.0,5.0,2.0,26.0,17:00:00,/en/matches/38a94d90/Nantes-Saint-Etienne-September-29-2024-Ligue-1
FRA-Ligue 1,2425,Saint-Étienne,2024-10-05 Saint-Étienne-Auxerre,2024-10-05,Matchweek 7,Sat,Home,W,3,1,Auxerre,292.0,394.0,74.1,5326.0,2268.0,122.0,135.0,90.4,140.0,170.0,82.4,27.0,72.0,37.5,3,2.3,1.2,12.0,22.0,2.0,0.0,28.0,17:00:00,/en/matches/752978b2/Saint-Etienne-Auxerre-October-5-2024-Ligue-1
FRA-Ligue 1,2425,Saint-Étienne,2024-10-19 Saint-Étienne-Lens,2024-10-19,Matchweek 8,Sat,Home,L,0,2,Lens,272.0,363.0,74.9,5160.0,2154.0,114.0,127.0,89.8,110.0,129.0,85.3,40.0,85.0,47.1,0,0.2,0.4,8.0,30.0,4.0,1.0,26.0,19:00:00,/en/matches/0782c73c/Saint-Etienne-Lens-October-19-2024-Ligue-1
FRA-Ligue 1,2425,Saint-Étienne,2024-10-26 Angers-Saint-Étienne,2024-10-26,Matchweek 9,Sat,Away,L,2,4,Angers,516.0,611.0,84.5,9222.0,3013.0,226.0,256.0,88.3,233.0,255.0,91.4,44.0,70.0,62.9,1,0.6,0.7,13.0,42.0,7.0,1.0,55.0,17:00:00,/en/matches/61752f42/Angers-Saint-Etienne-October-26-2024-Ligue-1
FRA-Ligue 1,2425,Saint-Étienne,2024-11-02 Saint-Étienne-Strasbourg,2024-11-02,Matchweek 10,Sat,Home,W,2,0,Strasbourg,345.0,421.0,81.9,6253.0,2507.0,155.0,168.0,92.3,155.0,175.0,88.6,32.0,62.0,51.6,1,2.4,1.3,10.0,22.0,7.0,2.0,30.0,21:00:00,/en/matches/535bbc15/Saint-Etienne-Strasbourg-November-2-2024-Ligue-1
FRA-Ligue 1,2425,Saint-Étienne,2024-11-10 Lyon-Saint-Étienne,2024-11-10,Matchweek 11,Sun,Away,L,0,1,Lyon,283.0,373.0,75.9,4861.0,1732.0,129.0,145.0,89.0,116.0,144.0,80.6,29.0,65.0,44.6,0,0.6,0.8,9.0,26.0,6.0,2.0,22.0,20:45:00,/en/matches/e552596a/Lyon-Saint-Etienne-November-10-2024-Ligue-1
FRA-Ligue 1,2425,Saint-Étienne,2024-11-23 Saint-Étienne-Montpellier,2024-11-23,Matchweek 12,Sat,Home,W,1,0,Montpellier,212.0,287.0,73.9,3572.0,1462.0,101.0,117.0,86.3,87.0,118.0,73.7,19.0,41.0,46.3,0,0.9,0.8,9.0,15.0,3.0,1.0,26.0,19:00:00,/en/matches/90c0c091/Saint-Etienne-Montpellier-November-23-2024-Ligue-1
FRA-Ligue 1,2425,Saint-Étienne,2024-11-30 Rennes-Saint-Étienne,2024-11-30,Matchweek 13,Sat,Away,L,0,5,Rennes,218.0,291.0,74.9,3940.0,1477.0,87.0,102.0,85.3,108.0,123.0,87.8,18.0,54.0,33.3,0,0.1,0.2,2.0,7.0,5.0,1.0,7.0,17:00:00,/en/matches/546b6937/Rennes-Saint-Etienne-November-30-2024-Ligue-1
FRA-Ligue 1,2425,Saint-Étienne,2024-12-08 Saint-Étienne-Marseille,2024-12-08,Matchweek 14,Sun,Home,L,0,2,Marseille,350.0,421.0,83.1,5750.0,1924.0,160.0,178.0,89.9,148.0,160.0,92.5,28.0,56.0,50.0,0,0.1,0.1,2.0,11.0,1.0,1.0,18.0,20:45:00,/en/matches/e865637d/Saint-Etienne-Marseille-December-8-2024-Ligue-1
FRA-Ligue 1,2425,Saint-Étienne,2024-12-13 Toulouse-Saint-Étienne,2024-12-13,Matchweek 15,Fri,Away,L,1,2,Toulouse,589.0,693.0,85.0,9199.0,2650.0,283.0,313.0,90.4,266.0,288.0,92.4,22.0,61.0,36.1,1,0.5,0.3,3.0,20.0,3.0,1.0,19.0,20:45:00,/en/matches/737388fc/Toulouse-Saint-Etienne-December-13-2024-Ligue-1
FRA-Ligue 1,2425,Saint-Étienne,2025-01-04 Saint-Étienne-Reims,2025-01-04,Matchweek 16,Sat,Home,W,3,1,Reims,463.0,562.0,82.4,7926.0,2881.0,199.0,212.0,93.9,224.0,255.0,87.8,28.0,66.0,42.4,3,2.2,1.2,13.0,34.0,13.0,0.0,38.0,17:00:00,/en/matches/09e72954/Saint-Etienne-Reims-January-4-2025-Ligue-1
FRA-Ligue 1,2425,Saint-Étienne,2025-01-12 Paris S-G-Saint-Étienne,2025-01-12,Matchweek 17,Sun,Away,L,1,2,Paris S-G,372.0,456.0,81.6,5741.0,2313.0,218.0,240.0,90.8,130.0,149.0,87.2,21.0,45.0,46.7,0,0.3,0.6,5.0,29.0,6.0,2.0,30.0,20:45:00,/en/matches/8d5ca778/Paris-Saint-Germain-Saint-Etienne-January-12-2025-Ligue-1
FRA-Ligue 1,2425,Saint-Étienne,2025-01-19 Saint-Étienne-Nantes,2025-01-19,Matchweek 18,Sun,Home,D,1,1,Nantes,696.0,798.0,87.2,10815.0,3588.0,359.0,388.0,92.5,287.0,312.0,92.0,31.0,59.0,52.5,1,0.8,1.0,10.0,67.0,13.0,2.0,64.0,15:00:00,/en/matches/c47f8bb5/Saint-Etienne-Nantes-January-19-2025-Ligue-1
FRA-Ligue 1,2425,Saint-Étienne,2025-01-24 Auxerre-Saint-Étienne,2025-01-24,Matchweek 19,Fri,Away,D,1,1,Auxerre,542.0,655.0,82.7,7935.0,2992.0,309.0,338.0,91.4,189.0,223.0,84.8,23.0,50.0,46.0,0,0.2,0.6,4.0,42.0,4.0,0.0,55.0,20:45:00,/en/matches/7ad35976/Auxerre-Saint-Etienne-January-24-2025-Ligue-1
FRA-Ligue 1,2425,Saint-Étienne,2025-02-01 Lille-Saint-Étienne,2025-02-01,Matchweek 20,Sat,Away,L,1,4,Lille,244.0,333.0,73.3,3623.0,1348.0,140.0,165.0,84.8,77.0,93.0,82.8,15.0,46.0,32.6,0,1.2,1.4,7.0,14.0,2.0,0.0,14.0,21:05:00,/en/matches/41e764ae/Lille-Saint-Etienne-February-1-2025-Ligue-1
FRA-Ligue 1,2425,Saint-Étienne,2025-02-08 Saint-Étienne-Rennes,2025-02-08,Matchweek 21,Sat,Home,L,0,2,Rennes,478.0,572.0,83.6,7390.0,2720.0,259.0,285.0,90.9,195.0,217.0,89.9,20.0,41.0,48.8,0,0.5,1.1,8.0,43.0,13.0,2.0,66.0,21:05:00,/en/matches/de805721/Saint-Etienne-Rennes-February-8-2025-Ligue-1
FRA-Ligue 1,2425,Saint-Étienne,2025-02-15 Marseille-Saint-Étienne,2025-02-15,Matchweek 22,Sat,Away,L,1,5,Marseille,297.0,369.0,80.5,4548.0,1607.0,173.0,185.0,93.5,101.0,122.0,82.8,17.0,40.0,42.5,1,1.0,0.8,6.0,13.0,3.0,0.0,17.0,17:00:00,/en/matches/0a71ff58/Marseille-Saint-Etienne-February-15-2025-Ligue-1
FRA-Ligue 1,2425,Saint-Étienne,2025-02-22 Saint-Étienne-Angers,2025-02-22,Matchweek 23,Sat,Home,D,3,3,Angers,500.0,608.0,82.2,8679.0,3315.0,225.0,256.0,87.9,231.0,269.0,85.9,39.0,69.0,56.5,3,1.3,1.7,14.0,53.0,11.0,1.0,72.0,19:00:00,/en/matches/80854674/Saint-Etienne-Angers-February-22-2025-Ligue-1
FRA-Ligue 1,2425,Saint-Étienne,2025-03-01 Saint-Étienne-Nice,2025-03-01,Matchweek 24,Sat,Home,L,1,3,Nice,629.0,729.0,86.3,9116.0,2832.0,367.0,388.0,94.6,227.0,253.0,89.7,21.0,55.0,38.2,1,0.9,1.8,11.0,60.0,11.0,2.0,49.0,17:00:00,/en/matches/8a209a58/Saint-Etienne-Nice-March-1-2025-Ligue-1
FRA-Ligue 1,2425,Saint-Étienne,2025-03-09 Le Havre-Saint-Étienne,2025-03-09,Matchweek 25,Sun,Away,D,1,1,Le Havre,375.0,465.0,80.6,5930.0,2266.0,183.0,209.0,87.6,144.0,163.0,88.3,25.0,50.0,50.0,0,0.5,0.8,8.0,29.0,10.0,0.0,54.0,17:15:00,/en/matches/7055dbbe/Le-Havre-Saint-Etienne-March-9-2025-Ligue-1
FRA-Ligue 1,2425,Saint-Étienne,2025-03-16 Montpellier-Saint-Étienne,2025-03-16,Matchweek 26,Sun,Away,W,2,0,Montpellier,,,,,,,,,,,,,,,2,,,,,,,,17:15:00,/en/matches/15ee650c/Montpellier-Saint-Etienne-March-16-2025-Ligue-1
FRA-Ligue 1,2425,Saint-Étienne,2025-03-29 Saint-Étienne-Paris S-G,2025-03-29,Matchweek 27,Sat,Home,L,1,6,Paris S-G,419.0,513.0,81.7,6901.0,2847.0,217.0,247.0,87.9,159.0,181.0,87.8,32.0,53.0,60.4,1,0.7,1.3,10.0,33.0,13.0,0.0,46.0,19:00:00,/en/matches/f44d3b12/Saint-Etienne-Paris-Saint-Germain-March-29-2025-Ligue-1
FRA-Ligue 1,2425,Saint-Étienne,2025-04-06 Lens-Saint-Étienne,2025-04-06,Matchweek 28,Sun,Away,L,0,1,Lens,268.0,370.0,72.4,4133.0,1825.0,144.0,175.0,82.3,92.0,110.0,83.6,19.0,62.0,30.6,0,0.2,0.6,4.0,14.0,6.0,0.0,27.0,15:00:00,/en/matches/859cd779/Lens-Saint-Etienne-April-6-2025-Ligue-1
FRA-Ligue 1,2425,Saint-Étienne,2025-04-13 Saint-Étienne-Brest,2025-04-13,Matchweek 29,Sun,Home,D,3,3,Brest,437.0,522.0,83.7,7491.0,3058.0,202.0,226.0,89.4,173.0,196.0,88.3,45.0,68.0,66.2,3,0.7,0.6,7.0,43.0,8.0,1.0,51.0,15:00:00,/en/matches/8a453c4e/Saint-Etienne-Brest-April-13-2025-Ligue-1
FRA-Ligue 1,2425,Saint-Étienne,2025-04-20 Saint-Étienne-Lyon,2025-04-20,Matchweek 30,Sun,Home,W,2,1,Lyon,328.0,403.0,81.4,5435.0,2024.0,171.0,192.0,89.1,112.0,127.0,88.2,32.0,58.0,55.2,1,1.3,0.6,12.0,30.0,10.0,1.0,49.0,20:45:00,/en/matches/19228d4a/Saint-Etienne-Lyon-April-20-2025-Ligue-1
FRA-Ligue 1,2425,Saint-Étienne,2025-04-26 Strasbourg-Saint-Étienne,2025-04-26,Matchweek 31,Sat,Away,L,1,3,Strasbourg,501.0,581.0,86.2,9208.0,3448.0,208.0,223.0,93.3,243.0,268.0,90.7,48.0,76.0,63.2,1,1.5,1.4,14.0,47.0,17.0,2.0,67.0,17:00:00,/en/matches/ca1e1dc1/Strasbourg-Saint-Etienne-April-26-2025-Ligue-1
FRA-Ligue 1,2425,Saint-Étienne,2025-05-03 Saint-Étienne-Monaco,2025-05-03,Matchweek 32,Sat,Home,L,1,3,Monaco,449.0,552.0,81.3,8031.0,2979.0,179.0,200.0,89.5,231.0,264.0,87.5,32.0,63.0,50.8,1,0.6,1.0,10.0,42.0,10.0,1.0,62.0,21:05:00,/en/matches/4e6718ec/Saint-Etienne-Monaco-May-3-2025-Ligue-1
FRA-Ligue 1,2425,Saint-Étienne,2025-05-10 Reims-Saint-Étienne,2025-05-10,Matchweek 33,Sat,Away,W,2,0,Reims,449.0,546.0,82.2,7098.0,2461.0,225.0,238.0,94.5,183.0,202.0,90.6,25.0,72.0,34.7,1,0.4,0.6,7.0,23.0,8.0,0.0,24.0,21:00:00,/en/matches/e0ae4f10/Reims-Saint-Etienne-May-10-2025-Ligue-1
FRA-Ligue 1,2425,Saint-Étienne,2025-05-17 Saint-Étienne-Toulouse,2025-05-17,Matchweek 34,Sat,Home,L,2,3,Toulouse,562.0,646.0,87.0,9977.0,3732.0,245.0,262.0,93.5,258.0,290.0,89.0,51.0,78.0,65.4,1,1.0,1.1,13.0,64.0,11.0,3.0,72.0,21:00:00,/en/matches/2eb36838/Saint-Etienne-Toulouse-May-17-2025-Ligue-1
FRA-Ligue 1,2425,Strasbourg,2024-08-18 Montpellier-Strasbourg,2024-08-18,Matchweek 1,Sun,Away,D,1,1,Montpellier,403.0,493.0,81.7,6529.0,2529.0,180.0,200.0,90.0,171.0,191.0,89.5,29.0,59.0,49.2,1,0.6,0.6,9.0,18.0,6.0,2.0,28.0,17:00:00,/en/matches/652abd24/Montpellier-Strasbourg-August-18-2024-Ligue-1
FRA-Ligue 1,2425,Strasbourg,2024-08-25 Strasbourg-Rennes,2024-08-25,Matchweek 2,Sun,Home,W,3,1,Rennes,486.0,580.0,83.8,8256.0,2725.0,221.0,247.0,89.5,232.0,262.0,88.5,31.0,63.0,49.2,1,0.4,0.5,7.0,24.0,4.0,3.0,18.0,17:00:00,/en/matches/efa54e4b/Strasbourg-Rennes-August-25-2024-Ligue-1
FRA-Ligue 1,2425,Strasbourg,2024-08-30 Lyon-Strasbourg,2024-08-30,Matchweek 3,Fri,Away,L,3,4,Lyon,403.0,486.0,82.9,7033.0,2650.0,175.0,206.0,85.0,201.0,226.0,88.9,25.0,45.0,55.6,2,1.9,1.0,12.0,31.0,6.0,2.0,27.0,20:45:00,/en/matches/2c5ec7aa/Lyon-Strasbourg-August-30-2024-Ligue-1
FRA-Ligue 1,2425,Strasbourg,2024-09-15 Strasbourg-Angers,2024-09-15,Matchweek 4,Sun,Home,D,1,1,Angers,423.0,507.0,83.4,7641.0,2746.0,161.0,190.0,84.7,210.0,241.0,87.1,39.0,57.0,68.4,1,2.2,1.5,7.0,19.0,4.0,1.0,28.0,17:00:00,/en/matches/06ecf73c/Strasbourg-Angers-September-15-2024-Ligue-1
FRA-Ligue 1,2425,Strasbourg,2024-09-21 Lille-Strasbourg,2024-09-21,Matchweek 5,Sat,Away,D,3,3,Lille,275.0,354.0,77.7,5082.0,2014.0,122.0,137.0,89.1,119.0,141.0,84.4,33.0,65.0,50.8,2,2.1,1.2,6.0,16.0,4.0,1.0,24.0,17:00:00,/en/matches/2bff6ebd/Lille-Strasbourg-September-21-2024-Ligue-1
FRA-Ligue 1,2425,Strasbourg,2024-09-29 Strasbourg-Marseille,2024-09-29,Matchweek 6,Sun,Home,W,1,0,Marseille,328.0,413.0,79.4,5913.0,2300.0,138.0,156.0,88.5,160.0,183.0,87.4,26.0,60.0,43.3,1,1.3,0.9,12.0,33.0,7.0,1.0,37.0,20:45:00,/en/matches/ebcd9980/Strasbourg-Marseille-September-29-2024-Ligue-1
FRA-Ligue 1,2425,Strasbourg,2024-10-06 Strasbourg-Lens,2024-10-06,Matchweek 7,Sun,Home,D,2,2,Lens,260.0,343.0,75.8,4952.0,2100.0,104.0,117.0,88.9,122.0,138.0,88.4,31.0,68.0,45.6,1,0.2,0.4,5.0,17.0,2.0,0.0,13.0,17:00:00,/en/matches/219332d8/Strasbourg-Lens-October-6-2024-Ligue-1
FRA-Ligue 1,2425,Strasbourg,2024-10-19 Paris S-G-Strasbourg,2024-10-19,Matchweek 8,Sat,Away,L,2,4,Paris S-G,400.0,484.0,82.6,6881.0,2765.0,180.0,199.0,90.5,170.0,193.0,88.1,36.0,63.0,57.1,1,1.5,0.6,14.0,30.0,6.0,1.0,42.0,21:00:00,/en/matches/80a16e3b/Paris-Saint-Germain-Strasbourg-October-19-2024-Ligue-1
FRA-Ligue 1,2425,Strasbourg,2024-10-27 Strasbourg-Nantes,2024-10-27,Matchweek 9,Sun,Home,W,3,1,Nantes,434.0,526.0,82.5,7201.0,2498.0,202.0,225.0,89.8,187.0,209.0,89.5,29.0,59.0,49.2,3,1.7,1.6,8.0,10.0,9.0,1.0,33.0,17:00:00,/en/matches/98168e71/Strasbourg-Nantes-October-27-2024-Ligue-1
FRA-Ligue 1,2425,Strasbourg,2024-11-02 Saint-Étienne-Strasbourg,2024-11-02,Matchweek 10,Sat,Away,L,0,2,Saint-Étienne,687.0,760.0,90.4,11926.0,3687.0,290.0,305.0,95.1,354.0,378.0,93.7,34.0,55.0,61.8,0,0.5,0.6,8.0,43.0,7.0,1.0,62.0,21:00:00,/en/matches/535bbc15/Saint-Etienne-Strasbourg-November-2-2024-Ligue-1
FRA-Ligue 1,2425,Strasbourg,2024-11-09 Strasbourg-Monaco,2024-11-09,Matchweek 11,Sat,Home,L,1,3,Monaco,303.0,400.0,75.8,5525.0,2462.0,139.0,156.0,89.1,127.0,161.0,78.9,31.0,60.0,51.7,1,0.3,0.8,4.0,17.0,3.0,1.0,28.0,17:00:00,/en/matches/cd41b272/Strasbourg-Monaco-November-9-2024-Ligue-1
FRA-Ligue 1,2425,Strasbourg,2024-11-24 Nice-Strasbourg,2024-11-24,Matchweek 12,Sun,Away,L,1,2,Nice,381.0,473.0,80.5,6577.0,2435.0,172.0,195.0,88.2,171.0,199.0,85.9,29.0,53.0,54.7,1,0.4,0.3,9.0,27.0,4.0,0.0,28.0,20:45:00,/en/matches/5bfe68c5/Nice-Strasbourg-November-24-2024-Ligue-1
FRA-Ligue 1,2425,Strasbourg,2024-11-30 Brest-Strasbourg,2024-11-30,Matchweek 13,Sat,Away,L,1,3,Brest,556.0,636.0,87.4,10405.0,3175.0,166.0,185.0,89.7,339.0,363.0,93.4,46.0,74.0,62.2,1,0.9,0.6,8.0,23.0,11.0,2.0,50.0,19:00:00,/en/matches/197cb3bb/Brest-Strasbourg-November-30-2024-Ligue-1
FRA-Ligue 1,2425,Strasbourg,2024-12-08 Strasbourg-Reims,2024-12-08,Matchweek 14,Sun,Home,D,0,0,Reims,396.0,480.0,82.5,7219.0,2521.0,159.0,180.0,88.3,195.0,224.0,87.1,36.0,60.0,60.0,0,0.8,1.0,6.0,30.0,6.0,3.0,39.0,17:00:00,/en/matches/74299224/Strasbourg-Reims-December-8-2024-Ligue-1
FRA-Ligue 1,2425,Strasbourg,2024-12-15 Le Havre-Strasbourg,2024-12-15,Matchweek 15,Sun,Away,W,3,0,Le Havre,420.0,492.0,85.4,7757.0,2569.0,157.0,173.0,90.8,224.0,248.0,90.3,38.0,57.0,66.7,3,0.9,0.5,8.0,27.0,8.0,2.0,40.0,17:00:00,/en/matches/e1e508ce/Le-Havre-Strasbourg-December-15-2024-Ligue-1
FRA-Ligue 1,2425,Strasbourg,2025-01-05 Strasbourg-Auxerre,2025-01-05,Matchweek 16,Sun,Home,W,3,1,Auxerre,498.0,579.0,86.0,8769.0,2941.0,223.0,241.0,92.5,253.0,288.0,87.8,22.0,44.0,50.0,2,2.0,1.0,8.0,48.0,6.0,0.0,47.0,15:00:00,/en/matches/d37a723b/Strasbourg-Auxerre-January-5-2025-Ligue-1
FRA-Ligue 1,2425,Strasbourg,2025-01-12 Toulouse-Strasbourg,2025-01-12,Matchweek 17,Sun,Away,W,2,1,Toulouse,372.0,446.0,83.4,6433.0,1999.0,158.0,169.0,93.5,186.0,211.0,88.2,19.0,49.0,38.8,1,1.4,0.9,6.0,13.0,5.0,2.0,27.0,17:15:00,/en/matches/eb79cf67/Toulouse-Strasbourg-January-12-2025-Ligue-1
FRA-Ligue 1,2425,Strasbourg,2025-01-19 Marseille-Strasbourg,2025-01-19,Matchweek 18,Sun,Away,D,1,1,Marseille,218.0,300.0,72.7,3687.0,1454.0,105.0,118.0,89.0,95.0,124.0,76.6,16.0,46.0,34.8,1,0.8,0.4,2.0,15.0,1.0,0.0,20.0,20:45:00,/en/matches/fb5f33dc/Marseille-Strasbourg-January-19-2025-Ligue-1
FRA-Ligue 1,2425,Strasbourg,2025-01-25 Strasbourg-Lille,2025-01-25,Matchweek 19,Sat,Home,W,2,1,Lille,381.0,453.0,84.1,7041.0,2467.0,153.0,167.0,91.6,197.0,217.0,90.8,30.0,58.0,51.7,1,1.0,1.1,8.0,19.0,5.0,1.0,23.0,19:00:00,/en/matches/f5d25d48/Strasbourg-Lille-January-25-2025-Ligue-1
FRA-Ligue 1,2425,Strasbourg,2025-02-02 Rennes-Strasbourg,2025-02-02,Matchweek 20,Sun,Away,L,0,1,Rennes,467.0,554.0,84.3,8526.0,2649.0,167.0,191.0,87.4,255.0,289.0,88.2,42.0,63.0,66.7,0,1.2,0.8,7.0,27.0,8.0,5.0,33.0,17:15:00,/en/matches/e9da9682/Rennes-Strasbourg-February-2-2025-Ligue-1
FRA-Ligue 1,2425,Strasbourg,2025-02-09 Strasbourg-Montpellier,2025-02-09,Matchweek 21,Sun,Home,W,2,0,Montpellier,537.0,618.0,86.9,9234.0,3653.0,230.0,255.0,90.2,268.0,297.0,90.2,34.0,51.0,66.7,1,1.7,1.6,17.0,40.0,14.0,5.0,71.0,17:15:00,/en/matches/0886a1bd/Strasbourg-Montpellier-February-9-2025-Ligue-1
FRA-Ligue 1,2425,Strasbourg,2025-02-16 Lens-Strasbourg,2025-02-16,Matchweek 22,Sun,Away,W,2,0,Lens,413.0,485.0,85.2,6776.0,2386.0,194.0,207.0,93.7,190.0,216.0,88.0,22.0,41.0,53.7,2,2.0,1.3,10.0,35.0,8.0,3.0,36.0,17:15:00,/en/matches/bdcbbf69/Lens-Strasbourg-February-16-2025-Ligue-1
FRA-Ligue 1,2425,Strasbourg,2025-02-23 Strasbourg-Brest,2025-02-23,Matchweek 23,Sun,Home,D,0,0,Brest,497.0,592.0,84.0,8250.0,2928.0,224.0,247.0,90.7,237.0,265.0,89.4,25.0,48.0,52.1,0,0.4,1.0,2.0,24.0,9.0,0.0,49.0,17:15:00,/en/matches/585be98f/Strasbourg-Brest-February-23-2025-Ligue-1
FRA-Ligue 1,2425,Strasbourg,2025-03-02 Auxerre-Strasbourg,2025-03-02,Matchweek 24,Sun,Away,W,1,0,Auxerre,485.0,576.0,84.2,7653.0,2440.0,232.0,250.0,92.8,215.0,239.0,90.0,22.0,57.0,38.6,1,1.4,0.5,6.0,15.0,4.0,0.0,26.0,17:15:00,/en/matches/370220dd/Auxerre-Strasbourg-March-2-2025-Ligue-1
FRA-Ligue 1,2425,Strasbourg,2025-03-09 Nantes-Strasbourg,2025-03-09,Matchweek 25,Sun,Away,W,1,0,Nantes,519.0,606.0,85.6,8892.0,2997.0,239.0,260.0,91.9,241.0,267.0,90.3,36.0,59.0,61.0,1,0.7,1.1,6.0,41.0,5.0,1.0,51.0,17:15:00,/en/matches/01d100ee/Nantes-Strasbourg-March-9-2025-Ligue-1
FRA-Ligue 1,2425,Strasbourg,2025-03-16 Strasbourg-Toulouse,2025-03-16,Matchweek 26,Sun,Home,W,2,1,Toulouse,528.0,607.0,87.0,8582.0,2674.0,246.0,259.0,95.0,249.0,267.0,93.3,21.0,53.0,39.6,2,1.5,1.6,8.0,25.0,9.0,1.0,36.0,17:15:00,/en/matches/30de0ad9/Strasbourg-Toulouse-March-16-2025-Ligue-1
FRA-Ligue 1,2425,Strasbourg,2025-03-28 Strasbourg-Lyon,2025-03-28,Matchweek 27,Fri,Home,W,4,2,Lyon,348.0,418.0,83.3,5891.0,1937.0,156.0,176.0,88.6,167.0,186.0,89.8,22.0,41.0,53.7,3,0.7,0.6,8.0,20.0,2.0,1.0,19.0,20:45:00,/en/matches/e4da6424/Strasbourg-Lyon-March-28-2025-Ligue-1
FRA-Ligue 1,2425,Strasbourg,2025-04-06 Reims-Strasbourg,2025-04-06,Matchweek 28,Sun,Away,W,1,0,Reims,427.0,501.0,85.2,6991.0,2496.0,203.0,222.0,91.4,187.0,205.0,91.2,26.0,53.0,49.1,1,2.4,2.1,11.0,32.0,8.0,3.0,42.0,17:15:00,/en/matches/44834f60/Reims-Strasbourg-April-6-2025-Ligue-1
FRA-Ligue 1,2425,Strasbourg,2025-04-12 Strasbourg-Nice,2025-04-12,Matchweek 29,Sat,Home,D,2,2,Nice,422.0,515.0,81.9,7330.0,2506.0,200.0,215.0,93.0,195.0,220.0,88.6,26.0,71.0,36.6,2,0.6,0.5,8.0,20.0,5.0,1.0,21.0,21:05:00,/en/matches/55275978/Strasbourg-Nice-April-12-2025-Ligue-1
FRA-Ligue 1,2425,Strasbourg,2025-04-19 Monaco-Strasbourg,2025-04-19,Matchweek 30,Sat,Away,D,0,0,Monaco,473.0,557.0,84.9,7571.0,2693.0,236.0,256.0,92.2,208.0,227.0,91.6,24.0,52.0,46.2,0,0.4,1.0,5.0,29.0,3.0,1.0,37.0,19:00:00,/en/matches/bdddd15d/Monaco-Strasbourg-April-19-2025-Ligue-1
FRA-Ligue 1,2425,Strasbourg,2025-04-26 Strasbourg-Saint-Étienne,2025-04-26,Matchweek 31,Sat,Home,W,3,1,Saint-Étienne,541.0,613.0,88.3,9130.0,3186.0,260.0,277.0,93.9,230.0,255.0,90.2,42.0,61.0,68.9,3,2.4,2.3,13.0,38.0,13.0,2.0,42.0,17:00:00,/en/matches/ca1e1dc1/Strasbourg-Saint-Etienne-April-26-2025-Ligue-1
FRA-Ligue 1,2425,Strasbourg,2025-05-03 Strasbourg-Paris S-G,2025-05-03,Matchweek 32,Sat,Home,W,2,1,Paris S-G,284.0,365.0,77.8,5077.0,1906.0,124.0,149.0,83.2,122.0,138.0,88.4,31.0,61.0,50.8,1,0.8,0.7,8.0,12.0,5.0,1.0,21.0,17:00:00,/en/matches/d9c56744/Strasbourg-Paris-Saint-Germain-May-3-2025-Ligue-1
FRA-Ligue 1,2425,Strasbourg,2025-05-10 Angers-Strasbourg,2025-05-10,Matchweek 33,Sat,Away,L,1,2,Angers,675.0,754.0,89.5,10746.0,3197.0,339.0,366.0,92.6,289.0,319.0,90.6,29.0,39.0,74.4,1,0.8,1.1,12.0,61.0,9.0,1.0,71.0,21:00:00,/en/matches/fafe26a4/Angers-Strasbourg-May-10-2025-Ligue-1
FRA-Ligue 1,2425,Strasbourg,2025-05-17 Strasbourg-Le Havre,2025-05-17,Matchweek 34,Sat,Home,L,2,3,Le Havre,427.0,496.0,86.1,7131.0,2180.0,179.0,200.0,89.5,223.0,244.0,91.4,16.0,37.0,43.2,1,1.2,0.8,5.0,17.0,10.0,1.0,35.0,21:00:00,/en/matches/51aaa97c/Strasbourg-Le-Havre-May-17-2025-Ligue-1
FRA-Ligue 1,2425,Toulouse,2024-08-18 Toulouse-Nantes,2024-08-18,Matchweek 1,Sun,Home,D,0,0,Nantes,434.0,538.0,80.7,7700.0,2697.0,193.0,218.0,88.5,195.0,223.0,87.4,40.0,77.0,51.9,0,1.4,0.9,9.0,37.0,8.0,2.0,54.0,17:00:00,/en/matches/67b3b54c/Toulouse-Nantes-August-18-2024-Ligue-1
FRA-Ligue 1,2425,Toulouse,2024-08-25 Nice-Toulouse,2024-08-25,Matchweek 2,Sun,Away,D,1,1,Nice,275.0,372.0,73.9,5108.0,1917.0,105.0,130.0,80.8,137.0,165.0,83.0,26.0,56.0,46.4,1,0.8,0.8,11.0,16.0,5.0,0.0,28.0,17:00:00,/en/matches/33b61302/Nice-Toulouse-August-25-2024-Ligue-1
FRA-Ligue 1,2425,Toulouse,2024-08-31 Toulouse-Marseille,2024-08-31,Matchweek 3,Sat,Home,L,1,3,Marseille,219.0,293.0,74.7,4033.0,1809.0,106.0,126.0,84.1,82.0,102.0,80.4,28.0,54.0,51.9,1,1.0,0.3,3.0,12.0,0.0,0.0,18.0,21:00:00,/en/matches/ebbcbe63/Toulouse-Marseille-August-31-2024-Ligue-1
FRA-Ligue 1,2425,Toulouse,2024-09-15 Toulouse-Le Havre,2024-09-15,Matchweek 4,Sun,Home,W,2,0,Le Havre,457.0,570.0,80.2,7760.0,2848.0,204.0,230.0,88.7,211.0,244.0,86.5,32.0,66.0,48.5,2,0.9,0.7,11.0,38.0,6.0,1.0,42.0,17:00:00,/en/matches/f4982a54/Toulouse-Le-Havre-September-15-2024-Ligue-1
FRA-Ligue 1,2425,Toulouse,2024-09-22 Brest-Toulouse,2024-09-22,Matchweek 5,Sun,Away,L,0,2,Brest,405.0,524.0,77.3,7190.0,2663.0,179.0,222.0,80.6,182.0,215.0,84.7,36.0,67.0,53.7,0,1.4,1.4,8.0,32.0,7.0,1.0,57.0,17:00:00,/en/matches/7cbba12e/Brest-Toulouse-September-22-2024-Ligue-1
FRA-Ligue 1,2425,Toulouse,2024-09-29 Toulouse-Lyon,2024-09-29,Matchweek 6,Sun,Home,L,1,2,Lyon,340.0,442.0,76.9,5663.0,2467.0,170.0,200.0,85.0,141.0,167.0,84.4,24.0,43.0,55.8,1,0.8,0.9,7.0,27.0,8.0,1.0,37.0,15:00:00,/en/matches/a7954dea/Toulouse-Lyon-September-29-2024-Ligue-1
FRA-Ligue 1,2425,Toulouse,2024-10-05 Lille-Toulouse,2024-10-05,Matchweek 7,Sat,Away,L,1,2,Lille,331.0,417.0,79.4,6163.0,2207.0,132.0,145.0,91.0,158.0,187.0,84.5,34.0,63.0,54.0,0,0.8,1.1,5.0,28.0,6.0,3.0,36.0,19:00:00,/en/matches/8d700c3d/Lille-Toulouse-October-5-2024-Ligue-1
FRA-Ligue 1,2425,Toulouse,2024-10-20 Toulouse-Angers,2024-10-20,Matchweek 8,Sun,Home,D,1,1,Angers,474.0,592.0,80.1,8487.0,2827.0,183.0,222.0,82.4,254.0,287.0,88.5,32.0,59.0,54.2,1,1.2,1.3,14.0,43.0,15.0,2.0,70.0,17:00:00,/en/matches/92f559ad/Toulouse-Angers-October-20-2024-Ligue-1
FRA-Ligue 1,2425,Toulouse,2024-10-27 Montpellier-Toulouse,2024-10-27,Matchweek 9,Sun,Away,W,3,0,Montpellier,417.0,494.0,84.4,7059.0,2512.0,206.0,220.0,93.6,171.0,201.0,85.1,30.0,52.0,57.7,3,1.7,1.9,12.0,22.0,10.0,0.0,38.0,17:00:00,/en/matches/49e6789d/Montpellier-Toulouse-October-27-2024-Ligue-1
FRA-Ligue 1,2425,Toulouse,2024-11-03 Toulouse-Reims,2024-11-03,Matchweek 10,Sun,Home,W,1,0,Reims,321.0,428.0,75.0,5296.0,2080.0,156.0,182.0,85.7,132.0,170.0,77.6,23.0,53.0,43.4,1,0.6,1.0,8.0,17.0,11.0,2.0,37.0,15:00:00,/en/matches/f0237d4b/Toulouse-Reims-November-3-2024-Ligue-1
FRA-Ligue 1,2425,Toulouse,2024-11-10 Rennes-Toulouse,2024-11-10,Matchweek 11,Sun,Away,W,2,0,Rennes,226.0,321.0,70.4,3687.0,1646.0,116.0,130.0,89.2,84.0,109.0,77.1,17.0,58.0,29.3,1,1.1,0.8,5.0,16.0,9.0,1.0,21.0,17:00:00,/en/matches/a7965d75/Rennes-Toulouse-November-10-2024-Ligue-1
FRA-Ligue 1,2425,Toulouse,2024-11-22 Paris S-G-Toulouse,2024-11-22,Matchweek 12,Fri,Away,L,0,3,Paris S-G,230.0,314.0,73.2,4090.0,1885.0,112.0,131.0,85.5,86.0,112.0,76.8,27.0,48.0,56.3,0,0.7,0.9,8.0,18.0,8.0,0.0,28.0,21:00:00,/en/matches/740dd871/Paris-Saint-Germain-Toulouse-November-22-2024-Ligue-1
FRA-Ligue 1,2425,Toulouse,2024-12-01 Toulouse-Auxerre,2024-12-01,Matchweek 13,Sun,Home,W,2,0,Auxerre,376.0,481.0,78.2,6797.0,2748.0,149.0,172.0,86.6,183.0,212.0,86.3,36.0,73.0,49.3,1,1.2,0.8,8.0,20.0,7.0,3.0,26.0,17:00:00,/en/matches/f81de4c6/Toulouse-Auxerre-December-1-2024-Ligue-1
FRA-Ligue 1,2425,Toulouse,2024-12-07 Monaco-Toulouse,2024-12-07,Matchweek 14,Sat,Away,L,0,2,Monaco,280.0,401.0,69.8,5057.0,2251.0,125.0,154.0,81.2,121.0,159.0,76.1,29.0,65.0,44.6,0,0.5,0.7,6.0,26.0,6.0,2.0,35.0,17:00:00,/en/matches/63873373/Monaco-Toulouse-December-7-2024-Ligue-1
FRA-Ligue 1,2425,Toulouse,2024-12-13 Toulouse-Saint-Étienne,2024-12-13,Matchweek 15,Fri,Home,W,2,1,Saint-Étienne,364.0,450.0,80.9,6191.0,2167.0,164.0,186.0,88.2,171.0,194.0,88.1,23.0,47.0,48.9,2,1.4,1.9,11.0,20.0,10.0,1.0,44.0,20:45:00,/en/matches/737388fc/Toulouse-Saint-Etienne-December-13-2024-Ligue-1
FRA-Ligue 1,2425,Toulouse,2025-01-05 Lens-Toulouse,2025-01-05,Matchweek 16,Sun,Away,W,1,0,Lens,228.0,301.0,75.7,3878.0,1694.0,97.0,116.0,83.6,107.0,119.0,89.9,15.0,49.0,30.6,0,1.2,1.0,6.0,16.0,6.0,1.0,27.0,15:00:00,/en/matches/1f09a51a/Lens-Toulouse-January-5-2025-Ligue-1
FRA-Ligue 1,2425,Toulouse,2025-01-12 Toulouse-Strasbourg,2025-01-12,Matchweek 17,Sun,Home,L,1,2,Strasbourg,404.0,510.0,79.2,6685.0,2287.0,199.0,221.0,90.0,171.0,195.0,87.7,26.0,63.0,41.3,0,0.9,1.2,13.0,32.0,9.0,4.0,32.0,17:15:00,/en/matches/eb79cf67/Toulouse-Strasbourg-January-12-2025-Ligue-1
FRA-Ligue 1,2425,Toulouse,2025-01-18 Lyon-Toulouse,2025-01-18,Matchweek 18,Sat,Away,D,0,0,Lyon,290.0,381.0,76.1,4666.0,1757.0,145.0,163.0,89.0,108.0,134.0,80.6,24.0,56.0,42.9,0,1.1,1.1,11.0,19.0,11.0,3.0,32.0,21:05:00,/en/matches/58a863f5/Lyon-Toulouse-January-18-2025-Ligue-1
FRA-Ligue 1,2425,Toulouse,2025-01-26 Toulouse-Montpellier,2025-01-26,Matchweek 19,Sun,Home,L,1,2,Montpellier,472.0,596.0,79.2,8084.0,2592.0,204.0,239.0,85.4,237.0,274.0,86.5,25.0,59.0,42.4,1,1.0,1.6,15.0,36.0,15.0,3.0,57.0,17:15:00,/en/matches/81e5185d/Toulouse-Montpellier-January-26-2025-Ligue-1
FRA-Ligue 1,2425,Toulouse,2025-02-02 Toulouse-Nice,2025-02-02,Matchweek 20,Sun,Home,D,1,1,Nice,440.0,538.0,81.8,7593.0,2451.0,169.0,190.0,88.9,216.0,239.0,90.4,34.0,74.0,45.9,0,0.9,0.6,12.0,32.0,10.0,4.0,41.0,15:00:00,/en/matches/af67aa9c/Toulouse-Nice-February-2-2025-Ligue-1
FRA-Ligue 1,2425,Toulouse,2025-02-09 Auxerre-Toulouse,2025-02-09,Matchweek 21,Sun,Away,D,2,2,Auxerre,333.0,429.0,77.6,5974.0,2079.0,140.0,154.0,90.9,163.0,190.0,85.8,27.0,57.0,47.4,2,0.9,1.1,5.0,22.0,8.0,2.0,26.0,17:15:00,/en/matches/0446e883/Auxerre-Toulouse-February-9-2025-Ligue-1
FRA-Ligue 1,2425,Toulouse,2025-02-15 Toulouse-Paris S-G,2025-02-15,Matchweek 22,Sat,Home,L,0,1,Paris S-G,186.0,265.0,70.2,3263.0,1358.0,85.0,101.0,84.2,70.0,87.0,80.5,22.0,63.0,34.9,0,0.7,0.5,11.0,11.0,3.0,2.0,15.0,21:05:00,/en/matches/91e2ebf6/Toulouse-Paris-Saint-Germain-February-15-2025-Ligue-1
FRA-Ligue 1,2425,Toulouse,2025-02-23 Le Havre-Toulouse,2025-02-23,Matchweek 23,Sun,Away,W,4,1,Le Havre,357.0,424.0,84.2,6143.0,2192.0,158.0,173.0,91.3,171.0,188.0,91.0,22.0,45.0,48.9,3,1.5,1.8,8.0,25.0,9.0,2.0,30.0,17:15:00,/en/matches/8284b7f6/Le-Havre-Toulouse-February-23-2025-Ligue-1
FRA-Ligue 1,2425,Toulouse,2025-03-02 Angers-Toulouse,2025-03-02,Matchweek 24,Sun,Away,W,4,0,Angers,380.0,481.0,79.0,5952.0,2217.0,186.0,218.0,85.3,156.0,181.0,86.2,22.0,54.0,40.7,2,2.0,1.6,12.0,20.0,14.0,1.0,42.0,17:15:00,/en/matches/d9b255ac/Angers-Toulouse-March-2-2025-Ligue-1
FRA-Ligue 1,2425,Toulouse,2025-03-07 Toulouse-Monaco,2025-03-07,Matchweek 25,Fri,Home,D,1,1,Monaco,354.0,457.0,77.5,5737.0,2069.0,181.0,213.0,85.0,132.0,160.0,82.5,26.0,54.0,48.1,1,0.4,0.6,6.0,35.0,7.0,4.0,34.0,20:45:00,/en/matches/807e72ae/Toulouse-Monaco-March-7-2025-Ligue-1
FRA-Ligue 1,2425,Toulouse,2025-03-16 Strasbourg-Toulouse,2025-03-16,Matchweek 26,Sun,Away,L,1,2,Strasbourg,374.0,457.0,81.8,7011.0,2394.0,142.0,163.0,87.1,190.0,209.0,90.9,38.0,70.0,54.3,0,0.6,0.4,6.0,34.0,4.0,1.0,27.0,17:15:00,/en/matches/30de0ad9/Strasbourg-Toulouse-March-16-2025-Ligue-1
FRA-Ligue 1,2425,Toulouse,2025-03-30 Toulouse-Brest,2025-03-30,Matchweek 27,Sun,Home,L,2,4,Brest,382.0,474.0,80.6,6829.0,2440.0,156.0,179.0,87.2,188.0,210.0,89.5,30.0,56.0,53.6,2,1.2,2.0,11.0,41.0,16.0,5.0,64.0,15:00:00,/en/matches/b33c5901/Toulouse-Brest-March-30-2025-Ligue-1
FRA-Ligue 1,2425,Toulouse,2025-04-06 Marseille-Toulouse,2025-04-06,Matchweek 28,Sun,Away,L,2,3,Marseille,264.0,325.0,81.2,4632.0,1600.0,128.0,138.0,92.8,105.0,120.0,87.5,27.0,52.0,51.9,2,1.2,0.9,7.0,17.0,2.0,0.0,17.0,20:45:00,/en/matches/37a1d2be/Marseille-Toulouse-April-6-2025-Ligue-1
FRA-Ligue 1,2425,Toulouse,2025-04-12 Toulouse-Lille,2025-04-12,Matchweek 29,Sat,Home,L,1,2,Lille,378.0,464.0,81.5,7148.0,2262.0,135.0,155.0,87.1,216.0,238.0,90.8,26.0,59.0,44.1,1,0.7,1.2,7.0,28.0,9.0,2.0,36.0,19:00:00,/en/matches/0a9272f4/Toulouse-Lille-April-12-2025-Ligue-1
FRA-Ligue 1,2425,Toulouse,2025-04-20 Reims-Toulouse,2025-04-20,Matchweek 30,Sun,Away,L,0,1,Reims,391.0,493.0,79.3,6406.0,2133.0,190.0,206.0,92.2,162.0,193.0,83.9,27.0,65.0,41.5,0,0.4,1.9,8.0,39.0,14.0,5.0,57.0,17:15:00,/en/matches/86146582/Reims-Toulouse-April-20-2025-Ligue-1
FRA-Ligue 1,2425,Toulouse,2025-04-27 Nantes-Toulouse,2025-04-27,Matchweek 31,Sun,Away,D,0,0,Nantes,306.0,405.0,75.6,5490.0,1945.0,133.0,153.0,86.9,138.0,162.0,85.2,31.0,74.0,41.9,0,0.1,0.6,3.0,19.0,2.0,0.0,24.0,17:15:00,/en/matches/94a42dc1/Nantes-Toulouse-April-27-2025-Ligue-1
FRA-Ligue 1,2425,Toulouse,2025-05-03 Toulouse-Rennes,2025-05-03,Matchweek 32,Sat,Home,W,2,1,Rennes,277.0,347.0,79.8,5684.0,2229.0,100.0,116.0,86.2,139.0,154.0,90.3,36.0,65.0,55.4,2,0.5,0.9,7.0,25.0,8.0,3.0,19.0,19:00:00,/en/matches/ffb99c84/Toulouse-Rennes-May-3-2025-Ligue-1
FRA-Ligue 1,2425,Toulouse,2025-05-10 Toulouse-Lens,2025-05-10,Matchweek 33,Sat,Home,D,1,1,Lens,314.0,399.0,78.7,5324.0,1738.0,150.0,184.0,81.5,131.0,142.0,92.3,25.0,54.0,46.3,1,0.7,0.8,7.0,26.0,9.0,1.0,24.0,21:00:00,/en/matches/4ef097b0/Toulouse-Lens-May-10-2025-Ligue-1
FRA-Ligue 1,2425,Toulouse,2025-05-17 Saint-Étienne-Toulouse,2025-05-17,Matchweek 34,Sat,Away,W,3,2,Saint-Étienne,395.0,484.0,81.6,6893.0,2757.0,184.0,203.0,90.6,151.0,176.0,85.8,44.0,77.0,57.1,3,3.2,2.6,16.0,30.0,12.0,3.0,44.0,21:00:00,/en/matches/2eb36838/Saint-Etienne-Toulouse-May-17-2025-Ligue-1
