league,season,team,game,date,time,round,day,venue,result,GF,GA,opp,xG,xGA,Poss,Attendance,Captain,Formation,Opp Formation,Referee,match_report,Notes
FRA-Ligue 1,2021,Angers,2020-08-22 Dijon-Angers,2020-08-22,17:00:00,Matchweek 1,Sat,Away,W,1,0,Dijon,1.5,0.9,46,,Ismaël Traoré,4-1-4-1,4-3-3,Eric Wattellier,/en/matches/9cbccb37/Dijon-Angers-August-22-2020-Ligue-1,nan
FRA-Ligue 1,2021,Angers,2020-08-30 Angers-Bordeaux,2020-08-30,15:00:00,Matchweek 2,Sun,Home,L,0,2,Bordeaux,0.8,2.0,57,,Ismaël Traoré,4-1-4-1,4-2-3-1,Karim Abed,/en/matches/db69f933/Angers-Bordeaux-August-30-2020-Ligue-1,nan
FRA-Ligue 1,2021,Angers,2020-09-13 Angers-Reims,2020-09-13,15:00:00,Matchweek 3,Sun,Home,W,1,0,Reims,2.0,0.4,58,,Ismaël Traoré,4-1-4-1,4-4-2,Benoît Bastien,/en/matches/a1237c63/Angers-Reims-September-13-2020-Ligue-1,nan
FRA-Ligue 1,2021,Angers,2020-09-20 Montpellier-Angers,2020-09-20,15:00:00,Matchweek 4,Sun,Away,L,1,4,Montpellier,1.1,1.6,50,,Ismaël Traoré,3-4-3,3-4-1-2,Stéphanie Frappart,/en/matches/14504cc6/Montpellier-Angers-September-20-2020-Ligue-1,nan
FRA-Ligue 1,2021,Angers,2020-09-27 Angers-Brest,2020-09-27,15:00:00,Matchweek 5,Sun,Home,W,3,2,Brest,1.1,3.0,53,,Ismaël Traoré,4-3-3,4-2-3-1,Jeremy Stinat,/en/matches/940f811f/Angers-Brest-September-27-2020-Ligue-1,nan
FRA-Ligue 1,2021,Angers,2020-10-02 Paris S-G-Angers,2020-10-02,21:00:00,Matchweek 6,Fri,Away,L,1,6,Paris S-G,1.0,2.4,43,,Ismaël Traoré,5-4-1,4-4-2,Franck Schneider,/en/matches/7feb9bf5/Paris-Saint-Germain-Angers-October-2-2020-Ligue-1,nan
FRA-Ligue 1,2021,Angers,2020-10-18 Angers-Metz,2020-10-18,15:00:00,Matchweek 7,Sun,Home,D,1,1,Metz,1.1,1.1,47,,Ismaël Traoré,4-1-4-1,4-2-3-1,Aurélien Petit,/en/matches/36193c0a/Angers-Metz-October-18-2020-Ligue-1,nan
FRA-Ligue 1,2021,Angers,2020-10-23 Rennes-Angers,2020-10-23,21:00:00,Matchweek 8,Fri,Away,W,2,1,Rennes,1.2,1.4,37,,Ismaël Traoré,4-2-3-1,4-1-4-1,Jérémie Pignard,/en/matches/3450b7fc/Rennes-Angers-October-23-2020-Ligue-1,nan
FRA-Ligue 1,2021,Angers,2020-11-01 Angers-Nice,2020-11-01,15:00:00,Matchweek 9,Sun,Home,L,0,3,Nice,0.4,2.3,52,,Ismaël Traoré,4-2-3-1,5-4-1,Jeremy Stinat,/en/matches/3f3f4cf5/Angers-Nice-November-1-2020-Ligue-1,nan
FRA-Ligue 1,2021,Angers,2020-11-08 Nîmes-Angers,2020-11-08,15:00:00,Matchweek 10,Sun,Away,W,5,1,Nîmes,2.8,1.9,41,,Ismaël Traoré,4-2-3-1,4-3-3,Franck Schneider,/en/matches/d7b1fb5b/Nimes-Angers-November-8-2020-Ligue-1,nan
FRA-Ligue 1,2021,Angers,2020-11-22 Angers-Lyon,2020-11-22,17:00:00,Matchweek 11,Sun,Home,L,0,1,Lyon,1.1,1.0,50,,Ismaël Traoré,4-2-3-1,4-3-3,Amaury Delerue,/en/matches/7015e72d/Angers-Lyon-November-22-2020-Ligue-1,nan
FRA-Ligue 1,2021,Angers,2020-11-29 Lens-Angers,2020-11-29,15:00:00,Matchweek 12,Sun,Away,W,3,1,Lens,2.3,1.4,36,,Ismaël Traoré,4-2-3-1,3-4-1-2,Aurélien Petit,/en/matches/034e6d97/Lens-Angers-November-29-2020-Ligue-1,nan
FRA-Ligue 1,2021,Angers,2020-12-06 Angers-Lorient,2020-12-06,15:00:00,Matchweek 13,Sun,Home,W,2,0,Lorient,2.0,0.6,48,,Ismaël Traoré,4-2-3-1,4-3-3,Thomas Léonard,/en/matches/2053773e/Angers-Lorient-December-6-2020-Ligue-1,nan
FRA-Ligue 1,2021,Angers,2020-12-11 Saint-Étienne-Angers,2020-12-11,21:00:00,Matchweek 14,Fri,Away,D,0,0,Saint-Étienne,0.7,1.3,38,,Ismaël Traoré,4-2-3-1,4-2-3-1,Jérôme Miguelgorry,/en/matches/e83bb8e6/Saint-Etienne-Angers-December-11-2020-Ligue-1,nan
FRA-Ligue 1,2021,Angers,2020-12-16 Angers-Strasbourg,2020-12-16,19:00:00,Matchweek 15,Wed,Home,L,0,2,Strasbourg,0.4,0.6,57,,Ismaël Traoré,4-2-3-1,4-2-3-1,Bastien Dechepy,/en/matches/a5fee05a/Angers-Strasbourg-December-16-2020-Ligue-1,nan
FRA-Ligue 1,2021,Angers,2020-12-20 Nantes-Angers,2020-12-20,15:00:00,Matchweek 16,Sun,Away,D,1,1,Nantes,1.1,0.5,40,,Ismaël Traoré,4-2-3-1,4-1-4-1,Willy Delajod,/en/matches/da22205e/Nantes-Angers-December-20-2020-Ligue-1,nan
FRA-Ligue 1,2021,Angers,2020-12-23 Angers-Marseille,2020-12-23,21:00:00,Matchweek 17,Wed,Home,W,2,1,Marseille,0.6,1.5,31,,Ismaël Traoré,4-2-3-1,4-2-3-1,Hakim Ben El Hadj Salem,/en/matches/c145b8a8/Angers-Marseille-December-23-2020-Ligue-1,nan
FRA-Ligue 1,2021,Angers,2021-01-06 Lille-Angers,2021-01-06,21:00:00,Matchweek 18,Wed,Away,W,2,1,Lille,0.6,0.4,35,,Ismaël Traoré,4-2-3-1,4-4-2,Thomas Léonard,/en/matches/3045cf73/Lille-Angers-January-6-2021-Ligue-1,nan
FRA-Ligue 1,2021,Angers,2021-01-09 Monaco-Angers,2021-01-09,21:00:00,Matchweek 19,Sat,Away,L,0,3,Monaco,0.7,2.1,44,,Ismaël Traoré,4-2-3-1,4-4-2,Benoît Bastien,/en/matches/0b79b895/Monaco-Angers-January-9-2021-Ligue-1,nan
FRA-Ligue 1,2021,Angers,2021-01-16 Angers-Paris S-G,2021-01-16,21:00:00,Matchweek 20,Sat,Home,L,0,1,Paris S-G,0.9,1.4,39,,Ismaël Traoré,4-4-2,4-2-3-1,Amaury Delerue,/en/matches/42a1a73e/Angers-Paris-Saint-Germain-January-16-2021-Ligue-1,nan
FRA-Ligue 1,2021,Angers,2021-01-24 Bordeaux-Angers,2021-01-24,13:00:00,Matchweek 21,Sun,Away,L,1,2,Bordeaux,1.8,1.3,54,,Ismaël Traoré,4-2-3-1,4-2-3-1,Florent Batta,/en/matches/59557294/Bordeaux-Angers-January-24-2021-Ligue-1,nan
FRA-Ligue 1,2021,Angers,2021-01-31 Angers-Nîmes,2021-01-31,15:00:00,Matchweek 22,Sun,Home,W,3,1,Nîmes,1.5,1.1,40,,Ismaël Traoré,4-2-3-1,4-1-4-1,Ruddy Buquet,/en/matches/d0799ee9/Angers-Nimes-January-31-2021-Ligue-1,nan
FRA-Ligue 1,2021,Angers,2021-02-03 Reims-Angers,2021-02-03,19:00:00,Matchweek 23,Wed,Away,D,0,0,Reims,0.3,0.5,43,,Thomas Mangani,4-2-3-1,4-1-4-1,Aurélien Petit,/en/matches/00f3abdc/Reims-Angers-February-3-2021-Ligue-1,nan
FRA-Ligue 1,2021,Angers,2021-02-07 Nice-Angers,2021-02-07,15:00:00,Matchweek 24,Sun,Away,L,0,3,Nice,0.9,1.2,49,,Ismaël Traoré,4-2-3-1,4-3-3,Jérôme Miguelgorry,/en/matches/690017a7/Nice-Angers-February-7-2021-Ligue-1,nan
FRA-Ligue 1,2021,Angers,2021-02-14 Angers-Nantes,2021-02-14,15:00:00,Matchweek 25,Sun,Home,L,1,3,Nantes,1.5,2.0,65,,Ismaël Traoré,4-2-3-1,4-4-2,François Letexier,/en/matches/381b127f/Angers-Nantes-February-14-2021-Ligue-1,nan
FRA-Ligue 1,2021,Angers,2021-02-21 Strasbourg-Angers,2021-02-21,15:00:00,Matchweek 26,Sun,Away,D,0,0,Strasbourg,0.3,1.2,43,,Ismaël Traoré,4-2-3-1,4-1-2-1-2,Hakim Ben El Hadj Salem,/en/matches/77b2ad0a/Strasbourg-Angers-February-21-2021-Ligue-1,nan
FRA-Ligue 1,2021,Angers,2021-02-28 Angers-Lens,2021-02-28,15:00:00,Matchweek 27,Sun,Home,D,2,2,Lens,1.6,1.3,40,,Ismaël Traoré,4-2-3-1,3-4-1-2,Bastien Dechepy,/en/matches/f1956473/Angers-Lens-February-28-2021-Ligue-1,nan
FRA-Ligue 1,2021,Angers,2021-03-03 Metz-Angers,2021-03-03,19:00:00,Matchweek 28,Wed,Away,W,1,0,Metz,1.1,0.8,35,,Ismaël Traoré,5-4-1,3-4-1-2,Johan Hamel,/en/matches/667969fb/Metz-Angers-March-3-2021-Ligue-1,nan
FRA-Ligue 1,2021,Angers,2021-03-13 Angers-Saint-Étienne,2021-03-13,13:00:00,Matchweek 29,Sat,Home,L,0,1,Saint-Étienne,0.2,0.8,54,,Ismaël Traoré,4-2-3-1,3-4-1-2,Benoît Millot,/en/matches/b8bde00b/Angers-Saint-Etienne-March-13-2021-Ligue-1,nan
FRA-Ligue 1,2021,Angers,2021-03-21 Brest-Angers,2021-03-21,15:00:00,Matchweek 30,Sun,Away,D,0,0,Brest,0.8,0.6,48,,Ismaël Traoré,4-4-1-1,4-4-2,Aurélien Petit,/en/matches/b060d34a/Brest-Angers-March-21-2021-Ligue-1,nan
FRA-Ligue 1,2021,Angers,2021-04-04 Angers-Montpellier,2021-04-04,13:00:00,Matchweek 31,Sun,Home,D,1,1,Montpellier,1.1,2.2,62,,Ismaël Traoré,4-4-1-1,4-2-3-1,Florent Batta,/en/matches/7a371bb9/Angers-Montpellier-April-4-2021-Ligue-1,nan
FRA-Ligue 1,2021,Angers,2021-04-11 Lyon-Angers,2021-04-11,21:00:00,Matchweek 32,Sun,Away,L,0,3,Lyon,1.2,2.6,47,,Ismaël Traoré,5-3-2,4-2-3-1,Mikael Lesage,/en/matches/4d4dc0b9/Lyon-Angers-April-11-2021-Ligue-1,nan
FRA-Ligue 1,2021,Angers,2021-04-17 Angers-Rennes,2021-04-17,12:45:00,Matchweek 33,Sat,Home,L,0,3,Rennes,0.6,1.3,41,,Ismaël Traoré,4-3-3,4-3-3,Thomas Léonard,/en/matches/f3267962/Angers-Rennes-April-17-2021-Ligue-1,nan
FRA-Ligue 1,2021,Angers,2021-04-25 Angers-Monaco,2021-04-25,17:05:00,Matchweek 34,Sun,Home,L,0,1,Monaco,0.1,1.6,42,,Ismaël Traoré,5-3-2,4-4-2,Hakim Ben El Hadj Salem,/en/matches/d287f476/Angers-Monaco-April-25-2021-Ligue-1,nan
FRA-Ligue 1,2021,Angers,2021-05-02 Lorient-Angers,2021-05-02,15:00:00,Matchweek 35,Sun,Away,L,0,2,Lorient,0.8,1.7,50,,Ismaël Traoré,5-3-2,5-3-2,Willy Delajod,/en/matches/4960b9d0/Lorient-Angers-May-2-2021-Ligue-1,nan
FRA-Ligue 1,2021,Angers,2021-05-09 Angers-Dijon,2021-05-09,15:00:00,Matchweek 36,Sun,Home,W,3,0,Dijon,1.9,0.3,44,,Thomas Mangani,4-2-3-1,4-2-3-1,Jérôme Brisard,/en/matches/69721055/Angers-Dijon-May-9-2021-Ligue-1,nan
FRA-Ligue 1,2021,Angers,2021-05-16 Marseille-Angers,2021-05-16,21:00:00,Matchweek 37,Sun,Away,L,2,3,Marseille,1.7,2.4,47,,Thomas Mangani,4-2-3-1,4-4-2,Franck Schneider,/en/matches/da6ea060/Marseille-Angers-May-16-2021-Ligue-1,nan
FRA-Ligue 1,2021,Angers,2021-05-23 Angers-Lille,2021-05-23,21:00:00,Matchweek 38,Sun,Home,L,1,2,Lille,0.6,1.6,57,,Romain Thomas,4-2-3-1,4-4-2,Benoît Bastien,/en/matches/4aa8aaab/Angers-Lille-May-23-2021-Ligue-1,nan
FRA-Ligue 1,2021,Bordeaux,2020-08-21 Bordeaux-Nantes,2020-08-21,19:00:00,Matchweek 1,Fri,Home,D,0,0,Nantes,0.5,0.2,44,,Laurent Koscielny,4-3-3,4-4-2,Benoît Bastien,/en/matches/c0996cac/Bordeaux-Nantes-August-21-2020-Ligue-1,nan
FRA-Ligue 1,2021,Bordeaux,2020-08-30 Angers-Bordeaux,2020-08-30,15:00:00,Matchweek 2,Sun,Away,W,2,0,Angers,2.0,0.8,43,,Laurent Koscielny,4-2-3-1,4-1-4-1,Karim Abed,/en/matches/db69f933/Angers-Bordeaux-August-30-2020-Ligue-1,nan
FRA-Ligue 1,2021,Bordeaux,2020-09-11 Bordeaux-Lyon,2020-09-11,21:00:00,Matchweek 3,Fri,Home,D,0,0,Lyon,0.3,2.0,46,,Laurent Koscielny,4-2-3-1,3-4-3,Ruddy Buquet,/en/matches/c39f66b9/Bordeaux-Lyon-September-11-2020-Ligue-1,nan
FRA-Ligue 1,2021,Bordeaux,2020-09-19 Lens-Bordeaux,2020-09-19,17:00:00,Matchweek 4,Sat,Away,L,1,2,Lens,0.4,3.1,41,,Laurent Koscielny,4-2-3-1,3-4-1-2,Benoît Millot,/en/matches/87a237ad/Lens-Bordeaux-September-19-2020-Ligue-1,nan
FRA-Ligue 1,2021,Bordeaux,2020-09-27 Bordeaux-Nice,2020-09-27,13:00:00,Matchweek 5,Sun,Home,D,0,0,Nice,1.2,0.8,46,,Laurent Koscielny,4-2-3-1,4-4-1-1,François Letexier,/en/matches/37c68582/Bordeaux-Nice-September-27-2020-Ligue-1,nan
FRA-Ligue 1,2021,Bordeaux,2020-10-04 Bordeaux-Dijon,2020-10-04,15:00:00,Matchweek 6,Sun,Home,W,3,0,Dijon,1.6,0.3,50,,Laurent Koscielny,4-2-3-1,4-3-3,Antony Gautier,/en/matches/01b4fa54/Bordeaux-Dijon-October-4-2020-Ligue-1,nan
FRA-Ligue 1,2021,Bordeaux,2020-10-17 Marseille-Bordeaux,2020-10-17,21:00:00,Matchweek 7,Sat,Away,L,1,3,Marseille,0.8,1.0,44,,Benoît Costil,4-2-3-1,4-1-2-1-2,Franck Schneider,/en/matches/e28d90ff/Marseille-Bordeaux-October-17-2020-Ligue-1,nan
FRA-Ligue 1,2021,Bordeaux,2020-10-25 Bordeaux-Nîmes,2020-10-25,15:00:00,Matchweek 8,Sun,Home,W,2,0,Nîmes,2.1,0.7,59,,Benoît Costil,4-2-3-1,4-3-3,Bastien Dechepy,/en/matches/72fedf37/Bordeaux-Nimes-October-25-2020-Ligue-1,nan
FRA-Ligue 1,2021,Bordeaux,2020-11-01 Monaco-Bordeaux,2020-11-01,17:00:00,Matchweek 9,Sun,Away,L,0,4,Monaco,0.3,3.5,48,,Laurent Koscielny,4-1-4-1,4-2-3-1,Ruddy Buquet,/en/matches/371ae7de/Monaco-Bordeaux-November-1-2020-Ligue-1,nan
FRA-Ligue 1,2021,Bordeaux,2020-11-07 Bordeaux-Montpellier,2020-11-07,17:00:00,Matchweek 10,Sat,Home,L,0,2,Montpellier,0.6,1.3,52,,Laurent Koscielny,4-2-3-1,4-3-3,Antony Gautier,/en/matches/0a398d60/Bordeaux-Montpellier-November-7-2020-Ligue-1,nan
FRA-Ligue 1,2021,Bordeaux,2020-11-20 Rennes-Bordeaux,2020-11-20,19:00:00,Matchweek 11,Fri,Away,W,1,0,Rennes,0.7,1.9,41,,Laurent Koscielny,4-2-3-1,4-2-3-1,Karim Abed,/en/matches/c7f16be3/Rennes-Bordeaux-November-20-2020-Ligue-1,nan
FRA-Ligue 1,2021,Bordeaux,2020-11-28 Paris S-G-Bordeaux,2020-11-28,21:00:00,Matchweek 12,Sat,Away,D,2,2,Paris S-G,1.3,2.2,35,,Laurent Koscielny,4-4-2,4-2-2-2,Jérémie Pignard,/en/matches/35fddbd7/Paris-Saint-Germain-Bordeaux-November-28-2020-Ligue-1,nan
FRA-Ligue 1,2021,Bordeaux,2020-12-06 Bordeaux-Brest,2020-12-06,15:00:00,Matchweek 13,Sun,Home,W,1,0,Brest,2.1,0.3,58,,Benoît Costil,4-4-2,4-4-2,Franck Schneider,/en/matches/5d40786d/Bordeaux-Brest-December-6-2020-Ligue-1,nan
FRA-Ligue 1,2021,Bordeaux,2020-12-13 Lille-Bordeaux,2020-12-13,17:00:00,Matchweek 14,Sun,Away,L,1,2,Lille,0.7,1.1,44,,Benoît Costil,4-4-2,4-4-2,Eric Wattellier,/en/matches/94846b32/Lille-Bordeaux-December-13-2020-Ligue-1,nan
FRA-Ligue 1,2021,Bordeaux,2020-12-16 Bordeaux-Saint-Étienne,2020-12-16,21:00:00,Matchweek 15,Wed,Home,L,1,2,Saint-Étienne,0.7,2.3,52,,Benoît Costil,4-4-2,4-2-3-1,Stéphanie Frappart,/en/matches/80a19aca/Bordeaux-Saint-Etienne-December-16-2020-Ligue-1,nan
FRA-Ligue 1,2021,Bordeaux,2020-12-20 Strasbourg-Bordeaux,2020-12-20,15:00:00,Matchweek 16,Sun,Away,W,2,0,Strasbourg,1.0,1.0,46,,Benoît Costil,4-2-3-1,4-2-3-1,Benoît Bastien,/en/matches/2eab1f5a/Strasbourg-Bordeaux-December-20-2020-Ligue-1,nan
FRA-Ligue 1,2021,Bordeaux,2020-12-23 Bordeaux-Reims,2020-12-23,19:00:00,Matchweek 17,Wed,Home,L,1,3,Reims,1.1,1.0,62,,Benoît Costil,4-2-3-1,4-1-4-1,Jérôme Brisard,/en/matches/92d5d552/Bordeaux-Reims-December-23-2020-Ligue-1,nan
FRA-Ligue 1,2021,Bordeaux,2021-01-06 Metz-Bordeaux,2021-01-06,19:00:00,Matchweek 18,Wed,Away,D,0,0,Metz,1.2,0.9,57,,Benoît Costil,4-2-3-1,5-4-1,Antony Gautier,/en/matches/91ee6562/Metz-Bordeaux-January-6-2021-Ligue-1,nan
FRA-Ligue 1,2021,Bordeaux,2021-01-09 Bordeaux-Lorient,2021-01-09,21:00:00,Matchweek 19,Sat,Home,W,2,1,Lorient,1.3,1.2,49,,Laurent Koscielny,4-2-3-1,4-3-3,Willy Delajod,/en/matches/7adc2a05/Bordeaux-Lorient-January-9-2021-Ligue-1,nan
FRA-Ligue 1,2021,Bordeaux,2021-01-17 Nice-Bordeaux,2021-01-17,15:00:00,Matchweek 20,Sun,Away,W,3,0,Nice,2.5,0.9,50,,Laurent Koscielny,4-1-4-1,3-1-4-2,Thomas Léonard,/en/matches/b5d02e7e/Nice-Bordeaux-January-17-2021-Ligue-1,nan
FRA-Ligue 1,2021,Bordeaux,2021-01-24 Bordeaux-Angers,2021-01-24,13:00:00,Matchweek 21,Sun,Home,W,2,1,Angers,1.3,1.8,46,,Laurent Koscielny,4-2-3-1,4-2-3-1,Florent Batta,/en/matches/59557294/Bordeaux-Angers-January-24-2021-Ligue-1,nan
FRA-Ligue 1,2021,Bordeaux,2021-01-29 Lyon-Bordeaux,2021-01-29,21:00:00,Matchweek 22,Fri,Away,L,1,2,Lyon,1.0,1.0,44,,Laurent Koscielny,4-2-3-1,4-3-3,Clément Turpin,/en/matches/308c218f/Lyon-Bordeaux-January-29-2021-Ligue-1,nan
FRA-Ligue 1,2021,Bordeaux,2021-02-03 Bordeaux-Lille,2021-02-03,19:00:00,Matchweek 23,Wed,Home,L,0,3,Lille,1.1,1.7,54,,Laurent Koscielny,4-2-3-1,4-4-2,Mikael Lesage,/en/matches/cbaa8ed9/Bordeaux-Lille-February-3-2021-Ligue-1,nan
FRA-Ligue 1,2021,Bordeaux,2021-02-07 Brest-Bordeaux,2021-02-07,13:00:00,Matchweek 24,Sun,Away,L,1,2,Brest,0.8,1.9,53,,Laurent Koscielny,3-4-3,4-3-3,Eric Wattellier,/en/matches/5e006b28/Brest-Bordeaux-February-7-2021-Ligue-1,nan
FRA-Ligue 1,2021,Bordeaux,2021-02-14 Bordeaux-Marseille,2021-02-14,21:00:00,Matchweek 25,Sun,Home,D,0,0,Marseille,1.4,0.5,55,,Laurent Koscielny,4-3-3,4-3-3,Jérôme Brisard,/en/matches/8f90873e/Bordeaux-Marseille-February-14-2021-Ligue-1,nan
FRA-Ligue 1,2021,Bordeaux,2021-02-21 Nîmes-Bordeaux,2021-02-21,15:00:00,Matchweek 26,Sun,Away,L,0,2,Nîmes,0.8,0.4,71,,Laurent Koscielny,4-2-3-1,4-1-4-1,Willy Delajod,/en/matches/e9fbe45a/Nimes-Bordeaux-February-21-2021-Ligue-1,nan
FRA-Ligue 1,2021,Bordeaux,2021-02-27 Bordeaux-Metz,2021-02-27,13:00:00,Matchweek 27,Sat,Home,L,1,2,Metz,0.9,2.0,51,,Laurent Koscielny,3-5-2,3-4-1-2,Aurélien Petit,/en/matches/e0f22e82/Bordeaux-Metz-February-27-2021-Ligue-1,nan
FRA-Ligue 1,2021,Bordeaux,2021-03-03 Bordeaux-Paris S-G,2021-03-03,21:00:00,Matchweek 28,Wed,Home,L,0,1,Paris S-G,0.6,1.0,44,,Laurent Koscielny,3-4-3,4-2-3-1,Franck Schneider,/en/matches/562fc539/Bordeaux-Paris-Saint-Germain-March-3-2021-Ligue-1,nan
FRA-Ligue 1,2021,Bordeaux,2021-03-14 Dijon-Bordeaux,2021-03-14,15:00:00,Matchweek 29,Sun,Away,W,3,1,Dijon,1.2,1.1,54,,Benoît Costil,4-4-2,4-2-3-1,Thomas Léonard,/en/matches/867d40f4/Dijon-Bordeaux-March-14-2021-Ligue-1,nan
FRA-Ligue 1,2021,Bordeaux,2021-03-21 Montpellier-Bordeaux,2021-03-21,15:00:00,Matchweek 30,Sun,Away,L,1,3,Montpellier,1.5,2.5,56,,Laurent Koscielny,4-3-3,4-2-3-1,Hakim Ben El Hadj Salem,/en/matches/88e1ab36/Montpellier-Bordeaux-March-21-2021-Ligue-1,nan
FRA-Ligue 1,2021,Bordeaux,2021-04-04 Bordeaux-Strasbourg,2021-04-04,15:00:00,Matchweek 31,Sun,Home,L,2,3,Strasbourg,1.7,2.2,62,,Laurent Koscielny,3-4-1-2,4-1-2-1-2,Jérôme Brisard,/en/matches/f919ead6/Bordeaux-Strasbourg-April-4-2021-Ligue-1,nan
FRA-Ligue 1,2021,Bordeaux,2021-04-11 Saint-Étienne-Bordeaux,2021-04-11,15:00:00,Matchweek 32,Sun,Away,L,1,4,Saint-Étienne,2.0,3.3,63,,Laurent Koscielny,4-3-3,4-1-4-1,Franck Schneider,/en/matches/12b0e5d1/Saint-Etienne-Bordeaux-April-11-2021-Ligue-1,nan
FRA-Ligue 1,2021,Bordeaux,2021-04-18 Bordeaux-Monaco,2021-04-18,17:05:00,Matchweek 33,Sun,Home,L,0,3,Monaco,0.8,2.1,41,,Laurent Koscielny,5-3-2,4-2-3-1,François Letexier,/en/matches/1b271f46/Bordeaux-Monaco-April-18-2021-Ligue-1,nan
FRA-Ligue 1,2021,Bordeaux,2021-04-25 Lorient-Bordeaux,2021-04-25,15:00:00,Matchweek 34,Sun,Away,L,1,4,Lorient,0.9,1.9,57,,Benoît Costil,4-1-4-1,5-4-1,Jérémie Pignard,/en/matches/e20ecbc9/Lorient-Bordeaux-April-25-2021-Ligue-1,nan
FRA-Ligue 1,2021,Bordeaux,2021-05-02 Bordeaux-Rennes,2021-05-02,13:00:00,Matchweek 35,Sun,Home,W,1,0,Rennes,0.8,0.6,45,,Benoît Costil,4-4-2,4-3-3,Antony Gautier,/en/matches/fbdd3548/Bordeaux-Rennes-May-2-2021-Ligue-1,nan
FRA-Ligue 1,2021,Bordeaux,2021-05-08 Nantes-Bordeaux,2021-05-08,13:00:00,Matchweek 36,Sat,Away,L,0,3,Nantes,0.8,2.0,51,,Benoît Costil,4-4-2,4-4-2,Benoît Millot,/en/matches/a81bdb2c/Nantes-Bordeaux-May-8-2021-Ligue-1,nan
FRA-Ligue 1,2021,Bordeaux,2021-05-16 Bordeaux-Lens,2021-05-16,21:00:00,Matchweek 37,Sun,Home,W,3,0,Lens,2.5,1.3,34,,Benoît Costil,5-3-2,5-3-2,Eric Wattellier,/en/matches/a4d53306/Bordeaux-Lens-May-16-2021-Ligue-1,nan
FRA-Ligue 1,2021,Bordeaux,2021-05-23 Reims-Bordeaux,2021-05-23,21:00:00,Matchweek 38,Sun,Away,W,2,1,Reims,1.1,1.0,44,,Laurent Koscielny,5-3-2,4-4-2,Jérôme Brisard,/en/matches/0dc82fba/Reims-Bordeaux-May-23-2021-Ligue-1,nan
FRA-Ligue 1,2021,Brest,2020-08-23 Nîmes-Brest,2020-08-23,15:00:00,Matchweek 1,Sun,Away,L,0,4,Nîmes,0.8,1.7,56,,Jean-Kevin Duverne,4-2-3-1,4-2-3-1,Jérémie Pignard,/en/matches/da8136ae/Nimes-Brest-August-23-2020-Ligue-1,nan
FRA-Ligue 1,2021,Brest,2020-08-30 Brest-Marseille,2020-08-30,21:00:00,Matchweek 2,Sun,Home,L,2,3,Marseille,2.6,1.0,59,,Jean-Kevin Duverne,4-2-3-1,4-3-3,Amaury Delerue,/en/matches/f5d3ffde/Brest-Marseille-August-30-2020-Ligue-1,nan
FRA-Ligue 1,2021,Brest,2020-09-13 Dijon-Brest,2020-09-13,15:00:00,Matchweek 3,Sun,Away,W,2,0,Dijon,1.9,0.3,50,,Jean-Kevin Duverne,4-2-3-1,4-3-3,Bastien Dechepy,/en/matches/d10137c1/Dijon-Brest-September-13-2020-Ligue-1,nan
FRA-Ligue 1,2021,Brest,2020-09-20 Brest-Lorient,2020-09-20,15:00:00,Matchweek 4,Sun,Home,W,3,2,Lorient,1.1,1.7,57,,Jean-Kevin Duverne,4-2-3-1,4-2-3-1,Karim Abed,/en/matches/addca7be/Brest-Lorient-September-20-2020-Ligue-1,nan
FRA-Ligue 1,2021,Brest,2020-09-27 Angers-Brest,2020-09-27,15:00:00,Matchweek 5,Sun,Away,L,2,3,Angers,3.0,1.1,47,,Jean-Kevin Duverne,4-2-3-1,4-3-3,Jeremy Stinat,/en/matches/940f811f/Angers-Brest-September-27-2020-Ligue-1,nan
FRA-Ligue 1,2021,Brest,2020-10-04 Brest-Monaco,2020-10-04,15:00:00,Matchweek 6,Sun,Home,W,1,0,Monaco,0.6,1.2,29,,Jean-Kevin Duverne,4-2-3-1,4-3-3,Johan Hamel,/en/matches/020a699d/Brest-Monaco-October-4-2020-Ligue-1,nan
FRA-Ligue 1,2021,Brest,2020-10-18 Nantes-Brest,2020-10-18,15:00:00,Matchweek 7,Sun,Away,L,1,3,Nantes,1.1,1.4,60,,Jean-Kevin Duverne,4-2-3-1,4-2-3-1,Jérémie Pignard,/en/matches/5c2b565a/Nantes-Brest-October-18-2020-Ligue-1,nan
FRA-Ligue 1,2021,Brest,2020-10-25 Brest-Strasbourg,2020-10-25,15:00:00,Matchweek 8,Sun,Home,L,0,3,Strasbourg,0.9,1.2,63,,Jean-Kevin Duverne,4-2-3-1,5-3-2,Jérôme Miguelgorry,/en/matches/525316b3/Brest-Strasbourg-October-25-2020-Ligue-1,nan
FRA-Ligue 1,2021,Brest,2020-10-31 Rennes-Brest,2020-10-31,17:00:00,Matchweek 9,Sat,Away,L,1,2,Rennes,1.1,1.4,32,,Jean-Kevin Duverne,4-4-2,4-1-4-1,Stéphanie Frappart,/en/matches/484e968c/Rennes-Brest-October-31-2020-Ligue-1,nan
FRA-Ligue 1,2021,Brest,2020-11-08 Brest-Lille,2020-11-08,13:00:00,Matchweek 10,Sun,Home,W,3,2,Lille,1.3,3.0,37,,Jean-Kevin Duverne,4-4-2,4-4-2,Florent Batta,/en/matches/bb44bdba/Brest-Lille-November-8-2020-Ligue-1,nan
FRA-Ligue 1,2021,Brest,2020-11-21 Brest-Saint-Étienne,2020-11-21,17:00:00,Matchweek 11,Sat,Home,W,4,1,Saint-Étienne,0.8,1.3,41,,Jean-Kevin Duverne,4-4-2,4-4-2,Thomas Léonard,/en/matches/43850694/Brest-Saint-Etienne-November-21-2020-Ligue-1,nan
FRA-Ligue 1,2021,Brest,2020-11-29 Metz-Brest,2020-11-29,15:00:00,Matchweek 12,Sun,Away,W,2,0,Metz,1.5,0.9,54,,Jean-Kevin Duverne,4-4-2,4-2-3-1,Hakim Ben El Hadj Salem,/en/matches/57eeea74/Metz-Brest-November-29-2020-Ligue-1,nan
FRA-Ligue 1,2021,Brest,2020-12-06 Bordeaux-Brest,2020-12-06,15:00:00,Matchweek 13,Sun,Away,L,0,1,Bordeaux,0.3,2.1,42,,Jean-Kevin Duverne,4-4-2,4-4-2,Franck Schneider,/en/matches/5d40786d/Bordeaux-Brest-December-6-2020-Ligue-1,nan
FRA-Ligue 1,2021,Brest,2020-12-13 Brest-Reims,2020-12-13,15:00:00,Matchweek 14,Sun,Home,W,2,1,Reims,3.0,0.6,51,,Jean-Kevin Duverne,4-4-2,4-4-2,Aurélien Petit,/en/matches/8757c51f/Brest-Reims-December-13-2020-Ligue-1,nan
FRA-Ligue 1,2021,Brest,2020-12-16 Lyon-Brest,2020-12-16,21:00:00,Matchweek 15,Wed,Away,D,2,2,Lyon,1.7,3.8,44,,Jean-Kevin Duverne,4-2-3-1,4-3-3,Jérôme Brisard,/en/matches/b1b2b42a/Lyon-Brest-December-16-2020-Ligue-1,nan
FRA-Ligue 1,2021,Brest,2020-12-20 Brest-Montpellier,2020-12-20,13:00:00,Matchweek 16,Sun,Home,D,2,2,Montpellier,1.6,0.8,55,,Haris Belkebla,4-4-2,5-3-2,Benoît Millot,/en/matches/354064d8/Brest-Montpellier-December-20-2020-Ligue-1,nan
FRA-Ligue 1,2021,Brest,2020-12-23 Lens-Brest,2020-12-23,19:00:00,Matchweek 17,Wed,Away,L,1,2,Lens,1.3,2.1,53,,Jean-Kevin Duverne,4-4-2,3-4-3,Bastien Dechepy,/en/matches/377dba57/Lens-Brest-December-23-2020-Ligue-1,nan
FRA-Ligue 1,2021,Brest,2021-01-06 Brest-Nice,2021-01-06,19:00:00,Matchweek 18,Wed,Home,W,2,0,Nice,1.2,1.5,39,,Haris Belkebla,4-4-2,3-1-4-2,Jeremy Stinat,/en/matches/87a4ca5c/Brest-Nice-January-6-2021-Ligue-1,nan
FRA-Ligue 1,2021,Brest,2021-01-09 Paris S-G-Brest,2021-01-09,21:00:00,Matchweek 19,Sat,Away,L,0,3,Paris S-G,0.7,2.9,39,,Jean-Kevin Duverne,4-4-2,4-3-3,Hakim Ben El Hadj Salem,/en/matches/5123800a/Paris-Saint-Germain-Brest-January-9-2021-Ligue-1,nan
FRA-Ligue 1,2021,Brest,2021-01-17 Brest-Rennes,2021-01-17,13:00:00,Matchweek 20,Sun,Home,L,1,2,Rennes,2.2,1.6,43,,Haris Belkebla,4-4-2,4-4-1-1,Ruddy Buquet,/en/matches/e3319eb7/Brest-Rennes-January-17-2021-Ligue-1,nan
FRA-Ligue 1,2021,Brest,2021-01-24 Reims-Brest,2021-01-24,15:00:00,Matchweek 21,Sun,Away,L,0,1,Reims,1.3,1.1,64,,Haris Belkebla,4-4-2,4-1-4-1,Johan Hamel,/en/matches/54bc4f15/Reims-Brest-January-24-2021-Ligue-1,nan
FRA-Ligue 1,2021,Brest,2021-01-31 Brest-Metz,2021-01-31,15:00:00,Matchweek 22,Sun,Home,L,2,4,Metz,1.3,1.6,62,,Jean-Kevin Duverne,4-4-2,3-4-1-2,Benoît Millot,/en/matches/dedabe17/Brest-Metz-January-31-2021-Ligue-1,nan
FRA-Ligue 1,2021,Brest,2021-02-03 Strasbourg-Brest,2021-02-03,19:00:00,Matchweek 23,Wed,Away,D,2,2,Strasbourg,0.9,0.4,59,,Haris Belkebla,4-1-4-1,4-2-3-1,Florent Batta,/en/matches/ce4a0c8e/Strasbourg-Brest-February-3-2021-Ligue-1,nan
FRA-Ligue 1,2021,Brest,2021-02-07 Brest-Bordeaux,2021-02-07,13:00:00,Matchweek 24,Sun,Home,W,2,1,Bordeaux,1.9,0.8,47,,Haris Belkebla,4-3-3,3-4-3,Eric Wattellier,/en/matches/5e006b28/Brest-Bordeaux-February-7-2021-Ligue-1,nan
FRA-Ligue 1,2021,Brest,2021-02-14 Lille-Brest,2021-02-14,17:00:00,Matchweek 25,Sun,Away,D,0,0,Lille,0.1,0.8,32,,Haris Belkebla,4-4-1-1,4-4-2,Bastien Dechepy,/en/matches/6be3223a/Lille-Brest-February-14-2021-Ligue-1,nan
FRA-Ligue 1,2021,Brest,2021-02-19 Brest-Lyon,2021-02-19,21:00:00,Matchweek 26,Fri,Home,L,2,3,Lyon,1.5,3.2,51,,Haris Belkebla,4-4-2,4-2-3-1,Franck Schneider,/en/matches/c5b56eba/Brest-Lyon-February-19-2021-Ligue-1,nan
FRA-Ligue 1,2021,Brest,2021-02-28 Monaco-Brest,2021-02-28,13:00:00,Matchweek 27,Sun,Away,L,0,2,Monaco,0.6,2.2,37,,Haris Belkebla,4-4-1-1,3-4-3,Jérémie Pignard,/en/matches/b66eb412/Monaco-Brest-February-28-2021-Ligue-1,nan
FRA-Ligue 1,2021,Brest,2021-03-03 Brest-Dijon,2021-03-03,19:00:00,Matchweek 28,Wed,Home,W,3,1,Dijon,1.5,1.0,49,,Paul Lasne,4-4-2,4-2-3-1,Jeremy Stinat,/en/matches/a5a70664/Brest-Dijon-March-3-2021-Ligue-1,nan
FRA-Ligue 1,2021,Brest,2021-03-13 Marseille-Brest,2021-03-13,17:00:00,Matchweek 29,Sat,Away,L,1,3,Marseille,0.4,1.7,59,,Paul Lasne,4-4-2,3-1-4-2,Jérôme Miguelgorry,/en/matches/92b7f46b/Marseille-Brest-March-13-2021-Ligue-1,nan
FRA-Ligue 1,2021,Brest,2021-03-21 Brest-Angers,2021-03-21,15:00:00,Matchweek 30,Sun,Home,D,0,0,Angers,0.6,0.8,52,,Haris Belkebla,4-4-2,4-4-1-1,Aurélien Petit,/en/matches/b060d34a/Brest-Angers-March-21-2021-Ligue-1,nan
FRA-Ligue 1,2021,Brest,2021-04-04 Lorient-Brest,2021-04-04,15:00:00,Matchweek 31,Sun,Away,L,0,1,Lorient,0.7,1.5,54,,Haris Belkebla,3-4-3,3-4-3,Bastien Dechepy,/en/matches/c3e07f26/Lorient-Brest-April-4-2021-Ligue-1,nan
FRA-Ligue 1,2021,Brest,2021-04-11 Brest-Nîmes,2021-04-11,15:00:00,Matchweek 32,Sun,Home,D,1,1,Nîmes,2.8,0.9,63,,Brendan Chardonnet,4-4-2,4-1-4-1,Willy Delajod,/en/matches/f07ab6e3/Brest-Nimes-April-11-2021-Ligue-1,nan
FRA-Ligue 1,2021,Brest,2021-04-18 Brest-Lens,2021-04-18,15:00:00,Matchweek 33,Sun,Home,D,1,1,Lens,0.4,1.3,46,,Brendan Chardonnet,4-4-2,3-4-1-2,Karim Abed,/en/matches/0e79fe5c/Brest-Lens-April-18-2021-Ligue-1,nan
FRA-Ligue 1,2021,Brest,2021-04-24 Saint-Étienne-Brest,2021-04-24,13:00:00,Matchweek 34,Sat,Away,W,2,1,Saint-Étienne,1.9,0.9,56,,Haris Belkebla,4-4-2,4-3-3,Florent Batta,/en/matches/17488489/Saint-Etienne-Brest-April-24-2021-Ligue-1,nan
FRA-Ligue 1,2021,Brest,2021-05-02 Brest-Nantes,2021-05-02,15:00:00,Matchweek 35,Sun,Home,L,1,4,Nantes,1.9,2.4,59,,Haris Belkebla,4-4-2,4-2-3-1,Mikael Lesage,/en/matches/8f7e3219/Brest-Nantes-May-2-2021-Ligue-1,nan
FRA-Ligue 1,2021,Brest,2021-05-09 Nice-Brest,2021-05-09,15:00:00,Matchweek 36,Sun,Away,L,2,3,Nice,0.9,2.9,37,,Haris Belkebla,4-4-2,4-1-4-1,Thomas Léonard,/en/matches/4938a1bf/Nice-Brest-May-9-2021-Ligue-1,nan
FRA-Ligue 1,2021,Brest,2021-05-16 Montpellier-Brest,2021-05-16,21:00:00,Matchweek 37,Sun,Away,D,0,0,Montpellier,1.5,0.6,59,,Haris Belkebla,4-4-2,4-3-3,Aurélien Petit,/en/matches/07c26200/Montpellier-Brest-May-16-2021-Ligue-1,nan
FRA-Ligue 1,2021,Brest,2021-05-23 Brest-Paris S-G,2021-05-23,21:00:00,Matchweek 38,Sun,Home,L,0,2,Paris S-G,1.4,2.4,37,,Haris Belkebla,4-4-2,4-3-3,Mikael Lesage,/en/matches/e0259056/Brest-Paris-Saint-Germain-May-23-2021-Ligue-1,nan
FRA-Ligue 1,2021,Dijon,2020-08-22 Dijon-Angers,2020-08-22,17:00:00,Matchweek 1,Sat,Home,L,0,1,Angers,0.9,1.5,54,,Bruno Ecuele Manga,4-3-3,4-1-4-1,Eric Wattellier,/en/matches/9cbccb37/Dijon-Angers-August-22-2020-Ligue-1,nan
FRA-Ligue 1,2021,Dijon,2020-08-28 Lyon-Dijon,2020-08-28,21:00:00,Matchweek 2,Fri,Away,L,1,4,Lyon,0.2,4.6,37,,Bruno Ecuele Manga,4-2-3-1,3-4-1-2,Benoît Millot,/en/matches/7512406f/Lyon-Dijon-August-28-2020-Ligue-1,nan
FRA-Ligue 1,2021,Dijon,2020-09-13 Dijon-Brest,2020-09-13,15:00:00,Matchweek 3,Sun,Home,L,0,2,Brest,0.3,1.9,50,,Bruno Ecuele Manga,4-3-3,4-2-3-1,Bastien Dechepy,/en/matches/d10137c1/Dijon-Brest-September-13-2020-Ligue-1,nan
FRA-Ligue 1,2021,Dijon,2020-09-20 Strasbourg-Dijon,2020-09-20,15:00:00,Matchweek 4,Sun,Away,L,0,1,Strasbourg,0.6,2.7,42,,Bruno Ecuele Manga,4-3-3,4-1-2-1-2,Florent Batta,/en/matches/5e509d7e/Strasbourg-Dijon-September-20-2020-Ligue-1,nan
FRA-Ligue 1,2021,Dijon,2020-09-27 Dijon-Montpellier,2020-09-27,15:00:00,Matchweek 5,Sun,Home,D,2,2,Montpellier,1.3,2.4,39,,Bruno Ecuele Manga,4-2-3-1,3-4-1-2,Aurélien Petit,/en/matches/d8bc5e5b/Dijon-Montpellier-September-27-2020-Ligue-1,nan
FRA-Ligue 1,2021,Dijon,2020-10-04 Bordeaux-Dijon,2020-10-04,15:00:00,Matchweek 6,Sun,Away,L,0,3,Bordeaux,0.3,1.6,50,,Bruno Ecuele Manga,4-3-3,4-2-3-1,Antony Gautier,/en/matches/01b4fa54/Bordeaux-Dijon-October-4-2020-Ligue-1,nan
FRA-Ligue 1,2021,Dijon,2020-10-16 Dijon-Rennes,2020-10-16,19:00:00,Matchweek 7,Fri,Home,D,1,1,Rennes,1.1,0.9,40,,Bruno Ecuele Manga,4-2-3-1,4-3-3,Bastien Dechepy,/en/matches/40fc3205/Dijon-Rennes-October-16-2020-Ligue-1,nan
FRA-Ligue 1,2021,Dijon,2020-10-24 Paris S-G-Dijon,2020-10-24,21:00:00,Matchweek 8,Sat,Away,L,0,4,Paris S-G,1.6,3.8,45,,Bruno Ecuele Manga,4-3-3,4-3-3,Johan Hamel,/en/matches/685d28aa/Paris-Saint-Germain-Dijon-October-24-2020-Ligue-1,nan
FRA-Ligue 1,2021,Dijon,2020-11-01 Dijon-Lorient,2020-11-01,15:00:00,Matchweek 9,Sun,Home,D,0,0,Lorient,0.4,1.2,54,,Bruno Ecuele Manga,4-2-3-1,4-4-2,Aurélien Petit,/en/matches/6a968321/Dijon-Lorient-November-1-2020-Ligue-1,nan
FRA-Ligue 1,2021,Dijon,2020-11-08 Metz-Dijon,2020-11-08,15:00:00,Matchweek 10,Sun,Away,D,1,1,Metz,2.0,2.2,55,,Bruno Ecuele Manga,4-2-3-1,4-2-3-1,Willy Delajod,/en/matches/3262d1d8/Metz-Dijon-November-8-2020-Ligue-1,nan
FRA-Ligue 1,2021,Dijon,2020-11-22 Dijon-Lens,2020-11-22,15:00:00,Matchweek 11,Sun,Home,L,0,1,Lens,0.9,1.5,53,,Bruno Ecuele Manga,4-2-3-1,3-4-3,Eric Wattellier,/en/matches/42b0839c/Dijon-Lens-November-22-2020-Ligue-1,nan
FRA-Ligue 1,2021,Dijon,2020-11-29 Nice-Dijon,2020-11-29,17:00:00,Matchweek 12,Sun,Away,W,3,1,Nice,0.9,3.1,39,,Bruno Ecuele Manga,4-2-3-1,4-3-3,François Letexier,/en/matches/01d18727/Nice-Dijon-November-29-2020-Ligue-1,nan
FRA-Ligue 1,2021,Dijon,2020-12-06 Dijon-Saint-Étienne,2020-12-06,15:00:00,Matchweek 13,Sun,Home,D,0,0,Saint-Étienne,0.5,0.7,41,,Bruno Ecuele Manga,4-2-3-1,4-4-2,Ruddy Buquet,/en/matches/de81078b/Dijon-Saint-Etienne-December-6-2020-Ligue-1,nan
FRA-Ligue 1,2021,Dijon,2020-12-13 Nantes-Dijon,2020-12-13,15:00:00,Matchweek 14,Sun,Away,D,1,1,Nantes,1.2,2.8,62,,Bruno Ecuele Manga,4-2-3-1,4-3-3,Antony Gautier,/en/matches/fdd2cb11/Nantes-Dijon-December-13-2020-Ligue-1,nan
FRA-Ligue 1,2021,Dijon,2020-12-16 Dijon-Lille,2020-12-16,19:00:00,Matchweek 15,Wed,Home,L,0,2,Lille,0.2,0.8,47,,Bruno Ecuele Manga,4-2-3-1,4-4-1-1,Hakim Ben El Hadj Salem,/en/matches/1be4c827/Dijon-Lille-December-16-2020-Ligue-1,nan
FRA-Ligue 1,2021,Dijon,2020-12-20 Dijon-Monaco,2020-12-20,15:00:00,Matchweek 16,Sun,Home,L,0,1,Monaco,1.3,0.8,52,,Bruno Ecuele Manga,4-2-3-1,4-4-2,Jeremy Stinat,/en/matches/627d98ea/Dijon-Monaco-December-20-2020-Ligue-1,nan
FRA-Ligue 1,2021,Dijon,2020-12-23 Nîmes-Dijon,2020-12-23,19:00:00,Matchweek 17,Wed,Away,W,3,1,Nîmes,1.8,1.0,54,,Bruno Ecuele Manga,4-2-3-1,4-2-3-1,Jérémie Pignard,/en/matches/d2b80896/Nimes-Dijon-December-23-2020-Ligue-1,nan
FRA-Ligue 1,2021,Dijon,2021-01-06 Reims-Dijon,2021-01-06,21:00:00,Matchweek 18,Wed,Away,D,0,0,Reims,0.3,0.7,43,,Bruno Ecuele Manga,4-2-3-1,4-1-4-1,Amaury Delerue,/en/matches/170fb6b5/Reims-Dijon-January-6-2021-Ligue-1,nan
FRA-Ligue 1,2021,Dijon,2021-01-09 Dijon-Marseille,2021-01-09,21:00:00,Matchweek 19,Sat,Home,D,0,0,Marseille,0.4,1.5,42,,Bruno Ecuele Manga,4-4-1-1,4-3-3,Jérôme Miguelgorry,/en/matches/dfba70b7/Dijon-Marseille-January-9-2021-Ligue-1,nan
FRA-Ligue 1,2021,Dijon,2021-01-24 Dijon-Strasbourg,2021-01-24,15:00:00,Matchweek 21,Sun,Home,D,1,1,Strasbourg,0.7,2.4,50,,Bruno Ecuele Manga,4-2-3-1,4-2-3-1,Jérôme Brisard,/en/matches/a7af930d/Dijon-Strasbourg-January-24-2021-Ligue-1,nan
FRA-Ligue 1,2021,Dijon,2021-01-27 Lorient-Dijon,2021-01-27,21:00:00,Matchweek 20,Wed,Away,L,2,3,Lorient,1.3,1.2,54,,Bruno Ecuele Manga,4-4-2,4-3-3,Bastien Dechepy,/en/matches/5c367828/Lorient-Dijon-January-27-2021-Ligue-1,nan
FRA-Ligue 1,2021,Dijon,2021-01-31 Lille-Dijon,2021-01-31,17:00:00,Matchweek 22,Sun,Away,L,0,1,Lille,0.4,1.7,41,,Bruno Ecuele Manga,4-2-3-1,4-4-2,Jérémie Pignard,/en/matches/46396f0f/Lille-Dijon-January-31-2021-Ligue-1,nan
FRA-Ligue 1,2021,Dijon,2021-02-03 Dijon-Lyon,2021-02-03,21:00:00,Matchweek 23,Wed,Home,L,0,1,Lyon,1.2,2.5,37,,Bruno Ecuele Manga,4-3-3,4-3-3,Johan Hamel,/en/matches/bf694a73/Dijon-Lyon-February-3-2021-Ligue-1,nan
FRA-Ligue 1,2021,Dijon,2021-02-07 Montpellier-Dijon,2021-02-07,15:00:00,Matchweek 24,Sun,Away,L,2,4,Montpellier,1.5,4.9,41,,Bruno Ecuele Manga,4-2-3-1,4-1-4-1,Franck Schneider,/en/matches/0fdbe73d/Montpellier-Dijon-February-7-2021-Ligue-1,nan
FRA-Ligue 1,2021,Dijon,2021-02-14 Dijon-Nîmes,2021-02-14,15:00:00,Matchweek 25,Sun,Home,L,0,2,Nîmes,0.8,1.7,50,,Bruno Ecuele Manga,4-2-3-1,4-1-4-1,Aurélien Petit,/en/matches/8382916d/Dijon-Nimes-February-14-2021-Ligue-1,nan
FRA-Ligue 1,2021,Dijon,2021-02-21 Lens-Dijon,2021-02-21,15:00:00,Matchweek 26,Sun,Away,L,1,2,Lens,1.0,1.0,46,,Bruno Ecuele Manga,5-3-2,3-4-1-2,Benoît Bastien,/en/matches/a8149604/Lens-Dijon-February-21-2021-Ligue-1,nan
FRA-Ligue 1,2021,Dijon,2021-02-27 Dijon-Paris S-G,2021-02-27,17:00:00,Matchweek 27,Sat,Home,L,0,4,Paris S-G,0.2,1.9,40,,Bruno Ecuele Manga,5-3-2,4-2-3-1,Mikael Lesage,/en/matches/968f9128/Dijon-Paris-Saint-Germain-February-27-2021-Ligue-1,nan
FRA-Ligue 1,2021,Dijon,2021-03-03 Brest-Dijon,2021-03-03,19:00:00,Matchweek 28,Wed,Away,L,1,3,Brest,1.0,1.5,51,,Bruno Ecuele Manga,4-2-3-1,4-4-2,Jeremy Stinat,/en/matches/a5a70664/Brest-Dijon-March-3-2021-Ligue-1,nan
FRA-Ligue 1,2021,Dijon,2021-03-14 Dijon-Bordeaux,2021-03-14,15:00:00,Matchweek 29,Sun,Home,L,1,3,Bordeaux,1.1,1.2,46,,Bruno Ecuele Manga,4-2-3-1,4-4-2,Thomas Léonard,/en/matches/867d40f4/Dijon-Bordeaux-March-14-2021-Ligue-1,nan
FRA-Ligue 1,2021,Dijon,2021-03-21 Dijon-Reims,2021-03-21,15:00:00,Matchweek 30,Sun,Home,L,0,1,Reims,0.9,1.1,53,,Bruno Ecuele Manga,5-3-2,4-1-4-1,Benoît Bastien,/en/matches/212008ae/Dijon-Reims-March-21-2021-Ligue-1,nan
FRA-Ligue 1,2021,Dijon,2021-04-04 Marseille-Dijon,2021-04-04,21:00:00,Matchweek 31,Sun,Away,L,0,2,Marseille,0.1,1.3,37,,Bruno Ecuele Manga,3-4-1-2,3-4-3,Ruddy Buquet,/en/matches/0e8e6b49/Marseille-Dijon-April-4-2021-Ligue-1,nan
FRA-Ligue 1,2021,Dijon,2021-04-11 Monaco-Dijon,2021-04-11,17:05:00,Matchweek 32,Sun,Away,L,0,3,Monaco,0.6,3.8,36,,Bruno Ecuele Manga,3-4-1-2,4-2-3-1,Aurélien Petit,/en/matches/24d1a5c7/Monaco-Dijon-April-11-2021-Ligue-1,nan
FRA-Ligue 1,2021,Dijon,2021-04-18 Dijon-Nice,2021-04-18,15:00:00,Matchweek 33,Sun,Home,W,2,0,Nice,1.6,0.7,43,,Bruno Ecuele Manga,5-3-2,4-3-3,Johan Hamel,/en/matches/47537610/Dijon-Nice-April-18-2021-Ligue-1,nan
FRA-Ligue 1,2021,Dijon,2021-04-25 Rennes-Dijon,2021-04-25,15:00:00,Matchweek 34,Sun,Away,L,1,5,Rennes,1.2,3.0,26,,Bruno Ecuele Manga,5-3-2,4-3-3,Jeremy Stinat,/en/matches/89bb1f81/Rennes-Dijon-April-25-2021-Ligue-1,nan
FRA-Ligue 1,2021,Dijon,2021-05-02 Dijon-Metz,2021-05-02,15:00:00,Matchweek 35,Sun,Home,L,1,5,Metz,1.1,1.5,45,,Bruno Ecuele Manga,5-3-2,4-3-3,Franck Schneider,/en/matches/1a56a046/Dijon-Metz-May-2-2021-Ligue-1,nan
FRA-Ligue 1,2021,Dijon,2021-05-09 Angers-Dijon,2021-05-09,15:00:00,Matchweek 36,Sun,Away,L,0,3,Angers,0.3,1.9,56,,Bruno Ecuele Manga,4-2-3-1,4-2-3-1,Jérôme Brisard,/en/matches/69721055/Angers-Dijon-May-9-2021-Ligue-1,nan
FRA-Ligue 1,2021,Dijon,2021-05-16 Dijon-Nantes,2021-05-16,21:00:00,Matchweek 37,Sun,Home,L,0,4,Nantes,1.1,1.9,71,,Bruno Ecuele Manga,5-3-2,4-4-2,Karim Abed,/en/matches/5b0be36c/Dijon-Nantes-May-16-2021-Ligue-1,nan
FRA-Ligue 1,2021,Dijon,2021-05-23 Saint-Étienne-Dijon,2021-05-23,21:00:00,Matchweek 38,Sun,Away,W,1,0,Saint-Étienne,1.3,1.3,35,,Bruno Ecuele Manga,4-4-2,4-4-2,Antony Gautier,/en/matches/c40614b1/Saint-Etienne-Dijon-May-23-2021-Ligue-1,nan
FRA-Ligue 1,2021,Lens,2020-08-23 Nice-Lens,2020-08-23,17:00:00,Matchweek 1,Sun,Away,L,1,2,Nice,3.1,0.2,43,,Yannick Cahuzac,3-4-1-2,4-3-3,Jérôme Miguelgorry,/en/matches/b08ae3b2/Nice-Lens-August-23-2020-Ligue-1,nan
FRA-Ligue 1,2021,Lens,2020-09-10 Lens-Paris S-G,2020-09-10,21:00:00,Matchweek 2,Thu,Home,W,1,0,Paris S-G,1.5,0.4,22,,Jean-Louis Leca,3-4-1-2,4-3-3,Hakim Ben El Hadj Salem,/en/matches/796787da/Lens-Paris-Saint-Germain-September-10-2020-Ligue-1,nan
FRA-Ligue 1,2021,Lens,2020-09-13 Lorient-Lens,2020-09-13,15:00:00,Matchweek 3,Sun,Away,W,3,2,Lorient,2.0,1.0,53,,Yannick Cahuzac,3-4-1-2,4-3-3,Aurélien Petit,/en/matches/5bf9af16/Lorient-Lens-September-13-2020-Ligue-1,nan
FRA-Ligue 1,2021,Lens,2020-09-19 Lens-Bordeaux,2020-09-19,17:00:00,Matchweek 4,Sat,Home,W,2,1,Bordeaux,3.1,0.4,59,,Yannick Cahuzac,3-4-1-2,4-2-3-1,Benoît Millot,/en/matches/87a237ad/Lens-Bordeaux-September-19-2020-Ligue-1,nan
FRA-Ligue 1,2021,Lens,2020-09-27 Nîmes-Lens,2020-09-27,15:00:00,Matchweek 5,Sun,Away,D,1,1,Nîmes,1.3,0.5,49,,Yannick Cahuzac,3-4-3,4-3-3,Franck Schneider,/en/matches/e4a4657c/Nimes-Lens-September-27-2020-Ligue-1,nan
FRA-Ligue 1,2021,Lens,2020-10-03 Lens-Saint-Étienne,2020-10-03,17:00:00,Matchweek 6,Sat,Home,W,2,0,Saint-Étienne,2.1,0.1,66,,Yannick Cahuzac,3-4-1-2,4-1-4-1,Bastien Dechepy,/en/matches/d2f273bc/Lens-Saint-Etienne-October-3-2020-Ligue-1,nan
FRA-Ligue 1,2021,Lens,2020-10-18 Lille-Lens,2020-10-18,21:00:00,Matchweek 7,Sun,Away,L,0,4,Lille,0.4,2.5,43,,Yannick Cahuzac,3-4-1-2,4-4-2,François Letexier,/en/matches/ec51cba1/Lille-Lens-October-18-2020-Ligue-1,nan
FRA-Ligue 1,2021,Lens,2020-11-08 Lens-Reims,2020-11-08,15:00:00,Matchweek 10,Sun,Home,D,4,4,Reims,1.6,1.0,62,,Jean-Louis Leca,3-4-1-2,4-4-2,Thomas Léonard,/en/matches/e2283e68/Lens-Reims-November-8-2020-Ligue-1,nan
FRA-Ligue 1,2021,Lens,2020-11-22 Dijon-Lens,2020-11-22,15:00:00,Matchweek 11,Sun,Away,W,1,0,Dijon,1.5,0.9,47,,Yannick Cahuzac,3-4-3,4-2-3-1,Eric Wattellier,/en/matches/42b0839c/Dijon-Lens-November-22-2020-Ligue-1,nan
FRA-Ligue 1,2021,Lens,2020-11-25 Lens-Nantes,2020-11-25,19:00:00,Matchweek 8,Wed,Home,D,1,1,Nantes,0.9,2.1,49,,Yannick Cahuzac,3-4-1-2,4-4-2,Florent Batta,/en/matches/fa32e765/Lens-Nantes-November-25-2020-Ligue-1,nan
FRA-Ligue 1,2021,Lens,2020-11-29 Lens-Angers,2020-11-29,15:00:00,Matchweek 12,Sun,Home,L,1,3,Angers,1.4,2.3,64,,Jean-Louis Leca,3-4-1-2,4-2-3-1,Aurélien Petit,/en/matches/034e6d97/Lens-Angers-November-29-2020-Ligue-1,nan
FRA-Ligue 1,2021,Lens,2020-12-05 Rennes-Lens,2020-12-05,17:00:00,Matchweek 13,Sat,Away,W,2,0,Rennes,1.1,0.5,40,,Yannick Cahuzac,3-4-1-2,4-1-4-1,Johan Hamel,/en/matches/69560d5c/Rennes-Lens-December-5-2020-Ligue-1,nan
FRA-Ligue 1,2021,Lens,2020-12-12 Lens-Montpellier,2020-12-12,21:00:00,Matchweek 14,Sat,Home,L,2,3,Montpellier,1.7,1.1,59,,Yannick Cahuzac,3-4-1-2,4-3-3,Jeremy Stinat,/en/matches/85b566d3/Lens-Montpellier-December-12-2020-Ligue-1,nan
FRA-Ligue 1,2021,Lens,2020-12-16 Monaco-Lens,2020-12-16,21:00:00,Matchweek 15,Wed,Away,W,3,0,Monaco,1.3,0.8,68,,Jean-Louis Leca,3-4-1-2,4-4-2,Willy Delajod,/en/matches/46790907/Monaco-Lens-December-16-2020-Ligue-1,nan
FRA-Ligue 1,2021,Lens,2020-12-19 Metz-Lens,2020-12-19,17:00:00,Matchweek 16,Sat,Away,L,0,2,Metz,1.2,1.0,61,,Yannick Cahuzac,3-4-1-2,3-4-1-2,Amaury Delerue,/en/matches/26ba121c/Metz-Lens-December-19-2020-Ligue-1,nan
FRA-Ligue 1,2021,Lens,2020-12-23 Lens-Brest,2020-12-23,19:00:00,Matchweek 17,Wed,Home,W,2,1,Brest,2.1,1.3,47,,Yannick Cahuzac,3-4-3,4-4-2,Bastien Dechepy,/en/matches/377dba57/Lens-Brest-December-23-2020-Ligue-1,nan
FRA-Ligue 1,2021,Lens,2021-01-06 Lyon-Lens,2021-01-06,21:00:00,Matchweek 18,Wed,Away,L,2,3,Lyon,0.9,1.9,49,,Jean-Louis Leca,3-4-1-2,4-3-3,Eric Wattellier,/en/matches/4dd5ba55/Lyon-Lens-January-6-2021-Ligue-1,nan
FRA-Ligue 1,2021,Lens,2021-01-09 Lens-Strasbourg,2021-01-09,21:00:00,Matchweek 19,Sat,Home,L,0,1,Strasbourg,0.6,1.3,65,,Yannick Cahuzac,3-4-1-2,4-2-3-1,Clément Turpin,/en/matches/ab3944d1/Lens-Strasbourg-January-9-2021-Ligue-1,nan
FRA-Ligue 1,2021,Lens,2021-01-17 Nantes-Lens,2021-01-17,15:00:00,Matchweek 20,Sun,Away,D,1,1,Nantes,1.3,1.3,59,,Yannick Cahuzac,3-4-1-2,4-4-2,Franck Schneider,/en/matches/f44eea60/Nantes-Lens-January-17-2021-Ligue-1,nan
FRA-Ligue 1,2021,Lens,2021-01-20 Marseille-Lens,2021-01-20,21:00:00,Matchweek 9,Wed,Away,W,1,0,Marseille,1.5,0.1,53,,Jean-Louis Leca,3-4-1-2,4-2-3-1,Jérémie Pignard,/en/matches/9f341fc9/Marseille-Lens-January-20-2021-Ligue-1,nan
FRA-Ligue 1,2021,Lens,2021-01-23 Lens-Nice,2021-01-23,17:00:00,Matchweek 21,Sat,Home,L,0,1,Nice,1.3,0.6,55,,Yannick Cahuzac,3-4-1-2,3-1-4-2,Hakim Ben El Hadj Salem,/en/matches/f3f0a09c/Lens-Nice-January-23-2021-Ligue-1,nan
FRA-Ligue 1,2021,Lens,2021-01-30 Montpellier-Lens,2021-01-30,17:00:00,Matchweek 22,Sat,Away,W,2,1,Montpellier,0.7,1.4,44,,Jean-Louis Leca,3-4-1-2,5-3-2,Amaury Delerue,/en/matches/93d96e5c/Montpellier-Lens-January-30-2021-Ligue-1,nan
FRA-Ligue 1,2021,Lens,2021-02-03 Lens-Marseille,2021-02-03,21:00:00,Matchweek 23,Wed,Home,D,2,2,Marseille,1.3,1.5,60,,Jean-Louis Leca,3-4-1-2,4-4-2,Willy Delajod,/en/matches/0042c990/Lens-Marseille-February-3-2021-Ligue-1,nan
FRA-Ligue 1,2021,Lens,2021-02-06 Lens-Rennes,2021-02-06,21:00:00,Matchweek 24,Sat,Home,D,0,0,Rennes,0.8,0.8,53,,Yannick Cahuzac,3-4-1-2,3-5-2,Jeremy Stinat,/en/matches/1a65ddc8/Lens-Rennes-February-6-2021-Ligue-1,nan
FRA-Ligue 1,2021,Lens,2021-02-13 Reims-Lens,2021-02-13,19:00:00,Matchweek 25,Sat,Away,D,1,1,Reims,2.9,0.7,63,,Jean-Louis Leca,3-4-1-2,4-1-4-1,Eric Wattellier,/en/matches/26bbc16f/Reims-Lens-February-13-2021-Ligue-1,nan
FRA-Ligue 1,2021,Lens,2021-02-21 Lens-Dijon,2021-02-21,15:00:00,Matchweek 26,Sun,Home,W,2,1,Dijon,1.0,1.0,54,,Jean-Louis Leca,3-4-1-2,5-3-2,Benoît Bastien,/en/matches/a8149604/Lens-Dijon-February-21-2021-Ligue-1,nan
FRA-Ligue 1,2021,Lens,2021-02-28 Angers-Lens,2021-02-28,15:00:00,Matchweek 27,Sun,Away,D,2,2,Angers,1.3,1.6,60,,Jean-Louis Leca,3-4-1-2,4-2-3-1,Bastien Dechepy,/en/matches/f1956473/Angers-Lens-February-28-2021-Ligue-1,nan
FRA-Ligue 1,2021,Lens,2021-03-03 Saint-Étienne-Lens,2021-03-03,19:00:00,Matchweek 28,Wed,Away,W,3,2,Saint-Étienne,1.9,2.2,35,,Yannick Cahuzac,3-4-1-2,4-1-4-1,Amaury Delerue,/en/matches/9bb6cda9/Saint-Etienne-Lens-March-3-2021-Ligue-1,nan
FRA-Ligue 1,2021,Lens,2021-03-14 Lens-Metz,2021-03-14,15:00:00,Matchweek 29,Sun,Home,D,2,2,Metz,2.2,1.5,53,,Yannick Cahuzac,3-1-4-2,3-1-4-2,Florent Batta,/en/matches/131423e4/Lens-Metz-March-14-2021-Ligue-1,nan
FRA-Ligue 1,2021,Lens,2021-03-21 Strasbourg-Lens,2021-03-21,13:00:00,Matchweek 30,Sun,Away,W,2,1,Strasbourg,1.8,2.2,40,,Yannick Cahuzac,3-4-1-2,3-5-1-1,Jeremy Stinat,/en/matches/c22925df/Strasbourg-Lens-March-21-2021-Ligue-1,nan
FRA-Ligue 1,2021,Lens,2021-04-03 Lens-Lyon,2021-04-03,21:00:00,Matchweek 31,Sat,Home,D,1,1,Lyon,0.7,2.1,40,,Yannick Cahuzac,3-1-4-2,4-3-3,Benoît Millot,/en/matches/52a508da/Lens-Lyon-April-3-2021-Ligue-1,nan
FRA-Ligue 1,2021,Lens,2021-04-11 Lens-Lorient,2021-04-11,15:00:00,Matchweek 32,Sun,Home,W,4,1,Lorient,3.3,2.0,38,,Yannick Cahuzac,3-4-1-2,3-4-1-2,Eric Wattellier,/en/matches/8bd928a1/Lens-Lorient-April-11-2021-Ligue-1,nan
FRA-Ligue 1,2021,Lens,2021-04-18 Brest-Lens,2021-04-18,15:00:00,Matchweek 33,Sun,Away,D,1,1,Brest,1.3,0.4,54,,Yannick Cahuzac,3-4-1-2,4-4-2,Karim Abed,/en/matches/0e79fe5c/Brest-Lens-April-18-2021-Ligue-1,nan
FRA-Ligue 1,2021,Lens,2021-04-25 Lens-Nîmes,2021-04-25,15:00:00,Matchweek 34,Sun,Home,W,2,1,Nîmes,0.6,1.6,44,,Yannick Cahuzac,3-5-2,4-1-4-1,Aurélien Petit,/en/matches/986bbf2c/Lens-Nimes-April-25-2021-Ligue-1,nan
FRA-Ligue 1,2021,Lens,2021-05-01 Paris S-G-Lens,2021-05-01,17:00:00,Matchweek 35,Sat,Away,L,1,2,Paris S-G,1.6,1.4,41,,Yannick Cahuzac,5-3-2,4-2-3-1,Jérôme Brisard,/en/matches/315d82a9/Paris-Saint-Germain-Lens-May-1-2021-Ligue-1,nan
FRA-Ligue 1,2021,Lens,2021-05-07 Lens-Lille,2021-05-07,21:00:00,Matchweek 36,Fri,Home,L,0,3,Lille,1.5,1.3,49,,Yannick Cahuzac,5-3-2,4-4-2,Clément Turpin,/en/matches/d1eeec68/Lens-Lille-May-7-2021-Ligue-1,nan
FRA-Ligue 1,2021,Lens,2021-05-16 Bordeaux-Lens,2021-05-16,21:00:00,Matchweek 37,Sun,Away,L,0,3,Bordeaux,1.3,2.5,66,,Jean-Louis Leca,5-3-2,5-3-2,Eric Wattellier,/en/matches/a4d53306/Bordeaux-Lens-May-16-2021-Ligue-1,nan
FRA-Ligue 1,2021,Lens,2021-05-23 Lens-Monaco,2021-05-23,21:00:00,Matchweek 38,Sun,Home,D,0,0,Monaco,0.2,1.5,35,,Yannick Cahuzac,5-3-2,3-4-3,Jérémie Pignard,/en/matches/d8330dc2/Lens-Monaco-May-23-2021-Ligue-1,nan
FRA-Ligue 1,2021,Lille,2020-08-22 Lille-Rennes,2020-08-22,21:00:00,Matchweek 1,Sat,Home,D,1,1,Rennes,0.4,1.6,52,3975.0,José Fonte,4-2-2-2,4-3-3,Clément Turpin,/en/matches/50ec2fcc/Lille-Rennes-August-22-2020-Ligue-1,nan
FRA-Ligue 1,2021,Lille,2020-08-30 Reims-Lille,2020-08-30,13:00:00,Matchweek 2,Sun,Away,W,1,0,Reims,1.2,0.3,50,,José Fonte,4-4-2,4-1-4-1,Stéphanie Frappart,/en/matches/c25931b4/Reims-Lille-August-30-2020-Ligue-1,nan
FRA-Ligue 1,2021,Lille,2020-09-13 Lille-Metz,2020-09-13,13:00:00,Matchweek 3,Sun,Home,W,1,0,Metz,1.5,0.8,61,,José Fonte,4-4-2,5-4-1,Jérémie Pignard,/en/matches/99507b5a/Lille-Metz-September-13-2020-Ligue-1,nan
FRA-Ligue 1,2021,Lille,2020-09-20 Marseille-Lille,2020-09-20,21:00:00,Matchweek 4,Sun,Away,D,1,1,Marseille,1.5,0.7,44,,José Fonte,4-4-2,4-2-3-1,Hakim Ben El Hadj Salem,/en/matches/f0f694dd/Marseille-Lille-September-20-2020-Ligue-1,nan
FRA-Ligue 1,2021,Lille,2020-09-25 Lille-Nantes,2020-09-25,21:00:00,Matchweek 5,Fri,Home,W,2,0,Nantes,1.8,0.8,54,,José Fonte,4-4-2,4-4-2,Willy Delajod,/en/matches/896d1952/Lille-Nantes-September-25-2020-Ligue-1,nan
FRA-Ligue 1,2021,Lille,2020-10-04 Strasbourg-Lille,2020-10-04,15:00:00,Matchweek 6,Sun,Away,W,3,0,Strasbourg,1.8,1.6,53,,José Fonte,4-4-1-1,4-4-2,Mikael Lesage,/en/matches/e42b3f6a/Strasbourg-Lille-October-4-2020-Ligue-1,nan
FRA-Ligue 1,2021,Lille,2020-10-18 Lille-Lens,2020-10-18,21:00:00,Matchweek 7,Sun,Home,W,4,0,Lens,2.5,0.4,57,,José Fonte,4-4-2,3-4-1-2,François Letexier,/en/matches/ec51cba1/Lille-Lens-October-18-2020-Ligue-1,nan
FRA-Ligue 1,2021,Lille,2020-10-25 Nice-Lille,2020-10-25,17:00:00,Matchweek 8,Sun,Away,D,1,1,Nice,0.6,1.2,47,,José Fonte,4-4-2,5-3-2,Franck Schneider,/en/matches/fe7339cb/Nice-Lille-October-25-2020-Ligue-1,nan
FRA-Ligue 1,2021,Lille,2020-11-01 Lille-Lyon,2020-11-01,21:00:00,Matchweek 9,Sun,Home,D,1,1,Lyon,0.6,0.6,60,,José Fonte,4-4-2,4-3-3,Mikael Lesage,/en/matches/10d8666c/Lille-Lyon-November-1-2020-Ligue-1,nan
FRA-Ligue 1,2021,Lille,2020-11-08 Brest-Lille,2020-11-08,13:00:00,Matchweek 10,Sun,Away,L,2,3,Brest,3.0,1.3,63,,José Fonte,4-4-2,4-4-2,Florent Batta,/en/matches/bb44bdba/Brest-Lille-November-8-2020-Ligue-1,nan
FRA-Ligue 1,2021,Lille,2020-11-22 Lille-Lorient,2020-11-22,21:00:00,Matchweek 11,Sun,Home,W,4,0,Lorient,3.6,0.9,64,,Benjamin André,4-4-2,4-4-1-1,Willy Delajod,/en/matches/89a4df99/Lille-Lorient-November-22-2020-Ligue-1,nan
FRA-Ligue 1,2021,Lille,2020-11-29 Saint-Étienne-Lille,2020-11-29,21:00:00,Matchweek 12,Sun,Away,D,1,1,Saint-Étienne,0.5,1.0,62,,José Fonte,4-4-2,4-4-2,Benoît Bastien,/en/matches/03d07003/Saint-Etienne-Lille-November-29-2020-Ligue-1,nan
FRA-Ligue 1,2021,Lille,2020-12-06 Lille-Monaco,2020-12-06,13:00:00,Matchweek 13,Sun,Home,W,2,1,Monaco,1.3,0.9,42,,José Fonte,4-4-2,4-4-2,Jérôme Brisard,/en/matches/5c353be0/Lille-Monaco-December-6-2020-Ligue-1,nan
FRA-Ligue 1,2021,Lille,2020-12-13 Lille-Bordeaux,2020-12-13,17:00:00,Matchweek 14,Sun,Home,W,2,1,Bordeaux,1.1,0.7,56,,José Fonte,4-4-2,4-4-2,Eric Wattellier,/en/matches/94846b32/Lille-Bordeaux-December-13-2020-Ligue-1,nan
FRA-Ligue 1,2021,Lille,2020-12-16 Dijon-Lille,2020-12-16,19:00:00,Matchweek 15,Wed,Away,W,2,0,Dijon,0.8,0.2,53,,José Fonte,4-4-1-1,4-2-3-1,Hakim Ben El Hadj Salem,/en/matches/1be4c827/Dijon-Lille-December-16-2020-Ligue-1,nan
FRA-Ligue 1,2021,Lille,2020-12-20 Lille-Paris S-G,2020-12-20,21:00:00,Matchweek 16,Sun,Home,D,0,0,Paris S-G,0.5,0.7,31,,José Fonte,4-4-1-1,3-4-3,François Letexier,/en/matches/77f35879/Lille-Paris-Saint-Germain-December-20-2020-Ligue-1,nan
FRA-Ligue 1,2021,Lille,2020-12-23 Montpellier-Lille,2020-12-23,21:00:00,Matchweek 17,Wed,Away,W,3,2,Montpellier,1.8,1.5,53,,José Fonte,4-4-2,4-2-2-2,Clément Turpin,/en/matches/18198e56/Montpellier-Lille-December-23-2020-Ligue-1,nan
FRA-Ligue 1,2021,Lille,2021-01-06 Lille-Angers,2021-01-06,21:00:00,Matchweek 18,Wed,Home,L,1,2,Angers,0.4,0.6,65,,José Fonte,4-4-2,4-2-3-1,Thomas Léonard,/en/matches/3045cf73/Lille-Angers-January-6-2021-Ligue-1,nan
FRA-Ligue 1,2021,Lille,2021-01-09 Nîmes-Lille,2021-01-09,21:00:00,Matchweek 19,Sat,Away,W,1,0,Nîmes,0.9,0.4,52,,José Fonte,3-4-3,4-2-3-1,Jérôme Brisard,/en/matches/292bb1da/Nimes-Lille-January-9-2021-Ligue-1,nan
FRA-Ligue 1,2021,Lille,2021-01-17 Lille-Reims,2021-01-17,17:00:00,Matchweek 20,Sun,Home,W,2,1,Reims,1.6,0.3,61,,José Fonte,4-4-2,4-1-4-1,Benoît Millot,/en/matches/19eb6375/Lille-Reims-January-17-2021-Ligue-1,nan
FRA-Ligue 1,2021,Lille,2021-01-24 Rennes-Lille,2021-01-24,17:00:00,Matchweek 21,Sun,Away,W,1,0,Rennes,0.5,0.7,33,,José Fonte,4-4-2,4-4-1-1,Eric Wattellier,/en/matches/16b98c65/Rennes-Lille-January-24-2021-Ligue-1,nan
FRA-Ligue 1,2021,Lille,2021-01-31 Lille-Dijon,2021-01-31,17:00:00,Matchweek 22,Sun,Home,W,1,0,Dijon,1.7,0.4,59,,José Fonte,4-4-2,4-2-3-1,Jérémie Pignard,/en/matches/46396f0f/Lille-Dijon-January-31-2021-Ligue-1,nan
FRA-Ligue 1,2021,Lille,2021-02-03 Bordeaux-Lille,2021-02-03,19:00:00,Matchweek 23,Wed,Away,W,3,0,Bordeaux,1.7,1.1,46,,José Fonte,4-4-2,4-2-3-1,Mikael Lesage,/en/matches/cbaa8ed9/Bordeaux-Lille-February-3-2021-Ligue-1,nan
FRA-Ligue 1,2021,Lille,2021-02-07 Nantes-Lille,2021-02-07,17:00:00,Matchweek 24,Sun,Away,W,2,0,Nantes,1.5,0.7,56,,José Fonte,4-4-2,4-1-4-1,Stéphanie Frappart,/en/matches/45c836f2/Nantes-Lille-February-7-2021-Ligue-1,nan
FRA-Ligue 1,2021,Lille,2021-02-14 Lille-Brest,2021-02-14,17:00:00,Matchweek 25,Sun,Home,D,0,0,Brest,0.8,0.1,68,,José Fonte,4-4-2,4-4-1-1,Bastien Dechepy,/en/matches/6be3223a/Lille-Brest-February-14-2021-Ligue-1,nan
FRA-Ligue 1,2021,Lille,2021-02-21 Lorient-Lille,2021-02-21,17:00:00,Matchweek 26,Sun,Away,W,4,1,Lorient,1.0,0.3,56,,José Fonte,4-4-2,4-1-4-1,Johan Hamel,/en/matches/e085fcab/Lorient-Lille-February-21-2021-Ligue-1,nan
FRA-Ligue 1,2021,Lille,2021-02-28 Lille-Strasbourg,2021-02-28,17:00:00,Matchweek 27,Sun,Home,D,1,1,Strasbourg,1.1,0.9,68,,José Fonte,4-4-2,4-4-2,Jérôme Brisard,/en/matches/89db6c90/Lille-Strasbourg-February-28-2021-Ligue-1,nan
FRA-Ligue 1,2021,Lille,2021-03-03 Lille-Marseille,2021-03-03,21:00:00,Matchweek 28,Wed,Home,W,2,0,Marseille,2.7,0.1,60,,José Fonte,4-4-2,4-3-3,Clément Turpin,/en/matches/734bdddc/Lille-Marseille-March-3-2021-Ligue-1,nan
FRA-Ligue 1,2021,Lille,2021-03-14 Monaco-Lille,2021-03-14,17:05:00,Matchweek 29,Sun,Away,D,0,0,Monaco,0.2,0.6,37,,José Fonte,4-2-3-1,3-4-3,Stéphanie Frappart,/en/matches/ae299f0e/Monaco-Lille-March-14-2021-Ligue-1,nan
FRA-Ligue 1,2021,Lille,2021-03-21 Lille-Nîmes,2021-03-21,17:05:00,Matchweek 30,Sun,Home,L,1,2,Nîmes,1.0,0.9,72,,José Fonte,4-4-2,4-1-4-1,Franck Schneider,/en/matches/4af73870/Lille-Nimes-March-21-2021-Ligue-1,nan
FRA-Ligue 1,2021,Lille,2021-04-03 Paris S-G-Lille,2021-04-03,17:00:00,Matchweek 31,Sat,Away,W,1,0,Paris S-G,0.5,1.1,35,,José Fonte,4-4-2,4-2-3-1,Benoît Bastien,/en/matches/cfa66277/Paris-Saint-Germain-Lille-April-3-2021-Ligue-1,nan
FRA-Ligue 1,2021,Lille,2021-04-09 Metz-Lille,2021-04-09,21:00:00,Matchweek 32,Fri,Away,W,2,0,Metz,0.6,2.1,50,,José Fonte,4-4-2,3-4-3,Clément Turpin,/en/matches/be261d66/Metz-Lille-April-9-2021-Ligue-1,nan
FRA-Ligue 1,2021,Lille,2021-04-16 Lille-Montpellier,2021-04-16,21:00:00,Matchweek 33,Fri,Home,D,1,1,Montpellier,1.3,0.9,63,,José Fonte,4-4-2,4-3-3,Benoît Millot,/en/matches/283e5426/Lille-Montpellier-April-16-2021-Ligue-1,nan
FRA-Ligue 1,2021,Lille,2021-04-25 Lyon-Lille,2021-04-25,21:00:00,Matchweek 34,Sun,Away,W,3,2,Lyon,1.9,1.0,54,,José Fonte,4-4-2,4-2-3-1,François Letexier,/en/matches/b312c935/Lyon-Lille-April-25-2021-Ligue-1,nan
FRA-Ligue 1,2021,Lille,2021-05-01 Lille-Nice,2021-05-01,21:00:00,Matchweek 35,Sat,Home,W,2,0,Nice,0.8,0.0,55,,José Fonte,4-4-2,4-1-4-1,Amaury Delerue,/en/matches/6a9a2087/Lille-Nice-May-1-2021-Ligue-1,nan
FRA-Ligue 1,2021,Lille,2021-05-07 Lens-Lille,2021-05-07,21:00:00,Matchweek 36,Fri,Away,W,3,0,Lens,1.3,1.5,51,,José Fonte,4-4-2,5-3-2,Clément Turpin,/en/matches/d1eeec68/Lens-Lille-May-7-2021-Ligue-1,nan
FRA-Ligue 1,2021,Lille,2021-05-16 Lille-Saint-Étienne,2021-05-16,21:00:00,Matchweek 37,Sun,Home,D,0,0,Saint-Étienne,1.0,0.4,59,,José Fonte,4-4-2,4-4-2,Jérôme Brisard,/en/matches/ccd8f1fe/Lille-Saint-Etienne-May-16-2021-Ligue-1,nan
FRA-Ligue 1,2021,Lille,2021-05-23 Angers-Lille,2021-05-23,21:00:00,Matchweek 38,Sun,Away,W,2,1,Angers,1.6,0.6,43,,Benjamin André,4-4-2,4-2-3-1,Benoît Bastien,/en/matches/4aa8aaab/Angers-Lille-May-23-2021-Ligue-1,nan
FRA-Ligue 1,2021,Lorient,2020-08-23 Lorient-Strasbourg,2020-08-23,15:00:00,Matchweek 1,Sun,Home,W,3,1,Strasbourg,2.9,0.3,50,,Fabien Lemoine,4-2-3-1,4-2-3-1,Johan Hamel,/en/matches/f96cd5a0/Lorient-Strasbourg-August-23-2020-Ligue-1,nan
FRA-Ligue 1,2021,Lorient,2020-08-30 Saint-Étienne-Lorient,2020-08-30,15:00:00,Matchweek 2,Sun,Away,L,0,2,Saint-Étienne,0.3,1.4,48,,Fabien Lemoine,4-3-3,4-2-3-1,Florent Batta,/en/matches/9b7fa4e1/Saint-Etienne-Lorient-August-30-2020-Ligue-1,nan
FRA-Ligue 1,2021,Lorient,2020-09-13 Lorient-Lens,2020-09-13,15:00:00,Matchweek 3,Sun,Home,L,2,3,Lens,1.0,2.0,47,,Fabien Lemoine,4-3-3,3-4-1-2,Aurélien Petit,/en/matches/5bf9af16/Lorient-Lens-September-13-2020-Ligue-1,nan
FRA-Ligue 1,2021,Lorient,2020-09-20 Brest-Lorient,2020-09-20,15:00:00,Matchweek 4,Sun,Away,L,2,3,Brest,1.7,1.1,43,,Fabien Lemoine,4-2-3-1,4-2-3-1,Karim Abed,/en/matches/addca7be/Brest-Lorient-September-20-2020-Ligue-1,nan
FRA-Ligue 1,2021,Lorient,2020-09-27 Lorient-Lyon,2020-09-27,17:00:00,Matchweek 5,Sun,Home,D,1,1,Lyon,0.2,1.0,31,,Fabien Lemoine,5-4-1,3-4-1-2,Clément Turpin,/en/matches/961244d7/Lorient-Lyon-September-27-2020-Ligue-1,nan
FRA-Ligue 1,2021,Lorient,2020-10-04 Metz-Lorient,2020-10-04,15:00:00,Matchweek 6,Sun,Away,L,1,3,Metz,0.7,1.6,42,,Fabien Lemoine,5-4-1,4-2-3-1,Jérôme Miguelgorry,/en/matches/c14d22d4/Metz-Lorient-October-4-2020-Ligue-1,nan
FRA-Ligue 1,2021,Lorient,2020-10-17 Reims-Lorient,2020-10-17,17:00:00,Matchweek 7,Sat,Away,W,3,1,Reims,2.7,0.3,53,,Jérémy Morel,4-4-2,4-2-3-1,Mikael Lesage,/en/matches/db1bb52f/Reims-Lorient-October-17-2020-Ligue-1,nan
FRA-Ligue 1,2021,Lorient,2020-10-24 Lorient-Marseille,2020-10-24,17:00:00,Matchweek 8,Sat,Home,L,0,1,Marseille,0.8,1.2,36,,Jérémy Morel,4-4-2,4-3-1-2,Benoît Bastien,/en/matches/647d6f74/Lorient-Marseille-October-24-2020-Ligue-1,nan
FRA-Ligue 1,2021,Lorient,2020-11-01 Dijon-Lorient,2020-11-01,15:00:00,Matchweek 9,Sun,Away,D,0,0,Dijon,1.2,0.4,46,,Jérémy Morel,4-4-2,4-2-3-1,Aurélien Petit,/en/matches/6a968321/Dijon-Lorient-November-1-2020-Ligue-1,nan
FRA-Ligue 1,2021,Lorient,2020-11-08 Lorient-Nantes,2020-11-08,15:00:00,Matchweek 10,Sun,Home,L,0,2,Nantes,1.8,1.2,48,,Jérémy Morel,4-4-2,4-2-3-1,Stéphanie Frappart,/en/matches/c878186f/Lorient-Nantes-November-8-2020-Ligue-1,nan
FRA-Ligue 1,2021,Lorient,2020-11-22 Lille-Lorient,2020-11-22,21:00:00,Matchweek 11,Sun,Away,L,0,4,Lille,0.9,3.6,36,,Jérémy Morel,4-4-1-1,4-4-2,Willy Delajod,/en/matches/89a4df99/Lille-Lorient-November-22-2020-Ligue-1,nan
FRA-Ligue 1,2021,Lorient,2020-11-29 Lorient-Montpellier,2020-11-29,15:00:00,Matchweek 12,Sun,Home,L,0,1,Montpellier,0.5,1.6,42,,Laurent Abergel,4-2-3-1,4-1-4-1,Bastien Dechepy,/en/matches/5ede6719/Lorient-Montpellier-November-29-2020-Ligue-1,nan
FRA-Ligue 1,2021,Lorient,2020-12-06 Angers-Lorient,2020-12-06,15:00:00,Matchweek 13,Sun,Away,L,0,2,Angers,0.6,2.0,52,,Fabien Lemoine,4-3-3,4-2-3-1,Thomas Léonard,/en/matches/2053773e/Angers-Lorient-December-6-2020-Ligue-1,nan
FRA-Ligue 1,2021,Lorient,2020-12-13 Lorient-Nîmes,2020-12-13,15:00:00,Matchweek 14,Sun,Home,W,3,0,Nîmes,2.7,0.5,44,,Fabien Lemoine,4-3-3,3-4-3,Karim Abed,/en/matches/22ecd8a2/Lorient-Nimes-December-13-2020-Ligue-1,nan
FRA-Ligue 1,2021,Lorient,2020-12-16 Paris S-G-Lorient,2020-12-16,21:00:00,Matchweek 15,Wed,Away,L,0,2,Paris S-G,1.4,2.7,26,,Laurent Abergel,3-5-2,3-5-2,Johan Hamel,/en/matches/60fcfb5f/Paris-Saint-Germain-Lorient-December-16-2020-Ligue-1,nan
FRA-Ligue 1,2021,Lorient,2020-12-20 Lorient-Rennes,2020-12-20,17:00:00,Matchweek 16,Sun,Home,L,0,3,Rennes,0.8,0.9,43,,Fabien Lemoine,4-2-3-1,4-1-4-1,Eric Wattellier,/en/matches/63148fae/Lorient-Rennes-December-20-2020-Ligue-1,nan
FRA-Ligue 1,2021,Lorient,2020-12-23 Nice-Lorient,2020-12-23,19:00:00,Matchweek 17,Wed,Away,D,2,2,Nice,2.6,0.6,57,,Fabien Lemoine,4-1-4-1,3-4-3,Aurélien Petit,/en/matches/e8fea7ca/Nice-Lorient-December-23-2020-Ligue-1,nan
FRA-Ligue 1,2021,Lorient,2021-01-06 Lorient-Monaco,2021-01-06,19:00:00,Matchweek 18,Wed,Home,L,2,5,Monaco,1.0,2.6,41,,Laurent Abergel,4-2-3-1,4-4-2,Franck Schneider,/en/matches/fb3cebfb/Lorient-Monaco-January-6-2021-Ligue-1,nan
FRA-Ligue 1,2021,Lorient,2021-01-09 Bordeaux-Lorient,2021-01-09,21:00:00,Matchweek 19,Sat,Away,L,1,2,Bordeaux,1.2,1.3,51,,Fabien Lemoine,4-3-3,4-2-3-1,Willy Delajod,/en/matches/7adc2a05/Bordeaux-Lorient-January-9-2021-Ligue-1,nan
FRA-Ligue 1,2021,Lorient,2021-01-27 Lorient-Dijon,2021-01-27,21:00:00,Matchweek 20,Wed,Home,W,3,2,Dijon,1.2,1.3,46,,Fabien Lemoine,4-3-3,4-4-2,Bastien Dechepy,/en/matches/5c367828/Lorient-Dijon-January-27-2021-Ligue-1,nan
FRA-Ligue 1,2021,Lorient,2021-01-31 Lorient-Paris S-G,2021-01-31,15:00:00,Matchweek 22,Sun,Home,W,3,2,Paris S-G,1.8,2.6,35,,Laurent Abergel,5-4-1,4-4-2,Jeremy Stinat,/en/matches/0439be7e/Lorient-Paris-Saint-Germain-January-31-2021-Ligue-1,nan
FRA-Ligue 1,2021,Lorient,2021-02-03 Rennes-Lorient,2021-02-03,19:00:00,Matchweek 23,Wed,Away,D,1,1,Rennes,0.8,1.0,41,,Fabien Lemoine,5-4-1,4-4-1-1,Hakim Ben El Hadj Salem,/en/matches/5834a902/Rennes-Lorient-February-3-2021-Ligue-1,nan
FRA-Ligue 1,2021,Lorient,2021-02-06 Lorient-Reims,2021-02-06,17:00:00,Matchweek 24,Sat,Home,W,1,0,Reims,1.0,0.9,40,,Laurent Abergel,5-4-1,4-1-4-1,Thomas Léonard,/en/matches/efa9508b/Lorient-Reims-February-6-2021-Ligue-1,nan
FRA-Ligue 1,2021,Lorient,2021-02-14 Monaco-Lorient,2021-02-14,13:00:00,Matchweek 25,Sun,Away,D,2,2,Monaco,1.3,2.2,30,,Laurent Abergel,5-4-1,4-4-2,Benoît Millot,/en/matches/6c45a288/Monaco-Lorient-February-14-2021-Ligue-1,nan
FRA-Ligue 1,2021,Lorient,2021-02-21 Lorient-Lille,2021-02-21,17:00:00,Matchweek 26,Sun,Home,L,1,4,Lille,0.3,1.0,44,,Fabien Lemoine,4-1-4-1,4-4-2,Johan Hamel,/en/matches/e085fcab/Lorient-Lille-February-21-2021-Ligue-1,nan
FRA-Ligue 1,2021,Lorient,2021-02-24 Nîmes-Lorient,2021-02-24,19:00:00,Matchweek 21,Wed,Away,L,0,1,Nîmes,0.5,1.0,51,,Laurent Abergel,4-3-3,4-1-4-1,Jérôme Miguelgorry,/en/matches/dda09113/Nimes-Lorient-February-24-2021-Ligue-1,nan
FRA-Ligue 1,2021,Lorient,2021-02-28 Lorient-Saint-Étienne,2021-02-28,15:00:00,Matchweek 27,Sun,Home,W,2,1,Saint-Étienne,1.0,1.1,56,,Laurent Abergel,5-4-1,4-1-4-1,Stéphanie Frappart,/en/matches/b2f8a734/Lorient-Saint-Etienne-February-28-2021-Ligue-1,nan
FRA-Ligue 1,2021,Lorient,2021-03-03 Montpellier-Lorient,2021-03-03,21:00:00,Matchweek 28,Wed,Away,D,1,1,Montpellier,2.0,0.8,46,,Fabien Lemoine,5-4-1,4-1-4-1,Benoît Bastien,/en/matches/eac797f8/Montpellier-Lorient-March-3-2021-Ligue-1,nan
FRA-Ligue 1,2021,Lorient,2021-03-14 Lorient-Nice,2021-03-14,15:00:00,Matchweek 29,Sun,Home,D,1,1,Nice,2.2,0.5,49,,Laurent Abergel,3-5-2,4-2-3-1,Ruddy Buquet,/en/matches/73e8e19e/Lorient-Nice-March-14-2021-Ligue-1,nan
FRA-Ligue 1,2021,Lorient,2021-03-21 Nantes-Lorient,2021-03-21,15:00:00,Matchweek 30,Sun,Away,D,1,1,Nantes,0.9,1.3,63,,Fabien Lemoine,3-4-3,5-3-2,Antony Gautier,/en/matches/3b1c6bf8/Nantes-Lorient-March-21-2021-Ligue-1,nan
FRA-Ligue 1,2021,Lorient,2021-04-04 Lorient-Brest,2021-04-04,15:00:00,Matchweek 31,Sun,Home,W,1,0,Brest,1.5,0.7,46,,Fabien Lemoine,3-4-3,3-4-3,Bastien Dechepy,/en/matches/c3e07f26/Lorient-Brest-April-4-2021-Ligue-1,nan
FRA-Ligue 1,2021,Lorient,2021-04-11 Lens-Lorient,2021-04-11,15:00:00,Matchweek 32,Sun,Away,L,1,4,Lens,2.0,3.3,62,,Fabien Lemoine,3-4-1-2,3-4-1-2,Eric Wattellier,/en/matches/8bd928a1/Lens-Lorient-April-11-2021-Ligue-1,nan
FRA-Ligue 1,2021,Lorient,2021-04-17 Marseille-Lorient,2021-04-17,17:00:00,Matchweek 33,Sat,Away,L,2,3,Marseille,1.4,2.2,27,,Fabien Lemoine,5-4-1,5-3-2,Hakim Ben El Hadj Salem,/en/matches/fd8c8405/Marseille-Lorient-April-17-2021-Ligue-1,nan
FRA-Ligue 1,2021,Lorient,2021-04-25 Lorient-Bordeaux,2021-04-25,15:00:00,Matchweek 34,Sun,Home,W,4,1,Bordeaux,1.9,0.9,43,,Fabien Lemoine,5-4-1,4-1-4-1,Jérémie Pignard,/en/matches/e20ecbc9/Lorient-Bordeaux-April-25-2021-Ligue-1,nan
FRA-Ligue 1,2021,Lorient,2021-05-02 Lorient-Angers,2021-05-02,15:00:00,Matchweek 35,Sun,Home,W,2,0,Angers,1.7,0.8,50,,Fabien Lemoine,5-3-2,5-3-2,Willy Delajod,/en/matches/4960b9d0/Lorient-Angers-May-2-2021-Ligue-1,nan
FRA-Ligue 1,2021,Lorient,2021-05-08 Lyon-Lorient,2021-05-08,17:00:00,Matchweek 36,Sat,Away,L,1,4,Lyon,0.6,4.3,41,,Fabien Lemoine,5-3-2,4-3-3,Mikael Lesage,/en/matches/564cd242/Lyon-Lorient-May-8-2021-Ligue-1,nan
FRA-Ligue 1,2021,Lorient,2021-05-16 Lorient-Metz,2021-05-16,21:00:00,Matchweek 37,Sun,Home,W,2,1,Metz,1.4,0.1,38,,Fabien Lemoine,3-5-2,5-3-2,Florent Batta,/en/matches/7d8a4586/Lorient-Metz-May-16-2021-Ligue-1,nan
FRA-Ligue 1,2021,Lorient,2021-05-23 Strasbourg-Lorient,2021-05-23,21:00:00,Matchweek 38,Sun,Away,D,1,1,Strasbourg,0.4,0.3,49,,Fabien Lemoine,5-3-2,5-3-2,Stéphanie Frappart,/en/matches/9e789fd5/Strasbourg-Lorient-May-23-2021-Ligue-1,nan
FRA-Ligue 1,2021,Lyon,2020-08-28 Lyon-Dijon,2020-08-28,21:00:00,Matchweek 2,Fri,Home,W,4,1,Dijon,4.6,0.2,63,,Memphis,3-4-1-2,4-2-3-1,Benoît Millot,/en/matches/7512406f/Lyon-Dijon-August-28-2020-Ligue-1,nan
FRA-Ligue 1,2021,Lyon,2020-09-11 Bordeaux-Lyon,2020-09-11,21:00:00,Matchweek 3,Fri,Away,D,0,0,Bordeaux,2.0,0.3,54,,Memphis,3-4-3,4-2-3-1,Ruddy Buquet,/en/matches/c39f66b9/Bordeaux-Lyon-September-11-2020-Ligue-1,nan
FRA-Ligue 1,2021,Lyon,2020-09-15 Montpellier-Lyon,2020-09-15,21:00:00,Matchweek 1,Tue,Away,L,1,2,Montpellier,2.3,1.8,56,,Houssem Aouar,3-4-1-2,3-5-2,François Letexier,/en/matches/5581d486/Montpellier-Lyon-September-15-2020-Ligue-1,nan
FRA-Ligue 1,2021,Lyon,2020-09-18 Lyon-Nîmes,2020-09-18,21:00:00,Matchweek 4,Fri,Home,D,0,0,Nîmes,1.4,0.7,73,4385.0,Memphis,4-4-2,4-3-3,Amaury Delerue,/en/matches/01b7d3d4/Lyon-Nimes-September-18-2020-Ligue-1,nan
FRA-Ligue 1,2021,Lyon,2020-09-27 Lorient-Lyon,2020-09-27,17:00:00,Matchweek 5,Sun,Away,D,1,1,Lorient,1.0,0.2,69,,Marcelo,3-4-1-2,5-4-1,Clément Turpin,/en/matches/961244d7/Lorient-Lyon-September-27-2020-Ligue-1,nan
FRA-Ligue 1,2021,Lyon,2020-10-04 Lyon-Marseille,2020-10-04,21:00:00,Matchweek 6,Sun,Home,D,1,1,Marseille,3.2,0.3,68,,Leo Dubois,4-2-3-1,4-1-4-1,Stéphanie Frappart,/en/matches/bdf0a01e/Choc-des-Olympiques-Lyon-Marseille-October-4-2020-Ligue-1,nan
FRA-Ligue 1,2021,Lyon,2020-10-18 Strasbourg-Lyon,2020-10-18,13:00:00,Matchweek 7,Sun,Away,W,3,2,Strasbourg,3.9,2.1,47,,Memphis,4-3-3,4-1-4-1,Ruddy Buquet,/en/matches/fbfe5e73/Strasbourg-Lyon-October-18-2020-Ligue-1,nan
FRA-Ligue 1,2021,Lyon,2020-10-25 Lyon-Monaco,2020-10-25,21:00:00,Matchweek 8,Sun,Home,W,4,1,Monaco,3.3,2.0,35,,Memphis,4-4-1-1,4-3-3,Jérôme Brisard,/en/matches/4073f54c/Lyon-Monaco-October-25-2020-Ligue-1,nan
FRA-Ligue 1,2021,Lyon,2020-11-01 Lille-Lyon,2020-11-01,21:00:00,Matchweek 9,Sun,Away,D,1,1,Lille,0.6,0.6,40,,Memphis,4-3-3,4-4-2,Mikael Lesage,/en/matches/10d8666c/Lille-Lyon-November-1-2020-Ligue-1,nan
FRA-Ligue 1,2021,Lyon,2020-11-08 Lyon-Saint-Étienne,2020-11-08,21:00:00,Matchweek 10,Sun,Home,W,2,1,Saint-Étienne,2.8,1.9,60,,Memphis,4-3-3,4-4-2,François Letexier,/en/matches/16a2ea79/Lyon-Saint-Etienne-November-8-2020-Ligue-1,nan
FRA-Ligue 1,2021,Lyon,2020-11-22 Angers-Lyon,2020-11-22,17:00:00,Matchweek 11,Sun,Away,W,1,0,Angers,1.0,1.1,50,,Memphis,4-3-3,4-2-3-1,Amaury Delerue,/en/matches/7015e72d/Angers-Lyon-November-22-2020-Ligue-1,nan
FRA-Ligue 1,2021,Lyon,2020-11-29 Lyon-Reims,2020-11-29,13:00:00,Matchweek 12,Sun,Home,W,3,0,Reims,1.7,0.4,64,,Memphis,4-3-3,4-4-2,Jérôme Miguelgorry,/en/matches/4301f4b9/Lyon-Reims-November-29-2020-Ligue-1,nan
FRA-Ligue 1,2021,Lyon,2020-12-06 Metz-Lyon,2020-12-06,21:00:00,Matchweek 13,Sun,Away,W,3,1,Metz,1.6,1.5,54,,Memphis,4-3-3,4-3-3,Karim Abed,/en/matches/39e71d02/Metz-Lyon-December-6-2020-Ligue-1,nan
FRA-Ligue 1,2021,Lyon,2020-12-13 Paris S-G-Lyon,2020-12-13,21:00:00,Matchweek 14,Sun,Away,W,1,0,Paris S-G,0.8,0.4,36,,Memphis,4-3-3,3-5-2,Benoît Bastien,/en/matches/99d657ba/Paris-Saint-Germain-Lyon-December-13-2020-Ligue-1,nan
FRA-Ligue 1,2021,Lyon,2020-12-16 Lyon-Brest,2020-12-16,21:00:00,Matchweek 15,Wed,Home,D,2,2,Brest,3.8,1.7,56,,Marcelo,4-3-3,4-2-3-1,Jérôme Brisard,/en/matches/b1b2b42a/Lyon-Brest-December-16-2020-Ligue-1,nan
FRA-Ligue 1,2021,Lyon,2020-12-19 Nice-Lyon,2020-12-19,21:00:00,Matchweek 16,Sat,Away,W,4,1,Nice,3.3,0.9,45,,Memphis,4-3-3,3-4-3,Antony Gautier,/en/matches/03613921/Nice-Lyon-December-19-2020-Ligue-1,nan
FRA-Ligue 1,2021,Lyon,2020-12-23 Lyon-Nantes,2020-12-23,21:00:00,Matchweek 17,Wed,Home,W,3,0,Nantes,3.6,1.4,64,,Memphis,4-3-3,5-4-1,Ruddy Buquet,/en/matches/9cd0e1eb/Lyon-Nantes-December-23-2020-Ligue-1,nan
FRA-Ligue 1,2021,Lyon,2021-01-06 Lyon-Lens,2021-01-06,21:00:00,Matchweek 18,Wed,Home,W,3,2,Lens,1.9,0.9,51,,Memphis,4-3-3,3-4-1-2,Eric Wattellier,/en/matches/4dd5ba55/Lyon-Lens-January-6-2021-Ligue-1,nan
FRA-Ligue 1,2021,Lyon,2021-01-09 Rennes-Lyon,2021-01-09,21:00:00,Matchweek 19,Sat,Away,D,2,2,Rennes,0.8,1.1,45,,Memphis,4-3-3,4-1-4-1,Mikael Lesage,/en/matches/a17d9c6a/Rennes-Lyon-January-9-2021-Ligue-1,nan
FRA-Ligue 1,2021,Lyon,2021-01-17 Lyon-Metz,2021-01-17,21:00:00,Matchweek 20,Sun,Home,L,0,1,Metz,1.5,1.9,64,,Memphis,4-3-3,3-4-1-2,Stéphanie Frappart,/en/matches/de561d96/Lyon-Metz-January-17-2021-Ligue-1,nan
FRA-Ligue 1,2021,Lyon,2021-01-24 Saint-Étienne-Lyon,2021-01-24,21:00:00,Matchweek 21,Sun,Away,W,5,0,Saint-Étienne,2.1,0.2,60,,Memphis,4-3-3,4-1-2-1-2,Benoît Bastien,/en/matches/f0d4e4fc/Saint-Etienne-Lyon-January-24-2021-Ligue-1,nan
FRA-Ligue 1,2021,Lyon,2021-01-29 Lyon-Bordeaux,2021-01-29,21:00:00,Matchweek 22,Fri,Home,W,2,1,Bordeaux,1.0,1.0,56,,Memphis,4-3-3,4-2-3-1,Clément Turpin,/en/matches/308c218f/Lyon-Bordeaux-January-29-2021-Ligue-1,nan
FRA-Ligue 1,2021,Lyon,2021-02-03 Dijon-Lyon,2021-02-03,21:00:00,Matchweek 23,Wed,Away,W,1,0,Dijon,2.5,1.2,63,,Memphis,4-3-3,4-3-3,Johan Hamel,/en/matches/bf694a73/Dijon-Lyon-February-3-2021-Ligue-1,nan
FRA-Ligue 1,2021,Lyon,2021-02-06 Lyon-Strasbourg,2021-02-06,19:00:00,Matchweek 24,Sat,Home,W,3,0,Strasbourg,1.4,0.3,69,,Memphis,4-3-3,4-2-3-1,Amaury Delerue,/en/matches/189c7e24/Lyon-Strasbourg-February-6-2021-Ligue-1,nan
FRA-Ligue 1,2021,Lyon,2021-02-13 Lyon-Montpellier,2021-02-13,21:00:00,Matchweek 25,Sat,Home,L,1,2,Montpellier,4.4,1.5,55,,Memphis,4-3-3,4-1-4-1,Antony Gautier,/en/matches/385da91b/Lyon-Montpellier-February-13-2021-Ligue-1,nan
FRA-Ligue 1,2021,Lyon,2021-02-19 Brest-Lyon,2021-02-19,21:00:00,Matchweek 26,Fri,Away,W,3,2,Brest,3.2,1.5,49,,Memphis,4-2-3-1,4-4-2,Franck Schneider,/en/matches/c5b56eba/Brest-Lyon-February-19-2021-Ligue-1,nan
FRA-Ligue 1,2021,Lyon,2021-02-28 Marseille-Lyon,2021-02-28,21:00:00,Matchweek 27,Sun,Away,D,1,1,Marseille,0.6,1.5,48,,Memphis,4-3-3,4-2-3-1,Benoît Millot,/en/matches/46581524/Choc-des-Olympiques-Marseille-Lyon-February-28-2021-Ligue-1,nan
FRA-Ligue 1,2021,Lyon,2021-03-03 Lyon-Rennes,2021-03-03,19:00:00,Matchweek 28,Wed,Home,W,1,0,Rennes,2.2,0.6,47,,Memphis,4-3-3,4-3-3,Ruddy Buquet,/en/matches/423f56db/Lyon-Rennes-March-3-2021-Ligue-1,nan
FRA-Ligue 1,2021,Lyon,2021-03-12 Reims-Lyon,2021-03-12,21:00:00,Matchweek 29,Fri,Away,D,1,1,Reims,1.5,0.7,68,,Memphis,4-3-3,4-2-3-1,Jérôme Brisard,/en/matches/6f1ea543/Reims-Lyon-March-12-2021-Ligue-1,nan
FRA-Ligue 1,2021,Lyon,2021-03-21 Lyon-Paris S-G,2021-03-21,21:00:00,Matchweek 30,Sun,Home,L,2,4,Paris S-G,0.8,1.4,43,,Memphis,4-3-3,4-2-3-1,Clément Turpin,/en/matches/bb18a4cc/Lyon-Paris-Saint-Germain-March-21-2021-Ligue-1,nan
FRA-Ligue 1,2021,Lyon,2021-04-03 Lens-Lyon,2021-04-03,21:00:00,Matchweek 31,Sat,Away,D,1,1,Lens,2.1,0.7,60,,Memphis,4-3-3,3-1-4-2,Benoît Millot,/en/matches/52a508da/Lens-Lyon-April-3-2021-Ligue-1,nan
FRA-Ligue 1,2021,Lyon,2021-04-11 Lyon-Angers,2021-04-11,21:00:00,Matchweek 32,Sun,Home,W,3,0,Angers,2.6,1.2,53,,Memphis,4-2-3-1,5-3-2,Mikael Lesage,/en/matches/4d4dc0b9/Lyon-Angers-April-11-2021-Ligue-1,nan
FRA-Ligue 1,2021,Lyon,2021-04-18 Nantes-Lyon,2021-04-18,21:00:00,Matchweek 33,Sun,Away,W,2,1,Nantes,1.7,1.1,51,,Memphis,4-2-3-1,4-2-3-1,Benoît Bastien,/en/matches/a2b60b56/Nantes-Lyon-April-18-2021-Ligue-1,nan
FRA-Ligue 1,2021,Lyon,2021-04-25 Lyon-Lille,2021-04-25,21:00:00,Matchweek 34,Sun,Home,L,2,3,Lille,1.0,1.9,46,,Memphis,4-2-3-1,4-4-2,François Letexier,/en/matches/b312c935/Lyon-Lille-April-25-2021-Ligue-1,nan
FRA-Ligue 1,2021,Lyon,2021-05-02 Monaco-Lyon,2021-05-02,21:00:00,Matchweek 35,Sun,Away,W,3,2,Monaco,1.2,2.1,52,,Memphis,3-4-1-2,4-2-3-1,Clément Turpin,/en/matches/27e1ab19/Monaco-Lyon-May-2-2021-Ligue-1,nan
FRA-Ligue 1,2021,Lyon,2021-05-08 Lyon-Lorient,2021-05-08,17:00:00,Matchweek 36,Sat,Home,W,4,1,Lorient,4.3,0.6,59,,Leo Dubois,4-3-3,5-3-2,Mikael Lesage,/en/matches/564cd242/Lyon-Lorient-May-8-2021-Ligue-1,nan
FRA-Ligue 1,2021,Lyon,2021-05-16 Nîmes-Lyon,2021-05-16,21:00:00,Matchweek 37,Sun,Away,W,5,2,Nîmes,2.4,1.0,57,,Memphis,4-2-3-1,4-2-3-1,Ruddy Buquet,/en/matches/cbcc34d4/Nimes-Lyon-May-16-2021-Ligue-1,nan
FRA-Ligue 1,2021,Lyon,2021-05-23 Lyon-Nice,2021-05-23,21:00:00,Matchweek 38,Sun,Home,L,2,3,Nice,1.4,1.6,55,,Memphis,4-2-3-1,4-1-4-1,Benoît Millot,/en/matches/cb4cd692/Lyon-Nice-May-23-2021-Ligue-1,nan
FRA-Ligue 1,2021,Marseille,2020-08-30 Brest-Marseille,2020-08-30,21:00:00,Matchweek 2,Sun,Away,W,3,2,Brest,1.0,2.6,41,,Steve Mandanda,4-3-3,4-2-3-1,Amaury Delerue,/en/matches/f5d3ffde/Brest-Marseille-August-30-2020-Ligue-1,nan
FRA-Ligue 1,2021,Marseille,2020-09-13 Paris S-G-Marseille,2020-09-13,21:00:00,Matchweek 3,Sun,Away,W,1,0,Paris S-G,0.8,2.4,35,,Steve Mandanda,4-3-3,4-3-3,Jérôme Brisard,/en/matches/84e1075c/Paris-Saint-Germain-Marseille-September-13-2020-Ligue-1,nan
FRA-Ligue 1,2021,Marseille,2020-09-17 Marseille-Saint-Étienne,2020-09-17,21:00:00,Matchweek 1,Thu,Home,L,0,2,Saint-Étienne,2.2,1.3,59,,Steve Mandanda,4-3-3,4-4-2,Ruddy Buquet,/en/matches/bc9039b3/Marseille-Saint-Etienne-September-17-2020-Ligue-1,nan
FRA-Ligue 1,2021,Marseille,2020-09-20 Marseille-Lille,2020-09-20,21:00:00,Matchweek 4,Sun,Home,D,1,1,Lille,0.7,1.5,56,,Steve Mandanda,4-2-3-1,4-4-2,Hakim Ben El Hadj Salem,/en/matches/f0f694dd/Marseille-Lille-September-20-2020-Ligue-1,nan
FRA-Ligue 1,2021,Marseille,2020-09-26 Marseille-Metz,2020-09-26,21:00:00,Matchweek 5,Sat,Home,D,1,1,Metz,0.9,1.1,60,,Steve Mandanda,4-2-3-1,4-4-2,Eric Wattellier,/en/matches/5a5a6c41/Marseille-Metz-September-26-2020-Ligue-1,nan
FRA-Ligue 1,2021,Marseille,2020-10-04 Lyon-Marseille,2020-10-04,21:00:00,Matchweek 6,Sun,Away,D,1,1,Lyon,0.3,3.2,32,,Steve Mandanda,4-1-4-1,4-2-3-1,Stéphanie Frappart,/en/matches/bdf0a01e/Choc-des-Olympiques-Lyon-Marseille-October-4-2020-Ligue-1,nan
FRA-Ligue 1,2021,Marseille,2020-10-17 Marseille-Bordeaux,2020-10-17,21:00:00,Matchweek 7,Sat,Home,W,3,1,Bordeaux,1.0,0.8,56,,Steve Mandanda,4-1-2-1-2◆,4-2-3-1,Franck Schneider,/en/matches/e28d90ff/Marseille-Bordeaux-October-17-2020-Ligue-1,nan
FRA-Ligue 1,2021,Marseille,2020-10-24 Lorient-Marseille,2020-10-24,17:00:00,Matchweek 8,Sat,Away,W,1,0,Lorient,1.2,0.8,64,,Steve Mandanda,4-3-1-2,4-4-2,Benoît Bastien,/en/matches/647d6f74/Lorient-Marseille-October-24-2020-Ligue-1,nan
FRA-Ligue 1,2021,Marseille,2020-11-06 Strasbourg-Marseille,2020-11-06,21:00:00,Matchweek 10,Fri,Away,W,1,0,Strasbourg,0.1,0.4,47,,Steve Mandanda,4-1-2-1-2◆,4-2-3-1,Johan Hamel,/en/matches/8491adfc/Strasbourg-Marseille-November-6-2020-Ligue-1,nan
FRA-Ligue 1,2021,Marseille,2020-11-28 Marseille-Nantes,2020-11-28,17:00:00,Matchweek 12,Sat,Home,W,3,1,Nantes,2.8,0.4,57,,Steve Mandanda,4-2-3-1,4-2-3-1,Mikael Lesage,/en/matches/9ade19b5/Marseille-Nantes-November-28-2020-Ligue-1,nan
FRA-Ligue 1,2021,Marseille,2020-12-04 Nîmes-Marseille,2020-12-04,21:00:00,Matchweek 13,Fri,Away,W,2,0,Nîmes,2.3,0.7,68,,Steve Mandanda,4-1-2-1-2◆,4-4-2,Willy Delajod,/en/matches/a0106768/Nimes-Marseille-December-4-2020-Ligue-1,nan
FRA-Ligue 1,2021,Marseille,2020-12-12 Marseille-Monaco,2020-12-12,17:00:00,Matchweek 14,Sat,Home,W,2,1,Monaco,1.3,1.9,39,,Steve Mandanda,4-1-2-1-2◆,4-4-2,Benoît Millot,/en/matches/c82895c6/Marseille-Monaco-December-12-2020-Ligue-1,nan
FRA-Ligue 1,2021,Marseille,2020-12-16 Rennes-Marseille,2020-12-16,21:00:00,Matchweek 15,Wed,Away,L,1,2,Rennes,1.2,1.2,33,,Steve Mandanda,4-3-1-2,4-1-4-1,Clément Turpin,/en/matches/7757b78e/Rennes-Marseille-December-16-2020-Ligue-1,nan
FRA-Ligue 1,2021,Marseille,2020-12-19 Marseille-Reims,2020-12-19,19:00:00,Matchweek 16,Sat,Home,D,1,1,Reims,1.3,0.3,70,,Steve Mandanda,4-2-3-1,4-5-1,Thomas Léonard,/en/matches/bea6f7ea/Marseille-Reims-December-19-2020-Ligue-1,nan
FRA-Ligue 1,2021,Marseille,2020-12-23 Angers-Marseille,2020-12-23,21:00:00,Matchweek 17,Wed,Away,L,1,2,Angers,1.5,0.6,69,,Dimitri Payet,4-2-3-1,4-2-3-1,Hakim Ben El Hadj Salem,/en/matches/c145b8a8/Angers-Marseille-December-23-2020-Ligue-1,nan
FRA-Ligue 1,2021,Marseille,2021-01-06 Marseille-Montpellier,2021-01-06,21:00:00,Matchweek 18,Wed,Home,W,3,1,Montpellier,2.3,1.2,56,,Steve Mandanda,4-2-3-1,4-1-2-1-2,Stéphanie Frappart,/en/matches/bf3df422/Marseille-Montpellier-January-6-2021-Ligue-1,nan
FRA-Ligue 1,2021,Marseille,2021-01-09 Dijon-Marseille,2021-01-09,21:00:00,Matchweek 19,Sat,Away,D,0,0,Dijon,1.5,0.4,58,,Steve Mandanda,4-3-3,4-4-1-1,Jérôme Miguelgorry,/en/matches/dfba70b7/Dijon-Marseille-January-9-2021-Ligue-1,nan
FRA-Ligue 1,2021,Marseille,2021-01-16 Marseille-Nîmes,2021-01-16,17:00:00,Matchweek 20,Sat,Home,L,1,2,Nîmes,2.0,1.4,63,,Florian Thauvin,4-2-3-1,4-1-4-1,Jeremy Stinat,/en/matches/e22fe1f8/Marseille-Nimes-January-16-2021-Ligue-1,nan
FRA-Ligue 1,2021,Marseille,2021-01-20 Marseille-Lens,2021-01-20,21:00:00,Matchweek 9,Wed,Home,L,0,1,Lens,0.1,1.5,47,,Steve Mandanda,4-2-3-1,3-4-1-2,Jérémie Pignard,/en/matches/9f341fc9/Marseille-Lens-January-20-2021-Ligue-1,nan
FRA-Ligue 1,2021,Marseille,2021-01-23 Monaco-Marseille,2021-01-23,21:00:00,Matchweek 21,Sat,Away,L,1,3,Monaco,0.5,1.2,46,,Steve Mandanda,4-2-3-1,4-4-2,François Letexier,/en/matches/d54f636f/Monaco-Marseille-January-23-2021-Ligue-1,nan
FRA-Ligue 1,2021,Marseille,2021-02-03 Lens-Marseille,2021-02-03,21:00:00,Matchweek 23,Wed,Away,D,2,2,Lens,1.5,1.3,40,,Steve Mandanda,4-4-2,3-4-1-2,Willy Delajod,/en/matches/0042c990/Lens-Marseille-February-3-2021-Ligue-1,nan
FRA-Ligue 1,2021,Marseille,2021-02-07 Marseille-Paris S-G,2021-02-07,21:00:00,Matchweek 24,Sun,Home,L,0,2,Paris S-G,0.6,1.7,53,,Steve Mandanda,4-3-3,4-3-3,Benoît Bastien,/en/matches/c15805b7/Marseille-Paris-Saint-Germain-February-7-2021-Ligue-1,nan
FRA-Ligue 1,2021,Marseille,2021-02-14 Bordeaux-Marseille,2021-02-14,21:00:00,Matchweek 25,Sun,Away,D,0,0,Bordeaux,0.5,1.4,45,,Steve Mandanda,4-3-3,4-3-3,Jérôme Brisard,/en/matches/8f90873e/Bordeaux-Marseille-February-14-2021-Ligue-1,nan
FRA-Ligue 1,2021,Marseille,2021-02-17 Marseille-Nice,2021-02-17,21:00:00,Matchweek 11,Wed,Home,W,3,2,Nice,0.7,1.3,45,,Steve Mandanda,4-2-3-1,4-1-4-1,Mikael Lesage,/en/matches/1380e4f4/Marseille-Nice-February-17-2021-Ligue-1,nan
FRA-Ligue 1,2021,Marseille,2021-02-20 Nantes-Marseille,2021-02-20,17:00:00,Matchweek 26,Sat,Away,D,1,1,Nantes,0.7,1.0,65,,Steve Mandanda,4-2-3-1,4-4-2,Amaury Delerue,/en/matches/06e21793/Nantes-Marseille-February-20-2021-Ligue-1,nan
FRA-Ligue 1,2021,Marseille,2021-02-28 Marseille-Lyon,2021-02-28,21:00:00,Matchweek 27,Sun,Home,D,1,1,Lyon,1.5,0.6,52,,Steve Mandanda,4-2-3-1,4-3-3,Benoît Millot,/en/matches/46581524/Choc-des-Olympiques-Marseille-Lyon-February-28-2021-Ligue-1,nan
FRA-Ligue 1,2021,Marseille,2021-03-03 Lille-Marseille,2021-03-03,21:00:00,Matchweek 28,Wed,Away,L,0,2,Lille,0.1,2.7,40,,Steve Mandanda,4-3-3,4-4-2,Clément Turpin,/en/matches/734bdddc/Lille-Marseille-March-3-2021-Ligue-1,nan
FRA-Ligue 1,2021,Marseille,2021-03-10 Marseille-Rennes,2021-03-10,19:00:00,Matchweek 22,Wed,Home,W,1,0,Rennes,0.6,0.6,51,,Steve Mandanda,3-1-4-2,4-2-3-1,Jérémie Pignard,/en/matches/1724ec53/Marseille-Rennes-March-10-2021-Ligue-1,nan
FRA-Ligue 1,2021,Marseille,2021-03-13 Marseille-Brest,2021-03-13,17:00:00,Matchweek 29,Sat,Home,W,3,1,Brest,1.7,0.4,41,,Steve Mandanda,3-1-4-2,4-4-2,Jérôme Miguelgorry,/en/matches/92b7f46b/Marseille-Brest-March-13-2021-Ligue-1,nan
FRA-Ligue 1,2021,Marseille,2021-03-20 Nice-Marseille,2021-03-20,17:00:00,Matchweek 30,Sat,Away,L,0,3,Nice,0.4,2.4,57,,Steve Mandanda,3-5-2,4-3-3,François Letexier,/en/matches/32a19bdd/Nice-Marseille-March-20-2021-Ligue-1,nan
FRA-Ligue 1,2021,Marseille,2021-04-04 Marseille-Dijon,2021-04-04,21:00:00,Matchweek 31,Sun,Home,W,2,0,Dijon,1.3,0.1,63,,Steve Mandanda,3-4-3,3-4-1-2,Ruddy Buquet,/en/matches/0e8e6b49/Marseille-Dijon-April-4-2021-Ligue-1,nan
FRA-Ligue 1,2021,Marseille,2021-04-10 Montpellier-Marseille,2021-04-10,21:00:00,Matchweek 32,Sat,Away,D,3,3,Montpellier,1.6,2.3,56,,Steve Mandanda,3-4-3,4-3-3,Jérôme Brisard,/en/matches/9d336f48/Montpellier-Marseille-April-10-2021-Ligue-1,nan
FRA-Ligue 1,2021,Marseille,2021-04-17 Marseille-Lorient,2021-04-17,17:00:00,Matchweek 33,Sat,Home,W,3,2,Lorient,2.2,1.4,73,,Steve Mandanda,5-3-2,5-4-1,Hakim Ben El Hadj Salem,/en/matches/fd8c8405/Marseille-Lorient-April-17-2021-Ligue-1,nan
FRA-Ligue 1,2021,Marseille,2021-04-23 Reims-Marseille,2021-04-23,21:00:00,Matchweek 34,Fri,Away,W,3,1,Reims,2.1,0.6,58,,Steve Mandanda,3-5-2,4-1-4-1,Eric Wattellier,/en/matches/6b30b4bd/Reims-Marseille-April-23-2021-Ligue-1,nan
FRA-Ligue 1,2021,Marseille,2021-04-30 Marseille-Strasbourg,2021-04-30,21:00:00,Matchweek 35,Fri,Home,D,1,1,Strasbourg,1.0,0.4,68,,Steve Mandanda,3-5-2,5-3-2,Stéphanie Frappart,/en/matches/ccf9386d/Marseille-Strasbourg-April-30-2021-Ligue-1,nan
FRA-Ligue 1,2021,Marseille,2021-05-09 Saint-Étienne-Marseille,2021-05-09,13:00:00,Matchweek 36,Sun,Away,L,0,1,Saint-Étienne,1.6,1.4,55,,Steve Mandanda,3-1-4-2,4-4-2,Johan Hamel,/en/matches/73ac123f/Saint-Etienne-Marseille-May-9-2021-Ligue-1,nan
FRA-Ligue 1,2021,Marseille,2021-05-16 Marseille-Angers,2021-05-16,21:00:00,Matchweek 37,Sun,Home,W,3,2,Angers,2.4,1.7,53,,Steve Mandanda,4-4-2,4-2-3-1,Franck Schneider,/en/matches/da6ea060/Marseille-Angers-May-16-2021-Ligue-1,nan
FRA-Ligue 1,2021,Marseille,2021-05-23 Metz-Marseille,2021-05-23,21:00:00,Matchweek 38,Sun,Away,D,1,1,Metz,1.3,1.1,64,,Steve Mandanda,3-4-1-2,4-3-3,Hakim Ben El Hadj Salem,/en/matches/a73885a8/Metz-Marseille-May-23-2021-Ligue-1,nan
FRA-Ligue 1,2021,Metz,2020-08-30 Metz-Monaco,2020-08-30,15:00:00,Matchweek 2,Sun,Home,L,0,1,Monaco,0.7,0.2,54,4463.0,John Boye,4-3-3,4-3-3,Jeremy Stinat,/en/matches/02d4a6a1/Metz-Monaco-August-30-2020-Ligue-1,nan
FRA-Ligue 1,2021,Metz,2020-09-13 Lille-Metz,2020-09-13,13:00:00,Matchweek 3,Sun,Away,L,0,1,Lille,0.8,1.5,39,,John Boye,5-4-1,4-4-2,Jérémie Pignard,/en/matches/99507b5a/Lille-Metz-September-13-2020-Ligue-1,nan
FRA-Ligue 1,2021,Metz,2020-09-16 Paris S-G-Metz,2020-09-16,21:00:00,Matchweek 1,Wed,Away,L,0,1,Paris S-G,0.9,2.2,29,,John Boye,3-4-1-2,4-3-3,Mikael Lesage,/en/matches/c5bf1d57/Paris-Saint-Germain-Metz-September-16-2020-Ligue-1,nan
FRA-Ligue 1,2021,Metz,2020-09-20 Metz-Reims,2020-09-20,15:00:00,Matchweek 4,Sun,Home,W,2,1,Reims,1.7,1.2,59,,John Boye,4-3-3,4-2-3-1,Johan Hamel,/en/matches/a0f9e058/Metz-Reims-September-20-2020-Ligue-1,nan
FRA-Ligue 1,2021,Metz,2020-09-26 Marseille-Metz,2020-09-26,21:00:00,Matchweek 5,Sat,Away,D,1,1,Marseille,1.1,0.9,40,,John Boye,4-4-2,4-2-3-1,Eric Wattellier,/en/matches/5a5a6c41/Marseille-Metz-September-26-2020-Ligue-1,nan
FRA-Ligue 1,2021,Metz,2020-10-04 Metz-Lorient,2020-10-04,15:00:00,Matchweek 6,Sun,Home,W,3,1,Lorient,1.6,0.7,58,,John Boye,4-2-3-1,5-4-1,Jérôme Miguelgorry,/en/matches/c14d22d4/Metz-Lorient-October-4-2020-Ligue-1,nan
FRA-Ligue 1,2021,Metz,2020-10-18 Angers-Metz,2020-10-18,15:00:00,Matchweek 7,Sun,Away,D,1,1,Angers,1.1,1.1,53,,John Boye,4-2-3-1,4-1-4-1,Aurélien Petit,/en/matches/36193c0a/Angers-Metz-October-18-2020-Ligue-1,nan
FRA-Ligue 1,2021,Metz,2020-10-25 Metz-Saint-Étienne,2020-10-25,15:00:00,Matchweek 8,Sun,Home,W,2,0,Saint-Étienne,0.4,0.5,43,5000.0,John Boye,4-3-3,4-2-3-1,Karim Abed,/en/matches/e20f9399/Metz-Saint-Etienne-October-25-2020-Ligue-1,nan
FRA-Ligue 1,2021,Metz,2020-11-01 Nîmes-Metz,2020-11-01,15:00:00,Matchweek 9,Sun,Away,W,1,0,Nîmes,0.8,0.9,33,,Dylan Bronn,4-2-3-1,4-4-2,Amaury Delerue,/en/matches/d3c9822f/Nimes-Metz-November-1-2020-Ligue-1,nan
FRA-Ligue 1,2021,Metz,2020-11-08 Metz-Dijon,2020-11-08,15:00:00,Matchweek 10,Sun,Home,D,1,1,Dijon,2.2,2.0,45,,John Boye,4-2-3-1,4-2-3-1,Willy Delajod,/en/matches/3262d1d8/Metz-Dijon-November-8-2020-Ligue-1,nan
FRA-Ligue 1,2021,Metz,2020-11-22 Nantes-Metz,2020-11-22,13:00:00,Matchweek 11,Sun,Away,D,1,1,Nantes,1.3,1.3,34,,John Boye,4-3-3,4-2-3-1,Benoît Millot,/en/matches/20aca344/Nantes-Metz-November-22-2020-Ligue-1,nan
FRA-Ligue 1,2021,Metz,2020-11-29 Metz-Brest,2020-11-29,15:00:00,Matchweek 12,Sun,Home,L,0,2,Brest,0.9,1.5,46,,John Boye,4-2-3-1,4-4-2,Hakim Ben El Hadj Salem,/en/matches/57eeea74/Metz-Brest-November-29-2020-Ligue-1,nan
FRA-Ligue 1,2021,Metz,2020-12-06 Metz-Lyon,2020-12-06,21:00:00,Matchweek 13,Sun,Home,L,1,3,Lyon,1.5,1.6,46,,John Boye,4-3-3,4-3-3,Karim Abed,/en/matches/39e71d02/Metz-Lyon-December-6-2020-Ligue-1,nan
FRA-Ligue 1,2021,Metz,2020-12-13 Strasbourg-Metz,2020-12-13,15:00:00,Matchweek 14,Sun,Away,D,2,2,Strasbourg,1.7,1.1,43,,Dylan Bronn,3-1-4-2,4-2-3-1,François Letexier,/en/matches/d59fe5ea/Strasbourg-Metz-December-13-2020-Ligue-1,nan
FRA-Ligue 1,2021,Metz,2020-12-16 Montpellier-Metz,2020-12-16,19:00:00,Matchweek 15,Wed,Away,W,2,0,Montpellier,1.7,1.1,41,,John Boye,5-3-2,4-3-3,Jérémie Pignard,/en/matches/d6277b7a/Montpellier-Metz-December-16-2020-Ligue-1,nan
FRA-Ligue 1,2021,Metz,2020-12-19 Metz-Lens,2020-12-19,17:00:00,Matchweek 16,Sat,Home,W,2,0,Lens,1.0,1.2,39,,John Boye,3-4-1-2,3-4-1-2,Amaury Delerue,/en/matches/26ba121c/Metz-Lens-December-19-2020-Ligue-1,nan
FRA-Ligue 1,2021,Metz,2020-12-23 Rennes-Metz,2020-12-23,19:00:00,Matchweek 17,Wed,Away,L,0,1,Rennes,1.4,0.9,38,,John Boye,4-4-1-1,4-1-4-1,Florent Batta,/en/matches/cb7d6ff7/Rennes-Metz-December-23-2020-Ligue-1,nan
FRA-Ligue 1,2021,Metz,2021-01-06 Metz-Bordeaux,2021-01-06,19:00:00,Matchweek 18,Wed,Home,D,0,0,Bordeaux,0.9,1.2,43,,John Boye,5-4-1,4-2-3-1,Antony Gautier,/en/matches/91ee6562/Metz-Bordeaux-January-6-2021-Ligue-1,nan
FRA-Ligue 1,2021,Metz,2021-01-09 Metz-Nice,2021-01-09,21:00:00,Matchweek 19,Sat,Home,D,1,1,Nice,1.2,1.3,44,,John Boye,5-4-1,3-1-4-2,Johan Hamel,/en/matches/4004356c/Metz-Nice-January-9-2021-Ligue-1,nan
FRA-Ligue 1,2021,Metz,2021-01-17 Lyon-Metz,2021-01-17,21:00:00,Matchweek 20,Sun,Away,W,1,0,Lyon,1.9,1.5,36,,John Boye,3-4-1-2,4-3-3,Stéphanie Frappart,/en/matches/de561d96/Lyon-Metz-January-17-2021-Ligue-1,nan
FRA-Ligue 1,2021,Metz,2021-01-24 Metz-Nantes,2021-01-24,15:00:00,Matchweek 21,Sun,Home,W,2,0,Nantes,1.0,0.4,43,,John Boye,3-4-1-2,4-4-2,Jérôme Miguelgorry,/en/matches/43511ac5/Metz-Nantes-January-24-2021-Ligue-1,nan
FRA-Ligue 1,2021,Metz,2021-01-31 Brest-Metz,2021-01-31,15:00:00,Matchweek 22,Sun,Away,W,4,2,Brest,1.6,1.3,38,,John Boye,3-4-1-2,4-4-2,Benoît Millot,/en/matches/dedabe17/Brest-Metz-January-31-2021-Ligue-1,nan
FRA-Ligue 1,2021,Metz,2021-02-03 Metz-Montpellier,2021-02-03,19:00:00,Matchweek 23,Wed,Home,D,1,1,Montpellier,0.9,1.1,45,,John Boye,3-4-1-2,4-1-4-1,Bastien Dechepy,/en/matches/d53b40e0/Metz-Montpellier-February-3-2021-Ligue-1,nan
FRA-Ligue 1,2021,Metz,2021-02-07 Saint-Étienne-Metz,2021-02-07,15:00:00,Matchweek 24,Sun,Away,L,0,1,Saint-Étienne,0.4,0.7,51,,John Boye,3-4-1-2,3-4-3,Ruddy Buquet,/en/matches/c839991c/Saint-Etienne-Metz-February-7-2021-Ligue-1,nan
FRA-Ligue 1,2021,Metz,2021-02-14 Metz-Strasbourg,2021-02-14,15:00:00,Matchweek 25,Sun,Home,L,1,2,Strasbourg,1.7,1.5,45,,John Boye,3-4-3,4-1-2-1-2,Mikael Lesage,/en/matches/13dd281c/Metz-Strasbourg-February-14-2021-Ligue-1,nan
FRA-Ligue 1,2021,Metz,2021-02-21 Nice-Metz,2021-02-21,15:00:00,Matchweek 26,Sun,Away,W,2,1,Nice,1.2,1.2,35,,John Boye,3-4-3,4-3-3,Jeremy Stinat,/en/matches/336b4e23/Nice-Metz-February-21-2021-Ligue-1,nan
FRA-Ligue 1,2021,Metz,2021-02-27 Bordeaux-Metz,2021-02-27,13:00:00,Matchweek 27,Sat,Away,W,2,1,Bordeaux,2.0,0.9,49,,John Boye,3-4-1-2,3-5-2,Aurélien Petit,/en/matches/e0f22e82/Bordeaux-Metz-February-27-2021-Ligue-1,nan
FRA-Ligue 1,2021,Metz,2021-03-03 Metz-Angers,2021-03-03,19:00:00,Matchweek 28,Wed,Home,L,0,1,Angers,0.8,1.1,65,,John Boye,3-4-1-2,5-4-1,Johan Hamel,/en/matches/667969fb/Metz-Angers-March-3-2021-Ligue-1,nan
FRA-Ligue 1,2021,Metz,2021-03-14 Lens-Metz,2021-03-14,15:00:00,Matchweek 29,Sun,Away,D,2,2,Lens,1.5,2.2,47,,John Boye,3-1-4-2,3-1-4-2,Florent Batta,/en/matches/131423e4/Lens-Metz-March-14-2021-Ligue-1,nan
FRA-Ligue 1,2021,Metz,2021-03-20 Metz-Rennes,2021-03-20,13:00:00,Matchweek 30,Sat,Home,L,1,3,Rennes,0.7,2.0,52,,John Boye,3-4-1-2,4-3-3,Willy Delajod,/en/matches/cc1f739a/Metz-Rennes-March-20-2021-Ligue-1,nan
FRA-Ligue 1,2021,Metz,2021-04-03 Monaco-Metz,2021-04-03,13:00:00,Matchweek 31,Sat,Away,L,0,4,Monaco,0.3,2.4,39,,John Boye,3-4-1-2,4-2-3-1,Johan Hamel,/en/matches/11fdf91b/Monaco-Metz-April-3-2021-Ligue-1,nan
FRA-Ligue 1,2021,Metz,2021-04-09 Metz-Lille,2021-04-09,21:00:00,Matchweek 32,Fri,Home,L,0,2,Lille,2.1,0.6,50,,John Boye,3-4-3,4-4-2,Clément Turpin,/en/matches/be261d66/Metz-Lille-April-9-2021-Ligue-1,nan
FRA-Ligue 1,2021,Metz,2021-04-18 Reims-Metz,2021-04-18,15:00:00,Matchweek 33,Sun,Away,D,0,0,Reims,0.7,0.9,52,,John Boye,3-4-3,4-4-2,Jérôme Miguelgorry,/en/matches/b7a01ae1/Reims-Metz-April-18-2021-Ligue-1,nan
FRA-Ligue 1,2021,Metz,2021-04-24 Metz-Paris S-G,2021-04-24,17:00:00,Matchweek 34,Sat,Home,L,1,3,Paris S-G,0.7,2.9,34,,John Boye,3-5-1-1,4-3-3,Willy Delajod,/en/matches/370cea73/Metz-Paris-Saint-Germain-April-24-2021-Ligue-1,nan
FRA-Ligue 1,2021,Metz,2021-05-02 Dijon-Metz,2021-05-02,15:00:00,Matchweek 35,Sun,Away,W,5,1,Dijon,1.5,1.1,55,,John Boye,4-3-3,5-3-2,Franck Schneider,/en/matches/1a56a046/Dijon-Metz-May-2-2021-Ligue-1,nan
FRA-Ligue 1,2021,Metz,2021-05-09 Metz-Nîmes,2021-05-09,15:00:00,Matchweek 36,Sun,Home,L,0,3,Nîmes,0.7,1.9,58,,John Boye,4-3-3,4-2-3-1,François Letexier,/en/matches/f4478aa3/Metz-Nimes-May-9-2021-Ligue-1,nan
FRA-Ligue 1,2021,Metz,2021-05-16 Lorient-Metz,2021-05-16,21:00:00,Matchweek 37,Sun,Away,L,1,2,Lorient,0.1,1.4,62,,Dylan Bronn,5-3-2,3-5-2,Florent Batta,/en/matches/7d8a4586/Lorient-Metz-May-16-2021-Ligue-1,nan
FRA-Ligue 1,2021,Metz,2021-05-23 Metz-Marseille,2021-05-23,21:00:00,Matchweek 38,Sun,Home,D,1,1,Marseille,1.1,1.3,36,,John Boye,4-3-3,3-4-1-2,Hakim Ben El Hadj Salem,/en/matches/a73885a8/Metz-Marseille-May-23-2021-Ligue-1,nan
FRA-Ligue 1,2021,Monaco,2020-08-23 Monaco-Reims,2020-08-23,13:00:00,Matchweek 1,Sun,Home,D,2,2,Reims,1.8,1.7,75,,Wissam Ben Yedder,4-3-3,4-4-2,François Letexier,/en/matches/b3bddcc0/Monaco-Reims-August-23-2020-Ligue-1,nan
FRA-Ligue 1,2021,Monaco,2020-08-30 Metz-Monaco,2020-08-30,15:00:00,Matchweek 2,Sun,Away,W,1,0,Metz,0.2,0.7,46,4463.0,Wissam Ben Yedder,4-3-3,4-3-3,Jeremy Stinat,/en/matches/02d4a6a1/Metz-Monaco-August-30-2020-Ligue-1,nan
FRA-Ligue 1,2021,Monaco,2020-09-13 Monaco-Nantes,2020-09-13,17:00:00,Matchweek 3,Sun,Home,W,2,1,Nantes,2.3,1.2,57,,Wissam Ben Yedder,4-3-3,4-2-3-1,Clément Turpin,/en/matches/13159177/Monaco-Nantes-September-13-2020-Ligue-1,nan
FRA-Ligue 1,2021,Monaco,2020-09-19 Rennes-Monaco,2020-09-19,21:00:00,Matchweek 4,Sat,Away,L,1,2,Rennes,0.9,1.0,42,,Wissam Ben Yedder,4-3-3,4-1-4-1,Jérôme Miguelgorry,/en/matches/17da8c83/Rennes-Monaco-September-19-2020-Ligue-1,nan
FRA-Ligue 1,2021,Monaco,2020-09-27 Monaco-Strasbourg,2020-09-27,15:00:00,Matchweek 5,Sun,Home,W,3,2,Strasbourg,1.3,1.5,57,,Wissam Ben Yedder,4-3-3,4-1-2-1-2,Jérémie Pignard,/en/matches/6901ecbc/Monaco-Strasbourg-September-27-2020-Ligue-1,nan
FRA-Ligue 1,2021,Monaco,2020-10-04 Brest-Monaco,2020-10-04,15:00:00,Matchweek 6,Sun,Away,L,0,1,Brest,1.2,0.6,71,,Wissam Ben Yedder,4-3-3,4-2-3-1,Johan Hamel,/en/matches/020a699d/Brest-Monaco-October-4-2020-Ligue-1,nan
FRA-Ligue 1,2021,Monaco,2020-10-18 Monaco-Montpellier,2020-10-18,15:00:00,Matchweek 7,Sun,Home,D,1,1,Montpellier,2.2,0.1,80,,Wissam Ben Yedder,4-3-3,3-4-1-2,Hakim Ben El Hadj Salem,/en/matches/d9596cec/Monaco-Montpellier-October-18-2020-Ligue-1,nan
FRA-Ligue 1,2021,Monaco,2020-10-25 Lyon-Monaco,2020-10-25,21:00:00,Matchweek 8,Sun,Away,L,1,4,Lyon,2.0,3.3,65,,Wissam Ben Yedder,4-3-3,4-4-1-1,Jérôme Brisard,/en/matches/4073f54c/Lyon-Monaco-October-25-2020-Ligue-1,nan
FRA-Ligue 1,2021,Monaco,2020-11-01 Monaco-Bordeaux,2020-11-01,17:00:00,Matchweek 9,Sun,Home,W,4,0,Bordeaux,3.5,0.3,52,,Wissam Ben Yedder,4-2-3-1,4-1-4-1,Ruddy Buquet,/en/matches/371ae7de/Monaco-Bordeaux-November-1-2020-Ligue-1,nan
FRA-Ligue 1,2021,Monaco,2020-11-08 Nice-Monaco,2020-11-08,17:00:00,Matchweek 10,Sun,Away,W,2,1,Nice,2.0,1.0,37,,Wissam Ben Yedder,4-4-2,3-5-2,Karim Abed,/en/matches/6f942c22/Nice-Monaco-November-8-2020-Ligue-1,nan
FRA-Ligue 1,2021,Monaco,2020-11-20 Monaco-Paris S-G,2020-11-20,21:00:00,Matchweek 11,Fri,Home,W,3,2,Paris S-G,3.9,1.9,52,,Axel Disasi,4-4-1-1,4-4-2,Clément Turpin,/en/matches/8ff1eb68/Monaco-Paris-Saint-Germain-November-20-2020-Ligue-1,nan
FRA-Ligue 1,2021,Monaco,2020-11-29 Monaco-Nîmes,2020-11-29,15:00:00,Matchweek 12,Sun,Home,W,3,0,Nîmes,3.3,0.3,67,,Axel Disasi,4-4-1-1,4-3-3,Antony Gautier,/en/matches/50ca8cbf/Monaco-Nimes-November-29-2020-Ligue-1,nan
FRA-Ligue 1,2021,Monaco,2020-12-06 Lille-Monaco,2020-12-06,13:00:00,Matchweek 13,Sun,Away,L,1,2,Lille,0.9,1.3,58,,Wissam Ben Yedder,4-4-2,4-4-2,Jérôme Brisard,/en/matches/5c353be0/Lille-Monaco-December-6-2020-Ligue-1,nan
FRA-Ligue 1,2021,Monaco,2020-12-12 Marseille-Monaco,2020-12-12,17:00:00,Matchweek 14,Sat,Away,L,1,2,Marseille,1.9,1.3,61,,Wissam Ben Yedder,4-4-2,4-1-2-1-2,Benoît Millot,/en/matches/c82895c6/Marseille-Monaco-December-12-2020-Ligue-1,nan
FRA-Ligue 1,2021,Monaco,2020-12-16 Monaco-Lens,2020-12-16,21:00:00,Matchweek 15,Wed,Home,L,0,3,Lens,0.8,1.3,32,,Wissam Ben Yedder,4-4-2,3-4-1-2,Willy Delajod,/en/matches/46790907/Monaco-Lens-December-16-2020-Ligue-1,nan
FRA-Ligue 1,2021,Monaco,2020-12-20 Dijon-Monaco,2020-12-20,15:00:00,Matchweek 16,Sun,Away,W,1,0,Dijon,0.8,1.3,48,,Wissam Ben Yedder,4-4-2,4-2-3-1,Jeremy Stinat,/en/matches/627d98ea/Dijon-Monaco-December-20-2020-Ligue-1,nan
FRA-Ligue 1,2021,Monaco,2020-12-23 Monaco-Saint-Étienne,2020-12-23,21:00:00,Matchweek 17,Wed,Home,D,2,2,Saint-Étienne,0.8,1.7,40,,Wissam Ben Yedder,4-4-2,4-2-3-1,Johan Hamel,/en/matches/b6b53a29/Monaco-Saint-Etienne-December-23-2020-Ligue-1,nan
FRA-Ligue 1,2021,Monaco,2021-01-06 Lorient-Monaco,2021-01-06,19:00:00,Matchweek 18,Wed,Away,W,5,2,Lorient,2.6,1.0,59,,Wissam Ben Yedder,4-4-2,4-2-3-1,Franck Schneider,/en/matches/fb3cebfb/Lorient-Monaco-January-6-2021-Ligue-1,nan
FRA-Ligue 1,2021,Monaco,2021-01-09 Monaco-Angers,2021-01-09,21:00:00,Matchweek 19,Sat,Home,W,3,0,Angers,2.1,0.7,56,,Wissam Ben Yedder,4-4-2,4-2-3-1,Benoît Bastien,/en/matches/0b79b895/Monaco-Angers-January-9-2021-Ligue-1,nan
FRA-Ligue 1,2021,Monaco,2021-01-15 Montpellier-Monaco,2021-01-15,21:00:00,Matchweek 20,Fri,Away,W,3,2,Montpellier,2.3,0.7,48,,Wissam Ben Yedder,4-2-3-1,5-3-2,Aurélien Petit,/en/matches/e6f83f31/Montpellier-Monaco-January-15-2021-Ligue-1,nan
FRA-Ligue 1,2021,Monaco,2021-01-23 Monaco-Marseille,2021-01-23,21:00:00,Matchweek 21,Sat,Home,W,3,1,Marseille,1.2,0.5,54,,Wissam Ben Yedder,4-4-2,4-2-3-1,François Letexier,/en/matches/d54f636f/Monaco-Marseille-January-23-2021-Ligue-1,nan
FRA-Ligue 1,2021,Monaco,2021-01-31 Nantes-Monaco,2021-01-31,21:00:00,Matchweek 22,Sun,Away,W,2,1,Nantes,1.6,0.9,67,,Wissam Ben Yedder,3-4-3,4-1-4-1,Thomas Léonard,/en/matches/e1e4471a/Nantes-Monaco-January-31-2021-Ligue-1,nan
FRA-Ligue 1,2021,Monaco,2021-02-03 Monaco-Nice,2021-02-03,21:00:00,Matchweek 23,Wed,Home,W,2,1,Nice,2.6,0.4,42,,Wissam Ben Yedder,4-4-2,4-1-4-1,Jérôme Brisard,/en/matches/e3256b4e/Monaco-Nice-February-3-2021-Ligue-1,nan
FRA-Ligue 1,2021,Monaco,2021-02-07 Nîmes-Monaco,2021-02-07,15:00:00,Matchweek 24,Sun,Away,W,4,3,Nîmes,1.3,1.4,56,,Wissam Ben Yedder,4-4-2,4-1-4-1,Clément Turpin,/en/matches/56b1c227/Nimes-Monaco-February-7-2021-Ligue-1,nan
FRA-Ligue 1,2021,Monaco,2021-02-14 Monaco-Lorient,2021-02-14,13:00:00,Matchweek 25,Sun,Home,D,2,2,Lorient,2.2,1.3,70,,Wissam Ben Yedder,4-4-2,5-4-1,Benoît Millot,/en/matches/6c45a288/Monaco-Lorient-February-14-2021-Ligue-1,nan
FRA-Ligue 1,2021,Monaco,2021-02-21 Paris S-G-Monaco,2021-02-21,21:00:00,Matchweek 26,Sun,Away,W,2,0,Paris S-G,1.3,0.7,26,,Wissam Ben Yedder,3-4-3,4-3-3,Ruddy Buquet,/en/matches/6a139966/Paris-Saint-Germain-Monaco-February-21-2021-Ligue-1,nan
FRA-Ligue 1,2021,Monaco,2021-02-28 Monaco-Brest,2021-02-28,13:00:00,Matchweek 27,Sun,Home,W,2,0,Brest,2.2,0.6,63,,Wissam Ben Yedder,3-4-3,4-4-1-1,Jérémie Pignard,/en/matches/b66eb412/Monaco-Brest-February-28-2021-Ligue-1,nan
FRA-Ligue 1,2021,Monaco,2021-03-03 Strasbourg-Monaco,2021-03-03,21:00:00,Matchweek 28,Wed,Away,L,0,1,Strasbourg,0.6,0.9,62,,Wissam Ben Yedder,3-4-3,3-4-1-2,Eric Wattellier,/en/matches/6ec67dc8/Strasbourg-Monaco-March-3-2021-Ligue-1,nan
FRA-Ligue 1,2021,Monaco,2021-03-14 Monaco-Lille,2021-03-14,17:05:00,Matchweek 29,Sun,Home,D,0,0,Lille,0.6,0.2,63,,Wissam Ben Yedder,3-4-3,4-2-3-1,Stéphanie Frappart,/en/matches/ae299f0e/Monaco-Lille-March-14-2021-Ligue-1,nan
FRA-Ligue 1,2021,Monaco,2021-03-19 Saint-Étienne-Monaco,2021-03-19,21:00:00,Matchweek 30,Fri,Away,W,4,0,Saint-Étienne,2.3,0.5,59,,Axel Disasi,4-4-2,3-4-1-2,Mikael Lesage,/en/matches/78af4b5d/Saint-Etienne-Monaco-March-19-2021-Ligue-1,nan
FRA-Ligue 1,2021,Monaco,2021-04-03 Monaco-Metz,2021-04-03,13:00:00,Matchweek 31,Sat,Home,W,4,0,Metz,2.4,0.3,61,,Axel Disasi,4-2-3-1,3-4-1-2,Johan Hamel,/en/matches/11fdf91b/Monaco-Metz-April-3-2021-Ligue-1,nan
FRA-Ligue 1,2021,Monaco,2021-04-11 Monaco-Dijon,2021-04-11,17:05:00,Matchweek 32,Sun,Home,W,3,0,Dijon,3.8,0.6,64,,Axel Disasi,4-2-3-1,3-4-1-2,Aurélien Petit,/en/matches/24d1a5c7/Monaco-Dijon-April-11-2021-Ligue-1,nan
FRA-Ligue 1,2021,Monaco,2021-04-18 Bordeaux-Monaco,2021-04-18,17:05:00,Matchweek 33,Sun,Away,W,3,0,Bordeaux,2.1,0.8,59,,Wissam Ben Yedder,4-2-3-1,5-3-2,François Letexier,/en/matches/1b271f46/Bordeaux-Monaco-April-18-2021-Ligue-1,nan
FRA-Ligue 1,2021,Monaco,2021-04-25 Angers-Monaco,2021-04-25,17:05:00,Matchweek 34,Sun,Away,W,1,0,Angers,1.6,0.1,58,,Axel Disasi,4-4-2,5-3-2,Hakim Ben El Hadj Salem,/en/matches/d287f476/Angers-Monaco-April-25-2021-Ligue-1,nan
FRA-Ligue 1,2021,Monaco,2021-05-02 Monaco-Lyon,2021-05-02,21:00:00,Matchweek 35,Sun,Home,L,2,3,Lyon,2.1,1.2,48,,Wissam Ben Yedder,4-2-3-1,3-4-1-2,Clément Turpin,/en/matches/27e1ab19/Monaco-Lyon-May-2-2021-Ligue-1,nan
FRA-Ligue 1,2021,Monaco,2021-05-09 Reims-Monaco,2021-05-09,17:05:00,Matchweek 36,Sun,Away,W,1,0,Reims,0.9,0.4,60,,Wissam Ben Yedder,3-4-3,4-1-4-1,Antony Gautier,/en/matches/8eec746c/Reims-Monaco-May-9-2021-Ligue-1,nan
FRA-Ligue 1,2021,Monaco,2021-05-16 Monaco-Rennes,2021-05-16,21:00:00,Matchweek 37,Sun,Home,W,2,1,Rennes,1.4,0.4,40,,Wissam Ben Yedder,4-4-2,4-3-3,Benoît Bastien,/en/matches/31247d59/Monaco-Rennes-May-16-2021-Ligue-1,nan
FRA-Ligue 1,2021,Monaco,2021-05-23 Lens-Monaco,2021-05-23,21:00:00,Matchweek 38,Sun,Away,D,0,0,Lens,1.5,0.2,65,,Wissam Ben Yedder,3-4-3,5-3-2,Jérémie Pignard,/en/matches/d8330dc2/Lens-Monaco-May-23-2021-Ligue-1,nan
FRA-Ligue 1,2021,Montpellier,2020-08-29 Rennes-Montpellier,2020-08-29,17:00:00,Matchweek 2,Sat,Away,L,1,2,Rennes,0.6,1.4,35,,Daniel Congré,3-5-1-1,4-3-3,Willy Delajod,/en/matches/1ec60fe6/Rennes-Montpellier-August-29-2020-Ligue-1,nan
FRA-Ligue 1,2021,Montpellier,2020-09-12 Montpellier-Nice,2020-09-12,17:00:00,Matchweek 3,Sat,Home,W,3,1,Nice,1.7,0.7,39,,Vitorino Hilton,3-4-1-2,4-3-3,Antony Gautier,/en/matches/e1ed5031/Montpellier-Nice-September-12-2020-Ligue-1,nan
FRA-Ligue 1,2021,Montpellier,2020-09-15 Montpellier-Lyon,2020-09-15,21:00:00,Matchweek 1,Tue,Home,W,2,1,Lyon,1.8,2.3,44,,Vitorino Hilton,3-5-2,3-4-1-2,François Letexier,/en/matches/5581d486/Montpellier-Lyon-September-15-2020-Ligue-1,nan
FRA-Ligue 1,2021,Montpellier,2020-09-20 Montpellier-Angers,2020-09-20,15:00:00,Matchweek 4,Sun,Home,W,4,1,Angers,1.6,1.1,50,,Andy Delort,3-4-1-2,3-4-3,Stéphanie Frappart,/en/matches/14504cc6/Montpellier-Angers-September-20-2020-Ligue-1,nan
FRA-Ligue 1,2021,Montpellier,2020-09-27 Dijon-Montpellier,2020-09-27,15:00:00,Matchweek 5,Sun,Away,D,2,2,Dijon,2.4,1.3,61,,Vitorino Hilton,3-4-1-2,4-2-3-1,Aurélien Petit,/en/matches/d8bc5e5b/Dijon-Montpellier-September-27-2020-Ligue-1,nan
FRA-Ligue 1,2021,Montpellier,2020-10-04 Montpellier-Nîmes,2020-10-04,13:00:00,Matchweek 6,Sun,Home,L,0,1,Nîmes,0.8,0.7,53,,Vitorino Hilton,3-4-1-2,4-3-3,Benoît Millot,/en/matches/d63bd80e/Montpellier-Nimes-October-4-2020-Ligue-1,nan
FRA-Ligue 1,2021,Montpellier,2020-10-18 Monaco-Montpellier,2020-10-18,15:00:00,Matchweek 7,Sun,Away,D,1,1,Monaco,0.1,2.2,20,,Vitorino Hilton,3-4-1-2,4-3-3,Hakim Ben El Hadj Salem,/en/matches/d9596cec/Monaco-Montpellier-October-18-2020-Ligue-1,nan
FRA-Ligue 1,2021,Montpellier,2020-10-25 Montpellier-Reims,2020-10-25,15:00:00,Matchweek 8,Sun,Home,L,0,4,Reims,0.3,4.0,33,,Vitorino Hilton,3-4-1-2,4-4-2,Willy Delajod,/en/matches/395d1d43/Montpellier-Reims-October-25-2020-Ligue-1,nan
FRA-Ligue 1,2021,Montpellier,2020-11-01 Saint-Étienne-Montpellier,2020-11-01,13:00:00,Matchweek 9,Sun,Away,W,1,0,Saint-Étienne,0.7,0.7,46,,Andy Delort,4-3-3,4-3-3,Jérôme Miguelgorry,/en/matches/780282ee/Saint-Etienne-Montpellier-November-1-2020-Ligue-1,nan
FRA-Ligue 1,2021,Montpellier,2020-11-07 Bordeaux-Montpellier,2020-11-07,17:00:00,Matchweek 10,Sat,Away,W,2,0,Bordeaux,1.3,0.6,48,,Andy Delort,4-3-3,4-2-3-1,Antony Gautier,/en/matches/0a398d60/Bordeaux-Montpellier-November-7-2020-Ligue-1,nan
FRA-Ligue 1,2021,Montpellier,2020-11-22 Montpellier-Strasbourg,2020-11-22,15:00:00,Matchweek 11,Sun,Home,W,4,3,Strasbourg,2.8,2.9,57,,Andy Delort,4-3-3,4-4-2,Jérôme Brisard,/en/matches/f01e2c09/Montpellier-Strasbourg-November-22-2020-Ligue-1,nan
FRA-Ligue 1,2021,Montpellier,2020-11-29 Lorient-Montpellier,2020-11-29,15:00:00,Matchweek 12,Sun,Away,W,1,0,Lorient,1.6,0.5,58,,Andy Delort,4-1-4-1,4-2-3-1,Bastien Dechepy,/en/matches/5ede6719/Lorient-Montpellier-November-29-2020-Ligue-1,nan
FRA-Ligue 1,2021,Montpellier,2020-12-05 Montpellier-Paris S-G,2020-12-05,21:00:00,Matchweek 13,Sat,Home,L,1,3,Paris S-G,2.1,1.8,35,,Daniel Congré,4-3-3,5-3-2,Mikael Lesage,/en/matches/52a2e13f/Montpellier-Paris-Saint-Germain-December-5-2020-Ligue-1,nan
FRA-Ligue 1,2021,Montpellier,2020-12-12 Lens-Montpellier,2020-12-12,21:00:00,Matchweek 14,Sat,Away,W,3,2,Lens,1.1,1.7,41,,Andy Delort,4-3-3,3-4-1-2,Jeremy Stinat,/en/matches/85b566d3/Lens-Montpellier-December-12-2020-Ligue-1,nan
FRA-Ligue 1,2021,Montpellier,2020-12-16 Montpellier-Metz,2020-12-16,19:00:00,Matchweek 15,Wed,Home,L,0,2,Metz,1.1,1.7,59,,Andy Delort,4-3-3,5-3-2,Jérémie Pignard,/en/matches/d6277b7a/Montpellier-Metz-December-16-2020-Ligue-1,nan
FRA-Ligue 1,2021,Montpellier,2020-12-20 Brest-Montpellier,2020-12-20,13:00:00,Matchweek 16,Sun,Away,D,2,2,Brest,0.8,1.6,45,,Vitorino Hilton,5-3-2,4-4-2,Benoît Millot,/en/matches/354064d8/Brest-Montpellier-December-20-2020-Ligue-1,nan
FRA-Ligue 1,2021,Montpellier,2020-12-23 Montpellier-Lille,2020-12-23,21:00:00,Matchweek 17,Wed,Home,L,2,3,Lille,1.5,1.8,47,,Vitorino Hilton,4-2-2-2,4-4-2,Clément Turpin,/en/matches/18198e56/Montpellier-Lille-December-23-2020-Ligue-1,nan
FRA-Ligue 1,2021,Montpellier,2021-01-06 Marseille-Montpellier,2021-01-06,21:00:00,Matchweek 18,Wed,Away,L,1,3,Marseille,1.2,2.3,44,,Andy Delort,4-1-2-1-2◆,4-2-3-1,Stéphanie Frappart,/en/matches/bf3df422/Marseille-Montpellier-January-6-2021-Ligue-1,nan
FRA-Ligue 1,2021,Montpellier,2021-01-09 Montpellier-Nantes,2021-01-09,21:00:00,Matchweek 19,Sat,Home,D,1,1,Nantes,1.0,1.2,47,,Vitorino Hilton,5-3-2,4-4-2,François Letexier,/en/matches/6bcc912f/Montpellier-Nantes-January-9-2021-Ligue-1,nan
FRA-Ligue 1,2021,Montpellier,2021-01-15 Montpellier-Monaco,2021-01-15,21:00:00,Matchweek 20,Fri,Home,L,2,3,Monaco,0.7,2.3,52,,Andy Delort,5-3-2,4-2-3-1,Aurélien Petit,/en/matches/e6f83f31/Montpellier-Monaco-January-15-2021-Ligue-1,nan
FRA-Ligue 1,2021,Montpellier,2021-01-22 Paris S-G-Montpellier,2021-01-22,21:00:00,Matchweek 21,Fri,Away,L,0,4,Paris S-G,0.4,4.5,28,,Vitorino Hilton,4-4-1-1,4-2-3-1,Willy Delajod,/en/matches/d47d95ab/Paris-Saint-Germain-Montpellier-January-22-2021-Ligue-1,nan
FRA-Ligue 1,2021,Montpellier,2021-01-30 Montpellier-Lens,2021-01-30,17:00:00,Matchweek 22,Sat,Home,L,1,2,Lens,1.4,0.7,56,,Vitorino Hilton,5-3-2,3-4-1-2,Amaury Delerue,/en/matches/93d96e5c/Montpellier-Lens-January-30-2021-Ligue-1,nan
FRA-Ligue 1,2021,Montpellier,2021-02-03 Metz-Montpellier,2021-02-03,19:00:00,Matchweek 23,Wed,Away,D,1,1,Metz,1.1,0.9,55,,Vitorino Hilton,4-1-4-1,3-4-1-2,Bastien Dechepy,/en/matches/d53b40e0/Metz-Montpellier-February-3-2021-Ligue-1,nan
FRA-Ligue 1,2021,Montpellier,2021-02-07 Montpellier-Dijon,2021-02-07,15:00:00,Matchweek 24,Sun,Home,W,4,2,Dijon,4.9,1.5,59,,Vitorino Hilton,4-1-4-1,4-2-3-1,Franck Schneider,/en/matches/0fdbe73d/Montpellier-Dijon-February-7-2021-Ligue-1,nan
FRA-Ligue 1,2021,Montpellier,2021-02-13 Lyon-Montpellier,2021-02-13,21:00:00,Matchweek 25,Sat,Away,W,2,1,Lyon,1.5,4.4,45,,Vitorino Hilton,4-1-4-1,4-3-3,Antony Gautier,/en/matches/385da91b/Lyon-Montpellier-February-13-2021-Ligue-1,nan
FRA-Ligue 1,2021,Montpellier,2021-02-21 Montpellier-Rennes,2021-02-21,13:00:00,Matchweek 26,Sun,Home,W,2,1,Rennes,2.8,2.0,35,,Vitorino Hilton,4-1-4-1,4-3-3,Clément Turpin,/en/matches/878465f3/Montpellier-Rennes-February-21-2021-Ligue-1,nan
FRA-Ligue 1,2021,Montpellier,2021-02-28 Reims-Montpellier,2021-02-28,15:00:00,Matchweek 27,Sun,Away,D,0,0,Reims,0.4,0.4,43,,Vitorino Hilton,4-1-4-1,4-1-4-1,François Letexier,/en/matches/de4cb95e/Reims-Montpellier-February-28-2021-Ligue-1,nan
FRA-Ligue 1,2021,Montpellier,2021-03-03 Montpellier-Lorient,2021-03-03,21:00:00,Matchweek 28,Wed,Home,D,1,1,Lorient,0.8,2.0,54,,Vitorino Hilton,4-1-4-1,5-4-1,Benoît Bastien,/en/matches/eac797f8/Montpellier-Lorient-March-3-2021-Ligue-1,nan
FRA-Ligue 1,2021,Montpellier,2021-03-14 Nîmes-Montpellier,2021-03-14,13:00:00,Matchweek 29,Sun,Away,D,1,1,Nîmes,1.0,1.6,61,,Vitorino Hilton,4-1-4-1,4-1-4-1,Eric Wattellier,/en/matches/efcf3d10/Nimes-Montpellier-March-14-2021-Ligue-1,nan
FRA-Ligue 1,2021,Montpellier,2021-03-21 Montpellier-Bordeaux,2021-03-21,15:00:00,Matchweek 30,Sun,Home,W,3,1,Bordeaux,2.5,1.5,44,,Vitorino Hilton,4-2-3-1,4-3-3,Hakim Ben El Hadj Salem,/en/matches/88e1ab36/Montpellier-Bordeaux-March-21-2021-Ligue-1,nan
FRA-Ligue 1,2021,Montpellier,2021-04-04 Angers-Montpellier,2021-04-04,13:00:00,Matchweek 31,Sun,Away,D,1,1,Angers,2.2,1.1,38,,Vitorino Hilton,4-2-3-1,4-4-1-1,Florent Batta,/en/matches/7a371bb9/Angers-Montpellier-April-4-2021-Ligue-1,nan
FRA-Ligue 1,2021,Montpellier,2021-04-10 Montpellier-Marseille,2021-04-10,21:00:00,Matchweek 32,Sat,Home,D,3,3,Marseille,2.3,1.6,44,,Vitorino Hilton,4-3-3,3-4-3,Jérôme Brisard,/en/matches/9d336f48/Montpellier-Marseille-April-10-2021-Ligue-1,nan
FRA-Ligue 1,2021,Montpellier,2021-04-16 Lille-Montpellier,2021-04-16,21:00:00,Matchweek 33,Fri,Away,D,1,1,Lille,0.9,1.3,37,,Andy Delort,4-3-3,4-4-2,Benoît Millot,/en/matches/283e5426/Lille-Montpellier-April-16-2021-Ligue-1,nan
FRA-Ligue 1,2021,Montpellier,2021-04-25 Nice-Montpellier,2021-04-25,13:00:00,Matchweek 34,Sun,Away,L,1,3,Nice,1.4,2.0,42,,Andy Delort,4-2-3-1,4-1-4-1,Bastien Dechepy,/en/matches/5f5ddc93/Nice-Montpellier-April-25-2021-Ligue-1,nan
FRA-Ligue 1,2021,Montpellier,2021-05-02 Montpellier-Saint-Étienne,2021-05-02,17:05:00,Matchweek 35,Sun,Home,L,1,2,Saint-Étienne,1.0,2.6,45,,Andy Delort,4-2-3-1,4-4-2,Karim Abed,/en/matches/ef0d8c13/Montpellier-Saint-Etienne-May-2-2021-Ligue-1,nan
FRA-Ligue 1,2021,Montpellier,2021-05-09 Strasbourg-Montpellier,2021-05-09,15:00:00,Matchweek 36,Sun,Away,W,3,2,Strasbourg,0.7,1.8,43,,Vitorino Hilton,4-3-3,4-1-2-1-2,Jérôme Miguelgorry,/en/matches/e63e3a7c/Strasbourg-Montpellier-May-9-2021-Ligue-1,nan
FRA-Ligue 1,2021,Montpellier,2021-05-16 Montpellier-Brest,2021-05-16,21:00:00,Matchweek 37,Sun,Home,D,0,0,Brest,0.6,1.5,41,,Vitorino Hilton,4-3-3,4-4-2,Aurélien Petit,/en/matches/07c26200/Montpellier-Brest-May-16-2021-Ligue-1,nan
FRA-Ligue 1,2021,Montpellier,2021-05-23 Nantes-Montpellier,2021-05-23,21:00:00,Matchweek 38,Sun,Away,W,2,1,Nantes,1.1,1.7,51,,Vitorino Hilton,4-3-3,4-4-2,Ruddy Buquet,/en/matches/3a8d6a94/Nantes-Montpellier-May-23-2021-Ligue-1,nan
FRA-Ligue 1,2021,Nantes,2020-08-21 Bordeaux-Nantes,2020-08-21,19:00:00,Matchweek 1,Fri,Away,D,0,0,Bordeaux,0.2,0.5,56,,Nicolas Pallois,4-4-2,4-3-3,Benoît Bastien,/en/matches/c0996cac/Bordeaux-Nantes-August-21-2020-Ligue-1,nan
FRA-Ligue 1,2021,Nantes,2020-08-30 Nantes-Nîmes,2020-08-30,15:00:00,Matchweek 2,Sun,Home,W,2,1,Nîmes,1.8,1.2,33,,Nicolas Pallois,4-2-3-1,4-2-3-1,Hakim Ben El Hadj Salem,/en/matches/ba09751a/Nantes-Nimes-August-30-2020-Ligue-1,nan
FRA-Ligue 1,2021,Nantes,2020-09-13 Monaco-Nantes,2020-09-13,17:00:00,Matchweek 3,Sun,Away,L,1,2,Monaco,1.2,2.3,43,,Nicolas Pallois,4-2-3-1,4-3-3,Clément Turpin,/en/matches/13159177/Monaco-Nantes-September-13-2020-Ligue-1,nan
FRA-Ligue 1,2021,Nantes,2020-09-20 Nantes-Saint-Étienne,2020-09-20,17:00:00,Matchweek 4,Sun,Home,D,2,2,Saint-Étienne,1.4,1.0,57,,Nicolas Pallois,4-2-3-1,4-3-3,Antony Gautier,/en/matches/6c304bd5/Nantes-Saint-Etienne-September-20-2020-Ligue-1,nan
FRA-Ligue 1,2021,Nantes,2020-09-25 Lille-Nantes,2020-09-25,21:00:00,Matchweek 5,Fri,Away,L,0,2,Lille,0.8,1.8,46,,Nicolas Pallois,4-4-2,4-4-2,Willy Delajod,/en/matches/896d1952/Lille-Nantes-September-25-2020-Ligue-1,nan
FRA-Ligue 1,2021,Nantes,2020-10-03 Nice-Nantes,2020-10-03,21:00:00,Matchweek 6,Sat,Away,L,1,2,Nice,1.2,1.6,27,,Nicolas Pallois,4-2-3-1,4-1-4-1,Jérôme Brisard,/en/matches/7f804f72/Nice-Nantes-October-3-2020-Ligue-1,nan
FRA-Ligue 1,2021,Nantes,2020-10-18 Nantes-Brest,2020-10-18,15:00:00,Matchweek 7,Sun,Home,W,3,1,Brest,1.4,1.1,40,,Nicolas Pallois,4-2-3-1,4-2-3-1,Jérémie Pignard,/en/matches/5c2b565a/Nantes-Brest-October-18-2020-Ligue-1,nan
FRA-Ligue 1,2021,Nantes,2020-10-31 Nantes-Paris S-G,2020-10-31,21:00:00,Matchweek 9,Sat,Home,L,0,3,Paris S-G,1.7,2.4,37,,Imran Louza,4-2-3-1,4-3-3,Hakim Ben El Hadj Salem,/en/matches/5926e115/Nantes-Paris-Saint-Germain-October-31-2020-Ligue-1,nan
FRA-Ligue 1,2021,Nantes,2020-11-08 Lorient-Nantes,2020-11-08,15:00:00,Matchweek 10,Sun,Away,W,2,0,Lorient,1.2,1.8,52,,Nicolas Pallois,4-2-3-1,4-4-2,Stéphanie Frappart,/en/matches/c878186f/Lorient-Nantes-November-8-2020-Ligue-1,nan
FRA-Ligue 1,2021,Nantes,2020-11-22 Nantes-Metz,2020-11-22,13:00:00,Matchweek 11,Sun,Home,D,1,1,Metz,1.3,1.3,66,,Abdoulaye Touré,4-2-3-1,4-3-3,Benoît Millot,/en/matches/20aca344/Nantes-Metz-November-22-2020-Ligue-1,nan
FRA-Ligue 1,2021,Nantes,2020-11-25 Lens-Nantes,2020-11-25,19:00:00,Matchweek 8,Wed,Away,D,1,1,Lens,2.1,0.9,51,,Nicolas Pallois,4-4-2,3-4-1-2,Florent Batta,/en/matches/fa32e765/Lens-Nantes-November-25-2020-Ligue-1,nan
FRA-Ligue 1,2021,Nantes,2020-11-28 Marseille-Nantes,2020-11-28,17:00:00,Matchweek 12,Sat,Away,L,1,3,Marseille,0.4,2.8,43,,Nicolas Pallois,4-2-3-1,4-2-3-1,Mikael Lesage,/en/matches/9ade19b5/Marseille-Nantes-November-28-2020-Ligue-1,nan
FRA-Ligue 1,2021,Nantes,2020-12-06 Nantes-Strasbourg,2020-12-06,15:00:00,Matchweek 13,Sun,Home,L,0,4,Strasbourg,0.7,2.7,62,,Nicolas Pallois,4-2-3-1,4-2-3-1,Clément Turpin,/en/matches/f800ad57/Nantes-Strasbourg-December-6-2020-Ligue-1,nan
FRA-Ligue 1,2021,Nantes,2020-12-13 Nantes-Dijon,2020-12-13,15:00:00,Matchweek 14,Sun,Home,D,1,1,Dijon,2.8,1.2,38,,Nicolas Pallois,4-3-3,4-2-3-1,Antony Gautier,/en/matches/fdd2cb11/Nantes-Dijon-December-13-2020-Ligue-1,nan
FRA-Ligue 1,2021,Nantes,2020-12-16 Reims-Nantes,2020-12-16,19:00:00,Matchweek 15,Wed,Away,L,2,3,Reims,2.0,1.8,54,,Nicolas Pallois,4-3-3,4-4-2,Karim Abed,/en/matches/5e8e99fa/Reims-Nantes-December-16-2020-Ligue-1,nan
FRA-Ligue 1,2021,Nantes,2020-12-20 Nantes-Angers,2020-12-20,15:00:00,Matchweek 16,Sun,Home,D,1,1,Angers,0.5,1.1,60,,Nicolas Pallois,4-1-4-1,4-2-3-1,Willy Delajod,/en/matches/da22205e/Nantes-Angers-December-20-2020-Ligue-1,nan
FRA-Ligue 1,2021,Nantes,2020-12-23 Lyon-Nantes,2020-12-23,21:00:00,Matchweek 17,Wed,Away,L,0,3,Lyon,1.4,3.6,36,,Nicolas Pallois,5-4-1,4-3-3,Ruddy Buquet,/en/matches/9cd0e1eb/Lyon-Nantes-December-23-2020-Ligue-1,nan
FRA-Ligue 1,2021,Nantes,2021-01-06 Nantes-Rennes,2021-01-06,19:00:00,Matchweek 18,Wed,Home,D,0,0,Rennes,0.6,0.6,28,,Nicolas Pallois,4-4-2,4-1-4-1,Jérémie Pignard,/en/matches/251197e6/Nantes-Rennes-January-6-2021-Ligue-1,nan
FRA-Ligue 1,2021,Nantes,2021-01-09 Montpellier-Nantes,2021-01-09,21:00:00,Matchweek 19,Sat,Away,D,1,1,Montpellier,1.2,1.0,53,,Nicolas Pallois,4-4-2,5-3-2,François Letexier,/en/matches/6bcc912f/Montpellier-Nantes-January-9-2021-Ligue-1,nan
FRA-Ligue 1,2021,Nantes,2021-01-17 Nantes-Lens,2021-01-17,15:00:00,Matchweek 20,Sun,Home,D,1,1,Lens,1.3,1.3,41,,Nicolas Pallois,4-4-2,3-4-1-2,Franck Schneider,/en/matches/f44eea60/Nantes-Lens-January-17-2021-Ligue-1,nan
FRA-Ligue 1,2021,Nantes,2021-01-24 Metz-Nantes,2021-01-24,15:00:00,Matchweek 21,Sun,Away,L,0,2,Metz,0.4,1.0,57,,Nicolas Pallois,4-4-2,3-4-1-2,Jérôme Miguelgorry,/en/matches/43511ac5/Metz-Nantes-January-24-2021-Ligue-1,nan
FRA-Ligue 1,2021,Nantes,2021-01-31 Nantes-Monaco,2021-01-31,21:00:00,Matchweek 22,Sun,Home,L,1,2,Monaco,0.9,1.6,33,,Nicolas Pallois,4-1-4-1,3-4-3,Thomas Léonard,/en/matches/e1e4471a/Nantes-Monaco-January-31-2021-Ligue-1,nan
FRA-Ligue 1,2021,Nantes,2021-02-03 Saint-Étienne-Nantes,2021-02-03,21:00:00,Matchweek 23,Wed,Away,D,1,1,Saint-Étienne,1.5,1.5,50,,Andrei Girotto,4-5-1,4-4-2,Eric Wattellier,/en/matches/aa148f1a/Saint-Etienne-Nantes-February-3-2021-Ligue-1,nan
FRA-Ligue 1,2021,Nantes,2021-02-07 Nantes-Lille,2021-02-07,17:00:00,Matchweek 24,Sun,Home,L,0,2,Lille,0.7,1.5,44,,Andrei Girotto,4-1-4-1,4-4-2,Stéphanie Frappart,/en/matches/45c836f2/Nantes-Lille-February-7-2021-Ligue-1,nan
FRA-Ligue 1,2021,Nantes,2021-02-14 Angers-Nantes,2021-02-14,15:00:00,Matchweek 25,Sun,Away,W,3,1,Angers,2.0,1.5,35,,Andrei Girotto,4-4-2,4-2-3-1,François Letexier,/en/matches/381b127f/Angers-Nantes-February-14-2021-Ligue-1,nan
FRA-Ligue 1,2021,Nantes,2021-02-20 Nantes-Marseille,2021-02-20,17:00:00,Matchweek 26,Sat,Home,D,1,1,Marseille,1.0,0.7,35,,Andrei Girotto,4-4-2,4-2-3-1,Amaury Delerue,/en/matches/06e21793/Nantes-Marseille-February-20-2021-Ligue-1,nan
FRA-Ligue 1,2021,Nantes,2021-02-28 Nîmes-Nantes,2021-02-28,15:00:00,Matchweek 27,Sun,Away,D,1,1,Nîmes,1.0,0.6,40,,Andrei Girotto,4-4-2,4-1-4-1,Florent Batta,/en/matches/4ea6c51e/Nimes-Nantes-February-28-2021-Ligue-1,nan
FRA-Ligue 1,2021,Nantes,2021-03-03 Nantes-Reims,2021-03-03,21:00:00,Matchweek 28,Wed,Home,L,1,2,Reims,1.3,0.6,49,,Andrei Girotto,4-4-1-1,4-1-4-1,Willy Delajod,/en/matches/c7731977/Nantes-Reims-March-3-2021-Ligue-1,nan
FRA-Ligue 1,2021,Nantes,2021-03-14 Paris S-G-Nantes,2021-03-14,21:00:00,Matchweek 29,Sun,Away,W,2,1,Paris S-G,1.3,0.6,27,,Andrei Girotto,3-4-3,4-2-3-1,Karim Abed,/en/matches/70b2cb0c/Paris-Saint-Germain-Nantes-March-14-2021-Ligue-1,nan
FRA-Ligue 1,2021,Nantes,2021-03-21 Nantes-Lorient,2021-03-21,15:00:00,Matchweek 30,Sun,Home,D,1,1,Lorient,1.3,0.9,37,,Andrei Girotto,5-3-2,3-4-3,Antony Gautier,/en/matches/3b1c6bf8/Nantes-Lorient-March-21-2021-Ligue-1,nan
FRA-Ligue 1,2021,Nantes,2021-04-04 Nantes-Nice,2021-04-04,15:00:00,Matchweek 31,Sun,Home,L,1,2,Nice,1.5,2.5,50,,Andrei Girotto,4-4-2,4-3-3,Stéphanie Frappart,/en/matches/28d288f4/Nantes-Nice-April-4-2021-Ligue-1,nan
FRA-Ligue 1,2021,Nantes,2021-04-11 Rennes-Nantes,2021-04-11,13:00:00,Matchweek 32,Sun,Away,L,0,1,Rennes,0.3,0.6,36,,Alban Lafont,3-5-2,4-4-2,Amaury Delerue,/en/matches/f48ef301/Rennes-Nantes-April-11-2021-Ligue-1,nan
FRA-Ligue 1,2021,Nantes,2021-04-18 Nantes-Lyon,2021-04-18,21:00:00,Matchweek 33,Sun,Home,L,1,2,Lyon,1.1,1.7,49,,Alban Lafont,4-2-3-1,4-2-3-1,Benoît Bastien,/en/matches/a2b60b56/Nantes-Lyon-April-18-2021-Ligue-1,nan
FRA-Ligue 1,2021,Nantes,2021-04-25 Strasbourg-Nantes,2021-04-25,15:00:00,Matchweek 34,Sun,Away,W,2,1,Strasbourg,1.2,1.5,36,,Alban Lafont,4-2-3-1,4-3-1-2,Ruddy Buquet,/en/matches/05a44d64/Strasbourg-Nantes-April-25-2021-Ligue-1,nan
FRA-Ligue 1,2021,Nantes,2021-05-02 Brest-Nantes,2021-05-02,15:00:00,Matchweek 35,Sun,Away,W,4,1,Brest,2.4,1.9,41,,Alban Lafont,4-2-3-1,4-4-2,Mikael Lesage,/en/matches/8f7e3219/Brest-Nantes-May-2-2021-Ligue-1,nan
FRA-Ligue 1,2021,Nantes,2021-05-08 Nantes-Bordeaux,2021-05-08,13:00:00,Matchweek 36,Sat,Home,W,3,0,Bordeaux,2.0,0.8,49,,Alban Lafont,4-4-2,4-4-2,Benoît Millot,/en/matches/a81bdb2c/Nantes-Bordeaux-May-8-2021-Ligue-1,nan
FRA-Ligue 1,2021,Nantes,2021-05-16 Dijon-Nantes,2021-05-16,21:00:00,Matchweek 37,Sun,Away,W,4,0,Dijon,1.9,1.1,29,,Alban Lafont,4-4-2,5-3-2,Karim Abed,/en/matches/5b0be36c/Dijon-Nantes-May-16-2021-Ligue-1,nan
FRA-Ligue 1,2021,Nantes,2021-05-23 Nantes-Montpellier,2021-05-23,21:00:00,Matchweek 38,Sun,Home,L,1,2,Montpellier,1.7,1.1,49,,Alban Lafont,4-4-2,4-3-3,Ruddy Buquet,/en/matches/3a8d6a94/Nantes-Montpellier-May-23-2021-Ligue-1,nan
FRA-Ligue 1,2021,Nice,2020-08-23 Nice-Lens,2020-08-23,17:00:00,Matchweek 1,Sun,Home,W,2,1,Lens,0.2,3.1,57,,Dante,4-3-3,3-4-1-2,Jérôme Miguelgorry,/en/matches/b08ae3b2/Nice-Lens-August-23-2020-Ligue-1,nan
FRA-Ligue 1,2021,Nice,2020-08-29 Strasbourg-Nice,2020-08-29,21:00:00,Matchweek 2,Sat,Away,W,2,0,Strasbourg,1.3,0.3,55,,Dante,4-3-3,4-2-3-1,Jérôme Brisard,/en/matches/a271affc/Strasbourg-Nice-August-29-2020-Ligue-1,nan
FRA-Ligue 1,2021,Nice,2020-09-12 Montpellier-Nice,2020-09-12,17:00:00,Matchweek 3,Sat,Away,L,1,3,Montpellier,0.7,1.7,61,,Dante,4-3-3,3-4-1-2,Antony Gautier,/en/matches/e1ed5031/Montpellier-Nice-September-12-2020-Ligue-1,nan
FRA-Ligue 1,2021,Nice,2020-09-20 Nice-Paris S-G,2020-09-20,13:00:00,Matchweek 4,Sun,Home,L,0,3,Paris S-G,1.0,3.3,50,,Dante,4-3-3,4-3-3,Benoît Bastien,/en/matches/6033dd94/Nice-Paris-Saint-Germain-September-20-2020-Ligue-1,nan
FRA-Ligue 1,2021,Nice,2020-09-27 Bordeaux-Nice,2020-09-27,13:00:00,Matchweek 5,Sun,Away,D,0,0,Bordeaux,0.8,1.2,54,,Dante,4-4-1-1,4-2-3-1,François Letexier,/en/matches/37c68582/Bordeaux-Nice-September-27-2020-Ligue-1,nan
FRA-Ligue 1,2021,Nice,2020-10-03 Nice-Nantes,2020-10-03,21:00:00,Matchweek 6,Sat,Home,W,2,1,Nantes,1.6,1.2,73,,Dante,4-1-4-1,4-2-3-1,Jérôme Brisard,/en/matches/7f804f72/Nice-Nantes-October-3-2020-Ligue-1,nan
FRA-Ligue 1,2021,Nice,2020-10-18 Saint-Étienne-Nice,2020-10-18,17:00:00,Matchweek 7,Sun,Away,W,3,1,Saint-Étienne,2.3,0.8,54,,Dante,3-4-3,3-4-1-2,Amaury Delerue,/en/matches/bf718082/Saint-Etienne-Nice-October-18-2020-Ligue-1,nan
FRA-Ligue 1,2021,Nice,2020-10-25 Nice-Lille,2020-10-25,17:00:00,Matchweek 8,Sun,Home,D,1,1,Lille,1.2,0.6,53,,Dante,5-3-2,4-4-2,Franck Schneider,/en/matches/fe7339cb/Nice-Lille-October-25-2020-Ligue-1,nan
FRA-Ligue 1,2021,Nice,2020-11-01 Angers-Nice,2020-11-01,15:00:00,Matchweek 9,Sun,Away,W,3,0,Angers,2.3,0.4,48,,Dante,5-4-1,4-2-3-1,Jeremy Stinat,/en/matches/3f3f4cf5/Angers-Nice-November-1-2020-Ligue-1,nan
FRA-Ligue 1,2021,Nice,2020-11-08 Nice-Monaco,2020-11-08,17:00:00,Matchweek 10,Sun,Home,L,1,2,Monaco,1.0,2.0,63,,Pierre Lees-Melou,3-5-2,4-4-2,Karim Abed,/en/matches/6f942c22/Nice-Monaco-November-8-2020-Ligue-1,nan
FRA-Ligue 1,2021,Nice,2020-11-29 Nice-Dijon,2020-11-29,17:00:00,Matchweek 12,Sun,Home,L,1,3,Dijon,3.1,0.9,61,,Pierre Lees-Melou,4-3-3,4-2-3-1,François Letexier,/en/matches/01d18727/Nice-Dijon-November-29-2020-Ligue-1,nan
FRA-Ligue 1,2021,Nice,2020-12-06 Reims-Nice,2020-12-06,17:00:00,Matchweek 13,Sun,Away,D,0,0,Reims,0.7,0.5,65,,Morgan Schneiderlin,3-4-3,4-2-3-1,Stéphanie Frappart,/en/matches/bbfbe923/Reims-Nice-December-6-2020-Ligue-1,nan
FRA-Ligue 1,2021,Nice,2020-12-13 Nice-Rennes,2020-12-13,13:00:00,Matchweek 14,Sun,Home,L,0,1,Rennes,0.9,1.3,54,,Morgan Schneiderlin,3-4-3,4-1-4-1,Amaury Delerue,/en/matches/5c4cfd00/Nice-Rennes-December-13-2020-Ligue-1,nan
FRA-Ligue 1,2021,Nice,2020-12-16 Nîmes-Nice,2020-12-16,19:00:00,Matchweek 15,Wed,Away,W,2,0,Nîmes,1.8,1.1,55,,Morgan Schneiderlin,3-4-3,4-2-3-1,Ruddy Buquet,/en/matches/f4381a49/Nimes-Nice-December-16-2020-Ligue-1,nan
FRA-Ligue 1,2021,Nice,2020-12-19 Nice-Lyon,2020-12-19,21:00:00,Matchweek 16,Sat,Home,L,1,4,Lyon,0.9,3.3,55,,Walter Benítez,3-4-3,4-3-3,Antony Gautier,/en/matches/03613921/Nice-Lyon-December-19-2020-Ligue-1,nan
FRA-Ligue 1,2021,Nice,2020-12-23 Nice-Lorient,2020-12-23,19:00:00,Matchweek 17,Wed,Home,D,2,2,Lorient,0.6,2.6,43,,Morgan Schneiderlin,3-4-3,4-1-4-1,Aurélien Petit,/en/matches/e8fea7ca/Nice-Lorient-December-23-2020-Ligue-1,nan
FRA-Ligue 1,2021,Nice,2021-01-06 Brest-Nice,2021-01-06,19:00:00,Matchweek 18,Wed,Away,L,0,2,Brest,1.5,1.2,61,,Morgan Schneiderlin,3-1-4-2,4-4-2,Jeremy Stinat,/en/matches/87a4ca5c/Brest-Nice-January-6-2021-Ligue-1,nan
FRA-Ligue 1,2021,Nice,2021-01-09 Metz-Nice,2021-01-09,21:00:00,Matchweek 19,Sat,Away,D,1,1,Metz,1.3,1.2,56,,Walter Benítez,3-1-4-2,5-4-1,Johan Hamel,/en/matches/4004356c/Metz-Nice-January-9-2021-Ligue-1,nan
FRA-Ligue 1,2021,Nice,2021-01-17 Nice-Bordeaux,2021-01-17,15:00:00,Matchweek 20,Sun,Home,L,0,3,Bordeaux,0.9,2.5,50,,Walter Benítez,3-1-4-2,4-1-4-1,Thomas Léonard,/en/matches/b5d02e7e/Nice-Bordeaux-January-17-2021-Ligue-1,nan
FRA-Ligue 1,2021,Nice,2021-01-23 Lens-Nice,2021-01-23,17:00:00,Matchweek 21,Sat,Away,W,1,0,Lens,0.6,1.3,45,,Pierre Lees-Melou,3-1-4-2,3-4-1-2,Hakim Ben El Hadj Salem,/en/matches/f3f0a09c/Lens-Nice-January-23-2021-Ligue-1,nan
FRA-Ligue 1,2021,Nice,2021-01-31 Nice-Saint-Étienne,2021-01-31,13:00:00,Matchweek 22,Sun,Home,L,0,1,Saint-Étienne,0.5,1.4,46,,Pierre Lees-Melou,3-1-4-2,4-2-3-1,Franck Schneider,/en/matches/35e70807/Nice-Saint-Etienne-January-31-2021-Ligue-1,nan
FRA-Ligue 1,2021,Nice,2021-02-03 Monaco-Nice,2021-02-03,21:00:00,Matchweek 23,Wed,Away,L,1,2,Monaco,0.4,2.6,58,,Pierre Lees-Melou,4-1-4-1,4-4-2,Jérôme Brisard,/en/matches/e3256b4e/Monaco-Nice-February-3-2021-Ligue-1,nan
FRA-Ligue 1,2021,Nice,2021-02-07 Nice-Angers,2021-02-07,15:00:00,Matchweek 24,Sun,Home,W,3,0,Angers,1.2,0.9,51,,Pierre Lees-Melou,4-3-3,4-2-3-1,Jérôme Miguelgorry,/en/matches/690017a7/Nice-Angers-February-7-2021-Ligue-1,nan
FRA-Ligue 1,2021,Nice,2021-02-13 Paris S-G-Nice,2021-02-13,17:00:00,Matchweek 25,Sat,Away,L,1,2,Paris S-G,1.0,2.6,45,,Pierre Lees-Melou,4-1-4-1,4-2-3-1,Jérémie Pignard,/en/matches/5e1b74b1/Paris-Saint-Germain-Nice-February-13-2021-Ligue-1,nan
FRA-Ligue 1,2021,Nice,2021-02-17 Marseille-Nice,2021-02-17,21:00:00,Matchweek 11,Wed,Away,L,2,3,Marseille,1.3,0.7,55,,Pierre Lees-Melou,4-1-4-1,4-2-3-1,Mikael Lesage,/en/matches/1380e4f4/Marseille-Nice-February-17-2021-Ligue-1,nan
FRA-Ligue 1,2021,Nice,2021-02-21 Nice-Metz,2021-02-21,15:00:00,Matchweek 26,Sun,Home,L,1,2,Metz,1.2,1.2,65,,Pierre Lees-Melou,4-3-3,3-4-3,Jeremy Stinat,/en/matches/336b4e23/Nice-Metz-February-21-2021-Ligue-1,nan
FRA-Ligue 1,2021,Nice,2021-02-26 Rennes-Nice,2021-02-26,21:00:00,Matchweek 27,Fri,Away,W,2,1,Rennes,1.9,0.9,39,,Morgan Schneiderlin,4-4-2,4-3-3,Johan Hamel,/en/matches/33ef08af/Rennes-Nice-February-26-2021-Ligue-1,nan
FRA-Ligue 1,2021,Nice,2021-03-03 Nice-Nîmes,2021-03-03,19:00:00,Matchweek 28,Wed,Home,W,2,1,Nîmes,1.4,2.4,54,,Morgan Schneiderlin,4-1-4-1,4-1-4-1,Hakim Ben El Hadj Salem,/en/matches/3ac3acbb/Nice-Nimes-March-3-2021-Ligue-1,nan
FRA-Ligue 1,2021,Nice,2021-03-14 Lorient-Nice,2021-03-14,15:00:00,Matchweek 29,Sun,Away,D,1,1,Lorient,0.5,2.2,51,,Pierre Lees-Melou,4-2-3-1,3-5-2,Ruddy Buquet,/en/matches/73e8e19e/Lorient-Nice-March-14-2021-Ligue-1,nan
FRA-Ligue 1,2021,Nice,2021-03-20 Nice-Marseille,2021-03-20,17:00:00,Matchweek 30,Sat,Home,W,3,0,Marseille,2.4,0.4,43,,Morgan Schneiderlin,4-3-3,3-5-2,François Letexier,/en/matches/32a19bdd/Nice-Marseille-March-20-2021-Ligue-1,nan
FRA-Ligue 1,2021,Nice,2021-04-04 Nantes-Nice,2021-04-04,15:00:00,Matchweek 31,Sun,Away,W,2,1,Nantes,2.5,1.5,50,,Pierre Lees-Melou,4-3-3,4-4-2,Stéphanie Frappart,/en/matches/28d288f4/Nantes-Nice-April-4-2021-Ligue-1,nan
FRA-Ligue 1,2021,Nice,2021-04-11 Nice-Reims,2021-04-11,15:00:00,Matchweek 32,Sun,Home,D,0,0,Reims,0.6,0.5,54,,Morgan Schneiderlin,4-3-3,4-3-3,Jeremy Stinat,/en/matches/fe622347/Nice-Reims-April-11-2021-Ligue-1,nan
FRA-Ligue 1,2021,Nice,2021-04-18 Dijon-Nice,2021-04-18,15:00:00,Matchweek 33,Sun,Away,L,0,2,Dijon,0.7,1.6,57,,Pierre Lees-Melou,4-3-3,5-3-2,Johan Hamel,/en/matches/47537610/Dijon-Nice-April-18-2021-Ligue-1,nan
FRA-Ligue 1,2021,Nice,2021-04-25 Nice-Montpellier,2021-04-25,13:00:00,Matchweek 34,Sun,Home,W,3,1,Montpellier,2.0,1.4,58,,Morgan Schneiderlin,4-1-4-1,4-2-3-1,Bastien Dechepy,/en/matches/5f5ddc93/Nice-Montpellier-April-25-2021-Ligue-1,nan
FRA-Ligue 1,2021,Nice,2021-05-01 Lille-Nice,2021-05-01,21:00:00,Matchweek 35,Sat,Away,L,0,2,Lille,0.0,0.8,45,,Morgan Schneiderlin,4-1-4-1,4-4-2,Amaury Delerue,/en/matches/6a9a2087/Lille-Nice-May-1-2021-Ligue-1,nan
FRA-Ligue 1,2021,Nice,2021-05-09 Nice-Brest,2021-05-09,15:00:00,Matchweek 36,Sun,Home,W,3,2,Brest,2.9,0.9,63,,Pierre Lees-Melou,4-1-4-1,4-4-2,Thomas Léonard,/en/matches/4938a1bf/Nice-Brest-May-9-2021-Ligue-1,nan
FRA-Ligue 1,2021,Nice,2021-05-16 Nice-Strasbourg,2021-05-16,21:00:00,Matchweek 37,Sun,Home,L,0,2,Strasbourg,0.9,1.9,72,,Morgan Schneiderlin,4-1-4-1,5-3-2,Mikael Lesage,/en/matches/75cbbe08/Nice-Strasbourg-May-16-2021-Ligue-1,nan
FRA-Ligue 1,2021,Nice,2021-05-23 Lyon-Nice,2021-05-23,21:00:00,Matchweek 38,Sun,Away,W,3,2,Lyon,1.6,1.4,45,,Pierre Lees-Melou,4-1-4-1,4-2-3-1,Benoît Millot,/en/matches/cb4cd692/Lyon-Nice-May-23-2021-Ligue-1,nan
FRA-Ligue 1,2021,Nîmes,2020-08-23 Nîmes-Brest,2020-08-23,15:00:00,Matchweek 1,Sun,Home,W,4,0,Brest,1.7,0.8,44,,Renaud Ripart,4-2-3-1,4-2-3-1,Jérémie Pignard,/en/matches/da8136ae/Nimes-Brest-August-23-2020-Ligue-1,nan
FRA-Ligue 1,2021,Nîmes,2020-08-30 Nantes-Nîmes,2020-08-30,15:00:00,Matchweek 2,Sun,Away,L,1,2,Nantes,1.2,1.8,67,,Renaud Ripart,4-2-3-1,4-2-3-1,Hakim Ben El Hadj Salem,/en/matches/ba09751a/Nantes-Nimes-August-30-2020-Ligue-1,nan
FRA-Ligue 1,2021,Nîmes,2020-09-13 Nîmes-Rennes,2020-09-13,15:00:00,Matchweek 3,Sun,Home,L,2,4,Rennes,1.3,2.1,45,,Renaud Ripart,4-2-3-1,4-3-3,Mikael Lesage,/en/matches/a38dda9a/Nimes-Rennes-September-13-2020-Ligue-1,nan
FRA-Ligue 1,2021,Nîmes,2020-09-18 Lyon-Nîmes,2020-09-18,21:00:00,Matchweek 4,Fri,Away,D,0,0,Lyon,0.7,1.4,27,4385.0,Anthony Briançon,4-3-3,4-4-2,Amaury Delerue,/en/matches/01b7d3d4/Lyon-Nimes-September-18-2020-Ligue-1,nan
FRA-Ligue 1,2021,Nîmes,2020-09-27 Nîmes-Lens,2020-09-27,15:00:00,Matchweek 5,Sun,Home,D,1,1,Lens,0.5,1.3,51,,Anthony Briançon,4-3-3,3-4-3,Franck Schneider,/en/matches/e4a4657c/Nimes-Lens-September-27-2020-Ligue-1,nan
FRA-Ligue 1,2021,Nîmes,2020-10-04 Montpellier-Nîmes,2020-10-04,13:00:00,Matchweek 6,Sun,Away,W,1,0,Montpellier,0.7,0.8,47,,Anthony Briançon,4-3-3,3-4-1-2,Benoît Millot,/en/matches/d63bd80e/Montpellier-Nimes-October-4-2020-Ligue-1,nan
FRA-Ligue 1,2021,Nîmes,2020-10-16 Nîmes-Paris S-G,2020-10-16,21:00:00,Matchweek 7,Fri,Home,L,0,4,Paris S-G,0.2,3.8,25,,Renaud Ripart,4-3-3,4-3-3,Clément Turpin,/en/matches/5fe3d8ce/Nimes-Paris-Saint-Germain-October-16-2020-Ligue-1,nan
FRA-Ligue 1,2021,Nîmes,2020-10-25 Bordeaux-Nîmes,2020-10-25,15:00:00,Matchweek 8,Sun,Away,L,0,2,Bordeaux,0.7,2.1,41,,Anthony Briançon,4-3-3,4-2-3-1,Bastien Dechepy,/en/matches/72fedf37/Bordeaux-Nimes-October-25-2020-Ligue-1,nan
FRA-Ligue 1,2021,Nîmes,2020-11-01 Nîmes-Metz,2020-11-01,15:00:00,Matchweek 9,Sun,Home,L,0,1,Metz,0.9,0.8,67,,Anthony Briançon,4-4-2,4-2-3-1,Amaury Delerue,/en/matches/d3c9822f/Nimes-Metz-November-1-2020-Ligue-1,nan
FRA-Ligue 1,2021,Nîmes,2020-11-08 Nîmes-Angers,2020-11-08,15:00:00,Matchweek 10,Sun,Home,L,1,5,Angers,1.9,2.8,59,,Anthony Briançon,4-3-3,4-2-3-1,Franck Schneider,/en/matches/d7b1fb5b/Nimes-Angers-November-8-2020-Ligue-1,nan
FRA-Ligue 1,2021,Nîmes,2020-11-22 Reims-Nîmes,2020-11-22,15:00:00,Matchweek 11,Sun,Away,W,1,0,Reims,1.0,1.5,30,,Renaud Ripart,4-3-3,4-4-2,Jeremy Stinat,/en/matches/1ee3fd0c/Reims-Nimes-November-22-2020-Ligue-1,nan
FRA-Ligue 1,2021,Nîmes,2020-11-29 Monaco-Nîmes,2020-11-29,15:00:00,Matchweek 12,Sun,Away,L,0,3,Monaco,0.3,3.3,33,,Renaud Ripart,4-3-3,4-4-1-1,Antony Gautier,/en/matches/50ca8cbf/Monaco-Nimes-November-29-2020-Ligue-1,nan
FRA-Ligue 1,2021,Nîmes,2020-12-04 Nîmes-Marseille,2020-12-04,21:00:00,Matchweek 13,Fri,Home,L,0,2,Marseille,0.7,2.3,32,,Renaud Ripart,4-4-2,4-1-2-1-2,Willy Delajod,/en/matches/a0106768/Nimes-Marseille-December-4-2020-Ligue-1,nan
FRA-Ligue 1,2021,Nîmes,2020-12-13 Lorient-Nîmes,2020-12-13,15:00:00,Matchweek 14,Sun,Away,L,0,3,Lorient,0.5,2.7,56,,Renaud Ripart,3-4-3,4-3-3,Karim Abed,/en/matches/22ecd8a2/Lorient-Nimes-December-13-2020-Ligue-1,nan
FRA-Ligue 1,2021,Nîmes,2020-12-16 Nîmes-Nice,2020-12-16,19:00:00,Matchweek 15,Wed,Home,L,0,2,Nice,1.1,1.8,45,,Loïck Landre,4-2-3-1,3-4-3,Ruddy Buquet,/en/matches/f4381a49/Nimes-Nice-December-16-2020-Ligue-1,nan
FRA-Ligue 1,2021,Nîmes,2020-12-20 Saint-Étienne-Nîmes,2020-12-20,15:00:00,Matchweek 16,Sun,Away,D,2,2,Saint-Étienne,1.6,2.9,41,,Zinedine Ferhat,4-3-3,4-2-3-1,Mikael Lesage,/en/matches/45ed736f/Saint-Etienne-Nimes-December-20-2020-Ligue-1,nan
FRA-Ligue 1,2021,Nîmes,2020-12-23 Nîmes-Dijon,2020-12-23,19:00:00,Matchweek 17,Wed,Home,L,1,3,Dijon,1.0,1.8,46,,Renaud Ripart,4-2-3-1,4-2-3-1,Jérémie Pignard,/en/matches/d2b80896/Nimes-Dijon-December-23-2020-Ligue-1,nan
FRA-Ligue 1,2021,Nîmes,2021-01-06 Strasbourg-Nîmes,2021-01-06,19:00:00,Matchweek 18,Wed,Away,L,0,5,Strasbourg,1.0,4.9,41,,Anthony Briançon,4-2-3-1,4-1-2-1-2,Benoît Millot,/en/matches/14d9a4e7/Strasbourg-Nimes-January-6-2021-Ligue-1,nan
FRA-Ligue 1,2021,Nîmes,2021-01-09 Nîmes-Lille,2021-01-09,21:00:00,Matchweek 19,Sat,Home,L,0,1,Lille,0.4,0.9,48,,Anthony Briançon,4-2-3-1,3-4-3,Jérôme Brisard,/en/matches/292bb1da/Nimes-Lille-January-9-2021-Ligue-1,nan
FRA-Ligue 1,2021,Nîmes,2021-01-16 Marseille-Nîmes,2021-01-16,17:00:00,Matchweek 20,Sat,Away,W,2,1,Marseille,1.4,2.0,37,,Anthony Briançon,4-1-4-1,4-2-3-1,Jeremy Stinat,/en/matches/e22fe1f8/Marseille-Nimes-January-16-2021-Ligue-1,nan
FRA-Ligue 1,2021,Nîmes,2021-01-31 Angers-Nîmes,2021-01-31,15:00:00,Matchweek 22,Sun,Away,L,1,3,Angers,1.1,1.5,60,,Anthony Briançon,4-1-4-1,4-2-3-1,Ruddy Buquet,/en/matches/d0799ee9/Angers-Nimes-January-31-2021-Ligue-1,nan
FRA-Ligue 1,2021,Nîmes,2021-02-03 Paris S-G-Nîmes,2021-02-03,21:00:00,Matchweek 23,Wed,Away,L,0,3,Paris S-G,2.0,1.8,34,,Anthony Briançon,4-1-4-1,4-4-2,François Letexier,/en/matches/709ec89c/Paris-Saint-Germain-Nimes-February-3-2021-Ligue-1,nan
FRA-Ligue 1,2021,Nîmes,2021-02-07 Nîmes-Monaco,2021-02-07,15:00:00,Matchweek 24,Sun,Home,L,3,4,Monaco,1.4,1.3,44,,Anthony Briançon,4-1-4-1,4-4-2,Clément Turpin,/en/matches/56b1c227/Nimes-Monaco-February-7-2021-Ligue-1,nan
FRA-Ligue 1,2021,Nîmes,2021-02-14 Dijon-Nîmes,2021-02-14,15:00:00,Matchweek 25,Sun,Away,W,2,0,Dijon,1.7,0.8,50,,Anthony Briançon,4-1-4-1,4-2-3-1,Aurélien Petit,/en/matches/8382916d/Dijon-Nimes-February-14-2021-Ligue-1,nan
FRA-Ligue 1,2021,Nîmes,2021-02-21 Nîmes-Bordeaux,2021-02-21,15:00:00,Matchweek 26,Sun,Home,W,2,0,Bordeaux,0.4,0.8,29,,Anthony Briançon,4-1-4-1,4-2-3-1,Willy Delajod,/en/matches/e9fbe45a/Nimes-Bordeaux-February-21-2021-Ligue-1,nan
FRA-Ligue 1,2021,Nîmes,2021-02-24 Nîmes-Lorient,2021-02-24,19:00:00,Matchweek 21,Wed,Home,W,1,0,Lorient,1.0,0.5,49,,Renaud Ripart,4-1-4-1,4-3-3,Jérôme Miguelgorry,/en/matches/dda09113/Nimes-Lorient-February-24-2021-Ligue-1,nan
FRA-Ligue 1,2021,Nîmes,2021-02-28 Nîmes-Nantes,2021-02-28,15:00:00,Matchweek 27,Sun,Home,D,1,1,Nantes,0.6,1.0,60,,Renaud Ripart,4-1-4-1,4-4-2,Florent Batta,/en/matches/4ea6c51e/Nimes-Nantes-February-28-2021-Ligue-1,nan
FRA-Ligue 1,2021,Nîmes,2021-03-03 Nice-Nîmes,2021-03-03,19:00:00,Matchweek 28,Wed,Away,L,1,2,Nice,2.4,1.4,46,,Renaud Ripart,4-1-4-1,4-1-4-1,Hakim Ben El Hadj Salem,/en/matches/3ac3acbb/Nice-Nimes-March-3-2021-Ligue-1,nan
FRA-Ligue 1,2021,Nîmes,2021-03-14 Nîmes-Montpellier,2021-03-14,13:00:00,Matchweek 29,Sun,Home,D,1,1,Montpellier,1.6,1.0,39,,Renaud Ripart,4-1-4-1,4-1-4-1,Eric Wattellier,/en/matches/efcf3d10/Nimes-Montpellier-March-14-2021-Ligue-1,nan
FRA-Ligue 1,2021,Nîmes,2021-03-21 Lille-Nîmes,2021-03-21,17:05:00,Matchweek 30,Sun,Away,W,2,1,Lille,0.9,1.0,28,,Renaud Ripart,4-1-4-1,4-4-2,Franck Schneider,/en/matches/4af73870/Lille-Nimes-March-21-2021-Ligue-1,nan
FRA-Ligue 1,2021,Nîmes,2021-04-04 Nîmes-Saint-Étienne,2021-04-04,17:05:00,Matchweek 31,Sun,Home,L,0,2,Saint-Étienne,1.7,1.7,53,,Renaud Ripart,4-1-4-1,4-1-4-1,Thomas Léonard,/en/matches/4f5cf422/Nimes-Saint-Etienne-April-4-2021-Ligue-1,nan
FRA-Ligue 1,2021,Nîmes,2021-04-11 Brest-Nîmes,2021-04-11,15:00:00,Matchweek 32,Sun,Away,D,1,1,Brest,0.9,2.8,37,,Renaud Ripart,4-1-4-1,4-4-2,Willy Delajod,/en/matches/f07ab6e3/Brest-Nimes-April-11-2021-Ligue-1,nan
FRA-Ligue 1,2021,Nîmes,2021-04-18 Nîmes-Strasbourg,2021-04-18,15:00:00,Matchweek 33,Sun,Home,D,1,1,Strasbourg,1.4,1.1,52,,Renaud Ripart,4-1-4-1,4-1-2-1-2,Antony Gautier,/en/matches/9a9ec43b/Nimes-Strasbourg-April-18-2021-Ligue-1,nan
FRA-Ligue 1,2021,Nîmes,2021-04-25 Lens-Nîmes,2021-04-25,15:00:00,Matchweek 34,Sun,Away,L,1,2,Lens,1.6,0.6,56,,Renaud Ripart,4-1-4-1,3-5-2,Aurélien Petit,/en/matches/986bbf2c/Lens-Nimes-April-25-2021-Ligue-1,nan
FRA-Ligue 1,2021,Nîmes,2021-05-02 Nîmes-Reims,2021-05-02,15:00:00,Matchweek 35,Sun,Home,D,2,2,Reims,2.5,0.8,51,,Renaud Ripart,4-2-3-1,4-3-3,Benoît Millot,/en/matches/52a6b8a7/Nimes-Reims-May-2-2021-Ligue-1,nan
FRA-Ligue 1,2021,Nîmes,2021-05-09 Metz-Nîmes,2021-05-09,15:00:00,Matchweek 36,Sun,Away,W,3,0,Metz,1.9,0.7,42,,Lamine Fomba,4-2-3-1,4-3-3,François Letexier,/en/matches/f4478aa3/Metz-Nimes-May-9-2021-Ligue-1,nan
FRA-Ligue 1,2021,Nîmes,2021-05-16 Nîmes-Lyon,2021-05-16,21:00:00,Matchweek 37,Sun,Home,L,2,5,Lyon,1.0,2.4,43,,Renaud Ripart,4-2-3-1,4-2-3-1,Ruddy Buquet,/en/matches/cbcc34d4/Nimes-Lyon-May-16-2021-Ligue-1,nan
FRA-Ligue 1,2021,Nîmes,2021-05-23 Rennes-Nîmes,2021-05-23,21:00:00,Matchweek 38,Sun,Away,L,0,2,Rennes,0.6,1.2,32,,Renaud Ripart,4-1-4-1,4-4-2,Willy Delajod,/en/matches/bf2041f7/Rennes-Nimes-May-23-2021-Ligue-1,nan
FRA-Ligue 1,2021,Paris S-G,2020-09-10 Lens-Paris S-G,2020-09-10,21:00:00,Matchweek 2,Thu,Away,L,0,1,Lens,0.4,1.5,78,,Presnel Kimpembe,4-3-3,3-4-1-2,Hakim Ben El Hadj Salem,/en/matches/796787da/Lens-Paris-Saint-Germain-September-10-2020-Ligue-1,nan
FRA-Ligue 1,2021,Paris S-G,2020-09-13 Paris S-G-Marseille,2020-09-13,21:00:00,Matchweek 3,Sun,Home,L,0,1,Marseille,2.4,0.8,65,,Presnel Kimpembe,4-3-3,4-3-3,Jérôme Brisard,/en/matches/84e1075c/Paris-Saint-Germain-Marseille-September-13-2020-Ligue-1,nan
FRA-Ligue 1,2021,Paris S-G,2020-09-16 Paris S-G-Metz,2020-09-16,21:00:00,Matchweek 1,Wed,Home,W,1,0,Metz,2.2,0.9,71,,Marquinhos,4-3-3,3-4-1-2,Mikael Lesage,/en/matches/c5bf1d57/Paris-Saint-Germain-Metz-September-16-2020-Ligue-1,nan
FRA-Ligue 1,2021,Paris S-G,2020-09-20 Nice-Paris S-G,2020-09-20,13:00:00,Matchweek 4,Sun,Away,W,3,0,Nice,3.3,1.0,50,,Marquinhos,4-3-3,4-3-3,Benoît Bastien,/en/matches/6033dd94/Nice-Paris-Saint-Germain-September-20-2020-Ligue-1,nan
FRA-Ligue 1,2021,Paris S-G,2020-09-27 Reims-Paris S-G,2020-09-27,21:00:00,Matchweek 5,Sun,Away,W,2,0,Reims,3.8,0.3,64,,Marquinhos,4-1-4-1,4-1-4-1,Ruddy Buquet,/en/matches/61cf0b59/Reims-Paris-Saint-Germain-September-27-2020-Ligue-1,nan
FRA-Ligue 1,2021,Paris S-G,2020-10-02 Paris S-G-Angers,2020-10-02,21:00:00,Matchweek 6,Fri,Home,W,6,1,Angers,2.4,1.0,57,,Marquinhos,4-4-2,5-4-1,Franck Schneider,/en/matches/7feb9bf5/Paris-Saint-Germain-Angers-October-2-2020-Ligue-1,nan
FRA-Ligue 1,2021,Paris S-G,2020-10-16 Nîmes-Paris S-G,2020-10-16,21:00:00,Matchweek 7,Fri,Away,W,4,0,Nîmes,3.8,0.2,75,,Presnel Kimpembe,4-3-3,4-3-3,Clément Turpin,/en/matches/5fe3d8ce/Nimes-Paris-Saint-Germain-October-16-2020-Ligue-1,nan
FRA-Ligue 1,2021,Paris S-G,2020-10-24 Paris S-G-Dijon,2020-10-24,21:00:00,Matchweek 8,Sat,Home,W,4,0,Dijon,3.8,1.6,55,,Marquinhos,4-3-3,4-3-3,Johan Hamel,/en/matches/685d28aa/Paris-Saint-Germain-Dijon-October-24-2020-Ligue-1,nan
FRA-Ligue 1,2021,Paris S-G,2020-10-31 Nantes-Paris S-G,2020-10-31,21:00:00,Matchweek 9,Sat,Away,W,3,0,Nantes,2.4,1.7,63,,Keylor Navas,4-3-3,4-2-3-1,Hakim Ben El Hadj Salem,/en/matches/5926e115/Nantes-Paris-Saint-Germain-October-31-2020-Ligue-1,nan
FRA-Ligue 1,2021,Paris S-G,2020-11-07 Paris S-G-Rennes,2020-11-07,21:00:00,Matchweek 10,Sat,Home,W,3,0,Rennes,0.9,1.0,49,,Marquinhos,4-3-3,4-1-4-1,Benoît Bastien,/en/matches/a28dd1b9/Paris-Saint-Germain-Rennes-November-7-2020-Ligue-1,nan
FRA-Ligue 1,2021,Paris S-G,2020-11-20 Monaco-Paris S-G,2020-11-20,21:00:00,Matchweek 11,Fri,Away,L,2,3,Monaco,1.9,3.9,48,,Presnel Kimpembe,4-4-2,4-4-1-1,Clément Turpin,/en/matches/8ff1eb68/Monaco-Paris-Saint-Germain-November-20-2020-Ligue-1,nan
FRA-Ligue 1,2021,Paris S-G,2020-11-28 Paris S-G-Bordeaux,2020-11-28,21:00:00,Matchweek 12,Sat,Home,D,2,2,Bordeaux,2.2,1.3,65,,Presnel Kimpembe,4-2-2-2,4-4-2,Jérémie Pignard,/en/matches/35fddbd7/Paris-Saint-Germain-Bordeaux-November-28-2020-Ligue-1,nan
FRA-Ligue 1,2021,Paris S-G,2020-12-05 Montpellier-Paris S-G,2020-12-05,21:00:00,Matchweek 13,Sat,Away,W,3,1,Montpellier,1.8,2.1,65,,Keylor Navas,5-3-2,4-3-3,Mikael Lesage,/en/matches/52a2e13f/Montpellier-Paris-Saint-Germain-December-5-2020-Ligue-1,nan
FRA-Ligue 1,2021,Paris S-G,2020-12-13 Paris S-G-Lyon,2020-12-13,21:00:00,Matchweek 14,Sun,Home,L,0,1,Lyon,0.4,0.8,64,,Presnel Kimpembe,3-5-2,4-3-3,Benoît Bastien,/en/matches/99d657ba/Paris-Saint-Germain-Lyon-December-13-2020-Ligue-1,nan
FRA-Ligue 1,2021,Paris S-G,2020-12-16 Paris S-G-Lorient,2020-12-16,21:00:00,Matchweek 15,Wed,Home,W,2,0,Lorient,2.7,1.4,74,,Ander Herrera,3-5-2,3-5-2,Johan Hamel,/en/matches/60fcfb5f/Paris-Saint-Germain-Lorient-December-16-2020-Ligue-1,nan
FRA-Ligue 1,2021,Paris S-G,2020-12-20 Lille-Paris S-G,2020-12-20,21:00:00,Matchweek 16,Sun,Away,D,0,0,Lille,0.7,0.5,69,,Marquinhos,3-4-3,4-4-1-1,François Letexier,/en/matches/77f35879/Lille-Paris-Saint-Germain-December-20-2020-Ligue-1,nan
FRA-Ligue 1,2021,Paris S-G,2020-12-23 Paris S-G-Strasbourg,2020-12-23,21:00:00,Matchweek 17,Wed,Home,W,4,0,Strasbourg,2.9,0.6,69,,Marquinhos,3-5-2,3-5-1-1,Jérôme Miguelgorry,/en/matches/644e5bd2/Paris-Saint-Germain-Strasbourg-December-23-2020-Ligue-1,nan
FRA-Ligue 1,2021,Paris S-G,2021-01-06 Saint-Étienne-Paris S-G,2021-01-06,21:00:00,Matchweek 18,Wed,Away,D,1,1,Saint-Étienne,1.6,1.2,68,,Marquinhos,4-3-3,4-4-2,Karim Abed,/en/matches/2c025c21/Saint-Etienne-Paris-Saint-Germain-January-6-2021-Ligue-1,nan
FRA-Ligue 1,2021,Paris S-G,2021-01-09 Paris S-G-Brest,2021-01-09,21:00:00,Matchweek 19,Sat,Home,W,3,0,Brest,2.9,0.7,61,,Marquinhos,4-3-3,4-4-2,Hakim Ben El Hadj Salem,/en/matches/5123800a/Paris-Saint-Germain-Brest-January-9-2021-Ligue-1,nan
FRA-Ligue 1,2021,Paris S-G,2021-01-16 Angers-Paris S-G,2021-01-16,21:00:00,Matchweek 20,Sat,Away,W,1,0,Angers,1.4,0.9,61,,Marquinhos,4-2-3-1,4-4-2,Amaury Delerue,/en/matches/42a1a73e/Angers-Paris-Saint-Germain-January-16-2021-Ligue-1,nan
FRA-Ligue 1,2021,Paris S-G,2021-01-22 Paris S-G-Montpellier,2021-01-22,21:00:00,Matchweek 21,Fri,Home,W,4,0,Montpellier,4.5,0.4,72,,Marquinhos,4-2-3-1,4-4-1-1,Willy Delajod,/en/matches/d47d95ab/Paris-Saint-Germain-Montpellier-January-22-2021-Ligue-1,nan
FRA-Ligue 1,2021,Paris S-G,2021-01-31 Lorient-Paris S-G,2021-01-31,15:00:00,Matchweek 22,Sun,Away,L,2,3,Lorient,2.6,1.8,65,,Presnel Kimpembe,4-4-2,5-4-1,Jeremy Stinat,/en/matches/0439be7e/Lorient-Paris-Saint-Germain-January-31-2021-Ligue-1,nan
FRA-Ligue 1,2021,Paris S-G,2021-02-03 Paris S-G-Nîmes,2021-02-03,21:00:00,Matchweek 23,Wed,Home,W,3,0,Nîmes,1.8,2.0,66,,Presnel Kimpembe,4-4-2,4-1-4-1,François Letexier,/en/matches/709ec89c/Paris-Saint-Germain-Nimes-February-3-2021-Ligue-1,nan
FRA-Ligue 1,2021,Paris S-G,2021-02-07 Marseille-Paris S-G,2021-02-07,21:00:00,Matchweek 24,Sun,Away,W,2,0,Marseille,1.7,0.6,47,,Marquinhos,4-3-3,4-3-3,Benoît Bastien,/en/matches/c15805b7/Marseille-Paris-Saint-Germain-February-7-2021-Ligue-1,nan
FRA-Ligue 1,2021,Paris S-G,2021-02-13 Paris S-G-Nice,2021-02-13,17:00:00,Matchweek 25,Sat,Home,W,2,1,Nice,2.6,1.0,55,,Marquinhos,4-2-3-1,4-1-4-1,Jérémie Pignard,/en/matches/5e1b74b1/Paris-Saint-Germain-Nice-February-13-2021-Ligue-1,nan
FRA-Ligue 1,2021,Paris S-G,2021-02-21 Paris S-G-Monaco,2021-02-21,21:00:00,Matchweek 26,Sun,Home,L,0,2,Monaco,0.7,1.3,74,,Marquinhos,4-3-3,3-4-3,Ruddy Buquet,/en/matches/6a139966/Paris-Saint-Germain-Monaco-February-21-2021-Ligue-1,nan
FRA-Ligue 1,2021,Paris S-G,2021-02-27 Dijon-Paris S-G,2021-02-27,17:00:00,Matchweek 27,Sat,Away,W,4,0,Dijon,1.9,0.2,60,,Marquinhos,4-2-3-1,5-3-2,Mikael Lesage,/en/matches/968f9128/Dijon-Paris-Saint-Germain-February-27-2021-Ligue-1,nan
FRA-Ligue 1,2021,Paris S-G,2021-03-03 Bordeaux-Paris S-G,2021-03-03,21:00:00,Matchweek 28,Wed,Away,W,1,0,Bordeaux,1.0,0.6,56,,Marquinhos,4-2-3-1,3-4-3,Franck Schneider,/en/matches/562fc539/Bordeaux-Paris-Saint-Germain-March-3-2021-Ligue-1,nan
FRA-Ligue 1,2021,Paris S-G,2021-03-14 Paris S-G-Nantes,2021-03-14,21:00:00,Matchweek 29,Sun,Home,L,1,2,Nantes,0.6,1.3,73,,Marquinhos,4-2-3-1,3-4-3,Karim Abed,/en/matches/70b2cb0c/Paris-Saint-Germain-Nantes-March-14-2021-Ligue-1,nan
FRA-Ligue 1,2021,Paris S-G,2021-03-21 Lyon-Paris S-G,2021-03-21,21:00:00,Matchweek 30,Sun,Away,W,4,2,Lyon,1.4,0.8,57,,Marquinhos,4-2-3-1,4-3-3,Clément Turpin,/en/matches/bb18a4cc/Lyon-Paris-Saint-Germain-March-21-2021-Ligue-1,nan
FRA-Ligue 1,2021,Paris S-G,2021-04-03 Paris S-G-Lille,2021-04-03,17:00:00,Matchweek 31,Sat,Home,L,0,1,Lille,1.1,0.5,65,,Marquinhos,4-2-3-1,4-4-2,Benoît Bastien,/en/matches/cfa66277/Paris-Saint-Germain-Lille-April-3-2021-Ligue-1,nan
FRA-Ligue 1,2021,Paris S-G,2021-04-10 Strasbourg-Paris S-G,2021-04-10,17:00:00,Matchweek 32,Sat,Away,W,4,1,Strasbourg,1.9,0.9,63,,Presnel Kimpembe,4-2-3-1,4-2-3-1,Jérémie Pignard,/en/matches/3d39e7ef/Strasbourg-Paris-Saint-Germain-April-10-2021-Ligue-1,nan
FRA-Ligue 1,2021,Paris S-G,2021-04-18 Paris S-G-Saint-Étienne,2021-04-18,13:00:00,Matchweek 33,Sun,Home,W,3,2,Saint-Étienne,2.2,1.2,71,,Presnel Kimpembe,4-2-3-1,4-4-2,Ruddy Buquet,/en/matches/9ae8425f/Paris-Saint-Germain-Saint-Etienne-April-18-2021-Ligue-1,nan
FRA-Ligue 1,2021,Paris S-G,2021-04-24 Metz-Paris S-G,2021-04-24,17:00:00,Matchweek 34,Sat,Away,W,3,1,Metz,2.9,0.7,66,,Presnel Kimpembe,4-3-3,3-5-1-1,Willy Delajod,/en/matches/370cea73/Metz-Paris-Saint-Germain-April-24-2021-Ligue-1,nan
FRA-Ligue 1,2021,Paris S-G,2021-05-01 Paris S-G-Lens,2021-05-01,17:00:00,Matchweek 35,Sat,Home,W,2,1,Lens,1.4,1.6,59,,Marquinhos,4-2-3-1,5-3-2,Jérôme Brisard,/en/matches/315d82a9/Paris-Saint-Germain-Lens-May-1-2021-Ligue-1,nan
FRA-Ligue 1,2021,Paris S-G,2021-05-09 Rennes-Paris S-G,2021-05-09,21:00:00,Matchweek 36,Sun,Away,D,1,1,Rennes,1.6,1.0,57,,Marquinhos,4-2-3-1,4-4-2,Ruddy Buquet,/en/matches/6fb5cbc5/Rennes-Paris-Saint-Germain-May-9-2021-Ligue-1,nan
FRA-Ligue 1,2021,Paris S-G,2021-05-16 Paris S-G-Reims,2021-05-16,21:00:00,Matchweek 37,Sun,Home,W,4,0,Reims,3.6,0.1,58,,Marquinhos,4-2-3-1,4-1-4-1,Clément Turpin,/en/matches/b8a9948f/Paris-Saint-Germain-Reims-May-16-2021-Ligue-1,nan
FRA-Ligue 1,2021,Paris S-G,2021-05-23 Brest-Paris S-G,2021-05-23,21:00:00,Matchweek 38,Sun,Away,W,2,0,Brest,2.4,1.4,63,,Marquinhos,4-3-3,4-4-2,Mikael Lesage,/en/matches/e0259056/Brest-Paris-Saint-Germain-May-23-2021-Ligue-1,nan
FRA-Ligue 1,2021,Reims,2020-08-23 Monaco-Reims,2020-08-23,13:00:00,Matchweek 1,Sun,Away,D,2,2,Monaco,1.7,1.8,25,,Yunis Abdelhamid,4-4-2,4-3-3,François Letexier,/en/matches/b3bddcc0/Monaco-Reims-August-23-2020-Ligue-1,nan
FRA-Ligue 1,2021,Reims,2020-08-30 Reims-Lille,2020-08-30,13:00:00,Matchweek 2,Sun,Home,L,0,1,Lille,0.3,1.2,50,,Yunis Abdelhamid,4-1-4-1,4-4-2,Stéphanie Frappart,/en/matches/c25931b4/Reims-Lille-August-30-2020-Ligue-1,nan
FRA-Ligue 1,2021,Reims,2020-09-13 Angers-Reims,2020-09-13,15:00:00,Matchweek 3,Sun,Away,L,0,1,Angers,0.4,2.0,42,,Xavier Chavalerin,4-4-2,4-1-4-1,Benoît Bastien,/en/matches/a1237c63/Angers-Reims-September-13-2020-Ligue-1,nan
FRA-Ligue 1,2021,Reims,2020-09-20 Metz-Reims,2020-09-20,15:00:00,Matchweek 4,Sun,Away,L,1,2,Metz,1.2,1.7,41,,Yunis Abdelhamid,4-2-3-1,4-3-3,Johan Hamel,/en/matches/a0f9e058/Metz-Reims-September-20-2020-Ligue-1,nan
FRA-Ligue 1,2021,Reims,2020-09-27 Reims-Paris S-G,2020-09-27,21:00:00,Matchweek 5,Sun,Home,L,0,2,Paris S-G,0.3,3.8,36,,Yunis Abdelhamid,4-1-4-1,4-1-4-1,Ruddy Buquet,/en/matches/61cf0b59/Reims-Paris-Saint-Germain-September-27-2020-Ligue-1,nan
FRA-Ligue 1,2021,Reims,2020-10-04 Rennes-Reims,2020-10-04,17:00:00,Matchweek 6,Sun,Away,D,2,2,Rennes,1.1,1.8,27,,Yunis Abdelhamid,4-4-2,4-1-4-1,Florent Batta,/en/matches/6d85492f/Rennes-Reims-October-4-2020-Ligue-1,nan
FRA-Ligue 1,2021,Reims,2020-10-17 Reims-Lorient,2020-10-17,17:00:00,Matchweek 7,Sat,Home,L,1,3,Lorient,0.3,2.7,47,,Yunis Abdelhamid,4-2-3-1,4-4-2,Mikael Lesage,/en/matches/db1bb52f/Reims-Lorient-October-17-2020-Ligue-1,nan
FRA-Ligue 1,2021,Reims,2020-10-25 Montpellier-Reims,2020-10-25,15:00:00,Matchweek 8,Sun,Away,W,4,0,Montpellier,4.0,0.3,67,,Yunis Abdelhamid,4-4-2,3-4-1-2,Willy Delajod,/en/matches/395d1d43/Montpellier-Reims-October-25-2020-Ligue-1,nan
FRA-Ligue 1,2021,Reims,2020-11-01 Reims-Strasbourg,2020-11-01,15:00:00,Matchweek 9,Sun,Home,W,2,1,Strasbourg,0.6,1.5,51,,Yunis Abdelhamid,4-4-2,5-3-2,Eric Wattellier,/en/matches/791f7224/Reims-Strasbourg-November-1-2020-Ligue-1,nan
FRA-Ligue 1,2021,Reims,2020-11-08 Lens-Reims,2020-11-08,15:00:00,Matchweek 10,Sun,Away,D,4,4,Lens,1.0,1.6,38,,Yunis Abdelhamid,4-4-2,3-4-1-2,Thomas Léonard,/en/matches/e2283e68/Lens-Reims-November-8-2020-Ligue-1,nan
FRA-Ligue 1,2021,Reims,2020-11-22 Reims-Nîmes,2020-11-22,15:00:00,Matchweek 11,Sun,Home,L,0,1,Nîmes,1.5,1.0,70,,Yunis Abdelhamid,4-4-2,4-3-3,Jeremy Stinat,/en/matches/1ee3fd0c/Reims-Nimes-November-22-2020-Ligue-1,nan
FRA-Ligue 1,2021,Reims,2020-11-29 Lyon-Reims,2020-11-29,13:00:00,Matchweek 12,Sun,Away,L,0,3,Lyon,0.4,1.7,36,,Yunis Abdelhamid,4-4-2,4-3-3,Jérôme Miguelgorry,/en/matches/4301f4b9/Lyon-Reims-November-29-2020-Ligue-1,nan
FRA-Ligue 1,2021,Reims,2020-12-06 Reims-Nice,2020-12-06,17:00:00,Matchweek 13,Sun,Home,D,0,0,Nice,0.5,0.7,35,,Yunis Abdelhamid,4-2-3-1,3-4-3,Stéphanie Frappart,/en/matches/bbfbe923/Reims-Nice-December-6-2020-Ligue-1,nan
FRA-Ligue 1,2021,Reims,2020-12-13 Brest-Reims,2020-12-13,15:00:00,Matchweek 14,Sun,Away,L,1,2,Brest,0.6,3.0,49,,Yunis Abdelhamid,4-4-2,4-4-2,Aurélien Petit,/en/matches/8757c51f/Brest-Reims-December-13-2020-Ligue-1,nan
FRA-Ligue 1,2021,Reims,2020-12-16 Reims-Nantes,2020-12-16,19:00:00,Matchweek 15,Wed,Home,W,3,2,Nantes,1.8,2.0,46,,Yunis Abdelhamid,4-4-2,4-3-3,Karim Abed,/en/matches/5e8e99fa/Reims-Nantes-December-16-2020-Ligue-1,nan
FRA-Ligue 1,2021,Reims,2020-12-19 Marseille-Reims,2020-12-19,19:00:00,Matchweek 16,Sat,Away,D,1,1,Marseille,0.3,1.3,30,,Yunis Abdelhamid,4-5-1,4-2-3-1,Thomas Léonard,/en/matches/bea6f7ea/Marseille-Reims-December-19-2020-Ligue-1,nan
FRA-Ligue 1,2021,Reims,2020-12-23 Bordeaux-Reims,2020-12-23,19:00:00,Matchweek 17,Wed,Away,W,3,1,Bordeaux,1.0,1.1,38,,Yunis Abdelhamid,4-1-4-1,4-2-3-1,Jérôme Brisard,/en/matches/92d5d552/Bordeaux-Reims-December-23-2020-Ligue-1,nan
FRA-Ligue 1,2021,Reims,2021-01-06 Reims-Dijon,2021-01-06,21:00:00,Matchweek 18,Wed,Home,D,0,0,Dijon,0.7,0.3,57,,Yunis Abdelhamid,4-1-4-1,4-2-3-1,Amaury Delerue,/en/matches/170fb6b5/Reims-Dijon-January-6-2021-Ligue-1,nan
FRA-Ligue 1,2021,Reims,2021-01-09 Reims-Saint-Étienne,2021-01-09,21:00:00,Matchweek 19,Sat,Home,W,3,1,Saint-Étienne,1.6,1.5,36,,Yunis Abdelhamid,4-1-4-1,4-4-2,Florent Batta,/en/matches/eb982b95/Reims-Saint-Etienne-January-9-2021-Ligue-1,nan
FRA-Ligue 1,2021,Reims,2021-01-17 Lille-Reims,2021-01-17,17:00:00,Matchweek 20,Sun,Away,L,1,2,Lille,0.3,1.6,39,,Yunis Abdelhamid,4-1-4-1,4-4-2,Benoît Millot,/en/matches/19eb6375/Lille-Reims-January-17-2021-Ligue-1,nan
FRA-Ligue 1,2021,Reims,2021-01-24 Reims-Brest,2021-01-24,15:00:00,Matchweek 21,Sun,Home,W,1,0,Brest,1.1,1.3,36,,Yunis Abdelhamid,4-1-4-1,4-4-2,Johan Hamel,/en/matches/54bc4f15/Reims-Brest-January-24-2021-Ligue-1,nan
FRA-Ligue 1,2021,Reims,2021-01-31 Strasbourg-Reims,2021-01-31,15:00:00,Matchweek 22,Sun,Away,W,1,0,Strasbourg,1.4,1.2,52,,Yunis Abdelhamid,4-1-4-1,4-2-3-1,Stéphanie Frappart,/en/matches/7d380a9a/Strasbourg-Reims-January-31-2021-Ligue-1,nan
FRA-Ligue 1,2021,Reims,2021-02-03 Reims-Angers,2021-02-03,19:00:00,Matchweek 23,Wed,Home,D,0,0,Angers,0.5,0.3,57,,Yunis Abdelhamid,4-1-4-1,4-2-3-1,Aurélien Petit,/en/matches/00f3abdc/Reims-Angers-February-3-2021-Ligue-1,nan
FRA-Ligue 1,2021,Reims,2021-02-06 Lorient-Reims,2021-02-06,17:00:00,Matchweek 24,Sat,Away,L,0,1,Lorient,0.9,1.0,60,,Yunis Abdelhamid,4-1-4-1,5-4-1,Thomas Léonard,/en/matches/efa9508b/Lorient-Reims-February-6-2021-Ligue-1,nan
FRA-Ligue 1,2021,Reims,2021-02-13 Reims-Lens,2021-02-13,19:00:00,Matchweek 25,Sat,Home,D,1,1,Lens,0.7,2.9,37,,Xavier Chavalerin,4-1-4-1,3-4-1-2,Eric Wattellier,/en/matches/26bbc16f/Reims-Lens-February-13-2021-Ligue-1,nan
FRA-Ligue 1,2021,Reims,2021-02-20 Saint-Étienne-Reims,2021-02-20,13:00:00,Matchweek 26,Sat,Away,D,1,1,Saint-Étienne,0.4,2.0,51,,Thomas Foket,4-1-4-1,4-1-4-1,Antony Gautier,/en/matches/01026fa4/Saint-Etienne-Reims-February-20-2021-Ligue-1,nan
FRA-Ligue 1,2021,Reims,2021-02-28 Reims-Montpellier,2021-02-28,15:00:00,Matchweek 27,Sun,Home,D,0,0,Montpellier,0.4,0.4,57,,Yunis Abdelhamid,4-1-4-1,4-1-4-1,François Letexier,/en/matches/de4cb95e/Reims-Montpellier-February-28-2021-Ligue-1,nan
FRA-Ligue 1,2021,Reims,2021-03-03 Nantes-Reims,2021-03-03,21:00:00,Matchweek 28,Wed,Away,W,2,1,Nantes,0.6,1.3,51,,Yunis Abdelhamid,4-1-4-1,4-4-1-1,Willy Delajod,/en/matches/c7731977/Nantes-Reims-March-3-2021-Ligue-1,nan
FRA-Ligue 1,2021,Reims,2021-03-12 Reims-Lyon,2021-03-12,21:00:00,Matchweek 29,Fri,Home,D,1,1,Lyon,0.7,1.5,32,,Yunis Abdelhamid,4-2-3-1,4-3-3,Jérôme Brisard,/en/matches/6f1ea543/Reims-Lyon-March-12-2021-Ligue-1,nan
FRA-Ligue 1,2021,Reims,2021-03-21 Dijon-Reims,2021-03-21,15:00:00,Matchweek 30,Sun,Away,W,1,0,Dijon,1.1,0.9,47,,Yunis Abdelhamid,4-1-4-1,5-3-2,Benoît Bastien,/en/matches/212008ae/Dijon-Reims-March-21-2021-Ligue-1,nan
FRA-Ligue 1,2021,Reims,2021-04-04 Reims-Rennes,2021-04-04,15:00:00,Matchweek 31,Sun,Home,D,2,2,Rennes,1.0,2.3,42,,Xavier Chavalerin,4-1-4-1,4-4-2,Karim Abed,/en/matches/6957bee0/Reims-Rennes-April-4-2021-Ligue-1,nan
FRA-Ligue 1,2021,Reims,2021-04-11 Nice-Reims,2021-04-11,15:00:00,Matchweek 32,Sun,Away,D,0,0,Nice,0.5,0.6,46,,Yunis Abdelhamid,4-3-3,4-3-3,Jeremy Stinat,/en/matches/fe622347/Nice-Reims-April-11-2021-Ligue-1,nan
FRA-Ligue 1,2021,Reims,2021-04-18 Reims-Metz,2021-04-18,15:00:00,Matchweek 33,Sun,Home,D,0,0,Metz,0.9,0.7,48,,Yunis Abdelhamid,4-4-2,3-4-3,Jérôme Miguelgorry,/en/matches/b7a01ae1/Reims-Metz-April-18-2021-Ligue-1,nan
FRA-Ligue 1,2021,Reims,2021-04-23 Reims-Marseille,2021-04-23,21:00:00,Matchweek 34,Fri,Home,L,1,3,Marseille,0.6,2.1,42,,Yunis Abdelhamid,4-1-4-1,3-5-2,Eric Wattellier,/en/matches/6b30b4bd/Reims-Marseille-April-23-2021-Ligue-1,nan
FRA-Ligue 1,2021,Reims,2021-05-02 Nîmes-Reims,2021-05-02,15:00:00,Matchweek 35,Sun,Away,D,2,2,Nîmes,0.8,2.5,49,,Yunis Abdelhamid,4-3-3,4-2-3-1,Benoît Millot,/en/matches/52a6b8a7/Nimes-Reims-May-2-2021-Ligue-1,nan
FRA-Ligue 1,2021,Reims,2021-05-09 Reims-Monaco,2021-05-09,17:05:00,Matchweek 36,Sun,Home,L,0,1,Monaco,0.4,0.9,40,,Yunis Abdelhamid,4-1-4-1,3-4-3,Antony Gautier,/en/matches/8eec746c/Reims-Monaco-May-9-2021-Ligue-1,nan
FRA-Ligue 1,2021,Reims,2021-05-16 Paris S-G-Reims,2021-05-16,21:00:00,Matchweek 37,Sun,Away,L,0,4,Paris S-G,0.1,3.6,42,,Yunis Abdelhamid,4-1-4-1,4-2-3-1,Clément Turpin,/en/matches/b8a9948f/Paris-Saint-Germain-Reims-May-16-2021-Ligue-1,nan
FRA-Ligue 1,2021,Reims,2021-05-23 Reims-Bordeaux,2021-05-23,21:00:00,Matchweek 38,Sun,Home,L,1,2,Bordeaux,1.0,1.1,56,,Xavier Chavalerin,4-4-2,5-3-2,Jérôme Brisard,/en/matches/0dc82fba/Reims-Bordeaux-May-23-2021-Ligue-1,nan
FRA-Ligue 1,2021,Rennes,2020-08-22 Lille-Rennes,2020-08-22,21:00:00,Matchweek 1,Sat,Away,D,1,1,Lille,1.6,0.4,48,3975.0,Damien Da Silva,4-3-3,4-2-2-2,Clément Turpin,/en/matches/50ec2fcc/Lille-Rennes-August-22-2020-Ligue-1,nan
FRA-Ligue 1,2021,Rennes,2020-08-29 Rennes-Montpellier,2020-08-29,17:00:00,Matchweek 2,Sat,Home,W,2,1,Montpellier,1.4,0.6,65,,Damien Da Silva,4-3-3,3-5-1-1,Willy Delajod,/en/matches/1ec60fe6/Rennes-Montpellier-August-29-2020-Ligue-1,nan
FRA-Ligue 1,2021,Rennes,2020-09-13 Nîmes-Rennes,2020-09-13,15:00:00,Matchweek 3,Sun,Away,W,4,2,Nîmes,2.1,1.3,55,,Damien Da Silva,4-3-3,4-2-3-1,Mikael Lesage,/en/matches/a38dda9a/Nimes-Rennes-September-13-2020-Ligue-1,nan
FRA-Ligue 1,2021,Rennes,2020-09-19 Rennes-Monaco,2020-09-19,21:00:00,Matchweek 4,Sat,Home,W,2,1,Monaco,1.0,0.9,58,,Damien Da Silva,4-1-4-1,4-3-3,Jérôme Miguelgorry,/en/matches/17da8c83/Rennes-Monaco-September-19-2020-Ligue-1,nan
FRA-Ligue 1,2021,Rennes,2020-09-26 Saint-Étienne-Rennes,2020-09-26,17:00:00,Matchweek 5,Sat,Away,W,3,0,Saint-Étienne,1.0,0.3,51,,Damien Da Silva,4-1-4-1,4-4-2,Benoît Bastien,/en/matches/bd61810c/Saint-Etienne-Rennes-September-26-2020-Ligue-1,nan
FRA-Ligue 1,2021,Rennes,2020-10-04 Rennes-Reims,2020-10-04,17:00:00,Matchweek 6,Sun,Home,D,2,2,Reims,1.8,1.1,73,,Damien Da Silva,4-1-4-1,4-4-2,Florent Batta,/en/matches/6d85492f/Rennes-Reims-October-4-2020-Ligue-1,nan
FRA-Ligue 1,2021,Rennes,2020-10-16 Dijon-Rennes,2020-10-16,19:00:00,Matchweek 7,Fri,Away,D,1,1,Dijon,0.9,1.1,60,,Hamari Traoré,4-3-3,4-2-3-1,Bastien Dechepy,/en/matches/40fc3205/Dijon-Rennes-October-16-2020-Ligue-1,nan
FRA-Ligue 1,2021,Rennes,2020-10-23 Rennes-Angers,2020-10-23,21:00:00,Matchweek 8,Fri,Home,L,1,2,Angers,1.4,1.2,63,,Damien Da Silva,4-1-4-1,4-2-3-1,Jérémie Pignard,/en/matches/3450b7fc/Rennes-Angers-October-23-2020-Ligue-1,nan
FRA-Ligue 1,2021,Rennes,2020-10-31 Rennes-Brest,2020-10-31,17:00:00,Matchweek 9,Sat,Home,W,2,1,Brest,1.4,1.1,68,,Damien Da Silva,4-1-4-1,4-4-2,Stéphanie Frappart,/en/matches/484e968c/Rennes-Brest-October-31-2020-Ligue-1,nan
FRA-Ligue 1,2021,Rennes,2020-11-07 Paris S-G-Rennes,2020-11-07,21:00:00,Matchweek 10,Sat,Away,L,0,3,Paris S-G,1.0,0.9,51,,Damien Da Silva,4-1-4-1,4-3-3,Benoît Bastien,/en/matches/a28dd1b9/Paris-Saint-Germain-Rennes-November-7-2020-Ligue-1,nan
FRA-Ligue 1,2021,Rennes,2020-11-20 Rennes-Bordeaux,2020-11-20,19:00:00,Matchweek 11,Fri,Home,L,0,1,Bordeaux,1.9,0.7,59,,Damien Da Silva,4-2-3-1,4-2-3-1,Karim Abed,/en/matches/c7f16be3/Rennes-Bordeaux-November-20-2020-Ligue-1,nan
FRA-Ligue 1,2021,Rennes,2020-11-27 Strasbourg-Rennes,2020-11-27,21:00:00,Matchweek 12,Fri,Away,D,1,1,Strasbourg,2.5,0.8,68,,Damien Da Silva,4-1-4-1,4-1-2-1-2,Benoît Millot,/en/matches/3b498bf8/Strasbourg-Rennes-November-27-2020-Ligue-1,nan
FRA-Ligue 1,2021,Rennes,2020-12-05 Rennes-Lens,2020-12-05,17:00:00,Matchweek 13,Sat,Home,L,0,2,Lens,0.5,1.1,60,,Damien Da Silva,4-1-4-1,3-4-1-2,Johan Hamel,/en/matches/69560d5c/Rennes-Lens-December-5-2020-Ligue-1,nan
FRA-Ligue 1,2021,Rennes,2020-12-13 Nice-Rennes,2020-12-13,13:00:00,Matchweek 14,Sun,Away,W,1,0,Nice,1.3,0.9,46,,Damien Da Silva,4-1-4-1,3-4-3,Amaury Delerue,/en/matches/5c4cfd00/Nice-Rennes-December-13-2020-Ligue-1,nan
FRA-Ligue 1,2021,Rennes,2020-12-16 Rennes-Marseille,2020-12-16,21:00:00,Matchweek 15,Wed,Home,W,2,1,Marseille,1.2,1.2,67,,Damien Da Silva,4-1-4-1,4-3-1-2,Clément Turpin,/en/matches/7757b78e/Rennes-Marseille-December-16-2020-Ligue-1,nan
FRA-Ligue 1,2021,Rennes,2020-12-20 Lorient-Rennes,2020-12-20,17:00:00,Matchweek 16,Sun,Away,W,3,0,Lorient,0.9,0.8,57,,Damien Da Silva,4-1-4-1,4-2-3-1,Eric Wattellier,/en/matches/63148fae/Lorient-Rennes-December-20-2020-Ligue-1,nan
FRA-Ligue 1,2021,Rennes,2020-12-23 Rennes-Metz,2020-12-23,19:00:00,Matchweek 17,Wed,Home,W,1,0,Metz,0.9,1.4,62,,Damien Da Silva,4-1-4-1,4-4-1-1,Florent Batta,/en/matches/cb7d6ff7/Rennes-Metz-December-23-2020-Ligue-1,nan
FRA-Ligue 1,2021,Rennes,2021-01-06 Nantes-Rennes,2021-01-06,19:00:00,Matchweek 18,Wed,Away,D,0,0,Nantes,0.6,0.6,72,,Damien Da Silva,4-1-4-1,4-4-2,Jérémie Pignard,/en/matches/251197e6/Nantes-Rennes-January-6-2021-Ligue-1,nan
FRA-Ligue 1,2021,Rennes,2021-01-09 Rennes-Lyon,2021-01-09,21:00:00,Matchweek 19,Sat,Home,D,2,2,Lyon,1.1,0.8,55,,Hamari Traoré,4-1-4-1,4-3-3,Mikael Lesage,/en/matches/a17d9c6a/Rennes-Lyon-January-9-2021-Ligue-1,nan
FRA-Ligue 1,2021,Rennes,2021-01-17 Brest-Rennes,2021-01-17,13:00:00,Matchweek 20,Sun,Away,W,2,1,Brest,1.6,2.2,57,,Hamari Traoré,4-4-1-1,4-4-2,Ruddy Buquet,/en/matches/e3319eb7/Brest-Rennes-January-17-2021-Ligue-1,nan
FRA-Ligue 1,2021,Rennes,2021-01-24 Rennes-Lille,2021-01-24,17:00:00,Matchweek 21,Sun,Home,L,0,1,Lille,0.7,0.5,67,,Hamari Traoré,4-4-1-1,4-4-2,Eric Wattellier,/en/matches/16b98c65/Rennes-Lille-January-24-2021-Ligue-1,nan
FRA-Ligue 1,2021,Rennes,2021-02-03 Rennes-Lorient,2021-02-03,19:00:00,Matchweek 23,Wed,Home,D,1,1,Lorient,1.0,0.8,59,,Damien Da Silva,4-4-1-1,5-4-1,Hakim Ben El Hadj Salem,/en/matches/5834a902/Rennes-Lorient-February-3-2021-Ligue-1,nan
FRA-Ligue 1,2021,Rennes,2021-02-06 Lens-Rennes,2021-02-06,21:00:00,Matchweek 24,Sat,Away,D,0,0,Lens,0.8,0.8,47,,Damien Da Silva,3-5-2,3-4-1-2,Jeremy Stinat,/en/matches/1a65ddc8/Lens-Rennes-February-6-2021-Ligue-1,nan
FRA-Ligue 1,2021,Rennes,2021-02-14 Rennes-Saint-Étienne,2021-02-14,15:00:00,Matchweek 25,Sun,Home,L,0,2,Saint-Étienne,1.6,0.3,71,,Damien Da Silva,4-3-3,4-5-1,Florent Batta,/en/matches/95bcd2b0/Rennes-Saint-Etienne-February-14-2021-Ligue-1,nan
FRA-Ligue 1,2021,Rennes,2021-02-21 Montpellier-Rennes,2021-02-21,13:00:00,Matchweek 26,Sun,Away,L,1,2,Montpellier,2.0,2.8,65,,Damien Da Silva,4-3-3,4-1-4-1,Clément Turpin,/en/matches/878465f3/Montpellier-Rennes-February-21-2021-Ligue-1,nan
FRA-Ligue 1,2021,Rennes,2021-02-26 Rennes-Nice,2021-02-26,21:00:00,Matchweek 27,Fri,Home,L,1,2,Nice,0.9,1.9,61,,Damien Da Silva,4-3-3,4-4-2,Johan Hamel,/en/matches/33ef08af/Rennes-Nice-February-26-2021-Ligue-1,nan
FRA-Ligue 1,2021,Rennes,2021-03-03 Lyon-Rennes,2021-03-03,19:00:00,Matchweek 28,Wed,Away,L,0,1,Lyon,0.6,2.2,53,,Hamari Traoré,4-3-3,4-3-3,Ruddy Buquet,/en/matches/423f56db/Lyon-Rennes-March-3-2021-Ligue-1,nan
FRA-Ligue 1,2021,Rennes,2021-03-10 Marseille-Rennes,2021-03-10,19:00:00,Matchweek 22,Wed,Away,L,0,1,Marseille,0.6,0.6,49,,Steven Nzonzi,4-2-3-1,3-1-4-2,Jérémie Pignard,/en/matches/1724ec53/Marseille-Rennes-March-10-2021-Ligue-1,nan
FRA-Ligue 1,2021,Rennes,2021-03-14 Rennes-Strasbourg,2021-03-14,15:00:00,Matchweek 29,Sun,Home,W,1,0,Strasbourg,1.0,0.6,50,,Damien Da Silva,4-2-3-1,4-1-2-1-2,Bastien Dechepy,/en/matches/0c33e9b2/Rennes-Strasbourg-March-14-2021-Ligue-1,nan
FRA-Ligue 1,2021,Rennes,2021-03-20 Metz-Rennes,2021-03-20,13:00:00,Matchweek 30,Sat,Away,W,3,1,Metz,2.0,0.7,48,,Damien Da Silva,4-3-3,3-4-1-2,Willy Delajod,/en/matches/cc1f739a/Metz-Rennes-March-20-2021-Ligue-1,nan
FRA-Ligue 1,2021,Rennes,2021-04-04 Reims-Rennes,2021-04-04,15:00:00,Matchweek 31,Sun,Away,D,2,2,Reims,2.3,1.0,58,,Damien Da Silva,4-4-2,4-1-4-1,Karim Abed,/en/matches/6957bee0/Reims-Rennes-April-4-2021-Ligue-1,nan
FRA-Ligue 1,2021,Rennes,2021-04-11 Rennes-Nantes,2021-04-11,13:00:00,Matchweek 32,Sun,Home,W,1,0,Nantes,0.6,0.3,64,,Damien Da Silva,4-4-2,3-5-2,Amaury Delerue,/en/matches/f48ef301/Rennes-Nantes-April-11-2021-Ligue-1,nan
FRA-Ligue 1,2021,Rennes,2021-04-17 Angers-Rennes,2021-04-17,12:45:00,Matchweek 33,Sat,Away,W,3,0,Angers,1.3,0.6,59,,Damien Da Silva,4-3-3,4-3-3,Thomas Léonard,/en/matches/f3267962/Angers-Rennes-April-17-2021-Ligue-1,nan
FRA-Ligue 1,2021,Rennes,2021-04-25 Rennes-Dijon,2021-04-25,15:00:00,Matchweek 34,Sun,Home,W,5,1,Dijon,3.0,1.2,74,,Hamari Traoré,4-3-3,5-3-2,Jeremy Stinat,/en/matches/89bb1f81/Rennes-Dijon-April-25-2021-Ligue-1,nan
FRA-Ligue 1,2021,Rennes,2021-05-02 Bordeaux-Rennes,2021-05-02,13:00:00,Matchweek 35,Sun,Away,L,0,1,Bordeaux,0.6,0.8,55,,Damien Da Silva,4-3-3,4-4-2,Antony Gautier,/en/matches/fbdd3548/Bordeaux-Rennes-May-2-2021-Ligue-1,nan
FRA-Ligue 1,2021,Rennes,2021-05-09 Rennes-Paris S-G,2021-05-09,21:00:00,Matchweek 36,Sun,Home,D,1,1,Paris S-G,1.0,1.6,43,,Damien Da Silva,4-4-2,4-2-3-1,Ruddy Buquet,/en/matches/6fb5cbc5/Rennes-Paris-Saint-Germain-May-9-2021-Ligue-1,nan
FRA-Ligue 1,2021,Rennes,2021-05-16 Monaco-Rennes,2021-05-16,21:00:00,Matchweek 37,Sun,Away,L,1,2,Monaco,0.4,1.4,60,,Damien Da Silva,4-3-3,4-4-2,Benoît Bastien,/en/matches/31247d59/Monaco-Rennes-May-16-2021-Ligue-1,nan
FRA-Ligue 1,2021,Rennes,2021-05-23 Rennes-Nîmes,2021-05-23,21:00:00,Matchweek 38,Sun,Home,W,2,0,Nîmes,1.2,0.6,68,,Hamari Traoré,4-4-2,4-1-4-1,Willy Delajod,/en/matches/bf2041f7/Rennes-Nimes-May-23-2021-Ligue-1,nan
FRA-Ligue 1,2021,Saint-Étienne,2020-08-30 Saint-Étienne-Lorient,2020-08-30,15:00:00,Matchweek 2,Sun,Home,W,2,0,Lorient,1.4,0.3,53,,Mathieu Debuchy,4-2-3-1,4-3-3,Florent Batta,/en/matches/9b7fa4e1/Saint-Etienne-Lorient-August-30-2020-Ligue-1,nan
FRA-Ligue 1,2021,Saint-Étienne,2020-09-12 Saint-Étienne-Strasbourg,2020-09-12,21:00:00,Matchweek 3,Sat,Home,W,2,0,Strasbourg,2.0,1.4,49,,Mathieu Debuchy,4-2-3-1,5-4-1,Eric Wattellier,/en/matches/b9da15cc/Saint-Etienne-Strasbourg-September-12-2020-Ligue-1,nan
FRA-Ligue 1,2021,Saint-Étienne,2020-09-17 Marseille-Saint-Étienne,2020-09-17,21:00:00,Matchweek 1,Thu,Away,W,2,0,Marseille,1.3,2.2,41,,Mathieu Debuchy,4-4-2,4-3-3,Ruddy Buquet,/en/matches/bc9039b3/Marseille-Saint-Etienne-September-17-2020-Ligue-1,nan
FRA-Ligue 1,2021,Saint-Étienne,2020-09-20 Nantes-Saint-Étienne,2020-09-20,17:00:00,Matchweek 4,Sun,Away,D,2,2,Nantes,1.0,1.4,43,,Jessy Moulin,4-3-3,4-2-3-1,Antony Gautier,/en/matches/6c304bd5/Nantes-Saint-Etienne-September-20-2020-Ligue-1,nan
FRA-Ligue 1,2021,Saint-Étienne,2020-09-26 Saint-Étienne-Rennes,2020-09-26,17:00:00,Matchweek 5,Sat,Home,L,0,3,Rennes,0.3,1.0,49,,Jessy Moulin,4-4-2,4-1-4-1,Benoît Bastien,/en/matches/bd61810c/Saint-Etienne-Rennes-September-26-2020-Ligue-1,nan
FRA-Ligue 1,2021,Saint-Étienne,2020-10-03 Lens-Saint-Étienne,2020-10-03,17:00:00,Matchweek 6,Sat,Away,L,0,2,Lens,0.1,2.1,34,,Jessy Moulin,4-1-4-1,3-4-1-2,Bastien Dechepy,/en/matches/d2f273bc/Lens-Saint-Etienne-October-3-2020-Ligue-1,nan
FRA-Ligue 1,2021,Saint-Étienne,2020-10-18 Saint-Étienne-Nice,2020-10-18,17:00:00,Matchweek 7,Sun,Home,L,1,3,Nice,0.8,2.3,46,,Romain Hamouma,3-4-1-2,3-4-3,Amaury Delerue,/en/matches/bf718082/Saint-Etienne-Nice-October-18-2020-Ligue-1,nan
FRA-Ligue 1,2021,Saint-Étienne,2020-10-25 Metz-Saint-Étienne,2020-10-25,15:00:00,Matchweek 8,Sun,Away,L,0,2,Metz,0.5,0.4,57,5000.0,Romain Hamouma,4-2-3-1,4-3-3,Karim Abed,/en/matches/e20f9399/Metz-Saint-Etienne-October-25-2020-Ligue-1,nan
FRA-Ligue 1,2021,Saint-Étienne,2020-11-01 Saint-Étienne-Montpellier,2020-11-01,13:00:00,Matchweek 9,Sun,Home,L,0,1,Montpellier,0.7,0.7,54,,Romain Hamouma,4-3-3,4-3-3,Jérôme Miguelgorry,/en/matches/780282ee/Saint-Etienne-Montpellier-November-1-2020-Ligue-1,nan
FRA-Ligue 1,2021,Saint-Étienne,2020-11-08 Lyon-Saint-Étienne,2020-11-08,21:00:00,Matchweek 10,Sun,Away,L,1,2,Lyon,1.9,2.8,40,,Jessy Moulin,4-4-2,4-3-3,François Letexier,/en/matches/16a2ea79/Lyon-Saint-Etienne-November-8-2020-Ligue-1,nan
FRA-Ligue 1,2021,Saint-Étienne,2020-11-21 Brest-Saint-Étienne,2020-11-21,17:00:00,Matchweek 11,Sat,Away,L,1,4,Brest,1.3,0.8,59,,Jessy Moulin,4-4-2,4-4-2,Thomas Léonard,/en/matches/43850694/Brest-Saint-Etienne-November-21-2020-Ligue-1,nan
FRA-Ligue 1,2021,Saint-Étienne,2020-11-29 Saint-Étienne-Lille,2020-11-29,21:00:00,Matchweek 12,Sun,Home,D,1,1,Lille,1.0,0.5,38,,Mathieu Debuchy,4-4-2,4-4-2,Benoît Bastien,/en/matches/03d07003/Saint-Etienne-Lille-November-29-2020-Ligue-1,nan
FRA-Ligue 1,2021,Saint-Étienne,2020-12-06 Dijon-Saint-Étienne,2020-12-06,15:00:00,Matchweek 13,Sun,Away,D,0,0,Dijon,0.7,0.5,59,,Jessy Moulin,4-4-2,4-2-3-1,Ruddy Buquet,/en/matches/de81078b/Dijon-Saint-Etienne-December-6-2020-Ligue-1,nan
FRA-Ligue 1,2021,Saint-Étienne,2020-12-11 Saint-Étienne-Angers,2020-12-11,21:00:00,Matchweek 14,Fri,Home,D,0,0,Angers,1.3,0.7,62,,Mathieu Debuchy,4-2-3-1,4-2-3-1,Jérôme Miguelgorry,/en/matches/e83bb8e6/Saint-Etienne-Angers-December-11-2020-Ligue-1,nan
FRA-Ligue 1,2021,Saint-Étienne,2020-12-16 Bordeaux-Saint-Étienne,2020-12-16,21:00:00,Matchweek 15,Wed,Away,W,2,1,Bordeaux,2.3,0.7,48,,Mathieu Debuchy,4-2-3-1,4-4-2,Stéphanie Frappart,/en/matches/80a19aca/Bordeaux-Saint-Etienne-December-16-2020-Ligue-1,nan
FRA-Ligue 1,2021,Saint-Étienne,2020-12-20 Saint-Étienne-Nîmes,2020-12-20,15:00:00,Matchweek 16,Sun,Home,D,2,2,Nîmes,2.9,1.6,59,,Mathieu Debuchy,4-2-3-1,4-3-3,Mikael Lesage,/en/matches/45ed736f/Saint-Etienne-Nimes-December-20-2020-Ligue-1,nan
FRA-Ligue 1,2021,Saint-Étienne,2020-12-23 Monaco-Saint-Étienne,2020-12-23,21:00:00,Matchweek 17,Wed,Away,D,2,2,Monaco,1.7,0.8,60,,Mathieu Debuchy,4-2-3-1,4-4-2,Johan Hamel,/en/matches/b6b53a29/Monaco-Saint-Etienne-December-23-2020-Ligue-1,nan
FRA-Ligue 1,2021,Saint-Étienne,2021-01-06 Saint-Étienne-Paris S-G,2021-01-06,21:00:00,Matchweek 18,Wed,Home,D,1,1,Paris S-G,1.2,1.6,32,,Mathieu Debuchy,4-4-2,4-3-3,Karim Abed,/en/matches/2c025c21/Saint-Etienne-Paris-Saint-Germain-January-6-2021-Ligue-1,nan
FRA-Ligue 1,2021,Saint-Étienne,2021-01-09 Reims-Saint-Étienne,2021-01-09,21:00:00,Matchweek 19,Sat,Away,L,1,3,Reims,1.5,1.6,64,,Mathieu Debuchy,4-4-2,4-1-4-1,Florent Batta,/en/matches/eb982b95/Reims-Saint-Etienne-January-9-2021-Ligue-1,nan
FRA-Ligue 1,2021,Saint-Étienne,2021-01-17 Strasbourg-Saint-Étienne,2021-01-17,15:00:00,Matchweek 20,Sun,Away,L,0,1,Strasbourg,1.5,2.2,58,,Jessy Moulin,4-1-2-1-2◆,4-1-3-2,Antony Gautier,/en/matches/2465458e/Strasbourg-Saint-Etienne-January-17-2021-Ligue-1,nan
FRA-Ligue 1,2021,Saint-Étienne,2021-01-24 Saint-Étienne-Lyon,2021-01-24,21:00:00,Matchweek 21,Sun,Home,L,0,5,Lyon,0.2,2.1,40,,Jessy Moulin,4-1-2-1-2◆,4-3-3,Benoît Bastien,/en/matches/f0d4e4fc/Saint-Etienne-Lyon-January-24-2021-Ligue-1,nan
FRA-Ligue 1,2021,Saint-Étienne,2021-01-31 Nice-Saint-Étienne,2021-01-31,13:00:00,Matchweek 22,Sun,Away,W,1,0,Nice,1.4,0.5,54,,Mathieu Debuchy,4-2-3-1,3-1-4-2,Franck Schneider,/en/matches/35e70807/Nice-Saint-Etienne-January-31-2021-Ligue-1,nan
FRA-Ligue 1,2021,Saint-Étienne,2021-02-03 Saint-Étienne-Nantes,2021-02-03,21:00:00,Matchweek 23,Wed,Home,D,1,1,Nantes,1.5,1.5,50,,Mathieu Debuchy,4-4-2,4-5-1,Eric Wattellier,/en/matches/aa148f1a/Saint-Etienne-Nantes-February-3-2021-Ligue-1,nan
FRA-Ligue 1,2021,Saint-Étienne,2021-02-07 Saint-Étienne-Metz,2021-02-07,15:00:00,Matchweek 24,Sun,Home,W,1,0,Metz,0.7,0.4,49,,Jessy Moulin,3-4-3,3-4-1-2,Ruddy Buquet,/en/matches/c839991c/Saint-Etienne-Metz-February-7-2021-Ligue-1,nan
FRA-Ligue 1,2021,Saint-Étienne,2021-02-14 Rennes-Saint-Étienne,2021-02-14,15:00:00,Matchweek 25,Sun,Away,W,2,0,Rennes,0.3,1.6,29,,Mathieu Debuchy,4-5-1,4-3-3,Florent Batta,/en/matches/95bcd2b0/Rennes-Saint-Etienne-February-14-2021-Ligue-1,nan
FRA-Ligue 1,2021,Saint-Étienne,2021-02-20 Saint-Étienne-Reims,2021-02-20,13:00:00,Matchweek 26,Sat,Home,D,1,1,Reims,2.0,0.4,49,,Mathieu Debuchy,4-1-4-1,4-1-4-1,Antony Gautier,/en/matches/01026fa4/Saint-Etienne-Reims-February-20-2021-Ligue-1,nan
FRA-Ligue 1,2021,Saint-Étienne,2021-02-28 Lorient-Saint-Étienne,2021-02-28,15:00:00,Matchweek 27,Sun,Away,L,1,2,Lorient,1.1,1.0,44,,Mathieu Debuchy,4-1-4-1,5-4-1,Stéphanie Frappart,/en/matches/b2f8a734/Lorient-Saint-Etienne-February-28-2021-Ligue-1,nan
FRA-Ligue 1,2021,Saint-Étienne,2021-03-03 Saint-Étienne-Lens,2021-03-03,19:00:00,Matchweek 28,Wed,Home,L,2,3,Lens,2.2,1.9,65,,Mathieu Debuchy,4-1-4-1,3-4-1-2,Amaury Delerue,/en/matches/9bb6cda9/Saint-Etienne-Lens-March-3-2021-Ligue-1,nan
FRA-Ligue 1,2021,Saint-Étienne,2021-03-13 Angers-Saint-Étienne,2021-03-13,13:00:00,Matchweek 29,Sat,Away,W,1,0,Angers,0.8,0.2,46,,Mahdi Camara,3-4-1-2,4-2-3-1,Benoît Millot,/en/matches/b8bde00b/Angers-Saint-Etienne-March-13-2021-Ligue-1,nan
FRA-Ligue 1,2021,Saint-Étienne,2021-03-19 Saint-Étienne-Monaco,2021-03-19,21:00:00,Matchweek 30,Fri,Home,L,0,4,Monaco,0.5,2.3,41,,Mathieu Debuchy,3-4-1-2,4-4-2,Mikael Lesage,/en/matches/78af4b5d/Saint-Etienne-Monaco-March-19-2021-Ligue-1,nan
FRA-Ligue 1,2021,Saint-Étienne,2021-04-04 Nîmes-Saint-Étienne,2021-04-04,17:05:00,Matchweek 31,Sun,Away,W,2,0,Nîmes,1.7,1.7,47,,Mathieu Debuchy,4-1-4-1,4-1-4-1,Thomas Léonard,/en/matches/4f5cf422/Nimes-Saint-Etienne-April-4-2021-Ligue-1,nan
FRA-Ligue 1,2021,Saint-Étienne,2021-04-11 Saint-Étienne-Bordeaux,2021-04-11,15:00:00,Matchweek 32,Sun,Home,W,4,1,Bordeaux,3.3,2.0,37,,Mathieu Debuchy,4-1-4-1,4-3-3,Franck Schneider,/en/matches/12b0e5d1/Saint-Etienne-Bordeaux-April-11-2021-Ligue-1,nan
FRA-Ligue 1,2021,Saint-Étienne,2021-04-18 Paris S-G-Saint-Étienne,2021-04-18,13:00:00,Matchweek 33,Sun,Away,L,2,3,Paris S-G,1.2,2.2,29,,Mathieu Debuchy,4-4-2,4-2-3-1,Ruddy Buquet,/en/matches/9ae8425f/Paris-Saint-Germain-Saint-Etienne-April-18-2021-Ligue-1,nan
FRA-Ligue 1,2021,Saint-Étienne,2021-04-24 Saint-Étienne-Brest,2021-04-24,13:00:00,Matchweek 34,Sat,Home,L,1,2,Brest,0.9,1.9,44,,Mathieu Debuchy,4-3-3,4-4-2,Florent Batta,/en/matches/17488489/Saint-Etienne-Brest-April-24-2021-Ligue-1,nan
FRA-Ligue 1,2021,Saint-Étienne,2021-05-02 Montpellier-Saint-Étienne,2021-05-02,17:05:00,Matchweek 35,Sun,Away,W,2,1,Montpellier,2.6,1.0,55,,Mathieu Debuchy,4-4-2,4-2-3-1,Karim Abed,/en/matches/ef0d8c13/Montpellier-Saint-Etienne-May-2-2021-Ligue-1,nan
FRA-Ligue 1,2021,Saint-Étienne,2021-05-09 Saint-Étienne-Marseille,2021-05-09,13:00:00,Matchweek 36,Sun,Home,W,1,0,Marseille,1.4,1.6,45,,Mathieu Debuchy,4-4-2,3-1-4-2,Johan Hamel,/en/matches/73ac123f/Saint-Etienne-Marseille-May-9-2021-Ligue-1,nan
FRA-Ligue 1,2021,Saint-Étienne,2021-05-16 Lille-Saint-Étienne,2021-05-16,21:00:00,Matchweek 37,Sun,Away,D,0,0,Lille,0.4,1.0,41,,Mathieu Debuchy,4-4-2,4-4-2,Jérôme Brisard,/en/matches/ccd8f1fe/Lille-Saint-Etienne-May-16-2021-Ligue-1,nan
FRA-Ligue 1,2021,Saint-Étienne,2021-05-23 Saint-Étienne-Dijon,2021-05-23,21:00:00,Matchweek 38,Sun,Home,L,0,1,Dijon,1.3,1.3,65,,Mahdi Camara,4-4-2,4-4-2,Antony Gautier,/en/matches/c40614b1/Saint-Etienne-Dijon-May-23-2021-Ligue-1,nan
FRA-Ligue 1,2021,Strasbourg,2020-08-23 Lorient-Strasbourg,2020-08-23,15:00:00,Matchweek 1,Sun,Away,L,1,3,Lorient,0.3,2.9,50,,Stefan Mitrović,4-2-3-1,4-2-3-1,Johan Hamel,/en/matches/f96cd5a0/Lorient-Strasbourg-August-23-2020-Ligue-1,nan
FRA-Ligue 1,2021,Strasbourg,2020-08-29 Strasbourg-Nice,2020-08-29,21:00:00,Matchweek 2,Sat,Home,L,0,2,Nice,0.3,1.3,45,,Lamine Koné,4-2-3-1,4-3-3,Jérôme Brisard,/en/matches/a271affc/Strasbourg-Nice-August-29-2020-Ligue-1,nan
FRA-Ligue 1,2021,Strasbourg,2020-09-12 Saint-Étienne-Strasbourg,2020-09-12,21:00:00,Matchweek 3,Sat,Away,L,0,2,Saint-Étienne,1.4,2.0,51,,Stefan Mitrović,5-4-1,4-2-3-1,Eric Wattellier,/en/matches/b9da15cc/Saint-Etienne-Strasbourg-September-12-2020-Ligue-1,nan
FRA-Ligue 1,2021,Strasbourg,2020-09-20 Strasbourg-Dijon,2020-09-20,15:00:00,Matchweek 4,Sun,Home,W,1,0,Dijon,2.7,0.6,58,,Stefan Mitrović,4-1-2-1-2◆,4-3-3,Florent Batta,/en/matches/5e509d7e/Strasbourg-Dijon-September-20-2020-Ligue-1,nan
FRA-Ligue 1,2021,Strasbourg,2020-09-27 Monaco-Strasbourg,2020-09-27,15:00:00,Matchweek 5,Sun,Away,L,2,3,Monaco,1.5,1.3,43,,Stefan Mitrović,4-1-2-1-2◆,4-3-3,Jérémie Pignard,/en/matches/6901ecbc/Monaco-Strasbourg-September-27-2020-Ligue-1,nan
FRA-Ligue 1,2021,Strasbourg,2020-10-04 Strasbourg-Lille,2020-10-04,15:00:00,Matchweek 6,Sun,Home,L,0,3,Lille,1.6,1.8,47,,Stefan Mitrović,4-4-2,4-4-1-1,Mikael Lesage,/en/matches/e42b3f6a/Strasbourg-Lille-October-4-2020-Ligue-1,nan
FRA-Ligue 1,2021,Strasbourg,2020-10-18 Strasbourg-Lyon,2020-10-18,13:00:00,Matchweek 7,Sun,Home,L,2,3,Lyon,2.1,3.9,53,,Stefan Mitrović,4-1-4-1,4-3-3,Ruddy Buquet,/en/matches/fbfe5e73/Strasbourg-Lyon-October-18-2020-Ligue-1,nan
FRA-Ligue 1,2021,Strasbourg,2020-10-25 Brest-Strasbourg,2020-10-25,15:00:00,Matchweek 8,Sun,Away,W,3,0,Brest,1.2,0.9,37,,Stefan Mitrović,5-3-2,4-2-3-1,Jérôme Miguelgorry,/en/matches/525316b3/Brest-Strasbourg-October-25-2020-Ligue-1,nan
FRA-Ligue 1,2021,Strasbourg,2020-11-01 Reims-Strasbourg,2020-11-01,15:00:00,Matchweek 9,Sun,Away,L,1,2,Reims,1.5,0.6,49,,Stefan Mitrović,5-3-2,4-4-2,Eric Wattellier,/en/matches/791f7224/Reims-Strasbourg-November-1-2020-Ligue-1,nan
FRA-Ligue 1,2021,Strasbourg,2020-11-06 Strasbourg-Marseille,2020-11-06,21:00:00,Matchweek 10,Fri,Home,L,0,1,Marseille,0.4,0.1,53,,Stefan Mitrović,4-2-3-1,4-1-2-1-2,Johan Hamel,/en/matches/8491adfc/Strasbourg-Marseille-November-6-2020-Ligue-1,nan
FRA-Ligue 1,2021,Strasbourg,2020-11-22 Montpellier-Strasbourg,2020-11-22,15:00:00,Matchweek 11,Sun,Away,L,3,4,Montpellier,2.9,2.8,43,,Stefan Mitrović,4-4-2,4-3-3,Jérôme Brisard,/en/matches/f01e2c09/Montpellier-Strasbourg-November-22-2020-Ligue-1,nan
FRA-Ligue 1,2021,Strasbourg,2020-11-27 Strasbourg-Rennes,2020-11-27,21:00:00,Matchweek 12,Fri,Home,D,1,1,Rennes,0.8,2.5,32,,Stefan Mitrović,4-1-2-1-2◆,4-1-4-1,Benoît Millot,/en/matches/3b498bf8/Strasbourg-Rennes-November-27-2020-Ligue-1,nan
FRA-Ligue 1,2021,Strasbourg,2020-12-06 Nantes-Strasbourg,2020-12-06,15:00:00,Matchweek 13,Sun,Away,W,4,0,Nantes,2.7,0.7,38,,Adrien Thomasson,4-2-3-1,4-2-3-1,Clément Turpin,/en/matches/f800ad57/Nantes-Strasbourg-December-6-2020-Ligue-1,nan
FRA-Ligue 1,2021,Strasbourg,2020-12-13 Strasbourg-Metz,2020-12-13,15:00:00,Matchweek 14,Sun,Home,D,2,2,Metz,1.1,1.7,57,,Adrien Thomasson,4-2-3-1,3-1-4-2,François Letexier,/en/matches/d59fe5ea/Strasbourg-Metz-December-13-2020-Ligue-1,nan
FRA-Ligue 1,2021,Strasbourg,2020-12-16 Angers-Strasbourg,2020-12-16,19:00:00,Matchweek 15,Wed,Away,W,2,0,Angers,0.6,0.4,43,,Adrien Thomasson,4-2-3-1,4-2-3-1,Bastien Dechepy,/en/matches/a5fee05a/Angers-Strasbourg-December-16-2020-Ligue-1,nan
FRA-Ligue 1,2021,Strasbourg,2020-12-20 Strasbourg-Bordeaux,2020-12-20,15:00:00,Matchweek 16,Sun,Home,L,0,2,Bordeaux,1.0,1.0,54,,Adrien Thomasson,4-2-3-1,4-2-3-1,Benoît Bastien,/en/matches/2eab1f5a/Strasbourg-Bordeaux-December-20-2020-Ligue-1,nan
FRA-Ligue 1,2021,Strasbourg,2020-12-23 Paris S-G-Strasbourg,2020-12-23,21:00:00,Matchweek 17,Wed,Away,L,0,4,Paris S-G,0.6,2.9,31,,Stefan Mitrović,3-5-1-1,3-5-2,Jérôme Miguelgorry,/en/matches/644e5bd2/Paris-Saint-Germain-Strasbourg-December-23-2020-Ligue-1,nan
FRA-Ligue 1,2021,Strasbourg,2021-01-06 Strasbourg-Nîmes,2021-01-06,19:00:00,Matchweek 18,Wed,Home,W,5,0,Nîmes,4.9,1.0,59,,Adrien Thomasson,4-1-2-1-2◆,4-2-3-1,Benoît Millot,/en/matches/14d9a4e7/Strasbourg-Nimes-January-6-2021-Ligue-1,nan
FRA-Ligue 1,2021,Strasbourg,2021-01-09 Lens-Strasbourg,2021-01-09,21:00:00,Matchweek 19,Sat,Away,W,1,0,Lens,1.3,0.6,35,,Adrien Thomasson,4-2-3-1,3-4-1-2,Clément Turpin,/en/matches/ab3944d1/Lens-Strasbourg-January-9-2021-Ligue-1,nan
FRA-Ligue 1,2021,Strasbourg,2021-01-17 Strasbourg-Saint-Étienne,2021-01-17,15:00:00,Matchweek 20,Sun,Home,W,1,0,Saint-Étienne,2.2,1.5,42,,Stefan Mitrović,4-1-3-2,4-1-2-1-2,Antony Gautier,/en/matches/2465458e/Strasbourg-Saint-Etienne-January-17-2021-Ligue-1,nan
FRA-Ligue 1,2021,Strasbourg,2021-01-24 Dijon-Strasbourg,2021-01-24,15:00:00,Matchweek 21,Sun,Away,D,1,1,Dijon,2.4,0.7,50,,Stefan Mitrović,4-2-3-1,4-2-3-1,Jérôme Brisard,/en/matches/a7af930d/Dijon-Strasbourg-January-24-2021-Ligue-1,nan
FRA-Ligue 1,2021,Strasbourg,2021-01-31 Strasbourg-Reims,2021-01-31,15:00:00,Matchweek 22,Sun,Home,L,0,1,Reims,1.2,1.4,48,,Stefan Mitrović,4-2-3-1,4-1-4-1,Stéphanie Frappart,/en/matches/7d380a9a/Strasbourg-Reims-January-31-2021-Ligue-1,nan
FRA-Ligue 1,2021,Strasbourg,2021-02-03 Strasbourg-Brest,2021-02-03,19:00:00,Matchweek 23,Wed,Home,D,2,2,Brest,0.4,0.9,41,,Stefan Mitrović,4-2-3-1,4-1-4-1,Florent Batta,/en/matches/ce4a0c8e/Strasbourg-Brest-February-3-2021-Ligue-1,nan
FRA-Ligue 1,2021,Strasbourg,2021-02-06 Lyon-Strasbourg,2021-02-06,19:00:00,Matchweek 24,Sat,Away,L,0,3,Lyon,0.3,1.4,31,,Stefan Mitrović,4-2-3-1,4-3-3,Amaury Delerue,/en/matches/189c7e24/Lyon-Strasbourg-February-6-2021-Ligue-1,nan
FRA-Ligue 1,2021,Strasbourg,2021-02-14 Metz-Strasbourg,2021-02-14,15:00:00,Matchweek 25,Sun,Away,W,2,1,Metz,1.5,1.7,55,,Stefan Mitrović,4-1-2-1-2◆,3-4-3,Mikael Lesage,/en/matches/13dd281c/Metz-Strasbourg-February-14-2021-Ligue-1,nan
FRA-Ligue 1,2021,Strasbourg,2021-02-21 Strasbourg-Angers,2021-02-21,15:00:00,Matchweek 26,Sun,Home,D,0,0,Angers,1.2,0.3,57,,Stefan Mitrović,4-1-2-1-2◆,4-2-3-1,Hakim Ben El Hadj Salem,/en/matches/77b2ad0a/Strasbourg-Angers-February-21-2021-Ligue-1,nan
FRA-Ligue 1,2021,Strasbourg,2021-02-28 Lille-Strasbourg,2021-02-28,17:00:00,Matchweek 27,Sun,Away,D,1,1,Lille,0.9,1.1,32,,Stefan Mitrović,4-4-2,4-4-2,Jérôme Brisard,/en/matches/89db6c90/Lille-Strasbourg-February-28-2021-Ligue-1,nan
FRA-Ligue 1,2021,Strasbourg,2021-03-03 Strasbourg-Monaco,2021-03-03,21:00:00,Matchweek 28,Wed,Home,W,1,0,Monaco,0.9,0.6,38,,Stefan Mitrović,3-4-1-2,3-4-3,Eric Wattellier,/en/matches/6ec67dc8/Strasbourg-Monaco-March-3-2021-Ligue-1,nan
FRA-Ligue 1,2021,Strasbourg,2021-03-14 Rennes-Strasbourg,2021-03-14,15:00:00,Matchweek 29,Sun,Away,L,0,1,Rennes,0.6,1.0,50,,Stefan Mitrović,4-1-2-1-2◆,4-2-3-1,Bastien Dechepy,/en/matches/0c33e9b2/Rennes-Strasbourg-March-14-2021-Ligue-1,nan
FRA-Ligue 1,2021,Strasbourg,2021-03-21 Strasbourg-Lens,2021-03-21,13:00:00,Matchweek 30,Sun,Home,L,1,2,Lens,2.2,1.8,60,,Stefan Mitrović,3-5-1-1,3-4-1-2,Jeremy Stinat,/en/matches/c22925df/Strasbourg-Lens-March-21-2021-Ligue-1,nan
FRA-Ligue 1,2021,Strasbourg,2021-04-04 Bordeaux-Strasbourg,2021-04-04,15:00:00,Matchweek 31,Sun,Away,W,3,2,Bordeaux,2.2,1.7,38,,Stefan Mitrović,4-1-2-1-2◆,3-4-1-2,Jérôme Brisard,/en/matches/f919ead6/Bordeaux-Strasbourg-April-4-2021-Ligue-1,nan
FRA-Ligue 1,2021,Strasbourg,2021-04-10 Strasbourg-Paris S-G,2021-04-10,17:00:00,Matchweek 32,Sat,Home,L,1,4,Paris S-G,0.9,1.9,37,,Stefan Mitrović,4-2-3-1,4-2-3-1,Jérémie Pignard,/en/matches/3d39e7ef/Strasbourg-Paris-Saint-Germain-April-10-2021-Ligue-1,nan
FRA-Ligue 1,2021,Strasbourg,2021-04-18 Nîmes-Strasbourg,2021-04-18,15:00:00,Matchweek 33,Sun,Away,D,1,1,Nîmes,1.1,1.4,48,,Stefan Mitrović,4-1-2-1-2◆,4-1-4-1,Antony Gautier,/en/matches/9a9ec43b/Nimes-Strasbourg-April-18-2021-Ligue-1,nan
FRA-Ligue 1,2021,Strasbourg,2021-04-25 Strasbourg-Nantes,2021-04-25,15:00:00,Matchweek 34,Sun,Home,L,1,2,Nantes,1.5,1.2,64,,Stefan Mitrović,4-3-1-2,4-2-3-1,Ruddy Buquet,/en/matches/05a44d64/Strasbourg-Nantes-April-25-2021-Ligue-1,nan
FRA-Ligue 1,2021,Strasbourg,2021-04-30 Marseille-Strasbourg,2021-04-30,21:00:00,Matchweek 35,Fri,Away,D,1,1,Marseille,0.4,1.0,32,,Stefan Mitrović,5-3-2,3-5-2,Stéphanie Frappart,/en/matches/ccf9386d/Marseille-Strasbourg-April-30-2021-Ligue-1,nan
FRA-Ligue 1,2021,Strasbourg,2021-05-09 Strasbourg-Montpellier,2021-05-09,15:00:00,Matchweek 36,Sun,Home,L,2,3,Montpellier,1.8,0.7,57,,Stefan Mitrović,4-1-2-1-2◆,4-3-3,Jérôme Miguelgorry,/en/matches/e63e3a7c/Strasbourg-Montpellier-May-9-2021-Ligue-1,nan
FRA-Ligue 1,2021,Strasbourg,2021-05-16 Nice-Strasbourg,2021-05-16,21:00:00,Matchweek 37,Sun,Away,W,2,0,Nice,1.9,0.9,28,,Stefan Mitrović,5-3-2,4-1-4-1,Mikael Lesage,/en/matches/75cbbe08/Nice-Strasbourg-May-16-2021-Ligue-1,nan
FRA-Ligue 1,2021,Strasbourg,2021-05-23 Strasbourg-Lorient,2021-05-23,21:00:00,Matchweek 38,Sun,Home,D,1,1,Lorient,0.3,0.4,51,,Stefan Mitrović,5-3-2,5-3-2,Stéphanie Frappart,/en/matches/9e789fd5/Strasbourg-Lorient-May-23-2021-Ligue-1,nan
FRA-Ligue 1,2223,Ajaccio,2022-08-05 Lyon-Ajaccio,2022-08-05,21:00:00,Matchweek 1,Fri,Away,L,1,2,Lyon,1.5,1.3,33,48516.0,Vincent Marchetti,4-4-2,4-3-3,Benoît Bastien,/en/matches/47ab569b/Lyon-Ajaccio-August-5-2022-Ligue-1,nan
FRA-Ligue 1,2223,Ajaccio,2022-08-14 Ajaccio-Lens,2022-08-14,15:00:00,Matchweek 2,Sun,Home,D,0,0,Lens,0.5,1.4,36,9070.0,Vincent Marchetti,4-4-2,3-4-1-2,Stéphanie Frappart,/en/matches/8b559e8f/Ajaccio-Lens-August-14-2022-Ligue-1,nan
FRA-Ligue 1,2223,Ajaccio,2022-08-21 Rennes-Ajaccio,2022-08-21,17:05:00,Matchweek 3,Sun,Away,L,1,2,Rennes,1.4,1.2,45,27592.0,Vincent Marchetti,4-4-2,4-4-2,Hakim Ben El Hadj Salem,/en/matches/9befca9a/Rennes-Ajaccio-August-21-2022-Ligue-1,nan
FRA-Ligue 1,2223,Ajaccio,2022-08-26 Ajaccio-Lille,2022-08-26,21:00:00,Matchweek 4,Fri,Home,L,1,3,Lille,1.5,1.7,42,9070.0,Vincent Marchetti,4-4-2,4-2-3-1,Thomas Léonard,/en/matches/d8aa49d4/Ajaccio-Lille-August-26-2022-Ligue-1,nan
FRA-Ligue 1,2223,Ajaccio,2022-08-31 Montpellier-Ajaccio,2022-08-31,19:00:00,Matchweek 5,Wed,Away,L,0,2,Montpellier,1.2,1.7,62,10051.0,Vincent Marchetti,4-4-2,4-2-3-1,Bastien Dechepy,/en/matches/f80ee3a3/Montpellier-Ajaccio-August-31-2022-Ligue-1,nan
FRA-Ligue 1,2223,Ajaccio,2022-09-04 Ajaccio-Lorient,2022-09-04,15:00:00,Matchweek 6,Sun,Home,L,0,1,Lorient,0.5,0.8,58,7000.0,Riad Nouri,4-4-2,4-3-3,Jeremy Stinat,/en/matches/ae60a120/Ajaccio-Lorient-September-4-2022-Ligue-1,nan
FRA-Ligue 1,2223,Ajaccio,2022-09-11 Ajaccio-Nice,2022-09-11,15:00:00,Matchweek 7,Sun,Home,L,0,1,Nice,1.2,1.2,45,7068.0,Mathieu Coutadeur,4-4-2,4-4-2,Eric Wattellier,/en/matches/e7c831c2/Ajaccio-Nice-September-11-2022-Ligue-1,nan
FRA-Ligue 1,2223,Ajaccio,2022-09-18 Brest-Ajaccio,2022-09-18,15:00:00,Matchweek 8,Sun,Away,W,1,0,Brest,0.5,0.6,41,11153.0,Mathieu Coutadeur,4-4-2,5-3-2,Stéphanie Frappart,/en/matches/1051ac4c/Brest-Ajaccio-September-18-2022-Ligue-1,nan
FRA-Ligue 1,2223,Ajaccio,2022-10-02 Ajaccio-Clermont Foot,2022-10-02,15:00:00,Matchweek 9,Sun,Home,L,1,3,Clermont Foot,1.5,1.0,52,6610.0,Mathieu Coutadeur,4-4-2,3-4-1-2,Clément Turpin,/en/matches/eaedf3ff/Ajaccio-Clermont-Foot-October-2-2022-Ligue-1,nan
FRA-Ligue 1,2223,Ajaccio,2022-10-08 Marseille-Ajaccio,2022-10-08,17:00:00,Matchweek 10,Sat,Away,W,2,1,Marseille,0.2,1.7,36,63312.0,Mathieu Coutadeur,4-4-2,3-4-3,Willy Delajod,/en/matches/98ad4323/Marseille-Ajaccio-October-8-2022-Ligue-1,nan
FRA-Ligue 1,2223,Ajaccio,2022-10-16 Troyes-Ajaccio,2022-10-16,15:00:00,Matchweek 11,Sun,Away,D,1,1,Troyes,2.4,0.6,49,7731.0,Mathieu Coutadeur,4-4-2,3-4-3,Jérôme Brisard,/en/matches/6ad88cc9/Troyes-Ajaccio-October-16-2022-Ligue-1,nan
FRA-Ligue 1,2223,Ajaccio,2022-10-21 Ajaccio-Paris S-G,2022-10-21,21:00:00,Matchweek 12,Fri,Home,L,0,3,Paris S-G,0.3,2.5,35,10000.0,Mathieu Coutadeur,4-4-2,4-3-1-2,Johan Hamel,/en/matches/492d0e7a/Ajaccio-Paris-Saint-Germain-October-21-2022-Ligue-1,nan
FRA-Ligue 1,2223,Ajaccio,2022-10-30 Auxerre-Ajaccio,2022-10-30,13:00:00,Matchweek 13,Sun,Away,L,0,1,Auxerre,0.4,1.5,59,15092.0,Mathieu Coutadeur,4-4-2,4-4-2,Benoît Millot,/en/matches/37f73b7b/Auxerre-Ajaccio-October-30-2022-Ligue-1,nan
FRA-Ligue 1,2223,Ajaccio,2022-11-05 Ajaccio-Strasbourg,2022-11-05,17:00:00,Matchweek 14,Sat,Home,W,4,2,Strasbourg,3.7,0.9,49,7203.0,Mathieu Coutadeur,4-4-2,3-4-3,Mathieu Vernice,/en/matches/ce07c8bb/Ajaccio-Strasbourg-November-5-2022-Ligue-1,nan
FRA-Ligue 1,2223,Ajaccio,2022-11-13 Nantes-Ajaccio,2022-11-13,15:00:00,Matchweek 15,Sun,Away,D,2,2,Nantes,2.5,1.1,47,29407.0,Mathieu Coutadeur,4-4-2,4-2-3-1,Jérémie Pignard,/en/matches/e2a7c160/Nantes-Ajaccio-November-13-2022-Ligue-1,nan
FRA-Ligue 1,2223,Ajaccio,2022-12-28 Ajaccio-Angers,2022-12-28,15:00:00,Matchweek 16,Wed,Home,W,1,0,Angers,1.6,1.9,46,7088.0,Mathieu Coutadeur,4-4-2,4-2-3-1,Jeremy Stinat,/en/matches/095e292f/Ajaccio-Angers-December-28-2022-Ligue-1,nan
FRA-Ligue 1,2223,Ajaccio,2023-01-01 Toulouse-Ajaccio,2023-01-01,15:00:00,Matchweek 17,Sun,Away,L,0,2,Toulouse,0.0,1.1,38,25957.0,Mathieu Coutadeur,4-4-2,4-3-3,Pierre Gaillouste,/en/matches/0e22e8ba/Toulouse-Ajaccio-January-1-2023-Ligue-1,nan
FRA-Ligue 1,2223,Ajaccio,2023-01-11 Ajaccio-Reims,2023-01-11,19:00:00,Matchweek 18,Wed,Home,L,0,1,Reims,1.0,0.9,48,6648.0,Vincent Marchetti,4-4-2,4-2-3-1,Willy Delajod,/en/matches/656ef1c0/Ajaccio-Reims-January-11-2023-Ligue-1,nan
FRA-Ligue 1,2223,Ajaccio,2023-01-15 Monaco-Ajaccio,2023-01-15,17:05:00,Matchweek 19,Sun,Away,L,1,7,Monaco,0.3,3.7,35,8000.0,Riad Nouri,5-4-1,4-2-2-2,Ruddy Buquet,/en/matches/74dc1c48/Monaco-Ajaccio-January-15-2023-Ligue-1,nan
FRA-Ligue 1,2223,Ajaccio,2023-01-29 Ajaccio-Lyon,2023-01-29,17:05:00,Matchweek 20,Sun,Home,L,0,2,Lyon,1.7,1.9,51,6788.0,Vincent Marchetti,4-4-2,4-1-4-1,Thomas Léonard,/en/matches/3b0e34f6/Ajaccio-Lyon-January-29-2023-Ligue-1,nan
FRA-Ligue 1,2223,Ajaccio,2023-02-01 Angers-Ajaccio,2023-02-01,19:00:00,Matchweek 21,Wed,Away,W,2,1,Angers,1.4,0.4,60,7255.0,Vincent Marchetti,4-4-2,4-4-2,Bastien Dechepy,/en/matches/671cbd4f/Angers-Ajaccio-February-1-2023-Ligue-1,nan
FRA-Ligue 1,2223,Ajaccio,2023-02-05 Ajaccio-Nantes,2023-02-05,15:00:00,Matchweek 22,Sun,Home,L,0,2,Nantes,0.3,1.2,43,6908.0,Vincent Marchetti,4-4-2,4-2-3-1,Ruddy Buquet,/en/matches/1d0998d1/Ajaccio-Nantes-February-5-2023-Ligue-1,nan
FRA-Ligue 1,2223,Ajaccio,2023-02-10 Nice-Ajaccio,2023-02-10,21:00:00,Matchweek 23,Fri,Away,L,0,3,Nice,0.4,0.6,38,20163.0,Riad Nouri,4-1-4-1,4-3-3,Stéphanie Frappart,/en/matches/1ca21463/Nice-Ajaccio-February-10-2023-Ligue-1,nan
FRA-Ligue 1,2223,Ajaccio,2023-02-19 Lorient-Ajaccio,2023-02-19,15:00:00,Matchweek 24,Sun,Away,L,0,3,Lorient,0.7,2.5,42,12918.0,Vincent Marchetti,4-1-4-1,4-2-3-1,Eric Wattellier,/en/matches/9a73c114/Lorient-Ajaccio-February-19-2023-Ligue-1,nan
FRA-Ligue 1,2223,Ajaccio,2023-02-26 Ajaccio-Troyes,2023-02-26,15:00:00,Matchweek 25,Sun,Home,W,2,1,Troyes,3.8,1.5,52,5983.0,Mathieu Coutadeur,4-4-2,3-4-3,Marc Bollengier,/en/matches/78ba7c57/Ajaccio-Troyes-February-26-2023-Ligue-1,nan
FRA-Ligue 1,2223,Ajaccio,2023-03-05 Reims-Ajaccio,2023-03-05,15:00:00,Matchweek 26,Sun,Away,L,0,1,Reims,0.4,0.6,36,12855.0,Mathieu Coutadeur,4-4-2,4-2-3-1,Pierre Gaillouste,/en/matches/b317ed7d/Reims-Ajaccio-March-5-2023-Ligue-1,nan
FRA-Ligue 1,2223,Ajaccio,2023-03-12 Ajaccio-Montpellier,2023-03-12,15:00:00,Matchweek 27,Sun,Home,L,0,1,Montpellier,0.2,1.0,48,6889.0,Mathieu Coutadeur,4-4-2,4-2-3-1,Hakim Ben El Hadj Salem,/en/matches/4d877fad/Ajaccio-Montpellier-March-12-2023-Ligue-1,nan
FRA-Ligue 1,2223,Ajaccio,2023-03-19 Ajaccio-Monaco,2023-03-19,13:00:00,Matchweek 28,Sun,Home,L,0,2,Monaco,1.1,1.1,42,7198.0,Mathieu Coutadeur,4-4-2,4-4-2,Jeremy Stinat,/en/matches/9a21157d/Ajaccio-Monaco-March-19-2023-Ligue-1,nan
FRA-Ligue 1,2223,Ajaccio,2023-04-02 Clermont Foot-Ajaccio,2023-04-02,15:00:00,Matchweek 29,Sun,Away,L,1,2,Clermont Foot,0.4,2.4,33,9436.0,Mathieu Coutadeur,4-4-2,4-2-3-1,Mathieu Vernice,/en/matches/758ff2c2/Clermont-Foot-Ajaccio-April-2-2023-Ligue-1,nan
FRA-Ligue 1,2223,Ajaccio,2023-04-09 Ajaccio-Auxerre,2023-04-09,15:00:00,Matchweek 30,Sun,Home,L,0,3,Auxerre,1.1,0.8,57,6742.0,Mathieu Coutadeur,4-4-2,3-4-3,Bastien Dechepy,/en/matches/4afdc8cb/Ajaccio-Auxerre-April-9-2023-Ligue-1,nan
FRA-Ligue 1,2223,Ajaccio,2023-04-16 Strasbourg-Ajaccio,2023-04-16,15:00:00,Matchweek 31,Sun,Away,L,1,3,Strasbourg,0.4,1.6,57,25130.0,Mathieu Coutadeur,4-2-3-1,5-3-2,Stéphanie Frappart,/en/matches/c4b417d4/Strasbourg-Ajaccio-April-16-2023-Ligue-1,nan
FRA-Ligue 1,2223,Ajaccio,2023-04-23 Ajaccio-Brest,2023-04-23,15:00:00,Matchweek 32,Sun,Home,D,0,0,Brest,0.3,0.6,44,6879.0,Vincent Marchetti,4-4-2,4-1-4-1,Jeremy Stinat,/en/matches/42abcfc9/Ajaccio-Brest-April-23-2023-Ligue-1,nan
FRA-Ligue 1,2223,Ajaccio,2023-04-29 Lille-Ajaccio,2023-04-29,17:00:00,Matchweek 33,Sat,Away,L,0,3,Lille,0.5,1.6,25,35490.0,Vincent Marchetti,4-4-2,4-2-3-1,François Letexier,/en/matches/1213d047/Lille-Ajaccio-April-29-2023-Ligue-1,nan
FRA-Ligue 1,2223,Ajaccio,2023-05-07 Ajaccio-Toulouse,2023-05-07,15:00:00,Matchweek 34,Sun,Home,D,0,0,Toulouse,0.3,1.7,39,6735.0,Mathieu Coutadeur,4-5-1,4-2-3-1,Florent Batta,/en/matches/504a857a/Ajaccio-Toulouse-May-7-2023-Ligue-1,nan
FRA-Ligue 1,2223,Ajaccio,2023-05-13 Paris S-G-Ajaccio,2023-05-13,21:00:00,Matchweek 35,Sat,Away,L,0,5,Paris S-G,0.4,2.3,27,47926.0,Mathieu Coutadeur,4-3-3,3-4-3,Pierre Gaillouste,/en/matches/fdd73200/Paris-Saint-Germain-Ajaccio-May-13-2023-Ligue-1,nan
FRA-Ligue 1,2223,Ajaccio,2023-05-21 Ajaccio-Rennes,2023-05-21,13:00:00,Matchweek 36,Sun,Home,L,0,5,Rennes,0.1,1.3,42,6637.0,Mathieu Coutadeur,4-4-2,4-1-4-1,Eric Wattellier,/en/matches/3f140dc2/Ajaccio-Rennes-May-21-2023-Ligue-1,nan
FRA-Ligue 1,2223,Ajaccio,2023-05-27 Lens-Ajaccio,2023-05-27,21:00:00,Matchweek 37,Sat,Away,L,0,3,Lens,0.2,2.3,21,37601.0,Vincent Marchetti,3-4-3,3-4-3,Thomas Léonard,/en/matches/5eceb234/Lens-Ajaccio-May-27-2023-Ligue-1,nan
FRA-Ligue 1,2223,Ajaccio,2023-06-03 Ajaccio-Marseille,2023-06-03,21:00:00,Matchweek 38,Sat,Home,W,1,0,Marseille,0.1,1.4,29,9500.0,Mathieu Coutadeur,4-1-4-1,3-4-3,Benoît Bastien,/en/matches/2ca0b377/Ajaccio-Marseille-June-3-2023-Ligue-1,nan
FRA-Ligue 1,2223,Angers,2022-08-07 Angers-Nantes,2022-08-07,15:00:00,Matchweek 1,Sun,Home,D,0,0,Nantes,1.5,1.5,49,12000.0,Pierrick Capelle,4-2-3-1,3-4-1-2,Hakim Ben El Hadj Salem,/en/matches/136d5cbe/Angers-Nantes-August-7-2022-Ligue-1,nan
FRA-Ligue 1,2223,Angers,2022-08-14 Auxerre-Angers,2022-08-14,15:00:00,Matchweek 2,Sun,Away,D,2,2,Auxerre,1.4,0.8,60,15577.0,Souleyman Doumbia,4-2-3-1,4-1-4-1,Ruddy Buquet,/en/matches/f5a2eb8d/Auxerre-Angers-August-14-2022-Ligue-1,nan
FRA-Ligue 1,2223,Angers,2022-08-21 Angers-Brest,2022-08-21,15:00:00,Matchweek 3,Sun,Home,L,1,3,Brest,0.6,1.8,50,8735.0,Pierrick Capelle,4-2-3-1,4-3-3,Jérôme Brisard,/en/matches/2bc4aa01/Angers-Brest-August-21-2022-Ligue-1,nan
FRA-Ligue 1,2223,Angers,2022-08-28 Troyes-Angers,2022-08-28,15:00:00,Matchweek 4,Sun,Away,L,1,3,Troyes,0.7,1.9,51,6673.0,Pierrick Capelle,3-1-4-2,5-4-1,Stéphanie Frappart,/en/matches/ccccf547/Troyes-Angers-August-28-2022-Ligue-1,nan
FRA-Ligue 1,2223,Angers,2022-08-31 Angers-Reims,2022-08-31,19:00:00,Matchweek 5,Wed,Home,L,2,4,Reims,1.7,2.3,57,6500.0,Nabil Bentaleb,3-1-4-2,3-4-1-2,Jérémie Pignard,/en/matches/d94a7d75/Angers-Reims-August-31-2022-Ligue-1,nan
FRA-Ligue 1,2223,Angers,2022-09-03 Lyon-Angers,2022-09-03,19:00:00,Matchweek 6,Sat,Away,L,0,5,Lyon,1.0,1.4,36,39586.0,Nabil Bentaleb,3-1-4-2,4-3-3,Thomas Léonard,/en/matches/fb645562/Lyon-Angers-September-3-2022-Ligue-1,nan
FRA-Ligue 1,2223,Angers,2022-09-11 Angers-Montpellier,2022-09-11,15:00:00,Matchweek 7,Sun,Home,W,2,1,Montpellier,2.5,0.7,45,6165.0,Nabil Bentaleb,4-2-3-1,4-2-3-1,François Letexier,/en/matches/37884357/Angers-Montpellier-September-11-2022-Ligue-1,nan
FRA-Ligue 1,2223,Angers,2022-09-18 Nice-Angers,2022-09-18,15:00:00,Matchweek 8,Sun,Away,W,1,0,Nice,1.5,1.3,50,18545.0,Nabil Bentaleb,4-2-3-1,4-4-2,Bastien Dechepy,/en/matches/58f908b1/Nice-Angers-September-18-2022-Ligue-1,nan
FRA-Ligue 1,2223,Angers,2022-09-30 Angers-Marseille,2022-09-30,21:00:00,Matchweek 9,Fri,Home,L,0,3,Marseille,1.2,1.6,43,19000.0,Nabil Bentaleb,4-4-2,3-4-3,Johan Hamel,/en/matches/3c6ebbba/Angers-Marseille-September-30-2022-Ligue-1,nan
FRA-Ligue 1,2223,Angers,2022-10-09 Angers-Strasbourg,2022-10-09,15:00:00,Matchweek 10,Sun,Home,L,2,3,Strasbourg,2.1,2.0,54,8000.0,Nabil Bentaleb,4-4-2,3-5-2,Clément Turpin,/en/matches/bc649871/Angers-Strasbourg-October-9-2022-Ligue-1,nan
FRA-Ligue 1,2223,Angers,2022-10-16 Toulouse-Angers,2022-10-16,13:00:00,Matchweek 11,Sun,Away,L,2,3,Toulouse,1.2,2.4,45,21141.0,Nabil Bentaleb,5-3-2,4-3-3,Benoît Bastien,/en/matches/4b81fd1f/Toulouse-Angers-October-16-2022-Ligue-1,nan
FRA-Ligue 1,2223,Angers,2022-10-23 Angers-Rennes,2022-10-23,13:00:00,Matchweek 12,Sun,Home,L,1,2,Rennes,1.2,2.2,30,11500.0,Pierrick Capelle,5-3-2,4-4-2,Pierre Gaillouste,/en/matches/c9d3fd4b/Angers-Rennes-October-23-2022-Ligue-1,nan
FRA-Ligue 1,2223,Angers,2022-10-30 Monaco-Angers,2022-10-30,15:00:00,Matchweek 13,Sun,Away,L,0,2,Monaco,0.6,1.8,48,7069.0,Pierrick Capelle,5-3-2,3-4-1-2,Stéphanie Frappart,/en/matches/6d8a6a22/Monaco-Angers-October-30-2022-Ligue-1,nan
FRA-Ligue 1,2223,Angers,2022-11-05 Angers-Lens,2022-11-05,21:00:00,Matchweek 14,Sat,Home,L,1,2,Lens,0.5,1.8,44,11585.0,Nabil Bentaleb,5-3-2,3-4-3,Thomas Léonard,/en/matches/75388a68/Angers-Lens-November-5-2022-Ligue-1,nan
FRA-Ligue 1,2223,Angers,2022-11-13 Lille-Angers,2022-11-13,15:00:00,Matchweek 15,Sun,Away,L,0,1,Lille,0.6,0.6,42,36360.0,Pierrick Capelle,5-3-2,4-2-3-1,Miguel Nogueira,/en/matches/6055a18c/Lille-Angers-November-13-2022-Ligue-1,nan
FRA-Ligue 1,2223,Angers,2022-12-28 Ajaccio-Angers,2022-12-28,15:00:00,Matchweek 16,Wed,Away,L,0,1,Ajaccio,1.9,1.6,54,7088.0,Paul Bernardoni,4-2-3-1,4-4-2,Jeremy Stinat,/en/matches/095e292f/Ajaccio-Angers-December-28-2022-Ligue-1,nan
FRA-Ligue 1,2223,Angers,2023-01-01 Angers-Lorient,2023-01-01,15:00:00,Matchweek 17,Sun,Home,L,1,2,Lorient,2.3,0.6,42,6000.0,Pierrick Capelle,4-2-3-1,4-2-3-1,Florent Batta,/en/matches/cff615b4/Angers-Lorient-January-1-2023-Ligue-1,nan
FRA-Ligue 1,2223,Angers,2023-01-11 Paris S-G-Angers,2023-01-11,21:00:00,Matchweek 18,Wed,Away,L,0,2,Paris S-G,0.5,1.3,34,47000.0,Pierrick Capelle,4-2-3-1,3-4-3,Eric Wattellier,/en/matches/76db6078/Paris-Saint-Germain-Angers-January-11-2023-Ligue-1,nan
FRA-Ligue 1,2223,Angers,2023-01-15 Angers-Clermont Foot,2023-01-15,15:00:00,Matchweek 19,Sun,Home,L,1,2,Clermont Foot,0.6,1.7,58,12160.0,Pierrick Capelle,4-2-3-1,3-4-3,Mathieu Vernice,/en/matches/d21b1750/Angers-Clermont-Foot-January-15-2023-Ligue-1,nan
FRA-Ligue 1,2223,Angers,2023-01-29 Brest-Angers,2023-01-29,15:00:00,Matchweek 20,Sun,Away,L,0,4,Brest,0.8,1.6,59,12629.0,Nabil Bentaleb,4-4-2,4-1-4-1,Marc Bollengier,/en/matches/6bd8ad94/Brest-Angers-January-29-2023-Ligue-1,nan
FRA-Ligue 1,2223,Angers,2023-02-01 Angers-Ajaccio,2023-02-01,19:00:00,Matchweek 21,Wed,Home,L,1,2,Ajaccio,0.4,1.4,40,7255.0,Nabil Bentaleb,4-4-2,4-4-2,Bastien Dechepy,/en/matches/671cbd4f/Angers-Ajaccio-February-1-2023-Ligue-1,nan
FRA-Ligue 1,2223,Angers,2023-02-05 Lorient-Angers,2023-02-05,15:00:00,Matchweek 22,Sun,Away,D,0,0,Lorient,0.7,1.0,44,12705.0,Nabil Bentaleb,4-4-2,4-2-3-1,Willy Delajod,/en/matches/4f77b00e/Lorient-Angers-February-5-2023-Ligue-1,nan
FRA-Ligue 1,2223,Angers,2023-02-12 Angers-Auxerre,2023-02-12,15:00:00,Matchweek 23,Sun,Home,D,1,1,Auxerre,0.9,2.6,50,7873.0,Nabil Bentaleb,4-4-2,4-2-3-1,Thomas Léonard,/en/matches/079e4a90/Angers-Auxerre-February-12-2023-Ligue-1,nan
FRA-Ligue 1,2223,Angers,2023-02-18 Strasbourg-Angers,2023-02-18,21:00:00,Matchweek 24,Sat,Away,L,1,2,Strasbourg,1.2,1.7,64,25062.0,Pierrick Capelle,4-4-2,3-5-2,François Letexier,/en/matches/7981e432/Strasbourg-Angers-February-18-2023-Ligue-1,nan
FRA-Ligue 1,2223,Angers,2023-02-25 Angers-Lyon,2023-02-25,17:00:00,Matchweek 25,Sat,Home,L,1,3,Lyon,1.5,1.1,43,12031.0,Nabil Bentaleb,4-3-3,4-3-3,Florent Batta,/en/matches/ed761c34/Angers-Lyon-February-25-2023-Ligue-1,nan
FRA-Ligue 1,2223,Angers,2023-03-05 Montpellier-Angers,2023-03-05,15:00:00,Matchweek 26,Sun,Away,L,0,5,Montpellier,0.9,2.9,40,11664.0,Nabil Bentaleb,4-3-3,4-2-3-1,Benoît Millot,/en/matches/05267653/Montpellier-Angers-March-5-2023-Ligue-1,nan
FRA-Ligue 1,2223,Angers,2023-03-12 Angers-Toulouse,2023-03-12,15:00:00,Matchweek 27,Sun,Home,L,0,2,Toulouse,1.7,1.6,40,6487.0,Pierrick Capelle,5-3-2,4-2-3-1,Pierre Gaillouste,/en/matches/7bf37201/Angers-Toulouse-March-12-2023-Ligue-1,nan
FRA-Ligue 1,2223,Angers,2023-03-18 Lens-Angers,2023-03-18,21:00:00,Matchweek 28,Sat,Away,L,0,3,Lens,0.5,1.6,54,37410.0,Pierrick Capelle,5-3-2,4-1-4-1,Bastien Dechepy,/en/matches/9481e88d/Lens-Angers-March-18-2023-Ligue-1,nan
FRA-Ligue 1,2223,Angers,2023-04-02 Angers-Nice,2023-04-02,15:00:00,Matchweek 29,Sun,Home,D,1,1,Nice,0.9,1.5,37,6649.0,Pierrick Capelle,5-3-2,4-3-3,Eric Wattellier,/en/matches/3ee2de5c/Angers-Nice-April-2-2023-Ligue-1,nan
FRA-Ligue 1,2223,Angers,2023-04-08 Angers-Lille,2023-04-08,17:00:00,Matchweek 30,Sat,Home,W,1,0,Lille,1.0,1.4,34,7469.0,Pierrick Capelle,5-3-2,4-2-3-1,Mathieu Vernice,/en/matches/5b23ad99/Angers-Lille-April-8-2023-Ligue-1,nan
FRA-Ligue 1,2223,Angers,2023-04-16 Clermont Foot-Angers,2023-04-16,15:00:00,Matchweek 31,Sun,Away,L,1,2,Clermont Foot,0.3,2.1,47,10589.0,Nabil Bentaleb,5-3-2,4-2-3-1,Thomas Léonard,/en/matches/f254960b/Clermont-Foot-Angers-April-16-2023-Ligue-1,nan
FRA-Ligue 1,2223,Angers,2023-04-21 Angers-Paris S-G,2023-04-21,21:00:00,Matchweek 32,Fri,Home,L,1,2,Paris S-G,1.8,1.6,35,16914.0,Himad Abdelli,5-3-2,3-5-2,Eric Wattellier,/en/matches/e7e8dc1c/Angers-Paris-Saint-Germain-April-21-2023-Ligue-1,nan
FRA-Ligue 1,2223,Angers,2023-04-30 Rennes-Angers,2023-04-30,15:00:00,Matchweek 33,Sun,Away,L,2,4,Rennes,1.0,2.1,36,28028.0,Nabil Bentaleb,5-3-2,4-1-4-1,Florent Batta,/en/matches/8a1bae48/Rennes-Angers-April-30-2023-Ligue-1,nan
FRA-Ligue 1,2223,Angers,2023-05-07 Angers-Monaco,2023-05-07,13:00:00,Matchweek 34,Sun,Home,L,1,2,Monaco,1.0,2.1,60,9223.0,Nabil Bentaleb,5-3-2,3-4-3,Jeremy Stinat,/en/matches/353a0635/Angers-Monaco-May-7-2023-Ligue-1,nan
FRA-Ligue 1,2223,Angers,2023-05-14 Marseille-Angers,2023-05-14,20:45:00,Matchweek 35,Sun,Away,L,1,3,Marseille,0.3,2.7,38,63329.0,Nabil Bentaleb,5-3-2,3-4-3,Benoît Millot,/en/matches/01b6ff4d/Marseille-Angers-May-14-2023-Ligue-1,nan
FRA-Ligue 1,2223,Angers,2023-05-21 Reims-Angers,2023-05-21,15:00:00,Matchweek 36,Sun,Away,D,2,2,Reims,1.2,1.5,43,11242.0,Himad Abdelli,5-3-2,4-2-3-1,Florent Batta,/en/matches/908507af/Reims-Angers-May-21-2023-Ligue-1,nan
FRA-Ligue 1,2223,Angers,2023-05-27 Angers-Troyes,2023-05-27,21:00:00,Matchweek 37,Sat,Home,W,2,1,Troyes,1.2,0.3,60,7419.0,Himad Abdelli,5-3-2,3-4-3,Karim Abed,/en/matches/567eeb7c/Angers-Troyes-May-27-2023-Ligue-1,nan
FRA-Ligue 1,2223,Angers,2023-06-03 Nantes-Angers,2023-06-03,21:00:00,Matchweek 38,Sat,Away,L,0,1,Nantes,0.3,1.1,66,27650.0,Pierrick Capelle,5-3-2,4-2-3-1,Clément Turpin,/en/matches/54a0b007/Nantes-Angers-June-3-2023-Ligue-1,nan
FRA-Ligue 1,2223,Auxerre,2022-08-07 Lille-Auxerre,2022-08-07,15:00:00,Matchweek 1,Sun,Away,L,1,4,Lille,0.6,2.4,41,32292.0,Birama Touré,4-2-3-1,4-2-3-1,Eric Wattellier,/en/matches/cbdc95fe/Lille-Auxerre-August-7-2022-Ligue-1,nan
FRA-Ligue 1,2223,Auxerre,2022-08-14 Auxerre-Angers,2022-08-14,15:00:00,Matchweek 2,Sun,Home,D,2,2,Angers,0.8,1.4,40,15577.0,Birama Touré,4-1-4-1,4-2-3-1,Ruddy Buquet,/en/matches/f5a2eb8d/Auxerre-Angers-August-14-2022-Ligue-1,nan
FRA-Ligue 1,2223,Auxerre,2022-08-21 Montpellier-Auxerre,2022-08-21,15:00:00,Matchweek 3,Sun,Away,W,2,1,Montpellier,1.3,1.0,36,13137.0,Birama Touré,4-1-4-1,4-1-4-1,Mathieu Vernice,/en/matches/05d493df/Montpellier-Auxerre-August-21-2022-Ligue-1,nan
FRA-Ligue 1,2223,Auxerre,2022-08-27 Auxerre-Strasbourg,2022-08-27,17:00:00,Matchweek 4,Sat,Home,W,1,0,Strasbourg,0.6,1.3,42,16059.0,Birama Touré,4-1-4-1,3-5-2,Johan Hamel,/en/matches/0bd45b22/Auxerre-Strasbourg-August-27-2022-Ligue-1,nan
FRA-Ligue 1,2223,Auxerre,2022-08-31 Lyon-Auxerre,2022-08-31,19:00:00,Matchweek 5,Wed,Away,L,1,2,Lyon,0.7,2.6,38,38609.0,Birama Touré,4-1-4-1,4-3-3,Pierre Gaillouste,/en/matches/d4cde1d6/Lyon-Auxerre-August-31-2022-Ligue-1,nan
FRA-Ligue 1,2223,Auxerre,2022-09-03 Auxerre-Marseille,2022-09-03,17:00:00,Matchweek 6,Sat,Home,L,0,2,Marseille,0.6,1.6,48,17025.0,Birama Touré,4-1-4-1,3-4-3,Willy Delajod,/en/matches/d9b1158b/Auxerre-Marseille-September-3-2022-Ligue-1,nan
FRA-Ligue 1,2223,Auxerre,2022-09-11 Rennes-Auxerre,2022-09-11,17:05:00,Matchweek 7,Sun,Away,L,0,5,Rennes,0.7,1.6,52,27837.0,Birama Touré,4-1-4-1,4-4-2,Thomas Léonard,/en/matches/16d3a368/Rennes-Auxerre-September-11-2022-Ligue-1,nan
FRA-Ligue 1,2223,Auxerre,2022-09-16 Auxerre-Lorient,2022-09-16,21:00:00,Matchweek 8,Fri,Home,L,1,3,Lorient,2.0,2.5,56,14866.0,Birama Touré,4-1-4-1,4-2-3-1,Ruddy Buquet,/en/matches/49bc23eb/Auxerre-Lorient-September-16-2022-Ligue-1,nan
FRA-Ligue 1,2223,Auxerre,2022-10-02 Auxerre-Brest,2022-10-02,15:00:00,Matchweek 9,Sun,Home,D,1,1,Brest,1.4,0.6,48,14630.0,Birama Touré,4-1-4-1,4-2-3-1,Florent Batta,/en/matches/0992c452/Auxerre-Brest-October-2-2022-Ligue-1,nan
FRA-Ligue 1,2223,Auxerre,2022-10-09 Clermont Foot-Auxerre,2022-10-09,15:00:00,Matchweek 10,Sun,Away,L,1,2,Clermont Foot,1.0,1.1,52,11119.0,Birama Touré,4-1-4-1,3-4-3,Mathieu Vernice,/en/matches/d6cfdf2e/Clermont-Foot-Auxerre-October-9-2022-Ligue-1,nan
FRA-Ligue 1,2223,Auxerre,2022-10-16 Auxerre-Nice,2022-10-16,15:00:00,Matchweek 11,Sun,Home,D,1,1,Nice,0.8,1.6,45,14125.0,Birama Touré,4-2-3-1,3-5-2,Eric Wattellier,/en/matches/a9ffc8fd/Auxerre-Nice-October-16-2022-Ligue-1,nan
FRA-Ligue 1,2223,Auxerre,2022-10-23 Reims-Auxerre,2022-10-23,15:00:00,Matchweek 12,Sun,Away,L,1,2,Reims,0.7,2.4,46,11411.0,Birama Touré,4-2-3-1,4-2-3-1,Hakim Ben El Hadj Salem,/en/matches/c6b10aeb/Reims-Auxerre-October-23-2022-Ligue-1,nan
FRA-Ligue 1,2223,Auxerre,2022-10-30 Auxerre-Ajaccio,2022-10-30,13:00:00,Matchweek 13,Sun,Home,W,1,0,Ajaccio,1.5,0.4,41,15092.0,Birama Touré,4-4-2,4-4-2,Benoît Millot,/en/matches/37f73b7b/Auxerre-Ajaccio-October-30-2022-Ligue-1,nan
FRA-Ligue 1,2223,Auxerre,2022-11-04 Troyes-Auxerre,2022-11-04,21:00:00,Matchweek 14,Fri,Away,D,1,1,Troyes,1.4,1.9,50,12689.0,Birama Touré,4-4-2,3-4-1-2,Pierre Gaillouste,/en/matches/c138eba8/Troyes-Auxerre-November-4-2022-Ligue-1,nan
FRA-Ligue 1,2223,Auxerre,2022-11-13 Paris S-G-Auxerre,2022-11-13,13:00:00,Matchweek 15,Sun,Away,L,0,5,Paris S-G,0.7,2.0,41,45000.0,Birama Touré,5-4-1,4-3-1-2,Thomas Léonard,/en/matches/86e55266/Paris-Saint-Germain-Auxerre-November-13-2022-Ligue-1,nan
FRA-Ligue 1,2223,Auxerre,2022-12-28 Auxerre-Monaco,2022-12-28,17:00:00,Matchweek 16,Wed,Home,L,2,3,Monaco,1.3,1.3,38,16503.0,Birama Touré,4-4-1-1,4-4-2,Marc Bollengier,/en/matches/d5b35d85/Auxerre-Monaco-December-28-2022-Ligue-1,nan
FRA-Ligue 1,2223,Auxerre,2023-01-01 Nantes-Auxerre,2023-01-01,15:00:00,Matchweek 17,Sun,Away,L,0,1,Nantes,0.8,1.0,50,23266.0,Birama Touré,4-4-1-1,4-4-2,Benoît Bastien,/en/matches/eb1f454d/Nantes-Auxerre-January-1-2023-Ligue-1,nan
FRA-Ligue 1,2223,Auxerre,2023-01-11 Auxerre-Toulouse,2023-01-11,19:00:00,Matchweek 18,Wed,Home,L,0,5,Toulouse,1.1,2.2,48,12405.0,Birama Touré,4-4-2,4-3-3,Florent Batta,/en/matches/7037273e/Auxerre-Toulouse-January-11-2023-Ligue-1,nan
FRA-Ligue 1,2223,Auxerre,2023-01-14 Lens-Auxerre,2023-01-14,17:00:00,Matchweek 19,Sat,Away,L,0,1,Lens,0.3,2.0,33,38208.0,Birama Touré,4-5-1,3-4-3,Willy Delajod,/en/matches/767c1b25/Lens-Auxerre-January-14-2023-Ligue-1,nan
FRA-Ligue 1,2223,Auxerre,2023-01-29 Auxerre-Montpellier,2023-01-29,15:00:00,Matchweek 20,Sun,Home,L,0,2,Montpellier,1.8,0.7,58,14206.0,Birama Touré,4-3-3,4-2-3-1,Jeremy Stinat,/en/matches/73d5a2c8/Auxerre-Montpellier-January-29-2023-Ligue-1,nan
FRA-Ligue 1,2223,Auxerre,2023-02-01 Monaco-Auxerre,2023-02-01,21:00:00,Matchweek 21,Wed,Away,L,2,3,Monaco,1.4,1.2,56,3561.0,Birama Touré,4-3-3,4-2-2-2,Eric Wattellier,/en/matches/7bb26754/Monaco-Auxerre-February-1-2023-Ligue-1,nan
FRA-Ligue 1,2223,Auxerre,2023-02-05 Auxerre-Reims,2023-02-05,15:00:00,Matchweek 22,Sun,Home,D,0,0,Reims,1.2,0.6,40,14680.0,Birama Touré,4-2-3-1,4-2-3-1,Pierre Gaillouste,/en/matches/384b2fcb/Auxerre-Reims-February-5-2023-Ligue-1,nan
FRA-Ligue 1,2223,Auxerre,2023-02-12 Angers-Auxerre,2023-02-12,15:00:00,Matchweek 23,Sun,Away,D,1,1,Angers,2.6,0.9,50,7873.0,Birama Touré,4-2-3-1,4-4-2,Thomas Léonard,/en/matches/079e4a90/Angers-Auxerre-February-12-2023-Ligue-1,nan
FRA-Ligue 1,2223,Auxerre,2023-02-17 Auxerre-Lyon,2023-02-17,21:00:00,Matchweek 24,Fri,Home,W,2,1,Lyon,1.5,0.8,35,16396.0,Birama Touré,3-4-3,3-4-1-2,Jérôme Brisard,/en/matches/ab3c5cc9/Auxerre-Lyon-February-17-2023-Ligue-1,nan
FRA-Ligue 1,2223,Auxerre,2023-02-26 Lorient-Auxerre,2023-02-26,13:00:00,Matchweek 25,Sun,Away,W,1,0,Lorient,0.7,1.5,39,13089.0,Birama Touré,3-4-3,4-2-3-1,Benoît Millot,/en/matches/f9f72ca1/Lorient-Auxerre-February-26-2023-Ligue-1,nan
FRA-Ligue 1,2223,Auxerre,2023-03-03 Nice-Auxerre,2023-03-03,21:00:00,Matchweek 26,Fri,Away,D,1,1,Nice,0.5,1.6,36,21133.0,Birama Touré,3-4-3,4-3-3,Bastien Dechepy,/en/matches/ab7003b3/Nice-Auxerre-March-3-2023-Ligue-1,nan
FRA-Ligue 1,2223,Auxerre,2023-03-11 Auxerre-Rennes,2023-03-11,17:00:00,Matchweek 27,Sat,Home,D,0,0,Rennes,0.7,0.5,33,15695.0,Birama Touré,5-4-1,4-4-2,Mathieu Vernice,/en/matches/edf3e1c0/Auxerre-Rennes-March-11-2023-Ligue-1,nan
FRA-Ligue 1,2223,Auxerre,2023-03-19 Strasbourg-Auxerre,2023-03-19,15:00:00,Matchweek 28,Sun,Away,L,0,2,Strasbourg,0.7,2.8,49,25530.0,Birama Touré,3-4-3,5-3-2,Eric Wattellier,/en/matches/8c7d3708/Strasbourg-Auxerre-March-19-2023-Ligue-1,nan
FRA-Ligue 1,2223,Auxerre,2023-04-01 Auxerre-Troyes,2023-04-01,17:00:00,Matchweek 29,Sat,Home,W,1,0,Troyes,1.1,1.5,38,16512.0,Birama Touré,3-4-3,3-4-3,Jérôme Brisard,/en/matches/fd495836/Auxerre-Troyes-April-1-2023-Ligue-1,nan
FRA-Ligue 1,2223,Auxerre,2023-04-09 Ajaccio-Auxerre,2023-04-09,15:00:00,Matchweek 30,Sun,Away,W,3,0,Ajaccio,0.8,1.1,43,6742.0,Birama Touré,3-4-3,4-4-2,Bastien Dechepy,/en/matches/4afdc8cb/Ajaccio-Auxerre-April-9-2023-Ligue-1,nan
FRA-Ligue 1,2223,Auxerre,2023-04-16 Auxerre-Nantes,2023-04-16,15:00:00,Matchweek 31,Sun,Home,W,2,1,Nantes,2.6,0.9,31,15714.0,Birama Touré,3-4-3,4-1-4-1,Eric Wattellier,/en/matches/35b40c4d/Auxerre-Nantes-April-16-2023-Ligue-1,nan
FRA-Ligue 1,2223,Auxerre,2023-04-22 Auxerre-Lille,2023-04-22,17:00:00,Matchweek 32,Sat,Home,D,1,1,Lille,1.5,2.2,31,16779.0,Birama Touré,3-4-3,4-2-3-1,Stéphanie Frappart,/en/matches/3d446dbd/Auxerre-Lille-April-22-2023-Ligue-1,nan
FRA-Ligue 1,2223,Auxerre,2023-04-30 Marseille-Auxerre,2023-04-30,20:45:00,Matchweek 33,Sun,Away,L,1,2,Marseille,0.5,2.6,31,64532.0,Birama Touré,3-4-3,3-4-3,Jérémie Pignard,/en/matches/fbb41c2a/Marseille-Auxerre-April-30-2023-Ligue-1,nan
FRA-Ligue 1,2223,Auxerre,2023-05-07 Auxerre-Clermont Foot,2023-05-07,15:00:00,Matchweek 34,Sun,Home,D,1,1,Clermont Foot,1.2,1.5,47,16330.0,Birama Touré,3-4-3,3-4-3,Marc Bollengier,/en/matches/eca941ec/Auxerre-Clermont-Foot-May-7-2023-Ligue-1,nan
FRA-Ligue 1,2223,Auxerre,2023-05-14 Brest-Auxerre,2023-05-14,15:00:00,Matchweek 35,Sun,Away,L,0,1,Brest,0.6,1.6,55,15028.0,Birama Touré,5-3-2,4-1-4-1,Eric Wattellier,/en/matches/7039d1ce/Brest-Auxerre-May-14-2023-Ligue-1,nan
FRA-Ligue 1,2223,Auxerre,2023-05-21 Auxerre-Paris S-G,2023-05-21,20:45:00,Matchweek 36,Sun,Home,L,1,2,Paris S-G,0.9,2.1,37,16682.0,Birama Touré,5-4-1,3-4-3,Benoît Bastien,/en/matches/bd6c4cac/Auxerre-Paris-Saint-Germain-May-21-2023-Ligue-1,nan
FRA-Ligue 1,2223,Auxerre,2023-05-27 Toulouse-Auxerre,2023-05-27,21:00:00,Matchweek 37,Sat,Away,D,1,1,Toulouse,0.9,0.8,40,25172.0,Birama Touré,5-4-1,4-2-3-1,Mathieu Vernice,/en/matches/e117776e/Toulouse-Auxerre-May-27-2023-Ligue-1,nan
FRA-Ligue 1,2223,Auxerre,2023-06-03 Auxerre-Lens,2023-06-03,21:00:00,Matchweek 38,Sat,Home,L,1,3,Lens,3.3,2.8,51,17246.0,Birama Touré,3-4-3,3-4-3,Benoît Millot,/en/matches/a44cfa36/Auxerre-Lens-June-3-2023-Ligue-1,nan
FRA-Ligue 1,2223,Brest,2022-08-07 Lens-Brest,2022-08-07,15:00:00,Matchweek 1,Sun,Away,L,2,3,Lens,1.2,2.5,39,37015.0,Brendan Chardonnet,4-4-2,3-4-3,Thomas Léonard,/en/matches/058c83eb/Lens-Brest-August-7-2022-Ligue-1,nan
FRA-Ligue 1,2223,Brest,2022-08-14 Brest-Marseille,2022-08-14,20:45:00,Matchweek 2,Sun,Home,D,1,1,Marseille,2.0,0.7,47,13709.0,Brendan Chardonnet,4-3-3,3-4-3,Jeremy Stinat,/en/matches/4a5a2571/Brest-Marseille-August-14-2022-Ligue-1,nan
FRA-Ligue 1,2223,Brest,2022-08-21 Angers-Brest,2022-08-21,15:00:00,Matchweek 3,Sun,Away,W,3,1,Angers,1.8,0.6,50,8735.0,Brendan Chardonnet,4-3-3,4-2-3-1,Jérôme Brisard,/en/matches/2bc4aa01/Angers-Brest-August-21-2022-Ligue-1,nan
FRA-Ligue 1,2223,Brest,2022-08-28 Brest-Montpellier,2022-08-28,15:00:00,Matchweek 4,Sun,Home,L,0,7,Montpellier,0.3,2.5,52,11546.0,Brendan Chardonnet,4-3-3,4-2-3-1,Marc Bollengier,/en/matches/1c7d2241/Brest-Montpellier-August-28-2022-Ligue-1,nan
FRA-Ligue 1,2223,Brest,2022-08-31 Rennes-Brest,2022-08-31,21:00:00,Matchweek 5,Wed,Away,L,1,3,Rennes,0.5,1.5,36,27392.0,Brendan Chardonnet,4-2-3-1,4-3-3,Benoît Millot,/en/matches/b9bd2221/Rennes-Brest-August-31-2022-Ligue-1,nan
FRA-Ligue 1,2223,Brest,2022-09-04 Brest-Strasbourg,2022-09-04,15:00:00,Matchweek 6,Sun,Home,D,1,1,Strasbourg,0.8,2.4,59,11003.0,Pierre Lees-Melou,4-2-3-1,3-5-2,Bastien Dechepy,/en/matches/a4f51170/Brest-Strasbourg-September-4-2022-Ligue-1,nan
FRA-Ligue 1,2223,Brest,2022-09-10 Paris S-G-Brest,2022-09-10,17:00:00,Matchweek 7,Sat,Away,L,0,1,Paris S-G,1.1,1.7,39,45000.0,Brendan Chardonnet,5-3-2,3-4-1-2,Jérémie Pignard,/en/matches/7e83ffa9/Paris-Saint-Germain-Brest-September-10-2022-Ligue-1,nan
FRA-Ligue 1,2223,Brest,2022-09-18 Brest-Ajaccio,2022-09-18,15:00:00,Matchweek 8,Sun,Home,L,0,1,Ajaccio,0.6,0.5,59,11153.0,Brendan Chardonnet,5-3-2,4-4-2,Stéphanie Frappart,/en/matches/1051ac4c/Brest-Ajaccio-September-18-2022-Ligue-1,nan
FRA-Ligue 1,2223,Brest,2022-10-02 Auxerre-Brest,2022-10-02,15:00:00,Matchweek 9,Sun,Away,D,1,1,Auxerre,0.6,1.4,52,14630.0,Brendan Chardonnet,4-2-3-1,4-1-4-1,Florent Batta,/en/matches/0992c452/Auxerre-Brest-October-2-2022-Ligue-1,nan
FRA-Ligue 1,2223,Brest,2022-10-09 Brest-Lorient,2022-10-09,15:00:00,Matchweek 10,Sun,Home,L,1,2,Lorient,0.9,1.1,50,9819.0,Brendan Chardonnet,4-4-2,4-2-3-1,Bastien Dechepy,/en/matches/173aef86/Brest-Lorient-October-9-2022-Ligue-1,nan
FRA-Ligue 1,2223,Brest,2022-10-16 Nantes-Brest,2022-10-16,15:00:00,Matchweek 11,Sun,Away,L,1,4,Nantes,0.7,2.9,46,25759.0,Pierre Lees-Melou,4-2-3-1,4-2-3-1,Marc Bollengier,/en/matches/d8787f23/Nantes-Brest-October-16-2022-Ligue-1,nan
FRA-Ligue 1,2223,Brest,2022-10-23 Clermont Foot-Brest,2022-10-23,15:00:00,Matchweek 12,Sun,Away,W,3,1,Clermont Foot,3.0,1.0,38,7275.0,Brendan Chardonnet,4-3-3,3-4-3,Jérémie Pignard,/en/matches/75c3d20d/Clermont-Foot-Brest-October-23-2022-Ligue-1,nan
FRA-Ligue 1,2223,Brest,2022-10-30 Brest-Reims,2022-10-30,15:00:00,Matchweek 13,Sun,Home,D,0,0,Reims,1.5,1.0,51,11008.0,Brendan Chardonnet,4-2-3-1,4-2-3-1,Willy Delajod,/en/matches/9547c75b/Brest-Reims-October-30-2022-Ligue-1,nan
FRA-Ligue 1,2223,Brest,2022-11-06 Nice-Brest,2022-11-06,15:00:00,Matchweek 14,Sun,Away,L,0,1,Nice,1.1,1.1,44,19035.0,Brendan Chardonnet,4-3-3,4-4-2,Jeremy Stinat,/en/matches/cbe2fdcb/Nice-Brest-November-6-2022-Ligue-1,nan
FRA-Ligue 1,2223,Brest,2022-11-13 Brest-Troyes,2022-11-13,15:00:00,Matchweek 15,Sun,Home,W,2,1,Troyes,2.4,1.0,54,10642.0,Brendan Chardonnet,4-3-3,3-4-3,Ruddy Buquet,/en/matches/8067e5e7/Brest-Troyes-November-13-2022-Ligue-1,nan
FRA-Ligue 1,2223,Brest,2022-12-28 Brest-Lyon,2022-12-28,21:00:00,Matchweek 16,Wed,Home,L,2,4,Lyon,1.3,3.1,43,14601.0,Brendan Chardonnet,4-3-3,4-2-3-1,Bastien Dechepy,/en/matches/244b3b09/Brest-Lyon-December-28-2022-Ligue-1,nan
FRA-Ligue 1,2223,Brest,2023-01-01 Monaco-Brest,2023-01-01,15:00:00,Matchweek 17,Sun,Away,L,0,1,Monaco,0.8,1.4,49,6150.0,Brendan Chardonnet,4-3-3,4-4-2,Jeremy Stinat,/en/matches/4cec22bb/Monaco-Brest-January-1-2023-Ligue-1,nan
FRA-Ligue 1,2223,Brest,2023-01-11 Brest-Lille,2023-01-11,19:00:00,Matchweek 18,Wed,Home,D,0,0,Lille,0.3,0.7,29,11452.0,Brendan Chardonnet,4-3-3,4-2-3-1,Mathieu Vernice,/en/matches/86d6c372/Brest-Lille-January-11-2023-Ligue-1,nan
FRA-Ligue 1,2223,Brest,2023-01-15 Toulouse-Brest,2023-01-15,15:00:00,Matchweek 19,Sun,Away,D,1,1,Toulouse,1.0,1.4,36,20637.0,Brendan Chardonnet,4-1-4-1,4-3-3,Benoît Millot,/en/matches/10ac929c/Toulouse-Brest-January-15-2023-Ligue-1,nan
FRA-Ligue 1,2223,Brest,2023-01-29 Brest-Angers,2023-01-29,15:00:00,Matchweek 20,Sun,Home,W,4,0,Angers,1.6,0.8,41,12629.0,Pierre Lees-Melou,4-1-4-1,4-4-2,Marc Bollengier,/en/matches/6bd8ad94/Brest-Angers-January-29-2023-Ligue-1,nan
FRA-Ligue 1,2223,Brest,2023-02-01 Lyon-Brest,2023-02-01,21:00:00,Matchweek 21,Wed,Away,D,0,0,Lyon,0.6,2.5,25,30837.0,Haris Belkebla,4-1-4-1,4-3-1-2,Ruddy Buquet,/en/matches/0f1e8f16/Lyon-Brest-February-1-2023-Ligue-1,nan
FRA-Ligue 1,2223,Brest,2023-02-05 Brest-Lens,2023-02-05,17:05:00,Matchweek 22,Sun,Home,D,1,1,Lens,2.0,2.5,34,11639.0,Pierre Lees-Melou,4-1-4-1,5-4-1,Benoît Bastien,/en/matches/7a42156f/Brest-Lens-February-5-2023-Ligue-1,nan
FRA-Ligue 1,2223,Brest,2023-02-12 Montpellier-Brest,2023-02-12,15:00:00,Matchweek 23,Sun,Away,L,0,3,Montpellier,0.8,2.5,56,12901.0,Pierre Lees-Melou,4-1-4-1,4-2-3-1,Florent Batta,/en/matches/90388019/Montpellier-Brest-February-12-2023-Ligue-1,nan
FRA-Ligue 1,2223,Brest,2023-02-19 Brest-Monaco,2023-02-19,15:00:00,Matchweek 24,Sun,Home,L,1,2,Monaco,0.9,1.5,48,13203.0,Pierre Lees-Melou,4-1-4-1,4-4-2,Hakim Ben El Hadj Salem,/en/matches/dc325f14/Brest-Monaco-February-19-2023-Ligue-1,nan
FRA-Ligue 1,2223,Brest,2023-02-24 Lille-Brest,2023-02-24,21:00:00,Matchweek 25,Fri,Away,L,1,2,Lille,0.2,1.0,31,30257.0,Pierre Lees-Melou,4-1-4-1,4-2-3-1,Pierre Gaillouste,/en/matches/4b068238/Lille-Brest-February-24-2023-Ligue-1,nan
FRA-Ligue 1,2223,Brest,2023-03-05 Strasbourg-Brest,2023-03-05,15:00:00,Matchweek 26,Sun,Away,W,1,0,Strasbourg,0.8,1.2,38,25123.0,Pierre Lees-Melou,4-1-4-1,3-5-2,Ruddy Buquet,/en/matches/9971c1e8/Strasbourg-Brest-March-5-2023-Ligue-1,nan
FRA-Ligue 1,2223,Brest,2023-03-11 Brest-Paris S-G,2023-03-11,21:00:00,Matchweek 27,Sat,Home,L,1,2,Paris S-G,0.6,2.6,39,14935.0,Pierre Lees-Melou,4-1-4-1,4-2-2-2,Marc Bollengier,/en/matches/8acaf948/Brest-Paris-Saint-Germain-March-11-2023-Ligue-1,nan
FRA-Ligue 1,2223,Brest,2023-03-19 Troyes-Brest,2023-03-19,15:00:00,Matchweek 28,Sun,Away,D,2,2,Troyes,1.3,1.1,51,9012.0,Pierre Lees-Melou,4-1-4-1,3-4-3,Florent Batta,/en/matches/a67700d0/Troyes-Brest-March-19-2023-Ligue-1,nan
FRA-Ligue 1,2223,Brest,2023-04-02 Brest-Toulouse,2023-04-02,15:00:00,Matchweek 29,Sun,Home,W,3,1,Toulouse,1.7,1.2,41,12325.0,Brendan Chardonnet,4-1-4-1,4-2-3-1,Stéphanie Frappart,/en/matches/1b47ccce/Brest-Toulouse-April-2-2023-Ligue-1,nan
FRA-Ligue 1,2223,Brest,2023-04-09 Reims-Brest,2023-04-09,15:00:00,Matchweek 30,Sun,Away,D,1,1,Reims,1.4,3.4,39,12023.0,Brendan Chardonnet,4-1-4-1,4-2-3-1,Benoît Millot,/en/matches/4ee67cda/Reims-Brest-April-9-2023-Ligue-1,nan
FRA-Ligue 1,2223,Brest,2023-04-16 Brest-Nice,2023-04-16,15:00:00,Matchweek 31,Sun,Home,W,1,0,Nice,1.3,0.8,52,12615.0,Brendan Chardonnet,4-2-3-1,3-4-1-2,Benoît Bastien,/en/matches/efe07084/Brest-Nice-April-16-2023-Ligue-1,nan
FRA-Ligue 1,2223,Brest,2023-04-23 Ajaccio-Brest,2023-04-23,15:00:00,Matchweek 32,Sun,Away,D,0,0,Ajaccio,0.6,0.3,56,6879.0,Brendan Chardonnet,4-1-4-1,4-4-2,Jeremy Stinat,/en/matches/42abcfc9/Ajaccio-Brest-April-23-2023-Ligue-1,nan
FRA-Ligue 1,2223,Brest,2023-05-03 Brest-Nantes,2023-05-03,21:00:00,Matchweek 33,Wed,Home,W,2,0,Nantes,0.6,1.0,53,14470.0,Brendan Chardonnet,4-1-4-1,4-2-3-1,Willy Delajod,/en/matches/1063973e/Brest-Nantes-May-3-2023-Ligue-1,nan
FRA-Ligue 1,2223,Brest,2023-05-07 Lorient-Brest,2023-05-07,15:00:00,Matchweek 34,Sun,Away,L,1,2,Lorient,1.5,1.0,54,16338.0,Brendan Chardonnet,4-1-4-1,3-4-3,Benoît Millot,/en/matches/676c3a0e/Lorient-Brest-May-7-2023-Ligue-1,nan
FRA-Ligue 1,2223,Brest,2023-05-14 Brest-Auxerre,2023-05-14,15:00:00,Matchweek 35,Sun,Home,W,1,0,Auxerre,1.6,0.6,45,15028.0,Brendan Chardonnet,4-1-4-1,5-3-2,Eric Wattellier,/en/matches/7039d1ce/Brest-Auxerre-May-14-2023-Ligue-1,nan
FRA-Ligue 1,2223,Brest,2023-05-21 Brest-Clermont Foot,2023-05-21,15:00:00,Matchweek 36,Sun,Home,W,2,1,Clermont Foot,1.3,0.5,41,13751.0,Brendan Chardonnet,4-2-3-1,3-4-3,Bastien Dechepy,/en/matches/903f7001/Brest-Clermont-Foot-May-21-2023-Ligue-1,nan
FRA-Ligue 1,2223,Brest,2023-05-27 Marseille-Brest,2023-05-27,21:00:00,Matchweek 37,Sat,Away,W,2,1,Marseille,1.0,1.1,38,61732.0,Brendan Chardonnet,4-3-3,3-4-3,Stéphanie Frappart,/en/matches/f8507c38/Marseille-Brest-May-27-2023-Ligue-1,nan
FRA-Ligue 1,2223,Brest,2023-06-03 Brest-Rennes,2023-06-03,21:00:00,Matchweek 38,Sat,Home,L,1,2,Rennes,1.5,1.9,53,15143.0,Jean-Kevin Duverne,4-3-3,4-3-3,Jérôme Brisard,/en/matches/e9d9bb82/Brest-Rennes-June-3-2023-Ligue-1,nan
FRA-Ligue 1,2223,Clermont Foot,2022-08-06 Clermont Foot-Paris S-G,2022-08-06,21:00:00,Matchweek 1,Sat,Home,L,0,5,Paris S-G,0.3,3.5,38,12203.0,Florent Ogier,4-2-3-1,3-4-3,Jeremy Stinat,/en/matches/d99d9161/Clermont-Foot-Paris-Saint-Germain-August-6-2022-Ligue-1,nan
FRA-Ligue 1,2223,Clermont Foot,2022-08-14 Reims-Clermont Foot,2022-08-14,15:00:00,Matchweek 2,Sun,Away,W,4,2,Reims,1.9,2.7,58,9456.0,Florent Ogier,4-2-3-1,3-4-3,Johan Hamel,/en/matches/ed6b4245/Reims-Clermont-Foot-August-14-2022-Ligue-1,nan
FRA-Ligue 1,2223,Clermont Foot,2022-08-21 Clermont Foot-Nice,2022-08-21,15:00:00,Matchweek 3,Sun,Home,W,1,0,Nice,0.7,1.4,48,11500.0,Florent Ogier,4-2-3-1,4-2-3-1,Thomas Léonard,/en/matches/197f9381/Clermont-Foot-Nice-August-21-2022-Ligue-1,nan
FRA-Ligue 1,2223,Clermont Foot,2022-08-28 Lorient-Clermont Foot,2022-08-28,15:00:00,Matchweek 4,Sun,Away,L,1,2,Lorient,0.6,2.9,60,10591.0,Florent Ogier,4-2-3-1,4-2-3-1,Willy Delajod,/en/matches/04e1e416/Lorient-Clermont-Foot-August-28-2022-Ligue-1,nan
FRA-Ligue 1,2223,Clermont Foot,2022-08-31 Marseille-Clermont Foot,2022-08-31,21:00:00,Matchweek 5,Wed,Away,L,0,1,Marseille,0.1,2.5,40,62763.0,Florent Ogier,3-4-3,3-4-3,Eric Wattellier,/en/matches/e703a3d2/Marseille-Clermont-Foot-August-31-2022-Ligue-1,nan
FRA-Ligue 1,2223,Clermont Foot,2022-09-04 Clermont Foot-Toulouse,2022-09-04,15:00:00,Matchweek 6,Sun,Home,W,2,0,Toulouse,1.3,1.3,34,10085.0,Johan Gastien,3-4-3,4-2-3-1,François Letexier,/en/matches/20d46d25/Clermont-Foot-Toulouse-September-4-2022-Ligue-1,nan
FRA-Ligue 1,2223,Clermont Foot,2022-09-11 Strasbourg-Clermont Foot,2022-09-11,13:00:00,Matchweek 7,Sun,Away,D,0,0,Strasbourg,0.8,1.2,57,25089.0,Johan Gastien,3-4-3,4-3-1-2,Marc Bollengier,/en/matches/198f2034/Strasbourg-Clermont-Foot-September-11-2022-Ligue-1,nan
FRA-Ligue 1,2223,Clermont Foot,2022-09-18 Clermont Foot-Troyes,2022-09-18,15:00:00,Matchweek 8,Sun,Home,L,1,3,Troyes,1.0,1.5,58,10753.0,Johan Gastien,3-4-3,5-4-1,Jérôme Brisard,/en/matches/4724678c/Clermont-Foot-Troyes-September-18-2022-Ligue-1,nan
FRA-Ligue 1,2223,Clermont Foot,2022-10-02 Ajaccio-Clermont Foot,2022-10-02,15:00:00,Matchweek 9,Sun,Away,W,3,1,Ajaccio,1.0,1.5,48,6610.0,Johan Gastien,3-4-1-2,4-4-2,Clément Turpin,/en/matches/eaedf3ff/Ajaccio-Clermont-Foot-October-2-2022-Ligue-1,nan
FRA-Ligue 1,2223,Clermont Foot,2022-10-09 Clermont Foot-Auxerre,2022-10-09,15:00:00,Matchweek 10,Sun,Home,W,2,1,Auxerre,1.1,1.0,48,11119.0,Johan Gastien,3-4-3,4-1-4-1,Mathieu Vernice,/en/matches/d6cfdf2e/Clermont-Foot-Auxerre-October-9-2022-Ligue-1,nan
FRA-Ligue 1,2223,Clermont Foot,2022-10-16 Monaco-Clermont Foot,2022-10-16,17:05:00,Matchweek 11,Sun,Away,D,1,1,Monaco,1.9,1.1,65,4731.0,Yohann Magnin,3-4-1-2,4-4-2,Ruddy Buquet,/en/matches/5e7b10f8/Monaco-Clermont-Foot-October-16-2022-Ligue-1,nan
FRA-Ligue 1,2223,Clermont Foot,2022-10-23 Clermont Foot-Brest,2022-10-23,15:00:00,Matchweek 12,Sun,Home,L,1,3,Brest,1.0,3.0,62,7275.0,Johan Gastien,3-4-3,4-3-3,Jérémie Pignard,/en/matches/75c3d20d/Clermont-Foot-Brest-October-23-2022-Ligue-1,nan
FRA-Ligue 1,2223,Clermont Foot,2022-10-30 Nantes-Clermont Foot,2022-10-30,15:00:00,Matchweek 13,Sun,Away,D,1,1,Nantes,0.7,1.7,45,30894.0,Florent Ogier,3-4-3,4-2-3-1,Benoît Bastien,/en/matches/d73b5aa4/Nantes-Clermont-Foot-October-30-2022-Ligue-1,nan
FRA-Ligue 1,2223,Clermont Foot,2022-11-06 Clermont Foot-Montpellier,2022-11-06,15:00:00,Matchweek 14,Sun,Home,D,1,1,Montpellier,3.4,1.2,54,10990.0,Florent Ogier,3-4-1-2,5-3-2,Marc Bollengier,/en/matches/ce3a7987/Clermont-Foot-Montpellier-November-6-2022-Ligue-1,nan
FRA-Ligue 1,2223,Clermont Foot,2022-11-12 Lens-Clermont Foot,2022-11-12,17:00:00,Matchweek 15,Sat,Away,L,1,2,Lens,0.2,1.5,39,37519.0,Johan Gastien,3-4-1-2,3-4-3,Hakim Ben El Hadj Salem,/en/matches/8d98626e/Lens-Clermont-Foot-November-12-2022-Ligue-1,nan
FRA-Ligue 1,2223,Clermont Foot,2022-12-28 Clermont Foot-Lille,2022-12-28,19:00:00,Matchweek 16,Wed,Home,L,0,2,Lille,0.7,1.6,43,13122.0,Yohann Magnin,3-4-3,3-4-3,François Letexier,/en/matches/6a0bd1ac/Clermont-Foot-Lille-December-28-2022-Ligue-1,nan
FRA-Ligue 1,2223,Clermont Foot,2023-01-01 Lyon-Clermont Foot,2023-01-01,17:00:00,Matchweek 17,Sun,Away,W,1,0,Lyon,1.2,0.7,40,30000.0,Florent Ogier,3-4-3,4-2-3-1,Stéphanie Frappart,/en/matches/1e8f7f51/Lyon-Clermont-Foot-January-1-2023-Ligue-1,nan
FRA-Ligue 1,2223,Clermont Foot,2023-01-11 Clermont Foot-Rennes,2023-01-11,19:00:00,Matchweek 18,Wed,Home,W,2,1,Rennes,1.7,1.1,39,10648.0,Yohann Magnin,3-4-3,4-4-2,Clément Turpin,/en/matches/560bb258/Clermont-Foot-Rennes-January-11-2023-Ligue-1,nan
FRA-Ligue 1,2223,Clermont Foot,2023-01-15 Angers-Clermont Foot,2023-01-15,15:00:00,Matchweek 19,Sun,Away,W,2,1,Angers,1.7,0.6,42,12160.0,Yohann Magnin,3-4-3,4-2-3-1,Mathieu Vernice,/en/matches/d21b1750/Angers-Clermont-Foot-January-15-2023-Ligue-1,nan
FRA-Ligue 1,2223,Clermont Foot,2023-01-29 Clermont Foot-Nantes,2023-01-29,15:00:00,Matchweek 20,Sun,Home,D,0,0,Nantes,0.7,0.1,59,11015.0,Yohann Magnin,3-4-3,4-5-1,Florent Batta,/en/matches/524e5116/Clermont-Foot-Nantes-January-29-2023-Ligue-1,nan
FRA-Ligue 1,2223,Clermont Foot,2023-02-01 Lille-Clermont Foot,2023-02-01,19:00:00,Matchweek 21,Wed,Away,D,0,0,Lille,1.4,1.3,34,32498.0,Yohann Magnin,3-4-3,4-2-3-1,Jeremy Stinat,/en/matches/359a0f8f/Lille-Clermont-Foot-February-1-2023-Ligue-1,nan
FRA-Ligue 1,2223,Clermont Foot,2023-02-05 Clermont Foot-Monaco,2023-02-05,13:00:00,Matchweek 22,Sun,Home,L,0,2,Monaco,0.4,1.4,53,11598.0,Florent Ogier,3-4-3,4-2-3-1,Marc Bollengier,/en/matches/46fb274a/Clermont-Foot-Monaco-February-5-2023-Ligue-1,nan
FRA-Ligue 1,2223,Clermont Foot,2023-02-11 Clermont Foot-Marseille,2023-02-11,21:00:00,Matchweek 23,Sat,Home,L,0,2,Marseille,0.8,2.6,38,13576.0,Florent Ogier,3-4-3,3-4-3,Ruddy Buquet,/en/matches/695a7394/Clermont-Foot-Marseille-February-11-2023-Ligue-1,nan
FRA-Ligue 1,2223,Clermont Foot,2023-02-19 Rennes-Clermont Foot,2023-02-19,15:00:00,Matchweek 24,Sun,Away,L,0,2,Rennes,1.1,2.4,41,27798.0,Florent Ogier,3-4-3,4-2-3-1,Bastien Dechepy,/en/matches/e1b735e0/Rennes-Clermont-Foot-February-19-2023-Ligue-1,nan
FRA-Ligue 1,2223,Clermont Foot,2023-02-26 Clermont Foot-Strasbourg,2023-02-26,15:00:00,Matchweek 25,Sun,Home,D,1,1,Strasbourg,1.2,1.2,56,10221.0,Florent Ogier,3-4-3,3-5-2,Willy Delajod,/en/matches/3c41bf64/Clermont-Foot-Strasbourg-February-26-2023-Ligue-1,nan
FRA-Ligue 1,2223,Clermont Foot,2023-03-05 Toulouse-Clermont Foot,2023-03-05,15:00:00,Matchweek 26,Sun,Away,W,1,0,Toulouse,0.8,1.0,49,20620.0,Florent Ogier,3-4-3,4-2-3-1,Florent Batta,/en/matches/332295d4/Toulouse-Clermont-Foot-March-5-2023-Ligue-1,nan
FRA-Ligue 1,2223,Clermont Foot,2023-03-12 Clermont Foot-Lens,2023-03-12,13:00:00,Matchweek 27,Sun,Home,L,0,4,Lens,1.2,2.0,47,12311.0,Florent Ogier,3-4-3,4-2-3-1,Jeremy Stinat,/en/matches/1c7fbfe3/Clermont-Foot-Lens-March-12-2023-Ligue-1,nan
FRA-Ligue 1,2223,Clermont Foot,2023-03-19 Montpellier-Clermont Foot,2023-03-19,15:00:00,Matchweek 28,Sun,Away,L,1,2,Montpellier,1.8,3.3,44,13166.0,Maxime Gonalons,3-4-3,4-2-3-1,Pierre Gaillouste,/en/matches/fa420272/Montpellier-Clermont-Foot-March-19-2023-Ligue-1,nan
FRA-Ligue 1,2223,Clermont Foot,2023-04-02 Clermont Foot-Ajaccio,2023-04-02,15:00:00,Matchweek 29,Sun,Home,W,2,1,Ajaccio,2.4,0.4,67,9436.0,Maxime Gonalons,4-2-3-1,4-4-2,Mathieu Vernice,/en/matches/758ff2c2/Clermont-Foot-Ajaccio-April-2-2023-Ligue-1,nan
FRA-Ligue 1,2223,Clermont Foot,2023-04-09 Troyes-Clermont Foot,2023-04-09,15:00:00,Matchweek 30,Sun,Away,W,2,0,Troyes,1.3,0.4,57,7777.0,Maxime Gonalons,4-2-3-1,3-4-3,Jeremy Stinat,/en/matches/ef3427f3/Troyes-Clermont-Foot-April-9-2023-Ligue-1,nan
FRA-Ligue 1,2223,Clermont Foot,2023-04-16 Clermont Foot-Angers,2023-04-16,15:00:00,Matchweek 31,Sun,Home,W,2,1,Angers,2.1,0.3,53,10589.0,Maxime Gonalons,4-2-3-1,5-3-2,Thomas Léonard,/en/matches/f254960b/Clermont-Foot-Angers-April-16-2023-Ligue-1,nan
FRA-Ligue 1,2223,Clermont Foot,2023-04-23 Nice-Clermont Foot,2023-04-23,15:00:00,Matchweek 32,Sun,Away,W,2,1,Nice,1.0,1.3,44,20578.0,Florent Ogier,5-4-1,4-3-3,Benoît Millot,/en/matches/270414fb/Nice-Clermont-Foot-April-23-2023-Ligue-1,nan
FRA-Ligue 1,2223,Clermont Foot,2023-04-30 Clermont Foot-Reims,2023-04-30,15:00:00,Matchweek 33,Sun,Home,W,1,0,Reims,1.6,0.8,33,11446.0,Florent Ogier,3-4-3,4-2-3-1,Stéphanie Frappart,/en/matches/4cdd261a/Clermont-Foot-Reims-April-30-2023-Ligue-1,nan
FRA-Ligue 1,2223,Clermont Foot,2023-05-07 Auxerre-Clermont Foot,2023-05-07,15:00:00,Matchweek 34,Sun,Away,D,1,1,Auxerre,1.5,1.2,53,16330.0,Florent Ogier,3-4-3,3-4-3,Marc Bollengier,/en/matches/eca941ec/Auxerre-Clermont-Foot-May-7-2023-Ligue-1,nan
FRA-Ligue 1,2223,Clermont Foot,2023-05-14 Clermont Foot-Lyon,2023-05-14,13:00:00,Matchweek 35,Sun,Home,W,2,1,Lyon,1.8,1.7,38,13191.0,Florent Ogier,3-4-3,3-4-1-2,Ruddy Buquet,/en/matches/a5b3557c/Clermont-Foot-Lyon-May-14-2023-Ligue-1,nan
FRA-Ligue 1,2223,Clermont Foot,2023-05-21 Brest-Clermont Foot,2023-05-21,15:00:00,Matchweek 36,Sun,Away,L,1,2,Brest,0.5,1.3,59,13751.0,Yohann Magnin,3-4-3,4-2-3-1,Bastien Dechepy,/en/matches/903f7001/Brest-Clermont-Foot-May-21-2023-Ligue-1,nan
FRA-Ligue 1,2223,Clermont Foot,2023-05-27 Clermont Foot-Lorient,2023-05-27,21:00:00,Matchweek 37,Sat,Home,W,2,0,Lorient,1.4,1.1,45,13050.0,Maxime Gonalons,3-4-3,3-4-3,Florent Batta,/en/matches/970c061a/Clermont-Foot-Lorient-May-27-2023-Ligue-1,nan
FRA-Ligue 1,2223,Clermont Foot,2023-06-03 Paris S-G-Clermont Foot,2023-06-03,21:00:00,Matchweek 38,Sat,Away,W,3,2,Paris S-G,3.1,2.2,46,47926.0,Maxime Gonalons,3-4-3,3-4-1-2,Thomas Léonard,/en/matches/1b47e9eb/Paris-Saint-Germain-Clermont-Foot-June-3-2023-Ligue-1,nan
FRA-Ligue 1,2223,Lens,2022-08-07 Lens-Brest,2022-08-07,15:00:00,Matchweek 1,Sun,Home,W,3,2,Brest,2.5,1.2,61,37015.0,Seko Fofana,3-4-3,4-4-2,Thomas Léonard,/en/matches/058c83eb/Lens-Brest-August-7-2022-Ligue-1,nan
FRA-Ligue 1,2223,Lens,2022-08-14 Ajaccio-Lens,2022-08-14,15:00:00,Matchweek 2,Sun,Away,D,0,0,Ajaccio,1.4,0.5,64,9070.0,Seko Fofana,3-4-1-2,4-4-2,Stéphanie Frappart,/en/matches/8b559e8f/Ajaccio-Lens-August-14-2022-Ligue-1,nan
FRA-Ligue 1,2223,Lens,2022-08-20 Monaco-Lens,2022-08-20,17:00:00,Matchweek 3,Sat,Away,W,4,1,Monaco,2.5,1.6,54,8700.0,Seko Fofana,3-4-3,4-4-2,Willy Delajod,/en/matches/579dbb9f/Monaco-Lens-August-20-2022-Ligue-1,nan
FRA-Ligue 1,2223,Lens,2022-08-27 Lens-Rennes,2022-08-27,21:00:00,Matchweek 4,Sat,Home,W,2,1,Rennes,1.3,1.0,51,37848.0,Seko Fofana,3-4-3,4-3-3,Jérôme Brisard,/en/matches/a46ef768/Lens-Rennes-August-27-2022-Ligue-1,nan
FRA-Ligue 1,2223,Lens,2022-08-31 Lens-Lorient,2022-08-31,21:00:00,Matchweek 5,Wed,Home,W,5,2,Lorient,3.0,1.1,58,37161.0,Florian Sotoca,3-4-3,4-3-3,Benoît Bastien,/en/matches/e81a5c4f/Lens-Lorient-August-31-2022-Ligue-1,nan
FRA-Ligue 1,2223,Lens,2022-09-04 Reims-Lens,2022-09-04,15:00:00,Matchweek 6,Sun,Away,D,1,1,Reims,1.9,2.1,63,15761.0,Florian Sotoca,3-4-3,3-4-1-2,Eric Wattellier,/en/matches/21e5d4df/Reims-Lens-September-4-2022-Ligue-1,nan
FRA-Ligue 1,2223,Lens,2022-09-09 Lens-Troyes,2022-09-09,21:00:00,Matchweek 7,Fri,Home,W,1,0,Troyes,1.4,0.7,63,37344.0,Florian Sotoca,3-4-3,5-4-1,Hakim Ben El Hadj Salem,/en/matches/953fed3d/Lens-Troyes-September-9-2022-Ligue-1,nan
FRA-Ligue 1,2223,Lens,2022-09-18 Nantes-Lens,2022-09-18,17:05:00,Matchweek 8,Sun,Away,D,0,0,Nantes,0.9,0.9,58,28854.0,Seko Fofana,3-4-3,3-4-3,Willy Delajod,/en/matches/7f6d507f/Nantes-Lens-September-18-2022-Ligue-1,nan
FRA-Ligue 1,2223,Lens,2022-10-02 Lens-Lyon,2022-10-02,20:45:00,Matchweek 9,Sun,Home,W,1,0,Lyon,2.9,0.1,52,36674.0,Seko Fofana,3-4-3,4-2-3-1,Benoît Bastien,/en/matches/ea3fd79a/Lens-Lyon-October-2-2022-Ligue-1,nan
FRA-Ligue 1,2223,Lens,2022-10-09 Lille-Lens,2022-10-09,20:45:00,Matchweek 10,Sun,Away,L,0,1,Lille,1.2,2.6,55,48527.0,Seko Fofana,3-4-3,4-2-3-1,François Letexier,/en/matches/080e6d11/Lille-Lens-October-9-2022-Ligue-1,nan
FRA-Ligue 1,2223,Lens,2022-10-15 Lens-Montpellier,2022-10-15,21:00:00,Matchweek 11,Sat,Home,W,1,0,Montpellier,1.8,0.7,65,37320.0,Seko Fofana,3-4-3,4-2-3-1,Hakim Ben El Hadj Salem,/en/matches/7e2d7c1e/Lens-Montpellier-October-15-2022-Ligue-1,nan
FRA-Ligue 1,2223,Lens,2022-10-22 Marseille-Lens,2022-10-22,21:00:00,Matchweek 12,Sat,Away,W,1,0,Marseille,0.9,1.8,44,56414.0,Seko Fofana,3-5-2,3-4-3,Benoît Millot,/en/matches/bad2cbdd/Marseille-Lens-October-22-2022-Ligue-1,nan
FRA-Ligue 1,2223,Lens,2022-10-28 Lens-Toulouse,2022-10-28,21:00:00,Matchweek 13,Fri,Home,W,3,0,Toulouse,2.4,0.7,52,37488.0,Seko Fofana,3-4-3,4-3-3,Florent Batta,/en/matches/95ff5e13/Lens-Toulouse-October-28-2022-Ligue-1,nan
FRA-Ligue 1,2223,Lens,2022-11-05 Angers-Lens,2022-11-05,21:00:00,Matchweek 14,Sat,Away,W,2,1,Angers,1.8,0.5,56,11585.0,Seko Fofana,3-4-3,5-3-2,Thomas Léonard,/en/matches/75388a68/Angers-Lens-November-5-2022-Ligue-1,nan
FRA-Ligue 1,2223,Lens,2022-11-12 Lens-Clermont Foot,2022-11-12,17:00:00,Matchweek 15,Sat,Home,W,2,1,Clermont Foot,1.5,0.2,61,37519.0,Seko Fofana,3-4-3,3-4-1-2,Hakim Ben El Hadj Salem,/en/matches/8d98626e/Lens-Clermont-Foot-November-12-2022-Ligue-1,nan
FRA-Ligue 1,2223,Lens,2022-12-29 Nice-Lens,2022-12-29,21:00:00,Matchweek 16,Thu,Away,D,0,0,Nice,1.0,1.0,59,24672.0,Seko Fofana,3-4-3,3-4-3,Benoît Millot,/en/matches/9c606d65/Nice-Lens-December-29-2022-Ligue-1,nan
FRA-Ligue 1,2223,Lens,2023-01-01 Lens-Paris S-G,2023-01-01,20:45:00,Matchweek 17,Sun,Home,W,3,1,Paris S-G,1.8,1.6,41,38047.0,Seko Fofana,3-4-3,4-3-1-2,Jérôme Brisard,/en/matches/41b38f59/Lens-Paris-Saint-Germain-January-1-2023-Ligue-1,nan
FRA-Ligue 1,2223,Lens,2023-01-11 Strasbourg-Lens,2023-01-11,21:00:00,Matchweek 18,Wed,Away,D,2,2,Strasbourg,1.9,0.8,65,25624.0,Seko Fofana,3-4-3,5-3-2,François Letexier,/en/matches/e91d3b16/Strasbourg-Lens-January-11-2023-Ligue-1,nan
FRA-Ligue 1,2223,Lens,2023-01-14 Lens-Auxerre,2023-01-14,17:00:00,Matchweek 19,Sat,Home,W,1,0,Auxerre,2.0,0.3,67,38208.0,Seko Fofana,3-4-3,4-5-1,Willy Delajod,/en/matches/767c1b25/Lens-Auxerre-January-14-2023-Ligue-1,nan
FRA-Ligue 1,2223,Lens,2023-01-28 Troyes-Lens,2023-01-28,17:00:00,Matchweek 20,Sat,Away,D,1,1,Troyes,2.9,1.2,73,13500.0,Seko Fofana,3-4-3,3-4-3,Clément Turpin,/en/matches/bf2e3c05/Troyes-Lens-January-28-2023-Ligue-1,nan
FRA-Ligue 1,2223,Lens,2023-02-01 Lens-Nice,2023-02-01,21:00:00,Matchweek 21,Wed,Home,L,0,1,Nice,0.6,2.1,55,37437.0,Seko Fofana,3-4-3,5-4-1,Thomas Léonard,/en/matches/b6c7f232/Lens-Nice-February-1-2023-Ligue-1,nan
FRA-Ligue 1,2223,Lens,2023-02-05 Brest-Lens,2023-02-05,17:05:00,Matchweek 22,Sun,Away,D,1,1,Brest,2.5,2.0,66,11639.0,Seko Fofana,5-4-1,4-1-4-1,Benoît Bastien,/en/matches/7a42156f/Brest-Lens-February-5-2023-Ligue-1,nan
FRA-Ligue 1,2223,Lens,2023-02-12 Lyon-Lens,2023-02-12,20:45:00,Matchweek 23,Sun,Away,L,1,2,Lyon,1.1,1.4,59,53426.0,Seko Fofana,3-4-3,3-4-1-2,Eric Wattellier,/en/matches/eb88e263/Lyon-Lens-February-12-2023-Ligue-1,nan
FRA-Ligue 1,2223,Lens,2023-02-19 Lens-Nantes,2023-02-19,17:05:00,Matchweek 24,Sun,Home,W,3,1,Nantes,2.4,0.3,57,37984.0,Seko Fofana,3-4-3,3-4-1-2,Pierre Gaillouste,/en/matches/09d42df5/Lens-Nantes-February-19-2023-Ligue-1,nan
FRA-Ligue 1,2223,Lens,2023-02-25 Montpellier-Lens,2023-02-25,21:00:00,Matchweek 25,Sat,Away,D,1,1,Montpellier,1.9,0.6,61,17074.0,Seko Fofana,3-4-3,3-4-3,Jérôme Brisard,/en/matches/c423b431/Montpellier-Lens-February-25-2023-Ligue-1,nan
FRA-Ligue 1,2223,Lens,2023-03-04 Lens-Lille,2023-03-04,17:00:00,Matchweek 26,Sat,Home,D,1,1,Lille,0.9,1.6,38,37974.0,Seko Fofana,4-2-3-1,4-2-3-1,François Letexier,/en/matches/368b5f43/Lens-Lille-March-4-2023-Ligue-1,nan
FRA-Ligue 1,2223,Lens,2023-03-12 Clermont Foot-Lens,2023-03-12,13:00:00,Matchweek 27,Sun,Away,W,4,0,Clermont Foot,2.0,1.2,53,12311.0,Seko Fofana,4-2-3-1,3-4-3,Jeremy Stinat,/en/matches/1c7fbfe3/Clermont-Foot-Lens-March-12-2023-Ligue-1,nan
FRA-Ligue 1,2223,Lens,2023-03-18 Lens-Angers,2023-03-18,21:00:00,Matchweek 28,Sat,Home,W,3,0,Angers,1.6,0.5,46,37410.0,Seko Fofana,4-1-4-1,5-3-2,Bastien Dechepy,/en/matches/9481e88d/Lens-Angers-March-18-2023-Ligue-1,nan
FRA-Ligue 1,2223,Lens,2023-04-01 Rennes-Lens,2023-04-01,21:00:00,Matchweek 29,Sat,Away,W,1,0,Rennes,1.5,1.0,44,28556.0,Seko Fofana,3-4-3,5-4-1,Clément Turpin,/en/matches/1130a1b6/Rennes-Lens-April-1-2023-Ligue-1,nan
FRA-Ligue 1,2223,Lens,2023-04-07 Lens-Strasbourg,2023-04-07,21:00:00,Matchweek 30,Fri,Home,W,2,1,Strasbourg,1.0,0.8,54,38223.0,Seko Fofana,3-4-3,3-4-3,Pierre Gaillouste,/en/matches/c64ab24a/Lens-Strasbourg-April-7-2023-Ligue-1,nan
FRA-Ligue 1,2223,Lens,2023-04-15 Paris S-G-Lens,2023-04-15,21:00:00,Matchweek 31,Sat,Away,L,1,3,Paris S-G,1.8,1.2,38,47120.0,Seko Fofana,3-4-3,3-5-2,Willy Delajod,/en/matches/268e5460/Paris-Saint-Germain-Lens-April-15-2023-Ligue-1,nan
FRA-Ligue 1,2223,Lens,2023-04-22 Lens-Monaco,2023-04-22,21:00:00,Matchweek 32,Sat,Home,W,3,0,Monaco,2.3,1.6,62,38223.0,Seko Fofana,3-4-3,4-2-3-1,François Letexier,/en/matches/0095e758/Lens-Monaco-April-22-2023-Ligue-1,nan
FRA-Ligue 1,2223,Lens,2023-05-02 Toulouse-Lens,2023-05-02,21:00:00,Matchweek 33,Tue,Away,W,1,0,Toulouse,1.2,0.6,53,30866.0,Seko Fofana,3-4-3,3-4-3,Bastien Dechepy,/en/matches/b5e2c075/Toulouse-Lens-May-2-2023-Ligue-1,nan
FRA-Ligue 1,2223,Lens,2023-05-06 Lens-Marseille,2023-05-06,21:00:00,Matchweek 34,Sat,Home,W,2,1,Marseille,0.7,1.3,43,38220.0,Seko Fofana,3-4-3,3-4-3,Clément Turpin,/en/matches/4ef6a978/Lens-Marseille-May-6-2023-Ligue-1,nan
FRA-Ligue 1,2223,Lens,2023-05-12 Lens-Reims,2023-05-12,21:00:00,Matchweek 35,Fri,Home,W,2,1,Reims,1.5,1.7,40,37701.0,Seko Fofana,3-4-3,4-1-2-1-2,Jérémie Pignard,/en/matches/7e1c8564/Lens-Reims-May-12-2023-Ligue-1,nan
FRA-Ligue 1,2223,Lens,2023-05-21 Lorient-Lens,2023-05-21,17:05:00,Matchweek 36,Sun,Away,W,3,1,Lorient,1.9,1.3,53,16724.0,Seko Fofana,3-4-3,3-4-3,Stéphanie Frappart,/en/matches/123cfb3a/Lorient-Lens-May-21-2023-Ligue-1,nan
FRA-Ligue 1,2223,Lens,2023-05-27 Lens-Ajaccio,2023-05-27,21:00:00,Matchweek 37,Sat,Home,W,3,0,Ajaccio,2.3,0.2,79,37601.0,Seko Fofana,3-4-3,3-4-3,Thomas Léonard,/en/matches/5eceb234/Lens-Ajaccio-May-27-2023-Ligue-1,nan
FRA-Ligue 1,2223,Lens,2023-06-03 Auxerre-Lens,2023-06-03,21:00:00,Matchweek 38,Sat,Away,W,3,1,Auxerre,2.8,3.3,49,17246.0,Jonathan Gradit,3-4-3,3-4-3,Benoît Millot,/en/matches/a44cfa36/Auxerre-Lens-June-3-2023-Ligue-1,nan
FRA-Ligue 1,2223,Lille,2022-08-07 Lille-Auxerre,2022-08-07,15:00:00,Matchweek 1,Sun,Home,W,4,1,Auxerre,2.4,0.6,59,32292.0,José Fonte,4-2-3-1,4-2-3-1,Eric Wattellier,/en/matches/cbdc95fe/Lille-Auxerre-August-7-2022-Ligue-1,nan
FRA-Ligue 1,2223,Lille,2022-08-12 Nantes-Lille,2022-08-12,21:00:00,Matchweek 2,Fri,Away,D,1,1,Nantes,2.0,1.0,69,30689.0,José Fonte,4-2-3-1,3-5-2,Bastien Dechepy,/en/matches/00173ae0/Nantes-Lille-August-12-2022-Ligue-1,nan
FRA-Ligue 1,2223,Lille,2022-08-21 Lille-Paris S-G,2022-08-21,20:45:00,Matchweek 3,Sun,Home,L,1,7,Paris S-G,1.7,3.4,48,47526.0,José Fonte,4-2-3-1,3-4-3,Clément Turpin,/en/matches/a5ba0018/Lille-Paris-Saint-Germain-August-21-2022-Ligue-1,nan
FRA-Ligue 1,2223,Lille,2022-08-26 Ajaccio-Lille,2022-08-26,21:00:00,Matchweek 4,Fri,Away,W,3,1,Ajaccio,1.7,1.5,58,9070.0,José Fonte,4-2-3-1,4-4-2,Thomas Léonard,/en/matches/d8aa49d4/Ajaccio-Lille-August-26-2022-Ligue-1,nan
FRA-Ligue 1,2223,Lille,2022-08-31 Lille-Nice,2022-08-31,21:00:00,Matchweek 5,Wed,Home,L,1,2,Nice,0.9,1.6,62,30254.0,José Fonte,4-2-3-1,3-5-2,Jeremy Stinat,/en/matches/6f55425d/Lille-Nice-August-31-2022-Ligue-1,nan
FRA-Ligue 1,2223,Lille,2022-09-04 Montpellier-Lille,2022-09-04,13:00:00,Matchweek 6,Sun,Away,W,3,1,Montpellier,1.6,0.5,75,12215.0,José Fonte,4-2-3-1,4-3-2-1,Jérôme Brisard,/en/matches/d61a03a9/Montpellier-Lille-September-4-2022-Ligue-1,nan
FRA-Ligue 1,2223,Lille,2022-09-10 Marseille-Lille,2022-09-10,21:00:00,Matchweek 7,Sat,Away,L,1,2,Marseille,1.0,2.2,47,62985.0,José Fonte,3-4-3,3-4-3,Benoît Millot,/en/matches/762fd170/Marseille-Lille-September-10-2022-Ligue-1,nan
FRA-Ligue 1,2223,Lille,2022-09-17 Lille-Toulouse,2022-09-17,21:00:00,Matchweek 8,Sat,Home,W,2,1,Toulouse,1.0,0.8,45,33635.0,José Fonte,4-2-3-1,5-4-1,Pierre Gaillouste,/en/matches/00795804/Lille-Toulouse-September-17-2022-Ligue-1,nan
FRA-Ligue 1,2223,Lille,2022-10-02 Lorient-Lille,2022-10-02,13:00:00,Matchweek 9,Sun,Away,L,1,2,Lorient,2.2,0.6,63,14916.0,José Fonte,4-2-3-1,4-2-3-1,Hakim Ben El Hadj Salem,/en/matches/16686466/Lorient-Lille-October-2-2022-Ligue-1,nan
FRA-Ligue 1,2223,Lille,2022-10-09 Lille-Lens,2022-10-09,20:45:00,Matchweek 10,Sun,Home,W,1,0,Lens,2.6,1.2,45,48527.0,José Fonte,4-2-3-1,3-4-3,François Letexier,/en/matches/080e6d11/Lille-Lens-October-9-2022-Ligue-1,nan
FRA-Ligue 1,2223,Lille,2022-10-14 Strasbourg-Lille,2022-10-14,21:00:00,Matchweek 11,Fri,Away,W,3,0,Strasbourg,2.3,0.6,57,25313.0,José Fonte,4-2-3-1,3-5-2,Jérémie Pignard,/en/matches/5004b998/Strasbourg-Lille-October-14-2022-Ligue-1,nan
FRA-Ligue 1,2223,Lille,2022-10-23 Lille-Monaco,2022-10-23,20:45:00,Matchweek 12,Sun,Home,W,4,3,Monaco,2.5,1.1,59,35362.0,Jonathan Bamba,4-2-3-1,4-4-2,Willy Delajod,/en/matches/e49e31dd/Lille-Monaco-October-23-2022-Ligue-1,nan
FRA-Ligue 1,2223,Lille,2022-10-30 Lyon-Lille,2022-10-30,20:45:00,Matchweek 13,Sun,Away,L,0,1,Lyon,1.5,1.6,55,55790.0,José Fonte,4-2-3-1,3-5-2,Jérôme Brisard,/en/matches/55897a3f/Lyon-Lille-October-30-2022-Ligue-1,nan
FRA-Ligue 1,2223,Lille,2022-11-06 Lille-Rennes,2022-11-06,17:05:00,Matchweek 14,Sun,Home,D,1,1,Rennes,2.4,0.9,62,35539.0,José Fonte,4-2-3-1,4-3-3,Johan Hamel,/en/matches/004b284e/Lille-Rennes-November-6-2022-Ligue-1,nan
FRA-Ligue 1,2223,Lille,2022-11-13 Lille-Angers,2022-11-13,15:00:00,Matchweek 15,Sun,Home,W,1,0,Angers,0.6,0.6,58,36360.0,José Fonte,4-2-3-1,5-3-2,Miguel Nogueira,/en/matches/6055a18c/Lille-Angers-November-13-2022-Ligue-1,nan
FRA-Ligue 1,2223,Lille,2022-12-28 Clermont Foot-Lille,2022-12-28,19:00:00,Matchweek 16,Wed,Away,W,2,0,Clermont Foot,1.6,0.7,57,13122.0,José Fonte,3-4-3,3-4-3,François Letexier,/en/matches/6a0bd1ac/Clermont-Foot-Lille-December-28-2022-Ligue-1,nan
FRA-Ligue 1,2223,Lille,2023-01-02 Lille-Reims,2023-01-02,17:00:00,Matchweek 17,Mon,Home,D,1,1,Reims,2.3,0.8,61,31086.0,José Fonte,3-4-3,4-2-3-1,Eric Wattellier,/en/matches/cbf86c77/Lille-Reims-January-2-2023-Ligue-1,nan
FRA-Ligue 1,2223,Lille,2023-01-11 Brest-Lille,2023-01-11,19:00:00,Matchweek 18,Wed,Away,D,0,0,Brest,0.7,0.3,71,11452.0,Benjamin André,4-2-3-1,4-3-3,Mathieu Vernice,/en/matches/86d6c372/Brest-Lille-January-11-2023-Ligue-1,nan
FRA-Ligue 1,2223,Lille,2023-01-15 Lille-Troyes,2023-01-15,13:00:00,Matchweek 19,Sun,Home,W,5,1,Troyes,3.8,0.9,67,31254.0,Benjamin André,4-4-2,4-2-3-1,Pierre Gaillouste,/en/matches/50911140/Lille-Troyes-January-15-2023-Ligue-1,nan
FRA-Ligue 1,2223,Lille,2023-01-29 Nice-Lille,2023-01-29,13:00:00,Matchweek 20,Sun,Away,L,0,1,Nice,1.6,1.6,56,22126.0,José Fonte,4-2-3-1,4-3-3,Eric Wattellier,/en/matches/b83c2528/Nice-Lille-January-29-2023-Ligue-1,nan
FRA-Ligue 1,2223,Lille,2023-02-01 Lille-Clermont Foot,2023-02-01,19:00:00,Matchweek 21,Wed,Home,D,0,0,Clermont Foot,1.3,1.4,66,32498.0,José Fonte,4-2-3-1,3-4-3,Jeremy Stinat,/en/matches/359a0f8f/Lille-Clermont-Foot-February-1-2023-Ligue-1,nan
FRA-Ligue 1,2223,Lille,2023-02-04 Rennes-Lille,2023-02-04,21:00:00,Matchweek 22,Sat,Away,W,3,1,Rennes,2.2,1.8,61,28082.0,Benjamin André,4-2-3-1,4-4-2,Florent Batta,/en/matches/b405d94b/Rennes-Lille-February-4-2023-Ligue-1,nan
FRA-Ligue 1,2223,Lille,2023-02-12 Lille-Strasbourg,2023-02-12,15:00:00,Matchweek 23,Sun,Home,W,2,0,Strasbourg,2.7,0.3,67,30812.0,José Fonte,4-2-3-1,3-4-3,Hakim Ben El Hadj Salem,/en/matches/5bcb2b4d/Lille-Strasbourg-February-12-2023-Ligue-1,nan
FRA-Ligue 1,2223,Lille,2023-02-19 Paris S-G-Lille,2023-02-19,13:00:00,Matchweek 24,Sun,Away,L,3,4,Paris S-G,2.4,2.0,54,46000.0,José Fonte,4-2-3-1,4-3-1-2,Willy Delajod,/en/matches/0354132b/Paris-Saint-Germain-Lille-February-19-2023-Ligue-1,nan
FRA-Ligue 1,2223,Lille,2023-02-24 Lille-Brest,2023-02-24,21:00:00,Matchweek 25,Fri,Home,W,2,1,Brest,1.0,0.2,69,30257.0,Benjamin André,4-2-3-1,4-1-4-1,Pierre Gaillouste,/en/matches/4b068238/Lille-Brest-February-24-2023-Ligue-1,nan
FRA-Ligue 1,2223,Lille,2023-03-04 Lens-Lille,2023-03-04,17:00:00,Matchweek 26,Sat,Away,D,1,1,Lens,1.6,0.9,62,37974.0,José Fonte,4-2-3-1,4-2-3-1,François Letexier,/en/matches/368b5f43/Lens-Lille-March-4-2023-Ligue-1,nan
FRA-Ligue 1,2223,Lille,2023-03-10 Lille-Lyon,2023-03-10,21:00:00,Matchweek 27,Fri,Home,D,3,3,Lyon,2.3,0.8,55,40314.0,Benjamin André,4-2-3-1,4-3-3,Benoît Bastien,/en/matches/2ec831ba/Lille-Lyon-March-10-2023-Ligue-1,nan
FRA-Ligue 1,2223,Lille,2023-03-18 Toulouse-Lille,2023-03-18,17:00:00,Matchweek 28,Sat,Away,W,2,0,Toulouse,1.4,2.3,53,23006.0,José Fonte,4-2-3-1,4-2-3-1,Hakim Ben El Hadj Salem,/en/matches/0659aa2f/Toulouse-Lille-March-18-2023-Ligue-1,nan
FRA-Ligue 1,2223,Lille,2023-04-02 Lille-Lorient,2023-04-02,13:00:00,Matchweek 29,Sun,Home,W,3,1,Lorient,2.0,0.2,60,32862.0,José Fonte,4-2-3-1,4-1-4-1,Jérémie Pignard,/en/matches/e3ec27ec/Lille-Lorient-April-2-2023-Ligue-1,nan
FRA-Ligue 1,2223,Lille,2023-04-08 Angers-Lille,2023-04-08,17:00:00,Matchweek 30,Sat,Away,L,0,1,Angers,1.4,1.0,66,7469.0,José Fonte,4-2-3-1,5-3-2,Mathieu Vernice,/en/matches/5b23ad99/Angers-Lille-April-8-2023-Ligue-1,nan
FRA-Ligue 1,2223,Lille,2023-04-16 Lille-Montpellier,2023-04-16,13:00:00,Matchweek 31,Sun,Home,W,2,1,Montpellier,2.1,0.4,68,34200.0,José Fonte,4-2-3-1,4-2-3-1,Jérôme Brisard,/en/matches/bb2cf3ad/Lille-Montpellier-April-16-2023-Ligue-1,nan
FRA-Ligue 1,2223,Lille,2023-04-22 Auxerre-Lille,2023-04-22,17:00:00,Matchweek 32,Sat,Away,D,1,1,Auxerre,2.2,1.5,69,16779.0,José Fonte,4-2-3-1,3-4-3,Stéphanie Frappart,/en/matches/3d446dbd/Auxerre-Lille-April-22-2023-Ligue-1,nan
FRA-Ligue 1,2223,Lille,2023-04-29 Lille-Ajaccio,2023-04-29,17:00:00,Matchweek 33,Sat,Home,W,3,0,Ajaccio,1.6,0.5,75,35490.0,Jonathan Bamba,4-2-3-1,4-4-2,François Letexier,/en/matches/1213d047/Lille-Ajaccio-April-29-2023-Ligue-1,nan
FRA-Ligue 1,2223,Lille,2023-05-06 Reims-Lille,2023-05-06,19:00:00,Matchweek 34,Sat,Away,L,0,1,Reims,1.7,2.0,63,17911.0,José Fonte,4-2-3-1,4-3-1-2,Thomas Léonard,/en/matches/f281e140/Reims-Lille-May-6-2023-Ligue-1,nan
FRA-Ligue 1,2223,Lille,2023-05-14 Monaco-Lille,2023-05-14,17:05:00,Matchweek 35,Sun,Away,D,0,0,Monaco,0.9,0.7,58,6805.0,José Fonte,4-2-3-1,4-2-3-1,Benoît Bastien,/en/matches/1609eed7/Monaco-Lille-May-14-2023-Ligue-1,nan
FRA-Ligue 1,2223,Lille,2023-05-20 Lille-Marseille,2023-05-20,21:00:00,Matchweek 36,Sat,Home,W,2,1,Marseille,1.7,0.7,47,47399.0,Benjamin André,4-1-2-1-2◆,3-4-3,Jérôme Brisard,/en/matches/a4506b32/Lille-Marseille-May-20-2023-Ligue-1,nan
FRA-Ligue 1,2223,Lille,2023-05-27 Lille-Nantes,2023-05-27,21:00:00,Matchweek 37,Sat,Home,W,2,1,Nantes,2.1,1.0,65,41136.0,José Fonte,4-2-3-1,4-3-3,Eric Wattellier,/en/matches/1b4970df/Lille-Nantes-May-27-2023-Ligue-1,nan
FRA-Ligue 1,2223,Lille,2023-06-03 Troyes-Lille,2023-06-03,21:00:00,Matchweek 38,Sat,Away,D,1,1,Troyes,1.4,0.4,66,11006.0,José Fonte,4-1-4-1,3-4-3,Jeremy Stinat,/en/matches/a00583c3/Troyes-Lille-June-3-2023-Ligue-1,nan
FRA-Ligue 1,2223,Lorient,2022-08-07 Rennes-Lorient,2022-08-07,17:05:00,Matchweek 1,Sun,Away,W,1,0,Rennes,1.1,1.8,37,28177.0,Laurent Abergel,4-3-3,4-3-3,Bastien Dechepy,/en/matches/8ff3f9dd/Rennes-Lorient-August-7-2022-Ligue-1,nan
FRA-Ligue 1,2223,Lorient,2022-08-21 Toulouse-Lorient,2022-08-21,15:00:00,Matchweek 3,Sun,Away,D,2,2,Toulouse,2.5,1.8,48,23862.0,Laurent Abergel,4-2-3-1,4-3-3,Gustavo Correia,/en/matches/8fd476c8/Toulouse-Lorient-August-21-2022-Ligue-1,nan
FRA-Ligue 1,2223,Lorient,2022-08-28 Lorient-Clermont Foot,2022-08-28,15:00:00,Matchweek 4,Sun,Home,W,2,1,Clermont Foot,2.9,0.6,40,10591.0,Laurent Abergel,4-2-3-1,4-2-3-1,Willy Delajod,/en/matches/04e1e416/Lorient-Clermont-Foot-August-28-2022-Ligue-1,nan
FRA-Ligue 1,2223,Lorient,2022-08-31 Lens-Lorient,2022-08-31,21:00:00,Matchweek 5,Wed,Away,L,2,5,Lens,1.1,3.0,42,37161.0,Laurent Abergel,4-3-3,3-4-3,Benoît Bastien,/en/matches/e81a5c4f/Lens-Lorient-August-31-2022-Ligue-1,nan
FRA-Ligue 1,2223,Lorient,2022-09-04 Ajaccio-Lorient,2022-09-04,15:00:00,Matchweek 6,Sun,Away,W,1,0,Ajaccio,0.8,0.5,42,7000.0,Laurent Abergel,4-3-3,4-4-2,Jeremy Stinat,/en/matches/ae60a120/Ajaccio-Lorient-September-4-2022-Ligue-1,nan
FRA-Ligue 1,2223,Lorient,2022-09-07 Lorient-Lyon,2022-09-07,19:00:00,Matchweek 2,Wed,Home,W,3,1,Lyon,1.0,2.2,34,13685.0,Laurent Abergel,4-3-3,4-3-3,Bastien Dechepy,/en/matches/9bb1f204/Lorient-Lyon-September-7-2022-Ligue-1,nan
FRA-Ligue 1,2223,Lorient,2022-09-11 Lorient-Nantes,2022-09-11,15:00:00,Matchweek 7,Sun,Home,W,3,2,Nantes,1.3,0.5,48,15081.0,Laurent Abergel,4-2-3-1,4-3-3,Johan Hamel,/en/matches/782c4dff/Lorient-Nantes-September-11-2022-Ligue-1,nan
FRA-Ligue 1,2223,Lorient,2022-09-16 Auxerre-Lorient,2022-09-16,21:00:00,Matchweek 8,Fri,Away,W,3,1,Auxerre,2.5,2.0,44,14866.0,Laurent Abergel,4-2-3-1,4-1-4-1,Ruddy Buquet,/en/matches/49bc23eb/Auxerre-Lorient-September-16-2022-Ligue-1,nan
FRA-Ligue 1,2223,Lorient,2022-10-02 Lorient-Lille,2022-10-02,13:00:00,Matchweek 9,Sun,Home,W,2,1,Lille,0.6,2.2,37,14916.0,Laurent Abergel,4-2-3-1,4-2-3-1,Hakim Ben El Hadj Salem,/en/matches/16686466/Lorient-Lille-October-2-2022-Ligue-1,nan
FRA-Ligue 1,2223,Lorient,2022-10-09 Brest-Lorient,2022-10-09,15:00:00,Matchweek 10,Sun,Away,W,2,1,Brest,1.1,0.9,50,9819.0,Laurent Abergel,4-2-3-1,4-4-2,Bastien Dechepy,/en/matches/173aef86/Brest-Lorient-October-9-2022-Ligue-1,nan
FRA-Ligue 1,2223,Lorient,2022-10-15 Lorient-Reims,2022-10-15,17:00:00,Matchweek 11,Sat,Home,D,0,0,Reims,0.8,0.6,48,15776.0,Vincent Le Goff,4-2-3-1,3-5-2,Mathieu Vernice,/en/matches/4fe522a8/Lorient-Reims-October-15-2022-Ligue-1,nan
FRA-Ligue 1,2223,Lorient,2022-10-23 Troyes-Lorient,2022-10-23,15:00:00,Matchweek 12,Sun,Away,D,2,2,Troyes,1.4,0.8,58,10000.0,Vincent Le Goff,4-2-3-1,5-4-1,Marc Bollengier,/en/matches/58eb4a20/Troyes-Lorient-October-23-2022-Ligue-1,nan
FRA-Ligue 1,2223,Lorient,2022-10-30 Lorient-Nice,2022-10-30,17:05:00,Matchweek 13,Sun,Home,L,1,2,Nice,1.8,1.8,44,16034.0,Vincent Le Goff,4-1-4-1,4-4-2,Clément Turpin,/en/matches/b3909991/Lorient-Nice-October-30-2022-Ligue-1,nan
FRA-Ligue 1,2223,Lorient,2022-11-06 Lorient-Paris S-G,2022-11-06,13:00:00,Matchweek 14,Sun,Home,L,1,2,Paris S-G,0.8,1.6,41,16778.0,Vincent Le Goff,4-1-4-1,3-4-1-2,Benoît Bastien,/en/matches/62986726/Lorient-Paris-Saint-Germain-November-6-2022-Ligue-1,nan
FRA-Ligue 1,2223,Lorient,2022-11-13 Strasbourg-Lorient,2022-11-13,17:05:00,Matchweek 15,Sun,Away,D,1,1,Strasbourg,0.5,2.3,39,25117.0,Vincent Le Goff,4-1-4-1,4-4-2,Pierre Gaillouste,/en/matches/d02cfa28/Strasbourg-Lorient-November-13-2022-Ligue-1,nan
FRA-Ligue 1,2223,Lorient,2022-12-29 Lorient-Montpellier,2022-12-29,17:00:00,Matchweek 16,Thu,Home,L,0,2,Montpellier,1.0,1.7,48,15963.0,Laurent Abergel,4-2-3-1,4-2-3-1,Willy Delajod,/en/matches/3f005cc1/Lorient-Montpellier-December-29-2022-Ligue-1,nan
FRA-Ligue 1,2223,Lorient,2023-01-01 Angers-Lorient,2023-01-01,15:00:00,Matchweek 17,Sun,Away,W,2,1,Angers,0.6,2.3,58,6000.0,Laurent Abergel,4-2-3-1,4-2-3-1,Florent Batta,/en/matches/cff615b4/Angers-Lorient-January-1-2023-Ligue-1,nan
FRA-Ligue 1,2223,Lorient,2023-01-11 Lorient-Monaco,2023-01-11,21:00:00,Matchweek 18,Wed,Home,D,2,2,Monaco,1.3,1.8,42,14521.0,Laurent Abergel,4-2-3-1,4-2-2-2,Jérôme Brisard,/en/matches/a1b8e89a/Lorient-Monaco-January-11-2023-Ligue-1,nan
FRA-Ligue 1,2223,Lorient,2023-01-14 Marseille-Lorient,2023-01-14,19:00:00,Matchweek 19,Sat,Away,L,1,3,Marseille,0.5,2.2,32,62276.0,Laurent Abergel,4-2-3-1,3-4-3,Bastien Dechepy,/en/matches/d95f972f/Marseille-Lorient-January-14-2023-Ligue-1,nan
FRA-Ligue 1,2223,Lorient,2023-01-27 Lorient-Rennes,2023-01-27,21:00:00,Matchweek 20,Fri,Home,W,2,1,Rennes,0.9,1.5,33,16782.0,Laurent Abergel,4-2-3-1,5-4-1,Benoît Millot,/en/matches/b1b646a8/Lorient-Rennes-January-27-2023-Ligue-1,nan
FRA-Ligue 1,2223,Lorient,2023-02-01 Reims-Lorient,2023-02-01,19:00:00,Matchweek 21,Wed,Away,L,2,4,Reims,0.6,3.8,42,10746.0,Vincent Le Goff,4-2-3-1,4-2-3-1,Florent Batta,/en/matches/e7ec4d4b/Reims-Lorient-February-1-2023-Ligue-1,nan
FRA-Ligue 1,2223,Lorient,2023-02-05 Lorient-Angers,2023-02-05,15:00:00,Matchweek 22,Sun,Home,D,0,0,Angers,1.0,0.7,56,12705.0,Vincent Le Goff,4-2-3-1,4-4-2,Willy Delajod,/en/matches/4f77b00e/Lorient-Angers-February-5-2023-Ligue-1,nan
FRA-Ligue 1,2223,Lorient,2023-02-12 Nantes-Lorient,2023-02-12,17:05:00,Matchweek 23,Sun,Away,L,0,1,Nantes,1.1,1.0,51,33579.0,Enzo Le Fée,4-2-3-1,4-2-3-1,Mathieu Vernice,/en/matches/f9f4ca12/Nantes-Lorient-February-12-2023-Ligue-1,nan
FRA-Ligue 1,2223,Lorient,2023-02-19 Lorient-Ajaccio,2023-02-19,15:00:00,Matchweek 24,Sun,Home,W,3,0,Ajaccio,2.5,0.7,58,12918.0,Vincent Le Goff,4-2-3-1,4-1-4-1,Eric Wattellier,/en/matches/9a73c114/Lorient-Ajaccio-February-19-2023-Ligue-1,nan
FRA-Ligue 1,2223,Lorient,2023-02-26 Lorient-Auxerre,2023-02-26,13:00:00,Matchweek 25,Sun,Home,L,0,1,Auxerre,1.5,0.7,61,13089.0,Laurent Abergel,4-2-3-1,3-4-3,Benoît Millot,/en/matches/f9f72ca1/Lorient-Auxerre-February-26-2023-Ligue-1,nan
FRA-Ligue 1,2223,Lorient,2023-03-05 Lyon-Lorient,2023-03-05,17:05:00,Matchweek 26,Sun,Away,D,0,0,Lyon,1.0,2.2,47,38568.0,Laurent Abergel,4-1-4-1,4-3-3,Thomas Léonard,/en/matches/1eadec4f/Lyon-Lorient-March-5-2023-Ligue-1,nan
FRA-Ligue 1,2223,Lorient,2023-03-12 Lorient-Troyes,2023-03-12,15:00:00,Matchweek 27,Sun,Home,W,2,0,Troyes,1.9,0.7,52,13889.0,Laurent Abergel,4-1-4-1,3-4-3,Clément Turpin,/en/matches/11eab67b/Lorient-Troyes-March-12-2023-Ligue-1,nan
FRA-Ligue 1,2223,Lorient,2023-03-19 Nice-Lorient,2023-03-19,15:00:00,Matchweek 28,Sun,Away,D,1,1,Nice,0.7,1.2,47,20762.0,Laurent Abergel,4-1-4-1,3-4-1-2,Ruddy Buquet,/en/matches/76197bfd/Nice-Lorient-March-19-2023-Ligue-1,nan
FRA-Ligue 1,2223,Lorient,2023-04-02 Lille-Lorient,2023-04-02,13:00:00,Matchweek 29,Sun,Away,L,1,3,Lille,0.2,2.0,40,32862.0,Laurent Abergel,4-1-4-1,4-2-3-1,Jérémie Pignard,/en/matches/e3ec27ec/Lille-Lorient-April-2-2023-Ligue-1,nan
FRA-Ligue 1,2223,Lorient,2023-04-09 Lorient-Marseille,2023-04-09,20:45:00,Matchweek 30,Sun,Home,D,0,0,Marseille,0.4,0.9,40,16767.0,Vincent Le Goff,3-4-3,3-4-3,Willy Delajod,/en/matches/ae59b2e1/Lorient-Marseille-April-9-2023-Ligue-1,nan
FRA-Ligue 1,2223,Lorient,2023-04-16 Monaco-Lorient,2023-04-16,17:05:00,Matchweek 31,Sun,Away,L,1,3,Monaco,1.1,1.9,53,6930.0,Laurent Abergel,4-1-4-1,4-4-2,Bastien Dechepy,/en/matches/fbddfac1/Monaco-Lorient-April-16-2023-Ligue-1,nan
FRA-Ligue 1,2223,Lorient,2023-04-23 Lorient-Toulouse,2023-04-23,15:00:00,Matchweek 32,Sun,Home,L,0,1,Toulouse,0.6,1.1,54,15948.0,Laurent Abergel,3-4-3,4-2-3-1,Marc Bollengier,/en/matches/b1552b3c/Lorient-Toulouse-April-23-2023-Ligue-1,nan
FRA-Ligue 1,2223,Lorient,2023-04-30 Paris S-G-Lorient,2023-04-30,17:05:00,Matchweek 33,Sun,Away,W,3,1,Paris S-G,2.9,1.8,46,41454.0,Laurent Abergel,3-4-3,4-4-2,Jérôme Brisard,/en/matches/ca98474e/Paris-Saint-Germain-Lorient-April-30-2023-Ligue-1,nan
FRA-Ligue 1,2223,Lorient,2023-05-07 Lorient-Brest,2023-05-07,15:00:00,Matchweek 34,Sun,Home,W,2,1,Brest,1.0,1.5,46,16338.0,Laurent Abergel,3-4-3,4-1-4-1,Benoît Millot,/en/matches/676c3a0e/Lorient-Brest-May-7-2023-Ligue-1,nan
FRA-Ligue 1,2223,Lorient,2023-05-14 Montpellier-Lorient,2023-05-14,15:00:00,Matchweek 35,Sun,Away,D,1,1,Montpellier,0.6,1.6,57,12595.0,Laurent Abergel,3-4-3,4-3-3,Mathieu Vernice,/en/matches/1df43c24/Montpellier-Lorient-May-14-2023-Ligue-1,nan
FRA-Ligue 1,2223,Lorient,2023-05-21 Lorient-Lens,2023-05-21,17:05:00,Matchweek 36,Sun,Home,L,1,3,Lens,1.3,1.9,47,16724.0,Laurent Abergel,3-4-3,3-4-3,Stéphanie Frappart,/en/matches/123cfb3a/Lorient-Lens-May-21-2023-Ligue-1,nan
FRA-Ligue 1,2223,Lorient,2023-05-27 Clermont Foot-Lorient,2023-05-27,21:00:00,Matchweek 37,Sat,Away,L,0,2,Clermont Foot,1.1,1.4,55,13050.0,Laurent Abergel,3-4-3,3-4-3,Florent Batta,/en/matches/970c061a/Clermont-Foot-Lorient-May-27-2023-Ligue-1,nan
FRA-Ligue 1,2223,Lorient,2023-06-03 Lorient-Strasbourg,2023-06-03,21:00:00,Matchweek 38,Sat,Home,W,2,1,Strasbourg,0.5,1.0,53,16351.0,Laurent Abergel,3-4-3,3-4-3,Bastien Dechepy,/en/matches/a744a9bd/Lorient-Strasbourg-June-3-2023-Ligue-1,nan
FRA-Ligue 1,2223,Lyon,2022-08-05 Lyon-Ajaccio,2022-08-05,21:00:00,Matchweek 1,Fri,Home,W,2,1,Ajaccio,1.3,1.5,67,48516.0,Alexandre Lacazette,4-3-3,4-4-2,Benoît Bastien,/en/matches/47ab569b/Lyon-Ajaccio-August-5-2022-Ligue-1,nan
FRA-Ligue 1,2223,Lyon,2022-08-19 Lyon-Troyes,2022-08-19,21:00:00,Matchweek 3,Fri,Home,W,4,1,Troyes,2.6,1.0,66,43000.0,Alexandre Lacazette,4-3-3,5-4-1,Eric Wattellier,/en/matches/a1baf3a5/Lyon-Troyes-August-19-2022-Ligue-1,nan
FRA-Ligue 1,2223,Lyon,2022-08-28 Reims-Lyon,2022-08-28,17:05:00,Matchweek 4,Sun,Away,D,1,1,Reims,1.1,0.4,74,14930.0,Alexandre Lacazette,4-3-3,3-4-1-2,Jeremy Stinat,/en/matches/daa723a9/Reims-Lyon-August-28-2022-Ligue-1,nan
FRA-Ligue 1,2223,Lyon,2022-08-31 Lyon-Auxerre,2022-08-31,19:00:00,Matchweek 5,Wed,Home,W,2,1,Auxerre,2.6,0.7,62,38609.0,Alexandre Lacazette,4-3-3,4-1-4-1,Pierre Gaillouste,/en/matches/d4cde1d6/Lyon-Auxerre-August-31-2022-Ligue-1,nan
FRA-Ligue 1,2223,Lyon,2022-09-03 Lyon-Angers,2022-09-03,19:00:00,Matchweek 6,Sat,Home,W,5,0,Angers,1.4,1.0,64,39586.0,Alexandre Lacazette,4-3-3,3-1-4-2,Thomas Léonard,/en/matches/fb645562/Lyon-Angers-September-3-2022-Ligue-1,nan
FRA-Ligue 1,2223,Lyon,2022-09-07 Lorient-Lyon,2022-09-07,19:00:00,Matchweek 2,Wed,Away,L,1,3,Lorient,2.2,1.0,66,13685.0,Alexandre Lacazette,4-3-3,4-3-3,Bastien Dechepy,/en/matches/9bb1f204/Lorient-Lyon-September-7-2022-Ligue-1,nan
FRA-Ligue 1,2223,Lyon,2022-09-11 Monaco-Lyon,2022-09-11,20:45:00,Matchweek 7,Sun,Away,L,1,2,Monaco,2.0,1.7,61,7000.0,Alexandre Lacazette,4-3-3,3-4-3,Clément Turpin,/en/matches/425472f5/Monaco-Lyon-September-11-2022-Ligue-1,nan
FRA-Ligue 1,2223,Lyon,2022-09-18 Lyon-Paris S-G,2022-09-18,20:45:00,Matchweek 8,Sun,Home,L,0,1,Paris S-G,1.0,1.6,35,58230.0,Alexandre Lacazette,4-4-2,3-4-3,François Letexier,/en/matches/57d4d43d/Lyon-Paris-Saint-Germain-September-18-2022-Ligue-1,nan
FRA-Ligue 1,2223,Lyon,2022-10-02 Lens-Lyon,2022-10-02,20:45:00,Matchweek 9,Sun,Away,L,0,1,Lens,0.1,2.9,48,36674.0,Alexandre Lacazette,4-2-3-1,3-4-3,Benoît Bastien,/en/matches/ea3fd79a/Lens-Lyon-October-2-2022-Ligue-1,nan
FRA-Ligue 1,2223,Lyon,2022-10-07 Lyon-Toulouse,2022-10-07,21:00:00,Matchweek 10,Fri,Home,D,1,1,Toulouse,1.4,0.5,58,41295.0,Alexandre Lacazette,4-2-3-1,4-3-3,Ruddy Buquet,/en/matches/3e063ecd/Lyon-Toulouse-October-7-2022-Ligue-1,nan
FRA-Ligue 1,2223,Lyon,2022-10-16 Rennes-Lyon,2022-10-16,15:00:00,Matchweek 11,Sun,Away,L,2,3,Rennes,1.1,1.6,60,28152.0,Alexandre Lacazette,3-4-1-2,4-4-2,Stéphanie Frappart,/en/matches/62b68f87/Rennes-Lyon-October-16-2022-Ligue-1,nan
FRA-Ligue 1,2223,Lyon,2022-10-22 Montpellier-Lyon,2022-10-22,17:00:00,Matchweek 12,Sat,Away,W,2,1,Montpellier,2.7,1.1,62,15339.0,Alexandre Lacazette,3-4-1-2,4-2-3-1,Thomas Léonard,/en/matches/cc602d55/Montpellier-Lyon-October-22-2022-Ligue-1,nan
FRA-Ligue 1,2223,Lyon,2022-10-30 Lyon-Lille,2022-10-30,20:45:00,Matchweek 13,Sun,Home,W,1,0,Lille,1.6,1.5,45,55790.0,Alexandre Lacazette,3-5-2,4-2-3-1,Jérôme Brisard,/en/matches/55897a3f/Lyon-Lille-October-30-2022-Ligue-1,nan
FRA-Ligue 1,2223,Lyon,2022-11-06 Marseille-Lyon,2022-11-06,20:45:00,Matchweek 14,Sun,Away,L,0,1,Marseille,0.9,0.8,53,62975.0,Alexandre Lacazette,4-1-2-1-2◆,3-4-3,François Letexier,/en/matches/bfdebdac/Choc-des-Olympiques-Marseille-Lyon-November-6-2022-Ligue-1,nan
FRA-Ligue 1,2223,Lyon,2022-11-11 Lyon-Nice,2022-11-11,21:00:00,Matchweek 15,Fri,Home,D,1,1,Nice,1.3,1.6,63,57000.0,Alexandre Lacazette,4-3-3,4-4-2,Eric Wattellier,/en/matches/e805986b/Lyon-Nice-November-11-2022-Ligue-1,nan
FRA-Ligue 1,2223,Lyon,2022-12-28 Brest-Lyon,2022-12-28,21:00:00,Matchweek 16,Wed,Away,W,4,2,Brest,3.1,1.3,57,14601.0,Alexandre Lacazette,4-2-3-1,4-3-3,Bastien Dechepy,/en/matches/244b3b09/Brest-Lyon-December-28-2022-Ligue-1,nan
FRA-Ligue 1,2223,Lyon,2023-01-01 Lyon-Clermont Foot,2023-01-01,17:00:00,Matchweek 17,Sun,Home,L,0,1,Clermont Foot,0.7,1.2,60,30000.0,Alexandre Lacazette,4-2-3-1,3-4-3,Stéphanie Frappart,/en/matches/1e8f7f51/Lyon-Clermont-Foot-January-1-2023-Ligue-1,nan
FRA-Ligue 1,2223,Lyon,2023-01-11 Nantes-Lyon,2023-01-11,19:00:00,Matchweek 18,Wed,Away,D,0,0,Nantes,0.5,1.1,60,27657.0,Alexandre Lacazette,4-3-3,4-4-2,Marc Bollengier,/en/matches/b34687b5/Nantes-Lyon-January-11-2023-Ligue-1,nan
FRA-Ligue 1,2223,Lyon,2023-01-14 Lyon-Strasbourg,2023-01-14,21:00:00,Matchweek 19,Sat,Home,L,1,2,Strasbourg,2.8,1.1,72,38473.0,Alexandre Lacazette,3-4-1-2,5-3-2,Jeremy Stinat,/en/matches/6016edce/Lyon-Strasbourg-January-14-2023-Ligue-1,nan
FRA-Ligue 1,2223,Lyon,2023-01-29 Ajaccio-Lyon,2023-01-29,17:05:00,Matchweek 20,Sun,Away,W,2,0,Ajaccio,1.9,1.7,49,6788.0,Alexandre Lacazette,4-1-4-1,4-4-2,Thomas Léonard,/en/matches/3b0e34f6/Ajaccio-Lyon-January-29-2023-Ligue-1,nan
FRA-Ligue 1,2223,Lyon,2023-02-01 Lyon-Brest,2023-02-01,21:00:00,Matchweek 21,Wed,Home,D,0,0,Brest,2.5,0.6,75,30837.0,Alexandre Lacazette,4-3-1-2,4-1-4-1,Ruddy Buquet,/en/matches/0f1e8f16/Lyon-Brest-February-1-2023-Ligue-1,nan
FRA-Ligue 1,2223,Lyon,2023-02-04 Troyes-Lyon,2023-02-04,19:00:00,Matchweek 22,Sat,Away,W,3,1,Troyes,0.8,1.0,58,10240.0,Alexandre Lacazette,4-3-1-2,3-5-2,François Letexier,/en/matches/774a8b12/Troyes-Lyon-February-4-2023-Ligue-1,nan
FRA-Ligue 1,2223,Lyon,2023-02-12 Lyon-Lens,2023-02-12,20:45:00,Matchweek 23,Sun,Home,W,2,1,Lens,1.4,1.1,41,53426.0,Alexandre Lacazette,3-4-1-2,3-4-3,Eric Wattellier,/en/matches/eb88e263/Lyon-Lens-February-12-2023-Ligue-1,nan
FRA-Ligue 1,2223,Lyon,2023-02-17 Auxerre-Lyon,2023-02-17,21:00:00,Matchweek 24,Fri,Away,L,1,2,Auxerre,0.8,1.5,65,16396.0,Anthony Lopes,3-4-1-2,3-4-3,Jérôme Brisard,/en/matches/ab3c5cc9/Auxerre-Lyon-February-17-2023-Ligue-1,nan
FRA-Ligue 1,2223,Lyon,2023-02-25 Angers-Lyon,2023-02-25,17:00:00,Matchweek 25,Sat,Away,W,3,1,Angers,1.1,1.5,57,12031.0,Anthony Lopes,4-3-3,4-3-3,Florent Batta,/en/matches/ed761c34/Angers-Lyon-February-25-2023-Ligue-1,nan
FRA-Ligue 1,2223,Lyon,2023-03-05 Lyon-Lorient,2023-03-05,17:05:00,Matchweek 26,Sun,Home,D,0,0,Lorient,2.2,1.0,53,38568.0,Corentin Tolisso,4-3-3,4-1-4-1,Thomas Léonard,/en/matches/1eadec4f/Lyon-Lorient-March-5-2023-Ligue-1,nan
FRA-Ligue 1,2223,Lyon,2023-03-10 Lille-Lyon,2023-03-10,21:00:00,Matchweek 27,Fri,Away,D,3,3,Lille,0.8,2.3,45,40314.0,Corentin Tolisso,4-3-3,4-2-3-1,Benoît Bastien,/en/matches/2ec831ba/Lille-Lyon-March-10-2023-Ligue-1,nan
FRA-Ligue 1,2223,Lyon,2023-03-17 Lyon-Nantes,2023-03-17,21:00:00,Matchweek 28,Fri,Home,D,1,1,Nantes,1.4,1.7,66,38880.0,Alexandre Lacazette,4-3-3,4-2-3-1,Benoît Millot,/en/matches/e42d16ce/Lyon-Nantes-March-17-2023-Ligue-1,nan
FRA-Ligue 1,2223,Lyon,2023-04-02 Paris S-G-Lyon,2023-04-02,20:45:00,Matchweek 29,Sun,Away,W,1,0,Paris S-G,1.6,1.1,38,47000.0,Alexandre Lacazette,3-4-1-2,3-5-2,François Letexier,/en/matches/37a61135/Paris-Saint-Germain-Lyon-April-2-2023-Ligue-1,nan
FRA-Ligue 1,2223,Lyon,2023-04-09 Lyon-Rennes,2023-04-09,13:00:00,Matchweek 30,Sun,Home,W,3,1,Rennes,1.1,1.1,59,45000.0,Alexandre Lacazette,4-1-4-1,4-2-3-1,Benoît Bastien,/en/matches/f258dab1/Lyon-Rennes-April-9-2023-Ligue-1,nan
FRA-Ligue 1,2223,Lyon,2023-04-14 Toulouse-Lyon,2023-04-14,21:00:00,Matchweek 31,Fri,Away,W,2,1,Toulouse,2.3,1.2,57,28302.0,Alexandre Lacazette,4-3-3,4-2-3-1,François Letexier,/en/matches/fbcb2095/Toulouse-Lyon-April-14-2023-Ligue-1,nan
FRA-Ligue 1,2223,Lyon,2023-04-23 Lyon-Marseille,2023-04-23,20:45:00,Matchweek 32,Sun,Home,L,1,2,Marseille,1.0,2.0,59,57509.0,Alexandre Lacazette,4-3-3,3-4-3,Jérôme Brisard,/en/matches/7408c40b/Choc-des-Olympiques-Lyon-Marseille-April-23-2023-Ligue-1,nan
FRA-Ligue 1,2223,Lyon,2023-04-28 Strasbourg-Lyon,2023-04-28,21:00:00,Matchweek 33,Fri,Away,W,2,1,Strasbourg,0.8,1.3,47,25360.0,Alexandre Lacazette,3-1-4-2,3-4-3,Ruddy Buquet,/en/matches/7102beec/Strasbourg-Lyon-April-28-2023-Ligue-1,nan
FRA-Ligue 1,2223,Lyon,2023-05-07 Lyon-Montpellier,2023-05-07,17:05:00,Matchweek 34,Sun,Home,W,5,4,Montpellier,2.9,1.8,69,49531.0,Alexandre Lacazette,4-2-3-1,4-2-3-1,Bastien Dechepy,/en/matches/f3f1adae/Lyon-Montpellier-May-7-2023-Ligue-1,nan
FRA-Ligue 1,2223,Lyon,2023-05-14 Clermont Foot-Lyon,2023-05-14,13:00:00,Matchweek 35,Sun,Away,L,1,2,Clermont Foot,1.7,1.8,62,13191.0,Alexandre Lacazette,3-4-1-2,3-4-3,Ruddy Buquet,/en/matches/a5b3557c/Clermont-Foot-Lyon-May-14-2023-Ligue-1,nan
FRA-Ligue 1,2223,Lyon,2023-05-19 Lyon-Monaco,2023-05-19,21:00:00,Matchweek 36,Fri,Home,W,3,1,Monaco,2.1,1.8,62,53980.0,Alexandre Lacazette,4-2-3-1,3-4-3,Benoît Millot,/en/matches/364d3262/Lyon-Monaco-May-19-2023-Ligue-1,nan
FRA-Ligue 1,2223,Lyon,2023-05-27 Lyon-Reims,2023-05-27,21:00:00,Matchweek 37,Sat,Home,W,3,0,Reims,2.6,1.1,54,56874.0,Alexandre Lacazette,4-2-3-1,3-5-2,Jeremy Stinat,/en/matches/27815d03/Lyon-Reims-May-27-2023-Ligue-1,nan
FRA-Ligue 1,2223,Lyon,2023-06-03 Nice-Lyon,2023-06-03,21:00:00,Matchweek 38,Sat,Away,L,1,3,Nice,1.8,2.3,57,25243.0,Alexandre Lacazette,4-2-3-1,3-4-3,Eric Wattellier,/en/matches/7cb0ddb9/Nice-Lyon-June-3-2023-Ligue-1,nan
FRA-Ligue 1,2223,Marseille,2022-08-07 Marseille-Reims,2022-08-07,20:45:00,Matchweek 1,Sun,Home,W,4,1,Reims,2.1,0.9,56,62738.0,Valentin Rongier,3-4-3,4-3-3,Jérôme Brisard,/en/matches/534ab8ff/Marseille-Reims-August-7-2022-Ligue-1,nan
FRA-Ligue 1,2223,Marseille,2022-08-14 Brest-Marseille,2022-08-14,20:45:00,Matchweek 2,Sun,Away,D,1,1,Brest,0.7,2.0,53,13709.0,Valentin Rongier,3-4-3,4-3-3,Jeremy Stinat,/en/matches/4a5a2571/Brest-Marseille-August-14-2022-Ligue-1,nan
FRA-Ligue 1,2223,Marseille,2022-08-20 Marseille-Nantes,2022-08-20,21:00:00,Matchweek 3,Sat,Home,W,2,1,Nantes,1.1,2.2,56,63147.0,Valentin Rongier,3-4-3,5-4-1,Jérémie Pignard,/en/matches/44e18f81/Marseille-Nantes-August-20-2022-Ligue-1,nan
FRA-Ligue 1,2223,Marseille,2022-08-28 Nice-Marseille,2022-08-28,15:00:00,Matchweek 4,Sun,Away,W,3,0,Nice,1.4,1.0,51,31418.0,Dimitri Payet,3-4-3,4-2-3-1,François Letexier,/en/matches/89258f8f/Nice-Marseille-August-28-2022-Ligue-1,nan
FRA-Ligue 1,2223,Marseille,2022-08-31 Marseille-Clermont Foot,2022-08-31,21:00:00,Matchweek 5,Wed,Home,W,1,0,Clermont Foot,2.5,0.1,60,62763.0,Dimitri Payet,3-4-3,3-4-3,Eric Wattellier,/en/matches/e703a3d2/Marseille-Clermont-Foot-August-31-2022-Ligue-1,nan
FRA-Ligue 1,2223,Marseille,2022-09-03 Auxerre-Marseille,2022-09-03,17:00:00,Matchweek 6,Sat,Away,W,2,0,Auxerre,1.6,0.6,52,17025.0,Valentin Rongier,3-4-3,4-1-4-1,Willy Delajod,/en/matches/d9b1158b/Auxerre-Marseille-September-3-2022-Ligue-1,nan
FRA-Ligue 1,2223,Marseille,2022-09-10 Marseille-Lille,2022-09-10,21:00:00,Matchweek 7,Sat,Home,W,2,1,Lille,2.2,1.0,53,62985.0,Mattéo Guendouzi,3-4-3,3-4-3,Benoît Millot,/en/matches/762fd170/Marseille-Lille-September-10-2022-Ligue-1,nan
FRA-Ligue 1,2223,Marseille,2022-09-18 Marseille-Rennes,2022-09-18,15:00:00,Matchweek 8,Sun,Home,D,1,1,Rennes,1.6,1.2,59,62753.0,Valentin Rongier,3-4-3,4-2-3-1,Benoît Bastien,/en/matches/abf90423/Marseille-Rennes-September-18-2022-Ligue-1,nan
FRA-Ligue 1,2223,Marseille,2022-09-30 Angers-Marseille,2022-09-30,21:00:00,Matchweek 9,Fri,Away,W,3,0,Angers,1.6,1.2,57,19000.0,Dimitri Payet,3-4-3,4-4-2,Johan Hamel,/en/matches/3c6ebbba/Angers-Marseille-September-30-2022-Ligue-1,nan
FRA-Ligue 1,2223,Marseille,2022-10-08 Marseille-Ajaccio,2022-10-08,17:00:00,Matchweek 10,Sat,Home,L,1,2,Ajaccio,1.7,0.2,64,63312.0,Dimitri Payet,3-4-3,4-4-2,Willy Delajod,/en/matches/98ad4323/Marseille-Ajaccio-October-8-2022-Ligue-1,nan
FRA-Ligue 1,2223,Marseille,2022-10-16 Paris S-G-Marseille,2022-10-16,20:45:00,Matchweek 11,Sun,Away,L,0,1,Paris S-G,1.2,2.5,50,47000.0,Valentin Rongier,3-4-3,4-3-1-2,Clément Turpin,/en/matches/818de37e/Paris-Saint-Germain-Marseille-October-16-2022-Ligue-1,nan
FRA-Ligue 1,2223,Marseille,2022-10-22 Marseille-Lens,2022-10-22,21:00:00,Matchweek 12,Sat,Home,L,0,1,Lens,1.8,0.9,56,56414.0,Valentin Rongier,3-4-3,3-5-2,Benoît Millot,/en/matches/bad2cbdd/Marseille-Lens-October-22-2022-Ligue-1,nan
FRA-Ligue 1,2223,Marseille,2022-10-29 Strasbourg-Marseille,2022-10-29,21:00:00,Matchweek 13,Sat,Away,D,2,2,Strasbourg,2.0,1.1,49,25687.0,Dimitri Payet,3-4-3,3-5-2,Ruddy Buquet,/en/matches/be8af29c/Strasbourg-Marseille-October-29-2022-Ligue-1,nan
FRA-Ligue 1,2223,Marseille,2022-11-06 Marseille-Lyon,2022-11-06,20:45:00,Matchweek 14,Sun,Home,W,1,0,Lyon,0.8,0.9,47,62975.0,Valentin Rongier,3-4-3,4-1-2-1-2,François Letexier,/en/matches/bfdebdac/Choc-des-Olympiques-Marseille-Lyon-November-6-2022-Ligue-1,nan
FRA-Ligue 1,2223,Marseille,2022-11-13 Monaco-Marseille,2022-11-13,20:45:00,Matchweek 15,Sun,Away,W,3,2,Monaco,1.9,2.0,58,10631.0,Valentin Rongier,3-4-3,4-2-3-1,Benoît Bastien,/en/matches/d1097736/Monaco-Marseille-November-13-2022-Ligue-1,nan
FRA-Ligue 1,2223,Marseille,2022-12-29 Marseille-Toulouse,2022-12-29,21:00:00,Matchweek 16,Thu,Home,W,6,1,Toulouse,2.6,1.8,51,61371.0,Dimitri Payet,3-4-3,4-3-3,Jérémie Pignard,/en/matches/34caf658/Marseille-Toulouse-December-29-2022-Ligue-1,nan
FRA-Ligue 1,2223,Marseille,2023-01-02 Montpellier-Marseille,2023-01-02,19:00:00,Matchweek 17,Mon,Away,W,2,1,Montpellier,1.4,1.4,59,18971.0,Dimitri Payet,3-4-3,4-2-3-1,Ruddy Buquet,/en/matches/1083eac4/Montpellier-Marseille-January-2-2023-Ligue-1,nan
FRA-Ligue 1,2223,Marseille,2023-01-11 Troyes-Marseille,2023-01-11,21:00:00,Matchweek 18,Wed,Away,W,2,0,Troyes,1.9,0.2,68,14222.0,Valentin Rongier,3-4-3,4-2-3-1,Hakim Ben El Hadj Salem,/en/matches/18500cfa/Troyes-Marseille-January-11-2023-Ligue-1,nan
FRA-Ligue 1,2223,Marseille,2023-01-14 Marseille-Lorient,2023-01-14,19:00:00,Matchweek 19,Sat,Home,W,3,1,Lorient,2.2,0.5,68,62276.0,Valentin Rongier,3-4-3,4-2-3-1,Bastien Dechepy,/en/matches/d95f972f/Marseille-Lorient-January-14-2023-Ligue-1,nan
FRA-Ligue 1,2223,Marseille,2023-01-28 Marseille-Monaco,2023-01-28,21:00:00,Matchweek 20,Sat,Home,D,1,1,Monaco,1.6,1.5,61,64502.0,Valentin Rongier,3-4-3,4-2-2-2,Jérémie Pignard,/en/matches/15d42ad7/Marseille-Monaco-January-28-2023-Ligue-1,nan
FRA-Ligue 1,2223,Marseille,2023-02-01 Nantes-Marseille,2023-02-01,19:00:00,Matchweek 21,Wed,Away,W,2,0,Nantes,1.7,1.2,59,34125.0,Valentin Rongier,3-4-3,4-2-3-1,Willy Delajod,/en/matches/4bca4e32/Nantes-Marseille-February-1-2023-Ligue-1,nan
FRA-Ligue 1,2223,Marseille,2023-02-05 Marseille-Nice,2023-02-05,20:45:00,Matchweek 22,Sun,Home,L,1,3,Nice,2.3,1.4,57,65234.0,Dimitri Payet,3-4-3,4-3-3,Clément Turpin,/en/matches/f901aa76/Marseille-Nice-February-5-2023-Ligue-1,nan
FRA-Ligue 1,2223,Marseille,2023-02-11 Clermont Foot-Marseille,2023-02-11,21:00:00,Matchweek 23,Sat,Away,W,2,0,Clermont Foot,2.6,0.8,62,13576.0,Valentin Rongier,3-4-3,3-4-3,Ruddy Buquet,/en/matches/695a7394/Clermont-Foot-Marseille-February-11-2023-Ligue-1,nan
FRA-Ligue 1,2223,Marseille,2023-02-19 Toulouse-Marseille,2023-02-19,20:45:00,Matchweek 24,Sun,Away,W,3,2,Toulouse,1.0,2.0,48,29218.0,Valentin Rongier,3-4-3,4-1-4-1,Stéphanie Frappart,/en/matches/9d43f831/Toulouse-Marseille-February-19-2023-Ligue-1,nan
FRA-Ligue 1,2223,Marseille,2023-02-26 Marseille-Paris S-G,2023-02-26,20:45:00,Matchweek 25,Sun,Home,L,0,3,Paris S-G,1.6,2.0,54,65894.0,Valentin Rongier,3-4-3,3-5-2,Clément Turpin,/en/matches/fe1e33e5/Marseille-Paris-Saint-Germain-February-26-2023-Ligue-1,nan
FRA-Ligue 1,2223,Marseille,2023-03-05 Rennes-Marseille,2023-03-05,20:45:00,Matchweek 26,Sun,Away,W,1,0,Rennes,1.6,1.0,45,28515.0,Valentin Rongier,3-4-3,4-4-2,Eric Wattellier,/en/matches/723f16d0/Rennes-Marseille-March-5-2023-Ligue-1,nan
FRA-Ligue 1,2223,Marseille,2023-03-12 Marseille-Strasbourg,2023-03-12,20:45:00,Matchweek 27,Sun,Home,D,2,2,Strasbourg,1.6,2.1,41,63380.0,Valentin Rongier,3-4-3,3-5-2,Jérémie Pignard,/en/matches/5bd3872f/Marseille-Strasbourg-March-12-2023-Ligue-1,nan
FRA-Ligue 1,2223,Marseille,2023-03-19 Reims-Marseille,2023-03-19,20:45:00,Matchweek 28,Sun,Away,W,2,1,Reims,1.2,1.6,45,20479.0,Valentin Rongier,3-4-3,4-2-3-1,François Letexier,/en/matches/0161e53d/Reims-Marseille-March-19-2023-Ligue-1,nan
FRA-Ligue 1,2223,Marseille,2023-03-31 Marseille-Montpellier,2023-03-31,21:00:00,Matchweek 29,Fri,Home,D,1,1,Montpellier,1.3,0.9,68,58231.0,Valentin Rongier,3-4-3,4-2-3-1,Thomas Léonard,/en/matches/0dd080e8/Marseille-Montpellier-March-31-2023-Ligue-1,nan
FRA-Ligue 1,2223,Marseille,2023-04-09 Lorient-Marseille,2023-04-09,20:45:00,Matchweek 30,Sun,Away,D,0,0,Lorient,0.9,0.4,60,16767.0,Valentin Rongier,3-4-3,3-4-3,Willy Delajod,/en/matches/ae59b2e1/Lorient-Marseille-April-9-2023-Ligue-1,nan
FRA-Ligue 1,2223,Marseille,2023-04-16 Marseille-Troyes,2023-04-16,20:45:00,Matchweek 31,Sun,Home,W,3,1,Troyes,3.7,0.4,71,63486.0,Valentin Rongier,3-4-3,3-4-3,Benoît Millot,/en/matches/51ec8961/Marseille-Troyes-April-16-2023-Ligue-1,nan
FRA-Ligue 1,2223,Marseille,2023-04-23 Lyon-Marseille,2023-04-23,20:45:00,Matchweek 32,Sun,Away,W,2,1,Lyon,2.0,1.0,41,57509.0,Valentin Rongier,3-4-3,4-3-3,Jérôme Brisard,/en/matches/7408c40b/Choc-des-Olympiques-Lyon-Marseille-April-23-2023-Ligue-1,nan
FRA-Ligue 1,2223,Marseille,2023-04-30 Marseille-Auxerre,2023-04-30,20:45:00,Matchweek 33,Sun,Home,W,2,1,Auxerre,2.6,0.5,69,64532.0,Valentin Rongier,3-4-3,3-4-3,Jérémie Pignard,/en/matches/fbb41c2a/Marseille-Auxerre-April-30-2023-Ligue-1,nan
FRA-Ligue 1,2223,Marseille,2023-05-06 Lens-Marseille,2023-05-06,21:00:00,Matchweek 34,Sat,Away,L,1,2,Lens,1.3,0.7,57,38220.0,Valentin Rongier,3-4-3,3-4-3,Clément Turpin,/en/matches/4ef6a978/Lens-Marseille-May-6-2023-Ligue-1,nan
FRA-Ligue 1,2223,Marseille,2023-05-14 Marseille-Angers,2023-05-14,20:45:00,Matchweek 35,Sun,Home,W,3,1,Angers,2.7,0.3,62,63329.0,Dimitri Payet,3-4-3,5-3-2,Benoît Millot,/en/matches/01b6ff4d/Marseille-Angers-May-14-2023-Ligue-1,nan
FRA-Ligue 1,2223,Marseille,2023-05-20 Lille-Marseille,2023-05-20,21:00:00,Matchweek 36,Sat,Away,L,1,2,Lille,0.7,1.7,53,47399.0,Valentin Rongier,3-4-3,4-1-2-1-2,Jérôme Brisard,/en/matches/a4506b32/Lille-Marseille-May-20-2023-Ligue-1,nan
FRA-Ligue 1,2223,Marseille,2023-05-27 Marseille-Brest,2023-05-27,21:00:00,Matchweek 37,Sat,Home,L,1,2,Brest,1.1,1.0,62,61732.0,Valentin Rongier,3-4-3,4-3-3,Stéphanie Frappart,/en/matches/f8507c38/Marseille-Brest-May-27-2023-Ligue-1,nan
FRA-Ligue 1,2223,Marseille,2023-06-03 Ajaccio-Marseille,2023-06-03,21:00:00,Matchweek 38,Sat,Away,L,0,1,Ajaccio,1.4,0.1,71,9500.0,Mattéo Guendouzi,3-4-3,4-1-4-1,Benoît Bastien,/en/matches/2ca0b377/Ajaccio-Marseille-June-3-2023-Ligue-1,nan
FRA-Ligue 1,2223,Monaco,2022-08-06 Strasbourg-Monaco,2022-08-06,17:00:00,Matchweek 1,Sat,Away,W,2,1,Strasbourg,2.8,0.8,47,25359.0,Axel Disasi,4-2-3-1,3-4-1-2,François Letexier,/en/matches/b9e7f94c/Strasbourg-Monaco-August-6-2022-Ligue-1,nan
FRA-Ligue 1,2223,Monaco,2022-08-13 Monaco-Rennes,2022-08-13,17:00:00,Matchweek 2,Sat,Home,D,1,1,Rennes,1.8,2.1,35,8000.0,Wissam Ben Yedder,4-4-2,4-3-3,Jérémie Pignard,/en/matches/86562a7e/Monaco-Rennes-August-13-2022-Ligue-1,nan
FRA-Ligue 1,2223,Monaco,2022-08-20 Monaco-Lens,2022-08-20,17:00:00,Matchweek 3,Sat,Home,L,1,4,Lens,1.6,2.5,46,8700.0,Wissam Ben Yedder,4-4-2,3-4-3,Willy Delajod,/en/matches/579dbb9f/Monaco-Lens-August-20-2022-Ligue-1,nan
FRA-Ligue 1,2223,Monaco,2022-08-28 Paris S-G-Monaco,2022-08-28,20:45:00,Matchweek 4,Sun,Away,D,1,1,Paris S-G,1.2,2.7,33,46000.0,Wissam Ben Yedder,5-3-2,3-4-3,Benoît Bastien,/en/matches/6113a2a2/Paris-Saint-Germain-Monaco-August-28-2022-Ligue-1,nan
FRA-Ligue 1,2223,Monaco,2022-08-31 Monaco-Troyes,2022-08-31,19:00:00,Matchweek 5,Wed,Home,L,2,4,Troyes,1.2,2.2,52,4045.0,Wissam Ben Yedder,3-4-1-2,5-4-1,Ruddy Buquet,/en/matches/8b21a4d4/Monaco-Troyes-August-31-2022-Ligue-1,nan
FRA-Ligue 1,2223,Monaco,2022-09-04 Nice-Monaco,2022-09-04,20:45:00,Matchweek 6,Sun,Away,W,1,0,Nice,1.1,0.7,48,24125.0,Axel Disasi,3-4-3,3-4-3,Benoît Millot,/en/matches/cd865a2a/Nice-Monaco-September-4-2022-Ligue-1,nan
FRA-Ligue 1,2223,Monaco,2022-09-11 Monaco-Lyon,2022-09-11,20:45:00,Matchweek 7,Sun,Home,W,2,1,Lyon,1.7,2.0,39,7000.0,Axel Disasi,3-4-3,4-3-3,Clément Turpin,/en/matches/425472f5/Monaco-Lyon-September-11-2022-Ligue-1,nan
FRA-Ligue 1,2223,Monaco,2022-09-18 Reims-Monaco,2022-09-18,13:00:00,Matchweek 8,Sun,Away,W,3,0,Reims,1.7,0.6,67,10000.0,Wissam Ben Yedder,4-4-2,3-4-1-2,Marc Bollengier,/en/matches/c6dee225/Reims-Monaco-September-18-2022-Ligue-1,nan
FRA-Ligue 1,2223,Monaco,2022-10-02 Monaco-Nantes,2022-10-02,17:05:00,Matchweek 9,Sun,Home,W,4,1,Nantes,2.1,0.5,49,5202.0,Wissam Ben Yedder,4-4-2,5-4-1,Thomas Léonard,/en/matches/3f3b16cf/Monaco-Nantes-October-2-2022-Ligue-1,nan
FRA-Ligue 1,2223,Monaco,2022-10-09 Montpellier-Monaco,2022-10-09,13:00:00,Matchweek 10,Sun,Away,W,2,0,Montpellier,1.2,0.7,50,13048.0,Wissam Ben Yedder,4-4-2,4-2-3-1,Benoît Millot,/en/matches/1edc7eb2/Montpellier-Monaco-October-9-2022-Ligue-1,nan
FRA-Ligue 1,2223,Monaco,2022-10-16 Monaco-Clermont Foot,2022-10-16,17:05:00,Matchweek 11,Sun,Home,D,1,1,Clermont Foot,1.1,1.9,35,4731.0,Wissam Ben Yedder,4-4-2,3-4-1-2,Ruddy Buquet,/en/matches/5e7b10f8/Monaco-Clermont-Foot-October-16-2022-Ligue-1,nan
FRA-Ligue 1,2223,Monaco,2022-10-23 Lille-Monaco,2022-10-23,20:45:00,Matchweek 12,Sun,Away,L,3,4,Lille,1.1,2.5,41,35362.0,Wissam Ben Yedder,4-4-2,4-2-3-1,Willy Delajod,/en/matches/e49e31dd/Lille-Monaco-October-23-2022-Ligue-1,nan
FRA-Ligue 1,2223,Monaco,2022-10-30 Monaco-Angers,2022-10-30,15:00:00,Matchweek 13,Sun,Home,W,2,0,Angers,1.8,0.6,52,7069.0,Wissam Ben Yedder,3-4-1-2,5-3-2,Stéphanie Frappart,/en/matches/6d8a6a22/Monaco-Angers-October-30-2022-Ligue-1,nan
FRA-Ligue 1,2223,Monaco,2022-11-06 Toulouse-Monaco,2022-11-06,15:00:00,Matchweek 14,Sun,Away,W,2,0,Toulouse,2.4,0.7,52,23005.0,Axel Disasi,4-2-3-1,4-3-3,Benoît Millot,/en/matches/4c62ed91/Toulouse-Monaco-November-6-2022-Ligue-1,nan
FRA-Ligue 1,2223,Monaco,2022-11-13 Monaco-Marseille,2022-11-13,20:45:00,Matchweek 15,Sun,Home,L,2,3,Marseille,2.0,1.9,42,10631.0,Wissam Ben Yedder,4-2-3-1,3-4-3,Benoît Bastien,/en/matches/d1097736/Monaco-Marseille-November-13-2022-Ligue-1,nan
FRA-Ligue 1,2223,Monaco,2022-12-28 Auxerre-Monaco,2022-12-28,17:00:00,Matchweek 16,Wed,Away,W,3,2,Auxerre,1.3,1.3,62,16503.0,Wissam Ben Yedder,4-4-2,4-4-1-1,Marc Bollengier,/en/matches/d5b35d85/Auxerre-Monaco-December-28-2022-Ligue-1,nan
FRA-Ligue 1,2223,Monaco,2023-01-01 Monaco-Brest,2023-01-01,15:00:00,Matchweek 17,Sun,Home,W,1,0,Brest,1.4,0.8,51,6150.0,Axel Disasi,4-4-2,4-3-3,Jeremy Stinat,/en/matches/4cec22bb/Monaco-Brest-January-1-2023-Ligue-1,nan
FRA-Ligue 1,2223,Monaco,2023-01-11 Lorient-Monaco,2023-01-11,21:00:00,Matchweek 18,Wed,Away,D,2,2,Lorient,1.8,1.3,58,14521.0,Axel Disasi,4-2-2-2,4-2-3-1,Jérôme Brisard,/en/matches/a1b8e89a/Lorient-Monaco-January-11-2023-Ligue-1,nan
FRA-Ligue 1,2223,Monaco,2023-01-15 Monaco-Ajaccio,2023-01-15,17:05:00,Matchweek 19,Sun,Home,W,7,1,Ajaccio,3.7,0.3,65,8000.0,Wissam Ben Yedder,4-2-2-2,5-4-1,Ruddy Buquet,/en/matches/74dc1c48/Monaco-Ajaccio-January-15-2023-Ligue-1,nan
FRA-Ligue 1,2223,Monaco,2023-01-28 Marseille-Monaco,2023-01-28,21:00:00,Matchweek 20,Sat,Away,D,1,1,Marseille,1.5,1.6,39,64502.0,Wissam Ben Yedder,4-2-2-2,3-4-3,Jérémie Pignard,/en/matches/15d42ad7/Marseille-Monaco-January-28-2023-Ligue-1,nan
FRA-Ligue 1,2223,Monaco,2023-02-01 Monaco-Auxerre,2023-02-01,21:00:00,Matchweek 21,Wed,Home,W,3,2,Auxerre,1.2,1.4,44,3561.0,Wissam Ben Yedder,4-2-2-2,4-3-3,Eric Wattellier,/en/matches/7bb26754/Monaco-Auxerre-February-1-2023-Ligue-1,nan
FRA-Ligue 1,2223,Monaco,2023-02-05 Clermont Foot-Monaco,2023-02-05,13:00:00,Matchweek 22,Sun,Away,W,2,0,Clermont Foot,1.4,0.4,47,11598.0,Axel Disasi,4-2-3-1,3-4-3,Marc Bollengier,/en/matches/46fb274a/Clermont-Foot-Monaco-February-5-2023-Ligue-1,nan
FRA-Ligue 1,2223,Monaco,2023-02-11 Monaco-Paris S-G,2023-02-11,17:00:00,Matchweek 23,Sat,Home,W,3,1,Paris S-G,2.9,0.8,42,16500.0,Wissam Ben Yedder,4-2-2-2,3-5-2,Clément Turpin,/en/matches/72eb59cf/Monaco-Paris-Saint-Germain-February-11-2023-Ligue-1,nan
FRA-Ligue 1,2223,Monaco,2023-02-19 Brest-Monaco,2023-02-19,15:00:00,Matchweek 24,Sun,Away,W,2,1,Brest,1.5,0.9,52,13203.0,Wissam Ben Yedder,4-4-2,4-1-4-1,Hakim Ben El Hadj Salem,/en/matches/dc325f14/Brest-Monaco-February-19-2023-Ligue-1,nan
FRA-Ligue 1,2223,Monaco,2023-02-26 Monaco-Nice,2023-02-26,17:05:00,Matchweek 25,Sun,Home,L,0,3,Nice,1.0,2.3,56,9000.0,Axel Disasi,3-1-4-2,5-3-2,Benoît Bastien,/en/matches/e8389ab5/Monaco-Nice-February-26-2023-Ligue-1,nan
FRA-Ligue 1,2223,Monaco,2023-03-05 Troyes-Monaco,2023-03-05,13:00:00,Matchweek 26,Sun,Away,D,2,2,Troyes,3.0,0.9,61,9160.0,Wissam Ben Yedder,4-4-2,3-4-3,Stéphanie Frappart,/en/matches/ae83643a/Troyes-Monaco-March-5-2023-Ligue-1,nan
FRA-Ligue 1,2223,Monaco,2023-03-12 Monaco-Reims,2023-03-12,17:05:00,Matchweek 27,Sun,Home,L,0,1,Reims,0.9,1.9,49,5383.0,Wissam Ben Yedder,4-4-2,4-2-3-1,Thomas Léonard,/en/matches/65c9aaa1/Monaco-Reims-March-12-2023-Ligue-1,nan
FRA-Ligue 1,2223,Monaco,2023-03-19 Ajaccio-Monaco,2023-03-19,13:00:00,Matchweek 28,Sun,Away,W,2,0,Ajaccio,1.1,1.1,58,7198.0,Wissam Ben Yedder,4-4-2,4-4-2,Jeremy Stinat,/en/matches/9a21157d/Ajaccio-Monaco-March-19-2023-Ligue-1,nan
FRA-Ligue 1,2223,Monaco,2023-04-02 Monaco-Strasbourg,2023-04-02,17:05:00,Matchweek 29,Sun,Home,W,4,3,Strasbourg,1.4,1.5,50,5356.0,Wissam Ben Yedder,4-4-2,3-1-4-2,Willy Delajod,/en/matches/87a8aadf/Monaco-Strasbourg-April-2-2023-Ligue-1,nan
FRA-Ligue 1,2223,Monaco,2023-04-09 Nantes-Monaco,2023-04-09,17:05:00,Matchweek 30,Sun,Away,D,2,2,Nantes,1.3,1.1,51,30050.0,Wissam Ben Yedder,4-2-3-1,4-2-3-1,Clément Turpin,/en/matches/ac1324cc/Nantes-Monaco-April-9-2023-Ligue-1,nan
FRA-Ligue 1,2223,Monaco,2023-04-16 Monaco-Lorient,2023-04-16,17:05:00,Matchweek 31,Sun,Home,W,3,1,Lorient,1.9,1.1,47,6930.0,Wissam Ben Yedder,4-4-2,4-1-4-1,Bastien Dechepy,/en/matches/fbddfac1/Monaco-Lorient-April-16-2023-Ligue-1,nan
FRA-Ligue 1,2223,Monaco,2023-04-22 Lens-Monaco,2023-04-22,21:00:00,Matchweek 32,Sat,Away,L,0,3,Lens,1.6,2.3,38,38223.0,Wissam Ben Yedder,4-2-3-1,3-4-3,François Letexier,/en/matches/0095e758/Lens-Monaco-April-22-2023-Ligue-1,nan
FRA-Ligue 1,2223,Monaco,2023-04-30 Monaco-Montpellier,2023-04-30,13:00:00,Matchweek 33,Sun,Home,L,0,4,Montpellier,1.1,1.9,55,6069.0,Wissam Ben Yedder,4-4-2,4-2-3-1,Marc Bollengier,/en/matches/ae23a815/Monaco-Montpellier-April-30-2023-Ligue-1,nan
FRA-Ligue 1,2223,Monaco,2023-05-07 Angers-Monaco,2023-05-07,13:00:00,Matchweek 34,Sun,Away,W,2,1,Angers,2.1,1.0,40,9223.0,Axel Disasi,3-4-3,5-3-2,Jeremy Stinat,/en/matches/353a0635/Angers-Monaco-May-7-2023-Ligue-1,nan
FRA-Ligue 1,2223,Monaco,2023-05-14 Monaco-Lille,2023-05-14,17:05:00,Matchweek 35,Sun,Home,D,0,0,Lille,0.7,0.9,42,6805.0,Axel Disasi,4-2-3-1,4-2-3-1,Benoît Bastien,/en/matches/1609eed7/Monaco-Lille-May-14-2023-Ligue-1,nan
FRA-Ligue 1,2223,Monaco,2023-05-19 Lyon-Monaco,2023-05-19,21:00:00,Matchweek 36,Fri,Away,L,1,3,Lyon,1.8,2.1,38,53980.0,Wissam Ben Yedder,3-4-3,4-2-3-1,Benoît Millot,/en/matches/364d3262/Lyon-Monaco-May-19-2023-Ligue-1,nan
FRA-Ligue 1,2223,Monaco,2023-05-27 Rennes-Monaco,2023-05-27,21:00:00,Matchweek 37,Sat,Away,L,0,2,Rennes,0.5,1.3,43,28344.0,Wissam Ben Yedder,4-4-1-1,4-1-4-1,Clément Turpin,/en/matches/25f4ccfb/Rennes-Monaco-May-27-2023-Ligue-1,nan
FRA-Ligue 1,2223,Monaco,2023-06-03 Monaco-Toulouse,2023-06-03,21:00:00,Matchweek 38,Sat,Home,L,1,2,Toulouse,2.2,2.6,57,5670.0,Wissam Ben Yedder,4-2-3-1,5-4-1,Stéphanie Frappart,/en/matches/206cb494/Monaco-Toulouse-June-3-2023-Ligue-1,nan
FRA-Ligue 1,2223,Montpellier,2022-08-07 Montpellier-Troyes,2022-08-07,15:00:00,Matchweek 1,Sun,Home,W,3,2,Troyes,1.7,2.0,54,12003.0,Téji Savanier,4-2-3-1,5-4-1,Pierre Gaillouste,/en/matches/e3e9b9b5/Montpellier-Troyes-August-7-2022-Ligue-1,nan
FRA-Ligue 1,2223,Montpellier,2022-08-13 Paris S-G-Montpellier,2022-08-13,21:00:00,Matchweek 2,Sat,Away,L,2,5,Paris S-G,0.9,3.2,41,46000.0,Téji Savanier,4-1-4-1,3-4-1-2,Willy Delajod,/en/matches/63a572a1/Paris-Saint-Germain-Montpellier-August-13-2022-Ligue-1,nan
FRA-Ligue 1,2223,Montpellier,2022-08-21 Montpellier-Auxerre,2022-08-21,15:00:00,Matchweek 3,Sun,Home,L,1,2,Auxerre,1.0,1.3,64,13137.0,Téji Savanier,4-1-4-1,4-1-4-1,Mathieu Vernice,/en/matches/05d493df/Montpellier-Auxerre-August-21-2022-Ligue-1,nan
FRA-Ligue 1,2223,Montpellier,2022-08-28 Brest-Montpellier,2022-08-28,15:00:00,Matchweek 4,Sun,Away,W,7,0,Brest,2.5,0.3,48,11546.0,Jordan Ferri,4-2-3-1,4-3-3,Marc Bollengier,/en/matches/1c7d2241/Brest-Montpellier-August-28-2022-Ligue-1,nan
FRA-Ligue 1,2223,Montpellier,2022-08-31 Montpellier-Ajaccio,2022-08-31,19:00:00,Matchweek 5,Wed,Home,W,2,0,Ajaccio,1.7,1.2,38,10051.0,Jordan Ferri,4-2-3-1,4-4-2,Bastien Dechepy,/en/matches/f80ee3a3/Montpellier-Ajaccio-August-31-2022-Ligue-1,nan
FRA-Ligue 1,2223,Montpellier,2022-09-04 Montpellier-Lille,2022-09-04,13:00:00,Matchweek 6,Sun,Home,L,1,3,Lille,0.5,1.6,25,12215.0,Jordan Ferri,4-3-2-1,4-2-3-1,Jérôme Brisard,/en/matches/d61a03a9/Montpellier-Lille-September-4-2022-Ligue-1,nan
FRA-Ligue 1,2223,Montpellier,2022-09-11 Angers-Montpellier,2022-09-11,15:00:00,Matchweek 7,Sun,Away,L,1,2,Angers,0.7,2.5,55,6165.0,Téji Savanier,4-2-3-1,4-2-3-1,François Letexier,/en/matches/37884357/Angers-Montpellier-September-11-2022-Ligue-1,nan
FRA-Ligue 1,2223,Montpellier,2022-09-17 Montpellier-Strasbourg,2022-09-17,17:00:00,Matchweek 8,Sat,Home,W,2,1,Strasbourg,1.8,0.6,50,10780.0,Téji Savanier,4-2-3-1,3-5-2,Jeremy Stinat,/en/matches/ea79c10f/Montpellier-Strasbourg-September-17-2022-Ligue-1,nan
FRA-Ligue 1,2223,Montpellier,2022-10-02 Toulouse-Montpellier,2022-10-02,15:00:00,Matchweek 9,Sun,Away,L,2,4,Toulouse,1.2,1.7,57,21820.0,Téji Savanier,4-2-3-1,4-3-3,Jérémie Pignard,/en/matches/b53830d8/Toulouse-Montpellier-October-2-2022-Ligue-1,nan
FRA-Ligue 1,2223,Montpellier,2022-10-09 Montpellier-Monaco,2022-10-09,13:00:00,Matchweek 10,Sun,Home,L,0,2,Monaco,0.7,1.2,50,13048.0,Téji Savanier,4-2-3-1,4-4-2,Benoît Millot,/en/matches/1edc7eb2/Montpellier-Monaco-October-9-2022-Ligue-1,nan
FRA-Ligue 1,2223,Montpellier,2022-10-15 Lens-Montpellier,2022-10-15,21:00:00,Matchweek 11,Sat,Away,L,0,1,Lens,0.7,1.8,35,37320.0,Téji Savanier,4-2-3-1,3-4-3,Hakim Ben El Hadj Salem,/en/matches/7e2d7c1e/Lens-Montpellier-October-15-2022-Ligue-1,nan
FRA-Ligue 1,2223,Montpellier,2022-10-22 Montpellier-Lyon,2022-10-22,17:00:00,Matchweek 12,Sat,Home,L,1,2,Lyon,1.1,2.7,38,15339.0,Téji Savanier,4-2-3-1,3-4-1-2,Thomas Léonard,/en/matches/cc602d55/Montpellier-Lyon-October-22-2022-Ligue-1,nan
FRA-Ligue 1,2223,Montpellier,2022-10-30 Rennes-Montpellier,2022-10-30,15:00:00,Matchweek 13,Sun,Away,L,0,3,Rennes,0.9,1.2,45,26617.0,Téji Savanier,5-3-2,4-4-2,Bastien Dechepy,/en/matches/5a0894db/Rennes-Montpellier-October-30-2022-Ligue-1,nan
FRA-Ligue 1,2223,Montpellier,2022-11-06 Clermont Foot-Montpellier,2022-11-06,15:00:00,Matchweek 14,Sun,Away,D,1,1,Clermont Foot,1.2,3.4,46,10990.0,Téji Savanier,5-3-2,3-4-1-2,Marc Bollengier,/en/matches/ce3a7987/Clermont-Foot-Montpellier-November-6-2022-Ligue-1,nan
FRA-Ligue 1,2223,Montpellier,2022-11-13 Montpellier-Reims,2022-11-13,15:00:00,Matchweek 15,Sun,Home,D,1,1,Reims,1.7,2.1,49,11778.0,Téji Savanier,5-3-2,4-2-3-1,Florent Batta,/en/matches/7927c5f9/Montpellier-Reims-November-13-2022-Ligue-1,nan
FRA-Ligue 1,2223,Montpellier,2022-12-29 Lorient-Montpellier,2022-12-29,17:00:00,Matchweek 16,Thu,Away,W,2,0,Lorient,1.7,1.0,52,15963.0,Téji Savanier,4-2-3-1,4-2-3-1,Willy Delajod,/en/matches/3f005cc1/Lorient-Montpellier-December-29-2022-Ligue-1,nan
FRA-Ligue 1,2223,Montpellier,2023-01-02 Montpellier-Marseille,2023-01-02,19:00:00,Matchweek 17,Mon,Home,L,1,2,Marseille,1.4,1.4,41,18971.0,Téji Savanier,4-2-3-1,3-4-3,Ruddy Buquet,/en/matches/1083eac4/Montpellier-Marseille-January-2-2023-Ligue-1,nan
FRA-Ligue 1,2223,Montpellier,2023-01-11 Nice-Montpellier,2023-01-11,21:00:00,Matchweek 18,Wed,Away,L,1,6,Nice,0.2,2.5,42,17500.0,Téji Savanier,4-2-3-1,4-2-3-1,Bastien Dechepy,/en/matches/45abc300/Nice-Montpellier-January-11-2023-Ligue-1,nan
FRA-Ligue 1,2223,Montpellier,2023-01-15 Montpellier-Nantes,2023-01-15,15:00:00,Matchweek 19,Sun,Home,L,0,3,Nantes,0.9,0.6,47,10947.0,Téji Savanier,4-2-3-1,5-3-2,Thomas Léonard,/en/matches/5bf93a40/Montpellier-Nantes-January-15-2023-Ligue-1,nan
FRA-Ligue 1,2223,Montpellier,2023-01-29 Auxerre-Montpellier,2023-01-29,15:00:00,Matchweek 20,Sun,Away,W,2,0,Auxerre,0.7,1.8,42,14206.0,Téji Savanier,4-2-3-1,4-3-3,Jeremy Stinat,/en/matches/73d5a2c8/Auxerre-Montpellier-January-29-2023-Ligue-1,nan
FRA-Ligue 1,2223,Montpellier,2023-02-01 Montpellier-Paris S-G,2023-02-01,21:00:00,Matchweek 21,Wed,Home,L,1,3,Paris S-G,0.5,4.4,34,17454.0,Téji Savanier,3-5-2,4-1-3-2,Jérémie Pignard,/en/matches/8fea202b/Montpellier-Paris-Saint-Germain-February-1-2023-Ligue-1,nan
FRA-Ligue 1,2223,Montpellier,2023-02-05 Strasbourg-Montpellier,2023-02-05,15:00:00,Matchweek 22,Sun,Away,L,0,2,Strasbourg,0.9,0.9,67,25028.0,Jordan Ferri,4-3-3,5-4-1,Stéphanie Frappart,/en/matches/1b074cd2/Strasbourg-Montpellier-February-5-2023-Ligue-1,nan
FRA-Ligue 1,2223,Montpellier,2023-02-12 Montpellier-Brest,2023-02-12,15:00:00,Matchweek 23,Sun,Home,W,3,0,Brest,2.5,0.8,44,12901.0,Téji Savanier,4-2-3-1,4-1-4-1,Florent Batta,/en/matches/90388019/Montpellier-Brest-February-12-2023-Ligue-1,nan
FRA-Ligue 1,2223,Montpellier,2023-02-19 Troyes-Montpellier,2023-02-19,15:00:00,Matchweek 24,Sun,Away,W,1,0,Troyes,1.6,0.1,49,7745.0,Téji Savanier,4-2-3-1,3-4-3,Benoît Bastien,/en/matches/27b0ea20/Troyes-Montpellier-February-19-2023-Ligue-1,nan
FRA-Ligue 1,2223,Montpellier,2023-02-25 Montpellier-Lens,2023-02-25,21:00:00,Matchweek 25,Sat,Home,D,1,1,Lens,0.6,1.9,39,17074.0,Jordan Ferri,3-4-3,3-4-3,Jérôme Brisard,/en/matches/c423b431/Montpellier-Lens-February-25-2023-Ligue-1,nan
FRA-Ligue 1,2223,Montpellier,2023-03-05 Montpellier-Angers,2023-03-05,15:00:00,Matchweek 26,Sun,Home,W,5,0,Angers,2.9,0.9,60,11664.0,Téji Savanier,4-2-3-1,4-3-3,Benoît Millot,/en/matches/05267653/Montpellier-Angers-March-5-2023-Ligue-1,nan
FRA-Ligue 1,2223,Montpellier,2023-03-12 Ajaccio-Montpellier,2023-03-12,15:00:00,Matchweek 27,Sun,Away,W,1,0,Ajaccio,1.0,0.2,52,6889.0,Téji Savanier,4-2-3-1,4-4-2,Hakim Ben El Hadj Salem,/en/matches/4d877fad/Ajaccio-Montpellier-March-12-2023-Ligue-1,nan
FRA-Ligue 1,2223,Montpellier,2023-03-19 Montpellier-Clermont Foot,2023-03-19,15:00:00,Matchweek 28,Sun,Home,W,2,1,Clermont Foot,3.3,1.8,56,13166.0,Téji Savanier,4-2-3-1,3-4-3,Pierre Gaillouste,/en/matches/fa420272/Montpellier-Clermont-Foot-March-19-2023-Ligue-1,nan
FRA-Ligue 1,2223,Montpellier,2023-03-31 Marseille-Montpellier,2023-03-31,21:00:00,Matchweek 29,Fri,Away,D,1,1,Marseille,0.9,1.3,32,58231.0,Téji Savanier,4-2-3-1,3-4-3,Thomas Léonard,/en/matches/0dd080e8/Marseille-Montpellier-March-31-2023-Ligue-1,nan
FRA-Ligue 1,2223,Montpellier,2023-04-09 Montpellier-Toulouse,2023-04-09,15:00:00,Matchweek 30,Sun,Home,L,1,2,Toulouse,1.9,2.1,51,17283.0,Téji Savanier,4-2-3-1,4-2-3-1,Florent Batta,/en/matches/444918ba/Montpellier-Toulouse-April-9-2023-Ligue-1,nan
FRA-Ligue 1,2223,Montpellier,2023-04-16 Lille-Montpellier,2023-04-16,13:00:00,Matchweek 31,Sun,Away,L,1,2,Lille,0.4,2.1,32,34200.0,Téji Savanier,4-2-3-1,4-2-3-1,Jérôme Brisard,/en/matches/bb2cf3ad/Lille-Montpellier-April-16-2023-Ligue-1,nan
FRA-Ligue 1,2223,Montpellier,2023-04-23 Montpellier-Rennes,2023-04-23,17:05:00,Matchweek 32,Sun,Home,W,1,0,Rennes,0.9,1.1,31,15537.0,Téji Savanier,4-2-3-1,4-1-4-1,Ruddy Buquet,/en/matches/f605cc42/Montpellier-Rennes-April-23-2023-Ligue-1,nan
FRA-Ligue 1,2223,Montpellier,2023-04-30 Monaco-Montpellier,2023-04-30,13:00:00,Matchweek 33,Sun,Away,W,4,0,Monaco,1.9,1.1,45,6069.0,Jordan Ferri,4-2-3-1,4-4-2,Marc Bollengier,/en/matches/ae23a815/Monaco-Montpellier-April-30-2023-Ligue-1,nan
FRA-Ligue 1,2223,Montpellier,2023-05-07 Lyon-Montpellier,2023-05-07,17:05:00,Matchweek 34,Sun,Away,L,4,5,Lyon,1.8,2.9,31,49531.0,Jordan Ferri,4-2-3-1,4-2-3-1,Bastien Dechepy,/en/matches/f3f1adae/Lyon-Montpellier-May-7-2023-Ligue-1,nan
FRA-Ligue 1,2223,Montpellier,2023-05-14 Montpellier-Lorient,2023-05-14,15:00:00,Matchweek 35,Sun,Home,D,1,1,Lorient,1.6,0.6,43,12595.0,Jordan Ferri,4-3-3,3-4-3,Mathieu Vernice,/en/matches/1df43c24/Montpellier-Lorient-May-14-2023-Ligue-1,nan
FRA-Ligue 1,2223,Montpellier,2023-05-20 Nantes-Montpellier,2023-05-20,17:00:00,Matchweek 36,Sat,Away,W,3,0,Nantes,1.8,0.9,56,30170.0,Téji Savanier,4-2-3-1,3-4-3,Ruddy Buquet,/en/matches/1ed26dbe/Nantes-Montpellier-May-20-2023-Ligue-1,nan
FRA-Ligue 1,2223,Montpellier,2023-05-27 Montpellier-Nice,2023-05-27,21:00:00,Matchweek 37,Sat,Home,L,2,3,Nice,2.3,3.4,47,16340.0,Téji Savanier,4-2-3-1,4-3-3,Benoît Millot,/en/matches/7d2f2a67/Montpellier-Nice-May-27-2023-Ligue-1,nan
FRA-Ligue 1,2223,Montpellier,2023-06-03 Reims-Montpellier,2023-06-03,21:00:00,Matchweek 38,Sat,Away,W,3,1,Reims,2.3,1.5,51,15036.0,Téji Savanier,4-2-3-1,4-2-3-1,Pierre Gaillouste,/en/matches/3dc2cde4/Reims-Montpellier-June-3-2023-Ligue-1,nan
FRA-Ligue 1,2223,Nantes,2022-08-07 Angers-Nantes,2022-08-07,15:00:00,Matchweek 1,Sun,Away,D,0,0,Angers,1.5,1.5,51,12000.0,Alban Lafont,3-4-1-2,4-2-3-1,Hakim Ben El Hadj Salem,/en/matches/136d5cbe/Angers-Nantes-August-7-2022-Ligue-1,nan
FRA-Ligue 1,2223,Nantes,2022-08-12 Nantes-Lille,2022-08-12,21:00:00,Matchweek 2,Fri,Home,D,1,1,Lille,1.0,2.0,31,30689.0,Alban Lafont,3-5-2,4-2-3-1,Bastien Dechepy,/en/matches/00173ae0/Nantes-Lille-August-12-2022-Ligue-1,nan
FRA-Ligue 1,2223,Nantes,2022-08-20 Marseille-Nantes,2022-08-20,21:00:00,Matchweek 3,Sat,Away,L,1,2,Marseille,2.2,1.1,44,63147.0,Alban Lafont,5-4-1,3-4-3,Jérémie Pignard,/en/matches/44e18f81/Marseille-Nantes-August-20-2022-Ligue-1,nan
FRA-Ligue 1,2223,Nantes,2022-08-28 Nantes-Toulouse,2022-08-28,13:00:00,Matchweek 4,Sun,Home,W,3,1,Toulouse,1.5,0.6,50,26574.0,Alban Lafont,4-3-3,4-2-3-1,Mathieu Vernice,/en/matches/211a8d64/Nantes-Toulouse-August-28-2022-Ligue-1,nan
FRA-Ligue 1,2223,Nantes,2022-08-31 Strasbourg-Nantes,2022-08-31,19:00:00,Matchweek 5,Wed,Away,D,1,1,Strasbourg,1.2,0.4,54,25162.0,Alban Lafont,4-2-3-1,3-5-2,Clément Turpin,/en/matches/6a2fc46c/Strasbourg-Nantes-August-31-2022-Ligue-1,nan
FRA-Ligue 1,2223,Nantes,2022-09-03 Nantes-Paris S-G,2022-09-03,21:00:00,Matchweek 6,Sat,Home,L,0,3,Paris S-G,0.4,2.7,40,34406.0,Alban Lafont,3-4-3,3-4-3,Pierre Gaillouste,/en/matches/368a55f1/Nantes-Paris-Saint-Germain-September-3-2022-Ligue-1,nan
FRA-Ligue 1,2223,Nantes,2022-09-11 Lorient-Nantes,2022-09-11,15:00:00,Matchweek 7,Sun,Away,L,2,3,Lorient,0.5,1.3,52,15081.0,Alban Lafont,4-3-3,4-2-3-1,Johan Hamel,/en/matches/782c4dff/Lorient-Nantes-September-11-2022-Ligue-1,nan
FRA-Ligue 1,2223,Nantes,2022-09-18 Nantes-Lens,2022-09-18,17:05:00,Matchweek 8,Sun,Home,D,0,0,Lens,0.9,0.9,42,28854.0,Alban Lafont,3-4-3,3-4-3,Willy Delajod,/en/matches/7f6d507f/Nantes-Lens-September-18-2022-Ligue-1,nan
FRA-Ligue 1,2223,Nantes,2022-10-02 Monaco-Nantes,2022-10-02,17:05:00,Matchweek 9,Sun,Away,L,1,4,Monaco,0.5,2.1,51,5202.0,Alban Lafont,5-4-1,4-4-2,Thomas Léonard,/en/matches/3f3b16cf/Monaco-Nantes-October-2-2022-Ligue-1,nan
FRA-Ligue 1,2223,Nantes,2022-10-09 Rennes-Nantes,2022-10-09,17:05:00,Matchweek 10,Sun,Away,L,0,3,Rennes,0.5,1.8,43,27844.0,Alban Lafont,4-2-3-1,4-4-2,Florent Batta,/en/matches/c2be4bef/Rennes-Nantes-October-9-2022-Ligue-1,nan
FRA-Ligue 1,2223,Nantes,2022-10-16 Nantes-Brest,2022-10-16,15:00:00,Matchweek 11,Sun,Home,W,4,1,Brest,2.9,0.7,54,25759.0,Alban Lafont,4-2-3-1,4-2-3-1,Marc Bollengier,/en/matches/d8787f23/Nantes-Brest-October-16-2022-Ligue-1,nan
FRA-Ligue 1,2223,Nantes,2022-10-23 Nice-Nantes,2022-10-23,17:05:00,Matchweek 12,Sun,Away,D,1,1,Nice,1.0,1.4,34,20166.0,Alban Lafont,4-2-3-1,3-4-3,François Letexier,/en/matches/034ab90e/Nice-Nantes-October-23-2022-Ligue-1,nan
FRA-Ligue 1,2223,Nantes,2022-10-30 Nantes-Clermont Foot,2022-10-30,15:00:00,Matchweek 13,Sun,Home,D,1,1,Clermont Foot,1.7,0.7,55,30894.0,Ludovic Blas,4-2-3-1,3-4-3,Benoît Bastien,/en/matches/d73b5aa4/Nantes-Clermont-Foot-October-30-2022-Ligue-1,nan
FRA-Ligue 1,2223,Nantes,2022-11-06 Reims-Nantes,2022-11-06,15:00:00,Matchweek 14,Sun,Away,L,0,1,Reims,0.7,2.8,43,11477.0,Alban Lafont,4-1-4-1,4-2-3-1,Ruddy Buquet,/en/matches/b3aecb40/Reims-Nantes-November-6-2022-Ligue-1,nan
FRA-Ligue 1,2223,Nantes,2022-11-13 Nantes-Ajaccio,2022-11-13,15:00:00,Matchweek 15,Sun,Home,D,2,2,Ajaccio,1.1,2.5,53,29407.0,Alban Lafont,4-2-3-1,4-4-2,Jérémie Pignard,/en/matches/e2a7c160/Nantes-Ajaccio-November-13-2022-Ligue-1,nan
FRA-Ligue 1,2223,Nantes,2022-12-28 Troyes-Nantes,2022-12-28,15:00:00,Matchweek 16,Wed,Away,D,0,0,Troyes,1.5,0.2,44,9043.0,Alban Lafont,4-1-4-1,4-2-3-1,Stéphanie Frappart,/en/matches/8501cd5a/Troyes-Nantes-December-28-2022-Ligue-1,nan
FRA-Ligue 1,2223,Nantes,2023-01-01 Nantes-Auxerre,2023-01-01,15:00:00,Matchweek 17,Sun,Home,W,1,0,Auxerre,1.0,0.8,50,23266.0,Alban Lafont,4-4-2,4-4-1-1,Benoît Bastien,/en/matches/eb1f454d/Nantes-Auxerre-January-1-2023-Ligue-1,nan
FRA-Ligue 1,2223,Nantes,2023-01-11 Nantes-Lyon,2023-01-11,19:00:00,Matchweek 18,Wed,Home,D,0,0,Lyon,1.1,0.5,40,27657.0,Alban Lafont,4-4-2,4-3-3,Marc Bollengier,/en/matches/b34687b5/Nantes-Lyon-January-11-2023-Ligue-1,nan
FRA-Ligue 1,2223,Nantes,2023-01-15 Montpellier-Nantes,2023-01-15,15:00:00,Matchweek 19,Sun,Away,W,3,0,Montpellier,0.6,0.9,53,10947.0,Alban Lafont,5-3-2,4-2-3-1,Thomas Léonard,/en/matches/5bf93a40/Montpellier-Nantes-January-15-2023-Ligue-1,nan
FRA-Ligue 1,2223,Nantes,2023-01-29 Clermont Foot-Nantes,2023-01-29,15:00:00,Matchweek 20,Sun,Away,D,0,0,Clermont Foot,0.1,0.7,41,11015.0,Alban Lafont,4-5-1,3-4-3,Florent Batta,/en/matches/524e5116/Clermont-Foot-Nantes-January-29-2023-Ligue-1,nan
FRA-Ligue 1,2223,Nantes,2023-02-01 Nantes-Marseille,2023-02-01,19:00:00,Matchweek 21,Wed,Home,L,0,2,Marseille,1.2,1.7,41,34125.0,Alban Lafont,4-2-3-1,3-4-3,Willy Delajod,/en/matches/4bca4e32/Nantes-Marseille-February-1-2023-Ligue-1,nan
FRA-Ligue 1,2223,Nantes,2023-02-05 Ajaccio-Nantes,2023-02-05,15:00:00,Matchweek 22,Sun,Away,W,2,0,Ajaccio,1.2,0.3,57,6908.0,Alban Lafont,4-2-3-1,4-4-2,Ruddy Buquet,/en/matches/1d0998d1/Ajaccio-Nantes-February-5-2023-Ligue-1,nan
FRA-Ligue 1,2223,Nantes,2023-02-12 Nantes-Lorient,2023-02-12,17:05:00,Matchweek 23,Sun,Home,W,1,0,Lorient,1.0,1.1,49,33579.0,Alban Lafont,4-2-3-1,4-2-3-1,Mathieu Vernice,/en/matches/f9f4ca12/Nantes-Lorient-February-12-2023-Ligue-1,nan
FRA-Ligue 1,2223,Nantes,2023-02-19 Lens-Nantes,2023-02-19,17:05:00,Matchweek 24,Sun,Away,L,1,3,Lens,0.3,2.4,43,37984.0,Alban Lafont,3-4-1-2,3-4-3,Pierre Gaillouste,/en/matches/09d42df5/Lens-Nantes-February-19-2023-Ligue-1,nan
FRA-Ligue 1,2223,Nantes,2023-02-26 Nantes-Rennes,2023-02-26,15:00:00,Matchweek 25,Sun,Home,L,0,1,Rennes,2.6,1.1,56,34467.0,Alban Lafont,4-3-3,4-3-3,Jérémie Pignard,/en/matches/faf5f698/Nantes-Rennes-February-26-2023-Ligue-1,nan
FRA-Ligue 1,2223,Nantes,2023-03-04 Paris S-G-Nantes,2023-03-04,21:00:00,Matchweek 26,Sat,Away,L,2,4,Paris S-G,0.4,1.4,33,47926.0,Alban Lafont,5-3-2,3-5-2,Jeremy Stinat,/en/matches/322f46e4/Paris-Saint-Germain-Nantes-March-4-2023-Ligue-1,nan
FRA-Ligue 1,2223,Nantes,2023-03-12 Nantes-Nice,2023-03-12,15:00:00,Matchweek 27,Sun,Home,D,2,2,Nice,1.6,1.2,45,33568.0,Alban Lafont,4-2-3-1,3-4-3,Willy Delajod,/en/matches/6f639a55/Nantes-Nice-March-12-2023-Ligue-1,nan
FRA-Ligue 1,2223,Nantes,2023-03-17 Lyon-Nantes,2023-03-17,21:00:00,Matchweek 28,Fri,Away,D,1,1,Lyon,1.7,1.4,34,38880.0,Alban Lafont,4-2-3-1,4-3-3,Benoît Millot,/en/matches/e42d16ce/Lyon-Nantes-March-17-2023-Ligue-1,nan
FRA-Ligue 1,2223,Nantes,2023-04-02 Nantes-Reims,2023-04-02,15:00:00,Matchweek 29,Sun,Home,L,0,3,Reims,1.3,2.2,48,26285.0,Alban Lafont,4-1-4-1,4-2-3-1,Marc Bollengier,/en/matches/766e9598/Nantes-Reims-April-2-2023-Ligue-1,nan
FRA-Ligue 1,2223,Nantes,2023-04-09 Nantes-Monaco,2023-04-09,17:05:00,Matchweek 30,Sun,Home,D,2,2,Monaco,1.1,1.3,49,30050.0,Alban Lafont,4-2-3-1,4-2-3-1,Clément Turpin,/en/matches/ac1324cc/Nantes-Monaco-April-9-2023-Ligue-1,nan
FRA-Ligue 1,2223,Nantes,2023-04-16 Auxerre-Nantes,2023-04-16,15:00:00,Matchweek 31,Sun,Away,L,1,2,Auxerre,0.9,2.6,69,15714.0,Alban Lafont,4-1-4-1,3-4-3,Eric Wattellier,/en/matches/35b40c4d/Auxerre-Nantes-April-16-2023-Ligue-1,nan
FRA-Ligue 1,2223,Nantes,2023-04-23 Nantes-Troyes,2023-04-23,15:00:00,Matchweek 32,Sun,Home,D,2,2,Troyes,1.7,1.8,53,34082.0,Alban Lafont,4-4-2,3-4-3,Jérémie Pignard,/en/matches/1bc2b939/Nantes-Troyes-April-23-2023-Ligue-1,nan
FRA-Ligue 1,2223,Nantes,2023-05-03 Brest-Nantes,2023-05-03,21:00:00,Matchweek 33,Wed,Away,L,0,2,Brest,1.0,0.6,47,14470.0,Alban Lafont,4-2-3-1,4-1-4-1,Willy Delajod,/en/matches/1063973e/Brest-Nantes-May-3-2023-Ligue-1,nan
FRA-Ligue 1,2223,Nantes,2023-05-07 Nantes-Strasbourg,2023-05-07,15:00:00,Matchweek 34,Sun,Home,L,0,2,Strasbourg,0.8,2.2,54,28563.0,Alban Lafont,3-4-1-2,3-4-3,Benoît Bastien,/en/matches/8411b267/Nantes-Strasbourg-May-7-2023-Ligue-1,nan
FRA-Ligue 1,2223,Nantes,2023-05-14 Toulouse-Nantes,2023-05-14,15:00:00,Matchweek 35,Sun,Away,D,0,0,Toulouse,1.0,1.3,29,27033.0,Samuel Moutoussamy,3-4-1-2,4-2-3-1,Jérôme Brisard,/en/matches/52ee44a2/Toulouse-Nantes-May-14-2023-Ligue-1,nan
FRA-Ligue 1,2223,Nantes,2023-05-20 Nantes-Montpellier,2023-05-20,17:00:00,Matchweek 36,Sat,Home,L,0,3,Montpellier,0.9,1.8,44,30170.0,Samuel Moutoussamy,3-4-3,4-2-3-1,Ruddy Buquet,/en/matches/1ed26dbe/Nantes-Montpellier-May-20-2023-Ligue-1,nan
FRA-Ligue 1,2223,Nantes,2023-05-27 Lille-Nantes,2023-05-27,21:00:00,Matchweek 37,Sat,Away,L,1,2,Lille,1.0,2.1,35,41136.0,Samuel Moutoussamy,4-3-3,4-2-3-1,Eric Wattellier,/en/matches/1b4970df/Lille-Nantes-May-27-2023-Ligue-1,nan
FRA-Ligue 1,2223,Nantes,2023-06-03 Nantes-Angers,2023-06-03,21:00:00,Matchweek 38,Sat,Home,W,1,0,Angers,1.1,0.3,34,27650.0,Samuel Moutoussamy,4-2-3-1,5-3-2,Clément Turpin,/en/matches/54a0b007/Nantes-Angers-June-3-2023-Ligue-1,nan
FRA-Ligue 1,2223,Nice,2022-08-07 Toulouse-Nice,2022-08-07,13:00:00,Matchweek 1,Sun,Away,D,1,1,Toulouse,1.2,0.9,54,20567.0,Dante,4-3-3,4-2-3-1,Johan Hamel,/en/matches/8f2f241b/Toulouse-Nice-August-7-2022-Ligue-1,nan
FRA-Ligue 1,2223,Nice,2022-08-14 Nice-Strasbourg,2022-08-14,17:05:00,Matchweek 2,Sun,Home,D,1,1,Strasbourg,1.6,0.9,55,24707.0,Dante,4-2-3-1,3-5-2,Hakim Ben El Hadj Salem,/en/matches/d1bb8afd/Nice-Strasbourg-August-14-2022-Ligue-1,nan
FRA-Ligue 1,2223,Nice,2022-08-21 Clermont Foot-Nice,2022-08-21,15:00:00,Matchweek 3,Sun,Away,L,0,1,Clermont Foot,1.4,0.7,52,11500.0,Dante,4-2-3-1,4-2-3-1,Thomas Léonard,/en/matches/197f9381/Clermont-Foot-Nice-August-21-2022-Ligue-1,nan
FRA-Ligue 1,2223,Nice,2022-08-28 Nice-Marseille,2022-08-28,15:00:00,Matchweek 4,Sun,Home,L,0,3,Marseille,1.0,1.4,49,31418.0,Dante,4-2-3-1,3-4-3,François Letexier,/en/matches/89258f8f/Nice-Marseille-August-28-2022-Ligue-1,nan
FRA-Ligue 1,2223,Nice,2022-08-31 Lille-Nice,2022-08-31,21:00:00,Matchweek 5,Wed,Away,W,2,1,Lille,1.6,0.9,38,30254.0,Dante,3-5-2,4-2-3-1,Jeremy Stinat,/en/matches/6f55425d/Lille-Nice-August-31-2022-Ligue-1,nan
FRA-Ligue 1,2223,Nice,2022-09-04 Nice-Monaco,2022-09-04,20:45:00,Matchweek 6,Sun,Home,L,0,1,Monaco,0.7,1.1,52,24125.0,Dante,3-4-3,3-4-3,Benoît Millot,/en/matches/cd865a2a/Nice-Monaco-September-4-2022-Ligue-1,nan
FRA-Ligue 1,2223,Nice,2022-09-11 Ajaccio-Nice,2022-09-11,15:00:00,Matchweek 7,Sun,Away,W,1,0,Ajaccio,1.2,1.2,55,7068.0,Dante,4-4-2,4-4-2,Eric Wattellier,/en/matches/e7c831c2/Ajaccio-Nice-September-11-2022-Ligue-1,nan
FRA-Ligue 1,2223,Nice,2022-09-18 Nice-Angers,2022-09-18,15:00:00,Matchweek 8,Sun,Home,L,0,1,Angers,1.3,1.5,50,18545.0,Dante,4-4-2,4-2-3-1,Bastien Dechepy,/en/matches/58f908b1/Nice-Angers-September-18-2022-Ligue-1,nan
FRA-Ligue 1,2223,Nice,2022-10-01 Paris S-G-Nice,2022-10-01,21:00:00,Matchweek 9,Sat,Away,L,1,2,Paris S-G,0.5,1.0,43,47000.0,Dante,5-4-1,3-4-3,Jérôme Brisard,/en/matches/36ac65e1/Paris-Saint-Germain-Nice-October-1-2022-Ligue-1,nan
FRA-Ligue 1,2223,Nice,2022-10-09 Nice-Troyes,2022-10-09,15:00:00,Matchweek 10,Sun,Home,W,3,2,Troyes,2.6,1.5,61,18053.0,Dante,3-4-3,5-4-1,Johan Hamel,/en/matches/d77bb56e/Nice-Troyes-October-9-2022-Ligue-1,nan
FRA-Ligue 1,2223,Nice,2022-10-16 Auxerre-Nice,2022-10-16,15:00:00,Matchweek 11,Sun,Away,D,1,1,Auxerre,1.6,0.8,55,14125.0,Mario Lemina,3-5-2,4-2-3-1,Eric Wattellier,/en/matches/a9ffc8fd/Auxerre-Nice-October-16-2022-Ligue-1,nan
FRA-Ligue 1,2223,Nice,2022-10-23 Nice-Nantes,2022-10-23,17:05:00,Matchweek 12,Sun,Home,D,1,1,Nantes,1.4,1.0,66,20166.0,Dante,3-4-3,4-2-3-1,François Letexier,/en/matches/034ab90e/Nice-Nantes-October-23-2022-Ligue-1,nan
FRA-Ligue 1,2223,Nice,2022-10-30 Lorient-Nice,2022-10-30,17:05:00,Matchweek 13,Sun,Away,W,2,1,Lorient,1.8,1.8,56,16034.0,Dante,4-4-2,4-1-4-1,Clément Turpin,/en/matches/b3909991/Lorient-Nice-October-30-2022-Ligue-1,nan
FRA-Ligue 1,2223,Nice,2022-11-06 Nice-Brest,2022-11-06,15:00:00,Matchweek 14,Sun,Home,W,1,0,Brest,1.1,1.1,56,19035.0,Dante,4-4-2,4-3-3,Jeremy Stinat,/en/matches/cbe2fdcb/Nice-Brest-November-6-2022-Ligue-1,nan
FRA-Ligue 1,2223,Nice,2022-11-11 Lyon-Nice,2022-11-11,21:00:00,Matchweek 15,Fri,Away,D,1,1,Lyon,1.6,1.3,37,57000.0,Dante,4-4-2,4-3-3,Eric Wattellier,/en/matches/e805986b/Lyon-Nice-November-11-2022-Ligue-1,nan
FRA-Ligue 1,2223,Nice,2022-12-29 Nice-Lens,2022-12-29,21:00:00,Matchweek 16,Thu,Home,D,0,0,Lens,1.0,1.0,41,24672.0,Dante,3-4-3,3-4-3,Benoît Millot,/en/matches/9c606d65/Nice-Lens-December-29-2022-Ligue-1,nan
FRA-Ligue 1,2223,Nice,2023-01-02 Rennes-Nice,2023-01-02,21:00:00,Matchweek 17,Mon,Away,L,1,2,Rennes,0.4,1.9,38,27427.0,Dante,3-4-3,4-4-2,Thomas Léonard,/en/matches/4d3e283f/Rennes-Nice-January-2-2023-Ligue-1,nan
FRA-Ligue 1,2223,Nice,2023-01-11 Nice-Montpellier,2023-01-11,21:00:00,Matchweek 18,Wed,Home,W,6,1,Montpellier,2.5,0.2,58,17500.0,Dante,4-2-3-1,4-2-3-1,Bastien Dechepy,/en/matches/45abc300/Nice-Montpellier-January-11-2023-Ligue-1,nan
FRA-Ligue 1,2223,Nice,2023-01-15 Reims-Nice,2023-01-15,15:00:00,Matchweek 19,Sun,Away,D,0,0,Reims,0.8,0.9,49,11383.0,Dante,4-3-3,4-2-3-1,François Letexier,/en/matches/c5adac5b/Reims-Nice-January-15-2023-Ligue-1,nan
FRA-Ligue 1,2223,Nice,2023-01-29 Nice-Lille,2023-01-29,13:00:00,Matchweek 20,Sun,Home,W,1,0,Lille,1.6,1.6,44,22126.0,Dante,4-3-3,4-2-3-1,Eric Wattellier,/en/matches/b83c2528/Nice-Lille-January-29-2023-Ligue-1,nan
FRA-Ligue 1,2223,Nice,2023-02-01 Lens-Nice,2023-02-01,21:00:00,Matchweek 21,Wed,Away,W,1,0,Lens,2.1,0.6,45,37437.0,Dante,5-4-1,3-4-3,Thomas Léonard,/en/matches/b6c7f232/Lens-Nice-February-1-2023-Ligue-1,nan
FRA-Ligue 1,2223,Nice,2023-02-05 Marseille-Nice,2023-02-05,20:45:00,Matchweek 22,Sun,Away,W,3,1,Marseille,1.4,2.3,43,65234.0,Dante,4-3-3,3-4-3,Clément Turpin,/en/matches/f901aa76/Marseille-Nice-February-5-2023-Ligue-1,nan
FRA-Ligue 1,2223,Nice,2023-02-10 Nice-Ajaccio,2023-02-10,21:00:00,Matchweek 23,Fri,Home,W,3,0,Ajaccio,0.6,0.4,62,20163.0,Dante,4-3-3,4-1-4-1,Stéphanie Frappart,/en/matches/1ca21463/Nice-Ajaccio-February-10-2023-Ligue-1,nan
FRA-Ligue 1,2223,Nice,2023-02-18 Nice-Reims,2023-02-18,17:00:00,Matchweek 24,Sat,Home,D,0,0,Reims,1.2,1.6,52,18102.0,Dante,4-3-3,4-2-3-1,Marc Bollengier,/en/matches/e2d5f3b0/Nice-Reims-February-18-2023-Ligue-1,nan
FRA-Ligue 1,2223,Nice,2023-02-26 Monaco-Nice,2023-02-26,17:05:00,Matchweek 25,Sun,Away,W,3,0,Monaco,2.3,1.0,44,9000.0,Dante,5-3-2,3-1-4-2,Benoît Bastien,/en/matches/e8389ab5/Monaco-Nice-February-26-2023-Ligue-1,nan
FRA-Ligue 1,2223,Nice,2023-03-03 Nice-Auxerre,2023-03-03,21:00:00,Matchweek 26,Fri,Home,D,1,1,Auxerre,1.6,0.5,64,21133.0,Dante,4-3-3,3-4-3,Bastien Dechepy,/en/matches/ab7003b3/Nice-Auxerre-March-3-2023-Ligue-1,nan
FRA-Ligue 1,2223,Nice,2023-03-12 Nantes-Nice,2023-03-12,15:00:00,Matchweek 27,Sun,Away,D,2,2,Nantes,1.2,1.6,55,33568.0,Dante,3-4-3,4-2-3-1,Willy Delajod,/en/matches/6f639a55/Nantes-Nice-March-12-2023-Ligue-1,nan
FRA-Ligue 1,2223,Nice,2023-03-19 Nice-Lorient,2023-03-19,15:00:00,Matchweek 28,Sun,Home,D,1,1,Lorient,1.2,0.7,53,20762.0,Dante,3-4-1-2,4-1-4-1,Ruddy Buquet,/en/matches/76197bfd/Nice-Lorient-March-19-2023-Ligue-1,nan
FRA-Ligue 1,2223,Nice,2023-04-02 Angers-Nice,2023-04-02,15:00:00,Matchweek 29,Sun,Away,D,1,1,Angers,1.5,0.9,63,6649.0,Dante,4-3-3,5-3-2,Eric Wattellier,/en/matches/3ee2de5c/Angers-Nice-April-2-2023-Ligue-1,nan
FRA-Ligue 1,2223,Nice,2023-04-08 Nice-Paris S-G,2023-04-08,21:00:00,Matchweek 30,Sat,Home,L,0,2,Paris S-G,1.5,1.2,45,34456.0,Dante,5-4-1,3-5-2,Jérémie Pignard,/en/matches/2b92011d/Nice-Paris-Saint-Germain-April-8-2023-Ligue-1,nan
FRA-Ligue 1,2223,Nice,2023-04-16 Brest-Nice,2023-04-16,15:00:00,Matchweek 31,Sun,Away,L,0,1,Brest,0.8,1.3,48,12615.0,Dante,3-4-1-2,4-2-3-1,Benoît Bastien,/en/matches/efe07084/Brest-Nice-April-16-2023-Ligue-1,nan
FRA-Ligue 1,2223,Nice,2023-04-23 Nice-Clermont Foot,2023-04-23,15:00:00,Matchweek 32,Sun,Home,L,1,2,Clermont Foot,1.3,1.0,56,20578.0,Dante,4-3-3,5-4-1,Benoît Millot,/en/matches/270414fb/Nice-Clermont-Foot-April-23-2023-Ligue-1,nan
FRA-Ligue 1,2223,Nice,2023-04-30 Troyes-Nice,2023-04-30,15:00:00,Matchweek 33,Sun,Away,W,1,0,Troyes,3.3,0.7,64,8399.0,Dante,4-3-3,3-4-3,Eric Wattellier,/en/matches/26c78eaa/Troyes-Nice-April-30-2023-Ligue-1,nan
FRA-Ligue 1,2223,Nice,2023-05-06 Nice-Rennes,2023-05-06,17:00:00,Matchweek 34,Sat,Home,W,2,1,Rennes,1.6,1.3,47,22601.0,Dante,4-3-3,4-1-4-1,Willy Delajod,/en/matches/7892fd01/Nice-Rennes-May-6-2023-Ligue-1,nan
FRA-Ligue 1,2223,Nice,2023-05-13 Strasbourg-Nice,2023-05-13,17:00:00,Matchweek 35,Sat,Away,L,0,2,Strasbourg,0.5,2.0,60,25147.0,Dante,4-3-3,3-4-3,Jeremy Stinat,/en/matches/c505aa59/Strasbourg-Nice-May-13-2023-Ligue-1,nan
FRA-Ligue 1,2223,Nice,2023-05-21 Nice-Toulouse,2023-05-21,15:00:00,Matchweek 36,Sun,Home,D,0,0,Toulouse,2.2,0.8,51,20041.0,Dante,4-3-3,4-2-3-1,Jérémie Pignard,/en/matches/9250f89a/Nice-Toulouse-May-21-2023-Ligue-1,nan
FRA-Ligue 1,2223,Nice,2023-05-27 Montpellier-Nice,2023-05-27,21:00:00,Matchweek 37,Sat,Away,W,3,2,Montpellier,3.4,2.3,53,16340.0,Dante,4-3-3,4-2-3-1,Benoît Millot,/en/matches/7d2f2a67/Montpellier-Nice-May-27-2023-Ligue-1,nan
FRA-Ligue 1,2223,Nice,2023-06-03 Nice-Lyon,2023-06-03,21:00:00,Matchweek 38,Sat,Home,W,3,1,Lyon,2.3,1.8,43,25243.0,Dante,3-4-3,4-2-3-1,Eric Wattellier,/en/matches/7cb0ddb9/Nice-Lyon-June-3-2023-Ligue-1,nan
FRA-Ligue 1,2223,Paris S-G,2022-08-06 Clermont Foot-Paris S-G,2022-08-06,21:00:00,Matchweek 1,Sat,Away,W,5,0,Clermont Foot,3.5,0.3,62,12203.0,Marquinhos,3-4-3,4-2-3-1,Jeremy Stinat,/en/matches/d99d9161/Clermont-Foot-Paris-Saint-Germain-August-6-2022-Ligue-1,nan
FRA-Ligue 1,2223,Paris S-G,2022-08-13 Paris S-G-Montpellier,2022-08-13,21:00:00,Matchweek 2,Sat,Home,W,5,2,Montpellier,3.2,0.9,59,46000.0,Marquinhos,3-4-1-2,4-1-4-1,Willy Delajod,/en/matches/63a572a1/Paris-Saint-Germain-Montpellier-August-13-2022-Ligue-1,nan
FRA-Ligue 1,2223,Paris S-G,2022-08-21 Lille-Paris S-G,2022-08-21,20:45:00,Matchweek 3,Sun,Away,W,7,1,Lille,3.4,1.7,52,47526.0,Marquinhos,3-4-3,4-2-3-1,Clément Turpin,/en/matches/a5ba0018/Lille-Paris-Saint-Germain-August-21-2022-Ligue-1,nan
FRA-Ligue 1,2223,Paris S-G,2022-08-28 Paris S-G-Monaco,2022-08-28,20:45:00,Matchweek 4,Sun,Home,D,1,1,Monaco,2.7,1.2,67,46000.0,Marquinhos,3-4-3,5-3-2,Benoît Bastien,/en/matches/6113a2a2/Paris-Saint-Germain-Monaco-August-28-2022-Ligue-1,nan
FRA-Ligue 1,2223,Paris S-G,2022-08-31 Toulouse-Paris S-G,2022-08-31,21:00:00,Matchweek 5,Wed,Away,W,3,0,Toulouse,2.8,0.8,62,31700.0,Marquinhos,3-4-3,3-4-3,Hakim Ben El Hadj Salem,/en/matches/63fb1427/Toulouse-Paris-Saint-Germain-August-31-2022-Ligue-1,nan
FRA-Ligue 1,2223,Paris S-G,2022-09-03 Nantes-Paris S-G,2022-09-03,21:00:00,Matchweek 6,Sat,Away,W,3,0,Nantes,2.7,0.4,60,34406.0,Marquinhos,3-4-3,3-4-3,Pierre Gaillouste,/en/matches/368a55f1/Nantes-Paris-Saint-Germain-September-3-2022-Ligue-1,nan
FRA-Ligue 1,2223,Paris S-G,2022-09-10 Paris S-G-Brest,2022-09-10,17:00:00,Matchweek 7,Sat,Home,W,1,0,Brest,1.7,1.1,61,45000.0,Presnel Kimpembe,3-4-1-2,5-3-2,Jérémie Pignard,/en/matches/7e83ffa9/Paris-Saint-Germain-Brest-September-10-2022-Ligue-1,nan
FRA-Ligue 1,2223,Paris S-G,2022-09-18 Lyon-Paris S-G,2022-09-18,20:45:00,Matchweek 8,Sun,Away,W,1,0,Lyon,1.6,1.0,65,58230.0,Marquinhos,3-4-3,4-4-2,François Letexier,/en/matches/57d4d43d/Lyon-Paris-Saint-Germain-September-18-2022-Ligue-1,nan
FRA-Ligue 1,2223,Paris S-G,2022-10-01 Paris S-G-Nice,2022-10-01,21:00:00,Matchweek 9,Sat,Home,W,2,1,Nice,1.0,0.5,57,47000.0,Marquinhos,3-4-3,5-4-1,Jérôme Brisard,/en/matches/36ac65e1/Paris-Saint-Germain-Nice-October-1-2022-Ligue-1,nan
FRA-Ligue 1,2223,Paris S-G,2022-10-08 Reims-Paris S-G,2022-10-08,21:00:00,Matchweek 10,Sat,Away,D,0,0,Reims,1.2,1.8,63,20543.0,Marquinhos,3-4-3,3-5-2,Pierre Gaillouste,/en/matches/71ccb83f/Reims-Paris-Saint-Germain-October-8-2022-Ligue-1,nan
FRA-Ligue 1,2223,Paris S-G,2022-10-16 Paris S-G-Marseille,2022-10-16,20:45:00,Matchweek 11,Sun,Home,W,1,0,Marseille,2.5,1.2,50,47000.0,Marquinhos,4-3-1-2,3-4-3,Clément Turpin,/en/matches/818de37e/Paris-Saint-Germain-Marseille-October-16-2022-Ligue-1,nan
FRA-Ligue 1,2223,Paris S-G,2022-10-21 Ajaccio-Paris S-G,2022-10-21,21:00:00,Matchweek 12,Fri,Away,W,3,0,Ajaccio,2.5,0.3,65,10000.0,Marquinhos,4-3-1-2,4-4-2,Johan Hamel,/en/matches/492d0e7a/Ajaccio-Paris-Saint-Germain-October-21-2022-Ligue-1,nan
FRA-Ligue 1,2223,Paris S-G,2022-10-29 Paris S-G-Troyes,2022-10-29,17:00:00,Matchweek 13,Sat,Home,W,4,3,Troyes,2.9,2.0,67,47000.0,Presnel Kimpembe,4-3-3,5-4-1,Eric Wattellier,/en/matches/0706f45a/Paris-Saint-Germain-Troyes-October-29-2022-Ligue-1,nan
FRA-Ligue 1,2223,Paris S-G,2022-11-06 Lorient-Paris S-G,2022-11-06,13:00:00,Matchweek 14,Sun,Away,W,2,1,Lorient,1.6,0.8,59,16778.0,Marquinhos,3-4-1-2,4-1-4-1,Benoît Bastien,/en/matches/62986726/Lorient-Paris-Saint-Germain-November-6-2022-Ligue-1,nan
FRA-Ligue 1,2223,Paris S-G,2022-11-13 Paris S-G-Auxerre,2022-11-13,13:00:00,Matchweek 15,Sun,Home,W,5,0,Auxerre,2.0,0.7,59,45000.0,Marco Verratti,4-3-1-2,5-4-1,Thomas Léonard,/en/matches/86e55266/Paris-Saint-Germain-Auxerre-November-13-2022-Ligue-1,nan
FRA-Ligue 1,2223,Paris S-G,2022-12-28 Paris S-G-Strasbourg,2022-12-28,21:00:00,Matchweek 16,Wed,Home,W,2,1,Strasbourg,2.1,1.3,71,47000.0,Marquinhos,4-3-1-2,4-1-2-1-2,Clément Turpin,/en/matches/c4b9d773/Paris-Saint-Germain-Strasbourg-December-28-2022-Ligue-1,nan
FRA-Ligue 1,2223,Paris S-G,2023-01-01 Lens-Paris S-G,2023-01-01,20:45:00,Matchweek 17,Sun,Away,L,1,3,Lens,1.6,1.8,59,38047.0,Marquinhos,4-3-1-2,3-4-3,Jérôme Brisard,/en/matches/41b38f59/Lens-Paris-Saint-Germain-January-1-2023-Ligue-1,nan
FRA-Ligue 1,2223,Paris S-G,2023-01-11 Paris S-G-Angers,2023-01-11,21:00:00,Matchweek 18,Wed,Home,W,2,0,Angers,1.3,0.5,66,47000.0,Marquinhos,3-4-3,4-2-3-1,Eric Wattellier,/en/matches/76db6078/Paris-Saint-Germain-Angers-January-11-2023-Ligue-1,nan
FRA-Ligue 1,2223,Paris S-G,2023-01-15 Rennes-Paris S-G,2023-01-15,20:45:00,Matchweek 19,Sun,Away,L,0,1,Rennes,1.0,0.8,65,27566.0,Marquinhos,3-4-3,3-4-3,Benoît Bastien,/en/matches/a1cfed8d/Rennes-Paris-Saint-Germain-January-15-2023-Ligue-1,nan
FRA-Ligue 1,2223,Paris S-G,2023-01-29 Paris S-G-Reims,2023-01-29,20:45:00,Matchweek 20,Sun,Home,D,1,1,Reims,1.6,2.5,59,46000.0,Marquinhos,4-2-3-1,4-5-1,Ruddy Buquet,/en/matches/ac8ffacd/Paris-Saint-Germain-Reims-January-29-2023-Ligue-1,nan
FRA-Ligue 1,2223,Paris S-G,2023-02-01 Montpellier-Paris S-G,2023-02-01,21:00:00,Matchweek 21,Wed,Away,W,3,1,Montpellier,4.4,0.5,66,17454.0,Marquinhos,4-1-3-2,3-5-2,Jérémie Pignard,/en/matches/8fea202b/Montpellier-Paris-Saint-Germain-February-1-2023-Ligue-1,nan
FRA-Ligue 1,2223,Paris S-G,2023-02-04 Paris S-G-Toulouse,2023-02-04,17:00:00,Matchweek 22,Sat,Home,W,2,1,Toulouse,1.9,0.8,61,45000.0,Marquinhos,4-1-2-1-2◆,4-3-3,Bastien Dechepy,/en/matches/20d2d2e9/Paris-Saint-Germain-Toulouse-February-4-2023-Ligue-1,nan
FRA-Ligue 1,2223,Paris S-G,2023-02-11 Monaco-Paris S-G,2023-02-11,17:00:00,Matchweek 23,Sat,Away,L,1,3,Monaco,0.8,2.9,58,16500.0,Marquinhos,3-5-2,4-2-2-2,Clément Turpin,/en/matches/72eb59cf/Monaco-Paris-Saint-Germain-February-11-2023-Ligue-1,nan
FRA-Ligue 1,2223,Paris S-G,2023-02-19 Paris S-G-Lille,2023-02-19,13:00:00,Matchweek 24,Sun,Home,W,4,3,Lille,2.0,2.4,46,46000.0,Presnel Kimpembe,4-3-1-2,4-2-3-1,Willy Delajod,/en/matches/0354132b/Paris-Saint-Germain-Lille-February-19-2023-Ligue-1,nan
FRA-Ligue 1,2223,Paris S-G,2023-02-26 Marseille-Paris S-G,2023-02-26,20:45:00,Matchweek 25,Sun,Away,W,3,0,Marseille,2.0,1.6,46,65894.0,Marquinhos,3-5-2,3-4-3,Clément Turpin,/en/matches/fe1e33e5/Marseille-Paris-Saint-Germain-February-26-2023-Ligue-1,nan
FRA-Ligue 1,2223,Paris S-G,2023-03-04 Paris S-G-Nantes,2023-03-04,21:00:00,Matchweek 26,Sat,Home,W,4,2,Nantes,1.4,0.4,67,47926.0,Marquinhos,3-5-2,5-3-2,Jeremy Stinat,/en/matches/322f46e4/Paris-Saint-Germain-Nantes-March-4-2023-Ligue-1,nan
FRA-Ligue 1,2223,Paris S-G,2023-03-11 Brest-Paris S-G,2023-03-11,21:00:00,Matchweek 27,Sat,Away,W,2,1,Brest,2.6,0.6,61,14935.0,Kylian Mbappé,4-2-2-2,4-1-4-1,Marc Bollengier,/en/matches/8acaf948/Brest-Paris-Saint-Germain-March-11-2023-Ligue-1,nan
FRA-Ligue 1,2223,Paris S-G,2023-03-19 Paris S-G-Rennes,2023-03-19,17:05:00,Matchweek 28,Sun,Home,L,0,2,Rennes,1.7,1.5,60,47000.0,Kylian Mbappé,3-5-2,5-4-1,Willy Delajod,/en/matches/9acfad51/Paris-Saint-Germain-Rennes-March-19-2023-Ligue-1,nan
FRA-Ligue 1,2223,Paris S-G,2023-04-02 Paris S-G-Lyon,2023-04-02,20:45:00,Matchweek 29,Sun,Home,L,0,1,Lyon,1.1,1.6,62,47000.0,Marquinhos,3-5-2,3-4-1-2,François Letexier,/en/matches/37a61135/Paris-Saint-Germain-Lyon-April-2-2023-Ligue-1,nan
FRA-Ligue 1,2223,Paris S-G,2023-04-08 Nice-Paris S-G,2023-04-08,21:00:00,Matchweek 30,Sat,Away,W,2,0,Nice,1.2,1.5,55,34456.0,Marquinhos,3-5-2,5-4-1,Jérémie Pignard,/en/matches/2b92011d/Nice-Paris-Saint-Germain-April-8-2023-Ligue-1,nan
FRA-Ligue 1,2223,Paris S-G,2023-04-15 Paris S-G-Lens,2023-04-15,21:00:00,Matchweek 31,Sat,Home,W,3,1,Lens,1.2,1.8,62,47120.0,Marquinhos,3-5-2,3-4-3,Willy Delajod,/en/matches/268e5460/Paris-Saint-Germain-Lens-April-15-2023-Ligue-1,nan
FRA-Ligue 1,2223,Paris S-G,2023-04-21 Angers-Paris S-G,2023-04-21,21:00:00,Matchweek 32,Fri,Away,W,2,1,Angers,1.6,1.8,65,16914.0,Marquinhos,3-5-2,5-3-2,Eric Wattellier,/en/matches/e7e8dc1c/Angers-Paris-Saint-Germain-April-21-2023-Ligue-1,nan
FRA-Ligue 1,2223,Paris S-G,2023-04-30 Paris S-G-Lorient,2023-04-30,17:05:00,Matchweek 33,Sun,Home,L,1,3,Lorient,1.8,2.9,54,41454.0,Marquinhos,4-4-2,3-4-3,Jérôme Brisard,/en/matches/ca98474e/Paris-Saint-Germain-Lorient-April-30-2023-Ligue-1,nan
FRA-Ligue 1,2223,Paris S-G,2023-05-07 Troyes-Paris S-G,2023-05-07,20:45:00,Matchweek 34,Sun,Away,W,3,1,Troyes,4.1,0.7,60,18890.0,Marquinhos,3-5-2,3-4-3,Ruddy Buquet,/en/matches/f9e55cdf/Troyes-Paris-Saint-Germain-May-7-2023-Ligue-1,nan
FRA-Ligue 1,2223,Paris S-G,2023-05-13 Paris S-G-Ajaccio,2023-05-13,21:00:00,Matchweek 35,Sat,Home,W,5,0,Ajaccio,2.3,0.4,73,47926.0,Marquinhos,3-4-3,4-3-3,Pierre Gaillouste,/en/matches/fdd73200/Paris-Saint-Germain-Ajaccio-May-13-2023-Ligue-1,nan
FRA-Ligue 1,2223,Paris S-G,2023-05-21 Auxerre-Paris S-G,2023-05-21,20:45:00,Matchweek 36,Sun,Away,W,2,1,Auxerre,2.1,0.9,63,16682.0,Marquinhos,3-4-3,5-4-1,Benoît Bastien,/en/matches/bd6c4cac/Auxerre-Paris-Saint-Germain-May-21-2023-Ligue-1,nan
FRA-Ligue 1,2223,Paris S-G,2023-05-27 Strasbourg-Paris S-G,2023-05-27,21:00:00,Matchweek 37,Sat,Away,D,1,1,Strasbourg,1.0,1.2,66,25828.0,Kylian Mbappé,3-5-2,3-5-1-1,Jérôme Brisard,/en/matches/b78590c5/Strasbourg-Paris-Saint-Germain-May-27-2023-Ligue-1,nan
FRA-Ligue 1,2223,Paris S-G,2023-06-03 Paris S-G-Clermont Foot,2023-06-03,21:00:00,Matchweek 38,Sat,Home,L,2,3,Clermont Foot,2.2,3.1,54,47926.0,Kylian Mbappé,3-4-1-2,3-4-3,Thomas Léonard,/en/matches/1b47e9eb/Paris-Saint-Germain-Clermont-Foot-June-3-2023-Ligue-1,nan
FRA-Ligue 1,2223,Reims,2022-08-07 Marseille-Reims,2022-08-07,20:45:00,Matchweek 1,Sun,Away,L,1,4,Marseille,0.9,2.1,44,62738.0,Yunis Abdelhamid,4-3-3,3-4-3,Jérôme Brisard,/en/matches/534ab8ff/Marseille-Reims-August-7-2022-Ligue-1,nan
FRA-Ligue 1,2223,Reims,2022-08-14 Reims-Clermont Foot,2022-08-14,15:00:00,Matchweek 2,Sun,Home,L,2,4,Clermont Foot,2.7,1.9,42,9456.0,Yunis Abdelhamid,3-4-3,4-2-3-1,Johan Hamel,/en/matches/ed6b4245/Reims-Clermont-Foot-August-14-2022-Ligue-1,nan
FRA-Ligue 1,2223,Reims,2022-08-21 Strasbourg-Reims,2022-08-21,13:00:00,Matchweek 3,Sun,Away,D,1,1,Strasbourg,2.0,1.2,37,25175.0,Yunis Abdelhamid,3-4-1-2,3-5-2,Ruddy Buquet,/en/matches/be90ec61/Strasbourg-Reims-August-21-2022-Ligue-1,nan
FRA-Ligue 1,2223,Reims,2022-08-28 Reims-Lyon,2022-08-28,17:05:00,Matchweek 4,Sun,Home,D,1,1,Lyon,0.4,1.1,26,14930.0,Yunis Abdelhamid,3-4-1-2,4-3-3,Jeremy Stinat,/en/matches/daa723a9/Reims-Lyon-August-28-2022-Ligue-1,nan
FRA-Ligue 1,2223,Reims,2022-08-31 Angers-Reims,2022-08-31,19:00:00,Matchweek 5,Wed,Away,W,4,2,Angers,2.3,1.7,43,6500.0,Yunis Abdelhamid,3-4-1-2,3-1-4-2,Jérémie Pignard,/en/matches/d94a7d75/Angers-Reims-August-31-2022-Ligue-1,nan
FRA-Ligue 1,2223,Reims,2022-09-04 Reims-Lens,2022-09-04,15:00:00,Matchweek 6,Sun,Home,D,1,1,Lens,2.1,1.9,37,15761.0,Yunis Abdelhamid,3-4-1-2,3-4-3,Eric Wattellier,/en/matches/21e5d4df/Reims-Lens-September-4-2022-Ligue-1,nan
FRA-Ligue 1,2223,Reims,2022-09-11 Toulouse-Reims,2022-09-11,15:00:00,Matchweek 7,Sun,Away,L,0,1,Toulouse,1.0,1.3,53,21315.0,Yunis Abdelhamid,3-4-1-2,5-4-1,Stéphanie Frappart,/en/matches/9f57e775/Toulouse-Reims-September-11-2022-Ligue-1,nan
FRA-Ligue 1,2223,Reims,2022-09-18 Reims-Monaco,2022-09-18,13:00:00,Matchweek 8,Sun,Home,L,0,3,Monaco,0.6,1.7,33,10000.0,Yunis Abdelhamid,3-4-1-2,4-4-2,Marc Bollengier,/en/matches/c6dee225/Reims-Monaco-September-18-2022-Ligue-1,nan
FRA-Ligue 1,2223,Reims,2022-10-02 Troyes-Reims,2022-10-02,15:00:00,Matchweek 9,Sun,Away,D,2,2,Troyes,1.0,1.6,32,10164.0,Yunis Abdelhamid,3-4-1-2,5-3-2,Benoît Millot,/en/matches/1cbd26d0/Troyes-Reims-October-2-2022-Ligue-1,nan
FRA-Ligue 1,2223,Reims,2022-10-08 Reims-Paris S-G,2022-10-08,21:00:00,Matchweek 10,Sat,Home,D,0,0,Paris S-G,1.8,1.2,37,20543.0,Yunis Abdelhamid,3-5-2,3-4-3,Pierre Gaillouste,/en/matches/71ccb83f/Reims-Paris-Saint-Germain-October-8-2022-Ligue-1,nan
FRA-Ligue 1,2223,Reims,2022-10-15 Lorient-Reims,2022-10-15,17:00:00,Matchweek 11,Sat,Away,D,0,0,Lorient,0.6,0.8,52,15776.0,Yunis Abdelhamid,3-5-2,4-2-3-1,Mathieu Vernice,/en/matches/4fe522a8/Lorient-Reims-October-15-2022-Ligue-1,nan
FRA-Ligue 1,2223,Reims,2022-10-23 Reims-Auxerre,2022-10-23,15:00:00,Matchweek 12,Sun,Home,W,2,1,Auxerre,2.4,0.7,54,11411.0,Yunis Abdelhamid,4-2-3-1,4-2-3-1,Hakim Ben El Hadj Salem,/en/matches/c6b10aeb/Reims-Auxerre-October-23-2022-Ligue-1,nan
FRA-Ligue 1,2223,Reims,2022-10-30 Brest-Reims,2022-10-30,15:00:00,Matchweek 13,Sun,Away,D,0,0,Brest,1.0,1.5,49,11008.0,Yunis Abdelhamid,4-2-3-1,4-2-3-1,Willy Delajod,/en/matches/9547c75b/Brest-Reims-October-30-2022-Ligue-1,nan
FRA-Ligue 1,2223,Reims,2022-11-06 Reims-Nantes,2022-11-06,15:00:00,Matchweek 14,Sun,Home,W,1,0,Nantes,2.8,0.7,57,11477.0,Yunis Abdelhamid,4-2-3-1,4-1-4-1,Ruddy Buquet,/en/matches/b3aecb40/Reims-Nantes-November-6-2022-Ligue-1,nan
FRA-Ligue 1,2223,Reims,2022-11-13 Montpellier-Reims,2022-11-13,15:00:00,Matchweek 15,Sun,Away,D,1,1,Montpellier,2.1,1.7,51,11778.0,Yunis Abdelhamid,4-2-3-1,5-3-2,Florent Batta,/en/matches/7927c5f9/Montpellier-Reims-November-13-2022-Ligue-1,nan
FRA-Ligue 1,2223,Reims,2022-12-29 Reims-Rennes,2022-12-29,19:00:00,Matchweek 16,Thu,Home,W,3,1,Rennes,1.4,1.6,34,13262.0,Yunis Abdelhamid,4-2-3-1,4-3-3,Hakim Ben El Hadj Salem,/en/matches/ae3fb1a3/Reims-Rennes-December-29-2022-Ligue-1,nan
FRA-Ligue 1,2223,Reims,2023-01-02 Lille-Reims,2023-01-02,17:00:00,Matchweek 17,Mon,Away,D,1,1,Lille,0.8,2.3,39,31086.0,Yunis Abdelhamid,4-2-3-1,3-4-3,Eric Wattellier,/en/matches/cbf86c77/Lille-Reims-January-2-2023-Ligue-1,nan
FRA-Ligue 1,2223,Reims,2023-01-11 Ajaccio-Reims,2023-01-11,19:00:00,Matchweek 18,Wed,Away,W,1,0,Ajaccio,0.9,1.0,52,6648.0,Yunis Abdelhamid,4-2-3-1,4-4-2,Willy Delajod,/en/matches/656ef1c0/Ajaccio-Reims-January-11-2023-Ligue-1,nan
FRA-Ligue 1,2223,Reims,2023-01-15 Reims-Nice,2023-01-15,15:00:00,Matchweek 19,Sun,Home,D,0,0,Nice,0.9,0.8,51,11383.0,Yunis Abdelhamid,4-2-3-1,4-3-3,François Letexier,/en/matches/c5adac5b/Reims-Nice-January-15-2023-Ligue-1,nan
FRA-Ligue 1,2223,Reims,2023-01-29 Paris S-G-Reims,2023-01-29,20:45:00,Matchweek 20,Sun,Away,D,1,1,Paris S-G,2.5,1.6,41,46000.0,Yunis Abdelhamid,4-5-1,4-2-3-1,Ruddy Buquet,/en/matches/ac8ffacd/Paris-Saint-Germain-Reims-January-29-2023-Ligue-1,nan
FRA-Ligue 1,2223,Reims,2023-02-01 Reims-Lorient,2023-02-01,19:00:00,Matchweek 21,Wed,Home,W,4,2,Lorient,3.8,0.6,58,10746.0,Yunis Abdelhamid,4-2-3-1,4-2-3-1,Florent Batta,/en/matches/e7ec4d4b/Reims-Lorient-February-1-2023-Ligue-1,nan
FRA-Ligue 1,2223,Reims,2023-02-05 Auxerre-Reims,2023-02-05,15:00:00,Matchweek 22,Sun,Away,D,0,0,Auxerre,0.6,1.2,60,14680.0,Yunis Abdelhamid,4-2-3-1,4-2-3-1,Pierre Gaillouste,/en/matches/384b2fcb/Auxerre-Reims-February-5-2023-Ligue-1,nan
FRA-Ligue 1,2223,Reims,2023-02-12 Reims-Troyes,2023-02-12,15:00:00,Matchweek 23,Sun,Home,W,4,0,Troyes,2.3,0.9,53,8115.0,Yunis Abdelhamid,4-2-3-1,3-5-2,Jérémie Pignard,/en/matches/b1ac1305/Reims-Troyes-February-12-2023-Ligue-1,nan
FRA-Ligue 1,2223,Reims,2023-02-18 Nice-Reims,2023-02-18,17:00:00,Matchweek 24,Sat,Away,D,0,0,Nice,1.6,1.2,48,18102.0,Yunis Abdelhamid,4-2-3-1,4-3-3,Marc Bollengier,/en/matches/e2d5f3b0/Nice-Reims-February-18-2023-Ligue-1,nan
FRA-Ligue 1,2223,Reims,2023-02-26 Reims-Toulouse,2023-02-26,15:00:00,Matchweek 25,Sun,Home,W,3,0,Toulouse,2.7,1.1,47,12139.0,Yunis Abdelhamid,4-2-3-1,4-3-3,Mathieu Vernice,/en/matches/bf387fea/Reims-Toulouse-February-26-2023-Ligue-1,nan
FRA-Ligue 1,2223,Reims,2023-03-05 Reims-Ajaccio,2023-03-05,15:00:00,Matchweek 26,Sun,Home,W,1,0,Ajaccio,0.6,0.4,64,12855.0,Yunis Abdelhamid,4-2-3-1,4-4-2,Pierre Gaillouste,/en/matches/b317ed7d/Reims-Ajaccio-March-5-2023-Ligue-1,nan
FRA-Ligue 1,2223,Reims,2023-03-12 Monaco-Reims,2023-03-12,17:05:00,Matchweek 27,Sun,Away,W,1,0,Monaco,1.9,0.9,51,5383.0,Yunis Abdelhamid,4-2-3-1,4-4-2,Thomas Léonard,/en/matches/65c9aaa1/Monaco-Reims-March-12-2023-Ligue-1,nan
FRA-Ligue 1,2223,Reims,2023-03-19 Reims-Marseille,2023-03-19,20:45:00,Matchweek 28,Sun,Home,L,1,2,Marseille,1.6,1.2,55,20479.0,Yunis Abdelhamid,4-2-3-1,3-4-3,François Letexier,/en/matches/0161e53d/Reims-Marseille-March-19-2023-Ligue-1,nan
FRA-Ligue 1,2223,Reims,2023-04-02 Nantes-Reims,2023-04-02,15:00:00,Matchweek 29,Sun,Away,W,3,0,Nantes,2.2,1.3,52,26285.0,Yunis Abdelhamid,4-2-3-1,4-1-4-1,Marc Bollengier,/en/matches/766e9598/Nantes-Reims-April-2-2023-Ligue-1,nan
FRA-Ligue 1,2223,Reims,2023-04-09 Reims-Brest,2023-04-09,15:00:00,Matchweek 30,Sun,Home,D,1,1,Brest,3.4,1.4,61,12023.0,Yunis Abdelhamid,4-2-3-1,4-1-4-1,Benoît Millot,/en/matches/4ee67cda/Reims-Brest-April-9-2023-Ligue-1,nan
FRA-Ligue 1,2223,Reims,2023-04-15 Rennes-Reims,2023-04-15,17:00:00,Matchweek 31,Sat,Away,L,0,3,Rennes,0.4,2.9,49,27936.0,Yunis Abdelhamid,4-2-3-1,4-1-4-1,Jeremy Stinat,/en/matches/46c859a1/Rennes-Reims-April-15-2023-Ligue-1,nan
FRA-Ligue 1,2223,Reims,2023-04-23 Reims-Strasbourg,2023-04-23,13:00:00,Matchweek 32,Sun,Home,L,0,2,Strasbourg,1.4,0.8,73,13737.0,Yunis Abdelhamid,4-2-3-1,3-4-3,Clément Turpin,/en/matches/bd272f62/Reims-Strasbourg-April-23-2023-Ligue-1,nan
FRA-Ligue 1,2223,Reims,2023-04-30 Clermont Foot-Reims,2023-04-30,15:00:00,Matchweek 33,Sun,Away,L,0,1,Clermont Foot,0.8,1.6,67,11446.0,Yunis Abdelhamid,4-2-3-1,3-4-3,Stéphanie Frappart,/en/matches/4cdd261a/Clermont-Foot-Reims-April-30-2023-Ligue-1,nan
FRA-Ligue 1,2223,Reims,2023-05-06 Reims-Lille,2023-05-06,19:00:00,Matchweek 34,Sat,Home,W,1,0,Lille,2.0,1.7,37,17911.0,Yunis Abdelhamid,4-3-1-2,4-2-3-1,Thomas Léonard,/en/matches/f281e140/Reims-Lille-May-6-2023-Ligue-1,nan
FRA-Ligue 1,2223,Reims,2023-05-12 Lens-Reims,2023-05-12,21:00:00,Matchweek 35,Fri,Away,L,1,2,Lens,1.7,1.5,60,37701.0,Yunis Abdelhamid,4-1-2-1-2◆,3-4-3,Jérémie Pignard,/en/matches/7e1c8564/Lens-Reims-May-12-2023-Ligue-1,nan
FRA-Ligue 1,2223,Reims,2023-05-21 Reims-Angers,2023-05-21,15:00:00,Matchweek 36,Sun,Home,D,2,2,Angers,1.5,1.2,57,11242.0,Yunis Abdelhamid,4-2-3-1,5-3-2,Florent Batta,/en/matches/908507af/Reims-Angers-May-21-2023-Ligue-1,nan
FRA-Ligue 1,2223,Reims,2023-05-27 Lyon-Reims,2023-05-27,21:00:00,Matchweek 37,Sat,Away,L,0,3,Lyon,1.1,2.6,46,56874.0,Marshall Munetsi,3-5-2,4-2-3-1,Jeremy Stinat,/en/matches/27815d03/Lyon-Reims-May-27-2023-Ligue-1,nan
FRA-Ligue 1,2223,Reims,2023-06-03 Reims-Montpellier,2023-06-03,21:00:00,Matchweek 38,Sat,Home,L,1,3,Montpellier,1.5,2.3,49,15036.0,Yunis Abdelhamid,4-2-3-1,4-2-3-1,Pierre Gaillouste,/en/matches/3dc2cde4/Reims-Montpellier-June-3-2023-Ligue-1,nan
FRA-Ligue 1,2223,Rennes,2022-08-07 Rennes-Lorient,2022-08-07,17:05:00,Matchweek 1,Sun,Home,L,0,1,Lorient,1.8,1.1,63,28177.0,Hamari Traoré,4-3-3,4-3-3,Bastien Dechepy,/en/matches/8ff3f9dd/Rennes-Lorient-August-7-2022-Ligue-1,nan
FRA-Ligue 1,2223,Rennes,2022-08-13 Monaco-Rennes,2022-08-13,17:00:00,Matchweek 2,Sat,Away,D,1,1,Monaco,2.1,1.8,65,8000.0,Hamari Traoré,4-3-3,4-4-2,Jérémie Pignard,/en/matches/86562a7e/Monaco-Rennes-August-13-2022-Ligue-1,nan
FRA-Ligue 1,2223,Rennes,2022-08-21 Rennes-Ajaccio,2022-08-21,17:05:00,Matchweek 3,Sun,Home,W,2,1,Ajaccio,1.2,1.4,55,27592.0,Hamari Traoré,4-4-2,4-4-2,Hakim Ben El Hadj Salem,/en/matches/9befca9a/Rennes-Ajaccio-August-21-2022-Ligue-1,nan
FRA-Ligue 1,2223,Rennes,2022-08-27 Lens-Rennes,2022-08-27,21:00:00,Matchweek 4,Sat,Away,L,1,2,Lens,1.0,1.3,49,37848.0,Hamari Traoré,4-3-3,3-4-3,Jérôme Brisard,/en/matches/a46ef768/Lens-Rennes-August-27-2022-Ligue-1,nan
FRA-Ligue 1,2223,Rennes,2022-08-31 Rennes-Brest,2022-08-31,21:00:00,Matchweek 5,Wed,Home,W,3,1,Brest,1.5,0.5,64,27392.0,Benjamin Bourigeaud,4-3-3,4-2-3-1,Benoît Millot,/en/matches/b9bd2221/Rennes-Brest-August-31-2022-Ligue-1,nan
FRA-Ligue 1,2223,Rennes,2022-09-04 Troyes-Rennes,2022-09-04,17:05:00,Matchweek 6,Sun,Away,D,1,1,Troyes,2.4,0.9,71,8000.0,Hamari Traoré,4-3-3,5-4-1,Mathieu Vernice,/en/matches/e174ad85/Troyes-Rennes-September-4-2022-Ligue-1,nan
FRA-Ligue 1,2223,Rennes,2022-09-11 Rennes-Auxerre,2022-09-11,17:05:00,Matchweek 7,Sun,Home,W,5,0,Auxerre,1.6,0.7,48,27837.0,Hamari Traoré,4-4-2,4-1-4-1,Thomas Léonard,/en/matches/16d3a368/Rennes-Auxerre-September-11-2022-Ligue-1,nan
FRA-Ligue 1,2223,Rennes,2022-09-18 Marseille-Rennes,2022-09-18,15:00:00,Matchweek 8,Sun,Away,D,1,1,Marseille,1.2,1.6,41,62753.0,Hamari Traoré,4-2-3-1,3-4-3,Benoît Bastien,/en/matches/abf90423/Marseille-Rennes-September-18-2022-Ligue-1,nan
FRA-Ligue 1,2223,Rennes,2022-10-01 Strasbourg-Rennes,2022-10-01,17:00:00,Matchweek 9,Sat,Away,W,3,1,Strasbourg,3.2,1.3,60,25226.0,Hamari Traoré,4-4-2,3-5-2,Eric Wattellier,/en/matches/304c5e6e/Strasbourg-Rennes-October-1-2022-Ligue-1,nan
FRA-Ligue 1,2223,Rennes,2022-10-09 Rennes-Nantes,2022-10-09,17:05:00,Matchweek 10,Sun,Home,W,3,0,Nantes,1.8,0.5,57,27844.0,Hamari Traoré,4-4-2,4-2-3-1,Florent Batta,/en/matches/c2be4bef/Rennes-Nantes-October-9-2022-Ligue-1,nan
FRA-Ligue 1,2223,Rennes,2022-10-16 Rennes-Lyon,2022-10-16,15:00:00,Matchweek 11,Sun,Home,W,3,2,Lyon,1.6,1.1,40,28152.0,Benjamin Bourigeaud,4-4-2,3-4-1-2,Stéphanie Frappart,/en/matches/62b68f87/Rennes-Lyon-October-16-2022-Ligue-1,nan
FRA-Ligue 1,2223,Rennes,2022-10-23 Angers-Rennes,2022-10-23,13:00:00,Matchweek 12,Sun,Away,W,2,1,Angers,2.2,1.2,70,11500.0,Hamari Traoré,4-4-2,5-3-2,Pierre Gaillouste,/en/matches/c9d3fd4b/Angers-Rennes-October-23-2022-Ligue-1,nan
FRA-Ligue 1,2223,Rennes,2022-10-30 Rennes-Montpellier,2022-10-30,15:00:00,Matchweek 13,Sun,Home,W,3,0,Montpellier,1.2,0.9,55,26617.0,Hamari Traoré,4-4-2,5-3-2,Bastien Dechepy,/en/matches/5a0894db/Rennes-Montpellier-October-30-2022-Ligue-1,nan
FRA-Ligue 1,2223,Rennes,2022-11-06 Lille-Rennes,2022-11-06,17:05:00,Matchweek 14,Sun,Away,D,1,1,Lille,0.9,2.4,38,35539.0,Hamari Traoré,4-3-3,4-2-3-1,Johan Hamel,/en/matches/004b284e/Lille-Rennes-November-6-2022-Ligue-1,nan
FRA-Ligue 1,2223,Rennes,2022-11-12 Rennes-Toulouse,2022-11-12,21:00:00,Matchweek 15,Sat,Home,W,2,1,Toulouse,2.1,1.0,46,26835.0,Hamari Traoré,4-4-2,4-3-3,Willy Delajod,/en/matches/f352bc06/Rennes-Toulouse-November-12-2022-Ligue-1,nan
FRA-Ligue 1,2223,Rennes,2022-12-29 Reims-Rennes,2022-12-29,19:00:00,Matchweek 16,Thu,Away,L,1,3,Reims,1.6,1.4,66,13262.0,Hamari Traoré,4-3-3,4-2-3-1,Hakim Ben El Hadj Salem,/en/matches/ae3fb1a3/Reims-Rennes-December-29-2022-Ligue-1,nan
FRA-Ligue 1,2223,Rennes,2023-01-02 Rennes-Nice,2023-01-02,21:00:00,Matchweek 17,Mon,Home,W,2,1,Nice,1.9,0.4,62,27427.0,Hamari Traoré,4-4-2,3-4-3,Thomas Léonard,/en/matches/4d3e283f/Rennes-Nice-January-2-2023-Ligue-1,nan
FRA-Ligue 1,2223,Rennes,2023-01-11 Clermont Foot-Rennes,2023-01-11,19:00:00,Matchweek 18,Wed,Away,L,1,2,Clermont Foot,1.1,1.7,61,10648.0,Hamari Traoré,4-4-2,3-4-3,Clément Turpin,/en/matches/560bb258/Clermont-Foot-Rennes-January-11-2023-Ligue-1,nan
FRA-Ligue 1,2223,Rennes,2023-01-15 Rennes-Paris S-G,2023-01-15,20:45:00,Matchweek 19,Sun,Home,W,1,0,Paris S-G,0.8,1.0,35,27566.0,Hamari Traoré,3-4-3,3-4-3,Benoît Bastien,/en/matches/a1cfed8d/Rennes-Paris-Saint-Germain-January-15-2023-Ligue-1,nan
FRA-Ligue 1,2223,Rennes,2023-01-27 Lorient-Rennes,2023-01-27,21:00:00,Matchweek 20,Fri,Away,L,1,2,Lorient,1.5,0.9,67,16782.0,Hamari Traoré,5-4-1,4-2-3-1,Benoît Millot,/en/matches/b1b646a8/Lorient-Rennes-January-27-2023-Ligue-1,nan
FRA-Ligue 1,2223,Rennes,2023-02-01 Rennes-Strasbourg,2023-02-01,21:00:00,Matchweek 21,Wed,Home,W,3,0,Strasbourg,1.1,0.1,59,26176.0,Benjamin Bourigeaud,4-3-3,5-4-1,Marc Bollengier,/en/matches/cdc46e1d/Rennes-Strasbourg-February-1-2023-Ligue-1,nan
FRA-Ligue 1,2223,Rennes,2023-02-04 Rennes-Lille,2023-02-04,21:00:00,Matchweek 22,Sat,Home,L,1,3,Lille,1.8,2.2,39,28082.0,Benjamin Bourigeaud,4-4-2,4-2-3-1,Florent Batta,/en/matches/b405d94b/Rennes-Lille-February-4-2023-Ligue-1,nan
FRA-Ligue 1,2223,Rennes,2023-02-12 Toulouse-Rennes,2023-02-12,13:00:00,Matchweek 23,Sun,Away,L,1,3,Toulouse,1.3,2.1,68,21783.0,Benjamin Bourigeaud,4-4-2,4-3-3,Jeremy Stinat,/en/matches/65d07eec/Toulouse-Rennes-February-12-2023-Ligue-1,nan
FRA-Ligue 1,2223,Rennes,2023-02-19 Rennes-Clermont Foot,2023-02-19,15:00:00,Matchweek 24,Sun,Home,W,2,0,Clermont Foot,2.4,1.1,59,27798.0,Benjamin Bourigeaud,4-2-3-1,3-4-3,Bastien Dechepy,/en/matches/e1b735e0/Rennes-Clermont-Foot-February-19-2023-Ligue-1,nan
FRA-Ligue 1,2223,Rennes,2023-02-26 Nantes-Rennes,2023-02-26,15:00:00,Matchweek 25,Sun,Away,W,1,0,Nantes,1.1,2.6,44,34467.0,Benjamin Bourigeaud,4-3-3,4-3-3,Jérémie Pignard,/en/matches/faf5f698/Nantes-Rennes-February-26-2023-Ligue-1,nan
FRA-Ligue 1,2223,Rennes,2023-03-05 Rennes-Marseille,2023-03-05,20:45:00,Matchweek 26,Sun,Home,L,0,1,Marseille,1.0,1.6,55,28515.0,Benjamin Bourigeaud,4-4-2,3-4-3,Eric Wattellier,/en/matches/723f16d0/Rennes-Marseille-March-5-2023-Ligue-1,nan
FRA-Ligue 1,2223,Rennes,2023-03-11 Auxerre-Rennes,2023-03-11,17:00:00,Matchweek 27,Sat,Away,D,0,0,Auxerre,0.5,0.7,67,15695.0,Benjamin Bourigeaud,4-4-2,5-4-1,Mathieu Vernice,/en/matches/edf3e1c0/Auxerre-Rennes-March-11-2023-Ligue-1,nan
FRA-Ligue 1,2223,Rennes,2023-03-19 Paris S-G-Rennes,2023-03-19,17:05:00,Matchweek 28,Sun,Away,W,2,0,Paris S-G,1.5,1.7,40,47000.0,Benjamin Bourigeaud,5-4-1,3-5-2,Willy Delajod,/en/matches/9acfad51/Paris-Saint-Germain-Rennes-March-19-2023-Ligue-1,nan
FRA-Ligue 1,2223,Rennes,2023-04-01 Rennes-Lens,2023-04-01,21:00:00,Matchweek 29,Sat,Home,L,0,1,Lens,1.0,1.5,56,28556.0,Hamari Traoré,5-4-1,3-4-3,Clément Turpin,/en/matches/1130a1b6/Rennes-Lens-April-1-2023-Ligue-1,nan
FRA-Ligue 1,2223,Rennes,2023-04-09 Lyon-Rennes,2023-04-09,13:00:00,Matchweek 30,Sun,Away,L,1,3,Lyon,1.1,1.1,41,45000.0,Hamari Traoré,4-2-3-1,4-1-4-1,Benoît Bastien,/en/matches/f258dab1/Lyon-Rennes-April-9-2023-Ligue-1,nan
FRA-Ligue 1,2223,Rennes,2023-04-15 Rennes-Reims,2023-04-15,17:00:00,Matchweek 31,Sat,Home,W,3,0,Reims,2.9,0.4,51,27936.0,Hamari Traoré,4-1-4-1,4-2-3-1,Jeremy Stinat,/en/matches/46c859a1/Rennes-Reims-April-15-2023-Ligue-1,nan
FRA-Ligue 1,2223,Rennes,2023-04-23 Montpellier-Rennes,2023-04-23,17:05:00,Matchweek 32,Sun,Away,L,0,1,Montpellier,1.1,0.9,69,15537.0,Hamari Traoré,4-1-4-1,4-2-3-1,Ruddy Buquet,/en/matches/f605cc42/Montpellier-Rennes-April-23-2023-Ligue-1,nan
FRA-Ligue 1,2223,Rennes,2023-04-30 Rennes-Angers,2023-04-30,15:00:00,Matchweek 33,Sun,Home,W,4,2,Angers,2.1,1.0,64,28028.0,Hamari Traoré,4-1-4-1,5-3-2,Florent Batta,/en/matches/8a1bae48/Rennes-Angers-April-30-2023-Ligue-1,nan
FRA-Ligue 1,2223,Rennes,2023-05-06 Nice-Rennes,2023-05-06,17:00:00,Matchweek 34,Sat,Away,L,1,2,Nice,1.3,1.6,53,22601.0,Hamari Traoré,4-1-4-1,4-3-3,Willy Delajod,/en/matches/7892fd01/Nice-Rennes-May-6-2023-Ligue-1,nan
FRA-Ligue 1,2223,Rennes,2023-05-14 Rennes-Troyes,2023-05-14,15:00:00,Matchweek 35,Sun,Home,W,4,0,Troyes,3.9,0.4,66,27836.0,Hamari Traoré,4-1-4-1,3-4-3,Stéphanie Frappart,/en/matches/ed2523e7/Rennes-Troyes-May-14-2023-Ligue-1,nan
FRA-Ligue 1,2223,Rennes,2023-05-21 Ajaccio-Rennes,2023-05-21,13:00:00,Matchweek 36,Sun,Away,W,5,0,Ajaccio,1.3,0.1,58,6637.0,Hamari Traoré,4-1-4-1,4-4-2,Eric Wattellier,/en/matches/3f140dc2/Ajaccio-Rennes-May-21-2023-Ligue-1,nan
FRA-Ligue 1,2223,Rennes,2023-05-27 Rennes-Monaco,2023-05-27,21:00:00,Matchweek 37,Sat,Home,W,2,0,Monaco,1.3,0.5,57,28344.0,Hamari Traoré,4-1-4-1,4-4-1-1,Clément Turpin,/en/matches/25f4ccfb/Rennes-Monaco-May-27-2023-Ligue-1,nan
FRA-Ligue 1,2223,Rennes,2023-06-03 Brest-Rennes,2023-06-03,21:00:00,Matchweek 38,Sat,Away,W,2,1,Brest,1.9,1.5,47,15143.0,Hamari Traoré,4-3-3,4-3-3,Jérôme Brisard,/en/matches/e9d9bb82/Brest-Rennes-June-3-2023-Ligue-1,nan
FRA-Ligue 1,2223,Strasbourg,2022-08-06 Strasbourg-Monaco,2022-08-06,17:00:00,Matchweek 1,Sat,Home,L,1,2,Monaco,0.8,2.8,53,25359.0,Dimitri Liénard,3-4-1-2,4-2-3-1,François Letexier,/en/matches/b9e7f94c/Strasbourg-Monaco-August-6-2022-Ligue-1,nan
FRA-Ligue 1,2223,Strasbourg,2022-08-14 Nice-Strasbourg,2022-08-14,17:05:00,Matchweek 2,Sun,Away,D,1,1,Nice,0.9,1.6,45,24707.0,Dimitri Liénard,3-5-2,4-2-3-1,Hakim Ben El Hadj Salem,/en/matches/d1bb8afd/Nice-Strasbourg-August-14-2022-Ligue-1,nan
FRA-Ligue 1,2223,Strasbourg,2022-08-21 Strasbourg-Reims,2022-08-21,13:00:00,Matchweek 3,Sun,Home,D,1,1,Reims,1.2,2.0,63,25175.0,Dimitri Liénard,3-5-2,3-4-1-2,Ruddy Buquet,/en/matches/be90ec61/Strasbourg-Reims-August-21-2022-Ligue-1,nan
FRA-Ligue 1,2223,Strasbourg,2022-08-27 Auxerre-Strasbourg,2022-08-27,17:00:00,Matchweek 4,Sat,Away,L,0,1,Auxerre,1.3,0.6,58,16059.0,Dimitri Liénard,3-5-2,4-1-4-1,Johan Hamel,/en/matches/0bd45b22/Auxerre-Strasbourg-August-27-2022-Ligue-1,nan
FRA-Ligue 1,2223,Strasbourg,2022-08-31 Strasbourg-Nantes,2022-08-31,19:00:00,Matchweek 5,Wed,Home,D,1,1,Nantes,0.4,1.2,46,25162.0,Dimitri Liénard,3-5-2,4-2-3-1,Clément Turpin,/en/matches/6a2fc46c/Strasbourg-Nantes-August-31-2022-Ligue-1,nan
FRA-Ligue 1,2223,Strasbourg,2022-09-04 Brest-Strasbourg,2022-09-04,15:00:00,Matchweek 6,Sun,Away,D,1,1,Brest,2.4,0.8,41,11003.0,Alexander Djiku,3-5-2,4-2-3-1,Bastien Dechepy,/en/matches/a4f51170/Brest-Strasbourg-September-4-2022-Ligue-1,nan
FRA-Ligue 1,2223,Strasbourg,2022-09-11 Strasbourg-Clermont Foot,2022-09-11,13:00:00,Matchweek 7,Sun,Home,D,0,0,Clermont Foot,1.2,0.8,43,25089.0,Alexander Djiku,4-3-1-2,3-4-3,Marc Bollengier,/en/matches/198f2034/Strasbourg-Clermont-Foot-September-11-2022-Ligue-1,nan
FRA-Ligue 1,2223,Strasbourg,2022-09-17 Montpellier-Strasbourg,2022-09-17,17:00:00,Matchweek 8,Sat,Away,L,1,2,Montpellier,0.6,1.8,50,10780.0,Dimitri Liénard,3-5-2,4-2-3-1,Jeremy Stinat,/en/matches/ea79c10f/Montpellier-Strasbourg-September-17-2022-Ligue-1,nan
FRA-Ligue 1,2223,Strasbourg,2022-10-01 Strasbourg-Rennes,2022-10-01,17:00:00,Matchweek 9,Sat,Home,L,1,3,Rennes,1.3,3.2,40,25226.0,Dimitri Liénard,3-5-2,4-4-2,Eric Wattellier,/en/matches/304c5e6e/Strasbourg-Rennes-October-1-2022-Ligue-1,nan
FRA-Ligue 1,2223,Strasbourg,2022-10-09 Angers-Strasbourg,2022-10-09,15:00:00,Matchweek 10,Sun,Away,W,3,2,Angers,2.0,2.1,46,8000.0,Alexander Djiku,3-5-2,4-4-2,Clément Turpin,/en/matches/bc649871/Angers-Strasbourg-October-9-2022-Ligue-1,nan
FRA-Ligue 1,2223,Strasbourg,2022-10-14 Strasbourg-Lille,2022-10-14,21:00:00,Matchweek 11,Fri,Home,L,0,3,Lille,0.6,2.3,43,25313.0,Alexander Djiku,3-5-2,4-2-3-1,Jérémie Pignard,/en/matches/5004b998/Strasbourg-Lille-October-14-2022-Ligue-1,nan
FRA-Ligue 1,2223,Strasbourg,2022-10-23 Toulouse-Strasbourg,2022-10-23,15:00:00,Matchweek 12,Sun,Away,D,2,2,Toulouse,1.8,2.2,52,21622.0,Dimitri Liénard,3-5-2,4-2-3-1,Jeremy Stinat,/en/matches/ef6dff8d/Toulouse-Strasbourg-October-23-2022-Ligue-1,nan
FRA-Ligue 1,2223,Strasbourg,2022-10-29 Strasbourg-Marseille,2022-10-29,21:00:00,Matchweek 13,Sat,Home,D,2,2,Marseille,1.1,2.0,51,25687.0,Adrien Thomasson,3-5-2,3-4-3,Ruddy Buquet,/en/matches/be8af29c/Strasbourg-Marseille-October-29-2022-Ligue-1,nan
FRA-Ligue 1,2223,Strasbourg,2022-11-05 Ajaccio-Strasbourg,2022-11-05,17:00:00,Matchweek 14,Sat,Away,L,2,4,Ajaccio,0.9,3.7,51,7203.0,Alexander Djiku,3-4-3,4-4-2,Mathieu Vernice,/en/matches/ce07c8bb/Ajaccio-Strasbourg-November-5-2022-Ligue-1,nan
FRA-Ligue 1,2223,Strasbourg,2022-11-13 Strasbourg-Lorient,2022-11-13,17:05:00,Matchweek 15,Sun,Home,D,1,1,Lorient,2.3,0.5,61,25117.0,Dimitri Liénard,4-4-2,4-1-4-1,Pierre Gaillouste,/en/matches/d02cfa28/Strasbourg-Lorient-November-13-2022-Ligue-1,nan
FRA-Ligue 1,2223,Strasbourg,2022-12-28 Paris S-G-Strasbourg,2022-12-28,21:00:00,Matchweek 16,Wed,Away,L,1,2,Paris S-G,1.3,2.1,29,47000.0,Alexander Djiku,4-1-2-1-2◆,4-3-1-2,Clément Turpin,/en/matches/c4b9d773/Paris-Saint-Germain-Strasbourg-December-28-2022-Ligue-1,nan
FRA-Ligue 1,2223,Strasbourg,2023-01-02 Strasbourg-Troyes,2023-01-02,15:00:00,Matchweek 17,Mon,Home,L,2,3,Troyes,1.1,1.2,56,25135.0,Alexander Djiku,4-3-1-2,4-2-3-1,Benoît Millot,/en/matches/f8182d7b/Strasbourg-Troyes-January-2-2023-Ligue-1,nan
FRA-Ligue 1,2223,Strasbourg,2023-01-11 Strasbourg-Lens,2023-01-11,21:00:00,Matchweek 18,Wed,Home,D,2,2,Lens,0.8,1.9,35,25624.0,Dimitri Liénard,5-3-2,3-4-3,François Letexier,/en/matches/e91d3b16/Strasbourg-Lens-January-11-2023-Ligue-1,nan
FRA-Ligue 1,2223,Strasbourg,2023-01-14 Lyon-Strasbourg,2023-01-14,21:00:00,Matchweek 19,Sat,Away,W,2,1,Lyon,1.1,2.8,28,38473.0,Dimitri Liénard,5-3-2,3-4-1-2,Jeremy Stinat,/en/matches/6016edce/Lyon-Strasbourg-January-14-2023-Ligue-1,nan
FRA-Ligue 1,2223,Strasbourg,2023-01-29 Strasbourg-Toulouse,2023-01-29,15:00:00,Matchweek 20,Sun,Home,L,1,2,Toulouse,1.3,1.2,54,25196.0,Alexander Djiku,3-5-2,4-3-3,Willy Delajod,/en/matches/a2c720b1/Strasbourg-Toulouse-January-29-2023-Ligue-1,nan
FRA-Ligue 1,2223,Strasbourg,2023-02-01 Rennes-Strasbourg,2023-02-01,21:00:00,Matchweek 21,Wed,Away,L,0,3,Rennes,0.1,1.1,41,26176.0,Alexander Djiku,5-4-1,4-3-3,Marc Bollengier,/en/matches/cdc46e1d/Rennes-Strasbourg-February-1-2023-Ligue-1,nan
FRA-Ligue 1,2223,Strasbourg,2023-02-05 Strasbourg-Montpellier,2023-02-05,15:00:00,Matchweek 22,Sun,Home,W,2,0,Montpellier,0.9,0.9,33,25028.0,Dimitri Liénard,5-4-1,4-3-3,Stéphanie Frappart,/en/matches/1b074cd2/Strasbourg-Montpellier-February-5-2023-Ligue-1,nan
FRA-Ligue 1,2223,Strasbourg,2023-02-12 Lille-Strasbourg,2023-02-12,15:00:00,Matchweek 23,Sun,Away,L,0,2,Lille,0.3,2.7,33,30812.0,Dimitri Liénard,3-4-3,4-2-3-1,Hakim Ben El Hadj Salem,/en/matches/5bcb2b4d/Lille-Strasbourg-February-12-2023-Ligue-1,nan
FRA-Ligue 1,2223,Strasbourg,2023-02-18 Strasbourg-Angers,2023-02-18,21:00:00,Matchweek 24,Sat,Home,W,2,1,Angers,1.7,1.2,36,25062.0,Dimitri Liénard,3-5-2,4-4-2,François Letexier,/en/matches/7981e432/Strasbourg-Angers-February-18-2023-Ligue-1,nan
FRA-Ligue 1,2223,Strasbourg,2023-02-26 Clermont Foot-Strasbourg,2023-02-26,15:00:00,Matchweek 25,Sun,Away,D,1,1,Clermont Foot,1.2,1.2,44,10221.0,Dimitri Liénard,3-5-2,3-4-3,Willy Delajod,/en/matches/3c41bf64/Clermont-Foot-Strasbourg-February-26-2023-Ligue-1,nan
FRA-Ligue 1,2223,Strasbourg,2023-03-05 Strasbourg-Brest,2023-03-05,15:00:00,Matchweek 26,Sun,Home,L,0,1,Brest,1.2,0.8,62,25123.0,Dimitri Liénard,3-5-2,4-1-4-1,Ruddy Buquet,/en/matches/9971c1e8/Strasbourg-Brest-March-5-2023-Ligue-1,nan
FRA-Ligue 1,2223,Strasbourg,2023-03-12 Marseille-Strasbourg,2023-03-12,20:45:00,Matchweek 27,Sun,Away,D,2,2,Marseille,2.1,1.6,59,63380.0,Dimitri Liénard,3-5-2,3-4-3,Jérémie Pignard,/en/matches/5bd3872f/Marseille-Strasbourg-March-12-2023-Ligue-1,nan
FRA-Ligue 1,2223,Strasbourg,2023-03-19 Strasbourg-Auxerre,2023-03-19,15:00:00,Matchweek 28,Sun,Home,W,2,0,Auxerre,2.8,0.7,51,25530.0,Dimitri Liénard,5-3-2,3-4-3,Eric Wattellier,/en/matches/8c7d3708/Strasbourg-Auxerre-March-19-2023-Ligue-1,nan
FRA-Ligue 1,2223,Strasbourg,2023-04-02 Monaco-Strasbourg,2023-04-02,17:05:00,Matchweek 29,Sun,Away,L,3,4,Monaco,1.5,1.4,50,5356.0,Matz Sels,3-1-4-2,4-4-2,Willy Delajod,/en/matches/87a8aadf/Monaco-Strasbourg-April-2-2023-Ligue-1,nan
FRA-Ligue 1,2223,Strasbourg,2023-04-07 Lens-Strasbourg,2023-04-07,21:00:00,Matchweek 30,Fri,Away,L,1,2,Lens,0.8,1.0,46,38223.0,Alexander Djiku,3-4-3,3-4-3,Pierre Gaillouste,/en/matches/c64ab24a/Lens-Strasbourg-April-7-2023-Ligue-1,nan
FRA-Ligue 1,2223,Strasbourg,2023-04-16 Strasbourg-Ajaccio,2023-04-16,15:00:00,Matchweek 31,Sun,Home,W,3,1,Ajaccio,1.6,0.4,43,25130.0,Alexander Djiku,5-3-2,4-2-3-1,Stéphanie Frappart,/en/matches/c4b417d4/Strasbourg-Ajaccio-April-16-2023-Ligue-1,nan
FRA-Ligue 1,2223,Strasbourg,2023-04-23 Reims-Strasbourg,2023-04-23,13:00:00,Matchweek 32,Sun,Away,W,2,0,Reims,0.8,1.4,27,13737.0,Alexander Djiku,3-4-3,4-2-3-1,Clément Turpin,/en/matches/bd272f62/Reims-Strasbourg-April-23-2023-Ligue-1,nan
FRA-Ligue 1,2223,Strasbourg,2023-04-28 Strasbourg-Lyon,2023-04-28,21:00:00,Matchweek 33,Fri,Home,L,1,2,Lyon,1.3,0.8,53,25360.0,Alexander Djiku,3-4-3,3-1-4-2,Ruddy Buquet,/en/matches/7102beec/Strasbourg-Lyon-April-28-2023-Ligue-1,nan
FRA-Ligue 1,2223,Strasbourg,2023-05-07 Nantes-Strasbourg,2023-05-07,15:00:00,Matchweek 34,Sun,Away,W,2,0,Nantes,2.2,0.8,46,28563.0,Alexander Djiku,3-4-3,3-4-1-2,Benoît Bastien,/en/matches/8411b267/Nantes-Strasbourg-May-7-2023-Ligue-1,nan
FRA-Ligue 1,2223,Strasbourg,2023-05-13 Strasbourg-Nice,2023-05-13,17:00:00,Matchweek 35,Sat,Home,W,2,0,Nice,2.0,0.5,40,25147.0,Matz Sels,3-4-3,4-3-3,Jeremy Stinat,/en/matches/c505aa59/Strasbourg-Nice-May-13-2023-Ligue-1,nan
FRA-Ligue 1,2223,Strasbourg,2023-05-21 Troyes-Strasbourg,2023-05-21,15:00:00,Matchweek 36,Sun,Away,D,1,1,Troyes,1.6,0.6,55,9834.0,Alexander Djiku,3-4-3,3-4-3,Clément Turpin,/en/matches/bfbeee1e/Troyes-Strasbourg-May-21-2023-Ligue-1,nan
FRA-Ligue 1,2223,Strasbourg,2023-05-27 Strasbourg-Paris S-G,2023-05-27,21:00:00,Matchweek 37,Sat,Home,D,1,1,Paris S-G,1.2,1.0,34,25828.0,Matz Sels,3-5-1-1,3-5-2,Jérôme Brisard,/en/matches/b78590c5/Strasbourg-Paris-Saint-Germain-May-27-2023-Ligue-1,nan
FRA-Ligue 1,2223,Strasbourg,2023-06-03 Lorient-Strasbourg,2023-06-03,21:00:00,Matchweek 38,Sat,Away,L,1,2,Lorient,1.0,0.5,47,16351.0,Matz Sels,3-4-3,3-4-3,Bastien Dechepy,/en/matches/a744a9bd/Lorient-Strasbourg-June-3-2023-Ligue-1,nan
FRA-Ligue 1,2223,Toulouse,2022-08-07 Toulouse-Nice,2022-08-07,13:00:00,Matchweek 1,Sun,Home,D,1,1,Nice,0.9,1.2,46,20567.0,Branco van den Boomen,4-2-3-1,4-3-3,Johan Hamel,/en/matches/8f2f241b/Toulouse-Nice-August-7-2022-Ligue-1,nan
FRA-Ligue 1,2223,Toulouse,2022-08-14 Troyes-Toulouse,2022-08-14,15:00:00,Matchweek 2,Sun,Away,W,3,0,Troyes,1.5,1.0,67,6000.0,Brecht Dejaegere,4-2-3-1,5-4-1,Marc Bollengier,/en/matches/f60d97c0/Troyes-Toulouse-August-14-2022-Ligue-1,nan
FRA-Ligue 1,2223,Toulouse,2022-08-21 Toulouse-Lorient,2022-08-21,15:00:00,Matchweek 3,Sun,Home,D,2,2,Lorient,1.8,2.5,52,23862.0,Brecht Dejaegere,4-3-3,4-2-3-1,Gustavo Correia,/en/matches/8fd476c8/Toulouse-Lorient-August-21-2022-Ligue-1,nan
FRA-Ligue 1,2223,Toulouse,2022-08-28 Nantes-Toulouse,2022-08-28,13:00:00,Matchweek 4,Sun,Away,L,1,3,Nantes,0.6,1.5,50,26574.0,Brecht Dejaegere,4-2-3-1,4-3-3,Mathieu Vernice,/en/matches/211a8d64/Nantes-Toulouse-August-28-2022-Ligue-1,nan
FRA-Ligue 1,2223,Toulouse,2022-08-31 Toulouse-Paris S-G,2022-08-31,21:00:00,Matchweek 5,Wed,Home,L,0,3,Paris S-G,0.8,2.8,38,31700.0,Branco van den Boomen,3-4-3,3-4-3,Hakim Ben El Hadj Salem,/en/matches/63fb1427/Toulouse-Paris-Saint-Germain-August-31-2022-Ligue-1,nan
FRA-Ligue 1,2223,Toulouse,2022-09-04 Clermont Foot-Toulouse,2022-09-04,15:00:00,Matchweek 6,Sun,Away,L,0,2,Clermont Foot,1.3,1.3,66,10085.0,Brecht Dejaegere,4-2-3-1,3-4-3,François Letexier,/en/matches/20d46d25/Clermont-Foot-Toulouse-September-4-2022-Ligue-1,nan
FRA-Ligue 1,2223,Toulouse,2022-09-11 Toulouse-Reims,2022-09-11,15:00:00,Matchweek 7,Sun,Home,W,1,0,Reims,1.3,1.0,47,21315.0,Branco van den Boomen,5-4-1,3-4-1-2,Stéphanie Frappart,/en/matches/9f57e775/Toulouse-Reims-September-11-2022-Ligue-1,nan
FRA-Ligue 1,2223,Toulouse,2022-09-17 Lille-Toulouse,2022-09-17,21:00:00,Matchweek 8,Sat,Away,L,1,2,Lille,0.8,1.0,55,33635.0,Branco van den Boomen,5-4-1,4-2-3-1,Pierre Gaillouste,/en/matches/00795804/Lille-Toulouse-September-17-2022-Ligue-1,nan
FRA-Ligue 1,2223,Toulouse,2022-10-02 Toulouse-Montpellier,2022-10-02,15:00:00,Matchweek 9,Sun,Home,W,4,2,Montpellier,1.7,1.2,43,21820.0,Brecht Dejaegere,4-3-3,4-2-3-1,Jérémie Pignard,/en/matches/b53830d8/Toulouse-Montpellier-October-2-2022-Ligue-1,nan
FRA-Ligue 1,2223,Toulouse,2022-10-07 Lyon-Toulouse,2022-10-07,21:00:00,Matchweek 10,Fri,Away,D,1,1,Lyon,0.5,1.4,42,41295.0,Brecht Dejaegere,4-3-3,4-2-3-1,Ruddy Buquet,/en/matches/3e063ecd/Lyon-Toulouse-October-7-2022-Ligue-1,nan
FRA-Ligue 1,2223,Toulouse,2022-10-16 Toulouse-Angers,2022-10-16,13:00:00,Matchweek 11,Sun,Home,W,3,2,Angers,2.4,1.2,55,21141.0,Brecht Dejaegere,4-3-3,5-3-2,Benoît Bastien,/en/matches/4b81fd1f/Toulouse-Angers-October-16-2022-Ligue-1,nan
FRA-Ligue 1,2223,Toulouse,2022-10-23 Toulouse-Strasbourg,2022-10-23,15:00:00,Matchweek 12,Sun,Home,D,2,2,Strasbourg,2.2,1.8,48,21622.0,Brecht Dejaegere,4-2-3-1,3-5-2,Jeremy Stinat,/en/matches/ef6dff8d/Toulouse-Strasbourg-October-23-2022-Ligue-1,nan
FRA-Ligue 1,2223,Toulouse,2022-10-28 Lens-Toulouse,2022-10-28,21:00:00,Matchweek 13,Fri,Away,L,0,3,Lens,0.7,2.4,48,37488.0,Brecht Dejaegere,4-3-3,3-4-3,Florent Batta,/en/matches/95ff5e13/Lens-Toulouse-October-28-2022-Ligue-1,nan
FRA-Ligue 1,2223,Toulouse,2022-11-06 Toulouse-Monaco,2022-11-06,15:00:00,Matchweek 14,Sun,Home,L,0,2,Monaco,0.7,2.4,48,23005.0,Brecht Dejaegere,4-3-3,4-2-3-1,Benoît Millot,/en/matches/4c62ed91/Toulouse-Monaco-November-6-2022-Ligue-1,nan
FRA-Ligue 1,2223,Toulouse,2022-11-12 Rennes-Toulouse,2022-11-12,21:00:00,Matchweek 15,Sat,Away,L,1,2,Rennes,1.0,2.1,54,26835.0,Branco van den Boomen,4-3-3,4-4-2,Willy Delajod,/en/matches/f352bc06/Rennes-Toulouse-November-12-2022-Ligue-1,nan
FRA-Ligue 1,2223,Toulouse,2022-12-29 Marseille-Toulouse,2022-12-29,21:00:00,Matchweek 16,Thu,Away,L,1,6,Marseille,1.8,2.6,49,61371.0,Brecht Dejaegere,4-3-3,3-4-3,Jérémie Pignard,/en/matches/34caf658/Marseille-Toulouse-December-29-2022-Ligue-1,nan
FRA-Ligue 1,2223,Toulouse,2023-01-01 Toulouse-Ajaccio,2023-01-01,15:00:00,Matchweek 17,Sun,Home,W,2,0,Ajaccio,1.1,0.0,62,25957.0,Brecht Dejaegere,4-3-3,4-4-2,Pierre Gaillouste,/en/matches/0e22e8ba/Toulouse-Ajaccio-January-1-2023-Ligue-1,nan
FRA-Ligue 1,2223,Toulouse,2023-01-11 Auxerre-Toulouse,2023-01-11,19:00:00,Matchweek 18,Wed,Away,W,5,0,Auxerre,2.2,1.1,52,12405.0,Brecht Dejaegere,4-3-3,4-4-2,Florent Batta,/en/matches/7037273e/Auxerre-Toulouse-January-11-2023-Ligue-1,nan
FRA-Ligue 1,2223,Toulouse,2023-01-15 Toulouse-Brest,2023-01-15,15:00:00,Matchweek 19,Sun,Home,D,1,1,Brest,1.4,1.0,64,20637.0,Brecht Dejaegere,4-3-3,4-1-4-1,Benoît Millot,/en/matches/10ac929c/Toulouse-Brest-January-15-2023-Ligue-1,nan
FRA-Ligue 1,2223,Toulouse,2023-01-29 Strasbourg-Toulouse,2023-01-29,15:00:00,Matchweek 20,Sun,Away,W,2,1,Strasbourg,1.2,1.3,46,25196.0,Branco van den Boomen,4-3-3,3-5-2,Willy Delajod,/en/matches/a2c720b1/Strasbourg-Toulouse-January-29-2023-Ligue-1,nan
FRA-Ligue 1,2223,Toulouse,2023-02-01 Toulouse-Troyes,2023-02-01,19:00:00,Matchweek 21,Wed,Home,W,4,1,Troyes,2.2,1.2,55,17725.0,Brecht Dejaegere,4-3-3,3-5-2,Mathieu Vernice,/en/matches/6226baab/Toulouse-Troyes-February-1-2023-Ligue-1,nan
FRA-Ligue 1,2223,Toulouse,2023-02-04 Paris S-G-Toulouse,2023-02-04,17:00:00,Matchweek 22,Sat,Away,L,1,2,Paris S-G,0.8,1.9,39,45000.0,Brecht Dejaegere,4-3-3,4-1-2-1-2,Bastien Dechepy,/en/matches/20d2d2e9/Paris-Saint-Germain-Toulouse-February-4-2023-Ligue-1,nan
FRA-Ligue 1,2223,Toulouse,2023-02-12 Toulouse-Rennes,2023-02-12,13:00:00,Matchweek 23,Sun,Home,W,3,1,Rennes,2.1,1.3,32,21783.0,Brecht Dejaegere,4-3-3,4-4-2,Jeremy Stinat,/en/matches/65d07eec/Toulouse-Rennes-February-12-2023-Ligue-1,nan
FRA-Ligue 1,2223,Toulouse,2023-02-19 Toulouse-Marseille,2023-02-19,20:45:00,Matchweek 24,Sun,Home,L,2,3,Marseille,2.0,1.0,52,29218.0,Brecht Dejaegere,4-1-4-1,3-4-3,Stéphanie Frappart,/en/matches/9d43f831/Toulouse-Marseille-February-19-2023-Ligue-1,nan
FRA-Ligue 1,2223,Toulouse,2023-02-26 Reims-Toulouse,2023-02-26,15:00:00,Matchweek 25,Sun,Away,L,0,3,Reims,1.1,2.7,53,12139.0,Brecht Dejaegere,4-3-3,4-2-3-1,Mathieu Vernice,/en/matches/bf387fea/Reims-Toulouse-February-26-2023-Ligue-1,nan
FRA-Ligue 1,2223,Toulouse,2023-03-05 Toulouse-Clermont Foot,2023-03-05,15:00:00,Matchweek 26,Sun,Home,L,0,1,Clermont Foot,1.0,0.8,51,20620.0,Brecht Dejaegere,4-2-3-1,3-4-3,Florent Batta,/en/matches/332295d4/Toulouse-Clermont-Foot-March-5-2023-Ligue-1,nan
FRA-Ligue 1,2223,Toulouse,2023-03-12 Angers-Toulouse,2023-03-12,15:00:00,Matchweek 27,Sun,Away,W,2,0,Angers,1.6,1.7,60,6487.0,Brecht Dejaegere,4-2-3-1,5-3-2,Pierre Gaillouste,/en/matches/7bf37201/Angers-Toulouse-March-12-2023-Ligue-1,nan
FRA-Ligue 1,2223,Toulouse,2023-03-18 Toulouse-Lille,2023-03-18,17:00:00,Matchweek 28,Sat,Home,L,0,2,Lille,2.3,1.4,47,23006.0,Brecht Dejaegere,4-2-3-1,4-2-3-1,Hakim Ben El Hadj Salem,/en/matches/0659aa2f/Toulouse-Lille-March-18-2023-Ligue-1,nan
FRA-Ligue 1,2223,Toulouse,2023-04-02 Brest-Toulouse,2023-04-02,15:00:00,Matchweek 29,Sun,Away,L,1,3,Brest,1.2,1.7,59,12325.0,Branco van den Boomen,4-2-3-1,4-1-4-1,Stéphanie Frappart,/en/matches/1b47ccce/Brest-Toulouse-April-2-2023-Ligue-1,nan
FRA-Ligue 1,2223,Toulouse,2023-04-09 Montpellier-Toulouse,2023-04-09,15:00:00,Matchweek 30,Sun,Away,W,2,1,Montpellier,2.1,1.9,49,17283.0,Brecht Dejaegere,4-2-3-1,4-2-3-1,Florent Batta,/en/matches/444918ba/Montpellier-Toulouse-April-9-2023-Ligue-1,nan
FRA-Ligue 1,2223,Toulouse,2023-04-14 Toulouse-Lyon,2023-04-14,21:00:00,Matchweek 31,Fri,Home,L,1,2,Lyon,1.2,2.3,43,28302.0,Branco van den Boomen,4-2-3-1,4-3-3,François Letexier,/en/matches/fbcb2095/Toulouse-Lyon-April-14-2023-Ligue-1,nan
FRA-Ligue 1,2223,Toulouse,2023-04-23 Lorient-Toulouse,2023-04-23,15:00:00,Matchweek 32,Sun,Away,W,1,0,Lorient,1.1,0.6,46,15948.0,Maxime Dupé,4-2-3-1,3-4-3,Marc Bollengier,/en/matches/b1552b3c/Lorient-Toulouse-April-23-2023-Ligue-1,nan
FRA-Ligue 1,2223,Toulouse,2023-05-02 Toulouse-Lens,2023-05-02,21:00:00,Matchweek 33,Tue,Home,L,0,1,Lens,0.6,1.2,47,30866.0,Maxime Dupé,3-4-3,3-4-3,Bastien Dechepy,/en/matches/b5e2c075/Toulouse-Lens-May-2-2023-Ligue-1,nan
FRA-Ligue 1,2223,Toulouse,2023-05-07 Ajaccio-Toulouse,2023-05-07,15:00:00,Matchweek 34,Sun,Away,D,0,0,Ajaccio,1.7,0.3,61,6735.0,Brecht Dejaegere,4-2-3-1,4-5-1,Florent Batta,/en/matches/504a857a/Ajaccio-Toulouse-May-7-2023-Ligue-1,nan
FRA-Ligue 1,2223,Toulouse,2023-05-14 Toulouse-Nantes,2023-05-14,15:00:00,Matchweek 35,Sun,Home,D,0,0,Nantes,1.3,1.0,71,27033.0,Maxime Dupé,4-2-3-1,3-4-1-2,Jérôme Brisard,/en/matches/52ee44a2/Toulouse-Nantes-May-14-2023-Ligue-1,nan
FRA-Ligue 1,2223,Toulouse,2023-05-21 Nice-Toulouse,2023-05-21,15:00:00,Matchweek 36,Sun,Away,D,0,0,Nice,0.8,2.2,49,20041.0,Maxime Dupé,4-2-3-1,4-3-3,Jérémie Pignard,/en/matches/9250f89a/Nice-Toulouse-May-21-2023-Ligue-1,nan
FRA-Ligue 1,2223,Toulouse,2023-05-27 Toulouse-Auxerre,2023-05-27,21:00:00,Matchweek 37,Sat,Home,D,1,1,Auxerre,0.8,0.9,60,25172.0,Brecht Dejaegere,4-2-3-1,5-4-1,Mathieu Vernice,/en/matches/e117776e/Toulouse-Auxerre-May-27-2023-Ligue-1,nan
FRA-Ligue 1,2223,Toulouse,2023-06-03 Monaco-Toulouse,2023-06-03,21:00:00,Matchweek 38,Sat,Away,W,2,1,Monaco,2.6,2.2,43,5670.0,Maxime Dupé,5-4-1,4-2-3-1,Stéphanie Frappart,/en/matches/206cb494/Monaco-Toulouse-June-3-2023-Ligue-1,nan
FRA-Ligue 1,2223,Troyes,2022-08-07 Montpellier-Troyes,2022-08-07,15:00:00,Matchweek 1,Sun,Away,L,2,3,Montpellier,2.0,1.7,46,12003.0,Florian Tardieu,5-4-1,4-2-3-1,Pierre Gaillouste,/en/matches/e3e9b9b5/Montpellier-Troyes-August-7-2022-Ligue-1,nan
FRA-Ligue 1,2223,Troyes,2022-08-14 Troyes-Toulouse,2022-08-14,15:00:00,Matchweek 2,Sun,Home,L,0,3,Toulouse,1.0,1.5,33,6000.0,Florian Tardieu,5-4-1,4-2-3-1,Marc Bollengier,/en/matches/f60d97c0/Troyes-Toulouse-August-14-2022-Ligue-1,nan
FRA-Ligue 1,2223,Troyes,2022-08-19 Lyon-Troyes,2022-08-19,21:00:00,Matchweek 3,Fri,Away,L,1,4,Lyon,1.0,2.6,34,43000.0,Adil Rami,5-4-1,4-3-3,Eric Wattellier,/en/matches/a1baf3a5/Lyon-Troyes-August-19-2022-Ligue-1,nan
FRA-Ligue 1,2223,Troyes,2022-08-28 Troyes-Angers,2022-08-28,15:00:00,Matchweek 4,Sun,Home,W,3,1,Angers,1.9,0.7,49,6673.0,Adil Rami,5-4-1,3-1-4-2,Stéphanie Frappart,/en/matches/ccccf547/Troyes-Angers-August-28-2022-Ligue-1,nan
FRA-Ligue 1,2223,Troyes,2022-08-31 Monaco-Troyes,2022-08-31,19:00:00,Matchweek 5,Wed,Away,W,4,2,Monaco,2.2,1.2,48,4045.0,Florian Tardieu,5-4-1,3-4-1-2,Ruddy Buquet,/en/matches/8b21a4d4/Monaco-Troyes-August-31-2022-Ligue-1,nan
FRA-Ligue 1,2223,Troyes,2022-09-04 Troyes-Rennes,2022-09-04,17:05:00,Matchweek 6,Sun,Home,D,1,1,Rennes,0.9,2.4,29,8000.0,Florian Tardieu,5-4-1,4-3-3,Mathieu Vernice,/en/matches/e174ad85/Troyes-Rennes-September-4-2022-Ligue-1,nan
FRA-Ligue 1,2223,Troyes,2022-09-09 Lens-Troyes,2022-09-09,21:00:00,Matchweek 7,Fri,Away,L,0,1,Lens,0.7,1.4,37,37344.0,Adil Rami,5-4-1,3-4-3,Hakim Ben El Hadj Salem,/en/matches/953fed3d/Lens-Troyes-September-9-2022-Ligue-1,nan
FRA-Ligue 1,2223,Troyes,2022-09-18 Clermont Foot-Troyes,2022-09-18,15:00:00,Matchweek 8,Sun,Away,W,3,1,Clermont Foot,1.5,1.0,42,10753.0,Gauthier Gallon,5-4-1,3-4-3,Jérôme Brisard,/en/matches/4724678c/Clermont-Foot-Troyes-September-18-2022-Ligue-1,nan
FRA-Ligue 1,2223,Troyes,2022-10-02 Troyes-Reims,2022-10-02,15:00:00,Matchweek 9,Sun,Home,D,2,2,Reims,1.6,1.0,68,10164.0,Florian Tardieu,5-3-2,3-4-1-2,Benoît Millot,/en/matches/1cbd26d0/Troyes-Reims-October-2-2022-Ligue-1,nan
FRA-Ligue 1,2223,Troyes,2022-10-09 Nice-Troyes,2022-10-09,15:00:00,Matchweek 10,Sun,Away,L,2,3,Nice,1.5,2.6,39,18053.0,Adil Rami,5-4-1,3-4-3,Johan Hamel,/en/matches/d77bb56e/Nice-Troyes-October-9-2022-Ligue-1,nan
FRA-Ligue 1,2223,Troyes,2022-10-16 Troyes-Ajaccio,2022-10-16,15:00:00,Matchweek 11,Sun,Home,D,1,1,Ajaccio,0.6,2.4,51,7731.0,Adil Rami,3-4-3,4-4-2,Jérôme Brisard,/en/matches/6ad88cc9/Troyes-Ajaccio-October-16-2022-Ligue-1,nan
FRA-Ligue 1,2223,Troyes,2022-10-23 Troyes-Lorient,2022-10-23,15:00:00,Matchweek 12,Sun,Home,D,2,2,Lorient,0.8,1.4,42,10000.0,Erik Palmer-Brown,5-4-1,4-2-3-1,Marc Bollengier,/en/matches/58eb4a20/Troyes-Lorient-October-23-2022-Ligue-1,nan
FRA-Ligue 1,2223,Troyes,2022-10-29 Paris S-G-Troyes,2022-10-29,17:00:00,Matchweek 13,Sat,Away,L,3,4,Paris S-G,2.0,2.9,33,47000.0,Gauthier Gallon,5-4-1,4-3-3,Eric Wattellier,/en/matches/0706f45a/Paris-Saint-Germain-Troyes-October-29-2022-Ligue-1,nan
FRA-Ligue 1,2223,Troyes,2022-11-04 Troyes-Auxerre,2022-11-04,21:00:00,Matchweek 14,Fri,Home,D,1,1,Auxerre,1.9,1.4,50,12689.0,Gauthier Gallon,3-4-1-2,4-4-2,Pierre Gaillouste,/en/matches/c138eba8/Troyes-Auxerre-November-4-2022-Ligue-1,nan
FRA-Ligue 1,2223,Troyes,2022-11-13 Brest-Troyes,2022-11-13,15:00:00,Matchweek 15,Sun,Away,L,1,2,Brest,1.0,2.4,46,10642.0,Yoann Salmier,3-4-3,4-3-3,Ruddy Buquet,/en/matches/8067e5e7/Brest-Troyes-November-13-2022-Ligue-1,nan
FRA-Ligue 1,2223,Troyes,2022-12-28 Troyes-Nantes,2022-12-28,15:00:00,Matchweek 16,Wed,Home,D,0,0,Nantes,0.2,1.5,56,9043.0,Yoann Salmier,4-2-3-1,4-1-4-1,Stéphanie Frappart,/en/matches/8501cd5a/Troyes-Nantes-December-28-2022-Ligue-1,nan
FRA-Ligue 1,2223,Troyes,2023-01-02 Strasbourg-Troyes,2023-01-02,15:00:00,Matchweek 17,Mon,Away,W,3,2,Strasbourg,1.2,1.1,44,25135.0,Yoann Salmier,4-2-3-1,4-3-1-2,Benoît Millot,/en/matches/f8182d7b/Strasbourg-Troyes-January-2-2023-Ligue-1,nan
FRA-Ligue 1,2223,Troyes,2023-01-11 Troyes-Marseille,2023-01-11,21:00:00,Matchweek 18,Wed,Home,L,0,2,Marseille,0.2,1.9,32,14222.0,Yoann Salmier,4-2-3-1,3-4-3,Hakim Ben El Hadj Salem,/en/matches/18500cfa/Troyes-Marseille-January-11-2023-Ligue-1,nan
FRA-Ligue 1,2223,Troyes,2023-01-15 Lille-Troyes,2023-01-15,13:00:00,Matchweek 19,Sun,Away,L,1,5,Lille,0.9,3.8,33,31254.0,Yoann Salmier,4-2-3-1,4-4-2,Pierre Gaillouste,/en/matches/50911140/Lille-Troyes-January-15-2023-Ligue-1,nan
FRA-Ligue 1,2223,Troyes,2023-01-28 Troyes-Lens,2023-01-28,17:00:00,Matchweek 20,Sat,Home,D,1,1,Lens,1.2,2.9,27,13500.0,Yoann Salmier,3-4-3,3-4-3,Clément Turpin,/en/matches/bf2e3c05/Troyes-Lens-January-28-2023-Ligue-1,nan
FRA-Ligue 1,2223,Troyes,2023-02-01 Toulouse-Troyes,2023-02-01,19:00:00,Matchweek 21,Wed,Away,L,1,4,Toulouse,1.2,2.2,45,17725.0,Yoann Salmier,3-5-2,4-3-3,Mathieu Vernice,/en/matches/6226baab/Toulouse-Troyes-February-1-2023-Ligue-1,nan
FRA-Ligue 1,2223,Troyes,2023-02-04 Troyes-Lyon,2023-02-04,19:00:00,Matchweek 22,Sat,Home,L,1,3,Lyon,1.0,0.8,42,10240.0,Yoann Salmier,3-5-2,4-3-1-2,François Letexier,/en/matches/774a8b12/Troyes-Lyon-February-4-2023-Ligue-1,nan
FRA-Ligue 1,2223,Troyes,2023-02-12 Reims-Troyes,2023-02-12,15:00:00,Matchweek 23,Sun,Away,L,0,4,Reims,0.9,2.3,47,8115.0,Yoann Salmier,3-5-2,4-2-3-1,Jérémie Pignard,/en/matches/b1ac1305/Reims-Troyes-February-12-2023-Ligue-1,nan
FRA-Ligue 1,2223,Troyes,2023-02-19 Troyes-Montpellier,2023-02-19,15:00:00,Matchweek 24,Sun,Home,L,0,1,Montpellier,0.1,1.6,51,7745.0,Adil Rami,3-4-3,4-2-3-1,Benoît Bastien,/en/matches/27b0ea20/Troyes-Montpellier-February-19-2023-Ligue-1,nan
FRA-Ligue 1,2223,Troyes,2023-02-26 Ajaccio-Troyes,2023-02-26,15:00:00,Matchweek 25,Sun,Away,L,1,2,Ajaccio,1.5,3.8,48,5983.0,Adil Rami,3-4-3,4-4-2,Marc Bollengier,/en/matches/78ba7c57/Ajaccio-Troyes-February-26-2023-Ligue-1,nan
FRA-Ligue 1,2223,Troyes,2023-03-05 Troyes-Monaco,2023-03-05,13:00:00,Matchweek 26,Sun,Home,D,2,2,Monaco,0.9,3.0,39,9160.0,Adil Rami,3-4-3,4-4-2,Stéphanie Frappart,/en/matches/ae83643a/Troyes-Monaco-March-5-2023-Ligue-1,nan
FRA-Ligue 1,2223,Troyes,2023-03-12 Lorient-Troyes,2023-03-12,15:00:00,Matchweek 27,Sun,Away,L,0,2,Lorient,0.7,1.9,48,13889.0,Adil Rami,3-4-3,4-1-4-1,Clément Turpin,/en/matches/11eab67b/Lorient-Troyes-March-12-2023-Ligue-1,nan
FRA-Ligue 1,2223,Troyes,2023-03-19 Troyes-Brest,2023-03-19,15:00:00,Matchweek 28,Sun,Home,D,2,2,Brest,1.1,1.3,49,9012.0,Adil Rami,3-4-3,4-1-4-1,Florent Batta,/en/matches/a67700d0/Troyes-Brest-March-19-2023-Ligue-1,nan
FRA-Ligue 1,2223,Troyes,2023-04-01 Auxerre-Troyes,2023-04-01,17:00:00,Matchweek 29,Sat,Away,L,0,1,Auxerre,1.5,1.1,62,16512.0,Adil Rami,3-4-3,3-4-3,Jérôme Brisard,/en/matches/fd495836/Auxerre-Troyes-April-1-2023-Ligue-1,nan
FRA-Ligue 1,2223,Troyes,2023-04-09 Troyes-Clermont Foot,2023-04-09,15:00:00,Matchweek 30,Sun,Home,L,0,2,Clermont Foot,0.4,1.3,43,7777.0,Adil Rami,3-4-3,4-2-3-1,Jeremy Stinat,/en/matches/ef3427f3/Troyes-Clermont-Foot-April-9-2023-Ligue-1,nan
FRA-Ligue 1,2223,Troyes,2023-04-16 Marseille-Troyes,2023-04-16,20:45:00,Matchweek 31,Sun,Away,L,1,3,Marseille,0.4,3.7,29,63486.0,Adil Rami,3-4-3,3-4-3,Benoît Millot,/en/matches/51ec8961/Marseille-Troyes-April-16-2023-Ligue-1,nan
FRA-Ligue 1,2223,Troyes,2023-04-23 Nantes-Troyes,2023-04-23,15:00:00,Matchweek 32,Sun,Away,D,2,2,Nantes,1.8,1.7,47,34082.0,Adil Rami,3-4-3,4-4-2,Jérémie Pignard,/en/matches/1bc2b939/Nantes-Troyes-April-23-2023-Ligue-1,nan
FRA-Ligue 1,2223,Troyes,2023-04-30 Troyes-Nice,2023-04-30,15:00:00,Matchweek 33,Sun,Home,L,0,1,Nice,0.7,3.3,36,8399.0,Adil Rami,3-4-3,4-3-3,Eric Wattellier,/en/matches/26c78eaa/Troyes-Nice-April-30-2023-Ligue-1,nan
FRA-Ligue 1,2223,Troyes,2023-05-07 Troyes-Paris S-G,2023-05-07,20:45:00,Matchweek 34,Sun,Home,L,1,3,Paris S-G,0.7,4.1,40,18890.0,Adil Rami,3-4-3,3-5-2,Ruddy Buquet,/en/matches/f9e55cdf/Troyes-Paris-Saint-Germain-May-7-2023-Ligue-1,nan
FRA-Ligue 1,2223,Troyes,2023-05-14 Rennes-Troyes,2023-05-14,15:00:00,Matchweek 35,Sun,Away,L,0,4,Rennes,0.4,3.9,34,27836.0,Adil Rami,3-4-3,4-1-4-1,Stéphanie Frappart,/en/matches/ed2523e7/Rennes-Troyes-May-14-2023-Ligue-1,nan
FRA-Ligue 1,2223,Troyes,2023-05-21 Troyes-Strasbourg,2023-05-21,15:00:00,Matchweek 36,Sun,Home,D,1,1,Strasbourg,0.6,1.6,45,9834.0,Adil Rami,3-4-3,3-4-3,Clément Turpin,/en/matches/bfbeee1e/Troyes-Strasbourg-May-21-2023-Ligue-1,nan
FRA-Ligue 1,2223,Troyes,2023-05-27 Angers-Troyes,2023-05-27,21:00:00,Matchweek 37,Sat,Away,L,1,2,Angers,0.3,1.2,40,7419.0,Xavier Chavalerin,3-4-3,5-3-2,Karim Abed,/en/matches/567eeb7c/Angers-Troyes-May-27-2023-Ligue-1,nan
FRA-Ligue 1,2223,Troyes,2023-06-03 Troyes-Lille,2023-06-03,21:00:00,Matchweek 38,Sat,Home,D,1,1,Lille,0.4,1.4,34,11006.0,Xavier Chavalerin,3-4-3,4-1-4-1,Jeremy Stinat,/en/matches/a00583c3/Troyes-Lille-June-3-2023-Ligue-1,nan
FRA-Ligue 1,2324,Brest,2023-08-13 Brest-Lens,2023-08-13,13:00:00,Matchweek 1,Sun,Home,W,3,2,Lens,2.5,0.7,48,15085.0,Brendan Chardonnet,4-2-3-1,3-4-3,Jérémie Pignard,/en/matches/6e29d5a3/Brest-Lens-August-13-2023-Ligue-1,nan
FRA-Ligue 1,2324,Brest,2023-08-20 Le Havre-Brest,2023-08-20,15:00:00,Matchweek 2,Sun,Away,W,2,1,Le Havre,1.1,1.2,44,19574.0,Brendan Chardonnet,4-3-3,5-3-2,Florent Batta,/en/matches/680c6c1d/Le-Havre-Brest-August-20-2023-Ligue-1,nan
FRA-Ligue 1,2324,Brest,2023-08-26 Marseille-Brest,2023-08-26,19:00:00,Matchweek 3,Sat,Away,L,0,2,Marseille,1.5,2.9,56,63592.0,Brendan Chardonnet,4-3-3,4-4-2,Jeremy Stinat,/en/matches/b9c29ee4/Marseille-Brest-August-26-2023-Ligue-1,nan
FRA-Ligue 1,2324,Brest,2023-09-02 Brest-Rennes,2023-09-02,17:00:00,Matchweek 4,Sat,Home,D,0,0,Rennes,1.4,0.3,48,15021.0,Brendan Chardonnet,4-2-3-1,4-3-3,Hakim Ben El Hadj Salem,/en/matches/38572486/Brest-Rennes-September-2-2023-Ligue-1,nan
FRA-Ligue 1,2324,Brest,2023-09-17 Reims-Brest,2023-09-17,15:00:00,Matchweek 5,Sun,Away,W,2,1,Reims,1.5,1.7,48,12948.0,Brendan Chardonnet,4-3-3,4-3-3,Gaël Angoula,/en/matches/f12c7a9a/Reims-Brest-September-17-2023-Ligue-1,nan
FRA-Ligue 1,2324,Brest,2023-09-23 Brest-Lyon,2023-09-23,21:00:00,Matchweek 6,Sat,Home,W,1,0,Lyon,2.4,0.4,57,14636.0,Brendan Chardonnet,4-2-3-1,4-1-4-1,Thomas Léonard,/en/matches/7ae5c7ed/Brest-Lyon-September-23-2023-Ligue-1,nan
FRA-Ligue 1,2324,Brest,2023-10-01 Nice-Brest,2023-10-01,15:00:00,Matchweek 7,Sun,Away,D,0,0,Nice,0.2,1.1,46,32044.0,Brendan Chardonnet,4-2-3-1,4-3-3,Romain Lissorgue,/en/matches/49bbb3f4/Nice-Brest-October-1-2023-Ligue-1,nan
FRA-Ligue 1,2324,Brest,2023-10-08 Brest-Toulouse,2023-10-08,15:00:00,Matchweek 8,Sun,Home,D,1,1,Toulouse,1.5,1.2,55,13549.0,Brendan Chardonnet,4-2-3-1,4-4-1-1,Pierre Gaillouste,/en/matches/f41980c3/Brest-Toulouse-October-8-2023-Ligue-1,nan
FRA-Ligue 1,2324,Brest,2023-10-22 Lille-Brest,2023-10-22,15:00:00,Matchweek 9,Sun,Away,L,0,1,Lille,0.8,1.6,57,34358.0,Brendan Chardonnet,4-3-3,4-2-3-1,Hakim Ben El Hadj Salem,/en/matches/de708e26/Lille-Brest-October-22-2023-Ligue-1,nan
FRA-Ligue 1,2324,Brest,2023-10-29 Brest-Paris S-G,2023-10-29,13:00:00,Matchweek 10,Sun,Home,L,2,3,Paris S-G,1.8,2.1,44,15183.0,Brendan Chardonnet,4-2-3-1,4-2-2-2,Jérôme Brisard,/en/matches/3fc4e3ce/Brest-Paris-Saint-Germain-October-29-2023-Ligue-1,nan
FRA-Ligue 1,2324,Brest,2023-11-05 Monaco-Brest,2023-11-05,17:05:00,Matchweek 11,Sun,Away,L,0,2,Monaco,0.8,0.8,54,9244.0,Brendan Chardonnet,4-3-3,3-4-3,Eric Wattellier,/en/matches/ef59a003/Monaco-Brest-November-5-2023-Ligue-1,nan
FRA-Ligue 1,2324,Brest,2023-11-26 Montpellier-Brest,2023-11-26,15:00:00,Matchweek 13,Sun,Away,W,3,1,Montpellier,1.7,1.7,47,12311.0,Brendan Chardonnet,4-3-3,4-2-3-1,Pierre Gaillouste,/en/matches/e4cca984/Montpellier-Brest-November-26-2023-Ligue-1,nan
FRA-Ligue 1,2324,Brest,2023-12-03 Brest-Clermont Foot,2023-12-03,15:00:00,Matchweek 14,Sun,Home,W,3,0,Clermont Foot,1.4,0.8,57,14324.0,Brendan Chardonnet,4-3-3,3-4-3,Marc Bollengier,/en/matches/9f17a676/Brest-Clermont-Foot-December-3-2023-Ligue-1,nan
FRA-Ligue 1,2324,Brest,2023-12-07 Brest-Strasbourg,2023-12-07,20:30:00,Matchweek 12,Thu,Home,D,1,1,Strasbourg,1.1,1.5,61,14569.0,Hugo Magnetti,4-3-3,4-2-3-1,Jérémie Pignard,/en/matches/52a1fcfd/Brest-Strasbourg-December-7-2023-Ligue-1,nan
FRA-Ligue 1,2324,Brest,2023-12-10 Metz-Brest,2023-12-10,15:00:00,Matchweek 15,Sun,Away,W,1,0,Metz,0.3,0.2,67,20157.0,Brendan Chardonnet,4-3-3,4-2-3-1,Romain Lissorgue,/en/matches/e1a3d53e/Metz-Brest-December-10-2023-Ligue-1,nan
FRA-Ligue 1,2324,Brest,2023-12-17 Nantes-Brest,2023-12-17,13:00:00,Matchweek 16,Sun,Away,W,2,0,Nantes,1.9,1.0,49,30075.0,Brendan Chardonnet,4-3-3,4-2-3-1,Benoît Millot,/en/matches/17503b00/Nantes-Brest-December-17-2023-Ligue-1,nan
FRA-Ligue 1,2324,Brest,2023-12-20 Brest-Lorient,2023-12-20,21:00:00,Matchweek 17,Wed,Home,W,4,0,Lorient,2.0,0.5,59,14544.0,Brendan Chardonnet,4-3-3,4-2-3-1,Mathieu Vernice,/en/matches/0f7c086f/Brest-Lorient-December-20-2023-Ligue-1,nan
FRA-Ligue 1,2324,Brest,2024-01-14 Brest-Montpellier,2024-01-14,15:00:00,Matchweek 18,Sun,Home,W,2,0,Montpellier,3.4,0.4,65,12712.0,Brendan Chardonnet,4-3-3,5-3-2,Jérémie Pignard,/en/matches/82c3efb7/Brest-Montpellier-January-14-2024-Ligue-1,nan
FRA-Ligue 1,2324,Brest,2024-01-28 Paris S-G-Brest,2024-01-28,20:45:00,Matchweek 19,Sun,Away,D,2,2,Paris S-G,0.7,2.1,46,47000.0,Brendan Chardonnet,4-3-3,4-3-3,Clément Turpin,/en/matches/8e2d796d/Paris-Saint-Germain-Brest-January-28-2024-Ligue-1,nan
FRA-Ligue 1,2324,Brest,2024-02-04 Brest-Nice,2024-02-04,17:05:00,Matchweek 20,Sun,Home,D,0,0,Nice,1.0,0.7,53,14500.0,Brendan Chardonnet,4-3-3,3-4-3,Jeremy Stinat,/en/matches/19dfaa21/Brest-Nice-February-4-2024-Ligue-1,nan
FRA-Ligue 1,2324,Brest,2024-02-11 Clermont Foot-Brest,2024-02-11,15:00:00,Matchweek 21,Sun,Away,D,1,1,Clermont Foot,1.5,1.2,54,8893.0,Brendan Chardonnet,4-2-3-1,4-2-3-1,Stéphanie Frappart,/en/matches/33d0b78a/Clermont-Foot-Brest-February-11-2024-Ligue-1,nan
FRA-Ligue 1,2324,Brest,2024-02-18 Brest-Marseille,2024-02-18,20:45:00,Matchweek 22,Sun,Home,W,1,0,Marseille,1.7,0.6,42,13800.0,Brendan Chardonnet,4-2-3-1,4-3-3,Ruddy Buquet,/en/matches/56d7c531/Brest-Marseille-February-18-2024-Ligue-1,nan
FRA-Ligue 1,2324,Brest,2024-02-24 Strasbourg-Brest,2024-02-24,21:00:00,Matchweek 23,Sat,Away,W,3,0,Strasbourg,1.8,0.2,52,25140.0,Brendan Chardonnet,4-2-3-1,4-4-2,Jérôme Brisard,/en/matches/9c2847ab/Strasbourg-Brest-February-24-2024-Ligue-1,nan
FRA-Ligue 1,2324,Brest,2024-03-03 Brest-Le Havre,2024-03-03,15:00:00,Matchweek 24,Sun,Home,W,1,0,Le Havre,1.0,0.6,60,14718.0,Brendan Chardonnet,4-2-3-1,3-4-3,Pierre Gaillouste,/en/matches/51912b7d/Brest-Le-Havre-March-3-2024-Ligue-1,nan
FRA-Ligue 1,2324,Brest,2024-03-09 Lens-Brest,2024-03-09,21:00:00,Matchweek 25,Sat,Away,L,0,1,Lens,0.7,0.9,58,38016.0,Brendan Chardonnet,4-2-3-1,3-4-1-2,Stéphanie Frappart,/en/matches/54c25242/Lens-Brest-March-9-2024-Ligue-1,nan
FRA-Ligue 1,2324,Brest,2024-03-17 Brest-Lille,2024-03-17,13:00:00,Matchweek 26,Sun,Home,D,1,1,Lille,1.0,0.8,51,14774.0,Brendan Chardonnet,4-2-3-1,4-3-3,Clément Turpin,/en/matches/cdf13a58/Brest-Lille-March-17-2024-Ligue-1,nan
FRA-Ligue 1,2324,Brest,2024-03-31 Lorient-Brest,2024-03-31,13:00:00,Matchweek 27,Sun,Away,W,1,0,Lorient,0.5,1.0,45,16745.0,Brendan Chardonnet,4-2-3-1,3-4-3,Jérôme Brisard,/en/matches/605ef273/Lorient-Brest-March-31-2024-Ligue-1,nan
FRA-Ligue 1,2324,Brest,2024-04-07 Brest-Metz,2024-04-07,13:00:00,Matchweek 28,Sun,Home,W,4,3,Metz,3.2,2.2,66,14656.0,Brendan Chardonnet,4-1-3-2,4-3-3,Benoît Millot,/en/matches/f6f76317/Brest-Metz-April-7-2024-Ligue-1,nan
FRA-Ligue 1,2324,Brest,2024-04-14 Lyon-Brest,2024-04-14,20:45:00,Matchweek 29,Sun,Away,L,3,4,Lyon,1.7,2.1,47,53898.0,Brendan Chardonnet,4-2-3-1,4-3-3,Mathieu Vernice,/en/matches/c832a039/Lyon-Brest-April-14-2024-Ligue-1,nan
FRA-Ligue 1,2324,Brest,2024-04-21 Brest-Monaco,2024-04-21,17:05:00,Matchweek 30,Sun,Home,L,0,2,Monaco,0.6,0.9,56,14856.0,Brendan Chardonnet,4-2-3-1,4-2-3-1,Ruddy Buquet,/en/matches/8f8b95f8/Brest-Monaco-April-21-2024-Ligue-1,nan
FRA-Ligue 1,2324,Brest,2024-04-28 Rennes-Brest,2024-04-28,17:05:00,Matchweek 31,Sun,Away,W,5,4,Rennes,2.0,2.6,53,28527.0,Brendan Chardonnet,4-2-3-1,4-4-2,Benoît Bastien,/en/matches/1865787f/Rennes-Brest-April-28-2024-Ligue-1,nan
FRA-Ligue 1,2324,Brest,2024-05-04 Brest-Nantes,2024-05-04,21:00:00,Matchweek 32,Sat,Home,D,0,0,Nantes,0.5,1.6,71,15159.0,Brendan Chardonnet,4-2-3-1,3-4-3,Clément Turpin,/en/matches/8e6a7aaa/Brest-Nantes-May-4-2024-Ligue-1,nan
FRA-Ligue 1,2324,Brest,2024-05-10 Brest-Reims,2024-05-10,21:00:00,Matchweek 33,Fri,Home,D,1,1,Reims,1.3,0.6,60,14633.0,Brendan Chardonnet,4-2-3-1,4-2-3-1,Jérôme Brisard,/en/matches/87d4c432/Brest-Reims-May-10-2024-Ligue-1,nan
FRA-Ligue 1,2324,Brest,2024-05-19 Toulouse-Brest,2024-05-19,21:00:00,Matchweek 34,Sun,Away,W,3,0,Toulouse,1.6,0.9,48,28885.0,Brendan Chardonnet,4-1-3-2,3-4-3,Jérémie Pignard,/en/matches/0c59eeac/Toulouse-Brest-May-19-2024-Ligue-1,nan
FRA-Ligue 1,2324,Clermont Foot,2023-08-13 Clermont Foot-Monaco,2023-08-13,15:00:00,Matchweek 1,Sun,Home,L,2,4,Monaco,1.8,2.5,55,10453.0,Maxime Gonalons,3-4-3,3-4-3,François Letexier,/en/matches/68752280/Clermont-Foot-Monaco-August-13-2023-Ligue-1,nan
FRA-Ligue 1,2324,Clermont Foot,2023-08-20 Reims-Clermont Foot,2023-08-20,15:00:00,Matchweek 2,Sun,Away,L,0,2,Reims,0.4,2.4,54,12887.0,Maxime Gonalons,3-4-3,4-2-3-1,Romain Lissorgue,/en/matches/4b9f0040/Reims-Clermont-Foot-August-20-2023-Ligue-1,nan
FRA-Ligue 1,2324,Clermont Foot,2023-08-27 Clermont Foot-Metz,2023-08-27,15:00:00,Matchweek 3,Sun,Home,L,0,1,Metz,0.7,1.1,71,9146.0,Maxime Gonalons,3-4-3,4-3-3,Gaël Angoula,/en/matches/344b05de/Clermont-Foot-Metz-August-27-2023-Ligue-1,nan
FRA-Ligue 1,2324,Clermont Foot,2023-09-03 Toulouse-Clermont Foot,2023-09-03,13:00:00,Matchweek 4,Sun,Away,D,2,2,Toulouse,1.8,0.6,63,28285.0,Florent Ogier,3-4-3,3-4-1-2,Florent Batta,/en/matches/12bf8242/Toulouse-Clermont-Foot-September-3-2023-Ligue-1,nan
FRA-Ligue 1,2324,Clermont Foot,2023-09-17 Clermont Foot-Nantes,2023-09-17,15:00:00,Matchweek 5,Sun,Home,L,0,1,Nantes,1.3,0.6,52,9775.0,Maxime Gonalons,3-4-3,4-2-3-1,Thomas Léonard,/en/matches/6a2c2932/Clermont-Foot-Nantes-September-17-2023-Ligue-1,nan
FRA-Ligue 1,2324,Clermont Foot,2023-09-24 Le Havre-Clermont Foot,2023-09-24,15:00:00,Matchweek 6,Sun,Away,L,1,2,Le Havre,0.9,1.3,68,18500.0,Maxime Gonalons,3-5-2,4-1-4-1,Mathieu Vernice,/en/matches/941106cf/Le-Havre-Clermont-Foot-September-24-2023-Ligue-1,nan
FRA-Ligue 1,2324,Clermont Foot,2023-09-30 Clermont Foot-Paris S-G,2023-09-30,17:00:00,Matchweek 7,Sat,Home,D,0,0,Paris S-G,1.0,3.0,33,10757.0,Maxime Gonalons,3-5-2,4-4-2,Marc Bollengier,/en/matches/f443185b/Clermont-Foot-Paris-Saint-Germain-September-30-2023-Ligue-1,nan
FRA-Ligue 1,2324,Clermont Foot,2023-10-22 Lyon-Clermont Foot,2023-10-22,20:45:00,Matchweek 9,Sun,Away,W,2,1,Lyon,1.0,1.7,37,43000.0,Florent Ogier,3-5-2,4-3-3,Willy Delajod,/en/matches/847c54fa/Lyon-Clermont-Foot-October-22-2023-Ligue-1,nan
FRA-Ligue 1,2324,Clermont Foot,2023-10-27 Clermont Foot-Nice,2023-10-27,21:00:00,Matchweek 10,Fri,Home,L,0,1,Nice,0.5,2.2,45,10800.0,Maxime Gonalons,3-5-2,4-3-3,Jérémie Pignard,/en/matches/1c297781/Clermont-Foot-Nice-October-27-2023-Ligue-1,nan
FRA-Ligue 1,2324,Clermont Foot,2023-11-05 Strasbourg-Clermont Foot,2023-11-05,15:00:00,Matchweek 11,Sun,Away,D,0,0,Strasbourg,0.9,1.0,61,25039.0,Florent Ogier,3-4-3,4-2-3-1,Jeremy Stinat,/en/matches/957c6924/Strasbourg-Clermont-Foot-November-5-2023-Ligue-1,nan
FRA-Ligue 1,2324,Clermont Foot,2023-11-12 Clermont Foot-Lorient,2023-11-12,15:00:00,Matchweek 12,Sun,Home,W,1,0,Lorient,1.5,0.5,55,9798.0,Yohann Magnin,3-5-2,3-4-3,Romain Lissorgue,/en/matches/e0aea3a9/Clermont-Foot-Lorient-November-12-2023-Ligue-1,nan
FRA-Ligue 1,2324,Clermont Foot,2023-11-25 Clermont Foot-Lens,2023-11-25,17:00:00,Matchweek 13,Sat,Home,L,0,3,Lens,1.9,2.2,48,10455.0,Yohann Magnin,3-4-3,3-4-3,Benoît Millot,/en/matches/4cf8ae40/Clermont-Foot-Lens-November-25-2023-Ligue-1,nan
FRA-Ligue 1,2324,Clermont Foot,2023-11-29 Montpellier-Clermont Foot,2023-11-29,19:00:00,Matchweek 8,Wed,Away,D,1,1,Montpellier,0.4,2.4,37,,Florent Ogier,3-4-3,4-2-3-1,Mathieu Vernice,/en/matches/341877cf/Montpellier-Clermont-Foot-November-29-2023-Ligue-1,nan
FRA-Ligue 1,2324,Clermont Foot,2023-12-03 Brest-Clermont Foot,2023-12-03,15:00:00,Matchweek 14,Sun,Away,L,0,3,Brest,0.8,1.4,43,14324.0,Maxime Gonalons,3-4-3,4-3-3,Marc Bollengier,/en/matches/9f17a676/Brest-Clermont-Foot-December-3-2023-Ligue-1,nan
FRA-Ligue 1,2324,Clermont Foot,2023-12-10 Clermont Foot-Lille,2023-12-10,15:00:00,Matchweek 15,Sun,Home,D,0,0,Lille,1.3,1.0,47,8789.0,Mory Diaw,3-4-3,4-2-3-1,Florent Batta,/en/matches/b6281098/Clermont-Foot-Lille-December-10-2023-Ligue-1,nan
FRA-Ligue 1,2324,Clermont Foot,2023-12-17 Marseille-Clermont Foot,2023-12-17,17:05:00,Matchweek 16,Sun,Away,L,1,2,Marseille,0.2,2.4,45,63753.0,Maxime Gonalons,3-4-3,3-5-2,Gaël Angoula,/en/matches/a92291bc/Marseille-Clermont-Foot-December-17-2023-Ligue-1,nan
FRA-Ligue 1,2324,Clermont Foot,2023-12-20 Clermont Foot-Rennes,2023-12-20,21:00:00,Matchweek 17,Wed,Home,L,1,3,Rennes,0.6,2.5,44,8840.0,Mory Diaw,3-4-3,3-4-3,Eric Wattellier,/en/matches/16bc4ea4/Clermont-Foot-Rennes-December-20-2023-Ligue-1,nan
FRA-Ligue 1,2324,Clermont Foot,2024-01-14 Nantes-Clermont Foot,2024-01-14,15:00:00,Matchweek 18,Sun,Away,W,2,1,Nantes,1.0,1.9,48,20866.0,Florent Ogier,3-4-3,4-4-2,Romain Lissorgue,/en/matches/d2738fb8/Nantes-Clermont-Foot-January-14-2024-Ligue-1,nan
FRA-Ligue 1,2324,Clermont Foot,2024-01-28 Clermont Foot-Strasbourg,2024-01-28,15:00:00,Matchweek 19,Sun,Home,D,1,1,Strasbourg,1.5,1.0,53,9047.0,Florent Ogier,3-4-3,4-3-3,Benoît Millot,/en/matches/21b6f226/Clermont-Foot-Strasbourg-January-28-2024-Ligue-1,nan
FRA-Ligue 1,2324,Clermont Foot,2024-02-04 Lille-Clermont Foot,2024-02-04,15:00:00,Matchweek 20,Sun,Away,L,0,4,Lille,0.4,2.9,40,38597.0,Yohann Magnin,3-4-3,4-2-3-1,Bastien Dechepy,/en/matches/90c40e1c/Lille-Clermont-Foot-February-4-2024-Ligue-1,nan
FRA-Ligue 1,2324,Clermont Foot,2024-02-11 Clermont Foot-Brest,2024-02-11,15:00:00,Matchweek 21,Sun,Home,D,1,1,Brest,1.2,1.5,46,8893.0,Maxime Gonalons,4-2-3-1,4-2-3-1,Stéphanie Frappart,/en/matches/33d0b78a/Clermont-Foot-Brest-February-11-2024-Ligue-1,nan
FRA-Ligue 1,2324,Clermont Foot,2024-02-18 Rennes-Clermont Foot,2024-02-18,15:00:00,Matchweek 22,Sun,Away,L,1,3,Rennes,0.8,3.7,47,27501.0,Maxime Gonalons,4-2-3-1,4-4-2,Romain Lissorgue,/en/matches/93f25522/Rennes-Clermont-Foot-February-18-2024-Ligue-1,nan
FRA-Ligue 1,2324,Clermont Foot,2024-02-25 Nice-Clermont Foot,2024-02-25,15:00:00,Matchweek 23,Sun,Away,D,0,0,Nice,2.0,1.6,42,22081.0,Florent Ogier,4-2-3-1,4-3-3,Hakim Ben El Hadj Salem,/en/matches/d4ce6789/Nice-Clermont-Foot-February-25-2024-Ligue-1,nan
FRA-Ligue 1,2324,Clermont Foot,2024-03-02 Clermont Foot-Marseille,2024-03-02,21:00:00,Matchweek 24,Sat,Home,L,1,5,Marseille,0.7,2.4,44,10583.0,Florent Ogier,4-2-3-1,4-3-3,Thomas Léonard,/en/matches/c2c8e29e/Clermont-Foot-Marseille-March-2-2024-Ligue-1,nan
FRA-Ligue 1,2324,Clermont Foot,2024-03-10 Metz-Clermont Foot,2024-03-10,15:00:00,Matchweek 25,Sun,Away,L,0,1,Metz,0.8,1.7,66,22673.0,Neto Borges,4-2-3-1,4-4-2,Gaël Angoula,/en/matches/f7db6990/Metz-Clermont-Foot-March-10-2024-Ligue-1,nan
FRA-Ligue 1,2324,Clermont Foot,2024-03-17 Clermont Foot-Le Havre,2024-03-17,15:00:00,Matchweek 26,Sun,Home,W,2,1,Le Havre,1.1,1.2,40,9638.0,Neto Borges,4-2-3-1,4-2-3-1,Marc Bollengier,/en/matches/f7f8d2b1/Clermont-Foot-Le-Havre-March-17-2024-Ligue-1,nan
FRA-Ligue 1,2324,Clermont Foot,2024-03-31 Clermont Foot-Toulouse,2024-03-31,15:00:00,Matchweek 27,Sun,Home,L,0,3,Toulouse,0.8,1.8,55,10499.0,Yohann Magnin,3-4-3,3-4-3,Pierre Gaillouste,/en/matches/bfe740ac/Clermont-Foot-Toulouse-March-31-2024-Ligue-1,nan
FRA-Ligue 1,2324,Clermont Foot,2024-04-06 Paris S-G-Clermont Foot,2024-04-06,21:00:00,Matchweek 28,Sat,Away,D,1,1,Paris S-G,0.3,2.7,27,47607.0,Yohann Magnin,3-4-3,4-3-3,Gaël Angoula,/en/matches/a0e24fef/Paris-Saint-Germain-Clermont-Foot-April-6-2024-Ligue-1,nan
FRA-Ligue 1,2324,Clermont Foot,2024-04-14 Clermont Foot-Montpellier,2024-04-14,15:00:00,Matchweek 29,Sun,Home,D,1,1,Montpellier,1.5,1.4,50,10174.0,Yohann Magnin,4-3-3,4-2-3-1,Thomas Léonard,/en/matches/9b9d6335/Clermont-Foot-Montpellier-April-14-2024-Ligue-1,nan
FRA-Ligue 1,2324,Clermont Foot,2024-04-20 Lens-Clermont Foot,2024-04-20,21:00:00,Matchweek 30,Sat,Away,L,0,1,Lens,0.7,1.9,53,37495.0,Yohann Magnin,3-4-3,3-4-3,Benoît Bastien,/en/matches/811884b5/Lens-Clermont-Foot-April-20-2024-Ligue-1,nan
FRA-Ligue 1,2324,Clermont Foot,2024-04-28 Clermont Foot-Reims,2024-04-28,15:00:00,Matchweek 31,Sun,Home,W,4,1,Reims,2.9,0.9,50,8713.0,Yohann Magnin,4-2-3-1,4-3-3,Florent Batta,/en/matches/b85a0106/Clermont-Foot-Reims-April-28-2024-Ligue-1,nan
FRA-Ligue 1,2324,Clermont Foot,2024-05-04 Monaco-Clermont Foot,2024-05-04,17:00:00,Matchweek 32,Sat,Away,L,1,4,Monaco,1.4,3.6,38,7256.0,Yohann Magnin,4-2-3-1,4-4-2,Hakim Ben El Hadj Salem,/en/matches/a7f56ab4/Monaco-Clermont-Foot-May-4-2024-Ligue-1,nan
FRA-Ligue 1,2324,Clermont Foot,2024-05-12 Clermont Foot-Lyon,2024-05-12,21:00:00,Matchweek 33,Sun,Home,L,0,1,Lyon,1.1,0.4,52,10603.0,Yohann Magnin,4-2-3-1,4-3-3,Pierre Gaillouste,/en/matches/e6afe6a2/Clermont-Foot-Lyon-May-12-2024-Ligue-1,nan
FRA-Ligue 1,2324,Clermont Foot,2024-05-19 Lorient-Clermont Foot,2024-05-19,21:00:00,Matchweek 34,Sun,Away,L,0,5,Lorient,0.8,4.2,54,16176.0,Yohann Magnin,4-2-3-1,3-4-3,Clément Turpin,/en/matches/aed44d7a/Lorient-Clermont-Foot-May-19-2024-Ligue-1,nan
FRA-Ligue 1,2324,Le Havre,2023-08-13 Montpellier-Le Havre,2023-08-13,15:00:00,Matchweek 1,Sun,Away,D,2,2,Montpellier,1.0,1.6,42,15852.0,Arouna Sangante,5-3-2,4-2-3-1,Clément Turpin,/en/matches/ca893ead/Montpellier-Le-Havre-August-13-2023-Ligue-1,nan
FRA-Ligue 1,2324,Le Havre,2023-08-20 Le Havre-Brest,2023-08-20,15:00:00,Matchweek 2,Sun,Home,L,1,2,Brest,1.2,1.1,56,19574.0,Arouna Sangante,5-3-2,4-3-3,Florent Batta,/en/matches/680c6c1d/Le-Havre-Brest-August-20-2023-Ligue-1,nan
FRA-Ligue 1,2324,Le Havre,2023-08-27 Rennes-Le Havre,2023-08-27,13:00:00,Matchweek 3,Sun,Away,D,2,2,Rennes,0.4,3.2,39,28311.0,Arouna Sangante,4-2-3-1,4-1-4-1,Eric Wattellier,/en/matches/505ba995/Rennes-Le-Havre-August-27-2023-Ligue-1,nan
FRA-Ligue 1,2324,Le Havre,2023-09-03 Le Havre-Lorient,2023-09-03,15:00:00,Matchweek 4,Sun,Home,W,3,0,Lorient,2.0,0.7,44,18707.0,Arouna Sangante,4-2-3-1,3-4-3,Romain Lissorgue,/en/matches/4519a333/Le-Havre-Lorient-September-3-2023-Ligue-1,nan
FRA-Ligue 1,2324,Le Havre,2023-09-17 Lyon-Le Havre,2023-09-17,20:45:00,Matchweek 5,Sun,Away,D,0,0,Lyon,0.8,1.5,42,35507.0,Arouna Sangante,4-4-2,4-1-4-1,Benoît Bastien,/en/matches/18b82351/Lyon-Le-Havre-September-17-2023-Ligue-1,nan
FRA-Ligue 1,2324,Le Havre,2023-09-24 Le Havre-Clermont Foot,2023-09-24,15:00:00,Matchweek 6,Sun,Home,W,2,1,Clermont Foot,1.3,0.9,32,18500.0,Arouna Sangante,4-1-4-1,3-5-2,Mathieu Vernice,/en/matches/941106cf/Le-Havre-Clermont-Foot-September-24-2023-Ligue-1,nan
FRA-Ligue 1,2324,Le Havre,2023-10-01 Le Havre-Lille,2023-10-01,15:00:00,Matchweek 7,Sun,Home,L,0,2,Lille,0.8,1.2,38,21919.0,Christopher Operi,4-5-1,4-2-3-1,Bastien Dechepy,/en/matches/f2fb61f7/Le-Havre-Lille-October-1-2023-Ligue-1,nan
FRA-Ligue 1,2324,Le Havre,2023-10-08 Marseille-Le Havre,2023-10-08,13:00:00,Matchweek 8,Sun,Away,L,0,3,Marseille,0.2,2.8,36,63576.0,Arouna Sangante,4-2-3-1,4-3-3,Thomas Léonard,/en/matches/4df09039/Marseille-Le-Havre-October-8-2023-Ligue-1,nan
FRA-Ligue 1,2324,Le Havre,2023-10-20 Le Havre-Lens,2023-10-20,21:00:00,Matchweek 9,Fri,Home,D,0,0,Lens,1.6,1.6,40,23590.0,Arouna Sangante,3-4-3,3-4-3,François Letexier,/en/matches/437ba0cb/Le-Havre-Lens-October-20-2023-Ligue-1,nan
FRA-Ligue 1,2324,Le Havre,2023-10-29 Metz-Le Havre,2023-10-29,15:00:00,Matchweek 10,Sun,Away,D,0,0,Metz,0.7,0.5,58,20718.0,Arouna Sangante,3-4-3,4-2-3-1,Hakim Ben El Hadj Salem,/en/matches/6d743853/Metz-Le-Havre-October-29-2023-Ligue-1,nan
FRA-Ligue 1,2324,Le Havre,2023-11-05 Toulouse-Le Havre,2023-11-05,15:00:00,Matchweek 11,Sun,Away,W,2,1,Toulouse,1.1,2.6,48,23060.0,Abdoulaye Touré,3-4-3,4-3-3,Marc Bollengier,/en/matches/f7d3c634/Toulouse-Le-Havre-November-5-2023-Ligue-1,nan
FRA-Ligue 1,2324,Le Havre,2023-11-11 Le Havre-Monaco,2023-11-11,21:00:00,Matchweek 12,Sat,Home,D,0,0,Monaco,1.4,0.6,38,23008.0,Arouna Sangante,3-4-3,3-4-3,Thomas Léonard,/en/matches/8bb49483/Le-Havre-Monaco-November-11-2023-Ligue-1,nan
FRA-Ligue 1,2324,Le Havre,2023-11-26 Nantes-Le Havre,2023-11-26,15:00:00,Matchweek 13,Sun,Away,D,0,0,Nantes,0.2,1.3,39,29346.0,Arouna Sangante,4-4-1-1,4-2-3-1,Miguel Nogueira,/en/matches/ec8cdc57/Nantes-Le-Havre-November-26-2023-Ligue-1,nan
FRA-Ligue 1,2324,Le Havre,2023-12-03 Le Havre-Paris S-G,2023-12-03,13:00:00,Matchweek 14,Sun,Home,L,0,2,Paris S-G,2.0,1.2,61,23718.0,Arouna Sangante,5-3-2,4-3-3,Bastien Dechepy,/en/matches/b6e6fdfe/Le-Havre-Paris-Saint-Germain-December-3-2023-Ligue-1,nan
FRA-Ligue 1,2324,Le Havre,2023-12-10 Strasbourg-Le Havre,2023-12-10,15:00:00,Matchweek 15,Sun,Away,L,1,2,Strasbourg,1.3,1.6,56,25173.0,Arouna Sangante,4-1-4-1,4-2-3-1,Benoît Millot,/en/matches/d15b44c5/Strasbourg-Le-Havre-December-10-2023-Ligue-1,nan
FRA-Ligue 1,2324,Le Havre,2023-12-16 Le Havre-Nice,2023-12-16,17:00:00,Matchweek 16,Sat,Home,W,3,1,Nice,2.1,1.9,38,21971.0,Arouna Sangante,4-4-2,4-3-3,Jérémie Pignard,/en/matches/8fd0b0fe/Le-Havre-Nice-December-16-2023-Ligue-1,nan
FRA-Ligue 1,2324,Le Havre,2023-12-20 Reims-Le Havre,2023-12-20,21:00:00,Matchweek 17,Wed,Away,L,0,1,Reims,0.2,1.2,35,14835.0,Christopher Operi,3-5-2,4-3-3,Stéphanie Frappart,/en/matches/4e667758/Reims-Le-Havre-December-20-2023-Ligue-1,nan
FRA-Ligue 1,2324,Le Havre,2024-01-14 Le Havre-Lyon,2024-01-14,17:05:00,Matchweek 18,Sun,Home,W,3,1,Lyon,1.2,0.8,43,23146.0,Arouna Sangante,4-1-4-1,4-2-3-1,Gaël Angoula,/en/matches/a8be717d/Le-Havre-Lyon-January-14-2024-Ligue-1,nan
FRA-Ligue 1,2324,Le Havre,2024-01-28 Lorient-Le Havre,2024-01-28,15:00:00,Matchweek 19,Sun,Away,D,3,3,Lorient,1.7,1.0,57,14500.0,Arouna Sangante,4-4-2,3-4-3,Jeremy Stinat,/en/matches/9bdf343f/Lorient-Le-Havre-January-28-2024-Ligue-1,nan
FRA-Ligue 1,2324,Le Havre,2024-02-04 Monaco-Le Havre,2024-02-04,13:00:00,Matchweek 20,Sun,Away,D,1,1,Monaco,0.1,1.4,39,9047.0,Arouna Sangante,4-3-3,3-5-2,Jérôme Brisard,/en/matches/6b4f65e7/Monaco-Le-Havre-February-4-2024-Ligue-1,nan
FRA-Ligue 1,2324,Le Havre,2024-02-11 Le Havre-Rennes,2024-02-11,13:00:00,Matchweek 21,Sun,Home,L,0,1,Rennes,1.1,0.9,49,22702.0,Arouna Sangante,4-4-2,4-4-2,Benoît Millot,/en/matches/4472d29d/Le-Havre-Rennes-February-11-2024-Ligue-1,nan
FRA-Ligue 1,2324,Le Havre,2024-02-17 Lille-Le Havre,2024-02-17,17:00:00,Matchweek 22,Sat,Away,L,0,3,Lille,0.6,3.8,39,40317.0,Arouna Sangante,4-2-3-1,4-2-3-1,Jérémie Pignard,/en/matches/9e482487/Lille-Le-Havre-February-17-2024-Ligue-1,nan
FRA-Ligue 1,2324,Le Havre,2024-02-25 Le Havre-Reims,2024-02-25,15:00:00,Matchweek 23,Sun,Home,L,1,2,Reims,1.7,3.2,50,22046.0,Arouna Sangante,4-4-2,3-4-3,Florent Batta,/en/matches/f2b72da5/Le-Havre-Reims-February-25-2024-Ligue-1,nan
FRA-Ligue 1,2324,Le Havre,2024-03-03 Brest-Le Havre,2024-03-03,15:00:00,Matchweek 24,Sun,Away,L,0,1,Brest,0.6,1.0,40,14718.0,Arouna Sangante,3-4-3,4-2-3-1,Pierre Gaillouste,/en/matches/51912b7d/Brest-Le-Havre-March-3-2024-Ligue-1,nan
FRA-Ligue 1,2324,Le Havre,2024-03-10 Le Havre-Toulouse,2024-03-10,15:00:00,Matchweek 25,Sun,Home,W,1,0,Toulouse,1.0,0.3,49,21462.0,Arouna Sangante,4-2-3-1,3-4-3,Romain Lissorgue,/en/matches/3957eebd/Le-Havre-Toulouse-March-10-2024-Ligue-1,nan
FRA-Ligue 1,2324,Le Havre,2024-03-17 Clermont Foot-Le Havre,2024-03-17,15:00:00,Matchweek 26,Sun,Away,L,1,2,Clermont Foot,1.2,1.1,60,9638.0,Arouna Sangante,4-2-3-1,4-2-3-1,Marc Bollengier,/en/matches/f7f8d2b1/Clermont-Foot-Le-Havre-March-17-2024-Ligue-1,nan
FRA-Ligue 1,2324,Le Havre,2024-03-31 Le Havre-Montpellier,2024-03-31,15:00:00,Matchweek 27,Sun,Home,L,0,2,Montpellier,0.8,1.6,52,20556.0,Arouna Sangante,4-2-3-1,4-1-4-1,Mathieu Vernice,/en/matches/84ed0867/Le-Havre-Montpellier-March-31-2024-Ligue-1,nan
FRA-Ligue 1,2324,Le Havre,2024-04-06 Lens-Le Havre,2024-04-06,17:00:00,Matchweek 28,Sat,Away,D,1,1,Lens,1.9,0.9,43,38223.0,Arouna Sangante,3-4-3,3-4-1-2,François Letexier,/en/matches/a4636c9d/Lens-Le-Havre-April-6-2024-Ligue-1,nan
FRA-Ligue 1,2324,Le Havre,2024-04-14 Le Havre-Nantes,2024-04-14,13:00:00,Matchweek 29,Sun,Home,L,0,1,Nantes,1.4,0.8,45,23021.0,Arouna Sangante,5-3-2,4-2-3-1,Hakim Ben El Hadj Salem,/en/matches/2e9cdf18/Le-Havre-Nantes-April-14-2024-Ligue-1,nan
FRA-Ligue 1,2324,Le Havre,2024-04-21 Le Havre-Metz,2024-04-21,15:00:00,Matchweek 30,Sun,Home,L,0,1,Metz,0.7,1.3,64,21250.0,Arouna Sangante,4-2-3-1,4-5-1,Marc Bollengier,/en/matches/488e12d3/Le-Havre-Metz-April-21-2024-Ligue-1,nan
FRA-Ligue 1,2324,Le Havre,2024-04-27 Paris S-G-Le Havre,2024-04-27,21:00:00,Matchweek 31,Sat,Away,D,3,3,Paris S-G,1.0,2.6,23,46000.0,Arouna Sangante,3-4-3,4-2-3-1,Willy Delajod,/en/matches/c28df007/Paris-Saint-Germain-Le-Havre-April-27-2024-Ligue-1,nan
FRA-Ligue 1,2324,Le Havre,2024-05-04 Le Havre-Strasbourg,2024-05-04,15:00:00,Matchweek 32,Sat,Home,W,3,1,Strasbourg,1.8,1.0,39,22293.0,Christopher Operi,4-2-3-1,3-4-3,Jérôme Brisard,/en/matches/024a71c6/Le-Havre-Strasbourg-May-4-2024-Ligue-1,nan
FRA-Ligue 1,2324,Le Havre,2024-05-10 Nice-Le Havre,2024-05-10,21:00:00,Matchweek 33,Fri,Away,L,0,1,Nice,0.5,1.8,42,24529.0,Arouna Sangante,4-4-2,4-3-3,Benoît Bastien,/en/matches/73e73f70/Nice-Le-Havre-May-10-2024-Ligue-1,nan
FRA-Ligue 1,2324,Le Havre,2024-05-19 Le Havre-Marseille,2024-05-19,21:00:00,Matchweek 34,Sun,Home,L,1,2,Marseille,1.8,1.5,44,24050.0,Arouna Sangante,4-2-3-1,4-4-2,Jeremy Stinat,/en/matches/3fa1da40/Le-Havre-Marseille-May-19-2024-Ligue-1,nan
FRA-Ligue 1,2324,Lens,2023-08-13 Brest-Lens,2023-08-13,13:00:00,Matchweek 1,Sun,Away,L,2,3,Brest,0.7,2.5,52,15085.0,Brice Samba,3-4-3,4-2-3-1,Jérémie Pignard,/en/matches/6e29d5a3/Brest-Lens-August-13-2023-Ligue-1,nan
FRA-Ligue 1,2324,Lens,2023-08-20 Lens-Rennes,2023-08-20,20:45:00,Matchweek 2,Sun,Home,D,1,1,Rennes,1.0,1.4,50,37233.0,Brice Samba,3-4-3,4-3-3,Benoît Millot,/en/matches/283d8d62/Lens-Rennes-August-20-2023-Ligue-1,nan
FRA-Ligue 1,2324,Lens,2023-08-26 Paris S-G-Lens,2023-08-26,21:00:00,Matchweek 3,Sat,Away,L,1,3,Paris S-G,0.5,1.5,34,47864.0,Brice Samba,3-4-3,4-4-2,François Letexier,/en/matches/d3db871d/Paris-Saint-Germain-Lens-August-26-2023-Ligue-1,nan
FRA-Ligue 1,2324,Lens,2023-09-02 Monaco-Lens,2023-09-02,21:00:00,Matchweek 4,Sat,Away,L,0,3,Monaco,0.6,0.9,48,9600.0,Brice Samba,3-4-3,3-4-3,Willy Delajod,/en/matches/7a2f8122/Monaco-Lens-September-2-2023-Ligue-1,nan
FRA-Ligue 1,2324,Lens,2023-09-16 Lens-Metz,2023-09-16,21:00:00,Matchweek 5,Sat,Home,L,0,1,Metz,2.0,0.3,75,37988.0,Brice Samba,3-4-3,4-2-3-1,Stéphanie Frappart,/en/matches/40754c32/Lens-Metz-September-16-2023-Ligue-1,nan
FRA-Ligue 1,2324,Lens,2023-09-24 Lens-Toulouse,2023-09-24,15:00:00,Matchweek 6,Sun,Home,W,2,1,Toulouse,2.5,0.4,62,37506.0,Brice Samba,3-4-3,4-2-3-1,Hakim Ben El Hadj Salem,/en/matches/2e47fd82/Lens-Toulouse-September-24-2023-Ligue-1,nan
FRA-Ligue 1,2324,Lens,2023-09-29 Strasbourg-Lens,2023-09-29,21:00:00,Matchweek 7,Fri,Away,W,1,0,Strasbourg,0.8,0.3,52,26001.0,Brice Samba,3-4-3,4-3-3,Jérôme Brisard,/en/matches/0730708e/Strasbourg-Lens-September-29-2023-Ligue-1,nan
FRA-Ligue 1,2324,Lens,2023-10-08 Lens-Lille,2023-10-08,17:05:00,Matchweek 8,Sun,Home,D,1,1,Lille,2.0,1.7,45,37223.0,Brice Samba,3-4-3,4-2-3-1,Benoît Millot,/en/matches/b044385d/Lens-Lille-October-8-2023-Ligue-1,nan
FRA-Ligue 1,2324,Lens,2023-10-20 Le Havre-Lens,2023-10-20,21:00:00,Matchweek 9,Fri,Away,D,0,0,Le Havre,1.6,1.6,60,23590.0,Brice Samba,3-4-3,3-4-3,François Letexier,/en/matches/437ba0cb/Le-Havre-Lens-October-20-2023-Ligue-1,nan
FRA-Ligue 1,2324,Lens,2023-10-28 Lens-Nantes,2023-10-28,21:00:00,Matchweek 10,Sat,Home,W,4,0,Nantes,3.7,1.0,54,38223.0,Brice Samba,3-4-3,3-4-3,Pierre Gaillouste,/en/matches/271f272f/Lens-Nantes-October-28-2023-Ligue-1,nan
FRA-Ligue 1,2324,Lens,2023-11-04 Lorient-Lens,2023-11-04,17:00:00,Matchweek 11,Sat,Away,D,0,0,Lorient,0.6,0.5,57,16599.0,Brice Samba,3-4-3,3-4-3,Bastien Dechepy,/en/matches/001326cc/Lorient-Lens-November-4-2023-Ligue-1,nan
FRA-Ligue 1,2324,Lens,2023-11-12 Lens-Marseille,2023-11-12,20:45:00,Matchweek 12,Sun,Home,W,1,0,Marseille,1.1,1.0,47,38223.0,Brice Samba,3-4-3,4-2-3-1,Benoît Bastien,/en/matches/fe8096da/Lens-Marseille-November-12-2023-Ligue-1,nan
FRA-Ligue 1,2324,Lens,2023-11-25 Clermont Foot-Lens,2023-11-25,17:00:00,Matchweek 13,Sat,Away,W,3,0,Clermont Foot,2.2,1.9,52,10455.0,Brice Samba,3-4-3,3-4-3,Benoît Millot,/en/matches/4cf8ae40/Clermont-Foot-Lens-November-25-2023-Ligue-1,nan
FRA-Ligue 1,2324,Lens,2023-12-02 Lens-Lyon,2023-12-02,17:00:00,Matchweek 14,Sat,Home,W,3,2,Lyon,2.1,2.5,52,38130.0,Brice Samba,3-4-3,4-2-3-1,Clément Turpin,/en/matches/66f5f256/Lens-Lyon-December-2-2023-Ligue-1,nan
FRA-Ligue 1,2324,Lens,2023-12-08 Montpellier-Lens,2023-12-08,21:00:00,Matchweek 15,Fri,Away,D,0,0,Montpellier,1.1,1.3,65,14169.0,Brice Samba,3-4-3,3-4-3,Stéphanie Frappart,/en/matches/ad238285/Montpellier-Lens-December-8-2023-Ligue-1,nan
FRA-Ligue 1,2324,Lens,2023-12-16 Lens-Reims,2023-12-16,21:00:00,Matchweek 16,Sat,Home,W,2,0,Reims,1.3,1.1,46,38055.0,Brice Samba,3-4-3,4-3-3,François Letexier,/en/matches/331c82fc/Lens-Reims-December-16-2023-Ligue-1,nan
FRA-Ligue 1,2324,Lens,2023-12-20 Nice-Lens,2023-12-20,21:00:00,Matchweek 17,Wed,Away,L,0,2,Nice,0.5,2.5,59,25041.0,Brice Samba,3-4-3,4-3-3,Hakim Ben El Hadj Salem,/en/matches/267500aa/Nice-Lens-December-20-2023-Ligue-1,nan
FRA-Ligue 1,2324,Lens,2024-01-14 Lens-Paris S-G,2024-01-14,20:45:00,Matchweek 18,Sun,Home,L,0,2,Paris S-G,2.1,1.8,35,38200.0,Brice Samba,3-4-3,4-3-3,Jérôme Brisard,/en/matches/0682fa55/Lens-Paris-Saint-Germain-January-14-2024-Ligue-1,nan
FRA-Ligue 1,2324,Lens,2024-01-28 Toulouse-Lens,2024-01-28,17:05:00,Matchweek 19,Sun,Away,W,2,0,Toulouse,0.8,1.7,47,27310.0,Brice Samba,5-3-2,4-2-3-1,Mathieu Vernice,/en/matches/678c2976/Toulouse-Lens-January-28-2024-Ligue-1,nan
FRA-Ligue 1,2324,Lens,2024-02-03 Nantes-Lens,2024-02-03,21:00:00,Matchweek 20,Sat,Away,W,1,0,Nantes,1.6,0.6,58,34167.0,Brice Samba,3-4-1-2,4-4-1-1,Florent Batta,/en/matches/f7e99caf/Nantes-Lens-February-3-2024-Ligue-1,nan
FRA-Ligue 1,2324,Lens,2024-02-10 Lens-Strasbourg,2024-02-10,17:00:00,Matchweek 21,Sat,Home,W,3,1,Strasbourg,1.6,1.8,50,38161.0,Brice Samba,3-4-1-2,4-4-1-1,Willy Delajod,/en/matches/9635699e/Lens-Strasbourg-February-10-2024-Ligue-1,nan
FRA-Ligue 1,2324,Lens,2024-02-18 Reims-Lens,2024-02-18,17:05:00,Matchweek 22,Sun,Away,D,1,1,Reims,1.2,1.1,47,20116.0,Brice Samba,3-4-3,3-5-2,Benoît Millot,/en/matches/825ef1ef/Reims-Lens-February-18-2024-Ligue-1,nan
FRA-Ligue 1,2324,Lens,2024-02-25 Lens-Monaco,2024-02-25,13:00:00,Matchweek 23,Sun,Home,L,2,3,Monaco,2.9,2.3,60,37992.0,Brice Samba,3-4-3,4-4-2,François Letexier,/en/matches/7b54b025/Lens-Monaco-February-25-2024-Ligue-1,nan
FRA-Ligue 1,2324,Lens,2024-03-03 Lyon-Lens,2024-03-03,20:45:00,Matchweek 24,Sun,Away,W,3,0,Lyon,3.4,2.0,53,48242.0,Brice Samba,3-4-1-2,4-3-3,Jérôme Brisard,/en/matches/736f94f0/Lyon-Lens-March-3-2024-Ligue-1,nan
FRA-Ligue 1,2324,Lens,2024-03-09 Lens-Brest,2024-03-09,21:00:00,Matchweek 25,Sat,Home,W,1,0,Brest,0.9,0.7,42,38016.0,Brice Samba,3-4-1-2,4-2-3-1,Stéphanie Frappart,/en/matches/54c25242/Lens-Brest-March-9-2024-Ligue-1,nan
FRA-Ligue 1,2324,Lens,2024-03-16 Lens-Nice,2024-03-16,21:00:00,Matchweek 26,Sat,Home,L,1,3,Nice,1.3,2.2,60,37346.0,Brice Samba,3-4-1-2,4-3-3,Benoît Bastien,/en/matches/7b5edccd/Lens-Nice-March-16-2024-Ligue-1,nan
FRA-Ligue 1,2324,Lens,2024-03-29 Lille-Lens,2024-03-29,21:00:00,Matchweek 27,Fri,Away,L,1,2,Lille,0.6,1.6,51,48233.0,Brice Samba,3-4-1-2,4-3-3,Willy Delajod,/en/matches/1488d812/Lille-Lens-March-29-2024-Ligue-1,nan
FRA-Ligue 1,2324,Lens,2024-04-06 Lens-Le Havre,2024-04-06,17:00:00,Matchweek 28,Sat,Home,D,1,1,Le Havre,0.9,1.9,57,38223.0,Brice Samba,3-4-1-2,3-4-3,François Letexier,/en/matches/a4636c9d/Lens-Le-Havre-April-6-2024-Ligue-1,nan
FRA-Ligue 1,2324,Lens,2024-04-12 Metz-Lens,2024-04-12,21:00:00,Matchweek 29,Fri,Away,L,1,2,Metz,1.5,0.8,70,23002.0,Brice Samba,3-4-3,4-5-1,Romain Lissorgue,/en/matches/eac47cb2/Metz-Lens-April-12-2024-Ligue-1,nan
FRA-Ligue 1,2324,Lens,2024-04-20 Lens-Clermont Foot,2024-04-20,21:00:00,Matchweek 30,Sat,Home,W,1,0,Clermont Foot,1.9,0.7,47,37495.0,Brice Samba,3-4-3,3-4-3,Benoît Bastien,/en/matches/811884b5/Lens-Clermont-Foot-April-20-2024-Ligue-1,nan
FRA-Ligue 1,2324,Lens,2024-04-28 Marseille-Lens,2024-04-28,21:00:00,Matchweek 31,Sun,Away,L,1,2,Marseille,1.2,1.7,56,59490.0,Brice Samba,3-4-3,3-5-2,Eric Wattellier,/en/matches/13780c18/Marseille-Lens-April-28-2024-Ligue-1,nan
FRA-Ligue 1,2324,Lens,2024-05-03 Lens-Lorient,2024-05-03,21:00:00,Matchweek 32,Fri,Home,W,2,0,Lorient,2.1,0.6,57,37561.0,Brice Samba,3-4-3,3-4-3,Jérémie Pignard,/en/matches/e7684537/Lens-Lorient-May-3-2024-Ligue-1,nan
FRA-Ligue 1,2324,Lens,2024-05-12 Rennes-Lens,2024-05-12,21:00:00,Matchweek 33,Sun,Away,D,1,1,Rennes,0.6,1.9,43,28660.0,Brice Samba,3-4-3,4-4-2,Benoît Millot,/en/matches/c55b179e/Rennes-Lens-May-12-2024-Ligue-1,nan
FRA-Ligue 1,2324,Lens,2024-05-19 Lens-Montpellier,2024-05-19,21:00:00,Matchweek 34,Sun,Home,D,2,2,Montpellier,5.2,0.8,55,37433.0,Florian Sotoca,3-4-3,3-4-3,Thomas Léonard,/en/matches/ac107595/Lens-Montpellier-May-19-2024-Ligue-1,nan
FRA-Ligue 1,2324,Lille,2023-08-11 Nice-Lille,2023-08-11,21:00:00,Matchweek 1,Fri,Away,D,1,1,Nice,1.3,1.2,60,29436.0,Benjamin André,4-2-3-1,4-3-3,Benoît Bastien,/en/matches/ff59d311/Nice-Lille-August-11-2023-Ligue-1,nan
FRA-Ligue 1,2324,Lille,2023-08-20 Lille-Nantes,2023-08-20,13:00:00,Matchweek 2,Sun,Home,W,2,0,Nantes,2.2,1.1,64,34356.0,Benjamin André,4-2-3-1,3-4-3,Pierre Gaillouste,/en/matches/31fe99c8/Lille-Nantes-August-20-2023-Ligue-1,nan
FRA-Ligue 1,2324,Lille,2023-08-27 Lorient-Lille,2023-08-27,17:05:00,Matchweek 3,Sun,Away,L,1,4,Lorient,1.1,1.6,64,15101.0,Benjamin André,4-2-3-1,3-4-3,Willy Delajod,/en/matches/eb2c366f/Lorient-Lille-August-27-2023-Ligue-1,nan
FRA-Ligue 1,2324,Lille,2023-09-03 Lille-Montpellier,2023-09-03,15:00:00,Matchweek 4,Sun,Home,W,1,0,Montpellier,1.2,0.3,58,35298.0,Benjamin André,3-4-3,4-2-3-1,Benoît Millot,/en/matches/26cacbb5/Lille-Montpellier-September-3-2023-Ligue-1,nan
FRA-Ligue 1,2324,Lille,2023-09-16 Rennes-Lille,2023-09-16,17:00:00,Matchweek 5,Sat,Away,D,2,2,Rennes,1.0,0.5,53,28178.0,Benjamin André,4-2-3-1,4-3-3,Jérôme Brisard,/en/matches/d419c313/Rennes-Lille-September-16-2023-Ligue-1,nan
FRA-Ligue 1,2324,Lille,2023-09-26 Lille-Reims,2023-09-26,21:00:00,Matchweek 6,Tue,Home,L,1,2,Reims,1.2,0.5,69,33075.0,Benjamin André,4-2-3-1,4-3-3,Jérémie Pignard,/en/matches/b1ae9dc3/Lille-Reims-September-26-2023-Ligue-1,nan
FRA-Ligue 1,2324,Lille,2023-10-01 Le Havre-Lille,2023-10-01,15:00:00,Matchweek 7,Sun,Away,W,2,0,Le Havre,1.2,0.8,62,21919.0,Benjamin André,4-2-3-1,4-5-1,Bastien Dechepy,/en/matches/f2fb61f7/Le-Havre-Lille-October-1-2023-Ligue-1,nan
FRA-Ligue 1,2324,Lille,2023-10-08 Lens-Lille,2023-10-08,17:05:00,Matchweek 8,Sun,Away,D,1,1,Lens,1.7,2.0,55,37223.0,Benjamin André,4-2-3-1,3-4-3,Benoît Millot,/en/matches/b044385d/Lens-Lille-October-8-2023-Ligue-1,nan
FRA-Ligue 1,2324,Lille,2023-10-22 Lille-Brest,2023-10-22,15:00:00,Matchweek 9,Sun,Home,W,1,0,Brest,1.6,0.8,43,34358.0,Benjamin André,4-2-3-1,4-3-3,Hakim Ben El Hadj Salem,/en/matches/de708e26/Lille-Brest-October-22-2023-Ligue-1,nan
FRA-Ligue 1,2324,Lille,2023-10-29 Lille-Monaco,2023-10-29,15:00:00,Matchweek 10,Sun,Home,W,2,0,Monaco,0.5,0.6,41,40046.0,Benjamin André,4-2-3-1,4-1-3-2,Clément Turpin,/en/matches/e4ed3318/Lille-Monaco-October-29-2023-Ligue-1,nan
FRA-Ligue 1,2324,Lille,2023-11-04 Marseille-Lille,2023-11-04,21:00:00,Matchweek 11,Sat,Away,D,0,0,Marseille,0.3,0.8,54,63674.0,Benjamin André,4-2-3-1,4-3-3,Stéphanie Frappart,/en/matches/d8243ab9/Marseille-Lille-November-4-2023-Ligue-1,nan
FRA-Ligue 1,2324,Lille,2023-11-12 Lille-Toulouse,2023-11-12,15:00:00,Matchweek 12,Sun,Home,D,1,1,Toulouse,2.5,0.1,60,34959.0,Benjamin André,4-2-3-1,4-2-3-1,Mathieu Vernice,/en/matches/f0f7d5b7/Lille-Toulouse-November-12-2023-Ligue-1,nan
FRA-Ligue 1,2324,Lille,2023-11-26 Lyon-Lille,2023-11-26,20:45:00,Matchweek 13,Sun,Away,W,2,0,Lyon,1.5,1.9,52,40029.0,Jonathan David,4-2-3-1,4-3-3,Eric Wattellier,/en/matches/3835384c/Lyon-Lille-November-26-2023-Ligue-1,nan
FRA-Ligue 1,2324,Lille,2023-12-03 Lille-Metz,2023-12-03,17:05:00,Matchweek 14,Sun,Home,W,2,0,Metz,2.9,1.9,65,38065.0,Rémy Cabella,4-2-3-1,4-2-3-1,Gaël Angoula,/en/matches/1edcab1f/Lille-Metz-December-3-2023-Ligue-1,nan
FRA-Ligue 1,2324,Lille,2023-12-10 Clermont Foot-Lille,2023-12-10,15:00:00,Matchweek 15,Sun,Away,D,0,0,Clermont Foot,1.0,1.3,53,8789.0,Benjamin André,4-2-3-1,3-4-3,Florent Batta,/en/matches/b6281098/Clermont-Foot-Lille-December-10-2023-Ligue-1,nan
FRA-Ligue 1,2324,Lille,2023-12-17 Lille-Paris S-G,2023-12-17,20:45:00,Matchweek 16,Sun,Home,D,1,1,Paris S-G,1.4,1.4,41,47993.0,Benjamin André,4-2-3-1,3-4-3,Willy Delajod,/en/matches/204a77b5/Lille-Paris-Saint-Germain-December-17-2023-Ligue-1,nan
FRA-Ligue 1,2324,Lille,2023-12-20 Strasbourg-Lille,2023-12-20,21:00:00,Matchweek 17,Wed,Away,L,1,2,Strasbourg,0.5,0.8,68,25373.0,Benjamin André,4-2-3-1,4-2-3-1,Clément Turpin,/en/matches/df32fbe8/Strasbourg-Lille-December-20-2023-Ligue-1,nan
FRA-Ligue 1,2324,Lille,2024-01-14 Lille-Lorient,2024-01-14,13:00:00,Matchweek 18,Sun,Home,W,3,0,Lorient,2.3,0.1,62,35204.0,Benjamin André,4-2-3-1,3-4-3,Pierre Gaillouste,/en/matches/24f7d86b/Lille-Lorient-January-14-2024-Ligue-1,nan
FRA-Ligue 1,2324,Lille,2024-01-28 Montpellier-Lille,2024-01-28,13:00:00,Matchweek 19,Sun,Away,D,0,0,Montpellier,0.5,0.7,61,12575.0,Benjamin André,4-2-3-1,5-3-2,Hakim Ben El Hadj Salem,/en/matches/8308b478/Montpellier-Lille-January-28-2024-Ligue-1,nan
FRA-Ligue 1,2324,Lille,2024-02-04 Lille-Clermont Foot,2024-02-04,15:00:00,Matchweek 20,Sun,Home,W,4,0,Clermont Foot,2.9,0.4,60,38597.0,Benjamin André,4-2-3-1,3-4-3,Bastien Dechepy,/en/matches/90c40e1c/Lille-Clermont-Foot-February-4-2024-Ligue-1,nan
FRA-Ligue 1,2324,Lille,2024-02-10 Paris S-G-Lille,2024-02-10,21:00:00,Matchweek 21,Sat,Away,L,1,3,Paris S-G,1.2,2.8,48,47000.0,Benjamin André,4-2-3-1,4-1-4-1,François Letexier,/en/matches/fb49d66d/Paris-Saint-Germain-Lille-February-10-2024-Ligue-1,nan
FRA-Ligue 1,2324,Lille,2024-02-17 Lille-Le Havre,2024-02-17,17:00:00,Matchweek 22,Sat,Home,W,3,0,Le Havre,3.8,0.6,61,40317.0,Benjamin André,4-2-3-1,4-2-3-1,Jérémie Pignard,/en/matches/9e482487/Lille-Le-Havre-February-17-2024-Ligue-1,nan
FRA-Ligue 1,2324,Lille,2024-02-25 Toulouse-Lille,2024-02-25,15:00:00,Matchweek 23,Sun,Away,L,1,3,Toulouse,0.6,2.1,68,24124.0,Jonathan David,4-2-3-1,3-4-1-2,Mathieu Vernice,/en/matches/a07309bd/Toulouse-Lille-February-25-2024-Ligue-1,nan
FRA-Ligue 1,2324,Lille,2024-03-02 Reims-Lille,2024-03-02,17:00:00,Matchweek 24,Sat,Away,W,1,0,Reims,1.1,0.6,43,16452.0,Benjamin André,4-3-3,4-3-3,Jeremy Stinat,/en/matches/92da3973/Reims-Lille-March-2-2024-Ligue-1,nan
FRA-Ligue 1,2324,Lille,2024-03-10 Lille-Rennes,2024-03-10,17:05:00,Matchweek 25,Sun,Home,D,2,2,Rennes,2.4,1.1,60,40383.0,Benjamin André,4-3-3,4-2-3-1,Benoît Millot,/en/matches/67041fa5/Lille-Rennes-March-10-2024-Ligue-1,nan
FRA-Ligue 1,2324,Lille,2024-03-17 Brest-Lille,2024-03-17,13:00:00,Matchweek 26,Sun,Away,D,1,1,Brest,0.8,1.0,49,14774.0,Benjamin André,4-3-3,4-2-3-1,Clément Turpin,/en/matches/cdf13a58/Brest-Lille-March-17-2024-Ligue-1,nan
FRA-Ligue 1,2324,Lille,2024-03-29 Lille-Lens,2024-03-29,21:00:00,Matchweek 27,Fri,Home,W,2,1,Lens,1.6,0.6,49,48233.0,Benjamin André,4-3-3,3-4-1-2,Willy Delajod,/en/matches/1488d812/Lille-Lens-March-29-2024-Ligue-1,nan
FRA-Ligue 1,2324,Lille,2024-04-05 Lille-Marseille,2024-04-05,21:00:00,Matchweek 28,Fri,Home,W,3,1,Marseille,1.8,1.2,53,46864.0,Benjamin André,4-3-3,4-3-3,Bastien Dechepy,/en/matches/b0aa88a4/Lille-Marseille-April-5-2024-Ligue-1,nan
FRA-Ligue 1,2324,Lille,2024-04-21 Lille-Strasbourg,2024-04-21,15:00:00,Matchweek 30,Sun,Home,W,1,0,Strasbourg,0.8,1.3,53,40381.0,Benjamin André,4-2-3-1,3-4-3,Benoît Millot,/en/matches/9511f4ab/Lille-Strasbourg-April-21-2024-Ligue-1,nan
FRA-Ligue 1,2324,Lille,2024-04-24 Monaco-Lille,2024-04-24,21:00:00,Matchweek 29,Wed,Away,L,0,1,Monaco,1.3,1.6,57,9000.0,Benjamin André,4-3-3,4-4-2,Clément Turpin,/en/matches/88182e5f/Monaco-Lille-April-24-2024-Ligue-1,nan
FRA-Ligue 1,2324,Lille,2024-04-28 Metz-Lille,2024-04-28,13:00:00,Matchweek 31,Sun,Away,W,2,1,Metz,0.8,1.1,70,24728.0,Rémy Cabella,4-2-3-1,4-5-1,Stéphanie Frappart,/en/matches/316c5fa3/Metz-Lille-April-28-2024-Ligue-1,nan
FRA-Ligue 1,2324,Lille,2024-05-06 Lille-Lyon,2024-05-06,21:00:00,Matchweek 32,Mon,Home,L,3,4,Lyon,0.9,2.4,44,45227.0,Jonathan David,4-2-3-1,4-3-3,Benoît Bastien,/en/matches/9a72e466/Lille-Lyon-May-6-2024-Ligue-1,nan
FRA-Ligue 1,2324,Lille,2024-05-12 Nantes-Lille,2024-05-12,21:00:00,Matchweek 33,Sun,Away,W,2,1,Nantes,1.5,0.7,70,26529.0,Benjamin André,4-2-3-1,3-5-2,Eric Wattellier,/en/matches/8f8532aa/Nantes-Lille-May-12-2024-Ligue-1,nan
FRA-Ligue 1,2324,Lille,2024-05-19 Lille-Nice,2024-05-19,21:00:00,Matchweek 34,Sun,Home,D,2,2,Nice,1.2,0.9,55,45488.0,Benjamin André,4-2-3-1,3-4-3,Willy Delajod,/en/matches/df360311/Lille-Nice-May-19-2024-Ligue-1,nan
FRA-Ligue 1,2324,Lorient,2023-08-12 Paris S-G-Lorient,2023-08-12,21:00:00,Matchweek 1,Sat,Away,D,0,0,Paris S-G,0.1,1.2,22,47000.0,Laurent Abergel,5-4-1,4-3-3,Bastien Dechepy,/en/matches/2e85b460/Paris-Saint-Germain-Lorient-August-12-2023-Ligue-1,nan
FRA-Ligue 1,2324,Lorient,2023-08-20 Lorient-Nice,2023-08-20,15:00:00,Matchweek 2,Sun,Home,D,1,1,Nice,0.8,1.7,41,15848.0,Laurent Abergel,3-4-3,4-3-3,Hakim Ben El Hadj Salem,/en/matches/f6d67175/Lorient-Nice-August-20-2023-Ligue-1,nan
FRA-Ligue 1,2324,Lorient,2023-08-27 Lorient-Lille,2023-08-27,17:05:00,Matchweek 3,Sun,Home,W,4,1,Lille,1.6,1.1,36,15101.0,Laurent Abergel,3-4-3,4-2-3-1,Willy Delajod,/en/matches/eb2c366f/Lorient-Lille-August-27-2023-Ligue-1,nan
FRA-Ligue 1,2324,Lorient,2023-09-03 Le Havre-Lorient,2023-09-03,15:00:00,Matchweek 4,Sun,Away,L,0,3,Le Havre,0.7,2.0,56,18707.0,Laurent Abergel,3-4-3,4-2-3-1,Romain Lissorgue,/en/matches/4519a333/Le-Havre-Lorient-September-3-2023-Ligue-1,nan
FRA-Ligue 1,2324,Lorient,2023-09-17 Lorient-Monaco,2023-09-17,13:00:00,Matchweek 5,Sun,Home,D,2,2,Monaco,0.9,1.7,41,15247.0,Laurent Abergel,3-4-3,3-4-3,Marc Bollengier,/en/matches/2cbf9481/Lorient-Monaco-September-17-2023-Ligue-1,nan
FRA-Ligue 1,2324,Lorient,2023-09-23 Nantes-Lorient,2023-09-23,17:00:00,Matchweek 6,Sat,Away,L,3,5,Nantes,1.7,2.1,56,30704.0,Laurent Abergel,3-4-3,4-4-2,Florent Batta,/en/matches/4f5c9313/Nantes-Lorient-September-23-2023-Ligue-1,nan
FRA-Ligue 1,2324,Lorient,2023-10-01 Lorient-Montpellier,2023-10-01,17:05:00,Matchweek 7,Sun,Home,L,0,3,Montpellier,1.0,2.8,51,13492.0,Laurent Abergel,3-4-3,4-2-3-1,Jeremy Stinat,/en/matches/fd60231d/Lorient-Montpellier-October-1-2023-Ligue-1,nan
FRA-Ligue 1,2324,Lorient,2023-10-08 Lyon-Lorient,2023-10-08,15:00:00,Matchweek 8,Sun,Away,D,3,3,Lyon,1.1,1.4,50,43100.0,Laurent Abergel,3-4-3,4-1-4-1,Clément Turpin,/en/matches/43cc2649/Lyon-Lorient-October-8-2023-Ligue-1,nan
FRA-Ligue 1,2324,Lorient,2023-10-22 Lorient-Rennes,2023-10-22,13:00:00,Matchweek 9,Sun,Home,W,2,1,Rennes,0.6,0.9,31,16711.0,Laurent Abergel,3-4-3,4-3-3,Gaël Angoula,/en/matches/08e896d5/Lorient-Rennes-October-22-2023-Ligue-1,nan
FRA-Ligue 1,2324,Lorient,2023-10-28 Reims-Lorient,2023-10-28,17:00:00,Matchweek 10,Sat,Away,L,0,1,Reims,0.4,0.8,44,14033.0,Laurent Abergel,3-4-3,3-4-1-2,Benoît Bastien,/en/matches/5c8bc6ef/Reims-Lorient-October-28-2023-Ligue-1,nan
FRA-Ligue 1,2324,Lorient,2023-11-04 Lorient-Lens,2023-11-04,17:00:00,Matchweek 11,Sat,Home,D,0,0,Lens,0.5,0.6,43,16599.0,Laurent Abergel,3-4-3,3-4-3,Bastien Dechepy,/en/matches/001326cc/Lorient-Lens-November-4-2023-Ligue-1,nan
FRA-Ligue 1,2324,Lorient,2023-11-12 Clermont Foot-Lorient,2023-11-12,15:00:00,Matchweek 12,Sun,Away,L,0,1,Clermont Foot,0.5,1.5,45,9798.0,Laurent Abergel,3-4-3,3-5-2,Romain Lissorgue,/en/matches/e0aea3a9/Clermont-Foot-Lorient-November-12-2023-Ligue-1,nan
FRA-Ligue 1,2324,Lorient,2023-11-26 Lorient-Metz,2023-11-26,15:00:00,Matchweek 13,Sun,Home,L,2,3,Metz,1.2,1.9,67,14469.0,Laurent Abergel,4-4-2,4-2-3-1,Jérémie Pignard,/en/matches/685f0592/Lorient-Metz-November-26-2023-Ligue-1,nan
FRA-Ligue 1,2324,Lorient,2023-12-03 Toulouse-Lorient,2023-12-03,15:00:00,Matchweek 14,Sun,Away,D,1,1,Toulouse,0.8,1.0,48,22799.0,Laurent Abergel,4-4-2,4-2-3-1,Thomas Léonard,/en/matches/50bf0584/Toulouse-Lorient-December-3-2023-Ligue-1,nan
FRA-Ligue 1,2324,Lorient,2023-12-10 Lorient-Marseille,2023-12-10,20:45:00,Matchweek 15,Sun,Home,L,2,4,Marseille,2.2,2.3,50,15848.0,Laurent Abergel,4-2-3-1,3-5-2,Eric Wattellier,/en/matches/5443d1b1/Lorient-Marseille-December-10-2023-Ligue-1,nan
FRA-Ligue 1,2324,Lorient,2023-12-17 Lorient-Strasbourg,2023-12-17,15:00:00,Matchweek 16,Sun,Home,L,1,2,Strasbourg,0.8,0.9,52,14580.0,Laurent Abergel,4-4-2,4-2-3-1,Bastien Dechepy,/en/matches/f3cfe34d/Lorient-Strasbourg-December-17-2023-Ligue-1,nan
FRA-Ligue 1,2324,Lorient,2023-12-20 Brest-Lorient,2023-12-20,21:00:00,Matchweek 17,Wed,Away,L,0,4,Brest,0.5,2.0,41,14544.0,Laurent Abergel,4-2-3-1,4-3-3,Mathieu Vernice,/en/matches/0f7c086f/Brest-Lorient-December-20-2023-Ligue-1,nan
FRA-Ligue 1,2324,Lorient,2024-01-14 Lille-Lorient,2024-01-14,13:00:00,Matchweek 18,Sun,Away,L,0,3,Lille,0.1,2.3,38,35204.0,Laurent Abergel,3-4-3,4-2-3-1,Pierre Gaillouste,/en/matches/24f7d86b/Lille-Lorient-January-14-2024-Ligue-1,nan
FRA-Ligue 1,2324,Lorient,2024-01-28 Lorient-Le Havre,2024-01-28,15:00:00,Matchweek 19,Sun,Home,D,3,3,Le Havre,1.0,1.7,43,14500.0,Laurent Abergel,3-4-3,4-4-2,Jeremy Stinat,/en/matches/9bdf343f/Lorient-Le-Havre-January-28-2024-Ligue-1,nan
FRA-Ligue 1,2324,Lorient,2024-02-04 Metz-Lorient,2024-02-04,15:00:00,Matchweek 20,Sun,Away,W,2,1,Metz,1.4,1.1,56,21044.0,Laurent Abergel,3-4-3,4-1-4-1,Romain Lissorgue,/en/matches/2e802ba3/Metz-Lorient-February-4-2024-Ligue-1,nan
FRA-Ligue 1,2324,Lorient,2024-02-11 Lorient-Reims,2024-02-11,15:00:00,Matchweek 21,Sun,Home,W,2,0,Reims,1.9,1.2,39,15096.0,Laurent Abergel,3-4-3,4-3-3,Marc Bollengier,/en/matches/99f9cba1/Lorient-Reims-February-11-2024-Ligue-1,nan
FRA-Ligue 1,2324,Lorient,2024-02-18 Strasbourg-Lorient,2024-02-18,13:00:00,Matchweek 22,Sun,Away,W,3,1,Strasbourg,2.0,1.6,38,25103.0,Laurent Abergel,3-4-3,4-4-1-1,Thomas Léonard,/en/matches/ec531c24/Strasbourg-Lorient-February-18-2024-Ligue-1,nan
FRA-Ligue 1,2324,Lorient,2024-02-24 Lorient-Nantes,2024-02-24,17:00:00,Matchweek 23,Sat,Home,L,0,1,Nantes,0.5,0.4,64,16787.0,Laurent Abergel,3-4-3,5-3-2,Willy Delajod,/en/matches/53742b6f/Lorient-Nantes-February-24-2024-Ligue-1,nan
FRA-Ligue 1,2324,Lorient,2024-03-03 Rennes-Lorient,2024-03-03,17:05:00,Matchweek 24,Sun,Away,W,2,1,Rennes,2.0,1.4,44,28615.0,Laurent Abergel,3-4-3,4-2-3-1,Benoît Bastien,/en/matches/a3ae2f49/Rennes-Lorient-March-3-2024-Ligue-1,nan
FRA-Ligue 1,2324,Lorient,2024-03-09 Lorient-Lyon,2024-03-09,17:00:00,Matchweek 25,Sat,Home,L,0,2,Lyon,0.5,1.9,48,16426.0,Laurent Abergel,3-4-3,4-3-3,Mathieu Vernice,/en/matches/5ea578e0/Lorient-Lyon-March-9-2024-Ligue-1,nan
FRA-Ligue 1,2324,Lorient,2024-03-17 Monaco-Lorient,2024-03-17,15:00:00,Matchweek 26,Sun,Away,D,2,2,Monaco,0.8,2.5,49,5090.0,Laurent Abergel,3-4-3,4-2-3-1,Bastien Dechepy,/en/matches/5494c9d6/Monaco-Lorient-March-17-2024-Ligue-1,nan
FRA-Ligue 1,2324,Lorient,2024-03-31 Lorient-Brest,2024-03-31,13:00:00,Matchweek 27,Sun,Home,L,0,1,Brest,1.0,0.5,55,16745.0,Laurent Abergel,3-4-3,4-2-3-1,Jérôme Brisard,/en/matches/605ef273/Lorient-Brest-March-31-2024-Ligue-1,nan
FRA-Ligue 1,2324,Lorient,2024-04-07 Montpellier-Lorient,2024-04-07,15:00:00,Matchweek 28,Sun,Away,L,0,2,Montpellier,1.4,2.4,55,15234.0,Laurent Abergel,3-4-3,4-2-3-1,Romain Lissorgue,/en/matches/95bdd121/Montpellier-Lorient-April-7-2024-Ligue-1,nan
FRA-Ligue 1,2324,Lorient,2024-04-19 Nice-Lorient,2024-04-19,21:00:00,Matchweek 30,Fri,Away,L,0,3,Nice,0.5,2.5,49,21067.0,Yvon Mvogo,3-4-3,4-3-3,Jeremy Stinat,/en/matches/05fcaf04/Nice-Lorient-April-19-2024-Ligue-1,nan
FRA-Ligue 1,2324,Lorient,2024-04-24 Lorient-Paris S-G,2024-04-24,19:00:00,Matchweek 29,Wed,Home,L,1,4,Paris S-G,0.9,1.6,41,16738.0,Julien Laporte,3-4-3,4-3-3,Marc Bollengier,/en/matches/12fd3a4c/Lorient-Paris-Saint-Germain-April-24-2024-Ligue-1,nan
FRA-Ligue 1,2324,Lorient,2024-04-28 Lorient-Toulouse,2024-04-28,15:00:00,Matchweek 31,Sun,Home,L,1,2,Toulouse,1.4,1.8,50,16125.0,Laurent Abergel,3-4-3,3-4-3,Gaël Angoula,/en/matches/666bdb51/Lorient-Toulouse-April-28-2024-Ligue-1,nan
FRA-Ligue 1,2324,Lorient,2024-05-03 Lens-Lorient,2024-05-03,21:00:00,Matchweek 32,Fri,Away,L,0,2,Lens,0.6,2.1,43,37561.0,Laurent Abergel,3-4-3,3-4-3,Jérémie Pignard,/en/matches/e7684537/Lens-Lorient-May-3-2024-Ligue-1,nan
FRA-Ligue 1,2324,Lorient,2024-05-12 Marseille-Lorient,2024-05-12,21:00:00,Matchweek 33,Sun,Away,L,1,3,Marseille,1.5,2.5,42,62082.0,Laurent Abergel,5-4-1,3-4-3,Bastien Dechepy,/en/matches/acbbdff5/Marseille-Lorient-May-12-2024-Ligue-1,nan
FRA-Ligue 1,2324,Lorient,2024-05-19 Lorient-Clermont Foot,2024-05-19,21:00:00,Matchweek 34,Sun,Home,W,5,0,Clermont Foot,4.2,0.8,46,16176.0,Laurent Abergel,3-4-3,4-2-3-1,Clément Turpin,/en/matches/aed44d7a/Lorient-Clermont-Foot-May-19-2024-Ligue-1,nan
FRA-Ligue 1,2324,Lyon,2023-08-13 Strasbourg-Lyon,2023-08-13,20:45:00,Matchweek 1,Sun,Away,L,1,2,Strasbourg,1.7,1.3,64,25410.0,Alexandre Lacazette,4-2-3-1,3-5-2,Jérôme Brisard,/en/matches/9f7c605e/Strasbourg-Lyon-August-13-2023-Ligue-1,nan
FRA-Ligue 1,2324,Lyon,2023-08-19 Lyon-Montpellier,2023-08-19,19:00:00,Matchweek 2,Sat,Home,L,1,4,Montpellier,0.4,2.9,63,42576.0,Alexandre Lacazette,4-2-3-1,4-2-3-1,Mathieu Vernice,/en/matches/39ad4054/Lyon-Montpellier-August-19-2023-Ligue-1,nan
FRA-Ligue 1,2324,Lyon,2023-08-27 Nice-Lyon,2023-08-27,20:45:00,Matchweek 3,Sun,Away,D,0,0,Nice,0.2,1.9,42,28033.0,Corentin Tolisso,4-2-3-1,4-3-3,Bastien Dechepy,/en/matches/067a73e7/Nice-Lyon-August-27-2023-Ligue-1,nan
FRA-Ligue 1,2324,Lyon,2023-09-03 Lyon-Paris S-G,2023-09-03,20:45:00,Matchweek 4,Sun,Home,L,1,4,Paris S-G,2.1,4.5,31,51657.0,Corentin Tolisso,4-2-3-1,4-4-2,Eric Wattellier,/en/matches/cd3d8319/Lyon-Paris-Saint-Germain-September-3-2023-Ligue-1,nan
FRA-Ligue 1,2324,Lyon,2023-09-17 Lyon-Le Havre,2023-09-17,20:45:00,Matchweek 5,Sun,Home,D,0,0,Le Havre,1.5,0.8,58,35507.0,Alexandre Lacazette,4-1-4-1,4-4-2,Benoît Bastien,/en/matches/18b82351/Lyon-Le-Havre-September-17-2023-Ligue-1,nan
FRA-Ligue 1,2324,Lyon,2023-09-23 Brest-Lyon,2023-09-23,21:00:00,Matchweek 6,Sat,Away,L,0,1,Brest,0.4,2.4,43,14636.0,Alexandre Lacazette,4-1-4-1,4-2-3-1,Thomas Léonard,/en/matches/7ae5c7ed/Brest-Lyon-September-23-2023-Ligue-1,nan
FRA-Ligue 1,2324,Lyon,2023-10-01 Reims-Lyon,2023-10-01,13:00:00,Matchweek 7,Sun,Away,L,0,2,Reims,0.7,2.0,50,16477.0,Anthony Lopes,3-4-1-2,4-3-3,François Letexier,/en/matches/cfb7f6ea/Reims-Lyon-October-1-2023-Ligue-1,nan
FRA-Ligue 1,2324,Lyon,2023-10-08 Lyon-Lorient,2023-10-08,15:00:00,Matchweek 8,Sun,Home,D,3,3,Lorient,1.4,1.1,50,43100.0,Alexandre Lacazette,4-1-4-1,3-4-3,Clément Turpin,/en/matches/43cc2649/Lyon-Lorient-October-8-2023-Ligue-1,nan
FRA-Ligue 1,2324,Lyon,2023-10-22 Lyon-Clermont Foot,2023-10-22,20:45:00,Matchweek 9,Sun,Home,L,1,2,Clermont Foot,1.7,1.0,63,43000.0,Alexandre Lacazette,4-3-3,3-5-2,Willy Delajod,/en/matches/847c54fa/Lyon-Clermont-Foot-October-22-2023-Ligue-1,nan
FRA-Ligue 1,2324,Lyon,2023-11-05 Lyon-Metz,2023-11-05,13:00:00,Matchweek 11,Sun,Home,D,1,1,Metz,1.9,0.7,66,42040.0,Alexandre Lacazette,3-5-2,4-2-3-1,Benoît Millot,/en/matches/eadb1375/Lyon-Metz-November-5-2023-Ligue-1,nan
FRA-Ligue 1,2324,Lyon,2023-11-12 Rennes-Lyon,2023-11-12,17:05:00,Matchweek 12,Sun,Away,W,1,0,Rennes,1.5,0.9,58,28441.0,Corentin Tolisso,4-1-2-1-2◆,4-4-2,Stéphanie Frappart,/en/matches/16251ab0/Rennes-Lyon-November-12-2023-Ligue-1,nan
FRA-Ligue 1,2324,Lyon,2023-11-26 Lyon-Lille,2023-11-26,20:45:00,Matchweek 13,Sun,Home,L,0,2,Lille,1.9,1.5,48,40029.0,Alexandre Lacazette,4-3-3,4-2-3-1,Eric Wattellier,/en/matches/3835384c/Lyon-Lille-November-26-2023-Ligue-1,nan
FRA-Ligue 1,2324,Lyon,2023-12-02 Lens-Lyon,2023-12-02,17:00:00,Matchweek 14,Sat,Away,L,2,3,Lens,2.5,2.1,48,38130.0,Alexandre Lacazette,4-2-3-1,3-4-3,Clément Turpin,/en/matches/66f5f256/Lens-Lyon-December-2-2023-Ligue-1,nan
FRA-Ligue 1,2324,Lyon,2023-12-06 Marseille-Lyon,2023-12-06,21:00:00,Matchweek 10,Wed,Away,L,0,3,Marseille,0.2,2.2,51,54238.0,Alexandre Lacazette,4-2-3-1,3-5-2,François Letexier,/en/matches/dfac144f/Choc-des-Olympiques-Marseille-Lyon-December-6-2023-Ligue-1,nan
FRA-Ligue 1,2324,Lyon,2023-12-10 Lyon-Toulouse,2023-12-10,17:05:00,Matchweek 15,Sun,Home,W,3,0,Toulouse,1.7,1.5,49,36677.0,Alexandre Lacazette,3-4-3,4-3-3,Pierre Gaillouste,/en/matches/015e7632/Lyon-Toulouse-December-10-2023-Ligue-1,nan
FRA-Ligue 1,2324,Lyon,2023-12-15 Monaco-Lyon,2023-12-15,21:00:00,Matchweek 16,Fri,Away,W,1,0,Monaco,0.7,1.3,40,6000.0,Alexandre Lacazette,3-4-3,3-4-3,Ruddy Buquet,/en/matches/f66124b8/Monaco-Lyon-December-15-2023-Ligue-1,nan
FRA-Ligue 1,2324,Lyon,2023-12-20 Lyon-Nantes,2023-12-20,21:00:00,Matchweek 17,Wed,Home,W,1,0,Nantes,1.7,0.5,39,40028.0,Alexandre Lacazette,3-4-3,3-4-1-2,Benoît Bastien,/en/matches/1b327b86/Lyon-Nantes-December-20-2023-Ligue-1,nan
FRA-Ligue 1,2324,Lyon,2024-01-14 Le Havre-Lyon,2024-01-14,17:05:00,Matchweek 18,Sun,Away,L,1,3,Le Havre,0.8,1.2,57,23146.0,Alexandre Lacazette,4-2-3-1,4-1-4-1,Gaël Angoula,/en/matches/a8be717d/Le-Havre-Lyon-January-14-2024-Ligue-1,nan
FRA-Ligue 1,2324,Lyon,2024-01-26 Lyon-Rennes,2024-01-26,21:00:00,Matchweek 19,Fri,Home,L,2,3,Rennes,0.9,0.8,64,40516.0,Alexandre Lacazette,3-5-2,4-4-2,Thomas Léonard,/en/matches/952686b7/Lyon-Rennes-January-26-2024-Ligue-1,nan
FRA-Ligue 1,2324,Lyon,2024-02-04 Lyon-Marseille,2024-02-04,20:45:00,Matchweek 20,Sun,Home,W,1,0,Marseille,1.4,0.3,37,46380.0,Alexandre Lacazette,3-4-3,4-3-3,Benoît Bastien,/en/matches/2e98ccf9/Choc-des-Olympiques-Lyon-Marseille-February-4-2024-Ligue-1,nan
FRA-Ligue 1,2324,Lyon,2024-02-11 Montpellier-Lyon,2024-02-11,17:05:00,Matchweek 21,Sun,Away,W,2,1,Montpellier,1.2,1.5,54,15519.0,Alexandre Lacazette,4-3-3,3-1-4-2,Pierre Gaillouste,/en/matches/014cd5b7/Montpellier-Lyon-February-11-2024-Ligue-1,nan
FRA-Ligue 1,2324,Lyon,2024-02-16 Lyon-Nice,2024-02-16,21:00:00,Matchweek 22,Fri,Home,W,1,0,Nice,1.1,0.8,49,48033.0,Alexandre Lacazette,4-3-3,4-3-3,Clément Turpin,/en/matches/205468df/Lyon-Nice-February-16-2024-Ligue-1,nan
FRA-Ligue 1,2324,Lyon,2024-02-23 Metz-Lyon,2024-02-23,21:00:00,Matchweek 23,Fri,Away,W,2,1,Metz,1.6,1.6,62,27560.0,Alexandre Lacazette,4-3-3,4-4-2,Marc Bollengier,/en/matches/f2778def/Metz-Lyon-February-23-2024-Ligue-1,nan
FRA-Ligue 1,2324,Lyon,2024-03-03 Lyon-Lens,2024-03-03,20:45:00,Matchweek 24,Sun,Home,L,0,3,Lens,2.0,3.4,47,48242.0,Anthony Lopes,4-3-3,3-4-1-2,Jérôme Brisard,/en/matches/736f94f0/Lyon-Lens-March-3-2024-Ligue-1,nan
FRA-Ligue 1,2324,Lyon,2024-03-09 Lorient-Lyon,2024-03-09,17:00:00,Matchweek 25,Sat,Away,W,2,0,Lorient,1.9,0.5,52,16426.0,Corentin Tolisso,4-3-3,3-4-3,Mathieu Vernice,/en/matches/5ea578e0/Lorient-Lyon-March-9-2024-Ligue-1,nan
FRA-Ligue 1,2324,Lyon,2024-03-15 Toulouse-Lyon,2024-03-15,21:00:00,Matchweek 26,Fri,Away,W,3,2,Toulouse,1.4,2.4,50,28434.0,Alexandre Lacazette,4-3-3,3-4-3,Jeremy Stinat,/en/matches/863ee181/Toulouse-Lyon-March-15-2024-Ligue-1,nan
FRA-Ligue 1,2324,Lyon,2024-03-30 Lyon-Reims,2024-03-30,21:00:00,Matchweek 27,Sat,Home,D,1,1,Reims,1.8,1.4,65,46097.0,Alexandre Lacazette,3-4-1-2,4-4-1-1,Thomas Léonard,/en/matches/6b21872e/Lyon-Reims-March-30-2024-Ligue-1,nan
FRA-Ligue 1,2324,Lyon,2024-04-07 Nantes-Lyon,2024-04-07,20:45:00,Matchweek 28,Sun,Away,W,3,1,Nantes,2.4,1.2,58,,Alexandre Lacazette,4-3-3,4-2-3-1,Jérôme Brisard,/en/matches/7457568d/Nantes-Lyon-April-7-2024-Ligue-1,nan
FRA-Ligue 1,2324,Lyon,2024-04-14 Lyon-Brest,2024-04-14,20:45:00,Matchweek 29,Sun,Home,W,4,3,Brest,2.1,1.7,53,53898.0,Alexandre Lacazette,4-3-3,4-2-3-1,Mathieu Vernice,/en/matches/c832a039/Lyon-Brest-April-14-2024-Ligue-1,nan
FRA-Ligue 1,2324,Lyon,2024-04-21 Paris S-G-Lyon,2024-04-21,21:00:00,Matchweek 30,Sun,Away,L,1,4,Paris S-G,1.0,2.3,37,45000.0,Alexandre Lacazette,4-2-3-1,4-2-3-1,François Letexier,/en/matches/33d8918a/Paris-Saint-Germain-Lyon-April-21-2024-Ligue-1,nan
FRA-Ligue 1,2324,Lyon,2024-04-28 Lyon-Monaco,2024-04-28,19:00:00,Matchweek 31,Sun,Home,W,3,2,Monaco,2.2,1.7,47,55539.0,Alexandre Lacazette,4-3-3,4-2-2-2,Bastien Dechepy,/en/matches/16e39992/Lyon-Monaco-April-28-2024-Ligue-1,nan
FRA-Ligue 1,2324,Lyon,2024-05-06 Lille-Lyon,2024-05-06,21:00:00,Matchweek 32,Mon,Away,W,4,3,Lille,2.4,0.9,56,45227.0,Alexandre Lacazette,4-3-3,4-2-3-1,Benoît Bastien,/en/matches/9a72e466/Lille-Lyon-May-6-2024-Ligue-1,nan
FRA-Ligue 1,2324,Lyon,2024-05-12 Clermont Foot-Lyon,2024-05-12,21:00:00,Matchweek 33,Sun,Away,W,1,0,Clermont Foot,0.4,1.1,48,10603.0,Maxence Caqueret,4-3-3,4-2-3-1,Pierre Gaillouste,/en/matches/e6afe6a2/Clermont-Foot-Lyon-May-12-2024-Ligue-1,nan
FRA-Ligue 1,2324,Lyon,2024-05-19 Lyon-Strasbourg,2024-05-19,21:00:00,Matchweek 34,Sun,Home,W,2,1,Strasbourg,2.8,1.1,63,57027.0,Alexandre Lacazette,4-1-4-1,4-3-3,Eric Wattellier,/en/matches/9576a537/Lyon-Strasbourg-May-19-2024-Ligue-1,nan
FRA-Ligue 1,2324,Marseille,2023-08-12 Marseille-Reims,2023-08-12,17:00:00,Matchweek 1,Sat,Home,W,2,1,Reims,1.0,0.8,42,63787.0,Valentin Rongier,4-4-2,4-2-3-1,Eric Wattellier,/en/matches/fdbcc9e3/Marseille-Reims-August-12-2023-Ligue-1,nan
FRA-Ligue 1,2324,Marseille,2023-08-18 Metz-Marseille,2023-08-18,21:00:00,Matchweek 2,Fri,Away,D,2,2,Metz,1.9,0.5,57,26661.0,Valentin Rongier,4-4-2,4-1-4-1,Jérôme Brisard,/en/matches/02c81085/Metz-Marseille-August-18-2023-Ligue-1,nan
FRA-Ligue 1,2324,Marseille,2023-08-26 Marseille-Brest,2023-08-26,19:00:00,Matchweek 3,Sat,Home,W,2,0,Brest,2.9,1.5,44,63592.0,Valentin Rongier,4-4-2,4-3-3,Jeremy Stinat,/en/matches/b9c29ee4/Marseille-Brest-August-26-2023-Ligue-1,nan
FRA-Ligue 1,2324,Marseille,2023-09-01 Nantes-Marseille,2023-09-01,21:00:00,Matchweek 4,Fri,Away,D,1,1,Nantes,2.6,0.9,63,34600.0,Valentin Rongier,4-4-2,3-4-3,Ruddy Buquet,/en/matches/6eca98c7/Nantes-Marseille-September-1-2023-Ligue-1,nan
FRA-Ligue 1,2324,Marseille,2023-09-17 Marseille-Toulouse,2023-09-17,17:05:00,Matchweek 5,Sun,Home,D,0,0,Toulouse,1.5,0.7,61,63477.0,Valentin Rongier,4-4-2,4-4-2,François Letexier,/en/matches/195b7636/Marseille-Toulouse-September-17-2023-Ligue-1,nan
FRA-Ligue 1,2324,Marseille,2023-09-24 Paris S-G-Marseille,2023-09-24,20:45:00,Matchweek 6,Sun,Away,L,0,4,Paris S-G,0.7,1.9,24,47000.0,Valentin Rongier,3-5-2,4-4-2,Willy Delajod,/en/matches/405fa974/Paris-Saint-Germain-Marseille-September-24-2023-Ligue-1,nan
FRA-Ligue 1,2324,Marseille,2023-09-30 Monaco-Marseille,2023-09-30,21:00:00,Matchweek 7,Sat,Away,L,2,3,Monaco,1.0,1.0,54,10200.0,Valentin Rongier,4-3-3,3-4-1-2,Benoît Bastien,/en/matches/680c833b/Monaco-Marseille-September-30-2023-Ligue-1,nan
FRA-Ligue 1,2324,Marseille,2023-10-08 Marseille-Le Havre,2023-10-08,13:00:00,Matchweek 8,Sun,Home,W,3,0,Le Havre,2.8,0.2,64,63576.0,Valentin Rongier,4-3-3,4-2-3-1,Thomas Léonard,/en/matches/4df09039/Marseille-Le-Havre-October-8-2023-Ligue-1,nan
FRA-Ligue 1,2324,Marseille,2023-10-21 Nice-Marseille,2023-10-21,21:00:00,Matchweek 9,Sat,Away,L,0,1,Nice,1.1,0.6,50,31423.0,Valentin Rongier,4-2-3-1,4-3-3,Ruddy Buquet,/en/matches/494deaba/Nice-Marseille-October-21-2023-Ligue-1,nan
FRA-Ligue 1,2324,Marseille,2023-11-04 Marseille-Lille,2023-11-04,21:00:00,Matchweek 11,Sat,Home,D,0,0,Lille,0.8,0.3,46,63674.0,Valentin Rongier,4-3-3,4-2-3-1,Stéphanie Frappart,/en/matches/d8243ab9/Marseille-Lille-November-4-2023-Ligue-1,nan
FRA-Ligue 1,2324,Marseille,2023-11-12 Lens-Marseille,2023-11-12,20:45:00,Matchweek 12,Sun,Away,L,0,1,Lens,1.0,1.1,53,38223.0,Samuel Gigot,4-2-3-1,3-4-3,Benoît Bastien,/en/matches/fe8096da/Lens-Marseille-November-12-2023-Ligue-1,nan
FRA-Ligue 1,2324,Marseille,2023-11-25 Strasbourg-Marseille,2023-11-25,21:00:00,Matchweek 13,Sat,Away,D,1,1,Strasbourg,1.4,1.1,60,25443.0,Geoffrey Kondogbia,4-2-3-1,4-4-1-1,Jérôme Brisard,/en/matches/3d1a3c81/Strasbourg-Marseille-November-25-2023-Ligue-1,nan
FRA-Ligue 1,2324,Marseille,2023-12-03 Marseille-Rennes,2023-12-03,20:45:00,Matchweek 14,Sun,Home,W,2,0,Rennes,0.9,0.6,43,54162.0,Samuel Gigot,4-2-3-1,3-4-3,Willy Delajod,/en/matches/caadf3f7/Marseille-Rennes-December-3-2023-Ligue-1,nan
FRA-Ligue 1,2324,Marseille,2023-12-06 Marseille-Lyon,2023-12-06,21:00:00,Matchweek 10,Wed,Home,W,3,0,Lyon,2.2,0.2,49,54238.0,Samuel Gigot,3-5-2,4-2-3-1,François Letexier,/en/matches/dfac144f/Choc-des-Olympiques-Marseille-Lyon-December-6-2023-Ligue-1,nan
FRA-Ligue 1,2324,Marseille,2023-12-10 Lorient-Marseille,2023-12-10,20:45:00,Matchweek 15,Sun,Away,W,4,2,Lorient,2.3,2.2,50,15848.0,Samuel Gigot,3-5-2,4-2-3-1,Eric Wattellier,/en/matches/5443d1b1/Lorient-Marseille-December-10-2023-Ligue-1,nan
FRA-Ligue 1,2324,Marseille,2023-12-17 Marseille-Clermont Foot,2023-12-17,17:05:00,Matchweek 16,Sun,Home,W,2,1,Clermont Foot,2.4,0.2,55,63753.0,Samuel Gigot,3-5-2,3-4-3,Gaël Angoula,/en/matches/a92291bc/Marseille-Clermont-Foot-December-17-2023-Ligue-1,nan
FRA-Ligue 1,2324,Marseille,2023-12-20 Montpellier-Marseille,2023-12-20,21:00:00,Matchweek 17,Wed,Away,D,1,1,Montpellier,1.3,0.9,68,18565.0,Samuel Gigot,5-3-2,5-3-2,Thomas Léonard,/en/matches/b8e581d1/Montpellier-Marseille-December-20-2023-Ligue-1,nan
FRA-Ligue 1,2324,Marseille,2024-01-12 Marseille-Strasbourg,2024-01-12,21:00:00,Matchweek 18,Fri,Home,D,1,1,Strasbourg,1.4,1.2,47,53616.0,Samuel Gigot,3-5-2,4-2-3-1,Marc Bollengier,/en/matches/2a8b7749/Marseille-Strasbourg-January-12-2024-Ligue-1,nan
FRA-Ligue 1,2324,Marseille,2024-01-27 Marseille-Monaco,2024-01-27,21:00:00,Matchweek 19,Sat,Home,D,2,2,Monaco,2.4,0.5,68,63029.0,Geoffrey Kondogbia,4-3-3,3-4-3,Willy Delajod,/en/matches/039fae0f/Marseille-Monaco-January-27-2024-Ligue-1,nan
FRA-Ligue 1,2324,Marseille,2024-02-04 Lyon-Marseille,2024-02-04,20:45:00,Matchweek 20,Sun,Away,L,0,1,Lyon,0.3,1.4,63,46380.0,Samuel Gigot,4-3-3,3-4-3,Benoît Bastien,/en/matches/2e98ccf9/Choc-des-Olympiques-Lyon-Marseille-February-4-2024-Ligue-1,nan
FRA-Ligue 1,2324,Marseille,2024-02-09 Marseille-Metz,2024-02-09,21:00:00,Matchweek 21,Fri,Home,D,1,1,Metz,1.8,0.8,66,62686.0,Samuel Gigot,4-3-3,5-3-2,Hakim Ben El Hadj Salem,/en/matches/70c7d433/Marseille-Metz-February-9-2024-Ligue-1,nan
FRA-Ligue 1,2324,Marseille,2024-02-18 Brest-Marseille,2024-02-18,20:45:00,Matchweek 22,Sun,Away,L,0,1,Brest,0.6,1.7,58,13800.0,Chancel Mbemba,4-3-3,4-2-3-1,Ruddy Buquet,/en/matches/56d7c531/Brest-Marseille-February-18-2024-Ligue-1,nan
FRA-Ligue 1,2324,Marseille,2024-02-25 Marseille-Montpellier,2024-02-25,20:45:00,Matchweek 23,Sun,Home,W,4,1,Montpellier,2.7,0.6,58,61263.0,Samuel Gigot,4-3-3,3-1-4-2,Jérémie Pignard,/en/matches/7b5136c2/Marseille-Montpellier-February-25-2024-Ligue-1,nan
FRA-Ligue 1,2324,Marseille,2024-03-02 Clermont Foot-Marseille,2024-03-02,21:00:00,Matchweek 24,Sat,Away,W,5,1,Clermont Foot,2.4,0.7,56,10583.0,Chancel Mbemba,4-3-3,4-2-3-1,Thomas Léonard,/en/matches/c2c8e29e/Clermont-Foot-Marseille-March-2-2024-Ligue-1,nan
FRA-Ligue 1,2324,Marseille,2024-03-10 Marseille-Nantes,2024-03-10,20:45:00,Matchweek 25,Sun,Home,W,2,0,Nantes,1.5,1.0,53,56958.0,Chancel Mbemba,4-3-3,5-3-2,François Letexier,/en/matches/b696acad/Marseille-Nantes-March-10-2024-Ligue-1,nan
FRA-Ligue 1,2324,Marseille,2024-03-17 Rennes-Marseille,2024-03-17,17:05:00,Matchweek 26,Sun,Away,L,0,2,Rennes,0.7,1.4,57,28610.0,Geoffrey Kondogbia,4-2-3-1,4-1-4-1,Eric Wattellier,/en/matches/8cc36332/Rennes-Marseille-March-17-2024-Ligue-1,nan
FRA-Ligue 1,2324,Marseille,2024-03-31 Marseille-Paris S-G,2024-03-31,20:45:00,Matchweek 27,Sun,Home,L,0,2,Paris S-G,1.4,2.1,47,66046.0,Geoffrey Kondogbia,4-3-3,4-3-1-2,Benoît Bastien,/en/matches/4b3924f8/Marseille-Paris-Saint-Germain-March-31-2024-Ligue-1,nan
FRA-Ligue 1,2324,Marseille,2024-04-05 Lille-Marseille,2024-04-05,21:00:00,Matchweek 28,Fri,Away,L,1,3,Lille,1.2,1.8,47,46864.0,Samuel Gigot,4-3-3,4-3-3,Bastien Dechepy,/en/matches/b0aa88a4/Lille-Marseille-April-5-2024-Ligue-1,nan
FRA-Ligue 1,2324,Marseille,2024-04-21 Toulouse-Marseille,2024-04-21,19:00:00,Matchweek 30,Sun,Away,D,2,2,Toulouse,1.1,0.5,54,30119.0,Pau López,5-3-2,3-4-3,Clément Turpin,/en/matches/05f7968b/Toulouse-Marseille-April-21-2024-Ligue-1,nan
FRA-Ligue 1,2324,Marseille,2024-04-24 Marseille-Nice,2024-04-24,21:00:00,Matchweek 29,Wed,Home,D,2,2,Nice,2.2,1.4,48,53000.0,Samuel Gigot,3-5-2,4-3-3,Jérémie Pignard,/en/matches/0727529c/Marseille-Nice-April-24-2024-Ligue-1,nan
FRA-Ligue 1,2324,Marseille,2024-04-28 Marseille-Lens,2024-04-28,21:00:00,Matchweek 31,Sun,Home,W,2,1,Lens,1.7,1.2,44,59490.0,Samuel Gigot,3-5-2,3-4-3,Eric Wattellier,/en/matches/13780c18/Marseille-Lens-April-28-2024-Ligue-1,nan
FRA-Ligue 1,2324,Marseille,2024-05-12 Marseille-Lorient,2024-05-12,21:00:00,Matchweek 33,Sun,Home,W,3,1,Lorient,2.5,1.5,58,62082.0,Samuel Gigot,3-4-3,5-4-1,Bastien Dechepy,/en/matches/acbbdff5/Marseille-Lorient-May-12-2024-Ligue-1,nan
FRA-Ligue 1,2324,Marseille,2024-05-15 Reims-Marseille,2024-05-15,21:00:00,Matchweek 32,Wed,Away,L,0,1,Reims,1.7,1.1,62,19020.0,Geoffrey Kondogbia,3-5-2,4-2-3-1,Hakim Ben El Hadj Salem,/en/matches/5a6454f2/Reims-Marseille-May-15-2024-Ligue-1,nan
FRA-Ligue 1,2324,Marseille,2024-05-19 Le Havre-Marseille,2024-05-19,21:00:00,Matchweek 34,Sun,Away,W,2,1,Le Havre,1.5,1.8,56,24050.0,Chancel Mbemba,4-4-2,4-2-3-1,Jeremy Stinat,/en/matches/3fa1da40/Le-Havre-Marseille-May-19-2024-Ligue-1,nan
FRA-Ligue 1,2324,Metz,2023-08-13 Rennes-Metz,2023-08-13,17:05:00,Matchweek 1,Sun,Away,L,1,5,Rennes,0.4,4.0,30,26065.0,Ismaël Traoré,4-2-3-1,4-3-3,Jeremy Stinat,/en/matches/e0073aaf/Rennes-Metz-August-13-2023-Ligue-1,nan
FRA-Ligue 1,2324,Metz,2023-08-18 Metz-Marseille,2023-08-18,21:00:00,Matchweek 2,Fri,Home,D,2,2,Marseille,0.5,1.9,43,26661.0,Ismaël Traoré,4-1-4-1,4-4-2,Jérôme Brisard,/en/matches/02c81085/Metz-Marseille-August-18-2023-Ligue-1,nan
FRA-Ligue 1,2324,Metz,2023-08-27 Clermont Foot-Metz,2023-08-27,15:00:00,Matchweek 3,Sun,Away,W,1,0,Clermont Foot,1.1,0.7,30,9146.0,Matthieu Udol,4-3-3,3-4-3,Gaël Angoula,/en/matches/344b05de/Clermont-Foot-Metz-August-27-2023-Ligue-1,nan
FRA-Ligue 1,2324,Metz,2023-09-03 Metz-Reims,2023-09-03,15:00:00,Matchweek 4,Sun,Home,D,2,2,Reims,1.1,0.7,36,24272.0,Matthieu Udol,4-2-3-1,4-3-3,Mathieu Vernice,/en/matches/678bad42/Metz-Reims-September-3-2023-Ligue-1,nan
FRA-Ligue 1,2324,Metz,2023-09-16 Lens-Metz,2023-09-16,21:00:00,Matchweek 5,Sat,Away,W,1,0,Lens,0.3,2.0,25,37988.0,Matthieu Udol,4-2-3-1,3-4-3,Stéphanie Frappart,/en/matches/40754c32/Lens-Metz-September-16-2023-Ligue-1,nan
FRA-Ligue 1,2324,Metz,2023-09-24 Metz-Strasbourg,2023-09-24,13:00:00,Matchweek 6,Sun,Home,L,0,1,Strasbourg,1.1,0.4,52,26661.0,Matthieu Udol,4-2-3-1,4-3-3,Clément Turpin,/en/matches/a5037d9e/Metz-Strasbourg-September-24-2023-Ligue-1,nan
FRA-Ligue 1,2324,Metz,2023-10-01 Toulouse-Metz,2023-10-01,15:00:00,Matchweek 7,Sun,Away,L,0,3,Toulouse,0.7,1.3,34,24770.0,Matthieu Udol,4-2-3-1,4-2-3-1,Gaël Angoula,/en/matches/9baac3cb/Toulouse-Metz-October-1-2023-Ligue-1,nan
FRA-Ligue 1,2324,Metz,2023-10-07 Metz-Nice,2023-10-07,17:00:00,Matchweek 8,Sat,Home,L,0,1,Nice,0.4,1.4,32,23160.0,Matthieu Udol,4-2-3-1,4-3-3,Jérôme Brisard,/en/matches/a77842d5/Metz-Nice-October-7-2023-Ligue-1,nan
FRA-Ligue 1,2324,Metz,2023-10-22 Monaco-Metz,2023-10-22,17:05:00,Matchweek 9,Sun,Away,L,1,2,Monaco,1.0,2.0,25,6200.0,Matthieu Udol,4-2-3-1,4-2-2-2,Romain Lissorgue,/en/matches/b33c484a/Monaco-Metz-October-22-2023-Ligue-1,nan
FRA-Ligue 1,2324,Metz,2023-10-29 Metz-Le Havre,2023-10-29,15:00:00,Matchweek 10,Sun,Home,D,0,0,Le Havre,0.5,0.7,42,20718.0,Matthieu Udol,4-2-3-1,3-4-3,Hakim Ben El Hadj Salem,/en/matches/6d743853/Metz-Le-Havre-October-29-2023-Ligue-1,nan
FRA-Ligue 1,2324,Metz,2023-11-05 Lyon-Metz,2023-11-05,13:00:00,Matchweek 11,Sun,Away,D,1,1,Lyon,0.7,1.9,34,42040.0,Matthieu Udol,4-2-3-1,3-5-2,Benoît Millot,/en/matches/eadb1375/Lyon-Metz-November-5-2023-Ligue-1,nan
FRA-Ligue 1,2324,Metz,2023-11-12 Metz-Nantes,2023-11-12,15:00:00,Matchweek 12,Sun,Home,W,3,1,Nantes,1.1,1.3,34,21674.0,Matthieu Udol,4-2-3-1,3-4-3,Florent Batta,/en/matches/594dba4e/Metz-Nantes-November-12-2023-Ligue-1,nan
FRA-Ligue 1,2324,Metz,2023-11-26 Lorient-Metz,2023-11-26,15:00:00,Matchweek 13,Sun,Away,W,3,2,Lorient,1.9,1.2,33,14469.0,Matthieu Udol,4-2-3-1,4-4-2,Jérémie Pignard,/en/matches/685f0592/Lorient-Metz-November-26-2023-Ligue-1,nan
FRA-Ligue 1,2324,Metz,2023-12-03 Lille-Metz,2023-12-03,17:05:00,Matchweek 14,Sun,Away,L,0,2,Lille,1.9,2.9,35,38065.0,Matthieu Udol,4-2-3-1,4-2-3-1,Gaël Angoula,/en/matches/1edcab1f/Lille-Metz-December-3-2023-Ligue-1,nan
FRA-Ligue 1,2324,Metz,2023-12-10 Metz-Brest,2023-12-10,15:00:00,Matchweek 15,Sun,Home,L,0,1,Brest,0.2,0.3,33,20157.0,Matthieu Udol,4-2-3-1,4-3-3,Romain Lissorgue,/en/matches/e1a3d53e/Metz-Brest-December-10-2023-Ligue-1,nan
FRA-Ligue 1,2324,Metz,2023-12-17 Metz-Montpellier,2023-12-17,15:00:00,Matchweek 16,Sun,Home,L,0,1,Montpellier,0.8,0.5,52,23473.0,Matthieu Udol,4-3-3,5-3-2,Marc Bollengier,/en/matches/eb4084eb/Metz-Montpellier-December-17-2023-Ligue-1,nan
FRA-Ligue 1,2324,Metz,2023-12-20 Paris S-G-Metz,2023-12-20,21:00:00,Matchweek 17,Wed,Away,L,1,3,Paris S-G,0.1,2.4,26,48229.0,Matthieu Udol,4-3-3,3-4-3,Ruddy Buquet,/en/matches/fb56b3c2/Paris-Saint-Germain-Metz-December-20-2023-Ligue-1,nan
FRA-Ligue 1,2324,Metz,2024-01-14 Metz-Toulouse,2024-01-14,15:00:00,Matchweek 18,Sun,Home,L,0,1,Toulouse,0.7,1.0,40,21065.0,Matthieu Udol,4-3-3,4-3-3,Florent Batta,/en/matches/926b0a14/Metz-Toulouse-January-14-2024-Ligue-1,nan
FRA-Ligue 1,2324,Metz,2024-01-27 Nice-Metz,2024-01-27,17:00:00,Matchweek 19,Sat,Away,L,0,1,Nice,0.1,2.2,34,20137.0,Matthieu Udol,4-1-4-1,4-3-3,Stéphanie Frappart,/en/matches/69267ef1/Nice-Metz-January-27-2024-Ligue-1,nan
FRA-Ligue 1,2324,Metz,2024-02-04 Metz-Lorient,2024-02-04,15:00:00,Matchweek 20,Sun,Home,L,1,2,Lorient,1.1,1.4,44,21044.0,Matthieu Udol,4-1-4-1,3-4-3,Romain Lissorgue,/en/matches/2e802ba3/Metz-Lorient-February-4-2024-Ligue-1,nan
FRA-Ligue 1,2324,Metz,2024-02-09 Marseille-Metz,2024-02-09,21:00:00,Matchweek 21,Fri,Away,D,1,1,Marseille,0.8,1.8,34,62686.0,Matthieu Udol,5-3-2,4-3-3,Hakim Ben El Hadj Salem,/en/matches/70c7d433/Marseille-Metz-February-9-2024-Ligue-1,nan
FRA-Ligue 1,2324,Metz,2024-02-18 Montpellier-Metz,2024-02-18,15:00:00,Matchweek 22,Sun,Away,L,0,3,Montpellier,1.3,3.0,46,12532.0,Matthieu Udol,5-3-2,3-1-4-2,Jeremy Stinat,/en/matches/4e939d4c/Montpellier-Metz-February-18-2024-Ligue-1,nan
FRA-Ligue 1,2324,Metz,2024-02-23 Metz-Lyon,2024-02-23,21:00:00,Matchweek 23,Fri,Home,L,1,2,Lyon,1.6,1.6,38,27560.0,Matthieu Udol,4-4-2,4-3-3,Marc Bollengier,/en/matches/f2778def/Metz-Lyon-February-23-2024-Ligue-1,nan
FRA-Ligue 1,2324,Metz,2024-03-03 Nantes-Metz,2024-03-03,15:00:00,Matchweek 24,Sun,Away,W,2,0,Nantes,2.0,0.9,53,27132.0,Matthieu Udol,4-3-3,5-3-2,Eric Wattellier,/en/matches/9cd454f2/Nantes-Metz-March-3-2024-Ligue-1,nan
FRA-Ligue 1,2324,Metz,2024-03-10 Metz-Clermont Foot,2024-03-10,15:00:00,Matchweek 25,Sun,Home,W,1,0,Clermont Foot,1.7,0.8,34,22673.0,Matthieu Udol,4-4-2,4-2-3-1,Gaël Angoula,/en/matches/f7db6990/Metz-Clermont-Foot-March-10-2024-Ligue-1,nan
FRA-Ligue 1,2324,Metz,2024-03-17 Reims-Metz,2024-03-17,15:00:00,Matchweek 26,Sun,Away,L,1,2,Reims,0.9,2.2,34,14335.0,Matthieu Udol,4-5-1,4-4-1-1,Hakim Ben El Hadj Salem,/en/matches/d840de58/Reims-Metz-March-17-2024-Ligue-1,nan
FRA-Ligue 1,2324,Metz,2024-03-30 Metz-Monaco,2024-03-30,17:00:00,Matchweek 27,Sat,Home,L,2,5,Monaco,2.1,2.4,36,26661.0,Matthieu Udol,4-5-1,4-2-3-1,Eric Wattellier,/en/matches/ec35ab5c/Metz-Monaco-March-30-2024-Ligue-1,nan
FRA-Ligue 1,2324,Metz,2024-04-07 Brest-Metz,2024-04-07,13:00:00,Matchweek 28,Sun,Away,L,3,4,Brest,2.2,3.2,34,14656.0,Matthieu Udol,4-3-3,4-1-3-2,Benoît Millot,/en/matches/f6f76317/Brest-Metz-April-7-2024-Ligue-1,nan
FRA-Ligue 1,2324,Metz,2024-04-12 Metz-Lens,2024-04-12,21:00:00,Matchweek 29,Fri,Home,W,2,1,Lens,0.8,1.5,30,23002.0,Matthieu Udol,4-5-1,3-4-3,Romain Lissorgue,/en/matches/eac47cb2/Metz-Lens-April-12-2024-Ligue-1,nan
FRA-Ligue 1,2324,Metz,2024-04-21 Le Havre-Metz,2024-04-21,15:00:00,Matchweek 30,Sun,Away,W,1,0,Le Havre,1.3,0.7,36,21250.0,Matthieu Udol,4-5-1,4-2-3-1,Marc Bollengier,/en/matches/488e12d3/Le-Havre-Metz-April-21-2024-Ligue-1,nan
FRA-Ligue 1,2324,Metz,2024-04-28 Metz-Lille,2024-04-28,13:00:00,Matchweek 31,Sun,Home,L,1,2,Lille,1.1,0.8,30,24728.0,Matthieu Udol,4-5-1,4-2-3-1,Stéphanie Frappart,/en/matches/316c5fa3/Metz-Lille-April-28-2024-Ligue-1,nan
FRA-Ligue 1,2324,Metz,2024-05-04 Metz-Rennes,2024-05-04,19:00:00,Matchweek 32,Sat,Home,L,2,3,Rennes,0.6,2.1,36,23290.0,Ismaël Traoré,4-3-3,4-4-2,Ruddy Buquet,/en/matches/a299adab/Metz-Rennes-May-4-2024-Ligue-1,nan
FRA-Ligue 1,2324,Metz,2024-05-12 Strasbourg-Metz,2024-05-12,21:00:00,Matchweek 33,Sun,Away,L,1,2,Strasbourg,1.1,1.3,30,25686.0,Ismaël Traoré,4-5-1,4-3-3,François Letexier,/en/matches/2301c78f/Strasbourg-Metz-May-12-2024-Ligue-1,nan
FRA-Ligue 1,2324,Metz,2024-05-19 Metz-Paris S-G,2024-05-19,21:00:00,Matchweek 34,Sun,Home,L,0,2,Paris S-G,0.9,2.0,24,28455.0,Matthieu Udol,4-3-3,4-3-3,Gaël Angoula,/en/matches/8dac35ed/Metz-Paris-Saint-Germain-May-19-2024-Ligue-1,nan
FRA-Ligue 1,2324,Monaco,2023-08-13 Clermont Foot-Monaco,2023-08-13,15:00:00,Matchweek 1,Sun,Away,W,4,2,Clermont Foot,2.5,1.8,45,10453.0,Wissam Ben Yedder,3-4-3,3-4-3,François Letexier,/en/matches/68752280/Clermont-Foot-Monaco-August-13-2023-Ligue-1,nan
FRA-Ligue 1,2324,Monaco,2023-08-20 Monaco-Strasbourg,2023-08-20,19:00:00,Matchweek 2,Sun,Home,W,3,0,Strasbourg,0.9,0.5,56,10100.0,Wissam Ben Yedder,3-4-3,3-5-2,Ruddy Buquet,/en/matches/f06d0bce/Monaco-Strasbourg-August-20-2023-Ligue-1,nan
FRA-Ligue 1,2324,Monaco,2023-08-25 Nantes-Monaco,2023-08-25,21:00:00,Matchweek 3,Fri,Away,D,3,3,Nantes,3.3,1.0,65,28429.0,Wissam Ben Yedder,3-4-3,3-4-3,Jérémie Pignard,/en/matches/ea724bc0/Nantes-Monaco-August-25-2023-Ligue-1,nan
FRA-Ligue 1,2324,Monaco,2023-09-02 Monaco-Lens,2023-09-02,21:00:00,Matchweek 4,Sat,Home,W,3,0,Lens,0.9,0.6,52,9600.0,Wissam Ben Yedder,3-4-3,3-4-3,Willy Delajod,/en/matches/7a2f8122/Monaco-Lens-September-2-2023-Ligue-1,nan
FRA-Ligue 1,2324,Monaco,2023-09-17 Lorient-Monaco,2023-09-17,13:00:00,Matchweek 5,Sun,Away,D,2,2,Lorient,1.7,0.9,59,15247.0,Wissam Ben Yedder,3-4-3,3-4-3,Marc Bollengier,/en/matches/2cbf9481/Lorient-Monaco-September-17-2023-Ligue-1,nan
FRA-Ligue 1,2324,Monaco,2023-09-22 Monaco-Nice,2023-09-22,21:00:00,Matchweek 6,Fri,Home,L,0,1,Nice,1.8,0.9,55,10075.0,Youssouf Fofana,3-4-3,4-3-3,Benoît Millot,/en/matches/74e4b97c/Monaco-Nice-September-22-2023-Ligue-1,nan
FRA-Ligue 1,2324,Monaco,2023-09-30 Monaco-Marseille,2023-09-30,21:00:00,Matchweek 7,Sat,Home,W,3,2,Marseille,1.0,1.0,46,10200.0,Wissam Ben Yedder,3-4-1-2,4-3-3,Benoît Bastien,/en/matches/680c833b/Monaco-Marseille-September-30-2023-Ligue-1,nan
FRA-Ligue 1,2324,Monaco,2023-10-07 Reims-Monaco,2023-10-07,21:00:00,Matchweek 8,Sat,Away,W,3,1,Reims,1.2,1.5,46,19000.0,Wissam Ben Yedder,3-4-1-2,4-3-3,Hakim Ben El Hadj Salem,/en/matches/8abe55a4/Reims-Monaco-October-7-2023-Ligue-1,nan
FRA-Ligue 1,2324,Monaco,2023-10-22 Monaco-Metz,2023-10-22,17:05:00,Matchweek 9,Sun,Home,W,2,1,Metz,2.0,1.0,75,6200.0,Wissam Ben Yedder,4-2-2-2,4-2-3-1,Romain Lissorgue,/en/matches/b33c484a/Monaco-Metz-October-22-2023-Ligue-1,nan
FRA-Ligue 1,2324,Monaco,2023-10-29 Lille-Monaco,2023-10-29,15:00:00,Matchweek 10,Sun,Away,L,0,2,Lille,0.6,0.5,59,40046.0,Wissam Ben Yedder,4-1-3-2,4-2-3-1,Clément Turpin,/en/matches/e4ed3318/Lille-Monaco-October-29-2023-Ligue-1,nan
FRA-Ligue 1,2324,Monaco,2023-11-05 Monaco-Brest,2023-11-05,17:05:00,Matchweek 11,Sun,Home,W,2,0,Brest,0.8,0.8,46,9244.0,Youssouf Fofana,3-4-3,4-3-3,Eric Wattellier,/en/matches/ef59a003/Monaco-Brest-November-5-2023-Ligue-1,nan
FRA-Ligue 1,2324,Monaco,2023-11-11 Le Havre-Monaco,2023-11-11,21:00:00,Matchweek 12,Sat,Away,D,0,0,Le Havre,0.6,1.4,62,23008.0,Wissam Ben Yedder,3-4-3,3-4-3,Thomas Léonard,/en/matches/8bb49483/Le-Havre-Monaco-November-11-2023-Ligue-1,nan
FRA-Ligue 1,2324,Monaco,2023-11-24 Paris S-G-Monaco,2023-11-24,21:00:00,Matchweek 13,Fri,Away,L,2,5,Paris S-G,1.6,2.6,46,47896.0,Guillermo Maripán,3-4-3,4-3-3,Benoît Bastien,/en/matches/6f11a93d/Paris-Saint-Germain-Monaco-November-24-2023-Ligue-1,nan
FRA-Ligue 1,2324,Monaco,2023-12-03 Monaco-Montpellier,2023-12-03,15:00:00,Matchweek 14,Sun,Home,W,2,0,Montpellier,2.2,0.9,63,4599.0,Guillermo Maripán,4-2-3-1,5-4-1,Jeremy Stinat,/en/matches/0d5e1575/Monaco-Montpellier-December-3-2023-Ligue-1,nan
FRA-Ligue 1,2324,Monaco,2023-12-09 Rennes-Monaco,2023-12-09,17:00:00,Matchweek 15,Sat,Away,W,2,1,Rennes,0.9,1.7,53,26856.0,Youssouf Fofana,3-4-3,3-4-3,Clément Turpin,/en/matches/fdd2c923/Rennes-Monaco-December-9-2023-Ligue-1,nan
FRA-Ligue 1,2324,Monaco,2023-12-15 Monaco-Lyon,2023-12-15,21:00:00,Matchweek 16,Fri,Home,L,0,1,Lyon,1.3,0.7,60,6000.0,Youssouf Fofana,3-4-3,3-4-3,Ruddy Buquet,/en/matches/f66124b8/Monaco-Lyon-December-15-2023-Ligue-1,nan
FRA-Ligue 1,2324,Monaco,2023-12-20 Toulouse-Monaco,2023-12-20,21:00:00,Matchweek 17,Wed,Away,W,2,1,Toulouse,1.9,1.4,45,23881.0,Wissam Ben Yedder,3-5-2,4-2-3-1,Jérôme Brisard,/en/matches/81c83fe9/Toulouse-Monaco-December-20-2023-Ligue-1,nan
FRA-Ligue 1,2324,Monaco,2024-01-13 Monaco-Reims,2024-01-13,17:00:00,Matchweek 18,Sat,Home,L,1,3,Reims,1.2,1.5,56,4231.0,Wissam Ben Yedder,3-4-3,4-3-3,François Letexier,/en/matches/7f2cdeb6/Monaco-Reims-January-13-2024-Ligue-1,nan
FRA-Ligue 1,2324,Monaco,2024-01-27 Marseille-Monaco,2024-01-27,21:00:00,Matchweek 19,Sat,Away,D,2,2,Marseille,0.5,2.4,32,63029.0,Wissam Ben Yedder,3-4-3,4-3-3,Willy Delajod,/en/matches/039fae0f/Marseille-Monaco-January-27-2024-Ligue-1,nan
FRA-Ligue 1,2324,Monaco,2024-02-04 Monaco-Le Havre,2024-02-04,13:00:00,Matchweek 20,Sun,Home,D,1,1,Le Havre,1.4,0.1,61,9047.0,Wissam Ben Yedder,3-5-2,4-3-3,Jérôme Brisard,/en/matches/6b4f65e7/Monaco-Le-Havre-February-4-2024-Ligue-1,nan
FRA-Ligue 1,2324,Monaco,2024-02-11 Nice-Monaco,2024-02-11,20:45:00,Matchweek 21,Sun,Away,W,3,2,Nice,1.7,2.1,53,24788.0,Wissam Ben Yedder,4-3-3,4-3-3,Eric Wattellier,/en/matches/a2cab916/Nice-Monaco-February-11-2024-Ligue-1,nan
FRA-Ligue 1,2324,Monaco,2024-02-18 Monaco-Toulouse,2024-02-18,15:00:00,Matchweek 22,Sun,Home,L,1,2,Toulouse,1.7,1.4,65,4702.0,Denis Zakaria,4-3-3,3-4-3,Benoît Bastien,/en/matches/57c599f6/Monaco-Toulouse-February-18-2024-Ligue-1,nan
FRA-Ligue 1,2324,Monaco,2024-02-25 Lens-Monaco,2024-02-25,13:00:00,Matchweek 23,Sun,Away,W,3,2,Lens,2.3,2.9,40,37992.0,Wissam Ben Yedder,4-4-2,3-4-3,François Letexier,/en/matches/7b54b025/Lens-Monaco-February-25-2024-Ligue-1,nan
FRA-Ligue 1,2324,Monaco,2024-03-01 Monaco-Paris S-G,2024-03-01,21:00:00,Matchweek 24,Fri,Home,D,0,0,Paris S-G,1.6,1.5,32,14700.0,Wissam Ben Yedder,4-4-2,4-3-3,Ruddy Buquet,/en/matches/4be6a76c/Monaco-Paris-Saint-Germain-March-1-2024-Ligue-1,nan
FRA-Ligue 1,2324,Monaco,2024-03-10 Strasbourg-Monaco,2024-03-10,15:00:00,Matchweek 25,Sun,Away,W,1,0,Strasbourg,1.3,0.4,66,25391.0,Wissam Ben Yedder,4-4-2,3-4-3,Clément Turpin,/en/matches/9a8c884c/Strasbourg-Monaco-March-10-2024-Ligue-1,nan
FRA-Ligue 1,2324,Monaco,2024-03-17 Monaco-Lorient,2024-03-17,15:00:00,Matchweek 26,Sun,Home,D,2,2,Lorient,2.5,0.8,51,5090.0,Wissam Ben Yedder,4-2-3-1,3-4-3,Bastien Dechepy,/en/matches/5494c9d6/Monaco-Lorient-March-17-2024-Ligue-1,nan
FRA-Ligue 1,2324,Monaco,2024-03-30 Metz-Monaco,2024-03-30,17:00:00,Matchweek 27,Sat,Away,W,5,2,Metz,2.4,2.1,64,26661.0,Wissam Ben Yedder,4-2-3-1,4-5-1,Eric Wattellier,/en/matches/ec35ab5c/Metz-Monaco-March-30-2024-Ligue-1,nan
FRA-Ligue 1,2324,Monaco,2024-04-07 Monaco-Rennes,2024-04-07,17:05:00,Matchweek 28,Sun,Home,W,1,0,Rennes,2.0,1.3,52,6634.0,Wissam Ben Yedder,4-2-3-1,4-4-2,Stéphanie Frappart,/en/matches/c0e30df7/Monaco-Rennes-April-7-2024-Ligue-1,nan
FRA-Ligue 1,2324,Monaco,2024-04-21 Brest-Monaco,2024-04-21,17:05:00,Matchweek 30,Sun,Away,W,2,0,Brest,0.9,0.6,44,14856.0,Youssouf Fofana,4-2-3-1,4-2-3-1,Ruddy Buquet,/en/matches/8f8b95f8/Brest-Monaco-April-21-2024-Ligue-1,nan
FRA-Ligue 1,2324,Monaco,2024-04-24 Monaco-Lille,2024-04-24,21:00:00,Matchweek 29,Wed,Home,W,1,0,Lille,1.6,1.3,43,9000.0,Wissam Ben Yedder,4-4-2,4-3-3,Clément Turpin,/en/matches/88182e5f/Monaco-Lille-April-24-2024-Ligue-1,nan
FRA-Ligue 1,2324,Monaco,2024-04-28 Lyon-Monaco,2024-04-28,19:00:00,Matchweek 31,Sun,Away,L,2,3,Lyon,1.7,2.2,53,55539.0,Wissam Ben Yedder,4-2-2-2,4-3-3,Bastien Dechepy,/en/matches/16e39992/Lyon-Monaco-April-28-2024-Ligue-1,nan
FRA-Ligue 1,2324,Monaco,2024-05-04 Monaco-Clermont Foot,2024-05-04,17:00:00,Matchweek 32,Sat,Home,W,4,1,Clermont Foot,3.6,1.4,62,7256.0,Wissam Ben Yedder,4-4-2,4-2-3-1,Hakim Ben El Hadj Salem,/en/matches/a7f56ab4/Monaco-Clermont-Foot-May-4-2024-Ligue-1,nan
FRA-Ligue 1,2324,Monaco,2024-05-12 Montpellier-Monaco,2024-05-12,21:00:00,Matchweek 33,Sun,Away,W,2,0,Montpellier,2.3,1.1,55,14829.0,Wissam Ben Yedder,3-1-4-2,4-2-3-1,Stéphanie Frappart,/en/matches/9f62b1ef/Montpellier-Monaco-May-12-2024-Ligue-1,nan
FRA-Ligue 1,2324,Monaco,2024-05-19 Monaco-Nantes,2024-05-19,21:00:00,Matchweek 34,Sun,Home,W,4,0,Nantes,1.5,1.0,62,7343.0,Wissam Ben Yedder,4-4-2,4-4-1-1,Romain Lissorgue,/en/matches/ba001914/Monaco-Nantes-May-19-2024-Ligue-1,nan
FRA-Ligue 1,2324,Montpellier,2023-08-13 Montpellier-Le Havre,2023-08-13,15:00:00,Matchweek 1,Sun,Home,D,2,2,Le Havre,1.6,1.0,58,15852.0,Téji Savanier,4-2-3-1,5-3-2,Clément Turpin,/en/matches/ca893ead/Montpellier-Le-Havre-August-13-2023-Ligue-1,nan
FRA-Ligue 1,2324,Montpellier,2023-08-19 Lyon-Montpellier,2023-08-19,19:00:00,Matchweek 2,Sat,Away,W,4,1,Lyon,2.9,0.4,37,42576.0,Téji Savanier,4-2-3-1,4-2-3-1,Mathieu Vernice,/en/matches/39ad4054/Lyon-Montpellier-August-19-2023-Ligue-1,nan
FRA-Ligue 1,2324,Montpellier,2023-08-27 Montpellier-Reims,2023-08-27,15:00:00,Matchweek 3,Sun,Home,L,1,3,Reims,0.9,1.4,52,14476.0,Téji Savanier,4-2-3-1,4-3-3,Marc Bollengier,/en/matches/4d6e6c68/Montpellier-Reims-August-27-2023-Ligue-1,nan
FRA-Ligue 1,2324,Montpellier,2023-09-03 Lille-Montpellier,2023-09-03,15:00:00,Matchweek 4,Sun,Away,L,0,1,Lille,0.3,1.2,42,35298.0,Téji Savanier,4-2-3-1,3-4-3,Benoît Millot,/en/matches/26cacbb5/Lille-Montpellier-September-3-2023-Ligue-1,nan
FRA-Ligue 1,2324,Montpellier,2023-09-17 Strasbourg-Montpellier,2023-09-17,15:00:00,Matchweek 5,Sun,Away,D,2,2,Strasbourg,1.1,2.3,56,25128.0,Téji Savanier,4-2-3-1,4-2-3-1,Pierre Gaillouste,/en/matches/b04003c3/Strasbourg-Montpellier-September-17-2023-Ligue-1,nan
FRA-Ligue 1,2324,Montpellier,2023-09-24 Montpellier-Rennes,2023-09-24,17:05:00,Matchweek 6,Sun,Home,D,0,0,Rennes,1.5,0.9,37,15430.0,Téji Savanier,4-2-3-1,4-2-3-1,Stéphanie Frappart,/en/matches/fd6b554c/Montpellier-Rennes-September-24-2023-Ligue-1,nan
FRA-Ligue 1,2324,Montpellier,2023-10-01 Lorient-Montpellier,2023-10-01,17:05:00,Matchweek 7,Sun,Away,W,3,0,Lorient,2.8,1.0,49,13492.0,Téji Savanier,4-2-3-1,3-4-3,Jeremy Stinat,/en/matches/fd60231d/Lorient-Montpellier-October-1-2023-Ligue-1,nan
FRA-Ligue 1,2324,Montpellier,2023-10-22 Nantes-Montpellier,2023-10-22,15:00:00,Matchweek 9,Sun,Away,L,0,2,Nantes,0.5,1.5,43,26864.0,Téji Savanier,4-2-3-1,4-3-3,Marc Bollengier,/en/matches/398e7ed6/Nantes-Montpellier-October-22-2023-Ligue-1,nan
FRA-Ligue 1,2324,Montpellier,2023-10-29 Montpellier-Toulouse,2023-10-29,15:00:00,Matchweek 10,Sun,Home,W,3,0,Toulouse,3.0,1.2,39,13209.0,Téji Savanier,4-2-3-1,4-3-3,Thomas Léonard,/en/matches/c7788081/Montpellier-Toulouse-October-29-2023-Ligue-1,nan
FRA-Ligue 1,2324,Montpellier,2023-11-03 Paris S-G-Montpellier,2023-11-03,21:00:00,Matchweek 11,Fri,Away,L,0,3,Paris S-G,0.5,1.1,30,47647.0,Téji Savanier,4-2-3-1,4-2-2-2,Ruddy Buquet,/en/matches/4f44d7fc/Paris-Saint-Germain-Montpellier-November-3-2023-Ligue-1,nan
FRA-Ligue 1,2324,Montpellier,2023-11-10 Montpellier-Nice,2023-11-10,21:00:00,Matchweek 12,Fri,Home,D,0,0,Nice,0.5,0.7,41,13452.0,Téji Savanier,4-2-3-1,4-3-3,Hakim Ben El Hadj Salem,/en/matches/5bdc7c32/Montpellier-Nice-November-10-2023-Ligue-1,nan
FRA-Ligue 1,2324,Montpellier,2023-11-26 Montpellier-Brest,2023-11-26,15:00:00,Matchweek 13,Sun,Home,L,1,3,Brest,1.7,1.7,53,12311.0,Téji Savanier,4-2-3-1,4-3-3,Pierre Gaillouste,/en/matches/e4cca984/Montpellier-Brest-November-26-2023-Ligue-1,nan
FRA-Ligue 1,2324,Montpellier,2023-11-29 Montpellier-Clermont Foot,2023-11-29,19:00:00,Matchweek 8,Wed,Home,D,1,1,Clermont Foot,2.4,0.4,63,,Téji Savanier,4-2-3-1,3-4-3,Mathieu Vernice,/en/matches/341877cf/Montpellier-Clermont-Foot-November-29-2023-Ligue-1,nan
FRA-Ligue 1,2324,Montpellier,2023-12-03 Monaco-Montpellier,2023-12-03,15:00:00,Matchweek 14,Sun,Away,L,0,2,Monaco,0.9,2.2,37,4599.0,Téji Savanier,5-4-1,4-2-3-1,Jeremy Stinat,/en/matches/0d5e1575/Monaco-Montpellier-December-3-2023-Ligue-1,nan
FRA-Ligue 1,2324,Montpellier,2023-12-08 Montpellier-Lens,2023-12-08,21:00:00,Matchweek 15,Fri,Home,D,0,0,Lens,1.3,1.1,35,14169.0,Téji Savanier,3-4-3,3-4-3,Stéphanie Frappart,/en/matches/ad238285/Montpellier-Lens-December-8-2023-Ligue-1,nan
FRA-Ligue 1,2324,Montpellier,2023-12-17 Metz-Montpellier,2023-12-17,15:00:00,Matchweek 16,Sun,Away,W,1,0,Metz,0.5,0.8,48,23473.0,Téji Savanier,5-3-2,4-3-3,Marc Bollengier,/en/matches/eb4084eb/Metz-Montpellier-December-17-2023-Ligue-1,nan
FRA-Ligue 1,2324,Montpellier,2023-12-20 Montpellier-Marseille,2023-12-20,21:00:00,Matchweek 17,Wed,Home,D,1,1,Marseille,0.9,1.3,32,18565.0,Téji Savanier,5-3-2,5-3-2,Thomas Léonard,/en/matches/b8e581d1/Montpellier-Marseille-December-20-2023-Ligue-1,nan
FRA-Ligue 1,2324,Montpellier,2024-01-14 Brest-Montpellier,2024-01-14,15:00:00,Matchweek 18,Sun,Away,L,0,2,Brest,0.4,3.4,35,12712.0,Téji Savanier,5-3-2,4-3-3,Jérémie Pignard,/en/matches/82c3efb7/Brest-Montpellier-January-14-2024-Ligue-1,nan
FRA-Ligue 1,2324,Montpellier,2024-01-28 Montpellier-Lille,2024-01-28,13:00:00,Matchweek 19,Sun,Home,D,0,0,Lille,0.7,0.5,39,12575.0,Téji Savanier,5-3-2,4-2-3-1,Hakim Ben El Hadj Salem,/en/matches/8308b478/Montpellier-Lille-January-28-2024-Ligue-1,nan
FRA-Ligue 1,2324,Montpellier,2024-02-03 Rennes-Montpellier,2024-02-03,17:00:00,Matchweek 20,Sat,Away,L,1,2,Rennes,1.2,2.0,52,24898.0,Téji Savanier,5-4-1,4-4-2,Mathieu Vernice,/en/matches/f3ce3488/Rennes-Montpellier-February-3-2024-Ligue-1,nan
FRA-Ligue 1,2324,Montpellier,2024-02-11 Montpellier-Lyon,2024-02-11,17:05:00,Matchweek 21,Sun,Home,L,1,2,Lyon,1.5,1.2,46,15519.0,Téji Savanier,3-1-4-2,4-3-3,Pierre Gaillouste,/en/matches/014cd5b7/Montpellier-Lyon-February-11-2024-Ligue-1,nan
FRA-Ligue 1,2324,Montpellier,2024-02-18 Montpellier-Metz,2024-02-18,15:00:00,Matchweek 22,Sun,Home,W,3,0,Metz,3.0,1.3,54,12532.0,Téji Savanier,3-1-4-2,5-3-2,Jeremy Stinat,/en/matches/4e939d4c/Montpellier-Metz-February-18-2024-Ligue-1,nan
FRA-Ligue 1,2324,Montpellier,2024-02-25 Marseille-Montpellier,2024-02-25,20:45:00,Matchweek 23,Sun,Away,L,1,4,Marseille,0.6,2.7,42,61263.0,Téji Savanier,3-1-4-2,4-3-3,Jérémie Pignard,/en/matches/7b5136c2/Marseille-Montpellier-February-25-2024-Ligue-1,nan
FRA-Ligue 1,2324,Montpellier,2024-03-03 Montpellier-Strasbourg,2024-03-03,15:00:00,Matchweek 24,Sun,Home,D,2,2,Strasbourg,1.7,1.7,60,11635.0,Téji Savanier,4-2-3-1,3-4-3,Stéphanie Frappart,/en/matches/e020afbf/Montpellier-Strasbourg-March-3-2024-Ligue-1,nan
FRA-Ligue 1,2324,Montpellier,2024-03-08 Nice-Montpellier,2024-03-08,21:00:00,Matchweek 25,Fri,Away,W,2,1,Nice,1.2,1.1,35,21819.0,Téji Savanier,4-2-3-1,3-4-3,Ruddy Buquet,/en/matches/d631a829/Nice-Montpellier-March-8-2024-Ligue-1,nan
FRA-Ligue 1,2324,Montpellier,2024-03-17 Montpellier-Paris S-G,2024-03-17,20:45:00,Matchweek 26,Sun,Home,L,2,6,Paris S-G,2.3,1.5,32,19202.0,Téji Savanier,4-2-3-1,4-3-3,Florent Batta,/en/matches/f850eea5/Montpellier-Paris-Saint-Germain-March-17-2024-Ligue-1,nan
FRA-Ligue 1,2324,Montpellier,2024-03-31 Le Havre-Montpellier,2024-03-31,15:00:00,Matchweek 27,Sun,Away,W,2,0,Le Havre,1.6,0.8,48,20556.0,Téji Savanier,4-1-4-1,4-2-3-1,Mathieu Vernice,/en/matches/84ed0867/Le-Havre-Montpellier-March-31-2024-Ligue-1,nan
FRA-Ligue 1,2324,Montpellier,2024-04-07 Montpellier-Lorient,2024-04-07,15:00:00,Matchweek 28,Sun,Home,W,2,0,Lorient,2.4,1.4,45,15234.0,Téji Savanier,4-2-3-1,3-4-3,Romain Lissorgue,/en/matches/95bdd121/Montpellier-Lorient-April-7-2024-Ligue-1,nan
FRA-Ligue 1,2324,Montpellier,2024-04-14 Clermont Foot-Montpellier,2024-04-14,15:00:00,Matchweek 29,Sun,Away,D,1,1,Clermont Foot,1.4,1.5,50,10174.0,Téji Savanier,4-2-3-1,4-3-3,Thomas Léonard,/en/matches/9b9d6335/Clermont-Foot-Montpellier-April-14-2024-Ligue-1,nan
FRA-Ligue 1,2324,Montpellier,2024-04-21 Reims-Montpellier,2024-04-21,15:00:00,Matchweek 30,Sun,Away,W,2,1,Reims,1.6,1.5,47,14183.0,Téji Savanier,4-2-3-1,4-4-1-1,Pierre Gaillouste,/en/matches/ec3fcd38/Reims-Montpellier-April-21-2024-Ligue-1,nan
FRA-Ligue 1,2324,Montpellier,2024-04-26 Montpellier-Nantes,2024-04-26,21:00:00,Matchweek 31,Fri,Home,D,1,1,Nantes,0.8,1.3,54,17331.0,Téji Savanier,4-2-3-1,4-2-3-1,Jeremy Stinat,/en/matches/b0c1736a/Montpellier-Nantes-April-26-2024-Ligue-1,nan
FRA-Ligue 1,2324,Montpellier,2024-05-03 Toulouse-Montpellier,2024-05-03,19:00:00,Matchweek 32,Fri,Away,W,2,1,Toulouse,0.5,1.3,37,24559.0,Téji Savanier,5-3-2,4-3-3,Marc Bollengier,/en/matches/33eeaf12/Toulouse-Montpellier-May-3-2024-Ligue-1,nan
FRA-Ligue 1,2324,Montpellier,2024-05-12 Montpellier-Monaco,2024-05-12,21:00:00,Matchweek 33,Sun,Home,L,0,2,Monaco,1.1,2.3,45,14829.0,Jordan Ferri,4-2-3-1,3-1-4-2,Stéphanie Frappart,/en/matches/9f62b1ef/Montpellier-Monaco-May-12-2024-Ligue-1,nan
FRA-Ligue 1,2324,Montpellier,2024-05-19 Lens-Montpellier,2024-05-19,21:00:00,Matchweek 34,Sun,Away,D,2,2,Lens,0.8,5.2,45,37433.0,Becir Omeragic,3-4-3,3-4-3,Thomas Léonard,/en/matches/ac107595/Lens-Montpellier-May-19-2024-Ligue-1,nan
FRA-Ligue 1,2324,Nantes,2023-08-13 Nantes-Toulouse,2023-08-13,15:00:00,Matchweek 1,Sun,Home,L,1,2,Toulouse,1.1,1.1,44,30578.0,Florent Mollet,3-4-1-2,4-3-3,Willy Delajod,/en/matches/1e12937d/Nantes-Toulouse-August-13-2023-Ligue-1,nan
FRA-Ligue 1,2324,Nantes,2023-08-20 Lille-Nantes,2023-08-20,13:00:00,Matchweek 2,Sun,Away,L,0,2,Lille,1.1,2.2,36,34356.0,Pedro Chirivella,3-4-3,4-2-3-1,Pierre Gaillouste,/en/matches/31fe99c8/Lille-Nantes-August-20-2023-Ligue-1,nan
FRA-Ligue 1,2324,Nantes,2023-08-25 Nantes-Monaco,2023-08-25,21:00:00,Matchweek 3,Fri,Home,D,3,3,Monaco,1.0,3.3,35,28429.0,Pedro Chirivella,3-4-3,3-4-3,Jérémie Pignard,/en/matches/ea724bc0/Nantes-Monaco-August-25-2023-Ligue-1,nan
FRA-Ligue 1,2324,Nantes,2023-09-01 Nantes-Marseille,2023-09-01,21:00:00,Matchweek 4,Fri,Home,D,1,1,Marseille,0.9,2.6,37,34600.0,Pedro Chirivella,3-4-3,4-4-2,Ruddy Buquet,/en/matches/6eca98c7/Nantes-Marseille-September-1-2023-Ligue-1,nan
FRA-Ligue 1,2324,Nantes,2023-09-17 Clermont Foot-Nantes,2023-09-17,15:00:00,Matchweek 5,Sun,Away,W,1,0,Clermont Foot,0.6,1.3,48,9775.0,Pedro Chirivella,4-2-3-1,3-4-3,Thomas Léonard,/en/matches/6a2c2932/Clermont-Foot-Nantes-September-17-2023-Ligue-1,nan
FRA-Ligue 1,2324,Nantes,2023-09-23 Nantes-Lorient,2023-09-23,17:00:00,Matchweek 6,Sat,Home,W,5,3,Lorient,2.1,1.7,44,30704.0,Pedro Chirivella,4-4-2,3-4-3,Florent Batta,/en/matches/4f5c9313/Nantes-Lorient-September-23-2023-Ligue-1,nan
FRA-Ligue 1,2324,Nantes,2023-10-01 Rennes-Nantes,2023-10-01,20:45:00,Matchweek 7,Sun,Away,L,1,3,Rennes,1.0,2.7,42,27313.0,Pedro Chirivella,4-2-3-1,4-2-3-1,Ruddy Buquet,/en/matches/94204a39/Rennes-Nantes-October-1-2023-Ligue-1,nan
FRA-Ligue 1,2324,Nantes,2023-10-06 Strasbourg-Nantes,2023-10-06,21:00:00,Matchweek 8,Fri,Away,W,2,1,Strasbourg,1.9,0.7,57,25274.0,Pedro Chirivella,3-4-3,3-4-3,Stéphanie Frappart,/en/matches/ac3cd65a/Strasbourg-Nantes-October-6-2023-Ligue-1,nan
FRA-Ligue 1,2324,Nantes,2023-10-22 Nantes-Montpellier,2023-10-22,15:00:00,Matchweek 9,Sun,Home,W,2,0,Montpellier,1.5,0.5,57,26864.0,Pedro Chirivella,4-3-3,4-2-3-1,Marc Bollengier,/en/matches/398e7ed6/Nantes-Montpellier-October-22-2023-Ligue-1,nan
FRA-Ligue 1,2324,Nantes,2023-10-28 Lens-Nantes,2023-10-28,21:00:00,Matchweek 10,Sat,Away,L,0,4,Lens,1.0,3.7,46,38223.0,Pedro Chirivella,3-4-3,3-4-3,Pierre Gaillouste,/en/matches/271f272f/Lens-Nantes-October-28-2023-Ligue-1,nan
FRA-Ligue 1,2324,Nantes,2023-11-05 Nantes-Reims,2023-11-05,15:00:00,Matchweek 11,Sun,Home,L,0,1,Reims,1.8,1.1,50,33621.0,Pedro Chirivella,3-4-3,3-4-1-2,Gaël Angoula,/en/matches/96b3374a/Nantes-Reims-November-5-2023-Ligue-1,nan
FRA-Ligue 1,2324,Nantes,2023-11-12 Metz-Nantes,2023-11-12,15:00:00,Matchweek 12,Sun,Away,L,1,3,Metz,1.3,1.1,66,21674.0,Pedro Chirivella,3-4-3,4-2-3-1,Florent Batta,/en/matches/594dba4e/Metz-Nantes-November-12-2023-Ligue-1,nan
FRA-Ligue 1,2324,Nantes,2023-11-26 Nantes-Le Havre,2023-11-26,15:00:00,Matchweek 13,Sun,Home,D,0,0,Le Havre,1.3,0.2,61,29346.0,Pedro Chirivella,4-2-3-1,4-4-1-1,Miguel Nogueira,/en/matches/ec8cdc57/Nantes-Le-Havre-November-26-2023-Ligue-1,nan
FRA-Ligue 1,2324,Nantes,2023-12-02 Nantes-Nice,2023-12-02,21:00:00,Matchweek 14,Sat,Home,W,1,0,Nice,1.4,1.3,38,26560.0,Pedro Chirivella,4-2-3-1,4-3-3,Ruddy Buquet,/en/matches/b0ae3622/Nantes-Nice-December-2-2023-Ligue-1,nan
FRA-Ligue 1,2324,Nantes,2023-12-09 Paris S-G-Nantes,2023-12-09,21:00:00,Matchweek 15,Sat,Away,L,1,2,Paris S-G,0.5,2.0,35,47926.0,Alban Lafont,4-2-3-1,4-3-3,Jérôme Brisard,/en/matches/2582af0c/Paris-Saint-Germain-Nantes-December-9-2023-Ligue-1,nan
FRA-Ligue 1,2324,Nantes,2023-12-17 Nantes-Brest,2023-12-17,13:00:00,Matchweek 16,Sun,Home,L,0,2,Brest,1.0,1.9,51,30075.0,Pedro Chirivella,4-2-3-1,4-3-3,Benoît Millot,/en/matches/17503b00/Nantes-Brest-December-17-2023-Ligue-1,nan
FRA-Ligue 1,2324,Nantes,2023-12-20 Lyon-Nantes,2023-12-20,21:00:00,Matchweek 17,Wed,Away,L,0,1,Lyon,0.5,1.7,61,40028.0,Pedro Chirivella,3-4-1-2,3-4-3,Benoît Bastien,/en/matches/1b327b86/Lyon-Nantes-December-20-2023-Ligue-1,nan
FRA-Ligue 1,2324,Nantes,2024-01-14 Nantes-Clermont Foot,2024-01-14,15:00:00,Matchweek 18,Sun,Home,L,1,2,Clermont Foot,1.9,1.0,52,20866.0,Pedro Chirivella,4-4-2,3-4-3,Romain Lissorgue,/en/matches/d2738fb8/Nantes-Clermont-Foot-January-14-2024-Ligue-1,nan
FRA-Ligue 1,2324,Nantes,2024-01-28 Reims-Nantes,2024-01-28,15:00:00,Matchweek 19,Sun,Away,D,0,0,Reims,1.2,0.9,50,14388.0,Pedro Chirivella,4-3-3,4-3-3,Jérémie Pignard,/en/matches/f3522f33/Reims-Nantes-January-28-2024-Ligue-1,nan
FRA-Ligue 1,2324,Nantes,2024-02-03 Nantes-Lens,2024-02-03,21:00:00,Matchweek 20,Sat,Home,L,0,1,Lens,0.6,1.6,42,34167.0,Pedro Chirivella,4-4-1-1,3-4-1-2,Florent Batta,/en/matches/f7e99caf/Nantes-Lens-February-3-2024-Ligue-1,nan
FRA-Ligue 1,2324,Nantes,2024-02-11 Toulouse-Nantes,2024-02-11,15:00:00,Matchweek 21,Sun,Away,W,2,1,Toulouse,0.4,1.0,26,28933.0,Pedro Chirivella,4-3-3,4-2-3-1,Gaël Angoula,/en/matches/e6caf939/Toulouse-Nantes-February-11-2024-Ligue-1,nan
FRA-Ligue 1,2324,Nantes,2024-02-17 Nantes-Paris S-G,2024-02-17,21:00:00,Matchweek 22,Sat,Home,L,0,2,Paris S-G,1.3,1.5,23,34038.0,Pedro Chirivella,5-3-2,4-3-3,Jérôme Brisard,/en/matches/56629c17/Nantes-Paris-Saint-Germain-February-17-2024-Ligue-1,nan
FRA-Ligue 1,2324,Nantes,2024-02-24 Lorient-Nantes,2024-02-24,17:00:00,Matchweek 23,Sat,Away,W,1,0,Lorient,0.4,0.5,36,16787.0,Pedro Chirivella,5-3-2,3-4-3,Willy Delajod,/en/matches/53742b6f/Lorient-Nantes-February-24-2024-Ligue-1,nan
FRA-Ligue 1,2324,Nantes,2024-03-03 Nantes-Metz,2024-03-03,15:00:00,Matchweek 24,Sun,Home,L,0,2,Metz,0.9,2.0,47,27132.0,Pedro Chirivella,5-3-2,4-3-3,Eric Wattellier,/en/matches/9cd454f2/Nantes-Metz-March-3-2024-Ligue-1,nan
FRA-Ligue 1,2324,Nantes,2024-03-10 Marseille-Nantes,2024-03-10,20:45:00,Matchweek 25,Sun,Away,L,0,2,Marseille,1.0,1.5,47,56958.0,Pedro Chirivella,5-3-2,4-3-3,François Letexier,/en/matches/b696acad/Marseille-Nantes-March-10-2024-Ligue-1,nan
FRA-Ligue 1,2324,Nantes,2024-03-16 Nantes-Strasbourg,2024-03-16,17:00:00,Matchweek 26,Sat,Home,L,1,3,Strasbourg,1.1,1.9,63,29487.0,Pedro Chirivella,4-2-3-1,3-4-3,Jérémie Pignard,/en/matches/9e18cf79/Nantes-Strasbourg-March-16-2024-Ligue-1,nan
FRA-Ligue 1,2324,Nantes,2024-03-31 Nice-Nantes,2024-03-31,15:00:00,Matchweek 27,Sun,Away,W,2,1,Nice,1.7,1.3,44,21142.0,Pedro Chirivella,4-2-3-1,4-3-3,Bastien Dechepy,/en/matches/d3388c96/Nice-Nantes-March-31-2024-Ligue-1,nan
FRA-Ligue 1,2324,Nantes,2024-04-07 Nantes-Lyon,2024-04-07,20:45:00,Matchweek 28,Sun,Home,L,1,3,Lyon,1.2,2.4,42,,Pedro Chirivella,4-2-3-1,4-3-3,Jérôme Brisard,/en/matches/7457568d/Nantes-Lyon-April-7-2024-Ligue-1,nan
FRA-Ligue 1,2324,Nantes,2024-04-14 Le Havre-Nantes,2024-04-14,13:00:00,Matchweek 29,Sun,Away,W,1,0,Le Havre,0.8,1.4,55,23021.0,Pedro Chirivella,4-2-3-1,5-3-2,Hakim Ben El Hadj Salem,/en/matches/2e9cdf18/Le-Havre-Nantes-April-14-2024-Ligue-1,nan
FRA-Ligue 1,2324,Nantes,2024-04-20 Nantes-Rennes,2024-04-20,17:00:00,Matchweek 30,Sat,Home,L,0,3,Rennes,0.2,2.4,45,25433.0,Pedro Chirivella,4-3-3,4-2-3-1,Willy Delajod,/en/matches/69006962/Nantes-Rennes-April-20-2024-Ligue-1,nan
FRA-Ligue 1,2324,Nantes,2024-04-26 Montpellier-Nantes,2024-04-26,21:00:00,Matchweek 31,Fri,Away,D,1,1,Montpellier,1.3,0.8,46,17331.0,Alban Lafont,4-2-3-1,4-2-3-1,Jeremy Stinat,/en/matches/b0c1736a/Montpellier-Nantes-April-26-2024-Ligue-1,nan
FRA-Ligue 1,2324,Nantes,2024-05-04 Brest-Nantes,2024-05-04,21:00:00,Matchweek 32,Sat,Away,D,0,0,Brest,1.6,0.5,29,15159.0,Alban Lafont,3-4-3,4-2-3-1,Clément Turpin,/en/matches/8e6a7aaa/Brest-Nantes-May-4-2024-Ligue-1,nan
FRA-Ligue 1,2324,Nantes,2024-05-12 Nantes-Lille,2024-05-12,21:00:00,Matchweek 33,Sun,Home,L,1,2,Lille,0.7,1.5,30,26529.0,Pedro Chirivella,3-5-2,4-2-3-1,Eric Wattellier,/en/matches/8f8532aa/Nantes-Lille-May-12-2024-Ligue-1,nan
FRA-Ligue 1,2324,Nantes,2024-05-19 Monaco-Nantes,2024-05-19,21:00:00,Matchweek 34,Sun,Away,L,0,4,Monaco,1.0,1.5,38,7343.0,Alban Lafont,4-4-1-1,4-4-2,Romain Lissorgue,/en/matches/ba001914/Monaco-Nantes-May-19-2024-Ligue-1,nan
FRA-Ligue 1,2324,Nice,2023-08-11 Nice-Lille,2023-08-11,21:00:00,Matchweek 1,Fri,Home,D,1,1,Lille,1.2,1.3,40,29436.0,Dante,4-3-3,4-2-3-1,Benoît Bastien,/en/matches/ff59d311/Nice-Lille-August-11-2023-Ligue-1,nan
FRA-Ligue 1,2324,Nice,2023-08-20 Lorient-Nice,2023-08-20,15:00:00,Matchweek 2,Sun,Away,D,1,1,Lorient,1.7,0.8,59,15848.0,Dante,4-3-3,3-4-3,Hakim Ben El Hadj Salem,/en/matches/f6d67175/Lorient-Nice-August-20-2023-Ligue-1,nan
FRA-Ligue 1,2324,Nice,2023-08-27 Nice-Lyon,2023-08-27,20:45:00,Matchweek 3,Sun,Home,D,0,0,Lyon,1.9,0.2,58,28033.0,Dante,4-3-3,4-2-3-1,Bastien Dechepy,/en/matches/067a73e7/Nice-Lyon-August-27-2023-Ligue-1,nan
FRA-Ligue 1,2324,Nice,2023-09-03 Nice-Strasbourg,2023-09-03,17:05:00,Matchweek 4,Sun,Home,W,2,0,Strasbourg,2.2,0.2,62,20215.0,Dante,4-3-3,3-4-3,Jeremy Stinat,/en/matches/17e9722e/Nice-Strasbourg-September-3-2023-Ligue-1,nan
FRA-Ligue 1,2324,Nice,2023-09-15 Paris S-G-Nice,2023-09-15,21:00:00,Matchweek 5,Fri,Away,W,3,2,Paris S-G,1.3,1.0,31,47874.0,Dante,4-3-3,4-3-3,Clément Turpin,/en/matches/f0478368/Paris-Saint-Germain-Nice-September-15-2023-Ligue-1,nan
FRA-Ligue 1,2324,Nice,2023-09-22 Monaco-Nice,2023-09-22,21:00:00,Matchweek 6,Fri,Away,W,1,0,Monaco,0.9,1.8,45,10075.0,Dante,4-3-3,3-4-3,Benoît Millot,/en/matches/74e4b97c/Monaco-Nice-September-22-2023-Ligue-1,nan
FRA-Ligue 1,2324,Nice,2023-10-01 Nice-Brest,2023-10-01,15:00:00,Matchweek 7,Sun,Home,D,0,0,Brest,1.1,0.2,54,32044.0,Dante,4-3-3,4-2-3-1,Romain Lissorgue,/en/matches/49bbb3f4/Nice-Brest-October-1-2023-Ligue-1,nan
FRA-Ligue 1,2324,Nice,2023-10-07 Metz-Nice,2023-10-07,17:00:00,Matchweek 8,Sat,Away,W,1,0,Metz,1.4,0.4,68,23160.0,Dante,4-3-3,4-2-3-1,Jérôme Brisard,/en/matches/a77842d5/Metz-Nice-October-7-2023-Ligue-1,nan
FRA-Ligue 1,2324,Nice,2023-10-21 Nice-Marseille,2023-10-21,21:00:00,Matchweek 9,Sat,Home,W,1,0,Marseille,0.6,1.1,50,31423.0,Dante,4-3-3,4-2-3-1,Ruddy Buquet,/en/matches/494deaba/Nice-Marseille-October-21-2023-Ligue-1,nan
FRA-Ligue 1,2324,Nice,2023-10-27 Clermont Foot-Nice,2023-10-27,21:00:00,Matchweek 10,Fri,Away,W,1,0,Clermont Foot,2.2,0.5,55,10800.0,Dante,4-3-3,3-5-2,Jérémie Pignard,/en/matches/1c297781/Clermont-Foot-Nice-October-27-2023-Ligue-1,nan
FRA-Ligue 1,2324,Nice,2023-11-05 Nice-Rennes,2023-11-05,20:45:00,Matchweek 11,Sun,Home,W,2,0,Rennes,1.6,0.8,46,22430.0,Dante,4-3-3,4-4-2,Clément Turpin,/en/matches/fad89d7b/Nice-Rennes-November-5-2023-Ligue-1,nan
FRA-Ligue 1,2324,Nice,2023-11-10 Montpellier-Nice,2023-11-10,21:00:00,Matchweek 12,Fri,Away,D,0,0,Montpellier,0.7,0.5,59,13452.0,Dante,4-3-3,4-2-3-1,Hakim Ben El Hadj Salem,/en/matches/5bdc7c32/Montpellier-Nice-November-10-2023-Ligue-1,nan
FRA-Ligue 1,2324,Nice,2023-11-26 Nice-Toulouse,2023-11-26,13:00:00,Matchweek 13,Sun,Home,W,1,0,Toulouse,1.0,1.3,53,21849.0,Dante,4-3-3,4-2-3-1,François Letexier,/en/matches/69ee1012/Nice-Toulouse-November-26-2023-Ligue-1,nan
FRA-Ligue 1,2324,Nice,2023-12-02 Nantes-Nice,2023-12-02,21:00:00,Matchweek 14,Sat,Away,L,0,1,Nantes,1.3,1.4,62,26560.0,Dante,4-3-3,4-2-3-1,Ruddy Buquet,/en/matches/b0ae3622/Nantes-Nice-December-2-2023-Ligue-1,nan
FRA-Ligue 1,2324,Nice,2023-12-10 Nice-Reims,2023-12-10,13:00:00,Matchweek 15,Sun,Home,W,2,1,Reims,0.9,1.3,52,24325.0,Dante,4-3-3,3-1-4-2,Benoît Bastien,/en/matches/22646ca5/Nice-Reims-December-10-2023-Ligue-1,nan
FRA-Ligue 1,2324,Nice,2023-12-16 Le Havre-Nice,2023-12-16,17:00:00,Matchweek 16,Sat,Away,L,1,3,Le Havre,1.9,2.1,62,21971.0,Dante,4-3-3,4-4-2,Jérémie Pignard,/en/matches/8fd0b0fe/Le-Havre-Nice-December-16-2023-Ligue-1,nan
FRA-Ligue 1,2324,Nice,2023-12-20 Nice-Lens,2023-12-20,21:00:00,Matchweek 17,Wed,Home,W,2,0,Lens,2.5,0.5,41,25041.0,Dante,4-3-3,3-4-3,Hakim Ben El Hadj Salem,/en/matches/267500aa/Nice-Lens-December-20-2023-Ligue-1,nan
FRA-Ligue 1,2324,Nice,2024-01-13 Rennes-Nice,2024-01-13,21:00:00,Matchweek 18,Sat,Away,L,0,2,Rennes,0.7,2.0,56,26689.0,Dante,4-3-3,4-4-2,Bastien Dechepy,/en/matches/6cc45497/Rennes-Nice-January-13-2024-Ligue-1,nan
FRA-Ligue 1,2324,Nice,2024-01-27 Nice-Metz,2024-01-27,17:00:00,Matchweek 19,Sat,Home,W,1,0,Metz,2.2,0.1,66,20137.0,Dante,4-3-3,4-1-4-1,Stéphanie Frappart,/en/matches/69267ef1/Nice-Metz-January-27-2024-Ligue-1,nan
FRA-Ligue 1,2324,Nice,2024-02-04 Brest-Nice,2024-02-04,17:05:00,Matchweek 20,Sun,Away,D,0,0,Brest,0.7,1.0,47,14500.0,Dante,3-4-3,4-3-3,Jeremy Stinat,/en/matches/19dfaa21/Brest-Nice-February-4-2024-Ligue-1,nan
FRA-Ligue 1,2324,Nice,2024-02-11 Nice-Monaco,2024-02-11,20:45:00,Matchweek 21,Sun,Home,L,2,3,Monaco,2.1,1.7,47,24788.0,Dante,4-3-3,4-3-3,Eric Wattellier,/en/matches/a2cab916/Nice-Monaco-February-11-2024-Ligue-1,nan
FRA-Ligue 1,2324,Nice,2024-02-16 Lyon-Nice,2024-02-16,21:00:00,Matchweek 22,Fri,Away,L,0,1,Lyon,0.8,1.1,51,48033.0,Jean-Clair Todibo,4-3-3,4-3-3,Clément Turpin,/en/matches/205468df/Lyon-Nice-February-16-2024-Ligue-1,nan
FRA-Ligue 1,2324,Nice,2024-02-25 Nice-Clermont Foot,2024-02-25,15:00:00,Matchweek 23,Sun,Home,D,0,0,Clermont Foot,1.6,2.0,58,22081.0,Dante,4-3-3,4-2-3-1,Hakim Ben El Hadj Salem,/en/matches/d4ce6789/Nice-Clermont-Foot-February-25-2024-Ligue-1,nan
FRA-Ligue 1,2324,Nice,2024-03-03 Toulouse-Nice,2024-03-03,13:00:00,Matchweek 24,Sun,Away,L,1,2,Toulouse,1.4,1.8,56,25507.0,Dante,3-4-3,3-4-3,Jérémie Pignard,/en/matches/2269add3/Toulouse-Nice-March-3-2024-Ligue-1,nan
FRA-Ligue 1,2324,Nice,2024-03-08 Nice-Montpellier,2024-03-08,21:00:00,Matchweek 25,Fri,Home,L,1,2,Montpellier,1.1,1.2,65,21819.0,Dante,3-4-3,4-2-3-1,Ruddy Buquet,/en/matches/d631a829/Nice-Montpellier-March-8-2024-Ligue-1,nan
FRA-Ligue 1,2324,Nice,2024-03-16 Lens-Nice,2024-03-16,21:00:00,Matchweek 26,Sat,Away,W,3,1,Lens,2.2,1.3,40,37346.0,Dante,4-3-3,3-4-1-2,Benoît Bastien,/en/matches/7b5edccd/Lens-Nice-March-16-2024-Ligue-1,nan
FRA-Ligue 1,2324,Nice,2024-03-31 Nice-Nantes,2024-03-31,15:00:00,Matchweek 27,Sun,Home,L,1,2,Nantes,1.3,1.7,56,21142.0,Dante,4-3-3,4-2-3-1,Bastien Dechepy,/en/matches/d3388c96/Nice-Nantes-March-31-2024-Ligue-1,nan
FRA-Ligue 1,2324,Nice,2024-04-07 Reims-Nice,2024-04-07,15:00:00,Matchweek 28,Sun,Away,D,0,0,Reims,1.9,0.5,47,14606.0,Dante,4-3-3,3-5-2,Eric Wattellier,/en/matches/4c072743/Reims-Nice-April-7-2024-Ligue-1,nan
FRA-Ligue 1,2324,Nice,2024-04-19 Nice-Lorient,2024-04-19,21:00:00,Matchweek 30,Fri,Home,W,3,0,Lorient,2.5,0.5,51,21067.0,Dante,4-3-3,3-4-3,Jeremy Stinat,/en/matches/05fcaf04/Nice-Lorient-April-19-2024-Ligue-1,nan
FRA-Ligue 1,2324,Nice,2024-04-24 Marseille-Nice,2024-04-24,21:00:00,Matchweek 29,Wed,Away,D,2,2,Marseille,1.4,2.2,52,53000.0,Dante,4-3-3,3-5-2,Jérémie Pignard,/en/matches/0727529c/Marseille-Nice-April-24-2024-Ligue-1,nan
FRA-Ligue 1,2324,Nice,2024-04-28 Strasbourg-Nice,2024-04-28,15:00:00,Matchweek 31,Sun,Away,W,3,1,Strasbourg,1.6,0.6,52,25181.0,Dante,4-3-3,3-4-3,Thomas Léonard,/en/matches/a7951b3a/Strasbourg-Nice-April-28-2024-Ligue-1,nan
FRA-Ligue 1,2324,Nice,2024-05-10 Nice-Le Havre,2024-05-10,21:00:00,Matchweek 33,Fri,Home,W,1,0,Le Havre,1.8,0.5,58,24529.0,Dante,4-3-3,4-4-2,Benoît Bastien,/en/matches/73e73f70/Nice-Le-Havre-May-10-2024-Ligue-1,nan
FRA-Ligue 1,2324,Nice,2024-05-15 Nice-Paris S-G,2024-05-15,21:00:00,Matchweek 32,Wed,Home,L,1,2,Paris S-G,1.4,1.0,37,33818.0,Dante,4-3-3,4-3-3,Ruddy Buquet,/en/matches/25e694fc/Nice-Paris-Saint-Germain-May-15-2024-Ligue-1,nan
FRA-Ligue 1,2324,Nice,2024-05-19 Lille-Nice,2024-05-19,21:00:00,Matchweek 34,Sun,Away,D,2,2,Lille,0.9,1.2,45,45488.0,Jean-Clair Todibo,3-4-3,4-2-3-1,Willy Delajod,/en/matches/df360311/Lille-Nice-May-19-2024-Ligue-1,nan
FRA-Ligue 1,2324,Paris S-G,2023-08-12 Paris S-G-Lorient,2023-08-12,21:00:00,Matchweek 1,Sat,Home,D,0,0,Lorient,1.2,0.1,78,47000.0,Danilo Pereira,4-3-3,5-4-1,Bastien Dechepy,/en/matches/2e85b460/Paris-Saint-Germain-Lorient-August-12-2023-Ligue-1,nan
FRA-Ligue 1,2324,Paris S-G,2023-08-19 Toulouse-Paris S-G,2023-08-19,21:00:00,Matchweek 2,Sat,Away,D,1,1,Toulouse,2.1,1.2,76,27332.0,Marquinhos,4-3-3,3-4-3,Thomas Léonard,/en/matches/fad8e14d/Toulouse-Paris-Saint-Germain-August-19-2023-Ligue-1,nan
FRA-Ligue 1,2324,Paris S-G,2023-08-26 Paris S-G-Lens,2023-08-26,21:00:00,Matchweek 3,Sat,Home,W,3,1,Lens,1.5,0.5,66,47864.0,Marquinhos,4-4-2,3-4-3,François Letexier,/en/matches/d3db871d/Paris-Saint-Germain-Lens-August-26-2023-Ligue-1,nan
FRA-Ligue 1,2324,Paris S-G,2023-09-03 Lyon-Paris S-G,2023-09-03,20:45:00,Matchweek 4,Sun,Away,W,4,1,Lyon,4.5,2.1,69,51657.0,Marquinhos,4-4-2,4-2-3-1,Eric Wattellier,/en/matches/cd3d8319/Lyon-Paris-Saint-Germain-September-3-2023-Ligue-1,nan
FRA-Ligue 1,2324,Paris S-G,2023-09-15 Paris S-G-Nice,2023-09-15,21:00:00,Matchweek 5,Fri,Home,L,2,3,Nice,1.0,1.3,69,47874.0,Kylian Mbappé,4-3-3,4-3-3,Clément Turpin,/en/matches/f0478368/Paris-Saint-Germain-Nice-September-15-2023-Ligue-1,nan
FRA-Ligue 1,2324,Paris S-G,2023-09-24 Paris S-G-Marseille,2023-09-24,20:45:00,Matchweek 6,Sun,Home,W,4,0,Marseille,1.9,0.7,76,47000.0,Marquinhos,4-4-2,3-5-2,Willy Delajod,/en/matches/405fa974/Paris-Saint-Germain-Marseille-September-24-2023-Ligue-1,nan
FRA-Ligue 1,2324,Paris S-G,2023-09-30 Clermont Foot-Paris S-G,2023-09-30,17:00:00,Matchweek 7,Sat,Away,D,0,0,Clermont Foot,3.0,1.0,67,10757.0,Marquinhos,4-4-2,3-5-2,Marc Bollengier,/en/matches/f443185b/Clermont-Foot-Paris-Saint-Germain-September-30-2023-Ligue-1,nan
FRA-Ligue 1,2324,Paris S-G,2023-10-08 Rennes-Paris S-G,2023-10-08,20:45:00,Matchweek 8,Sun,Away,W,3,1,Rennes,3.5,1.1,58,27734.0,Marquinhos,4-3-3,4-3-3,Benoît Bastien,/en/matches/484e237a/Rennes-Paris-Saint-Germain-October-8-2023-Ligue-1,nan
FRA-Ligue 1,2324,Paris S-G,2023-10-21 Paris S-G-Strasbourg,2023-10-21,17:00:00,Matchweek 9,Sat,Home,W,3,0,Strasbourg,2.0,0.4,76,41261.0,Marquinhos,4-2-2-2,4-5-1,Bastien Dechepy,/en/matches/28f09198/Paris-Saint-Germain-Strasbourg-October-21-2023-Ligue-1,nan
FRA-Ligue 1,2324,Paris S-G,2023-10-29 Brest-Paris S-G,2023-10-29,13:00:00,Matchweek 10,Sun,Away,W,3,2,Brest,2.1,1.8,56,15183.0,Kylian Mbappé,4-2-2-2,4-2-3-1,Jérôme Brisard,/en/matches/3fc4e3ce/Brest-Paris-Saint-Germain-October-29-2023-Ligue-1,nan
FRA-Ligue 1,2324,Paris S-G,2023-11-03 Paris S-G-Montpellier,2023-11-03,21:00:00,Matchweek 11,Fri,Home,W,3,0,Montpellier,1.1,0.5,70,47647.0,Marquinhos,4-2-2-2,4-2-3-1,Ruddy Buquet,/en/matches/4f44d7fc/Paris-Saint-Germain-Montpellier-November-3-2023-Ligue-1,nan
FRA-Ligue 1,2324,Paris S-G,2023-11-11 Reims-Paris S-G,2023-11-11,17:00:00,Matchweek 12,Sat,Away,W,3,0,Reims,2.3,1.3,61,20500.0,Marquinhos,4-2-2-2,5-4-1,Willy Delajod,/en/matches/61d9e0d0/Reims-Paris-Saint-Germain-November-11-2023-Ligue-1,nan
FRA-Ligue 1,2324,Paris S-G,2023-11-24 Paris S-G-Monaco,2023-11-24,21:00:00,Matchweek 13,Fri,Home,W,5,2,Monaco,2.6,1.6,54,47896.0,Kylian Mbappé,4-3-3,3-4-3,Benoît Bastien,/en/matches/6f11a93d/Paris-Saint-Germain-Monaco-November-24-2023-Ligue-1,nan
FRA-Ligue 1,2324,Paris S-G,2023-12-03 Le Havre-Paris S-G,2023-12-03,13:00:00,Matchweek 14,Sun,Away,W,2,0,Le Havre,1.2,2.0,39,23718.0,Kylian Mbappé,4-3-3,5-3-2,Bastien Dechepy,/en/matches/b6e6fdfe/Le-Havre-Paris-Saint-Germain-December-3-2023-Ligue-1,nan
FRA-Ligue 1,2324,Paris S-G,2023-12-09 Paris S-G-Nantes,2023-12-09,21:00:00,Matchweek 15,Sat,Home,W,2,1,Nantes,2.0,0.5,65,47926.0,Marquinhos,4-3-3,4-2-3-1,Jérôme Brisard,/en/matches/2582af0c/Paris-Saint-Germain-Nantes-December-9-2023-Ligue-1,nan
FRA-Ligue 1,2324,Paris S-G,2023-12-17 Lille-Paris S-G,2023-12-17,20:45:00,Matchweek 16,Sun,Away,D,1,1,Lille,1.4,1.4,59,47993.0,Marquinhos,3-4-3,4-2-3-1,Willy Delajod,/en/matches/204a77b5/Lille-Paris-Saint-Germain-December-17-2023-Ligue-1,nan
FRA-Ligue 1,2324,Paris S-G,2023-12-20 Paris S-G-Metz,2023-12-20,21:00:00,Matchweek 17,Wed,Home,W,3,1,Metz,2.4,0.1,74,48229.0,Marquinhos,3-4-3,4-3-3,Ruddy Buquet,/en/matches/fb56b3c2/Paris-Saint-Germain-Metz-December-20-2023-Ligue-1,nan
FRA-Ligue 1,2324,Paris S-G,2024-01-14 Lens-Paris S-G,2024-01-14,20:45:00,Matchweek 18,Sun,Away,W,2,0,Lens,1.8,2.1,65,38200.0,Marquinhos,4-3-3,3-4-3,Jérôme Brisard,/en/matches/0682fa55/Lens-Paris-Saint-Germain-January-14-2024-Ligue-1,nan
FRA-Ligue 1,2324,Paris S-G,2024-01-28 Paris S-G-Brest,2024-01-28,20:45:00,Matchweek 19,Sun,Home,D,2,2,Brest,2.1,0.7,54,47000.0,Kylian Mbappé,4-3-3,4-3-3,Clément Turpin,/en/matches/8e2d796d/Paris-Saint-Germain-Brest-January-28-2024-Ligue-1,nan
FRA-Ligue 1,2324,Paris S-G,2024-02-02 Strasbourg-Paris S-G,2024-02-02,21:00:00,Matchweek 20,Fri,Away,W,2,1,Strasbourg,2.0,2.7,62,25834.0,Marquinhos,4-3-3,4-4-2,Ruddy Buquet,/en/matches/c0fbd8fa/Strasbourg-Paris-Saint-Germain-February-2-2024-Ligue-1,nan
FRA-Ligue 1,2324,Paris S-G,2024-02-10 Paris S-G-Lille,2024-02-10,21:00:00,Matchweek 21,Sat,Home,W,3,1,Lille,2.8,1.2,52,47000.0,Danilo Pereira,4-1-4-1,4-2-3-1,François Letexier,/en/matches/fb49d66d/Paris-Saint-Germain-Lille-February-10-2024-Ligue-1,nan
FRA-Ligue 1,2324,Paris S-G,2024-02-17 Nantes-Paris S-G,2024-02-17,21:00:00,Matchweek 22,Sat,Away,W,2,0,Nantes,1.5,1.3,77,34038.0,Marquinhos,4-3-3,5-3-2,Jérôme Brisard,/en/matches/56629c17/Nantes-Paris-Saint-Germain-February-17-2024-Ligue-1,nan
FRA-Ligue 1,2324,Paris S-G,2024-02-25 Paris S-G-Rennes,2024-02-25,17:05:00,Matchweek 23,Sun,Home,D,1,1,Rennes,1.9,0.8,66,47874.0,Kylian Mbappé,4-3-3,4-4-2,Bastien Dechepy,/en/matches/6b8934e3/Paris-Saint-Germain-Rennes-February-25-2024-Ligue-1,nan
FRA-Ligue 1,2324,Paris S-G,2024-03-01 Monaco-Paris S-G,2024-03-01,21:00:00,Matchweek 24,Fri,Away,D,0,0,Monaco,1.5,1.6,68,14700.0,Kylian Mbappé,4-3-3,4-4-2,Ruddy Buquet,/en/matches/4be6a76c/Monaco-Paris-Saint-Germain-March-1-2024-Ligue-1,nan
FRA-Ligue 1,2324,Paris S-G,2024-03-10 Paris S-G-Reims,2024-03-10,13:00:00,Matchweek 25,Sun,Home,D,2,2,Reims,1.2,1.3,64,46000.0,Danilo Pereira,4-3-3,4-4-1-1,Willy Delajod,/en/matches/d1422003/Paris-Saint-Germain-Reims-March-10-2024-Ligue-1,nan
FRA-Ligue 1,2324,Paris S-G,2024-03-17 Montpellier-Paris S-G,2024-03-17,20:45:00,Matchweek 26,Sun,Away,W,6,2,Montpellier,1.5,2.3,68,19202.0,Kylian Mbappé,4-3-3,4-2-3-1,Florent Batta,/en/matches/f850eea5/Montpellier-Paris-Saint-Germain-March-17-2024-Ligue-1,nan
FRA-Ligue 1,2324,Paris S-G,2024-03-31 Marseille-Paris S-G,2024-03-31,20:45:00,Matchweek 27,Sun,Away,W,2,0,Marseille,2.1,1.4,53,66046.0,Kylian Mbappé,4-3-1-2,4-3-3,Benoît Bastien,/en/matches/4b3924f8/Marseille-Paris-Saint-Germain-March-31-2024-Ligue-1,nan
FRA-Ligue 1,2324,Paris S-G,2024-04-06 Paris S-G-Clermont Foot,2024-04-06,21:00:00,Matchweek 28,Sat,Home,D,1,1,Clermont Foot,2.7,0.3,73,47607.0,Danilo Pereira,4-3-3,3-4-3,Gaël Angoula,/en/matches/a0e24fef/Paris-Saint-Germain-Clermont-Foot-April-6-2024-Ligue-1,nan
FRA-Ligue 1,2324,Paris S-G,2024-04-21 Paris S-G-Lyon,2024-04-21,21:00:00,Matchweek 30,Sun,Home,W,4,1,Lyon,2.3,1.0,63,45000.0,Marquinhos,4-2-3-1,4-2-3-1,François Letexier,/en/matches/33d8918a/Paris-Saint-Germain-Lyon-April-21-2024-Ligue-1,nan
FRA-Ligue 1,2324,Paris S-G,2024-04-24 Lorient-Paris S-G,2024-04-24,19:00:00,Matchweek 29,Wed,Away,W,4,1,Lorient,1.6,0.9,59,16738.0,Kylian Mbappé,4-3-3,3-4-3,Marc Bollengier,/en/matches/12fd3a4c/Lorient-Paris-Saint-Germain-April-24-2024-Ligue-1,nan
FRA-Ligue 1,2324,Paris S-G,2024-04-27 Paris S-G-Le Havre,2024-04-27,21:00:00,Matchweek 31,Sat,Home,D,3,3,Le Havre,2.6,1.0,77,46000.0,Marquinhos,4-2-3-1,3-4-3,Willy Delajod,/en/matches/c28df007/Paris-Saint-Germain-Le-Havre-April-27-2024-Ligue-1,nan
FRA-Ligue 1,2324,Paris S-G,2024-05-12 Paris S-G-Toulouse,2024-05-12,21:00:00,Matchweek 33,Sun,Home,L,1,3,Toulouse,2.1,1.6,64,47000.0,Kylian Mbappé,4-3-3,3-4-3,Florent Batta,/en/matches/e8fcc39b/Paris-Saint-Germain-Toulouse-May-12-2024-Ligue-1,nan
FRA-Ligue 1,2324,Paris S-G,2024-05-15 Nice-Paris S-G,2024-05-15,21:00:00,Matchweek 32,Wed,Away,W,2,1,Nice,1.0,1.4,63,33818.0,Marquinhos,4-3-3,4-3-3,Ruddy Buquet,/en/matches/25e694fc/Nice-Paris-Saint-Germain-May-15-2024-Ligue-1,nan
FRA-Ligue 1,2324,Paris S-G,2024-05-19 Metz-Paris S-G,2024-05-19,21:00:00,Matchweek 34,Sun,Away,W,2,0,Metz,2.0,0.9,76,28455.0,Danilo Pereira,4-3-3,4-3-3,Gaël Angoula,/en/matches/8dac35ed/Metz-Paris-Saint-Germain-May-19-2024-Ligue-1,nan
FRA-Ligue 1,2324,Reims,2023-08-12 Marseille-Reims,2023-08-12,17:00:00,Matchweek 1,Sat,Away,L,1,2,Marseille,0.8,1.0,58,63787.0,Yunis Abdelhamid,4-2-3-1,4-4-2,Eric Wattellier,/en/matches/fdbcc9e3/Marseille-Reims-August-12-2023-Ligue-1,nan
FRA-Ligue 1,2324,Reims,2023-08-20 Reims-Clermont Foot,2023-08-20,15:00:00,Matchweek 2,Sun,Home,W,2,0,Clermont Foot,2.4,0.4,46,12887.0,Yunis Abdelhamid,4-2-3-1,3-4-3,Romain Lissorgue,/en/matches/4b9f0040/Reims-Clermont-Foot-August-20-2023-Ligue-1,nan
FRA-Ligue 1,2324,Reims,2023-08-27 Montpellier-Reims,2023-08-27,15:00:00,Matchweek 3,Sun,Away,W,3,1,Montpellier,1.4,0.9,48,14476.0,Yunis Abdelhamid,4-3-3,4-2-3-1,Marc Bollengier,/en/matches/4d6e6c68/Montpellier-Reims-August-27-2023-Ligue-1,nan
FRA-Ligue 1,2324,Reims,2023-09-03 Metz-Reims,2023-09-03,15:00:00,Matchweek 4,Sun,Away,D,2,2,Metz,0.7,1.1,64,24272.0,Yunis Abdelhamid,4-3-3,4-2-3-1,Mathieu Vernice,/en/matches/678bad42/Metz-Reims-September-3-2023-Ligue-1,nan
FRA-Ligue 1,2324,Reims,2023-09-17 Reims-Brest,2023-09-17,15:00:00,Matchweek 5,Sun,Home,L,1,2,Brest,1.7,1.5,52,12948.0,Yunis Abdelhamid,4-3-3,4-3-3,Gaël Angoula,/en/matches/f12c7a9a/Reims-Brest-September-17-2023-Ligue-1,nan
FRA-Ligue 1,2324,Reims,2023-09-26 Lille-Reims,2023-09-26,21:00:00,Matchweek 6,Tue,Away,W,2,1,Lille,0.5,1.2,31,33075.0,Yunis Abdelhamid,4-3-3,4-2-3-1,Jérémie Pignard,/en/matches/b1ae9dc3/Lille-Reims-September-26-2023-Ligue-1,nan
FRA-Ligue 1,2324,Reims,2023-10-01 Reims-Lyon,2023-10-01,13:00:00,Matchweek 7,Sun,Home,W,2,0,Lyon,2.0,0.7,50,16477.0,Yunis Abdelhamid,4-3-3,3-4-1-2,François Letexier,/en/matches/cfb7f6ea/Reims-Lyon-October-1-2023-Ligue-1,nan
FRA-Ligue 1,2324,Reims,2023-10-07 Reims-Monaco,2023-10-07,21:00:00,Matchweek 8,Sat,Home,L,1,3,Monaco,1.5,1.2,54,19000.0,Yunis Abdelhamid,4-3-3,3-4-1-2,Hakim Ben El Hadj Salem,/en/matches/8abe55a4/Reims-Monaco-October-7-2023-Ligue-1,nan
FRA-Ligue 1,2324,Reims,2023-10-22 Toulouse-Reims,2023-10-22,15:00:00,Matchweek 9,Sun,Away,D,1,1,Toulouse,1.3,0.8,51,23895.0,Yunis Abdelhamid,3-4-1-2,4-1-4-1,Jeremy Stinat,/en/matches/f0a8c67d/Toulouse-Reims-October-22-2023-Ligue-1,nan
FRA-Ligue 1,2324,Reims,2023-10-28 Reims-Lorient,2023-10-28,17:00:00,Matchweek 10,Sat,Home,W,1,0,Lorient,0.8,0.4,56,14033.0,Yunis Abdelhamid,3-4-1-2,3-4-3,Benoît Bastien,/en/matches/5c8bc6ef/Reims-Lorient-October-28-2023-Ligue-1,nan
FRA-Ligue 1,2324,Reims,2023-11-05 Nantes-Reims,2023-11-05,15:00:00,Matchweek 11,Sun,Away,W,1,0,Nantes,1.1,1.8,50,33621.0,Yunis Abdelhamid,3-4-1-2,3-4-3,Gaël Angoula,/en/matches/96b3374a/Nantes-Reims-November-5-2023-Ligue-1,nan
FRA-Ligue 1,2324,Reims,2023-11-11 Reims-Paris S-G,2023-11-11,17:00:00,Matchweek 12,Sat,Home,L,0,3,Paris S-G,1.3,2.3,39,20500.0,Yunis Abdelhamid,5-4-1,4-2-2-2,Willy Delajod,/en/matches/61d9e0d0/Reims-Paris-Saint-Germain-November-11-2023-Ligue-1,nan
FRA-Ligue 1,2324,Reims,2023-11-26 Rennes-Reims,2023-11-26,17:05:00,Matchweek 13,Sun,Away,L,1,3,Rennes,1.6,1.8,62,27718.0,Yunis Abdelhamid,4-3-3,3-4-3,Ruddy Buquet,/en/matches/068718ca/Rennes-Reims-November-26-2023-Ligue-1,nan
FRA-Ligue 1,2324,Reims,2023-12-01 Reims-Strasbourg,2023-12-01,21:00:00,Matchweek 14,Fri,Home,W,2,1,Strasbourg,1.3,1.7,51,14500.0,Yunis Abdelhamid,3-1-4-2,4-2-3-1,Hakim Ben El Hadj Salem,/en/matches/ad372452/Reims-Strasbourg-December-1-2023-Ligue-1,nan
FRA-Ligue 1,2324,Reims,2023-12-10 Nice-Reims,2023-12-10,13:00:00,Matchweek 15,Sun,Away,L,1,2,Nice,1.3,0.9,48,24325.0,Yunis Abdelhamid,3-1-4-2,4-3-3,Benoît Bastien,/en/matches/22646ca5/Nice-Reims-December-10-2023-Ligue-1,nan
FRA-Ligue 1,2324,Reims,2023-12-16 Lens-Reims,2023-12-16,21:00:00,Matchweek 16,Sat,Away,L,0,2,Lens,1.1,1.3,54,38055.0,Yunis Abdelhamid,4-3-3,3-4-3,François Letexier,/en/matches/331c82fc/Lens-Reims-December-16-2023-Ligue-1,nan
FRA-Ligue 1,2324,Reims,2023-12-20 Reims-Le Havre,2023-12-20,21:00:00,Matchweek 17,Wed,Home,W,1,0,Le Havre,1.2,0.2,65,14835.0,Teddy Teuma,4-3-3,3-5-2,Stéphanie Frappart,/en/matches/4e667758/Reims-Le-Havre-December-20-2023-Ligue-1,nan
FRA-Ligue 1,2324,Reims,2024-01-13 Monaco-Reims,2024-01-13,17:00:00,Matchweek 18,Sat,Away,W,3,1,Monaco,1.5,1.2,44,4231.0,Teddy Teuma,4-3-3,3-4-3,François Letexier,/en/matches/7f2cdeb6/Monaco-Reims-January-13-2024-Ligue-1,nan
FRA-Ligue 1,2324,Reims,2024-01-28 Reims-Nantes,2024-01-28,15:00:00,Matchweek 19,Sun,Home,D,0,0,Nantes,0.9,1.2,50,14388.0,Teddy Teuma,4-3-3,4-3-3,Jérémie Pignard,/en/matches/f3522f33/Reims-Nantes-January-28-2024-Ligue-1,nan
FRA-Ligue 1,2324,Reims,2024-02-04 Reims-Toulouse,2024-02-04,15:00:00,Matchweek 20,Sun,Home,L,2,3,Toulouse,2.8,1.5,62,12817.0,Yunis Abdelhamid,4-3-3,4-2-3-1,Pierre Gaillouste,/en/matches/25718ab1/Reims-Toulouse-February-4-2024-Ligue-1,nan
FRA-Ligue 1,2324,Reims,2024-02-11 Lorient-Reims,2024-02-11,15:00:00,Matchweek 21,Sun,Away,L,0,2,Lorient,1.2,1.9,61,15096.0,Yunis Abdelhamid,4-3-3,3-4-3,Marc Bollengier,/en/matches/99f9cba1/Lorient-Reims-February-11-2024-Ligue-1,nan
FRA-Ligue 1,2324,Reims,2024-02-18 Reims-Lens,2024-02-18,17:05:00,Matchweek 22,Sun,Home,D,1,1,Lens,1.1,1.2,53,20116.0,Yunis Abdelhamid,3-5-2,3-4-3,Benoît Millot,/en/matches/825ef1ef/Reims-Lens-February-18-2024-Ligue-1,nan
FRA-Ligue 1,2324,Reims,2024-02-25 Le Havre-Reims,2024-02-25,15:00:00,Matchweek 23,Sun,Away,W,2,1,Le Havre,3.2,1.7,50,22046.0,Yunis Abdelhamid,3-4-3,4-4-2,Florent Batta,/en/matches/f2b72da5/Le-Havre-Reims-February-25-2024-Ligue-1,nan
FRA-Ligue 1,2324,Reims,2024-03-02 Reims-Lille,2024-03-02,17:00:00,Matchweek 24,Sat,Home,L,0,1,Lille,0.6,1.1,57,16452.0,Yunis Abdelhamid,4-3-3,4-3-3,Jeremy Stinat,/en/matches/92da3973/Reims-Lille-March-2-2024-Ligue-1,nan
FRA-Ligue 1,2324,Reims,2024-03-10 Paris S-G-Reims,2024-03-10,13:00:00,Matchweek 25,Sun,Away,D,2,2,Paris S-G,1.3,1.2,36,46000.0,Yunis Abdelhamid,4-4-1-1,4-3-3,Willy Delajod,/en/matches/d1422003/Paris-Saint-Germain-Reims-March-10-2024-Ligue-1,nan
FRA-Ligue 1,2324,Reims,2024-03-17 Reims-Metz,2024-03-17,15:00:00,Matchweek 26,Sun,Home,W,2,1,Metz,2.2,0.9,66,14335.0,Yunis Abdelhamid,4-4-1-1,4-5-1,Hakim Ben El Hadj Salem,/en/matches/d840de58/Reims-Metz-March-17-2024-Ligue-1,nan
FRA-Ligue 1,2324,Reims,2024-03-30 Lyon-Reims,2024-03-30,21:00:00,Matchweek 27,Sat,Away,D,1,1,Lyon,1.4,1.8,35,46097.0,Yunis Abdelhamid,4-4-1-1,3-4-1-2,Thomas Léonard,/en/matches/6b21872e/Lyon-Reims-March-30-2024-Ligue-1,nan
FRA-Ligue 1,2324,Reims,2024-04-07 Reims-Nice,2024-04-07,15:00:00,Matchweek 28,Sun,Home,D,0,0,Nice,0.5,1.9,53,14606.0,Yunis Abdelhamid,3-5-2,4-3-3,Eric Wattellier,/en/matches/4c072743/Reims-Nice-April-7-2024-Ligue-1,nan
FRA-Ligue 1,2324,Reims,2024-04-13 Strasbourg-Reims,2024-04-13,17:00:00,Matchweek 29,Sat,Away,L,1,3,Strasbourg,0.5,2.2,52,25000.0,Yunis Abdelhamid,4-4-1-1,3-4-3,Willy Delajod,/en/matches/7b92b3c7/Strasbourg-Reims-April-13-2024-Ligue-1,nan
FRA-Ligue 1,2324,Reims,2024-04-21 Reims-Montpellier,2024-04-21,15:00:00,Matchweek 30,Sun,Home,L,1,2,Montpellier,1.5,1.6,53,14183.0,Yunis Abdelhamid,4-4-1-1,4-2-3-1,Pierre Gaillouste,/en/matches/ec3fcd38/Reims-Montpellier-April-21-2024-Ligue-1,nan
FRA-Ligue 1,2324,Reims,2024-04-28 Clermont Foot-Reims,2024-04-28,15:00:00,Matchweek 31,Sun,Away,L,1,4,Clermont Foot,0.9,2.9,50,8713.0,Yunis Abdelhamid,4-3-3,4-2-3-1,Florent Batta,/en/matches/b85a0106/Clermont-Foot-Reims-April-28-2024-Ligue-1,nan
FRA-Ligue 1,2324,Reims,2024-05-10 Brest-Reims,2024-05-10,21:00:00,Matchweek 33,Fri,Away,D,1,1,Brest,0.6,1.3,40,14633.0,Yunis Abdelhamid,4-2-3-1,4-2-3-1,Jérôme Brisard,/en/matches/87d4c432/Brest-Reims-May-10-2024-Ligue-1,nan
FRA-Ligue 1,2324,Reims,2024-05-15 Reims-Marseille,2024-05-15,21:00:00,Matchweek 32,Wed,Home,W,1,0,Marseille,1.1,1.7,38,19020.0,Yunis Abdelhamid,4-2-3-1,3-5-2,Hakim Ben El Hadj Salem,/en/matches/5a6454f2/Reims-Marseille-May-15-2024-Ligue-1,nan
FRA-Ligue 1,2324,Reims,2024-05-19 Reims-Rennes,2024-05-19,21:00:00,Matchweek 34,Sun,Home,W,2,1,Rennes,1.3,1.5,35,16077.0,Yunis Abdelhamid,4-3-3,4-2-3-1,Mathieu Vernice,/en/matches/94b311ad/Reims-Rennes-May-19-2024-Ligue-1,nan
FRA-Ligue 1,2324,Rennes,2023-08-13 Rennes-Metz,2023-08-13,17:05:00,Matchweek 1,Sun,Home,W,5,1,Metz,4.0,0.4,70,26065.0,Benjamin Bourigeaud,4-3-3,4-2-3-1,Jeremy Stinat,/en/matches/e0073aaf/Rennes-Metz-August-13-2023-Ligue-1,nan
FRA-Ligue 1,2324,Rennes,2023-08-20 Lens-Rennes,2023-08-20,20:45:00,Matchweek 2,Sun,Away,D,1,1,Lens,1.4,1.0,50,37233.0,Benjamin Bourigeaud,4-3-3,3-4-3,Benoît Millot,/en/matches/283d8d62/Lens-Rennes-August-20-2023-Ligue-1,nan
FRA-Ligue 1,2324,Rennes,2023-08-27 Rennes-Le Havre,2023-08-27,13:00:00,Matchweek 3,Sun,Home,D,2,2,Le Havre,3.2,0.4,61,28311.0,Benjamin Bourigeaud,4-1-4-1,4-2-3-1,Eric Wattellier,/en/matches/505ba995/Rennes-Le-Havre-August-27-2023-Ligue-1,nan
FRA-Ligue 1,2324,Rennes,2023-09-02 Brest-Rennes,2023-09-02,17:00:00,Matchweek 4,Sat,Away,D,0,0,Brest,0.3,1.4,52,15021.0,Benjamin Bourigeaud,4-3-3,4-2-3-1,Hakim Ben El Hadj Salem,/en/matches/38572486/Brest-Rennes-September-2-2023-Ligue-1,nan
FRA-Ligue 1,2324,Rennes,2023-09-16 Rennes-Lille,2023-09-16,17:00:00,Matchweek 5,Sat,Home,D,2,2,Lille,0.5,1.0,47,28178.0,Benjamin Bourigeaud,4-3-3,4-2-3-1,Jérôme Brisard,/en/matches/d419c313/Rennes-Lille-September-16-2023-Ligue-1,nan
FRA-Ligue 1,2324,Rennes,2023-09-24 Montpellier-Rennes,2023-09-24,17:05:00,Matchweek 6,Sun,Away,D,0,0,Montpellier,0.9,1.5,63,15430.0,Benjamin Bourigeaud,4-2-3-1,4-2-3-1,Stéphanie Frappart,/en/matches/fd6b554c/Montpellier-Rennes-September-24-2023-Ligue-1,nan
FRA-Ligue 1,2324,Rennes,2023-10-01 Rennes-Nantes,2023-10-01,20:45:00,Matchweek 7,Sun,Home,W,3,1,Nantes,2.7,1.0,58,27313.0,Benjamin Bourigeaud,4-2-3-1,4-2-3-1,Ruddy Buquet,/en/matches/94204a39/Rennes-Nantes-October-1-2023-Ligue-1,nan
FRA-Ligue 1,2324,Rennes,2023-10-08 Rennes-Paris S-G,2023-10-08,20:45:00,Matchweek 8,Sun,Home,L,1,3,Paris S-G,1.1,3.5,42,27734.0,Benjamin Bourigeaud,4-3-3,4-3-3,Benoît Bastien,/en/matches/484e237a/Rennes-Paris-Saint-Germain-October-8-2023-Ligue-1,nan
FRA-Ligue 1,2324,Rennes,2023-10-22 Lorient-Rennes,2023-10-22,13:00:00,Matchweek 9,Sun,Away,L,1,2,Lorient,0.9,0.6,69,16711.0,Benjamin Bourigeaud,4-3-3,3-4-3,Gaël Angoula,/en/matches/08e896d5/Lorient-Rennes-October-22-2023-Ligue-1,nan
FRA-Ligue 1,2324,Rennes,2023-10-29 Rennes-Strasbourg,2023-10-29,17:05:00,Matchweek 10,Sun,Home,D,1,1,Strasbourg,1.1,1.0,61,28100.0,Benjamin Bourigeaud,4-3-3,4-2-3-1,Florent Batta,/en/matches/b35db4c8/Rennes-Strasbourg-October-29-2023-Ligue-1,nan
FRA-Ligue 1,2324,Rennes,2023-11-05 Nice-Rennes,2023-11-05,20:45:00,Matchweek 11,Sun,Away,L,0,2,Nice,0.8,1.6,54,22430.0,Benjamin Bourigeaud,4-4-2,4-3-3,Clément Turpin,/en/matches/fad89d7b/Nice-Rennes-November-5-2023-Ligue-1,nan
FRA-Ligue 1,2324,Rennes,2023-11-12 Rennes-Lyon,2023-11-12,17:05:00,Matchweek 12,Sun,Home,L,0,1,Lyon,0.9,1.5,42,28441.0,Benjamin Bourigeaud,4-4-2,4-1-2-1-2,Stéphanie Frappart,/en/matches/16251ab0/Rennes-Lyon-November-12-2023-Ligue-1,nan
FRA-Ligue 1,2324,Rennes,2023-11-26 Rennes-Reims,2023-11-26,17:05:00,Matchweek 13,Sun,Home,W,3,1,Reims,1.8,1.6,38,27718.0,Steve Mandanda,3-4-3,4-3-3,Ruddy Buquet,/en/matches/068718ca/Rennes-Reims-November-26-2023-Ligue-1,nan
FRA-Ligue 1,2324,Rennes,2023-12-03 Marseille-Rennes,2023-12-03,20:45:00,Matchweek 14,Sun,Away,L,0,2,Marseille,0.6,0.9,57,54162.0,Steve Mandanda,3-4-3,4-2-3-1,Willy Delajod,/en/matches/caadf3f7/Marseille-Rennes-December-3-2023-Ligue-1,nan
FRA-Ligue 1,2324,Rennes,2023-12-09 Rennes-Monaco,2023-12-09,17:00:00,Matchweek 15,Sat,Home,L,1,2,Monaco,1.7,0.9,47,26856.0,Steve Mandanda,3-4-3,3-4-3,Clément Turpin,/en/matches/fdd2c923/Rennes-Monaco-December-9-2023-Ligue-1,nan
FRA-Ligue 1,2324,Rennes,2023-12-17 Toulouse-Rennes,2023-12-17,15:00:00,Matchweek 16,Sun,Away,D,0,0,Toulouse,0.7,0.9,51,23310.0,Steve Mandanda,3-4-3,4-4-2,Jeremy Stinat,/en/matches/8197fd69/Toulouse-Rennes-December-17-2023-Ligue-1,nan
FRA-Ligue 1,2324,Rennes,2023-12-20 Clermont Foot-Rennes,2023-12-20,21:00:00,Matchweek 17,Wed,Away,W,3,1,Clermont Foot,2.5,0.6,56,8840.0,Steve Mandanda,3-4-3,3-4-3,Eric Wattellier,/en/matches/16bc4ea4/Clermont-Foot-Rennes-December-20-2023-Ligue-1,nan
FRA-Ligue 1,2324,Rennes,2024-01-13 Rennes-Nice,2024-01-13,21:00:00,Matchweek 18,Sat,Home,W,2,0,Nice,2.0,0.7,44,26689.0,Steve Mandanda,4-4-2,4-3-3,Bastien Dechepy,/en/matches/6cc45497/Rennes-Nice-January-13-2024-Ligue-1,nan
FRA-Ligue 1,2324,Rennes,2024-01-26 Lyon-Rennes,2024-01-26,21:00:00,Matchweek 19,Fri,Away,W,3,2,Lyon,0.8,0.9,36,40516.0,Steve Mandanda,4-4-2,3-5-2,Thomas Léonard,/en/matches/952686b7/Lyon-Rennes-January-26-2024-Ligue-1,nan
FRA-Ligue 1,2324,Rennes,2024-02-03 Rennes-Montpellier,2024-02-03,17:00:00,Matchweek 20,Sat,Home,W,2,1,Montpellier,2.0,1.2,48,24898.0,Steve Mandanda,4-4-2,5-4-1,Mathieu Vernice,/en/matches/f3ce3488/Rennes-Montpellier-February-3-2024-Ligue-1,nan
FRA-Ligue 1,2324,Rennes,2024-02-11 Le Havre-Rennes,2024-02-11,13:00:00,Matchweek 21,Sun,Away,W,1,0,Le Havre,0.9,1.1,51,22702.0,Steve Mandanda,4-4-2,4-4-2,Benoît Millot,/en/matches/4472d29d/Le-Havre-Rennes-February-11-2024-Ligue-1,nan
FRA-Ligue 1,2324,Rennes,2024-02-18 Rennes-Clermont Foot,2024-02-18,15:00:00,Matchweek 22,Sun,Home,W,3,1,Clermont Foot,3.7,0.8,53,27501.0,Steve Mandanda,4-4-2,4-2-3-1,Romain Lissorgue,/en/matches/93f25522/Rennes-Clermont-Foot-February-18-2024-Ligue-1,nan
FRA-Ligue 1,2324,Rennes,2024-02-25 Paris S-G-Rennes,2024-02-25,17:05:00,Matchweek 23,Sun,Away,D,1,1,Paris S-G,0.8,1.9,34,47874.0,Steve Mandanda,4-4-2,4-3-3,Bastien Dechepy,/en/matches/6b8934e3/Paris-Saint-Germain-Rennes-February-25-2024-Ligue-1,nan
FRA-Ligue 1,2324,Rennes,2024-03-03 Rennes-Lorient,2024-03-03,17:05:00,Matchweek 24,Sun,Home,L,1,2,Lorient,1.4,2.0,56,28615.0,Steve Mandanda,4-2-3-1,3-4-3,Benoît Bastien,/en/matches/a3ae2f49/Rennes-Lorient-March-3-2024-Ligue-1,nan
FRA-Ligue 1,2324,Rennes,2024-03-10 Lille-Rennes,2024-03-10,17:05:00,Matchweek 25,Sun,Away,D,2,2,Lille,1.1,2.4,40,40383.0,Steve Mandanda,4-2-3-1,4-3-3,Benoît Millot,/en/matches/67041fa5/Lille-Rennes-March-10-2024-Ligue-1,nan
FRA-Ligue 1,2324,Rennes,2024-03-17 Rennes-Marseille,2024-03-17,17:05:00,Matchweek 26,Sun,Home,W,2,0,Marseille,1.4,0.7,43,28610.0,Steve Mandanda,4-1-4-1,4-2-3-1,Eric Wattellier,/en/matches/8cc36332/Rennes-Marseille-March-17-2024-Ligue-1,nan
FRA-Ligue 1,2324,Rennes,2024-03-31 Strasbourg-Rennes,2024-03-31,17:05:00,Matchweek 27,Sun,Away,L,0,2,Strasbourg,1.1,2.5,59,25407.0,Steve Mandanda,4-1-4-1,3-4-3,Hakim Ben El Hadj Salem,/en/matches/789f3720/Strasbourg-Rennes-March-31-2024-Ligue-1,nan
FRA-Ligue 1,2324,Rennes,2024-04-07 Monaco-Rennes,2024-04-07,17:05:00,Matchweek 28,Sun,Away,L,0,1,Monaco,1.3,2.0,48,6634.0,Steve Mandanda,4-4-2,4-2-3-1,Stéphanie Frappart,/en/matches/c0e30df7/Monaco-Rennes-April-7-2024-Ligue-1,nan
FRA-Ligue 1,2324,Rennes,2024-04-13 Rennes-Toulouse,2024-04-13,21:00:00,Matchweek 29,Sat,Home,L,1,2,Toulouse,1.0,0.5,55,28055.0,Steve Mandanda,4-2-3-1,3-4-3,Florent Batta,/en/matches/6eba535c/Rennes-Toulouse-April-13-2024-Ligue-1,nan
FRA-Ligue 1,2324,Rennes,2024-04-20 Nantes-Rennes,2024-04-20,17:00:00,Matchweek 30,Sat,Away,W,3,0,Nantes,2.4,0.2,55,25433.0,Steve Mandanda,4-2-3-1,4-3-3,Willy Delajod,/en/matches/69006962/Nantes-Rennes-April-20-2024-Ligue-1,nan
FRA-Ligue 1,2324,Rennes,2024-04-28 Rennes-Brest,2024-04-28,17:05:00,Matchweek 31,Sun,Home,L,4,5,Brest,2.6,2.0,47,28527.0,Steve Mandanda,4-4-2,4-2-3-1,Benoît Bastien,/en/matches/1865787f/Rennes-Brest-April-28-2024-Ligue-1,nan
FRA-Ligue 1,2324,Rennes,2024-05-04 Metz-Rennes,2024-05-04,19:00:00,Matchweek 32,Sat,Away,W,3,2,Metz,2.1,0.6,64,23290.0,Steve Mandanda,4-4-2,4-3-3,Ruddy Buquet,/en/matches/a299adab/Metz-Rennes-May-4-2024-Ligue-1,nan
FRA-Ligue 1,2324,Rennes,2024-05-12 Rennes-Lens,2024-05-12,21:00:00,Matchweek 33,Sun,Home,D,1,1,Lens,1.9,0.6,57,28660.0,Steve Mandanda,4-4-2,3-4-3,Benoît Millot,/en/matches/c55b179e/Rennes-Lens-May-12-2024-Ligue-1,nan
FRA-Ligue 1,2324,Rennes,2024-05-19 Reims-Rennes,2024-05-19,21:00:00,Matchweek 34,Sun,Away,L,1,2,Reims,1.5,1.3,65,16077.0,Steve Mandanda,4-2-3-1,4-3-3,Mathieu Vernice,/en/matches/94b311ad/Reims-Rennes-May-19-2024-Ligue-1,nan
FRA-Ligue 1,2324,Strasbourg,2023-08-13 Strasbourg-Lyon,2023-08-13,20:45:00,Matchweek 1,Sun,Home,W,2,1,Lyon,1.3,1.7,36,25410.0,Matz Sels,3-5-2,4-2-3-1,Jérôme Brisard,/en/matches/9f7c605e/Strasbourg-Lyon-August-13-2023-Ligue-1,nan
FRA-Ligue 1,2324,Strasbourg,2023-08-20 Monaco-Strasbourg,2023-08-20,19:00:00,Matchweek 2,Sun,Away,L,0,3,Monaco,0.5,0.9,44,10100.0,Matz Sels,3-5-2,3-4-3,Ruddy Buquet,/en/matches/f06d0bce/Monaco-Strasbourg-August-20-2023-Ligue-1,nan
FRA-Ligue 1,2324,Strasbourg,2023-08-27 Strasbourg-Toulouse,2023-08-27,15:00:00,Matchweek 3,Sun,Home,W,2,0,Toulouse,3.4,0.3,39,25090.0,Matz Sels,3-4-3,4-4-2,Benoît Bastien,/en/matches/0b508695/Strasbourg-Toulouse-August-27-2023-Ligue-1,nan
FRA-Ligue 1,2324,Strasbourg,2023-09-03 Nice-Strasbourg,2023-09-03,17:05:00,Matchweek 4,Sun,Away,L,0,2,Nice,0.2,2.2,38,20215.0,Matz Sels,3-4-3,4-3-3,Jeremy Stinat,/en/matches/17e9722e/Nice-Strasbourg-September-3-2023-Ligue-1,nan
FRA-Ligue 1,2324,Strasbourg,2023-09-17 Strasbourg-Montpellier,2023-09-17,15:00:00,Matchweek 5,Sun,Home,D,2,2,Montpellier,2.3,1.1,44,25128.0,Matz Sels,4-2-3-1,4-2-3-1,Pierre Gaillouste,/en/matches/b04003c3/Strasbourg-Montpellier-September-17-2023-Ligue-1,nan
FRA-Ligue 1,2324,Strasbourg,2023-09-24 Metz-Strasbourg,2023-09-24,13:00:00,Matchweek 6,Sun,Away,W,1,0,Metz,0.4,1.1,48,26661.0,Matz Sels,4-3-3,4-2-3-1,Clément Turpin,/en/matches/a5037d9e/Metz-Strasbourg-September-24-2023-Ligue-1,nan
FRA-Ligue 1,2324,Strasbourg,2023-09-29 Strasbourg-Lens,2023-09-29,21:00:00,Matchweek 7,Fri,Home,L,0,1,Lens,0.3,0.8,48,26001.0,Matz Sels,4-3-3,3-4-3,Jérôme Brisard,/en/matches/0730708e/Strasbourg-Lens-September-29-2023-Ligue-1,nan
FRA-Ligue 1,2324,Strasbourg,2023-10-06 Strasbourg-Nantes,2023-10-06,21:00:00,Matchweek 8,Fri,Home,L,1,2,Nantes,0.7,1.9,43,25274.0,Matz Sels,3-4-3,3-4-3,Stéphanie Frappart,/en/matches/ac3cd65a/Strasbourg-Nantes-October-6-2023-Ligue-1,nan
FRA-Ligue 1,2324,Strasbourg,2023-10-21 Paris S-G-Strasbourg,2023-10-21,17:00:00,Matchweek 9,Sat,Away,L,0,3,Paris S-G,0.4,2.0,24,41261.0,Matz Sels,4-5-1,4-2-2-2,Bastien Dechepy,/en/matches/28f09198/Paris-Saint-Germain-Strasbourg-October-21-2023-Ligue-1,nan
FRA-Ligue 1,2324,Strasbourg,2023-10-29 Rennes-Strasbourg,2023-10-29,17:05:00,Matchweek 10,Sun,Away,D,1,1,Rennes,1.0,1.1,39,28100.0,Matz Sels,4-2-3-1,4-3-3,Florent Batta,/en/matches/b35db4c8/Rennes-Strasbourg-October-29-2023-Ligue-1,nan
FRA-Ligue 1,2324,Strasbourg,2023-11-05 Strasbourg-Clermont Foot,2023-11-05,15:00:00,Matchweek 11,Sun,Home,D,0,0,Clermont Foot,1.0,0.9,39,25039.0,Matz Sels,4-2-3-1,3-4-3,Jeremy Stinat,/en/matches/957c6924/Strasbourg-Clermont-Foot-November-5-2023-Ligue-1,nan
FRA-Ligue 1,2324,Strasbourg,2023-11-25 Strasbourg-Marseille,2023-11-25,21:00:00,Matchweek 13,Sat,Home,D,1,1,Marseille,1.1,1.4,40,25443.0,Matz Sels,4-4-1-1,4-2-3-1,Jérôme Brisard,/en/matches/3d1a3c81/Strasbourg-Marseille-November-25-2023-Ligue-1,nan
FRA-Ligue 1,2324,Strasbourg,2023-12-01 Reims-Strasbourg,2023-12-01,21:00:00,Matchweek 14,Fri,Away,L,1,2,Reims,1.7,1.3,49,14500.0,Matz Sels,4-2-3-1,3-1-4-2,Hakim Ben El Hadj Salem,/en/matches/ad372452/Reims-Strasbourg-December-1-2023-Ligue-1,nan
FRA-Ligue 1,2324,Strasbourg,2023-12-07 Brest-Strasbourg,2023-12-07,20:30:00,Matchweek 12,Thu,Away,D,1,1,Brest,1.5,1.1,39,14569.0,Matz Sels,4-2-3-1,4-3-3,Jérémie Pignard,/en/matches/52a1fcfd/Brest-Strasbourg-December-7-2023-Ligue-1,nan
FRA-Ligue 1,2324,Strasbourg,2023-12-10 Strasbourg-Le Havre,2023-12-10,15:00:00,Matchweek 15,Sun,Home,W,2,1,Le Havre,1.6,1.3,44,25173.0,Matz Sels,4-2-3-1,4-1-4-1,Benoît Millot,/en/matches/d15b44c5/Strasbourg-Le-Havre-December-10-2023-Ligue-1,nan
FRA-Ligue 1,2324,Strasbourg,2023-12-17 Lorient-Strasbourg,2023-12-17,15:00:00,Matchweek 16,Sun,Away,W,2,1,Lorient,0.9,0.8,48,14580.0,Matz Sels,4-2-3-1,4-4-2,Bastien Dechepy,/en/matches/f3cfe34d/Lorient-Strasbourg-December-17-2023-Ligue-1,nan
FRA-Ligue 1,2324,Strasbourg,2023-12-20 Strasbourg-Lille,2023-12-20,21:00:00,Matchweek 17,Wed,Home,W,2,1,Lille,0.8,0.5,32,25373.0,Matz Sels,4-2-3-1,4-2-3-1,Clément Turpin,/en/matches/df32fbe8/Strasbourg-Lille-December-20-2023-Ligue-1,nan
FRA-Ligue 1,2324,Strasbourg,2024-01-12 Marseille-Strasbourg,2024-01-12,21:00:00,Matchweek 18,Fri,Away,D,1,1,Marseille,1.2,1.4,53,53616.0,Matz Sels,4-2-3-1,3-5-2,Marc Bollengier,/en/matches/2a8b7749/Marseille-Strasbourg-January-12-2024-Ligue-1,nan
FRA-Ligue 1,2324,Strasbourg,2024-01-28 Clermont Foot-Strasbourg,2024-01-28,15:00:00,Matchweek 19,Sun,Away,D,1,1,Clermont Foot,1.0,1.5,47,9047.0,Matz Sels,4-3-3,3-4-3,Benoît Millot,/en/matches/21b6f226/Clermont-Foot-Strasbourg-January-28-2024-Ligue-1,nan
FRA-Ligue 1,2324,Strasbourg,2024-02-02 Strasbourg-Paris S-G,2024-02-02,21:00:00,Matchweek 20,Fri,Home,L,1,2,Paris S-G,2.7,2.0,38,25834.0,Frederic Guilbert,4-4-2,4-3-3,Ruddy Buquet,/en/matches/c0fbd8fa/Strasbourg-Paris-Saint-Germain-February-2-2024-Ligue-1,nan
FRA-Ligue 1,2324,Strasbourg,2024-02-10 Lens-Strasbourg,2024-02-10,17:00:00,Matchweek 21,Sat,Away,L,1,3,Lens,1.8,1.6,50,38161.0,Frederic Guilbert,4-4-1-1,3-4-1-2,Willy Delajod,/en/matches/9635699e/Lens-Strasbourg-February-10-2024-Ligue-1,nan
FRA-Ligue 1,2324,Strasbourg,2024-02-18 Strasbourg-Lorient,2024-02-18,13:00:00,Matchweek 22,Sun,Home,L,1,3,Lorient,1.6,2.0,62,25103.0,Frederic Guilbert,4-4-1-1,3-4-3,Thomas Léonard,/en/matches/ec531c24/Strasbourg-Lorient-February-18-2024-Ligue-1,nan
FRA-Ligue 1,2324,Strasbourg,2024-02-24 Strasbourg-Brest,2024-02-24,21:00:00,Matchweek 23,Sat,Home,L,0,3,Brest,0.2,1.8,48,25140.0,Frederic Guilbert,4-4-2,4-2-3-1,Jérôme Brisard,/en/matches/9c2847ab/Strasbourg-Brest-February-24-2024-Ligue-1,nan
FRA-Ligue 1,2324,Strasbourg,2024-03-03 Montpellier-Strasbourg,2024-03-03,15:00:00,Matchweek 24,Sun,Away,D,2,2,Montpellier,1.7,1.7,40,11635.0,Lucas Perrin,3-4-3,4-2-3-1,Stéphanie Frappart,/en/matches/e020afbf/Montpellier-Strasbourg-March-3-2024-Ligue-1,nan
FRA-Ligue 1,2324,Strasbourg,2024-03-10 Strasbourg-Monaco,2024-03-10,15:00:00,Matchweek 25,Sun,Home,L,0,1,Monaco,0.4,1.3,34,25391.0,Frederic Guilbert,3-4-3,4-4-2,Clément Turpin,/en/matches/9a8c884c/Strasbourg-Monaco-March-10-2024-Ligue-1,nan
FRA-Ligue 1,2324,Strasbourg,2024-03-16 Nantes-Strasbourg,2024-03-16,17:00:00,Matchweek 26,Sat,Away,W,3,1,Nantes,1.9,1.1,37,29487.0,Frederic Guilbert,3-4-3,4-2-3-1,Jérémie Pignard,/en/matches/9e18cf79/Nantes-Strasbourg-March-16-2024-Ligue-1,nan
FRA-Ligue 1,2324,Strasbourg,2024-03-31 Strasbourg-Rennes,2024-03-31,17:05:00,Matchweek 27,Sun,Home,W,2,0,Rennes,2.5,1.1,41,25407.0,Frederic Guilbert,3-4-3,4-1-4-1,Hakim Ben El Hadj Salem,/en/matches/789f3720/Strasbourg-Rennes-March-31-2024-Ligue-1,nan
FRA-Ligue 1,2324,Strasbourg,2024-04-07 Toulouse-Strasbourg,2024-04-07,15:00:00,Matchweek 28,Sun,Away,D,0,0,Toulouse,0.5,1.0,52,23495.0,Frederic Guilbert,3-4-3,3-4-3,Ruddy Buquet,/en/matches/919e3eb7/Toulouse-Strasbourg-April-7-2024-Ligue-1,nan
FRA-Ligue 1,2324,Strasbourg,2024-04-13 Strasbourg-Reims,2024-04-13,17:00:00,Matchweek 29,Sat,Home,W,3,1,Reims,2.2,0.5,48,25000.0,Frederic Guilbert,3-4-3,4-4-1-1,Willy Delajod,/en/matches/7b92b3c7/Strasbourg-Reims-April-13-2024-Ligue-1,nan
FRA-Ligue 1,2324,Strasbourg,2024-04-21 Lille-Strasbourg,2024-04-21,15:00:00,Matchweek 30,Sun,Away,L,0,1,Lille,1.3,0.8,47,40381.0,Frederic Guilbert,3-4-3,4-2-3-1,Benoît Millot,/en/matches/9511f4ab/Lille-Strasbourg-April-21-2024-Ligue-1,nan
FRA-Ligue 1,2324,Strasbourg,2024-04-28 Strasbourg-Nice,2024-04-28,15:00:00,Matchweek 31,Sun,Home,L,1,3,Nice,0.6,1.6,48,25181.0,Frederic Guilbert,3-4-3,4-3-3,Thomas Léonard,/en/matches/a7951b3a/Strasbourg-Nice-April-28-2024-Ligue-1,nan
FRA-Ligue 1,2324,Strasbourg,2024-05-04 Le Havre-Strasbourg,2024-05-04,15:00:00,Matchweek 32,Sat,Away,L,1,3,Le Havre,1.0,1.8,61,22293.0,Frederic Guilbert,3-4-3,4-2-3-1,Jérôme Brisard,/en/matches/024a71c6/Le-Havre-Strasbourg-May-4-2024-Ligue-1,nan
FRA-Ligue 1,2324,Strasbourg,2024-05-12 Strasbourg-Metz,2024-05-12,21:00:00,Matchweek 33,Sun,Home,W,2,1,Metz,1.3,1.1,70,25686.0,Frederic Guilbert,4-3-3,4-5-1,François Letexier,/en/matches/2301c78f/Strasbourg-Metz-May-12-2024-Ligue-1,nan
FRA-Ligue 1,2324,Strasbourg,2024-05-19 Lyon-Strasbourg,2024-05-19,21:00:00,Matchweek 34,Sun,Away,L,1,2,Lyon,1.1,2.8,37,57027.0,Frederic Guilbert,4-3-3,4-1-4-1,Eric Wattellier,/en/matches/9576a537/Lyon-Strasbourg-May-19-2024-Ligue-1,nan
FRA-Ligue 1,2324,Toulouse,2023-08-13 Nantes-Toulouse,2023-08-13,15:00:00,Matchweek 1,Sun,Away,W,2,1,Nantes,1.1,1.1,56,30578.0,Vincent Sierro,4-3-3,3-4-1-2,Willy Delajod,/en/matches/1e12937d/Nantes-Toulouse-August-13-2023-Ligue-1,nan
FRA-Ligue 1,2324,Toulouse,2023-08-19 Toulouse-Paris S-G,2023-08-19,21:00:00,Matchweek 2,Sat,Home,D,1,1,Paris S-G,1.2,2.1,24,27332.0,Vincent Sierro,3-4-3,4-3-3,Thomas Léonard,/en/matches/fad8e14d/Toulouse-Paris-Saint-Germain-August-19-2023-Ligue-1,nan
FRA-Ligue 1,2324,Toulouse,2023-08-27 Strasbourg-Toulouse,2023-08-27,15:00:00,Matchweek 3,Sun,Away,L,0,2,Strasbourg,0.3,3.4,61,25090.0,Vincent Sierro,4-4-2,3-4-3,Benoît Bastien,/en/matches/0b508695/Strasbourg-Toulouse-August-27-2023-Ligue-1,nan
FRA-Ligue 1,2324,Toulouse,2023-09-03 Toulouse-Clermont Foot,2023-09-03,13:00:00,Matchweek 4,Sun,Home,D,2,2,Clermont Foot,0.6,1.8,37,28285.0,Vincent Sierro,3-4-1-2,3-4-3,Florent Batta,/en/matches/12bf8242/Toulouse-Clermont-Foot-September-3-2023-Ligue-1,nan
FRA-Ligue 1,2324,Toulouse,2023-09-17 Marseille-Toulouse,2023-09-17,17:05:00,Matchweek 5,Sun,Away,D,0,0,Marseille,0.7,1.5,39,63477.0,Vincent Sierro,4-4-2,4-4-2,François Letexier,/en/matches/195b7636/Marseille-Toulouse-September-17-2023-Ligue-1,nan
FRA-Ligue 1,2324,Toulouse,2023-09-24 Lens-Toulouse,2023-09-24,15:00:00,Matchweek 6,Sun,Away,L,1,2,Lens,0.4,2.5,38,37506.0,Rasmus Nicolaisen,4-2-3-1,3-4-3,Hakim Ben El Hadj Salem,/en/matches/2e47fd82/Lens-Toulouse-September-24-2023-Ligue-1,nan
FRA-Ligue 1,2324,Toulouse,2023-10-01 Toulouse-Metz,2023-10-01,15:00:00,Matchweek 7,Sun,Home,W,3,0,Metz,1.3,0.7,66,24770.0,Rasmus Nicolaisen,4-2-3-1,4-2-3-1,Gaël Angoula,/en/matches/9baac3cb/Toulouse-Metz-October-1-2023-Ligue-1,nan
FRA-Ligue 1,2324,Toulouse,2023-10-08 Brest-Toulouse,2023-10-08,15:00:00,Matchweek 8,Sun,Away,D,1,1,Brest,1.2,1.5,45,13549.0,Rasmus Nicolaisen,4-4-1-1,4-2-3-1,Pierre Gaillouste,/en/matches/f41980c3/Brest-Toulouse-October-8-2023-Ligue-1,nan
FRA-Ligue 1,2324,Toulouse,2023-10-22 Toulouse-Reims,2023-10-22,15:00:00,Matchweek 9,Sun,Home,D,1,1,Reims,0.8,1.3,49,23895.0,Vincent Sierro,4-1-4-1,3-4-1-2,Jeremy Stinat,/en/matches/f0a8c67d/Toulouse-Reims-October-22-2023-Ligue-1,nan
FRA-Ligue 1,2324,Toulouse,2023-10-29 Montpellier-Toulouse,2023-10-29,15:00:00,Matchweek 10,Sun,Away,L,0,3,Montpellier,1.2,3.0,61,13209.0,Rasmus Nicolaisen,4-3-3,4-2-3-1,Thomas Léonard,/en/matches/c7788081/Montpellier-Toulouse-October-29-2023-Ligue-1,nan
FRA-Ligue 1,2324,Toulouse,2023-11-05 Toulouse-Le Havre,2023-11-05,15:00:00,Matchweek 11,Sun,Home,L,1,2,Le Havre,2.6,1.1,52,23060.0,Rasmus Nicolaisen,4-3-3,3-4-3,Marc Bollengier,/en/matches/f7d3c634/Toulouse-Le-Havre-November-5-2023-Ligue-1,nan
FRA-Ligue 1,2324,Toulouse,2023-11-12 Lille-Toulouse,2023-11-12,15:00:00,Matchweek 12,Sun,Away,D,1,1,Lille,0.1,2.5,40,34959.0,Vincent Sierro,4-2-3-1,4-2-3-1,Mathieu Vernice,/en/matches/f0f7d5b7/Lille-Toulouse-November-12-2023-Ligue-1,nan
FRA-Ligue 1,2324,Toulouse,2023-11-26 Nice-Toulouse,2023-11-26,13:00:00,Matchweek 13,Sun,Away,L,0,1,Nice,1.3,1.0,47,21849.0,Vincent Sierro,4-2-3-1,4-3-3,François Letexier,/en/matches/69ee1012/Nice-Toulouse-November-26-2023-Ligue-1,nan
FRA-Ligue 1,2324,Toulouse,2023-12-03 Toulouse-Lorient,2023-12-03,15:00:00,Matchweek 14,Sun,Home,D,1,1,Lorient,1.0,0.8,52,22799.0,Vincent Sierro,4-2-3-1,4-4-2,Thomas Léonard,/en/matches/50bf0584/Toulouse-Lorient-December-3-2023-Ligue-1,nan
FRA-Ligue 1,2324,Toulouse,2023-12-10 Lyon-Toulouse,2023-12-10,17:05:00,Matchweek 15,Sun,Away,L,0,3,Lyon,1.5,1.7,51,36677.0,Vincent Sierro,4-3-3,3-4-3,Pierre Gaillouste,/en/matches/015e7632/Lyon-Toulouse-December-10-2023-Ligue-1,nan
FRA-Ligue 1,2324,Toulouse,2023-12-17 Toulouse-Rennes,2023-12-17,15:00:00,Matchweek 16,Sun,Home,D,0,0,Rennes,0.9,0.7,49,23310.0,Vincent Sierro,4-4-2,3-4-3,Jeremy Stinat,/en/matches/8197fd69/Toulouse-Rennes-December-17-2023-Ligue-1,nan
FRA-Ligue 1,2324,Toulouse,2023-12-20 Toulouse-Monaco,2023-12-20,21:00:00,Matchweek 17,Wed,Home,L,1,2,Monaco,1.4,1.9,55,23881.0,Rasmus Nicolaisen,4-2-3-1,3-5-2,Jérôme Brisard,/en/matches/81c83fe9/Toulouse-Monaco-December-20-2023-Ligue-1,nan
FRA-Ligue 1,2324,Toulouse,2024-01-14 Metz-Toulouse,2024-01-14,15:00:00,Matchweek 18,Sun,Away,W,1,0,Metz,1.0,0.7,60,21065.0,Vincent Sierro,4-3-3,4-3-3,Florent Batta,/en/matches/926b0a14/Metz-Toulouse-January-14-2024-Ligue-1,nan
FRA-Ligue 1,2324,Toulouse,2024-01-28 Toulouse-Lens,2024-01-28,17:05:00,Matchweek 19,Sun,Home,L,0,2,Lens,1.7,0.8,53,27310.0,Vincent Sierro,4-2-3-1,5-3-2,Mathieu Vernice,/en/matches/678c2976/Toulouse-Lens-January-28-2024-Ligue-1,nan
FRA-Ligue 1,2324,Toulouse,2024-02-04 Reims-Toulouse,2024-02-04,15:00:00,Matchweek 20,Sun,Away,W,3,2,Reims,1.5,2.8,38,12817.0,Vincent Sierro,4-2-3-1,4-3-3,Pierre Gaillouste,/en/matches/25718ab1/Reims-Toulouse-February-4-2024-Ligue-1,nan
FRA-Ligue 1,2324,Toulouse,2024-02-11 Toulouse-Nantes,2024-02-11,15:00:00,Matchweek 21,Sun,Home,L,1,2,Nantes,1.0,0.4,74,28933.0,Vincent Sierro,4-2-3-1,4-3-3,Gaël Angoula,/en/matches/e6caf939/Toulouse-Nantes-February-11-2024-Ligue-1,nan
FRA-Ligue 1,2324,Toulouse,2024-02-18 Monaco-Toulouse,2024-02-18,15:00:00,Matchweek 22,Sun,Away,W,2,1,Monaco,1.4,1.7,35,4702.0,Vincent Sierro,3-4-3,4-3-3,Benoît Bastien,/en/matches/57c599f6/Monaco-Toulouse-February-18-2024-Ligue-1,nan
FRA-Ligue 1,2324,Toulouse,2024-02-25 Toulouse-Lille,2024-02-25,15:00:00,Matchweek 23,Sun,Home,W,3,1,Lille,2.1,0.6,32,24124.0,Rasmus Nicolaisen,3-4-1-2,4-2-3-1,Mathieu Vernice,/en/matches/a07309bd/Toulouse-Lille-February-25-2024-Ligue-1,nan
FRA-Ligue 1,2324,Toulouse,2024-03-03 Toulouse-Nice,2024-03-03,13:00:00,Matchweek 24,Sun,Home,W,2,1,Nice,1.8,1.4,44,25507.0,Vincent Sierro,3-4-3,3-4-3,Jérémie Pignard,/en/matches/2269add3/Toulouse-Nice-March-3-2024-Ligue-1,nan
FRA-Ligue 1,2324,Toulouse,2024-03-10 Le Havre-Toulouse,2024-03-10,15:00:00,Matchweek 25,Sun,Away,L,0,1,Le Havre,0.3,1.0,51,21462.0,Vincent Sierro,3-4-3,4-2-3-1,Romain Lissorgue,/en/matches/3957eebd/Le-Havre-Toulouse-March-10-2024-Ligue-1,nan
FRA-Ligue 1,2324,Toulouse,2024-03-15 Toulouse-Lyon,2024-03-15,21:00:00,Matchweek 26,Fri,Home,L,2,3,Lyon,2.4,1.4,50,28434.0,Vincent Sierro,3-4-3,4-3-3,Jeremy Stinat,/en/matches/863ee181/Toulouse-Lyon-March-15-2024-Ligue-1,nan
FRA-Ligue 1,2324,Toulouse,2024-03-31 Clermont Foot-Toulouse,2024-03-31,15:00:00,Matchweek 27,Sun,Away,W,3,0,Clermont Foot,1.8,0.8,45,10499.0,Vincent Sierro,3-4-3,3-4-3,Pierre Gaillouste,/en/matches/bfe740ac/Clermont-Foot-Toulouse-March-31-2024-Ligue-1,nan
FRA-Ligue 1,2324,Toulouse,2024-04-07 Toulouse-Strasbourg,2024-04-07,15:00:00,Matchweek 28,Sun,Home,D,0,0,Strasbourg,1.0,0.5,48,23495.0,Vincent Sierro,3-4-3,3-4-3,Ruddy Buquet,/en/matches/919e3eb7/Toulouse-Strasbourg-April-7-2024-Ligue-1,nan
FRA-Ligue 1,2324,Toulouse,2024-04-13 Rennes-Toulouse,2024-04-13,21:00:00,Matchweek 29,Sat,Away,W,2,1,Rennes,0.5,1.0,45,28055.0,Rasmus Nicolaisen,3-4-3,4-2-3-1,Florent Batta,/en/matches/6eba535c/Rennes-Toulouse-April-13-2024-Ligue-1,nan
FRA-Ligue 1,2324,Toulouse,2024-04-21 Toulouse-Marseille,2024-04-21,19:00:00,Matchweek 30,Sun,Home,D,2,2,Marseille,0.5,1.1,46,30119.0,Vincent Sierro,3-4-3,5-3-2,Clément Turpin,/en/matches/05f7968b/Toulouse-Marseille-April-21-2024-Ligue-1,nan
FRA-Ligue 1,2324,Toulouse,2024-04-28 Lorient-Toulouse,2024-04-28,15:00:00,Matchweek 31,Sun,Away,W,2,1,Lorient,1.8,1.4,50,16125.0,Vincent Sierro,3-4-3,3-4-3,Gaël Angoula,/en/matches/666bdb51/Lorient-Toulouse-April-28-2024-Ligue-1,nan
FRA-Ligue 1,2324,Toulouse,2024-05-03 Toulouse-Montpellier,2024-05-03,19:00:00,Matchweek 32,Fri,Home,L,1,2,Montpellier,1.3,0.5,63,24559.0,Vincent Sierro,4-3-3,5-3-2,Marc Bollengier,/en/matches/33eeaf12/Toulouse-Montpellier-May-3-2024-Ligue-1,nan
FRA-Ligue 1,2324,Toulouse,2024-05-12 Paris S-G-Toulouse,2024-05-12,21:00:00,Matchweek 33,Sun,Away,W,3,1,Paris S-G,1.6,2.1,36,47000.0,Vincent Sierro,3-4-3,4-3-3,Florent Batta,/en/matches/e8fcc39b/Paris-Saint-Germain-Toulouse-May-12-2024-Ligue-1,nan
FRA-Ligue 1,2324,Toulouse,2024-05-19 Toulouse-Brest,2024-05-19,21:00:00,Matchweek 34,Sun,Home,L,0,3,Brest,0.9,1.6,52,28885.0,Rasmus Nicolaisen,3-4-3,4-1-3-2,Jérémie Pignard,/en/matches/0c59eeac/Toulouse-Brest-May-19-2024-Ligue-1,nan
FRA-Ligue 1,2425,Angers,2024-08-18 Angers-Lens,2024-08-18,17:00:00,Matchweek 1,Sun,Home,L,0,1,Lens,0.4,1.2,42,14811.0,Pierrick Capelle,5-3-2,3-4-1-2,Thomas Léonard,/en/matches/cabadc94/Angers-Lens-August-18-2024-Ligue-1,nan
FRA-Ligue 1,2425,Angers,2024-08-24 Lille-Angers,2024-08-24,19:00:00,Matchweek 2,Sat,Away,L,0,2,Lille,0.6,0.9,36,36906.0,Pierrick Capelle,5-3-2,3-4-3,Abdelatif Kherradji,/en/matches/70fdbb5a/Lille-Angers-August-24-2024-Ligue-1,nan
FRA-Ligue 1,2425,Angers,2024-09-01 Angers-Nice,2024-09-01,17:00:00,Matchweek 3,Sun,Home,L,1,4,Nice,1.4,2.2,54,9168.0,Himad Abdelli,5-3-2,3-4-3,Jeremy Stinat,/en/matches/97e962bb/Angers-Nice-September-1-2024-Ligue-1,nan
FRA-Ligue 1,2425,Angers,2024-09-15 Strasbourg-Angers,2024-09-15,17:00:00,Matchweek 4,Sun,Away,D,1,1,Strasbourg,0.9,2.3,48,19135.0,Himad Abdelli,4-2-3-1,4-4-2,Hakim Ben El Hadj Salem,/en/matches/06ecf73c/Strasbourg-Angers-September-15-2024-Ligue-1,nan
FRA-Ligue 1,2425,Angers,2024-09-22 Angers-Nantes,2024-09-22,17:00:00,Matchweek 5,Sun,Home,D,1,1,Nantes,0.9,0.6,50,16960.0,Himad Abdelli,4-2-3-1,4-2-3-1,Mathieu Vernice,/en/matches/601ddfc9/Angers-Nantes-September-22-2024-Ligue-1,nan
FRA-Ligue 1,2425,Angers,2024-09-29 Angers-Reims,2024-09-29,17:00:00,Matchweek 6,Sun,Home,L,1,3,Reims,1.1,2.9,53,8526.0,Himad Abdelli,4-2-3-1,4-2-3-1,Eric Wattellier,/en/matches/1ea5cb30/Angers-Reims-September-29-2024-Ligue-1,nan
FRA-Ligue 1,2425,Angers,2024-10-04 Marseille-Angers,2024-10-04,20:45:00,Matchweek 7,Fri,Away,D,1,1,Marseille,0.8,0.9,24,54568.0,Himad Abdelli,4-2-3-1,4-2-3-1,Romain Lissorgue,/en/matches/c2dcc859/Marseille-Angers-October-4-2024-Ligue-1,nan
FRA-Ligue 1,2425,Angers,2024-10-20 Toulouse-Angers,2024-10-20,17:00:00,Matchweek 8,Sun,Away,D,1,1,Toulouse,1.4,2.0,35,24107.0,Himad Abdelli,4-2-3-1,4-2-3-1,Willy Delajod,/en/matches/92f559ad/Toulouse-Angers-October-20-2024-Ligue-1,nan
FRA-Ligue 1,2425,Angers,2024-10-26 Angers-Saint-Étienne,2024-10-26,17:00:00,Matchweek 9,Sat,Home,W,4,2,Saint-Étienne,2.9,1.5,42,13796.0,Himad Abdelli,4-2-3-1,4-1-4-1,Marc Bollengier,/en/matches/61752f42/Angers-Saint-Etienne-October-26-2024-Ligue-1,nan
FRA-Ligue 1,2425,Angers,2024-11-01 Monaco-Angers,2024-11-01,19:00:00,Matchweek 10,Fri,Away,W,1,0,Monaco,0.5,1.4,37,10540.0,Himad Abdelli,4-2-3-1,4-4-2,Abdelatif Kherradji,/en/matches/3e5f7440/Monaco-Angers-November-1-2024-Ligue-1,nan
FRA-Ligue 1,2425,Angers,2024-11-09 Angers-Paris S-G,2024-11-09,21:00:00,Matchweek 11,Sat,Home,L,2,4,Paris S-G,1.1,3.4,30,17212.0,Himad Abdelli,4-2-3-1,4-3-3,Benoît Millot,/en/matches/ddf738c4/Angers-Paris-Saint-Germain-November-9-2024-Ligue-1,nan
FRA-Ligue 1,2425,Angers,2024-11-24 Auxerre-Angers,2024-11-24,17:00:00,Matchweek 12,Sun,Away,L,0,1,Auxerre,0.9,0.6,52,16120.0,Himad Abdelli,4-2-3-1,3-4-3,François Letexier,/en/matches/b1dbd309/Auxerre-Angers-November-24-2024-Ligue-1,nan
FRA-Ligue 1,2425,Angers,2024-12-01 Le Havre-Angers,2024-12-01,17:00:00,Matchweek 13,Sun,Away,W,1,0,Le Havre,2.1,0.3,45,20018.0,Himad Abdelli,4-2-3-1,3-4-3,Willy Delajod,/en/matches/b9d2f3b2/Le-Havre-Angers-December-1-2024-Ligue-1,nan
FRA-Ligue 1,2425,Angers,2024-12-07 Angers-Lyon,2024-12-07,21:00:00,Matchweek 14,Sat,Home,L,0,3,Lyon,0.6,2.0,37,16301.0,Himad Abdelli,4-2-3-1,4-3-3,Marc Bollengier,/en/matches/8f5cb172/Angers-Lyon-December-7-2024-Ligue-1,nan
FRA-Ligue 1,2425,Angers,2024-12-15 Rennes-Angers,2024-12-15,17:00:00,Matchweek 15,Sun,Away,L,0,2,Rennes,0.4,0.6,56,27781.0,Himad Abdelli,4-2-3-1,3-5-1-1,Hakim Ben El Hadj Salem,/en/matches/fae57b16/Rennes-Angers-December-15-2024-Ligue-1,nan
FRA-Ligue 1,2425,Angers,2025-01-05 Angers-Brest,2025-01-05,15:00:00,Matchweek 16,Sun,Home,W,2,0,Brest,1.8,1.0,39,12691.0,Himad Abdelli,4-2-3-1,4-3-3,Benoît Millot,/en/matches/be2eba6e/Angers-Brest-January-5-2025-Ligue-1,nan
FRA-Ligue 1,2425,Angers,2025-01-12 Montpellier-Angers,2025-01-12,17:15:00,Matchweek 17,Sun,Away,W,3,1,Montpellier,3.8,1.2,42,11719.0,Himad Abdelli,4-2-3-1,4-1-4-1,Romain Lissorgue,/en/matches/1184c4fd/Montpellier-Angers-January-12-2025-Ligue-1,nan
FRA-Ligue 1,2425,Angers,2025-01-19 Angers-Auxerre,2025-01-19,17:15:00,Matchweek 18,Sun,Home,W,2,0,Auxerre,0.9,0.7,48,9938.0,Himad Abdelli,4-2-3-1,5-4-1,Stéphanie Frappart,/en/matches/7419fbdf/Angers-Auxerre-January-19-2025-Ligue-1,nan
FRA-Ligue 1,2425,Angers,2025-01-26 Lens-Angers,2025-01-26,17:15:00,Matchweek 19,Sun,Away,L,0,1,Lens,0.2,1.9,36,37321.0,Himad Abdelli,4-2-3-1,5-3-2,Abdelatif Kherradji,/en/matches/5026986a/Lens-Angers-January-26-2025-Ligue-1,nan
FRA-Ligue 1,2425,Angers,2025-02-02 Angers-Le Havre,2025-02-02,17:15:00,Matchweek 20,Sun,Home,D,1,1,Le Havre,1.3,2.2,59,11267.0,Himad Abdelli,4-2-3-1,4-1-4-1,Jérémie Pignard,/en/matches/dc2dc241/Angers-Le-Havre-February-2-2025-Ligue-1,nan
FRA-Ligue 1,2425,Angers,2025-02-09 Angers-Marseille,2025-02-09,20:45:00,Matchweek 21,Sun,Home,L,0,2,Marseille,0.5,2.4,22,17325.0,Himad Abdelli,4-2-3-1,3-4-1-2,Hakim Ben El Hadj Salem,/en/matches/64ab3386/Angers-Marseille-February-9-2025-Ligue-1,nan
FRA-Ligue 1,2425,Angers,2025-02-16 Reims-Angers,2025-02-16,17:15:00,Matchweek 22,Sun,Away,W,1,0,Reims,1.5,1.7,37,11868.0,Abdoulaye Bamba,4-2-3-1,4-3-3,Florent Batta,/en/matches/bc4d9e67/Reims-Angers-February-16-2025-Ligue-1,nan
FRA-Ligue 1,2425,Angers,2025-02-22 Saint-Étienne-Angers,2025-02-22,19:00:00,Matchweek 23,Sat,Away,D,3,3,Saint-Étienne,2.9,1.5,39,30566.0,Pierrick Capelle,4-2-3-1,4-3-3,Bastien Dechepy,/en/matches/80854674/Saint-Etienne-Angers-February-22-2025-Ligue-1,nan
FRA-Ligue 1,2425,Angers,2025-03-02 Angers-Toulouse,2025-03-02,17:15:00,Matchweek 24,Sun,Home,L,0,4,Toulouse,0.4,3.5,46,12758.0,Himad Abdelli,4-2-3-1,3-4-3,Jeremy Stinat,/en/matches/d9b255ac/Angers-Toulouse-March-2-2025-Ligue-1,nan
FRA-Ligue 1,2425,Angers,2025-03-09 Brest-Angers,2025-03-09,15:00:00,Matchweek 25,Sun,Away,L,0,2,Brest,0.4,3.5,50,14612.0,Himad Abdelli,4-2-3-1,4-4-1-1,Abdelatif Kherradji,/en/matches/0723e59a/Brest-Angers-March-9-2025-Ligue-1,nan
FRA-Ligue 1,2425,Angers,2025-03-15 Angers-Monaco,2025-03-15,19:00:00,Matchweek 26,Sat,Home,L,0,2,Monaco,0.5,2.0,44,11116.0,Himad Abdelli,4-2-3-1,4-2-3-1,Willy Delajod,/en/matches/ccd56c5d/Angers-Monaco-March-15-2025-Ligue-1,nan
FRA-Ligue 1,2425,Angers,2025-03-30 Angers-Rennes,2025-03-30,17:15:00,Matchweek 27,Sun,Home,L,0,3,Rennes,1.0,1.5,43,11747.0,Abdoulaye Bamba,4-3-3,3-4-3,Thomas Léonard,/en/matches/ea71bfda/Angers-Rennes-March-30-2025-Ligue-1,nan
FRA-Ligue 1,2425,Angers,2025-04-05 Paris S-G-Angers,2025-04-05,17:00:00,Matchweek 28,Sat,Away,L,0,1,Paris S-G,0.2,1.9,19,47736.0,Himad Abdelli,5-3-2,4-3-3,Marc Bollengier,/en/matches/85f4be0a/Paris-Saint-Germain-Angers-April-5-2025-Ligue-1,nan
FRA-Ligue 1,2425,Angers,2025-04-13 Angers-Montpellier,2025-04-13,17:15:00,Matchweek 29,Sun,Home,W,2,0,Montpellier,1.4,0.5,37,12547.0,Himad Abdelli,5-3-2,5-4-1,Benoît Millot,/en/matches/47a1a48a/Angers-Montpellier-April-13-2025-Ligue-1,nan
FRA-Ligue 1,2425,Angers,2025-04-20 Nice-Angers,2025-04-20,17:15:00,Matchweek 30,Sun,Away,L,1,2,Nice,0.4,2.8,47,25088.0,Himad Abdelli,5-3-2,3-4-3,Jeremy Stinat,/en/matches/44e5cf44/Nice-Angers-April-20-2025-Ligue-1,nan
FRA-Ligue 1,2425,Angers,2025-04-27 Angers-Lille,2025-04-27,15:00:00,Matchweek 31,Sun,Home,L,0,2,Lille,0.7,1.4,37,12865.0,Himad Abdelli,4-2-3-1,4-4-2,Hakim Ben El Hadj Salem,/en/matches/af631621/Angers-Lille-April-27-2025-Ligue-1,nan
FRA-Ligue 1,2425,Angers,2025-05-04 Nantes-Angers,2025-05-04,15:00:00,Matchweek 32,Sun,Away,W,1,0,Nantes,1.1,0.5,42,34556.0,Himad Abdelli,4-4-1-1,4-3-3,Thomas Léonard,/en/matches/e467e10c/Nantes-Angers-May-4-2025-Ligue-1,nan
FRA-Ligue 1,2425,Angers,2025-05-10 Angers-Strasbourg,2025-05-10,21:00:00,Matchweek 33,Sat,Home,W,2,1,Strasbourg,0.7,1.0,29,14391.0,Himad Abdelli,4-5-1,3-4-3,Clément Turpin,/en/matches/fafe26a4/Angers-Strasbourg-May-10-2025-Ligue-1,nan
FRA-Ligue 1,2425,Angers,2025-05-17 Lyon-Angers,2025-05-17,21:00:00,Matchweek 34,Sat,Away,L,0,2,Lyon,0.5,3.9,43,56517.0,Himad Abdelli,4-5-1,4-2-3-1,Stéphanie Frappart,/en/matches/5042cc91/Lyon-Angers-May-17-2025-Ligue-1,nan
FRA-Ligue 1,2425,Auxerre,2024-08-18 Auxerre-Nice,2024-08-18,15:00:00,Matchweek 1,Sun,Home,W,2,1,Nice,1.8,0.7,45,16354.0,Jubal,4-4-2,3-4-3,Romain Lissorgue,/en/matches/18a24a50/Auxerre-Nice-August-18-2024-Ligue-1,nan
FRA-Ligue 1,2425,Auxerre,2024-08-25 Nantes-Auxerre,2024-08-25,17:00:00,Matchweek 2,Sun,Away,L,0,2,Nantes,1.1,1.4,64,31077.0,Jubal,4-2-3-1,4-2-3-1,Gaël Angoula,/en/matches/57fe0d50/Nantes-Auxerre-August-25-2024-Ligue-1,nan
FRA-Ligue 1,2425,Auxerre,2024-09-01 Le Havre-Auxerre,2024-09-01,17:00:00,Matchweek 3,Sun,Away,L,1,3,Le Havre,0.6,2.8,50,19715.0,Jubal,4-2-3-1,5-4-1,Marc Bollengier,/en/matches/3bc2668a/Le-Havre-Auxerre-September-1-2024-Ligue-1,nan
FRA-Ligue 1,2425,Auxerre,2024-09-14 Auxerre-Monaco,2024-09-14,19:00:00,Matchweek 4,Sat,Home,L,0,3,Monaco,0.6,3.4,41,17045.0,Jubal,3-4-3,4-2-3-1,Abdelatif Kherradji,/en/matches/b4fb60b5/Auxerre-Monaco-September-14-2024-Ligue-1,nan
FRA-Ligue 1,2425,Auxerre,2024-09-22 Montpellier-Auxerre,2024-09-22,17:00:00,Matchweek 5,Sun,Away,L,2,3,Montpellier,1.2,2.0,46,11643.0,Jubal,5-4-1,4-2-3-1,Hakim Ben El Hadj Salem,/en/matches/ac95cb33/Montpellier-Auxerre-September-22-2024-Ligue-1,nan
FRA-Ligue 1,2425,Auxerre,2024-09-27 Auxerre-Brest,2024-09-27,19:00:00,Matchweek 6,Fri,Home,W,3,0,Brest,2.5,0.8,39,15381.0,Jubal,5-3-2,4-3-3,Jeremy Stinat,/en/matches/8c59509d/Auxerre-Brest-September-27-2024-Ligue-1,nan
FRA-Ligue 1,2425,Auxerre,2024-10-05 Saint-Étienne-Auxerre,2024-10-05,17:00:00,Matchweek 7,Sat,Away,L,1,3,Saint-Étienne,0.8,2.7,58,31445.0,Elisha Owusu,3-4-3,4-3-3,Mathieu Vernice,/en/matches/752978b2/Saint-Etienne-Auxerre-October-5-2024-Ligue-1,nan
FRA-Ligue 1,2425,Auxerre,2024-10-20 Auxerre-Reims,2024-10-20,17:00:00,Matchweek 8,Sun,Home,W,2,1,Reims,2.8,1.1,35,17016.0,Jubal,3-4-3,4-2-3-1,Florent Batta,/en/matches/5f02a541/Auxerre-Reims-October-20-2024-Ligue-1,nan
FRA-Ligue 1,2425,Auxerre,2024-10-27 Lyon-Auxerre,2024-10-27,15:00:00,Matchweek 9,Sun,Away,D,2,2,Lyon,1.5,2.0,38,54868.0,Jubal,3-4-3,4-3-3,Jeremy Stinat,/en/matches/bd02e3b4/Lyon-Auxerre-October-27-2024-Ligue-1,nan
FRA-Ligue 1,2425,Auxerre,2024-11-03 Auxerre-Rennes,2024-11-03,17:00:00,Matchweek 10,Sun,Home,W,4,0,Rennes,2.8,0.9,39,16366.0,Jubal,3-4-3,4-1-4-1,Gaël Angoula,/en/matches/acc30562/Auxerre-Rennes-November-3-2024-Ligue-1,nan
FRA-Ligue 1,2425,Auxerre,2024-11-08 Marseille-Auxerre,2024-11-08,20:45:00,Matchweek 11,Fri,Away,W,3,1,Marseille,1.9,2.5,26,64184.0,Elisha Owusu,3-4-3,4-2-3-1,Marc Bollengier,/en/matches/4ab63460/Marseille-Auxerre-November-8-2024-Ligue-1,nan
FRA-Ligue 1,2425,Auxerre,2024-11-24 Auxerre-Angers,2024-11-24,17:00:00,Matchweek 12,Sun,Home,W,1,0,Angers,0.6,0.9,48,16120.0,Jubal,3-4-3,4-2-3-1,François Letexier,/en/matches/b1dbd309/Auxerre-Angers-November-24-2024-Ligue-1,nan
FRA-Ligue 1,2425,Auxerre,2024-12-01 Toulouse-Auxerre,2024-12-01,17:00:00,Matchweek 13,Sun,Away,L,0,2,Toulouse,0.2,2.3,48,23525.0,Jubal,5-4-1,3-4-3,Hakim Ben El Hadj Salem,/en/matches/f81de4c6/Toulouse-Auxerre-December-1-2024-Ligue-1,nan
FRA-Ligue 1,2425,Auxerre,2024-12-06 Auxerre-Paris S-G,2024-12-06,21:00:00,Matchweek 14,Fri,Home,D,0,0,Paris S-G,0.3,2.5,27,17028.0,Jubal,3-4-3,4-3-3,Jérémie Pignard,/en/matches/9139adc8/Auxerre-Paris-Saint-Germain-December-6-2024-Ligue-1,nan
FRA-Ligue 1,2425,Auxerre,2024-12-14 Auxerre-Lens,2024-12-14,19:00:00,Matchweek 15,Sat,Home,D,2,2,Lens,0.6,1.6,40,17052.0,Jubal,3-4-3,4-2-3-1,Jeremy Stinat,/en/matches/fb7a9227/Auxerre-Lens-December-14-2024-Ligue-1,nan
FRA-Ligue 1,2425,Auxerre,2025-01-05 Strasbourg-Auxerre,2025-01-05,15:00:00,Matchweek 16,Sun,Away,L,1,3,Strasbourg,1.4,2.9,40,19471.0,Jubal,3-4-3,4-4-2,Florent Batta,/en/matches/d37a723b/Strasbourg-Auxerre-January-5-2025-Ligue-1,nan
FRA-Ligue 1,2425,Auxerre,2025-01-10 Auxerre-Lille,2025-01-10,21:05:00,Matchweek 17,Fri,Home,D,0,0,Lille,0.8,1.5,30,15599.0,Jubal,5-4-1,4-2-3-1,Gaël Angoula,/en/matches/0c8ab7d6/Auxerre-Lille-January-10-2025-Ligue-1,nan
FRA-Ligue 1,2425,Auxerre,2025-01-19 Angers-Auxerre,2025-01-19,17:15:00,Matchweek 18,Sun,Away,L,0,2,Angers,0.7,0.9,52,9938.0,Elisha Owusu,5-4-1,4-2-3-1,Stéphanie Frappart,/en/matches/7419fbdf/Angers-Auxerre-January-19-2025-Ligue-1,nan
FRA-Ligue 1,2425,Auxerre,2025-01-24 Auxerre-Saint-Étienne,2025-01-24,20:45:00,Matchweek 19,Fri,Home,D,1,1,Saint-Étienne,0.8,1.2,37,16805.0,Jubal,5-4-1,4-3-3,Marc Bollengier,/en/matches/7ad35976/Auxerre-Saint-Etienne-January-24-2025-Ligue-1,nan
FRA-Ligue 1,2425,Auxerre,2025-02-01 Monaco-Auxerre,2025-02-01,19:00:00,Matchweek 20,Sat,Away,L,2,4,Monaco,1.2,2.6,43,53363.0,Jubal,5-4-1,4-2-3-1,Abdelatif Kherradji,/en/matches/e6c9fba7/Monaco-Auxerre-February-1-2025-Ligue-1,nan
FRA-Ligue 1,2425,Auxerre,2025-02-09 Auxerre-Toulouse,2025-02-09,17:15:00,Matchweek 21,Sun,Home,D,2,2,Toulouse,0.9,0.9,53,15801.0,Jubal,3-4-3,3-4-3,Jérôme Brisard,/en/matches/0446e883/Auxerre-Toulouse-February-9-2025-Ligue-1,nan
FRA-Ligue 1,2425,Auxerre,2025-02-14 Brest-Auxerre,2025-02-14,20:45:00,Matchweek 22,Fri,Away,D,2,2,Brest,1.2,2.2,36,12525.0,Jubal,4-2-3-1,4-2-3-1,Bastien Dechepy,/en/matches/94d1ec50/Brest-Auxerre-February-14-2025-Ligue-1,nan
FRA-Ligue 1,2425,Auxerre,2025-02-22 Auxerre-Marseille,2025-02-22,21:05:00,Matchweek 23,Sat,Home,W,3,0,Marseille,2.0,0.7,21,17183.0,Jubal,5-4-1,3-4-3,Jeremy Stinat,/en/matches/f26394d7/Auxerre-Marseille-February-22-2025-Ligue-1,nan
FRA-Ligue 1,2425,Auxerre,2025-03-02 Auxerre-Strasbourg,2025-03-02,17:15:00,Matchweek 24,Sun,Home,L,0,1,Strasbourg,2.2,1.4,45,16495.0,Jubal,3-4-3,3-4-3,Mathieu Vernice,/en/matches/370220dd/Auxerre-Strasbourg-March-2-2025-Ligue-1,nan
FRA-Ligue 1,2425,Auxerre,2025-03-09 Reims-Auxerre,2025-03-09,17:15:00,Matchweek 25,Sun,Away,W,2,0,Reims,2.1,1.4,43,15474.0,Jubal,5-4-1,4-2-3-1,Romain Lissorgue,/en/matches/5a7ff7ce/Reims-Auxerre-March-9-2025-Ligue-1,nan
FRA-Ligue 1,2425,Auxerre,2025-03-14 Nice-Auxerre,2025-03-14,20:45:00,Matchweek 26,Fri,Away,D,1,1,Nice,0.7,2.0,49,18640.0,Jubal,5-4-1,3-4-3,Abdelatif Kherradji,/en/matches/e91c00b1/Nice-Auxerre-March-14-2025-Ligue-1,nan
FRA-Ligue 1,2425,Auxerre,2025-03-30 Auxerre-Montpellier,2025-03-30,17:15:00,Matchweek 27,Sun,Home,W,1,0,Montpellier,2.1,0.5,53,16558.0,Jubal,3-4-3,4-2-3-1,Marc Bollengier,/en/matches/dea614ff/Auxerre-Montpellier-March-30-2025-Ligue-1,nan
FRA-Ligue 1,2425,Auxerre,2025-04-06 Rennes-Auxerre,2025-04-06,17:15:00,Matchweek 28,Sun,Away,W,1,0,Rennes,0.8,1.2,37,38268.0,Jubal,5-4-1,3-4-3,Florent Batta,/en/matches/cd76c50c/Rennes-Auxerre-April-6-2025-Ligue-1,nan
FRA-Ligue 1,2425,Auxerre,2025-04-13 Auxerre-Lyon,2025-04-13,20:45:00,Matchweek 29,Sun,Home,L,1,3,Lyon,0.7,2.9,41,17511.0,Jubal,5-4-1,4-2-3-1,Stéphanie Frappart,/en/matches/bef8bbc1/Auxerre-Lyon-April-13-2025-Ligue-1,nan
FRA-Ligue 1,2425,Auxerre,2025-04-20 Lille-Auxerre,2025-04-20,15:00:00,Matchweek 30,Sun,Away,L,1,3,Lille,0.3,2.0,44,45929.0,Jubal,5-4-1,4-4-2,Thomas Léonard,/en/matches/dfc19892/Lille-Auxerre-April-20-2025-Ligue-1,nan
FRA-Ligue 1,2425,Auxerre,2025-04-27 Lens-Auxerre,2025-04-27,17:15:00,Matchweek 31,Sun,Away,W,4,0,Lens,2.6,1.4,35,38193.0,Jubal,5-4-1,3-4-3,Mathieu Vernice,/en/matches/0745c59f/Lens-Auxerre-April-27-2025-Ligue-1,nan
FRA-Ligue 1,2425,Auxerre,2025-05-04 Auxerre-Le Havre,2025-05-04,17:15:00,Matchweek 32,Sun,Home,L,1,2,Le Havre,0.2,1.5,47,17194.0,Jubal,5-4-1,4-1-4-1,Jérémie Pignard,/en/matches/c08af981/Auxerre-Le-Havre-May-4-2025-Ligue-1,nan
FRA-Ligue 1,2425,Auxerre,2025-05-10 Auxerre-Nantes,2025-05-10,21:00:00,Matchweek 33,Sat,Home,D,1,1,Nantes,0.4,0.7,61,17277.0,Jubal,5-4-1,5-3-2,Marc Bollengier,/en/matches/2cfd2ba4/Auxerre-Nantes-May-10-2025-Ligue-1,nan
FRA-Ligue 1,2425,Auxerre,2025-05-17 Paris S-G-Auxerre,2025-05-17,21:00:00,Matchweek 34,Sat,Away,L,1,3,Paris S-G,0.6,3.1,34,47926.0,Elisha Owusu,5-4-1,4-3-3,Abdelatif Kherradji,/en/matches/695f3d84/Paris-Saint-Germain-Auxerre-May-17-2025-Ligue-1,nan
FRA-Ligue 1,2425,Brest,2024-08-17 Brest-Marseille,2024-08-17,17:00:00,Matchweek 1,Sat,Home,L,1,5,Marseille,1.3,2.4,50,14962.0,Brendan Chardonnet,4-3-3,4-2-3-1,Benoît Bastien,/en/matches/35c1995a/Brest-Marseille-August-17-2024-Ligue-1,nan
FRA-Ligue 1,2425,Brest,2024-08-25 Lens-Brest,2024-08-25,15:00:00,Matchweek 2,Sun,Away,L,0,2,Lens,0.9,2.9,48,37435.0,Brendan Chardonnet,4-3-3,3-4-1-2,Jérémie Pignard,/en/matches/7fe11a31/Lens-Brest-August-25-2024-Ligue-1,nan
FRA-Ligue 1,2425,Brest,2024-08-31 Brest-Saint-Étienne,2024-08-31,17:00:00,Matchweek 3,Sat,Home,W,4,0,Saint-Étienne,3.1,0.2,47,14885.0,Brendan Chardonnet,4-3-3,4-2-3-1,Gaël Angoula,/en/matches/82c19aa6/Brest-Saint-Etienne-August-31-2024-Ligue-1,nan
FRA-Ligue 1,2425,Brest,2024-09-14 Paris S-G-Brest,2024-09-14,21:00:00,Matchweek 4,Sat,Away,L,1,3,Paris S-G,1.0,2.8,33,47000.0,Brendan Chardonnet,4-3-3,4-3-3,Clément Turpin,/en/matches/f22a7db0/Paris-Saint-Germain-Brest-September-14-2024-Ligue-1,nan
FRA-Ligue 1,2425,Brest,2024-09-22 Brest-Toulouse,2024-09-22,17:00:00,Matchweek 5,Sun,Home,W,2,0,Toulouse,0.5,2.7,43,14580.0,Hugo Magnetti,4-1-2-1-2◆,3-4-3,Florent Batta,/en/matches/7cbba12e/Brest-Toulouse-September-22-2024-Ligue-1,nan
FRA-Ligue 1,2425,Brest,2024-09-27 Auxerre-Brest,2024-09-27,19:00:00,Matchweek 6,Fri,Away,L,0,3,Auxerre,0.8,2.5,61,15381.0,Brendan Chardonnet,4-3-3,5-3-2,Jeremy Stinat,/en/matches/8c59509d/Auxerre-Brest-September-27-2024-Ligue-1,nan
FRA-Ligue 1,2425,Brest,2024-10-06 Brest-Le Havre,2024-10-06,17:00:00,Matchweek 7,Sun,Home,W,2,0,Le Havre,0.7,1.0,53,14572.0,Brendan Chardonnet,4-2-3-1,3-1-4-2,Benoît Millot,/en/matches/efe178e7/Brest-Le-Havre-October-6-2024-Ligue-1,nan
FRA-Ligue 1,2425,Brest,2024-10-19 Brest-Rennes,2024-10-19,17:00:00,Matchweek 8,Sat,Home,D,1,1,Rennes,1.5,1.2,56,15099.0,Brendan Chardonnet,4-3-3,3-4-3,Bastien Dechepy,/en/matches/e2a10c83/Brest-Rennes-October-19-2024-Ligue-1,nan
FRA-Ligue 1,2425,Brest,2024-10-26 Reims-Brest,2024-10-26,19:00:00,Matchweek 9,Sat,Away,W,2,1,Reims,1.5,0.7,47,17172.0,Brendan Chardonnet,4-2-3-1,4-3-3,Jérôme Brisard,/en/matches/6e7b242b/Reims-Brest-October-26-2024-Ligue-1,nan
FRA-Ligue 1,2425,Brest,2024-11-02 Brest-Nice,2024-11-02,19:00:00,Matchweek 10,Sat,Home,L,0,1,Nice,1.0,1.4,63,14534.0,Hugo Magnetti,4-3-3,3-4-3,Clément Turpin,/en/matches/0fab1c2f/Brest-Nice-November-2-2024-Ligue-1,nan
FRA-Ligue 1,2425,Brest,2024-11-10 Montpellier-Brest,2024-11-10,17:00:00,Matchweek 11,Sun,Away,L,1,3,Montpellier,0.9,2.5,67,12936.0,Brendan Chardonnet,4-3-3,4-2-3-1,Jérémie Pignard,/en/matches/8ab9a941/Montpellier-Brest-November-10-2024-Ligue-1,nan
FRA-Ligue 1,2425,Brest,2024-11-22 Monaco-Brest,2024-11-22,19:00:00,Matchweek 12,Fri,Away,L,2,3,Monaco,1.0,2.6,49,5800.0,Brendan Chardonnet,4-3-3,4-2-3-1,Thomas Léonard,/en/matches/48a28747/Monaco-Brest-November-22-2024-Ligue-1,nan
FRA-Ligue 1,2425,Brest,2024-11-30 Brest-Strasbourg,2024-11-30,19:00:00,Matchweek 13,Sat,Home,W,3,1,Strasbourg,2.5,1.0,38,14600.0,Brendan Chardonnet,4-2-3-1,4-2-3-1,Romain Lissorgue,/en/matches/197cb3bb/Brest-Strasbourg-November-30-2024-Ligue-1,nan
FRA-Ligue 1,2425,Brest,2024-12-06 Lille-Brest,2024-12-06,19:00:00,Matchweek 14,Fri,Away,L,1,3,Lille,0.7,2.5,39,38128.0,Brendan Chardonnet,4-2-3-1,4-2-3-1,Benoît Bastien,/en/matches/5b3adec0/Lille-Brest-December-6-2024-Ligue-1,nan
FRA-Ligue 1,2425,Brest,2024-12-15 Brest-Nantes,2024-12-15,17:00:00,Matchweek 15,Sun,Home,W,4,1,Nantes,2.0,1.1,51,15019.0,Brendan Chardonnet,4-3-1-2,5-3-2,Gaël Angoula,/en/matches/59e6278a/Brest-Nantes-December-15-2024-Ligue-1,nan
FRA-Ligue 1,2425,Brest,2025-01-05 Angers-Brest,2025-01-05,15:00:00,Matchweek 16,Sun,Away,L,0,2,Angers,1.0,1.8,61,12691.0,Brendan Chardonnet,4-3-3,4-2-3-1,Benoît Millot,/en/matches/be2eba6e/Angers-Brest-January-5-2025-Ligue-1,nan
FRA-Ligue 1,2425,Brest,2025-01-11 Brest-Lyon,2025-01-11,17:00:00,Matchweek 17,Sat,Home,W,2,1,Lyon,1.1,1.4,33,14735.0,Brendan Chardonnet,4-3-1-2,4-1-4-1,Eric Wattellier,/en/matches/561e5c4a/Brest-Lyon-January-11-2025-Ligue-1,nan
FRA-Ligue 1,2425,Brest,2025-01-18 Rennes-Brest,2025-01-18,19:00:00,Matchweek 18,Sat,Away,W,2,1,Rennes,1.0,1.5,32,28238.0,Brendan Chardonnet,4-2-2-2,3-4-3,Thomas Léonard,/en/matches/39a945d8/Rennes-Brest-January-18-2025-Ligue-1,nan
FRA-Ligue 1,2425,Brest,2025-01-26 Le Havre-Brest,2025-01-26,15:00:00,Matchweek 19,Sun,Away,W,1,0,Le Havre,2.0,1.0,55,17898.0,Brendan Chardonnet,4-2-3-1,4-2-3-1,Romain Lissorgue,/en/matches/6f8dc12d/Le-Havre-Brest-January-26-2025-Ligue-1,nan
FRA-Ligue 1,2425,Brest,2025-02-01 Brest-Paris S-G,2025-02-01,17:00:00,Matchweek 20,Sat,Home,L,2,5,Paris S-G,0.9,3.6,35,15040.0,Brendan Chardonnet,4-2-3-1,4-3-3,Benoît Bastien,/en/matches/c84f91ac/Brest-Paris-Saint-Germain-February-1-2025-Ligue-1,nan
FRA-Ligue 1,2425,Brest,2025-02-07 Nantes-Brest,2025-02-07,19:00:00,Matchweek 21,Fri,Away,W,2,0,Nantes,2.5,1.1,42,25050.0,Brendan Chardonnet,4-3-3,4-3-3,Jérémie Pignard,/en/matches/606c7cad/Nantes-Brest-February-7-2025-Ligue-1,nan
FRA-Ligue 1,2425,Brest,2025-02-14 Brest-Auxerre,2025-02-14,20:45:00,Matchweek 22,Fri,Home,D,2,2,Auxerre,2.2,1.2,64,12525.0,Hugo Magnetti,4-2-3-1,4-2-3-1,Bastien Dechepy,/en/matches/94d1ec50/Brest-Auxerre-February-14-2025-Ligue-1,nan
FRA-Ligue 1,2425,Brest,2025-02-23 Strasbourg-Brest,2025-02-23,17:15:00,Matchweek 23,Sun,Away,D,0,0,Strasbourg,0.6,0.6,43,19108.0,Brendan Chardonnet,4-2-3-1,3-4-3,Clément Turpin,/en/matches/585be98f/Strasbourg-Brest-February-23-2025-Ligue-1,nan
FRA-Ligue 1,2425,Brest,2025-03-02 Lyon-Brest,2025-03-02,15:00:00,Matchweek 24,Sun,Away,L,1,2,Lyon,2.0,1.3,34,47804.0,Brendan Chardonnet,4-4-1-1,4-2-3-1,Benoît Millot,/en/matches/9e7b9e2a/Lyon-Brest-March-2-2025-Ligue-1,nan
FRA-Ligue 1,2425,Brest,2025-03-09 Brest-Angers,2025-03-09,15:00:00,Matchweek 25,Sun,Home,W,2,0,Angers,3.5,0.4,50,14612.0,Brendan Chardonnet,4-4-1-1,4-2-3-1,Abdelatif Kherradji,/en/matches/0723e59a/Brest-Angers-March-9-2025-Ligue-1,nan
FRA-Ligue 1,2425,Brest,2025-03-16 Brest-Reims,2025-03-16,17:15:00,Matchweek 26,Sun,Home,D,0,0,Reims,0.3,1.3,71,14517.0,Hugo Magnetti,4-3-3,4-5-1,Jérôme Brisard,/en/matches/28e7c1e6/Brest-Reims-March-16-2025-Ligue-1,nan
FRA-Ligue 1,2425,Brest,2025-03-30 Toulouse-Brest,2025-03-30,15:00:00,Matchweek 27,Sun,Away,W,4,2,Toulouse,1.3,2.0,47,24418.0,Kenny Lala,4-3-3,3-4-3,Hakim Ben El Hadj Salem,/en/matches/b33c5901/Toulouse-Brest-March-30-2025-Ligue-1,nan
FRA-Ligue 1,2425,Brest,2025-04-05 Brest-Monaco,2025-04-05,19:00:00,Matchweek 28,Sat,Home,W,2,1,Monaco,1.0,1.5,41,14713.0,Brendan Chardonnet,4-3-3,4-4-2,Thomas Léonard,/en/matches/3b8a372d/Brest-Monaco-April-5-2025-Ligue-1,nan
FRA-Ligue 1,2425,Brest,2025-04-13 Saint-Étienne-Brest,2025-04-13,15:00:00,Matchweek 29,Sun,Away,D,3,3,Saint-Étienne,1.5,0.7,41,32834.0,Brendan Chardonnet,4-2-3-1,4-3-3,Abdelatif Kherradji,/en/matches/8a453c4e/Saint-Etienne-Brest-April-13-2025-Ligue-1,nan
FRA-Ligue 1,2425,Brest,2025-04-20 Brest-Lens,2025-04-20,17:15:00,Matchweek 30,Sun,Home,L,1,3,Lens,1.0,2.2,44,15049.0,Brendan Chardonnet,4-3-3,3-4-3,Benoît Millot,/en/matches/1e5241b4/Brest-Lens-April-20-2025-Ligue-1,nan
FRA-Ligue 1,2425,Brest,2025-04-27 Marseille-Brest,2025-04-27,20:45:00,Matchweek 31,Sun,Away,L,1,4,Marseille,1.2,0.9,46,62130.0,Brendan Chardonnet,4-2-3-1,4-2-3-1,Stéphanie Frappart,/en/matches/d0c58dd5/Marseille-Brest-April-27-2025-Ligue-1,nan
FRA-Ligue 1,2425,Brest,2025-05-04 Brest-Montpellier,2025-05-04,17:15:00,Matchweek 32,Sun,Home,W,1,0,Montpellier,1.1,0.5,63,13121.0,Brendan Chardonnet,4-3-3,5-4-1,Romain Lissorgue,/en/matches/14d0b54f/Brest-Montpellier-May-4-2025-Ligue-1,nan
FRA-Ligue 1,2425,Brest,2025-05-10 Brest-Lille,2025-05-10,21:00:00,Matchweek 33,Sat,Home,W,2,0,Lille,1.2,1.9,39,14556.0,Hugo Magnetti,4-3-3,4-4-2,Thomas Léonard,/en/matches/21a8a9a9/Brest-Lille-May-10-2025-Ligue-1,nan
FRA-Ligue 1,2425,Brest,2025-05-17 Nice-Brest,2025-05-17,21:00:00,Matchweek 34,Sat,Away,L,0,6,Nice,0.9,4.9,58,30298.0,Hugo Magnetti,4-1-2-1-2◆,3-4-3,Hakim Ben El Hadj Salem,/en/matches/4ff4d64e/Nice-Brest-May-17-2025-Ligue-1,nan
FRA-Ligue 1,2425,Le Havre,2024-08-16 Le Havre-Paris S-G,2024-08-16,20:45:00,Matchweek 1,Fri,Home,L,1,4,Paris S-G,0.2,2.9,24,23167.0,Josué Casimir,4-3-3,4-3-3,Willy Delajod,/en/matches/a6b98e33/Le-Havre-Paris-Saint-Germain-August-16-2024-Ligue-1,nan
FRA-Ligue 1,2425,Le Havre,2024-08-24 Saint-Étienne-Le Havre,2024-08-24,21:00:00,Matchweek 2,Sat,Away,W,2,0,Saint-Étienne,2.4,1.1,41,16958.0,Arouna Sangante,5-4-1,4-1-4-1,Florent Batta,/en/matches/fd677aba/Saint-Etienne-Le-Havre-August-24-2024-Ligue-1,nan
FRA-Ligue 1,2425,Le Havre,2024-09-01 Le Havre-Auxerre,2024-09-01,17:00:00,Matchweek 3,Sun,Home,W,3,1,Auxerre,2.8,0.6,50,19715.0,Arouna Sangante,5-4-1,4-2-3-1,Marc Bollengier,/en/matches/3bc2668a/Le-Havre-Auxerre-September-1-2024-Ligue-1,nan
FRA-Ligue 1,2425,Le Havre,2024-09-15 Toulouse-Le Havre,2024-09-15,17:00:00,Matchweek 4,Sun,Away,L,0,2,Toulouse,0.2,1.3,46,30097.0,Arouna Sangante,5-4-1,3-4-3,Eric Wattellier,/en/matches/f4982a54/Toulouse-Le-Havre-September-15-2024-Ligue-1,nan
FRA-Ligue 1,2425,Le Havre,2024-09-22 Monaco-Le Havre,2024-09-22,15:00:00,Matchweek 5,Sun,Away,L,1,3,Monaco,0.6,1.9,39,6000.0,Arouna Sangante,3-5-1-1,4-4-2,Stéphanie Frappart,/en/matches/017d7a9d/Monaco-Le-Havre-September-22-2024-Ligue-1,nan
FRA-Ligue 1,2425,Le Havre,2024-09-28 Le Havre-Lille,2024-09-28,19:00:00,Matchweek 6,Sat,Home,L,0,3,Lille,0.4,3.1,38,21369.0,Arouna Sangante,5-4-1,4-2-3-1,Bastien Dechepy,/en/matches/e08ccde6/Le-Havre-Lille-September-28-2024-Ligue-1,nan
FRA-Ligue 1,2425,Le Havre,2024-10-06 Brest-Le Havre,2024-10-06,17:00:00,Matchweek 7,Sun,Away,L,0,2,Brest,1.0,0.7,47,14572.0,Arouna Sangante,3-1-4-2,4-2-3-1,Benoît Millot,/en/matches/efe178e7/Brest-Le-Havre-October-6-2024-Ligue-1,nan
FRA-Ligue 1,2425,Le Havre,2024-10-20 Le Havre-Lyon,2024-10-20,15:00:00,Matchweek 8,Sun,Home,L,0,4,Lyon,0.4,2.7,39,22490.0,Abdoulaye Touré,3-1-4-2,4-3-3,Abdelatif Kherradji,/en/matches/b12f8ecd/Le-Havre-Lyon-October-20-2024-Ligue-1,nan
FRA-Ligue 1,2425,Le Havre,2024-10-25 Rennes-Le Havre,2024-10-25,20:45:00,Matchweek 9,Fri,Away,L,0,1,Rennes,0.4,1.5,40,27130.0,Abdoulaye Touré,3-1-4-2,4-2-3-1,Florent Batta,/en/matches/603efa49/Rennes-Le-Havre-October-25-2024-Ligue-1,nan
FRA-Ligue 1,2425,Le Havre,2024-11-03 Le Havre-Montpellier,2024-11-03,17:00:00,Matchweek 10,Sun,Home,W,1,0,Montpellier,2.2,1.0,48,18703.0,Abdoulaye Touré,3-1-4-2,3-4-3,Stéphanie Frappart,/en/matches/a537aa6e/Le-Havre-Montpellier-November-3-2024-Ligue-1,nan
FRA-Ligue 1,2425,Le Havre,2024-11-10 Le Havre-Reims,2024-11-10,17:00:00,Matchweek 11,Sun,Home,L,0,3,Reims,1.4,2.6,55,19256.0,Abdoulaye Touré,3-4-3,4-3-3,Hakim Ben El Hadj Salem,/en/matches/63390fe7/Le-Havre-Reims-November-10-2024-Ligue-1,nan
FRA-Ligue 1,2425,Le Havre,2024-11-24 Nantes-Le Havre,2024-11-24,17:00:00,Matchweek 12,Sun,Away,W,2,0,Nantes,0.9,0.9,30,26936.0,Josué Casimir,3-4-3,4-2-3-1,Jérôme Brisard,/en/matches/a27a021f/Nantes-Le-Havre-November-24-2024-Ligue-1,nan
FRA-Ligue 1,2425,Le Havre,2024-12-01 Le Havre-Angers,2024-12-01,17:00:00,Matchweek 13,Sun,Home,L,0,1,Angers,0.3,2.1,55,20018.0,Josué Casimir,3-4-3,4-2-3-1,Willy Delajod,/en/matches/b9d2f3b2/Le-Havre-Angers-December-1-2024-Ligue-1,nan
FRA-Ligue 1,2425,Le Havre,2024-12-07 Nice-Le Havre,2024-12-07,19:00:00,Matchweek 14,Sat,Away,L,1,2,Nice,1.1,2.0,49,21248.0,Abdoulaye Touré,3-5-1-1,4-3-1-2,François Letexier,/en/matches/3a9f8a55/Nice-Le-Havre-December-7-2024-Ligue-1,nan
FRA-Ligue 1,2425,Le Havre,2024-12-15 Le Havre-Strasbourg,2024-12-15,17:00:00,Matchweek 15,Sun,Home,L,0,3,Strasbourg,0.9,0.9,56,17071.0,Abdoulaye Touré,3-3-3-1,4-4-2,Abdelatif Kherradji,/en/matches/e1e508ce/Le-Havre-Strasbourg-December-15-2024-Ligue-1,nan
FRA-Ligue 1,2425,Le Havre,2025-01-05 Marseille-Le Havre,2025-01-05,20:45:00,Matchweek 16,Sun,Away,L,1,5,Marseille,0.4,3.2,30,64092.0,Abdoulaye Touré,3-5-2,3-4-3,Thomas Léonard,/en/matches/312fef53/Marseille-Le-Havre-January-5-2025-Ligue-1,nan
FRA-Ligue 1,2425,Le Havre,2025-01-12 Le Havre-Lens,2025-01-12,15:00:00,Matchweek 17,Sun,Home,L,1,2,Lens,1.5,2.7,31,19617.0,Abdoulaye Touré,4-4-1-1,4-2-3-1,Clément Turpin,/en/matches/63d7285c/Le-Havre-Lens-January-12-2025-Ligue-1,nan
FRA-Ligue 1,2425,Le Havre,2025-01-19 Reims-Le Havre,2025-01-19,17:15:00,Matchweek 18,Sun,Away,D,1,1,Reims,0.8,0.8,45,11278.0,Arouna Sangante,4-4-2,4-2-3-1,Mathieu Vernice,/en/matches/7e7a280a/Reims-Le-Havre-January-19-2025-Ligue-1,nan
FRA-Ligue 1,2425,Le Havre,2025-01-26 Le Havre-Brest,2025-01-26,15:00:00,Matchweek 19,Sun,Home,L,0,1,Brest,1.0,2.0,45,17898.0,Arouna Sangante,4-2-3-1,4-2-3-1,Romain Lissorgue,/en/matches/6f8dc12d/Le-Havre-Brest-January-26-2025-Ligue-1,nan
FRA-Ligue 1,2425,Le Havre,2025-02-02 Angers-Le Havre,2025-02-02,17:15:00,Matchweek 20,Sun,Away,D,1,1,Angers,2.2,1.3,41,11267.0,Arouna Sangante,4-1-4-1,4-2-3-1,Jérémie Pignard,/en/matches/dc2dc241/Angers-Le-Havre-February-2-2025-Ligue-1,nan
FRA-Ligue 1,2425,Le Havre,2025-02-08 Lille-Le Havre,2025-02-08,19:00:00,Matchweek 21,Sat,Away,W,2,1,Lille,1.8,1.6,34,39515.0,Josué Casimir,4-1-4-1,4-2-3-1,Thomas Léonard,/en/matches/8c539e02/Lille-Le-Havre-February-8-2025-Ligue-1,nan
FRA-Ligue 1,2425,Le Havre,2025-02-16 Le Havre-Nice,2025-02-16,17:15:00,Matchweek 22,Sun,Home,L,1,3,Nice,0.7,1.4,49,17739.0,Arouna Sangante,4-1-4-1,3-4-3,Stéphanie Frappart,/en/matches/e62361b8/Le-Havre-Nice-February-16-2025-Ligue-1,nan
FRA-Ligue 1,2425,Le Havre,2025-02-23 Le Havre-Toulouse,2025-02-23,17:15:00,Matchweek 23,Sun,Home,L,1,4,Toulouse,0.8,2.4,54,17239.0,Josué Casimir,4-1-4-1,3-4-3,François Letexier,/en/matches/8284b7f6/Le-Havre-Toulouse-February-23-2025-Ligue-1,nan
FRA-Ligue 1,2425,Le Havre,2025-03-01 Lens-Le Havre,2025-03-01,19:00:00,Matchweek 24,Sat,Away,W,4,3,Lens,1.5,1.9,31,38167.0,Abdoulaye Touré,4-4-2,5-3-2,Jérémie Pignard,/en/matches/f0429a72/Lens-Le-Havre-March-1-2025-Ligue-1,nan
FRA-Ligue 1,2425,Le Havre,2025-03-09 Le Havre-Saint-Étienne,2025-03-09,17:15:00,Matchweek 25,Sun,Home,D,1,1,Saint-Étienne,2.0,1.5,46,22239.0,Abdoulaye Touré,4-2-3-1,4-2-3-1,Clément Turpin,/en/matches/7055dbbe/Le-Havre-Saint-Etienne-March-9-2025-Ligue-1,nan
FRA-Ligue 1,2425,Le Havre,2025-03-16 Lyon-Le Havre,2025-03-16,15:00:00,Matchweek 26,Sun,Away,L,2,4,Lyon,1.7,3.9,33,39991.0,Abdoulaye Touré,4-2-3-1,4-2-3-1,Bastien Dechepy,/en/matches/4876084b/Lyon-Le-Havre-March-16-2025-Ligue-1,nan
FRA-Ligue 1,2425,Le Havre,2025-03-30 Le Havre-Nantes,2025-03-30,17:15:00,Matchweek 27,Sun,Home,W,3,2,Nantes,4.0,0.8,52,20436.0,Arouna Sangante,4-2-3-1,4-3-3,Eric Wattellier,/en/matches/a48ef3f0/Le-Havre-Nantes-March-30-2025-Ligue-1,nan
FRA-Ligue 1,2425,Le Havre,2025-04-06 Montpellier-Le Havre,2025-04-06,17:15:00,Matchweek 28,Sun,Away,W,2,0,Montpellier,1.4,1.0,45,10146.0,Arouna Sangante,4-2-3-1,4-2-3-1,Benoît Bastien,/en/matches/0f9ee6ec/Montpellier-Le-Havre-April-6-2025-Ligue-1,nan
FRA-Ligue 1,2425,Le Havre,2025-04-13 Le Havre-Rennes,2025-04-13,17:15:00,Matchweek 29,Sun,Home,L,1,5,Rennes,0.6,2.7,56,21582.0,Arouna Sangante,4-2-3-1,3-5-2,Willy Delajod,/en/matches/9c967c61/Le-Havre-Rennes-April-13-2025-Ligue-1,nan
FRA-Ligue 1,2425,Le Havre,2025-04-19 Paris S-G-Le Havre,2025-04-19,17:00:00,Matchweek 30,Sat,Away,L,1,2,Paris S-G,0.5,3.0,30,47113.0,Abdoulaye Touré,4-3-3,3-4-3,Mathieu Vernice,/en/matches/8e397189/Paris-Saint-Germain-Le-Havre-April-19-2025-Ligue-1,nan
FRA-Ligue 1,2425,Le Havre,2025-04-26 Le Havre-Monaco,2025-04-26,19:00:00,Matchweek 31,Sat,Home,D,1,1,Monaco,0.5,2.9,39,21340.0,Abdoulaye Touré,4-2-3-1,4-4-2,Clément Turpin,/en/matches/6ec53da1/Le-Havre-Monaco-April-26-2025-Ligue-1,nan
FRA-Ligue 1,2425,Le Havre,2025-05-04 Auxerre-Le Havre,2025-05-04,17:15:00,Matchweek 32,Sun,Away,W,2,1,Auxerre,1.5,0.2,53,17194.0,Arouna Sangante,4-1-4-1,5-4-1,Jérémie Pignard,/en/matches/c08af981/Auxerre-Le-Havre-May-4-2025-Ligue-1,nan
FRA-Ligue 1,2425,Le Havre,2025-05-10 Le Havre-Marseille,2025-05-10,21:00:00,Matchweek 33,Sat,Home,L,1,3,Marseille,0.9,2.5,46,23831.0,Arouna Sangante,4-3-3,4-2-3-1,Willy Delajod,/en/matches/7064d72a/Le-Havre-Marseille-May-10-2025-Ligue-1,nan
FRA-Ligue 1,2425,Le Havre,2025-05-17 Strasbourg-Le Havre,2025-05-17,21:00:00,Matchweek 34,Sat,Away,W,3,2,Strasbourg,2.5,1.6,50,19280.0,Arouna Sangante,3-4-3,3-4-3,Jérôme Brisard,/en/matches/51aaa97c/Strasbourg-Le-Havre-May-17-2025-Ligue-1,nan
FRA-Ligue 1,2425,Lens,2024-08-18 Angers-Lens,2024-08-18,17:00:00,Matchweek 1,Sun,Away,W,1,0,Angers,1.2,0.4,58,14811.0,Brice Samba,3-4-1-2,5-3-2,Thomas Léonard,/en/matches/cabadc94/Angers-Lens-August-18-2024-Ligue-1,nan
FRA-Ligue 1,2425,Lens,2024-08-25 Lens-Brest,2024-08-25,15:00:00,Matchweek 2,Sun,Home,W,2,0,Brest,2.9,0.9,52,37435.0,Brice Samba,3-4-1-2,4-3-3,Jérémie Pignard,/en/matches/7fe11a31/Lens-Brest-August-25-2024-Ligue-1,nan
FRA-Ligue 1,2425,Lens,2024-09-01 Monaco-Lens,2024-09-01,15:00:00,Matchweek 3,Sun,Away,D,1,1,Monaco,2.2,1.0,38,9030.0,Brice Samba,3-4-1-2,4-2-3-1,Willy Delajod,/en/matches/a93b08ff/Monaco-Lens-September-1-2024-Ligue-1,nan
FRA-Ligue 1,2425,Lens,2024-09-15 Lens-Lyon,2024-09-15,20:45:00,Matchweek 4,Sun,Home,D,0,0,Lyon,1.0,0.6,54,38116.0,Brice Samba,3-4-1-2,3-5-2,Bastien Dechepy,/en/matches/6f7e5cde/Lens-Lyon-September-15-2024-Ligue-1,nan
FRA-Ligue 1,2425,Lens,2024-09-21 Rennes-Lens,2024-09-21,19:00:00,Matchweek 5,Sat,Away,D,1,1,Rennes,0.6,1.4,60,28500.0,Brice Samba,3-4-1-2,3-4-3,Jeremy Stinat,/en/matches/73dc5828/Rennes-Lens-September-21-2024-Ligue-1,nan
FRA-Ligue 1,2425,Lens,2024-09-28 Lens-Nice,2024-09-28,17:00:00,Matchweek 6,Sat,Home,D,0,0,Nice,1.9,1.1,56,37301.0,Brice Samba,4-2-3-1,3-4-3,François Letexier,/en/matches/340afccd/Lens-Nice-September-28-2024-Ligue-1,nan
FRA-Ligue 1,2425,Lens,2024-10-06 Strasbourg-Lens,2024-10-06,17:00:00,Matchweek 7,Sun,Away,D,2,2,Strasbourg,1.0,1.2,63,19968.0,Brice Samba,3-4-1-2,4-2-3-1,Stéphanie Frappart,/en/matches/219332d8/Strasbourg-Lens-October-6-2024-Ligue-1,nan
FRA-Ligue 1,2425,Lens,2024-10-19 Saint-Étienne-Lens,2024-10-19,19:00:00,Matchweek 8,Sat,Away,W,2,0,Saint-Étienne,1.2,0.8,63,36832.0,Brice Samba,3-4-3,4-3-3,Romain Lissorgue,/en/matches/0782c73c/Saint-Etienne-Lens-October-19-2024-Ligue-1,nan
FRA-Ligue 1,2425,Lens,2024-10-26 Lens-Lille,2024-10-26,21:00:00,Matchweek 9,Sat,Home,L,0,2,Lille,1.0,1.8,58,38223.0,Brice Samba,3-4-1-2,4-2-3-1,Benoît Bastien,/en/matches/ac39189f/Lens-Lille-October-26-2024-Ligue-1,nan
FRA-Ligue 1,2425,Lens,2024-11-02 Paris S-G-Lens,2024-11-02,17:00:00,Matchweek 10,Sat,Away,L,0,1,Paris S-G,0.7,2.9,32,47926.0,Brice Samba,3-4-3,4-3-3,Willy Delajod,/en/matches/51cd344b/Paris-Saint-Germain-Lens-November-2-2024-Ligue-1,nan
FRA-Ligue 1,2425,Lens,2024-11-09 Lens-Nantes,2024-11-09,19:00:00,Matchweek 11,Sat,Home,W,3,2,Nantes,2.9,1.4,67,38202.0,Brice Samba,3-4-3,3-4-3,Clément Turpin,/en/matches/172c33b7/Lens-Nantes-November-9-2024-Ligue-1,nan
FRA-Ligue 1,2425,Lens,2024-11-23 Lens-Marseille,2024-11-23,17:00:00,Matchweek 12,Sat,Home,L,1,3,Marseille,2.5,1.2,45,38823.0,Brice Samba,3-4-3,3-5-2,Eric Wattellier,/en/matches/01446885/Lens-Marseille-November-23-2024-Ligue-1,nan
FRA-Ligue 1,2425,Lens,2024-11-29 Reims-Lens,2024-11-29,20:45:00,Matchweek 13,Fri,Away,W,2,0,Reims,1.8,0.8,48,18555.0,Brice Samba,4-2-3-1,4-3-3,Abdelatif Kherradji,/en/matches/a4c0898c/Reims-Lens-November-29-2024-Ligue-1,nan
FRA-Ligue 1,2425,Lens,2024-12-08 Lens-Montpellier,2024-12-08,15:00:00,Matchweek 14,Sun,Home,W,2,0,Montpellier,1.3,1.0,55,37317.0,Brice Samba,4-2-3-1,3-4-1-2,Mathieu Vernice,/en/matches/bb9a5ad3/Lens-Montpellier-December-8-2024-Ligue-1,nan
FRA-Ligue 1,2425,Lens,2024-12-14 Auxerre-Lens,2024-12-14,19:00:00,Matchweek 15,Sat,Away,D,2,2,Auxerre,1.6,0.6,60,17052.0,Brice Samba,4-2-3-1,3-4-3,Jeremy Stinat,/en/matches/fb7a9227/Auxerre-Lens-December-14-2024-Ligue-1,nan
FRA-Ligue 1,2425,Lens,2025-01-05 Lens-Toulouse,2025-01-05,15:00:00,Matchweek 16,Sun,Home,L,0,1,Toulouse,1.4,2.0,66,37461.0,Florian Sotoca,4-2-3-1,3-4-3,Hakim Ben El Hadj Salem,/en/matches/1f09a51a/Lens-Toulouse-January-5-2025-Ligue-1,nan
FRA-Ligue 1,2425,Lens,2025-01-12 Le Havre-Lens,2025-01-12,15:00:00,Matchweek 17,Sun,Away,W,2,1,Le Havre,2.7,1.5,69,19617.0,Florian Sotoca,4-2-3-1,4-4-1-1,Clément Turpin,/en/matches/63d7285c/Le-Havre-Lens-January-12-2025-Ligue-1,nan
FRA-Ligue 1,2425,Lens,2025-01-18 Lens-Paris S-G,2025-01-18,17:00:00,Matchweek 18,Sat,Home,L,1,2,Paris S-G,0.7,1.2,34,38120.0,Florian Sotoca,5-3-2,3-4-3,Jérémie Pignard,/en/matches/f1e63652/Lens-Paris-Saint-Germain-January-18-2025-Ligue-1,nan
FRA-Ligue 1,2425,Lens,2025-01-26 Lens-Angers,2025-01-26,17:15:00,Matchweek 19,Sun,Home,W,1,0,Angers,1.9,0.2,64,37321.0,Florian Sotoca,5-3-2,4-2-3-1,Abdelatif Kherradji,/en/matches/5026986a/Lens-Angers-January-26-2025-Ligue-1,nan
FRA-Ligue 1,2425,Lens,2025-01-31 Montpellier-Lens,2025-01-31,20:45:00,Matchweek 20,Fri,Away,W,2,0,Montpellier,2.0,0.8,51,15330.0,Jonathan Gradit,5-3-2,4-3-1-2,Bastien Dechepy,/en/matches/3652d822/Montpellier-Lens-January-31-2025-Ligue-1,nan
FRA-Ligue 1,2425,Lens,2025-02-08 Nice-Lens,2025-02-08,17:00:00,Matchweek 21,Sat,Away,L,0,2,Nice,1.2,2.2,40,22586.0,Florian Sotoca,5-3-2,3-4-3,Romain Lissorgue,/en/matches/544b155b/Nice-Lens-February-8-2025-Ligue-1,nan
FRA-Ligue 1,2425,Lens,2025-02-16 Lens-Strasbourg,2025-02-16,17:15:00,Matchweek 22,Sun,Home,L,0,2,Strasbourg,0.4,2.4,56,38113.0,Florian Sotoca,4-2-3-1,3-4-3,Benoît Millot,/en/matches/bdcbbf69/Lens-Strasbourg-February-16-2025-Ligue-1,nan
FRA-Ligue 1,2425,Lens,2025-02-23 Nantes-Lens,2025-02-23,15:00:00,Matchweek 23,Sun,Away,L,1,3,Nantes,1.6,3.9,65,29000.0,Jonathan Gradit,4-2-3-1,4-3-3,Jérôme Brisard,/en/matches/24e266d4/Nantes-Lens-February-23-2025-Ligue-1,nan
FRA-Ligue 1,2425,Lens,2025-03-01 Lens-Le Havre,2025-03-01,19:00:00,Matchweek 24,Sat,Home,L,3,4,Le Havre,1.9,1.5,69,38167.0,Florian Sotoca,5-3-2,4-4-2,Jérémie Pignard,/en/matches/f0429a72/Lens-Le-Havre-March-1-2025-Ligue-1,nan
FRA-Ligue 1,2425,Lens,2025-03-08 Marseille-Lens,2025-03-08,21:05:00,Matchweek 25,Sat,Away,W,1,0,Marseille,0.9,1.0,25,64952.0,Florian Sotoca,5-4-1,3-4-3,Thomas Léonard,/en/matches/e5496a7e/Marseille-Lens-March-8-2025-Ligue-1,nan
FRA-Ligue 1,2425,Lens,2025-03-15 Lens-Rennes,2025-03-15,21:05:00,Matchweek 26,Sat,Home,W,1,0,Rennes,0.7,0.6,46,38182.0,Florian Sotoca,3-4-3,3-5-2,Stéphanie Frappart,/en/matches/e042d34f/Lens-Rennes-March-15-2025-Ligue-1,nan
FRA-Ligue 1,2425,Lens,2025-03-30 Lille-Lens,2025-03-30,20:45:00,Matchweek 27,Sun,Away,L,0,1,Lille,0.4,1.9,55,48197.0,Florian Sotoca,3-4-3,4-3-3,Mathieu Vernice,/en/matches/64b7845b/Lille-Lens-March-30-2025-Ligue-1,nan
FRA-Ligue 1,2425,Lens,2025-04-06 Lens-Saint-Étienne,2025-04-06,15:00:00,Matchweek 28,Sun,Home,W,1,0,Saint-Étienne,2.1,1.4,60,38223.0,Florian Sotoca,3-4-1-2,4-3-3,Romain Lissorgue,/en/matches/859cd779/Lens-Saint-Etienne-April-6-2025-Ligue-1,nan
FRA-Ligue 1,2425,Lens,2025-04-11 Lens-Reims,2025-04-11,20:45:00,Matchweek 29,Fri,Home,L,0,2,Reims,2.9,1.4,70,38157.0,Florian Sotoca,3-4-3,5-4-1,François Letexier,/en/matches/1fafebba/Lens-Reims-April-11-2025-Ligue-1,nan
FRA-Ligue 1,2425,Lens,2025-04-20 Brest-Lens,2025-04-20,17:15:00,Matchweek 30,Sun,Away,W,3,1,Brest,2.2,1.0,56,15049.0,Florian Sotoca,3-4-3,4-3-3,Benoît Millot,/en/matches/1e5241b4/Brest-Lens-April-20-2025-Ligue-1,nan
FRA-Ligue 1,2425,Lens,2025-04-27 Lens-Auxerre,2025-04-27,17:15:00,Matchweek 31,Sun,Home,L,0,4,Auxerre,1.4,2.6,65,38193.0,Jonathan Gradit,3-4-3,5-4-1,Mathieu Vernice,/en/matches/0745c59f/Lens-Auxerre-April-27-2025-Ligue-1,nan
FRA-Ligue 1,2425,Lens,2025-05-04 Lyon-Lens,2025-05-04,17:15:00,Matchweek 32,Sun,Away,W,2,1,Lyon,0.7,1.0,32,52020.0,Jonathan Gradit,5-4-1,4-2-3-1,Jeremy Stinat,/en/matches/60c53e19/Lyon-Lens-May-4-2025-Ligue-1,nan
FRA-Ligue 1,2425,Lens,2025-05-10 Toulouse-Lens,2025-05-10,21:00:00,Matchweek 33,Sat,Away,D,1,1,Toulouse,0.7,1.1,60,27890.0,Jonathan Gradit,5-4-1,3-4-3,Bastien Dechepy,/en/matches/4ef097b0/Toulouse-Lens-May-10-2025-Ligue-1,nan
FRA-Ligue 1,2425,Lens,2025-05-17 Lens-Monaco,2025-05-17,21:00:00,Matchweek 34,Sat,Home,W,4,0,Monaco,1.7,0.5,46,38160.0,Jonathan Gradit,3-1-4-2,4-2-3-1,François Letexier,/en/matches/d2408c01/Lens-Monaco-May-17-2025-Ligue-1,nan
FRA-Ligue 1,2425,Lille,2024-08-17 Reims-Lille,2024-08-17,19:00:00,Matchweek 1,Sat,Away,W,2,0,Reims,2.1,0.1,68,14755.0,Bafodé Diakité,5-4-1,4-3-3,Eric Wattellier,/en/matches/06aa495e/Reims-Lille-August-17-2024-Ligue-1,nan
FRA-Ligue 1,2425,Lille,2024-08-24 Lille-Angers,2024-08-24,19:00:00,Matchweek 2,Sat,Home,W,2,0,Angers,0.9,0.6,64,36906.0,Benjamin André,3-4-3,5-3-2,Abdelatif Kherradji,/en/matches/70fdbb5a/Lille-Angers-August-24-2024-Ligue-1,nan
FRA-Ligue 1,2425,Lille,2024-09-01 Lille-Paris S-G,2024-09-01,20:45:00,Matchweek 3,Sun,Home,L,1,3,Paris S-G,1.4,2.6,42,45434.0,Benjamin André,3-4-3,4-3-3,Benoît Bastien,/en/matches/49234140/Lille-Paris-Saint-Germain-September-1-2024-Ligue-1,nan
FRA-Ligue 1,2425,Lille,2024-09-13 Saint-Étienne-Lille,2024-09-13,20:45:00,Matchweek 4,Fri,Away,L,0,1,Saint-Étienne,1.2,1.2,70,23000.0,Benjamin André,5-4-1,4-1-4-1,François Letexier,/en/matches/47e23fb5/Saint-Etienne-Lille-September-13-2024-Ligue-1,nan
FRA-Ligue 1,2425,Lille,2024-09-21 Lille-Strasbourg,2024-09-21,17:00:00,Matchweek 5,Sat,Home,D,3,3,Strasbourg,2.6,3.2,63,39516.0,Benjamin André,4-2-3-1,4-1-4-1,Jérôme Brisard,/en/matches/2bff6ebd/Lille-Strasbourg-September-21-2024-Ligue-1,nan
FRA-Ligue 1,2425,Lille,2024-09-28 Le Havre-Lille,2024-09-28,19:00:00,Matchweek 6,Sat,Away,W,3,0,Le Havre,3.1,0.4,62,21369.0,Benjamin André,4-2-3-1,5-4-1,Bastien Dechepy,/en/matches/e08ccde6/Le-Havre-Lille-September-28-2024-Ligue-1,nan
FRA-Ligue 1,2425,Lille,2024-10-05 Lille-Toulouse,2024-10-05,19:00:00,Matchweek 7,Sat,Home,W,2,1,Toulouse,1.6,1.1,57,36947.0,Benjamin André,4-2-3-1,3-4-3,Clément Turpin,/en/matches/8d700c3d/Lille-Toulouse-October-5-2024-Ligue-1,nan
FRA-Ligue 1,2425,Lille,2024-10-18 Monaco-Lille,2024-10-18,20:45:00,Matchweek 8,Fri,Away,D,0,0,Monaco,0.2,1.2,48,7263.0,Jonathan David,4-2-3-1,4-2-3-1,Eric Wattellier,/en/matches/18476c11/Monaco-Lille-October-18-2024-Ligue-1,nan
FRA-Ligue 1,2425,Lille,2024-10-26 Lens-Lille,2024-10-26,21:00:00,Matchweek 9,Sat,Away,W,2,0,Lens,1.8,1.0,42,38223.0,Benjamin André,4-2-3-1,3-4-1-2,Benoît Bastien,/en/matches/ac39189f/Lens-Lille-October-26-2024-Ligue-1,nan
FRA-Ligue 1,2425,Lille,2024-11-01 Lille-Lyon,2024-11-01,21:00:00,Matchweek 10,Fri,Home,D,1,1,Lyon,1.7,1.2,47,45084.0,Benjamin André,4-2-3-1,4-3-3,Jérôme Brisard,/en/matches/d592199c/Lille-Lyon-November-1-2024-Ligue-1,nan
FRA-Ligue 1,2425,Lille,2024-11-10 Nice-Lille,2024-11-10,15:00:00,Matchweek 11,Sun,Away,D,2,2,Nice,1.7,2.1,57,25063.0,Benjamin André,4-3-3,3-4-3,Jeremy Stinat,/en/matches/e213d881/Nice-Lille-November-10-2024-Ligue-1,nan
FRA-Ligue 1,2425,Lille,2024-11-24 Lille-Rennes,2024-11-24,15:00:00,Matchweek 12,Sun,Home,W,1,0,Rennes,0.4,0.2,52,46019.0,Benjamin André,4-2-3-1,3-4-3,Mathieu Vernice,/en/matches/240126d9/Lille-Rennes-November-24-2024-Ligue-1,nan
FRA-Ligue 1,2425,Lille,2024-12-01 Montpellier-Lille,2024-12-01,15:00:00,Matchweek 13,Sun,Away,D,2,2,Montpellier,2.2,1.4,58,14000.0,Benjamin André,4-2-3-1,4-2-3-1,Benoît Millot,/en/matches/76b0b7f1/Montpellier-Lille-December-1-2024-Ligue-1,nan
FRA-Ligue 1,2425,Lille,2024-12-06 Lille-Brest,2024-12-06,19:00:00,Matchweek 14,Fri,Home,W,3,1,Brest,2.5,0.7,61,38128.0,Benjamin André,4-2-3-1,4-2-3-1,Benoît Bastien,/en/matches/5b3adec0/Lille-Brest-December-6-2024-Ligue-1,nan
FRA-Ligue 1,2425,Lille,2024-12-14 Marseille-Lille,2024-12-14,17:00:00,Matchweek 15,Sat,Away,D,1,1,Marseille,1.4,1.2,44,64380.0,Benjamin André,4-2-3-1,3-4-3,Willy Delajod,/en/matches/5cab6dd9/Marseille-Lille-December-14-2024-Ligue-1,nan
FRA-Ligue 1,2425,Lille,2025-01-04 Lille-Nantes,2025-01-04,19:00:00,Matchweek 16,Sat,Home,D,1,1,Nantes,1.2,1.3,71,41635.0,Benjamin André,4-2-3-1,4-1-4-1,Jérémie Pignard,/en/matches/185f0c34/Lille-Nantes-January-4-2025-Ligue-1,nan
FRA-Ligue 1,2425,Lille,2025-01-10 Auxerre-Lille,2025-01-10,21:05:00,Matchweek 17,Fri,Away,D,0,0,Auxerre,1.5,0.8,70,15599.0,Benjamin André,4-2-3-1,5-4-1,Gaël Angoula,/en/matches/0c8ab7d6/Auxerre-Lille-January-10-2025-Ligue-1,nan
FRA-Ligue 1,2425,Lille,2025-01-17 Lille-Nice,2025-01-17,21:05:00,Matchweek 18,Fri,Home,W,2,1,Nice,1.1,2.8,55,38325.0,Benjamin André,4-2-3-1,4-2-3-1,François Letexier,/en/matches/41d92573/Lille-Nice-January-17-2025-Ligue-1,nan
FRA-Ligue 1,2425,Lille,2025-01-25 Strasbourg-Lille,2025-01-25,19:00:00,Matchweek 19,Sat,Away,L,1,2,Strasbourg,1.8,1.1,58,19428.0,Benjamin André,3-4-3,4-2-3-1,Willy Delajod,/en/matches/f5d25d48/Strasbourg-Lille-January-25-2025-Ligue-1,nan
FRA-Ligue 1,2425,Lille,2025-02-01 Lille-Saint-Étienne,2025-02-01,21:05:00,Matchweek 20,Sat,Home,W,4,1,Saint-Étienne,3.4,2.0,67,38924.0,Jonathan David,4-2-3-1,4-3-3,Eric Wattellier,/en/matches/41e764ae/Lille-Saint-Etienne-February-1-2025-Ligue-1,nan
FRA-Ligue 1,2425,Lille,2025-02-08 Lille-Le Havre,2025-02-08,19:00:00,Matchweek 21,Sat,Home,L,1,2,Le Havre,1.6,1.8,66,39515.0,Benjamin André,4-2-3-1,4-1-4-1,Thomas Léonard,/en/matches/8c539e02/Lille-Le-Havre-February-8-2025-Ligue-1,nan
FRA-Ligue 1,2425,Lille,2025-02-16 Rennes-Lille,2025-02-16,20:45:00,Matchweek 22,Sun,Away,W,2,0,Rennes,3.0,0.4,63,27627.0,Benjamin André,4-2-3-1,3-4-3,Romain Lissorgue,/en/matches/f2bcec96/Rennes-Lille-February-16-2025-Ligue-1,nan
FRA-Ligue 1,2425,Lille,2025-02-22 Lille-Monaco,2025-02-22,17:00:00,Matchweek 23,Sat,Home,W,2,1,Monaco,1.1,2.3,43,44177.0,Benjamin André,4-4-2,4-2-3-1,Benoît Bastien,/en/matches/a62e412a/Lille-Monaco-February-22-2025-Ligue-1,nan
FRA-Ligue 1,2425,Lille,2025-03-01 Paris S-G-Lille,2025-03-01,21:05:00,Matchweek 24,Sat,Away,L,1,4,Paris S-G,1.1,3.4,42,47838.0,Benjamin André,4-2-3-1,4-3-3,François Letexier,/en/matches/3432f5cc/Paris-Saint-Germain-Lille-March-1-2025-Ligue-1,nan
FRA-Ligue 1,2425,Lille,2025-03-08 Lille-Montpellier,2025-03-08,19:00:00,Matchweek 25,Sat,Home,W,1,0,Montpellier,1.5,0.3,76,42467.0,Benjamin André,4-3-3,5-4-1,Jérémie Pignard,/en/matches/3de20b0f/Lille-Montpellier-March-8-2025-Ligue-1,nan
FRA-Ligue 1,2425,Lille,2025-03-15 Nantes-Lille,2025-03-15,17:00:00,Matchweek 26,Sat,Away,L,0,1,Nantes,1.6,1.2,68,28621.0,Benjamin André,4-2-3-1,4-3-3,Benoît Millot,/en/matches/e91d94ec/Nantes-Lille-March-15-2025-Ligue-1,nan
FRA-Ligue 1,2425,Lille,2025-03-30 Lille-Lens,2025-03-30,20:45:00,Matchweek 27,Sun,Home,W,1,0,Lens,1.9,0.4,45,48197.0,Benjamin André,4-3-3,3-4-3,Mathieu Vernice,/en/matches/64b7845b/Lille-Lens-March-30-2025-Ligue-1,nan
FRA-Ligue 1,2425,Lille,2025-04-05 Lyon-Lille,2025-04-05,21:05:00,Matchweek 28,Sat,Away,L,1,2,Lyon,0.9,1.8,44,53771.0,Benjamin André,4-2-3-1,4-2-3-1,Eric Wattellier,/en/matches/4fbb8dea/Lyon-Lille-April-5-2025-Ligue-1,nan
FRA-Ligue 1,2425,Lille,2025-04-12 Toulouse-Lille,2025-04-12,19:00:00,Matchweek 29,Sat,Away,W,2,1,Toulouse,0.5,0.9,57,26036.0,Benjamin André,4-2-3-1,3-4-3,Jérôme Brisard,/en/matches/0a9272f4/Toulouse-Lille-April-12-2025-Ligue-1,nan
FRA-Ligue 1,2425,Lille,2025-04-20 Lille-Auxerre,2025-04-20,15:00:00,Matchweek 30,Sun,Home,W,3,1,Auxerre,2.0,0.3,56,45929.0,Benjamin André,4-4-2,5-4-1,Thomas Léonard,/en/matches/dfc19892/Lille-Auxerre-April-20-2025-Ligue-1,nan
FRA-Ligue 1,2425,Lille,2025-04-27 Angers-Lille,2025-04-27,15:00:00,Matchweek 31,Sun,Away,W,2,0,Angers,1.4,0.7,63,12865.0,Benjamin André,4-4-2,4-2-3-1,Hakim Ben El Hadj Salem,/en/matches/af631621/Angers-Lille-April-27-2025-Ligue-1,nan
FRA-Ligue 1,2425,Lille,2025-05-04 Lille-Marseille,2025-05-04,20:45:00,Matchweek 32,Sun,Home,D,1,1,Marseille,0.5,1.3,41,48284.0,Benjamin André,4-4-2,4-2-3-1,Eric Wattellier,/en/matches/491d68bb/Lille-Marseille-May-4-2025-Ligue-1,nan
FRA-Ligue 1,2425,Lille,2025-05-10 Brest-Lille,2025-05-10,21:00:00,Matchweek 33,Sat,Away,L,0,2,Brest,1.9,1.2,61,14556.0,Jonathan David,4-4-2,4-3-3,Thomas Léonard,/en/matches/21a8a9a9/Brest-Lille-May-10-2025-Ligue-1,nan
FRA-Ligue 1,2425,Lille,2025-05-17 Lille-Reims,2025-05-17,21:00:00,Matchweek 34,Sat,Home,W,2,1,Reims,2.0,0.1,78,45599.0,Benjamin André,4-2-3-1,5-4-1,Willy Delajod,/en/matches/788e598c/Lille-Reims-May-17-2025-Ligue-1,nan
FRA-Ligue 1,2425,Lyon,2024-08-18 Rennes-Lyon,2024-08-18,20:45:00,Matchweek 1,Sun,Away,L,0,3,Rennes,2.1,2.0,53,26026.0,Maxence Caqueret,4-3-3,4-1-2-1-2,Benoît Millot,/en/matches/bc46a367/Rennes-Lyon-August-18-2024-Ligue-1,nan
FRA-Ligue 1,2425,Lyon,2024-08-24 Lyon-Monaco,2024-08-24,17:00:00,Matchweek 2,Sat,Home,L,0,2,Monaco,0.0,2.2,40,54392.0,Alexandre Lacazette,4-2-3-1,4-2-3-1,Stéphanie Frappart,/en/matches/1041ac42/Lyon-Monaco-August-24-2024-Ligue-1,nan
FRA-Ligue 1,2425,Lyon,2024-08-30 Lyon-Strasbourg,2024-08-30,20:45:00,Matchweek 3,Fri,Home,W,4,3,Strasbourg,2.9,2.7,48,43805.0,Alexandre Lacazette,3-5-2,3-2-4-1,Thomas Léonard,/en/matches/2c5ec7aa/Lyon-Strasbourg-August-30-2024-Ligue-1,nan
FRA-Ligue 1,2425,Lyon,2024-09-15 Lens-Lyon,2024-09-15,20:45:00,Matchweek 4,Sun,Away,D,0,0,Lens,0.6,1.0,46,38116.0,Alexandre Lacazette,3-5-2,3-4-1-2,Bastien Dechepy,/en/matches/6f7e5cde/Lens-Lyon-September-15-2024-Ligue-1,nan
FRA-Ligue 1,2425,Lyon,2024-09-22 Lyon-Marseille,2024-09-22,20:45:00,Matchweek 5,Sun,Home,L,2,3,Marseille,3.0,0.8,63,53928.0,Alexandre Lacazette,3-5-2,4-2-3-1,Benoît Bastien,/en/matches/35b20e2f/Choc-des-Olympiques-Lyon-Marseille-September-22-2024-Ligue-1,nan
FRA-Ligue 1,2425,Lyon,2024-09-29 Toulouse-Lyon,2024-09-29,15:00:00,Matchweek 6,Sun,Away,W,2,1,Toulouse,0.4,0.9,54,30026.0,Maxence Caqueret,4-3-3,3-4-3,Gaël Angoula,/en/matches/a7954dea/Toulouse-Lyon-September-29-2024-Ligue-1,nan
FRA-Ligue 1,2425,Lyon,2024-10-06 Lyon-Nantes,2024-10-06,15:00:00,Matchweek 7,Sun,Home,W,2,0,Nantes,3.2,0.9,61,51888.0,Alexandre Lacazette,4-2-3-1,4-2-3-1,Marc Bollengier,/en/matches/1cefcdb4/Lyon-Nantes-October-6-2024-Ligue-1,nan
FRA-Ligue 1,2425,Lyon,2024-10-20 Le Havre-Lyon,2024-10-20,15:00:00,Matchweek 8,Sun,Away,W,4,0,Le Havre,2.7,0.4,61,22490.0,Alexandre Lacazette,4-3-3,3-1-4-2,Abdelatif Kherradji,/en/matches/b12f8ecd/Le-Havre-Lyon-October-20-2024-Ligue-1,nan
FRA-Ligue 1,2425,Lyon,2024-10-27 Lyon-Auxerre,2024-10-27,15:00:00,Matchweek 9,Sun,Home,D,2,2,Auxerre,2.0,1.5,62,54868.0,Nemanja Matić,4-3-3,3-4-3,Jeremy Stinat,/en/matches/bd02e3b4/Lyon-Auxerre-October-27-2024-Ligue-1,nan
FRA-Ligue 1,2425,Lyon,2024-11-01 Lille-Lyon,2024-11-01,21:00:00,Matchweek 10,Fri,Away,D,1,1,Lille,1.2,1.7,53,45084.0,Alexandre Lacazette,4-3-3,4-2-3-1,Jérôme Brisard,/en/matches/d592199c/Lille-Lyon-November-1-2024-Ligue-1,nan
FRA-Ligue 1,2425,Lyon,2024-11-10 Lyon-Saint-Étienne,2024-11-10,20:45:00,Matchweek 11,Sun,Home,W,1,0,Saint-Étienne,1.1,0.6,62,58082.0,Alexandre Lacazette,4-3-3,4-1-4-1,Willy Delajod,/en/matches/e552596a/Lyon-Saint-Etienne-November-10-2024-Ligue-1,nan
FRA-Ligue 1,2425,Lyon,2024-11-23 Reims-Lyon,2024-11-23,21:00:00,Matchweek 12,Sat,Away,D,1,1,Reims,1.7,1.0,59,18500.0,Alexandre Lacazette,4-2-3-1,4-2-3-1,Stéphanie Frappart,/en/matches/4da20576/Reims-Lyon-November-23-2024-Ligue-1,nan
FRA-Ligue 1,2425,Lyon,2024-12-01 Lyon-Nice,2024-12-01,17:00:00,Matchweek 13,Sun,Home,W,4,1,Nice,2.7,2.1,53,59977.0,Alexandre Lacazette,4-3-3,4-3-3,Bastien Dechepy,/en/matches/44194749/Lyon-Nice-December-1-2024-Ligue-1,nan
FRA-Ligue 1,2425,Lyon,2024-12-07 Angers-Lyon,2024-12-07,21:00:00,Matchweek 14,Sat,Away,W,3,0,Angers,2.0,0.6,63,16301.0,Alexandre Lacazette,4-3-3,4-2-3-1,Marc Bollengier,/en/matches/8f5cb172/Angers-Lyon-December-7-2024-Ligue-1,nan
FRA-Ligue 1,2425,Lyon,2024-12-15 Paris S-G-Lyon,2024-12-15,20:45:00,Matchweek 15,Sun,Away,L,1,3,Paris S-G,1.5,2.9,32,47000.0,Corentin Tolisso,4-1-4-1,4-3-3,Benoît Bastien,/en/matches/90a6f4dd/Paris-Saint-Germain-Lyon-December-15-2024-Ligue-1,nan
FRA-Ligue 1,2425,Lyon,2025-01-04 Lyon-Montpellier,2025-01-04,21:00:00,Matchweek 16,Sat,Home,W,1,0,Montpellier,1.4,1.2,57,48162.0,Alexandre Lacazette,4-3-3,3-4-3,Jeremy Stinat,/en/matches/6c34a34e/Lyon-Montpellier-January-4-2025-Ligue-1,nan
FRA-Ligue 1,2425,Lyon,2025-01-11 Brest-Lyon,2025-01-11,17:00:00,Matchweek 17,Sat,Away,L,1,2,Brest,1.4,1.1,67,14735.0,Alexandre Lacazette,4-1-4-1,4-3-1-2,Eric Wattellier,/en/matches/561e5c4a/Brest-Lyon-January-11-2025-Ligue-1,nan
FRA-Ligue 1,2425,Lyon,2025-01-18 Lyon-Toulouse,2025-01-18,21:05:00,Matchweek 18,Sat,Home,D,0,0,Toulouse,0.7,1.1,62,42750.0,Corentin Tolisso,4-3-3,3-4-3,Benoît Millot,/en/matches/58a863f5/Lyon-Toulouse-January-18-2025-Ligue-1,nan
FRA-Ligue 1,2425,Lyon,2025-01-26 Nantes-Lyon,2025-01-26,17:15:00,Matchweek 19,Sun,Away,D,1,1,Nantes,1.1,1.2,62,32690.0,Alexandre Lacazette,4-3-3,4-2-3-1,Benoît Bastien,/en/matches/b90ceb47/Nantes-Lyon-January-26-2025-Ligue-1,nan
FRA-Ligue 1,2425,Lyon,2025-02-02 Marseille-Lyon,2025-02-02,20:45:00,Matchweek 20,Sun,Away,L,2,3,Marseille,1.7,3.2,37,66096.0,Alexandre Lacazette,4-2-3-1,3-4-3,Jérôme Brisard,/en/matches/368d6066/Choc-des-Olympiques-Marseille-Lyon-February-2-2025-Ligue-1,nan
FRA-Ligue 1,2425,Lyon,2025-02-09 Lyon-Reims,2025-02-09,15:00:00,Matchweek 21,Sun,Home,W,4,0,Reims,3.3,0.4,67,43489.0,Corentin Tolisso,4-2-3-1,4-3-3,François Letexier,/en/matches/48caa08f/Lyon-Reims-February-9-2025-Ligue-1,nan
FRA-Ligue 1,2425,Lyon,2025-02-16 Montpellier-Lyon,2025-02-16,15:00:00,Matchweek 22,Sun,Away,W,4,1,Montpellier,1.0,1.4,62,16573.0,Corentin Tolisso,4-2-3-1,4-3-1-2,Marc Bollengier,/en/matches/1a0c79f0/Montpellier-Lyon-February-16-2025-Ligue-1,nan
FRA-Ligue 1,2425,Lyon,2025-02-23 Lyon-Paris S-G,2025-02-23,20:45:00,Matchweek 23,Sun,Home,L,2,3,Paris S-G,1.8,2.3,35,57777.0,Corentin Tolisso,4-3-3,4-3-3,Eric Wattellier,/en/matches/3906711b/Lyon-Paris-Saint-Germain-February-23-2025-Ligue-1,nan
FRA-Ligue 1,2425,Lyon,2025-03-02 Lyon-Brest,2025-03-02,15:00:00,Matchweek 24,Sun,Home,W,2,1,Brest,1.3,2.0,66,47804.0,Alexandre Lacazette,4-2-3-1,4-4-1-1,Benoît Millot,/en/matches/9e7b9e2a/Lyon-Brest-March-2-2025-Ligue-1,nan
FRA-Ligue 1,2425,Lyon,2025-03-09 Nice-Lyon,2025-03-09,20:45:00,Matchweek 25,Sun,Away,W,2,0,Nice,1.1,1.4,63,23840.0,Alexandre Lacazette,4-2-3-1,3-4-3,Benoît Bastien,/en/matches/29e9616d/Nice-Lyon-March-9-2025-Ligue-1,nan
FRA-Ligue 1,2425,Lyon,2025-03-16 Lyon-Le Havre,2025-03-16,15:00:00,Matchweek 26,Sun,Home,W,4,2,Le Havre,3.9,1.7,67,39991.0,Alexandre Lacazette,4-2-3-1,4-2-3-1,Bastien Dechepy,/en/matches/4876084b/Lyon-Le-Havre-March-16-2025-Ligue-1,nan
FRA-Ligue 1,2425,Lyon,2025-03-28 Strasbourg-Lyon,2025-03-28,20:45:00,Matchweek 27,Fri,Away,L,2,4,Strasbourg,2.0,1.1,60,19496.0,Corentin Tolisso,4-2-3-1,4-2-3-1,Romain Lissorgue,/en/matches/e4da6424/Strasbourg-Lyon-March-28-2025-Ligue-1,nan
FRA-Ligue 1,2425,Lyon,2025-04-05 Lyon-Lille,2025-04-05,21:05:00,Matchweek 28,Sat,Home,W,2,1,Lille,1.8,0.9,56,53771.0,Alexandre Lacazette,4-2-3-1,4-2-3-1,Eric Wattellier,/en/matches/4fbb8dea/Lyon-Lille-April-5-2025-Ligue-1,nan
FRA-Ligue 1,2425,Lyon,2025-04-13 Auxerre-Lyon,2025-04-13,20:45:00,Matchweek 29,Sun,Away,W,3,1,Auxerre,2.9,0.7,59,17511.0,Alexandre Lacazette,4-2-3-1,5-4-1,Stéphanie Frappart,/en/matches/bef8bbc1/Auxerre-Lyon-April-13-2025-Ligue-1,nan
FRA-Ligue 1,2425,Lyon,2025-04-20 Saint-Étienne-Lyon,2025-04-20,20:45:00,Matchweek 30,Sun,Away,L,1,2,Saint-Étienne,0.8,1.6,60,40372.0,Alexandre Lacazette,4-2-2-2,4-3-3,François Letexier,/en/matches/19228d4a/Saint-Etienne-Lyon-April-20-2025-Ligue-1,nan
FRA-Ligue 1,2425,Lyon,2025-04-26 Lyon-Rennes,2025-04-26,21:05:00,Matchweek 31,Sat,Home,W,4,1,Rennes,1.8,0.8,53,51034.0,Alexandre Lacazette,4-2-3-1,3-5-2,Marc Bollengier,/en/matches/5f2584e1/Lyon-Rennes-April-26-2025-Ligue-1,nan
FRA-Ligue 1,2425,Lyon,2025-05-04 Lyon-Lens,2025-05-04,17:15:00,Matchweek 32,Sun,Home,L,1,2,Lens,1.0,0.7,68,52020.0,Corentin Tolisso,4-2-3-1,5-4-1,Jeremy Stinat,/en/matches/60c53e19/Lyon-Lens-May-4-2025-Ligue-1,nan
FRA-Ligue 1,2425,Lyon,2025-05-10 Monaco-Lyon,2025-05-10,21:00:00,Matchweek 33,Sat,Away,L,0,2,Monaco,0.4,1.2,49,13578.0,Alexandre Lacazette,4-3-1-2,4-4-2,Benoît Bastien,/en/matches/279e9cba/Monaco-Lyon-May-10-2025-Ligue-1,nan
FRA-Ligue 1,2425,Lyon,2025-05-17 Lyon-Angers,2025-05-17,21:00:00,Matchweek 34,Sat,Home,W,2,0,Angers,3.9,0.5,57,56517.0,Alexandre Lacazette,4-2-3-1,4-5-1,Stéphanie Frappart,/en/matches/5042cc91/Lyon-Angers-May-17-2025-Ligue-1,nan
FRA-Ligue 1,2425,Marseille,2024-08-17 Brest-Marseille,2024-08-17,17:00:00,Matchweek 1,Sat,Away,W,5,1,Brest,2.4,1.3,50,14962.0,Leonardo Balerdi,4-2-3-1,4-3-3,Benoît Bastien,/en/matches/35c1995a/Brest-Marseille-August-17-2024-Ligue-1,nan
FRA-Ligue 1,2425,Marseille,2024-08-25 Marseille-Reims,2024-08-25,20:45:00,Matchweek 2,Sun,Home,D,2,2,Reims,3.0,0.9,66,63841.0,Leonardo Balerdi,4-2-3-1,4-3-3,Hakim Ben El Hadj Salem,/en/matches/3a93bc8b/Marseille-Reims-August-25-2024-Ligue-1,nan
FRA-Ligue 1,2425,Marseille,2024-08-31 Toulouse-Marseille,2024-08-31,21:00:00,Matchweek 3,Sat,Away,W,3,1,Toulouse,0.8,1.0,76,19178.0,Pierre Højbjerg,4-2-3-1,3-4-3,Stéphanie Frappart,/en/matches/ebbcbe63/Toulouse-Marseille-August-31-2024-Ligue-1,nan
FRA-Ligue 1,2425,Marseille,2024-09-14 Marseille-Nice,2024-09-14,17:00:00,Matchweek 4,Sat,Home,W,2,0,Nice,0.7,1.9,56,65803.0,Pierre Højbjerg,4-2-3-1,3-4-3,Benoît Millot,/en/matches/2034c29c/Marseille-Nice-September-14-2024-Ligue-1,nan
FRA-Ligue 1,2425,Marseille,2024-09-22 Lyon-Marseille,2024-09-22,20:45:00,Matchweek 5,Sun,Away,W,3,2,Lyon,0.8,3.0,37,53928.0,Leonardo Balerdi,4-2-3-1,3-5-2,Benoît Bastien,/en/matches/35b20e2f/Choc-des-Olympiques-Lyon-Marseille-September-22-2024-Ligue-1,nan
FRA-Ligue 1,2425,Marseille,2024-09-29 Strasbourg-Marseille,2024-09-29,20:45:00,Matchweek 6,Sun,Away,L,0,1,Strasbourg,0.5,1.3,59,19790.0,Pierre Højbjerg,4-2-3-1,4-2-3-1,Willy Delajod,/en/matches/ebcd9980/Strasbourg-Marseille-September-29-2024-Ligue-1,nan
FRA-Ligue 1,2425,Marseille,2024-10-04 Marseille-Angers,2024-10-04,20:45:00,Matchweek 7,Fri,Home,D,1,1,Angers,0.9,0.8,76,54568.0,Leonardo Balerdi,4-2-3-1,4-2-3-1,Romain Lissorgue,/en/matches/c2dcc859/Marseille-Angers-October-4-2024-Ligue-1,nan
FRA-Ligue 1,2425,Marseille,2024-10-20 Montpellier-Marseille,2024-10-20,20:45:00,Matchweek 8,Sun,Away,W,5,0,Montpellier,3.2,1.3,65,18000.0,Leonardo Balerdi,4-2-3-1,4-2-3-1,Clément Turpin,/en/matches/0f332030/Montpellier-Marseille-October-20-2024-Ligue-1,nan
FRA-Ligue 1,2425,Marseille,2024-10-27 Marseille-Paris S-G,2024-10-27,20:45:00,Matchweek 9,Sun,Home,L,0,3,Paris S-G,0.2,3.1,26,66115.0,Leonardo Balerdi,4-2-3-1,4-3-3,François Letexier,/en/matches/c29b0d3a/Marseille-Paris-Saint-Germain-October-27-2024-Ligue-1,nan
FRA-Ligue 1,2425,Marseille,2024-11-03 Nantes-Marseille,2024-11-03,20:45:00,Matchweek 10,Sun,Away,W,2,1,Nantes,1.2,1.4,73,33248.0,Leonardo Balerdi,4-2-3-1,4-2-3-1,Bastien Dechepy,/en/matches/53893177/Nantes-Marseille-November-3-2024-Ligue-1,nan
FRA-Ligue 1,2425,Marseille,2024-11-08 Marseille-Auxerre,2024-11-08,20:45:00,Matchweek 11,Fri,Home,L,1,3,Auxerre,2.5,1.9,74,64184.0,Leonardo Balerdi,4-2-3-1,3-4-3,Marc Bollengier,/en/matches/4ab63460/Marseille-Auxerre-November-8-2024-Ligue-1,nan
FRA-Ligue 1,2425,Marseille,2024-11-23 Lens-Marseille,2024-11-23,17:00:00,Matchweek 12,Sat,Away,W,3,1,Lens,1.2,2.5,55,38823.0,Leonardo Balerdi,3-5-2,3-4-3,Eric Wattellier,/en/matches/01446885/Lens-Marseille-November-23-2024-Ligue-1,nan
FRA-Ligue 1,2425,Marseille,2024-12-01 Marseille-Monaco,2024-12-01,20:45:00,Matchweek 13,Sun,Home,W,2,1,Monaco,1.9,1.0,63,64277.0,Leonardo Balerdi,3-4-3,4-2-3-1,Clément Turpin,/en/matches/e90d4817/Marseille-Monaco-December-1-2024-Ligue-1,nan
FRA-Ligue 1,2425,Marseille,2024-12-08 Saint-Étienne-Marseille,2024-12-08,20:45:00,Matchweek 14,Sun,Away,W,2,0,Saint-Étienne,2.5,0.1,68,35350.0,Leonardo Balerdi,3-4-3,5-4-1,Jérôme Brisard,/en/matches/e865637d/Saint-Etienne-Marseille-December-8-2024-Ligue-1,nan
FRA-Ligue 1,2425,Marseille,2024-12-14 Marseille-Lille,2024-12-14,17:00:00,Matchweek 15,Sat,Home,D,1,1,Lille,1.2,1.4,56,64380.0,Leonardo Balerdi,3-4-3,4-2-3-1,Willy Delajod,/en/matches/5cab6dd9/Marseille-Lille-December-14-2024-Ligue-1,nan
FRA-Ligue 1,2425,Marseille,2025-01-05 Marseille-Le Havre,2025-01-05,20:45:00,Matchweek 16,Sun,Home,W,5,1,Le Havre,3.2,0.4,70,64092.0,Leonardo Balerdi,3-4-3,3-5-2,Thomas Léonard,/en/matches/312fef53/Marseille-Le-Havre-January-5-2025-Ligue-1,nan
FRA-Ligue 1,2425,Marseille,2025-01-11 Rennes-Marseille,2025-01-11,21:05:00,Matchweek 17,Sat,Away,W,2,1,Rennes,1.7,1.2,64,26837.0,Leonardo Balerdi,3-4-3,3-4-3,Abdelatif Kherradji,/en/matches/e23cca77/Rennes-Marseille-January-11-2025-Ligue-1,nan
FRA-Ligue 1,2425,Marseille,2025-01-19 Marseille-Strasbourg,2025-01-19,20:45:00,Matchweek 18,Sun,Home,D,1,1,Strasbourg,2.8,0.9,69,61000.0,Leonardo Balerdi,3-4-3,4-1-4-1,Bastien Dechepy,/en/matches/fb5f33dc/Marseille-Strasbourg-January-19-2025-Ligue-1,nan
FRA-Ligue 1,2425,Marseille,2025-01-26 Nice-Marseille,2025-01-26,20:45:00,Matchweek 19,Sun,Away,L,0,2,Nice,0.8,1.2,71,31017.0,Leonardo Balerdi,3-4-3,3-4-3,Eric Wattellier,/en/matches/ce373826/Nice-Marseille-January-26-2025-Ligue-1,nan
FRA-Ligue 1,2425,Marseille,2025-02-02 Marseille-Lyon,2025-02-02,20:45:00,Matchweek 20,Sun,Home,W,3,2,Lyon,3.2,1.7,63,66096.0,Leonardo Balerdi,3-4-3,4-2-3-1,Jérôme Brisard,/en/matches/368d6066/Choc-des-Olympiques-Marseille-Lyon-February-2-2025-Ligue-1,nan
FRA-Ligue 1,2425,Marseille,2025-02-09 Angers-Marseille,2025-02-09,20:45:00,Matchweek 21,Sun,Away,W,2,0,Angers,2.4,0.5,78,17325.0,Leonardo Balerdi,3-4-1-2,4-2-3-1,Hakim Ben El Hadj Salem,/en/matches/64ab3386/Angers-Marseille-February-9-2025-Ligue-1,nan
FRA-Ligue 1,2425,Marseille,2025-02-15 Marseille-Saint-Étienne,2025-02-15,17:00:00,Matchweek 22,Sat,Home,W,5,1,Saint-Étienne,6.1,1.0,70,66199.0,Leonardo Balerdi,3-4-1-2,4-3-3,Abdelatif Kherradji,/en/matches/0a71ff58/Marseille-Saint-Etienne-February-15-2025-Ligue-1,nan
FRA-Ligue 1,2425,Marseille,2025-02-22 Auxerre-Marseille,2025-02-22,21:05:00,Matchweek 23,Sat,Away,L,0,3,Auxerre,0.7,2.0,79,17183.0,Pierre Højbjerg,3-4-3,5-4-1,Jeremy Stinat,/en/matches/f26394d7/Auxerre-Marseille-February-22-2025-Ligue-1,nan
FRA-Ligue 1,2425,Marseille,2025-03-02 Marseille-Nantes,2025-03-02,20:45:00,Matchweek 24,Sun,Home,W,2,0,Nantes,2.1,0.8,74,64074.0,Leonardo Balerdi,3-4-3,5-4-1,Stéphanie Frappart,/en/matches/ef2b73e7/Marseille-Nantes-March-2-2025-Ligue-1,nan
FRA-Ligue 1,2425,Marseille,2025-03-08 Marseille-Lens,2025-03-08,21:05:00,Matchweek 25,Sat,Home,L,0,1,Lens,1.0,0.9,75,64952.0,Leonardo Balerdi,3-4-3,5-4-1,Thomas Léonard,/en/matches/e5496a7e/Marseille-Lens-March-8-2025-Ligue-1,nan
FRA-Ligue 1,2425,Marseille,2025-03-16 Paris S-G-Marseille,2025-03-16,20:45:00,Matchweek 26,Sun,Away,L,1,3,Paris S-G,1.2,2.6,40,47000.0,Adrien Rabiot,3-4-3,4-3-3,Clément Turpin,/en/matches/ff08b7d1/Paris-Saint-Germain-Marseille-March-16-2025-Ligue-1,nan
FRA-Ligue 1,2425,Marseille,2025-03-29 Reims-Marseille,2025-03-29,17:00:00,Matchweek 27,Sat,Away,L,1,3,Reims,1.1,1.0,80,20213.0,Leonardo Balerdi,3-4-3,5-4-1,Willy Delajod,/en/matches/e3656ea1/Reims-Marseille-March-29-2025-Ligue-1,nan
FRA-Ligue 1,2425,Marseille,2025-04-06 Marseille-Toulouse,2025-04-06,20:45:00,Matchweek 28,Sun,Home,W,3,2,Toulouse,1.0,1.3,67,64320.0,Geoffrey Kondogbia,3-4-3,3-4-3,Jérémie Pignard,/en/matches/37a1d2be/Marseille-Toulouse-April-6-2025-Ligue-1,nan
FRA-Ligue 1,2425,Marseille,2025-04-12 Monaco-Marseille,2025-04-12,17:00:00,Matchweek 29,Sat,Away,L,0,3,Monaco,1.1,2.6,58,13232.0,Pierre Højbjerg,3-4-3,4-4-2,Benoît Bastien,/en/matches/b1f79298/Monaco-Marseille-April-12-2025-Ligue-1,nan
FRA-Ligue 1,2425,Marseille,2025-04-19 Marseille-Montpellier,2025-04-19,21:05:00,Matchweek 30,Sat,Home,W,5,1,Montpellier,3.7,0.3,68,66312.0,Pierre Højbjerg,3-4-3,5-4-1,Jérôme Brisard,/en/matches/5a01308b/Marseille-Montpellier-April-19-2025-Ligue-1,nan
FRA-Ligue 1,2425,Marseille,2025-04-27 Marseille-Brest,2025-04-27,20:45:00,Matchweek 31,Sun,Home,W,4,1,Brest,0.9,1.2,54,62130.0,Leonardo Balerdi,4-2-3-1,4-2-3-1,Stéphanie Frappart,/en/matches/d0c58dd5/Marseille-Brest-April-27-2025-Ligue-1,nan
FRA-Ligue 1,2425,Marseille,2025-05-04 Lille-Marseille,2025-05-04,20:45:00,Matchweek 32,Sun,Away,D,1,1,Lille,1.3,0.5,59,48284.0,Leonardo Balerdi,4-2-3-1,4-4-2,Eric Wattellier,/en/matches/491d68bb/Lille-Marseille-May-4-2025-Ligue-1,nan
FRA-Ligue 1,2425,Marseille,2025-05-10 Le Havre-Marseille,2025-05-10,21:00:00,Matchweek 33,Sat,Away,W,3,1,Le Havre,2.5,0.9,54,23831.0,Leonardo Balerdi,4-2-3-1,4-3-3,Willy Delajod,/en/matches/7064d72a/Le-Havre-Marseille-May-10-2025-Ligue-1,nan
FRA-Ligue 1,2425,Marseille,2025-05-17 Marseille-Rennes,2025-05-17,21:00:00,Matchweek 34,Sat,Home,W,4,2,Rennes,3.9,1.3,60,57274.0,Leonardo Balerdi,4-3-3,4-1-4-1,Jérémie Pignard,/en/matches/36fee283/Marseille-Rennes-May-17-2025-Ligue-1,nan
FRA-Ligue 1,2425,Monaco,2024-08-17 Monaco-Saint-Étienne,2024-08-17,21:00:00,Matchweek 1,Sat,Home,W,1,0,Saint-Étienne,2.0,0.4,61,14250.0,Denis Zakaria,4-4-2,4-1-4-1,Clément Turpin,/en/matches/f84bb85e/Monaco-Saint-Etienne-August-17-2024-Ligue-1,nan
FRA-Ligue 1,2425,Monaco,2024-08-24 Lyon-Monaco,2024-08-24,17:00:00,Matchweek 2,Sat,Away,W,2,0,Lyon,2.2,0.0,60,54392.0,Denis Zakaria,4-2-3-1,4-2-3-1,Stéphanie Frappart,/en/matches/1041ac42/Lyon-Monaco-August-24-2024-Ligue-1,nan
FRA-Ligue 1,2425,Monaco,2024-09-01 Monaco-Lens,2024-09-01,15:00:00,Matchweek 3,Sun,Home,D,1,1,Lens,1.0,2.2,62,9030.0,Denis Zakaria,4-2-3-1,3-4-1-2,Willy Delajod,/en/matches/a93b08ff/Monaco-Lens-September-1-2024-Ligue-1,nan
FRA-Ligue 1,2425,Monaco,2024-09-14 Auxerre-Monaco,2024-09-14,19:00:00,Matchweek 4,Sat,Away,W,3,0,Auxerre,3.4,0.6,59,17045.0,Denis Zakaria,4-2-3-1,3-4-3,Abdelatif Kherradji,/en/matches/b4fb60b5/Auxerre-Monaco-September-14-2024-Ligue-1,nan
FRA-Ligue 1,2425,Monaco,2024-09-22 Monaco-Le Havre,2024-09-22,15:00:00,Matchweek 5,Sun,Home,W,3,1,Le Havre,1.9,0.6,61,6000.0,Thilo Kehrer,4-4-2,3-5-1-1,Stéphanie Frappart,/en/matches/017d7a9d/Monaco-Le-Havre-September-22-2024-Ligue-1,nan
FRA-Ligue 1,2425,Monaco,2024-09-28 Monaco-Montpellier,2024-09-28,21:00:00,Matchweek 6,Sat,Home,W,2,1,Montpellier,3.2,0.9,65,13065.0,Denis Zakaria,4-2-2-2,4-2-3-1,Marc Bollengier,/en/matches/54ce742c/Monaco-Montpellier-September-28-2024-Ligue-1,nan
FRA-Ligue 1,2425,Monaco,2024-10-05 Rennes-Monaco,2024-10-05,21:00:00,Matchweek 7,Sat,Away,W,2,1,Rennes,0.6,0.7,42,26533.0,Denis Zakaria,3-4-3,3-4-3,Thomas Léonard,/en/matches/f7072ea6/Rennes-Monaco-October-5-2024-Ligue-1,nan
FRA-Ligue 1,2425,Monaco,2024-10-18 Monaco-Lille,2024-10-18,20:45:00,Matchweek 8,Fri,Home,D,0,0,Lille,1.2,0.2,52,7263.0,Denis Zakaria,4-2-3-1,4-2-3-1,Eric Wattellier,/en/matches/18476c11/Monaco-Lille-October-18-2024-Ligue-1,nan
FRA-Ligue 1,2425,Monaco,2024-10-27 Nice-Monaco,2024-10-27,17:00:00,Matchweek 9,Sun,Away,L,1,2,Nice,0.5,1.6,59,29795.0,Thilo Kehrer,4-2-3-1,3-4-3,Jérémie Pignard,/en/matches/4cbaa8c3/Nice-Monaco-October-27-2024-Ligue-1,nan
FRA-Ligue 1,2425,Monaco,2024-11-01 Monaco-Angers,2024-11-01,19:00:00,Matchweek 10,Fri,Home,L,0,1,Angers,1.4,0.5,63,10540.0,Thilo Kehrer,4-4-2,4-2-3-1,Abdelatif Kherradji,/en/matches/3e5f7440/Monaco-Angers-November-1-2024-Ligue-1,nan
FRA-Ligue 1,2425,Monaco,2024-11-09 Strasbourg-Monaco,2024-11-09,17:00:00,Matchweek 11,Sat,Away,W,3,1,Strasbourg,3.8,0.6,57,19451.0,Thilo Kehrer,4-2-3-1,3-4-3,Bastien Dechepy,/en/matches/cd41b272/Strasbourg-Monaco-November-9-2024-Ligue-1,nan
FRA-Ligue 1,2425,Monaco,2024-11-22 Monaco-Brest,2024-11-22,19:00:00,Matchweek 12,Fri,Home,W,3,2,Brest,2.6,1.0,51,5800.0,Denis Zakaria,4-2-3-1,4-3-3,Thomas Léonard,/en/matches/48a28747/Monaco-Brest-November-22-2024-Ligue-1,nan
FRA-Ligue 1,2425,Monaco,2024-12-01 Marseille-Monaco,2024-12-01,20:45:00,Matchweek 13,Sun,Away,L,1,2,Marseille,1.0,1.9,37,64277.0,Denis Zakaria,4-2-3-1,3-4-3,Clément Turpin,/en/matches/e90d4817/Marseille-Monaco-December-1-2024-Ligue-1,nan
FRA-Ligue 1,2425,Monaco,2024-12-07 Monaco-Toulouse,2024-12-07,17:00:00,Matchweek 14,Sat,Home,W,2,0,Toulouse,3.2,0.5,58,6868.0,Thilo Kehrer,4-2-3-1,3-4-3,Stéphanie Frappart,/en/matches/63873373/Monaco-Toulouse-December-7-2024-Ligue-1,nan
FRA-Ligue 1,2425,Monaco,2024-12-14 Reims-Monaco,2024-12-14,21:00:00,Matchweek 15,Sat,Away,D,0,0,Reims,1.3,1.5,64,15859.0,Thilo Kehrer,3-4-3,4-2-3-1,Romain Lissorgue,/en/matches/f422e8b0/Reims-Monaco-December-14-2024-Ligue-1,nan
FRA-Ligue 1,2425,Monaco,2024-12-18 Monaco-Paris S-G,2024-12-18,21:00:00,Matchweek 16,Wed,Home,L,2,4,Paris S-G,2.4,1.8,40,12095.0,Thilo Kehrer,4-2-3-1,4-3-3,François Letexier,/en/matches/b7d32870/Monaco-Paris-Saint-Germain-December-18-2024-Ligue-1,nan
FRA-Ligue 1,2425,Monaco,2025-01-10 Nantes-Monaco,2025-01-10,19:00:00,Matchweek 17,Fri,Away,D,2,2,Nantes,3.4,0.8,68,25380.0,Denis Zakaria,3-4-3,4-1-4-1,Marc Bollengier,/en/matches/d6c61854/Nantes-Monaco-January-10-2025-Ligue-1,nan
FRA-Ligue 1,2425,Monaco,2025-01-17 Montpellier-Monaco,2025-01-17,19:00:00,Matchweek 18,Fri,Away,L,1,2,Montpellier,1.8,2.4,67,11371.0,Thilo Kehrer,4-2-3-1,5-3-2,Jérôme Brisard,/en/matches/f1e8ac0f/Montpellier-Monaco-January-17-2025-Ligue-1,nan
FRA-Ligue 1,2425,Monaco,2025-01-25 Monaco-Rennes,2025-01-25,17:00:00,Matchweek 19,Sat,Home,W,3,2,Rennes,3.5,1.8,52,5725.0,Denis Zakaria,4-2-3-1,3-4-3,Jeremy Stinat,/en/matches/5cbd8070/Monaco-Rennes-January-25-2025-Ligue-1,nan
FRA-Ligue 1,2425,Monaco,2025-02-01 Monaco-Auxerre,2025-02-01,19:00:00,Matchweek 20,Sat,Home,W,4,2,Auxerre,2.6,1.2,57,53363.0,Denis Zakaria,4-2-3-1,5-4-1,Abdelatif Kherradji,/en/matches/e6c9fba7/Monaco-Auxerre-February-1-2025-Ligue-1,nan
FRA-Ligue 1,2425,Monaco,2025-02-07 Paris S-G-Monaco,2025-02-07,21:05:00,Matchweek 21,Fri,Away,L,1,4,Paris S-G,0.9,3.1,37,47926.0,Denis Zakaria,4-4-2,4-3-3,Clément Turpin,/en/matches/c79c5813/Paris-Saint-Germain-Monaco-February-7-2025-Ligue-1,nan
FRA-Ligue 1,2425,Monaco,2025-02-15 Monaco-Nantes,2025-02-15,19:00:00,Matchweek 22,Sat,Home,W,7,1,Nantes,4.4,1.4,65,6080.0,Denis Zakaria,4-2-3-1,5-3-2,Thomas Léonard,/en/matches/25fd86bc/Monaco-Nantes-February-15-2025-Ligue-1,nan
FRA-Ligue 1,2425,Monaco,2025-02-22 Lille-Monaco,2025-02-22,17:00:00,Matchweek 23,Sat,Away,L,1,2,Lille,2.3,1.1,57,44177.0,Denis Zakaria,4-2-3-1,4-4-2,Benoît Bastien,/en/matches/a62e412a/Lille-Monaco-February-22-2025-Ligue-1,nan
FRA-Ligue 1,2425,Monaco,2025-02-28 Monaco-Reims,2025-02-28,20:45:00,Matchweek 24,Fri,Home,W,3,0,Reims,3.8,0.6,56,5517.0,Denis Zakaria,4-2-3-1,5-3-2,Eric Wattellier,/en/matches/f354ea51/Monaco-Reims-February-28-2025-Ligue-1,nan
FRA-Ligue 1,2425,Monaco,2025-03-07 Toulouse-Monaco,2025-03-07,20:45:00,Matchweek 25,Fri,Away,D,1,1,Toulouse,2.4,0.6,50,25614.0,Thilo Kehrer,4-2-3-1,3-4-3,Marc Bollengier,/en/matches/807e72ae/Toulouse-Monaco-March-7-2025-Ligue-1,nan
FRA-Ligue 1,2425,Monaco,2025-03-15 Angers-Monaco,2025-03-15,19:00:00,Matchweek 26,Sat,Away,W,2,0,Angers,2.0,0.5,56,11116.0,Denis Zakaria,4-2-3-1,4-2-3-1,Willy Delajod,/en/matches/ccd56c5d/Angers-Monaco-March-15-2025-Ligue-1,nan
FRA-Ligue 1,2425,Monaco,2025-03-29 Monaco-Nice,2025-03-29,21:05:00,Matchweek 27,Sat,Home,W,2,1,Nice,2.4,0.5,58,11564.0,Denis Zakaria,4-4-2,3-4-3,Jérôme Brisard,/en/matches/b5952890/Monaco-Nice-March-29-2025-Ligue-1,nan
FRA-Ligue 1,2425,Monaco,2025-04-05 Brest-Monaco,2025-04-05,19:00:00,Matchweek 28,Sat,Away,L,1,2,Brest,1.5,1.0,59,14713.0,Denis Zakaria,4-4-2,4-3-3,Thomas Léonard,/en/matches/3b8a372d/Brest-Monaco-April-5-2025-Ligue-1,nan
FRA-Ligue 1,2425,Monaco,2025-04-12 Monaco-Marseille,2025-04-12,17:00:00,Matchweek 29,Sat,Home,W,3,0,Marseille,2.6,1.1,42,13232.0,Denis Zakaria,4-4-2,3-4-3,Benoît Bastien,/en/matches/b1f79298/Monaco-Marseille-April-12-2025-Ligue-1,nan
FRA-Ligue 1,2425,Monaco,2025-04-19 Monaco-Strasbourg,2025-04-19,19:00:00,Matchweek 30,Sat,Home,D,0,0,Strasbourg,0.9,0.4,47,12825.0,Denis Zakaria,4-2-3-1,3-5-2,Eric Wattellier,/en/matches/bdddd15d/Monaco-Strasbourg-April-19-2025-Ligue-1,nan
FRA-Ligue 1,2425,Monaco,2025-04-26 Le Havre-Monaco,2025-04-26,19:00:00,Matchweek 31,Sat,Away,D,1,1,Le Havre,2.9,0.5,61,21340.0,Denis Zakaria,4-4-2,4-2-3-1,Clément Turpin,/en/matches/6ec53da1/Le-Havre-Monaco-April-26-2025-Ligue-1,nan
FRA-Ligue 1,2425,Monaco,2025-05-03 Saint-Étienne-Monaco,2025-05-03,21:05:00,Matchweek 32,Sat,Away,W,3,1,Saint-Étienne,2.0,0.6,41,35757.0,Denis Zakaria,4-4-2,4-3-3,Jérôme Brisard,/en/matches/4e6718ec/Saint-Etienne-Monaco-May-3-2025-Ligue-1,nan
FRA-Ligue 1,2425,Monaco,2025-05-10 Monaco-Lyon,2025-05-10,21:00:00,Matchweek 33,Sat,Home,W,2,0,Lyon,1.2,0.4,51,13578.0,Denis Zakaria,4-4-2,4-3-1-2,Benoît Bastien,/en/matches/279e9cba/Monaco-Lyon-May-10-2025-Ligue-1,nan
FRA-Ligue 1,2425,Monaco,2025-05-17 Lens-Monaco,2025-05-17,21:00:00,Matchweek 34,Sat,Away,L,0,4,Lens,0.5,1.7,54,38160.0,Takumi Minamino,4-2-3-1,3-1-4-2,François Letexier,/en/matches/d2408c01/Lens-Monaco-May-17-2025-Ligue-1,nan
FRA-Ligue 1,2425,Montpellier,2024-08-18 Montpellier-Strasbourg,2024-08-18,17:00:00,Matchweek 1,Sun,Home,D,1,1,Strasbourg,1.3,0.9,42,15706.0,Téji Savanier,4-2-3-1,3-4-3,Mathieu Vernice,/en/matches/652abd24/Montpellier-Strasbourg-August-18-2024-Ligue-1,nan
FRA-Ligue 1,2425,Montpellier,2024-08-23 Paris S-G-Montpellier,2024-08-23,20:45:00,Matchweek 2,Fri,Away,L,0,6,Paris S-G,0.6,3.8,32,46000.0,Téji Savanier,5-3-2,4-3-3,Marc Bollengier,/en/matches/910be353/Paris-Saint-Germain-Montpellier-August-23-2024-Ligue-1,nan
FRA-Ligue 1,2425,Montpellier,2024-08-31 Montpellier-Nantes,2024-08-31,19:00:00,Matchweek 3,Sat,Home,L,1,3,Nantes,0.9,1.5,69,13000.0,Téji Savanier,4-2-3-1,4-2-3-1,Benoît Millot,/en/matches/5b8c614c/Montpellier-Nantes-August-31-2024-Ligue-1,nan
FRA-Ligue 1,2425,Montpellier,2024-09-15 Rennes-Montpellier,2024-09-15,15:00:00,Matchweek 4,Sun,Away,L,0,3,Rennes,0.3,1.3,49,27451.0,Téji Savanier,4-2-3-1,3-4-3,Jérémie Pignard,/en/matches/984e7243/Rennes-Montpellier-September-15-2024-Ligue-1,nan
FRA-Ligue 1,2425,Montpellier,2024-09-22 Montpellier-Auxerre,2024-09-22,17:00:00,Matchweek 5,Sun,Home,W,3,2,Auxerre,2.0,1.2,54,11643.0,Téji Savanier,4-2-3-1,5-4-1,Hakim Ben El Hadj Salem,/en/matches/ac95cb33/Montpellier-Auxerre-September-22-2024-Ligue-1,nan
FRA-Ligue 1,2425,Montpellier,2024-09-28 Monaco-Montpellier,2024-09-28,21:00:00,Matchweek 6,Sat,Away,L,1,2,Monaco,0.9,3.2,35,13065.0,Téji Savanier,4-2-3-1,4-2-2-2,Marc Bollengier,/en/matches/54ce742c/Monaco-Montpellier-September-28-2024-Ligue-1,nan
FRA-Ligue 1,2425,Montpellier,2024-10-06 Reims-Montpellier,2024-10-06,17:00:00,Matchweek 7,Sun,Away,L,2,4,Reims,0.5,3.0,52,14903.0,Téji Savanier,4-2-3-1,4-2-3-1,Benoît Bastien,/en/matches/843fb71f/Reims-Montpellier-October-6-2024-Ligue-1,nan
FRA-Ligue 1,2425,Montpellier,2024-10-20 Montpellier-Marseille,2024-10-20,20:45:00,Matchweek 8,Sun,Home,L,0,5,Marseille,1.3,3.2,35,18000.0,Téji Savanier,4-2-3-1,4-2-3-1,Clément Turpin,/en/matches/0f332030/Montpellier-Marseille-October-20-2024-Ligue-1,nan
FRA-Ligue 1,2425,Montpellier,2024-10-27 Montpellier-Toulouse,2024-10-27,17:00:00,Matchweek 9,Sun,Home,L,0,3,Toulouse,0.2,1.9,51,14111.0,Téji Savanier,4-1-4-1,3-4-3,Thomas Léonard,/en/matches/49e6789d/Montpellier-Toulouse-October-27-2024-Ligue-1,nan
FRA-Ligue 1,2425,Montpellier,2024-11-03 Le Havre-Montpellier,2024-11-03,17:00:00,Matchweek 10,Sun,Away,L,0,1,Le Havre,1.0,2.2,52,18703.0,Jordan Ferri,3-4-3,3-1-4-2,Stéphanie Frappart,/en/matches/a537aa6e/Le-Havre-Montpellier-November-3-2024-Ligue-1,nan
FRA-Ligue 1,2425,Montpellier,2024-11-10 Montpellier-Brest,2024-11-10,17:00:00,Matchweek 11,Sun,Home,W,3,1,Brest,2.5,0.9,33,12936.0,Jordan Ferri,4-2-3-1,4-3-3,Jérémie Pignard,/en/matches/8ab9a941/Montpellier-Brest-November-10-2024-Ligue-1,nan
FRA-Ligue 1,2425,Montpellier,2024-11-23 Saint-Étienne-Montpellier,2024-11-23,19:00:00,Matchweek 12,Sat,Away,L,0,1,Saint-Étienne,0.9,1.5,67,33008.0,Téji Savanier,4-2-3-1,5-4-1,Florent Batta,/en/matches/90c0c091/Saint-Etienne-Montpellier-November-23-2024-Ligue-1,nan
FRA-Ligue 1,2425,Montpellier,2024-12-01 Montpellier-Lille,2024-12-01,15:00:00,Matchweek 13,Sun,Home,D,2,2,Lille,1.4,2.2,42,14000.0,Téji Savanier,4-2-3-1,4-2-3-1,Benoît Millot,/en/matches/76b0b7f1/Montpellier-Lille-December-1-2024-Ligue-1,nan
FRA-Ligue 1,2425,Montpellier,2024-12-08 Lens-Montpellier,2024-12-08,15:00:00,Matchweek 14,Sun,Away,L,0,2,Lens,1.0,1.3,45,37317.0,Téji Savanier,3-4-1-2,4-2-3-1,Mathieu Vernice,/en/matches/bb9a5ad3/Lens-Montpellier-December-8-2024-Ligue-1,nan
FRA-Ligue 1,2425,Montpellier,2024-12-15 Montpellier-Nice,2024-12-15,15:00:00,Matchweek 15,Sun,Home,D,2,2,Nice,2.0,1.4,52,11612.0,Téji Savanier,4-2-3-1,4-1-4-1,Clément Turpin,/en/matches/479d06f8/Montpellier-Nice-December-15-2024-Ligue-1,nan
FRA-Ligue 1,2425,Montpellier,2025-01-04 Lyon-Montpellier,2025-01-04,21:00:00,Matchweek 16,Sat,Away,L,0,1,Lyon,1.2,1.4,43,48162.0,Jordan Ferri,3-4-3,4-3-3,Jeremy Stinat,/en/matches/6c34a34e/Lyon-Montpellier-January-4-2025-Ligue-1,nan
FRA-Ligue 1,2425,Montpellier,2025-01-12 Montpellier-Angers,2025-01-12,17:15:00,Matchweek 17,Sun,Home,L,1,3,Angers,1.2,3.8,58,11719.0,Jordan Ferri,4-1-4-1,4-2-3-1,Romain Lissorgue,/en/matches/1184c4fd/Montpellier-Angers-January-12-2025-Ligue-1,nan
FRA-Ligue 1,2425,Montpellier,2025-01-17 Montpellier-Monaco,2025-01-17,19:00:00,Matchweek 18,Fri,Home,W,2,1,Monaco,2.4,1.8,33,11371.0,Benjamin Lecomte,5-3-2,4-2-3-1,Jérôme Brisard,/en/matches/f1e8ac0f/Montpellier-Monaco-January-17-2025-Ligue-1,nan
FRA-Ligue 1,2425,Montpellier,2025-01-26 Toulouse-Montpellier,2025-01-26,17:15:00,Matchweek 19,Sun,Away,W,2,1,Toulouse,0.5,1.0,34,28382.0,Benjamin Lecomte,4-3-1-2,3-4-3,Clément Turpin,/en/matches/81e5185d/Toulouse-Montpellier-January-26-2025-Ligue-1,nan
FRA-Ligue 1,2425,Montpellier,2025-01-31 Montpellier-Lens,2025-01-31,20:45:00,Matchweek 20,Fri,Home,L,0,2,Lens,0.8,2.0,49,15330.0,Benjamin Lecomte,4-3-1-2,5-3-2,Bastien Dechepy,/en/matches/3652d822/Montpellier-Lens-January-31-2025-Ligue-1,nan
FRA-Ligue 1,2425,Montpellier,2025-02-09 Strasbourg-Montpellier,2025-02-09,17:15:00,Matchweek 21,Sun,Away,L,0,2,Strasbourg,1.8,2.7,41,19042.0,Benjamin Lecomte,3-4-1-2,3-4-3,Jeremy Stinat,/en/matches/0886a1bd/Strasbourg-Montpellier-February-9-2025-Ligue-1,nan
FRA-Ligue 1,2425,Montpellier,2025-02-16 Montpellier-Lyon,2025-02-16,15:00:00,Matchweek 22,Sun,Home,L,1,4,Lyon,1.4,1.0,38,16573.0,Benjamin Lecomte,4-3-1-2,4-2-3-1,Marc Bollengier,/en/matches/1a0c79f0/Montpellier-Lyon-February-16-2025-Ligue-1,nan
FRA-Ligue 1,2425,Montpellier,2025-02-23 Nice-Montpellier,2025-02-23,17:15:00,Matchweek 23,Sun,Away,L,0,2,Nice,0.6,1.8,44,18519.0,Benjamin Lecomte,5-3-2,3-4-3,Willy Delajod,/en/matches/920fad0c/Nice-Montpellier-February-23-2025-Ligue-1,nan
FRA-Ligue 1,2425,Montpellier,2025-03-02 Montpellier-Rennes,2025-03-02,17:15:00,Matchweek 24,Sun,Home,L,0,4,Rennes,1.6,2.4,46,11990.0,Benjamin Lecomte,5-3-2,3-5-2,Florent Batta,/en/matches/5739a5ae/Montpellier-Rennes-March-2-2025-Ligue-1,nan
FRA-Ligue 1,2425,Montpellier,2025-03-08 Lille-Montpellier,2025-03-08,19:00:00,Matchweek 25,Sat,Away,L,0,1,Lille,0.3,1.5,24,42467.0,Benjamin Lecomte,5-4-1,4-3-3,Jérémie Pignard,/en/matches/3de20b0f/Lille-Montpellier-March-8-2025-Ligue-1,nan
FRA-Ligue 1,2425,Montpellier,2025-03-16 Montpellier-Saint-Étienne,2025-03-16,17:15:00,Matchweek 26,Sun,Home,L,0,2,Saint-Étienne,,,41,,Benjamin Lecomte,4-2-3-1,4-3-3,François Letexier,/en/matches/15ee650c/Montpellier-Saint-Etienne-March-16-2025-Ligue-1,Match awarded to Saint-Étienne
FRA-Ligue 1,2425,Montpellier,2025-03-30 Auxerre-Montpellier,2025-03-30,17:15:00,Matchweek 27,Sun,Away,L,0,1,Auxerre,0.5,2.1,47,16558.0,Benjamin Lecomte,4-2-3-1,3-4-3,Marc Bollengier,/en/matches/dea614ff/Auxerre-Montpellier-March-30-2025-Ligue-1,nan
FRA-Ligue 1,2425,Montpellier,2025-04-06 Montpellier-Le Havre,2025-04-06,17:15:00,Matchweek 28,Sun,Home,L,0,2,Le Havre,1.0,1.4,55,10146.0,Benjamin Lecomte,4-2-3-1,4-2-3-1,Benoît Bastien,/en/matches/0f9ee6ec/Montpellier-Le-Havre-April-6-2025-Ligue-1,nan
FRA-Ligue 1,2425,Montpellier,2025-04-13 Angers-Montpellier,2025-04-13,17:15:00,Matchweek 29,Sun,Away,L,0,2,Angers,0.5,1.4,63,12547.0,Benjamin Lecomte,5-4-1,5-3-2,Benoît Millot,/en/matches/47a1a48a/Angers-Montpellier-April-13-2025-Ligue-1,nan
FRA-Ligue 1,2425,Montpellier,2025-04-19 Marseille-Montpellier,2025-04-19,21:05:00,Matchweek 30,Sat,Away,L,1,5,Marseille,0.3,3.7,32,66312.0,Benjamin Lecomte,5-4-1,3-4-3,Jérôme Brisard,/en/matches/5a01308b/Marseille-Montpellier-April-19-2025-Ligue-1,nan
FRA-Ligue 1,2425,Montpellier,2025-04-27 Montpellier-Reims,2025-04-27,17:15:00,Matchweek 31,Sun,Home,D,0,0,Reims,0.6,0.7,53,10806.0,Benjamin Lecomte,5-4-1,5-4-1,Jérémie Pignard,/en/matches/6ff732c6/Montpellier-Reims-April-27-2025-Ligue-1,nan
FRA-Ligue 1,2425,Montpellier,2025-05-04 Brest-Montpellier,2025-05-04,17:15:00,Matchweek 32,Sun,Away,L,0,1,Brest,0.5,1.1,37,13121.0,Benjamin Lecomte,5-4-1,4-3-3,Romain Lissorgue,/en/matches/14d0b54f/Brest-Montpellier-May-4-2025-Ligue-1,nan
FRA-Ligue 1,2425,Montpellier,2025-05-10 Montpellier-Paris S-G,2025-05-10,21:00:00,Matchweek 33,Sat,Home,L,1,4,Paris S-G,0.6,1.7,31,16787.0,Benjamin Lecomte,5-3-2,3-4-3,Mathieu Vernice,/en/matches/d083b7fa/Montpellier-Paris-Saint-Germain-May-10-2025-Ligue-1,nan
FRA-Ligue 1,2425,Montpellier,2025-05-17 Nantes-Montpellier,2025-05-17,21:00:00,Matchweek 34,Sat,Away,L,0,3,Nantes,0.8,2.5,56,34780.0,Becir Omeragic,5-3-2,3-5-2,Clément Turpin,/en/matches/9b0e5db4/Nantes-Montpellier-May-17-2025-Ligue-1,nan
FRA-Ligue 1,2425,Nantes,2024-08-18 Toulouse-Nantes,2024-08-18,17:00:00,Matchweek 1,Sun,Away,D,0,0,Toulouse,0.5,1.7,46,25491.0,Jean-Charles Castelletto,4-2-3-1,3-4-3,Jeremy Stinat,/en/matches/67b3b54c/Toulouse-Nantes-August-18-2024-Ligue-1,nan
FRA-Ligue 1,2425,Nantes,2024-08-25 Nantes-Auxerre,2024-08-25,17:00:00,Matchweek 2,Sun,Home,W,2,0,Auxerre,1.4,1.1,36,31077.0,Jean-Charles Castelletto,4-2-3-1,4-2-3-1,Gaël Angoula,/en/matches/57fe0d50/Nantes-Auxerre-August-25-2024-Ligue-1,nan
FRA-Ligue 1,2425,Nantes,2024-08-31 Montpellier-Nantes,2024-08-31,19:00:00,Matchweek 3,Sat,Away,W,3,1,Montpellier,1.5,0.9,31,13000.0,Pedro Chirivella,4-2-3-1,4-2-3-1,Benoît Millot,/en/matches/5b8c614c/Montpellier-Nantes-August-31-2024-Ligue-1,nan
FRA-Ligue 1,2425,Nantes,2024-09-15 Nantes-Reims,2024-09-15,17:00:00,Matchweek 4,Sun,Home,L,1,2,Reims,1.5,0.5,45,29811.0,Jean-Charles Castelletto,4-2-3-1,4-3-3,Willy Delajod,/en/matches/1411fc56/Nantes-Reims-September-15-2024-Ligue-1,nan
FRA-Ligue 1,2425,Nantes,2024-09-22 Angers-Nantes,2024-09-22,17:00:00,Matchweek 5,Sun,Away,D,1,1,Angers,0.6,0.9,50,16960.0,Jean-Charles Castelletto,4-2-3-1,4-2-3-1,Mathieu Vernice,/en/matches/601ddfc9/Angers-Nantes-September-22-2024-Ligue-1,nan
FRA-Ligue 1,2425,Nantes,2024-09-29 Nantes-Saint-Étienne,2024-09-29,17:00:00,Matchweek 6,Sun,Home,D,2,2,Saint-Étienne,1.8,1.0,61,34005.0,Pedro Chirivella,4-2-3-1,4-3-3,Abdelatif Kherradji,/en/matches/38a94d90/Nantes-Saint-Etienne-September-29-2024-Ligue-1,nan
FRA-Ligue 1,2425,Nantes,2024-10-06 Lyon-Nantes,2024-10-06,15:00:00,Matchweek 7,Sun,Away,L,0,2,Lyon,0.9,3.2,39,51888.0,Pedro Chirivella,4-2-3-1,4-2-3-1,Marc Bollengier,/en/matches/1cefcdb4/Lyon-Nantes-October-6-2024-Ligue-1,nan
FRA-Ligue 1,2425,Nantes,2024-10-20 Nantes-Nice,2024-10-20,17:00:00,Matchweek 8,Sun,Home,D,1,1,Nice,0.5,0.8,43,28141.0,Pedro Chirivella,4-3-3,3-4-3,Gaël Angoula,/en/matches/706313e8/Nantes-Nice-October-20-2024-Ligue-1,nan
FRA-Ligue 1,2425,Nantes,2024-10-27 Strasbourg-Nantes,2024-10-27,17:00:00,Matchweek 9,Sun,Away,L,1,3,Strasbourg,0.7,1.7,50,19398.0,Alban Lafont,4-2-3-1,3-4-1-2,Hakim Ben El Hadj Salem,/en/matches/98168e71/Strasbourg-Nantes-October-27-2024-Ligue-1,nan
FRA-Ligue 1,2425,Nantes,2024-11-03 Nantes-Marseille,2024-11-03,20:45:00,Matchweek 10,Sun,Home,L,1,2,Marseille,1.4,1.2,27,33248.0,Nicolas Pallois,4-2-3-1,4-2-3-1,Bastien Dechepy,/en/matches/53893177/Nantes-Marseille-November-3-2024-Ligue-1,nan
FRA-Ligue 1,2425,Nantes,2024-11-09 Lens-Nantes,2024-11-09,19:00:00,Matchweek 11,Sat,Away,L,2,3,Lens,1.4,2.9,33,38202.0,Pedro Chirivella,3-4-3,3-4-3,Clément Turpin,/en/matches/172c33b7/Lens-Nantes-November-9-2024-Ligue-1,nan
FRA-Ligue 1,2425,Nantes,2024-11-24 Nantes-Le Havre,2024-11-24,17:00:00,Matchweek 12,Sun,Home,L,0,2,Le Havre,0.9,0.9,70,26936.0,Pedro Chirivella,4-2-3-1,3-4-3,Jérôme Brisard,/en/matches/a27a021f/Nantes-Le-Havre-November-24-2024-Ligue-1,nan
FRA-Ligue 1,2425,Nantes,2024-11-30 Paris S-G-Nantes,2024-11-30,21:00:00,Matchweek 13,Sat,Away,D,1,1,Paris S-G,0.8,2.6,16,47926.0,Pedro Chirivella,5-3-2,4-3-3,Jeremy Stinat,/en/matches/b898e0fa/Paris-Saint-Germain-Nantes-November-30-2024-Ligue-1,nan
FRA-Ligue 1,2425,Nantes,2024-12-08 Nantes-Rennes,2024-12-08,17:00:00,Matchweek 14,Sun,Home,W,1,0,Rennes,1.2,0.4,47,28418.0,Pedro Chirivella,5-3-2,3-4-3,Eric Wattellier,/en/matches/f45bb195/Nantes-Rennes-December-8-2024-Ligue-1,nan
FRA-Ligue 1,2425,Nantes,2024-12-15 Brest-Nantes,2024-12-15,17:00:00,Matchweek 15,Sun,Away,L,1,4,Brest,1.1,2.0,49,15019.0,Pedro Chirivella,5-3-2,4-3-1-2,Gaël Angoula,/en/matches/59e6278a/Brest-Nantes-December-15-2024-Ligue-1,nan
FRA-Ligue 1,2425,Nantes,2025-01-04 Lille-Nantes,2025-01-04,19:00:00,Matchweek 16,Sat,Away,D,1,1,Lille,1.3,1.2,29,41635.0,Pedro Chirivella,4-1-4-1,4-2-3-1,Jérémie Pignard,/en/matches/185f0c34/Lille-Nantes-January-4-2025-Ligue-1,nan
FRA-Ligue 1,2425,Nantes,2025-01-10 Nantes-Monaco,2025-01-10,19:00:00,Matchweek 17,Fri,Home,D,2,2,Monaco,0.8,3.4,32,25380.0,Nicolas Pallois,4-1-4-1,3-4-3,Marc Bollengier,/en/matches/d6c61854/Nantes-Monaco-January-10-2025-Ligue-1,nan
FRA-Ligue 1,2425,Nantes,2025-01-19 Saint-Étienne-Nantes,2025-01-19,15:00:00,Matchweek 18,Sun,Away,D,1,1,Saint-Étienne,1.3,0.8,25,14094.0,Pedro Chirivella,4-1-4-1,4-3-3,Florent Batta,/en/matches/c47f8bb5/Saint-Etienne-Nantes-January-19-2025-Ligue-1,nan
FRA-Ligue 1,2425,Nantes,2025-01-26 Nantes-Lyon,2025-01-26,17:15:00,Matchweek 19,Sun,Home,D,1,1,Lyon,1.2,1.1,38,32690.0,Pedro Chirivella,4-2-3-1,4-3-3,Benoît Bastien,/en/matches/b90ceb47/Nantes-Lyon-January-26-2025-Ligue-1,nan
FRA-Ligue 1,2425,Nantes,2025-02-02 Reims-Nantes,2025-02-02,17:15:00,Matchweek 20,Sun,Away,W,2,1,Reims,2.0,1.0,45,12712.0,Pedro Chirivella,4-3-3,4-2-3-1,Benoît Millot,/en/matches/eee9fd86/Reims-Nantes-February-2-2025-Ligue-1,nan
FRA-Ligue 1,2425,Nantes,2025-02-07 Nantes-Brest,2025-02-07,19:00:00,Matchweek 21,Fri,Home,L,0,2,Brest,1.1,2.5,58,25050.0,Pedro Chirivella,4-3-3,4-3-3,Jérémie Pignard,/en/matches/606c7cad/Nantes-Brest-February-7-2025-Ligue-1,nan
FRA-Ligue 1,2425,Nantes,2025-02-15 Monaco-Nantes,2025-02-15,19:00:00,Matchweek 22,Sat,Away,L,1,7,Monaco,1.4,4.4,35,6080.0,Pedro Chirivella,5-3-2,4-2-3-1,Thomas Léonard,/en/matches/25fd86bc/Monaco-Nantes-February-15-2025-Ligue-1,nan
FRA-Ligue 1,2425,Nantes,2025-02-23 Nantes-Lens,2025-02-23,15:00:00,Matchweek 23,Sun,Home,W,3,1,Lens,3.9,1.6,35,29000.0,Nicolas Pallois,4-3-3,4-2-3-1,Jérôme Brisard,/en/matches/24e266d4/Nantes-Lens-February-23-2025-Ligue-1,nan
FRA-Ligue 1,2425,Nantes,2025-03-02 Marseille-Nantes,2025-03-02,20:45:00,Matchweek 24,Sun,Away,L,0,2,Marseille,0.8,2.1,26,64074.0,Pedro Chirivella,5-4-1,3-4-3,Stéphanie Frappart,/en/matches/ef2b73e7/Marseille-Nantes-March-2-2025-Ligue-1,nan
FRA-Ligue 1,2425,Nantes,2025-03-09 Nantes-Strasbourg,2025-03-09,17:15:00,Matchweek 25,Sun,Home,L,0,1,Strasbourg,0.8,1.0,40,27645.0,Nicolas Pallois,5-3-2,3-4-3,Hakim Ben El Hadj Salem,/en/matches/01d100ee/Nantes-Strasbourg-March-9-2025-Ligue-1,nan
FRA-Ligue 1,2425,Nantes,2025-03-15 Nantes-Lille,2025-03-15,17:00:00,Matchweek 26,Sat,Home,W,1,0,Lille,1.2,1.6,32,28621.0,Pedro Chirivella,4-3-3,4-2-3-1,Benoît Millot,/en/matches/e91d94ec/Nantes-Lille-March-15-2025-Ligue-1,nan
FRA-Ligue 1,2425,Nantes,2025-03-30 Le Havre-Nantes,2025-03-30,17:15:00,Matchweek 27,Sun,Away,L,2,3,Le Havre,0.8,4.0,48,20436.0,Pedro Chirivella,4-3-3,4-2-3-1,Eric Wattellier,/en/matches/a48ef3f0/Le-Havre-Nantes-March-30-2025-Ligue-1,nan
FRA-Ligue 1,2425,Nantes,2025-04-04 Nice-Nantes,2025-04-04,20:45:00,Matchweek 28,Fri,Away,W,2,1,Nice,0.5,1.9,24,20585.0,Nicolas Pallois,3-4-3,3-4-3,Hakim Ben El Hadj Salem,/en/matches/3b3118ec/Nice-Nantes-April-4-2025-Ligue-1,nan
FRA-Ligue 1,2425,Nantes,2025-04-18 Rennes-Nantes,2025-04-18,20:45:00,Matchweek 30,Fri,Away,L,1,2,Rennes,0.7,2.7,36,27880.0,Douglas,3-4-3,3-5-2,Abdelatif Kherradji,/en/matches/6dc7499b/Rennes-Nantes-April-18-2025-Ligue-1,nan
FRA-Ligue 1,2425,Nantes,2025-04-22 Nantes-Paris S-G,2025-04-22,20:45:00,Matchweek 29,Tue,Home,D,1,1,Paris S-G,0.5,1.6,26,34420.0,Pedro Chirivella,5-3-2,4-3-3,Jérémie Pignard,/en/matches/170d66ea/Nantes-Paris-Saint-Germain-April-22-2025-Ligue-1,nan
FRA-Ligue 1,2425,Nantes,2025-04-27 Nantes-Toulouse,2025-04-27,17:15:00,Matchweek 31,Sun,Home,D,0,0,Toulouse,1.1,0.4,59,31618.0,Pedro Chirivella,5-3-2,3-4-3,Florent Batta,/en/matches/94a42dc1/Nantes-Toulouse-April-27-2025-Ligue-1,nan
FRA-Ligue 1,2425,Nantes,2025-05-04 Nantes-Angers,2025-05-04,15:00:00,Matchweek 32,Sun,Home,L,0,1,Angers,0.5,1.1,58,34556.0,Pedro Chirivella,4-3-3,4-4-1-1,Thomas Léonard,/en/matches/e467e10c/Nantes-Angers-May-4-2025-Ligue-1,nan
FRA-Ligue 1,2425,Nantes,2025-05-10 Auxerre-Nantes,2025-05-10,21:00:00,Matchweek 33,Sat,Away,D,1,1,Auxerre,0.7,0.4,39,17277.0,Pedro Chirivella,5-3-2,5-4-1,Marc Bollengier,/en/matches/2cfd2ba4/Auxerre-Nantes-May-10-2025-Ligue-1,nan
FRA-Ligue 1,2425,Nantes,2025-05-17 Nantes-Montpellier,2025-05-17,21:00:00,Matchweek 34,Sat,Home,W,3,0,Montpellier,2.5,0.8,44,34780.0,Pedro Chirivella,3-5-2,5-3-2,Clément Turpin,/en/matches/9b0e5db4/Nantes-Montpellier-May-17-2025-Ligue-1,nan
FRA-Ligue 1,2425,Nice,2024-08-18 Auxerre-Nice,2024-08-18,15:00:00,Matchweek 1,Sun,Away,L,1,2,Auxerre,0.7,1.8,55,16354.0,Dante,3-4-3,4-4-2,Romain Lissorgue,/en/matches/18a24a50/Auxerre-Nice-August-18-2024-Ligue-1,nan
FRA-Ligue 1,2425,Nice,2024-08-25 Nice-Toulouse,2024-08-25,17:00:00,Matchweek 2,Sun,Home,D,1,1,Toulouse,1.3,1.0,57,21656.0,Dante,3-5-2,3-4-3,Bastien Dechepy,/en/matches/33b61302/Nice-Toulouse-August-25-2024-Ligue-1,nan
FRA-Ligue 1,2425,Nice,2024-09-01 Angers-Nice,2024-09-01,17:00:00,Matchweek 3,Sun,Away,W,4,1,Angers,2.2,1.4,46,9168.0,Dante,3-4-3,5-3-2,Jeremy Stinat,/en/matches/97e962bb/Angers-Nice-September-1-2024-Ligue-1,nan
FRA-Ligue 1,2425,Nice,2024-09-14 Marseille-Nice,2024-09-14,17:00:00,Matchweek 4,Sat,Away,L,0,2,Marseille,1.9,0.7,44,65803.0,Dante,3-4-3,4-2-3-1,Benoît Millot,/en/matches/2034c29c/Marseille-Nice-September-14-2024-Ligue-1,nan
FRA-Ligue 1,2425,Nice,2024-09-20 Nice-Saint-Étienne,2024-09-20,20:45:00,Matchweek 5,Fri,Home,W,8,0,Saint-Étienne,4.7,0.3,59,30024.0,Dante,3-4-3,4-3-3,Thomas Léonard,/en/matches/85495c0d/Nice-Saint-Etienne-September-20-2024-Ligue-1,nan
FRA-Ligue 1,2425,Nice,2024-09-28 Lens-Nice,2024-09-28,17:00:00,Matchweek 6,Sat,Away,D,0,0,Lens,1.1,1.9,44,37301.0,Youssouf Ndayishimiye,3-4-3,4-2-3-1,François Letexier,/en/matches/340afccd/Lens-Nice-September-28-2024-Ligue-1,nan
FRA-Ligue 1,2425,Nice,2024-10-06 Nice-Paris S-G,2024-10-06,20:45:00,Matchweek 7,Sun,Home,D,1,1,Paris S-G,0.5,1.3,29,30247.0,Dante,3-4-3,4-3-3,Jérôme Brisard,/en/matches/474dd950/Nice-Paris-Saint-Germain-October-6-2024-Ligue-1,nan
FRA-Ligue 1,2425,Nice,2024-10-20 Nantes-Nice,2024-10-20,17:00:00,Matchweek 8,Sun,Away,D,1,1,Nantes,0.8,0.5,57,28141.0,Pablo Rosario,3-4-3,4-3-3,Gaël Angoula,/en/matches/706313e8/Nantes-Nice-October-20-2024-Ligue-1,nan
FRA-Ligue 1,2425,Nice,2024-10-27 Nice-Monaco,2024-10-27,17:00:00,Matchweek 9,Sun,Home,W,2,1,Monaco,1.6,0.5,41,29795.0,Pablo Rosario,3-4-3,4-2-3-1,Jérémie Pignard,/en/matches/4cbaa8c3/Nice-Monaco-October-27-2024-Ligue-1,nan
FRA-Ligue 1,2425,Nice,2024-11-02 Brest-Nice,2024-11-02,19:00:00,Matchweek 10,Sat,Away,W,1,0,Brest,1.4,1.0,37,14534.0,Dante,3-4-3,4-3-3,Clément Turpin,/en/matches/0fab1c2f/Brest-Nice-November-2-2024-Ligue-1,nan
FRA-Ligue 1,2425,Nice,2024-11-10 Nice-Lille,2024-11-10,15:00:00,Matchweek 11,Sun,Home,D,2,2,Lille,2.1,1.7,43,25063.0,Youssouf Ndayishimiye,3-4-3,4-3-3,Jeremy Stinat,/en/matches/e213d881/Nice-Lille-November-10-2024-Ligue-1,nan
FRA-Ligue 1,2425,Nice,2024-11-24 Nice-Strasbourg,2024-11-24,20:45:00,Matchweek 12,Sun,Home,W,2,1,Strasbourg,2.1,0.4,54,18389.0,Dante,4-4-2,4-4-2,Benoît Bastien,/en/matches/5bfe68c5/Nice-Strasbourg-November-24-2024-Ligue-1,nan
FRA-Ligue 1,2425,Nice,2024-12-01 Lyon-Nice,2024-12-01,17:00:00,Matchweek 13,Sun,Away,L,1,4,Lyon,2.1,2.7,47,59977.0,Pablo Rosario,4-3-3,4-3-3,Bastien Dechepy,/en/matches/44194749/Lyon-Nice-December-1-2024-Ligue-1,nan
FRA-Ligue 1,2425,Nice,2024-12-07 Nice-Le Havre,2024-12-07,19:00:00,Matchweek 14,Sat,Home,W,2,1,Le Havre,2.0,1.1,51,21248.0,Pablo Rosario,4-3-1-2,3-5-1-1,François Letexier,/en/matches/3a9f8a55/Nice-Le-Havre-December-7-2024-Ligue-1,nan
FRA-Ligue 1,2425,Nice,2024-12-15 Montpellier-Nice,2024-12-15,15:00:00,Matchweek 15,Sun,Away,D,2,2,Montpellier,1.4,2.0,48,11612.0,Pablo Rosario,4-1-4-1,4-2-3-1,Clément Turpin,/en/matches/479d06f8/Montpellier-Nice-December-15-2024-Ligue-1,nan
FRA-Ligue 1,2425,Nice,2025-01-03 Nice-Rennes,2025-01-03,21:00:00,Matchweek 16,Fri,Home,W,3,2,Rennes,1.5,1.7,47,21332.0,Youssouf Ndayishimiye,4-2-3-1,3-4-3,Jérôme Brisard,/en/matches/00eeccd9/Nice-Rennes-January-3-2025-Ligue-1,nan
FRA-Ligue 1,2425,Nice,2025-01-11 Reims-Nice,2025-01-11,19:00:00,Matchweek 17,Sat,Away,W,4,2,Reims,2.5,0.8,46,12270.0,Dante,4-2-3-1,4-2-3-1,Willy Delajod,/en/matches/cdcb7386/Reims-Nice-January-11-2025-Ligue-1,nan
FRA-Ligue 1,2425,Nice,2025-01-17 Lille-Nice,2025-01-17,21:05:00,Matchweek 18,Fri,Away,L,1,2,Lille,2.8,1.1,45,38325.0,Dante,4-2-3-1,4-2-3-1,François Letexier,/en/matches/41d92573/Lille-Nice-January-17-2025-Ligue-1,nan
FRA-Ligue 1,2425,Nice,2025-01-26 Nice-Marseille,2025-01-26,20:45:00,Matchweek 19,Sun,Home,W,2,0,Marseille,1.2,0.8,29,31017.0,Dante,3-4-3,3-4-3,Eric Wattellier,/en/matches/ce373826/Nice-Marseille-January-26-2025-Ligue-1,nan
FRA-Ligue 1,2425,Nice,2025-02-02 Toulouse-Nice,2025-02-02,15:00:00,Matchweek 20,Sun,Away,D,1,1,Toulouse,1.7,1.4,46,23522.0,Dante,3-4-3,3-4-3,Thomas Léonard,/en/matches/af67aa9c/Toulouse-Nice-February-2-2025-Ligue-1,nan
FRA-Ligue 1,2425,Nice,2025-02-08 Nice-Lens,2025-02-08,17:00:00,Matchweek 21,Sat,Home,W,2,0,Lens,2.2,1.2,60,22586.0,Dante,3-4-3,5-3-2,Romain Lissorgue,/en/matches/544b155b/Nice-Lens-February-8-2025-Ligue-1,nan
FRA-Ligue 1,2425,Nice,2025-02-16 Le Havre-Nice,2025-02-16,17:15:00,Matchweek 22,Sun,Away,W,3,1,Le Havre,1.4,0.7,51,17739.0,Dante,3-4-3,4-1-4-1,Stéphanie Frappart,/en/matches/e62361b8/Le-Havre-Nice-February-16-2025-Ligue-1,nan
FRA-Ligue 1,2425,Nice,2025-02-23 Nice-Montpellier,2025-02-23,17:15:00,Matchweek 23,Sun,Home,W,2,0,Montpellier,1.8,0.6,56,18519.0,Dante,3-4-3,5-3-2,Willy Delajod,/en/matches/920fad0c/Nice-Montpellier-February-23-2025-Ligue-1,nan
FRA-Ligue 1,2425,Nice,2025-03-01 Saint-Étienne-Nice,2025-03-01,17:00:00,Matchweek 24,Sat,Away,W,3,1,Saint-Étienne,1.8,0.9,38,30070.0,Dante,3-4-3,4-2-3-1,Jérôme Brisard,/en/matches/8a209a58/Saint-Etienne-Nice-March-1-2025-Ligue-1,nan
FRA-Ligue 1,2425,Nice,2025-03-09 Nice-Lyon,2025-03-09,20:45:00,Matchweek 25,Sun,Home,L,0,2,Lyon,1.4,1.1,37,23840.0,Dante,3-4-3,4-2-3-1,Benoît Bastien,/en/matches/29e9616d/Nice-Lyon-March-9-2025-Ligue-1,nan
FRA-Ligue 1,2425,Nice,2025-03-14 Nice-Auxerre,2025-03-14,20:45:00,Matchweek 26,Fri,Home,D,1,1,Auxerre,2.0,0.7,51,18640.0,Dante,3-4-3,5-4-1,Abdelatif Kherradji,/en/matches/e91c00b1/Nice-Auxerre-March-14-2025-Ligue-1,nan
FRA-Ligue 1,2425,Nice,2025-03-29 Monaco-Nice,2025-03-29,21:05:00,Matchweek 27,Sat,Away,L,1,2,Monaco,0.5,2.4,42,11564.0,Dante,3-4-3,4-4-2,Jérôme Brisard,/en/matches/b5952890/Monaco-Nice-March-29-2025-Ligue-1,nan
FRA-Ligue 1,2425,Nice,2025-04-04 Nice-Nantes,2025-04-04,20:45:00,Matchweek 28,Fri,Home,L,1,2,Nantes,1.9,0.5,76,20585.0,Youssouf Ndayishimiye,3-4-3,3-4-3,Hakim Ben El Hadj Salem,/en/matches/3b3118ec/Nice-Nantes-April-4-2025-Ligue-1,nan
FRA-Ligue 1,2425,Nice,2025-04-12 Strasbourg-Nice,2025-04-12,21:05:00,Matchweek 29,Sat,Away,D,2,2,Strasbourg,1.7,0.7,53,19210.0,Dante,3-4-3,3-4-3,Jérémie Pignard,/en/matches/55275978/Strasbourg-Nice-April-12-2025-Ligue-1,nan
FRA-Ligue 1,2425,Nice,2025-04-20 Nice-Angers,2025-04-20,17:15:00,Matchweek 30,Sun,Home,W,2,1,Angers,2.8,0.4,53,25088.0,Youssouf Ndayishimiye,3-4-3,5-3-2,Jeremy Stinat,/en/matches/44e5cf44/Nice-Angers-April-20-2025-Ligue-1,nan
FRA-Ligue 1,2425,Nice,2025-04-25 Paris S-G-Nice,2025-04-25,20:45:00,Matchweek 31,Fri,Away,W,3,1,Paris S-G,1.0,3.0,25,47597.0,Youssouf Ndayishimiye,3-5-2,4-3-3,Willy Delajod,/en/matches/ae345c9c/Paris-Saint-Germain-Nice-April-25-2025-Ligue-1,nan
FRA-Ligue 1,2425,Nice,2025-05-02 Nice-Reims,2025-05-02,20:45:00,Matchweek 32,Fri,Home,W,1,0,Reims,1.5,1.3,55,24758.0,Pablo Rosario,3-5-2,5-4-1,Abdelatif Kherradji,/en/matches/2e39c335/Nice-Reims-May-2-2025-Ligue-1,nan
FRA-Ligue 1,2425,Nice,2025-05-10 Rennes-Nice,2025-05-10,21:00:00,Matchweek 33,Sat,Away,L,0,2,Rennes,1.1,1.7,50,26118.0,Pablo Rosario,3-5-2,4-3-3,Jeremy Stinat,/en/matches/db5269b6/Rennes-Nice-May-10-2025-Ligue-1,nan
FRA-Ligue 1,2425,Nice,2025-05-17 Nice-Brest,2025-05-17,21:00:00,Matchweek 34,Sat,Home,W,6,0,Brest,4.9,0.9,42,30298.0,Dante,3-4-3,4-1-2-1-2,Hakim Ben El Hadj Salem,/en/matches/4ff4d64e/Nice-Brest-May-17-2025-Ligue-1,nan
FRA-Ligue 1,2425,Paris S-G,2024-08-16 Le Havre-Paris S-G,2024-08-16,20:45:00,Matchweek 1,Fri,Away,W,4,1,Le Havre,2.9,0.2,76,23167.0,Achraf Hakimi,4-3-3,4-3-3,Willy Delajod,/en/matches/a6b98e33/Le-Havre-Paris-Saint-Germain-August-16-2024-Ligue-1,nan
FRA-Ligue 1,2425,Paris S-G,2024-08-23 Paris S-G-Montpellier,2024-08-23,20:45:00,Matchweek 2,Fri,Home,W,6,0,Montpellier,3.8,0.6,68,46000.0,Marquinhos,4-3-3,5-3-2,Marc Bollengier,/en/matches/910be353/Paris-Saint-Germain-Montpellier-August-23-2024-Ligue-1,nan
FRA-Ligue 1,2425,Paris S-G,2024-09-01 Lille-Paris S-G,2024-09-01,20:45:00,Matchweek 3,Sun,Away,W,3,1,Lille,2.6,1.4,58,45434.0,Marquinhos,4-3-3,3-4-3,Benoît Bastien,/en/matches/49234140/Lille-Paris-Saint-Germain-September-1-2024-Ligue-1,nan
FRA-Ligue 1,2425,Paris S-G,2024-09-14 Paris S-G-Brest,2024-09-14,21:00:00,Matchweek 4,Sat,Home,W,3,1,Brest,2.8,1.0,67,47000.0,Gianluigi Donnarumma,4-3-3,4-3-3,Clément Turpin,/en/matches/f22a7db0/Paris-Saint-Germain-Brest-September-14-2024-Ligue-1,nan
FRA-Ligue 1,2425,Paris S-G,2024-09-21 Reims-Paris S-G,2024-09-21,21:00:00,Matchweek 5,Sat,Away,D,1,1,Reims,1.6,0.3,78,20220.0,Marquinhos,4-3-3,4-3-3,Jérémie Pignard,/en/matches/7274e9a5/Reims-Paris-Saint-Germain-September-21-2024-Ligue-1,nan
FRA-Ligue 1,2425,Paris S-G,2024-09-27 Paris S-G-Rennes,2024-09-27,21:00:00,Matchweek 6,Fri,Home,W,3,1,Rennes,3.0,1.4,61,47000.0,Marquinhos,4-3-3,3-4-3,Hakim Ben El Hadj Salem,/en/matches/ab0643c6/Paris-Saint-Germain-Rennes-September-27-2024-Ligue-1,nan
FRA-Ligue 1,2425,Paris S-G,2024-10-06 Nice-Paris S-G,2024-10-06,20:45:00,Matchweek 7,Sun,Away,D,1,1,Nice,1.3,0.5,71,30247.0,Marquinhos,4-3-3,3-4-3,Jérôme Brisard,/en/matches/474dd950/Nice-Paris-Saint-Germain-October-6-2024-Ligue-1,nan
FRA-Ligue 1,2425,Paris S-G,2024-10-19 Paris S-G-Strasbourg,2024-10-19,21:00:00,Matchweek 8,Sat,Home,W,4,2,Strasbourg,3.5,1.9,55,47590.0,Gianluigi Donnarumma,4-3-3,4-2-3-1,Jeremy Stinat,/en/matches/80a16e3b/Paris-Saint-Germain-Strasbourg-October-19-2024-Ligue-1,nan
FRA-Ligue 1,2425,Paris S-G,2024-10-27 Marseille-Paris S-G,2024-10-27,20:45:00,Matchweek 9,Sun,Away,W,3,0,Marseille,3.1,0.2,74,66115.0,Marquinhos,4-3-3,4-2-3-1,François Letexier,/en/matches/c29b0d3a/Marseille-Paris-Saint-Germain-October-27-2024-Ligue-1,nan
FRA-Ligue 1,2425,Paris S-G,2024-11-02 Paris S-G-Lens,2024-11-02,17:00:00,Matchweek 10,Sat,Home,W,1,0,Lens,2.9,0.7,68,47926.0,Marquinhos,4-3-3,3-4-3,Willy Delajod,/en/matches/51cd344b/Paris-Saint-Germain-Lens-November-2-2024-Ligue-1,nan
FRA-Ligue 1,2425,Paris S-G,2024-11-09 Angers-Paris S-G,2024-11-09,21:00:00,Matchweek 11,Sat,Away,W,4,2,Angers,3.4,1.1,70,17212.0,Marquinhos,4-3-3,4-2-3-1,Benoît Millot,/en/matches/ddf738c4/Angers-Paris-Saint-Germain-November-9-2024-Ligue-1,nan
FRA-Ligue 1,2425,Paris S-G,2024-11-22 Paris S-G-Toulouse,2024-11-22,21:00:00,Matchweek 12,Fri,Home,W,3,0,Toulouse,1.1,1.4,72,47000.0,Achraf Hakimi,4-2-3-1,3-4-3,Gaël Angoula,/en/matches/740dd871/Paris-Saint-Germain-Toulouse-November-22-2024-Ligue-1,nan
FRA-Ligue 1,2425,Paris S-G,2024-11-30 Paris S-G-Nantes,2024-11-30,21:00:00,Matchweek 13,Sat,Home,D,1,1,Nantes,2.6,0.8,84,47926.0,Marquinhos,4-3-3,5-3-2,Jeremy Stinat,/en/matches/b898e0fa/Paris-Saint-Germain-Nantes-November-30-2024-Ligue-1,nan
FRA-Ligue 1,2425,Paris S-G,2024-12-06 Auxerre-Paris S-G,2024-12-06,21:00:00,Matchweek 14,Fri,Away,D,0,0,Auxerre,2.5,0.3,73,17028.0,Marquinhos,4-3-3,3-4-3,Jérémie Pignard,/en/matches/9139adc8/Auxerre-Paris-Saint-Germain-December-6-2024-Ligue-1,nan
FRA-Ligue 1,2425,Paris S-G,2024-12-15 Paris S-G-Lyon,2024-12-15,20:45:00,Matchweek 15,Sun,Home,W,3,1,Lyon,2.9,1.5,68,47000.0,Achraf Hakimi,4-3-3,4-1-4-1,Benoît Bastien,/en/matches/90a6f4dd/Paris-Saint-Germain-Lyon-December-15-2024-Ligue-1,nan
FRA-Ligue 1,2425,Paris S-G,2024-12-18 Monaco-Paris S-G,2024-12-18,21:00:00,Matchweek 16,Wed,Away,W,4,2,Monaco,1.8,2.4,60,12095.0,Marquinhos,4-3-3,4-2-3-1,François Letexier,/en/matches/b7d32870/Monaco-Paris-Saint-Germain-December-18-2024-Ligue-1,nan
FRA-Ligue 1,2425,Paris S-G,2025-01-12 Paris S-G-Saint-Étienne,2025-01-12,20:45:00,Matchweek 17,Sun,Home,W,2,1,Saint-Étienne,4.1,0.4,59,47580.0,Achraf Hakimi,4-3-3,4-3-3,Benoît Millot,/en/matches/8d5ca778/Paris-Saint-Germain-Saint-Etienne-January-12-2025-Ligue-1,nan
FRA-Ligue 1,2425,Paris S-G,2025-01-18 Lens-Paris S-G,2025-01-18,17:00:00,Matchweek 18,Sat,Away,W,2,1,Lens,1.2,0.7,66,38120.0,Gianluigi Donnarumma,3-4-3,5-3-2,Jérémie Pignard,/en/matches/f1e63652/Lens-Paris-Saint-Germain-January-18-2025-Ligue-1,nan
FRA-Ligue 1,2425,Paris S-G,2025-01-25 Paris S-G-Reims,2025-01-25,21:05:00,Matchweek 19,Sat,Home,D,1,1,Reims,1.2,0.9,78,47862.0,Gianluigi Donnarumma,4-3-3,4-2-3-1,Hakim Ben El Hadj Salem,/en/matches/c2b062af/Paris-Saint-Germain-Reims-January-25-2025-Ligue-1,nan
FRA-Ligue 1,2425,Paris S-G,2025-02-01 Brest-Paris S-G,2025-02-01,17:00:00,Matchweek 20,Sat,Away,W,5,2,Brest,3.6,0.9,65,15040.0,Marquinhos,4-3-3,4-2-3-1,Benoît Bastien,/en/matches/c84f91ac/Brest-Paris-Saint-Germain-February-1-2025-Ligue-1,nan
FRA-Ligue 1,2425,Paris S-G,2025-02-07 Paris S-G-Monaco,2025-02-07,21:05:00,Matchweek 21,Fri,Home,W,4,1,Monaco,3.1,0.9,63,47926.0,Marquinhos,4-3-3,4-4-2,Clément Turpin,/en/matches/c79c5813/Paris-Saint-Germain-Monaco-February-7-2025-Ligue-1,nan
FRA-Ligue 1,2425,Paris S-G,2025-02-15 Toulouse-Paris S-G,2025-02-15,21:05:00,Matchweek 22,Sat,Away,W,1,0,Toulouse,2.4,0.9,76,31703.0,Achraf Hakimi,4-3-3,5-4-1,Willy Delajod,/en/matches/91e2ebf6/Toulouse-Paris-Saint-Germain-February-15-2025-Ligue-1,nan
FRA-Ligue 1,2425,Paris S-G,2025-02-23 Lyon-Paris S-G,2025-02-23,20:45:00,Matchweek 23,Sun,Away,W,3,2,Lyon,2.3,1.8,65,57777.0,Marquinhos,4-3-3,4-3-3,Eric Wattellier,/en/matches/3906711b/Lyon-Paris-Saint-Germain-February-23-2025-Ligue-1,nan
FRA-Ligue 1,2425,Paris S-G,2025-03-01 Paris S-G-Lille,2025-03-01,21:05:00,Matchweek 24,Sat,Home,W,4,1,Lille,3.4,1.1,58,47838.0,Marquinhos,4-3-3,4-2-3-1,François Letexier,/en/matches/3432f5cc/Paris-Saint-Germain-Lille-March-1-2025-Ligue-1,nan
FRA-Ligue 1,2425,Paris S-G,2025-03-08 Rennes-Paris S-G,2025-03-08,17:00:00,Matchweek 25,Sat,Away,W,4,1,Rennes,3.8,1.6,68,28550.0,Warren Zaïre-Emery,4-3-3,3-4-3,Mathieu Vernice,/en/matches/24b4e6dd/Rennes-Paris-Saint-Germain-March-8-2025-Ligue-1,nan
FRA-Ligue 1,2425,Paris S-G,2025-03-16 Paris S-G-Marseille,2025-03-16,20:45:00,Matchweek 26,Sun,Home,W,3,1,Marseille,2.6,1.2,60,47000.0,Achraf Hakimi,4-3-3,3-4-3,Clément Turpin,/en/matches/ff08b7d1/Paris-Saint-Germain-Marseille-March-16-2025-Ligue-1,nan
FRA-Ligue 1,2425,Paris S-G,2025-03-29 Saint-Étienne-Paris S-G,2025-03-29,19:00:00,Matchweek 27,Sat,Away,W,6,1,Saint-Étienne,3.3,1.1,53,37108.0,Fabián Ruiz Peña,4-3-3,4-3-3,Jeremy Stinat,/en/matches/f44d3b12/Saint-Etienne-Paris-Saint-Germain-March-29-2025-Ligue-1,nan
FRA-Ligue 1,2425,Paris S-G,2025-04-05 Paris S-G-Angers,2025-04-05,17:00:00,Matchweek 28,Sat,Home,W,1,0,Angers,1.9,0.2,81,47736.0,Marquinhos,4-3-3,5-3-2,Marc Bollengier,/en/matches/85f4be0a/Paris-Saint-Germain-Angers-April-5-2025-Ligue-1,nan
FRA-Ligue 1,2425,Paris S-G,2025-04-19 Paris S-G-Le Havre,2025-04-19,17:00:00,Matchweek 30,Sat,Home,W,2,1,Le Havre,3.0,0.5,70,47113.0,Achraf Hakimi,3-4-3,4-3-3,Mathieu Vernice,/en/matches/8e397189/Paris-Saint-Germain-Le-Havre-April-19-2025-Ligue-1,nan
FRA-Ligue 1,2425,Paris S-G,2025-04-22 Nantes-Paris S-G,2025-04-22,20:45:00,Matchweek 29,Tue,Away,D,1,1,Nantes,1.6,0.5,74,34420.0,Marquinhos,4-3-3,5-3-2,Jérémie Pignard,/en/matches/170d66ea/Nantes-Paris-Saint-Germain-April-22-2025-Ligue-1,nan
FRA-Ligue 1,2425,Paris S-G,2025-04-25 Paris S-G-Nice,2025-04-25,20:45:00,Matchweek 31,Fri,Home,L,1,3,Nice,3.0,1.0,75,47597.0,Marquinhos,4-3-3,3-5-2,Willy Delajod,/en/matches/ae345c9c/Paris-Saint-Germain-Nice-April-25-2025-Ligue-1,nan
FRA-Ligue 1,2425,Paris S-G,2025-05-03 Strasbourg-Paris S-G,2025-05-03,17:00:00,Matchweek 32,Sat,Away,L,1,2,Strasbourg,1.7,0.8,64,19522.0,Warren Zaïre-Emery,3-4-3,3-4-3,Hakim Ben El Hadj Salem,/en/matches/d9c56744/Strasbourg-Paris-Saint-Germain-May-3-2025-Ligue-1,nan
FRA-Ligue 1,2425,Paris S-G,2025-05-10 Montpellier-Paris S-G,2025-05-10,21:00:00,Matchweek 33,Sat,Away,W,4,1,Montpellier,1.7,0.6,69,16787.0,Warren Zaïre-Emery,3-4-3◆,5-3-2,Mathieu Vernice,/en/matches/d083b7fa/Montpellier-Paris-Saint-Germain-May-10-2025-Ligue-1,nan
FRA-Ligue 1,2425,Paris S-G,2025-05-17 Paris S-G-Auxerre,2025-05-17,21:00:00,Matchweek 34,Sat,Home,W,3,1,Auxerre,3.1,0.6,66,47926.0,Marquinhos,4-3-3,5-4-1,Abdelatif Kherradji,/en/matches/695f3d84/Paris-Saint-Germain-Auxerre-May-17-2025-Ligue-1,nan
FRA-Ligue 1,2425,Reims,2024-08-17 Reims-Lille,2024-08-17,19:00:00,Matchweek 1,Sat,Home,L,0,2,Lille,0.1,2.1,32,14755.0,Emmanuel Agbadou,4-3-3,5-4-1,Eric Wattellier,/en/matches/06aa495e/Reims-Lille-August-17-2024-Ligue-1,nan
FRA-Ligue 1,2425,Reims,2024-08-25 Marseille-Reims,2024-08-25,20:45:00,Matchweek 2,Sun,Away,D,2,2,Marseille,0.9,3.0,34,63841.0,Emmanuel Agbadou,4-3-3,4-2-3-1,Hakim Ben El Hadj Salem,/en/matches/3a93bc8b/Marseille-Reims-August-25-2024-Ligue-1,nan
FRA-Ligue 1,2425,Reims,2024-09-01 Reims-Rennes,2024-09-01,17:00:00,Matchweek 3,Sun,Home,W,2,1,Rennes,1.4,0.8,53,12856.0,Emmanuel Agbadou,4-3-3,4-4-2,Mathieu Vernice,/en/matches/4abb133c/Reims-Rennes-September-1-2024-Ligue-1,nan
FRA-Ligue 1,2425,Reims,2024-09-15 Nantes-Reims,2024-09-15,17:00:00,Matchweek 4,Sun,Away,W,2,1,Nantes,0.5,1.5,55,29811.0,Teddy Teuma,4-3-3,4-2-3-1,Willy Delajod,/en/matches/1411fc56/Nantes-Reims-September-15-2024-Ligue-1,nan
FRA-Ligue 1,2425,Reims,2024-09-21 Reims-Paris S-G,2024-09-21,21:00:00,Matchweek 5,Sat,Home,D,1,1,Paris S-G,0.3,1.6,22,20220.0,Emmanuel Agbadou,4-3-3,4-3-3,Jérémie Pignard,/en/matches/7274e9a5/Reims-Paris-Saint-Germain-September-21-2024-Ligue-1,nan
FRA-Ligue 1,2425,Reims,2024-09-29 Angers-Reims,2024-09-29,17:00:00,Matchweek 6,Sun,Away,W,3,1,Angers,2.9,1.1,47,8526.0,Emmanuel Agbadou,4-2-3-1,4-2-3-1,Eric Wattellier,/en/matches/1ea5cb30/Angers-Reims-September-29-2024-Ligue-1,nan
FRA-Ligue 1,2425,Reims,2024-10-06 Reims-Montpellier,2024-10-06,17:00:00,Matchweek 7,Sun,Home,W,4,2,Montpellier,3.0,0.5,48,14903.0,Marshall Munetsi,4-2-3-1,4-2-3-1,Benoît Bastien,/en/matches/843fb71f/Reims-Montpellier-October-6-2024-Ligue-1,nan
FRA-Ligue 1,2425,Reims,2024-10-20 Auxerre-Reims,2024-10-20,17:00:00,Matchweek 8,Sun,Away,L,1,2,Auxerre,1.1,2.8,65,17016.0,Teddy Teuma,4-2-3-1,3-4-3,Florent Batta,/en/matches/5f02a541/Auxerre-Reims-October-20-2024-Ligue-1,nan
FRA-Ligue 1,2425,Reims,2024-10-26 Reims-Brest,2024-10-26,19:00:00,Matchweek 9,Sat,Home,L,1,2,Brest,0.7,1.5,53,17172.0,Emmanuel Agbadou,4-3-3,4-2-3-1,Jérôme Brisard,/en/matches/6e7b242b/Reims-Brest-October-26-2024-Ligue-1,nan
FRA-Ligue 1,2425,Reims,2024-11-03 Toulouse-Reims,2024-11-03,15:00:00,Matchweek 10,Sun,Away,L,0,1,Toulouse,1.1,0.9,49,23769.0,Emmanuel Agbadou,4-3-3,3-4-3,Mathieu Vernice,/en/matches/f0237d4b/Toulouse-Reims-November-3-2024-Ligue-1,nan
FRA-Ligue 1,2425,Reims,2024-11-10 Le Havre-Reims,2024-11-10,17:00:00,Matchweek 11,Sun,Away,W,3,0,Le Havre,2.6,1.4,45,19256.0,Emmanuel Agbadou,4-3-3,3-4-3,Hakim Ben El Hadj Salem,/en/matches/63390fe7/Le-Havre-Reims-November-10-2024-Ligue-1,nan
FRA-Ligue 1,2425,Reims,2024-11-23 Reims-Lyon,2024-11-23,21:00:00,Matchweek 12,Sat,Home,D,1,1,Lyon,1.0,1.7,41,18500.0,Marshall Munetsi,4-2-3-1,4-2-3-1,Stéphanie Frappart,/en/matches/4da20576/Reims-Lyon-November-23-2024-Ligue-1,nan
FRA-Ligue 1,2425,Reims,2024-11-29 Reims-Lens,2024-11-29,20:45:00,Matchweek 13,Fri,Home,L,0,2,Lens,0.8,1.8,52,18555.0,Teddy Teuma,4-3-3,4-2-3-1,Abdelatif Kherradji,/en/matches/a4c0898c/Reims-Lens-November-29-2024-Ligue-1,nan
FRA-Ligue 1,2425,Reims,2024-12-08 Strasbourg-Reims,2024-12-08,17:00:00,Matchweek 14,Sun,Away,D,0,0,Strasbourg,1.1,0.8,52,19369.0,Emmanuel Agbadou,4-2-3-1,4-2-3-1,Thomas Léonard,/en/matches/74299224/Strasbourg-Reims-December-8-2024-Ligue-1,nan
FRA-Ligue 1,2425,Reims,2024-12-14 Reims-Monaco,2024-12-14,21:00:00,Matchweek 15,Sat,Home,D,0,0,Monaco,1.5,1.3,36,15859.0,Emmanuel Agbadou,4-2-3-1,3-4-3,Romain Lissorgue,/en/matches/f422e8b0/Reims-Monaco-December-14-2024-Ligue-1,nan
FRA-Ligue 1,2425,Reims,2025-01-04 Saint-Étienne-Reims,2025-01-04,17:00:00,Matchweek 16,Sat,Away,L,1,3,Saint-Étienne,1.1,2.2,47,14201.0,Marshall Munetsi,4-3-3,4-3-3,Stéphanie Frappart,/en/matches/09e72954/Saint-Etienne-Reims-January-4-2025-Ligue-1,nan
FRA-Ligue 1,2425,Reims,2025-01-11 Reims-Nice,2025-01-11,19:00:00,Matchweek 17,Sat,Home,L,2,4,Nice,0.8,2.5,54,12270.0,Teddy Teuma,4-2-3-1,4-2-3-1,Willy Delajod,/en/matches/cdcb7386/Reims-Nice-January-11-2025-Ligue-1,nan
FRA-Ligue 1,2425,Reims,2025-01-19 Reims-Le Havre,2025-01-19,17:15:00,Matchweek 18,Sun,Home,D,1,1,Le Havre,0.8,0.8,55,11278.0,Teddy Teuma,4-2-3-1,4-4-2,Mathieu Vernice,/en/matches/7e7a280a/Reims-Le-Havre-January-19-2025-Ligue-1,nan
FRA-Ligue 1,2425,Reims,2025-01-25 Paris S-G-Reims,2025-01-25,21:05:00,Matchweek 19,Sat,Away,D,1,1,Paris S-G,0.9,1.2,22,47862.0,Teddy Teuma,4-2-3-1,4-3-3,Hakim Ben El Hadj Salem,/en/matches/c2b062af/Paris-Saint-Germain-Reims-January-25-2025-Ligue-1,nan
FRA-Ligue 1,2425,Reims,2025-02-02 Reims-Nantes,2025-02-02,17:15:00,Matchweek 20,Sun,Home,L,1,2,Nantes,1.0,2.0,55,12712.0,Marshall Munetsi,4-2-3-1,4-3-3,Benoît Millot,/en/matches/eee9fd86/Reims-Nantes-February-2-2025-Ligue-1,nan
FRA-Ligue 1,2425,Reims,2025-02-09 Lyon-Reims,2025-02-09,15:00:00,Matchweek 21,Sun,Away,L,0,4,Lyon,0.4,3.3,33,43489.0,Yehvann Diouf,4-3-3,4-2-3-1,François Letexier,/en/matches/48caa08f/Lyon-Reims-February-9-2025-Ligue-1,nan
FRA-Ligue 1,2425,Reims,2025-02-16 Reims-Angers,2025-02-16,17:15:00,Matchweek 22,Sun,Home,L,0,1,Angers,1.7,1.5,63,11868.0,Yehvann Diouf,4-3-3,4-2-3-1,Florent Batta,/en/matches/bc4d9e67/Reims-Angers-February-16-2025-Ligue-1,nan
FRA-Ligue 1,2425,Reims,2025-02-21 Rennes-Reims,2025-02-21,20:45:00,Matchweek 23,Fri,Away,L,0,1,Rennes,0.1,2.3,42,26818.0,Teddy Teuma,4-2-3-1,3-5-2,Marc Bollengier,/en/matches/329233bd/Rennes-Reims-February-21-2025-Ligue-1,nan
FRA-Ligue 1,2425,Reims,2025-02-28 Monaco-Reims,2025-02-28,20:45:00,Matchweek 24,Fri,Away,L,0,3,Monaco,0.6,3.8,44,5517.0,Teddy Teuma,5-3-2,4-2-3-1,Eric Wattellier,/en/matches/f354ea51/Monaco-Reims-February-28-2025-Ligue-1,nan
FRA-Ligue 1,2425,Reims,2025-03-09 Reims-Auxerre,2025-03-09,17:15:00,Matchweek 25,Sun,Home,L,0,2,Auxerre,1.4,2.1,57,15474.0,Teddy Teuma,4-2-3-1,5-4-1,Romain Lissorgue,/en/matches/5a7ff7ce/Reims-Auxerre-March-9-2025-Ligue-1,nan
FRA-Ligue 1,2425,Reims,2025-03-16 Brest-Reims,2025-03-16,17:15:00,Matchweek 26,Sun,Away,D,0,0,Brest,1.3,0.3,29,14517.0,Yehvann Diouf,4-5-1,4-3-3,Jérôme Brisard,/en/matches/28e7c1e6/Brest-Reims-March-16-2025-Ligue-1,nan
FRA-Ligue 1,2425,Reims,2025-03-29 Reims-Marseille,2025-03-29,17:00:00,Matchweek 27,Sat,Home,W,3,1,Marseille,1.0,1.1,20,20213.0,Yehvann Diouf,5-4-1,3-4-3,Willy Delajod,/en/matches/e3656ea1/Reims-Marseille-March-29-2025-Ligue-1,nan
FRA-Ligue 1,2425,Reims,2025-04-06 Reims-Strasbourg,2025-04-06,17:15:00,Matchweek 28,Sun,Home,L,0,1,Strasbourg,1.3,2.5,48,16254.0,Yehvann Diouf,5-4-1,3-4-3,Clément Turpin,/en/matches/44834f60/Reims-Strasbourg-April-6-2025-Ligue-1,nan
FRA-Ligue 1,2425,Reims,2025-04-11 Lens-Reims,2025-04-11,20:45:00,Matchweek 29,Fri,Away,W,2,0,Lens,1.4,2.9,30,38157.0,Yehvann Diouf,5-4-1,3-4-3,François Letexier,/en/matches/1fafebba/Lens-Reims-April-11-2025-Ligue-1,nan
FRA-Ligue 1,2425,Reims,2025-04-20 Reims-Toulouse,2025-04-20,17:15:00,Matchweek 30,Sun,Home,W,1,0,Toulouse,0.7,1.3,52,14608.0,Yehvann Diouf,5-4-1,3-4-3,Marc Bollengier,/en/matches/86146582/Reims-Toulouse-April-20-2025-Ligue-1,nan
FRA-Ligue 1,2425,Reims,2025-04-27 Montpellier-Reims,2025-04-27,17:15:00,Matchweek 31,Sun,Away,D,0,0,Montpellier,0.7,0.6,47,10806.0,Yehvann Diouf,5-4-1,5-4-1,Jérémie Pignard,/en/matches/6ff732c6/Montpellier-Reims-April-27-2025-Ligue-1,nan
FRA-Ligue 1,2425,Reims,2025-05-02 Nice-Reims,2025-05-02,20:45:00,Matchweek 32,Fri,Away,L,0,1,Nice,1.3,1.5,45,24758.0,Yehvann Diouf,5-4-1,3-5-2,Abdelatif Kherradji,/en/matches/2e39c335/Nice-Reims-May-2-2025-Ligue-1,nan
FRA-Ligue 1,2425,Reims,2025-05-10 Reims-Saint-Étienne,2025-05-10,21:00:00,Matchweek 33,Sat,Home,L,0,2,Saint-Étienne,1.9,0.7,49,18630.0,Yehvann Diouf,5-4-1,4-3-3,Eric Wattellier,/en/matches/e0ae4f10/Reims-Saint-Etienne-May-10-2025-Ligue-1,nan
FRA-Ligue 1,2425,Reims,2025-05-17 Lille-Reims,2025-05-17,21:00:00,Matchweek 34,Sat,Away,L,1,2,Lille,0.1,2.0,22,45599.0,Yehvann Diouf,5-4-1,4-2-3-1,Willy Delajod,/en/matches/788e598c/Lille-Reims-May-17-2025-Ligue-1,nan
FRA-Ligue 1,2425,Rennes,2024-08-18 Rennes-Lyon,2024-08-18,20:45:00,Matchweek 1,Sun,Home,W,3,0,Lyon,2.0,2.1,47,26026.0,Steve Mandanda,4-1-2-1-2◆,4-3-3,Benoît Millot,/en/matches/bc46a367/Rennes-Lyon-August-18-2024-Ligue-1,nan
FRA-Ligue 1,2425,Rennes,2024-08-25 Strasbourg-Rennes,2024-08-25,17:00:00,Matchweek 2,Sun,Away,L,1,3,Strasbourg,1.1,0.7,41,19026.0,Steve Mandanda,4-3-1-2,3-4-1-2,Eric Wattellier,/en/matches/efa54e4b/Strasbourg-Rennes-August-25-2024-Ligue-1,nan
FRA-Ligue 1,2425,Rennes,2024-09-01 Reims-Rennes,2024-09-01,17:00:00,Matchweek 3,Sun,Away,L,1,2,Reims,0.8,1.4,47,12856.0,Steve Mandanda,4-4-2,4-3-3,Mathieu Vernice,/en/matches/4abb133c/Reims-Rennes-September-1-2024-Ligue-1,nan
FRA-Ligue 1,2425,Rennes,2024-09-15 Rennes-Montpellier,2024-09-15,15:00:00,Matchweek 4,Sun,Home,W,3,0,Montpellier,1.3,0.3,51,27451.0,Steve Mandanda,3-4-3,4-2-3-1,Jérémie Pignard,/en/matches/984e7243/Rennes-Montpellier-September-15-2024-Ligue-1,nan
FRA-Ligue 1,2425,Rennes,2024-09-21 Rennes-Lens,2024-09-21,19:00:00,Matchweek 5,Sat,Home,D,1,1,Lens,1.4,0.6,40,28500.0,Steve Mandanda,3-4-3,3-4-1-2,Jeremy Stinat,/en/matches/73dc5828/Rennes-Lens-September-21-2024-Ligue-1,nan
FRA-Ligue 1,2425,Rennes,2024-09-27 Paris S-G-Rennes,2024-09-27,21:00:00,Matchweek 6,Fri,Away,L,1,3,Paris S-G,1.4,3.0,39,47000.0,Steve Mandanda,3-4-3,4-3-3,Hakim Ben El Hadj Salem,/en/matches/ab0643c6/Paris-Saint-Germain-Rennes-September-27-2024-Ligue-1,nan
FRA-Ligue 1,2425,Rennes,2024-10-05 Rennes-Monaco,2024-10-05,21:00:00,Matchweek 7,Sat,Home,L,1,2,Monaco,0.7,0.6,58,26533.0,Steve Mandanda,3-4-3,3-4-3,Thomas Léonard,/en/matches/f7072ea6/Rennes-Monaco-October-5-2024-Ligue-1,nan
FRA-Ligue 1,2425,Rennes,2024-10-19 Brest-Rennes,2024-10-19,17:00:00,Matchweek 8,Sat,Away,D,1,1,Brest,1.2,1.5,44,15099.0,Steve Mandanda,3-4-3,4-3-3,Bastien Dechepy,/en/matches/e2a10c83/Brest-Rennes-October-19-2024-Ligue-1,nan
FRA-Ligue 1,2425,Rennes,2024-10-25 Rennes-Le Havre,2024-10-25,20:45:00,Matchweek 9,Fri,Home,W,1,0,Le Havre,1.5,0.4,60,27130.0,Steve Mandanda,4-2-3-1,3-1-4-2,Florent Batta,/en/matches/603efa49/Rennes-Le-Havre-October-25-2024-Ligue-1,nan
FRA-Ligue 1,2425,Rennes,2024-11-03 Auxerre-Rennes,2024-11-03,17:00:00,Matchweek 10,Sun,Away,L,0,4,Auxerre,0.9,2.8,61,16366.0,Steve Mandanda,4-1-4-1,3-4-3,Gaël Angoula,/en/matches/acc30562/Auxerre-Rennes-November-3-2024-Ligue-1,nan
FRA-Ligue 1,2425,Rennes,2024-11-10 Rennes-Toulouse,2024-11-10,17:00:00,Matchweek 11,Sun,Home,L,0,2,Toulouse,0.6,1.4,67,27525.0,Steve Mandanda,4-2-3-1,3-4-3,Romain Lissorgue,/en/matches/a7965d75/Rennes-Toulouse-November-10-2024-Ligue-1,nan
FRA-Ligue 1,2425,Rennes,2024-11-24 Lille-Rennes,2024-11-24,15:00:00,Matchweek 12,Sun,Away,L,0,1,Lille,0.2,0.4,48,46019.0,Steve Mandanda,3-4-3,4-2-3-1,Mathieu Vernice,/en/matches/240126d9/Lille-Rennes-November-24-2024-Ligue-1,nan
FRA-Ligue 1,2425,Rennes,2024-11-30 Rennes-Saint-Étienne,2024-11-30,17:00:00,Matchweek 13,Sat,Home,W,5,0,Saint-Étienne,3.2,0.1,71,27586.0,Steve Mandanda,3-4-3,5-4-1,Marc Bollengier,/en/matches/546b6937/Rennes-Saint-Etienne-November-30-2024-Ligue-1,nan
FRA-Ligue 1,2425,Rennes,2024-12-08 Nantes-Rennes,2024-12-08,17:00:00,Matchweek 14,Sun,Away,L,0,1,Nantes,0.4,1.2,53,28418.0,Steve Mandanda,3-4-3,5-3-2,Eric Wattellier,/en/matches/f45bb195/Nantes-Rennes-December-8-2024-Ligue-1,nan
FRA-Ligue 1,2425,Rennes,2024-12-15 Rennes-Angers,2024-12-15,17:00:00,Matchweek 15,Sun,Home,W,2,0,Angers,0.6,0.4,44,27781.0,Steve Mandanda,3-5-1-1,4-2-3-1,Hakim Ben El Hadj Salem,/en/matches/fae57b16/Rennes-Angers-December-15-2024-Ligue-1,nan
FRA-Ligue 1,2425,Rennes,2025-01-03 Nice-Rennes,2025-01-03,21:00:00,Matchweek 16,Fri,Away,L,2,3,Nice,1.7,1.5,53,21332.0,Steve Mandanda,3-4-3,4-2-3-1,Jérôme Brisard,/en/matches/00eeccd9/Nice-Rennes-January-3-2025-Ligue-1,nan
FRA-Ligue 1,2425,Rennes,2025-01-11 Rennes-Marseille,2025-01-11,21:05:00,Matchweek 17,Sat,Home,L,1,2,Marseille,1.2,1.7,36,26837.0,Adrien Truffert,3-4-3,3-4-3,Abdelatif Kherradji,/en/matches/e23cca77/Rennes-Marseille-January-11-2025-Ligue-1,nan
FRA-Ligue 1,2425,Rennes,2025-01-18 Rennes-Brest,2025-01-18,19:00:00,Matchweek 18,Sat,Home,L,1,2,Brest,1.5,1.0,68,28238.0,Adrien Truffert,3-4-3,4-2-2-2,Thomas Léonard,/en/matches/39a945d8/Rennes-Brest-January-18-2025-Ligue-1,nan
FRA-Ligue 1,2425,Rennes,2025-01-25 Monaco-Rennes,2025-01-25,17:00:00,Matchweek 19,Sat,Away,L,2,3,Monaco,1.8,3.5,48,5725.0,Adrien Truffert,3-4-3,4-2-3-1,Jeremy Stinat,/en/matches/5cbd8070/Monaco-Rennes-January-25-2025-Ligue-1,nan
FRA-Ligue 1,2425,Rennes,2025-02-02 Rennes-Strasbourg,2025-02-02,17:15:00,Matchweek 20,Sun,Home,W,1,0,Strasbourg,0.9,1.2,46,26621.0,Adrien Truffert,3-4-3,3-4-3,Stéphanie Frappart,/en/matches/e9da9682/Rennes-Strasbourg-February-2-2025-Ligue-1,nan
FRA-Ligue 1,2425,Rennes,2025-02-08 Saint-Étienne-Rennes,2025-02-08,21:05:00,Matchweek 21,Sat,Away,W,2,0,Saint-Étienne,3.6,0.5,47,30385.0,Adrien Truffert,3-4-3,4-3-3,Mathieu Vernice,/en/matches/de805721/Saint-Etienne-Rennes-February-8-2025-Ligue-1,nan
FRA-Ligue 1,2425,Rennes,2025-02-16 Rennes-Lille,2025-02-16,20:45:00,Matchweek 22,Sun,Home,L,0,2,Lille,0.4,3.0,37,27627.0,Adrien Truffert,3-4-3,4-2-3-1,Romain Lissorgue,/en/matches/f2bcec96/Rennes-Lille-February-16-2025-Ligue-1,nan
FRA-Ligue 1,2425,Rennes,2025-02-21 Rennes-Reims,2025-02-21,20:45:00,Matchweek 23,Fri,Home,W,1,0,Reims,2.3,0.1,58,26818.0,Adrien Truffert,3-5-2,4-2-3-1,Marc Bollengier,/en/matches/329233bd/Rennes-Reims-February-21-2025-Ligue-1,nan
FRA-Ligue 1,2425,Rennes,2025-03-02 Montpellier-Rennes,2025-03-02,17:15:00,Matchweek 24,Sun,Away,W,4,0,Montpellier,2.4,1.6,54,11990.0,Adrien Truffert,3-5-2,5-3-2,Florent Batta,/en/matches/5739a5ae/Montpellier-Rennes-March-2-2025-Ligue-1,nan
FRA-Ligue 1,2425,Rennes,2025-03-08 Rennes-Paris S-G,2025-03-08,17:00:00,Matchweek 25,Sat,Home,L,1,4,Paris S-G,1.6,3.8,32,28550.0,Adrien Truffert,3-4-3,4-3-3,Mathieu Vernice,/en/matches/24b4e6dd/Rennes-Paris-Saint-Germain-March-8-2025-Ligue-1,nan
FRA-Ligue 1,2425,Rennes,2025-03-15 Lens-Rennes,2025-03-15,21:05:00,Matchweek 26,Sat,Away,L,0,1,Lens,0.6,0.7,54,38182.0,Adrien Truffert,3-5-2,3-4-3,Stéphanie Frappart,/en/matches/e042d34f/Lens-Rennes-March-15-2025-Ligue-1,nan
FRA-Ligue 1,2425,Rennes,2025-03-30 Angers-Rennes,2025-03-30,17:15:00,Matchweek 27,Sun,Away,W,3,0,Angers,1.5,1.0,57,11747.0,Adrien Truffert,3-4-3,4-3-3,Thomas Léonard,/en/matches/ea71bfda/Angers-Rennes-March-30-2025-Ligue-1,nan
FRA-Ligue 1,2425,Rennes,2025-04-06 Rennes-Auxerre,2025-04-06,17:15:00,Matchweek 28,Sun,Home,L,0,1,Auxerre,1.2,0.8,63,38268.0,Adrien Truffert,3-4-3,5-4-1,Florent Batta,/en/matches/cd76c50c/Rennes-Auxerre-April-6-2025-Ligue-1,nan
FRA-Ligue 1,2425,Rennes,2025-04-13 Le Havre-Rennes,2025-04-13,17:15:00,Matchweek 29,Sun,Away,W,5,1,Le Havre,2.7,0.6,44,21582.0,Adrien Truffert,3-5-2,4-2-3-1,Willy Delajod,/en/matches/9c967c61/Le-Havre-Rennes-April-13-2025-Ligue-1,nan
FRA-Ligue 1,2425,Rennes,2025-04-18 Rennes-Nantes,2025-04-18,20:45:00,Matchweek 30,Fri,Home,W,2,1,Nantes,2.7,0.7,64,27880.0,Adrien Truffert,3-5-2,3-4-3,Abdelatif Kherradji,/en/matches/6dc7499b/Rennes-Nantes-April-18-2025-Ligue-1,nan
FRA-Ligue 1,2425,Rennes,2025-04-26 Lyon-Rennes,2025-04-26,21:05:00,Matchweek 31,Sat,Away,L,1,4,Lyon,0.8,1.8,47,51034.0,Adrien Truffert,3-5-2,4-2-3-1,Marc Bollengier,/en/matches/5f2584e1/Lyon-Rennes-April-26-2025-Ligue-1,nan
FRA-Ligue 1,2425,Rennes,2025-05-03 Toulouse-Rennes,2025-05-03,19:00:00,Matchweek 32,Sat,Away,L,1,2,Toulouse,1.4,0.7,61,23926.0,Adrien Truffert,3-4-3,3-4-3,Benoît Millot,/en/matches/ffb99c84/Toulouse-Rennes-May-3-2025-Ligue-1,nan
FRA-Ligue 1,2425,Rennes,2025-05-10 Rennes-Nice,2025-05-10,21:00:00,Matchweek 33,Sat,Home,W,2,0,Nice,1.7,1.1,50,26118.0,Adrien Truffert,4-3-3,3-5-2,Jeremy Stinat,/en/matches/db5269b6/Rennes-Nice-May-10-2025-Ligue-1,nan
FRA-Ligue 1,2425,Rennes,2025-05-17 Marseille-Rennes,2025-05-17,21:00:00,Matchweek 34,Sat,Away,L,2,4,Marseille,1.3,3.9,40,57274.0,Adrien Truffert,4-1-4-1,4-3-3,Jérémie Pignard,/en/matches/36fee283/Marseille-Rennes-May-17-2025-Ligue-1,nan
FRA-Ligue 1,2425,Saint-Étienne,2024-08-17 Monaco-Saint-Étienne,2024-08-17,21:00:00,Matchweek 1,Sat,Away,L,0,1,Monaco,0.4,2.0,39,14250.0,Yunis Abdelhamid,4-1-4-1,4-4-2,Clément Turpin,/en/matches/f84bb85e/Monaco-Saint-Etienne-August-17-2024-Ligue-1,nan
FRA-Ligue 1,2425,Saint-Étienne,2024-08-24 Saint-Étienne-Le Havre,2024-08-24,21:00:00,Matchweek 2,Sat,Home,L,0,2,Le Havre,1.1,2.4,59,16958.0,Yunis Abdelhamid,4-1-4-1,5-4-1,Florent Batta,/en/matches/fd677aba/Saint-Etienne-Le-Havre-August-24-2024-Ligue-1,nan
FRA-Ligue 1,2425,Saint-Étienne,2024-08-31 Brest-Saint-Étienne,2024-08-31,17:00:00,Matchweek 3,Sat,Away,L,0,4,Brest,0.2,3.1,53,14885.0,Yunis Abdelhamid,4-2-3-1,4-3-3,Gaël Angoula,/en/matches/82c19aa6/Brest-Saint-Etienne-August-31-2024-Ligue-1,nan
FRA-Ligue 1,2425,Saint-Étienne,2024-09-13 Saint-Étienne-Lille,2024-09-13,20:45:00,Matchweek 4,Fri,Home,W,1,0,Lille,1.2,1.2,30,23000.0,Yunis Abdelhamid,4-1-4-1,5-4-1,François Letexier,/en/matches/47e23fb5/Saint-Etienne-Lille-September-13-2024-Ligue-1,nan
FRA-Ligue 1,2425,Saint-Étienne,2024-09-20 Nice-Saint-Étienne,2024-09-20,20:45:00,Matchweek 5,Fri,Away,L,0,8,Nice,0.3,4.7,41,30024.0,Yunis Abdelhamid,4-3-3,3-4-3,Thomas Léonard,/en/matches/85495c0d/Nice-Saint-Etienne-September-20-2024-Ligue-1,nan
FRA-Ligue 1,2425,Saint-Étienne,2024-09-29 Nantes-Saint-Étienne,2024-09-29,17:00:00,Matchweek 6,Sun,Away,D,2,2,Nantes,1.0,1.8,39,34005.0,Gautier Larsonneur,4-3-3,4-2-3-1,Abdelatif Kherradji,/en/matches/38a94d90/Nantes-Saint-Etienne-September-29-2024-Ligue-1,nan
FRA-Ligue 1,2425,Saint-Étienne,2024-10-05 Saint-Étienne-Auxerre,2024-10-05,17:00:00,Matchweek 7,Sat,Home,W,3,1,Auxerre,2.7,0.8,42,31445.0,Gautier Larsonneur,4-3-3,3-4-3,Mathieu Vernice,/en/matches/752978b2/Saint-Etienne-Auxerre-October-5-2024-Ligue-1,nan
FRA-Ligue 1,2425,Saint-Étienne,2024-10-19 Saint-Étienne-Lens,2024-10-19,19:00:00,Matchweek 8,Sat,Home,L,0,2,Lens,0.8,1.2,37,36832.0,Yunis Abdelhamid,4-3-3,3-4-3,Romain Lissorgue,/en/matches/0782c73c/Saint-Etienne-Lens-October-19-2024-Ligue-1,nan
FRA-Ligue 1,2425,Saint-Étienne,2024-10-26 Angers-Saint-Étienne,2024-10-26,17:00:00,Matchweek 9,Sat,Away,L,2,4,Angers,1.5,2.9,58,13796.0,Yunis Abdelhamid,4-1-4-1,4-2-3-1,Marc Bollengier,/en/matches/61752f42/Angers-Saint-Etienne-October-26-2024-Ligue-1,nan
FRA-Ligue 1,2425,Saint-Étienne,2024-11-02 Saint-Étienne-Strasbourg,2024-11-02,21:00:00,Matchweek 10,Sat,Home,W,2,0,Strasbourg,2.8,0.5,36,33043.0,Gautier Larsonneur,4-1-4-1,3-4-1-2,Eric Wattellier,/en/matches/535bbc15/Saint-Etienne-Strasbourg-November-2-2024-Ligue-1,nan
FRA-Ligue 1,2425,Saint-Étienne,2024-11-10 Lyon-Saint-Étienne,2024-11-10,20:45:00,Matchweek 11,Sun,Away,L,0,1,Lyon,0.6,1.1,38,58082.0,Gautier Larsonneur,4-1-4-1,4-3-3,Willy Delajod,/en/matches/e552596a/Lyon-Saint-Etienne-November-10-2024-Ligue-1,nan
FRA-Ligue 1,2425,Saint-Étienne,2024-11-23 Saint-Étienne-Montpellier,2024-11-23,19:00:00,Matchweek 12,Sat,Home,W,1,0,Montpellier,1.5,0.9,33,33008.0,Gautier Larsonneur,5-4-1,4-2-3-1,Florent Batta,/en/matches/90c0c091/Saint-Etienne-Montpellier-November-23-2024-Ligue-1,nan
FRA-Ligue 1,2425,Saint-Étienne,2024-11-30 Rennes-Saint-Étienne,2024-11-30,17:00:00,Matchweek 13,Sat,Away,L,0,5,Rennes,0.1,3.2,29,27586.0,Gautier Larsonneur,5-4-1,3-4-3,Marc Bollengier,/en/matches/546b6937/Rennes-Saint-Etienne-November-30-2024-Ligue-1,nan
FRA-Ligue 1,2425,Saint-Étienne,2024-12-08 Saint-Étienne-Marseille,2024-12-08,20:45:00,Matchweek 14,Sun,Home,L,0,2,Marseille,0.1,2.5,32,35350.0,Gautier Larsonneur,5-4-1,3-4-3,Jérôme Brisard,/en/matches/e865637d/Saint-Etienne-Marseille-December-8-2024-Ligue-1,nan
FRA-Ligue 1,2425,Saint-Étienne,2024-12-13 Toulouse-Saint-Étienne,2024-12-13,20:45:00,Matchweek 15,Fri,Away,L,1,2,Toulouse,0.5,1.4,61,25350.0,Gautier Larsonneur,3-5-2,3-4-3,Thomas Léonard,/en/matches/737388fc/Toulouse-Saint-Etienne-December-13-2024-Ligue-1,nan
FRA-Ligue 1,2425,Saint-Étienne,2025-01-04 Saint-Étienne-Reims,2025-01-04,17:00:00,Matchweek 16,Sat,Home,W,3,1,Reims,2.2,1.1,53,14201.0,Gautier Larsonneur,4-3-3,4-3-3,Stéphanie Frappart,/en/matches/09e72954/Saint-Etienne-Reims-January-4-2025-Ligue-1,nan
FRA-Ligue 1,2425,Saint-Étienne,2025-01-12 Paris S-G-Saint-Étienne,2025-01-12,20:45:00,Matchweek 17,Sun,Away,L,1,2,Paris S-G,0.4,4.1,41,47580.0,Gautier Larsonneur,4-3-3,4-3-3,Benoît Millot,/en/matches/8d5ca778/Paris-Saint-Germain-Saint-Etienne-January-12-2025-Ligue-1,nan
FRA-Ligue 1,2425,Saint-Étienne,2025-01-19 Saint-Étienne-Nantes,2025-01-19,15:00:00,Matchweek 18,Sun,Home,D,1,1,Nantes,0.8,1.3,75,14094.0,Gautier Larsonneur,4-3-3,4-1-4-1,Florent Batta,/en/matches/c47f8bb5/Saint-Etienne-Nantes-January-19-2025-Ligue-1,nan
FRA-Ligue 1,2425,Saint-Étienne,2025-01-24 Auxerre-Saint-Étienne,2025-01-24,20:45:00,Matchweek 19,Fri,Away,D,1,1,Auxerre,1.2,0.8,63,16805.0,Gautier Larsonneur,4-3-3,5-4-1,Marc Bollengier,/en/matches/7ad35976/Auxerre-Saint-Etienne-January-24-2025-Ligue-1,nan
FRA-Ligue 1,2425,Saint-Étienne,2025-02-01 Lille-Saint-Étienne,2025-02-01,21:05:00,Matchweek 20,Sat,Away,L,1,4,Lille,2.0,3.4,33,38924.0,Gautier Larsonneur,4-3-3,4-2-3-1,Eric Wattellier,/en/matches/41e764ae/Lille-Saint-Etienne-February-1-2025-Ligue-1,nan
FRA-Ligue 1,2425,Saint-Étienne,2025-02-08 Saint-Étienne-Rennes,2025-02-08,21:05:00,Matchweek 21,Sat,Home,L,0,2,Rennes,0.5,3.6,53,30385.0,Gautier Larsonneur,4-3-3,3-4-3,Mathieu Vernice,/en/matches/de805721/Saint-Etienne-Rennes-February-8-2025-Ligue-1,nan
FRA-Ligue 1,2425,Saint-Étienne,2025-02-15 Marseille-Saint-Étienne,2025-02-15,17:00:00,Matchweek 22,Sat,Away,L,1,5,Marseille,1.0,6.1,30,66199.0,Gautier Larsonneur,4-3-3,3-4-1-2,Abdelatif Kherradji,/en/matches/0a71ff58/Marseille-Saint-Etienne-February-15-2025-Ligue-1,nan
FRA-Ligue 1,2425,Saint-Étienne,2025-02-22 Saint-Étienne-Angers,2025-02-22,19:00:00,Matchweek 23,Sat,Home,D,3,3,Angers,1.5,2.9,61,30566.0,Gautier Larsonneur,4-3-3,4-2-3-1,Bastien Dechepy,/en/matches/80854674/Saint-Etienne-Angers-February-22-2025-Ligue-1,nan
FRA-Ligue 1,2425,Saint-Étienne,2025-03-01 Saint-Étienne-Nice,2025-03-01,17:00:00,Matchweek 24,Sat,Home,L,1,3,Nice,0.9,1.8,62,30070.0,Gautier Larsonneur,4-2-3-1,3-4-3,Jérôme Brisard,/en/matches/8a209a58/Saint-Etienne-Nice-March-1-2025-Ligue-1,nan
FRA-Ligue 1,2425,Saint-Étienne,2025-03-09 Le Havre-Saint-Étienne,2025-03-09,17:15:00,Matchweek 25,Sun,Away,D,1,1,Le Havre,1.5,2.0,54,22239.0,Gautier Larsonneur,4-2-3-1,4-2-3-1,Clément Turpin,/en/matches/7055dbbe/Le-Havre-Saint-Etienne-March-9-2025-Ligue-1,nan
FRA-Ligue 1,2425,Saint-Étienne,2025-03-16 Montpellier-Saint-Étienne,2025-03-16,17:15:00,Matchweek 26,Sun,Away,W,2,0,Montpellier,,,59,,Gautier Larsonneur,4-3-3,4-2-3-1,François Letexier,/en/matches/15ee650c/Montpellier-Saint-Etienne-March-16-2025-Ligue-1,Match awarded to Saint-Étienne
FRA-Ligue 1,2425,Saint-Étienne,2025-03-29 Saint-Étienne-Paris S-G,2025-03-29,19:00:00,Matchweek 27,Sat,Home,L,1,6,Paris S-G,1.1,3.3,47,37108.0,Gautier Larsonneur,4-3-3,4-3-3,Jeremy Stinat,/en/matches/f44d3b12/Saint-Etienne-Paris-Saint-Germain-March-29-2025-Ligue-1,nan
FRA-Ligue 1,2425,Saint-Étienne,2025-04-06 Lens-Saint-Étienne,2025-04-06,15:00:00,Matchweek 28,Sun,Away,L,0,1,Lens,1.4,2.1,40,38223.0,Gautier Larsonneur,4-3-3,3-4-1-2,Romain Lissorgue,/en/matches/859cd779/Lens-Saint-Etienne-April-6-2025-Ligue-1,nan
FRA-Ligue 1,2425,Saint-Étienne,2025-04-13 Saint-Étienne-Brest,2025-04-13,15:00:00,Matchweek 29,Sun,Home,D,3,3,Brest,0.7,1.5,59,32834.0,Gautier Larsonneur,4-3-3,4-2-3-1,Abdelatif Kherradji,/en/matches/8a453c4e/Saint-Etienne-Brest-April-13-2025-Ligue-1,nan
FRA-Ligue 1,2425,Saint-Étienne,2025-04-20 Saint-Étienne-Lyon,2025-04-20,20:45:00,Matchweek 30,Sun,Home,W,2,1,Lyon,1.6,0.8,40,40372.0,Gautier Larsonneur,4-3-3,4-2-2-2,François Letexier,/en/matches/19228d4a/Saint-Etienne-Lyon-April-20-2025-Ligue-1,nan
FRA-Ligue 1,2425,Saint-Étienne,2025-04-26 Strasbourg-Saint-Étienne,2025-04-26,17:00:00,Matchweek 31,Sat,Away,L,1,3,Strasbourg,2.1,2.7,49,19603.0,Gautier Larsonneur,4-3-3,3-4-3,Benoît Bastien,/en/matches/ca1e1dc1/Strasbourg-Saint-Etienne-April-26-2025-Ligue-1,nan
FRA-Ligue 1,2425,Saint-Étienne,2025-05-03 Saint-Étienne-Monaco,2025-05-03,21:05:00,Matchweek 32,Sat,Home,L,1,3,Monaco,0.6,2.0,59,35757.0,Gautier Larsonneur,4-3-3,4-4-2,Jérôme Brisard,/en/matches/4e6718ec/Saint-Etienne-Monaco-May-3-2025-Ligue-1,nan
FRA-Ligue 1,2425,Saint-Étienne,2025-05-10 Reims-Saint-Étienne,2025-05-10,21:00:00,Matchweek 33,Sat,Away,W,2,0,Reims,0.7,1.9,51,18630.0,Gautier Larsonneur,4-3-3,5-4-1,Eric Wattellier,/en/matches/e0ae4f10/Reims-Saint-Etienne-May-10-2025-Ligue-1,nan
FRA-Ligue 1,2425,Saint-Étienne,2025-05-17 Saint-Étienne-Toulouse,2025-05-17,21:00:00,Matchweek 34,Sat,Home,L,2,3,Toulouse,1.3,3.2,57,38725.0,Gautier Larsonneur,4-3-3,3-4-3,Thomas Léonard,/en/matches/2eb36838/Saint-Etienne-Toulouse-May-17-2025-Ligue-1,nan
FRA-Ligue 1,2425,Strasbourg,2024-08-18 Montpellier-Strasbourg,2024-08-18,17:00:00,Matchweek 1,Sun,Away,D,1,1,Montpellier,0.9,1.3,58,15706.0,Habib Diarra,3-4-3,4-2-3-1,Mathieu Vernice,/en/matches/652abd24/Montpellier-Strasbourg-August-18-2024-Ligue-1,nan
FRA-Ligue 1,2425,Strasbourg,2024-08-25 Strasbourg-Rennes,2024-08-25,17:00:00,Matchweek 2,Sun,Home,W,3,1,Rennes,0.7,1.1,59,19026.0,Habib Diarra,3-4-1-2,4-3-1-2,Eric Wattellier,/en/matches/efa54e4b/Strasbourg-Rennes-August-25-2024-Ligue-1,nan
FRA-Ligue 1,2425,Strasbourg,2024-08-30 Lyon-Strasbourg,2024-08-30,20:45:00,Matchweek 3,Fri,Away,L,3,4,Lyon,2.7,2.9,52,43805.0,Habib Diarra,3-2-4-1,3-5-2,Thomas Léonard,/en/matches/2c5ec7aa/Lyon-Strasbourg-August-30-2024-Ligue-1,nan
FRA-Ligue 1,2425,Strasbourg,2024-09-15 Strasbourg-Angers,2024-09-15,17:00:00,Matchweek 4,Sun,Home,D,1,1,Angers,2.3,0.9,52,19135.0,Habib Diarra,4-4-2,4-2-3-1,Hakim Ben El Hadj Salem,/en/matches/06ecf73c/Strasbourg-Angers-September-15-2024-Ligue-1,nan
FRA-Ligue 1,2425,Strasbourg,2024-09-21 Lille-Strasbourg,2024-09-21,17:00:00,Matchweek 5,Sat,Away,D,3,3,Lille,3.2,2.6,37,39516.0,Habib Diarra,4-1-4-1,4-2-3-1,Jérôme Brisard,/en/matches/2bff6ebd/Lille-Strasbourg-September-21-2024-Ligue-1,nan
FRA-Ligue 1,2425,Strasbourg,2024-09-29 Strasbourg-Marseille,2024-09-29,20:45:00,Matchweek 6,Sun,Home,W,1,0,Marseille,1.3,0.5,41,19790.0,Habib Diarra,4-2-3-1,4-2-3-1,Willy Delajod,/en/matches/ebcd9980/Strasbourg-Marseille-September-29-2024-Ligue-1,nan
FRA-Ligue 1,2425,Strasbourg,2024-10-06 Strasbourg-Lens,2024-10-06,17:00:00,Matchweek 7,Sun,Home,D,2,2,Lens,1.2,1.0,37,19968.0,Habib Diarra,4-2-3-1,3-4-1-2,Stéphanie Frappart,/en/matches/219332d8/Strasbourg-Lens-October-6-2024-Ligue-1,nan
FRA-Ligue 1,2425,Strasbourg,2024-10-19 Paris S-G-Strasbourg,2024-10-19,21:00:00,Matchweek 8,Sat,Away,L,2,4,Paris S-G,1.9,3.5,45,47590.0,Habib Diarra,4-2-3-1,4-3-3,Jeremy Stinat,/en/matches/80a16e3b/Paris-Saint-Germain-Strasbourg-October-19-2024-Ligue-1,nan
FRA-Ligue 1,2425,Strasbourg,2024-10-27 Strasbourg-Nantes,2024-10-27,17:00:00,Matchweek 9,Sun,Home,W,3,1,Nantes,1.7,0.7,50,19398.0,Habib Diarra,3-4-1-2,4-2-3-1,Hakim Ben El Hadj Salem,/en/matches/98168e71/Strasbourg-Nantes-October-27-2024-Ligue-1,nan
FRA-Ligue 1,2425,Strasbourg,2024-11-02 Saint-Étienne-Strasbourg,2024-11-02,21:00:00,Matchweek 10,Sat,Away,L,0,2,Saint-Étienne,0.5,2.8,64,33043.0,Habib Diarra,3-4-1-2,4-1-4-1,Eric Wattellier,/en/matches/535bbc15/Saint-Etienne-Strasbourg-November-2-2024-Ligue-1,nan
FRA-Ligue 1,2425,Strasbourg,2024-11-09 Strasbourg-Monaco,2024-11-09,17:00:00,Matchweek 11,Sat,Home,L,1,3,Monaco,0.6,3.8,43,19451.0,Habib Diarra,3-4-3,4-2-3-1,Bastien Dechepy,/en/matches/cd41b272/Strasbourg-Monaco-November-9-2024-Ligue-1,nan
FRA-Ligue 1,2425,Strasbourg,2024-11-24 Nice-Strasbourg,2024-11-24,20:45:00,Matchweek 12,Sun,Away,L,1,2,Nice,0.4,2.1,46,18389.0,Andrey Santos,4-4-2,4-4-2,Benoît Bastien,/en/matches/5bfe68c5/Nice-Strasbourg-November-24-2024-Ligue-1,nan
FRA-Ligue 1,2425,Strasbourg,2024-11-30 Brest-Strasbourg,2024-11-30,19:00:00,Matchweek 13,Sat,Away,L,1,3,Brest,1.0,2.5,62,14600.0,Habib Diarra,4-2-3-1,4-2-3-1,Romain Lissorgue,/en/matches/197cb3bb/Brest-Strasbourg-November-30-2024-Ligue-1,nan
FRA-Ligue 1,2425,Strasbourg,2024-12-08 Strasbourg-Reims,2024-12-08,17:00:00,Matchweek 14,Sun,Home,D,0,0,Reims,0.8,1.1,48,19369.0,Habib Diarra,4-2-3-1,4-2-3-1,Thomas Léonard,/en/matches/74299224/Strasbourg-Reims-December-8-2024-Ligue-1,nan
FRA-Ligue 1,2425,Strasbourg,2024-12-15 Le Havre-Strasbourg,2024-12-15,17:00:00,Matchweek 15,Sun,Away,W,3,0,Le Havre,0.9,0.9,44,17071.0,Habib Diarra,4-4-2,3-3-3-1,Abdelatif Kherradji,/en/matches/e1e508ce/Le-Havre-Strasbourg-December-15-2024-Ligue-1,nan
FRA-Ligue 1,2425,Strasbourg,2025-01-05 Strasbourg-Auxerre,2025-01-05,15:00:00,Matchweek 16,Sun,Home,W,3,1,Auxerre,2.9,1.4,60,19471.0,Habib Diarra,4-4-2,3-4-3,Florent Batta,/en/matches/d37a723b/Strasbourg-Auxerre-January-5-2025-Ligue-1,nan
FRA-Ligue 1,2425,Strasbourg,2025-01-12 Toulouse-Strasbourg,2025-01-12,17:15:00,Matchweek 17,Sun,Away,W,2,1,Toulouse,2.3,1.2,47,22042.0,Habib Diarra,4-4-1-1,3-4-3,Benoît Bastien,/en/matches/eb79cf67/Toulouse-Strasbourg-January-12-2025-Ligue-1,nan
FRA-Ligue 1,2425,Strasbourg,2025-01-19 Marseille-Strasbourg,2025-01-19,20:45:00,Matchweek 18,Sun,Away,D,1,1,Marseille,0.9,2.8,31,61000.0,Habib Diarra,4-1-4-1,3-4-3,Bastien Dechepy,/en/matches/fb5f33dc/Marseille-Strasbourg-January-19-2025-Ligue-1,nan
FRA-Ligue 1,2425,Strasbourg,2025-01-25 Strasbourg-Lille,2025-01-25,19:00:00,Matchweek 19,Sat,Home,W,2,1,Lille,1.1,1.8,42,19428.0,Habib Diarra,4-2-3-1,3-4-3,Willy Delajod,/en/matches/f5d25d48/Strasbourg-Lille-January-25-2025-Ligue-1,nan
FRA-Ligue 1,2425,Strasbourg,2025-02-02 Rennes-Strasbourg,2025-02-02,17:15:00,Matchweek 20,Sun,Away,L,0,1,Rennes,1.2,0.9,54,26621.0,Habib Diarra,3-4-3,3-4-3,Stéphanie Frappart,/en/matches/e9da9682/Rennes-Strasbourg-February-2-2025-Ligue-1,nan
FRA-Ligue 1,2425,Strasbourg,2025-02-09 Strasbourg-Montpellier,2025-02-09,17:15:00,Matchweek 21,Sun,Home,W,2,0,Montpellier,2.7,1.8,59,19042.0,Habib Diarra,3-4-3,3-4-1-2,Jeremy Stinat,/en/matches/0886a1bd/Strasbourg-Montpellier-February-9-2025-Ligue-1,nan
FRA-Ligue 1,2425,Strasbourg,2025-02-16 Lens-Strasbourg,2025-02-16,17:15:00,Matchweek 22,Sun,Away,W,2,0,Lens,2.4,0.4,44,38113.0,Habib Diarra,3-4-3,4-2-3-1,Benoît Millot,/en/matches/bdcbbf69/Lens-Strasbourg-February-16-2025-Ligue-1,nan
FRA-Ligue 1,2425,Strasbourg,2025-02-23 Strasbourg-Brest,2025-02-23,17:15:00,Matchweek 23,Sun,Home,D,0,0,Brest,0.6,0.6,57,19108.0,Habib Diarra,3-4-3,4-2-3-1,Clément Turpin,/en/matches/585be98f/Strasbourg-Brest-February-23-2025-Ligue-1,nan
FRA-Ligue 1,2425,Strasbourg,2025-03-02 Auxerre-Strasbourg,2025-03-02,17:15:00,Matchweek 24,Sun,Away,W,1,0,Auxerre,1.4,2.2,55,16495.0,Habib Diarra,3-4-3,3-4-3,Mathieu Vernice,/en/matches/370220dd/Auxerre-Strasbourg-March-2-2025-Ligue-1,nan
FRA-Ligue 1,2425,Strasbourg,2025-03-09 Nantes-Strasbourg,2025-03-09,17:15:00,Matchweek 25,Sun,Away,W,1,0,Nantes,1.0,0.8,60,27645.0,Andrey Santos,3-4-3,5-3-2,Hakim Ben El Hadj Salem,/en/matches/01d100ee/Nantes-Strasbourg-March-9-2025-Ligue-1,nan
FRA-Ligue 1,2425,Strasbourg,2025-03-16 Strasbourg-Toulouse,2025-03-16,17:15:00,Matchweek 26,Sun,Home,W,2,1,Toulouse,1.7,1.7,57,19128.0,Andrey Santos,3-4-3,3-4-3,Florent Batta,/en/matches/30de0ad9/Strasbourg-Toulouse-March-16-2025-Ligue-1,nan
FRA-Ligue 1,2425,Strasbourg,2025-03-28 Strasbourg-Lyon,2025-03-28,20:45:00,Matchweek 27,Fri,Home,W,4,2,Lyon,1.1,2.0,40,19496.0,Andrey Santos,4-2-3-1,4-2-3-1,Romain Lissorgue,/en/matches/e4da6424/Strasbourg-Lyon-March-28-2025-Ligue-1,nan
FRA-Ligue 1,2425,Strasbourg,2025-04-06 Reims-Strasbourg,2025-04-06,17:15:00,Matchweek 28,Sun,Away,W,1,0,Reims,2.5,1.3,52,16254.0,Andrey Santos,3-4-3,5-4-1,Clément Turpin,/en/matches/44834f60/Reims-Strasbourg-April-6-2025-Ligue-1,nan
FRA-Ligue 1,2425,Strasbourg,2025-04-12 Strasbourg-Nice,2025-04-12,21:05:00,Matchweek 29,Sat,Home,D,2,2,Nice,0.7,1.7,47,19210.0,Habib Diarra,3-4-3,3-4-3,Jérémie Pignard,/en/matches/55275978/Strasbourg-Nice-April-12-2025-Ligue-1,nan
FRA-Ligue 1,2425,Strasbourg,2025-04-19 Monaco-Strasbourg,2025-04-19,19:00:00,Matchweek 30,Sat,Away,D,0,0,Monaco,0.4,0.9,53,12825.0,Habib Diarra,3-5-2,4-2-3-1,Eric Wattellier,/en/matches/bdddd15d/Monaco-Strasbourg-April-19-2025-Ligue-1,nan
FRA-Ligue 1,2425,Strasbourg,2025-04-26 Strasbourg-Saint-Étienne,2025-04-26,17:00:00,Matchweek 31,Sat,Home,W,3,1,Saint-Étienne,2.7,2.1,51,19603.0,Andrey Santos,3-4-3,4-3-3,Benoît Bastien,/en/matches/ca1e1dc1/Strasbourg-Saint-Etienne-April-26-2025-Ligue-1,nan
FRA-Ligue 1,2425,Strasbourg,2025-05-03 Strasbourg-Paris S-G,2025-05-03,17:00:00,Matchweek 32,Sat,Home,W,2,1,Paris S-G,0.8,1.7,37,19522.0,Habib Diarra,3-4-3,3-4-3,Hakim Ben El Hadj Salem,/en/matches/d9c56744/Strasbourg-Paris-Saint-Germain-May-3-2025-Ligue-1,nan
FRA-Ligue 1,2425,Strasbourg,2025-05-10 Angers-Strasbourg,2025-05-10,21:00:00,Matchweek 33,Sat,Away,L,1,2,Angers,1.0,0.7,71,14391.0,Habib Diarra,3-4-3,4-5-1,Clément Turpin,/en/matches/fafe26a4/Angers-Strasbourg-May-10-2025-Ligue-1,nan
FRA-Ligue 1,2425,Strasbourg,2025-05-17 Strasbourg-Le Havre,2025-05-17,21:00:00,Matchweek 34,Sat,Home,L,2,3,Le Havre,1.6,2.5,50,19280.0,Andrey Santos,3-4-3,3-4-3,Jérôme Brisard,/en/matches/51aaa97c/Strasbourg-Le-Havre-May-17-2025-Ligue-1,nan
FRA-Ligue 1,2425,Toulouse,2024-08-18 Toulouse-Nantes,2024-08-18,17:00:00,Matchweek 1,Sun,Home,D,0,0,Nantes,1.7,0.5,54,25491.0,Rasmus Nicolaisen,3-4-3,4-2-3-1,Jeremy Stinat,/en/matches/67b3b54c/Toulouse-Nantes-August-18-2024-Ligue-1,nan
FRA-Ligue 1,2425,Toulouse,2024-08-25 Nice-Toulouse,2024-08-25,17:00:00,Matchweek 2,Sun,Away,D,1,1,Nice,1.0,1.3,43,21656.0,Vincent Sierro,3-4-3,3-5-2,Bastien Dechepy,/en/matches/33b61302/Nice-Toulouse-August-25-2024-Ligue-1,nan
FRA-Ligue 1,2425,Toulouse,2024-08-31 Toulouse-Marseille,2024-08-31,21:00:00,Matchweek 3,Sat,Home,L,1,3,Marseille,1.0,0.8,24,19178.0,Vincent Sierro,3-4-3,4-2-3-1,Stéphanie Frappart,/en/matches/ebbcbe63/Toulouse-Marseille-August-31-2024-Ligue-1,nan
FRA-Ligue 1,2425,Toulouse,2024-09-15 Toulouse-Le Havre,2024-09-15,17:00:00,Matchweek 4,Sun,Home,W,2,0,Le Havre,1.3,0.2,54,30097.0,Vincent Sierro,3-4-3,5-4-1,Eric Wattellier,/en/matches/f4982a54/Toulouse-Le-Havre-September-15-2024-Ligue-1,nan
FRA-Ligue 1,2425,Toulouse,2024-09-22 Brest-Toulouse,2024-09-22,17:00:00,Matchweek 5,Sun,Away,L,0,2,Brest,2.7,0.5,57,14580.0,Vincent Sierro,3-4-3,4-1-2-1-2,Florent Batta,/en/matches/7cbba12e/Brest-Toulouse-September-22-2024-Ligue-1,nan
FRA-Ligue 1,2425,Toulouse,2024-09-29 Toulouse-Lyon,2024-09-29,15:00:00,Matchweek 6,Sun,Home,L,1,2,Lyon,0.9,0.4,46,30026.0,Vincent Sierro,3-4-3,4-3-3,Gaël Angoula,/en/matches/a7954dea/Toulouse-Lyon-September-29-2024-Ligue-1,nan
FRA-Ligue 1,2425,Toulouse,2024-10-05 Lille-Toulouse,2024-10-05,19:00:00,Matchweek 7,Sat,Away,L,1,2,Lille,1.1,1.6,43,36947.0,Vincent Sierro,3-4-3,4-2-3-1,Clément Turpin,/en/matches/8d700c3d/Lille-Toulouse-October-5-2024-Ligue-1,nan
FRA-Ligue 1,2425,Toulouse,2024-10-20 Toulouse-Angers,2024-10-20,17:00:00,Matchweek 8,Sun,Home,D,1,1,Angers,2.0,1.4,65,24107.0,Vincent Sierro,4-2-3-1,4-2-3-1,Willy Delajod,/en/matches/92f559ad/Toulouse-Angers-October-20-2024-Ligue-1,nan
FRA-Ligue 1,2425,Toulouse,2024-10-27 Montpellier-Toulouse,2024-10-27,17:00:00,Matchweek 9,Sun,Away,W,3,0,Montpellier,1.9,0.2,49,14111.0,Vincent Sierro,3-4-3,4-1-4-1,Thomas Léonard,/en/matches/49e6789d/Montpellier-Toulouse-October-27-2024-Ligue-1,nan
FRA-Ligue 1,2425,Toulouse,2024-11-03 Toulouse-Reims,2024-11-03,15:00:00,Matchweek 10,Sun,Home,W,1,0,Reims,0.9,1.1,51,23769.0,Vincent Sierro,3-4-3,4-3-3,Mathieu Vernice,/en/matches/f0237d4b/Toulouse-Reims-November-3-2024-Ligue-1,nan
FRA-Ligue 1,2425,Toulouse,2024-11-10 Rennes-Toulouse,2024-11-10,17:00:00,Matchweek 11,Sun,Away,W,2,0,Rennes,1.4,0.6,33,27525.0,Vincent Sierro,3-4-3,4-2-3-1,Romain Lissorgue,/en/matches/a7965d75/Rennes-Toulouse-November-10-2024-Ligue-1,nan
FRA-Ligue 1,2425,Toulouse,2024-11-22 Paris S-G-Toulouse,2024-11-22,21:00:00,Matchweek 12,Fri,Away,L,0,3,Paris S-G,1.4,1.1,28,47000.0,Vincent Sierro,3-4-3,4-2-3-1,Gaël Angoula,/en/matches/740dd871/Paris-Saint-Germain-Toulouse-November-22-2024-Ligue-1,nan
FRA-Ligue 1,2425,Toulouse,2024-12-01 Toulouse-Auxerre,2024-12-01,17:00:00,Matchweek 13,Sun,Home,W,2,0,Auxerre,2.3,0.2,52,23525.0,Vincent Sierro,3-4-3,5-4-1,Hakim Ben El Hadj Salem,/en/matches/f81de4c6/Toulouse-Auxerre-December-1-2024-Ligue-1,nan
FRA-Ligue 1,2425,Toulouse,2024-12-07 Monaco-Toulouse,2024-12-07,17:00:00,Matchweek 14,Sat,Away,L,0,2,Monaco,0.5,3.2,42,6868.0,Vincent Sierro,3-4-3,4-2-3-1,Stéphanie Frappart,/en/matches/63873373/Monaco-Toulouse-December-7-2024-Ligue-1,nan
FRA-Ligue 1,2425,Toulouse,2024-12-13 Toulouse-Saint-Étienne,2024-12-13,20:45:00,Matchweek 15,Fri,Home,W,2,1,Saint-Étienne,1.4,0.5,39,25350.0,Vincent Sierro,3-4-3,3-5-2,Thomas Léonard,/en/matches/737388fc/Toulouse-Saint-Etienne-December-13-2024-Ligue-1,nan
FRA-Ligue 1,2425,Toulouse,2025-01-05 Lens-Toulouse,2025-01-05,15:00:00,Matchweek 16,Sun,Away,W,1,0,Lens,2.0,1.4,34,37461.0,Gabriel Suazo,3-4-3,4-2-3-1,Hakim Ben El Hadj Salem,/en/matches/1f09a51a/Lens-Toulouse-January-5-2025-Ligue-1,nan
FRA-Ligue 1,2425,Toulouse,2025-01-12 Toulouse-Strasbourg,2025-01-12,17:15:00,Matchweek 17,Sun,Home,L,1,2,Strasbourg,1.2,2.3,53,22042.0,Gabriel Suazo,3-4-3,4-4-1-1,Benoît Bastien,/en/matches/eb79cf67/Toulouse-Strasbourg-January-12-2025-Ligue-1,nan
FRA-Ligue 1,2425,Toulouse,2025-01-18 Lyon-Toulouse,2025-01-18,21:05:00,Matchweek 18,Sat,Away,D,0,0,Lyon,1.1,0.7,38,42750.0,Gabriel Suazo,3-4-3,4-3-3,Benoît Millot,/en/matches/58a863f5/Lyon-Toulouse-January-18-2025-Ligue-1,nan
FRA-Ligue 1,2425,Toulouse,2025-01-26 Toulouse-Montpellier,2025-01-26,17:15:00,Matchweek 19,Sun,Home,L,1,2,Montpellier,1.0,0.5,66,28382.0,Gabriel Suazo,3-4-3,4-3-1-2,Clément Turpin,/en/matches/81e5185d/Toulouse-Montpellier-January-26-2025-Ligue-1,nan
FRA-Ligue 1,2425,Toulouse,2025-02-02 Toulouse-Nice,2025-02-02,15:00:00,Matchweek 20,Sun,Home,D,1,1,Nice,1.4,1.7,54,23522.0,Gabriel Suazo,3-4-3,3-4-3,Thomas Léonard,/en/matches/af67aa9c/Toulouse-Nice-February-2-2025-Ligue-1,nan
FRA-Ligue 1,2425,Toulouse,2025-02-09 Auxerre-Toulouse,2025-02-09,17:15:00,Matchweek 21,Sun,Away,D,2,2,Auxerre,0.9,0.9,47,15801.0,Gabriel Suazo,3-4-3,3-4-3,Jérôme Brisard,/en/matches/0446e883/Auxerre-Toulouse-February-9-2025-Ligue-1,nan
FRA-Ligue 1,2425,Toulouse,2025-02-15 Toulouse-Paris S-G,2025-02-15,21:05:00,Matchweek 22,Sat,Home,L,0,1,Paris S-G,0.9,2.4,24,31703.0,Vincent Sierro,5-4-1,4-3-3,Willy Delajod,/en/matches/91e2ebf6/Toulouse-Paris-Saint-Germain-February-15-2025-Ligue-1,nan
FRA-Ligue 1,2425,Toulouse,2025-02-23 Le Havre-Toulouse,2025-02-23,17:15:00,Matchweek 23,Sun,Away,W,4,1,Le Havre,2.4,0.8,46,17239.0,Vincent Sierro,3-4-3,4-1-4-1,François Letexier,/en/matches/8284b7f6/Le-Havre-Toulouse-February-23-2025-Ligue-1,nan
FRA-Ligue 1,2425,Toulouse,2025-03-02 Angers-Toulouse,2025-03-02,17:15:00,Matchweek 24,Sun,Away,W,4,0,Angers,3.5,0.4,54,12758.0,Vincent Sierro,3-4-3,4-2-3-1,Jeremy Stinat,/en/matches/d9b255ac/Angers-Toulouse-March-2-2025-Ligue-1,nan
FRA-Ligue 1,2425,Toulouse,2025-03-07 Toulouse-Monaco,2025-03-07,20:45:00,Matchweek 25,Fri,Home,D,1,1,Monaco,0.6,2.4,50,25614.0,Vincent Sierro,3-4-3,4-2-3-1,Marc Bollengier,/en/matches/807e72ae/Toulouse-Monaco-March-7-2025-Ligue-1,nan
FRA-Ligue 1,2425,Toulouse,2025-03-16 Strasbourg-Toulouse,2025-03-16,17:15:00,Matchweek 26,Sun,Away,L,1,2,Strasbourg,1.7,1.7,43,19128.0,Vincent Sierro,3-4-3,3-4-3,Florent Batta,/en/matches/30de0ad9/Strasbourg-Toulouse-March-16-2025-Ligue-1,nan
FRA-Ligue 1,2425,Toulouse,2025-03-30 Toulouse-Brest,2025-03-30,15:00:00,Matchweek 27,Sun,Home,L,2,4,Brest,2.0,1.3,53,24418.0,Vincent Sierro,3-4-3,4-3-3,Hakim Ben El Hadj Salem,/en/matches/b33c5901/Toulouse-Brest-March-30-2025-Ligue-1,nan
FRA-Ligue 1,2425,Toulouse,2025-04-06 Marseille-Toulouse,2025-04-06,20:45:00,Matchweek 28,Sun,Away,L,2,3,Marseille,1.3,1.0,33,64320.0,Vincent Sierro,3-4-3,3-4-3,Jérémie Pignard,/en/matches/37a1d2be/Marseille-Toulouse-April-6-2025-Ligue-1,nan
FRA-Ligue 1,2425,Toulouse,2025-04-12 Toulouse-Lille,2025-04-12,19:00:00,Matchweek 29,Sat,Home,L,1,2,Lille,0.9,0.5,43,26036.0,Vincent Sierro,3-4-3,4-2-3-1,Jérôme Brisard,/en/matches/0a9272f4/Toulouse-Lille-April-12-2025-Ligue-1,nan
FRA-Ligue 1,2425,Toulouse,2025-04-20 Reims-Toulouse,2025-04-20,17:15:00,Matchweek 30,Sun,Away,L,0,1,Reims,1.3,0.7,48,14608.0,Vincent Sierro,3-4-3,5-4-1,Marc Bollengier,/en/matches/86146582/Reims-Toulouse-April-20-2025-Ligue-1,nan
FRA-Ligue 1,2425,Toulouse,2025-04-27 Nantes-Toulouse,2025-04-27,17:15:00,Matchweek 31,Sun,Away,D,0,0,Nantes,0.4,1.1,41,31618.0,Vincent Sierro,3-4-3,5-3-2,Florent Batta,/en/matches/94a42dc1/Nantes-Toulouse-April-27-2025-Ligue-1,nan
FRA-Ligue 1,2425,Toulouse,2025-05-03 Toulouse-Rennes,2025-05-03,19:00:00,Matchweek 32,Sat,Home,W,2,1,Rennes,0.7,1.4,39,23926.0,Vincent Sierro,3-4-3,3-4-3,Benoît Millot,/en/matches/ffb99c84/Toulouse-Rennes-May-3-2025-Ligue-1,nan
FRA-Ligue 1,2425,Toulouse,2025-05-10 Toulouse-Lens,2025-05-10,21:00:00,Matchweek 33,Sat,Home,D,1,1,Lens,1.1,0.7,40,27890.0,Vincent Sierro,3-4-3,5-4-1,Bastien Dechepy,/en/matches/4ef097b0/Toulouse-Lens-May-10-2025-Ligue-1,nan
FRA-Ligue 1,2425,Toulouse,2025-05-17 Saint-Étienne-Toulouse,2025-05-17,21:00:00,Matchweek 34,Sat,Away,W,3,2,Saint-Étienne,3.2,1.3,43,38725.0,Vincent Sierro,3-4-3,4-3-3,Thomas Léonard,/en/matches/2eb36838/Saint-Etienne-Toulouse-May-17-2025-Ligue-1,nan
