date,home,away,home_goals,away_goals,season,team,opponent,is_home,gf,ga,result,match_id,xg,npxg,poss,pass_acc,yellow_cards,red_cards,clearances
2020-08-21 17:00:00,Bordeaux,Nantes,0,0,2020,Bordeaux,Nantes,1,0,0,draw,20200821_Bordeaux_Nantes,0.600075,0.600075,44.0,82.8,2.0,1.0,29.0
2020-08-22 15:00:00,Dijon,Angers,0,1,2020,Dijon,Angers,1,0,1,loss,20200822_Dijon_Angers,0.739709,0.739709,54.0,85.8,0.0,0.0,22.0
2020-08-22 19:00:00,Lille,Rennes,1,1,2020,Lille,Rennes,1,1,1,draw,20200822_Lille_Rennes,0.400974,0.400974,52.0,82.1,0.0,1.0,10.0
2020-08-23 13:00:00,Lorient,Strasbourg,3,1,2020,Lorient,Strasbourg,1,3,1,win,20200823_Lorient_Strasbourg,3.07214,2.31211,50.0,79.4,3.0,0.0,10.0
2020-08-23 11:00:00,Monaco,Reims,2,2,2020,Monaco,Reims,1,2,2,draw,20200823_Monaco_Reims,2.67622,2.67622,75.0,88.2,1.0,0.0,5.0
2020-08-23 15:00:00,Nice,Lens,2,1,2020,Nice,Lens,1,2,1,win,20200823_Nice_Lens,0.180464,0.180464,57.0,84.6,2.0,0.0,19.0
2020-08-23 13:00:00,Nimes,Brest,4,0,2020,Nimes,Brest,1,4,0,win,20200823_Nimes_Brest,2.14597,2.14597,,,,,
2020-08-28 19:00:00,Lyon,Dijon,4,1,2020,Lyon,Dijon,1,4,1,win,20200828_Lyon_Dijon,3.97148,2.45129,63.0,84.0,3.0,0.0,5.0
2020-08-29 15:00:00,Rennes,Montpellier,2,1,2020,Rennes,Montpellier,1,2,1,win,20200829_Rennes_Montpellier,1.78715,1.78715,65.0,85.2,3.0,1.0,12.0
2020-08-29 19:00:00,Strasbourg,Nice,0,2,2020,Strasbourg,Nice,1,0,2,loss,20200829_Strasbourg_Nice,0.227899,0.227899,45.0,79.6,2.0,0.0,8.0
2020-08-30 13:00:00,Angers,Bordeaux,0,2,2020,Angers,Bordeaux,1,0,2,loss,20200830_Angers_Bordeaux,0.511549,0.511549,57.0,82.7,1.0,0.0,18.0
2020-08-30 19:00:00,Brest,Marseille,2,3,2020,Brest,Marseille,1,2,3,loss,20200830_Brest_Marseille,2.12594,2.12594,59.0,78.4,2.0,0.0,9.0
2020-08-30 13:00:00,Metz,Monaco,0,1,2020,Metz,Monaco,1,0,1,loss,20200830_Metz_Monaco,0.626118,0.626118,54.0,78.1,0.0,0.0,11.0
2020-08-30 13:00:00,Nantes,Nimes,2,1,2020,Nantes,Nimes,1,2,1,win,20200830_Nantes_Nimes,2.15547,1.39544,33.0,62.6,3.0,2.0,32.0
2020-08-30 11:00:00,Reims,Lille,0,1,2020,Reims,Lille,1,0,1,loss,20200830_Reims_Lille,0.206627,0.206627,50.0,82.3,4.0,0.0,5.0
2020-08-30 13:00:00,Saint-Etienne,Lorient,2,0,2020,Saint-Etienne,Lorient,1,2,0,win,20200830_Saint-Etienne_Lorient,1.39361,1.39361,,,,,
2020-09-10 21:00:00,Lens,Paris Saint Germain,1,0,2020,Lens,Paris Saint Germain,1,1,0,win,20200910_Lens_Paris Saint Germain,1.71747,1.71747,22.0,66.9,2.0,0.0,22.0
2020-09-11 19:00:00,Bordeaux,Lyon,0,0,2020,Bordeaux,Lyon,1,0,0,draw,20200911_Bordeaux_Lyon,0.231132,0.231132,46.0,76.5,2.0,0.0,24.0
2020-09-12 15:00:00,Montpellier,Nice,3,1,2020,Montpellier,Nice,1,3,1,win,20200912_Montpellier_Nice,1.69934,1.69934,39.0,73.3,0.0,0.0,21.0
2020-09-12 19:00:00,Saint-Etienne,Strasbourg,2,0,2020,Saint-Etienne,Strasbourg,1,2,0,win,20200912_Saint-Etienne_Strasbourg,1.76107,1.00098,,,,,
2020-09-13 13:00:00,Angers,Reims,1,0,2020,Angers,Reims,1,1,0,win,20200913_Angers_Reims,2.14867,1.38857,58.0,85.5,4.0,1.0,15.0
2020-09-13 13:00:00,Dijon,Brest,0,2,2020,Dijon,Brest,1,0,2,loss,20200913_Dijon_Brest,0.296281,0.296281,50.0,82.0,1.0,1.0,15.0
2020-09-13 11:00:00,Lille,Metz,1,0,2020,Lille,Metz,1,1,0,win,20200913_Lille_Metz,0.814528,0.814528,61.0,80.2,4.0,0.0,12.0
2020-09-13 13:00:00,Lorient,Lens,2,3,2020,Lorient,Lens,1,2,3,loss,20200913_Lorient_Lens,0.919743,0.159648,47.0,71.4,4.0,0.0,19.0
2020-09-13 15:00:00,Monaco,Nantes,2,1,2020,Monaco,Nantes,1,2,1,win,20200913_Monaco_Nantes,2.27042,2.27042,57.0,83.1,3.0,0.0,18.0
2020-09-13 13:00:00,Nimes,Rennes,2,4,2020,Nimes,Rennes,1,2,4,loss,20200913_Nimes_Rennes,1.00844,1.00844,,,,,
2020-09-13 19:00:00,Paris Saint Germain,Marseille,0,1,2020,Paris Saint Germain,Marseille,1,0,1,loss,20200913_Paris Saint Germain_Marseille,2.22184,2.22184,,,,,
2020-09-15 19:00:00,Montpellier,Lyon,2,1,2020,Montpellier,Lyon,1,2,1,win,20200915_Montpellier_Lyon,1.75168,0.991589,44.0,79.3,3.0,1.0,19.0
2020-09-16 19:00:00,Paris Saint Germain,Metz,1,0,2020,Paris Saint Germain,Metz,1,1,0,win,20200916_Paris Saint Germain_Metz,2.42357,2.42357,,,,,
2020-09-17 19:00:00,Marseille,Saint-Etienne,0,2,2020,Marseille,Saint-Etienne,1,0,2,loss,20200917_Marseille_Saint-Etienne,2.65376,2.65376,59.0,80.0,2.0,0.0,17.0
2020-09-18 19:00:00,Lyon,Nimes,0,0,2020,Lyon,Nimes,1,0,0,draw,20200918_Lyon_Nimes,1.62529,1.62529,73.0,83.7,3.0,0.0,11.0
2020-09-19 15:00:00,Lens,Bordeaux,2,1,2020,Lens,Bordeaux,1,2,1,win,20200919_Lens_Bordeaux,3.02331,2.26321,59.0,82.7,5.0,0.0,10.0
2020-09-19 19:00:00,Rennes,Monaco,2,1,2020,Rennes,Monaco,1,2,1,win,20200919_Rennes_Monaco,0.857476,0.857476,58.0,86.1,1.0,0.0,17.0
2020-09-20 13:00:00,Brest,Lorient,3,2,2020,Brest,Lorient,1,3,2,win,20200920_Brest_Lorient,1.21203,1.21203,57.0,81.9,2.0,0.0,18.0
2020-09-20 19:00:00,Marseille,Lille,1,1,2020,Marseille,Lille,1,1,1,draw,20200920_Marseille_Lille,0.865098,0.865098,56.0,75.8,3.0,0.0,7.0
2020-09-20 13:00:00,Metz,Reims,2,1,2020,Metz,Reims,1,2,1,win,20200920_Metz_Reims,1.71276,1.71276,59.0,78.7,1.0,0.0,15.0
2020-09-20 13:00:00,Montpellier,Angers,4,1,2020,Montpellier,Angers,1,4,1,win,20200920_Montpellier_Angers,1.94396,1.94396,50.0,82.8,4.0,0.0,10.0
2020-09-20 15:00:00,Nantes,Saint-Etienne,2,2,2020,Nantes,Saint-Etienne,1,2,2,draw,20200920_Nantes_Saint-Etienne,1.33579,1.33579,57.0,79.4,2.0,0.0,12.0
2020-09-20 11:00:00,Nice,Paris Saint Germain,0,3,2020,Nice,Paris Saint Germain,1,0,3,loss,20200920_Nice_Paris Saint Germain,0.930504,0.930504,50.0,89.6,1.0,0.0,16.0
2020-09-20 13:00:00,Strasbourg,Dijon,1,0,2020,Strasbourg,Dijon,1,1,0,win,20200920_Strasbourg_Dijon,2.38097,2.38097,58.0,82.5,1.0,0.0,9.0
2020-09-25 19:00:00,Lille,Nantes,2,0,2020,Lille,Nantes,1,2,0,win,20200925_Lille_Nantes,2.09387,1.33378,54.0,77.5,0.0,0.0,23.0
2020-09-26 19:00:00,Marseille,Metz,1,1,2020,Marseille,Metz,1,1,1,draw,20200926_Marseille_Metz,0.864412,0.864412,60.0,82.6,0.0,0.0,17.0
2020-09-26 15:00:00,Saint-Etienne,Rennes,0,3,2020,Saint-Etienne,Rennes,1,0,3,loss,20200926_Saint-Etienne_Rennes,0.200419,0.200419,,,,,
2020-09-27 13:00:00,Angers,Brest,3,2,2020,Angers,Brest,1,3,2,win,20200927_Angers_Brest,1.11753,1.11753,53.0,78.4,3.0,0.0,10.0
2020-09-27 11:00:00,Bordeaux,Nice,0,0,2020,Bordeaux,Nice,1,0,0,draw,20200927_Bordeaux_Nice,1.17944,1.17944,46.0,83.1,1.0,0.0,16.0
2020-09-27 13:00:00,Dijon,Montpellier,2,2,2020,Dijon,Montpellier,1,2,2,draw,20200927_Dijon_Montpellier,1.60909,1.60909,39.0,68.3,4.0,0.0,26.0
2020-09-27 15:00:00,Lorient,Lyon,1,1,2020,Lorient,Lyon,1,1,1,draw,20200927_Lorient_Lyon,0.299841,0.299841,31.0,71.2,2.0,0.0,27.0
2020-09-27 13:00:00,Monaco,Strasbourg,3,2,2020,Monaco,Strasbourg,1,3,2,win,20200927_Monaco_Strasbourg,1.56306,1.56306,57.0,80.4,3.0,2.0,21.0
2020-09-27 13:00:00,Nimes,Lens,1,1,2020,Nimes,Lens,1,1,1,draw,20200927_Nimes_Lens,0.370624,0.370624,,,,,
2020-09-27 19:00:00,Reims,Paris Saint Germain,0,2,2020,Reims,Paris Saint Germain,1,0,2,loss,20200927_Reims_Paris Saint Germain,0.208814,0.208814,36.0,82.3,2.0,0.0,19.0
2020-10-02 19:00:00,Paris Saint Germain,Angers,6,1,2020,Paris Saint Germain,Angers,1,6,1,win,20201002_Paris Saint Germain_Angers,2.9145,2.9145,,,,,
2020-10-03 15:00:00,Lens,Saint-Etienne,2,0,2020,Lens,Saint-Etienne,1,2,0,win,20201003_Lens_Saint-Etienne,2.13387,1.37384,66.0,82.6,1.0,0.0,8.0
2020-10-03 19:00:00,Nice,Nantes,2,1,2020,Nice,Nantes,1,2,1,win,20201003_Nice_Nantes,1.9654,1.9654,73.0,87.4,2.0,0.0,4.0
2020-10-04 13:00:00,Bordeaux,Dijon,3,0,2020,Bordeaux,Dijon,1,3,0,win,20201004_Bordeaux_Dijon,1.50071,1.50071,50.0,83.9,2.0,0.0,8.0
2020-10-04 13:00:00,Brest,Monaco,1,0,2020,Brest,Monaco,1,1,0,win,20201004_Brest_Monaco,0.732353,0.732353,29.0,62.8,3.0,0.0,26.0
2020-10-04 19:00:00,Lyon,Marseille,1,1,2020,Lyon,Marseille,1,1,1,draw,20201004_Lyon_Marseille,3.14327,2.38317,68.0,82.6,1.0,0.0,13.0
2020-10-04 13:00:00,Metz,Lorient,3,1,2020,Metz,Lorient,1,3,1,win,20201004_Metz_Lorient,1.60054,0.840447,58.0,83.6,1.0,0.0,11.0
2020-10-04 11:00:00,Montpellier,Nimes,0,1,2020,Montpellier,Nimes,1,0,1,loss,20201004_Montpellier_Nimes,0.686408,0.686408,53.0,70.6,2.0,0.0,7.0
2020-10-04 15:00:00,Rennes,Reims,2,2,2020,Rennes,Reims,1,2,2,draw,20201004_Rennes_Reims,2.09357,2.09357,73.0,85.7,4.0,0.0,5.0
2020-10-04 13:00:00,Strasbourg,Lille,0,3,2020,Strasbourg,Lille,1,0,3,loss,20201004_Strasbourg_Lille,0.844783,0.844783,47.0,77.7,1.0,0.0,8.0
2020-10-16 17:00:00,Dijon,Rennes,1,1,2020,Dijon,Rennes,1,1,1,draw,20201016_Dijon_Rennes,1.10593,1.10593,40.0,76.6,4.0,0.0,30.0
2020-10-16 19:00:00,Nimes,Paris Saint Germain,0,4,2020,Nimes,Paris Saint Germain,1,0,4,loss,20201016_Nimes_Paris Saint Germain,0.138218,0.138218,,,,,
2020-10-17 19:00:00,Marseille,Bordeaux,3,1,2020,Marseille,Bordeaux,1,3,1,win,20201017_Marseille_Bordeaux,0.977647,0.217618,56.0,81.4,3.0,0.0,12.0
2020-10-17 15:00:00,Reims,Lorient,1,3,2020,Reims,Lorient,1,1,3,loss,20201017_Reims_Lorient,0.273331,0.273331,47.0,73.0,4.0,2.0,23.0
2020-10-18 13:00:00,Angers,Metz,1,1,2020,Angers,Metz,1,1,1,draw,20201018_Angers_Metz,1.09118,0.331149,47.0,75.8,4.0,0.0,16.0
2020-10-18 19:00:00,Lille,Lens,4,0,2020,Lille,Lens,1,4,0,win,20201018_Lille_Lens,2.90262,2.90262,57.0,82.6,0.0,0.0,10.0
2020-10-18 13:00:00,Monaco,Montpellier,1,1,2020,Monaco,Montpellier,1,1,1,draw,20201018_Monaco_Montpellier,1.80187,1.04178,80.0,83.2,2.0,0.0,3.0
2020-10-18 13:00:00,Nantes,Brest,3,1,2020,Nantes,Brest,1,3,1,win,20201018_Nantes_Brest,1.90561,1.90561,40.0,68.7,3.0,0.0,12.0
2020-10-18 15:00:00,Saint-Etienne,Nice,1,3,2020,Saint-Etienne,Nice,1,1,3,loss,20201018_Saint-Etienne_Nice,0.714171,0.714171,,,,,
2020-10-18 11:00:00,Strasbourg,Lyon,2,3,2020,Strasbourg,Lyon,1,2,3,loss,20201018_Strasbourg_Lyon,1.92587,1.92587,53.0,70.8,2.0,0.0,8.0
2020-10-23 19:00:00,Rennes,Angers,1,2,2020,Rennes,Angers,1,1,2,loss,20201023_Rennes_Angers,1.21675,1.21675,63.0,86.7,2.0,0.0,7.0
2020-10-24 15:00:00,Lorient,Marseille,0,1,2020,Lorient,Marseille,1,0,1,loss,20201024_Lorient_Marseille,0.846635,0.846635,36.0,67.9,3.0,0.0,8.0
2020-10-24 19:00:00,Paris Saint Germain,Dijon,4,0,2020,Paris Saint Germain,Dijon,1,4,0,win,20201024_Paris Saint Germain_Dijon,4.08894,4.08894,,,,,
2020-10-25 14:00:00,Bordeaux,Nimes,2,0,2020,Bordeaux,Nimes,1,2,0,win,20201025_Bordeaux_Nimes,1.92729,1.1672,59.0,86.2,3.0,0.0,21.0
2020-10-25 14:00:00,Brest,Strasbourg,0,3,2020,Brest,Strasbourg,1,0,3,loss,20201025_Brest_Strasbourg,0.732823,0.732823,63.0,81.2,1.0,0.0,3.0
2020-10-25 20:00:00,Lyon,Monaco,4,1,2020,Lyon,Monaco,1,4,1,win,20201025_Lyon_Monaco,3.43243,2.67233,35.0,77.0,3.0,1.0,29.0
2020-10-25 14:00:00,Metz,Saint-Etienne,2,0,2020,Metz,Saint-Etienne,1,2,0,win,20201025_Metz_Saint-Etienne,0.330896,0.330896,43.0,68.5,3.0,0.0,21.0
2020-10-25 14:00:00,Montpellier,Reims,0,4,2020,Montpellier,Reims,1,0,4,loss,20201025_Montpellier_Reims,0.13909,0.13909,33.0,77.4,1.0,2.0,19.0
2020-10-25 16:00:00,Nice,Lille,1,1,2020,Nice,Lille,1,1,1,draw,20201025_Nice_Lille,0.866315,0.866315,53.0,86.1,1.0,0.0,7.0
2020-10-31 20:00:00,Nantes,Paris Saint Germain,0,3,2020,Nantes,Paris Saint Germain,1,0,3,loss,20201031_Nantes_Paris Saint Germain,1.63127,0.871178,37.0,81.2,2.0,0.0,17.0
2020-10-31 16:00:00,Rennes,Brest,2,1,2020,Rennes,Brest,1,2,1,win,20201031_Rennes_Brest,1.40289,1.40289,68.0,88.5,1.0,0.0,9.0
2020-11-01 14:00:00,Angers,Nice,0,3,2020,Angers,Nice,1,0,3,loss,20201101_Angers_Nice,0.395203,0.395203,52.0,81.4,5.0,0.0,9.0
2020-11-01 14:00:00,Dijon,Lorient,0,0,2020,Dijon,Lorient,1,0,0,draw,20201101_Dijon_Lorient,0.377123,0.377123,54.0,75.9,2.0,0.0,26.0
2020-11-01 20:00:00,Lille,Lyon,1,1,2020,Lille,Lyon,1,1,1,draw,20201101_Lille_Lyon,0.444747,0.444747,60.0,85.3,3.0,0.0,7.0
2020-11-01 16:00:00,Monaco,Bordeaux,4,0,2020,Monaco,Bordeaux,1,4,0,win,20201101_Monaco_Bordeaux,3.9375,3.17741,52.0,84.6,2.0,0.0,12.0
2020-11-01 14:00:00,Nimes,Metz,0,1,2020,Nimes,Metz,1,0,1,loss,20201101_Nimes_Metz,0.78372,0.78372,,,,,
2020-11-01 14:00:00,Reims,Strasbourg,2,1,2020,Reims,Strasbourg,1,2,1,win,20201101_Reims_Strasbourg,0.911301,0.911301,51.0,82.3,0.0,0.0,34.0
2020-11-01 12:00:00,Saint-Etienne,Montpellier,0,1,2020,Saint-Etienne,Montpellier,1,0,1,loss,20201101_Saint-Etienne_Montpellier,0.484542,0.484542,,,,,
2020-11-06 20:00:00,Strasbourg,Marseille,0,1,2020,Strasbourg,Marseille,1,0,1,loss,20201106_Strasbourg_Marseille,0.324201,0.324201,53.0,72.8,0.0,0.0,16.0
2020-11-07 16:00:00,Bordeaux,Montpellier,0,2,2020,Bordeaux,Montpellier,1,0,2,loss,20201107_Bordeaux_Montpellier,0.474622,0.474622,52.0,84.3,2.0,0.0,19.0
2020-11-07 20:00:00,Paris Saint Germain,Rennes,3,0,2020,Paris Saint Germain,Rennes,1,3,0,win,20201107_Paris Saint Germain_Rennes,1.02539,1.02539,,,,,
2020-11-08 12:00:00,Brest,Lille,3,2,2020,Brest,Lille,1,3,2,win,20201108_Brest_Lille,1.47256,1.47256,37.0,73.9,4.0,0.0,25.0
2020-11-08 14:00:00,Lens,Reims,4,4,2020,Lens,Reims,1,4,4,draw,20201108_Lens_Reims,2.04125,2.04125,62.0,81.8,3.0,0.0,6.0
2020-11-08 14:00:00,Lorient,Nantes,0,2,2020,Lorient,Nantes,1,0,2,loss,20201108_Lorient_Nantes,1.77629,1.77629,48.0,70.0,3.0,0.0,18.0
2020-11-08 20:00:00,Lyon,Saint-Etienne,2,1,2020,Lyon,Saint-Etienne,1,2,1,win,20201108_Lyon_Saint-Etienne,3.30537,3.30537,60.0,79.7,5.0,0.0,18.0
2020-11-08 14:00:00,Metz,Dijon,1,1,2020,Metz,Dijon,1,1,1,draw,20201108_Metz_Dijon,2.52379,1.76369,45.0,80.6,2.0,0.0,17.0
2020-11-08 16:00:00,Nice,Monaco,1,2,2020,Nice,Monaco,1,1,2,loss,20201108_Nice_Monaco,0.782745,0.782745,63.0,83.4,2.0,0.0,11.0
2020-11-08 14:00:00,Nimes,Angers,1,5,2020,Nimes,Angers,1,1,5,loss,20201108_Nimes_Angers,1.66648,1.66648,,,,,
2020-11-20 20:00:00,Monaco,Paris Saint Germain,3,2,2020,Monaco,Paris Saint Germain,1,3,2,win,20201120_Monaco_Paris Saint Germain,3.28236,2.52227,52.0,83.5,2.0,0.0,10.0
2020-11-20 18:00:00,Rennes,Bordeaux,0,1,2020,Rennes,Bordeaux,1,0,1,loss,20201120_Rennes_Bordeaux,1.95047,1.95047,59.0,76.9,2.0,0.0,9.0
2020-11-21 16:00:00,Brest,Saint-Etienne,4,1,2020,Brest,Saint-Etienne,1,4,1,win,20201121_Brest_Saint-Etienne,1.06599,1.06599,41.0,75.1,1.0,0.0,28.0
2020-11-22 16:00:00,Angers,Lyon,0,1,2020,Angers,Lyon,1,0,1,loss,20201122_Angers_Lyon,0.948811,0.948811,50.0,78.0,2.0,0.0,19.0
2020-11-22 14:00:00,Dijon,Lens,0,1,2020,Dijon,Lens,1,0,1,loss,20201122_Dijon_Lens,0.672083,0.672083,53.0,79.4,2.0,0.0,16.0
2020-11-22 20:00:00,Lille,Lorient,4,0,2020,Lille,Lorient,1,4,0,win,20201122_Lille_Lorient,3.37221,3.37221,64.0,84.9,1.0,0.0,4.0
2020-11-22 14:00:00,Montpellier,Strasbourg,4,3,2020,Montpellier,Strasbourg,1,4,3,win,20201122_Montpellier_Strasbourg,2.65546,2.65546,57.0,83.5,2.0,0.0,18.0
2020-11-22 12:00:00,Nantes,Metz,1,1,2020,Nantes,Metz,1,1,1,draw,20201122_Nantes_Metz,1.48835,1.48835,66.0,83.7,2.0,0.0,20.0
2020-11-22 14:00:00,Reims,Nimes,0,1,2020,Reims,Nimes,1,0,1,loss,20201122_Reims_Nimes,1.05404,1.05404,70.0,81.6,3.0,0.0,7.0
2020-11-25 12:00:00,Lens,Nantes,1,1,2020,Lens,Nantes,1,1,1,draw,20201125_Lens_Nantes,0.875771,0.875771,49.0,72.3,4.0,0.0,11.0
2020-11-27 20:00:00,Strasbourg,Rennes,1,1,2020,Strasbourg,Rennes,1,1,1,draw,20201127_Strasbourg_Rennes,0.802873,0.802873,32.0,70.4,0.0,1.0,29.0
2020-11-28 16:00:00,Marseille,Nantes,3,1,2020,Marseille,Nantes,1,3,1,win,20201128_Marseille_Nantes,2.7459,1.98587,57.0,81.9,4.0,0.0,21.0
2020-11-28 20:00:00,Paris Saint Germain,Bordeaux,2,2,2020,Paris Saint Germain,Bordeaux,1,2,2,draw,20201128_Paris Saint Germain_Bordeaux,2.52961,1.76951,,,,,
2020-11-29 14:00:00,Lens,Angers,1,3,2020,Lens,Angers,1,1,3,loss,20201129_Lens_Angers,1.3761,1.3761,64.0,86.2,2.0,0.0,11.0
2020-11-29 14:00:00,Lorient,Montpellier,0,1,2020,Lorient,Montpellier,1,0,1,loss,20201129_Lorient_Montpellier,0.343499,0.343499,42.0,73.1,2.0,0.0,25.0
2020-11-29 12:00:00,Lyon,Reims,3,0,2020,Lyon,Reims,1,3,0,win,20201129_Lyon_Reims,1.96635,1.96635,64.0,88.8,2.0,0.0,13.0
2020-11-29 14:00:00,Metz,Brest,0,2,2020,Metz,Brest,1,0,2,loss,20201129_Metz_Brest,0.704986,0.704986,46.0,80.4,2.0,0.0,11.0
2020-11-29 14:00:00,Monaco,Nimes,3,0,2020,Monaco,Nimes,1,3,0,win,20201129_Monaco_Nimes,3.43581,3.43581,67.0,85.2,1.0,0.0,7.0
2020-11-29 16:00:00,Nice,Dijon,1,3,2020,Nice,Dijon,1,1,3,loss,20201129_Nice_Dijon,2.40463,1.64454,61.0,84.5,3.0,0.0,13.0
2020-11-29 20:00:00,Saint-Etienne,Lille,1,1,2020,Saint-Etienne,Lille,1,1,1,draw,20201129_Saint-Etienne_Lille,0.982356,0.222261,,,,,
2020-12-04 20:00:00,Nimes,Marseille,0,2,2020,Nimes,Marseille,1,0,2,loss,20201204_Nimes_Marseille,0.384633,0.384633,,,,,
2020-12-05 20:00:00,Montpellier,Paris Saint Germain,1,3,2020,Montpellier,Paris Saint Germain,1,1,3,loss,20201205_Montpellier_Paris Saint Germain,1.98123,1.98123,35.0,75.3,1.0,0.0,14.0
2020-12-05 16:00:00,Rennes,Lens,0,2,2020,Rennes,Lens,1,0,2,loss,20201205_Rennes_Lens,0.503822,0.503822,60.0,74.7,1.0,0.0,17.0
2020-12-06 14:00:00,Angers,Lorient,2,0,2020,Angers,Lorient,1,2,0,win,20201206_Angers_Lorient,1.91353,1.91353,48.0,74.1,3.0,0.0,35.0
2020-12-06 14:00:00,Bordeaux,Brest,1,0,2020,Bordeaux,Brest,1,1,0,win,20201206_Bordeaux_Brest,2.36548,2.36548,58.0,88.5,0.0,0.0,18.0
2020-12-06 14:00:00,Dijon,Saint-Etienne,0,0,2020,Dijon,Saint-Etienne,1,0,0,draw,20201206_Dijon_Saint-Etienne,0.235832,0.235832,41.0,64.9,0.0,0.0,29.0
2020-12-06 12:00:00,Lille,Monaco,2,1,2020,Lille,Monaco,1,2,1,win,20201206_Lille_Monaco,1.38745,1.38745,42.0,78.7,3.0,0.0,25.0
2020-12-06 20:00:00,Metz,Lyon,1,3,2020,Metz,Lyon,1,1,3,loss,20201206_Metz_Lyon,1.2421,0.482,46.0,82.2,1.0,1.0,14.0
2020-12-06 14:00:00,Nantes,Strasbourg,0,4,2020,Nantes,Strasbourg,1,0,4,loss,20201206_Nantes_Strasbourg,0.633507,0.633507,62.0,83.3,3.0,0.0,11.0
2020-12-06 16:00:00,Reims,Nice,0,0,2020,Reims,Nice,1,0,0,draw,20201206_Reims_Nice,0.511453,0.511453,35.0,71.3,1.0,0.0,20.0
2020-12-11 20:00:00,Saint-Etienne,Angers,0,0,2020,Saint-Etienne,Angers,1,0,0,draw,20201211_Saint-Etienne_Angers,1.15801,1.15801,,,,,
2020-12-12 20:00:00,Lens,Montpellier,2,3,2020,Lens,Montpellier,1,2,3,loss,20201212_Lens_Montpellier,1.38862,0.628522,59.0,81.9,1.0,0.0,16.0
2020-12-12 16:00:00,Marseille,Monaco,2,1,2020,Marseille,Monaco,1,2,1,win,20201212_Marseille_Monaco,1.52748,1.52748,39.0,67.8,3.0,0.0,23.0
2020-12-13 14:00:00,Brest,Reims,2,1,2020,Brest,Reims,1,2,1,win,20201213_Brest_Reims,2.97358,2.21348,51.0,79.4,1.0,0.0,18.0
2020-12-13 16:00:00,Lille,Bordeaux,2,1,2020,Lille,Bordeaux,1,2,1,win,20201213_Lille_Bordeaux,1.34583,1.34583,56.0,81.7,0.0,0.0,17.0
2020-12-13 14:00:00,Lorient,Nimes,3,0,2020,Lorient,Nimes,1,3,0,win,20201213_Lorient_Nimes,2.82061,2.06058,44.0,73.4,2.0,0.0,36.0
2020-12-13 14:00:00,Nantes,Dijon,1,1,2020,Nantes,Dijon,1,1,1,draw,20201213_Nantes_Dijon,1.88182,1.12173,38.0,66.1,2.0,0.0,30.0
2020-12-13 12:00:00,Nice,Rennes,0,1,2020,Nice,Rennes,1,0,1,loss,20201213_Nice_Rennes,0.791546,0.791546,54.0,83.6,2.0,0.0,11.0
2020-12-13 20:00:00,Paris Saint Germain,Lyon,0,1,2020,Paris Saint Germain,Lyon,1,0,1,loss,20201213_Paris Saint Germain_Lyon,0.310118,0.310118,,,,,
2020-12-13 14:00:00,Strasbourg,Metz,2,2,2020,Strasbourg,Metz,1,2,2,draw,20201213_Strasbourg_Metz,0.788845,0.788845,57.0,78.1,3.0,0.0,6.0
2020-12-16 18:00:00,Angers,Strasbourg,0,2,2020,Angers,Strasbourg,1,0,2,loss,20201216_Angers_Strasbourg,0.215122,0.215122,57.0,81.7,1.0,0.0,10.0
2020-12-16 20:00:00,Bordeaux,Saint-Etienne,1,2,2020,Bordeaux,Saint-Etienne,1,1,2,loss,20201216_Bordeaux_Saint-Etienne,0.552558,0.552558,52.0,81.5,3.0,0.0,11.0
2020-12-16 18:00:00,Dijon,Lille,0,2,2020,Dijon,Lille,1,0,2,loss,20201216_Dijon_Lille,0.171789,0.171789,47.0,79.2,0.0,0.0,20.0
2020-12-16 20:00:00,Lyon,Brest,2,2,2020,Lyon,Brest,1,2,2,draw,20201216_Lyon_Brest,3.29974,2.53965,56.0,84.6,3.0,0.0,9.0
2020-12-16 20:00:00,Monaco,Lens,0,3,2020,Monaco,Lens,1,0,3,loss,20201216_Monaco_Lens,0.928491,0.928491,32.0,73.6,2.0,1.0,4.0
2020-12-16 18:00:00,Montpellier,Metz,0,2,2020,Montpellier,Metz,1,0,2,loss,20201216_Montpellier_Metz,0.892487,0.892487,59.0,79.0,3.0,0.0,7.0
2020-12-16 18:00:00,Nimes,Nice,0,2,2020,Nimes,Nice,1,0,2,loss,20201216_Nimes_Nice,0.994031,0.994031,,,,,
2020-12-16 20:00:00,Paris Saint Germain,Lorient,2,0,2020,Paris Saint Germain,Lorient,1,2,0,win,20201216_Paris Saint Germain_Lorient,2.80047,2.04044,,,,,
2020-12-16 18:00:00,Reims,Nantes,3,2,2020,Reims,Nantes,1,3,2,win,20201216_Reims_Nantes,1.74124,0.981149,46.0,77.6,2.0,0.0,27.0
2020-12-16 20:00:00,Rennes,Marseille,2,1,2020,Rennes,Marseille,1,2,1,win,20201216_Rennes_Marseille,1.16849,1.16849,67.0,81.7,1.0,0.0,7.0
2020-12-19 18:00:00,Marseille,Reims,1,1,2020,Marseille,Reims,1,1,1,draw,20201219_Marseille_Reims,1.50569,1.50569,70.0,86.0,1.0,0.0,7.0
2020-12-19 16:00:00,Metz,Lens,2,0,2020,Metz,Lens,1,2,0,win,20201219_Metz_Lens,1.16038,1.16038,39.0,72.0,1.0,0.0,19.0
2020-12-19 20:00:00,Nice,Lyon,1,4,2020,Nice,Lyon,1,1,4,loss,20201219_Nice_Lyon,0.761993,0.761993,55.0,86.3,1.0,0.0,8.0
2020-12-20 12:00:00,Brest,Montpellier,2,2,2020,Brest,Montpellier,1,2,2,draw,20201220_Brest_Montpellier,2.16892,2.16892,55.0,86.5,2.0,0.0,21.0
2020-12-20 14:00:00,Dijon,Monaco,0,1,2020,Dijon,Monaco,1,0,1,loss,20201220_Dijon_Monaco,1.17666,1.17666,52.0,79.6,2.0,0.0,13.0
2020-12-20 20:00:00,Lille,Paris Saint Germain,0,0,2020,Lille,Paris Saint Germain,1,0,0,draw,20201220_Lille_Paris Saint Germain,0.394389,0.394389,31.0,75.8,0.0,0.0,15.0
2020-12-20 16:00:00,Lorient,Rennes,0,3,2020,Lorient,Rennes,1,0,3,loss,20201220_Lorient_Rennes,1.0355,1.0355,43.0,82.6,1.0,0.0,9.0
2020-12-20 14:00:00,Nantes,Angers,1,1,2020,Nantes,Angers,1,1,1,draw,20201220_Nantes_Angers,0.573136,0.573136,60.0,77.7,3.0,0.0,20.0
2020-12-20 14:00:00,Saint-Etienne,Nimes,2,2,2020,Saint-Etienne,Nimes,1,2,2,draw,20201220_Saint-Etienne_Nimes,2.94469,2.09812,,,,,
2020-12-20 14:00:00,Strasbourg,Bordeaux,0,2,2020,Strasbourg,Bordeaux,1,0,2,loss,20201220_Strasbourg_Bordeaux,1.0111,1.0111,54.0,75.7,2.0,0.0,6.0
2020-12-23 20:00:00,Angers,Marseille,2,1,2020,Angers,Marseille,1,2,1,win,20201223_Angers_Marseille,0.780388,0.780388,31.0,69.4,2.0,0.0,20.0
2020-12-23 18:00:00,Bordeaux,Reims,1,3,2020,Bordeaux,Reims,1,1,3,loss,20201223_Bordeaux_Reims,1.2121,1.2121,62.0,86.5,3.0,0.0,8.0
2020-12-23 18:00:00,Lens,Brest,2,1,2020,Lens,Brest,1,2,1,win,20201223_Lens_Brest,2.02607,1.26597,47.0,80.5,0.0,0.0,19.0
2020-12-23 20:00:00,Lyon,Nantes,3,0,2020,Lyon,Nantes,1,3,0,win,20201223_Lyon_Nantes,3.9821,3.9821,64.0,88.1,1.0,0.0,16.0
2020-12-23 20:00:00,Monaco,Saint-Etienne,2,2,2020,Monaco,Saint-Etienne,1,2,2,draw,20201223_Monaco_Saint-Etienne,0.680448,0.680448,40.0,68.0,3.0,1.0,35.0
2020-12-23 20:00:00,Montpellier,Lille,2,3,2020,Montpellier,Lille,1,2,3,loss,20201223_Montpellier_Lille,1.19046,1.19046,47.0,78.6,3.0,0.0,10.0
2020-12-23 18:00:00,Nice,Lorient,2,2,2020,Nice,Lorient,1,2,2,draw,20201223_Nice_Lorient,0.656687,0.656687,43.0,81.6,3.0,1.0,22.0
2020-12-23 18:00:00,Nimes,Dijon,1,3,2020,Nimes,Dijon,1,1,3,loss,20201223_Nimes_Dijon,0.958657,0.958657,,,,,
2020-12-23 20:00:00,Paris Saint Germain,Strasbourg,4,0,2020,Paris Saint Germain,Strasbourg,1,4,0,win,20201223_Paris Saint Germain_Strasbourg,3.11615,3.11615,,,,,
2020-12-23 18:00:00,Rennes,Metz,1,0,2020,Rennes,Metz,1,1,0,win,20201223_Rennes_Metz,0.66303,0.66303,62.0,83.1,1.0,0.0,21.0
2021-01-06 18:00:00,Brest,Nice,2,0,2020,Brest,Nice,1,2,0,win,20210106_Brest_Nice,1.13297,1.13297,39.0,75.1,2.0,0.0,26.0
2021-01-06 20:00:00,Lille,Angers,1,2,2020,Lille,Angers,1,1,2,loss,20210106_Lille_Angers,0.285307,0.285307,65.0,80.9,3.0,0.0,17.0
2021-01-06 18:00:00,Lorient,Monaco,2,5,2020,Lorient,Monaco,1,2,5,loss,20210106_Lorient_Monaco,0.61232,0.61232,41.0,78.3,1.0,1.0,15.0
2021-01-06 20:00:00,Lyon,Lens,3,2,2020,Lyon,Lens,1,3,2,win,20210106_Lyon_Lens,1.82314,1.06305,51.0,80.0,1.0,0.0,20.0
2021-01-06 20:00:00,Marseille,Montpellier,3,1,2020,Marseille,Montpellier,1,3,1,win,20210106_Marseille_Montpellier,2.52375,2.52375,56.0,85.2,0.0,0.0,16.0
2021-01-06 18:00:00,Metz,Bordeaux,0,0,2020,Metz,Bordeaux,1,0,0,draw,20210106_Metz_Bordeaux,0.71749,0.71749,43.0,78.9,1.0,0.0,12.0
2021-01-06 18:00:00,Nantes,Rennes,0,0,2020,Nantes,Rennes,1,0,0,draw,20210106_Nantes_Rennes,0.600663,0.600663,28.0,70.1,2.0,0.0,24.0
2021-01-06 20:00:00,Reims,Dijon,0,0,2020,Reims,Dijon,1,0,0,draw,20210106_Reims_Dijon,0.878332,0.878332,57.0,82.4,2.0,0.0,15.0
2021-01-06 20:00:00,Saint-Etienne,Paris Saint Germain,1,1,2020,Saint-Etienne,Paris Saint Germain,1,1,1,draw,20210106_Saint-Etienne_Paris Saint Germain,1.29987,1.29987,,,,,
2021-01-06 18:00:00,Strasbourg,Nimes,5,0,2020,Strasbourg,Nimes,1,5,0,win,20210106_Strasbourg_Nimes,4.64764,2.26282,59.0,85.2,1.0,0.0,10.0
2021-01-09 20:00:00,Bordeaux,Lorient,2,1,2020,Bordeaux,Lorient,1,2,1,win,20210109_Bordeaux_Lorient,1.61234,1.61234,49.0,79.8,2.0,0.0,14.0
2021-01-09 20:00:00,Dijon,Marseille,0,0,2020,Dijon,Marseille,1,0,0,draw,20210109_Dijon_Marseille,0.48883,0.48883,42.0,74.4,3.0,0.0,28.0
2021-01-09 20:00:00,Lens,Strasbourg,0,1,2020,Lens,Strasbourg,1,0,1,loss,20210109_Lens_Strasbourg,0.57533,0.57533,65.0,83.5,1.0,0.0,4.0
2021-01-09 20:00:00,Metz,Nice,1,1,2020,Metz,Nice,1,1,1,draw,20210109_Metz_Nice,1.25558,1.25558,44.0,74.4,2.0,0.0,17.0
2021-01-09 20:00:00,Monaco,Angers,3,0,2020,Monaco,Angers,1,3,0,win,20210109_Monaco_Angers,2.30803,2.30803,56.0,81.6,2.0,0.0,12.0
2021-01-09 20:00:00,Montpellier,Nantes,1,1,2020,Montpellier,Nantes,1,1,1,draw,20210109_Montpellier_Nantes,0.905512,0.905512,47.0,80.7,5.0,0.0,22.0
2021-01-09 20:00:00,Nimes,Lille,0,1,2020,Nimes,Lille,1,0,1,loss,20210109_Nimes_Lille,0.34513,0.34513,,,,,
2021-01-09 20:00:00,Paris Saint Germain,Brest,3,0,2020,Paris Saint Germain,Brest,1,3,0,win,20210109_Paris Saint Germain_Brest,2.91378,2.91378,,,,,
2021-01-09 20:00:00,Reims,Saint-Etienne,3,1,2020,Reims,Saint-Etienne,1,3,1,win,20210109_Reims_Saint-Etienne,1.70535,0.945258,36.0,69.0,2.0,0.0,23.0
2021-01-09 20:00:00,Rennes,Lyon,2,2,2020,Rennes,Lyon,1,2,2,draw,20210109_Rennes_Lyon,1.14894,1.14894,55.0,84.5,1.0,0.0,20.0
2021-01-15 20:00:00,Montpellier,Monaco,2,3,2020,Montpellier,Monaco,1,2,3,loss,20210115_Montpellier_Monaco,0.55197,0.55197,52.0,73.5,2.0,0.0,10.0
2021-01-16 20:00:00,Angers,Paris Saint Germain,0,1,2020,Angers,Paris Saint Germain,1,0,1,loss,20210116_Angers_Paris Saint Germain,0.937183,0.937183,39.0,76.8,0.0,0.0,16.0
2021-01-16 16:00:00,Marseille,Nimes,1,2,2020,Marseille,Nimes,1,1,2,loss,20210116_Marseille_Nimes,2.16279,1.4027,63.0,84.8,2.0,0.0,11.0
2021-01-17 12:00:00,Brest,Rennes,1,2,2020,Brest,Rennes,1,1,2,loss,20210117_Brest_Rennes,1.94951,1.94951,43.0,79.8,1.0,0.0,13.0
2021-01-17 16:00:00,Lille,Reims,2,1,2020,Lille,Reims,1,2,1,win,20210117_Lille_Reims,1.37991,1.37991,61.0,85.0,2.0,0.0,13.0
2021-01-17 20:00:00,Lyon,Metz,0,1,2020,Lyon,Metz,1,0,1,loss,20210117_Lyon_Metz,1.6386,1.6386,64.0,81.8,1.0,0.0,13.0
2021-01-17 14:00:00,Nantes,Lens,1,1,2020,Nantes,Lens,1,1,1,draw,20210117_Nantes_Lens,1.15976,0.399669,41.0,70.2,3.0,0.0,22.0
2021-01-17 14:00:00,Nice,Bordeaux,0,3,2020,Nice,Bordeaux,1,0,3,loss,20210117_Nice_Bordeaux,0.469882,0.469882,50.0,83.5,0.0,0.0,17.0
2021-01-17 14:00:00,Strasbourg,Saint-Etienne,1,0,2020,Strasbourg,Saint-Etienne,1,1,0,win,20210117_Strasbourg_Saint-Etienne,2.60986,2.60986,42.0,71.9,2.0,0.0,15.0
2021-01-20 22:00:00,Marseille,Lens,0,1,2020,Marseille,Lens,1,0,1,loss,20210120_Marseille_Lens,0.118724,0.118724,47.0,77.8,5.0,0.0,21.0
2021-01-22 20:00:00,Paris Saint Germain,Montpellier,4,0,2020,Paris Saint Germain,Montpellier,1,4,0,win,20210122_Paris Saint Germain_Montpellier,4.90921,4.90921,,,,,
2021-01-23 16:00:00,Lens,Nice,0,1,2020,Lens,Nice,1,0,1,loss,20210123_Lens_Nice,1.18896,1.18896,55.0,81.9,2.0,0.0,14.0
2021-01-23 20:00:00,Monaco,Marseille,3,1,2020,Monaco,Marseille,1,3,1,win,20210123_Monaco_Marseille,1.87551,1.87551,54.0,71.8,3.0,0.0,9.0
2021-01-24 12:00:00,Bordeaux,Angers,2,1,2020,Bordeaux,Angers,1,2,1,win,20210124_Bordeaux_Angers,1.1096,1.1096,46.0,83.2,1.0,0.0,21.0
2021-01-24 14:00:00,Dijon,Strasbourg,1,1,2020,Dijon,Strasbourg,1,1,1,draw,20210124_Dijon_Strasbourg,0.802784,0.802784,50.0,74.0,1.0,0.0,12.0
2021-01-24 14:00:00,Metz,Nantes,2,0,2020,Metz,Nantes,1,2,0,win,20210124_Metz_Nantes,0.833905,0.833905,43.0,80.3,3.0,0.0,27.0
2021-01-24 14:00:00,Reims,Brest,1,0,2020,Reims,Brest,1,1,0,win,20210124_Reims_Brest,1.18806,1.18806,36.0,72.7,3.0,0.0,32.0
2021-01-24 16:00:00,Rennes,Lille,0,1,2020,Rennes,Lille,1,0,1,loss,20210124_Rennes_Lille,0.550276,0.550276,67.0,82.6,2.0,0.0,9.0
2021-01-24 20:00:00,Saint-Etienne,Lyon,0,5,2020,Saint-Etienne,Lyon,1,0,5,loss,20210124_Saint-Etienne_Lyon,0.22255,0.22255,,,,,
2021-01-27 20:00:00,Lorient,Dijon,3,2,2020,Lorient,Dijon,1,3,2,win,20210127_Lorient_Dijon,0.895978,0.895978,46.0,70.9,2.0,0.0,16.0
2021-01-29 20:00:00,Lyon,Bordeaux,2,1,2020,Lyon,Bordeaux,1,2,1,win,20210129_Lyon_Bordeaux,1.30049,1.30049,56.0,82.4,1.0,0.0,23.0
2021-01-30 16:00:00,Montpellier,Lens,1,2,2020,Montpellier,Lens,1,1,2,loss,20210130_Montpellier_Lens,1.03811,1.03811,56.0,75.2,4.0,0.0,9.0
2021-01-31 14:00:00,Angers,Nimes,3,1,2020,Angers,Nimes,1,3,1,win,20210131_Angers_Nimes,1.59464,1.59464,40.0,78.0,1.0,0.0,18.0
2021-01-31 14:00:00,Brest,Metz,2,4,2020,Brest,Metz,1,2,4,loss,20210131_Brest_Metz,1.8688,1.8688,62.0,83.5,1.0,0.0,14.0
2021-01-31 16:00:00,Lille,Dijon,1,0,2020,Lille,Dijon,1,1,0,win,20210131_Lille_Dijon,1.90817,1.90817,59.0,83.0,2.0,0.0,9.0
2021-01-31 14:00:00,Lorient,Paris Saint Germain,3,2,2020,Lorient,Paris Saint Germain,1,3,2,win,20210131_Lorient_Paris Saint Germain,1.56057,1.56057,35.0,73.9,4.0,0.0,24.0
2021-01-31 20:00:00,Nantes,Monaco,1,2,2020,Nantes,Monaco,1,1,2,loss,20210131_Nantes_Monaco,1.23932,1.23932,33.0,69.3,4.0,1.0,19.0
2021-01-31 12:00:00,Nice,Saint-Etienne,0,1,2020,Nice,Saint-Etienne,1,0,1,loss,20210131_Nice_Saint-Etienne,0.435831,0.435831,46.0,81.6,2.0,0.0,22.0
2021-01-31 14:00:00,Strasbourg,Reims,0,1,2020,Strasbourg,Reims,1,0,1,loss,20210131_Strasbourg_Reims,0.995057,0.995057,48.0,80.0,1.0,0.0,11.0
2021-02-03 18:00:00,Bordeaux,Lille,0,3,2020,Bordeaux,Lille,1,0,3,loss,20210203_Bordeaux_Lille,0.746258,0.746258,54.0,87.1,1.0,0.0,15.0
2021-02-03 20:00:00,Dijon,Lyon,0,1,2020,Dijon,Lyon,1,0,1,loss,20210203_Dijon_Lyon,0.998017,0.998017,37.0,77.8,2.0,0.0,14.0
2021-02-03 20:00:00,Lens,Marseille,2,2,2020,Lens,Marseille,1,2,2,draw,20210203_Lens_Marseille,1.53188,1.53188,60.0,80.3,4.0,0.0,11.0
2021-02-03 18:00:00,Metz,Montpellier,1,1,2020,Metz,Montpellier,1,1,1,draw,20210203_Metz_Montpellier,0.902049,0.902049,45.0,79.7,6.0,0.0,25.0
2021-02-03 20:00:00,Monaco,Nice,2,1,2020,Monaco,Nice,1,2,1,win,20210203_Monaco_Nice,2.7347,1.97467,42.0,73.2,0.0,0.0,14.0
2021-02-03 20:00:00,Paris Saint Germain,Nimes,3,0,2020,Paris Saint Germain,Nimes,1,3,0,win,20210203_Paris Saint Germain_Nimes,1.69188,1.69188,,,,,
2021-02-03 18:00:00,Reims,Angers,0,0,2020,Reims,Angers,1,0,0,draw,20210203_Reims_Angers,0.556903,0.556903,57.0,82.4,2.0,0.0,14.0
2021-02-03 18:00:00,Rennes,Lorient,1,1,2020,Rennes,Lorient,1,1,1,draw,20210203_Rennes_Lorient,1.03454,1.03454,59.0,84.4,2.0,0.0,19.0
2021-02-03 20:00:00,Saint-Etienne,Nantes,1,1,2020,Saint-Etienne,Nantes,1,1,1,draw,20210203_Saint-Etienne_Nantes,1.50363,1.50363,,,,,
2021-02-03 18:00:00,Strasbourg,Brest,2,2,2020,Strasbourg,Brest,1,2,2,draw,20210203_Strasbourg_Brest,0.610074,0.610074,41.0,75.8,2.0,0.0,20.0
2021-02-06 20:00:00,Lens,Rennes,0,0,2020,Lens,Rennes,1,0,0,draw,20210206_Lens_Rennes,1.09008,1.09008,53.0,81.1,2.0,0.0,19.0
2021-02-06 16:00:00,Lorient,Reims,1,0,2020,Lorient,Reims,1,1,0,win,20210206_Lorient_Reims,1.11747,1.11747,40.0,73.7,0.0,0.0,28.0
2021-02-06 18:00:00,Lyon,Strasbourg,3,0,2020,Lyon,Strasbourg,1,3,0,win,20210206_Lyon_Strasbourg,1.59649,1.59649,69.0,87.8,2.0,0.0,14.0
2021-02-07 12:00:00,Brest,Bordeaux,2,1,2020,Brest,Bordeaux,1,2,1,win,20210207_Brest_Bordeaux,2.03597,2.03597,47.0,78.7,1.0,0.0,13.0
2021-02-07 20:00:00,Marseille,Paris Saint Germain,0,2,2020,Marseille,Paris Saint Germain,1,0,2,loss,20210207_Marseille_Paris Saint Germain,0.426125,0.426125,53.0,81.0,1.0,1.0,9.0
2021-02-07 14:00:00,Montpellier,Dijon,4,2,2020,Montpellier,Dijon,1,4,2,win,20210207_Montpellier_Dijon,5.60551,5.60551,59.0,82.0,3.0,0.0,7.0
2021-02-07 16:00:00,Nantes,Lille,0,2,2020,Nantes,Lille,1,0,2,loss,20210207_Nantes_Lille,0.400333,0.400333,44.0,74.1,3.0,0.0,12.0
2021-02-07 14:00:00,Nice,Angers,3,0,2020,Nice,Angers,1,3,0,win,20210207_Nice_Angers,1.30901,1.30901,51.0,84.3,2.0,0.0,33.0
2021-02-07 14:00:00,Nimes,Monaco,3,4,2020,Nimes,Monaco,1,3,4,loss,20210207_Nimes_Monaco,1.54024,1.54024,,,,,
2021-02-07 14:00:00,Saint-Etienne,Metz,1,0,2020,Saint-Etienne,Metz,1,1,0,win,20210207_Saint-Etienne_Metz,0.560201,0.560201,,,,,
2021-02-13 20:00:00,Lyon,Montpellier,1,2,2020,Lyon,Montpellier,1,1,2,loss,20210213_Lyon_Montpellier,3.94358,3.94358,55.0,81.2,0.0,0.0,17.0
2021-02-13 16:00:00,Paris Saint Germain,Nice,2,1,2020,Paris Saint Germain,Nice,1,2,1,win,20210213_Paris Saint Germain_Nice,2.47313,2.47313,,,,,
2021-02-13 18:00:00,Reims,Lens,1,1,2020,Reims,Lens,1,1,1,draw,20210213_Reims_Lens,0.679141,0.679141,37.0,72.6,2.0,0.0,36.0
2021-02-14 14:00:00,Angers,Nantes,1,3,2020,Angers,Nantes,1,1,3,loss,20210214_Angers_Nantes,1.72075,0.960852,65.0,78.4,2.0,0.0,10.0
2021-02-14 20:00:00,Bordeaux,Marseille,0,0,2020,Bordeaux,Marseille,1,0,0,draw,20210214_Bordeaux_Marseille,1.90455,1.90455,55.0,84.3,1.0,0.0,14.0
2021-02-14 14:00:00,Dijon,Nimes,0,2,2020,Dijon,Nimes,1,0,2,loss,20210214_Dijon_Nimes,0.466986,0.466986,50.0,74.6,4.0,1.0,14.0
2021-02-14 16:00:00,Lille,Brest,0,0,2020,Lille,Brest,1,0,0,draw,20210214_Lille_Brest,0.62514,0.62514,68.0,84.6,2.0,0.0,14.0
2021-02-14 14:00:00,Metz,Strasbourg,1,2,2020,Metz,Strasbourg,1,1,2,loss,20210214_Metz_Strasbourg,1.46606,1.46606,45.0,74.4,2.0,0.0,20.0
2021-02-14 12:00:00,Monaco,Lorient,2,2,2020,Monaco,Lorient,1,2,2,draw,20210214_Monaco_Lorient,1.93864,1.17854,70.0,83.2,3.0,0.0,4.0
2021-02-14 14:00:00,Rennes,Saint-Etienne,0,2,2020,Rennes,Saint-Etienne,1,0,2,loss,20210214_Rennes_Saint-Etienne,0.797238,0.797238,71.0,80.9,5.0,0.0,9.0
2021-02-17 20:00:00,Marseille,Nice,3,2,2020,Marseille,Nice,1,3,2,win,20210217_Marseille_Nice,0.648327,0.648327,45.0,76.6,2.0,0.0,18.0
2021-02-19 20:00:00,Brest,Lyon,2,3,2020,Brest,Lyon,1,2,3,loss,20210219_Brest_Lyon,1.46003,1.46003,51.0,76.7,2.0,0.0,7.0
2021-02-20 16:00:00,Nantes,Marseille,1,1,2020,Nantes,Marseille,1,1,1,draw,20210220_Nantes_Marseille,0.779308,0.779308,35.0,61.8,4.0,0.0,20.0
2021-02-20 12:00:00,Saint-Etienne,Reims,1,1,2020,Saint-Etienne,Reims,1,1,1,draw,20210220_Saint-Etienne_Reims,1.97702,1.97702,,,,,
2021-02-21 14:00:00,Lens,Dijon,2,1,2020,Lens,Dijon,1,2,1,win,20210221_Lens_Dijon,1.29752,1.29752,54.0,81.8,3.0,0.0,13.0
2021-02-21 16:00:00,Lorient,Lille,1,4,2020,Lorient,Lille,1,1,4,loss,20210221_Lorient_Lille,0.231568,0.231568,44.0,79.9,2.0,0.0,20.0
2021-02-21 12:00:00,Montpellier,Rennes,2,1,2020,Montpellier,Rennes,1,2,1,win,20210221_Montpellier_Rennes,2.86812,2.10802,35.0,75.4,1.0,0.0,21.0
2021-02-21 14:00:00,Nice,Metz,1,2,2020,Nice,Metz,1,1,2,loss,20210221_Nice_Metz,1.04755,0.287451,65.0,82.6,1.0,0.0,7.0
2021-02-21 14:00:00,Nimes,Bordeaux,2,0,2020,Nimes,Bordeaux,1,2,0,win,20210221_Nimes_Bordeaux,0.364183,0.364183,,,,,
2021-02-21 20:00:00,Paris Saint Germain,Monaco,0,2,2020,Paris Saint Germain,Monaco,1,0,2,loss,20210221_Paris Saint Germain_Monaco,0.953831,0.953831,,,,,
2021-02-21 14:00:00,Strasbourg,Angers,0,0,2020,Strasbourg,Angers,1,0,0,draw,20210221_Strasbourg_Angers,1.41894,1.41894,57.0,79.1,2.0,0.0,20.0
2021-02-24 20:00:00,Nimes,Lorient,1,0,2020,Nimes,Lorient,1,1,0,win,20210224_Nimes_Lorient,0.914735,0.15464,,,,,
2021-02-26 20:00:00,Rennes,Nice,1,2,2020,Rennes,Nice,1,1,2,loss,20210226_Rennes_Nice,0.752041,0.752041,61.0,85.7,0.0,0.0,9.0
2021-02-27 12:00:00,Bordeaux,Metz,1,2,2020,Bordeaux,Metz,1,1,2,loss,20210227_Bordeaux_Metz,0.978537,0.978537,51.0,75.2,1.0,0.0,22.0
2021-02-27 16:00:00,Dijon,Paris Saint Germain,0,4,2020,Dijon,Paris Saint Germain,1,0,4,loss,20210227_Dijon_Paris Saint Germain,0.249652,0.249652,40.0,84.2,2.0,0.0,10.0
2021-02-28 14:00:00,Angers,Lens,2,2,2020,Angers,Lens,1,2,2,draw,20210228_Angers_Lens,1.71598,0.955884,40.0,64.8,0.0,0.0,29.0
2021-02-28 16:00:00,Lille,Strasbourg,1,1,2020,Lille,Strasbourg,1,1,1,draw,20210228_Lille_Strasbourg,0.866257,0.866257,68.0,81.6,0.0,0.0,16.0
2021-02-28 14:00:00,Lorient,Saint-Etienne,2,1,2020,Lorient,Saint-Etienne,1,2,1,win,20210228_Lorient_Saint-Etienne,0.858628,0.858628,56.0,79.5,1.0,0.0,16.0
2021-02-28 20:00:00,Marseille,Lyon,1,1,2020,Marseille,Lyon,1,1,1,draw,20210228_Marseille_Lyon,1.35641,0.596316,52.0,82.5,4.0,0.0,18.0
2021-02-28 12:00:00,Monaco,Brest,2,0,2020,Monaco,Brest,1,2,0,win,20210228_Monaco_Brest,2.19231,1.43222,63.0,85.3,2.0,0.0,3.0
2021-02-28 14:00:00,Nimes,Nantes,1,1,2020,Nimes,Nantes,1,1,1,draw,20210228_Nimes_Nantes,0.474343,0.474343,,,,,
2021-02-28 14:00:00,Reims,Montpellier,0,0,2020,Reims,Montpellier,1,0,0,draw,20210228_Reims_Montpellier,0.338427,0.338427,57.0,81.1,1.0,0.0,13.0
2021-03-03 20:00:00,Bordeaux,Paris Saint Germain,0,1,2020,Bordeaux,Paris Saint Germain,1,0,1,loss,20210303_Bordeaux_Paris Saint Germain,0.80867,0.80867,44.0,80.9,3.0,0.0,4.0
2021-03-03 18:00:00,Brest,Dijon,3,1,2020,Brest,Dijon,1,3,1,win,20210303_Brest_Dijon,1.56287,1.56287,49.0,83.3,3.0,0.0,33.0
2021-03-03 20:00:00,Lille,Marseille,2,0,2020,Lille,Marseille,1,2,0,win,20210303_Lille_Marseille,2.22985,2.22985,60.0,79.9,0.0,0.0,11.0
2021-03-03 18:00:00,Lyon,Rennes,1,0,2020,Lyon,Rennes,1,1,0,win,20210303_Lyon_Rennes,1.94262,1.94262,47.0,78.8,1.0,0.0,22.0
2021-03-03 18:00:00,Metz,Angers,0,1,2020,Metz,Angers,1,0,1,loss,20210303_Metz_Angers,0.688591,0.688591,65.0,83.9,2.0,1.0,13.0
2021-03-03 20:00:00,Montpellier,Lorient,1,1,2020,Montpellier,Lorient,1,1,1,draw,20210303_Montpellier_Lorient,0.6465,0.6465,54.0,81.1,2.0,0.0,5.0
2021-03-03 20:00:00,Nantes,Reims,1,2,2020,Nantes,Reims,1,1,2,loss,20210303_Nantes_Reims,1.42636,1.42636,49.0,71.7,0.0,0.0,10.0
2021-03-03 18:00:00,Nice,Nimes,2,1,2020,Nice,Nimes,1,2,1,win,20210303_Nice_Nimes,1.50673,1.50673,54.0,85.8,3.0,0.0,19.0
2021-03-03 18:00:00,Saint-Etienne,Lens,2,3,2020,Saint-Etienne,Lens,1,2,3,loss,20210303_Saint-Etienne_Lens,1.73128,0.971182,,,,,
2021-03-03 20:00:00,Strasbourg,Monaco,1,0,2020,Strasbourg,Monaco,1,1,0,win,20210303_Strasbourg_Monaco,0.75132,0.75132,38.0,66.8,3.0,0.0,22.0
2021-03-10 20:00:00,Marseille,Rennes,1,0,2020,Marseille,Rennes,1,1,0,win,20210310_Marseille_Rennes,0.751259,0.751259,51.0,80.8,2.0,0.0,12.0
2021-03-12 20:00:00,Reims,Lyon,1,1,2020,Reims,Lyon,1,1,1,draw,20210312_Reims_Lyon,0.734344,0.734344,32.0,69.2,3.0,0.0,42.0
2021-03-13 12:00:00,Angers,Saint-Etienne,0,1,2020,Angers,Saint-Etienne,1,0,1,loss,20210313_Angers_Saint-Etienne,0.226499,0.226499,54.0,76.0,1.0,0.0,14.0
2021-03-13 16:00:00,Marseille,Brest,3,1,2020,Marseille,Brest,1,3,1,win,20210313_Marseille_Brest,1.72148,1.72148,41.0,78.1,3.0,0.0,17.0
2021-03-14 14:00:00,Dijon,Bordeaux,1,3,2020,Dijon,Bordeaux,1,1,3,loss,20210314_Dijon_Bordeaux,0.969288,0.969288,46.0,75.2,5.0,0.0,19.0
2021-03-14 14:00:00,Lens,Metz,2,2,2020,Lens,Metz,1,2,2,draw,20210314_Lens_Metz,2.37531,2.37531,53.0,78.8,4.0,0.0,16.0
2021-03-14 14:00:00,Lorient,Nice,1,1,2020,Lorient,Nice,1,1,1,draw,20210314_Lorient_Nice,2.3105,2.3105,49.0,83.1,2.0,0.0,8.0
2021-03-14 16:05:00,Monaco,Lille,0,0,2020,Monaco,Lille,1,0,0,draw,20210314_Monaco_Lille,0.614925,0.614925,63.0,83.7,3.0,0.0,12.0
2021-03-14 12:00:00,Nimes,Montpellier,1,1,2020,Nimes,Montpellier,1,1,1,draw,20210314_Nimes_Montpellier,1.83162,1.83162,,,,,
2021-03-14 20:00:00,Paris Saint Germain,Nantes,1,2,2020,Paris Saint Germain,Nantes,1,1,2,loss,20210314_Paris Saint Germain_Nantes,0.882924,0.882924,,,,,
2021-03-14 14:00:00,Rennes,Strasbourg,1,0,2020,Rennes,Strasbourg,1,1,0,win,20210314_Rennes_Strasbourg,1.03121,1.03121,50.0,79.7,0.0,0.0,20.0
2021-03-19 16:05:00,Saint-Etienne,Monaco,0,4,2020,Saint-Etienne,Monaco,1,0,4,loss,20210319_Saint-Etienne_Monaco,0.4503,0.4503,,,,,
2021-03-20 12:00:00,Metz,Rennes,1,3,2020,Metz,Rennes,1,1,3,loss,20210320_Metz_Rennes,0.685567,0.685567,52.0,78.7,0.0,0.0,20.0
2021-03-20 20:00:00,Nice,Marseille,3,0,2020,Nice,Marseille,1,3,0,win,20210320_Nice_Marseille,2.7496,2.7496,43.0,77.5,1.0,0.0,26.0
2021-03-21 14:00:00,Brest,Angers,0,0,2020,Brest,Angers,1,0,0,draw,20210321_Brest_Angers,0.480151,0.480151,52.0,82.1,1.0,0.0,18.0
2021-03-21 14:00:00,Dijon,Reims,0,1,2020,Dijon,Reims,1,0,1,loss,20210321_Dijon_Reims,0.792069,0.792069,53.0,78.5,3.0,0.0,18.0
2021-03-21 16:00:00,Lille,Nimes,1,2,2020,Lille,Nimes,1,1,2,loss,20210321_Lille_Nimes,0.787438,0.787438,72.0,84.3,2.0,0.0,5.0
2021-03-21 20:00:00,Lyon,Paris Saint Germain,2,4,2020,Lyon,Paris Saint Germain,1,2,4,loss,20210321_Lyon_Paris Saint Germain,0.613014,0.613014,43.0,84.8,2.0,0.0,8.0
2021-03-21 14:00:00,Montpellier,Bordeaux,3,1,2020,Montpellier,Bordeaux,1,3,1,win,20210321_Montpellier_Bordeaux,2.24117,2.24117,44.0,79.7,1.0,0.0,23.0
2021-03-21 14:00:00,Nantes,Lorient,1,1,2020,Nantes,Lorient,1,1,1,draw,20210321_Nantes_Lorient,1.39056,1.39056,37.0,70.6,0.0,0.0,28.0
2021-03-21 12:00:00,Strasbourg,Lens,1,2,2020,Strasbourg,Lens,1,1,2,loss,20210321_Strasbourg_Lens,2.11369,2.11369,60.0,74.6,2.0,0.0,16.0
2021-04-03 19:00:00,Lens,Lyon,1,1,2020,Lens,Lyon,1,1,1,draw,20210403_Lens_Lyon,0.672298,0.672298,40.0,75.3,3.0,0.0,26.0
2021-04-03 11:00:00,Monaco,Metz,4,0,2020,Monaco,Metz,1,4,0,win,20210403_Monaco_Metz,2.50003,0.979842,61.0,81.6,0.0,0.0,8.0
2021-04-03 15:00:00,Paris Saint Germain,Lille,0,1,2020,Paris Saint Germain,Lille,1,0,1,loss,20210403_Paris Saint Germain_Lille,1.05668,1.05668,,,,,
2021-04-04 11:00:00,Angers,Montpellier,1,1,2020,Angers,Montpellier,1,1,1,draw,20210404_Angers_Montpellier,0.995445,0.995445,62.0,83.7,1.0,0.0,15.0
2021-04-04 13:00:00,Bordeaux,Strasbourg,2,3,2020,Bordeaux,Strasbourg,1,2,3,loss,20210404_Bordeaux_Strasbourg,1.59289,0.832792,62.0,84.9,1.0,0.0,11.0
2021-04-04 13:00:00,Lorient,Brest,1,0,2020,Lorient,Brest,1,1,0,win,20210404_Lorient_Brest,1.76108,1.76108,46.0,73.5,3.0,0.0,6.0
2021-04-04 19:00:00,Marseille,Dijon,2,0,2020,Marseille,Dijon,1,2,0,win,20210404_Marseille_Dijon,1.53499,1.53499,63.0,85.7,2.0,0.0,17.0
2021-04-04 13:00:00,Nantes,Nice,1,2,2020,Nantes,Nice,1,1,2,loss,20210404_Nantes_Nice,1.36882,1.36882,50.0,76.9,1.0,0.0,16.0
2021-04-04 15:05:00,Nimes,Saint-Etienne,0,2,2020,Nimes,Saint-Etienne,1,0,2,loss,20210404_Nimes_Saint-Etienne,1.56114,0.801043,,,,,
2021-04-04 13:00:00,Reims,Rennes,2,2,2020,Reims,Rennes,1,2,2,draw,20210404_Reims_Rennes,1.03401,1.03401,42.0,81.3,3.0,1.0,18.0
2021-04-09 19:00:00,Metz,Lille,0,2,2020,Metz,Lille,1,0,2,loss,20210409_Metz_Lille,1.96214,1.20211,50.0,77.1,2.0,0.0,19.0
2021-04-10 19:00:00,Montpellier,Marseille,3,3,2020,Montpellier,Marseille,1,3,3,draw,20210410_Montpellier_Marseille,2.15762,2.15762,44.0,71.8,2.0,0.0,14.0
2021-04-10 15:00:00,Strasbourg,Paris Saint Germain,1,4,2020,Strasbourg,Paris Saint Germain,1,1,4,loss,20210410_Strasbourg_Paris Saint Germain,0.945852,0.945852,37.0,76.4,0.0,0.0,8.0
2021-04-11 13:00:00,Brest,Nimes,1,1,2020,Brest,Nimes,1,1,1,draw,20210411_Brest_Nimes,1.98561,1.98561,63.0,80.2,4.0,0.0,12.0
2021-04-11 13:00:00,Lens,Lorient,4,1,2020,Lens,Lorient,1,4,1,win,20210411_Lens_Lorient,3.35961,1.83955,38.0,76.9,0.0,0.0,37.0
2021-04-11 19:00:00,Lyon,Angers,3,0,2020,Lyon,Angers,1,3,0,win,20210411_Lyon_Angers,2.84942,2.84942,53.0,81.8,0.0,0.0,13.0
2021-04-11 15:05:00,Monaco,Dijon,3,0,2020,Monaco,Dijon,1,3,0,win,20210411_Monaco_Dijon,3.88289,2.21365,64.0,84.3,1.0,0.0,10.0
2021-04-11 13:00:00,Nice,Reims,0,0,2020,Nice,Reims,1,0,0,draw,20210411_Nice_Reims,0.515644,0.515644,54.0,87.6,0.0,0.0,18.0
2021-04-11 11:00:00,Rennes,Nantes,1,0,2020,Rennes,Nantes,1,1,0,win,20210411_Rennes_Nantes,0.733422,0.733422,64.0,82.7,6.0,0.0,17.0
2021-04-11 13:00:00,Saint-Etienne,Bordeaux,4,1,2020,Saint-Etienne,Bordeaux,1,4,1,win,20210411_Saint-Etienne_Bordeaux,3.28299,1.7628,,,,,
2021-04-16 19:00:00,Lille,Montpellier,1,1,2020,Lille,Montpellier,1,1,1,draw,20210416_Lille_Montpellier,1.22671,1.22671,63.0,81.0,3.0,0.0,10.0
2021-04-17 11:00:00,Angers,Rennes,0,3,2020,Angers,Rennes,1,0,3,loss,20210417_Angers_Rennes,0.453458,0.453458,41.0,82.6,2.0,0.0,17.0
2021-04-17 15:00:00,Marseille,Lorient,3,2,2020,Marseille,Lorient,1,3,2,win,20210417_Marseille_Lorient,2.44334,2.44334,73.0,87.6,1.0,0.0,7.0
2021-04-18 15:05:00,Bordeaux,Monaco,0,3,2020,Bordeaux,Monaco,1,0,3,loss,20210418_Bordeaux_Monaco,0.927302,0.927302,41.0,77.5,4.0,1.0,21.0
2021-04-18 13:00:00,Brest,Lens,1,1,2020,Brest,Lens,1,1,1,draw,20210418_Brest_Lens,0.391745,0.391745,46.0,74.7,2.0,1.0,14.0
2021-04-18 13:00:00,Dijon,Nice,2,0,2020,Dijon,Nice,1,2,0,win,20210418_Dijon_Nice,1.41735,0.657254,43.0,79.2,1.0,0.0,25.0
2021-04-18 19:00:00,Nantes,Lyon,1,2,2020,Nantes,Lyon,1,1,2,loss,20210418_Nantes_Lyon,1.21944,1.21944,49.0,77.0,0.0,0.0,13.0
2021-04-18 13:00:00,Nimes,Strasbourg,1,1,2020,Nimes,Strasbourg,1,1,1,draw,20210418_Nimes_Strasbourg,1.63156,0.87147,,,,,
2021-04-18 11:00:00,Paris Saint Germain,Saint-Etienne,3,2,2020,Paris Saint Germain,Saint-Etienne,1,3,2,win,20210418_Paris Saint Germain_Saint-Etienne,2.04974,1.28965,,,,,
2021-04-18 13:00:00,Reims,Metz,0,0,2020,Reims,Metz,1,0,0,draw,20210418_Reims_Metz,0.731927,0.731927,48.0,79.2,3.0,0.0,14.0
2021-04-23 19:00:00,Reims,Marseille,1,3,2020,Reims,Marseille,1,1,3,loss,20210423_Reims_Marseille,0.704618,0.704618,42.0,82.9,2.0,1.0,18.0
2021-04-24 15:00:00,Metz,Paris Saint Germain,1,3,2020,Metz,Paris Saint Germain,1,1,3,loss,20210424_Metz_Paris Saint Germain,0.649808,0.649808,34.0,80.1,1.0,0.0,17.0
2021-04-24 11:00:00,Saint-Etienne,Brest,1,2,2020,Saint-Etienne,Brest,1,1,2,loss,20210424_Saint-Etienne_Brest,1.12226,1.12226,,,,,
2021-04-25 15:05:00,Angers,Monaco,0,1,2020,Angers,Monaco,1,0,1,loss,20210425_Angers_Monaco,0.100339,0.100339,42.0,71.0,2.0,0.0,10.0
2021-04-25 13:00:00,Lens,Nimes,2,1,2020,Lens,Nimes,1,2,1,win,20210425_Lens_Nimes,0.712516,0.712516,44.0,75.3,1.0,1.0,34.0
2021-04-25 13:00:00,Lorient,Bordeaux,4,1,2020,Lorient,Bordeaux,1,4,1,win,20210425_Lorient_Bordeaux,2.10336,2.10336,43.0,76.0,2.0,0.0,19.0
2021-04-25 19:00:00,Lyon,Lille,2,3,2020,Lyon,Lille,1,2,3,loss,20210425_Lyon_Lille,0.945519,0.945519,46.0,78.3,0.0,0.0,9.0
2021-04-25 11:00:00,Nice,Montpellier,3,1,2020,Nice,Montpellier,1,3,1,win,20210425_Nice_Montpellier,2.37673,2.37673,58.0,84.4,1.0,0.0,24.0
2021-04-25 13:00:00,Rennes,Dijon,5,1,2020,Rennes,Dijon,1,5,1,win,20210425_Rennes_Dijon,4.16691,4.16691,74.0,91.0,6.0,0.0,6.0
2021-04-25 13:00:00,Strasbourg,Nantes,1,2,2020,Strasbourg,Nantes,1,1,2,loss,20210425_Strasbourg_Nantes,1.39872,1.39872,64.0,76.3,1.0,0.0,22.0
2021-04-30 19:00:00,Marseille,Strasbourg,1,1,2020,Marseille,Strasbourg,1,1,1,draw,20210430_Marseille_Strasbourg,1.13215,1.13215,68.0,86.9,4.0,0.0,16.0
2021-05-01 19:00:00,Lille,Nice,2,0,2020,Lille,Nice,1,2,0,win,20210501_Lille_Nice,0.684625,0.684625,55.0,87.8,2.0,0.0,13.0
2021-05-01 15:00:00,Paris Saint Germain,Lens,2,1,2020,Paris Saint Germain,Lens,1,2,1,win,20210501_Paris Saint Germain_Lens,1.37764,1.37764,,,,,
2021-05-02 11:00:00,Bordeaux,Rennes,1,0,2020,Bordeaux,Rennes,1,1,0,win,20210502_Bordeaux_Rennes,0.58893,0.58893,45.0,80.3,4.0,0.0,20.0
2021-05-02 13:00:00,Brest,Nantes,1,4,2020,Brest,Nantes,1,1,4,loss,20210502_Brest_Nantes,1.63517,1.63517,59.0,82.3,2.0,0.0,18.0
2021-05-02 13:00:00,Dijon,Metz,1,5,2020,Dijon,Metz,1,1,5,loss,20210502_Dijon_Metz,1.2483,1.2483,45.0,77.6,1.0,1.0,14.0
2021-05-02 13:00:00,Lorient,Angers,2,0,2020,Lorient,Angers,1,2,0,win,20210502_Lorient_Angers,2.41491,1.65481,50.0,83.9,3.0,1.0,16.0
2021-05-02 19:00:00,Monaco,Lyon,2,3,2020,Monaco,Lyon,1,2,3,loss,20210502_Monaco_Lyon,2.11913,1.35903,48.0,72.5,1.0,2.0,15.0
2021-05-02 15:05:00,Montpellier,Saint-Etienne,1,2,2020,Montpellier,Saint-Etienne,1,1,2,loss,20210502_Montpellier_Saint-Etienne,1.01968,1.01968,45.0,73.2,2.0,0.0,25.0
2021-05-02 13:00:00,Nimes,Reims,2,2,2020,Nimes,Reims,1,2,2,draw,20210502_Nimes_Reims,2.42284,2.42284,,,,,
2021-05-07 19:00:00,Lens,Lille,0,3,2020,Lens,Lille,1,0,3,loss,20210507_Lens_Lille,1.38117,1.38117,49.0,87.6,3.0,1.0,8.0
2021-05-08 15:00:00,Lyon,Lorient,4,1,2020,Lyon,Lorient,1,4,1,win,20210508_Lyon_Lorient,4.64266,3.88256,59.0,86.8,2.0,0.0,4.0
2021-05-08 11:00:00,Nantes,Bordeaux,3,0,2020,Nantes,Bordeaux,1,3,0,win,20210508_Nantes_Bordeaux,1.7162,0.956104,49.0,71.6,0.0,0.0,19.0
2021-05-09 13:00:00,Angers,Dijon,3,0,2020,Angers,Dijon,1,3,0,win,20210509_Angers_Dijon,1.71976,1.71976,44.0,82.5,0.0,0.0,10.0
2021-05-09 13:00:00,Metz,Nimes,0,3,2020,Metz,Nimes,1,0,3,loss,20210509_Metz_Nimes,0.680563,0.680563,58.0,82.9,1.0,0.0,17.0
2021-05-09 13:00:00,Nice,Brest,3,2,2020,Nice,Brest,1,3,2,win,20210509_Nice_Brest,2.95697,2.95697,63.0,88.0,1.0,1.0,7.0
2021-05-09 15:05:00,Reims,Monaco,0,1,2020,Reims,Monaco,1,0,1,loss,20210509_Reims_Monaco,0.432365,0.432365,40.0,80.0,1.0,0.0,11.0
2021-05-09 19:00:00,Rennes,Paris Saint Germain,1,1,2020,Rennes,Paris Saint Germain,1,1,1,draw,20210509_Rennes_Paris Saint Germain,0.946689,0.946689,43.0,80.4,4.0,0.0,16.0
2021-05-09 11:00:00,Saint-Etienne,Marseille,1,0,2020,Saint-Etienne,Marseille,1,1,0,win,20210509_Saint-Etienne_Marseille,1.41067,1.41067,,,,,
2021-05-09 13:00:00,Strasbourg,Montpellier,2,3,2020,Strasbourg,Montpellier,1,2,3,loss,20210509_Strasbourg_Montpellier,1.9728,1.9728,57.0,78.3,2.0,0.0,15.0
2021-05-16 19:00:00,Bordeaux,Lens,3,0,2020,Bordeaux,Lens,1,3,0,win,20210516_Bordeaux_Lens,2.80699,2.0469,34.0,68.2,2.0,0.0,28.0
2021-05-16 19:00:00,Dijon,Nantes,0,4,2020,Dijon,Nantes,1,0,4,loss,20210516_Dijon_Nantes,0.988436,0.988436,71.0,84.1,2.0,0.0,19.0
2021-05-16 19:00:00,Lille,Saint-Etienne,0,0,2020,Lille,Saint-Etienne,1,0,0,draw,20210516_Lille_Saint-Etienne,0.900703,0.900703,59.0,83.3,1.0,0.0,15.0
2021-05-16 19:00:00,Lorient,Metz,2,1,2020,Lorient,Metz,1,2,1,win,20210516_Lorient_Metz,1.42765,0.667558,38.0,76.7,1.0,0.0,19.0
2021-05-16 19:00:00,Marseille,Angers,3,2,2020,Marseille,Angers,1,3,2,win,20210516_Marseille_Angers,2.93056,2.17046,53.0,88.7,3.0,0.0,10.0
2021-05-16 19:00:00,Monaco,Rennes,2,1,2020,Monaco,Rennes,1,2,1,win,20210516_Monaco_Rennes,1.51214,1.51214,40.0,70.6,2.0,0.0,22.0
2021-05-16 19:00:00,Montpellier,Brest,0,0,2020,Montpellier,Brest,1,0,0,draw,20210516_Montpellier_Brest,0.408081,0.408081,41.0,75.5,0.0,1.0,32.0
2021-05-16 19:00:00,Nice,Strasbourg,0,2,2020,Nice,Strasbourg,1,0,2,loss,20210516_Nice_Strasbourg,0.74817,0.74817,72.0,87.7,2.0,0.0,10.0
2021-05-16 19:00:00,Nimes,Lyon,2,5,2020,Nimes,Lyon,1,2,5,loss,20210516_Nimes_Lyon,0.854315,0.854315,,,,,
2021-05-16 19:00:00,Paris Saint Germain,Reims,4,0,2020,Paris Saint Germain,Reims,1,4,0,win,20210516_Paris Saint Germain_Reims,4.73633,3.97624,,,,,
2021-05-23 19:00:00,Angers,Lille,1,2,2020,Angers,Lille,1,1,2,loss,20210523_Angers_Lille,0.736956,0.736956,57.0,86.4,0.0,0.0,10.0
2021-05-23 19:00:00,Brest,Paris Saint Germain,0,2,2020,Brest,Paris Saint Germain,1,0,2,loss,20210523_Brest_Paris Saint Germain,0.574713,0.574713,37.0,76.6,1.0,0.0,14.0
2021-05-23 19:00:00,Lens,Monaco,0,0,2020,Lens,Monaco,1,0,0,draw,20210523_Lens_Monaco,0.23839,0.23839,35.0,71.0,3.0,0.0,28.0
2021-05-23 19:00:00,Lyon,Nice,2,3,2020,Lyon,Nice,1,2,3,loss,20210523_Lyon_Nice,1.32809,1.32809,55.0,81.9,1.0,0.0,8.0
2021-05-23 19:00:00,Metz,Marseille,1,1,2020,Metz,Marseille,1,1,1,draw,20210523_Metz_Marseille,1.08944,0.329341,36.0,78.0,3.0,0.0,31.0
2021-05-23 19:00:00,Nantes,Montpellier,1,2,2020,Nantes,Montpellier,1,1,2,loss,20210523_Nantes_Montpellier,1.41119,1.41119,49.0,72.0,2.0,0.0,19.0
2021-05-23 19:00:00,Reims,Bordeaux,1,2,2020,Reims,Bordeaux,1,1,2,loss,20210523_Reims_Bordeaux,1.19819,1.19819,56.0,86.5,1.0,0.0,10.0
2021-05-23 19:00:00,Rennes,Nimes,2,0,2020,Rennes,Nimes,1,2,0,win,20210523_Rennes_Nimes,1.33269,1.33269,68.0,91.0,1.0,0.0,9.0
2021-05-23 19:00:00,Saint-Etienne,Dijon,0,1,2020,Saint-Etienne,Dijon,1,0,1,loss,20210523_Saint-Etienne_Dijon,1.4605,1.4605,,,,,
2021-05-23 19:00:00,Strasbourg,Lorient,1,1,2020,Strasbourg,Lorient,1,1,1,draw,20210523_Strasbourg_Lorient,0.32396,0.32396,51.0,84.3,1.0,0.0,11.0
2022-08-05 19:00:00,Lyon,Ajaccio,2,1,2022,Lyon,Ajaccio,1,2,1,win,20220805_Lyon_Ajaccio,1.85675,1.09665,67.0,86.9,1.0,1.0,11.0
2022-08-06 19:00:00,Clermont Foot,Paris Saint Germain,0,5,2022,Clermont Foot,Paris Saint Germain,1,0,5,loss,20220806_Clermont Foot_Paris Saint Germain,0.194932,0.194932,38.0,83.6,2.0,0.0,17.0
2022-08-06 15:00:00,Strasbourg,Monaco,1,2,2022,Strasbourg,Monaco,1,1,2,loss,20220806_Strasbourg_Monaco,1.39118,1.39118,53.0,78.2,0.0,0.0,15.0
2022-08-07 13:00:00,Angers,Nantes,0,0,2022,Angers,Nantes,1,0,0,draw,20220807_Angers_Nantes,1.91609,1.91609,49.0,74.7,3.0,0.0,20.0
2022-08-07 13:00:00,Lens,Brest,3,2,2022,Lens,Brest,1,3,2,win,20220807_Lens_Brest,3.31681,2.55671,61.0,84.0,2.0,0.0,10.0
2022-08-07 13:00:00,Lille,Auxerre,4,1,2022,Lille,Auxerre,1,4,1,win,20220807_Lille_Auxerre,1.29993,1.29993,59.0,89.2,2.0,0.0,15.0
2022-08-07 18:45:00,Marseille,Reims,4,1,2022,Marseille,Reims,1,4,1,win,20220807_Marseille_Reims,2.77019,2.77019,56.0,78.4,1.0,0.0,20.0
2022-08-07 13:00:00,Montpellier,Troyes,3,2,2022,Montpellier,Troyes,1,3,2,win,20220807_Montpellier_Troyes,1.57764,1.57764,54.0,82.1,1.0,0.0,7.0
2022-08-07 15:05:00,Rennes,Lorient,0,1,2022,Rennes,Lorient,1,0,1,loss,20220807_Rennes_Lorient,1.40484,1.40484,63.0,86.1,3.0,0.0,9.0
2022-08-07 11:00:00,Toulouse,Nice,1,1,2022,Toulouse,Nice,1,1,1,draw,20220807_Toulouse_Nice,1.85439,1.85439,46.0,79.6,1.0,0.0,13.0
2022-08-12 19:00:00,Nantes,Lille,1,1,2022,Nantes,Lille,1,1,1,draw,20220812_Nantes_Lille,2.07994,2.07994,31.0,63.8,1.0,0.0,31.0
2022-08-13 15:00:00,Monaco,Rennes,1,1,2022,Monaco,Rennes,1,1,1,draw,20220813_Monaco_Rennes,2.39524,1.63515,35.0,75.6,0.0,1.0,20.0
2022-08-13 19:00:00,Paris Saint Germain,Montpellier,5,2,2022,Paris Saint Germain,Montpellier,1,5,2,win,20220813_Paris Saint Germain_Montpellier,3.3388,1.81861,,,,,
2022-08-14 13:00:00,Ajaccio,Lens,0,0,2022,Ajaccio,Lens,1,0,0,draw,20220814_Ajaccio_Lens,0.707316,0.707316,36.0,71.4,5.0,0.0,21.0
2022-08-14 13:00:00,Auxerre,Angers,2,2,2022,Auxerre,Angers,1,2,2,draw,20220814_Auxerre_Angers,0.898665,0.898665,40.0,74.5,5.0,1.0,20.0
2022-08-14 18:45:00,Brest,Marseille,1,1,2022,Brest,Marseille,1,1,1,draw,20220814_Brest_Marseille,1.64132,1.64132,47.0,75.6,1.0,0.0,14.0
2022-08-14 15:05:00,Nice,Strasbourg,1,1,2022,Nice,Strasbourg,1,1,1,draw,20220814_Nice_Strasbourg,1.51022,0.750121,55.0,81.1,1.0,0.0,16.0
2022-08-14 13:00:00,Reims,Clermont Foot,2,4,2022,Reims,Clermont Foot,1,2,4,loss,20220814_Reims_Clermont Foot,2.65438,1.13419,42.0,74.5,3.0,1.0,11.0
2022-08-14 13:00:00,Troyes,Toulouse,0,3,2022,Troyes,Toulouse,1,0,3,loss,20220814_Troyes_Toulouse,0.925402,0.925402,33.0,73.9,2.0,0.0,18.0
2022-08-19 19:00:00,Lyon,Troyes,4,1,2022,Lyon,Troyes,1,4,1,win,20220819_Lyon_Troyes,3.54595,3.54595,66.0,88.0,0.0,0.0,11.0
2022-08-20 19:00:00,Marseille,Nantes,2,1,2022,Marseille,Nantes,1,2,1,win,20220820_Marseille_Nantes,1.71654,1.71654,56.0,80.1,5.0,1.0,17.0
2022-08-20 15:00:00,Monaco,Lens,1,4,2022,Monaco,Lens,1,1,4,loss,20220820_Monaco_Lens,2.27892,2.27892,46.0,83.0,4.0,1.0,11.0
2022-08-21 13:00:00,Angers,Brest,1,3,2022,Angers,Brest,1,1,3,loss,20220821_Angers_Brest,1.05295,1.05295,50.0,84.6,2.0,1.0,10.0
2022-08-21 13:00:00,Clermont Foot,Nice,1,0,2022,Clermont Foot,Nice,1,1,0,win,20220821_Clermont Foot_Nice,0.712338,0.712338,48.0,87.4,1.0,0.0,16.0
2022-08-21 18:45:00,Lille,Paris Saint Germain,1,7,2022,Lille,Paris Saint Germain,1,1,7,loss,20220821_Lille_Paris Saint Germain,1.50337,1.50337,48.0,89.9,2.0,0.0,5.0
2022-08-21 13:00:00,Montpellier,Auxerre,1,2,2022,Montpellier,Auxerre,1,1,2,loss,20220821_Montpellier_Auxerre,0.602982,0.602982,64.0,85.3,1.0,2.0,6.0
2022-08-21 15:05:00,Rennes,Ajaccio,2,1,2022,Rennes,Ajaccio,1,2,1,win,20220821_Rennes_Ajaccio,0.979786,0.979786,55.0,78.8,5.0,2.0,21.0
2022-08-21 11:00:00,Strasbourg,Reims,1,1,2022,Strasbourg,Reims,1,1,1,draw,20220821_Strasbourg_Reims,1.44615,1.44615,63.0,80.1,1.0,0.0,15.0
2022-08-21 13:00:00,Toulouse,Lorient,2,2,2022,Toulouse,Lorient,1,2,2,draw,20220821_Toulouse_Lorient,2.48022,2.48022,52.0,80.6,2.0,0.0,15.0
2022-08-26 19:00:00,Ajaccio,Lille,1,3,2022,Ajaccio,Lille,1,1,3,loss,20220826_Ajaccio_Lille,0.513092,0.513092,42.0,71.1,3.0,0.0,9.0
2022-08-27 15:00:00,Auxerre,Strasbourg,1,0,2022,Auxerre,Strasbourg,1,1,0,win,20220827_Auxerre_Strasbourg,0.770114,0.770114,42.0,77.8,0.0,0.0,38.0
2022-08-27 19:00:00,Lens,Rennes,2,1,2022,Lens,Rennes,1,2,1,win,20220827_Lens_Rennes,1.15835,1.15835,51.0,84.8,0.0,0.0,19.0
2022-08-28 13:00:00,Brest,Montpellier,0,7,2022,Brest,Montpellier,1,0,7,loss,20220828_Brest_Montpellier,0.163077,0.163077,52.0,77.8,0.0,1.0,9.0
2022-08-28 13:00:00,Lorient,Clermont Foot,2,1,2022,Lorient,Clermont Foot,1,2,1,win,20220828_Lorient_Clermont Foot,3.46625,2.70616,40.0,82.8,1.0,0.0,20.0
2022-08-28 11:00:00,Nantes,Toulouse,3,1,2022,Nantes,Toulouse,1,3,1,win,20220828_Nantes_Toulouse,1.80364,1.80364,50.0,79.0,0.0,0.0,12.0
2022-08-28 13:00:00,Nice,Marseille,0,3,2022,Nice,Marseille,1,0,3,loss,20220828_Nice_Marseille,0.797222,0.797222,49.0,80.5,1.0,0.0,13.0
2022-08-28 18:45:00,Paris Saint Germain,Monaco,1,1,2022,Paris Saint Germain,Monaco,1,1,1,draw,20220828_Paris Saint Germain_Monaco,2.71556,1.95547,,,,,
2022-08-28 15:05:00,Reims,Lyon,1,1,2022,Reims,Lyon,1,1,1,draw,20220828_Reims_Lyon,0.889087,0.889087,26.0,64.3,1.0,1.0,38.0
2022-08-28 13:00:00,Troyes,Angers,3,1,2022,Troyes,Angers,1,3,1,win,20220828_Troyes_Angers,2.23192,2.23192,49.0,83.2,2.0,0.0,15.0
2022-08-31 17:00:00,Angers,Reims,2,4,2022,Angers,Reims,1,2,4,loss,20220831_Angers_Reims,1.43417,0.674076,57.0,79.5,1.0,0.0,7.0
2022-08-31 19:00:00,Lens,Lorient,5,2,2022,Lens,Lorient,1,5,2,win,20220831_Lens_Lorient,3.01117,3.01117,58.0,89.8,1.0,0.0,16.0
2022-08-31 19:00:00,Lille,Nice,1,2,2022,Lille,Nice,1,1,2,loss,20220831_Lille_Nice,0.936389,0.936389,62.0,86.2,1.0,0.0,12.0
2022-08-31 17:00:00,Lyon,Auxerre,2,1,2022,Lyon,Auxerre,1,2,1,win,20220831_Lyon_Auxerre,3.33913,3.33913,62.0,84.5,0.0,0.0,8.0
2022-08-31 19:00:00,Marseille,Clermont Foot,1,0,2022,Marseille,Clermont Foot,1,1,0,win,20220831_Marseille_Clermont Foot,2.50885,1.74875,60.0,81.5,2.0,0.0,9.0
2022-08-31 17:00:00,Monaco,Troyes,2,4,2022,Monaco,Troyes,1,2,4,loss,20220831_Monaco_Troyes,1.69464,1.69464,52.0,81.5,3.0,1.0,17.0
2022-08-31 17:00:00,Montpellier,Ajaccio,2,0,2022,Montpellier,Ajaccio,1,2,0,win,20220831_Montpellier_Ajaccio,1.82411,1.82411,38.0,70.7,2.0,1.0,28.0
2022-08-31 19:00:00,Rennes,Brest,3,1,2022,Rennes,Brest,1,3,1,win,20220831_Rennes_Brest,1.44252,1.44252,64.0,85.2,2.0,0.0,16.0
2022-08-31 17:00:00,Strasbourg,Nantes,1,1,2022,Strasbourg,Nantes,1,1,1,draw,20220831_Strasbourg_Nantes,0.260394,0.260394,46.0,77.0,0.0,0.0,19.0
2022-08-31 19:00:00,Toulouse,Paris Saint Germain,0,3,2022,Toulouse,Paris Saint Germain,1,0,3,loss,20220831_Toulouse_Paris Saint Germain,0.582625,0.582625,38.0,83.8,1.0,0.0,14.0
2022-09-03 15:00:00,Auxerre,Marseille,0,2,2022,Auxerre,Marseille,1,0,2,loss,20220903_Auxerre_Marseille,0.623034,0.623034,48.0,80.8,1.0,0.0,16.0
2022-09-03 17:00:00,Lyon,Angers,5,0,2022,Lyon,Angers,1,5,0,win,20220903_Lyon_Angers,1.40939,1.40939,64.0,83.5,2.0,0.0,8.0
2022-09-03 19:00:00,Nantes,Paris Saint Germain,0,3,2022,Nantes,Paris Saint Germain,1,0,3,loss,20220903_Nantes_Paris Saint Germain,0.414108,0.414108,40.0,84.6,1.0,1.0,10.0
2022-09-04 13:00:00,Ajaccio,Lorient,0,1,2022,Ajaccio,Lorient,1,0,1,loss,20220904_Ajaccio_Lorient,0.520351,0.520351,58.0,75.7,4.0,0.0,10.0
2022-09-04 13:00:00,Brest,Strasbourg,1,1,2022,Brest,Strasbourg,1,1,1,draw,20220904_Brest_Strasbourg,0.726914,0.726914,59.0,79.2,3.0,0.0,14.0
2022-09-04 13:00:00,Clermont Foot,Toulouse,2,0,2022,Clermont Foot,Toulouse,1,2,0,win,20220904_Clermont Foot_Toulouse,1.50732,1.50732,34.0,70.3,4.0,0.0,28.0
2022-09-04 11:00:00,Montpellier,Lille,1,3,2022,Montpellier,Lille,1,1,3,loss,20220904_Montpellier_Lille,0.460323,0.460323,25.0,62.1,0.0,1.0,30.0
2022-09-04 18:45:00,Nice,Monaco,0,1,2022,Nice,Monaco,1,0,1,loss,20220904_Nice_Monaco,1.12895,1.12895,52.0,80.9,2.0,0.0,17.0
2022-09-04 13:00:00,Reims,Lens,1,1,2022,Reims,Lens,1,1,1,draw,20220904_Reims_Lens,1.75851,1.75851,37.0,79.3,2.0,0.0,15.0
2022-09-04 15:05:00,Troyes,Rennes,1,1,2022,Troyes,Rennes,1,1,1,draw,20220904_Troyes_Rennes,0.564802,0.564802,29.0,70.3,2.0,1.0,18.0
2022-09-07 19:00:00,Lorient,Lyon,3,1,2022,Lorient,Lyon,1,3,1,win,20220907_Lorient_Lyon,1.48762,1.48762,34.0,74.7,1.0,0.0,23.0
2022-09-09 19:00:00,Lens,Troyes,1,0,2022,Lens,Troyes,1,1,0,win,20220909_Lens_Troyes,1.44803,1.44803,63.0,88.9,2.0,0.0,13.0
2022-09-10 19:00:00,Marseille,Lille,2,1,2022,Marseille,Lille,1,2,1,win,20220910_Marseille_Lille,2.25737,2.25737,53.0,79.4,5.0,0.0,7.0
2022-09-10 15:00:00,Paris Saint Germain,Brest,1,0,2022,Paris Saint Germain,Brest,1,1,0,win,20220910_Paris Saint Germain_Brest,2.01269,2.01269,,,,,
2022-09-11 13:00:00,Ajaccio,Nice,0,1,2022,Ajaccio,Nice,1,0,1,loss,20220911_Ajaccio_Nice,0.427838,0.427838,45.0,71.2,1.0,0.0,10.0
2022-09-11 13:00:00,Angers,Montpellier,2,1,2022,Angers,Montpellier,1,2,1,win,20220911_Angers_Montpellier,2.91339,2.15329,45.0,75.7,2.0,0.0,18.0
2022-09-11 13:00:00,Lorient,Nantes,3,2,2022,Lorient,Nantes,1,3,2,win,20220911_Lorient_Nantes,1.30306,1.30306,48.0,83.8,2.0,0.0,24.0
2022-09-11 18:45:00,Monaco,Lyon,2,1,2022,Monaco,Lyon,1,2,1,win,20220911_Monaco_Lyon,1.64905,1.64905,39.0,73.2,1.0,0.0,37.0
2022-09-11 15:05:00,Rennes,Auxerre,5,0,2022,Rennes,Auxerre,1,5,0,win,20220911_Rennes_Auxerre,3.73421,3.73421,48.0,79.8,1.0,0.0,12.0
2022-09-11 11:00:00,Strasbourg,Clermont Foot,0,0,2022,Strasbourg,Clermont Foot,1,0,0,draw,20220911_Strasbourg_Clermont Foot,2.60466,2.60466,43.0,70.7,4.0,1.0,19.0
2022-09-11 13:00:00,Toulouse,Reims,1,0,2022,Toulouse,Reims,1,1,0,win,20220911_Toulouse_Reims,2.111,2.111,47.0,74.6,2.0,0.0,31.0
2022-09-16 19:00:00,Auxerre,Lorient,1,3,2022,Auxerre,Lorient,1,1,3,loss,20220916_Auxerre_Lorient,2.27316,2.27316,56.0,83.3,3.0,0.0,16.0
2022-09-17 19:00:00,Lille,Toulouse,2,1,2022,Lille,Toulouse,1,2,1,win,20220917_Lille_Toulouse,1.16749,1.16749,45.0,75.1,2.0,0.0,26.0
2022-09-17 15:00:00,Montpellier,Strasbourg,2,1,2022,Montpellier,Strasbourg,1,2,1,win,20220917_Montpellier_Strasbourg,1.8232,1.06317,50.0,72.1,4.0,0.0,26.0
2022-09-18 13:00:00,Brest,Ajaccio,0,1,2022,Brest,Ajaccio,1,0,1,loss,20220918_Brest_Ajaccio,0.721312,0.721312,59.0,72.8,2.0,0.0,13.0
2022-09-18 13:00:00,Clermont Foot,Troyes,1,3,2022,Clermont Foot,Troyes,1,1,3,loss,20220918_Clermont Foot_Troyes,1.25973,1.25973,58.0,80.4,0.0,0.0,12.0
2022-09-18 18:45:00,Lyon,Paris Saint Germain,0,1,2022,Lyon,Paris Saint Germain,1,0,1,loss,20220918_Lyon_Paris Saint Germain,0.892759,0.892759,35.0,84.6,0.0,0.0,14.0
2022-09-18 13:00:00,Marseille,Rennes,1,1,2022,Marseille,Rennes,1,1,1,draw,20220918_Marseille_Rennes,1.05864,1.05864,59.0,80.4,3.0,0.0,20.0
2022-09-18 15:05:00,Nantes,Lens,0,0,2022,Nantes,Lens,1,0,0,draw,20220918_Nantes_Lens,0.777656,0.777656,42.0,82.0,1.0,0.0,28.0
2022-09-18 13:00:00,Nice,Angers,0,1,2022,Nice,Angers,1,0,1,loss,20220918_Nice_Angers,0.969061,0.969061,50.0,82.3,0.0,1.0,16.0
2022-09-18 11:00:00,Reims,Monaco,0,3,2022,Reims,Monaco,1,0,3,loss,20220918_Reims_Monaco,0.302274,0.302274,33.0,68.3,3.0,1.0,26.0
2022-09-30 19:00:00,Angers,Marseille,0,3,2022,Angers,Marseille,1,0,3,loss,20220930_Angers_Marseille,1.29217,1.29217,43.0,80.1,0.0,0.0,16.0
2022-10-01 19:00:00,Paris Saint Germain,Nice,2,1,2022,Paris Saint Germain,Nice,1,2,1,win,20221001_Paris Saint Germain_Nice,0.753307,0.753307,,,,,
2022-10-01 15:00:00,Strasbourg,Rennes,1,3,2022,Strasbourg,Rennes,1,1,3,loss,20221001_Strasbourg_Rennes,1.15088,0.390788,40.0,78.8,0.0,1.0,15.0
2022-10-02 13:00:00,Ajaccio,Clermont Foot,1,3,2022,Ajaccio,Clermont Foot,1,1,3,loss,20221002_Ajaccio_Clermont Foot,1.28297,1.28297,52.0,76.3,3.0,0.0,17.0
2022-10-02 13:00:00,Auxerre,Brest,1,1,2022,Auxerre,Brest,1,1,1,draw,20221002_Auxerre_Brest,1.21122,0.45113,48.0,84.2,3.0,1.0,26.0
2022-10-02 18:45:00,Lens,Lyon,1,0,2022,Lens,Lyon,1,1,0,win,20221002_Lens_Lyon,2.993,2.2329,52.0,80.2,2.0,0.0,15.0
2022-10-02 11:00:00,Lorient,Lille,2,1,2022,Lorient,Lille,1,2,1,win,20221002_Lorient_Lille,0.51274,0.51274,37.0,76.2,3.0,1.0,38.0
2022-10-02 15:05:00,Monaco,Nantes,4,1,2022,Monaco,Nantes,1,4,1,win,20221002_Monaco_Nantes,2.18299,1.4229,49.0,83.9,0.0,0.0,14.0
2022-10-02 13:00:00,Toulouse,Montpellier,4,2,2022,Toulouse,Montpellier,1,4,2,win,20221002_Toulouse_Montpellier,1.92662,1.92662,43.0,77.8,5.0,1.0,33.0
2022-10-02 13:00:00,Troyes,Reims,2,2,2022,Troyes,Reims,1,2,2,draw,20221002_Troyes_Reims,1.74344,1.74344,68.0,84.5,4.0,0.0,5.0
2022-10-07 19:00:00,Lyon,Toulouse,1,1,2022,Lyon,Toulouse,1,1,1,draw,20221007_Lyon_Toulouse,1.74178,1.74178,58.0,81.9,2.0,0.0,16.0
2022-10-08 15:00:00,Marseille,Ajaccio,1,2,2022,Marseille,Ajaccio,1,1,2,loss,20221008_Marseille_Ajaccio,1.66314,0.903047,64.0,78.4,0.0,0.0,13.0
2022-10-08 19:00:00,Reims,Paris Saint Germain,0,0,2022,Reims,Paris Saint Germain,1,0,0,draw,20221008_Reims_Paris Saint Germain,1.91846,1.91846,37.0,80.3,3.0,0.0,8.0
2022-10-09 13:00:00,Angers,Strasbourg,2,3,2022,Angers,Strasbourg,1,2,3,loss,20221009_Angers_Strasbourg,2.08828,2.08828,54.0,85.1,1.0,0.0,11.0
2022-10-09 13:00:00,Brest,Lorient,1,2,2022,Brest,Lorient,1,1,2,loss,20221009_Brest_Lorient,0.997609,0.997609,50.0,74.8,3.0,0.0,18.0
2022-10-09 13:00:00,Clermont Foot,Auxerre,2,1,2022,Clermont Foot,Auxerre,1,2,1,win,20221009_Clermont Foot_Auxerre,1.41698,1.41698,48.0,76.2,0.0,0.0,16.0
2022-10-09 18:45:00,Lille,Lens,1,0,2022,Lille,Lens,1,1,0,win,20221009_Lille_Lens,2.37665,1.61655,45.0,79.5,3.0,0.0,26.0
2022-10-09 11:00:00,Montpellier,Monaco,0,2,2022,Montpellier,Monaco,1,0,2,loss,20221009_Montpellier_Monaco,0.564764,0.564764,50.0,76.7,2.0,0.0,20.0
2022-10-09 13:00:00,Nice,Troyes,3,2,2022,Nice,Troyes,1,3,2,win,20221009_Nice_Troyes,2.69698,1.93688,61.0,87.4,1.0,0.0,15.0
2022-10-09 15:05:00,Rennes,Nantes,3,0,2022,Rennes,Nantes,1,3,0,win,20221009_Rennes_Nantes,2.85806,2.85806,57.0,77.8,1.0,1.0,15.0
2022-10-14 19:00:00,Strasbourg,Lille,0,3,2022,Strasbourg,Lille,1,0,3,loss,20221014_Strasbourg_Lille,0.366401,0.366401,43.0,72.6,3.0,0.0,11.0
2022-10-15 19:00:00,Lens,Montpellier,1,0,2022,Lens,Montpellier,1,1,0,win,20221015_Lens_Montpellier,2.31045,2.31045,65.0,84.6,2.0,0.0,10.0
2022-10-15 15:00:00,Lorient,Reims,0,0,2022,Lorient,Reims,1,0,0,draw,20221015_Lorient_Reims,1.05131,1.05131,48.0,77.6,1.0,0.0,17.0
2022-10-16 13:00:00,Auxerre,Nice,1,1,2022,Auxerre,Nice,1,1,1,draw,20221016_Auxerre_Nice,0.527675,0.527675,45.0,77.8,0.0,0.0,14.0
2022-10-16 15:05:00,Monaco,Clermont Foot,1,1,2022,Monaco,Clermont Foot,1,1,1,draw,20221016_Monaco_Clermont Foot,1.00523,0.10322,35.0,71.6,3.0,1.0,16.0
2022-10-16 13:00:00,Nantes,Brest,4,1,2022,Nantes,Brest,1,4,1,win,20221016_Nantes_Brest,3.45666,1.93647,54.0,80.5,0.0,0.0,13.0
2022-10-16 18:45:00,Paris Saint Germain,Marseille,1,0,2022,Paris Saint Germain,Marseille,1,1,0,win,20221016_Paris Saint Germain_Marseille,2.99871,2.99871,,,,,
2022-10-16 13:00:00,Rennes,Lyon,3,2,2022,Rennes,Lyon,1,3,2,win,20221016_Rennes_Lyon,1.70448,1.70448,40.0,76.7,2.0,0.0,20.0
2022-10-16 11:00:00,Toulouse,Angers,3,2,2022,Toulouse,Angers,1,3,2,win,20221016_Toulouse_Angers,2.46525,1.70516,55.0,80.3,3.0,0.0,15.0
2022-10-16 13:00:00,Troyes,Ajaccio,1,1,2022,Troyes,Ajaccio,1,1,1,draw,20221016_Troyes_Ajaccio,0.434355,0.434355,51.0,74.8,2.0,0.0,17.0
2022-10-21 19:00:00,Ajaccio,Paris Saint Germain,0,3,2022,Ajaccio,Paris Saint Germain,1,0,3,loss,20221021_Ajaccio_Paris Saint Germain,0.301593,0.301593,35.0,77.3,0.0,0.0,12.0
2022-10-22 19:00:00,Marseille,Lens,0,1,2022,Marseille,Lens,1,0,1,loss,20221022_Marseille_Lens,1.99963,1.99963,56.0,81.0,3.0,0.0,10.0
2022-10-22 15:00:00,Montpellier,Lyon,1,2,2022,Montpellier,Lyon,1,1,2,loss,20221022_Montpellier_Lyon,0.807149,0.807149,38.0,73.9,2.0,1.0,20.0
2022-10-23 11:00:00,Angers,Rennes,1,2,2022,Angers,Rennes,1,1,2,loss,20221023_Angers_Rennes,0.938402,0.938402,30.0,70.6,3.0,0.0,12.0
2022-10-23 13:00:00,Clermont Foot,Brest,1,3,2022,Clermont Foot,Brest,1,1,3,loss,20221023_Clermont Foot_Brest,0.70294,0.70294,62.0,82.5,4.0,0.0,16.0
2022-10-23 18:45:00,Lille,Monaco,4,3,2022,Lille,Monaco,1,4,3,win,20221023_Lille_Monaco,2.49712,2.49712,59.0,82.0,1.0,0.0,18.0
2022-10-23 15:05:00,Nice,Nantes,1,1,2022,Nice,Nantes,1,1,1,draw,20221023_Nice_Nantes,1.34146,0.581362,66.0,83.6,3.0,0.0,12.0
2022-10-23 13:00:00,Reims,Auxerre,2,1,2022,Reims,Auxerre,1,2,1,win,20221023_Reims_Auxerre,2.48368,2.48368,54.0,77.5,4.0,0.0,13.0
2022-10-23 13:00:00,Toulouse,Strasbourg,2,2,2022,Toulouse,Strasbourg,1,2,2,draw,20221023_Toulouse_Strasbourg,1.86579,1.86579,48.0,78.3,2.0,1.0,29.0
2022-10-23 13:00:00,Troyes,Lorient,2,2,2022,Troyes,Lorient,1,2,2,draw,20221023_Troyes_Lorient,1.13911,1.13911,42.0,83.2,2.0,0.0,18.0
2022-10-28 19:00:00,Lens,Toulouse,3,0,2022,Lens,Toulouse,1,3,0,win,20221028_Lens_Toulouse,2.64413,1.88403,52.0,80.6,2.0,0.0,17.0
2022-10-29 15:00:00,Paris Saint Germain,Troyes,4,3,2022,Paris Saint Germain,Troyes,1,4,3,win,20221029_Paris Saint Germain_Troyes,2.67967,1.91958,,,,,
2022-10-29 19:00:00,Strasbourg,Marseille,2,2,2022,Strasbourg,Marseille,1,2,2,draw,20221029_Strasbourg_Marseille,0.890654,0.890654,51.0,78.6,0.0,0.0,12.0
2022-10-30 12:00:00,Auxerre,Ajaccio,1,0,2022,Auxerre,Ajaccio,1,1,0,win,20221030_Auxerre_Ajaccio,0.92577,0.92577,41.0,77.7,1.0,1.0,34.0
2022-10-30 14:00:00,Brest,Reims,0,0,2022,Brest,Reims,1,0,0,draw,20221030_Brest_Reims,1.54791,1.54791,51.0,74.6,1.0,0.0,20.0
2022-10-30 16:05:00,Lorient,Nice,1,2,2022,Lorient,Nice,1,1,2,loss,20221030_Lorient_Nice,1.28783,1.28783,44.0,84.5,0.0,0.0,12.0
2022-10-30 19:45:00,Lyon,Lille,1,0,2022,Lyon,Lille,1,1,0,win,20221030_Lyon_Lille,1.19346,1.19346,45.0,78.3,3.0,0.0,21.0
2022-10-30 14:00:00,Monaco,Angers,2,0,2022,Monaco,Angers,1,2,0,win,20221030_Monaco_Angers,1.93991,1.17982,52.0,79.1,3.0,0.0,4.0
2022-10-30 14:00:00,Nantes,Clermont Foot,1,1,2022,Nantes,Clermont Foot,1,1,1,draw,20221030_Nantes_Clermont Foot,1.95172,1.95172,55.0,79.4,0.0,0.0,14.0
2022-10-30 14:00:00,Rennes,Montpellier,3,0,2022,Rennes,Montpellier,1,3,0,win,20221030_Rennes_Montpellier,1.53875,1.53875,55.0,82.7,1.0,0.0,16.0
2022-11-04 20:00:00,Troyes,Auxerre,1,1,2022,Troyes,Auxerre,1,1,1,draw,20221104_Troyes_Auxerre,1.93768,1.93768,50.0,82.4,2.0,0.0,17.0
2022-11-05 16:00:00,Ajaccio,Strasbourg,4,2,2022,Ajaccio,Strasbourg,1,4,2,win,20221105_Ajaccio_Strasbourg,3.68734,1.40705,49.0,77.0,0.0,1.0,21.0
2022-11-05 20:00:00,Angers,Lens,1,2,2022,Angers,Lens,1,1,2,loss,20221105_Angers_Lens,0.829243,0.829243,44.0,82.6,1.0,0.0,12.0
2022-11-06 14:00:00,Clermont Foot,Montpellier,1,1,2022,Clermont Foot,Montpellier,1,1,1,draw,20221106_Clermont Foot_Montpellier,3.88422,2.36403,54.0,71.9,1.0,0.0,13.0
2022-11-06 16:05:00,Lille,Rennes,1,1,2022,Lille,Rennes,1,1,1,draw,20221106_Lille_Rennes,2.72861,2.72861,62.0,84.2,4.0,0.0,4.0
2022-11-06 12:00:00,Lorient,Paris Saint Germain,1,2,2022,Lorient,Paris Saint Germain,1,1,2,loss,20221106_Lorient_Paris Saint Germain,0.812458,0.812458,41.0,82.3,1.0,0.0,23.0
2022-11-06 19:45:00,Marseille,Lyon,1,0,2022,Marseille,Lyon,1,1,0,win,20221106_Marseille_Lyon,1.07268,1.07268,47.0,77.5,0.0,0.0,14.0
2022-11-06 14:00:00,Nice,Brest,1,0,2022,Nice,Brest,1,1,0,win,20221106_Nice_Brest,0.813513,0.813513,56.0,86.2,1.0,0.0,23.0
2022-11-06 14:00:00,Reims,Nantes,1,0,2022,Reims,Nantes,1,1,0,win,20221106_Reims_Nantes,3.70953,2.94943,57.0,78.5,2.0,0.0,19.0
2022-11-06 14:00:00,Toulouse,Monaco,0,2,2022,Toulouse,Monaco,1,0,2,loss,20221106_Toulouse_Monaco,0.569642,0.569642,48.0,71.9,0.0,0.0,17.0
2022-11-11 20:00:00,Lyon,Nice,1,1,2022,Lyon,Nice,1,1,1,draw,20221111_Lyon_Nice,1.15632,0.396228,63.0,85.5,1.0,0.0,5.0
2022-11-12 16:00:00,Lens,Clermont Foot,2,1,2022,Lens,Clermont Foot,1,2,1,win,20221112_Lens_Clermont Foot,1.4242,1.4242,61.0,83.5,1.0,0.0,3.0
2022-11-12 20:00:00,Rennes,Toulouse,2,1,2022,Rennes,Toulouse,1,2,1,win,20221112_Rennes_Toulouse,1.94787,1.94787,46.0,78.3,0.0,0.0,18.0
2022-11-13 14:00:00,Brest,Troyes,2,1,2022,Brest,Troyes,1,2,1,win,20221113_Brest_Troyes,2.21142,0.691228,54.0,79.9,3.0,0.0,10.0
2022-11-13 14:00:00,Lille,Angers,1,0,2022,Lille,Angers,1,1,0,win,20221113_Lille_Angers,1.07614,1.07614,58.0,86.1,3.0,1.0,15.0
2022-11-13 19:45:00,Monaco,Marseille,2,3,2022,Monaco,Marseille,1,2,3,loss,20221113_Monaco_Marseille,1.52658,0.766555,42.0,76.6,3.0,0.0,10.0
2022-11-13 14:00:00,Montpellier,Reims,1,1,2022,Montpellier,Reims,1,1,1,draw,20221113_Montpellier_Reims,2.07463,2.07463,49.0,66.4,2.0,0.0,19.0
2022-11-13 14:00:00,Nantes,Ajaccio,2,2,2022,Nantes,Ajaccio,1,2,2,draw,20221113_Nantes_Ajaccio,0.982738,0.982738,53.0,75.5,3.0,0.0,20.0
2022-11-13 12:00:00,Paris Saint Germain,Auxerre,5,0,2022,Paris Saint Germain,Auxerre,1,5,0,win,20221113_Paris Saint Germain_Auxerre,2.22316,2.22316,,,,,
2022-11-13 16:05:00,Strasbourg,Lorient,1,1,2022,Strasbourg,Lorient,1,1,1,draw,20221113_Strasbourg_Lorient,1.84883,1.84883,61.0,81.0,4.0,0.0,9.0
2022-12-28 14:00:00,Ajaccio,Angers,1,0,2022,Ajaccio,Angers,1,1,0,win,20221228_Ajaccio_Angers,1.68567,0.925572,46.0,75.1,1.0,0.0,21.0
2022-12-28 16:00:00,Auxerre,Monaco,2,3,2022,Auxerre,Monaco,1,2,3,loss,20221228_Auxerre_Monaco,1.32986,0.569769,38.0,75.3,1.0,0.0,18.0
2022-12-28 20:00:00,Brest,Lyon,2,4,2022,Brest,Lyon,1,2,4,loss,20221228_Brest_Lyon,1.1351,1.1351,43.0,73.7,2.0,0.0,18.0
2022-12-28 18:00:00,Clermont Foot,Lille,0,2,2022,Clermont Foot,Lille,1,0,2,loss,20221228_Clermont Foot_Lille,0.511123,0.511123,43.0,74.6,4.0,1.0,10.0
2022-12-28 20:00:00,Paris Saint Germain,Strasbourg,2,1,2022,Paris Saint Germain,Strasbourg,1,2,1,win,20221228_Paris Saint Germain_Strasbourg,2.11764,1.35754,,,,,
2022-12-28 14:00:00,Troyes,Nantes,0,0,2022,Troyes,Nantes,1,0,0,draw,20221228_Troyes_Nantes,0.202598,0.202598,56.0,82.9,0.0,0.0,22.0
2022-12-29 16:00:00,Lorient,Montpellier,0,2,2022,Lorient,Montpellier,1,0,2,loss,20221229_Lorient_Montpellier,1.13229,1.13229,48.0,80.6,3.0,0.0,8.0
2022-12-29 20:00:00,Marseille,Toulouse,6,1,2022,Marseille,Toulouse,1,6,1,win,20221229_Marseille_Toulouse,3.90797,3.14787,51.0,81.4,1.0,0.0,22.0
2022-12-29 20:00:00,Nice,Lens,0,0,2022,Nice,Lens,1,0,0,draw,20221229_Nice_Lens,1.19572,1.19572,41.0,82.4,2.0,0.0,11.0
2022-12-29 18:00:00,Reims,Rennes,3,1,2022,Reims,Rennes,1,3,1,win,20221229_Reims_Rennes,1.37243,1.37243,34.0,68.3,2.0,0.0,14.0
2023-01-01 14:00:00,Angers,Lorient,1,2,2022,Angers,Lorient,1,1,2,loss,20230101_Angers_Lorient,2.17455,2.17455,42.0,78.3,3.0,0.0,21.0
2023-01-01 19:45:00,Lens,Paris Saint Germain,3,1,2022,Lens,Paris Saint Germain,1,3,1,win,20230101_Lens_Paris Saint Germain,1.79816,1.79816,41.0,80.1,2.0,0.0,23.0
2023-01-01 16:00:00,Lyon,Clermont Foot,0,1,2022,Lyon,Clermont Foot,1,0,1,loss,20230101_Lyon_Clermont Foot,0.736196,0.736196,60.0,85.2,1.0,0.0,14.0
2023-01-01 14:00:00,Monaco,Brest,1,0,2022,Monaco,Brest,1,1,0,win,20230101_Monaco_Brest,1.11357,1.11357,51.0,80.5,3.0,0.0,17.0
2023-01-01 14:00:00,Nantes,Auxerre,1,0,2022,Nantes,Auxerre,1,1,0,win,20230101_Nantes_Auxerre,0.870785,0.870785,50.0,75.9,1.0,0.0,23.0
2023-01-01 14:00:00,Toulouse,Ajaccio,2,0,2022,Toulouse,Ajaccio,1,2,0,win,20230101_Toulouse_Ajaccio,1.33519,1.33519,62.0,79.6,3.0,0.0,9.0
2023-01-02 16:00:00,Lille,Reims,1,1,2022,Lille,Reims,1,1,1,draw,20230102_Lille_Reims,2.68973,2.68973,61.0,86.7,1.0,0.0,13.0
2023-01-02 18:00:00,Montpellier,Marseille,1,2,2022,Montpellier,Marseille,1,1,2,loss,20230102_Montpellier_Marseille,1.10931,0.349212,41.0,73.7,2.0,0.0,17.0
2023-01-02 20:00:00,Rennes,Nice,2,1,2022,Rennes,Nice,1,2,1,win,20230102_Rennes_Nice,1.78181,1.78181,62.0,86.5,1.0,0.0,6.0
2023-01-02 14:00:00,Strasbourg,Troyes,2,3,2022,Strasbourg,Troyes,1,2,3,loss,20230102_Strasbourg_Troyes,1.15328,1.15328,56.0,79.3,1.0,0.0,5.0
2023-01-11 18:00:00,Ajaccio,Reims,0,1,2022,Ajaccio,Reims,1,0,1,loss,20230111_Ajaccio_Reims,0.812868,0.812868,48.0,65.7,3.0,0.0,8.0
2023-01-11 18:00:00,Auxerre,Toulouse,0,5,2022,Auxerre,Toulouse,1,0,5,loss,20230111_Auxerre_Toulouse,1.19864,1.19864,48.0,76.8,3.0,0.0,11.0
2023-01-11 18:00:00,Brest,Lille,0,0,2022,Brest,Lille,1,0,0,draw,20230111_Brest_Lille,0.567145,0.567145,29.0,66.1,0.0,0.0,22.0
2023-01-11 18:00:00,Clermont Foot,Rennes,2,1,2022,Clermont Foot,Rennes,1,2,1,win,20230111_Clermont Foot_Rennes,1.92657,1.92657,39.0,73.6,0.0,0.0,12.0
2023-01-11 20:00:00,Lorient,Monaco,2,2,2022,Lorient,Monaco,1,2,2,draw,20230111_Lorient_Monaco,1.40735,1.40735,42.0,75.2,1.0,0.0,25.0
2023-01-11 18:00:00,Nantes,Lyon,0,0,2022,Nantes,Lyon,1,0,0,draw,20230111_Nantes_Lyon,1.23816,1.23816,40.0,72.5,2.0,0.0,18.0
2023-01-11 20:00:00,Nice,Montpellier,6,1,2022,Nice,Montpellier,1,6,1,win,20230111_Nice_Montpellier,3.47658,3.47658,58.0,84.2,1.0,0.0,19.0
2023-01-11 20:00:00,Paris Saint Germain,Angers,2,0,2022,Paris Saint Germain,Angers,1,2,0,win,20230111_Paris Saint Germain_Angers,1.66271,1.66271,,,,,
2023-01-11 20:00:00,Strasbourg,Lens,2,2,2022,Strasbourg,Lens,1,2,2,draw,20230111_Strasbourg_Lens,1.15467,1.15467,35.0,78.6,1.0,0.0,34.0
2023-01-11 20:00:00,Troyes,Marseille,0,2,2022,Troyes,Marseille,1,0,2,loss,20230111_Troyes_Marseille,0.207647,0.207647,32.0,78.0,2.0,0.0,12.0
2023-01-14 16:00:00,Lens,Auxerre,1,0,2022,Lens,Auxerre,1,1,0,win,20230114_Lens_Auxerre,1.69501,0.934915,67.0,86.5,2.0,0.0,13.0
2023-01-14 20:00:00,Lyon,Strasbourg,1,2,2022,Lyon,Strasbourg,1,1,2,loss,20230114_Lyon_Strasbourg,2.46849,1.70839,72.0,83.9,1.0,0.0,4.0
2023-01-14 18:00:00,Marseille,Lorient,3,1,2022,Marseille,Lorient,1,3,1,win,20230114_Marseille_Lorient,2.03482,2.03482,68.0,88.8,1.0,0.0,13.0
2023-01-15 14:00:00,Angers,Clermont Foot,1,2,2022,Angers,Clermont Foot,1,1,2,loss,20230115_Angers_Clermont Foot,0.394709,0.394709,58.0,85.4,2.0,0.0,13.0
2023-01-15 12:00:00,Lille,Troyes,5,1,2022,Lille,Troyes,1,5,1,win,20230115_Lille_Troyes,4.30681,4.30681,67.0,90.5,1.0,0.0,8.0
2023-01-15 16:05:00,Monaco,Ajaccio,7,1,2022,Monaco,Ajaccio,1,7,1,win,20230115_Monaco_Ajaccio,4.16711,3.40701,65.0,83.7,1.0,0.0,3.0
2023-01-15 14:00:00,Montpellier,Nantes,0,3,2022,Montpellier,Nantes,1,0,3,loss,20230115_Montpellier_Nantes,1.10849,1.10849,47.0,74.6,1.0,2.0,27.0
2023-01-15 14:00:00,Reims,Nice,0,0,2022,Reims,Nice,1,0,0,draw,20230115_Reims_Nice,0.97535,0.97535,51.0,81.7,1.0,0.0,6.0
2023-01-15 19:45:00,Rennes,Paris Saint Germain,1,0,2022,Rennes,Paris Saint Germain,1,1,0,win,20230115_Rennes_Paris Saint Germain,1.06256,1.06256,35.0,81.8,0.0,0.0,25.0
2023-01-15 14:00:00,Toulouse,Brest,1,1,2022,Toulouse,Brest,1,1,1,draw,20230115_Toulouse_Brest,1.54762,1.54762,64.0,82.4,2.0,0.0,14.0
2023-01-27 20:00:00,Lorient,Rennes,2,1,2022,Lorient,Rennes,1,2,1,win,20230127_Lorient_Rennes,0.989121,0.989121,33.0,76.2,1.0,0.0,48.0
2023-01-28 20:00:00,Marseille,Monaco,1,1,2022,Marseille,Monaco,1,1,1,draw,20230128_Marseille_Monaco,1.772,1.772,61.0,78.9,2.0,0.0,9.0
2023-01-28 16:00:00,Troyes,Lens,1,1,2022,Troyes,Lens,1,1,1,draw,20230128_Troyes_Lens,0.937263,0.937263,27.0,62.8,2.0,0.0,43.0
2023-01-29 16:05:00,Ajaccio,Lyon,0,2,2022,Ajaccio,Lyon,1,0,2,loss,20230129_Ajaccio_Lyon,1.44596,1.44596,51.0,70.5,2.0,0.0,8.0
2023-01-29 14:00:00,Auxerre,Montpellier,0,2,2022,Auxerre,Montpellier,1,0,2,loss,20230129_Auxerre_Montpellier,1.78521,1.02512,58.0,77.2,1.0,0.0,12.0
2023-01-29 14:00:00,Brest,Angers,4,0,2022,Brest,Angers,1,4,0,win,20230129_Brest_Angers,1.62079,1.62079,41.0,77.0,0.0,0.0,14.0
2023-01-29 14:00:00,Clermont Foot,Nantes,0,0,2022,Clermont Foot,Nantes,1,0,0,draw,20230129_Clermont Foot_Nantes,0.639165,0.639165,59.0,82.6,2.0,0.0,8.0
2023-01-29 12:00:00,Nice,Lille,1,0,2022,Nice,Lille,1,1,0,win,20230129_Nice_Lille,1.38874,1.38874,44.0,81.6,3.0,0.0,20.0
2023-01-29 19:45:00,Paris Saint Germain,Reims,1,1,2022,Paris Saint Germain,Reims,1,1,1,draw,20230129_Paris Saint Germain_Reims,1.99468,1.99468,,,,,
2023-01-29 14:00:00,Strasbourg,Toulouse,1,2,2022,Strasbourg,Toulouse,1,1,2,loss,20230129_Strasbourg_Toulouse,0.899943,0.899943,54.0,77.1,2.0,1.0,9.0
2023-02-01 18:00:00,Angers,Ajaccio,1,2,2022,Angers,Ajaccio,1,1,2,loss,20230201_Angers_Ajaccio,0.413798,0.413798,40.0,67.1,1.0,1.0,19.0
2023-02-01 20:00:00,Lens,Nice,0,1,2022,Lens,Nice,1,0,1,loss,20230201_Lens_Nice,0.396756,0.396756,55.0,82.3,0.0,0.0,12.0
2023-02-01 18:00:00,Lille,Clermont Foot,0,0,2022,Lille,Clermont Foot,1,0,0,draw,20230201_Lille_Clermont Foot,1.75188,1.75188,66.0,84.3,0.0,0.0,5.0
2023-02-01 20:00:00,Lyon,Brest,0,0,2022,Lyon,Brest,1,0,0,draw,20230201_Lyon_Brest,2.29877,2.29877,75.0,87.3,0.0,0.0,8.0
2023-02-01 20:00:00,Monaco,Auxerre,3,2,2022,Monaco,Auxerre,1,3,2,win,20230201_Monaco_Auxerre,1.97716,1.97716,44.0,78.3,0.0,0.0,12.0
2023-02-01 20:00:00,Montpellier,Paris Saint Germain,1,3,2022,Montpellier,Paris Saint Germain,1,1,3,loss,20230201_Montpellier_Paris Saint Germain,0.270069,0.270069,34.0,73.2,1.0,0.0,12.0
2023-02-01 18:00:00,Nantes,Marseille,0,2,2022,Nantes,Marseille,1,0,2,loss,20230201_Nantes_Marseille,1.40304,1.40304,41.0,73.9,4.0,0.0,20.0
2023-02-01 18:00:00,Reims,Lorient,4,2,2022,Reims,Lorient,1,4,2,win,20230201_Reims_Lorient,3.61381,2.85371,58.0,87.4,1.0,0.0,13.0
2023-02-01 20:00:00,Rennes,Strasbourg,3,0,2022,Rennes,Strasbourg,1,3,0,win,20230201_Rennes_Strasbourg,1.25645,1.25645,59.0,85.9,0.0,0.0,14.0
2023-02-01 18:00:00,Toulouse,Troyes,4,1,2022,Toulouse,Troyes,1,4,1,win,20230201_Toulouse_Troyes,2.94929,2.1892,55.0,85.8,2.0,0.0,4.0
2023-02-04 16:00:00,Paris Saint Germain,Toulouse,2,1,2022,Paris Saint Germain,Toulouse,1,2,1,win,20230204_Paris Saint Germain_Toulouse,1.80428,1.80428,,,,,
2023-02-04 20:00:00,Rennes,Lille,1,3,2022,Rennes,Lille,1,1,3,loss,20230204_Rennes_Lille,2.18737,2.18737,39.0,73.3,1.0,0.0,18.0
2023-02-04 18:00:00,Troyes,Lyon,1,3,2022,Troyes,Lyon,1,1,3,loss,20230204_Troyes_Lyon,0.699933,0.699933,42.0,79.0,0.0,0.0,20.0
2023-02-05 14:00:00,Ajaccio,Nantes,0,2,2022,Ajaccio,Nantes,1,0,2,loss,20230205_Ajaccio_Nantes,0.223431,0.223431,43.0,68.9,2.0,1.0,16.0
2023-02-05 14:00:00,Auxerre,Reims,0,0,2022,Auxerre,Reims,1,0,0,draw,20230205_Auxerre_Reims,0.610426,0.610426,40.0,70.1,2.0,0.0,18.0
2023-02-05 16:05:00,Brest,Lens,1,1,2022,Brest,Lens,1,1,1,draw,20230205_Brest_Lens,2.17044,2.17044,34.0,72.6,4.0,0.0,33.0
2023-02-05 12:00:00,Clermont Foot,Monaco,0,2,2022,Clermont Foot,Monaco,1,0,2,loss,20230205_Clermont Foot_Monaco,0.276781,0.276781,53.0,80.2,1.0,0.0,15.0
2023-02-05 14:00:00,Lorient,Angers,0,0,2022,Lorient,Angers,1,0,0,draw,20230205_Lorient_Angers,0.68751,0.68751,56.0,84.8,2.0,0.0,17.0
2023-02-05 19:45:00,Marseille,Nice,1,3,2022,Marseille,Nice,1,1,3,loss,20230205_Marseille_Nice,2.61067,2.61067,57.0,80.7,0.0,0.0,9.0
2023-02-05 14:00:00,Strasbourg,Montpellier,2,0,2022,Strasbourg,Montpellier,1,2,0,win,20230205_Strasbourg_Montpellier,1.51625,1.51625,33.0,67.0,3.0,1.0,31.0
2023-02-10 20:00:00,Nice,Ajaccio,3,0,2022,Nice,Ajaccio,1,3,0,win,20230210_Nice_Ajaccio,0.568545,0.568545,62.0,88.2,1.0,0.0,12.0
2023-02-11 20:00:00,Clermont Foot,Marseille,0,2,2022,Clermont Foot,Marseille,1,0,2,loss,20230211_Clermont Foot_Marseille,1.08989,1.08989,38.0,74.4,4.0,0.0,17.0
2023-02-11 16:00:00,Monaco,Paris Saint Germain,3,1,2022,Monaco,Paris Saint Germain,1,3,1,win,20230211_Monaco_Paris Saint Germain,3.80363,3.80363,42.0,85.0,0.0,0.0,13.0
2023-02-12 14:00:00,Angers,Auxerre,1,1,2022,Angers,Auxerre,1,1,1,draw,20230212_Angers_Auxerre,0.445823,0.445823,50.0,73.5,2.0,0.0,14.0
2023-02-12 14:00:00,Lille,Strasbourg,2,0,2022,Lille,Strasbourg,1,2,0,win,20230212_Lille_Strasbourg,3.65427,2.89418,67.0,89.2,1.0,0.0,17.0
2023-02-12 19:45:00,Lyon,Lens,2,1,2022,Lyon,Lens,1,2,1,win,20230212_Lyon_Lens,1.52893,1.52893,41.0,78.1,1.0,0.0,27.0
2023-02-12 14:00:00,Montpellier,Brest,3,0,2022,Montpellier,Brest,1,3,0,win,20230212_Montpellier_Brest,3.94905,3.18895,44.0,72.4,1.0,0.0,13.0
2023-02-12 16:05:00,Nantes,Lorient,1,0,2022,Nantes,Lorient,1,1,0,win,20230212_Nantes_Lorient,1.64174,1.64174,49.0,81.3,0.0,0.0,13.0
2023-02-12 14:00:00,Reims,Troyes,4,0,2022,Reims,Troyes,1,4,0,win,20230212_Reims_Troyes,2.10651,2.10651,53.0,77.0,1.0,0.0,11.0
2023-02-12 12:00:00,Toulouse,Rennes,3,1,2022,Toulouse,Rennes,1,3,1,win,20230212_Toulouse_Rennes,2.71302,2.71302,32.0,74.4,1.0,0.0,27.0
2023-02-17 20:00:00,Auxerre,Lyon,2,1,2022,Auxerre,Lyon,1,2,1,win,20230217_Auxerre_Lyon,1.34783,0.587732,35.0,73.8,4.0,0.0,15.0
2023-02-18 16:00:00,Nice,Reims,0,0,2022,Nice,Reims,1,0,0,draw,20230218_Nice_Reims,1.53255,1.53255,52.0,79.8,1.0,0.0,9.0
2023-02-18 20:00:00,Strasbourg,Angers,2,1,2022,Strasbourg,Angers,1,2,1,win,20230218_Strasbourg_Angers,1.94958,1.94958,36.0,75.3,3.0,0.0,26.0
2023-02-19 14:00:00,Brest,Monaco,1,2,2022,Brest,Monaco,1,1,2,loss,20230219_Brest_Monaco,0.76754,0.76754,48.0,78.4,1.0,0.0,20.0
2023-02-19 16:05:00,Lens,Nantes,3,1,2022,Lens,Nantes,1,3,1,win,20230219_Lens_Nantes,3.13027,3.13027,57.0,85.2,0.0,0.0,19.0
2023-02-19 14:00:00,Lorient,Ajaccio,3,0,2022,Lorient,Ajaccio,1,3,0,win,20230219_Lorient_Ajaccio,2.43638,1.67629,58.0,85.4,0.0,0.0,12.0
2023-02-19 12:00:00,Paris Saint Germain,Lille,4,3,2022,Paris Saint Germain,Lille,1,4,3,win,20230219_Paris Saint Germain_Lille,2.09603,2.09603,,,,,
2023-02-19 14:00:00,Rennes,Clermont Foot,2,0,2022,Rennes,Clermont Foot,1,2,0,win,20230219_Rennes_Clermont Foot,1.67258,1.67258,59.0,87.4,0.0,0.0,23.0
2023-02-19 19:45:00,Toulouse,Marseille,2,3,2022,Toulouse,Marseille,1,2,3,loss,20230219_Toulouse_Marseille,2.09816,2.09816,52.0,82.1,0.0,0.0,22.0
2023-02-19 14:00:00,Troyes,Montpellier,0,1,2022,Troyes,Montpellier,1,0,1,loss,20230219_Troyes_Montpellier,0.0856634,0.0856634,51.0,78.6,2.0,1.0,39.0
2023-02-24 20:00:00,Lille,Brest,2,1,2022,Lille,Brest,1,2,1,win,20230224_Lille_Brest,0.77221,0.77221,69.0,84.7,2.0,0.0,7.0
2023-02-25 16:00:00,Angers,Lyon,1,3,2022,Angers,Lyon,1,1,3,loss,20230225_Angers_Lyon,1.13511,1.13511,43.0,80.7,0.0,0.0,11.0
2023-02-25 20:00:00,Montpellier,Lens,1,1,2022,Montpellier,Lens,1,1,1,draw,20230225_Montpellier_Lens,0.645251,0.645251,39.0,77.7,0.0,0.0,29.0
2023-02-26 14:00:00,Ajaccio,Troyes,2,1,2022,Ajaccio,Troyes,1,2,1,win,20230226_Ajaccio_Troyes,3.94522,3.18513,52.0,75.9,2.0,0.0,16.0
2023-02-26 14:00:00,Clermont Foot,Strasbourg,1,1,2022,Clermont Foot,Strasbourg,1,1,1,draw,20230226_Clermont Foot_Strasbourg,1.74774,1.74774,56.0,69.8,1.0,0.0,13.0
2023-02-26 12:00:00,Lorient,Auxerre,0,1,2022,Lorient,Auxerre,1,0,1,loss,20230226_Lorient_Auxerre,1.04974,1.04974,61.0,82.2,2.0,0.0,9.0
2023-02-26 19:45:00,Marseille,Paris Saint Germain,0,3,2022,Marseille,Paris Saint Germain,1,0,3,loss,20230226_Marseille_Paris Saint Germain,2.28992,2.28992,54.0,83.0,0.0,0.0,11.0
2023-02-26 16:05:00,Monaco,Nice,0,3,2022,Monaco,Nice,1,0,3,loss,20230226_Monaco_Nice,0.68882,0.68882,56.0,85.6,0.0,0.0,5.0
2023-02-26 14:00:00,Nantes,Rennes,0,1,2022,Nantes,Rennes,1,0,1,loss,20230226_Nantes_Rennes,2.42469,2.42469,56.0,75.4,2.0,0.0,12.0
2023-02-26 14:00:00,Reims,Toulouse,3,0,2022,Reims,Toulouse,1,3,0,win,20230226_Reims_Toulouse,2.17445,2.17445,47.0,79.8,0.0,0.0,17.0
2023-03-03 20:00:00,Nice,Auxerre,1,1,2022,Nice,Auxerre,1,1,1,draw,20230303_Nice_Auxerre,1.73919,0.979093,64.0,83.3,0.0,0.0,12.0
2023-03-04 16:00:00,Lens,Lille,1,1,2022,Lens,Lille,1,1,1,draw,20230304_Lens_Lille,0.616556,0.616556,38.0,71.9,2.0,0.0,14.0
2023-03-04 20:00:00,Paris Saint Germain,Nantes,4,2,2022,Paris Saint Germain,Nantes,1,4,2,win,20230304_Paris Saint Germain_Nantes,1.10912,1.10912,,,,,
2023-03-05 16:05:00,Lyon,Lorient,0,0,2022,Lyon,Lorient,1,0,0,draw,20230305_Lyon_Lorient,2.54074,2.54074,53.0,85.7,1.0,0.0,14.0
2023-03-05 14:00:00,Montpellier,Angers,5,0,2022,Montpellier,Angers,1,5,0,win,20230305_Montpellier_Angers,3.41548,2.65539,60.0,84.5,1.0,0.0,9.0
2023-03-05 14:00:00,Reims,Ajaccio,1,0,2022,Reims,Ajaccio,1,1,0,win,20230305_Reims_Ajaccio,0.40953,0.40953,64.0,80.0,2.0,0.0,8.0
2023-03-05 19:45:00,Rennes,Marseille,0,1,2022,Rennes,Marseille,1,0,1,loss,20230305_Rennes_Marseille,1.03495,1.03495,55.0,77.3,1.0,0.0,7.0
2023-03-05 14:00:00,Strasbourg,Brest,0,1,2022,Strasbourg,Brest,1,0,1,loss,20230305_Strasbourg_Brest,0.983616,0.983616,62.0,73.2,2.0,0.0,14.0
2023-03-05 14:00:00,Toulouse,Clermont Foot,0,1,2022,Toulouse,Clermont Foot,1,0,1,loss,20230305_Toulouse_Clermont Foot,1.02505,1.02505,51.0,80.4,4.0,0.0,10.0
2023-03-05 12:00:00,Troyes,Monaco,2,2,2022,Troyes,Monaco,1,2,2,draw,20230305_Troyes_Monaco,0.879409,0.879409,39.0,69.9,0.0,0.0,35.0
2023-03-10 20:00:00,Lille,Lyon,3,3,2022,Lille,Lyon,1,3,3,draw,20230310_Lille_Lyon,2.35286,0.832675,55.0,81.9,5.0,0.0,13.0
2023-03-11 16:00:00,Auxerre,Rennes,0,0,2022,Auxerre,Rennes,1,0,0,draw,20230311_Auxerre_Rennes,0.961104,0.961104,33.0,69.3,2.0,0.0,12.0
2023-03-11 20:00:00,Brest,Paris Saint Germain,1,2,2022,Brest,Paris Saint Germain,1,1,2,loss,20230311_Brest_Paris Saint Germain,0.751032,0.751032,39.0,79.7,1.0,0.0,19.0
2023-03-12 14:00:00,Ajaccio,Montpellier,0,1,2022,Ajaccio,Montpellier,1,0,1,loss,20230312_Ajaccio_Montpellier,0.191981,0.191981,48.0,69.6,2.0,0.0,11.0
2023-03-12 14:00:00,Angers,Toulouse,0,2,2022,Angers,Toulouse,1,0,2,loss,20230312_Angers_Toulouse,1.02056,1.02056,40.0,78.0,0.0,0.0,22.0
2023-03-12 12:00:00,Clermont Foot,Lens,0,4,2022,Clermont Foot,Lens,1,0,4,loss,20230312_Clermont Foot_Lens,1.86085,1.86085,47.0,82.2,1.0,0.0,14.0
2023-03-12 14:00:00,Lorient,Troyes,2,0,2022,Lorient,Troyes,1,2,0,win,20230312_Lorient_Troyes,1.79136,1.79136,52.0,85.0,0.0,0.0,22.0
2023-03-12 19:45:00,Marseille,Strasbourg,2,2,2022,Marseille,Strasbourg,1,2,2,draw,20230312_Marseille_Strasbourg,1.67973,0.919635,41.0,72.4,0.0,1.0,25.0
2023-03-12 16:05:00,Monaco,Reims,0,1,2022,Monaco,Reims,1,0,1,loss,20230312_Monaco_Reims,0.98037,0.98037,49.0,77.2,1.0,0.0,10.0
2023-03-12 14:00:00,Nantes,Nice,2,2,2022,Nantes,Nice,1,2,2,draw,20230312_Nantes_Nice,1.75098,0.990885,45.0,86.3,1.0,0.0,20.0
2023-03-17 20:00:00,Lyon,Nantes,1,1,2022,Lyon,Nantes,1,1,1,draw,20230317_Lyon_Nantes,1.62188,1.62188,66.0,87.3,0.0,0.0,14.0
2023-03-18 20:00:00,Lens,Angers,3,0,2022,Lens,Angers,1,3,0,win,20230318_Lens_Angers,1.64899,1.64899,46.0,84.5,0.0,0.0,12.0
2023-03-18 16:00:00,Toulouse,Lille,0,2,2022,Toulouse,Lille,1,0,2,loss,20230318_Toulouse_Lille,2.05248,2.05248,47.0,82.5,2.0,0.0,20.0
2023-03-19 12:00:00,Ajaccio,Monaco,0,2,2022,Ajaccio,Monaco,1,0,2,loss,20230319_Ajaccio_Monaco,0.409601,0.409601,42.0,70.5,2.0,1.0,20.0
2023-03-19 14:00:00,Montpellier,Clermont Foot,2,1,2022,Montpellier,Clermont Foot,1,2,1,win,20230319_Montpellier_Clermont Foot,3.01981,3.01981,56.0,76.5,3.0,1.0,19.0
2023-03-19 14:00:00,Nice,Lorient,1,1,2022,Nice,Lorient,1,1,1,draw,20230319_Nice_Lorient,1.21674,1.21674,53.0,86.1,0.0,0.0,2.0
2023-03-19 16:05:00,Paris Saint Germain,Rennes,0,2,2022,Paris Saint Germain,Rennes,1,0,2,loss,20230319_Paris Saint Germain_Rennes,1.70984,1.70984,,,,,
2023-03-19 19:45:00,Reims,Marseille,1,2,2022,Reims,Marseille,1,1,2,loss,20230319_Reims_Marseille,1.91783,1.91783,55.0,77.1,2.0,0.0,15.0
2023-03-19 14:00:00,Strasbourg,Auxerre,2,0,2022,Strasbourg,Auxerre,1,2,0,win,20230319_Strasbourg_Auxerre,2.88267,1.99909,51.0,68.2,2.0,0.0,11.0
2023-03-19 14:00:00,Troyes,Brest,2,2,2022,Troyes,Brest,1,2,2,draw,20230319_Troyes_Brest,1.00182,1.00182,49.0,78.8,1.0,0.0,24.0
2023-03-31 19:00:00,Marseille,Montpellier,1,1,2022,Marseille,Montpellier,1,1,1,draw,20230331_Marseille_Montpellier,1.43396,0.67386,68.0,81.1,2.0,0.0,12.0
2023-04-01 15:00:00,Auxerre,Troyes,1,0,2022,Auxerre,Troyes,1,1,0,win,20230401_Auxerre_Troyes,1.16561,1.16561,38.0,68.3,0.0,0.0,31.0
2023-04-01 19:00:00,Rennes,Lens,0,1,2022,Rennes,Lens,1,0,1,loss,20230401_Rennes_Lens,1.21006,1.21006,56.0,84.4,2.0,0.0,15.0
2023-04-02 13:00:00,Angers,Nice,1,1,2022,Angers,Nice,1,1,1,draw,20230402_Angers_Nice,0.960041,0.960041,37.0,76.1,1.0,0.0,23.0
2023-04-02 13:00:00,Brest,Toulouse,3,1,2022,Brest,Toulouse,1,3,1,win,20230402_Brest_Toulouse,1.47173,1.47173,41.0,78.3,2.0,0.0,15.0
2023-04-02 13:00:00,Clermont Foot,Ajaccio,2,1,2022,Clermont Foot,Ajaccio,1,2,1,win,20230402_Clermont Foot_Ajaccio,2.13637,0.616183,67.0,83.0,2.0,0.0,7.0
2023-04-02 11:00:00,Lille,Lorient,3,1,2022,Lille,Lorient,1,3,1,win,20230402_Lille_Lorient,1.96183,1.96183,60.0,86.4,3.0,0.0,10.0
2023-04-02 15:05:00,Monaco,Strasbourg,4,3,2022,Monaco,Strasbourg,1,4,3,win,20230402_Monaco_Strasbourg,1.40127,1.40127,50.0,74.2,3.0,1.0,23.0
2023-04-02 13:00:00,Nantes,Reims,0,3,2022,Nantes,Reims,1,0,3,loss,20230402_Nantes_Reims,1.37353,1.37353,48.0,76.8,1.0,0.0,22.0
2023-04-02 18:45:00,Paris Saint Germain,Lyon,0,1,2022,Paris Saint Germain,Lyon,1,0,1,loss,20230402_Paris Saint Germain_Lyon,1.22372,1.22372,,,,,
2023-04-07 19:00:00,Lens,Strasbourg,2,1,2022,Lens,Strasbourg,1,2,1,win,20230407_Lens_Strasbourg,1.31665,1.31665,54.0,82.1,1.0,0.0,17.0
2023-04-08 15:00:00,Angers,Lille,1,0,2022,Angers,Lille,1,1,0,win,20230408_Angers_Lille,1.03911,1.03911,34.0,72.3,2.0,0.0,25.0
2023-04-08 19:00:00,Nice,Paris Saint Germain,0,2,2022,Nice,Paris Saint Germain,1,0,2,loss,20230408_Nice_Paris Saint Germain,1.22259,1.22259,45.0,87.5,1.0,0.0,10.0
2023-04-09 13:00:00,Ajaccio,Auxerre,0,3,2022,Ajaccio,Auxerre,1,0,3,loss,20230409_Ajaccio_Auxerre,0.982688,0.982688,57.0,77.0,1.0,0.0,11.0
2023-04-09 18:45:00,Lorient,Marseille,0,0,2022,Lorient,Marseille,1,0,0,draw,20230409_Lorient_Marseille,0.637221,0.637221,40.0,77.1,0.0,0.0,28.0
2023-04-09 11:00:00,Lyon,Rennes,3,1,2022,Lyon,Rennes,1,3,1,win,20230409_Lyon_Rennes,1.23785,1.23785,59.0,81.3,2.0,0.0,12.0
2023-04-09 13:00:00,Montpellier,Toulouse,1,2,2022,Montpellier,Toulouse,1,1,2,loss,20230409_Montpellier_Toulouse,1.79324,1.79324,51.0,78.0,0.0,0.0,9.0
2023-04-09 15:05:00,Nantes,Monaco,2,2,2022,Nantes,Monaco,1,2,2,draw,20230409_Nantes_Monaco,0.973965,0.973965,49.0,74.2,3.0,0.0,18.0
2023-04-09 13:00:00,Reims,Brest,1,1,2022,Reims,Brest,1,1,1,draw,20230409_Reims_Brest,3.26526,2.50523,61.0,77.8,0.0,0.0,9.0
2023-04-09 13:00:00,Troyes,Clermont Foot,0,2,2022,Troyes,Clermont Foot,1,0,2,loss,20230409_Troyes_Clermont Foot,0.488321,0.488321,43.0,80.3,3.0,0.0,21.0
2023-04-14 19:00:00,Toulouse,Lyon,1,2,2022,Toulouse,Lyon,1,1,2,loss,20230414_Toulouse_Lyon,1.51685,1.51685,43.0,77.5,1.0,0.0,22.0
2023-04-15 19:00:00,Paris Saint Germain,Lens,3,1,2022,Paris Saint Germain,Lens,1,3,1,win,20230415_Paris Saint Germain_Lens,1.39403,1.39403,,,,,
2023-04-15 15:00:00,Rennes,Reims,3,0,2022,Rennes,Reims,1,3,0,win,20230415_Rennes_Reims,3.21823,3.21823,51.0,78.6,1.0,0.0,23.0
2023-04-16 13:00:00,Auxerre,Nantes,2,1,2022,Auxerre,Nantes,1,2,1,win,20230416_Auxerre_Nantes,2.65132,1.89122,31.0,61.4,2.0,0.0,24.0
2023-04-16 13:00:00,Brest,Nice,1,0,2022,Brest,Nice,1,1,0,win,20230416_Brest_Nice,0.956282,0.956282,52.0,79.0,1.0,0.0,9.0
2023-04-16 13:00:00,Clermont Foot,Angers,2,1,2022,Clermont Foot,Angers,1,2,1,win,20230416_Clermont Foot_Angers,2.01768,0.49749,53.0,80.8,1.0,2.0,18.0
2023-04-16 11:00:00,Lille,Montpellier,2,1,2022,Lille,Montpellier,1,2,1,win,20230416_Lille_Montpellier,2.31737,2.31737,68.0,87.0,1.0,0.0,21.0
2023-04-16 18:45:00,Marseille,Troyes,3,1,2022,Marseille,Troyes,1,3,1,win,20230416_Marseille_Troyes,3.75094,3.75094,71.0,86.7,0.0,0.0,5.0
2023-04-16 15:05:00,Monaco,Lorient,3,1,2022,Monaco,Lorient,1,3,1,win,20230416_Monaco_Lorient,2.67195,2.67195,47.0,77.5,0.0,0.0,16.0
2023-04-16 13:00:00,Strasbourg,Ajaccio,3,1,2022,Strasbourg,Ajaccio,1,3,1,win,20230416_Strasbourg_Ajaccio,1.59182,0.831729,43.0,74.0,2.0,0.0,25.0
2023-04-21 19:00:00,Angers,Paris Saint Germain,1,2,2022,Angers,Paris Saint Germain,1,1,2,loss,20230421_Angers_Paris Saint Germain,1.28414,1.28414,35.0,87.0,0.0,0.0,10.0
2023-04-22 15:00:00,Auxerre,Lille,1,1,2022,Auxerre,Lille,1,1,1,draw,20230422_Auxerre_Lille,1.0782,0.31811,31.0,72.9,0.0,0.0,14.0
2023-04-22 19:00:00,Lens,Monaco,3,0,2022,Lens,Monaco,1,3,0,win,20230422_Lens_Monaco,3.52672,3.52672,62.0,85.3,0.0,0.0,17.0
2023-04-23 13:00:00,Ajaccio,Brest,0,0,2022,Ajaccio,Brest,1,0,0,draw,20230423_Ajaccio_Brest,0.193609,0.193609,44.0,73.3,2.0,1.0,24.0
2023-04-23 13:00:00,Lorient,Toulouse,0,1,2022,Lorient,Toulouse,1,0,1,loss,20230423_Lorient_Toulouse,0.506852,0.506852,54.0,83.4,3.0,0.0,11.0
2023-04-23 18:45:00,Lyon,Marseille,1,2,2022,Lyon,Marseille,1,1,2,loss,20230423_Lyon_Marseille,1.45711,1.45711,59.0,80.9,2.0,0.0,14.0
2023-04-23 15:00:00,Montpellier,Rennes,1,0,2022,Montpellier,Rennes,1,1,0,win,20230423_Montpellier_Rennes,0.748138,0.748138,31.0,71.7,3.0,1.0,25.0
2023-04-23 13:00:00,Nantes,Troyes,2,2,2022,Nantes,Troyes,1,2,2,draw,20230423_Nantes_Troyes,1.98437,1.98437,53.0,78.6,1.0,0.0,12.0
2023-04-23 13:00:00,Nice,Clermont Foot,1,2,2022,Nice,Clermont Foot,1,1,2,loss,20230423_Nice_Clermont Foot,1.52279,1.52279,56.0,83.6,1.0,0.0,6.0
2023-04-23 11:00:00,Reims,Strasbourg,0,2,2022,Reims,Strasbourg,1,0,2,loss,20230423_Reims_Strasbourg,1.13179,1.13179,73.0,80.2,2.0,0.0,12.0
2023-04-29 14:00:00,Lille,Ajaccio,3,0,2022,Lille,Ajaccio,1,3,0,win,20230429_Lille_Ajaccio,1.55851,1.55851,75.0,89.5,1.0,0.0,4.0
2023-04-30 13:00:00,Clermont Foot,Reims,1,0,2022,Clermont Foot,Reims,1,1,0,win,20230430_Clermont Foot_Reims,1.12839,1.12839,33.0,67.7,0.0,1.0,18.0
2023-04-30 18:45:00,Marseille,Auxerre,2,1,2022,Marseille,Auxerre,1,2,1,win,20230430_Marseille_Auxerre,3.56928,3.56928,69.0,81.1,1.0,0.0,12.0
2023-04-30 11:00:00,Monaco,Montpellier,0,4,2022,Monaco,Montpellier,1,0,4,loss,20230430_Monaco_Montpellier,1.35206,1.35206,55.0,80.3,2.0,0.0,16.0
2023-04-30 15:05:00,Paris Saint Germain,Lorient,1,3,2022,Paris Saint Germain,Lorient,1,1,3,loss,20230430_Paris Saint Germain_Lorient,1.76277,1.76277,,,,,
2023-04-30 13:00:00,Rennes,Angers,4,2,2022,Rennes,Angers,1,4,2,win,20230430_Rennes_Angers,2.51135,2.51135,64.0,88.1,1.0,0.0,12.0
2023-04-30 19:00:00,Strasbourg,Lyon,1,2,2022,Strasbourg,Lyon,1,1,2,loss,20230430_Strasbourg_Lyon,1.68749,1.68749,,,,,
2023-04-30 13:00:00,Troyes,Nice,0,1,2022,Troyes,Nice,1,0,1,loss,20230430_Troyes_Nice,0.625019,0.625019,36.0,83.0,0.0,0.0,28.0
2023-05-02 19:00:00,Toulouse,Lens,0,1,2022,Toulouse,Lens,1,0,1,loss,20230502_Toulouse_Lens,0.396677,0.396677,47.0,80.0,1.0,0.0,6.0
2023-05-03 19:00:00,Brest,Nantes,2,0,2022,Brest,Nantes,1,2,0,win,20230503_Brest_Nantes,0.794114,0.794114,53.0,75.3,0.0,0.0,19.0
2023-05-06 19:00:00,Lens,Marseille,2,1,2022,Lens,Marseille,1,2,1,win,20230506_Lens_Marseille,1.33558,1.33558,43.0,71.1,5.0,0.0,30.0
2023-05-06 15:00:00,Nice,Rennes,2,1,2022,Nice,Rennes,1,2,1,win,20230506_Nice_Rennes,1.33415,1.33415,47.0,81.6,0.0,0.0,20.0
2023-05-06 17:00:00,Reims,Lille,1,0,2022,Reims,Lille,1,1,0,win,20230506_Reims_Lille,2.07452,2.07452,37.0,70.7,2.0,0.0,15.0
2023-05-07 13:00:00,Ajaccio,Toulouse,0,0,2022,Ajaccio,Toulouse,1,0,0,draw,20230507_Ajaccio_Toulouse,0.211301,0.211301,39.0,75.0,3.0,0.0,28.0
2023-05-07 11:00:00,Angers,Monaco,1,2,2022,Angers,Monaco,1,1,2,loss,20230507_Angers_Monaco,1.41717,1.41717,60.0,85.8,3.0,0.0,19.0
2023-05-07 13:00:00,Auxerre,Clermont Foot,1,1,2022,Auxerre,Clermont Foot,1,1,1,draw,20230507_Auxerre_Clermont Foot,1.57698,1.57698,47.0,78.0,1.0,0.0,11.0
2023-05-07 13:00:00,Lorient,Brest,2,1,2022,Lorient,Brest,1,2,1,win,20230507_Lorient_Brest,1.23052,1.23052,46.0,79.1,3.0,1.0,37.0
2023-05-07 15:05:00,Lyon,Montpellier,5,4,2022,Lyon,Montpellier,1,5,4,win,20230507_Lyon_Montpellier,3.69552,2.93543,69.0,86.5,0.0,0.0,15.0
2023-05-07 13:00:00,Nantes,Strasbourg,0,2,2022,Nantes,Strasbourg,1,0,2,loss,20230507_Nantes_Strasbourg,0.815995,0.815995,54.0,70.4,3.0,0.0,14.0
2023-05-07 18:45:00,Troyes,Paris Saint Germain,1,3,2022,Troyes,Paris Saint Germain,1,1,3,loss,20230507_Troyes_Paris Saint Germain,0.615079,0.615079,40.0,87.8,1.0,0.0,15.0
2023-05-12 19:00:00,Lens,Reims,2,1,2022,Lens,Reims,1,2,1,win,20230512_Lens_Reims,1.35466,0.594564,40.0,78.2,1.0,1.0,34.0
2023-05-13 19:00:00,Paris Saint Germain,Ajaccio,5,0,2022,Paris Saint Germain,Ajaccio,1,5,0,win,20230513_Paris Saint Germain_Ajaccio,2.31569,2.31569,,,,,
2023-05-13 15:00:00,Strasbourg,Nice,2,0,2022,Strasbourg,Nice,1,2,0,win,20230513_Strasbourg_Nice,1.67065,0.910556,40.0,78.8,1.0,0.0,11.0
2023-05-14 13:00:00,Brest,Auxerre,1,0,2022,Brest,Auxerre,1,1,0,win,20230514_Brest_Auxerre,1.63305,1.63305,45.0,75.8,0.0,0.0,14.0
2023-05-14 11:00:00,Clermont Foot,Lyon,2,1,2022,Clermont Foot,Lyon,1,2,1,win,20230514_Clermont Foot_Lyon,1.73834,0.978242,38.0,74.7,3.0,0.0,23.0
2023-05-14 18:45:00,Marseille,Angers,3,1,2022,Marseille,Angers,1,3,1,win,20230514_Marseille_Angers,2.99154,2.23144,62.0,83.8,1.0,0.0,7.0
2023-05-14 15:05:00,Monaco,Lille,0,0,2022,Monaco,Lille,1,0,0,draw,20230514_Monaco_Lille,0.690333,0.690333,42.0,69.2,0.0,0.0,14.0
2023-05-14 13:00:00,Montpellier,Lorient,1,1,2022,Montpellier,Lorient,1,1,1,draw,20230514_Montpellier_Lorient,1.20401,1.20401,43.0,77.9,2.0,0.0,15.0
2023-05-14 13:00:00,Rennes,Troyes,4,0,2022,Rennes,Troyes,1,4,0,win,20230514_Rennes_Troyes,3.75816,3.75816,66.0,86.5,0.0,0.0,6.0
2023-05-14 13:00:00,Toulouse,Nantes,0,0,2022,Toulouse,Nantes,1,0,0,draw,20230514_Toulouse_Nantes,1.24578,1.24578,71.0,85.4,1.0,0.0,9.0
2023-05-19 19:00:00,Lyon,Monaco,3,1,2022,Lyon,Monaco,1,3,1,win,20230519_Lyon_Monaco,2.40929,2.40929,62.0,87.0,0.0,0.0,27.0
2023-05-20 19:00:00,Lille,Marseille,2,1,2022,Lille,Marseille,1,2,1,win,20230520_Lille_Marseille,1.86027,1.10017,47.0,76.8,3.0,0.0,10.0
2023-05-20 15:00:00,Nantes,Montpellier,0,3,2022,Nantes,Montpellier,1,0,3,loss,20230520_Nantes_Montpellier,0.751273,0.751273,44.0,79.2,4.0,0.0,13.0
2023-05-21 11:00:00,Ajaccio,Rennes,0,5,2022,Ajaccio,Rennes,1,0,5,loss,20230521_Ajaccio_Rennes,0.0631786,0.0631786,42.0,77.6,1.0,1.0,8.0
2023-05-21 18:45:00,Auxerre,Paris Saint Germain,1,2,2022,Auxerre,Paris Saint Germain,1,1,2,loss,20230521_Auxerre_Paris Saint Germain,0.696155,0.696155,37.0,85.1,1.0,0.0,19.0
2023-05-21 13:00:00,Brest,Clermont Foot,2,1,2022,Brest,Clermont Foot,1,2,1,win,20230521_Brest_Clermont Foot,1.14332,1.14332,41.0,72.5,3.0,0.0,16.0
2023-05-21 15:05:00,Lorient,Lens,1,3,2022,Lorient,Lens,1,1,3,loss,20230521_Lorient_Lens,1.37416,1.37416,47.0,86.3,2.0,0.0,20.0
2023-05-21 13:00:00,Nice,Toulouse,0,0,2022,Nice,Toulouse,1,0,0,draw,20230521_Nice_Toulouse,2.78131,2.78131,51.0,83.9,2.0,0.0,11.0
2023-05-21 13:00:00,Reims,Angers,2,2,2022,Reims,Angers,1,2,2,draw,20230521_Reims_Angers,1.7427,1.7427,57.0,81.4,0.0,0.0,11.0
2023-05-21 13:00:00,Troyes,Strasbourg,1,1,2022,Troyes,Strasbourg,1,1,1,draw,20230521_Troyes_Strasbourg,0.706571,0.706571,45.0,82.4,1.0,1.0,17.0
2023-05-27 19:00:00,Angers,Troyes,2,1,2022,Angers,Troyes,1,2,1,win,20230527_Angers_Troyes,0.775828,0.775828,60.0,80.8,1.0,0.0,13.0
2023-05-27 19:00:00,Clermont Foot,Lorient,2,0,2022,Clermont Foot,Lorient,1,2,0,win,20230527_Clermont Foot_Lorient,1.34675,1.34675,45.0,79.9,0.0,0.0,10.0
2023-05-27 19:00:00,Lens,Ajaccio,3,0,2022,Lens,Ajaccio,1,3,0,win,20230527_Lens_Ajaccio,2.29667,1.53657,79.0,87.6,1.0,0.0,9.0
2023-05-27 19:00:00,Lille,Nantes,2,1,2022,Lille,Nantes,1,2,1,win,20230527_Lille_Nantes,2.16385,0.643658,65.0,86.0,2.0,0.0,13.0
2023-05-27 19:00:00,Lyon,Reims,3,0,2022,Lyon,Reims,1,3,0,win,20230527_Lyon_Reims,3.22012,3.22012,54.0,84.6,1.0,0.0,6.0
2023-05-27 19:00:00,Marseille,Brest,1,2,2022,Marseille,Brest,1,1,2,loss,20230527_Marseille_Brest,0.968914,0.968914,62.0,79.9,2.0,0.0,15.0
2023-05-27 19:00:00,Montpellier,Nice,2,3,2022,Montpellier,Nice,1,2,3,loss,20230527_Montpellier_Nice,1.61612,0.856029,47.0,81.7,0.0,0.0,24.0
2023-05-27 19:00:00,Rennes,Monaco,2,0,2022,Rennes,Monaco,1,2,0,win,20230527_Rennes_Monaco,0.759796,0.759796,57.0,82.3,0.0,0.0,21.0
2023-05-27 19:00:00,Strasbourg,Paris Saint Germain,1,1,2022,Strasbourg,Paris Saint Germain,1,1,1,draw,20230527_Strasbourg_Paris Saint Germain,1.33636,1.33636,34.0,88.8,1.0,0.0,8.0
2023-05-27 19:00:00,Toulouse,Auxerre,1,1,2022,Toulouse,Auxerre,1,1,1,draw,20230527_Toulouse_Auxerre,1.21674,1.21674,60.0,82.1,1.0,0.0,15.0
2023-06-03 17:00:00,Ajaccio,Marseille,1,0,2022,Ajaccio,Marseille,1,1,0,win,20230603_Ajaccio_Marseille,0.129389,0.129389,29.0,63.9,1.0,0.0,32.0
2023-06-03 17:00:00,Auxerre,Lens,1,3,2022,Auxerre,Lens,1,1,3,loss,20230603_Auxerre_Lens,2.03416,2.03416,51.0,82.3,1.0,0.0,9.0
2023-06-03 17:00:00,Brest,Rennes,1,2,2022,Brest,Rennes,1,1,2,loss,20230603_Brest_Rennes,1.22603,0.465938,53.0,78.0,3.0,0.0,9.0
2023-06-03 17:00:00,Lorient,Strasbourg,2,1,2022,Lorient,Strasbourg,1,2,1,win,20230603_Lorient_Strasbourg,0.489883,0.489883,53.0,88.1,1.0,0.0,17.0
2023-06-03 17:00:00,Monaco,Toulouse,1,2,2022,Monaco,Toulouse,1,1,2,loss,20230603_Monaco_Toulouse,2.1529,2.1529,57.0,83.6,1.0,0.0,9.0
2023-06-03 17:00:00,Nantes,Angers,1,0,2022,Nantes,Angers,1,1,0,win,20230603_Nantes_Angers,1.06065,1.06065,34.0,72.9,1.0,0.0,10.0
2023-06-03 17:00:00,Nice,Lyon,3,1,2022,Nice,Lyon,1,3,1,win,20230603_Nice_Lyon,2.30538,2.30538,43.0,81.2,0.0,0.0,11.0
2023-06-03 17:00:00,Paris Saint Germain,Clermont Foot,2,3,2022,Paris Saint Germain,Clermont Foot,1,2,3,loss,20230603_Paris Saint Germain_Clermont Foot,2.23509,1.47499,,,,,
2023-06-03 17:00:00,Reims,Montpellier,1,3,2022,Reims,Montpellier,1,1,3,loss,20230603_Reims_Montpellier,1.84121,1.84121,49.0,80.1,1.0,0.0,18.0
2023-06-03 17:00:00,Troyes,Lille,1,1,2022,Troyes,Lille,1,1,1,draw,20230603_Troyes_Lille,0.241842,0.241842,34.0,73.5,0.0,0.0,24.0
2023-08-12 18:00:00,Brest,Lens,3,2,2023,Brest,Lens,1,3,2,win,20230812_Brest_Lens,2.91934,1.39915,,,,,
2023-08-12 18:00:00,Marseille,Reims,2,1,2023,Marseille,Reims,1,2,1,win,20230812_Marseille_Reims,1.5127,1.5127,42.0,73.8,1.0,0.0,27.0
2023-08-12 18:00:00,Nice,Lille,1,1,2023,Nice,Lille,1,1,1,draw,20230812_Nice_Lille,1.12141,1.12141,,,,,
2023-08-12 18:00:00,Paris Saint Germain,Lorient,0,0,2023,Paris Saint Germain,Lorient,1,0,0,draw,20230812_Paris Saint Germain_Lorient,1.36166,1.36166,,,,,
2023-08-13 13:00:00,Clermont Foot,Monaco,2,4,2023,Clermont Foot,Monaco,1,2,4,loss,20230813_Clermont Foot_Monaco,1.97981,1.97981,55.0,82.8,0.0,0.0,12.0
2023-08-13 13:00:00,Montpellier,Le Havre,2,2,2023,Montpellier,Le Havre,1,2,2,draw,20230813_Montpellier_Le Havre,1.2977,1.2977,58.0,79.7,1.0,0.0,15.0
2023-08-13 13:00:00,Nantes,Toulouse,1,2,2023,Nantes,Toulouse,1,1,2,loss,20230813_Nantes_Toulouse,1.07028,0.31018,44.0,81.8,2.0,0.0,15.0
2023-08-13 15:05:00,Rennes,Metz,5,1,2023,Rennes,Metz,1,5,1,win,20230813_Rennes_Metz,4.67967,4.67967,70.0,90.8,0.0,0.0,12.0
2023-08-13 18:45:00,Strasbourg,Lyon,2,1,2023,Strasbourg,Lyon,1,2,1,win,20230813_Strasbourg_Lyon,1.16184,1.16184,36.0,72.6,2.0,0.0,20.0
2023-08-18 19:00:00,Metz,Marseille,2,2,2023,Metz,Marseille,1,2,2,draw,20230818_Metz_Marseille,0.360903,0.360903,43.0,75.6,3.0,1.0,31.0
2023-08-19 15:00:00,Lyon,Montpellier,1,4,2023,Lyon,Montpellier,1,1,4,loss,20230819_Lyon_Montpellier,0.641589,0.641589,63.0,83.7,4.0,1.0,7.0
2023-08-19 19:00:00,Toulouse,Paris Saint Germain,1,1,2023,Toulouse,Paris Saint Germain,1,1,1,draw,20230819_Toulouse_Paris Saint Germain,1.15991,0.399817,24.0,72.0,0.0,0.0,14.0
2023-08-20 13:00:00,Le Havre,Brest,1,2,2023,Le Havre,Brest,1,1,2,loss,20230820_Le Havre_Brest,0.866995,0.866995,56.0,76.9,0.0,0.0,13.0
2023-08-20 18:45:00,Lens,Rennes,1,1,2023,Lens,Rennes,1,1,1,draw,20230820_Lens_Rennes,1.3445,1.3445,50.0,81.3,2.0,0.0,5.0
2023-08-20 11:00:00,Lille,Nantes,2,0,2023,Lille,Nantes,1,2,0,win,20230820_Lille_Nantes,3.239,3.239,64.0,85.7,0.0,1.0,15.0
2023-08-20 13:00:00,Lorient,Nice,1,1,2023,Lorient,Nice,1,1,1,draw,20230820_Lorient_Nice,0.750785,0.750785,41.0,86.3,1.0,0.0,24.0
2023-08-20 15:05:00,Monaco,Strasbourg,3,0,2023,Monaco,Strasbourg,1,3,0,win,20230820_Monaco_Strasbourg,1.30947,1.30947,56.0,81.5,2.0,0.0,12.0
2023-08-20 13:00:00,Reims,Clermont Foot,2,0,2023,Reims,Clermont Foot,1,2,0,win,20230820_Reims_Clermont Foot,2.41479,2.41479,46.0,76.4,0.0,0.0,27.0
2023-08-25 19:00:00,Nantes,Monaco,3,3,2023,Nantes,Monaco,1,3,3,draw,20230825_Nantes_Monaco,0.906833,0.146738,35.0,75.5,2.0,0.0,25.0
2023-08-26 17:00:00,Marseille,Brest,2,0,2023,Marseille,Brest,1,2,0,win,20230826_Marseille_Brest,3.50896,3.50896,44.0,82.1,0.0,0.0,28.0
2023-08-26 19:00:00,Paris Saint Germain,Lens,3,1,2023,Paris Saint Germain,Lens,1,3,1,win,20230826_Paris Saint Germain_Lens,1.86713,1.86713,,,,,
2023-08-27 13:00:00,Clermont Foot,Metz,0,1,2023,Clermont Foot,Metz,1,0,1,loss,20230827_Clermont Foot_Metz,0.540615,0.540615,71.0,84.1,1.0,0.0,12.0
2023-08-27 15:05:00,Lorient,Lille,4,1,2023,Lorient,Lille,1,4,1,win,20230827_Lorient_Lille,1.745,1.745,36.0,78.5,2.0,0.0,21.0
2023-08-27 13:00:00,Montpellier,Reims,1,3,2023,Montpellier,Reims,1,1,3,loss,20230827_Montpellier_Reims,1.42165,1.42165,52.0,69.3,1.0,0.0,27.0
2023-08-27 18:45:00,Nice,Lyon,0,0,2023,Nice,Lyon,1,0,0,draw,20230827_Nice_Lyon,1.82327,1.82327,58.0,81.9,1.0,0.0,7.0
2023-08-27 11:00:00,Rennes,Le Havre,2,2,2023,Rennes,Le Havre,1,2,2,draw,20230827_Rennes_Le Havre,3.49731,3.49731,61.0,87.8,1.0,0.0,12.0
2023-08-27 13:00:00,Strasbourg,Toulouse,2,0,2023,Strasbourg,Toulouse,1,2,0,win,20230827_Strasbourg_Toulouse,2.84995,2.84995,39.0,80.0,1.0,0.0,14.0
2023-09-01 19:00:00,Nantes,Marseille,1,1,2023,Nantes,Marseille,1,1,1,draw,20230901_Nantes_Marseille,0.621642,0.621642,37.0,78.8,0.0,1.0,35.0
2023-09-02 15:00:00,Brest,Rennes,0,0,2023,Brest,Rennes,1,0,0,draw,20230902_Brest_Rennes,1.58468,1.58468,48.0,77.1,3.0,0.0,20.0
2023-09-02 19:00:00,Monaco,Lens,3,0,2023,Monaco,Lens,1,3,0,win,20230902_Monaco_Lens,1.24938,1.24938,52.0,81.1,4.0,0.0,12.0
2023-09-03 13:00:00,Le Havre,Lorient,3,0,2023,Le Havre,Lorient,1,3,0,win,20230903_Le Havre_Lorient,1.70033,1.70033,44.0,83.3,0.0,0.0,12.0
2023-09-03 13:00:00,Lille,Montpellier,1,0,2023,Lille,Montpellier,1,1,0,win,20230903_Lille_Montpellier,1.33906,1.33906,58.0,85.2,2.0,0.0,27.0
2023-09-03 18:45:00,Lyon,Paris Saint Germain,1,4,2023,Lyon,Paris Saint Germain,1,1,4,loss,20230903_Lyon_Paris Saint Germain,2.44259,1.68249,31.0,80.4,2.0,0.0,6.0
2023-09-03 13:00:00,Metz,Reims,2,2,2023,Metz,Reims,1,2,2,draw,20230903_Metz_Reims,1.14763,1.14763,36.0,74.7,0.0,0.0,15.0
2023-09-03 15:05:00,Nice,Strasbourg,2,0,2023,Nice,Strasbourg,1,2,0,win,20230903_Nice_Strasbourg,2.28809,2.28809,62.0,85.6,2.0,0.0,11.0
2023-09-03 11:00:00,Toulouse,Clermont Foot,2,2,2023,Toulouse,Clermont Foot,1,2,2,draw,20230903_Toulouse_Clermont Foot,0.64111,0.64111,37.0,74.1,1.0,0.0,31.0
2023-09-15 19:00:00,Paris Saint Germain,Nice,2,3,2023,Paris Saint Germain,Nice,1,2,3,loss,20230915_Paris Saint Germain_Nice,1.21929,1.21929,,,,,
2023-09-16 19:00:00,Lens,Metz,0,1,2023,Lens,Metz,1,0,1,loss,20230916_Lens_Metz,1.61194,1.61194,75.0,84.9,1.0,0.0,9.0
2023-09-16 15:00:00,Rennes,Lille,2,2,2023,Rennes,Lille,1,2,2,draw,20230916_Rennes_Lille,0.427673,0.427673,47.0,82.3,1.0,0.0,11.0
2023-09-17 13:00:00,Clermont Foot,Nantes,0,1,2023,Clermont Foot,Nantes,1,0,1,loss,20230917_Clermont Foot_Nantes,1.26417,0.504075,52.0,74.1,2.0,0.0,15.0
2023-09-17 11:00:00,Lorient,Monaco,2,2,2023,Lorient,Monaco,1,2,2,draw,20230917_Lorient_Monaco,0.660724,0.660724,41.0,79.5,0.0,0.0,18.0
2023-09-17 18:45:00,Lyon,Le Havre,0,0,2023,Lyon,Le Havre,1,0,0,draw,20230917_Lyon_Le Havre,1.83314,1.83314,58.0,84.6,3.0,0.0,6.0
2023-09-17 15:05:00,Marseille,Toulouse,0,0,2023,Marseille,Toulouse,1,0,0,draw,20230917_Marseille_Toulouse,1.16853,1.16853,61.0,80.0,2.0,0.0,15.0
2023-09-17 13:00:00,Reims,Brest,1,2,2023,Reims,Brest,1,1,2,loss,20230917_Reims_Brest,1.97443,1.97443,52.0,74.8,2.0,0.0,28.0
2023-09-17 13:00:00,Strasbourg,Montpellier,2,2,2023,Strasbourg,Montpellier,1,2,2,draw,20230917_Strasbourg_Montpellier,2.27232,2.27232,44.0,80.0,4.0,0.0,13.0
2023-09-22 19:00:00,Monaco,Nice,0,1,2023,Monaco,Nice,1,0,1,loss,20230922_Monaco_Nice,1.80137,0.281179,55.0,82.9,1.0,0.0,5.0
2023-09-23 19:00:00,Brest,Lyon,1,0,2023,Brest,Lyon,1,1,0,win,20230923_Brest_Lyon,2.54509,2.54509,57.0,74.9,3.0,0.0,11.0
2023-09-23 15:00:00,Nantes,Lorient,5,3,2023,Nantes,Lorient,1,5,3,win,20230923_Nantes_Lorient,2.52906,1.76896,44.0,83.9,1.0,0.0,14.0
2023-09-24 13:00:00,Le Havre,Clermont Foot,2,1,2023,Le Havre,Clermont Foot,1,2,1,win,20230924_Le Havre_Clermont Foot,1.01727,1.01727,32.0,71.7,2.0,0.0,16.0
2023-09-24 13:00:00,Lens,Toulouse,2,1,2023,Lens,Toulouse,1,2,1,win,20230924_Lens_Toulouse,3.08782,3.08782,62.0,81.6,2.0,0.0,18.0
2023-09-24 11:00:00,Metz,Strasbourg,0,1,2023,Metz,Strasbourg,1,0,1,loss,20230924_Metz_Strasbourg,1.03805,1.03805,52.0,84.3,2.0,0.0,14.0
2023-09-24 15:05:00,Montpellier,Rennes,0,0,2023,Montpellier,Rennes,1,0,0,draw,20230924_Montpellier_Rennes,1.38233,1.38233,37.0,64.4,2.0,0.0,26.0
2023-09-24 18:45:00,Paris Saint Germain,Marseille,4,0,2023,Paris Saint Germain,Marseille,1,4,0,win,20230924_Paris Saint Germain_Marseille,2.00222,2.00222,,,,,
2023-09-26 19:00:00,Lille,Reims,1,2,2023,Lille,Reims,1,1,2,loss,20230926_Lille_Reims,1.41766,1.41766,69.0,85.6,1.0,0.0,6.0
2023-09-29 19:00:00,Strasbourg,Lens,0,1,2023,Strasbourg,Lens,1,0,1,loss,20230929_Strasbourg_Lens,0.305015,0.305015,48.0,82.7,2.0,0.0,6.0
2023-09-30 15:00:00,Clermont Foot,Paris Saint Germain,0,0,2023,Clermont Foot,Paris Saint Germain,1,0,0,draw,20230930_Clermont Foot_Paris Saint Germain,1.16006,1.16006,33.0,72.7,2.0,0.0,22.0
2023-09-30 19:00:00,Monaco,Marseille,3,2,2023,Monaco,Marseille,1,3,2,win,20230930_Monaco_Marseille,1.5165,1.5165,46.0,75.2,4.0,0.0,17.0
2023-10-01 13:00:00,Le Havre,Lille,0,2,2023,Le Havre,Lille,1,0,2,loss,20231001_Le Havre_Lille,1.05835,1.05835,38.0,80.5,0.0,0.0,22.0
2023-10-01 15:05:00,Lorient,Montpellier,0,3,2023,Lorient,Montpellier,1,0,3,loss,20231001_Lorient_Montpellier,0.799881,0.799881,51.0,85.4,2.0,0.0,23.0
2023-10-01 13:00:00,Nice,Brest,0,0,2023,Nice,Brest,1,0,0,draw,20231001_Nice_Brest,1.03293,1.03293,54.0,81.8,1.0,0.0,20.0
2023-10-01 11:00:00,Reims,Lyon,2,0,2023,Reims,Lyon,1,2,0,win,20231001_Reims_Lyon,1.99596,1.99596,50.0,83.0,2.0,0.0,21.0
2023-10-01 18:45:00,Rennes,Nantes,3,1,2023,Rennes,Nantes,1,3,1,win,20231001_Rennes_Nantes,2.3169,0.796713,58.0,86.1,3.0,0.0,12.0
2023-10-01 13:00:00,Toulouse,Metz,3,0,2023,Toulouse,Metz,1,3,0,win,20231001_Toulouse_Metz,2.3397,2.3397,66.0,86.8,3.0,0.0,21.0
2023-10-06 19:00:00,Strasbourg,Nantes,1,2,2023,Strasbourg,Nantes,1,1,2,loss,20231006_Strasbourg_Nantes,0.944783,0.944783,43.0,79.9,3.0,0.0,23.0
2023-10-07 15:00:00,Metz,Nice,0,1,2023,Metz,Nice,1,0,1,loss,20231007_Metz_Nice,0.263633,0.263633,32.0,78.2,0.0,0.0,16.0
2023-10-07 19:00:00,Reims,Monaco,1,3,2023,Reims,Monaco,1,1,3,loss,20231007_Reims_Monaco,1.99785,1.23776,54.0,74.8,0.0,0.0,15.0
2023-10-08 13:00:00,Brest,Toulouse,1,1,2023,Brest,Toulouse,1,1,1,draw,20231008_Brest_Toulouse,1.61363,1.61363,55.0,77.2,2.0,0.0,16.0
2023-10-08 15:05:00,Lens,Lille,1,1,2023,Lens,Lille,1,1,1,draw,20231008_Lens_Lille,2.58377,2.58377,45.0,77.9,2.0,0.0,11.0
2023-10-08 13:00:00,Lyon,Lorient,3,3,2023,Lyon,Lorient,1,3,3,draw,20231008_Lyon_Lorient,1.3787,0.618603,50.0,78.3,0.0,0.0,11.0
2023-10-08 11:00:00,Marseille,Le Havre,3,0,2023,Marseille,Le Havre,1,3,0,win,20231008_Marseille_Le Havre,3.00689,3.00689,64.0,89.9,0.0,0.0,12.0
2023-10-08 18:45:00,Rennes,Paris Saint Germain,1,3,2023,Rennes,Paris Saint Germain,1,1,3,loss,20231008_Rennes_Paris Saint Germain,1.34436,1.34436,42.0,81.1,1.0,0.0,13.0
2023-10-20 19:00:00,Le Havre,Lens,0,0,2023,Le Havre,Lens,1,0,0,draw,20231020_Le Havre_Lens,1.84471,1.84471,40.0,75.5,2.0,0.0,18.0
2023-10-21 19:00:00,Nice,Marseille,1,0,2023,Nice,Marseille,1,1,0,win,20231021_Nice_Marseille,0.828728,0.828728,50.0,84.0,4.0,0.0,16.0
2023-10-21 15:00:00,Paris Saint Germain,Strasbourg,3,0,2023,Paris Saint Germain,Strasbourg,1,3,0,win,20231021_Paris Saint Germain_Strasbourg,2.51872,1.75862,,,,,
2023-10-22 13:00:00,Lille,Brest,1,0,2023,Lille,Brest,1,1,0,win,20231022_Lille_Brest,2.19168,2.19168,43.0,72.0,2.0,0.0,27.0
2023-10-22 11:00:00,Lorient,Rennes,2,1,2023,Lorient,Rennes,1,2,1,win,20231022_Lorient_Rennes,0.594654,0.594654,31.0,73.4,0.0,0.0,44.0
2023-10-22 18:45:00,Lyon,Clermont Foot,1,2,2023,Lyon,Clermont Foot,1,1,2,loss,20231022_Lyon_Clermont Foot,1.73586,1.73586,63.0,81.3,4.0,0.0,9.0
2023-10-22 15:05:00,Monaco,Metz,2,1,2023,Monaco,Metz,1,2,1,win,20231022_Monaco_Metz,1.9731,1.9731,75.0,86.0,1.0,0.0,5.0
2023-10-22 13:00:00,Nantes,Montpellier,2,0,2023,Nantes,Montpellier,1,2,0,win,20231022_Nantes_Montpellier,1.74936,1.74936,57.0,84.2,2.0,0.0,12.0
2023-10-22 13:00:00,Toulouse,Reims,1,1,2023,Toulouse,Reims,1,1,1,draw,20231022_Toulouse_Reims,0.900833,0.900833,49.0,78.6,2.0,0.0,19.0
2023-10-27 19:00:00,Clermont Foot,Nice,0,1,2023,Clermont Foot,Nice,1,0,1,loss,20231027_Clermont Foot_Nice,0.298709,0.298709,45.0,76.5,0.0,0.0,10.0
2023-10-28 19:00:00,Lens,Nantes,4,0,2023,Lens,Nantes,1,4,0,win,20231028_Lens_Nantes,4.32919,2.809,54.0,82.3,1.0,0.0,21.0
2023-10-28 15:00:00,Reims,Lorient,1,0,2023,Reims,Lorient,1,1,0,win,20231028_Reims_Lorient,0.981549,0.981549,56.0,83.4,1.0,0.0,17.0
2023-10-29 12:00:00,Brest,Paris Saint Germain,2,3,2023,Brest,Paris Saint Germain,1,2,3,loss,20231029_Brest_Paris Saint Germain,1.68226,1.68226,44.0,78.1,3.0,0.0,9.0
2023-10-29 14:00:00,Lille,Monaco,2,0,2023,Lille,Monaco,1,2,0,win,20231029_Lille_Monaco,0.667633,0.667633,41.0,74.9,1.0,0.0,44.0
2023-10-29 14:00:00,Metz,Le Havre,0,0,2023,Metz,Le Havre,1,0,0,draw,20231029_Metz_Le Havre,0.469858,0.469858,42.0,73.8,2.0,0.0,22.0
2023-10-29 14:00:00,Montpellier,Toulouse,3,0,2023,Montpellier,Toulouse,1,3,0,win,20231029_Montpellier_Toulouse,3.2823,3.2823,39.0,72.2,2.0,0.0,20.0
2023-10-29 16:05:00,Rennes,Strasbourg,1,1,2023,Rennes,Strasbourg,1,1,1,draw,20231029_Rennes_Strasbourg,1.11025,1.11025,61.0,82.5,2.0,0.0,19.0
2023-11-03 20:00:00,Paris Saint Germain,Montpellier,3,0,2023,Paris Saint Germain,Montpellier,1,3,0,win,20231103_Paris Saint Germain_Montpellier,1.23178,1.23178,,,,,
2023-11-04 16:00:00,Lorient,Lens,0,0,2023,Lorient,Lens,1,0,0,draw,20231104_Lorient_Lens,0.521851,0.521851,43.0,76.9,3.0,0.0,28.0
2023-11-04 20:00:00,Marseille,Lille,0,0,2023,Marseille,Lille,1,0,0,draw,20231104_Marseille_Lille,0.751791,0.751791,46.0,83.7,2.0,0.0,17.0
2023-11-05 12:00:00,Lyon,Metz,1,1,2023,Lyon,Metz,1,1,1,draw,20231105_Lyon_Metz,1.8478,1.8478,66.0,85.2,1.0,0.0,16.0
2023-11-05 16:05:00,Monaco,Brest,2,0,2023,Monaco,Brest,1,2,0,win,20231105_Monaco_Brest,1.11674,1.11674,46.0,78.8,2.0,0.0,27.0
2023-11-05 14:00:00,Nantes,Reims,0,1,2023,Nantes,Reims,1,0,1,loss,20231105_Nantes_Reims,1.54695,1.54695,50.0,77.3,1.0,0.0,14.0
2023-11-05 19:45:00,Nice,Rennes,2,0,2023,Nice,Rennes,1,2,0,win,20231105_Nice_Rennes,2.28618,2.28618,46.0,85.5,0.0,1.0,13.0
2023-11-05 14:00:00,Strasbourg,Clermont Foot,0,0,2023,Strasbourg,Clermont Foot,1,0,0,draw,20231105_Strasbourg_Clermont Foot,1.55966,1.55966,39.0,81.2,2.0,1.0,23.0
2023-11-05 14:00:00,Toulouse,Le Havre,1,2,2023,Toulouse,Le Havre,1,1,2,loss,20231105_Toulouse_Le Havre,2.31734,1.55724,52.0,80.9,2.0,0.0,17.0
2023-11-10 20:00:00,Montpellier,Nice,0,0,2023,Montpellier,Nice,1,0,0,draw,20231110_Montpellier_Nice,0.651349,0.651349,41.0,79.1,0.0,0.0,30.0
2023-11-11 20:00:00,Le Havre,Monaco,0,0,2023,Le Havre,Monaco,1,0,0,draw,20231111_Le Havre_Monaco,1.12627,0.366171,38.0,69.8,2.0,0.0,18.0
2023-11-11 16:00:00,Reims,Paris Saint Germain,0,3,2023,Reims,Paris Saint Germain,1,0,3,loss,20231111_Reims_Paris Saint Germain,1.54396,1.54396,39.0,76.7,1.0,0.0,11.0
2023-11-12 14:00:00,Clermont Foot,Lorient,1,0,2023,Clermont Foot,Lorient,1,1,0,win,20231112_Clermont Foot_Lorient,1.40549,0.645396,55.0,85.0,3.0,0.0,15.0
2023-11-12 20:45:00,Lens,Marseille,1,0,2023,Lens,Marseille,1,1,0,win,20231112_Lens_Marseille,1.21972,1.21972,47.0,80.1,2.0,0.0,16.0
2023-11-12 14:00:00,Lille,Toulouse,1,1,2023,Lille,Toulouse,1,1,1,draw,20231112_Lille_Toulouse,2.6899,2.6899,60.0,81.7,3.0,0.0,8.0
2023-11-12 14:00:00,Metz,Nantes,3,1,2023,Metz,Nantes,1,3,1,win,20231112_Metz_Nantes,0.940982,0.940982,34.0,69.8,0.0,0.0,34.0
2023-11-12 16:05:00,Rennes,Lyon,0,1,2023,Rennes,Lyon,1,0,1,loss,20231112_Rennes_Lyon,0.680277,0.680277,42.0,79.1,3.0,1.0,28.0
2023-11-24 20:00:00,Paris Saint Germain,Monaco,5,2,2023,Paris Saint Germain,Monaco,1,5,2,win,20231124_Paris Saint Germain_Monaco,2.61317,1.85307,,,,,
2023-11-25 16:00:00,Clermont Foot,Lens,0,3,2023,Clermont Foot,Lens,1,0,3,loss,20231125_Clermont Foot_Lens,1.84299,1.84299,48.0,85.5,2.0,1.0,16.0
2023-11-25 20:00:00,Strasbourg,Marseille,1,1,2023,Strasbourg,Marseille,1,1,1,draw,20231125_Strasbourg_Marseille,1.18208,1.18208,40.0,76.2,1.0,0.0,31.0
2023-11-26 14:00:00,Lorient,Metz,2,3,2023,Lorient,Metz,1,2,3,loss,20231126_Lorient_Metz,1.37412,1.37412,67.0,87.2,2.0,0.0,18.0
2023-11-26 19:45:00,Lyon,Lille,0,2,2023,Lyon,Lille,1,0,2,loss,20231126_Lyon_Lille,1.71151,1.71151,48.0,83.6,2.0,0.0,11.0
2023-11-26 14:00:00,Montpellier,Brest,1,3,2023,Montpellier,Brest,1,1,3,loss,20231126_Montpellier_Brest,2.19901,1.43891,53.0,71.0,2.0,0.0,16.0
2023-11-26 14:00:00,Nantes,Le Havre,0,0,2023,Nantes,Le Havre,1,0,0,draw,20231126_Nantes_Le Havre,1.75264,1.75264,61.0,81.3,1.0,0.0,11.0
2023-11-26 12:00:00,Nice,Toulouse,1,0,2023,Nice,Toulouse,1,1,0,win,20231126_Nice_Toulouse,1.00133,1.00133,53.0,87.5,0.0,0.0,29.0
2023-11-26 16:05:00,Rennes,Reims,3,1,2023,Rennes,Reims,1,3,1,win,20231126_Rennes_Reims,1.93506,1.93506,38.0,73.3,2.0,0.0,22.0
2023-11-29 17:00:00,Montpellier,Clermont Foot,1,1,2023,Montpellier,Clermont Foot,1,1,1,draw,20231129_Montpellier_Clermont Foot,2.5147,1.7546,63.0,78.1,5.0,0.0,9.0
2023-12-01 19:00:00,Reims,Strasbourg,2,1,2023,Reims,Strasbourg,1,2,1,win,20231201_Reims_Strasbourg,1.93212,1.93212,51.0,77.9,1.0,0.0,24.0
2023-12-02 16:00:00,Lens,Lyon,3,2,2023,Lens,Lyon,1,3,2,win,20231202_Lens_Lyon,2.66019,1.9001,52.0,85.9,2.0,1.0,23.0
2023-12-02 20:00:00,Nantes,Nice,1,0,2023,Nantes,Nice,1,1,0,win,20231202_Nantes_Nice,1.18224,1.18224,38.0,80.1,3.0,0.0,15.0
2023-12-03 14:00:00,Brest,Clermont Foot,3,0,2023,Brest,Clermont Foot,1,3,0,win,20231203_Brest_Clermont Foot,1.30229,0.542197,57.0,82.0,1.0,0.0,17.0
2023-12-03 12:00:00,Le Havre,Paris Saint Germain,0,2,2023,Le Havre,Paris Saint Germain,1,0,2,loss,20231203_Le Havre_Paris Saint Germain,1.85535,1.85535,61.0,87.3,2.0,0.0,9.0
2023-12-03 16:05:00,Lille,Metz,2,0,2023,Lille,Metz,1,2,0,win,20231203_Lille_Metz,3.04386,2.28376,65.0,86.7,0.0,0.0,9.0
2023-12-03 19:45:00,Marseille,Rennes,2,0,2023,Marseille,Rennes,1,2,0,win,20231203_Marseille_Rennes,0.91395,0.153854,43.0,80.9,1.0,1.0,25.0
2023-12-03 14:00:00,Monaco,Montpellier,2,0,2023,Monaco,Montpellier,1,2,0,win,20231203_Monaco_Montpellier,2.46013,2.46013,63.0,84.5,2.0,0.0,22.0
2023-12-03 14:00:00,Toulouse,Lorient,1,1,2023,Toulouse,Lorient,1,1,1,draw,20231203_Toulouse_Lorient,1.10351,1.10351,52.0,82.5,2.0,0.0,24.0
2023-12-06 19:00:00,Marseille,Lyon,3,0,2023,Marseille,Lyon,1,3,0,win,20231206_Marseille_Lyon,1.82709,1.82709,49.0,79.0,1.0,0.0,17.0
2023-12-07 19:30:00,Brest,Strasbourg,1,1,2023,Brest,Strasbourg,1,1,1,draw,20231207_Brest_Strasbourg,0.993441,0.993441,61.0,81.6,1.0,0.0,13.0
2023-12-08 20:00:00,Montpellier,Lens,0,0,2023,Montpellier,Lens,1,0,0,draw,20231208_Montpellier_Lens,1.34889,1.34889,35.0,63.7,2.0,0.0,26.0
2023-12-09 20:00:00,Paris Saint Germain,Nantes,2,1,2023,Paris Saint Germain,Nantes,1,2,1,win,20231209_Paris Saint Germain_Nantes,2.15633,2.15633,,,,,
2023-12-09 16:00:00,Rennes,Monaco,1,2,2023,Rennes,Monaco,1,1,2,loss,20231209_Rennes_Monaco,2.14616,1.38607,47.0,76.3,2.0,0.0,11.0
2023-12-10 14:00:00,Clermont Foot,Lille,0,0,2023,Clermont Foot,Lille,1,0,0,draw,20231210_Clermont Foot_Lille,1.1121,1.1121,47.0,80.9,2.0,0.0,13.0
2023-12-10 19:45:00,Lorient,Marseille,2,4,2023,Lorient,Marseille,1,2,4,loss,20231210_Lorient_Marseille,2.01809,2.01809,50.0,81.4,5.0,0.0,19.0
2023-12-10 16:05:00,Lyon,Toulouse,3,0,2023,Lyon,Toulouse,1,3,0,win,20231210_Lyon_Toulouse,3.13849,3.13849,49.0,84.8,2.0,0.0,17.0
2023-12-10 14:00:00,Metz,Brest,0,1,2023,Metz,Brest,1,0,1,loss,20231210_Metz_Brest,0.632144,0.632144,33.0,67.1,3.0,0.0,35.0
2023-12-10 12:00:00,Nice,Reims,2,1,2023,Nice,Reims,1,2,1,win,20231210_Nice_Reims,1.2751,1.2751,52.0,80.9,2.0,0.0,12.0
2023-12-10 14:00:00,Strasbourg,Le Havre,2,1,2023,Strasbourg,Le Havre,1,2,1,win,20231210_Strasbourg_Le Havre,1.50877,1.50877,44.0,73.5,3.0,0.0,17.0
2023-12-15 20:00:00,Monaco,Lyon,0,1,2023,Monaco,Lyon,1,0,1,loss,20231215_Monaco_Lyon,1.40268,1.40268,60.0,81.8,1.0,0.0,5.0
2023-12-16 16:00:00,Le Havre,Nice,3,1,2023,Le Havre,Nice,1,3,1,win,20231216_Le Havre_Nice,1.92557,1.16547,38.0,78.6,3.0,1.0,26.0
2023-12-16 20:00:00,Lens,Reims,2,0,2023,Lens,Reims,1,2,0,win,20231216_Lens_Reims,1.26773,1.26773,46.0,77.2,0.0,0.0,25.0
2023-12-17 19:45:00,Lille,Paris Saint Germain,1,1,2023,Lille,Paris Saint Germain,1,1,1,draw,20231217_Lille_Paris Saint Germain,1.90778,1.90778,41.0,78.0,1.0,0.0,27.0
2023-12-17 14:00:00,Lorient,Strasbourg,1,2,2023,Lorient,Strasbourg,1,1,2,loss,20231217_Lorient_Strasbourg,1.17121,1.17121,52.0,78.5,3.0,0.0,11.0
2023-12-17 16:05:00,Marseille,Clermont Foot,2,1,2023,Marseille,Clermont Foot,1,2,1,win,20231217_Marseille_Clermont Foot,2.62654,2.62654,55.0,83.8,0.0,0.0,8.0
2023-12-17 14:00:00,Metz,Montpellier,0,1,2023,Metz,Montpellier,1,0,1,loss,20231217_Metz_Montpellier,0.850081,0.850081,52.0,73.7,2.0,0.0,17.0
2023-12-17 12:00:00,Nantes,Brest,0,2,2023,Nantes,Brest,1,0,2,loss,20231217_Nantes_Brest,1.38959,1.38959,51.0,82.4,1.0,0.0,16.0
2023-12-17 14:00:00,Toulouse,Rennes,0,0,2023,Toulouse,Rennes,1,0,0,draw,20231217_Toulouse_Rennes,0.686037,0.686037,49.0,77.2,3.0,0.0,19.0
2023-12-20 20:00:00,Brest,Lorient,4,0,2023,Brest,Lorient,1,4,0,win,20231220_Brest_Lorient,1.59135,1.59135,59.0,82.7,1.0,0.0,12.0
2023-12-20 20:00:00,Clermont Foot,Rennes,1,3,2023,Clermont Foot,Rennes,1,1,3,loss,20231220_Clermont Foot_Rennes,0.75621,0.75621,44.0,73.3,0.0,1.0,19.0
2023-12-20 20:00:00,Lyon,Nantes,1,0,2023,Lyon,Nantes,1,1,0,win,20231220_Lyon_Nantes,2.1113,2.1113,39.0,75.1,1.0,1.0,25.0
2023-12-20 20:00:00,Montpellier,Marseille,1,1,2023,Montpellier,Marseille,1,1,1,draw,20231220_Montpellier_Marseille,1.51091,1.51091,32.0,72.1,2.0,0.0,32.0
2023-12-20 20:00:00,Nice,Lens,2,0,2023,Nice,Lens,1,2,0,win,20231220_Nice_Lens,2.95792,2.19782,41.0,81.7,2.0,0.0,16.0
2023-12-20 20:00:00,Paris Saint Germain,Metz,3,1,2023,Paris Saint Germain,Metz,1,3,1,win,20231220_Paris Saint Germain_Metz,2.18199,2.18199,,,,,
2023-12-20 20:00:00,Reims,Le Havre,1,0,2023,Reims,Le Havre,1,1,0,win,20231220_Reims_Le Havre,1.4252,1.4252,65.0,86.7,1.0,0.0,14.0
2023-12-20 20:00:00,Strasbourg,Lille,2,1,2023,Strasbourg,Lille,1,2,1,win,20231220_Strasbourg_Lille,0.805349,0.805349,32.0,72.6,1.0,0.0,15.0
2023-12-20 20:00:00,Toulouse,Monaco,1,2,2023,Toulouse,Monaco,1,1,2,loss,20231220_Toulouse_Monaco,1.58928,1.58928,55.0,81.2,2.0,0.0,23.0
2024-01-12 20:00:00,Marseille,Strasbourg,1,1,2023,Marseille,Strasbourg,1,1,1,draw,20240112_Marseille_Strasbourg,1.56944,1.56944,47.0,78.4,3.0,0.0,19.0
2024-01-13 16:00:00,Monaco,Reims,1,3,2023,Monaco,Reims,1,1,3,loss,20240113_Monaco_Reims,1.02592,1.02592,56.0,81.2,3.0,0.0,14.0
2024-01-13 20:00:00,Rennes,Nice,2,0,2023,Rennes,Nice,1,2,0,win,20240113_Rennes_Nice,1.82506,1.06496,44.0,80.2,1.0,0.0,20.0
2024-01-14 14:00:00,Brest,Montpellier,2,0,2023,Brest,Montpellier,1,2,0,win,20240114_Brest_Montpellier,4.34723,4.34723,65.0,83.5,1.0,0.0,22.0
2024-01-14 16:05:00,Le Havre,Lyon,3,1,2023,Le Havre,Lyon,1,3,1,win,20240114_Le Havre_Lyon,1.47292,1.47292,43.0,83.6,1.0,0.0,26.0
2024-01-14 19:45:00,Lens,Paris Saint Germain,0,2,2023,Lens,Paris Saint Germain,1,0,2,loss,20240114_Lens_Paris Saint Germain,2.68223,1.92213,35.0,79.1,0.0,1.0,15.0
2024-01-14 12:00:00,Lille,Lorient,3,0,2023,Lille,Lorient,1,3,0,win,20240114_Lille_Lorient,3.05553,3.05553,62.0,87.5,1.0,0.0,3.0
2024-01-14 14:00:00,Metz,Toulouse,0,1,2023,Metz,Toulouse,1,0,1,loss,20240114_Metz_Toulouse,0.558992,0.558992,40.0,74.8,3.0,1.0,10.0
2024-01-14 14:00:00,Nantes,Clermont Foot,1,2,2023,Nantes,Clermont Foot,1,1,2,loss,20240114_Nantes_Clermont Foot,1.63891,1.63891,52.0,77.4,1.0,1.0,24.0
2024-01-26 20:00:00,Lyon,Rennes,2,3,2023,Lyon,Rennes,1,2,3,loss,20240126_Lyon_Rennes,0.96504,0.96504,64.0,84.3,2.0,0.0,7.0
2024-01-27 20:00:00,Marseille,Monaco,2,2,2023,Marseille,Monaco,1,2,2,draw,20240127_Marseille_Monaco,3.46234,3.46234,68.0,84.2,1.0,0.0,20.0
2024-01-27 16:00:00,Nice,Metz,1,0,2023,Nice,Metz,1,1,0,win,20240127_Nice_Metz,1.97472,1.21462,66.0,85.9,1.0,0.0,11.0
2024-01-28 14:00:00,Clermont Foot,Strasbourg,1,1,2023,Clermont Foot,Strasbourg,1,1,1,draw,20240128_Clermont Foot_Strasbourg,1.53045,1.53045,53.0,78.7,1.0,0.0,16.0
2024-01-28 14:00:00,Lorient,Le Havre,3,3,2023,Lorient,Le Havre,1,3,3,draw,20240128_Lorient_Le Havre,1.63382,1.63382,43.0,80.3,4.0,0.0,21.0
2024-01-28 12:00:00,Montpellier,Lille,0,0,2023,Montpellier,Lille,1,0,0,draw,20240128_Montpellier_Lille,1.37722,1.37722,39.0,76.9,4.0,0.0,17.0
2024-01-28 19:45:00,Paris Saint Germain,Brest,2,2,2023,Paris Saint Germain,Brest,1,2,2,draw,20240128_Paris Saint Germain_Brest,1.89797,1.89797,,,,,
2024-01-28 14:00:00,Reims,Nantes,0,0,2023,Reims,Nantes,1,0,0,draw,20240128_Reims_Nantes,1.21383,1.21383,50.0,81.8,3.0,0.0,18.0
2024-01-28 16:05:00,Toulouse,Lens,0,2,2023,Toulouse,Lens,1,0,2,loss,20240128_Toulouse_Lens,2.4207,1.66061,53.0,79.5,3.0,0.0,15.0
2024-02-02 20:00:00,Strasbourg,Paris Saint Germain,1,2,2023,Strasbourg,Paris Saint Germain,1,1,2,loss,20240202_Strasbourg_Paris Saint Germain,2.57864,2.57864,38.0,77.4,3.0,0.0,22.0
2024-02-03 20:00:00,Nantes,Lens,0,1,2023,Nantes,Lens,1,0,1,loss,20240203_Nantes_Lens,0.711906,0.711906,42.0,79.5,2.0,0.0,14.0
2024-02-03 16:00:00,Rennes,Montpellier,2,1,2023,Rennes,Montpellier,1,2,1,win,20240203_Rennes_Montpellier,2.21096,1.45087,48.0,78.6,4.0,0.0,25.0
2024-02-04 16:05:00,Brest,Nice,0,0,2023,Brest,Nice,1,0,0,draw,20240204_Brest_Nice,0.875796,0.875796,53.0,79.8,3.0,0.0,21.0
2024-02-04 14:00:00,Lille,Clermont Foot,4,0,2023,Lille,Clermont Foot,1,4,0,win,20240204_Lille_Clermont Foot,2.44237,2.44237,60.0,86.5,0.0,0.0,10.0
2024-02-04 19:45:00,Lyon,Marseille,1,0,2023,Lyon,Marseille,1,1,0,win,20240204_Lyon_Marseille,1.92161,1.92161,37.0,78.9,2.0,0.0,23.0
2024-02-04 14:00:00,Metz,Lorient,1,2,2023,Metz,Lorient,1,1,2,loss,20240204_Metz_Lorient,0.822983,0.822983,44.0,70.5,3.0,0.0,14.0
2024-02-04 12:00:00,Monaco,Le Havre,1,1,2023,Monaco,Le Havre,1,1,1,draw,20240204_Monaco_Le Havre,1.48516,1.48516,61.0,79.1,3.0,0.0,8.0
2024-02-04 14:00:00,Reims,Toulouse,2,3,2023,Reims,Toulouse,1,2,3,loss,20240204_Reims_Toulouse,2.02418,2.02418,62.0,81.6,2.0,0.0,17.0
2024-02-09 20:00:00,Marseille,Metz,1,1,2023,Marseille,Metz,1,1,1,draw,20240209_Marseille_Metz,2.39451,2.39451,66.0,85.5,2.0,1.0,12.0
2024-02-10 16:00:00,Lens,Strasbourg,3,1,2023,Lens,Strasbourg,1,3,1,win,20240210_Lens_Strasbourg,1.91964,1.91964,50.0,81.8,2.0,0.0,21.0
2024-02-10 20:00:00,Paris Saint Germain,Lille,3,1,2023,Paris Saint Germain,Lille,1,3,1,win,20240210_Paris Saint Germain_Lille,2.43098,2.43098,,,,,
2024-02-11 14:00:00,Clermont Foot,Brest,1,1,2023,Clermont Foot,Brest,1,1,1,draw,20240211_Clermont Foot_Brest,1.19719,1.19719,46.0,75.7,2.0,1.0,16.0
2024-02-11 12:00:00,Le Havre,Rennes,0,1,2023,Le Havre,Rennes,1,0,1,loss,20240211_Le Havre_Rennes,1.37399,1.37399,49.0,77.2,2.0,0.0,20.0
2024-02-11 14:00:00,Lorient,Reims,2,0,2023,Lorient,Reims,1,2,0,win,20240211_Lorient_Reims,2.29027,2.29027,39.0,79.6,1.0,0.0,43.0
2024-02-11 16:05:00,Montpellier,Lyon,1,2,2023,Montpellier,Lyon,1,1,2,loss,20240211_Montpellier_Lyon,1.78103,1.78103,46.0,79.1,1.0,0.0,29.0
2024-02-11 19:45:00,Nice,Monaco,2,3,2023,Nice,Monaco,1,2,3,loss,20240211_Nice_Monaco,2.16459,1.4045,47.0,81.3,5.0,1.0,9.0
2024-02-11 14:00:00,Toulouse,Nantes,1,2,2023,Toulouse,Nantes,1,1,2,loss,20240211_Toulouse_Nantes,0.893343,0.893343,74.0,80.6,2.0,0.0,2.0
2024-02-16 20:00:00,Lyon,Nice,1,0,2023,Lyon,Nice,1,1,0,win,20240216_Lyon_Nice,0.801467,0.801467,49.0,80.8,0.0,0.0,27.0
2024-02-17 16:00:00,Lille,Le Havre,3,0,2023,Lille,Le Havre,1,3,0,win,20240217_Lille_Le Havre,4.23306,3.33821,61.0,86.3,2.0,0.0,17.0
2024-02-17 20:00:00,Nantes,Paris Saint Germain,0,2,2023,Nantes,Paris Saint Germain,1,0,2,loss,20240217_Nantes_Paris Saint Germain,2.13627,2.13627,23.0,70.1,1.0,0.0,31.0
2024-02-18 19:45:00,Brest,Marseille,1,0,2023,Brest,Marseille,1,1,0,win,20240218_Brest_Marseille,1.79901,1.79901,42.0,74.6,3.0,1.0,35.0
2024-02-18 14:00:00,Monaco,Toulouse,1,2,2023,Monaco,Toulouse,1,1,2,loss,20240218_Monaco_Toulouse,1.69534,1.69534,65.0,81.2,1.0,0.0,9.0
2024-02-18 14:00:00,Montpellier,Metz,3,0,2023,Montpellier,Metz,1,3,0,win,20240218_Montpellier_Metz,3.04692,2.28683,54.0,78.2,3.0,0.0,13.0
2024-02-18 16:05:00,Reims,Lens,1,1,2023,Reims,Lens,1,1,1,draw,20240218_Reims_Lens,1.04087,1.04087,53.0,80.8,2.0,0.0,8.0
2024-02-18 14:00:00,Rennes,Clermont Foot,3,1,2023,Rennes,Clermont Foot,1,3,1,win,20240218_Rennes_Clermont Foot,4.27182,3.4653,53.0,86.1,1.0,0.0,16.0
2024-02-18 12:00:00,Strasbourg,Lorient,1,3,2023,Strasbourg,Lorient,1,1,3,loss,20240218_Strasbourg_Lorient,1.71908,1.71908,62.0,83.0,3.0,1.0,8.0
2024-02-23 20:00:00,Metz,Lyon,1,2,2023,Metz,Lyon,1,1,2,loss,20240223_Metz_Lyon,1.76992,1.76992,38.0,73.8,1.0,0.0,30.0
2024-02-24 16:00:00,Lorient,Nantes,0,1,2023,Lorient,Nantes,1,0,1,loss,20240224_Lorient_Nantes,0.620869,0.620869,64.0,85.7,0.0,0.0,14.0
2024-02-24 20:00:00,Strasbourg,Brest,0,3,2023,Strasbourg,Brest,1,0,3,loss,20240224_Strasbourg_Brest,0.147244,0.147244,48.0,83.1,3.0,0.0,25.0
2024-02-25 14:00:00,Le Havre,Reims,1,2,2023,Le Havre,Reims,1,1,2,loss,20240225_Le Havre_Reims,1.71847,0.958372,50.0,80.0,3.0,0.0,16.0
2024-02-25 12:00:00,Lens,Monaco,2,3,2023,Lens,Monaco,1,2,3,loss,20240225_Lens_Monaco,2.863,2.863,60.0,79.6,5.0,0.0,8.0
2024-02-25 19:45:00,Marseille,Montpellier,4,1,2023,Marseille,Montpellier,1,4,1,win,20240225_Marseille_Montpellier,2.91179,2.1517,58.0,82.8,2.0,0.0,20.0
2024-02-25 14:00:00,Nice,Clermont Foot,0,0,2023,Nice,Clermont Foot,1,0,0,draw,20240225_Nice_Clermont Foot,1.97032,1.97032,58.0,84.4,2.0,0.0,13.0
2024-02-25 16:05:00,Paris Saint Germain,Rennes,1,1,2023,Paris Saint Germain,Rennes,1,1,1,draw,20240225_Paris Saint Germain_Rennes,1.88699,1.12689,,,,,
2024-02-25 14:00:00,Toulouse,Lille,3,1,2023,Toulouse,Lille,1,3,1,win,20240225_Toulouse_Lille,1.95824,1.19814,32.0,74.0,2.0,0.0,19.0
2024-03-01 20:00:00,Monaco,Paris Saint Germain,0,0,2023,Monaco,Paris Saint Germain,1,0,0,draw,20240301_Monaco_Paris Saint Germain,2.44196,2.44196,32.0,72.8,0.0,0.0,20.0
2024-03-02 20:00:00,Clermont Foot,Marseille,1,5,2023,Clermont Foot,Marseille,1,1,5,loss,20240302_Clermont Foot_Marseille,0.737192,0.737192,44.0,78.7,2.0,0.0,20.0
2024-03-02 16:00:00,Reims,Lille,0,1,2023,Reims,Lille,1,0,1,loss,20240302_Reims_Lille,0.533658,0.533658,57.0,82.0,4.0,0.0,14.0
2024-03-03 14:00:00,Brest,Le Havre,1,0,2023,Brest,Le Havre,1,1,0,win,20240303_Brest_Le Havre,1.2486,1.2486,60.0,80.5,4.0,0.0,19.0
2024-03-03 19:45:00,Lyon,Lens,0,3,2023,Lyon,Lens,1,0,3,loss,20240303_Lyon_Lens,2.13225,2.13225,47.0,82.0,0.0,1.0,17.0
2024-03-03 14:00:00,Montpellier,Strasbourg,2,2,2023,Montpellier,Strasbourg,1,2,2,draw,20240303_Montpellier_Strasbourg,1.55397,1.55397,60.0,78.7,1.0,0.0,20.0
2024-03-03 14:00:00,Nantes,Metz,0,2,2023,Nantes,Metz,1,0,2,loss,20240303_Nantes_Metz,0.962736,0.962736,47.0,74.0,3.0,0.0,14.0
2024-03-03 16:05:00,Rennes,Lorient,1,2,2023,Rennes,Lorient,1,1,2,loss,20240303_Rennes_Lorient,1.48788,1.48788,56.0,84.0,1.0,0.0,9.0
2024-03-03 12:00:00,Toulouse,Nice,2,1,2023,Toulouse,Nice,1,2,1,win,20240303_Toulouse_Nice,1.50074,1.50074,44.0,79.6,2.0,0.0,21.0
2024-03-08 20:00:00,Nice,Montpellier,1,2,2023,Nice,Montpellier,1,1,2,loss,20240308_Nice_Montpellier,1.51018,1.51018,65.0,84.4,1.0,0.0,18.0
2024-03-09 20:00:00,Lens,Brest,1,0,2023,Lens,Brest,1,1,0,win,20240309_Lens_Brest,0.751467,0.751467,42.0,80.2,1.0,0.0,27.0
2024-03-09 16:00:00,Lorient,Lyon,0,2,2023,Lorient,Lyon,1,0,2,loss,20240309_Lorient_Lyon,0.279234,0.279234,48.0,84.6,0.0,0.0,24.0
2024-03-10 14:00:00,Le Havre,Toulouse,1,0,2023,Le Havre,Toulouse,1,1,0,win,20240310_Le Havre_Toulouse,1.2502,1.2502,49.0,78.4,1.0,0.0,25.0
2024-03-10 16:00:00,Lille,Rennes,2,2,2023,Lille,Rennes,1,2,2,draw,20240310_Lille_Rennes,2.4764,2.4764,60.0,83.8,5.0,0.0,8.0
2024-03-10 19:45:00,Marseille,Nantes,2,0,2023,Marseille,Nantes,1,2,0,win,20240310_Marseille_Nantes,2.03657,2.03657,53.0,83.4,2.0,0.0,32.0
2024-03-10 14:00:00,Metz,Clermont Foot,1,0,2023,Metz,Clermont Foot,1,1,0,win,20240310_Metz_Clermont Foot,1.82804,1.06794,34.0,68.8,1.0,0.0,20.0
2024-03-10 12:00:00,Paris Saint Germain,Reims,2,2,2023,Paris Saint Germain,Reims,1,2,2,draw,20240310_Paris Saint Germain_Reims,1.53515,1.53515,,,,,
2024-03-10 14:00:00,Strasbourg,Monaco,0,1,2023,Strasbourg,Monaco,1,0,1,loss,20240310_Strasbourg_Monaco,0.268122,0.268122,34.0,67.1,1.0,0.0,28.0
2024-03-15 20:00:00,Toulouse,Lyon,2,3,2023,Toulouse,Lyon,1,2,3,loss,20240315_Toulouse_Lyon,2.0594,1.2993,50.0,83.5,2.0,0.0,23.0
2024-03-16 20:00:00,Lens,Nice,1,3,2023,Lens,Nice,1,1,3,loss,20240316_Lens_Nice,1.36305,1.36305,60.0,82.7,4.0,0.0,12.0
2024-03-16 16:00:00,Nantes,Strasbourg,1,3,2023,Nantes,Strasbourg,1,1,3,loss,20240316_Nantes_Strasbourg,0.709166,0.709166,63.0,82.9,2.0,0.0,14.0
2024-03-17 12:00:00,Brest,Lille,1,1,2023,Brest,Lille,1,1,1,draw,20240317_Brest_Lille,1.4278,1.4278,51.0,81.9,3.0,0.0,19.0
2024-03-17 14:00:00,Clermont Foot,Le Havre,2,1,2023,Clermont Foot,Le Havre,1,2,1,win,20240317_Clermont Foot_Le Havre,1.17889,0.418799,40.0,74.5,3.0,1.0,20.0
2024-03-17 14:00:00,Monaco,Lorient,2,2,2023,Monaco,Lorient,1,2,2,draw,20240317_Monaco_Lorient,3.43264,3.43264,51.0,83.0,3.0,1.0,23.0
2024-03-17 19:45:00,Montpellier,Paris Saint Germain,2,6,2023,Montpellier,Paris Saint Germain,1,2,6,loss,20240317_Montpellier_Paris Saint Germain,2.51778,1.75768,32.0,78.9,0.0,0.0,12.0
2024-03-17 14:00:00,Reims,Metz,2,1,2023,Reims,Metz,1,2,1,win,20240317_Reims_Metz,1.57996,1.57996,66.0,84.0,4.0,0.0,19.0
2024-03-17 16:05:00,Rennes,Marseille,2,0,2023,Rennes,Marseille,1,2,0,win,20240317_Rennes_Marseille,1.59209,0.831998,43.0,80.4,1.0,0.0,24.0
2024-03-29 20:00:00,Lille,Lens,2,1,2023,Lille,Lens,1,2,1,win,20240329_Lille_Lens,1.60249,1.60249,49.0,80.5,3.0,0.0,23.0
2024-03-30 20:00:00,Lyon,Reims,1,1,2023,Lyon,Reims,1,1,1,draw,20240330_Lyon_Reims,2.12533,2.12533,65.0,84.3,2.0,0.0,12.0
2024-03-30 16:00:00,Metz,Monaco,2,5,2023,Metz,Monaco,1,2,5,loss,20240330_Metz_Monaco,1.76276,1.76276,36.0,77.9,0.0,0.0,20.0
2024-03-31 14:00:00,Clermont Foot,Toulouse,0,3,2023,Clermont Foot,Toulouse,1,0,3,loss,20240331_Clermont Foot_Toulouse,0.897271,0.897271,55.0,80.0,3.0,0.0,20.0
2024-03-31 14:00:00,Le Havre,Montpellier,0,2,2023,Le Havre,Montpellier,1,0,2,loss,20240331_Le Havre_Montpellier,0.690722,0.690722,52.0,76.9,2.0,0.0,17.0
2024-03-31 12:00:00,Lorient,Brest,0,1,2023,Lorient,Brest,1,0,1,loss,20240331_Lorient_Brest,1.41137,1.41137,55.0,80.2,1.0,0.0,22.0
2024-03-31 19:45:00,Marseille,Paris Saint Germain,0,2,2023,Marseille,Paris Saint Germain,1,0,2,loss,20240331_Marseille_Paris Saint Germain,1.02584,1.02584,47.0,80.9,0.0,0.0,6.0
2024-03-31 14:00:00,Nice,Nantes,1,2,2023,Nice,Nantes,1,1,2,loss,20240331_Nice_Nantes,1.21101,0.450914,56.0,86.9,2.0,0.0,12.0
2024-03-31 16:05:00,Strasbourg,Rennes,2,0,2023,Strasbourg,Rennes,1,2,0,win,20240331_Strasbourg_Rennes,2.45769,2.45769,41.0,79.8,1.0,0.0,23.0
2024-04-05 19:00:00,Lille,Marseille,3,1,2023,Lille,Marseille,1,3,1,win,20240405_Lille_Marseille,1.94744,1.18735,53.0,82.9,1.0,0.0,17.0
2024-04-06 15:00:00,Lens,Le Havre,1,1,2023,Lens,Le Havre,1,1,1,draw,20240406_Lens_Le Havre,1.03136,1.03136,57.0,76.3,2.0,0.0,20.0
2024-04-06 19:00:00,Paris Saint Germain,Clermont Foot,1,1,2023,Paris Saint Germain,Clermont Foot,1,1,1,draw,20240406_Paris Saint Germain_Clermont Foot,2.57381,2.57381,,,,,
2024-04-07 11:00:00,Brest,Metz,4,3,2023,Brest,Metz,1,4,3,win,20240407_Brest_Metz,4.51637,4.51637,66.0,84.3,0.0,0.0,13.0
2024-04-07 15:05:00,Monaco,Rennes,1,0,2023,Monaco,Rennes,1,1,0,win,20240407_Monaco_Rennes,1.60487,1.60487,52.0,78.5,3.0,1.0,19.0
2024-04-07 13:00:00,Montpellier,Lorient,2,0,2023,Montpellier,Lorient,1,2,0,win,20240407_Montpellier_Lorient,2.68931,1.92921,45.0,80.0,3.0,0.0,25.0
2024-04-07 18:45:00,Nantes,Lyon,1,3,2023,Nantes,Lyon,1,1,3,loss,20240407_Nantes_Lyon,1.10318,1.10318,42.0,78.1,2.0,0.0,25.0
2024-04-07 13:00:00,Reims,Nice,0,0,2023,Reims,Nice,1,0,0,draw,20240407_Reims_Nice,0.537635,0.537635,53.0,81.8,2.0,0.0,9.0
2024-04-07 13:00:00,Toulouse,Strasbourg,0,0,2023,Toulouse,Strasbourg,1,0,0,draw,20240407_Toulouse_Strasbourg,0.825103,0.825103,48.0,83.7,2.0,0.0,15.0
2024-04-12 19:00:00,Metz,Lens,2,1,2023,Metz,Lens,1,2,1,win,20240412_Metz_Lens,0.802713,0.802713,30.0,66.6,2.0,0.0,36.0
2024-04-13 19:00:00,Rennes,Toulouse,1,2,2023,Rennes,Toulouse,1,1,2,loss,20240413_Rennes_Toulouse,0.877819,0.877819,55.0,83.3,3.0,0.0,16.0
2024-04-13 15:00:00,Strasbourg,Reims,3,1,2023,Strasbourg,Reims,1,3,1,win,20240413_Strasbourg_Reims,2.30507,1.54497,48.0,85.4,1.0,0.0,14.0
2024-04-14 13:00:00,Clermont Foot,Montpellier,1,1,2023,Clermont Foot,Montpellier,1,1,1,draw,20240414_Clermont Foot_Montpellier,1.36904,0.608946,50.0,84.1,1.0,0.0,24.0
2024-04-14 11:00:00,Le Havre,Nantes,0,1,2023,Le Havre,Nantes,1,0,1,loss,20240414_Le Havre_Nantes,1.6031,1.6031,45.0,77.5,3.0,0.0,16.0
2024-04-14 18:45:00,Lyon,Brest,4,3,2023,Lyon,Brest,1,4,3,win,20240414_Lyon_Brest,1.8478,1.0877,53.0,80.8,5.0,1.0,15.0
2024-04-19 19:00:00,Nice,Lorient,3,0,2023,Nice,Lorient,1,3,0,win,20240419_Nice_Lorient,2.51301,2.51301,51.0,85.2,0.0,0.0,13.0
2024-04-20 19:00:00,Lens,Clermont Foot,1,0,2023,Lens,Clermont Foot,1,1,0,win,20240420_Lens_Clermont Foot,2.80705,2.04695,47.0,78.8,1.0,0.0,20.0
2024-04-20 15:00:00,Nantes,Rennes,0,3,2023,Nantes,Rennes,1,0,3,loss,20240420_Nantes_Rennes,0.159376,0.159376,45.0,78.2,1.0,0.0,26.0
2024-04-21 15:05:00,Brest,Monaco,0,2,2023,Brest,Monaco,1,0,2,loss,20240421_Brest_Monaco,0.640964,0.640964,56.0,75.5,5.0,0.0,18.0
2024-04-21 13:00:00,Le Havre,Metz,0,1,2023,Le Havre,Metz,1,0,1,loss,20240421_Le Havre_Metz,0.649411,0.649411,64.0,77.0,2.0,0.0,10.0
2024-04-21 13:00:00,Lille,Strasbourg,1,0,2023,Lille,Strasbourg,1,1,0,win,20240421_Lille_Strasbourg,1.26308,1.26308,53.0,82.4,2.0,0.0,16.0
2024-04-21 19:00:00,Paris Saint Germain,Lyon,4,1,2023,Paris Saint Germain,Lyon,1,4,1,win,20240421_Paris Saint Germain_Lyon,3.09132,3.09132,,,,,
2024-04-21 13:00:00,Reims,Montpellier,1,2,2023,Reims,Montpellier,1,1,2,loss,20240421_Reims_Montpellier,1.31942,1.31942,53.0,76.4,3.0,0.0,14.0
2024-04-21 17:00:00,Toulouse,Marseille,2,2,2023,Toulouse,Marseille,1,2,2,draw,20240421_Toulouse_Marseille,0.654707,0.654707,46.0,80.3,1.0,0.0,19.0
2024-04-24 17:00:00,Lorient,Paris Saint Germain,1,4,2023,Lorient,Paris Saint Germain,1,1,4,loss,20240424_Lorient_Paris Saint Germain,1.03633,1.03633,41.0,81.0,1.0,0.0,8.0
2024-04-24 19:00:00,Marseille,Nice,2,2,2023,Marseille,Nice,1,2,2,draw,20240424_Marseille_Nice,1.77662,1.01653,48.0,77.6,2.0,1.0,16.0
2024-04-24 19:00:00,Monaco,Lille,1,0,2023,Monaco,Lille,1,1,0,win,20240424_Monaco_Lille,2.21532,2.21532,43.0,81.5,1.0,0.0,15.0
2024-04-26 19:00:00,Montpellier,Nantes,1,1,2023,Montpellier,Nantes,1,1,1,draw,20240426_Montpellier_Nantes,0.679578,0.679578,54.0,82.6,2.0,2.0,24.0
2024-04-27 19:00:00,Paris Saint Germain,Le Havre,3,3,2023,Paris Saint Germain,Le Havre,1,3,3,draw,20240427_Paris Saint Germain_Le Havre,2.25829,2.25829,,,,,
2024-04-28 13:00:00,Clermont Foot,Reims,4,1,2023,Clermont Foot,Reims,1,4,1,win,20240428_Clermont Foot_Reims,2.56811,1.04792,50.0,77.6,0.0,0.0,12.0
2024-04-28 13:00:00,Lorient,Toulouse,1,2,2023,Lorient,Toulouse,1,1,2,loss,20240428_Lorient_Toulouse,1.3574,1.3574,50.0,80.9,1.0,0.0,9.0
2024-04-28 17:00:00,Lyon,Monaco,3,2,2023,Lyon,Monaco,1,3,2,win,20240428_Lyon_Monaco,2.6414,2.6414,47.0,76.8,1.0,0.0,26.0
2024-04-28 19:00:00,Marseille,Lens,2,1,2023,Marseille,Lens,1,2,1,win,20240428_Marseille_Lens,1.77344,1.77344,44.0,77.7,2.0,0.0,19.0
2024-04-28 11:00:00,Metz,Lille,1,2,2023,Metz,Lille,1,1,2,loss,20240428_Metz_Lille,1.28183,0.521738,30.0,71.7,1.0,0.0,17.0
2024-04-28 15:05:00,Rennes,Brest,4,5,2023,Rennes,Brest,1,4,5,loss,20240428_Rennes_Brest,2.34207,2.34207,47.0,80.4,4.0,0.0,28.0
2024-04-28 13:00:00,Strasbourg,Nice,1,3,2023,Strasbourg,Nice,1,1,3,loss,20240428_Strasbourg_Nice,1.04231,1.04231,48.0,84.8,2.0,0.0,9.0
2024-05-03 19:00:00,Lens,Lorient,2,0,2023,Lens,Lorient,1,2,0,win,20240503_Lens_Lorient,2.30235,2.30235,57.0,82.0,1.0,0.0,32.0
2024-05-03 17:00:00,Toulouse,Montpellier,1,2,2023,Toulouse,Montpellier,1,1,2,loss,20240503_Toulouse_Montpellier,1.98611,1.98611,63.0,81.8,3.0,1.0,4.0
2024-05-04 19:00:00,Brest,Nantes,0,0,2023,Brest,Nantes,1,0,0,draw,20240504_Brest_Nantes,0.621067,0.621067,71.0,85.6,3.0,0.0,15.0
2024-05-04 13:00:00,Le Havre,Strasbourg,3,1,2023,Le Havre,Strasbourg,1,3,1,win,20240504_Le Havre_Strasbourg,2.56306,2.56306,39.0,70.4,3.0,0.0,12.0
2024-05-04 17:00:00,Metz,Rennes,2,3,2023,Metz,Rennes,1,2,3,loss,20240504_Metz_Rennes,0.829235,0.829235,36.0,69.2,2.0,1.0,24.0
2024-05-04 15:00:00,Monaco,Clermont Foot,4,1,2023,Monaco,Clermont Foot,1,4,1,win,20240504_Monaco_Clermont Foot,3.44513,3.44513,62.0,85.1,3.0,0.0,14.0
2024-05-06 19:00:00,Lille,Lyon,3,4,2023,Lille,Lyon,1,3,4,loss,20240506_Lille_Lyon,1.12451,1.12451,44.0,80.1,3.0,0.0,18.0
2024-05-10 19:00:00,Brest,Reims,1,1,2023,Brest,Reims,1,1,1,draw,20240510_Brest_Reims,1.34751,1.34751,60.0,79.5,2.0,0.0,15.0
2024-05-10 19:00:00,Nice,Le Havre,1,0,2023,Nice,Le Havre,1,1,0,win,20240510_Nice_Le Havre,1.93635,1.93635,58.0,86.2,2.0,0.0,15.0
2024-05-12 19:00:00,Clermont Foot,Lyon,0,1,2023,Clermont Foot,Lyon,1,0,1,loss,20240512_Clermont Foot_Lyon,1.17651,1.17651,52.0,82.1,1.0,0.0,18.0
2024-05-12 19:00:00,Marseille,Lorient,3,1,2023,Marseille,Lorient,1,3,1,win,20240512_Marseille_Lorient,3.96907,3.20898,58.0,78.1,3.0,0.0,20.0
2024-05-12 19:00:00,Montpellier,Monaco,0,2,2023,Montpellier,Monaco,1,0,2,loss,20240512_Montpellier_Monaco,1.12952,1.12952,45.0,77.7,1.0,0.0,25.0
2024-05-12 19:00:00,Nantes,Lille,1,2,2023,Nantes,Lille,1,1,2,loss,20240512_Nantes_Lille,0.810391,0.810391,30.0,69.0,4.0,0.0,11.0
2024-05-12 19:00:00,Paris Saint Germain,Toulouse,1,3,2023,Paris Saint Germain,Toulouse,1,1,3,loss,20240512_Paris Saint Germain_Toulouse,1.50414,1.50414,,,,,
2024-05-12 19:00:00,Rennes,Lens,1,1,2023,Rennes,Lens,1,1,1,draw,20240512_Rennes_Lens,2.1522,2.1522,57.0,85.2,2.0,0.0,10.0
2024-05-12 19:00:00,Strasbourg,Metz,2,1,2023,Strasbourg,Metz,1,2,1,win,20240512_Strasbourg_Metz,1.38725,1.38725,70.0,87.9,2.0,0.0,22.0
2024-05-15 19:00:00,Nice,Paris Saint Germain,1,2,2023,Nice,Paris Saint Germain,1,1,2,loss,20240515_Nice_Paris Saint Germain,1.95517,1.95517,37.0,84.3,1.0,1.0,6.0
2024-05-15 19:00:00,Reims,Marseille,1,0,2023,Reims,Marseille,1,1,0,win,20240515_Reims_Marseille,0.879349,0.879349,38.0,76.8,3.0,0.0,32.0
2024-05-19 19:00:00,Le Havre,Marseille,1,2,2023,Le Havre,Marseille,1,1,2,loss,20240519_Le Havre_Marseille,2.32336,1.56326,44.0,78.5,1.0,0.0,17.0
2024-05-19 19:00:00,Lens,Montpellier,2,2,2023,Lens,Montpellier,1,2,2,draw,20240519_Lens_Montpellier,5.38555,5.38555,55.0,84.8,0.0,0.0,20.0
2024-05-19 19:00:00,Lille,Nice,2,2,2023,Lille,Nice,1,2,2,draw,20240519_Lille_Nice,1.59935,1.59935,55.0,86.7,3.0,1.0,12.0
2024-05-19 19:00:00,Lorient,Clermont Foot,5,0,2023,Lorient,Clermont Foot,1,5,0,win,20240519_Lorient_Clermont Foot,4.92005,4.15996,46.0,73.8,3.0,0.0,15.0
2024-05-19 19:00:00,Lyon,Strasbourg,2,1,2023,Lyon,Strasbourg,1,2,1,win,20240519_Lyon_Strasbourg,3.26691,2.50682,63.0,86.5,1.0,0.0,16.0
2024-05-19 19:00:00,Metz,Paris Saint Germain,0,2,2023,Metz,Paris Saint Germain,1,0,2,loss,20240519_Metz_Paris Saint Germain,1.20722,1.20722,24.0,69.4,2.0,0.0,24.0
2024-05-19 19:00:00,Monaco,Nantes,4,0,2023,Monaco,Nantes,1,4,0,win,20240519_Monaco_Nantes,1.85296,1.09286,62.0,87.1,1.0,0.0,1.0
2024-05-19 19:00:00,Reims,Rennes,2,1,2023,Reims,Rennes,1,2,1,win,20240519_Reims_Rennes,1.39024,0.630144,35.0,74.1,1.0,0.0,25.0
2024-05-19 19:00:00,Toulouse,Brest,0,3,2023,Toulouse,Brest,1,0,3,loss,20240519_Toulouse_Brest,0.984204,0.984204,52.0,81.8,1.0,0.0,18.0
2024-08-16 18:45:00,Le Havre,Paris Saint Germain,1,4,2024,Le Havre,Paris Saint Germain,1,1,4,loss,20240816_Le Havre_Paris Saint Germain,0.197023,0.197023,24.0,74.0,3.0,0.0,14.0
2024-08-17 15:00:00,Brest,Marseille,1,5,2024,Brest,Marseille,1,1,5,loss,20240817_Brest_Marseille,1.51475,0.754656,50.0,82.8,4.0,0.0,3.0
2024-08-17 19:00:00,Monaco,Saint-Etienne,1,0,2024,Monaco,Saint-Etienne,1,1,0,win,20240817_Monaco_Saint-Etienne,2.78444,2.78444,61.0,83.7,1.0,0.0,11.0
2024-08-17 17:00:00,Reims,Lille,0,2,2024,Reims,Lille,1,0,2,loss,20240817_Reims_Lille,0.0758907,0.0758907,32.0,72.7,2.0,1.0,17.0
2024-08-18 15:00:00,Angers,Lens,0,1,2024,Angers,Lens,1,0,1,loss,20240818_Angers_Lens,0.297792,0.297792,42.0,71.3,1.0,0.0,14.0
2024-08-18 13:00:00,Auxerre,Nice,2,1,2024,Auxerre,Nice,1,2,1,win,20240818_Auxerre_Nice,3.03248,3.03248,45.0,82.5,0.0,0.0,27.0
2024-08-18 15:00:00,Montpellier,Strasbourg,1,1,2024,Montpellier,Strasbourg,1,1,1,draw,20240818_Montpellier_Strasbourg,1.44704,0.686941,42.0,75.6,4.0,0.0,12.0
2024-08-18 18:45:00,Rennes,Lyon,3,0,2024,Rennes,Lyon,1,3,0,win,20240818_Rennes_Lyon,2.57411,2.57411,47.0,82.5,2.0,0.0,26.0
2024-08-18 15:00:00,Toulouse,Nantes,0,0,2024,Toulouse,Nantes,1,0,0,draw,20240818_Toulouse_Nantes,1.50937,1.50937,54.0,80.7,1.0,0.0,20.0
2024-08-23 18:45:00,Paris Saint Germain,Montpellier,6,0,2024,Paris Saint Germain,Montpellier,1,6,0,win,20240823_Paris Saint Germain_Montpellier,4.93703,4.93703,,,,,
2024-08-24 17:00:00,Lille,Angers,2,0,2024,Lille,Angers,1,2,0,win,20240824_Lille_Angers,1.25796,1.25796,64.0,84.5,1.0,0.0,8.0
2024-08-24 15:00:00,Lyon,Monaco,0,2,2024,Lyon,Monaco,1,0,2,loss,20240824_Lyon_Monaco,0.0144803,0.0144803,40.0,77.6,2.0,0.0,25.0
2024-08-24 19:00:00,Saint-Etienne,Le Havre,0,2,2024,Saint-Etienne,Le Havre,1,0,2,loss,20240824_Saint-Etienne_Le Havre,1.48827,1.48827,,,,,
2024-08-25 13:00:00,Lens,Brest,2,0,2024,Lens,Brest,1,2,0,win,20240825_Lens_Brest,4.01926,4.01926,52.0,79.0,2.0,1.0,15.0
2024-08-25 18:45:00,Marseille,Reims,2,2,2024,Marseille,Reims,1,2,2,draw,20240825_Marseille_Reims,2.94016,2.94016,66.0,88.6,1.0,0.0,17.0
2024-08-25 15:00:00,Nantes,Auxerre,2,0,2024,Nantes,Auxerre,1,2,0,win,20240825_Nantes_Auxerre,1.52541,1.52541,36.0,69.4,2.0,0.0,41.0
2024-08-25 15:00:00,Nice,Toulouse,1,1,2024,Nice,Toulouse,1,1,1,draw,20240825_Nice_Toulouse,1.23725,1.23725,57.0,80.9,4.0,0.0,12.0
2024-08-25 15:00:00,Strasbourg,Rennes,3,1,2024,Strasbourg,Rennes,1,3,1,win,20240825_Strasbourg_Rennes,1.58875,1.58875,59.0,83.8,2.0,0.0,27.0
2024-08-30 18:45:00,Lyon,Strasbourg,4,3,2024,Lyon,Strasbourg,1,4,3,win,20240830_Lyon_Strasbourg,3.22754,3.22754,48.0,79.4,3.0,0.0,8.0
2024-08-31 15:00:00,Brest,Saint-Etienne,4,0,2024,Brest,Saint-Etienne,1,4,0,win,20240831_Brest_Saint-Etienne,3.60698,2.08679,47.0,72.3,0.0,0.0,19.0
2024-08-31 17:00:00,Montpellier,Nantes,1,3,2024,Montpellier,Nantes,1,1,3,loss,20240831_Montpellier_Nantes,0.745975,0.745975,69.0,83.6,2.0,0.0,12.0
2024-08-31 19:00:00,Toulouse,Marseille,1,3,2024,Toulouse,Marseille,1,1,3,loss,20240831_Toulouse_Marseille,0.485368,0.485368,24.0,74.7,4.0,1.0,16.0
2024-09-01 15:00:00,Angers,Nice,1,4,2024,Angers,Nice,1,1,4,loss,20240901_Angers_Nice,1.33204,0.571945,54.0,83.2,6.0,0.0,17.0
2024-09-01 15:00:00,Le Havre,Auxerre,3,1,2024,Le Havre,Auxerre,1,3,1,win,20240901_Le Havre_Auxerre,2.83661,2.07651,50.0,82.0,1.0,0.0,19.0
2024-09-01 18:45:00,Lille,Paris Saint Germain,1,3,2024,Lille,Paris Saint Germain,1,1,3,loss,20240901_Lille_Paris Saint Germain,1.57562,1.57562,42.0,82.1,3.0,0.0,5.0
2024-09-01 13:00:00,Monaco,Lens,1,1,2024,Monaco,Lens,1,1,1,draw,20240901_Monaco_Lens,0.905621,0.905621,62.0,80.6,1.0,0.0,15.0
2024-09-01 15:00:00,Reims,Rennes,2,1,2024,Reims,Rennes,1,2,1,win,20240901_Reims_Rennes,2.00948,2.00948,53.0,81.1,2.0,0.0,18.0
2024-09-13 18:30:00,Saint-Etienne,Lille,1,0,2024,Saint-Etienne,Lille,1,1,0,win,20240913_Saint-Etienne_Lille,1.1774,1.1774,,,,,
2024-09-14 17:00:00,Auxerre,Monaco,0,3,2024,Auxerre,Monaco,1,0,3,loss,20240914_Auxerre_Monaco,0.419427,0.419427,41.0,77.0,3.0,0.0,23.0
2024-09-14 15:00:00,Marseille,Nice,2,0,2024,Marseille,Nice,1,2,0,win,20240914_Marseille_Nice,1.02694,1.02694,56.0,84.2,5.0,1.0,21.0
2024-09-14 19:00:00,Paris Saint Germain,Brest,3,1,2024,Paris Saint Germain,Brest,1,3,1,win,20240914_Paris Saint Germain_Brest,2.91245,2.91245,,,,,
2024-09-15 18:45:00,Lens,Lyon,0,0,2024,Lens,Lyon,1,0,0,draw,20240915_Lens_Lyon,0.623644,0.623644,54.0,79.4,0.0,0.0,29.0
2024-09-15 15:00:00,Nantes,Reims,1,2,2024,Nantes,Reims,1,1,2,loss,20240915_Nantes_Reims,1.43325,1.43325,45.0,85.4,3.0,0.0,30.0
2024-09-15 13:00:00,Rennes,Montpellier,3,0,2024,Rennes,Montpellier,1,3,0,win,20240915_Rennes_Montpellier,1.26867,1.26867,51.0,85.3,1.0,0.0,20.0
2024-09-15 15:00:00,Strasbourg,Angers,1,1,2024,Strasbourg,Angers,1,1,1,draw,20240915_Strasbourg_Angers,2.47918,2.47918,52.0,83.4,4.0,0.0,29.0
2024-09-15 15:00:00,Toulouse,Le Havre,2,0,2024,Toulouse,Le Havre,1,2,0,win,20240915_Toulouse_Le Havre,1.8674,1.8674,54.0,80.2,1.0,0.0,17.0
2024-09-20 18:45:00,Nice,Saint-Etienne,8,0,2024,Nice,Saint-Etienne,1,8,0,win,20240920_Nice_Saint-Etienne,4.50007,3.73998,59.0,90.6,0.0,0.0,12.0
2024-09-21 15:00:00,Lille,Strasbourg,3,3,2024,Lille,Strasbourg,1,3,3,draw,20240921_Lille_Strasbourg,2.30213,1.54204,63.0,85.0,2.0,0.0,10.0
2024-09-21 19:00:00,Reims,Paris Saint Germain,1,1,2024,Reims,Paris Saint Germain,1,1,1,draw,20240921_Reims_Paris Saint Germain,0.760314,0.760314,22.0,68.7,2.0,0.0,21.0
2024-09-21 17:00:00,Rennes,Lens,1,1,2024,Rennes,Lens,1,1,1,draw,20240921_Rennes_Lens,1.34636,0.586263,40.0,66.6,2.0,0.0,29.0
2024-09-22 15:00:00,Angers,Nantes,1,1,2024,Angers,Nantes,1,1,1,draw,20240922_Angers_Nantes,0.82486,0.0647651,50.0,82.5,1.0,0.0,21.0
2024-09-22 15:00:00,Brest,Toulouse,2,0,2024,Brest,Toulouse,1,2,0,win,20240922_Brest_Toulouse,0.709045,0.709045,43.0,72.2,1.0,0.0,35.0
2024-09-22 18:45:00,Lyon,Marseille,2,3,2024,Lyon,Marseille,1,2,3,loss,20240922_Lyon_Marseille,3.89273,3.10472,63.0,83.4,4.0,0.0,4.0
2024-09-22 13:00:00,Monaco,Le Havre,3,1,2024,Monaco,Le Havre,1,3,1,win,20240922_Monaco_Le Havre,1.84023,1.84023,61.0,82.5,1.0,0.0,16.0
2024-09-22 15:00:00,Montpellier,Auxerre,3,2,2024,Montpellier,Auxerre,1,3,2,win,20240922_Montpellier_Auxerre,1.78396,1.78396,54.0,74.5,3.0,0.0,13.0
2024-09-27 17:00:00,Auxerre,Brest,3,0,2024,Auxerre,Brest,1,3,0,win,20240927_Auxerre_Brest,2.9504,2.1903,39.0,67.1,2.0,0.0,23.0
2024-09-27 19:00:00,Paris Saint Germain,Rennes,3,1,2024,Paris Saint Germain,Rennes,1,3,1,win,20240927_Paris Saint Germain_Rennes,3.22405,3.22405,,,,,
2024-09-28 17:00:00,Le Havre,Lille,0,3,2024,Le Havre,Lille,1,0,3,loss,20240928_Le Havre_Lille,0.488988,0.488988,38.0,80.2,2.0,0.0,20.0
2024-09-28 15:00:00,Lens,Nice,0,0,2024,Lens,Nice,1,0,0,draw,20240928_Lens_Nice,2.06424,2.06424,56.0,81.3,3.0,1.0,18.0
2024-09-28 19:00:00,Monaco,Montpellier,2,1,2024,Monaco,Montpellier,1,2,1,win,20240928_Monaco_Montpellier,3.45707,3.45707,65.0,83.7,4.0,0.0,14.0
2024-09-29 15:00:00,Angers,Reims,1,3,2024,Angers,Reims,1,1,3,loss,20240929_Angers_Reims,1.08284,1.08284,53.0,81.8,0.0,0.0,18.0
2024-09-29 15:00:00,Nantes,Saint-Etienne,2,2,2024,Nantes,Saint-Etienne,1,2,2,draw,20240929_Nantes_Saint-Etienne,2.61562,2.61562,61.0,84.0,2.0,1.0,10.0
2024-09-29 18:45:00,Strasbourg,Marseille,1,0,2024,Strasbourg,Marseille,1,1,0,win,20240929_Strasbourg_Marseille,1.67455,1.67455,41.0,79.4,2.0,0.0,22.0
2024-09-29 13:00:00,Toulouse,Lyon,1,2,2024,Toulouse,Lyon,1,1,2,loss,20240929_Toulouse_Lyon,0.716626,0.716626,46.0,76.9,2.0,0.0,17.0
2024-10-04 18:45:00,Marseille,Angers,1,1,2024,Marseille,Angers,1,1,1,draw,20241004_Marseille_Angers,0.896807,0.896807,76.0,90.6,4.0,1.0,6.0
2024-10-05 17:00:00,Lille,Toulouse,2,1,2024,Lille,Toulouse,1,2,1,win,20241005_Lille_Toulouse,1.37754,1.37754,57.0,84.7,3.0,0.0,23.0
2024-10-05 19:00:00,Rennes,Monaco,1,2,2024,Rennes,Monaco,1,1,2,loss,20241005_Rennes_Monaco,0.640297,0.640297,58.0,78.3,2.0,0.0,15.0
2024-10-05 15:00:00,Saint-Etienne,Auxerre,3,1,2024,Saint-Etienne,Auxerre,1,3,1,win,20241005_Saint-Etienne_Auxerre,2.45106,2.45106,,,,,
2024-10-06 15:00:00,Brest,Le Havre,2,0,2024,Brest,Le Havre,1,2,0,win,20241006_Brest_Le Havre,0.890433,0.890433,53.0,77.1,4.0,1.0,40.0
2024-10-06 13:00:00,Lyon,Nantes,2,0,2024,Lyon,Nantes,1,2,0,win,20241006_Lyon_Nantes,2.43324,2.43324,61.0,86.2,1.0,0.0,27.0
2024-10-06 18:45:00,Nice,Paris Saint Germain,1,1,2024,Nice,Paris Saint Germain,1,1,1,draw,20241006_Nice_Paris Saint Germain,0.326466,0.326466,29.0,79.2,1.0,0.0,36.0
2024-10-06 15:00:00,Reims,Montpellier,4,2,2024,Reims,Montpellier,1,4,2,win,20241006_Reims_Montpellier,3.71514,2.95504,48.0,83.7,3.0,0.0,20.0
2024-10-06 15:00:00,Strasbourg,Lens,2,2,2024,Strasbourg,Lens,1,2,2,draw,20241006_Strasbourg_Lens,1.31135,0.551251,37.0,75.8,2.0,0.0,28.0
2024-10-18 18:45:00,Monaco,Lille,0,0,2024,Monaco,Lille,1,0,0,draw,20241018_Monaco_Lille,1.1914,1.1914,52.0,81.3,1.0,1.0,3.0
2024-10-19 15:00:00,Brest,Rennes,1,1,2024,Brest,Rennes,1,1,1,draw,20241019_Brest_Rennes,1.42573,0.665637,56.0,76.4,2.0,0.0,11.0
2024-10-19 19:00:00,Paris Saint Germain,Strasbourg,4,2,2024,Paris Saint Germain,Strasbourg,1,4,2,win,20241019_Paris Saint Germain_Strasbourg,4.66981,4.66981,,,,,
2024-10-19 17:00:00,Saint-Etienne,Lens,0,2,2024,Saint-Etienne,Lens,1,0,2,loss,20241019_Saint-Etienne_Lens,0.782727,0.782727,,,,,
2024-10-20 15:00:00,Auxerre,Reims,2,1,2024,Auxerre,Reims,1,2,1,win,20241020_Auxerre_Reims,2.86385,2.10375,35.0,71.9,2.0,0.0,37.0
2024-10-20 13:00:00,Le Havre,Lyon,0,4,2024,Le Havre,Lyon,1,0,4,loss,20241020_Le Havre_Lyon,0.360268,0.360268,39.0,75.6,3.0,0.0,28.0
2024-10-20 18:45:00,Montpellier,Marseille,0,5,2024,Montpellier,Marseille,1,0,5,loss,20241020_Montpellier_Marseille,1.75684,1.75684,35.0,79.4,1.0,1.0,16.0
2024-10-20 15:00:00,Nantes,Nice,1,1,2024,Nantes,Nice,1,1,1,draw,20241020_Nantes_Nice,0.832336,0.832336,43.0,80.7,2.0,0.0,27.0
2024-10-20 15:00:00,Toulouse,Angers,1,1,2024,Toulouse,Angers,1,1,1,draw,20241020_Toulouse_Angers,2.43778,2.43778,65.0,80.1,2.0,0.0,21.0
2024-10-25 18:45:00,Rennes,Le Havre,1,0,2024,Rennes,Le Havre,1,1,0,win,20241025_Rennes_Le Havre,1.84154,1.84154,60.0,82.9,2.0,0.0,13.0
2024-10-26 15:00:00,Angers,Saint-Etienne,4,2,2024,Angers,Saint-Etienne,1,4,2,win,20241026_Angers_Saint-Etienne,3.26778,2.50768,42.0,78.4,1.0,0.0,26.0
2024-10-26 19:00:00,Lens,Lille,0,2,2024,Lens,Lille,1,0,2,loss,20241026_Lens_Lille,0.865293,0.865293,58.0,72.2,4.0,0.0,8.0
2024-10-26 17:00:00,Reims,Brest,1,2,2024,Reims,Brest,1,1,2,loss,20241026_Reims_Brest,1.44911,1.44911,53.0,81.2,3.0,0.0,9.0
2024-10-27 14:00:00,Lyon,Auxerre,2,2,2024,Lyon,Auxerre,1,2,2,draw,20241027_Lyon_Auxerre,2.21183,1.45173,62.0,82.7,0.0,0.0,23.0
2024-10-27 19:45:00,Marseille,Paris Saint Germain,0,3,2024,Marseille,Paris Saint Germain,1,0,3,loss,20241027_Marseille_Paris Saint Germain,0.277951,0.277951,26.0,78.1,1.0,1.0,10.0
2024-10-27 16:00:00,Montpellier,Toulouse,0,3,2024,Montpellier,Toulouse,1,0,3,loss,20241027_Montpellier_Toulouse,0.241419,0.241419,51.0,82.8,1.0,1.0,21.0
2024-10-27 16:00:00,Nice,Monaco,2,1,2024,Nice,Monaco,1,2,1,win,20241027_Nice_Monaco,1.79435,1.79435,41.0,75.2,2.0,0.0,30.0
2024-10-27 16:00:00,Strasbourg,Nantes,3,1,2024,Strasbourg,Nantes,1,3,1,win,20241027_Strasbourg_Nantes,1.99679,1.99679,50.0,82.5,2.0,0.0,19.0
2024-11-01 20:00:00,Lille,Lyon,1,1,2024,Lille,Lyon,1,1,1,draw,20241101_Lille_Lyon,1.67241,1.67241,47.0,80.9,3.0,0.0,29.0
2024-11-01 18:00:00,Monaco,Angers,0,1,2024,Monaco,Angers,1,0,1,loss,20241101_Monaco_Angers,1.47525,1.47525,63.0,82.5,1.0,0.0,12.0
2024-11-02 18:00:00,Brest,Nice,0,1,2024,Brest,Nice,1,0,1,loss,20241102_Brest_Nice,1.02021,1.02021,63.0,83.1,0.0,0.0,6.0
2024-11-02 16:00:00,Paris Saint Germain,Lens,1,0,2024,Paris Saint Germain,Lens,1,1,0,win,20241102_Paris Saint Germain_Lens,2.76932,2.76932,,,,,
2024-11-02 20:00:00,Saint-Etienne,Strasbourg,2,0,2024,Saint-Etienne,Strasbourg,1,2,0,win,20241102_Saint-Etienne_Strasbourg,2.82745,2.82745,,,,,
2024-11-03 16:00:00,Auxerre,Rennes,4,0,2024,Auxerre,Rennes,1,4,0,win,20241103_Auxerre_Rennes,2.39897,1.63888,39.0,77.5,0.0,0.0,21.0
2024-11-03 16:00:00,Le Havre,Montpellier,1,0,2024,Le Havre,Montpellier,1,1,0,win,20241103_Le Havre_Montpellier,1.7998,1.03971,48.0,80.7,2.0,0.0,30.0
2024-11-03 19:45:00,Nantes,Marseille,1,2,2024,Nantes,Marseille,1,1,2,loss,20241103_Nantes_Marseille,1.25901,1.25901,27.0,73.6,1.0,0.0,19.0
2024-11-03 14:00:00,Toulouse,Reims,1,0,2024,Toulouse,Reims,1,1,0,win,20241103_Toulouse_Reims,0.910081,0.910081,51.0,75.0,0.0,0.0,23.0
2024-11-08 19:45:00,Marseille,Auxerre,1,3,2024,Marseille,Auxerre,1,1,3,loss,20241108_Marseille_Auxerre,2.02831,1.26821,74.0,86.3,3.0,0.0,10.0
2024-11-09 20:00:00,Angers,Paris Saint Germain,2,4,2024,Angers,Paris Saint Germain,1,2,4,loss,20241109_Angers_Paris Saint Germain,1.21483,1.21483,30.0,79.8,0.0,0.0,19.0
2024-11-09 18:00:00,Lens,Nantes,3,2,2024,Lens,Nantes,1,3,2,win,20241109_Lens_Nantes,3.74705,2.98696,67.0,84.5,2.0,0.0,5.0
2024-11-09 16:00:00,Strasbourg,Monaco,1,3,2024,Strasbourg,Monaco,1,1,3,loss,20241109_Strasbourg_Monaco,0.771173,0.771173,43.0,75.8,5.0,0.0,20.0
2024-11-10 16:00:00,Le Havre,Reims,0,3,2024,Le Havre,Reims,1,0,3,loss,20241110_Le Havre_Reims,1.51035,1.51035,55.0,79.4,1.0,0.0,22.0
2024-11-10 19:45:00,Lyon,Saint-Etienne,1,0,2024,Lyon,Saint-Etienne,1,1,0,win,20241110_Lyon_Saint-Etienne,2.28647,2.28647,62.0,83.7,3.0,0.0,23.0
2024-11-10 16:00:00,Montpellier,Brest,3,1,2024,Montpellier,Brest,1,3,1,win,20241110_Montpellier_Brest,3.03758,1.51739,33.0,69.1,5.0,0.0,34.0
2024-11-10 14:00:00,Nice,Lille,2,2,2024,Nice,Lille,1,2,2,draw,20241110_Nice_Lille,1.92983,1.92983,43.0,78.7,2.0,0.0,15.0
2024-11-10 16:00:00,Rennes,Toulouse,0,2,2024,Rennes,Toulouse,1,0,2,loss,20241110_Rennes_Toulouse,0.31279,0.31279,67.0,83.3,3.0,0.0,8.0
2024-11-22 18:00:00,Monaco,Brest,3,2,2024,Monaco,Brest,1,3,2,win,20241122_Monaco_Brest,2.55781,2.55781,51.0,79.0,2.0,0.0,32.0
2024-11-22 20:00:00,Paris Saint Germain,Toulouse,3,0,2024,Paris Saint Germain,Toulouse,1,3,0,win,20241122_Paris Saint Germain_Toulouse,1.63216,1.63216,,,,,
2024-11-23 16:00:00,Lens,Marseille,1,3,2024,Lens,Marseille,1,1,3,loss,20241123_Lens_Marseille,2.1723,2.1723,45.0,77.9,3.0,0.0,14.0
2024-11-23 20:00:00,Reims,Lyon,1,1,2024,Reims,Lyon,1,1,1,draw,20241123_Reims_Lyon,1.17295,1.17295,41.0,77.6,2.0,0.0,13.0
2024-11-23 18:00:00,Saint-Etienne,Montpellier,1,0,2024,Saint-Etienne,Montpellier,1,1,0,win,20241123_Saint-Etienne_Montpellier,1.27297,1.27297,,,,,
2024-11-24 16:00:00,Auxerre,Angers,1,0,2024,Auxerre,Angers,1,1,0,win,20241124_Auxerre_Angers,0.683126,0.683126,48.0,80.5,4.0,0.0,11.0
2024-11-24 14:00:00,Lille,Rennes,1,0,2024,Lille,Rennes,1,1,0,win,20241124_Lille_Rennes,0.641516,0.641516,52.0,83.1,3.0,0.0,17.0
2024-11-24 16:00:00,Nantes,Le Havre,0,2,2024,Nantes,Le Havre,1,0,2,loss,20241124_Nantes_Le Havre,0.846924,0.846924,70.0,83.1,2.0,0.0,21.0
2024-11-24 19:45:00,Nice,Strasbourg,2,1,2024,Nice,Strasbourg,1,2,1,win,20241124_Nice_Strasbourg,2.03827,2.03827,54.0,82.5,2.0,0.0,13.0
2024-11-29 19:45:00,Reims,Lens,0,2,2024,Reims,Lens,1,0,2,loss,20241129_Reims_Lens,0.589301,0.589301,52.0,80.3,1.0,0.0,14.0
2024-11-30 18:00:00,Brest,Strasbourg,3,1,2024,Brest,Strasbourg,1,3,1,win,20241130_Brest_Strasbourg,2.90417,1.38398,38.0,80.6,3.0,0.0,26.0
2024-11-30 20:00:00,Paris Saint Germain,Nantes,1,1,2024,Paris Saint Germain,Nantes,1,1,1,draw,20241130_Paris Saint Germain_Nantes,3.85838,3.85838,,,,,
2024-11-30 16:00:00,Rennes,Saint-Etienne,5,0,2024,Rennes,Saint-Etienne,1,5,0,win,20241130_Rennes_Saint-Etienne,3.01812,1.49793,71.0,88.4,0.0,0.0,8.0
2024-12-01 16:00:00,Le Havre,Angers,0,1,2024,Le Havre,Angers,1,0,1,loss,20241201_Le Havre_Angers,0.322626,0.322626,55.0,84.5,2.0,0.0,7.0
2024-12-01 16:00:00,Lyon,Nice,4,1,2024,Lyon,Nice,1,4,1,win,20241201_Lyon_Nice,2.88467,2.12457,53.0,78.5,1.0,0.0,16.0
2024-12-01 19:45:00,Marseille,Monaco,2,1,2024,Marseille,Monaco,1,2,1,win,20241201_Marseille_Monaco,1.65632,0.896228,63.0,84.4,0.0,0.0,22.0
2024-12-01 14:00:00,Montpellier,Lille,2,2,2024,Montpellier,Lille,1,2,2,draw,20241201_Montpellier_Lille,1.28241,1.28241,42.0,73.3,4.0,1.0,14.0
2024-12-01 16:00:00,Toulouse,Auxerre,2,0,2024,Toulouse,Auxerre,1,2,0,win,20241201_Toulouse_Auxerre,2.78623,2.02614,52.0,78.2,0.0,0.0,20.0
2024-12-06 20:00:00,Auxerre,Paris Saint Germain,0,0,2024,Auxerre,Paris Saint Germain,1,0,0,draw,20241206_Auxerre_Paris Saint Germain,0.34154,0.34154,27.0,65.1,2.0,0.0,37.0
2024-12-06 18:00:00,Lille,Brest,3,1,2024,Lille,Brest,1,3,1,win,20241206_Lille_Brest,3.01042,2.25032,61.0,87.0,1.0,0.0,15.0
2024-12-07 20:00:00,Angers,Lyon,0,3,2024,Angers,Lyon,1,0,3,loss,20241207_Angers_Lyon,0.505438,0.505438,37.0,79.4,0.0,0.0,35.0
2024-12-07 16:00:00,Monaco,Toulouse,2,0,2024,Monaco,Toulouse,1,2,0,win,20241207_Monaco_Toulouse,2.8043,2.8043,58.0,78.2,2.0,0.0,22.0
2024-12-07 18:00:00,Nice,Le Havre,2,1,2024,Nice,Le Havre,1,2,1,win,20241207_Nice_Le Havre,2.27599,1.51589,51.0,80.3,3.0,0.0,28.0
2024-12-08 14:00:00,Lens,Montpellier,2,0,2024,Lens,Montpellier,1,2,0,win,20241208_Lens_Montpellier,1.10272,1.10272,55.0,85.4,2.0,0.0,22.0
2024-12-08 16:00:00,Nantes,Rennes,1,0,2024,Nantes,Rennes,1,1,0,win,20241208_Nantes_Rennes,1.70972,1.70972,47.0,76.9,1.0,0.0,23.0
2024-12-08 19:45:00,Saint-Etienne,Marseille,0,2,2024,Saint-Etienne,Marseille,1,0,2,loss,20241208_Saint-Etienne_Marseille,0.166752,0.166752,,,,,
2024-12-08 16:00:00,Strasbourg,Reims,0,0,2024,Strasbourg,Reims,1,0,0,draw,20241208_Strasbourg_Reims,1.0949,1.0949,48.0,82.5,1.0,0.0,25.0
2024-12-13 19:45:00,Toulouse,Saint-Etienne,2,1,2024,Toulouse,Saint-Etienne,1,2,1,win,20241213_Toulouse_Saint-Etienne,1.73249,1.73249,39.0,80.9,3.0,0.0,13.0
2024-12-14 18:00:00,Auxerre,Lens,2,2,2024,Auxerre,Lens,1,2,2,draw,20241214_Auxerre_Lens,0.51026,0.51026,40.0,74.9,3.0,0.0,27.0
2024-12-14 16:00:00,Marseille,Lille,1,1,2024,Marseille,Lille,1,1,1,draw,20241214_Marseille_Lille,1.21515,1.21515,56.0,88.5,1.0,1.0,31.0
2024-12-14 20:00:00,Reims,Monaco,0,0,2024,Reims,Monaco,1,0,0,draw,20241214_Reims_Monaco,1.52074,1.52074,36.0,69.2,1.0,0.0,24.0
2024-12-15 16:00:00,Brest,Nantes,4,1,2024,Brest,Nantes,1,4,1,win,20241215_Brest_Nantes,2.20104,2.20104,51.0,85.3,3.0,0.0,37.0
2024-12-15 16:00:00,Le Havre,Strasbourg,0,3,2024,Le Havre,Strasbourg,1,0,3,loss,20241215_Le Havre_Strasbourg,1.58328,1.58328,56.0,85.3,0.0,0.0,10.0
2024-12-15 14:00:00,Montpellier,Nice,2,2,2024,Montpellier,Nice,1,2,2,draw,20241215_Montpellier_Nice,2.45121,2.45121,52.0,78.6,1.0,0.0,22.0
2024-12-15 19:45:00,Paris Saint Germain,Lyon,3,1,2024,Paris Saint Germain,Lyon,1,3,1,win,20241215_Paris Saint Germain_Lyon,2.59615,1.83605,,,,,
2024-12-15 16:00:00,Rennes,Angers,2,0,2024,Rennes,Angers,1,2,0,win,20241215_Rennes_Angers,0.62717,0.62717,44.0,82.2,3.0,0.0,26.0
2024-12-18 20:00:00,Monaco,Paris Saint Germain,2,4,2024,Monaco,Paris Saint Germain,1,2,4,loss,20241218_Monaco_Paris Saint Germain,3.10193,2.34183,40.0,79.9,2.0,0.0,29.0
2025-01-03 20:00:00,Nice,Rennes,3,2,2024,Nice,Rennes,1,3,2,win,20250103_Nice_Rennes,1.51944,1.51944,47.0,76.6,3.0,1.0,21.0
2025-01-04 18:00:00,Lille,Nantes,1,1,2024,Lille,Nantes,1,1,1,draw,20250104_Lille_Nantes,1.13415,1.13415,71.0,87.8,1.0,0.0,14.0
2025-01-04 20:00:00,Lyon,Montpellier,1,0,2024,Lyon,Montpellier,1,1,0,win,20250104_Lyon_Montpellier,1.07725,1.07725,57.0,84.0,1.0,0.0,38.0
2025-01-04 16:00:00,Saint-Etienne,Reims,3,1,2024,Saint-Etienne,Reims,1,3,1,win,20250104_Saint-Etienne_Reims,3.18639,3.18639,,,,,
2025-01-05 14:00:00,Angers,Brest,2,0,2024,Angers,Brest,1,2,0,win,20250105_Angers_Brest,1.90119,1.90119,39.0,74.9,2.0,0.0,29.0
2025-01-05 14:00:00,Lens,Toulouse,0,1,2024,Lens,Toulouse,1,0,1,loss,20250105_Lens_Toulouse,1.32887,1.32887,66.0,81.0,5.0,1.0,11.0
2025-01-05 19:45:00,Marseille,Le Havre,5,1,2024,Marseille,Le Havre,1,5,1,win,20250105_Marseille_Le Havre,3.17491,3.17491,70.0,92.5,1.0,0.0,7.0
2025-01-05 14:00:00,Strasbourg,Auxerre,3,1,2024,Strasbourg,Auxerre,1,3,1,win,20250105_Strasbourg_Auxerre,2.89722,2.13712,60.0,86.0,1.0,0.0,21.0
2025-01-10 20:00:00,Auxerre,Lille,0,0,2024,Auxerre,Lille,1,0,0,draw,20250110_Auxerre_Lille,0.601359,0.601359,30.0,64.9,0.0,1.0,37.0
2025-01-10 18:00:00,Nantes,Monaco,2,2,2024,Nantes,Monaco,1,2,2,draw,20250110_Nantes_Monaco,1.41184,1.41184,32.0,72.5,3.0,0.0,29.0
2025-01-11 16:00:00,Brest,Lyon,2,1,2024,Brest,Lyon,1,2,1,win,20250111_Brest_Lyon,1.28964,1.28964,33.0,72.6,1.0,0.0,32.0
2025-01-11 18:00:00,Reims,Nice,2,4,2024,Reims,Nice,1,2,4,loss,20250111_Reims_Nice,0.950928,0.950928,54.0,84.9,4.0,0.0,23.0
2025-01-11 20:00:00,Rennes,Marseille,1,2,2024,Rennes,Marseille,1,1,2,loss,20250111_Rennes_Marseille,1.76569,1.0056,36.0,80.6,2.0,0.0,23.0
2025-01-12 14:00:00,Le Havre,Lens,1,2,2024,Le Havre,Lens,1,1,2,loss,20250112_Le Havre_Lens,1.84216,1.84216,31.0,65.4,2.0,0.0,59.0
2025-01-12 16:15:00,Montpellier,Angers,1,3,2024,Montpellier,Angers,1,1,3,loss,20250112_Montpellier_Angers,1.44663,0.686539,58.0,78.2,6.0,2.0,23.0
2025-01-12 19:45:00,Paris Saint Germain,Saint-Etienne,2,1,2024,Paris Saint Germain,Saint-Etienne,1,2,1,win,20250112_Paris Saint Germain_Saint-Etienne,5.07062,4.31052,,,,,
2025-01-12 16:15:00,Toulouse,Strasbourg,1,2,2024,Toulouse,Strasbourg,1,1,2,loss,20250112_Toulouse_Strasbourg,1.19281,1.19281,53.0,79.2,1.0,0.0,10.0
2025-01-17 20:05:00,Lille,Nice,2,1,2024,Lille,Nice,1,2,1,win,20250117_Lille_Nice,1.29219,1.29219,55.0,84.6,1.0,0.0,34.0
2025-01-17 18:00:00,Montpellier,Monaco,2,1,2024,Montpellier,Monaco,1,2,1,win,20250117_Montpellier_Monaco,2.60645,2.60645,33.0,59.5,1.0,0.0,42.0
2025-01-18 16:00:00,Lens,Paris Saint Germain,1,2,2024,Lens,Paris Saint Germain,1,1,2,loss,20250118_Lens_Paris Saint Germain,1.34901,1.34901,34.0,74.3,2.0,0.0,20.0
2025-01-18 20:05:00,Lyon,Toulouse,0,0,2024,Lyon,Toulouse,1,0,0,draw,20250118_Lyon_Toulouse,0.619056,0.619056,62.0,84.1,1.0,0.0,21.0
2025-01-18 18:00:00,Rennes,Brest,1,2,2024,Rennes,Brest,1,1,2,loss,20250118_Rennes_Brest,1.92675,1.92675,68.0,83.7,2.0,0.0,27.0
2025-01-19 16:15:00,Angers,Auxerre,2,0,2024,Angers,Auxerre,1,2,0,win,20250119_Angers_Auxerre,1.21759,1.21759,48.0,83.7,2.0,0.0,18.0
2025-01-19 19:45:00,Marseille,Strasbourg,1,1,2024,Marseille,Strasbourg,1,1,1,draw,20250119_Marseille_Strasbourg,3.29082,2.53072,69.0,84.6,3.0,0.0,20.0
2025-01-19 16:15:00,Reims,Le Havre,1,1,2024,Reims,Le Havre,1,1,1,draw,20250119_Reims_Le Havre,1.49091,1.49091,55.0,83.2,2.0,0.0,26.0
2025-01-19 14:00:00,Saint-Etienne,Nantes,1,1,2024,Saint-Etienne,Nantes,1,1,1,draw,20250119_Saint-Etienne_Nantes,0.836137,0.836137,,,,,
2025-01-24 19:45:00,Auxerre,Saint-Etienne,1,1,2024,Auxerre,Saint-Etienne,1,1,1,draw,20250124_Auxerre_Saint-Etienne,0.582829,0.582829,37.0,74.3,2.0,0.0,32.0
2025-01-25 16:00:00,Monaco,Rennes,3,2,2024,Monaco,Rennes,1,3,2,win,20250125_Monaco_Rennes,3.47384,3.47384,52.0,77.2,3.0,0.0,24.0
2025-01-25 20:05:00,Paris Saint Germain,Reims,1,1,2024,Paris Saint Germain,Reims,1,1,1,draw,20250125_Paris Saint Germain_Reims,1.79628,1.79628,,,,,
2025-01-25 18:00:00,Strasbourg,Lille,2,1,2024,Strasbourg,Lille,1,2,1,win,20250125_Strasbourg_Lille,1.19703,1.19703,42.0,84.1,4.0,0.0,39.0
2025-01-26 14:00:00,Le Havre,Brest,0,1,2024,Le Havre,Brest,1,0,1,loss,20250126_Le Havre_Brest,0.696232,0.696232,45.0,76.2,2.0,0.0,34.0
2025-01-26 16:15:00,Lens,Angers,1,0,2024,Lens,Angers,1,1,0,win,20250126_Lens_Angers,2.01118,2.01118,64.0,83.2,1.0,0.0,13.0
2025-01-26 16:15:00,Nantes,Lyon,1,1,2024,Nantes,Lyon,1,1,1,draw,20250126_Nantes_Lyon,1.62983,1.62983,38.0,80.6,3.0,0.0,26.0
2025-01-26 19:45:00,Nice,Marseille,2,0,2024,Nice,Marseille,1,2,0,win,20250126_Nice_Marseille,2.10992,2.10992,29.0,75.2,1.0,0.0,36.0
2025-01-26 16:15:00,Toulouse,Montpellier,1,2,2024,Toulouse,Montpellier,1,1,2,loss,20250126_Toulouse_Montpellier,1.34257,1.34257,66.0,79.2,1.0,0.0,26.0
2025-01-31 19:45:00,Montpellier,Lens,0,2,2024,Montpellier,Lens,1,0,2,loss,20250131_Montpellier_Lens,1.11121,1.11121,49.0,78.8,4.0,0.0,39.0
2025-02-01 16:00:00,Brest,Paris Saint Germain,2,5,2024,Brest,Paris Saint Germain,1,2,5,loss,20250201_Brest_Paris Saint Germain,0.63646,0.63646,35.0,76.2,1.0,0.0,20.0
2025-02-01 20:05:00,Lille,Saint-Etienne,4,1,2024,Lille,Saint-Etienne,1,4,1,win,20250201_Lille_Saint-Etienne,2.74822,1.98812,67.0,87.1,1.0,0.0,7.0
2025-02-01 18:00:00,Monaco,Auxerre,4,2,2024,Monaco,Auxerre,1,4,2,win,20250201_Monaco_Auxerre,2.07751,2.07751,57.0,80.9,2.0,0.0,15.0
2025-02-02 16:15:00,Angers,Le Havre,1,1,2024,Angers,Le Havre,1,1,1,draw,20250202_Angers_Le Havre,1.77333,1.77333,59.0,87.3,2.0,1.0,27.0
2025-02-02 19:45:00,Marseille,Lyon,3,2,2024,Marseille,Lyon,1,3,2,win,20250202_Marseille_Lyon,3.61972,3.61972,63.0,87.3,4.0,0.0,16.0
2025-02-02 16:15:00,Reims,Nantes,1,2,2024,Reims,Nantes,1,1,2,loss,20250202_Reims_Nantes,0.960868,0.960868,55.0,78.6,4.0,1.0,14.0
2025-02-02 16:15:00,Rennes,Strasbourg,1,0,2024,Rennes,Strasbourg,1,1,0,win,20250202_Rennes_Strasbourg,0.763344,0.763344,46.0,77.0,3.0,0.0,20.0
2025-02-02 14:00:00,Toulouse,Nice,1,1,2024,Toulouse,Nice,1,1,1,draw,20250202_Toulouse_Nice,0.854551,0.854551,54.0,81.8,2.0,0.0,19.0
2025-02-07 16:00:00,Nantes,Brest,0,2,2024,Nantes,Brest,1,0,2,loss,20250207_Nantes_Brest,1.45114,1.45114,58.0,80.1,3.0,0.0,24.0
2025-02-07 20:05:00,Paris Saint Germain,Monaco,4,1,2024,Paris Saint Germain,Monaco,1,4,1,win,20250207_Paris Saint Germain_Monaco,3.13964,3.13964,,,,,
2025-02-08 16:00:00,Lille,Le Havre,1,2,2024,Lille,Le Havre,1,1,2,loss,20250208_Lille_Le Havre,1.76979,1.76979,66.0,85.1,2.0,0.0,15.0
2025-02-08 16:00:00,Nice,Lens,2,0,2024,Nice,Lens,1,2,0,win,20250208_Nice_Lens,3.37347,2.61337,60.0,86.3,1.0,0.0,15.0
2025-02-08 20:05:00,Saint-Etienne,Rennes,0,2,2024,Saint-Etienne,Rennes,1,0,2,loss,20250208_Saint-Etienne_Rennes,0.462142,0.462142,,,,,
2025-02-09 19:45:00,Angers,Marseille,0,2,2024,Angers,Marseille,1,0,2,loss,20250209_Angers_Marseille,0.367397,0.367397,22.0,71.6,1.0,0.0,26.0
2025-02-09 16:15:00,Auxerre,Toulouse,2,2,2024,Auxerre,Toulouse,1,2,2,draw,20250209_Auxerre_Toulouse,0.716768,0.716768,53.0,78.9,1.0,0.0,25.0
2025-02-09 14:00:00,Lyon,Reims,4,0,2024,Lyon,Reims,1,4,0,win,20250209_Lyon_Reims,3.24979,3.24979,67.0,86.8,2.0,0.0,23.0
2025-02-09 16:15:00,Strasbourg,Montpellier,2,0,2024,Strasbourg,Montpellier,1,2,0,win,20250209_Strasbourg_Montpellier,3.17215,3.17215,59.0,86.9,1.0,0.0,21.0
2025-02-14 19:45:00,Brest,Auxerre,2,2,2024,Brest,Auxerre,1,2,2,draw,20250214_Brest_Auxerre,1.97492,1.97492,64.0,81.1,2.0,0.0,21.0
2025-02-15 16:00:00,Marseille,Saint-Etienne,5,1,2024,Marseille,Saint-Etienne,1,5,1,win,20250215_Marseille_Saint-Etienne,5.94236,5.18227,70.0,89.6,1.0,0.0,8.0
2025-02-15 18:00:00,Monaco,Nantes,7,1,2024,Monaco,Nantes,1,7,1,win,20250215_Monaco_Nantes,5.14782,4.38773,65.0,86.5,1.0,0.0,13.0
2025-02-15 20:05:00,Toulouse,Paris Saint Germain,0,1,2024,Toulouse,Paris Saint Germain,1,0,1,loss,20250215_Toulouse_Paris Saint Germain,1.19618,1.19618,24.0,70.2,2.0,0.0,16.0
2025-02-16 16:15:00,Le Havre,Nice,1,3,2024,Le Havre,Nice,1,1,3,loss,20250216_Le Havre_Nice,0.555829,0.555829,49.0,81.6,2.0,0.0,27.0
2025-02-16 16:15:00,Lens,Strasbourg,0,2,2024,Lens,Strasbourg,1,0,2,loss,20250216_Lens_Strasbourg,0.265561,0.265561,56.0,83.2,4.0,1.0,20.0
2025-02-16 14:00:00,Montpellier,Lyon,1,4,2024,Montpellier,Lyon,1,1,4,loss,20250216_Montpellier_Lyon,1.33893,1.33893,38.0,75.4,3.0,0.0,17.0
2025-02-16 16:15:00,Reims,Angers,0,1,2024,Reims,Angers,1,0,1,loss,20250216_Reims_Angers,2.06733,1.30724,63.0,87.1,2.0,0.0,39.0
2025-02-16 19:45:00,Rennes,Lille,0,2,2024,Rennes,Lille,1,0,2,loss,20250216_Rennes_Lille,0.417057,0.417057,37.0,80.8,2.0,1.0,27.0
2025-02-21 19:45:00,Rennes,Reims,1,0,2024,Rennes,Reims,1,1,0,win,20250221_Rennes_Reims,3.0636,2.30351,58.0,87.0,1.0,0.0,22.0
2025-02-22 20:05:00,Auxerre,Marseille,3,0,2024,Auxerre,Marseille,1,3,0,win,20250222_Auxerre_Marseille,1.96607,1.20597,21.0,62.8,1.0,0.0,35.0
2025-02-22 16:00:00,Lille,Monaco,2,1,2024,Lille,Monaco,1,2,1,win,20250222_Lille_Monaco,1.04956,1.04956,43.0,80.8,4.0,0.0,36.0
2025-02-22 18:00:00,Saint-Etienne,Angers,3,3,2024,Saint-Etienne,Angers,1,3,3,draw,20250222_Saint-Etienne_Angers,1.70031,1.70031,,,,,
2025-02-23 16:15:00,Le Havre,Toulouse,1,4,2024,Le Havre,Toulouse,1,1,4,loss,20250223_Le Havre_Toulouse,1.04249,1.04249,54.0,81.8,0.0,1.0,27.0
2025-02-23 19:45:00,Lyon,Paris Saint Germain,2,3,2024,Lyon,Paris Saint Germain,1,2,3,loss,20250223_Lyon_Paris Saint Germain,1.76184,1.76184,35.0,80.3,1.0,0.0,14.0
2025-02-23 14:00:00,Nantes,Lens,3,1,2024,Nantes,Lens,1,3,1,win,20250223_Nantes_Lens,4.25273,3.49264,35.0,80.2,2.0,0.0,34.0
2025-02-23 16:15:00,Nice,Montpellier,2,0,2024,Nice,Montpellier,1,2,0,win,20250223_Nice_Montpellier,2.14122,2.14122,56.0,82.9,1.0,0.0,33.0
2025-02-23 16:15:00,Strasbourg,Brest,0,0,2024,Strasbourg,Brest,1,0,0,draw,20250223_Strasbourg_Brest,0.785346,0.785346,57.0,84.0,3.0,0.0,34.0
2025-02-28 19:45:00,Monaco,Reims,3,0,2024,Monaco,Reims,1,3,0,win,20250228_Monaco_Reims,4.01066,4.01066,56.0,84.9,0.0,0.0,21.0
2025-03-01 18:00:00,Lens,Le Havre,3,4,2024,Lens,Le Havre,1,3,4,loss,20250301_Lens_Le Havre,2.02687,1.26677,69.0,86.3,2.0,0.0,20.0
2025-03-01 20:05:00,Paris Saint Germain,Lille,4,1,2024,Paris Saint Germain,Lille,1,4,1,win,20250301_Paris Saint Germain_Lille,3.59846,3.59846,,,,,
2025-03-01 16:00:00,Saint-Etienne,Nice,1,3,2024,Saint-Etienne,Nice,1,1,3,loss,20250301_Saint-Etienne_Nice,1.01895,1.01895,,,,,
2025-03-02 16:15:00,Angers,Toulouse,0,4,2024,Angers,Toulouse,1,0,4,loss,20250302_Angers_Toulouse,0.363765,0.363765,46.0,77.3,3.0,0.0,34.0
2025-03-02 16:15:00,Auxerre,Strasbourg,0,1,2024,Auxerre,Strasbourg,1,0,1,loss,20250302_Auxerre_Strasbourg,2.09273,2.09273,45.0,79.2,1.0,0.0,25.0
2025-03-02 14:00:00,Lyon,Brest,2,1,2024,Lyon,Brest,1,2,1,win,20250302_Lyon_Brest,1.54474,1.54474,66.0,88.2,2.0,0.0,26.0
2025-03-02 19:45:00,Marseille,Nantes,2,0,2024,Marseille,Nantes,1,2,0,win,20250302_Marseille_Nantes,2.61727,2.61727,74.0,89.8,1.0,0.0,16.0
2025-03-02 16:15:00,Montpellier,Rennes,0,4,2024,Montpellier,Rennes,1,0,4,loss,20250302_Montpellier_Rennes,1.60296,1.60296,46.0,72.1,2.0,0.0,21.0
2025-03-07 19:45:00,Toulouse,Monaco,1,1,2024,Toulouse,Monaco,1,1,1,draw,20250307_Toulouse_Monaco,1.25392,1.25392,50.0,77.5,1.0,0.0,28.0
2025-03-08 18:00:00,Lille,Montpellier,1,0,2024,Lille,Montpellier,1,1,0,win,20250308_Lille_Montpellier,1.7771,1.7771,76.0,88.9,2.0,0.0,9.0
2025-03-08 20:05:00,Marseille,Lens,0,1,2024,Marseille,Lens,1,0,1,loss,20250308_Marseille_Lens,1.18945,1.18945,75.0,88.9,3.0,0.0,8.0
2025-03-08 16:00:00,Rennes,Paris Saint Germain,1,4,2024,Rennes,Paris Saint Germain,1,1,4,loss,20250308_Rennes_Paris Saint Germain,2.10922,2.10922,32.0,78.5,2.0,0.0,18.0
2025-03-09 14:00:00,Brest,Angers,2,0,2024,Brest,Angers,1,2,0,win,20250309_Brest_Angers,4.53611,4.53611,50.0,81.7,1.0,0.0,36.0
2025-03-09 16:15:00,Le Havre,Saint-Etienne,1,1,2024,Le Havre,Saint-Etienne,1,1,1,draw,20250309_Le Havre_Saint-Etienne,2.15479,1.25129,46.0,75.2,2.0,0.0,25.0
2025-03-09 16:15:00,Nantes,Strasbourg,0,1,2024,Nantes,Strasbourg,1,0,1,loss,20250309_Nantes_Strasbourg,0.66134,0.66134,40.0,79.3,1.0,0.0,24.0
2025-03-09 19:45:00,Nice,Lyon,0,2,2024,Nice,Lyon,1,0,2,loss,20250309_Nice_Lyon,1.50591,1.50591,37.0,80.1,1.0,0.0,16.0
2025-03-09 16:15:00,Reims,Auxerre,0,2,2024,Reims,Auxerre,1,0,2,loss,20250309_Reims_Auxerre,1.83707,1.83707,57.0,81.7,1.0,0.0,24.0
2025-03-14 19:45:00,Nice,Auxerre,1,1,2024,Nice,Auxerre,1,1,1,draw,20250314_Nice_Auxerre,2.29143,2.29143,51.0,82.3,1.0,1.0,22.0
2025-03-15 18:00:00,Angers,Monaco,0,2,2024,Angers,Monaco,1,0,2,loss,20250315_Angers_Monaco,0.497795,0.497795,44.0,77.7,1.0,0.0,38.0
2025-03-15 20:05:00,Lens,Rennes,1,0,2024,Lens,Rennes,1,1,0,win,20250315_Lens_Rennes,0.643819,0.643819,46.0,76.3,1.0,0.0,25.0
2025-03-15 16:00:00,Nantes,Lille,1,0,2024,Nantes,Lille,1,1,0,win,20250315_Nantes_Lille,2.00991,2.00991,32.0,77.8,2.0,1.0,26.0
2025-03-16 16:15:00,Brest,Reims,0,0,2024,Brest,Reims,1,0,0,draw,20250316_Brest_Reims,0.33799,0.33799,71.0,83.2,1.0,1.0,13.0
2025-03-16 14:00:00,Lyon,Le Havre,4,2,2024,Lyon,Le Havre,1,4,2,win,20250316_Lyon_Le Havre,3.58655,2.82645,67.0,88.5,2.0,0.0,13.0
2025-03-16 16:15:00,Montpellier,Saint-Etienne,0,2,2024,Montpellier,Saint-Etienne,1,0,2,loss,20250316_Montpellier_Saint-Etienne,1.33869,1.33869,41.0,,1.0,0.0,
2025-03-16 19:45:00,Paris Saint Germain,Marseille,3,1,2024,Paris Saint Germain,Marseille,1,3,1,win,20250316_Paris Saint Germain_Marseille,2.60859,2.60859,,,,,
2025-03-16 16:15:00,Strasbourg,Toulouse,2,1,2024,Strasbourg,Toulouse,1,2,1,win,20250316_Strasbourg_Toulouse,1.98742,1.98742,57.0,87.0,0.0,0.0,29.0
2025-03-28 19:45:00,Strasbourg,Lyon,4,2,2024,Strasbourg,Lyon,1,4,2,win,20250328_Strasbourg_Lyon,1.77552,1.77552,40.0,83.3,2.0,0.0,27.0
2025-03-29 20:05:00,Monaco,Nice,2,1,2024,Monaco,Nice,1,2,1,win,20250329_Monaco_Nice,2.52612,1.76603,58.0,81.9,2.0,0.0,23.0
2025-03-29 16:00:00,Reims,Marseille,3,1,2024,Reims,Marseille,1,3,1,win,20250329_Reims_Marseille,1.05547,1.05547,20.0,58.8,0.0,0.0,64.0
2025-03-29 18:00:00,Saint-Etienne,Paris Saint Germain,1,6,2024,Saint-Etienne,Paris Saint Germain,1,1,6,loss,20250329_Saint-Etienne_Paris Saint Germain,1.27635,1.27635,,,,,
2025-03-30 16:15:00,Angers,Rennes,0,3,2024,Angers,Rennes,1,0,3,loss,20250330_Angers_Rennes,1.04854,1.04854,43.0,79.9,1.0,0.0,11.0
2025-03-30 16:15:00,Auxerre,Montpellier,1,0,2024,Auxerre,Montpellier,1,1,0,win,20250330_Auxerre_Montpellier,2.11681,2.11681,53.0,83.9,3.0,0.0,39.0
2025-03-30 16:15:00,Le Havre,Nantes,3,2,2024,Le Havre,Nantes,1,3,2,win,20250330_Le Havre_Nantes,4.01379,2.4936,52.0,81.2,1.0,0.0,30.0
2025-03-30 19:45:00,Lille,Lens,1,0,2024,Lille,Lens,1,1,0,win,20250330_Lille_Lens,1.95492,1.95492,45.0,80.4,1.0,0.0,25.0
2025-03-30 14:00:00,Toulouse,Brest,2,4,2024,Toulouse,Brest,1,2,4,loss,20250330_Toulouse_Brest,2.44172,2.44172,53.0,80.6,0.0,0.0,18.0
2025-04-04 18:45:00,Nice,Nantes,1,2,2024,Nice,Nantes,1,1,2,loss,20250404_Nice_Nantes,2.17922,2.17922,76.0,82.9,1.0,0.0,13.0
2025-04-05 17:00:00,Brest,Monaco,2,1,2024,Brest,Monaco,1,2,1,win,20250405_Brest_Monaco,0.90697,0.90697,41.0,70.8,3.0,0.0,35.0
2025-04-05 19:05:00,Lyon,Lille,2,1,2024,Lyon,Lille,1,2,1,win,20250405_Lyon_Lille,1.75398,0.993887,56.0,87.7,3.0,0.0,14.0
2025-04-05 15:00:00,Paris Saint Germain,Angers,1,0,2024,Paris Saint Germain,Angers,1,1,0,win,20250405_Paris Saint Germain_Angers,1.64379,1.64379,,,,,
2025-04-06 13:00:00,Lens,Saint-Etienne,1,0,2024,Lens,Saint-Etienne,1,1,0,win,20250406_Lens_Saint-Etienne,2.50421,2.50421,60.0,82.4,3.0,0.0,8.0
2025-04-06 18:45:00,Marseille,Toulouse,3,2,2024,Marseille,Toulouse,1,3,2,win,20250406_Marseille_Toulouse,1.13222,1.13222,67.0,87.9,2.0,0.0,6.0
2025-04-06 15:15:00,Montpellier,Le Havre,0,2,2024,Montpellier,Le Havre,1,0,2,loss,20250406_Montpellier_Le Havre,0.956146,0.956146,55.0,85.5,1.0,1.0,15.0
2025-04-06 15:15:00,Reims,Strasbourg,0,1,2024,Reims,Strasbourg,1,0,1,loss,20250406_Reims_Strasbourg,0.891063,0.891063,48.0,81.5,2.0,1.0,22.0
2025-04-06 15:15:00,Rennes,Auxerre,0,1,2024,Rennes,Auxerre,1,0,1,loss,20250406_Rennes_Auxerre,1.06426,1.06426,63.0,88.0,0.0,0.0,12.0
2025-04-11 18:45:00,Lens,Reims,0,2,2024,Lens,Reims,1,0,2,loss,20250411_Lens_Reims,2.71917,2.71917,70.0,83.6,1.0,0.0,14.0
2025-04-12 15:00:00,Monaco,Marseille,3,0,2024,Monaco,Marseille,1,3,0,win,20250412_Monaco_Marseille,2.91516,2.15506,42.0,78.3,2.0,0.0,26.0
2025-04-12 19:05:00,Strasbourg,Nice,2,2,2024,Strasbourg,Nice,1,2,2,draw,20250412_Strasbourg_Nice,0.789035,0.789035,47.0,81.9,1.0,0.0,36.0
2025-04-12 17:00:00,Toulouse,Lille,1,2,2024,Toulouse,Lille,1,1,2,loss,20250412_Toulouse_Lille,0.982005,0.982005,43.0,81.5,1.0,0.0,15.0
2025-04-13 15:15:00,Angers,Montpellier,2,0,2024,Angers,Montpellier,1,2,0,win,20250413_Angers_Montpellier,1.771,1.771,37.0,81.0,0.0,0.0,22.0
2025-04-13 18:45:00,Auxerre,Lyon,1,3,2024,Auxerre,Lyon,1,1,3,loss,20250413_Auxerre_Lyon,1.00397,1.00397,41.0,81.2,3.0,0.0,20.0
2025-04-13 15:15:00,Le Havre,Rennes,1,5,2024,Le Havre,Rennes,1,1,5,loss,20250413_Le Havre_Rennes,0.718016,0.718016,56.0,81.1,2.0,0.0,9.0
2025-04-13 13:00:00,Saint-Etienne,Brest,3,3,2024,Saint-Etienne,Brest,1,3,3,draw,20250413_Saint-Etienne_Brest,1.02329,1.02329,,,,,
2025-04-18 18:45:00,Rennes,Nantes,2,1,2024,Rennes,Nantes,1,2,1,win,20250418_Rennes_Nantes,2.52992,1.76983,64.0,88.3,3.0,0.0,16.0
2025-04-19 19:05:00,Marseille,Montpellier,5,1,2024,Marseille,Montpellier,1,5,1,win,20250419_Marseille_Montpellier,3.82233,3.06224,68.0,91.1,2.0,0.0,10.0
2025-04-19 17:00:00,Monaco,Strasbourg,0,0,2024,Monaco,Strasbourg,1,0,0,draw,20250419_Monaco_Strasbourg,0.969947,0.969947,47.0,81.0,3.0,0.0,15.0
2025-04-19 15:00:00,Paris Saint Germain,Le Havre,2,1,2024,Paris Saint Germain,Le Havre,1,2,1,win,20250419_Paris Saint Germain_Le Havre,3.19233,3.19233,,,,,
2025-04-20 15:15:00,Brest,Lens,1,3,2024,Brest,Lens,1,1,3,loss,20250420_Brest_Lens,1.05399,1.05399,44.0,80.0,0.0,1.0,21.0
2025-04-20 13:00:00,Lille,Auxerre,3,1,2024,Lille,Auxerre,1,3,1,win,20250420_Lille_Auxerre,2.97047,2.97047,56.0,85.8,1.0,0.0,31.0
2025-04-20 15:15:00,Nice,Angers,2,1,2024,Nice,Angers,1,2,1,win,20250420_Nice_Angers,2.72567,2.72567,53.0,87.3,1.0,0.0,18.0
2025-04-20 15:15:00,Reims,Toulouse,1,0,2024,Reims,Toulouse,1,1,0,win,20250420_Reims_Toulouse,0.659517,0.659517,52.0,86.7,1.0,0.0,48.0
2025-04-20 18:45:00,Saint-Etienne,Lyon,2,1,2024,Saint-Etienne,Lyon,1,2,1,win,20250420_Saint-Etienne_Lyon,1.74645,1.74645,,,,,
2025-04-22 18:45:00,Nantes,Paris Saint Germain,1,1,2024,Nantes,Paris Saint Germain,1,1,1,draw,20250422_Nantes_Paris Saint Germain,0.520926,0.520926,26.0,71.3,2.0,0.0,21.0
2025-04-25 18:45:00,Paris Saint Germain,Nice,1,3,2024,Paris Saint Germain,Nice,1,1,3,loss,20250425_Paris Saint Germain_Nice,4.50698,4.50698,,,,,
2025-04-26 17:00:00,Le Havre,Monaco,1,1,2024,Le Havre,Monaco,1,1,1,draw,20250426_Le Havre_Monaco,0.807798,0.807798,39.0,74.8,1.0,0.0,48.0
2025-04-26 19:05:00,Lyon,Rennes,4,1,2024,Lyon,Rennes,1,4,1,win,20250426_Lyon_Rennes,2.25879,2.25879,53.0,87.8,0.0,0.0,15.0
2025-04-26 15:00:00,Strasbourg,Saint-Etienne,3,1,2024,Strasbourg,Saint-Etienne,1,3,1,win,20250426_Strasbourg_Saint-Etienne,2.8346,2.8346,51.0,88.3,1.0,0.0,21.0
2025-04-27 13:00:00,Angers,Lille,0,2,2024,Angers,Lille,1,0,2,loss,20250427_Angers_Lille,0.916985,0.916985,37.0,74.5,1.0,0.0,24.0
2025-04-27 15:15:00,Lens,Auxerre,0,4,2024,Lens,Auxerre,1,0,4,loss,20250427_Lens_Auxerre,2.31455,2.31455,65.0,83.5,4.0,1.0,9.0
2025-04-27 18:45:00,Marseille,Brest,4,1,2024,Marseille,Brest,1,4,1,win,20250427_Marseille_Brest,1.12568,1.12568,54.0,86.9,1.0,0.0,26.0
2025-04-27 15:15:00,Montpellier,Reims,0,0,2024,Montpellier,Reims,1,0,0,draw,20250427_Montpellier_Reims,0.949696,0.949696,53.0,85.6,3.0,0.0,20.0
2025-04-27 15:15:00,Nantes,Toulouse,0,0,2024,Nantes,Toulouse,1,0,0,draw,20250427_Nantes_Toulouse,1.33764,1.33764,59.0,86.9,2.0,0.0,31.0
2025-05-02 18:45:00,Nice,Reims,1,0,2024,Nice,Reims,1,1,0,win,20250502_Nice_Reims,1.2118,1.2118,55.0,79.8,2.0,0.0,20.0
2025-05-03 19:05:00,Saint-Etienne,Monaco,1,3,2024,Saint-Etienne,Monaco,1,1,3,loss,20250503_Saint-Etienne_Monaco,1.16957,1.16957,,,,,
2025-05-03 15:00:00,Strasbourg,Paris Saint Germain,2,1,2024,Strasbourg,Paris Saint Germain,1,2,1,win,20250503_Strasbourg_Paris Saint Germain,1.42064,1.42064,37.0,77.8,1.0,0.0,23.0
2025-05-03 17:00:00,Toulouse,Rennes,2,1,2024,Toulouse,Rennes,1,2,1,win,20250503_Toulouse_Rennes,1.01393,1.01393,39.0,79.8,2.0,0.0,25.0
2025-05-04 15:15:00,Auxerre,Le Havre,1,2,2024,Auxerre,Le Havre,1,1,2,loss,20250504_Auxerre_Le Havre,0.32277,0.32277,47.0,79.6,2.0,0.0,26.0
2025-05-04 15:15:00,Brest,Montpellier,1,0,2024,Brest,Montpellier,1,1,0,win,20250504_Brest_Montpellier,1.34191,1.34191,63.0,87.0,1.0,0.0,23.0
2025-05-04 18:45:00,Lille,Marseille,1,1,2024,Lille,Marseille,1,1,1,draw,20250504_Lille_Marseille,0.682721,0.682721,41.0,83.8,2.0,0.0,28.0
2025-05-04 15:15:00,Lyon,Lens,1,2,2024,Lyon,Lens,1,1,2,loss,20250504_Lyon_Lens,1.1801,1.1801,68.0,84.8,2.0,0.0,10.0
2025-05-04 13:00:00,Nantes,Angers,0,1,2024,Nantes,Angers,1,0,1,loss,20250504_Nantes_Angers,0.14126,0.14126,58.0,82.1,2.0,0.0,28.0
2025-05-10 19:00:00,Angers,Strasbourg,2,1,2024,Angers,Strasbourg,1,2,1,win,20250510_Angers_Strasbourg,1.33058,1.33058,29.0,73.4,2.0,0.0,24.0
2025-05-10 19:00:00,Auxerre,Nantes,1,1,2024,Auxerre,Nantes,1,1,1,draw,20250510_Auxerre_Nantes,0.624481,0.624481,61.0,87.1,3.0,0.0,26.0
2025-05-10 19:00:00,Brest,Lille,2,0,2024,Brest,Lille,1,2,0,win,20250510_Brest_Lille,1.88589,1.88589,39.0,75.8,1.0,0.0,39.0
2025-05-10 19:00:00,Le Havre,Marseille,1,3,2024,Le Havre,Marseille,1,1,3,loss,20250510_Le Havre_Marseille,1.10297,1.10297,46.0,78.0,2.0,0.0,17.0
2025-05-10 19:00:00,Monaco,Lyon,2,0,2024,Monaco,Lyon,1,2,0,win,20250510_Monaco_Lyon,1.48659,1.48659,51.0,83.3,2.0,0.0,33.0
2025-05-10 19:00:00,Montpellier,Paris Saint Germain,1,4,2024,Montpellier,Paris Saint Germain,1,1,4,loss,20250510_Montpellier_Paris Saint Germain,0.594471,0.594471,31.0,79.9,1.0,0.0,14.0
2025-05-10 19:00:00,Reims,Saint-Etienne,0,2,2024,Reims,Saint-Etienne,1,0,2,loss,20250510_Reims_Saint-Etienne,1.12267,1.12267,49.0,81.3,1.0,0.0,25.0
2025-05-10 19:00:00,Rennes,Nice,2,0,2024,Rennes,Nice,1,2,0,win,20250510_Rennes_Nice,2.06744,2.06744,50.0,81.6,1.0,0.0,28.0
2025-05-10 19:00:00,Toulouse,Lens,1,1,2024,Toulouse,Lens,1,1,1,draw,20250510_Toulouse_Lens,1.12406,1.12406,40.0,78.7,2.0,0.0,28.0
2025-05-17 19:00:00,Lens,Monaco,4,0,2024,Lens,Monaco,1,4,0,win,20250517_Lens_Monaco,2.49045,2.49045,46.0,83.3,1.0,0.0,12.0
2025-05-17 19:00:00,Lille,Reims,2,1,2024,Lille,Reims,1,2,1,win,20250517_Lille_Reims,2.31624,1.55615,78.0,84.3,0.0,0.0,16.0
2025-05-17 19:00:00,Lyon,Angers,2,0,2024,Lyon,Angers,1,2,0,win,20250517_Lyon_Angers,3.75818,2.99809,57.0,86.6,1.0,0.0,21.0
2025-05-17 19:00:00,Marseille,Rennes,4,2,2024,Marseille,Rennes,1,4,2,win,20250517_Marseille_Rennes,4.06558,2.54539,60.0,88.3,3.0,0.0,13.0
2025-05-17 19:00:00,Nantes,Montpellier,3,0,2024,Nantes,Montpellier,1,3,0,win,20250517_Nantes_Montpellier,3.00657,2.24647,44.0,85.0,3.0,0.0,21.0
2025-05-17 19:00:00,Nice,Brest,6,0,2024,Nice,Brest,1,6,0,win,20250517_Nice_Brest,5.0223,4.2622,42.0,80.7,0.0,0.0,13.0
2025-05-17 19:00:00,Paris Saint Germain,Auxerre,3,1,2024,Paris Saint Germain,Auxerre,1,3,1,win,20250517_Paris Saint Germain_Auxerre,3.71972,2.95963,,,,,
2025-05-17 19:00:00,Saint-Etienne,Toulouse,2,3,2024,Saint-Etienne,Toulouse,1,2,3,loss,20250517_Saint-Etienne_Toulouse,1.32698,1.32698,,,,,
2025-05-17 19:00:00,Strasbourg,Le Havre,2,3,2024,Strasbourg,Le Havre,1,2,3,loss,20250517_Strasbourg_Le Havre,1.74414,1.74414,50.0,86.1,3.0,1.0,16.0
2020-08-21 17:00:00,Bordeaux,Nantes,0,0,2020,Nantes,Bordeaux,0,0,0,draw,20200821_Bordeaux_Nantes,0.187821,0.187821,56.0,86.5,3.0,0.0,15.0
2020-08-22 15:00:00,Dijon,Angers,0,1,2020,Angers,Dijon,0,1,0,win,20200822_Dijon_Angers,2.02214,2.02214,46.0,83.7,0.0,0.0,26.0
2020-08-22 19:00:00,Lille,Rennes,1,1,2020,Rennes,Lille,0,1,1,draw,20200822_Lille_Rennes,1.29518,1.29518,48.0,83.5,1.0,1.0,14.0
2020-08-23 13:00:00,Lorient,Strasbourg,3,1,2020,Strasbourg,Lorient,0,1,3,loss,20200823_Lorient_Strasbourg,0.326826,0.326826,50.0,78.4,2.0,0.0,18.0
2020-08-23 11:00:00,Monaco,Reims,2,2,2020,Reims,Monaco,0,2,2,draw,20200823_Monaco_Reims,1.83257,1.83257,25.0,69.2,3.0,0.0,24.0
2020-08-23 15:00:00,Nice,Lens,2,1,2020,Lens,Nice,0,1,2,loss,20200823_Nice_Lens,3.03614,2.27604,43.0,79.6,3.0,0.0,6.0
2020-08-23 13:00:00,Nimes,Brest,4,0,2020,Brest,Nimes,0,0,4,loss,20200823_Nimes_Brest,0.468011,0.468011,56.0,74.6,3.0,1.0,11.0
2020-08-28 19:00:00,Lyon,Dijon,4,1,2020,Dijon,Lyon,0,1,4,loss,20200828_Lyon_Dijon,0.215658,0.215658,37.0,73.3,3.0,0.0,33.0
2020-08-29 15:00:00,Rennes,Montpellier,2,1,2020,Montpellier,Rennes,0,1,2,loss,20200829_Rennes_Montpellier,0.491784,0.491784,35.0,72.6,2.0,1.0,12.0
2020-08-29 19:00:00,Strasbourg,Nice,0,2,2020,Nice,Strasbourg,0,2,0,win,20200829_Strasbourg_Nice,1.20894,0.448847,55.0,85.4,6.0,0.0,13.0
2020-08-30 13:00:00,Angers,Bordeaux,0,2,2020,Bordeaux,Angers,0,2,0,win,20200830_Angers_Bordeaux,2.28529,2.28529,43.0,78.7,3.0,0.0,27.0
2020-08-30 19:00:00,Brest,Marseille,2,3,2020,Marseille,Brest,0,3,2,win,20200830_Brest_Marseille,1.32391,1.32391,41.0,73.2,4.0,0.0,30.0
2020-08-30 13:00:00,Metz,Monaco,0,1,2020,Monaco,Metz,0,1,0,win,20200830_Metz_Monaco,0.189291,0.189291,46.0,72.9,5.0,1.0,25.0
2020-08-30 13:00:00,Nantes,Nimes,2,1,2020,Nimes,Nantes,0,1,2,loss,20200830_Nantes_Nimes,0.874864,0.874864,,,,,
2020-08-30 11:00:00,Reims,Lille,0,1,2020,Lille,Reims,0,1,0,win,20200830_Reims_Lille,0.906784,0.906784,50.0,81.4,1.0,0.0,11.0
2020-08-30 13:00:00,Saint-Etienne,Lorient,2,0,2020,Lorient,Saint-Etienne,0,0,2,loss,20200830_Saint-Etienne_Lorient,0.2149,0.2149,48.0,76.4,1.0,0.0,12.0
2020-09-10 21:00:00,Lens,Paris Saint Germain,1,0,2020,Paris Saint Germain,Lens,0,0,1,loss,20200910_Lens_Paris Saint Germain,0.344198,0.344198,,,,,
2020-09-11 19:00:00,Bordeaux,Lyon,0,0,2020,Lyon,Bordeaux,0,0,0,draw,20200911_Bordeaux_Lyon,1.79726,1.79726,54.0,80.4,3.0,0.0,19.0
2020-09-12 15:00:00,Montpellier,Nice,3,1,2020,Nice,Montpellier,0,1,3,loss,20200912_Montpellier_Nice,0.376694,0.376694,61.0,83.2,2.0,0.0,17.0
2020-09-12 19:00:00,Saint-Etienne,Strasbourg,2,0,2020,Strasbourg,Saint-Etienne,0,0,2,loss,20200912_Saint-Etienne_Strasbourg,1.30205,1.30205,51.0,74.3,3.0,0.0,22.0
2020-09-13 13:00:00,Angers,Reims,1,0,2020,Reims,Angers,0,0,1,loss,20200913_Angers_Reims,0.324767,0.324767,42.0,79.9,2.0,1.0,20.0
2020-09-13 13:00:00,Dijon,Brest,0,2,2020,Brest,Dijon,0,2,0,win,20200913_Dijon_Brest,2.19687,2.19687,50.0,81.6,0.0,0.0,22.0
2020-09-13 11:00:00,Lille,Metz,1,0,2020,Metz,Lille,0,0,1,loss,20200913_Lille_Metz,0.736721,0.736721,39.0,71.9,4.0,0.0,27.0
2020-09-13 13:00:00,Lorient,Lens,2,3,2020,Lens,Lorient,0,3,2,win,20200913_Lorient_Lens,1.98746,1.22737,53.0,76.6,3.0,1.0,16.0
2020-09-13 15:00:00,Monaco,Nantes,2,1,2020,Nantes,Monaco,0,1,2,loss,20200913_Monaco_Nantes,1.10894,1.10894,43.0,79.0,1.0,0.0,27.0
2020-09-13 13:00:00,Nimes,Rennes,2,4,2020,Rennes,Nimes,0,4,2,win,20200913_Nimes_Rennes,2.0941,2.0941,55.0,77.6,6.0,0.0,15.0
2020-09-13 19:00:00,Paris Saint Germain,Marseille,0,1,2020,Marseille,Paris Saint Germain,0,1,0,win,20200913_Paris Saint Germain_Marseille,0.502817,0.502817,35.0,71.5,8.0,2.0,29.0
2020-09-15 19:00:00,Montpellier,Lyon,2,1,2020,Lyon,Montpellier,0,1,2,loss,20200915_Montpellier_Lyon,2.17049,1.4104,56.0,82.7,2.0,1.0,15.0
2020-09-16 19:00:00,Paris Saint Germain,Metz,1,0,2020,Metz,Paris Saint Germain,0,0,1,loss,20200916_Paris Saint Germain_Metz,0.980849,0.980849,29.0,66.7,2.0,0.0,29.0
2020-09-17 19:00:00,Marseille,Saint-Etienne,0,2,2020,Saint-Etienne,Marseille,0,2,0,win,20200917_Marseille_Saint-Etienne,1.02937,1.02937,,,,,
2020-09-18 19:00:00,Lyon,Nimes,0,0,2020,Nimes,Lyon,0,0,0,draw,20200918_Lyon_Nimes,0.714832,0.714832,,,,,
2020-09-19 15:00:00,Lens,Bordeaux,2,1,2020,Bordeaux,Lens,0,1,2,loss,20200919_Lens_Bordeaux,0.359182,0.359182,41.0,79.5,5.0,1.0,21.0
2020-09-19 19:00:00,Rennes,Monaco,2,1,2020,Monaco,Rennes,0,1,2,loss,20200919_Rennes_Monaco,0.816922,0.816922,42.0,79.6,2.0,0.0,17.0
2020-09-20 13:00:00,Brest,Lorient,3,2,2020,Lorient,Brest,0,2,3,loss,20200920_Brest_Lorient,1.49951,1.49951,43.0,72.8,1.0,0.0,15.0
2020-09-20 19:00:00,Marseille,Lille,1,1,2020,Lille,Marseille,0,1,1,draw,20200920_Marseille_Lille,1.49471,1.49471,44.0,74.9,3.0,0.0,21.0
2020-09-20 13:00:00,Metz,Reims,2,1,2020,Reims,Metz,0,1,2,loss,20200920_Metz_Reims,1.18244,0.422348,41.0,71.6,4.0,1.0,23.0
2020-09-20 13:00:00,Montpellier,Angers,4,1,2020,Angers,Montpellier,0,1,4,loss,20200920_Montpellier_Angers,0.772287,0.772287,50.0,84.7,3.0,0.0,26.0
2020-09-20 15:00:00,Nantes,Saint-Etienne,2,2,2020,Saint-Etienne,Nantes,0,2,2,draw,20200920_Nantes_Saint-Etienne,1.03738,1.03738,,,,,
2020-09-20 11:00:00,Nice,Paris Saint Germain,0,3,2020,Paris Saint Germain,Nice,0,3,0,win,20200920_Nice_Paris Saint Germain,3.32755,2.56746,,,,,
2020-09-20 13:00:00,Strasbourg,Dijon,1,0,2020,Dijon,Strasbourg,0,0,1,loss,20200920_Strasbourg_Dijon,0.487834,0.487834,42.0,79.2,1.0,0.0,31.0
2020-09-25 19:00:00,Lille,Nantes,2,0,2020,Nantes,Lille,0,0,2,loss,20200925_Lille_Nantes,0.660348,0.660348,46.0,73.1,2.0,0.0,22.0
2020-09-26 19:00:00,Marseille,Metz,1,1,2020,Metz,Marseille,0,1,1,draw,20200926_Marseille_Metz,1.10713,1.10713,40.0,74.4,2.0,0.0,20.0
2020-09-26 15:00:00,Saint-Etienne,Rennes,0,3,2020,Rennes,Saint-Etienne,0,3,0,win,20200926_Saint-Etienne_Rennes,1.37167,1.37167,51.0,83.6,1.0,0.0,21.0
2020-09-27 13:00:00,Angers,Brest,3,2,2020,Brest,Angers,0,2,3,loss,20200927_Angers_Brest,2.36408,1.60398,47.0,76.8,2.0,0.0,19.0
2020-09-27 11:00:00,Bordeaux,Nice,0,0,2020,Nice,Bordeaux,0,0,0,draw,20200927_Bordeaux_Nice,0.645309,0.645309,54.0,84.1,1.0,0.0,16.0
2020-09-27 13:00:00,Dijon,Montpellier,2,2,2020,Montpellier,Dijon,0,2,2,draw,20200927_Dijon_Montpellier,2.31217,1.55207,61.0,78.8,1.0,0.0,16.0
2020-09-27 15:00:00,Lorient,Lyon,1,1,2020,Lyon,Lorient,0,1,1,draw,20200927_Lorient_Lyon,0.818784,0.818784,69.0,88.7,0.0,0.0,3.0
2020-09-27 13:00:00,Monaco,Strasbourg,3,2,2020,Strasbourg,Monaco,0,2,3,loss,20200927_Monaco_Strasbourg,1.40652,0.64642,43.0,76.6,1.0,0.0,18.0
2020-09-27 13:00:00,Nimes,Lens,1,1,2020,Lens,Nimes,0,1,1,draw,20200927_Nimes_Lens,1.37195,1.37195,49.0,72.2,3.0,0.0,25.0
2020-09-27 19:00:00,Reims,Paris Saint Germain,0,2,2020,Paris Saint Germain,Reims,0,2,0,win,20200927_Reims_Paris Saint Germain,3.93633,3.93633,,,,,
2020-10-02 19:00:00,Paris Saint Germain,Angers,6,1,2020,Angers,Paris Saint Germain,0,1,6,loss,20201002_Paris Saint Germain_Angers,0.943753,0.943753,43.0,86.4,2.0,0.0,10.0
2020-10-03 15:00:00,Lens,Saint-Etienne,2,0,2020,Saint-Etienne,Lens,0,0,2,loss,20201003_Lens_Saint-Etienne,0.0932933,0.0932933,,,,,
2020-10-03 19:00:00,Nice,Nantes,2,1,2020,Nantes,Nice,0,1,2,loss,20201003_Nice_Nantes,1.13528,0.37518,27.0,70.3,1.0,1.0,24.0
2020-10-04 13:00:00,Bordeaux,Dijon,3,0,2020,Dijon,Bordeaux,0,0,3,loss,20201004_Bordeaux_Dijon,0.237758,0.237758,50.0,81.2,3.0,0.0,15.0
2020-10-04 13:00:00,Brest,Monaco,1,0,2020,Monaco,Brest,0,0,1,loss,20201004_Brest_Monaco,1.53192,1.53192,71.0,84.0,4.0,0.0,16.0
2020-10-04 19:00:00,Lyon,Marseille,1,1,2020,Marseille,Lyon,0,1,1,draw,20201004_Lyon_Marseille,0.376941,0.376941,32.0,70.6,2.0,1.0,46.0
2020-10-04 13:00:00,Metz,Lorient,3,1,2020,Lorient,Metz,0,1,3,loss,20201004_Metz_Lorient,0.853711,0.853711,42.0,74.9,2.0,0.0,15.0
2020-10-04 11:00:00,Montpellier,Nimes,0,1,2020,Nimes,Montpellier,0,1,0,win,20201004_Montpellier_Nimes,0.588829,0.588829,,,,,
2020-10-04 15:00:00,Rennes,Reims,2,2,2020,Reims,Rennes,0,2,2,draw,20201004_Rennes_Reims,1.0506,1.0506,27.0,67.7,3.0,0.0,30.0
2020-10-04 13:00:00,Strasbourg,Lille,0,3,2020,Lille,Strasbourg,0,3,0,win,20201004_Strasbourg_Lille,1.95685,1.95685,53.0,82.9,1.0,0.0,22.0
2020-10-16 17:00:00,Dijon,Rennes,1,1,2020,Rennes,Dijon,0,1,1,draw,20201016_Dijon_Rennes,0.769376,0.769376,60.0,80.5,2.0,0.0,9.0
2020-10-16 19:00:00,Nimes,Paris Saint Germain,0,4,2020,Paris Saint Germain,Nimes,0,4,0,win,20201016_Nimes_Paris Saint Germain,4.12316,4.12316,,,,,
2020-10-17 19:00:00,Marseille,Bordeaux,3,1,2020,Bordeaux,Marseille,0,1,3,loss,20201017_Marseille_Bordeaux,0.508148,0.508148,44.0,77.2,1.0,0.0,11.0
2020-10-17 15:00:00,Reims,Lorient,1,3,2020,Lorient,Reims,0,3,1,win,20201017_Reims_Lorient,2.81036,2.05026,53.0,73.3,1.0,0.0,12.0
2020-10-18 13:00:00,Angers,Metz,1,1,2020,Metz,Angers,0,1,1,draw,20201018_Angers_Metz,1.16356,1.16356,53.0,79.7,2.0,0.0,17.0
2020-10-18 19:00:00,Lille,Lens,4,0,2020,Lens,Lille,0,0,4,loss,20201018_Lille_Lens,0.254965,0.254965,43.0,73.9,3.0,2.0,9.0
2020-10-18 13:00:00,Monaco,Montpellier,1,1,2020,Montpellier,Monaco,0,1,1,draw,20201018_Monaco_Montpellier,0.109095,0.109095,20.0,52.3,1.0,1.0,47.0
2020-10-18 13:00:00,Nantes,Brest,3,1,2020,Brest,Nantes,0,1,3,loss,20201018_Nantes_Brest,0.839348,0.839348,60.0,79.5,2.0,0.0,5.0
2020-10-18 15:00:00,Saint-Etienne,Nice,1,3,2020,Nice,Saint-Etienne,0,3,1,win,20201018_Saint-Etienne_Nice,2.52438,2.52438,54.0,80.8,5.0,0.0,24.0
2020-10-18 11:00:00,Strasbourg,Lyon,2,3,2020,Lyon,Strasbourg,0,3,2,win,20201018_Strasbourg_Lyon,4.16498,4.16498,47.0,73.7,3.0,0.0,35.0
2020-10-23 19:00:00,Rennes,Angers,1,2,2020,Angers,Rennes,0,2,1,win,20201023_Rennes_Angers,1.20512,1.20512,37.0,80.2,0.0,0.0,35.0
2020-10-24 15:00:00,Lorient,Marseille,0,1,2020,Marseille,Lorient,0,1,0,win,20201024_Lorient_Marseille,0.880426,0.880426,64.0,79.4,3.0,0.0,23.0
2020-10-24 19:00:00,Paris Saint Germain,Dijon,4,0,2020,Dijon,Paris Saint Germain,0,0,4,loss,20201024_Paris Saint Germain_Dijon,1.49175,1.49175,45.0,86.0,2.0,0.0,9.0
2020-10-25 14:00:00,Bordeaux,Nimes,2,0,2020,Nimes,Bordeaux,0,0,2,loss,20201025_Bordeaux_Nimes,0.712337,0.712337,,,,,
2020-10-25 14:00:00,Brest,Strasbourg,0,3,2020,Strasbourg,Brest,0,3,0,win,20201025_Brest_Strasbourg,1.29304,0.532947,37.0,71.0,3.0,0.0,36.0
2020-10-25 20:00:00,Lyon,Monaco,4,1,2020,Monaco,Lyon,0,1,4,loss,20201025_Lyon_Monaco,1.89348,1.13338,65.0,82.9,4.0,0.0,8.0
2020-10-25 14:00:00,Metz,Saint-Etienne,2,0,2020,Saint-Etienne,Metz,0,0,2,loss,20201025_Metz_Saint-Etienne,0.631401,0.631401,,,,,
2020-10-25 14:00:00,Montpellier,Reims,0,4,2020,Reims,Montpellier,0,4,0,win,20201025_Montpellier_Reims,4.33321,2.81302,67.0,90.5,0.0,0.0,12.0
2020-10-25 16:00:00,Nice,Lille,1,1,2020,Lille,Nice,0,1,1,draw,20201025_Nice_Lille,0.890546,0.890546,47.0,86.0,6.0,0.0,16.0
2020-10-31 20:00:00,Nantes,Paris Saint Germain,0,3,2020,Paris Saint Germain,Nantes,0,3,0,win,20201031_Nantes_Paris Saint Germain,2.72536,1.96526,,,,,
2020-10-31 16:00:00,Rennes,Brest,2,1,2020,Brest,Rennes,0,1,2,loss,20201031_Rennes_Brest,1.03943,1.03943,32.0,75.9,3.0,0.0,21.0
2020-11-01 14:00:00,Angers,Nice,0,3,2020,Nice,Angers,0,3,0,win,20201101_Angers_Nice,2.78036,2.02027,48.0,81.2,2.0,0.0,28.0
2020-11-01 14:00:00,Dijon,Lorient,0,0,2020,Lorient,Dijon,0,0,0,draw,20201101_Dijon_Lorient,1.14876,0.388669,46.0,74.3,1.0,0.0,25.0
2020-11-01 20:00:00,Lille,Lyon,1,1,2020,Lyon,Lille,0,1,1,draw,20201101_Lille_Lyon,0.421049,0.421049,40.0,80.8,3.0,1.0,27.0
2020-11-01 16:00:00,Monaco,Bordeaux,4,0,2020,Bordeaux,Monaco,0,0,4,loss,20201101_Monaco_Bordeaux,0.204669,0.204669,48.0,81.2,2.0,0.0,15.0
2020-11-01 14:00:00,Nimes,Metz,0,1,2020,Metz,Nimes,0,1,0,win,20201101_Nimes_Metz,0.859238,0.859238,33.0,66.3,2.0,1.0,30.0
2020-11-01 14:00:00,Reims,Strasbourg,2,1,2020,Strasbourg,Reims,0,1,2,loss,20201101_Reims_Strasbourg,1.42258,0.66249,49.0,80.4,2.0,0.0,16.0
2020-11-01 12:00:00,Saint-Etienne,Montpellier,0,1,2020,Montpellier,Saint-Etienne,0,1,0,win,20201101_Saint-Etienne_Montpellier,0.937369,0.937369,46.0,77.6,3.0,0.0,25.0
2020-11-06 20:00:00,Strasbourg,Marseille,0,1,2020,Marseille,Strasbourg,0,1,0,win,20201106_Strasbourg_Marseille,0.0420124,0.0420124,47.0,76.1,4.0,0.0,28.0
2020-11-07 16:00:00,Bordeaux,Montpellier,0,2,2020,Montpellier,Bordeaux,0,2,0,win,20201107_Bordeaux_Montpellier,1.59436,1.59436,48.0,82.1,1.0,0.0,18.0
2020-11-07 20:00:00,Paris Saint Germain,Rennes,3,0,2020,Rennes,Paris Saint Germain,0,0,3,loss,20201107_Paris Saint Germain_Rennes,0.855589,0.855589,51.0,83.0,0.0,0.0,6.0
2020-11-08 12:00:00,Brest,Lille,3,2,2020,Lille,Brest,0,2,3,loss,20201108_Brest_Lille,2.97059,2.2105,63.0,84.8,3.0,0.0,20.0
2020-11-08 14:00:00,Lens,Reims,4,4,2020,Reims,Lens,0,4,4,draw,20201108_Lens_Reims,1.02999,1.02999,38.0,72.4,1.0,0.0,22.0
2020-11-08 14:00:00,Lorient,Nantes,0,2,2020,Nantes,Lorient,0,2,0,win,20201108_Lorient_Nantes,1.46578,1.46578,52.0,73.2,1.0,0.0,13.0
2020-11-08 20:00:00,Lyon,Saint-Etienne,2,1,2020,Saint-Etienne,Lyon,0,1,2,loss,20201108_Lyon_Saint-Etienne,1.46951,0.709414,,,,,
2020-11-08 14:00:00,Metz,Dijon,1,1,2020,Dijon,Metz,0,1,1,draw,20201108_Metz_Dijon,2.43299,1.6729,55.0,82.7,1.0,0.0,18.0
2020-11-08 16:00:00,Nice,Monaco,1,2,2020,Monaco,Nice,0,2,1,win,20201108_Nice_Monaco,1.87829,1.87829,37.0,74.7,2.0,0.0,21.0
2020-11-08 14:00:00,Nimes,Angers,1,5,2020,Angers,Nimes,0,5,1,win,20201108_Nimes_Angers,2.03947,1.27938,41.0,72.8,5.0,0.0,18.0
2020-11-20 20:00:00,Monaco,Paris Saint Germain,3,2,2020,Paris Saint Germain,Monaco,0,2,3,loss,20201120_Monaco_Paris Saint Germain,2.01645,1.25636,,,,,
2020-11-20 18:00:00,Rennes,Bordeaux,0,1,2020,Bordeaux,Rennes,0,1,0,win,20201120_Rennes_Bordeaux,0.312448,0.312448,41.0,72.8,2.0,0.0,33.0
2020-11-21 16:00:00,Brest,Saint-Etienne,4,1,2020,Saint-Etienne,Brest,0,1,4,loss,20201121_Brest_Saint-Etienne,1.08804,1.08804,,,,,
2020-11-22 16:00:00,Angers,Lyon,0,1,2020,Lyon,Angers,0,1,0,win,20201122_Angers_Lyon,1.12013,1.12013,50.0,81.4,3.0,0.0,27.0
2020-11-22 14:00:00,Dijon,Lens,0,1,2020,Lens,Dijon,0,1,0,win,20201122_Dijon_Lens,1.28012,1.28012,47.0,77.6,0.0,0.0,22.0
2020-11-22 20:00:00,Lille,Lorient,4,0,2020,Lorient,Lille,0,0,4,loss,20201122_Lille_Lorient,0.462287,0.462287,36.0,76.4,3.0,0.0,18.0
2020-11-22 14:00:00,Montpellier,Strasbourg,4,3,2020,Strasbourg,Montpellier,0,3,4,loss,20201122_Montpellier_Strasbourg,3.39205,1.87186,43.0,74.6,1.0,0.0,22.0
2020-11-22 12:00:00,Nantes,Metz,1,1,2020,Metz,Nantes,0,1,1,draw,20201122_Nantes_Metz,1.30332,0.543229,34.0,69.2,3.0,0.0,19.0
2020-11-22 14:00:00,Reims,Nimes,0,1,2020,Nimes,Reims,0,1,0,win,20201122_Reims_Nimes,0.955282,0.195187,,,,,
2020-11-25 12:00:00,Lens,Nantes,1,1,2020,Nantes,Lens,0,1,1,draw,20201125_Lens_Nantes,2.16695,1.40692,51.0,76.3,2.0,0.0,14.0
2020-11-27 20:00:00,Strasbourg,Rennes,1,1,2020,Rennes,Strasbourg,0,1,1,draw,20201127_Strasbourg_Rennes,1.99479,1.99479,68.0,85.2,0.0,0.0,11.0
2020-11-28 16:00:00,Marseille,Nantes,3,1,2020,Nantes,Marseille,0,1,3,loss,20201128_Marseille_Nantes,0.322283,0.322283,43.0,77.8,2.0,0.0,9.0
2020-11-28 20:00:00,Paris Saint Germain,Bordeaux,2,2,2020,Bordeaux,Paris Saint Germain,0,2,2,draw,20201128_Paris Saint Germain_Bordeaux,1.13676,1.13676,35.0,76.4,1.0,0.0,38.0
2020-11-29 14:00:00,Lens,Angers,1,3,2020,Angers,Lens,0,3,1,win,20201129_Lens_Angers,2.62737,2.62737,36.0,76.3,2.0,0.0,25.0
2020-11-29 14:00:00,Lorient,Montpellier,0,1,2020,Montpellier,Lorient,0,1,0,win,20201129_Lorient_Montpellier,1.47115,0.711117,58.0,78.9,1.0,0.0,13.0
2020-11-29 12:00:00,Lyon,Reims,3,0,2020,Reims,Lyon,0,0,3,loss,20201129_Lyon_Reims,0.334614,0.334614,36.0,79.8,1.0,1.0,13.0
2020-11-29 14:00:00,Metz,Brest,0,2,2020,Brest,Metz,0,2,0,win,20201129_Metz_Brest,1.32303,1.32303,54.0,83.3,1.0,0.0,33.0
2020-11-29 14:00:00,Monaco,Nimes,3,0,2020,Nimes,Monaco,0,0,3,loss,20201129_Monaco_Nimes,0.208733,0.208733,,,,,
2020-11-29 16:00:00,Nice,Dijon,1,3,2020,Dijon,Nice,0,3,1,win,20201129_Nice_Dijon,0.980084,0.980084,39.0,79.0,3.0,0.0,27.0
2020-11-29 20:00:00,Saint-Etienne,Lille,1,1,2020,Lille,Saint-Etienne,0,1,1,draw,20201129_Saint-Etienne_Lille,0.391883,0.391883,62.0,78.6,1.0,0.0,8.0
2020-12-04 20:00:00,Nimes,Marseille,0,2,2020,Marseille,Nimes,0,2,0,win,20201204_Nimes_Marseille,2.16881,2.16881,68.0,83.2,4.0,0.0,7.0
2020-12-05 20:00:00,Montpellier,Paris Saint Germain,1,3,2020,Paris Saint Germain,Montpellier,0,3,1,win,20201205_Montpellier_Paris Saint Germain,2.12699,2.12699,,,,,
2020-12-05 16:00:00,Rennes,Lens,0,2,2020,Lens,Rennes,0,2,0,win,20201205_Rennes_Lens,0.927878,0.927878,40.0,64.7,3.0,0.0,27.0
2020-12-06 14:00:00,Angers,Lorient,2,0,2020,Lorient,Angers,0,0,2,loss,20201206_Angers_Lorient,0.33512,0.33512,52.0,75.0,0.0,0.0,13.0
2020-12-06 14:00:00,Bordeaux,Brest,1,0,2020,Brest,Bordeaux,0,0,1,loss,20201206_Bordeaux_Brest,0.170892,0.170892,42.0,82.2,3.0,0.0,22.0
2020-12-06 14:00:00,Dijon,Saint-Etienne,0,0,2020,Saint-Etienne,Dijon,0,0,0,draw,20201206_Dijon_Saint-Etienne,0.675017,0.675017,,,,,
2020-12-06 12:00:00,Lille,Monaco,2,1,2020,Monaco,Lille,0,1,2,loss,20201206_Lille_Monaco,0.669039,0.669039,58.0,81.4,0.0,0.0,9.0
2020-12-06 20:00:00,Metz,Lyon,1,3,2020,Lyon,Metz,0,3,1,win,20201206_Metz_Lyon,1.81122,1.81122,54.0,86.3,0.0,1.0,12.0
2020-12-06 14:00:00,Nantes,Strasbourg,0,4,2020,Strasbourg,Nantes,0,4,0,win,20201206_Nantes_Strasbourg,3.19753,1.67734,38.0,74.3,2.0,0.0,17.0
2020-12-06 16:00:00,Reims,Nice,0,0,2020,Nice,Reims,0,0,0,draw,20201206_Reims_Nice,0.570809,0.570809,65.0,81.8,2.0,0.0,23.0
2020-12-11 20:00:00,Saint-Etienne,Angers,0,0,2020,Angers,Saint-Etienne,0,0,0,draw,20201211_Saint-Etienne_Angers,0.751779,0.751779,38.0,76.3,3.0,0.0,20.0
2020-12-12 20:00:00,Lens,Montpellier,2,3,2020,Montpellier,Lens,0,3,2,win,20201212_Lens_Montpellier,1.61719,1.61719,41.0,72.2,1.0,0.0,26.0
2020-12-12 16:00:00,Marseille,Monaco,2,1,2020,Monaco,Marseille,0,1,2,loss,20201212_Marseille_Monaco,1.70771,0.947618,61.0,77.5,2.0,0.0,11.0
2020-12-13 14:00:00,Brest,Reims,2,1,2020,Reims,Brest,0,1,2,loss,20201213_Brest_Reims,0.555087,0.555087,49.0,80.8,1.0,0.0,11.0
2020-12-13 16:00:00,Lille,Bordeaux,2,1,2020,Bordeaux,Lille,0,1,2,loss,20201213_Lille_Bordeaux,0.804147,0.804147,44.0,78.9,2.0,0.0,22.0
2020-12-13 14:00:00,Lorient,Nimes,3,0,2020,Nimes,Lorient,0,0,3,loss,20201213_Lorient_Nimes,0.562896,0.562896,,,,,
2020-12-13 14:00:00,Nantes,Dijon,1,1,2020,Dijon,Nantes,0,1,1,draw,20201213_Nantes_Dijon,1.02506,1.02506,62.0,80.2,2.0,0.0,9.0
2020-12-13 12:00:00,Nice,Rennes,0,1,2020,Rennes,Nice,0,1,0,win,20201213_Nice_Rennes,1.2598,1.2598,46.0,82.3,1.0,0.0,17.0
2020-12-13 20:00:00,Paris Saint Germain,Lyon,0,1,2020,Lyon,Paris Saint Germain,0,1,0,win,20201213_Paris Saint Germain_Lyon,0.833608,0.833608,36.0,76.6,1.0,1.0,24.0
2020-12-13 14:00:00,Strasbourg,Metz,2,2,2020,Metz,Strasbourg,0,2,2,draw,20201213_Strasbourg_Metz,1.71894,0.198811,43.0,71.7,5.0,0.0,19.0
2020-12-16 18:00:00,Angers,Strasbourg,0,2,2020,Strasbourg,Angers,0,2,0,win,20201216_Angers_Strasbourg,0.510882,0.510882,43.0,78.1,2.0,0.0,24.0
2020-12-16 20:00:00,Bordeaux,Saint-Etienne,1,2,2020,Saint-Etienne,Bordeaux,0,2,1,win,20201216_Bordeaux_Saint-Etienne,2.18745,2.18745,,,,,
2020-12-16 18:00:00,Dijon,Lille,0,2,2020,Lille,Dijon,0,2,0,win,20201216_Dijon_Lille,1.10314,1.10314,53.0,80.1,0.0,0.0,8.0
2020-12-16 20:00:00,Lyon,Brest,2,2,2020,Brest,Lyon,0,2,2,draw,20201216_Lyon_Brest,1.28136,0.521268,44.0,80.4,0.0,1.0,32.0
2020-12-16 20:00:00,Monaco,Lens,0,3,2020,Lens,Monaco,0,3,0,win,20201216_Monaco_Lens,0.963125,0.963125,68.0,87.4,4.0,0.0,8.0
2020-12-16 18:00:00,Montpellier,Metz,0,2,2020,Metz,Montpellier,0,2,0,win,20201216_Montpellier_Metz,1.63826,0.878163,41.0,79.6,3.0,0.0,34.0
2020-12-16 18:00:00,Nimes,Nice,0,2,2020,Nice,Nimes,0,2,0,win,20201216_Nimes_Nice,1.97897,1.97897,55.0,85.3,2.0,1.0,17.0
2020-12-16 20:00:00,Paris Saint Germain,Lorient,2,0,2020,Lorient,Paris Saint Germain,0,0,2,loss,20201216_Paris Saint Germain_Lorient,1.30249,1.30249,26.0,69.9,0.0,1.0,17.0
2020-12-16 18:00:00,Reims,Nantes,3,2,2020,Nantes,Reims,0,2,3,loss,20201216_Reims_Nantes,2.08259,2.08259,54.0,78.7,2.0,0.0,18.0
2020-12-16 20:00:00,Rennes,Marseille,2,1,2020,Marseille,Rennes,0,1,2,loss,20201216_Rennes_Marseille,1.24235,1.24235,33.0,70.3,4.0,1.0,26.0
2020-12-19 18:00:00,Marseille,Reims,1,1,2020,Reims,Marseille,0,1,1,draw,20201219_Marseille_Reims,0.363146,0.363146,30.0,70.8,3.0,0.0,31.0
2020-12-19 16:00:00,Metz,Lens,2,0,2020,Lens,Metz,0,0,2,loss,20201219_Metz_Lens,1.14532,1.14532,61.0,78.8,1.0,0.0,14.0
2020-12-19 20:00:00,Nice,Lyon,1,4,2020,Lyon,Nice,0,4,1,win,20201219_Nice_Lyon,3.1134,2.35337,45.0,86.7,1.0,0.0,20.0
2020-12-20 12:00:00,Brest,Montpellier,2,2,2020,Montpellier,Brest,0,2,2,draw,20201220_Brest_Montpellier,0.522177,0.522177,45.0,82.4,1.0,0.0,24.0
2020-12-20 14:00:00,Dijon,Monaco,0,1,2020,Monaco,Dijon,0,1,0,win,20201220_Dijon_Monaco,1.12699,1.12699,48.0,76.4,1.0,0.0,20.0
2020-12-20 20:00:00,Lille,Paris Saint Germain,0,0,2020,Paris Saint Germain,Lille,0,0,0,draw,20201220_Lille_Paris Saint Germain,0.552443,0.552443,,,,,
2020-12-20 16:00:00,Lorient,Rennes,0,3,2020,Rennes,Lorient,0,3,0,win,20201220_Lorient_Rennes,1.00048,1.00048,57.0,84.6,2.0,0.0,10.0
2020-12-20 14:00:00,Nantes,Angers,1,1,2020,Angers,Nantes,0,1,1,draw,20201220_Nantes_Angers,0.942065,0.942065,40.0,67.7,0.0,0.0,24.0
2020-12-20 14:00:00,Saint-Etienne,Nimes,2,2,2020,Nimes,Saint-Etienne,0,2,2,draw,20201220_Saint-Etienne_Nimes,1.50557,0.745472,,,,,
2020-12-20 14:00:00,Strasbourg,Bordeaux,0,2,2020,Bordeaux,Strasbourg,0,2,0,win,20201220_Strasbourg_Bordeaux,1.30968,1.30968,46.0,77.7,1.0,0.0,28.0
2020-12-23 20:00:00,Angers,Marseille,2,1,2020,Marseille,Angers,0,1,2,loss,20201223_Angers_Marseille,1.49756,0.737461,69.0,81.4,4.0,0.0,17.0
2020-12-23 18:00:00,Bordeaux,Reims,1,3,2020,Reims,Bordeaux,0,3,1,win,20201223_Bordeaux_Reims,1.30331,1.30331,38.0,79.1,1.0,0.0,16.0
2020-12-23 18:00:00,Lens,Brest,2,1,2020,Brest,Lens,0,1,2,loss,20201223_Lens_Brest,1.17648,0.416387,53.0,80.7,2.0,0.0,13.0
2020-12-23 20:00:00,Lyon,Nantes,3,0,2020,Nantes,Lyon,0,0,3,loss,20201223_Lyon_Nantes,1.10394,1.10394,36.0,77.5,3.0,0.0,13.0
2020-12-23 20:00:00,Monaco,Saint-Etienne,2,2,2020,Saint-Etienne,Monaco,0,2,2,draw,20201223_Monaco_Saint-Etienne,1.97218,1.21208,,,,,
2020-12-23 20:00:00,Montpellier,Lille,2,3,2020,Lille,Montpellier,0,3,2,win,20201223_Montpellier_Lille,1.70435,0.944256,53.0,83.5,2.0,0.0,24.0
2020-12-23 18:00:00,Nice,Lorient,2,2,2020,Lorient,Nice,0,2,2,draw,20201223_Nice_Lorient,2.13449,1.3744,57.0,85.7,4.0,0.0,5.0
2020-12-23 18:00:00,Nimes,Dijon,1,3,2020,Dijon,Nimes,0,3,1,win,20201223_Nimes_Dijon,1.60068,1.60068,54.0,78.7,2.0,0.0,22.0
2020-12-23 20:00:00,Paris Saint Germain,Strasbourg,4,0,2020,Strasbourg,Paris Saint Germain,0,0,4,loss,20201223_Paris Saint Germain_Strasbourg,0.417249,0.417249,31.0,79.5,0.0,0.0,14.0
2020-12-23 18:00:00,Rennes,Metz,1,0,2020,Metz,Rennes,0,0,1,loss,20201223_Rennes_Metz,0.83489,0.83489,38.0,73.8,1.0,0.0,24.0
2021-01-06 18:00:00,Brest,Nice,2,0,2020,Nice,Brest,0,0,2,loss,20210106_Brest_Nice,1.37393,1.37393,61.0,83.5,3.0,0.0,7.0
2021-01-06 20:00:00,Lille,Angers,1,2,2020,Angers,Lille,0,2,1,win,20210106_Lille_Angers,0.413017,0.413017,35.0,65.6,1.0,0.0,29.0
2021-01-06 18:00:00,Lorient,Monaco,2,5,2020,Monaco,Lorient,0,5,2,win,20210106_Lorient_Monaco,2.81772,2.81772,59.0,84.7,3.0,0.0,20.0
2021-01-06 20:00:00,Lyon,Lens,3,2,2020,Lens,Lyon,0,2,3,loss,20210106_Lyon_Lens,0.947234,0.947234,49.0,80.3,2.0,0.0,22.0
2021-01-06 20:00:00,Marseille,Montpellier,3,1,2020,Montpellier,Marseille,0,1,3,loss,20210106_Marseille_Montpellier,1.17896,1.17896,44.0,76.8,0.0,0.0,19.0
2021-01-06 18:00:00,Metz,Bordeaux,0,0,2020,Bordeaux,Metz,0,0,0,draw,20210106_Metz_Bordeaux,0.667484,0.667484,57.0,85.4,2.0,0.0,10.0
2021-01-06 18:00:00,Nantes,Rennes,0,0,2020,Rennes,Nantes,0,0,0,draw,20210106_Nantes_Rennes,0.490669,0.490669,72.0,87.8,2.0,0.0,20.0
2021-01-06 20:00:00,Reims,Dijon,0,0,2020,Dijon,Reims,0,0,0,draw,20210106_Reims_Dijon,0.125669,0.125669,43.0,74.6,3.0,0.0,19.0
2021-01-06 20:00:00,Saint-Etienne,Paris Saint Germain,1,1,2020,Paris Saint Germain,Saint-Etienne,0,1,1,draw,20210106_Saint-Etienne_Paris Saint Germain,1.39496,1.39496,,,,,
2021-01-06 18:00:00,Strasbourg,Nimes,5,0,2020,Nimes,Strasbourg,0,0,5,loss,20210106_Strasbourg_Nimes,0.826798,0.826798,,,,,
2021-01-09 20:00:00,Bordeaux,Lorient,2,1,2020,Lorient,Bordeaux,0,1,2,loss,20210109_Bordeaux_Lorient,1.06734,1.06734,51.0,80.2,0.0,0.0,16.0
2021-01-09 20:00:00,Dijon,Marseille,0,0,2020,Marseille,Dijon,0,0,0,draw,20210109_Dijon_Marseille,1.80202,1.80202,58.0,76.5,2.0,0.0,12.0
2021-01-09 20:00:00,Lens,Strasbourg,0,1,2020,Strasbourg,Lens,0,1,0,win,20210109_Lens_Strasbourg,1.57769,1.57769,35.0,66.2,1.0,0.0,19.0
2021-01-09 20:00:00,Metz,Nice,1,1,2020,Nice,Metz,0,1,1,draw,20210109_Metz_Nice,1.48081,0.720714,56.0,80.9,2.0,0.0,16.0
2021-01-09 20:00:00,Monaco,Angers,3,0,2020,Angers,Monaco,0,0,3,loss,20210109_Monaco_Angers,0.689403,0.689403,44.0,74.9,0.0,0.0,13.0
2021-01-09 20:00:00,Montpellier,Nantes,1,1,2020,Nantes,Montpellier,0,1,1,draw,20210109_Montpellier_Nantes,1.31067,1.31067,53.0,83.5,0.0,0.0,14.0
2021-01-09 20:00:00,Nimes,Lille,0,1,2020,Lille,Nimes,0,1,0,win,20210109_Nimes_Lille,1.01419,1.01419,52.0,81.6,3.0,0.0,17.0
2021-01-09 20:00:00,Paris Saint Germain,Brest,3,0,2020,Brest,Paris Saint Germain,0,0,3,loss,20210109_Paris Saint Germain_Brest,0.546939,0.546939,39.0,81.9,1.0,0.0,18.0
2021-01-09 20:00:00,Reims,Saint-Etienne,3,1,2020,Saint-Etienne,Reims,0,1,3,loss,20210109_Reims_Saint-Etienne,1.28905,1.28905,,,,,
2021-01-09 20:00:00,Rennes,Lyon,2,2,2020,Lyon,Rennes,0,2,2,draw,20210109_Rennes_Lyon,1.11618,1.11618,45.0,81.3,2.0,0.0,11.0
2021-01-15 20:00:00,Montpellier,Monaco,2,3,2020,Monaco,Montpellier,0,3,2,win,20210115_Montpellier_Monaco,2.88799,2.1279,48.0,70.6,3.0,0.0,14.0
2021-01-16 20:00:00,Angers,Paris Saint Germain,0,1,2020,Paris Saint Germain,Angers,0,1,0,win,20210116_Angers_Paris Saint Germain,1.48664,1.48664,,,,,
2021-01-16 16:00:00,Marseille,Nimes,1,2,2020,Nimes,Marseille,0,2,1,win,20210116_Marseille_Nimes,1.58781,1.58781,,,,,
2021-01-17 12:00:00,Brest,Rennes,1,2,2020,Rennes,Brest,0,2,1,win,20210117_Brest_Rennes,1.4995,0.739407,57.0,86.5,1.0,0.0,18.0
2021-01-17 16:00:00,Lille,Reims,2,1,2020,Reims,Lille,0,1,2,loss,20210117_Lille_Reims,0.265034,0.265034,39.0,77.8,1.0,0.0,14.0
2021-01-17 20:00:00,Lyon,Metz,0,1,2020,Metz,Lyon,0,1,0,win,20210117_Lyon_Metz,1.4255,1.4255,36.0,71.1,3.0,0.0,26.0
2021-01-17 14:00:00,Nantes,Lens,1,1,2020,Lens,Nantes,0,1,1,draw,20210117_Nantes_Lens,1.35642,0.596322,59.0,81.2,3.0,0.0,14.0
2021-01-17 14:00:00,Nice,Bordeaux,0,3,2020,Bordeaux,Nice,0,3,0,win,20210117_Nice_Bordeaux,3.61303,3.61303,50.0,80.7,1.0,0.0,16.0
2021-01-17 14:00:00,Strasbourg,Saint-Etienne,1,0,2020,Saint-Etienne,Strasbourg,0,0,1,loss,20210117_Strasbourg_Saint-Etienne,1.25152,0.491429,,,,,
2021-01-20 22:00:00,Marseille,Lens,0,1,2020,Lens,Marseille,0,1,0,win,20210120_Marseille_Lens,1.55004,1.55004,53.0,82.6,3.0,0.0,15.0
2021-01-22 20:00:00,Paris Saint Germain,Montpellier,4,0,2020,Montpellier,Paris Saint Germain,0,0,4,loss,20210122_Paris Saint Germain_Montpellier,0.15807,0.15807,28.0,67.4,1.0,1.0,13.0
2021-01-23 16:00:00,Lens,Nice,0,1,2020,Nice,Lens,0,1,0,win,20210123_Lens_Nice,0.547266,0.547266,45.0,77.5,1.0,0.0,32.0
2021-01-23 20:00:00,Monaco,Marseille,3,1,2020,Marseille,Monaco,0,1,3,loss,20210123_Monaco_Marseille,0.462549,0.462549,46.0,67.6,5.0,0.0,31.0
2021-01-24 12:00:00,Bordeaux,Angers,2,1,2020,Angers,Bordeaux,0,1,2,loss,20210124_Bordeaux_Angers,1.71363,1.71363,54.0,85.2,2.0,0.0,6.0
2021-01-24 14:00:00,Dijon,Strasbourg,1,1,2020,Strasbourg,Dijon,0,1,1,draw,20210124_Dijon_Strasbourg,2.7928,2.7928,50.0,80.3,0.0,0.0,19.0
2021-01-24 14:00:00,Metz,Nantes,2,0,2020,Nantes,Metz,0,0,2,loss,20210124_Metz_Nantes,0.239963,0.239963,57.0,79.8,1.0,0.0,11.0
2021-01-24 14:00:00,Reims,Brest,1,0,2020,Brest,Reims,0,0,1,loss,20210124_Reims_Brest,1.01943,1.01943,64.0,81.4,0.0,0.0,11.0
2021-01-24 16:00:00,Rennes,Lille,0,1,2020,Lille,Rennes,0,1,0,win,20210124_Rennes_Lille,0.796039,0.796039,33.0,64.0,2.0,0.0,19.0
2021-01-24 20:00:00,Saint-Etienne,Lyon,0,5,2020,Lyon,Saint-Etienne,0,5,0,win,20210124_Saint-Etienne_Lyon,2.19868,2.19868,60.0,83.4,1.0,0.0,9.0
2021-01-27 20:00:00,Lorient,Dijon,3,2,2020,Dijon,Lorient,0,2,3,loss,20210127_Lorient_Dijon,1.6704,1.6704,54.0,73.1,3.0,0.0,23.0
2021-01-29 20:00:00,Lyon,Bordeaux,2,1,2020,Bordeaux,Lyon,0,1,2,loss,20210129_Lyon_Bordeaux,0.73143,0.73143,44.0,76.0,2.0,0.0,12.0
2021-01-30 16:00:00,Montpellier,Lens,1,2,2020,Lens,Montpellier,0,2,1,win,20210130_Montpellier_Lens,1.07049,1.07049,44.0,74.8,4.0,0.0,55.0
2021-01-31 14:00:00,Angers,Nimes,3,1,2020,Nimes,Angers,0,1,3,loss,20210131_Angers_Nimes,0.9424,0.182305,,,,,
2021-01-31 14:00:00,Brest,Metz,2,4,2020,Metz,Brest,0,4,2,win,20210131_Brest_Metz,1.50555,0.745454,38.0,78.8,3.0,0.0,25.0
2021-01-31 16:00:00,Lille,Dijon,1,0,2020,Dijon,Lille,0,0,1,loss,20210131_Lille_Dijon,0.370938,0.370938,41.0,76.7,2.0,0.0,15.0
2021-01-31 14:00:00,Lorient,Paris Saint Germain,3,2,2020,Paris Saint Germain,Lorient,0,2,3,loss,20210131_Lorient_Paris Saint Germain,2.64181,1.12162,,,,,
2021-01-31 20:00:00,Nantes,Monaco,1,2,2020,Monaco,Nantes,0,2,1,win,20210131_Nantes_Monaco,1.52441,1.52441,67.0,82.6,3.0,0.0,11.0
2021-01-31 12:00:00,Nice,Saint-Etienne,0,1,2020,Saint-Etienne,Nice,0,1,0,win,20210131_Nice_Saint-Etienne,1.58746,1.58746,,,,,
2021-01-31 14:00:00,Strasbourg,Reims,0,1,2020,Reims,Strasbourg,0,1,0,win,20210131_Strasbourg_Reims,1.31697,1.31697,52.0,80.8,2.0,0.0,18.0
2021-02-03 18:00:00,Bordeaux,Lille,0,3,2020,Lille,Bordeaux,0,3,0,win,20210203_Bordeaux_Lille,1.99926,1.99926,46.0,82.2,2.0,0.0,11.0
2021-02-03 20:00:00,Dijon,Lyon,0,1,2020,Lyon,Dijon,0,1,0,win,20210203_Dijon_Lyon,2.26364,2.26364,63.0,85.3,0.0,0.0,10.0
2021-02-03 20:00:00,Lens,Marseille,2,2,2020,Marseille,Lens,0,2,2,draw,20210203_Lens_Marseille,1.3201,1.3201,40.0,68.6,2.0,0.0,24.0
2021-02-03 18:00:00,Metz,Montpellier,1,1,2020,Montpellier,Metz,0,1,1,draw,20210203_Metz_Montpellier,1.02749,1.02749,55.0,81.0,1.0,0.0,20.0
2021-02-03 20:00:00,Monaco,Nice,2,1,2020,Nice,Monaco,0,1,2,loss,20210203_Monaco_Nice,0.426701,0.426701,58.0,83.6,4.0,0.0,16.0
2021-02-03 20:00:00,Paris Saint Germain,Nimes,3,0,2020,Nimes,Paris Saint Germain,0,0,3,loss,20210203_Paris Saint Germain_Nimes,1.73501,1.73501,,,,,
2021-02-03 18:00:00,Reims,Angers,0,0,2020,Angers,Reims,0,0,0,draw,20210203_Reims_Angers,0.251964,0.251964,43.0,77.3,1.0,0.0,15.0
2021-02-03 18:00:00,Rennes,Lorient,1,1,2020,Lorient,Rennes,0,1,1,draw,20210203_Rennes_Lorient,0.620552,0.620552,41.0,77.7,1.0,0.0,16.0
2021-02-03 20:00:00,Saint-Etienne,Nantes,1,1,2020,Nantes,Saint-Etienne,0,1,1,draw,20210203_Saint-Etienne_Nantes,1.25487,1.25487,50.0,69.2,1.0,0.0,13.0
2021-02-03 18:00:00,Strasbourg,Brest,2,2,2020,Brest,Strasbourg,0,2,2,draw,20210203_Strasbourg_Brest,0.710748,0.710748,59.0,81.7,0.0,0.0,11.0
2021-02-06 20:00:00,Lens,Rennes,0,0,2020,Rennes,Lens,0,0,0,draw,20210206_Lens_Rennes,0.549443,0.549443,47.0,80.2,4.0,0.0,19.0
2021-02-06 16:00:00,Lorient,Reims,1,0,2020,Reims,Lorient,0,0,1,loss,20210206_Lorient_Reims,0.779858,0.779858,60.0,77.4,4.0,0.0,9.0
2021-02-06 18:00:00,Lyon,Strasbourg,3,0,2020,Strasbourg,Lyon,0,0,3,loss,20210206_Lyon_Strasbourg,0.242033,0.242033,31.0,73.3,2.0,1.0,15.0
2021-02-07 12:00:00,Brest,Bordeaux,2,1,2020,Bordeaux,Brest,0,1,2,loss,20210207_Brest_Bordeaux,0.635508,0.635508,53.0,81.3,3.0,0.0,14.0
2021-02-07 20:00:00,Marseille,Paris Saint Germain,0,2,2020,Paris Saint Germain,Marseille,0,2,0,win,20210207_Marseille_Paris Saint Germain,1.23049,1.23049,,,,,
2021-02-07 14:00:00,Montpellier,Dijon,4,2,2020,Dijon,Montpellier,0,2,4,loss,20210207_Montpellier_Dijon,1.31726,0.557169,41.0,75.3,3.0,1.0,31.0
2021-02-07 16:00:00,Nantes,Lille,0,2,2020,Lille,Nantes,0,2,0,win,20210207_Nantes_Lille,1.7948,1.7948,56.0,79.5,0.0,0.0,22.0
2021-02-07 14:00:00,Nice,Angers,3,0,2020,Angers,Nice,0,0,3,loss,20210207_Nice_Angers,0.620413,0.620413,49.0,79.6,1.0,0.0,11.0
2021-02-07 14:00:00,Nimes,Monaco,3,4,2020,Monaco,Nimes,0,4,3,win,20210207_Nimes_Monaco,1.24576,1.24576,56.0,82.6,2.0,0.0,8.0
2021-02-07 14:00:00,Saint-Etienne,Metz,1,0,2020,Metz,Saint-Etienne,0,0,1,loss,20210207_Saint-Etienne_Metz,0.327429,0.327429,51.0,75.3,2.0,0.0,12.0
2021-02-13 20:00:00,Lyon,Montpellier,1,2,2020,Montpellier,Lyon,0,2,1,win,20210213_Lyon_Montpellier,1.75721,1.75721,45.0,74.0,1.0,0.0,23.0
2021-02-13 16:00:00,Paris Saint Germain,Nice,2,1,2020,Nice,Paris Saint Germain,0,1,2,loss,20210213_Paris Saint Germain_Nice,1.0503,1.0503,45.0,86.3,0.0,0.0,13.0
2021-02-13 18:00:00,Reims,Lens,1,1,2020,Lens,Reims,0,1,1,draw,20210213_Reims_Lens,3.15679,2.39676,63.0,81.0,0.0,0.0,13.0
2021-02-14 14:00:00,Angers,Nantes,1,3,2020,Nantes,Angers,0,3,1,win,20210214_Angers_Nantes,1.75357,0.993474,35.0,64.7,3.0,0.0,23.0
2021-02-14 20:00:00,Bordeaux,Marseille,0,0,2020,Marseille,Bordeaux,0,0,0,draw,20210214_Bordeaux_Marseille,0.41792,0.41792,45.0,76.1,1.0,2.0,19.0
2021-02-14 14:00:00,Dijon,Nimes,0,2,2020,Nimes,Dijon,0,2,0,win,20210214_Dijon_Nimes,1.90774,1.90774,,,,,
2021-02-14 16:00:00,Lille,Brest,0,0,2020,Brest,Lille,0,0,0,draw,20210214_Lille_Brest,0.0883755,0.0883755,32.0,71.1,1.0,0.0,38.0
2021-02-14 14:00:00,Metz,Strasbourg,1,2,2020,Strasbourg,Metz,0,2,1,win,20210214_Metz_Strasbourg,1.39672,1.39672,55.0,76.2,1.0,0.0,15.0
2021-02-14 12:00:00,Monaco,Lorient,2,2,2020,Lorient,Monaco,0,2,2,draw,20210214_Monaco_Lorient,1.43939,0.679293,30.0,68.4,3.0,0.0,47.0
2021-02-14 14:00:00,Rennes,Saint-Etienne,0,2,2020,Saint-Etienne,Rennes,0,2,0,win,20210214_Rennes_Saint-Etienne,0.347155,0.347155,,,,,
2021-02-17 20:00:00,Marseille,Nice,3,2,2020,Nice,Marseille,0,2,3,loss,20210217_Marseille_Nice,1.2083,1.2083,55.0,83.3,1.0,0.0,23.0
2021-02-19 20:00:00,Brest,Lyon,2,3,2020,Lyon,Brest,0,3,2,win,20210219_Brest_Lyon,3.47483,2.71474,49.0,79.0,2.0,0.0,35.0
2021-02-20 16:00:00,Nantes,Marseille,1,1,2020,Marseille,Nantes,0,1,1,draw,20210220_Nantes_Marseille,0.564279,0.564279,65.0,78.0,1.0,1.0,19.0
2021-02-20 12:00:00,Saint-Etienne,Reims,1,1,2020,Reims,Saint-Etienne,0,1,1,draw,20210220_Saint-Etienne_Reims,0.35467,0.35467,51.0,75.0,2.0,0.0,31.0
2021-02-21 14:00:00,Lens,Dijon,2,1,2020,Dijon,Lens,0,1,2,loss,20210221_Lens_Dijon,0.88646,0.88646,46.0,75.1,0.0,1.0,16.0
2021-02-21 16:00:00,Lorient,Lille,1,4,2020,Lille,Lorient,0,4,1,win,20210221_Lorient_Lille,1.04668,1.04668,56.0,81.7,0.0,0.0,8.0
2021-02-21 12:00:00,Montpellier,Rennes,2,1,2020,Rennes,Montpellier,0,1,2,loss,20210221_Montpellier_Rennes,1.42102,1.42102,65.0,85.9,2.0,0.0,10.0
2021-02-21 14:00:00,Nice,Metz,1,2,2020,Metz,Nice,0,2,1,win,20210221_Nice_Metz,1.43338,1.43338,35.0,74.2,1.0,0.0,19.0
2021-02-21 14:00:00,Nimes,Bordeaux,2,0,2020,Bordeaux,Nimes,0,0,2,loss,20210221_Nimes_Bordeaux,0.791842,0.791842,71.0,85.7,3.0,1.0,11.0
2021-02-21 20:00:00,Paris Saint Germain,Monaco,0,2,2020,Monaco,Paris Saint Germain,0,2,0,win,20210221_Paris Saint Germain_Monaco,1.05657,1.05657,26.0,69.7,1.0,0.0,27.0
2021-02-21 14:00:00,Strasbourg,Angers,0,0,2020,Angers,Strasbourg,0,0,0,draw,20210221_Strasbourg_Angers,0.325105,0.325105,43.0,71.5,1.0,0.0,25.0
2021-02-24 20:00:00,Nimes,Lorient,1,0,2020,Lorient,Nimes,0,0,1,loss,20210224_Nimes_Lorient,0.3945,0.3945,51.0,80.4,4.0,0.0,20.0
2021-02-26 20:00:00,Rennes,Nice,1,2,2020,Nice,Rennes,0,2,1,win,20210226_Rennes_Nice,1.6621,0.902204,39.0,76.0,2.0,0.0,19.0
2021-02-27 12:00:00,Bordeaux,Metz,1,2,2020,Metz,Bordeaux,0,2,1,win,20210227_Bordeaux_Metz,1.84068,1.84068,49.0,72.3,2.0,0.0,13.0
2021-02-27 16:00:00,Dijon,Paris Saint Germain,0,4,2020,Paris Saint Germain,Dijon,0,4,0,win,20210227_Dijon_Paris Saint Germain,2.12179,1.36176,,,,,
2021-02-28 14:00:00,Angers,Lens,2,2,2020,Lens,Angers,0,2,2,draw,20210228_Angers_Lens,1.0798,1.0798,60.0,78.9,0.0,0.0,8.0
2021-02-28 16:00:00,Lille,Strasbourg,1,1,2020,Strasbourg,Lille,0,1,1,draw,20210228_Lille_Strasbourg,0.965368,0.965368,32.0,65.0,2.0,0.0,41.0
2021-02-28 14:00:00,Lorient,Saint-Etienne,2,1,2020,Saint-Etienne,Lorient,0,1,2,loss,20210228_Lorient_Saint-Etienne,1.01869,1.01869,,,,,
2021-02-28 20:00:00,Marseille,Lyon,1,1,2020,Lyon,Marseille,0,1,1,draw,20210228_Marseille_Lyon,0.581809,0.581809,48.0,80.1,4.0,1.0,24.0
2021-02-28 12:00:00,Monaco,Brest,2,0,2020,Brest,Monaco,0,0,2,loss,20210228_Monaco_Brest,0.429681,0.429681,37.0,78.6,0.0,0.0,25.0
2021-02-28 14:00:00,Nimes,Nantes,1,1,2020,Nantes,Nimes,0,1,1,draw,20210228_Nimes_Nantes,1.48858,1.48858,40.0,63.8,1.0,0.0,18.0
2021-02-28 14:00:00,Reims,Montpellier,0,0,2020,Montpellier,Reims,0,0,0,draw,20210228_Reims_Montpellier,0.322556,0.322556,43.0,75.0,1.0,0.0,17.0
2021-03-03 20:00:00,Bordeaux,Paris Saint Germain,0,1,2020,Paris Saint Germain,Bordeaux,0,1,0,win,20210303_Bordeaux_Paris Saint Germain,1.27822,1.27822,,,,,
2021-03-03 18:00:00,Brest,Dijon,3,1,2020,Dijon,Brest,0,1,3,loss,20210303_Brest_Dijon,0.716104,0.716104,51.0,79.0,1.0,0.0,11.0
2021-03-03 20:00:00,Lille,Marseille,2,0,2020,Marseille,Lille,0,0,2,loss,20210303_Lille_Marseille,0.0997889,0.0997889,40.0,71.9,1.0,0.0,24.0
2021-03-03 18:00:00,Lyon,Rennes,1,0,2020,Rennes,Lyon,0,0,1,loss,20210303_Lyon_Rennes,0.591174,0.591174,53.0,82.5,3.0,0.0,20.0
2021-03-03 18:00:00,Metz,Angers,0,1,2020,Angers,Metz,0,1,0,win,20210303_Metz_Angers,1.0704,0.310308,35.0,71.6,2.0,0.0,13.0
2021-03-03 20:00:00,Montpellier,Lorient,1,1,2020,Lorient,Montpellier,0,1,1,draw,20210303_Montpellier_Lorient,2.0525,1.2924,46.0,79.6,3.0,0.0,21.0
2021-03-03 20:00:00,Nantes,Reims,1,2,2020,Reims,Nantes,0,2,1,win,20210303_Nantes_Reims,0.618533,0.618533,51.0,74.4,5.0,0.0,24.0
2021-03-03 18:00:00,Nice,Nimes,2,1,2020,Nimes,Nice,0,1,2,loss,20210303_Nice_Nimes,2.37864,2.37864,,,,,
2021-03-03 18:00:00,Saint-Etienne,Lens,2,3,2020,Lens,Saint-Etienne,0,3,2,win,20210303_Saint-Etienne_Lens,1.97268,1.21258,35.0,71.8,2.0,0.0,39.0
2021-03-03 20:00:00,Strasbourg,Monaco,1,0,2020,Monaco,Strasbourg,0,0,1,loss,20210303_Strasbourg_Monaco,0.729752,0.729752,62.0,77.5,0.0,0.0,27.0
2021-03-10 20:00:00,Marseille,Rennes,1,0,2020,Rennes,Marseille,0,0,1,loss,20210310_Marseille_Rennes,0.596112,0.596112,49.0,80.3,3.0,0.0,15.0
2021-03-12 20:00:00,Reims,Lyon,1,1,2020,Lyon,Reims,0,1,1,draw,20210312_Reims_Lyon,1.53476,1.53476,68.0,81.5,1.0,0.0,7.0
2021-03-13 12:00:00,Angers,Saint-Etienne,0,1,2020,Saint-Etienne,Angers,0,1,0,win,20210313_Angers_Saint-Etienne,0.872327,0.872327,,,,,
2021-03-13 16:00:00,Marseille,Brest,3,1,2020,Brest,Marseille,0,1,3,loss,20210313_Marseille_Brest,0.409173,0.409173,59.0,84.9,1.0,0.0,11.0
2021-03-14 14:00:00,Dijon,Bordeaux,1,3,2020,Bordeaux,Dijon,0,3,1,win,20210314_Dijon_Bordeaux,1.5005,1.5005,54.0,76.5,1.0,0.0,17.0
2021-03-14 14:00:00,Lens,Metz,2,2,2020,Metz,Lens,0,2,2,draw,20210314_Lens_Metz,1.46077,0.700678,47.0,78.8,3.0,0.0,33.0
2021-03-14 14:00:00,Lorient,Nice,1,1,2020,Nice,Lorient,0,1,1,draw,20210314_Lorient_Nice,0.511554,0.511554,51.0,84.8,2.0,0.0,21.0
2021-03-14 16:05:00,Monaco,Lille,0,0,2020,Lille,Monaco,0,0,0,draw,20210314_Monaco_Lille,0.163714,0.163714,37.0,76.0,3.0,0.0,24.0
2021-03-14 12:00:00,Nimes,Montpellier,1,1,2020,Montpellier,Nimes,0,1,1,draw,20210314_Nimes_Montpellier,1.56372,1.56372,61.0,75.1,0.0,0.0,21.0
2021-03-14 20:00:00,Paris Saint Germain,Nantes,1,2,2020,Nantes,Paris Saint Germain,0,2,1,win,20210314_Paris Saint Germain_Nantes,1.15766,1.15766,27.0,69.6,2.0,0.0,19.0
2021-03-14 14:00:00,Rennes,Strasbourg,1,0,2020,Strasbourg,Rennes,0,0,1,loss,20210314_Rennes_Strasbourg,0.58962,0.58962,50.0,75.9,2.0,0.0,11.0
2021-03-19 16:05:00,Saint-Etienne,Monaco,0,4,2020,Monaco,Saint-Etienne,0,4,0,win,20210319_Saint-Etienne_Monaco,2.43305,1.67295,59.0,81.2,2.0,0.0,14.0
2021-03-20 12:00:00,Metz,Rennes,1,3,2020,Rennes,Metz,0,3,1,win,20210320_Metz_Rennes,2.26743,1.50734,48.0,75.2,2.0,1.0,23.0
2021-03-20 20:00:00,Nice,Marseille,3,0,2020,Marseille,Nice,0,0,3,loss,20210320_Nice_Marseille,0.30434,0.30434,57.0,81.9,1.0,0.0,20.0
2021-03-21 14:00:00,Brest,Angers,0,0,2020,Angers,Brest,0,0,0,draw,20210321_Brest_Angers,0.757882,0.757882,48.0,80.7,3.0,0.0,20.0
2021-03-21 14:00:00,Dijon,Reims,0,1,2020,Reims,Dijon,0,1,0,win,20210321_Dijon_Reims,1.34244,1.34244,47.0,78.1,0.0,0.0,16.0
2021-03-21 16:00:00,Lille,Nimes,1,2,2020,Nimes,Lille,0,2,1,win,20210321_Lille_Nimes,0.80422,0.80422,,,,,
2021-03-21 20:00:00,Lyon,Paris Saint Germain,2,4,2020,Paris Saint Germain,Lyon,0,4,2,win,20210321_Lyon_Paris Saint Germain,1.6505,1.6505,,,,,
2021-03-21 14:00:00,Montpellier,Bordeaux,3,1,2020,Bordeaux,Montpellier,0,1,3,loss,20210321_Montpellier_Bordeaux,1.39846,1.39846,56.0,81.9,2.0,0.0,19.0
2021-03-21 14:00:00,Nantes,Lorient,1,1,2020,Lorient,Nantes,0,1,1,draw,20210321_Nantes_Lorient,0.85463,0.85463,63.0,82.1,1.0,0.0,14.0
2021-03-21 12:00:00,Strasbourg,Lens,1,2,2020,Lens,Strasbourg,0,2,1,win,20210321_Strasbourg_Lens,1.55355,1.55355,40.0,73.1,5.0,0.0,41.0
2021-04-03 19:00:00,Lens,Lyon,1,1,2020,Lyon,Lens,0,1,1,draw,20210403_Lens_Lyon,2.10812,2.10812,60.0,83.1,3.0,1.0,13.0
2021-04-03 11:00:00,Monaco,Metz,4,0,2020,Metz,Monaco,0,0,4,loss,20210403_Monaco_Metz,0.356458,0.356458,39.0,79.0,6.0,1.0,19.0
2021-04-03 15:00:00,Paris Saint Germain,Lille,0,1,2020,Lille,Paris Saint Germain,0,1,0,win,20210403_Paris Saint Germain_Lille,0.552797,0.552797,35.0,74.1,4.0,1.0,35.0
2021-04-04 11:00:00,Angers,Montpellier,1,1,2020,Montpellier,Angers,0,1,1,draw,20210404_Angers_Montpellier,1.75167,1.75167,38.0,71.1,1.0,0.0,10.0
2021-04-04 13:00:00,Bordeaux,Strasbourg,2,3,2020,Strasbourg,Bordeaux,0,3,2,win,20210404_Bordeaux_Strasbourg,2.28415,1.52405,38.0,75.3,1.0,0.0,15.0
2021-04-04 13:00:00,Lorient,Brest,1,0,2020,Brest,Lorient,0,0,1,loss,20210404_Lorient_Brest,0.231613,0.231613,54.0,76.8,2.0,1.0,11.0
2021-04-04 19:00:00,Marseille,Dijon,2,0,2020,Dijon,Marseille,0,0,2,loss,20210404_Marseille_Dijon,0.124818,0.124818,37.0,73.9,4.0,0.0,23.0
2021-04-04 13:00:00,Nantes,Nice,1,2,2020,Nice,Nantes,0,2,1,win,20210404_Nantes_Nice,2.37312,1.61316,50.0,80.5,2.0,0.0,23.0
2021-04-04 15:05:00,Nimes,Saint-Etienne,0,2,2020,Saint-Etienne,Nimes,0,2,0,win,20210404_Nimes_Saint-Etienne,2.21045,2.21045,,,,,
2021-04-04 13:00:00,Reims,Rennes,2,2,2020,Rennes,Reims,0,2,2,draw,20210404_Reims_Rennes,2.06496,1.30493,58.0,86.1,3.0,0.0,6.0
2021-04-09 19:00:00,Metz,Lille,0,2,2020,Lille,Metz,0,2,0,win,20210409_Metz_Lille,0.555794,0.555794,50.0,75.6,2.0,0.0,25.0
2021-04-10 19:00:00,Montpellier,Marseille,3,3,2020,Marseille,Montpellier,0,3,3,draw,20210410_Montpellier_Marseille,1.94159,1.94159,56.0,84.8,2.0,1.0,38.0
2021-04-10 15:00:00,Strasbourg,Paris Saint Germain,1,4,2020,Paris Saint Germain,Strasbourg,0,4,1,win,20210410_Strasbourg_Paris Saint Germain,2.1849,2.1849,,,,,
2021-04-11 13:00:00,Brest,Nimes,1,1,2020,Nimes,Brest,0,1,1,draw,20210411_Brest_Nimes,0.804029,0.804029,,,,,
2021-04-11 13:00:00,Lens,Lorient,4,1,2020,Lorient,Lens,0,1,4,loss,20210411_Lens_Lorient,1.94788,1.94788,62.0,80.8,0.0,0.0,8.0
2021-04-11 19:00:00,Lyon,Angers,3,0,2020,Angers,Lyon,0,0,3,loss,20210411_Lyon_Angers,1.02157,1.02157,47.0,81.8,0.0,0.0,18.0
2021-04-11 15:05:00,Monaco,Dijon,3,0,2020,Dijon,Monaco,0,0,3,loss,20210411_Monaco_Dijon,0.683971,0.683971,36.0,72.4,1.0,0.0,18.0
2021-04-11 13:00:00,Nice,Reims,0,0,2020,Reims,Nice,0,0,0,draw,20210411_Nice_Reims,0.451514,0.451514,46.0,82.1,1.0,0.0,13.0
2021-04-11 11:00:00,Rennes,Nantes,1,0,2020,Nantes,Rennes,0,0,1,loss,20210411_Rennes_Nantes,0.224608,0.224608,36.0,73.4,2.0,0.0,26.0
2021-04-11 13:00:00,Saint-Etienne,Bordeaux,4,1,2020,Bordeaux,Saint-Etienne,0,1,4,loss,20210411_Saint-Etienne_Bordeaux,1.52246,0.762365,63.0,82.7,0.0,0.0,10.0
2021-04-16 19:00:00,Lille,Montpellier,1,1,2020,Montpellier,Lille,0,1,1,draw,20210416_Lille_Montpellier,0.914792,0.914792,37.0,73.8,1.0,0.0,37.0
2021-04-17 11:00:00,Angers,Rennes,0,3,2020,Rennes,Angers,0,3,0,win,20210417_Angers_Rennes,1.4232,1.4232,59.0,86.9,0.0,0.0,15.0
2021-04-17 15:00:00,Marseille,Lorient,3,2,2020,Lorient,Marseille,0,2,3,loss,20210417_Marseille_Lorient,1.47384,1.47384,27.0,73.4,0.0,0.0,28.0
2021-04-18 15:05:00,Bordeaux,Monaco,0,3,2020,Monaco,Bordeaux,0,3,0,win,20210418_Bordeaux_Monaco,1.87096,1.87096,59.0,82.4,1.0,0.0,14.0
2021-04-18 13:00:00,Brest,Lens,1,1,2020,Lens,Brest,0,1,1,draw,20210418_Brest_Lens,1.06491,0.304812,54.0,78.7,7.0,2.0,21.0
2021-04-18 13:00:00,Dijon,Nice,2,0,2020,Nice,Dijon,0,0,2,loss,20210418_Dijon_Nice,0.718471,0.718471,57.0,82.0,1.0,0.0,12.0
2021-04-18 19:00:00,Nantes,Lyon,1,2,2020,Lyon,Nantes,0,2,1,win,20210418_Nantes_Lyon,1.81278,1.05269,51.0,76.6,1.0,0.0,24.0
2021-04-18 13:00:00,Nimes,Strasbourg,1,1,2020,Strasbourg,Nimes,0,1,1,draw,20210418_Nimes_Strasbourg,1.0454,0.141395,48.0,78.4,2.0,1.0,15.0
2021-04-18 11:00:00,Paris Saint Germain,Saint-Etienne,3,2,2020,Saint-Etienne,Paris Saint Germain,0,2,3,loss,20210418_Paris Saint Germain_Saint-Etienne,1.26569,1.26569,,,,,
2021-04-18 13:00:00,Reims,Metz,0,0,2020,Metz,Reims,0,0,0,draw,20210418_Reims_Metz,0.838419,0.838419,52.0,81.3,1.0,0.0,29.0
2021-04-23 19:00:00,Reims,Marseille,1,3,2020,Marseille,Reims,0,3,1,win,20210423_Reims_Marseille,2.37375,2.37375,58.0,86.9,0.0,0.0,15.0
2021-04-24 15:00:00,Metz,Paris Saint Germain,1,3,2020,Paris Saint Germain,Metz,0,3,1,win,20210424_Metz_Paris Saint Germain,2.70678,1.94682,,,,,
2021-04-24 11:00:00,Saint-Etienne,Brest,1,2,2020,Brest,Saint-Etienne,0,2,1,win,20210424_Saint-Etienne_Brest,0.920463,0.920463,56.0,76.5,1.0,0.0,12.0
2021-04-25 15:05:00,Angers,Monaco,0,1,2020,Monaco,Angers,0,1,0,win,20210425_Angers_Monaco,1.35311,1.35311,58.0,81.0,2.0,0.0,12.0
2021-04-25 13:00:00,Lens,Nimes,2,1,2020,Nimes,Lens,0,1,2,loss,20210425_Lens_Nimes,1.45501,0.69491,,,,,
2021-04-25 13:00:00,Lorient,Bordeaux,4,1,2020,Bordeaux,Lorient,0,1,4,loss,20210425_Lorient_Bordeaux,0.690014,0.690014,57.0,82.2,3.0,0.0,9.0
2021-04-25 19:00:00,Lyon,Lille,2,3,2020,Lille,Lyon,0,3,2,win,20210425_Lyon_Lille,1.87462,1.87462,54.0,85.5,3.0,0.0,25.0
2021-04-25 11:00:00,Nice,Montpellier,3,1,2020,Montpellier,Nice,0,1,3,loss,20210425_Nice_Montpellier,1.73033,1.73033,42.0,74.0,2.0,0.0,16.0
2021-04-25 13:00:00,Rennes,Dijon,5,1,2020,Dijon,Rennes,0,1,5,loss,20210425_Rennes_Dijon,1.03041,0.270316,26.0,76.1,3.0,0.0,12.0
2021-04-25 13:00:00,Strasbourg,Nantes,1,2,2020,Nantes,Strasbourg,0,2,1,win,20210425_Strasbourg_Nantes,1.09277,1.09277,36.0,62.6,3.0,0.0,25.0
2021-04-30 19:00:00,Marseille,Strasbourg,1,1,2020,Strasbourg,Marseille,0,1,1,draw,20210430_Marseille_Strasbourg,0.256318,0.256318,32.0,73.4,2.0,0.0,26.0
2021-05-01 19:00:00,Lille,Nice,2,0,2020,Nice,Lille,0,0,2,loss,20210501_Lille_Nice,0.0,0.0,45.0,84.3,3.0,1.0,10.0
2021-05-01 15:00:00,Paris Saint Germain,Lens,2,1,2020,Lens,Paris Saint Germain,0,1,2,loss,20210501_Paris Saint Germain_Lens,1.51498,1.51498,41.0,84.3,2.0,0.0,14.0
2021-05-02 11:00:00,Bordeaux,Rennes,1,0,2020,Rennes,Bordeaux,0,0,1,loss,20210502_Bordeaux_Rennes,0.752351,0.752351,55.0,80.2,1.0,1.0,9.0
2021-05-02 13:00:00,Brest,Nantes,1,4,2020,Nantes,Brest,0,4,1,win,20210502_Brest_Nantes,2.61836,1.85826,41.0,74.1,0.0,0.0,26.0
2021-05-02 13:00:00,Dijon,Metz,1,5,2020,Metz,Dijon,0,5,1,win,20210502_Dijon_Metz,1.83354,1.83354,55.0,81.6,1.0,0.0,7.0
2021-05-02 13:00:00,Lorient,Angers,2,0,2020,Angers,Lorient,0,0,2,loss,20210502_Lorient_Angers,0.584175,0.584175,50.0,84.2,3.0,1.0,7.0
2021-05-02 19:00:00,Monaco,Lyon,2,3,2020,Lyon,Monaco,0,3,2,win,20210502_Monaco_Lyon,0.840692,0.840692,52.0,79.2,4.0,3.0,7.0
2021-05-02 15:05:00,Montpellier,Saint-Etienne,1,2,2020,Saint-Etienne,Montpellier,0,2,1,win,20210502_Montpellier_Saint-Etienne,2.26191,2.26191,,,,,
2021-05-02 13:00:00,Nimes,Reims,2,2,2020,Reims,Nimes,0,2,2,draw,20210502_Nimes_Reims,0.651471,0.651471,49.0,75.9,2.0,0.0,30.0
2021-05-07 19:00:00,Lens,Lille,0,3,2020,Lille,Lens,0,3,0,win,20210507_Lens_Lille,1.24486,0.484769,51.0,88.4,2.0,0.0,14.0
2021-05-08 15:00:00,Lyon,Lorient,4,1,2020,Lorient,Lyon,0,1,4,loss,20210508_Lyon_Lorient,0.61204,0.61204,41.0,81.3,2.0,0.0,18.0
2021-05-08 11:00:00,Nantes,Bordeaux,3,0,2020,Bordeaux,Nantes,0,0,3,loss,20210508_Nantes_Bordeaux,0.721345,0.721345,51.0,74.5,5.0,0.0,25.0
2021-05-09 13:00:00,Angers,Dijon,3,0,2020,Dijon,Angers,0,0,3,loss,20210509_Angers_Dijon,0.2674,0.2674,56.0,84.4,0.0,0.0,9.0
2021-05-09 13:00:00,Metz,Nimes,0,3,2020,Nimes,Metz,0,3,0,win,20210509_Metz_Nimes,2.07976,1.31967,,,,,
2021-05-09 13:00:00,Nice,Brest,3,2,2020,Brest,Nice,0,2,3,loss,20210509_Nice_Brest,1.02622,1.02622,37.0,80.2,1.0,0.0,27.0
2021-05-09 15:05:00,Reims,Monaco,0,1,2020,Monaco,Reims,0,1,0,win,20210509_Reims_Monaco,1.05896,1.05896,60.0,87.4,3.0,0.0,9.0
2021-05-09 19:00:00,Rennes,Paris Saint Germain,1,1,2020,Paris Saint Germain,Rennes,0,1,1,draw,20210509_Rennes_Paris Saint Germain,1.54538,0.785289,,,,,
2021-05-09 11:00:00,Saint-Etienne,Marseille,1,0,2020,Marseille,Saint-Etienne,0,0,1,loss,20210509_Saint-Etienne_Marseille,1.92834,1.92834,55.0,76.0,3.0,0.0,18.0
2021-05-09 13:00:00,Strasbourg,Montpellier,2,3,2020,Montpellier,Strasbourg,0,3,2,win,20210509_Strasbourg_Montpellier,0.716886,0.716886,43.0,70.2,3.0,0.0,27.0
2021-05-16 19:00:00,Bordeaux,Lens,3,0,2020,Lens,Bordeaux,0,0,3,loss,20210516_Bordeaux_Lens,1.12553,1.12553,66.0,83.0,2.0,0.0,8.0
2021-05-16 19:00:00,Dijon,Nantes,0,4,2020,Nantes,Dijon,0,4,0,win,20210516_Dijon_Nantes,2.57999,2.57999,29.0,67.3,1.0,0.0,22.0
2021-05-16 19:00:00,Lille,Saint-Etienne,0,0,2020,Saint-Etienne,Lille,0,0,0,draw,20210516_Lille_Saint-Etienne,0.332146,0.332146,,,,,
2021-05-16 19:00:00,Lorient,Metz,2,1,2020,Metz,Lorient,0,1,2,loss,20210516_Lorient_Metz,0.0661912,0.0661912,62.0,85.1,4.0,0.0,6.0
2021-05-16 19:00:00,Marseille,Angers,3,2,2020,Angers,Marseille,0,2,3,loss,20210516_Marseille_Angers,1.84288,1.84288,47.0,86.1,2.0,0.0,12.0
2021-05-16 19:00:00,Monaco,Rennes,2,1,2020,Rennes,Monaco,0,1,2,loss,20210516_Monaco_Rennes,0.318374,0.318374,60.0,78.9,2.0,1.0,14.0
2021-05-16 19:00:00,Montpellier,Brest,0,0,2020,Brest,Montpellier,0,0,0,draw,20210516_Montpellier_Brest,1.96696,1.96696,59.0,80.2,3.0,0.0,13.0
2021-05-16 19:00:00,Nice,Strasbourg,0,2,2020,Strasbourg,Nice,0,2,0,win,20210516_Nice_Strasbourg,2.26561,2.26561,28.0,73.4,1.0,0.0,18.0
2021-05-16 19:00:00,Nimes,Lyon,2,5,2020,Lyon,Nimes,0,5,2,win,20210516_Nimes_Lyon,2.84141,2.84141,57.0,83.0,0.0,0.0,8.0
2021-05-16 19:00:00,Paris Saint Germain,Reims,4,0,2020,Reims,Paris Saint Germain,0,0,4,loss,20210516_Paris Saint Germain_Reims,0.051654,0.051654,42.0,85.2,0.0,1.0,24.0
2021-05-23 19:00:00,Angers,Lille,1,2,2020,Lille,Angers,0,2,1,win,20210523_Angers_Lille,1.56192,0.80182,43.0,82.0,2.0,0.0,14.0
2021-05-23 19:00:00,Brest,Paris Saint Germain,0,2,2020,Paris Saint Germain,Brest,0,2,0,win,20210523_Brest_Paris Saint Germain,2.0167,1.25661,,,,,
2021-05-23 19:00:00,Lens,Monaco,0,0,2020,Monaco,Lens,0,0,0,draw,20210523_Lens_Monaco,1.308,1.308,65.0,80.7,2.0,0.0,6.0
2021-05-23 19:00:00,Lyon,Nice,2,3,2020,Nice,Lyon,0,3,2,win,20210523_Lyon_Nice,1.47366,1.47366,45.0,82.2,2.0,0.0,20.0
2021-05-23 19:00:00,Metz,Marseille,1,1,2020,Marseille,Metz,0,1,1,draw,20210523_Metz_Marseille,1.15022,0.39012,64.0,83.9,2.0,0.0,8.0
2021-05-23 19:00:00,Nantes,Montpellier,1,2,2020,Montpellier,Nantes,0,2,1,win,20210523_Nantes_Montpellier,1.70751,0.947419,51.0,74.4,2.0,0.0,28.0
2021-05-23 19:00:00,Reims,Bordeaux,1,2,2020,Bordeaux,Reims,0,2,1,win,20210523_Reims_Bordeaux,1.23805,1.23805,44.0,85.1,1.0,0.0,15.0
2021-05-23 19:00:00,Rennes,Nimes,2,0,2020,Nimes,Rennes,0,0,2,loss,20210523_Rennes_Nimes,0.357583,0.357583,,,,,
2021-05-23 19:00:00,Saint-Etienne,Dijon,0,1,2020,Dijon,Saint-Etienne,0,1,0,win,20210523_Saint-Etienne_Dijon,1.38029,0.620197,35.0,69.7,0.0,0.0,18.0
2021-05-23 19:00:00,Strasbourg,Lorient,1,1,2020,Lorient,Strasbourg,0,1,1,draw,20210523_Strasbourg_Lorient,0.521913,0.521913,49.0,81.8,1.0,0.0,11.0
2022-08-05 19:00:00,Lyon,Ajaccio,2,1,2022,Ajaccio,Lyon,0,1,2,loss,20220805_Lyon_Ajaccio,1.13852,0.378421,33.0,72.0,6.0,1.0,8.0
2022-08-06 19:00:00,Clermont Foot,Paris Saint Germain,0,5,2022,Paris Saint Germain,Clermont Foot,0,5,0,win,20220806_Clermont Foot_Paris Saint Germain,4.11887,4.11887,,,,,
2022-08-06 15:00:00,Strasbourg,Monaco,1,2,2022,Monaco,Strasbourg,0,2,1,win,20220806_Strasbourg_Monaco,2.47965,2.47965,47.0,77.2,2.0,0.0,16.0
2022-08-07 13:00:00,Angers,Nantes,0,0,2022,Nantes,Angers,0,0,0,draw,20220807_Angers_Nantes,1.14718,1.14718,51.0,72.7,3.0,0.0,20.0
2022-08-07 13:00:00,Lens,Brest,3,2,2022,Brest,Lens,0,2,3,loss,20220807_Lens_Brest,1.04228,0.28219,39.0,70.0,4.0,0.0,9.0
2022-08-07 13:00:00,Lille,Auxerre,4,1,2022,Auxerre,Lille,0,1,4,loss,20220807_Lille_Auxerre,0.769926,0.769926,41.0,82.5,1.0,0.0,19.0
2022-08-07 18:45:00,Marseille,Reims,4,1,2022,Reims,Marseille,0,1,4,loss,20220807_Marseille_Reims,0.676094,0.676094,44.0,74.1,0.0,0.0,22.0
2022-08-07 13:00:00,Montpellier,Troyes,3,2,2022,Troyes,Montpellier,0,2,3,loss,20220807_Montpellier_Troyes,1.84274,1.08264,46.0,82.1,0.0,0.0,14.0
2022-08-07 15:05:00,Rennes,Lorient,0,1,2022,Lorient,Rennes,0,1,0,win,20220807_Rennes_Lorient,0.70567,0.70567,37.0,77.6,1.0,0.0,21.0
2022-08-07 11:00:00,Toulouse,Nice,1,1,2022,Nice,Toulouse,0,1,1,draw,20220807_Toulouse_Nice,0.69938,0.69938,54.0,82.7,2.0,0.0,9.0
2022-08-12 19:00:00,Nantes,Lille,1,1,2022,Lille,Nantes,0,1,1,draw,20220812_Nantes_Lille,2.53444,2.53444,69.0,81.1,4.0,0.0,22.0
2022-08-13 15:00:00,Monaco,Rennes,1,1,2022,Rennes,Monaco,0,1,1,draw,20220813_Monaco_Rennes,2.02488,2.02488,65.0,86.4,3.0,0.0,17.0
2022-08-13 19:00:00,Paris Saint Germain,Montpellier,5,2,2022,Montpellier,Paris Saint Germain,0,2,5,loss,20220813_Paris Saint Germain_Montpellier,0.778496,0.778496,41.0,87.0,1.0,0.0,17.0
2022-08-14 13:00:00,Ajaccio,Lens,0,0,2022,Lens,Ajaccio,0,0,0,draw,20220814_Ajaccio_Lens,1.02754,1.02754,64.0,82.9,2.0,0.0,16.0
2022-08-14 13:00:00,Auxerre,Angers,2,2,2022,Angers,Auxerre,0,2,2,draw,20220814_Auxerre_Angers,1.65524,1.65524,60.0,82.5,3.0,0.0,9.0
2022-08-14 18:45:00,Brest,Marseille,1,1,2022,Marseille,Brest,0,1,1,draw,20220814_Brest_Marseille,1.30958,1.30958,53.0,78.0,4.0,0.0,30.0
2022-08-14 15:05:00,Nice,Strasbourg,1,1,2022,Strasbourg,Nice,0,1,1,draw,20220814_Nice_Strasbourg,1.57207,1.57207,45.0,79.1,4.0,0.0,24.0
2022-08-14 13:00:00,Reims,Clermont Foot,2,4,2022,Clermont Foot,Reims,0,4,2,win,20220814_Reims_Clermont Foot,1.56704,0.806943,58.0,83.1,3.0,0.0,9.0
2022-08-14 13:00:00,Troyes,Toulouse,0,3,2022,Toulouse,Troyes,0,3,0,win,20220814_Troyes_Toulouse,2.07677,2.07677,67.0,84.5,1.0,0.0,10.0
2022-08-19 19:00:00,Lyon,Troyes,4,1,2022,Troyes,Lyon,0,1,4,loss,20220819_Lyon_Troyes,0.948279,0.188184,34.0,80.2,1.0,0.0,19.0
2022-08-20 19:00:00,Marseille,Nantes,2,1,2022,Nantes,Marseille,0,1,2,loss,20220820_Marseille_Nantes,2.35832,1.59829,44.0,75.2,1.0,0.0,26.0
2022-08-20 15:00:00,Monaco,Lens,1,4,2022,Lens,Monaco,0,4,1,win,20220820_Monaco_Lens,2.45812,1.69802,54.0,85.0,0.0,0.0,9.0
2022-08-21 13:00:00,Angers,Brest,1,3,2022,Brest,Angers,0,3,1,win,20220821_Angers_Brest,2.2269,2.2269,50.0,84.0,0.0,0.0,12.0
2022-08-21 13:00:00,Clermont Foot,Nice,1,0,2022,Nice,Clermont Foot,0,0,1,loss,20220821_Clermont Foot_Nice,1.63135,1.63135,52.0,87.1,2.0,2.0,12.0
2022-08-21 18:45:00,Lille,Paris Saint Germain,1,7,2022,Paris Saint Germain,Lille,0,7,1,win,20220821_Lille_Paris Saint Germain,4.37042,4.37042,,,,,
2022-08-21 13:00:00,Montpellier,Auxerre,1,2,2022,Auxerre,Montpellier,0,2,1,win,20220821_Montpellier_Auxerre,1.29185,0.531756,36.0,80.9,3.0,2.0,30.0
2022-08-21 15:05:00,Rennes,Ajaccio,2,1,2022,Ajaccio,Rennes,0,1,2,loss,20220821_Rennes_Ajaccio,1.44269,0.682594,45.0,68.4,2.0,0.0,10.0
2022-08-21 11:00:00,Strasbourg,Reims,1,1,2022,Reims,Strasbourg,0,1,1,draw,20220821_Strasbourg_Reims,2.03506,2.03506,37.0,73.0,4.0,0.0,19.0
2022-08-21 13:00:00,Toulouse,Lorient,2,2,2022,Lorient,Toulouse,0,2,2,draw,20220821_Toulouse_Lorient,2.96569,1.4455,48.0,81.6,1.0,0.0,18.0
2022-08-26 19:00:00,Ajaccio,Lille,1,3,2022,Lille,Ajaccio,0,3,1,win,20220826_Ajaccio_Lille,1.80552,1.04543,58.0,81.5,2.0,0.0,30.0
2022-08-27 15:00:00,Auxerre,Strasbourg,1,0,2022,Strasbourg,Auxerre,0,0,1,loss,20220827_Auxerre_Strasbourg,1.65529,1.65529,58.0,81.3,1.0,0.0,20.0
2022-08-27 19:00:00,Lens,Rennes,2,1,2022,Rennes,Lens,0,1,2,loss,20220827_Lens_Rennes,0.88822,0.88822,49.0,82.3,1.0,0.0,21.0
2022-08-28 13:00:00,Brest,Montpellier,0,7,2022,Montpellier,Brest,0,7,0,win,20220828_Brest_Montpellier,2.2067,2.2067,48.0,78.1,2.0,0.0,20.0
2022-08-28 13:00:00,Lorient,Clermont Foot,2,1,2022,Clermont Foot,Lorient,0,1,2,loss,20220828_Lorient_Clermont Foot,0.432527,0.432527,60.0,85.4,3.0,1.0,9.0
2022-08-28 11:00:00,Nantes,Toulouse,3,1,2022,Toulouse,Nantes,0,1,3,loss,20220828_Nantes_Toulouse,0.531418,0.531418,50.0,78.3,3.0,0.0,19.0
2022-08-28 13:00:00,Nice,Marseille,0,3,2022,Marseille,Nice,0,3,0,win,20220828_Nice_Marseille,1.41427,1.41427,51.0,82.9,1.0,0.0,17.0
2022-08-28 18:45:00,Paris Saint Germain,Monaco,1,1,2022,Monaco,Paris Saint Germain,0,1,1,draw,20220828_Paris Saint Germain_Monaco,0.237794,0.237794,33.0,78.0,4.0,0.0,11.0
2022-08-28 15:05:00,Reims,Lyon,1,1,2022,Lyon,Reims,0,1,1,draw,20220828_Reims_Lyon,1.37054,1.37054,74.0,84.1,1.0,0.0,6.0
2022-08-28 13:00:00,Troyes,Angers,3,1,2022,Angers,Troyes,0,1,3,loss,20220828_Troyes_Angers,1.00107,1.00107,51.0,84.9,3.0,1.0,19.0
2022-08-31 17:00:00,Angers,Reims,2,4,2022,Reims,Angers,0,4,2,win,20220831_Angers_Reims,2.35235,1.59226,43.0,74.0,6.0,1.0,9.0
2022-08-31 19:00:00,Lens,Lorient,5,2,2022,Lorient,Lens,0,2,5,loss,20220831_Lens_Lorient,1.4489,1.4489,42.0,83.5,3.0,0.0,17.0
2022-08-31 19:00:00,Lille,Nice,1,2,2022,Nice,Lille,0,2,1,win,20220831_Lille_Nice,1.54373,0.0235436,38.0,77.7,4.0,0.0,27.0
2022-08-31 17:00:00,Lyon,Auxerre,2,1,2022,Auxerre,Lyon,0,1,2,loss,20220831_Lyon_Auxerre,0.411365,0.411365,38.0,75.6,2.0,0.0,29.0
2022-08-31 19:00:00,Marseille,Clermont Foot,1,0,2022,Clermont Foot,Marseille,0,0,1,loss,20220831_Marseille_Clermont Foot,0.164123,0.164123,40.0,73.8,2.0,0.0,17.0
2022-08-31 17:00:00,Monaco,Troyes,2,4,2022,Troyes,Monaco,0,4,2,win,20220831_Monaco_Troyes,2.68434,1.92425,48.0,82.6,1.0,0.0,23.0
2022-08-31 17:00:00,Montpellier,Ajaccio,2,0,2022,Ajaccio,Montpellier,0,0,2,loss,20220831_Montpellier_Ajaccio,0.894201,0.894201,62.0,81.6,4.0,1.0,9.0
2022-08-31 19:00:00,Rennes,Brest,3,1,2022,Brest,Rennes,0,1,3,loss,20220831_Rennes_Brest,0.265991,0.265991,36.0,69.3,0.0,0.0,20.0
2022-08-31 17:00:00,Strasbourg,Nantes,1,1,2022,Nantes,Strasbourg,0,1,1,draw,20220831_Strasbourg_Nantes,0.582194,0.582194,54.0,81.0,3.0,0.0,19.0
2022-08-31 19:00:00,Toulouse,Paris Saint Germain,0,3,2022,Paris Saint Germain,Toulouse,0,3,0,win,20220831_Toulouse_Paris Saint Germain,3.93565,3.93565,,,,,
2022-09-03 15:00:00,Auxerre,Marseille,0,2,2022,Marseille,Auxerre,0,2,0,win,20220903_Auxerre_Marseille,1.54448,1.54448,52.0,83.7,1.0,0.0,19.0
2022-09-03 17:00:00,Lyon,Angers,5,0,2022,Angers,Lyon,0,0,5,loss,20220903_Lyon_Angers,0.685045,0.685045,36.0,76.4,1.0,0.0,24.0
2022-09-03 19:00:00,Nantes,Paris Saint Germain,0,3,2022,Paris Saint Germain,Nantes,0,3,0,win,20220903_Nantes_Paris Saint Germain,3.49883,3.49883,,,,,
2022-09-04 13:00:00,Ajaccio,Lorient,0,1,2022,Lorient,Ajaccio,0,1,0,win,20220904_Ajaccio_Lorient,0.509049,0.509049,42.0,69.7,1.0,0.0,34.0
2022-09-04 13:00:00,Brest,Strasbourg,1,1,2022,Strasbourg,Brest,0,1,1,draw,20220904_Brest_Strasbourg,2.65304,1.89295,41.0,72.6,1.0,1.0,19.0
2022-09-04 13:00:00,Clermont Foot,Toulouse,2,0,2022,Toulouse,Clermont Foot,0,0,2,loss,20220904_Clermont Foot_Toulouse,1.44839,1.44839,66.0,82.4,1.0,0.0,18.0
2022-09-04 11:00:00,Montpellier,Lille,1,3,2022,Lille,Montpellier,0,3,1,win,20220904_Montpellier_Lille,1.28228,1.28228,75.0,86.8,4.0,0.0,14.0
2022-09-04 18:45:00,Nice,Monaco,0,1,2022,Monaco,Nice,0,1,0,win,20220904_Nice_Monaco,1.16635,1.16635,48.0,81.4,1.0,0.0,13.0
2022-09-04 13:00:00,Reims,Lens,1,1,2022,Lens,Reims,0,1,1,draw,20220904_Reims_Lens,2.234,2.234,63.0,87.2,2.0,1.0,14.0
2022-09-04 15:05:00,Troyes,Rennes,1,1,2022,Rennes,Troyes,0,1,1,draw,20220904_Troyes_Rennes,2.61037,2.61037,71.0,88.6,2.0,0.0,5.0
2022-09-07 19:00:00,Lorient,Lyon,3,1,2022,Lyon,Lorient,0,1,3,loss,20220907_Lorient_Lyon,2.29822,2.29822,66.0,86.1,3.0,0.0,8.0
2022-09-09 19:00:00,Lens,Troyes,1,0,2022,Troyes,Lens,0,0,1,loss,20220909_Lens_Troyes,0.674373,0.674373,37.0,80.6,1.0,0.0,30.0
2022-09-10 19:00:00,Marseille,Lille,2,1,2022,Lille,Marseille,0,1,2,loss,20220910_Marseille_Lille,0.774912,0.774912,47.0,76.2,1.0,0.0,16.0
2022-09-10 15:00:00,Paris Saint Germain,Brest,1,0,2022,Brest,Paris Saint Germain,0,0,1,loss,20220910_Paris Saint Germain_Brest,1.34439,0.584291,39.0,81.1,2.0,0.0,18.0
2022-09-11 13:00:00,Ajaccio,Nice,0,1,2022,Nice,Ajaccio,0,1,0,win,20220911_Ajaccio_Nice,1.0495,1.0495,55.0,80.3,5.0,0.0,17.0
2022-09-11 13:00:00,Angers,Montpellier,2,1,2022,Montpellier,Angers,0,1,2,loss,20220911_Angers_Montpellier,1.02641,1.02641,55.0,79.9,4.0,0.0,7.0
2022-09-11 13:00:00,Lorient,Nantes,3,2,2022,Nantes,Lorient,0,2,3,loss,20220911_Lorient_Nantes,0.586565,0.586565,52.0,80.9,3.0,0.0,9.0
2022-09-11 18:45:00,Monaco,Lyon,2,1,2022,Lyon,Monaco,0,1,2,loss,20220911_Monaco_Lyon,2.28122,2.28122,61.0,80.0,2.0,0.0,10.0
2022-09-11 15:05:00,Rennes,Auxerre,5,0,2022,Auxerre,Rennes,0,0,5,loss,20220911_Rennes_Auxerre,0.438753,0.438753,52.0,80.4,1.0,0.0,7.0
2022-09-11 11:00:00,Strasbourg,Clermont Foot,0,0,2022,Clermont Foot,Strasbourg,0,0,0,draw,20220911_Strasbourg_Clermont Foot,0.959426,0.959426,57.0,77.9,2.0,0.0,22.0
2022-09-11 13:00:00,Toulouse,Reims,1,0,2022,Reims,Toulouse,0,0,1,loss,20220911_Toulouse_Reims,0.461404,0.461404,53.0,73.7,2.0,1.0,7.0
2022-09-16 19:00:00,Auxerre,Lorient,1,3,2022,Lorient,Auxerre,0,3,1,win,20220916_Auxerre_Lorient,3.48948,3.48948,44.0,80.4,1.0,0.0,19.0
2022-09-17 19:00:00,Lille,Toulouse,2,1,2022,Toulouse,Lille,0,1,2,loss,20220917_Lille_Toulouse,0.882322,0.882322,55.0,76.0,0.0,0.0,11.0
2022-09-17 15:00:00,Montpellier,Strasbourg,2,1,2022,Strasbourg,Montpellier,0,1,2,loss,20220917_Montpellier_Strasbourg,0.617378,0.617378,50.0,73.6,4.0,0.0,23.0
2022-09-18 13:00:00,Brest,Ajaccio,0,1,2022,Ajaccio,Brest,0,1,0,win,20220918_Brest_Ajaccio,0.511909,0.511909,41.0,64.3,2.0,0.0,25.0
2022-09-18 13:00:00,Clermont Foot,Troyes,1,3,2022,Troyes,Clermont Foot,0,3,1,win,20220918_Clermont Foot_Troyes,1.3715,1.3715,42.0,75.3,3.0,0.0,18.0
2022-09-18 18:45:00,Lyon,Paris Saint Germain,0,1,2022,Paris Saint Germain,Lyon,0,1,0,win,20220918_Lyon_Paris Saint Germain,1.52633,1.52633,,,,,
2022-09-18 13:00:00,Marseille,Rennes,1,1,2022,Rennes,Marseille,0,1,1,draw,20220918_Marseille_Rennes,0.858108,0.858108,41.0,77.0,4.0,0.0,29.0
2022-09-18 15:05:00,Nantes,Lens,0,0,2022,Lens,Nantes,0,0,0,draw,20220918_Nantes_Lens,0.967277,0.967277,58.0,85.1,1.0,0.0,17.0
2022-09-18 13:00:00,Nice,Angers,0,1,2022,Angers,Nice,0,1,0,win,20220918_Nice_Angers,2.07917,2.07917,50.0,83.4,4.0,1.0,12.0
2022-09-18 11:00:00,Reims,Monaco,0,3,2022,Monaco,Reims,0,3,0,win,20220918_Reims_Monaco,2.06526,2.06526,67.0,84.0,3.0,0.0,12.0
2022-09-30 19:00:00,Angers,Marseille,0,3,2022,Marseille,Angers,0,3,0,win,20220930_Angers_Marseille,2.3782,2.3782,57.0,83.8,0.0,0.0,11.0
2022-10-01 19:00:00,Paris Saint Germain,Nice,2,1,2022,Nice,Paris Saint Germain,0,1,2,loss,20221001_Paris Saint Germain_Nice,0.685057,0.685057,43.0,87.2,1.0,0.0,13.0
2022-10-01 15:00:00,Strasbourg,Rennes,1,3,2022,Rennes,Strasbourg,0,3,1,win,20221001_Strasbourg_Rennes,2.24201,2.24201,60.0,85.0,2.0,0.0,9.0
2022-10-02 13:00:00,Ajaccio,Clermont Foot,1,3,2022,Clermont Foot,Ajaccio,0,3,1,win,20221002_Ajaccio_Clermont Foot,1.29246,1.29246,48.0,76.5,3.0,0.0,23.0
2022-10-02 13:00:00,Auxerre,Brest,1,1,2022,Brest,Auxerre,0,1,1,draw,20221002_Auxerre_Brest,0.687048,0.687048,52.0,81.0,4.0,0.0,12.0
2022-10-02 18:45:00,Lens,Lyon,1,0,2022,Lyon,Lens,0,0,1,loss,20221002_Lens_Lyon,0.0812146,0.0812146,48.0,78.5,2.0,0.0,23.0
2022-10-02 11:00:00,Lorient,Lille,2,1,2022,Lille,Lorient,0,1,2,loss,20221002_Lorient_Lille,1.83189,1.83189,63.0,80.6,3.0,0.0,5.0
2022-10-02 15:05:00,Monaco,Nantes,4,1,2022,Nantes,Monaco,0,1,4,loss,20221002_Monaco_Nantes,0.406108,0.406108,51.0,84.6,1.0,0.0,15.0
2022-10-02 13:00:00,Toulouse,Montpellier,4,2,2022,Montpellier,Toulouse,0,2,4,loss,20221002_Toulouse_Montpellier,1.73475,1.73475,57.0,78.8,4.0,0.0,4.0
2022-10-02 13:00:00,Troyes,Reims,2,2,2022,Reims,Troyes,0,2,2,draw,20221002_Troyes_Reims,1.49046,1.49046,32.0,71.5,2.0,1.0,39.0
2022-10-07 19:00:00,Lyon,Toulouse,1,1,2022,Toulouse,Lyon,0,1,1,draw,20221007_Lyon_Toulouse,0.582894,0.582894,42.0,74.1,2.0,0.0,24.0
2022-10-08 15:00:00,Marseille,Ajaccio,1,2,2022,Ajaccio,Marseille,0,2,1,win,20221008_Marseille_Ajaccio,0.16416,0.16416,36.0,68.2,2.0,0.0,22.0
2022-10-08 19:00:00,Reims,Paris Saint Germain,0,0,2022,Paris Saint Germain,Reims,0,0,0,draw,20221008_Reims_Paris Saint Germain,1.06607,1.06607,,,,,
2022-10-09 13:00:00,Angers,Strasbourg,2,3,2022,Strasbourg,Angers,0,3,2,win,20221009_Angers_Strasbourg,2.88307,2.88307,46.0,81.1,1.0,0.0,15.0
2022-10-09 13:00:00,Brest,Lorient,1,2,2022,Lorient,Brest,0,2,1,win,20221009_Brest_Lorient,1.14106,1.14106,50.0,77.5,1.0,0.0,26.0
2022-10-09 13:00:00,Clermont Foot,Auxerre,2,1,2022,Auxerre,Clermont Foot,0,1,2,loss,20221009_Clermont Foot_Auxerre,1.00824,1.00824,52.0,82.7,0.0,0.0,18.0
2022-10-09 18:45:00,Lille,Lens,1,0,2022,Lens,Lille,0,0,1,loss,20221009_Lille_Lens,1.04543,0.28533,55.0,81.3,5.0,0.0,14.0
2022-10-09 11:00:00,Montpellier,Monaco,0,2,2022,Monaco,Montpellier,0,2,0,win,20221009_Montpellier_Monaco,1.43544,1.43544,50.0,77.4,3.0,0.0,30.0
2022-10-09 13:00:00,Nice,Troyes,3,2,2022,Troyes,Nice,0,2,3,loss,20221009_Nice_Troyes,1.64575,1.64575,39.0,80.6,1.0,0.0,10.0
2022-10-09 15:05:00,Rennes,Nantes,3,0,2022,Nantes,Rennes,0,0,3,loss,20221009_Rennes_Nantes,0.439769,0.439769,43.0,68.8,0.0,0.0,13.0
2022-10-14 19:00:00,Strasbourg,Lille,0,3,2022,Lille,Strasbourg,0,3,0,win,20221014_Strasbourg_Lille,2.59097,1.83088,57.0,81.5,1.0,0.0,21.0
2022-10-15 19:00:00,Lens,Montpellier,1,0,2022,Montpellier,Lens,0,0,1,loss,20221015_Lens_Montpellier,0.305429,0.305429,35.0,67.0,2.0,0.0,22.0
2022-10-15 15:00:00,Lorient,Reims,0,0,2022,Reims,Lorient,0,0,0,draw,20221015_Lorient_Reims,0.366478,0.366478,52.0,77.9,3.0,2.0,15.0
2022-10-16 13:00:00,Auxerre,Nice,1,1,2022,Nice,Auxerre,0,1,1,draw,20221016_Auxerre_Nice,1.67165,1.67165,55.0,81.0,0.0,0.0,16.0
2022-10-16 15:05:00,Monaco,Clermont Foot,1,1,2022,Clermont Foot,Monaco,0,1,1,draw,20221016_Monaco_Clermont Foot,2.49917,2.49917,65.0,87.9,4.0,0.0,9.0
2022-10-16 13:00:00,Nantes,Brest,4,1,2022,Brest,Nantes,0,1,4,loss,20221016_Nantes_Brest,0.596967,0.596967,46.0,77.9,2.0,0.0,27.0
2022-10-16 18:45:00,Paris Saint Germain,Marseille,1,0,2022,Marseille,Paris Saint Germain,0,0,1,loss,20221016_Paris Saint Germain_Marseille,0.78459,0.78459,50.0,87.9,0.0,1.0,11.0
2022-10-16 13:00:00,Rennes,Lyon,3,2,2022,Lyon,Rennes,0,2,3,loss,20221016_Rennes_Lyon,1.54104,1.54104,60.0,82.4,2.0,0.0,10.0
2022-10-16 11:00:00,Toulouse,Angers,3,2,2022,Angers,Toulouse,0,2,3,loss,20221016_Toulouse_Angers,1.50535,1.50535,45.0,75.8,2.0,0.0,15.0
2022-10-16 13:00:00,Troyes,Ajaccio,1,1,2022,Ajaccio,Troyes,0,1,1,draw,20221016_Troyes_Ajaccio,1.83625,1.07615,49.0,78.1,1.0,0.0,25.0
2022-10-21 19:00:00,Ajaccio,Paris Saint Germain,0,3,2022,Paris Saint Germain,Ajaccio,0,3,0,win,20221021_Ajaccio_Paris Saint Germain,2.90657,2.90657,,,,,
2022-10-22 19:00:00,Marseille,Lens,0,1,2022,Lens,Marseille,0,1,0,win,20221022_Marseille_Lens,0.612715,0.612715,44.0,79.5,3.0,0.0,27.0
2022-10-22 15:00:00,Montpellier,Lyon,1,2,2022,Lyon,Montpellier,0,2,1,win,20221022_Montpellier_Lyon,2.78494,2.78494,62.0,83.9,2.0,1.0,16.0
2022-10-23 11:00:00,Angers,Rennes,1,2,2022,Rennes,Angers,0,2,1,win,20221023_Angers_Rennes,2.44504,1.68495,70.0,87.4,1.0,0.0,14.0
2022-10-23 13:00:00,Clermont Foot,Brest,1,3,2022,Brest,Clermont Foot,0,3,1,win,20221023_Clermont Foot_Brest,2.73014,1.97005,38.0,75.3,1.0,0.0,21.0
2022-10-23 18:45:00,Lille,Monaco,4,3,2022,Monaco,Lille,0,3,4,loss,20221023_Lille_Monaco,1.76468,1.76468,41.0,72.4,2.0,0.0,7.0
2022-10-23 15:05:00,Nice,Nantes,1,1,2022,Nantes,Nice,0,1,1,draw,20221023_Nice_Nantes,1.27743,1.27743,34.0,75.2,4.0,2.0,26.0
2022-10-23 13:00:00,Reims,Auxerre,2,1,2022,Auxerre,Reims,0,1,2,loss,20221023_Reims_Auxerre,0.472065,0.472065,46.0,74.2,0.0,0.0,23.0
2022-10-23 13:00:00,Toulouse,Strasbourg,2,2,2022,Strasbourg,Toulouse,0,2,2,draw,20221023_Toulouse_Strasbourg,1.63235,0.720797,52.0,77.7,1.0,0.0,23.0
2022-10-23 13:00:00,Troyes,Lorient,2,2,2022,Lorient,Troyes,0,2,2,draw,20221023_Troyes_Lorient,1.538,1.538,58.0,85.7,0.0,0.0,14.0
2022-10-28 19:00:00,Lens,Toulouse,3,0,2022,Toulouse,Lens,0,0,3,loss,20221028_Lens_Toulouse,0.845923,0.845923,48.0,74.7,1.0,0.0,12.0
2022-10-29 15:00:00,Paris Saint Germain,Troyes,4,3,2022,Troyes,Paris Saint Germain,0,3,4,loss,20221029_Paris Saint Germain_Troyes,1.60184,1.60184,33.0,83.0,3.0,0.0,17.0
2022-10-29 19:00:00,Strasbourg,Marseille,2,2,2022,Marseille,Strasbourg,0,2,2,draw,20221029_Strasbourg_Marseille,1.93874,1.93874,49.0,80.5,2.0,0.0,16.0
2022-10-30 12:00:00,Auxerre,Ajaccio,1,0,2022,Ajaccio,Auxerre,0,0,1,loss,20221030_Auxerre_Ajaccio,0.500233,0.500233,59.0,80.7,1.0,1.0,17.0
2022-10-30 14:00:00,Brest,Reims,0,0,2022,Reims,Brest,0,0,0,draw,20221030_Brest_Reims,0.982999,0.982999,49.0,74.1,1.0,0.0,14.0
2022-10-30 16:05:00,Lorient,Nice,1,2,2022,Nice,Lorient,0,2,1,win,20221030_Lorient_Nice,2.19849,2.19849,56.0,89.4,1.0,0.0,15.0
2022-10-30 19:45:00,Lyon,Lille,1,0,2022,Lille,Lyon,0,0,1,loss,20221030_Lyon_Lille,1.62118,1.62118,55.0,82.2,1.0,0.0,14.0
2022-10-30 14:00:00,Monaco,Angers,2,0,2022,Angers,Monaco,0,0,2,loss,20221030_Monaco_Angers,0.437042,0.437042,48.0,82.4,3.0,0.0,21.0
2022-10-30 14:00:00,Nantes,Clermont Foot,1,1,2022,Clermont Foot,Nantes,0,1,1,draw,20221030_Nantes_Clermont Foot,0.713991,0.713991,45.0,76.7,2.0,0.0,21.0
2022-10-30 14:00:00,Rennes,Montpellier,3,0,2022,Montpellier,Rennes,0,0,3,loss,20221030_Rennes_Montpellier,0.975256,0.975256,45.0,77.6,2.0,0.0,16.0
2022-11-04 20:00:00,Troyes,Auxerre,1,1,2022,Auxerre,Troyes,0,1,1,draw,20221104_Troyes_Auxerre,1.45801,1.45801,50.0,84.5,0.0,0.0,31.0
2022-11-05 16:00:00,Ajaccio,Strasbourg,4,2,2022,Strasbourg,Ajaccio,0,2,4,loss,20221105_Ajaccio_Strasbourg,0.670138,0.670138,51.0,77.3,4.0,0.0,11.0
2022-11-05 20:00:00,Angers,Lens,1,2,2022,Lens,Angers,0,2,1,win,20221105_Angers_Lens,2.17996,2.17996,56.0,84.7,2.0,0.0,6.0
2022-11-06 14:00:00,Clermont Foot,Montpellier,1,1,2022,Montpellier,Clermont Foot,0,1,1,draw,20221106_Clermont Foot_Montpellier,1.22262,0.462525,46.0,71.2,2.0,0.0,20.0
2022-11-06 16:05:00,Lille,Rennes,1,1,2022,Rennes,Lille,0,1,1,draw,20221106_Lille_Rennes,0.800938,0.0408424,38.0,73.5,1.0,1.0,21.0
2022-11-06 12:00:00,Lorient,Paris Saint Germain,1,2,2022,Paris Saint Germain,Lorient,0,2,1,win,20221106_Lorient_Paris Saint Germain,2.35683,2.35683,,,,,
2022-11-06 19:45:00,Marseille,Lyon,1,0,2022,Lyon,Marseille,0,0,1,loss,20221106_Marseille_Lyon,0.632118,0.632118,53.0,79.2,1.0,0.0,12.0
2022-11-06 14:00:00,Nice,Brest,1,0,2022,Brest,Nice,0,0,1,loss,20221106_Nice_Brest,1.08297,1.08297,44.0,80.4,1.0,0.0,11.0
2022-11-06 14:00:00,Reims,Nantes,1,0,2022,Nantes,Reims,0,0,1,loss,20221106_Reims_Nantes,0.506816,0.506816,43.0,70.3,4.0,1.0,21.0
2022-11-06 14:00:00,Toulouse,Monaco,0,2,2022,Monaco,Toulouse,0,2,0,win,20221106_Toulouse_Monaco,2.03182,2.03182,52.0,76.1,1.0,0.0,13.0
2022-11-11 20:00:00,Lyon,Nice,1,1,2022,Nice,Lyon,0,1,1,draw,20221111_Lyon_Nice,1.71081,0.950713,37.0,78.7,0.0,0.0,21.0
2022-11-12 16:00:00,Lens,Clermont Foot,2,1,2022,Clermont Foot,Lens,0,1,2,loss,20221112_Lens_Clermont Foot,0.213092,0.213092,39.0,71.7,3.0,0.0,17.0
2022-11-12 20:00:00,Rennes,Toulouse,2,1,2022,Toulouse,Rennes,0,1,2,loss,20221112_Rennes_Toulouse,1.11684,1.11684,54.0,78.7,0.0,0.0,13.0
2022-11-13 14:00:00,Brest,Troyes,2,1,2022,Troyes,Brest,0,1,2,loss,20221113_Brest_Troyes,0.4443,0.4443,46.0,77.7,2.0,1.0,16.0
2022-11-13 14:00:00,Lille,Angers,1,0,2022,Angers,Lille,0,0,1,loss,20221113_Lille_Angers,0.448121,0.448121,42.0,77.6,1.0,0.0,8.0
2022-11-13 19:45:00,Monaco,Marseille,2,3,2022,Marseille,Monaco,0,3,2,win,20221113_Monaco_Marseille,2.71425,2.71425,58.0,86.3,1.0,0.0,22.0
2022-11-13 14:00:00,Montpellier,Reims,1,1,2022,Reims,Montpellier,0,1,1,draw,20221113_Montpellier_Reims,2.12638,2.12638,51.0,70.9,2.0,0.0,35.0
2022-11-13 14:00:00,Nantes,Ajaccio,2,2,2022,Ajaccio,Nantes,0,2,2,draw,20221113_Nantes_Ajaccio,2.40866,1.64857,47.0,71.2,4.0,0.0,26.0
2022-11-13 12:00:00,Paris Saint Germain,Auxerre,5,0,2022,Auxerre,Paris Saint Germain,0,0,5,loss,20221113_Paris Saint Germain_Auxerre,0.602881,0.602881,41.0,81.5,0.0,0.0,8.0
2022-11-13 16:05:00,Strasbourg,Lorient,1,1,2022,Lorient,Strasbourg,0,1,1,draw,20221113_Strasbourg_Lorient,0.877509,0.877509,39.0,75.1,1.0,0.0,45.0
2022-12-28 14:00:00,Ajaccio,Angers,1,0,2022,Angers,Ajaccio,0,0,1,loss,20221228_Ajaccio_Angers,2.13447,2.13447,54.0,78.4,0.0,0.0,16.0
2022-12-28 16:00:00,Auxerre,Monaco,2,3,2022,Monaco,Auxerre,0,3,2,win,20221228_Auxerre_Monaco,1.36064,0.60054,62.0,79.4,0.0,0.0,14.0
2022-12-28 20:00:00,Brest,Lyon,2,4,2022,Lyon,Brest,0,4,2,win,20221228_Brest_Lyon,3.18501,2.42491,57.0,83.7,2.0,0.0,20.0
2022-12-28 18:00:00,Clermont Foot,Lille,0,2,2022,Lille,Clermont Foot,0,2,0,win,20221228_Clermont Foot_Lille,1.79335,1.03325,57.0,81.0,2.0,0.0,19.0
2022-12-28 20:00:00,Paris Saint Germain,Strasbourg,2,1,2022,Strasbourg,Paris Saint Germain,0,1,2,loss,20221228_Paris Saint Germain_Strasbourg,1.1354,1.1354,29.0,79.4,1.0,0.0,25.0
2022-12-28 14:00:00,Troyes,Nantes,0,0,2022,Nantes,Troyes,0,0,0,draw,20221228_Troyes_Nantes,1.70731,1.70731,44.0,81.2,2.0,0.0,23.0
2022-12-29 16:00:00,Lorient,Montpellier,0,2,2022,Montpellier,Lorient,0,2,0,win,20221229_Lorient_Montpellier,1.99935,1.99935,52.0,76.9,4.0,0.0,14.0
2022-12-29 20:00:00,Marseille,Toulouse,6,1,2022,Toulouse,Marseille,0,1,6,loss,20221229_Marseille_Toulouse,1.73074,0.970646,49.0,78.2,2.0,0.0,10.0
2022-12-29 20:00:00,Nice,Lens,0,0,2022,Lens,Nice,0,0,0,draw,20221229_Nice_Lens,1.17989,1.17989,59.0,87.8,3.0,0.0,13.0
2022-12-29 18:00:00,Reims,Rennes,3,1,2022,Rennes,Reims,0,1,3,loss,20221229_Reims_Rennes,1.56704,1.56704,66.0,82.3,2.0,0.0,15.0
2023-01-01 14:00:00,Angers,Lorient,1,2,2022,Lorient,Angers,0,2,1,win,20230101_Angers_Lorient,0.44019,0.44019,58.0,82.0,0.0,0.0,13.0
2023-01-01 19:45:00,Lens,Paris Saint Germain,3,1,2022,Paris Saint Germain,Lens,0,1,3,loss,20230101_Lens_Paris Saint Germain,1.97764,1.97764,,,,,
2023-01-01 16:00:00,Lyon,Clermont Foot,0,1,2022,Clermont Foot,Lyon,0,1,0,win,20230101_Lyon_Clermont Foot,1.2056,0.445502,40.0,75.1,3.0,0.0,10.0
2023-01-01 14:00:00,Monaco,Brest,1,0,2022,Brest,Monaco,0,0,1,loss,20230101_Monaco_Brest,0.984132,0.984132,49.0,75.8,4.0,0.0,14.0
2023-01-01 14:00:00,Nantes,Auxerre,1,0,2022,Auxerre,Nantes,0,0,1,loss,20230101_Nantes_Auxerre,0.940771,0.940771,50.0,75.1,2.0,0.0,19.0
2023-01-01 14:00:00,Toulouse,Ajaccio,2,0,2022,Ajaccio,Toulouse,0,0,2,loss,20230101_Toulouse_Ajaccio,0.0445009,0.0445009,38.0,67.1,1.0,0.0,15.0
2023-01-02 16:00:00,Lille,Reims,1,1,2022,Reims,Lille,0,1,1,draw,20230102_Lille_Reims,1.23599,1.23599,39.0,78.6,1.0,0.0,10.0
2023-01-02 18:00:00,Montpellier,Marseille,1,2,2022,Marseille,Montpellier,0,2,1,win,20230102_Montpellier_Marseille,1.33992,1.33992,59.0,81.7,2.0,1.0,13.0
2023-01-02 20:00:00,Rennes,Nice,2,1,2022,Nice,Rennes,0,1,2,loss,20230102_Rennes_Nice,0.395975,0.395975,38.0,76.8,1.0,0.0,25.0
2023-01-02 14:00:00,Strasbourg,Troyes,2,3,2022,Troyes,Strasbourg,0,3,2,win,20230102_Strasbourg_Troyes,1.32781,1.32781,44.0,73.8,2.0,0.0,32.0
2023-01-11 18:00:00,Ajaccio,Reims,0,1,2022,Reims,Ajaccio,0,1,0,win,20230111_Ajaccio_Reims,1.16269,1.16269,52.0,71.5,3.0,0.0,27.0
2023-01-11 18:00:00,Auxerre,Toulouse,0,5,2022,Toulouse,Auxerre,0,5,0,win,20230111_Auxerre_Toulouse,2.32789,1.5678,52.0,78.1,1.0,0.0,27.0
2023-01-11 18:00:00,Brest,Lille,0,0,2022,Lille,Brest,0,0,0,draw,20230111_Brest_Lille,0.952742,0.952742,71.0,85.4,1.0,0.0,10.0
2023-01-11 18:00:00,Clermont Foot,Rennes,2,1,2022,Rennes,Clermont Foot,0,1,2,loss,20230111_Clermont Foot_Rennes,0.900551,0.900551,61.0,84.9,2.0,2.0,12.0
2023-01-11 20:00:00,Lorient,Monaco,2,2,2022,Monaco,Lorient,0,2,2,draw,20230111_Lorient_Monaco,1.61598,1.61598,58.0,81.0,1.0,0.0,17.0
2023-01-11 18:00:00,Nantes,Lyon,0,0,2022,Lyon,Nantes,0,0,0,draw,20230111_Nantes_Lyon,0.716341,0.716341,60.0,85.6,3.0,0.0,26.0
2023-01-11 20:00:00,Nice,Montpellier,6,1,2022,Montpellier,Nice,0,1,6,loss,20230111_Nice_Montpellier,0.226284,0.226284,42.0,78.5,1.0,0.0,20.0
2023-01-11 20:00:00,Paris Saint Germain,Angers,2,0,2022,Angers,Paris Saint Germain,0,0,2,loss,20230111_Paris Saint Germain_Angers,0.341443,0.341443,34.0,87.3,2.0,0.0,8.0
2023-01-11 20:00:00,Strasbourg,Lens,2,2,2022,Lens,Strasbourg,0,2,2,draw,20230111_Strasbourg_Lens,1.5001,1.5001,65.0,86.6,1.0,0.0,10.0
2023-01-11 20:00:00,Troyes,Marseille,0,2,2022,Marseille,Troyes,0,2,0,win,20230111_Troyes_Marseille,2.65167,2.65167,68.0,88.2,3.0,0.0,9.0
2023-01-14 16:00:00,Lens,Auxerre,1,0,2022,Auxerre,Lens,0,0,1,loss,20230114_Lens_Auxerre,0.171617,0.171617,33.0,71.6,3.0,1.0,27.0
2023-01-14 20:00:00,Lyon,Strasbourg,1,2,2022,Strasbourg,Lyon,0,2,1,win,20230114_Lyon_Strasbourg,1.15481,1.15481,28.0,69.7,3.0,0.0,42.0
2023-01-14 18:00:00,Marseille,Lorient,3,1,2022,Lorient,Marseille,0,1,3,loss,20230114_Marseille_Lorient,0.491556,0.491556,32.0,76.0,0.0,0.0,21.0
2023-01-15 14:00:00,Angers,Clermont Foot,1,2,2022,Clermont Foot,Angers,0,2,1,win,20230115_Angers_Clermont Foot,2.1061,2.1061,42.0,81.6,2.0,0.0,19.0
2023-01-15 12:00:00,Lille,Troyes,5,1,2022,Troyes,Lille,0,1,5,loss,20230115_Lille_Troyes,0.981489,0.981489,33.0,84.0,0.0,0.0,17.0
2023-01-15 16:05:00,Monaco,Ajaccio,7,1,2022,Ajaccio,Monaco,0,1,7,loss,20230115_Monaco_Ajaccio,0.215581,0.215581,35.0,74.9,2.0,0.0,21.0
2023-01-15 14:00:00,Montpellier,Nantes,0,3,2022,Nantes,Montpellier,0,3,0,win,20230115_Montpellier_Nantes,0.903599,0.903599,53.0,76.2,2.0,0.0,17.0
2023-01-15 14:00:00,Reims,Nice,0,0,2022,Nice,Reims,0,0,0,draw,20230115_Reims_Nice,0.670589,0.670589,49.0,81.9,1.0,0.0,19.0
2023-01-15 19:45:00,Rennes,Paris Saint Germain,1,0,2022,Paris Saint Germain,Rennes,0,0,1,loss,20230115_Rennes_Paris Saint Germain,0.603085,0.603085,,,,,
2023-01-15 14:00:00,Toulouse,Brest,1,1,2022,Brest,Toulouse,0,1,1,draw,20230115_Toulouse_Brest,0.754561,0.754561,36.0,70.9,2.0,0.0,21.0
2023-01-27 20:00:00,Lorient,Rennes,2,1,2022,Rennes,Lorient,0,1,2,loss,20230127_Lorient_Rennes,1.94175,1.94175,67.0,84.8,1.0,0.0,8.0
2023-01-28 20:00:00,Marseille,Monaco,1,1,2022,Monaco,Marseille,0,1,1,draw,20230128_Marseille_Monaco,1.55187,1.55187,39.0,69.6,2.0,0.0,29.0
2023-01-28 16:00:00,Troyes,Lens,1,1,2022,Lens,Troyes,0,1,1,draw,20230128_Troyes_Lens,2.43445,2.43445,73.0,83.8,1.0,0.0,8.0
2023-01-29 16:05:00,Ajaccio,Lyon,0,2,2022,Lyon,Ajaccio,0,2,0,win,20230129_Ajaccio_Lyon,2.02729,2.02729,49.0,72.6,3.0,0.0,15.0
2023-01-29 14:00:00,Auxerre,Montpellier,0,2,2022,Montpellier,Auxerre,0,2,0,win,20230129_Auxerre_Montpellier,0.78685,0.78685,42.0,69.6,3.0,0.0,25.0
2023-01-29 14:00:00,Brest,Angers,4,0,2022,Angers,Brest,0,0,4,loss,20230129_Brest_Angers,1.00144,1.00144,59.0,83.1,2.0,0.0,7.0
2023-01-29 14:00:00,Clermont Foot,Nantes,0,0,2022,Nantes,Clermont Foot,0,0,0,draw,20230129_Clermont Foot_Nantes,0.124573,0.124573,41.0,79.7,1.0,0.0,31.0
2023-01-29 12:00:00,Nice,Lille,1,0,2022,Lille,Nice,0,0,1,loss,20230129_Nice_Lille,2.06969,2.06969,56.0,85.0,2.0,0.0,22.0
2023-01-29 19:45:00,Paris Saint Germain,Reims,1,1,2022,Reims,Paris Saint Germain,0,1,1,draw,20230129_Paris Saint Germain_Reims,1.6335,1.6335,41.0,84.4,1.0,0.0,9.0
2023-01-29 14:00:00,Strasbourg,Toulouse,1,2,2022,Toulouse,Strasbourg,0,2,1,win,20230129_Strasbourg_Toulouse,2.05016,2.05016,46.0,74.1,1.0,0.0,20.0
2023-02-01 18:00:00,Angers,Ajaccio,1,2,2022,Ajaccio,Angers,0,2,1,win,20230201_Angers_Ajaccio,1.18715,1.18715,60.0,75.3,2.0,0.0,15.0
2023-02-01 20:00:00,Lens,Nice,0,1,2022,Nice,Lens,0,1,0,win,20230201_Lens_Nice,2.16495,2.16495,45.0,79.7,2.0,0.0,22.0
2023-02-01 18:00:00,Lille,Clermont Foot,0,0,2022,Clermont Foot,Lille,0,0,0,draw,20230201_Lille_Clermont Foot,1.53598,1.53598,34.0,74.0,1.0,0.0,25.0
2023-02-01 20:00:00,Lyon,Brest,0,0,2022,Brest,Lyon,0,0,0,draw,20230201_Lyon_Brest,0.508973,0.508973,25.0,69.8,0.0,0.0,32.0
2023-02-01 20:00:00,Monaco,Auxerre,3,2,2022,Auxerre,Monaco,0,2,3,loss,20230201_Monaco_Auxerre,1.1306,1.1306,56.0,82.1,0.0,0.0,8.0
2023-02-01 20:00:00,Montpellier,Paris Saint Germain,1,3,2022,Paris Saint Germain,Montpellier,0,3,1,win,20230201_Montpellier_Paris Saint Germain,4.0011,4.0011,,,,,
2023-02-01 18:00:00,Nantes,Marseille,0,2,2022,Marseille,Nantes,0,2,0,win,20230201_Nantes_Marseille,1.94315,1.94315,59.0,80.7,3.0,0.0,18.0
2023-02-01 18:00:00,Reims,Lorient,4,2,2022,Lorient,Reims,0,2,4,loss,20230201_Reims_Lorient,0.706803,0.706803,42.0,78.8,0.0,0.0,20.0
2023-02-01 20:00:00,Rennes,Strasbourg,3,0,2022,Strasbourg,Rennes,0,0,3,loss,20230201_Rennes_Strasbourg,0.141426,0.141426,41.0,81.7,1.0,0.0,12.0
2023-02-01 18:00:00,Toulouse,Troyes,4,1,2022,Troyes,Toulouse,0,1,4,loss,20230201_Toulouse_Troyes,1.25445,0.494355,45.0,82.8,3.0,0.0,12.0
2023-02-04 16:00:00,Paris Saint Germain,Toulouse,2,1,2022,Toulouse,Paris Saint Germain,0,1,2,loss,20230204_Paris Saint Germain_Toulouse,0.72878,0.72878,39.0,82.4,2.0,0.0,13.0
2023-02-04 20:00:00,Rennes,Lille,1,3,2022,Lille,Rennes,0,3,1,win,20230204_Rennes_Lille,2.35242,2.35242,61.0,83.0,2.0,0.0,10.0
2023-02-04 18:00:00,Troyes,Lyon,1,3,2022,Lyon,Troyes,0,3,1,win,20230204_Troyes_Lyon,1.30711,1.30711,58.0,83.3,1.0,0.0,5.0
2023-02-05 14:00:00,Ajaccio,Nantes,0,2,2022,Nantes,Ajaccio,0,2,0,win,20230205_Ajaccio_Nantes,1.56852,0.80842,57.0,75.6,1.0,0.0,23.0
2023-02-05 14:00:00,Auxerre,Reims,0,0,2022,Reims,Auxerre,0,0,0,draw,20230205_Auxerre_Reims,0.406084,0.406084,60.0,79.1,0.0,0.0,29.0
2023-02-05 16:05:00,Brest,Lens,1,1,2022,Lens,Brest,0,1,1,draw,20230205_Brest_Lens,2.26474,2.26474,66.0,84.5,2.0,0.0,20.0
2023-02-05 12:00:00,Clermont Foot,Monaco,0,2,2022,Monaco,Clermont Foot,0,2,0,win,20230205_Clermont Foot_Monaco,1.46634,1.46634,47.0,79.8,2.0,0.0,12.0
2023-02-05 14:00:00,Lorient,Angers,0,0,2022,Angers,Lorient,0,0,0,draw,20230205_Lorient_Angers,0.584769,0.584769,44.0,79.0,4.0,0.0,36.0
2023-02-05 19:45:00,Marseille,Nice,1,3,2022,Nice,Marseille,0,3,1,win,20230205_Marseille_Nice,1.4814,1.4814,43.0,73.9,1.0,0.0,21.0
2023-02-05 14:00:00,Strasbourg,Montpellier,2,0,2022,Montpellier,Strasbourg,0,0,2,loss,20230205_Strasbourg_Montpellier,0.613708,0.613708,67.0,80.6,1.0,0.0,5.0
2023-02-10 20:00:00,Nice,Ajaccio,3,0,2022,Ajaccio,Nice,0,0,3,loss,20230210_Nice_Ajaccio,0.264601,0.264601,38.0,78.3,0.0,0.0,11.0
2023-02-11 20:00:00,Clermont Foot,Marseille,0,2,2022,Marseille,Clermont Foot,0,2,0,win,20230211_Clermont Foot_Marseille,2.10938,1.34929,62.0,84.6,3.0,0.0,7.0
2023-02-11 16:00:00,Monaco,Paris Saint Germain,3,1,2022,Paris Saint Germain,Monaco,0,1,3,loss,20230211_Monaco_Paris Saint Germain,0.932921,0.932921,,,,,
2023-02-12 14:00:00,Angers,Auxerre,1,1,2022,Auxerre,Angers,0,1,1,draw,20230212_Angers_Auxerre,2.48705,0.966862,50.0,78.2,0.0,0.0,19.0
2023-02-12 14:00:00,Lille,Strasbourg,2,0,2022,Strasbourg,Lille,0,0,2,loss,20230212_Lille_Strasbourg,0.174274,0.174274,33.0,77.8,2.0,0.0,16.0
2023-02-12 19:45:00,Lyon,Lens,2,1,2022,Lens,Lyon,0,1,2,loss,20230212_Lyon_Lens,1.30823,1.30823,59.0,80.9,1.0,0.0,9.0
2023-02-12 14:00:00,Montpellier,Brest,3,0,2022,Brest,Montpellier,0,0,3,loss,20230212_Montpellier_Brest,0.468613,0.468613,56.0,79.1,2.0,0.0,23.0
2023-02-12 16:05:00,Nantes,Lorient,1,0,2022,Lorient,Nantes,0,0,1,loss,20230212_Nantes_Lorient,1.63028,1.63028,51.0,83.8,0.0,0.0,20.0
2023-02-12 14:00:00,Reims,Troyes,4,0,2022,Troyes,Reims,0,0,4,loss,20230212_Reims_Troyes,0.569562,0.569562,47.0,74.1,2.0,0.0,20.0
2023-02-12 12:00:00,Toulouse,Rennes,3,1,2022,Rennes,Toulouse,0,1,3,loss,20230212_Toulouse_Rennes,1.19649,1.19649,68.0,83.7,1.0,0.0,4.0
2023-02-17 20:00:00,Auxerre,Lyon,2,1,2022,Lyon,Auxerre,0,1,2,loss,20230217_Auxerre_Lyon,0.718949,0.718949,65.0,83.6,2.0,0.0,18.0
2023-02-18 16:00:00,Nice,Reims,0,0,2022,Reims,Nice,0,0,0,draw,20230218_Nice_Reims,1.28715,0.420884,48.0,81.5,1.0,0.0,29.0
2023-02-18 20:00:00,Strasbourg,Angers,2,1,2022,Angers,Strasbourg,0,1,2,loss,20230218_Strasbourg_Angers,1.04967,0.289572,64.0,83.6,3.0,0.0,13.0
2023-02-19 14:00:00,Brest,Monaco,1,2,2022,Monaco,Brest,0,2,1,win,20230219_Brest_Monaco,1.61066,1.61066,52.0,77.2,2.0,0.0,24.0
2023-02-19 16:05:00,Lens,Nantes,3,1,2022,Nantes,Lens,0,1,3,loss,20230219_Lens_Nantes,0.236483,0.236483,43.0,78.1,0.0,0.0,21.0
2023-02-19 14:00:00,Lorient,Ajaccio,3,0,2022,Ajaccio,Lorient,0,0,3,loss,20230219_Lorient_Ajaccio,0.592896,0.592896,42.0,79.5,2.0,0.0,12.0
2023-02-19 12:00:00,Paris Saint Germain,Lille,4,3,2022,Lille,Paris Saint Germain,0,3,4,loss,20230219_Paris Saint Germain_Lille,3.20773,2.4477,54.0,86.7,4.0,0.0,4.0
2023-02-19 14:00:00,Rennes,Clermont Foot,2,0,2022,Clermont Foot,Rennes,0,0,2,loss,20230219_Rennes_Clermont Foot,0.86584,0.86584,41.0,77.2,2.0,0.0,9.0
2023-02-19 19:45:00,Toulouse,Marseille,2,3,2022,Marseille,Toulouse,0,3,2,win,20230219_Toulouse_Marseille,1.21797,1.21797,48.0,77.3,2.0,0.0,16.0
2023-02-19 14:00:00,Troyes,Montpellier,0,1,2022,Montpellier,Troyes,0,1,0,win,20230219_Troyes_Montpellier,1.08483,1.08483,49.0,79.4,1.0,1.0,15.0
2023-02-24 20:00:00,Lille,Brest,2,1,2022,Brest,Lille,0,1,2,loss,20230224_Lille_Brest,0.20242,0.20242,31.0,71.0,2.0,1.0,31.0
2023-02-25 16:00:00,Angers,Lyon,1,3,2022,Lyon,Angers,0,3,1,win,20230225_Angers_Lyon,1.81818,1.81818,57.0,85.5,0.0,0.0,11.0
2023-02-25 20:00:00,Montpellier,Lens,1,1,2022,Lens,Montpellier,0,1,1,draw,20230225_Montpellier_Lens,1.53537,1.53537,61.0,85.2,3.0,0.0,17.0
2023-02-26 14:00:00,Ajaccio,Troyes,2,1,2022,Troyes,Ajaccio,0,1,2,loss,20230226_Ajaccio_Troyes,1.40375,1.40375,48.0,67.9,2.0,1.0,21.0
2023-02-26 14:00:00,Clermont Foot,Strasbourg,1,1,2022,Strasbourg,Clermont Foot,0,1,1,draw,20230226_Clermont Foot_Strasbourg,0.920081,0.920081,44.0,68.4,4.0,0.0,24.0
2023-02-26 12:00:00,Lorient,Auxerre,0,1,2022,Auxerre,Lorient,0,1,0,win,20230226_Lorient_Auxerre,1.20936,1.20936,39.0,78.7,3.0,0.0,29.0
2023-02-26 19:45:00,Marseille,Paris Saint Germain,0,3,2022,Paris Saint Germain,Marseille,0,3,0,win,20230226_Marseille_Paris Saint Germain,3.73353,3.73353,,,,,
2023-02-26 16:05:00,Monaco,Nice,0,3,2022,Nice,Monaco,0,3,0,win,20230226_Monaco_Nice,1.7956,1.7956,44.0,84.2,1.0,0.0,35.0
2023-02-26 14:00:00,Nantes,Rennes,0,1,2022,Rennes,Nantes,0,1,0,win,20230226_Nantes_Rennes,0.986331,0.986331,44.0,75.3,2.0,0.0,28.0
2023-02-26 14:00:00,Reims,Toulouse,3,0,2022,Toulouse,Reims,0,0,3,loss,20230226_Reims_Toulouse,0.52285,0.52285,53.0,79.6,0.0,0.0,16.0
2023-03-03 20:00:00,Nice,Auxerre,1,1,2022,Auxerre,Nice,0,1,1,draw,20230303_Nice_Auxerre,0.443087,0.443087,36.0,75.8,1.0,0.0,39.0
2023-03-04 16:00:00,Lens,Lille,1,1,2022,Lille,Lens,0,1,1,draw,20230304_Lens_Lille,1.90081,1.90081,62.0,84.0,4.0,0.0,23.0
2023-03-04 20:00:00,Paris Saint Germain,Nantes,4,2,2022,Nantes,Paris Saint Germain,0,2,4,loss,20230304_Paris Saint Germain_Nantes,0.238685,0.238685,33.0,83.2,2.0,0.0,17.0
2023-03-05 16:05:00,Lyon,Lorient,0,0,2022,Lorient,Lyon,0,0,0,draw,20230305_Lyon_Lorient,0.887853,0.887853,47.0,86.1,0.0,0.0,25.0
2023-03-05 14:00:00,Montpellier,Angers,5,0,2022,Angers,Montpellier,0,0,5,loss,20230305_Montpellier_Angers,0.955683,0.955683,40.0,81.6,4.0,1.0,23.0
2023-03-05 14:00:00,Reims,Ajaccio,1,0,2022,Ajaccio,Reims,0,0,1,loss,20230305_Reims_Ajaccio,0.36989,0.36989,36.0,68.4,4.0,0.0,34.0
2023-03-05 19:45:00,Rennes,Marseille,0,1,2022,Marseille,Rennes,0,1,0,win,20230305_Rennes_Marseille,1.45275,1.45275,45.0,75.4,1.0,0.0,18.0
2023-03-05 14:00:00,Strasbourg,Brest,0,1,2022,Brest,Strasbourg,0,1,0,win,20230305_Strasbourg_Brest,0.585063,0.585063,38.0,62.6,1.0,0.0,37.0
2023-03-05 14:00:00,Toulouse,Clermont Foot,0,1,2022,Clermont Foot,Toulouse,0,1,0,win,20230305_Toulouse_Clermont Foot,0.647727,0.647727,49.0,79.3,1.0,0.0,17.0
2023-03-05 12:00:00,Troyes,Monaco,2,2,2022,Monaco,Troyes,0,2,2,draw,20230305_Troyes_Monaco,2.81633,2.81633,61.0,78.2,1.0,0.0,7.0
2023-03-10 20:00:00,Lille,Lyon,3,3,2022,Lyon,Lille,0,3,3,draw,20230310_Lille_Lyon,1.0584,1.0584,45.0,76.2,4.0,0.0,16.0
2023-03-11 16:00:00,Auxerre,Rennes,0,0,2022,Rennes,Auxerre,0,0,0,draw,20230311_Auxerre_Rennes,0.690947,0.690947,67.0,85.7,2.0,0.0,16.0
2023-03-11 20:00:00,Brest,Paris Saint Germain,1,2,2022,Paris Saint Germain,Brest,0,2,1,win,20230311_Brest_Paris Saint Germain,2.66126,2.66126,,,,,
2023-03-12 14:00:00,Ajaccio,Montpellier,0,1,2022,Montpellier,Ajaccio,0,1,0,win,20230312_Ajaccio_Montpellier,1.27414,1.27414,52.0,72.7,2.0,0.0,23.0
2023-03-12 14:00:00,Angers,Toulouse,0,2,2022,Toulouse,Angers,0,2,0,win,20230312_Angers_Toulouse,1.56928,1.56928,60.0,83.7,1.0,0.0,19.0
2023-03-12 12:00:00,Clermont Foot,Lens,0,4,2022,Lens,Clermont Foot,0,4,0,win,20230312_Clermont Foot_Lens,2.00502,2.00502,53.0,84.6,2.0,0.0,10.0
2023-03-12 14:00:00,Lorient,Troyes,2,0,2022,Troyes,Lorient,0,0,2,loss,20230312_Lorient_Troyes,0.492296,0.492296,48.0,79.7,2.0,0.0,6.0
2023-03-12 19:45:00,Marseille,Strasbourg,2,2,2022,Strasbourg,Marseille,0,2,2,draw,20230312_Marseille_Strasbourg,2.2222,2.2222,59.0,79.5,4.0,0.0,4.0
2023-03-12 16:05:00,Monaco,Reims,0,1,2022,Reims,Monaco,0,1,0,win,20230312_Monaco_Reims,1.81877,1.81877,51.0,78.8,2.0,0.0,22.0
2023-03-12 14:00:00,Nantes,Nice,2,2,2022,Nice,Nantes,0,2,2,draw,20230312_Nantes_Nice,1.51843,1.51843,55.0,87.2,1.0,0.0,13.0
2023-03-17 20:00:00,Lyon,Nantes,1,1,2022,Nantes,Lyon,0,1,1,draw,20230317_Lyon_Nantes,1.06263,1.06263,34.0,77.0,1.0,0.0,24.0
2023-03-18 20:00:00,Lens,Angers,3,0,2022,Angers,Lens,0,0,3,loss,20230318_Lens_Angers,0.589326,0.589326,54.0,86.5,0.0,0.0,12.0
2023-03-18 16:00:00,Toulouse,Lille,0,2,2022,Lille,Toulouse,0,2,0,win,20230318_Toulouse_Lille,1.96469,1.96469,53.0,85.2,0.0,0.0,20.0
2023-03-19 12:00:00,Ajaccio,Monaco,0,2,2022,Monaco,Ajaccio,0,2,0,win,20230319_Ajaccio_Monaco,1.45597,1.45597,58.0,74.1,1.0,0.0,7.0
2023-03-19 14:00:00,Montpellier,Clermont Foot,2,1,2022,Clermont Foot,Montpellier,0,1,2,loss,20230319_Montpellier_Clermont Foot,1.40585,1.40585,44.0,71.5,1.0,0.0,23.0
2023-03-19 14:00:00,Nice,Lorient,1,1,2022,Lorient,Nice,0,1,1,draw,20230319_Nice_Lorient,0.883148,0.883148,47.0,86.3,2.0,1.0,28.0
2023-03-19 16:05:00,Paris Saint Germain,Rennes,0,2,2022,Rennes,Paris Saint Germain,0,2,0,win,20230319_Paris Saint Germain_Rennes,1.90042,1.90042,40.0,85.0,1.0,0.0,13.0
2023-03-19 19:45:00,Reims,Marseille,1,2,2022,Marseille,Reims,0,2,1,win,20230319_Reims_Marseille,1.39201,1.39201,45.0,71.2,3.0,0.0,34.0
2023-03-19 14:00:00,Strasbourg,Auxerre,2,0,2022,Auxerre,Strasbourg,0,0,2,loss,20230319_Strasbourg_Auxerre,0.945437,0.945437,49.0,67.0,1.0,0.0,14.0
2023-03-19 14:00:00,Troyes,Brest,2,2,2022,Brest,Troyes,0,2,2,draw,20230319_Troyes_Brest,1.16022,0.40013,51.0,79.9,1.0,0.0,17.0
2023-03-31 19:00:00,Marseille,Montpellier,1,1,2022,Montpellier,Marseille,0,1,1,draw,20230331_Marseille_Montpellier,0.849684,0.849684,32.0,67.1,2.0,0.0,24.0
2023-04-01 15:00:00,Auxerre,Troyes,1,0,2022,Troyes,Auxerre,0,0,1,loss,20230401_Auxerre_Troyes,1.17234,1.17234,62.0,77.2,0.0,0.0,9.0
2023-04-01 19:00:00,Rennes,Lens,0,1,2022,Lens,Rennes,0,1,0,win,20230401_Rennes_Lens,1.4486,1.4486,44.0,81.5,2.0,0.0,11.0
2023-04-02 13:00:00,Angers,Nice,1,1,2022,Nice,Angers,0,1,1,draw,20230402_Angers_Nice,1.20001,1.20001,63.0,84.6,1.0,0.0,15.0
2023-04-02 13:00:00,Brest,Toulouse,3,1,2022,Toulouse,Brest,0,1,3,loss,20230402_Brest_Toulouse,1.77942,1.77942,59.0,83.5,5.0,1.0,23.0
2023-04-02 13:00:00,Clermont Foot,Ajaccio,2,1,2022,Ajaccio,Clermont Foot,0,1,2,loss,20230402_Clermont Foot_Ajaccio,0.411997,0.411997,33.0,63.5,5.0,1.0,15.0
2023-04-02 11:00:00,Lille,Lorient,3,1,2022,Lorient,Lille,0,1,3,loss,20230402_Lille_Lorient,0.0956693,0.0956693,40.0,81.3,3.0,1.0,27.0
2023-04-02 15:05:00,Monaco,Strasbourg,4,3,2022,Strasbourg,Monaco,0,3,4,loss,20230402_Monaco_Strasbourg,1.55623,1.55623,50.0,76.9,1.0,0.0,22.0
2023-04-02 13:00:00,Nantes,Reims,0,3,2022,Reims,Nantes,0,3,0,win,20230402_Nantes_Reims,2.00509,2.00509,52.0,76.0,2.0,0.0,22.0
2023-04-02 18:45:00,Paris Saint Germain,Lyon,0,1,2022,Lyon,Paris Saint Germain,0,1,0,win,20230402_Paris Saint Germain_Lyon,2.14851,1.30027,38.0,80.8,3.0,0.0,27.0
2023-04-07 19:00:00,Lens,Strasbourg,2,1,2022,Strasbourg,Lens,0,1,2,loss,20230407_Lens_Strasbourg,0.580047,0.580047,46.0,78.7,5.0,1.0,15.0
2023-04-08 15:00:00,Angers,Lille,1,0,2022,Lille,Angers,0,0,1,loss,20230408_Angers_Lille,1.06957,1.06957,66.0,84.3,3.0,0.0,13.0
2023-04-08 19:00:00,Nice,Paris Saint Germain,0,2,2022,Paris Saint Germain,Nice,0,2,0,win,20230408_Nice_Paris Saint Germain,1.24929,1.24929,,,,,
2023-04-09 13:00:00,Ajaccio,Auxerre,0,3,2022,Auxerre,Ajaccio,0,3,0,win,20230409_Ajaccio_Auxerre,0.925035,0.925035,43.0,73.0,3.0,0.0,22.0
2023-04-09 18:45:00,Lorient,Marseille,0,0,2022,Marseille,Lorient,0,0,0,draw,20230409_Lorient_Marseille,0.782867,0.782867,60.0,83.2,2.0,0.0,14.0
2023-04-09 11:00:00,Lyon,Rennes,3,1,2022,Rennes,Lyon,0,1,3,loss,20230409_Lyon_Rennes,1.06365,1.06365,41.0,82.0,2.0,0.0,24.0
2023-04-09 13:00:00,Montpellier,Toulouse,1,2,2022,Toulouse,Montpellier,0,2,1,win,20230409_Montpellier_Toulouse,2.20627,2.20627,49.0,76.3,2.0,0.0,18.0
2023-04-09 15:05:00,Nantes,Monaco,2,2,2022,Monaco,Nantes,0,2,2,draw,20230409_Nantes_Monaco,1.66938,1.66938,51.0,73.4,1.0,0.0,16.0
2023-04-09 13:00:00,Reims,Brest,1,1,2022,Brest,Reims,0,1,1,draw,20230409_Reims_Brest,1.11133,1.11133,39.0,69.7,1.0,0.0,33.0
2023-04-09 13:00:00,Troyes,Clermont Foot,0,2,2022,Clermont Foot,Troyes,0,2,0,win,20230409_Troyes_Clermont Foot,1.86113,1.86113,57.0,83.2,2.0,0.0,4.0
2023-04-14 19:00:00,Toulouse,Lyon,1,2,2022,Lyon,Toulouse,0,2,1,win,20230414_Toulouse_Lyon,2.988,2.2279,57.0,86.0,4.0,0.0,18.0
2023-04-15 19:00:00,Paris Saint Germain,Lens,3,1,2022,Lens,Paris Saint Germain,0,1,3,loss,20230415_Paris Saint Germain_Lens,1.43462,0.674521,38.0,84.0,0.0,1.0,7.0
2023-04-15 15:00:00,Rennes,Reims,3,0,2022,Reims,Rennes,0,0,3,loss,20230415_Rennes_Reims,0.343875,0.343875,49.0,74.9,2.0,0.0,15.0
2023-04-16 13:00:00,Auxerre,Nantes,2,1,2022,Nantes,Auxerre,0,1,2,loss,20230416_Auxerre_Nantes,1.28278,1.28278,69.0,81.2,2.0,0.0,21.0
2023-04-16 13:00:00,Brest,Nice,1,0,2022,Nice,Brest,0,0,1,loss,20230416_Brest_Nice,0.656233,0.656233,48.0,81.2,3.0,0.0,14.0
2023-04-16 13:00:00,Clermont Foot,Angers,2,1,2022,Angers,Clermont Foot,0,1,2,loss,20230416_Clermont Foot_Angers,0.327937,0.327937,47.0,80.6,3.0,0.0,9.0
2023-04-16 11:00:00,Lille,Montpellier,2,1,2022,Montpellier,Lille,0,1,2,loss,20230416_Lille_Montpellier,0.515081,0.515081,32.0,71.5,3.0,0.0,27.0
2023-04-16 18:45:00,Marseille,Troyes,3,1,2022,Troyes,Marseille,0,1,3,loss,20230416_Marseille_Troyes,0.405591,0.405591,29.0,71.4,2.0,0.0,25.0
2023-04-16 15:05:00,Monaco,Lorient,3,1,2022,Lorient,Monaco,0,1,3,loss,20230416_Monaco_Lorient,1.03367,0.273578,53.0,84.9,1.0,0.0,33.0
2023-04-16 13:00:00,Strasbourg,Ajaccio,3,1,2022,Ajaccio,Strasbourg,0,1,3,loss,20230416_Strasbourg_Ajaccio,0.478923,0.478923,57.0,78.0,5.0,0.0,17.0
2023-04-21 19:00:00,Angers,Paris Saint Germain,1,2,2022,Paris Saint Germain,Angers,0,2,1,win,20230421_Angers_Paris Saint Germain,1.75064,1.75064,,,,,
2023-04-22 15:00:00,Auxerre,Lille,1,1,2022,Lille,Auxerre,0,1,1,draw,20230422_Auxerre_Lille,3.08943,2.32933,69.0,87.2,1.0,0.0,13.0
2023-04-22 19:00:00,Lens,Monaco,3,0,2022,Monaco,Lens,0,0,3,loss,20230422_Lens_Monaco,1.53352,1.53352,38.0,73.9,2.0,0.0,13.0
2023-04-23 13:00:00,Ajaccio,Brest,0,0,2022,Brest,Ajaccio,0,0,0,draw,20230423_Ajaccio_Brest,0.451465,0.451465,56.0,75.7,2.0,0.0,12.0
2023-04-23 13:00:00,Lorient,Toulouse,0,1,2022,Toulouse,Lorient,0,1,0,win,20230423_Lorient_Toulouse,1.25506,1.25506,46.0,80.3,2.0,0.0,24.0
2023-04-23 18:45:00,Lyon,Marseille,1,2,2022,Marseille,Lyon,0,2,1,win,20230423_Lyon_Marseille,2.21507,2.21507,41.0,74.3,1.0,0.0,25.0
2023-04-23 15:00:00,Montpellier,Rennes,1,0,2022,Rennes,Montpellier,0,0,1,loss,20230423_Montpellier_Rennes,1.32781,1.32781,69.0,86.0,2.0,0.0,14.0
2023-04-23 13:00:00,Nantes,Troyes,2,2,2022,Troyes,Nantes,0,2,2,draw,20230423_Nantes_Troyes,1.7244,0.964305,47.0,79.1,0.0,0.0,40.0
2023-04-23 13:00:00,Nice,Clermont Foot,1,2,2022,Clermont Foot,Nice,0,2,1,win,20230423_Nice_Clermont Foot,0.917427,0.917427,44.0,81.2,2.0,0.0,20.0
2023-04-23 11:00:00,Reims,Strasbourg,0,2,2022,Strasbourg,Reims,0,2,0,win,20230423_Reims_Strasbourg,1.33348,1.33348,27.0,53.0,1.0,0.0,31.0
2023-04-29 14:00:00,Lille,Ajaccio,3,0,2022,Ajaccio,Lille,0,0,3,loss,20230429_Lille_Ajaccio,0.360442,0.360442,25.0,74.1,2.0,0.0,17.0
2023-04-30 13:00:00,Clermont Foot,Reims,1,0,2022,Reims,Clermont Foot,0,0,1,loss,20230430_Clermont Foot_Reims,0.483303,0.483303,67.0,83.4,2.0,0.0,8.0
2023-04-30 18:45:00,Marseille,Auxerre,2,1,2022,Auxerre,Marseille,0,1,2,loss,20230430_Marseille_Auxerre,0.456496,0.456496,31.0,66.2,0.0,0.0,40.0
2023-04-30 11:00:00,Monaco,Montpellier,0,4,2022,Montpellier,Monaco,0,4,0,win,20230430_Monaco_Montpellier,2.11063,2.11063,45.0,76.1,1.0,0.0,17.0
2023-04-30 15:05:00,Paris Saint Germain,Lorient,1,3,2022,Lorient,Paris Saint Germain,0,3,1,win,20230430_Paris Saint Germain_Lorient,3.2671,3.2671,46.0,88.4,3.0,0.0,12.0
2023-04-30 13:00:00,Rennes,Angers,4,2,2022,Angers,Rennes,0,2,4,loss,20230430_Rennes_Angers,1.27022,0.510126,36.0,80.3,2.0,0.0,14.0
2023-04-30 19:00:00,Strasbourg,Lyon,1,2,2022,Lyon,Strasbourg,0,2,1,win,20230430_Strasbourg_Lyon,0.889805,0.889805,,,,,
2023-04-30 13:00:00,Troyes,Nice,0,1,2022,Nice,Troyes,0,1,0,win,20230430_Troyes_Nice,3.65344,3.65344,64.0,89.8,2.0,0.0,10.0
2023-05-02 19:00:00,Toulouse,Lens,0,1,2022,Lens,Toulouse,0,1,0,win,20230502_Toulouse_Lens,1.35975,1.35975,53.0,85.3,2.0,0.0,15.0
2023-05-03 19:00:00,Brest,Nantes,2,0,2022,Nantes,Brest,0,0,2,loss,20230503_Brest_Nantes,0.725944,0.725944,47.0,76.5,1.0,0.0,21.0
2023-05-06 19:00:00,Lens,Marseille,2,1,2022,Marseille,Lens,0,1,2,loss,20230506_Lens_Marseille,1.27465,1.27465,57.0,76.9,2.0,0.0,19.0
2023-05-06 15:00:00,Nice,Rennes,2,1,2022,Rennes,Nice,0,1,2,loss,20230506_Nice_Rennes,1.06201,1.06201,53.0,84.9,1.0,0.0,18.0
2023-05-06 17:00:00,Reims,Lille,1,0,2022,Lille,Reims,0,0,1,loss,20230506_Reims_Lille,1.42756,1.42756,63.0,81.2,3.0,0.0,14.0
2023-05-07 13:00:00,Ajaccio,Toulouse,0,0,2022,Toulouse,Ajaccio,0,0,0,draw,20230507_Ajaccio_Toulouse,2.52738,2.52738,61.0,83.6,0.0,0.0,16.0
2023-05-07 11:00:00,Angers,Monaco,1,2,2022,Monaco,Angers,0,2,1,win,20230507_Angers_Monaco,1.58485,1.58485,40.0,78.2,2.0,0.0,12.0
2023-05-07 13:00:00,Auxerre,Clermont Foot,1,1,2022,Clermont Foot,Auxerre,0,1,1,draw,20230507_Auxerre_Clermont Foot,1.82065,1.82065,53.0,80.5,0.0,0.0,12.0
2023-05-07 13:00:00,Lorient,Brest,2,1,2022,Brest,Lorient,0,1,2,loss,20230507_Lorient_Brest,1.42227,0.66217,54.0,77.7,2.0,0.0,10.0
2023-05-07 15:05:00,Lyon,Montpellier,5,4,2022,Montpellier,Lyon,0,4,5,loss,20230507_Lyon_Montpellier,2.30837,1.54827,31.0,74.0,3.0,0.0,21.0
2023-05-07 13:00:00,Nantes,Strasbourg,0,2,2022,Strasbourg,Nantes,0,2,0,win,20230507_Nantes_Strasbourg,1.94833,1.18824,46.0,74.3,1.0,0.0,35.0
2023-05-07 18:45:00,Troyes,Paris Saint Germain,1,3,2022,Paris Saint Germain,Troyes,0,3,1,win,20230507_Troyes_Paris Saint Germain,4.3052,4.3052,,,,,
2023-05-12 19:00:00,Lens,Reims,2,1,2022,Reims,Lens,0,1,2,loss,20230512_Lens_Reims,1.80834,1.04824,60.0,85.7,3.0,0.0,7.0
2023-05-13 19:00:00,Paris Saint Germain,Ajaccio,5,0,2022,Ajaccio,Paris Saint Germain,0,0,5,loss,20230513_Paris Saint Germain_Ajaccio,0.313564,0.313564,27.0,78.0,1.0,1.0,28.0
2023-05-13 15:00:00,Strasbourg,Nice,2,0,2022,Nice,Strasbourg,0,0,2,loss,20230513_Strasbourg_Nice,0.360576,0.360576,60.0,83.7,1.0,0.0,18.0
2023-05-14 13:00:00,Brest,Auxerre,1,0,2022,Auxerre,Brest,0,0,1,loss,20230514_Brest_Auxerre,0.73065,0.73065,55.0,81.5,0.0,0.0,21.0
2023-05-14 11:00:00,Clermont Foot,Lyon,2,1,2022,Lyon,Clermont Foot,0,1,2,loss,20230514_Clermont Foot_Lyon,1.90489,1.1448,62.0,84.2,3.0,0.0,12.0
2023-05-14 18:45:00,Marseille,Angers,3,1,2022,Angers,Marseille,0,1,3,loss,20230514_Marseille_Angers,0.559445,0.559445,38.0,74.1,2.0,0.0,25.0
2023-05-14 15:05:00,Monaco,Lille,0,0,2022,Lille,Monaco,0,0,0,draw,20230514_Monaco_Lille,1.29341,1.29341,58.0,79.1,2.0,0.0,22.0
2023-05-14 13:00:00,Montpellier,Lorient,1,1,2022,Lorient,Montpellier,0,1,1,draw,20230514_Montpellier_Lorient,0.582419,0.582419,57.0,86.5,3.0,0.0,27.0
2023-05-14 13:00:00,Rennes,Troyes,4,0,2022,Troyes,Rennes,0,0,4,loss,20230514_Rennes_Troyes,0.263264,0.263264,34.0,75.1,1.0,0.0,20.0
2023-05-14 13:00:00,Toulouse,Nantes,0,0,2022,Nantes,Toulouse,0,0,0,draw,20230514_Toulouse_Nantes,0.621868,0.621868,29.0,69.2,1.0,0.0,44.0
2023-05-19 19:00:00,Lyon,Monaco,3,1,2022,Monaco,Lyon,0,1,3,loss,20230519_Lyon_Monaco,1.46568,0.705589,38.0,75.3,3.0,0.0,15.0
2023-05-20 19:00:00,Lille,Marseille,2,1,2022,Marseille,Lille,0,1,2,loss,20230520_Lille_Marseille,1.19915,1.19915,53.0,77.6,2.0,0.0,12.0
2023-05-20 15:00:00,Nantes,Montpellier,0,3,2022,Montpellier,Nantes,0,3,0,win,20230520_Nantes_Montpellier,1.7036,1.7036,56.0,83.5,0.0,0.0,21.0
2023-05-21 11:00:00,Ajaccio,Rennes,0,5,2022,Rennes,Ajaccio,0,5,0,win,20230521_Ajaccio_Rennes,2.09363,2.09363,58.0,86.1,2.0,0.0,12.0
2023-05-21 18:45:00,Auxerre,Paris Saint Germain,1,2,2022,Paris Saint Germain,Auxerre,0,2,1,win,20230521_Auxerre_Paris Saint Germain,1.84662,1.84662,,,,,
2023-05-21 13:00:00,Brest,Clermont Foot,2,1,2022,Clermont Foot,Brest,0,1,2,loss,20230521_Brest_Clermont Foot,0.36306,0.36306,59.0,79.9,4.0,0.0,12.0
2023-05-21 15:05:00,Lorient,Lens,1,3,2022,Lens,Lorient,0,3,1,win,20230521_Lorient_Lens,2.30872,2.30872,53.0,86.7,2.0,0.0,14.0
2023-05-21 13:00:00,Nice,Toulouse,0,0,2022,Toulouse,Nice,0,0,0,draw,20230521_Nice_Toulouse,0.964577,0.964577,49.0,81.7,2.0,0.0,23.0
2023-05-21 13:00:00,Reims,Angers,2,2,2022,Angers,Reims,0,2,2,draw,20230521_Reims_Angers,0.700941,0.700941,43.0,76.5,2.0,0.0,20.0
2023-05-21 13:00:00,Troyes,Strasbourg,1,1,2022,Strasbourg,Troyes,0,1,1,draw,20230521_Troyes_Strasbourg,2.30022,2.30022,55.0,82.5,1.0,1.0,10.0
2023-05-27 19:00:00,Angers,Troyes,2,1,2022,Troyes,Angers,0,1,2,loss,20230527_Angers_Troyes,0.234923,0.234923,40.0,72.4,1.0,0.0,22.0
2023-05-27 19:00:00,Clermont Foot,Lorient,2,0,2022,Lorient,Clermont Foot,0,0,2,loss,20230527_Clermont Foot_Lorient,0.9985,0.238404,55.0,84.4,0.0,0.0,18.0
2023-05-27 19:00:00,Lens,Ajaccio,3,0,2022,Ajaccio,Lens,0,0,3,loss,20230527_Lens_Ajaccio,0.18809,0.18809,21.0,63.3,2.0,0.0,40.0
2023-05-27 19:00:00,Lille,Nantes,2,1,2022,Nantes,Lille,0,1,2,loss,20230527_Lille_Nantes,1.0893,1.0893,35.0,70.6,4.0,0.0,17.0
2023-05-27 19:00:00,Lyon,Reims,3,0,2022,Reims,Lyon,0,0,3,loss,20230527_Lyon_Reims,0.505996,0.505996,46.0,81.0,1.0,1.0,16.0
2023-05-27 19:00:00,Marseille,Brest,1,2,2022,Brest,Marseille,0,2,1,win,20230527_Marseille_Brest,1.5307,1.5307,38.0,69.9,2.0,0.0,20.0
2023-05-27 19:00:00,Montpellier,Nice,2,3,2022,Nice,Montpellier,0,3,2,win,20230527_Montpellier_Nice,4.59487,4.59487,53.0,79.6,3.0,0.0,11.0
2023-05-27 19:00:00,Rennes,Monaco,2,0,2022,Monaco,Rennes,0,0,2,loss,20230527_Rennes_Monaco,0.377473,0.377473,43.0,75.1,3.0,0.0,14.0
2023-05-27 19:00:00,Strasbourg,Paris Saint Germain,1,1,2022,Paris Saint Germain,Strasbourg,0,1,1,draw,20230527_Strasbourg_Paris Saint Germain,1.16057,1.16057,,,,,
2023-05-27 19:00:00,Toulouse,Auxerre,1,1,2022,Auxerre,Toulouse,0,1,1,draw,20230527_Toulouse_Auxerre,0.653455,0.653455,40.0,76.1,3.0,0.0,21.0
2023-06-03 17:00:00,Ajaccio,Marseille,1,0,2022,Marseille,Ajaccio,0,0,1,loss,20230603_Ajaccio_Marseille,1.22431,1.22431,71.0,83.0,1.0,0.0,9.0
2023-06-03 17:00:00,Auxerre,Lens,1,3,2022,Lens,Auxerre,0,3,1,win,20230603_Auxerre_Lens,3.19981,3.19981,49.0,84.8,3.0,0.0,19.0
2023-06-03 17:00:00,Brest,Rennes,1,2,2022,Rennes,Brest,0,2,1,win,20230603_Brest_Rennes,1.57488,0.814789,47.0,76.5,4.0,0.0,10.0
2023-06-03 17:00:00,Lorient,Strasbourg,2,1,2022,Strasbourg,Lorient,0,1,2,loss,20230603_Lorient_Strasbourg,0.851717,0.851717,47.0,87.6,1.0,0.0,13.0
2023-06-03 17:00:00,Monaco,Toulouse,1,2,2022,Toulouse,Monaco,0,2,1,win,20230603_Monaco_Toulouse,2.66693,2.66693,43.0,77.8,2.0,0.0,15.0
2023-06-03 17:00:00,Nantes,Angers,1,0,2022,Angers,Nantes,0,0,1,loss,20230603_Nantes_Angers,0.190199,0.190199,66.0,87.6,0.0,0.0,18.0
2023-06-03 17:00:00,Nice,Lyon,3,1,2022,Lyon,Nice,0,1,3,loss,20230603_Nice_Lyon,1.68314,1.68314,57.0,86.8,1.0,0.0,12.0
2023-06-03 17:00:00,Paris Saint Germain,Clermont Foot,2,3,2022,Clermont Foot,Paris Saint Germain,0,3,2,win,20230603_Paris Saint Germain_Clermont Foot,2.97907,2.21897,46.0,86.7,1.0,0.0,10.0
2023-06-03 17:00:00,Reims,Montpellier,1,3,2022,Montpellier,Reims,0,3,1,win,20230603_Reims_Montpellier,2.21924,2.21924,51.0,78.6,2.0,0.0,13.0
2023-06-03 17:00:00,Troyes,Lille,1,1,2022,Lille,Troyes,0,1,1,draw,20230603_Troyes_Lille,1.69616,1.69616,66.0,84.7,4.0,0.0,9.0
2023-08-12 18:00:00,Brest,Lens,3,2,2023,Lens,Brest,0,2,3,loss,20230812_Brest_Lens,0.960002,0.960002,,,,,
2023-08-12 18:00:00,Marseille,Reims,2,1,2023,Reims,Marseille,0,1,2,loss,20230812_Marseille_Reims,0.993374,0.993374,58.0,78.9,3.0,0.0,18.0
2023-08-12 18:00:00,Nice,Lille,1,1,2023,Lille,Nice,0,1,1,draw,20230812_Nice_Lille,1.53437,1.53437,,,,,
2023-08-12 18:00:00,Paris Saint Germain,Lorient,0,0,2023,Lorient,Paris Saint Germain,0,0,0,draw,20230812_Paris Saint Germain_Lorient,0.136269,0.136269,22.0,75.8,0.0,0.0,35.0
2023-08-13 13:00:00,Clermont Foot,Monaco,2,4,2023,Monaco,Clermont Foot,0,4,2,win,20230813_Clermont Foot_Monaco,3.40428,3.40428,45.0,79.6,4.0,0.0,14.0
2023-08-13 13:00:00,Montpellier,Le Havre,2,2,2023,Le Havre,Montpellier,0,2,2,draw,20230813_Montpellier_Le Havre,1.24958,1.24958,42.0,72.0,2.0,0.0,20.0
2023-08-13 13:00:00,Nantes,Toulouse,1,2,2023,Toulouse,Nantes,0,2,1,win,20230813_Nantes_Toulouse,2.06035,2.06035,56.0,83.5,2.0,0.0,16.0
2023-08-13 15:05:00,Rennes,Metz,5,1,2023,Metz,Rennes,0,1,5,loss,20230813_Rennes_Metz,0.561838,0.561838,30.0,79.1,2.0,0.0,17.0
2023-08-13 18:45:00,Strasbourg,Lyon,2,1,2023,Lyon,Strasbourg,0,1,2,loss,20230813_Strasbourg_Lyon,2.05387,2.05387,64.0,86.7,2.0,0.0,14.0
2023-08-18 19:00:00,Metz,Marseille,2,2,2023,Marseille,Metz,0,2,2,draw,20230818_Metz_Marseille,1.49349,1.49349,57.0,81.8,2.0,0.0,24.0
2023-08-19 15:00:00,Lyon,Montpellier,1,4,2023,Montpellier,Lyon,0,4,1,win,20230819_Lyon_Montpellier,1.91808,1.91808,37.0,76.8,1.0,0.0,20.0
2023-08-19 19:00:00,Toulouse,Paris Saint Germain,1,1,2023,Paris Saint Germain,Toulouse,0,1,1,draw,20230819_Toulouse_Paris Saint Germain,2.00415,1.24405,,,,,
2023-08-20 13:00:00,Le Havre,Brest,1,2,2023,Brest,Le Havre,0,2,1,win,20230820_Le Havre_Brest,1.60466,1.60466,44.0,71.9,2.0,0.0,20.0
2023-08-20 18:45:00,Lens,Rennes,1,1,2023,Rennes,Lens,0,1,1,draw,20230820_Lens_Rennes,1.62597,0.865874,50.0,83.2,1.0,0.0,26.0
2023-08-20 11:00:00,Lille,Nantes,2,0,2023,Nantes,Lille,0,0,2,loss,20230820_Lille_Nantes,1.27164,1.27164,36.0,76.6,2.0,0.0,22.0
2023-08-20 13:00:00,Lorient,Nice,1,1,2023,Nice,Lorient,0,1,1,draw,20230820_Lorient_Nice,2.42649,2.42649,59.0,90.8,1.0,0.0,2.0
2023-08-20 15:05:00,Monaco,Strasbourg,3,0,2023,Strasbourg,Monaco,0,0,3,loss,20230820_Monaco_Strasbourg,0.552621,0.552621,44.0,79.5,1.0,0.0,17.0
2023-08-20 13:00:00,Reims,Clermont Foot,2,0,2023,Clermont Foot,Reims,0,0,2,loss,20230820_Reims_Clermont Foot,0.399613,0.399613,54.0,77.6,0.0,0.0,12.0
2023-08-25 19:00:00,Nantes,Monaco,3,3,2023,Monaco,Nantes,0,3,3,draw,20230825_Nantes_Monaco,4.95812,4.95812,65.0,84.3,2.0,0.0,6.0
2023-08-26 17:00:00,Marseille,Brest,2,0,2023,Brest,Marseille,0,0,2,loss,20230826_Marseille_Brest,1.72801,1.72801,56.0,82.3,1.0,0.0,11.0
2023-08-26 19:00:00,Paris Saint Germain,Lens,3,1,2023,Lens,Paris Saint Germain,0,1,3,loss,20230826_Paris Saint Germain_Lens,0.487094,0.487094,34.0,77.3,5.0,0.0,8.0
2023-08-27 13:00:00,Clermont Foot,Metz,0,1,2023,Metz,Clermont Foot,0,1,0,win,20230827_Clermont Foot_Metz,0.791472,0.791472,30.0,71.5,1.0,0.0,27.0
2023-08-27 15:05:00,Lorient,Lille,4,1,2023,Lille,Lorient,0,1,4,loss,20230827_Lorient_Lille,1.45127,1.45127,64.0,85.0,4.0,0.0,11.0
2023-08-27 13:00:00,Montpellier,Reims,1,3,2023,Reims,Montpellier,0,3,1,win,20230827_Montpellier_Reims,1.8496,1.08951,48.0,70.0,1.0,0.0,25.0
2023-08-27 18:45:00,Nice,Lyon,0,0,2023,Lyon,Nice,0,0,0,draw,20230827_Nice_Lyon,0.25547,0.25547,42.0,77.8,4.0,0.0,29.0
2023-08-27 11:00:00,Rennes,Le Havre,2,2,2023,Le Havre,Rennes,0,2,2,draw,20230827_Rennes_Le Havre,0.41475,0.41475,39.0,80.3,2.0,1.0,18.0
2023-08-27 13:00:00,Strasbourg,Toulouse,2,0,2023,Toulouse,Strasbourg,0,0,2,loss,20230827_Strasbourg_Toulouse,0.308716,0.308716,61.0,82.0,3.0,0.0,16.0
2023-09-01 19:00:00,Nantes,Marseille,1,1,2023,Marseille,Nantes,0,1,1,draw,20230901_Nantes_Marseille,2.77866,2.77866,63.0,85.3,2.0,0.0,9.0
2023-09-02 15:00:00,Brest,Rennes,0,0,2023,Rennes,Brest,0,0,0,draw,20230902_Brest_Rennes,0.248338,0.248338,52.0,80.7,1.0,0.0,29.0
2023-09-02 19:00:00,Monaco,Lens,3,0,2023,Lens,Monaco,0,0,3,loss,20230902_Monaco_Lens,0.612432,0.612432,48.0,79.8,2.0,0.0,10.0
2023-09-03 13:00:00,Le Havre,Lorient,3,0,2023,Lorient,Le Havre,0,0,3,loss,20230903_Le Havre_Lorient,0.675614,0.675614,56.0,89.0,0.0,0.0,23.0
2023-09-03 13:00:00,Lille,Montpellier,1,0,2023,Montpellier,Lille,0,0,1,loss,20230903_Lille_Montpellier,0.793407,0.793407,42.0,75.4,1.0,0.0,11.0
2023-09-03 18:45:00,Lyon,Paris Saint Germain,1,4,2023,Paris Saint Germain,Lyon,0,4,1,win,20230903_Lyon_Paris Saint Germain,4.91949,4.15939,,,,,
2023-09-03 13:00:00,Metz,Reims,2,2,2023,Reims,Metz,0,2,2,draw,20230903_Metz_Reims,0.859494,0.859494,64.0,83.4,4.0,0.0,11.0
2023-09-03 15:05:00,Nice,Strasbourg,2,0,2023,Strasbourg,Nice,0,0,2,loss,20230903_Nice_Strasbourg,0.158524,0.158524,38.0,77.9,1.0,0.0,24.0
2023-09-03 11:00:00,Toulouse,Clermont Foot,2,2,2023,Clermont Foot,Toulouse,0,2,2,draw,20230903_Toulouse_Clermont Foot,1.40431,0.644213,63.0,81.5,3.0,0.0,3.0
2023-09-15 19:00:00,Paris Saint Germain,Nice,2,3,2023,Nice,Paris Saint Germain,0,3,2,win,20230915_Paris Saint Germain_Nice,1.94985,1.94985,31.0,75.6,5.0,0.0,22.0
2023-09-16 19:00:00,Lens,Metz,0,1,2023,Metz,Lens,0,1,0,win,20230916_Lens_Metz,0.629577,0.629577,25.0,65.3,2.0,0.0,37.0
2023-09-16 15:00:00,Rennes,Lille,2,2,2023,Lille,Rennes,0,2,2,draw,20230916_Rennes_Lille,1.60903,1.60903,53.0,83.4,4.0,0.0,14.0
2023-09-17 13:00:00,Clermont Foot,Nantes,0,1,2023,Nantes,Clermont Foot,0,1,0,win,20230917_Clermont Foot_Nantes,0.866302,0.866302,48.0,72.5,2.0,0.0,28.0
2023-09-17 11:00:00,Lorient,Monaco,2,2,2023,Monaco,Lorient,0,2,2,draw,20230917_Lorient_Monaco,1.54062,1.54062,59.0,85.6,1.0,0.0,18.0
2023-09-17 18:45:00,Lyon,Le Havre,0,0,2023,Le Havre,Lyon,0,0,0,draw,20230917_Lyon_Le Havre,1.25165,1.25165,42.0,78.6,2.0,0.0,24.0
2023-09-17 15:05:00,Marseille,Toulouse,0,0,2023,Toulouse,Marseille,0,0,0,draw,20230917_Marseille_Toulouse,0.882315,0.882315,39.0,75.5,5.0,0.0,52.0
2023-09-17 13:00:00,Reims,Brest,1,2,2023,Brest,Reims,0,2,1,win,20230917_Reims_Brest,1.56067,1.56067,48.0,71.0,4.0,0.0,28.0
2023-09-17 13:00:00,Strasbourg,Montpellier,2,2,2023,Montpellier,Strasbourg,0,2,2,draw,20230917_Strasbourg_Montpellier,1.03603,1.03603,56.0,83.5,6.0,0.0,20.0
2023-09-22 19:00:00,Monaco,Nice,0,1,2023,Nice,Monaco,0,1,0,win,20230922_Monaco_Nice,1.10143,1.10143,45.0,84.7,1.0,0.0,15.0
2023-09-23 19:00:00,Brest,Lyon,1,0,2023,Lyon,Brest,0,0,1,loss,20230923_Brest_Lyon,0.254128,0.254128,43.0,71.5,1.0,0.0,22.0
2023-09-23 15:00:00,Nantes,Lorient,5,3,2023,Lorient,Nantes,0,3,5,loss,20230923_Nantes_Lorient,1.59675,1.59675,56.0,86.6,3.0,0.0,10.0
2023-09-24 13:00:00,Le Havre,Clermont Foot,2,1,2023,Clermont Foot,Le Havre,0,1,2,loss,20230924_Le Havre_Clermont Foot,0.716065,0.716065,68.0,84.4,3.0,0.0,10.0
2023-09-24 13:00:00,Lens,Toulouse,2,1,2023,Toulouse,Lens,0,1,2,loss,20230924_Lens_Toulouse,0.649363,0.649363,38.0,73.7,1.0,0.0,36.0
2023-09-24 11:00:00,Metz,Strasbourg,0,1,2023,Strasbourg,Metz,0,1,0,win,20230924_Metz_Strasbourg,0.456135,0.456135,48.0,85.3,0.0,0.0,14.0
2023-09-24 15:05:00,Montpellier,Rennes,0,0,2023,Rennes,Montpellier,0,0,0,draw,20230924_Montpellier_Rennes,0.933593,0.933593,63.0,80.5,1.0,0.0,19.0
2023-09-24 18:45:00,Paris Saint Germain,Marseille,4,0,2023,Marseille,Paris Saint Germain,0,0,4,loss,20230924_Paris Saint Germain_Marseille,0.568702,0.568702,24.0,66.3,3.0,0.0,25.0
2023-09-26 19:00:00,Lille,Reims,1,2,2023,Reims,Lille,0,2,1,win,20230926_Lille_Reims,1.21818,1.21818,31.0,68.6,2.0,0.0,29.0
2023-09-29 19:00:00,Strasbourg,Lens,0,1,2023,Lens,Strasbourg,0,1,0,win,20230929_Strasbourg_Lens,1.52229,1.52229,52.0,83.2,4.0,0.0,13.0
2023-09-30 15:00:00,Clermont Foot,Paris Saint Germain,0,0,2023,Paris Saint Germain,Clermont Foot,0,0,0,draw,20230930_Clermont Foot_Paris Saint Germain,2.99118,2.99118,,,,,
2023-09-30 19:00:00,Monaco,Marseille,3,2,2023,Marseille,Monaco,0,2,3,loss,20230930_Monaco_Marseille,0.908767,0.908767,54.0,77.0,4.0,0.0,29.0
2023-10-01 13:00:00,Le Havre,Lille,0,2,2023,Lille,Le Havre,0,2,0,win,20231001_Le Havre_Lille,1.38688,1.38688,62.0,88.9,0.0,0.0,16.0
2023-10-01 15:05:00,Lorient,Montpellier,0,3,2023,Montpellier,Lorient,0,3,0,win,20231001_Lorient_Montpellier,2.77044,2.01035,49.0,83.3,1.0,0.0,17.0
2023-10-01 13:00:00,Nice,Brest,0,0,2023,Brest,Nice,0,0,0,draw,20231001_Nice_Brest,0.153004,0.153004,46.0,73.0,3.0,0.0,17.0
2023-10-01 11:00:00,Reims,Lyon,2,0,2023,Lyon,Reims,0,0,2,loss,20231001_Reims_Lyon,0.389915,0.389915,50.0,81.6,2.0,0.0,11.0
2023-10-01 18:45:00,Rennes,Nantes,3,1,2023,Nantes,Rennes,0,1,3,loss,20231001_Rennes_Nantes,0.902963,0.902963,42.0,76.8,6.0,1.0,16.0
2023-10-01 13:00:00,Toulouse,Metz,3,0,2023,Metz,Toulouse,0,0,3,loss,20231001_Toulouse_Metz,0.598514,0.598514,34.0,73.5,0.0,0.0,21.0
2023-10-06 19:00:00,Strasbourg,Nantes,1,2,2023,Nantes,Strasbourg,0,2,1,win,20231006_Strasbourg_Nantes,2.24185,2.24185,57.0,82.4,1.0,0.0,31.0
2023-10-07 15:00:00,Metz,Nice,0,1,2023,Nice,Metz,0,1,0,win,20231007_Metz_Nice,1.51523,1.51523,68.0,88.9,1.0,0.0,13.0
2023-10-07 19:00:00,Reims,Monaco,1,3,2023,Monaco,Reims,0,3,1,win,20231007_Reims_Monaco,1.74741,1.74741,46.0,73.6,3.0,0.0,32.0
2023-10-08 13:00:00,Brest,Toulouse,1,1,2023,Toulouse,Brest,0,1,1,draw,20231008_Brest_Toulouse,1.23903,1.23903,45.0,75.5,2.0,0.0,23.0
2023-10-08 15:05:00,Lens,Lille,1,1,2023,Lille,Lens,0,1,1,draw,20231008_Lens_Lille,1.34285,1.34285,55.0,81.1,4.0,0.0,24.0
2023-10-08 13:00:00,Lyon,Lorient,3,3,2023,Lorient,Lyon,0,3,3,draw,20231008_Lyon_Lorient,1.07853,1.07853,50.0,79.9,0.0,0.0,26.0
2023-10-08 11:00:00,Marseille,Le Havre,3,0,2023,Le Havre,Marseille,0,0,3,loss,20231008_Marseille_Le Havre,0.131369,0.131369,36.0,82.7,3.0,1.0,15.0
2023-10-08 18:45:00,Rennes,Paris Saint Germain,1,3,2023,Paris Saint Germain,Rennes,0,3,1,win,20231008_Rennes_Paris Saint Germain,3.13091,3.13091,,,,,
2023-10-20 19:00:00,Le Havre,Lens,0,0,2023,Lens,Le Havre,0,0,0,draw,20231020_Le Havre_Lens,1.96292,1.96292,60.0,81.9,3.0,0.0,17.0
2023-10-21 19:00:00,Nice,Marseille,1,0,2023,Marseille,Nice,0,0,1,loss,20231021_Nice_Marseille,1.00304,1.00304,50.0,83.7,3.0,1.0,22.0
2023-10-21 15:00:00,Paris Saint Germain,Strasbourg,3,0,2023,Strasbourg,Paris Saint Germain,0,0,3,loss,20231021_Paris Saint Germain_Strasbourg,0.224242,0.224242,24.0,70.6,0.0,0.0,13.0
2023-10-22 13:00:00,Lille,Brest,1,0,2023,Brest,Lille,0,0,1,loss,20231022_Lille_Brest,0.625269,0.625269,57.0,79.1,3.0,0.0,13.0
2023-10-22 11:00:00,Lorient,Rennes,2,1,2023,Rennes,Lorient,0,1,2,loss,20231022_Lorient_Rennes,0.940774,0.940774,69.0,83.9,2.0,0.0,12.0
2023-10-22 18:45:00,Lyon,Clermont Foot,1,2,2023,Clermont Foot,Lyon,0,2,1,win,20231022_Lyon_Clermont Foot,1.28994,1.28994,37.0,73.9,5.0,0.0,32.0
2023-10-22 15:05:00,Monaco,Metz,2,1,2023,Metz,Monaco,0,1,2,loss,20231022_Monaco_Metz,0.720525,0.720525,25.0,65.6,3.0,0.0,33.0
2023-10-22 13:00:00,Nantes,Montpellier,2,0,2023,Montpellier,Nantes,0,0,2,loss,20231022_Nantes_Montpellier,0.495893,0.495893,43.0,78.0,1.0,0.0,10.0
2023-10-22 13:00:00,Toulouse,Reims,1,1,2023,Reims,Toulouse,0,1,1,draw,20231022_Toulouse_Reims,0.96583,0.96583,51.0,76.6,0.0,0.0,24.0
2023-10-27 19:00:00,Clermont Foot,Nice,0,1,2023,Nice,Clermont Foot,0,1,0,win,20231027_Clermont Foot_Nice,2.15871,1.39861,55.0,84.6,2.0,0.0,10.0
2023-10-28 19:00:00,Lens,Nantes,4,0,2023,Nantes,Lens,0,0,4,loss,20231028_Lens_Nantes,1.21849,1.21849,46.0,82.5,2.0,0.0,15.0
2023-10-28 15:00:00,Reims,Lorient,1,0,2023,Lorient,Reims,0,0,1,loss,20231028_Reims_Lorient,0.412238,0.412238,44.0,78.5,3.0,0.0,18.0
2023-10-29 12:00:00,Brest,Paris Saint Germain,2,3,2023,Paris Saint Germain,Brest,0,3,2,win,20231029_Brest_Paris Saint Germain,2.09847,1.20329,,,,,
2023-10-29 14:00:00,Lille,Monaco,2,0,2023,Monaco,Lille,0,0,2,loss,20231029_Lille_Monaco,0.901743,0.901743,59.0,78.4,2.0,0.0,13.0
2023-10-29 14:00:00,Metz,Le Havre,0,0,2023,Le Havre,Metz,0,0,0,draw,20231029_Metz_Le Havre,0.890469,0.890469,58.0,80.3,2.0,0.0,21.0
2023-10-29 14:00:00,Montpellier,Toulouse,3,0,2023,Toulouse,Montpellier,0,0,3,loss,20231029_Montpellier_Toulouse,0.877804,0.877804,61.0,80.1,3.0,0.0,23.0
2023-10-29 16:05:00,Rennes,Strasbourg,1,1,2023,Strasbourg,Rennes,0,1,1,draw,20231029_Rennes_Strasbourg,1.02122,1.02122,39.0,74.7,2.0,0.0,19.0
2023-11-03 20:00:00,Paris Saint Germain,Montpellier,3,0,2023,Montpellier,Paris Saint Germain,0,0,3,loss,20231103_Paris Saint Germain_Montpellier,0.583754,0.583754,30.0,76.8,0.0,0.0,24.0
2023-11-04 16:00:00,Lorient,Lens,0,0,2023,Lens,Lorient,0,0,0,draw,20231104_Lorient_Lens,0.707799,0.707799,57.0,81.6,3.0,0.0,9.0
2023-11-04 20:00:00,Marseille,Lille,0,0,2023,Lille,Marseille,0,0,0,draw,20231104_Marseille_Lille,0.326226,0.326226,54.0,85.8,3.0,0.0,22.0
2023-11-05 12:00:00,Lyon,Metz,1,1,2023,Metz,Lyon,0,1,1,draw,20231105_Lyon_Metz,0.667193,0.667193,34.0,73.9,1.0,0.0,19.0
2023-11-05 16:05:00,Monaco,Brest,2,0,2023,Brest,Monaco,0,0,2,loss,20231105_Monaco_Brest,0.73688,0.73688,54.0,78.2,4.0,1.0,12.0
2023-11-05 14:00:00,Nantes,Reims,0,1,2023,Reims,Nantes,0,1,0,win,20231105_Nantes_Reims,1.7428,1.7428,50.0,79.9,2.0,0.0,31.0
2023-11-05 19:45:00,Nice,Rennes,2,0,2023,Rennes,Nice,0,0,2,loss,20231105_Nice_Rennes,0.484764,0.484764,54.0,85.2,2.0,1.0,16.0
2023-11-05 14:00:00,Strasbourg,Clermont Foot,0,0,2023,Clermont Foot,Strasbourg,0,0,0,draw,20231105_Strasbourg_Clermont Foot,1.05162,1.05162,61.0,85.4,0.0,0.0,13.0
2023-11-05 14:00:00,Toulouse,Le Havre,1,2,2023,Le Havre,Toulouse,0,2,1,win,20231105_Toulouse_Le Havre,1.21056,1.21056,48.0,80.1,2.0,0.0,25.0
2023-11-10 20:00:00,Montpellier,Nice,0,0,2023,Nice,Montpellier,0,0,0,draw,20231110_Montpellier_Nice,0.62039,0.62039,59.0,86.1,4.0,0.0,13.0
2023-11-11 20:00:00,Le Havre,Monaco,0,0,2023,Monaco,Le Havre,0,0,0,draw,20231111_Le Havre_Monaco,0.968375,0.968375,62.0,83.4,3.0,0.0,20.0
2023-11-11 16:00:00,Reims,Paris Saint Germain,0,3,2023,Paris Saint Germain,Reims,0,3,0,win,20231111_Reims_Paris Saint Germain,2.64035,2.64035,,,,,
2023-11-12 14:00:00,Clermont Foot,Lorient,1,0,2023,Lorient,Clermont Foot,0,0,1,loss,20231112_Clermont Foot_Lorient,0.58473,0.58473,45.0,83.7,2.0,0.0,18.0
2023-11-12 20:45:00,Lens,Marseille,1,0,2023,Marseille,Lens,0,0,1,loss,20231112_Lens_Marseille,0.723678,0.723678,53.0,79.3,2.0,0.0,32.0
2023-11-12 14:00:00,Lille,Toulouse,1,1,2023,Toulouse,Lille,0,1,1,draw,20231112_Lille_Toulouse,0.41683,0.41683,40.0,75.2,4.0,0.0,33.0
2023-11-12 14:00:00,Metz,Nantes,3,1,2023,Nantes,Metz,0,1,3,loss,20231112_Metz_Nantes,1.75389,1.75389,66.0,82.7,0.0,0.0,10.0
2023-11-12 16:05:00,Rennes,Lyon,0,1,2023,Lyon,Rennes,0,1,0,win,20231112_Rennes_Lyon,2.07974,2.07974,58.0,85.9,1.0,0.0,16.0
2023-11-24 20:00:00,Paris Saint Germain,Monaco,5,2,2023,Monaco,Paris Saint Germain,0,2,5,loss,20231124_Paris Saint Germain_Monaco,1.52014,1.52014,46.0,79.7,1.0,0.0,22.0
2023-11-25 16:00:00,Clermont Foot,Lens,0,3,2023,Lens,Clermont Foot,0,3,0,win,20231125_Clermont Foot_Lens,2.53223,2.53223,52.0,85.9,3.0,1.0,16.0
2023-11-25 20:00:00,Strasbourg,Marseille,1,1,2023,Marseille,Strasbourg,0,1,1,draw,20231125_Strasbourg_Marseille,1.36665,1.36665,60.0,83.9,2.0,0.0,23.0
2023-11-26 14:00:00,Lorient,Metz,2,3,2023,Metz,Lorient,0,3,2,win,20231126_Lorient_Metz,1.85366,1.09356,33.0,72.5,1.0,0.0,23.0
2023-11-26 19:45:00,Lyon,Lille,0,2,2023,Lille,Lyon,0,2,0,win,20231126_Lyon_Lille,1.7068,1.7068,52.0,85.1,2.0,0.0,14.0
2023-11-26 14:00:00,Montpellier,Brest,1,3,2023,Brest,Montpellier,0,3,1,win,20231126_Montpellier_Brest,2.38593,2.38593,47.0,71.3,2.0,0.0,40.0
2023-11-26 14:00:00,Nantes,Le Havre,0,0,2023,Le Havre,Nantes,0,0,0,draw,20231126_Nantes_Le Havre,0.225701,0.225701,39.0,72.8,2.0,1.0,30.0
2023-11-26 12:00:00,Nice,Toulouse,1,0,2023,Toulouse,Nice,0,0,1,loss,20231126_Nice_Toulouse,1.27183,1.27183,47.0,82.8,4.0,0.0,16.0
2023-11-26 16:05:00,Rennes,Reims,3,1,2023,Reims,Rennes,0,1,3,loss,20231126_Rennes_Reims,2.24931,2.24931,62.0,82.7,2.0,0.0,10.0
2023-11-29 17:00:00,Montpellier,Clermont Foot,1,1,2023,Clermont Foot,Montpellier,0,1,1,draw,20231129_Montpellier_Clermont Foot,0.548696,0.548696,37.0,70.0,6.0,2.0,40.0
2023-12-01 19:00:00,Reims,Strasbourg,2,1,2023,Strasbourg,Reims,0,1,2,loss,20231201_Reims_Strasbourg,1.82995,1.06985,49.0,79.5,1.0,0.0,15.0
2023-12-02 16:00:00,Lens,Lyon,3,2,2023,Lyon,Lens,0,2,3,loss,20231202_Lens_Lyon,3.02776,3.02776,48.0,82.6,0.0,0.0,15.0
2023-12-02 20:00:00,Nantes,Nice,1,0,2023,Nice,Nantes,0,0,1,loss,20231202_Nantes_Nice,1.2317,1.2317,62.0,89.0,0.0,0.0,15.0
2023-12-03 14:00:00,Brest,Clermont Foot,3,0,2023,Clermont Foot,Brest,0,0,3,loss,20231203_Brest_Clermont Foot,0.605084,0.605084,43.0,75.4,2.0,0.0,22.0
2023-12-03 12:00:00,Le Havre,Paris Saint Germain,0,2,2023,Paris Saint Germain,Le Havre,0,2,0,win,20231203_Le Havre_Paris Saint Germain,1.76208,1.76208,,,,,
2023-12-03 16:05:00,Lille,Metz,2,0,2023,Metz,Lille,0,0,2,loss,20231203_Lille_Metz,1.85842,0.325199,35.0,78.9,0.0,0.0,16.0
2023-12-03 19:45:00,Marseille,Rennes,2,0,2023,Rennes,Marseille,0,0,2,loss,20231203_Marseille_Rennes,0.483795,0.483795,57.0,84.0,3.0,1.0,14.0
2023-12-03 14:00:00,Monaco,Montpellier,2,0,2023,Montpellier,Monaco,0,0,2,loss,20231203_Monaco_Montpellier,1.18556,1.18556,37.0,69.4,3.0,1.0,23.0
2023-12-03 14:00:00,Toulouse,Lorient,1,1,2023,Lorient,Toulouse,0,1,1,draw,20231203_Toulouse_Lorient,0.645774,0.645774,48.0,82.3,4.0,0.0,22.0
2023-12-06 19:00:00,Marseille,Lyon,3,0,2023,Lyon,Marseille,0,0,3,loss,20231206_Marseille_Lyon,0.235651,0.235651,51.0,83.9,2.0,0.0,30.0
2023-12-07 19:30:00,Brest,Strasbourg,1,1,2023,Strasbourg,Brest,0,1,1,draw,20231207_Brest_Strasbourg,1.26839,1.26839,39.0,77.3,0.0,0.0,28.0
2023-12-08 20:00:00,Montpellier,Lens,0,0,2023,Lens,Montpellier,0,0,0,draw,20231208_Montpellier_Lens,1.61301,1.61301,65.0,82.5,3.0,0.0,21.0
2023-12-09 20:00:00,Paris Saint Germain,Nantes,2,1,2023,Nantes,Paris Saint Germain,0,1,2,loss,20231209_Paris Saint Germain_Nantes,0.483837,0.483837,35.0,80.6,3.0,0.0,23.0
2023-12-09 16:00:00,Rennes,Monaco,1,2,2023,Monaco,Rennes,0,2,1,win,20231209_Rennes_Monaco,1.09728,1.09728,53.0,81.0,6.0,1.0,19.0
2023-12-10 14:00:00,Clermont Foot,Lille,0,0,2023,Lille,Clermont Foot,0,0,0,draw,20231210_Clermont Foot_Lille,0.635418,0.635418,53.0,81.8,2.0,0.0,10.0
2023-12-10 19:45:00,Lorient,Marseille,2,4,2023,Marseille,Lorient,0,4,2,win,20231210_Lorient_Marseille,2.88724,2.88724,50.0,80.5,3.0,1.0,19.0
2023-12-10 16:05:00,Lyon,Toulouse,3,0,2023,Toulouse,Lyon,0,0,3,loss,20231210_Lyon_Toulouse,1.6021,0.842005,51.0,83.8,4.0,0.0,12.0
2023-12-10 14:00:00,Metz,Brest,0,1,2023,Brest,Metz,0,1,0,win,20231210_Metz_Brest,0.219846,0.219846,67.0,80.7,2.0,0.0,19.0
2023-12-10 12:00:00,Nice,Reims,2,1,2023,Reims,Nice,0,1,2,loss,20231210_Nice_Reims,1.13313,1.13313,48.0,79.9,3.0,0.0,18.0
2023-12-10 14:00:00,Strasbourg,Le Havre,2,1,2023,Le Havre,Strasbourg,0,1,2,loss,20231210_Strasbourg_Le Havre,1.62211,1.62211,56.0,78.3,1.0,0.0,24.0
2023-12-15 20:00:00,Monaco,Lyon,0,1,2023,Lyon,Monaco,0,1,0,win,20231215_Monaco_Lyon,0.739288,0.739288,40.0,75.8,2.0,0.0,29.0
2023-12-16 16:00:00,Le Havre,Nice,3,1,2023,Nice,Le Havre,0,1,3,loss,20231216_Le Havre_Nice,1.64135,1.64135,62.0,86.2,2.0,1.0,11.0
2023-12-16 20:00:00,Lens,Reims,2,0,2023,Reims,Lens,0,0,2,loss,20231216_Lens_Reims,0.876139,0.876139,54.0,78.5,1.0,0.0,19.0
2023-12-17 19:45:00,Lille,Paris Saint Germain,1,1,2023,Paris Saint Germain,Lille,0,1,1,draw,20231217_Lille_Paris Saint Germain,1.39323,0.633132,,,,,
2023-12-17 14:00:00,Lorient,Strasbourg,1,2,2023,Strasbourg,Lorient,0,2,1,win,20231217_Lorient_Strasbourg,1.76122,1.76122,48.0,80.3,2.0,0.0,35.0
2023-12-17 16:05:00,Marseille,Clermont Foot,2,1,2023,Clermont Foot,Marseille,0,1,2,loss,20231217_Marseille_Clermont Foot,0.131252,0.131252,45.0,83.7,2.0,0.0,17.0
2023-12-17 14:00:00,Metz,Montpellier,0,1,2023,Montpellier,Metz,0,1,0,win,20231217_Metz_Montpellier,0.766157,0.766157,48.0,74.7,2.0,0.0,42.0
2023-12-17 12:00:00,Nantes,Brest,0,2,2023,Brest,Nantes,0,2,0,win,20231217_Nantes_Brest,1.8065,1.8065,49.0,81.4,3.0,0.0,26.0
2023-12-17 14:00:00,Toulouse,Rennes,0,0,2023,Rennes,Toulouse,0,0,0,draw,20231217_Toulouse_Rennes,1.08165,1.08165,51.0,78.4,2.0,0.0,22.0
2023-12-20 20:00:00,Brest,Lorient,4,0,2023,Lorient,Brest,0,0,4,loss,20231220_Brest_Lorient,0.456656,0.456656,41.0,80.1,2.0,0.0,14.0
2023-12-20 20:00:00,Clermont Foot,Rennes,1,3,2023,Rennes,Clermont Foot,0,3,1,win,20231220_Clermont Foot_Rennes,2.31736,1.55726,56.0,79.3,3.0,0.0,16.0
2023-12-20 20:00:00,Lyon,Nantes,1,0,2023,Nantes,Lyon,0,0,1,loss,20231220_Lyon_Nantes,0.351645,0.351645,61.0,82.3,2.0,0.0,14.0
2023-12-20 20:00:00,Montpellier,Marseille,1,1,2023,Marseille,Montpellier,0,1,1,draw,20231220_Montpellier_Marseille,1.20263,1.20263,68.0,84.5,1.0,0.0,21.0
2023-12-20 20:00:00,Nice,Lens,2,0,2023,Lens,Nice,0,0,2,loss,20231220_Nice_Lens,0.539445,0.539445,59.0,84.6,2.0,0.0,21.0
2023-12-20 20:00:00,Paris Saint Germain,Metz,3,1,2023,Metz,Paris Saint Germain,0,1,3,loss,20231220_Paris Saint Germain_Metz,0.149111,0.149111,26.0,73.2,1.0,0.0,16.0
2023-12-20 20:00:00,Reims,Le Havre,1,0,2023,Le Havre,Reims,0,0,1,loss,20231220_Reims_Le Havre,0.459561,0.459561,35.0,75.3,1.0,1.0,27.0
2023-12-20 20:00:00,Strasbourg,Lille,2,1,2023,Lille,Strasbourg,0,1,2,loss,20231220_Strasbourg_Lille,0.882407,0.882407,68.0,86.7,2.0,0.0,24.0
2023-12-20 20:00:00,Toulouse,Monaco,1,2,2023,Monaco,Toulouse,0,2,1,win,20231220_Toulouse_Monaco,2.26628,1.50618,45.0,74.2,3.0,1.0,31.0
2024-01-12 20:00:00,Marseille,Strasbourg,1,1,2023,Strasbourg,Marseille,0,1,1,draw,20240112_Marseille_Strasbourg,1.14984,1.14984,53.0,83.1,2.0,0.0,11.0
2024-01-13 16:00:00,Monaco,Reims,1,3,2023,Reims,Monaco,0,3,1,win,20240113_Monaco_Reims,1.91585,1.91585,44.0,74.9,2.0,0.0,21.0
2024-01-13 20:00:00,Rennes,Nice,2,0,2023,Nice,Rennes,0,0,2,loss,20240113_Rennes_Nice,0.805568,0.805568,56.0,83.6,0.0,0.0,16.0
2024-01-14 14:00:00,Brest,Montpellier,2,0,2023,Montpellier,Brest,0,0,2,loss,20240114_Brest_Montpellier,0.462585,0.462585,35.0,71.0,2.0,0.0,32.0
2024-01-14 16:05:00,Le Havre,Lyon,3,1,2023,Lyon,Le Havre,0,1,3,loss,20240114_Le Havre_Lyon,0.873358,0.873358,57.0,86.1,0.0,2.0,8.0
2024-01-14 19:45:00,Lens,Paris Saint Germain,0,2,2023,Paris Saint Germain,Lens,0,2,0,win,20240114_Lens_Paris Saint Germain,1.80377,1.80377,,,,,
2024-01-14 12:00:00,Lille,Lorient,3,0,2023,Lorient,Lille,0,0,3,loss,20240114_Lille_Lorient,0.122714,0.122714,38.0,78.0,4.0,0.0,26.0
2024-01-14 14:00:00,Metz,Toulouse,0,1,2023,Toulouse,Metz,0,1,0,win,20240114_Metz_Toulouse,0.952191,0.192095,60.0,82.7,2.0,0.0,33.0
2024-01-14 14:00:00,Nantes,Clermont Foot,1,2,2023,Clermont Foot,Nantes,0,2,1,win,20240114_Nantes_Clermont Foot,1.22157,1.22157,48.0,75.9,1.0,0.0,26.0
2024-01-26 20:00:00,Lyon,Rennes,2,3,2023,Rennes,Lyon,0,3,2,win,20240126_Lyon_Rennes,1.37472,1.37472,36.0,78.3,2.0,0.0,28.0
2024-01-27 20:00:00,Marseille,Monaco,2,2,2023,Monaco,Marseille,0,2,2,draw,20240127_Marseille_Monaco,0.372187,0.372187,32.0,64.7,3.0,2.0,22.0
2024-01-27 16:00:00,Nice,Metz,1,0,2023,Metz,Nice,0,0,1,loss,20240127_Nice_Metz,0.119776,0.119776,34.0,70.8,1.0,0.0,32.0
2024-01-28 14:00:00,Clermont Foot,Strasbourg,1,1,2023,Strasbourg,Clermont Foot,0,1,1,draw,20240128_Clermont Foot_Strasbourg,1.31652,1.31652,47.0,79.2,3.0,0.0,23.0
2024-01-28 14:00:00,Lorient,Le Havre,3,3,2023,Le Havre,Lorient,0,3,3,draw,20240128_Lorient_Le Havre,1.35726,0.59717,57.0,81.2,4.0,0.0,12.0
2024-01-28 12:00:00,Montpellier,Lille,0,0,2023,Lille,Montpellier,0,0,0,draw,20240128_Montpellier_Lille,0.622726,0.622726,61.0,87.2,3.0,1.0,19.0
2024-01-28 19:45:00,Paris Saint Germain,Brest,2,2,2023,Brest,Paris Saint Germain,0,2,2,draw,20240128_Paris Saint Germain_Brest,1.07348,1.07348,46.0,82.1,3.0,0.0,13.0
2024-01-28 14:00:00,Reims,Nantes,0,0,2023,Nantes,Reims,0,0,0,draw,20240128_Reims_Nantes,1.40977,0.649676,50.0,80.7,2.0,0.0,15.0
2024-01-28 16:05:00,Toulouse,Lens,0,2,2023,Lens,Toulouse,0,2,0,win,20240128_Toulouse_Lens,1.17066,1.17066,47.0,80.2,3.0,0.0,21.0
2024-02-02 20:00:00,Strasbourg,Paris Saint Germain,1,2,2023,Paris Saint Germain,Strasbourg,0,2,1,win,20240202_Strasbourg_Paris Saint Germain,1.90654,1.14644,,,,,
2024-02-03 20:00:00,Nantes,Lens,0,1,2023,Lens,Nantes,0,1,0,win,20240203_Nantes_Lens,1.63838,1.63838,58.0,84.5,2.0,0.0,10.0
2024-02-03 16:00:00,Rennes,Montpellier,2,1,2023,Montpellier,Rennes,0,1,2,loss,20240203_Rennes_Montpellier,0.797935,0.797935,52.0,77.3,3.0,0.0,12.0
2024-02-04 16:05:00,Brest,Nice,0,0,2023,Nice,Brest,0,0,0,draw,20240204_Brest_Nice,0.67289,0.67289,47.0,78.5,1.0,0.0,27.0
2024-02-04 14:00:00,Lille,Clermont Foot,4,0,2023,Clermont Foot,Lille,0,0,4,loss,20240204_Lille_Clermont Foot,0.81129,0.81129,40.0,80.9,1.0,0.0,22.0
2024-02-04 19:45:00,Lyon,Marseille,1,0,2023,Marseille,Lyon,0,0,1,loss,20240204_Lyon_Marseille,0.511356,0.511356,63.0,84.6,1.0,0.0,15.0
2024-02-04 14:00:00,Metz,Lorient,1,2,2023,Lorient,Metz,0,2,1,win,20240204_Metz_Lorient,1.37239,1.37239,56.0,83.1,1.0,0.0,40.0
2024-02-04 12:00:00,Monaco,Le Havre,1,1,2023,Le Havre,Monaco,0,1,1,draw,20240204_Monaco_Le Havre,0.149171,0.149171,39.0,69.0,2.0,0.0,42.0
2024-02-04 14:00:00,Reims,Toulouse,2,3,2023,Toulouse,Reims,0,3,2,win,20240204_Reims_Toulouse,1.74173,0.981634,38.0,73.3,3.0,0.0,31.0
2024-02-09 20:00:00,Marseille,Metz,1,1,2023,Metz,Marseille,0,1,1,draw,20240209_Marseille_Metz,0.955249,0.955249,34.0,74.3,0.0,0.0,34.0
2024-02-10 16:00:00,Lens,Strasbourg,3,1,2023,Strasbourg,Lens,0,1,3,loss,20240210_Lens_Strasbourg,1.66695,1.66695,50.0,83.0,1.0,0.0,17.0
2024-02-10 20:00:00,Paris Saint Germain,Lille,3,1,2023,Lille,Paris Saint Germain,0,1,3,loss,20240210_Paris Saint Germain_Lille,1.48271,1.48271,48.0,82.7,3.0,0.0,14.0
2024-02-11 14:00:00,Clermont Foot,Brest,1,1,2023,Brest,Clermont Foot,0,1,1,draw,20240211_Clermont Foot_Brest,1.35687,1.35687,54.0,78.5,4.0,1.0,19.0
2024-02-11 12:00:00,Le Havre,Rennes,0,1,2023,Rennes,Le Havre,0,1,0,win,20240211_Le Havre_Rennes,1.18673,1.18673,51.0,80.9,1.0,0.0,23.0
2024-02-11 14:00:00,Lorient,Reims,2,0,2023,Reims,Lorient,0,0,2,loss,20240211_Lorient_Reims,1.17008,1.17008,61.0,82.6,1.0,0.0,8.0
2024-02-11 16:05:00,Montpellier,Lyon,1,2,2023,Lyon,Montpellier,0,2,1,win,20240211_Montpellier_Lyon,1.29775,1.29775,54.0,81.4,2.0,0.0,17.0
2024-02-11 19:45:00,Nice,Monaco,2,3,2023,Monaco,Nice,0,3,2,win,20240211_Nice_Monaco,2.06475,2.06475,53.0,83.7,4.0,0.0,30.0
2024-02-11 14:00:00,Toulouse,Nantes,1,2,2023,Nantes,Toulouse,0,2,1,win,20240211_Toulouse_Nantes,0.497993,0.497993,26.0,61.3,1.0,0.0,34.0
2024-02-16 20:00:00,Lyon,Nice,1,0,2023,Nice,Lyon,0,0,1,loss,20240216_Lyon_Nice,0.685452,0.685452,51.0,82.5,1.0,0.0,14.0
2024-02-17 16:00:00,Lille,Le Havre,3,0,2023,Le Havre,Lille,0,0,3,loss,20240217_Lille_Le Havre,0.29674,0.29674,39.0,74.9,3.0,0.0,11.0
2024-02-17 20:00:00,Nantes,Paris Saint Germain,0,2,2023,Paris Saint Germain,Nantes,0,2,0,win,20240217_Nantes_Paris Saint Germain,1.71895,0.958859,,,,,
2024-02-18 19:45:00,Brest,Marseille,1,0,2023,Marseille,Brest,0,0,1,loss,20240218_Brest_Marseille,0.49619,0.49619,58.0,80.1,1.0,0.0,23.0
2024-02-18 14:00:00,Monaco,Toulouse,1,2,2023,Toulouse,Monaco,0,2,1,win,20240218_Monaco_Toulouse,1.57778,1.57778,35.0,67.8,3.0,0.0,32.0
2024-02-18 14:00:00,Montpellier,Metz,3,0,2023,Metz,Montpellier,0,0,3,loss,20240218_Montpellier_Metz,0.929361,0.929361,46.0,77.6,3.0,0.0,26.0
2024-02-18 16:05:00,Reims,Lens,1,1,2023,Lens,Reims,0,1,1,draw,20240218_Reims_Lens,1.45983,1.45983,47.0,76.2,2.0,0.0,18.0
2024-02-18 14:00:00,Rennes,Clermont Foot,3,1,2023,Clermont Foot,Rennes,0,1,3,loss,20240218_Rennes_Clermont Foot,0.755433,0.755433,47.0,85.0,0.0,1.0,14.0
2024-02-18 12:00:00,Strasbourg,Lorient,1,3,2023,Lorient,Strasbourg,0,3,1,win,20240218_Strasbourg_Lorient,2.13729,2.13729,38.0,78.5,1.0,0.0,52.0
2024-02-23 20:00:00,Metz,Lyon,1,2,2023,Lyon,Metz,0,2,1,win,20240223_Metz_Lyon,1.25668,1.25668,62.0,77.9,2.0,0.0,19.0
2024-02-24 16:00:00,Lorient,Nantes,0,1,2023,Nantes,Lorient,0,1,0,win,20240224_Lorient_Nantes,0.331772,0.331772,36.0,77.1,2.0,0.0,29.0
2024-02-24 20:00:00,Strasbourg,Brest,0,3,2023,Brest,Strasbourg,0,3,0,win,20240224_Strasbourg_Brest,1.75632,0.996227,52.0,80.2,0.0,0.0,15.0
2024-02-25 14:00:00,Le Havre,Reims,1,2,2023,Reims,Le Havre,0,2,1,win,20240225_Le Havre_Reims,3.16987,2.40978,50.0,80.8,3.0,1.0,28.0
2024-02-25 12:00:00,Lens,Monaco,2,3,2023,Monaco,Lens,0,3,2,win,20240225_Lens_Monaco,2.33037,1.46301,40.0,72.1,3.0,0.0,29.0
2024-02-25 19:45:00,Marseille,Montpellier,4,1,2023,Montpellier,Marseille,0,1,4,loss,20240225_Marseille_Montpellier,1.09554,1.09554,42.0,76.4,4.0,0.0,29.0
2024-02-25 14:00:00,Nice,Clermont Foot,0,0,2023,Clermont Foot,Nice,0,0,0,draw,20240225_Nice_Clermont Foot,2.46292,1.70282,42.0,78.1,1.0,0.0,27.0
2024-02-25 16:05:00,Paris Saint Germain,Rennes,1,1,2023,Rennes,Paris Saint Germain,0,1,1,draw,20240225_Paris Saint Germain_Rennes,0.982428,0.982428,34.0,75.3,3.0,0.0,23.0
2024-02-25 14:00:00,Toulouse,Lille,3,1,2023,Lille,Toulouse,0,1,3,loss,20240225_Toulouse_Lille,0.599376,0.599376,68.0,87.3,0.0,0.0,15.0
2024-03-01 20:00:00,Monaco,Paris Saint Germain,0,0,2023,Paris Saint Germain,Monaco,0,0,0,draw,20240301_Monaco_Paris Saint Germain,1.84721,1.84721,,,,,
2024-03-02 20:00:00,Clermont Foot,Marseille,1,5,2023,Marseille,Clermont Foot,0,5,1,win,20240302_Clermont Foot_Marseille,3.06861,3.06861,56.0,82.4,1.0,0.0,20.0
2024-03-02 16:00:00,Reims,Lille,0,1,2023,Lille,Reims,0,1,0,win,20240302_Reims_Lille,1.08259,1.08259,43.0,76.7,2.0,0.0,22.0
2024-03-03 14:00:00,Brest,Le Havre,1,0,2023,Le Havre,Brest,0,0,1,loss,20240303_Brest_Le Havre,0.427329,0.427329,40.0,71.4,1.0,0.0,6.0
2024-03-03 19:45:00,Lyon,Lens,0,3,2023,Lens,Lyon,0,3,0,win,20240303_Lyon_Lens,3.35268,2.59258,53.0,85.1,2.0,0.0,10.0
2024-03-03 14:00:00,Montpellier,Strasbourg,2,2,2023,Strasbourg,Montpellier,0,2,2,draw,20240303_Montpellier_Strasbourg,1.61588,0.855787,40.0,72.5,3.0,0.0,45.0
2024-03-03 14:00:00,Nantes,Metz,0,2,2023,Metz,Nantes,0,2,0,win,20240303_Nantes_Metz,2.36445,1.60435,53.0,82.0,2.0,0.0,39.0
2024-03-03 16:05:00,Rennes,Lorient,1,2,2023,Lorient,Rennes,0,2,1,win,20240303_Rennes_Lorient,1.94566,1.94566,44.0,82.2,2.0,0.0,28.0
2024-03-03 12:00:00,Toulouse,Nice,2,1,2023,Nice,Toulouse,0,1,2,loss,20240303_Toulouse_Nice,1.91177,1.91177,56.0,83.5,2.0,0.0,18.0
2024-03-08 20:00:00,Nice,Montpellier,1,2,2023,Montpellier,Nice,0,2,1,win,20240308_Nice_Montpellier,1.66988,0.909783,35.0,72.0,2.0,0.0,45.0
2024-03-09 20:00:00,Lens,Brest,1,0,2023,Brest,Lens,0,0,1,loss,20240309_Lens_Brest,0.522507,0.522507,58.0,81.8,2.0,0.0,12.0
2024-03-09 16:00:00,Lorient,Lyon,0,2,2023,Lyon,Lorient,0,2,0,win,20240309_Lorient_Lyon,2.37921,2.37921,52.0,86.1,0.0,0.0,12.0
2024-03-10 14:00:00,Le Havre,Toulouse,1,0,2023,Toulouse,Le Havre,0,0,1,loss,20240310_Le Havre_Toulouse,0.212288,0.212288,51.0,77.5,1.0,0.0,10.0
2024-03-10 16:00:00,Lille,Rennes,2,2,2023,Rennes,Lille,0,2,2,draw,20240310_Lille_Rennes,1.21123,1.21123,40.0,77.6,2.0,0.0,23.0
2024-03-10 19:45:00,Marseille,Nantes,2,0,2023,Nantes,Marseille,0,0,2,loss,20240310_Marseille_Nantes,0.651156,0.651156,47.0,81.1,3.0,0.0,22.0
2024-03-10 14:00:00,Metz,Clermont Foot,1,0,2023,Clermont Foot,Metz,0,0,1,loss,20240310_Metz_Clermont Foot,0.624762,0.624762,66.0,83.2,3.0,0.0,22.0
2024-03-10 12:00:00,Paris Saint Germain,Reims,2,2,2023,Reims,Paris Saint Germain,0,2,2,draw,20240310_Paris Saint Germain_Reims,1.51893,1.51893,36.0,76.5,2.0,0.0,17.0
2024-03-10 14:00:00,Strasbourg,Monaco,0,1,2023,Monaco,Strasbourg,0,1,0,win,20240310_Strasbourg_Monaco,1.32837,1.32837,66.0,82.9,3.0,0.0,33.0
2024-03-15 20:00:00,Toulouse,Lyon,2,3,2023,Lyon,Toulouse,0,3,2,win,20240315_Toulouse_Lyon,1.49785,1.49785,50.0,82.1,2.0,0.0,20.0
2024-03-16 20:00:00,Lens,Nice,1,3,2023,Nice,Lens,0,3,1,win,20240316_Lens_Nice,1.80693,1.04683,40.0,72.8,3.0,0.0,37.0
2024-03-16 16:00:00,Nantes,Strasbourg,1,3,2023,Strasbourg,Nantes,0,3,1,win,20240316_Nantes_Strasbourg,1.88754,1.88754,37.0,71.6,3.0,0.0,45.0
2024-03-17 12:00:00,Brest,Lille,1,1,2023,Lille,Brest,0,1,1,draw,20240317_Brest_Lille,0.845861,0.845861,49.0,81.7,0.0,0.0,23.0
2024-03-17 14:00:00,Clermont Foot,Le Havre,2,1,2023,Le Havre,Clermont Foot,0,1,2,loss,20240317_Clermont Foot_Le Havre,1.13876,1.13876,60.0,81.8,5.0,1.0,8.0
2024-03-17 14:00:00,Monaco,Lorient,2,2,2023,Lorient,Monaco,0,2,2,draw,20240317_Monaco_Lorient,0.75287,0.75287,49.0,77.5,1.0,1.0,33.0
2024-03-17 19:45:00,Montpellier,Paris Saint Germain,2,6,2023,Paris Saint Germain,Montpellier,0,6,2,win,20240317_Montpellier_Paris Saint Germain,2.24298,2.24298,,,,,
2024-03-17 14:00:00,Reims,Metz,2,1,2023,Metz,Reims,0,1,2,loss,20240317_Reims_Metz,1.12407,1.12407,34.0,73.3,4.0,0.0,24.0
2024-03-17 16:05:00,Rennes,Marseille,2,0,2023,Marseille,Rennes,0,0,2,loss,20240317_Rennes_Marseille,0.740416,0.740416,57.0,82.3,3.0,0.0,12.0
2024-03-29 20:00:00,Lille,Lens,2,1,2023,Lens,Lille,0,1,2,loss,20240329_Lille_Lens,0.741746,0.741746,51.0,78.0,3.0,0.0,11.0
2024-03-30 20:00:00,Lyon,Reims,1,1,2023,Reims,Lyon,0,1,1,draw,20240330_Lyon_Reims,1.48533,1.48533,35.0,71.5,3.0,0.0,24.0
2024-03-30 16:00:00,Metz,Monaco,2,5,2023,Monaco,Metz,0,5,2,win,20240330_Metz_Monaco,2.86235,2.86235,64.0,86.2,0.0,0.0,9.0
2024-03-31 14:00:00,Clermont Foot,Toulouse,0,3,2023,Toulouse,Clermont Foot,0,3,0,win,20240331_Clermont Foot_Toulouse,2.30312,1.54303,45.0,79.3,1.0,0.0,22.0
2024-03-31 14:00:00,Le Havre,Montpellier,0,2,2023,Montpellier,Le Havre,0,2,0,win,20240331_Le Havre_Montpellier,1.81849,1.81849,48.0,74.5,2.0,0.0,24.0
2024-03-31 12:00:00,Lorient,Brest,0,1,2023,Brest,Lorient,0,1,0,win,20240331_Lorient_Brest,0.429902,0.429902,45.0,78.2,3.0,1.0,29.0
2024-03-31 19:45:00,Marseille,Paris Saint Germain,0,2,2023,Paris Saint Germain,Marseille,0,2,0,win,20240331_Marseille_Paris Saint Germain,1.73967,1.73967,,,,,
2024-03-31 14:00:00,Nice,Nantes,1,2,2023,Nantes,Nice,0,2,1,win,20240331_Nice_Nantes,1.79381,1.03372,44.0,82.5,5.0,0.0,27.0
2024-03-31 16:05:00,Strasbourg,Rennes,2,0,2023,Rennes,Strasbourg,0,0,2,loss,20240331_Strasbourg_Rennes,0.913264,0.913264,59.0,85.7,2.0,0.0,18.0
2024-04-05 19:00:00,Lille,Marseille,3,1,2023,Marseille,Lille,0,1,3,loss,20240405_Lille_Marseille,0.849968,0.849968,47.0,77.1,6.0,0.0,11.0
2024-04-06 15:00:00,Lens,Le Havre,1,1,2023,Le Havre,Lens,0,1,1,draw,20240406_Lens_Le Havre,1.54783,0.787803,43.0,72.4,5.0,0.0,39.0
2024-04-06 19:00:00,Paris Saint Germain,Clermont Foot,1,1,2023,Clermont Foot,Paris Saint Germain,0,1,1,draw,20240406_Paris Saint Germain_Clermont Foot,0.28144,0.28144,27.0,73.9,0.0,0.0,46.0
2024-04-07 11:00:00,Brest,Metz,4,3,2023,Metz,Brest,0,3,4,loss,20240407_Brest_Metz,2.08036,2.08036,34.0,72.9,1.0,0.0,29.0
2024-04-07 15:05:00,Monaco,Rennes,1,0,2023,Rennes,Monaco,0,0,1,loss,20240407_Monaco_Rennes,1.6645,1.6645,48.0,78.4,1.0,1.0,20.0
2024-04-07 13:00:00,Montpellier,Lorient,2,0,2023,Lorient,Montpellier,0,0,2,loss,20240407_Montpellier_Lorient,1.74832,1.74832,55.0,84.6,6.0,0.0,18.0
2024-04-07 18:45:00,Nantes,Lyon,1,3,2023,Lyon,Nantes,0,3,1,win,20240407_Nantes_Lyon,2.90994,2.90994,58.0,84.3,2.0,0.0,14.0
2024-04-07 13:00:00,Reims,Nice,0,0,2023,Nice,Reims,0,0,0,draw,20240407_Reims_Nice,1.92153,1.92153,47.0,82.6,1.0,0.0,10.0
2024-04-07 13:00:00,Toulouse,Strasbourg,0,0,2023,Strasbourg,Toulouse,0,0,0,draw,20240407_Toulouse_Strasbourg,0.582127,0.582127,52.0,83.8,0.0,0.0,14.0
2024-04-12 19:00:00,Metz,Lens,2,1,2023,Lens,Metz,0,1,2,loss,20240412_Metz_Lens,1.90927,1.14918,70.0,84.6,5.0,0.0,12.0
2024-04-13 19:00:00,Rennes,Toulouse,1,2,2023,Toulouse,Rennes,0,2,1,win,20240413_Rennes_Toulouse,0.783871,0.783871,45.0,77.1,3.0,0.0,21.0
2024-04-13 15:00:00,Strasbourg,Reims,3,1,2023,Reims,Strasbourg,0,1,3,loss,20240413_Strasbourg_Reims,0.739073,0.739073,52.0,88.2,3.0,1.0,19.0
2024-04-14 13:00:00,Clermont Foot,Montpellier,1,1,2023,Montpellier,Clermont Foot,0,1,1,draw,20240414_Clermont Foot_Montpellier,1.71417,1.71417,50.0,80.9,1.0,0.0,17.0
2024-04-14 11:00:00,Le Havre,Nantes,0,1,2023,Nantes,Le Havre,0,1,0,win,20240414_Le Havre_Nantes,0.756172,0.756172,55.0,83.6,2.0,0.0,24.0
2024-04-14 18:45:00,Lyon,Brest,4,3,2023,Brest,Lyon,0,3,4,loss,20240414_Lyon_Brest,1.7183,1.7183,47.0,83.8,5.0,1.0,27.0
2024-04-19 19:00:00,Nice,Lorient,3,0,2023,Lorient,Nice,0,0,3,loss,20240419_Nice_Lorient,0.561667,0.561667,49.0,85.8,2.0,0.0,21.0
2024-04-20 19:00:00,Lens,Clermont Foot,1,0,2023,Clermont Foot,Lens,0,0,1,loss,20240420_Lens_Clermont Foot,0.617299,0.617299,53.0,76.6,4.0,0.0,14.0
2024-04-20 15:00:00,Nantes,Rennes,0,3,2023,Rennes,Nantes,0,3,0,win,20240420_Nantes_Rennes,2.38163,1.62153,55.0,82.2,4.0,0.0,17.0
2024-04-21 15:05:00,Brest,Monaco,0,2,2023,Monaco,Brest,0,2,0,win,20240421_Brest_Monaco,1.30681,1.30681,44.0,66.4,2.0,2.0,16.0
2024-04-21 13:00:00,Le Havre,Metz,0,1,2023,Metz,Le Havre,0,1,0,win,20240421_Le Havre_Metz,1.50162,1.50162,36.0,68.4,3.0,0.0,37.0
2024-04-21 13:00:00,Lille,Strasbourg,1,0,2023,Strasbourg,Lille,0,0,1,loss,20240421_Lille_Strasbourg,0.948728,0.948728,47.0,80.6,3.0,0.0,13.0
2024-04-21 19:00:00,Paris Saint Germain,Lyon,4,1,2023,Lyon,Paris Saint Germain,0,1,4,loss,20240421_Paris Saint Germain_Lyon,0.667233,0.667233,37.0,84.7,0.0,0.0,12.0
2024-04-21 13:00:00,Reims,Montpellier,1,2,2023,Montpellier,Reims,0,2,1,win,20240421_Reims_Montpellier,1.35565,1.35565,47.0,75.1,3.0,0.0,31.0
2024-04-21 17:00:00,Toulouse,Marseille,2,2,2023,Marseille,Toulouse,0,2,2,draw,20240421_Toulouse_Marseille,1.06509,1.06509,54.0,83.2,2.0,0.0,16.0
2024-04-24 17:00:00,Lorient,Paris Saint Germain,1,4,2023,Paris Saint Germain,Lorient,0,4,1,win,20240424_Lorient_Paris Saint Germain,1.97814,1.97814,,,,,
2024-04-24 19:00:00,Marseille,Nice,2,2,2023,Nice,Marseille,0,2,2,draw,20240424_Marseille_Nice,1.28789,1.28789,52.0,82.6,3.0,0.0,17.0
2024-04-24 19:00:00,Monaco,Lille,1,0,2023,Lille,Monaco,0,0,1,loss,20240424_Monaco_Lille,1.28227,1.28227,57.0,83.3,2.0,0.0,17.0
2024-04-26 19:00:00,Montpellier,Nantes,1,1,2023,Nantes,Montpellier,0,1,1,draw,20240426_Montpellier_Nantes,1.70799,1.70799,46.0,76.9,1.0,0.0,23.0
2024-04-27 19:00:00,Paris Saint Germain,Le Havre,3,3,2023,Le Havre,Paris Saint Germain,0,3,3,draw,20240427_Paris Saint Germain_Le Havre,1.21268,0.452581,23.0,64.3,1.0,0.0,35.0
2024-04-28 13:00:00,Clermont Foot,Reims,4,1,2023,Reims,Clermont Foot,0,1,4,loss,20240428_Clermont Foot_Reims,0.875188,0.875188,50.0,80.8,3.0,1.0,16.0
2024-04-28 13:00:00,Lorient,Toulouse,1,2,2023,Toulouse,Lorient,0,2,1,win,20240428_Lorient_Toulouse,2.23471,2.23471,50.0,82.7,3.0,0.0,24.0
2024-04-28 17:00:00,Lyon,Monaco,3,2,2023,Monaco,Lyon,0,2,3,loss,20240428_Lyon_Monaco,2.04607,2.04607,53.0,78.0,3.0,0.0,16.0
2024-04-28 19:00:00,Marseille,Lens,2,1,2023,Lens,Marseille,0,1,2,loss,20240428_Marseille_Lens,1.25145,1.25145,56.0,82.4,2.0,0.0,11.0
2024-04-28 11:00:00,Metz,Lille,1,2,2023,Lille,Metz,0,2,1,win,20240428_Metz_Lille,0.882087,0.882087,70.0,88.6,2.0,0.0,10.0
2024-04-28 15:05:00,Rennes,Brest,4,5,2023,Brest,Rennes,0,5,4,win,20240428_Rennes_Brest,2.18698,2.18698,53.0,79.1,1.0,0.0,29.0
2024-04-28 13:00:00,Strasbourg,Nice,1,3,2023,Nice,Strasbourg,0,3,1,win,20240428_Strasbourg_Nice,1.89803,1.13794,52.0,87.0,3.0,0.0,12.0
2024-05-03 19:00:00,Lens,Lorient,2,0,2023,Lorient,Lens,0,0,2,loss,20240503_Lens_Lorient,0.459806,0.459806,43.0,76.4,2.0,0.0,35.0
2024-05-03 17:00:00,Toulouse,Montpellier,1,2,2023,Montpellier,Toulouse,0,2,1,win,20240503_Toulouse_Montpellier,0.660372,0.660372,37.0,76.7,3.0,1.0,26.0
2024-05-04 19:00:00,Brest,Nantes,0,0,2023,Nantes,Brest,0,0,0,draw,20240504_Brest_Nantes,1.33601,1.33601,29.0,67.6,2.0,0.0,28.0
2024-05-04 13:00:00,Le Havre,Strasbourg,3,1,2023,Strasbourg,Le Havre,0,1,3,loss,20240504_Le Havre_Strasbourg,0.631836,0.631836,61.0,84.7,1.0,0.0,15.0
2024-05-04 17:00:00,Metz,Rennes,2,3,2023,Rennes,Metz,0,3,2,win,20240504_Metz_Rennes,2.01818,1.25809,64.0,83.1,3.0,0.0,15.0
2024-05-04 15:00:00,Monaco,Clermont Foot,4,1,2023,Clermont Foot,Monaco,0,1,4,loss,20240504_Monaco_Clermont Foot,1.01532,1.01532,38.0,78.0,1.0,0.0,17.0
2024-05-06 19:00:00,Lille,Lyon,3,4,2023,Lyon,Lille,0,4,3,win,20240506_Lille_Lyon,2.42982,2.42982,56.0,83.8,1.0,0.0,15.0
2024-05-10 19:00:00,Brest,Reims,1,1,2023,Reims,Brest,0,1,1,draw,20240510_Brest_Reims,0.432216,0.432216,40.0,69.8,3.0,0.0,40.0
2024-05-10 19:00:00,Nice,Le Havre,1,0,2023,Le Havre,Nice,0,0,1,loss,20240510_Nice_Le Havre,0.427788,0.427788,42.0,80.5,0.0,0.0,14.0
2024-05-12 19:00:00,Clermont Foot,Lyon,0,1,2023,Lyon,Clermont Foot,0,1,0,win,20240512_Clermont Foot_Lyon,0.389723,0.389723,48.0,84.0,2.0,0.0,29.0
2024-05-12 19:00:00,Marseille,Lorient,3,1,2023,Lorient,Marseille,0,1,3,loss,20240512_Marseille_Lorient,1.0861,1.0861,42.0,77.2,4.0,0.0,24.0
2024-05-12 19:00:00,Montpellier,Monaco,0,2,2023,Monaco,Montpellier,0,2,0,win,20240512_Montpellier_Monaco,2.31591,2.31591,55.0,83.7,1.0,0.0,24.0
2024-05-12 19:00:00,Nantes,Lille,1,2,2023,Lille,Nantes,0,2,1,win,20240512_Nantes_Lille,1.40896,1.40896,70.0,86.8,2.0,0.0,25.0
2024-05-12 19:00:00,Paris Saint Germain,Toulouse,1,3,2023,Toulouse,Paris Saint Germain,0,3,1,win,20240512_Paris Saint Germain_Toulouse,1.71089,1.71089,36.0,79.3,0.0,0.0,11.0
2024-05-12 19:00:00,Rennes,Lens,1,1,2023,Lens,Rennes,0,1,1,draw,20240512_Rennes_Lens,0.410537,0.410537,43.0,76.3,3.0,0.0,18.0
2024-05-12 19:00:00,Strasbourg,Metz,2,1,2023,Metz,Strasbourg,0,1,2,loss,20240512_Strasbourg_Metz,0.896939,0.896939,30.0,68.4,2.0,0.0,25.0
2024-05-15 19:00:00,Nice,Paris Saint Germain,1,2,2023,Paris Saint Germain,Nice,0,2,1,win,20240515_Nice_Paris Saint Germain,1.44503,1.44503,,,,,
2024-05-15 19:00:00,Reims,Marseille,1,0,2023,Marseille,Reims,0,0,1,loss,20240515_Reims_Marseille,1.81257,1.81257,62.0,82.2,1.0,0.0,9.0
2024-05-19 19:00:00,Le Havre,Marseille,1,2,2023,Marseille,Le Havre,0,2,1,win,20240519_Le Havre_Marseille,2.32131,2.32131,56.0,82.9,0.0,0.0,10.0
2024-05-19 19:00:00,Lens,Montpellier,2,2,2023,Montpellier,Lens,0,2,2,draw,20240519_Lens_Montpellier,1.11518,1.11518,45.0,81.6,1.0,0.0,17.0
2024-05-19 19:00:00,Lille,Nice,2,2,2023,Nice,Lille,0,2,2,draw,20240519_Lille_Nice,1.32909,1.32909,45.0,84.1,3.0,0.0,13.0
2024-05-19 19:00:00,Lorient,Clermont Foot,5,0,2023,Clermont Foot,Lorient,0,0,5,loss,20240519_Lorient_Clermont Foot,0.737223,0.737223,54.0,80.0,3.0,0.0,50.0
2024-05-19 19:00:00,Lyon,Strasbourg,2,1,2023,Strasbourg,Lyon,0,1,2,loss,20240519_Lyon_Strasbourg,1.12544,0.365346,37.0,77.7,1.0,0.0,21.0
2024-05-19 19:00:00,Metz,Paris Saint Germain,0,2,2023,Paris Saint Germain,Metz,0,2,0,win,20240519_Metz_Paris Saint Germain,2.92879,2.92879,,,,,
2024-05-19 19:00:00,Monaco,Nantes,4,0,2023,Nantes,Monaco,0,0,4,loss,20240519_Monaco_Nantes,0.885758,0.885758,38.0,79.7,2.0,0.0,20.0
2024-05-19 19:00:00,Reims,Rennes,2,1,2023,Rennes,Reims,0,1,2,loss,20240519_Reims_Rennes,1.25648,1.25648,65.0,85.9,1.0,0.0,9.0
2024-05-19 19:00:00,Toulouse,Brest,0,3,2023,Brest,Toulouse,0,3,0,win,20240519_Toulouse_Brest,1.02904,1.02904,48.0,81.9,2.0,0.0,15.0
2024-08-16 18:45:00,Le Havre,Paris Saint Germain,1,4,2024,Paris Saint Germain,Le Havre,0,4,1,win,20240816_Le Havre_Paris Saint Germain,2.9098,2.14971,,,,,
2024-08-17 15:00:00,Brest,Marseille,1,5,2024,Marseille,Brest,0,5,1,win,20240817_Brest_Marseille,2.96496,1.44477,50.0,86.5,1.0,0.0,20.0
2024-08-17 19:00:00,Monaco,Saint-Etienne,1,0,2024,Saint-Etienne,Monaco,0,0,1,loss,20240817_Monaco_Saint-Etienne,0.484117,0.484117,,,,,
2024-08-17 17:00:00,Reims,Lille,0,2,2024,Lille,Reims,0,2,0,win,20240817_Reims_Lille,2.31711,2.31711,68.0,89.0,2.0,0.0,13.0
2024-08-18 15:00:00,Angers,Lens,0,1,2024,Lens,Angers,0,1,0,win,20240818_Angers_Lens,1.04077,1.04077,58.0,79.7,0.0,0.0,25.0
2024-08-18 13:00:00,Auxerre,Nice,2,1,2024,Nice,Auxerre,0,1,2,loss,20240818_Auxerre_Nice,0.58056,0.58056,55.0,84.2,0.0,0.0,17.0
2024-08-18 15:00:00,Montpellier,Strasbourg,1,1,2024,Strasbourg,Montpellier,0,1,1,draw,20240818_Montpellier_Strasbourg,1.10476,1.10476,58.0,81.7,3.0,0.0,17.0
2024-08-18 18:45:00,Rennes,Lyon,3,0,2024,Lyon,Rennes,0,0,3,loss,20240818_Rennes_Lyon,2.20066,1.33962,53.0,81.5,1.0,0.0,22.0
2024-08-18 15:00:00,Toulouse,Nantes,0,0,2024,Nantes,Toulouse,0,0,0,draw,20240818_Toulouse_Nantes,0.513845,0.513845,46.0,81.1,3.0,0.0,33.0
2024-08-23 18:45:00,Paris Saint Germain,Montpellier,6,0,2024,Montpellier,Paris Saint Germain,0,0,6,loss,20240823_Paris Saint Germain_Montpellier,0.772997,0.772997,32.0,82.0,4.0,0.0,15.0
2024-08-24 17:00:00,Lille,Angers,2,0,2024,Angers,Lille,0,0,2,loss,20240824_Lille_Angers,0.737042,0.737042,36.0,78.9,2.0,0.0,28.0
2024-08-24 15:00:00,Lyon,Monaco,0,2,2024,Monaco,Lyon,0,2,0,win,20240824_Lyon_Monaco,2.60916,2.60916,60.0,83.0,3.0,1.0,14.0
2024-08-24 19:00:00,Saint-Etienne,Le Havre,0,2,2024,Le Havre,Saint-Etienne,0,2,0,win,20240824_Saint-Etienne_Le Havre,2.23362,1.47353,41.0,75.3,3.0,0.0,21.0
2024-08-25 13:00:00,Lens,Brest,2,0,2024,Brest,Lens,0,0,2,loss,20240825_Lens_Brest,0.695576,0.695576,48.0,78.5,3.0,0.0,24.0
2024-08-25 18:45:00,Marseille,Reims,2,2,2024,Reims,Marseille,0,2,2,draw,20240825_Marseille_Reims,1.01201,1.01201,34.0,77.7,1.0,0.0,24.0
2024-08-25 15:00:00,Nantes,Auxerre,2,0,2024,Auxerre,Nantes,0,0,2,loss,20240825_Nantes_Auxerre,0.876338,0.876338,64.0,81.0,1.0,1.0,31.0
2024-08-25 15:00:00,Nice,Toulouse,1,1,2024,Toulouse,Nice,0,1,1,draw,20240825_Nice_Toulouse,0.946618,0.946618,43.0,73.9,1.0,0.0,19.0
2024-08-25 15:00:00,Strasbourg,Rennes,3,1,2024,Rennes,Strasbourg,0,1,3,loss,20240825_Strasbourg_Rennes,1.40309,1.40309,41.0,77.2,4.0,0.0,10.0
2024-08-30 18:45:00,Lyon,Strasbourg,4,3,2024,Strasbourg,Lyon,0,3,4,loss,20240830_Lyon_Strasbourg,2.44695,2.44695,52.0,82.9,2.0,0.0,22.0
2024-08-31 15:00:00,Brest,Saint-Etienne,4,0,2024,Saint-Etienne,Brest,0,0,4,loss,20240831_Brest_Saint-Etienne,0.256612,0.256612,,,,,
2024-08-31 17:00:00,Montpellier,Nantes,1,3,2024,Nantes,Montpellier,0,3,1,win,20240831_Montpellier_Nantes,1.69437,0.934273,31.0,73.3,2.0,0.0,46.0
2024-08-31 19:00:00,Toulouse,Marseille,1,3,2024,Marseille,Toulouse,0,3,1,win,20240831_Toulouse_Marseille,1.29819,1.29819,76.0,91.8,2.0,0.0,11.0
2024-09-01 15:00:00,Angers,Nice,1,4,2024,Nice,Angers,0,4,1,win,20240901_Angers_Nice,2.53408,2.53408,46.0,80.4,4.0,1.0,22.0
2024-09-01 15:00:00,Le Havre,Auxerre,3,1,2024,Auxerre,Le Havre,0,1,3,loss,20240901_Le Havre_Auxerre,0.743523,0.743523,50.0,82.5,5.0,1.0,26.0
2024-09-01 18:45:00,Lille,Paris Saint Germain,1,3,2024,Paris Saint Germain,Lille,0,3,1,win,20240901_Lille_Paris Saint Germain,3.24139,2.48129,,,,,
2024-09-01 13:00:00,Monaco,Lens,1,1,2024,Lens,Monaco,0,1,1,draw,20240901_Monaco_Lens,1.91297,1.15287,38.0,71.1,4.0,0.0,34.0
2024-09-01 15:00:00,Reims,Rennes,2,1,2024,Rennes,Reims,0,1,2,loss,20240901_Reims_Rennes,1.02619,1.02619,47.0,78.9,1.0,0.0,23.0
2024-09-13 18:30:00,Saint-Etienne,Lille,1,0,2024,Lille,Saint-Etienne,0,0,1,loss,20240913_Saint-Etienne_Lille,2.73176,2.73176,70.0,85.4,1.0,0.0,10.0
2024-09-14 17:00:00,Auxerre,Monaco,0,3,2024,Monaco,Auxerre,0,3,0,win,20240914_Auxerre_Monaco,3.37672,3.37672,59.0,80.5,0.0,0.0,22.0
2024-09-14 15:00:00,Marseille,Nice,2,0,2024,Nice,Marseille,0,0,2,loss,20240914_Marseille_Nice,1.72041,1.72041,44.0,82.5,2.0,0.0,14.0
2024-09-14 19:00:00,Paris Saint Germain,Brest,3,1,2024,Brest,Paris Saint Germain,0,1,3,loss,20240914_Paris Saint Germain_Brest,1.00928,0.249183,33.0,74.9,3.0,0.0,30.0
2024-09-15 18:45:00,Lens,Lyon,0,0,2024,Lyon,Lens,0,0,0,draw,20240915_Lens_Lyon,0.529029,0.529029,46.0,74.2,0.0,0.0,25.0
2024-09-15 15:00:00,Nantes,Reims,1,2,2024,Reims,Nantes,0,2,1,win,20240915_Nantes_Reims,0.549218,0.549218,55.0,88.6,1.0,0.0,21.0
2024-09-15 13:00:00,Rennes,Montpellier,3,0,2024,Montpellier,Rennes,0,0,3,loss,20240915_Rennes_Montpellier,0.310262,0.310262,49.0,84.5,3.0,0.0,21.0
2024-09-15 15:00:00,Strasbourg,Angers,1,1,2024,Angers,Strasbourg,0,1,1,draw,20240915_Strasbourg_Angers,0.855084,0.855084,48.0,79.2,1.0,0.0,18.0
2024-09-15 15:00:00,Toulouse,Le Havre,2,0,2024,Le Havre,Toulouse,0,0,2,loss,20240915_Toulouse_Le Havre,0.15045,0.15045,46.0,79.1,1.0,0.0,27.0
2024-09-20 18:45:00,Nice,Saint-Etienne,8,0,2024,Saint-Etienne,Nice,0,0,8,loss,20240920_Nice_Saint-Etienne,0.335532,0.335532,,,,,
2024-09-21 15:00:00,Lille,Strasbourg,3,3,2024,Strasbourg,Lille,0,3,3,draw,20240921_Lille_Strasbourg,3.02005,3.02005,37.0,77.7,2.0,0.0,26.0
2024-09-21 19:00:00,Reims,Paris Saint Germain,1,1,2024,Paris Saint Germain,Reims,0,1,1,draw,20240921_Reims_Paris Saint Germain,1.90277,1.90277,,,,,
2024-09-21 17:00:00,Rennes,Lens,1,1,2024,Lens,Rennes,0,1,1,draw,20240921_Rennes_Lens,0.853348,0.853348,60.0,76.4,4.0,0.0,19.0
2024-09-22 15:00:00,Angers,Nantes,1,1,2024,Nantes,Angers,0,1,1,draw,20240922_Angers_Nantes,1.28588,1.28588,50.0,80.6,4.0,0.0,21.0
2024-09-22 15:00:00,Brest,Toulouse,2,0,2024,Toulouse,Brest,0,0,2,loss,20240922_Brest_Toulouse,2.3505,1.5904,57.0,77.3,1.0,0.0,18.0
2024-09-22 18:45:00,Lyon,Marseille,2,3,2024,Marseille,Lyon,0,3,2,win,20240922_Lyon_Marseille,0.675578,0.675578,37.0,76.8,3.0,1.0,38.0
2024-09-22 13:00:00,Monaco,Le Havre,3,1,2024,Le Havre,Monaco,0,1,3,loss,20240922_Monaco_Le Havre,0.580512,0.580512,39.0,72.9,3.0,0.0,29.0
2024-09-22 15:00:00,Montpellier,Auxerre,3,2,2024,Auxerre,Montpellier,0,2,3,loss,20240922_Montpellier_Auxerre,1.42586,1.42586,46.0,77.8,4.0,0.0,42.0
2024-09-27 17:00:00,Auxerre,Brest,3,0,2024,Brest,Auxerre,0,0,3,loss,20240927_Auxerre_Brest,0.726126,0.726126,61.0,80.5,0.0,0.0,21.0
2024-09-27 19:00:00,Paris Saint Germain,Rennes,3,1,2024,Rennes,Paris Saint Germain,0,1,3,loss,20240927_Paris Saint Germain_Rennes,2.02646,1.26636,39.0,79.5,3.0,0.0,14.0
2024-09-28 17:00:00,Le Havre,Lille,0,3,2024,Lille,Le Havre,0,3,0,win,20240928_Le Havre_Lille,3.5706,2.8105,62.0,88.4,1.0,0.0,12.0
2024-09-28 15:00:00,Lens,Nice,0,0,2024,Nice,Lens,0,0,0,draw,20240928_Lens_Nice,0.9614,0.9614,44.0,78.4,2.0,0.0,26.0
2024-09-28 19:00:00,Monaco,Montpellier,2,1,2024,Montpellier,Monaco,0,1,2,loss,20240928_Monaco_Montpellier,0.768868,0.768868,35.0,67.7,3.0,1.0,26.0
2024-09-29 15:00:00,Angers,Reims,1,3,2024,Reims,Angers,0,3,1,win,20240929_Angers_Reims,4.18122,4.18122,47.0,80.2,3.0,0.0,25.0
2024-09-29 15:00:00,Nantes,Saint-Etienne,2,2,2024,Saint-Etienne,Nantes,0,2,2,draw,20240929_Nantes_Saint-Etienne,1.0242,0.264104,,,,,
2024-09-29 18:45:00,Strasbourg,Marseille,1,0,2024,Marseille,Strasbourg,0,0,1,loss,20240929_Strasbourg_Marseille,0.782395,0.782395,59.0,85.2,1.0,0.0,22.0
2024-09-29 13:00:00,Toulouse,Lyon,1,2,2024,Lyon,Toulouse,0,2,1,win,20240929_Toulouse_Lyon,0.730803,0.730803,54.0,83.2,2.0,0.0,19.0
2024-10-04 18:45:00,Marseille,Angers,1,1,2024,Angers,Marseille,0,1,1,draw,20241004_Marseille_Angers,1.19435,1.19435,24.0,78.5,0.0,1.0,23.0
2024-10-05 17:00:00,Lille,Toulouse,2,1,2024,Toulouse,Lille,0,1,2,loss,20241005_Lille_Toulouse,1.43654,1.43654,43.0,79.4,2.0,0.0,19.0
2024-10-05 19:00:00,Rennes,Monaco,1,2,2024,Monaco,Rennes,0,2,1,win,20241005_Rennes_Monaco,0.498715,0.498715,42.0,73.7,4.0,0.0,33.0
2024-10-05 15:00:00,Saint-Etienne,Auxerre,3,1,2024,Auxerre,Saint-Etienne,0,1,3,loss,20241005_Saint-Etienne_Auxerre,0.71964,0.71964,58.0,77.0,1.0,0.0,13.0
2024-10-06 15:00:00,Brest,Le Havre,2,0,2024,Le Havre,Brest,0,0,2,loss,20241006_Brest_Le Havre,2.11913,2.11913,47.0,69.9,0.0,1.0,11.0
2024-10-06 13:00:00,Lyon,Nantes,2,0,2024,Nantes,Lyon,0,0,2,loss,20241006_Lyon_Nantes,0.765938,0.765938,39.0,77.9,2.0,0.0,35.0
2024-10-06 18:45:00,Nice,Paris Saint Germain,1,1,2024,Paris Saint Germain,Nice,0,1,1,draw,20241006_Nice_Paris Saint Germain,0.822322,0.822322,,,,,
2024-10-06 15:00:00,Reims,Montpellier,4,2,2024,Montpellier,Reims,0,2,4,loss,20241006_Reims_Montpellier,0.874094,0.874094,52.0,83.6,5.0,0.0,14.0
2024-10-06 15:00:00,Strasbourg,Lens,2,2,2024,Lens,Strasbourg,0,2,2,draw,20241006_Strasbourg_Lens,1.43012,1.43012,63.0,83.8,4.0,0.0,13.0
2024-10-18 18:45:00,Monaco,Lille,0,0,2024,Lille,Monaco,0,0,0,draw,20241018_Monaco_Lille,0.163769,0.163769,48.0,80.7,5.0,0.0,12.0
2024-10-19 15:00:00,Brest,Rennes,1,1,2024,Rennes,Brest,0,1,1,draw,20241019_Brest_Rennes,1.14445,1.14445,44.0,76.9,2.0,0.0,13.0
2024-10-19 19:00:00,Paris Saint Germain,Strasbourg,4,2,2024,Strasbourg,Paris Saint Germain,0,2,4,loss,20241019_Paris Saint Germain_Strasbourg,2.22038,2.22038,45.0,82.6,2.0,0.0,10.0
2024-10-19 17:00:00,Saint-Etienne,Lens,0,2,2024,Lens,Saint-Etienne,0,2,0,win,20241019_Saint-Etienne_Lens,1.35593,1.35593,63.0,85.2,2.0,0.0,12.0
2024-10-20 15:00:00,Auxerre,Reims,2,1,2024,Reims,Auxerre,0,1,2,loss,20241020_Auxerre_Reims,1.22872,1.22872,65.0,81.6,3.0,0.0,13.0
2024-10-20 13:00:00,Le Havre,Lyon,0,4,2024,Lyon,Le Havre,0,4,0,win,20241020_Le Havre_Lyon,2.76676,2.76676,61.0,84.9,4.0,0.0,20.0
2024-10-20 18:45:00,Montpellier,Marseille,0,5,2024,Marseille,Montpellier,0,5,0,win,20241020_Montpellier_Marseille,3.88109,3.88109,65.0,89.8,3.0,0.0,9.0
2024-10-20 15:00:00,Nantes,Nice,1,1,2024,Nice,Nantes,0,1,1,draw,20241020_Nantes_Nice,0.776883,0.776883,57.0,85.2,1.0,0.0,24.0
2024-10-20 15:00:00,Toulouse,Angers,1,1,2024,Angers,Toulouse,0,1,1,draw,20241020_Toulouse_Angers,1.47299,0.7129,35.0,68.2,4.0,0.0,37.0
2024-10-25 18:45:00,Rennes,Le Havre,1,0,2024,Le Havre,Rennes,0,0,1,loss,20241025_Rennes_Le Havre,0.272294,0.272294,40.0,78.2,4.0,1.0,44.0
2024-10-26 15:00:00,Angers,Saint-Etienne,4,2,2024,Saint-Etienne,Angers,0,2,4,loss,20241026_Angers_Saint-Etienne,1.33,0.569909,,,,,
2024-10-26 19:00:00,Lens,Lille,0,2,2024,Lille,Lens,0,2,0,win,20241026_Lens_Lille,1.47637,0.716276,42.0,72.6,5.0,0.0,31.0
2024-10-26 17:00:00,Reims,Brest,1,2,2024,Brest,Reims,0,2,1,win,20241026_Reims_Brest,1.64092,0.880825,47.0,77.8,2.0,0.0,37.0
2024-10-27 14:00:00,Lyon,Auxerre,2,2,2024,Auxerre,Lyon,0,2,2,draw,20241027_Lyon_Auxerre,1.0609,1.0609,38.0,72.7,4.0,0.0,25.0
2024-10-27 19:45:00,Marseille,Paris Saint Germain,0,3,2024,Paris Saint Germain,Marseille,0,3,0,win,20241027_Marseille_Paris Saint Germain,4.04221,4.04221,,,,,
2024-10-27 16:00:00,Montpellier,Toulouse,0,3,2024,Toulouse,Montpellier,0,3,0,win,20241027_Montpellier_Toulouse,2.88708,2.88708,49.0,84.4,2.0,0.0,26.0
2024-10-27 16:00:00,Nice,Monaco,2,1,2024,Monaco,Nice,0,1,2,loss,20241027_Nice_Monaco,0.796703,0.796703,59.0,81.5,5.0,1.0,21.0
2024-10-27 16:00:00,Strasbourg,Nantes,3,1,2024,Nantes,Strasbourg,0,1,3,loss,20241027_Strasbourg_Nantes,0.761926,0.761926,50.0,83.2,3.0,0.0,14.0
2024-11-01 20:00:00,Lille,Lyon,1,1,2024,Lyon,Lille,0,1,1,draw,20241101_Lille_Lyon,1.58011,1.58011,53.0,77.4,1.0,0.0,10.0
2024-11-01 18:00:00,Monaco,Angers,0,1,2024,Angers,Monaco,0,1,0,win,20241101_Monaco_Angers,0.50003,0.50003,37.0,72.2,1.0,0.0,34.0
2024-11-02 18:00:00,Brest,Nice,0,1,2024,Nice,Brest,0,1,0,win,20241102_Brest_Nice,1.92085,1.92085,37.0,75.5,2.0,0.0,30.0
2024-11-02 16:00:00,Paris Saint Germain,Lens,1,0,2024,Lens,Paris Saint Germain,0,0,1,loss,20241102_Paris Saint Germain_Lens,0.803421,0.803421,32.0,76.5,4.0,1.0,19.0
2024-11-02 20:00:00,Saint-Etienne,Strasbourg,2,0,2024,Strasbourg,Saint-Etienne,0,0,2,loss,20241102_Saint-Etienne_Strasbourg,0.451174,0.451174,64.0,90.4,1.0,0.0,11.0
2024-11-03 16:00:00,Auxerre,Rennes,4,0,2024,Rennes,Auxerre,0,0,4,loss,20241103_Auxerre_Rennes,0.701873,0.701873,61.0,83.3,2.0,0.0,20.0
2024-11-03 16:00:00,Le Havre,Montpellier,1,0,2024,Montpellier,Le Havre,0,0,1,loss,20241103_Le Havre_Montpellier,0.722691,0.722691,52.0,79.3,1.0,0.0,17.0
2024-11-03 19:45:00,Nantes,Marseille,1,2,2024,Marseille,Nantes,0,2,1,win,20241103_Nantes_Marseille,0.876221,0.876221,73.0,90.5,1.0,0.0,14.0
2024-11-03 14:00:00,Toulouse,Reims,1,0,2024,Reims,Toulouse,0,0,1,loss,20241103_Toulouse_Reims,0.818661,0.818661,49.0,76.2,3.0,0.0,33.0
2024-11-08 19:45:00,Marseille,Auxerre,1,3,2024,Auxerre,Marseille,0,3,1,win,20241108_Marseille_Auxerre,2.09466,2.09466,26.0,63.0,2.0,0.0,29.0
2024-11-09 20:00:00,Angers,Paris Saint Germain,2,4,2024,Paris Saint Germain,Angers,0,4,2,win,20241109_Angers_Paris Saint Germain,4.38095,4.38095,,,,,
2024-11-09 18:00:00,Lens,Nantes,3,2,2024,Nantes,Lens,0,2,3,loss,20241109_Lens_Nantes,1.49891,0.738813,33.0,76.0,0.0,0.0,18.0
2024-11-09 16:00:00,Strasbourg,Monaco,1,3,2024,Monaco,Strasbourg,0,3,1,win,20241109_Strasbourg_Monaco,3.42574,2.66564,57.0,82.9,2.0,0.0,18.0
2024-11-10 16:00:00,Le Havre,Reims,0,3,2024,Reims,Le Havre,0,3,0,win,20241110_Le Havre_Reims,2.69952,2.69952,45.0,80.3,4.0,0.0,39.0
2024-11-10 19:45:00,Lyon,Saint-Etienne,1,0,2024,Saint-Etienne,Lyon,0,0,1,loss,20241110_Lyon_Saint-Etienne,0.703111,0.703111,,,,,
2024-11-10 16:00:00,Montpellier,Brest,3,1,2024,Brest,Montpellier,0,1,3,loss,20241110_Montpellier_Brest,1.88669,1.88669,67.0,82.0,1.0,0.0,8.0
2024-11-10 14:00:00,Nice,Lille,2,2,2024,Lille,Nice,0,2,2,draw,20241110_Nice_Lille,2.19562,2.19562,57.0,86.1,2.0,0.0,23.0
2024-11-10 16:00:00,Rennes,Toulouse,0,2,2024,Toulouse,Rennes,0,2,0,win,20241110_Rennes_Toulouse,1.31564,1.31564,33.0,70.4,1.0,0.0,31.0
2024-11-22 18:00:00,Monaco,Brest,3,2,2024,Brest,Monaco,0,2,3,loss,20241122_Monaco_Brest,1.38684,1.38684,49.0,73.7,2.0,0.0,16.0
2024-11-22 20:00:00,Paris Saint Germain,Toulouse,3,0,2024,Toulouse,Paris Saint Germain,0,0,3,loss,20241122_Paris Saint Germain_Toulouse,1.84157,1.84157,28.0,73.2,2.0,0.0,24.0
2024-11-23 16:00:00,Lens,Marseille,1,3,2024,Marseille,Lens,0,3,1,win,20241123_Lens_Marseille,1.37895,1.37895,55.0,82.1,3.0,0.0,24.0
2024-11-23 20:00:00,Reims,Lyon,1,1,2024,Lyon,Reims,0,1,1,draw,20241123_Reims_Lyon,1.92683,1.92683,59.0,87.1,0.0,0.0,22.0
2024-11-23 18:00:00,Saint-Etienne,Montpellier,1,0,2024,Montpellier,Saint-Etienne,0,0,1,loss,20241123_Saint-Etienne_Montpellier,0.862794,0.862794,67.0,84.6,5.0,0.0,13.0
2024-11-24 16:00:00,Auxerre,Angers,1,0,2024,Angers,Auxerre,0,0,1,loss,20241124_Auxerre_Angers,1.14148,1.14148,52.0,81.4,1.0,0.0,14.0
2024-11-24 14:00:00,Lille,Rennes,1,0,2024,Rennes,Lille,0,0,1,loss,20241124_Lille_Rennes,0.178059,0.178059,48.0,82.3,2.0,0.0,16.0
2024-11-24 16:00:00,Nantes,Le Havre,0,2,2024,Le Havre,Nantes,0,2,0,win,20241124_Nantes_Le Havre,0.977121,0.977121,30.0,71.2,1.0,0.0,74.0
2024-11-24 19:45:00,Nice,Strasbourg,2,1,2024,Strasbourg,Nice,0,1,2,loss,20241124_Nice_Strasbourg,0.524154,0.524154,46.0,80.5,0.0,0.0,29.0
2024-11-29 19:45:00,Reims,Lens,0,2,2024,Lens,Reims,0,2,0,win,20241129_Reims_Lens,1.40788,1.40788,48.0,82.9,2.0,0.0,36.0
2024-11-30 18:00:00,Brest,Strasbourg,3,1,2024,Strasbourg,Brest,0,1,3,loss,20241130_Brest_Strasbourg,0.930345,0.930345,62.0,87.4,2.0,0.0,23.0
2024-11-30 20:00:00,Paris Saint Germain,Nantes,1,1,2024,Nantes,Paris Saint Germain,0,1,1,draw,20241130_Paris Saint Germain_Nantes,0.742742,0.742742,16.0,65.4,0.0,0.0,59.0
2024-11-30 16:00:00,Rennes,Saint-Etienne,5,0,2024,Saint-Etienne,Rennes,0,0,5,loss,20241130_Rennes_Saint-Etienne,0.168428,0.168428,,,,,
2024-12-01 16:00:00,Le Havre,Angers,0,1,2024,Angers,Le Havre,0,1,0,win,20241201_Le Havre_Angers,2.10367,2.10367,45.0,83.7,0.0,0.0,33.0
2024-12-01 16:00:00,Lyon,Nice,4,1,2024,Nice,Lyon,0,1,4,loss,20241201_Lyon_Nice,2.03621,2.03621,47.0,79.0,2.0,0.0,23.0
2024-12-01 19:45:00,Marseille,Monaco,2,1,2024,Monaco,Marseille,0,1,2,loss,20241201_Marseille_Monaco,0.958578,0.958578,37.0,73.8,1.0,0.0,17.0
2024-12-01 14:00:00,Montpellier,Lille,2,2,2024,Lille,Montpellier,0,2,2,draw,20241201_Montpellier_Lille,2.06485,0.54466,58.0,82.7,5.0,1.0,25.0
2024-12-01 16:00:00,Toulouse,Auxerre,2,0,2024,Auxerre,Toulouse,0,0,2,loss,20241201_Toulouse_Auxerre,0.129647,0.129647,48.0,73.9,0.0,0.0,20.0
2024-12-06 20:00:00,Auxerre,Paris Saint Germain,0,0,2024,Paris Saint Germain,Auxerre,0,0,0,draw,20241206_Auxerre_Paris Saint Germain,3.04535,3.04535,,,,,
2024-12-06 18:00:00,Lille,Brest,3,1,2024,Brest,Lille,0,1,3,loss,20241206_Lille_Brest,0.740372,0.740372,39.0,77.8,1.0,0.0,14.0
2024-12-07 20:00:00,Angers,Lyon,0,3,2024,Lyon,Angers,0,3,0,win,20241207_Angers_Lyon,2.02701,2.02701,63.0,86.0,2.0,0.0,14.0
2024-12-07 16:00:00,Monaco,Toulouse,2,0,2024,Toulouse,Monaco,0,0,2,loss,20241207_Monaco_Toulouse,0.232536,0.232536,42.0,69.8,2.0,0.0,19.0
2024-12-07 18:00:00,Nice,Le Havre,2,1,2024,Le Havre,Nice,0,1,2,loss,20241207_Nice_Le Havre,1.42884,1.42884,49.0,77.3,2.0,0.0,21.0
2024-12-08 14:00:00,Lens,Montpellier,2,0,2024,Montpellier,Lens,0,0,2,loss,20241208_Lens_Montpellier,1.51819,1.51819,45.0,80.0,3.0,0.0,27.0
2024-12-08 16:00:00,Nantes,Rennes,1,0,2024,Rennes,Nantes,0,0,1,loss,20241208_Nantes_Rennes,0.285927,0.285927,53.0,83.0,1.0,1.0,57.0
2024-12-08 19:45:00,Saint-Etienne,Marseille,0,2,2024,Marseille,Saint-Etienne,0,2,0,win,20241208_Saint-Etienne_Marseille,2.9851,2.09167,68.0,92.1,1.0,0.0,8.0
2024-12-08 16:00:00,Strasbourg,Reims,0,0,2024,Reims,Strasbourg,0,0,0,draw,20241208_Strasbourg_Reims,1.28455,1.28455,52.0,82.5,2.0,0.0,22.0
2024-12-13 19:45:00,Toulouse,Saint-Etienne,2,1,2024,Saint-Etienne,Toulouse,0,1,2,loss,20241213_Toulouse_Saint-Etienne,0.388289,0.388289,,,,,
2024-12-14 18:00:00,Auxerre,Lens,2,2,2024,Lens,Auxerre,0,2,2,draw,20241214_Auxerre_Lens,1.73768,1.73768,60.0,85.0,1.0,0.0,26.0
2024-12-14 16:00:00,Marseille,Lille,1,1,2024,Lille,Marseille,0,1,1,draw,20241214_Marseille_Lille,1.24013,1.24013,44.0,83.8,3.0,0.0,13.0
2024-12-14 20:00:00,Reims,Monaco,0,0,2024,Monaco,Reims,0,0,0,draw,20241214_Reims_Monaco,1.3291,1.3291,64.0,80.0,3.0,0.0,16.0
2024-12-15 16:00:00,Brest,Nantes,4,1,2024,Nantes,Brest,0,1,4,loss,20241215_Brest_Nantes,1.39913,1.39913,49.0,80.6,3.0,0.0,14.0
2024-12-15 16:00:00,Le Havre,Strasbourg,0,3,2024,Strasbourg,Le Havre,0,3,0,win,20241215_Le Havre_Strasbourg,1.39172,1.39172,44.0,85.4,1.0,0.0,40.0
2024-12-15 14:00:00,Montpellier,Nice,2,2,2024,Nice,Montpellier,0,2,2,draw,20241215_Montpellier_Nice,1.55192,1.55192,48.0,84.2,2.0,0.0,41.0
2024-12-15 19:45:00,Paris Saint Germain,Lyon,3,1,2024,Lyon,Paris Saint Germain,0,1,3,loss,20241215_Paris Saint Germain_Lyon,1.23945,1.23945,32.0,79.5,3.0,0.0,18.0
2024-12-15 16:00:00,Rennes,Angers,2,0,2024,Angers,Rennes,0,0,2,loss,20241215_Rennes_Angers,0.391796,0.391796,56.0,82.7,1.0,0.0,18.0
2024-12-18 20:00:00,Monaco,Paris Saint Germain,2,4,2024,Paris Saint Germain,Monaco,0,4,2,win,20241218_Monaco_Paris Saint Germain,2.40654,2.40654,,,,,
2025-01-03 20:00:00,Nice,Rennes,3,2,2024,Rennes,Nice,0,2,3,loss,20250103_Nice_Rennes,1.50451,1.50451,53.0,81.3,3.0,0.0,22.0
2025-01-04 18:00:00,Lille,Nantes,1,1,2024,Nantes,Lille,0,1,1,draw,20250104_Lille_Nantes,1.07277,0.312679,29.0,75.3,2.0,0.0,36.0
2025-01-04 20:00:00,Lyon,Montpellier,1,0,2024,Montpellier,Lyon,0,0,1,loss,20250104_Lyon_Montpellier,1.55585,1.55585,43.0,78.2,2.0,0.0,31.0
2025-01-04 16:00:00,Saint-Etienne,Reims,3,1,2024,Reims,Saint-Etienne,0,1,3,loss,20250104_Saint-Etienne_Reims,1.27612,1.27612,47.0,80.4,1.0,0.0,16.0
2025-01-05 14:00:00,Angers,Brest,2,0,2024,Brest,Angers,0,0,2,loss,20250105_Angers_Brest,0.608874,0.608874,61.0,82.5,1.0,0.0,15.0
2025-01-05 14:00:00,Lens,Toulouse,0,1,2024,Toulouse,Lens,0,1,0,win,20250105_Lens_Toulouse,2.19226,1.43216,34.0,75.7,2.0,0.0,54.0
2025-01-05 19:45:00,Marseille,Le Havre,5,1,2024,Le Havre,Marseille,0,1,5,loss,20250105_Marseille_Le Havre,0.885341,0.885341,30.0,84.2,0.0,0.0,31.0
2025-01-05 14:00:00,Strasbourg,Auxerre,3,1,2024,Auxerre,Strasbourg,0,1,3,loss,20250105_Strasbourg_Auxerre,1.7605,1.7605,40.0,77.7,2.0,0.0,26.0
2025-01-10 20:00:00,Auxerre,Lille,0,0,2024,Lille,Auxerre,0,0,0,draw,20250110_Auxerre_Lille,1.51829,0.758197,70.0,82.7,4.0,0.0,19.0
2025-01-10 18:00:00,Nantes,Monaco,2,2,2024,Monaco,Nantes,0,2,2,draw,20250110_Nantes_Monaco,3.48791,3.48791,68.0,86.2,0.0,0.0,15.0
2025-01-11 16:00:00,Brest,Lyon,2,1,2024,Lyon,Brest,0,1,2,loss,20250111_Brest_Lyon,1.40093,1.40093,67.0,84.3,2.0,0.0,17.0
2025-01-11 18:00:00,Reims,Nice,2,4,2024,Nice,Reims,0,4,2,win,20250111_Reims_Nice,3.22004,2.45995,46.0,81.5,2.0,0.0,25.0
2025-01-11 20:00:00,Rennes,Marseille,1,2,2024,Marseille,Rennes,0,2,1,win,20250111_Rennes_Marseille,2.49254,2.49254,64.0,89.6,2.0,0.0,10.0
2025-01-12 14:00:00,Le Havre,Lens,1,2,2024,Lens,Le Havre,0,2,1,win,20250112_Le Havre_Lens,3.10793,3.10793,69.0,80.3,2.0,0.0,19.0
2025-01-12 16:15:00,Montpellier,Angers,1,3,2024,Angers,Montpellier,0,3,1,win,20250112_Montpellier_Angers,3.46863,3.46863,42.0,80.8,2.0,0.0,57.0
2025-01-12 19:45:00,Paris Saint Germain,Saint-Etienne,2,1,2024,Saint-Etienne,Paris Saint Germain,0,1,2,loss,20250112_Paris Saint Germain_Saint-Etienne,0.410024,0.410024,,,,,
2025-01-12 16:15:00,Toulouse,Strasbourg,1,2,2024,Strasbourg,Toulouse,0,2,1,win,20250112_Toulouse_Strasbourg,1.82783,1.82783,47.0,83.4,4.0,0.0,40.0
2025-01-17 20:05:00,Lille,Nice,2,1,2024,Nice,Lille,0,1,2,loss,20250117_Lille_Nice,2.90437,2.90437,45.0,78.2,3.0,0.0,22.0
2025-01-17 18:00:00,Montpellier,Monaco,2,1,2024,Monaco,Montpellier,0,1,2,loss,20250117_Montpellier_Monaco,1.74957,1.74957,67.0,80.3,2.0,0.0,24.0
2025-01-18 16:00:00,Lens,Paris Saint Germain,1,2,2024,Paris Saint Germain,Lens,0,2,1,win,20250118_Lens_Paris Saint Germain,1.57299,1.57299,,,,,
2025-01-18 20:05:00,Lyon,Toulouse,0,0,2024,Toulouse,Lyon,0,0,0,draw,20250118_Lyon_Toulouse,1.36611,1.36611,38.0,76.1,0.0,0.0,34.0
2025-01-18 18:00:00,Rennes,Brest,1,2,2024,Brest,Rennes,0,2,1,win,20250118_Rennes_Brest,1.87321,1.87321,32.0,66.9,3.0,0.0,39.0
2025-01-19 16:15:00,Angers,Auxerre,2,0,2024,Auxerre,Angers,0,0,2,loss,20250119_Angers_Auxerre,0.462137,0.462137,52.0,85.8,1.0,1.0,23.0
2025-01-19 19:45:00,Marseille,Strasbourg,1,1,2024,Strasbourg,Marseille,0,1,1,draw,20250119_Marseille_Strasbourg,0.854933,0.854933,31.0,72.7,3.0,0.0,39.0
2025-01-19 16:15:00,Reims,Le Havre,1,1,2024,Le Havre,Reims,0,1,1,draw,20250119_Reims_Le Havre,1.29453,1.29453,45.0,78.5,2.0,0.0,45.0
2025-01-19 14:00:00,Saint-Etienne,Nantes,1,1,2024,Nantes,Saint-Etienne,0,1,1,draw,20250119_Saint-Etienne_Nantes,1.36031,1.36031,25.0,63.8,1.0,0.0,54.0
2025-01-24 19:45:00,Auxerre,Saint-Etienne,1,1,2024,Saint-Etienne,Auxerre,0,1,1,draw,20250124_Auxerre_Saint-Etienne,1.1913,1.1913,,,,,
2025-01-25 16:00:00,Monaco,Rennes,3,2,2024,Rennes,Monaco,0,2,3,loss,20250125_Monaco_Rennes,1.85205,1.85205,48.0,76.2,3.0,0.0,24.0
2025-01-25 20:05:00,Paris Saint Germain,Reims,1,1,2024,Reims,Paris Saint Germain,0,1,1,draw,20250125_Paris Saint Germain_Reims,0.613384,0.613384,22.0,66.5,2.0,0.0,34.0
2025-01-25 18:00:00,Strasbourg,Lille,2,1,2024,Lille,Strasbourg,0,1,2,loss,20250125_Strasbourg_Lille,1.95469,1.95469,58.0,85.6,2.0,0.0,16.0
2025-01-26 14:00:00,Le Havre,Brest,0,1,2024,Brest,Le Havre,0,1,0,win,20250126_Le Havre_Brest,2.38282,2.38282,55.0,82.5,3.0,0.0,40.0
2025-01-26 16:15:00,Lens,Angers,1,0,2024,Angers,Lens,0,0,1,loss,20250126_Lens_Angers,0.0813578,0.0813578,36.0,69.8,1.0,0.0,27.0
2025-01-26 16:15:00,Nantes,Lyon,1,1,2024,Lyon,Nantes,0,1,1,draw,20250126_Nantes_Lyon,1.61762,1.61762,62.0,86.6,1.0,0.0,31.0
2025-01-26 19:45:00,Nice,Marseille,2,0,2024,Marseille,Nice,0,0,2,loss,20250126_Nice_Marseille,1.11157,1.11157,71.0,86.5,1.0,0.0,17.0
2025-01-26 16:15:00,Toulouse,Montpellier,1,2,2024,Montpellier,Toulouse,0,2,1,win,20250126_Toulouse_Montpellier,0.939857,0.939857,34.0,64.2,2.0,0.0,39.0
2025-01-31 19:45:00,Montpellier,Lens,0,2,2024,Lens,Montpellier,0,2,0,win,20250131_Montpellier_Lens,3.21001,3.21001,51.0,80.3,3.0,0.0,29.0
2025-02-01 16:00:00,Brest,Paris Saint Germain,2,5,2024,Paris Saint Germain,Brest,0,5,2,win,20250201_Brest_Paris Saint Germain,3.94899,3.94899,,,,,
2025-02-01 20:05:00,Lille,Saint-Etienne,4,1,2024,Saint-Etienne,Lille,0,1,4,loss,20250201_Lille_Saint-Etienne,2.10343,1.34333,,,,,
2025-02-01 18:00:00,Monaco,Auxerre,4,2,2024,Auxerre,Monaco,0,2,4,loss,20250201_Monaco_Auxerre,1.6376,0.877508,43.0,77.0,2.0,0.0,30.0
2025-02-02 16:15:00,Angers,Le Havre,1,1,2024,Le Havre,Angers,0,1,1,draw,20250202_Angers_Le Havre,2.19254,2.19254,41.0,83.8,4.0,1.0,34.0
2025-02-02 19:45:00,Marseille,Lyon,3,2,2024,Lyon,Marseille,0,2,3,loss,20250202_Marseille_Lyon,1.83806,1.07796,37.0,78.7,1.0,0.0,34.0
2025-02-02 16:15:00,Reims,Nantes,1,2,2024,Nantes,Reims,0,2,1,win,20250202_Reims_Nantes,1.41652,1.41652,45.0,79.9,3.0,0.0,43.0
2025-02-02 16:15:00,Rennes,Strasbourg,1,0,2024,Strasbourg,Rennes,0,0,1,loss,20250202_Rennes_Strasbourg,0.994427,0.994427,54.0,84.3,3.0,0.0,31.0
2025-02-02 14:00:00,Toulouse,Nice,1,1,2024,Nice,Toulouse,0,1,1,draw,20250202_Toulouse_Nice,1.51342,0.753321,46.0,82.2,2.0,0.0,41.0
2025-02-07 16:00:00,Nantes,Brest,0,2,2024,Brest,Nantes,0,2,0,win,20250207_Nantes_Brest,2.49765,2.49765,42.0,78.3,2.0,0.0,66.0
2025-02-07 20:05:00,Paris Saint Germain,Monaco,4,1,2024,Monaco,Paris Saint Germain,0,1,4,loss,20250207_Paris Saint Germain_Monaco,0.924683,0.924683,37.0,76.3,0.0,0.0,21.0
2025-02-08 16:00:00,Lille,Le Havre,1,2,2024,Le Havre,Lille,0,2,1,win,20250208_Lille_Le Havre,1.65349,1.65349,34.0,71.8,1.0,0.0,53.0
2025-02-08 16:00:00,Nice,Lens,2,0,2024,Lens,Nice,0,0,2,loss,20250208_Nice_Lens,1.02488,1.02488,40.0,80.6,4.0,1.0,23.0
2025-02-08 20:05:00,Saint-Etienne,Rennes,0,2,2024,Rennes,Saint-Etienne,0,2,0,win,20250208_Saint-Etienne_Rennes,4.06991,4.06991,47.0,80.8,5.0,0.0,25.0
2025-02-09 19:45:00,Angers,Marseille,0,2,2024,Marseille,Angers,0,2,0,win,20250209_Angers_Marseille,2.87581,2.87581,78.0,90.9,2.0,0.0,10.0
2025-02-09 16:15:00,Auxerre,Toulouse,2,2,2024,Toulouse,Auxerre,0,2,2,draw,20250209_Auxerre_Toulouse,1.16269,1.16269,47.0,77.6,1.0,0.0,22.0
2025-02-09 14:00:00,Lyon,Reims,4,0,2024,Reims,Lyon,0,0,4,loss,20250209_Lyon_Reims,0.307882,0.307882,33.0,78.3,2.0,1.0,23.0
2025-02-09 16:15:00,Strasbourg,Montpellier,2,0,2024,Montpellier,Strasbourg,0,0,2,loss,20250209_Strasbourg_Montpellier,1.9822,1.9822,41.0,80.4,4.0,0.0,21.0
2025-02-14 19:45:00,Brest,Auxerre,2,2,2024,Auxerre,Brest,0,2,2,draw,20250214_Brest_Auxerre,1.48646,1.48646,36.0,71.9,2.0,0.0,41.0
2025-02-15 16:00:00,Marseille,Saint-Etienne,5,1,2024,Saint-Etienne,Marseille,0,1,5,loss,20250215_Marseille_Saint-Etienne,1.0312,1.0312,,,,,
2025-02-15 18:00:00,Monaco,Nantes,7,1,2024,Nantes,Monaco,0,1,7,loss,20250215_Monaco_Nantes,1.36606,1.36606,35.0,75.8,1.0,1.0,37.0
2025-02-15 20:05:00,Toulouse,Paris Saint Germain,0,1,2024,Paris Saint Germain,Toulouse,0,1,0,win,20250215_Toulouse_Paris Saint Germain,2.93281,2.93281,,,,,
2025-02-16 16:15:00,Le Havre,Nice,1,3,2024,Nice,Le Havre,0,3,1,win,20250216_Le Havre_Nice,1.22276,1.22276,51.0,84.2,2.0,1.0,24.0
2025-02-16 16:15:00,Lens,Strasbourg,0,2,2024,Strasbourg,Lens,0,2,0,win,20250216_Lens_Strasbourg,1.97845,1.97845,44.0,85.2,2.0,0.0,43.0
2025-02-16 14:00:00,Montpellier,Lyon,1,4,2024,Lyon,Montpellier,0,4,1,win,20250216_Montpellier_Lyon,1.59077,1.59077,62.0,88.0,1.0,0.0,35.0
2025-02-16 16:15:00,Reims,Angers,0,1,2024,Angers,Reims,0,1,0,win,20250216_Reims_Angers,2.43148,2.43148,37.0,69.6,1.0,0.0,31.0
2025-02-16 19:45:00,Rennes,Lille,0,2,2024,Lille,Rennes,0,2,0,win,20250216_Rennes_Lille,3.01977,2.25968,63.0,86.7,1.0,0.0,19.0
2025-02-21 19:45:00,Rennes,Reims,1,0,2024,Reims,Rennes,0,0,1,loss,20250221_Rennes_Reims,0.160269,0.160269,42.0,80.4,2.0,2.0,32.0
2025-02-22 20:05:00,Auxerre,Marseille,3,0,2024,Marseille,Auxerre,0,0,3,loss,20250222_Auxerre_Marseille,1.22185,1.22185,79.0,89.0,3.0,1.0,18.0
2025-02-22 16:00:00,Lille,Monaco,2,1,2024,Monaco,Lille,0,1,2,loss,20250222_Lille_Monaco,2.78007,2.78007,57.0,88.2,2.0,0.0,21.0
2025-02-22 18:00:00,Saint-Etienne,Angers,3,3,2024,Angers,Saint-Etienne,0,3,3,draw,20250222_Saint-Etienne_Angers,3.1805,1.66031,39.0,75.8,0.0,0.0,31.0
2025-02-23 16:15:00,Le Havre,Toulouse,1,4,2024,Toulouse,Le Havre,0,4,1,win,20250223_Le Havre_Toulouse,2.60783,1.84774,46.0,84.2,2.0,0.0,37.0
2025-02-23 19:45:00,Lyon,Paris Saint Germain,2,3,2024,Paris Saint Germain,Lyon,0,3,2,win,20250223_Lyon_Paris Saint Germain,2.74583,2.74583,,,,,
2025-02-23 14:00:00,Nantes,Lens,3,1,2024,Lens,Nantes,0,1,3,loss,20250223_Nantes_Lens,2.06191,1.30181,65.0,85.1,4.0,1.0,17.0
2025-02-23 16:15:00,Nice,Montpellier,2,0,2024,Montpellier,Nice,0,0,2,loss,20250223_Nice_Montpellier,0.916772,0.916772,44.0,74.4,1.0,0.0,26.0
2025-02-23 16:15:00,Strasbourg,Brest,0,0,2024,Brest,Strasbourg,0,0,0,draw,20250223_Strasbourg_Brest,0.498988,0.498988,43.0,77.9,1.0,0.0,37.0
2025-02-28 19:45:00,Monaco,Reims,3,0,2024,Reims,Monaco,0,0,3,loss,20250228_Monaco_Reims,0.722972,0.722972,44.0,79.2,0.0,0.0,30.0
2025-03-01 18:00:00,Lens,Le Havre,3,4,2024,Le Havre,Lens,0,4,3,win,20250301_Lens_Le Havre,1.73131,0.971219,31.0,76.6,2.0,0.0,43.0
2025-03-01 20:05:00,Paris Saint Germain,Lille,4,1,2024,Lille,Paris Saint Germain,0,1,4,loss,20250301_Paris Saint Germain_Lille,0.872733,0.872733,42.0,84.4,2.0,0.0,17.0
2025-03-01 16:00:00,Saint-Etienne,Nice,1,3,2024,Nice,Saint-Etienne,0,3,1,win,20250301_Saint-Etienne_Nice,2.41374,2.41374,38.0,78.9,1.0,0.0,24.0
2025-03-02 16:15:00,Angers,Toulouse,0,4,2024,Toulouse,Angers,0,4,0,win,20250302_Angers_Toulouse,4.43647,4.43647,54.0,79.0,3.0,0.0,25.0
2025-03-02 16:15:00,Auxerre,Strasbourg,0,1,2024,Strasbourg,Auxerre,0,1,0,win,20250302_Auxerre_Strasbourg,1.52559,1.52559,55.0,84.2,3.0,1.0,34.0
2025-03-02 14:00:00,Lyon,Brest,2,1,2024,Brest,Lyon,0,1,2,loss,20250302_Lyon_Brest,1.89282,1.13273,34.0,73.4,1.0,0.0,19.0
2025-03-02 19:45:00,Marseille,Nantes,2,0,2024,Nantes,Marseille,0,0,2,loss,20250302_Marseille_Nantes,0.838148,0.838148,26.0,71.3,2.0,0.0,19.0
2025-03-02 16:15:00,Montpellier,Rennes,0,4,2024,Rennes,Montpellier,0,4,0,win,20250302_Montpellier_Rennes,2.49604,1.54646,54.0,81.0,1.0,0.0,39.0
2025-03-07 19:45:00,Toulouse,Monaco,1,1,2024,Monaco,Toulouse,0,1,1,draw,20250307_Toulouse_Monaco,2.8576,2.8576,50.0,77.7,3.0,0.0,28.0
2025-03-08 18:00:00,Lille,Montpellier,1,0,2024,Montpellier,Lille,0,0,1,loss,20250308_Lille_Montpellier,0.305936,0.305936,24.0,73.4,3.0,0.0,28.0
2025-03-08 20:05:00,Marseille,Lens,0,1,2024,Lens,Marseille,0,1,0,win,20250308_Marseille_Lens,1.23993,1.23993,25.0,70.9,1.0,0.0,40.0
2025-03-08 16:00:00,Rennes,Paris Saint Germain,1,4,2024,Paris Saint Germain,Rennes,0,4,1,win,20250308_Rennes_Paris Saint Germain,3.39834,3.39834,,,,,
2025-03-09 14:00:00,Brest,Angers,2,0,2024,Angers,Brest,0,0,2,loss,20250309_Brest_Angers,0.48923,0.48923,50.0,81.2,1.0,0.0,33.0
2025-03-09 16:15:00,Le Havre,Saint-Etienne,1,1,2024,Saint-Etienne,Le Havre,0,1,1,draw,20250309_Le Havre_Saint-Etienne,1.3916,1.3916,,,,,
2025-03-09 16:15:00,Nantes,Strasbourg,0,1,2024,Strasbourg,Nantes,0,1,0,win,20250309_Nantes_Strasbourg,1.17018,1.17018,60.0,85.6,1.0,0.0,22.0
2025-03-09 19:45:00,Nice,Lyon,0,2,2024,Lyon,Nice,0,2,0,win,20250309_Nice_Lyon,0.78019,0.78019,63.0,87.0,2.0,0.0,28.0
2025-03-09 16:15:00,Reims,Auxerre,0,2,2024,Auxerre,Reims,0,2,0,win,20250309_Reims_Auxerre,1.87605,1.87605,43.0,77.3,1.0,0.0,33.0
2025-03-14 19:45:00,Nice,Auxerre,1,1,2024,Auxerre,Nice,0,1,1,draw,20250314_Nice_Auxerre,0.606081,0.606081,49.0,79.5,3.0,0.0,22.0
2025-03-15 18:00:00,Angers,Monaco,0,2,2024,Monaco,Angers,0,2,0,win,20250315_Angers_Monaco,2.03553,1.27543,56.0,81.3,2.0,0.0,18.0
2025-03-15 20:05:00,Lens,Rennes,1,0,2024,Rennes,Lens,0,0,1,loss,20250315_Lens_Rennes,0.653605,0.653605,54.0,79.4,1.0,0.0,24.0
2025-03-15 16:00:00,Nantes,Lille,1,0,2024,Lille,Nantes,0,0,1,loss,20250315_Nantes_Lille,2.45036,2.45036,68.0,89.1,3.0,0.0,17.0
2025-03-16 16:15:00,Brest,Reims,0,0,2024,Reims,Brest,0,0,0,draw,20250316_Brest_Reims,0.985266,0.985266,29.0,71.7,3.0,0.0,51.0
2025-03-16 14:00:00,Lyon,Le Havre,4,2,2024,Le Havre,Lyon,0,2,4,loss,20250316_Lyon_Le Havre,1.56105,0.800956,33.0,78.7,3.0,0.0,27.0
2025-03-16 16:15:00,Montpellier,Saint-Etienne,0,2,2024,Saint-Etienne,Montpellier,0,2,0,win,20250316_Montpellier_Saint-Etienne,1.13788,1.13788,,,,,
2025-03-16 19:45:00,Paris Saint Germain,Marseille,3,1,2024,Marseille,Paris Saint Germain,0,1,3,loss,20250316_Paris Saint Germain_Marseille,0.734284,0.734284,40.0,83.1,0.0,0.0,15.0
2025-03-16 16:15:00,Strasbourg,Toulouse,2,1,2024,Toulouse,Strasbourg,0,1,2,loss,20250316_Strasbourg_Toulouse,1.39687,1.39687,43.0,81.8,2.0,0.0,20.0
2025-03-28 19:45:00,Strasbourg,Lyon,4,2,2024,Lyon,Strasbourg,0,2,4,loss,20250328_Strasbourg_Lyon,2.87161,2.11152,60.0,87.0,2.0,0.0,11.0
2025-03-29 20:05:00,Monaco,Nice,2,1,2024,Nice,Monaco,0,1,2,loss,20250329_Monaco_Nice,0.60151,0.60151,42.0,79.5,4.0,1.0,31.0
2025-03-29 16:00:00,Reims,Marseille,3,1,2024,Marseille,Reims,0,1,3,loss,20250329_Reims_Marseille,1.07885,1.07885,80.0,85.7,0.0,0.0,13.0
2025-03-29 18:00:00,Saint-Etienne,Paris Saint Germain,1,6,2024,Paris Saint Germain,Saint-Etienne,0,6,1,win,20250329_Saint-Etienne_Paris Saint Germain,3.96021,3.20012,,,,,
2025-03-30 16:15:00,Angers,Rennes,0,3,2024,Rennes,Angers,0,3,0,win,20250330_Angers_Rennes,1.63382,1.63382,57.0,88.6,0.0,0.0,29.0
2025-03-30 16:15:00,Auxerre,Montpellier,1,0,2024,Montpellier,Auxerre,0,0,1,loss,20250330_Auxerre_Montpellier,0.457017,0.457017,47.0,77.1,1.0,0.0,24.0
2025-03-30 16:15:00,Le Havre,Nantes,3,2,2024,Nantes,Le Havre,0,2,3,loss,20250330_Le Havre_Nantes,1.06585,1.06585,48.0,80.8,2.0,0.0,29.0
2025-03-30 19:45:00,Lille,Lens,1,0,2024,Lens,Lille,0,0,1,loss,20250330_Lille_Lens,0.596446,0.596446,55.0,86.2,3.0,0.0,21.0
2025-03-30 14:00:00,Toulouse,Brest,2,4,2024,Brest,Toulouse,0,4,2,win,20250330_Toulouse_Brest,1.99117,1.99117,47.0,76.8,5.0,0.0,30.0
2025-04-04 18:45:00,Nice,Nantes,1,2,2024,Nantes,Nice,0,2,1,win,20250404_Nice_Nantes,0.945149,0.945149,24.0,60.0,1.0,0.0,59.0
2025-04-05 17:00:00,Brest,Monaco,2,1,2024,Monaco,Brest,0,1,2,loss,20250405_Brest_Monaco,1.75483,0.994731,59.0,80.1,2.0,0.0,19.0
2025-04-05 19:05:00,Lyon,Lille,2,1,2024,Lille,Lyon,0,1,2,loss,20250405_Lyon_Lille,0.656931,0.656931,44.0,85.4,2.0,0.0,18.0
2025-04-05 15:00:00,Paris Saint Germain,Angers,1,0,2024,Angers,Paris Saint Germain,0,0,1,loss,20250405_Paris Saint Germain_Angers,0.280438,0.280438,19.0,73.7,3.0,0.0,24.0
2025-04-06 13:00:00,Lens,Saint-Etienne,1,0,2024,Saint-Etienne,Lens,0,0,1,loss,20250406_Lens_Saint-Etienne,1.69228,0.911923,,,,,
2025-04-06 18:45:00,Marseille,Toulouse,3,2,2024,Toulouse,Marseille,0,2,3,loss,20250406_Marseille_Toulouse,1.30619,1.30619,33.0,81.2,3.0,0.0,24.0
2025-04-06 15:15:00,Montpellier,Le Havre,0,2,2024,Le Havre,Montpellier,0,2,0,win,20250406_Montpellier_Le Havre,1.72977,1.72977,45.0,81.4,1.0,0.0,30.0
2025-04-06 15:15:00,Reims,Strasbourg,0,1,2024,Strasbourg,Reims,0,1,0,win,20250406_Reims_Strasbourg,2.80314,2.80314,52.0,85.2,2.0,1.0,33.0
2025-04-06 15:15:00,Rennes,Auxerre,0,1,2024,Auxerre,Rennes,0,1,0,win,20250406_Rennes_Auxerre,1.10602,1.10602,37.0,79.7,0.0,0.0,27.0
2025-04-11 18:45:00,Lens,Reims,0,2,2024,Reims,Lens,0,2,0,win,20250411_Lens_Reims,1.44859,1.44859,30.0,72.6,0.0,0.0,79.0
2025-04-12 15:00:00,Monaco,Marseille,3,0,2024,Marseille,Monaco,0,0,3,loss,20250412_Monaco_Marseille,0.877673,0.877673,58.0,84.3,1.0,0.0,21.0
2025-04-12 19:05:00,Strasbourg,Nice,2,2,2024,Nice,Strasbourg,0,2,2,draw,20250412_Strasbourg_Nice,1.83829,1.83829,53.0,82.3,2.0,0.0,17.0
2025-04-12 17:00:00,Toulouse,Lille,1,2,2024,Lille,Toulouse,0,2,1,win,20250412_Toulouse_Lille,0.599675,0.599675,57.0,86.9,2.0,0.0,26.0
2025-04-13 15:15:00,Angers,Montpellier,2,0,2024,Montpellier,Angers,0,0,2,loss,20250413_Angers_Montpellier,0.452518,0.452518,63.0,87.5,2.0,0.0,21.0
2025-04-13 18:45:00,Auxerre,Lyon,1,3,2024,Lyon,Auxerre,0,3,1,win,20250413_Auxerre_Lyon,3.11801,2.35791,59.0,85.7,1.0,0.0,21.0
2025-04-13 15:15:00,Le Havre,Rennes,1,5,2024,Rennes,Le Havre,0,5,1,win,20250413_Le Havre_Rennes,3.72188,3.72188,44.0,80.3,3.0,0.0,36.0
2025-04-13 13:00:00,Saint-Etienne,Brest,3,3,2024,Brest,Saint-Etienne,0,3,3,draw,20250413_Saint-Etienne_Brest,2.01379,2.01379,41.0,74.9,4.0,0.0,29.0
2025-04-18 18:45:00,Rennes,Nantes,2,1,2024,Nantes,Rennes,0,1,2,loss,20250418_Rennes_Nantes,0.702331,0.702331,36.0,77.8,5.0,1.0,29.0
2025-04-19 19:05:00,Marseille,Montpellier,5,1,2024,Montpellier,Marseille,0,1,5,loss,20250419_Marseille_Montpellier,0.304052,0.304052,32.0,81.8,2.0,0.0,28.0
2025-04-19 17:00:00,Monaco,Strasbourg,0,0,2024,Strasbourg,Monaco,0,0,0,draw,20250419_Monaco_Strasbourg,0.340219,0.340219,53.0,84.9,3.0,0.0,24.0
2025-04-19 15:00:00,Paris Saint Germain,Le Havre,2,1,2024,Le Havre,Paris Saint Germain,0,1,2,loss,20250419_Paris Saint Germain_Le Havre,0.709291,0.709291,30.0,78.6,0.0,0.0,21.0
2025-04-20 15:15:00,Brest,Lens,1,3,2024,Lens,Brest,0,3,1,win,20250420_Brest_Lens,2.98551,2.22541,56.0,85.3,0.0,0.0,28.0
2025-04-20 13:00:00,Lille,Auxerre,3,1,2024,Auxerre,Lille,0,1,3,loss,20250420_Lille_Auxerre,0.280948,0.280948,44.0,80.4,2.0,0.0,22.0
2025-04-20 15:15:00,Nice,Angers,2,1,2024,Angers,Nice,0,1,2,loss,20250420_Nice_Angers,0.278639,0.278639,47.0,81.9,1.0,0.0,23.0
2025-04-20 15:15:00,Reims,Toulouse,1,0,2024,Toulouse,Reims,0,0,1,loss,20250420_Reims_Toulouse,1.32734,1.32734,48.0,79.3,0.0,1.0,13.0
2025-04-20 18:45:00,Saint-Etienne,Lyon,2,1,2024,Lyon,Saint-Etienne,0,1,2,loss,20250420_Saint-Etienne_Lyon,0.632299,0.632299,60.0,86.3,4.0,0.0,22.0
2025-04-22 18:45:00,Nantes,Paris Saint Germain,1,1,2024,Paris Saint Germain,Nantes,0,1,1,draw,20250422_Nantes_Paris Saint Germain,2.30552,2.30552,,,,,
2025-04-25 18:45:00,Paris Saint Germain,Nice,1,3,2024,Nice,Paris Saint Germain,0,3,1,win,20250425_Paris Saint Germain_Nice,1.63001,1.63001,25.0,76.3,1.0,0.0,33.0
2025-04-26 17:00:00,Le Havre,Monaco,1,1,2024,Monaco,Le Havre,0,1,1,draw,20250426_Le Havre_Monaco,3.28954,3.28954,61.0,80.7,0.0,0.0,18.0
2025-04-26 19:05:00,Lyon,Rennes,4,1,2024,Rennes,Lyon,0,1,4,loss,20250426_Lyon_Rennes,0.781584,0.781584,47.0,85.6,0.0,0.0,13.0
2025-04-26 15:00:00,Strasbourg,Saint-Etienne,3,1,2024,Saint-Etienne,Strasbourg,0,1,3,loss,20250426_Strasbourg_Saint-Etienne,2.2201,2.2201,,,,,
2025-04-27 13:00:00,Angers,Lille,0,2,2024,Lille,Angers,0,2,0,win,20250427_Angers_Lille,2.22596,2.22596,63.0,86.1,5.0,1.0,24.0
2025-04-27 15:15:00,Lens,Auxerre,0,4,2024,Auxerre,Lens,0,4,0,win,20250427_Lens_Auxerre,2.38411,2.38411,35.0,77.8,4.0,0.0,39.0
2025-04-27 18:45:00,Marseille,Brest,4,1,2024,Brest,Marseille,0,1,4,loss,20250427_Marseille_Brest,2.00913,2.00913,46.0,82.3,4.0,0.0,14.0
2025-04-27 15:15:00,Montpellier,Reims,0,0,2024,Reims,Montpellier,0,0,0,draw,20250427_Montpellier_Reims,1.03714,1.03714,47.0,84.0,3.0,0.0,19.0
2025-04-27 15:15:00,Nantes,Toulouse,0,0,2024,Toulouse,Nantes,0,0,0,draw,20250427_Nantes_Toulouse,0.410988,0.410988,41.0,75.6,3.0,1.0,21.0
2025-05-02 18:45:00,Nice,Reims,1,0,2024,Reims,Nice,0,0,1,loss,20250502_Nice_Reims,0.876237,0.876237,45.0,78.8,2.0,0.0,35.0
2025-05-03 19:05:00,Saint-Etienne,Monaco,1,3,2024,Monaco,Saint-Etienne,0,3,1,win,20250503_Saint-Etienne_Monaco,1.84407,1.84407,41.0,74.1,0.0,0.0,22.0
2025-05-03 15:00:00,Strasbourg,Paris Saint Germain,2,1,2024,Paris Saint Germain,Strasbourg,0,1,2,loss,20250503_Strasbourg_Paris Saint Germain,2.35931,2.35931,,,,,
2025-05-03 17:00:00,Toulouse,Rennes,2,1,2024,Rennes,Toulouse,0,1,2,loss,20250503_Toulouse_Rennes,1.57739,1.57739,61.0,87.4,2.0,0.0,21.0
2025-05-04 15:15:00,Auxerre,Le Havre,1,2,2024,Le Havre,Auxerre,0,2,1,win,20250504_Auxerre_Le Havre,1.30285,1.30285,53.0,81.7,1.0,0.0,30.0
2025-05-04 15:15:00,Brest,Montpellier,1,0,2024,Montpellier,Brest,0,0,1,loss,20250504_Brest_Montpellier,0.413817,0.413817,37.0,81.2,2.0,0.0,27.0
2025-05-04 18:45:00,Lille,Marseille,1,1,2024,Marseille,Lille,0,1,1,draw,20250504_Lille_Marseille,1.42571,1.42571,59.0,88.1,2.0,0.0,7.0
2025-05-04 15:15:00,Lyon,Lens,1,2,2024,Lens,Lyon,0,2,1,win,20250504_Lyon_Lens,0.952824,0.952824,32.0,79.5,3.0,0.0,54.0
2025-05-04 13:00:00,Nantes,Angers,0,1,2024,Angers,Nantes,0,1,0,win,20250504_Nantes_Angers,0.727966,0.727966,42.0,79.3,3.0,0.0,43.0
2025-05-10 19:00:00,Angers,Strasbourg,2,1,2024,Strasbourg,Angers,0,1,2,loss,20250510_Angers_Strasbourg,0.710143,0.710143,71.0,89.5,2.0,0.0,18.0
2025-05-10 19:00:00,Auxerre,Nantes,1,1,2024,Nantes,Auxerre,0,1,1,draw,20250510_Auxerre_Nantes,0.823377,0.823377,39.0,81.5,1.0,0.0,26.0
2025-05-10 19:00:00,Brest,Lille,2,0,2024,Lille,Brest,0,0,2,loss,20250510_Brest_Lille,1.84479,1.84479,61.0,82.7,1.0,0.0,20.0
2025-05-10 19:00:00,Le Havre,Marseille,1,3,2024,Marseille,Le Havre,0,3,1,win,20250510_Le Havre_Marseille,2.16132,2.16132,54.0,84.8,2.0,0.0,19.0
2025-05-10 19:00:00,Monaco,Lyon,2,0,2024,Lyon,Monaco,0,0,2,loss,20250510_Monaco_Lyon,0.390411,0.390411,49.0,79.2,4.0,0.0,25.0
2025-05-10 19:00:00,Montpellier,Paris Saint Germain,1,4,2024,Paris Saint Germain,Montpellier,0,4,1,win,20250510_Montpellier_Paris Saint Germain,1.78222,1.02213,,,,,
2025-05-10 19:00:00,Reims,Saint-Etienne,0,2,2024,Saint-Etienne,Reims,0,2,0,win,20250510_Reims_Saint-Etienne,0.71062,0.71062,,,,,
2025-05-10 19:00:00,Rennes,Nice,2,0,2024,Nice,Rennes,0,0,2,loss,20250510_Rennes_Nice,1.23457,1.23457,50.0,78.1,1.0,0.0,17.0
2025-05-10 19:00:00,Toulouse,Lens,1,1,2024,Lens,Toulouse,0,1,1,draw,20250510_Toulouse_Lens,0.766404,0.766404,60.0,87.0,5.0,0.0,27.0
2025-05-17 19:00:00,Lens,Monaco,4,0,2024,Monaco,Lens,0,0,4,loss,20250517_Lens_Monaco,0.481188,0.481188,54.0,85.6,1.0,1.0,16.0
2025-05-17 19:00:00,Lille,Reims,2,1,2024,Reims,Lille,0,1,2,loss,20250517_Lille_Reims,0.0983246,0.0983246,22.0,65.2,1.0,0.0,41.0
2025-05-17 19:00:00,Lyon,Angers,2,0,2024,Angers,Lyon,0,0,2,loss,20250517_Lyon_Angers,0.556633,0.556633,43.0,81.9,3.0,0.0,26.0
2025-05-17 19:00:00,Marseille,Rennes,4,2,2024,Rennes,Marseille,0,2,4,loss,20250517_Marseille_Rennes,1.40321,1.40321,40.0,81.1,3.0,0.0,15.0
2025-05-17 19:00:00,Nantes,Montpellier,3,0,2024,Montpellier,Nantes,0,0,3,loss,20250517_Nantes_Montpellier,0.602786,0.602786,56.0,88.4,1.0,0.0,20.0
2025-05-17 19:00:00,Nice,Brest,6,0,2024,Brest,Nice,0,0,6,loss,20250517_Nice_Brest,0.68904,0.68904,58.0,85.3,5.0,0.0,13.0
2025-05-17 19:00:00,Paris Saint Germain,Auxerre,3,1,2024,Auxerre,Paris Saint Germain,0,1,3,loss,20250517_Paris Saint Germain_Auxerre,0.9013,0.9013,34.0,78.3,2.0,0.0,24.0
2025-05-17 19:00:00,Saint-Etienne,Toulouse,2,3,2024,Toulouse,Saint-Etienne,0,3,2,win,20250517_Saint-Etienne_Toulouse,3.82215,3.82215,43.0,81.6,2.0,0.0,37.0
2025-05-17 19:00:00,Strasbourg,Le Havre,2,3,2024,Le Havre,Strasbourg,0,3,2,win,20250517_Strasbourg_Le Havre,2.49529,0.975097,50.0,81.9,0.0,0.0,20.0
