match_id,date,season,home,away,home_goals,home_conceded,home_xg,home_npxg,home_poss,home_pass_acc,home_yellow_cards,home_red_cards,home_clearances,home_xg_l3,home_xg_l5,home_xg_l10,home_xg_exp80,home_npxg_l3,home_npxg_l5,home_npxg_l10,home_npxg_exp80,home_poss_l3,home_poss_l5,home_poss_l10,home_poss_exp80,home_pass_acc_l3,home_pass_acc_l5,home_pass_acc_l10,home_pass_acc_exp80,home_gf_sum_l3,home_gf_sum_l5,home_gf_sum_l10,home_ga_sum_l3,home_ga_sum_l5,home_ga_sum_l10,home_yellow_cards_sum_l3,home_yellow_cards_sum_l5,home_yellow_cards_sum_l10,home_red_cards_sum_l3,home_red_cards_sum_l5,home_red_cards_sum_l10,home_clearances_sum_l3,home_clearances_sum_l5,home_clearances_sum_l10,away_goals,away_conceded,away_xg,away_npxg,away_poss,away_pass_acc,away_yellow_cards,away_red_cards,away_clearances,away_xg_l3,away_xg_l5,away_xg_l10,away_xg_exp80,away_npxg_l3,away_npxg_l5,away_npxg_l10,away_npxg_exp80,away_poss_l3,away_poss_l5,away_poss_l10,away_poss_exp80,away_pass_acc_l3,away_pass_acc_l5,away_pass_acc_l10,away_pass_acc_exp80,away_gf_sum_l3,away_gf_sum_l5,away_gf_sum_l10,away_ga_sum_l3,away_ga_sum_l5,away_ga_sum_l10,away_yellow_cards_sum_l3,away_yellow_cards_sum_l5,away_yellow_cards_sum_l10,away_red_cards_sum_l3,away_red_cards_sum_l5,away_red_cards_sum_l10,away_clearances_sum_l3,away_clearances_sum_l5,away_clearances_sum_l10,result,home_xg_diff,home_npxg_diff,home_poss_diff,home_pass_acc_diff,home_xg_l3_diff,home_xg_l5_diff,home_xg_l10_diff,home_xg_exp80_diff,home_npxg_l3_diff,home_npxg_l5_diff,home_npxg_l10_diff,home_npxg_exp80_diff,home_poss_l3_diff,home_poss_l5_diff,home_poss_l10_diff,home_poss_exp80_diff,home_pass_acc_l3_diff,home_pass_acc_l5_diff,home_pass_acc_l10_diff,home_pass_acc_exp80_diff
20220814_Ajaccio_Lens,2022-08-14 13:00:00,2022,Ajaccio,Lens,0,0,0.707316,0.707316,0.36,0.7140000000000001,5.0,0.0,21.0,1.13852,1.13852,1.13852,1.13852,0.378421,0.378421,0.378421,0.378421,0.33,0.33,0.33,0.33,0.72,0.72,0.72,0.72,1.0,1.0,1.0,2.0,2.0,2.0,6.0,6.0,6.0,1.0,1.0,1.0,8.0,8.0,8.0,0,0,1.02754,1.02754,0.64,0.8290000000000001,2.0,0.0,16.0,1.5602433333333332,1.515376,1.4939764,2.7386595972410235,1.3068766666666665,1.363356,1.1899506,2.1305251022559197,0.54,0.504,0.4680000000000001,0.5689260138121943,0.7933333333333333,0.8197999999999999,0.7891999999999999,0.8190882980923893,3.0,4.0,14.0,5.0,10.0,15.0,7.0,12.0,28.0,0.0,1.0,4.0,46.0,68.0,227.0,0,-0.32022399999999995,-0.32022399999999995,-0.28,-0.11499999999999999,-0.42172333333333323,-0.3768560000000001,-0.3554564,-1.6001395972410235,-0.9284556666666665,-0.984935,-0.8115296,-1.7521041022559198,-0.21000000000000002,-0.174,-0.13800000000000007,-0.2389260138121943,-0.07333333333333336,-0.09979999999999989,-0.06919999999999993,-0.09908829809238928
20220826_Ajaccio_Lille,2022-08-26 19:00:00,2022,Ajaccio,Lille,1,3,0.513092,0.513092,0.42,0.711,3.0,0.0,9.0,1.0961753333333333,1.0961753333333333,1.0961753333333333,1.31286336,0.5894436666666666,0.5894436666666666,0.5894436666666666,0.6743826,0.38000000000000006,0.38000000000000006,0.38000000000000006,0.4308,0.7060000000000001,0.7060000000000001,0.7060000000000001,0.69024,2.0,2.0,2.0,4.0,4.0,4.0,13.0,13.0,13.0,1.0,1.0,1.0,39.0,39.0,39.0,3,1,1.80552,1.04543,0.58,0.815,2.0,0.0,30.0,1.7792466666666666,1.5600726,1.3386972,1.6613290811950778,1.779246666666667,1.4080526,1.1866781,1.6562698578990778,0.5866666666666666,0.556,0.5509999999999999,0.5169529868221986,0.8673333333333333,0.851,0.8438000000000001,0.8841002989998881,6.0,8.0,19.0,9.0,10.0,13.0,8.0,11.0,23.0,0.0,0.0,0.0,42.0,71.0,158.0,-1,-1.2924280000000001,-0.5323380000000001,-0.15999999999999998,-0.10399999999999998,-0.6830713333333334,-0.46389726666666675,-0.24252186666666664,-0.3484657211950779,-1.1898030000000004,-0.8186089333333334,-0.5972344333333334,-0.9818872578990777,-0.2066666666666665,-0.176,-0.17099999999999987,-0.08615298682219857,-0.16133333333333322,-0.1449999999999999,-0.13780000000000003,-0.1938602989998881
20220904_Ajaccio_Lorient,2022-09-04 13:00:00,2022,Ajaccio,Lorient,0,1,0.520351,0.520351,0.58,0.757,4.0,0.0,10.0,0.9499943333333335,0.9391638,0.9391638,0.8499700544,0.696629,0.6351248,0.6351248,0.824430824,0.49666666666666665,0.43599999999999994,0.43599999999999994,0.580432,0.7370000000000001,0.729,0.729,0.7941696,2.0,3.0,3.0,7.0,9.0,9.0,9.0,20.0,20.0,1.0,2.0,2.0,28.0,57.0,57.0,1,0,0.509049,0.509049,0.42,0.6970000000000001,1.0,0.0,34.0,2.626946666666667,1.8216846,1.7140222999999999,1.8142330645652711,1.8668533333333335,1.3656286000000002,1.3339751,1.6437702174894837,0.43333333333333335,0.43200000000000005,0.4149999999999999,0.41847964402274274,0.8263333333333334,0.8145999999999999,0.7986,0.8328539476852662,6.0,8.0,19.0,8.0,9.0,18.0,5.0,7.0,15.0,0.0,0.0,1.0,55.0,87.0,187.0,-1,0.011302000000000034,0.011302000000000034,0.15999999999999998,0.05999999999999994,-1.6769523333333334,-0.8825208,-0.7748584999999999,-0.9642630101652712,-1.1702243333333335,-0.7305038000000001,-0.6988502999999999,-0.8193393934894837,0.0633333333333333,0.0039999999999998925,0.02100000000000002,0.1619523559772572,-0.08933333333333326,-0.0855999999999999,-0.0696,-0.038684347685266185
20220911_Ajaccio_Nice,2022-09-11 13:00:00,2022,Ajaccio,Nice,0,1,0.427838,0.427838,0.45,0.7120000000000001,1.0,0.0,10.0,0.642548,0.8155300000000001,0.8693616666666667,0.58627481088,0.642548,0.6635108000000001,0.6159958333333333,0.5811669648,0.54,0.48599999999999993,0.45999999999999996,0.5800863999999999,0.7613333333333333,0.7363999999999999,0.7336666666666667,0.76443392,1.0,2.0,3.0,6.0,8.0,10.0,11.0,18.0,24.0,1.0,1.0,2.0,28.0,59.0,67.0,1,0,1.0495,1.0495,0.55,0.8029999999999999,5.0,0.0,17.0,1.1566340000000002,1.3222944,1.2489652000000002,1.1883100455091502,0.6499052000000001,0.8662373200000001,1.02093666,0.9441072942901466,0.4633333333333334,0.492,0.5250000000000001,0.4966821863827667,0.797,0.8146000000000001,0.8321999999999999,0.8041574925155248,2.0,3.0,10.0,5.0,7.0,16.0,7.0,10.0,20.0,0.0,2.0,4.0,57.0,85.0,141.0,-1,-0.6216620000000002,-0.6216620000000002,-0.10000000000000003,-0.09099999999999986,-0.5140860000000002,-0.5067644,-0.3796035333333335,-0.6020352346291502,-0.007357200000000064,-0.20272652000000002,-0.40494082666666675,-0.36294032949014665,0.07666666666666666,-0.006000000000000061,-0.06500000000000017,0.08340421361723321,-0.035666666666666735,-0.07820000000000016,-0.09853333333333325,-0.03972357251552483
20221002_Ajaccio_Clermont Foot,2022-10-02 13:00:00,2022,Ajaccio,Clermont Foot,1,3,1.28297,1.28297,0.52,0.763,3.0,0.0,17.0,0.4866993333333333,0.5734782,0.7694896250000001,0.5014322724351999,0.4866993333333333,0.5734782,0.5794652499999999,0.501227958592,0.48,0.4959999999999999,0.4525,0.423203456,0.7040000000000001,0.7278,0.719625,0.6588973568000001,1.0,2.0,4.0,2.0,7.0,11.0,7.0,14.0,27.0,0.0,1.0,2.0,45.0,63.0,102.0,3,1,1.29246,1.29246,0.48,0.765,3.0,0.0,23.0,1.2421586666666666,0.8646252000000001,0.8496795,1.2113955078656,1.2421586666666666,0.8646252000000001,0.7546673749999999,1.2113565908992,0.4966666666666666,0.49799999999999994,0.49124999999999996,0.56956544,0.762,0.7756000000000001,0.8023750000000001,0.7964293120000001,3.0,4.0,9.0,3.0,6.0,13.0,6.0,11.0,17.0,0.0,1.0,1.0,62.0,88.0,130.0,-1,-0.009489999999999998,-0.009489999999999998,0.040000000000000036,-0.0020000000000000018,-0.7554593333333333,-0.29114700000000004,-0.08018987499999997,-0.7099632354304001,-0.7554593333333333,-0.29114700000000004,-0.175202125,-0.7101286323071999,-0.016666666666666607,-0.0020000000000000573,-0.03874999999999995,-0.146361984,-0.05799999999999994,-0.047800000000000065,-0.0827500000000001,-0.13753195520000006
20221021_Ajaccio_Paris Saint Germain,2022-10-21 19:00:00,2022,Ajaccio,Paris Saint Germain,0,3,0.301593,0.301593,0.35,0.773,0.0,0.0,12.0,1.09446,0.8446254,0.8300777,1.5403320981794817,0.8410933333333332,0.6926054,0.6780581,0.932250463668736,0.4566666666666667,0.446,0.466,0.469625627648,0.742,0.7162,0.7263,0.7636071788544,4.0,5.0,7.0,5.0,6.0,14.0,6.0,9.0,27.0,0.0,0.0,1.0,64.0,99.0,158.0,3,0,2.90657,2.90657,,,,,,1.6060289999999997,1.6714213999999998,2.6216367000000003,2.6071254977441347,1.6060290000000002,1.6714213999999998,2.3936087,2.607117076286693,,,,,,,,,3.0,5.0,24.0,1.0,1.0,5.0,,,,,,,,,,-1,-2.604977,-2.604977,,,-0.5115689999999997,-0.8267959999999999,-1.7915590000000003,-1.066793399564653,-0.7649356666666669,-0.9788159999999998,-1.7155506000000003,-1.674866612617957,,,,,,,,
20221105_Ajaccio_Strasbourg,2022-11-05 16:00:00,2022,Ajaccio,Strasbourg,4,2,3.68734,1.40705,0.49,0.77,0.0,1.0,21.0,0.8793586666666667,0.8170412,0.6952597,0.5100545639271793,0.625992,0.6650212,0.6192497,0.48573129854674946,0.4766666666666666,0.462,0.479,0.54678502510592,0.7869999999999999,0.7612,0.7445,0.7998242871541761,1.0,4.0,6.0,5.0,9.0,16.0,2.0,7.0,21.0,1.0,1.0,2.0,54.0,93.0,156.0,2,4,0.670138,0.670138,0.51,0.773,4.0,0.0,11.0,0.9631350000000007,1.3846709999999998,1.4714117,1.005668741531394,0.6592840000000003,1.0503419999999999,1.2282382,0.8588395604495982,0.4866666666666668,0.4640000000000001,0.47000000000000003,0.5085714551554493,0.7629999999999999,0.7776,0.764,0.7827850804189754,4.0,8.0,11.0,7.0,12.0,17.0,4.0,5.0,15.0,0.0,1.0,3.0,46.0,76.0,176.0,1,3.0172019999999997,0.7369119999999999,-0.020000000000000018,-0.0030000000000000027,-0.08377633333333401,-0.5676297999999997,-0.776152,-0.4956141776042148,-0.03329200000000032,-0.3853207999999999,-0.6089885,-0.37310826190284874,-0.010000000000000175,-0.0020000000000000573,0.008999999999999952,0.03821356995047065,0.02400000000000002,-0.01639999999999997,-0.019499999999999962,0.01703920673520065
20221228_Ajaccio_Angers,2022-12-28 14:00:00,2022,Ajaccio,Angers,1,0,1.68567,0.925572,0.46,0.7509999999999999,1.0,0.0,21.0,2.1987443333333334,1.7468152,1.1641304,2.537304582557087,1.1852843333333334,0.9867191999999999,0.7840824,1.5634132519418702,0.5166666666666667,0.47800000000000004,0.471,0.47627140100423676,0.763,0.7686000000000001,0.74,0.7247929714861672,6.0,7.0,11.0,5.0,9.0,15.0,5.0,6.0,18.0,2.0,2.0,2.0,64.0,101.0,185.0,0,1,2.13447,2.13447,0.54,0.784,0.0,0.0,16.0,0.5714686666666666,0.8316316,1.3216212999999999,0.5137220802078364,0.5714686666666666,0.8316316,1.2456113,0.5137204612561359,0.4466666666666666,0.418,0.437,0.424422502220076,0.8086666666666668,0.7779999999999999,0.7897000000000001,0.7850859931058151,1.0,4.0,9.0,5.0,10.0,22.0,5.0,10.0,18.0,0.0,0.0,1.0,41.0,68.0,149.0,1,-0.44879999999999987,-1.208898,-0.08000000000000002,-0.03300000000000014,1.6272756666666668,0.9151835999999999,-0.1574909,2.0235825023492504,0.6138156666666668,0.15508759999999988,-0.4615289,1.0496927906857343,0.07000000000000012,0.06000000000000005,0.033999999999999975,0.05184889878416077,-0.045666666666666744,-0.009399999999999853,-0.04970000000000008,-0.06029302161964789
20230111_Ajaccio_Reims,2023-01-11 18:00:00,2022,Ajaccio,Reims,0,1,0.812868,0.812868,0.48,0.657,3.0,0.0,8.0,1.3796102999999997,1.6652807799999998,1.24232859,0.40680010330228344,0.8728809666666666,0.9051851799999999,0.7862707899999999,0.24622877007767477,0.4366666666666667,0.4779999999999999,0.45199999999999996,0.3966508560401695,0.7113333333333333,0.7422,0.7353,0.6859517188594466,3.0,7.0,12.0,4.0,7.0,15.0,6.0,7.0,15.0,0.0,2.0,2.0,62.0,100.0,201.0,1,0,1.16269,1.16269,0.52,0.715,3.0,0.0,27.0,1.578266666666667,1.8854658,1.5988681,1.3021016730191657,1.578266666666667,1.7334458000000001,1.5228581,1.297237030488652,0.41333333333333333,0.45999999999999996,0.438,0.38716469444960827,0.726,0.7408,0.7459,0.766988807930805,5.0,6.0,10.0,3.0,3.0,9.0,5.0,8.0,23.0,0.0,0.0,4.0,59.0,92.0,193.0,-1,-0.34982199999999997,-0.34982199999999997,-0.040000000000000036,-0.05799999999999994,-0.1986563666666672,-0.22018502000000018,-0.35653950999999995,-0.8953015697168822,-0.7053857000000003,-0.8282606200000002,-0.7365873100000002,-1.0510082604109772,0.023333333333333373,0.01799999999999996,0.013999999999999957,0.009486161590561204,-0.014666666666666717,0.0013999999999999568,-0.010600000000000054,-0.08103708907135843
20230129_Ajaccio_Lyon,2023-01-29 16:05:00,2022,Ajaccio,Lyon,0,2,1.44596,1.44596,0.51,0.705,2.0,0.0,8.0,0.35764996666666665,1.03345598,1.16568559,0.3187956841320913,0.3576499666666666,0.72941838,0.70962779,0.31237283080310696,0.4033333333333333,0.42800000000000005,0.442,0.3726660342416067,0.6923333333333334,0.708,0.7353,0.7317580687543779,1.0,4.0,11.0,10.0,12.0,20.0,6.0,11.0,15.0,0.0,0.0,2.0,44.0,91.0,188.0,2,0,2.02729,2.02729,0.49,0.726,3.0,0.0,15.0,1.3070090000000003,1.6524714,1.6155695,2.1350843307735805,1.0536423333333338,1.1964130000000002,1.3875403,1.5211667730134197,0.64,0.6239999999999999,0.59,0.6958209827602659,0.8489999999999999,0.8478000000000001,0.8295999999999999,0.8421287374653227,1.0,6.0,12.0,3.0,6.0,12.0,5.0,8.0,18.0,0.0,0.0,1.0,44.0,69.0,144.0,-1,-0.5813299999999999,-0.5813299999999999,0.020000000000000018,-0.02100000000000002,-0.9493590333333337,-0.61901542,-0.44988391000000005,-1.8162886466414891,-0.6959923666666672,-0.46699462000000014,-0.67791251,-1.2087939422103129,-0.2366666666666667,-0.19599999999999984,-0.14799999999999996,-0.3231549485186592,-0.1566666666666665,-0.13980000000000015,-0.09429999999999994,-0.11037066871094481
20230205_Ajaccio_Nantes,2023-02-05 14:00:00,2022,Ajaccio,Nantes,0,2,0.223431,0.223431,0.43,0.6890000000000001,2.0,1.0,16.0,0.9495636666666666,0.7412119799999999,1.2289555899999998,1.1938254273652835,0.9495636666666666,0.7412119799999999,0.8489077899999999,1.1935685132321243,0.48666666666666664,0.46399999999999997,0.46799999999999997,0.5765066413696642,0.7356666666666666,0.7070000000000001,0.7348000000000001,0.7444703227501751,3.0,3.0,10.0,10.0,13.0,21.0,6.0,10.0,16.0,0.0,0.0,2.0,44.0,67.0,164.0,2,0,1.56852,0.80842,0.57,0.7559999999999999,1.0,0.0,23.0,0.8104040000000001,0.9080314000000002,1.0966171,1.1808150668077462,0.8104040000000001,0.9080313999999999,1.0966171,1.180814942273622,0.45,0.45,0.45400000000000007,0.4139054981744483,0.766,0.7564,0.7598,0.7489712615120419,3.0,4.0,8.0,2.0,2.0,7.0,7.0,10.0,23.0,0.0,0.0,3.0,68.0,109.0,213.0,-1,-1.345089,-0.584989,-0.13999999999999996,-0.06699999999999984,0.13915966666666646,-0.16681942000000027,0.13233848999999975,0.013010360557537348,0.13915966666666646,-0.16681942000000005,-0.24770931000000007,0.01275357095850227,0.036666666666666625,0.013999999999999957,0.013999999999999901,0.1626011431952159,-0.030333333333333434,-0.04939999999999989,-0.02499999999999991,-0.004500938761866746
20230226_Ajaccio_Troyes,2023-02-26 14:00:00,2022,Ajaccio,Troyes,2,1,3.94522,3.18513,0.52,0.759,2.0,0.0,16.0,0.3603093333333333,0.7428076,0.8881317899999999,0.5333533554189223,0.3603093333333332,0.7428075999999999,0.7361129899999999,0.533351300105857,0.41,0.46799999999999997,0.44799999999999995,0.41517205313095734,0.7556666666666666,0.745,0.7264999999999999,0.7892837625820015,0.0,2.0,6.0,8.0,11.0,23.0,4.0,8.0,19.0,1.0,1.0,1.0,39.0,62.0,153.0,1,2,1.40375,1.40375,0.48,0.679,2.0,1.0,21.0,0.4517194666666667,0.70937428,0.67107154,0.1915629482969352,0.45171946666666657,0.5573552800000001,0.59506204,0.186698340296902,0.46666666666666673,0.42400000000000004,0.42300000000000004,0.49997235304482923,0.7723333333333334,0.7545999999999999,0.7737,0.7790076736212859,1.0,3.0,8.0,8.0,13.0,24.0,4.0,9.0,15.0,1.0,1.0,2.0,79.0,134.0,233.0,1,2.54147,1.78138,0.040000000000000036,0.07999999999999996,-0.09141013333333337,0.03343331999999999,0.21706024999999984,0.34179040712198705,-0.09141013333333337,0.18545231999999978,0.1410509499999999,0.34665295980895494,-0.056666666666666754,0.04399999999999993,0.02499999999999991,-0.08480029991387189,-0.01666666666666683,-0.009599999999999942,-0.04720000000000013,0.010276088960715635
20230312_Ajaccio_Montpellier,2023-03-12 14:00:00,2022,Ajaccio,Montpellier,0,1,0.191981,0.191981,0.48,0.696,2.0,0.0,11.0,1.6360020000000002,1.0792076,0.91020979,0.9484813342167568,1.3826386666666666,0.9271896,0.83420079,0.8268668520042344,0.4333333333333333,0.422,0.44299999999999995,0.3878068821252383,0.746,0.742,0.7245,0.7002113505032801,2.0,2.0,5.0,5.0,10.0,23.0,8.0,10.0,20.0,0.0,1.0,1.0,62.0,89.0,156.0,1,0,1.27414,1.27414,0.52,0.727,2.0,0.0,23.0,1.7151870000000002,1.9416638,1.3209322000000001,2.8965200819065373,1.4618236666666673,1.6376258,1.0929034000000002,2.2835831280795578,0.4933333333333334,0.518,0.46499999999999997,0.5618680373871323,0.8053333333333333,0.7891999999999999,0.7642,0.8316259326317619,7.0,10.0,15.0,1.0,3.0,17.0,2.0,4.0,12.0,1.0,1.0,3.0,53.0,71.0,172.0,-1,-1.082159,-1.082159,-0.040000000000000036,-0.031000000000000028,-0.07918500000000006,-0.8624562,-0.4107224100000001,-1.9480387476897805,-0.07918500000000073,-0.7104362,-0.25870261000000017,-1.4567162760753234,-0.06000000000000011,-0.09600000000000003,-0.02200000000000002,-0.17406115526189403,-0.05933333333333335,-0.04719999999999991,-0.03969999999999996,-0.13141458212848178
20230319_Ajaccio_Monaco,2023-03-19 12:00:00,2022,Ajaccio,Monaco,0,2,0.409601,0.409601,0.42,0.705,2.0,1.0,20.0,1.5023636666666669,1.0729175999999998,0.9249577999999999,0.34328106684335136,1.2490003333333333,0.9208995999999999,0.8489487999999998,0.31895817040084684,0.4533333333333333,0.43200000000000005,0.453,0.46156137642504763,0.7130000000000001,0.7434,0.727,0.6968422701006559,2.0,2.0,5.0,3.0,9.0,22.0,8.0,10.0,21.0,0.0,0.0,1.0,61.0,84.0,152.0,2,0,1.45597,1.45597,0.58,0.741,1.0,0.0,7.0,1.495173333333333,1.979962,2.0678270000000003,1.272629731485603,1.4951733333333335,1.979962,1.9918170000000004,1.2726281597523597,0.5533333333333333,0.52,0.513,0.5115340641037229,0.8033333333333333,0.8064,0.7956,0.7763944326826955,2.0,7.0,22.0,6.0,8.0,14.0,2.0,4.0,10.0,0.0,0.0,0.0,22.0,59.0,132.0,-1,-1.0463689999999999,-1.0463689999999999,-0.15999999999999998,-0.03600000000000003,0.007190333333333854,-0.9070444000000002,-1.1428692000000003,-0.9293486646422516,-0.2461730000000002,-1.0590624000000002,-1.1428682000000006,-0.9536699893515128,-0.10000000000000003,-0.08799999999999997,-0.06,-0.0499726876786753,-0.09033333333333327,-0.06300000000000006,-0.0686,-0.07955216258203957
20230409_Ajaccio_Auxerre,2023-04-09 13:00:00,2022,Ajaccio,Auxerre,0,3,0.982688,0.982688,0.57,0.77,1.0,0.0,11.0,0.33785966666666667,1.0657378,0.9042726999999999,0.40886500267373405,0.3378596666666665,0.9137198,0.8282636999999999,0.4078920868160339,0.41,0.42200000000000004,0.445,0.3496624550570019,0.6786666666666665,0.6958,0.7203999999999999,0.6486736908040261,1.0,3.0,5.0,5.0,7.0,18.0,9.0,15.0,23.0,2.0,2.0,3.0,46.0,96.0,158.0,3,0,0.925035,0.925035,0.43,0.73,3.0,0.0,22.0,1.0240503333333333,0.9449196000000001,1.2085713999999999,1.1193787022674515,1.0240503333333333,0.9449196000000001,0.9045338,1.1191059717228478,0.39999999999999997,0.39,0.434,0.39588391730295686,0.682,0.7182000000000001,0.7405,0.6818727765852282,1.0,3.0,8.0,2.0,3.0,10.0,3.0,7.0,14.0,0.0,0.0,0.0,57.0,125.0,197.0,-1,0.057652999999999954,0.057652999999999954,0.13999999999999996,0.040000000000000036,-0.6861906666666666,0.12081819999999988,-0.3042986999999999,-0.7105136995937175,-0.6861906666666668,-0.03119980000000011,-0.07627010000000012,-0.7112138849068139,0.010000000000000009,0.03200000000000003,0.01100000000000001,-0.04622146224595497,-0.0033333333333335213,-0.022400000000000087,-0.020100000000000118,-0.03319908578120201
20230423_Ajaccio_Brest,2023-04-23 13:00:00,2022,Ajaccio,Brest,0,0,0.193609,0.193609,0.44,0.733,2.0,1.0,24.0,0.624536,0.495038,0.7871227999999999,0.5567230801069494,0.6245359999999999,0.495038,0.7111138,0.5566841634726413,0.49,0.47400000000000003,0.44799999999999995,0.56118649820228,0.7283333333333334,0.7172,0.7295999999999999,0.7731469476321611,2.0,2.0,4.0,8.0,11.0,21.0,11.0,15.0,25.0,1.0,2.0,3.0,43.0,74.0,163.0,0,0,0.451465,0.451465,0.56,0.757,2.0,0.0,12.0,1.1797806666666668,1.0901188,0.9644670000000002,0.9984904085994931,1.1797806666666666,0.9381008,0.888458,0.9936258325914911,0.4400000000000001,0.44399999999999995,0.429,0.49540258199006026,0.7566666666666667,0.7732,0.7503,0.7749163861737851,5.0,8.0,12.0,2.0,6.0,14.0,4.0,6.0,16.0,0.0,0.0,1.0,57.0,93.0,237.0,0,-0.257856,-0.257856,-0.12000000000000005,-0.02400000000000002,-0.5552446666666668,-0.5950808,-0.17734420000000028,-0.44176732849254374,-0.5552446666666667,-0.4430628,-0.17734419999999995,-0.4369416691188498,0.04999999999999988,0.030000000000000082,0.01899999999999996,0.06578391621221968,-0.02833333333333332,-0.05600000000000005,-0.02070000000000005,-0.0017694385416240355
20230507_Ajaccio_Toulouse,2023-05-07 13:00:00,2022,Ajaccio,Toulouse,0,0,0.211301,0.211301,0.39,0.75,3.0,0.0,28.0,0.3443246666666666,0.48553179999999996,0.7937247000000001,0.34159996320427793,0.34432466666666645,0.48553179999999996,0.7177157,0.3415984065389056,0.41999999999999993,0.43200000000000005,0.43600000000000005,0.2928474599280912,0.7513333333333333,0.7318,0.7298,0.7410058779052864,1.0,2.0,4.0,6.0,11.0,19.0,9.0,15.0,27.0,1.0,2.0,3.0,58.0,84.0,177.0,0,0,2.52738,2.52738,0.61,0.836,0.0,0.0,16.0,1.0561956666666663,1.4308554,1.4422097,0.5837066398028503,1.0561956666666668,1.4308554,1.4422097,0.5837066372914649,0.4533333333333333,0.488,0.507,0.46740879564128596,0.7926666666666667,0.7952,0.8059,0.7994963317292855,2.0,5.0,9.0,3.0,7.0,16.0,4.0,11.0,18.0,0.0,1.0,1.0,52.0,93.0,180.0,0,-2.3160789999999998,-2.3160789999999998,-0.21999999999999997,-0.08599999999999997,-0.7118709999999997,-0.9453236,-0.648485,-0.24210667659857238,-0.7118710000000004,-0.9453236,-0.7244940000000001,-0.24210823075255927,-0.03333333333333338,-0.05599999999999994,-0.07099999999999995,-0.17456133571319477,-0.041333333333333444,-0.06340000000000001,-0.07609999999999995,-0.05849045382399909
20230521_Ajaccio_Rennes,2023-05-21 11:00:00,2022,Ajaccio,Rennes,0,5,0.0631786,0.0631786,0.42,0.7759999999999999,1.0,1.0,8.0,0.2951023333333333,0.3115678,0.39239959999999996,0.2983233585281711,0.29510233333333313,0.3115678,0.39239959999999996,0.2983232962615562,0.3033333333333334,0.384,0.40800000000000003,0.29011389839712365,0.757,0.7567999999999999,0.7274,0.7736402351162115,0.0,1.0,2.0,8.0,11.0,20.0,6.0,13.0,27.0,1.0,2.0,4.0,73.0,114.0,205.0,5,0,2.09363,2.09363,0.58,0.861,2.0,0.0,12.0,2.44384,2.375512,1.7777587000000001,3.269785780928296,2.44384,2.3755120000000005,1.7777587000000001,3.2697857809282946,0.61,0.606,0.562,0.6384881737327076,0.8650000000000001,0.8482,0.8385,0.8628060679254602,9.0,12.0,15.0,4.0,5.0,10.0,2.0,5.0,13.0,0.0,0.0,0.0,36.0,73.0,148.0,-1,-2.0304514,-2.0304514,-0.15999999999999998,-0.08500000000000008,-2.1487376666666664,-2.0639442,-1.3853591,-2.971462422400125,-2.1487376666666664,-2.0639442000000003,-1.3853591,-2.9714624846667386,-0.3066666666666666,-0.22199999999999998,-0.15400000000000003,-0.34837427533558396,-0.1080000000000001,-0.09140000000000004,-0.11109999999999998,-0.08916583280924872
20230603_Ajaccio_Marseille,2023-06-03 17:00:00,2022,Ajaccio,Marseille,1,0,0.129389,0.129389,0.29,0.639,1.0,0.0,32.0,0.1882775333333333,0.22731512,0.36133936,0.17251351034112686,0.18827753333333316,0.22731512,0.36133936,0.17251350785046227,0.3,0.308,0.387,0.24680455593588493,0.7296666666666667,0.736,0.7303,0.6615056094046485,0.0,0.0,2.0,13.0,16.0,26.0,4.0,9.0,24.0,2.0,2.0,5.0,76.0,121.0,208.0,0,1,1.22431,1.22431,0.71,0.83,1.0,0.0,9.0,1.7198680000000002,2.0007068,1.9578380999999996,1.0762217179881326,1.4665013333333332,1.8486867999999999,1.8058180999999998,1.0518968989367226,0.59,0.606,0.588,0.6053202761041617,0.8043333333333332,0.7986000000000001,0.7958000000000001,0.7963808256704854,5.0,8.0,16.0,5.0,8.0,12.0,5.0,8.0,16.0,0.0,0.0,0.0,34.0,65.0,155.0,1,-1.094921,-1.094921,-0.42,-0.19099999999999995,-1.5315904666666669,-1.77339168,-1.5964987399999995,-0.9037082076470058,-1.2782238000000001,-1.6213716799999998,-1.4444787399999997,-0.8793833910862603,-0.29,-0.298,-0.20099999999999996,-0.3585157201682768,-0.07466666666666655,-0.0626000000000001,-0.06550000000000011,-0.13487521626583687
20220807_Angers_Nantes,2022-08-07 13:00:00,2022,Angers,Nantes,0,0,1.91609,1.91609,0.49,0.747,3.0,0.0,20.0,1.4331986666666667,0.9968219999999999,0.8438964,0.9435054199182373,1.4331986666666667,0.9968219999999999,0.8438964,0.9435053447000811,0.49333333333333323,0.48,0.492,0.5491542141628727,0.85,0.8204,0.8150000000000001,0.8619215447700457,6.0,6.0,7.0,5.0,8.0,16.0,2.0,7.0,14.0,0.0,1.0,1.0,32.0,49.0,133.0,0,0,1.14718,1.14718,0.51,0.727,3.0,0.0,20.0,1.9024600000000003,1.8837020000000002,1.4779598,1.6151662099624007,1.6490946666666666,1.5796628,1.3259402,1.5859784974641047,0.4233333333333333,0.40800000000000003,0.403,0.45731470849587413,0.703,0.6952,0.7151,0.7123800580882368,8.0,14.0,19.0,2.0,4.0,11.0,3.0,6.0,11.0,0.0,0.0,0.0,60.0,111.0,213.0,0,0.76891,0.76891,-0.020000000000000018,0.020000000000000018,-0.46926133333333353,-0.8868800000000003,-0.6340634,-0.6716607900441633,-0.21589599999999987,-0.5828408,-0.4820438,-0.6424731527640236,0.06999999999999995,0.07199999999999995,0.08899999999999997,0.09183950566699856,0.14700000000000002,0.12519999999999998,0.0999000000000001,0.1495414866818089
20220821_Angers_Brest,2022-08-21 13:00:00,2022,Angers,Brest,1,3,1.05295,1.05295,0.5,0.846,2.0,1.0,10.0,1.4360953333333335,1.5741852,1.1025912999999998,1.6685066167967295,1.4360953333333335,1.5741852,1.1025912999999998,1.6685066137880034,0.5533333333333332,0.514,0.499,0.5803661685665149,0.8119999999999999,0.8244,0.8155000000000001,0.8139968617908018,3.0,8.0,9.0,4.0,7.0,17.0,6.0,8.0,16.0,0.0,0.0,1.0,39.0,61.0,128.0,3,1,2.2269,2.2269,0.5,0.84,0.0,0.0,12.0,1.0861043333333331,1.2502986,1.1416094,1.5125876773385911,0.8327409999999998,1.0982806,1.0656004,1.390973277338591,0.4100000000000001,0.438,0.497,0.45467558801555463,0.7406666666666665,0.7651999999999999,0.7731,0.7477309068841944,3.0,5.0,10.0,6.0,9.0,17.0,6.0,10.0,21.0,0.0,0.0,2.0,37.0,77.0,144.0,-1,-1.17395,-1.17395,0.0,0.006000000000000005,0.3499910000000004,0.3238866,-0.03901810000000028,0.1559189394581384,0.6033543333333337,0.4759046,0.03699089999999994,0.27753333644941236,0.14333333333333315,0.07600000000000001,0.0020000000000000018,0.12569058055096027,0.07133333333333347,0.05920000000000014,0.042400000000000104,0.06626595490660736
20220831_Angers_Reims,2022-08-31 17:00:00,2022,Angers,Reims,2,4,1.43417,0.674076,0.57,0.795,1.0,0.0,7.0,1.23642,1.2724612,1.1062918,1.036068264671869,1.23642,1.2724612,1.1062918,1.03606826455152,0.5366666666666666,0.534,0.491,0.5112146467426606,0.84,0.8262,0.8195,0.8471198744716322,4.0,5.0,10.0,8.0,10.0,19.0,8.0,11.0,20.0,2.0,2.0,3.0,38.0,68.0,124.0,4,2,2.35235,1.59226,0.43,0.74,6.0,1.0,9.0,1.859509,1.4905622,1.0024846,1.1277238781321328,1.352779,1.1865242,0.8504656,1.0790777981321327,0.3500000000000001,0.41,0.426,0.2843069207672968,0.706,0.7448,0.7756000000000001,0.661158550068078,4.0,6.0,9.0,6.0,12.0,22.0,8.0,9.0,17.0,2.0,2.0,4.0,68.0,100.0,197.0,-1,-0.91818,-0.918184,0.13999999999999996,0.05500000000000005,-0.623089,-0.2181010000000001,0.10380719999999988,-0.09165561346026374,-0.11635899999999988,0.08593699999999993,0.2558261999999999,-0.04300953358061266,0.18666666666666654,0.12400000000000005,0.065,0.2269077259753638,0.134,0.08140000000000003,0.04389999999999994,0.18596132440355417
20220911_Angers_Montpellier,2022-09-11 13:00:00,2022,Angers,Montpellier,2,1,2.91339,2.15329,0.45,0.757,2.0,0.0,18.0,1.040095,1.165695,1.2628336,0.8189459305868747,0.7867303333333333,1.0136762000000001,1.1868241999999998,0.6973308905820609,0.4799999999999998,0.5079999999999999,0.501,0.39964858586970636,0.8026666666666668,0.8158,0.8218,0.7722847949788654,3.0,6.0,12.0,12.0,17.0,24.0,5.0,10.0,18.0,1.0,2.0,3.0,50.0,69.0,128.0,1,2,1.02641,1.02641,0.55,0.799,4.0,0.0,7.0,1.4970443333333334,1.1745222,1.1302408,0.736083489918744,1.4970443333333334,1.1745222000000002,1.0542317,0.7360445732593845,0.37000000000000005,0.43200000000000005,0.45,0.2809504575963517,0.703,0.7664,0.7585999999999999,0.6417426131834829,10.0,13.0,22.0,3.0,10.0,17.0,4.0,6.0,14.0,2.0,4.0,5.0,78.0,101.0,220.0,1,1.88698,1.12688,-0.10000000000000003,-0.04200000000000004,-0.45694933333333343,-0.008827200000000035,0.13259280000000007,0.08286244066813075,-0.7103140000000001,-0.16084600000000004,0.13259249999999967,-0.03871368267732367,0.10999999999999976,0.07599999999999985,0.05099999999999999,0.11869812827335469,0.09966666666666679,0.0494,0.06320000000000003,0.13054218179538246
20220930_Angers_Marseille,2022-09-30 19:00:00,2022,Angers,Marseille,0,3,1.29217,1.29217,0.43,0.8009999999999999,0.0,0.0,16.0,1.8925349999999999,1.622569,1.5316961,2.162236237223475,1.6391683333333333,1.3185302,1.3796767,2.0357556356232824,0.43666666666666654,0.47800000000000004,0.502,0.4879859434347883,0.785,0.7998000000000001,0.8141999999999999,0.8192113917991547,3.0,6.0,12.0,6.0,13.0,23.0,7.0,11.0,21.0,1.0,2.0,3.0,54.0,80.0,141.0,3,0,2.3782,2.3782,0.57,0.838,0.0,0.0,11.0,1.6201633333333334,1.756722,1.86607,1.2759200592861677,1.6201633333333332,1.604702,1.6380399999999997,1.2710535512644012,0.5466666666666665,0.55,0.557,0.5781106168775398,0.8116666666666666,0.8158,0.817,0.8035563018046664,5.0,9.0,20.0,2.0,2.0,8.0,9.0,12.0,27.0,0.0,0.0,1.0,46.0,72.0,157.0,-1,-1.08603,-1.08603,-0.13999999999999996,-0.03700000000000003,0.27237166666666646,-0.13415299999999997,-0.3343738999999999,0.8863161779373074,0.01900500000000016,-0.2861718,-0.25836329999999963,0.7647020843588812,-0.10999999999999999,-0.07200000000000001,-0.05500000000000005,-0.09012467344275155,-0.026666666666666616,-0.015999999999999903,-0.0028000000000000247,0.01565508999448828
20221009_Angers_Strasbourg,2022-10-09 13:00:00,2022,Angers,Strasbourg,2,3,2.08828,2.08828,0.54,0.851,1.0,0.0,11.0,2.09491,1.680789,1.4766251000000001,1.466183247444695,1.8415433333333333,1.3767502,1.3246057,1.4408871271246564,0.4599999999999999,0.4619999999999999,0.49800000000000005,0.44159718868695763,0.7973333333333333,0.7902,0.8082,0.8046422783598309,3.0,5.0,10.0,4.0,13.0,23.0,6.0,8.0,19.0,1.0,1.0,3.0,46.0,77.0,145.0,3,2,2.88307,2.88307,0.46,0.8109999999999999,1.0,0.0,15.0,1.457639333333334,1.4572703999999999,1.3675001999999998,1.1206634571213259,1.2042753333333336,1.1532339999999999,1.215482,0.5077252809988511,0.4433333333333335,0.43999999999999995,0.49000000000000005,0.4171594721558464,0.7436666666666666,0.7454000000000001,0.7757,0.7766752618596755,2.0,4.0,8.0,5.0,7.0,13.0,8.0,9.0,16.0,2.0,3.0,3.0,57.0,95.0,180.0,-1,-0.7947899999999999,-0.7947899999999999,0.08000000000000002,0.040000000000000036,0.6372706666666661,0.22351860000000023,0.1091249000000003,0.3455197903233691,0.6372679999999997,0.22351620000000016,0.10912370000000005,0.9331618461258053,0.016666666666666385,0.021999999999999964,0.008000000000000007,0.02443771653111121,0.05366666666666675,0.04479999999999995,0.032500000000000084,0.02796701650015543
20221023_Angers_Rennes,2022-10-23 11:00:00,2022,Angers,Rennes,1,2,0.938402,0.938402,0.3,0.706,3.0,0.0,12.0,1.6285999999999998,1.975672,1.5706835,1.5970521298977878,1.6285999999999998,1.8236519999999998,1.4186641,1.5960402850849862,0.4733333333333332,0.47400000000000003,0.49099999999999994,0.4640638875474783,0.8033333333333332,0.8001999999999999,0.808,0.7747456911343933,4.0,7.0,13.0,9.0,10.0,27.0,3.0,9.0,19.0,0.0,1.0,3.0,42.0,72.0,141.0,2,1,2.44504,1.68495,0.7,0.8740000000000001,1.0,0.0,14.0,2.2681833333333334,2.2793736,1.9342644,1.9036437819089458,2.2681833333333334,2.2793736000000004,1.9342644,1.9036437819087544,0.5233333333333333,0.492,0.55,0.43385940333400447,0.7983333333333333,0.7926,0.8176,0.7715103623278832,9.0,15.0,23.0,3.0,4.0,10.0,5.0,10.0,23.0,1.0,1.0,3.0,44.0,85.0,165.0,-1,-1.5066380000000001,-0.746548,-0.39999999999999997,-0.16800000000000015,-0.6395833333333336,-0.3037015999999999,-0.3635809000000001,-0.306591652011158,-0.6395833333333336,-0.4557216000000006,-0.5156003,-0.3076034968237682,-0.0500000000000001,-0.01799999999999996,-0.05900000000000011,0.030204484213473826,0.004999999999999893,0.00759999999999994,-0.009599999999999942,0.0032353288065101182
20221105_Angers_Lens,2022-11-05 20:00:00,2022,Angers,Lens,1,2,0.829243,0.829243,0.44,0.826,1.0,0.0,12.0,0.9602646666666667,1.2522488,1.4374088999999999,0.5636600051959114,0.9602646666666667,1.2522488,1.2853895,0.5636195314033994,0.4099999999999999,0.44000000000000006,0.45899999999999996,0.4505625555018991,0.7626666666666667,0.788,0.7939,0.8031498276453758,3.0,5.0,11.0,7.0,13.0,26.0,8.0,9.0,20.0,0.0,0.0,2.0,48.0,75.0,155.0,2,1,2.17996,2.17996,0.56,0.847,2.0,0.0,6.0,1.8557649999999999,1.9211449999999999,1.8424552000000003,2.2981461009662754,1.6023983333333331,1.4650849999999997,1.6144252,1.6842284682079647,0.5366666666666666,0.536,0.561,0.5115742409888809,0.8156666666666667,0.8124,0.842,0.8055763350941216,5.0,6.0,15.0,0.0,1.0,5.0,7.0,14.0,20.0,0.0,0.0,1.0,54.0,83.0,162.0,-1,-1.350717,-1.350717,-0.12000000000000005,-0.02100000000000002,-0.8955003333333332,-0.6688961999999998,-0.4050463000000004,-1.734486095770364,-0.6421336666666665,-0.2128361999999997,-0.32903569999999993,-1.1206089368045653,-0.1266666666666667,-0.09599999999999997,-0.10200000000000009,-0.061011685486981826,-0.052999999999999936,-0.024399999999999977,-0.04809999999999992,-0.0024265074487458405
20230101_Angers_Lorient,2023-01-01 14:00:00,2022,Angers,Lorient,1,2,2.17455,2.17455,0.42,0.7829999999999999,3.0,0.0,21.0,1.137278,0.9574556,1.4665638,1.8103204160415673,1.137278,0.9574556,1.3905538,1.810320092251227,0.4666666666666666,0.43600000000000005,0.45500000000000007,0.5168845004440152,0.7953333333333332,0.7832,0.7917,0.784217198621163,1.0,2.0,9.0,4.0,8.0,18.0,2.0,8.0,17.0,0.0,0.0,1.0,36.0,69.0,141.0,2,1,0.44019,0.44019,0.58,0.82,0.0,0.0,13.0,0.9407523333333333,1.1296173999999999,1.3145737,1.0827834739152038,0.9407523333333333,1.1296173999999999,1.3145737,1.082783473216988,0.4266666666666667,0.45999999999999996,0.457,0.4632318029761726,0.7933333333333333,0.8164,0.8036999999999999,0.7980491647420578,2.0,5.0,15.0,5.0,9.0,14.0,5.0,5.0,13.0,0.0,0.0,1.0,76.0,102.0,226.0,-1,1.73436,1.73436,-0.15999999999999998,-0.03700000000000003,0.1965256666666667,-0.17216179999999992,0.15199010000000013,0.7275369421263636,0.1965256666666667,-0.17216179999999992,0.0759801,0.7275366190342389,0.039999999999999925,-0.02399999999999991,-0.0019999999999999463,0.053652697467842625,0.0019999999999998908,-0.03320000000000001,-0.0119999999999999,-0.013831966120894768
20230115_Angers_Clermont Foot,2023-01-15 14:00:00,2022,Angers,Clermont Foot,1,2,0.394709,0.394709,0.58,0.8540000000000001,2.0,0.0,13.0,1.5501543333333334,1.1855654,1.2189071,0.6934952166416626,1.5501543333333334,1.1855654,1.2189071,0.693495203690049,0.4333333333333333,0.43200000000000005,0.43600000000000005,0.3598753800177606,0.8133333333333334,0.8084,0.7981999999999999,0.8550486879448465,1.0,2.0,7.0,5.0,8.0,21.0,5.0,7.0,16.0,0.0,0.0,0.0,45.0,65.0,140.0,2,1,2.1061,2.1061,0.42,0.816,2.0,0.0,19.0,1.214431,1.5481209999999999,1.4366146,1.757091445538356,0.961065,1.0920634,1.2085858,1.6335299223343709,0.4066666666666667,0.43,0.483,0.3931020379715011,0.7443333333333332,0.7338,0.7666999999999999,0.7385906684343615,3.0,5.0,13.0,3.0,6.0,13.0,7.0,11.0,24.0,1.0,1.0,1.0,32.0,62.0,147.0,-1,-1.711391,-1.711391,0.15999999999999998,0.038000000000000145,0.3357233333333334,-0.36255559999999987,-0.21770749999999994,-1.0635962288966934,0.5890893333333335,0.09350199999999997,0.010321299999999978,-0.9400347186443219,0.026666666666666616,0.0020000000000000573,-0.04699999999999993,-0.033226657953740524,0.06900000000000017,0.0746,0.03149999999999997,0.11645801951048496
20230201_Angers_Ajaccio,2023-02-01 18:00:00,2022,Angers,Ajaccio,1,2,0.413798,0.413798,0.4,0.6709999999999999,1.0,1.0,19.0,0.5791973333333333,1.2093224,1.020477,0.8920452486656666,0.5791973333333333,1.2093224,1.020477,0.892045248147602,0.5033333333333333,0.49400000000000005,0.45599999999999996,0.5791950152007104,0.8526666666666666,0.825,0.8015000000000001,0.8356419475177939,1.0,2.0,6.0,8.0,11.0,21.0,6.0,9.0,19.0,0.0,0.0,0.0,28.0,65.0,133.0,2,1,1.18715,1.18715,0.6,0.753,2.0,0.0,15.0,0.8248029999999998,0.8409159799999999,1.29386559,1.2205271368264183,0.8248029999999998,0.6888963799999999,0.8378077899999999,1.2192425661606214,0.4466666666666666,0.43599999999999994,0.457,0.48253320684832135,0.7036666666666668,0.7066,0.7376,0.7103516137508755,1.0,2.0,9.0,10.0,12.0,21.0,7.0,9.0,15.0,0.0,0.0,2.0,37.0,73.0,174.0,-1,-0.7733519999999999,-0.7733519999999999,-0.19999999999999996,-0.08200000000000007,-0.2456056666666665,0.3684064200000001,-0.27338858999999993,-0.32848188816075174,-0.2456056666666665,0.5204260200000002,0.18266921000000014,-0.32719731801301943,0.0566666666666667,0.05800000000000011,-0.0010000000000000564,0.09666180835238902,0.1489999999999998,0.11839999999999995,0.06390000000000007,0.12529033376691834
20230212_Angers_Auxerre,2023-02-12 14:00:00,2022,Angers,Auxerre,1,1,0.445823,0.445823,0.5,0.735,2.0,0.0,14.0,0.6666690000000001,0.5472317999999999,0.8759585,0.5697046899466266,0.6666690000000001,0.5472317999999999,0.8759585,0.5697046899259041,0.47666666666666657,0.47000000000000003,0.465,0.43916780060802846,0.7639999999999999,0.8038000000000001,0.8012,0.7727856779007118,1.0,2.0,4.0,6.0,10.0,18.0,7.0,11.0,19.0,1.0,1.0,1.0,62.0,83.0,161.0,1,1,2.48705,0.966862,0.5,0.782,0.0,0.0,19.0,1.175412,0.9792986000000001,1.0153785,0.7293146446372619,0.9220486666666666,0.8272806000000001,0.8633604,0.7049528474798974,0.5133333333333333,0.47000000000000003,0.45499999999999996,0.4310392935005631,0.7646666666666665,0.7555999999999999,0.7719,0.722670720947812,2.0,2.0,6.0,5.0,11.0,21.0,3.0,9.0,13.0,0.0,1.0,2.0,38.0,76.0,186.0,0,-2.041227,-0.521039,0.0,-0.04700000000000004,-0.5087429999999998,-0.4320668000000002,-0.13942,-0.15960995469063533,-0.25537966666666656,-0.2800488000000002,0.012598099999999945,-0.13524815755399333,-0.036666666666666736,0.0,0.010000000000000064,0.008128507107465377,-0.0006666666666665932,0.04820000000000013,0.029299999999999993,0.0501149569528998
20230225_Angers_Lyon,2023-02-25 16:00:00,2022,Angers,Lyon,1,3,1.13511,1.13511,0.43,0.807,0.0,0.0,11.0,0.6934206666666668,0.6990999999999999,0.8988792999999999,0.9338558675978652,0.44005466666666665,0.5470803999999999,0.8228695,0.3257774675970362,0.5266666666666665,0.514,0.487,0.6095667120243211,0.7869999999999999,0.7726,0.7933,0.8173114271160284,2.0,3.0,5.0,3.0,9.0,17.0,9.0,12.0,20.0,0.0,1.0,1.0,63.0,89.0,155.0,3,1,1.81818,1.81818,0.57,0.855,0.0,0.0,11.0,1.1849963333333335,1.5762097999999998,1.6143405999999998,0.8796058061858474,1.1849963333333338,1.5762098,1.3863114,0.8794093525673642,0.5466666666666666,0.576,0.5999999999999999,0.6098098627144832,0.8166666666666665,0.8097999999999999,0.8288,0.8272019611959889,6.0,8.0,14.0,4.0,4.0,10.0,4.0,7.0,15.0,0.0,0.0,0.0,50.0,73.0,142.0,-1,-0.6830699999999998,-0.6830699999999998,-0.13999999999999996,-0.04799999999999993,-0.49157566666666674,-0.8771097999999998,-0.7154612999999999,0.054250061412017825,-0.7449416666666671,-1.0291294,-0.5634419,-0.553631884970328,-0.02000000000000013,-0.061999999999999944,-0.11299999999999988,-0.00024315069016211943,-0.02966666666666662,-0.0371999999999999,-0.035499999999999976,-0.009890534079960434
20230312_Angers_Toulouse,2023-03-12 14:00:00,2022,Angers,Toulouse,0,2,1.02056,1.02056,0.4,0.78,0.0,0.0,22.0,1.0468210000000002,0.834211,0.8496995,0.9835182347039145,0.7934549999999999,0.6821914,0.7736897,0.9591950987038813,0.48999999999999994,0.48199999999999993,0.47400000000000003,0.4131826684809729,0.8196666666666667,0.7968,0.7996,0.8146124570846411,2.0,3.0,6.0,10.0,11.0,23.0,7.0,13.0,23.0,1.0,1.0,2.0,47.0,97.0,165.0,2,0,1.56928,1.56928,0.6,0.8370000000000001,1.0,0.0,19.0,1.215353333333333,1.4175720000000003,1.7298010000000001,0.9900145976893996,1.2153533333333335,1.4175720000000003,1.577783,0.9898183956982538,0.52,0.4539999999999999,0.506,0.5121594754677237,0.8069999999999999,0.7978,0.7989,0.8029163504194008,2.0,6.0,20.0,7.0,10.0,13.0,4.0,7.0,16.0,0.0,0.0,0.0,48.0,88.0,162.0,-1,-0.5487200000000001,-0.5487200000000001,-0.19999999999999996,-0.05700000000000005,-0.16853233333333284,-0.5833610000000002,-0.8801015000000001,-0.00649636298548506,-0.4218983333333336,-0.7353806000000003,-0.8040932999999999,-0.030623296994372495,-0.030000000000000082,0.028000000000000025,-0.03199999999999997,-0.09897680698675076,0.012666666666666715,-0.0010000000000000009,0.0006999999999999229,0.011696106665240347
20230402_Angers_Nice,2023-04-02 13:00:00,2022,Angers,Nice,1,1,0.960041,0.960041,0.37,0.7609999999999999,1.0,0.0,23.0,0.8551896666666666,0.9500698000000002,0.7590888,0.6740911293881565,0.8551896666666666,0.7980501999999999,0.683079,0.6731182039481552,0.4466666666666666,0.48200000000000004,0.492,0.512527306739239,0.8203333333333335,0.8208,0.7985,0.8493844982833857,0.0,2.0,5.0,10.0,15.0,24.0,4.0,7.0,18.0,1.0,1.0,2.0,57.0,81.0,170.0,1,1,1.20001,1.20001,0.63,0.846,1.0,0.0,15.0,1.4914533333333333,1.560502,1.4076734,1.2856953636028456,1.2380876666666667,1.4084826,1.3316637,1.2613722591005638,0.5733333333333334,0.536,0.5109999999999999,0.5361481012417599,0.8553333333333333,0.8412000000000001,0.8259000000000001,0.8616601216276841,4.0,7.0,15.0,4.0,4.0,5.0,1.0,3.0,11.0,0.0,0.0,0.0,27.0,71.0,165.0,0,-0.239969,-0.239969,-0.26,-0.08500000000000008,-0.6362636666666667,-0.6104321999999999,-0.6485846,-0.6116042342146891,-0.38289800000000007,-0.6104324,-0.6485847,-0.5882540551524086,-0.12666666666666676,-0.05399999999999999,-0.018999999999999906,-0.02362079450252097,-0.03499999999999981,-0.020400000000000085,-0.02740000000000009,-0.012275623344298436
20230408_Angers_Lille,2023-04-08 15:00:00,2022,Angers,Lille,1,0,1.03911,1.03911,0.34,0.723,2.0,0.0,25.0,0.8566423333333333,0.9321439999999999,0.8156220000000001,0.9028510258776313,0.8566423333333333,0.9321439999999999,0.7396122,0.9026564407896311,0.43666666666666654,0.42800000000000005,0.471,0.39850546134784776,0.8019999999999999,0.8058,0.7891999999999999,0.7786768996566771,1.0,2.0,5.0,6.0,14.0,23.0,1.0,5.0,17.0,0.0,1.0,2.0,57.0,91.0,180.0,0,1,1.06957,1.06957,0.66,0.843,3.0,0.0,13.0,2.0931266666666666,1.79048,2.1988390000000004,1.9732967133170205,1.586398333333334,1.4864430000000002,1.8948085,1.9244173085306902,0.56,0.598,0.603,0.5874316404433647,0.8450000000000001,0.8444,0.8503999999999999,0.860466447865671,8.0,11.0,19.0,4.0,6.0,12.0,8.0,14.0,23.0,0.0,0.0,0.0,43.0,73.0,131.0,1,-0.03045999999999993,-0.03045999999999993,-0.32,-0.12,-1.2364843333333333,-0.8583360000000002,-1.3832170000000004,-1.0704456874393893,-0.7297560000000007,-0.5542990000000003,-1.1551962999999998,-1.021760867741059,-0.12333333333333352,-0.16999999999999993,-0.132,-0.18892617909551696,-0.04300000000000015,-0.03860000000000008,-0.06120000000000003,-0.08178954820899387
20230421_Angers_Paris Saint Germain,2023-04-21 19:00:00,2022,Angers,Paris Saint Germain,1,2,1.28414,1.28414,0.35,0.87,0.0,0.0,10.0,0.775696,0.7873948000000001,0.8108029,0.46472124103510526,0.775696,0.7873948,0.7347931,0.4647134576315852,0.39333333333333326,0.42400000000000004,0.453,0.4463402184539139,0.7633333333333333,0.7869999999999999,0.7919,0.7916270759862671,3.0,3.0,6.0,3.0,8.0,19.0,6.0,6.0,19.0,0.0,0.0,1.0,57.0,91.0,188.0,2,1,1.75064,1.75064,,,,,,1.2890133333333327,1.6476279999999999,1.7914020999999998,1.369118397104872,1.2890133333333333,1.6476279999999999,1.7914021000000002,1.369118397084787,,,,,,,,,5.0,7.0,21.0,2.0,5.0,14.0,,,,,,,,,,-1,-0.4664999999999999,-0.4664999999999999,,,-0.5133173333333326,-0.8602331999999998,-0.9805991999999998,-0.9043971560697667,-0.5133173333333333,-0.8602331999999999,-1.0566090000000004,-0.9044049394532019,,,,,,,,
20230507_Angers_Monaco,2023-05-07 11:00:00,2022,Angers,Monaco,1,2,1.41717,1.41717,0.6,0.858,3.0,0.0,19.0,0.9607656666666667,0.9762896000000001,0.9631796999999999,1.2402272496414042,0.7074010000000001,0.8242708000000001,0.8111605000000001,0.6321517383052633,0.39333333333333326,0.378,0.43,0.36185360873815653,0.8263333333333334,0.7926,0.8067,0.8132650830394507,4.0,6.0,8.0,8.0,9.0,24.0,5.0,8.0,15.0,0.0,0.0,1.0,33.0,81.0,162.0,2,1,1.58485,1.58485,0.4,0.782,2.0,0.0,12.0,1.8525099999999999,1.7256360000000002,1.6180329999999998,1.425445434222815,1.8525099999999999,1.7256360000000002,1.6180329999999998,1.4254454341222242,0.4666666666666666,0.48200000000000004,0.517,0.5199252181801026,0.7723333333333334,0.7586,0.7716000000000001,0.7913267452436916,3.0,9.0,15.0,8.0,13.0,20.0,4.0,8.0,13.0,0.0,1.0,1.0,45.0,84.0,137.0,-1,-0.16768000000000005,-0.16768000000000005,0.19999999999999996,0.07599999999999996,-0.8917443333333331,-0.7493464000000001,-0.6548533,-0.18521818458141093,-1.1451089999999997,-0.9013652000000001,-0.8068724999999998,-0.793293695816961,-0.07333333333333336,-0.10400000000000004,-0.08700000000000002,-0.1580716094419461,0.05399999999999994,0.03399999999999992,0.03509999999999991,0.021938337795759044
20230527_Angers_Troyes,2023-05-27 19:00:00,2022,Angers,Troyes,2,1,0.775828,0.775828,0.6,0.8079999999999999,1.0,0.0,13.0,0.8925186666666667,1.0463832,0.916889,0.7055352579971312,0.8925186666666667,0.8943644,0.8408796000000001,0.7006706539064421,0.4699999999999999,0.42400000000000004,0.42400000000000004,0.42689482886990526,0.7879999999999999,0.8074,0.7971999999999999,0.7645221206643157,4.0,7.0,10.0,7.0,13.0,21.0,7.0,9.0,15.0,0.0,0.0,0.0,64.0,88.0,179.0,1,2,0.234923,0.234923,0.4,0.7240000000000001,1.0,0.0,22.0,0.5283046666666666,0.7868666,0.7494700999999999,0.6334121088894686,0.5283046666666665,0.6348476,0.6734606,0.6324391872695433,0.3966666666666668,0.404,0.433,0.4302094467890068,0.8176666666666667,0.8148,0.7948000000000001,0.8140142947328315,2.0,4.0,7.0,8.0,11.0,21.0,3.0,3.0,11.0,1.0,1.0,1.0,52.0,120.0,205.0,1,0.540905,0.540905,0.19999999999999996,0.08399999999999985,0.36421400000000004,0.2595166,0.16741890000000004,0.0721231491076626,0.36421400000000015,0.2595168,0.1674190000000001,0.06823146663689883,0.07333333333333314,0.020000000000000018,-0.008999999999999952,-0.003314617919101537,-0.02966666666666673,-0.007399999999999962,0.0023999999999998467,-0.049492174068515804
20220814_Auxerre_Angers,2022-08-14 13:00:00,2022,Auxerre,Angers,2,2,0.898665,0.898665,0.4,0.745,5.0,1.0,20.0,0.769926,0.769926,0.769926,0.769926,0.769926,0.769926,0.769926,0.769926,0.41,0.41,0.41,0.41,0.825,0.825,0.825,0.825,1.0,1.0,1.0,4.0,4.0,4.0,1.0,1.0,1.0,0.0,0.0,0.0,19.0,19.0,19.0,2,2,1.65524,1.65524,0.6,0.825,3.0,0.0,9.0,1.4986420000000003,1.3599722,1.0128555000000001,1.7215730839836476,1.4986420000000003,1.3599722,1.0128555000000001,1.7215730689400164,0.5099999999999999,0.49399999999999994,0.48699999999999993,0.5018308428325745,0.824,0.8278000000000001,0.8137000000000001,0.7699843089540092,3.0,6.0,7.0,5.0,7.0,15.0,5.0,8.0,16.0,0.0,1.0,1.0,42.0,59.0,139.0,0,-0.756575,-0.756575,-0.19999999999999996,-0.07999999999999996,-0.7287160000000003,-0.5900462000000001,-0.24292950000000013,-0.9516470839836476,-0.7287160000000003,-0.5900462000000001,-0.24292950000000013,-0.9516470689400164,-0.09999999999999992,-0.08399999999999996,-0.07699999999999996,-0.09183084283257453,0.0010000000000000009,-0.0028000000000001357,0.011299999999999866,0.0550156910459908
20220827_Auxerre_Strasbourg,2022-08-27 15:00:00,2022,Auxerre,Strasbourg,1,0,0.770114,0.770114,0.42,0.778,0.0,0.0,38.0,0.9868136666666666,0.9868136666666666,0.9868136666666666,1.2080634399999999,0.7334489999999999,0.7334489999999999,0.7334489999999999,0.5999882400000001,0.38999999999999996,0.38999999999999996,0.38999999999999996,0.36839999999999995,0.793,0.793,0.793,0.7994000000000001,5.0,5.0,5.0,7.0,7.0,7.0,9.0,9.0,9.0,3.0,3.0,3.0,69.0,69.0,69.0,0,1,1.65529,1.65529,0.58,0.813,1.0,0.0,20.0,1.4698000000000004,1.3997940000000002,1.261806,1.4584775207188005,1.4698000000000004,1.3997940000000002,1.1714055,1.4584756070491682,0.5366666666666668,0.4800000000000001,0.47800000000000004,0.5967524350996418,0.7913333333333333,0.7902,0.7779,0.7989665574303925,3.0,6.0,12.0,4.0,5.0,16.0,5.0,7.0,14.0,0.0,0.0,1.0,54.0,83.0,169.0,1,-0.885176,-0.885176,-0.15999999999999998,-0.03499999999999992,-0.48298633333333385,-0.4129803333333336,-0.2749923333333334,-0.25041408071880067,-0.7363510000000005,-0.6663450000000003,-0.4379565000000002,-0.8584873670491682,-0.1466666666666669,-0.09000000000000014,-0.08800000000000008,-0.22835243509964187,0.0016666666666667052,0.0028000000000000247,0.015100000000000002,0.00043344256960764493
20220903_Auxerre_Marseille,2022-09-03 15:00:00,2022,Auxerre,Marseille,0,2,0.623034,0.623034,0.48,0.8079999999999999,1.0,0.0,16.0,0.8244429999999999,0.828384,0.828384,0.5006327775999999,0.5710783333333332,0.6763652,0.6763652,0.4763097696,0.38666666666666666,0.394,0.394,0.38593600000000006,0.781,0.7826,0.7826,0.7612559999999999,4.0,7.0,7.0,3.0,9.0,9.0,5.0,11.0,11.0,2.0,3.0,3.0,97.0,136.0,136.0,2,0,1.54448,1.54448,0.52,0.8370000000000001,1.0,0.0,19.0,1.8798866666666667,1.9438859999999998,1.9234449999999998,2.3006874107709576,1.62652,1.791866,1.695415,1.6923739080501612,0.5566666666666665,0.552,0.5740000000000001,0.5838271096924905,0.8150000000000001,0.8018000000000001,0.8233,0.8165377255832964,6.0,11.0,19.0,1.0,3.0,9.0,8.0,13.0,25.0,1.0,1.0,1.0,43.0,93.0,160.0,-1,-0.9214460000000001,-0.9214460000000001,-0.040000000000000036,-0.029000000000000137,-1.0554436666666667,-1.1155019999999998,-1.0950609999999998,-1.8000546331709577,-1.0554416666666668,-1.1155008,-1.0190498,-1.2160641384501611,-0.16999999999999987,-0.15800000000000003,-0.18000000000000005,-0.19789110969249046,-0.03400000000000003,-0.019200000000000106,-0.04070000000000007,-0.05528172558329647
20220916_Auxerre_Lorient,2022-09-16 19:00:00,2022,Auxerre,Lorient,1,3,2.27316,2.27316,0.56,0.833,3.0,0.0,16.0,0.4910506666666667,0.7070231999999999,0.7433867142857142,0.470713151104,0.4910506666666667,0.5550044,0.6348018571428572,0.469740230784,0.45999999999999996,0.43200000000000005,0.42428571428571427,0.50823744,0.7893333333333333,0.791,0.7892857142857144,0.80293024,1.0,4.0,7.0,9.0,10.0,16.0,4.0,7.0,13.0,0.0,2.0,3.0,52.0,120.0,159.0,3,1,3.48948,3.48948,0.44,0.804,1.0,0.0,19.0,1.0999096666666668,1.6429757999999999,1.4447842,1.3112706325165222,1.0999096666666668,1.4909577999999999,1.140747,1.309906929739916,0.41333333333333333,0.41200000000000003,0.41899999999999993,0.4551878371521819,0.7606666666666667,0.7889999999999999,0.7935,0.8188868315814821,7.0,11.0,18.0,3.0,9.0,17.0,4.0,8.0,14.0,0.0,0.0,0.0,81.0,118.0,205.0,-1,-1.21632,-1.21632,0.12000000000000005,0.028999999999999915,-0.608859,-0.9359526,-0.7013974857142857,-0.8405574814125222,-0.608859,-0.9359533999999999,-0.5059451428571428,-0.840166698955916,0.046666666666666634,0.020000000000000018,0.005285714285714338,0.05304960284781812,0.028666666666666618,0.002000000000000113,-0.004214285714285615,-0.015956591581482105
20221002_Auxerre_Brest,2022-10-02 13:00:00,2022,Auxerre,Brest,1,1,1.21122,0.45113,0.48,0.8420000000000001,3.0,1.0,26.0,1.1116489999999999,0.9032851999999998,0.9346083749999999,1.9126706302207999,1.1116489999999999,0.9032852,0.839596625,1.9124760461568,0.52,0.4720000000000001,0.44125000000000003,0.5496474880000001,0.8150000000000001,0.7958000000000001,0.79475,0.826986048,1.0,3.0,8.0,10.0,12.0,19.0,5.0,7.0,16.0,0.0,0.0,3.0,39.0,106.0,175.0,1,1,0.687048,0.687048,0.52,0.81,4.0,0.0,12.0,0.9308719999999999,0.6443367999999999,1.0673857,0.8179912209713496,0.6775056666666665,0.492317,0.9153667999999999,0.6963675976497496,0.5233333333333334,0.49000000000000005,0.477,0.556406699237633,0.777,0.7604,0.7666,0.7431979347780406,1.0,2.0,8.0,3.0,13.0,20.0,7.0,7.0,16.0,0.0,1.0,1.0,45.0,74.0,136.0,0,0.524172,-0.23591800000000002,-0.040000000000000036,0.03200000000000003,0.18077699999999997,0.25894839999999986,-0.13277732500000006,1.0946794092494503,0.43414333333333344,0.4109682,-0.07577017499999994,1.2161084485070504,-0.0033333333333334103,-0.01799999999999996,-0.03574999999999995,-0.0067592112376329005,0.038000000000000034,0.0354000000000001,0.02815000000000001,0.08378811322195934
20221016_Auxerre_Nice,2022-10-16 13:00:00,2022,Auxerre,Nice,1,1,0.527675,0.527675,0.45,0.778,0.0,0.0,14.0,1.4975399999999999,1.1108813999999998,0.9696327,1.0768940252088322,1.2441766666666665,0.9588633999999999,0.8176143,0.955271841846272,0.52,0.5120000000000001,0.453,0.51478589952,0.8340000000000001,0.8228,0.8027,0.82939944192,3.0,3.0,10.0,6.0,13.0,22.0,6.0,8.0,19.0,1.0,1.0,4.0,60.0,83.0,219.0,1,1,1.67165,1.67165,0.55,0.81,0.0,0.0,16.0,1.450366,1.3059096000000001,1.271145,2.3068211680728146,1.1969993333333333,1.1538895999999998,0.9671064599999999,1.698350443670864,0.5133333333333333,0.522,0.509,0.5771146914982124,0.8563333333333333,0.8362,0.8272,0.871481851988025,4.0,5.0,9.0,5.0,6.0,13.0,2.0,9.0,19.0,1.0,1.0,3.0,44.0,78.0,155.0,0,-1.1439750000000002,-1.1439750000000002,-0.10000000000000003,-0.03200000000000003,0.04717399999999983,-0.19502820000000032,-0.30151229999999996,-1.2299271428639824,0.04717733333333318,-0.19502619999999993,-0.14949215999999987,-0.7430786018245921,0.00666666666666671,-0.009999999999999898,-0.055999999999999994,-0.062328791978212394,-0.022333333333333205,-0.013400000000000079,-0.024500000000000077,-0.042082410068024934
20221030_Auxerre_Ajaccio,2022-10-30 12:00:00,2022,Auxerre,Ajaccio,1,0,0.92577,0.92577,0.41,0.777,1.0,1.0,34.0,0.6693266666666666,1.098472,0.9027476,0.5051557610083532,0.6693266666666666,0.9464539999999999,0.7507292,0.5002908736738509,0.47666666666666674,0.49399999999999994,0.4630000000000001,0.46059143598080005,0.7823333333333333,0.8044,0.7977,0.7512559776768,3.0,5.0,9.0,5.0,9.0,19.0,0.0,6.0,13.0,0.0,1.0,3.0,55.0,97.0,217.0,0,1,0.500233,0.500233,0.59,0.807,1.0,1.0,17.0,0.7673343333333335,0.8193764,0.7895054,0.5493408196358962,0.5139676666666667,0.6673563999999998,0.6374858,0.42772449273374713,0.39999999999999997,0.426,0.46499999999999997,0.37392512552959994,0.7453333333333334,0.7283999999999999,0.7322,0.77112143577088,3.0,5.0,7.0,5.0,8.0,17.0,3.0,8.0,22.0,0.0,0.0,1.0,59.0,101.0,149.0,1,0.42553699999999994,0.42553699999999994,-0.18,-0.030000000000000027,-0.09800766666666683,0.2790955999999999,0.11324219999999996,-0.04418505862754296,0.1553589999999999,0.27909760000000006,0.1132434,0.07256638094010381,0.07666666666666677,0.06799999999999995,-0.0019999999999998908,0.0866663104512001,0.03699999999999992,0.07600000000000007,0.0655,-0.019865458094080024
20221228_Auxerre_Monaco,2022-12-28 16:00:00,2022,Auxerre,Monaco,2,3,1.32986,0.569769,0.38,0.753,1.0,0.0,18.0,0.9955536666666666,0.7972802000000001,0.9540808000000001,0.7492522860880668,0.9955536666666666,0.7972802000000001,0.8780718000000001,0.7492133669893908,0.43999999999999995,0.446,0.479,0.42480473148784637,0.8123333333333335,0.7914,0.8070999999999999,0.8180740478214144,2.0,4.0,7.0,6.0,9.0,22.0,1.0,1.0,9.0,1.0,1.0,2.0,73.0,110.0,193.0,3,2,1.36064,0.60054,0.62,0.794,0.0,0.0,14.0,1.83277,1.653644,1.6767310000000002,1.621517363508859,1.3260650000000005,1.1692190000000002,1.3585095,0.9879809936025638,0.48666666666666675,0.44400000000000006,0.475,0.43907299395132476,0.7726666666666665,0.7515999999999999,0.7757,0.7656736978370713,6.0,10.0,22.0,3.0,8.0,10.0,7.0,12.0,20.0,0.0,1.0,1.0,27.0,50.0,156.0,-1,-0.03078000000000003,-0.030770999999999993,-0.24,-0.041000000000000036,-0.8372163333333335,-0.8563637999999998,-0.7226502000000001,-0.8722650774207923,-0.33051133333333393,-0.3719388000000001,-0.48043769999999997,-0.23876762661317297,-0.0466666666666668,0.0019999999999999463,0.0040000000000000036,-0.014268262463478398,0.03966666666666696,0.03980000000000006,0.031399999999999983,0.052400349984343064
20230111_Auxerre_Toulouse,2023-01-11 18:00:00,2022,Auxerre,Toulouse,0,5,1.19864,1.19864,0.48,0.768,3.0,0.0,11.0,0.9578373333333333,1.0514584,1.0749651999999998,0.9953644914435227,0.7044736666666666,0.8994402000000001,0.9229471,0.8737483746795757,0.43,0.44000000000000006,0.46699999999999997,0.47779218925951383,0.773,0.7882,0.7962999999999999,0.7540029619128565,2.0,4.0,9.0,9.0,10.0,19.0,3.0,4.0,10.0,0.0,1.0,2.0,45.0,110.0,207.0,5,0,2.32789,1.5678,0.52,0.7809999999999999,1.0,0.0,27.0,1.3942566666666665,1.119667,1.3321211,1.3861521085440505,1.140892,0.9676482,1.1801027,1.2644981519360505,0.5499999999999999,0.522,0.504,0.5955228976974397,0.7883333333333332,0.7662,0.7696,0.7929128920848532,4.0,4.0,15.0,8.0,13.0,22.0,5.0,6.0,18.0,0.0,0.0,2.0,32.0,61.0,173.0,-1,-1.12925,-0.36916000000000015,-0.040000000000000036,-0.0129999999999999,-0.43641933333333316,-0.06820859999999995,-0.2571559000000001,-0.3907876171005278,-0.43641833333333346,-0.06820799999999982,-0.25715559999999993,-0.39074977725647486,-0.11999999999999994,-0.08199999999999996,-0.03700000000000003,-0.11773070843792588,-0.015333333333333199,0.02200000000000002,0.026699999999999946,-0.03890993017199662
20230129_Auxerre_Montpellier,2023-01-29 14:00:00,2022,Auxerre,Montpellier,0,2,1.78521,1.02512,0.58,0.772,1.0,0.0,12.0,0.7703426666666666,0.8487538000000001,0.8635529000000002,0.36889057965774086,0.7703426666666666,0.6967356,0.7875438,0.36402593498718294,0.4366666666666667,0.42000000000000004,0.44400000000000006,0.35991168757038056,0.745,0.7605999999999999,0.7771999999999999,0.7258401184765142,0.0,2.0,7.0,7.0,15.0,21.0,8.0,9.0,10.0,1.0,1.0,2.0,57.0,83.0,203.0,2,0,0.78685,0.78685,0.42,0.696,3.0,0.0,25.0,0.8146946666666667,1.3036128,1.0393282,0.9743189482272551,0.5613286666666669,1.1515932000000002,0.8873089000000001,0.9498012154548917,0.43333333333333335,0.462,0.445,0.4604208697187946,0.7559999999999999,0.7402,0.7365,0.7519868563929027,2.0,5.0,7.0,11.0,12.0,21.0,4.0,10.0,20.0,2.0,2.0,3.0,64.0,97.0,195.0,-1,0.9983599999999999,0.23826999999999998,0.15999999999999998,0.07600000000000007,-0.04435200000000006,-0.4548589999999999,-0.17577529999999975,-0.6054283685695142,0.2090139999999997,-0.4548576000000002,-0.09976510000000005,-0.5857752804677088,0.003333333333333355,-0.04199999999999998,-0.0009999999999999454,-0.10050918214841403,-0.010999999999999899,0.020399999999999974,0.04069999999999985,-0.02614673791638855
20230205_Auxerre_Reims,2023-02-05 14:00:00,2022,Auxerre,Reims,0,0,0.610426,0.610426,0.4,0.701,2.0,0.0,18.0,1.0291423333333334,1.0453676,1.0015424,1.2048692231863096,0.775779,0.8933496,0.8495243,1.0830602373994873,0.49,0.49000000000000005,0.46099999999999997,0.5551964675028153,0.7696666666666667,0.7656,0.776,0.8093536047390606,2.0,2.0,7.0,6.0,12.0,23.0,4.0,9.0,11.0,1.0,1.0,2.0,47.0,77.0,191.0,0,0,0.406084,0.406084,0.6,0.7909999999999999,0.0,0.0,29.0,2.0742200000000004,1.724268,1.9296358999999998,3.1931437786768306,1.8208533333333339,1.572248,1.7776159,2.5850559952487817,0.5,0.48200000000000004,0.48600000000000004,0.5498674635111194,0.8450000000000001,0.8072000000000001,0.7729,0.8661871820926894,5.0,7.0,14.0,3.0,4.0,7.0,3.0,7.0,18.0,0.0,0.0,0.0,28.0,65.0,160.0,0,0.20434200000000002,0.20434200000000002,-0.19999999999999996,-0.08999999999999997,-1.045077666666667,-0.6789003999999998,-0.9280934999999999,-1.988274555490521,-1.0450743333333339,-0.6788984000000001,-0.9280916,-1.5019957578492944,-0.010000000000000009,0.008000000000000007,-0.025000000000000078,0.005329003991695891,-0.07533333333333336,-0.04160000000000019,0.0030999999999999917,-0.05683357735362882
20230217_Auxerre_Lyon,2023-02-17 20:00:00,2022,Auxerre,Lyon,2,1,1.34783,0.587732,0.35,0.738,4.0,0.0,15.0,1.4093586666666666,1.2369806,1.1715065,2.1355029289274525,0.9026293333333334,0.7809250000000001,0.8674696000000001,0.9144801694959794,0.48666666666666664,0.47400000000000003,0.4640000000000001,0.4862078587001126,0.7680000000000001,0.7584,0.7724,0.7701341441895624,3.0,3.0,6.0,4.0,7.0,22.0,2.0,6.0,12.0,0.0,1.0,1.0,45.0,84.0,171.0,1,2,0.718949,0.718949,0.65,0.836,2.0,0.0,18.0,1.7116033333333336,1.926118,1.6056575,1.5222330309292376,1.7116033333333338,1.774098,1.3776283,1.5212507628368215,0.58,0.5900000000000001,0.588,0.4490493135724164,0.8290000000000001,0.8103999999999999,0.8244,0.7920098059799445,5.0,8.0,13.0,2.0,4.0,9.0,2.0,6.0,14.0,0.0,0.0,0.0,40.0,59.0,136.0,1,0.6288810000000001,-0.13121699999999992,-0.30000000000000004,-0.09799999999999998,-0.30224466666666694,-0.6891373999999999,-0.43415099999999995,0.613269897998215,-0.8089740000000004,-0.9931729999999999,-0.5101587,-0.606770593340842,-0.09333333333333332,-0.11600000000000005,-0.12399999999999989,0.03715854512769623,-0.06099999999999994,-0.051999999999999935,-0.052000000000000046,-0.02187566179038214
20230311_Auxerre_Rennes,2023-03-11 16:00:00,2022,Auxerre,Rennes,0,0,0.961104,0.961104,0.33,0.693,2.0,0.0,12.0,1.0000923333333331,1.2195506,1.1324591,0.6081817834314196,0.7467263333333333,0.7634934,0.8284214999999999,0.5740904653559679,0.3666666666666667,0.4,0.445,0.3654896628696009,0.761,0.7532,0.7594,0.7620970731535165,4.0,5.0,7.0,2.0,3.0,15.0,8.0,10.0,19.0,0.0,0.0,1.0,83.0,120.0,197.0,0,0,0.690947,0.690947,0.67,0.857,2.0,0.0,16.0,1.2312869999999996,1.4155442,1.4020841999999998,1.0501875774738465,1.2312869999999996,1.4155442,1.4020842,1.0501875748835388,0.5266666666666666,0.53,0.549,0.5343216945474392,0.7999999999999999,0.794,0.8209,0.7734169143151005,3.0,5.0,13.0,1.0,7.0,12.0,3.0,5.0,9.0,0.0,0.0,2.0,58.0,80.0,145.0,0,0.270157,0.270157,-0.34,-0.16400000000000003,-0.23119466666666644,-0.1959936,-0.26962509999999984,-0.4420057940424269,-0.4845606666666663,-0.6520508,-0.5736627000000001,-0.4760971095275709,-0.15999999999999992,-0.13,-0.10400000000000004,-0.16883203167783828,-0.038999999999999924,-0.04080000000000006,-0.0615,-0.011319841161584021
20230401_Auxerre_Troyes,2023-04-01 15:00:00,2022,Auxerre,Troyes,1,0,1.16561,1.16561,0.38,0.6829999999999999,0.0,0.0,31.0,0.7832093333333332,0.9813636000000001,1.1091720999999999,0.9344535113372568,0.7832093333333332,0.8293440000000001,0.8051345,0.9330898586142388,0.3933333333333333,0.384,0.429,0.45941958651478404,0.707,0.7292000000000001,0.7438,0.6773638829261407,1.0,4.0,7.0,3.0,4.0,11.0,4.0,11.0,17.0,0.0,0.0,1.0,65.0,109.0,193.0,0,1,1.17234,1.17234,0.62,0.772,0.0,0.0,9.0,0.791175,0.77258768,0.83056354,0.917654948717275,0.791175,0.77258768,0.75455404,0.917647165344475,0.4533333333333334,0.47000000000000003,0.429,0.48515195576487175,0.7613333333333334,0.7498,0.7575999999999999,0.785880012277794,4.0,5.0,9.0,6.0,9.0,26.0,3.0,7.0,14.0,0.0,2.0,2.0,65.0,125.0,237.0,1,-0.006729999999999903,-0.006729999999999903,-0.24,-0.08900000000000008,-0.00796566666666676,0.20877592000000011,0.2786085599999999,0.016798562619981805,-0.00796566666666676,0.05675632000000008,0.05058045999999994,0.015442693269763774,-0.06000000000000011,-0.08600000000000002,0.0,-0.025732369250087705,-0.054333333333333456,-0.02059999999999995,-0.013799999999999923,-0.10851612935165333
20230416_Auxerre_Nantes,2023-04-16 13:00:00,2022,Auxerre,Nantes,2,1,2.65132,1.89122,0.31,0.614,2.0,0.0,24.0,1.0120273333333334,0.8880545999999999,1.1225539,0.9639037404534904,1.0120273333333334,0.8880546,0.8945253000000001,0.9638491943445696,0.4333333333333333,0.398,0.41899999999999993,0.4231767834605914,0.6943333333333334,0.7068,0.7363,0.7203745553170455,4.0,5.0,11.0,2.0,3.0,8.0,4.0,7.0,16.0,0.0,0.0,0.0,67.0,118.0,207.0,1,2,1.28278,1.28278,0.69,0.812,2.0,0.0,21.0,1.1367083333333332,1.079958,1.2674263,1.0451062056934741,1.1367083333333332,0.9279390000000001,1.1154068000000001,1.0402400410086103,0.4366666666666667,0.418,0.45499999999999996,0.48315417287961504,0.7599999999999999,0.795,0.7818,0.7479514280812859,3.0,7.0,11.0,6.0,12.0,18.0,5.0,8.0,15.0,0.0,0.0,0.0,64.0,101.0,190.0,1,1.36854,0.6084399999999999,-0.37999999999999995,-0.19800000000000006,-0.12468099999999982,-0.19190340000000006,-0.1448723999999999,-0.08120246523998376,-0.12468099999999982,-0.03988440000000004,-0.22088150000000006,-0.07639084666404072,-0.0033333333333334103,-0.019999999999999962,-0.03600000000000003,-0.05997738941902364,-0.06566666666666654,-0.08820000000000006,-0.045500000000000096,-0.027576872764240368
20230422_Auxerre_Lille,2023-04-22 15:00:00,2022,Auxerre,Lille,1,1,1.0782,0.31811,0.31,0.7290000000000001,0.0,0.0,14.0,1.5806550000000001,1.3297012,1.2746259,2.3138367480906985,1.3272883333333334,1.1776811999999999,0.9705873,1.705745838868914,0.3733333333333333,0.388,0.394,0.33263535669211824,0.6756666666666667,0.6779999999999999,0.7156,0.635274911063409,6.0,6.0,11.0,1.0,3.0,6.0,5.0,8.0,18.0,0.0,0.0,0.0,77.0,103.0,223.0,1,1,3.08943,2.32933,0.69,0.872,1.0,0.0,13.0,1.7829233333333334,1.9332639999999999,2.155376,2.1039590685326806,1.7829233333333339,1.6292270000000002,1.8513455,2.1020038923412274,0.6466666666666666,0.604,0.615,0.6730972656177345,0.859,0.8496,0.8524,0.8652986579146269,5.0,10.0,21.0,3.0,6.0,13.0,7.0,12.0,25.0,0.0,0.0,0.0,44.0,77.0,138.0,0,-2.0112300000000003,-2.0112200000000002,-0.37999999999999995,-0.1429999999999999,-0.20226833333333327,-0.6035628,-0.8807501,0.20987767955801795,-0.45563500000000046,-0.45154580000000033,-0.8807582,-0.39625805347231347,-0.2733333333333333,-0.21599999999999997,-0.22099999999999997,-0.3404619089256163,-0.18333333333333324,-0.17160000000000009,-0.13680000000000003,-0.23002374685121785
20230507_Auxerre_Clermont Foot,2023-05-07 13:00:00,2022,Auxerre,Clermont Foot,1,1,1.57698,1.57698,0.47,0.78,1.0,0.0,11.0,1.3953386666666665,1.2553322,1.1183479,0.630262269923628,0.8886086666666665,0.9512942000000001,0.8903190999999999,0.48432423355475657,0.31,0.348,0.366,0.3109054142676847,0.6683333333333333,0.6836,0.7064,0.6716509964425363,4.0,8.0,12.0,4.0,4.0,8.0,2.0,5.0,16.0,0.0,0.0,0.0,78.0,131.0,240.0,1,1,1.82065,1.82065,0.53,0.805,0.0,0.0,12.0,1.354499,1.6121993999999997,1.4589003999999999,1.1291777050682423,0.8477690000000001,1.0041240000000002,1.1548627,1.0785857857041934,0.43333333333333335,0.508,0.491,0.3560086777978258,0.7656666666666667,0.7918000000000001,0.7759,0.7039982696209643,5.0,9.0,12.0,2.0,3.0,12.0,3.0,7.0,13.0,3.0,3.0,3.0,56.0,67.0,143.0,0,-0.24367000000000005,-0.24367000000000005,-0.06000000000000005,-0.025000000000000022,0.04083966666666661,-0.3568671999999997,-0.3405524999999998,-0.49891543514461434,0.040839666666666385,-0.05282980000000015,-0.2645436000000001,-0.5942615521494368,-0.12333333333333335,-0.16000000000000003,-0.125,-0.0451032635301411,-0.09733333333333338,-0.10820000000000007,-0.0695,-0.032347273178428004
20230521_Auxerre_Paris Saint Germain,2023-05-21 18:45:00,2022,Auxerre,Paris Saint Germain,1,2,0.696155,0.696155,0.37,0.851,1.0,0.0,19.0,0.9213753333333331,1.2987292,1.0933918999999999,0.8620472907969451,0.9213753333333333,0.9946911999999999,0.9413729,0.8562097693421902,0.44333333333333336,0.39,0.394,0.5276362165707074,0.7523333333333334,0.72,0.7134,0.8036660398577015,2.0,5.0,10.0,4.0,6.0,9.0,1.0,3.0,10.0,0.0,0.0,0.0,72.0,110.0,228.0,2,1,1.84662,1.84662,,,,,,2.794553333333333,2.305666,1.9481559999999998,2.6111873254353677,2.794553333333333,2.305666,1.9481560000000002,2.6111873254353357,,,,,,,,,9.0,14.0,22.0,4.0,6.0,12.0,,,,,,,,,,-1,-1.150465,-1.150465,,,-1.8731779999999998,-1.0069368,-0.8547640999999999,-1.7491400346384225,-1.8731779999999998,-1.3109748,-1.0067831000000003,-1.7549775560931455,,,,,,,,
20230603_Auxerre_Lens,2023-06-03 17:00:00,2022,Auxerre,Lens,1,3,2.03416,2.03416,0.51,0.823,1.0,0.0,9.0,0.6934199999999998,0.8227471999999999,1.0879338,0.6686306916318778,0.6934199999999998,0.8227472,0.9359148000000002,0.6683971907736875,0.43999999999999995,0.42000000000000004,0.402,0.40030544866282836,0.8089999999999998,0.7737999999999999,0.7295,0.777106641594308,2.0,4.0,11.0,4.0,7.0,11.0,4.0,5.0,11.0,0.0,0.0,0.0,61.0,112.0,217.0,3,1,3.19981,3.19981,0.49,0.848,3.0,0.0,19.0,1.986683333333333,1.7310760000000003,1.803096,2.2613621111904605,1.4799513333333332,1.4270368,1.5750665,1.6289201221215008,0.5733333333333334,0.5359999999999999,0.5120000000000001,0.7332152472503788,0.8416666666666667,0.8178000000000001,0.8263,0.8704581228402245,8.0,11.0,21.0,2.0,3.0,7.0,4.0,11.0,14.0,1.0,1.0,2.0,57.0,102.0,166.0,-1,-1.1656499999999999,-1.1656499999999999,0.020000000000000018,-0.025000000000000022,-1.293263333333333,-0.9083288000000004,-0.7151622,-1.5927314195585827,-0.7865313333333334,-0.6042896,-0.6391516999999998,-0.9605229313478133,-0.13333333333333341,-0.11599999999999988,-0.1100000000000001,-0.33290979858755043,-0.032666666666666844,-0.04400000000000015,-0.0968,-0.09335148124591652
20220814_Brest_Marseille,2022-08-14 18:45:00,2022,Brest,Marseille,1,1,1.64132,1.64132,0.47,0.7559999999999999,1.0,0.0,14.0,1.194651,1.2490686,1.0254925,0.9976583866929557,0.9412876666666666,1.0970506,0.9494835,0.3895863866929553,0.45,0.462,0.502,0.39337794007777327,0.7559999999999999,0.7786,0.7796000000000001,0.7146545344209724,2.0,5.0,9.0,5.0,12.0,16.0,8.0,11.0,21.0,0.0,0.0,2.0,36.0,81.0,148.0,1,1,1.30958,1.30958,0.53,0.78,4.0,0.0,30.0,2.283656666666667,1.982292,1.8509470000000001,2.5085117318488743,1.7769233333333332,1.6782519999999999,1.6989269999999999,2.362572531350738,0.5766666666666667,0.5920000000000001,0.603,0.5719435578065639,0.8366666666666668,0.8278000000000001,0.8408,0.7960784895602193,8.0,9.0,20.0,4.0,6.0,15.0,6.0,13.0,19.0,0.0,0.0,1.0,38.0,72.0,169.0,0,0.3317399999999999,0.3317399999999999,-0.06000000000000005,-0.024000000000000132,-1.089005666666667,-0.7332234,-0.8254545000000002,-1.5108533451559185,-0.8356356666666666,-0.5812013999999999,-0.7494434999999998,-1.9729861446577828,-0.12666666666666665,-0.13000000000000006,-0.10099999999999998,-0.17856561772879065,-0.08066666666666689,-0.04920000000000013,-0.06119999999999992,-0.08142395513924694
20220828_Brest_Montpellier,2022-08-28 13:00:00,2022,Brest,Montpellier,0,7,0.163077,0.163077,0.52,0.778,0.0,1.0,9.0,1.6368333333333334,1.4904346,1.3411381,2.0840375354677185,1.3834699999999998,1.3384166,1.2651291,2.0597146554677184,0.4533333333333334,0.46399999999999997,0.493,0.4909351176031109,0.7653333333333333,0.7727999999999999,0.7803,0.8215461813768389,6.0,6.0,13.0,5.0,7.0,17.0,5.0,9.0,19.0,0.0,0.0,1.0,35.0,62.0,145.0,7,0,2.2067,2.2067,0.48,0.7809999999999999,2.0,0.0,20.0,0.9863726666666669,1.0149418000000001,1.1614017,0.6691362398430081,0.986372666666667,0.8629236000000002,1.0853926,0.6642716574230825,0.5300000000000001,0.502,0.4619999999999999,0.5988071995439586,0.8479999999999999,0.8086,0.7673,0.8538266479353596,6.0,8.0,17.0,9.0,10.0,21.0,3.0,5.0,15.0,2.0,3.0,3.0,30.0,90.0,209.0,-1,-2.043623,-2.043623,0.040000000000000036,-0.0029999999999998916,0.6504606666666665,0.4754927999999998,0.1797363999999999,1.4149012956247105,0.39709733333333275,0.4754929999999997,0.17973649999999997,1.395442998044636,-0.07666666666666672,-0.038000000000000034,0.031000000000000083,-0.10787208194084763,-0.08266666666666656,-0.035800000000000054,0.013000000000000012,-0.03228046655852068
20220904_Brest_Strasbourg,2022-09-04 13:00:00,2022,Brest,Strasbourg,1,1,0.726914,0.726914,0.59,0.792,3.0,0.0,14.0,0.8853226666666666,1.0679136,1.1463094,0.3222466214187087,0.8853226666666666,0.9158956,1.0703004,0.3212737062187087,0.46000000000000013,0.44800000000000006,0.4720000000000001,0.3908374047041244,0.7703333333333333,0.7533999999999998,0.7725,0.7117418472550735,4.0,7.0,12.0,11.0,15.0,25.0,0.0,5.0,13.0,1.0,1.0,1.0,41.0,64.0,148.0,1,1,2.65304,1.89295,0.41,0.726,1.0,1.0,19.0,1.1206113333333338,1.2650168000000002,1.2542492,0.531500700828752,1.1206113333333336,1.2650168000000002,1.2542492,0.5315006242819666,0.5566666666666669,0.53,0.497,0.4846700974039857,0.7946666666666666,0.7914,0.7814,0.7780386622972157,2.0,4.0,11.0,3.0,6.0,13.0,2.0,6.0,13.0,0.0,0.0,0.0,54.0,93.0,185.0,0,-1.926126,-1.166036,0.18,0.06600000000000006,-0.23528866666666726,-0.19710320000000014,-0.10793980000000003,-0.20925407941004331,-0.23528866666666703,-0.34912120000000013,-0.18394880000000002,-0.21022691806325794,-0.09666666666666673,-0.08199999999999996,-0.02499999999999991,-0.09383269269986128,-0.024333333333333318,-0.038000000000000145,-0.008900000000000019,-0.06629681504214224
20220918_Brest_Ajaccio,2022-09-18 13:00:00,2022,Brest,Ajaccio,0,1,0.721312,0.721312,0.59,0.728,2.0,0.0,13.0,0.7790983333333333,0.9454544,1.0978765,1.2047081048567483,0.5257319999999998,0.7934346,0.9458575999999999,0.5965899882487484,0.44666666666666677,0.4720000000000001,0.45499999999999996,0.422033496188165,0.7653333333333334,0.7827999999999999,0.774,0.8039896738902029,2.0,5.0,10.0,5.0,13.0,22.0,5.0,5.0,15.0,0.0,1.0,1.0,52.0,73.0,150.0,1,0,0.511909,0.511909,0.41,0.643,2.0,0.0,25.0,0.6141300000000001,0.7596344,0.8062868571428572,0.459525362176,0.61413,0.6076152,0.5891161428571429,0.45850379296,0.5499999999999999,0.504,0.4585714285714286,0.47601728,0.7616666666666667,0.736,0.7305714285714285,0.7224867840000001,0.0,2.0,3.0,4.0,9.0,11.0,9.0,14.0,25.0,1.0,1.0,2.0,29.0,48.0,77.0,-1,0.209403,0.209403,0.18,0.08499999999999996,0.16496833333333327,0.18581999999999999,0.29158964285714273,0.7451827426807482,-0.0883980000000002,0.18581939999999997,0.356741457142857,0.13808619528874844,-0.10333333333333317,-0.03199999999999992,-0.0035714285714286143,-0.053983783811834996,0.003666666666666707,0.04679999999999995,0.04342857142857148,0.08150288989020282
20221009_Brest_Lorient,2022-10-09 13:00:00,2022,Brest,Lorient,1,2,0.997609,0.997609,0.5,0.748,3.0,0.0,18.0,0.9175833333333334,0.749131,0.9393944999999999,0.7132366441942699,0.6642169999999998,0.5971112,0.7873756000000001,0.6889119195299499,0.5000000000000001,0.49000000000000005,0.47000000000000003,0.5272813398475266,0.783,0.7667999999999999,0.7674,0.7966395869556082,1.0,3.0,9.0,3.0,7.0,21.0,8.0,11.0,17.0,0.0,0.0,1.0,43.0,77.0,135.0,2,1,1.14106,1.14106,0.5,0.775,1.0,0.0,26.0,1.7684266666666666,1.4603898,1.6410372,1.0209596253006608,1.7684266666666666,1.4603898,1.4130091999999999,1.0209050771895964,0.43,0.41,0.421,0.38460751348608724,0.8013333333333333,0.7696,0.7920999999999999,0.7709954732632593,8.0,12.0,20.0,4.0,5.0,14.0,6.0,8.0,15.0,1.0,1.0,1.0,81.0,138.0,225.0,-1,-0.143451,-0.143451,0.0,-0.027000000000000024,-0.8508433333333332,-0.7112588,-0.7016427000000001,-0.30772298110639085,-1.1042096666666668,-0.8632786,-0.6256335999999998,-0.33199315765964654,0.07000000000000012,0.08000000000000007,0.049000000000000044,0.14267382636143933,-0.018333333333333313,-0.0028000000000000247,-0.024699999999999944,0.02564411369234887
20221030_Brest_Reims,2022-10-30 14:00:00,2022,Brest,Reims,0,0,1.54791,1.54791,0.51,0.746,1.0,0.0,20.0,1.441572,1.1466152,1.0460348,2.3172561011535544,1.1882086666666665,0.9945972000000001,0.8940159,1.7089895033562397,0.44666666666666677,0.49000000000000005,0.48100000000000004,0.39781825071878024,0.7600000000000001,0.7636000000000001,0.7731999999999999,0.7573491166956449,5.0,6.0,11.0,7.0,9.0,22.0,6.0,12.0,17.0,0.0,0.0,1.0,66.0,91.0,164.0,0,0,0.982999,0.982999,0.49,0.741,1.0,0.0,14.0,1.5895393333333336,1.3122704,1.4057762999999999,2.117132184893128,1.5895393333333336,1.3122704,1.3297672999999999,2.1171242770375636,0.47666666666666674,0.41600000000000004,0.404,0.5296701550257172,0.7856666666666667,0.751,0.7398,0.7760247837658882,2.0,4.0,11.0,1.0,6.0,12.0,10.0,15.0,30.0,2.0,4.0,7.0,36.0,101.0,189.0,0,0.5649109999999999,0.5649109999999999,0.020000000000000018,0.0050000000000000044,-0.14796733333333356,-0.1656552,-0.35974149999999994,0.20012391626042625,-0.40133066666666717,-0.3176732,-0.4357513999999999,-0.4081347736813239,-0.02999999999999997,0.07400000000000001,0.07700000000000001,-0.131851904306937,-0.025666666666666615,0.012600000000000056,0.033399999999999874,-0.018675667070243374
20221113_Brest_Troyes,2022-11-13 14:00:00,2022,Brest,Troyes,2,1,2.21142,0.691228,0.54,0.799,3.0,0.0,10.0,1.7870066666666666,1.3911192,1.0701250999999998,1.206731844046142,1.5336433333333332,1.2391012,0.9181062000000001,1.1824011801342496,0.4433333333333334,0.458,0.47400000000000003,0.44951273002875125,0.7676666666666666,0.766,0.7664000000000001,0.7928539646678259,3.0,5.0,8.0,2.0,8.0,15.0,3.0,8.0,19.0,0.0,0.0,0.0,52.0,97.0,174.0,1,2,0.4443,0.4443,0.46,0.777,2.0,1.0,16.0,1.5595433333333333,1.351747,1.3797190000000001,1.8483022581570996,1.5595433333333333,1.351747,1.3037100000000001,1.8483019337481652,0.4166666666666667,0.43,0.43899999999999995,0.470203410497536,0.8286666666666668,0.808,0.7973,0.8247078695051265,6.0,9.0,19.0,7.0,11.0,18.0,7.0,10.0,21.0,0.0,0.0,1.0,52.0,79.0,173.0,1,1.76712,0.24692799999999998,0.08000000000000002,0.02200000000000002,0.22746333333333335,0.03937219999999986,-0.3095939000000003,-0.6415704141109575,-0.025900000000000034,-0.11264580000000013,-0.38560380000000005,-0.6659007536139157,0.026666666666666727,0.028000000000000025,0.03500000000000009,-0.02069068046878475,-0.061000000000000165,-0.04200000000000004,-0.030899999999999928,-0.03185390483730066
20221228_Brest_Lyon,2022-12-28 20:00:00,2022,Brest,Lyon,2,4,1.1351,1.1351,0.43,0.737,2.0,0.0,18.0,1.6140999999999999,1.6338814,1.264668,2.0104823688092286,1.107369333333333,1.177825,0.9606299,0.7894626360268499,0.49666666666666676,0.466,0.492,0.5219025460057503,0.783,0.7762,0.7769999999999999,0.7977707929335652,2.0,6.0,9.0,2.0,7.0,13.0,5.0,8.0,22.0,0.0,0.0,0.0,41.0,89.0,164.0,4,2,3.18501,2.42491,0.57,0.8370000000000001,2.0,0.0,20.0,0.9939660000000003,1.4615756000000002,1.46030716,1.0846467334877312,0.7406020000000004,1.3095572,1.38429796,0.47657313338729984,0.5366666666666666,0.5660000000000001,0.5509999999999999,0.6081142251662266,0.8099999999999999,0.8186,0.8204,0.8424609158266256,2.0,6.0,9.0,2.0,6.0,14.0,5.0,9.0,18.0,0.0,1.0,1.0,38.0,64.0,135.0,-1,-2.04991,-1.2898100000000001,-0.13999999999999996,-0.10000000000000009,0.6201339999999995,0.17230579999999973,-0.19563916000000003,0.9258356353214974,0.36676733333333256,-0.13173220000000008,-0.42366806,0.31288950263955,-0.03999999999999987,-0.10000000000000003,-0.05899999999999994,-0.08621167916047634,-0.026999999999999913,-0.04239999999999999,-0.043400000000000105,-0.0446901228930604
20230111_Brest_Lille,2023-01-11 18:00:00,2022,Brest,Lille,0,0,0.567145,0.567145,0.29,0.6609999999999999,0.0,0.0,22.0,1.4435506666666669,1.3923063999999998,1.2694607999999998,1.049340894752369,0.9368199999999999,1.0882679999999998,1.0414325999999998,1.000500105441074,0.48666666666666675,0.48200000000000004,0.48600000000000004,0.48167610184023,0.7646666666666667,0.7688,0.7662,0.7562308317173426,4.0,4.0,10.0,6.0,7.0,16.0,9.0,11.0,23.0,0.0,0.0,0.0,42.0,73.0,164.0,0,0,0.952742,0.952742,0.71,0.8540000000000001,1.0,0.0,10.0,1.8530733333333334,1.981802,2.037313,2.4934952706081077,1.599706666666667,1.8297820000000002,1.8092840000000003,2.3718325700771463,0.5866666666666666,0.586,0.562,0.6026183598468223,0.8460000000000001,0.8404,0.8189,0.8574547872455229,4.0,5.0,16.0,1.0,3.0,9.0,6.0,11.0,21.0,1.0,1.0,1.0,47.0,65.0,161.0,0,-0.38559699999999997,-0.38559699999999997,-0.42,-0.19300000000000017,-0.4095226666666665,-0.5894956000000002,-0.7678522000000003,-1.4441543758557387,-0.6628866666666672,-0.7415140000000005,-0.7678514000000005,-1.3713324646360723,-0.09999999999999981,-0.10399999999999993,-0.07600000000000001,-0.12094225800659231,-0.08133333333333337,-0.0716,-0.05269999999999997,-0.10122395552818031
20230129_Brest_Angers,2023-01-29 14:00:00,2022,Brest,Angers,4,0,1.62079,1.62079,0.41,0.77,0.0,0.0,14.0,0.7686126666666668,1.1304716,1.2607954000000001,0.7363656357900948,0.7686126666666665,0.8264332,1.0327671999999999,0.734412004217643,0.38000000000000006,0.422,0.43999999999999995,0.35366704407360916,0.7093333333333334,0.7328,0.7494,0.7032092332686937,1.0,5.0,10.0,2.0,7.0,15.0,6.0,11.0,19.0,0.0,0.0,0.0,57.0,85.0,182.0,0,4,1.00144,1.00144,0.59,0.831,2.0,0.0,7.0,0.970234,1.0986585999999998,1.1291609999999999,0.4544662433283325,0.970234,1.0986585999999998,1.1291609999999999,0.4544662407380098,0.4466666666666666,0.45999999999999996,0.45099999999999996,0.5359750760035521,0.8366666666666666,0.8140000000000001,0.8035,0.8542097375889695,2.0,2.0,8.0,6.0,8.0,20.0,7.0,8.0,18.0,0.0,0.0,0.0,42.0,66.0,137.0,1,0.6193499999999998,0.6193499999999998,-0.18,-0.06099999999999994,-0.2016213333333332,0.03181300000000009,0.13163440000000026,0.2818993924617623,-0.20162133333333354,-0.27222539999999984,-0.09639379999999997,0.2799457634796332,-0.06666666666666654,-0.03799999999999998,-0.01100000000000001,-0.18230803192994294,-0.1273333333333332,-0.08120000000000005,-0.05410000000000004,-0.15100050432027579
20230205_Brest_Lens,2023-02-05 16:05:00,2022,Brest,Lens,1,1,2.17044,2.17044,0.34,0.726,4.0,0.0,33.0,0.9614413333333335,0.8871202,1.3143141,0.6959594254316037,0.9614413333333331,0.8871202,1.0862859,0.6958812801687058,0.3400000000000001,0.36,0.41,0.27974668176294437,0.7256666666666667,0.7192,0.7434999999999999,0.7097283693307477,5.0,5.0,12.0,1.0,2.0,9.0,2.0,6.0,14.0,0.0,0.0,0.0,67.0,103.0,183.0,1,1,2.26474,2.26474,0.66,0.845,2.0,0.0,20.0,1.5087386666666667,1.5648952,1.5865371000000001,0.7734625817244184,1.2553736666666664,1.4128762,1.4345176,0.7491379700952786,0.65,0.602,0.573,0.5831141160300569,0.842,0.8385999999999999,0.8353999999999999,0.8270059355554178,2.0,7.0,15.0,2.0,5.0,7.0,3.0,6.0,17.0,0.0,0.0,0.0,33.0,66.0,132.0,0,-0.09430000000000005,-0.09430000000000005,-0.32,-0.119,-0.5472973333333332,-0.677775,-0.2722230000000001,-0.07750315629281468,-0.29393233333333324,-0.5257559999999999,-0.3482316999999999,-0.05325668992657284,-0.30999999999999994,-0.242,-0.16299999999999998,-0.30336743426711255,-0.11633333333333329,-0.11939999999999995,-0.09189999999999998,-0.11727756622467012
20230219_Brest_Monaco,2023-02-19 14:00:00,2022,Brest,Monaco,1,2,0.76754,0.76754,0.48,0.784,1.0,0.0,20.0,1.049342,1.1046754,1.1504144,0.749999177017264,1.0493419999999998,1.1046754,0.9983952,0.7499960512067482,0.38333333333333347,0.384,0.41100000000000003,0.5135898672705178,0.7383333333333333,0.7388,0.7453000000000001,0.7773491347732299,1.0,6.0,10.0,4.0,5.0,12.0,6.0,8.0,18.0,0.0,0.0,0.0,88.0,123.0,198.0,2,1,1.61066,1.61066,0.52,0.772,2.0,0.0,24.0,2.4157100000000002,2.593222,2.06147,3.3565421785020506,2.4157100000000002,2.441202,1.8334475000000001,3.3555598452249438,0.44333333333333336,0.47400000000000003,0.502,0.42879006482686455,0.8103333333333333,0.7928,0.7899999999999999,0.8385204266846664,8.0,16.0,26.0,3.0,5.0,12.0,2.0,5.0,13.0,0.0,0.0,0.0,37.0,69.0,140.0,-1,-0.84312,-0.84312,-0.040000000000000036,0.01200000000000001,-1.3663680000000002,-1.4885465999999998,-0.9110555999999999,-2.606543001484787,-1.3663680000000005,-1.3365266,-0.8350523000000001,-2.6055637940181957,-0.05999999999999989,-0.09000000000000002,-0.09099999999999997,0.08479980244365326,-0.07200000000000006,-0.05399999999999994,-0.04469999999999985,-0.061171291911436554
20230311_Brest_Paris Saint Germain,2023-03-11 20:00:00,2022,Brest,Paris Saint Germain,1,2,0.751032,0.751032,0.39,0.797,1.0,0.0,19.0,0.5183410000000002,0.8388152,0.8629676999999999,0.5309988734161382,0.5183409999999998,0.8388152,0.8629676999999999,0.530998848409654,0.39000000000000007,0.414,0.38699999999999996,0.3730687189381642,0.7066666666666667,0.7274,0.7233,0.6457067930781858,3.0,4.0,9.0,4.0,8.0,10.0,4.0,10.0,16.0,1.0,1.0,1.0,88.0,144.0,247.0,2,1,2.66126,2.66126,,,,,,2.312893333333333,1.9351762000000001,1.9915095999999999,1.5611509527245555,2.3128933333333337,1.9351762000000001,1.9915095999999999,1.5611508899590307,,,,,,,,,11.0,14.0,21.0,5.0,9.0,15.0,,,,,,,,,,-1,-1.910228,-1.910228,,,-1.7945523333333326,-1.0963610000000001,-1.1285419,-1.0301520793084173,-1.7945523333333337,-1.0963610000000001,-1.1285419,-1.0301520415493768,,,,,,,,
20230402_Brest_Toulouse,2023-04-02 13:00:00,2022,Brest,Toulouse,3,1,1.47173,1.47173,0.41,0.7829999999999999,2.0,0.0,15.0,0.8321050000000002,0.693255,0.8989651999999999,1.0695810749366457,0.5787416666666665,0.541237,0.8229562000000001,0.4615090739363861,0.42666666666666675,0.41400000000000003,0.399,0.48532274875752657,0.7406666666666668,0.7432000000000001,0.741,0.7925482717231275,4.0,6.0,12.0,4.0,8.0,13.0,3.0,6.0,14.0,0.0,1.0,1.0,73.0,124.0,247.0,1,3,1.77942,1.77942,0.59,0.835,5.0,1.0,23.0,1.5489366666666664,1.453564,1.725669,1.9326693839075761,1.5489366666666669,1.453564,1.6496600000000001,1.9326615358279302,0.5266666666666666,0.526,0.49899999999999994,0.4924863790187089,0.8220000000000001,0.8166,0.8074,0.8260366540167761,2.0,4.0,15.0,3.0,9.0,15.0,7.0,7.0,15.0,0.0,0.0,0.0,49.0,87.0,165.0,1,-0.30769,-0.30769,-0.18,-0.052000000000000046,-0.7168316666666662,-0.7603090000000001,-0.8267038,-0.8630883089709305,-0.9701950000000004,-0.9123270000000001,-0.8267038,-1.4711524618915441,-0.09999999999999987,-0.11199999999999999,-0.09999999999999992,-0.00716363026118233,-0.08133333333333326,-0.07339999999999991,-0.06640000000000001,-0.03348838229364859
20230416_Brest_Nice,2023-04-16 13:00:00,2022,Brest,Nice,1,0,0.956282,0.956282,0.52,0.79,1.0,0.0,9.0,1.2477600000000002,1.0158749999999999,0.9197361000000001,1.1673240429974658,0.9943966666666665,0.863857,0.8437271000000001,1.1430011629574555,0.43666666666666676,0.41600000000000004,0.40199999999999997,0.3970129099503011,0.7596666666666666,0.7404,0.7411,0.7145819308689252,6.0,8.0,11.0,4.0,6.0,14.0,4.0,6.0,15.0,0.0,0.0,1.0,65.0,121.0,260.0,0,1,0.656233,0.656233,0.48,0.812,3.0,0.0,14.0,1.2131133333333335,1.3793919999999997,1.4440005,1.2215014145441139,1.2131133333333335,1.2273726,1.3679908,1.2205284903640226,0.5366666666666667,0.56,0.526,0.48224592404967037,0.8606666666666666,0.8573999999999999,0.8345,0.8698264048651074,2.0,5.0,15.0,4.0,7.0,8.0,2.0,3.0,9.0,0.0,0.0,0.0,27.0,52.0,151.0,1,0.300049,0.300049,0.040000000000000036,-0.02200000000000002,0.034646666666666714,-0.36351699999999987,-0.5242644,-0.054177371546648034,-0.218716666666667,-0.36351560000000005,-0.5242637,-0.07752732740656709,-0.09999999999999998,-0.14400000000000002,-0.12400000000000005,-0.08523301409936929,-0.10099999999999998,-0.11699999999999999,-0.09340000000000004,-0.15524447399618224
20230503_Brest_Nantes,2023-05-03 19:00:00,2022,Brest,Nantes,2,0,0.794114,0.794114,0.53,0.753,0.0,0.0,19.0,0.8396923333333334,1.0302054,0.7925695,0.5608700817198986,0.8396923333333333,0.8781874000000001,0.7165605,0.5598971665182982,0.49000000000000016,0.47800000000000004,0.45099999999999996,0.5470805163980121,0.7480000000000001,0.7652,0.7534,0.760583277234757,2.0,7.0,11.0,1.0,4.0,13.0,4.0,7.0,14.0,0.0,0.0,1.0,54.0,86.0,216.0,0,2,0.725944,0.725944,0.47,0.765,1.0,0.0,21.0,1.413705,1.335455,1.2969853,1.834545048227739,1.4137050000000002,1.335455,1.2209758000000002,1.8343504016403442,0.57,0.506,0.479,0.5537261669151846,0.7799999999999999,0.7756000000000001,0.7921,0.7886380571232514,5.0,6.0,12.0,6.0,10.0,20.0,6.0,8.0,13.0,0.0,0.0,0.0,51.0,97.0,180.0,1,0.06816999999999995,0.06816999999999995,0.06000000000000005,-0.01200000000000001,-0.5740126666666666,-0.3052496,-0.5044158,-1.2736749665078404,-0.574012666666667,-0.4572676,-0.5044153000000001,-1.2744532351220461,-0.0799999999999998,-0.02799999999999997,-0.028000000000000025,-0.0066456505171724745,-0.031999999999999806,-0.010400000000000076,-0.03870000000000007,-0.028054779888494363
20230514_Brest_Auxerre,2023-05-14 13:00:00,2022,Brest,Auxerre,1,0,1.63305,1.63305,0.45,0.758,0.0,0.0,14.0,0.8892830000000002,0.9470921999999999,0.8905926000000001,1.287309043268796,0.6359163333333332,0.7950722000000001,0.7385735999999999,0.679190126660732,0.5433333333333334,0.508,0.454,0.5386832206559206,0.7623333333333333,0.7548,0.7489,0.7725033310893903,3.0,5.0,13.0,2.0,3.0,10.0,4.0,6.0,13.0,0.0,0.0,1.0,41.0,83.0,202.0,0,1,0.73065,0.73065,0.55,0.815,0.0,0.0,21.0,1.0372253333333332,1.3376062000000002,1.1412628999999999,1.3876364539847257,0.783862,1.0335682,0.9892439,1.3584488467109512,0.3633333333333333,0.366,0.378,0.4381810828535369,0.7236666666666668,0.7030000000000001,0.7106,0.7583301992885073,3.0,8.0,11.0,4.0,5.0,8.0,1.0,6.0,13.0,0.0,0.0,0.0,65.0,111.0,236.0,1,0.9023999999999999,0.9023999999999999,-0.10000000000000003,-0.05699999999999994,-0.14794233333333306,-0.39051400000000025,-0.2506702999999998,-0.10032741071592977,-0.14794566666666675,-0.23849599999999982,-0.2506703,-0.6792587200502193,0.18000000000000016,0.14200000000000002,0.07600000000000001,0.10050213780238365,0.038666666666666516,0.05179999999999996,0.0383,0.014173131800882977
20230521_Brest_Clermont Foot,2023-05-21 13:00:00,2022,Brest,Clermont Foot,2,1,1.14332,1.14332,0.41,0.725,3.0,0.0,16.0,1.2831446666666666,1.0514362,1.0336556,1.563901808653759,1.0297779999999999,0.8994161999999999,0.8816366,1.4422780253321463,0.5066666666666667,0.5200000000000001,0.4680000000000001,0.4677366441311841,0.7626666666666666,0.767,0.7537,0.7609006662178781,4.0,5.0,13.0,2.0,2.0,8.0,2.0,5.0,11.0,0.0,0.0,0.0,43.0,64.0,185.0,1,2,0.36306,0.36306,0.59,0.799,4.0,0.0,12.0,1.5624600000000004,1.5244974,1.5534414,1.7271431082027298,1.3090940000000002,1.0684398000000002,1.1733939,1.1170410314281678,0.4133333333333334,0.442,0.485,0.40304034711191306,0.743,0.7698,0.7841,0.7545599307848385,4.0,8.0,14.0,2.0,4.0,11.0,3.0,6.0,13.0,1.0,3.0,3.0,53.0,91.0,156.0,1,0.78026,0.78026,-0.18,-0.07400000000000007,-0.2793153333333338,-0.47306120000000007,-0.5197858000000002,-0.1632412995489707,-0.27931600000000034,-0.16902360000000027,-0.2917573,0.32523699390397853,0.09333333333333332,0.07800000000000012,-0.016999999999999904,0.06469629701927104,0.01966666666666661,-0.0028000000000000247,-0.030399999999999983,0.00634073543303959
20230603_Brest_Rennes,2023-06-03 17:00:00,2022,Brest,Rennes,1,2,1.22603,0.465938,0.53,0.78,3.0,0.0,9.0,1.4356900000000001,1.3046908,1.1674481,1.4700472723461504,1.43569,1.1526707999999999,1.0154291,1.465182321013286,0.4133333333333334,0.462,0.4699999999999999,0.3883094657652474,0.7273333333333333,0.7424,0.7538,0.7056360266487152,5.0,8.0,15.0,2.0,4.0,8.0,5.0,7.0,14.0,0.0,0.0,0.0,50.0,79.0,165.0,2,1,1.57488,0.814789,0.47,0.765,4.0,0.0,10.0,2.2038619999999995,2.0369892000000003,1.8905116,1.0736090312371318,2.2038619999999995,2.0369892000000003,1.8905116,1.0736090312371318,0.6033333333333332,0.596,0.5549999999999999,0.5743395269493082,0.8496666666666667,0.8558,0.8439,0.8306722427170183,11.0,16.0,22.0,0.0,4.0,9.0,2.0,4.0,12.0,0.0,0.0,0.0,39.0,69.0,158.0,-1,-0.3488500000000001,-0.34885099999999997,0.06000000000000005,0.015000000000000013,-0.7681719999999994,-0.7322984000000003,-0.7230634999999999,0.3964382411090186,-0.7681719999999996,-0.8843184000000004,-0.8750825,0.39157328977615413,-0.18999999999999978,-0.13399999999999995,-0.08500000000000002,-0.18603006118406085,-0.1223333333333334,-0.11340000000000006,-0.09009999999999996,-0.12503621606830317
20230812_Brest_Lens,2023-08-12 18:00:00,2023,Brest,Lens,3,2,2.91934,1.39915,,,,,,1.3000166666666668,1.3910740000000001,1.1740291,1.27483345446923,1.0466526666666665,1.0870355999999999,1.0220099,0.6657868642026572,0.4400000000000001,0.462,0.472,0.5016618931530495,0.7346666666666666,0.7478,0.7519,0.7651272053297431,5.0,7.0,14.0,4.0,6.0,8.0,8.0,10.0,16.0,0.0,0.0,0.0,45.0,69.0,157.0,2,3,0.960002,0.960002,,,,,,2.6017333333333332,2.099088,1.9581779999999998,3.012120422238092,2.3483666666666667,1.7950488,1.7301484999999999,2.8856320244243,0.6033333333333334,0.528,0.5149999999999999,0.5386430494500758,0.8636666666666666,0.8168,0.8266,0.8524916245680448,9.0,13.0,21.0,2.0,4.0,8.0,6.0,12.0,17.0,0.0,1.0,2.0,42.0,106.0,173.0,1,1.959338,0.43914799999999987,,,-1.3017166666666664,-0.7080139999999999,-0.7841488999999997,-1.737286967768862,-1.3017140000000003,-0.7080132000000001,-0.7081385999999998,-2.219845160221643,-0.16333333333333327,-0.066,-0.04299999999999993,-0.03698115629702625,-0.129,-0.06899999999999995,-0.07469999999999999,-0.08736441923830174
20230902_Brest_Rennes,2023-09-02 15:00:00,2023,Brest,Rennes,0,0,1.58468,1.58468,0.48,0.7709999999999999,3.0,0.0,20.0,2.084003333333334,1.801748,1.4452959,1.742771147635754,1.577273333333333,1.3456915999999999,1.1412577,1.6892526949136213,0.5000000000000001,0.47750000000000004,0.48888888888888893,0.5365872561252671,0.771,0.75525,0.7545555555555556,0.8026393067174261,5.0,8.0,14.0,5.0,8.0,11.0,3.0,8.0,15.0,0.0,0.0,0.0,31.0,60.0,131.0,0,0,0.248338,0.248338,0.52,0.807,1.0,0.0,29.0,3.2676499999999997,2.4275252000000003,2.2890585999999997,3.2195496464499795,3.0142846666666663,2.1234878000000004,2.1370399,3.0930697040499795,0.6033333333333333,0.57,0.595,0.5943269432431189,0.8726666666666666,0.8412,0.8522000000000001,0.8708010755883473,8.0,12.0,26.0,4.0,5.0,10.0,2.0,6.0,12.0,0.0,0.0,0.0,50.0,81.0,143.0,0,1.3363420000000001,1.3363420000000001,-0.040000000000000036,-0.03600000000000014,-1.1836466666666658,-0.6257772000000004,-0.8437626999999996,-1.4767784988142256,-1.4370113333333332,-0.7777962000000005,-0.9957822000000001,-1.4038170091363582,-0.10333333333333317,-0.09249999999999992,-0.10611111111111104,-0.05773968711785171,-0.10166666666666657,-0.08594999999999997,-0.09764444444444442,-0.06816176887092118
20230923_Brest_Lyon,2023-09-23 19:00:00,2023,Brest,Lyon,1,0,2.54509,2.54509,0.57,0.7490000000000001,3.0,0.0,11.0,1.6244533333333335,1.8794720000000003,1.6352730000000002,1.5717956459054303,1.6244533333333333,1.575434,1.3312348,1.569654907796545,0.5066666666666667,0.49,0.4744444444444444,0.4822634902450107,0.7679999999999999,0.7557499999999999,0.7513333333333334,0.7234655722686969,2.0,7.0,14.0,3.0,6.0,12.0,8.0,10.0,20.0,0.0,0.0,0.0,59.0,79.0,148.0,0,1,0.254128,0.254128,0.43,0.715,1.0,0.0,22.0,1.5104000000000006,1.4453318,2.0139619,1.8728625109145103,1.2570333333333337,1.2933118000000001,1.7859339000000003,1.7512446403154502,0.4366666666666666,0.516,0.562,0.5320727372923497,0.8093333333333333,0.8263999999999999,0.8423,0.8370791581343565,1.0,3.0,16.0,4.0,10.0,20.0,9.0,15.0,20.0,0.0,1.0,1.0,41.0,62.0,134.0,1,2.290962,2.290962,0.13999999999999996,0.03400000000000014,0.1140533333333329,0.4341402000000003,-0.3786888999999998,-0.30106686500908,0.36741999999999964,0.2821221999999999,-0.45469910000000024,-0.1815897325189053,0.07000000000000012,-0.026000000000000023,-0.08755555555555566,-0.04980924704733902,-0.041333333333333444,-0.07064999999999999,-0.09096666666666664,-0.11361358586565962
20231008_Brest_Toulouse,2023-10-08 13:00:00,2023,Brest,Toulouse,1,1,1.61363,1.61363,0.55,0.772,2.0,0.0,16.0,1.4195880000000003,1.5142908,1.5995504,0.5924894258362171,1.419588,1.5142908,1.3715221999999998,0.5924037963118618,0.5033333333333334,0.51,0.47888888888888886,0.4784905396098004,0.7296666666666667,0.7565999999999999,0.7451111111111112,0.7327786228907478,3.0,3.0,13.0,1.0,3.0,10.0,10.0,14.0,24.0,0.0,0.0,0.0,56.0,87.0,152.0,1,1,1.23903,1.23903,0.45,0.755,2.0,0.0,23.0,1.2904593333333332,0.9642408,1.2889711000000001,2.008823189551213,1.2904593333333334,0.9642408,1.2129618,2.0086286057432132,0.4766666666666666,0.48199999999999993,0.47300000000000003,0.6045248147759464,0.7866666666666666,0.7842,0.7892,0.8425091417026409,4.0,6.0,12.0,2.0,6.0,10.0,9.0,13.0,20.0,0.0,0.0,0.0,109.0,156.0,239.0,0,0.3745999999999998,0.3745999999999998,0.10000000000000003,0.017000000000000015,0.1291286666666671,0.5500499999999999,0.3105792999999999,-1.416333763714996,0.12912866666666667,0.5500499999999999,0.15856039999999982,-1.4162248094313514,0.026666666666666783,0.02800000000000008,0.0058888888888888324,-0.12603427516614601,-0.05699999999999994,-0.02760000000000007,-0.044088888888888844,-0.10973051881189311
20231029_Brest_Paris Saint Germain,2023-10-29 12:00:00,2023,Brest,Paris Saint Germain,2,3,1.68226,1.68226,0.44,0.7809999999999999,3.0,0.0,9.0,0.7973010000000001,1.2995326,1.5560383,0.7820955770334486,0.7973009999999997,1.2995325999999998,1.3280101,0.7820921518524744,0.5266666666666667,0.526,0.5155555555555555,0.563139621584392,0.7643333333333334,0.7504000000000001,0.7605555555555555,0.7856311449156299,1.0,4.0,10.0,2.0,3.0,10.0,8.0,15.0,24.0,0.0,0.0,0.0,46.0,85.0,145.0,3,2,2.09847,1.20329,,,,,,2.8802699999999994,2.372464,2.424984,2.627393608388884,2.6269033333333334,2.2204439999999996,2.120944,2.019110928027924,,,,,,,,,6.0,12.0,22.0,1.0,4.0,10.0,,,,,,,,,,-1,-0.41620999999999975,0.4789700000000001,,,-2.0829689999999994,-1.0729313999999999,-0.8689456999999998,-1.8452980313554352,-1.8296023333333338,-0.9209113999999998,-0.7929339000000002,-1.2370187761754494,,,,,,,,
20231203_Brest_Clermont Foot,2023-12-03 14:00:00,2023,Brest,Clermont Foot,3,0,1.30229,0.542197,0.57,0.82,1.0,0.0,17.0,1.6016900000000003,1.4087938,1.4615423,2.086733884616268,1.6016900000000003,1.4087938000000002,1.4615423,2.0867338572148197,0.4833333333333334,0.514,0.512,0.4809851169726751,0.7586666666666666,0.7677999999999999,0.7622,0.726797049159325,5.0,6.0,9.0,6.0,8.0,11.0,9.0,14.0,28.0,1.0,1.0,1.0,61.0,90.0,177.0,0,3,0.605084,0.605084,0.43,0.754,2.0,0.0,22.0,1.2657253333333334,1.029501,1.0982049999999999,0.7863237714347384,1.0123606666666667,0.8774822,0.8701764000000001,0.7619988949223098,0.4666666666666666,0.492,0.499,0.39499997139935583,0.8016666666666666,0.8048,0.7889999999999999,0.7306817853727083,2.0,2.0,7.0,4.0,5.0,11.0,11.0,11.0,26.0,3.0,3.0,3.0,71.0,94.0,176.0,1,0.697206,-0.06288699999999992,0.13999999999999996,0.06599999999999995,0.3359646666666669,0.3792928,0.3633373000000002,1.3004101131815295,0.5893293333333336,0.5313116000000002,0.5913659,1.32473496229251,0.016666666666666774,0.02200000000000002,0.013000000000000012,0.08598514557331927,-0.04300000000000004,-0.03700000000000003,-0.026799999999999935,-0.0038847362133833663
20231207_Brest_Strasbourg,2023-12-07 19:30:00,2023,Brest,Strasbourg,1,1,0.993441,0.993441,0.61,0.816,1.0,0.0,13.0,1.4750333333333334,1.3465258,1.4189703,1.4591787769232536,1.2216690000000001,1.1945071999999999,1.342961,0.8511043714429639,0.5266666666666667,0.518,0.513,0.5521970233945349,0.7716666666666666,0.7773999999999999,0.7619,0.801359409831865,6.0,8.0,12.0,3.0,7.0,9.0,7.0,13.0,28.0,1.0,1.0,1.0,69.0,91.0,183.0,1,1,1.26839,1.26839,0.39,0.773,0.0,0.0,28.0,1.5238966666666673,1.1634304,0.9953928999999999,1.7100918755752206,1.2705300000000002,1.0114104,0.9193829000000001,1.102011875570432,0.4266666666666668,0.382,0.41200000000000003,0.47142386867509994,0.7896666666666667,0.7644,0.788,0.7898461402558458,2.0,3.0,7.0,3.0,7.0,14.0,4.0,6.0,16.0,1.0,1.0,1.0,69.0,101.0,181.0,0,-0.2749489999999999,-0.2749489999999999,0.21999999999999997,0.04299999999999993,-0.048863333333333925,0.18309540000000002,0.4235774000000001,-0.250913098651967,-0.04886100000000004,0.18309679999999995,0.42357809999999996,-0.2509075041274681,0.09999999999999992,0.136,0.10099999999999998,0.08077315471943497,-0.018000000000000127,0.0129999999999999,-0.026100000000000012,0.01151326957601928
20231220_Brest_Lorient,2023-12-20 20:00:00,2023,Brest,Lorient,4,0,1.59135,1.59135,0.59,0.8270000000000001,1.0,0.0,12.0,1.0065956666666669,1.3416014,1.151905,1.523838902215386,1.0065956666666664,1.1895828,1.0758957,1.5189743069715438,0.5900000000000001,0.562,0.537,0.5231375761871563,0.8123333333333335,0.7939999999999999,0.7826000000000001,0.812842875278655,4.0,10.0,13.0,1.0,2.0,9.0,6.0,9.0,24.0,0.0,0.0,1.0,58.0,115.0,182.0,0,4,0.456656,0.456656,0.41,0.8009999999999999,2.0,0.0,14.0,1.278358,1.1587847999999998,0.9201077999999999,1.2902334616536981,1.278358,1.1587847999999998,0.9201077999999999,1.290233461652901,0.5,0.524,0.481,0.516361070022567,0.8073333333333333,0.8262,0.8072000000000001,0.7914748058479251,4.0,6.0,11.0,7.0,11.0,19.0,12.0,16.0,24.0,0.0,0.0,0.0,52.0,88.0,227.0,1,1.134694,1.134694,0.18,0.026000000000000134,-0.2717623333333332,0.18281660000000022,0.23179720000000004,0.23360544056168786,-0.27176233333333366,0.030798000000000103,0.1557879000000001,0.2287408453186428,0.09000000000000008,0.038000000000000034,0.05600000000000005,0.006776506164589247,0.0050000000000001155,-0.03220000000000012,-0.024600000000000066,0.021368069430729886
20240114_Brest_Montpellier,2024-01-14 14:00:00,2023,Brest,Montpellier,2,0,4.34723,4.34723,0.65,0.835,1.0,0.0,22.0,1.205898666666667,1.1826854,1.2957395999999999,1.5778477804430773,1.2058986666666665,1.0306668,1.2197303000000002,1.5768748613943089,0.5833333333333335,0.586,0.55,0.5766275152374312,0.8160000000000002,0.8168000000000001,0.7923,0.824168575055731,7.0,11.0,17.0,0.0,1.0,9.0,6.0,8.0,22.0,0.0,0.0,1.0,57.0,87.0,177.0,0,2,0.462585,0.462585,0.35,0.71,2.0,0.0,32.0,1.2086523333333334,1.4652433999999999,1.4538522999999999,1.3858934523014783,1.2086523333333339,1.3132234,1.3018323000000003,1.3847258764347448,0.38333333333333347,0.43,0.421,0.347335167242698,0.7016666666666667,0.716,0.7351,0.7223772838011081,2.0,3.0,7.0,1.0,4.0,12.0,6.0,14.0,19.0,0.0,1.0,1.0,100.0,132.0,232.0,1,3.884645,3.884645,0.30000000000000004,0.125,-0.0027536666666665433,-0.28255799999999986,-0.1581127,0.19195432814159896,-0.0027536666666674314,-0.28255659999999994,-0.08210200000000012,0.19214898495956412,0.2,0.15599999999999997,0.12900000000000006,0.2292923479947332,0.11433333333333351,0.10080000000000011,0.05720000000000003,0.10179129125462294
20240204_Brest_Nice,2024-02-04 16:05:00,2023,Brest,Nice,0,0,0.875796,0.875796,0.53,0.7979999999999999,3.0,0.0,21.0,2.337353333333333,1.8076812,1.6139207,1.6174547112177229,2.337353333333333,1.8076811999999998,1.5379114,1.617415794455772,0.5666666666666668,0.5720000000000001,0.549,0.49506510060949727,0.8276666666666667,0.8208,0.8016,0.8233667430022292,8.0,11.0,20.0,2.0,2.0,9.0,5.0,10.0,21.0,0.0,0.0,1.0,47.0,92.0,183.0,0,0,0.67289,0.67289,0.47,0.785,1.0,0.0,27.0,1.9127360000000004,1.7309316000000003,1.5952968,1.8158356875433508,1.406002666666667,1.4268916,1.3672668,1.1834321762063909,0.5433333333333333,0.554,0.552,0.6355467191861947,0.8373333333333334,0.8366,0.851,0.8539399609422964,3.0,6.0,10.0,2.0,6.0,7.0,3.0,7.0,13.0,0.0,1.0,2.0,43.0,66.0,146.0,0,0.20290600000000003,0.20290600000000003,0.06000000000000005,0.0129999999999999,0.42461733333333274,0.07674959999999964,0.018623899999999916,-0.1983809763256279,0.9313506666666662,0.38078959999999973,0.17064460000000015,0.43398361824938125,0.023333333333333428,0.018000000000000016,-0.0030000000000000027,-0.1404816185766974,-0.009666666666666712,-0.015800000000000036,-0.0494,-0.030573217940067177
20240218_Brest_Marseille,2024-02-18 19:45:00,2023,Brest,Marseille,1,0,1.79901,1.79901,0.42,0.746,3.0,1.0,35.0,1.1020486666666667,1.8489452,1.5952733,1.290321548448709,1.1020486666666667,1.8489452,1.5192640000000002,1.2903199917782309,0.5100000000000001,0.554,0.558,0.5366026040243799,0.8013333333333333,0.8131999999999999,0.8036,0.7886146697200892,3.0,9.0,19.0,3.0,3.0,5.0,10.0,12.0,21.0,1.0,1.0,1.0,53.0,87.0,202.0,0,1,0.49619,0.49619,0.58,0.8009999999999999,1.0,0.0,23.0,2.1227353333333334,1.8280552,1.8761746,2.1206450612813184,2.122735333333333,1.8280552,1.8001649999999998,2.1206435046047103,0.6566666666666666,0.624,0.5690000000000001,0.6546109970931207,0.8476666666666667,0.8344000000000001,0.8253,0.852669116217827,3.0,5.0,17.0,4.0,6.0,10.0,4.0,8.0,15.0,1.0,1.0,3.0,47.0,87.0,179.0,1,1.30282,1.30282,-0.15999999999999998,-0.05499999999999994,-1.0206866666666667,0.020889999999999853,-0.2809013,-0.8303235128326094,-1.0206866666666663,0.020889999999999853,-0.2809009999999996,-0.8303235128264794,-0.1466666666666665,-0.06999999999999995,-0.01100000000000001,-0.11800839306874078,-0.04633333333333334,-0.02120000000000022,-0.021700000000000053,-0.06405444649773784
20240303_Brest_Le Havre,2024-03-03 14:00:00,2023,Brest,Le Havre,1,0,1.2486,1.2486,0.6,0.805,4.0,0.0,19.0,1.6374000000000002,1.3722952,1.5819842999999998,1.7445104619379483,1.3840356666666667,1.2202766,1.5059749999999998,1.1364359996711293,0.49333333333333346,0.49399999999999994,0.548,0.5046641041609752,0.7776666666666667,0.7904,0.8051,0.7925045867888036,5.0,7.0,17.0,1.0,3.0,4.0,7.0,13.0,21.0,2.0,2.0,2.0,69.0,103.0,195.0,0,1,0.427329,0.427329,0.4,0.7140000000000001,1.0,0.0,6.0,1.1297333333333333,0.9791262,1.2231142,1.4693385058574027,0.8763673333333332,0.6750885999999999,0.9950854,0.8602793947799408,0.46,0.46799999999999997,0.46699999999999997,0.48143892812799755,0.7736666666666667,0.7646000000000001,0.7854,0.7902620137553821,1.0,5.0,12.0,6.0,10.0,17.0,8.0,14.0,22.0,0.0,0.0,2.0,47.0,101.0,213.0,1,0.8212709999999999,0.8212709999999999,0.19999999999999996,0.09099999999999997,0.5076666666666669,0.393169,0.35887009999999986,0.2751719560805457,0.5076683333333335,0.5451880000000001,0.5108895999999998,0.27615660489118854,0.03333333333333344,0.025999999999999968,0.08100000000000007,0.023225176032977635,0.0040000000000000036,0.025799999999999934,0.01970000000000005,0.0022425730334215688
20240317_Brest_Lille,2024-03-17 12:00:00,2023,Brest,Lille,1,1,1.4278,1.4278,0.51,0.8190000000000001,3.0,0.0,19.0,1.175809,1.3366614,1.6377662999999998,0.687562018477518,0.9224446666666667,1.1846428,1.5617569999999998,0.6632390399868452,0.5666666666666668,0.532,0.538,0.580186564166439,0.8083333333333332,0.7912,0.8051,0.8149001834715521,4.0,6.0,16.0,1.0,2.0,4.0,6.0,13.0,24.0,0.0,2.0,2.0,46.0,100.0,194.0,1,1,0.845861,0.845861,0.49,0.8170000000000001,0.0,0.0,23.0,1.3861219999999996,1.9748272,1.8784949000000002,2.2031950016678903,1.3861220000000003,1.7958572,1.7890099,2.1974679492144116,0.57,0.5599999999999999,0.572,0.5752711976248746,0.826,0.8336,0.8427,0.8279149861804247,4.0,8.0,17.0,5.0,8.0,11.0,7.0,12.0,19.0,0.0,0.0,1.0,45.0,76.0,159.0,0,0.581939,0.581939,0.020000000000000018,0.0020000000000000018,-0.21031299999999953,-0.6381657999999999,-0.2407286000000004,-1.5156329831903723,-0.4636773333333336,-0.6112143999999999,-0.2272529000000001,-1.5342289092275663,-0.0033333333333331883,-0.027999999999999914,-0.03399999999999992,0.0049153665415644365,-0.01766666666666672,-0.04239999999999999,-0.03759999999999997,-0.013014802708872564
20240407_Brest_Metz,2024-04-07 11:00:00,2023,Brest,Metz,4,3,4.51637,4.51637,0.66,0.843,0.0,0.0,13.0,0.793403,1.0770258,1.4837515,0.5998720807391007,0.793403,0.9250071999999999,1.4077422,0.5988991615994738,0.5133333333333334,0.5319999999999999,0.526,0.4648074625666576,0.8063333333333333,0.8051999999999999,0.8010999999999999,0.7892360073388621,2.0,6.0,12.0,2.0,2.0,5.0,8.0,12.0,26.0,1.0,1.0,3.0,60.0,94.0,204.0,3,4,2.08036,2.08036,0.34,0.7290000000000001,1.0,0.0,29.0,1.5716233333333332,1.769848,1.2235600999999998,1.666250214079125,1.3182566666666666,1.465808,1.0715401,1.6370623729746856,0.34666666666666673,0.39,0.39300000000000007,0.35729896494405927,0.7333333333333334,0.7516,0.7438,0.7689343880392113,4.0,7.0,9.0,7.0,9.0,17.0,5.0,8.0,18.0,0.0,0.0,1.0,64.0,133.0,249.0,1,2.43601,2.43601,0.32,0.11399999999999988,-0.7782203333333332,-0.6928222000000002,0.2601914000000001,-1.0663781333400244,-0.5248536666666667,-0.5408008000000001,0.33620209999999995,-1.038163211375212,0.16666666666666669,0.1419999999999999,0.13299999999999995,0.10750849762259834,0.07299999999999995,0.05359999999999987,0.05729999999999991,0.020301619299650797
20240421_Brest_Monaco,2024-04-21 15:05:00,2023,Brest,Monaco,0,2,0.640964,0.640964,0.56,0.755,5.0,0.0,18.0,2.221524,1.7229758,1.5651475,2.121254083229564,2.221524,1.7229758,1.4891382,2.121215166463979,0.5266666666666668,0.534,0.528,0.5001922985026663,0.8210000000000001,0.82,0.8036,0.8368494402935545,8.0,9.0,15.0,7.0,9.0,10.0,8.0,13.0,27.0,2.0,2.0,4.0,69.0,100.0,209.0,2,0,1.30681,1.30681,0.44,0.664,2.0,2.0,16.0,2.6332866666666668,2.334038,1.9617996999999998,1.86405159688183,2.6332866666666668,2.334038,1.8750637,1.8638295402683511,0.5566666666666666,0.53,0.516,0.5394961432119478,0.8256666666666667,0.8068,0.7842,0.7989541282834879,8.0,9.0,19.0,4.0,4.0,13.0,6.0,9.0,23.0,2.0,2.0,4.0,51.0,104.0,202.0,-1,-0.665846,-0.665846,0.12000000000000005,0.09099999999999997,-0.4117626666666667,-0.6110622000000001,-0.3966521999999999,0.257202486347734,-0.4117626666666667,-0.6110622000000001,-0.38592550000000014,0.25738562619562777,-0.029999999999999805,0.0040000000000000036,0.01200000000000001,-0.0393038447092815,-0.004666666666666597,0.01319999999999999,0.019399999999999973,0.03789531201006657
20240504_Brest_Nantes,2024-05-04 19:00:00,2023,Brest,Nantes,0,0,0.621067,0.621067,0.71,0.856,3.0,0.0,15.0,1.5154146666666666,1.8985032,1.6246753000000003,1.9369884033291827,1.5154146666666666,1.8985032,1.5486659999999999,1.9369868466585594,0.5200000000000001,0.534,0.53,0.5336076919401067,0.7946666666666666,0.8018000000000001,0.7998999999999999,0.7870739776117421,8.0,13.0,19.0,10.0,13.0,15.0,11.0,14.0,26.0,1.0,2.0,3.0,74.0,116.0,216.0,0,0,1.33601,1.33601,0.29,0.6759999999999999,2.0,0.0,28.0,0.8745126666666665,1.1041056,1.0311628,1.4256724496249042,0.8745126666666666,0.9520876000000001,0.9551538,1.4246995319342282,0.48666666666666664,0.46399999999999997,0.44800000000000006,0.4610422185433848,0.7956666666666666,0.7986000000000001,0.7845,0.7733896574662182,2.0,5.0,7.0,4.0,8.0,17.0,4.0,11.0,22.0,0.0,0.0,0.0,73.0,125.0,235.0,0,-0.7149429999999999,-0.7149429999999999,0.42,0.18000000000000005,0.6409020000000001,0.7943975999999999,0.5935125000000003,0.5113159537042784,0.640902,0.9464155999999998,0.5935121999999998,0.5122873147243312,0.03333333333333349,0.07000000000000006,0.08199999999999996,0.07256547339672192,-0.0010000000000000009,0.0031999999999999806,0.01539999999999997,0.013684320145523898
20240510_Brest_Reims,2024-05-10 19:00:00,2023,Brest,Reims,1,1,1.34751,1.34751,0.6,0.795,2.0,0.0,15.0,1.1496703333333333,1.9367362,1.5068810000000001,0.8842512806658365,1.1496703333333333,1.9367362,1.4308717,0.8842509693317118,0.6000000000000002,0.5860000000000001,0.5589999999999999,0.6747215383880213,0.8006666666666665,0.8166,0.8109,0.8422147955223485,5.0,12.0,18.0,6.0,13.0,15.0,9.0,14.0,26.0,0.0,1.0,2.0,62.0,102.0,196.0,1,1,0.432216,0.432216,0.4,0.698,3.0,0.0,40.0,0.977893666666667,0.9913292,1.2799934,0.9407447787364916,0.977893666666667,0.9913292,1.2039844,0.9407432220721716,0.5166666666666666,0.48600000000000004,0.505,0.5054745320465941,0.818,0.7973999999999999,0.8028000000000001,0.8032790748867886,3.0,4.0,11.0,9.0,10.0,16.0,9.0,14.0,29.0,2.0,2.0,3.0,49.0,82.0,168.0,0,0.915294,0.915294,0.19999999999999996,0.09700000000000009,0.17177666666666636,0.9454069999999999,0.2268876000000002,-0.05649349807065518,0.17177666666666636,0.9454069999999999,0.22688730000000001,-0.05649225274045988,0.08333333333333359,0.10000000000000003,0.05399999999999994,0.1692470063414272,-0.017333333333333423,0.019200000000000106,0.008099999999999885,0.038935720635559834
20220806_Clermont Foot_Paris Saint Germain,2022-08-06 19:00:00,2022,Clermont Foot,Paris Saint Germain,0,5,0.194932,0.194932,0.38,0.836,2.0,0.0,17.0,,,,,,,,,,,,,,,,,,,,,,,,,,,,,,,,5,0,4.11887,4.11887,,,,,,2.7661366666666662,2.476566,2.0207574,2.433557841439448,2.0060463333333334,1.8685198,1.6407253000000002,1.6783811851391461,,,,,,,,,7.0,12.0,24.0,1.0,3.0,11.0,,,,,,,,,,-1,-3.923938,-3.923938,,,,,,,,,,,,,,,,,,
20220821_Clermont Foot_Nice,2022-08-21 13:00:00,2022,Clermont Foot,Nice,1,0,0.712338,0.712338,0.48,0.8740000000000001,1.0,0.0,16.0,0.880986,0.880986,0.880986,1.2926184,0.5009375,0.5009375,0.5009375,0.6845408,0.48,0.48,0.48,0.5399999999999999,0.8334999999999999,0.8334999999999999,0.8334999999999999,0.8320000000000001,4.0,4.0,4.0,7.0,7.0,7.0,5.0,5.0,5.0,0.0,0.0,0.0,26.0,26.0,26.0,0,1,1.63135,1.63135,0.52,0.871,2.0,2.0,12.0,1.2277533333333335,1.47768,1.3372365,1.3759384432189357,0.974387,1.3256602000000002,1.1852306,0.7678589313416864,0.5133333333333333,0.578,0.553,0.546366489229157,0.82,0.8434000000000001,0.8405000000000001,0.8144328222029285,5.0,8.0,13.0,4.0,8.0,14.0,5.0,8.0,15.0,0.0,1.0,2.0,45.0,62.0,149.0,1,-0.919012,-0.919012,-0.040000000000000036,0.0030000000000001137,-0.3467673333333334,-0.5966940000000001,-0.4562504999999999,-0.0833200432189356,-0.47344949999999997,-0.8247227000000001,-0.6842930999999999,-0.08331813134168642,-0.033333333333333326,-0.09799999999999998,-0.07300000000000006,-0.006366489229157057,0.013499999999999956,-0.009900000000000242,-0.007000000000000228,0.01756717779707162
20220904_Clermont Foot_Toulouse,2022-09-04 13:00:00,2022,Clermont Foot,Toulouse,2,0,1.50732,1.50732,0.34,0.703,4.0,0.0,28.0,0.43632933333333335,0.614192,0.614192,0.2336384832,0.4363293333333333,0.4621726,0.4621726,0.22877386239999997,0.49333333333333335,0.488,0.488,0.43568,0.8220000000000001,0.8266,0.8266,0.761664,2.0,6.0,6.0,3.0,10.0,10.0,6.0,11.0,11.0,1.0,1.0,1.0,42.0,68.0,68.0,0,2,1.44839,1.44839,0.66,0.8240000000000001,1.0,0.0,18.0,1.1980876666666667,1.5050846,1.5050846,0.6467522719999999,1.1980876666666667,1.5050846,1.5050846,0.6467522719999999,0.4666666666666666,0.506,0.506,0.405664,0.8089999999999998,0.8135999999999999,0.8135999999999999,0.8281535999999999,3.0,7.0,7.0,8.0,9.0,9.0,6.0,8.0,8.0,0.0,0.0,0.0,48.0,71.0,71.0,1,0.05892999999999993,0.05892999999999993,-0.32,-0.12100000000000011,-0.7617583333333333,-0.8908926,-0.8908926,-0.4131137887999998,-0.7617583333333333,-1.042912,-1.042912,-0.4179784095999999,0.026666666666666727,-0.018000000000000016,-0.018000000000000016,0.030015999999999987,0.013000000000000234,0.013000000000000123,0.013000000000000123,-0.06648959999999993
20220918_Clermont Foot_Troyes,2022-09-18 13:00:00,2022,Clermont Foot,Troyes,1,3,1.25973,1.25973,0.58,0.804,0.0,0.0,12.0,0.8769563333333333,0.7551468,0.7911008571428572,1.018057539328,0.8769563333333333,0.7551468,0.6825155714285714,1.017862954496,0.4366666666666667,0.4779999999999999,0.47857142857142854,0.5278271999999999,0.7400000000000001,0.7896000000000001,0.8021428571428572,0.76614656,2.0,4.0,8.0,1.0,3.0,10.0,8.0,12.0,17.0,0.0,1.0,1.0,67.0,92.0,118.0,3,1,1.3715,1.3715,0.42,0.753,3.0,0.0,18.0,1.3078383333333334,1.4207428,1.410265142857143,0.7316185233920001,1.054475,1.1167058,1.0845101428571429,0.706274075392,0.37999999999999995,0.394,0.39428571428571424,0.36144511999999995,0.7783333333333333,0.7938,0.7898571428571428,0.790305088,5.0,9.0,11.0,4.0,9.0,15.0,4.0,7.0,9.0,1.0,1.0,1.0,71.0,105.0,137.0,-1,-0.11176999999999992,-0.11176999999999992,0.15999999999999998,0.051000000000000045,-0.4308820000000001,-0.665596,-0.619164285714286,0.28643901593599996,-0.1775186666666667,-0.3615590000000001,-0.4019945714285714,0.311588879104,0.056666666666666754,0.08399999999999991,0.0842857142857143,0.16638208,-0.03833333333333322,-0.0041999999999998705,0.012285714285714344,-0.024158527999999957
20221009_Clermont Foot_Auxerre,2022-10-09 13:00:00,2022,Clermont Foot,Auxerre,2,1,1.41698,1.41698,0.48,0.762,0.0,0.0,16.0,1.1705386666666666,1.0366118,0.8988773333333333,1.2762471015731198,1.1705386666666666,1.0366118,0.8144221111111111,1.27623931817984,0.5433333333333333,0.4739999999999999,0.49,0.497913088,0.7826666666666666,0.7578,0.7982222222222223,0.7712858624000001,4.0,6.0,12.0,4.0,5.0,14.0,5.0,11.0,20.0,0.0,0.0,1.0,57.0,102.0,153.0,1,2,1.00824,1.00824,0.52,0.8270000000000001,0.0,0.0,18.0,1.3077109999999998,0.9915063999999999,0.965343,1.35151012604416,1.0543476666666665,0.8394883999999999,0.7964336666666667,0.7433992092313599,0.52,0.484,0.44555555555555554,0.4939294976,0.8263333333333334,0.8086,0.8,0.8389972096,2.0,3.0,9.0,9.0,13.0,20.0,7.0,10.0,19.0,1.0,1.0,4.0,49.0,94.0,201.0,1,0.4087399999999999,0.4087399999999999,-0.040000000000000036,-0.06500000000000006,-0.13717233333333323,0.04510540000000007,-0.06646566666666665,-0.07526302447104016,0.11619100000000016,0.19712340000000006,0.017988444444444363,0.53284010894848,0.023333333333333317,-0.010000000000000064,0.04444444444444445,0.003983590400000014,-0.04366666666666674,-0.050799999999999956,-0.001777777777777767,-0.06771134719999994
20221023_Clermont Foot_Brest,2022-10-23 13:00:00,2022,Clermont Foot,Brest,1,3,0.70294,0.70294,0.62,0.825,4.0,0.0,16.0,1.7362033333333333,1.4855532,1.1811114,2.2771026840629247,1.7362033333333333,1.4855532,1.1051017,2.2771023727271933,0.5366666666666666,0.5519999999999999,0.516,0.61671652352,0.8019999999999999,0.7978000000000001,0.7988999999999999,0.855971434496,6.0,7.0,15.0,3.0,6.0,11.0,7.0,9.0,22.0,0.0,0.0,1.0,48.0,82.0,161.0,3,1,2.73014,1.97005,0.38,0.753,1.0,0.0,21.0,0.7605413333333334,0.8694651999999999,0.9371528,0.6657205057677709,0.7605413333333332,0.7174454,0.8611428999999999,0.664747516781198,0.4933333333333334,0.492,0.49000000000000005,0.4690912535939011,0.779,0.7752,0.7735000000000001,0.7747455834782244,3.0,3.0,9.0,7.0,9.0,22.0,9.0,13.0,17.0,0.0,0.0,1.0,57.0,88.0,157.0,-1,-2.0272,-1.2671100000000002,0.24,0.07199999999999995,0.9756619999999999,0.6160880000000001,0.24395860000000003,1.6113821782951538,0.9756620000000001,0.7681078,0.24395880000000014,1.6123548559459953,0.043333333333333224,0.05999999999999994,0.025999999999999968,0.14762526992609887,0.02299999999999991,0.022600000000000064,0.025399999999999867,0.08122585101777557
20221106_Clermont Foot_Montpellier,2022-11-06 14:00:00,2022,Clermont Foot,Montpellier,1,1,3.88422,2.36403,0.54,0.7190000000000001,1.0,0.0,13.0,1.305367,1.3251082,1.0948666999999999,0.7747473073625171,1.305367,1.3251082,1.0948667,0.7747472949090877,0.5733333333333334,0.536,0.517,0.4838686609408,0.8236666666666667,0.7996000000000001,0.7876,0.77983885737984,3.0,8.0,12.0,5.0,7.0,13.0,10.0,13.0,24.0,0.0,0.0,1.0,46.0,85.0,173.0,1,1,1.22262,0.462525,0.46,0.7120000000000001,2.0,0.0,20.0,0.695944666666667,0.8774696000000001,1.1728091,0.9254860508606709,0.695944666666667,0.8774696000000002,1.0968061,0.9252914826825377,0.39333333333333337,0.45,0.44099999999999995,0.43608935616585726,0.7283333333333334,0.748,0.7369,0.7666311391054488,1.0,3.0,16.0,6.0,12.0,18.0,6.0,12.0,24.0,1.0,1.0,3.0,58.0,82.0,193.0,0,2.6616,1.901505,0.08000000000000002,0.007000000000000006,0.609422333333333,0.4476386,-0.07794240000000019,-0.15073874349815386,0.609422333333333,0.4476385999999999,-0.0019393999999999245,-0.15054418777345002,0.18,0.08600000000000002,0.07600000000000007,0.047779304774942744,0.09533333333333327,0.05160000000000009,0.05069999999999997,0.013207718274391267
20221228_Clermont Foot_Lille,2022-12-28 18:00:00,2022,Clermont Foot,Lille,0,2,0.511123,0.511123,0.43,0.746,4.0,1.0,10.0,1.6037676666666665,1.6026826,1.4449329,0.8229386922945007,1.0970376666666668,1.2986445999999998,1.2929138999999998,0.5797082917963635,0.45999999999999996,0.53,0.51,0.41775474643763205,0.7343333333333334,0.7814,0.772,0.7198335542951937,3.0,5.0,13.0,4.0,8.0,13.0,6.0,14.0,23.0,0.0,0.0,0.0,51.0,76.0,177.0,2,0,1.79335,1.03325,0.57,0.81,2.0,0.0,19.0,1.8086433333333336,2.102804,1.7947241999999999,1.3693817652026945,1.8086433333333336,1.9507860000000001,1.6427052,1.3682142519286575,0.5833333333333334,0.5820000000000001,0.5660000000000001,0.5854589961705594,0.8416666666666668,0.8320000000000001,0.8141999999999999,0.8563696811380749,2.0,9.0,17.0,2.0,5.0,11.0,8.0,10.0,23.0,1.0,1.0,1.0,33.0,72.0,159.0,-1,-1.282227,-0.522127,-0.13999999999999996,-0.06400000000000006,-0.20487566666666712,-0.5001213999999998,-0.3497912999999999,-0.5464430729081938,-0.7116056666666668,-0.6521414000000003,-0.34979130000000014,-0.788505960132294,-0.1233333333333334,-0.052000000000000046,-0.05600000000000005,-0.16770424973292736,-0.10733333333333339,-0.05060000000000009,-0.042199999999999904,-0.1365361268428812
20230111_Clermont Foot_Rennes,2023-01-11 18:00:00,2022,Clermont Foot,Rennes,2,1,1.92657,1.92657,0.39,0.736,0.0,0.0,12.0,0.6432716666666667,1.3056052,1.3699306,1.07917722769178,0.3899056666666667,0.8495476,1.1419017999999999,0.46136961167185453,0.4066666666666667,0.44200000000000006,0.502,0.4055101898575053,0.738,0.74,0.7735000000000001,0.7489533421718078,2.0,4.0,12.0,4.0,6.0,15.0,10.0,13.0,24.0,1.0,1.0,1.0,37.0,71.0,147.0,1,2,0.900551,0.900551,0.61,0.8490000000000001,2.0,2.0,12.0,1.765573333333333,1.5272816,1.7744106000000002,1.746349606642042,1.765573333333333,1.3752624800000002,1.62239204,1.741290411762042,0.58,0.534,0.5349999999999999,0.6196629670018133,0.8236666666666667,0.8065999999999999,0.8071999999999999,0.854771680663189,5.0,9.0,21.0,5.0,6.0,11.0,3.0,5.0,15.0,0.0,1.0,2.0,39.0,76.0,163.0,1,1.0260189999999998,1.0260189999999998,-0.21999999999999997,-0.1130000000000001,-1.1223016666666663,-0.2216764,-0.4044800000000002,-0.6671723789502622,-1.3756676666666663,-0.5257148800000002,-0.4804902400000002,-1.2799208000901876,-0.17333333333333328,-0.09199999999999997,-0.03299999999999992,-0.21415277714430803,-0.08566666666666667,-0.06659999999999988,-0.03369999999999984,-0.10581833849138123
20230129_Clermont Foot_Nantes,2023-01-29 14:00:00,2022,Clermont Foot,Nantes,0,0,0.639165,0.639165,0.59,0.826,2.0,0.0,8.0,1.74609,1.192497,1.5179786,2.036298289107671,1.4927240000000002,1.0404773999999999,1.2899498,2.0115859844668744,0.4033333333333333,0.406,0.477,0.41462040759430024,0.7676666666666666,0.7532,0.7718,0.8005181336868723,5.0,6.0,12.0,2.0,6.0,13.0,5.0,12.0,23.0,0.0,1.0,1.0,41.0,68.0,143.0,0,0,0.124573,0.124573,0.41,0.797,1.0,0.0,31.0,1.0041813333333334,1.1405184,1.3334987,0.9612846701936529,1.0041813333333334,1.1405184,1.1814797,0.9612815568405466,0.47666666666666674,0.48,0.46900000000000003,0.507637454361209,0.7486666666666667,0.7626000000000001,0.7555,0.7562815378010449,4.0,6.0,12.0,0.0,2.0,9.0,5.0,10.0,18.0,0.0,0.0,3.0,58.0,101.0,188.0,0,0.5145919999999999,0.5145919999999999,0.18,0.028999999999999915,0.7419086666666665,0.051978599999999986,0.18447989999999992,1.075013618914018,0.4885426666666668,-0.10004100000000005,0.10847010000000012,1.0503044276263278,-0.07333333333333342,-0.07399999999999995,0.007999999999999952,-0.09301704676690875,0.018999999999999906,-0.009400000000000075,0.016300000000000092,0.0442365958858274
20230205_Clermont Foot_Monaco,2023-02-05 12:00:00,2022,Clermont Foot,Monaco,0,2,0.276781,0.276781,0.53,0.802,1.0,0.0,15.0,1.4270816666666668,1.482683,1.3438781,1.4125023315643068,1.4270816666666668,1.3306634000000002,1.1158493,1.411513839378675,0.45,0.42800000000000005,0.457,0.382984816303772,0.794,0.7737999999999999,0.7643,0.7561807253474748,2.0,5.0,9.0,1.0,2.0,11.0,5.0,8.0,22.0,0.0,0.0,1.0,52.0,74.0,151.0,2,0,1.46634,1.46634,0.47,0.7979999999999999,2.0,0.0,12.0,2.5653799999999998,2.085138,1.9049319999999998,1.9755944625512645,2.312013333333334,1.933118,1.6009005000000003,1.9510361306235906,0.49333333333333335,0.514,0.506,0.4397516206716129,0.7719999999999999,0.7862,0.7767000000000001,0.7710106671166614,11.0,14.0,26.0,4.0,6.0,15.0,3.0,7.0,16.0,0.0,0.0,0.0,44.0,78.0,126.0,-1,-1.189559,-1.189559,0.06000000000000005,0.004000000000000115,-1.138298333333333,-0.6024550000000002,-0.5610538999999999,-0.5630921309869577,-0.8849316666666673,-0.6024545999999997,-0.48505120000000024,-0.5395222912449156,-0.043333333333333335,-0.08599999999999997,-0.04899999999999999,-0.05676680436784087,0.02200000000000013,-0.012400000000000078,-0.012400000000000078,-0.014829941769186616
20230211_Clermont Foot_Marseille,2023-02-11 20:00:00,2022,Clermont Foot,Marseille,0,2,1.08989,1.08989,0.38,0.7440000000000001,4.0,0.0,17.0,0.8173086666666666,1.2969192,1.3012622,0.5039252663128613,0.8173086666666668,1.2969192,1.0732334,0.5037275678757349,0.48666666666666664,0.454,0.44800000000000006,0.5005969632607544,0.7893333333333333,0.784,0.762,0.792836145069495,0.0,4.0,8.0,2.0,4.0,10.0,4.0,6.0,19.0,0.0,0.0,1.0,48.0,79.0,150.0,2,0,2.10938,1.34929,0.62,0.846,3.0,0.0,7.0,2.1086066666666667,2.2024619999999997,2.198587,2.473135061942357,2.1086066666666663,2.2024619999999997,2.122577,2.473096142330887,0.5899999999999999,0.626,0.577,0.5753267110966247,0.8010000000000002,0.8346,0.8247,0.8070418268545936,4.0,9.0,23.0,4.0,5.0,11.0,5.0,9.0,15.0,0.0,0.0,1.0,36.0,58.0,145.0,-1,-1.0194899999999998,-0.2594000000000001,-0.24,-0.10199999999999987,-1.2912980000000003,-0.9055427999999996,-0.8973247999999998,-1.9692097956294958,-1.2912979999999994,-0.9055427999999996,-1.0493436000000003,-1.9693685744551521,-0.10333333333333322,-0.172,-0.1289999999999999,-0.07472974783587027,-0.011666666666666825,-0.05059999999999998,-0.06269999999999998,-0.014205681785098623
20230226_Clermont Foot_Strasbourg,2023-02-26 14:00:00,2022,Clermont Foot,Strasbourg,1,1,1.74774,1.74774,0.56,0.698,1.0,0.0,13.0,0.7441703333333334,0.8815312000000001,1.0370141,0.8872114106525144,0.7441703333333335,0.8815312000000001,0.9610043000000001,0.8872035027150293,0.44,0.45,0.42800000000000005,0.4088238785304302,0.7726666666666668,0.7768,0.765,0.7683534458027799,0.0,0.0,6.0,6.0,6.0,12.0,7.0,10.0,22.0,0.0,0.0,1.0,41.0,74.0,142.0,1,1,0.920081,0.920081,0.44,0.684,4.0,0.0,24.0,1.213368000000001,0.9362946000000001,1.1128463,1.638494611564969,1.2133680000000002,0.9362946000000001,1.1128463000000002,1.6384946085579073,0.34000000000000014,0.394,0.40599999999999997,0.3547714303707434,0.7336666666666667,0.7578,0.7669,0.7547645127635985,4.0,5.0,13.0,3.0,8.0,17.0,8.0,11.0,21.0,1.0,2.0,2.0,73.0,94.0,209.0,0,0.827659,0.827659,0.12000000000000005,0.013999999999999901,-0.4691976666666675,-0.05476340000000002,-0.07583220000000002,-0.7512832009124546,-0.46919766666666674,-0.05476340000000002,-0.15184200000000003,-0.751291105842878,0.09999999999999987,0.055999999999999994,0.022000000000000075,0.054052448159686795,0.039000000000000146,0.019000000000000017,-0.0019000000000000128,0.013588933039181406
20230312_Clermont Foot_Lens,2023-03-12 12:00:00,2022,Clermont Foot,Lens,0,4,1.86085,1.86085,0.47,0.8220000000000001,1.0,0.0,14.0,1.0871023333333334,0.9255956000000001,1.2041393,0.8333084564261005,1.0871023333333334,0.9255956000000001,1.1281295,0.8333081401086011,0.48666666666666664,0.47400000000000003,0.45099999999999996,0.4979529551412172,0.7543333333333333,0.7618,0.7678,0.7768141378321112,2.0,2.0,7.0,3.0,7.0,9.0,4.0,9.0,17.0,0.0,0.0,0.0,39.0,71.0,145.0,4,0,2.00502,2.00502,0.53,0.846,2.0,0.0,10.0,1.760732,1.7710332000000002,1.6679642000000001,0.8505916872261517,1.7607319999999997,1.7710331999999998,1.5919547,0.8505839033504304,0.52,0.562,0.5820000000000001,0.4246473965171296,0.8076666666666666,0.8154,0.827,0.7453078418993777,5.0,7.0,14.0,3.0,6.0,11.0,5.0,8.0,14.0,0.0,0.0,0.0,50.0,79.0,145.0,-1,-0.14417000000000013,-0.14417000000000013,-0.06000000000000005,-0.02399999999999991,-0.6736296666666666,-0.8454376000000001,-0.4638249000000001,-0.01728323080005123,-0.6736296666666663,-0.8454375999999997,-0.46382520000000005,-0.017275763241829334,-0.03333333333333338,-0.08800000000000002,-0.13100000000000012,0.07330555862408755,-0.053333333333333344,-0.05359999999999998,-0.05919999999999992,0.031506295932733464
20230402_Clermont Foot_Ajaccio,2023-04-02 13:00:00,2022,Clermont Foot,Ajaccio,2,1,2.13637,0.616183,0.67,0.83,2.0,0.0,7.0,1.3048089999999999,1.3056014,1.2175923000000002,1.455748338257044,1.304809,1.3056014,1.2175923000000002,1.4557483256043442,0.46666666666666673,0.47400000000000003,0.46299999999999997,0.44711811820564873,0.7766666666666667,0.76,0.7727999999999999,0.7345925655132843,2.0,3.0,5.0,6.0,9.0,14.0,3.0,6.0,16.0,0.0,0.0,0.0,54.0,76.0,160.0,1,2,0.411997,0.411997,0.33,0.635,5.0,1.0,15.0,0.323824,1.1019176,0.8846311,0.3963370133686702,0.32382399999999983,0.9498996,0.8086221,0.39147243408016935,0.42,0.44000000000000006,0.44699999999999995,0.42831227528500954,0.695,0.7278,0.7318,0.703368454020131,0.0,2.0,5.0,4.0,8.0,23.0,8.0,12.0,20.0,1.0,1.0,2.0,65.0,93.0,164.0,1,1.724373,0.20418600000000003,0.34,0.19499999999999995,0.9809849999999999,0.20368380000000008,0.3329612000000002,1.0594113248883739,0.9809850000000002,0.35570180000000007,0.4089702000000002,1.0642758915241748,0.046666666666666745,0.033999999999999975,0.016000000000000014,0.018805842920639193,0.08166666666666678,0.032200000000000006,0.040999999999999925,0.031224111493153295
20230416_Clermont Foot_Angers,2023-04-16 13:00:00,2022,Clermont Foot,Angers,2,1,2.01768,0.49749,0.53,0.8079999999999999,1.0,2.0,18.0,1.8011166666666665,1.5823854,1.3428158,1.8889531335302816,1.294387666666667,1.278348,1.1907971,1.6457232130241737,0.56,0.528,0.48600000000000004,0.5810847247282259,0.7923333333333332,0.7984,0.7748,0.8277837026205315,5.0,6.0,7.0,3.0,7.0,14.0,5.0,7.0,16.0,0.0,0.0,0.0,34.0,65.0,144.0,1,2,0.327937,0.327937,0.47,0.8059999999999999,3.0,0.0,9.0,0.8628256666666667,0.9129439999999999,0.8193889999999999,1.0118582051755263,0.8628256666666667,0.9129439999999999,0.7433792,1.0118192881579262,0.4166666666666666,0.41000000000000003,0.44600000000000006,0.3517010922695696,0.7829999999999999,0.7889999999999999,0.7784,0.7341353799313354,2.0,2.0,6.0,4.0,11.0,19.0,3.0,7.0,17.0,0.0,1.0,2.0,60.0,105.0,198.0,1,1.689743,0.169553,0.06000000000000005,0.0020000000000000018,0.9382909999999998,0.6694414000000001,0.5234268,0.8770949283547553,0.4315620000000002,0.3654040000000002,0.4474178999999999,0.6339039248662475,0.14333333333333348,0.118,0.03999999999999998,0.22938363245865634,0.009333333333333305,0.009400000000000075,-0.0035999999999999366,0.0936483226891961
20230430_Clermont Foot_Reims,2023-04-30 13:00:00,2022,Clermont Foot,Reims,1,0,1.12839,1.12839,0.33,0.677,0.0,1.0,18.0,1.5987456666666666,1.6676914,1.4550504,1.1323285253412112,1.092015666666667,1.0596160000000001,1.1510127,0.8793689285209669,0.5133333333333333,0.53,0.496,0.46004338898912905,0.8173333333333334,0.7994,0.7826,0.8119913481048213,6.0,9.0,11.0,2.0,5.0,14.0,5.0,8.0,17.0,2.0,2.0,2.0,42.0,72.0,142.0,0,1,0.483303,0.483303,0.67,0.8340000000000001,2.0,0.0,8.0,1.5803083333333336,1.732769,1.6460255,1.080740155395682,1.3269650000000004,1.580763,1.4833959,1.0564174088292761,0.61,0.58,0.553,0.6861214013412856,0.7763333333333334,0.772,0.7831,0.7924398065702335,1.0,5.0,14.0,6.0,8.0,8.0,4.0,8.0,14.0,0.0,0.0,0.0,36.0,73.0,160.0,1,0.645087,0.645087,-0.34,-0.15700000000000003,0.018437333333332973,-0.06507759999999996,-0.19097509999999995,0.05158836994552929,-0.23494933333333345,-0.5211469999999998,-0.3323832,-0.17704848030830922,-0.09666666666666668,-0.04999999999999993,-0.05700000000000005,-0.22607801235215658,0.040999999999999925,0.02739999999999998,-0.000500000000000056,0.019551541534587824
20230514_Clermont Foot_Lyon,2023-05-14 11:00:00,2022,Clermont Foot,Lyon,2,1,1.73834,0.978242,0.38,0.747,3.0,0.0,23.0,1.2888223333333335,1.5490553999999999,1.5543814,1.6823555410136486,1.2888223333333335,1.2450174,1.2503437,1.672237157140839,0.43333333333333335,0.48,0.503,0.4952017355595652,0.7646666666666668,0.7868,0.7792,0.7847996539241929,4.0,8.0,13.0,2.0,3.0,11.0,2.0,5.0,11.0,1.0,3.0,3.0,50.0,72.0,146.0,1,2,1.90489,1.1448,0.62,0.8420000000000001,3.0,0.0,12.0,2.0141450000000005,2.053657,1.9455994999999997,3.166769903065683,1.7607816666666671,1.7496189999999998,1.7087564999999998,2.553616113605566,0.6399999999999999,0.61,0.5588888888888889,0.6850241206625355,0.837,0.83675,0.8335555555555555,0.8627311649160486,8.0,13.0,21.0,7.0,9.0,14.0,2.0,8.0,16.0,0.0,0.0,0.0,29.0,59.0,141.0,1,-0.16654999999999998,-0.1665580000000001,-0.24,-0.09500000000000008,-0.725322666666667,-0.5046016,-0.3912180999999997,-1.4844143620520345,-0.4719593333333336,-0.5046015999999998,-0.45841279999999984,-0.8813789564647272,-0.20666666666666655,-0.13,-0.05588888888888888,-0.18982238510297028,-0.07233333333333314,-0.04994999999999994,-0.05435555555555549,-0.07793151099185569
20230527_Clermont Foot_Lorient,2023-05-27 19:00:00,2022,Clermont Foot,Lorient,2,0,1.34675,1.34675,0.45,0.799,0.0,0.0,10.0,1.3073500000000002,1.1935734,1.5249747,0.6358766216405458,1.053984,1.0415538,1.1449272000000001,0.5138562062856336,0.5,0.454,0.49499999999999994,0.5526080694223826,0.7836666666666666,0.768,0.7847000000000001,0.7901119861569678,4.0,7.0,14.0,4.0,5.0,13.0,7.0,9.0,16.0,0.0,1.0,3.0,47.0,85.0,151.0,0,2,0.9985,0.238404,0.55,0.8440000000000001,0.0,0.0,18.0,1.0623663333333333,1.3922102,1.14021193,1.2537507569754682,1.0623663333333333,1.3922102,1.06420273,1.2535561709328054,0.5,0.5,0.48199999999999993,0.48571668237001087,0.8396666666666667,0.8474,0.8383,0.8611044673891454,4.0,7.0,12.0,5.0,7.0,14.0,8.0,14.0,20.0,1.0,1.0,3.0,84.0,107.0,245.0,1,0.34824999999999984,1.1083459999999998,-0.10000000000000003,-0.04500000000000004,0.24498366666666693,-0.19863680000000006,0.38476277000000003,-0.6178741353349224,-0.00838233333333327,-0.3506564000000001,0.08072447000000005,-0.7396999646471718,0.0,-0.045999999999999985,0.013000000000000012,0.06689138705237174,-0.05600000000000005,-0.07940000000000003,-0.05359999999999998,-0.0709924812321776
20230813_Clermont Foot_Monaco,2023-08-13 13:00:00,2023,Clermont Foot,Monaco,2,4,1.97981,1.97981,0.55,0.828,0.0,0.0,12.0,1.5629600000000001,1.649574,1.6308867,2.624171064865622,1.3095933333333336,1.3455344,1.1748292,2.0112102482514254,0.5,0.48200000000000004,0.495,0.46210432277689534,0.8216666666666668,0.8034000000000001,0.7976,0.8530444794462787,6.0,9.0,18.0,4.0,6.0,9.0,5.0,8.0,15.0,0.0,0.0,3.0,32.0,67.0,134.0,4,2,3.40428,3.40428,0.45,0.7959999999999999,4.0,0.0,14.0,1.3320176666666665,1.2542472,1.4899416,1.8365203217389512,1.0786540000000002,1.102229,1.4139325,1.8121974097389189,0.45999999999999996,0.43999999999999995,0.461,0.5403263760698176,0.7799999999999999,0.7628,0.7607,0.818738984558478,2.0,4.0,13.0,7.0,8.0,21.0,7.0,9.0,17.0,0.0,0.0,1.0,38.0,64.0,148.0,-1,-1.42447,-1.42447,0.10000000000000003,0.03200000000000003,0.23094233333333358,0.3953268000000001,0.14094509999999993,0.7876507431266706,0.23093933333333339,0.24330540000000012,-0.23910330000000002,0.1990128385125065,0.040000000000000036,0.04200000000000009,0.033999999999999975,-0.07822205329292226,0.04166666666666685,0.04060000000000008,0.03689999999999993,0.03430549488780066
20230827_Clermont Foot_Metz,2023-08-27 13:00:00,2023,Clermont Foot,Metz,0,1,0.540615,0.540615,0.71,0.841,1.0,0.0,12.0,1.7861643333333335,1.4136606,1.469079,0.7414268425946249,1.532797666666667,1.2616406000000002,1.1650402000000002,0.716908409930057,0.5166666666666667,0.518,0.4800000000000001,0.5384841729110759,0.8236666666666667,0.8138,0.7918000000000001,0.7874017791778511,5.0,8.0,16.0,8.0,10.0,14.0,1.0,5.0,11.0,0.0,0.0,3.0,34.0,56.0,147.0,1,0,0.791472,0.791472,0.3,0.715,1.0,0.0,27.0,0.6707269999999999,0.55178704,0.8399300199999999,0.4152887943949996,0.4173606666666667,0.39976723999999997,0.68791712,0.3909640574000529,0.36333333333333334,0.458,0.45899999999999996,0.4083951693548455,0.7756666666666666,0.8013999999999999,0.7998000000000001,0.7630877356384415,4.0,5.0,11.0,8.0,13.0,23.0,8.0,13.0,24.0,1.0,1.0,2.0,79.0,102.0,193.0,-1,-0.250857,-0.250857,0.41,0.126,1.1154373333333336,0.86187356,0.6291489800000001,0.3261380481996253,1.1154370000000002,0.8618733600000003,0.47712308000000014,0.3259443525300041,0.15333333333333338,0.06,0.02100000000000013,0.13008900355623038,0.04800000000000004,0.012400000000000078,-0.008000000000000007,0.02431404353940969
20230917_Clermont Foot_Nantes,2023-09-17 13:00:00,2023,Clermont Foot,Nantes,0,1,1.26417,0.504075,0.52,0.741,2.0,0.0,15.0,0.7815126666666666,1.4606836,1.3700608,1.2396034737037849,0.5281470000000001,1.1566442000000001,1.1420313,0.6305451363972022,0.6266666666666666,0.5780000000000001,0.5170000000000001,0.639139366916443,0.8106666666666666,0.8253999999999999,0.7954,0.8180560711671141,2.0,7.0,14.0,5.0,11.0,15.0,4.0,5.0,12.0,0.0,0.0,1.0,27.0,49.0,124.0,1,0,0.866302,0.866302,0.48,0.725,2.0,0.0,28.0,0.9333716666666666,0.9862089999999999,0.8935425,0.6916326342677553,0.6800066666666668,0.6821700000000002,0.7415230000000002,0.5651527942478235,0.36000000000000004,0.372,0.39499999999999996,0.36688765273355944,0.7696666666666666,0.7712,0.7515,0.782110528372537,4.0,6.0,7.0,6.0,8.0,17.0,4.0,7.0,20.0,1.0,1.0,1.0,82.0,107.0,216.0,-1,0.397868,-0.36222699999999997,0.040000000000000036,0.016000000000000014,-0.15185899999999997,0.4744746000000002,0.47651830000000006,0.5479708394360295,-0.15185966666666662,0.47447419999999996,0.4005082999999998,0.06539234214937872,0.26666666666666655,0.20600000000000007,0.12200000000000016,0.2722517141828836,0.041000000000000036,0.054199999999999915,0.04390000000000005,0.03594554279457707
20230930_Clermont Foot_Paris Saint Germain,2023-09-30 15:00:00,2023,Clermont Foot,Paris Saint Germain,0,0,1.16006,1.16006,0.33,0.727,2.0,0.0,22.0,1.1281816666666666,0.8649546000000001,1.2731803,0.8247033389481513,0.6214510000000001,0.5609162000000001,0.9691413000000001,0.6787258054558881,0.61,0.616,0.5509999999999999,0.6527655746766577,0.7999999999999999,0.8033999999999999,0.8057000000000001,0.8264822428466847,3.0,3.0,13.0,5.0,8.0,17.0,8.0,9.0,17.0,0.0,0.0,0.0,28.0,52.0,119.0,0,0,2.99118,2.99118,,,,,,2.7136666666666653,2.402456,2.093191,1.9692810486104706,2.4602999999999997,2.098416,1.865161,1.9439460034904705,,,,,,,,,10.0,14.0,24.0,4.0,6.0,11.0,,,,,,,,,,0,-1.8311199999999999,-1.8311199999999999,,,-1.5854849999999987,-1.5375013999999998,-0.8200107000000001,-1.1445777096623193,-1.8388489999999997,-1.5374997999999997,-0.8960197,-1.2652201980345823,,,,,,,,
20231027_Clermont Foot_Nice,2023-10-27 19:00:00,2023,Clermont Foot,Nice,0,1,0.298709,0.298709,0.45,0.765,0.0,0.0,10.0,1.055355,1.166909,1.3080403,1.2505497335579263,1.0553550000000003,0.8628706000000002,1.0800111,1.2447106322182357,0.46,0.506,0.524,0.3749106229870663,0.77,0.7732,0.7977,0.7405792897138674,3.0,5.0,12.0,3.0,6.0,15.0,10.0,15.0,17.0,0.0,0.0,0.0,64.0,82.0,138.0,1,0,2.15871,1.39861,0.55,0.846,2.0,0.0,10.0,1.1256293333333336,1.2856336,1.6392808000000003,0.9487255352133698,1.1256293333333336,1.2856336,1.6392807999999999,0.9487255352133686,0.5733333333333334,0.496,0.5222222222222223,0.5295526825205406,0.8490000000000001,0.8299999999999998,0.8383333333333334,0.847077111766865,2.0,6.0,13.0,0.0,2.0,5.0,6.0,12.0,16.0,0.0,0.0,0.0,49.0,86.0,117.0,-1,-1.860001,-1.099901,-0.10000000000000003,-0.08099999999999996,-0.07027433333333355,-0.11872459999999996,-0.33124050000000027,0.30182419834455654,-0.07027433333333333,-0.4227629999999998,-0.5592697,0.2959850970048672,-0.11333333333333334,0.010000000000000009,0.001777777777777767,-0.15464205953347426,-0.07900000000000007,-0.05679999999999985,-0.04063333333333341,-0.10649782205299752
20231112_Clermont Foot_Lorient,2023-11-12 14:00:00,2023,Clermont Foot,Lorient,1,0,1.40549,0.645396,0.55,0.85,3.0,0.0,15.0,0.8800896666666667,0.9032788,1.0104912000000001,0.9391114293423171,0.8800896666666668,0.9032788,0.8584720000000001,0.9388778652887294,0.4766666666666666,0.4880000000000001,0.539,0.5749964249194827,0.7860000000000001,0.7858,0.793,0.8352231715885549,2.0,3.0,7.0,2.0,4.0,14.0,5.0,10.0,16.0,0.0,0.0,0.0,55.0,87.0,141.0,0,1,0.58473,0.58473,0.45,0.8370000000000001,2.0,0.0,18.0,0.5095810000000001,0.6814308,0.8836027000000002,0.510847667806053,0.5095810000000001,0.6814308,0.8836027000000002,0.510847665315211,0.39333333333333337,0.438,0.449,0.4283438205220591,0.7626666666666667,0.7882,0.8140000000000001,0.7707682747655,2.0,5.0,15.0,2.0,8.0,20.0,6.0,8.0,14.0,0.0,0.0,0.0,90.0,139.0,235.0,1,0.8207599999999999,0.060666,0.10000000000000003,0.0129999999999999,0.3705086666666666,0.22184800000000005,0.12688849999999996,0.4282637615362641,0.3705086666666667,0.22184800000000005,-0.02513070000000006,0.42803019997351843,0.08333333333333326,0.0500000000000001,0.09000000000000002,0.14665260439742356,0.023333333333333428,-0.0023999999999999577,-0.02100000000000002,0.06445489682305483
20231125_Clermont Foot_Lens,2023-11-25 16:00:00,2023,Clermont Foot,Lens,0,3,1.84299,1.84299,0.48,0.855,2.0,1.0,16.0,0.9186063333333333,1.0411638,0.9530591999999999,1.3122142858684633,0.6652416666666667,0.8891450000000003,0.7250306,0.7040923730577459,0.5366666666666667,0.462,0.5389999999999999,0.5549992849838966,0.823,0.787,0.7952,0.8470446343177109,1.0,3.0,6.0,1.0,2.0,10.0,3.0,10.0,19.0,0.0,0.0,0.0,38.0,92.0,144.0,3,0,2.53223,2.53223,0.52,0.8590000000000001,3.0,1.0,16.0,2.0855696666666663,2.1606797999999996,1.8124974999999999,1.2439937344717964,1.5788396666666664,1.8566417999999998,1.6604785,1.1953476539536998,0.5266666666666666,0.526,0.534,0.48906971769243085,0.8133333333333334,0.8076000000000001,0.8106,0.8042002193285687,5.0,6.0,10.0,0.0,1.0,9.0,6.0,11.0,25.0,0.0,0.0,0.0,46.0,74.0,132.0,-1,-0.6892400000000003,-0.6892400000000003,-0.040000000000000036,-0.004000000000000115,-1.166963333333333,-1.1195159999999995,-0.8594383,0.06822055139666694,-0.9135979999999997,-0.9674967999999995,-0.9354479,-0.49125528089595394,0.01000000000000012,-0.064,0.004999999999999893,0.06592956729146576,0.009666666666666601,-0.020600000000000063,-0.01539999999999997,0.042844414989142265
20231210_Clermont Foot_Lille,2023-12-10 14:00:00,2023,Clermont Foot,Lille,0,0,1.1121,1.1121,0.47,0.809,2.0,0.0,13.0,0.9989233333333333,1.090776,1.0182824,0.6413319542869476,0.9989233333333334,0.9387572000000001,0.8662635,0.6364669789844619,0.4266666666666667,0.488,0.479,0.42299999427987117,0.7696666666666666,0.8026,0.7829,0.7493363570745417,1.0,2.0,5.0,7.0,7.0,12.0,10.0,13.0,25.0,3.0,3.0,3.0,78.0,106.0,195.0,0,0,0.635418,0.635418,0.53,0.818,2.0,0.0,10.0,2.480186666666667,1.6868838,1.6382518999999998,2.7978429501006388,2.2268200000000005,1.5348638000000001,1.5622419,2.189762950056796,0.59,0.544,0.554,0.6265270796311004,0.8450000000000001,0.8284,0.8252,0.8625910484847982,5.0,7.0,14.0,1.0,1.0,6.0,5.0,9.0,20.0,0.0,0.0,0.0,31.0,97.0,184.0,0,0.47668200000000005,0.47668200000000005,-0.06000000000000005,-0.008999999999999897,-1.4812633333333336,-0.5961078,-0.6199694999999998,-2.156510995813691,-1.227896666666667,-0.5961066,-0.6959784000000001,-1.553295971072334,-0.16333333333333327,-0.05600000000000005,-0.07500000000000007,-0.20352708535122926,-0.07533333333333347,-0.025800000000000045,-0.042300000000000004,-0.11325469141025646
20231220_Clermont Foot_Rennes,2023-12-20 20:00:00,2023,Clermont Foot,Rennes,1,3,0.75621,0.75621,0.44,0.733,0.0,1.0,19.0,0.6161453333333333,0.8480244000000001,0.9445941000000001,0.3085908781714779,0.6161453333333334,0.8480244000000001,0.8685846999999999,0.30839627915937845,0.45,0.44000000000000006,0.45100000000000007,0.4521199997711949,0.8000000000000002,0.791,0.789,0.8290134542829817,1.0,2.0,5.0,5.0,9.0,11.0,6.0,14.0,24.0,0.0,3.0,3.0,52.0,108.0,200.0,3,1,2.31736,1.55726,0.56,0.7929999999999999,3.0,0.0,16.0,1.2372016666666663,1.2653884,1.252399,1.237636545659422,0.9838383333333329,1.1133704000000002,1.0243713,1.1160215228872143,0.5166666666666666,0.47000000000000003,0.5189999999999999,0.5045872968288886,0.7956666666666666,0.7822,0.8099000000000001,0.7821347197409699,1.0,4.0,10.0,4.0,6.0,15.0,7.0,12.0,22.0,1.0,2.0,3.0,47.0,97.0,169.0,-1,-1.5611499999999998,-0.80105,-0.12000000000000005,-0.05999999999999994,-0.621056333333333,-0.41736399999999985,-0.30780489999999994,-0.9290456674879441,-0.3676929999999995,-0.2653460000000001,-0.15578660000000022,-0.807625243727836,-0.0666666666666666,-0.02999999999999997,-0.06799999999999984,-0.05246729705769371,0.004333333333333522,0.00880000000000003,-0.02090000000000003,0.046878734542011746
20240128_Clermont Foot_Strasbourg,2024-01-28 14:00:00,2023,Clermont Foot,Strasbourg,1,1,1.53045,1.53045,0.53,0.787,1.0,0.0,16.0,0.7030106666666667,0.7652432,0.8973720999999999,1.1105932351268593,0.7030106666666668,0.7652432000000001,0.8213627000000001,1.1105854511663753,0.4566666666666667,0.454,0.47300000000000003,0.4724847999908478,0.7763333333333334,0.7784,0.7916000000000001,0.7576405381713193,4.0,4.0,6.0,6.0,9.0,14.0,3.0,7.0,18.0,1.0,1.0,4.0,62.0,97.0,191.0,1,1,1.31652,1.31652,0.47,0.792,3.0,0.0,23.0,1.2388030000000005,1.2987137999999998,1.2310721,1.116913776600184,1.238803,1.2987138,1.1550620999999999,1.1167191910001826,0.4433333333333335,0.43200000000000005,0.40700000000000003,0.4940260556379761,0.7866666666666666,0.7736,0.769,0.8126021907648819,5.0,8.0,11.0,3.0,5.0,12.0,5.0,8.0,14.0,0.0,0.0,1.0,61.0,106.0,207.0,0,0.21393000000000018,0.21393000000000018,0.06000000000000005,-0.0050000000000000044,-0.5357923333333339,-0.5334705999999998,-0.3337000000000001,-0.006320541473324726,-0.5357923333333333,-0.5334705999999999,-0.33369939999999976,-0.006133739833807272,0.013333333333333197,0.021999999999999964,0.066,-0.021541255647128277,-0.010333333333333194,0.0048000000000000265,0.022600000000000064,-0.05496165259356267
20240211_Clermont Foot_Brest,2024-02-11 14:00:00,2023,Clermont Foot,Brest,1,1,1.19719,1.19719,0.46,0.757,2.0,1.0,16.0,1.18777,0.8901543999999999,0.9965131999999999,0.9383277294050744,1.1877700000000002,0.8901544000000001,0.9205038,0.938327418046655,0.47000000000000003,0.45999999999999996,0.45999999999999996,0.42369939199963397,0.785,0.7849999999999999,0.7893,0.8034256215268528,3.0,5.0,7.0,6.0,11.0,18.0,3.0,5.0,20.0,0.0,1.0,4.0,64.0,100.0,206.0,1,1,1.35687,1.35687,0.54,0.785,4.0,1.0,19.0,2.098835333333333,1.9388712,1.5332743,1.0241277422435446,2.098835333333333,1.9388712,1.457265,1.0241199588911545,0.5466666666666667,0.5439999999999999,0.558,0.5230130201218994,0.818,0.819,0.8032999999999999,0.8030733486004458,4.0,10.0,18.0,2.0,2.0,6.0,7.0,11.0,21.0,0.0,0.0,1.0,56.0,94.0,195.0,0,-0.15968000000000004,-0.15968000000000004,-0.08000000000000002,-0.028000000000000025,-0.9110653333333332,-1.0487168,-0.5367611000000001,-0.08580001283847027,-0.911065333333333,-1.0487167999999998,-0.5367612,-0.0857925408444995,-0.07666666666666672,-0.08399999999999996,-0.09800000000000009,-0.09931362812226546,-0.03299999999999992,-0.03400000000000003,-0.013999999999999901,0.000352272926407049
20240302_Clermont Foot_Marseille,2024-03-02 20:00:00,2023,Clermont Foot,Marseille,1,5,0.737192,0.737192,0.44,0.787,2.0,0.0,20.0,1.4718476666666664,1.3514566000000001,1.0583499,2.1370219818352405,1.2184810000000001,1.1994366,0.9823399,1.5289419793443733,0.45,0.45600000000000007,0.45500000000000007,0.4293095951359971,0.7959999999999999,0.7968,0.7876000000000001,0.7914514049722148,2.0,3.0,7.0,4.0,9.0,18.0,3.0,5.0,12.0,2.0,2.0,3.0,57.0,95.0,192.0,5,1,3.06861,3.06861,0.56,0.8240000000000001,1.0,0.0,20.0,1.9341633333333335,1.9552371999999998,1.9889125999999997,2.493648202451253,1.6807999999999996,1.8032192000000002,1.9129036,1.8855761401841884,0.6066666666666666,0.626,0.5820000000000001,0.5829844398837247,0.828,0.8343999999999999,0.8234,0.824666764648713,5.0,7.0,18.0,3.0,6.0,11.0,5.0,7.0,15.0,1.0,1.0,2.0,55.0,90.0,174.0,-1,-2.331418,-2.331418,-0.12000000000000005,-0.03700000000000003,-0.462315666666667,-0.6037805999999997,-0.9305626999999996,-0.35662622061601246,-0.4623189999999995,-0.6037826000000002,-0.9305636999999999,-0.35663416083981514,-0.15666666666666657,-0.16999999999999993,-0.127,-0.15367484474772763,-0.03200000000000003,-0.03759999999999997,-0.03579999999999994,-0.033215359676498246
20240317_Clermont Foot_Le Havre,2024-03-17 14:00:00,2023,Clermont Foot,Le Havre,2,1,1.17889,0.418799,0.4,0.745,3.0,1.0,20.0,1.274958,1.1554994,1.0228268999999999,0.7032411992734097,1.0215913333333335,1.0034794000000002,0.9468169000000002,0.6789179991737749,0.5066666666666667,0.49000000000000005,0.475,0.6155723838054399,0.7999999999999999,0.8013999999999999,0.7932,0.8231780561988886,1.0,3.0,8.0,6.0,10.0,21.0,6.0,8.0,13.0,0.0,2.0,3.0,69.0,99.0,199.0,1,2,1.13876,1.13876,0.6,0.818,5.0,1.0,8.0,1.1319996666666667,1.0133458,1.0431211,1.127306180234296,0.8786336666666665,0.8613261999999999,0.8150923000000001,1.1029438157911975,0.4633333333333334,0.454,0.43899999999999995,0.4752575571251199,0.766,0.7638,0.7696000000000001,0.7730504805502153,2.0,2.0,12.0,3.0,7.0,14.0,5.0,10.0,21.0,0.0,0.0,2.0,47.0,78.0,211.0,1,0.04013,-0.7199610000000001,-0.19999999999999996,-0.07299999999999995,0.1429583333333333,0.1421536000000001,-0.02029420000000015,-0.4240649809608864,0.14295766666666698,0.1421532000000003,0.13172460000000008,-0.42402581661742256,0.043333333333333335,0.03600000000000003,0.03600000000000003,0.14031482668031997,0.03399999999999992,0.037599999999999856,0.023599999999999954,0.05012757564867332
20240331_Clermont Foot_Toulouse,2024-03-31 14:00:00,2023,Clermont Foot,Toulouse,0,3,0.897271,0.897271,0.55,0.8,3.0,0.0,20.0,0.8469479999999999,1.1518393999999998,1.1275907,1.083760239854682,0.5935843333333335,0.8478012000000001,0.9755716000000001,0.47082279983475495,0.5,0.47800000000000004,0.47000000000000003,0.443114476761088,0.7880000000000001,0.799,0.784,0.7606356112397776,3.0,4.0,9.0,7.0,10.0,20.0,8.0,9.0,14.0,1.0,2.0,4.0,62.0,103.0,202.0,3,0,2.30312,1.54303,0.45,0.7929999999999999,1.0,0.0,22.0,1.257476,1.4616896000000001,1.4905692,1.744407402827996,1.0041093333333333,1.1576496,1.110521,1.1314144934412658,0.4833333333333332,0.42399999999999993,0.492,0.4983918278584935,0.8019999999999999,0.7647999999999999,0.7797000000000001,0.82332995303423,4.0,9.0,15.0,5.0,7.0,15.0,5.0,10.0,22.0,0.0,0.0,0.0,54.0,105.0,209.0,-1,-1.405849,-0.6457589999999999,0.10000000000000003,0.007000000000000117,-0.4105280000000001,-0.3098502000000003,-0.36297849999999987,-0.6606471629733139,-0.4105249999999998,-0.3098483999999999,-0.1349494,-0.6605916936065108,0.016666666666666774,0.054000000000000103,-0.021999999999999964,-0.0552773510974055,-0.01399999999999979,0.03420000000000012,0.0042999999999999705,-0.06269434179445232
20240414_Clermont Foot_Montpellier,2024-04-14 13:00:00,2023,Clermont Foot,Montpellier,1,1,1.36904,0.608946,0.5,0.841,1.0,0.0,24.0,0.785867,0.743911,1.0476838000000002,0.4120657695941873,0.5325033333333334,0.5918928000000001,0.8956647,0.38754827199339015,0.40666666666666673,0.4640000000000001,0.45999999999999996,0.3217245790704435,0.7613333333333334,0.7806000000000001,0.7887000000000001,0.7496254244495911,3.0,4.0,7.0,5.0,11.0,20.0,6.0,11.0,16.0,1.0,1.0,3.0,86.0,128.0,223.0,1,1,1.71417,1.71417,0.5,0.809,1.0,0.0,17.0,2.34186,2.049886,1.8348075000000001,2.5361086364494527,1.8351266666666672,1.5938266000000003,1.5307688000000002,1.898801899017541,0.41666666666666674,0.44000000000000006,0.453,0.45018913888942425,0.778,0.7682,0.772,0.7903090532838868,6.0,10.0,16.0,6.0,9.0,17.0,5.0,8.0,23.0,0.0,0.0,0.0,61.0,126.0,226.0,0,-0.34512999999999994,-1.105224,0.0,0.03199999999999992,-1.555993,-1.3059749999999999,-0.7871237,-2.1240428668552656,-1.302623333333334,-1.0019338000000002,-0.6351041000000002,-1.5112536270241508,-0.010000000000000009,0.02400000000000002,0.006999999999999951,-0.12846455981898075,-0.016666666666666607,0.012400000000000078,0.016700000000000048,-0.04068362883429566
20240428_Clermont Foot_Reims,2024-04-28 13:00:00,2023,Clermont Foot,Reims,4,1,2.56811,1.04792,0.5,0.7759999999999999,0.0,0.0,12.0,0.7559263333333334,0.868788,1.0121437,0.7293682307837674,0.5025616666666668,0.5647510000000001,0.7841152,0.6067724908797356,0.4333333333333334,0.45,0.47000000000000003,0.5168689831628177,0.782,0.7782,0.7898,0.7773450169779836,2.0,4.0,7.0,3.0,7.0,17.0,5.0,11.0,19.0,0.0,1.0,3.0,84.0,124.0,223.0,1,4,0.875188,0.875188,0.5,0.8079999999999999,3.0,1.0,16.0,0.8653760000000004,1.1322835999999998,1.3094826000000002,1.2029718936824583,0.8653760000000004,1.1322835999999998,1.2334736,1.202964110360858,0.5266666666666665,0.518,0.516,0.5273726602329704,0.8213333333333334,0.8038000000000001,0.8046,0.7843953744339436,2.0,5.0,10.0,5.0,7.0,14.0,8.0,15.0,27.0,1.0,1.0,2.0,42.0,85.0,160.0,1,1.6929219999999998,0.172732,0.0,-0.03200000000000003,-0.109449666666667,-0.26349559999999983,-0.2973389000000002,-0.4736036628986908,-0.36281433333333357,-0.5675325999999997,-0.44935839999999994,-0.5961916194811223,-0.0933333333333331,-0.068,-0.045999999999999985,-0.01050367707015265,-0.03933333333333333,-0.025600000000000067,-0.014800000000000035,-0.0070503574559599436
20240512_Clermont Foot_Lyon,2024-05-12 19:00:00,2023,Clermont Foot,Lyon,0,1,1.17651,1.17651,0.52,0.821,1.0,0.0,18.0,1.400243,1.1702417999999999,1.1752244,1.2523283292313507,0.8935130000000001,0.7141850000000002,0.7951769000000001,1.0041940996351895,0.47000000000000003,0.43599999999999994,0.465,0.40467475932651276,0.774,0.7804,0.7847,0.7792538006791194,5.0,7.0,10.0,6.0,8.0,18.0,5.0,6.0,18.0,0.0,0.0,1.0,43.0,113.0,222.0,1,0,0.389723,0.389723,0.48,0.84,2.0,0.0,29.0,1.9128176666666672,2.0992386,1.9887513,2.404032212319402,1.9128176666666672,1.9472186,1.9127413,2.399167572319402,0.4666666666666666,0.502,0.5269999999999999,0.5393729920196844,0.8176666666666667,0.8208,0.8228,0.8269029810818224,8.0,15.0,23.0,9.0,13.0,20.0,2.0,9.0,15.0,0.0,1.0,2.0,53.0,82.0,162.0,-1,0.7867869999999999,0.7867869999999999,0.040000000000000036,-0.019000000000000017,-0.5125746666666673,-0.9289968000000002,-0.8135269,-1.1517038830880513,-1.0193046666666672,-1.2330335999999997,-1.1175644,-1.3949734726842125,0.0033333333333334103,-0.06600000000000006,-0.06199999999999989,-0.1346982326931716,-0.04366666666666663,-0.04039999999999999,-0.03810000000000002,-0.04764918040270294
20230820_Le Havre_Brest,2023-08-20 13:00:00,2023,Le Havre,Brest,1,2,0.866995,0.866995,0.56,0.769,0.0,0.0,13.0,1.24958,1.24958,1.24958,1.24958,1.24958,1.24958,1.24958,1.24958,0.42,0.42,0.42,0.42,0.72,0.72,0.72,0.72,2.0,2.0,2.0,2.0,2.0,2.0,2.0,2.0,2.0,0.0,0.0,0.0,20.0,20.0,20.0,2,1,1.60466,1.60466,0.44,0.7190000000000001,2.0,0.0,20.0,1.8920233333333334,1.6904879999999998,1.3187901,2.590438690893846,1.1319293333333331,1.2344316,1.0147518999999998,1.2524773728405312,0.4550000000000001,0.4425,0.47888888888888886,0.5016618931530495,0.7394999999999999,0.7405,0.7484444444444445,0.7651272053297431,6.0,9.0,14.0,5.0,6.0,9.0,5.0,8.0,14.0,0.0,0.0,0.0,29.0,59.0,142.0,-1,-0.737665,-0.737665,0.12000000000000005,0.04999999999999993,-0.6424433333333335,-0.44090799999999986,-0.06921010000000005,-1.340858690893846,0.11765066666666679,0.01514839999999995,0.2348281000000001,-0.002897372840531265,-0.03500000000000014,-0.02250000000000002,-0.05888888888888888,-0.08166189315304956,-0.019499999999999962,-0.020500000000000074,-0.028444444444444494,-0.045127205329743125
20230903_Le Havre_Lorient,2023-09-03 13:00:00,2023,Le Havre,Lorient,3,0,1.70033,1.70033,0.44,0.833,0.0,0.0,12.0,0.8437749999999999,0.8437749999999999,0.8437749999999999,0.5205024,0.8437749999999999,0.8437749999999999,0.8437749999999999,0.5205024,0.4566666666666667,0.4566666666666667,0.4566666666666667,0.41840000000000005,0.7639999999999999,0.7639999999999999,0.7639999999999999,0.79424,5.0,5.0,5.0,6.0,6.0,6.0,4.0,4.0,4.0,1.0,1.0,1.0,51.0,51.0,51.0,0,3,0.675614,0.675614,0.56,0.89,0.0,0.0,23.0,0.8773513333333334,0.8240874,1.1081488,1.5253007394422322,0.8773513333333334,0.6720682,1.0321392,1.5243277542946987,0.33,0.41400000000000003,0.457,0.3648914293383584,0.802,0.8262,0.8368,0.7973302734295646,5.0,7.0,14.0,2.0,5.0,12.0,3.0,4.0,18.0,0.0,0.0,1.0,80.0,115.0,222.0,1,1.0247159999999997,1.0247159999999997,-0.12000000000000005,-0.05700000000000005,-0.03357633333333343,0.019687599999999916,-0.2643738,-1.0047983394422322,-0.03357633333333343,0.17170679999999994,-0.1883642000000001,-1.0038253542946987,0.1266666666666667,0.042666666666666686,-0.0003333333333332966,0.05350857066164166,-0.038000000000000145,-0.062200000000000144,-0.07280000000000009,-0.003090273429564694
20230924_Le Havre_Clermont Foot,2023-09-24 13:00:00,2023,Le Havre,Clermont Foot,2,1,1.01727,1.01727,0.32,0.7170000000000001,2.0,0.0,16.0,1.1222433333333333,1.0966609999999999,1.0966609999999999,1.294192896,1.1222433333333333,1.0966609999999999,1.0966609999999999,1.294192896,0.4166666666666667,0.446,0.446,0.423136,0.8073333333333332,0.7821999999999999,0.7821999999999999,0.7938495999999999,5.0,8.0,8.0,2.0,6.0,6.0,4.0,6.0,6.0,1.0,1.0,1.0,54.0,87.0,87.0,1,2,0.716065,0.716065,0.68,0.8440000000000001,3.0,0.0,10.0,1.0696983333333334,1.1177036,1.3836388000000002,1.2592566947407569,0.5629676666666669,0.8136652000000002,1.0795998,0.5293690272794405,0.62,0.59,0.536,0.5438278733832886,0.799,0.8001999999999999,0.8017999999999998,0.7564112142334227,2.0,4.0,13.0,4.0,10.0,16.0,6.0,6.0,14.0,0.0,0.0,0.0,30.0,54.0,121.0,1,0.30120499999999995,0.30120499999999995,-0.36000000000000004,-0.127,0.05254499999999984,-0.021042600000000133,-0.2869778000000003,0.03493620125924313,0.5592756666666664,0.2829957999999997,0.017061199999999888,0.7648238687205595,-0.2033333333333333,-0.14399999999999996,-0.09000000000000002,-0.12069187338328863,0.008333333333333193,-0.018000000000000016,-0.01959999999999995,0.03743838576657721
20231001_Le Havre_Lille,2023-10-01 13:00:00,2023,Le Havre,Lille,0,2,1.05835,1.05835,0.38,0.805,0.0,0.0,22.0,1.3230833333333332,1.0501989999999999,1.0834291666666667,1.0726545792,1.3230833333333332,1.0501989999999999,1.0834291666666667,1.0726545792,0.3933333333333333,0.426,0.425,0.3406272,0.7786666666666666,0.7816000000000001,0.7713333333333333,0.73236992,5.0,8.0,10.0,1.0,5.0,7.0,4.0,6.0,8.0,0.0,1.0,1.0,52.0,83.0,103.0,2,0,1.38688,1.38688,0.62,0.889,0.0,0.0,16.0,1.4552500000000002,1.811204,1.760408,1.4483630618770464,1.4552500000000006,1.811204,1.5323788,1.448345935933869,0.6,0.616,0.6044444444444443,0.6604808986166586,0.8473333333333333,0.8497999999999999,0.8350000000000001,0.8523143742935028,4.0,7.0,13.0,4.0,8.0,12.0,7.0,11.0,22.0,0.0,1.0,1.0,47.0,73.0,127.0,-1,-0.32853,-0.32853,-0.24,-0.08399999999999996,-0.132166666666667,-0.7610050000000002,-0.6769788333333333,-0.3757084826770465,-0.13216666666666743,-0.7610050000000002,-0.4489496333333334,-0.3756913567338691,-0.20666666666666667,-0.19,-0.17944444444444435,-0.3198536986166586,-0.06866666666666665,-0.06819999999999982,-0.06366666666666676,-0.11994445429350276
20231020_Le Havre_Lens,2023-10-20 19:00:00,2023,Le Havre,Lens,0,0,1.84471,1.84471,0.4,0.755,2.0,0.0,18.0,0.7356629999999998,1.0317938,0.96128675,0.3173373831679999,0.7356629999999998,1.0317938,0.96128675,0.3173373831679999,0.35333333333333333,0.384,0.41125,0.36242508799999995,0.783,0.7936,0.7825,0.8196947968000001,2.0,5.0,10.0,6.0,6.0,12.0,5.0,7.0,11.0,1.0,1.0,2.0,53.0,89.0,140.0,0,0,1.96292,1.96292,0.6,0.8190000000000001,3.0,0.0,17.0,2.3979599999999994,1.8836503999999998,1.7706328,2.420704044872761,2.39796,1.8836503999999998,1.6946227999999999,2.4207037210624627,0.53,0.5640000000000001,0.548888888888889,0.46857355776929355,0.809,0.8148,0.8204444444444445,0.7891370803554273,4.0,4.0,14.0,2.0,6.0,14.0,8.0,11.0,22.0,0.0,0.0,0.0,42.0,61.0,102.0,0,-0.11820999999999993,-0.11820999999999993,-0.19999999999999996,-0.06400000000000006,-1.6622969999999997,-0.8518565999999999,-0.80934605,-2.103366661704761,-1.6622970000000001,-0.8518565999999999,-0.7333360499999999,-2.103366337894463,-0.1766666666666667,-0.18000000000000005,-0.13763888888888898,-0.1061484697692936,-0.026000000000000023,-0.021199999999999997,-0.03794444444444456,0.030557716444572836
20231111_Le Havre_Monaco,2023-11-11 20:00:00,2023,Le Havre,Monaco,0,0,1.12627,0.366171,0.38,0.698,2.0,0.0,18.0,1.3152463333333335,1.0270915999999999,1.0386453,1.172492459065344,1.3152463333333335,1.0270915999999999,1.0386453,1.172492459065344,0.48666666666666664,0.44000000000000006,0.433,0.492499400704,0.7863333333333333,0.7982,0.7899,0.7999975583744,2.0,2.0,10.0,1.0,6.0,11.0,6.0,9.0,15.0,0.0,1.0,2.0,64.0,101.0,184.0,0,0,0.968375,0.968375,0.62,0.8340000000000001,3.0,0.0,20.0,1.3305276666666666,1.4510986,1.8114452999999997,1.114498455194426,1.330527666666667,1.4510986000000001,1.6594262,1.1141092858002926,0.6,0.544,0.5589999999999999,0.49011074130588417,0.8106666666666666,0.784,0.8074,0.7892994581040944,4.0,10.0,21.0,3.0,6.0,12.0,5.0,12.0,22.0,0.0,0.0,0.0,45.0,94.0,147.0,0,0.15789500000000012,-0.602204,-0.24,-0.13600000000000012,-0.015281333333333036,-0.424007,-0.7727999999999997,0.05799400387091813,-0.01528133333333348,-0.42400700000000024,-0.6207809,0.05838317326505149,-0.11333333333333334,-0.10399999999999998,-0.12599999999999995,0.0023886593981158333,-0.024333333333333318,0.01419999999999999,-0.01749999999999996,0.0106981002703056
20231203_Le Havre_Paris Saint Germain,2023-12-03 12:00:00,2023,Le Havre,Paris Saint Germain,0,2,1.85535,1.85535,0.61,0.873,2.0,0.0,9.0,0.854177,1.059542,1.0456679,0.40766369836261374,0.6008106666666667,0.9075222000000001,0.9696579999999999,0.28604785836261376,0.4166666666666667,0.446,0.41500000000000004,0.39249997602816006,0.7423333333333333,0.7569999999999999,0.7753,0.726079902334976,2.0,2.0,7.0,1.0,1.0,7.0,6.0,10.0,17.0,1.0,1.0,2.0,73.0,112.0,201.0,2,0,1.76208,1.76208,,,,,,2.161766666666666,2.220498,2.5365580000000003,2.570042997773422,1.9083999999999997,1.737422,2.21901,1.9552605934848446,,,,,,,,,11.0,17.0,30.0,2.0,4.0,9.0,,,,,,,,,,-1,0.09326999999999996,0.09326999999999996,,,-1.307589666666666,-1.160956,-1.4908901000000003,-2.162379299410808,-1.307589333333333,-0.8298998,-1.249352,-1.6692127351222308,,,,,,,,
20231216_Le Havre_Nice,2023-12-16 16:00:00,2023,Le Havre,Nice,3,1,1.92557,1.16547,0.38,0.7859999999999999,3.0,1.0,26.0,1.2343870000000001,1.2079982,1.0982159,1.6108505479345046,1.234387,1.0559784,1.022206,1.6059859143345045,0.52,0.484,0.446,0.5612999990411265,0.7946666666666666,0.7766,0.779,0.795123196093399,1.0,3.0,5.0,4.0,5.0,11.0,5.0,9.0,18.0,1.0,1.0,2.0,63.0,106.0,198.0,1,3,1.64135,1.64135,0.62,0.862,2.0,1.0,11.0,1.169376666666667,1.28294,1.3051728,1.2567047145942536,1.169376666666667,1.28294,1.2291628,1.2565101289942535,0.5566666666666666,0.5439999999999999,0.544,0.5366994913716813,0.858,0.858,0.853,0.8244755889351532,3.0,5.0,9.0,2.0,2.0,2.0,2.0,6.0,15.0,0.0,1.0,1.0,56.0,82.0,156.0,1,0.2842199999999999,-0.4758800000000001,-0.24,-0.07600000000000007,0.06501033333333317,-0.07494179999999995,-0.2069569,0.35414583334025096,0.06501033333333295,-0.22696159999999987,-0.20695680000000016,0.34947578534025103,-0.036666666666666625,-0.05999999999999994,-0.09800000000000003,0.024600507669445215,-0.06333333333333335,-0.08140000000000003,-0.07399999999999995,-0.02935239284175417
20240114_Le Havre_Lyon,2024-01-14 16:05:00,2023,Le Havre,Lyon,3,1,1.47292,1.47292,0.43,0.836,1.0,0.0,26.0,1.3357470000000002,1.2176584,1.129167,0.7401740219173801,1.0823803333333333,1.0656383999999999,0.9771471000000002,0.6183634365733801,0.43,0.458,0.449,0.36325199996164503,0.7739999999999999,0.7846,0.7807,0.7599649278437359,4.0,4.0,6.0,4.0,6.0,10.0,5.0,9.0,20.0,2.0,3.0,4.0,77.0,116.0,213.0,1,3,0.873358,0.873358,0.57,0.861,0.0,2.0,8.0,1.996359333333334,1.8504978,1.8006099,1.9137091734535148,1.9963593333333336,1.8504978,1.7246002,1.913708861619637,0.4266666666666666,0.454,0.512,0.39571927962449,0.7856666666666666,0.8043999999999999,0.8164999999999999,0.7559116690107562,5.0,7.0,13.0,0.0,6.0,14.0,5.0,7.0,15.0,1.0,1.0,1.0,71.0,116.0,179.0,1,0.599562,0.599562,-0.13999999999999996,-0.025000000000000022,-0.6606123333333338,-0.6328394000000002,-0.6714429,-1.1735351515361345,-0.9139790000000003,-0.7848594000000002,-0.7474530999999999,-1.2953454250462568,0.0033333333333334103,0.0040000000000000036,-0.063,-0.03246727966284496,-0.011666666666666714,-0.01979999999999993,-0.03579999999999994,0.004053258832979689
20240211_Le Havre_Rennes,2024-02-11 12:00:00,2023,Le Havre,Rennes,0,1,1.37399,1.37399,0.49,0.772,2.0,0.0,20.0,0.9931170000000001,1.0728963999999999,1.1404473,0.38955323217533894,0.7397536666666666,0.7688584,0.9124184,0.266964347492587,0.4633333333333333,0.42400000000000004,0.454,0.4198660159996932,0.7793333333333333,0.7754,0.776,0.7147517194227498,7.0,10.0,13.0,5.0,7.0,12.0,7.0,11.0,20.0,0.0,2.0,3.0,80.0,133.0,239.0,1,0,1.18673,1.18673,0.51,0.809,1.0,0.0,23.0,1.8035799999999995,1.76195,1.4539806,2.063936442473055,1.2968499999999998,1.305892,1.1499426,1.4264820184366196,0.4266666666666667,0.47000000000000003,0.473,0.4600713396749262,0.7903333333333333,0.7896,0.7927000000000001,0.7860706155515855,7.0,10.0,14.0,3.0,4.0,12.0,7.0,12.0,24.0,0.0,0.0,3.0,73.0,111.0,202.0,-1,0.18725999999999998,0.18725999999999998,-0.020000000000000018,-0.03700000000000003,-0.8104629999999994,-0.6890536,-0.3135333,-1.674383210297716,-0.5570963333333332,-0.5370336,-0.23752419999999996,-1.1595176709440325,0.036666666666666625,-0.045999999999999985,-0.01899999999999996,-0.040205323675232996,-0.01100000000000001,-0.01419999999999999,-0.016700000000000048,-0.07131889612883568
20240225_Le Havre_Reims,2024-02-25 14:00:00,2023,Le Havre,Reims,1,2,1.71847,0.958372,0.5,0.8,3.0,0.0,16.0,0.6066336666666666,0.9300162000000001,1.0738372999999999,0.47281252928701356,0.6066336666666666,0.7779982000000001,0.9218183,0.46790897389970343,0.42333333333333334,0.4539999999999999,0.45599999999999996,0.4071946406399878,0.7370000000000001,0.7718,0.7782,0.7513100687769101,1.0,7.0,11.0,5.0,9.0,15.0,7.0,12.0,21.0,0.0,0.0,3.0,73.0,111.0,227.0,2,1,3.16987,2.40978,0.5,0.8079999999999999,3.0,1.0,28.0,1.4117100000000005,1.472962,1.4980708999999999,1.0953297102746031,1.4117100000000005,1.472962,1.4980708999999999,1.0953297101749446,0.5866666666666666,0.5399999999999999,0.55,0.5454035040282577,0.8166666666666665,0.8034000000000001,0.8074,0.811138259173906,3.0,6.0,11.0,6.0,7.0,15.0,5.0,10.0,18.0,0.0,0.0,0.0,33.0,72.0,157.0,-1,-1.4514,-1.451408,0.0,-0.007999999999999896,-0.8050763333333338,-0.5429458,-0.4242336,-0.6225171809875896,-0.8050763333333338,-0.6949638,-0.5762525999999999,-0.6274207362752412,-0.16333333333333322,-0.08600000000000002,-0.09400000000000008,-0.13820886338826988,-0.07966666666666644,-0.03160000000000007,-0.029200000000000004,-0.05982819039699594
20240310_Le Havre_Toulouse,2024-03-10 14:00:00,2023,Le Havre,Toulouse,1,0,1.2502,1.2502,0.49,0.784,1.0,0.0,25.0,0.8141796666666666,0.79314,1.0803121,0.6357309011714805,0.5608136666666667,0.6411203999999999,0.8522833000000001,0.5139190789559882,0.43,0.434,0.446,0.41628778562559954,0.7543333333333334,0.745,0.7695,0.7292524027510764,1.0,2.0,12.0,6.0,8.0,16.0,7.0,11.0,21.0,0.0,0.0,2.0,33.0,95.0,210.0,0,1,0.212288,0.212288,0.51,0.775,1.0,0.0,10.0,1.67892,1.5343665999999998,1.4922141,1.5730330706998978,1.4255533333333335,1.2303274000000002,1.1121664,1.4502103360316465,0.36999999999999994,0.4459999999999999,0.491,0.41979569646233783,0.738,0.7506,0.7797,0.7832488258557477,7.0,11.0,13.0,3.0,7.0,14.0,7.0,12.0,26.0,0.0,0.0,0.0,72.0,105.0,207.0,1,1.037912,1.037912,-0.020000000000000018,0.009000000000000008,-0.8647403333333333,-0.7412265999999998,-0.411902,-0.9373021695284174,-0.8647396666666668,-0.5892070000000003,-0.2598830999999999,-0.9362912570756583,0.06000000000000005,-0.0119999999999999,-0.044999999999999984,-0.0035079108367382927,0.016333333333333422,-0.005600000000000049,-0.010199999999999987,-0.05399642310467134
20240331_Le Havre_Montpellier,2024-03-31 14:00:00,2023,Le Havre,Montpellier,0,2,0.690722,0.690722,0.52,0.769,2.0,0.0,17.0,0.9387630000000001,0.9662998,0.9644401,1.1364692360468591,0.9387629999999999,0.8142802,0.8124213000000001,1.1315967631582395,0.49666666666666676,0.476,0.461,0.575051511425024,0.7719999999999999,0.773,0.7727999999999999,0.809010096110043,2.0,3.0,10.0,3.0,8.0,15.0,7.0,13.0,23.0,1.0,1.0,2.0,39.0,66.0,193.0,2,0,1.81849,1.81849,0.48,0.745,2.0,0.0,24.0,1.9138766666666671,1.9768180000000002,1.5813770000000003,2.3425559112363277,1.407144333333334,1.5207606000000002,1.3533483,1.6118874754385288,0.4233333333333334,0.446,0.42699999999999994,0.3347284722356056,0.7653333333333334,0.7684,0.7605999999999999,0.7777263320971693,6.0,10.0,13.0,9.0,13.0,20.0,3.0,10.0,22.0,0.0,0.0,0.0,77.0,119.0,241.0,-1,-1.127768,-1.127768,0.040000000000000036,0.02400000000000002,-0.975113666666667,-1.0105182000000001,-0.6169369000000002,-1.2060866751894685,-0.4683813333333341,-0.7064804000000002,-0.5409269999999998,-0.4802907122802893,0.07333333333333336,0.02999999999999997,0.034000000000000086,0.24032303918941839,0.0066666666666664876,0.0046000000000000485,0.012199999999999989,0.031283764012873694
20240414_Le Havre_Nantes,2024-04-14 11:00:00,2023,Le Havre,Nantes,0,1,1.6031,1.6031,0.45,0.775,3.0,0.0,16.0,1.1257706666666667,1.0109682,0.9950472000000001,1.3942382894418743,0.8724283333333333,0.8589628000000001,0.7670257,0.7860217905263296,0.5166666666666667,0.488,0.47800000000000004,0.45020206045700095,0.7703333333333333,0.7618,0.7632000000000001,0.7346004038444017,2.0,3.0,8.0,5.0,6.0,16.0,12.0,14.0,28.0,1.0,1.0,1.0,64.0,95.0,196.0,1,0,0.756172,0.756172,0.55,0.836,2.0,0.0,24.0,1.202052,1.0440096,1.0307758999999999,1.1978482031130255,0.9486886666666666,0.8919916000000001,0.8787575000000001,1.0762334917785228,0.49666666666666665,0.48599999999999993,0.42000000000000004,0.43027731792309276,0.8116666666666666,0.7971999999999999,0.7673,0.7897071832772796,4.0,4.0,7.0,7.0,11.0,15.0,9.0,15.0,23.0,0.0,0.0,0.0,66.0,102.0,225.0,-1,0.846928,0.846928,-0.10000000000000003,-0.06099999999999994,-0.0762813333333332,-0.03304140000000011,-0.035728699999999725,0.1963900863288488,-0.07626033333333337,-0.03302879999999997,-0.11173180000000005,-0.2902117012521932,0.020000000000000073,0.0020000000000000573,0.057999999999999996,0.01992474253390819,-0.04133333333333333,-0.035399999999999876,-0.0040999999999998815,-0.055106779432877895
20240421_Le Havre_Metz,2024-04-21 13:00:00,2023,Le Havre,Metz,0,1,0.649411,0.649411,0.64,0.77,2.0,0.0,10.0,1.2805506666666666,1.2461224,1.0196312,1.5613276578883748,1.0272083333333333,1.094117,0.8676186999999999,1.439684358105266,0.46666666666666673,0.49800000000000005,0.466,0.4500404120914002,0.7560000000000001,0.774,0.7595,0.7669200807688804,1.0,3.0,5.0,4.0,6.0,14.0,10.0,16.0,27.0,0.0,1.0,1.0,72.0,105.0,200.0,1,0,1.50162,1.50162,0.36,0.684,3.0,0.0,37.0,1.548611,1.5195886,1.4439906,1.041678008563165,1.5486110000000002,1.3675686,1.2919706,1.0405104949189874,0.3333333333333334,0.336,0.383,0.30869195859776233,0.7246666666666667,0.719,0.7377,0.6801973755215683,7.0,9.0,14.0,10.0,12.0,20.0,3.0,8.0,17.0,0.0,0.0,0.0,85.0,129.0,272.0,-1,-0.852209,-0.852209,0.28,0.08599999999999997,-0.26806033333333334,-0.2734662000000001,-0.42435939999999994,0.5196496493252099,-0.5214026666666669,-0.2734516,-0.4243519000000001,0.3991738631862787,0.1333333333333333,0.16200000000000003,0.08300000000000002,0.1413484534936379,0.031333333333333435,0.05500000000000005,0.02179999999999993,0.08672270524731207
20240504_Le Havre_Strasbourg,2024-05-04 13:00:00,2023,Le Havre,Strasbourg,3,1,2.56306,2.56306,0.39,0.7040000000000001,3.0,0.0,12.0,1.1550636666666667,1.1407485999999998,1.0535242,1.136502866315535,0.9016973333333334,0.8367234,0.8255018,0.5235579343242106,0.4400000000000001,0.45400000000000007,0.46499999999999997,0.30440161648365605,0.7293333333333334,0.7362,0.7546,0.6682768032307553,3.0,4.0,7.0,5.0,8.0,16.0,6.0,13.0,26.0,0.0,0.0,1.0,61.0,117.0,183.0,1,3,0.631836,0.631836,0.61,0.847,1.0,0.0,15.0,1.4320360000000008,1.467185,1.2973791,1.0667928504224105,1.1786693333333338,1.315165,1.1453598,1.042461867069931,0.4766666666666668,0.472,0.45699999999999996,0.4785303101227221,0.836,0.8288,0.7917,0.8412998409917253,4.0,6.0,12.0,5.0,5.0,15.0,6.0,7.0,20.0,0.0,0.0,1.0,36.0,73.0,224.0,1,1.9312240000000003,1.9312240000000003,-0.21999999999999997,-0.1429999999999999,-0.27697233333333404,-0.3264364000000002,-0.24385489999999987,0.06971001589312453,-0.27697200000000044,-0.4784415999999999,-0.3198580000000001,-0.5189039327457204,-0.03666666666666668,-0.017999999999999905,0.008000000000000007,-0.17412869363906608,-0.10666666666666658,-0.09260000000000002,-0.03709999999999991,-0.17302303776096994
20240519_Le Havre_Marseille,2024-05-19 19:00:00,2023,Le Havre,Marseille,1,2,2.32336,1.56326,0.44,0.785,1.0,0.0,17.0,1.4011760000000002,1.2912078,1.1510880000000001,0.7977801146526213,1.1478096666666668,1.1391879999999999,0.9990754,0.7732623173729685,0.3466666666666667,0.426,0.457,0.41057606465934626,0.7173333333333334,0.7394000000000001,0.7506,0.7833710721292303,6.0,6.0,9.0,5.0,7.0,13.0,4.0,9.0,23.0,0.0,0.0,1.0,61.0,87.0,182.0,2,1,2.32131,2.32131,0.56,0.8290000000000001,0.0,0.0,10.0,2.51836,2.079358,1.8118193999999999,2.154874343023432,2.2649966666666663,1.7753219999999998,1.6598013999999999,2.028395304756853,0.5466666666666665,0.532,0.526,0.6067947953136066,0.7933333333333333,0.7976,0.8049,0.8137047143082767,5.0,9.0,17.0,3.0,7.0,15.0,6.0,10.0,22.0,0.0,1.0,1.0,48.0,80.0,161.0,-1,0.0020500000000001073,-0.7580499999999999,-0.12000000000000005,-0.04400000000000004,-1.1171839999999997,-0.7881502,-0.6607313999999997,-1.3570942283708105,-1.1171869999999995,-0.636134,-0.6607259999999999,-1.2551329873838843,-0.19999999999999984,-0.10600000000000004,-0.069,-0.19621873065426032,-0.07599999999999996,-0.05819999999999992,-0.054299999999999904,-0.03033364217904644
20220807_Lens_Brest,2022-08-07 13:00:00,2022,Lens,Brest,3,2,3.31681,2.55671,0.61,0.84,2.0,0.0,10.0,0.9150299999999999,0.9945172000000001,1.3998263999999998,0.42605798620511676,0.9150299999999998,0.9945172,1.1718106000000001,0.42578551127959935,0.5,0.47000000000000003,0.45999999999999996,0.4046300690609715,0.8053333333333331,0.8023999999999999,0.784,0.735441490461946,0.0,3.0,13.0,6.0,9.0,15.0,8.0,11.0,30.0,1.0,2.0,4.0,44.0,92.0,233.0,2,3,1.04228,0.28219,0.39,0.7,4.0,0.0,9.0,1.1892976666666666,1.2247052,0.9621818,0.8191719334647782,1.1892976666666666,1.2247052,0.9621818,0.8191719334647769,0.44333333333333336,0.496,0.522,0.40688970038886607,0.79,0.7916000000000001,0.7945,0.7732726721048624,2.0,5.0,8.0,5.0,10.0,16.0,5.0,8.0,18.0,0.0,0.0,2.0,54.0,84.0,150.0,1,2.2745299999999995,2.27452,0.21999999999999997,0.14,-0.2742676666666667,-0.23018799999999995,0.43764459999999983,-0.3931139472596615,-0.2742676666666668,-0.23018800000000006,0.20962880000000017,-0.39338642218517755,0.05666666666666664,-0.025999999999999968,-0.062000000000000055,-0.0022596313278945845,0.015333333333333088,0.01079999999999981,-0.010499999999999954,-0.037831181642916434
20220827_Lens_Rennes,2022-08-27 19:00:00,2022,Lens,Rennes,2,1,1.15835,1.15835,0.51,0.848,0.0,0.0,19.0,2.26749,1.633278,1.6199576,2.240448783889641,1.7607566666666665,1.3292379999999997,1.2399218,1.6080434040902367,0.5966666666666667,0.56,0.506,0.5571570405524878,0.8396666666666667,0.8118000000000001,0.8087,0.8454035319236957,7.0,7.0,15.0,3.0,6.0,14.0,4.0,9.0,22.0,0.0,0.0,4.0,35.0,71.0,185.0,1,2,0.88822,0.88822,0.49,0.823,1.0,0.0,21.0,1.4698353333333332,1.2121140000000001,1.4083142,1.1620281819433376,1.4698353333333332,1.2121140000000001,1.4083142,1.162028107228364,0.61,0.622,0.606,0.5694273454911879,0.8376666666666667,0.8423999999999999,0.8424000000000001,0.8032843293791161,3.0,6.0,16.0,3.0,5.0,8.0,11.0,14.0,31.0,2.0,3.0,4.0,47.0,70.0,133.0,1,0.27013,0.27013,0.020000000000000018,0.025000000000000022,0.7976546666666668,0.42116399999999987,0.21164340000000004,1.0784206019463034,0.29092133333333337,0.11712399999999956,-0.1683923999999999,0.4460152968618727,-0.013333333333333308,-0.061999999999999944,-0.09999999999999998,-0.012270304938700072,0.0020000000000000018,-0.03059999999999985,-0.033700000000000174,0.04211920254457957
20220831_Lens_Lorient,2022-08-31 19:00:00,2022,Lens,Lorient,5,2,3.01117,3.01117,0.58,0.898,1.0,0.0,16.0,1.5480033333333332,1.6398420000000002,1.3998316,1.3747697567779282,1.2946366666666664,1.335802,1.1718018,1.2482886808180473,0.5633333333333334,0.53,0.5189999999999999,0.5194314081104976,0.8423333333333334,0.8154,0.8166,0.8474807063847392,6.0,9.0,13.0,2.0,4.0,14.0,2.0,7.0,22.0,0.0,0.0,4.0,44.0,82.0,167.0,2,5,1.4489,1.4489,0.42,0.835,3.0,0.0,17.0,2.3792033333333333,1.8174346,1.7639202999999999,3.275565322826355,1.61911,1.2093602,1.3838731,2.4232510874474187,0.4166666666666667,0.42400000000000004,0.43499999999999994,0.41239822011371374,0.8066666666666666,0.8009999999999999,0.7958999999999999,0.8242697384263311,5.0,8.0,18.0,3.0,5.0,17.0,3.0,5.0,12.0,0.0,0.0,1.0,59.0,89.0,178.0,1,1.5622699999999998,1.5622699999999998,0.15999999999999998,0.06300000000000006,-0.8312000000000002,-0.17759259999999966,-0.36408869999999993,-1.9007955660484266,-0.3244733333333336,0.12644179999999983,-0.21207130000000007,-1.1749624066293713,0.14666666666666667,0.10599999999999998,0.08399999999999996,0.10703318799678385,0.035666666666666735,0.01440000000000008,0.02070000000000005,0.023210967958408046
20220909_Lens_Troyes,2022-09-09 19:00:00,2022,Lens,Troyes,1,0,1.44803,1.44803,0.63,0.889,2.0,0.0,13.0,2.1345066666666663,1.977836,1.7466059999999999,2.3239779902711173,2.1345066666666663,1.825816,1.594586,2.318918747232722,0.5733333333333333,0.58,0.542,0.6175772563244198,0.8726666666666666,0.8593999999999999,0.8395999999999999,0.8751792282553895,8.0,12.0,16.0,4.0,5.0,15.0,3.0,5.0,17.0,1.0,1.0,2.0,49.0,74.0,142.0,0,1,0.674373,0.674373,0.37,0.8059999999999999,1.0,0.0,30.0,1.8270206666666668,1.4709486,1.5329138333333334,0.96060061696,1.5736573333333332,1.1669116,1.1528663333333333,0.83387837696,0.41999999999999993,0.386,0.3983333333333334,0.32722559999999995,0.7869999999999999,0.7804,0.7871666666666667,0.72752544,8.0,9.0,11.0,4.0,11.0,14.0,5.0,8.0,8.0,1.0,1.0,1.0,56.0,93.0,107.0,1,0.7736569999999999,0.7736569999999999,0.26,0.08300000000000007,0.3074859999999995,0.5068873999999999,0.21369216666666646,1.3633773733111174,0.5608493333333331,0.6589044000000002,0.44171966666666673,1.485040370272722,0.15333333333333332,0.19399999999999995,0.14366666666666666,0.2903516563244199,0.08566666666666667,0.07899999999999996,0.05243333333333322,0.14765378825538955
20221002_Lens_Lyon,2022-10-02 18:45:00,2022,Lens,Lyon,1,0,2.993,2.2329,0.52,0.802,2.0,0.0,15.0,1.5497689999999997,1.7637654,1.6985217,1.0984655196108446,1.5497689999999997,1.7637654,1.5465016999999999,1.0982631498893087,0.6133333333333333,0.586,0.573,0.5895030902529768,0.8706666666666667,0.8716000000000002,0.8417,0.8580471691302156,2.0,9.0,16.0,1.0,4.0,10.0,5.0,6.0,15.0,1.0,1.0,1.0,44.0,79.0,150.0,0,1,0.0812146,0.0812146,0.48,0.785,2.0,0.0,23.0,1.8240663333333336,2.0441438,2.1163459,1.1665953289907949,1.8240663333333336,2.0441438,2.0403358999999996,1.166587482801264,0.54,0.576,0.607,0.4038411114543298,0.8356666666666667,0.8374,0.8426,0.839048955124937,2.0,9.0,23.0,6.0,7.0,15.0,5.0,7.0,10.0,0.0,0.0,1.0,32.0,48.0,92.0,1,2.9117854,2.1516854,0.040000000000000036,0.017000000000000015,-0.27429733333333384,-0.2803784,-0.41782419999999987,-0.06812980937995028,-0.27429733333333384,-0.2803784,-0.4938341999999998,-0.06832433291195517,0.07333333333333325,0.010000000000000009,-0.03400000000000003,0.18566197879864693,0.03500000000000003,0.03420000000000012,-0.0009000000000000119,0.01899821400527857
20221015_Lens_Montpellier,2022-10-15 19:00:00,2022,Lens,Montpellier,1,0,2.31045,2.31045,0.65,0.846,2.0,0.0,10.0,1.6685689999999997,1.7375473999999997,1.9659727,1.3591626207844338,1.1618356666666663,1.4335073999999999,1.6619327,0.6294585259955723,0.5499999999999999,0.5820000000000001,0.579,0.5467801236101191,0.8220000000000001,0.8454,0.8492000000000001,0.8130418867652086,1.0,3.0,17.0,1.0,2.0,8.0,8.0,12.0,17.0,0.0,1.0,1.0,46.0,73.0,143.0,0,1,0.305429,0.305429,0.35,0.67,2.0,0.0,22.0,1.3742380000000003,1.1218894000000001,1.2599375,0.79546035758387,1.1208946666666668,0.9698834000000002,1.1839345000000001,0.7711393353172151,0.5233333333333333,0.47400000000000003,0.48200000000000004,0.5111695207321542,0.7586666666666666,0.7392000000000001,0.7727999999999999,0.7688923881810936,4.0,6.0,21.0,7.0,12.0,21.0,10.0,14.0,21.0,0.0,1.0,4.0,50.0,87.0,165.0,1,2.0050209999999997,2.0050209999999997,0.30000000000000004,0.17599999999999993,0.29433099999999945,0.6156579999999996,0.7060352000000001,0.5637022632005638,0.04094099999999945,0.4636239999999997,0.4779981999999998,-0.14168080932164284,0.026666666666666616,0.10800000000000004,0.09699999999999992,0.035610602877964914,0.06333333333333346,0.10619999999999996,0.07640000000000013,0.04414949858411499
20221028_Lens_Toulouse,2022-10-28 19:00:00,2022,Lens,Toulouse,3,0,2.64413,1.88403,0.52,0.8059999999999999,2.0,0.0,17.0,1.322865,1.5857744,1.8238542000000002,0.9142105048313773,1.069498333333333,1.2817344,1.5958242,0.8850223410398228,0.5466666666666667,0.5479999999999999,0.563,0.47787120494440477,0.818,0.8214,0.8464,0.8038816754706084,2.0,3.0,16.0,1.0,1.0,6.0,10.0,13.0,18.0,0.0,0.0,1.0,51.0,83.0,154.0,0,3,0.845923,0.845923,0.48,0.747,1.0,0.0,12.0,1.6379780000000002,1.5445752000000001,1.4876529,1.9198072001570816,1.3846146666666668,1.3925572000000002,1.4116439,1.7981928001570817,0.48333333333333334,0.48599999999999993,0.496,0.4890553044992,0.7756666666666666,0.7729999999999999,0.7862,0.78478776516608,6.0,11.0,15.0,5.0,9.0,19.0,7.0,12.0,21.0,1.0,2.0,2.0,68.0,112.0,209.0,1,1.798207,1.0381070000000001,0.040000000000000036,0.05899999999999994,-0.3151130000000002,0.04119919999999988,0.33620130000000015,-1.0055966953257043,-0.3151163333333338,-0.11082280000000022,0.18418029999999996,-0.9131704591172589,0.06333333333333341,0.062,0.06699999999999995,-0.011184099554795213,0.042333333333333334,0.04840000000000011,0.06020000000000003,0.01909391030452845
20221112_Lens_Clermont Foot,2022-11-12 16:00:00,2022,Lens,Clermont Foot,2,1,1.4242,1.4242,0.61,0.835,1.0,0.0,3.0,1.8122683333333331,1.7585369999999998,1.9446161999999998,2.203597220193255,1.5589016666666664,1.4544970000000002,1.7165862,2.0808136936415926,0.5066666666666667,0.544,0.5660000000000001,0.5503148481977762,0.816,0.8214,0.8419000000000001,0.8387152670188243,6.0,7.0,15.0,1.0,2.0,5.0,7.0,14.0,22.0,0.0,0.0,1.0,50.0,74.0,149.0,1,2,0.213092,0.213092,0.39,0.7170000000000001,3.0,0.0,17.0,1.7670503333333334,1.8434601999999998,1.440036,3.262325461472504,1.2603203333333333,1.5394222,1.288017,2.046173458981818,0.5366666666666666,0.548,0.5109999999999999,0.52877373218816,0.7703333333333333,0.7904,0.7741,0.731167771475968,3.0,6.0,12.0,5.0,7.0,12.0,7.0,11.0,22.0,0.0,0.0,0.0,50.0,75.0,177.0,1,1.2111079999999999,1.2111079999999999,0.21999999999999997,0.11799999999999988,0.04521799999999976,-0.08492319999999998,0.5045801999999997,-1.058728241279249,0.29858133333333314,-0.08492519999999981,0.4285692000000001,0.03464023465977473,-0.029999999999999916,-0.0040000000000000036,0.05500000000000016,0.021541116009616168,0.04566666666666663,0.031000000000000028,0.06780000000000008,0.10754749554285625
20230101_Lens_Paris Saint Germain,2023-01-01 19:45:00,2022,Lens,Paris Saint Germain,3,1,1.79816,1.79816,0.41,0.8009999999999999,2.0,0.0,23.0,1.5946833333333332,1.6081790000000002,1.6805081999999998,1.25992788880773,1.594683333333333,1.456159,1.4524781999999998,1.2550165477456636,0.5866666666666667,0.5439999999999999,0.5650000000000001,0.591612593927911,0.8533333333333332,0.8321999999999999,0.8362,0.869548610680753,4.0,8.0,11.0,2.0,2.0,3.0,6.0,11.0,23.0,0.0,0.0,0.0,22.0,66.0,135.0,1,3,1.97764,1.97764,,,,,,2.232543333333333,2.4567740000000002,2.0640977,2.1469407377592784,1.9791766666666666,2.152736,1.9120787,1.5339961590644118,,,,,,,,,9.0,16.0,21.0,2.0,5.0,6.0,,,,,,,,,,1,-0.17948000000000008,-0.17948000000000008,,,-0.6378599999999999,-0.848595,-0.38358950000000025,-0.8870128489515483,-0.3844933333333336,-0.696577,-0.4596005000000001,-0.27897961131874816,,,,,,,,
20230114_Lens_Auxerre,2023-01-14 16:00:00,2022,Lens,Auxerre,1,0,1.69501,0.934915,0.67,0.865,2.0,0.0,13.0,1.4927166666666665,1.6164619999999998,1.7688035,1.5381827155523091,1.4927166666666665,1.6164619999999998,1.5407735,1.5379862619098266,0.5499999999999999,0.5640000000000001,0.55,0.6092645037571164,0.8483333333333333,0.8454,0.8289,0.8557419444272302,5.0,9.0,15.0,3.0,5.0,6.0,6.0,9.0,23.0,0.0,0.0,0.0,46.0,55.0,138.0,0,1,0.171617,0.171617,0.33,0.716,3.0,1.0,27.0,1.1564236666666667,1.1060324000000001,0.9675132,1.1579848982887044,0.90306,0.9540141999999999,0.8154951,1.1336616749359152,0.45333333333333337,0.454,0.45899999999999996,0.4795584378519028,0.7573333333333333,0.7863999999999999,0.7898000000000001,0.7652005923825713,2.0,3.0,8.0,9.0,15.0,21.0,6.0,6.0,10.0,0.0,0.0,2.0,48.0,87.0,202.0,1,1.523393,0.763298,0.34,0.14900000000000002,0.33629299999999973,0.5104295999999997,0.8012903,0.3801978172636047,0.5896566666666665,0.6624477999999999,0.7252784,0.4043245869739114,0.09666666666666657,0.11000000000000004,0.09100000000000008,0.1297060659052136,0.09099999999999997,0.05900000000000016,0.03909999999999991,0.09054135204465885
20230201_Lens_Nice,2023-02-01 20:00:00,2022,Lens,Nice,0,1,0.396756,0.396756,0.55,0.823,0.0,0.0,12.0,1.87652,1.7215220000000002,1.7779064999999998,2.2802889086220923,1.6231549999999997,1.5695029999999999,1.6258869999999999,2.1586658504763934,0.6833333333333332,0.6100000000000001,0.583,0.7155705801502846,0.8563333333333333,0.8496,0.8377000000000001,0.8430296777770891,4.0,7.0,16.0,3.0,4.0,6.0,4.0,9.0,19.0,0.0,0.0,0.0,31.0,67.0,130.0,1,0,2.16495,2.16495,0.45,0.797,2.0,0.0,22.0,1.8453030000000001,1.4255208,1.4863527,1.3341073615996077,1.8453030000000001,1.4255208,1.3343332,1.3339111577795015,0.5033333333333333,0.45999999999999996,0.5,0.4520475624565444,0.8256666666666668,0.8138,0.8258000000000001,0.8170108141037417,7.0,8.0,14.0,1.0,3.0,7.0,5.0,8.0,13.0,0.0,0.0,0.0,58.0,94.0,181.0,-1,-1.7681940000000003,-1.7681940000000003,0.10000000000000003,0.025999999999999912,0.031216999999999828,0.2960012000000003,0.29155379999999975,0.9461815470224846,-0.22214800000000046,0.14398219999999995,0.29155379999999975,0.8247546926968918,0.17999999999999994,0.15000000000000013,0.08299999999999996,0.2635230176937402,0.03066666666666651,0.035800000000000054,0.011900000000000022,0.026018863673347492
20230219_Lens_Nantes,2023-02-19 16:05:00,2022,Lens,Nantes,3,1,3.13027,3.13027,0.57,0.852,0.0,0.0,19.0,1.3232419999999998,1.6198371999999999,1.6181496,1.4398809032689766,1.3232419999999998,1.4678182,1.5421401,1.4389079188038112,0.6000000000000001,0.64,0.602,0.6009245646412023,0.8256666666666667,0.836,0.8407,0.8154802374222168,2.0,4.0,13.0,4.0,5.0,10.0,3.0,6.0,15.0,0.0,0.0,0.0,41.0,62.0,117.0,1,3,0.236483,0.236483,0.43,0.7809999999999999,0.0,0.0,21.0,1.537766666666667,1.1282944000000001,1.0947281,1.6115878026723098,1.2844,0.9762744000000001,1.0187181,1.489971797690945,0.49,0.48200000000000004,0.471,0.49975621992697794,0.7693333333333333,0.7734,0.7621,0.8013188504604816,3.0,6.0,9.0,2.0,2.0,5.0,5.0,8.0,20.0,0.0,0.0,1.0,56.0,104.0,209.0,1,2.8937869999999997,2.8937869999999997,0.13999999999999996,0.07100000000000006,-0.21452466666666714,0.4915427999999997,0.5234215,-0.17170689940333328,0.03884199999999982,0.49154379999999986,0.5234219999999998,-0.05106387888713382,0.1100000000000001,0.15799999999999997,0.131,0.10116834471422431,0.056333333333333346,0.06259999999999999,0.0786,0.01416138696173519
20230304_Lens_Lille,2023-03-04 16:00:00,2022,Lens,Lille,1,1,0.616556,0.616556,0.38,0.7190000000000001,2.0,0.0,14.0,1.99129,1.7270732,1.7242975999999999,1.7867344361307589,1.99129,1.7270732,1.6482880999999998,1.7866955167521523,0.59,0.596,0.603,0.6032369825856481,0.8376666666666667,0.8362,0.8429,0.8505392094968887,5.0,6.0,13.0,4.0,6.0,10.0,4.0,6.0,15.0,0.0,0.0,0.0,45.0,77.0,144.0,1,1,1.90081,1.90081,0.62,0.84,4.0,0.0,23.0,2.5447366666666666,2.347702,2.3550832,1.2660058231379727,2.0380300000000005,2.0436780000000003,2.1270612,1.1200778316814592,0.6333333333333333,0.6340000000000001,0.629,0.6647752771030011,0.8686666666666666,0.8558,0.8564999999999999,0.8515299160442553,7.0,10.0,18.0,5.0,6.0,9.0,7.0,9.0,16.0,0.0,0.0,0.0,28.0,43.0,115.0,0,-1.2842540000000002,-1.2842540000000002,-0.24,-0.12099999999999989,-0.5534466666666666,-0.6206288,-0.6307856000000003,0.5207286129927862,-0.04674000000000045,-0.31660480000000035,-0.4787731000000002,0.6666176850706931,-0.043333333333333335,-0.038000000000000145,-0.026000000000000023,-0.06153829451735304,-0.030999999999999917,-0.01959999999999995,-0.013599999999999945,-0.0009907065473666599
20230318_Lens_Angers,2023-03-18 20:00:00,2022,Lens,Angers,3,0,1.64899,1.64899,0.46,0.845,0.0,0.0,12.0,1.3856486666666665,1.7190892000000002,1.6886502,1.7741343374452305,1.3856486666666665,1.7190891999999998,1.6126407,1.7741327806700862,0.5066666666666667,0.5359999999999999,0.594,0.5089294793034259,0.8056666666666666,0.8156000000000001,0.8314999999999999,0.8258615683798756,6.0,10.0,15.0,2.0,5.0,10.0,7.0,8.0,14.0,0.0,0.0,0.0,41.0,69.0,132.0,0,3,0.589326,0.589326,0.54,0.865,0.0,0.0,12.0,1.0371176666666666,0.9213692000000002,0.7343005,1.0131516469407829,1.0371176666666666,0.7693496,0.6582907,1.0082870197407763,0.4099999999999999,0.47400000000000003,0.4720000000000001,0.4026365336961946,0.801,0.7948000000000001,0.7993,0.7869224914169283,1.0,3.0,5.0,10.0,13.0,23.0,4.0,9.0,20.0,1.0,1.0,2.0,56.0,83.0,166.0,1,1.059664,1.059664,-0.08000000000000002,-0.020000000000000018,0.3485309999999999,0.79772,0.9543497000000001,0.7609826905044477,0.3485309999999999,0.9497395999999998,0.95435,0.7658457609293099,0.09666666666666679,0.06199999999999989,0.12199999999999989,0.10629294560723129,0.004666666666666597,0.02080000000000004,0.032199999999999895,0.038939076962947294
20230407_Lens_Strasbourg,2023-04-07 19:00:00,2022,Lens,Strasbourg,2,1,1.31665,1.31665,0.54,0.821,1.0,0.0,17.0,1.7008699999999999,1.4509072,1.6788982000000001,1.4936837734978092,1.7008699999999999,1.4509072,1.6788982000000001,1.4936837112268035,0.47666666666666674,0.484,0.5519999999999999,0.44595717917213706,0.8353333333333333,0.8154,0.8244,0.820234462735195,8.0,10.0,16.0,0.0,2.0,8.0,4.0,9.0,13.0,0.0,0.0,0.0,33.0,64.0,132.0,1,2,0.580047,0.580047,0.46,0.787,5.0,1.0,15.0,2.2203666666666675,1.7129594000000001,1.324627,1.7853187643557007,1.9258400000000002,1.5362434,1.236269,1.6439459643547385,0.5333333333333335,0.532,0.46299999999999997,0.5051247268577186,0.7486666666666667,0.7323999999999999,0.7451000000000001,0.7555618446440844,7.0,8.0,13.0,6.0,8.0,16.0,7.0,13.0,24.0,0.0,0.0,2.0,37.0,75.0,169.0,1,0.7366030000000001,0.7366030000000001,0.08000000000000002,0.03399999999999992,-0.5194966666666676,-0.26205220000000007,0.3542712000000001,-0.29163499085789146,-0.22497000000000034,-0.08533619999999997,0.44262920000000006,-0.15026225312793495,-0.05666666666666681,-0.04800000000000004,0.08899999999999997,-0.05916754768558152,0.08666666666666656,0.08300000000000007,0.07929999999999993,0.06467261809111058
20230422_Lens_Monaco,2023-04-22 19:00:00,2022,Lens,Monaco,3,0,3.52672,3.52672,0.62,0.853,0.0,0.0,17.0,1.3999566666666665,1.570776,1.6709046,1.4181073509399122,1.1465903333333332,1.4187562,1.5948947,0.8100281484490721,0.4533333333333334,0.47000000000000003,0.516,0.4082382871668855,0.8253333333333334,0.8333999999999999,0.8244,0.8361693785094078,4.0,11.0,18.0,4.0,4.0,10.0,3.0,5.0,13.0,1.0,1.0,1.0,35.0,57.0,136.0,0,3,1.53352,1.53352,0.38,0.7390000000000001,2.0,0.0,13.0,1.9142,1.6357880000000002,1.8564720000000001,2.4608558555703772,1.9142000000000003,1.6357880000000002,1.8564720000000001,2.460855853055604,0.49333333333333335,0.51,0.513,0.4781304545025659,0.7503333333333333,0.7527999999999999,0.7822,0.7671686310922924,9.0,11.0,20.0,6.0,7.0,14.0,4.0,6.0,11.0,1.0,1.0,1.0,55.0,72.0,133.0,1,1.9932,1.9932,0.24,0.11399999999999988,-0.5142433333333334,-0.06501200000000029,-0.18556740000000005,-1.042748504630465,-0.7676096666666672,-0.21703180000000022,-0.2615773000000001,-1.6508277046065318,-0.039999999999999925,-0.03999999999999998,0.0030000000000000027,-0.06989216733568043,0.07500000000000007,0.0806,0.042200000000000015,0.06900074741711537
20230506_Lens_Marseille,2023-05-06 19:00:00,2022,Lens,Marseille,2,1,1.33558,1.33558,0.43,0.711,5.0,0.0,30.0,2.10703,1.8172679999999999,1.8022546000000002,1.7087994940375966,1.8536636666666666,1.6652482000000002,1.7262447,1.684476325937963,0.5100000000000001,0.502,0.506,0.5395295314866755,0.8486666666666666,0.8363999999999999,0.8295999999999999,0.8523267751403762,5.0,8.0,20.0,3.0,4.0,7.0,2.0,5.0,12.0,1.0,1.0,1.0,39.0,67.0,139.0,1,2,1.27465,1.27465,0.57,0.769,2.0,0.0,19.0,3.17843,2.3504234,1.9784496999999999,3.3371737425828876,3.17843,2.1984033999999997,1.8264302000000001,3.336161835451518,0.6033333333333332,0.618,0.542,0.645172565101091,0.807,0.8128,0.7857000000000001,0.8020160440533366,7.0,8.0,16.0,3.0,4.0,12.0,2.0,6.0,12.0,0.0,0.0,1.0,42.0,68.0,172.0,1,0.06092999999999993,0.06092999999999993,-0.13999999999999996,-0.05800000000000005,-1.0714000000000001,-0.5331554000000001,-0.17619509999999972,-1.628374248545291,-1.3247663333333335,-0.5331551999999995,-0.10018550000000004,-1.651685509513555,-0.09333333333333305,-0.11599999999999999,-0.03600000000000003,-0.10564303361441552,0.04166666666666652,0.023599999999999954,0.04389999999999983,0.05031073108703965
20230512_Lens_Reims,2023-05-12 19:00:00,2022,Lens,Reims,2,1,1.35466,0.594564,0.4,0.782,1.0,1.0,34.0,2.0740166666666666,1.7946640000000003,1.6227855999999998,1.4102238988075193,2.0740166666666666,1.6426442,1.5467757,1.4053592651875926,0.5266666666666667,0.5,0.492,0.45190590629733507,0.8056666666666666,0.8155999999999999,0.8154999999999999,0.7392653550280752,6.0,9.0,19.0,1.0,5.0,7.0,7.0,8.0,17.0,0.0,1.0,1.0,62.0,86.0,150.0,1,2,1.80834,1.04824,0.6,0.857,3.0,0.0,7.0,1.2298710000000004,1.4597495999999999,1.5624417999999998,1.7801740862158275,1.2298710000000004,1.3077435999999998,1.4864388000000002,1.7792011763531712,0.59,0.5740000000000001,0.5559999999999999,0.4306448560536514,0.781,0.7740000000000001,0.7787000000000001,0.7307375922628094,1.0,2.0,11.0,3.0,7.0,9.0,6.0,8.0,16.0,0.0,0.0,0.0,35.0,59.0,143.0,1,-0.4536800000000001,-0.4536760000000001,-0.19999999999999996,-0.07499999999999996,0.8441456666666662,0.3349144000000004,0.06034380000000006,-0.3699501874083082,0.8441456666666662,0.3349006000000003,0.060336899999999805,-0.37384191116557863,-0.06333333333333324,-0.07400000000000007,-0.06399999999999995,0.021261050243683688,0.024666666666666615,0.04159999999999975,0.03679999999999983,0.00852776276526579
20230527_Lens_Ajaccio,2023-05-27 19:00:00,2022,Lens,Ajaccio,3,0,2.29667,1.53657,0.79,0.8759999999999999,1.0,0.0,9.0,1.6663199999999998,1.977086,1.773931,2.1201305559523007,1.4129546666666666,1.8250668,1.6219115000000002,1.9983206106075038,0.45333333333333337,0.502,0.48599999999999993,0.5060762362518935,0.7866666666666667,0.8131999999999999,0.8233,0.848290614201123,7.0,11.0,22.0,3.0,3.0,7.0,8.0,10.0,15.0,1.0,1.0,2.0,78.0,110.0,167.0,0,3,0.18809,0.18809,0.21,0.633,2.0,0.0,40.0,0.1960145333333333,0.22841892000000003,0.36172846000000003,0.1102075517056342,0.19601453333333316,0.22841892000000003,0.36172846000000003,0.11020753925231122,0.36000000000000004,0.354,0.414,0.39402277967942473,0.7686666666666667,0.756,0.7365999999999999,0.7755280470232423,0.0,0.0,2.0,10.0,13.0,24.0,5.0,9.0,24.0,2.0,3.0,5.0,64.0,105.0,179.0,1,2.1085800000000003,1.34848,0.5800000000000001,0.24299999999999988,1.4703054666666664,1.74866708,1.41220254,2.0099230042466667,1.2169401333333334,1.5966478800000001,1.2601830400000003,1.8881130713551926,0.09333333333333332,0.14800000000000002,0.07199999999999995,0.11205345657246873,0.018000000000000016,0.05719999999999992,0.08670000000000011,0.07276256717788065
20230820_Lens_Rennes,2023-08-20 18:45:00,2023,Lens,Rennes,1,1,1.3445,1.3445,0.5,0.813,2.0,0.0,5.0,2.1521606666666666,2.0239724,1.9093182,1.3704256844476184,1.8987939999999996,1.7199331999999998,1.6812887,1.34512800488486,0.64,0.5525,0.5233333333333333,0.5386430494500758,0.8619999999999999,0.8432499999999999,0.8278888888888889,0.8524916245680448,8.0,13.0,22.0,4.0,6.0,11.0,4.0,7.0,15.0,0.0,1.0,2.0,28.0,76.0,162.0,1,1,1.62597,0.865874,0.5,0.8320000000000001,1.0,0.0,26.0,2.338115333333333,2.5732272,2.2049186,4.038661161249485,2.084751666666666,2.421209,2.1289095000000002,3.9170466012494853,0.58,0.596,0.576,0.6581735810779723,0.8319999999999999,0.8443999999999999,0.8417999999999999,0.8820268897086807,9.0,18.0,27.0,2.0,2.0,10.0,4.0,6.0,13.0,0.0,0.0,0.0,43.0,61.0,152.0,0,-0.2814699999999999,0.478626,0.0,-0.019000000000000128,-0.1859546666666665,-0.5492547999999999,-0.2956004000000001,-2.6682354768018666,-0.18595766666666647,-0.7012758000000003,-0.44762080000000015,-2.5719185963646254,0.06000000000000005,-0.04349999999999998,-0.05266666666666664,-0.11953053162789651,0.030000000000000027,-0.0011499999999999844,-0.013911111111110985,-0.02953526514063587
20230916_Lens_Metz,2023-09-16 19:00:00,2023,Lens,Metz,0,1,1.61194,1.61194,0.75,0.8490000000000001,1.0,0.0,9.0,0.8146753333333331,1.3207676,1.5259217999999999,0.6218680454755809,0.8146753333333332,1.3207676,1.3739022,0.6216656640390789,0.44,0.4525,0.49888888888888894,0.4584736058084763,0.7946666666666666,0.8079999999999999,0.8134444444444444,0.7946752221420343,2.0,7.0,18.0,7.0,11.0,14.0,9.0,12.0,23.0,0.0,0.0,1.0,23.0,42.0,144.0,1,0,0.629577,0.629577,0.25,0.653,2.0,0.0,37.0,0.7666683333333332,0.7902566,0.8019804199999999,1.0613510717758,0.7666683333333334,0.6382367999999999,0.72597052,1.060378082296002,0.36333333333333334,0.35,0.43599999999999994,0.3523358067741938,0.7393333333333333,0.7577999999999999,0.7899,0.7425235094255376,5.0,7.0,14.0,4.0,10.0,19.0,4.0,9.0,17.0,1.0,1.0,1.0,73.0,121.0,197.0,-1,0.9823629999999999,0.9823629999999999,0.5,0.19600000000000006,0.04800699999999991,0.530511,0.72394138,-0.43948302630021896,0.0480069999999998,0.6825308,0.6479316800000001,-0.4387124182569232,0.07666666666666666,0.10250000000000004,0.062888888888889,0.1061377990342825,0.055333333333333345,0.05020000000000002,0.023544444444444368,0.05215171271649677
20230924_Lens_Toulouse,2023-09-24 13:00:00,2023,Lens,Toulouse,2,1,3.08782,3.08782,0.62,0.816,2.0,0.0,18.0,0.9038219999999996,1.0031936,1.5511408,1.4139256090951162,0.9038219999999999,1.0031936,1.3991212000000002,1.4138851328078157,0.5233333333333333,0.5175000000000001,0.5233333333333333,0.6916947211616953,0.8066666666666666,0.80825,0.8130000000000001,0.838135044428407,1.0,4.0,17.0,7.0,11.0,15.0,8.0,10.0,22.0,0.0,0.0,1.0,27.0,32.0,138.0,1,2,0.649363,0.649363,0.38,0.737,1.0,0.0,36.0,0.6107136666666664,1.0104802,1.3673807999999998,0.829127738780328,0.6107136666666667,0.8584616,1.2913715,0.8242631435803277,0.4566666666666666,0.434,0.501,0.3931203693986607,0.7719999999999999,0.7742,0.7977,0.7547285425660244,2.0,5.0,8.0,4.0,6.0,8.0,9.0,11.0,17.0,0.0,0.0,0.0,99.0,129.0,207.0,1,2.4384569999999997,2.4384569999999997,0.24,0.07899999999999996,0.2931083333333332,-0.007286600000000032,0.18376000000000015,0.5847978703147882,0.2931083333333332,0.14473199999999986,0.10774970000000028,0.589621989227488,0.06666666666666671,0.08350000000000007,0.022333333333333316,0.2985743517630346,0.034666666666666734,0.034050000000000025,0.015300000000000091,0.08340650186238263
20231008_Lens_Lille,2023-10-08 15:05:00,2023,Lens,Lille,1,1,2.58377,2.58377,0.45,0.779,2.0,0.0,11.0,2.074016666666666,1.4643152,1.7431278,1.7684402243638044,2.0740166666666666,1.4643152,1.6671177999999998,1.7684386053123125,0.63,0.542,0.5577777777777777,0.5428677888464678,0.8323333333333333,0.8135999999999999,0.8302222222222222,0.8296854017771363,3.0,4.0,16.0,2.0,8.0,14.0,7.0,14.0,22.0,0.0,0.0,0.0,40.0,58.0,105.0,1,1,1.34285,1.34285,0.55,0.8109999999999999,4.0,0.0,24.0,1.47119,1.44078,1.769755,1.3991766123754092,1.4711900000000007,1.4407799999999997,1.5417258,1.3991731871867739,0.6133333333333333,0.612,0.6088888888888888,0.6280961797233316,0.8596666666666667,0.8562000000000001,0.8458888888888888,0.8816628748587005,5.0,7.0,15.0,4.0,8.0,12.0,5.0,11.0,20.0,0.0,0.0,1.0,36.0,74.0,121.0,0,1.2409199999999998,1.2409199999999998,-0.10000000000000003,-0.03199999999999992,0.6028266666666662,0.02353519999999998,-0.026627200000000073,0.3692636119883952,0.602826666666666,0.0235352000000002,0.12539199999999973,0.3692654181255386,0.01666666666666672,-0.06999999999999995,-0.05111111111111111,-0.08522839087686385,-0.02733333333333343,-0.04260000000000019,-0.015666666666666607,-0.051977473081564196
20231028_Lens_Nantes,2023-10-28 19:00:00,2023,Lens,Nantes,4,0,4.32919,2.809,0.54,0.823,1.0,0.0,21.0,2.022993333333333,2.1537479999999998,1.7372578,2.0544768089745524,2.0229933333333334,2.1537479999999998,1.7372577999999996,2.0544767442124927,0.5233333333333333,0.5880000000000001,0.5277777777777778,0.5737147115538587,0.81,0.8190000000000002,0.8141111111111112,0.8130274160710855,2.0,4.0,11.0,1.0,3.0,14.0,9.0,12.0,24.0,0.0,0.0,0.0,41.0,68.0,110.0,0,4,1.21849,1.21849,0.46,0.825,2.0,0.0,15.0,1.6313909999999998,1.6579069999999998,1.322058,1.8045949890029656,1.631391,1.505887,1.0940284999999998,1.7996898754541593,0.52,0.496,0.434,0.5641878040488747,0.8113333333333334,0.7996000000000001,0.7854,0.8365638753690793,5.0,11.0,17.0,4.0,7.0,15.0,9.0,12.0,19.0,1.0,1.0,2.0,59.0,101.0,208.0,1,3.1106999999999996,1.59051,0.08000000000000002,-0.0020000000000000018,0.39160233333333316,0.495841,0.4151998000000001,0.24988181997158687,0.3916023333333334,0.6478609999999998,0.6432292999999998,0.25478686875833345,0.0033333333333332993,0.09200000000000008,0.0937777777777778,0.009526907504983972,-0.0013333333333332975,0.019400000000000084,0.028711111111111243,-0.02353645929799375
20231112_Lens_Marseille,2023-11-12 20:45:00,2023,Lens,Marseille,1,0,1.21972,1.21972,0.47,0.8009999999999999,2.0,0.0,16.0,2.3333029999999995,2.2211938,1.8249755,1.3410886723589819,1.8265729999999998,1.9171558000000002,1.6729565000000002,1.0978582697684995,0.57,0.536,0.537,0.5653485884621543,0.8193333333333334,0.8138,0.8118000000000001,0.8170010966428434,4.0,6.0,10.0,0.0,1.0,10.0,7.0,13.0,25.0,0.0,0.0,0.0,47.0,71.0,121.0,0,1,0.723678,0.723678,0.53,0.7929999999999999,2.0,0.0,32.0,1.5872403333333336,1.247838,1.6701530000000002,0.8651648707883359,1.587240333333333,1.247838,1.6701530000000002,0.8651648702901635,0.5333333333333332,0.476,0.505,0.4724375315521593,0.8576666666666668,0.8012,0.8036,0.8383235824922793,3.0,5.0,12.0,1.0,8.0,12.0,5.0,12.0,19.0,1.0,1.0,1.0,51.0,105.0,208.0,1,0.49604199999999987,0.49604199999999987,-0.06000000000000005,0.008000000000000007,0.7460626666666659,0.9733558,0.15482249999999986,0.47592380157064595,0.23933266666666686,0.6693178000000002,0.002803499999999959,0.232693399478336,0.036666666666666736,0.06000000000000005,0.03200000000000003,0.09291105690999502,-0.03833333333333344,0.012599999999999945,0.008200000000000096,-0.021322485849435968
20231202_Lens_Lyon,2023-12-02 16:00:00,2023,Lens,Lyon,3,2,2.66019,1.9001,0.52,0.8590000000000001,2.0,1.0,23.0,1.4865829999999995,2.1503718,2.0170111,2.2745827468943594,1.4865830000000002,1.8463338,1.8649921000000003,2.2648535307907403,0.5199999999999999,0.5399999999999999,0.552,0.5138139435384862,0.8253333333333334,0.8236000000000001,0.8192,0.8480400438657139,4.0,8.0,12.0,0.0,0.0,6.0,8.0,12.0,23.0,1.0,1.0,1.0,41.0,79.0,140.0,2,3,3.02776,3.02776,0.48,0.826,0.0,0.0,15.0,1.8796833333333343,1.7507220000000001,1.3928853,1.77410704223374,1.8796833333333336,1.5987026,1.2408656,1.7731325613649962,0.5733333333333333,0.5700000000000001,0.509,0.5027488265310374,0.8489999999999999,0.8286,0.8102,0.8399656586132241,2.0,6.0,7.0,3.0,8.0,15.0,4.0,8.0,20.0,0.0,0.0,0.0,43.0,63.0,137.0,1,-0.36756999999999973,-1.1276599999999999,0.040000000000000036,0.03300000000000014,-0.3931003333333347,0.3996497999999997,0.6241257999999998,0.5004757046606194,-0.3931003333333334,0.24763120000000005,0.6241265000000003,0.49172096942574406,-0.053333333333333344,-0.030000000000000138,0.04300000000000004,0.011065117007448833,-0.023666666666666503,-0.004999999999999893,0.009000000000000008,0.008074385252489713
20231216_Lens_Reims,2023-12-16 20:00:00,2023,Lens,Reims,2,0,1.26773,1.26773,0.46,0.772,0.0,0.0,25.0,2.2684766666666665,1.7465898,2.2218939,1.8070217098757744,2.0151133333333333,1.5945718,1.9938658999999999,1.6850181412316299,0.5633333333333334,0.546,0.546,0.6237525577415395,0.8476666666666667,0.8320000000000001,0.8229,0.8313616017546286,6.0,7.0,15.0,2.0,2.0,4.0,8.0,13.0,25.0,2.0,2.0,2.0,60.0,85.0,165.0,0,2,0.876139,0.876139,0.54,0.785,1.0,0.0,19.0,1.77152,1.7202640000000002,1.5760689,1.3000592033706118,1.77152,1.7202640000000002,1.5000599000000001,1.3000514175581894,0.5366666666666666,0.5,0.492,0.4887522076265142,0.8016666666666667,0.7942,0.7835,0.796497961410203,4.0,5.0,12.0,6.0,9.0,14.0,6.0,9.0,14.0,0.0,0.0,0.0,52.0,94.0,200.0,1,0.391591,0.391591,-0.08000000000000002,-0.013000000000000012,0.4969566666666665,0.026325799999999733,0.6458249999999999,0.5069625065051626,0.24359333333333333,-0.12569220000000025,0.49380599999999975,0.3849667236734404,0.026666666666666727,0.04600000000000004,0.05400000000000005,0.13500035011502526,0.04599999999999993,0.037800000000000056,0.03939999999999999,0.03486364034442557
20240114_Lens_Paris Saint Germain,2024-01-14 19:45:00,2023,Lens,Paris Saint Germain,0,2,2.68223,1.92213,0.35,0.7909999999999999,0.0,1.0,15.0,1.1400616666666663,1.722521,1.9416004,0.706673668395031,1.1400616666666668,1.570503,1.7135723999999999,0.7017935256492651,0.5666666666666667,0.548,0.537,0.5705501023096615,0.8143333333333334,0.8322,0.8199,0.8335744640701852,2.0,8.0,14.0,2.0,4.0,5.0,5.0,10.0,21.0,0.0,2.0,2.0,67.0,106.0,180.0,2,0,1.80377,1.80377,,,,,,1.9105166666666655,2.02136,2.1727030000000003,2.0529007407964373,1.6571506666666664,1.7173203999999997,1.8551552,1.9303014089495758,,,,,,,,,6.0,13.0,28.0,3.0,5.0,8.0,,,,,,,,,,-1,0.87846,0.1183599999999998,,,-0.7704549999999992,-0.2988390000000001,-0.23110260000000027,-1.3462270724014063,-0.5170889999999997,-0.14681739999999976,-0.14158280000000012,-1.2285078833003107,,,,,,,,
20240210_Lens_Strasbourg,2024-02-10 16:00:00,2023,Lens,Strasbourg,3,1,1.91964,1.91964,0.5,0.818,2.0,0.0,21.0,1.830423333333333,1.4596889999999998,1.6031393999999999,1.5894943493471603,1.5770566666666666,1.307669,1.4511204000000002,1.565132108205194,0.4666666666666666,0.49000000000000005,0.518,0.5549644008184772,0.8126666666666665,0.8112,0.8215999999999999,0.8363005957125615,3.0,5.0,12.0,2.0,4.0,6.0,5.0,7.0,20.0,1.0,1.0,3.0,46.0,92.0,177.0,1,3,1.66695,1.66695,0.5,0.83,1.0,0.0,17.0,1.6816666666666673,1.5223137999999998,1.4960419000000003,2.3182317510640074,1.6816666666666666,1.5223137999999998,1.4200319000000001,2.3182239676400074,0.46000000000000013,0.43600000000000005,0.429,0.3989610422255191,0.799,0.7852,0.7803,0.7784240876305953,3.0,7.0,12.0,4.0,6.0,11.0,8.0,11.0,18.0,0.0,0.0,1.0,56.0,106.0,220.0,1,0.2526900000000001,0.2526900000000001,0.0,-0.01200000000000001,0.14875666666666576,-0.06262480000000004,0.10709749999999962,-0.7287374017168471,-0.10461000000000009,-0.21464479999999986,0.031088500000000074,-0.7530918594348133,0.0066666666666664876,0.05399999999999999,0.08900000000000002,0.1560033585929581,0.013666666666666494,0.026000000000000023,0.04129999999999989,0.057876508081966205
20240225_Lens_Monaco,2024-02-25 12:00:00,2023,Lens,Monaco,2,3,2.863,2.863,0.6,0.7959999999999999,5.0,0.0,8.0,1.6726166666666664,1.7741479999999998,1.7483345,1.5385861739738864,1.6726166666666666,1.622128,1.5963155,1.5376116843282077,0.5166666666666667,0.47400000000000003,0.511,0.4781985760327391,0.8083333333333332,0.8036,0.8179000000000001,0.7739320238285025,5.0,7.0,15.0,2.0,4.0,8.0,6.0,9.0,19.0,0.0,1.0,3.0,49.0,85.0,191.0,3,2,2.33037,1.46301,0.4,0.721,3.0,0.0,29.0,1.7484166666666667,1.3286714,1.5389867000000002,1.7385212785929924,1.7484166666666672,1.3286714,1.4629767,1.7383266929850223,0.5966666666666667,0.534,0.534,0.627237686683868,0.8133333333333334,0.7798,0.7910999999999999,0.814254429497333,5.0,8.0,16.0,5.0,10.0,18.0,8.0,14.0,27.0,0.0,2.0,4.0,47.0,83.0,182.0,-1,0.5326300000000002,1.39999,0.19999999999999996,0.07499999999999996,-0.07580000000000031,0.4454765999999999,0.20934779999999975,-0.19993510461910602,-0.07580000000000053,0.29345660000000007,0.13333879999999998,-0.20071500865681458,-0.07999999999999996,-0.06,-0.02300000000000002,-0.14903911065112896,-0.0050000000000001155,0.023799999999999932,0.026800000000000157,-0.0403224056688305
20240309_Lens_Brest,2024-03-09 20:00:00,2023,Lens,Brest,1,0,0.751467,0.751467,0.42,0.802,1.0,0.0,27.0,2.558503333333333,2.246706,1.8506605,3.2017674469589554,2.3051366666666664,2.0946860000000003,1.6986405000000002,2.593648467373128,0.5333333333333333,0.536,0.52,0.5391279430413096,0.8029999999999999,0.8144,0.8108000000000001,0.8391172809531402,6.0,10.0,14.0,4.0,5.0,9.0,9.0,13.0,21.0,0.0,0.0,1.0,36.0,67.0,170.0,0,1,0.522507,0.522507,0.58,0.818,2.0,0.0,12.0,1.60131,1.4073192,1.6075001999999998,1.3477820923875896,1.3479456666666667,1.2553006,1.5314909,1.2261671999342258,0.5133333333333335,0.522,0.547,0.580932820832195,0.7843333333333332,0.7872,0.8039999999999999,0.8025009173577609,5.0,6.0,17.0,0.0,1.0,3.0,7.0,14.0,24.0,1.0,2.0,2.0,69.0,109.0,201.0,1,0.22895999999999994,0.22895999999999994,-0.15999999999999998,-0.015999999999999903,0.9571933333333329,0.8393868,0.24316030000000022,1.8539853545713658,0.9571909999999997,0.8393854000000003,0.16714960000000012,1.3674812674389023,0.019999999999999796,0.014000000000000012,-0.027000000000000024,-0.041804877790885375,0.01866666666666672,0.027200000000000002,0.006800000000000139,0.03661636359537934
20240316_Lens_Nice,2024-03-16 20:00:00,2023,Lens,Nice,1,3,1.36305,1.36305,0.6,0.8270000000000001,4.0,0.0,12.0,2.322382333333333,2.0693234,1.7645062,1.241527089391791,2.0690156666666666,1.9173034000000002,1.6124862,1.1199032934746256,0.5166666666666667,0.504,0.497,0.44382558860826193,0.8163333333333332,0.8058,0.8084999999999999,0.809423456190628,6.0,10.0,15.0,3.0,5.0,9.0,8.0,12.0,19.0,0.0,0.0,1.0,45.0,84.0,176.0,3,1,1.80693,1.04683,0.4,0.728,3.0,0.0,37.0,1.7974233333333336,1.6484624,1.629476,1.5845234813240028,1.7974233333333336,1.4964444000000001,1.4014469999999999,1.583510092299277,0.5966666666666667,0.554,0.5489999999999999,0.6321865949900279,0.8410000000000001,0.8322,0.8320000000000001,0.8423842521575005,2.0,4.0,8.0,4.0,8.0,13.0,5.0,11.0,17.0,0.0,1.0,2.0,49.0,72.0,153.0,-1,-0.44387999999999983,0.31622000000000017,0.19999999999999996,0.09900000000000009,0.5249589999999995,0.42086099999999993,0.1350302000000001,-0.3429963919322119,0.271592333333333,0.4208590000000001,0.2110392000000001,-0.4636067988246515,-0.07999999999999996,-0.050000000000000044,-0.051999999999999935,-0.188361006381766,-0.024666666666666837,-0.02640000000000009,-0.023500000000000187,-0.0329607959668724
20240406_Lens_Le Havre,2024-04-06 15:00:00,2023,Lens,Le Havre,1,1,1.03136,1.03136,0.57,0.763,2.0,0.0,20.0,0.9520876666666664,1.8143885999999998,1.7942683,0.8611458835756716,0.9520876666666668,1.6623686,1.6422482999999999,0.856280931738985,0.5099999999999999,0.532,0.503,0.5217530235443305,0.803,0.8112,0.8074,0.7886969382476252,3.0,8.0,15.0,5.0,8.0,12.0,8.0,15.0,24.0,0.0,0.0,1.0,50.0,68.0,153.0,1,1,1.54783,0.787803,0.43,0.7240000000000001,5.0,0.0,39.0,1.0265606666666667,1.0450962000000001,0.9875561999999999,0.7798714472093717,1.0265606666666667,0.8930766,0.8355374,0.7788969526316478,0.5366666666666667,0.502,0.4779999999999999,0.5310103022850048,0.7903333333333333,0.777,0.7744000000000001,0.7770020192220086,2.0,3.0,10.0,4.0,7.0,16.0,8.0,12.0,24.0,1.0,1.0,1.0,50.0,72.0,183.0,0,-0.51647,0.24355700000000002,0.13999999999999996,0.038999999999999924,-0.07447300000000023,0.7692923999999997,0.8067121,0.08127443636629983,-0.0744729999999999,0.769292,0.8067108999999999,0.07738397910733719,-0.02666666666666684,0.030000000000000027,0.025000000000000078,-0.00925727874067428,0.012666666666666715,0.03420000000000001,0.03299999999999992,0.01169491902561659
20240420_Lens_Clermont Foot,2024-04-20 19:00:00,2023,Lens,Clermont Foot,1,0,2.80705,2.04695,0.47,0.7879999999999999,1.0,0.0,20.0,1.2274586666666665,1.1593786000000001,1.7030423,1.726879435343027,0.9740953333333334,1.0073606000000002,1.5510233,1.1186128372695596,0.5933333333333333,0.5599999999999999,0.5479999999999999,0.6720701209417731,0.7963333333333334,0.8036,0.8089999999999999,0.830427877529905,3.0,5.0,15.0,5.0,8.0,13.0,10.0,15.0,28.0,0.0,0.0,0.0,43.0,82.0,149.0,0,1,0.617299,0.617299,0.53,0.7659999999999999,4.0,0.0,14.0,0.8492503333333333,0.8702806000000001,1.0315428,1.1776451539188375,0.5958856666666668,0.5662436000000002,0.8035143,0.564666454398678,0.4400000000000001,0.4760000000000001,0.457,0.4643449158140887,0.7933333333333333,0.7914000000000001,0.7941,0.8227250848899182,2.0,4.0,7.0,5.0,7.0,20.0,4.0,10.0,16.0,0.0,1.0,3.0,90.0,132.0,231.0,1,2.189751,1.4296509999999998,-0.06000000000000005,0.02200000000000002,0.37820833333333315,0.2890980000000001,0.6714994999999999,0.5492342814241895,0.37820966666666667,0.441117,0.747509,0.5539463828708816,0.15333333333333315,0.08399999999999985,0.09099999999999991,0.2077252051276844,0.0030000000000001137,0.012199999999999878,0.014899999999999913,0.007702792639986744
20240503_Lens_Lorient,2024-05-03 19:00:00,2023,Lens,Lorient,2,0,2.30235,2.30235,0.57,0.82,1.0,0.0,32.0,1.9892566666666662,1.5481752,1.7530902999999998,1.5193631774137208,1.4825266666666665,1.2441372,1.5250613,1.3734165134907823,0.5766666666666667,0.562,0.5429999999999999,0.5500828048376709,0.8193333333333334,0.8002,0.8039,0.8184971151011963,3.0,5.0,13.0,4.0,7.0,14.0,8.0,13.0,27.0,0.0,0.0,0.0,43.0,74.0,149.0,0,2,0.459806,0.459806,0.43,0.764,2.0,0.0,35.0,0.9851323333333335,1.2230174,1.185101,1.2829312632733085,0.9851323333333335,1.2230174,1.185101,1.2829312632733085,0.46666666666666673,0.5000000000000001,0.49300000000000005,0.4856600308205604,0.8256666666666667,0.825,0.8210000000000001,0.810949251248799,2.0,2.0,9.0,9.0,12.0,19.0,4.0,11.0,15.0,0.0,0.0,1.0,38.0,78.0,229.0,1,1.8425440000000002,1.8425440000000002,0.13999999999999996,0.05599999999999994,1.0041243333333327,0.32515779999999994,0.5679892999999998,0.2364319141404123,0.49739433333333305,0.02111979999999991,0.3399603,0.09048525021747378,0.10999999999999993,0.061999999999999944,0.04999999999999988,0.0644227740171105,-0.006333333333333302,-0.024799999999999933,-0.017100000000000115,0.007547863852397252
20240519_Lens_Montpellier,2024-05-19 19:00:00,2023,Lens,Montpellier,2,2,5.38555,5.38555,0.55,0.848,0.0,0.0,20.0,1.3214456666666663,1.7361314,1.5920960000000002,0.7575801270965488,1.3214456666666667,1.4320933999999998,1.364067,0.7517422605396312,0.52,0.546,0.536,0.45720331219350685,0.8023333333333333,0.8081999999999999,0.8064,0.7743398846040479,4.0,6.0,13.0,3.0,5.0,11.0,6.0,12.0,24.0,0.0,0.0,0.0,61.0,93.0,173.0,2,2,1.11518,1.11518,0.45,0.816,1.0,0.0,17.0,0.8231566666666671,1.107858,1.578872,1.0427038683636638,0.8231566666666673,1.1078580000000002,1.3508423,1.0424999302076856,0.4533333333333334,0.466,0.453,0.4402720605244446,0.79,0.7859999999999999,0.7771,0.7768468188970509,3.0,6.0,16.0,4.0,6.0,15.0,6.0,10.0,18.0,3.0,3.0,3.0,75.0,123.0,249.0,0,4.27037,4.27037,0.10000000000000003,0.03200000000000003,0.4982889999999992,0.6282734000000001,0.013224000000000125,-0.28512374126711504,0.4982889999999994,0.3242353999999996,0.013224699999999867,-0.2907576696680544,0.0666666666666666,0.08000000000000002,0.08300000000000002,0.01693125166906223,0.012333333333333307,0.022199999999999998,0.029299999999999993,-0.0025069342930029714
20220807_Lille_Auxerre,2022-08-07 13:00:00,2022,Lille,Auxerre,4,1,1.29993,1.29993,0.59,0.892,2.0,0.0,15.0,1.2358276666666665,1.2533455999999998,0.9553181000000001,1.4406151493847117,0.7290973333333336,0.9493074,0.803299,0.8082122373847105,0.51,0.524,0.5189999999999999,0.4591233527748273,0.8456666666666667,0.8539999999999999,0.818,0.8245373749859983,5.0,10.0,15.0,1.0,3.0,6.0,5.0,10.0,24.0,0.0,0.0,1.0,43.0,81.0,180.0,1,4,0.769926,0.769926,0.41,0.825,1.0,0.0,19.0,,,,,,,,,,,,,,,,,,,,,,,,,,,,,,,,1,0.530004,0.530004,0.18,0.06700000000000006,,,,,,,,,,,,,,,,
20220821_Lille_Paris Saint Germain,2022-08-21 18:45:00,2022,Lille,Paris Saint Germain,1,7,1.50337,1.50337,0.48,0.899,2.0,0.0,5.0,1.7987633333333333,1.5083706,1.2436399,2.2931654059753885,1.545396666666667,1.2043324,1.0916208,2.2678692894953882,0.57,0.5619999999999999,0.538,0.664764934110993,0.8409999999999999,0.8480000000000001,0.828,0.8245014949994399,7.0,10.0,19.0,3.0,3.0,6.0,8.0,11.0,25.0,0.0,0.0,1.0,51.0,80.0,188.0,7,1,4.37042,4.37042,,,,,,3.1581233333333336,3.1512160000000002,2.5131819999999996,3.427401513657578,2.39803,2.3911238,1.9811308999999997,2.181042447405566,,,,,,,,,12.0,17.0,29.0,2.0,3.0,9.0,,,,,,,,,,-1,-2.86705,-2.86705,,,-1.3593600000000003,-1.6428454000000003,-1.2695420999999996,-1.1342361076821894,-0.8526333333333329,-1.1867914,-0.8895100999999996,0.08682684208982216,,,,,,,,
20220831_Lille_Nice,2022-08-31 19:00:00,2022,Lille,Nice,1,2,0.936389,0.936389,0.62,0.862,1.0,0.0,12.0,1.9477766666666667,1.741036,1.4636698000000001,1.7766818162390157,1.6944133333333335,1.436998,1.2356417,1.1675979715798155,0.5833333333333334,0.5539999999999999,0.5589999999999999,0.5673905973644396,0.8416666666666667,0.8474,0.8497,0.8288200597999776,5.0,11.0,20.0,9.0,11.0,14.0,8.0,12.0,23.0,0.0,0.0,0.0,57.0,86.0,163.0,2,1,1.54373,0.0235436,0.38,0.777,4.0,0.0,27.0,1.3129306666666667,1.2223664,1.2912173,0.9538311377287575,1.0595643333333333,1.0703466000000001,1.2152074000000002,0.9295079572536675,0.52,0.51,0.55,0.4970546595691663,0.8290000000000001,0.8272,0.8400000000000001,0.8159373128881172,1.0,5.0,11.0,5.0,8.0,17.0,4.0,8.0,16.0,2.0,2.0,4.0,41.0,70.0,133.0,-1,-0.607341,0.9128454,0.24,0.08499999999999996,0.634846,0.5186696,0.17245250000000012,0.8228506785102582,0.6348490000000002,0.36665139999999985,0.020434299999999794,0.23809001432614796,0.06333333333333335,0.04399999999999993,0.008999999999999897,0.07033593779527336,0.012666666666666604,0.020199999999999996,0.009699999999999931,0.012882746911860421
20220917_Lille_Toulouse,2022-09-17 19:00:00,2022,Lille,Toulouse,2,1,1.16749,1.16749,0.45,0.7509999999999999,2.0,0.0,26.0,0.9978603333333332,1.2604942000000001,1.3844324000000001,0.8692723025299122,0.9978603333333336,1.1084762000000001,1.1564043,0.8643996317726386,0.6133333333333334,0.5799999999999998,0.571,0.5203791247789155,0.8306666666666667,0.8412000000000001,0.8446,0.7826945604783998,5.0,9.0,19.0,5.0,13.0,16.0,6.0,10.0,21.0,0.0,0.0,0.0,42.0,77.0,157.0,1,2,0.882322,0.882322,0.55,0.76,0.0,0.0,11.0,1.380671666666667,1.4307306,1.5835447142857144,1.9464124908800002,1.380671666666667,1.4307306,1.5835447142857144,1.9464124908800002,0.5033333333333333,0.506,0.5228571428571429,0.49782656,0.8026666666666666,0.7994,0.8054285714285714,0.761766144,1.0,4.0,8.0,5.0,10.0,11.0,4.0,9.0,11.0,0.0,0.0,0.0,63.0,97.0,120.0,1,0.28516799999999987,0.28516799999999987,-0.10000000000000003,-0.009000000000000119,-0.3828113333333337,-0.17023639999999984,-0.1991123142857143,-1.077140188350088,-0.3828113333333334,-0.32225439999999983,-0.4271404142857145,-1.0820128591073617,0.1100000000000001,0.07399999999999984,0.04814285714285704,0.022552564778915485,0.028000000000000025,0.04180000000000006,0.039171428571428635,0.020928416478399825
20221009_Lille_Lens,2022-10-09 18:45:00,2022,Lille,Lens,1,0,2.37665,1.61655,0.45,0.795,3.0,0.0,26.0,1.2580973333333332,1.1985922,1.4698141,1.6870812921011966,1.2580973333333336,1.1985922,1.3177951,1.6868863852709057,0.5166666666666667,0.584,0.569,0.5968151649911566,0.773,0.8097999999999999,0.8286,0.796267782419136,4.0,8.0,19.0,5.0,8.0,19.0,6.0,11.0,23.0,0.0,0.0,0.0,47.0,73.0,159.0,0,1,1.04543,0.28533,0.55,0.813,5.0,0.0,14.0,1.8027689999999996,2.1306953999999996,1.8852687,2.614093103922169,1.549402333333333,1.9786753999999998,1.6572387,2.0059726299778617,0.5766666666666667,0.588,0.5589999999999999,0.5339006180505954,0.8473333333333333,0.8624,0.8389,0.8132094338260432,2.0,8.0,17.0,0.0,3.0,7.0,5.0,8.0,15.0,0.0,1.0,1.0,45.0,75.0,157.0,1,1.33122,1.33122,-0.10000000000000003,-0.017999999999999905,-0.5446716666666664,-0.9321031999999996,-0.4154545999999999,-0.9270118118209725,-0.2913049999999995,-0.7800831999999998,-0.33944359999999985,-0.319086244706956,-0.05999999999999994,-0.0040000000000000036,0.010000000000000009,0.0629145469405612,-0.07433333333333325,-0.0526000000000002,-0.010299999999999976,-0.016941651406907177
20221023_Lille_Monaco,2022-10-23 18:45:00,2022,Lille,Monaco,4,3,2.49712,2.49712,0.59,0.82,1.0,0.0,18.0,2.266503333333333,1.7483824,1.6803911,2.520523251684048,1.7597733333333334,1.4443443999999999,1.4523631,1.7908274554108363,0.55,0.514,0.5690000000000001,0.5518726065996462,0.8053333333333333,0.7857999999999999,0.8183999999999999,0.8110507112967654,5.0,8.0,17.0,2.0,5.0,17.0,7.0,10.0,23.0,0.0,0.0,0.0,52.0,94.0,177.0,3,4,1.76468,1.76468,0.41,0.7240000000000001,2.0,0.0,7.0,1.54122,1.667594,1.6110914,1.1194321930369484,0.987186666666667,1.3351739999999999,1.3688723999999999,0.373501001602355,0.4466666666666667,0.48,0.454,0.38062121957797845,0.7763333333333334,0.7802,0.7896,0.7300611481696122,7.0,12.0,18.0,2.0,3.0,13.0,6.0,10.0,22.0,1.0,1.0,4.0,60.0,109.0,181.0,1,0.7324399999999998,0.7324399999999998,0.18,0.09599999999999986,0.7252833333333331,0.08078839999999987,0.06929969999999996,1.4010910586470997,0.7725866666666664,0.1091704,0.08349070000000003,1.4173264538084813,0.10333333333333333,0.03400000000000003,0.11500000000000005,0.17125138702166776,0.028999999999999915,0.005599999999999938,0.028799999999999937,0.08098956312715322
20221106_Lille_Rennes,2022-11-06 16:05:00,2022,Lille,Rennes,1,1,2.72861,2.72861,0.62,0.8420000000000001,4.0,0.0,4.0,2.236423333333333,2.1835620000000002,1.6884401,1.7973041300673618,1.98306,1.879524,1.4604121,1.7681162982164333,0.57,0.558,0.5660000000000001,0.5564749042639858,0.819,0.8116,0.8116,0.8212420284518707,7.0,9.0,19.0,4.0,6.0,13.0,3.0,9.0,19.0,0.0,0.0,0.0,53.0,84.0,182.0,1,1,0.800938,0.0408424,0.38,0.735,1.0,1.0,21.0,1.8960899999999998,2.157668,2.0321768,1.6983521512763577,1.6427266666666664,2.00565,1.9561678,1.57673775127635,0.5499999999999999,0.564,0.5549999999999999,0.5693543761333602,0.8226666666666667,0.8192,0.8225,0.8323004144931154,8.0,14.0,25.0,3.0,4.0,9.0,4.0,7.0,17.0,0.0,1.0,1.0,50.0,74.0,157.0,0,1.9276720000000003,2.6877676000000004,0.24,0.1070000000000001,0.3403333333333334,0.025894000000000084,-0.3437366999999998,0.09895197879100404,0.3403333333333336,-0.12612600000000018,-0.4957556999999999,0.19137854694008327,0.020000000000000018,-0.005999999999999894,0.01100000000000012,-0.012879471869374326,-0.003666666666666707,-0.007600000000000051,-0.01090000000000002,-0.011058386041244761
20221113_Lille_Angers,2022-11-13 14:00:00,2022,Lille,Angers,1,0,1.07614,1.07614,0.58,0.861,3.0,1.0,15.0,2.2823033333333336,2.362906,1.7807491,2.5423488260134723,2.2823033333333336,2.058868,1.6287300999999998,2.536511259643287,0.5866666666666667,0.556,0.5700000000000001,0.6072949808527971,0.828,0.8188000000000001,0.8143,0.8378484056903742,5.0,9.0,17.0,5.0,5.0,13.0,6.0,10.0,21.0,0.0,0.0,0.0,36.0,83.0,156.0,0,1,0.448121,0.448121,0.42,0.7759999999999999,1.0,0.0,8.0,0.7348956666666666,1.1596634000000001,1.4202261999999999,0.7761264010391823,0.7348956666666666,1.1596634000000001,1.2682068,0.7761183062806799,0.40666666666666657,0.442,0.45200000000000007,0.44211251110037986,0.7853333333333333,0.7929999999999999,0.7916000000000001,0.8214299655290752,2.0,6.0,11.0,6.0,12.0,25.0,7.0,10.0,18.0,0.0,0.0,1.0,45.0,71.0,148.0,1,0.6280190000000001,0.6280190000000001,0.15999999999999998,0.08500000000000008,1.547407666666667,1.2032426,0.3605229000000001,1.76622242497429,1.547407666666667,0.8992045999999998,0.3605232999999999,1.760392953362607,0.1800000000000001,0.11400000000000005,0.118,0.16518246975241724,0.04266666666666663,0.025800000000000156,0.022699999999999942,0.01641844016129901
20230102_Lille_Reims,2023-01-02 16:00:00,2022,Lille,Reims,1,1,2.68973,2.68973,0.61,0.867,1.0,0.0,13.0,1.8660333333333332,1.9432800000000001,1.8458312000000003,1.708556353040539,1.6126666666666674,1.79126,1.6178021999999999,1.1002428503857313,0.59,0.582,0.548,0.5730917992341118,0.8376666666666667,0.8310000000000001,0.8084,0.8192739362276151,4.0,8.0,16.0,1.0,5.0,10.0,9.0,11.0,21.0,1.0,1.0,1.0,38.0,70.0,164.0,1,1,1.23599,1.23599,0.39,0.7859999999999999,1.0,0.0,10.0,2.4027800000000004,2.1350038,1.5214095,1.566548365095829,2.1494133333333334,1.9829838,1.4453995,1.54222515244326,0.4733333333333334,0.49000000000000005,0.45200000000000007,0.37582347224804113,0.7256666666666667,0.7386,0.741,0.6909440396540254,5.0,7.0,9.0,2.0,3.0,9.0,6.0,11.0,24.0,0.0,0.0,5.0,68.0,95.0,190.0,0,1.45374,1.45374,0.21999999999999997,0.08100000000000007,-0.5367466666666671,-0.19172379999999967,0.32442170000000026,0.14200798794471003,-0.536746666666666,-0.1917237999999999,0.1724026999999999,-0.44198230205752864,0.11666666666666659,0.09199999999999992,0.09599999999999997,0.19726832698607066,0.11199999999999999,0.09240000000000004,0.06740000000000002,0.12832989657358973
20230115_Lille_Troyes,2023-01-15 12:00:00,2022,Lille,Troyes,5,1,4.30681,4.30681,0.67,0.905,1.0,0.0,8.0,1.8119406666666664,1.8481144,2.0158382,1.2608926541216214,1.5585740000000003,1.6960944000000002,1.7878091999999999,1.2365601140154292,0.6299999999999999,0.618,0.588,0.6885236719693644,0.8436666666666667,0.8468,0.8291999999999999,0.8546909574491047,3.0,5.0,14.0,1.0,2.0,8.0,4.0,11.0,20.0,0.0,1.0,1.0,42.0,61.0,145.0,1,5,0.981489,0.981489,0.33,0.84,0.0,0.0,17.0,0.5793516666666666,0.8240070000000002,1.068453,0.39085113961305135,0.5793516666666666,0.8240069999999999,1.068453,0.39085113909399705,0.4400000000000001,0.45600000000000007,0.461,0.34801632545679606,0.7823333333333333,0.7896000000000001,0.8009000000000001,0.7749003325912083,3.0,5.0,15.0,4.0,7.0,19.0,4.0,8.0,20.0,0.0,1.0,1.0,66.0,99.0,166.0,1,3.3253209999999997,3.3253209999999997,0.34,0.06500000000000006,1.232589,1.0241074,0.9473852,0.87004151450857,0.9792223333333337,0.8720874000000003,0.7193561999999998,0.8457089749214322,0.18999999999999978,0.16199999999999992,0.12699999999999995,0.3405073465125683,0.06133333333333335,0.05719999999999992,0.02829999999999988,0.07979062485789645
20230201_Lille_Clermont Foot,2023-02-01 18:00:00,2022,Lille,Clermont Foot,0,0,1.75188,1.75188,0.66,0.843,0.0,0.0,5.0,2.4430806666666665,2.3624643999999995,2.2326342,2.3952773061648647,2.443080666666667,2.2104443999999996,2.0806152,2.394304004560617,0.6466666666666666,0.624,0.603,0.5827409468787746,0.8696666666666667,0.8572000000000001,0.8446,0.8589876382979642,5.0,8.0,17.0,2.0,3.0,8.0,4.0,7.0,17.0,0.0,0.0,1.0,40.0,72.0,144.0,0,0,1.53598,1.53598,0.34,0.74,1.0,0.0,25.0,1.5572783333333333,1.2777116000000002,1.4401971,0.9185916578215341,1.5572783333333333,1.1256920000000001,1.2121682999999999,0.9136491968933749,0.4666666666666666,0.446,0.488,0.55492408151886,0.7926666666666665,0.775,0.7781999999999999,0.8209036267373745,4.0,5.0,10.0,2.0,4.0,12.0,4.0,11.0,25.0,0.0,1.0,1.0,39.0,59.0,135.0,0,0.2159000000000002,0.2159000000000002,0.32,0.10299999999999998,0.8858023333333331,1.0847527999999993,0.7924371000000001,1.4766856483433306,0.8858023333333336,1.0847523999999995,0.8684469000000001,1.4806548076672423,0.18,0.178,0.11499999999999999,0.027816865359914678,0.07700000000000018,0.08220000000000005,0.06640000000000013,0.038084011560589714
20230212_Lille_Strasbourg,2023-02-12 14:00:00,2022,Lille,Strasbourg,2,0,3.65427,2.89418,0.67,0.892,1.0,0.0,17.0,2.0579966666666665,2.2867083999999998,2.1342551999999997,2.2580478922465947,2.0579966666666674,2.2867083999999998,2.0582452000000004,2.2580089601824245,0.61,0.642,0.614,0.616909637875151,0.8409999999999999,0.8564,0.8484,0.8332395055319186,3.0,8.0,13.0,2.0,3.0,6.0,4.0,6.0,17.0,0.0,0.0,1.0,37.0,55.0,120.0,0,2,0.174274,0.174274,0.33,0.778,2.0,0.0,16.0,0.8525396666666675,0.9734198,1.0565400999999999,1.2736692891242196,0.8525396666666669,0.9734198000000001,1.0565400999999999,1.273669213947679,0.4266666666666668,0.382,0.43900000000000006,0.349285759268585,0.7526666666666667,0.7482,0.7696999999999999,0.6971128190899611,3.0,7.0,15.0,5.0,8.0,20.0,6.0,10.0,20.0,2.0,2.0,2.0,52.0,128.0,190.0,1,3.479996,2.719906,0.34,0.11399999999999999,1.2054569999999991,1.3132886,1.0777150999999998,0.9843786031223751,1.2054570000000004,1.3132885999999997,1.0017051000000006,0.9843397462347454,0.18333333333333318,0.26,0.17499999999999993,0.26762387860656595,0.08833333333333315,0.10820000000000007,0.0787000000000001,0.13612668644195747
20230224_Lille_Brest,2023-02-24 20:00:00,2022,Lille,Brest,2,1,0.77221,0.77221,0.69,0.847,2.0,0.0,7.0,3.0714733333333335,2.607198,2.3854762,3.241189115689864,2.5647666666666673,2.303174,2.1574542,2.511549158407297,0.6066666666666666,0.608,0.618,0.5638763855150061,0.863,0.8564,0.8579000000000001,0.8696495802212767,8.0,8.0,17.0,5.0,6.0,8.0,7.0,9.0,17.0,0.0,0.0,1.0,31.0,58.0,123.0,1,2,0.20242,0.20242,0.31,0.71,2.0,1.0,31.0,1.1355310000000003,1.1072712,1.1188714000000002,0.7640318354034528,1.135531,1.1072712,0.9668521999999999,0.7640312102413496,0.46000000000000013,0.40800000000000003,0.41500000000000004,0.48671797345410356,0.7669999999999999,0.7538,0.7433,0.782669826954646,2.0,6.0,11.0,6.0,6.0,13.0,7.0,7.0,18.0,0.0,0.0,0.0,76.0,122.0,207.0,1,0.56979,0.56979,0.37999999999999995,0.137,1.9359423333333332,1.4999268,1.2666047999999996,2.477157280286411,1.4292356666666672,1.1959027999999998,1.1906020000000002,1.7475179481659475,0.14666666666666645,0.19999999999999996,0.20299999999999996,0.07715841206090251,0.09600000000000009,0.10260000000000002,0.11460000000000015,0.08697975326663065
20230310_Lille_Lyon,2023-03-10 20:00:00,2022,Lille,Lyon,3,3,2.35286,0.832675,0.55,0.8190000000000001,5.0,0.0,13.0,1.9602500000000003,2.3774880000000005,2.3658292,1.7738491646275947,1.7069066666666675,2.0734640000000004,2.2138172,1.744663566336292,0.6166666666666667,0.626,0.6340000000000001,0.6289550554206002,0.8513333333333334,0.8552,0.8595,0.8423059832088511,6.0,11.0,17.0,6.0,7.0,10.0,10.0,13.0,18.0,0.0,0.0,0.0,34.0,61.0,119.0,3,3,1.0584,1.0584,0.45,0.762,4.0,0.0,16.0,1.6926230000000004,1.5827817999999998,1.6160995999999996,2.358685032247434,1.6926230000000004,1.5827817999999998,1.5400896,2.3586771741026946,0.5833333333333334,0.548,0.5900000000000001,0.5395923945085793,0.8493333333333334,0.8324,0.8308,0.8554880784478395,4.0,9.0,12.0,3.0,5.0,8.0,3.0,5.0,13.0,0.0,0.0,0.0,43.0,75.0,142.0,0,1.2944600000000002,-0.22572499999999995,0.10000000000000003,0.05700000000000005,0.26762699999999984,0.7947062000000007,0.7497296000000002,-0.5848358676198393,0.014283666666667028,0.4906822000000006,0.6737275999999999,-0.6140136077664027,0.033333333333333326,0.07799999999999996,0.04400000000000004,0.08936266091202083,0.0020000000000000018,0.02279999999999993,0.02870000000000006,-0.01318209523898839
20230402_Lille_Lorient,2023-04-02 11:00:00,2022,Lille,Lorient,3,1,1.96183,1.96183,0.6,0.8640000000000001,3.0,0.0,10.0,2.072786666666667,2.03966,2.4333370000000003,2.0191635665851035,1.5660583333333342,1.5836169999999998,2.1293065,1.7747665426534516,0.5666666666666667,0.586,0.6100000000000001,0.537158202216824,0.8370000000000001,0.845,0.8545,0.846332239328354,6.0,11.0,21.0,4.0,9.0,12.0,9.0,15.0,21.0,0.0,0.0,0.0,56.0,67.0,129.0,1,3,0.0956693,0.0956693,0.4,0.813,3.0,1.0,27.0,1.1874536666666666,1.4096962000000002,1.1553750999999999,1.0318463422531317,1.1874536666666666,1.2576782000000002,1.0793660999999999,1.0308734270531317,0.48666666666666664,0.53,0.479,0.47905078551851743,0.858,0.85,0.8246,0.8605738848995294,3.0,6.0,11.0,1.0,2.0,11.0,2.0,4.0,7.0,1.0,1.0,1.0,75.0,96.0,222.0,1,1.8661607,1.8661607,0.19999999999999996,0.051000000000000156,0.8853330000000004,0.6299637999999999,1.2779619000000004,0.9873172243319719,0.3786046666666676,0.32593879999999964,1.0499404000000003,0.7438931156003199,0.08000000000000002,0.05599999999999994,0.13100000000000012,0.05810741669830655,-0.020999999999999908,-0.0050000000000000044,0.029900000000000038,-0.014241645571175354
20230416_Lille_Montpellier,2023-04-16 11:00:00,2022,Lille,Montpellier,2,1,2.31737,2.31737,0.68,0.87,1.0,0.0,21.0,1.6653633333333333,1.849952,2.098827,1.250315342663404,1.6653633333333338,1.5459150000000002,1.7947965,1.2405394617061378,0.5966666666666667,0.592,0.613,0.6454863280886729,0.8530000000000001,0.8436,0.8497,0.8464932895731342,5.0,9.0,19.0,2.0,6.0,12.0,6.0,15.0,24.0,0.0,0.0,0.0,43.0,79.0,122.0,1,2,0.515081,0.515081,0.32,0.715,3.0,0.0,27.0,1.8875780000000002,2.0704708,1.6915261999999998,1.6799642881310506,1.8875780000000006,1.9184528,1.5395072,1.6789835890049274,0.46333333333333343,0.502,0.484,0.4813469888598194,0.7386666666666667,0.7575999999999999,0.7621,0.7618234014922108,4.0,10.0,16.0,4.0,4.0,10.0,5.0,8.0,12.0,1.0,1.0,2.0,52.0,84.0,158.0,1,1.802289,1.802289,0.36000000000000004,0.15500000000000003,-0.2222146666666669,-0.2205187999999998,0.40730080000000024,-0.42964894546764665,-0.2222146666666669,-0.3725377999999999,0.25528929999999983,-0.43844412729878957,0.13333333333333325,0.08999999999999997,0.129,0.1641393392288535,0.1143333333333334,0.08600000000000008,0.08760000000000001,0.08466988808092335
20230429_Lille_Ajaccio,2023-04-29 14:00:00,2022,Lille,Ajaccio,3,0,1.55851,1.55851,0.75,0.895,1.0,0.0,4.0,2.15879,2.080578,2.229077,2.892335813706536,1.905423333333334,1.928558,1.8490364999999997,2.2838647784682458,0.6766666666666666,0.632,0.623,0.6866194531235468,0.8616666666666667,0.8602000000000001,0.8566,0.8706597315829253,3.0,8.0,19.0,3.0,4.0,13.0,5.0,8.0,24.0,0.0,0.0,0.0,47.0,77.0,141.0,0,3,0.360442,0.360442,0.25,0.741,2.0,0.0,17.0,0.55174,0.4953636,0.7841406,0.26623181602138984,0.5517399999999998,0.4953636,0.7081316,0.2662240326945282,0.5266666666666666,0.466,0.449,0.464237299640456,0.761,0.7246,0.734,0.7410293895264322,1.0,2.0,4.0,6.0,10.0,19.0,8.0,15.0,25.0,1.0,3.0,3.0,52.0,87.0,171.0,1,1.1980680000000001,1.1980680000000001,0.5,0.15400000000000003,1.60705,1.5852144,1.4449364000000002,2.626103997685146,1.353683333333334,1.4331944,1.1409048999999998,2.0176407457737175,0.15000000000000002,0.16599999999999998,0.174,0.22238215348309076,0.10066666666666668,0.13560000000000005,0.12260000000000004,0.12963034205649315
20230520_Lille_Marseille,2023-05-20 19:00:00,2022,Lille,Marseille,2,1,1.86027,1.10017,0.47,0.768,3.0,0.0,10.0,1.4264933333333332,1.937256,1.8936039999999998,1.3361486065096524,1.4264933333333338,1.7852359999999998,1.6655754999999999,1.331280838227746,0.6533333333333333,0.666,0.629,0.5942929556249883,0.8326666666666668,0.8480000000000001,0.8458,0.7983252778526634,3.0,6.0,15.0,1.0,3.0,9.0,6.0,8.0,23.0,0.0,0.0,0.0,40.0,74.0,153.0,1,2,1.19915,1.19915,0.53,0.7759999999999999,2.0,0.0,12.0,2.6118233333333336,2.760296,2.0542797,2.7306629497033157,2.3584566666666666,2.608276,1.8262502,2.122542473418061,0.6266666666666666,0.6,0.5589999999999999,0.6130069026040436,0.806,0.8056000000000001,0.7861,0.8255206417621335,6.0,11.0,17.0,4.0,6.0,10.0,4.0,5.0,13.0,0.0,0.0,1.0,38.0,68.0,171.0,1,0.6611200000000002,-0.09897999999999985,-0.06000000000000005,-0.007999999999999896,-1.1853300000000004,-0.8230399999999998,-0.1606757000000001,-1.3945143431936633,-0.9319633333333328,-0.8230400000000002,-0.16067470000000017,-0.791261635190315,0.026666666666666727,0.06600000000000006,0.07000000000000006,-0.018713946979055263,0.026666666666666727,0.04239999999999999,0.059699999999999975,-0.027195363909470083
20230527_Lille_Nantes,2023-05-27 19:00:00,2022,Lille,Nantes,2,1,2.16385,0.643658,0.65,0.86,2.0,0.0,13.0,1.52708,1.8458359999999998,1.8895499999999998,1.7554457213019306,1.273713333333334,1.5417960000000002,1.5855115,1.1463921676455493,0.5599999999999999,0.6239999999999999,0.614,0.49485859112499764,0.7903333333333333,0.8276,0.8386000000000001,0.7740650555705327,2.0,6.0,16.0,2.0,3.0,9.0,8.0,10.0,22.0,0.0,0.0,0.0,46.0,63.0,140.0,1,2,1.0893,1.0893,0.35,0.706,4.0,0.0,17.0,0.7297119999999998,0.9798899999999999,1.1343334999999999,0.7342104336771644,0.7297120000000001,0.9798899999999999,1.058324,0.7342101222426246,0.42333333333333334,0.454,0.472,0.4195739618670643,0.7293333333333334,0.7478,0.7694000000000001,0.7730058208913972,0.0,2.0,8.0,5.0,9.0,19.0,8.0,10.0,18.0,0.0,0.0,0.0,71.0,104.0,209.0,1,1.0745500000000001,-0.445642,0.30000000000000004,0.15400000000000003,0.7973680000000002,0.8659459999999999,0.7552165,1.0212352876247661,0.5440013333333338,0.5619060000000002,0.5271874999999999,0.4121820454029247,0.1366666666666666,0.16999999999999987,0.14200000000000002,0.07528462925793333,0.06099999999999994,0.07979999999999998,0.06920000000000004,0.00105923467913549
20230820_Lille_Nantes,2023-08-20 11:00:00,2023,Lille,Nantes,2,0,3.239,3.239,0.64,0.857,0.0,1.0,15.0,1.7981266666666667,1.709612,1.80105,1.5821683657704155,1.2913960000000007,1.2535536,1.4970108,1.5286497933411645,0.655,0.59,0.6411111111111112,0.6517943436449999,0.8535,0.8164999999999999,0.8397777777777778,0.8461626022228212,4.0,6.0,12.0,3.0,4.0,8.0,6.0,11.0,20.0,0.0,0.0,0.0,22.0,54.0,119.0,0,2,1.27164,1.27164,0.36,0.7659999999999999,2.0,0.0,22.0,1.0734099999999998,0.9186741999999999,1.0376425,1.0666592834694173,0.8200433333333335,0.7666542000000002,0.9616325,0.458579280977941,0.37666666666666665,0.372,0.458,0.42095659169493654,0.751,0.7474000000000001,0.7545999999999999,0.7998160465671311,3.0,3.0,8.0,4.0,7.0,17.0,7.0,12.0,22.0,0.0,0.0,0.0,42.0,99.0,185.0,1,1.9673599999999998,1.9673599999999998,0.28,0.09100000000000008,0.7247166666666669,0.7909378,0.7634075,0.5155090823009982,0.4713526666666672,0.48689939999999987,0.5353783,1.0700705123632235,0.2783333333333334,0.21799999999999997,0.18311111111111117,0.23083775195006334,0.10250000000000004,0.06909999999999983,0.08517777777777791,0.046346555655690125
20230903_Lille_Montpellier,2023-09-03 13:00:00,2023,Lille,Montpellier,1,0,1.33906,1.33906,0.58,0.852,2.0,0.0,27.0,2.07488,2.01693,1.9313829999999998,1.7425427346308164,2.0748800000000007,1.7128916,1.6273437999999998,1.7404019917336466,0.64,0.6475000000000001,0.6344444444444445,0.6401123270823332,0.8534999999999999,0.8535,0.839111111111111,0.8512967866878364,4.0,7.0,13.0,5.0,7.0,10.0,4.0,10.0,20.0,1.0,1.0,1.0,26.0,48.0,111.0,0,1,0.793407,0.793407,0.42,0.754,1.0,0.0,11.0,1.5458100000000004,1.694558,1.6547538,1.502537079829469,1.5458100000000006,1.5425398000000003,1.5027347,1.5015563799053844,0.49000000000000005,0.49000000000000005,0.45099999999999996,0.49779523504838635,0.7526666666666667,0.7722,0.7693000000000001,0.7091233087861433,7.0,12.0,25.0,6.0,10.0,16.0,3.0,5.0,14.0,0.0,0.0,1.0,62.0,99.0,198.0,1,0.5456529999999999,0.5456529999999999,0.15999999999999998,0.09799999999999998,0.5290699999999995,0.3223719999999999,0.2766291999999999,0.2400056548013474,0.5290700000000002,0.17035179999999972,0.1246090999999998,0.23884561182826225,0.14999999999999997,0.15750000000000003,0.18344444444444452,0.14231709203394688,0.10083333333333322,0.08130000000000004,0.06981111111111094,0.1421734779016931
20230926_Lille_Reims,2023-09-26 19:00:00,2023,Lille,Reims,1,2,1.41766,1.41766,0.69,0.856,1.0,0.0,6.0,1.4664533333333332,1.834546,1.7613980000000002,1.5711753093852328,1.4664533333333338,1.834546,1.5333687999999999,1.5710896796693459,0.5833333333333334,0.5974999999999999,0.5977777777777777,0.5424044930832933,0.8453333333333334,0.84825,0.8301111111111111,0.8375718714675136,4.0,7.0,12.0,6.0,7.0,11.0,10.0,10.0,24.0,0.0,1.0,1.0,52.0,67.0,135.0,2,1,1.21818,1.21818,0.31,0.6859999999999999,2.0,0.0,29.0,1.5611746666666668,1.6183375999999998,1.6064454000000001,1.793496131652652,1.3078113333333337,1.4663195999999998,1.4544264,1.7691716944697222,0.5466666666666666,0.536,0.517,0.5376026780901663,0.7606666666666667,0.767,0.7824000000000001,0.7603965126336473,6.0,9.0,14.0,5.0,7.0,17.0,7.0,10.0,17.0,0.0,0.0,1.0,64.0,109.0,176.0,-1,0.19947999999999988,0.19947999999999988,0.37999999999999995,0.17000000000000004,-0.09472133333333366,0.2162084000000002,0.1549526000000001,-0.22232082226741934,0.15864200000000017,0.3682264000000002,0.07894239999999986,-0.19808201480037635,0.036666666666666736,0.06149999999999989,0.08077777777777773,0.00480181499312704,0.08466666666666667,0.08124999999999993,0.04771111111111104,0.07717535883386628
20231022_Lille_Brest,2023-10-22 13:00:00,2023,Lille,Brest,1,0,2.19168,2.19168,0.43,0.72,2.0,0.0,27.0,1.3824633333333332,1.4190960000000001,1.7180130000000002,1.354115322475082,1.3824633333333338,1.4190960000000001,1.5659938,1.354114637437355,0.62,0.5940000000000001,0.6177777777777779,0.5656192359446663,0.852,0.8484,0.8506666666666667,0.8251325749717401,4.0,7.0,14.0,3.0,5.0,12.0,5.0,11.0,21.0,0.0,0.0,1.0,46.0,87.0,135.0,0,1,0.625269,0.625269,0.57,0.7909999999999999,3.0,0.0,13.0,1.4372413333333336,1.4914148,1.6465814,1.4094018851672434,1.4372413333333334,1.4914148,1.4185532,1.4093847592623723,0.5266666666666667,0.508,0.49444444444444446,0.5356981079219602,0.7503333333333334,0.7464000000000001,0.7503333333333333,0.7641557245781496,2.0,4.0,12.0,1.0,2.0,10.0,8.0,15.0,23.0,0.0,0.0,0.0,44.0,92.0,152.0,1,1.566411,1.566411,-0.13999999999999996,-0.07099999999999995,-0.05477800000000044,-0.0723187999999999,0.07143160000000015,-0.05528656269216148,-0.05477799999999955,-0.0723187999999999,0.14744059999999992,-0.05527012182501734,0.09333333333333327,0.08600000000000008,0.1233333333333334,0.02992112802270619,0.10166666666666657,0.10199999999999998,0.10033333333333339,0.060976850393590465
20231029_Lille_Monaco,2023-10-29 14:00:00,2023,Lille,Monaco,2,0,0.667633,0.667633,0.41,0.7490000000000001,1.0,0.0,44.0,1.6404699999999999,1.58962,1.720796,2.0241670644950163,1.6404700000000005,1.58962,1.720796,2.024166927487471,0.5333333333333333,0.564,0.5933333333333333,0.4571238471889333,0.8066666666666666,0.8220000000000001,0.8351111111111111,0.7410265149943479,4.0,7.0,13.0,1.0,5.0,11.0,6.0,11.0,21.0,0.0,0.0,1.0,67.0,87.0,149.0,0,2,0.901743,0.901743,0.59,0.784,2.0,0.0,13.0,1.7456699999999998,1.7158000000000002,2.165315,1.9206893798606448,1.7456700000000005,1.4117618,2.0132959,1.910960145007314,0.5566666666666666,0.562,0.556,0.6927685326471046,0.7826666666666666,0.8065999999999999,0.8134,0.8364864526023601,8.0,10.0,24.0,4.0,7.0,14.0,8.0,10.0,23.0,0.0,0.0,0.0,54.0,77.0,130.0,1,-0.23410999999999993,-0.23410999999999993,-0.18,-0.03499999999999992,-0.10519999999999996,-0.12618000000000018,-0.4445190000000001,0.10347768463437146,-0.10519999999999996,0.17785819999999997,-0.29249990000000015,0.11320678248015703,-0.023333333333333317,0.0019999999999998908,0.03733333333333322,-0.2356446854581713,0.02400000000000002,0.015400000000000191,0.021711111111111125,-0.09545993760801219
20231112_Lille_Toulouse,2023-11-12 14:00:00,2023,Lille,Toulouse,1,1,2.6899,2.6899,0.6,0.8170000000000001,3.0,0.0,8.0,1.0618463333333332,1.1830538000000002,1.4971289,0.4487687625798006,1.061846333333334,1.1830538000000002,1.4971288999999999,0.4487687570994988,0.45999999999999996,0.51,0.563,0.5158849538875574,0.7756666666666666,0.8054,0.8276,0.835881060599774,3.0,6.0,13.0,0.0,1.0,9.0,6.0,10.0,21.0,0.0,0.0,1.0,93.0,133.0,206.0,1,1,0.41683,0.41683,0.4,0.752,4.0,0.0,33.0,1.3653256666666664,1.5349414,1.1316121000000001,2.034291205103282,1.1119590000000001,1.3829214,0.9795928,1.426210893769189,0.54,0.5459999999999999,0.47199999999999986,0.5331272397036415,0.7986666666666666,0.8038000000000001,0.7792,0.8066920146267242,2.0,6.0,10.0,6.0,7.0,14.0,7.0,12.0,22.0,0.0,0.0,0.0,59.0,103.0,252.0,0,2.27307,2.27307,0.19999999999999996,0.06500000000000006,-0.3034793333333332,-0.35188759999999975,0.3655168,-1.5855224425234815,-0.05011266666666625,-0.19986759999999992,0.5175360999999998,-0.9774421366696903,-0.08000000000000007,-0.03599999999999992,0.09100000000000008,-0.017242285816084113,-0.02300000000000002,0.0015999999999999348,0.0484,0.02918904597304972
20231203_Lille_Metz,2023-12-03 16:05:00,2023,Lille,Metz,2,0,3.04386,2.28376,0.65,0.867,0.0,0.0,9.0,1.5743086666666668,1.5164478,1.4677719,1.813774750503192,1.5743086666666672,1.5164478000000001,1.4677719,1.81377475028398,0.5533333333333333,0.5,0.547,0.5326353981555023,0.8420000000000001,0.799,0.8237,0.844955242423991,3.0,6.0,13.0,1.0,1.0,6.0,8.0,11.0,22.0,0.0,0.0,0.0,44.0,115.0,202.0,0,2,1.85842,0.325199,0.35,0.789,0.0,0.0,16.0,1.153945,0.9304435999999999,0.8329622000000001,1.658875255582245,0.9005783333333334,0.7784236,0.7569522,1.0507952550840742,0.3366666666666667,0.336,0.347,0.33239334519593305,0.7206666666666667,0.7112,0.7316,0.7211390538360367,7.0,8.0,11.0,4.0,6.0,13.0,2.0,7.0,11.0,0.0,0.0,0.0,76.0,131.0,234.0,1,1.18544,1.958561,0.30000000000000004,0.07799999999999996,0.4203636666666668,0.5860042,0.6348096999999999,0.154899494920947,0.6737303333333339,0.7380242000000001,0.7108197,0.7629794951999058,0.21666666666666662,0.16399999999999998,0.20000000000000007,0.20024205295956926,0.1213333333333334,0.08779999999999999,0.09209999999999996,0.12381618858795429
20231217_Lille_Paris Saint Germain,2023-12-17 19:45:00,2023,Lille,Paris Saint Germain,1,1,1.90778,1.90778,0.41,0.78,1.0,0.0,27.0,1.795359333333333,1.6804408000000002,1.5408907,1.0679029900201278,1.5419926666666672,1.5284208,1.4648807000000001,0.9462869900113591,0.5666666666666668,0.568,0.554,0.5493054159262201,0.8453333333333332,0.8421999999999998,0.8235999999999999,0.8269182096969596,4.0,5.0,12.0,0.0,1.0,4.0,4.0,10.0,18.0,0.0,0.0,0.0,33.0,63.0,180.0,1,1,1.39323,0.633132,,,,,,2.177193333333333,2.080742,2.314521,2.109798519910937,1.9238266666666666,1.928722,2.072983,2.0852072237393937,,,,,,,,,9.0,15.0,28.0,3.0,3.0,6.0,,,,,,,,,,0,0.5145500000000001,1.274648,,,-0.3818339999999998,-0.4003011999999997,-0.7736303,-1.0418955298908092,-0.38183399999999934,-0.40030120000000013,-0.6081022999999997,-1.1389202337280346,,,,,,,,
20240114_Lille_Lorient,2024-01-14 12:00:00,2023,Lille,Lorient,3,0,3.05553,3.05553,0.62,0.875,1.0,0.0,3.0,1.1418683333333333,1.635253,1.5394554,1.0538865196008051,1.1418683333333337,1.483233,1.4634454,1.0490218796004545,0.54,0.558,0.532,0.6315722166370488,0.8216666666666667,0.8366,0.8138,0.8514767283878784,2.0,6.0,11.0,3.0,3.0,5.0,5.0,7.0,20.0,0.0,0.0,0.0,61.0,84.0,209.0,0,3,0.122714,0.122714,0.38,0.78,4.0,0.0,26.0,1.2153186666666669,1.1331700000000002,0.8857853,0.6233714923307396,1.2153186666666669,1.1331700000000002,0.8857853,0.6233714923305802,0.47666666666666674,0.516,0.471,0.43127221400451343,0.8000000000000002,0.8190000000000002,0.8019000000000001,0.799094961169585,3.0,6.0,11.0,10.0,14.0,20.0,10.0,16.0,24.0,0.0,0.0,0.0,44.0,84.0,218.0,1,2.932816,2.932816,0.24,0.09499999999999997,-0.07345033333333362,0.5020829999999998,0.6536701,0.4305150272700655,-0.07345033333333317,0.3500629999999998,0.5776600999999999,0.42565038726987425,0.0633333333333333,0.04200000000000004,0.061000000000000054,0.20030000263253533,0.0216666666666665,0.017599999999999838,0.01189999999999991,0.05238176721829335
20240204_Lille_Clermont Foot,2024-02-04 14:00:00,2023,Lille,Clermont Foot,4,0,2.44237,2.44237,0.6,0.865,0.0,0.0,10.0,1.520221,1.4207722,1.553828,1.0292210607840322,1.5202210000000005,1.4207722,1.477818,1.0290264751840181,0.6366666666666667,0.5700000000000001,0.557,0.6124628886654819,0.8713333333333333,0.8423999999999999,0.8353999999999999,0.871659069135515,4.0,5.0,12.0,2.0,3.0,4.0,6.0,9.0,18.0,1.0,1.0,1.0,46.0,83.0,180.0,0,4,0.81129,0.81129,0.4,0.809,1.0,0.0,22.0,1.16941,0.9503164000000002,1.0205461999999998,1.4464786470253719,1.1694100000000003,0.9503164000000002,0.9445368000000001,1.446477090233275,0.4833333333333334,0.47400000000000003,0.48100000000000004,0.5184969599981696,0.7596666666666666,0.7849999999999999,0.7938,0.7811281076342639,4.0,5.0,7.0,5.0,7.0,14.0,2.0,6.0,19.0,1.0,1.0,4.0,61.0,91.0,197.0,1,1.6310799999999999,1.6310799999999999,0.19999999999999996,0.05599999999999994,0.350811,0.47045579999999987,0.5332818000000001,-0.4172575862413397,0.3508110000000002,0.47045579999999987,0.5332812,-0.41745061504925696,0.15333333333333332,0.09600000000000003,0.07600000000000001,0.09396592866731235,0.11166666666666669,0.05740000000000001,0.04159999999999997,0.09053096150125117
20240217_Lille_Le Havre,2024-02-17 16:00:00,2023,Lille,Le Havre,3,0,4.23306,3.33821,0.61,0.863,2.0,0.0,17.0,1.5159353333333332,1.6971485999999998,1.8469501000000002,1.6181160424313612,1.5159353333333339,1.6971485999999998,1.7709401,1.6181082590073608,0.5633333333333334,0.5980000000000001,0.5700000000000001,0.5044985155466193,0.8546666666666667,0.8612,0.8439,0.8348663627654207,5.0,9.0,15.0,3.0,5.0,7.0,6.0,9.0,17.0,1.0,1.0,1.0,43.0,70.0,138.0,0,3,0.29674,0.29674,0.39,0.7490000000000001,3.0,0.0,11.0,0.9601403333333334,0.9625804,1.1567903,1.177102646435068,0.7067769999999999,0.8105624,0.9287614,1.1525848694985175,0.48333333333333334,0.446,0.45500000000000007,0.47597320319993863,0.758,0.7726,0.7731,0.76055034388455,4.0,7.0,11.0,5.0,7.0,12.0,8.0,10.0,20.0,0.0,1.0,3.0,74.0,127.0,234.0,1,3.9363200000000003,3.0414700000000003,0.21999999999999997,0.11399999999999988,0.5557949999999998,0.7345681999999998,0.6901598000000002,0.4410133959962932,0.809158333333334,0.8865861999999998,0.8421787000000001,0.4655233895088433,0.08000000000000002,0.15200000000000008,0.11499999999999999,0.028525312346680654,0.09666666666666668,0.08860000000000001,0.07079999999999997,0.0743160188808707
20240310_Lille_Rennes,2024-03-10 16:00:00,2023,Lille,Rennes,2,2,2.4764,2.4764,0.6,0.838,5.0,0.0,8.0,1.971675333333333,1.9680212000000001,1.6943967,1.1103750083394508,1.6733920000000004,1.7890512,1.6049117,1.0817397460720588,0.5733333333333334,0.5599999999999999,0.5650000000000001,0.47635598812437296,0.8343333333333334,0.8390000000000001,0.8407,0.7875749309021234,5.0,10.0,15.0,3.0,6.0,9.0,4.0,7.0,16.0,0.0,0.0,1.0,54.0,78.0,161.0,2,2,1.21123,1.21123,0.4,0.7759999999999999,2.0,0.0,23.0,2.2473759999999996,2.0279635999999996,1.8884768,1.4950880903079569,1.9785359999999999,1.7146416000000002,1.5037867999999999,1.4682595232294986,0.47666666666666674,0.484,0.476,0.5233601141434799,0.818,0.8097999999999999,0.7974,0.8264673129848825,5.0,8.0,17.0,4.0,5.0,10.0,5.0,10.0,20.0,0.0,0.0,0.0,48.0,96.0,193.0,0,1.26517,1.26517,0.19999999999999996,0.062000000000000055,-0.2757006666666666,-0.05994239999999951,-0.1940801000000001,-0.38471308196850607,-0.3051439999999994,0.07440959999999985,0.10112490000000007,-0.3865197771574398,0.09666666666666662,0.07599999999999996,0.08900000000000008,-0.04700412601910697,0.016333333333333422,0.029200000000000226,0.043300000000000005,-0.038892382082759136
20240329_Lille_Lens,2024-03-29 20:00:00,2023,Lille,Lens,2,1,1.60249,1.60249,0.49,0.805,3.0,0.0,23.0,1.4682836666666663,1.8474573999999997,1.7723030000000002,1.117327800333578,1.4682836666666672,1.6684874,1.682818,1.1161823898428822,0.5066666666666666,0.5619999999999999,0.58,0.5070542395249749,0.8073333333333333,0.8316000000000001,0.8464,0.819182997236085,4.0,8.0,17.0,3.0,6.0,11.0,7.0,9.0,18.0,0.0,0.0,1.0,53.0,85.0,155.0,1,2,0.741746,0.741746,0.51,0.78,3.0,0.0,11.0,1.8223989999999997,1.9580053999999998,1.7740382000000001,1.3387454178783582,1.5690323333333334,1.8059854000000002,1.6220181999999999,1.3144206586949252,0.5166666666666666,0.524,0.5109999999999999,0.5687651177216524,0.8266666666666667,0.8076000000000001,0.8140000000000001,0.8234846912381256,5.0,8.0,14.0,3.0,7.0,12.0,7.0,14.0,23.0,0.0,0.0,1.0,49.0,75.0,163.0,1,0.860744,0.860744,-0.020000000000000018,0.025000000000000022,-0.35411533333333334,-0.11054800000000009,-0.0017351999999999368,-0.22141761754478018,-0.10074866666666615,-0.13749800000000012,0.06079980000000007,-0.198238268852043,-0.010000000000000009,0.03799999999999992,0.06900000000000006,-0.06171087819667753,-0.019333333333333313,0.02400000000000002,0.032399999999999984,-0.0043016940020406125
20240405_Lille_Marseille,2024-04-05 19:00:00,2023,Lille,Marseille,3,1,1.94744,1.18735,0.53,0.8290000000000001,1.0,0.0,17.0,1.6415836666666663,1.3213433999999997,1.8443113,1.5054575600667155,1.6415836666666672,1.3213434000000002,1.7548263,1.5052284779685765,0.5266666666666666,0.538,0.561,0.49341084790499495,0.82,0.8200000000000001,0.8402,0.8078365994472171,5.0,7.0,18.0,4.0,7.0,10.0,8.0,10.0,19.0,0.0,0.0,1.0,54.0,91.0,154.0,1,3,0.849968,0.849968,0.47,0.7709999999999999,6.0,0.0,11.0,1.2676086666666668,1.9566452,1.8217062000000002,1.027937741123922,1.2676086666666662,1.8046272,1.7456972,1.0269648258242947,0.5233333333333332,0.542,0.5730000000000001,0.4886767751038139,0.8220000000000001,0.8236000000000001,0.8246,0.812161066823438,2.0,11.0,15.0,4.0,6.0,12.0,5.0,8.0,16.0,0.0,0.0,1.0,50.0,90.0,179.0,1,1.0974720000000002,0.33738199999999996,0.06000000000000005,0.05800000000000016,0.3739749999999995,-0.6353018000000004,0.022605099999999823,0.4775198189427934,0.37397500000000106,-0.48328379999999993,0.009129100000000001,0.4782636521442818,0.0033333333333334103,-0.0040000000000000036,-0.01200000000000001,0.004734072801181044,-0.002000000000000113,-0.0036000000000000476,0.015599999999999947,-0.004324467376220942
20240421_Lille_Strasbourg,2024-04-21 13:00:00,2023,Lille,Strasbourg,1,0,1.26308,1.26308,0.53,0.8240000000000001,2.0,0.0,16.0,1.4652636666666663,1.5909561999999997,1.7335023,1.8590435120133433,1.2119003333333336,1.4389382,1.5680083,1.2509256955937151,0.5033333333333333,0.508,0.5519999999999999,0.522682169580999,0.8170000000000001,0.8112,0.8356,0.8247673198894435,6.0,9.0,18.0,3.0,5.0,11.0,4.0,11.0,19.0,0.0,0.0,1.0,63.0,93.0,168.0,0,1,0.948728,0.948728,0.47,0.8059999999999999,3.0,0.0,13.0,1.7816290000000006,1.5001098000000002,1.5228343,2.0287092605602566,1.5282623333333338,1.3480898,1.370815,1.4204346767482714,0.4700000000000002,0.42400000000000004,0.45,0.48325775306805363,0.83,0.7754,0.7867,0.848496024793133,5.0,8.0,13.0,1.0,3.0,16.0,2.0,6.0,19.0,0.0,0.0,1.0,51.0,124.0,241.0,1,0.31435199999999996,0.31435199999999996,0.06000000000000005,0.018000000000000127,-0.3163653333333343,0.09084639999999955,0.21066800000000008,-0.1696657485469133,-0.31636200000000025,0.09084840000000005,0.19719330000000013,-0.16950898115455626,0.033333333333333104,0.08399999999999996,0.10199999999999992,0.03942441651294537,-0.0129999999999999,0.035800000000000054,0.048900000000000055,-0.0237287049036895
20240506_Lille_Lyon,2024-05-06 19:00:00,2023,Lille,Lyon,3,4,1.12451,1.12451,0.44,0.8009999999999999,3.0,0.0,18.0,1.1424789999999996,1.3954733999999998,1.6214654,0.9661237080961067,1.1424790000000005,1.2434554,1.4559714,0.9612587655647497,0.6,0.5640000000000001,0.563,0.6723414573566479,0.8476666666666666,0.8353999999999999,0.8334999999999999,0.8750461385591155,3.0,8.0,16.0,2.0,4.0,10.0,6.0,10.0,19.0,0.0,0.0,0.0,43.0,83.0,168.0,4,3,2.42982,2.42982,0.56,0.838,1.0,0.0,15.0,1.7188110000000005,2.0383406,1.825916,2.3008810615970106,1.4654443333333338,1.8863206,1.749906,2.27655786159701,0.4566666666666666,0.52,0.52,0.4568649600984218,0.8076666666666666,0.8218,0.8198000000000001,0.782514905409112,8.0,12.0,20.0,9.0,11.0,17.0,6.0,10.0,14.0,1.0,1.0,2.0,53.0,79.0,174.0,-1,-1.30531,-1.30531,-0.12000000000000005,-0.03700000000000003,-0.576332000000001,-0.6428672000000004,-0.20445060000000015,-1.3347573535009039,-0.3229653333333333,-0.6428651999999999,-0.29393460000000005,-1.3152990960322604,0.14333333333333337,0.04400000000000004,0.04299999999999993,0.21547649725822604,0.039999999999999925,0.013599999999999945,0.013699999999999823,0.09253123315000356
20240519_Lille_Nice,2024-05-19 19:00:00,2023,Lille,Nice,2,2,1.59935,1.59935,0.55,0.867,3.0,1.0,12.0,1.1385189999999996,1.1921813999999997,1.3915688,1.345734548323844,1.1385190000000003,1.1921814000000002,1.3155598,1.3455399506225898,0.6133333333333334,0.5880000000000001,0.5479999999999999,0.6572936582942659,0.8516666666666666,0.8423999999999999,0.8268000000000001,0.8575618455423646,7.0,8.0,17.0,6.0,7.0,12.0,7.0,11.0,22.0,0.0,0.0,0.0,53.0,86.0,179.0,2,2,1.32909,1.32909,0.45,0.841,3.0,0.0,13.0,1.92985,1.91809,1.7951869999999999,1.9467245835353122,1.6764866666666671,1.7660719999999999,1.5671583999999998,1.9223550006018364,0.49,0.5,0.514,0.40957550639768314,0.8583333333333333,0.8506,0.8355,0.8468025200236855,5.0,10.0,16.0,3.0,5.0,12.0,6.0,9.0,18.0,1.0,1.0,1.0,33.0,63.0,158.0,0,0.27025999999999994,0.27025999999999994,0.10000000000000003,0.026000000000000023,-0.7913310000000005,-0.7259086000000003,-0.4036181999999999,-0.6009900352114681,-0.5379676666666668,-0.5738905999999997,-0.2515985999999999,-0.5768150499792466,0.1233333333333334,0.08800000000000008,0.03399999999999992,0.24771815189658275,-0.00666666666666671,-0.008200000000000096,-0.00869999999999993,0.010759325518679086
20220828_Lorient_Clermont Foot,2022-08-28 13:00:00,2022,Lorient,Clermont Foot,2,1,3.46625,2.70616,0.4,0.828,1.0,0.0,20.0,1.3977576666666665,1.2465926,1.5934032999999999,2.5128266141317743,0.8910276666666667,0.7905361999999999,1.2893651,1.2916154372370932,0.4466666666666666,0.426,0.441,0.4619911005685685,0.8033333333333332,0.7979999999999999,0.7866,0.8093486921316557,4.0,7.0,17.0,3.0,8.0,16.0,3.0,6.0,14.0,0.0,0.0,1.0,50.0,87.0,164.0,1,2,0.432527,0.432527,0.6,0.8540000000000001,3.0,1.0,9.0,0.82477,0.82477,0.82477,0.82839408,0.5714043333333333,0.5714043333333333,0.5714043333333333,0.70677856,0.48,0.48,0.48,0.492,0.847,0.847,0.847,0.8656000000000001,5.0,5.0,5.0,7.0,7.0,7.0,6.0,6.0,6.0,0.0,0.0,0.0,42.0,42.0,42.0,1,3.033723,2.2736330000000002,-0.19999999999999996,-0.026000000000000134,0.5729876666666665,0.42182260000000005,0.7686332999999999,1.6844325341317743,0.31962333333333337,0.21913186666666662,0.7179607666666666,0.5848368772370932,-0.03333333333333338,-0.05399999999999999,-0.03899999999999998,-0.03000889943143148,-0.04366666666666674,-0.049000000000000044,-0.06040000000000001,-0.056251307868344425
20220907_Lorient_Lyon,2022-09-07 19:00:00,2022,Lorient,Lyon,3,1,1.48762,1.48762,0.34,0.747,1.0,0.0,23.0,1.8080663333333333,1.8191118,1.6175432,0.7700858129130541,1.5547030000000002,1.3630558,1.237496,0.7359932434978966,0.41333333333333333,0.418,0.43,0.41969592880454853,0.7866666666666667,0.7904,0.7948999999999999,0.7241707895370533,5.0,8.0,18.0,6.0,8.0,15.0,5.0,7.0,16.0,0.0,0.0,1.0,71.0,110.0,193.0,1,3,2.29822,2.29822,0.66,0.861,3.0,0.0,8.0,2.039686666666667,2.304352,2.2120131,1.7312361238493643,2.039686666666667,2.1523320000000004,2.0599931,1.7302553501579945,0.6666666666666666,0.666,0.602,0.6401389317912356,0.8403333333333333,0.8540000000000001,0.8362,0.8371193906171226,8.0,14.0,30.0,2.0,4.0,15.0,3.0,4.0,11.0,0.0,1.0,4.0,22.0,44.0,80.0,1,-0.8106000000000002,-0.8106000000000002,-0.32,-0.11399999999999999,-0.23162033333333354,-0.48524020000000023,-0.5944699,-0.9611503109363102,-0.4849836666666667,-0.7892762000000004,-0.8224970999999999,-0.9942621066600978,-0.2533333333333333,-0.24800000000000005,-0.172,-0.22044300298668706,-0.05366666666666653,-0.0636000000000001,-0.041300000000000114,-0.11294860108006932
20220911_Lorient_Nantes,2022-09-11 13:00:00,2022,Lorient,Nantes,3,2,1.30306,1.30306,0.48,0.838,2.0,0.0,24.0,1.148523,1.9755018,1.5559692,1.3441131625826108,1.148523,1.5194458000000002,1.175922,1.3372946486995794,0.3933333333333333,0.41200000000000003,0.421,0.3559391857609097,0.7596666666666666,0.7846,0.7936,0.7424341579074106,6.0,10.0,17.0,6.0,9.0,15.0,5.0,7.0,15.0,0.0,0.0,1.0,74.0,112.0,197.0,2,3,0.586565,0.586565,0.52,0.809,3.0,0.0,9.0,0.9333139999999999,1.4476404,1.6711122,0.5003065399174376,0.9333139999999998,1.2956344000000002,1.4430896,0.49544047990383766,0.48,0.438,0.438,0.42577262814134376,0.8153333333333334,0.7672,0.7413000000000001,0.8375411443237177,4.0,6.0,18.0,5.0,8.0,11.0,4.0,6.0,12.0,1.0,1.0,1.0,41.0,98.0,204.0,1,0.7164950000000001,0.7164950000000001,-0.040000000000000036,0.028999999999999915,0.2152090000000001,0.5278613999999999,-0.115143,0.8438066226651733,0.2152090000000002,0.2238114,-0.26716760000000006,0.8418541687957417,-0.08666666666666667,-0.025999999999999968,-0.017000000000000015,-0.06983344238043404,-0.05566666666666675,0.01739999999999997,0.0522999999999999,-0.0951069864163071
20221002_Lorient_Lille,2022-10-02 11:00:00,2022,Lorient,Lille,2,1,0.51274,0.51274,0.37,0.762,3.0,1.0,38.0,2.0933866666666665,1.6476218,1.7325282000000002,3.0538381265033046,2.0933866666666665,1.6476218,1.428491,3.0535653859479837,0.42,0.42000000000000004,0.422,0.44303756743043643,0.7963333333333334,0.7842,0.7926,0.8069773663162965,9.0,12.0,20.0,4.0,9.0,14.0,4.0,8.0,13.0,0.0,0.0,0.0,66.0,117.0,206.0,1,2,1.83189,1.83189,0.63,0.8059999999999999,3.0,0.0,5.0,1.0748939999999998,1.1933181999999998,1.3766954,1.1078464605059823,1.0748940000000002,1.0413001999999998,1.2246764,1.1068719263545277,0.5566666666666666,0.5740000000000001,0.565,0.46407582495578314,0.7936666666666666,0.8116,0.8312999999999999,0.7573389120956799,6.0,10.0,18.0,4.0,7.0,17.0,7.0,10.0,21.0,0.0,0.0,0.0,56.0,98.0,169.0,1,-1.31915,-1.31915,-0.26,-0.04399999999999993,1.0184926666666667,0.45430360000000025,0.35583280000000017,1.9459916659973222,1.0184926666666663,0.6063216000000002,0.20381459999999985,1.946693459593456,-0.13666666666666666,-0.15400000000000003,-0.14299999999999996,-0.021038257525346715,0.002666666666666817,-0.02739999999999998,-0.03869999999999996,0.049638454220616524
20221015_Lorient_Reims,2022-10-15 15:00:00,2022,Lorient,Reims,0,0,1.05131,1.05131,0.48,0.7759999999999999,1.0,0.0,17.0,1.7144266666666663,1.5867919999999998,1.7029519,1.1170399250601322,1.7144266666666663,1.5867919999999998,1.4749238999999998,1.1170290154379192,0.4366666666666667,0.426,0.422,0.47692150269721745,0.7803333333333334,0.7852,0.7878000000000001,0.7741990946526519,7.0,13.0,21.0,3.0,6.0,14.0,5.0,8.0,15.0,1.0,1.0,1.0,83.0,130.0,240.0,0,0,0.366478,0.366478,0.52,0.779,3.0,2.0,15.0,1.237064666666667,1.1862216,1.4538079,1.7887926223282005,1.237064666666667,1.1862216,1.2257799,1.7885949259390805,0.34,0.384,0.384,0.36175387564292905,0.7336666666666666,0.7462,0.733,0.7846195941472043,2.0,3.0,12.0,5.0,7.0,19.0,8.0,12.0,26.0,2.0,3.0,6.0,73.0,95.0,194.0,0,0.6848319999999999,0.6848319999999999,-0.040000000000000036,-0.0030000000000001137,0.4773619999999994,0.40057039999999966,0.24914400000000003,-0.6717526972680683,0.4773619999999994,0.40057039999999966,0.2491439999999998,-0.6715659105011613,0.09666666666666668,0.04199999999999998,0.03799999999999998,0.1151676270542884,0.046666666666666856,0.039000000000000035,0.05480000000000007,-0.010420499494552371
20221030_Lorient_Nice,2022-10-30 16:05:00,2022,Lorient,Nice,1,2,1.28783,1.28783,0.44,0.845,0.0,0.0,12.0,1.2434566666666667,1.5465179999999998,1.5947469,1.4432911970024054,1.2434566666666667,1.5465179999999998,1.5187379,1.443290760617517,0.5199999999999999,0.47400000000000003,0.44299999999999995,0.5598768601078886,0.8026666666666666,0.7948000000000001,0.7919,0.840727963786106,4.0,9.0,20.0,3.0,5.0,14.0,2.0,6.0,14.0,0.0,1.0,1.0,57.0,114.0,232.0,2,1,2.19849,2.19849,0.56,0.894,1.0,0.0,15.0,1.9033633333333333,1.4728416,1.351496,1.4329048467229126,1.3966306666666668,1.168802,1.04745756,0.8004876177468345,0.6066666666666667,0.55,0.521,0.6390845876599285,0.8400000000000002,0.843,0.8280000000000001,0.833259274079521,5.0,6.0,9.0,4.0,7.0,13.0,4.0,5.0,19.0,0.0,1.0,3.0,43.0,72.0,158.0,-1,-0.91066,-0.91066,-0.12000000000000005,-0.049000000000000044,-0.6599066666666666,0.07367639999999986,0.24325090000000005,0.010386350279492751,-0.15317400000000014,0.37771599999999994,0.4712803400000001,0.6428031428706824,-0.08666666666666678,-0.07600000000000001,-0.07800000000000007,-0.07920772755203986,-0.03733333333333355,-0.04819999999999991,-0.03610000000000002,0.0074686897065849855
20221106_Lorient_Paris Saint Germain,2022-11-06 12:00:00,2022,Lorient,Paris Saint Germain,1,2,0.812458,0.812458,0.41,0.823,1.0,0.0,23.0,1.2923799999999999,1.106188,1.3769049,1.3189222394004811,1.2923799999999999,1.106188,1.3769049,1.3189221521235033,0.49999999999999994,0.47400000000000003,0.44699999999999995,0.46397537202157774,0.826,0.8029999999999999,0.7936,0.8441455927572212,3.0,7.0,19.0,4.0,6.0,15.0,1.0,5.0,13.0,0.0,1.0,1.0,43.0,107.0,224.0,2,1,2.35683,2.35683,,,,,,2.8616499999999996,2.0808654,2.4093387,2.7130722199097654,2.608286666666667,1.9288474,2.2573207,2.104999883051468,,,,,,,,,8.0,10.0,19.0,3.0,4.0,5.0,,,,,,,,,,-1,-1.544372,-1.544372,,,-1.5692699999999997,-0.9746774,-1.0324338000000002,-1.3941499805092843,-1.315906666666667,-0.8226594,-0.8804158000000002,-0.7860777309279645,,,,,,,,
20221229_Lorient_Montpellier,2022-12-29 16:00:00,2022,Lorient,Montpellier,0,2,1.13229,1.13229,0.48,0.8059999999999999,3.0,0.0,8.0,0.9925989999999999,1.1134214,1.3501067,0.8847573695760192,0.9925989999999999,1.1134214,1.3501067,0.8847573660849402,0.41333333333333333,0.45999999999999996,0.44299999999999995,0.39615901488086314,0.8063333333333332,0.8103999999999999,0.7978,0.7662458237102888,3.0,5.0,18.0,5.0,7.0,13.0,2.0,3.0,11.0,0.0,0.0,1.0,80.0,111.0,241.0,2,0,1.99935,1.99935,0.52,0.769,4.0,0.0,14.0,1.4241686666666669,1.0770168,1.0994530999999998,1.892342642034427,1.170803666666667,0.9249978000000002,0.9474406000000002,1.7707196593073016,0.46666666666666673,0.426,0.45,0.4830435742466343,0.7173333333333334,0.7121999999999999,0.7257,0.6757852455642179,2.0,3.0,9.0,5.0,8.0,20.0,6.0,10.0,24.0,0.0,1.0,2.0,55.0,97.0,184.0,-1,-0.8670599999999999,-0.8670599999999999,-0.040000000000000036,0.03699999999999992,-0.43156966666666696,0.03640460000000001,0.25065360000000014,-1.0075852724584076,-0.17820466666666712,0.1884235999999998,0.4026660999999998,-0.8859622932223614,-0.0533333333333334,0.033999999999999975,-0.007000000000000062,-0.08688455936577116,0.08899999999999986,0.09819999999999995,0.07209999999999994,0.09046057814607089
20230111_Lorient_Monaco,2023-01-11 20:00:00,2022,Lorient,Monaco,2,2,1.40735,1.40735,0.42,0.752,1.0,0.0,25.0,0.816663,0.9100554000000001,1.2282867,0.5687086947830408,0.816663,0.9100554000000001,1.2282867,0.5687086946433976,0.48333333333333334,0.45999999999999996,0.4669999999999999,0.5566463605952344,0.7923333333333332,0.8089999999999999,0.8019000000000001,0.8156098329484116,3.0,5.0,14.0,4.0,8.0,13.0,4.0,5.0,11.0,0.0,0.0,1.0,66.0,101.0,215.0,2,2,1.61598,1.61598,0.58,0.81,1.0,0.0,17.0,1.3335966666666668,1.5945040000000001,1.6426120000000002,1.1734190945403542,0.8268883333333337,1.138461,1.2483805000000001,1.0264616397441024,0.5166666666666667,0.518,0.501,0.524762919758053,0.7883333333333334,0.7834,0.7809999999999999,0.8016669479134829,6.0,10.0,23.0,5.0,5.0,11.0,6.0,10.0,21.0,0.0,0.0,1.0,41.0,58.0,137.0,0,-0.20862999999999987,-0.20862999999999987,-0.15999999999999998,-0.05800000000000005,-0.5169336666666667,-0.6844486000000001,-0.41432530000000023,-0.6047103997573134,-0.010225333333333642,-0.22840559999999988,-0.02009380000000016,-0.45775294510070486,-0.03333333333333338,-0.05800000000000005,-0.034000000000000086,0.03188344083718142,0.0039999999999997815,0.025599999999999956,0.02090000000000014,0.013942885034928687
20230127_Lorient_Rennes,2023-01-27 20:00:00,2022,Lorient,Rennes,2,1,0.989121,0.989121,0.33,0.762,1.0,0.0,48.0,0.7796986666666667,0.869779,1.0179553,0.6411691477913216,0.7796986666666667,0.869779,1.0179553000000001,0.6411691477857359,0.43999999999999995,0.438,0.45999999999999996,0.3454658544238094,0.7773333333333333,0.7777999999999999,0.7965,0.7609443933179365,5.0,6.0,12.0,6.0,9.0,16.0,1.0,5.0,8.0,0.0,0.0,0.0,59.0,112.0,204.0,1,2,1.94175,1.94175,0.67,0.848,1.0,0.0,8.0,1.2483069999999996,1.4519662,1.6607098999999999,1.0639901442656816,1.2483069999999996,1.4519662,1.50869134,1.0637877764704817,0.5266666666666665,0.54,0.53,0.40238651868007247,0.844,0.8276,0.8119,0.8244308672265275,4.0,7.0,19.0,3.0,7.0,11.0,3.0,5.0,11.0,2.0,2.0,4.0,43.0,76.0,162.0,1,-0.9526290000000001,-0.9526290000000001,-0.34,-0.08599999999999997,-0.46860833333333296,-0.5821872,-0.6427546,-0.42282099647436,-0.46860833333333296,-0.5821872,-0.4907360399999998,-0.42261862868474587,-0.08666666666666656,-0.10200000000000004,-0.07000000000000006,-0.056920664256263076,-0.06666666666666665,-0.049800000000000066,-0.01539999999999997,-0.06348647390859097
20230205_Lorient_Angers,2023-02-05 14:00:00,2022,Lorient,Angers,0,0,0.68751,0.68751,0.56,0.848,2.0,0.0,17.0,0.7291599999999999,0.807004,0.9683107000000002,0.7493485259116528,0.7291599999999999,0.807004,0.9683107,0.7493485259114294,0.3566666666666667,0.41400000000000003,0.437,0.4026186341769524,0.77,0.7764,0.7964,0.7827577757327174,5.0,9.0,14.0,8.0,11.0,20.0,1.0,2.0,7.0,0.0,0.0,0.0,89.0,127.0,229.0,0,0,0.584769,0.584769,0.44,0.79,4.0,0.0,36.0,0.6033156666666667,0.8651880000000001,0.9113218,0.5094474497331333,0.6033156666666667,0.8651880000000001,0.9113218,0.5094474496295204,0.5233333333333333,0.466,0.45099999999999996,0.4358390030401421,0.7853333333333333,0.8023999999999999,0.7928,0.7039283895035586,2.0,3.0,5.0,8.0,12.0,20.0,5.0,10.0,18.0,1.0,1.0,1.0,39.0,68.0,137.0,0,0.10274099999999997,0.10274099999999997,0.12000000000000005,0.05799999999999994,0.12584433333333322,-0.058184000000000013,0.05698890000000023,0.23990107617851952,0.12584433333333322,-0.058184000000000013,0.05698890000000001,0.23990107628190904,-0.16666666666666663,-0.05199999999999999,-0.013999999999999957,-0.03322036886318974,-0.01533333333333331,-0.025999999999999912,0.0036000000000000476,0.0788293862291588
20230219_Lorient_Ajaccio,2023-02-19 14:00:00,2022,Lorient,Ajaccio,3,0,2.43638,1.67629,0.58,0.8540000000000001,0.0,0.0,12.0,1.0081976666666665,0.9010539999999999,0.9175067,1.444199541036466,1.0081976666666665,0.9010539999999999,0.9175067,1.4441995410364572,0.49666666666666665,0.42800000000000005,0.442,0.5137047453670781,0.8246666666666665,0.7992,0.7948,0.8373903110293086,2.0,5.0,11.0,5.0,9.0,17.0,2.0,3.0,9.0,0.0,0.0,0.0,57.0,126.0,240.0,0,3,0.592896,0.592896,0.42,0.795,2.0,0.0,12.0,0.558394,0.6673446,1.19757619,0.2951827770946113,0.558394,0.6673446,0.8175283899999999,0.29517250052928495,0.47,0.454,0.45499999999999996,0.3958602656547866,0.7416666666666666,0.7358,0.724,0.7664188129100069,2.0,3.0,10.0,6.0,15.0,22.0,4.0,8.0,17.0,1.0,1.0,2.0,42.0,71.0,162.0,1,1.8434840000000001,1.0833940000000002,0.15999999999999998,0.05900000000000005,0.4498036666666666,0.23370939999999996,-0.2800694899999999,1.1490167639418547,0.4498036666666666,0.23370939999999996,0.09997831000000013,1.1490270405071723,0.026666666666666672,-0.025999999999999968,-0.012999999999999956,0.1178444797122915,0.08299999999999996,0.06340000000000001,0.07079999999999997,0.0709714981193017
20230226_Lorient_Auxerre,2023-02-26 12:00:00,2022,Lorient,Auxerre,0,1,1.04974,1.04974,0.61,0.8220000000000001,2.0,0.0,9.0,1.5847233333333335,1.2900188,1.0798989,2.2379439082072934,1.33136,1.1380008,1.0038899000000001,1.6298719082072917,0.5499999999999999,0.4800000000000001,0.45899999999999996,0.5667409490734155,0.8466666666666667,0.818,0.7979,0.8506780622058618,3.0,7.0,13.0,1.0,6.0,15.0,2.0,3.0,8.0,0.0,0.0,0.0,49.0,117.0,229.0,1,0,1.20936,1.20936,0.39,0.787,3.0,0.0,29.0,1.4817686666666665,1.4722231999999997,1.1604885,1.5053645857854905,0.7216733333333334,0.8641479999999999,0.7804418,0.6530816338991958,0.4166666666666667,0.47800000000000004,0.449,0.3772415717400225,0.7403333333333334,0.7628,0.7616999999999999,0.7444268288379124,3.0,5.0,7.0,2.0,7.0,22.0,6.0,7.0,16.0,0.0,0.0,1.0,52.0,72.0,155.0,-1,-0.1596200000000001,-0.1596200000000001,0.21999999999999997,0.03500000000000003,0.10295466666666697,-0.18220439999999982,-0.08058959999999993,0.7325793224218029,0.6096866666666667,0.2738528,0.22344810000000015,0.9767902743080958,0.13333333333333325,0.0020000000000000573,0.009999999999999953,0.18949937733339306,0.10633333333333328,0.055199999999999916,0.03620000000000012,0.1062512333679494
20230312_Lorient_Troyes,2023-03-12 14:00:00,2022,Lorient,Troyes,2,0,1.79136,1.79136,0.52,0.85,0.0,0.0,22.0,1.457991,1.3383526,1.0726783,0.9677585563282918,1.2046276666666667,1.1863346,0.9966693,0.9434356763282917,0.5533333333333333,0.546,0.4800000000000001,0.4962696379629366,0.8456666666666667,0.8446,0.8105,0.8543471224882345,3.0,3.0,12.0,1.0,2.0,13.0,2.0,4.0,6.0,0.0,0.0,0.0,46.0,83.0,210.0,0,2,0.492296,0.492296,0.48,0.797,2.0,0.0,6.0,0.7896074666666667,0.72766348,0.8346976399999999,0.9357897179318774,0.7896074666666667,0.72766348,0.7586881400000001,0.9355951336118761,0.46000000000000013,0.454,0.40800000000000003,0.4087988941217932,0.7213333333333334,0.739,0.7509,0.6990003069448514,3.0,4.0,10.0,5.0,12.0,26.0,4.0,6.0,15.0,2.0,2.0,2.0,95.0,135.0,251.0,1,1.299064,1.299064,0.040000000000000036,0.052999999999999936,0.6683835333333333,0.6106891199999999,0.23798066000000007,0.0319688383964144,0.41502019999999995,0.4586711199999999,0.23798115999999991,0.007840542716415655,0.09333333333333321,0.09200000000000003,0.07200000000000006,0.0874707438411434,0.1243333333333333,0.10560000000000003,0.059599999999999986,0.15534681554338314
20230409_Lorient_Marseille,2023-04-09 18:45:00,2022,Lorient,Marseille,0,0,0.637221,0.637221,0.4,0.7709999999999999,0.0,0.0,28.0,0.9233924333333334,0.94155406,1.11578643,0.2829047084506263,0.9233924333333334,0.94155406,1.03977743,0.2827101254106263,0.4633333333333334,0.49400000000000005,0.487,0.4158101571037035,0.842,0.8417999999999999,0.8299,0.8225147769799058,4.0,4.0,11.0,4.0,5.0,11.0,5.0,7.0,10.0,2.0,2.0,2.0,77.0,111.0,228.0,0,0,0.782867,0.782867,0.6,0.8320000000000001,2.0,0.0,14.0,1.5019,1.6496739999999999,1.790154,1.4363211143047927,0.995168333333333,1.3456350000000001,1.5621255,0.8038791571986217,0.5133333333333333,0.506,0.5399999999999999,0.6328531881819021,0.749,0.7662000000000001,0.7853,0.7920275333353838,5.0,6.0,15.0,4.0,7.0,13.0,5.0,6.0,16.0,1.0,1.0,1.0,71.0,100.0,159.0,0,-0.14564599999999994,-0.14564599999999994,-0.19999999999999996,-0.061000000000000165,-0.5785075666666666,-0.7081199399999999,-0.67436757,-1.1534164058541663,-0.07177589999999956,-0.40408094000000017,-0.52234807,-0.5211690317879953,-0.04999999999999993,-0.011999999999999955,-0.052999999999999936,-0.21704303107819856,0.09299999999999997,0.07559999999999978,0.04459999999999997,0.030487243644522044
20230423_Lorient_Toulouse,2023-04-23 13:00:00,2022,Lorient,Toulouse,0,1,0.506852,0.506852,0.54,0.8340000000000001,3.0,0.0,11.0,0.5888534333333334,0.8882136600000001,1.11328313,0.9402075483380251,0.3354894333333333,0.73619526,0.9612649299999999,0.33212616501642506,0.44333333333333336,0.4640000000000001,0.505,0.5046324062841482,0.8109999999999999,0.8291999999999999,0.8369,0.8354605910791963,2.0,5.0,8.0,6.0,7.0,9.0,4.0,6.0,10.0,1.0,2.0,2.0,88.0,138.0,221.0,1,0,1.25506,1.25506,0.46,0.8029999999999999,2.0,0.0,24.0,1.8341799999999997,1.82486,1.621216,1.6388859950712606,1.83418,1.82486,1.621216,1.6388859322866236,0.5033333333333333,0.5159999999999999,0.485,0.44521989103214965,0.791,0.807,0.8024000000000001,0.7754082932321342,4.0,6.0,12.0,6.0,8.0,18.0,8.0,11.0,18.0,1.0,1.0,1.0,63.0,102.0,190.0,-1,-0.7482080000000001,-0.7482080000000001,0.08000000000000002,0.03100000000000014,-1.2453265666666664,-0.9366463399999998,-0.5079328700000001,-0.6986784467332355,-1.4986905666666666,-1.08866474,-0.6599510700000001,-1.3067597672701985,-0.05999999999999994,-0.051999999999999824,0.020000000000000018,0.05941251525199853,0.019999999999999907,0.022199999999999886,0.034499999999999864,0.06005229784706212
20230507_Lorient_Brest,2023-05-07 13:00:00,2022,Lorient,Brest,2,1,1.23052,1.23052,0.46,0.7909999999999999,3.0,1.0,37.0,1.6025406666666668,1.10810246,1.25889933,2.7323846219335213,1.3491766666666667,0.95608406,1.10688113,2.708061366600657,0.5100000000000001,0.466,0.49799999999999994,0.4745852962513659,0.8556666666666667,0.8301999999999999,0.8401,0.8740584236431679,4.0,5.0,11.0,5.0,8.0,10.0,7.0,10.0,14.0,0.0,1.0,2.0,56.0,111.0,207.0,1,2,1.42227,0.66217,0.54,0.777,2.0,0.0,10.0,0.7339536666666668,0.9569842,0.8251196000000001,0.7474652163439798,0.7339536666666665,0.9569842,0.7491106,0.7472706333036597,0.5366666666666667,0.48200000000000004,0.44800000000000006,0.5334161032796024,0.7666666666666666,0.756,0.7495999999999999,0.7545166554469515,3.0,7.0,13.0,0.0,2.0,10.0,3.0,6.0,12.0,0.0,0.0,1.0,40.0,88.0,212.0,1,-0.19174999999999986,0.56835,-0.08000000000000002,0.013999999999999901,0.868587,0.15111826000000006,0.4337797299999999,1.9849194055895416,0.6152230000000002,-0.0009001399999999382,0.35777053000000014,1.9607907332969976,-0.026666666666666616,-0.016000000000000014,0.04999999999999988,-0.05883080702823651,0.08900000000000008,0.07419999999999993,0.09050000000000002,0.11954176819621642
20230521_Lorient_Lens,2023-05-21 15:05:00,2022,Lorient,Lens,1,3,1.37416,1.37416,0.47,0.863,2.0,0.0,20.0,1.6933463333333334,1.3241122,1.09158123,0.7721137848773408,1.6933463333333332,1.1720938,1.01557203,0.7711408546640263,0.49666666666666665,0.5120000000000001,0.48200000000000004,0.5485834118500545,0.8466666666666667,0.8446,0.8381000000000001,0.8535223369457268,6.0,7.0,11.0,3.0,7.0,11.0,9.0,13.0,18.0,1.0,1.0,3.0,76.0,120.0,250.0,3,1,2.30872,2.30872,0.53,0.867,2.0,0.0,14.0,1.3499966666666665,1.8022660000000001,1.6047146,1.3657727797615038,1.096631333333333,1.498227,1.4526951000000001,0.7567230530375184,0.45333333333333337,0.4720000000000001,0.471,0.41038118125946704,0.782,0.8078,0.8085000000000001,0.7734530710056151,5.0,9.0,20.0,2.0,5.0,7.0,8.0,8.0,15.0,1.0,2.0,2.0,79.0,103.0,167.0,-1,-0.9345600000000001,-0.9345600000000001,-0.06000000000000005,-0.0040000000000000036,0.3433496666666669,-0.4781538000000001,-0.51313337,-0.593658994884163,0.5967150000000001,-0.3261331999999999,-0.43712307000000017,0.014417801626507853,0.04333333333333328,0.040000000000000036,0.011000000000000065,0.1382022305905875,0.06466666666666665,0.036800000000000055,0.02959999999999996,0.08006926594011166
20230603_Lorient_Strasbourg,2023-06-03 17:00:00,2022,Lorient,Strasbourg,2,1,0.489883,0.489883,0.53,0.8809999999999999,1.0,0.0,17.0,0.9850263333333333,1.4905398,1.06092593,1.0495501513950938,0.731661,1.3385206,0.90890713,0.44143443418656103,0.53,0.502,0.48500000000000004,0.5371433364740023,0.8573333333333334,0.8493999999999999,0.8376999999999999,0.8474208934778291,2.0,7.0,10.0,6.0,8.0,16.0,5.0,11.0,20.0,0.0,1.0,3.0,65.0,114.0,241.0,1,2,0.851717,0.851717,0.47,0.8759999999999999,1.0,0.0,13.0,1.7690766666666675,1.7886099999999998,1.6887297000000001,1.5056466813613167,1.5157120000000004,1.4845732000000003,1.3723442,1.4764198187877486,0.4300000000000002,0.43750000000000006,0.43555555555555553,0.37642040418964373,0.8336666666666667,0.8109999999999999,0.7502222222222222,0.8734954775218122,4.0,7.0,18.0,2.0,4.0,11.0,3.0,4.0,15.0,1.0,1.0,2.0,29.0,64.0,168.0,1,-0.36183399999999993,-0.36183399999999993,0.06000000000000005,0.0050000000000000044,-0.7840503333333342,-0.29807019999999973,-0.6278037700000001,-0.45609652996622296,-0.7840510000000004,-0.1460526000000002,-0.4634370699999999,-1.0349853846011876,0.09999999999999981,0.06449999999999995,0.04944444444444451,0.16072293228435852,0.023666666666666725,0.03839999999999999,0.08747777777777765,-0.026074584043983107
20230820_Lorient_Nice,2023-08-20 13:00:00,2023,Lorient,Nice,1,1,0.750785,0.750785,0.41,0.863,1.0,0.0,24.0,0.5415506666666666,0.7162462,1.0256593999999999,0.22937848605580374,0.28818533333333335,0.564227,0.8736406000000001,0.20505385736746243,0.43333333333333335,0.4680000000000001,0.47300000000000003,0.2822857334589601,0.8276666666666667,0.8422000000000001,0.834,0.7812568357391132,2.0,4.0,10.0,3.0,7.0,13.0,1.0,6.0,16.0,0.0,0.0,1.0,70.0,117.0,238.0,1,1,2.42649,2.42649,0.59,0.9079999999999999,1.0,0.0,2.0,2.6738866666666667,2.2327092,1.9552748999999998,1.4318327225515082,2.6738866666666667,2.2327092,1.9552748999999998,1.4318327220533709,0.4800000000000001,0.5175000000000001,0.518888888888889,0.44976026174956557,0.804,0.8210000000000001,0.8356666666666666,0.8104925128355965,7.0,7.0,11.0,4.0,6.0,12.0,3.0,6.0,13.0,0.0,0.0,0.0,22.0,51.0,111.0,0,-1.6757049999999998,-1.6757049999999998,-0.18,-0.04499999999999993,-2.132336,-1.516463,-0.9296154999999999,-1.2024542364957045,-2.3857013333333335,-1.6684822,-1.0816342999999997,-1.2267788646859084,-0.046666666666666745,-0.04949999999999999,-0.045888888888888923,-0.1674745282906055,0.023666666666666614,0.021199999999999997,-0.0016666666666665941,-0.029235677096483337
20230827_Lorient_Lille,2023-08-27 15:05:00,2023,Lorient,Lille,4,1,1.745,1.745,0.36,0.785,2.0,0.0,21.0,0.458979,0.7499194,1.0370158,0.6465036972111607,0.458979,0.5979002,0.8849969999999999,0.6416387714734926,0.3866666666666667,0.43600000000000005,0.47400000000000003,0.38445714669179204,0.834,0.8417999999999999,0.8432000000000001,0.8466513671478226,3.0,4.0,11.0,2.0,7.0,14.0,2.0,4.0,17.0,0.0,0.0,1.0,76.0,114.0,234.0,1,4,1.45127,1.45127,0.64,0.85,4.0,0.0,11.0,2.15651,2.09873,2.0179929999999997,2.9076336731540833,2.1565100000000004,1.6426716,1.7139538,2.896929958668233,0.65,0.605,0.6388888888888888,0.6405616354116666,0.852,0.833,0.8413333333333334,0.8564839334391819,4.0,8.0,14.0,2.0,4.0,7.0,4.0,9.0,17.0,1.0,1.0,1.0,24.0,47.0,121.0,1,0.29373000000000005,0.29373000000000005,-0.28,-0.06499999999999995,-1.697531,-1.3488106000000002,-0.9809771999999997,-2.2611299759429224,-1.6975310000000003,-1.0447714,-0.8289568000000002,-2.2552911871947403,-0.2633333333333333,-0.16899999999999993,-0.1648888888888888,-0.2561044887198745,-0.018000000000000016,0.008799999999999919,0.0018666666666666831,-0.009832566291359313
20230917_Lorient_Monaco,2023-09-17 11:00:00,2023,Lorient,Monaco,2,2,0.660724,0.660724,0.41,0.795,0.0,0.0,18.0,1.057133,0.7595102,1.1250250000000002,0.8455513478884464,1.057133,0.7595102,1.0490154,0.8453567508589397,0.44333333333333336,0.41600000000000004,0.4590000000000001,0.5209782858676717,0.8460000000000001,0.8353999999999999,0.8423999999999999,0.871466054685913,5.0,7.0,14.0,5.0,6.0,14.0,3.0,4.0,15.0,0.0,0.0,1.0,68.0,120.0,234.0,2,2,1.54062,1.54062,0.59,0.856,1.0,0.0,18.0,2.505656666666667,2.61483,1.8544546,1.859432064514782,2.505656666666667,2.61483,1.7784455000000001,1.8593931478555819,0.5766666666666667,0.55,0.493,0.5416645222017117,0.823,0.8202,0.7882,0.8161643823752935,9.0,14.0,17.0,3.0,7.0,17.0,8.0,13.0,23.0,0.0,0.0,0.0,30.0,53.0,124.0,0,-0.8798960000000001,-0.8798960000000001,-0.18,-0.06099999999999994,-1.4485236666666668,-1.8553198,-0.7294295999999998,-1.0138807166263355,-1.4485236666666668,-1.8553198,-0.7294301000000001,-1.0140363969966422,-0.1333333333333333,-0.134,-0.03399999999999992,-0.020686236334039987,0.02300000000000013,0.01519999999999988,0.054199999999999915,0.05530167231061944
20231001_Lorient_Montpellier,2023-10-01 15:05:00,2023,Lorient,Montpellier,0,3,0.799881,0.799881,0.51,0.8540000000000001,2.0,0.0,23.0,0.9776959999999999,1.0857746000000001,0.9010104,1.416937893915538,0.9776959999999999,1.0857746000000001,0.8250008000000001,1.4169301100343576,0.5100000000000001,0.45999999999999996,0.4640000000000001,0.5344391314347069,0.8503333333333334,0.8398,0.841,0.8548586421874366,5.0,10.0,14.0,10.0,12.0,19.0,3.0,6.0,12.0,0.0,0.0,0.0,51.0,96.0,213.0,3,0,2.77044,2.01035,0.49,0.833,1.0,0.0,17.0,1.0705890000000002,1.3102994,1.4592167,1.309038120638636,1.0705890000000007,1.3102994000000003,1.3832076,1.3090302750392433,0.4500000000000001,0.44799999999999995,0.479,0.40302236188038704,0.7443333333333332,0.7388,0.7708,0.6786009864702891,2.0,7.0,18.0,3.0,7.0,14.0,9.0,11.0,16.0,0.0,0.0,0.0,57.0,104.0,192.0,-1,-1.9705589999999997,-1.2104689999999998,0.020000000000000018,0.02100000000000013,-0.09289300000000034,-0.22452479999999975,-0.5582063,0.10789977327690203,-0.09289300000000078,-0.2245248000000002,-0.5582067999999999,0.10789983499511435,0.06,0.01200000000000001,-0.014999999999999902,0.13141676955431986,0.1060000000000002,0.10099999999999998,0.07019999999999993,0.17625765571714747
20231022_Lorient_Rennes,2023-10-22 11:00:00,2023,Lorient,Rennes,2,1,0.594654,0.594654,0.31,0.7340000000000001,0.0,0.0,44.0,1.158387,0.9622997999999999,0.8931936,1.0474824757566215,1.158387,0.9622997999999999,0.8171839999999999,1.0474821644013743,0.5233333333333334,0.508,0.461,0.5029775652573882,0.8396666666666667,0.8408000000000001,0.8335000000000001,0.8100343456874975,6.0,8.0,15.0,11.0,16.0,21.0,5.0,5.0,9.0,0.0,0.0,0.0,59.0,100.0,215.0,1,2,0.940774,0.940774,0.69,0.8390000000000001,2.0,0.0,12.0,1.5316176666666663,1.0541728,1.7408489999999996,1.480152211726864,1.0248886666666663,0.7501354000000002,1.4368116,1.2368818181452959,0.5433333333333333,0.524,0.5469999999999999,0.45282378462183775,0.8256666666666667,0.8214,0.8313,0.8188988163441883,4.0,6.0,18.0,4.0,6.0,11.0,5.0,7.0,13.0,0.0,0.0,0.0,44.0,84.0,165.0,1,-0.34612,-0.34612,-0.37999999999999995,-0.10499999999999998,-0.37323066666666627,-0.09187299999999998,-0.8476553999999996,-0.4326697359702425,0.13349833333333372,0.2121643999999997,-0.6196276000000001,-0.18939965374392154,-0.019999999999999907,-0.016000000000000014,-0.08599999999999991,0.05015378063555048,0.014000000000000012,0.019400000000000084,0.0022000000000000908,-0.008864470656690715
20231104_Lorient_Lens,2023-11-04 16:00:00,2023,Lorient,Lens,0,0,0.521851,0.521851,0.43,0.769,3.0,0.0,28.0,0.6951406666666666,0.8964106000000001,0.8450444999999999,0.46683433903026483,0.6951406666666666,0.8964106000000001,0.8450445,0.46683432657605495,0.4166666666666667,0.4640000000000001,0.42800000000000005,0.42171910261029555,0.7726666666666667,0.8076000000000001,0.8129,0.7778413738275,5.0,8.0,15.0,5.0,13.0,20.0,3.0,8.0,11.0,0.0,0.0,0.0,88.0,121.0,242.0,0,0,0.707799,0.707799,0.57,0.816,3.0,0.0,9.0,2.958626666666666,2.697198,1.8501958000000003,3.8742473617949105,2.451896666666667,2.3931600000000004,1.6981768,2.6580953488424988,0.5299999999999999,0.546,0.5333333333333334,0.5467429423107718,0.807,0.8138,0.8113333333333332,0.8210054832142171,5.0,8.0,12.0,1.0,2.0,13.0,6.0,12.0,22.0,0.0,0.0,0.0,49.0,80.0,112.0,0,-0.185948,-0.185948,-0.13999999999999996,-0.04699999999999993,-2.2634859999999994,-1.8007874000000001,-1.0051513000000005,-3.4074130227646457,-1.7567560000000002,-1.4967494000000003,-0.8531323,-2.1912610222664437,-0.11333333333333323,-0.08199999999999996,-0.10533333333333339,-0.12502383970047626,-0.03433333333333333,-0.006199999999999872,0.0015666666666667162,-0.04316410938671711
20231126_Lorient_Metz,2023-11-26 14:00:00,2023,Lorient,Metz,2,3,1.37412,1.37412,0.67,0.872,2.0,0.0,18.0,0.5062730000000001,0.6384006,0.8669971999999999,0.5699535335612106,0.5062730000000001,0.6384006,0.8669971999999999,0.5699535330630422,0.44,0.426,0.453,0.44566876410441186,0.797,0.7848,0.8114000000000001,0.8237536549531,0.0,5.0,14.0,2.0,6.0,20.0,8.0,8.0,15.0,0.0,0.0,0.0,64.0,134.0,229.0,3,2,1.85366,1.09356,0.33,0.725,1.0,0.0,23.0,0.6926776666666665,0.6124382,0.7267433999999999,0.8797362779112238,0.6926776666666666,0.6124382,0.7267433999999999,0.8797362754203707,0.36666666666666675,0.33399999999999996,0.34400000000000003,0.3419667259796654,0.725,0.7226,0.7306,0.7056952691801841,4.0,5.0,9.0,2.0,5.0,11.0,3.0,6.0,11.0,0.0,0.0,0.0,75.0,124.0,238.0,-1,-0.4795400000000001,0.2805599999999999,0.34,0.14700000000000002,-0.18640466666666644,0.02596239999999994,0.14025379999999998,-0.3097827443500132,-0.18640466666666655,0.02596239999999994,0.14025379999999998,-0.3097827423573285,0.07333333333333325,0.09200000000000003,0.10899999999999999,0.10370203812474649,0.07200000000000006,0.06220000000000003,0.0808000000000001,0.11805838577291594
20231210_Lorient_Marseille,2023-12-10 19:45:00,2023,Lorient,Marseille,2,4,2.01809,2.01809,0.5,0.8140000000000001,5.0,0.0,19.0,0.8682080000000001,0.7077426,0.8269252,0.7592765413424483,0.8682080000000001,0.7077426,0.8269252,0.7592765413225215,0.5333333333333333,0.49399999999999994,0.476,0.5090267505641765,0.844,0.8172,0.8134,0.8308701461981239,3.0,3.0,13.0,5.0,6.0,20.0,8.0,14.0,19.0,0.0,0.0,0.0,58.0,104.0,225.0,4,2,2.88724,2.88724,0.5,0.805,3.0,1.0,19.0,1.3692300000000002,1.1166318,1.2239088,1.6576526029932614,1.1158646666666663,0.9646125999999999,1.1478992,1.5360372429924642,0.5066666666666665,0.502,0.504,0.48414790005048347,0.8126666666666668,0.8136000000000001,0.8037000000000001,0.7947045177319878,6.0,6.0,11.0,1.0,2.0,10.0,4.0,8.0,20.0,1.0,1.0,2.0,65.0,114.0,217.0,-1,-0.8691499999999999,-0.8691499999999999,0.0,0.009000000000000008,-0.5010220000000001,-0.40888919999999995,-0.3969836,-0.8983760616508132,-0.2476566666666662,-0.25686999999999993,-0.32097399999999987,-0.7767607016699427,0.02666666666666684,-0.008000000000000063,-0.028000000000000025,0.024878850513692985,0.03133333333333321,0.0035999999999999366,0.009699999999999931,0.036165628466136135
20231217_Lorient_Strasbourg,2023-12-17 14:00:00,2023,Lorient,Strasbourg,1,2,1.17121,1.17121,0.52,0.785,3.0,0.0,11.0,1.3459946666666667,1.028913,0.9626617999999999,1.7663273082684898,1.3459946666666667,1.028913,0.9626617999999999,1.7663273082645043,0.5499999999999999,0.506,0.485,0.5018053501128353,0.8363333333333333,0.8230000000000001,0.8153,0.8173740292396249,5.0,5.0,13.0,8.0,9.0,22.0,11.0,16.0,24.0,0.0,0.0,0.0,59.0,105.0,226.0,2,1,1.76122,1.76122,0.48,0.8029999999999999,2.0,0.0,35.0,1.5357033333333339,1.46977,1.0300245000000001,1.4783620750230089,1.282336666666667,1.3177499999999998,0.9540144999999999,1.4540388750228173,0.44000000000000017,0.422,0.413,0.43325695474700404,0.7676666666666666,0.7754000000000001,0.7809,0.7432738456102338,4.0,5.0,8.0,4.0,5.0,12.0,4.0,7.0,14.0,0.0,1.0,1.0,60.0,114.0,189.0,-1,-0.5900099999999999,-0.5900099999999999,0.040000000000000036,-0.017999999999999905,-0.1897086666666672,-0.44085700000000005,-0.06736270000000022,0.28796523324548096,0.06365799999999977,-0.2888369999999998,0.008647300000000024,0.3122884332416871,0.10999999999999976,0.08400000000000002,0.07200000000000001,0.0685483953658313,0.06866666666666665,0.047599999999999976,0.034399999999999986,0.07410018362939108
20240128_Lorient_Le Havre,2024-01-28 14:00:00,2023,Lorient,Le Havre,3,3,1.63382,1.63382,0.43,0.8029999999999999,4.0,0.0,21.0,0.5835266666666669,0.8828887999999999,0.7902037,0.22284549846614793,0.5835266666666669,0.8828887999999999,0.7902037,0.222845498466116,0.4366666666666667,0.458,0.45899999999999996,0.3902544428009027,0.7886666666666667,0.8006,0.8,0.783818992233917,1.0,4.0,8.0,9.0,14.0,20.0,9.0,18.0,28.0,0.0,0.0,0.0,51.0,92.0,218.0,3,3,1.35726,0.59717,0.57,0.812,4.0,0.0,12.0,1.286017,1.4671021999999998,1.2633221,1.326370804383476,1.0326503333333334,1.3150822,1.1113022000000001,1.3020086873146761,0.38666666666666666,0.466,0.45600000000000007,0.416650399992329,0.7916666666666666,0.8061999999999999,0.7816,0.8207929855687472,6.0,7.0,9.0,3.0,7.0,8.0,5.0,8.0,18.0,2.0,2.0,3.0,79.0,112.0,224.0,0,0.27656000000000014,1.03665,-0.13999999999999996,-0.009000000000000119,-0.7024903333333331,-0.5842133999999999,-0.47311839999999994,-1.1035253059173282,-0.4491236666666666,-0.43219340000000006,-0.3210985000000002,-1.0791631888485602,0.050000000000000044,-0.008000000000000007,0.0029999999999998916,-0.02639595719142629,-0.0029999999999998916,-0.005599999999999938,0.018400000000000083,-0.0369739933348302
20240211_Lorient_Reims,2024-02-11 14:00:00,2023,Lorient,Reims,2,0,2.29027,2.29027,0.39,0.7959999999999999,1.0,0.0,43.0,1.0429746666666668,0.9513580000000001,0.9901354999999998,1.368237019938646,1.0429746666666668,0.9513580000000001,0.9901354999999998,1.3682370199386447,0.4566666666666667,0.45999999999999996,0.483,0.5324101777120361,0.8046666666666665,0.8,0.8115,0.8246327596893567,5.0,6.0,11.0,7.0,13.0,22.0,9.0,14.0,30.0,0.0,0.0,0.0,87.0,112.0,217.0,0,2,1.17008,1.17008,0.61,0.826,1.0,0.0,8.0,1.7179533333333337,1.4910398,1.6056519000000002,1.8855227568650785,1.7179533333333337,1.4910398,1.6056519000000002,1.8855227543736184,0.5199999999999999,0.55,0.525,0.5950876007064405,0.7943333333333333,0.807,0.8006,0.8144564793476513,5.0,6.0,11.0,4.0,6.0,15.0,7.0,9.0,18.0,0.0,0.0,0.0,56.0,89.0,183.0,1,1.12019,1.12019,-0.21999999999999997,-0.030000000000000027,-0.6749786666666668,-0.5396817999999999,-0.6155164000000004,-0.5172857369264325,-0.6749786666666668,-0.5396817999999999,-0.6155164000000004,-0.5172857344349737,-0.06333333333333319,-0.09000000000000008,-0.04200000000000004,-0.06267742299440437,0.010333333333333194,-0.007000000000000006,0.01090000000000002,0.010176280341705368
20240224_Lorient_Nantes,2024-02-24 16:00:00,2023,Lorient,Nantes,0,1,0.620869,0.620869,0.64,0.857,0.0,0.0,14.0,1.933316666666667,1.5112968,1.3222334,2.1310046807975462,1.933316666666667,1.5112968,1.3222334,2.131004680797546,0.44333333333333336,0.42800000000000005,0.472,0.38769640710848147,0.8039999999999999,0.799,0.8089999999999999,0.7883453103875744,7.0,10.0,16.0,2.0,8.0,22.0,3.0,11.0,27.0,0.0,0.0,0.0,135.0,182.0,266.0,1,0,0.331772,0.331772,0.36,0.7709999999999999,2.0,0.0,29.0,1.1153896666666665,1.2789698,1.1554801000000001,1.822765641022714,1.1153896666666667,1.1269510000000005,1.0794707000000001,1.8179010394186956,0.30333333333333334,0.386,0.43899999999999995,0.24309254832471067,0.703,0.738,0.7757000000000001,0.690738707494145,2.0,3.0,5.0,4.0,6.0,11.0,4.0,7.0,17.0,0.0,1.0,1.0,79.0,118.0,197.0,-1,0.289097,0.289097,0.28,0.08600000000000008,0.8179270000000005,0.23232699999999995,0.16675329999999988,0.30823903977483225,0.8179270000000003,0.3843457999999995,0.2427626999999999,0.31310364137885016,0.14,0.04200000000000004,0.03300000000000003,0.1446038587837708,0.10099999999999998,0.061000000000000054,0.033299999999999885,0.09760660289342937
20240309_Lorient_Lyon,2024-03-09 16:00:00,2023,Lorient,Lyon,0,2,0.279234,0.279234,0.48,0.846,0.0,0.0,24.0,1.567939666666667,1.6732958,1.3768969,1.741107227231902,1.567939666666667,1.6732958,1.3768969,1.741107227231902,0.48666666666666664,0.48200000000000004,0.465,0.4699078562843393,0.8213333333333335,0.8181999999999998,0.8074,0.826253812415503,5.0,9.0,15.0,3.0,4.0,20.0,3.0,5.0,23.0,0.0,0.0,0.0,94.0,177.0,268.0,2,0,2.37921,2.37921,0.52,0.861,0.0,0.0,12.0,1.3967990000000008,1.4819514000000003,1.5237233,1.94359726644702,1.3967990000000006,1.4819514000000003,1.5237233,1.9435972664430285,0.5266666666666665,0.49800000000000005,0.49800000000000005,0.4950076892067792,0.8023333333333333,0.8019999999999999,0.8070999999999999,0.8129850868693633,3.0,6.0,14.0,4.0,5.0,11.0,2.0,6.0,13.0,1.0,1.0,4.0,63.0,103.0,189.0,-1,-2.099976,-2.099976,-0.040000000000000036,-0.015000000000000013,0.17114066666666616,0.19134439999999975,-0.1468263999999999,-0.2024900392151181,0.17114066666666639,0.19134439999999975,-0.1468263999999999,-0.20249003921112663,-0.03999999999999987,-0.016000000000000014,-0.03300000000000003,-0.02509983292243989,0.019000000000000128,0.01619999999999988,0.000300000000000078,0.01326872554613967
20240331_Lorient_Brest,2024-03-31 12:00:00,2023,Lorient,Brest,0,1,1.41137,1.41137,0.55,0.802,1.0,0.0,22.0,0.9925880000000001,1.1471846,1.1611772999999999,0.7166177290892761,0.9925880000000001,1.1471846,1.1611772999999999,0.7166177290892761,0.47000000000000003,0.48599999999999993,0.45999999999999996,0.48759631425137356,0.8143333333333334,0.817,0.8096,0.7884101524966202,4.0,7.0,14.0,5.0,7.0,18.0,3.0,4.0,16.0,1.0,1.0,1.0,85.0,151.0,295.0,1,0,0.429902,0.429902,0.45,0.782,3.0,1.0,29.0,1.0663023333333335,1.3508474,1.5998963,1.2797524036955035,1.0663023333333335,1.1988288,1.5238869999999998,1.274887807997369,0.5633333333333335,0.526,0.54,0.5240373128332878,0.8140000000000001,0.798,0.8055999999999999,0.8181800366943105,2.0,6.0,15.0,2.0,2.0,5.0,9.0,12.0,24.0,0.0,1.0,2.0,50.0,100.0,187.0,-1,0.981468,0.981468,0.10000000000000003,0.020000000000000018,-0.07371433333333333,-0.2036627999999998,-0.4387190000000001,-0.5631346746062273,-0.07371433333333333,-0.05164419999999992,-0.3627096999999999,-0.5582700789080928,-0.09333333333333343,-0.04000000000000009,-0.08000000000000007,-0.03644099858191424,0.0003333333333332966,0.018999999999999906,0.004000000000000115,-0.029769884197690333
20240424_Lorient_Paris Saint Germain,2024-04-24 17:00:00,2023,Lorient,Paris Saint Germain,1,4,1.03633,1.03633,0.41,0.81,1.0,0.0,8.0,1.2404523333333335,0.9506922000000001,1.311994,0.7799615818327141,1.2404523333333335,0.9506922000000001,1.311994,0.7799615818327141,0.5300000000000001,0.512,0.49700000000000005,0.501500770514011,0.8353333333333334,0.8253999999999999,0.8218,0.8537312812199729,0.0,2.0,11.0,6.0,10.0,14.0,9.0,10.0,15.0,0.0,1.0,1.0,61.0,118.0,295.0,4,1,1.97814,1.97814,,,,,,2.468266666666666,2.236586,2.09736,2.9574481587051755,2.4682666666666666,2.236586,1.8693309,2.9574011464142087,,,,,,,,,7.0,15.0,23.0,2.0,6.0,9.0,,,,,,,,,,-1,-0.94181,-0.94181,,,-1.2278143333333327,-1.2858937999999998,-0.785366,-2.1774865768724614,-1.2278143333333331,-1.2858937999999998,-0.5573368999999999,-2.1774395645814946,,,,,,,,
20240428_Lorient_Toulouse,2024-04-28 13:00:00,2023,Lorient,Toulouse,1,2,1.3574,1.3574,0.5,0.809,1.0,0.0,9.0,1.115439,1.1021114,1.278388,0.9850563163665428,1.115439,1.1021114,1.278388,0.9850563163665428,0.4833333333333334,0.49800000000000005,0.48200000000000004,0.4283001541028022,0.8380000000000001,0.8182,0.8197000000000001,0.8187462562439947,1.0,3.0,10.0,9.0,12.0,17.0,9.0,11.0,15.0,0.0,1.0,1.0,47.0,102.0,263.0,2,1,2.23471,2.23471,0.5,0.8270000000000001,3.0,0.0,24.0,0.7545603333333334,1.3252402,1.2768592,0.6931192758445248,0.7545603333333335,1.0212021999999998,1.0488302,0.6872739111895061,0.4633333333333333,0.46799999999999997,0.4699999999999999,0.4590374269245736,0.8036666666666666,0.8078,0.7834,0.7989365279248547,4.0,9.0,17.0,3.0,6.0,12.0,6.0,9.0,19.0,0.0,0.0,0.0,55.0,100.0,184.0,-1,-0.8773100000000003,-0.8773100000000003,0.0,-0.018000000000000016,0.3608786666666667,-0.22312880000000002,0.0015287999999999968,0.29193704052201797,0.36087866666666657,0.08090920000000024,0.22955780000000003,0.2977824051770367,0.020000000000000073,0.030000000000000082,0.012000000000000122,-0.03073727282177141,0.03433333333333344,0.010400000000000076,0.03630000000000011,0.019809728319139963
20240519_Lorient_Clermont Foot,2024-05-19 19:00:00,2023,Lorient,Clermont Foot,5,0,4.92005,4.15996,0.46,0.738,3.0,0.0,15.0,0.9677686666666668,0.9002606,1.0638757,0.9937662105309324,0.9677686666666668,0.9002606,1.0638757,0.9937662105309324,0.45,0.45,0.476,0.4242264012328224,0.7816666666666667,0.8026,0.8104000000000001,0.772277970049952,2.0,3.0,7.0,7.0,14.0,22.0,7.0,10.0,20.0,0.0,0.0,1.0,68.0,97.0,222.0,0,5,0.737223,0.737223,0.54,0.8,3.0,0.0,50.0,1.5866466666666668,1.3492558,1.0465833999999998,1.19167366584627,1.0799166666666669,0.8931990000000001,0.7425459,1.142046819927038,0.4666666666666668,0.48599999999999993,0.4750000000000001,0.49693495186530257,0.7923333333333332,0.7968,0.7887000000000001,0.8126507601358239,5.0,6.0,10.0,6.0,8.0,19.0,2.0,7.0,18.0,0.0,0.0,1.0,47.0,85.0,213.0,1,4.182827,3.4227369999999997,-0.08000000000000002,-0.062000000000000055,-0.6188779999999999,-0.4489951999999999,0.01729230000000026,-0.1979074553153377,-0.11214800000000003,0.00706159999999989,0.3213298000000001,-0.14828060939610554,-0.016666666666666774,-0.03599999999999992,0.0009999999999998899,-0.07270855063248016,-0.010666666666666491,0.005800000000000027,0.021700000000000053,-0.04037279008587191
20220805_Lyon_Ajaccio,2022-08-05 19:00:00,2022,Lyon,Ajaccio,2,1,1.85675,1.09665,0.67,0.8690000000000001,1.0,1.0,11.0,2.9373866666666673,2.1196742,1.9516465,1.6728870292638773,2.6840200000000003,1.9676541999999997,1.7996275000000002,1.6483692437332076,0.57,0.5379999999999999,0.5439999999999999,0.5541618476114786,0.8390000000000001,0.8183999999999999,0.817,0.8220956785082194,11.0,16.0,25.0,6.0,11.0,18.0,3.0,7.0,14.0,0.0,3.0,4.0,20.0,36.0,101.0,1,2,1.13852,0.378421,0.33,0.72,6.0,1.0,8.0,,,,,,,,,,,,,,,,,,,,,,,,,,,,,,,,1,0.7182299999999999,0.7182289999999999,0.34,0.14900000000000013,,,,,,,,,,,,,,,,
20220819_Lyon_Troyes,2022-08-19 19:00:00,2022,Lyon,Troyes,4,1,3.54595,3.54595,0.66,0.88,0.0,0.0,11.0,2.0087500000000005,2.3019204,1.9838455,1.8199774058527756,1.7553833333333337,1.9978804000000001,1.7558165,1.2069938487466414,0.5966666666666667,0.58,0.543,0.6468323695222957,0.8393333333333334,0.8356,0.8224,0.859619135701644,9.0,16.0,26.0,6.0,9.0,18.0,2.0,8.0,14.0,1.0,4.0,5.0,27.0,38.0,105.0,1,4,0.948279,0.188184,0.34,0.802,1.0,0.0,19.0,1.384071,1.384071,1.384071,1.1088696,1.004021,1.004021,1.004021,0.9568496,0.395,0.395,0.395,0.356,0.78,0.78,0.78,0.7554000000000001,2.0,2.0,2.0,6.0,6.0,6.0,2.0,2.0,2.0,0.0,0.0,0.0,32.0,32.0,32.0,1,2.597671,3.357766,0.32,0.07799999999999996,0.6246790000000004,0.9178494000000001,0.5997744999999999,0.7111078058527756,0.7513623333333337,0.9938594000000001,0.7517954999999998,0.25014424874664143,0.20166666666666666,0.18499999999999994,0.14800000000000002,0.29083236952229574,0.05933333333333335,0.05559999999999998,0.04239999999999999,0.10421913570164398
20220831_Lyon_Auxerre,2022-08-31 17:00:00,2022,Lyon,Auxerre,2,1,3.33913,3.33913,0.62,0.845,0.0,0.0,8.0,2.2577466666666672,2.188548,2.2033811,1.736583096234111,2.0043800000000007,2.0365279999999997,1.9753520999999998,1.7120637539498655,0.6900000000000001,0.638,0.58,0.7234732947808917,0.8633333333333333,0.8478,0.8266,0.8479847654280658,7.0,14.0,28.0,3.0,8.0,15.0,2.0,3.0,10.0,1.0,1.0,4.0,28.0,44.0,101.0,1,2,0.411365,0.411365,0.38,0.7559999999999999,2.0,0.0,29.0,0.9868763333333334,0.93263875,0.93263875,0.857703888,0.7335116666666668,0.7426152500000001,0.7426152500000001,0.7360888480000001,0.39333333333333337,0.39749999999999996,0.39749999999999996,0.40968,0.7773333333333333,0.78925,0.78925,0.7822800000000001,5.0,6.0,6.0,3.0,7.0,7.0,8.0,9.0,9.0,3.0,3.0,3.0,88.0,107.0,107.0,1,2.927765,2.927765,0.24,0.08900000000000008,1.2708703333333338,1.25590925,1.2707423500000001,0.8788792082341109,1.270868333333334,1.2939127499999996,1.2327368499999998,0.9759749059498655,0.2966666666666667,0.24050000000000005,0.1825,0.31379329478089174,0.08599999999999997,0.05854999999999999,0.037349999999999994,0.06570476542806569
20220903_Lyon_Angers,2022-09-03 17:00:00,2022,Lyon,Angers,5,0,1.40939,1.40939,0.64,0.835,2.0,0.0,8.0,2.7518733333333336,2.288092,2.2523521,3.018620619246822,2.7518733333333336,2.136072,2.0243231,3.013716750789973,0.6733333333333333,0.648,0.589,0.6406946589561783,0.8553333333333333,0.8508000000000001,0.8293000000000001,0.8455969530856131,7.0,11.0,27.0,3.0,7.0,16.0,1.0,3.0,10.0,0.0,1.0,4.0,25.0,44.0,96.0,0,5,0.685045,0.685045,0.36,0.764,1.0,0.0,24.0,1.16273,1.4119040000000003,1.204363,1.3545496529343737,0.9093653333333332,1.2598852,1.1283536,0.746474452910304,0.5266666666666665,0.534,0.507,0.558242929348532,0.8300000000000001,0.8124,0.8164,0.8054239748943265,4.0,6.0,12.0,10.0,12.0,20.0,6.0,12.0,19.0,2.0,2.0,3.0,36.0,65.0,114.0,1,0.7243449999999999,0.7243449999999999,0.28,0.07099999999999995,1.5891433333333336,0.8761879999999995,1.0479891,1.6640709663124484,1.8425080000000005,0.8761867999999999,0.8959695000000001,2.267242297879669,0.14666666666666683,0.11399999999999999,0.08199999999999996,0.08245172960764624,0.025333333333333208,0.0384000000000001,0.012900000000000134,0.040172978191286624
20220918_Lyon_Paris Saint Germain,2022-09-18 18:45:00,2022,Lyon,Paris Saint Germain,0,1,0.892759,0.892759,0.35,0.846,0.0,0.0,14.0,1.9962766666666667,2.1397000000000004,2.491336,2.2619406449539743,1.996276666666667,2.1397000000000004,2.339316,2.26190141400632,0.6366666666666666,0.6540000000000001,0.631,0.6192055572716494,0.832,0.8364,0.8448,0.811244775624685,7.0,10.0,27.0,5.0,7.0,15.0,7.0,8.0,12.0,0.0,0.0,1.0,26.0,40.0,82.0,1,0,1.52633,1.52633,,,,,,3.1490566666666666,3.3066299999999997,3.2289229999999995,2.3199760900843707,3.1490566666666666,3.154612,2.7728679,2.31471267918317,,,,,,,,,7.0,15.0,32.0,0.0,2.0,5.0,,,,,,,,,,-1,-0.633571,-0.633571,,,-1.15278,-1.1669299999999994,-0.7375869999999995,-0.05803544513039638,-1.1527799999999997,-1.0149119999999998,-0.4335518999999999,-0.052811265176849975,,,,,,,,
20221007_Lyon_Toulouse,2022-10-07 19:00:00,2022,Lyon,Toulouse,1,1,1.74178,1.74178,0.58,0.8190000000000001,2.0,0.0,16.0,1.0850645333333335,1.39256072,1.84032636,0.29829074579815895,1.0850645333333337,1.39256072,1.76431636,0.2982891765602527,0.48,0.5479999999999999,0.5980000000000001,0.46476822229086595,0.8103333333333333,0.8254000000000001,0.8381000000000001,0.7958097910249875,1.0,7.0,18.0,4.0,7.0,14.0,4.0,9.0,12.0,0.0,0.0,1.0,47.0,63.0,107.0,1,1,0.582894,0.582894,0.42,0.741,2.0,0.0,24.0,1.639980666666667,1.3901914000000002,1.5437505555555555,1.7603240196352,1.639980666666667,1.3901914000000002,1.5437505555555555,1.7603240196352,0.48333333333333334,0.49799999999999994,0.5155555555555555,0.4519130624,0.7613333333333334,0.7892,0.7973333333333333,0.77447064576,6.0,6.0,13.0,4.0,9.0,15.0,7.0,9.0,16.0,1.0,1.0,1.0,75.0,107.0,164.0,0,1.158886,1.158886,0.15999999999999998,0.07800000000000007,-0.5549161333333335,0.002369319999999897,0.2965758044444444,-1.462033273837041,-0.5549161333333332,0.002369319999999897,0.2205658044444445,-1.4620348430749472,-0.003333333333333355,0.04999999999999999,0.08244444444444454,0.012855159890865941,0.04899999999999993,0.03620000000000012,0.04076666666666673,0.02133914526498748
20221030_Lyon_Lille,2022-10-30 19:45:00,2022,Lyon,Lille,1,0,1.19346,1.19346,0.45,0.7829999999999999,3.0,0.0,21.0,2.022586666666667,1.4083467200000002,1.77402336,2.5326416859663854,2.022586666666667,1.4083467200000002,1.77402336,2.532641673412482,0.6,0.526,0.59,0.6142781457783268,0.8273333333333334,0.8226000000000001,0.8295,0.8356144783282,5.0,5.0,15.0,5.0,7.0,14.0,6.0,8.0,16.0,1.0,1.0,1.0,42.0,79.0,119.0,0,1,1.62118,1.62118,0.55,0.8220000000000001,1.0,0.0,14.0,2.4882466666666665,2.092824,1.6766590999999997,2.5018006503368095,1.9815166666666668,1.7887859999999995,1.4486311,2.355861491082167,0.5366666666666666,0.538,0.5589999999999999,0.5823745213199292,0.8099999999999999,0.7974,0.8192999999999999,0.8182101422593531,8.0,11.0,20.0,3.0,6.0,19.0,5.0,10.0,20.0,0.0,0.0,0.0,65.0,96.0,173.0,1,-0.4277200000000001,-0.4277200000000001,-0.10000000000000003,-0.039000000000000146,-0.4656599999999993,-0.6844772799999996,0.0973642600000002,0.030841035629575853,0.041070000000000384,-0.3804392799999994,0.3253922599999999,0.17678018233031523,0.06333333333333335,-0.01200000000000001,0.031000000000000028,0.03190362445839767,0.017333333333333423,0.02520000000000011,0.010200000000000098,0.01740433606884695
20221111_Lyon_Nice,2022-11-11 20:00:00,2022,Lyon,Nice,1,1,1.15632,0.396228,0.63,0.855,1.0,0.0,5.0,1.5368393333333337,1.5786676,1.4856141600000001,0.7979536674386554,1.536839333333334,1.5786676,1.48561416,0.7979536669364992,0.5333333333333333,0.556,0.5519999999999999,0.5205711258311331,0.8046666666666665,0.8114000000000001,0.8184000000000001,0.792304579133128,3.0,6.0,13.0,2.0,6.0,13.0,6.0,10.0,19.0,1.0,1.0,1.0,49.0,75.0,138.0,1,1,1.71081,0.950713,0.37,0.787,0.0,0.0,21.0,1.4511543333333334,1.7444186,1.4098391,1.0598849938689165,1.1977883333333335,1.440379,1.10580066,1.0345883047098734,0.5933333333333334,0.5880000000000001,0.532,0.5631633835063972,0.864,0.8552,0.836,0.8659703709631807,4.0,8.0,12.0,2.0,5.0,10.0,5.0,6.0,18.0,0.0,0.0,1.0,50.0,81.0,171.0,0,-0.5544899999999999,-0.554485,0.26,0.06799999999999995,0.08568500000000023,-0.16575099999999998,0.07577506000000023,-0.2619313264302612,0.33905100000000044,0.13828859999999987,0.3798134999999998,-0.23663463777337423,-0.06000000000000005,-0.03200000000000003,0.019999999999999907,-0.04259225767526409,-0.05933333333333346,-0.04379999999999984,-0.017599999999999838,-0.07366579183005273
20230101_Lyon_Clermont Foot,2023-01-01 16:00:00,2022,Lyon,Clermont Foot,0,1,0.736196,0.736196,0.6,0.852,1.0,0.0,14.0,1.6578160000000004,1.7903696,1.5489861600000001,2.7649373466975464,1.1510853333333337,1.4863312,1.3969669599999999,2.03524262667746,0.5766666666666667,0.5599999999999999,0.542,0.5776228450332452,0.828,0.8211999999999999,0.818,0.8380921831653252,5.0,8.0,12.0,4.0,5.0,13.0,4.0,9.0,17.0,0.0,1.0,1.0,37.0,74.0,147.0,1,0,1.2056,0.445502,0.4,0.7509999999999999,3.0,0.0,10.0,1.536145,1.2050732,1.3453132,0.5734861384589001,1.029415,0.9010352000000001,1.1932942,0.5248400583592727,0.45333333333333337,0.48599999999999993,0.5189999999999999,0.4275509492875264,0.7273333333333335,0.7548,0.7763,0.7407667108590387,2.0,4.0,11.0,5.0,9.0,15.0,8.0,14.0,23.0,1.0,1.0,1.0,40.0,77.0,159.0,-1,-0.46940400000000004,0.29069399999999995,0.19999999999999996,0.10100000000000009,0.1216710000000003,0.5852964,0.20367296000000001,2.1914512082386466,0.12167033333333377,0.5852959999999998,0.2036727599999999,1.5104025683181872,0.1233333333333333,0.07400000000000001,0.02300000000000013,0.15007189574571883,0.10066666666666646,0.0663999999999999,0.04169999999999996,0.09732547230628652
20230114_Lyon_Strasbourg,2023-01-14 20:00:00,2022,Lyon,Strasbourg,1,2,2.46849,1.70839,0.72,0.8390000000000001,1.0,0.0,4.0,1.5458490000000005,1.2851970000000001,1.3768419600000001,0.8014616538679018,1.2924823333333337,0.9811586,1.22482276,0.7722738650670984,0.59,0.586,0.5660000000000001,0.5991049138013298,0.8483333333333333,0.8384,0.8241999999999999,0.854643687326613,4.0,5.0,11.0,3.0,5.0,11.0,6.0,8.0,19.0,0.0,0.0,1.0,60.0,77.0,163.0,2,1,1.15481,1.15481,0.28,0.6970000000000001,3.0,0.0,42.0,1.147783333333334,1.1924636,1.2885673,1.1576057026372901,1.1477833333333336,1.1924636000000002,1.1214027999999998,1.157558717299344,0.4000000000000002,0.46399999999999997,0.46399999999999997,0.3835995428656497,0.7909999999999999,0.7912,0.7844,0.787511931225734,5.0,8.0,16.0,7.0,12.0,24.0,3.0,11.0,16.0,0.0,0.0,1.0,64.0,84.0,160.0,-1,1.3136800000000002,0.5535800000000002,0.43999999999999995,0.14200000000000002,0.39806566666666643,0.09273340000000019,0.08827466000000017,-0.3561440487693883,0.14469900000000013,-0.2113050000000002,0.10341996000000009,-0.3852848522322456,0.18999999999999978,0.122,0.10200000000000009,0.21550537093568012,0.05733333333333335,0.04720000000000002,0.03979999999999995,0.06713175610087896
20230201_Lyon_Brest,2023-02-01 20:00:00,2022,Lyon,Brest,0,0,2.29877,2.29877,0.75,0.873,0.0,0.0,8.0,1.7373736666666668,1.8266654,1.6441205,2.048848866154716,1.4840070000000003,1.5226254000000001,1.4160913000000002,1.9260653546026838,0.6033333333333333,0.5959999999999999,0.581,0.5311641965520532,0.807,0.8219999999999998,0.8202999999999999,0.7492257474930645,3.0,7.0,13.0,2.0,5.0,11.0,7.0,10.0,19.0,0.0,0.0,1.0,45.0,79.0,143.0,0,0,0.508973,0.508973,0.25,0.698,0.0,0.0,32.0,0.980832,1.0123456000000002,1.3231135,1.443905127158019,0.9808319999999998,1.0123456000000002,1.0950853,1.4435144008435286,0.35333333333333344,0.396,0.43099999999999994,0.39873340881472186,0.7133333333333334,0.727,0.7516,0.7566418466537388,5.0,7.0,13.0,1.0,6.0,13.0,2.0,8.0,16.0,0.0,0.0,0.0,57.0,89.0,178.0,0,1.789797,1.789797,0.5,0.17500000000000004,0.7565416666666668,0.8143197999999998,0.32100700000000004,0.604943738996697,0.5031750000000005,0.5102798,0.3210060000000001,0.48255095375915524,0.24999999999999983,0.19999999999999984,0.15000000000000002,0.1324307877373313,0.09366666666666668,0.09499999999999986,0.06869999999999987,-0.0074160991606743165
20230212_Lyon_Lens,2023-02-12 19:45:00,2022,Lyon,Lens,2,1,1.52893,1.52893,0.41,0.7809999999999999,1.0,0.0,27.0,1.8777233333333336,1.7636002000000002,1.5721105,1.4954451546461884,1.8777233333333339,1.6115802,1.3440813,1.4905338141841071,0.6066666666666666,0.6279999999999999,0.592,0.6052465678620821,0.8106666666666666,0.8253999999999999,0.8245999999999999,0.8360490298997225,5.0,6.0,12.0,1.0,3.0,8.0,4.0,8.0,16.0,0.0,0.0,0.0,28.0,58.0,130.0,1,2,1.30823,1.30823,0.59,0.809,1.0,0.0,9.0,1.6986486666666665,1.6582111999999998,1.7517396,1.9664845163448839,1.6986486666666665,1.5061921999999999,1.5997201,1.961619594019056,0.6466666666666668,0.652,0.595,0.6446228232060114,0.8353333333333334,0.8474,0.8404,0.8414011871110836,2.0,5.0,15.0,3.0,5.0,8.0,3.0,6.0,16.0,0.0,0.0,0.0,40.0,63.0,125.0,1,0.2206999999999999,0.2206999999999999,-0.18,-0.028000000000000136,0.17907466666666716,0.1053890000000004,-0.1796291000000001,-0.4710393616986954,0.17907466666666738,0.10538800000000004,-0.25563880000000005,-0.4710857798349488,-0.04000000000000026,-0.024000000000000132,-0.0030000000000000027,-0.0393762553439293,-0.024666666666666726,-0.02200000000000013,-0.015800000000000147,-0.005352157211361064
20230305_Lyon_Lorient,2023-03-05 16:05:00,2022,Lyon,Lorient,0,0,2.54074,2.54074,0.53,0.857,1.0,0.0,14.0,1.3553530000000003,1.5343878,1.6805265999999999,1.6304651612371694,1.3553530000000003,1.5343878,1.5285066,1.6304258705134729,0.5433333333333333,0.5919999999999999,0.594,0.5779619725428966,0.824,0.8356,0.8288,0.8494403922391978,6.0,9.0,16.0,4.0,5.0,10.0,3.0,4.0,14.0,0.0,0.0,0.0,56.0,69.0,148.0,0,0,0.887853,0.887853,0.47,0.861,0.0,0.0,25.0,1.705466666666667,1.3021426,1.0971220000000002,1.2873807816414586,1.4521033333333333,1.1501246,1.0211130000000002,1.1657663816414583,0.5666666666666667,0.536,0.481,0.6013481898146831,0.8380000000000001,0.8300000000000001,0.805,0.8277356124411724,3.0,5.0,12.0,2.0,6.0,15.0,2.0,4.0,9.0,0.0,0.0,0.0,41.0,78.0,193.0,0,1.652887,1.652887,0.06000000000000005,-0.0040000000000000036,-0.35011366666666666,0.23224519999999993,0.5834045999999997,0.3430843795957108,-0.09675033333333305,0.3842631999999999,0.5073935999999999,0.4646594888720146,-0.023333333333333317,0.05599999999999983,0.11299999999999999,-0.02338621727178647,-0.014000000000000123,0.005599999999999938,0.023799999999999932,0.02170477979802532
20230317_Lyon_Nantes,2023-03-17 20:00:00,2022,Lyon,Nantes,1,1,1.62188,1.62188,0.66,0.873,0.0,0.0,14.0,1.8057733333333337,1.5330397999999998,1.64832,1.3184570064494867,1.805773333333334,1.5330397999999998,1.57231,1.3184554348205388,0.5166666666666667,0.522,0.575,0.4679184789017159,0.8246666666666668,0.8182,0.8218,0.7806976156895679,6.0,9.0,15.0,4.0,7.0,10.0,5.0,8.0,16.0,0.0,0.0,0.0,41.0,86.0,144.0,1,1,1.06263,1.06263,0.34,0.77,1.0,0.0,24.0,1.4714516666666666,1.2585156000000002,1.153047,1.5206557116842756,1.218086666666667,1.1064966,1.0010275,0.9123851260763056,0.4466666666666667,0.45199999999999996,0.458,0.4342716099518832,0.8163333333333335,0.8086,0.7822,0.8539285101607368,4.0,6.0,11.0,7.0,10.0,12.0,5.0,5.0,15.0,0.0,0.0,0.0,49.0,83.0,192.0,0,0.55925,0.55925,0.32,0.10299999999999998,0.33432166666666707,0.27452419999999966,0.4952730000000001,-0.2021987052347889,0.5876866666666669,0.4265431999999998,0.5712825000000001,0.4060703087442332,0.07,0.07000000000000006,0.11699999999999994,0.03364686894983271,0.008333333333333304,0.009600000000000053,0.03959999999999997,-0.07323089447116893
20230409_Lyon_Rennes,2023-04-09 11:00:00,2022,Lyon,Rennes,3,1,1.23785,1.23785,0.59,0.813,2.0,0.0,12.0,1.6095966666666672,1.8375419999999998,1.7068759,2.0310470802579794,1.3268500000000005,1.667894,1.6220519,1.3524550173928214,0.49666666666666665,0.518,0.5469999999999999,0.42831673915606866,0.8143333333333332,0.8309999999999998,0.8203999999999999,0.8173079046275826,5.0,8.0,16.0,4.0,5.0,9.0,7.0,8.0,15.0,0.0,0.0,0.0,57.0,82.0,155.0,1,3,1.06365,1.06365,0.41,0.82,2.0,0.0,24.0,1.267142333333333,1.1645416000000002,1.4077347999999998,1.3026270046197908,1.267142333333333,1.1645416000000002,1.4077348,1.3026270045990682,0.5433333333333333,0.524,0.554,0.5377145735563795,0.8503333333333334,0.8154,0.8228,0.8448113353145209,2.0,3.0,11.0,1.0,2.0,10.0,5.0,8.0,11.0,0.0,0.0,0.0,44.0,79.0,146.0,1,0.1741999999999999,0.1741999999999999,0.18,-0.007000000000000006,0.3424543333333343,0.6730003999999996,0.29914110000000016,0.7284200756381887,0.0597076666666676,0.5033523999999998,0.21431709999999993,0.04982801279375315,-0.04666666666666669,-0.006000000000000005,-0.007000000000000117,-0.10939783440031087,-0.03600000000000014,0.015599999999999836,-0.0024000000000000687,-0.02750343068693828
20230423_Lyon_Marseille,2023-04-23 18:45:00,2022,Lyon,Marseille,1,2,1.45711,1.45711,0.59,0.809,2.0,0.0,14.0,2.124786666666667,1.8109279999999999,1.6968549,2.6696978832103193,1.5886733333333336,1.48926,1.5360209,2.034474200695713,0.5133333333333333,0.53,0.5389999999999999,0.5675326695662427,0.827,0.8231999999999999,0.8278000000000001,0.8507723161851033,6.0,10.0,19.0,2.0,6.0,11.0,9.0,13.0,18.0,0.0,0.0,0.0,57.0,87.0,162.0,2,1,2.21507,2.21507,0.41,0.743,1.0,0.0,25.0,1.9892556666666668,1.8079014,1.8720196999999998,3.183463564572192,1.7358889999999996,1.5038623999999998,1.6439911999999999,3.158165886287945,0.6633333333333332,0.57,0.551,0.689314127527276,0.8366666666666666,0.7892,0.7956000000000001,0.8584011013334153,4.0,8.0,15.0,2.0,5.0,13.0,4.0,7.0,13.0,0.0,1.0,1.0,31.0,90.0,151.0,-1,-0.75796,-0.75796,0.18,0.06600000000000006,0.1355310000000003,0.0030265999999998794,-0.1751647999999999,-0.5137656813618725,-0.14721566666666597,-0.014602399999999793,-0.10797029999999985,-1.1236916855922323,-0.1499999999999999,-0.039999999999999925,-0.012000000000000122,-0.12178145796103335,-0.009666666666666601,0.03399999999999992,0.032200000000000006,-0.007628785148312001
20230507_Lyon_Montpellier,2023-05-07 15:05:00,2022,Lyon,Montpellier,5,4,3.69552,2.93543,0.69,0.865,0.0,0.0,15.0,1.7783050000000005,1.744255,1.6479423999999998,1.0517695153284128,1.5249383333333337,1.422587,1.4871083999999999,1.0263605680278285,0.5799999999999998,0.5325,0.5544444444444444,0.5855065339132485,0.8345000000000001,0.8225,0.8303333333333334,0.8173544632370208,5.0,9.0,17.0,4.0,5.0,12.0,6.0,11.0,18.0,0.0,0.0,0.0,32.0,71.0,144.0,4,5,2.30837,1.54827,0.31,0.74,3.0,0.0,21.0,1.1246163333333337,1.2033546,1.5456284,1.8381283863050484,1.1246163333333339,1.2033546000000002,1.4696194000000002,1.8381205407120393,0.3600000000000001,0.382,0.44699999999999995,0.42369077591087856,0.7309999999999999,0.7288,0.7552,0.7524945872119376,6.0,8.0,18.0,2.0,5.0,7.0,7.0,9.0,16.0,1.0,1.0,3.0,69.0,102.0,197.0,1,1.38715,1.3871600000000002,0.37999999999999995,0.125,0.6536886666666668,0.5409004000000002,0.1023139999999998,-0.7863588709766356,0.40032199999999984,0.21923239999999988,0.017488999999999644,-0.8117599726842109,0.21999999999999975,0.15049999999999997,0.10744444444444445,0.1618157580023699,0.10350000000000026,0.0937,0.07513333333333339,0.06485987602508314
20230519_Lyon_Monaco,2023-05-19 19:00:00,2022,Lyon,Monaco,3,1,2.40929,2.40929,0.62,0.87,0.0,0.0,27.0,2.1634050000000005,2.1870649999999996,1.9542705000000002,2.1572659806131367,1.6566783333333337,1.7310090000000002,1.6414185,1.4265632227211134,0.6549999999999999,0.6174999999999999,0.5644444444444444,0.633004824132507,0.8535,0.844,0.8321111111111112,0.8461462329832098,8.0,11.0,19.0,7.0,10.0,15.0,3.0,9.0,19.0,0.0,0.0,0.0,27.0,59.0,142.0,1,3,1.46568,0.705589,0.38,0.753,3.0,0.0,15.0,1.209081,1.5665426,1.6156033,0.8628602173689126,1.2090810000000003,1.5665426,1.6156033,0.8628602173648889,0.4566666666666667,0.44400000000000006,0.491,0.4207970087272041,0.759,0.7582000000000001,0.7562,0.7103730698097477,2.0,5.0,15.0,5.0,9.0,17.0,4.0,6.0,13.0,0.0,0.0,1.0,42.0,71.0,134.0,1,0.9436099999999998,1.703701,0.24,0.11699999999999999,0.9543240000000004,0.6205223999999996,0.33866720000000017,1.294405763244224,0.4475973333333334,0.16446640000000023,0.025815199999999816,0.5637030053562244,0.1983333333333332,0.17349999999999988,0.07344444444444442,0.21220781540530292,0.09450000000000003,0.08579999999999988,0.07591111111111126,0.1357731631734621
20230527_Lyon_Reims,2023-05-27 19:00:00,2022,Lyon,Reims,3,0,3.22012,3.22012,0.54,0.846,1.0,0.0,6.0,2.6699000000000006,2.071323,1.9411254999999996,2.3588851961226274,2.1631733333333334,1.767287,1.6282735,2.2127446445442227,0.6433333333333332,0.63,0.5744444444444444,0.6226009648265014,0.859,0.8465,0.8335555555555555,0.865229246596642,9.0,12.0,22.0,7.0,10.0,16.0,3.0,5.0,18.0,0.0,0.0,0.0,54.0,68.0,155.0,0,3,0.505996,0.505996,0.46,0.81,1.0,1.0,16.0,1.875186666666667,1.4481306,1.6591478000000002,1.7547013634486333,1.6218200000000003,1.2961106,1.5071348,1.6330464470541268,0.5133333333333333,0.588,0.562,0.569225794242146,0.7926666666666667,0.8028000000000001,0.786,0.8175495036905125,4.0,4.0,10.0,4.0,7.0,13.0,5.0,9.0,17.0,0.0,0.0,0.0,33.0,53.0,136.0,1,2.714124,2.714124,0.08000000000000002,0.03599999999999992,0.7947133333333336,0.6231924,0.28197769999999944,0.6041838326739941,0.5413533333333331,0.47117640000000005,0.12113869999999993,0.5796981974900959,0.1299999999999999,0.04200000000000004,0.01244444444444437,0.05337517058435537,0.06633333333333324,0.04369999999999996,0.04755555555555546,0.04767974290612953
20230819_Lyon_Montpellier,2023-08-19 15:00:00,2023,Lyon,Montpellier,1,4,0.641589,0.641589,0.63,0.8370000000000001,4.0,1.0,7.0,2.3190433333333336,2.2542619999999998,2.1539595,2.034313321568981,2.3190433333333336,2.1022440000000002,1.9259315000000001,2.0331441971563535,0.5833333333333334,0.5980000000000001,0.6033333333333333,0.625460807718612,0.8603333333333333,0.8586,0.8488888888888888,0.8664738339727731,5.0,9.0,22.0,5.0,8.0,17.0,4.0,7.0,15.0,0.0,0.0,0.0,32.0,71.0,130.0,4,1,1.91808,1.91808,0.37,0.768,1.0,0.0,20.0,1.7110200000000004,1.6081340000000002,1.5516129,1.4581069957367236,1.457656333333334,1.4561158,1.3995938,1.4335894976346057,0.52,0.51,0.445,0.5648808762096582,0.8000000000000002,0.8027999999999998,0.7727,0.7960827196535816,7.0,11.0,22.0,6.0,7.0,16.0,3.0,5.0,15.0,0.0,0.0,1.0,52.0,88.0,187.0,-1,-1.276491,-1.276491,0.26,0.06900000000000006,0.6080233333333331,0.6461279999999996,0.6023466,0.5762063258322572,0.8613869999999995,0.6461282000000002,0.5263377,0.5995546995217478,0.06333333333333335,0.08800000000000008,0.15833333333333327,0.0605799315089538,0.06033333333333313,0.05580000000000018,0.07618888888888875,0.07039111431919154
20230903_Lyon_Paris Saint Germain,2023-09-03 18:45:00,2023,Lyon,Paris Saint Germain,1,4,2.44259,1.68249,0.31,0.804,2.0,0.0,6.0,0.9836430000000006,1.5708378,1.8210804,0.3884027728627592,0.9836430000000003,1.5708378,1.6690624,0.38835600788625413,0.5633333333333334,0.5599999999999999,0.5911111111111111,0.4618184323087445,0.8273333333333334,0.8392,0.8424444444444446,0.790978953358911,2.0,6.0,18.0,6.0,9.0,19.0,10.0,12.0,17.0,1.0,1.0,1.0,50.0,68.0,136.0,4,1,4.91949,4.15939,,,,,,1.7443133333333325,1.7257200000000001,2.060952,1.874371076308828,1.4909466666666666,1.42168,1.908932,1.747890436308828,,,,,,,,,4.0,7.0,20.0,2.0,6.0,12.0,,,,,,,,,,-1,-2.4768999999999997,-2.4769,,,-0.7606703333333319,-0.15488220000000008,-0.23987159999999985,-1.4859683034460687,-0.5073036666666664,0.1491578,-0.23986960000000002,-1.3595344284225739,,,,,,,,
20230917_Lyon_Le Havre,2023-09-17 18:45:00,2023,Lyon,Le Havre,0,0,1.83314,1.83314,0.58,0.846,3.0,0.0,6.0,1.113216333333334,1.4153318,1.9196284,2.031752554572552,0.859849666666667,1.2633117999999999,1.6916004,1.4236632015772508,0.4533333333333333,0.514,0.56,0.34036368646174886,0.8063333333333335,0.8308,0.8418888888888889,0.8013957906717822,2.0,4.0,18.0,8.0,13.0,21.0,10.0,13.0,17.0,1.0,1.0,1.0,42.0,68.0,128.0,0,0,1.25165,1.25165,0.42,0.7859999999999999,2.0,0.0,24.0,0.994025,1.05791375,1.05791375,1.46436448,0.994025,1.05791375,1.05791375,1.46436448,0.4633333333333334,0.4525,0.4525,0.43568,0.8016666666666666,0.78125,0.78125,0.825248,6.0,8.0,8.0,4.0,6.0,6.0,2.0,4.0,4.0,1.0,1.0,1.0,43.0,63.0,63.0,0,0.5814900000000001,0.5814900000000001,0.15999999999999998,0.06000000000000005,0.11919133333333398,0.35741804999999993,0.8617146499999999,0.5673880745725519,-0.1341753333333331,0.2053980499999999,0.63368665,-0.040701278422749176,-0.010000000000000064,0.0615,0.10750000000000004,-0.09531631353825115,0.004666666666666819,0.04954999999999998,0.06063888888888891,-0.023852209328217744
20231008_Lyon_Lorient,2023-10-08 13:00:00,2023,Lyon,Lorient,3,3,1.3787,0.618603,0.5,0.7829999999999999,0.0,0.0,11.0,0.8257276666666673,1.0350486,1.5183252,0.4275069804365804,0.825727666666667,0.8830286,1.4423152,0.42264226561261803,0.5033333333333333,0.44800000000000006,0.5239999999999999,0.490082909491694,0.7923333333333332,0.7918,0.8247,0.8006831663253743,0.0,1.0,10.0,3.0,7.0,17.0,6.0,12.0,20.0,0.0,0.0,1.0,39.0,74.0,140.0,3,3,1.07853,1.07853,0.5,0.799,0.0,0.0,26.0,1.0191183333333333,1.0955938,0.9227566000000001,0.9232923787831075,1.0191183333333333,1.0955938,0.846747,0.9232908220068715,0.49333333333333335,0.4800000000000001,0.458,0.5148878262869414,0.8383333333333334,0.8380000000000001,0.8398999999999999,0.8541717284374875,5.0,9.0,13.0,10.0,14.0,21.0,5.0,7.0,11.0,0.0,0.0,0.0,51.0,95.0,209.0,0,0.30017000000000005,-0.459927,0.0,-0.016000000000000125,-0.19339066666666604,-0.060545199999999966,0.5955685999999999,-0.49578539834652713,-0.19339066666666638,-0.2125652,0.5955681999999999,-0.5006485563942535,0.009999999999999953,-0.03200000000000003,0.06599999999999989,-0.024804916795247434,-0.04600000000000015,-0.04620000000000013,-0.01519999999999988,-0.05348856211211317
20231022_Lyon_Clermont Foot,2023-10-22 18:45:00,2023,Lyon,Clermont Foot,1,2,1.73586,1.73586,0.63,0.813,4.0,0.0,9.0,0.6742476666666674,1.2596946,1.4152662,1.1884613960873163,0.42088200000000037,0.9556552000000001,1.2632465,0.5794108531225236,0.47666666666666657,0.46399999999999997,0.5119999999999999,0.4980165818983388,0.7713333333333332,0.7928,0.8160000000000001,0.7865366332650747,3.0,4.0,10.0,6.0,10.0,19.0,3.0,8.0,20.0,0.0,0.0,1.0,44.0,56.0,124.0,2,1,1.28994,1.28994,0.37,0.7390000000000001,5.0,0.0,32.0,1.046765,1.0170439999999998,1.2153523,1.0929886677896303,0.7934000000000001,0.7130056000000001,0.9873231,1.0637931610911777,0.51,0.5740000000000001,0.546,0.3945531149353315,0.7706666666666666,0.7936,0.8037000000000001,0.7468964485693369,1.0,3.0,11.0,3.0,6.0,16.0,7.0,11.0,16.0,0.0,0.0,0.0,47.0,62.0,118.0,-1,0.44591999999999987,0.44591999999999987,0.26,0.07399999999999984,-0.3725173333333326,0.24265060000000016,0.1999139000000001,0.09547272829768594,-0.37251799999999974,0.24264960000000002,0.27592339999999993,-0.4843823079686541,-0.03333333333333344,-0.1100000000000001,-0.03400000000000014,0.10346346696300729,0.0006666666666665932,-0.0008000000000000229,0.012299999999999978,0.03964018469573782
20231105_Lyon_Metz,2023-11-05 12:00:00,2023,Lyon,Metz,1,1,1.8478,1.8478,0.66,0.852,1.0,0.0,16.0,1.1681583333333339,1.1183486,1.2668401999999999,1.6263802792174633,0.914792666666667,0.9663292,1.1148205,1.504570170624505,0.5433333333333333,0.5279999999999999,0.521,0.6036033163796677,0.8039999999999999,0.7946,0.8127000000000001,0.8077073266530149,4.0,4.0,8.0,7.0,8.0,21.0,6.0,10.0,23.0,0.0,0.0,1.0,31.0,59.0,127.0,1,1,0.667193,0.667193,0.34,0.7390000000000001,1.0,0.0,19.0,0.4846719999999998,0.6181159999999999,0.6582000000000001,0.5049949477805936,0.484672,0.6181159999999999,0.6582,0.504994885509267,0.33000000000000007,0.37,0.34900000000000003,0.38916814949163353,0.7253333333333334,0.7508,0.7415999999999999,0.7263817295046032,1.0,1.0,8.0,3.0,7.0,16.0,5.0,7.0,15.0,0.0,0.0,1.0,71.0,106.0,233.0,0,1.1806070000000002,1.1806070000000002,0.32,0.11299999999999988,0.6834863333333341,0.5002326000000001,0.6086401999999997,1.1213853314368696,0.43012066666666704,0.3482132000000001,0.4566205,0.999575285115238,0.21333333333333326,0.15799999999999992,0.172,0.21443516688803416,0.07866666666666655,0.04379999999999995,0.07110000000000016,0.0813255971484117
20231126_Lyon_Lille,2023-11-26 19:45:00,2023,Lyon,Lille,0,2,1.71151,1.71151,0.48,0.836,2.0,0.0,11.0,1.8878000000000006,1.486403,1.2858931999999998,2.0244952111686985,1.8878000000000004,1.3343836000000002,1.1338735,2.01962280682498,0.6233333333333333,0.5740000000000001,0.524,0.5937441326551867,0.8413333333333334,0.8246,0.8103,0.8558282930661207,3.0,6.0,8.0,3.0,8.0,17.0,6.0,8.0,22.0,0.0,0.0,1.0,41.0,63.0,133.0,2,0,1.7068,1.7068,0.52,0.851,2.0,0.0,14.0,1.2279196666666667,1.4436578,1.4422188999999999,2.2416737525159602,1.2279196666666674,1.4436578,1.4422188999999999,2.2416737514198997,0.5166666666666667,0.506,0.5589999999999999,0.5831769907775114,0.8080000000000002,0.791,0.8236000000000001,0.8207762121199549,3.0,5.0,12.0,1.0,2.0,10.0,7.0,13.0,24.0,0.0,0.0,0.0,74.0,125.0,199.0,-1,0.004709999999999992,0.004709999999999992,-0.040000000000000036,-0.015000000000000013,0.6598803333333338,0.04274519999999993,-0.1563257,-0.21717854134726178,0.659880333333333,-0.10927419999999977,-0.3083453999999999,-0.22205094459491947,0.10666666666666658,0.06800000000000006,-0.03499999999999992,0.010567141877675268,0.033333333333333215,0.03359999999999996,-0.01330000000000009,0.03505208094616585
20231210_Lyon_Toulouse,2023-12-10 16:05:00,2023,Lyon,Toulouse,3,0,3.13849,3.13849,0.49,0.848,2.0,0.0,17.0,1.6583070000000006,1.7804922,1.4494204,0.7439266816893495,1.6583070000000004,1.7804922,1.3734107,0.7438877024545998,0.48999999999999994,0.542,0.5349999999999999,0.5049099530612415,0.8336666666666668,0.8423999999999999,0.8184999999999999,0.8369586263445291,2.0,4.0,8.0,8.0,9.0,17.0,4.0,6.0,16.0,0.0,0.0,0.0,56.0,88.0,147.0,0,3,1.6021,0.842005,0.51,0.838,4.0,0.0,12.0,0.9307233333333333,1.1974627999999998,1.1998555000000002,1.1159136896408262,0.9307233333333335,1.0454428,1.1238455,1.1110490471501535,0.4633333333333333,0.5039999999999999,0.489,0.5082650179176291,0.8016666666666666,0.8029999999999999,0.7916000000000001,0.8229975361170138,2.0,3.0,9.0,3.0,8.0,12.0,10.0,15.0,28.0,0.0,0.0,0.0,73.0,113.0,264.0,1,1.53639,2.296485,-0.020000000000000018,0.010000000000000009,0.7275836666666673,0.5830294000000003,0.24956489999999976,-0.37198700795147666,0.727583666666667,0.7350494000000001,0.24956519999999993,-0.3671613446955537,0.026666666666666616,0.038000000000000145,0.04599999999999993,-0.0033550648563875907,0.03200000000000014,0.03939999999999999,0.026899999999999813,0.01396109022751535
20231220_Lyon_Nantes,2023-12-20 20:00:00,2023,Lyon,Nantes,1,0,2.1113,2.1113,0.39,0.7509999999999999,1.0,1.0,25.0,1.3711430000000007,1.7705397999999999,1.6284714,1.1233458672675738,1.3711430000000002,1.7705397999999999,1.5524617,1.123344308098184,0.4666666666666666,0.472,0.523,0.4185963981224497,0.815,0.8214,0.8230000000000001,0.7755583450537812,4.0,6.0,12.0,3.0,8.0,16.0,6.0,8.0,16.0,0.0,0.0,0.0,76.0,102.0,165.0,0,1,0.351645,0.351645,0.61,0.823,2.0,0.0,14.0,1.0185556666666666,1.3124394000000001,1.422181,1.2408609799038595,1.0185556666666666,1.3124394000000001,1.422181,1.240860917118406,0.41333333333333333,0.502,0.5029999999999999,0.48106757360389185,0.8103333333333333,0.8141999999999999,0.8103,0.8203045960176047,2.0,3.0,8.0,4.0,7.0,16.0,7.0,8.0,20.0,0.0,0.0,1.0,54.0,75.0,163.0,1,1.759655,1.759655,-0.21999999999999997,-0.07200000000000006,0.35258733333333403,0.45810039999999974,0.2062904000000001,-0.11751511263628567,0.3525873333333336,0.45810039999999974,0.13028070000000014,-0.11751660902022198,0.05333333333333329,-0.030000000000000027,0.02000000000000013,-0.062471175481442154,0.004666666666666597,0.007200000000000095,0.012700000000000045,-0.044746250963823564
20240126_Lyon_Rennes,2024-01-26 20:00:00,2023,Lyon,Rennes,2,3,0.96504,0.96504,0.64,0.843,2.0,0.0,7.0,1.241315333333334,1.4196174,1.7500757,1.081428234690703,1.2413153333333338,1.4196173999999997,1.7500757,1.0814281723239274,0.4533333333333333,0.472,0.519,0.535143855924898,0.79,0.8114000000000001,0.8243,0.8399823338021513,3.0,6.0,11.0,3.0,6.0,14.0,3.0,7.0,15.0,3.0,3.0,3.0,62.0,109.0,176.0,3,2,1.37472,1.37472,0.36,0.7829999999999999,2.0,0.0,28.0,1.7413566666666662,1.5708049999999998,1.3005149999999999,1.8803310618263769,1.2346233333333332,1.114747,1.072486,1.1457704609154886,0.5033333333333333,0.51,0.5189999999999999,0.46178349187315554,0.793,0.7964,0.8022,0.7997653887896388,5.0,6.0,11.0,1.0,5.0,12.0,6.0,11.0,22.0,0.0,1.0,3.0,58.0,83.0,180.0,-1,-0.40967999999999993,-0.40967999999999993,0.28,0.06000000000000005,-0.5000413333333322,-0.15118759999999987,0.44956070000000015,-0.798902827135674,0.006692000000000586,0.30487039999999976,0.6775897,-0.06434228859156121,-0.04999999999999999,-0.038000000000000034,1.1102230246251565e-16,0.07336036405174245,-0.0030000000000000027,0.015000000000000124,0.02210000000000001,0.040216945012512495
20240204_Lyon_Marseille,2024-02-04 19:45:00,2023,Lyon,Marseille,1,0,1.92161,1.92161,0.37,0.789,2.0,0.0,23.0,1.3165660000000008,1.5654952,1.6729937,0.9883176469381406,1.3165660000000006,1.5654951999999998,1.6729937,0.9883176344647855,0.5333333333333333,0.49800000000000005,0.52,0.6190287711849796,0.8183333333333334,0.8122,0.8272999999999999,0.8423964667604302,4.0,8.0,12.0,6.0,6.0,15.0,3.0,7.0,13.0,3.0,3.0,3.0,40.0,86.0,174.0,0,1,0.511356,0.511356,0.63,0.846,1.0,0.0,15.0,2.078136666666667,2.3496379999999997,1.7331349,3.080502532032958,2.078136666666666,2.349638,1.6571253,3.080463615117758,0.6099999999999999,0.5760000000000001,0.539,0.6452749273280162,0.8236666666666667,0.8228,0.8182,0.8327279054456743,4.0,10.0,16.0,4.0,7.0,9.0,5.0,8.0,16.0,0.0,1.0,2.0,60.0,87.0,201.0,1,1.4102540000000001,1.4102540000000001,-0.26,-0.05699999999999994,-0.7615706666666662,-0.7841427999999997,-0.06014120000000012,-2.0921848850948175,-0.7615706666666655,-0.7841428000000004,0.015868400000000005,-2.0921459806529725,-0.07666666666666655,-0.07800000000000001,-0.019000000000000017,-0.026246156143036603,-0.005333333333333301,-0.010599999999999943,0.009099999999999886,0.009668561314755908
20240216_Lyon_Nice,2024-02-16 20:00:00,2023,Lyon,Nice,1,0,0.801467,0.801467,0.49,0.8079999999999999,0.0,0.0,27.0,1.3948000000000007,1.4338115999999999,1.6021757,1.3851903058775257,1.3948000000000003,1.4338115999999999,1.6021756999999996,1.3851903053785914,0.5166666666666666,0.502,0.487,0.5159611508473992,0.8153333333333332,0.8116,0.8164999999999999,0.8111358586704173,5.0,7.0,13.0,4.0,7.0,15.0,6.0,7.0,15.0,0.0,3.0,3.0,47.0,80.0,182.0,0,1,0.685452,0.685452,0.51,0.825,1.0,0.0,14.0,1.604066666666667,1.7151375999999998,1.4345558,1.911967827501734,1.097336666666667,1.2590796,1.2065268,1.2785996870482557,0.5333333333333333,0.514,0.545,0.4766218687674478,0.8190000000000001,0.8220000000000001,0.8407,0.8101575984376919,3.0,5.0,9.0,3.0,5.0,10.0,7.0,9.0,17.0,1.0,1.0,2.0,47.0,79.0,159.0,1,0.11601500000000009,0.11601500000000009,-0.020000000000000018,-0.017000000000000015,-0.20926666666666627,-0.28132599999999996,0.16761990000000004,-0.5267775216242083,0.2974633333333332,0.1747319999999999,0.39564889999999964,0.10659061833033578,-0.01666666666666672,-0.01200000000000001,-0.05800000000000005,0.039339282079951465,-0.003666666666666818,-0.010400000000000076,-0.02420000000000011,0.000978260232725403
20240303_Lyon_Lens,2024-03-03 19:45:00,2023,Lyon,Lens,0,3,2.13225,2.13225,0.47,0.82,0.0,1.0,17.0,1.1186323333333341,1.2485094,1.3340634,1.188986332235101,1.118632333333334,1.2485094,1.3340634,1.1889863322151437,0.5499999999999999,0.532,0.502,0.595038446033896,0.8003333333333332,0.8066000000000001,0.8089999999999999,0.7849254343468167,5.0,8.0,14.0,2.0,5.0,11.0,4.0,8.0,15.0,0.0,0.0,3.0,63.0,93.0,202.0,3,0,3.35268,2.59258,0.53,0.851,2.0,0.0,10.0,2.080823333333333,1.810302,1.7814115000000001,2.598117234794777,2.0808233333333335,1.810302,1.6293925000000002,2.5979223368656417,0.5233333333333333,0.5239999999999999,0.5189999999999999,0.5756397152065478,0.7919999999999999,0.8046,0.8116,0.7915864047657005,6.0,9.0,14.0,5.0,5.0,11.0,9.0,14.0,21.0,0.0,0.0,2.0,47.0,78.0,183.0,-1,-1.22043,-0.4603299999999999,-0.06000000000000005,-0.031000000000000028,-0.9621909999999989,-0.5617926,-0.44734810000000014,-1.409130902559676,-0.9621909999999996,-0.5617926,-0.29532910000000023,-1.408936004650498,0.026666666666666616,0.008000000000000118,-0.016999999999999904,0.01939873082734822,0.008333333333333304,0.002000000000000113,-0.0026000000000000467,-0.006660970418883805
20240330_Lyon_Reims,2024-03-30 20:00:00,2023,Lyon,Reims,1,1,2.12533,2.12533,0.65,0.843,2.0,0.0,12.0,2.003103333333334,1.6134914000000002,1.5236515000000002,1.6566974906578809,2.0031033333333337,1.6134914000000002,1.5236515,1.656697490657721,0.4966666666666666,0.5199999999999999,0.5109999999999999,0.5030003075682712,0.834,0.8177999999999999,0.8147,0.8270794034747746,5.0,8.0,15.0,5.0,6.0,13.0,2.0,4.0,11.0,1.0,1.0,4.0,49.0,95.0,175.0,1,1,1.48533,1.48533,0.35,0.715,3.0,0.0,24.0,1.2108493333333337,1.5686575999999999,1.5592427999999998,1.5461135515364395,1.2108493333333337,1.4166395999999999,1.4832338,1.5412489755362802,0.5299999999999999,0.524,0.5439999999999999,0.6079126456064452,0.8083333333333332,0.8081999999999999,0.8116999999999999,0.8271090212146783,4.0,7.0,13.0,4.0,6.0,12.0,10.0,15.0,24.0,0.0,1.0,1.0,50.0,86.0,164.0,0,0.6399999999999999,0.6399999999999999,0.30000000000000004,0.128,0.7922540000000005,0.04483380000000037,-0.03559129999999966,0.11058393912144138,0.792254,0.19685180000000035,0.04041769999999989,0.11544851512144083,-0.033333333333333326,-0.004000000000000115,-0.03300000000000003,-0.10491233803817401,0.025666666666666726,0.009599999999999942,0.0030000000000001137,-2.9617739903731177e-05
20240414_Lyon_Brest,2024-04-14 18:45:00,2023,Lyon,Brest,4,3,1.8478,1.0877,0.53,0.8079999999999999,5.0,1.0,15.0,2.1777066666666673,2.208916,1.7287127000000002,2.7342726996263154,2.177706666666667,2.208916,1.7287126999999998,2.734272699626309,0.5766666666666667,0.5439999999999999,0.538,0.5881200123027308,0.8356666666666666,0.8375999999999999,0.8221,0.8423631761389909,7.0,9.0,17.0,4.0,7.0,12.0,6.0,6.0,14.0,0.0,1.0,1.0,46.0,75.0,168.0,3,4,1.7183,1.7183,0.47,0.838,5.0,1.0,27.0,2.1246906666666665,1.6290358,1.5006655,3.7330704161478208,2.1246906666666665,1.6290357999999998,1.4246561999999998,3.732875832319895,0.5400000000000001,0.5599999999999999,0.527,0.6209614925133315,0.8146666666666667,0.8134,0.8019000000000001,0.8322472014677724,6.0,7.0,14.0,4.0,5.0,8.0,6.0,12.0,25.0,1.0,1.0,3.0,61.0,92.0,195.0,1,0.12950000000000017,-0.6306,0.06000000000000005,-0.030000000000000027,0.05301600000000084,0.5798801999999998,0.22804720000000023,-0.9987977165215054,0.053016000000000396,0.5798802000000001,0.30405649999999995,-0.998603132693586,0.036666666666666514,-0.016000000000000014,0.01100000000000001,-0.03284148021060074,0.020999999999999908,0.02419999999999989,0.020199999999999996,0.010115974671218497
20240428_Lyon_Monaco,2024-04-28 17:00:00,2023,Lyon,Monaco,3,2,2.6414,2.6414,0.47,0.768,1.0,0.0,26.0,1.808324333333334,1.8096305999999998,1.691551,0.9388053079850526,1.5549576666666673,1.6576106,1.615541,0.8171893079850523,0.49333333333333335,0.526,0.5269999999999999,0.40432480049210917,0.8326666666666668,0.8324,0.8244,0.8405745270455596,8.0,12.0,19.0,8.0,11.0,16.0,7.0,11.0,15.0,1.0,1.0,2.0,41.0,73.0,165.0,2,3,2.04607,2.04607,0.53,0.78,3.0,0.0,16.0,1.7089999999999996,2.2843980000000004,2.128278,2.0559076638752734,1.7090000000000003,2.2843980000000004,2.041542,2.0558987816107344,0.4633333333333334,0.508,0.51,0.4359798457284779,0.7546666666666667,0.7912,0.7883000000000001,0.7901981651313394,4.0,11.0,19.0,0.0,4.0,10.0,6.0,9.0,20.0,3.0,4.0,4.0,50.0,82.0,203.0,1,0.5953300000000001,0.5953300000000001,-0.06000000000000005,-0.01200000000000001,0.09932433333333446,-0.4747674000000006,-0.43672699999999987,-1.1171023558902209,-0.15404233333333295,-0.6267874000000004,-0.4260010000000003,-1.238709473625682,0.02999999999999997,0.018000000000000016,0.016999999999999904,-0.03165504523636875,0.07800000000000007,0.041200000000000014,0.03609999999999991,0.050376361914220125
20240519_Lyon_Strasbourg,2024-05-19 19:00:00,2023,Lyon,Strasbourg,2,1,3.26691,2.50682,0.63,0.865,1.0,0.0,16.0,1.820314333333334,1.5951951999999998,1.9020556,0.7925848424638803,1.8203143333333338,1.4431751999999998,1.8260456,0.7916119144638802,0.5033333333333333,0.48200000000000004,0.513,0.4918745984039369,0.8153333333333332,0.8202,0.8289,0.8373805962163645,8.0,13.0,22.0,5.0,12.0,19.0,4.0,9.0,15.0,0.0,1.0,2.0,70.0,97.0,172.0,1,2,1.12544,0.365346,0.37,0.777,1.0,0.0,21.0,1.020465333333334,1.2630388,1.3126553,1.2535654740168964,1.0204653333333338,1.1110187999999999,1.160636,1.2525922346827973,0.5966666666666668,0.5479999999999999,0.47800000000000004,0.6767412124049088,0.858,0.8468,0.7982,0.872371993639669,4.0,7.0,14.0,7.0,9.0,13.0,5.0,9.0,17.0,0.0,0.0,0.0,46.0,73.0,228.0,1,2.14147,2.1414739999999997,0.26,0.08799999999999997,0.799849,0.3321563999999999,0.5894002999999999,-0.46098063155301616,0.799849,0.3321563999999999,0.6654096,-0.4609803202189171,-0.09333333333333349,-0.06599999999999989,0.034999999999999976,-0.18486661400097193,-0.04266666666666674,-0.026599999999999957,0.03069999999999995,-0.03499139742330448
20220807_Marseille_Reims,2022-08-07 18:45:00,2022,Marseille,Reims,4,1,2.77019,2.77019,0.56,0.784,1.0,0.0,20.0,2.00304,1.903004,1.7460759999999997,1.4617986592443724,1.4963066666666665,1.5989639999999998,1.594056,0.7321026567536897,0.5733333333333333,0.596,0.5880000000000001,0.6197177890328197,0.8286666666666668,0.8448,0.8404999999999999,0.8443924478010965,4.0,8.0,19.0,4.0,6.0,15.0,8.0,12.0,21.0,0.0,0.0,1.0,36.0,67.0,166.0,1,4,0.676094,0.676094,0.44,0.741,0.0,0.0,22.0,0.5607363333333334,0.6076596000000001,0.7332533000000001,0.9859478325830021,0.5607363333333334,0.6076596000000001,0.7332533000000001,0.9859478325829701,0.46,0.458,0.44399999999999995,0.5318254795605228,0.839,0.8210000000000001,0.8004,0.860093792548745,1.0,4.0,8.0,7.0,12.0,15.0,2.0,6.0,16.0,1.0,2.0,3.0,45.0,93.0,196.0,1,2.094096,2.094096,0.12000000000000005,0.04300000000000004,1.4423036666666667,1.2953443999999998,1.0128226999999996,0.47585082666137024,0.9355703333333331,0.9913043999999998,0.8608026999999998,-0.25384517582928046,0.11333333333333323,0.13799999999999996,0.14400000000000013,0.08789230947229687,-0.010333333333333194,0.023799999999999932,0.040099999999999913,-0.015701344747648505
20220820_Marseille_Nantes,2022-08-20 19:00:00,2022,Marseille,Nantes,2,1,1.71654,1.71654,0.56,0.8009999999999999,5.0,1.0,17.0,1.7433300000000003,2.017778,1.9514710000000002,1.5493663463697747,1.489963333333333,1.713738,1.799451,1.5201785062701474,0.5766666666666665,0.562,0.599,0.5383887115613128,0.801,0.8100000000000002,0.8369,0.7832156979120439,6.0,9.0,21.0,3.0,6.0,13.0,7.0,13.0,22.0,0.0,0.0,1.0,58.0,86.0,179.0,1,2,2.35832,1.59829,0.44,0.752,1.0,0.0,26.0,1.5461033333333336,1.7869,1.5458498,1.9121074483984961,1.5461033333333332,1.6348808,1.3938302,1.9109399398985643,0.4366666666666666,0.418,0.421,0.34789258833983494,0.695,0.6948,0.7114,0.6552152023235295,2.0,9.0,17.0,3.0,3.0,10.0,6.0,7.0,13.0,0.0,0.0,0.0,70.0,111.0,217.0,1,-0.64178,0.11824999999999997,0.12000000000000005,0.04899999999999993,0.19722666666666666,0.23087799999999992,0.4056212000000001,-0.36274110202872145,-0.05614000000000008,0.07885720000000007,0.4056207999999999,-0.39076143362841687,0.13999999999999996,0.14400000000000007,0.178,0.1904961232214779,0.1060000000000001,0.11520000000000019,0.12549999999999994,0.12800049558851445
20220831_Marseille_Clermont Foot,2022-08-31 19:00:00,2022,Marseille,Clermont Foot,1,0,2.50885,1.74875,0.6,0.815,2.0,0.0,9.0,1.4801300000000002,1.6721599999999999,1.9168939999999999,1.4680370538547909,1.4801299999999997,1.52014,1.764874,1.4668695402508058,0.5333333333333332,0.56,0.5870000000000001,0.5191355484624526,0.8033333333333333,0.8066000000000001,0.8294,0.8226886279164818,6.0,11.0,21.0,2.0,4.0,11.0,10.0,13.0,24.0,1.0,1.0,1.0,64.0,92.0,158.0,0,1,0.164123,0.164123,0.4,0.738,2.0,0.0,17.0,0.9039683333333333,0.7267092500000001,0.7267092500000001,0.511700416,0.6506026666666666,0.536685,0.536685,0.487377312,0.5533333333333333,0.51,0.51,0.5783999999999999,0.8530000000000001,0.84875,0.84875,0.8563200000000002,6.0,6.0,6.0,4.0,9.0,9.0,7.0,9.0,9.0,1.0,1.0,1.0,34.0,51.0,51.0,1,2.344727,1.584627,0.19999999999999996,0.07699999999999996,0.5761616666666669,0.9454507499999998,1.1901847499999998,0.9563366378547908,0.8295273333333332,0.9834550000000001,1.228189,0.9794922282508058,-0.02000000000000013,0.050000000000000044,0.07700000000000007,-0.059264451537547336,-0.04966666666666675,-0.04214999999999991,-0.01934999999999998,-0.03363137208351841
20220910_Marseille_Lille,2022-09-10 19:00:00,2022,Marseille,Lille,2,1,2.25737,2.25737,0.53,0.794,5.0,0.0,7.0,1.8225333333333333,1.698744,1.840518,1.6957214821541917,1.5691666666666666,1.546724,1.6124879999999997,1.5740587816100324,0.5433333333333332,0.544,0.568,0.5327654219384981,0.827,0.8124,0.8201,0.8329075451166593,6.0,9.0,18.0,0.0,2.0,8.0,4.0,13.0,26.0,0.0,1.0,1.0,45.0,92.0,164.0,1,2,0.774912,0.774912,0.47,0.762,1.0,0.0,16.0,1.3413963333333332,1.6123998,1.3754037000000001,1.2467135126495605,1.0880330000000002,1.4603818,1.1473756000000002,1.2223501588631926,0.65,0.624,0.579,0.7218956238945776,0.8483333333333333,0.851,0.8562,0.8654728023919991,7.0,9.0,20.0,4.0,12.0,14.0,7.0,13.0,22.0,0.0,0.0,0.0,56.0,83.0,154.0,1,1.4824579999999998,1.4824579999999998,0.06000000000000005,0.03200000000000003,0.48113700000000015,0.0863442000000001,0.4651143,0.4490079695046312,0.48113366666666635,0.08634220000000004,0.46511239999999954,0.3517086227468398,-0.1066666666666668,-0.07999999999999996,-0.01100000000000001,-0.18913020195607955,-0.021333333333333315,-0.03859999999999997,-0.03609999999999991,-0.032565257275339765
20220918_Marseille_Rennes,2022-09-18 13:00:00,2022,Marseille,Rennes,1,1,1.05864,1.05864,0.59,0.804,3.0,0.0,20.0,2.103566666666667,1.888302,1.9530399999999997,2.1450402964308384,1.8501999999999998,1.7362819999999999,1.72501,2.1207077563220063,0.5499999999999999,0.544,0.553,0.5305530843876997,0.8153333333333334,0.8152000000000001,0.8126000000000001,0.8017815090233319,5.0,10.0,19.0,1.0,2.0,8.0,8.0,14.0,27.0,0.0,1.0,1.0,35.0,69.0,155.0,1,1,0.858108,0.858108,0.41,0.77,4.0,0.0,29.0,2.5956999999999995,1.9310212,1.5682579,3.458731693091109,2.5956999999999995,1.9310212,1.5682579,3.4587316929715652,0.61,0.5740000000000001,0.5860000000000001,0.5221270837527858,0.8453333333333334,0.8293999999999999,0.8375,0.8139764549270065,9.0,12.0,17.0,2.0,5.0,10.0,5.0,11.0,24.0,0.0,2.0,3.0,33.0,75.0,140.0,0,0.20053200000000004,0.20053200000000004,0.18,0.03400000000000003,-0.4921333333333324,-0.04271920000000007,0.38478209999999957,-1.3136913966602708,-0.7454999999999996,-0.1947392000000001,0.15675209999999984,-1.338023936649559,-0.06000000000000005,-0.030000000000000027,-0.03300000000000003,0.008426000634913833,-0.030000000000000027,-0.014199999999999768,-0.024899999999999922,-0.012194945903674648
20221008_Marseille_Ajaccio,2022-10-08 15:00:00,2022,Marseille,Ajaccio,1,2,1.66314,0.903047,0.64,0.784,0.0,0.0,13.0,1.89807,1.9495079999999998,1.8108339999999998,2.1577440118572335,1.89807,1.797488,1.6588140000000002,2.1567707102528804,0.5633333333333332,0.562,0.561,0.5716221233755079,0.8119999999999999,0.8176,0.8121,0.8311112603609332,6.0,9.0,20.0,2.0,2.0,6.0,8.0,11.0,24.0,0.0,0.0,1.0,38.0,66.0,158.0,2,1,0.16416,0.16416,0.36,0.682,2.0,0.0,22.0,0.7409056666666668,0.7274537999999999,0.826543,1.1266624544870398,0.7409056666666666,0.7274537999999999,0.6576324444444445,1.1266215917184,0.45999999999999996,0.516,0.45999999999999996,0.5006406912,0.706,0.7382,0.7244444444444444,0.7421794713600001,2.0,2.0,5.0,4.0,7.0,14.0,6.0,14.0,30.0,0.0,1.0,2.0,52.0,71.0,119.0,-1,1.49898,0.7388870000000001,0.28,0.10199999999999998,1.1571643333333332,1.2220541999999999,0.9842909999999998,1.0310815573701937,1.1571643333333332,1.0700342,1.0011815555555557,1.0301491185344804,0.10333333333333328,0.04600000000000004,0.10100000000000009,0.0709814321755079,0.10599999999999998,0.07940000000000003,0.0876555555555556,0.08893178900093313
20221022_Marseille_Lens,2022-10-22 19:00:00,2022,Marseille,Lens,0,1,1.99963,1.99963,0.56,0.81,3.0,0.0,10.0,1.6086433333333334,1.628388,1.6635659999999999,0.9800841604742894,1.3552790000000001,1.4763694,1.5115467,0.8584303484101152,0.5699999999999998,0.5660000000000001,0.5549999999999999,0.5252648849350203,0.8336666666666668,0.8198000000000001,0.8160999999999999,0.8618844504144374,4.0,7.0,16.0,3.0,5.0,7.0,0.0,8.0,21.0,1.0,1.0,2.0,35.0,62.0,154.0,1,0,0.612715,0.612715,0.44,0.795,3.0,0.0,27.0,2.116293333333333,1.7528374,1.8653366999999998,2.1201925241568866,1.6095599999999994,1.4487974,1.6373067,1.9742517051991144,0.5733333333333334,0.5860000000000001,0.583,0.6293560247220238,0.8203333333333332,0.8402000000000001,0.8498000000000001,0.8394083773530417,2.0,3.0,15.0,1.0,1.0,6.0,9.0,12.0,17.0,0.0,0.0,1.0,39.0,69.0,143.0,-1,1.3869150000000001,1.3869150000000001,0.12000000000000005,0.015000000000000013,-0.5076499999999997,-0.12444940000000004,-0.20177069999999997,-1.1401083636825973,-0.2542809999999993,0.027572000000000152,-0.12575999999999987,-1.1158213567889992,-0.0033333333333335213,-0.020000000000000018,-0.028000000000000025,-0.10409113978700346,0.01333333333333353,-0.020399999999999974,-0.033700000000000174,0.02247607306139565
20221106_Marseille_Lyon,2022-11-06 19:45:00,2022,Marseille,Lyon,1,0,1.07268,1.07268,0.47,0.775,0.0,0.0,14.0,1.5743200000000002,1.75286,1.7547910000000002,1.9101361664189715,1.57432,1.6008413999999997,1.6027717,1.9052700139364045,0.5166666666666666,0.552,0.5509999999999999,0.5026105953974008,0.8313333333333334,0.8231999999999999,0.8195,0.8080753780165776,2.0,6.0,15.0,4.0,6.0,8.0,5.0,5.0,17.0,1.0,1.0,1.0,37.0,61.0,133.0,0,1,0.632118,0.632118,0.53,0.792,1.0,0.0,12.0,1.8398133333333337,1.46848692,1.7563153599999999,1.461296337193277,1.8398133333333337,1.46848692,1.7563153599999999,1.4612963346824963,0.5566666666666666,0.546,0.561,0.4828556291556654,0.8153333333333334,0.8100000000000002,0.8237,0.7935228956656399,5.0,6.0,15.0,4.0,6.0,13.0,7.0,11.0,18.0,1.0,1.0,1.0,47.0,86.0,134.0,1,0.4405620000000001,0.4405620000000001,-0.06000000000000005,-0.017000000000000015,-0.2654933333333336,0.28437308000000017,-0.0015243599999996693,0.44883982922569454,-0.2654933333333338,0.13235447999999983,-0.15354365999999997,0.4439736792539082,-0.040000000000000036,0.006000000000000005,-0.01000000000000012,0.01975496624173545,0.016000000000000014,0.013199999999999767,-0.0041999999999999815,0.014552482350937646
20221229_Marseille_Toulouse,2022-12-29 20:00:00,2022,Marseille,Toulouse,6,1,3.90797,3.14787,0.51,0.8140000000000001,1.0,0.0,22.0,1.908556666666667,1.701978,1.741172,2.4194342466567584,1.9085566666666665,1.701978,1.6651627000000002,2.419239600557456,0.5133333333333332,0.52,0.545,0.559304423815896,0.8143333333333334,0.8263999999999999,0.8189,0.8467230151206631,6.0,6.0,15.0,4.0,6.0,10.0,3.0,6.0,15.0,0.0,1.0,1.0,52.0,73.0,143.0,1,6,1.73074,0.970646,0.49,0.782,2.0,0.0,10.0,0.844135,1.372689,1.3814671,1.0270427136012565,0.844135,1.220671,1.3054581,1.0260697984012568,0.5,0.506,0.506,0.5280724424359936,0.751,0.7678,0.7688,0.7748223021213286,1.0,6.0,13.0,7.0,11.0,18.0,1.0,6.0,16.0,0.0,1.0,2.0,42.0,86.0,203.0,1,2.17723,2.1772240000000003,0.020000000000000018,0.03200000000000003,1.064421666666667,0.32928899999999994,0.3597048999999999,1.392391533055502,1.0644216666666666,0.48130699999999993,0.35970460000000015,1.3931698021561991,0.013333333333333197,0.014000000000000012,0.039000000000000035,0.03123198137990235,0.06333333333333335,0.058599999999999874,0.05009999999999992,0.07190071299933443
20230114_Marseille_Lorient,2023-01-14 18:00:00,2022,Marseille,Lorient,3,1,2.03482,2.03482,0.68,0.888,1.0,0.0,13.0,2.633186666666667,2.337298,2.0450790000000003,2.480133713973254,2.37982,2.185278,1.8930596999999998,2.45580895680446,0.5933333333333332,0.5660000000000001,0.5589999999999999,0.6591944353905271,0.8376666666666667,0.8301999999999999,0.8267,0.8691417841209653,10.0,14.0,20.0,2.0,4.0,10.0,6.0,7.0,12.0,1.0,1.0,2.0,44.0,80.0,141.0,1,3,0.491556,0.491556,0.32,0.76,0.0,0.0,21.0,0.9932766666666667,0.9339594,1.0200737,1.2396217389566084,0.9932766666666667,0.9339594,1.0200737,1.2396217389286797,0.49333333333333335,0.45600000000000007,0.46499999999999997,0.4473292721190469,0.7926666666666667,0.7904,0.7967,0.7647219665896823,4.0,6.0,13.0,5.0,8.0,14.0,4.0,6.0,11.0,0.0,0.0,1.0,46.0,114.0,221.0,1,1.5432639999999997,1.5432639999999997,0.36000000000000004,0.128,1.6399100000000004,1.4033386,1.0250053000000003,1.2405119750166458,1.3865433333333335,1.2513185999999998,0.8729859999999998,1.2161872178757802,0.09999999999999981,0.10999999999999999,0.09399999999999997,0.21186516327148025,0.04499999999999993,0.03979999999999995,0.030000000000000027,0.10441981753128304
20230128_Marseille_Monaco,2023-01-28 20:00:00,2022,Marseille,Monaco,1,1,1.772,1.772,0.61,0.789,2.0,0.0,9.0,2.0088033333333333,2.529726,2.0107410000000003,2.1238827427946507,2.0088033333333333,2.377706,1.8587216999999998,2.119017791360892,0.6499999999999999,0.608,0.5700000000000001,0.6758388870781055,0.8623333333333334,0.8528,0.8317,0.8842283568241931,7.0,16.0,20.0,2.0,5.0,11.0,6.0,8.0,13.0,1.0,1.0,2.0,35.0,79.0,143.0,1,1,1.55187,1.55187,0.39,0.696,2.0,0.0,29.0,2.2988866666666667,1.956776,1.796096,3.6391815637816145,2.0455200000000002,1.500731,1.4018635000000002,3.0252232655897644,0.58,0.5559999999999999,0.508,0.6337905167903221,0.8173333333333334,0.8023999999999999,0.7778,0.8312666779165394,10.0,15.0,25.0,3.0,8.0,13.0,5.0,8.0,20.0,0.0,0.0,1.0,37.0,61.0,131.0,0,0.22012999999999994,0.22012999999999994,0.21999999999999997,0.09300000000000008,-0.29008333333333347,0.5729500000000001,0.21464500000000042,-1.5152988209869638,-0.03671666666666695,0.8769749999999998,0.45685819999999966,-0.9062054742288725,0.06999999999999995,0.052000000000000046,0.062000000000000055,0.04204837028778341,0.04500000000000004,0.05040000000000011,0.05389999999999995,0.052961678907653686
20230205_Marseille_Nice,2023-02-05 19:45:00,2022,Marseille,Nice,1,3,2.61067,2.61067,0.57,0.807,0.0,0.0,9.0,1.9166566666666667,1.948312,2.1374830000000005,1.9229953097117862,1.9166566666666665,1.948312,2.0614730000000003,1.9228007116544357,0.6266666666666665,0.63,0.576,0.5966335554831241,0.828,0.8366,0.825,0.8072091342729678,6.0,10.0,22.0,2.0,3.0,9.0,6.0,11.0,18.0,0.0,1.0,1.0,40.0,62.0,146.0,3,1,1.4814,1.4814,0.43,0.7390000000000001,1.0,0.0,21.0,1.4080930000000003,1.6193667999999999,1.5356827,1.9987814723199215,1.4080930000000003,1.6193668000000003,1.3836632,1.9987422315559005,0.45999999999999996,0.46799999999999997,0.49000000000000005,0.4504095124913089,0.8106666666666668,0.8084,0.8245000000000001,0.8010021628207483,2.0,9.0,14.0,0.0,3.0,6.0,6.0,8.0,15.0,0.0,0.0,0.0,61.0,105.0,187.0,-1,1.1292699999999998,1.1292699999999998,0.13999999999999996,0.06799999999999995,0.5085636666666664,0.32894520000000016,0.6018003000000005,-0.07578616260813531,0.5085636666666662,0.3289451999999997,0.6778098000000004,-0.0759415199014648,0.16666666666666652,0.16200000000000003,0.08599999999999991,0.14622404299181524,0.0173333333333332,0.028200000000000003,0.0004999999999998339,0.00620697145221949
20230226_Marseille_Paris Saint Germain,2023-02-26 19:45:00,2022,Marseille,Paris Saint Germain,0,3,2.28992,2.28992,0.54,0.83,0.0,0.0,11.0,1.9793400000000003,1.930634,2.23018,1.410802202477694,1.7259766666666663,1.778616,2.078161,1.2891862456932355,0.5566666666666665,0.574,0.591,0.5062130684438649,0.8086666666666668,0.8044,0.8286,0.7860416730741837,6.0,9.0,25.0,5.0,6.0,11.0,5.0,10.0,18.0,0.0,0.0,1.0,32.0,59.0,138.0,3,0,3.73353,3.73353,,,,,,1.6110769999999992,2.1658022,1.9413246000000002,1.9122538181138884,1.6110769999999999,2.1658022,1.8653146,1.912252248975767,,,,,,,,,7.0,11.0,21.0,7.0,9.0,14.0,,,,,,,,,,-1,-1.44361,-1.44361,,,0.3682630000000011,-0.23516819999999994,0.28885539999999965,-0.5014516156361943,0.1148996666666664,-0.3871861999999999,0.2128464000000001,-0.6230660032825315,,,,,,,,
20230312_Marseille_Strasbourg,2023-03-12 19:45:00,2022,Marseille,Strasbourg,2,2,1.67973,0.919635,0.41,0.7240000000000001,0.0,1.0,25.0,1.6535466666666665,1.9361380000000001,1.9422249999999999,1.5850192880991076,1.6535466666666665,1.7841200000000002,1.866216,1.5801546498277295,0.48999999999999994,0.532,0.581,0.4666485227377546,0.7856666666666666,0.8019999999999999,0.8193000000000001,0.7674416669229673,4.0,7.0,17.0,5.0,8.0,11.0,3.0,6.0,17.0,0.0,0.0,1.0,45.0,61.0,123.0,2,2,2.2222,2.2222,0.59,0.795,4.0,0.0,4.0,1.2844256666666676,1.1087602,1.0047929999999998,0.9996455444625988,1.2844256666666671,1.1087602,1.004793,0.9996455443423162,0.47333333333333344,0.41600000000000004,0.422,0.5805908572148297,0.723,0.7234,0.7481,0.7252305805105439,3.0,5.0,12.0,3.0,5.0,16.0,9.0,14.0,22.0,0.0,1.0,2.0,64.0,111.0,213.0,0,-0.54247,-1.302565,-0.18,-0.07099999999999995,0.3691209999999989,0.8273778,0.937432,0.5853737436365088,0.36912099999999937,0.6753598000000001,0.861423,0.5805091054854132,0.016666666666666496,0.11599999999999999,0.15899999999999997,-0.11394233447707514,0.06266666666666665,0.07859999999999989,0.07120000000000015,0.04221108641242344
20230331_Marseille_Montpellier,2023-03-31 19:00:00,2022,Marseille,Montpellier,1,1,1.43396,0.67386,0.68,0.8109999999999999,2.0,0.0,12.0,1.5081633333333333,1.606476,1.8502399999999999,1.4457655715239641,1.254798333333333,1.454457,1.6982215,1.323955785993109,0.43666666666666654,0.466,0.54,0.4442659409095102,0.73,0.7586,0.7929999999999999,0.7161376666769188,5.0,8.0,17.0,3.0,8.0,13.0,4.0,6.0,15.0,1.0,1.0,1.0,77.0,104.0,160.0,1,1,0.849684,0.849684,0.32,0.6709999999999999,2.0,0.0,24.0,2.5698100000000004,1.8879021999999999,1.6167678000000003,2.735571203276262,2.316446666666667,1.7358842000000003,1.4647488000000002,2.7110537251231825,0.56,0.5120000000000001,0.48999999999999994,0.5536747214954854,0.7789999999999999,0.7816000000000001,0.7612,0.7615850373052705,8.0,10.0,16.0,1.0,2.0,10.0,6.0,7.0,14.0,1.0,2.0,4.0,51.0,95.0,177.0,0,0.5842759999999999,-0.17582399999999998,0.36000000000000004,0.14,-1.061646666666667,-0.28142619999999985,0.23347219999999957,-1.2898056317522977,-1.0616483333333342,-0.2814272000000002,0.23347269999999987,-1.3870979391300735,-0.12333333333333352,-0.046000000000000096,0.0500000000000001,-0.10940878058597514,-0.04899999999999993,-0.02300000000000002,0.03179999999999994,-0.04544737062835169
20230416_Marseille_Troyes,2023-04-16 18:45:00,2022,Marseille,Troyes,3,1,3.75094,3.75094,0.71,0.867,0.0,0.0,5.0,1.2029456666666667,1.3482634,1.6912407000000003,0.9135578228609584,0.9495789999999996,1.0442244,1.4632122,0.7870694314397243,0.5766666666666667,0.518,0.539,0.6065706376363804,0.785,0.7666000000000001,0.7896000000000001,0.8240055066670768,3.0,6.0,14.0,2.0,4.0,12.0,7.0,8.0,16.0,0.0,1.0,1.0,60.0,103.0,164.0,1,3,0.405591,0.405591,0.29,0.7140000000000001,2.0,0.0,25.0,0.8874936666666665,0.8068372,0.80475444,0.614937397948691,0.8874936666666665,0.8068372,0.72874494,0.614937086613779,0.5133333333333334,0.48200000000000004,0.4739999999999999,0.46260607823059485,0.7876666666666666,0.7718,0.7683,0.7973552004911117,2.0,4.0,7.0,5.0,9.0,23.0,4.0,6.0,15.0,0.0,0.0,2.0,54.0,95.0,207.0,1,3.345349,3.345349,0.42,0.1529999999999999,0.3154520000000002,0.5414262,0.8864862600000003,0.2986204249122675,0.062085333333333104,0.23738720000000002,0.7344672600000001,0.1721323448259453,0.06333333333333324,0.035999999999999976,0.06500000000000011,0.14396455940578556,-0.002666666666666595,-0.005199999999999982,0.021300000000000097,0.02665030617596509
20230430_Marseille_Auxerre,2023-04-30 18:45:00,2022,Marseille,Auxerre,2,1,3.56928,3.56928,0.69,0.8109999999999999,1.0,0.0,12.0,2.2496256666666667,1.9149693999999997,1.8324597,2.4087487129144383,2.2496256666666663,1.7629494,1.6044312,2.403689177257589,0.5733333333333333,0.5700000000000001,0.5349999999999999,0.4658628255054552,0.8140000000000001,0.7929999999999999,0.7892,0.7660802202666831,5.0,8.0,16.0,2.0,4.0,11.0,3.0,8.0,14.0,0.0,0.0,1.0,44.0,90.0,167.0,1,2,0.456496,0.456496,0.31,0.662,0.0,0.0,40.0,1.5515183333333333,1.3531204000000001,1.3214033,1.3253273496181397,1.0447883333333332,1.0490824,0.9413556999999999,0.5956371677737827,0.35000000000000003,0.384,0.38499999999999995,0.3145270713384236,0.691,0.6852,0.7184,0.7102549822126818,6.0,7.0,12.0,2.0,4.0,7.0,5.0,6.0,16.0,0.0,0.0,0.0,60.0,105.0,219.0,1,3.112784,3.112784,0.37999999999999995,0.1489999999999999,0.6981073333333334,0.5618489999999996,0.5110564,1.0834213632962986,1.204837333333333,0.713867,0.6630755000000002,1.8080520094838062,0.22333333333333322,0.18600000000000005,0.14999999999999997,0.1513357541670316,0.12300000000000011,0.1077999999999999,0.07079999999999997,0.0558252380540013
20230514_Marseille_Angers,2023-05-14 18:45:00,2022,Marseille,Angers,3,1,2.99154,2.23144,0.62,0.838,1.0,0.0,7.0,2.353,2.3185613999999997,1.9841176999999999,1.6871547485165777,2.3529999999999998,2.3185614,1.8320982000000001,1.6869523670903037,0.5566666666666665,0.596,0.5509999999999999,0.5850345130202181,0.7743333333333333,0.8044,0.7853,0.7756032088106674,5.0,8.0,14.0,4.0,5.0,12.0,4.0,6.0,12.0,0.0,0.0,1.0,56.0,75.0,175.0,1,3,0.559445,0.559445,0.38,0.741,2.0,0.0,25.0,1.3238433333333335,1.0677154,0.9999297,1.3817814499282808,1.0704786666666668,0.9156966000000001,0.9239203,1.2601663476610527,0.43666666666666654,0.42400000000000004,0.426,0.5523707217476312,0.8436666666666666,0.8119999999999999,0.8088999999999998,0.8490530166078901,4.0,6.0,8.0,8.0,10.0,24.0,5.0,10.0,15.0,0.0,0.0,1.0,43.0,77.0,168.0,1,2.4320950000000003,1.6719950000000001,0.24,0.09699999999999998,1.0291566666666667,1.2508459999999997,0.9841879999999998,0.30537329858829687,1.282521333333333,1.4028648000000001,0.9081779000000001,0.426786019429251,0.12,0.17199999999999993,0.12499999999999994,0.032663791272586895,-0.06933333333333325,-0.00759999999999994,-0.023599999999999843,-0.07344980779722277
20230527_Marseille_Brest,2023-05-27 19:00:00,2022,Marseille,Brest,1,2,0.968914,0.968914,0.62,0.799,2.0,0.0,15.0,1.8217800000000004,2.2499379999999998,2.0289197,1.505452589940663,1.5684133333333332,2.097918,1.8008902,1.3838284946836121,0.5733333333333333,0.5640000000000001,0.567,0.5466013805208088,0.7943333333333333,0.7874,0.7883,0.7859041283524266,5.0,9.0,17.0,5.0,7.0,12.0,5.0,7.0,14.0,0.0,0.0,1.0,38.0,75.0,165.0,2,1,1.5307,1.5307,0.38,0.6990000000000001,2.0,0.0,20.0,1.3995466666666667,1.0888438,1.0894812999999999,1.2274363617307515,1.14618,0.9368238,0.9374623,1.2031116050664292,0.4666666666666668,0.49799999999999994,0.471,0.4215473288262368,0.7533333333333333,0.754,0.7636,0.7321801332435756,4.0,6.0,14.0,3.0,3.0,9.0,5.0,7.0,13.0,0.0,0.0,0.0,40.0,71.0,164.0,-1,-0.5617859999999999,-0.5617859999999999,0.24,0.09999999999999998,0.4222333333333337,1.1610941999999997,0.9394384,0.27801622820991145,0.42223333333333324,1.1610942,0.8634279,0.1807168896171829,0.10666666666666647,0.06600000000000011,0.09599999999999997,0.12505405169457195,0.041000000000000036,0.033399999999999985,0.024700000000000055,0.053723995108851064
20230812_Marseille_Reims,2023-08-12 18:00:00,2023,Marseille,Reims,2,1,1.5127,1.5127,0.42,0.738,1.0,0.0,27.0,1.1307913333333337,1.5317128,1.9410681,1.1946923435976267,1.130791333333333,1.3796928000000002,1.7890481,1.1898273797873447,0.62,0.61,0.614,0.6890640552208323,0.8016666666666666,0.8024000000000001,0.8076000000000001,0.8232761651340971,2.0,6.0,14.0,5.0,8.0,12.0,5.0,8.0,14.0,0.0,0.0,0.0,36.0,62.0,130.0,1,2,0.993374,0.993374,0.58,0.789,3.0,0.0,18.0,1.3633020000000002,1.5945532,1.5202084,1.6241154145379453,1.3633020000000002,1.4425332000000002,1.3681953999999998,1.6192492178821651,0.5066666666666667,0.49799999999999994,0.5509999999999999,0.4883690317696858,0.8083333333333332,0.7978,0.7912000000000001,0.8031019801476205,3.0,5.0,9.0,8.0,10.0,17.0,2.0,7.0,15.0,1.0,1.0,1.0,45.0,67.0,133.0,1,0.519326,0.519326,-0.15999999999999998,-0.051000000000000045,-0.23251066666666653,-0.06284040000000002,0.42085970000000006,-0.4294230709403186,-0.2325106666666672,-0.06284040000000002,0.4208527000000002,-0.4294218380948205,0.11333333333333329,0.11200000000000004,0.06300000000000006,0.20069502345114643,-0.006666666666666599,0.0046000000000001595,0.01639999999999997,0.020174184986476607
20230826_Marseille_Brest,2023-08-26 17:00:00,2023,Marseille,Brest,2,0,3.50896,3.50896,0.44,0.821,0.0,0.0,28.0,1.410166666666667,1.2797128,2.0200044000000004,1.4846116937439051,1.4101666666666663,1.2797128,1.9439944,1.484417095191494,0.5666666666666665,0.57,0.585,0.5507625622088332,0.7953333333333333,0.7922,0.7988999999999999,0.8054110466053639,4.0,6.0,17.0,4.0,8.0,14.0,4.0,8.0,13.0,0.0,0.0,0.0,60.0,87.0,155.0,0,2,1.72801,1.72801,0.56,0.823,1.0,0.0,11.0,1.9166766666666668,1.68481,1.3681230999999998,1.8018157381787692,1.1565826666666663,1.2287536,1.0640849,1.534223474568106,0.4850000000000001,0.44,0.48444444444444446,0.44293628062633567,0.7495,0.73075,0.7508888888888889,0.7211965335871307,6.0,10.0,15.0,5.0,7.0,9.0,5.0,10.0,15.0,0.0,0.0,0.0,29.0,65.0,129.0,1,1.78095,1.78095,-0.12000000000000005,-0.0020000000000000018,-0.5065099999999998,-0.40509719999999994,0.6518813000000006,-0.31720404443486405,0.25358400000000003,0.05095920000000009,0.8799095000000001,-0.04980637937661214,0.08166666666666644,0.12999999999999995,0.10055555555555551,0.10782628158249757,0.04583333333333328,0.061450000000000005,0.048011111111111004,0.08421451301823324
20230917_Marseille_Toulouse,2023-09-17 15:05:00,2023,Marseille,Toulouse,0,0,1.16853,1.16853,0.61,0.8,2.0,0.0,15.0,2.5937033333333335,2.103624,2.0521654,2.8437460677497564,2.593703333333333,2.103624,1.9761553999999997,2.8437382838076597,0.5466666666666665,0.554,0.5800000000000001,0.5964305024883533,0.8306666666666667,0.8119999999999999,0.8053000000000001,0.8459764418642145,5.0,7.0,15.0,3.0,5.0,13.0,4.0,6.0,14.0,0.0,0.0,0.0,61.0,97.0,162.0,0,0,0.882315,0.882315,0.39,0.755,5.0,0.0,52.0,0.703245333333333,1.3674032,1.318817,0.6163786939016396,0.449881,1.2153846,1.2428077,0.5920557179016382,0.40666666666666657,0.442,0.509,0.4056018469933033,0.7603333333333332,0.7788,0.8022,0.7536427128301217,3.0,7.0,8.0,5.0,7.0,9.0,4.0,8.0,13.0,0.0,0.0,0.0,61.0,92.0,161.0,0,0.2862150000000001,0.2862150000000001,0.21999999999999997,0.04500000000000004,1.8904580000000006,0.7362207999999999,0.7333483999999999,2.227367373848117,2.143822333333333,0.8882394,0.7333476999999997,2.2516825659060213,0.13999999999999996,0.11200000000000004,0.07100000000000006,0.19082865549504996,0.07033333333333347,0.033199999999999896,0.0031000000000001027,0.09233372903409276
20231008_Marseille_Le Havre,2023-10-08 11:00:00,2023,Marseille,Le Havre,3,0,3.00689,3.00689,0.64,0.899,0.0,0.0,12.0,0.8819996666666671,1.7867238,1.5332183,0.878148848541998,0.8819996666666664,1.7867238,1.5332183,0.8781487862704613,0.4633333333333332,0.492,0.5309999999999999,0.49469144401990683,0.7443333333333334,0.7814,0.7867999999999999,0.7544478115349138,2.0,5.0,11.0,7.0,8.0,16.0,9.0,11.0,19.0,0.0,0.0,0.0,69.0,106.0,193.0,0,3,0.131369,0.131369,0.36,0.8270000000000001,3.0,1.0,15.0,1.10909,1.0884699999999998,1.0798464285714284,1.0612109158399998,1.10909,1.0884699999999998,1.0798464285714284,1.0612109158399998,0.37333333333333335,0.39,0.4185714285714286,0.37212544000000003,0.7693333333333334,0.7888,0.7761428571428571,0.7904739840000001,2.0,7.0,10.0,3.0,5.0,9.0,4.0,6.0,8.0,0.0,1.0,1.0,62.0,92.0,125.0,1,2.875521,2.875521,0.28,0.07199999999999995,-0.22709033333333284,0.6982538000000003,0.4533718714285715,-0.18306206729800178,-0.2270903333333335,0.6982538000000003,0.4533718714285715,-0.1830621295695385,0.08999999999999986,0.10199999999999998,0.11242857142857132,0.1225660040199068,-0.025000000000000022,-0.007399999999999962,0.01065714285714281,-0.036026172465086326
20231104_Marseille_Lille,2023-11-04 20:00:00,2023,Marseille,Lille,0,0,0.751791,0.751791,0.46,0.8370000000000001,2.0,0.0,17.0,1.639565666666667,1.3311858,1.7174049,1.31866035394168,1.6395656666666663,1.3311858,1.7174049,1.3186603514508182,0.5599999999999999,0.506,0.53,0.5221876577607962,0.8353333333333334,0.7938000000000001,0.8029,0.8436179124613966,5.0,5.0,12.0,4.0,8.0,13.0,7.0,12.0,18.0,1.0,1.0,1.0,63.0,103.0,200.0,0,0,0.326226,0.326226,0.54,0.858,3.0,0.0,22.0,1.400721,1.4013406,1.6179432999999999,0.9389398128990032,1.4007210000000008,1.4013406,1.6179432999999999,0.9389397854974941,0.4633333333333334,0.54,0.5655555555555556,0.41942476943778667,0.7599999999999999,0.805,0.8242222222222222,0.7474053029988696,4.0,7.0,14.0,1.0,3.0,10.0,7.0,8.0,18.0,0.0,0.0,1.0,95.0,117.0,184.0,0,0.42556499999999997,0.42556499999999997,-0.08000000000000002,-0.020999999999999908,0.23884466666666682,-0.07015479999999985,0.09946160000000015,0.3797205410426767,0.23884466666666548,-0.07015479999999985,0.09946160000000015,0.37972056595332404,0.09666666666666657,-0.03400000000000003,-0.03555555555555556,0.10276288832300956,0.07533333333333347,-0.011199999999999988,-0.021322222222222242,0.09621260946252697
20231203_Marseille_Rennes,2023-12-03 19:45:00,2023,Marseille,Rennes,2,0,0.91395,0.153854,0.43,0.809,1.0,1.0,25.0,0.9473730000000002,1.3704098,1.5785668000000002,1.2437150748315335,0.9473729999999997,1.3704098,1.5785668000000002,1.2437150748116066,0.5299999999999999,0.546,0.5189999999999999,0.5836975012620863,0.8230000000000001,0.841,0.8112,0.8316129432996913,1.0,4.0,9.0,2.0,3.0,11.0,6.0,9.0,20.0,0.0,1.0,1.0,72.0,106.0,212.0,0,2,0.483795,0.483795,0.57,0.84,3.0,1.0,14.0,1.0333669999999997,1.0302250000000002,1.0421989,1.6811882074277527,1.0333669999999997,1.0302250000000002,0.8901802,1.6811103609018065,0.4466666666666666,0.528,0.526,0.39341210361107903,0.7919999999999999,0.808,0.8147,0.7468399676212302,3.0,5.0,11.0,4.0,7.0,13.0,7.0,11.0,18.0,2.0,2.0,2.0,66.0,97.0,181.0,1,0.43015500000000007,-0.329941,-0.13999999999999996,-0.030999999999999917,-0.08599399999999946,0.34018479999999984,0.5363679000000001,-0.4374731325962191,-0.08599400000000001,0.34018479999999984,0.6883866000000002,-0.43739528609019995,0.08333333333333331,0.018000000000000016,-0.007000000000000117,0.19028539765100727,0.03100000000000014,0.03299999999999992,-0.0034999999999999476,0.0847729756784611
20231206_Marseille_Lyon,2023-12-06 19:00:00,2023,Marseille,Lyon,3,0,1.82709,1.82709,0.49,0.79,1.0,0.0,17.0,1.0014260000000004,0.9518217999999999,1.3190658000000002,0.9799030149663067,0.7480606666666664,0.7998025999999999,1.2430562,0.37182621496232127,0.5199999999999999,0.504,0.518,0.4607395002524173,0.8136666666666666,0.8230000000000001,0.8099999999999999,0.8135225886599383,3.0,3.0,9.0,2.0,3.0,11.0,5.0,10.0,21.0,1.0,2.0,2.0,80.0,119.0,209.0,0,3,0.235651,0.235651,0.51,0.8390000000000001,2.0,0.0,30.0,2.273003333333334,2.080534,1.6701143000000003,2.7770294084467477,2.2730033333333335,2.080534,1.5180946,2.776834512272999,0.5133333333333333,0.5660000000000001,0.5149999999999999,0.48454976530620747,0.8403333333333333,0.8371999999999999,0.8150000000000001,0.8287931317226449,3.0,5.0,9.0,5.0,8.0,18.0,3.0,8.0,16.0,0.0,0.0,0.0,42.0,67.0,123.0,1,1.591439,1.591439,-0.020000000000000018,-0.049000000000000044,-1.2715773333333336,-1.1287122000000003,-0.3510485000000001,-1.7971263934804411,-1.524942666666667,-1.2807314,-0.2750383999999999,-2.405008297310678,0.006666666666666599,-0.062000000000000055,0.0030000000000001137,-0.02381026505379019,-0.026666666666666616,-0.01419999999999988,-0.0050000000000001155,-0.015270543062706587
20231217_Marseille_Clermont Foot,2023-12-17 16:05:00,2023,Marseille,Clermont Foot,2,1,2.62654,2.62654,0.55,0.838,0.0,0.0,8.0,1.8760933333333336,1.5437216,1.3957798000000001,2.641322520598652,1.6227279999999997,1.3917024,1.3197702,2.6169994485984924,0.47333333333333316,0.51,0.493,0.4968295800100967,0.8013333333333333,0.8072000000000001,0.8042,0.8029409035463977,9.0,10.0,15.0,2.0,4.0,12.0,5.0,9.0,21.0,2.0,2.0,3.0,61.0,116.0,221.0,1,2,0.131252,0.131252,0.45,0.8370000000000001,2.0,0.0,17.0,0.7552933333333334,1.102872,1.0030754,1.0179463908573896,0.7552933333333335,0.9508532000000001,0.927066,1.0169733957968925,0.42333333333333334,0.45999999999999996,0.47400000000000003,0.46059999885597425,0.7543333333333333,0.7936,0.7897000000000001,0.7970672714149084,1.0,2.0,5.0,4.0,7.0,11.0,10.0,15.0,25.0,2.0,3.0,3.0,75.0,106.0,193.0,1,2.495288,2.495288,0.10000000000000003,0.0009999999999998899,1.1208000000000002,0.44084959999999995,0.3927044000000002,1.6233761297412623,0.8674346666666662,0.44084919999999994,0.39270420000000006,1.6000260528016,0.04999999999999982,0.050000000000000044,0.01899999999999996,0.03622958115412245,0.04700000000000004,0.013600000000000168,0.014499999999999957,0.005873632131489281
20240112_Marseille_Strasbourg,2024-01-12 20:00:00,2023,Marseille,Strasbourg,1,1,1.56944,1.56944,0.47,0.784,3.0,0.0,19.0,2.2388033333333337,1.89149,1.6309498999999998,1.4880033008239462,2.238803333333333,1.7394707999999999,1.5549403,1.4870303779439396,0.5766666666666665,0.53,0.538,0.6518731832004039,0.8293333333333334,0.8173999999999999,0.8291999999999999,0.8421976361418559,7.0,12.0,16.0,4.0,4.0,7.0,4.0,6.0,15.0,1.0,2.0,3.0,48.0,90.0,196.0,1,1,1.14984,1.14984,0.53,0.831,2.0,0.0,11.0,1.3584463333333339,1.4347358,1.2105663999999998,0.9852088830009202,1.3584463333333334,1.2827157999999999,1.1345564000000001,0.9842359550009127,0.4133333333333335,0.42400000000000004,0.397,0.35013027818988013,0.7546666666666666,0.7664,0.7658,0.7390109538244093,6.0,8.0,11.0,3.0,6.0,13.0,6.0,7.0,15.0,0.0,0.0,1.0,67.0,110.0,219.0,0,0.4196,0.4196,-0.06000000000000005,-0.04699999999999993,0.8803569999999998,0.4567542,0.4203835,0.5027944178230259,0.8803569999999994,0.456755,0.4203838999999998,0.5027944229430269,0.16333333333333305,0.10599999999999998,0.14100000000000001,0.30174290501052375,0.07466666666666677,0.050999999999999934,0.0633999999999999,0.10318668231744665
20240127_Marseille_Monaco,2024-01-27 20:00:00,2023,Marseille,Monaco,2,2,3.46234,3.46234,0.68,0.8420000000000001,1.0,0.0,20.0,1.7995366666666668,2.022588,1.4872049,1.5531526601647891,1.7995366666666663,2.022588,1.4111953,1.552958075588788,0.5666666666666665,0.538,0.521,0.5063746366400808,0.8223333333333334,0.8124,0.8177000000000001,0.7956395272283713,4.0,11.0,14.0,3.0,5.0,8.0,4.0,8.0,18.0,0.0,1.0,3.0,48.0,84.0,203.0,2,2,0.372187,0.372187,0.32,0.647,3.0,2.0,22.0,1.5649600000000001,1.650458,1.4732387999999998,1.2388511206202264,1.3115933333333336,1.4984380000000002,1.3972288000000002,1.1172351156388582,0.5366666666666667,0.554,0.5650000000000001,0.5435541774174888,0.7906666666666666,0.8054,0.8089999999999999,0.8010184358330638,3.0,7.0,13.0,5.0,6.0,14.0,7.0,15.0,24.0,1.0,2.0,2.0,50.0,91.0,178.0,0,3.0901530000000004,3.0901530000000004,0.36000000000000004,0.19500000000000006,0.23457666666666666,0.37212999999999985,0.013966100000000203,0.31430153954456275,0.48794333333333273,0.5241499999999997,0.01396649999999977,0.4357229599499297,0.029999999999999805,-0.016000000000000014,-0.04400000000000004,-0.03717954077740804,0.03166666666666673,0.007000000000000006,0.008700000000000152,-0.005378908604692478
20240209_Marseille_Metz,2024-02-09 20:00:00,2023,Marseille,Metz,1,1,2.39451,2.39451,0.66,0.855,2.0,1.0,12.0,1.8477120000000002,1.8744611999999996,1.7090913999999997,1.0251853064065917,1.8477119999999996,1.8744612,1.6330818,1.0251775230235514,0.5933333333333332,0.602,0.556,0.6330549854656032,0.8240000000000002,0.8310000000000001,0.8191,0.8433455810891349,3.0,6.0,16.0,4.0,6.0,10.0,5.0,6.0,15.0,0.0,0.0,2.0,54.0,83.0,199.0,1,1,0.955249,0.955249,0.34,0.743,0.0,0.0,34.0,0.5005836666666664,0.5001886,0.8453341999999999,0.6977589316512715,0.5005836666666666,0.5001886,0.6160021,0.6976726473120651,0.39333333333333337,0.392,0.365,0.4216362546348185,0.7203333333333334,0.726,0.7252,0.707065563379889,1.0,2.0,9.0,4.0,8.0,15.0,7.0,10.0,15.0,1.0,1.0,1.0,56.0,89.0,216.0,0,1.439261,1.439261,0.32,0.11199999999999999,1.347128333333334,1.3742725999999996,0.8637571999999998,0.3274263747553202,1.347128333333333,1.3742726,1.0170797,0.32750487571148623,0.1999999999999998,0.20999999999999996,0.19100000000000006,0.21141873083078472,0.1036666666666668,0.1050000000000001,0.0939000000000001,0.13628001770924592
20240225_Marseille_Montpellier,2024-02-25 19:45:00,2023,Marseille,Montpellier,4,1,2.91179,2.1517,0.58,0.828,2.0,0.0,20.0,1.1340186666666667,1.6867671999999998,1.7891286000000002,0.8210810122562636,1.1340186666666663,1.6867672000000002,1.713119,0.821080700920942,0.6233333333333332,0.604,0.5670000000000001,0.594922199418624,0.834,0.8256,0.8215,0.8113338232435654,1.0,4.0,16.0,3.0,6.0,10.0,4.0,8.0,14.0,1.0,1.0,3.0,50.0,89.0,179.0,1,4,1.09554,1.09554,0.42,0.764,4.0,0.0,29.0,1.8752950000000002,1.493138,1.4791906999999997,2.7578845227047366,1.6219316666666674,1.34112,1.3271717,2.1498121490804594,0.5066666666666667,0.45199999999999996,0.441,0.5252951472535177,0.782,0.765,0.7404999999999999,0.7829575607308163,5.0,5.0,8.0,4.0,6.0,10.0,7.0,13.0,27.0,0.0,0.0,1.0,54.0,103.0,235.0,1,1.81625,1.05616,0.15999999999999998,0.06399999999999995,-0.7412763333333334,0.19362919999999972,0.30993790000000043,-1.936803510448473,-0.48791300000000115,0.34564720000000015,0.3859473,-1.3287314481595174,0.11666666666666647,0.15200000000000002,0.12600000000000006,0.06962705216510634,0.051999999999999935,0.06059999999999999,0.08100000000000007,0.02837626251274905
20240310_Marseille_Nantes,2024-03-10 19:45:00,2023,Marseille,Nantes,2,0,2.03657,2.03657,0.53,0.8340000000000001,2.0,0.0,32.0,2.158863333333333,1.8764911999999998,2.1130646000000004,2.953617640490251,1.9054999999999993,1.7244731999999998,2.0370556,2.832003228036838,0.5733333333333333,0.602,0.5890000000000001,0.564596887976745,0.8176666666666667,0.8308,0.8268000000000001,0.8241333529297427,9.0,10.0,20.0,3.0,5.0,12.0,4.0,7.0,15.0,0.0,1.0,2.0,63.0,90.0,177.0,0,2,0.651156,0.651156,0.47,0.8109999999999999,3.0,0.0,22.0,1.1435926666666665,0.9281354,0.9914429000000002,0.8961829456409086,1.1435926666666667,0.9281354000000002,0.9154335,0.8959883615767479,0.35333333333333333,0.348,0.42300000000000004,0.4433237019329884,0.7373333333333333,0.724,0.7654,0.7429895482997657,1.0,3.0,5.0,4.0,6.0,13.0,6.0,9.0,18.0,0.0,0.0,1.0,74.0,122.0,214.0,1,1.3854140000000004,1.3854140000000004,0.06000000000000005,0.02300000000000013,1.0152706666666667,0.9483557999999997,1.1216217000000002,2.0574346948493423,0.7619073333333326,0.7963377999999997,1.1216221,1.9360148664600902,0.21999999999999992,0.254,0.16600000000000004,0.12127318604375659,0.08033333333333337,0.1068,0.06140000000000012,0.08114380462997695
20240331_Marseille_Paris Saint Germain,2024-03-31 19:45:00,2023,Marseille,Paris Saint Germain,0,2,1.02584,1.02584,0.47,0.809,0.0,0.0,6.0,1.9485320000000002,1.8507152000000002,1.8393852,1.03632870561961,1.9485319999999995,1.6986972000000002,1.7633762000000002,1.0314641291214734,0.5533333333333332,0.564,0.594,0.5633838755190698,0.8270000000000001,0.8220000000000001,0.8282,0.8248053341171897,7.0,11.0,16.0,3.0,5.0,11.0,6.0,9.0,17.0,0.0,0.0,1.0,64.0,107.0,194.0,2,0,1.73967,1.73967,,,,,,1.8751133333333325,1.846256,1.9452530000000003,2.114139838146939,1.8751133333333332,1.5422178,1.7172238999999998,2.1082633017760815,,,,,,,,,8.0,11.0,23.0,4.0,5.0,10.0,,,,,,,,,,-1,-0.71383,-0.71383,,,0.07341866666666763,0.00445920000000033,-0.1058678000000004,-1.0778111325273292,0.0734186666666663,0.15647940000000027,0.04615230000000037,-1.076799172654608,,,,,,,,
20240424_Marseille_Nice,2024-04-24 19:00:00,2023,Marseille,Nice,2,2,1.77662,1.01653,0.48,0.7759999999999999,2.0,1.0,16.0,0.9802993333333335,1.1435768,1.5100339999999999,1.029184389644957,0.980299333333333,1.1435768,1.4340249999999999,1.0291454730329719,0.4933333333333332,0.516,0.5589999999999999,0.5267470710041526,0.8039999999999999,0.8138,0.8222999999999999,0.8214464426729375,3.0,5.0,15.0,7.0,9.0,14.0,8.0,13.0,20.0,0.0,0.0,1.0,33.0,77.0,167.0,2,2,1.28789,1.28789,0.52,0.826,3.0,0.0,17.0,1.88185,1.792532,1.6367682000000001,2.370704709570118,1.628484666666667,1.4884928,1.4087396,2.3415153761476786,0.5133333333333333,0.518,0.518,0.504691498551984,0.8490000000000001,0.8238,0.8221,0.847575014803452,4.0,8.0,11.0,2.0,5.0,11.0,3.0,7.0,18.0,0.0,0.0,1.0,35.0,90.0,171.0,0,0.4887300000000001,-0.27136000000000005,-0.040000000000000036,-0.050000000000000044,-0.9015506666666665,-0.6489552000000001,-0.12673420000000024,-1.341520319925161,-0.6481853333333341,-0.344916,0.02528539999999979,-1.3123699031147067,-0.02000000000000013,-0.0020000000000000018,0.040999999999999925,0.022055572452168604,-0.04500000000000015,-0.010000000000000009,0.00019999999999986695,-0.02612857213051445
20240428_Marseille_Lens,2024-04-28 19:00:00,2023,Marseille,Lens,2,1,1.77344,1.77344,0.44,0.777,2.0,0.0,19.0,1.2305593333333336,1.0915868,1.6365604,1.6271328779289915,0.9771959999999996,0.9395688,1.4845424,1.0190530946065943,0.4966666666666666,0.506,0.5439999999999999,0.4893494142008305,0.793,0.8022,0.8152999999999999,0.7850892885345875,5.0,5.0,17.0,7.0,11.0,15.0,10.0,13.0,21.0,1.0,1.0,2.0,43.0,61.0,168.0,1,2,1.25145,1.25145,0.56,0.8240000000000001,2.0,0.0,11.0,1.915893333333333,1.5704952,1.8199092999999997,2.5910158870686053,1.409163333333333,1.2664572,1.5918803000000001,1.8612825674539117,0.58,0.57,0.5369999999999999,0.5104140241883546,0.7989999999999999,0.8008,0.8032999999999999,0.796485575505981,3.0,5.0,15.0,3.0,8.0,13.0,8.0,15.0,27.0,0.0,0.0,0.0,52.0,75.0,159.0,1,0.52199,0.52199,-0.12000000000000005,-0.04700000000000004,-0.6853339999999994,-0.4789084000000001,-0.1833488999999997,-0.9638830091396138,-0.4319673333333335,-0.3268884000000001,-0.1073379000000001,-0.8422294728473174,-0.08333333333333337,-0.06399999999999995,0.007000000000000006,-0.021064609987524074,-0.005999999999999894,0.0014000000000000679,0.01200000000000001,-0.011396286971393499
20240512_Marseille_Lorient,2024-05-12 19:00:00,2023,Marseille,Lorient,3,1,3.96907,3.20898,0.58,0.7809999999999999,3.0,0.0,20.0,1.5383833333333332,1.2981916,1.5744534,1.7441785755857984,1.2850199999999994,1.1461736,1.4224354,1.622562618921319,0.4866666666666666,0.48,0.522,0.4498698828401661,0.7949999999999999,0.7929999999999999,0.8074999999999999,0.7786178577069175,6.0,7.0,18.0,5.0,10.0,15.0,6.0,12.0,21.0,1.0,1.0,1.0,51.0,68.0,175.0,1,3,1.0861,1.0861,0.42,0.772,4.0,0.0,24.0,0.9511786666666668,1.0327046,1.0173526,0.6244310526546617,0.9511786666666668,1.0327046,1.0173526,0.6244310526546617,0.4466666666666667,0.476,0.49800000000000005,0.4411320061641121,0.7943333333333333,0.8173999999999999,0.8189,0.7733898502497598,2.0,2.0,6.0,8.0,13.0,20.0,4.0,12.0,16.0,0.0,0.0,1.0,52.0,91.0,212.0,1,2.88297,2.12288,0.15999999999999998,0.008999999999999897,0.5872046666666664,0.26548700000000003,0.5571008,1.1197475229311367,0.33384133333333255,0.11346900000000004,0.40508279999999997,0.9981315662666572,0.03999999999999987,0.0040000000000000036,0.023999999999999966,0.008737876676054024,0.0006666666666665932,-0.024399999999999977,-0.011400000000000077,0.0052280074571576796
20230818_Metz_Marseille,2023-08-18 19:00:00,2023,Metz,Marseille,2,2,0.360903,0.360903,0.43,0.7559999999999999,3.0,1.0,31.0,0.5724897333333332,0.8463144400000001,0.87239642,0.6328319719749982,0.31912340000000006,0.69429464,0.72038352,0.5112082870002645,0.4266666666666667,0.48200000000000004,0.4680000000000001,0.3219758467742273,0.8073333333333332,0.8134,0.8029,0.7914386781922075,3.0,8.0,10.0,8.0,12.0,24.0,9.0,11.0,21.0,0.0,0.0,1.0,54.0,78.0,182.0,2,2,1.49349,1.49349,0.57,0.818,2.0,0.0,24.0,1.2353080000000003,1.5793228,1.9489421,1.4490984687195254,1.2353079999999996,1.4273028,1.8729320999999999,1.448125475957469,0.5833333333333333,0.58,0.588,0.47381281104416645,0.789,0.7962,0.8003,0.7550552330268194,3.0,7.0,15.0,4.0,7.0,12.0,4.0,7.0,13.0,0.0,0.0,0.0,51.0,70.0,145.0,0,-1.132587,-1.132587,-0.13999999999999996,-0.062000000000000055,-0.6628182666666671,-0.7330083599999998,-1.0765456800000002,-0.8162664967445272,-0.9161845999999996,-0.7330081600000001,-1.15254858,-0.9369171889572045,-0.15666666666666657,-0.09799999999999992,-0.11999999999999988,-0.15183696426993915,0.0183333333333332,0.017199999999999993,0.0025999999999999357,0.03638344516538805
20230903_Metz_Reims,2023-09-03 13:00:00,2023,Metz,Reims,2,2,1.14763,1.14763,0.36,0.747,0.0,0.0,15.0,0.5714043333333332,0.5739688399999999,0.88343142,0.7162353588789999,0.5714043333333333,0.42194904,0.73141852,0.7113704114800106,0.3433333333333333,0.40199999999999997,0.45,0.3216790338709691,0.754,0.7786,0.7923,0.7246175471276882,4.0,6.0,12.0,7.0,10.0,19.0,6.0,13.0,19.0,1.0,1.0,1.0,75.0,112.0,201.0,2,2,0.859494,0.859494,0.64,0.8340000000000001,4.0,0.0,11.0,1.7525880000000003,1.520994,1.4845623,1.9108272913163036,1.4992246666666669,1.3689759999999997,1.3325433,1.3027163617430573,0.5066666666666667,0.49399999999999994,0.5409999999999999,0.48006695225415746,0.751,0.7727999999999999,0.7878000000000001,0.7139128158411809,6.0,7.0,11.0,3.0,9.0,16.0,4.0,6.0,15.0,0.0,1.0,1.0,70.0,104.0,157.0,0,0.28813599999999995,0.28813599999999995,-0.28,-0.08700000000000008,-1.181183666666667,-0.94702516,-0.6011308799999999,-1.1945919324373038,-0.9278203333333336,-0.9470269599999998,-0.60112478,-0.5913459502630467,-0.16333333333333339,-0.09199999999999997,-0.09099999999999991,-0.1583879183831884,0.0030000000000000027,0.005800000000000027,0.0044999999999999485,0.010704731286507285
20230924_Metz_Strasbourg,2023-09-24 11:00:00,2023,Metz,Strasbourg,0,1,1.03805,1.03805,0.52,0.843,2.0,0.0,14.0,0.8562263333333332,0.6982839999999999,0.78109622,0.71593181435516,0.8562263333333334,0.6982839999999999,0.7050863199999999,0.7157372164592004,0.3033333333333334,0.328,0.409,0.2704671613548387,0.7050000000000001,0.7323999999999999,0.7738999999999999,0.6709047018851075,4.0,7.0,15.0,2.0,9.0,19.0,3.0,8.0,18.0,0.0,1.0,1.0,79.0,127.0,205.0,1,0,0.456135,0.456135,0.48,0.853,0.0,0.0,14.0,1.7602646666666673,1.399051,1.5102532,1.9397565705396072,1.7602646666666673,1.399051,1.3582348,1.9397547000204025,0.4033333333333335,0.40199999999999997,0.42300000000000004,0.42870121090586816,0.793,0.78,0.8019999999999999,0.7965374397105615,4.0,6.0,13.0,4.0,8.0,12.0,6.0,9.0,14.0,0.0,0.0,1.0,51.0,88.0,165.0,-1,0.581915,0.581915,0.040000000000000036,-0.010000000000000009,-0.904038333333334,-0.7007670000000001,-0.72915698,-1.223824756184447,-0.9040383333333338,-0.7007670000000001,-0.65314848,-1.224017483561202,-0.10000000000000009,-0.07399999999999995,-0.014000000000000068,-0.15823404955102943,-0.08799999999999997,-0.04760000000000009,-0.028100000000000014,-0.12563273782545392
20231007_Metz_Nice,2023-10-07 15:00:00,2023,Metz,Nice,0,1,0.263633,0.263633,0.32,0.782,0.0,0.0,16.0,0.7553803333333331,0.8410486,0.69641782,0.6735364725742063,0.7553803333333334,0.8410485999999999,0.62040792,0.673528688658368,0.3700000000000001,0.35400000000000004,0.406,0.36601868645419355,0.7436666666666666,0.7386,0.7699999999999999,0.7497161880754042,1.0,4.0,9.0,4.0,6.0,19.0,4.0,5.0,18.0,0.0,0.0,1.0,72.0,114.0,216.0,1,0,1.51523,1.51523,0.68,0.889,1.0,0.0,13.0,1.3614033333333335,1.639114,2.142503,1.082658380334243,1.3614033333333335,1.639114,2.142503,1.0826583803342114,0.43333333333333335,0.5,0.5066666666666667,0.5188170630135124,0.8069999999999999,0.8192,0.8278888888888889,0.8209277941716241,4.0,6.0,14.0,2.0,2.0,7.0,7.0,10.0,16.0,0.0,0.0,0.0,57.0,75.0,110.0,-1,-1.251597,-1.251597,-0.36000000000000004,-0.10699999999999998,-0.6060230000000004,-0.7980653999999999,-1.44608518,-0.40912190776003676,-0.6060230000000001,-0.7980654,-1.5220950800000002,-0.40912969167584334,-0.06333333333333324,-0.14599999999999996,-0.10066666666666668,-0.15279837655931883,-0.06333333333333335,-0.0806,-0.05788888888888899,-0.0712116060962199
20231029_Metz_Le Havre,2023-10-29 14:00:00,2023,Metz,Le Havre,0,0,0.469858,0.469858,0.42,0.738,2.0,0.0,22.0,0.5275573333333332,0.6500598,0.7201582,0.6455427389029683,0.5275573333333333,0.6500598,0.6441483,0.6455424275463347,0.3033333333333334,0.336,0.343,0.2658407474581677,0.7243333333333334,0.7338,0.7457999999999999,0.679908647523016,1.0,2.0,9.0,6.0,7.0,17.0,3.0,7.0,16.0,0.0,0.0,1.0,70.0,121.0,242.0,0,0,0.890469,0.890469,0.58,0.8029999999999999,2.0,0.0,21.0,1.0114763333333334,1.0606697999999999,1.0594448888888888,1.5392354766336003,1.0114763333333334,1.0606697999999999,1.0594448888888888,1.5392354766336003,0.37999999999999995,0.376,0.41,0.39248501760000004,0.7956666666666666,0.778,0.7794444444444444,0.7679389593600001,0.0,2.0,10.0,5.0,6.0,12.0,5.0,9.0,13.0,1.0,1.0,2.0,55.0,95.0,158.0,0,-0.42061099999999996,-0.42061099999999996,-0.15999999999999998,-0.06499999999999995,-0.4839190000000002,-0.4106099999999999,-0.3392866888888888,-0.893692737730632,-0.4839190000000001,-0.4106099999999999,-0.41529658888888876,-0.8936930490872655,-0.07666666666666655,-0.03999999999999998,-0.06699999999999995,-0.12664427014183233,-0.07133333333333325,-0.04420000000000002,-0.03364444444444448,-0.08803031183698407
20231112_Metz_Nantes,2023-11-12 14:00:00,2023,Metz,Nantes,3,1,0.940982,0.940982,0.34,0.698,0.0,0.0,34.0,0.6191919999999999,0.5439446,0.6687354999999999,0.6347533895561188,0.619192,0.5439446,0.6687355,0.6347533771018534,0.3366666666666667,0.33399999999999996,0.353,0.3498336298983267,0.711,0.73,0.7363999999999999,0.7364763459009207,2.0,2.0,8.0,3.0,7.0,12.0,6.0,6.0,14.0,0.0,0.0,1.0,74.0,111.0,235.0,1,3,1.75389,1.75389,0.66,0.8270000000000001,0.0,0.0,10.0,1.504933333333333,1.5319226000000001,1.385509,1.5047021995601189,1.5049333333333335,1.5319226000000001,1.2334895,1.5045059950181665,0.51,0.504,0.45199999999999996,0.496167512161955,0.8133333333333335,0.8064,0.7905,0.7838625550147632,2.0,5.0,15.0,5.0,9.0,18.0,5.0,12.0,19.0,0.0,1.0,2.0,41.0,88.0,212.0,1,-0.812908,-0.812908,-0.32,-0.12900000000000011,-0.8857413333333332,-0.9879780000000001,-0.7167735000000002,-0.869948810004,-0.8857413333333335,-0.9879780000000001,-0.5647539999999999,-0.8697526179163131,-0.17333333333333328,-0.17000000000000004,-0.09899999999999998,-0.14633388226362826,-0.1023333333333335,-0.07640000000000002,-0.05410000000000004,-0.0473862091138425
20231210_Metz_Brest,2023-12-10 14:00:00,2023,Metz,Brest,0,1,0.632144,0.632144,0.33,0.6709999999999999,3.0,0.0,35.0,1.5510206666666664,1.1580226,0.9040412,1.818511051116449,0.7865803333333332,0.6993584,0.6747091000000001,0.47031825101681485,0.3400000000000001,0.35600000000000004,0.346,0.34647866903918656,0.7373333333333334,0.7378,0.7358,0.7754278107672075,6.0,7.0,9.0,5.0,6.0,13.0,1.0,4.0,11.0,0.0,0.0,0.0,73.0,114.0,235.0,1,0,0.219846,0.219846,0.67,0.807,2.0,0.0,19.0,1.5605536666666666,1.4201602,1.3598464,1.0865885553846506,1.3071893333333333,1.2681416000000003,1.2838371,0.9649736742885928,0.5500000000000002,0.526,0.526,0.598439404678907,0.7829999999999999,0.7824,0.7664,0.813071881966373,7.0,9.0,13.0,2.0,7.0,10.0,4.0,11.0,26.0,0.0,1.0,1.0,70.0,91.0,176.0,-1,0.41229800000000005,0.41229800000000005,-0.34,-0.13600000000000012,-0.009533000000000236,-0.26213759999999997,-0.4558051999999999,0.7319224957317985,-0.5206090000000001,-0.5687832000000003,-0.6091279999999999,-0.49465542327177797,-0.21000000000000008,-0.16999999999999998,-0.18000000000000005,-0.25196073563972043,-0.04566666666666652,-0.04459999999999997,-0.03059999999999996,-0.037644071199165574
20231217_Metz_Montpellier,2023-12-17 14:00:00,2023,Metz,Montpellier,0,1,0.850081,0.850081,0.52,0.737,2.0,0.0,17.0,1.4480746666666666,1.1904797999999999,0.9042979000000001,0.8694174102232898,0.6836343333333333,0.7318156,0.6749658000000001,0.599778850203363,0.3366666666666667,0.33799999999999997,0.354,0.3332957338078373,0.7283333333333334,0.7243999999999999,0.7376,0.6918855621534414,3.0,7.0,8.0,5.0,7.0,14.0,4.0,5.0,12.0,0.0,0.0,0.0,74.0,127.0,233.0,1,0,0.766157,0.766157,0.48,0.747,2.0,0.0,42.0,1.6830500000000004,1.5799018,1.6414225999999998,1.3645083075369577,1.4296833333333339,1.2758618,1.4133936000000002,1.3353189108686208,0.4500000000000001,0.458,0.42699999999999994,0.3633791810674492,0.7040000000000001,0.7226,0.736,0.651432095027705,1.0,2.0,8.0,3.0,6.0,11.0,10.0,12.0,18.0,1.0,1.0,1.0,58.0,104.0,201.0,-1,0.083924,0.083924,0.040000000000000036,-0.010000000000000009,-0.23497533333333376,-0.38942200000000016,-0.7371246999999997,-0.49509089731366795,-0.7460490000000005,-0.5440461999999999,-0.7384278000000002,-0.7355400606652578,-0.1133333333333334,-0.12000000000000005,-0.07299999999999995,-0.03008344725961193,0.024333333333333318,0.0017999999999999128,0.0016000000000000458,0.040453467125736386
20240114_Metz_Toulouse,2024-01-14 14:00:00,2023,Metz,Toulouse,0,1,0.558992,0.558992,0.4,0.748,3.0,1.0,10.0,0.5437786666666664,1.0686832000000002,0.8405607000000002,0.2900784564089316,0.5437786666666665,0.6100190000000001,0.6112286,0.2792929140081345,0.3700000000000001,0.358,0.346,0.3045318293523135,0.7133333333333333,0.7308,0.7267,0.7311954224861377,1.0,4.0,9.0,5.0,9.0,14.0,6.0,7.0,13.0,0.0,0.0,0.0,68.0,107.0,231.0,1,0,0.952191,0.192095,0.6,0.8270000000000001,2.0,0.0,33.0,1.2924723333333334,1.2505514,1.2004594,1.4413844295171268,1.0391073333333336,1.0985324,1.0484399,1.4170224723772014,0.5166666666666666,0.508,0.501,0.538786120143341,0.8073333333333332,0.8150000000000001,0.7978,0.8065199802889361,1.0,2.0,6.0,5.0,7.0,15.0,9.0,15.0,28.0,0.0,0.0,0.0,54.0,94.0,209.0,-1,-0.39319899999999997,0.36689700000000003,-0.19999999999999996,-0.07900000000000007,-0.748693666666667,-0.1818681999999998,-0.3598986999999998,-1.1513059731081952,-0.4953286666666671,-0.4885134,-0.43721129999999997,-1.1377295583690668,-0.1466666666666665,-0.15000000000000002,-0.15500000000000003,-0.23425429079102755,-0.09399999999999997,-0.08420000000000005,-0.07109999999999994,-0.07532455780279845
20240204_Metz_Lorient,2024-02-04 14:00:00,2023,Metz,Lorient,1,2,0.822983,0.822983,0.44,0.705,3.0,0.0,14.0,0.27595966666666644,0.46202080000000006,0.8100217000000001,0.19686265825635724,0.2759596666666666,0.4620208,0.5806896,0.19643123656032538,0.3333333333333334,0.37,0.363,0.34818127317409253,0.7293333333333333,0.7192,0.7285,0.7153278168994455,1.0,1.0,8.0,5.0,7.0,13.0,5.0,10.0,14.0,1.0,1.0,1.0,58.0,110.0,224.0,2,1,1.37239,1.37239,0.56,0.831,1.0,0.0,40.0,0.7377300000000001,1.080498,0.8941203,1.3516250996932297,0.7377300000000001,1.080498,0.8941203,1.3516250996932233,0.40666666666666673,0.44800000000000006,0.471,0.4220508885601806,0.7946666666666666,0.7966,0.8069,0.7991637984467833,3.0,6.0,9.0,10.0,16.0,22.0,10.0,18.0,32.0,0.0,0.0,0.0,61.0,91.0,195.0,-1,-0.549407,-0.549407,-0.12000000000000005,-0.126,-0.46177033333333367,-0.6184771999999998,-0.08409859999999991,-1.1547624414368725,-0.4617703333333335,-0.6184772,-0.31343069999999995,-1.155193863132898,-0.0733333333333333,-0.07800000000000007,-0.10799999999999998,-0.07386961538608805,-0.06533333333333335,-0.07740000000000002,-0.07839999999999991,-0.08383598154733785
20240223_Metz_Lyon,2024-02-23 20:00:00,2023,Metz,Lyon,1,2,1.76992,1.76992,0.38,0.738,1.0,0.0,30.0,0.9025309999999998,0.6772722,0.8729777000000001,0.9242389972660509,0.9025310000000001,0.6772722,0.6436455999999999,0.9242355458924827,0.4133333333333334,0.396,0.377,0.43926545018539276,0.7413333333333334,0.736,0.7333999999999999,0.7679626225351955,2.0,2.0,6.0,6.0,8.0,17.0,6.0,10.0,17.0,0.0,1.0,1.0,74.0,116.0,223.0,2,1,1.25668,1.25668,0.62,0.779,2.0,0.0,19.0,1.3402756666666675,1.171845,1.5111713999999998,0.9182116611755051,1.340275666666667,1.171845,1.5111713999999998,0.9182116610757183,0.4666666666666666,0.522,0.488,0.49519223016947983,0.8036666666666666,0.8230000000000001,0.8137000000000001,0.8086271717340834,4.0,7.0,14.0,1.0,7.0,13.0,4.0,6.0,13.0,0.0,2.0,3.0,67.0,82.0,198.0,-1,0.5132399999999999,0.5132399999999999,-0.24,-0.041000000000000036,-0.4377446666666678,-0.49457280000000003,-0.6381936999999998,0.006027336090545732,-0.437744666666667,-0.49457280000000003,-0.8675257999999999,0.006023884816764413,-0.05333333333333323,-0.126,-0.11099999999999999,-0.05592677998408707,-0.06233333333333324,-0.08700000000000008,-0.08030000000000015,-0.040664549198887845
20240310_Metz_Clermont Foot,2024-03-10 14:00:00,2023,Metz,Clermont Foot,1,0,1.82804,1.06794,0.34,0.688,1.0,0.0,20.0,1.687910333333333,1.3683926000000002,0.9152067,2.211716759890642,1.4345436666666664,1.2163726000000001,0.8391966999999999,1.6036366218356992,0.4566666666666667,0.43000000000000005,0.4,0.5023706180074158,0.778,0.7564,0.7378,0.8047985049014078,3.0,5.0,6.0,5.0,8.0,15.0,6.0,9.0,19.0,0.0,0.0,1.0,95.0,143.0,253.0,0,1,0.624762,0.624762,0.66,0.8320000000000001,3.0,0.0,22.0,1.3185149999999999,1.1928050000000001,1.0715607,1.017157996367048,1.0651483333333334,1.040785,0.9955507000000001,0.8955419958688746,0.44333333333333336,0.438,0.45599999999999996,0.43786191902719945,0.806,0.7968,0.7908999999999999,0.787890280994443,2.0,3.0,8.0,8.0,13.0,20.0,3.0,6.0,12.0,1.0,2.0,3.0,61.0,99.0,190.0,1,1.203278,0.44317799999999985,-0.32,-0.14400000000000013,0.3693953333333331,0.17558760000000007,-0.156354,1.194558763523594,0.3693953333333331,0.17558760000000007,-0.15635400000000022,0.7080946259668246,0.013333333333333364,-0.007999999999999952,-0.05599999999999994,0.06450869898021633,-0.028000000000000025,-0.04039999999999999,-0.053099999999999925,0.01690822390696478
20240330_Metz_Monaco,2024-03-30 16:00:00,2023,Metz,Monaco,2,5,1.76276,1.76276,0.36,0.779,0.0,0.0,20.0,1.7721866666666664,1.6031682,1.0621952000000001,1.2802110703956255,1.265453333333333,1.2991282,0.9101752,1.1342718648734278,0.4033333333333335,0.41000000000000003,0.383,0.34649482472029663,0.7469999999999999,0.751,0.7391,0.7286719401960563,4.0,5.0,8.0,2.0,7.0,15.0,7.0,11.0,19.0,0.0,0.0,1.0,83.0,139.0,245.0,5,2,2.86235,2.86235,0.64,0.862,0.0,0.0,9.0,2.4009899999999997,2.245736,1.8442976999999998,3.054489922045749,2.40099,2.0722639999999997,1.6815517,3.048938506708776,0.49666666666666665,0.508,0.5010000000000001,0.5274035802986942,0.7956666666666666,0.784,0.7749,0.8258532070871958,3.0,7.0,16.0,2.0,6.0,15.0,6.0,10.0,26.0,1.0,1.0,4.0,76.0,114.0,219.0,-1,-1.09959,-1.09959,-0.28,-0.08299999999999996,-0.6288033333333334,-0.6425677999999999,-0.7821024999999997,-1.7742788516501233,-1.135536666666667,-0.7731357999999997,-0.7713765,-1.9146666418353482,-0.09333333333333316,-0.09799999999999998,-0.1180000000000001,-0.18090875557839753,-0.04866666666666675,-0.03300000000000003,-0.035800000000000054,-0.09718126689113948
20240412_Metz_Lens,2024-04-12 19:00:00,2023,Metz,Lens,2,1,0.802713,0.802713,0.3,0.6659999999999999,2.0,0.0,36.0,1.6557299999999995,1.8319360000000002,1.3756969,1.9975380428158251,1.6557300000000001,1.5278960000000001,1.2236769,1.9917004745949374,0.34666666666666673,0.382,0.387,0.34345979298881185,0.747,0.7497999999999999,0.7419,0.7369868776078423,6.0,9.0,12.0,11.0,11.0,20.0,5.0,8.0,16.0,0.0,0.0,0.0,73.0,132.0,268.0,1,2,1.90927,1.14918,0.7,0.846,5.0,0.0,12.0,1.0453853333333332,1.4480606,1.6291812999999997,0.9973171767151343,1.0453853333333336,1.2960406,1.5531713000000003,0.996344186347797,0.5599999999999999,0.526,0.5249999999999999,0.560350604708866,0.79,0.8046,0.8046,0.768139387649525,3.0,7.0,16.0,6.0,6.0,11.0,9.0,12.0,26.0,0.0,0.0,0.0,43.0,80.0,158.0,1,-1.106557,-0.3464670000000001,-0.39999999999999997,-0.18000000000000005,0.6103446666666663,0.3838754000000002,-0.25348439999999983,1.0002208661006908,0.6103446666666665,0.23185540000000016,-0.3294944000000002,0.9953562882471404,-0.2133333333333332,-0.14400000000000002,-0.1379999999999999,-0.21689081172005414,-0.04300000000000004,-0.05480000000000007,-0.06269999999999998,-0.031152510041682735
20240428_Metz_Lille,2024-04-28 11:00:00,2023,Metz,Lille,1,2,1.28183,0.521738,0.3,0.7170000000000001,1.0,0.0,17.0,1.4615643333333332,1.4543046,1.5118543,1.4096316017126331,1.4615643333333335,1.4543046,1.3598343,1.4093980989837975,0.3333333333333334,0.33999999999999997,0.375,0.34973839171955245,0.6930000000000001,0.7182000000000001,0.7356,0.6832394751043136,6.0,9.0,14.0,5.0,12.0,18.0,6.0,10.0,17.0,0.0,0.0,0.0,102.0,146.0,295.0,2,1,0.882087,0.882087,0.7,0.8859999999999999,2.0,0.0,10.0,1.4975966666666665,1.3882282,1.6815277000000002,1.3022705404805337,1.2442333333333337,1.2362102,1.5160337,1.2779458278237485,0.5433333333333333,0.522,0.541,0.5617072867832399,0.8286666666666668,0.8216000000000001,0.8276,0.8312306927955777,4.0,7.0,15.0,2.0,4.0,12.0,5.0,8.0,20.0,0.0,0.0,0.0,50.0,96.0,172.0,-1,0.39974300000000007,-0.3603489999999999,-0.39999999999999997,-0.16899999999999982,-0.03603233333333322,0.06607640000000004,-0.1696734000000002,0.10736106123209943,0.21733099999999972,0.21809440000000002,-0.1561994,0.13145227116004898,-0.2099999999999999,-0.18200000000000005,-0.16600000000000004,-0.21196889506368743,-0.1356666666666667,-0.10340000000000005,-0.09199999999999997,-0.1479912176912641
20240504_Metz_Rennes,2024-05-04 17:00:00,2023,Metz,Rennes,2,3,0.829235,0.829235,0.36,0.6920000000000001,2.0,1.0,24.0,1.1953876666666663,1.4858566,1.5445124,1.3073903203425268,0.9420236666666666,1.3338382000000002,1.3164832,0.6992700197967595,0.32000000000000006,0.33199999999999996,0.371,0.30994767834391046,0.6890000000000001,0.7150000000000001,0.733,0.7102478950208628,4.0,9.0,14.0,3.0,12.0,19.0,6.0,7.0,18.0,0.0,0.0,0.0,90.0,139.0,278.0,3,2,2.01818,1.25809,0.64,0.831,3.0,0.0,15.0,1.867173,1.6358565999999999,1.7724730999999998,2.295117513063556,1.613806333333333,1.4838366,1.5398019,2.1733065861058973,0.5233333333333333,0.5279999999999999,0.49000000000000005,0.485564459009461,0.8196666666666667,0.8200000000000001,0.8134,0.8077466939816063,8.0,8.0,17.0,7.0,10.0,16.0,11.0,14.0,22.0,0.0,1.0,1.0,61.0,99.0,194.0,-1,-1.188945,-0.4288549999999999,-0.28,-0.1389999999999999,-0.6717853333333337,-0.1499999999999999,-0.2279606999999999,-0.9877271927210292,-0.6717826666666664,-0.14999839999999987,-0.2233187000000001,-1.4740365663091377,-0.20333333333333325,-0.19599999999999995,-0.11900000000000005,-0.17561678066555053,-0.1306666666666666,-0.10499999999999998,-0.08040000000000003,-0.09749879896074343
20240519_Metz_Paris Saint Germain,2024-05-19 19:00:00,2023,Metz,Paris Saint Germain,0,2,1.20722,1.20722,0.24,0.6940000000000001,2.0,0.0,24.0,1.0026679999999997,1.0624674,1.4472017,0.9025244128137011,0.7493039999999999,0.9104490000000001,1.2191724999999998,0.8781996007918704,0.32000000000000006,0.32399999999999995,0.35300000000000004,0.3099979071337564,0.6976666666666667,0.6886000000000001,0.7192000000000001,0.6863299158008345,4.0,7.0,16.0,7.0,8.0,19.0,5.0,10.0,18.0,1.0,1.0,1.0,66.0,139.0,271.0,2,0,2.92879,2.92879,,,,,,1.7358199999999993,2.055384,2.021574,1.4863436930539284,1.7358199999999997,2.055384,2.021574,1.4863436178342628,,,,,,,,,6.0,14.0,25.0,7.0,9.0,14.0,,,,,,,,,,-1,-1.7215699999999998,-1.7215699999999998,,,-0.7331519999999996,-0.9929166,-0.5743723000000003,-0.5838192802402273,-0.9865159999999998,-1.144935,-0.8024015000000004,-0.6081440170423924,,,,,,,,
20220813_Monaco_Rennes,2022-08-13 15:00:00,2022,Monaco,Rennes,1,1,2.39524,1.63515,0.35,0.7559999999999999,0.0,1.0,20.0,1.7665966666666666,1.6955759999999998,2.051792,2.251366447654661,1.7665966666666668,1.543556,1.5808292,2.2503729993607697,0.5066666666666667,0.52,0.5609999999999999,0.49744119665593184,0.7616666666666667,0.7767999999999999,0.7988999999999999,0.776093869535334,4.0,7.0,22.0,2.0,5.0,5.0,6.0,10.0,16.0,0.0,2.0,2.0,44.0,68.0,126.0,1,1,2.02488,2.02488,0.65,0.8640000000000001,3.0,0.0,17.0,1.0186346666666664,0.9509888,1.5410866,1.3554645485834365,1.0186346666666664,0.9509888000000002,1.3890746,1.3554626807091006,0.6366666666666667,0.578,0.592,0.6356836372796959,0.8533333333333334,0.8332,0.8385,0.8661082344779021,3.0,4.0,18.0,3.0,5.0,9.0,6.0,11.0,28.0,1.0,2.0,3.0,32.0,57.0,124.0,0,0.3703599999999998,-0.3897299999999999,-0.30000000000000004,-0.10800000000000021,0.7479620000000002,0.7445871999999998,0.5107053999999998,0.8959018990712244,0.7479620000000005,0.5925671999999997,0.1917545999999999,0.8949103186516691,-0.13,-0.05799999999999994,-0.031000000000000028,-0.13824244062376406,-0.09166666666666667,-0.05640000000000012,-0.03960000000000008,-0.09001436494256809
20220820_Monaco_Lens,2022-08-20 15:00:00,2022,Monaco,Lens,1,4,2.27892,2.27892,0.46,0.83,4.0,1.0,11.0,2.060963333333333,1.750798,2.048011,2.366465289530932,1.8076,1.59878,1.5770491999999998,1.758194599872154,0.49000000000000005,0.49399999999999994,0.5369999999999999,0.3794882393311863,0.7783333333333333,0.783,0.7933,0.7600187739070667,3.0,6.0,19.0,2.0,3.0,6.0,4.0,9.0,14.0,1.0,1.0,3.0,42.0,73.0,132.0,4,1,2.45812,1.69802,0.54,0.85,0.0,0.0,9.0,1.5275799999999997,1.417888,1.4413753999999999,1.3697639194482045,1.274213333333333,1.265868,1.1373495999999998,1.248137020451184,0.5333333333333333,0.55,0.492,0.6257852027624389,0.793,0.817,0.799,0.827017659618478,3.0,3.0,12.0,2.0,8.0,14.0,7.0,12.0,25.0,0.0,1.0,4.0,54.0,70.0,202.0,-1,-0.17920000000000025,0.5808999999999997,-0.08000000000000002,-0.020000000000000018,0.5333833333333333,0.33291000000000004,0.6066355999999999,0.9967013700827274,0.5333866666666671,0.3329120000000001,0.43969959999999997,0.5100575794209701,-0.04333333333333328,-0.056000000000000105,0.04499999999999993,-0.24629696343125257,-0.014666666666666717,-0.03399999999999992,-0.005700000000000038,-0.06699888571141122
20220831_Monaco_Troyes,2022-08-31 17:00:00,2022,Monaco,Troyes,2,4,1.69464,1.69464,0.52,0.815,3.0,1.0,17.0,1.6373179999999996,1.7399207999999997,1.6613903999999997,0.6495210115812372,1.3839546666666669,1.5879027999999997,1.5093713999999998,0.625190183994886,0.38000000000000006,0.45199999999999996,0.491,0.35277952957324743,0.7886666666666665,0.789,0.7884,0.7872007509562827,3.0,5.0,14.0,6.0,7.0,11.0,8.0,12.0,21.0,2.0,2.0,4.0,42.0,64.0,136.0,4,2,2.68434,1.92425,0.48,0.826,1.0,0.0,23.0,1.3685336666666668,1.48708525,1.48708525,1.9816154240000001,1.1151686666666667,1.1070365,1.1070365,1.8539194240000003,0.3866666666666667,0.405,0.405,0.46064,0.791,0.7985,0.7985,0.8241360000000001,4.0,6.0,6.0,8.0,11.0,11.0,5.0,5.0,5.0,0.0,0.0,0.0,52.0,66.0,66.0,-1,-0.9897000000000002,-0.2296100000000001,0.040000000000000036,-0.01100000000000001,0.26878433333333285,0.2528355499999997,0.1743051499999997,-1.3320944124187628,0.2687860000000002,0.48086629999999975,0.40233489999999983,-1.2287292400051144,-0.006666666666666654,0.04699999999999993,0.08599999999999997,-0.10786047042675256,-0.0023333333333335204,-0.009499999999999953,-0.010099999999999998,-0.036935249043717366
20220911_Monaco_Lyon,2022-09-11 18:45:00,2022,Monaco,Lyon,2,1,1.64905,1.64905,0.39,0.732,1.0,0.0,37.0,1.0329279999999998,1.5545887999999999,1.6250823999999997,1.2302032404632495,1.0329280000000003,1.4025708,1.4730633999999998,1.2292300073597953,0.44333333333333336,0.42799999999999994,0.47400000000000003,0.48131118118292987,0.8029999999999999,0.799,0.7879,0.8130880300382514,4.0,6.0,13.0,5.0,10.0,15.0,8.0,12.0,22.0,1.0,3.0,5.0,41.0,72.0,140.0,1,2,2.28122,2.28122,0.61,0.8,2.0,0.0,10.0,2.3489133333333334,2.392646,2.3472832000000006,2.184823224769873,2.348913333333334,2.392646,2.1952632,2.184627070031599,0.64,0.6639999999999999,0.622,0.6560277863582471,0.847,0.8524,0.844,0.8562238781234246,8.0,13.0,29.0,4.0,6.0,15.0,5.0,6.0,14.0,0.0,0.0,4.0,24.0,41.0,79.0,1,-0.6321699999999999,-0.6321699999999999,-0.21999999999999997,-0.06800000000000006,-1.3159853333333336,-0.8380572000000002,-0.7222008000000009,-0.9546199843066236,-1.3159853333333336,-0.9900752000000002,-0.7221998000000001,-0.9553970626718038,-0.19666666666666666,-0.236,-0.14799999999999996,-0.17471660517531723,-0.04400000000000004,-0.0534,-0.05609999999999993,-0.043135848085173234
20221002_Monaco_Nantes,2022-10-02 15:05:00,2022,Monaco,Nantes,4,1,2.18299,1.4229,0.49,0.8390000000000001,0.0,0.0,14.0,1.6268866666666666,1.3626188,1.6787043999999998,1.9652641296185298,1.6268866666666668,1.3626188,1.6026954,1.9652252002943915,0.5133333333333333,0.47800000000000004,0.472,0.6176524472473172,0.7953333333333333,0.7962,0.7852,0.8216435212015301,6.0,9.0,15.0,1.0,6.0,13.0,5.0,12.0,22.0,0.0,1.0,3.0,62.0,90.0,165.0,1,4,0.406108,0.406108,0.51,0.846,1.0,0.0,15.0,0.5927763333333332,0.8328326,1.3740783,0.7359874615966975,0.5927763333333331,0.8328326,1.2980753,0.7357928191961535,0.4466666666666666,0.476,0.442,0.43623090512565377,0.8250000000000001,0.8150000000000001,0.7585,0.8189416457729487,2.0,6.0,13.0,6.0,8.0,13.0,5.0,8.0,16.0,1.0,1.0,1.0,47.0,78.0,196.0,1,1.776882,1.0167920000000001,-0.020000000000000018,-0.006999999999999895,1.0341103333333335,0.5297861999999999,0.3046260999999997,1.2292766680218323,1.0341103333333337,0.5297861999999999,0.30462009999999995,1.229432381098238,0.06666666666666671,0.0020000000000000573,0.02999999999999997,0.1814215421216634,-0.02966666666666673,-0.01880000000000004,0.026700000000000057,0.0027018754285813573
20221016_Monaco_Clermont Foot,2022-10-16 15:05:00,2022,Monaco,Clermont Foot,1,1,1.00523,0.10322,0.35,0.716,3.0,1.0,16.0,1.8945633333333332,1.699818,1.7585334,1.576240965184741,1.6412000000000002,1.5478,1.6065154,1.4546250080117755,0.5533333333333333,0.506,0.466,0.5031060978898927,0.8176666666666667,0.7998000000000001,0.7952,0.7863057408480613,9.0,12.0,19.0,1.0,2.0,13.0,6.0,8.0,21.0,0.0,0.0,3.0,56.0,106.0,181.0,1,1,2.49917,2.49917,0.65,0.879,4.0,0.0,9.0,1.3230566666666665,1.2871831999999999,0.9506876,1.3888334203146238,1.3230566666666665,1.2871831999999999,0.8746779,1.3888318636359678,0.5133333333333333,0.48999999999999994,0.489,0.4835826176,0.7770000000000001,0.7626000000000001,0.7946,0.7638571724800001,6.0,8.0,14.0,5.0,5.0,15.0,3.0,9.0,20.0,0.0,0.0,1.0,51.0,101.0,169.0,0,-1.4939399999999998,-2.39595,-0.30000000000000004,-0.16300000000000003,0.5715066666666666,0.4126348000000002,0.8078458,0.18740754487011735,0.31814333333333367,0.2606168000000002,0.7318374999999999,0.06579314437580774,0.040000000000000036,0.01600000000000007,-0.022999999999999965,0.019523480289892703,0.04066666666666652,0.03720000000000001,0.0006000000000000449,0.022448568368061195
20221030_Monaco_Angers,2022-10-30 14:00:00,2022,Monaco,Angers,2,0,1.93991,1.17982,0.52,0.7909999999999999,3.0,0.0,4.0,1.4017833333333334,1.69072,1.5480354,1.6356304386073897,1.1011133333333338,1.3582999999999998,1.3818253999999999,1.486444200320471,0.42,0.484,0.45999999999999996,0.4041242439155957,0.7380000000000001,0.7786000000000001,0.7864,0.7252122296339225,6.0,13.0,20.0,5.0,6.0,16.0,8.0,11.0,24.0,1.0,1.0,3.0,53.0,79.0,168.0,0,2,0.437042,0.437042,0.48,0.8240000000000001,3.0,0.0,21.0,1.5106773333333334,1.5806744,1.4989997000000002,1.0701320259795575,1.5106773333333334,1.5806744,1.3469803,1.0699296570169972,0.42999999999999994,0.44399999999999995,0.46099999999999997,0.3328127775094956,0.7716666666666666,0.79,0.7961,0.7197491382268786,5.0,6.0,12.0,8.0,11.0,27.0,6.0,10.0,19.0,0.0,1.0,3.0,38.0,66.0,144.0,1,1.502868,0.7427780000000002,0.040000000000000036,-0.03300000000000014,-0.10889400000000005,0.11004560000000008,0.049035699999999904,0.5654984126278322,-0.4095639999999996,-0.22237440000000008,0.03484509999999985,0.4165145433034738,-0.009999999999999953,0.040000000000000036,-0.0010000000000000009,0.07131146640610009,-0.03366666666666651,-0.011399999999999966,-0.009700000000000042,0.00546309140704393
20221113_Monaco_Marseille,2022-11-13 19:45:00,2022,Monaco,Marseille,2,3,1.52658,0.766555,0.42,0.7659999999999999,3.0,0.0,10.0,1.9121366666666668,1.635416,1.6935369999999998,2.0012668175442956,1.6587733333333337,1.302996,1.451318,1.8736849680128191,0.4833333333333334,0.45999999999999996,0.485,0.5153649697566238,0.7586666666666666,0.7532,0.7806,0.7643684891853568,7.0,10.0,22.0,4.0,5.0,11.0,6.0,12.0,20.0,0.0,1.0,2.0,24.0,70.0,163.0,3,2,2.71425,2.71425,0.58,0.863,1.0,0.0,22.0,1.6703500000000002,1.491756,1.7206319999999997,1.2401712332837944,1.6703499999999998,1.3397374,1.5686127,1.2391980027872809,0.5066666666666665,0.532,0.547,0.47652211907948017,0.7966666666666667,0.8106,0.8141,0.7816150756033156,3.0,4.0,13.0,3.0,6.0,8.0,5.0,5.0,16.0,0.0,1.0,1.0,40.0,64.0,130.0,-1,-1.1876699999999998,-1.947695,-0.15999999999999998,-0.09700000000000009,0.2417866666666666,0.1436599999999999,-0.02709499999999987,0.7610955842605012,-0.011576666666666124,-0.036741399999999924,-0.11729469999999997,0.6344869652255383,-0.023333333333333095,-0.07200000000000006,-0.062000000000000055,0.03884285067714366,-0.038000000000000145,-0.05740000000000001,-0.033500000000000085,-0.01724658641795873
20230101_Monaco_Brest,2023-01-01 14:00:00,2022,Monaco,Brest,1,0,1.11357,1.11357,0.51,0.805,3.0,0.0,17.0,1.63968,1.724726,1.6961600000000001,1.4128154727017719,1.132971666666667,1.268683,1.3019285,0.6780281987205127,0.52,0.49800000000000005,0.489,0.583814598790265,0.7736666666666666,0.7672,0.7737,0.7883347395674143,7.0,12.0,24.0,5.0,9.0,12.0,4.0,9.0,19.0,0.0,0.0,1.0,37.0,48.0,157.0,0,1,0.984132,0.984132,0.49,0.758,4.0,0.0,14.0,1.4764966666666668,1.741508,1.3054866,1.3101764737618455,0.9697659999999999,1.2854516,1.0014485,1.06597252720537,0.47000000000000003,0.45999999999999996,0.476,0.44838050920115,0.7799999999999999,0.7678,0.7715,0.749154158586713,4.0,7.0,10.0,6.0,7.0,16.0,6.0,8.0,21.0,0.0,0.0,0.0,39.0,80.0,168.0,1,0.12943799999999994,0.12943799999999994,0.020000000000000018,0.04700000000000004,0.16318333333333324,-0.016782000000000075,0.39067340000000006,0.10263899893992634,0.16320566666666703,-0.016768600000000022,0.3004800000000001,-0.38794432848485727,0.04999999999999999,0.03800000000000009,0.013000000000000012,0.13543408958911496,-0.006333333333333302,-0.0006000000000000449,0.0022000000000000908,0.03918058098070132
20230115_Monaco_Ajaccio,2023-01-15 16:05:00,2022,Monaco,Ajaccio,7,1,4.16711,3.40701,0.65,0.8370000000000001,1.0,0.0,3.0,1.3633966666666666,1.529718,1.597684,1.527467818908071,1.1100300000000003,1.2256930000000001,1.2034525000000003,1.4980763279488205,0.57,0.53,0.492,0.5689525839516105,0.8029999999999999,0.7872,0.7779999999999999,0.8083333895826967,6.0,10.0,22.0,4.0,7.0,13.0,4.0,8.0,19.0,0.0,0.0,1.0,48.0,71.0,142.0,1,7,0.215581,0.215581,0.35,0.7490000000000001,2.0,0.0,21.0,0.8476796333333333,1.7278077799999998,1.2724244900000001,0.7316544206604567,0.5943136333333333,0.9677121799999998,0.81636669,0.699540154015535,0.44,0.45599999999999996,0.45899999999999996,0.4633301712080339,0.693,0.7121999999999999,0.7366999999999999,0.6627903437718894,1.0,7.0,11.0,3.0,7.0,16.0,5.0,9.0,16.0,0.0,1.0,2.0,44.0,91.0,184.0,1,3.9515290000000003,3.1914290000000003,0.30000000000000004,0.08799999999999997,0.5157170333333333,-0.19808977999999988,0.32525951,0.7958133982476143,0.515716366666667,0.25798082000000033,0.3870858100000003,0.7985361739332855,0.12999999999999995,0.07400000000000007,0.03300000000000003,0.10562241274357664,0.10999999999999999,0.07500000000000007,0.0413,0.14554304581080735
20230201_Monaco_Auxerre,2023-02-01 20:00:00,2022,Monaco,Auxerre,3,2,1.97716,1.97716,0.44,0.7829999999999999,0.0,0.0,12.0,2.4449866666666664,1.9618340000000003,1.8077390000000002,1.969332312756323,2.1916200000000003,1.6577939999999998,1.4135065,1.846540653117953,0.54,0.55,0.497,0.4387581033580644,0.781,0.7884,0.77,0.7230533355833078,10.0,14.0,24.0,4.0,6.0,14.0,4.0,7.0,19.0,0.0,0.0,1.0,49.0,80.0,130.0,2,3,1.1306,1.1306,0.56,0.821,0.0,0.0,8.0,1.0518223333333332,1.0852195999999998,0.9412499000000001,1.5019461159315481,0.7984589999999999,0.7811834,0.7892318,0.8929011869974366,0.4633333333333333,0.454,0.45,0.5359823375140761,0.7519999999999999,0.752,0.7716999999999999,0.7627680236953028,0.0,2.0,6.0,8.0,12.0,21.0,7.0,10.0,11.0,1.0,1.0,2.0,50.0,87.0,197.0,1,0.84656,0.84656,-0.12000000000000005,-0.038000000000000034,1.3931643333333332,0.8766144000000005,0.8664891000000001,0.4673861968247748,1.3931610000000005,0.8766105999999998,0.6242747,0.9536394661205163,0.07666666666666672,0.09600000000000003,0.046999999999999986,-0.09722423415601167,0.029000000000000137,0.03639999999999999,-0.0016999999999999238,-0.03971468811199508
20230211_Monaco_Paris Saint Germain,2023-02-11 16:00:00,2022,Monaco,Paris Saint Germain,3,1,3.80363,3.80363,0.42,0.85,0.0,0.0,13.0,1.6651233333333335,2.1556919999999997,1.875098,1.5681908925102528,1.6651233333333337,2.0036720000000003,1.5710665000000001,1.5632792261247181,0.43333333333333335,0.506,0.512,0.4639503241343226,0.7589999999999999,0.7847999999999999,0.7840999999999999,0.7926021334233322,6.0,15.0,25.0,3.0,6.0,11.0,4.0,6.0,16.0,0.0,0.0,0.0,53.0,73.0,131.0,1,3,0.932921,0.932921,,,,,,2.6000199999999998,2.0131710000000003,2.1420795000000004,2.1540614528472166,2.60002,2.0131710000000003,1.9900605000000002,2.15402222439418,,,,,,,,,6.0,8.0,22.0,3.0,4.0,12.0,,,,,,,,,,1,2.870709,2.870709,,,-0.9348966666666663,0.14252099999999945,-0.2669815000000004,-0.5858705603369638,-0.9348966666666665,-0.009498999999999924,-0.4189940000000001,-0.5907429982694619,,,,,,,,
20230226_Monaco_Nice,2023-02-26 16:05:00,2022,Monaco,Nice,0,3,0.68882,0.68882,0.56,0.856,0.0,0.0,5.0,2.2935433333333335,2.081932,2.019354,1.95983643570041,2.2935433333333335,2.0819319999999997,1.7913315,1.9596399690449888,0.47000000000000003,0.44800000000000006,0.502,0.5017580129653729,0.8066666666666666,0.7797999999999999,0.7911,0.7853040853369333,7.0,11.0,26.0,2.0,5.0,13.0,4.0,6.0,14.0,0.0,0.0,0.0,49.0,90.0,151.0,3,0,1.7956,1.7956,0.44,0.8420000000000001,1.0,0.0,35.0,1.1941650000000001,1.4272369999999999,1.4585858999999999,1.3804022517785595,1.1941650000000001,1.4272370000000003,1.3825762,1.3804019378524475,0.5233333333333333,0.492,0.469,0.5325632760999305,0.8063333333333333,0.8064,0.8071999999999999,0.8095760173025659,6.0,8.0,16.0,1.0,1.0,5.0,3.0,8.0,13.0,0.0,0.0,0.0,42.0,84.0,179.0,-1,-1.10678,-1.10678,0.12000000000000005,0.013999999999999901,1.0993783333333333,0.6546950000000002,0.5607681,0.5794341839218506,1.0993783333333333,0.6546949999999994,0.40875530000000015,0.5792380311925414,-0.05333333333333329,-0.04399999999999993,0.03300000000000003,-0.03080526313455756,0.0003333333333332966,-0.026600000000000068,-0.016099999999999892,-0.024271931965632598
20230312_Monaco_Reims,2023-03-12 16:05:00,2022,Monaco,Reims,0,1,0.98037,0.98037,0.49,0.772,1.0,0.0,10.0,1.7052699999999998,2.077156,2.081147,2.441668657428016,1.7052700000000003,2.077156,2.0051370000000004,2.441660798761799,0.5633333333333334,0.516,0.515,0.5976703205186149,0.8033333333333333,0.8116,0.7988999999999999,0.7939721634134773,4.0,9.0,23.0,6.0,7.0,13.0,3.0,5.0,12.0,0.0,0.0,0.0,36.0,61.0,139.0,1,0,1.81877,1.81877,0.51,0.7879999999999999,2.0,0.0,22.0,1.2903766666666672,1.2767448,1.5005064,0.7317480575291766,1.0016213333333337,1.1034916000000001,1.3378698,0.7038329574384796,0.5299999999999999,0.5439999999999999,0.513,0.6068959575883235,0.8043333333333332,0.7948000000000001,0.8009999999999999,0.7999776598982697,4.0,8.0,15.0,0.0,0.0,4.0,3.0,4.0,11.0,0.0,0.0,0.0,54.0,94.0,159.0,-1,-0.8384,-0.8384,-0.020000000000000018,-0.015999999999999903,0.41489333333333267,0.8004112000000001,0.5806406000000002,1.7099205998988394,0.7036486666666666,0.9736643999999999,0.6672672000000004,1.7378278413233195,0.03333333333333344,-0.027999999999999914,0.0020000000000000018,-0.009225637069708581,-0.0009999999999998899,0.016799999999999926,-0.0020999999999999908,-0.0060054964847924275
20230402_Monaco_Strasbourg,2023-04-02 15:05:00,2022,Monaco,Strasbourg,4,3,1.40127,1.40127,0.5,0.742,3.0,1.0,23.0,1.75089,1.51043,2.051826,1.4193019462971206,1.75089,1.51043,1.975816,1.4193016319504719,0.56,0.5519999999999999,0.513,0.5663068128207446,0.765,0.7846,0.7887,0.7480788865365391,4.0,6.0,22.0,3.0,7.0,12.0,3.0,5.0,10.0,0.0,0.0,0.0,24.0,53.0,122.0,3,4,1.55623,1.55623,0.5,0.769,1.0,0.0,22.0,2.0294953333333337,1.7916294000000001,1.284485,2.701673821778504,1.734968666666667,1.6149134,1.1961270000000002,1.9948098217736927,0.5733333333333336,0.5039999999999999,0.441,0.5256236342885932,0.7363333333333334,0.7292,0.7379,0.7018092232204218,4.0,7.0,12.0,3.0,5.0,13.0,8.0,15.0,26.0,0.0,0.0,2.0,29.0,79.0,189.0,1,-0.15496,-0.15496,0.0,-0.027000000000000024,-0.2786053333333336,-0.2811994000000002,0.767341,-1.2823718754813833,0.01592133333333301,-0.10448340000000012,0.7796889999999999,-0.5755081898232208,-0.01333333333333353,0.04800000000000004,0.07200000000000001,0.04068317853215142,0.028666666666666618,0.055400000000000005,0.050799999999999956,0.04626966331611726
20230416_Monaco_Lorient,2023-04-16 15:05:00,2022,Monaco,Lorient,3,1,2.67195,2.67195,0.47,0.775,0.0,0.0,16.0,1.5088733333333335,1.6646639999999997,1.7869929999999996,1.616479277851885,1.5088733333333337,1.6646639999999997,1.786993,1.616479265278019,0.5299999999999999,0.5379999999999999,0.51,0.5106522725128297,0.739,0.7542,0.783,0.7358431554614616,8.0,10.0,20.0,5.0,8.0,15.0,5.0,7.0,11.0,1.0,1.0,1.0,46.0,63.0,129.0,1,3,1.03367,0.273578,0.53,0.8490000000000001,1.0,0.0,33.0,0.5386794333333333,0.8590502600000001,1.08059643,0.5663577416901253,0.5386794333333333,0.8590502600000001,1.0045874300000002,0.5663188250821253,0.42333333333333334,0.45199999999999996,0.49400000000000005,0.40316203142074075,0.8156666666666667,0.8315999999999999,0.8308,0.7813029553959812,2.0,4.0,9.0,4.0,4.0,10.0,5.0,5.0,9.0,2.0,2.0,2.0,83.0,130.0,208.0,1,1.6382799999999997,2.3983719999999997,-0.06000000000000005,-0.07400000000000007,0.9701939000000002,0.8056137399999996,0.7063965699999997,1.0501215361617597,0.9701939000000004,0.8056137399999996,0.7824055699999999,1.050160440195894,0.10666666666666658,0.08599999999999997,0.01599999999999996,0.10749024109208899,-0.07666666666666666,-0.07739999999999991,-0.047799999999999954,-0.04545979993451954
20230430_Monaco_Montpellier,2023-04-30 11:00:00,2022,Monaco,Montpellier,0,4,1.35206,1.35206,0.55,0.8029999999999999,2.0,0.0,16.0,1.9582833333333332,1.7464179999999998,1.8631900000000001,1.7189871711140754,1.9582833333333334,1.7464179999999998,1.8631900000000001,1.7189871706111208,0.4533333333333333,0.488,0.504,0.3996260909005132,0.7493333333333334,0.7462000000000001,0.7763000000000001,0.7446337262184585,5.0,11.0,18.0,6.0,9.0,17.0,3.0,7.0,11.0,0.0,1.0,1.0,45.0,75.0,134.0,4,0,2.11063,2.11063,0.45,0.7609999999999999,1.0,0.0,17.0,1.018819666666667,1.3851906,1.7294704000000003,0.748121931525242,1.0188196666666671,1.3851906,1.5774514,0.748082703560197,0.38000000000000006,0.404,0.446,0.31845387955439275,0.7373333333333334,0.7295999999999999,0.7515000000000001,0.7184729360596884,3.0,6.0,17.0,4.0,6.0,7.0,6.0,11.0,16.0,1.0,2.0,3.0,61.0,104.0,193.0,-1,-0.75857,-0.75857,0.10000000000000003,0.04200000000000004,0.9394636666666663,0.36122739999999975,0.13371959999999983,0.9708652395888334,0.9394636666666663,0.36122739999999975,0.2857386000000002,0.9709044670509238,0.07333333333333325,0.08399999999999996,0.057999999999999996,0.08117221134612046,0.01200000000000001,0.01660000000000017,0.024800000000000044,0.026160790158770042
20230514_Monaco_Lille,2023-05-14 15:05:00,2022,Monaco,Lille,0,0,0.690333,0.690333,0.42,0.6920000000000001,0.0,0.0,14.0,1.4901433333333334,1.762352,1.615452,1.5529690868445631,1.4901433333333338,1.762352,1.6154519999999999,1.552969086824445,0.44333333333333336,0.462,0.5050000000000001,0.4239850436360206,0.7746666666666667,0.7666000000000001,0.7726,0.7838653490487384,2.0,7.0,15.0,8.0,11.0,20.0,6.0,7.0,13.0,0.0,0.0,1.0,41.0,73.0,125.0,0,0,1.29341,1.29341,0.58,0.7909999999999999,2.0,0.0,22.0,2.025166666666667,1.8924880000000002,1.8414840000000001,1.5071030325482613,1.7718000000000007,1.740468,1.6134555,1.4827641911387297,0.69,0.682,0.64,0.6514647781249419,0.8596666666666666,0.8583999999999999,0.8513999999999999,0.8276263892633171,4.0,6.0,17.0,2.0,4.0,10.0,5.0,9.0,23.0,0.0,0.0,0.0,31.0,65.0,138.0,0,-0.603077,-0.603077,-0.15999999999999998,-0.09899999999999987,-0.5350233333333334,-0.13013600000000025,-0.226032,0.04586605429630186,-0.2816566666666669,0.021884000000000015,0.0019964999999999566,0.07020489568571531,-0.2466666666666666,-0.22000000000000003,-0.1349999999999999,-0.22747973448892128,-0.08499999999999985,-0.09179999999999988,-0.07879999999999998,-0.04376104021457872
20230603_Monaco_Toulouse,2023-06-03 17:00:00,2022,Monaco,Toulouse,1,2,2.1529,2.1529,0.57,0.836,1.0,0.0,9.0,0.8444953333333333,1.0940792,1.4202485999999999,0.5710016086947565,0.5911316666666669,0.942061,1.3442395,0.44938704869459556,0.41,0.43600000000000005,0.462,0.42163188034908816,0.7319999999999999,0.7562,0.7512000000000001,0.7496949227923899,1.0,3.0,14.0,5.0,10.0,19.0,6.0,10.0,17.0,0.0,0.0,1.0,43.0,71.0,146.0,2,1,2.66693,2.66693,0.43,0.778,2.0,0.0,15.0,1.1423656666666664,1.2702308,1.5161234000000001,1.1846984426236846,1.1423656666666666,1.2702308,1.5161234000000001,1.1846984426196663,0.6,0.5759999999999998,0.5319999999999999,0.585771854073026,0.8306666666666667,0.8256,0.8129,0.8214775941307668,1.0,1.0,6.0,1.0,2.0,10.0,4.0,5.0,17.0,0.0,0.0,1.0,47.0,69.0,176.0,-1,-0.51403,-0.51403,0.13999999999999996,0.05799999999999994,-0.2978703333333331,-0.17615160000000007,-0.09587480000000026,-0.6136968339289282,-0.5512339999999997,-0.32816979999999996,-0.1718839000000001,-0.7353113939250707,-0.19,-0.1399999999999998,-0.0699999999999999,-0.16413997372393785,-0.09866666666666679,-0.06940000000000002,-0.061699999999999866,-0.0717826713383769
20230820_Monaco_Strasbourg,2023-08-20 15:05:00,2023,Monaco,Strasbourg,3,0,1.30947,1.30947,0.56,0.815,2.0,0.0,12.0,1.9782176666666667,1.6181331999999997,1.6902426,3.09072806434779,1.9782176666666669,1.4661149999999998,1.6142334999999999,3.0858634819477837,0.48333333333333334,0.45,0.45600000000000007,0.4680652752139635,0.7943333333333332,0.7656,0.7661,0.8005477969116956,5.0,6.0,13.0,6.0,9.0,20.0,8.0,11.0,18.0,0.0,0.0,0.0,37.0,66.0,139.0,0,3,0.552621,0.552621,0.44,0.795,1.0,0.0,17.0,1.1166390000000006,1.4641574,1.4461954,1.1259725872544526,1.1166390000000004,1.3121386000000002,1.2181679,1.12480351275151,0.3900000000000001,0.42400000000000004,0.4155555555555555,0.3782568161675857,0.83,0.8206,0.7669999999999999,0.7558998191008724,4.0,7.0,16.0,4.0,5.0,10.0,4.0,6.0,15.0,0.0,1.0,2.0,41.0,62.0,168.0,1,0.7568489999999999,0.7568489999999999,0.12000000000000005,0.019999999999999907,0.861578666666666,0.15397579999999977,0.24404720000000002,1.9647554770933375,0.8615786666666665,0.15397639999999968,0.3960655999999998,1.9610599691962738,0.09333333333333321,0.025999999999999968,0.04044444444444456,0.0898084590463778,-0.035666666666666735,-0.05500000000000005,-0.0008999999999999009,0.04464797781082319
20230902_Monaco_Lens,2023-09-02 19:00:00,2023,Monaco,Lens,3,0,1.24938,1.24938,0.52,0.8109999999999999,4.0,0.0,12.0,3.2239566666666666,2.4404486,1.8828686000000001,4.299640322573912,3.2239566666666675,2.4404486,1.8068595000000003,4.299445739277911,0.5533333333333333,0.532,0.479,0.6283226110085586,0.818,0.8081999999999999,0.7809999999999999,0.8368219118764678,10.0,11.0,14.0,5.0,9.0,20.0,8.0,12.0,21.0,0.0,0.0,0.0,32.0,55.0,125.0,0,3,0.612432,0.612432,0.48,0.7979999999999999,2.0,0.0,10.0,0.9305319999999998,1.6576152,1.8173506,0.6596122273779048,0.9305319999999999,1.5055952,1.6653310000000001,0.6586003201953944,0.42000000000000004,0.53,0.5144444444444445,0.37236802904238164,0.7929999999999999,0.8274999999999999,0.8195555555555555,0.7813761107101719,4.0,10.0,21.0,7.0,8.0,11.0,7.0,11.0,21.0,0.0,0.0,1.0,13.0,41.0,151.0,1,0.636948,0.636948,0.040000000000000036,0.013000000000000012,2.2934246666666667,0.7828333999999999,0.06551800000000019,3.6400280951960067,2.2934246666666676,0.9348534,0.14152850000000017,3.640845419082517,0.1333333333333333,0.0020000000000000018,-0.0354444444444445,0.25595458196617693,0.025000000000000022,-0.019299999999999984,-0.038555555555555565,0.05544580116629594
20230922_Monaco_Nice,2023-09-22 19:00:00,2023,Monaco,Nice,0,1,1.80137,0.281179,0.55,0.8290000000000001,1.0,0.0,5.0,2.5827066666666667,2.4923740000000003,1.8733106,1.6043824129029565,2.582706666666667,2.4923740000000003,1.7973015,1.6043746295711165,0.5866666666666667,0.554,0.49700000000000005,0.5803329044403422,0.8366666666666666,0.8241999999999999,0.7935,0.8480328764750588,8.0,15.0,19.0,5.0,7.0,15.0,7.0,13.0,22.0,0.0,0.0,0.0,36.0,62.0,126.0,1,0,1.10143,1.10143,0.45,0.847,1.0,0.0,15.0,2.0204033333333338,1.9218220000000001,2.0985395999999996,2.0021395083560827,2.0204033333333338,1.9218220000000001,2.0985395999999996,2.0021395083552855,0.5033333333333333,0.525,0.5155555555555555,0.3704265753378093,0.8103333333333333,0.83475,0.8265555555555556,0.775194854290604,5.0,7.0,15.0,2.0,4.0,10.0,8.0,9.0,15.0,0.0,0.0,0.0,40.0,42.0,113.0,-1,0.69994,-0.8202509999999998,0.10000000000000003,-0.017999999999999905,0.5623033333333329,0.5705520000000002,-0.22522899999999968,-0.3977570954531262,0.5623033333333334,0.5705520000000002,-0.3012380999999995,-0.397764878784169,0.08333333333333337,0.029000000000000026,-0.018555555555555492,0.20990632910253293,0.02633333333333321,-0.01055000000000006,-0.033055555555555616,0.07283802218445479
20230930_Monaco_Marseille,2023-09-30 19:00:00,2023,Monaco,Marseille,3,2,1.5165,1.5165,0.46,0.752,4.0,0.0,17.0,1.5304566666666666,2.1717920000000004,1.8949626000000002,1.7619724825805911,1.0237263333333335,1.8677538000000002,1.6669344,0.5458181259142232,0.5533333333333333,0.5740000000000001,0.512,0.5560665808880685,0.832,0.8308,0.7981999999999999,0.8328065752950118,5.0,11.0,17.0,3.0,6.0,15.0,6.0,10.0,21.0,0.0,0.0,0.0,35.0,53.0,119.0,2,3,0.908767,0.908767,0.54,0.77,4.0,0.0,29.0,1.5052973333333337,1.9036684000000001,1.7414956,0.7556762427099903,1.505297333333333,1.9036684000000001,1.6654855999999998,0.7556759313523064,0.4933333333333332,0.49800000000000005,0.5389999999999999,0.3134572200995341,0.7719999999999999,0.791,0.7936,0.6922390576745685,1.0,5.0,12.0,5.0,7.0,14.0,7.0,9.0,16.0,0.0,0.0,0.0,49.0,101.0,171.0,1,0.607733,0.607733,-0.08000000000000002,-0.018000000000000016,0.025159333333332867,0.26812360000000024,0.15346700000000024,1.0062962398706008,-0.4815709999999995,-0.03591459999999991,0.0014488000000001389,-0.2098578054380832,0.060000000000000164,0.07600000000000001,-0.026999999999999913,0.2426093607885344,0.06000000000000005,0.03979999999999995,0.0045999999999999375,0.14056751762044328
20231022_Monaco_Metz,2023-10-22 15:05:00,2023,Monaco,Metz,2,1,1.9731,1.9731,0.75,0.86,1.0,0.0,5.0,1.6884266666666665,1.571056,2.0057523,1.7110468993032235,1.1816963333333337,1.2670178,1.8537332,1.6624007250365689,0.49000000000000005,0.516,0.524,0.46384266323552276,0.7723333333333334,0.7968,0.8024999999999999,0.7424322630118004,6.0,11.0,22.0,4.0,6.0,15.0,8.0,13.0,25.0,0.0,0.0,0.0,54.0,84.0,139.0,1,2,0.720525,0.720525,0.25,0.6559999999999999,3.0,0.0,33.0,0.6333989999999998,0.7354808,0.65472482,0.34561369451484125,0.6333989999999999,0.7354808,0.57871492,0.3456121377316736,0.39333333333333337,0.358,0.38,0.3292037372908387,0.7866666666666666,0.752,0.7653,0.7755432376150808,0.0,3.0,9.0,5.0,7.0,17.0,2.0,4.0,17.0,0.0,0.0,1.0,51.0,103.0,215.0,1,1.2525750000000002,1.2525750000000002,0.5,0.20400000000000007,1.0550276666666667,0.8355752,1.3510274800000002,1.3654332047883821,0.5482973333333337,0.531537,1.2750182799999998,1.3167885873048952,0.09666666666666668,0.15800000000000003,0.14400000000000002,0.13463892594468407,-0.014333333333333198,0.04479999999999995,0.0371999999999999,-0.033110974603280385
20231105_Monaco_Brest,2023-11-05 16:05:00,2023,Monaco,Brest,2,0,1.11674,1.11674,0.46,0.7879999999999999,2.0,0.0,27.0,1.5407510000000002,1.5880246,2.0401993000000003,1.1055322759721289,1.5407510000000002,1.2839864,1.8881802,1.1035864290014628,0.6,0.5619999999999999,0.558,0.6105537065294209,0.7933333333333333,0.7922,0.8081999999999999,0.7944972905204721,5.0,8.0,23.0,4.0,7.0,14.0,6.0,11.0,24.0,0.0,0.0,0.0,50.0,72.0,134.0,0,2,0.73688,0.73688,0.54,0.782,4.0,1.0,12.0,1.3070530000000002,1.3238506,1.6016613,1.5022271154066897,1.3070529999999998,1.3238505999999999,1.4496423,1.502226430370495,0.5200000000000001,0.518,0.5055555555555555,0.4646279243168784,0.7813333333333333,0.7646,0.7606666666666666,0.7819262289831259,3.0,4.0,11.0,5.0,5.0,11.0,8.0,14.0,24.0,0.0,0.0,0.0,38.0,66.0,145.0,1,0.3798600000000001,0.3798600000000001,-0.08000000000000002,0.005999999999999894,0.23369799999999996,0.2641739999999999,0.4385380000000003,-0.39669483943456085,0.2336980000000004,-0.039864199999999794,0.43853790000000004,-0.3986400013690323,0.07999999999999985,0.04399999999999993,0.052444444444444516,0.1459257822125425,0.01200000000000001,0.02760000000000007,0.047533333333333316,0.012571061537346218
20231203_Monaco_Montpellier,2023-12-03 14:00:00,2023,Monaco,Montpellier,2,0,2.46013,2.46013,0.63,0.845,2.0,0.0,22.0,1.2017516666666668,1.2960196,1.4335378,1.415631938207777,1.2017516666666672,1.2960196,1.2815187,1.4156163714320118,0.5133333333333333,0.5760000000000001,0.546,0.48680442965223536,0.8063333333333333,0.8126,0.8047000000000001,0.8026119783241639,4.0,6.0,17.0,5.0,8.0,14.0,6.0,9.0,22.0,0.0,0.0,0.0,69.0,87.0,171.0,0,2,1.18556,1.18556,0.37,0.6940000000000001,3.0,1.0,23.0,1.788353,1.8462226000000002,1.5709213,2.3926676884239444,1.2816196666666673,1.5421826000000003,1.3428923000000001,1.6629327717155205,0.5233333333333334,0.45199999999999996,0.45299999999999996,0.6044795266862321,0.7606666666666667,0.7544,0.7617999999999999,0.7698023756926268,2.0,5.0,10.0,4.0,7.0,12.0,7.0,9.0,20.0,0.0,0.0,0.0,55.0,99.0,183.0,1,1.27457,1.27457,0.26,0.1509999999999999,-0.5866013333333333,-0.5502030000000002,-0.13738349999999988,-0.9770357502161673,-0.07986800000000005,-0.24616300000000035,-0.06137360000000025,-0.24731640028350865,-0.01000000000000012,0.12400000000000011,0.09300000000000008,-0.1176750970339967,0.04566666666666663,0.05820000000000003,0.04290000000000016,0.032809602631537094
20231215_Monaco_Lyon,2023-12-15 20:00:00,2023,Monaco,Lyon,0,1,1.40268,1.40268,0.6,0.818,1.0,0.0,5.0,1.692516666666667,1.432533,1.5102787999999998,1.328070077528311,1.692516666666667,1.432533,1.3582597,1.3280694548572805,0.54,0.54,0.551,0.5442721771860894,0.8173333333333334,0.8148,0.8035,0.8153044791329667,6.0,8.0,16.0,6.0,6.0,13.0,9.0,14.0,25.0,1.0,1.0,1.0,63.0,110.0,182.0,1,0,0.739288,0.739288,0.4,0.758,2.0,0.0,29.0,2.1339670000000006,2.0386302,1.5799553999999998,2.65957733633787,2.133967,2.0386302,1.5039457,2.6595695404909203,0.49333333333333335,0.508,0.526,0.4929819906122483,0.8376666666666667,0.8416,0.8187,0.8457917252689058,5.0,6.0,11.0,6.0,8.0,17.0,4.0,7.0,15.0,0.0,0.0,0.0,62.0,89.0,158.0,-1,0.663392,0.663392,0.19999999999999996,0.05999999999999994,-0.4414503333333337,-0.6060972,-0.06967659999999998,-1.3315072588095591,-0.4414503333333333,-0.6060972,-0.14568599999999998,-1.3315000856336399,0.04666666666666669,0.03200000000000003,0.025000000000000022,0.05129018657384116,-0.020333333333333314,-0.026800000000000046,-0.015199999999999991,-0.030487246135939117
20240113_Monaco_Reims,2024-01-13 16:00:00,2023,Monaco,Reims,1,3,1.02592,1.02592,0.56,0.812,3.0,0.0,14.0,1.5887466666666665,1.7493020000000001,1.5453877999999999,2.0905756031011324,1.3353800000000005,1.597282,1.4693778,1.4824955781942915,0.5266666666666667,0.534,0.5549999999999999,0.4777708870874436,0.79,0.8023999999999999,0.8013999999999999,0.7570921791653187,4.0,8.0,15.0,3.0,8.0,12.0,10.0,13.0,24.0,2.0,2.0,2.0,55.0,99.0,196.0,3,1,1.91585,1.91585,0.44,0.7490000000000001,2.0,0.0,21.0,1.1448230000000004,1.5231798,1.4847888,1.3323446081348245,1.1448230000000004,1.5231798,1.4087798,1.3323442967023276,0.5566666666666666,0.56,0.53,0.6259500883050606,0.8170000000000001,0.8114000000000001,0.7971000000000001,0.851059918456408,2.0,5.0,9.0,4.0,8.0,15.0,5.0,8.0,12.0,0.0,0.0,0.0,51.0,85.0,183.0,-1,-0.8899300000000001,-0.8899300000000001,0.12000000000000005,0.06299999999999994,0.44392366666666616,0.22612220000000005,0.06059899999999985,0.758230994966308,0.1905570000000001,0.07410220000000001,0.06059799999999993,0.15015128149196388,-0.029999999999999916,-0.026000000000000023,0.02499999999999991,-0.14817920121761702,-0.027000000000000024,-0.00900000000000023,0.0042999999999997485,-0.09396773929108937
20240204_Monaco_Le Havre,2024-02-04 12:00:00,2023,Monaco,Le Havre,1,1,1.48516,1.48516,0.61,0.7909999999999999,3.0,0.0,8.0,1.2214623333333334,1.2328693999999998,1.3131475,0.5455198241240452,0.9680956666666668,1.0808494,1.2371375,0.5211966231277716,0.4433333333333334,0.492,0.522,0.36471083548349775,0.7336666666666667,0.7658,0.7877000000000001,0.6778036871666128,5.0,7.0,13.0,6.0,8.0,15.0,9.0,16.0,26.0,3.0,4.0,4.0,67.0,91.0,195.0,1,1,0.149171,0.149171,0.39,0.69,2.0,0.0,42.0,1.0965803333333335,1.3674842,1.2145771,1.351082160876695,0.843217,1.0634462,0.9865482,0.7381377374629352,0.45,0.458,0.47300000000000003,0.5393300799984657,0.8003333333333332,0.7939999999999999,0.7873,0.8137585971137495,6.0,10.0,12.0,5.0,8.0,11.0,6.0,10.0,20.0,1.0,2.0,3.0,65.0,115.0,218.0,0,1.335989,1.335989,0.21999999999999997,0.10099999999999998,0.12488199999999994,-0.13461480000000026,0.09857039999999984,-0.8055623367526498,0.1248786666666668,0.017403199999999952,0.2505893,-0.2169411143351636,-0.006666666666666599,0.033999999999999975,0.04899999999999999,-0.17461924451496796,-0.06666666666666654,-0.028199999999999892,0.00040000000000006697,-0.13595490994713677
20240218_Monaco_Toulouse,2024-02-18 14:00:00,2023,Monaco,Toulouse,1,2,1.69534,1.69534,0.65,0.812,1.0,0.0,9.0,1.3073656666666666,1.4428594000000001,1.4662902,1.911246392964962,1.3073656666666669,1.2908394,1.3902802,1.910273464925111,0.48666666666666664,0.49399999999999994,0.531,0.53618843341934,0.7583333333333334,0.7657999999999999,0.7933000000000001,0.8232721474866646,6.0,9.0,15.0,5.0,9.0,16.0,10.0,16.0,29.0,2.0,3.0,4.0,60.0,105.0,193.0,2,1,1.57778,1.57778,0.35,0.6779999999999999,3.0,0.0,32.0,1.6852576666666668,1.5194488,1.2677551,1.0792138374872273,1.178529,1.0633924000000001,0.9637174,0.9283720039558035,0.5499999999999999,0.5599999999999999,0.5189999999999999,0.6744620577922293,0.778,0.7946,0.7988,0.7941032319684623,4.0,6.0,8.0,6.0,8.0,14.0,8.0,12.0,29.0,0.0,0.0,0.0,48.0,104.0,208.0,-1,0.11756000000000011,0.11756000000000011,0.30000000000000004,0.13400000000000012,-0.3778920000000001,-0.07658939999999981,0.19853509999999996,0.8320325554777346,0.12883666666666693,0.22744699999999995,0.42656280000000013,0.9819014609693074,-0.0633333333333333,-0.066,0.012000000000000122,-0.13827362437288937,-0.01966666666666661,-0.028800000000000048,-0.005499999999999838,0.02916891551820222
20240301_Monaco_Paris Saint Germain,2024-03-01 20:00:00,2023,Monaco,Paris Saint Germain,0,0,2.44196,2.44196,0.32,0.728,0.0,0.0,20.0,2.0301533333333333,1.5895614,1.6200097,2.2120002557185985,1.7410333333333334,1.4160894000000002,1.4572637,1.5180733385970042,0.5266666666666667,0.502,0.528,0.44544753733677367,0.79,0.7616,0.7835,0.7396508858994666,7.0,10.0,17.0,6.0,9.0,15.0,8.0,14.0,29.0,0.0,2.0,4.0,68.0,98.0,189.0,0,0,1.84721,1.84721,,,,,,2.0123066666666656,1.9682859999999998,1.9138829999999998,1.8776397683674109,1.505576333333333,1.5122278,1.6098441000000001,1.1430727220101726,,,,,,,,,6.0,10.0,20.0,2.0,5.0,8.0,,,,,,,,,,0,0.5947499999999999,0.5947499999999999,,,0.017846666666667677,-0.37872459999999974,-0.2938732999999998,0.3343604873511876,0.23545700000000047,-0.09613839999999985,-0.15258040000000017,0.3750006165868316,,,,,,,,
20240317_Monaco_Lorient,2024-03-17 14:00:00,2023,Monaco,Lorient,2,2,3.43264,3.43264,0.51,0.83,3.0,1.0,23.0,2.0335666666666667,1.9721579999999999,1.6413017,1.5418896102287438,1.7444466666666667,1.798686,1.4785557,1.5141325335438802,0.45999999999999996,0.512,0.51,0.5970179014934709,0.7593333333333333,0.7854,0.7737,0.8092660354359787,4.0,8.0,14.0,2.0,6.0,14.0,6.0,11.0,24.0,0.0,0.0,3.0,82.0,121.0,201.0,2,2,0.75287,0.75287,0.49,0.775,1.0,1.0,33.0,0.9485876666666669,1.4546646,1.2030113,0.5716086454463802,0.9485876666666669,1.4546646,1.2030113,0.5716086454463802,0.52,0.466,0.4630000000000001,0.47798157125686785,0.8416666666666667,0.8211999999999999,0.8106,0.8420507624831006,2.0,7.0,13.0,4.0,5.0,18.0,2.0,4.0,18.0,0.0,0.0,0.0,66.0,161.0,273.0,0,2.67977,2.67977,0.020000000000000018,0.05499999999999994,1.0849789999999997,0.5174933999999998,0.4382904000000001,0.9702809647823636,0.7958589999999998,0.3440213999999999,0.2755444,0.9425238880975,-0.06000000000000005,0.045999999999999985,0.04699999999999993,0.11903633023660304,-0.08233333333333337,-0.03579999999999994,-0.03689999999999993,-0.032784727047121875
20240407_Monaco_Rennes,2024-04-07 15:05:00,2023,Monaco,Rennes,1,0,1.60487,1.60487,0.52,0.785,3.0,1.0,19.0,2.54112,2.479138,1.9039047,2.90077798440915,2.5411200000000003,2.305666,1.8171687000000003,2.8996677013417553,0.6033333333333334,0.506,0.52,0.6174807160597389,0.8403333333333333,0.7939999999999999,0.7869,0.8547706414174391,8.0,11.0,19.0,4.0,6.0,16.0,6.0,9.0,23.0,1.0,1.0,3.0,65.0,114.0,197.0,0,1,1.6645,1.6645,0.48,0.784,1.0,1.0,20.0,1.2388613333333331,1.2373784,1.7056182,1.0360656647224635,0.985497333333333,1.0853600000000003,1.396938,0.914236316185836,0.47333333333333333,0.4640000000000001,0.46399999999999997,0.5577868809131478,0.8123333333333332,0.806,0.8070999999999999,0.845683738503879,4.0,6.0,17.0,4.0,7.0,11.0,5.0,9.0,18.0,0.0,0.0,0.0,65.0,97.0,209.0,1,-0.05963000000000007,-0.05963000000000007,0.040000000000000036,0.0010000000000000009,1.3022586666666667,1.2417595999999997,0.19828650000000003,1.8647123196866864,1.5556226666666673,1.2203059999999997,0.4202307000000003,1.9854313851559193,0.13000000000000006,0.041999999999999926,0.05600000000000005,0.0596938351465911,0.028000000000000025,-0.012000000000000122,-0.020199999999999885,0.009086902913560069
20240424_Monaco_Lille,2024-04-24 19:00:00,2023,Monaco,Lille,1,0,2.21532,2.21532,0.43,0.815,1.0,0.0,15.0,1.9246766666666664,2.107008,2.055262,1.418258319376366,1.9246766666666673,2.107008,1.9685260000000002,1.4182139080536702,0.5333333333333333,0.554,0.528,0.4598992286423896,0.7703333333333333,0.794,0.7859,0.6909908256566976,8.0,11.0,19.0,2.0,4.0,11.0,5.0,11.0,22.0,3.0,4.0,4.0,44.0,100.0,196.0,0,1,1.28227,1.28227,0.57,0.833,2.0,0.0,17.0,1.604336666666666,1.6270542,1.7975377,1.3822727024026686,1.3509733333333338,1.4750362,1.6320437,1.260649139118743,0.5166666666666667,0.528,0.5439999999999999,0.5285364339161999,0.8193333333333334,0.8226000000000001,0.8308,0.8241534639778888,6.0,9.0,19.0,2.0,5.0,11.0,6.0,11.0,18.0,0.0,0.0,0.0,56.0,87.0,165.0,1,0.9330500000000002,0.9330500000000002,-0.13999999999999996,-0.018000000000000016,0.3203400000000003,0.4799538000000001,0.2577243,0.0359856169736974,0.5737033333333335,0.6319718000000001,0.3364823000000001,0.1575647689349271,0.016666666666666607,0.026000000000000023,-0.015999999999999903,-0.06863720527381029,-0.049000000000000044,-0.02860000000000007,-0.04489999999999994,-0.13316263832119124
20240504_Monaco_Clermont Foot,2024-05-04 15:00:00,2023,Monaco,Clermont Foot,4,1,3.44513,3.44513,0.62,0.851,3.0,0.0,14.0,1.8560666666666663,2.007084,2.12641,2.0480375327750546,1.856066666666667,2.007084,2.039674,2.0480357563221467,0.4666666666666666,0.5120000000000001,0.51,0.5111959691456957,0.753,0.7811999999999999,0.7826,0.782039633026268,5.0,11.0,18.0,3.0,5.0,11.0,6.0,9.0,19.0,2.0,3.0,4.0,47.0,75.0,189.0,1,4,1.01532,1.01532,0.38,0.78,1.0,0.0,17.0,1.5181496666666667,1.1466319999999999,1.1492357,2.2003616461567534,0.7580550000000001,0.6905752000000002,0.7691882,0.9596904981759471,0.5100000000000001,0.47000000000000003,0.47400000000000003,0.5033737966325635,0.7943333333333332,0.7844,0.7917000000000001,0.7762690033955967,5.0,6.0,10.0,3.0,7.0,17.0,5.0,8.0,17.0,0.0,0.0,2.0,50.0,116.0,219.0,1,2.42981,2.42981,0.24,0.07099999999999995,0.3379169999999996,0.860452,0.9771742999999999,-0.15232411338169882,1.0980116666666668,1.3165087999999998,1.2704858000000003,1.0883452581461996,-0.0433333333333335,0.04200000000000009,0.035999999999999976,0.007822172513132108,-0.04133333333333322,-0.0032000000000000917,-0.009100000000000108,0.00577062963067132
20240519_Monaco_Nantes,2024-05-19 19:00:00,2023,Monaco,Nantes,4,0,1.85296,1.09286,0.62,0.871,1.0,0.0,1.0,2.60237,2.265848,2.2999430000000003,2.485870301311002,2.60237,2.265848,2.299943,2.485870230252886,0.5666666666666667,0.514,0.522,0.5596478387658279,0.8226666666666667,0.7894,0.7981,0.8370415853210508,8.0,11.0,20.0,4.0,4.0,8.0,7.0,10.0,19.0,0.0,2.0,4.0,54.0,85.0,189.0,0,4,0.885758,0.885758,0.38,0.797,2.0,0.0,20.0,1.284797,0.9539877999999999,0.9989986999999999,0.9191012979849962,1.284797,0.9539878000000002,0.9229896999999999,0.9190623812773691,0.35000000000000003,0.41,0.44800000000000006,0.30484168874173534,0.7116666666666666,0.7505999999999999,0.7738999999999999,0.6910955862986486,2.0,3.0,7.0,3.0,6.0,17.0,7.0,10.0,25.0,0.0,0.0,0.0,62.0,112.0,214.0,1,0.9672019999999999,0.2071019999999999,0.24,0.07399999999999995,1.317573,1.3118602000000001,1.3009443000000003,1.566769003326006,1.317573,1.3118602,1.3769532999999998,1.5668078489755168,0.21666666666666662,0.10400000000000004,0.07399999999999995,0.25480615002409257,0.1110000000000001,0.03880000000000006,0.02420000000000011,0.14594599902240213
20220807_Montpellier_Troyes,2022-08-07 13:00:00,2022,Montpellier,Troyes,3,2,1.57764,1.57764,0.54,0.821,1.0,0.0,7.0,0.9441590000000003,1.1164973999999999,1.4211459,1.463349980376005,0.6907953333333335,0.9644792000000001,1.3451368000000001,0.8552771778853093,0.45,0.44399999999999995,0.446,0.4908999429948255,0.7336666666666667,0.7346000000000001,0.7388,0.7443309919199519,5.0,7.0,16.0,3.0,8.0,15.0,5.0,9.0,14.0,1.0,1.0,1.0,87.0,128.0,233.0,2,3,1.84274,1.08264,0.46,0.821,0.0,0.0,14.0,,,,,,,,,,,,,,,,,,,,,,,,,,,,,,,,1,-0.2651000000000001,0.4949999999999999,0.08000000000000002,0.0,,,,,,,,,,,,,,,,
20220821_Montpellier_Auxerre,2022-08-21 13:00:00,2022,Montpellier,Auxerre,1,2,0.602982,0.602982,0.64,0.853,1.0,2.0,6.0,1.3545486666666668,1.0377226,1.2762704999999999,0.9337531992150402,1.1011850000000003,0.8857044000000002,1.2002614,0.9094302871154124,0.48666666666666675,0.45999999999999996,0.43600000000000005,0.434035997719793,0.8116666666666666,0.7784000000000001,0.7531,0.8571332396767981,7.0,10.0,17.0,8.0,10.0,20.0,4.0,7.0,15.0,0.0,1.0,1.0,52.0,111.0,213.0,2,1,1.29185,0.531756,0.36,0.809,3.0,2.0,30.0,0.8342955000000001,0.8342955000000001,0.8342955000000001,0.8729172000000001,0.8342955000000001,0.8342955000000001,0.8342955000000001,0.8729172000000001,0.405,0.405,0.405,0.402,0.7849999999999999,0.7849999999999999,0.7849999999999999,0.7609999999999999,3.0,3.0,3.0,6.0,6.0,6.0,6.0,6.0,6.0,1.0,1.0,1.0,39.0,39.0,39.0,-1,-0.6888679999999999,0.07122600000000001,0.28,0.04399999999999993,0.5202531666666668,0.20342709999999986,0.4419749999999998,0.060835999215040126,0.2668895000000002,0.05140890000000009,0.36596589999999996,0.036513087115412346,0.08166666666666672,0.05499999999999994,0.031000000000000028,0.032035997719792986,0.026666666666666727,-0.006599999999999828,-0.03189999999999993,0.09613323967679821
20220831_Montpellier_Ajaccio,2022-08-31 17:00:00,2022,Montpellier,Ajaccio,2,0,1.82411,1.82411,0.38,0.7070000000000001,2.0,1.0,28.0,1.1960593333333336,1.3746656000000002,1.1663096999999998,1.8991872479686018,1.1960593333333336,1.2226474,1.0903006000000002,1.8982143314846167,0.5100000000000001,0.516,0.466,0.5037614399087917,0.8346666666666667,0.8138,0.7736000000000001,0.7955653295870719,10.0,15.0,21.0,7.0,10.0,18.0,4.0,7.0,15.0,2.0,2.0,3.0,43.0,78.0,215.0,0,2,0.894201,0.894201,0.62,0.816,4.0,1.0,9.0,0.8876993333333334,0.9504045,0.9504045,0.6730462719999999,0.6343340000000001,0.57035575,0.57035575,0.5453501199999999,0.41,0.39,0.39,0.42216,0.703,0.70725,0.70725,0.7068479999999999,2.0,3.0,3.0,5.0,7.0,7.0,10.0,16.0,16.0,0.0,1.0,1.0,40.0,48.0,48.0,1,0.9299089999999999,0.9299089999999999,-0.24,-0.10899999999999987,0.3083600000000002,0.42426110000000017,0.2159051999999998,1.226140975968602,0.5617253333333335,0.65229165,0.5199448500000001,1.3528642114846168,0.10000000000000014,0.126,0.07600000000000001,0.08160143990879176,0.1316666666666667,0.10654999999999992,0.06635000000000002,0.08871732958707201
20220904_Montpellier_Lille,2022-09-04 11:00:00,2022,Montpellier,Lille,1,3,0.460323,0.460323,0.25,0.621,0.0,1.0,30.0,1.5445973333333336,1.3979856,1.2572415000000001,1.8391254495937202,1.5445973333333336,1.3979856000000002,1.1812324,1.838930866296923,0.5000000000000001,0.49000000000000005,0.46699999999999997,0.4047522879817584,0.7803333333333334,0.8064,0.7705,0.7247130659174145,10.0,15.0,22.0,2.0,9.0,17.0,5.0,7.0,16.0,3.0,3.0,4.0,54.0,78.0,206.0,3,1,1.28228,1.28228,0.75,0.868,4.0,0.0,14.0,1.415093,1.6159298,1.4346377000000001,1.104447563247803,1.161729666666667,1.4639118,1.2066096,0.9826307943159631,0.5599999999999999,0.592,0.558,0.6094781194728879,0.8586666666666667,0.8558,0.8549,0.8553640119599955,5.0,10.0,20.0,10.0,12.0,15.0,5.0,11.0,21.0,0.0,0.0,0.0,47.0,84.0,165.0,-1,-0.821957,-0.821957,-0.5,-0.247,0.12950433333333367,-0.21794420000000003,-0.1773962,0.7346778863459171,0.3828676666666666,-0.06592619999999982,-0.025377199999999878,0.8563000719809599,-0.05999999999999983,-0.10199999999999992,-0.09100000000000008,-0.2047258314911295,-0.07833333333333325,-0.0494,-0.08440000000000003,-0.13065094604258098
20220917_Montpellier_Strasbourg,2022-09-17 15:00:00,2022,Montpellier,Strasbourg,2,1,1.8232,1.06317,0.5,0.721,4.0,0.0,26.0,1.1036143333333337,1.224105,1.1309137999999999,0.9683446979837489,1.1036143333333337,1.2241050000000002,1.0549047000000003,0.968336914651877,0.39333333333333337,0.4600000000000001,0.45999999999999996,0.4961900915192704,0.7090000000000001,0.7522,0.7653000000000001,0.7675485226366967,4.0,12.0,22.0,5.0,7.0,17.0,6.0,9.0,16.0,2.0,4.0,5.0,65.0,91.0,202.0,1,2,0.617378,0.617378,0.5,0.736,4.0,0.0,23.0,1.8393646666666672,1.7239068,1.6145154000000002,2.5294744280331503,1.5860013333333336,1.5718888,1.5385064,2.4078600249712787,0.4333333333333335,0.502,0.485,0.42898680389615945,0.7343333333333334,0.7634000000000001,0.775,0.7128815464918887,2.0,3.0,10.0,2.0,4.0,11.0,5.0,7.0,15.0,2.0,2.0,2.0,57.0,92.0,175.0,1,1.205822,0.44579199999999997,0.0,-0.015000000000000013,-0.7357503333333335,-0.49980179999999996,-0.4836016000000003,-1.5611297300494014,-0.4823869999999999,-0.34778379999999975,-0.4836016999999997,-1.4395231103194017,-0.04000000000000015,-0.041999999999999926,-0.025000000000000022,0.06720328762311095,-0.02533333333333332,-0.011200000000000099,-0.009699999999999931,0.05466697614480798
20221009_Montpellier_Monaco,2022-10-09 11:00:00,2022,Montpellier,Monaco,0,2,0.564764,0.564764,0.5,0.767,2.0,0.0,20.0,1.5281200000000004,1.3737586,1.3742120999999998,1.71824578791935,1.2747766666666671,1.2217526,1.2222000000000002,1.5966406765860752,0.54,0.45,0.483,0.5558476036607708,0.7693333333333333,0.7272000000000001,0.7705,0.7764619409054678,5.0,8.0,23.0,7.0,10.0,20.0,12.0,14.0,21.0,0.0,2.0,4.0,37.0,95.0,173.0,2,0,1.43544,1.43544,0.5,0.774,3.0,0.0,30.0,1.9657666666666664,1.7516579999999997,1.7457894,2.139444825923706,1.7124033333333335,1.59964,1.5937713999999998,1.531365040058878,0.5166666666666667,0.51,0.48100000000000004,0.5155304894494634,0.8036666666666666,0.808,0.7985,0.8355287042403061,9.0,12.0,17.0,2.0,6.0,13.0,4.0,8.0,20.0,0.0,1.0,3.0,63.0,93.0,157.0,-1,-0.870676,-0.870676,0.0,-0.007000000000000006,-0.4376466666666661,-0.3778993999999998,-0.3715773000000002,-0.421199038004356,-0.4376266666666664,-0.3778873999999999,-0.37157139999999966,0.06527563652719715,0.023333333333333317,-0.06,0.0019999999999999463,0.04031711421130735,-0.03433333333333333,-0.08079999999999998,-0.028000000000000025,-0.05906676333483829
20221022_Montpellier_Lyon,2022-10-22 15:00:00,2022,Montpellier,Lyon,1,2,0.807149,0.807149,0.38,0.7390000000000001,2.0,1.0,20.0,0.8683143333333336,1.0909106000000002,1.1327164,0.40343527151677394,0.8683143333333336,0.9389046000000002,1.0567134,0.39857106706344303,0.47333333333333333,0.49400000000000005,0.4629999999999999,0.38223390414643077,0.7416666666666667,0.749,0.7577,0.6897784776362187,2.0,5.0,18.0,7.0,10.0,20.0,8.0,16.0,22.0,0.0,0.0,4.0,46.0,79.0,180.0,2,1,2.78494,2.78494,0.62,0.8390000000000001,2.0,1.0,16.0,1.121344866666667,1.3076027199999998,1.8501243600000001,1.5234484298319264,1.1213448666666672,1.3076027199999998,1.85012436,1.5234483670624102,0.5533333333333333,0.524,0.594,0.5913907288916346,0.8093333333333333,0.8148,0.8336,0.8220723916409995,3.0,4.0,17.0,5.0,8.0,14.0,6.0,8.0,14.0,0.0,0.0,0.0,49.0,73.0,114.0,-1,-1.9777910000000003,-1.9777910000000003,-0.24,-0.09999999999999998,-0.25303053333333336,-0.2166921199999996,-0.7174079600000001,-1.1200131583151525,-0.2530305333333336,-0.3686981199999996,-0.7934109599999999,-1.1248772999989671,-0.08000000000000002,-0.02999999999999997,-0.13100000000000006,-0.2091568247452038,-0.06766666666666665,-0.06579999999999997,-0.07589999999999997,-0.13229391400478085
20221113_Montpellier_Reims,2022-11-13 14:00:00,2022,Montpellier,Reims,1,1,2.07463,2.07463,0.49,0.664,2.0,0.0,19.0,1.0016750000000003,0.7750436,1.0744011,1.1631932101721343,0.7483100000000004,0.6230246000000003,0.9223886000000002,0.5550782965365075,0.43,0.42800000000000005,0.43899999999999995,0.4552178712331715,0.7423333333333334,0.7328,0.73,0.7229262278210898,2.0,2.0,10.0,6.0,9.0,19.0,6.0,10.0,24.0,1.0,1.0,3.0,56.0,98.0,193.0,1,1,2.12638,2.12638,0.51,0.7090000000000001,2.0,0.0,35.0,2.392069666666667,1.8922294000000002,1.5826145,3.2095891273957253,2.138703,1.7402094,1.4305955000000001,2.6015088110815023,0.5333333333333333,0.49800000000000005,0.44700000000000006,0.5555868062010286,0.767,0.7766,0.7551,0.7776009913506357,3.0,3.0,10.0,1.0,1.0,10.0,7.0,13.0,28.0,0.0,2.0,6.0,46.0,69.0,165.0,0,-0.051750000000000185,-0.051750000000000185,-0.020000000000000018,-0.04500000000000004,-1.3903946666666667,-1.1171858000000001,-0.5082134,-2.046395917223591,-1.3903929999999995,-1.1171847999999995,-0.5082068999999999,-2.046430514544995,-0.10333333333333333,-0.07,-0.008000000000000118,-0.10036893496785715,-0.024666666666666615,-0.04379999999999995,-0.02510000000000001,-0.05467476352954581
20230102_Montpellier_Marseille,2023-01-02 18:00:00,2022,Montpellier,Marseille,1,2,1.10931,0.349212,0.41,0.737,2.0,0.0,17.0,1.7655333333333336,1.4158009999999999,1.2533558,1.9779485284068854,1.5121683333333336,1.2637820000000002,1.1013433000000001,1.9536239318614603,0.49000000000000005,0.45999999999999996,0.47700000000000004,0.5126087148493269,0.715,0.732,0.7405,0.7503570491128436,4.0,5.0,10.0,2.0,7.0,17.0,8.0,12.0,28.0,0.0,1.0,1.0,53.0,89.0,168.0,2,1,1.33992,1.33992,0.59,0.8170000000000001,2.0,1.0,13.0,2.564966666666667,2.326654,1.977521,3.610262849331352,2.3116,2.174634,1.8255016999999998,3.0021439201114912,0.5199999999999999,0.522,0.544,0.5198608847631792,0.8173333333333334,0.8134,0.8166,0.8205446030241327,10.0,12.0,19.0,3.0,6.0,11.0,2.0,7.0,15.0,0.0,0.0,1.0,58.0,84.0,146.0,-1,-0.23060999999999998,-0.9907079999999999,-0.18,-0.08000000000000007,-0.7994333333333332,-0.9108530000000001,-0.7241652000000001,-1.6323143209244666,-0.7994316666666663,-0.910852,-0.7241583999999996,-1.048519988250031,-0.02999999999999986,-0.062000000000000055,-0.067,-0.007252169913852247,-0.10233333333333339,-0.08140000000000003,-0.07609999999999995,-0.07018755391128906
20230115_Montpellier_Nantes,2023-01-15 14:00:00,2022,Montpellier,Nantes,0,3,1.10849,1.10849,0.47,0.746,1.0,2.0,27.0,1.1116480000000002,1.3264388,1.1019542,0.43763474113627543,0.8582820000000003,1.0224002000000003,0.9499349,0.31504607727445844,0.45,0.45999999999999996,0.4549999999999999,0.42210434859397306,0.7636666666666666,0.7334,0.7407,0.7759342819645139,4.0,6.0,9.0,8.0,10.0,22.0,7.0,11.0,23.0,0.0,0.0,1.0,51.0,90.0,172.0,3,0,0.903599,0.903599,0.53,0.762,2.0,0.0,17.0,1.272085,1.0611618,1.2837496,1.1920273509682648,1.272085,1.0611618,1.1317306,1.1920117842027333,0.4466666666666666,0.45999999999999996,0.46699999999999997,0.41818727180604476,0.7653333333333334,0.7508,0.7638999999999999,0.7334076890052245,1.0,3.0,10.0,0.0,3.0,13.0,5.0,12.0,17.0,0.0,1.0,3.0,64.0,105.0,186.0,-1,0.20489099999999993,0.20489099999999993,-0.06000000000000005,-0.016000000000000014,-0.16043699999999972,0.265277,-0.18179539999999994,-0.7543926098319894,-0.4138029999999996,-0.03876159999999973,-0.1817957,-0.8769657069282749,0.0033333333333334103,0.0,-0.012000000000000066,0.0039170767879282975,-0.0016666666666668162,-0.01739999999999997,-0.023199999999999887,0.0425265929592894
20230201_Montpellier_Paris Saint Germain,2023-02-01 20:00:00,2022,Montpellier,Paris Saint Germain,1,3,0.270069,0.270069,0.34,0.732,1.0,0.0,12.0,0.7072080000000002,1.0460568000000001,1.0615368,0.8243437896454511,0.7072080000000002,0.8940372000000002,0.9095175000000001,0.8194402430909784,0.4366666666666667,0.44799999999999995,0.437,0.4280841739437589,0.7423333333333333,0.7465999999999999,0.7294,0.7071973712785805,3.0,6.0,9.0,9.0,11.0,19.0,5.0,11.0,21.0,2.0,2.0,3.0,72.0,103.0,200.0,3,1,4.0011,4.0011,,,,,,1.4201583333333332,1.671151,2.1520695000000005,1.761536321180415,1.4201583333333332,1.519131,2.0000504999999995,1.760555609854503,,,,,,,,,3.0,6.0,21.0,2.0,6.0,10.0,,,,,,,,,,-1,-3.731031,-3.731031,,,-0.712950333333333,-0.6250941999999999,-1.0905327000000005,-0.9371925315349638,-0.712950333333333,-0.6250937999999998,-1.0905329999999993,-0.9411153667635246,,,,,,,,
20230212_Montpellier_Brest,2023-02-12 14:00:00,2022,Montpellier,Brest,3,0,3.94905,3.18895,0.44,0.7240000000000001,1.0,0.0,13.0,0.5568756666666669,0.6010802,1.0386567000000002,0.5671511915858181,0.556875666666667,0.6010802000000002,0.8866374000000002,0.5669550497236391,0.47666666666666674,0.46399999999999997,0.46499999999999997,0.6075233669577503,0.7446666666666667,0.7529999999999999,0.7423,0.7902078948511432,3.0,4.0,9.0,5.0,14.0,21.0,5.0,7.0,19.0,0.0,2.0,2.0,42.0,89.0,175.0,0,3,0.468613,0.468613,0.56,0.7909999999999999,2.0,0.0,23.0,1.4334010000000001,1.1243818,1.2583441,1.8755438850863209,1.433401,1.1243818,1.1063249,1.8755282560337412,0.3333333333333334,0.32999999999999996,0.40599999999999997,0.3279493363525889,0.7313333333333333,0.7128,0.7408,0.7227456738661495,5.0,6.0,10.0,1.0,2.0,9.0,4.0,6.0,17.0,0.0,0.0,0.0,79.0,122.0,195.0,1,3.4804370000000002,2.7203370000000002,-0.12000000000000005,-0.06699999999999984,-0.8765253333333333,-0.5233016000000001,-0.21968739999999976,-1.3083926935005028,-0.8765253333333329,-0.5233015999999999,-0.2196874999999997,-1.308573206310102,0.1433333333333333,0.134,0.059,0.27957403060516145,0.01333333333333342,0.0401999999999999,0.0014999999999999458,0.06746222098499366
20230225_Montpellier_Lens,2023-02-25 20:00:00,2022,Montpellier,Lens,1,1,0.645251,0.645251,0.39,0.777,0.0,0.0,29.0,1.8825293333333333,1.3409014000000001,1.3222571,1.5223980476634327,1.629162666666667,1.1888814,1.1702373000000001,1.4007742019889453,0.5333333333333333,0.472,0.4669999999999999,0.48670093467831,0.7746666666666666,0.7504,0.7453000000000001,0.7826483157940458,4.0,7.0,12.0,2.0,5.0,17.0,3.0,7.0,17.0,1.0,1.0,3.0,33.0,70.0,167.0,1,1,1.53537,1.53537,0.61,0.852,3.0,0.0,17.0,2.234413333333333,1.9068891999999997,1.7131805999999998,2.792192180653795,2.234413333333333,1.9068891999999997,1.6371711000000002,2.7919975837607622,0.6066666666666666,0.6199999999999999,0.603,0.5761849129282404,0.8353333333333334,0.8333999999999999,0.8412,0.8446960474844433,5.0,6.0,14.0,4.0,6.0,10.0,3.0,4.0,13.0,0.0,0.0,0.0,48.0,68.0,130.0,0,-0.8901189999999999,-0.8901189999999999,-0.21999999999999997,-0.07499999999999996,-0.35188399999999964,-0.5659877999999996,-0.39092349999999976,-1.2697941329903624,-0.6052506666666659,-0.7180077999999996,-0.46693380000000007,-1.391223381771817,-0.07333333333333325,-0.1479999999999999,-0.13600000000000007,-0.08948397824993037,-0.06066666666666676,-0.08299999999999996,-0.09589999999999987,-0.062047731690397456
20230305_Montpellier_Angers,2023-03-05 14:00:00,2022,Montpellier,Angers,5,0,3.41548,2.65539,0.6,0.845,1.0,0.0,9.0,1.8930436666666666,1.3125816000000001,1.1793192,0.8206804095326865,1.6396770000000005,1.1605616,1.0272994,0.7963556403977889,0.44,0.466,0.457,0.40934018693566204,0.765,0.7666000000000001,0.7566,0.7781296631588092,5.0,6.0,12.0,1.0,6.0,17.0,2.0,4.0,15.0,1.0,1.0,3.0,57.0,74.0,177.0,0,5,0.955683,0.955683,0.4,0.816,4.0,1.0,23.0,0.8768676666666667,0.7258340000000001,0.9675781999999999,1.0948591735195732,0.6235016666666667,0.5738144000000001,0.8915683999999999,0.9732434935194073,0.5233333333333333,0.48200000000000004,0.488,0.4659133424048642,0.7926666666666667,0.7678,0.7964,0.8090622854232057,3.0,4.0,6.0,6.0,8.0,19.0,5.0,10.0,19.0,0.0,1.0,1.0,38.0,93.0,158.0,1,2.459797,1.699707,0.19999999999999996,0.029000000000000026,1.0161759999999997,0.5867476,0.21174099999999996,-0.2741787639868867,1.0161753333333339,0.5867472,0.13573100000000005,-0.17688785312161837,-0.08333333333333331,-0.016000000000000014,-0.030999999999999972,-0.05657315546920216,-0.027666666666666728,-0.0011999999999999789,-0.03979999999999995,-0.030932622264396525
20230319_Montpellier_Clermont Foot,2023-03-19 14:00:00,2022,Montpellier,Clermont Foot,2,1,3.01981,3.01981,0.56,0.765,3.0,1.0,19.0,1.7782903333333335,2.0737502,1.3374152000000001,1.5986160163813072,1.5249270000000006,1.7697122,1.1853962,1.4760286256159114,0.5033333333333334,0.4880000000000001,0.476,0.5283736074774265,0.7829999999999999,0.7734,0.7632,0.7479251865263523,7.0,11.0,15.0,1.0,1.0,15.0,3.0,5.0,12.0,0.0,1.0,3.0,61.0,89.0,178.0,1,2,1.40585,1.40585,0.44,0.715,1.0,0.0,23.0,1.4187723333333333,1.2424094,1.2696643,1.6553416912852201,1.4187723333333337,1.2424094,1.2696643,1.6553416280217201,0.5066666666666667,0.462,0.458,0.4755905910282434,0.7709999999999999,0.7658,0.7748999999999999,0.8129628275664222,2.0,2.0,6.0,5.0,9.0,13.0,3.0,9.0,15.0,0.0,0.0,0.0,44.0,70.0,149.0,1,1.61396,1.61396,0.12000000000000005,0.050000000000000044,0.3595180000000002,0.8313408,0.06775090000000006,-0.05672567490391289,0.10615466666666684,0.5273028,-0.08426810000000007,-0.17931300240580872,-0.0033333333333332993,0.02600000000000008,0.01799999999999996,0.05278301644918304,0.01200000000000001,0.00759999999999994,-0.011699999999999933,-0.06503764104006993
20230409_Montpellier_Toulouse,2023-04-09 13:00:00,2022,Montpellier,Toulouse,1,2,1.79324,1.79324,0.51,0.78,0.0,0.0,9.0,1.714544666666667,1.8408729999999998,1.5908872,1.2268614406552523,1.7145446666666675,1.6888550000000002,1.4388682000000002,1.2219579450246365,0.4666666666666668,0.47800000000000004,0.475,0.36673494429909703,0.721,0.757,0.7537,0.689117007461054,4.0,10.0,17.0,2.0,3.0,8.0,7.0,8.0,15.0,1.0,1.0,2.0,66.0,104.0,174.0,2,1,2.20627,2.20627,0.49,0.763,2.0,0.0,18.0,1.800393333333333,1.3898160000000002,1.7488489999999999,1.8100698767815153,1.8003933333333333,1.3898160000000002,1.67284,1.810068307165586,0.5533333333333332,0.5399999999999999,0.49399999999999994,0.5704972758037418,0.8323333333333333,0.8194000000000001,0.8084999999999999,0.8332073308033552,3.0,3.0,15.0,5.0,9.0,17.0,8.0,12.0,18.0,1.0,1.0,1.0,62.0,88.0,174.0,-1,-0.41303,-0.41303,0.020000000000000018,0.017000000000000015,-0.08584866666666602,0.4510569999999996,-0.15796179999999982,-0.583208436126263,-0.0858486666666658,0.29903900000000005,-0.23397179999999995,-0.5881103621409496,-0.08666666666666645,-0.06199999999999989,-0.01899999999999996,-0.20376233150464473,-0.11133333333333328,-0.06240000000000012,-0.05479999999999985,-0.1440903233423012
20230423_Montpellier_Rennes,2023-04-23 15:00:00,2022,Montpellier,Rennes,1,0,0.748138,0.748138,0.31,0.7170000000000001,3.0,1.0,25.0,1.0526683333333335,1.490391,1.7160274000000002,0.7480576576262101,1.0526683333333338,1.4903910000000002,1.5640084,0.7478615178009854,0.38333333333333347,0.446,0.48200000000000004,0.35226939777196387,0.722,0.7315999999999999,0.7604,0.724364680298442,3.0,6.0,16.0,5.0,6.0,9.0,5.0,10.0,14.0,0.0,1.0,2.0,60.0,102.0,173.0,0,1,1.32781,1.32781,0.69,0.86,2.0,0.0,14.0,1.8306466666666663,1.6166614,1.5161028,2.796873080184792,1.8306466666666663,1.6166614000000004,1.5161028,2.7968730801839627,0.49333333333333335,0.51,0.52,0.4951085829422552,0.8166666666666668,0.8314,0.8127000000000001,0.7937924534125809,4.0,6.0,11.0,4.0,4.0,11.0,5.0,8.0,13.0,0.0,0.0,0.0,62.0,91.0,171.0,1,-0.579672,-0.579672,-0.37999999999999995,-0.1429999999999999,-0.7779783333333328,-0.1262703999999999,0.19992460000000012,-2.0488154225585817,-0.7779783333333326,-0.12627040000000012,0.04790559999999999,-2.049011562382977,-0.10999999999999988,-0.064,-0.03799999999999998,-0.14283918517029132,-0.09466666666666679,-0.09980000000000011,-0.052300000000000124,-0.06942777311413884
20230514_Montpellier_Lorient,2023-05-14 13:00:00,2022,Montpellier,Lorient,1,1,1.20401,1.20401,0.43,0.779,2.0,0.0,15.0,1.7223793333333337,1.4950918,1.6679824,2.21432167726101,1.4690126666666672,1.3430718000000001,1.5159634,1.606240108142408,0.35666666666666674,0.38,0.429,0.3327381551821757,0.7393333333333333,0.7426,0.7497999999999999,0.7424989174423875,9.0,11.0,21.0,5.0,9.0,12.0,7.0,10.0,18.0,1.0,1.0,2.0,63.0,99.0,203.0,1,1,0.582419,0.582419,0.57,0.865,3.0,0.0,27.0,1.6681573333333335,1.3350726,1.1383133300000001,1.5308929243867042,1.6681573333333333,1.1830542000000002,1.06230413,1.5260282733201314,0.48666666666666664,0.47800000000000004,0.48599999999999993,0.4629170592502732,0.8363333333333333,0.8257999999999999,0.8338000000000001,0.8076116847286335,5.0,6.0,10.0,3.0,6.0,11.0,9.0,10.0,17.0,1.0,1.0,3.0,60.0,121.0,232.0,0,0.621591,0.621591,-0.13999999999999996,-0.08599999999999997,0.054222000000000214,0.16001920000000003,0.52966907,0.6834287528743057,-0.19914466666666608,0.16001759999999998,0.45365926999999995,0.08021183482227667,-0.1299999999999999,-0.09800000000000003,-0.05699999999999994,-0.1301789040680975,-0.09699999999999998,-0.08319999999999983,-0.08400000000000019,-0.06511276728624604
20230527_Montpellier_Nice,2023-05-27 19:00:00,2022,Montpellier,Nice,2,3,1.61612,0.856029,0.47,0.8170000000000001,0.0,0.0,24.0,1.7386600000000003,1.6149495999999999,1.5526703,1.6440944670904405,1.485293333333334,1.4629296,1.4766603,1.6197712043256964,0.4333333333333334,0.41200000000000003,0.429,0.530109526207287,0.7846666666666667,0.7664,0.7489999999999999,0.8223399566976956,8.0,13.0,19.0,6.0,6.0,12.0,5.0,9.0,19.0,0.0,1.0,2.0,57.0,99.0,201.0,3,2,4.59487,4.59487,0.53,0.7959999999999999,3.0,0.0,11.0,1.4920120000000001,1.9304532,1.5466269000000001,2.3510103189385307,1.4920120000000001,1.9304532,1.5466269,2.3510102566713833,0.5266666666666667,0.556,0.542,0.5240065437391391,0.8306666666666667,0.8452,0.8492000000000001,0.8383128208899114,2.0,4.0,8.0,3.0,5.0,12.0,3.0,6.0,12.0,0.0,0.0,0.0,49.0,65.0,119.0,-1,-2.9787500000000002,-3.7388410000000003,-0.06000000000000005,0.02100000000000013,0.2466480000000002,-0.3155036000000002,0.00604339999999981,-0.7069158518480902,-0.0067186666666660955,-0.46752360000000004,-0.06996659999999988,-0.7312390523456869,-0.09333333333333332,-0.14400000000000002,-0.11300000000000004,0.006102982468147888,-0.04599999999999993,-0.07879999999999998,-0.10020000000000018,-0.015972864192215885
20230813_Montpellier_Le Havre,2023-08-13 13:00:00,2023,Montpellier,Le Havre,2,2,1.2977,1.2977,0.58,0.797,1.0,0.0,15.0,1.8463200000000004,1.810268,1.5068113,2.0997349786836175,1.592956333333334,1.5062298000000003,1.3547922,1.977147488173028,0.5133333333333334,0.45600000000000007,0.41899999999999993,0.5044043810482914,0.8126666666666668,0.7914,0.7601,0.7924135982679078,8.0,13.0,21.0,4.0,10.0,15.0,2.0,7.0,16.0,0.0,0.0,1.0,58.0,94.0,196.0,2,2,1.24958,1.24958,0.42,0.72,2.0,0.0,20.0,,,,,,,,,,,,,,,,,,,,,,,,,,,,,,,,0,0.04812000000000016,0.04812000000000016,0.15999999999999998,0.07700000000000007,,,,,,,,,,,,,,,,
20230827_Montpellier_Reims,2023-08-27 13:00:00,2023,Montpellier,Reims,1,3,1.42165,1.42165,0.52,0.693,1.0,0.0,27.0,1.811673333333334,1.750948,1.5640969,1.8260853991473447,1.811673333333334,1.5989298,1.4120778,1.821181899526921,0.48666666666666675,0.49800000000000005,0.43099999999999994,0.4089761752419316,0.7836666666666666,0.8006,0.7715,0.7736165439307163,9.0,14.0,25.0,4.0,7.0,15.0,4.0,4.0,16.0,0.0,0.0,1.0,48.0,93.0,198.0,3,1,1.8496,1.08951,0.48,0.7,1.0,0.0,25.0,1.7497913333333337,1.499614,1.3339898000000001,2.1557364565815176,1.7497913333333337,1.4996139999999998,1.2579798,2.1555418087152867,0.51,0.5119999999999999,0.542,0.48033476127078745,0.7846666666666667,0.7956,0.7927000000000001,0.7695640792059049,4.0,6.0,8.0,5.0,10.0,18.0,4.0,5.0,16.0,0.0,1.0,1.0,63.0,90.0,147.0,-1,-0.42794999999999983,0.3321400000000001,0.040000000000000036,-0.007000000000000006,0.061882000000000215,0.25133399999999995,0.2301070999999999,-0.3296510574341729,0.061882000000000215,0.09931580000000029,0.15409800000000007,-0.33435990918836556,-0.02333333333333326,-0.013999999999999846,-0.1110000000000001,-0.07135858602885586,-0.001000000000000112,0.0050000000000000044,-0.021200000000000108,0.0040524647248114665
20230924_Montpellier_Rennes,2023-09-24 15:05:00,2023,Montpellier,Rennes,0,0,1.38233,1.38233,0.37,0.644,2.0,0.0,26.0,1.083695666666667,1.2933734000000001,1.5518207,1.0158706031931788,1.0836956666666673,1.2933734000000001,1.3998016000000002,1.0158313751962154,0.5000000000000001,0.49000000000000005,0.47300000000000003,0.5351118094019355,0.7606666666666667,0.7694,0.7804,0.8170049323514458,3.0,9.0,22.0,6.0,9.0,19.0,8.0,10.0,17.0,0.0,0.0,0.0,58.0,93.0,187.0,0,0,0.933593,0.933593,0.63,0.805,1.0,0.0,19.0,1.3911069999999999,2.0957922,1.9727437,0.5106544658579992,1.3911069999999999,1.9437730000000002,1.8207250000000001,0.5055952681619992,0.5333333333333333,0.56,0.561,0.48297307772972475,0.836,0.8496,0.8411,0.8223520430235338,4.0,10.0,24.0,4.0,6.0,9.0,3.0,4.0,11.0,0.0,0.0,0.0,52.0,90.0,157.0,0,0.44873700000000005,0.44873700000000005,-0.26,-0.16100000000000003,-0.3074113333333328,-0.8024187999999999,-0.42092300000000016,0.5052161373351796,-0.3074113333333326,-0.6503996000000001,-0.42092339999999995,0.5102361070342162,-0.033333333333333215,-0.07,-0.08800000000000002,0.052138731672210725,-0.07533333333333325,-0.08020000000000005,-0.060699999999999976,-0.00534711067208804
20231029_Montpellier_Toulouse,2023-10-29 14:00:00,2023,Montpellier,Toulouse,3,0,3.2823,3.2823,0.39,0.722,2.0,0.0,20.0,1.5495543333333333,1.29562,1.495089,0.8923463248255453,1.2961910000000005,1.143602,1.3430709,0.7707316110015696,0.4300000000000001,0.454,0.472,0.4385208944752155,0.7523333333333332,0.7692,0.7707,0.7844240394588117,3.0,5.0,17.0,2.0,5.0,15.0,4.0,11.0,16.0,0.0,0.0,0.0,53.0,84.0,183.0,0,3,0.877804,0.877804,0.61,0.8009999999999999,3.0,0.0,23.0,1.4931876666666664,1.2022482,1.2848257,0.9992641275820485,1.4931876666666668,1.2022482,1.2088164000000001,0.9992563442297285,0.5333333333333333,0.4739999999999999,0.4579999999999999,0.48818099259103787,0.8029999999999999,0.7802,0.7795,0.7833003656681057,5.0,6.0,13.0,2.0,4.0,11.0,7.0,13.0,21.0,0.0,0.0,0.0,63.0,151.0,243.0,1,2.404496,2.404496,-0.21999999999999997,-0.07899999999999996,0.0563666666666669,0.0933717999999999,0.21026329999999982,-0.1069178027565032,-0.19699666666666626,-0.05864620000000009,0.13425449999999994,-0.22852473322815892,-0.10333333333333322,-0.019999999999999907,0.014000000000000068,-0.04966009811582239,-0.05066666666666675,-0.01100000000000001,-0.008799999999999919,0.0011236737907059924
20231110_Montpellier_Nice,2023-11-10 20:00:00,2023,Montpellier,Nice,0,0,0.651349,0.651349,0.41,0.7909999999999999,0.0,0.0,30.0,1.453982333333334,1.7029434,1.4981584,1.0278650529930218,1.4539823333333342,1.5509254000000001,1.4221494000000001,1.0230004644400628,0.37333333333333346,0.396,0.44299999999999995,0.3199408357790086,0.7566666666666667,0.7494,0.7594,0.7612969615783525,3.0,6.0,15.0,5.0,5.0,14.0,3.0,6.0,16.0,0.0,0.0,0.0,54.0,97.0,190.0,0,0,0.62039,0.62039,0.59,0.861,4.0,0.0,13.0,1.7578726666666669,1.5643556,1.7410907999999998,2.2122866214085346,1.5045060000000003,1.4123356,1.6650807999999997,2.0906706214085347,0.5033333333333333,0.546,0.5279999999999999,0.47718210730082167,0.847,0.8496,0.8433999999999999,0.8532430844706747,4.0,5.0,12.0,0.0,0.0,3.0,6.0,8.0,18.0,1.0,1.0,1.0,39.0,72.0,129.0,0,0.03095899999999996,0.03095899999999996,-0.18,-0.07000000000000006,-0.30389033333333293,0.13858780000000004,-0.24293239999999994,-1.1844215684155128,-0.05052366666666619,0.1385898000000001,-0.24293139999999958,-1.067670156968472,-0.12999999999999984,-0.15000000000000002,-0.08499999999999996,-0.15724127152181305,-0.09033333333333327,-0.10020000000000007,-0.08399999999999996,-0.09194612289232218
20231126_Montpellier_Brest,2023-11-26 14:00:00,2023,Montpellier,Brest,1,3,2.19901,1.43891,0.53,0.71,2.0,0.0,16.0,1.5058010000000002,1.5567472,1.4335232999999998,0.7266522105986043,1.5058010000000006,1.4047292000000002,1.3575143000000003,0.7256792928880125,0.36666666666666675,0.404,0.426,0.3919881671558017,0.7603333333333332,0.7788,0.7588,0.7850593923156705,3.0,6.0,13.0,3.0,5.0,12.0,2.0,4.0,15.0,0.0,0.0,0.0,74.0,101.0,205.0,3,1,2.38593,2.38593,0.47,0.713,2.0,0.0,40.0,1.0148030000000003,0.9622086,1.3834153,0.8899494230813378,1.014803,0.9622086000000001,1.3834153,0.889949286074099,0.5166666666666667,0.5120000000000001,0.509,0.5249255848633757,0.7846666666666667,0.7712,0.7627999999999999,0.7819852457966252,2.0,3.0,8.0,6.0,7.0,11.0,10.0,15.0,28.0,1.0,1.0,1.0,34.0,67.0,157.0,-1,-0.1869200000000002,-0.9470200000000002,0.06000000000000005,-0.0030000000000000027,0.4909979999999998,0.5945386,0.05010799999999982,-0.16329721248273354,0.4909980000000007,0.44252060000000015,-0.02590099999999973,-0.16426999318608648,-0.14999999999999997,-0.1080000000000001,-0.08300000000000002,-0.132937417707574,-0.02433333333333354,0.007600000000000051,-0.0039999999999998925,0.003074146519045251
20231129_Montpellier_Clermont Foot,2023-11-29 17:00:00,2023,Montpellier,Clermont Foot,1,1,2.5147,1.7546,0.63,0.7809999999999999,5.0,0.0,9.0,1.1447043333333335,1.4424612,1.4616163,1.904538442119721,0.8913376666666672,1.2904412000000003,1.3095973,1.2962638585776025,0.4133333333333334,0.41200000000000003,0.442,0.5023976334311604,0.7563333333333334,0.7542,0.753,0.725011878463134,1.0,4.0,10.0,6.0,8.0,14.0,2.0,5.0,16.0,0.0,0.0,0.0,70.0,100.0,201.0,1,1,0.548696,0.548696,0.37,0.7,6.0,2.0,40.0,1.4333666666666665,1.1777498000000002,1.0973969000000001,1.7368348571736925,1.180002,1.025731,0.8693683,1.615210474611549,0.5466666666666667,0.492,0.533,0.4949998569967793,0.8530000000000001,0.8126000000000001,0.8031,0.8534089268635422,1.0,3.0,6.0,3.0,5.0,11.0,5.0,10.0,21.0,1.0,1.0,1.0,44.0,86.0,148.0,0,1.9660039999999999,1.2059039999999999,0.26,0.08099999999999996,-0.2886623333333329,0.26471139999999993,0.36421939999999986,0.16770358494602844,-0.28866433333333275,0.26471020000000034,0.4402290000000001,-0.3189466160339465,-0.13333333333333336,-0.07999999999999996,-0.09100000000000003,0.007397776434381109,-0.09666666666666668,-0.05840000000000012,-0.05010000000000003,-0.12839704840040822
20231208_Montpellier_Lens,2023-12-08 20:00:00,2023,Montpellier,Lens,0,0,1.34889,1.34889,0.35,0.637,2.0,0.0,26.0,1.9664233333333339,1.4268746,1.6101366,1.4269815376847887,1.4596900000000004,1.1228346,1.3821075999999999,1.2810345543431039,0.5100000000000001,0.44800000000000006,0.44799999999999995,0.41689590533724635,0.7283333333333334,0.7487999999999999,0.7558,0.7091604751385253,2.0,2.0,10.0,6.0,9.0,13.0,10.0,10.0,22.0,1.0,1.0,1.0,48.0,102.0,195.0,0,0,1.61301,1.61301,0.65,0.825,3.0,0.0,21.0,2.13738,2.2898258,2.2217869,2.5830685493788716,1.8840166666666667,1.8337698,1.9937589,1.9730507061581481,0.5033333333333333,0.5239999999999999,0.5559999999999999,0.5187627887076972,0.8396666666666667,0.8316000000000001,0.8253,0.8568080087731429,7.0,11.0,15.0,2.0,2.0,5.0,7.0,11.0,23.0,2.0,2.0,2.0,55.0,85.0,153.0,0,-0.26412000000000013,-0.26412000000000013,-0.30000000000000004,-0.18799999999999994,-0.17095666666666598,-0.8629511999999999,-0.6116503000000002,-1.156087011694083,-0.4243266666666663,-0.7109352,-0.6116513000000001,-0.6920161518150443,0.006666666666666821,-0.07599999999999985,-0.10799999999999998,-0.10186688337045086,-0.11133333333333328,-0.0828000000000002,-0.0695,-0.14764753363461758
20231220_Montpellier_Marseille,2023-12-20 20:00:00,2023,Montpellier,Marseille,1,1,1.51091,1.51091,0.32,0.721,2.0,0.0,32.0,1.1002023333333335,1.6028634,1.5798052999999999,0.8858272615073916,1.100202333333334,1.2988234000000003,1.3517763,0.8799893821737241,0.4000000000000001,0.472,0.438,0.45667583621348984,0.6926666666666668,0.7138,0.7463,0.727886419005541,1.0,3.0,9.0,2.0,6.0,11.0,7.0,14.0,18.0,1.0,1.0,1.0,91.0,116.0,217.0,1,1,1.20263,1.20263,0.68,0.845,1.0,0.0,21.0,2.446956666666667,1.9242939999999997,1.6015636,2.6294965041197305,2.4469566666666664,1.7722748,1.525554,2.6246318897196983,0.5133333333333332,0.514,0.524,0.5393659160020193,0.8109999999999999,0.8162,0.8217000000000001,0.8309881807092795,9.0,12.0,17.0,3.0,4.0,9.0,4.0,7.0,18.0,1.0,2.0,3.0,44.0,92.0,204.0,0,0.3082799999999999,0.3082799999999999,-0.36000000000000004,-0.124,-1.3467543333333334,-0.3214305999999998,-0.02175830000000012,-1.7436692426123388,-1.3467543333333325,-0.47345139999999963,-0.17377770000000003,-1.7446425075459742,-0.11333333333333312,-0.04200000000000004,-0.08600000000000002,-0.08269007978852949,-0.11833333333333318,-0.10240000000000005,-0.07540000000000013,-0.10310176170373853
20240128_Montpellier_Lille,2024-01-28 12:00:00,2023,Montpellier,Lille,0,0,1.37722,1.37722,0.39,0.769,4.0,0.0,17.0,0.9132173333333334,1.0548204,1.4505215,0.6472466904602956,0.9132173333333338,1.0548204,1.2985015,0.647013175286949,0.38333333333333347,0.374,0.413,0.3494670334485396,0.726,0.7018,0.7281,0.7124754567602215,2.0,2.0,7.0,3.0,5.0,12.0,6.0,11.0,20.0,0.0,1.0,1.0,106.0,155.0,254.0,0,0,0.622726,0.622726,0.61,0.872,3.0,1.0,19.0,1.9485723333333336,1.904999,1.7107234000000002,2.655201303920161,1.9485723333333338,1.7529789999999998,1.6347134,2.654228375920091,0.57,0.5780000000000001,0.5389999999999999,0.6223144433274097,0.8406666666666668,0.8413999999999999,0.8202,0.8702953456775757,5.0,7.0,13.0,3.0,3.0,4.0,4.0,6.0,17.0,0.0,0.0,0.0,54.0,73.0,188.0,0,0.7544940000000001,0.7544940000000001,-0.21999999999999997,-0.10299999999999998,-1.035355,-0.8501786,-0.2602019000000002,-2.0079546134598654,-1.035355,-0.6981585999999997,-0.3362119000000001,-2.0072152006331416,-0.18666666666666648,-0.20400000000000007,-0.12599999999999995,-0.27284740987887013,-0.1146666666666668,-0.13959999999999995,-0.09210000000000007,-0.1578198889173542
20240211_Montpellier_Lyon,2024-02-11 16:05:00,2023,Montpellier,Lyon,1,2,1.78103,1.78103,0.46,0.7909999999999999,1.0,0.0,29.0,0.879246666666667,0.9829614,1.2814316,0.8845930676184118,0.8792466666666673,0.9829614000000003,1.1294116,0.8845837270114779,0.4200000000000001,0.41200000000000003,0.43499999999999994,0.4923786813379416,0.7506666666666666,0.744,0.7333000000000001,0.7699390182704089,1.0,3.0,5.0,4.0,5.0,11.0,9.0,13.0,25.0,0.0,0.0,1.0,61.0,135.0,239.0,2,1,1.29775,1.29775,0.54,0.8140000000000001,2.0,0.0,17.0,1.2533360000000007,1.3221192,1.6803747000000002,1.7349515293876283,1.2533360000000004,1.3221192,1.6803747000000002,1.7349515268929572,0.5266666666666667,0.47400000000000003,0.491,0.41980575423699584,0.8310000000000001,0.8004,0.8210000000000001,0.7996792933520861,4.0,6.0,12.0,6.0,6.0,14.0,4.0,7.0,14.0,2.0,3.0,3.0,38.0,92.0,181.0,-1,0.48327999999999993,0.48327999999999993,-0.08000000000000002,-0.02300000000000013,-0.3740893333333337,-0.33915779999999995,-0.39894310000000033,-0.8503584617692165,-0.37408933333333316,-0.3391577999999996,-0.5509631000000001,-0.8503677998814793,-0.10666666666666663,-0.062,-0.05600000000000005,0.07257292710094576,-0.08033333333333348,-0.056400000000000006,-0.0877,-0.029740275081677203
20240218_Montpellier_Metz,2024-02-18 14:00:00,2023,Montpellier,Metz,3,0,3.04692,2.28683,0.54,0.782,3.0,0.0,13.0,1.3187283333333337,1.1859359999999999,1.3943997,1.6017426135236823,1.318728333333334,1.1859360000000003,1.2423797,1.6017407454022956,0.4566666666666668,0.40800000000000003,0.43999999999999995,0.4664757362675883,0.7776666666666666,0.7527999999999999,0.7333,0.7867878036540817,2.0,3.0,6.0,4.0,7.0,13.0,8.0,12.0,26.0,0.0,0.0,1.0,58.0,122.0,238.0,0,3,0.929361,0.929361,0.46,0.7759999999999999,3.0,0.0,26.0,0.6326693333333332,0.5212222000000001,0.8741398,0.9037509863302543,0.6326693333333333,0.5212222000000001,0.6448077,0.903733729462413,0.37333333333333346,0.356,0.36500000000000005,0.3563272509269637,0.7186666666666666,0.7272,0.7256,0.7358131126759778,2.0,3.0,9.0,4.0,8.0,15.0,4.0,8.0,14.0,0.0,1.0,1.0,80.0,106.0,231.0,1,2.117559,1.357469,0.08000000000000002,0.006000000000000116,0.6860590000000005,0.6647137999999998,0.5202598999999999,0.697991627193428,0.6860590000000006,0.6647138000000002,0.5975720000000001,0.6980070159398826,0.08333333333333331,0.052000000000000046,0.0749999999999999,0.1101484853406246,0.05900000000000005,0.025599999999999956,0.007699999999999929,0.05097469097810392
20240303_Montpellier_Strasbourg,2024-03-03 14:00:00,2023,Montpellier,Strasbourg,2,2,1.55397,1.55397,0.6,0.787,1.0,0.0,20.0,1.974496666666667,1.619729,1.3372747,1.4280089045409472,1.721133333333334,1.467711,1.2612657,1.3063944298160917,0.4733333333333334,0.466,0.42000000000000004,0.4410590294507035,0.7789999999999999,0.7758,0.7388,0.7677915121461634,5.0,6.0,8.0,6.0,8.0,13.0,8.0,15.0,26.0,0.0,0.0,1.0,71.0,100.0,255.0,2,2,1.61588,0.855787,0.4,0.725,3.0,0.0,45.0,1.1777580000000005,1.4856867999999999,1.3922003,0.46473625400851204,1.1777580000000003,1.4856867999999999,1.3922003,0.46473619174112,0.5333333333333335,0.49000000000000005,0.461,0.5023916883378041,0.8303333333333333,0.8114000000000001,0.7925,0.8303873927010448,2.0,4.0,12.0,9.0,12.0,17.0,7.0,13.0,21.0,1.0,1.0,1.0,50.0,95.0,201.0,0,-0.06190999999999991,0.6981830000000001,0.19999999999999996,0.062000000000000055,0.7967386666666665,0.1340422000000001,-0.05492560000000002,0.9632726505324352,0.5433753333333338,-0.017975799999999875,-0.1309346,0.8416582380749716,-0.060000000000000164,-0.02400000000000002,-0.04099999999999998,-0.0613326588871006,-0.05133333333333334,-0.035600000000000076,-0.05369999999999997,-0.06259588055488141
20240317_Montpellier_Paris Saint Germain,2024-03-17 19:45:00,2023,Montpellier,Paris Saint Germain,2,6,2.51778,1.75768,0.32,0.789,0.0,0.0,12.0,1.439796666666667,1.8294679999999999,1.4062147,1.641659556181638,1.1864310000000007,1.5254306000000002,1.254196,1.0287173771926437,0.4566666666666667,0.47400000000000003,0.44299999999999995,0.3936423611780281,0.757,0.7687999999999999,0.7564,0.7326316604858465,5.0,9.0,12.0,7.0,9.0,14.0,7.0,11.0,24.0,0.0,0.0,0.0,94.0,136.0,271.0,6,2,2.24298,2.24298,,,,,,1.7564499999999992,1.8838560000000002,1.8602779999999999,1.5987791907346964,1.5030833333333329,1.5798178,1.5562390999999998,1.569396508880407,,,,,,,,,3.0,8.0,18.0,3.0,4.0,9.0,,,,,,,,,,-1,0.27479999999999993,-0.4853000000000003,,,-0.3166533333333321,-0.054388000000000325,-0.45406329999999984,0.042880365446941626,-0.3166523333333322,-0.05438719999999986,-0.3020430999999997,-0.5406791316877633,,,,,,,,
20240407_Montpellier_Lorient,2024-04-07 13:00:00,2023,Montpellier,Lorient,2,0,2.68931,1.92921,0.45,0.8,3.0,0.0,25.0,2.00205,1.7311320000000001,1.6121349999999999,1.9233031822472655,1.495317666666667,1.4270926000000002,1.3841063,1.7771694950877057,0.38333333333333336,0.434,0.44299999999999995,0.4509456944471211,0.7513333333333333,0.7609999999999999,0.763,0.7515452664194338,6.0,9.0,14.0,7.0,13.0,19.0,4.0,9.0,22.0,0.0,0.0,0.0,81.0,130.0,233.0,0,2,1.74832,1.74832,0.55,0.846,6.0,0.0,18.0,0.8144913333333336,1.0020006000000001,1.2566487,1.2724195458178553,0.8144913333333336,1.0020006000000001,1.2566487,1.2724195458178553,0.5066666666666667,0.52,0.47400000000000003,0.5375192628502747,0.8076666666666666,0.8204,0.8097,0.799282030499324,2.0,4.0,14.0,5.0,7.0,15.0,2.0,4.0,15.0,1.0,1.0,1.0,79.0,121.0,303.0,1,0.9409899999999998,0.18089,-0.10000000000000003,-0.04599999999999993,1.1875586666666664,0.7291314,0.3554862999999999,0.6508836364294102,0.6808263333333334,0.425092,0.12745760000000006,0.5047499492698504,-0.12333333333333335,-0.08600000000000002,-0.031000000000000083,-0.08657356840315361,-0.056333333333333346,-0.05940000000000012,-0.046699999999999964,-0.04773676407989025
20240426_Montpellier_Nantes,2024-04-26 19:00:00,2023,Montpellier,Nantes,1,1,0.679578,0.679578,0.54,0.826,2.0,2.0,24.0,1.9197100000000002,2.0190799999999998,1.924274,1.4602315454579782,1.666343333333334,1.7150400000000001,1.6202352999999998,1.4347392759607018,0.4733333333333334,0.44399999999999995,0.45899999999999996,0.47400756555557694,0.7866666666666666,0.7788,0.7737999999999999,0.7618523621313554,5.0,9.0,18.0,2.0,8.0,17.0,7.0,9.0,20.0,0.0,0.0,0.0,73.0,109.0,245.0,1,1,1.70799,1.70799,0.46,0.769,1.0,0.0,23.0,0.6729093333333331,0.9043408000000002,0.9101631000000001,0.296402248124521,0.6729093333333332,0.7523228000000002,0.8341540999999999,0.29153765967114087,0.4733333333333334,0.49800000000000005,0.42800000000000005,0.46521109271692374,0.7996666666666666,0.8106,0.7688999999999999,0.7909482873310912,2.0,5.0,8.0,6.0,10.0,17.0,5.0,12.0,22.0,0.0,0.0,0.0,75.0,116.0,246.0,0,-1.0284119999999999,-1.0284119999999999,0.08000000000000002,0.05699999999999994,1.2468006666666671,1.1147391999999996,1.0141109,1.1638292973334572,0.9934340000000007,0.9627171999999999,0.7860811999999999,1.143201616289561,0.0,-0.054000000000000103,0.030999999999999917,0.008796472838653202,-0.013000000000000012,-0.03179999999999994,0.0049000000000000155,-0.029095925199735806
20240512_Montpellier_Monaco,2024-05-12 19:00:00,2023,Montpellier,Monaco,0,2,1.12952,1.12952,0.45,0.777,1.0,0.0,25.0,0.8985333333333335,1.419816,1.5754739999999998,0.6954393418183191,0.8985333333333339,1.2677960000000001,1.3474443,0.6944196510384281,0.46000000000000013,0.466,0.45,0.40136030262222305,0.7813333333333333,0.7906,0.7758,0.7762340944852543,5.0,8.0,17.0,3.0,4.0,17.0,8.0,12.0,21.0,3.0,3.0,3.0,81.0,123.0,253.0,2,0,2.31591,2.31591,0.55,0.8370000000000001,1.0,0.0,24.0,2.5688399999999993,2.12364,2.301389,3.1657115065550108,2.56884,2.12364,2.2146529999999998,3.1657111512644294,0.5266666666666667,0.508,0.507,0.5982391938291391,0.8153333333333332,0.7789999999999999,0.7865,0.8372079266052537,7.0,10.0,21.0,4.0,4.0,10.0,7.0,12.0,21.0,0.0,3.0,4.0,45.0,80.0,194.0,-1,-1.18639,-1.18639,-0.10000000000000003,-0.06000000000000005,-1.670306666666666,-0.703824,-0.7259150000000001,-2.4702721647366914,-1.670306666666666,-0.8558439999999998,-0.8672086999999997,-2.4712915002260014,-0.0666666666666666,-0.04199999999999998,-0.056999999999999995,-0.1968788912069161,-0.03399999999999992,0.011600000000000055,-0.010699999999999932,-0.060973832119999405
20220812_Nantes_Lille,2022-08-12 19:00:00,2022,Nantes,Lille,1,1,2.07994,2.07994,0.31,0.638,1.0,0.0,31.0,1.712786666666667,1.8945839999999996,1.4769118,1.2407772419924803,1.7127866666666665,1.5905448,1.3248922,1.234939699492821,0.42999999999999994,0.438,0.42699999999999994,0.4994629416991748,0.7066666666666667,0.7154,0.7182,0.7240760116176473,5.0,12.0,17.0,2.0,3.0,10.0,6.0,6.0,12.0,0.0,0.0,0.0,61.0,106.0,214.0,1,1,2.53444,2.53444,0.69,0.8109999999999999,4.0,0.0,22.0,1.2541843333333331,1.1384076,1.0689397,1.3280670298769421,1.000817666666667,0.8343693999999999,0.9169206000000001,1.201586447476942,0.5366666666666666,0.534,0.541,0.5638246705549654,0.8483333333333333,0.8614,0.8311999999999999,0.8785074749971996,6.0,11.0,19.0,2.0,2.0,7.0,5.0,9.0,23.0,0.0,0.0,1.0,44.0,71.0,171.0,0,-0.4544999999999999,-0.4544999999999999,-0.37999999999999995,-0.17299999999999993,0.4586023333333338,0.7561763999999995,0.40797210000000006,-0.08728978788446184,0.7119689999999994,0.7561754,0.4079716,0.03335325201587902,-0.10666666666666669,-0.09600000000000003,-0.1140000000000001,-0.06436172885579061,-0.1416666666666666,-0.14600000000000002,-0.11299999999999999,-0.15443146337955227
20220828_Nantes_Toulouse,2022-08-28 11:00:00,2022,Nantes,Toulouse,3,1,1.80364,1.80364,0.5,0.79,0.0,0.0,12.0,1.8618133333333333,1.915324,1.6447998000000001,2.2690774896796992,1.6084699999999998,1.763318,1.4167771999999998,1.6608199879797128,0.41999999999999993,0.40800000000000003,0.4149999999999999,0.421578517667967,0.7056666666666667,0.702,0.7097,0.7326430404647059,2.0,7.0,17.0,3.0,5.0,10.0,5.0,8.0,13.0,0.0,0.0,0.0,77.0,118.0,227.0,1,3,0.531418,0.531418,0.5,0.7829999999999999,3.0,0.0,19.0,2.1371266666666666,2.1371266666666666,2.1371266666666666,2.3906348,2.1371266666666666,2.1371266666666666,2.1371266666666666,2.3906348,0.5499999999999999,0.5499999999999999,0.5499999999999999,0.5416,0.8156666666666667,0.8156666666666667,0.8156666666666667,0.81184,6.0,6.0,6.0,3.0,3.0,3.0,4.0,4.0,4.0,0.0,0.0,0.0,38.0,38.0,38.0,1,1.272222,1.272222,0.0,0.007000000000000117,-0.2753133333333333,-0.2218026666666666,-0.4923268666666665,-0.1215573103203007,-0.5286566666666668,-0.3738086666666667,-0.7203494666666668,-0.7298148120202872,-0.13,-0.1419999999999999,-0.135,-0.12002148233203297,-0.10999999999999999,-0.1136666666666667,-0.10596666666666665,-0.07919695953529415
20220903_Nantes_Paris Saint Germain,2022-09-03 19:00:00,2022,Nantes,Paris Saint Germain,0,3,0.414108,0.414108,0.4,0.846,1.0,1.0,10.0,1.5813846666666667,1.5942548,1.7389784000000001,0.8451006995871879,1.3280413333333332,1.4422488,1.5109558,0.8207703995191884,0.49333333333333323,0.45999999999999996,0.434,0.5288631407067187,0.7840000000000001,0.7434000000000001,0.7192999999999999,0.8037057216185883,5.0,6.0,20.0,4.0,5.0,9.0,4.0,8.0,14.0,0.0,0.0,0.0,57.0,108.0,219.0,3,0,3.49883,3.49883,,,,,,3.6738766666666662,3.6958600000000006,3.086213,3.7502822521092605,3.4205133333333335,3.2398040000000004,2.5541619,3.6186969795792443,,,,,,,,,11.0,21.0,33.0,2.0,4.0,7.0,,,,,,,,,,-1,-3.0847219999999997,-3.0847219999999997,,,-2.0924919999999996,-2.1016052000000007,-1.3472345999999997,-2.9051815525220723,-2.0924720000000003,-1.7975552000000004,-1.0432061,-2.797926580060056,,,,,,,,
20220918_Nantes_Lens,2022-09-18 15:05:00,2022,Nantes,Lens,0,0,0.777656,0.777656,0.42,0.82,1.0,0.0,28.0,0.5276223333333333,1.1489654000000002,1.4679327,0.5693133079834874,0.5276223333333332,0.9969594,1.3159201,0.5683400959807675,0.48666666666666664,0.48,0.449,0.5011545256282688,0.8216666666666667,0.8013999999999999,0.7481,0.8147082288647436,3.0,7.0,16.0,7.0,10.0,13.0,7.0,8.0,15.0,1.0,1.0,1.0,38.0,76.0,187.0,0,0,0.967277,0.967277,0.58,0.851,1.0,0.0,17.0,2.2310666666666665,2.061934,1.739911,1.6232195980542232,2.2310666666666665,1.909914,1.587891,1.6222077494465441,0.6133333333333334,0.578,0.5640000000000001,0.627515451264884,0.8863333333333333,0.8714000000000001,0.8442000000000001,0.8862358456510779,7.0,13.0,16.0,3.0,5.0,13.0,5.0,5.0,17.0,1.0,1.0,2.0,43.0,71.0,141.0,0,-0.18962100000000004,-0.18962100000000004,-0.15999999999999998,-0.031000000000000028,-1.7034443333333331,-0.9129685999999997,-0.2719783,-1.0539062900707359,-1.7034443333333333,-0.9129545999999998,-0.2719708999999999,-1.0538676534657765,-0.12666666666666676,-0.09799999999999998,-0.11500000000000005,-0.12636092563661516,-0.06466666666666665,-0.07000000000000017,-0.09610000000000007,-0.07152761678633435
20221016_Nantes_Brest,2022-10-16 13:00:00,2022,Nantes,Brest,4,1,3.45666,1.93647,0.54,0.805,0.0,0.0,13.0,0.5411776666666667,0.5248412,1.059548,0.4462319784638679,0.5411776666666666,0.5248412,0.983545,0.4462241927678462,0.4533333333333333,0.45600000000000007,0.458,0.4430492362050261,0.7846666666666667,0.8017999999999998,0.7726,0.7185176658309179,1.0,3.0,9.0,7.0,13.0,18.0,2.0,6.0,14.0,0.0,1.0,1.0,56.0,75.0,183.0,1,4,0.596967,0.596967,0.46,0.779,2.0,0.0,27.0,0.8019896666666667,0.8954546000000001,0.9816841000000001,0.940734528838854,0.8019896666666666,0.7434348,0.8296652,0.93586958390599,0.5366666666666667,0.518,0.483,0.5054562679695053,0.762,0.7778,0.7656000000000001,0.7577279173911217,2.0,3.0,10.0,4.0,6.0,21.0,9.0,14.0,19.0,0.0,0.0,1.0,43.0,75.0,139.0,1,2.859693,1.3395029999999999,0.08000000000000002,0.026000000000000023,-0.26081200000000004,-0.3706134000000001,0.07786389999999987,-0.4945025503749861,-0.26081200000000004,-0.21859359999999994,0.1538798,-0.48964539113814376,-0.08333333333333343,-0.061999999999999944,-0.024999999999999967,-0.06240703176447915,0.022666666666666724,0.0239999999999998,0.006999999999999895,-0.039210251560203746
20221030_Nantes_Clermont Foot,2022-10-30 14:00:00,2022,Nantes,Clermont Foot,1,1,1.95172,1.95172,0.55,0.794,0.0,0.0,14.0,1.7246196666666667,1.2715246,1.210245,1.5928588791385547,1.2178896666666665,0.9674866,0.982223,1.349628167710714,0.4366666666666667,0.44800000000000006,0.4640000000000001,0.37612196944820103,0.7483333333333334,0.7822,0.7918000000000001,0.7591407066332367,5.0,6.0,13.0,5.0,9.0,19.0,4.0,6.0,14.0,2.0,2.0,3.0,52.0,95.0,171.0,1,1,0.713991,0.713991,0.45,0.767,2.0,0.0,21.0,1.5396966666666667,1.434256,1.0947014,1.017772536812585,1.5396966666666667,1.434256,1.0947014,1.0177724745454386,0.5833333333333334,0.5619999999999999,0.52,0.619343304704,0.8220000000000001,0.807,0.7983,0.8311942868991999,4.0,8.0,12.0,5.0,9.0,12.0,8.0,11.0,23.0,0.0,0.0,1.0,41.0,76.0,168.0,0,1.2377289999999999,1.2377289999999999,0.10000000000000003,0.027000000000000024,0.18492299999999995,-0.16273139999999997,0.11554360000000008,0.5750863423259698,-0.3218070000000002,-0.4667694,-0.11247839999999998,0.3318556931652754,-0.14666666666666667,-0.11399999999999988,-0.05599999999999994,-0.24322133525579898,-0.07366666666666666,-0.024800000000000044,-0.00649999999999995,-0.0720535802659632
20221113_Nantes_Ajaccio,2022-11-13 14:00:00,2022,Nantes,Ajaccio,2,2,0.982738,0.982738,0.53,0.755,3.0,0.0,20.0,1.245322,1.526479,1.0399026,0.7814423551655422,1.2453219999999998,1.222441,0.8878836,0.7717131267084285,0.44,0.458,0.46799999999999997,0.4470448787779281,0.7496666666666666,0.7484,0.7872999999999999,0.7198056282653295,2.0,6.0,10.0,3.0,7.0,18.0,8.0,8.0,17.0,3.0,3.0,4.0,61.0,87.0,168.0,2,2,2.40866,1.64857,0.47,0.7120000000000001,4.0,0.0,26.0,1.4963886666666666,1.2979151999999998,1.0126845,3.0518829127854357,0.7362920000000001,0.6898372,0.7086454999999999,1.2227862597093497,0.4766666666666666,0.45599999999999996,0.48600000000000004,0.501357005021184,0.7833333333333333,0.7626000000000001,0.7504000000000001,0.7759648574308353,4.0,7.0,9.0,6.0,8.0,15.0,1.0,4.0,18.0,2.0,2.0,3.0,50.0,97.0,168.0,0,-1.425922,-0.6658320000000001,0.06000000000000005,0.04299999999999993,-0.25106666666666655,0.2285638000000001,0.027218100000000023,-2.2704405576198936,0.5090299999999998,0.5326038000000001,0.17923810000000007,-0.4510731330009212,-0.036666666666666625,0.0020000000000000573,-0.01800000000000007,-0.054312126243255876,-0.033666666666666734,-0.014200000000000101,0.03689999999999982,-0.056159229165505864
20230101_Nantes_Auxerre,2023-01-01 14:00:00,2022,Nantes,Auxerre,1,0,0.870785,0.870785,0.5,0.759,1.0,0.0,23.0,1.0656213333333333,1.2852028,1.2092772,1.5543437742066217,1.0656213333333333,1.2852028,1.0572582,1.5539546050683373,0.4666666666666666,0.458,0.4710000000000001,0.4546817951511172,0.7566666666666667,0.7632000000000001,0.7784,0.7991922251306132,2.0,4.0,11.0,3.0,5.0,16.0,9.0,13.0,18.0,1.0,3.0,3.0,64.0,104.0,182.0,0,1,0.940771,0.940771,0.5,0.7509999999999999,2.0,0.0,19.0,1.1302503333333334,0.9577172,1.0247633999999999,1.2137384572176135,0.8768866666666666,0.8056989999999999,0.8727452999999998,0.6056578733978781,0.43,0.43200000000000005,0.469,0.3889609462975693,0.8043333333333332,0.7864,0.8016,0.7660148095642829,3.0,5.0,9.0,9.0,11.0,23.0,1.0,2.0,9.0,0.0,1.0,2.0,57.0,114.0,195.0,1,-0.06998599999999999,-0.06998599999999999,0.0,0.008000000000000118,-0.06462900000000005,0.32748559999999993,0.18451380000000017,0.3406053169890082,0.18873466666666672,0.47950380000000004,0.1845129000000001,0.9482967316704591,0.036666666666666625,0.025999999999999968,0.002000000000000113,0.0657208488535479,-0.047666666666666524,-0.023199999999999887,-0.0232,0.03317741556633025
20230111_Nantes_Lyon,2023-01-11 18:00:00,2022,Nantes,Lyon,0,0,1.23816,1.23816,0.4,0.725,2.0,0.0,18.0,1.1869443333333334,1.2038738,1.2376992000000002,1.0074967548413243,1.1869443333333332,1.2038738,1.0856802,1.0074189210136675,0.49,0.49000000000000005,0.46900000000000003,0.4909363590302234,0.7753333333333333,0.7646,0.7734,0.7670384450261227,3.0,4.0,10.0,2.0,4.0,13.0,6.0,10.0,16.0,0.0,1.0,3.0,66.0,101.0,196.0,0,0,0.716341,0.716341,0.6,0.856,3.0,0.0,26.0,1.6925086666666669,1.3806208,1.3944837600000002,1.141944269339509,1.1857780000000004,1.0765824,1.24246456,0.9960053253354919,0.6,0.5559999999999999,0.541,0.595524569006649,0.848,0.8238,0.8231999999999999,0.849218436633065,5.0,6.0,11.0,4.0,5.0,12.0,4.0,8.0,16.0,0.0,0.0,1.0,39.0,72.0,151.0,0,0.5218189999999999,0.5218189999999999,-0.19999999999999996,-0.131,-0.5055643333333335,-0.176747,-0.15678455999999996,-0.1344475144981847,0.0011663333333327142,0.12729140000000005,-0.15678435999999984,0.01141359567817557,-0.10999999999999999,-0.06599999999999989,-0.07200000000000001,-0.10458820997642554,-0.07266666666666666,-0.05920000000000003,-0.049799999999999955,-0.08217999160694223
20230201_Nantes_Marseille,2023-02-01 18:00:00,2022,Nantes,Marseille,0,2,1.40304,1.40304,0.41,0.7390000000000001,4.0,0.0,20.0,0.7554439999999999,0.9688853999999999,1.3019791,0.29191533403873055,0.7554439999999999,0.9688854000000001,1.1499601,0.2919147113681093,0.4466666666666667,0.45599999999999996,0.46699999999999997,0.4295274908722418,0.7613333333333333,0.7710000000000001,0.7664,0.788856307560209,3.0,4.0,12.0,0.0,0.0,6.0,5.0,8.0,19.0,0.0,0.0,3.0,66.0,112.0,206.0,2,0,1.94315,1.94315,0.59,0.807,3.0,0.0,18.0,2.1528300000000002,2.341276,2.0216269999999996,1.8423765485589303,2.15283,2.189256,1.945617,1.8414035582721784,0.6566666666666666,0.6140000000000001,0.567,0.623167777415621,0.8530000000000001,0.8380000000000001,0.8322,0.8080456713648387,6.0,14.0,20.0,2.0,4.0,10.0,6.0,9.0,15.0,0.0,1.0,2.0,31.0,66.0,139.0,-1,-0.5401099999999999,-0.5401099999999999,-0.18,-0.06799999999999995,-1.3973860000000005,-1.3723906000000001,-0.7196478999999996,-1.5504612145201997,-1.397386,-1.2203705999999999,-0.7956569,-1.549488846904069,-0.2099999999999999,-0.15800000000000014,-0.09999999999999998,-0.19364028654337923,-0.09166666666666679,-0.06699999999999995,-0.06580000000000008,-0.019189363804629767
20230212_Nantes_Lorient,2023-02-12 16:05:00,2022,Nantes,Lorient,1,0,1.64174,1.64174,0.49,0.813,0.0,0.0,13.0,1.0320443333333333,1.0475784000000001,1.1257261,1.490979013361549,0.7786776666666667,0.8955584,1.0497161,0.8828989884547245,0.4633333333333333,0.46399999999999997,0.477,0.5387810996348896,0.7639999999999999,0.7558,0.7602,0.7545942523024083,2.0,5.0,9.0,2.0,2.0,6.0,6.0,10.0,20.0,0.0,0.0,1.0,74.0,109.0,210.0,0,1,1.63028,1.63028,0.51,0.838,0.0,0.0,20.0,0.7944779999999999,0.8564679999999999,0.8832617,0.6998777051823305,0.7944779999999999,0.8564679999999999,0.8832616999999999,0.6998777051822858,0.4366666666666667,0.41,0.43499999999999994,0.5285237268353905,0.7993333333333332,0.782,0.7954999999999999,0.8349515551465434,4.0,7.0,12.0,5.0,10.0,18.0,3.0,4.0,9.0,0.0,0.0,0.0,85.0,131.0,232.0,1,0.011460000000000026,0.011460000000000026,-0.020000000000000018,-0.025000000000000022,0.23756633333333343,0.19111040000000024,0.24246440000000002,0.7911013081792185,-0.015800333333333194,0.03909040000000008,0.1664544,0.18302128327243872,0.026666666666666616,0.05399999999999999,0.04200000000000004,0.01025737279949912,-0.03533333333333333,-0.0262,-0.03529999999999989,-0.08035730284413511
20230226_Nantes_Rennes,2023-02-26 14:00:00,2022,Nantes,Rennes,0,1,2.42469,2.42469,0.56,0.754,2.0,0.0,12.0,1.1489143333333331,0.9948712000000001,1.0676948,0.5115039605344619,0.8955476666666667,0.8428512000000001,0.9916848,0.48718075953818896,0.49666666666666665,0.4619999999999999,0.471,0.4439512439853956,0.7833333333333332,0.7771999999999999,0.7699,0.7850637700920963,4.0,4.0,10.0,3.0,5.0,7.0,1.0,6.0,16.0,0.0,0.0,0.0,57.0,108.0,209.0,1,0,0.986331,0.986331,0.44,0.753,2.0,0.0,28.0,1.6854799999999999,1.650928,1.5514471,1.610365436846165,1.6854799999999999,1.650928,1.5514471,1.6103653720884705,0.5533333333333333,0.584,0.562,0.5980423636859775,0.8146666666666668,0.8302000000000002,0.8289,0.8634228578775126,4.0,8.0,15.0,6.0,8.0,15.0,2.0,3.0,8.0,0.0,0.0,2.0,45.0,67.0,143.0,-1,1.4383590000000002,1.4383590000000002,0.12000000000000005,0.0010000000000000009,-0.5365656666666667,-0.6560567999999999,-0.48375230000000013,-1.0988614763117033,-0.7899323333333331,-0.8080767999999998,-0.5597623,-1.1231846125502816,-0.0566666666666667,-0.12200000000000005,-0.09100000000000008,-0.15409111970058192,-0.031333333333333546,-0.05300000000000027,-0.05899999999999994,-0.07835908778541634
20230312_Nantes_Nice,2023-03-12 14:00:00,2022,Nantes,Nice,2,2,1.75098,0.990885,0.45,0.863,1.0,0.0,20.0,0.9666193333333332,1.2220236,1.0650275,0.5993585584213784,0.9666193333333334,1.0700036000000002,0.9890175000000001,0.5983856303815276,0.44,0.476,0.46299999999999997,0.37135804975941583,0.789,0.7872,0.7718,0.8176425508036839,3.0,6.0,10.0,8.0,8.0,10.0,4.0,5.0,15.0,0.0,0.0,0.0,50.0,86.0,195.0,2,2,1.51843,1.51843,0.55,0.872,1.0,0.0,13.0,1.6891133333333335,1.4234570000000002,1.5214119,1.7338640900711426,1.4357476666666669,1.2714376,1.4454021999999997,1.1257864775140978,0.5333333333333333,0.53,0.49899999999999994,0.6037025310439972,0.8243333333333333,0.8188000000000001,0.8136000000000001,0.8335030406921026,4.0,10.0,19.0,1.0,2.0,5.0,2.0,4.0,12.0,0.0,0.0,0.0,56.0,89.0,194.0,0,0.23255000000000003,-0.5275449999999999,-0.10000000000000003,-0.009000000000000008,-0.7224940000000003,-0.2014334000000002,-0.4563843999999999,-1.134505531649764,-0.4691283333333335,-0.2014339999999999,-0.45638469999999964,-0.5274008471325702,-0.09333333333333332,-0.05400000000000005,-0.035999999999999976,-0.23234448128458135,-0.03533333333333322,-0.03160000000000007,-0.04180000000000006,-0.015860489888418705
20230402_Nantes_Reims,2023-04-02 13:00:00,2022,Nantes,Reims,0,3,1.37353,1.37353,0.48,0.768,1.0,0.0,22.0,1.0174316666666665,1.1426935999999999,1.135494,1.154235142336855,0.7640666666666668,0.9906746,0.9834745,1.032581025215261,0.37333333333333335,0.42200000000000004,0.45200000000000007,0.35885432199037665,0.8216666666666668,0.8,0.7867,0.7867857020321474,5.0,6.0,12.0,7.0,11.0,13.0,4.0,6.0,14.0,0.0,0.0,0.0,61.0,94.0,198.0,3,0,2.00509,2.00509,0.52,0.76,2.0,0.0,22.0,1.3820433333333337,1.521546,1.6342984,1.854537122301167,1.3820433333333337,1.3482928,1.4716618000000001,1.8534205182975392,0.5666666666666668,0.53,0.528,0.5458758383035329,0.7863333333333333,0.7943999999999999,0.8068,0.7748791063959307,3.0,6.0,15.0,2.0,2.0,5.0,6.0,7.0,11.0,0.0,0.0,0.0,45.0,91.0,159.0,-1,-0.6315600000000001,-0.6315600000000001,-0.040000000000000036,0.008000000000000007,-0.3646116666666672,-0.3788524000000002,-0.49880440000000004,-0.700301979964312,-0.617976666666667,-0.3576182000000001,-0.4881873000000001,-0.8208394930822782,-0.1933333333333334,-0.10799999999999998,-0.07599999999999996,-0.18702151631315628,0.03533333333333344,0.00560000000000016,-0.020100000000000007,0.011906595636216655
20230409_Nantes_Monaco,2023-04-09 15:05:00,2022,Nantes,Monaco,2,2,0.973965,0.973965,0.49,0.742,3.0,0.0,18.0,1.3957133333333331,1.3701029999999998,1.1824871,1.329671028467371,1.1423483333333335,1.218084,1.0304676000000002,1.3053402050430523,0.42333333333333334,0.43200000000000005,0.44699999999999995,0.45577086439807535,0.8003333333333332,0.7974,0.7873,0.7717571404064295,3.0,5.0,9.0,6.0,11.0,16.0,3.0,7.0,13.0,0.0,0.0,0.0,66.0,95.0,203.0,2,2,1.66938,1.66938,0.51,0.7340000000000001,1.0,0.0,16.0,1.2792033333333332,1.4685519999999999,1.775242,1.404876389259424,1.2792033333333335,1.4685519999999999,1.7752419999999998,1.4048763263900943,0.5233333333333333,0.548,0.49799999999999994,0.5132613625641489,0.7516666666666666,0.7786000000000001,0.7792,0.7432157773073078,6.0,8.0,19.0,4.0,9.0,14.0,5.0,6.0,12.0,1.0,1.0,1.0,40.0,52.0,142.0,0,-0.6954150000000001,-0.6954150000000001,-0.020000000000000018,0.007999999999999896,0.11650999999999989,-0.09844900000000001,-0.5927549000000001,-0.07520536079205309,-0.13685499999999995,-0.2504679999999999,-0.7447743999999996,-0.09953612134704204,-0.09999999999999998,-0.11599999999999999,-0.05099999999999999,-0.057490498166073545,0.048666666666666636,0.018799999999999928,0.008099999999999996,0.028541363099121697
20230423_Nantes_Troyes,2023-04-23 13:00:00,2022,Nantes,Troyes,2,2,1.98437,1.98437,0.53,0.7859999999999999,1.0,0.0,12.0,1.2100916666666663,1.288777,1.2554003,1.2352452411386947,1.2100916666666668,1.136758,1.1033808,1.234272008201722,0.5533333333333333,0.49000000000000005,0.483,0.648630834575923,0.774,0.791,0.7891,0.7991902856162572,3.0,6.0,12.0,7.0,10.0,18.0,6.0,8.0,13.0,0.0,0.0,0.0,61.0,105.0,191.0,2,2,1.7244,0.964305,0.47,0.7909999999999999,0.0,0.0,40.0,0.6887506666666666,0.7120735999999999,0.71986854,0.44746027958973816,0.6887506666666665,0.7120735999999999,0.71986854,0.44746021732275576,0.44666666666666677,0.4619999999999999,0.4579999999999999,0.3245212156461189,0.763,0.7748,0.7569000000000001,0.7306710400982224,1.0,3.0,7.0,6.0,10.0,22.0,5.0,8.0,14.0,0.0,0.0,2.0,55.0,85.0,220.0,0,0.25997000000000003,1.020065,0.06000000000000005,-0.0050000000000000044,0.5213409999999997,0.5767034000000002,0.53553176,0.7877849615489565,0.5213410000000003,0.4246844000000001,0.38351226000000005,0.7868117908789662,0.10666666666666658,0.028000000000000136,0.025000000000000078,0.32410961892980406,0.01100000000000001,0.016199999999999992,0.032199999999999895,0.06851924551803479
20230507_Nantes_Strasbourg,2023-05-07 13:00:00,2022,Nantes,Strasbourg,0,2,0.815995,0.815995,0.54,0.7040000000000001,3.0,0.0,14.0,1.3310313333333332,1.2681178,1.2054057,0.9476642096455478,1.3310313333333335,1.2681178000000002,1.1293962,0.9476252803280688,0.5633333333333334,0.532,0.477,0.4867452333830369,0.7876666666666666,0.7746,0.7873,0.7697276114246503,3.0,5.0,11.0,6.0,11.0,22.0,4.0,8.0,14.0,0.0,0.0,0.0,54.0,94.0,188.0,2,0,1.94833,1.18824,0.46,0.743,1.0,0.0,35.0,1.5375966666666674,1.3498134,1.5707214,1.6208558508229691,1.2842330000000002,1.1977952,1.4063542999999998,1.5963067423429675,0.3500000000000003,0.415,0.4644444444444445,0.3035609978148618,0.635,0.7064999999999999,0.7191111111111111,0.5736284947571527,6.0,10.0,17.0,3.0,9.0,14.0,3.0,9.0,24.0,0.0,1.0,1.0,56.0,93.0,172.0,-1,-1.1323349999999999,-0.37224499999999994,0.08000000000000002,-0.038999999999999924,-0.20656533333333416,-0.08169559999999998,-0.3653157,-0.6731916411774214,0.046798333333333275,0.07032260000000012,-0.2769580999999999,-0.6486814620148987,0.21333333333333304,0.11700000000000005,0.012555555555555487,0.1831842355681751,0.15266666666666662,0.06810000000000005,0.06818888888888885,0.19609911666749757
20230520_Nantes_Montpellier,2023-05-20 15:00:00,2022,Nantes,Montpellier,0,3,0.751273,0.751273,0.44,0.792,4.0,0.0,13.0,0.7212689999999998,1.0861914000000001,1.0830747,0.6659601683858218,0.721269,1.0861914000000001,1.0070652,0.6659586112131227,0.43333333333333335,0.504,0.46099999999999997,0.33786980933532146,0.7203333333333334,0.7518,0.7734,0.6970291044569861,0.0,3.0,10.0,4.0,8.0,20.0,5.0,8.0,16.0,0.0,0.0,0.0,79.0,112.0,213.0,3,0,1.7036,1.7036,0.56,0.835,0.0,0.0,21.0,1.874336666666667,1.3772458,1.7238583000000003,1.406072335452202,1.6209700000000007,1.2252258,1.5718393000000002,1.2844560216284817,0.3966666666666667,0.364,0.433,0.41054763103643516,0.7599999999999999,0.7424000000000001,0.75,0.7716997834884776,9.0,11.0,21.0,6.0,8.0,12.0,6.0,12.0,20.0,0.0,1.0,2.0,53.0,105.0,189.0,-1,-0.952327,-0.952327,-0.12000000000000005,-0.04299999999999993,-1.1530676666666673,-0.29105439999999994,-0.6407836000000002,-0.7401121670663802,-0.8997010000000006,-0.1390343999999999,-0.5647741000000002,-0.618497410415359,0.036666666666666625,0.14,0.02799999999999997,-0.0726778217011137,-0.03966666666666652,0.009399999999999964,0.023399999999999976,-0.0746706790314915
20230603_Nantes_Angers,2023-06-03 17:00:00,2022,Nantes,Angers,1,0,1.06065,1.06065,0.34,0.7290000000000001,1.0,0.0,10.0,0.8208136666666664,0.8008759999999999,1.0681654999999999,1.0182820867354327,0.8208136666666667,0.8008760000000003,1.0681654999999999,1.018282024448525,0.36000000000000004,0.418,0.4619999999999999,0.36391479237341284,0.73,0.7318,0.7537,0.7194011641782794,1.0,1.0,7.0,5.0,9.0,19.0,9.0,13.0,21.0,0.0,0.0,0.0,74.0,109.0,206.0,0,1,0.190199,0.190199,0.66,0.8759999999999999,0.0,0.0,18.0,0.6787380000000001,0.9447208,0.8924158,0.7617694515994262,0.6787380000000001,0.792702,0.8164064,0.7607965307812885,0.4699999999999999,0.47400000000000003,0.44399999999999995,0.5653789657739811,0.7713333333333333,0.7949999999999999,0.8,0.7993044241328631,5.0,8.0,12.0,6.0,12.0,20.0,5.0,10.0,16.0,0.0,0.0,0.0,58.0,91.0,170.0,1,0.8704510000000001,0.8704510000000001,-0.32,-0.1469999999999998,0.14207566666666638,-0.1438448000000001,0.1757496999999999,0.25651263513600653,0.1420756666666666,0.008174000000000237,0.2517590999999999,0.2574854936672364,-0.10999999999999988,-0.05600000000000005,0.01799999999999996,-0.20146417340056821,-0.04133333333333333,-0.06319999999999992,-0.04630000000000001,-0.0799032599545837
20230813_Nantes_Toulouse,2023-08-13 13:00:00,2023,Nantes,Toulouse,1,2,1.07028,0.31018,0.44,0.818,2.0,0.0,15.0,0.9670743333333331,0.8678172,1.0679675,1.0521764173470867,0.9670743333333335,0.8678172000000002,1.0679675000000002,1.052176404889705,0.37666666666666665,0.392,0.462,0.34478295847468254,0.7423333333333333,0.7246,0.7496,0.7270802328356559,2.0,2.0,7.0,5.0,7.0,18.0,9.0,13.0,21.0,0.0,0.0,0.0,40.0,98.0,192.0,2,1,2.06035,2.06035,0.56,0.835,2.0,0.0,16.0,1.616082333333333,1.7242814,1.5775684,2.370483688524737,1.6160823333333332,1.7242814,1.5775684,2.370483688523933,0.5066666666666666,0.568,0.528,0.4611543708146052,0.8053333333333335,0.8211999999999999,0.8082,0.7866955188261534,3.0,3.0,8.0,2.0,2.0,9.0,5.0,6.0,17.0,0.0,0.0,1.0,53.0,78.0,171.0,-1,-0.9900700000000002,-1.7501700000000002,-0.12000000000000005,-0.017000000000000015,-0.6490079999999998,-0.8564642,-0.5096009000000001,-1.3183072711776502,-0.6490079999999997,-0.8564641999999998,-0.5096008999999999,-1.318307283634228,-0.12999999999999995,-0.17599999999999993,-0.066,-0.11637141233992265,-0.06300000000000017,-0.09659999999999991,-0.058599999999999985,-0.05961528599049748
20230825_Nantes_Monaco,2023-08-25 19:00:00,2023,Nantes,Monaco,3,3,0.906833,0.146738,0.35,0.755,2.0,0.0,25.0,1.1341899999999998,1.0486286,1.0674100000000002,1.2306438566938835,0.8808233333333334,0.8966086000000001,0.9914000000000002,1.1090278561955884,0.38000000000000006,0.386,0.445,0.3721913183389873,0.771,0.7622,0.7569999999999999,0.7727632093134262,2.0,3.0,6.0,4.0,9.0,17.0,5.0,13.0,21.0,0.0,0.0,0.0,47.0,77.0,189.0,3,3,4.95812,4.95812,0.65,0.843,2.0,0.0,6.0,2.288883333333333,1.7419605999999999,1.6542515999999998,1.665721612869558,2.2888833333333336,1.5899424,1.5782424999999998,1.6647486963895566,0.5266666666666667,0.47800000000000004,0.461,0.5416130550427928,0.8156666666666665,0.7902,0.7742,0.8121095593823391,8.0,9.0,14.0,4.0,9.0,18.0,7.0,13.0,19.0,0.0,0.0,0.0,35.0,64.0,135.0,0,-4.051287,-4.811382,-0.30000000000000004,-0.08799999999999997,-1.1546933333333333,-0.6933319999999998,-0.5868415999999996,-0.43507775617567446,-1.4080600000000003,-0.6933337999999999,-0.5868424999999996,-0.5557208401939682,-0.14666666666666667,-0.09200000000000003,-0.016000000000000014,-0.1694217367038055,-0.04466666666666652,-0.028000000000000025,-0.017200000000000104,-0.03934635006891285
20230901_Nantes_Marseille,2023-09-01 19:00:00,2023,Nantes,Marseille,1,1,0.621642,0.621642,0.37,0.7879999999999999,0.0,1.0,35.0,1.0829176666666662,1.0797406,1.0298152999999999,0.9715951713387767,0.5761860000000001,0.7757016000000002,0.8777958,0.3391959712391176,0.3833333333333333,0.368,0.41100000000000003,0.3544382636677974,0.7796666666666666,0.7548,0.7513,0.7585526418626853,4.0,6.0,8.0,7.0,9.0,18.0,6.0,11.0,21.0,0.0,0.0,0.0,62.0,89.0,193.0,1,1,2.77866,2.77866,0.63,0.853,2.0,0.0,9.0,2.1717166666666667,1.7416748000000002,1.9958064,3.1040903387487813,2.1717166666666663,1.7416748000000002,1.9197963999999998,3.1040514190382993,0.47666666666666657,0.5519999999999999,0.5579999999999999,0.46215251244176664,0.7923333333333332,0.8012,0.7943,0.8178822093210728,6.0,7.0,16.0,3.0,6.0,13.0,3.0,6.0,13.0,0.0,0.0,0.0,79.0,103.0,178.0,0,-2.157018,-2.157018,-0.26,-0.06500000000000006,-1.0887990000000005,-0.6619342000000001,-0.9659911000000001,-2.1324951674100046,-1.5955306666666662,-0.9659732,-1.0420005999999997,-2.7648554477991816,-0.09333333333333327,-0.18399999999999994,-0.1469999999999999,-0.10771424877396923,-0.012666666666666604,-0.0464,-0.04300000000000004,-0.05932956745838747
20230923_Nantes_Lorient,2023-09-23 15:00:00,2023,Nantes,Lorient,5,3,2.52906,1.76896,0.44,0.8390000000000001,1.0,0.0,14.0,0.7982589999999998,0.9473393999999999,0.9075783,0.8313681268535511,0.5448940000000001,0.6433004000000002,0.7555588,0.8060721588495647,0.39999999999999997,0.4,0.396,0.4573775305467119,0.7559999999999999,0.7704,0.7474999999999999,0.7364221056745073,5.0,6.0,8.0,4.0,8.0,15.0,4.0,8.0,21.0,1.0,1.0,1.0,88.0,125.0,223.0,3,5,1.59675,1.59675,0.56,0.866,3.0,0.0,10.0,1.0271126666666668,0.7936784,0.8643874,0.6976894695776893,1.0271126666666668,0.7936784000000001,0.7883777999999999,0.6976505501717879,0.44333333333333336,0.392,0.454,0.43219565717353436,0.8233333333333334,0.8182,0.8334999999999999,0.8102932109371827,6.0,7.0,13.0,6.0,7.0,15.0,2.0,3.0,12.0,0.0,0.0,1.0,62.0,121.0,240.0,1,0.93231,0.1722100000000002,-0.12000000000000005,-0.026999999999999913,-0.22885366666666696,0.15366099999999994,0.04319089999999992,0.1336786572758618,-0.4822186666666667,-0.1503779999999999,-0.03281899999999993,0.10842160867777684,-0.04333333333333339,0.008000000000000007,-0.057999999999999996,0.02518187337317751,-0.06733333333333347,-0.047800000000000065,-0.08599999999999997,-0.07387110526267537
20231022_Nantes_Montpellier,2023-10-22 13:00:00,2023,Nantes,Montpellier,2,0,1.74936,1.74936,0.57,0.8420000000000001,2.0,0.0,12.0,1.8912909999999998,1.4323634,1.256052,2.025534945014828,1.6379243333333333,1.2803434,1.0280225,2.0010093772707966,0.4766666666666666,0.45599999999999996,0.41200000000000003,0.5409390202443737,0.8103333333333333,0.7888,0.7718,0.8148193768453962,8.0,10.0,16.0,7.0,8.0,17.0,8.0,10.0,21.0,1.0,2.0,2.0,61.0,124.0,213.0,0,2,0.495893,0.495893,0.43,0.78,1.0,0.0,10.0,1.7296000000000002,1.4807714,1.6158597000000001,2.478159624127727,1.476236666666667,1.3287534000000003,1.4638416,1.8700860550078486,0.47333333333333344,0.472,0.485,0.4726044723760774,0.7706666666666666,0.7518,0.7762,0.8021201972940578,5.0,6.0,20.0,2.0,6.0,13.0,9.0,11.0,15.0,0.0,0.0,0.0,63.0,101.0,194.0,1,1.253467,1.253467,0.13999999999999996,0.062000000000000055,0.16169099999999959,-0.04840800000000001,-0.3598077000000002,-0.45262467911289894,0.16168766666666623,-0.048410000000000286,-0.4358191,0.130923322262948,0.0033333333333331883,-0.016000000000000014,-0.07299999999999995,0.06833454786829629,0.03966666666666674,0.03699999999999992,-0.0043999999999999595,0.012699179551338369
20231105_Nantes_Reims,2023-11-05 14:00:00,2023,Nantes,Reims,0,1,1.54695,1.54695,0.5,0.773,1.0,0.0,14.0,1.7365666666666666,1.7283446000000002,1.337842,1.3357109978005932,1.7365666666666668,1.5763246000000002,1.1098124999999999,1.334729975090832,0.5333333333333333,0.492,0.446,0.48083756080977497,0.8303333333333334,0.8196,0.795,0.8273127750738158,4.0,10.0,16.0,5.0,11.0,19.0,5.0,12.0,20.0,0.0,1.0,2.0,58.0,88.0,213.0,1,0,1.7428,1.7428,0.5,0.799,2.0,0.0,31.0,1.3150763333333335,1.4318738,1.5251057,1.018610533162129,1.0617130000000004,1.2798558,1.3730877,0.9942798693422303,0.5366666666666666,0.484,0.51,0.5506488328569888,0.7826666666666666,0.7727999999999999,0.7699,0.8201294068840429,3.0,7.0,16.0,4.0,5.0,12.0,1.0,5.0,15.0,0.0,0.0,0.0,56.0,106.0,215.0,-1,-0.19584999999999986,-0.19584999999999986,0.0,-0.026000000000000023,0.4214903333333331,0.29647080000000026,-0.18726369999999992,0.3171004646384643,0.6748536666666665,0.2964688000000002,-0.26327520000000004,0.3404501057486016,-0.0033333333333332993,0.008000000000000007,-0.064,-0.06981127204721388,0.047666666666666746,0.046800000000000064,0.02510000000000001,0.007183368189772943
20231126_Nantes_Le Havre,2023-11-26 14:00:00,2023,Nantes,Le Havre,0,0,1.75264,1.75264,0.61,0.813,1.0,0.0,11.0,1.5064433333333331,1.7021080000000002,1.4337339999999998,1.7040524399120238,1.5064433333333334,1.7021080000000002,1.2817145,1.7040131990036333,0.54,0.5519999999999999,0.48200000000000004,0.627233502432391,0.8083333333333335,0.8182,0.7966,0.8183725110029527,1.0,5.0,16.0,8.0,9.0,19.0,3.0,6.0,17.0,0.0,0.0,2.0,39.0,82.0,200.0,0,0,0.225701,0.225701,0.39,0.728,2.0,1.0,30.0,1.0757663333333334,1.0406756000000001,1.0645728,1.1355144918130688,0.8224,0.8886558000000001,0.9885629,0.5274352918130688,0.48,0.44000000000000006,0.41500000000000004,0.4024998801408,0.7673333333333333,0.7767999999999999,0.7828,0.71839951167488,2.0,2.0,9.0,1.0,4.0,9.0,6.0,11.0,17.0,0.0,1.0,2.0,64.0,97.0,189.0,0,1.526939,1.526939,0.21999999999999997,0.08499999999999996,0.43067699999999975,0.6614324,0.36916119999999975,0.568537948098955,0.6840433333333333,0.8134522000000001,0.29315160000000007,1.1765779071905644,0.06000000000000005,0.11199999999999988,0.067,0.22473362229159094,0.04100000000000015,0.0414000000000001,0.013799999999999923,0.09997299932807269
20231202_Nantes_Nice,2023-12-02 20:00:00,2023,Nantes,Nice,1,0,1.18224,1.18224,0.38,0.8009999999999999,3.0,0.0,15.0,1.6844933333333332,1.6042660000000002,1.5183147,1.7429224879824048,1.6844933333333332,1.6042660000000002,1.4423047,1.7429146398007267,0.59,0.5599999999999999,0.5079999999999999,0.6134467004864781,0.8043333333333332,0.8160000000000001,0.8024000000000001,0.8140745022005905,1.0,3.0,13.0,4.0,8.0,16.0,2.0,6.0,16.0,0.0,0.0,2.0,35.0,62.0,186.0,0,1,1.2317,1.2317,0.62,0.89,0.0,0.0,15.0,1.3026333333333335,1.3790676,1.4782868,0.9888178648563415,1.3026333333333335,1.2270476000000001,1.4022767999999999,0.9839532248563414,0.5266666666666666,0.526,0.5229999999999999,0.5374872842920329,0.8636666666666667,0.8553999999999998,0.8442999999999999,0.871889723378827,3.0,5.0,12.0,0.0,0.0,2.0,4.0,10.0,20.0,1.0,1.0,1.0,55.0,81.0,162.0,1,-0.04946000000000006,-0.04946000000000006,-0.24,-0.08900000000000008,0.38185999999999964,0.22519840000000024,0.040027899999999894,0.7541046231260633,0.38185999999999964,0.37721840000000006,0.040027900000000116,0.7589614149443853,0.06333333333333335,0.03399999999999992,-0.015000000000000013,0.07595941619444524,-0.05933333333333346,-0.03939999999999977,-0.041899999999999826,-0.05781522117823645
20231217_Nantes_Brest,2023-12-17 12:00:00,2023,Nantes,Brest,0,2,1.38959,1.38959,0.51,0.8240000000000001,1.0,0.0,16.0,1.139572333333333,1.3439114,1.5361280000000002,0.6459448995192961,1.1395723333333332,1.3439114,1.460118,0.6459445855920289,0.4466666666666666,0.5,0.496,0.3653378680194591,0.8066666666666666,0.8039999999999999,0.8118000000000001,0.8055229800880236,2.0,3.0,13.0,2.0,6.0,17.0,7.0,8.0,20.0,0.0,0.0,1.0,49.0,73.0,161.0,2,0,1.8065,1.8065,0.49,0.8140000000000001,3.0,0.0,26.0,0.8385256666666668,1.1276774,1.225764,0.3931945110769301,0.5851613333333332,0.9756588,1.1497547000000001,0.3688715348577185,0.6166666666666668,0.5720000000000001,0.545,0.6556878809357813,0.8143333333333332,0.7876000000000001,0.7760999999999999,0.8082143763932746,5.0,8.0,12.0,1.0,4.0,9.0,4.0,10.0,24.0,0.0,1.0,1.0,49.0,101.0,167.0,-1,-0.4169099999999999,-0.4169099999999999,0.020000000000000018,0.010000000000000009,0.30104666666666613,0.21623400000000004,0.3103640000000001,0.252750388442366,0.554411,0.36825260000000004,0.3103632999999999,0.27707305073431043,-0.1700000000000002,-0.07200000000000006,-0.049000000000000044,-0.29035001291632223,-0.0076666666666665995,0.01639999999999986,0.035700000000000176,-0.0026913963052510592
20240114_Nantes_Clermont Foot,2024-01-14 14:00:00,2023,Nantes,Clermont Foot,1,2,1.63891,1.63891,0.52,0.774,1.0,1.0,24.0,0.7416906666666666,1.0319904,1.3670491999999999,0.5294881959807718,0.7416906666666666,1.0319904000000002,1.3670492,0.5294881834236811,0.49,0.492,0.522,0.5842135147207783,0.8176666666666668,0.8134,0.8158000000000001,0.8224609192035209,1.0,2.0,7.0,5.0,5.0,14.0,6.0,10.0,16.0,0.0,0.0,0.0,53.0,79.0,161.0,2,1,1.22157,1.22157,0.48,0.759,1.0,0.0,26.0,0.6665206666666669,0.6306684,0.9042090999999999,0.6666861756342957,0.666520666666667,0.6306684000000001,0.8281997000000001,0.6666472558318758,0.45333333333333337,0.43200000000000005,0.462,0.442423999954239,0.7930000000000001,0.7666000000000001,0.7896000000000001,0.7522026908565963,2.0,3.0,6.0,5.0,9.0,14.0,4.0,12.0,22.0,1.0,3.0,4.0,49.0,111.0,197.0,-1,0.41734000000000004,0.41734000000000004,0.040000000000000036,0.015000000000000013,0.07516999999999974,0.40132199999999996,0.4628401,-0.13719797965352387,0.07516999999999963,0.40132200000000007,0.5388495,-0.1371590724081947,0.036666666666666625,0.05999999999999994,0.06,0.14178951476653934,0.024666666666666615,0.04679999999999995,0.0262,0.07025822834692463
20240203_Nantes_Lens,2024-02-03 20:00:00,2023,Nantes,Lens,0,1,0.711906,0.711906,0.42,0.795,2.0,0.0,14.0,1.1334416666666665,1.0547504,1.2727962000000002,1.4112211278392308,0.880077,0.9027316000000003,1.1967868,0.8031459273369472,0.5433333333333333,0.49800000000000005,0.51,0.5065685405888312,0.8013333333333333,0.8068,0.8073,0.8023384367681409,1.0,2.0,4.0,3.0,7.0,15.0,5.0,9.0,16.0,1.0,1.0,1.0,53.0,92.0,157.0,1,0,1.63838,1.63838,0.58,0.845,2.0,0.0,10.0,1.4641116666666665,1.454615,1.8722203999999998,1.3939517467358011,1.210745,1.302595,1.5681824,1.2721405410259705,0.4699999999999999,0.504,0.514,0.45482200409238643,0.8130000000000001,0.8072000000000001,0.8193999999999999,0.8015029785628074,2.0,4.0,15.0,4.0,4.0,6.0,5.0,8.0,19.0,1.0,1.0,3.0,57.0,103.0,188.0,-1,-0.9264739999999999,-0.9264739999999999,-0.15999999999999998,-0.04999999999999993,-0.33067,-0.3998645999999999,-0.5994241999999996,0.017269381103429682,-0.33066799999999996,-0.39986339999999965,-0.37139560000000005,-0.4689946136890233,0.07333333333333342,-0.00599999999999995,-0.0040000000000000036,0.05174653649644473,-0.011666666666666714,-0.000400000000000178,-0.012099999999999889,0.0008354582053334836
20240217_Nantes_Paris Saint Germain,2024-02-17 20:00:00,2023,Nantes,Paris Saint Germain,0,2,2.13627,2.13627,0.23,0.701,1.0,0.0,31.0,0.8732229999999999,0.9220447999999999,1.1172421,0.5687482051135693,0.6198583333333333,0.7700260000000002,1.0412327,0.5444251970934779,0.3933333333333333,0.462,0.48200000000000004,0.29546274162355324,0.7383333333333333,0.7624000000000001,0.7883,0.6496935374707256,2.0,3.0,6.0,2.0,5.0,12.0,5.0,8.0,16.0,0.0,1.0,1.0,63.0,101.0,176.0,2,0,1.71895,0.958859,,,,,,2.0784966666666658,2.04425,2.078641,2.325394209185274,1.8251299999999997,1.89223,1.8506112000000001,2.2035820502543193,,,,,,,,,7.0,12.0,25.0,4.0,5.0,9.0,,,,,,,,,,-1,0.41732000000000014,1.1774110000000002,,,-1.205273666666666,-1.1222052,-0.9613989000000003,-1.756646004071705,-1.2052716666666665,-1.122204,-0.8093785000000002,-1.6591568531608414,,,,,,,,
20240303_Nantes_Metz,2024-03-03 14:00:00,2023,Nantes,Metz,0,2,0.962736,0.962736,0.47,0.74,3.0,0.0,14.0,0.9886783333333332,1.0175422,1.0133933000000002,0.6299707282045428,0.9886783333333332,0.8655234000000004,0.9373839,0.628997807883739,0.2833333333333334,0.354,0.414,0.3366185096649421,0.695,0.7373999999999999,0.7715,0.754947741498829,3.0,3.0,6.0,3.0,4.0,11.0,4.0,8.0,18.0,0.0,0.0,1.0,94.0,123.0,215.0,2,0,2.36445,1.60435,0.53,0.82,2.0,0.0,39.0,1.2181766666666665,0.9194578,0.8646037,1.6007837994532101,1.2181766666666665,0.9194578,0.7112816,1.6007831091784965,0.39333333333333337,0.392,0.382,0.3918530900370786,0.7523333333333332,0.734,0.7346999999999999,0.7439925245070391,2.0,3.0,4.0,6.0,9.0,17.0,4.0,8.0,17.0,0.0,0.0,1.0,90.0,136.0,230.0,-1,-1.4017140000000001,-0.6416139999999999,-0.06000000000000005,-0.07999999999999996,-0.22949833333333325,0.09808440000000007,0.1487896000000002,-0.9708130712486673,-0.22949833333333325,-0.053934399999999605,0.2261023000000001,-0.9717853012947575,-0.10999999999999999,-0.038000000000000034,0.03199999999999997,-0.055234580372136466,-0.057333333333333236,0.0033999999999999586,0.036800000000000055,0.010955216991789918
20240316_Nantes_Strasbourg,2024-03-16 16:00:00,2023,Nantes,Strasbourg,1,3,0.709166,0.709166,0.63,0.8290000000000001,2.0,0.0,14.0,0.6485546666666665,0.9159854000000001,1.0081748000000001,0.7001613891281817,0.6485546666666666,0.9159854000000003,0.9321654,0.7001224723153495,0.43333333333333335,0.358,0.43499999999999994,0.46466474038659766,0.7739999999999999,0.7272000000000001,0.7659,0.7973979096599532,1.0,3.0,4.0,4.0,7.0,13.0,8.0,10.0,18.0,0.0,0.0,1.0,65.0,130.0,213.0,3,1,1.88754,1.88754,0.37,0.716,3.0,0.0,45.0,0.6770820000000005,1.0834552,1.3028845,0.4916278501603405,0.42371766666666694,0.9314365999999998,1.2268752,0.3700129676696448,0.4066666666666668,0.4680000000000001,0.45200000000000007,0.3560956675335122,0.7423333333333333,0.7773999999999999,0.7813,0.6860154957080417,2.0,4.0,11.0,6.0,12.0,18.0,7.0,11.0,22.0,0.0,1.0,1.0,98.0,123.0,229.0,-1,-1.178374,-1.178374,0.26,0.1130000000000001,-0.028527333333334015,-0.1674697999999999,-0.29470969999999985,0.20853353896784121,0.22483699999999968,-0.015451199999999554,-0.2947098,0.3301095046457047,0.02666666666666656,-0.1100000000000001,-0.017000000000000126,0.10856907285308548,0.03166666666666662,-0.0501999999999998,-0.01539999999999997,0.11138241395191151
20240407_Nantes_Lyon,2024-04-07 18:45:00,2023,Nantes,Lyon,1,3,1.10318,1.10318,0.42,0.7809999999999999,2.0,0.0,25.0,1.0513773333333332,0.8897280000000001,1.0843489,1.5765210155651272,0.7980139999999999,0.7377100000000001,0.9323305000000002,0.968447458892614,0.5133333333333333,0.47400000000000003,0.43,0.4713865896154639,0.8216666666666667,0.7952,0.7666000000000001,0.8245359163863981,3.0,4.0,7.0,6.0,8.0,14.0,10.0,15.0,22.0,0.0,0.0,1.0,63.0,106.0,224.0,3,1,2.90994,2.90994,0.58,0.843,2.0,0.0,14.0,2.0007966666666674,1.8782640000000002,1.5250545,2.031603498131576,2.000796666666667,1.8782640000000002,1.5250545,2.031603498131544,0.5566666666666666,0.552,0.537,0.6206000615136542,0.8416666666666667,0.8248,0.8239000000000001,0.8398158806949549,6.0,8.0,15.0,3.0,7.0,14.0,4.0,6.0,12.0,0.0,1.0,3.0,44.0,80.0,162.0,-1,-1.8067600000000001,-1.8067600000000001,-0.15999999999999998,-0.062000000000000055,-0.9494193333333343,-0.9885360000000001,-0.44070560000000003,-0.4550824825664488,-1.2027826666666672,-1.140554,-0.5927239999999998,-1.06315603923893,-0.043333333333333335,-0.07800000000000001,-0.10700000000000004,-0.1492134718981903,-0.020000000000000018,-0.02959999999999996,-0.05730000000000002,-0.015279964308556826
20240420_Nantes_Rennes,2024-04-20 15:00:00,2023,Nantes,Rennes,0,3,0.159376,0.159376,0.45,0.782,1.0,0.0,26.0,1.2177206666666665,1.0026968000000003,0.9654161,0.8445072406226051,0.9643573333333332,0.8506788000000002,0.8894071,0.8201842983557045,0.47000000000000003,0.502,0.425,0.5260554635846186,0.814,0.8164,0.7701999999999999,0.826741436655456,4.0,5.0,8.0,4.0,9.0,15.0,9.0,14.0,23.0,0.0,0.0,0.0,76.0,112.0,234.0,3,0,2.38163,1.62153,0.55,0.8220000000000001,4.0,0.0,17.0,1.1518609999999998,1.2517806,1.6398720999999998,1.0100178265888986,1.1518609999999998,1.0997622000000002,1.4072019,1.0051446526474335,0.5399999999999999,0.49000000000000005,0.487,0.5391114752365259,0.8246666666666665,0.8108000000000001,0.8103,0.8256673495401552,1.0,5.0,13.0,5.0,7.0,12.0,6.0,9.0,19.0,1.0,1.0,1.0,54.0,101.0,197.0,-1,-2.222254,-1.462154,-0.10000000000000003,-0.040000000000000036,0.06585966666666665,-0.24908379999999974,-0.6744559999999998,-0.16551058596629353,-0.18750366666666662,-0.24908340000000007,-0.5177948,-0.18496035429172897,-0.0699999999999999,0.011999999999999955,-0.062,-0.013056011651907284,-0.010666666666666602,0.005599999999999938,-0.040100000000000136,0.0010740871153007703
20240512_Nantes_Lille,2024-05-12 19:00:00,2023,Nantes,Lille,1,2,0.810391,0.810391,0.3,0.69,4.0,0.0,11.0,1.0677919999999999,1.0125456,0.9511367999999999,1.3539424899249808,1.067792,1.0125456000000002,0.8751277999999999,1.3537479063868456,0.39999999999999997,0.434,0.454,0.3242084437086769,0.7423333333333334,0.7687999999999999,0.7819999999999999,0.6954779314932436,1.0,3.0,7.0,4.0,7.0,15.0,4.0,8.0,23.0,0.0,0.0,0.0,77.0,126.0,232.0,2,1,1.40896,1.40896,0.7,0.868,2.0,0.0,25.0,1.0962889999999996,1.2998773999999997,1.3106104,1.0928327416192212,1.0962890000000005,1.1478594,1.2346014,1.09185975311295,0.57,0.554,0.546,0.4864682914713296,0.84,0.8346,0.8272999999999999,0.8158092277118231,5.0,9.0,16.0,6.0,7.0,14.0,7.0,10.0,20.0,0.0,0.0,0.0,45.0,78.0,169.0,-1,-0.598569,-0.598569,-0.39999999999999997,-0.17800000000000005,-0.028496999999999773,-0.2873317999999998,-0.35947360000000017,0.2611097483057596,-0.02849700000000044,-0.13531379999999982,-0.35947360000000017,0.2618881532738957,-0.16999999999999998,-0.12000000000000005,-0.09200000000000003,-0.16225984776265268,-0.09766666666666657,-0.06580000000000008,-0.04530000000000001,-0.12033129621857952
20220814_Nice_Strasbourg,2022-08-14 15:05:00,2022,Nice,Strasbourg,1,1,1.51022,0.750121,0.55,0.8109999999999999,1.0,0.0,16.0,0.9737366666666668,1.1756360000000001,1.4611744999999998,0.8388122160946785,0.9737366666666666,1.1756360000000001,1.3851784999999999,0.8388106567084316,0.57,0.558,0.541,0.5318324461457848,0.8420000000000001,0.8498000000000001,0.8369,0.8281641110146422,4.0,7.0,15.0,5.0,9.0,13.0,6.0,10.0,15.0,0.0,2.0,2.0,39.0,56.0,159.0,1,1,1.57207,1.57207,0.45,0.7909999999999999,4.0,0.0,24.0,1.3269166666666674,1.2419736000000001,1.3997680000000001,1.2506580179700097,1.3269166666666672,1.2419736000000001,1.2333575,1.2506101762292057,0.44000000000000017,0.442,0.46799999999999997,0.5188108774910467,0.7863333333333333,0.7752,0.7686000000000001,0.7901639357598126,4.0,7.0,14.0,3.0,7.0,18.0,2.0,6.0,12.0,0.0,0.0,1.0,44.0,85.0,161.0,0,-0.06185000000000018,-0.821949,0.10000000000000003,0.020000000000000018,-0.3531800000000006,-0.0663376,0.0614064999999997,-0.41184580187533126,-0.3531800000000006,-0.0663376,0.15182099999999976,-0.4117995195207741,0.12999999999999978,0.11600000000000005,0.07300000000000006,0.013021568654738136,0.05566666666666675,0.07460000000000011,0.06829999999999992,0.03800017525482957
20220828_Nice_Marseille,2022-08-28 13:00:00,2022,Nice,Marseille,0,3,0.797222,0.797222,0.49,0.805,1.0,0.0,13.0,1.2803166666666668,1.212556,1.2630595,1.5802676886437874,1.0269503333333334,1.0605362,1.1870496,1.4586517862683375,0.5366666666666667,0.556,0.5549999999999999,0.5252732978458314,0.8363333333333333,0.8416,0.8471,0.8596865644405858,2.0,5.0,11.0,3.0,7.0,14.0,5.0,9.0,15.0,2.0,2.0,4.0,37.0,67.0,138.0,3,0,1.41427,1.41427,0.51,0.8290000000000001,1.0,0.0,17.0,1.9321033333333333,1.975418,1.9696259999999999,1.683105269273955,1.9321033333333333,1.671378,1.817606,1.6772677012540294,0.5499999999999999,0.5640000000000001,0.592,0.5556777423122626,0.7883333333333334,0.8182,0.8313,0.7974431395824088,7.0,11.0,21.0,3.0,6.0,14.0,10.0,15.0,25.0,1.0,1.0,2.0,67.0,85.0,179.0,-1,-0.6170479999999999,-0.6170479999999999,-0.020000000000000018,-0.02400000000000002,-0.6517866666666665,-0.7628619999999999,-0.7065664999999999,-0.10283758063016757,-0.9051529999999999,-0.6108418,-0.6305564000000001,-0.21861591498569188,-0.013333333333333197,-0.008000000000000007,-0.03700000000000003,-0.030404444466431202,0.04799999999999982,0.023399999999999976,0.015799999999999925,0.06224342485817702
20220904_Nice_Monaco,2022-09-04 18:45:00,2022,Nice,Monaco,0,1,1.12895,1.12895,0.52,0.809,2.0,0.0,17.0,1.3241006666666668,1.2363803999999998,1.3737431999999998,1.4257502275457514,0.8173718666666666,0.7803233200000002,1.1457146599999999,0.20473647145073345,0.4633333333333334,0.496,0.5309999999999999,0.40341093191383326,0.8176666666666668,0.8182,0.8356999999999999,0.7847874625776234,2.0,4.0,13.0,5.0,7.0,16.0,7.0,10.0,19.0,2.0,2.0,4.0,52.0,77.0,148.0,1,0,1.16635,1.16635,0.48,0.8140000000000001,1.0,0.0,13.0,1.4037846666666665,1.8172487999999998,1.6437584,1.4856162023162474,1.4037846666666667,1.6652307999999998,1.4917394,1.4807500367989772,0.4366666666666667,0.426,0.484,0.4865559059146495,0.8083333333333332,0.7906,0.7875,0.8094401501912565,4.0,7.0,13.0,9.0,11.0,15.0,11.0,13.0,23.0,2.0,3.0,5.0,39.0,75.0,139.0,-1,-0.0374000000000001,-0.0374000000000001,0.040000000000000036,-0.0050000000000000044,-0.07968399999999964,-0.5808684,-0.27001520000000023,-0.05986597477049593,-0.5864128000000001,-0.8849074799999996,-0.34602474000000005,-1.2760135653482438,0.026666666666666672,0.07,0.04699999999999993,-0.08314497400081622,0.009333333333333527,0.02760000000000007,0.04819999999999991,-0.02465268761363304
20220918_Nice_Angers,2022-09-18 13:00:00,2022,Nice,Angers,0,1,0.969061,0.969061,0.5,0.823,0.0,1.0,16.0,1.240726666666667,1.2301504,1.3539151999999999,1.0772620091018301,0.7339978666666668,0.9261131200000001,1.1258866600000002,1.0284214588580294,0.4833333333333334,0.492,0.535,0.5393364372765533,0.7963333333333334,0.8130000000000001,0.8282,0.8032314985031049,3.0,3.0,11.0,2.0,6.0,14.0,11.0,14.0,22.0,0.0,2.0,3.0,61.0,86.0,148.0,1,0,2.07917,2.07917,0.5,0.8340000000000001,4.0,1.0,12.0,1.677535,1.417325,1.4957550999999998,2.494501186117375,1.1708036666666668,1.1132862,1.3437357000000003,1.8620981781164123,0.4599999999999999,0.47800000000000004,0.496,0.4399297171739413,0.7719999999999999,0.8022,0.8133000000000001,0.7600569589957731,4.0,6.0,14.0,10.0,16.0,23.0,4.0,9.0,17.0,0.0,2.0,2.0,49.0,78.0,139.0,-1,-1.110109,-1.110109,0.0,-0.01100000000000012,-0.436808333333333,-0.18717459999999986,-0.1418398999999999,-1.4172391770155448,-0.4368058,-0.18717307999999977,-0.21784904000000016,-0.8336767192583829,0.023333333333333484,0.013999999999999957,0.039000000000000035,0.09940672010261203,0.02433333333333354,0.010800000000000032,0.014899999999999913,0.043174539507331855
20221009_Nice_Troyes,2022-10-09 13:00:00,2022,Nice,Troyes,3,2,2.69698,1.93688,0.61,0.8740000000000001,1.0,0.0,15.0,0.9012060000000002,1.0752595999999999,1.148813,0.7461858403640731,0.9012060000000001,0.77122232,0.9207844600000001,0.7442322183543211,0.4933333333333334,0.476,0.493,0.44557345749106214,0.8326666666666666,0.8168,0.8220000000000001,0.8614092599401242,2.0,4.0,9.0,3.0,5.0,13.0,6.0,12.0,20.0,1.0,1.0,3.0,46.0,90.0,160.0,2,3,1.64575,1.64575,0.39,0.8059999999999999,1.0,0.0,10.0,1.2631043333333334,1.4076910000000002,1.4429773333333333,1.6434567409356802,1.2631043333333334,1.255673,1.1896123333333333,1.64244296301568,0.49000000000000005,0.44800000000000006,0.42888888888888893,0.6256578048,0.8013333333333333,0.7866,0.7918888888888889,0.82809220352,5.0,10.0,16.0,4.0,7.0,18.0,8.0,11.0,16.0,0.0,1.0,1.0,53.0,94.0,160.0,1,1.0512299999999999,0.2911299999999999,0.21999999999999997,0.06800000000000017,-0.3618983333333332,-0.3324314000000004,-0.29416433333333325,-0.8972709005716071,-0.3618983333333333,-0.48445068,-0.26882787333333313,-0.898210744661359,0.003333333333333355,0.027999999999999914,0.06411111111111106,-0.18008434730893785,0.03133333333333321,0.030200000000000005,0.0301111111111112,0.03331705642012417
20221023_Nice_Nantes,2022-10-23 15:05:00,2022,Nice,Nantes,1,1,1.34146,0.581362,0.66,0.836,3.0,0.0,12.0,1.6845623333333333,1.4144496,1.3683720000000001,1.798684233614563,1.4311956666666668,1.2624296000000002,1.06433346,1.6769900887341729,0.5299999999999999,0.528,0.51,0.5554229382996425,0.852,0.8363999999999999,0.8255000000000001,0.8222963703976051,5.0,6.0,9.0,5.0,6.0,13.0,2.0,7.0,17.0,0.0,1.0,3.0,44.0,77.0,162.0,1,1,1.27743,1.27743,0.34,0.752,4.0,2.0,26.0,1.434179,1.1333516,1.2904959999999999,2.8545743956927736,0.9274489999999999,0.8293136000000001,1.062474,1.6384208385535692,0.49333333333333335,0.484,0.46099999999999997,0.5206098472410052,0.7796666666666666,0.7936,0.7804,0.7877035331661837,5.0,7.0,13.0,8.0,11.0,19.0,1.0,5.0,11.0,0.0,0.0,1.0,41.0,78.0,176.0,0,0.06403000000000003,-0.696068,0.32,0.08399999999999996,0.2503833333333332,0.28109800000000007,0.07787600000000028,-1.0558901620782106,0.5037466666666669,0.43311600000000006,0.001859460000000146,0.03856925018060364,0.03666666666666657,0.04400000000000004,0.049000000000000044,0.03481309105863728,0.07233333333333336,0.04279999999999995,0.04510000000000014,0.03459283723142137
20221106_Nice_Brest,2022-11-06 14:00:00,2022,Nice,Brest,1,0,0.813513,0.813513,0.56,0.862,1.0,0.0,23.0,1.7372000000000003,1.7187274000000001,1.40821,2.045372969344583,1.483834,1.4146878,1.1041715600000002,1.918889523549367,0.59,0.562,0.525,0.5758169175319857,0.8466666666666667,0.8572000000000001,0.8302999999999999,0.8818518548159042,4.0,8.0,11.0,3.0,7.0,13.0,4.0,6.0,18.0,0.0,0.0,1.0,43.0,71.0,161.0,0,1,1.08297,1.08297,0.44,0.804,1.0,0.0,11.0,1.6250056666666666,1.3119348,0.9781357999999999,1.701779220230711,1.3716423333333332,1.1599168,0.8261168999999999,1.580125900671248,0.4500000000000001,0.47400000000000003,0.48200000000000004,0.4875636501437561,0.7593333333333333,0.7672,0.7638,0.748269823339129,4.0,6.0,8.0,5.0,8.0,21.0,4.0,11.0,18.0,0.0,0.0,1.0,68.0,98.0,172.0,1,-0.26945699999999995,-0.26945699999999995,0.12000000000000005,0.05799999999999994,0.11219433333333373,0.40679260000000017,0.4300742000000001,0.34359374911387186,0.11219166666666691,0.2547710000000001,0.27805466000000023,0.338763622878119,0.13999999999999985,0.08800000000000002,0.04299999999999998,0.08825326738822964,0.08733333333333337,0.09000000000000008,0.06649999999999989,0.13358203147677528
20221229_Nice_Lens,2022-12-29 20:00:00,2022,Nice,Lens,0,0,1.19572,1.19572,0.41,0.8240000000000001,2.0,0.0,11.0,1.5742710000000002,1.5471846,1.4265471,1.5806249987737833,1.3209053333333334,1.2431456,1.1985176,0.9674880609419747,0.49666666666666676,0.54,0.531,0.4086326767012794,0.8476666666666667,0.8378,0.837,0.8027940741926362,4.0,6.0,11.0,2.0,4.0,10.0,2.0,5.0,14.0,0.0,0.0,1.0,59.0,87.0,165.0,0,0,1.17989,1.17989,0.59,0.878,3.0,0.0,13.0,2.0827633333333333,1.834291,1.7859192,1.5800794440386507,1.8293966666666666,1.682271,1.5578892,1.5555227387283184,0.5633333333333334,0.5559999999999999,0.5690000000000001,0.5980629696395552,0.8293333333333334,0.8258000000000001,0.8356,0.8357430534037649,7.0,9.0,12.0,2.0,2.0,4.0,5.0,10.0,22.0,0.0,0.0,1.0,26.0,63.0,136.0,0,0.01582999999999979,0.01582999999999979,-0.18,-0.05399999999999994,-0.5084923333333331,-0.2871063999999999,-0.35937209999999986,0.0005455547351325141,-0.5084913333333332,-0.4391254,-0.3593716,-0.5880346777863437,-0.0666666666666666,-0.015999999999999903,-0.038000000000000034,-0.1894302929382758,0.018333333333333313,0.0119999999999999,0.0013999999999999568,-0.032948979211128715
20230111_Nice_Montpellier,2023-01-11 20:00:00,2022,Nice,Montpellier,6,1,3.47658,3.47658,0.58,0.8420000000000001,1.0,0.0,19.0,1.1008350000000002,1.2629015999999997,1.3678716,0.5713201999509514,0.8474693333333335,1.1108822000000003,1.1398421,0.546794722437679,0.38666666666666666,0.45599999999999996,0.503,0.3859453070680512,0.793,0.827,0.835,0.7783517629677055,2.0,5.0,11.0,3.0,4.0,11.0,3.0,5.0,10.0,0.0,0.0,1.0,57.0,95.0,167.0,1,6,0.226284,0.226284,0.42,0.785,1.0,0.0,20.0,1.7277633333333335,1.4762332,1.2616458,1.283037705681377,1.4743973333333338,1.1721946000000003,1.0336235,0.670094386372292,0.4733333333333334,0.466,0.4629999999999999,0.43052174296986534,0.7233333333333333,0.7316,0.7343,0.7396714098225687,4.0,5.0,10.0,3.0,7.0,17.0,8.0,12.0,26.0,0.0,0.0,1.0,50.0,86.0,178.0,1,3.2502959999999996,3.2502959999999996,0.15999999999999998,0.05700000000000005,-0.6269283333333333,-0.2133316000000003,0.10622580000000004,-0.7117175057304257,-0.6269280000000003,-0.061312400000000045,0.10621860000000005,-0.123299663934613,-0.08666666666666673,-0.010000000000000064,0.04000000000000009,-0.04457643590181415,0.06966666666666677,0.09539999999999993,0.10070000000000001,0.03868035314513674
20230129_Nice_Lille,2023-01-29 12:00:00,2022,Nice,Lille,1,0,1.38874,1.38874,0.44,0.816,3.0,0.0,20.0,1.5143813333333336,1.4899348,1.6171767,1.115576807998038,1.5143813333333336,1.3379153999999998,1.3891471999999998,1.114595788897507,0.4833333333333332,0.4459999999999999,0.517,0.500237812282722,0.8096666666666668,0.808,0.8316000000000001,0.8210540705187084,7.0,8.0,16.0,3.0,4.0,9.0,3.0,5.0,11.0,0.0,0.0,0.0,63.0,95.0,176.0,0,1,2.06969,2.06969,0.56,0.85,2.0,0.0,22.0,2.6497606666666664,2.1637543999999997,2.2633302,3.697626530824324,2.649760666666667,2.0117344,2.0353012,3.6927600228030855,0.6633333333333333,0.6279999999999999,0.592,0.6737047343938729,0.8753333333333334,0.8594000000000002,0.8391,0.894938191489821,6.0,9.0,18.0,2.0,2.0,7.0,3.0,8.0,18.0,0.0,1.0,1.0,31.0,65.0,148.0,1,-0.6809499999999999,-0.6809499999999999,-0.12000000000000005,-0.03400000000000003,-1.1353793333333329,-0.6738195999999999,-0.6461535,-2.5820497228262864,-1.1353793333333333,-0.6738190000000002,-0.6461540000000003,-2.5781642339055786,-0.1800000000000001,-0.182,-0.07499999999999996,-0.1734669221111509,-0.06566666666666665,-0.05140000000000011,-0.00749999999999984,-0.07388412097111263
20230210_Nice_Ajaccio,2023-02-10 20:00:00,2022,Nice,Ajaccio,3,0,0.568545,0.568545,0.62,0.882,1.0,0.0,12.0,1.6783633333333334,1.8364518,1.5496767,1.5848762944639843,1.6783633333333334,1.8364518,1.473667,1.5848684463111802,0.43999999999999995,0.4779999999999999,0.46699999999999997,0.4340819024982618,0.7840000000000001,0.8026,0.8148,0.7514004325641497,5.0,11.0,16.0,1.0,2.0,6.0,6.0,8.0,13.0,0.0,0.0,0.0,63.0,101.0,196.0,0,3,0.264601,0.264601,0.38,0.7829999999999999,0.0,0.0,11.0,0.9521803333333333,0.776998,1.22113939,0.4175098854730567,0.9521803333333333,0.776998,0.8410915899999999,0.4174585026464248,0.5133333333333333,0.47400000000000003,0.476,0.45930132827393283,0.7156666666666668,0.7106,0.7264,0.700094064550035,2.0,3.0,10.0,5.0,13.0,20.0,6.0,11.0,18.0,1.0,1.0,3.0,39.0,68.0,168.0,1,0.303944,0.303944,0.24,0.09900000000000009,0.7261830000000001,1.0594538,0.32853730999999997,1.1673664089909277,0.7261830000000001,1.0594538,0.6325754100000002,1.1674099436647554,-0.07333333333333336,0.0039999999999998925,-0.009000000000000008,-0.025219425775671045,0.06833333333333336,0.09199999999999997,0.08839999999999992,0.0513063680141147
20230218_Nice_Reims,2023-02-18 16:00:00,2022,Nice,Reims,0,0,1.53255,1.53255,0.52,0.7979999999999999,1.0,0.0,9.0,1.404965,1.2548447999999999,1.3866822,0.7718112588927968,1.404965,1.2548448,1.3106725,0.7718096892622359,0.5,0.48599999999999993,0.47300000000000003,0.5828163804996523,0.806,0.8106,0.8136000000000001,0.8558800865128299,7.0,8.0,17.0,1.0,1.0,5.0,4.0,8.0,13.0,0.0,0.0,0.0,55.0,94.0,193.0,0,0,1.28715,0.420884,0.48,0.815,1.0,0.0,29.0,2.042134666666667,1.7470508000000002,1.8342274,1.8779071911470735,1.7887680000000004,1.5950308,1.6822074,1.8535836798099514,0.57,0.526,0.496,0.5419946985404448,0.8116666666666666,0.8192,0.7774,0.7772074872837076,8.0,9.0,16.0,2.0,3.0,6.0,2.0,4.0,14.0,0.0,0.0,0.0,53.0,68.0,173.0,0,0.24540000000000006,1.111666,0.040000000000000036,-0.017000000000000015,-0.6371696666666671,-0.49220600000000037,-0.4475452,-1.1060959322542767,-0.38380300000000034,-0.3401859999999999,-0.3715349000000001,-1.0817739905477155,-0.06999999999999995,-0.04000000000000009,-0.022999999999999965,0.040821681959207545,-0.005666666666666598,-0.008600000000000052,0.03620000000000012,0.07867259922912229
20230303_Nice_Auxerre,2023-03-03 20:00:00,2022,Nice,Auxerre,1,1,1.73919,0.979093,0.64,0.833,0.0,0.0,12.0,1.2988983333333337,1.5086089999999999,1.4670649,1.7125604503557121,1.2988983333333337,1.508609,1.4670649,1.7125603875704896,0.5266666666666666,0.492,0.476,0.4585126552199861,0.8406666666666668,0.8116,0.8127000000000001,0.8355152034605132,6.0,10.0,18.0,0.0,1.0,4.0,3.0,6.0,14.0,0.0,0.0,0.0,56.0,99.0,193.0,1,1,0.443087,0.443087,0.36,0.758,1.0,0.0,39.0,1.6814133333333332,1.3570532,1.2211364,1.2685609171570982,0.921318,0.9009959999999999,0.8410897,1.0981043267798392,0.41333333333333333,0.44000000000000006,0.44700000000000006,0.38744831434800453,0.769,0.7658,0.7588999999999999,0.7784853657675825,4.0,6.0,8.0,2.0,5.0,17.0,7.0,9.0,19.0,0.0,0.0,1.0,63.0,89.0,176.0,0,1.296103,0.536006,0.28,0.07499999999999996,-0.3825149999999995,0.1515557999999999,0.2459285,0.44399953319861396,0.37758033333333374,0.6076130000000002,0.6259752,0.6144560607906504,0.11333333333333329,0.051999999999999935,0.028999999999999915,0.07106434087198155,0.07166666666666677,0.04579999999999995,0.05380000000000018,0.057029837692930685
20230319_Nice_Lorient,2023-03-19 14:00:00,2022,Nice,Lorient,1,1,1.21674,1.21674,0.53,0.861,0.0,0.0,2.0,1.6844066666666668,1.430863,1.6336574,1.5615168180142285,1.4310410000000002,1.2788436,1.5576477,1.4399012955028196,0.5433333333333333,0.554,0.516,0.5607405062087994,0.8490000000000001,0.8454,0.8240000000000001,0.8643006081384205,6.0,9.0,20.0,3.0,3.0,5.0,2.0,4.0,12.0,0.0,0.0,0.0,60.0,81.0,182.0,1,1,0.883148,0.883148,0.47,0.863,2.0,1.0,28.0,1.2429843333333332,1.5591226,1.2077953000000001,1.6266397112656585,1.2429843333333332,1.4071046,1.1317863,1.6217751352656584,0.5333333333333333,0.538,0.47400000000000003,0.5152539275925874,0.8443333333333333,0.8450000000000001,0.8135,0.8508694244976469,2.0,5.0,12.0,1.0,2.0,12.0,2.0,2.0,6.0,0.0,0.0,0.0,56.0,88.0,219.0,0,0.3335919999999999,0.3335919999999999,0.06000000000000005,-0.0020000000000000018,0.4414223333333336,-0.12825960000000003,0.4258620999999998,-0.06512289325143006,0.18805666666666698,-0.12826099999999996,0.42586140000000006,-0.18187383976283877,0.010000000000000009,0.016000000000000014,0.04199999999999998,0.04548657861621208,0.004666666666666819,0.00039999999999995595,0.010500000000000065,0.013431183640773559
20230408_Nice_Paris Saint Germain,2023-04-08 19:00:00,2022,Nice,Paris Saint Germain,0,2,1.22259,1.22259,0.45,0.875,1.0,0.0,10.0,1.3117266666666667,1.493994,1.4606155,1.217147072720569,1.3117266666666667,1.3419746,1.3846058,1.2122824518201127,0.57,0.558,0.525,0.6112296202483519,0.8596666666666666,0.8507999999999999,0.8286,0.8491320243255369,4.0,8.0,16.0,4.0,5.0,6.0,2.0,3.0,11.0,0.0,0.0,0.0,30.0,77.0,161.0,2,0,1.24929,1.24929,,,,,,1.8649399999999996,2.0874940000000004,2.1266481,1.3501999276217964,1.86494,2.0874940000000004,2.1266480999999997,1.350199927119672,,,,,,,,,2.0,9.0,20.0,4.0,6.0,15.0,,,,,,,,,,-1,-0.026699999999999946,-0.026699999999999946,,,-0.5532133333333329,-0.5935000000000004,-0.6660326000000001,-0.1330528549012273,-0.5532133333333333,-0.7455194000000005,-0.7420422999999996,-0.13791747529955933,,,,,,,,
20230423_Nice_Clermont Foot,2023-04-23 13:00:00,2022,Nice,Clermont Foot,1,2,1.52279,1.52279,0.56,0.836,1.0,0.0,6.0,1.0262776666666669,1.1628006,1.2931288,0.7692866829088227,1.0262776666666669,1.1628006,1.2171191000000001,0.7690920980728044,0.52,0.528,0.529,0.48044918480993404,0.8443333333333333,0.8532,0.836,0.8235652809730215,1.0,4.0,14.0,4.0,7.0,9.0,5.0,6.0,10.0,0.0,0.0,0.0,39.0,54.0,143.0,2,1,0.917427,0.917427,0.44,0.812,2.0,0.0,20.0,2.00506,1.8563759999999998,1.3909858,1.9919346267060563,0.9916010000000002,1.2483005999999999,1.0869481,0.7271366426048347,0.59,0.536,0.505,0.5402169449456452,0.8233333333333334,0.8013999999999999,0.7816,0.8119567405241063,6.0,7.0,9.0,2.0,8.0,15.0,5.0,7.0,16.0,2.0,2.0,2.0,29.0,66.0,137.0,-1,0.6053630000000001,0.6053630000000001,0.12000000000000005,0.02399999999999991,-0.978782333333333,-0.6935753999999998,-0.09785699999999986,-1.2226479437972335,0.03467666666666669,-0.08549999999999991,0.13017100000000004,0.04195545546796975,-0.06999999999999995,-0.008000000000000007,0.02400000000000002,-0.05976776013571117,0.020999999999999908,0.05180000000000007,0.054400000000000004,0.011608540448915239
20230506_Nice_Rennes,2023-05-06 15:00:00,2022,Nice,Rennes,2,1,1.33415,1.33415,0.47,0.816,0.0,0.0,20.0,1.9441543333333335,1.6510126,1.6057572999999998,3.197169867316353,1.9441543333333335,1.6510126,1.5297475999999999,3.1971620839229122,0.56,0.552,0.544,0.6208179673923974,0.8486666666666668,0.8534,0.8473,0.8851026112389209,2.0,3.0,10.0,3.0,6.0,10.0,6.0,8.0,11.0,0.0,0.0,0.0,30.0,55.0,126.0,1,2,1.06201,1.06201,0.53,0.8490000000000001,1.0,0.0,18.0,2.3524633333333327,1.8662199999999998,1.5616328,2.333404523207392,2.3524633333333327,1.8662200000000002,1.5616328,2.333404523207359,0.6133333333333333,0.562,0.546,0.6422043433176902,0.8423333333333334,0.8382,0.8298,0.8741516981365032,7.0,8.0,13.0,3.0,7.0,8.0,4.0,8.0,14.0,0.0,0.0,0.0,49.0,88.0,175.0,1,0.27214000000000005,0.27214000000000005,-0.06000000000000005,-0.03300000000000014,-0.40830899999999914,-0.21520739999999972,0.0441244999999999,0.8637653441089612,-0.40830899999999914,-0.21520740000000016,-0.03188520000000006,0.8637575607155532,-0.05333333333333323,-0.010000000000000009,-0.0020000000000000018,-0.0213863759252928,0.006333333333333413,0.015200000000000102,0.01750000000000007,0.010950913102417692
20230521_Nice_Toulouse,2023-05-21 13:00:00,2022,Nice,Toulouse,0,0,2.78131,2.78131,0.51,0.8390000000000001,2.0,0.0,11.0,1.7827220000000004,1.5054377999999997,1.4424149,0.629811594692654,1.7827220000000004,1.5054378,1.3664052,0.6298112833569164,0.57,0.55,0.5549999999999999,0.5800327186956958,0.8503333333333334,0.8398,0.8485999999999999,0.8355641044495569,3.0,4.0,9.0,3.0,6.0,13.0,3.0,7.0,10.0,0.0,0.0,0.0,48.0,68.0,120.0,0,0,0.964577,0.964577,0.49,0.8170000000000001,2.0,0.0,23.0,1.389945666666666,1.3883494,1.5574246999999999,1.4243530655921142,1.3899456666666665,1.3883494,1.5574246999999999,1.4243530654916587,0.5966666666666667,0.5359999999999999,0.5339999999999999,0.6842963518256514,0.8300000000000001,0.8135999999999999,0.8131999999999999,0.8489398532691715,0.0,2.0,7.0,1.0,3.0,10.0,2.0,5.0,19.0,0.0,0.0,1.0,31.0,77.0,167.0,0,1.816733,1.816733,0.020000000000000018,0.02200000000000002,0.3927763333333343,0.11708839999999965,-0.11500979999999994,-0.7945414708994601,0.39277633333333384,0.11708839999999987,-0.1910194999999999,-0.7945417821347424,-0.026666666666666727,0.014000000000000123,0.02100000000000002,-0.10426363312995557,0.020333333333333314,0.026200000000000112,0.03539999999999999,-0.013375748819614675
20230603_Nice_Lyon,2023-06-03 17:00:00,2022,Nice,Lyon,3,1,2.30538,2.30538,0.43,0.812,0.0,0.0,11.0,2.578918666666667,2.5448692,1.8542709,4.146098063787706,2.578918666666667,2.5448692,1.8542709000000002,4.146098051334277,0.5466666666666667,0.55,0.5399999999999999,0.5288013087478278,0.8240000000000002,0.8371999999999999,0.8416,0.8044625641779823,3.0,6.0,9.0,4.0,5.0,12.0,6.0,8.0,14.0,0.0,0.0,0.0,40.0,70.0,117.0,1,3,1.68314,1.68314,0.57,0.868,1.0,0.0,12.0,2.511433333333334,2.4239249999999997,2.1572975,3.0478730392245255,2.2580700000000005,2.1198889999999997,1.8444454999999997,3.0186449289088446,0.5933333333333333,0.6174999999999999,0.5844444444444444,0.5565201929653003,0.8526666666666666,0.85575,0.8428888888888888,0.8498458493193284,7.0,14.0,22.0,3.0,8.0,13.0,4.0,4.0,15.0,0.0,0.0,0.0,45.0,60.0,145.0,1,0.6222399999999999,0.6222399999999999,-0.13999999999999996,-0.05599999999999994,0.06748533333333295,0.12094420000000028,-0.3030265999999999,1.0982250245631806,0.32084866666666656,0.42498020000000025,0.009825400000000428,1.127453122425432,-0.04666666666666652,-0.0674999999999999,-0.04444444444444451,-0.027718884217472484,-0.028666666666666396,-0.018550000000000066,-0.001288888888888784,-0.04538328514134604
20230812_Nice_Lille,2023-08-12 18:00:00,2023,Nice,Lille,1,1,1.12141,1.12141,,,,,,3.227186666666667,2.2752572,1.9631349,2.673523612757541,3.227186666666667,2.2752572,1.9631349,2.673523610266855,0.49000000000000005,0.508,0.53,0.44976026174956557,0.8156666666666667,0.8200000000000001,0.8366999999999999,0.8104925128355965,6.0,8.0,11.0,3.0,6.0,12.0,5.0,6.0,14.0,0.0,0.0,0.0,33.0,71.0,126.0,1,1,1.53437,1.53437,,,,,,1.90676,1.68825,1.8437959999999998,1.7733618288520772,1.1466626666666673,1.2321916000000002,1.5397568,1.5057689667058218,0.5933333333333334,0.598,0.637,0.6517943436449999,0.8250000000000001,0.8155999999999999,0.8422000000000001,0.8461626022228212,5.0,5.0,14.0,3.0,4.0,8.0,9.0,14.0,23.0,0.0,0.0,0.0,32.0,68.0,129.0,0,-0.41296,-0.41296,,,1.3204266666666669,0.5870072,0.11933890000000025,0.9001617839054639,2.0805239999999996,1.0430655999999998,0.4233781000000001,1.1677546435610333,-0.10333333333333333,-0.08999999999999997,-0.10699999999999998,-0.20203408189543431,-0.009333333333333416,0.0044000000000001815,-0.005500000000000171,-0.03567008938722471
20230827_Nice_Lyon,2023-08-27 18:45:00,2023,Nice,Lyon,0,0,1.82327,1.82327,0.58,0.8190000000000001,1.0,0.0,7.0,1.9510933333333336,2.645892,2.0756649,2.2275585445103014,1.9510933333333336,2.645892,2.0756649,2.227558544410674,0.51,0.515,0.5344444444444445,0.5833219172261697,0.86,0.8387499999999999,0.8393333333333333,0.9033567863255043,5.0,8.0,12.0,3.0,5.0,11.0,1.0,6.0,13.0,0.0,0.0,0.0,13.0,35.0,103.0,0,0,0.25547,0.25547,0.42,0.778,4.0,0.0,29.0,1.4595330000000004,2.0016018000000004,2.0943333999999996,0.9201338643137962,1.4595330000000002,2.0016018000000004,1.8663054,0.9199000394312706,0.6133333333333333,0.6,0.6077777777777779,0.6290921615437224,0.8573333333333334,0.8576,0.8515555555555555,0.8428947667945547,3.0,9.0,20.0,9.0,10.0,20.0,7.0,8.0,17.0,1.0,1.0,1.0,33.0,66.0,125.0,0,1.5678,1.5678,0.15999999999999998,0.041000000000000036,0.49156033333333315,0.6442901999999995,-0.018668499999999533,1.3074246801965053,0.4915603333333334,0.6442901999999995,0.20935950000000014,1.3076585049794034,-0.10333333333333328,-0.08499999999999996,-0.07333333333333336,-0.04577024431755272,0.002666666666666595,-0.018850000000000144,-0.012222222222222245,0.06046201953094965
20230903_Nice_Strasbourg,2023-09-03 15:05:00,2023,Nice,Strasbourg,2,0,2.28809,2.28809,0.62,0.856,2.0,0.0,11.0,1.7903900000000004,2.454284,2.1923685999999996,1.9041277089020603,1.7903900000000004,2.454284,2.1923686,1.904127708882135,0.585,0.5325,0.5455555555555556,0.5806643834452339,0.8634999999999999,0.83375,0.8401111111111111,0.835871357265101,2.0,8.0,12.0,2.0,5.0,10.0,2.0,5.0,11.0,0.0,0.0,0.0,9.0,31.0,96.0,0,2,0.158524,0.158524,0.38,0.779,1.0,0.0,24.0,1.5214703333333341,1.3504976,1.5692657999999997,2.4134182634901786,1.521470333333334,1.3504976,1.4172474,2.4133715005100607,0.3966666666666668,0.4,0.4088888888888889,0.3975302726467035,0.7736666666666667,0.817,0.7745555555555556,0.797435992764035,4.0,6.0,14.0,4.0,7.0,10.0,4.0,6.0,10.0,0.0,0.0,1.0,51.0,72.0,159.0,1,2.129566,2.129566,0.24,0.07699999999999996,0.2689196666666662,1.1037864,0.6231027999999998,-0.5092905545881183,0.26891966666666645,1.1037864,0.7751212000000001,-0.5092437916279258,0.18833333333333319,0.13249999999999995,0.13666666666666666,0.18313411079853037,0.08983333333333321,0.016750000000000043,0.06555555555555559,0.038435364501065994
20231001_Nice_Brest,2023-10-01 13:00:00,2023,Nice,Brest,0,0,1.03293,1.03293,0.54,0.818,1.0,0.0,20.0,1.7797900000000002,1.9178259999999998,2.0752676,1.2815719016712164,1.7797900000000002,1.9178259999999998,2.0752676,1.281571901671057,0.45999999999999996,0.51,0.5133333333333333,0.43408531506756187,0.8196666666666667,0.8371999999999999,0.8300000000000001,0.8326389708581208,6.0,7.0,14.0,2.0,3.0,9.0,8.0,10.0,16.0,0.0,0.0,0.0,48.0,57.0,108.0,0,0,0.153004,0.153004,0.46,0.73,3.0,0.0,17.0,1.8968133333333335,1.8046220000000002,1.7475549999999997,2.350431129181086,1.8968133333333332,1.8046220000000002,1.5195268,2.3500029815593093,0.5100000000000001,0.506,0.47777777777777775,0.5524526980490021,0.7433333333333333,0.7544000000000001,0.7482222222222222,0.7438931144537394,3.0,5.0,14.0,1.0,4.0,10.0,10.0,13.0,21.0,0.0,0.0,0.0,59.0,90.0,149.0,0,0.8799259999999999,0.8799259999999999,0.08000000000000002,0.08799999999999997,-0.11702333333333326,0.11320399999999964,0.32771260000000035,-1.0688592275098698,-0.11702333333333304,0.11320399999999964,0.5557408000000001,-1.0684310798882524,-0.050000000000000155,0.0040000000000000036,0.03555555555555556,-0.11836738298144023,0.07633333333333336,0.08279999999999987,0.08177777777777784,0.08874585640438137
20231021_Nice_Marseille,2023-10-21 19:00:00,2023,Nice,Marseille,1,0,0.828728,0.828728,0.5,0.84,4.0,0.0,16.0,1.2165300000000003,1.577506,2.015895,1.4287156760668487,1.2165300000000003,1.577506,2.015895,1.4287156760668425,0.5566666666666666,0.52,0.5255555555555556,0.6477634126027025,0.8513333333333334,0.8331999999999999,0.8334444444444444,0.8753855588343249,2.0,7.0,15.0,0.0,2.0,7.0,3.0,10.0,15.0,0.0,0.0,0.0,48.0,81.0,112.0,0,1,1.00304,1.00304,0.5,0.8370000000000001,3.0,1.0,22.0,1.4947863333333338,1.6863098,1.7139923,2.5811417697083994,1.494786333333333,1.6863098,1.7139923,2.581141757254092,0.47333333333333316,0.532,0.542,0.6109382888039814,0.7773333333333333,0.797,0.7990999999999999,0.8700895623069828,5.0,6.0,13.0,7.0,8.0,14.0,7.0,11.0,17.0,0.0,0.0,0.0,66.0,90.0,193.0,1,-0.1743119999999999,-0.1743119999999999,0.0,0.0029999999999998916,-0.27825633333333344,-0.1088038,0.3019027000000001,-1.1524260936415507,-0.2782563333333328,-0.1088038,0.3019027000000001,-1.1524260811872495,0.08333333333333348,-0.01200000000000001,-0.016444444444444484,0.03682512379872116,0.07400000000000007,0.0361999999999999,0.03434444444444451,0.0052959965273421394
20231105_Nice_Rennes,2023-11-05 19:45:00,2023,Nice,Rennes,2,0,2.28618,2.28618,0.46,0.855,0.0,1.0,13.0,1.5008893333333335,1.3274056,1.6246137999999999,1.9167131070426742,1.247522666666667,1.1753855999999998,1.5486038,1.3086331070426735,0.5766666666666667,0.544,0.5355555555555555,0.5459105365041081,0.8583333333333334,0.8480000000000001,0.842111111111111,0.846215422353373,3.0,4.0,11.0,0.0,0.0,4.0,7.0,9.0,18.0,0.0,0.0,0.0,39.0,74.0,116.0,0,2,0.484764,0.484764,0.54,0.852,2.0,1.0,16.0,1.1317946666666663,1.3291754,1.7124838,1.0979299284690744,1.1317946666666663,1.025138,1.4844555,1.0881991127258117,0.5733333333333333,0.586,0.573,0.6165129513848735,0.8250000000000001,0.8282,0.8389,0.8269959526537676,3.0,6.0,16.0,6.0,7.0,13.0,5.0,9.0,13.0,0.0,0.0,0.0,44.0,75.0,165.0,1,1.801416,1.801416,-0.08000000000000002,0.0030000000000000027,0.36909466666666724,-0.0017697999999999325,-0.08787000000000011,0.8187831785735997,0.11572800000000072,0.1502475999999997,0.06414830000000005,0.22043399431686184,0.0033333333333334103,-0.041999999999999926,-0.0374444444444445,-0.07060241488076535,0.033333333333333326,0.01980000000000004,0.0032111111111110535,0.019219469699605418
20231126_Nice_Toulouse,2023-11-26 12:00:00,2023,Nice,Toulouse,1,0,1.00133,1.00133,0.53,0.875,0.0,0.0,29.0,1.6884266666666672,1.4818476,1.5604808,0.9387693242817068,1.4350600000000002,1.3298276,1.4844708,0.9144461242817068,0.5333333333333333,0.556,0.5279999999999999,0.5674364214601643,0.8540000000000001,0.8582000000000001,0.8387,0.859448616894135,3.0,5.0,11.0,0.0,0.0,2.0,6.0,11.0,21.0,1.0,1.0,1.0,36.0,65.0,140.0,0,1,1.27183,1.27183,0.47,0.828,4.0,0.0,16.0,1.2039913333333334,1.1503674,1.0573041,0.7403222410206562,0.9506246666666668,0.9983473999999999,0.9812941000000001,0.6187061787538377,0.51,0.49399999999999994,0.488,0.4266254479407283,0.7873333333333333,0.7806,0.7824,0.7629384029253449,2.0,4.0,10.0,6.0,8.0,14.0,9.0,13.0,26.0,0.0,0.0,0.0,73.0,115.0,271.0,1,-0.27049999999999996,-0.27049999999999996,0.06000000000000005,0.04700000000000004,0.4844353333333338,0.3314802000000001,0.5031766999999998,0.19844708326105054,0.48443533333333344,0.3314802000000001,0.5031766999999999,0.2957399455278691,0.023333333333333317,0.06200000000000011,0.039999999999999925,0.14081097351943594,0.06666666666666676,0.07760000000000011,0.05630000000000002,0.09651021396879012
20231210_Nice_Reims,2023-12-10 12:00:00,2023,Nice,Reims,2,1,1.2751,1.2751,0.52,0.809,2.0,0.0,12.0,0.9511400000000002,1.459662,1.3726478,1.1831235729712684,0.9511400000000002,1.307642,1.2966378,1.1821506449712682,0.58,0.55,0.5229999999999999,0.6034974568584065,0.8753333333333333,0.8654,0.8477,0.8863779446757655,1.0,4.0,10.0,1.0,1.0,3.0,4.0,6.0,18.0,0.0,1.0,1.0,57.0,80.0,166.0,1,2,1.13313,1.13313,0.48,0.799,3.0,0.0,18.0,1.9084633333333336,1.6899477999999999,1.6601989,1.9677760168530596,1.9084633333333336,1.6899477999999999,1.5841899,1.9677370877909475,0.5066666666666666,0.516,0.496,0.5237610381325711,0.791,0.8012,0.7784,0.7864898070510146,3.0,5.0,12.0,7.0,7.0,14.0,4.0,7.0,13.0,0.0,0.0,0.0,45.0,93.0,210.0,1,0.14196999999999993,0.14196999999999993,0.040000000000000036,0.010000000000000009,-0.9573233333333334,-0.23028579999999987,-0.28755109999999995,-0.7846524438817912,-0.9573233333333334,-0.3823057999999999,-0.28755209999999987,-0.7855864428196793,0.07333333333333336,0.03400000000000003,0.026999999999999913,0.07973641872583537,0.08433333333333326,0.06419999999999992,0.06930000000000003,0.0998881376247509
20231220_Nice_Lens,2023-12-20 20:00:00,2023,Nice,Lens,2,0,2.95792,2.19782,0.41,0.8170000000000001,2.0,0.0,16.0,1.382716666666667,1.153974,1.3591647999999998,1.564420942918851,1.382716666666667,1.1539739999999998,1.2831548,1.5643820257988508,0.5866666666666667,0.576,0.5609999999999999,0.6033398982743362,0.8536666666666667,0.8594000000000002,0.8545,0.8544951177870306,3.0,4.0,9.0,5.0,5.0,5.0,4.0,8.0,16.0,1.0,1.0,2.0,38.0,80.0,152.0,0,2,0.539445,0.539445,0.59,0.846,2.0,0.0,21.0,1.8469766666666665,1.858576,2.0398848999999997,1.375588341975155,1.593613333333333,1.706558,1.8118569,1.351187628246326,0.5433333333333333,0.524,0.53,0.4927505115483079,0.8186666666666667,0.8232000000000002,0.8185,0.7838723203509257,5.0,9.0,15.0,2.0,2.0,3.0,5.0,10.0,23.0,1.0,2.0,2.0,69.0,101.0,172.0,1,2.418475,1.6583750000000002,-0.18,-0.028999999999999915,-0.46425999999999945,-0.704602,-0.6807200999999998,0.18883260094369603,-0.21089666666666607,-0.5525840000000002,-0.5287021000000001,0.21319439755252478,0.043333333333333335,0.051999999999999935,0.030999999999999917,0.1105893867260283,0.03500000000000003,0.03620000000000001,0.03600000000000003,0.07062279743610489
20240127_Nice_Metz,2024-01-27 16:00:00,2023,Nice,Metz,1,0,1.97472,1.21462,0.66,0.8590000000000001,1.0,0.0,11.0,1.801612666666667,1.5823276,1.4806976,1.1802984377167538,1.5482460000000005,1.4303076,1.3286776,1.058680881031954,0.5299999999999999,0.5459999999999999,0.536,0.5377335959309735,0.8383333333333334,0.8428000000000001,0.8491,0.8336998047114812,3.0,5.0,10.0,5.0,7.0,7.0,4.0,6.0,16.0,1.0,1.0,2.0,43.0,70.0,151.0,0,1,0.119776,0.119776,0.34,0.708,1.0,0.0,32.0,0.5193946666666664,0.8097496,0.8700966000000001,0.5052092912817864,0.5193946666666666,0.5031054,0.6407645000000001,0.503052182801627,0.39333333333333337,0.372,0.354,0.3809063658704627,0.739,0.7354,0.7232999999999999,0.7446390844972275,1.0,1.0,9.0,5.0,8.0,14.0,6.0,9.0,16.0,1.0,1.0,1.0,43.0,94.0,225.0,1,1.8549440000000001,1.0948440000000002,0.32,0.15100000000000013,1.2822180000000005,0.772578,0.610601,0.6750891464349674,1.0288513333333338,0.9272021999999999,0.6879130999999999,0.5556286982303269,0.13666666666666655,0.17399999999999993,0.18200000000000005,0.15682723006051075,0.09933333333333338,0.10740000000000005,0.12580000000000002,0.08906072021425371
20240211_Nice_Monaco,2024-02-11 19:45:00,2023,Nice,Monaco,2,3,2.16459,1.4045,0.47,0.813,5.0,1.0,9.0,1.1510593333333337,1.6104896,1.4467148,0.9014791375086701,0.8976926666666669,1.3064496,1.2946947999999998,0.7749984352412781,0.5633333333333334,0.544,0.544,0.5031093438372389,0.8266666666666667,0.8318,0.8449,0.7987879921884593,1.0,4.0,9.0,2.0,5.0,7.0,2.0,6.0,12.0,0.0,1.0,2.0,54.0,81.0,163.0,3,2,2.06475,2.06475,0.53,0.8370000000000001,4.0,0.0,30.0,0.961089,1.3104454,1.3714891999999999,1.2972319648248092,0.9610890000000003,1.1584254,1.2954792,1.2923673246255545,0.49666666666666665,0.508,0.524,0.5609421670966995,0.75,0.762,0.7884,0.7683607374333226,4.0,6.0,14.0,6.0,8.0,14.0,9.0,13.0,27.0,2.0,3.0,4.0,44.0,80.0,190.0,-1,0.09983999999999993,-0.66025,-0.06000000000000005,-0.024000000000000132,0.18997033333333369,0.30004419999999987,0.07522560000000023,-0.39575282731613903,-0.06339633333333339,0.14802420000000005,-0.0007844000000001294,-0.5173688893842764,0.06666666666666671,0.03600000000000003,0.020000000000000018,-0.0578328232594606,0.07666666666666666,0.06979999999999997,0.056499999999999995,0.030427254755136746
20240225_Nice_Clermont Foot,2024-02-25 14:00:00,2023,Nice,Clermont Foot,0,0,1.97032,1.97032,0.58,0.8440000000000001,2.0,0.0,13.0,1.174310666666667,1.260644,1.441062,0.9307551655003468,0.9209473333333337,0.9566060000000001,1.2130329999999998,0.804081537409651,0.48333333333333334,0.534,0.5369999999999999,0.5033243737534896,0.8076666666666666,0.8236000000000001,0.8371000000000001,0.8220315196875384,2.0,3.0,9.0,4.0,6.0,11.0,7.0,8.0,14.0,1.0,1.0,2.0,50.0,77.0,160.0,0,0,2.46292,1.70282,0.42,0.7809999999999999,1.0,0.0,27.0,0.9213043333333334,1.1031866000000001,0.8669275000000001,0.833429909176203,0.9213043333333335,1.1031866000000001,0.8669274999999999,0.8334298967218662,0.44333333333333336,0.46799999999999997,0.4499999999999999,0.46654797567998535,0.8053333333333333,0.7924,0.7795,0.8332570248610741,2.0,5.0,8.0,8.0,10.0,19.0,3.0,5.0,17.0,2.0,2.0,5.0,52.0,94.0,205.0,0,-0.4925999999999999,0.26750000000000007,0.15999999999999998,0.06300000000000017,0.25300633333333356,0.15745739999999997,0.5741345,0.0973252563241438,-0.0003569999999998297,-0.14658060000000006,0.34610549999999995,-0.029348359312215133,0.03999999999999998,0.06600000000000006,0.08700000000000002,0.036776398073504246,0.0023333333333332984,0.031200000000000117,0.057600000000000096,-0.01122550517353571
20240308_Nice_Montpellier,2024-03-08 20:00:00,2023,Nice,Montpellier,1,2,1.51018,1.51018,0.65,0.8440000000000001,1.0,0.0,18.0,1.5225140000000001,1.4810044000000002,1.605968,1.881897406620014,1.5225140000000001,1.3289864,1.377939,1.876830461496386,0.5499999999999999,0.518,0.536,0.5609329749501396,0.8346666666666667,0.8204,0.8285,0.8359212607875015,1.0,3.0,9.0,3.0,6.0,12.0,5.0,11.0,18.0,0.0,1.0,2.0,45.0,81.0,147.0,2,1,1.66988,0.909783,0.35,0.72,2.0,0.0,45.0,1.8988100000000003,1.655079,1.3741157,1.5287777809081895,1.6454466666666674,1.5030610000000002,1.2981067000000002,1.5044548859632183,0.5200000000000001,0.508,0.44299999999999995,0.5682118058901406,0.7776666666666667,0.7794000000000001,0.7481,0.7831583024292327,6.0,8.0,10.0,6.0,10.0,13.0,8.0,12.0,24.0,0.0,0.0,0.0,62.0,103.0,252.0,-1,-0.15969999999999995,0.6003970000000001,0.30000000000000004,0.12400000000000011,-0.3762960000000002,-0.17407459999999975,0.23185230000000012,0.35311962571182454,-0.12293266666666725,-0.1740746000000002,0.07983229999999986,0.3723755755331677,0.029999999999999805,0.010000000000000009,0.09300000000000008,-0.007278830940001035,0.05699999999999994,0.040999999999999925,0.08040000000000003,0.05276295835826883
20240331_Nice_Nantes,2024-03-31 14:00:00,2023,Nice,Nantes,1,2,1.21101,0.450914,0.56,0.8690000000000001,2.0,0.0,12.0,1.74296,1.5769304,1.6460340000000002,1.7624486962648005,1.4895933333333335,1.4249104,1.341995,1.1541660184598554,0.5366666666666666,0.54,0.5269999999999999,0.44643731899800565,0.8023333333333333,0.8151999999999999,0.8186,0.7508768504315001,5.0,5.0,10.0,5.0,6.0,11.0,6.0,9.0,18.0,0.0,0.0,1.0,73.0,100.0,179.0,2,1,1.79381,1.03372,0.44,0.825,5.0,0.0,27.0,0.7743526666666666,0.9582200000000001,0.9401324000000001,0.7073650778256363,0.7743526666666667,0.9582200000000002,0.864123,0.7073572944630698,0.5233333333333333,0.43200000000000005,0.44699999999999995,0.5969329480773196,0.7933333333333333,0.7703999999999999,0.7664,0.8226795819319908,1.0,2.0,5.0,7.0,9.0,14.0,8.0,11.0,19.0,0.0,0.0,1.0,50.0,110.0,211.0,-1,-0.5828,-0.5828059999999999,0.12000000000000005,0.04400000000000015,0.9686073333333335,0.6187103999999999,0.7059016000000001,1.055083618439164,0.7152406666666669,0.4666903999999997,0.4778720000000001,0.4468087239967856,0.013333333333333308,0.10799999999999998,0.07999999999999996,-0.1504956290793139,0.009000000000000008,0.04480000000000006,0.052200000000000024,-0.07180273150049066
20240419_Nice_Lorient,2024-04-19 19:00:00,2023,Nice,Lorient,3,0,2.51301,2.51301,0.51,0.852,0.0,0.0,13.0,1.64649,1.672284,1.5829392,1.8014835478505922,1.1397580000000003,1.3682448,1.2789006,1.6555368807383943,0.47666666666666674,0.5279999999999999,0.533,0.4834574927599202,0.8076666666666666,0.8204,0.8228,0.82987507401726,4.0,6.0,9.0,3.0,7.0,11.0,6.0,9.0,19.0,0.0,0.0,1.0,59.0,95.0,169.0,0,3,0.561667,0.561667,0.49,0.858,2.0,0.0,21.0,1.3041866666666668,1.2274908,1.4192093,1.653139909163571,1.3041866666666668,1.2274908,1.4192093,1.653139909163571,0.5300000000000001,0.502,0.491,0.547503852570055,0.8076666666666666,0.8182,0.8163,0.8366564060998648,2.0,4.0,14.0,5.0,8.0,14.0,8.0,10.0,17.0,1.0,1.0,1.0,73.0,125.0,295.0,1,1.951343,1.951343,0.020000000000000018,-0.006000000000000005,0.3423033333333332,0.4447932000000001,0.1637299000000001,0.14834363868702116,-0.16442866666666656,0.14075400000000005,-0.14030869999999984,0.0023969715748233256,-0.0533333333333334,0.025999999999999912,0.04200000000000004,-0.06404635981013473,0.0,0.0021999999999999797,0.00649999999999995,-0.006781332082604785
20240510_Nice_Le Havre,2024-05-10 19:00:00,2023,Nice,Le Havre,1,0,1.93635,1.93635,0.58,0.862,2.0,0.0,15.0,1.8996433333333336,1.7662939999999998,1.6716121999999998,1.8193145883828048,1.6462800000000002,1.4622568,1.4435836,1.2100750150459072,0.5166666666666667,0.516,0.528,0.5193876599420794,0.8493333333333334,0.8486,0.8319000000000001,0.8620630005921381,8.0,9.0,14.0,3.0,5.0,11.0,6.0,9.0,18.0,0.0,0.0,0.0,42.0,64.0,164.0,0,1,0.427788,0.427788,0.42,0.805,0.0,0.0,14.0,1.4750503333333331,1.5152162,1.2801562,2.277748573263107,1.221684,1.211191,1.0521338,2.1551595868648423,0.4200000000000001,0.42800000000000005,0.465,0.37288032329673126,0.7056666666666667,0.7232000000000001,0.7501000000000001,0.6968553606461511,6.0,7.0,10.0,5.0,7.0,14.0,6.0,14.0,26.0,0.0,0.0,1.0,57.0,112.0,184.0,1,1.508562,1.508562,0.15999999999999998,0.05699999999999994,0.42459300000000044,0.2510777999999998,0.3914559999999998,-0.4584339848803023,0.4245960000000002,0.2510658000000001,0.39144979999999996,-0.9450845718189351,0.09666666666666662,0.08799999999999997,0.063,0.1465073366453481,0.14366666666666672,0.12539999999999996,0.08179999999999998,0.16520763994598708
20240515_Nice_Paris Saint Germain,2024-05-15 19:00:00,2023,Nice,Paris Saint Germain,1,2,1.95517,1.95517,0.37,0.843,1.0,1.0,6.0,1.7074233333333335,1.911362,1.7967020000000002,1.9129429176765609,1.4540600000000001,1.759344,1.5686734000000002,1.7910950030091815,0.54,0.52,0.535,0.5678775319884158,0.8526666666666666,0.8472,0.8356,0.8620126001184276,6.0,9.0,15.0,3.0,3.0,10.0,8.0,9.0,19.0,0.0,0.0,0.0,44.0,67.0,165.0,2,1,1.44503,1.44503,,,,,,1.9135233333333321,2.2811399999999997,2.06577,1.6515984652696414,1.9135233333333328,2.28114,1.98976,1.6515980891713138,,,,,,,,,8.0,13.0,24.0,7.0,9.0,14.0,,,,,,,,,,-1,0.51014,0.51014,,,-0.20609999999999862,-0.3697779999999997,-0.26906799999999986,0.2613444524069195,-0.45946333333333267,-0.5217960000000001,-0.42108659999999976,0.13949691383786766,,,,,,,,
20220813_Paris Saint Germain_Montpellier,2022-08-13 19:00:00,2022,Paris Saint Germain,Montpellier,5,2,3.3388,1.81861,,,,,,3.6239666666666666,2.7589840000000003,2.3443519999999998,3.7818075682878898,3.1172400000000002,2.3029298000000002,1.9643199,3.6307722370278297,,,,,,,,,11.0,14.0,28.0,0.0,2.0,9.0,,,,,,,,,,2,5,0.778496,0.778496,0.41,0.87,1.0,0.0,17.0,1.2310770000000002,1.0859594000000001,1.4225379,1.5547819960752012,0.9777133333333335,0.9339412000000002,1.3465288000000002,1.433167435577062,0.48666666666666675,0.46799999999999997,0.43899999999999995,0.5301799885989651,0.7733333333333334,0.7508,0.7458,0.8056661983839903,5.0,9.0,18.0,3.0,7.0,16.0,3.0,8.0,15.0,1.0,1.0,1.0,67.0,119.0,219.0,1,2.560304,1.040114,,,2.392889666666666,1.6730246000000002,0.9218140999999997,2.2270255722126886,2.139526666666667,1.3689886,0.6177910999999998,2.1976048014507676,,,,,,,,
20220828_Paris Saint Germain_Monaco,2022-08-28 18:45:00,2022,Paris Saint Germain,Monaco,1,1,2.71556,1.95547,,,,,,3.9426966666666665,3.7162240000000004,2.844556,4.181816302731516,3.435966666666667,3.10815,2.3125048999999995,3.9325444894811135,,,,,,,,,17.0,23.0,36.0,3.0,3.0,9.0,,,,,,,,,,1,1,0.237794,0.237794,0.33,0.78,4.0,0.0,11.0,2.384603333333333,1.9947899999999996,2.0259,2.2964290579061863,2.1312400000000005,1.842772,1.7069569999999998,2.1747749199744306,0.4266666666666667,0.466,0.522,0.4438976478662373,0.786,0.7742,0.7947,0.8160037547814134,4.0,6.0,16.0,6.0,7.0,10.0,6.0,10.0,18.0,2.0,2.0,4.0,47.0,75.0,135.0,0,2.477766,1.717676,,,1.5580933333333333,1.7214340000000008,0.8186559999999998,1.8853872448253295,1.3047266666666664,1.2653780000000001,0.6055478999999997,1.7577695695066828,,,,,,,,
20220910_Paris Saint Germain_Brest,2022-09-10 15:00:00,2022,Paris Saint Germain,Brest,1,0,2.01269,2.01269,,,,,,3.3833466666666663,3.571852,3.165418,3.549120450421852,3.129983333333333,3.1157960000000005,2.7093629,3.5228033959158487,,,,,,,,,7.0,19.0,33.0,1.0,4.0,6.0,,,,,,,,,,0,1,1.34439,0.584291,0.39,0.8109999999999999,2.0,0.0,18.0,0.3853273333333333,1.0048404,1.1269545,0.6459805242837418,0.38532733333333313,1.0048404,1.0509455,0.6457859412437418,0.49000000000000005,0.488,0.475,0.5501674809408248,0.7543333333333333,0.7718,0.7752,0.7759483694510148,2.0,6.0,11.0,11.0,13.0,25.0,3.0,4.0,15.0,1.0,1.0,1.0,43.0,69.0,150.0,1,0.6683000000000001,1.4283990000000002,,,2.998019333333333,2.5670116,2.0384634999999998,2.9031399261381106,2.744656,2.1109556000000005,1.6584173999999998,2.877017454672107,,,,,,,,
20221001_Paris Saint Germain_Nice,2022-10-01 19:00:00,2022,Paris Saint Germain,Nice,2,1,0.753307,0.753307,,,,,,2.3459499999999998,2.7378120000000004,3.227018,1.6850592180168742,2.3459499999999998,2.585794,2.846972,1.684006535836634,,,,,,,,,5.0,9.0,32.0,0.0,1.0,4.0,,,,,,,,,,1,2,0.685057,0.685057,0.43,0.872,1.0,0.0,13.0,1.0491703333333335,1.0976926,1.1551243,0.9907012018203659,1.0491703333333333,0.79365532,0.92709576,0.9809330917716058,0.5233333333333334,0.488,0.522,0.5078672874553106,0.8116666666666665,0.8034000000000001,0.8225,0.8190462997006209,1.0,3.0,8.0,2.0,6.0,13.0,7.0,12.0,21.0,1.0,1.0,3.0,50.0,90.0,157.0,1,0.06824999999999992,0.06824999999999992,,,1.2967796666666662,1.6401194000000003,2.0718937000000004,0.6943580161965083,1.2967796666666664,1.7921386799999999,1.91987624,0.7030734440650283,,,,,,,,
20221016_Paris Saint Germain_Marseille,2022-10-16 18:45:00,2022,Paris Saint Germain,Marseille,1,0,2.99871,2.99871,,,,,,1.1152356666666663,1.7714454,2.7336527000000004,1.040787488720675,1.1152356666666667,1.7714454,2.5056247,1.0407453814334653,,,,,,,,,3.0,7.0,28.0,1.0,1.0,5.0,,,,,,,,,,0,1,0.78459,0.78459,0.5,0.879,0.0,1.0,11.0,1.6999933333333335,1.7803660000000001,1.862126,1.7620608023714468,1.446629,1.6283474000000002,1.7101067,1.153791742050576,0.6,0.57,0.561,0.6263244246751015,0.8086666666666668,0.8114000000000001,0.8065999999999999,0.7934222520721868,5.0,9.0,20.0,3.0,4.0,7.0,3.0,9.0,22.0,0.0,0.0,1.0,44.0,70.0,163.0,1,2.21412,2.21412,,,-0.5847576666666672,-0.008920600000000167,0.8715267000000004,-0.7212733136507719,-0.3313933333333332,0.14309799999999973,0.7955179999999997,-0.11304636061711082,,,,,,,,
20221029_Paris Saint Germain_Troyes,2022-10-29 15:00:00,2022,Paris Saint Germain,Troyes,4,3,2.67967,1.91958,,,,,,2.323783333333333,1.8501974,2.5784136999999996,2.8466810995488268,2.3237833333333335,1.8501974,2.5024047,2.8466794152573387,,,,,,,,,4.0,7.0,22.0,0.0,1.0,3.0,,,,,,,,,,3,4,1.60184,1.60184,0.33,0.83,3.0,0.0,17.0,1.0730716666666666,1.2668310000000003,1.3437869,1.0465964539274855,1.0730716666666666,1.266831,1.1917684000000002,1.0465883437041255,0.44,0.484,0.43899999999999995,0.4350852624384,0.7953333333333333,0.7968,0.7953,0.8176967376281601,5.0,10.0,19.0,6.0,9.0,18.0,5.0,12.0,19.0,0.0,0.0,1.0,45.0,68.0,173.0,1,1.0778300000000003,0.31774000000000013,,,1.2507116666666664,0.5833663999999998,1.2346267999999996,1.8000846456213413,1.2507116666666669,0.5833664000000001,1.3106362999999999,1.8000910715532132,,,,,,,,
20221113_Paris Saint Germain_Auxerre,2022-11-13 12:00:00,2022,Paris Saint Germain,Auxerre,5,0,2.22316,2.22316,,,,,,2.6476899999999994,2.4015700000000004,2.3734656999999997,2.428078443981953,2.3943266666666667,2.249552,2.2974567,2.3064639766102935,,,,,,,,,9.0,10.0,20.0,4.0,4.0,5.0,,,,,,,,,,0,5,0.602881,0.602881,0.41,0.815,0.0,0.0,8.0,0.9519483333333335,0.8783519999999999,0.9349292,1.334737430440334,0.9519483333333335,0.8783519999999999,0.8589202,1.3345428349469541,0.4566666666666667,0.46799999999999997,0.476,0.48402365743923204,0.7879999999999999,0.7938000000000001,0.8012,0.830370239107072,3.0,5.0,8.0,3.0,6.0,19.0,1.0,1.0,11.0,1.0,1.0,2.0,88.0,120.0,214.0,1,1.620279,1.620279,,,1.6957416666666658,1.5232180000000004,1.4385364999999997,1.093341013541619,1.442378333333333,1.3712,1.4385365,0.9719211416633393,,,,,,,,
20221228_Paris Saint Germain_Strasbourg,2022-12-28 20:00:00,2022,Paris Saint Germain,Strasbourg,2,1,2.11764,1.35754,,,,,,2.4198866666666663,2.632988,2.2022167,2.2641436887963904,2.1665233333333336,2.48097,2.1262077,2.239820795322059,,,,,,,,,11.0,15.0,22.0,4.0,4.0,5.0,,,,,,,,,,1,2,1.1354,1.1354,0.29,0.794,1.0,0.0,25.0,1.1365406666666675,1.0816746,1.5317401,1.6265128296612559,1.1365406666666669,0.8993639999999999,1.2885666,1.620639662417984,0.5433333333333334,0.516,0.47800000000000004,0.589942858206218,0.7896666666666666,0.7744000000000001,0.764,0.8029914032167591,5.0,7.0,13.0,7.0,12.0,20.0,8.0,12.0,22.0,0.0,0.0,3.0,32.0,66.0,157.0,1,0.9822400000000002,0.22214,,,1.2833459999999988,1.5513134000000002,0.6704766000000002,0.6376308591351345,1.0299826666666667,1.5816060000000003,0.8376411000000001,0.6191811329040748,,,,,,,,
20230111_Paris Saint Germain_Angers,2023-01-11 20:00:00,2022,Paris Saint Germain,Angers,2,0,1.66271,1.66271,,,,,,2.1061466666666666,2.270988,2.0605927,2.011500147551856,1.85278,1.96695,1.9085736999999998,1.8889112318128825,,,,,,,,,8.0,14.0,21.0,4.0,8.0,9.0,,,,,,,,,,0,2,0.341443,0.341443,0.34,0.873,2.0,0.0,8.0,1.5857136666666667,1.2046852,1.3926798000000002,2.1017040832083134,1.5857136666666667,1.2046852,1.3926798000000002,2.1017040184502456,0.45999999999999996,0.45999999999999996,0.45200000000000007,0.43937690008880304,0.781,0.7986,0.7943,0.7832434397242325,1.0,2.0,8.0,4.0,8.0,19.0,4.0,8.0,18.0,0.0,0.0,1.0,45.0,78.0,144.0,1,1.321267,1.321267,,,0.5204329999999999,1.0663028,0.6679128999999997,-0.09020393565645746,0.2670663333333334,0.7622648000000001,0.5158938999999996,-0.21279278663736312,,,,,,,,
20230129_Paris Saint Germain_Reims,2023-01-29 19:45:00,2022,Paris Saint Germain,Reims,1,1,1.99468,1.99468,,,,,,1.414478333333333,1.716847,2.0592085,0.8289616059020741,1.4144783333333333,1.564827,1.9071894999999999,0.8240580492725151,,,,,,,,,3.0,10.0,20.0,4.0,5.0,9.0,,,,,,,,,,1,1,1.6335,1.6335,0.41,0.8440000000000001,1.0,0.0,9.0,1.124676666666667,1.374568,1.6333987,1.0183944669207667,1.124676666666667,1.374568,1.5573887000000002,1.018199881219546,0.47333333333333333,0.45400000000000007,0.476,0.5066865877779844,0.7726666666666667,0.742,0.7593,0.7986795523172322,2.0,6.0,9.0,1.0,3.0,4.0,5.0,9.0,22.0,0.0,0.0,2.0,43.0,92.0,161.0,0,0.36118000000000006,0.36118000000000006,,,0.28980166666666607,0.342279,0.4258097999999999,-0.1894328610186926,0.2898016666666663,0.19025899999999996,0.3498007999999997,-0.19414183194703094,,,,,,,,
20230204_Paris Saint Germain_Toulouse,2023-02-04 16:00:00,2022,Paris Saint Germain,Toulouse,2,1,1.80428,1.80428,,,,,,2.1996216666666664,2.047843,2.2523085000000003,3.553187264236083,2.199621666666667,2.047843,2.1002894999999997,3.5529911219709005,,,,,,,,,4.0,7.0,23.0,3.0,6.0,11.0,,,,,,,,,,1,2,0.72878,0.72878,0.39,0.8240000000000001,2.0,0.0,13.0,2.1823566666666667,2.04203,1.6339085,2.7540977793736703,1.9289933333333333,1.737994,1.4058811,2.1409665570430976,0.55,0.558,0.526,0.538360836636316,0.8076666666666666,0.8,0.7817999999999999,0.8375950606273357,7.0,14.0,18.0,3.0,3.0,18.0,5.0,9.0,14.0,0.0,0.0,1.0,38.0,74.0,155.0,1,1.0755000000000001,1.0755000000000001,,,0.017264999999999642,0.005812999999999846,0.6184000000000003,0.7990894848624128,0.27062833333333347,0.3098489999999998,0.6944083999999997,1.412024564927803,,,,,,,,
20230219_Paris Saint Germain_Lille,2023-02-19 12:00:00,2022,Paris Saint Germain,Lille,4,3,2.09603,2.09603,,,,,,2.246100333333333,1.8672132000000001,1.9674046,1.1771490905694433,2.246100333333333,1.8672132000000001,1.8913946000000004,1.1771412448788359,,,,,,,,,6.0,7.0,19.0,5.0,7.0,12.0,,,,,,,,,,3,4,3.20773,2.4477,0.54,0.867,4.0,0.0,4.0,2.58619,2.8270139999999997,2.3375642,3.375025578449319,2.3328266666666675,2.6749959999999997,2.1855452,2.766945792036485,0.6466666666666666,0.6340000000000001,0.626,0.6593819275750302,0.855,0.8640000000000001,0.8554,0.8802479011063837,5.0,10.0,15.0,1.0,3.0,5.0,3.0,6.0,17.0,0.0,0.0,1.0,32.0,62.0,123.0,1,-1.1117000000000004,-0.35167000000000037,,,-0.34008966666666707,-0.9598007999999996,-0.37015960000000003,-2.197876487879876,-0.08672633333333435,-0.8077827999999996,-0.2941505999999996,-1.5898045471576492,,,,,,,,
20230304_Paris Saint Germain_Nantes,2023-03-04 20:00:00,2022,Paris Saint Germain,Nantes,4,2,1.10912,1.10912,,,,,,2.2541603333333327,2.5135721999999996,2.0923616000000003,3.369274763622778,2.254160333333333,2.5135721999999996,2.0163515999999997,3.369274449795154,,,,,,,,,8.0,13.0,19.0,6.0,8.0,14.0,,,,,,,,,,2,4,0.238685,0.238685,0.33,0.8320000000000001,2.0,0.0,17.0,1.4343043333333334,1.4548946,1.21189,2.0420527921068925,1.4343043333333334,1.3028746000000002,1.13588,2.037188151907638,0.49333333333333335,0.492,0.47400000000000003,0.5367902487970792,0.7826666666666666,0.7686,0.7697999999999999,0.7602127540184193,2.0,4.0,8.0,4.0,6.0,6.0,2.0,7.0,15.0,0.0,0.0,0.0,46.0,89.0,201.0,1,0.8704350000000001,0.8704350000000001,,,0.8198559999999993,1.0586775999999996,0.8804716000000004,1.3272219715158853,0.8198559999999997,1.2106975999999994,0.8804715999999997,1.3320862978875159,,,,,,,,
20230319_Paris Saint Germain_Rennes,2023-03-19 16:05:00,2022,Paris Saint Germain,Rennes,0,2,1.70984,1.70984,,,,,,2.501303333333333,2.1065722,2.0598716,2.441238190544911,2.5013033333333334,2.1065722,2.0598716,2.4412381779918064,,,,,,,,,9.0,14.0,22.0,3.0,9.0,13.0,,,,,,,,,,2,0,1.90042,1.90042,0.4,0.85,1.0,0.0,13.0,0.9040759999999994,1.1162596,1.2929979,0.7627951154947692,0.9040759999999994,1.1162596,1.2929979,0.7627951149767076,0.5533333333333332,0.5860000000000001,0.554,0.6428643389094878,0.7943333333333333,0.8188000000000001,0.8201,0.8402833828630201,1.0,4.0,11.0,1.0,4.0,11.0,5.0,6.0,10.0,0.0,0.0,2.0,51.0,78.0,155.0,-1,-0.19057999999999997,-0.19057999999999997,,,1.5972273333333336,0.9903126,0.7668737000000001,1.678443075050142,1.597227333333334,0.9903126,0.7668737000000001,1.6784430630150988,,,,,,,,
20230402_Paris Saint Germain_Lyon,2023-04-02 18:45:00,2022,Paris Saint Germain,Lyon,0,1,1.22372,1.22372,,,,,,1.8267399999999994,2.261956,2.0645846000000003,1.8561196381089824,1.82674,2.261956,2.0645846000000003,1.8561196355983614,,,,,,,,,6.0,13.0,20.0,5.0,8.0,15.0,,,,,,,,,,1,0,2.14851,1.30027,0.38,0.8079999999999999,3.0,0.0,27.0,1.7403400000000004,1.5516298,1.7388739000000002,1.5611954012898972,1.7403400000000004,1.5516298,1.6628639,1.5611950869641076,0.5466666666666667,0.572,0.581,0.6215836957803432,0.8306666666666667,0.8366,0.8234999999999999,0.8545395231379136,4.0,8.0,16.0,4.0,7.0,11.0,5.0,7.0,13.0,0.0,0.0,0.0,44.0,73.0,132.0,-1,-0.92479,-0.07655000000000012,,,0.08639999999999892,0.7103262000000001,0.32571070000000013,0.2949242368190852,0.08639999999999959,0.7103262000000001,0.40172070000000026,0.29492454863425377,,,,,,,,
20230415_Paris Saint Germain_Lens,2023-04-15 19:00:00,2022,Paris Saint Germain,Lens,3,1,1.39403,1.39403,,,,,,1.3942833333333324,1.590646,2.0521091,1.2694719855243592,1.394283333333333,1.590646,2.0521091,1.2694719854239345,,,,,,,,,2.0,8.0,21.0,3.0,6.0,14.0,,,,,,,,,,1,3,1.43462,0.674521,0.38,0.84,0.0,1.0,7.0,1.4714133333333332,1.4071631999999998,1.5671182,1.3520567546995619,1.4714133333333332,1.4071632,1.5671182,1.3520567422453607,0.48000000000000004,0.47000000000000003,0.533,0.5211914358344274,0.827,0.8092,0.8227,0.820846892547039,6.0,11.0,17.0,1.0,2.0,8.0,3.0,7.0,13.0,0.0,0.0,0.0,40.0,64.0,141.0,1,-0.040589999999999904,0.7195090000000001,,,-0.07713000000000081,0.18348280000000017,0.4849909000000001,-0.08258476917520263,-0.07713000000000014,0.18348279999999995,0.4849909000000001,-0.08258475682142619,,,,,,,,
20230430_Paris Saint Germain_Lorient,2023-04-30 15:05:00,2022,Paris Saint Germain,Lorient,1,3,1.76277,1.76277,,,,,,1.4646533333333327,1.465504,1.7860381,1.6743356794209743,1.4646533333333334,1.465504,1.7860381,1.6743356794169573,,,,,,,,,7.0,7.0,21.0,2.0,5.0,14.0,,,,,,,,,,3,1,3.2671,3.2671,0.46,0.884,3.0,0.0,12.0,0.7259143333333333,0.6313120600000001,1.09521733,0.593523109667605,0.47255033333333335,0.47929366,0.94319913,0.471906833003285,0.49000000000000005,0.4680000000000001,0.5029999999999999,0.5329264812568296,0.8180000000000001,0.826,0.8355,0.8342921182158394,1.0,3.0,8.0,4.0,8.0,10.0,4.0,9.0,11.0,0.0,2.0,2.0,72.0,127.0,215.0,-1,-1.5043300000000002,-1.5043300000000002,,,0.7387389999999994,0.8341919399999999,0.69082077,1.0808125697533693,0.992103,0.98621034,0.8428389700000001,1.2024288464136723,,,,,,,,
20230513_Paris Saint Germain_Ajaccio,2023-05-13 19:00:00,2022,Paris Saint Germain,Ajaccio,5,0,2.31569,2.31569,,,,,,2.6062033333333328,2.0923860000000003,2.08994,3.7931766271768392,2.606203333333333,2.0923860000000003,2.08994,3.7931766271766785,,,,,,,,,6.0,11.0,20.0,5.0,6.0,12.0,,,,,,,,,,0,5,0.313564,0.313564,0.27,0.78,1.0,1.0,28.0,0.25511733333333325,0.4453926,0.7555651999999999,0.23736079264085558,0.25511733333333314,0.4453926,0.6795562,0.2373604813077811,0.36000000000000004,0.44399999999999995,0.433,0.3705694919856183,0.7413333333333334,0.7548,0.7253000000000001,0.7482011755810574,0.0,1.0,4.0,3.0,9.0,16.0,7.0,13.0,28.0,1.0,1.0,3.0,69.0,97.0,193.0,1,2.002126,2.002126,,,2.3510859999999996,1.6469934000000004,1.3343748,3.555815834535984,2.351086,1.6469934000000004,1.4103838,3.5558161458688975,,,,,,,,
20230603_Paris Saint Germain_Clermont Foot,2023-06-03 17:00:00,2022,Paris Saint Germain,Clermont Foot,2,3,2.23509,1.47499,,,,,,1.7742933333333326,2.2781700000000003,1.871837,1.3283626930174148,1.7742933333333333,2.2781700000000003,1.871837,1.3283626930174135,,,,,,,,,8.0,12.0,19.0,2.0,6.0,11.0,,,,,,,,,,3,2,2.97907,2.21897,0.46,0.867,1.0,0.0,10.0,1.1493833333333334,1.279438,1.4735647,1.204575324328109,0.8960173333333334,1.1274184000000003,1.0935172000000002,1.1801712412571266,0.47333333333333333,0.45599999999999996,0.493,0.47052161388447655,0.7816666666666667,0.7654000000000001,0.7824,0.7972223972313937,5.0,7.0,16.0,3.0,4.0,9.0,7.0,7.0,15.0,0.0,1.0,3.0,45.0,75.0,147.0,-1,-0.7439800000000001,-0.7439800000000001,,,0.6249099999999992,0.9987320000000002,0.3982722999999999,0.12378736868930584,0.8782759999999998,1.1507516,0.7783197999999998,0.14819145176028692,,,,,,,,
20230812_Paris Saint Germain_Lorient,2023-08-12 18:00:00,2023,Paris Saint Germain,Lorient,0,0,1.36166,1.36166,,,,,,1.7474266666666658,2.372634,1.924362,2.053744538603483,1.49406,2.2206140000000003,1.8483519999999998,1.4456645386034828,,,,,,,,,5.0,13.0,21.0,5.0,6.0,12.0,,,,,,,,,,0,0,0.136269,0.136269,0.22,0.758,0.0,0.0,35.0,0.9541810000000001,0.9350963999999999,1.02159943,0.6018164302790188,0.7008156666666667,0.7830772,0.8695806300000001,0.4801932868373122,0.5166666666666667,0.516,0.491,0.5314286672948004,0.8626666666666667,0.8488,0.8394999999999999,0.8742841786955657,3.0,6.0,11.0,6.0,8.0,16.0,3.0,9.0,19.0,0.0,1.0,2.0,55.0,119.0,230.0,0,1.2253910000000001,1.2253910000000001,,,0.7932456666666657,1.4375376000000002,0.9027625699999999,1.4519281083244644,0.7932443333333332,1.4375368000000002,0.9787713699999997,0.9654712517661705,,,,,,,,
20230826_Paris Saint Germain_Lens,2023-08-26 19:00:00,2023,Paris Saint Germain,Lens,3,1,1.86713,1.86713,,,,,,1.8669666666666658,1.721618,2.013642,1.9033353815441394,1.3602333333333332,1.417578,1.861622,1.2709321815441394,,,,,,,,,3.0,6.0,20.0,4.0,6.0,12.0,,,,,,,,,,1,3,0.487094,0.487094,0.34,0.773,5.0,0.0,8.0,1.8347706666666663,2.0219403999999996,1.9121032,1.3496851368895237,1.8347706666666663,1.8699203999999998,1.6840737000000001,1.344625600976972,0.495,0.5775,0.5188888888888888,0.5018401452119083,0.8305,0.851,0.827,0.8148805535508591,6.0,12.0,21.0,5.0,6.0,11.0,5.0,8.0,16.0,0.0,0.0,2.0,24.0,47.0,150.0,1,1.380036,1.380036,,,0.03219599999999945,-0.30032239999999955,0.10153879999999993,0.5536502446546157,-0.47453733333333314,-0.4523423999999998,0.1775483,-0.07369341943283247,,,,,,,,
20230915_Paris Saint Germain_Nice,2023-09-15 19:00:00,2023,Paris Saint Germain,Nice,2,3,1.21929,1.21929,,,,,,2.9302566666666654,2.477504,2.377837,4.310466215261766,2.4235233333333333,2.021444,2.149807,3.677090087261766,,,,,,,,,8.0,10.0,22.0,3.0,6.0,12.0,,,,,,,,,,3,2,1.94985,1.94985,0.31,0.7559999999999999,5.0,0.0,22.0,2.1792833333333337,1.9929279999999998,2.2688985999999995,2.211297541780412,2.1792833333333337,1.9929279999999998,2.2688986,2.211297541776427,0.5966666666666667,0.5549999999999999,0.5522222222222223,0.6121328766890467,0.8610000000000001,0.84875,0.8423333333333333,0.8519742714530203,3.0,7.0,13.0,1.0,3.0,8.0,4.0,4.0,12.0,0.0,0.0,0.0,20.0,31.0,101.0,-1,-0.7305600000000001,-0.7305600000000001,,,0.7509733333333317,0.48457600000000034,0.10893840000000043,2.0991686734813535,0.24423999999999957,0.028515999999999986,-0.11909159999999996,1.465792545485339,,,,,,,,
20230924_Paris Saint Germain_Marseille,2023-09-24 18:45:00,2023,Paris Saint Germain,Marseille,4,0,2.00222,2.00222,,,,,,2.6686366666666657,2.274344,2.323489,1.837525243052353,2.41527,1.970304,2.095459,1.710850017452353,,,,,,,,,9.0,10.0,23.0,5.0,6.0,12.0,,,,,,,,,,0,4,0.568702,0.568702,0.24,0.6629999999999999,3.0,0.0,25.0,2.4853833333333335,2.092468,1.8120904,1.5035732135499513,2.485383333333333,2.092468,1.7360803999999999,1.5035716567615318,0.5599999999999999,0.534,0.572,0.6072861004976706,0.8246666666666668,0.806,0.8042,0.809195288372843,3.0,7.0,13.0,1.0,4.0,12.0,4.0,7.0,15.0,0.0,0.0,0.0,52.0,103.0,165.0,1,1.4335179999999998,1.4335179999999998,,,0.18325333333333216,0.18187599999999993,0.5113985999999999,0.33395202950240166,-0.07011333333333303,-0.12216400000000016,0.3593786000000001,0.20727836069082128,,,,,,,,
20231021_Paris Saint Germain_Strasbourg,2023-10-21 15:00:00,2023,Paris Saint Germain,Strasbourg,3,0,2.51872,1.75862,,,,,,2.7081033333333324,2.852618,2.289169,3.0620880419444187,2.7081033333333333,2.7005980000000003,2.061139,3.0610746401396187,,,,,,,,,7.0,13.0,20.0,1.0,5.0,11.0,,,,,,,,,,0,3,0.224242,0.224242,0.24,0.706,0.0,0.0,13.0,0.5686443333333339,0.8273553999999999,1.0889265,0.834743172564317,0.5686443333333336,0.8273553999999999,1.0889265,0.8347431576001634,0.46333333333333354,0.442,0.421,0.4395896096872469,0.8263333333333334,0.8116000000000001,0.8143,0.8051882995176846,2.0,4.0,10.0,3.0,7.0,14.0,5.0,10.0,16.0,0.0,0.0,0.0,43.0,80.0,152.0,1,2.2944780000000002,1.534378,,,2.1394589999999987,2.0252626000000005,1.2002424999999999,2.2273448693801017,2.1394589999999996,1.8732426000000004,0.9722124999999999,2.2263314825394556,,,,,,,,
20231103_Paris Saint Germain_Montpellier,2023-11-03 20:00:00,2023,Paris Saint Germain,Montpellier,3,0,1.23178,1.23178,,,,,,2.582699999999999,2.5483,2.4113219999999997,2.204254721677777,2.0309399999999997,2.217244,2.0937740000000002,1.3664541856055847,,,,,,,,,9.0,13.0,23.0,3.0,3.0,9.0,,,,,,,,,,0,3,0.583754,0.583754,0.3,0.768,0.0,0.0,24.0,2.1828776666666667,1.7933986000000002,1.6617069999999998,2.8043092649651093,1.9295143333333342,1.6413806000000002,1.5856980000000003,2.779986322200314,0.43666666666666676,0.44800000000000006,0.46399999999999997,0.3997041788950431,0.7783333333333333,0.7628,0.7612,0.7344848078917623,6.0,8.0,18.0,2.0,4.0,12.0,4.0,12.0,18.0,0.0,0.0,0.0,47.0,93.0,179.0,1,0.6480260000000001,0.6480260000000001,,,0.3998223333333324,0.7549013999999996,0.7496149999999999,-0.6000545432873325,0.10142566666666553,0.5758633999999998,0.508076,-1.4135321365947293,,,,,,,,
20231124_Paris Saint Germain_Monaco,2023-11-24 20:00:00,2023,Paris Saint Germain,Monaco,5,2,2.61317,1.85307,,,,,,1.990199999999999,2.324046,2.461954,2.397534988867111,1.6918066666666665,1.99299,2.2204159999999997,2.3640229674242237,,,,,,,,,9.0,15.0,28.0,2.0,3.0,8.0,,,,,,,,,,2,5,1.52014,1.52014,0.46,0.797,1.0,0.0,22.0,0.9956193333333333,1.3414736,1.7773358000000001,0.9975996910388851,0.9956193333333335,1.3414736,1.6253167000000002,0.9975218571600585,0.5566666666666666,0.576,0.5650000000000001,0.5940221482611768,0.802,0.8004,0.8093,0.8250598916208189,2.0,7.0,18.0,2.0,4.0,12.0,7.0,11.0,23.0,0.0,0.0,0.0,60.0,97.0,155.0,1,1.0930300000000002,0.33292999999999995,,,0.9945806666666658,0.9825724,0.6846181999999998,1.399935297828226,0.6961873333333329,0.6515164,0.5950992999999996,1.3665011102641653,,,,,,,,
20231209_Paris Saint Germain_Nantes,2023-12-09 20:00:00,2023,Paris Saint Germain,Nantes,2,1,2.15633,2.15633,,,,,,2.338533333333333,2.06917,2.220817,1.9236725995546844,2.0851666666666664,1.7381140000000002,1.979279,1.8007161186969691,,,,,,,,,10.0,16.0,28.0,2.0,4.0,8.0,,,,,,,,,,1,2,0.483837,0.483837,0.35,0.8059999999999999,3.0,0.0,23.0,1.5629233333333332,1.490842,1.5743745,1.2943764975964809,1.5629233333333332,1.4908420000000002,1.4983644999999999,1.2943749279601453,0.5499999999999999,0.522,0.509,0.42668934009729564,0.8136666666666666,0.8078,0.8037000000000001,0.8036149004401181,2.0,2.0,13.0,3.0,8.0,15.0,4.0,7.0,19.0,0.0,0.0,1.0,36.0,65.0,166.0,1,1.672493,1.672493,,,0.7756099999999997,0.5783280000000002,0.6464424999999998,0.6292961019582035,0.5222433333333332,0.24727199999999994,0.48091450000000013,0.5063411907368238,,,,,,,,
20231220_Paris Saint Germain_Metz,2023-12-20 20:00:00,2023,Paris Saint Germain,Metz,3,1,2.18199,2.18199,,,,,,1.7705466666666656,2.113032,2.253622,1.5365437039821872,1.5171806666666665,1.8089924,1.9360741999999997,0.9235470447478786,,,,,,,,,5.0,13.0,25.0,2.0,4.0,7.0,,,,,,,,,,1,3,0.149111,0.149111,0.26,0.732,1.0,0.0,16.0,1.1135483333333331,1.2270574,0.885501,0.853948282044658,0.6024746666666666,0.7683932,0.6561688999999999,0.8000205700406726,0.4000000000000001,0.374,0.354,0.48265914676156746,0.7323333333333334,0.724,0.727,0.7279771124306883,0.0,6.0,8.0,4.0,7.0,14.0,5.0,6.0,12.0,0.0,0.0,0.0,68.0,125.0,236.0,1,2.032879,2.032879,,,0.6569983333333325,0.8859746,1.368121,0.6825954219375292,0.9147059999999999,1.0405992,1.2799052999999998,0.12352647470720601,,,,,,,,
20240128_Paris Saint Germain_Brest,2024-01-28 19:45:00,2023,Paris Saint Germain,Brest,2,2,1.89797,1.89797,,,,,,1.7929966666666657,1.85948,2.0399890000000003,1.8535961481592875,1.5396306666666664,1.7074604,1.7224412,1.829076281789915,,,,,,,,,6.0,10.0,27.0,2.0,3.0,7.0,,,,,,,,,,2,2,1.07348,1.07348,0.46,0.821,3.0,0.0,13.0,2.5816933333333334,1.7916733999999999,1.5690996,3.793353556088615,2.5816933333333334,1.7916733999999999,1.4930903,3.7931589722788615,0.5766666666666668,0.6020000000000001,0.5599999999999999,0.6353255030474863,0.8253333333333334,0.8198000000000001,0.7986,0.8328337150111462,8.0,10.0,18.0,0.0,1.0,8.0,5.0,8.0,21.0,0.0,0.0,1.0,60.0,92.0,183.0,0,0.82449,0.82449,,,-0.7886966666666677,0.06780660000000016,0.47088940000000035,-1.9397574079293274,-1.042062666666667,-0.08421299999999987,0.22935090000000002,-1.9640826904889463,,,,,,,,
20240210_Paris Saint Germain_Lille,2024-02-10 20:00:00,2023,Paris Saint Germain,Lille,3,1,2.43098,2.43098,,,,,,1.8694266666666657,1.8367,1.9587210000000002,1.9030510459263712,1.6160599999999998,1.5326604,1.7306912,1.2939902512715964,,,,,,,,,6.0,10.0,25.0,3.0,5.0,8.0,,,,,,,,,,1,3,1.48271,1.48271,0.48,0.8270000000000001,3.0,0.0,14.0,2.0402086666666666,1.7821626000000002,1.7313017000000002,2.1597402121568066,2.040208666666667,1.7821626000000002,1.6552917,2.1597012950368035,0.61,0.5840000000000001,0.576,0.6024925777330963,0.8706666666666667,0.8518000000000001,0.8470000000000001,0.866331813827103,7.0,9.0,14.0,0.0,3.0,4.0,4.0,7.0,17.0,1.0,1.0,1.0,32.0,83.0,146.0,1,0.94827,0.94827,,,-0.17078200000000088,0.05453739999999985,0.2274193,-0.25668916623043536,-0.4241486666666672,-0.24950220000000023,0.07539950000000006,-0.8657110437652071,,,,,,,,
20240225_Paris Saint Germain_Rennes,2024-02-25 16:05:00,2023,Paris Saint Germain,Rennes,1,1,1.88699,1.12689,,,,,,2.0188233333333323,1.9516419999999997,1.9865009999999999,1.840238841837055,1.512093,1.6476038,1.6824621,1.2078036100508638,,,,,,,,,7.0,11.0,24.0,2.0,4.0,9.0,,,,,,,,,,1,1,0.982428,0.982428,0.34,0.753,3.0,0.0,23.0,2.556503333333333,2.173858,1.8833315,3.6898902576989223,2.0342999999999996,1.7085160000000001,1.4986415000000002,3.0191760807374646,0.5066666666666667,0.4640000000000001,0.48100000000000004,0.524002853586997,0.8186666666666667,0.8081999999999999,0.7954,0.8496828246220635,6.0,11.0,18.0,2.0,4.0,10.0,6.0,9.0,21.0,0.0,0.0,1.0,64.0,112.0,197.0,0,0.904562,0.14446199999999998,,,-0.5376800000000008,-0.2222160000000004,0.10316949999999991,-1.8496514158618673,-0.5222069999999996,-0.060912200000000194,0.18382059999999978,-1.8113724706866008,,,,,,,,
20240310_Paris Saint Germain_Reims,2024-03-10 12:00:00,2023,Paris Saint Germain,Reims,2,2,1.53515,1.53515,,,,,,1.8177166666666658,1.9581339999999998,1.9223960000000002,1.8532959536734823,1.310986333333333,1.5020758,1.6183571,1.7063825444020346,,,,,,,,,3.0,8.0,18.0,1.0,3.0,8.0,,,,,,,,,,2,2,1.51893,1.51893,0.36,0.765,2.0,0.0,17.0,1.5814660000000005,1.5877316000000001,1.4502807,0.9779187884109841,1.3281026666666669,1.4357136000000001,1.3742717,0.8563043884069976,0.5333333333333332,0.5660000000000001,0.5439999999999999,0.5578161401611302,0.8119999999999999,0.8155999999999999,0.8096,0.8177255303669562,3.0,5.0,10.0,3.0,8.0,13.0,9.0,12.0,22.0,1.0,1.0,1.0,50.0,75.0,165.0,0,0.016220000000000123,0.016220000000000123,,,0.23625066666666528,0.3704023999999997,0.47211530000000024,0.8753771652624982,-0.017116333333333955,0.06636219999999993,0.24408540000000012,0.850078155995037,,,,,,,,
20240406_Paris Saint Germain_Clermont Foot,2024-04-06 19:00:00,2023,Paris Saint Germain,Clermont Foot,1,1,2.57381,2.57381,,,,,,1.839266666666666,1.8504,1.9010209999999996,1.8145639676293879,1.8392666666666664,1.6983799999999998,1.6729919,1.8133886603552163,,,,,,,,,10.0,11.0,22.0,4.0,5.0,9.0,,,,,,,,,,1,1,0.28144,0.28144,0.27,0.7390000000000001,0.0,0.0,46.0,0.9003076666666666,1.180207,1.1416968,0.9345688479709364,0.6469440000000001,0.8761688000000001,0.9896777,0.811981359966951,0.5366666666666667,0.49400000000000005,0.48100000000000004,0.5286228953522176,0.7923333333333334,0.7889999999999999,0.7907,0.7921271222479556,2.0,3.0,8.0,5.0,10.0,20.0,9.0,12.0,17.0,1.0,1.0,3.0,62.0,109.0,203.0,0,2.29237,2.29237,,,0.9389589999999993,0.670193,0.7593241999999996,0.8799951196584515,1.1923226666666662,0.8222111999999997,0.6833142,1.0014073003882653,,,,,,,,
20240421_Paris Saint Germain_Lyon,2024-04-21 19:00:00,2023,Paris Saint Germain,Lyon,4,1,3.09132,3.09132,,,,,,2.185486666666666,1.9877639999999999,1.978025,2.421960793525878,2.1854866666666664,1.9877639999999999,1.7499959,2.4217257320710432,,,,,,,,,9.0,11.0,21.0,3.0,5.0,10.0,,,,,,,,,,1,4,0.667233,0.667233,0.37,0.847,0.0,0.0,12.0,2.2943566666666677,2.152026,1.8169887,2.0250945399252633,2.0409900000000003,2.000006,1.7409787,1.4170145399252616,0.5866666666666666,0.556,0.527,0.5416240024605462,0.8313333333333333,0.8352,0.8186,0.8148726352277982,8.0,13.0,19.0,5.0,7.0,12.0,9.0,11.0,17.0,1.0,1.0,2.0,41.0,73.0,176.0,1,2.424087,2.424087,,,-0.1088700000000018,-0.16426200000000035,0.1610362999999999,0.39686625360061445,0.14449666666666605,-0.012242000000000086,0.009017199999999947,1.0047111921457816,,,,,,,,
20240427_Paris Saint Germain_Le Havre,2024-04-27 19:00:00,2023,Paris Saint Germain,Le Havre,3,3,2.25829,2.25829,,,,,,2.547756666666666,2.3251839999999997,2.10452,2.174001631741035,2.5477566666666664,2.325184,1.9525009,2.1739922292828417,,,,,,,,,9.0,17.0,25.0,3.0,5.0,9.0,,,,,,,,,,3,3,1.21268,0.452581,0.23,0.643,1.0,0.0,35.0,1.2667803333333334,1.1259646,1.0696552000000001,0.8317943315776749,1.0134379999999998,0.9739592,0.9176427,0.8074656716210531,0.5066666666666667,0.5279999999999999,0.491,0.6020080824182801,0.7563333333333334,0.7712000000000001,0.7675000000000001,0.7693840161537762,1.0,2.0,4.0,3.0,7.0,14.0,10.0,17.0,27.0,0.0,1.0,1.0,65.0,90.0,168.0,0,1.0456100000000002,1.8057090000000002,,,1.2809763333333326,1.1992193999999996,1.0348647999999998,1.34220730016336,1.5343186666666666,1.3512248000000002,1.0348582,1.3665265576617887,,,,,,,,
20240512_Paris Saint Germain_Toulouse,2024-05-12 19:00:00,2023,Paris Saint Germain,Toulouse,1,3,1.50414,1.50414,,,,,,2.4425833333333324,2.328246,2.0872509999999997,2.241432326348207,2.442583333333333,2.328246,1.9352319000000002,2.2414304458565684,,,,,,,,,11.0,14.0,25.0,5.0,6.0,11.0,,,,,,,,,,3,1,1.71089,1.71089,0.36,0.7929999999999999,0.0,0.0,11.0,1.6251756666666666,1.2969002,1.4518289,1.974166371033781,1.625175666666667,1.2969002,1.2237999,1.9739325564475803,0.5299999999999999,0.5039999999999999,0.47400000000000003,0.6023614970769829,0.816,0.8112,0.7994999999999999,0.8186774611169941,5.0,7.0,17.0,5.0,6.0,12.0,7.0,12.0,20.0,1.0,1.0,1.0,47.0,83.0,178.0,-1,-0.20675,-0.20675,,,0.8174076666666659,1.0313458,0.6354220999999998,0.2672659553144263,0.8174076666666659,1.0313458,0.7114320000000003,0.2674978894089881,,,,,,,,
20220814_Reims_Clermont Foot,2022-08-14 13:00:00,2022,Reims,Clermont Foot,2,4,2.65438,1.13419,0.42,0.745,3.0,1.0,11.0,0.6419793333333333,0.6019548,0.7274283,0.7380647665166004,0.6419793333333333,0.6019548,0.7274283,0.738064766516594,0.4733333333333334,0.462,0.45599999999999996,0.45836509591210456,0.8193333333333334,0.8034000000000001,0.8053000000000001,0.764818758509749,2.0,4.0,8.0,10.0,13.0,18.0,1.0,4.0,13.0,1.0,1.0,3.0,56.0,97.0,176.0,4,2,1.56704,0.806943,0.58,0.831,3.0,0.0,9.0,0.194932,0.194932,0.194932,0.194932,0.194932,0.194932,0.194932,0.194932,0.38,0.38,0.38,0.38,0.836,0.836,0.836,0.836,0.0,0.0,0.0,5.0,5.0,5.0,2.0,2.0,2.0,0.0,0.0,0.0,17.0,17.0,17.0,-1,1.0873400000000002,0.32724700000000007,-0.15999999999999998,-0.08599999999999997,0.44704733333333335,0.4070228,0.5324963,0.5431327665166004,0.44704733333333335,0.4070228,0.5324963,0.543132766516594,0.09333333333333338,0.08200000000000002,0.07599999999999996,0.07836509591210455,-0.016666666666666607,-0.03259999999999985,-0.03069999999999984,-0.07118124149025096
20220828_Reims_Lyon,2022-08-28 15:05:00,2022,Reims,Lyon,1,1,0.889087,0.889087,0.26,0.643,1.0,1.0,38.0,1.7885113333333333,1.3230756000000001,0.9587273,2.0822713906606642,1.2817813333333332,1.0190376,0.8067083,1.839040990660664,0.41,0.442,0.446,0.38153460383648413,0.7386666666666666,0.7866,0.7934,0.7337927503403898,4.0,5.0,8.0,9.0,15.0,21.0,7.0,8.0,17.0,1.0,2.0,3.0,52.0,86.0,172.0,1,1,1.37054,1.37054,0.74,0.841,1.0,0.0,6.0,2.243596666666667,2.842972,2.2771391000000003,3.200755481170555,1.9902300000000004,2.538932,2.0491101,3.078158769749328,0.6266666666666667,0.608,0.5660000000000001,0.6573664739044591,0.856,0.8532,0.8256,0.8759238271403289,8.0,17.0,28.0,5.0,8.0,15.0,2.0,4.0,12.0,1.0,1.0,5.0,30.0,42.0,108.0,0,-0.48145300000000013,-0.48145300000000013,-0.48,-0.19799999999999995,-0.45508533333333356,-1.5198964,-1.3184118000000002,-1.1184840905098907,-0.7084486666666672,-1.5198943999999999,-1.2424018000000001,-1.239117779088664,-0.21666666666666673,-0.16599999999999998,-0.12000000000000005,-0.275831870067975,-0.1173333333333334,-0.06659999999999999,-0.032200000000000006,-0.14213107679993908
20220904_Reims_Lens,2022-09-04 13:00:00,2022,Reims,Lens,1,1,1.75851,1.75851,0.37,0.7929999999999999,2.0,0.0,15.0,1.7588323333333336,1.7213942,1.1645268999999998,2.1074247756264266,1.505469,1.2653382,0.9364988999999999,1.4896235596264265,0.35333333333333333,0.384,0.421,0.4008613841534594,0.7043333333333334,0.7198,0.7704000000000001,0.7242317100136155,6.0,9.0,13.0,4.0,12.0,24.0,11.0,14.0,20.0,2.0,3.0,5.0,66.0,99.0,192.0,1,1,2.234,2.234,0.63,0.872,2.0,1.0,14.0,2.209213333333333,2.194398,1.5944576,2.6838899513555856,1.9558466666666663,1.8903579999999998,1.4424375999999999,2.65859373616361,0.5433333333333333,0.576,0.5229999999999999,0.5678862816220994,0.8653333333333334,0.853,0.8276999999999999,0.8878961412769478,11.0,14.0,17.0,4.0,6.0,15.0,1.0,5.0,16.0,0.0,0.0,2.0,44.0,70.0,162.0,0,-0.47548999999999997,-0.47548999999999997,-0.26,-0.07900000000000007,-0.4503809999999995,-0.4730038000000001,-0.4299307000000001,-0.576465175729159,-0.45037766666666634,-0.6250197999999998,-0.5059387,-1.1689701765371834,-0.19,-0.19199999999999995,-0.10199999999999992,-0.16702489746864002,-0.16100000000000003,-0.13319999999999999,-0.057299999999999796,-0.1636644312633323
20220918_Reims_Monaco,2022-09-18 11:00:00,2022,Reims,Monaco,0,3,0.302274,0.302274,0.33,0.6829999999999999,3.0,1.0,26.0,1.524088,1.4992822000000001,1.2509094,0.7347817910250569,1.270724666666667,1.3472642,1.0228814000000002,0.710069742385057,0.44333333333333336,0.392,0.42000000000000004,0.4992344553661384,0.7566666666666667,0.7285999999999999,0.7646,0.7454492684005446,5.0,7.0,11.0,4.0,6.0,21.0,10.0,15.0,20.0,2.0,3.0,5.0,31.0,88.0,166.0,3,0,2.06526,2.06526,0.67,0.84,3.0,0.0,12.0,1.5033466666666664,1.4053508,1.5780744,1.5652806480926498,1.503346666666667,1.4053508,1.5020653999999998,1.565086001471959,0.4633333333333334,0.43600000000000005,0.465,0.408262236236586,0.787,0.7941999999999999,0.7886,0.7482176060076502,5.0,7.0,13.0,5.0,10.0,13.0,5.0,13.0,22.0,1.0,2.0,3.0,67.0,89.0,162.0,-1,-1.762986,-1.762986,-0.34,-0.15700000000000003,0.020741333333333722,0.09393140000000022,-0.32716499999999993,-0.8304988570675929,-0.2326220000000001,-0.05808659999999999,-0.4791839999999996,-0.8550162590869019,-0.020000000000000018,-0.04400000000000004,-0.044999999999999984,0.09097221912955245,-0.030333333333333323,-0.06559999999999999,-0.02400000000000002,-0.0027683376071055976
20221008_Reims_Paris Saint Germain,2022-10-08 19:00:00,2022,Reims,Paris Saint Germain,0,0,1.91846,1.91846,0.37,0.8029999999999999,3.0,0.0,8.0,0.7513793333333334,1.2729996,1.3817809,1.2701231116410021,0.7513793333333334,1.1209816,1.1537529000000002,1.2691346296954022,0.39333333333333337,0.396,0.403,0.3287693782146455,0.7116666666666666,0.7335999999999999,0.7392,0.7110979707360217,2.0,7.0,13.0,6.0,9.0,21.0,7.0,15.0,24.0,3.0,4.0,6.0,72.0,96.0,196.0,0,0,1.06607,1.06607,,,,,,1.4307756666666664,2.3453614000000003,2.8287156999999996,0.9396574436033748,1.4307756666666667,2.3453614,2.5246787,0.9394469071673268,,,,,,,,,4.0,10.0,30.0,1.0,1.0,5.0,,,,,,,,,,0,0.85239,0.85239,,,-0.679396333333333,-1.0723618000000004,-1.4469347999999995,0.33046566803762734,-0.6793963333333333,-1.2243798,-1.3709257999999998,0.32968772252807543,,,,,,,,
20221023_Reims_Auxerre,2022-10-23 13:00:00,2022,Reims,Auxerre,2,1,2.48368,2.48368,0.54,0.775,4.0,0.0,13.0,1.258466,0.9078152000000002,1.4228463,0.65094092446564,1.258466,0.9078152000000002,1.1948183,0.650901385187816,0.4033333333333333,0.41400000000000003,0.392,0.4883507751285858,0.7656666666666667,0.7434,0.7368,0.7801239188294409,2.0,2.0,11.0,2.0,6.0,15.0,8.0,13.0,29.0,3.0,5.0,8.0,62.0,95.0,187.0,1,2,0.472065,0.472065,0.46,0.742,0.0,0.0,23.0,0.9157116666666667,1.0918096,0.9454075999999999,0.6375188050417664,0.6623483333333334,0.9397916000000001,0.7933892,0.6131943683692543,0.48333333333333334,0.506,0.457,0.462957179904,0.8156666666666667,0.8168000000000001,0.7979999999999999,0.7882798883840001,3.0,4.0,10.0,4.0,12.0,19.0,3.0,7.0,18.0,1.0,1.0,4.0,58.0,81.0,214.0,1,2.011615,2.011615,0.08000000000000002,0.03300000000000003,0.3427543333333334,-0.18399439999999978,0.4774387000000001,0.013422119423873613,0.5961176666666667,-0.031976399999999905,0.4014291000000001,0.0377070168185617,-0.08000000000000002,-0.09199999999999997,-0.065,0.02539359522458584,-0.04999999999999993,-0.07340000000000013,-0.06119999999999992,-0.008155969554559217
20221106_Reims_Nantes,2022-11-06 14:00:00,2022,Reims,Nantes,1,0,3.70953,2.94943,0.57,0.785,2.0,0.0,19.0,1.2777190000000003,1.4484154,1.3005702,1.2098256369786256,1.2777190000000003,1.4484154,1.2245612,1.2098240554075126,0.5166666666666666,0.44800000000000006,0.41600000000000004,0.49793403100514344,0.765,0.7626,0.7409,0.7480049567531776,2.0,4.0,10.0,1.0,3.0,11.0,8.0,13.0,27.0,2.0,3.0,7.0,42.0,89.0,184.0,0,1,0.506816,0.506816,0.43,0.703,4.0,1.0,21.0,2.2286033333333335,1.5063374,1.169585,1.879947775827711,1.7218733333333331,1.2022993999999998,1.017566,1.8313016335421428,0.47666666666666674,0.47400000000000003,0.475,0.5152243938896403,0.7836666666666666,0.777,0.796,0.7870281413266474,6.0,7.0,13.0,3.0,10.0,18.0,4.0,5.0,13.0,2.0,2.0,3.0,53.0,81.0,159.0,1,3.202714,2.442614,0.13999999999999996,0.08200000000000007,-0.9508843333333332,-0.05792200000000003,0.1309851999999998,-0.6701221388490854,-0.4441543333333329,0.24611600000000022,0.20699519999999993,-0.6214775781346302,0.03999999999999987,-0.025999999999999968,-0.05899999999999994,-0.017290362884496813,-0.01866666666666661,-0.01440000000000008,-0.05510000000000004,-0.03902318457346987
20221229_Reims_Rennes,2022-12-29 18:00:00,2022,Reims,Rennes,3,1,1.37243,1.37243,0.34,0.6829999999999999,2.0,0.0,14.0,2.272969666666667,1.9338134,1.5600175,2.343021825479145,2.0196030000000005,1.7817934000000002,1.4840075000000001,2.2214057622163006,0.5233333333333333,0.526,0.45499999999999996,0.5191173612402057,0.7450000000000001,0.7578,0.752,0.7227201982701271,2.0,4.0,7.0,1.0,2.0,9.0,5.0,12.0,24.0,0.0,2.0,5.0,68.0,96.0,191.0,1,3,1.56704,1.56704,0.66,0.823,2.0,0.0,15.0,1.4291859999999996,1.6874156,2.0739836,1.7543801660510543,1.1758207999999997,1.3833784800000002,1.9219650400000003,1.627900294051054,0.4633333333333333,0.49799999999999994,0.526,0.4515741750453344,0.7816666666666667,0.7972,0.8068,0.7772920165797246,6.0,11.0,24.0,2.0,5.0,8.0,2.0,5.0,15.0,1.0,1.0,2.0,55.0,89.0,159.0,1,-0.19460999999999995,-0.19460999999999995,-0.32,-0.14,0.8437836666666674,0.2463978,-0.5139661,0.5886416594280905,0.8437822000000008,0.39841492,-0.4379575400000002,0.5935054681652465,0.06,0.02800000000000008,-0.07100000000000006,0.06754318619487126,-0.036666666666666625,-0.03939999999999999,-0.05479999999999996,-0.05457181830959745
20230115_Reims_Nice,2023-01-15 14:00:00,2022,Reims,Nice,0,0,0.97535,0.97535,0.51,0.8170000000000001,1.0,0.0,6.0,1.257036666666667,1.9214040000000001,1.6849097,1.190572334603833,1.257036666666667,1.769384,1.6088996999999998,1.1895994060977304,0.4166666666666667,0.466,0.457,0.4934329388899217,0.7279999999999999,0.7356,0.7491000000000001,0.7253977615861609,5.0,7.0,11.0,2.0,3.0,6.0,6.0,10.0,23.0,0.0,0.0,3.0,51.0,105.0,194.0,0,0,0.670589,0.670589,0.49,0.8190000000000001,1.0,0.0,19.0,1.689425,1.5185195999999999,1.6186235,2.8955280399901904,1.689425,1.3665002,1.3905939999999999,2.8906229444875358,0.45666666666666655,0.45999999999999996,0.5109999999999999,0.5411890614136102,0.8113333333333334,0.8166,0.8369,0.8292703525935412,7.0,9.0,17.0,3.0,4.0,11.0,4.0,5.0,11.0,0.0,0.0,0.0,55.0,99.0,170.0,0,0.30476100000000006,0.30476100000000006,0.020000000000000018,-0.0020000000000000018,-0.43238833333333293,0.40288440000000025,0.06628619999999996,-1.7049557053863573,-0.43238833333333293,0.4028838000000001,0.21830569999999994,-1.7010235383898054,-0.03999999999999987,0.006000000000000061,-0.05399999999999988,-0.04775612252368855,-0.08333333333333348,-0.08099999999999996,-0.08779999999999988,-0.10387259100738033
20230201_Reims_Lorient,2023-02-01 18:00:00,2022,Reims,Lorient,4,2,3.61381,2.85371,0.58,0.8740000000000001,1.0,0.0,13.0,1.2571800000000004,1.275992,1.6049027000000002,1.5104788933841533,1.2571800000000004,1.275992,1.5288927,1.5104399762439091,0.48,0.434,0.48,0.4293373175555969,0.7920000000000001,0.7689999999999999,0.7634000000000001,0.8349359104634465,2.0,6.0,10.0,1.0,3.0,5.0,5.0,8.0,20.0,0.0,0.0,2.0,42.0,66.0,162.0,2,4,0.706803,0.706803,0.42,0.7879999999999999,0.0,0.0,20.0,0.9626756666666667,0.8921013999999999,1.0027614,0.9195306295582644,0.9626756666666667,0.8921013999999999,1.0027614,0.9195306295571471,0.3566666666666667,0.426,0.44299999999999995,0.33309317088476187,0.758,0.78,0.7952,0.7617888786635874,5.0,7.0,12.0,6.0,9.0,16.0,2.0,5.0,8.0,0.0,0.0,0.0,94.0,115.0,226.0,1,2.907007,2.146907,0.15999999999999998,0.08600000000000019,0.2945043333333337,0.3838906000000001,0.6021413000000002,0.5909482638258889,0.2945043333333337,0.3838906000000001,0.5261313000000001,0.590909346686762,0.1233333333333333,0.008000000000000007,0.03700000000000003,0.09624414667083503,0.03400000000000014,-0.01100000000000012,-0.03179999999999994,0.07314703179985915
20230212_Reims_Troyes,2023-02-12 14:00:00,2022,Reims,Troyes,4,0,2.10651,2.10651,0.53,0.77,1.0,0.0,11.0,1.884464666666667,1.5582867999999999,1.7218763,0.9634959557353661,1.6310980000000004,1.4062668,1.5698563,0.8418783990497563,0.5299999999999999,0.524,0.492,0.5899734927022239,0.8363333333333335,0.8082,0.7745,0.8060374364185379,5.0,6.0,12.0,3.0,3.0,6.0,2.0,6.0,14.0,0.0,0.0,0.0,51.0,84.0,176.0,0,4,0.569562,0.569562,0.47,0.741,2.0,0.0,20.0,0.963882,0.8161564,0.959501,0.7975577074233808,0.710517,0.6641373999999999,0.8834915000000001,0.6759425074225505,0.38000000000000006,0.358,0.40800000000000003,0.4193088261207309,0.7486666666666667,0.7732,0.7864,0.791191840532146,3.0,4.0,12.0,8.0,15.0,24.0,5.0,7.0,16.0,0.0,0.0,1.0,75.0,104.0,208.0,1,1.5369480000000002,1.5369480000000002,0.06000000000000005,0.029000000000000026,0.9205826666666669,0.7421303999999999,0.7623752999999999,0.16593824831198523,0.9205810000000004,0.7421294000000002,0.6863648,0.1659358916272058,0.14999999999999986,0.16600000000000004,0.08399999999999996,0.17066466658149299,0.08766666666666678,0.03500000000000003,-0.011900000000000022,0.014845595886391894
20230226_Reims_Toulouse,2023-02-26 14:00:00,2022,Reims,Toulouse,3,0,2.17445,2.17445,0.47,0.7979999999999999,0.0,0.0,17.0,1.2665813333333336,1.8094107999999998,1.5919893999999999,1.4053014382294147,0.9778260000000003,1.4841376,1.4293528,0.7074239359619903,0.5366666666666666,0.52,0.487,0.49239893970808896,0.7919999999999999,0.8188000000000001,0.7804,0.8074414974567415,4.0,9.0,15.0,0.0,3.0,6.0,2.0,4.0,13.0,0.0,0.0,0.0,69.0,91.0,183.0,0,3,0.52285,0.52285,0.53,0.7959999999999999,0.0,0.0,16.0,1.8466533333333333,2.107882,1.859769,2.1579649422349894,1.8466533333333335,1.955864,1.6317416000000002,2.1530598924563447,0.41,0.44799999999999995,0.5050000000000001,0.48398688669309053,0.7963333333333334,0.7976000000000001,0.7958000000000001,0.8089087604850187,6.0,12.0,22.0,6.0,8.0,17.0,3.0,6.0,14.0,0.0,0.0,0.0,62.0,86.0,159.0,1,1.6516000000000002,1.6516000000000002,-0.06000000000000005,0.0020000000000000018,-0.5800719999999997,-0.29847120000000027,-0.2677796000000001,-0.7526635040055747,-0.8688273333333332,-0.4717264000000001,-0.20238880000000026,-1.4456359564943544,0.12666666666666665,0.07200000000000006,-0.018000000000000127,0.008412053014998422,-0.004333333333333522,0.021199999999999997,-0.01540000000000008,-0.0014672630282771548
20230305_Reims_Ajaccio,2023-03-05 14:00:00,2022,Reims,Ajaccio,1,0,0.40953,0.40953,0.64,0.8,2.0,0.0,8.0,1.856036666666667,1.9176008,1.5967964,2.020620287645883,1.5672813333333337,1.5923276000000002,1.4341598000000002,1.8810447871923983,0.49333333333333335,0.532,0.483,0.47447978794161777,0.7943333333333333,0.8096,0.7893,0.7998882994913482,7.0,11.0,17.0,0.0,2.0,5.0,2.0,3.0,11.0,0.0,0.0,0.0,57.0,99.0,165.0,0,1,0.36989,0.36989,0.36,0.684,4.0,0.0,34.0,1.6009056666666666,1.2426596,1.04178779,3.2628466710837847,1.3475423333333332,1.0906416,0.88976899,2.654774260021172,0.44,0.47000000000000003,0.453,0.49903441062619147,0.7789999999999999,0.7558,0.7312000000000001,0.7650567525164004,2.0,4.0,6.0,7.0,10.0,22.0,4.0,8.0,17.0,0.0,1.0,1.0,39.0,70.0,143.0,1,0.03964000000000001,0.03964000000000001,0.28,0.11599999999999999,0.25513100000000044,0.6749411999999999,0.5550086099999998,-1.2422263834379015,0.21973900000000057,0.5016860000000001,0.5443908100000002,-0.7737294728287736,0.053333333333333344,0.062,0.02999999999999997,-0.0245546226845737,0.015333333333333421,0.05379999999999996,0.05809999999999993,0.034831546974947836
20230319_Reims_Marseille,2023-03-19 19:45:00,2022,Reims,Marseille,1,2,1.91783,1.91783,0.55,0.7709999999999999,2.0,0.0,15.0,1.4675833333333337,1.559282,1.5587844,1.6013656115058355,1.4675833333333337,1.3860288,1.3961478,1.595782591487696,0.54,0.526,0.525,0.5293791915176647,0.7953333333333333,0.7941999999999999,0.8012,0.7903955319796538,5.0,9.0,15.0,0.0,0.0,3.0,4.0,6.0,12.0,0.0,0.0,0.0,47.0,87.0,171.0,2,1,1.39201,1.39201,0.45,0.7120000000000001,3.0,0.0,34.0,1.8074666666666666,1.7499499999999997,1.976206,1.6607878576198216,1.5541016666666663,1.4459129999999998,1.8241875,1.0517389299655457,0.46666666666666656,0.5,0.563,0.4213297045475509,0.7693333333333333,0.7854,0.8100000000000002,0.7326883333845935,3.0,8.0,17.0,5.0,7.0,12.0,1.0,6.0,15.0,1.0,1.0,1.0,54.0,77.0,135.0,-1,0.52582,0.52582,0.10000000000000003,0.05899999999999983,-0.33988333333333287,-0.19066799999999962,-0.41742159999999995,-0.059422246113986166,-0.08651833333333259,-0.05988419999999972,-0.4280397,0.5440436615221502,0.07333333333333347,0.026000000000000023,-0.03799999999999992,0.10804948697011374,0.026000000000000023,0.008799999999999919,-0.008800000000000141,0.05770719859506035
20230409_Reims_Brest,2023-04-09 13:00:00,2022,Reims,Brest,1,1,3.26526,2.50523,0.61,0.778,0.0,0.0,9.0,1.9138966666666668,1.6651339999999997,1.7372724000000002,1.9749794244602334,1.9138966666666668,1.6651340000000001,1.5746357999999998,1.9747561036595078,0.5266666666666667,0.538,0.529,0.5251751676607066,0.773,0.7834,0.8010999999999999,0.7629758212791862,5.0,9.0,18.0,2.0,2.0,5.0,6.0,8.0,12.0,0.0,0.0,0.0,59.0,84.0,175.0,1,1,1.11133,1.11133,0.39,0.6970000000000001,1.0,0.0,33.0,1.1276606666666669,0.834093,0.9706821,1.391300214987329,0.8742973333333331,0.682075,0.8946731,1.2696858147872772,0.43666666666666676,0.4,0.404,0.4250645497515053,0.793,0.743,0.7484,0.7849096543446255,6.0,8.0,14.0,5.0,7.0,13.0,4.0,7.0,14.0,0.0,1.0,1.0,51.0,119.0,241.0,0,2.15393,1.3939000000000001,0.21999999999999997,0.08099999999999996,0.7862359999999999,0.8310409999999997,0.7665903000000002,0.5836792094729044,1.0395993333333338,0.9830590000000001,0.6799626999999998,0.7050702888722307,0.08999999999999997,0.138,0.125,0.10011061790920128,-0.020000000000000018,0.04039999999999999,0.05269999999999997,-0.02193383306543928
20230423_Reims_Strasbourg,2023-04-23 11:00:00,2022,Reims,Strasbourg,0,2,1.13179,1.13179,0.73,0.802,2.0,0.0,12.0,1.8714083333333333,1.8701649999999996,1.5734549,0.8765407769784093,1.6180650000000003,1.718159,1.4108253,0.7549270441463802,0.5399999999999999,0.536,0.54,0.5106070067064282,0.7623333333333333,0.7692,0.7819999999999999,0.7541990328511675,4.0,6.0,14.0,4.0,6.0,6.0,4.0,8.0,12.0,0.0,0.0,0.0,46.0,83.0,177.0,2,0,1.33348,1.33348,0.27,0.53,1.0,0.0,31.0,1.2426990000000007,1.7665934,1.4376768000000002,1.437676270574228,0.9893353333333338,1.4378592,1.2733097,0.8239485585741896,0.46333333333333354,0.49799999999999994,0.457,0.43780498907430876,0.7653333333333334,0.7546,0.7390000000000001,0.7481424737857634,7.0,11.0,16.0,7.0,9.0,14.0,8.0,14.0,28.0,1.0,1.0,2.0,62.0,77.0,188.0,-1,-0.20168999999999992,-0.20168999999999992,0.45999999999999996,0.272,0.6287093333333327,0.10357159999999954,0.1357780999999998,-0.5611354935958188,0.6287296666666665,0.2802998000000001,0.13751559999999996,-0.06902151442780935,0.07666666666666638,0.03800000000000009,0.08300000000000002,0.07280201763211946,-0.0030000000000001137,0.014599999999999946,0.042999999999999816,0.0060565590654041435
20230506_Reims_Lille,2023-05-06 17:00:00,2022,Reims,Lille,1,0,2.07452,2.07452,0.37,0.7070000000000001,2.0,0.0,15.0,0.6529893333333336,1.4458636,1.4837048,0.6027904310791363,0.6529893333333336,1.2938576,1.3210752,0.5979258817658551,0.63,0.6039999999999999,0.567,0.6732242802682571,0.795,0.7846,0.7895,0.8256879613140468,0.0,4.0,10.0,6.0,7.0,9.0,6.0,8.0,15.0,0.0,0.0,0.0,35.0,66.0,157.0,0,1,1.42756,1.42756,0.63,0.812,3.0,0.0,14.0,2.3217700000000003,1.999342,2.0195010000000004,1.825275162741307,2.0684033333333343,1.8473219999999997,1.7154695,1.7035809556936492,0.7066666666666667,0.6759999999999999,0.631,0.7373238906247094,0.879,0.8688,0.8568999999999999,0.8901319463165851,6.0,9.0,20.0,2.0,4.0,13.0,3.0,9.0,24.0,0.0,0.0,0.0,38.0,61.0,128.0,1,0.6469600000000002,0.6469600000000002,-0.26,-0.10499999999999998,-1.6687806666666667,-0.5534783999999999,-0.5357962000000005,-1.2224847316621708,-1.4154140000000006,-0.5534643999999997,-0.3943943000000001,-1.1056550739277942,-0.07666666666666666,-0.07200000000000006,-0.06400000000000006,-0.06409961035645229,-0.08399999999999996,-0.08420000000000005,-0.0673999999999999,-0.06444398500253834
20230521_Reims_Angers,2023-05-21 13:00:00,2022,Reims,Angers,2,2,1.7427,1.7427,0.57,0.8140000000000001,0.0,0.0,11.0,1.455387666666667,1.1683656,1.5258308,1.8027068172431657,1.2020210000000002,1.0163456000000002,1.3738178,1.1944322352706342,0.5466666666666667,0.572,0.569,0.5661289712107302,0.7993333333333333,0.7898000000000002,0.7846,0.8317475184525618,2.0,2.0,9.0,3.0,8.0,11.0,7.0,11.0,19.0,0.0,0.0,0.0,30.0,57.0,133.0,2,2,0.700941,0.700941,0.43,0.765,2.0,0.0,20.0,1.0822783333333335,0.9717824,0.9423632,0.723912289985656,0.8289136666666668,0.8197635999999999,0.8663538000000001,0.6995892695322106,0.4466666666666666,0.43200000000000005,0.421,0.4144741443495263,0.8006666666666665,0.8156000000000001,0.8023,0.762610603321578,4.0,6.0,8.0,9.0,13.0,24.0,7.0,10.0,17.0,0.0,0.0,1.0,58.0,77.0,182.0,0,1.0417589999999999,1.0417589999999999,0.13999999999999996,0.049000000000000044,0.3731093333333335,0.19658319999999996,0.5834676000000001,1.0787945272575097,0.37310733333333346,0.19658200000000026,0.507464,0.4948429657384237,0.10000000000000014,0.1399999999999999,0.14799999999999996,0.15165482686120396,-0.0013333333333331865,-0.025799999999999934,-0.01770000000000005,0.06913691513098374
20230603_Reims_Montpellier,2023-06-03 17:00:00,2022,Reims,Montpellier,1,3,1.84121,1.84121,0.49,0.8009999999999999,1.0,0.0,18.0,1.3523453333333337,1.3229718,1.5278703999999999,0.7557370726897266,1.098978666666667,1.1709518,1.3758574,0.7314060894108253,0.5433333333333333,0.534,0.5569999999999999,0.4818451588484292,0.827,0.8044,0.7882,0.8115099007381026,3.0,4.0,9.0,7.0,8.0,16.0,4.0,8.0,16.0,1.0,1.0,1.0,34.0,57.0,130.0,3,1,2.21924,2.21924,0.51,0.7859999999999999,2.0,0.0,13.0,1.50791,1.7885459999999997,1.5868683000000001,1.621714893418088,1.254546333333334,1.4845078,1.4348492000000002,1.0087774408651393,0.48666666666666675,0.44399999999999995,0.42400000000000004,0.4820219052414574,0.8103333333333333,0.7864000000000001,0.758,0.8180679913395391,6.0,14.0,20.0,4.0,9.0,15.0,2.0,6.0,17.0,0.0,0.0,2.0,60.0,98.0,202.0,-1,-0.3780300000000001,-0.3780300000000001,-0.020000000000000018,0.015000000000000013,-0.15556466666666635,-0.4655741999999998,-0.05899790000000027,-0.8659778207283615,-0.155567666666667,-0.31355599999999995,-0.05899180000000026,-0.277371351454314,0.05666666666666659,0.09000000000000008,0.1329999999999999,-0.00017674639302817097,0.016666666666666607,0.017999999999999905,0.030200000000000005,-0.006558090601436528
20230820_Reims_Clermont Foot,2023-08-20 13:00:00,2023,Reims,Clermont Foot,2,0,2.41479,2.41479,0.46,0.764,0.0,0.0,27.0,1.113526666666667,1.378324,1.4190368000000002,1.119522282907589,1.113526666666667,1.226304,1.2670238,1.118549043576433,0.5099999999999999,0.5399999999999999,0.557,0.5616738063539372,0.7999999999999999,0.8141999999999999,0.7941,0.7918203960295241,2.0,5.0,7.0,8.0,12.0,19.0,5.0,8.0,16.0,1.0,1.0,1.0,52.0,70.0,129.0,0,2,0.399613,0.399613,0.54,0.7759999999999999,0.0,0.0,12.0,2.101876666666667,1.6814060000000002,1.6152307000000001,2.1086822129731244,1.8485100000000003,1.3773664,1.3111919,1.9860900496502851,0.48666666666666664,0.48600000000000004,0.483,0.5324208645553791,0.8313333333333333,0.808,0.7974,0.8330088958892556,7.0,10.0,18.0,6.0,9.0,12.0,1.0,8.0,13.0,0.0,0.0,3.0,32.0,67.0,139.0,1,2.015177,2.015177,-0.08000000000000002,-0.0119999999999999,-0.9883500000000001,-0.3030820000000001,-0.19619389999999992,-0.9891599300655354,-0.7349833333333333,-0.15106240000000004,-0.04416810000000004,-0.8675410060738522,0.02333333333333326,0.05399999999999988,0.07400000000000007,0.029252941798558085,-0.031333333333333324,0.006199999999999872,-0.0032999999999999696,-0.0411884998597315
20230917_Reims_Brest,2023-09-17 13:00:00,2023,Reims,Brest,1,2,1.97443,1.97443,0.52,0.748,2.0,0.0,28.0,1.7079613333333334,1.5916936,1.4573326999999998,1.0697606582632608,1.454598,1.4396756,1.3053137,0.9481384723486115,0.5266666666666666,0.53,0.532,0.6080133904508315,0.766,0.7776000000000001,0.791,0.8099825631682362,7.0,9.0,13.0,3.0,8.0,16.0,5.0,9.0,17.0,0.0,0.0,1.0,63.0,99.0,156.0,2,1,1.56067,1.56067,0.48,0.71,4.0,0.0,28.0,1.639116666666667,1.8125440000000002,1.5586174,1.6162982295271509,1.6391166666666666,1.3564876000000001,1.2545792,1.6055945389827244,0.4933333333333334,0.5025,0.48000000000000004,0.49131745122505344,0.7709999999999999,0.77325,0.7561111111111112,0.7773278613434852,2.0,6.0,14.0,3.0,7.0,11.0,6.0,9.0,16.0,0.0,0.0,0.0,51.0,60.0,139.0,-1,0.4137599999999999,0.4137599999999999,0.040000000000000036,0.038000000000000034,0.06884466666666644,-0.22085040000000022,-0.10128470000000012,-0.54653757126389,-0.1845186666666665,0.08318799999999982,0.050734499999999905,-0.6574560666341129,0.033333333333333215,0.02750000000000008,0.05199999999999999,0.11669593922577803,-0.004999999999999893,0.004350000000000076,0.03488888888888886,0.03265470182475105
20231001_Reims_Lyon,2023-10-01 11:00:00,2023,Reims,Lyon,2,0,1.99596,1.99596,0.5,0.83,2.0,0.0,21.0,1.3507013333333335,1.6632988000000002,1.5208114,1.3332432263305305,1.3507013333333335,1.5112808,1.3687923999999998,1.3283783388939445,0.49,0.48200000000000004,0.511,0.3555205356180332,0.7559999999999999,0.7464,0.7803000000000001,0.7008793025267294,5.0,10.0,15.0,5.0,6.0,18.0,8.0,9.0,17.0,0.0,0.0,1.0,68.0,120.0,190.0,0,2,0.389915,0.389915,0.5,0.816,2.0,0.0,11.0,1.5099526666666672,1.0853834,1.6698226999999999,0.577874902182902,1.2565860000000004,0.9333634,1.5178037,0.55355132806309,0.43999999999999995,0.47400000000000003,0.5359999999999999,0.4504145474584699,0.7883333333333334,0.796,0.8272999999999999,0.7394158316268712,1.0,2.0,11.0,5.0,9.0,17.0,6.0,14.0,21.0,0.0,1.0,1.0,34.0,70.0,141.0,1,1.606045,1.606045,0.0,0.014000000000000012,-0.15925133333333363,0.5779154000000002,-0.14901129999999996,0.7553683241476284,0.0941153333333331,0.5779174,-0.14901130000000018,0.7748270108308545,0.050000000000000044,0.008000000000000007,-0.02499999999999991,-0.09489401184043672,-0.03233333333333355,-0.04960000000000009,-0.04699999999999982,-0.038536529100141825
20231007_Reims_Monaco,2023-10-07 19:00:00,2023,Reims,Monaco,1,3,1.99785,1.23776,0.54,0.748,0.0,0.0,15.0,1.7295233333333335,1.5795328,1.5395733999999999,1.863416645266106,1.7295233333333335,1.4275148,1.4635643999999999,1.8624436677787888,0.4433333333333333,0.49000000000000005,0.501,0.4711041071236066,0.7546666666666666,0.7596,0.7776,0.8041758605053458,5.0,10.0,16.0,3.0,6.0,16.0,6.0,11.0,16.0,0.0,0.0,1.0,78.0,114.0,204.0,3,1,1.74741,1.74741,0.46,0.736,3.0,0.0,32.0,1.6194966666666666,2.2131979999999998,1.9775793,1.5655944965161182,1.1127663333333337,1.9091598,1.7495511000000001,1.3223636251828448,0.5333333333333333,0.554,0.516,0.4792133161776137,0.8123333333333335,0.8182,0.8042,0.7681613150590023,5.0,11.0,20.0,5.0,8.0,17.0,6.0,12.0,25.0,0.0,0.0,0.0,40.0,58.0,122.0,-1,0.25044,-0.5096499999999999,0.08000000000000002,0.01200000000000001,0.11002666666666694,-0.6336651999999998,-0.43800590000000006,0.2978221487499879,0.6167569999999998,-0.4816450000000001,-0.28598670000000026,0.540080042595944,-0.09000000000000002,-0.064,-0.015000000000000013,-0.008109209054007083,-0.057666666666666866,-0.058599999999999985,-0.026600000000000068,0.03601454544634353
20231028_Reims_Lorient,2023-10-28 15:00:00,2023,Reims,Lorient,1,0,0.981549,0.981549,0.56,0.8340000000000001,1.0,0.0,17.0,1.6532133333333334,1.6304500000000002,1.6110718,1.166856665810644,1.39985,1.4784320000000002,1.4590538,1.0452033467111514,0.5166666666666666,0.476,0.503,0.5132441642849442,0.7813333333333333,0.7555999999999999,0.7666,0.7646470344202139,4.0,7.0,16.0,4.0,7.0,15.0,2.0,6.0,15.0,0.0,0.0,0.0,60.0,117.0,216.0,0,1,0.412238,0.412238,0.44,0.785,3.0,0.0,18.0,0.8243550000000001,0.9461077999999998,0.852809,0.6852196951513243,0.8243550000000001,0.9461077999999998,0.852809,0.6852196328802749,0.44,0.458,0.437,0.3485955130514776,0.7956666666666666,0.8096,0.8225,0.7492068691374996,5.0,10.0,17.0,7.0,14.0,20.0,2.0,5.0,9.0,0.0,0.0,0.0,93.0,121.0,241.0,1,0.569311,0.569311,0.12000000000000005,0.049000000000000044,0.8288583333333334,0.6843422000000003,0.7582627999999999,0.48163697065931976,0.575495,0.5323242000000004,0.6062447999999999,0.3599837138308766,0.0766666666666666,0.01799999999999996,0.066,0.16464865123346661,-0.014333333333333309,-0.05400000000000005,-0.05590000000000006,0.015440165282714302
20231111_Reims_Paris Saint Germain,2023-11-11 16:00:00,2023,Reims,Paris Saint Germain,0,3,1.54396,1.54396,0.39,0.767,1.0,0.0,11.0,1.2300596666666668,1.5367978,1.6000482999999999,1.5979621066324257,1.2300596666666668,1.3847798,1.4480302999999999,1.593095973868446,0.5233333333333333,0.522,0.502,0.5101297665713977,0.7996666666666666,0.7954000000000001,0.7708999999999999,0.8032258813768086,3.0,6.0,16.0,1.0,4.0,10.0,3.0,5.0,14.0,0.0,0.0,0.0,72.0,108.0,228.0,3,0,2.64035,2.64035,,,,,,1.949656666666666,2.394212,2.3983339999999997,1.4262749443355554,1.3978966666666663,2.063156,2.0807860000000002,1.258714837121117,,,,,,,,,9.0,12.0,26.0,2.0,3.0,9.0,,,,,,,,,,-1,-1.0963900000000002,-1.0963900000000002,,,-0.7195969999999992,-0.8574142,-0.7982856999999999,0.1716871622968703,-0.16783699999999957,-0.6783762000000002,-0.6327557000000004,0.33438113674732906,,,,,,,,
20231201_Reims_Strasbourg,2023-12-01 19:00:00,2023,Reims,Strasbourg,2,1,1.93212,1.93212,0.51,0.779,1.0,0.0,24.0,1.8453566666666668,1.4966898,1.5529363,2.110400084265297,1.8453566666666668,1.4966898,1.4769273,2.1102054389547376,0.5033333333333333,0.516,0.5090000000000001,0.5788051906628559,0.7976666666666666,0.7986000000000001,0.7839,0.8164490352550724,2.0,4.0,12.0,6.0,7.0,15.0,5.0,6.0,16.0,0.0,0.0,0.0,52.0,93.0,197.0,1,2,1.82995,1.06985,0.49,0.795,1.0,0.0,15.0,1.2543200000000005,0.9863969999999999,1.0973929,1.230659377876103,1.2543200000000003,0.9863969999999999,1.0973929,1.2306593778521604,0.39333333333333353,0.37,0.402,0.39711934337549964,0.7736666666666667,0.7652,0.7885000000000001,0.7692307012792283,2.0,3.0,8.0,2.0,7.0,12.0,5.0,8.0,16.0,1.0,1.0,1.0,73.0,109.0,180.0,1,0.1021700000000001,0.8622700000000001,0.020000000000000018,-0.016000000000000014,0.5910366666666662,0.5102928000000001,0.45554340000000004,0.8797407063891938,0.5910366666666664,0.5102928000000001,0.37953440000000005,0.8795460611025772,0.10999999999999976,0.14600000000000002,0.1070000000000001,0.1816858472873562,0.02399999999999991,0.033400000000000096,-0.0046000000000000485,0.04721833397584407
20231220_Reims_Le Havre,2023-12-20 20:00:00,2023,Reims,Le Havre,1,0,1.4252,1.4252,0.65,0.867,1.0,0.0,14.0,1.3137963333333336,1.5469317999999999,1.5418648000000001,0.9609230406741224,1.3137963333333336,1.5469317999999999,1.4658558,0.960921483511638,0.5099999999999999,0.508,0.515,0.5297504415253029,0.7876666666666666,0.7914,0.7934,0.7872995922820407,3.0,4.0,10.0,5.0,11.0,15.0,5.0,8.0,13.0,0.0,0.0,0.0,61.0,82.0,190.0,0,1,0.459561,0.459561,0.35,0.753,1.0,1.0,27.0,1.8010099999999998,1.3510002,1.1890459,1.862626109586901,1.5476433333333333,1.0469604000000001,1.037026,1.253573182866901,0.5166666666666666,0.4640000000000001,0.45199999999999996,0.4162599998082253,0.8140000000000001,0.7736,0.7859,0.7878246392186798,4.0,4.0,6.0,5.0,5.0,11.0,6.0,10.0,19.0,1.0,2.0,3.0,59.0,107.0,208.0,1,0.965639,0.965639,0.30000000000000004,0.11399999999999999,-0.4872136666666662,0.19593159999999976,0.35281890000000016,-0.9017030689127786,-0.2338469999999997,0.49997139999999973,0.4288297999999999,-0.29265169935526303,-0.00666666666666671,0.04399999999999993,0.06300000000000006,0.11349044171707762,-0.02633333333333343,0.017800000000000038,0.007499999999999951,-0.0005250469366391286
20240128_Reims_Nantes,2024-01-28 14:00:00,2023,Reims,Nantes,0,0,1.21383,1.21383,0.5,0.818,3.0,0.0,18.0,1.405729666666667,1.4564878,1.4765888,1.799148921626965,1.405729666666667,1.4564878,1.4765888,1.7991488593404654,0.5433333333333333,0.524,0.52,0.4771900176610121,0.8003333333333335,0.7958000000000001,0.7972,0.7694119836912816,4.0,7.0,11.0,3.0,6.0,13.0,4.0,8.0,14.0,0.0,0.0,0.0,54.0,96.0,189.0,0,0,1.40977,0.649676,0.5,0.807,2.0,0.0,15.0,1.126715,1.0092444,1.3067552,1.4170256391961544,1.1267150000000001,1.0092444000000003,1.3067552,1.4170256366847362,0.5466666666666667,0.47400000000000003,0.517,0.5328427029441557,0.807,0.8056000000000001,0.8108000000000001,0.7836921838407043,1.0,3.0,6.0,5.0,7.0,15.0,4.0,10.0,16.0,1.0,1.0,1.0,54.0,92.0,154.0,0,-0.19594,0.5641539999999999,0.0,0.010999999999999899,0.2790146666666671,0.44724340000000007,0.16983360000000003,0.3821232824308105,0.27901466666666686,0.44724339999999985,0.16983360000000003,0.3821232226557292,-0.0033333333333334103,0.04999999999999999,0.0030000000000000027,-0.0556526852831436,-0.006666666666666599,-0.009800000000000031,-0.013600000000000056,-0.014280200149422662
20240204_Reims_Toulouse,2024-02-04 14:00:00,2023,Reims,Toulouse,2,3,2.02418,2.02418,0.62,0.816,2.0,0.0,17.0,1.5182933333333335,1.3128297999999998,1.5013888,1.330893784325393,1.5182933333333335,1.3128297999999998,1.5013888,1.330893771868093,0.5299999999999999,0.522,0.519,0.4954380035322024,0.8113333333333334,0.8036000000000001,0.8024000000000001,0.8082823967382563,4.0,5.0,10.0,1.0,5.0,12.0,6.0,10.0,17.0,0.0,0.0,0.0,53.0,90.0,183.0,3,2,1.74173,0.981634,0.38,0.733,3.0,0.0,31.0,1.654057,1.4500616000000002,1.3237622000000002,2.146565937180685,1.1473283333333335,0.9940054,1.0197241,1.4159040988950882,0.5599999999999999,0.5359999999999999,0.5199999999999999,0.5415514448057337,0.8113333333333334,0.8088000000000001,0.8059000000000001,0.8005807992115576,2.0,2.0,5.0,4.0,7.0,15.0,7.0,14.0,29.0,0.0,0.0,0.0,71.0,102.0,215.0,-1,0.28244999999999987,1.0425459999999998,0.24,0.08299999999999996,-0.13576366666666662,-0.13723180000000035,0.17762659999999975,-0.8156721528552919,0.370965,0.3188243999999998,0.48166470000000006,-0.08501032702699507,-0.030000000000000027,-0.013999999999999901,-0.0009999999999998899,-0.046113441273531286,0.0,-0.005199999999999982,-0.0034999999999999476,0.007701597526698745
20240218_Reims_Lens,2024-02-18 16:05:00,2023,Reims,Lens,1,1,1.04087,1.04087,0.53,0.8079999999999999,2.0,0.0,8.0,1.4693633333333338,1.5498280000000002,1.5483799,1.3131685513730156,1.4693633333333338,1.5498280000000002,1.5483799,1.3131685508747237,0.5766666666666665,0.564,0.536,0.6070175201412881,0.82,0.8152000000000001,0.8033000000000001,0.8236912958695303,2.0,6.0,10.0,5.0,6.0,17.0,6.0,9.0,17.0,0.0,0.0,0.0,43.0,78.0,160.0,1,1,1.45983,1.45983,0.47,0.762,2.0,0.0,18.0,1.5762266666666662,1.590071,1.7243235000000001,1.8536108698694322,1.5762266666666667,1.438051,1.5723045,1.848738421641039,0.5166666666666666,0.49800000000000005,0.511,0.5109928801636955,0.8216666666666667,0.8203999999999999,0.8218,0.8216601191425122,6.0,6.0,15.0,1.0,5.0,7.0,7.0,9.0,19.0,0.0,1.0,3.0,52.0,88.0,189.0,0,-0.41896,-0.41896,0.06000000000000005,0.04599999999999993,-0.10686333333333242,-0.04024299999999981,-0.1759436000000001,-0.5404423184964167,-0.10686333333333287,0.11177700000000024,-0.023924599999999963,-0.5355698707663152,0.05999999999999994,0.06599999999999989,0.025000000000000022,0.09602463997759259,-0.0016666666666667052,-0.00519999999999976,-0.01849999999999985,0.0020311767270180248
20240302_Reims_Lille,2024-03-02 16:00:00,2023,Reims,Lille,0,1,0.533658,0.533658,0.57,0.82,4.0,0.0,14.0,1.793606666666667,1.723766,1.5901269,2.754961942054921,1.5402433333333336,1.571748,1.5141179,2.146889942034989,0.5466666666666665,0.5519999999999999,0.538,0.5090807008056515,0.8140000000000001,0.8151999999999999,0.8055,0.8086276518347811,3.0,5.0,12.0,4.0,7.0,13.0,6.0,11.0,19.0,1.0,1.0,1.0,44.0,79.0,175.0,1,0,1.08259,1.08259,0.43,0.767,2.0,0.0,22.0,2.1050486666666663,1.8760483999999997,1.8905237,1.2215150416972542,1.8067653333333338,1.6970784,1.7250287,1.0783387303602945,0.59,0.596,0.587,0.6617799406218647,0.8543333333333333,0.86,0.8507,0.8698746545106169,5.0,9.0,16.0,6.0,6.0,9.0,5.0,8.0,14.0,0.0,1.0,1.0,46.0,75.0,148.0,-1,-0.548932,-0.548932,0.13999999999999996,0.052999999999999936,-0.31144199999999933,-0.15228239999999982,-0.3003967999999999,1.5334469003576667,-0.26652200000000015,-0.12533040000000017,-0.21091079999999995,1.0685512116746945,-0.043333333333333446,-0.04400000000000004,-0.04899999999999993,-0.15269923981621325,-0.04033333333333322,-0.04480000000000006,-0.04520000000000002,-0.061247002675835716
20240317_Reims_Metz,2024-03-17 14:00:00,2023,Reims,Metz,2,1,1.57996,1.57996,0.66,0.84,4.0,0.0,19.0,1.7408193333333335,1.4866816,1.4888606999999998,1.4107277576821968,1.4874560000000001,1.3346636,1.4128516999999998,1.3864048776813995,0.47666666666666657,0.514,0.5319999999999999,0.399563228032226,0.7976666666666666,0.8054,0.8061999999999999,0.7755451060733913,4.0,5.0,11.0,4.0,7.0,13.0,9.0,12.0,21.0,1.0,1.0,1.0,59.0,75.0,164.0,1,2,1.12407,1.12407,0.34,0.733,4.0,0.0,24.0,1.9874699999999998,1.569404,1.0347963,1.9047753519781285,1.4807366666666664,1.265364,0.8827763,1.1750793243671398,0.41666666666666674,0.41000000000000003,0.40099999999999997,0.37247412360148313,0.7486666666666667,0.7529999999999999,0.7394999999999999,0.7113597009802816,4.0,5.0,7.0,2.0,6.0,14.0,4.0,7.0,17.0,0.0,0.0,1.0,89.0,149.0,238.0,1,0.45589000000000013,0.45589000000000013,0.32,0.10699999999999998,-0.24665066666666635,-0.08272239999999997,0.4540643999999998,-0.4940475942959317,0.0067193333333337435,0.06929960000000013,0.5300753999999999,0.21132555331425973,0.05999999999999983,0.10399999999999998,0.13099999999999995,0.02708910443074286,0.04899999999999993,0.05240000000000011,0.06669999999999998,0.06418540509310977
20240407_Reims_Nice,2024-04-07 13:00:00,2023,Reims,Nice,0,0,0.537635,0.537635,0.53,0.818,2.0,0.0,9.0,1.5280733333333336,1.6575495999999998,1.5652558,1.4974867103072877,1.5280733333333336,1.5055315999999999,1.4892468,1.496513795107256,0.4566666666666666,0.488,0.514,0.401582529121289,0.7733333333333334,0.7896,0.7965,0.7374218042429356,5.0,7.0,13.0,4.0,6.0,13.0,9.0,16.0,26.0,0.0,1.0,1.0,60.0,102.0,174.0,0,0,1.92153,1.92153,0.47,0.826,1.0,0.0,10.0,1.5093733333333335,1.6820419999999998,1.471343,1.3212977392529601,1.0026413333333337,1.3780028,1.1673044000000001,0.591564403691971,0.5366666666666666,0.55,0.542,0.5372874637996011,0.8136666666666668,0.8240000000000001,0.8238,0.8453753700863001,5.0,6.0,9.0,5.0,7.0,13.0,6.0,10.0,18.0,0.0,0.0,1.0,67.0,98.0,175.0,0,-1.3838949999999999,-1.3838949999999999,0.06000000000000005,-0.008000000000000007,0.01870000000000016,-0.02449239999999997,0.09391280000000002,0.17618897105432763,0.5254319999999999,0.1275287999999999,0.32194239999999996,0.904949391415285,-0.08000000000000002,-0.062000000000000055,-0.028000000000000025,-0.13570493467831213,-0.04033333333333333,-0.0344000000000001,-0.02729999999999999,-0.10795356584336457
20240421_Reims_Montpellier,2024-04-21 13:00:00,2023,Reims,Montpellier,1,2,1.31942,1.31942,0.53,0.764,3.0,0.0,14.0,0.9206793333333336,1.1721856,1.3799586,0.7371794684122914,0.9206793333333336,1.1721856,1.3039496,0.7371405518042902,0.4666666666666666,0.484,0.525,0.5168633011648516,0.805,0.8039999999999999,0.8098000000000001,0.8659768721697174,2.0,6.0,11.0,4.0,7.0,15.0,8.0,14.0,26.0,1.0,1.0,2.0,52.0,88.0,163.0,2,1,1.35565,1.35565,0.47,0.7509999999999999,3.0,0.0,31.0,2.0739900000000002,2.081926,1.8685025,1.8785577272898906,1.820623333333334,1.6258666000000002,1.5644638,1.7510963798035082,0.47666666666666674,0.42000000000000004,0.46399999999999997,0.49003782777788485,0.7846666666666667,0.7726000000000001,0.776,0.8052618106567775,5.0,9.0,17.0,1.0,8.0,18.0,6.0,8.0,20.0,0.0,0.0,0.0,66.0,123.0,226.0,-1,-0.036229999999999984,-0.036229999999999984,0.06000000000000005,0.013000000000000123,-1.1533106666666666,-0.9097404000000002,-0.48854390000000003,-1.1413782588775991,-0.8999440000000003,-0.4536810000000002,-0.26051420000000003,-1.013955827999218,-0.01000000000000012,0.06399999999999995,0.061000000000000054,0.026825473386966725,0.020333333333333314,0.03139999999999987,0.03380000000000005,0.06071506151293993
20240515_Reims_Marseille,2024-05-15 19:00:00,2023,Reims,Marseille,1,0,0.879349,0.879349,0.38,0.768,3.0,0.0,32.0,0.8756080000000002,0.7807063999999999,1.219128,0.5339217557472983,0.8756080000000002,0.7807063999999999,1.143119,0.5339214444144342,0.4766666666666666,0.496,0.492,0.42109490640931885,0.7566666666666667,0.7939999999999999,0.7918000000000001,0.7190558149773577,3.0,4.0,11.0,7.0,10.0,16.0,9.0,14.0,30.0,1.0,2.0,3.0,70.0,98.0,200.0,0,1,1.81257,1.81257,0.62,0.8220000000000001,1.0,0.0,9.0,2.5063766666666667,1.8868375999999998,1.9217413999999997,3.5240917151171596,1.9996499999999997,1.5828015999999998,1.6937144,2.891696523784264,0.49999999999999983,0.502,0.522,0.5539739765680332,0.7779999999999999,0.7874,0.8055,0.7805235715413835,7.0,10.0,21.0,4.0,9.0,15.0,7.0,15.0,23.0,1.0,1.0,1.0,55.0,82.0,172.0,1,-0.933221,-0.933221,-0.24,-0.05400000000000005,-1.6307686666666665,-1.1061311999999999,-0.7026133999999997,-2.990169959369861,-1.1240419999999995,-0.8020951999999999,-0.5505954,-2.35777507936983,-0.023333333333333206,-0.006000000000000005,-0.030000000000000027,-0.1328790701587143,-0.021333333333333204,0.006599999999999939,-0.013699999999999934,-0.06146775656402581
20240519_Reims_Rennes,2024-05-19 19:00:00,2023,Reims,Rennes,2,1,1.39024,0.630144,0.35,0.741,1.0,0.0,25.0,0.7289176666666669,0.8490492,0.9900758999999999,0.8102635511494597,0.7289176666666669,0.8490492,0.9900758999999999,0.8102634888828869,0.4266666666666666,0.466,0.48,0.38821898128186383,0.758,0.784,0.7878000000000001,0.7582111629954715,3.0,5.0,10.0,5.0,10.0,15.0,9.0,15.0,30.0,1.0,2.0,2.0,88.0,121.0,204.0,1,2,1.25648,1.25648,0.65,0.8590000000000001,1.0,0.0,9.0,2.1708166666666666,1.9543798,1.6640863,2.136473500522542,1.9174533333333332,1.6503418000000003,1.4360581,2.009986663444236,0.5599999999999999,0.556,0.524,0.5778225783603783,0.8290000000000001,0.8284,0.8202999999999999,0.8468698677592642,8.0,12.0,17.0,8.0,10.0,17.0,9.0,16.0,23.0,0.0,0.0,1.0,53.0,86.0,180.0,1,0.13375999999999988,-0.626336,-0.30000000000000004,-0.1180000000000001,-1.4418989999999998,-1.1053305999999998,-0.6740104,-1.3262099493730823,-1.1885356666666662,-0.8012926000000004,-0.4459822,-1.199723174561349,-0.13333333333333336,-0.09000000000000002,-0.04400000000000004,-0.18960359707851449,-0.07100000000000006,-0.044399999999999995,-0.03249999999999986,-0.08865870476379267
20220807_Rennes_Lorient,2022-08-07 15:05:00,2022,Rennes,Lorient,0,1,1.40484,1.40484,0.63,0.861,3.0,0.0,9.0,0.8659176666666664,1.5034028,1.5037236,1.1579627429171817,0.8659176666666664,1.5034028000000002,1.3517116,1.1579534035455021,0.57,0.6,0.579,0.6584181863984797,0.8343333333333334,0.843,0.8321000000000002,0.8865411723895102,4.0,9.0,19.0,3.0,5.0,8.0,7.0,14.0,25.0,1.0,2.0,3.0,39.0,54.0,135.0,1,0,0.70567,0.70567,0.37,0.7759999999999999,1.0,0.0,21.0,0.8538676666666668,1.4159746,1.5427803,0.6841853532943483,0.6005036666666667,1.1119362,1.3907611,0.5577059309273276,0.4266666666666667,0.442,0.4680000000000001,0.46977751421421277,0.7993333333333333,0.7994,0.7926,0.8097173032913924,4.0,10.0,16.0,6.0,7.0,16.0,4.0,9.0,15.0,0.0,1.0,1.0,48.0,83.0,147.0,-1,0.6991700000000001,0.6991700000000001,0.26,0.08500000000000008,0.012049999999999561,0.08742819999999996,-0.039056699999999944,0.47377738962283344,0.2654139999999997,0.3914666000000002,-0.03904949999999996,0.6002474726181746,0.14333333333333326,0.15799999999999997,0.11099999999999988,0.18864067218426694,0.03500000000000003,0.04359999999999997,0.0395000000000002,0.07682386909811789
20220821_Rennes_Ajaccio,2022-08-21 15:05:00,2022,Rennes,Ajaccio,2,1,0.979786,0.979786,0.55,0.7879999999999999,5.0,2.0,21.0,1.5874699999999997,1.2054946000000002,1.5168316,1.8909969097166872,1.5874699999999997,1.2054946000000002,1.4408286,1.8909965361418202,0.6533333333333333,0.5980000000000001,0.609,0.6471367274559392,0.8783333333333333,0.8455999999999999,0.8497,0.8644216468955805,3.0,5.0,16.0,2.0,5.0,9.0,7.0,13.0,29.0,0.0,1.0,2.0,35.0,65.0,118.0,1,2,1.44269,0.682594,0.45,0.684,2.0,0.0,10.0,0.9229179999999999,0.9229179999999999,0.9229179999999999,0.7935567999999998,0.5428685,0.5428685,0.5428685,0.6415369999999999,0.345,0.345,0.345,0.354,0.7170000000000001,0.7170000000000001,0.7170000000000001,0.7152000000000001,1.0,1.0,1.0,2.0,2.0,2.0,11.0,11.0,11.0,1.0,1.0,1.0,29.0,29.0,29.0,1,-0.462904,0.297192,0.10000000000000003,0.10399999999999987,0.6645519999999998,0.2825766000000003,0.5939136,1.0974401097166875,1.0446014999999997,0.6626261000000002,0.8979600999999999,1.2494595361418201,0.30833333333333335,0.2530000000000001,0.264,0.2931367274559392,0.16133333333333322,0.12859999999999983,0.13269999999999993,0.14922164689558048
20220831_Rennes_Brest,2022-08-31 19:00:00,2022,Rennes,Brest,3,1,1.44252,1.44252,0.64,0.852,2.0,0.0,16.0,1.2976286666666663,1.3260832,1.423794,0.9429816363886676,1.2976286666666663,1.3260832000000002,1.423794,0.9429816214456729,0.5633333333333334,0.6,0.591,0.5058854690982376,0.8250000000000001,0.8492000000000001,0.842,0.8190568658758232,4.0,6.0,16.0,4.0,5.0,10.0,9.0,13.0,26.0,2.0,2.0,4.0,59.0,77.0,137.0,1,3,0.265991,0.265991,0.36,0.693,0.0,0.0,20.0,1.3437656666666669,1.129658,1.1588848,0.5472691070935436,1.3437656666666664,0.9776400000000001,1.0828758,0.5424045310935436,0.49666666666666676,0.45,0.48200000000000004,0.5141870235206222,0.7913333333333333,0.768,0.7778999999999999,0.7867092362753678,4.0,6.0,12.0,9.0,14.0,23.0,1.0,6.0,15.0,1.0,1.0,2.0,35.0,58.0,142.0,1,1.176529,1.176529,0.28,0.15900000000000003,-0.04613700000000054,0.19642519999999997,0.26490919999999996,0.395712529295124,-0.046137000000000095,0.3484432000000002,0.34091819999999995,0.4005770903521293,0.0666666666666666,0.14999999999999997,0.10899999999999993,-0.00830155442238456,0.033666666666666734,0.08120000000000005,0.06410000000000005,0.03234762960045534
20220911_Rennes_Auxerre,2022-09-11 15:05:00,2022,Rennes,Auxerre,5,0,3.73421,3.73421,0.48,0.7979999999999999,1.0,0.0,12.0,1.6470366666666665,1.5891552,1.270072,2.3568184654555466,1.6470366666666665,1.5891552000000002,1.270072,2.356818464857827,0.6133333333333333,0.608,0.593,0.6906354187639294,0.8536666666666667,0.8426,0.8379,0.8778822746350329,5.0,8.0,12.0,4.0,6.0,11.0,5.0,13.0,24.0,0.0,2.0,4.0,42.0,80.0,137.0,0,5,0.438753,0.438753,0.52,0.804,1.0,0.0,7.0,0.6015043333333333,0.7990056,0.794159,0.59855375552,0.6015043333333333,0.6469868,0.6674766666666666,0.59368915392,0.4266666666666667,0.40800000000000003,0.4083333333333334,0.4611872,0.7806666666666665,0.7792,0.7868333333333334,0.7986511999999999,2.0,6.0,7.0,4.0,7.0,11.0,3.0,11.0,12.0,0.0,3.0,3.0,83.0,133.0,152.0,1,3.295457,3.295457,-0.040000000000000036,-0.006000000000000116,1.045532333333333,0.7901496,0.47591300000000014,1.7582647099355466,1.045532333333333,0.9421684000000002,0.6025953333333335,1.763129310937827,0.1866666666666666,0.19999999999999996,0.1846666666666666,0.2294482187639294,0.07300000000000018,0.06340000000000001,0.051066666666666594,0.07923107463503298
20221009_Rennes_Nantes,2022-10-09 15:05:00,2022,Rennes,Nantes,3,0,2.85806,2.85806,0.57,0.778,1.0,1.0,15.0,2.278109333333333,2.1774436,1.7517634000000002,2.069254547723644,2.278109333333333,2.1774436,1.7517634000000002,2.0692545477188626,0.4966666666666666,0.568,0.584,0.5664850833501114,0.806,0.8311999999999999,0.8402,0.8357590581970803,9.0,13.0,19.0,2.0,4.0,9.0,7.0,11.0,24.0,0.0,0.0,2.0,50.0,71.0,148.0,0,3,0.439769,0.439769,0.43,0.688,0.0,0.0,13.0,0.5901096666666666,0.5533262000000001,1.1566901,0.47208389231933945,0.5901096666666665,0.5533262000000001,1.0806871,0.47204496383923067,0.4833333333333332,0.47800000000000004,0.46399999999999997,0.49524618102513074,0.8249999999999998,0.8262,0.7758,0.8405883291545898,3.0,4.0,10.0,7.0,11.0,17.0,5.0,9.0,16.0,0.0,1.0,1.0,52.0,81.0,189.0,1,2.418291,2.418291,0.13999999999999996,0.09000000000000008,1.6879996666666663,1.6241174,0.5950733000000001,1.5971706554043048,1.6879996666666666,1.6241174,0.6710763000000002,1.597209583879632,0.013333333333333364,0.08999999999999991,0.12,0.07123890232498065,-0.018999999999999795,0.004999999999999893,0.0643999999999999,-0.004829270957509513
20221016_Rennes_Lyon,2022-10-16 13:00:00,2022,Rennes,Lyon,3,2,1.70448,1.70448,0.4,0.767,2.0,0.0,20.0,1.9860593333333332,2.4605516,1.9043004,2.700298909544729,1.9860593333333332,2.4605516,1.9043004,2.7002989095437724,0.5266666666666665,0.554,0.5730000000000001,0.5692970166700222,0.7993333333333332,0.8164,0.827,0.7895518116394161,7.0,13.0,20.0,2.0,3.0,9.0,7.0,10.0,24.0,1.0,1.0,3.0,53.0,70.0,154.0,2,3,1.54104,1.54104,0.6,0.8240000000000001,2.0,0.0,10.0,0.9052512000000004,1.4590387200000001,1.8816953599999997,1.453082149159632,0.9052512000000004,1.4590387200000001,1.80568536,1.4530818353120507,0.47,0.5359999999999999,0.601,0.5569536444581731,0.8166666666666668,0.8222000000000002,0.8381000000000001,0.8143619582049976,1.0,3.0,17.0,3.0,8.0,12.0,4.0,9.0,13.0,0.0,0.0,1.0,53.0,71.0,115.0,1,0.16344000000000003,0.16344000000000003,-0.19999999999999996,-0.05700000000000005,1.0808081333333328,1.00151288,0.022605040000000187,1.247216760385097,1.0808081333333328,1.00151288,0.09861503999999988,1.2472170742317217,0.05666666666666653,0.018000000000000127,-0.027999999999999914,0.012343372211849113,-0.017333333333333534,-0.005800000000000138,-0.01110000000000011,-0.024810146565581448
20221030_Rennes_Montpellier,2022-10-30 14:00:00,2022,Rennes,Montpellier,3,0,1.53875,1.53875,0.55,0.8270000000000001,1.0,0.0,16.0,2.33586,2.0215395999999997,1.9762804000000003,2.336760756381789,2.082496666666666,1.8695216000000001,1.9002714,1.7286887563817508,0.5566666666666665,0.5359999999999999,0.5549999999999999,0.6467718806668008,0.8063333333333333,0.8078,0.8186,0.8535020724655767,8.0,12.0,24.0,3.0,5.0,10.0,4.0,10.0,21.0,1.0,1.0,3.0,49.0,87.0,162.0,0,3,0.975256,0.975256,0.45,0.7759999999999999,2.0,0.0,16.0,0.5591140000000003,1.0470584,1.1355817000000001,0.7264062543033548,0.5591140000000003,0.8950524000000002,1.0595787,0.7254334134126886,0.41,0.45999999999999996,0.45999999999999996,0.3804467808292862,0.7253333333333334,0.737,0.7445999999999999,0.7291556955272438,1.0,5.0,17.0,5.0,10.0,17.0,6.0,14.0,23.0,1.0,1.0,5.0,62.0,92.0,183.0,1,0.563494,0.563494,0.10000000000000003,0.051000000000000156,1.7767459999999995,0.9744811999999996,0.8406987000000001,1.6103545020784344,1.5233826666666659,0.9744691999999999,0.8406927,1.0032553429690623,0.14666666666666656,0.07599999999999996,0.09499999999999997,0.2663250998375146,0.08099999999999996,0.07079999999999997,0.07400000000000007,0.12434637693833295
20221112_Rennes_Toulouse,2022-11-12 20:00:00,2022,Rennes,Toulouse,2,1,1.94787,1.94787,0.46,0.7829999999999999,0.0,0.0,18.0,1.5949093333333328,1.8694536,2.0234486,0.9804208302552715,1.0881807999999997,1.56541648,1.87143004,0.34802147025526997,0.5433333333333333,0.5199999999999999,0.5439999999999999,0.41787087522667204,0.8120000000000002,0.7962,0.8137000000000001,0.754460082898623,6.0,12.0,25.0,2.0,4.0,8.0,3.0,6.0,17.0,1.0,2.0,2.0,51.0,86.0,157.0,1,2,1.11684,1.11684,0.54,0.787,0.0,0.0,13.0,1.093785,1.2658998000000001,1.3280456,0.6678535680062831,1.0937849999999998,1.1138818000000001,1.2520366,0.6629889920062833,0.48,0.48200000000000004,0.48999999999999994,0.480362212179968,0.7496666666666667,0.7586,0.7739,0.7261115106066433,2.0,6.0,12.0,7.0,10.0,19.0,3.0,8.0,17.0,1.0,1.0,2.0,58.0,97.0,204.0,1,0.8310299999999999,0.8310299999999999,-0.08000000000000002,-0.004000000000000115,0.5011243333333328,0.6035537999999998,0.695403,0.31256726224898834,-0.005604200000000059,0.45153467999999997,0.6193934399999999,-0.3149675217510133,0.06333333333333335,0.03799999999999987,0.05399999999999999,-0.06249133695329595,0.06233333333333346,0.03759999999999997,0.03980000000000006,0.028348572291979734
20230102_Rennes_Nice,2023-01-02 20:00:00,2022,Rennes,Nice,2,1,1.78181,1.78181,0.62,0.865,1.0,0.0,6.0,1.4386159999999997,1.6599276,1.9696506000000003,1.6045080332102108,1.1852507999999997,1.35589048,1.8176320400000001,1.5792120588102108,0.49999999999999994,0.55,0.521,0.6183148350090669,0.7803333333333332,0.8084,0.8005000000000001,0.8138584033159448,4.0,9.0,24.0,5.0,6.0,10.0,3.0,5.0,15.0,1.0,1.0,2.0,54.0,84.0,169.0,1,2,0.395975,0.395975,0.38,0.768,1.0,0.0,25.0,1.2400143333333336,1.4519986,1.4332241,1.2727009997547567,0.9866486666666668,1.1479596,1.2051946,1.150073612188395,0.4466666666666666,0.512,0.52,0.4097265353402559,0.8243333333333333,0.8406,0.8385,0.8197588148385273,2.0,5.0,11.0,1.0,3.0,9.0,3.0,7.0,14.0,0.0,0.0,1.0,55.0,82.0,159.0,1,1.385835,1.385835,0.24,0.09699999999999998,0.19860166666666612,0.20792900000000003,0.5364265000000004,0.33180703345545415,0.19860213333333288,0.20793087999999993,0.6124374400000001,0.4291384466218158,0.053333333333333344,0.038000000000000034,0.0010000000000000009,0.20858829966881104,-0.04400000000000004,-0.032200000000000006,-0.03799999999999992,-0.005900411522582472
20230115_Rennes_Paris Saint Germain,2023-01-15 19:45:00,2022,Rennes,Paris Saint Germain,1,0,1.06256,1.06256,0.35,0.818,0.0,0.0,25.0,1.4164669999999997,1.3996418,1.7786549,1.0697107213284083,1.4164669999999997,1.24762268,1.62663634,1.0686988823524084,0.6299999999999999,0.546,0.5549999999999999,0.6119325934003627,0.8456666666666667,0.8109999999999999,0.8150999999999999,0.8501543361326379,4.0,7.0,21.0,6.0,8.0,12.0,5.0,6.0,13.0,2.0,3.0,4.0,33.0,72.0,146.0,0,1,0.603085,0.603085,,,,,,1.9193299999999995,2.067596,2.0742307,1.7324680295103712,1.6659633333333332,1.9155760000000002,1.9222116999999996,1.7079502463625764,,,,,,,,,5.0,12.0,22.0,4.0,5.0,9.0,,,,,,,,,,1,0.45947499999999997,0.45947499999999997,,,-0.5028629999999998,-0.6679542,-0.29557580000000017,-0.6627573081819629,-0.24949633333333354,-0.6679533200000001,-0.29557535999999973,-0.639251364010168,,,,,,,,
20230201_Rennes_Strasbourg,2023-02-01 20:00:00,2022,Rennes,Strasbourg,3,0,1.25645,1.25645,0.59,0.8590000000000001,0.0,0.0,14.0,1.301620333333333,1.4507422,1.5690789,1.7661980288531365,1.3016203333333332,1.4507422,1.41706034,1.7661575552940965,0.5433333333333333,0.5820000000000001,0.5399999999999999,0.6164773037360145,0.8383333333333333,0.8406,0.8189,0.8432861734453054,3.0,6.0,17.0,4.0,8.0,13.0,3.0,6.0,11.0,2.0,2.0,3.0,45.0,66.0,155.0,0,3,0.141426,0.141426,0.41,0.8170000000000001,1.0,0.0,12.0,1.0698076666666674,1.0996206,1.0906476,0.9510282281054916,1.069807666666667,1.0996206000000002,0.9994923,0.9510263486919738,0.3900000000000001,0.404,0.45999999999999996,0.49214398171462603,0.7513333333333333,0.7682,0.7712999999999999,0.7598204772490293,5.0,8.0,15.0,5.0,10.0,22.0,6.0,8.0,20.0,1.0,1.0,1.0,85.0,115.0,181.0,1,1.115024,1.115024,0.18,0.04200000000000004,0.23181266666666556,0.35112160000000014,0.4784313,0.8151698007476449,0.23181266666666622,0.3511215999999999,0.4175680399999999,0.8151312066021227,0.1533333333333332,0.17800000000000005,0.07999999999999996,0.12433332202138847,0.08699999999999997,0.07240000000000002,0.04760000000000009,0.08346569619627608
20230204_Rennes_Lille,2023-02-04 20:00:00,2022,Rennes,Lille,1,3,2.18737,2.18737,0.39,0.733,1.0,0.0,18.0,1.4202533333333331,1.3886242,1.5242759000000001,1.3583996057706273,1.4202533333333331,1.3886242000000002,1.37225734,1.3583915110588194,0.5366666666666666,0.568,0.5589999999999999,0.5952954607472029,0.8416666666666667,0.8478,0.8281000000000001,0.8558572346890612,5.0,8.0,17.0,2.0,5.0,11.0,1.0,4.0,9.0,0.0,2.0,3.0,47.0,65.0,149.0,3,1,2.35242,2.35242,0.61,0.83,2.0,0.0,10.0,2.70946,2.3541703999999997,2.1487252,1.880559461232973,2.7094600000000004,2.3541704,2.0727152,1.8803648009121234,0.63,0.642,0.612,0.644548189375755,0.866,0.8638,0.8474,0.8461975276595928,5.0,6.0,14.0,2.0,3.0,8.0,3.0,5.0,16.0,0.0,0.0,1.0,35.0,58.0,128.0,-1,-0.16504999999999992,-0.16504999999999992,-0.21999999999999997,-0.09699999999999998,-1.2892066666666668,-0.9655461999999997,-0.6244492999999998,-0.5221598554623457,-1.2892066666666673,-0.9655461999999999,-0.7004578600000002,-0.521973289853304,-0.09333333333333338,-0.07400000000000007,-0.05300000000000005,-0.04925272862855212,-0.024333333333333318,-0.016000000000000014,-0.019299999999999984,0.00965970702946839
20230219_Rennes_Clermont Foot,2023-02-19 14:00:00,2022,Rennes,Clermont Foot,2,0,1.67258,1.67258,0.59,0.8740000000000001,0.0,0.0,23.0,1.5467699999999998,1.528924,1.4642829000000002,1.361507184230825,1.5467699999999998,1.5289240000000002,1.38827334,1.3615068604423528,0.5533333333333332,0.536,0.541,0.6302118184298882,0.8096666666666668,0.819,0.8150000000000001,0.8211142893875625,5.0,7.0,14.0,6.0,8.0,16.0,2.0,3.0,9.0,0.0,0.0,3.0,36.0,69.0,141.0,0,2,0.86584,0.86584,0.41,0.772,2.0,0.0,9.0,0.9675503333333332,1.1295832,1.3388521,0.9726970532625723,0.9675503333333335,1.1295832000000001,1.1108233,0.972657513575147,0.4166666666666667,0.45199999999999996,0.441,0.4041193926521509,0.762,0.7856,0.7597,0.753767229013899,0.0,2.0,7.0,4.0,5.0,11.0,6.0,10.0,21.0,0.0,0.0,1.0,57.0,84.0,146.0,1,0.8067399999999999,0.8067399999999999,0.18,0.10200000000000009,0.5792196666666666,0.39934080000000005,0.12543080000000018,0.3888101309682528,0.5792196666666662,0.39934080000000005,0.27745003999999995,0.38884934686720585,0.13666666666666655,0.08400000000000007,0.10000000000000003,0.22609242577773725,0.047666666666666746,0.033399999999999985,0.055300000000000016,0.06734706037366345
20230305_Rennes_Marseille,2023-03-05 19:45:00,2022,Rennes,Marseille,0,1,1.03495,1.03495,0.55,0.773,1.0,0.0,7.0,1.2851336666666662,1.4598442,1.4552932,1.111137887369233,1.2851336666666662,1.4598442,1.4552931999999998,1.111137874417694,0.57,0.538,0.56,0.4716084727371955,0.8213333333333335,0.8112000000000001,0.8259000000000001,0.7750845715755026,4.0,8.0,14.0,3.0,6.0,14.0,3.0,4.0,10.0,0.0,0.0,2.0,55.0,87.0,153.0,1,0,1.45275,1.45275,0.45,0.754,1.0,0.0,18.0,1.872423333333333,2.034218,2.1877470000000003,2.1140964404955387,1.61906,1.8821999999999999,2.0357279999999998,2.089773249138647,0.5466666666666665,0.5599999999999999,0.587,0.533242613688773,0.8163333333333332,0.8126000000000001,0.8253,0.8212083346148368,5.0,8.0,22.0,5.0,8.0,12.0,5.0,8.0,17.0,0.0,0.0,1.0,34.0,61.0,127.0,-1,-0.41779999999999995,-0.41779999999999995,0.10000000000000003,0.019000000000000017,-0.5872896666666669,-0.5743738,-0.7324538000000003,-1.0029585531263057,-0.33392633333333377,-0.42235579999999984,-0.5804347999999999,-0.9786353747209531,0.023333333333333428,-0.02199999999999991,-0.026999999999999913,-0.06163414095157749,0.0050000000000002265,-0.0013999999999999568,0.0006000000000000449,-0.04612376303933419
20230401_Rennes_Lens,2023-04-01 19:00:00,2022,Rennes,Lens,0,1,1.21006,1.21006,0.56,0.8440000000000001,2.0,0.0,15.0,1.208772333333333,1.2570456,1.3929848,1.6728950230989539,1.208772333333333,1.2570456,1.3929848,1.6728950229953417,0.5399999999999999,0.53,0.533,0.4485728677818976,0.8266666666666667,0.8214,0.8202,0.8480566765726041,2.0,5.0,12.0,1.0,1.0,9.0,4.0,6.0,9.0,0.0,0.0,0.0,36.0,87.0,156.0,1,0,1.4486,1.4486,0.44,0.815,2.0,0.0,11.0,1.423522,1.7872412,1.7035392000000003,1.6740188674890462,1.4235219999999995,1.7872412,1.6275296999999997,1.6740185561340173,0.4566666666666667,0.51,0.575,0.4697858958606852,0.8033333333333333,0.8228,0.8294,0.8411723136759751,8.0,12.0,16.0,1.0,3.0,8.0,4.0,7.0,13.0,0.0,0.0,0.0,36.0,72.0,134.0,-1,-0.2385400000000002,-0.2385400000000002,0.12000000000000005,0.029000000000000137,-0.21474966666666706,-0.5301955999999999,-0.31055440000000023,-0.0011238443900922768,-0.21474966666666662,-0.5301955999999999,-0.23454489999999972,-0.0011235331386756364,0.0833333333333332,0.020000000000000018,-0.041999999999999926,-0.02121302807878761,0.023333333333333317,-0.0013999999999999568,-0.009199999999999986,0.0068843628966289705
20230415_Rennes_Reims,2023-04-15 15:00:00,2022,Rennes,Reims,3,0,3.21823,3.21823,0.51,0.7859999999999999,1.0,0.0,23.0,1.391376666666666,1.1800054,1.3199248000000001,1.111445400923958,1.391376666666666,1.1800054000000002,1.3199248,1.1114454009198136,0.4566666666666666,0.518,0.528,0.4355429147112759,0.8380000000000001,0.8288,0.8200000000000001,0.8249622670629042,3.0,3.0,11.0,4.0,5.0,11.0,5.0,8.0,12.0,0.0,0.0,0.0,52.0,75.0,162.0,0,3,0.343875,0.343875,0.49,0.7490000000000001,2.0,0.0,15.0,2.3960600000000003,1.883296,1.9004484000000001,3.007203884892047,2.142716666666667,1.73129,1.6618088,2.3991352207319014,0.56,0.5660000000000001,0.549,0.5930350335321413,0.7696666666666667,0.7794000000000001,0.7945,0.7749951642558373,5.0,7.0,18.0,3.0,3.0,5.0,4.0,8.0,11.0,0.0,0.0,0.0,46.0,76.0,175.0,1,2.874355,2.874355,0.020000000000000018,0.03699999999999981,-1.0046833333333343,-0.7032906000000001,-0.5805236,-1.8957584839680888,-0.7513400000000008,-0.5512845999999998,-0.3418840000000001,-1.2876898198120879,-0.10333333333333344,-0.04800000000000004,-0.02100000000000002,-0.1574921188208654,0.06833333333333336,0.04939999999999989,0.025500000000000078,0.049967102807066954
20230430_Rennes_Angers,2023-04-30 13:00:00,2022,Rennes,Angers,4,2,2.51135,2.51135,0.64,0.8809999999999999,1.0,0.0,12.0,1.8698966666666663,1.7440339999999999,1.4301468,1.6216226160369582,1.8698966666666663,1.7440340000000003,1.4301468,1.6216226160367926,0.5366666666666666,0.514,0.55,0.651021716588451,0.822,0.8320000000000001,0.8253999999999999,0.8467584906825162,4.0,6.0,10.0,4.0,5.0,9.0,5.0,8.0,14.0,0.0,0.0,0.0,61.0,89.0,167.0,2,4,1.27022,0.510126,0.36,0.8029999999999999,2.0,0.0,14.0,0.8837290000000001,0.8401108,0.8807400000000001,1.120256248207021,0.8837290000000001,0.8401108,0.8047302000000001,1.120254691526317,0.38666666666666655,0.414,0.44399999999999995,0.36926804369078275,0.7996666666666666,0.8049999999999999,0.7998999999999999,0.8543254151972535,3.0,4.0,7.0,4.0,8.0,21.0,5.0,6.0,15.0,0.0,0.0,1.0,44.0,79.0,162.0,1,1.2411300000000003,2.001224,0.28,0.07799999999999996,0.9861676666666662,0.9039231999999998,0.5494067999999999,0.5013663678299372,0.9861676666666662,0.9039232000000003,0.6254165999999999,0.5013679245104756,0.15000000000000008,0.10000000000000003,0.1060000000000001,0.28175367289766823,0.022333333333333316,0.027000000000000135,0.025499999999999967,-0.007566924514737283
20230514_Rennes_Troyes,2023-05-14 13:00:00,2022,Rennes,Troyes,4,0,3.75816,3.75816,0.66,0.865,0.0,0.0,6.0,1.633723333333333,1.8366099999999999,1.5005758,1.3162889046414783,1.633723333333333,1.8366100000000003,1.5005758,1.3162889046414716,0.62,0.5559999999999999,0.54,0.552440868663538,0.8633333333333333,0.8392,0.8272999999999999,0.8540303396273008,5.0,9.0,12.0,5.0,8.0,10.0,4.0,7.0,15.0,0.0,0.0,0.0,44.0,91.0,170.0,0,4,0.263264,0.263264,0.34,0.7509999999999999,1.0,0.0,20.0,0.9881660000000001,0.771682,0.8808025,0.6508267222367179,0.7348009999999999,0.619663,0.8047930000000001,0.6265036817385821,0.4100000000000001,0.39,0.441,0.395236169725169,0.8329999999999999,0.8032,0.7751,0.8663573683207858,3.0,4.0,9.0,6.0,11.0,20.0,1.0,6.0,11.0,0.0,0.0,1.0,83.0,129.0,224.0,1,3.4948960000000002,3.4948960000000002,0.32,0.1140000000000001,0.6455573333333329,1.0649279999999999,0.6197733,0.6654621824047604,0.898922333333333,1.2169470000000002,0.6957827999999999,0.6897852229028896,0.2099999999999999,0.16599999999999993,0.09900000000000003,0.15720469893836903,0.030333333333333434,0.03599999999999992,0.05219999999999991,-0.01232702869348501
20230527_Rennes_Monaco,2023-05-27 19:00:00,2022,Rennes,Monaco,2,0,0.759796,0.759796,0.57,0.823,0.0,0.0,21.0,2.3045999999999993,2.1505920000000005,1.8836267,2.3288611561856594,2.3045999999999993,2.1505920000000005,1.8836267000000002,2.328861156185659,0.59,0.62,0.5650000000000001,0.5916976347465415,0.8583333333333334,0.8632,0.8472999999999999,0.8613612135850921,10.0,14.0,20.0,2.0,5.0,9.0,3.0,6.0,14.0,0.0,0.0,0.0,36.0,62.0,153.0,0,2,0.377473,0.377473,0.43,0.7509999999999999,3.0,0.0,14.0,1.2469543333333333,1.3252886,1.4805382999999999,1.3451160434737826,0.993590666666667,1.1732704,1.4045292,0.7370432434729778,0.39999999999999997,0.426,0.46799999999999997,0.38815940174544084,0.7423333333333333,0.7538,0.7533000000000001,0.7444746139619496,3.0,3.0,14.0,4.0,11.0,18.0,5.0,9.0,15.0,0.0,0.0,1.0,41.0,70.0,142.0,1,0.382323,0.382323,0.13999999999999996,0.07200000000000006,1.057645666666666,0.8253034000000006,0.4030884000000001,0.9837451127118768,1.3110093333333324,0.9773216000000005,0.4790975000000002,1.5918179127126812,0.19,0.194,0.09700000000000009,0.20353823300110063,0.1160000000000001,0.10939999999999994,0.09399999999999986,0.11688659962314252
20230813_Rennes_Metz,2023-08-13 15:05:00,2023,Rennes,Metz,5,1,4.67967,4.67967,0.7,0.9079999999999999,0.0,0.0,12.0,1.4761019999999998,1.8496952,1.8579576,1.4746258062474265,1.2227383333333328,1.697677,1.7819485,0.8665530062474264,0.5399999999999999,0.5619999999999999,0.5619999999999999,0.49086790538986164,0.8163333333333332,0.8326,0.8353999999999999,0.7781344485434037,9.0,14.0,22.0,1.0,3.0,10.0,6.0,7.0,15.0,0.0,0.0,0.0,43.0,67.0,155.0,1,5,0.561838,0.561838,0.3,0.7909999999999999,2.0,0.0,17.0,0.6120647333333332,0.8639084400000001,0.96228962,0.9168078598749914,0.35869840000000003,0.71188864,0.7342675200000001,0.30868943500132295,0.52,0.48999999999999994,0.48500000000000004,0.4098792338711367,0.82,0.8154,0.8026,0.7931933909610375,2.0,8.0,11.0,6.0,10.0,21.0,8.0,10.0,22.0,0.0,0.0,1.0,54.0,78.0,198.0,1,4.117832,4.117832,0.39999999999999997,0.11699999999999999,0.8640372666666666,0.9857867599999999,0.89566798,0.5578179463724351,0.8640399333333328,0.9857883600000001,1.04768098,0.5578635712461034,0.019999999999999907,0.07200000000000001,0.0769999999999999,0.08098867151872496,-0.003666666666666707,0.017199999999999993,0.03279999999999994,-0.015058942417633725
20230827_Rennes_Le Havre,2023-08-27 11:00:00,2023,Rennes,Le Havre,2,2,3.49731,3.49731,0.61,0.878,1.0,0.0,12.0,2.6268399999999996,2.1467892,2.2611506,2.1085082322498967,2.1201109999999996,1.8427518000000003,2.1091319,1.476108520249897,0.5566666666666666,0.564,0.585,0.5316347162155944,0.835,0.8378,0.843,0.8420053779417362,8.0,15.0,27.0,3.0,3.0,8.0,5.0,7.0,12.0,0.0,0.0,0.0,48.0,81.0,154.0,2,2,0.41475,0.41475,0.39,0.8029999999999999,2.0,1.0,18.0,1.0582875,1.0582875,1.0582875,0.9435119999999999,1.0582875,1.0582875,1.0582875,0.9435119999999999,0.49,0.49,0.49,0.532,0.7444999999999999,0.7444999999999999,0.7444999999999999,0.7592000000000001,3.0,3.0,3.0,4.0,4.0,4.0,2.0,2.0,2.0,0.0,0.0,0.0,33.0,33.0,33.0,0,3.08256,3.08256,0.21999999999999997,0.07500000000000007,1.5685524999999996,1.0885017000000001,1.2028631,1.1649962322498968,1.0618234999999996,0.7844643000000002,1.0508444,0.532596520249897,0.06666666666666665,0.07399999999999995,0.09499999999999997,-0.00036528378440559006,0.09050000000000002,0.09330000000000005,0.09850000000000003,0.08280537794173615
20230916_Rennes_Lille,2023-09-16 15:00:00,2023,Rennes,Lille,2,2,0.427673,0.427673,0.47,0.823,1.0,0.0,11.0,1.7905393333333333,2.3252336,2.1811114,0.8425803292899958,1.537174,2.0211962000000003,2.0290927,0.8172843408099958,0.5433333333333333,0.5599999999999999,0.578,0.5348653886486238,0.8390000000000001,0.8379999999999999,0.8469000000000001,0.8197602151176695,3.0,10.0,26.0,3.0,5.0,9.0,3.0,7.0,11.0,0.0,0.0,0.0,67.0,89.0,158.0,2,2,1.60903,1.60903,0.53,0.8340000000000001,4.0,0.0,14.0,2.0097766666666668,1.851972,1.756346,1.4197565469261633,2.009776666666667,1.851972,1.5283168,1.4193283983467293,0.62,0.63,0.6222222222222222,0.5920224654164665,0.8530000000000001,0.8514999999999999,0.8368888888888889,0.8518593573375672,4.0,6.0,13.0,4.0,6.0,9.0,6.0,10.0,21.0,1.0,1.0,1.0,53.0,62.0,125.0,0,-1.181357,-1.181357,-0.06000000000000005,-0.01100000000000012,-0.2192373333333335,0.47326159999999984,0.42476539999999985,-0.5771762176361674,-0.47260266666666717,0.16922420000000038,0.5007759,-0.6020440575367335,-0.07666666666666666,-0.07000000000000006,-0.044222222222222274,-0.05715707676784276,-0.014000000000000012,-0.013500000000000068,0.010011111111111193,-0.032099142219897736
20231001_Rennes_Nantes,2023-10-01 18:45:00,2023,Rennes,Nantes,3,1,2.3169,0.796713,0.58,0.861,3.0,0.0,12.0,0.5365346666666664,1.3465768,1.959902,0.8490052931715999,0.5365346666666664,1.1945576000000002,1.8078832999999999,0.8479934536323999,0.5399999999999999,0.546,0.571,0.600594615545945,0.8116666666666666,0.829,0.8366999999999999,0.8084704086047069,2.0,5.0,23.0,2.0,5.0,7.0,3.0,5.0,11.0,0.0,0.0,0.0,59.0,97.0,158.0,1,3,0.902963,0.902963,0.42,0.768,6.0,1.0,16.0,1.339001333333333,1.2390954,1.0788848000000002,2.1895216253707104,1.0856346666666667,0.9350564000000002,0.8508553000000001,1.576382431769913,0.43,0.4,0.386,0.4434755061093424,0.7839999999999999,0.7746,0.7609999999999999,0.8184844211349016,7.0,10.0,13.0,4.0,9.0,16.0,3.0,7.0,19.0,1.0,1.0,1.0,77.0,124.0,223.0,1,1.413937,-0.10624999999999996,0.15999999999999998,0.09299999999999997,-0.8024666666666667,0.10748139999999995,0.8810171999999998,-1.3405163321991105,-0.5491000000000004,0.2595012,0.9570279999999998,-0.7283889781375132,0.10999999999999993,0.14600000000000002,0.18499999999999994,0.15711910943660257,0.027666666666666728,0.054400000000000004,0.07569999999999999,-0.010014012530194738
20231008_Rennes_Paris Saint Germain,2023-10-08 18:45:00,2023,Rennes,Paris Saint Germain,1,3,1.34436,1.34436,0.42,0.8109999999999999,1.0,0.0,13.0,1.226055333333333,1.4847628,1.815776,2.0233210586343198,0.7193263333333331,1.1807254000000005,1.5117386,0.8069690907264799,0.5599999999999999,0.562,0.563,0.5841189231091889,0.8296666666666667,0.8348000000000001,0.8362999999999999,0.8504940817209414,5.0,7.0,22.0,3.0,5.0,8.0,5.0,7.0,14.0,0.0,0.0,0.0,42.0,83.0,164.0,3,1,3.13091,3.13091,,,,,,2.0708966666666657,2.599862,2.1607399999999997,2.786800209722094,2.070896666666666,2.447842,1.9327100000000002,2.781733200698094,,,,,,,,,6.0,13.0,19.0,3.0,5.0,11.0,,,,,,,,,,-1,-1.78655,-1.78655,,,-0.8448413333333327,-1.1150992,-0.3449639999999996,-0.7634791510877741,-1.351570333333333,-1.2671165999999996,-0.4209714000000002,-1.9747641099716142,,,,,,,,
20231029_Rennes_Strasbourg,2023-10-29 16:05:00,2023,Rennes,Strasbourg,1,1,1.11025,1.11025,0.61,0.825,2.0,0.0,19.0,1.534011333333333,1.1926599999999998,1.7589468,1.0486496423453728,1.027282333333333,0.8886226000000003,1.4549094,0.9999955636290592,0.5633333333333334,0.558,0.5589999999999999,0.6425647569243674,0.8370000000000001,0.8278000000000001,0.8329000000000001,0.8349797632688377,5.0,7.0,17.0,6.0,8.0,13.0,6.0,8.0,15.0,0.0,0.0,0.0,37.0,67.0,156.0,1,1,1.02122,1.02122,0.39,0.747,2.0,0.0,19.0,0.49134666666666726,0.840499,0.9777146999999999,0.3463422345128634,0.491346666666667,0.840499,0.9777147000000002,0.34634223152003263,0.38333333333333347,0.41400000000000003,0.41100000000000003,0.27991792193744935,0.7773333333333334,0.7969999999999999,0.7961,0.7258376599035369,1.0,4.0,9.0,6.0,8.0,16.0,5.0,9.0,15.0,0.0,0.0,0.0,42.0,69.0,157.0,0,0.08902999999999994,0.08902999999999994,0.21999999999999997,0.07799999999999996,1.0426646666666657,0.35216099999999984,0.7812321,0.7023074078325094,0.5359356666666659,0.048123600000000266,0.47719469999999986,0.6536533321090265,0.17999999999999988,0.14400000000000002,0.1479999999999999,0.3626468349869181,0.059666666666666646,0.03080000000000016,0.036800000000000055,0.10914210336530084
20231112_Rennes_Lyon,2023-11-12 16:05:00,2023,Rennes,Lyon,0,1,0.680277,0.680277,0.42,0.7909999999999999,3.0,1.0,28.0,0.8452626666666664,1.2394096,1.2929932000000002,0.6073971856938148,0.8452626666666664,0.9353722000000001,1.0649649,0.6054510225451624,0.6133333333333333,0.568,0.557,0.5553025902769747,0.8386666666666667,0.8375999999999999,0.8333,0.8469991905307535,2.0,6.0,11.0,5.0,9.0,14.0,6.0,10.0,15.0,1.0,1.0,1.0,47.0,72.0,169.0,1,0,2.07974,2.07974,0.58,0.8590000000000001,1.0,0.0,16.0,1.6541200000000007,1.1212806,1.2833061999999997,1.8035160558434928,1.4007543333333337,0.9692612,1.1312865,1.7791540341249013,0.5966666666666667,0.5439999999999999,0.53,0.6487206632759335,0.816,0.7958,0.8111,0.843141465330603,5.0,5.0,8.0,6.0,9.0,19.0,5.0,8.0,23.0,0.0,0.0,1.0,36.0,69.0,131.0,-1,-1.3994630000000001,-1.3994630000000001,-0.15999999999999998,-0.06800000000000017,-0.8088573333333343,0.11812899999999993,0.009687000000000445,-1.1961188701496779,-0.5554916666666673,-0.03388899999999995,-0.06632159999999998,-1.1737030115797389,0.016666666666666607,0.02400000000000002,0.027000000000000024,-0.09341807299895877,0.022666666666666724,0.04179999999999995,0.022199999999999998,0.003857725200150486
20231126_Rennes_Reims,2023-11-26 16:05:00,2023,Rennes,Reims,3,1,1.93506,1.93506,0.38,0.733,2.0,0.0,22.0,0.7584303333333331,0.912085,1.1984238999999999,0.665701037138763,0.7584303333333331,0.912085,1.0464052000000001,0.6653118045090325,0.5233333333333333,0.5359999999999999,0.549,0.44706051805539493,0.8226666666666667,0.8236000000000001,0.8291999999999999,0.8021998381061507,1.0,3.0,10.0,4.0,9.0,14.0,7.0,10.0,17.0,2.0,2.0,2.0,63.0,88.0,171.0,1,3,2.24931,2.24931,0.62,0.8270000000000001,2.0,0.0,10.0,1.4227696666666667,1.4463978,1.5129652999999998,1.5547604213264852,1.4227696666666667,1.2943798,1.3609472999999999,1.5537871947736892,0.4833333333333332,0.5,0.495,0.4140259533142796,0.7999999999999999,0.7828,0.7712,0.7742451762753617,2.0,4.0,14.0,3.0,7.0,13.0,4.0,4.0,15.0,0.0,0.0,0.0,59.0,98.0,212.0,1,-0.3142499999999999,-0.3142499999999999,-0.24,-0.09400000000000008,-0.6643393333333336,-0.5343127999999999,-0.31454139999999997,-0.8890593841877221,-0.6643393333333336,-0.38229479999999993,-0.3145420999999997,-0.8884753902646567,0.04000000000000009,0.03599999999999992,0.05400000000000005,0.033034564741115324,0.022666666666666724,0.04080000000000006,0.05799999999999994,0.027954661830788985
20231209_Rennes_Monaco,2023-12-09 16:00:00,2023,Rennes,Monaco,1,2,2.14616,1.38607,0.47,0.763,2.0,0.0,11.0,1.0330439999999996,0.9388292,1.0657446,0.7232736414855505,1.0330439999999996,0.9388292000000001,0.9137259,0.7232580721803612,0.4566666666666666,0.504,0.531,0.5346824207222157,0.7879999999999999,0.8081999999999999,0.818,0.821367993524246,3.0,4.0,11.0,4.0,7.0,15.0,8.0,12.0,20.0,2.0,3.0,3.0,64.0,99.0,166.0,2,1,1.09728,1.09728,0.53,0.81,6.0,1.0,19.0,1.6495483333333334,1.3934256,1.5546128,2.2512303876415554,1.6495483333333336,1.3934256,1.4025937,2.2512272742864026,0.5700000000000001,0.552,0.557,0.601360885930447,0.8253333333333334,0.8096,0.8080999999999999,0.8365223956648328,4.0,6.0,16.0,5.0,7.0,14.0,6.0,10.0,20.0,0.0,0.0,0.0,64.0,104.0,181.0,-1,1.04888,0.2887899999999999,-0.06000000000000005,-0.04700000000000004,-0.6165043333333338,-0.4545964,-0.4888682,-1.5279567461560049,-0.616504333333334,-0.4545963999999999,-0.48886779999999996,-1.5279692021060414,-0.11333333333333345,-0.04800000000000004,-0.026000000000000023,-0.06667846520823129,-0.03733333333333344,-0.0014000000000000679,0.00990000000000002,-0.01515440214058672
20240113_Rennes_Nice,2024-01-13 20:00:00,2023,Rennes,Nice,2,0,1.82506,1.06496,0.44,0.802,1.0,0.0,20.0,1.8483899999999995,1.592805,1.2524449999999998,2.1014153091318843,1.3416599999999999,1.288767,1.1004260000000001,1.469012304577443,0.5133333333333333,0.49800000000000005,0.517,0.5489174593657777,0.7799999999999999,0.7826000000000001,0.8031,0.7908269439481939,4.0,7.0,10.0,3.0,6.0,15.0,7.0,12.0,22.0,0.0,1.0,3.0,49.0,85.0,173.0,0,2,0.805568,0.805568,0.56,0.836,0.0,0.0,16.0,1.9581233333333337,1.62148,1.5516638,2.67922018858377,1.7047566666666671,1.4694600000000002,1.3996438,2.07113240515977,0.5166666666666667,0.54,0.5479999999999999,0.4486679796548672,0.8293333333333334,0.8506,0.8544,0.8244990235574061,5.0,6.0,11.0,4.0,5.0,5.0,6.0,6.0,17.0,1.0,1.0,2.0,39.0,83.0,148.0,1,1.019492,0.25939199999999996,-0.12000000000000005,-0.03399999999999992,-0.10973333333333413,-0.028675000000000006,-0.29921880000000023,-0.5778048794518855,-0.3630966666666673,-0.18069300000000021,-0.29921779999999987,-0.6021201005823271,-0.0033333333333334103,-0.04199999999999998,-0.030999999999999917,0.10024947971091053,-0.04933333333333345,-0.06799999999999995,-0.05130000000000001,-0.03367207960921226
20240203_Rennes_Montpellier,2024-02-03 16:00:00,2023,Rennes,Montpellier,2,1,2.21096,1.45087,0.48,0.7859999999999999,4.0,0.0,25.0,1.8390466666666663,1.7489899999999998,1.3439096,1.4758422123652752,1.3323133333333332,1.292932,1.1158806,1.3289300921830978,0.45333333333333337,0.46799999999999997,0.48600000000000004,0.38035669837463104,0.7926666666666667,0.7849999999999999,0.7966,0.7863530777579277,8.0,9.0,13.0,3.0,5.0,12.0,6.0,10.0,22.0,0.0,0.0,3.0,64.0,97.0,196.0,1,2,0.797935,0.797935,0.52,0.773,3.0,0.0,12.0,1.1169050000000003,1.0931524,1.2600135,1.2312253380920593,1.1169050000000007,1.0931524000000004,1.1079935000000003,1.23117863505739,0.35333333333333344,0.378,0.413,0.38189340668970795,0.7333333333333334,0.7168,0.7327999999999999,0.7576950913520444,1.0,2.0,4.0,3.0,3.0,12.0,8.0,12.0,22.0,0.0,0.0,1.0,81.0,149.0,251.0,1,1.4130250000000002,0.6529350000000002,-0.040000000000000036,0.0129999999999999,0.722141666666666,0.6558375999999999,0.08389610000000003,0.244616874273216,0.21540833333333254,0.1997795999999996,0.007887099999999592,0.09775145712570787,0.09999999999999992,0.08999999999999997,0.07300000000000006,-0.0015367083150769068,0.05933333333333335,0.06819999999999993,0.06380000000000008,0.02865798640588335
20240218_Rennes_Clermont Foot,2024-02-18 14:00:00,2023,Rennes,Clermont Foot,3,1,4.27182,3.4653,0.53,0.861,1.0,0.0,16.0,1.590803333333333,1.782966,1.5241772,1.362171288494611,1.3374399999999997,1.3269080000000002,1.2201392,1.234680403687324,0.45,0.47000000000000003,0.47000000000000003,0.5000142679349853,0.7926666666666667,0.7946,0.7884,0.8044141231103172,6.0,11.0,15.0,3.0,4.0,10.0,7.0,11.0,23.0,0.0,0.0,2.0,76.0,112.0,209.0,1,3,0.755433,0.755433,0.47,0.85,0.0,1.0,14.0,1.1796433333333334,1.103342,0.9756832000000001,1.145417545881015,1.1796433333333336,1.103342,0.9756832,1.145417483609331,0.4633333333333334,0.462,0.45099999999999996,0.4527398783999268,0.7843333333333334,0.769,0.78,0.7662851243053705,2.0,5.0,7.0,6.0,10.0,19.0,4.0,5.0,19.0,1.0,2.0,5.0,54.0,99.0,207.0,1,3.516387,2.709867,0.06000000000000005,0.01100000000000001,0.4111599999999995,0.679624,0.5484939999999999,0.21675374261359615,0.15779666666666614,0.22356600000000015,0.244456,0.08926292007799308,-0.013333333333333364,0.008000000000000007,0.019000000000000072,0.04727438953505847,0.008333333333333304,0.025599999999999956,0.008399999999999963,0.03812899880494669
20240303_Rennes_Lorient,2024-03-03 16:05:00,2023,Rennes,Lorient,1,2,1.48788,1.48788,0.56,0.84,1.0,0.0,9.0,2.1469926666666663,2.0053316,1.7880683000000002,1.5239204515397844,1.8781526666666661,1.6920096,1.4033783,1.3897776161474928,0.46,0.44400000000000006,0.47700000000000004,0.3768005707173994,0.8076666666666666,0.7984,0.7974,0.7723365649244127,5.0,10.0,16.0,2.0,5.0,10.0,5.0,11.0,22.0,0.0,0.0,1.0,62.0,115.0,198.0,2,1,1.94566,1.94566,0.44,0.8220000000000001,2.0,0.0,28.0,1.6828096666666672,1.6109278,1.2469082999999999,0.9228961361595092,1.6828096666666672,1.6109278,1.2469082999999999,0.922896136159509,0.47000000000000003,0.48,0.46900000000000003,0.5895392814216963,0.8126666666666665,0.8143999999999998,0.8074999999999999,0.8432690620775148,5.0,10.0,14.0,2.0,6.0,20.0,2.0,7.0,25.0,0.0,0.0,0.0,109.0,170.0,262.0,-1,-0.45777999999999985,-0.45777999999999985,0.12000000000000005,0.017999999999999905,0.4641829999999991,0.39440379999999986,0.5411600000000003,0.6010243153802752,0.19534299999999893,0.08108179999999998,0.1564700000000001,0.4668814799879838,-0.010000000000000009,-0.03599999999999992,0.008000000000000007,-0.2127387107042969,-0.004999999999999893,-0.015999999999999792,-0.010099999999999887,-0.07093249715310213
20240317_Rennes_Marseille,2024-03-17 16:05:00,2023,Rennes,Marseille,2,0,1.59209,0.831998,0.43,0.804,1.0,0.0,24.0,1.2271793333333332,1.8280176000000001,1.7949837999999996,1.2680016180615914,1.2271793333333332,1.6667136000000002,1.4863028,1.2626359046458997,0.4333333333333334,0.4680000000000001,0.46900000000000003,0.42467202282869604,0.7896666666666666,0.8078,0.7987,0.7860934625969764,4.0,8.0,18.0,5.0,6.0,10.0,6.0,8.0,20.0,0.0,0.0,0.0,55.0,94.0,205.0,0,2,0.740416,0.740416,0.57,0.823,3.0,0.0,12.0,2.6723233333333334,2.181534,2.0279976,2.21997952809805,2.4189599999999998,2.029516,1.9519886,2.1956566456073676,0.5566666666666665,0.5820000000000001,0.5920000000000001,0.536919377595349,0.8286666666666668,0.8284,0.8297000000000001,0.8320266705859486,11.0,12.0,18.0,2.0,4.0,10.0,5.0,8.0,14.0,0.0,1.0,1.0,72.0,107.0,190.0,1,0.851674,0.09158200000000005,-0.13999999999999996,-0.018999999999999906,-1.4451440000000002,-0.35351639999999995,-0.23301380000000038,-0.9519779100364587,-1.1917806666666666,-0.36280239999999986,-0.4656857999999999,-0.9330207409614679,-0.12333333333333313,-0.11399999999999999,-0.12300000000000005,-0.11224735476665298,-0.039000000000000146,-0.020600000000000063,-0.03100000000000014,-0.04593320798897216
20240413_Rennes_Toulouse,2024-04-13 19:00:00,2023,Rennes,Toulouse,1,2,0.877819,0.877819,0.55,0.833,3.0,0.0,16.0,1.389951333333333,1.3737928,1.6895622,1.5388131329444927,1.1365873333333332,1.2217744000000004,1.4568920000000003,1.5144472632371673,0.5,0.492,0.4680000000000001,0.4955573761826295,0.8150000000000001,0.8122,0.8052999999999999,0.7963367477007759,2.0,5.0,15.0,3.0,7.0,12.0,4.0,7.0,18.0,1.0,1.0,1.0,62.0,94.0,209.0,2,1,0.783871,0.783871,0.45,0.7709999999999999,3.0,0.0,21.0,1.7292076666666667,1.3801302,1.5492443999999999,1.0983578961131197,1.2224776666666668,1.0760922,1.1691968,0.9522237797376506,0.4766666666666666,0.476,0.4699999999999999,0.4759356731143397,0.8216666666666667,0.8071999999999999,0.7788,0.8294131981213693,5.0,7.0,16.0,3.0,5.0,13.0,5.0,8.0,21.0,0.0,0.0,0.0,60.0,91.0,190.0,-1,0.09394800000000003,0.09394800000000003,0.10000000000000003,0.062000000000000055,-0.3392563333333336,-0.0063374000000000485,0.14031780000000005,0.440455236831373,-0.08589033333333362,0.14568220000000043,0.2876952000000004,0.5622234834995167,0.023333333333333373,0.016000000000000014,-0.0019999999999998352,0.01962170306828981,-0.006666666666666599,0.0050000000000001155,0.026499999999999857,-0.03307645042059337
20240428_Rennes_Brest,2024-04-28 15:05:00,2023,Rennes,Brest,4,5,2.34207,2.34207,0.47,0.804,4.0,0.0,28.0,1.641316333333333,1.4858605999999999,1.6569391,2.1073075653177797,1.3879496666666664,1.1818222000000003,1.4242679,1.4982529305294865,0.5266666666666667,0.52,0.49400000000000005,0.5478222950473052,0.8130000000000001,0.82,0.8139,0.8227334699080311,4.0,6.0,14.0,3.0,5.0,11.0,8.0,11.0,19.0,1.0,1.0,1.0,53.0,95.0,189.0,5,4,2.18698,2.18698,0.53,0.7909999999999999,1.0,0.0,29.0,2.291878,1.7466671999999999,1.5416643,0.9370220166459127,2.291878,1.7466672000000003,1.465655,0.9370142332927957,0.5633333333333336,0.53,0.531,0.5480384597005333,0.8119999999999999,0.8074,0.7993,0.771369888058711,7.0,9.0,15.0,9.0,10.0,12.0,10.0,16.0,29.0,1.0,2.0,4.0,58.0,106.0,206.0,-1,0.15508999999999995,0.15508999999999995,-0.06000000000000005,0.013000000000000123,-0.6505616666666671,-0.2608066,0.1152747999999999,1.170285548671867,-0.9039283333333337,-0.564845,-0.0413870999999999,0.5612386972366908,-0.03666666666666685,-0.010000000000000009,-0.03699999999999998,-0.00021616465322815692,0.001000000000000112,0.012599999999999945,0.014599999999999946,0.051363581849320106
20240512_Rennes_Lens,2024-05-12 19:00:00,2023,Rennes,Lens,1,1,2.1522,2.1522,0.57,0.852,2.0,0.0,10.0,2.2472933333333334,1.8568398000000002,1.5471091000000001,2.073567502612711,1.740563333333333,1.5528018000000001,1.3190809000000001,1.4411333172211793,0.5533333333333333,0.538,0.5010000000000001,0.6091128918018922,0.8190000000000001,0.8148,0.8103999999999999,0.8263493387963212,10.0,11.0,17.0,7.0,10.0,17.0,11.0,15.0,24.0,0.0,1.0,1.0,60.0,96.0,193.0,1,1,0.410537,0.410537,0.43,0.763,3.0,0.0,18.0,2.1202833333333326,1.860296,1.8373423,2.1457526354827445,1.8669166666666666,1.5562580000000001,1.6093133000000002,2.1165633026981565,0.5333333333333332,0.5740000000000001,0.5529999999999999,0.5660165609675342,0.8106666666666666,0.8081999999999999,0.8097,0.8196994230202392,4.0,6.0,14.0,2.0,5.0,13.0,4.0,11.0,26.0,0.0,0.0,0.0,63.0,95.0,163.0,0,1.7416630000000002,1.7416630000000002,0.13999999999999996,0.08899999999999997,0.12701000000000073,-0.0034561999999997983,-0.29023319999999986,-0.07218513287003336,-0.12635333333333354,-0.0034562000000000204,-0.29023240000000006,-0.6754299854769772,0.02000000000000013,-0.03600000000000003,-0.051999999999999824,0.04309633083435804,0.008333333333333415,0.00660000000000005,0.0006999999999999229,0.006649915776081983
20220806_Strasbourg_Monaco,2022-08-06 15:00:00,2022,Strasbourg,Monaco,1,2,1.39118,1.39118,0.53,0.782,0.0,0.0,15.0,1.5207900000000005,1.2434816000000002,1.319612,0.6885700898500481,1.5207900000000005,1.2434816000000002,1.1532015000000002,0.6883308811460281,0.4533333333333334,0.4640000000000001,0.46499999999999997,0.47405438745523354,0.7866666666666666,0.7714000000000001,0.7663,0.822819678799063,5.0,7.0,13.0,4.0,7.0,17.0,4.0,7.0,14.0,0.0,0.0,1.0,44.0,92.0,157.0,2,1,2.47965,2.47965,0.47,0.772,2.0,0.0,16.0,1.2930333333333335,1.4702680000000001,1.8653195,1.3382322382733058,1.2930333333333335,1.318248,1.3943567,1.333264996803849,0.55,0.542,0.577,0.6072059832796592,0.7956666666666666,0.7844,0.8054,0.7924693476766699,3.0,6.0,20.0,1.0,4.0,4.0,7.0,10.0,17.0,0.0,2.0,2.0,37.0,64.0,122.0,-1,-1.0884699999999998,-1.0884699999999998,0.06000000000000005,0.010000000000000009,0.22775666666666705,-0.22678639999999994,-0.5457075,-0.6496621484232578,0.22775666666666705,-0.0747663999999999,-0.24115519999999968,-0.6449341156578209,-0.09666666666666662,-0.07799999999999996,-0.11199999999999999,-0.1331515958244257,-0.009000000000000008,-0.0129999999999999,-0.039100000000000024,0.03035033112239316
20220821_Strasbourg_Reims,2022-08-21 11:00:00,2022,Strasbourg,Reims,1,1,1.44615,1.44615,0.63,0.8009999999999999,1.0,0.0,15.0,1.0957366666666672,1.505124,1.345606,1.5077876035940019,1.095736666666667,1.505124,1.1791955,1.5077780352458412,0.4966666666666668,0.4680000000000001,0.453,0.46376217549820936,0.8053333333333333,0.7866,0.7731,0.7908327871519625,3.0,7.0,14.0,4.0,7.0,17.0,5.0,8.0,14.0,0.0,0.0,1.0,50.0,83.0,169.0,1,1,2.03506,2.03506,0.37,0.73,4.0,0.0,19.0,1.5095546666666666,1.0025366000000002,0.8586223000000001,2.27111695330332,1.0028246666666667,0.6984986000000001,0.7066033,1.0549649533033187,0.4733333333333334,0.44800000000000006,0.45099999999999996,0.4276730191824209,0.7836666666666666,0.8006,0.8017,0.7489637517019497,4.0,4.0,9.0,10.0,15.0,22.0,4.0,5.0,16.0,1.0,2.0,4.0,43.0,78.0,171.0,0,-0.58891,-0.58891,0.26,0.07099999999999995,-0.41381799999999935,0.5025873999999997,0.4869837,-0.7633293497093181,0.09291200000000033,0.8066253999999998,0.4725922,0.45281308194252246,0.023333333333333428,0.020000000000000018,0.0020000000000000573,0.03608915631578846,0.021666666666666723,-0.014000000000000012,-0.02859999999999996,0.04186903545001275
20220831_Strasbourg_Nantes,2022-08-31 17:00:00,2022,Strasbourg,Nantes,1,1,0.260394,0.260394,0.46,0.77,0.0,0.0,19.0,1.5578366666666674,1.27773,1.3327498000000002,1.6159275041437602,1.5578366666666668,1.27773,1.2423493,1.6159271214098336,0.5533333333333336,0.5399999999999999,0.499,0.5833504870199283,0.8016666666666666,0.806,0.7828,0.8101933114860784,2.0,4.0,11.0,3.0,6.0,13.0,6.0,7.0,15.0,0.0,0.0,1.0,59.0,85.0,181.0,1,1,0.582194,0.582194,0.54,0.81,3.0,0.0,19.0,2.080633333333333,1.7600539999999998,1.802703,1.8967274979359396,1.8272899999999999,1.6080479999999997,1.5746804,1.7750759975959425,0.4166666666666666,0.45,0.429,0.48431570353359343,0.7266666666666667,0.7253999999999999,0.7153,0.7785286080929412,5.0,6.0,20.0,4.0,6.0,10.0,2.0,7.0,11.0,0.0,0.0,0.0,69.0,108.0,213.0,0,-0.3218,-0.3218,-0.08000000000000002,-0.040000000000000036,-0.5227966666666657,-0.48232399999999975,-0.46995319999999974,-0.28079999379217946,-0.2694533333333331,-0.33031799999999967,-0.3323311,-0.15914887618610885,0.136666666666667,0.08999999999999991,0.07,0.09903478348633488,0.07499999999999996,0.08060000000000012,0.0675,0.031664703393137206
20220911_Strasbourg_Clermont Foot,2022-09-11 11:00:00,2022,Strasbourg,Clermont Foot,0,0,2.60466,2.60466,0.43,0.7070000000000001,4.0,1.0,19.0,1.5229080000000004,1.5173888,1.3796812,2.22873214016575,1.2695446666666668,1.3653708,1.3036721999999998,1.6206601248563932,0.48333333333333345,0.506,0.47400000000000003,0.4249340194807971,0.7696666666666666,0.7802,0.7777000000000001,0.7364077324594431,2.0,4.0,11.0,3.0,5.0,12.0,2.0,7.0,13.0,1.0,1.0,1.0,58.0,97.0,182.0,0,0,0.959426,0.959426,0.57,0.779,2.0,0.0,22.0,0.7013233333333333,0.8766695999999999,0.7630466666666668,1.2525836966400001,0.7013233333333333,0.7246501999999999,0.6363638333333334,1.25161077248,0.4466666666666667,0.48,0.4633333333333333,0.359136,0.765,0.8,0.806,0.7147328,3.0,8.0,8.0,3.0,5.0,10.0,9.0,13.0,15.0,1.0,1.0,1.0,54.0,79.0,96.0,0,1.6452339999999999,1.6452339999999999,-0.13999999999999996,-0.07199999999999995,0.8215846666666671,0.6407192,0.6166345333333333,0.9761484435257499,0.5682213333333335,0.6407206000000001,0.6673083666666665,0.36904935237639314,0.036666666666666736,0.026000000000000023,0.010666666666666713,0.06579801948079711,0.004666666666666597,-0.01980000000000004,-0.028299999999999992,0.021674932459443186
20221001_Strasbourg_Rennes,2022-10-01 15:00:00,2022,Strasbourg,Rennes,1,3,1.15088,0.390788,0.4,0.7879999999999999,0.0,1.0,15.0,1.958359333333334,1.5581523999999998,1.4789732,0.99979728560663,1.7049960000000002,1.4061343999999998,1.4029642,0.9754744049942556,0.4466666666666668,0.476,0.47800000000000004,0.4857973607792319,0.723,0.7504,0.7703,0.7313763092983777,2.0,3.0,9.0,3.0,5.0,10.0,9.0,10.0,17.0,2.0,2.0,2.0,61.0,100.0,183.0,3,1,2.24201,2.24201,0.6,0.85,2.0,0.0,9.0,2.4008959999999995,1.9066856,1.5593998,1.3782327386182218,2.4008959999999995,1.9066856000000005,1.5593998,1.378232738594313,0.5333333333333333,0.546,0.5840000000000001,0.4324254167505571,0.818,0.8257999999999999,0.8341,0.7787952909854013,7.0,11.0,17.0,2.0,5.0,10.0,7.0,10.0,24.0,0.0,0.0,3.0,46.0,83.0,153.0,-1,-1.0911300000000002,-1.851222,-0.19999999999999996,-0.062000000000000055,-0.44253666666666547,-0.3485332000000003,-0.08042660000000001,-0.37843545301159187,-0.6958999999999993,-0.5005512000000008,-0.1564356,-0.4027583336000573,-0.0866666666666665,-0.07000000000000006,-0.10600000000000004,0.05337194402867479,-0.09499999999999997,-0.07539999999999991,-0.06379999999999997,-0.04741898168702363
20221014_Strasbourg_Lille,2022-10-14 19:00:00,2022,Strasbourg,Lille,0,3,0.366401,0.366401,0.43,0.726,3.0,0.0,11.0,1.5504426666666673,1.9818056,1.6234112,2.5305886914242652,1.297078666666667,1.6777692000000002,1.4713930000000002,2.4080010561997707,0.45333333333333353,0.44000000000000006,0.48500000000000004,0.4514318944311693,0.7783333333333333,0.7535999999999999,0.7725,0.804135052371935,5.0,6.0,10.0,7.0,8.0,14.0,5.0,10.0,16.0,1.0,3.0,3.0,53.0,91.0,184.0,3,0,2.59097,1.83088,0.57,0.815,1.0,0.0,21.0,1.79201,1.4866444,1.5512871000000001,2.2387362584202393,1.5386433333333336,1.3346244,1.3992681,1.630617277054181,0.51,0.55,0.571,0.47936303299823135,0.7839999999999999,0.7964,0.8261,0.7952535564838272,4.0,8.0,18.0,3.0,6.0,18.0,8.0,13.0,24.0,0.0,0.0,0.0,57.0,87.0,171.0,-1,-2.224569,-1.464479,-0.13999999999999996,-0.08899999999999997,-0.2415673333333328,0.49516119999999986,0.07212409999999991,0.29185243300402597,-0.24156466666666665,0.34314480000000014,0.07212490000000016,0.7773837791455898,-0.056666666666666476,-0.10999999999999999,-0.08599999999999991,-0.02793113856706203,-0.005666666666666598,-0.04280000000000006,-0.05359999999999998,0.008881495888107827
20221029_Strasbourg_Marseille,2022-10-29 19:00:00,2022,Strasbourg,Marseille,2,2,0.890654,0.890654,0.51,0.7859999999999999,0.0,0.0,12.0,1.6272736666666674,1.3300158,1.5269613,1.4657277076569708,1.3234226666666669,0.9956868,1.2837878,0.7315818022479909,0.4700000000000002,0.462,0.48200000000000004,0.5028572757772468,0.7713333333333333,0.7676,0.7655000000000001,0.7699254020948774,5.0,7.0,10.0,7.0,12.0,16.0,5.0,9.0,16.0,0.0,1.0,3.0,49.0,87.0,179.0,2,2,1.93874,1.93874,0.49,0.805,2.0,0.0,16.0,1.4824533333333336,1.5768400000000002,1.732571,1.7957208320948579,1.2290889999999999,1.4248214000000001,1.5805517,1.771390069682023,0.5666666666666665,0.5720000000000001,0.558,0.5530529769870041,0.8243333333333333,0.8230000000000001,0.8190999999999999,0.8203768900828876,1.0,5.0,15.0,4.0,5.0,7.0,3.0,6.0,20.0,1.0,1.0,2.0,34.0,65.0,134.0,0,-1.048086,-1.048086,0.020000000000000018,-0.019000000000000128,0.14482033333333377,-0.24682420000000027,-0.20560970000000012,-0.3299931244378871,0.09433366666666698,-0.42913460000000014,-0.29676389999999997,-1.039808267434032,-0.09666666666666635,-0.11000000000000004,-0.07600000000000001,-0.05019570120975725,-0.052999999999999936,-0.055400000000000116,-0.05359999999999987,-0.050451487988010246
20221113_Strasbourg_Lorient,2022-11-13 16:05:00,2022,Strasbourg,Lorient,1,1,1.84883,1.84883,0.61,0.81,4.0,0.0,9.0,1.0643806666666673,1.2885226,1.3728965,0.7372441483062788,0.7605296666666669,1.106212,1.1297229999999998,0.7078783120899196,0.5133333333333335,0.48600000000000004,0.46299999999999997,0.5097142910310899,0.7786666666666666,0.7746,0.76,0.7749570160837951,6.0,9.0,13.0,8.0,13.0,20.0,5.0,9.0,18.0,0.0,0.0,3.0,46.0,72.0,167.0,1,1,0.877509,0.877509,0.39,0.7509999999999999,1.0,0.0,45.0,1.2127626666666667,1.1661316,1.3132607,0.9137508478800962,1.2127626666666667,1.1661316,1.3132607,0.9137508304247006,0.47666666666666657,0.48200000000000004,0.446,0.4207950744043155,0.8416666666666667,0.8152000000000001,0.7924,0.8272291185514442,4.0,6.0,18.0,6.0,7.0,12.0,1.0,3.0,11.0,0.0,0.0,1.0,49.0,92.0,230.0,0,0.971321,0.971321,0.21999999999999997,0.05900000000000016,-0.14838199999999935,0.12239100000000014,0.059635799999999906,-0.17650669957381737,-0.4522329999999998,-0.05991959999999996,-0.18353770000000025,-0.20587251833478104,0.03666666666666696,0.0040000000000000036,0.01699999999999996,0.08891921662677438,-0.06300000000000006,-0.04060000000000019,-0.032399999999999984,-0.05227210246764913
20230102_Strasbourg_Troyes,2023-01-02 14:00:00,2022,Strasbourg,Troyes,2,3,1.15328,1.15328,0.56,0.7929999999999999,1.0,0.0,5.0,1.2181226666666674,1.2354744,1.3799761,1.233622565932251,1.218122666666667,1.0531638,1.2128116,1.2324479324835966,0.4700000000000002,0.4880000000000001,0.466,0.34998857164124353,0.7923333333333334,0.788,0.7707999999999999,0.7957982806433519,4.0,8.0,13.0,7.0,11.0,21.0,9.0,10.0,22.0,0.0,0.0,2.0,45.0,80.0,163.0,3,2,1.32781,1.32781,0.44,0.738,2.0,0.0,32.0,0.8615260000000001,1.0651056,1.1194946,0.30709849032628395,0.8615259999999999,1.0651056,1.1194946,0.30709847734992657,0.5066666666666667,0.45400000000000007,0.4640000000000001,0.5404081364199015,0.81,0.8184000000000001,0.805,0.8205083147802051,2.0,7.0,15.0,3.0,9.0,17.0,4.0,9.0,20.0,1.0,1.0,1.0,55.0,90.0,170.0,-1,-0.17452999999999985,-0.17452999999999985,0.12000000000000005,0.05499999999999994,0.35659666666666723,0.17036879999999988,0.26048150000000003,0.9265240756059672,0.356596666666667,-0.011941800000000002,0.0933170000000001,0.9253494551336701,-0.036666666666666514,0.03400000000000003,0.0019999999999999463,-0.19041956477865796,-0.01766666666666661,-0.030400000000000094,-0.03420000000000012,-0.024710034136853243
20230111_Strasbourg_Lens,2023-01-11 20:00:00,2022,Strasbourg,Lens,2,2,1.15467,1.15467,0.35,0.7859999999999999,1.0,0.0,34.0,1.379170000000001,1.1396604,1.2348381,1.1693485131864503,1.3791700000000002,1.1396604,1.0676736,1.1691135864967195,0.4866666666666668,0.496,0.479,0.5179977143282488,0.7989999999999999,0.7912,0.7794,0.7935596561286703,4.0,8.0,15.0,6.0,12.0,24.0,6.0,10.0,19.0,0.0,0.0,1.0,39.0,62.0,149.0,2,2,1.5001,1.5001,0.65,0.866,1.0,0.0,10.0,1.4674166666666666,1.8452680000000001,1.7155212,1.6905135777615459,1.4674166666666661,1.693248,1.4874912,1.6895313095491327,0.5366666666666666,0.538,0.5429999999999999,0.44632251878558216,0.838,0.8333999999999999,0.8274000000000001,0.8147097221361506,5.0,10.0,13.0,2.0,3.0,4.0,6.0,10.0,23.0,0.0,0.0,0.0,39.0,62.0,145.0,0,-0.3454299999999999,-0.3454299999999999,-0.30000000000000004,-0.08000000000000007,-0.0882466666666657,-0.7056076000000002,-0.48068310000000003,-0.5211650645750956,-0.08824666666666592,-0.5535876000000002,-0.4198176,-0.5204177230524132,-0.04999999999999982,-0.04200000000000004,-0.06399999999999995,0.07167519554266666,-0.039000000000000035,-0.042199999999999904,-0.048000000000000154,-0.02115006600748026
20230129_Strasbourg_Toulouse,2023-01-29 14:00:00,2022,Strasbourg,Toulouse,1,2,0.899943,0.899943,0.54,0.7709999999999999,2.0,1.0,9.0,1.154253333333334,1.289398,1.2889602999999998,1.155369140527458,1.1542533333333336,1.2893979999999998,1.1978050000000002,1.1553597434598688,0.3966666666666668,0.418,0.45199999999999996,0.30071990857312997,0.7586666666666666,0.776,0.7753,0.7151023862451469,6.0,8.0,17.0,6.0,9.0,22.0,5.0,10.0,19.0,0.0,0.0,0.0,81.0,115.0,187.0,2,1,2.05016,2.05016,0.46,0.741,1.0,0.0,20.0,1.7369,1.611656,1.4387779,1.666004484341762,1.4835366666666667,1.3076192,1.2107505,1.539523926077442,0.5933333333333333,0.5619999999999999,0.522,0.6190209159078975,0.8003333333333332,0.7939999999999999,0.7763,0.8158765156833943,8.0,10.0,16.0,1.0,9.0,19.0,6.0,8.0,16.0,0.0,0.0,1.0,50.0,73.0,170.0,-1,-1.150217,-1.150217,0.08000000000000002,0.029999999999999916,-0.5826466666666661,-0.32225799999999993,-0.14981760000000022,-0.5106353438143041,-0.32928333333333315,-0.01822120000000016,-0.012945499999999832,-0.38416418261757324,-0.1966666666666665,-0.14399999999999996,-0.07000000000000006,-0.31830100733476757,-0.04166666666666663,-0.017999999999999905,-0.0010000000000000009,-0.10077412943824737
20230205_Strasbourg_Montpellier,2023-02-05 14:00:00,2022,Strasbourg,Montpellier,2,0,1.51625,1.51625,0.33,0.67,3.0,1.0,31.0,0.7320596666666676,0.9008258,1.0681501,0.30334644562109825,0.7320596666666669,0.9008258,0.9769947999999999,0.30334606973839473,0.41000000000000014,0.42800000000000005,0.458,0.4264287963429252,0.7616666666666667,0.7727999999999999,0.7804,0.8055640954498059,3.0,7.0,15.0,6.0,11.0,22.0,6.0,8.0,18.0,1.0,1.0,1.0,63.0,102.0,182.0,0,2,0.613708,0.613708,0.67,0.8059999999999999,1.0,0.0,5.0,0.7218030000000001,0.7002006000000001,1.0580007999999999,0.3809239579290902,0.7218030000000003,0.5481810000000003,0.9059815,0.3799432486181956,0.41,0.4119999999999999,0.43599999999999994,0.3576168347887518,0.7246666666666667,0.7392000000000001,0.7356,0.727039474255716,3.0,5.0,10.0,6.0,14.0,21.0,5.0,8.0,20.0,2.0,2.0,3.0,64.0,101.0,190.0,1,0.9025420000000001,0.9025420000000001,-0.34,-0.1359999999999999,0.010256666666667469,0.20062519999999995,0.010149300000000139,-0.07757751230799192,0.01025666666666658,0.35264479999999976,0.07101329999999995,-0.07659717887980089,1.6653345369377348e-16,0.016000000000000125,0.022000000000000075,0.0688119615541734,0.03700000000000003,0.03359999999999985,0.04479999999999995,0.07852462119408987
20230218_Strasbourg_Angers,2023-02-18 20:00:00,2022,Strasbourg,Angers,2,1,1.94958,1.94958,0.36,0.753,3.0,0.0,26.0,0.6106500000000008,0.7773405999999999,0.9849020999999999,0.3941530578248439,0.6106500000000004,0.7773405999999999,0.9849021,0.3941530427895358,0.35666666666666685,0.378,0.421,0.333857151853717,0.755,0.7466,0.7689,0.7618225638179923,2.0,5.0,13.0,5.0,8.0,20.0,6.0,11.0,22.0,1.0,2.0,2.0,59.0,110.0,194.0,1,2,1.04967,0.289572,0.64,0.836,3.0,0.0,13.0,0.48146333333333335,0.5681078,0.8768366000000001,0.47059933798932535,0.48146333333333335,0.5681078,0.8768366000000001,0.47059933798518083,0.4466666666666666,0.502,0.46699999999999997,0.4878335601216057,0.7320000000000001,0.7762,0.7923,0.7425571355801424,2.0,3.0,5.0,3.0,9.0,17.0,7.0,11.0,18.0,1.0,1.0,1.0,69.0,89.0,154.0,1,0.89991,1.6600080000000002,-0.28,-0.08299999999999996,0.12918666666666745,0.20923279999999989,0.10806549999999981,-0.07644628016448146,0.129186666666667,0.20923279999999989,0.10806549999999993,-0.07644629519564505,-0.08999999999999975,-0.124,-0.045999999999999985,-0.15397640826788872,0.02299999999999991,-0.02959999999999996,-0.023399999999999976,0.019265428237849935
20230305_Strasbourg_Brest,2023-03-05 14:00:00,2022,Strasbourg,Brest,0,1,0.983616,0.983616,0.62,0.732,2.0,0.0,14.0,1.0146450000000007,0.9403222,1.0199714,1.0637637223129939,1.0146450000000002,0.9403222000000001,1.0199714,1.0637637217115814,0.37666666666666676,0.374,0.389,0.4229542860741487,0.7383333333333333,0.7404,0.7543,0.6981529025527197,3.0,5.0,13.0,4.0,7.0,17.0,9.0,13.0,21.0,0.0,1.0,2.0,66.0,109.0,224.0,1,0,0.585063,0.585063,0.38,0.626,1.0,0.0,37.0,0.4795243333333335,0.8235972,0.9179714000000001,0.3147423670806905,0.4795243333333332,0.8235972,0.9179714000000001,0.31474224204826984,0.4500000000000001,0.388,0.392,0.34534359469082065,0.7616666666666666,0.7418,0.7344,0.7245339653909291,2.0,3.0,10.0,7.0,8.0,14.0,5.0,9.0,17.0,1.0,1.0,1.0,74.0,139.0,228.0,-1,0.39855300000000005,0.39855300000000005,0.24,0.10599999999999998,0.5351206666666672,0.11672499999999997,0.10199999999999987,0.7490213552323034,0.535120666666667,0.11672500000000008,0.10199999999999987,0.7490214796633116,-0.07333333333333336,-0.014000000000000012,-0.0030000000000000027,0.07761069138332805,-0.023333333333333317,-0.0014000000000000679,0.019899999999999918,-0.0263810628382094
20230319_Strasbourg_Auxerre,2023-03-19 14:00:00,2022,Strasbourg,Auxerre,2,0,2.88267,1.99909,0.51,0.682,2.0,0.0,11.0,1.3752990000000007,1.2499502000000002,1.111685,1.9776891088925197,1.3752990000000003,1.2499502,1.111685,1.9776891088684632,0.5500000000000002,0.46799999999999997,0.425,0.5881181714429659,0.737,0.7484,0.7483000000000001,0.7810461161021088,3.0,5.0,12.0,4.0,7.0,15.0,10.0,15.0,25.0,0.0,0.0,2.0,42.0,84.0,212.0,0,2,0.945437,0.945437,0.49,0.67,1.0,0.0,14.0,0.8711836666666665,1.2896861999999998,1.1344923999999998,0.8905195566862839,0.8711836666666667,0.833629,0.8304548,0.8837012930711935,0.36000000000000004,0.386,0.42800000000000005,0.3370979325739202,0.746,0.7516,0.7536,0.7068194146307033,2.0,5.0,7.0,1.0,3.0,14.0,6.0,10.0,19.0,0.0,0.0,1.0,80.0,114.0,190.0,1,1.937233,1.0536530000000002,0.020000000000000018,0.01200000000000001,0.5041153333333342,-0.03973599999999955,-0.02280739999999981,1.0871695522062357,0.5041153333333336,0.41632120000000006,0.2812302,1.0939878157972696,0.1900000000000001,0.08199999999999996,-0.003000000000000058,0.2510202388690457,-0.009000000000000008,-0.0032000000000000917,-0.005299999999999971,0.07422670147140553
20230416_Strasbourg_Ajaccio,2023-04-16 13:00:00,2022,Strasbourg,Ajaccio,3,1,1.59182,0.831729,0.43,0.74,2.0,0.0,25.0,1.6729823333333342,1.6449526000000003,1.2926374,0.8211013528711401,1.3784556666666667,1.4682365999999998,1.2042793999999999,0.7928267928709476,0.4900000000000002,0.536,0.45499999999999996,0.4690249453715437,0.7460000000000001,0.7529999999999999,0.7466999999999999,0.7807123689288169,6.0,8.0,13.0,6.0,9.0,16.0,8.0,14.0,27.0,1.0,1.0,2.0,48.0,66.0,175.0,1,3,0.478923,0.478923,0.57,0.78,5.0,0.0,17.0,0.6014286666666666,0.4732314000000001,0.8579454999999999,0.8679234005347468,0.6014286666666665,0.4732314000000001,0.7819365,0.8677288173632067,0.43999999999999995,0.43200000000000005,0.45099999999999996,0.5259324910114003,0.7033333333333335,0.6980000000000001,0.7269,0.7457347381608053,1.0,1.0,5.0,7.0,9.0,19.0,8.0,14.0,22.0,2.0,2.0,3.0,46.0,91.0,161.0,1,1.112897,0.35280600000000006,-0.13999999999999996,-0.040000000000000036,1.0715536666666676,1.1717212000000004,0.43469190000000013,-0.04682204766360676,0.7770270000000002,0.9950051999999997,0.42234289999999985,-0.07490202449225913,0.050000000000000266,0.10399999999999998,0.0040000000000000036,-0.05690754563985656,0.04266666666666663,0.05499999999999983,0.01979999999999993,0.034977630768011636
20230430_Strasbourg_Lyon,2023-04-30 19:00:00,2022,Strasbourg,Lyon,1,2,1.68749,1.68749,,,,,,1.1684490000000005,1.5888494,1.4193998,1.3543192541148454,0.9150853333333336,1.2601152,1.2550327000000001,1.2315737117148378,0.3866666666666669,0.434,0.45100000000000007,0.3035609978148618,0.6856666666666666,0.7016,0.7250000000000001,0.5736284947571527,6.0,11.0,16.0,3.0,7.0,14.0,8.0,11.0,26.0,1.0,1.0,1.0,71.0,104.0,188.0,2,1,0.889805,0.889805,,,,,,1.8943200000000004,1.89067,1.7118549,1.6996275766420639,1.6409533333333337,1.569002,1.5510209,1.5725828401391424,0.5833333333333331,0.558,0.5399999999999999,0.5855065339132485,0.8273333333333334,0.8326,0.8253999999999999,0.8173544632370208,6.0,8.0,17.0,4.0,5.0,12.0,8.0,11.0,19.0,0.0,0.0,0.0,44.0,85.0,171.0,-1,0.797685,0.797685,,,-0.7258709999999999,-0.3018206000000001,-0.29245509999999997,-0.34530832252721844,-0.7258680000000001,-0.3088868,-0.2959881999999998,-0.34100912842430464,-0.19666666666666627,-0.12400000000000005,-0.08899999999999986,-0.2819455360983867,-0.14166666666666672,-0.131,-0.10039999999999982,-0.24372596847986805
20230513_Strasbourg_Nice,2023-05-13 15:00:00,2022,Strasbourg,Nice,2,0,1.67065,0.910556,0.4,0.7879999999999999,1.0,0.0,11.0,1.6564333333333339,1.4282333999999999,1.5705964,1.8828351701645938,1.4030700000000003,1.1241972,1.3302203,1.2698533484685934,0.3650000000000002,0.405,0.47555555555555556,0.4525505237054696,0.6365000000000001,0.7000000000000001,0.718,0.734934690226531,5.0,9.0,17.0,2.0,5.0,13.0,2.0,9.0,22.0,0.0,1.0,1.0,66.0,106.0,181.0,0,2,0.360576,0.360576,0.6,0.8370000000000001,1.0,0.0,18.0,2.170126666666667,1.6778406000000001,1.5859172999999998,1.7067539734632704,2.170126666666667,1.6778406000000001,1.5099076,1.7067524167845822,0.5566666666666668,0.52,0.539,0.5001635934784794,0.85,0.8474,0.8491,0.8298205222477841,4.0,4.0,12.0,3.0,6.0,11.0,3.0,7.0,10.0,0.0,0.0,0.0,36.0,60.0,137.0,1,1.310074,0.54998,-0.19999999999999996,-0.049000000000000155,-0.5136933333333331,-0.24960720000000025,-0.01532089999999986,0.17608119670132338,-0.7670566666666667,-0.5536434000000001,-0.1796873000000001,-0.4368990683159888,-0.19166666666666654,-0.11499999999999999,-0.06344444444444447,-0.047613069773009775,-0.2134999999999999,-0.14739999999999998,-0.1311,-0.09488583202125311
20230527_Strasbourg_Paris Saint Germain,2023-05-27 19:00:00,2022,Strasbourg,Paris Saint Germain,1,1,1.33636,1.33636,0.34,0.888,1.0,0.0,8.0,1.9730666666666672,1.7880340000000001,1.7773137,2.1827934068065837,1.4663386666666671,1.4839972,1.4609282000000001,2.0366590939387437,0.4700000000000002,0.42,0.4633333333333333,0.5221020209482188,0.7853333333333333,0.7215,0.7398888888888888,0.8154773876090612,5.0,8.0,19.0,1.0,3.0,12.0,3.0,4.0,18.0,1.0,1.0,2.0,56.0,87.0,164.0,1,1,1.16057,1.16057,,,,,,2.822503333333333,2.396184,2.0219060000000004,1.9995334650870733,2.8225033333333336,2.396184,2.0219060000000004,1.999533465087067,,,,,,,,,10.0,13.0,20.0,2.0,6.0,11.0,,,,,,,,,,0,0.1757899999999999,0.1757899999999999,,,-0.849436666666666,-0.6081499999999997,-0.24459230000000032,0.18325994171951043,-1.3561646666666665,-0.9121868,-0.5609778000000003,0.037125628851676584,,,,,,,,
20230813_Strasbourg_Lyon,2023-08-13 18:45:00,2023,Strasbourg,Lyon,2,1,1.16184,1.16184,0.36,0.726,2.0,0.0,20.0,1.4960990000000007,1.6214553999999999,1.4856344,0.9825029362722633,1.4960990000000003,1.3174186,1.2576069,0.9766575637575496,0.45333333333333353,0.44400000000000006,0.43111111111111117,0.4512840808379287,0.863,0.8239999999999998,0.7717777777777778,0.8754990955043624,3.0,7.0,17.0,4.0,4.0,13.0,3.0,5.0,14.0,1.0,1.0,2.0,31.0,77.0,170.0,1,2,2.05387,2.05387,0.64,0.867,2.0,0.0,14.0,2.437516666666667,2.582592,2.1634234999999995,1.956086607844905,2.4375166666666668,2.2785560000000005,1.8505714999999998,1.950240985781769,0.5766666666666665,0.608,0.5744444444444444,0.56730403859306,0.8613333333333334,0.8581999999999999,0.8423333333333334,0.8643691698638657,7.0,13.0,22.0,4.0,10.0,15.0,2.0,5.0,16.0,0.0,0.0,0.0,45.0,72.0,143.0,1,-0.8920299999999999,-0.8920299999999999,-0.28,-0.14100000000000001,-0.9414176666666665,-0.9611366000000001,-0.6777890999999996,-0.9735836715726418,-0.9414176666666665,-0.9611374000000004,-0.5929645999999997,-0.9735834220242194,-0.12333333333333302,-0.16399999999999992,-0.14333333333333326,-0.1160199577551313,0.0016666666666665941,-0.03420000000000001,-0.0705555555555556,0.011129925640496752
20230827_Strasbourg_Toulouse,2023-08-27 13:00:00,2023,Strasbourg,Toulouse,2,0,2.84995,2.84995,0.39,0.8,1.0,0.0,14.0,0.8553926666666672,1.2405516,1.4434527999999998,0.6672913174508905,0.8553926666666669,1.2405516,1.2154253000000002,0.667057502550302,0.4233333333333335,0.43200000000000005,0.41333333333333333,0.42765136323351716,0.799,0.8219999999999998,0.7678888888888888,0.7871799638201746,3.0,5.0,15.0,6.0,8.0,11.0,4.0,6.0,11.0,0.0,1.0,1.0,50.0,68.0,170.0,0,2,0.308716,0.308716,0.61,0.82,3.0,0.0,16.0,1.9623966666666661,1.6137014,1.5010254,1.3524033475409896,1.7090323333333333,1.4616828,1.4250161000000001,0.7443289475409572,0.41,0.4640000000000001,0.5,0.30004617483258417,0.7776666666666667,0.7942,0.8039,0.7410678207530461,5.0,6.0,8.0,3.0,4.0,7.0,4.0,7.0,12.0,0.0,0.0,0.0,45.0,83.0,160.0,1,2.541234,2.541234,-0.21999999999999997,-0.019999999999999907,-1.107003999999999,-0.3731498,-0.05757260000000031,-0.685112030090099,-0.8536396666666664,-0.22113119999999986,-0.20959079999999997,-0.07727144499065519,0.01333333333333353,-0.03200000000000003,-0.08666666666666667,0.127605188400933,0.021333333333333315,0.027799999999999825,-0.036011111111111105,0.04611214306712852
20230917_Strasbourg_Montpellier,2023-09-17 13:00:00,2023,Strasbourg,Montpellier,2,2,2.27232,2.27232,0.44,0.8,4.0,0.0,13.0,1.1870316666666674,1.1149304,1.4517702,0.6095028526980356,1.1870316666666672,1.1149304,1.2997518,0.609493500102012,0.4033333333333335,0.40800000000000003,0.4211111111111111,0.3835060545293407,0.7913333333333333,0.7952,0.8022222222222222,0.782687198552807,2.0,5.0,12.0,5.0,8.0,12.0,3.0,6.0,10.0,0.0,0.0,1.0,55.0,88.0,152.0,2,2,1.03603,1.03603,0.56,0.835,6.0,0.0,20.0,1.3777123333333339,1.5300154,1.6592807,0.9352330159658937,1.377712333333334,1.5300154000000004,1.5072616,0.9350368759810768,0.43666666666666676,0.48,0.4619999999999999,0.4355590470096773,0.7383333333333333,0.7595999999999999,0.7729999999999999,0.7450246617572287,5.0,10.0,24.0,5.0,8.0,17.0,3.0,6.0,12.0,0.0,0.0,0.0,58.0,86.0,184.0,0,1.2362900000000001,1.2362900000000001,-0.12000000000000005,-0.03499999999999992,-0.1906806666666665,-0.4150849999999999,-0.20751050000000015,-0.3257301632678581,-0.19068066666666694,-0.41508500000000037,-0.2075098000000002,-0.3255433758790648,-0.03333333333333327,-0.07199999999999995,-0.04088888888888881,-0.05205299248033657,0.05300000000000005,0.035600000000000076,0.02922222222222226,0.037662536795578294
20230929_Strasbourg_Lens,2023-09-29 19:00:00,2023,Strasbourg,Lens,0,1,0.305015,0.305015,0.48,0.8270000000000001,2.0,0.0,6.0,0.962326333333334,1.25791,1.3610337,0.7528593141079214,0.9623263333333337,1.25791,1.2850243000000001,0.7528589400040804,0.4333333333333335,0.426,0.425,0.4697402421811736,0.8106666666666666,0.8054,0.8130000000000001,0.8417074879421123,3.0,5.0,12.0,4.0,7.0,12.0,5.0,7.0,13.0,0.0,0.0,1.0,51.0,82.0,144.0,1,0,1.52229,1.52229,0.52,0.8320000000000001,4.0,0.0,13.0,1.7707306666666662,1.4287572,1.7263648,2.753041121819023,1.7707306666666665,1.4287572,1.5743452,2.753033026561563,0.6166666666666667,0.538,0.5444444444444445,0.634338944232339,0.8210000000000001,0.8098000000000001,0.8246666666666667,0.8204270088856814,2.0,4.0,17.0,5.0,9.0,15.0,5.0,12.0,19.0,0.0,0.0,1.0,37.0,50.0,126.0,-1,-1.2172749999999999,-1.2172749999999999,-0.040000000000000036,-0.0050000000000000044,-0.8084043333333323,-0.17084719999999987,-0.36533110000000013,-2.0001818077111015,-0.8084043333333327,-0.17084719999999987,-0.2893208999999999,-2.0001740865574824,-0.18333333333333318,-0.11200000000000004,-0.11944444444444452,-0.16459870205116545,-0.010333333333333417,-0.0044000000000000705,-0.011666666666666603,0.021280479056430823
20231006_Strasbourg_Nantes,2023-10-06 19:00:00,2023,Strasbourg,Nantes,1,2,0.944783,0.944783,0.43,0.799,3.0,0.0,23.0,1.0111566666666674,1.2083888,1.2244702,0.39458386282158425,1.0111566666666671,1.2083888,1.2244702,0.39458378800081606,0.4666666666666668,0.434,0.433,0.47794804843623473,0.8266666666666668,0.8118000000000001,0.8169000000000001,0.8299414975884225,3.0,5.0,10.0,3.0,5.0,13.0,6.0,8.0,14.0,0.0,0.0,1.0,33.0,71.0,139.0,2,1,2.24185,2.24185,0.57,0.8240000000000001,1.0,0.0,31.0,1.4327749999999997,1.16536,1.1069943,1.1602747250741419,1.1794083333333332,0.861321,0.8789648,1.0376468863539825,0.4466666666666666,0.41200000000000003,0.39899999999999997,0.4246951012218685,0.7773333333333334,0.775,0.7686,0.7780968842269803,7.0,11.0,14.0,6.0,10.0,19.0,9.0,11.0,24.0,1.0,2.0,2.0,58.0,118.0,195.0,-1,-1.2970669999999997,-1.2970669999999997,-0.13999999999999996,-0.025000000000000022,-0.4216183333333323,0.04302880000000009,0.11747590000000008,-0.7656908622525576,-0.16825166666666602,0.34706780000000004,0.3455054000000001,-0.6430630983531664,0.020000000000000184,0.021999999999999964,0.03400000000000003,0.05325294721436624,0.04933333333333334,0.036800000000000055,0.04830000000000012,0.05184461336144219
20231105_Strasbourg_Clermont Foot,2023-11-05 14:00:00,2023,Strasbourg,Clermont Foot,0,0,1.55966,1.55966,0.39,0.812,2.0,1.0,23.0,0.7300816666666673,0.590279,0.994665,0.8862444469025728,0.730081666666667,0.590279,0.994665,0.8862444463040066,0.3533333333333335,0.404,0.403,0.3679835843874899,0.7506666666666666,0.7864000000000001,0.7832000000000001,0.7427675319807073,2.0,3.0,9.0,6.0,7.0,15.0,5.0,7.0,16.0,0.0,0.0,0.0,55.0,75.0,163.0,0,0,1.05162,1.05162,0.61,0.8540000000000001,0.0,0.0,13.0,0.9162363333333334,0.9457887999999999,1.2032362,0.4890771467115852,0.9162363333333335,0.7937698000000001,0.9752070000000002,0.48790932644364715,0.3833333333333333,0.47000000000000003,0.524,0.43498212459741326,0.7436666666666666,0.7632,0.7943,0.7601158579427736,2.0,3.0,10.0,2.0,5.0,16.0,7.0,12.0,17.0,0.0,0.0,0.0,64.0,89.0,138.0,0,0.50804,0.50804,-0.21999999999999997,-0.04200000000000004,-0.18615466666666614,-0.3555097999999999,-0.20857120000000007,0.39716730019098756,-0.18615466666666658,-0.20349080000000008,0.019457999999999864,0.3983351198603594,-0.029999999999999805,-0.066,-0.121,-0.06699854020992335,0.007000000000000006,0.02320000000000011,-0.011099999999999888,-0.017348325962066258
20231125_Strasbourg_Marseille,2023-11-25 20:00:00,2023,Strasbourg,Marseille,1,1,1.18208,1.18208,0.4,0.762,1.0,0.0,31.0,0.9350406666666672,0.8109839999999998,1.0344470000000001,1.4249768893805146,0.935040666666667,0.8109839999999998,1.034447,1.4249768892608015,0.34000000000000014,0.386,0.406,0.385596716877498,0.755,0.7782,0.7918000000000001,0.7981535063961415,1.0,2.0,7.0,4.0,7.0,14.0,4.0,9.0,16.0,1.0,1.0,1.0,55.0,84.0,166.0,1,1,1.36665,1.36665,0.6,0.8390000000000001,2.0,0.0,23.0,0.8261696666666669,1.2788332,1.5912508,0.7519753741576672,0.8261696666666664,1.2788332,1.5912508,0.7519753740580327,0.4966666666666666,0.534,0.516,0.5184875063104318,0.8223333333333334,0.8272,0.8090999999999999,0.8020647164984558,0.0,5.0,10.0,2.0,5.0,12.0,7.0,11.0,20.0,1.0,1.0,1.0,71.0,112.0,213.0,0,-0.1845699999999999,-0.1845699999999999,-0.19999999999999996,-0.07700000000000007,0.10887100000000027,-0.4678492000000002,-0.5568038,0.6730015152228473,0.1088710000000006,-0.4678492000000002,-0.5568038000000002,0.6730015152027687,-0.15666666666666645,-0.14800000000000002,-0.10999999999999999,-0.1328907894329338,-0.06733333333333336,-0.049000000000000044,-0.01729999999999987,-0.003911210102314322
20231210_Strasbourg_Le Havre,2023-12-10 14:00:00,2023,Strasbourg,Le Havre,2,1,1.50877,1.50877,0.44,0.735,3.0,0.0,17.0,1.426806666666667,1.3722599999999998,1.1063794999999998,1.3567303751150441,1.1734400000000003,1.22024,1.0303695,1.2351143751140865,0.4266666666666668,0.41200000000000003,0.413,0.40628477373502003,0.7766666666666667,0.7778,0.7874000000000001,0.7763692280511691,3.0,4.0,8.0,4.0,5.0,13.0,2.0,6.0,15.0,0.0,1.0,1.0,74.0,116.0,185.0,1,2,1.62211,1.62211,0.56,0.7829999999999999,1.0,0.0,24.0,1.069107,1.06167,1.0611698999999999,1.5658127396725228,0.8157406666666667,0.9096502,0.9851599999999999,1.5414895716725228,0.45999999999999996,0.488,0.43200000000000005,0.566499995205632,0.7663333333333333,0.7806,0.7793,0.8436159804669952,0.0,2.0,4.0,2.0,3.0,9.0,6.0,10.0,19.0,1.0,1.0,2.0,57.0,103.0,198.0,1,-0.11334,-0.11334,-0.12000000000000005,-0.04799999999999993,0.35769966666666697,0.3105899999999999,0.04520959999999996,-0.20908236455747864,0.3576993333333336,0.3105898,0.045209500000000014,-0.30637519655843626,-0.03333333333333316,-0.07599999999999996,-0.019000000000000072,-0.16021522147061196,0.010333333333333417,-0.0027999999999999137,0.008100000000000107,-0.067246752415826
20231220_Strasbourg_Lille,2023-12-20 20:00:00,2023,Strasbourg,Lille,2,1,0.805349,0.805349,0.32,0.726,1.0,0.0,15.0,1.5127933333333339,1.510082,1.160533,1.7046484150046017,1.5127933333333337,1.3580619999999999,1.084523,1.6997837750045635,0.4366666666666668,0.44000000000000006,0.413,0.4706513909494008,0.7703333333333333,0.7736,0.7759,0.7910547691220466,5.0,7.0,9.0,3.0,6.0,13.0,5.0,7.0,16.0,0.0,0.0,1.0,80.0,126.0,210.0,1,2,0.882407,0.882407,0.68,0.867,2.0,0.0,24.0,1.862352666666667,1.9967516,1.5899027000000001,1.7398045980040255,1.6089860000000005,1.8447316,1.5138927,1.7154813980022718,0.53,0.542,0.526,0.43786108318524397,0.8216666666666667,0.8266,0.8160000000000001,0.789383641939392,3.0,6.0,12.0,1.0,2.0,3.0,3.0,8.0,18.0,0.0,0.0,0.0,46.0,68.0,201.0,1,-0.07705800000000007,-0.07705800000000007,-0.36000000000000004,-0.14100000000000001,-0.3495593333333331,-0.48666960000000015,-0.4293697000000001,-0.0351561829994238,-0.09619266666666682,-0.48666960000000015,-0.4293697000000001,-0.015697622997708383,-0.09333333333333321,-0.10199999999999998,-0.11300000000000004,0.03279030776415681,-0.05133333333333334,-0.05300000000000005,-0.040100000000000025,0.0016711271826546081
20240202_Strasbourg_Paris Saint Germain,2024-02-02 20:00:00,2023,Strasbourg,Paris Saint Germain,1,2,2.57864,2.57864,0.38,0.774,3.0,0.0,22.0,1.090569666666667,1.3083398,1.3402999,1.2765987553200366,1.0905696666666669,1.3083398,1.2642899,1.2765598382000365,0.44000000000000017,0.44800000000000006,0.43,0.4748052111275952,0.783,0.7774,0.7776,0.7961204381529764,4.0,8.0,12.0,3.0,5.0,10.0,6.0,11.0,17.0,0.0,0.0,1.0,49.0,101.0,217.0,2,1,1.90654,1.14644,,,,,,1.9612433333333323,1.886658,1.9779139999999997,1.8890952296318573,1.961243333333333,1.7346384000000001,1.7363762,1.8841912563579828,,,,,,,,,7.0,10.0,26.0,3.0,5.0,9.0,,,,,,,,,,-1,0.6721000000000001,1.4322000000000001,,,-0.8706736666666652,-0.5783182,-0.6376140999999997,-0.6124964743118206,-0.8706736666666661,-0.4262986000000002,-0.47208629999999996,-0.6076314181579463,,,,,,,,
20240218_Strasbourg_Lorient,2024-02-18 12:00:00,2023,Strasbourg,Lorient,1,3,1.71908,1.71908,0.62,0.83,3.0,1.0,8.0,1.8540366666666672,1.5034598,1.5067709,1.7972063502128015,1.8540366666666668,1.5034598,1.4307609,1.7972047935280013,0.4500000000000002,0.44000000000000006,0.44000000000000006,0.47979220844510384,0.7986666666666666,0.7906000000000001,0.7821,0.8196848175261191,3.0,6.0,13.0,6.0,8.0,14.0,7.0,10.0,17.0,0.0,0.0,0.0,62.0,88.0,214.0,3,1,2.13729,2.13729,0.38,0.785,1.0,0.0,52.0,1.7654933333333336,1.17517,1.1669774,2.1058634039877293,1.7654933333333336,1.17517,1.1669774,2.105863403987729,0.46,0.434,0.479,0.41848203554240726,0.8099999999999999,0.8021999999999998,0.8141999999999999,0.8017265519378713,7.0,7.0,13.0,4.0,11.0,22.0,6.0,12.0,28.0,0.0,0.0,0.0,104.0,144.0,232.0,-1,-0.4182100000000002,-0.4182100000000002,0.24,0.04499999999999993,0.08854333333333364,0.32828979999999985,0.3397935000000001,-0.3086570537749278,0.0885433333333332,0.32828979999999985,0.26378349999999995,-0.30865861045972753,-0.009999999999999842,0.006000000000000061,-0.038999999999999924,0.06131017290269658,-0.011333333333333306,-0.011599999999999722,-0.032099999999999906,0.017958265588247757
20240224_Strasbourg_Brest,2024-02-24 20:00:00,2023,Strasbourg,Brest,0,3,0.147244,0.147244,0.48,0.831,3.0,0.0,25.0,1.988223333333334,1.6862059999999999,1.5604708999999999,1.7347052700425603,1.9882233333333337,1.6862059999999999,1.4844608999999998,1.7347049587056003,0.5000000000000001,0.5,0.4619999999999999,0.5919584416890208,0.8113333333333332,0.8114000000000001,0.7889,0.8279369635052238,3.0,5.0,13.0,8.0,10.0,16.0,7.0,12.0,19.0,1.0,1.0,1.0,47.0,81.0,191.0,3,0,1.75632,0.996227,0.52,0.802,0.0,0.0,15.0,1.343892,1.8904772,1.5365813,1.6972723096897417,1.343892,1.8904772,1.460572,1.6972719983556461,0.4966666666666668,0.5200000000000001,0.553,0.44332052080487594,0.7763333333333332,0.7969999999999999,0.8069000000000001,0.7545229339440178,2.0,6.0,17.0,1.0,3.0,4.0,10.0,14.0,22.0,2.0,2.0,2.0,75.0,110.0,197.0,-1,-1.6090760000000002,-0.8489829999999999,-0.040000000000000036,0.028999999999999915,0.6443313333333338,-0.2042712000000002,0.023889599999999955,0.03743296035281851,0.6443313333333336,-0.2042712000000002,0.02388889999999977,0.037432960349954136,0.0033333333333332993,-0.02000000000000013,-0.09100000000000014,0.14863792088414485,0.03500000000000003,0.01440000000000019,-0.018000000000000016,0.07341402956120602
20240310_Strasbourg_Monaco,2024-03-10 14:00:00,2023,Strasbourg,Monaco,0,1,0.268122,0.268122,0.34,0.6709999999999999,1.0,0.0,28.0,1.1607346666666671,1.5455587999999998,1.4269493,1.3856512508017025,0.9073703333333336,1.3935402,1.35094,0.777576838348224,0.5000000000000001,0.476,0.462,0.4204783376675609,0.7953333333333333,0.7979999999999999,0.7876999999999998,0.7460774785402089,3.0,5.0,13.0,8.0,13.0,18.0,9.0,13.0,24.0,1.0,1.0,1.0,78.0,117.0,218.0,1,0,1.32837,1.32837,0.66,0.8290000000000001,3.0,0.0,33.0,2.15589,2.0035160000000003,1.6181927000000003,2.3959680511437194,1.86677,1.8300440000000002,1.4554467,2.257182667719401,0.4566666666666667,0.502,0.49700000000000005,0.34508950746735473,0.7536666666666667,0.7777999999999999,0.7718,0.7303301771798933,4.0,8.0,15.0,4.0,7.0,15.0,4.0,11.0,27.0,0.0,0.0,4.0,58.0,96.0,187.0,-1,-1.060248,-1.060248,-0.32,-0.15800000000000014,-0.9951553333333327,-0.4579572000000005,-0.19124340000000029,-1.0103168003420169,-0.9593996666666664,-0.43650380000000033,-0.10450669999999995,-1.479605829371177,0.04333333333333339,-0.026000000000000023,-0.03500000000000003,0.07538883020020615,0.04166666666666663,0.020199999999999996,0.015899999999999803,0.015747301360315547
20240331_Strasbourg_Rennes,2024-03-31 16:05:00,2023,Strasbourg,Rennes,2,0,2.45769,2.45769,0.41,0.7979999999999999,1.0,0.0,23.0,1.2571806666666674,1.1275732,1.3155165,1.608357570032068,1.0038163333333336,0.9755545999999999,1.2395072,1.584034593533929,0.37000000000000016,0.442,0.441,0.36721913350670243,0.7039999999999998,0.7545999999999999,0.7726,0.7100030991416083,5.0,6.0,12.0,4.0,10.0,18.0,7.0,13.0,23.0,0.0,1.0,1.0,118.0,151.0,239.0,0,2,0.913264,0.913264,0.59,0.857,2.0,0.0,18.0,1.4303999999999997,1.9090896000000002,1.8460277999999999,1.5272723236123182,1.1770359999999997,1.5957672000000003,1.4613375999999998,0.91812558092918,0.4633333333333334,0.45200000000000007,0.461,0.4289344045657392,0.8066666666666666,0.8068,0.8007,0.8004186925193953,5.0,9.0,20.0,4.0,6.0,10.0,4.0,8.0,19.0,0.0,0.0,0.0,56.0,95.0,207.0,1,1.544426,1.544426,-0.18,-0.05900000000000005,-0.17321933333333228,-0.7815164000000001,-0.5305112999999999,0.08108524641974979,-0.1732196666666661,-0.6202126000000003,-0.22183039999999976,0.6659090126047491,-0.09333333333333321,-0.010000000000000064,-0.020000000000000018,-0.06171527105903679,-0.1026666666666668,-0.052200000000000024,-0.028100000000000014,-0.09041559337778704
20240413_Strasbourg_Reims,2024-04-13 15:00:00,2023,Strasbourg,Reims,3,1,2.30507,1.54497,0.48,0.8540000000000001,1.0,0.0,14.0,1.6424523333333338,1.3622718,1.4239792999999998,0.9232663028012826,1.6424523333333336,1.2102532,1.34797,0.9222933837413572,0.4333333333333334,0.40800000000000003,0.449,0.4962887653402681,0.7839999999999999,0.7495999999999999,0.7805,0.8264801239656643,5.0,7.0,11.0,1.0,4.0,16.0,4.0,8.0,21.0,0.0,0.0,1.0,82.0,155.0,250.0,1,3,0.739073,0.739073,0.52,0.882,3.0,1.0,19.0,1.2009750000000003,1.1311026,1.4274343,0.7296053420614574,1.2009750000000003,1.1311026,1.3514253,0.7294107590214511,0.5133333333333333,0.49400000000000005,0.5229999999999999,0.5043165058242578,0.7909999999999999,0.7916,0.8033999999999999,0.801884360848587,3.0,5.0,10.0,2.0,5.0,12.0,9.0,15.0,26.0,0.0,0.0,1.0,52.0,83.0,162.0,1,1.5659970000000003,0.805897,-0.040000000000000036,-0.027999999999999914,0.4414773333333335,0.23116920000000007,-0.003455000000000208,0.1936609607398252,0.4414773333333333,0.07915059999999996,-0.003455300000000161,0.19288262471990603,-0.0799999999999999,-0.08600000000000002,-0.0739999999999999,-0.008027740483989687,-0.007000000000000006,-0.04200000000000004,-0.02289999999999992,0.02459576311707723
20240428_Strasbourg_Nice,2024-04-28 13:00:00,2023,Strasbourg,Nice,1,3,1.04231,1.04231,0.48,0.848,2.0,0.0,9.0,1.2786416666666673,1.636231,1.3598430999999997,1.1647242521120513,1.0252750000000004,1.4842109999999997,1.2078238,1.0430693353496543,0.49000000000000005,0.45,0.45899999999999996,0.4726515506136107,0.8326666666666668,0.8024000000000001,0.7898999999999999,0.8144992049586266,3.0,8.0,12.0,2.0,3.0,15.0,4.0,8.0,19.0,0.0,0.0,1.0,41.0,109.0,232.0,3,1,1.89803,1.13794,0.52,0.87,3.0,0.0,12.0,1.907476666666667,1.7480739999999997,1.6982682,1.5044529419140236,1.907476666666667,1.4440348,1.4702396,1.4986150752295357,0.5,0.492,0.523,0.5169382997103968,0.8346666666666667,0.8202,0.8262,0.8303150029606904,5.0,9.0,13.0,2.0,5.0,13.0,4.0,9.0,20.0,0.0,0.0,1.0,40.0,89.0,161.0,-1,-0.85572,-0.09562999999999988,-0.040000000000000036,-0.02200000000000002,-0.6288349999999996,-0.11184299999999969,-0.33842510000000026,-0.33972868980197224,-0.8822016666666666,0.04017619999999966,-0.2624158000000001,-0.45554573987988145,-0.009999999999999953,-0.04199999999999998,-0.06400000000000006,-0.04428674909678615,-0.0019999999999998908,-0.017799999999999927,-0.03630000000000011,-0.015815798002063786
20240512_Strasbourg_Metz,2024-05-12 19:00:00,2023,Strasbourg,Metz,2,1,1.38725,1.38725,0.7,0.879,2.0,0.0,22.0,0.8742913333333339,1.1020142000000002,1.1886547,0.7188273700844819,0.8742913333333336,0.9499941999999999,1.0366354000000002,0.7139611734139861,0.5200000000000001,0.512,0.45599999999999996,0.5837060620245444,0.8336666666666667,0.8385999999999999,0.7933999999999999,0.845859968198345,2.0,5.0,12.0,7.0,8.0,15.0,6.0,7.0,18.0,0.0,0.0,0.0,37.0,65.0,231.0,1,2,0.896939,0.896939,0.3,0.684,2.0,0.0,25.0,1.2042283333333328,1.2991515999999999,1.5344998,0.9248660640685054,0.9508643333333332,1.1471332,1.3064706,0.803242003959352,0.3400000000000001,0.33199999999999996,0.361,0.34998953566878205,0.6976666666666668,0.6976000000000001,0.7245999999999999,0.6956495790041726,4.0,9.0,16.0,5.0,10.0,19.0,6.0,9.0,17.0,1.0,1.0,1.0,78.0,143.0,276.0,1,0.49031100000000005,0.49031100000000005,0.39999999999999997,0.19499999999999995,-0.3299369999999989,-0.19713739999999969,-0.3458451,-0.2060386939840234,-0.07657299999999956,-0.19713900000000018,-0.2698351999999997,-0.08928083054536584,0.18000000000000005,0.18000000000000005,0.09499999999999997,0.2337165263557624,0.1359999999999999,0.1409999999999998,0.06879999999999997,0.1502103891941724
20220807_Toulouse_Nice,2022-08-07 11:00:00,2022,Toulouse,Nice,1,1,1.85439,1.85439,0.46,0.7959999999999999,1.0,0.0,13.0,,,,,,,,,,,,,,,,,,,,,,,,,,,,,,,,1,1,0.69938,0.69938,0.54,0.8270000000000001,2.0,0.0,9.0,1.7262666666666668,1.511106,1.4423919,1.396541080473393,1.7262666666666666,1.511106,1.3663959,1.3965332835421582,0.6,0.5660000000000001,0.538,0.4991622307289242,0.8596666666666666,0.8532,0.8390000000000001,0.8328205550732104,6.0,9.0,15.0,6.0,9.0,13.0,5.0,9.0,15.0,1.0,2.0,2.0,37.0,71.0,171.0,0,1.1550099999999999,1.1550099999999999,-0.08000000000000002,-0.03100000000000014,,,,,,,,,,,,,,,,
20220821_Toulouse_Lorient,2022-08-21 13:00:00,2022,Toulouse,Lorient,2,2,2.48022,2.48022,0.52,0.8059999999999999,2.0,0.0,15.0,1.9655799999999999,1.9655799999999999,1.9655799999999999,2.032294,1.9655799999999999,1.9655799999999999,1.9655799999999999,2.032294,0.5650000000000001,0.5650000000000001,0.5650000000000001,0.628,0.8205,0.8205,0.8205,0.8351999999999999,4.0,4.0,4.0,1.0,1.0,1.0,2.0,2.0,2.0,0.0,0.0,0.0,23.0,23.0,23.0,2,2,2.96569,1.4455,0.48,0.816,1.0,0.0,18.0,0.8850776666666668,1.1364366000000001,1.3822972999999998,0.7013730706588697,0.6317136666666667,0.8323981999999999,1.2302781,0.6760771861854655,0.41333333333333333,0.43,0.45600000000000007,0.3899555028428425,0.7869999999999999,0.8026,0.7870999999999999,0.7827434606582785,4.0,7.0,16.0,2.0,6.0,15.0,3.0,8.0,14.0,0.0,1.0,1.0,51.0,85.0,160.0,0,-0.48546999999999985,1.03472,0.040000000000000036,-0.010000000000000009,1.080502333333333,0.8291433999999998,0.5832827,1.3309209293411302,1.3338663333333332,1.1331818,0.7353018999999998,1.3562168138145343,0.15166666666666673,0.13500000000000006,0.10899999999999999,0.23804449715715748,0.033500000000000085,0.017900000000000027,0.033400000000000096,0.05245653934172145
20220831_Toulouse_Paris Saint Germain,2022-08-31 19:00:00,2022,Toulouse,Paris Saint Germain,0,3,0.582625,0.582625,0.38,0.838,1.0,0.0,14.0,1.6961359999999999,1.7356995,1.7356995,0.9032613599999999,1.6961359999999999,1.7356995,1.7356995,0.9032613599999999,0.5633333333333334,0.5375,0.5375,0.50832,0.8113333333333334,0.8074999999999999,0.8074999999999999,0.7887679999999999,6.0,7.0,7.0,5.0,6.0,6.0,6.0,7.0,7.0,0.0,0.0,0.0,44.0,57.0,57.0,3,0,3.93565,3.93565,,,,,,3.4749266666666663,3.31207,2.897622,3.0088112605463033,2.7148333333333334,2.703996,2.2895619,2.350884897896223,,,,,,,,,13.0,20.0,33.0,4.0,4.0,9.0,,,,,,,,,,-1,-3.3530249999999997,-3.3530249999999997,,,-1.7787906666666664,-1.5763705,-1.1619225000000002,-2.105549900546303,-1.0186973333333336,-0.9682965000000001,-0.5538623999999999,-1.447623537896223,,,,,,,,
20220911_Toulouse_Reims,2022-09-11 13:00:00,2022,Toulouse,Reims,1,0,2.111,2.111,0.47,0.746,2.0,0.0,31.0,0.8541443333333333,1.4238845999999998,1.4956355,1.2880624544000001,0.8541443333333333,1.4238845999999998,1.4956355,1.2880624544000001,0.5133333333333333,0.546,0.5316666666666666,0.6091328,0.815,0.8192,0.8153333333333332,0.82483072,1.0,6.0,7.0,8.0,10.0,11.0,5.0,8.0,9.0,0.0,0.0,0.0,51.0,76.0,89.0,0,1,0.461404,0.461404,0.53,0.737,2.0,1.0,7.0,1.6666490000000003,1.9378774,1.2699161,1.8282929551252853,1.4132856666666669,1.4818213999999998,1.0418881,1.7047327119252853,0.35333333333333333,0.37,0.41600000000000004,0.3761722768306919,0.7253333333333333,0.7302,0.7667999999999999,0.779246342002723,6.0,9.0,13.0,4.0,9.0,22.0,9.0,16.0,20.0,2.0,3.0,4.0,62.0,92.0,189.0,1,1.6495960000000003,1.6495960000000003,-0.06000000000000005,0.009000000000000008,-0.812504666666667,-0.5139928000000002,0.2257193999999998,-0.5402305007252852,-0.5591413333333336,-0.05793680000000001,0.4537473999999999,-0.4166702575252852,0.15999999999999998,0.17600000000000005,0.11566666666666658,0.23296052316930815,0.08966666666666667,0.08900000000000008,0.04853333333333332,0.04558437799727699
20221002_Toulouse_Montpellier,2022-10-02 13:00:00,2022,Toulouse,Montpellier,4,2,1.92662,1.92662,0.43,0.778,5.0,1.0,33.0,1.4805706666666667,1.111151,1.495891875,1.095140098176,1.4805706666666667,1.111151,1.495891875,1.095140098176,0.56,0.5119999999999999,0.52625,0.539565312,0.7766666666666667,0.7901999999999999,0.79975,0.7603532288000001,2.0,3.0,9.0,4.0,10.0,13.0,3.0,7.0,11.0,0.0,0.0,0.0,60.0,93.0,131.0,2,4,1.73475,1.73475,0.57,0.7879999999999999,4.0,0.0,4.0,1.1033110000000004,1.4681486,1.2415452,1.6522289395967498,0.849967666666667,1.3161426000000003,1.0895331000000001,1.0442033829303754,0.4333333333333334,0.43200000000000005,0.46699999999999997,0.49923801830385406,0.7136666666666667,0.7258000000000001,0.7672000000000001,0.7303097045273392,4.0,13.0,21.0,6.0,6.0,16.0,8.0,12.0,17.0,1.0,2.0,5.0,63.0,111.0,201.0,1,0.19186999999999999,0.19186999999999999,-0.13999999999999996,-0.009999999999999898,0.3772596666666663,-0.3569975999999999,0.2543466750000001,-0.5570888414207498,0.6306029999999997,-0.20499160000000027,0.40635877499999995,0.0509367152456246,0.12666666666666665,0.07999999999999985,0.059250000000000025,0.04032729369614596,0.06300000000000006,0.06439999999999979,0.03254999999999986,0.030043524272660882
20221016_Toulouse_Angers,2022-10-16 11:00:00,2022,Toulouse,Angers,3,2,2.46525,1.70516,0.55,0.8029999999999999,3.0,0.0,15.0,1.130612,1.3902452,1.4476649,0.8183800039270399,1.130612,1.3902452,1.4476649,0.8183800039270399,0.4666666666666666,0.506,0.506,0.42638261248,0.7596666666666666,0.7698,0.7917,0.747694129152,6.0,7.0,14.0,5.0,7.0,16.0,7.0,10.0,18.0,1.0,1.0,1.0,68.0,117.0,188.0,2,3,1.50535,1.50535,0.45,0.758,2.0,0.0,15.0,1.8198733333333335,1.8116109999999999,1.6117575000000002,1.963860649488939,1.8198733333333335,1.659591,1.4597381,1.9588014254249313,0.48999999999999994,0.45600000000000007,0.49499999999999994,0.5203194377373915,0.8286666666666666,0.8013999999999999,0.8069000000000001,0.8417284556719662,3.0,5.0,11.0,6.0,12.0,24.0,5.0,8.0,20.0,1.0,1.0,3.0,39.0,81.0,146.0,1,0.9599000000000002,0.19981000000000004,0.10000000000000003,0.04499999999999993,-0.6892613333333335,-0.4213657999999998,-0.16409260000000025,-1.145480645561899,-0.6892613333333335,-0.26934579999999997,-0.012073200000000117,-1.1404214214978914,-0.023333333333333317,0.04999999999999993,0.011000000000000065,-0.09393682525739155,-0.06899999999999995,-0.03159999999999985,-0.015200000000000102,-0.09403432651996624
20221023_Toulouse_Strasbourg,2022-10-23 13:00:00,2022,Toulouse,Strasbourg,2,2,1.86579,1.86579,0.48,0.7829999999999999,2.0,1.0,29.0,1.6582546666666669,1.5936172000000002,1.5087509000000001,2.1358760007854083,1.4048913333333335,1.4415992000000002,1.4327419,1.527804000785408,0.4666666666666666,0.484,0.515,0.525276522496,0.774,0.7656,0.7924,0.7919388258303999,8.0,10.0,16.0,5.0,7.0,17.0,10.0,12.0,20.0,1.0,1.0,1.0,72.0,114.0,190.0,2,2,1.63235,0.720797,0.52,0.777,1.0,0.0,23.0,1.4667836666666674,1.5244778,1.5209332999999998,0.799238538284853,1.213419666666667,1.3724593999999999,1.3689151000000002,0.7747210112399541,0.43000000000000016,0.44400000000000006,0.475,0.4342863788862339,0.775,0.7535999999999999,0.7668999999999999,0.741627010474387,4.0,5.0,9.0,8.0,10.0,15.0,4.0,12.0,19.0,1.0,2.0,3.0,41.0,83.0,180.0,0,0.2334400000000001,1.144993,-0.040000000000000036,0.005999999999999894,0.1914709999999995,0.06913940000000007,-0.012182399999999705,1.3366374625005553,0.19147166666666648,0.0691398000000003,0.06382679999999974,0.7530829895454538,0.03666666666666646,0.039999999999999925,0.040000000000000036,0.0909901436097661,-0.0010000000000000009,0.01200000000000001,0.025500000000000078,0.05031181535601292
20221106_Toulouse_Monaco,2022-11-06 14:00:00,2022,Toulouse,Monaco,0,2,0.569642,0.569642,0.48,0.7190000000000001,0.0,0.0,17.0,1.7256543333333332,1.5372954,1.3242232,1.0606998400314163,1.472291,1.3852774,1.2482142,1.0363769600314163,0.5033333333333333,0.472,0.492,0.48181106089984,0.7776666666666666,0.7704,0.7803,0.754557553033216,5.0,10.0,13.0,7.0,10.0,20.0,6.0,13.0,20.0,1.0,2.0,2.0,56.0,113.0,206.0,2,0,2.03182,2.03182,0.52,0.7609999999999999,1.0,0.0,13.0,1.5699400000000001,1.66565,1.5141343999999999,1.879054087721478,1.015906666666667,1.181212,1.2719154000000001,1.2411448400640943,0.4266666666666667,0.454,0.466,0.49682484878311917,0.7436666666666666,0.7687999999999999,0.7825,0.7778424459267845,6.0,12.0,21.0,5.0,6.0,12.0,8.0,11.0,23.0,1.0,1.0,2.0,27.0,71.0,161.0,-1,-1.4621780000000002,-1.4621780000000002,-0.040000000000000036,-0.041999999999999815,0.15571433333333307,-0.12835459999999999,-0.18991119999999984,-0.8183542476900618,0.45638433333333306,0.20406540000000017,-0.02370120000000009,-0.20476788003267798,0.0766666666666666,0.01799999999999996,0.025999999999999968,-0.015013787883279173,0.03400000000000003,0.0016000000000000458,-0.0021999999999999797,-0.0232848928935685
20230101_Toulouse_Ajaccio,2023-01-01 14:00:00,2022,Toulouse,Ajaccio,2,0,1.33519,1.33519,0.62,0.7959999999999999,3.0,0.0,9.0,1.139074,1.225787,1.4097021,1.5900005427202513,0.8857093333333333,1.0737682,1.2576837,0.9817307596802514,0.5033333333333333,0.49399999999999994,0.489,0.4976144884871987,0.7626666666666667,0.7636000000000001,0.7646000000000001,0.7805644604242657,2.0,4.0,14.0,10.0,15.0,22.0,2.0,5.0,17.0,0.0,1.0,2.0,40.0,81.0,195.0,0,2,0.0445009,0.0445009,0.38,0.6709999999999999,1.0,0.0,15.0,2.59389,1.7166992,1.2806623,1.8559969165114174,1.3270639999999998,0.9566035999999999,0.8246045000000001,1.053140250388374,0.47333333333333333,0.472,0.45899999999999996,0.46325428020084736,0.7443333333333334,0.7626000000000001,0.7394000000000001,0.7457585942972333,7.0,7.0,12.0,4.0,8.0,14.0,5.0,6.0,15.0,1.0,2.0,2.0,68.0,97.0,196.0,1,1.2906891,1.2906891,0.24,0.125,-1.454816,-0.49091220000000013,0.12903980000000015,-0.26599637379116614,-0.44135466666666645,0.11716460000000006,0.4330792,-0.07140949070812264,0.02999999999999997,0.021999999999999964,0.030000000000000027,0.034360208286351335,0.018333333333333313,0.0010000000000000009,0.0252,0.0348058661270324
20230115_Toulouse_Brest,2023-01-15 14:00:00,2022,Toulouse,Brest,1,1,1.54762,1.54762,0.64,0.8240000000000001,2.0,0.0,14.0,1.7979399999999999,1.4160603999999999,1.4766778999999999,2.13954242170881,1.291212,1.1120236000000001,1.2486504999999999,1.5071396303872102,0.5433333333333333,0.53,0.501,0.535104579539488,0.7863333333333333,0.773,0.7716999999999999,0.7833825784169706,8.0,9.0,19.0,6.0,10.0,20.0,6.0,6.0,19.0,0.0,0.0,2.0,46.0,76.0,189.0,1,1,0.754561,0.754561,0.36,0.7090000000000001,2.0,0.0,21.0,0.8954590000000001,1.1961534,1.2540441,0.6635841789504737,0.8954589999999998,0.8921150000000001,1.0260159,0.6538160210882148,0.4033333333333334,0.438,0.45600000000000007,0.32833522036804597,0.7186666666666667,0.7518,0.7595000000000001,0.6800461663434685,2.0,4.0,10.0,5.0,7.0,15.0,6.0,10.0,21.0,0.0,0.0,0.0,54.0,75.0,173.0,0,0.793059,0.793059,0.28,0.11499999999999999,0.9024809999999998,0.21990699999999985,0.22263379999999988,1.4759582427583364,0.39575300000000024,0.2199086,0.2226345999999999,0.8533236092989954,0.13999999999999996,0.09200000000000003,0.04499999999999993,0.206769359171442,0.06766666666666665,0.021199999999999997,0.012199999999999878,0.10333641207350208
20230201_Toulouse_Troyes,2023-02-01 18:00:00,2022,Toulouse,Troyes,4,1,2.94929,2.1892,0.55,0.858,2.0,0.0,4.0,1.9752233333333333,1.79832,1.5855045,1.9733288968683524,1.7218600000000002,1.4942832,1.3574771,1.9480327852154884,0.5399999999999999,0.546,0.526,0.49180418318157954,0.782,0.7847999999999999,0.7763,0.7559753031366788,8.0,11.0,17.0,2.0,8.0,19.0,4.0,9.0,15.0,0.0,0.0,1.0,61.0,80.0,166.0,1,4,1.25445,0.494355,0.45,0.828,3.0,0.0,12.0,0.7087996666666667,0.7313613999999999,0.9214091999999999,0.9224826855845221,0.7087996666666666,0.7313613999999999,0.9214091999999999,0.9224826855637598,0.3066666666666668,0.384,0.41400000000000003,0.2827206530182719,0.7493333333333334,0.7630000000000001,0.7826000000000001,0.6677960133036484,2.0,5.0,13.0,8.0,10.0,20.0,4.0,6.0,17.0,0.0,0.0,1.0,72.0,126.0,211.0,1,1.69484,1.694845,0.10000000000000003,0.030000000000000027,1.2664236666666666,1.0669586,0.6640953000000002,1.0508462112838304,1.0130603333333337,0.7629218,0.4360679000000002,1.0255500996517286,0.23333333333333311,0.16200000000000003,0.11199999999999999,0.20908353016330766,0.03266666666666662,0.02179999999999982,-0.006300000000000083,0.08817928983303047
20230212_Toulouse_Rennes,2023-02-12 12:00:00,2022,Toulouse,Rennes,3,1,2.71302,2.71302,0.32,0.7440000000000001,1.0,0.0,27.0,1.90941,1.9207480000000003,1.5202075000000002,1.133843555874734,1.6560466666666667,1.6167119999999997,1.2921801,1.0112173114086194,0.4666666666666666,0.512,0.517,0.4196721673272632,0.8076666666666666,0.8056000000000001,0.7859,0.8267190121254673,7.0,13.0,17.0,4.0,5.0,18.0,5.0,8.0,14.0,0.0,0.0,0.0,37.0,78.0,139.0,1,3,1.19649,1.19649,0.68,0.8370000000000001,1.0,0.0,4.0,1.7951899999999998,1.4697362,1.4985089,2.0215759211541258,1.7951899999999998,1.4697362000000003,1.42249934,2.021574302211764,0.5499999999999999,0.522,0.528,0.4310590921494406,0.8133333333333334,0.8214,0.8140000000000001,0.7575714469378122,5.0,7.0,16.0,5.0,7.0,13.0,2.0,4.0,9.0,0.0,2.0,3.0,40.0,77.0,153.0,1,1.5165300000000002,1.5165300000000002,-0.36000000000000004,-0.09299999999999997,0.11422000000000021,0.4510118000000003,0.021698600000000123,-0.8877323652793918,-0.13914333333333317,0.14697579999999943,-0.13031923999999995,-1.0103569908031445,-0.08333333333333331,-0.010000000000000009,-0.01100000000000001,-0.011386924822177402,-0.005666666666666709,-0.015799999999999925,-0.028100000000000014,0.06914756518765508
20230219_Toulouse_Marseille,2023-02-19 19:45:00,2022,Toulouse,Marseille,2,3,2.09816,2.09816,0.52,0.821,0.0,0.0,22.0,2.1303633333333334,1.9977740000000002,1.7069172000000001,2.397184711174947,1.877,1.8457560000000002,1.4788898,2.372659462281724,0.42,0.472,0.501,0.3399344334654526,0.8086666666666668,0.7982,0.7856,0.7605438024250935,8.0,11.0,20.0,4.0,6.0,16.0,5.0,8.0,14.0,0.0,0.0,0.0,44.0,78.0,154.0,3,2,1.21797,1.21797,0.48,0.773,2.0,0.0,16.0,2.2210666666666667,2.094004,2.215651,2.182131012388471,1.967703333333333,1.941986,2.0636319999999997,1.5740512284661774,0.5933333333333333,0.614,0.59,0.611065342219325,0.82,0.8274000000000001,0.8288,0.8382083653709187,5.0,9.0,23.0,3.0,5.0,9.0,6.0,9.0,16.0,0.0,0.0,1.0,34.0,56.0,136.0,-1,0.88019,0.88019,0.040000000000000036,0.04799999999999993,-0.09070333333333336,-0.09622999999999982,-0.5087337999999997,0.21505369878647596,-0.09070333333333291,-0.09622999999999982,-0.5847421999999998,0.7986082338155467,-0.17333333333333328,-0.14200000000000002,-0.08899999999999997,-0.27113090875387236,-0.011333333333333195,-0.029200000000000115,-0.043200000000000016,-0.07766456294582524
20230305_Toulouse_Clermont Foot,2023-03-05 14:00:00,2022,Toulouse,Clermont Foot,0,1,1.02505,1.02505,0.51,0.804,4.0,0.0,10.0,1.77801,1.8024200000000001,1.8003700000000002,0.8498729884469978,1.77801,1.6504020000000001,1.5723426,0.8488919784912689,0.4566666666666667,0.4619999999999999,0.504,0.5207973773386181,0.787,0.8086,0.7967,0.7985817520970038,5.0,10.0,21.0,7.0,10.0,18.0,1.0,5.0,14.0,0.0,0.0,0.0,65.0,82.0,162.0,1,0,0.647727,0.647727,0.49,0.7929999999999999,1.0,0.0,17.0,1.23449,1.1032461999999998,1.1904789,1.575634282130503,1.23449,1.1032462,1.1144691000000002,1.575632700543006,0.45,0.44400000000000006,0.445,0.529764775706086,0.7380000000000001,0.7512000000000001,0.7630999999999999,0.7120706891605559,1.0,1.0,6.0,5.0,7.0,11.0,7.0,9.0,20.0,0.0,0.0,1.0,39.0,79.0,138.0,-1,0.37732299999999996,0.37732299999999996,0.020000000000000018,0.01100000000000012,0.54352,0.6991738000000003,0.6098911000000002,-0.7257612936835052,0.54352,0.5471558000000001,0.4578734999999998,-0.7267407220517371,0.00666666666666671,0.01799999999999985,0.059,-0.00896739836746796,0.04899999999999993,0.057399999999999896,0.033600000000000074,0.08651106293644784
20230318_Toulouse_Lille,2023-03-18 16:00:00,2022,Toulouse,Lille,0,2,2.05248,2.05248,0.47,0.825,2.0,0.0,20.0,1.0390599999999999,1.5856720000000002,1.75321,1.45342691953788,1.03906,1.5856720000000002,1.601192,1.4533876791396507,0.5466666666666666,0.4959999999999999,0.504,0.5824318950935446,0.8123333333333335,0.8004000000000001,0.8030000000000002,0.8301832700838803,2.0,7.0,20.0,4.0,8.0,13.0,5.0,6.0,14.0,0.0,0.0,0.0,45.0,94.0,172.0,2,0,1.96469,1.96469,0.53,0.852,0.0,0.0,20.0,1.6752933333333335,2.3775760000000004,2.3321422,2.237057832925519,1.1685650000000007,1.7695150000000002,2.0281117,1.0150727132672583,0.62,0.614,0.628,0.56579101108412,0.8353333333333334,0.853,0.8547,0.8236611966417703,6.0,11.0,19.0,5.0,9.0,12.0,11.0,16.0,22.0,0.0,0.0,0.0,43.0,64.0,119.0,-1,0.08779000000000003,0.08779000000000003,-0.06000000000000005,-0.027000000000000024,-0.6362333333333337,-0.7919040000000002,-0.5789321999999999,-0.7836309133876389,-0.12950500000000065,-0.18384299999999998,-0.42691970000000024,0.4383149658723924,-0.07333333333333336,-0.1180000000000001,-0.124,0.01664088400942465,-0.02299999999999991,-0.05259999999999987,-0.05169999999999986,0.006522073442109977
20230414_Toulouse_Lyon,2023-04-14 19:00:00,2022,Toulouse,Lyon,1,2,1.51685,1.51685,0.43,0.775,1.0,0.0,22.0,2.012723333333333,1.7265000000000001,1.7644600000000001,2.127029975356303,2.012723333333333,1.7265000000000001,1.688451,2.1270296614331174,0.5166666666666666,0.532,0.497,0.5060994551607484,0.8076666666666666,0.8128,0.8107,0.777041466160671,3.0,5.0,15.0,6.0,7.0,17.0,9.0,14.0,19.0,1.0,1.0,1.0,61.0,90.0,172.0,2,1,2.988,2.2279,0.57,0.86,4.0,0.0,18.0,1.6694133333333336,1.7214759999999998,1.6279319,1.3964894160515957,1.386666666666667,1.551828,1.5431079,1.2607710034785642,0.5433333333333333,0.522,0.557,0.5576633478312136,0.8313333333333333,0.8225999999999999,0.8291000000000001,0.8138615809255165,5.0,8.0,17.0,2.0,5.0,10.0,5.0,10.0,14.0,0.0,0.0,0.0,53.0,83.0,152.0,-1,-1.47115,-0.71105,-0.13999999999999996,-0.08499999999999996,0.34330999999999956,0.0050240000000003615,0.13652810000000004,0.7305405593047074,0.6260566666666663,0.17467200000000016,0.14534309999999984,0.8662586579545533,-0.026666666666666727,0.010000000000000009,-0.06000000000000005,-0.05156389267046524,-0.023666666666666614,-0.00979999999999992,-0.018400000000000083,-0.03682011476484548
20230502_Toulouse_Lens,2023-05-02 19:00:00,2022,Toulouse,Lens,0,1,0.396677,0.396677,0.47,0.8,1.0,0.0,6.0,1.659393333333333,1.7620159999999998,1.673844,1.331825199014252,1.6593933333333333,1.7620159999999998,1.673844,1.3318251864573247,0.45999999999999996,0.4879999999999999,0.4919999999999999,0.45704397820642995,0.7803333333333334,0.8001999999999999,0.8003,0.7974816586464268,4.0,5.0,12.0,3.0,8.0,16.0,5.0,12.0,18.0,0.0,1.0,1.0,64.0,107.0,201.0,1,0,1.35975,1.35975,0.53,0.853,2.0,0.0,15.0,2.0926633333333333,1.8751160000000002,1.7971025999999999,3.1049974701879828,1.839297,1.7230962,1.7210927000000003,2.9833816296898146,0.5133333333333333,0.488,0.512,0.5776476574333771,0.838,0.8347999999999999,0.8252,0.8496338757018815,6.0,10.0,20.0,4.0,4.0,9.0,1.0,3.0,11.0,1.0,1.0,1.0,41.0,64.0,133.0,-1,-0.9630730000000001,-0.9630730000000001,-0.06000000000000005,-0.052999999999999936,-0.43327000000000027,-0.11310000000000042,-0.12325859999999977,-1.7731722711737308,-0.17990366666666668,0.03891979999999973,-0.04724870000000014,-1.6515564432324898,-0.053333333333333344,-1.1102230246251565e-16,-0.02000000000000013,-0.12060367922694715,-0.05766666666666653,-0.034599999999999964,-0.024900000000000033,-0.0521522170554547
20230514_Toulouse_Nantes,2023-05-14 13:00:00,2022,Toulouse,Nantes,0,0,1.24578,1.24578,0.71,0.8540000000000001,1.0,0.0,9.0,1.3930389999999997,1.5804474,1.4851317,2.13864532796057,1.393039,1.5804474,1.4851317,2.1386453274582933,0.5133333333333333,0.492,0.5159999999999999,0.5814817591282572,0.8130000000000001,0.7954,0.8074,0.8286992663458571,1.0,4.0,7.0,1.0,4.0,13.0,3.0,6.0,18.0,0.0,0.0,1.0,46.0,86.0,174.0,0,0,0.621868,0.621868,0.29,0.6920000000000001,1.0,0.0,44.0,1.175436333333333,1.1566108,1.2633569,0.8423288419291095,1.1754363333333335,1.1566108000000002,1.1873474,0.8423210560656138,0.5133333333333333,0.5439999999999999,0.4880000000000001,0.5293490466766074,0.7516666666666666,0.7618,0.7796,0.7171455222849301,2.0,5.0,10.0,6.0,10.0,21.0,5.0,10.0,17.0,0.0,0.0,0.0,47.0,86.0,181.0,0,0.6239120000000001,0.6239120000000001,0.42,0.16200000000000003,0.2176026666666666,0.4238366,0.22177479999999994,1.2963164860314607,0.2176026666666664,0.4238365999999998,0.2977843,1.2963242713926795,0.0,-0.051999999999999935,0.027999999999999803,0.05213271245164974,0.06133333333333346,0.03359999999999996,0.027800000000000047,0.111553744060927
20230527_Toulouse_Auxerre,2023-05-27 19:00:00,2022,Toulouse,Auxerre,1,1,1.21674,1.21674,0.6,0.821,1.0,0.0,15.0,1.5792456666666663,1.2778947999999999,1.5513774,1.0565322131184227,1.5792456666666663,1.2778947999999999,1.5513774,1.0565322130983317,0.6033333333333332,0.5479999999999998,0.5319999999999999,0.5288592703651303,0.8356666666666667,0.8220000000000001,0.8145,0.8233879706538343,0.0,1.0,7.0,0.0,1.0,9.0,3.0,6.0,17.0,0.0,0.0,1.0,48.0,78.0,180.0,1,1,0.653455,0.653455,0.4,0.7609999999999999,3.0,0.0,21.0,1.0012616666666665,0.9076962,1.1186987,0.729333458159389,1.0012616666666665,0.7556782,0.9666797,0.728165953868438,0.4633333333333333,0.402,0.39499999999999996,0.40152724331414147,0.8153333333333332,0.7674000000000001,0.7227,0.8415332079715403,2.0,4.0,10.0,4.0,7.0,10.0,2.0,2.0,10.0,0.0,0.0,0.0,51.0,105.0,208.0,0,0.5632849999999999,0.5632849999999999,0.19999999999999996,0.06000000000000005,0.5779839999999998,0.37019859999999993,0.4326787000000001,0.3271987549590337,0.5779839999999998,0.5222165999999999,0.5846977,0.3283662592298937,0.13999999999999985,0.1459999999999998,0.13699999999999996,0.12733202705098878,0.020333333333333425,0.05459999999999998,0.09179999999999999,-0.01814523731770601
20230819_Toulouse_Paris Saint Germain,2023-08-19 19:00:00,2023,Toulouse,Paris Saint Germain,1,1,1.15991,0.399817,0.24,0.72,0.0,0.0,14.0,1.9813399999999994,1.6308754,1.6056614,2.1223767377049474,1.98134,1.6308754,1.6056614,2.1223767377047866,0.5299999999999999,0.5579999999999999,0.5249999999999999,0.540230874162921,0.8113333333333334,0.8210000000000001,0.8082,0.8253391037652307,5.0,5.0,9.0,3.0,3.0,7.0,5.0,8.0,14.0,0.0,0.0,0.0,46.0,78.0,164.0,1,1,2.00415,1.24405,,,,,,1.5857733333333328,1.783926,1.938156,1.5000769077206966,1.3324066666666665,1.631906,1.8621459999999999,1.3784609077206966,,,,,,,,,3.0,10.0,21.0,4.0,5.0,11.0,,,,,,,,,,0,-0.8442400000000001,-0.8442330000000001,,,0.3955666666666666,-0.15305059999999981,-0.3324946,0.6222998299842508,0.6489333333333336,-0.0010305999999999926,-0.25648459999999984,0.74391582998409,,,,,,,,
20230903_Toulouse_Clermont Foot,2023-09-03 11:00:00,2023,Toulouse,Clermont Foot,2,2,0.64111,0.64111,0.37,0.741,1.0,0.0,31.0,1.176325333333333,1.4825291999999999,1.380212,0.5174534695081978,0.922961,1.3305106,1.3042027,0.3958385895081914,0.47,0.488,0.518,0.5480092349665168,0.7916666666666666,0.7948,0.8084,0.8042135641506092,3.0,6.0,7.0,4.0,6.0,7.0,5.0,8.0,14.0,0.0,0.0,0.0,46.0,76.0,154.0,2,2,1.40431,0.644213,0.63,0.815,3.0,0.0,3.0,0.9733459999999999,1.4491716000000001,1.3213725,0.5807773685189249,0.9733460000000002,1.2971516,1.1693527,0.5758736819860113,0.6000000000000001,0.542,0.49800000000000005,0.6756968345822151,0.815,0.8221999999999999,0.7951,0.8302803558355702,2.0,7.0,14.0,7.0,9.0,14.0,1.0,2.0,11.0,0.0,0.0,1.0,36.0,56.0,141.0,0,-0.7632,-0.003103000000000078,-0.26,-0.07399999999999995,0.20297933333333307,0.033357599999999765,0.058839499999999934,-0.0633238990107271,-0.050385000000000124,0.033358999999999916,0.13485000000000014,-0.1800350924778199,-0.13000000000000012,-0.05400000000000005,0.019999999999999962,-0.1276875996156983,-0.023333333333333317,-0.02739999999999998,0.013299999999999979,-0.026066791684961066
20231001_Toulouse_Metz,2023-10-01 13:00:00,2023,Toulouse,Metz,3,0,2.3397,2.3397,0.66,0.868,3.0,0.0,21.0,0.7242626666666663,0.7282828,1.1795791000000002,0.6853159477560655,0.7242626666666666,0.5762642,1.1035698,0.6843430287160656,0.37999999999999995,0.39799999999999996,0.47800000000000004,0.3826240738797322,0.7443333333333334,0.7545999999999999,0.7878000000000001,0.7405457085132049,3.0,4.0,9.0,4.0,7.0,10.0,7.0,10.0,18.0,0.0,0.0,0.0,119.0,149.0,227.0,0,3,0.598514,0.598514,0.34,0.735,0.0,0.0,21.0,0.9384189999999998,0.7935264,0.8199204200000001,0.9736263628710319,0.938419,0.7935264,0.74391052,0.97358744329184,0.3766666666666667,0.372,0.42699999999999994,0.4700934322709678,0.7476666666666668,0.7428,0.7781,0.8085809403770214,3.0,6.0,14.0,3.0,5.0,17.0,4.0,8.0,19.0,0.0,1.0,1.0,66.0,124.0,202.0,1,1.7411860000000001,1.7411860000000001,0.32,0.133,-0.2141563333333335,-0.06524359999999996,0.3596586800000001,-0.28831041511496636,-0.2141563333333334,-0.21726219999999996,0.35965928,-0.28924441457577443,0.0033333333333332438,0.025999999999999968,0.0510000000000001,-0.0874693583912356,-0.0033333333333334103,0.011799999999999922,0.009700000000000042,-0.06803523186381655
20231022_Toulouse_Reims,2023-10-22 13:00:00,2023,Toulouse,Reims,1,1,0.900833,0.900833,0.49,0.7859999999999999,2.0,0.0,19.0,1.4093643333333332,1.1503035999999998,1.3164164,1.3929886379102427,1.4093643333333334,1.1503036000000002,1.2404071,1.3929497211486428,0.49666666666666665,0.45,0.46900000000000003,0.4809049629551893,0.7866666666666667,0.7712,0.783,0.7725018283405283,5.0,7.0,13.0,3.0,5.0,11.0,6.0,12.0,20.0,0.0,0.0,0.0,80.0,163.0,239.0,1,1,0.96583,0.96583,0.51,0.7659999999999999,0.0,0.0,24.0,1.7373300000000003,1.6091828,1.5650884,1.9709633290532211,1.483966666666667,1.4571648,1.4130704,1.3626967335557576,0.44999999999999996,0.502,0.49800000000000005,0.5262208214247214,0.7546666666666667,0.7692,0.771,0.7592351721010692,5.0,8.0,15.0,4.0,8.0,17.0,4.0,10.0,16.0,0.0,0.0,1.0,65.0,104.0,208.0,0,-0.06499699999999997,-0.06499699999999997,-0.020000000000000018,0.020000000000000018,-0.32796566666666704,-0.45887920000000015,-0.248672,-0.5779746911429784,-0.07460233333333366,-0.3068611999999997,-0.17266329999999996,0.030252987592885194,0.04666666666666669,-0.05199999999999999,-0.029000000000000026,-0.04531585846953207,0.03200000000000003,0.0020000000000000018,0.01200000000000001,0.013266656239459107
20231105_Toulouse_Le Havre,2023-11-05 14:00:00,2023,Toulouse,Le Havre,1,2,2.31734,1.55724,0.52,0.809,2.0,0.0,17.0,1.0058889999999998,1.201346,1.1059131,0.9020960255164097,1.005889,1.201346,1.0299038,0.9020944688459458,0.5166666666666666,0.518,0.476,0.5856361985182076,0.7806666666666667,0.7893999999999999,0.7817999999999999,0.7974600731336211,2.0,6.0,11.0,5.0,7.0,13.0,7.0,11.0,22.0,0.0,0.0,0.0,65.0,122.0,251.0,2,1,1.21056,1.21056,0.48,0.8009999999999999,2.0,0.0,25.0,0.9555159999999999,0.9884335999999999,1.0425473,1.02022229532672,0.9555159999999999,0.9884335999999999,1.0425473,1.02022229532672,0.4466666666666667,0.40800000000000003,0.42699999999999994,0.54249700352,0.7949999999999999,0.7814,0.7817999999999999,0.795987791872,0.0,2.0,10.0,3.0,6.0,12.0,7.0,9.0,15.0,1.0,1.0,2.0,54.0,92.0,179.0,-1,1.10678,0.3466799999999999,0.040000000000000036,0.008000000000000118,0.05037299999999989,0.2129124000000001,0.06336579999999992,-0.11812626981031027,0.05037300000000011,0.2129124000000001,-0.01264350000000003,-0.11812782648077413,0.0699999999999999,0.10999999999999999,0.049000000000000044,0.04313919499820762,-0.014333333333333198,0.007999999999999896,0.0,0.0014722812616211334
20231203_Toulouse_Lorient,2023-12-03 14:00:00,2023,Toulouse,Lorient,1,1,1.10351,1.10351,0.52,0.825,2.0,0.0,24.0,1.3353333333333335,1.1569274,1.1536155000000001,1.1655284482041313,1.081966666666667,1.0049074,1.0776055,1.1412052357507676,0.4633333333333333,0.49799999999999994,0.4739999999999999,0.46132508958814566,0.7963333333333334,0.7952,0.7832,0.8149876805850689,2.0,3.0,10.0,4.0,8.0,13.0,10.0,15.0,27.0,0.0,0.0,0.0,66.0,108.0,271.0,1,1,0.645774,0.645774,0.48,0.823,4.0,0.0,22.0,0.8269003333333335,0.6975186,0.8299092,1.2132867067122421,0.8269003333333335,0.6975186,0.8299092,1.2132867066126085,0.5166666666666667,0.45999999999999996,0.484,0.6251337528208823,0.8260000000000001,0.7994000000000001,0.8201,0.86235073099062,2.0,4.0,12.0,4.0,6.0,22.0,7.0,10.0,15.0,0.0,0.0,0.0,64.0,126.0,226.0,0,0.45773600000000003,0.45773600000000003,0.040000000000000036,0.0020000000000000018,0.508433,0.45940880000000006,0.3237063000000001,-0.047758258508110885,0.2550663333333335,0.3073888,0.24769629999999998,-0.07208147086184091,-0.0533333333333334,0.03799999999999998,-0.010000000000000064,-0.16380866323273668,-0.02966666666666662,-0.0042000000000000925,-0.036900000000000044,-0.04736305040555111
20231217_Toulouse_Rennes,2023-12-17 14:00:00,2023,Toulouse,Rennes,0,0,0.686037,0.686037,0.49,0.772,3.0,0.0,19.0,1.3258133333333333,1.342322,1.2718340000000001,1.5048627379281654,1.0724483333333334,1.038283,1.1198145,0.8958138094300307,0.5,0.484,0.501,0.5096530035835258,0.8303333333333333,0.8103999999999999,0.7999,0.8349995072234027,1.0,3.0,9.0,5.0,8.0,15.0,10.0,16.0,27.0,0.0,0.0,0.0,52.0,102.0,224.0,0,0,1.08165,1.08165,0.51,0.784,2.0,0.0,22.0,1.5216716666666663,1.1460112,1.2375933,1.8615827282971102,1.268308333333333,0.9939932000000002,1.0095655999999997,1.2535076144360722,0.47333333333333333,0.476,0.5309999999999999,0.4829364841444431,0.7786666666666667,0.7958000000000001,0.8119999999999999,0.7746735987048492,4.0,4.0,10.0,5.0,8.0,15.0,7.0,12.0,21.0,1.0,3.0,3.0,47.0,91.0,166.0,0,-0.395613,-0.395613,-0.020000000000000018,-0.01200000000000001,-0.19585833333333302,0.1963108,0.034240700000000235,-0.35671999036894486,-0.19585999999999948,0.044289799999999824,0.1102489000000002,-0.3576938050060414,0.026666666666666672,0.008000000000000007,-0.029999999999999916,0.02671651943908271,0.05166666666666653,0.014599999999999835,-0.012099999999999889,0.06032590851855346
20231220_Toulouse_Monaco,2023-12-20 20:00:00,2023,Toulouse,Monaco,1,2,1.58928,1.58928,0.55,0.812,2.0,0.0,23.0,1.130549,1.0160614000000001,1.2755014,0.849802147585633,0.8771840000000002,0.8640424,1.1234819,0.7279923618860061,0.5066666666666667,0.4779999999999999,0.512,0.49393060071670514,0.8116666666666666,0.8029999999999999,0.8034000000000001,0.7845999014446805,1.0,2.0,8.0,4.0,6.0,13.0,9.0,17.0,29.0,0.0,0.0,0.0,55.0,104.0,207.0,2,1,2.26628,1.50618,0.45,0.742,3.0,1.0,31.0,1.6533633333333333,1.4897209999999999,1.4704098,1.3877580155056621,1.6533633333333333,1.4897209999999999,1.4704098,1.387757890971456,0.5866666666666668,0.568,0.5559999999999999,0.5888544354372178,0.8243333333333333,0.8208,0.8024000000000001,0.8174608958265933,4.0,6.0,16.0,2.0,7.0,13.0,9.0,13.0,25.0,1.0,1.0,1.0,46.0,88.0,182.0,-1,-0.677,0.08309999999999995,0.10000000000000003,0.07000000000000006,-0.5228143333333333,-0.47365959999999974,-0.1949084000000001,-0.5379558679200291,-0.7761793333333331,-0.6256785999999999,-0.34692790000000007,-0.6597655290854499,-0.08000000000000007,-0.09000000000000002,-0.04399999999999993,-0.09492383472051269,-0.012666666666666604,-0.017800000000000038,0.0010000000000000009,-0.03286099438191281
20240128_Toulouse_Lens,2024-01-28 16:05:00,2023,Toulouse,Lens,0,2,2.4207,1.66061,0.53,0.795,3.0,0.0,15.0,1.075836,1.1866236,1.1717755,1.0500296859034253,0.8224706666666669,0.8825854,0.9437464,0.4370804944754402,0.5466666666666666,0.534,0.516,0.5877572240286681,0.8036666666666666,0.8148,0.805,0.8229039960577873,2.0,3.0,6.0,2.0,6.0,14.0,7.0,13.0,28.0,0.0,0.0,0.0,75.0,111.0,219.0,2,0,1.17066,1.17066,0.47,0.802,3.0,0.0,21.0,1.4964683333333333,1.7525210000000002,1.9514464,2.2871187336790064,1.2431016666666668,1.448483,1.6474084000000002,1.678062705129853,0.4666666666666666,0.514,0.527,0.3941100204619322,0.8029999999999999,0.8186,0.8211,0.799514892814037,2.0,5.0,13.0,4.0,6.0,6.0,2.0,7.0,19.0,1.0,2.0,3.0,61.0,105.0,184.0,-1,1.25004,0.4899499999999999,0.06000000000000005,-0.007000000000000006,-0.4206323333333333,-0.5658974000000003,-0.7796709,-1.2370890477755812,-0.42063099999999987,-0.5658976,-0.7036620000000002,-1.2409822106544128,0.08000000000000002,0.020000000000000018,-0.01100000000000001,0.19364720356673593,0.0006666666666667043,-0.0038000000000000256,-0.016100000000000003,0.02338910324375032
20240211_Toulouse_Nantes,2024-02-11 14:00:00,2023,Toulouse,Nantes,1,2,0.893343,0.893343,0.74,0.8059999999999999,2.0,0.0,2.0,1.7048736666666666,1.4779876,1.4101548,1.822697187436137,0.9447796666666668,1.0219311999999998,1.0301071,1.0684880197790176,0.5033333333333333,0.51,0.497,0.41231028896114674,0.785,0.7878000000000001,0.7991,0.7465161598423116,4.0,5.0,8.0,4.0,6.0,14.0,8.0,13.0,29.0,0.0,0.0,0.0,79.0,121.0,223.0,2,1,0.497993,0.497993,0.26,0.613,1.0,0.0,34.0,1.2535286666666665,1.1003642,1.2221378,0.8517690255678462,1.000164,0.9483454000000002,1.1461284,0.7301539854673895,0.48,0.512,0.506,0.43731370811776626,0.7920000000000001,0.8046,0.8042999999999999,0.7964676873536283,1.0,1.0,4.0,3.0,6.0,12.0,5.0,8.0,16.0,1.0,1.0,1.0,53.0,83.0,156.0,-1,0.39535,0.39535,0.48,0.19299999999999995,0.4513450000000001,0.37762340000000005,0.18801699999999988,0.9709281618682909,-0.05538433333333326,0.07358579999999959,-0.1160213000000001,0.3383340343116281,0.023333333333333317,-0.0020000000000000018,-0.009000000000000008,-0.025003419156619522,-0.007000000000000117,-0.016799999999999926,-0.005199999999999871,-0.04995152751131671
20240225_Toulouse_Lille,2024-02-25 14:00:00,2023,Toulouse,Lille,3,1,1.95824,1.19814,0.32,0.74,2.0,0.0,19.0,1.4042843333333332,1.5171488,1.3838501,1.4780667674974455,1.1509190000000002,1.0610924000000002,1.0798124,1.4478984007911606,0.48999999999999994,0.5199999999999999,0.514,0.4148924115584458,0.7389999999999999,0.7678,0.7914,0.7012206463936924,6.0,7.0,9.0,5.0,7.0,14.0,8.0,13.0,28.0,0.0,0.0,0.0,65.0,113.0,207.0,1,3,0.599376,0.599376,0.68,0.873,0.0,0.0,15.0,2.7193799999999997,2.3672792,2.0012661,3.7100712084862724,2.421096666666667,2.1883092,1.8357711,2.9941896518014723,0.5633333333333334,0.584,0.571,0.5888997031093238,0.8516666666666667,0.8604,0.8484999999999999,0.8573732725530842,8.0,11.0,17.0,3.0,3.0,6.0,5.0,9.0,16.0,0.0,1.0,1.0,41.0,63.0,147.0,1,1.358864,0.598764,-0.36000000000000004,-0.133,-1.3150956666666664,-0.8501304000000001,-0.617416,-2.2320044409888267,-1.2701776666666669,-1.1272167999999998,-0.7559587000000001,-1.5462912510103117,-0.07333333333333342,-0.06400000000000006,-0.05699999999999994,-0.17400729155087802,-0.1126666666666668,-0.09260000000000002,-0.05709999999999993,-0.15615262615939174
20240303_Toulouse_Nice,2024-03-03 12:00:00,2023,Toulouse,Nice,2,1,1.50074,1.50074,0.44,0.7959999999999999,2.0,0.0,21.0,1.4764543333333335,1.7183585999999997,1.4524911,1.8622053534994891,1.2230876666666668,1.2623014,1.0724434,1.248091680158232,0.47,0.46399999999999997,0.49899999999999994,0.33897848231168914,0.7413333333333333,0.7504,0.7826,0.7322441292787384,6.0,9.0,12.0,4.0,8.0,14.0,7.0,13.0,26.0,0.0,0.0,0.0,53.0,99.0,210.0,1,2,1.91177,1.91177,0.56,0.835,2.0,0.0,18.0,1.6067873333333338,1.4935944,1.537961,1.7624070331000694,1.3534240000000004,1.1895564,1.309932,1.7370723074819303,0.52,0.538,0.542,0.5646648747506978,0.8273333333333333,0.8252,0.834,0.8396063039375078,2.0,3.0,8.0,4.0,4.0,11.0,8.0,10.0,16.0,1.0,1.0,2.0,36.0,74.0,144.0,1,-0.41103,-0.41103,-0.12000000000000005,-0.039000000000000035,-0.13033300000000025,0.22476419999999964,-0.08546989999999988,0.09979832039941972,-0.1303363333333336,0.07274499999999984,-0.23748860000000005,-0.4889806273236983,-0.050000000000000044,-0.07400000000000007,-0.043000000000000094,-0.22568639243900868,-0.08599999999999997,-0.07480000000000009,-0.0514,-0.1073621746587694
20240315_Toulouse_Lyon,2024-03-15 20:00:00,2023,Toulouse,Lyon,2,3,2.0594,1.2993,0.5,0.835,2.0,0.0,23.0,1.223756,1.2284781999999999,1.3532328999999998,0.4844370141399795,0.9703893333333334,1.0764581999999998,1.0491947,0.45987246720632924,0.42333333333333334,0.472,0.491,0.4919591392924676,0.7703333333333333,0.759,0.7734,0.7766497651711496,5.0,8.0,13.0,3.0,6.0,12.0,5.0,10.0,23.0,0.0,0.0,0.0,50.0,84.0,205.0,3,2,1.49785,1.49785,0.5,0.821,2.0,0.0,20.0,1.9227133333333342,1.5734714,1.4477953,2.292087453289404,1.922713333333334,1.5734714,1.4477953,2.2920874532886057,0.5366666666666666,0.5279999999999999,0.501,0.5150015378413558,0.82,0.8164,0.8084,0.8513970173738727,4.0,7.0,13.0,4.0,5.0,11.0,2.0,4.0,11.0,1.0,1.0,4.0,48.0,92.0,184.0,-1,0.5615500000000002,-0.19855,0.0,0.014000000000000012,-0.6989573333333341,-0.3449932000000002,-0.09456240000000005,-1.8076504391494246,-0.9523240000000005,-0.49701320000000027,-0.39860059999999997,-1.8322149860822765,-0.11333333333333329,-0.05599999999999994,-0.010000000000000009,-0.023042398548888232,-0.04966666666666664,-0.05740000000000001,-0.03500000000000003,-0.07474725220272316
20240407_Toulouse_Strasbourg,2024-04-07 13:00:00,2023,Toulouse,Strasbourg,0,0,0.825103,0.825103,0.48,0.8370000000000001,2.0,0.0,15.0,1.524936,1.6067576,1.5619532,2.191377480565599,1.0182060000000002,1.1506996,1.105896,1.460706898688253,0.48666666666666664,0.44399999999999995,0.48200000000000004,0.4596783655716987,0.801,0.7878000000000001,0.7777999999999999,0.7990659906068459,5.0,10.0,17.0,4.0,6.0,13.0,4.0,8.0,21.0,0.0,0.0,0.0,55.0,95.0,208.0,0,0,0.582127,0.582127,0.52,0.838,0.0,0.0,14.0,1.5377840000000005,1.2752952,1.4807506,2.287823514006414,1.5377840000000003,1.1232765999999998,1.4047413,2.282958918706786,0.3733333333333335,0.4,0.45,0.4014438267013405,0.7283333333333332,0.7482,0.7798,0.7804006198283215,5.0,7.0,12.0,2.0,7.0,17.0,5.0,11.0,23.0,0.0,0.0,1.0,96.0,166.0,247.0,0,0.24297600000000008,0.24297600000000008,-0.040000000000000036,-0.0009999999999998899,-0.012848000000000415,0.33146239999999993,0.08120260000000012,-0.09644603344081482,-0.5195780000000001,0.027423000000000197,-0.2988453,-0.822252020018533,0.11333333333333312,0.04399999999999993,0.03200000000000003,0.05823453887035823,0.07266666666666688,0.03960000000000008,-0.002000000000000113,0.01866537077852437
20240421_Toulouse_Marseille,2024-04-21 17:00:00,2023,Toulouse,Marseille,2,2,0.654707,0.654707,0.46,0.8029999999999999,1.0,0.0,19.0,1.3040313333333333,1.2367564,1.3855615,0.8467683792226239,1.0506680000000002,0.9327184,1.0815229,0.8175415559475301,0.45999999999999996,0.4779999999999999,0.462,0.455187134622868,0.8003333333333332,0.8022,0.7764,0.7826826396242739,5.0,7.0,18.0,1.0,5.0,12.0,6.0,9.0,21.0,0.0,0.0,0.0,58.0,91.0,196.0,2,2,1.06509,1.06509,0.54,0.8320000000000001,2.0,0.0,16.0,0.8720746666666668,1.5442808000000001,1.7497590000000003,0.8855619482247843,0.8720746666666662,1.5442808000000001,1.67375,0.8853673651648588,0.5033333333333332,0.5199999999999999,0.5730000000000001,0.47373535502076275,0.8009999999999998,0.8122,0.8233,0.7792322133646876,1.0,8.0,15.0,7.0,8.0,14.0,9.0,12.0,19.0,0.0,0.0,1.0,29.0,81.0,171.0,0,-0.41038300000000005,-0.41038300000000005,-0.08000000000000002,-0.029000000000000137,0.43195666666666654,-0.30752440000000014,-0.3641975000000004,-0.038793569002160355,0.17859333333333394,-0.6115624000000002,-0.5922271000000001,-0.06782580921732873,-0.043333333333333224,-0.04199999999999998,-0.11100000000000004,-0.018548220397894777,-0.0006666666666665932,-0.010000000000000009,-0.04690000000000005,0.003450426259586248
20240503_Toulouse_Montpellier,2024-05-03 17:00:00,2023,Toulouse,Montpellier,1,2,1.98611,1.98611,0.63,0.818,3.0,1.0,4.0,1.2244293333333334,1.3603022,1.4109959,1.9263918551689052,1.2244293333333336,1.2082842,1.1829669,1.9252227822379013,0.47,0.46799999999999997,0.446,0.4918074853849147,0.8003333333333332,0.8061999999999999,0.7855000000000001,0.821387305584971,6.0,9.0,18.0,4.0,4.0,11.0,7.0,10.0,20.0,0.0,0.0,0.0,64.0,101.0,206.0,2,1,0.660372,0.660372,0.37,0.767,3.0,1.0,26.0,1.2497993333333337,1.6514395999999998,1.8141288,0.8357087090915956,1.249799333333334,1.4994196000000002,1.5100901,0.8306102551921403,0.5033333333333334,0.488,0.46699999999999997,0.5268015131111154,0.7953333333333333,0.7862,0.7773000000000001,0.8131704724262712,4.0,8.0,18.0,3.0,3.0,16.0,6.0,11.0,21.0,2.0,2.0,2.0,72.0,121.0,240.0,-1,1.325738,1.325738,0.26,0.050999999999999934,-0.025370000000000337,-0.29113739999999977,-0.4031328999999999,1.0906831460773097,-0.025370000000000337,-0.29113540000000016,-0.32712319999999995,1.094612527045761,-0.03333333333333344,-0.020000000000000018,-0.020999999999999963,-0.03499402772620075,0.004999999999999893,0.019999999999999907,0.008199999999999985,0.00821683315869981
20240519_Toulouse_Brest,2024-05-19 19:00:00,2023,Toulouse,Brest,0,3,0.984204,0.984204,0.52,0.818,1.0,0.0,18.0,1.977236666666667,1.4740576,1.4270939,1.763545274206756,1.977236666666667,1.4740576,1.2750749,1.763498511289516,0.4966666666666666,0.48,0.4779999999999999,0.40847229941539653,0.8126666666666665,0.8023999999999999,0.8048,0.7981354922233987,6.0,10.0,17.0,4.0,7.0,12.0,6.0,10.0,18.0,1.0,1.0,1.0,39.0,79.0,170.0,3,0,1.02904,1.02904,0.48,0.8190000000000001,2.0,0.0,15.0,1.3851856666666666,1.3029642000000001,1.466,1.2548582561331674,1.3851856666666666,1.3029642000000001,1.466,1.2548581938663423,0.6133333333333334,0.5740000000000001,0.5670000000000001,0.6149443076776042,0.8140000000000001,0.807,0.8102,0.8044429591044697,6.0,9.0,16.0,5.0,11.0,16.0,6.0,16.0,28.0,0.0,1.0,2.0,59.0,104.0,196.0,-1,-0.04483599999999999,-0.04483599999999999,0.040000000000000036,-0.001000000000000112,0.5920510000000003,0.17109339999999995,-0.038906099999999944,0.5086870180735887,0.5920510000000003,0.17109339999999995,-0.19092510000000007,0.5086403174231737,-0.11666666666666681,-0.09400000000000008,-0.08900000000000013,-0.20647200826220768,-0.0013333333333335196,-0.0046000000000001595,-0.005400000000000071,-0.006307466881070978
20220814_Troyes_Toulouse,2022-08-14 13:00:00,2022,Troyes,Toulouse,0,3,0.925402,0.925402,0.33,0.7390000000000001,2.0,0.0,18.0,1.84274,1.84274,1.84274,1.84274,1.08264,1.08264,1.08264,1.08264,0.46,0.46,0.46,0.46,0.821,0.821,0.821,0.821,2.0,2.0,2.0,3.0,3.0,3.0,0.0,0.0,0.0,0.0,0.0,0.0,14.0,14.0,14.0,3,0,2.07677,2.07677,0.67,0.845,1.0,0.0,10.0,1.85439,1.85439,1.85439,1.85439,1.85439,1.85439,1.85439,1.85439,0.46,0.46,0.46,0.46,0.7959999999999999,0.7959999999999999,0.7959999999999999,0.7959999999999999,1.0,1.0,1.0,1.0,1.0,1.0,1.0,1.0,1.0,0.0,0.0,0.0,13.0,13.0,13.0,-1,-1.1513679999999997,-1.1513679999999997,-0.34,-0.10599999999999987,-0.011649999999999938,-0.011649999999999938,-0.011649999999999938,-0.011649999999999938,-0.7717499999999999,-0.7717499999999999,-0.7717499999999999,-0.7717499999999999,0.0,0.0,0.0,0.0,0.025000000000000022,0.025000000000000022,0.025000000000000022,0.025000000000000022
20220828_Troyes_Angers,2022-08-28 13:00:00,2022,Troyes,Angers,3,1,2.23192,2.23192,0.49,0.8320000000000001,2.0,0.0,15.0,1.238807,1.238807,1.238807,0.98039712,0.7320753333333333,0.7320753333333333,0.7320753333333333,0.34191711999999996,0.3766666666666667,0.3766666666666667,0.3766666666666667,0.3432,0.7873333333333333,0.7873333333333333,0.7873333333333333,0.79268,3.0,3.0,3.0,10.0,10.0,10.0,3.0,3.0,3.0,0.0,0.0,0.0,51.0,51.0,51.0,1,3,1.00107,1.00107,0.51,0.8490000000000001,3.0,1.0,19.0,1.541426666666667,1.4408232,1.1083418000000003,1.176061323359346,1.541426666666667,1.4408232,1.1083418,1.1760613227576007,0.5299999999999999,0.526,0.487,0.5160732337133029,0.806,0.8286,0.8164,0.8395993723581604,3.0,6.0,9.0,5.0,10.0,19.0,8.0,10.0,17.0,1.0,1.0,2.0,39.0,61.0,123.0,1,1.2308500000000002,1.2308500000000002,-0.020000000000000018,-0.017000000000000015,-0.30261966666666695,-0.2020162000000001,0.13046519999999973,-0.19566420335934598,-0.8093513333333336,-0.7087478666666668,-0.37626646666666674,-0.8341442027576007,-0.1533333333333332,-0.14933333333333332,-0.11033333333333328,-0.17287323371330293,-0.01866666666666672,-0.041266666666666674,-0.029066666666666685,-0.04691937235816035
20220904_Troyes_Rennes,2022-09-04 15:05:00,2022,Troyes,Rennes,1,1,0.564802,0.564802,0.29,0.703,2.0,1.0,18.0,1.9548463333333335,1.7265362,1.7265362,2.5437950848,1.448118,1.2704792,1.2704792,1.9101838848000001,0.4366666666666667,0.42000000000000004,0.42000000000000004,0.476128,0.82,0.804,0.804,0.8256272,8.0,10.0,10.0,7.0,13.0,13.0,4.0,6.0,6.0,0.0,0.0,0.0,57.0,89.0,89.0,1,1,2.61037,2.61037,0.71,0.8859999999999999,2.0,0.0,5.0,1.1035086666666665,1.3480492,1.425726,1.3426123272777337,1.1035086666666665,1.3480492000000002,1.425726,1.3426123242891346,0.56,0.592,0.596,0.6131770938196475,0.8210000000000001,0.8375999999999999,0.8403,0.8454113731751646,6.0,7.0,16.0,4.0,6.0,11.0,8.0,14.0,28.0,2.0,2.0,4.0,58.0,84.0,138.0,0,-2.0455680000000003,-2.0455680000000003,-0.42,-0.18299999999999994,0.851337666666667,0.378487,0.3008101999999999,1.2011827575222664,0.34460933333333355,-0.07757000000000014,-0.15524680000000002,0.5675715605108655,-0.12333333333333335,-0.17199999999999993,-0.17599999999999993,-0.13704909381964747,-0.001000000000000112,-0.03359999999999985,-0.0363,-0.019784173175164566
20221002_Troyes_Reims,2022-10-02 13:00:00,2022,Troyes,Reims,2,2,1.74344,1.74344,0.68,0.845,4.0,0.0,5.0,0.870225,1.5053870000000003,1.4054195,1.2435237046784,0.8702249999999999,1.353369,1.120383875,1.2384548150783998,0.35999999999999993,0.41,0.3975,0.408289024,0.7539999999999999,0.784,0.78525,0.7604610176,4.0,11.0,14.0,3.0,6.0,16.0,6.0,9.0,12.0,1.0,1.0,1.0,66.0,104.0,155.0,2,2,1.49046,1.49046,0.32,0.715,2.0,1.0,39.0,0.8407293333333334,1.152725,1.2379003000000002,0.38877555820501136,0.8407293333333334,1.000707,1.0098723,0.3838331484770114,0.4100000000000001,0.384,0.413,0.36384689107322765,0.7376666666666666,0.7192000000000001,0.7529,0.6954898536801088,1.0,6.0,11.0,5.0,8.0,23.0,7.0,14.0,22.0,2.0,4.0,6.0,48.0,95.0,181.0,0,0.2529800000000002,0.2529800000000002,0.36000000000000004,0.13,0.029495666666666587,0.35266200000000025,0.16751919999999987,0.8547481464733886,0.029495666666666476,0.35266200000000003,0.11051157499999986,0.8546216666013884,-0.050000000000000155,0.025999999999999968,-0.015499999999999958,0.04444213292677235,0.01633333333333331,0.06479999999999997,0.03234999999999999,0.0649711639198911
20221016_Troyes_Ajaccio,2022-10-16 13:00:00,2022,Troyes,Ajaccio,1,1,0.434355,0.434355,0.51,0.748,2.0,0.0,17.0,1.5868966666666668,1.199973,1.4632546000000002,1.6452913481871363,1.5868966666666668,1.199973,1.2352261,1.6450885926031362,0.49666666666666665,0.43,0.425,0.43713156096000005,0.8013333333333333,0.7826,0.7933,0.810418440704,7.0,8.0,18.0,6.0,8.0,21.0,8.0,11.0,17.0,0.0,1.0,1.0,33.0,81.0,170.0,1,1,1.83625,1.07615,0.49,0.7809999999999999,1.0,0.0,25.0,0.6530130000000001,0.5814456,0.7603047,0.3566604908974079,0.653013,0.5814456,0.6082852,0.35665231834367994,0.43,0.46399999999999997,0.45,0.3881281382399999,0.6960000000000001,0.7114,0.7202,0.6940358942720001,4.0,4.0,7.0,4.0,6.0,15.0,7.0,12.0,32.0,0.0,0.0,2.0,64.0,84.0,141.0,0,-1.401895,-0.6417949999999999,0.020000000000000018,-0.03299999999999992,0.9338836666666668,0.6185274,0.7029499000000001,1.2886308572897285,0.9338836666666669,0.6185274,0.6269409,1.2884362742594564,0.06666666666666665,-0.033999999999999975,-0.025000000000000022,0.049003422720000134,0.10533333333333328,0.07119999999999993,0.07310000000000005,0.11638254643199997
20221023_Troyes_Lorient,2022-10-23 13:00:00,2022,Troyes,Lorient,2,2,1.13911,1.13911,0.42,0.8320000000000001,2.0,0.0,18.0,1.274515,1.1738836000000001,1.3224161,0.6765422696374273,1.2745149999999998,1.1738836,1.1703976,0.6765017185206272,0.5266666666666667,0.47400000000000003,0.43,0.495426312192,0.7996666666666666,0.7916000000000001,0.786,0.7604836881408,5.0,8.0,17.0,6.0,8.0,19.0,7.0,11.0,19.0,0.0,0.0,1.0,32.0,80.0,173.0,2,2,1.538,1.538,0.58,0.857,0.0,0.0,14.0,0.9017033333333333,1.49953,1.7375159,1.0644559850120263,0.9017033333333333,1.49953,1.5094879,1.0644538030875839,0.45,0.454,0.433,0.4793843005394435,0.7709999999999999,0.791,0.7878000000000001,0.7756398189305304,4.0,10.0,20.0,2.0,5.0,14.0,5.0,8.0,15.0,1.0,1.0,1.0,81.0,124.0,236.0,0,-0.39888999999999997,-0.39888999999999997,-0.15999999999999998,-0.02499999999999991,0.37281166666666676,-0.3256463999999999,-0.4150997999999999,-0.38791371537459907,0.37281166666666654,-0.3256464000000001,-0.33909030000000007,-0.3879520845669566,0.07666666666666672,0.020000000000000018,-0.0030000000000000027,0.01604201165255653,0.02866666666666673,0.0006000000000000449,-0.0018000000000000238,-0.015156130789730327
20221104_Troyes_Auxerre,2022-11-04 20:00:00,2022,Troyes,Auxerre,1,1,1.93768,1.93768,0.5,0.8240000000000001,2.0,0.0,17.0,1.058435,1.312899,1.409143,1.490791290785497,1.058435,1.312899,1.333134,1.490789668740825,0.4200000000000001,0.466,0.438,0.35101705248768,0.8033333333333333,0.8122,0.7981,0.8275393475256321,6.0,10.0,21.0,7.0,12.0,18.0,7.0,12.0,21.0,0.0,0.0,1.0,52.0,67.0,171.0,1,1,1.45801,1.45801,0.5,0.845,0.0,0.0,31.0,0.6418366666666667,0.828994,0.8661396,0.8416471522016706,0.6418366666666667,0.676976,0.7901306,0.8406741747347702,0.44,0.46399999999999997,0.46799999999999997,0.42011828719616,0.7656666666666667,0.7932,0.7945,0.77185119553536,3.0,5.0,8.0,3.0,6.0,18.0,1.0,4.0,11.0,1.0,2.0,2.0,71.0,115.0,221.0,0,0.47967000000000004,0.47967000000000004,0.0,-0.020999999999999908,0.4165983333333333,0.48390500000000003,0.5430034,0.6491441385838264,0.4165983333333333,0.635923,0.5430034,0.6501154940060548,-0.019999999999999907,0.0020000000000000573,-0.02999999999999997,-0.06910123470848001,0.037666666666666626,0.019000000000000017,0.0036000000000000476,0.055688151990272106
20221228_Troyes_Nantes,2022-12-28 14:00:00,2022,Troyes,Nantes,0,0,0.202598,0.202598,0.56,0.8290000000000001,0.0,0.0,22.0,1.3279400000000001,1.1114570000000001,1.155715,0.7251004516314199,1.32794,1.1114570000000001,1.155715,0.725100386749633,0.4300000000000001,0.44399999999999995,0.437,0.4620406820995072,0.8103333333333333,0.8022,0.7924,0.7865415739010253,5.0,8.0,16.0,7.0,10.0,18.0,7.0,11.0,22.0,1.0,1.0,2.0,50.0,85.0,166.0,0,0,1.70731,1.70731,0.44,0.812,2.0,0.0,23.0,1.1470913333333332,1.6350728,1.0799569999999998,0.9424788710331085,1.1470913333333332,1.3310347999999999,0.9279379999999999,0.9405330253416857,0.5033333333333333,0.47800000000000004,0.46699999999999997,0.5134089757555856,0.7506666666666667,0.7618,0.7818,0.7479611256530659,3.0,8.0,11.0,4.0,6.0,19.0,7.0,11.0,17.0,1.0,3.0,4.0,55.0,94.0,169.0,0,-1.504712,-1.504712,0.12000000000000005,0.017000000000000015,0.18084866666666688,-0.5236158,0.07575800000000021,-0.21737841940168856,0.18084866666666666,-0.2195777999999997,0.22777700000000012,-0.21543263859205275,-0.0733333333333332,-0.034000000000000086,-0.02999999999999997,-0.05136829365607842,0.059666666666666646,0.04039999999999999,0.010599999999999943,0.038580448247959365
20230111_Troyes_Marseille,2023-01-11 20:00:00,2022,Troyes,Marseille,0,2,0.207647,0.207647,0.32,0.78,2.0,0.0,12.0,0.6582359999999999,1.1028455999999998,1.1848383,1.123667698065257,0.6582359999999999,1.1028456,1.1848383,1.1236676954699854,0.48666666666666675,0.458,0.471,0.4600816272839803,0.7813333333333334,0.7996000000000001,0.7982,0.754501662956041,4.0,8.0,18.0,4.0,9.0,18.0,4.0,9.0,21.0,1.0,1.0,1.0,70.0,104.0,172.0,2,0,2.65167,2.65167,0.68,0.882,3.0,0.0,9.0,2.654046666666667,2.194712,1.8857760000000003,1.7939885698662703,2.40068,2.042692,1.7337567,1.6723647840222982,0.5599999999999999,0.5279999999999999,0.55,0.5759721769526358,0.8313333333333334,0.8148,0.8189,0.8177089206048266,11.0,14.0,19.0,4.0,6.0,11.0,4.0,6.0,12.0,1.0,1.0,2.0,57.0,87.0,152.0,-1,-2.444023,-2.444023,-0.36000000000000004,-0.10199999999999998,-1.9958106666666668,-1.0918664000000002,-0.7009377000000003,-0.6703208718010134,-1.7424439999999999,-0.9398464000000002,-0.5489184,-0.5486970885523128,-0.0733333333333332,-0.0699999999999999,-0.07900000000000007,-0.11589054966865553,-0.04999999999999993,-0.01519999999999988,-0.02069999999999994,-0.06320725764878554
20230128_Troyes_Lens,2023-01-28 16:00:00,2022,Troyes,Lens,1,1,0.937263,0.937263,0.27,0.628,2.0,0.0,43.0,0.838982,0.6327688,0.9922579,0.8633614279226103,0.838982,0.6327688,0.9922578999999999,0.8633614278187993,0.36333333333333345,0.422,0.42600000000000005,0.3336032650913592,0.786,0.7928000000000001,0.8004,0.8269800665182416,4.0,5.0,14.0,9.0,11.0,22.0,4.0,6.0,16.0,0.0,1.0,1.0,61.0,99.0,178.0,1,1,2.43445,2.43445,0.73,0.838,1.0,0.0,8.0,1.664423333333333,1.519472,1.6390045,1.6636445431104618,1.411058333333333,1.367453,1.410975,1.0555292523819653,0.5766666666666668,0.5860000000000001,0.5650000000000001,0.6578529007514233,0.844,0.849,0.8352,0.8631483888854461,6.0,8.0,15.0,3.0,4.0,6.0,5.0,9.0,23.0,0.0,0.0,0.0,46.0,62.0,136.0,0,-1.497187,-1.497187,-0.45999999999999996,-0.20999999999999996,-0.8254413333333329,-0.8867031999999999,-0.6467466,-0.8002831151878516,-0.5720763333333331,-0.7346842,-0.4187171000000002,-0.19216782456316595,-0.21333333333333332,-0.1640000000000001,-0.139,-0.32424963566006415,-0.05799999999999994,-0.05619999999999992,-0.03480000000000005,-0.036168322367204464
20230204_Troyes_Lyon,2023-02-04 18:00:00,2022,Troyes,Lyon,1,3,0.699933,0.699933,0.42,0.79,0.0,0.0,20.0,1.057734,0.9417318,1.0034187,1.1880565371169043,0.8043689999999999,0.7897128,0.9274091999999999,0.5799805371127519,0.3500000000000001,0.362,0.40800000000000003,0.4165441306036544,0.7653333333333333,0.7628,0.7906,0.7959592026607296,3.0,6.0,13.0,10.0,14.0,23.0,5.0,9.0,18.0,0.0,0.0,1.0,72.0,116.0,206.0,3,1,1.30711,1.30711,0.58,0.833,1.0,0.0,5.0,2.2648500000000005,1.6494174000000001,1.7198935000000002,2.248785773230943,2.011483333333334,1.4973973999999999,1.4918643,2.224229070920537,0.6533333333333333,0.632,0.596,0.7062328393104107,0.8126666666666668,0.8291999999999999,0.8252,0.8482451494986128,3.0,3.0,11.0,2.0,3.0,8.0,4.0,8.0,17.0,0.0,0.0,1.0,27.0,67.0,141.0,-1,-0.607177,-0.607177,-0.15999999999999998,-0.04299999999999993,-1.2071160000000005,-0.7076856000000001,-0.7164748000000001,-1.0607292361140388,-1.207114333333334,-0.7076845999999999,-0.5644551000000001,-1.6442485338077848,-0.30333333333333323,-0.27,-0.18799999999999994,-0.2896887087067563,-0.04733333333333345,-0.0663999999999999,-0.034600000000000075,-0.052285946837883235
20230219_Troyes_Montpellier,2023-02-19 14:00:00,2022,Troyes,Montpellier,0,1,0.0856634,0.0856634,0.51,0.7859999999999999,2.0,1.0,39.0,0.8413150000000001,0.8885394,0.8562732000000001,0.6151611414846762,0.5879499999999999,0.7365204000000001,0.7802637,0.5908381014845101,0.4466666666666667,0.388,0.422,0.4598617652241462,0.7863333333333333,0.7654,0.7775000000000001,0.7510383681064292,2.0,4.0,9.0,11.0,17.0,24.0,5.0,7.0,15.0,0.0,0.0,1.0,52.0,112.0,211.0,1,0,1.08483,1.08483,0.49,0.794,1.0,1.0,15.0,1.6109423333333337,1.3456334,1.3360360999999998,3.272670238317164,1.3575756666666672,1.1936134000000003,1.1080068,2.664551009944728,0.4833333333333334,0.46799999999999997,0.46399999999999997,0.47350467339155006,0.754,0.7407999999999999,0.7371000000000001,0.7372415789702287,4.0,6.0,12.0,5.0,8.0,18.0,3.0,7.0,18.0,0.0,2.0,2.0,30.0,82.0,172.0,-1,-0.9991665999999999,-0.9991665999999999,0.020000000000000018,-0.008000000000000118,-0.7696273333333336,-0.4570940000000001,-0.47976289999999977,-2.657509096832488,-0.7696256666666673,-0.4570930000000002,-0.32774310000000006,-2.0737129084602177,-0.03666666666666668,-0.07999999999999996,-0.04199999999999998,-0.013642908167403878,0.032333333333333325,0.024600000000000066,0.04039999999999999,0.013796789136200527
20230305_Troyes_Monaco,2023-03-05 12:00:00,2022,Troyes,Monaco,2,2,0.879409,0.879409,0.39,0.6990000000000001,0.0,0.0,35.0,0.6863251333333333,0.8026716800000001,0.76701654,1.161312589659387,0.6863251333333332,0.65065268,0.69100704,1.1603396680593805,0.48666666666666675,0.466,0.425,0.48399447060896583,0.7353333333333333,0.7647999999999999,0.7639,0.6990015347242572,1.0,3.0,8.0,7.0,14.0,24.0,6.0,9.0,15.0,2.0,2.0,2.0,80.0,112.0,238.0,2,2,2.81633,2.81633,0.61,0.782,1.0,0.0,7.0,2.03437,1.9093220000000002,1.935578,0.9430232871400819,2.0343700000000005,1.9093220000000002,1.783558,0.9429839938089977,0.5,0.48200000000000004,0.516,0.5483516025930746,0.826,0.8118000000000001,0.8000999999999999,0.8418608170673867,5.0,10.0,24.0,5.0,7.0,13.0,2.0,4.0,11.0,0.0,0.0,0.0,42.0,66.0,146.0,0,-1.936921,-1.936921,-0.21999999999999997,-0.08299999999999996,-1.3480448666666667,-1.10665032,-1.16856146,0.21828930251930512,-1.3480448666666671,-1.25866932,-1.09255096,0.21735567425038282,-0.013333333333333253,-0.016000000000000014,-0.09100000000000003,-0.06435713198410875,-0.09066666666666667,-0.04700000000000015,-0.0361999999999999,-0.1428592823431295
20230319_Troyes_Brest,2023-03-19 14:00:00,2022,Troyes,Brest,2,2,1.00182,1.00182,0.49,0.7879999999999999,1.0,0.0,24.0,0.9251516666666667,0.68613608,0.75114624,0.5809947435863755,0.9251516666666667,0.68613608,0.6751367399999999,0.5809558267223752,0.45,0.466,0.41200000000000003,0.46575977882435865,0.725,0.7404,0.7567999999999999,0.7774000613889703,3.0,3.0,7.0,6.0,11.0,26.0,4.0,8.0,15.0,1.0,2.0,2.0,62.0,121.0,225.0,2,2,1.16022,0.40013,0.51,0.799,1.0,0.0,17.0,0.5128383333333334,0.5549336,0.8396577000000001,0.7070253746832277,0.5128383333333332,0.5549336,0.8396577000000001,0.7070253696819309,0.3600000000000001,0.42400000000000004,0.377,0.38661374378763286,0.711,0.7416,0.7272000000000001,0.7667413586156372,3.0,4.0,10.0,4.0,9.0,11.0,4.0,7.0,13.0,1.0,1.0,1.0,87.0,130.0,252.0,0,-0.1584000000000001,0.60169,-0.020000000000000018,-0.01100000000000012,0.4123133333333333,0.13120248,-0.0885114600000001,-0.1260306310968522,0.41231333333333353,0.13120248,-0.16452096000000016,-0.12606954295955564,0.08999999999999991,0.04199999999999998,0.03500000000000003,0.07914603503672579,0.014000000000000012,-0.0012000000000000899,0.02959999999999985,0.01065870277333314
20230409_Troyes_Clermont Foot,2023-04-09 13:00:00,2022,Troyes,Clermont Foot,0,2,0.488321,0.488321,0.43,0.8029999999999999,3.0,0.0,21.0,0.8888186666666668,0.9899229999999999,0.8496486400000001,1.121402989743455,0.8888186666666665,0.9899229999999999,0.77363914,1.121401433068895,0.5300000000000001,0.492,0.458,0.5930303911529743,0.7856666666666666,0.7470000000000001,0.7508,0.7747760024555588,2.0,5.0,8.0,5.0,9.0,22.0,3.0,5.0,14.0,0.0,1.0,2.0,39.0,95.0,229.0,2,0,1.86113,1.86113,0.57,0.8320000000000001,2.0,0.0,4.0,1.8010233333333332,1.5597074,1.2206193,2.0002456676514084,1.2942943333333334,1.25567,1.0686006,0.7840960651208688,0.5266666666666667,0.526,0.4880000000000001,0.6254236236411298,0.789,0.7716,0.7742,0.8109185131026568,3.0,5.0,5.0,7.0,8.0,14.0,4.0,6.0,16.0,0.0,0.0,0.0,44.0,74.0,148.0,-1,-1.372809,-1.372809,-0.13999999999999996,-0.029000000000000137,-0.9122046666666664,-0.5697844000000001,-0.37097066,-0.8788426779079535,-0.4054756666666669,-0.2657470000000002,-0.2949614599999999,0.33730536794802624,0.0033333333333334103,-0.03400000000000003,-0.030000000000000082,-0.03239323248815551,-0.0033333333333334103,-0.024599999999999844,-0.023399999999999976,-0.03614251064709806
20230430_Troyes_Nice,2023-04-30 13:00:00,2022,Troyes,Nice,0,1,0.625019,0.625019,0.36,0.83,0.0,0.0,28.0,0.8727706666666667,0.9584944,0.82231524,1.4690120559179476,0.6194056666666666,0.8064753999999998,0.74630574,0.8609360434645511,0.3966666666666667,0.45999999999999996,0.4629999999999999,0.44090424312922377,0.7693333333333333,0.7736,0.757,0.7789342080196444,3.0,5.0,8.0,7.0,10.0,21.0,5.0,6.0,14.0,0.0,0.0,2.0,86.0,119.0,240.0,1,0,3.65344,3.65344,0.64,0.898,2.0,0.0,10.0,1.1338710000000003,1.1636726,1.2972678,1.3720893365817648,1.1338710000000003,1.1636726,1.2212581,1.372050419614561,0.49666666666666676,0.53,0.542,0.5440898369619869,0.8410000000000001,0.8459999999999999,0.8456999999999999,0.8335130561946044,1.0,3.0,12.0,5.0,7.0,10.0,5.0,6.0,10.0,0.0,0.0,0.0,30.0,47.0,128.0,-1,-3.028421,-3.028421,-0.28,-0.06800000000000006,-0.2611003333333336,-0.20517819999999998,-0.47495255999999997,0.0969227193361828,-0.5144653333333337,-0.3571972000000001,-0.47495235999999996,-0.51111437615001,-0.10000000000000003,-0.07000000000000006,-0.07900000000000013,-0.1031855938327631,-0.07166666666666677,-0.07239999999999991,-0.08869999999999989,-0.05457884817495995
20230507_Troyes_Paris Saint Germain,2023-05-07 18:45:00,2022,Troyes,Paris Saint Germain,1,3,0.615079,0.615079,0.4,0.878,1.0,0.0,15.0,0.9183366666666667,0.8831342,0.8278609400000001,0.7938176111835895,0.6649716666666666,0.7311152,0.75185144,0.6722024086929101,0.37333333333333335,0.434,0.45199999999999996,0.3761808486258447,0.7783333333333333,0.782,0.7659,0.8197868416039289,3.0,3.0,8.0,6.0,9.0,18.0,2.0,5.0,12.0,0.0,0.0,2.0,93.0,123.0,248.0,3,1,4.3052,4.3052,,,,,,1.6358133333333325,1.47609,1.8690229999999999,1.745083135884195,1.6358133333333331,1.47609,1.8690229999999999,1.7450831358833916,,,,,,,,,6.0,8.0,21.0,5.0,6.0,14.0,,,,,,,,,,-1,-3.690121,-3.690121,,,-0.7174766666666658,-0.5929557999999999,-1.0411620599999998,-0.9512655247006054,-0.9708416666666665,-0.7449747999999999,-1.1171715599999998,-1.0728807271904814,,,,,,,,
20230521_Troyes_Strasbourg,2023-05-21 13:00:00,2022,Troyes,Strasbourg,1,1,0.706571,0.706571,0.45,0.8240000000000001,1.0,1.0,17.0,0.5011206666666667,0.7266706,0.7667539,0.3407765444473435,0.5011206666666667,0.5746515999999999,0.6907444,0.3359119363477164,0.36666666666666675,0.372,0.42699999999999994,0.3510472339450338,0.8196666666666665,0.7928,0.7823,0.7740714736641572,1.0,4.0,8.0,8.0,13.0,22.0,2.0,4.0,10.0,0.0,0.0,0.0,63.0,128.0,223.0,1,1,2.30022,2.30022,0.55,0.825,1.0,1.0,10.0,1.7688233333333339,1.646354,1.6456533,1.713087034032919,1.2620953333333336,1.190299,1.3292677999999998,0.9824154696937187,0.43000000000000027,0.39,0.47111111111111115,0.41051010474109395,0.7655,0.7002499999999999,0.7295555555555555,0.7773869380453061,5.0,10.0,18.0,2.0,3.0,12.0,2.0,5.0,19.0,0.0,0.0,1.0,46.0,102.0,168.0,0,-1.593649,-1.593649,-0.10000000000000003,-0.0009999999999998899,-1.267702666666667,-0.9196834,-0.8788994,-1.3723104895855753,-0.7609746666666669,-0.6156474000000001,-0.6385233999999997,-0.6465035333460023,-0.06333333333333352,-0.018000000000000016,-0.04411111111111121,-0.05946287079606016,0.054166666666666585,0.09255000000000002,0.05274444444444448,-0.003315464381148936
20230603_Troyes_Lille,2023-06-03 17:00:00,2022,Troyes,Lille,1,1,0.241842,0.241842,0.34,0.735,0.0,0.0,24.0,0.401586,0.48897119999999994,0.7237328,0.31462082177789374,0.40158599999999983,0.48897119999999994,0.6477233,0.31442623745390863,0.3966666666666668,0.39,0.425,0.4060418893578014,0.7663333333333333,0.8013999999999999,0.7874999999999999,0.7420028589465664,2.0,3.0,8.0,7.0,11.0,21.0,3.0,4.0,10.0,1.0,1.0,1.0,59.0,102.0,221.0,1,1,1.69616,1.69616,0.66,0.847,4.0,0.0,9.0,1.7725100000000003,1.66072,1.8706489999999998,2.0821691442603862,1.0124126666666673,1.2046615999999999,1.5666098,0.7442048335291098,0.5666666666666667,0.616,0.624,0.6189717182249995,0.8063333333333333,0.8252,0.8427,0.8428130111141066,4.0,7.0,15.0,2.0,3.0,7.0,7.0,11.0,19.0,0.0,0.0,0.0,45.0,63.0,140.0,0,-1.4543179999999998,-1.4543179999999998,-0.32,-0.11199999999999999,-1.3709240000000003,-1.1717488,-1.1469161999999997,-1.7675483224824924,-0.6108266666666675,-0.7156904,-0.9188864999999999,-0.4297785960752012,-0.16999999999999987,-0.22599999999999998,-0.199,-0.21292982886719813,-0.040000000000000036,-0.023800000000000154,-0.05520000000000014,-0.10081015216754019
